Sept. 21, 2026   14:49:42
Cyclic Voltammetry
File: ss310_sheet_cv active 2.bin
Data Source:  Experiment
Instrument Model:  CHI660D
Header: 
Note: 

Init E (V) = 0.2
High E (V) = 0.8
Low E (V) = 0.2
Init P/N = P
Scan Rate (V/s) = 0.05
Segment = 100
Sample Interval (V) = 0.001
Quiet Time (sec) = 2
Sensitivity (A/V) = 0.01

Results:

Channel 1:
Segment 1:
Ep = 0.496V
ip = 8.911e-4A
Ah = 4.363e-4C

Segment 2:
Ep = 0.383V
ip = -2.730e-4A
Ah = -2.688e-4C

Segment 3:
Ep = 0.489V
ip = 8.372e-4A
Ah = 4.130e-4C

Segment 4:
Ep = 0.382V
ip = -2.954e-4A
Ah = -2.875e-4C

Segment 5:
Ep = 0.488V
ip = 8.764e-4A
Ah = 4.295e-4C

Segment 6:
Ep = 0.382V
ip = -3.166e-4A
Ah = -3.007e-4C

Segment 7:
Ep = 0.488V
ip = 9.219e-4A
Ah = 4.579e-4C

Segment 8:
Ep = 0.381V
ip = -3.367e-4A
Ah = -3.201e-4C

Segment 9:
Ep = 0.488V
ip = 9.684e-4A
Ah = 4.856e-4C

Segment 10:
Ep = 0.380V
ip = -3.593e-4A
Ah = -3.448e-4C

Segment 11:
Ep = 0.488V
ip = 1.017e-3A
Ah = 5.119e-4C

Segment 12:
Ep = 0.380V
ip = -3.829e-4A
Ah = -3.614e-4C

Segment 13:
Ep = 0.488V
ip = 1.065e-3A
Ah = 5.377e-4C

Segment 14:
Ep = 0.380V
ip = -4.071e-4A
Ah = -3.780e-4C

Segment 15:
Ep = 0.488V
ip = 1.113e-3A
Ah = 5.629e-4C

Segment 16:
Ep = 0.379V
ip = -4.314e-4A
Ah = -4.026e-4C

Segment 17:
Ep = 0.489V
ip = 1.158e-3A
Ah = 6.110e-4C

Segment 18:
Ep = 0.379V
ip = -4.575e-4A
Ah = -4.217e-4C

Segment 19:
Ep = 0.489V
ip = 1.207e-3A
Ah = 6.369e-4C

Segment 20:
Ep = 0.379V
ip = -4.841e-4A
Ah = -4.402e-4C

Segment 21:
Ep = 0.489V
ip = 1.254e-3A
Ah = 6.610e-4C

Segment 22:
Ep = 0.378V
ip = -5.112e-4A
Ah = -4.693e-4C

Segment 23:
Ep = 0.489V
ip = 1.301e-3A
Ah = 6.871e-4C

Segment 24:
Ep = 0.378V
ip = -5.396e-4A
Ah = -4.887e-4C

Segment 25:
Ep = 0.489V
ip = 1.346e-3A
Ah = 7.110e-4C

Segment 26:
Ep = 0.378V
ip = -5.681e-4A
Ah = -5.078e-4C

Segment 27:
Ep = 0.489V
ip = 1.393e-3A
Ah = 7.368e-4C

Segment 28:
Ep = 0.377V
ip = -5.955e-4A
Ah = -5.371e-4C

Segment 29:
Ep = 0.490V
ip = 1.440e-3A
Ah = 7.896e-4C

Segment 30:
Ep = 0.377V
ip = -6.250e-4A
Ah = -5.561e-4C

Segment 31:
Ep = 0.490V
ip = 1.486e-3A
Ah = 8.145e-4C

Segment 32:
Ep = 0.376V
ip = -6.528e-4A
Ah = -5.876e-4C

Segment 33:
Ep = 0.490V
ip = 1.531e-3A
Ah = 8.395e-4C

Segment 34:
Ep = 0.376V
ip = -6.830e-4A
Ah = -6.077e-4C

Segment 35:
Ep = 0.491V
ip = 1.574e-3A
Ah = 8.945e-4C

Segment 36:
Ep = 0.375V
ip = -7.134e-4A
Ah = -6.431e-4C

Segment 37:
Ep = 0.491V
ip = 1.618e-3A
Ah = 9.199e-4C

Segment 38:
Ep = 0.375V
ip = -7.438e-4A
Ah = -6.619e-4C

Segment 39:
Ep = 0.491V
ip = 1.660e-3A
Ah = 9.438e-4C

Segment 40:
Ep = 0.375V
ip = -7.750e-4A
Ah = -6.819e-4C

Segment 41:
Ep = 0.491V
ip = 1.703e-3A
Ah = 9.679e-4C

Segment 42:
Ep = 0.374V
ip = -8.044e-4A
Ah = -7.168e-4C

Segment 43:
Ep = 0.492V
ip = 1.744e-3A
Ah = 1.027e-3C

Segment 44:
Ep = 0.374V
ip = -8.351e-4A
Ah = -7.356e-4C

Segment 45:
Ep = 0.492V
ip = 1.787e-3A
Ah = 1.051e-3C

Segment 46:
Ep = 0.373V
ip = -8.653e-4A
Ah = -7.724e-4C

Segment 47:
Ep = 0.492V
ip = 1.827e-3A
Ah = 1.073e-3C

Segment 48:
Ep = 0.373V
ip = -8.957e-4A
Ah = -7.909e-4C

Segment 49:
Ep = 0.492V
ip = 1.866e-3A
Ah = 1.096e-3C

Segment 50:
Ep = 0.372V
ip = -9.251e-4A
Ah = -8.277e-4C

Segment 51:
Ep = 0.493V
ip = 1.907e-3A
Ah = 1.157e-3C

Segment 52:
Ep = 0.372V
ip = -9.561e-4A
Ah = -8.484e-4C

Segment 53:
Ep = 0.493V
ip = 1.946e-3A
Ah = 1.180e-3C

Segment 54:
Ep = 0.372V
ip = -9.859e-4A
Ah = -8.661e-4C

Segment 55:
Ep = 0.493V
ip = 1.984e-3A
Ah = 1.202e-3C

Segment 56:
Ep = 0.371V
ip = -1.014e-3A
Ah = -9.034e-4C

Segment 57:
Ep = 0.494V
ip = 2.021e-3A
Ah = 1.264e-3C

Segment 58:
Ep = 0.371V
ip = -1.043e-3A
Ah = -9.200e-4C

Segment 59:
Ep = 0.494V
ip = 2.058e-3A
Ah = 1.286e-3C

Segment 60:
Ep = 0.370V
ip = -1.071e-3A
Ah = -9.581e-4C

Segment 61:
Ep = 0.494V
ip = 2.094e-3A
Ah = 1.307e-3C

Segment 62:
Ep = 0.370V
ip = -1.100e-3A
Ah = -9.755e-4C

Segment 63:
Ep = 0.494V
ip = 2.128e-3A
Ah = 1.328e-3C

Segment 64:
Ep = 0.369V
ip = -1.128e-3A
Ah = -1.014e-3C

Segment 65:
Ep = 0.495V
ip = 2.164e-3A
Ah = 1.391e-3C

Segment 66:
Ep = 0.369V
ip = -1.157e-3A
Ah = -1.031e-3C

Segment 67:
Ep = 0.495V
ip = 2.198e-3A
Ah = 1.411e-3C

Segment 68:
Ep = 0.368V
ip = -1.182e-3A
Ah = -1.070e-3C

Segment 69:
Ep = 0.495V
ip = 2.231e-3A
Ah = 1.431e-3C

Segment 70:
Ep = 0.368V
ip = -1.210e-3A
Ah = -1.086e-3C

Segment 71:
Ep = 0.496V
ip = 2.264e-3A
Ah = 1.496e-3C

Segment 72:
Ep = 0.368V
ip = -1.237e-3A
Ah = -1.100e-3C

Segment 73:
Ep = 0.496V
ip = 2.296e-3A
Ah = 1.516e-3C

Segment 74:
Ep = 0.367V
ip = -1.263e-3A
Ah = -1.139e-3C

Segment 75:
Ep = 0.496V
ip = 2.329e-3A
Ah = 1.535e-3C

Segment 76:
Ep = 0.367V
ip = -1.289e-3A
Ah = -1.153e-3C

Segment 77:
Ep = 0.496V
ip = 2.359e-3A
Ah = 1.555e-3C

Segment 78:
Ep = 0.366V
ip = -1.314e-3A
Ah = -1.194e-3C

Segment 79:
Ep = 0.497V
ip = 2.389e-3A
Ah = 1.619e-3C

Segment 80:
Ep = 0.366V
ip = -1.339e-3A
Ah = -1.208e-3C

Segment 81:
Ep = 0.497V
ip = 2.420e-3A
Ah = 1.638e-3C

Segment 82:
Ep = 0.366V
ip = -1.365e-3A
Ah = -1.223e-3C

Segment 83:
Ep = 0.497V
ip = 2.449e-3A
Ah = 1.657e-3C

Segment 84:
Ep = 0.365V
ip = -1.389e-3A
Ah = -1.264e-3C

Segment 85:
Ep = 0.497V
ip = 2.477e-3A
Ah = 1.674e-3C

Segment 86:
Ep = 0.365V
ip = -1.414e-3A
Ah = -1.277e-3C

Segment 87:
Ep = 0.498V
ip = 2.506e-3A
Ah = 1.741e-3C

Segment 88:
Ep = 0.364V
ip = -1.435e-3A
Ah = -1.313e-3C

Segment 89:
Ep = 0.498V
ip = 2.534e-3A
Ah = 1.758e-3C

Segment 90:
Ep = 0.364V
ip = -1.459e-3A
Ah = -1.325e-3C

Segment 91:
Ep = 0.498V
ip = 2.561e-3A
Ah = 1.775e-3C

Segment 92:
Ep = 0.364V
ip = -1.483e-3A
Ah = -1.340e-3C

Segment 93:
Ep = 0.498V
ip = 2.587e-3A
Ah = 1.791e-3C

Segment 94:
Ep = 0.364V
ip = -1.507e-3A
Ah = -1.351e-3C

Segment 95:
Ep = 0.499V
ip = 2.614e-3A
Ah = 1.860e-3C

Segment 96:
Ep = 0.363V
ip = -1.528e-3A
Ah = -1.395e-3C

Segment 97:
Ep = 0.499V
ip = 2.640e-3A
Ah = 1.876e-3C

Segment 98:
Ep = 0.363V
ip = -1.552e-3A
Ah = -1.408e-3C

Segment 99:
Ep = 0.499V
ip = 2.666e-3A
Ah = 1.891e-3C

Segment 100:
Ep = 0.363V
ip = -1.575e-3A
Ah = -1.420e-3C

Potential/V, Current/A

0.200, 3.144e-6
0.201, 3.857e-6
0.202, 4.101e-6
0.203, 4.169e-6
0.204, 4.277e-6
0.205, 4.325e-6
0.206, 4.462e-6
0.207, 4.491e-6
0.208, 4.657e-6
0.209, 4.735e-6
0.210, 4.726e-6
0.211, 4.774e-6
0.212, 4.833e-6
0.213, 4.882e-6
0.214, 5.009e-6
0.215, 5.019e-6
0.216, 5.048e-6
0.217, 5.165e-6
0.218, 5.204e-6
0.219, 5.263e-6
0.220, 5.360e-6
0.221, 5.419e-6
0.222, 5.526e-6
0.223, 5.585e-6
0.224, 5.624e-6
0.225, 5.673e-6
0.226, 5.683e-6
0.227, 5.761e-6
0.228, 5.839e-6
0.229, 5.888e-6
0.230, 5.936e-6
0.231, 6.034e-6
0.232, 6.034e-6
0.233, 6.034e-6
0.234, 6.210e-6
0.235, 6.288e-6
0.236, 6.356e-6
0.237, 6.415e-6
0.238, 6.415e-6
0.239, 6.512e-6
0.240, 6.561e-6
0.241, 6.649e-6
0.242, 6.708e-6
0.243, 6.776e-6
0.244, 6.864e-6
0.245, 6.971e-6
0.246, 7.001e-6
0.247, 7.020e-6
0.248, 7.049e-6
0.249, 7.245e-6
0.250, 7.254e-6
0.251, 7.342e-6
0.252, 7.440e-6
0.253, 7.567e-6
0.254, 7.616e-6
0.255, 7.655e-6
0.256, 7.733e-6
0.257, 7.840e-6
0.258, 7.977e-6
0.259, 8.016e-6
0.260, 8.094e-6
0.261, 8.221e-6
0.262, 8.250e-6
0.263, 8.407e-6
0.264, 8.465e-6
0.265, 8.514e-6
0.266, 8.573e-6
0.267, 8.739e-6
0.268, 8.885e-6
0.269, 8.924e-6
0.270, 9.061e-6
0.271, 9.197e-6
0.272, 9.227e-6
0.273, 9.354e-6
0.274, 9.481e-6
0.275, 9.529e-6
0.276, 9.744e-6
0.277, 9.803e-6
0.278, 9.891e-6
0.279, 1.002e-5
0.280, 1.014e-5
0.281, 1.021e-5
0.282, 1.041e-5
0.283, 1.048e-5
0.284, 1.067e-5
0.285, 1.072e-5
0.286, 1.088e-5
0.287, 1.094e-5
0.288, 1.111e-5
0.289, 1.128e-5
0.290, 1.137e-5
0.291, 1.153e-5
0.292, 1.158e-5
0.293, 1.176e-5
0.294, 1.188e-5
0.295, 1.206e-5
0.296, 1.222e-5
0.297, 1.230e-5
0.298, 1.242e-5
0.299, 1.251e-5
0.300, 1.276e-5
0.301, 1.291e-5
0.302, 1.302e-5
0.303, 1.317e-5
0.304, 1.333e-5
0.305, 1.347e-5
0.306, 1.365e-5
0.307, 1.387e-5
0.308, 1.401e-5
0.309, 1.411e-5
0.310, 1.426e-5
0.311, 1.443e-5
0.312, 1.468e-5
0.313, 1.478e-5
0.314, 1.502e-5
0.315, 1.525e-5
0.316, 1.539e-5
0.317, 1.547e-5
0.318, 1.573e-5
0.319, 1.591e-5
0.320, 1.611e-5
0.321, 1.631e-5
0.322, 1.647e-5
0.323, 1.671e-5
0.324, 1.689e-5
0.325, 1.718e-5
0.326, 1.725e-5
0.327, 1.754e-5
0.328, 1.774e-5
0.329, 1.800e-5
0.330, 1.813e-5
0.331, 1.840e-5
0.332, 1.859e-5
0.333, 1.882e-5
0.334, 1.916e-5
0.335, 1.935e-5
0.336, 1.958e-5
0.337, 1.984e-5
0.338, 2.011e-5
0.339, 2.035e-5
0.340, 2.057e-5
0.341, 2.085e-5
0.342, 2.104e-5
0.343, 2.136e-5
0.344, 2.167e-5
0.345, 2.200e-5
0.346, 2.219e-5
0.347, 2.254e-5
0.348, 2.284e-5
0.349, 2.311e-5
0.350, 2.337e-5
0.351, 2.361e-5
0.352, 2.387e-5
0.353, 2.424e-5
0.354, 2.457e-5
0.355, 2.481e-5
0.356, 2.511e-5
0.357, 2.550e-5
0.358, 2.575e-5
0.359, 2.605e-5
0.360, 2.633e-5
0.361, 2.667e-5
0.362, 2.691e-5
0.363, 2.730e-5
0.364, 2.767e-5
0.365, 2.790e-5
0.366, 2.814e-5
0.367, 2.851e-5
0.368, 2.886e-5
0.369, 2.923e-5
0.370, 2.948e-5
0.371, 2.971e-5
0.372, 3.006e-5
0.373, 3.039e-5
0.374, 3.073e-5
0.375, 3.107e-5
0.376, 3.140e-5
0.377, 3.171e-5
0.378, 3.207e-5
0.379, 3.242e-5
0.380, 3.279e-5
0.381, 3.310e-5
0.382, 3.353e-5
0.383, 3.394e-5
0.384, 3.426e-5
0.385, 3.465e-5
0.386, 3.498e-5
0.387, 3.537e-5
0.388, 3.585e-5
0.389, 3.607e-5
0.390, 3.648e-5
0.391, 3.693e-5
0.392, 3.716e-5
0.393, 3.765e-5
0.394, 3.793e-5
0.395, 3.829e-5
0.396, 3.865e-5
0.397, 3.898e-5
0.398, 3.940e-5
0.399, 3.974e-5
0.400, 4.014e-5
0.401, 4.057e-5
0.402, 4.094e-5
0.403, 4.132e-5
0.404, 4.173e-5
0.405, 4.208e-5
0.406, 4.253e-5
0.407, 4.299e-5
0.408, 4.343e-5
0.409, 4.386e-5
0.410, 4.337e-5
0.411, 4.437e-5
0.412, 4.496e-5
0.413, 4.553e-5
0.414, 4.607e-5
0.415, 4.661e-5
0.416, 4.719e-5
0.417, 4.778e-5
0.418, 4.829e-5
0.419, 4.887e-5
0.420, 4.941e-5
0.421, 5.001e-5
0.422, 5.060e-5
0.423, 5.119e-5
0.424, 5.187e-5
0.425, 5.258e-5
0.426, 5.320e-5
0.427, 5.392e-5
0.428, 5.468e-5
0.429, 5.541e-5
0.430, 5.636e-5
0.431, 5.731e-5
0.432, 5.813e-5
0.433, 5.925e-5
0.434, 6.026e-5
0.435, 6.129e-5
0.436, 6.253e-5
0.437, 6.352e-5
0.438, 6.477e-5
0.439, 6.602e-5
0.440, 6.735e-5
0.441, 6.900e-5
0.442, 7.081e-5
0.443, 7.254e-5
0.444, 7.455e-5
0.445, 7.645e-5
0.446, 7.861e-5
0.447, 8.089e-5
0.448, 8.371e-5
0.449, 8.685e-5
0.450, 8.991e-5
0.451, 9.338e-5
0.452, 9.740e-5
0.453, 1.016e-4
0.454, 1.064e-4
0.455, 1.118e-4
0.456, 1.173e-4
0.457, 1.236e-4
0.458, 1.300e-4
0.459, 1.380e-4
0.460, 1.462e-4
0.461, 1.553e-4
0.462, 1.655e-4
0.463, 1.759e-4
0.464, 1.881e-4
0.465, 2.009e-4
0.466, 2.151e-4
0.467, 2.303e-4
0.468, 2.470e-4
0.469, 2.652e-4
0.470, 2.848e-4
0.471, 3.057e-4
0.472, 3.280e-4
0.473, 3.518e-4
0.474, 3.763e-4
0.475, 4.028e-4
0.476, 4.304e-4
0.477, 4.588e-4
0.478, 4.883e-4
0.479, 5.187e-4
0.480, 5.498e-4
0.481, 5.813e-4
0.482, 6.130e-4
0.483, 6.452e-4
0.484, 6.769e-4
0.485, 7.081e-4
0.486, 7.390e-4
0.487, 7.685e-4
0.488, 7.963e-4
0.489, 8.217e-4
0.490, 8.453e-4
0.491, 8.655e-4
0.492, 8.831e-4
0.493, 8.969e-4
0.494, 9.074e-4
0.495, 9.139e-4
0.496, 9.167e-4
0.497, 9.156e-4
0.498, 9.104e-4
0.499, 9.026e-4
0.500, 8.912e-4
0.501, 8.774e-4
0.502, 8.621e-4
0.503, 8.451e-4
0.504, 8.268e-4
0.505, 8.077e-4
0.506, 7.878e-4
0.507, 7.673e-4
0.508, 7.473e-4
0.509, 7.271e-4
0.510, 7.077e-4
0.511, 6.888e-4
0.512, 6.718e-4
0.513, 6.556e-4
0.514, 6.383e-4
0.515, 6.221e-4
0.516, 6.068e-4
0.517, 5.923e-4
0.518, 5.791e-4
0.519, 5.656e-4
0.520, 5.535e-4
0.521, 5.415e-4
0.522, 5.302e-4
0.523, 5.196e-4
0.524, 5.099e-4
0.525, 4.997e-4
0.526, 4.908e-4
0.527, 4.821e-4
0.528, 4.735e-4
0.529, 4.657e-4
0.530, 4.576e-4
0.531, 4.505e-4
0.532, 4.431e-4
0.533, 4.360e-4
0.534, 4.291e-4
0.535, 4.220e-4
0.536, 4.154e-4
0.537, 4.088e-4
0.538, 4.027e-4
0.539, 3.964e-4
0.540, 3.902e-4
0.541, 3.838e-4
0.542, 3.776e-4
0.543, 3.718e-4
0.544, 3.664e-4
0.545, 3.605e-4
0.546, 3.549e-4
0.547, 3.492e-4
0.548, 3.439e-4
0.549, 3.386e-4
0.550, 3.333e-4
0.551, 3.275e-4
0.552, 3.227e-4
0.553, 3.183e-4
0.554, 3.135e-4
0.555, 3.091e-4
0.556, 3.045e-4
0.557, 3.001e-4
0.558, 2.962e-4
0.559, 2.921e-4
0.560, 2.880e-4
0.561, 2.843e-4
0.562, 2.804e-4
0.563, 2.769e-4
0.564, 2.738e-4
0.565, 2.705e-4
0.566, 2.675e-4
0.567, 2.643e-4
0.568, 2.615e-4
0.569, 2.591e-4
0.570, 2.567e-4
0.571, 2.542e-4
0.572, 2.513e-4
0.573, 2.491e-4
0.574, 2.472e-4
0.575, 2.457e-4
0.576, 2.439e-4
0.577, 2.424e-4
0.578, 2.411e-4
0.579, 2.399e-4
0.580, 2.389e-4
0.581, 2.379e-4
0.582, 2.373e-4
0.583, 2.366e-4
0.584, 2.360e-4
0.585, 2.358e-4
0.586, 2.355e-4
0.587, 2.356e-4
0.588, 2.356e-4
0.589, 2.363e-4
0.590, 2.365e-4
0.591, 2.370e-4
0.592, 2.377e-4
0.593, 2.389e-4
0.594, 2.397e-4
0.595, 2.412e-4
0.596, 2.428e-4
0.597, 2.442e-4
0.598, 2.459e-4
0.599, 2.476e-4
0.600, 2.499e-4
0.601, 2.525e-4
0.602, 2.548e-4
0.603, 2.580e-4
0.604, 2.613e-4
0.605, 2.645e-4
0.606, 2.683e-4
0.607, 2.715e-4
0.608, 2.754e-4
0.609, 2.800e-4
0.610, 2.847e-4
0.611, 2.895e-4
0.612, 2.944e-4
0.613, 2.994e-4
0.614, 3.052e-4
0.615, 3.100e-4
0.616, 3.165e-4
0.617, 3.228e-4
0.618, 3.294e-4
0.619, 3.367e-4
0.620, 3.443e-4
0.621, 3.518e-4
0.622, 3.600e-4
0.623, 3.679e-4
0.624, 3.764e-4
0.625, 3.856e-4
0.626, 3.951e-4
0.627, 4.046e-4
0.628, 4.144e-4
0.629, 4.247e-4
0.630, 4.357e-4
0.631, 4.465e-4
0.632, 4.581e-4
0.633, 4.697e-4
0.634, 4.820e-4
0.635, 4.946e-4
0.636, 5.077e-4
0.637, 5.206e-4
0.638, 5.346e-4
0.639, 5.488e-4
0.640, 5.635e-4
0.641, 5.788e-4
0.642, 5.936e-4
0.643, 6.092e-4
0.644, 6.252e-4
0.645, 6.418e-4
0.646, 6.590e-4
0.647, 6.763e-4
0.648, 6.942e-4
0.649, 7.125e-4
0.650, 7.310e-4
0.651, 7.503e-4
0.652, 7.697e-4
0.653, 7.895e-4
0.654, 8.098e-4
0.655, 8.308e-4
0.656, 8.520e-4
0.657, 8.736e-4
0.658, 8.956e-4
0.659, 9.180e-4
0.660, 9.410e-4
0.661, 9.640e-4
0.662, 9.877e-4
0.663, 1.011e-3
0.664, 1.036e-3
0.665, 1.061e-3
0.666, 1.086e-3
0.667, 1.112e-3
0.668, 1.138e-3
0.669, 1.164e-3
0.670, 1.191e-3
0.671, 1.218e-3
0.672, 1.246e-3
0.673, 1.274e-3
0.674, 1.302e-3
0.675, 1.331e-3
0.676, 1.360e-3
0.677, 1.390e-3
0.678, 1.420e-3
0.679, 1.449e-3
0.680, 1.480e-3
0.681, 1.511e-3
0.682, 1.542e-3
0.683, 1.574e-3
0.684, 1.606e-3
0.685, 1.638e-3
0.686, 1.671e-3
0.687, 1.704e-3
0.688, 1.738e-3
0.689, 1.771e-3
0.690, 1.805e-3
0.691, 1.840e-3
0.692, 1.875e-3
0.693, 1.910e-3
0.694, 1.945e-3
0.695, 1.981e-3
0.696, 2.017e-3
0.697, 2.053e-3
0.698, 2.090e-3
0.699, 2.126e-3
0.700, 2.163e-3
0.701, 2.200e-3
0.702, 2.238e-3
0.703, 2.276e-3
0.704, 2.314e-3
0.705, 2.352e-3
0.706, 2.391e-3
0.707, 2.430e-3
0.708, 2.469e-3
0.709, 2.509e-3
0.710, 2.549e-3
0.711, 2.589e-3
0.712, 2.629e-3
0.713, 2.669e-3
0.714, 2.710e-3
0.715, 2.750e-3
0.716, 2.792e-3
0.717, 2.835e-3
0.718, 2.877e-3
0.719, 2.919e-3
0.720, 2.961e-3
0.721, 3.003e-3
0.722, 3.046e-3
0.723, 3.089e-3
0.724, 3.132e-3
0.725, 3.175e-3
0.726, 3.219e-3
0.727, 3.262e-3
0.728, 3.306e-3
0.729, 3.350e-3
0.730, 3.394e-3
0.731, 3.438e-3
0.732, 3.483e-3
0.733, 3.528e-3
0.734, 3.573e-3
0.735, 3.618e-3
0.736, 3.663e-3
0.737, 3.709e-3
0.738, 3.755e-3
0.739, 3.800e-3
0.740, 3.846e-3
0.741, 3.893e-3
0.742, 3.940e-3
0.743, 3.987e-3
0.744, 4.033e-3
0.745, 4.080e-3
0.746, 4.127e-3
0.747, 4.174e-3
0.748, 4.221e-3
0.749, 4.269e-3
0.750, 4.316e-3
0.751, 4.364e-3
0.752, 4.412e-3
0.753, 4.460e-3
0.754, 4.508e-3
0.755, 4.556e-3
0.756, 4.604e-3
0.757, 4.653e-3
0.758, 4.702e-3
0.759, 4.751e-3
0.760, 4.800e-3
0.761, 4.849e-3
0.762, 4.899e-3
0.763, 4.948e-3
0.764, 4.998e-3
0.765, 5.047e-3
0.766, 5.098e-3
0.767, 5.148e-3
0.768, 5.198e-3
0.769, 5.248e-3
0.770, 5.298e-3
0.771, 5.349e-3
0.772, 5.399e-3
0.773, 5.450e-3
0.774, 5.501e-3
0.775, 5.552e-3
0.776, 5.603e-3
0.777, 5.654e-3
0.778, 5.705e-3
0.779, 5.757e-3
0.780, 5.809e-3
0.781, 5.859e-3
0.782, 5.911e-3
0.783, 5.962e-3
0.784, 6.014e-3
0.785, 6.066e-3
0.786, 6.118e-3
0.787, 6.170e-3
0.788, 6.223e-3
0.789, 6.275e-3
0.790, 6.328e-3
0.791, 6.380e-3
0.792, 6.433e-3
0.793, 6.485e-3
0.794, 6.538e-3
0.795, 6.591e-3
0.796, 6.645e-3
0.797, 6.698e-3
0.798, 6.751e-3
0.799, 6.804e-3
0.800, 6.840e-3
0.799, 6.801e-3
0.798, 6.746e-3
0.797, 6.691e-3
0.796, 6.636e-3
0.795, 6.581e-3
0.794, 6.526e-3
0.793, 6.472e-3
0.792, 6.417e-3
0.791, 6.363e-3
0.790, 6.309e-3
0.789, 6.255e-3
0.788, 6.201e-3
0.787, 6.147e-3
0.786, 6.092e-3
0.785, 6.039e-3
0.784, 5.986e-3
0.783, 5.932e-3
0.782, 5.879e-3
0.781, 5.826e-3
0.780, 5.774e-3
0.779, 5.721e-3
0.778, 5.668e-3
0.777, 5.616e-3
0.776, 5.563e-3
0.775, 5.510e-3
0.774, 5.458e-3
0.773, 5.406e-3
0.772, 5.354e-3
0.771, 5.302e-3
0.770, 5.251e-3
0.769, 5.199e-3
0.768, 5.148e-3
0.767, 5.096e-3
0.766, 5.045e-3
0.765, 4.994e-3
0.764, 4.943e-3
0.763, 4.893e-3
0.762, 4.842e-3
0.761, 4.792e-3
0.760, 4.742e-3
0.759, 4.692e-3
0.758, 4.642e-3
0.757, 4.592e-3
0.756, 4.543e-3
0.755, 4.494e-3
0.754, 4.445e-3
0.753, 4.396e-3
0.752, 4.348e-3
0.751, 4.299e-3
0.750, 4.251e-3
0.749, 4.203e-3
0.748, 4.155e-3
0.747, 4.107e-3
0.746, 4.060e-3
0.745, 4.012e-3
0.744, 3.965e-3
0.743, 3.917e-3
0.742, 3.870e-3
0.741, 3.823e-3
0.740, 3.777e-3
0.739, 3.731e-3
0.738, 3.684e-3
0.737, 3.639e-3
0.736, 3.593e-3
0.735, 3.547e-3
0.734, 3.501e-3
0.733, 3.456e-3
0.732, 3.411e-3
0.731, 3.366e-3
0.730, 3.323e-3
0.729, 3.279e-3
0.728, 3.235e-3
0.727, 3.191e-3
0.726, 3.147e-3
0.725, 3.103e-3
0.724, 3.060e-3
0.723, 3.017e-3
0.722, 2.974e-3
0.721, 2.932e-3
0.720, 2.890e-3
0.719, 2.847e-3
0.718, 2.806e-3
0.717, 2.763e-3
0.716, 2.721e-3
0.715, 2.680e-3
0.714, 2.639e-3
0.713, 2.598e-3
0.712, 2.558e-3
0.711, 2.518e-3
0.710, 2.478e-3
0.709, 2.438e-3
0.708, 2.399e-3
0.707, 2.360e-3
0.706, 2.321e-3
0.705, 2.283e-3
0.704, 2.244e-3
0.703, 2.207e-3
0.702, 2.169e-3
0.701, 2.132e-3
0.700, 2.095e-3
0.699, 2.058e-3
0.698, 2.021e-3
0.697, 1.984e-3
0.696, 1.948e-3
0.695, 1.912e-3
0.694, 1.877e-3
0.693, 1.841e-3
0.692, 1.806e-3
0.691, 1.772e-3
0.690, 1.738e-3
0.689, 1.704e-3
0.688, 1.670e-3
0.687, 1.637e-3
0.686, 1.604e-3
0.685, 1.571e-3
0.684, 1.538e-3
0.683, 1.506e-3
0.682, 1.474e-3
0.681, 1.443e-3
0.680, 1.412e-3
0.679, 1.381e-3
0.678, 1.351e-3
0.677, 1.321e-3
0.676, 1.291e-3
0.675, 1.262e-3
0.674, 1.233e-3
0.673, 1.204e-3
0.672, 1.176e-3
0.671, 1.148e-3
0.670, 1.120e-3
0.669, 1.093e-3
0.668, 1.066e-3
0.667, 1.039e-3
0.666, 1.012e-3
0.665, 9.867e-4
0.664, 9.610e-4
0.663, 9.357e-4
0.662, 9.109e-4
0.661, 8.862e-4
0.660, 8.621e-4
0.659, 8.383e-4
0.658, 8.145e-4
0.657, 7.913e-4
0.656, 7.686e-4
0.655, 7.461e-4
0.654, 7.243e-4
0.653, 7.029e-4
0.652, 6.814e-4
0.651, 6.605e-4
0.650, 6.401e-4
0.649, 6.198e-4
0.648, 6.002e-4
0.647, 5.809e-4
0.646, 5.617e-4
0.645, 5.431e-4
0.644, 5.245e-4
0.643, 5.069e-4
0.642, 4.891e-4
0.641, 4.716e-4
0.640, 4.548e-4
0.639, 4.381e-4
0.638, 4.218e-4
0.637, 4.060e-4
0.636, 3.906e-4
0.635, 3.753e-4
0.634, 3.604e-4
0.633, 3.460e-4
0.632, 3.317e-4
0.631, 3.179e-4
0.630, 3.047e-4
0.629, 2.916e-4
0.628, 2.788e-4
0.627, 2.670e-4
0.626, 2.542e-4
0.625, 2.428e-4
0.624, 2.314e-4
0.623, 2.202e-4
0.622, 2.096e-4
0.621, 1.990e-4
0.620, 1.889e-4
0.619, 1.788e-4
0.618, 1.692e-4
0.617, 1.602e-4
0.616, 1.510e-4
0.615, 1.421e-4
0.614, 1.347e-4
0.613, 1.258e-4
0.612, 1.178e-4
0.611, 1.103e-4
0.610, 1.025e-4
0.609, 9.526e-5
0.608, 8.851e-5
0.607, 8.143e-5
0.606, 7.528e-5
0.605, 6.900e-5
0.604, 6.296e-5
0.603, 5.695e-5
0.602, 5.151e-5
0.601, 4.620e-5
0.600, 4.081e-5
0.599, 3.573e-5
0.598, 3.110e-5
0.597, 2.646e-5
0.596, 2.193e-5
0.595, 1.758e-5
0.594, 1.341e-5
0.593, 9.041e-6
0.592, 5.243e-6
0.591, 1.601e-6
0.590, -2.158e-6
0.589, -5.731e-6
0.588, -9.158e-6
0.587, -1.204e-5
0.586, -1.555e-5
0.585, -1.828e-5
0.584, -2.099e-5
0.583, -2.353e-5
0.582, -2.605e-5
0.581, -2.853e-5
0.580, -3.116e-5
0.579, -3.315e-5
0.578, -3.546e-5
0.577, -3.771e-5
0.576, -3.973e-5
0.575, -4.177e-5
0.574, -4.381e-5
0.573, -4.565e-5
0.572, -4.731e-5
0.571, -4.898e-5
0.570, -5.076e-5
0.569, -5.251e-5
0.568, -5.416e-5
0.567, -5.571e-5
0.566, -5.677e-5
0.565, -5.853e-5
0.564, -6.011e-5
0.563, -6.159e-5
0.562, -6.303e-5
0.561, -6.418e-5
0.560, -6.536e-5
0.559, -6.656e-5
0.558, -6.758e-5
0.557, -6.854e-5
0.556, -6.979e-5
0.555, -7.068e-5
0.554, -7.172e-5
0.553, -7.263e-5
0.552, -7.380e-5
0.551, -7.477e-5
0.550, -7.535e-5
0.549, -7.659e-5
0.548, -7.781e-5
0.547, -7.859e-5
0.546, -7.971e-5
0.545, -8.055e-5
0.544, -8.135e-5
0.543, -8.219e-5
0.542, -8.322e-5
0.541, -8.406e-5
0.540, -8.473e-5
0.539, -8.577e-5
0.538, -8.697e-5
0.537, -8.800e-5
0.536, -8.856e-5
0.535, -8.961e-5
0.534, -9.023e-5
0.533, -9.124e-5
0.532, -9.218e-5
0.531, -9.286e-5
0.530, -9.376e-5
0.529, -9.422e-5
0.528, -9.510e-5
0.527, -9.597e-5
0.526, -9.678e-5
0.525, -9.743e-5
0.524, -9.811e-5
0.523, -9.898e-5
0.522, -1.002e-4
0.521, -1.010e-4
0.520, -1.019e-4
0.519, -1.028e-4
0.518, -1.036e-4
0.517, -1.045e-4
0.516, -1.057e-4
0.515, -1.064e-4
0.514, -1.073e-4
0.513, -1.082e-4
0.512, -1.107e-4
0.511, -1.117e-4
0.510, -1.118e-4
0.509, -1.127e-4
0.508, -1.136e-4
0.507, -1.145e-4
0.506, -1.157e-4
0.505, -1.167e-4
0.504, -1.176e-4
0.503, -1.184e-4
0.502, -1.191e-4
0.501, -1.201e-4
0.500, -1.211e-4
0.499, -1.220e-4
0.498, -1.234e-4
0.497, -1.247e-4
0.496, -1.258e-4
0.495, -1.270e-4
0.494, -1.282e-4
0.493, -1.295e-4
0.492, -1.308e-4
0.491, -1.319e-4
0.490, -1.334e-4
0.489, -1.344e-4
0.488, -1.361e-4
0.487, -1.377e-4
0.486, -1.394e-4
0.485, -1.410e-4
0.484, -1.423e-4
0.483, -1.435e-4
0.482, -1.449e-4
0.481, -1.468e-4
0.480, -1.484e-4
0.479, -1.502e-4
0.478, -1.517e-4
0.477, -1.535e-4
0.476, -1.553e-4
0.475, -1.571e-4
0.474, -1.588e-4
0.473, -1.605e-4
0.472, -1.629e-4
0.471, -1.652e-4
0.470, -1.671e-4
0.469, -1.692e-4
0.468, -1.714e-4
0.467, -1.735e-4
0.466, -1.761e-4
0.465, -1.785e-4
0.464, -1.808e-4
0.463, -1.836e-4
0.462, -1.860e-4
0.461, -1.891e-4
0.460, -1.920e-4
0.459, -1.945e-4
0.458, -1.973e-4
0.457, -2.002e-4
0.456, -2.035e-4
0.455, -2.068e-4
0.454, -2.104e-4
0.453, -2.140e-4
0.452, -2.172e-4
0.451, -2.205e-4
0.450, -2.244e-4
0.449, -2.280e-4
0.448, -2.314e-4
0.447, -2.358e-4
0.446, -2.397e-4
0.445, -2.439e-4
0.444, -2.481e-4
0.443, -2.523e-4
0.442, -2.569e-4
0.441, -2.618e-4
0.440, -2.662e-4
0.439, -2.709e-4
0.438, -2.752e-4
0.437, -2.804e-4
0.436, -2.853e-4
0.435, -2.905e-4
0.434, -2.957e-4
0.433, -3.003e-4
0.432, -3.053e-4
0.431, -3.107e-4
0.430, -3.151e-4
0.429, -3.205e-4
0.428, -3.260e-4
0.427, -3.310e-4
0.426, -3.362e-4
0.425, -3.411e-4
0.424, -3.465e-4
0.423, -3.517e-4
0.422, -3.564e-4
0.421, -3.616e-4
0.420, -3.666e-4
0.419, -3.715e-4
0.418, -3.764e-4
0.417, -3.816e-4
0.416, -3.868e-4
0.415, -3.915e-4
0.414, -3.955e-4
0.413, -3.999e-4
0.412, -4.048e-4
0.411, -4.095e-4
0.410, -4.118e-4
0.409, -4.101e-4
0.408, -4.160e-4
0.407, -4.214e-4
0.406, -4.260e-4
0.405, -4.313e-4
0.404, -4.355e-4
0.403, -4.397e-4
0.402, -4.443e-4
0.401, -4.487e-4
0.400, -4.527e-4
0.399, -4.569e-4
0.398, -4.606e-4
0.397, -4.640e-4
0.396, -4.676e-4
0.395, -4.712e-4
0.394, -4.744e-4
0.393, -4.773e-4
0.392, -4.803e-4
0.391, -4.832e-4
0.390, -4.853e-4
0.389, -4.876e-4
0.388, -4.892e-4
0.387, -4.906e-4
0.386, -4.920e-4
0.385, -4.929e-4
0.384, -4.937e-4
0.383, -4.939e-4
0.382, -4.933e-4
0.381, -4.923e-4
0.380, -4.908e-4
0.379, -4.888e-4
0.378, -4.866e-4
0.377, -4.840e-4
0.376, -4.805e-4
0.375, -4.767e-4
0.374, -4.721e-4
0.373, -4.673e-4
0.372, -4.617e-4
0.371, -4.557e-4
0.370, -4.487e-4
0.369, -4.421e-4
0.368, -4.347e-4
0.367, -4.270e-4
0.366, -4.190e-4
0.365, -4.108e-4
0.364, -4.018e-4
0.363, -3.933e-4
0.362, -3.846e-4
0.361, -3.747e-4
0.360, -3.651e-4
0.359, -3.556e-4
0.358, -3.457e-4
0.357, -3.357e-4
0.356, -3.257e-4
0.355, -3.158e-4
0.354, -3.063e-4
0.353, -2.966e-4
0.352, -2.870e-4
0.351, -2.774e-4
0.350, -2.683e-4
0.349, -2.593e-4
0.348, -2.503e-4
0.347, -2.417e-4
0.346, -2.331e-4
0.345, -2.248e-4
0.344, -2.171e-4
0.343, -2.093e-4
0.342, -2.015e-4
0.341, -1.945e-4
0.340, -1.878e-4
0.339, -1.810e-4
0.338, -1.748e-4
0.337, -1.688e-4
0.336, -1.629e-4
0.335, -1.570e-4
0.334, -1.515e-4
0.333, -1.463e-4
0.332, -1.415e-4
0.331, -1.365e-4
0.330, -1.317e-4
0.329, -1.274e-4
0.328, -1.229e-4
0.327, -1.192e-4
0.326, -1.157e-4
0.325, -1.118e-4
0.324, -1.079e-4
0.323, -1.045e-4
0.322, -1.014e-4
0.321, -9.821e-5
0.320, -9.512e-5
0.319, -9.240e-5
0.318, -8.983e-5
0.317, -8.710e-5
0.316, -8.453e-5
0.315, -8.205e-5
0.314, -7.986e-5
0.313, -7.762e-5
0.312, -7.552e-5
0.311, -7.342e-5
0.310, -7.134e-5
0.309, -6.968e-5
0.308, -6.819e-5
0.307, -6.689e-5
0.306, -6.519e-5
0.305, -6.342e-5
0.304, -6.166e-5
0.303, -6.002e-5
0.302, -5.846e-5
0.301, -5.722e-5
0.300, -5.592e-5
0.299, -5.469e-5
0.298, -5.339e-5
0.297, -5.225e-5
0.296, -5.105e-5
0.295, -4.987e-5
0.294, -4.873e-5
0.293, -4.775e-5
0.292, -4.674e-5
0.291, -4.582e-5
0.290, -4.497e-5
0.289, -4.405e-5
0.288, -4.332e-5
0.287, -4.252e-5
0.286, -4.175e-5
0.285, -4.095e-5
0.284, -4.019e-5
0.283, -3.944e-5
0.282, -3.863e-5
0.281, -3.798e-5
0.280, -3.718e-5
0.279, -3.656e-5
0.278, -3.576e-5
0.277, -3.518e-5
0.276, -3.457e-5
0.275, -3.393e-5
0.274, -3.341e-5
0.273, -3.295e-5
0.272, -3.237e-5
0.271, -3.195e-5
0.270, -3.140e-5
0.269, -3.079e-5
0.268, -3.042e-5
0.267, -3.001e-5
0.266, -2.951e-5
0.265, -2.907e-5
0.264, -2.864e-5
0.263, -2.827e-5
0.262, -2.782e-5
0.261, -2.750e-5
0.260, -2.706e-5
0.259, -2.673e-5
0.258, -2.631e-5
0.257, -2.602e-5
0.256, -2.572e-5
0.255, -2.537e-5
0.254, -2.499e-5
0.253, -2.464e-5
0.252, -2.435e-5
0.251, -2.409e-5
0.250, -2.374e-5
0.249, -2.346e-5
0.248, -2.327e-5
0.247, -2.292e-5
0.246, -2.263e-5
0.245, -2.243e-5
0.244, -2.209e-5
0.243, -2.188e-5
0.242, -2.162e-5
0.241, -2.131e-5
0.240, -2.115e-5
0.239, -2.093e-5
0.238, -2.076e-5
0.237, -2.050e-5
0.236, -2.029e-5
0.235, -2.009e-5
0.234, -1.986e-5
0.233, -1.966e-5
0.232, -1.958e-5
0.231, -1.938e-5
0.230, -1.914e-5
0.229, -1.901e-5
0.228, -1.883e-5
0.227, -1.867e-5
0.226, -1.849e-5
0.225, -1.835e-5
0.224, -1.825e-5
0.223, -1.803e-5
0.222, -1.788e-5
0.221, -1.764e-5
0.220, -1.753e-5
0.219, -1.745e-5
0.218, -1.728e-5
0.217, -1.710e-5
0.216, -1.690e-5
0.215, -1.684e-5
0.214, -1.673e-5
0.213, -1.654e-5
0.212, -1.633e-5
0.211, -1.626e-5
0.210, -1.616e-5
0.209, -1.595e-5
0.208, -1.588e-5
0.207, -1.573e-5
0.206, -1.559e-5
0.205, -1.537e-5
0.204, -1.532e-5
0.203, -1.519e-5
0.202, -1.510e-5
0.201, -1.498e-5
0.200, -1.339e-5
0.201, -1.042e-5
0.202, -9.295e-6
0.203, -8.514e-6
0.204, -7.801e-6
0.205, -7.391e-6
0.206, -6.883e-6
0.207, -6.405e-6
0.208, -6.005e-6
0.209, -5.604e-6
0.210, -5.233e-6
0.211, -4.921e-6
0.212, -4.628e-6
0.213, -4.277e-6
0.214, -3.984e-6
0.215, -3.730e-6
0.216, -3.495e-6
0.217, -3.203e-6
0.218, -3.027e-6
0.219, -2.831e-6
0.220, -2.578e-6
0.221, -2.265e-6
0.222, -2.129e-6
0.223, -1.972e-6
0.224, -1.806e-6
0.225, -1.562e-6
0.226, -1.367e-6
0.227, -1.260e-6
0.228, -1.045e-6
0.229, -8.494e-7
0.230, -6.639e-7
0.231, -5.370e-7
0.232, -4.491e-7
0.233, -3.222e-7
0.234, -1.465e-7
0.235, 4.882e-8
0.236, 1.757e-7
0.237, 2.831e-7
0.238, 4.882e-7
0.239, 6.249e-7
0.240, 6.639e-7
0.241, 8.202e-7
0.242, 9.764e-7
0.243, 1.113e-6
0.244, 1.220e-6
0.245, 1.299e-6
0.246, 1.455e-6
0.247, 1.601e-6
0.248, 1.757e-6
0.249, 1.845e-6
0.250, 1.953e-6
0.251, 2.138e-6
0.252, 2.236e-6
0.253, 2.343e-6
0.254, 2.421e-6
0.255, 2.587e-6
0.256, 2.695e-6
0.257, 2.773e-6
0.258, 2.880e-6
0.259, 2.968e-6
0.260, 3.085e-6
0.261, 3.183e-6
0.262, 3.310e-6
0.263, 3.408e-6
0.264, 3.544e-6
0.265, 3.671e-6
0.266, 3.779e-6
0.267, 3.857e-6
0.268, 3.954e-6
0.269, 4.111e-6
0.270, 4.140e-6
0.271, 4.296e-6
0.272, 4.443e-6
0.273, 4.599e-6
0.274, 4.648e-6
0.275, 4.774e-6
0.276, 4.823e-6
0.277, 4.980e-6
0.278, 5.116e-6
0.279, 5.253e-6
0.280, 5.311e-6
0.281, 5.429e-6
0.282, 5.546e-6
0.283, 5.702e-6
0.284, 5.829e-6
0.285, 5.878e-6
0.286, 5.985e-6
0.287, 6.141e-6
0.288, 6.268e-6
0.289, 6.366e-6
0.290, 6.503e-6
0.291, 6.591e-6
0.292, 6.757e-6
0.293, 6.883e-6
0.294, 6.952e-6
0.295, 7.167e-6
0.296, 7.303e-6
0.297, 7.450e-6
0.298, 7.469e-6
0.299, 7.645e-6
0.300, 7.811e-6
0.301, 7.977e-6
0.302, 8.123e-6
0.303, 8.280e-6
0.304, 8.387e-6
0.305, 8.582e-6
0.306, 8.758e-6
0.307, 8.914e-6
0.308, 9.080e-6
0.309, 9.266e-6
0.310, 9.363e-6
0.311, 9.461e-6
0.312, 9.666e-6
0.313, 9.881e-6
0.314, 9.998e-6
0.315, 1.020e-5
0.316, 1.035e-5
0.317, 1.059e-5
0.318, 1.083e-5
0.319, 1.086e-5
0.320, 1.100e-5
0.321, 1.126e-5
0.322, 1.144e-5
0.323, 1.158e-5
0.324, 1.174e-5
0.325, 1.202e-5
0.326, 1.216e-5
0.327, 1.224e-5
0.328, 1.249e-5
0.329, 1.268e-5
0.330, 1.292e-5
0.331, 1.311e-5
0.332, 1.328e-5
0.333, 1.345e-5
0.334, 1.359e-5
0.335, 1.379e-5
0.336, 1.398e-5
0.337, 1.420e-5
0.338, 1.442e-5
0.339, 1.471e-5
0.340, 1.484e-5
0.341, 1.506e-5
0.342, 1.513e-5
0.343, 1.545e-5
0.344, 1.564e-5
0.345, 1.591e-5
0.346, 1.599e-5
0.347, 1.631e-5
0.348, 1.660e-5
0.349, 1.674e-5
0.350, 1.698e-5
0.351, 1.725e-5
0.352, 1.751e-5
0.353, 1.769e-5
0.354, 1.794e-5
0.355, 1.816e-5
0.356, 1.839e-5
0.357, 1.873e-5
0.358, 1.890e-5
0.359, 1.910e-5
0.360, 1.943e-5
0.361, 1.973e-5
0.362, 2.000e-5
0.363, 2.023e-5
0.364, 2.054e-5
0.365, 2.078e-5
0.366, 2.115e-5
0.367, 2.148e-5
0.368, 2.168e-5
0.369, 2.193e-5
0.370, 2.232e-5
0.371, 2.258e-5
0.372, 2.286e-5
0.373, 2.316e-5
0.374, 2.350e-5
0.375, 2.384e-5
0.376, 2.415e-5
0.377, 2.451e-5
0.378, 2.483e-5
0.379, 2.514e-5
0.380, 2.544e-5
0.381, 2.568e-5
0.382, 2.610e-5
0.383, 2.649e-5
0.384, 2.683e-5
0.385, 2.718e-5
0.386, 2.752e-5
0.387, 2.786e-5
0.388, 2.822e-5
0.389, 2.861e-5
0.390, 2.893e-5
0.391, 2.927e-5
0.392, 2.961e-5
0.393, 3.011e-5
0.394, 3.036e-5
0.395, 3.086e-5
0.396, 3.131e-5
0.397, 3.163e-5
0.398, 3.219e-5
0.399, 3.261e-5
0.400, 3.314e-5
0.401, 3.368e-5
0.402, 3.418e-5
0.403, 3.467e-5
0.404, 3.530e-5
0.405, 3.590e-5
0.406, 3.637e-5
0.407, 3.697e-5
0.408, 3.758e-5
0.409, 3.805e-5
0.410, 3.751e-5
0.411, 3.880e-5
0.412, 3.962e-5
0.413, 4.028e-5
0.414, 4.100e-5
0.415, 4.175e-5
0.416, 4.253e-5
0.417, 4.348e-5
0.418, 4.418e-5
0.419, 4.509e-5
0.420, 4.609e-5
0.421, 4.700e-5
0.422, 4.809e-5
0.423, 4.892e-5
0.424, 5.007e-5
0.425, 5.128e-5
0.426, 5.231e-5
0.427, 5.343e-5
0.428, 5.475e-5
0.429, 5.627e-5
0.430, 5.786e-5
0.431, 5.944e-5
0.432, 6.102e-5
0.433, 6.294e-5
0.434, 6.461e-5
0.435, 6.669e-5
0.436, 6.893e-5
0.437, 7.131e-5
0.438, 7.408e-5
0.439, 7.667e-5
0.440, 7.945e-5
0.441, 8.285e-5
0.442, 8.659e-5
0.443, 9.044e-5
0.444, 9.445e-5
0.445, 9.918e-5
0.446, 1.040e-4
0.447, 1.097e-4
0.448, 1.155e-4
0.449, 1.219e-4
0.450, 1.286e-4
0.451, 1.367e-4
0.452, 1.450e-4
0.453, 1.541e-4
0.454, 1.643e-4
0.455, 1.747e-4
0.456, 1.866e-4
0.457, 1.993e-4
0.458, 2.128e-4
0.459, 2.273e-4
0.460, 2.433e-4
0.461, 2.606e-4
0.462, 2.790e-4
0.463, 2.988e-4
0.464, 3.195e-4
0.465, 3.421e-4
0.466, 3.655e-4
0.467, 3.904e-4
0.468, 4.164e-4
0.469, 4.434e-4
0.470, 4.711e-4
0.471, 4.997e-4
0.472, 5.287e-4
0.473, 5.582e-4
0.474, 5.873e-4
0.475, 6.163e-4
0.476, 6.455e-4
0.477, 6.737e-4
0.478, 7.013e-4
0.479, 7.275e-4
0.480, 7.523e-4
0.481, 7.753e-4
0.482, 7.958e-4
0.483, 8.138e-4
0.484, 8.295e-4
0.485, 8.424e-4
0.486, 8.527e-4
0.487, 8.601e-4
0.488, 8.643e-4
0.489, 8.658e-4
0.490, 8.640e-4
0.491, 8.601e-4
0.492, 8.544e-4
0.493, 8.463e-4
0.494, 8.363e-4
0.495, 8.248e-4
0.496, 8.115e-4
0.497, 7.977e-4
0.498, 7.824e-4
0.499, 7.663e-4
0.500, 7.502e-4
0.501, 7.335e-4
0.502, 7.168e-4
0.503, 7.002e-4
0.504, 6.837e-4
0.505, 6.677e-4
0.506, 6.521e-4
0.507, 6.372e-4
0.508, 6.220e-4
0.509, 6.076e-4
0.510, 5.939e-4
0.511, 5.807e-4
0.512, 5.691e-4
0.513, 5.577e-4
0.514, 5.453e-4
0.515, 5.335e-4
0.516, 5.222e-4
0.517, 5.116e-4
0.518, 5.013e-4
0.519, 4.911e-4
0.520, 4.816e-4
0.521, 4.719e-4
0.522, 4.630e-4
0.523, 4.543e-4
0.524, 4.455e-4
0.525, 4.367e-4
0.526, 4.284e-4
0.527, 4.203e-4
0.528, 4.122e-4
0.529, 4.044e-4
0.530, 3.968e-4
0.531, 3.896e-4
0.532, 3.821e-4
0.533, 3.745e-4
0.534, 3.678e-4
0.535, 3.605e-4
0.536, 3.537e-4
0.537, 3.470e-4
0.538, 3.409e-4
0.539, 3.343e-4
0.540, 3.277e-4
0.541, 3.216e-4
0.542, 3.160e-4
0.543, 3.102e-4
0.544, 3.046e-4
0.545, 2.989e-4
0.546, 2.937e-4
0.547, 2.887e-4
0.548, 2.837e-4
0.549, 2.785e-4
0.550, 2.739e-4
0.551, 2.696e-4
0.552, 2.652e-4
0.553, 2.613e-4
0.554, 2.574e-4
0.555, 2.533e-4
0.556, 2.495e-4
0.557, 2.463e-4
0.558, 2.434e-4
0.559, 2.403e-4
0.560, 2.374e-4
0.561, 2.346e-4
0.562, 2.318e-4
0.563, 2.290e-4
0.564, 2.266e-4
0.565, 2.242e-4
0.566, 2.224e-4
0.567, 2.204e-4
0.568, 2.185e-4
0.569, 2.171e-4
0.570, 2.155e-4
0.571, 2.141e-4
0.572, 2.128e-4
0.573, 2.115e-4
0.574, 2.103e-4
0.575, 2.096e-4
0.576, 2.082e-4
0.577, 2.075e-4
0.578, 2.069e-4
0.579, 2.068e-4
0.580, 2.062e-4
0.581, 2.060e-4
0.582, 2.059e-4
0.583, 2.062e-4
0.584, 2.064e-4
0.585, 2.067e-4
0.586, 2.072e-4
0.587, 2.078e-4
0.588, 2.087e-4
0.589, 2.096e-4
0.590, 2.107e-4
0.591, 2.118e-4
0.592, 2.131e-4
0.593, 2.144e-4
0.594, 2.160e-4
0.595, 2.180e-4
0.596, 2.200e-4
0.597, 2.219e-4
0.598, 2.241e-4
0.599, 2.266e-4
0.600, 2.291e-4
0.601, 2.326e-4
0.602, 2.351e-4
0.603, 2.386e-4
0.604, 2.423e-4
0.605, 2.455e-4
0.606, 2.490e-4
0.607, 2.534e-4
0.608, 2.581e-4
0.609, 2.629e-4
0.610, 2.677e-4
0.611, 2.724e-4
0.612, 2.777e-4
0.613, 2.838e-4
0.614, 2.895e-4
0.615, 2.947e-4
0.616, 3.013e-4
0.617, 3.084e-4
0.618, 3.154e-4
0.619, 3.224e-4
0.620, 3.304e-4
0.621, 3.382e-4
0.622, 3.465e-4
0.623, 3.551e-4
0.624, 3.641e-4
0.625, 3.731e-4
0.626, 3.828e-4
0.627, 3.927e-4
0.628, 4.028e-4
0.629, 4.134e-4
0.630, 4.245e-4
0.631, 4.357e-4
0.632, 4.476e-4
0.633, 4.599e-4
0.634, 4.720e-4
0.635, 4.852e-4
0.636, 4.983e-4
0.637, 5.118e-4
0.638, 5.257e-4
0.639, 5.403e-4
0.640, 5.554e-4
0.641, 5.706e-4
0.642, 5.862e-4
0.643, 6.022e-4
0.644, 6.182e-4
0.645, 6.350e-4
0.646, 6.527e-4
0.647, 6.700e-4
0.648, 6.881e-4
0.649, 7.068e-4
0.650, 7.258e-4
0.651, 7.451e-4
0.652, 7.649e-4
0.653, 7.849e-4
0.654, 8.056e-4
0.655, 8.268e-4
0.656, 8.484e-4
0.657, 8.701e-4
0.658, 8.925e-4
0.659, 9.152e-4
0.660, 9.385e-4
0.661, 9.619e-4
0.662, 9.861e-4
0.663, 1.010e-3
0.664, 1.035e-3
0.665, 1.060e-3
0.666, 1.086e-3
0.667, 1.112e-3
0.668, 1.138e-3
0.669, 1.165e-3
0.670, 1.192e-3
0.671, 1.219e-3
0.672, 1.247e-3
0.673, 1.276e-3
0.674, 1.304e-3
0.675, 1.334e-3
0.676, 1.363e-3
0.677, 1.392e-3
0.678, 1.423e-3
0.679, 1.453e-3
0.680, 1.484e-3
0.681, 1.515e-3
0.682, 1.547e-3
0.683, 1.579e-3
0.684, 1.612e-3
0.685, 1.644e-3
0.686, 1.678e-3
0.687, 1.711e-3
0.688, 1.744e-3
0.689, 1.778e-3
0.690, 1.812e-3
0.691, 1.847e-3
0.692, 1.883e-3
0.693, 1.918e-3
0.694, 1.954e-3
0.695, 1.990e-3
0.696, 2.026e-3
0.697, 2.063e-3
0.698, 2.100e-3
0.699, 2.137e-3
0.700, 2.174e-3
0.701, 2.212e-3
0.702, 2.250e-3
0.703, 2.288e-3
0.704, 2.326e-3
0.705, 2.365e-3
0.706, 2.404e-3
0.707, 2.444e-3
0.708, 2.484e-3
0.709, 2.523e-3
0.710, 2.563e-3
0.711, 2.604e-3
0.712, 2.644e-3
0.713, 2.685e-3
0.714, 2.726e-3
0.715, 2.767e-3
0.716, 2.809e-3
0.717, 2.852e-3
0.718, 2.895e-3
0.719, 2.937e-3
0.720, 2.980e-3
0.721, 3.022e-3
0.722, 3.065e-3
0.723, 3.109e-3
0.724, 3.153e-3
0.725, 3.196e-3
0.726, 3.240e-3
0.727, 3.284e-3
0.728, 3.328e-3
0.729, 3.372e-3
0.730, 3.416e-3
0.731, 3.461e-3
0.732, 3.506e-3
0.733, 3.552e-3
0.734, 3.598e-3
0.735, 3.643e-3
0.736, 3.689e-3
0.737, 3.734e-3
0.738, 3.780e-3
0.739, 3.827e-3
0.740, 3.874e-3
0.741, 3.920e-3
0.742, 3.967e-3
0.743, 4.015e-3
0.744, 4.062e-3
0.745, 4.109e-3
0.746, 4.156e-3
0.747, 4.204e-3
0.748, 4.252e-3
0.749, 4.300e-3
0.750, 4.348e-3
0.751, 4.396e-3
0.752, 4.444e-3
0.753, 4.493e-3
0.754, 4.541e-3
0.755, 4.590e-3
0.756, 4.639e-3
0.757, 4.688e-3
0.758, 4.738e-3
0.759, 4.787e-3
0.760, 4.836e-3
0.761, 4.886e-3
0.762, 4.936e-3
0.763, 4.986e-3
0.764, 5.036e-3
0.765, 5.086e-3
0.766, 5.137e-3
0.767, 5.187e-3
0.768, 5.238e-3
0.769, 5.289e-3
0.770, 5.340e-3
0.771, 5.391e-3
0.772, 5.442e-3
0.773, 5.493e-3
0.774, 5.545e-3
0.775, 5.596e-3
0.776, 5.648e-3
0.777, 5.699e-3
0.778, 5.751e-3
0.779, 5.802e-3
0.780, 5.854e-3
0.781, 5.906e-3
0.782, 5.958e-3
0.783, 6.010e-3
0.784, 6.062e-3
0.785, 6.115e-3
0.786, 6.167e-3
0.787, 6.220e-3
0.788, 6.273e-3
0.789, 6.326e-3
0.790, 6.379e-3
0.791, 6.432e-3
0.792, 6.485e-3
0.793, 6.538e-3
0.794, 6.592e-3
0.795, 6.646e-3
0.796, 6.700e-3
0.797, 6.754e-3
0.798, 6.807e-3
0.799, 6.861e-3
0.800, 6.897e-3
0.799, 6.858e-3
0.798, 6.803e-3
0.797, 6.747e-3
0.796, 6.692e-3
0.795, 6.637e-3
0.794, 6.582e-3
0.793, 6.527e-3
0.792, 6.472e-3
0.791, 6.418e-3
0.790, 6.363e-3
0.789, 6.309e-3
0.788, 6.254e-3
0.787, 6.200e-3
0.786, 6.146e-3
0.785, 6.092e-3
0.784, 6.039e-3
0.783, 5.985e-3
0.782, 5.932e-3
0.781, 5.879e-3
0.780, 5.826e-3
0.779, 5.773e-3
0.778, 5.720e-3
0.777, 5.667e-3
0.776, 5.615e-3
0.775, 5.562e-3
0.774, 5.510e-3
0.773, 5.457e-3
0.772, 5.405e-3
0.771, 5.353e-3
0.770, 5.301e-3
0.769, 5.249e-3
0.768, 5.197e-3
0.767, 5.146e-3
0.766, 5.094e-3
0.765, 5.043e-3
0.764, 4.992e-3
0.763, 4.941e-3
0.762, 4.891e-3
0.761, 4.840e-3
0.760, 4.790e-3
0.759, 4.739e-3
0.758, 4.689e-3
0.757, 4.639e-3
0.756, 4.589e-3
0.755, 4.540e-3
0.754, 4.491e-3
0.753, 4.441e-3
0.752, 4.392e-3
0.751, 4.343e-3
0.750, 4.295e-3
0.749, 4.246e-3
0.748, 4.198e-3
0.747, 4.150e-3
0.746, 4.102e-3
0.745, 4.054e-3
0.744, 4.007e-3
0.743, 3.959e-3
0.742, 3.911e-3
0.741, 3.863e-3
0.740, 3.816e-3
0.739, 3.770e-3
0.738, 3.723e-3
0.737, 3.677e-3
0.736, 3.630e-3
0.735, 3.584e-3
0.734, 3.538e-3
0.733, 3.492e-3
0.732, 3.447e-3
0.731, 3.402e-3
0.730, 3.357e-3
0.729, 3.313e-3
0.728, 3.268e-3
0.727, 3.224e-3
0.726, 3.180e-3
0.725, 3.136e-3
0.724, 3.092e-3
0.723, 3.049e-3
0.722, 3.005e-3
0.721, 2.962e-3
0.720, 2.920e-3
0.719, 2.877e-3
0.718, 2.835e-3
0.717, 2.792e-3
0.716, 2.749e-3
0.715, 2.708e-3
0.714, 2.667e-3
0.713, 2.626e-3
0.712, 2.585e-3
0.711, 2.544e-3
0.710, 2.504e-3
0.709, 2.464e-3
0.708, 2.424e-3
0.707, 2.385e-3
0.706, 2.346e-3
0.705, 2.307e-3
0.704, 2.268e-3
0.703, 2.230e-3
0.702, 2.192e-3
0.701, 2.154e-3
0.700, 2.117e-3
0.699, 2.079e-3
0.698, 2.042e-3
0.697, 2.006e-3
0.696, 1.969e-3
0.695, 1.932e-3
0.694, 1.896e-3
0.693, 1.861e-3
0.692, 1.825e-3
0.691, 1.790e-3
0.690, 1.755e-3
0.689, 1.721e-3
0.688, 1.687e-3
0.687, 1.653e-3
0.686, 1.620e-3
0.685, 1.587e-3
0.684, 1.554e-3
0.683, 1.522e-3
0.682, 1.489e-3
0.681, 1.458e-3
0.680, 1.426e-3
0.679, 1.395e-3
0.678, 1.365e-3
0.677, 1.334e-3
0.676, 1.304e-3
0.675, 1.274e-3
0.674, 1.245e-3
0.673, 1.215e-3
0.672, 1.187e-3
0.671, 1.159e-3
0.670, 1.131e-3
0.669, 1.103e-3
0.668, 1.076e-3
0.667, 1.049e-3
0.666, 1.022e-3
0.665, 9.960e-4
0.664, 9.704e-4
0.663, 9.448e-4
0.662, 9.196e-4
0.661, 8.948e-4
0.660, 8.701e-4
0.659, 8.462e-4
0.658, 8.220e-4
0.657, 7.988e-4
0.656, 7.758e-4
0.655, 7.531e-4
0.654, 7.309e-4
0.653, 7.091e-4
0.652, 6.875e-4
0.651, 6.663e-4
0.650, 6.458e-4
0.649, 6.253e-4
0.648, 6.053e-4
0.647, 5.858e-4
0.646, 5.667e-4
0.645, 5.477e-4
0.644, 5.291e-4
0.643, 5.111e-4
0.642, 4.932e-4
0.641, 4.758e-4
0.640, 4.586e-4
0.639, 4.418e-4
0.638, 4.254e-4
0.637, 4.094e-4
0.636, 3.936e-4
0.635, 3.782e-4
0.634, 3.633e-4
0.633, 3.486e-4
0.632, 3.345e-4
0.631, 3.202e-4
0.630, 3.070e-4
0.629, 2.938e-4
0.628, 2.806e-4
0.627, 2.688e-4
0.626, 2.563e-4
0.625, 2.444e-4
0.624, 2.331e-4
0.623, 2.217e-4
0.622, 2.110e-4
0.621, 2.001e-4
0.620, 1.900e-4
0.619, 1.798e-4
0.618, 1.702e-4
0.617, 1.609e-4
0.616, 1.516e-4
0.615, 1.430e-4
0.614, 1.353e-4
0.613, 1.264e-4
0.612, 1.183e-4
0.611, 1.106e-4
0.610, 1.028e-4
0.609, 9.557e-5
0.608, 8.872e-5
0.607, 8.146e-5
0.606, 7.542e-5
0.605, 6.865e-5
0.604, 6.271e-5
0.603, 5.665e-5
0.602, 5.101e-5
0.601, 4.562e-5
0.600, 4.022e-5
0.599, 3.522e-5
0.598, 3.030e-5
0.597, 2.574e-5
0.596, 2.119e-5
0.595, 1.690e-5
0.594, 1.259e-5
0.593, 8.172e-6
0.592, 4.355e-6
0.591, 4.882e-7
0.590, -3.095e-6
0.589, -6.776e-6
0.588, -1.039e-5
0.587, -1.339e-5
0.586, -1.669e-5
0.585, -1.941e-5
0.584, -2.205e-5
0.583, -2.477e-5
0.582, -2.747e-5
0.581, -3.017e-5
0.580, -3.244e-5
0.579, -3.453e-5
0.578, -3.713e-5
0.577, -3.925e-5
0.576, -4.131e-5
0.575, -4.348e-5
0.574, -4.520e-5
0.573, -4.715e-5
0.572, -4.891e-5
0.571, -5.083e-5
0.570, -5.263e-5
0.569, -5.424e-5
0.568, -5.577e-5
0.567, -5.738e-5
0.566, -5.878e-5
0.565, -6.018e-5
0.564, -6.174e-5
0.563, -6.368e-5
0.562, -6.500e-5
0.561, -6.603e-5
0.560, -6.707e-5
0.559, -6.824e-5
0.558, -6.923e-5
0.557, -7.026e-5
0.556, -7.149e-5
0.555, -7.260e-5
0.554, -7.354e-5
0.553, -7.459e-5
0.552, -7.576e-5
0.551, -7.661e-5
0.550, -7.744e-5
0.549, -7.864e-5
0.548, -7.980e-5
0.547, -8.043e-5
0.546, -8.147e-5
0.545, -8.242e-5
0.544, -8.316e-5
0.543, -8.422e-5
0.542, -8.510e-5
0.541, -8.616e-5
0.540, -8.706e-5
0.539, -8.775e-5
0.538, -8.902e-5
0.537, -9.020e-5
0.536, -9.052e-5
0.535, -9.159e-5
0.534, -9.237e-5
0.533, -9.307e-5
0.532, -9.368e-5
0.531, -9.446e-5
0.530, -9.538e-5
0.529, -9.629e-5
0.528, -9.701e-5
0.527, -9.808e-5
0.526, -9.864e-5
0.525, -9.943e-5
0.524, -1.001e-4
0.523, -1.013e-4
0.522, -1.024e-4
0.521, -1.031e-4
0.520, -1.040e-4
0.519, -1.049e-4
0.518, -1.056e-4
0.517, -1.064e-4
0.516, -1.073e-4
0.515, -1.083e-4
0.514, -1.092e-4
0.513, -1.100e-4
0.512, -1.128e-4
0.511, -1.139e-4
0.510, -1.139e-4
0.509, -1.147e-4
0.508, -1.156e-4
0.507, -1.165e-4
0.506, -1.175e-4
0.505, -1.185e-4
0.504, -1.192e-4
0.503, -1.203e-4
0.502, -1.209e-4
0.501, -1.219e-4
0.500, -1.230e-4
0.499, -1.237e-4
0.498, -1.252e-4
0.497, -1.264e-4
0.496, -1.274e-4
0.495, -1.288e-4
0.494, -1.300e-4
0.493, -1.312e-4
0.492, -1.324e-4
0.491, -1.337e-4
0.490, -1.351e-4
0.489, -1.365e-4
0.488, -1.380e-4
0.487, -1.397e-4
0.486, -1.414e-4
0.485, -1.426e-4
0.484, -1.438e-4
0.483, -1.448e-4
0.482, -1.467e-4
0.481, -1.485e-4
0.480, -1.501e-4
0.479, -1.519e-4
0.478, -1.534e-4
0.477, -1.551e-4
0.476, -1.568e-4
0.475, -1.587e-4
0.474, -1.605e-4
0.473, -1.622e-4
0.472, -1.645e-4
0.471, -1.667e-4
0.470, -1.686e-4
0.469, -1.708e-4
0.468, -1.729e-4
0.467, -1.754e-4
0.466, -1.778e-4
0.465, -1.799e-4
0.464, -1.824e-4
0.463, -1.853e-4
0.462, -1.880e-4
0.461, -1.906e-4
0.460, -1.935e-4
0.459, -1.964e-4
0.458, -1.993e-4
0.457, -2.022e-4
0.456, -2.054e-4
0.455, -2.087e-4
0.454, -2.124e-4
0.453, -2.157e-4
0.452, -2.191e-4
0.451, -2.226e-4
0.450, -2.265e-4
0.449, -2.303e-4
0.448, -2.338e-4
0.447, -2.381e-4
0.446, -2.421e-4
0.445, -2.461e-4
0.444, -2.505e-4
0.443, -2.548e-4
0.442, -2.597e-4
0.441, -2.644e-4
0.440, -2.690e-4
0.439, -2.739e-4
0.438, -2.786e-4
0.437, -2.840e-4
0.436, -2.891e-4
0.435, -2.945e-4
0.434, -2.997e-4
0.433, -3.049e-4
0.432, -3.103e-4
0.431, -3.153e-4
0.430, -3.205e-4
0.429, -3.260e-4
0.428, -3.316e-4
0.427, -3.373e-4
0.426, -3.428e-4
0.425, -3.481e-4
0.424, -3.536e-4
0.423, -3.593e-4
0.422, -3.639e-4
0.421, -3.694e-4
0.420, -3.751e-4
0.419, -3.804e-4
0.418, -3.858e-4
0.417, -3.910e-4
0.416, -3.960e-4
0.415, -4.008e-4
0.414, -4.060e-4
0.413, -4.108e-4
0.412, -4.160e-4
0.411, -4.211e-4
0.410, -4.237e-4
0.409, -4.223e-4
0.408, -4.288e-4
0.407, -4.347e-4
0.406, -4.396e-4
0.405, -4.451e-4
0.404, -4.498e-4
0.403, -4.548e-4
0.402, -4.595e-4
0.401, -4.640e-4
0.400, -4.686e-4
0.399, -4.730e-4
0.398, -4.770e-4
0.397, -4.813e-4
0.396, -4.850e-4
0.395, -4.889e-4
0.394, -4.928e-4
0.393, -4.961e-4
0.392, -4.994e-4
0.391, -5.029e-4
0.390, -5.061e-4
0.389, -5.088e-4
0.388, -5.112e-4
0.387, -5.132e-4
0.386, -5.153e-4
0.385, -5.166e-4
0.384, -5.178e-4
0.383, -5.185e-4
0.382, -5.187e-4
0.381, -5.185e-4
0.380, -5.175e-4
0.379, -5.162e-4
0.378, -5.146e-4
0.377, -5.123e-4
0.376, -5.097e-4
0.375, -5.067e-4
0.374, -5.023e-4
0.373, -4.978e-4
0.372, -4.930e-4
0.371, -4.868e-4
0.370, -4.809e-4
0.369, -4.744e-4
0.368, -4.674e-4
0.367, -4.597e-4
0.366, -4.517e-4
0.365, -4.436e-4
0.364, -4.349e-4
0.363, -4.256e-4
0.362, -4.161e-4
0.361, -4.065e-4
0.360, -3.967e-4
0.359, -3.874e-4
0.358, -3.772e-4
0.357, -3.668e-4
0.356, -3.565e-4
0.355, -3.458e-4
0.354, -3.354e-4
0.353, -3.250e-4
0.352, -3.148e-4
0.351, -3.048e-4
0.350, -2.946e-4
0.349, -2.848e-4
0.348, -2.750e-4
0.347, -2.656e-4
0.346, -2.563e-4
0.345, -2.472e-4
0.344, -2.387e-4
0.343, -2.300e-4
0.342, -2.218e-4
0.341, -2.140e-4
0.340, -2.062e-4
0.339, -1.987e-4
0.338, -1.917e-4
0.337, -1.850e-4
0.336, -1.784e-4
0.335, -1.721e-4
0.334, -1.663e-4
0.333, -1.605e-4
0.332, -1.549e-4
0.331, -1.495e-4
0.330, -1.443e-4
0.329, -1.395e-4
0.328, -1.345e-4
0.327, -1.301e-4
0.326, -1.257e-4
0.325, -1.216e-4
0.324, -1.180e-4
0.323, -1.144e-4
0.322, -1.104e-4
0.321, -1.068e-4
0.320, -1.036e-4
0.319, -1.005e-4
0.318, -9.742e-5
0.317, -9.453e-5
0.316, -9.185e-5
0.315, -8.924e-5
0.314, -8.668e-5
0.313, -8.408e-5
0.312, -8.179e-5
0.311, -7.959e-5
0.310, -7.745e-5
0.309, -7.538e-5
0.308, -7.338e-5
0.307, -7.174e-5
0.306, -6.989e-5
0.305, -6.831e-5
0.304, -6.685e-5
0.303, -6.538e-5
0.302, -6.374e-5
0.301, -6.197e-5
0.300, -6.045e-5
0.299, -5.897e-5
0.298, -5.760e-5
0.297, -5.631e-5
0.296, -5.509e-5
0.295, -5.393e-5
0.294, -5.276e-5
0.293, -5.171e-5
0.292, -5.048e-5
0.291, -4.936e-5
0.290, -4.838e-5
0.289, -4.744e-5
0.288, -4.650e-5
0.287, -4.560e-5
0.286, -4.481e-5
0.285, -4.401e-5
0.284, -4.329e-5
0.283, -4.249e-5
0.282, -4.168e-5
0.281, -4.102e-5
0.280, -4.031e-5
0.279, -3.943e-5
0.278, -3.867e-5
0.277, -3.811e-5
0.276, -3.747e-5
0.275, -3.674e-5
0.274, -3.611e-5
0.273, -3.545e-5
0.272, -3.487e-5
0.271, -3.426e-5
0.270, -3.372e-5
0.269, -3.312e-5
0.268, -3.266e-5
0.267, -3.219e-5
0.266, -3.173e-5
0.265, -3.130e-5
0.264, -3.078e-5
0.263, -3.038e-5
0.262, -2.993e-5
0.261, -2.957e-5
0.260, -2.918e-5
0.259, -2.873e-5
0.258, -2.837e-5
0.257, -2.803e-5
0.256, -2.765e-5
0.255, -2.726e-5
0.254, -2.689e-5
0.253, -2.655e-5
0.252, -2.630e-5
0.251, -2.591e-5
0.250, -2.554e-5
0.249, -2.523e-5
0.248, -2.492e-5
0.247, -2.461e-5
0.246, -2.433e-5
0.245, -2.402e-5
0.244, -2.382e-5
0.243, -2.357e-5
0.242, -2.322e-5
0.241, -2.297e-5
0.240, -2.271e-5
0.239, -2.248e-5
0.238, -2.221e-5
0.237, -2.200e-5
0.236, -2.177e-5
0.235, -2.150e-5
0.234, -2.129e-5
0.233, -2.108e-5
0.232, -2.089e-5
0.231, -2.068e-5
0.230, -2.049e-5
0.229, -2.034e-5
0.228, -2.015e-5
0.227, -1.990e-5
0.226, -1.973e-5
0.225, -1.945e-5
0.224, -1.936e-5
0.223, -1.918e-5
0.222, -1.912e-5
0.221, -1.895e-5
0.220, -1.884e-5
0.219, -1.864e-5
0.218, -1.842e-5
0.217, -1.828e-5
0.216, -1.813e-5
0.215, -1.797e-5
0.214, -1.782e-5
0.213, -1.772e-5
0.212, -1.759e-5
0.211, -1.745e-5
0.210, -1.733e-5
0.209, -1.722e-5
0.208, -1.706e-5
0.207, -1.691e-5
0.206, -1.673e-5
0.205, -1.652e-5
0.204, -1.649e-5
0.203, -1.642e-5
0.202, -1.621e-5
0.201, -1.609e-5
0.200, -1.452e-5
0.201, -1.139e-5
0.202, -1.012e-5
0.203, -9.246e-6
0.204, -8.553e-6
0.205, -8.016e-6
0.206, -7.450e-6
0.207, -6.962e-6
0.208, -6.591e-6
0.209, -6.112e-6
0.210, -5.761e-6
0.211, -5.409e-6
0.212, -5.048e-6
0.213, -4.755e-6
0.214, -4.482e-6
0.215, -4.198e-6
0.216, -3.984e-6
0.217, -3.652e-6
0.218, -3.437e-6
0.219, -3.095e-6
0.220, -2.851e-6
0.221, -2.705e-6
0.222, -2.500e-6
0.223, -2.207e-6
0.224, -2.070e-6
0.225, -1.855e-6
0.226, -1.640e-6
0.227, -1.416e-6
0.228, -1.338e-6
0.229, -1.103e-6
0.230, -9.178e-7
0.231, -7.225e-7
0.232, -5.663e-7
0.233, -4.296e-7
0.234, -2.441e-7
0.235, -1.953e-8
0.236, 7.811e-8
0.237, 1.757e-7
0.238, 3.222e-7
0.239, 4.198e-7
0.240, 5.858e-7
0.241, 7.616e-7
0.242, 8.787e-7
0.243, 9.666e-7
0.244, 1.113e-6
0.245, 1.279e-6
0.246, 1.455e-6
0.247, 1.562e-6
0.248, 1.670e-6
0.249, 1.787e-6
0.250, 1.963e-6
0.251, 2.070e-6
0.252, 2.216e-6
0.253, 2.334e-6
0.254, 2.441e-6
0.255, 2.558e-6
0.256, 2.695e-6
0.257, 2.744e-6
0.258, 2.851e-6
0.259, 2.988e-6
0.260, 3.115e-6
0.261, 3.242e-6
0.262, 3.349e-6
0.263, 3.495e-6
0.264, 3.642e-6
0.265, 3.769e-6
0.266, 3.896e-6
0.267, 3.935e-6
0.268, 4.081e-6
0.269, 4.150e-6
0.270, 4.237e-6
0.271, 4.423e-6
0.272, 4.511e-6
0.273, 4.687e-6
0.274, 4.794e-6
0.275, 4.901e-6
0.276, 4.950e-6
0.277, 5.146e-6
0.278, 5.331e-6
0.279, 5.341e-6
0.280, 5.458e-6
0.281, 5.634e-6
0.282, 5.741e-6
0.283, 5.897e-6
0.284, 5.927e-6
0.285, 6.132e-6
0.286, 6.278e-6
0.287, 6.307e-6
0.288, 6.473e-6
0.289, 6.610e-6
0.290, 6.805e-6
0.291, 6.874e-6
0.292, 7.030e-6
0.293, 7.167e-6
0.294, 7.342e-6
0.295, 7.460e-6
0.296, 7.606e-6
0.297, 7.752e-6
0.298, 7.870e-6
0.299, 7.948e-6
0.300, 8.114e-6
0.301, 8.368e-6
0.302, 8.494e-6
0.303, 8.621e-6
0.304, 8.817e-6
0.305, 8.983e-6
0.306, 9.071e-6
0.307, 9.363e-6
0.308, 9.569e-6
0.309, 9.617e-6
0.310, 9.803e-6
0.311, 9.979e-6
0.312, 1.023e-5
0.313, 1.028e-5
0.314, 1.052e-5
0.315, 1.070e-5
0.316, 1.085e-5
0.317, 1.105e-5
0.318, 1.116e-5
0.319, 1.140e-5
0.320, 1.157e-5
0.321, 1.181e-5
0.322, 1.193e-5
0.323, 1.215e-5
0.324, 1.230e-5
0.325, 1.257e-5
0.326, 1.281e-5
0.327, 1.292e-5
0.328, 1.316e-5
0.329, 1.338e-5
0.330, 1.355e-5
0.331, 1.371e-5
0.332, 1.389e-5
0.333, 1.415e-5
0.334, 1.435e-5
0.335, 1.454e-5
0.336, 1.469e-5
0.337, 1.493e-5
0.338, 1.514e-5
0.339, 1.541e-5
0.340, 1.566e-5
0.341, 1.575e-5
0.342, 1.603e-5
0.343, 1.622e-5
0.344, 1.646e-5
0.345, 1.672e-5
0.346, 1.690e-5
0.347, 1.713e-5
0.348, 1.738e-5
0.349, 1.763e-5
0.350, 1.791e-5
0.351, 1.817e-5
0.352, 1.833e-5
0.353, 1.860e-5
0.354, 1.885e-5
0.355, 1.915e-5
0.356, 1.948e-5
0.357, 1.962e-5
0.358, 2.004e-5
0.359, 2.020e-5
0.360, 2.053e-5
0.361, 2.078e-5
0.362, 2.104e-5
0.363, 2.138e-5
0.364, 2.160e-5
0.365, 2.194e-5
0.366, 2.233e-5
0.367, 2.257e-5
0.368, 2.289e-5
0.369, 2.317e-5
0.370, 2.349e-5
0.371, 2.380e-5
0.372, 2.408e-5
0.373, 2.441e-5
0.374, 2.479e-5
0.375, 2.513e-5
0.376, 2.539e-5
0.377, 2.582e-5
0.378, 2.614e-5
0.379, 2.646e-5
0.380, 2.669e-5
0.381, 2.712e-5
0.382, 2.744e-5
0.383, 2.777e-5
0.384, 2.821e-5
0.385, 2.859e-5
0.386, 2.885e-5
0.387, 2.916e-5
0.388, 2.957e-5
0.389, 2.997e-5
0.390, 3.033e-5
0.391, 3.078e-5
0.392, 3.115e-5
0.393, 3.157e-5
0.394, 3.197e-5
0.395, 3.250e-5
0.396, 3.300e-5
0.397, 3.328e-5
0.398, 3.390e-5
0.399, 3.445e-5
0.400, 3.495e-5
0.401, 3.552e-5
0.402, 3.610e-5
0.403, 3.671e-5
0.404, 3.728e-5
0.405, 3.772e-5
0.406, 3.826e-5
0.407, 3.891e-5
0.408, 3.955e-5
0.409, 4.000e-5
0.410, 3.946e-5
0.411, 4.077e-5
0.412, 4.166e-5
0.413, 4.251e-5
0.414, 4.333e-5
0.415, 4.418e-5
0.416, 4.503e-5
0.417, 4.595e-5
0.418, 4.685e-5
0.419, 4.775e-5
0.420, 4.883e-5
0.421, 4.981e-5
0.422, 5.077e-5
0.423, 5.176e-5
0.424, 5.311e-5
0.425, 5.422e-5
0.426, 5.544e-5
0.427, 5.693e-5
0.428, 5.847e-5
0.429, 6.011e-5
0.430, 6.174e-5
0.431, 6.339e-5
0.432, 6.514e-5
0.433, 6.707e-5
0.434, 6.914e-5
0.435, 7.163e-5
0.436, 7.415e-5
0.437, 7.664e-5
0.438, 7.930e-5
0.439, 8.245e-5
0.440, 8.609e-5
0.441, 8.974e-5
0.442, 9.368e-5
0.443, 9.821e-5
0.444, 1.028e-4
0.445, 1.080e-4
0.446, 1.139e-4
0.447, 1.199e-4
0.448, 1.264e-4
0.449, 1.338e-4
0.450, 1.418e-4
0.451, 1.505e-4
0.452, 1.603e-4
0.453, 1.705e-4
0.454, 1.817e-4
0.455, 1.939e-4
0.456, 2.069e-4
0.457, 2.211e-4
0.458, 2.367e-4
0.459, 2.529e-4
0.460, 2.707e-4
0.461, 2.901e-4
0.462, 3.108e-4
0.463, 3.324e-4
0.464, 3.557e-4
0.465, 3.801e-4
0.466, 4.062e-4
0.467, 4.335e-4
0.468, 4.617e-4
0.469, 4.910e-4
0.470, 5.208e-4
0.471, 5.512e-4
0.472, 5.820e-4
0.473, 6.126e-4
0.474, 6.428e-4
0.475, 6.730e-4
0.476, 7.028e-4
0.477, 7.315e-4
0.478, 7.588e-4
0.479, 7.848e-4
0.480, 8.088e-4
0.481, 8.305e-4
0.482, 8.497e-4
0.483, 8.661e-4
0.484, 8.797e-4
0.485, 8.905e-4
0.486, 8.987e-4
0.487, 9.044e-4
0.488, 9.066e-4
0.489, 9.059e-4
0.490, 9.028e-4
0.491, 8.974e-4
0.492, 8.898e-4
0.493, 8.802e-4
0.494, 8.692e-4
0.495, 8.565e-4
0.496, 8.425e-4
0.497, 8.273e-4
0.498, 8.107e-4
0.499, 7.942e-4
0.500, 7.766e-4
0.501, 7.592e-4
0.502, 7.417e-4
0.503, 7.241e-4
0.504, 7.068e-4
0.505, 6.900e-4
0.506, 6.734e-4
0.507, 6.577e-4
0.508, 6.416e-4
0.509, 6.267e-4
0.510, 6.119e-4
0.511, 5.982e-4
0.512, 5.861e-4
0.513, 5.740e-4
0.514, 5.606e-4
0.515, 5.485e-4
0.516, 5.364e-4
0.517, 5.251e-4
0.518, 5.143e-4
0.519, 5.038e-4
0.520, 4.934e-4
0.521, 4.836e-4
0.522, 4.736e-4
0.523, 4.643e-4
0.524, 4.551e-4
0.525, 4.455e-4
0.526, 4.368e-4
0.527, 4.285e-4
0.528, 4.199e-4
0.529, 4.117e-4
0.530, 4.033e-4
0.531, 3.953e-4
0.532, 3.874e-4
0.533, 3.796e-4
0.534, 3.721e-4
0.535, 3.649e-4
0.536, 3.580e-4
0.537, 3.508e-4
0.538, 3.444e-4
0.539, 3.376e-4
0.540, 3.311e-4
0.541, 3.241e-4
0.542, 3.184e-4
0.543, 3.124e-4
0.544, 3.065e-4
0.545, 3.012e-4
0.546, 2.955e-4
0.547, 2.904e-4
0.548, 2.854e-4
0.549, 2.802e-4
0.550, 2.752e-4
0.551, 2.705e-4
0.552, 2.667e-4
0.553, 2.624e-4
0.554, 2.585e-4
0.555, 2.547e-4
0.556, 2.507e-4
0.557, 2.475e-4
0.558, 2.445e-4
0.559, 2.416e-4
0.560, 2.385e-4
0.561, 2.357e-4
0.562, 2.330e-4
0.563, 2.304e-4
0.564, 2.282e-4
0.565, 2.256e-4
0.566, 2.237e-4
0.567, 2.218e-4
0.568, 2.203e-4
0.569, 2.187e-4
0.570, 2.173e-4
0.571, 2.158e-4
0.572, 2.144e-4
0.573, 2.131e-4
0.574, 2.123e-4
0.575, 2.116e-4
0.576, 2.105e-4
0.577, 2.099e-4
0.578, 2.093e-4
0.579, 2.092e-4
0.580, 2.090e-4
0.581, 2.088e-4
0.582, 2.089e-4
0.583, 2.091e-4
0.584, 2.095e-4
0.585, 2.103e-4
0.586, 2.106e-4
0.587, 2.113e-4
0.588, 2.122e-4
0.589, 2.135e-4
0.590, 2.148e-4
0.591, 2.159e-4
0.592, 2.172e-4
0.593, 2.189e-4
0.594, 2.208e-4
0.595, 2.228e-4
0.596, 2.248e-4
0.597, 2.271e-4
0.598, 2.298e-4
0.599, 2.329e-4
0.600, 2.357e-4
0.601, 2.388e-4
0.602, 2.417e-4
0.603, 2.454e-4
0.604, 2.488e-4
0.605, 2.529e-4
0.606, 2.576e-4
0.607, 2.620e-4
0.608, 2.668e-4
0.609, 2.716e-4
0.610, 2.764e-4
0.611, 2.825e-4
0.612, 2.883e-4
0.613, 2.943e-4
0.614, 3.003e-4
0.615, 3.058e-4
0.616, 3.132e-4
0.617, 3.205e-4
0.618, 3.279e-4
0.619, 3.360e-4
0.620, 3.442e-4
0.621, 3.524e-4
0.622, 3.615e-4
0.623, 3.702e-4
0.624, 3.795e-4
0.625, 3.896e-4
0.626, 3.998e-4
0.627, 4.103e-4
0.628, 4.208e-4
0.629, 4.324e-4
0.630, 4.441e-4
0.631, 4.559e-4
0.632, 4.681e-4
0.633, 4.810e-4
0.634, 4.941e-4
0.635, 5.078e-4
0.636, 5.215e-4
0.637, 5.359e-4
0.638, 5.508e-4
0.639, 5.658e-4
0.640, 5.818e-4
0.641, 5.976e-4
0.642, 6.135e-4
0.643, 6.307e-4
0.644, 6.478e-4
0.645, 6.653e-4
0.646, 6.838e-4
0.647, 7.023e-4
0.648, 7.212e-4
0.649, 7.409e-4
0.650, 7.605e-4
0.651, 7.810e-4
0.652, 8.017e-4
0.653, 8.225e-4
0.654, 8.442e-4
0.655, 8.661e-4
0.656, 8.887e-4
0.657, 9.117e-4
0.658, 9.348e-4
0.659, 9.585e-4
0.660, 9.824e-4
0.661, 1.007e-3
0.662, 1.032e-3
0.663, 1.057e-3
0.664, 1.082e-3
0.665, 1.109e-3
0.666, 1.136e-3
0.667, 1.162e-3
0.668, 1.190e-3
0.669, 1.217e-3
0.670, 1.246e-3
0.671, 1.274e-3
0.672, 1.303e-3
0.673, 1.333e-3
0.674, 1.362e-3
0.675, 1.392e-3
0.676, 1.423e-3
0.677, 1.453e-3
0.678, 1.485e-3
0.679, 1.516e-3
0.680, 1.548e-3
0.681, 1.580e-3
0.682, 1.613e-3
0.683, 1.646e-3
0.684, 1.679e-3
0.685, 1.713e-3
0.686, 1.747e-3
0.687, 1.781e-3
0.688, 1.816e-3
0.689, 1.851e-3
0.690, 1.886e-3
0.691, 1.922e-3
0.692, 1.959e-3
0.693, 1.995e-3
0.694, 2.032e-3
0.695, 2.069e-3
0.696, 2.106e-3
0.697, 2.144e-3
0.698, 2.181e-3
0.699, 2.219e-3
0.700, 2.258e-3
0.701, 2.296e-3
0.702, 2.336e-3
0.703, 2.375e-3
0.704, 2.415e-3
0.705, 2.454e-3
0.706, 2.494e-3
0.707, 2.534e-3
0.708, 2.575e-3
0.709, 2.616e-3
0.710, 2.657e-3
0.711, 2.698e-3
0.712, 2.739e-3
0.713, 2.781e-3
0.714, 2.823e-3
0.715, 2.866e-3
0.716, 2.908e-3
0.717, 2.952e-3
0.718, 2.996e-3
0.719, 3.039e-3
0.720, 3.083e-3
0.721, 3.127e-3
0.722, 3.171e-3
0.723, 3.215e-3
0.724, 3.259e-3
0.725, 3.304e-3
0.726, 3.348e-3
0.727, 3.393e-3
0.728, 3.438e-3
0.729, 3.484e-3
0.730, 3.529e-3
0.731, 3.575e-3
0.732, 3.621e-3
0.733, 3.667e-3
0.734, 3.714e-3
0.735, 3.760e-3
0.736, 3.806e-3
0.737, 3.853e-3
0.738, 3.900e-3
0.739, 3.948e-3
0.740, 3.995e-3
0.741, 4.043e-3
0.742, 4.091e-3
0.743, 4.139e-3
0.744, 4.187e-3
0.745, 4.235e-3
0.746, 4.283e-3
0.747, 4.332e-3
0.748, 4.380e-3
0.749, 4.429e-3
0.750, 4.478e-3
0.751, 4.527e-3
0.752, 4.576e-3
0.753, 4.626e-3
0.754, 4.676e-3
0.755, 4.726e-3
0.756, 4.775e-3
0.757, 4.825e-3
0.758, 4.875e-3
0.759, 4.925e-3
0.760, 4.975e-3
0.761, 5.026e-3
0.762, 5.077e-3
0.763, 5.128e-3
0.764, 5.179e-3
0.765, 5.230e-3
0.766, 5.281e-3
0.767, 5.332e-3
0.768, 5.384e-3
0.769, 5.436e-3
0.770, 5.488e-3
0.771, 5.540e-3
0.772, 5.592e-3
0.773, 5.644e-3
0.774, 5.696e-3
0.775, 5.748e-3
0.776, 5.801e-3
0.777, 5.853e-3
0.778, 5.905e-3
0.779, 5.958e-3
0.780, 6.010e-3
0.781, 6.063e-3
0.782, 6.116e-3
0.783, 6.169e-3
0.784, 6.222e-3
0.785, 6.276e-3
0.786, 6.329e-3
0.787, 6.382e-3
0.788, 6.436e-3
0.789, 6.490e-3
0.790, 6.544e-3
0.791, 6.597e-3
0.792, 6.652e-3
0.793, 6.706e-3
0.794, 6.761e-3
0.795, 6.815e-3
0.796, 6.869e-3
0.797, 6.924e-3
0.798, 6.979e-3
0.799, 7.033e-3
0.800, 7.071e-3
0.799, 7.031e-3
0.798, 6.975e-3
0.797, 6.918e-3
0.796, 6.863e-3
0.795, 6.808e-3
0.794, 6.752e-3
0.793, 6.696e-3
0.792, 6.640e-3
0.791, 6.585e-3
0.790, 6.530e-3
0.789, 6.475e-3
0.788, 6.420e-3
0.787, 6.366e-3
0.786, 6.311e-3
0.785, 6.256e-3
0.784, 6.202e-3
0.783, 6.147e-3
0.782, 6.093e-3
0.781, 6.040e-3
0.780, 5.986e-3
0.779, 5.932e-3
0.778, 5.878e-3
0.777, 5.825e-3
0.776, 5.772e-3
0.775, 5.718e-3
0.774, 5.665e-3
0.773, 5.612e-3
0.772, 5.560e-3
0.771, 5.507e-3
0.770, 5.454e-3
0.769, 5.401e-3
0.768, 5.349e-3
0.767, 5.296e-3
0.766, 5.245e-3
0.765, 5.192e-3
0.764, 5.140e-3
0.763, 5.089e-3
0.762, 5.037e-3
0.761, 4.985e-3
0.760, 4.934e-3
0.759, 4.883e-3
0.758, 4.832e-3
0.757, 4.782e-3
0.756, 4.731e-3
0.755, 4.681e-3
0.754, 4.630e-3
0.753, 4.580e-3
0.752, 4.530e-3
0.751, 4.481e-3
0.750, 4.431e-3
0.749, 4.381e-3
0.748, 4.332e-3
0.747, 4.283e-3
0.746, 4.235e-3
0.745, 4.186e-3
0.744, 4.137e-3
0.743, 4.089e-3
0.742, 4.040e-3
0.741, 3.992e-3
0.740, 3.944e-3
0.739, 3.896e-3
0.738, 3.849e-3
0.737, 3.801e-3
0.736, 3.754e-3
0.735, 3.707e-3
0.734, 3.661e-3
0.733, 3.614e-3
0.732, 3.568e-3
0.731, 3.521e-3
0.730, 3.475e-3
0.729, 3.430e-3
0.728, 3.384e-3
0.727, 3.339e-3
0.726, 3.294e-3
0.725, 3.249e-3
0.724, 3.205e-3
0.723, 3.160e-3
0.722, 3.116e-3
0.721, 3.072e-3
0.720, 3.028e-3
0.719, 2.984e-3
0.718, 2.941e-3
0.717, 2.897e-3
0.716, 2.853e-3
0.715, 2.811e-3
0.714, 2.768e-3
0.713, 2.726e-3
0.712, 2.685e-3
0.711, 2.643e-3
0.710, 2.602e-3
0.709, 2.560e-3
0.708, 2.520e-3
0.707, 2.479e-3
0.706, 2.439e-3
0.705, 2.399e-3
0.704, 2.360e-3
0.703, 2.320e-3
0.702, 2.281e-3
0.701, 2.242e-3
0.700, 2.203e-3
0.699, 2.165e-3
0.698, 2.127e-3
0.697, 2.089e-3
0.696, 2.052e-3
0.695, 2.014e-3
0.694, 1.977e-3
0.693, 1.940e-3
0.692, 1.904e-3
0.691, 1.868e-3
0.690, 1.832e-3
0.689, 1.797e-3
0.688, 1.762e-3
0.687, 1.727e-3
0.686, 1.692e-3
0.685, 1.659e-3
0.684, 1.625e-3
0.683, 1.591e-3
0.682, 1.557e-3
0.681, 1.525e-3
0.680, 1.492e-3
0.679, 1.460e-3
0.678, 1.429e-3
0.677, 1.397e-3
0.676, 1.366e-3
0.675, 1.335e-3
0.674, 1.305e-3
0.673, 1.275e-3
0.672, 1.245e-3
0.671, 1.215e-3
0.670, 1.186e-3
0.669, 1.158e-3
0.668, 1.130e-3
0.667, 1.102e-3
0.666, 1.074e-3
0.665, 1.047e-3
0.664, 1.020e-3
0.663, 9.932e-4
0.662, 9.671e-4
0.661, 9.415e-4
0.660, 9.160e-4
0.659, 8.909e-4
0.658, 8.662e-4
0.657, 8.420e-4
0.656, 8.177e-4
0.655, 7.941e-4
0.654, 7.710e-4
0.653, 7.483e-4
0.652, 7.260e-4
0.651, 7.041e-4
0.650, 6.820e-4
0.649, 6.609e-4
0.648, 6.401e-4
0.647, 6.194e-4
0.646, 5.995e-4
0.645, 5.797e-4
0.644, 5.604e-4
0.643, 5.416e-4
0.642, 5.228e-4
0.641, 5.047e-4
0.640, 4.863e-4
0.639, 4.688e-4
0.638, 4.519e-4
0.637, 4.351e-4
0.636, 4.185e-4
0.635, 4.024e-4
0.634, 3.865e-4
0.633, 3.710e-4
0.632, 3.562e-4
0.631, 3.416e-4
0.630, 3.273e-4
0.629, 3.134e-4
0.628, 2.996e-4
0.627, 2.870e-4
0.626, 2.739e-4
0.625, 2.613e-4
0.624, 2.490e-4
0.623, 2.375e-4
0.622, 2.257e-4
0.621, 2.147e-4
0.620, 2.038e-4
0.619, 1.934e-4
0.618, 1.829e-4
0.617, 1.731e-4
0.616, 1.635e-4
0.615, 1.540e-4
0.614, 1.461e-4
0.613, 1.367e-4
0.612, 1.278e-4
0.611, 1.199e-4
0.610, 1.120e-4
0.609, 1.040e-4
0.608, 9.658e-5
0.607, 8.942e-5
0.606, 8.223e-5
0.605, 7.566e-5
0.604, 6.911e-5
0.603, 6.316e-5
0.602, 5.699e-5
0.601, 5.119e-5
0.600, 4.525e-5
0.599, 3.995e-5
0.598, 3.494e-5
0.597, 2.997e-5
0.596, 2.516e-5
0.595, 2.049e-5
0.594, 1.591e-5
0.593, 1.178e-5
0.592, 7.440e-6
0.591, 3.349e-6
0.590, -5.370e-7
0.589, -4.696e-6
0.588, -8.153e-6
0.587, -1.142e-5
0.586, -1.491e-5
0.585, -1.810e-5
0.584, -2.097e-5
0.583, -2.365e-5
0.582, -2.641e-5
0.581, -2.915e-5
0.580, -3.184e-5
0.579, -3.399e-5
0.578, -3.668e-5
0.577, -3.897e-5
0.576, -4.113e-5
0.575, -4.342e-5
0.574, -4.525e-5
0.573, -4.735e-5
0.572, -4.931e-5
0.571, -5.115e-5
0.570, -5.319e-5
0.569, -5.510e-5
0.568, -5.678e-5
0.567, -5.811e-5
0.566, -5.935e-5
0.565, -6.138e-5
0.564, -6.311e-5
0.563, -6.478e-5
0.562, -6.624e-5
0.561, -6.727e-5
0.560, -6.816e-5
0.559, -6.946e-5
0.558, -7.055e-5
0.557, -7.171e-5
0.556, -7.296e-5
0.555, -7.403e-5
0.554, -7.524e-5
0.553, -7.630e-5
0.552, -7.747e-5
0.551, -7.852e-5
0.550, -7.905e-5
0.549, -8.039e-5
0.548, -8.125e-5
0.547, -8.219e-5
0.546, -8.320e-5
0.545, -8.430e-5
0.544, -8.526e-5
0.543, -8.650e-5
0.542, -8.734e-5
0.541, -8.825e-5
0.540, -8.920e-5
0.539, -9.002e-5
0.538, -9.108e-5
0.537, -9.226e-5
0.536, -9.273e-5
0.535, -9.366e-5
0.534, -9.410e-5
0.533, -9.539e-5
0.532, -9.600e-5
0.531, -9.688e-5
0.530, -9.769e-5
0.529, -9.857e-5
0.528, -9.945e-5
0.527, -1.004e-4
0.526, -1.011e-4
0.525, -1.017e-4
0.524, -1.026e-4
0.523, -1.035e-4
0.522, -1.043e-4
0.521, -1.053e-4
0.520, -1.062e-4
0.519, -1.072e-4
0.518, -1.083e-4
0.517, -1.091e-4
0.516, -1.101e-4
0.515, -1.111e-4
0.514, -1.120e-4
0.513, -1.131e-4
0.512, -1.156e-4
0.511, -1.166e-4
0.510, -1.166e-4
0.509, -1.173e-4
0.508, -1.182e-4
0.507, -1.190e-4
0.506, -1.199e-4
0.505, -1.207e-4
0.504, -1.218e-4
0.503, -1.231e-4
0.502, -1.237e-4
0.501, -1.249e-4
0.500, -1.261e-4
0.499, -1.267e-4
0.498, -1.282e-4
0.497, -1.294e-4
0.496, -1.303e-4
0.495, -1.318e-4
0.494, -1.330e-4
0.493, -1.345e-4
0.492, -1.358e-4
0.491, -1.370e-4
0.490, -1.384e-4
0.489, -1.399e-4
0.488, -1.411e-4
0.487, -1.426e-4
0.486, -1.443e-4
0.485, -1.455e-4
0.484, -1.471e-4
0.483, -1.482e-4
0.482, -1.500e-4
0.481, -1.517e-4
0.480, -1.534e-4
0.479, -1.552e-4
0.478, -1.568e-4
0.477, -1.585e-4
0.476, -1.602e-4
0.475, -1.626e-4
0.474, -1.643e-4
0.473, -1.660e-4
0.472, -1.681e-4
0.471, -1.701e-4
0.470, -1.723e-4
0.469, -1.745e-4
0.468, -1.768e-4
0.467, -1.792e-4
0.466, -1.815e-4
0.465, -1.841e-4
0.464, -1.866e-4
0.463, -1.892e-4
0.462, -1.918e-4
0.461, -1.947e-4
0.460, -1.977e-4
0.459, -2.004e-4
0.458, -2.036e-4
0.457, -2.064e-4
0.456, -2.102e-4
0.455, -2.138e-4
0.454, -2.170e-4
0.453, -2.207e-4
0.452, -2.242e-4
0.451, -2.277e-4
0.450, -2.320e-4
0.449, -2.360e-4
0.448, -2.393e-4
0.447, -2.435e-4
0.446, -2.481e-4
0.445, -2.524e-4
0.444, -2.572e-4
0.443, -2.619e-4
0.442, -2.663e-4
0.441, -2.714e-4
0.440, -2.760e-4
0.439, -2.811e-4
0.438, -2.862e-4
0.437, -2.917e-4
0.436, -2.973e-4
0.435, -3.025e-4
0.434, -3.085e-4
0.433, -3.134e-4
0.432, -3.191e-4
0.431, -3.250e-4
0.430, -3.305e-4
0.429, -3.364e-4
0.428, -3.421e-4
0.427, -3.479e-4
0.426, -3.536e-4
0.425, -3.597e-4
0.424, -3.652e-4
0.423, -3.710e-4
0.422, -3.760e-4
0.421, -3.822e-4
0.420, -3.881e-4
0.419, -3.934e-4
0.418, -3.985e-4
0.417, -4.045e-4
0.416, -4.104e-4
0.415, -4.156e-4
0.414, -4.212e-4
0.413, -4.263e-4
0.412, -4.319e-4
0.411, -4.372e-4
0.410, -4.402e-4
0.409, -4.392e-4
0.408, -4.461e-4
0.407, -4.519e-4
0.406, -4.576e-4
0.405, -4.629e-4
0.404, -4.684e-4
0.403, -4.734e-4
0.402, -4.787e-4
0.401, -4.837e-4
0.400, -4.885e-4
0.399, -4.933e-4
0.398, -4.980e-4
0.397, -5.026e-4
0.396, -5.068e-4
0.395, -5.109e-4
0.394, -5.154e-4
0.393, -5.191e-4
0.392, -5.227e-4
0.391, -5.266e-4
0.390, -5.300e-4
0.389, -5.332e-4
0.388, -5.360e-4
0.387, -5.383e-4
0.386, -5.407e-4
0.385, -5.425e-4
0.384, -5.442e-4
0.383, -5.455e-4
0.382, -5.460e-4
0.381, -5.459e-4
0.380, -5.455e-4
0.379, -5.447e-4
0.378, -5.433e-4
0.377, -5.412e-4
0.376, -5.385e-4
0.375, -5.353e-4
0.374, -5.314e-4
0.373, -5.272e-4
0.372, -5.218e-4
0.371, -5.161e-4
0.370, -5.100e-4
0.369, -5.036e-4
0.368, -4.960e-4
0.367, -4.882e-4
0.366, -4.799e-4
0.365, -4.712e-4
0.364, -4.622e-4
0.363, -4.526e-4
0.362, -4.428e-4
0.361, -4.325e-4
0.360, -4.218e-4
0.359, -4.113e-4
0.358, -4.005e-4
0.357, -3.902e-4
0.356, -3.792e-4
0.355, -3.679e-4
0.354, -3.570e-4
0.353, -3.459e-4
0.352, -3.347e-4
0.351, -3.238e-4
0.350, -3.131e-4
0.349, -3.024e-4
0.348, -2.922e-4
0.347, -2.818e-4
0.346, -2.718e-4
0.345, -2.622e-4
0.344, -2.527e-4
0.343, -2.438e-4
0.342, -2.349e-4
0.341, -2.261e-4
0.340, -2.181e-4
0.339, -2.102e-4
0.338, -2.024e-4
0.337, -1.951e-4
0.336, -1.881e-4
0.335, -1.814e-4
0.334, -1.750e-4
0.333, -1.690e-4
0.332, -1.632e-4
0.331, -1.572e-4
0.330, -1.517e-4
0.329, -1.465e-4
0.328, -1.416e-4
0.327, -1.367e-4
0.326, -1.320e-4
0.325, -1.276e-4
0.324, -1.233e-4
0.323, -1.194e-4
0.322, -1.161e-4
0.321, -1.122e-4
0.320, -1.084e-4
0.319, -1.050e-4
0.318, -1.020e-4
0.317, -9.892e-5
0.316, -9.594e-5
0.315, -9.324e-5
0.314, -9.071e-5
0.313, -8.820e-5
0.312, -8.546e-5
0.311, -8.307e-5
0.310, -8.083e-5
0.309, -7.880e-5
0.308, -7.669e-5
0.307, -7.489e-5
0.306, -7.280e-5
0.305, -7.093e-5
0.304, -6.926e-5
0.303, -6.782e-5
0.302, -6.638e-5
0.301, -6.486e-5
0.300, -6.315e-5
0.299, -6.141e-5
0.298, -6.004e-5
0.297, -5.856e-5
0.296, -5.726e-5
0.295, -5.607e-5
0.294, -5.478e-5
0.293, -5.363e-5
0.292, -5.264e-5
0.291, -5.142e-5
0.290, -5.032e-5
0.289, -4.934e-5
0.288, -4.825e-5
0.287, -4.730e-5
0.286, -4.637e-5
0.285, -4.566e-5
0.284, -4.481e-5
0.283, -4.402e-5
0.282, -4.323e-5
0.281, -4.255e-5
0.280, -4.174e-5
0.279, -4.099e-5
0.278, -4.024e-5
0.277, -3.960e-5
0.276, -3.894e-5
0.275, -3.821e-5
0.274, -3.753e-5
0.273, -3.683e-5
0.272, -3.624e-5
0.271, -3.562e-5
0.270, -3.493e-5
0.269, -3.435e-5
0.268, -3.387e-5
0.267, -3.329e-5
0.266, -3.287e-5
0.265, -3.236e-5
0.264, -3.195e-5
0.263, -3.148e-5
0.262, -3.110e-5
0.261, -3.059e-5
0.260, -3.023e-5
0.259, -2.973e-5
0.258, -2.936e-5
0.257, -2.896e-5
0.256, -2.860e-5
0.255, -2.828e-5
0.254, -2.786e-5
0.253, -2.749e-5
0.252, -2.715e-5
0.251, -2.685e-5
0.250, -2.645e-5
0.249, -2.612e-5
0.248, -2.573e-5
0.247, -2.549e-5
0.246, -2.514e-5
0.245, -2.487e-5
0.244, -2.466e-5
0.243, -2.429e-5
0.242, -2.409e-5
0.241, -2.374e-5
0.240, -2.341e-5
0.239, -2.319e-5
0.238, -2.291e-5
0.237, -2.270e-5
0.236, -2.237e-5
0.235, -2.217e-5
0.234, -2.187e-5
0.233, -2.172e-5
0.232, -2.153e-5
0.231, -2.142e-5
0.230, -2.112e-5
0.229, -2.092e-5
0.228, -2.074e-5
0.227, -2.055e-5
0.226, -2.034e-5
0.225, -2.012e-5
0.224, -1.997e-5
0.223, -1.988e-5
0.222, -1.964e-5
0.221, -1.951e-5
0.220, -1.928e-5
0.219, -1.913e-5
0.218, -1.893e-5
0.217, -1.879e-5
0.216, -1.865e-5
0.215, -1.853e-5
0.214, -1.843e-5
0.213, -1.824e-5
0.212, -1.813e-5
0.211, -1.800e-5
0.210, -1.780e-5
0.209, -1.776e-5
0.208, -1.754e-5
0.207, -1.742e-5
0.206, -1.729e-5
0.205, -1.710e-5
0.204, -1.699e-5
0.203, -1.688e-5
0.202, -1.661e-5
0.201, -1.659e-5
0.200, -1.496e-5
0.201, -1.182e-5
0.202, -1.037e-5
0.203, -9.539e-6
0.204, -8.719e-6
0.205, -8.241e-6
0.206, -7.684e-6
0.207, -7.206e-6
0.208, -6.747e-6
0.209, -6.346e-6
0.210, -5.956e-6
0.211, -5.643e-6
0.212, -5.185e-6
0.213, -4.853e-6
0.214, -4.560e-6
0.215, -4.306e-6
0.216, -3.974e-6
0.217, -3.691e-6
0.218, -3.486e-6
0.219, -3.222e-6
0.220, -2.939e-6
0.221, -2.714e-6
0.222, -2.558e-6
0.223, -2.314e-6
0.224, -2.060e-6
0.225, -1.836e-6
0.226, -1.689e-6
0.227, -1.494e-6
0.228, -1.328e-6
0.229, -1.152e-6
0.230, -9.276e-7
0.231, -8.494e-7
0.232, -5.858e-7
0.233, -3.906e-7
0.234, -3.417e-7
0.235, -1.465e-7
0.236, 5.858e-8
0.237, 2.343e-7
0.238, 4.003e-7
0.239, 4.882e-7
0.240, 6.542e-7
0.241, 7.713e-7
0.242, 9.764e-7
0.243, 1.064e-6
0.244, 1.211e-6
0.245, 1.338e-6
0.246, 1.445e-6
0.247, 1.552e-6
0.248, 1.797e-6
0.249, 1.904e-6
0.250, 2.050e-6
0.251, 2.158e-6
0.252, 2.294e-6
0.253, 2.382e-6
0.254, 2.548e-6
0.255, 2.597e-6
0.256, 2.724e-6
0.257, 2.929e-6
0.258, 3.046e-6
0.259, 3.095e-6
0.260, 3.251e-6
0.261, 3.359e-6
0.262, 3.544e-6
0.263, 3.730e-6
0.264, 3.837e-6
0.265, 3.847e-6
0.266, 3.964e-6
0.267, 4.237e-6
0.268, 4.364e-6
0.269, 4.355e-6
0.270, 4.511e-6
0.271, 4.599e-6
0.272, 4.745e-6
0.273, 4.882e-6
0.274, 5.019e-6
0.275, 5.175e-6
0.276, 5.272e-6
0.277, 5.409e-6
0.278, 5.507e-6
0.279, 5.683e-6
0.280, 5.829e-6
0.281, 5.927e-6
0.282, 6.093e-6
0.283, 6.151e-6
0.284, 6.220e-6
0.285, 6.366e-6
0.286, 6.581e-6
0.287, 6.708e-6
0.288, 6.786e-6
0.289, 7.020e-6
0.290, 7.128e-6
0.291, 7.333e-6
0.292, 7.469e-6
0.293, 7.616e-6
0.294, 7.655e-6
0.295, 7.821e-6
0.296, 7.997e-6
0.297, 8.211e-6
0.298, 8.338e-6
0.299, 8.475e-6
0.300, 8.680e-6
0.301, 8.885e-6
0.302, 8.953e-6
0.303, 9.207e-6
0.304, 9.285e-6
0.305, 9.520e-6
0.306, 9.656e-6
0.307, 9.959e-6
0.308, 1.011e-5
0.309, 1.026e-5
0.310, 1.041e-5
0.311, 1.056e-5
0.312, 1.075e-5
0.313, 1.095e-5
0.314, 1.115e-5
0.315, 1.131e-5
0.316, 1.152e-5
0.317, 1.172e-5
0.318, 1.192e-5
0.319, 1.206e-5
0.320, 1.227e-5
0.321, 1.248e-5
0.322, 1.264e-5
0.323, 1.292e-5
0.324, 1.303e-5
0.325, 1.332e-5
0.326, 1.355e-5
0.327, 1.369e-5
0.328, 1.387e-5
0.329, 1.403e-5
0.330, 1.423e-5
0.331, 1.452e-5
0.332, 1.467e-5
0.333, 1.492e-5
0.334, 1.515e-5
0.335, 1.534e-5
0.336, 1.552e-5
0.337, 1.585e-5
0.338, 1.605e-5
0.339, 1.625e-5
0.340, 1.645e-5
0.341, 1.676e-5
0.342, 1.700e-5
0.343, 1.719e-5
0.344, 1.739e-5
0.345, 1.762e-5
0.346, 1.788e-5
0.347, 1.812e-5
0.348, 1.845e-5
0.349, 1.865e-5
0.350, 1.890e-5
0.351, 1.922e-5
0.352, 1.946e-5
0.353, 1.973e-5
0.354, 1.997e-5
0.355, 2.030e-5
0.356, 2.066e-5
0.357, 2.088e-5
0.358, 2.119e-5
0.359, 2.148e-5
0.360, 2.178e-5
0.361, 2.208e-5
0.362, 2.224e-5
0.363, 2.267e-5
0.364, 2.299e-5
0.365, 2.332e-5
0.366, 2.358e-5
0.367, 2.387e-5
0.368, 2.418e-5
0.369, 2.461e-5
0.370, 2.491e-5
0.371, 2.523e-5
0.372, 2.543e-5
0.373, 2.586e-5
0.374, 2.621e-5
0.375, 2.656e-5
0.376, 2.687e-5
0.377, 2.723e-5
0.378, 2.761e-5
0.379, 2.785e-5
0.380, 2.819e-5
0.381, 2.859e-5
0.382, 2.893e-5
0.383, 2.936e-5
0.384, 2.956e-5
0.385, 3.000e-5
0.386, 3.032e-5
0.387, 3.076e-5
0.388, 3.117e-5
0.389, 3.154e-5
0.390, 3.204e-5
0.391, 3.244e-5
0.392, 3.285e-5
0.393, 3.337e-5
0.394, 3.386e-5
0.395, 3.438e-5
0.396, 3.492e-5
0.397, 3.534e-5
0.398, 3.591e-5
0.399, 3.636e-5
0.400, 3.696e-5
0.401, 3.755e-5
0.402, 3.801e-5
0.403, 3.859e-5
0.404, 3.916e-5
0.405, 3.970e-5
0.406, 4.036e-5
0.407, 4.087e-5
0.408, 4.152e-5
0.409, 4.205e-5
0.410, 4.147e-5
0.411, 4.287e-5
0.412, 4.396e-5
0.413, 4.484e-5
0.414, 4.581e-5
0.415, 4.664e-5
0.416, 4.750e-5
0.417, 4.853e-5
0.418, 4.946e-5
0.419, 5.042e-5
0.420, 5.144e-5
0.421, 5.252e-5
0.422, 5.349e-5
0.423, 5.451e-5
0.424, 5.580e-5
0.425, 5.725e-5
0.426, 5.868e-5
0.427, 6.029e-5
0.428, 6.179e-5
0.429, 6.331e-5
0.430, 6.504e-5
0.431, 6.681e-5
0.432, 6.865e-5
0.433, 7.095e-5
0.434, 7.331e-5
0.435, 7.584e-5
0.436, 7.832e-5
0.437, 8.104e-5
0.438, 8.444e-5
0.439, 8.798e-5
0.440, 9.133e-5
0.441, 9.531e-5
0.442, 9.977e-5
0.443, 1.045e-4
0.444, 1.100e-4
0.445, 1.155e-4
0.446, 1.216e-4
0.447, 1.280e-4
0.448, 1.355e-4
0.449, 1.434e-4
0.450, 1.522e-4
0.451, 1.620e-4
0.452, 1.721e-4
0.453, 1.833e-4
0.454, 1.955e-4
0.455, 2.089e-4
0.456, 2.229e-4
0.457, 2.385e-4
0.458, 2.547e-4
0.459, 2.727e-4
0.460, 2.923e-4
0.461, 3.131e-4
0.462, 3.352e-4
0.463, 3.587e-4
0.464, 3.838e-4
0.465, 4.104e-4
0.466, 4.384e-4
0.467, 4.674e-4
0.468, 4.975e-4
0.469, 5.283e-4
0.470, 5.599e-4
0.471, 5.920e-4
0.472, 6.241e-4
0.473, 6.567e-4
0.474, 6.880e-4
0.475, 7.197e-4
0.476, 7.506e-4
0.477, 7.801e-4
0.478, 8.082e-4
0.479, 8.342e-4
0.480, 8.586e-4
0.481, 8.803e-4
0.482, 8.995e-4
0.483, 9.157e-4
0.484, 9.289e-4
0.485, 9.395e-4
0.486, 9.469e-4
0.487, 9.519e-4
0.488, 9.538e-4
0.489, 9.528e-4
0.490, 9.488e-4
0.491, 9.430e-4
0.492, 9.349e-4
0.493, 9.249e-4
0.494, 9.126e-4
0.495, 8.989e-4
0.496, 8.837e-4
0.497, 8.677e-4
0.498, 8.508e-4
0.499, 8.326e-4
0.500, 8.140e-4
0.501, 7.956e-4
0.502, 7.770e-4
0.503, 7.582e-4
0.504, 7.399e-4
0.505, 7.220e-4
0.506, 7.042e-4
0.507, 6.869e-4
0.508, 6.700e-4
0.509, 6.540e-4
0.510, 6.383e-4
0.511, 6.231e-4
0.512, 6.100e-4
0.513, 5.972e-4
0.514, 5.832e-4
0.515, 5.700e-4
0.516, 5.576e-4
0.517, 5.453e-4
0.518, 5.336e-4
0.519, 5.219e-4
0.520, 5.110e-4
0.521, 5.004e-4
0.522, 4.898e-4
0.523, 4.797e-4
0.524, 4.698e-4
0.525, 4.601e-4
0.526, 4.507e-4
0.527, 4.416e-4
0.528, 4.323e-4
0.529, 4.236e-4
0.530, 4.149e-4
0.531, 4.068e-4
0.532, 3.983e-4
0.533, 3.902e-4
0.534, 3.819e-4
0.535, 3.738e-4
0.536, 3.668e-4
0.537, 3.594e-4
0.538, 3.523e-4
0.539, 3.453e-4
0.540, 3.383e-4
0.541, 3.317e-4
0.542, 3.249e-4
0.543, 3.189e-4
0.544, 3.126e-4
0.545, 3.072e-4
0.546, 3.013e-4
0.547, 2.960e-4
0.548, 2.906e-4
0.549, 2.855e-4
0.550, 2.807e-4
0.551, 2.751e-4
0.552, 2.712e-4
0.553, 2.672e-4
0.554, 2.630e-4
0.555, 2.592e-4
0.556, 2.555e-4
0.557, 2.513e-4
0.558, 2.483e-4
0.559, 2.457e-4
0.560, 2.427e-4
0.561, 2.396e-4
0.562, 2.372e-4
0.563, 2.348e-4
0.564, 2.325e-4
0.565, 2.298e-4
0.566, 2.277e-4
0.567, 2.256e-4
0.568, 2.242e-4
0.569, 2.227e-4
0.570, 2.214e-4
0.571, 2.200e-4
0.572, 2.188e-4
0.573, 2.175e-4
0.574, 2.167e-4
0.575, 2.160e-4
0.576, 2.149e-4
0.577, 2.146e-4
0.578, 2.143e-4
0.579, 2.140e-4
0.580, 2.142e-4
0.581, 2.139e-4
0.582, 2.141e-4
0.583, 2.146e-4
0.584, 2.151e-4
0.585, 2.157e-4
0.586, 2.162e-4
0.587, 2.175e-4
0.588, 2.184e-4
0.589, 2.198e-4
0.590, 2.212e-4
0.591, 2.225e-4
0.592, 2.241e-4
0.593, 2.258e-4
0.594, 2.278e-4
0.595, 2.303e-4
0.596, 2.331e-4
0.597, 2.357e-4
0.598, 2.385e-4
0.599, 2.413e-4
0.600, 2.447e-4
0.601, 2.478e-4
0.602, 2.507e-4
0.603, 2.553e-4
0.604, 2.596e-4
0.605, 2.639e-4
0.606, 2.688e-4
0.607, 2.731e-4
0.608, 2.781e-4
0.609, 2.842e-4
0.610, 2.897e-4
0.611, 2.955e-4
0.612, 3.018e-4
0.613, 3.085e-4
0.614, 3.147e-4
0.615, 3.208e-4
0.616, 3.289e-4
0.617, 3.369e-4
0.618, 3.449e-4
0.619, 3.534e-4
0.620, 3.622e-4
0.621, 3.712e-4
0.622, 3.806e-4
0.623, 3.905e-4
0.624, 4.007e-4
0.625, 4.112e-4
0.626, 4.218e-4
0.627, 4.332e-4
0.628, 4.447e-4
0.629, 4.568e-4
0.630, 4.690e-4
0.631, 4.818e-4
0.632, 4.951e-4
0.633, 5.090e-4
0.634, 5.228e-4
0.635, 5.373e-4
0.636, 5.522e-4
0.637, 5.672e-4
0.638, 5.830e-4
0.639, 5.991e-4
0.640, 6.154e-4
0.641, 6.329e-4
0.642, 6.500e-4
0.643, 6.679e-4
0.644, 6.860e-4
0.645, 7.049e-4
0.646, 7.242e-4
0.647, 7.437e-4
0.648, 7.636e-4
0.649, 7.846e-4
0.650, 8.052e-4
0.651, 8.267e-4
0.652, 8.486e-4
0.653, 8.701e-4
0.654, 8.932e-4
0.655, 9.163e-4
0.656, 9.399e-4
0.657, 9.640e-4
0.658, 9.884e-4
0.659, 1.013e-3
0.660, 1.038e-3
0.661, 1.064e-3
0.662, 1.090e-3
0.663, 1.116e-3
0.664, 1.144e-3
0.665, 1.170e-3
0.666, 1.198e-3
0.667, 1.226e-3
0.668, 1.255e-3
0.669, 1.284e-3
0.670, 1.313e-3
0.671, 1.343e-3
0.672, 1.373e-3
0.673, 1.404e-3
0.674, 1.434e-3
0.675, 1.466e-3
0.676, 1.498e-3
0.677, 1.530e-3
0.678, 1.562e-3
0.679, 1.595e-3
0.680, 1.628e-3
0.681, 1.661e-3
0.682, 1.695e-3
0.683, 1.729e-3
0.684, 1.764e-3
0.685, 1.799e-3
0.686, 1.834e-3
0.687, 1.870e-3
0.688, 1.906e-3
0.689, 1.942e-3
0.690, 1.979e-3
0.691, 2.016e-3
0.692, 2.054e-3
0.693, 2.091e-3
0.694, 2.129e-3
0.695, 2.167e-3
0.696, 2.205e-3
0.697, 2.244e-3
0.698, 2.283e-3
0.699, 2.322e-3
0.700, 2.362e-3
0.701, 2.402e-3
0.702, 2.442e-3
0.703, 2.482e-3
0.704, 2.523e-3
0.705, 2.564e-3
0.706, 2.605e-3
0.707, 2.646e-3
0.708, 2.688e-3
0.709, 2.730e-3
0.710, 2.772e-3
0.711, 2.814e-3
0.712, 2.857e-3
0.713, 2.900e-3
0.714, 2.943e-3
0.715, 2.986e-3
0.716, 3.030e-3
0.717, 3.076e-3
0.718, 3.121e-3
0.719, 3.165e-3
0.720, 3.210e-3
0.721, 3.255e-3
0.722, 3.300e-3
0.723, 3.345e-3
0.724, 3.390e-3
0.725, 3.436e-3
0.726, 3.482e-3
0.727, 3.528e-3
0.728, 3.574e-3
0.729, 3.621e-3
0.730, 3.667e-3
0.731, 3.714e-3
0.732, 3.761e-3
0.733, 3.808e-3
0.734, 3.855e-3
0.735, 3.903e-3
0.736, 3.951e-3
0.737, 3.999e-3
0.738, 4.047e-3
0.739, 4.095e-3
0.740, 4.144e-3
0.741, 4.192e-3
0.742, 4.241e-3
0.743, 4.290e-3
0.744, 4.339e-3
0.745, 4.388e-3
0.746, 4.438e-3
0.747, 4.487e-3
0.748, 4.537e-3
0.749, 4.587e-3
0.750, 4.637e-3
0.751, 4.687e-3
0.752, 4.738e-3
0.753, 4.788e-3
0.754, 4.838e-3
0.755, 4.889e-3
0.756, 4.940e-3
0.757, 4.990e-3
0.758, 5.042e-3
0.759, 5.093e-3
0.760, 5.145e-3
0.761, 5.197e-3
0.762, 5.248e-3
0.763, 5.300e-3
0.764, 5.352e-3
0.765, 5.404e-3
0.766, 5.456e-3
0.767, 5.509e-3
0.768, 5.561e-3
0.769, 5.614e-3
0.770, 5.666e-3
0.771, 5.719e-3
0.772, 5.772e-3
0.773, 5.825e-3
0.774, 5.878e-3
0.775, 5.931e-3
0.776, 5.984e-3
0.777, 6.038e-3
0.778, 6.091e-3
0.779, 6.145e-3
0.780, 6.199e-3
0.781, 6.252e-3
0.782, 6.306e-3
0.783, 6.360e-3
0.784, 6.414e-3
0.785, 6.469e-3
0.786, 6.523e-3
0.787, 6.577e-3
0.788, 6.632e-3
0.789, 6.687e-3
0.790, 6.742e-3
0.791, 6.797e-3
0.792, 6.851e-3
0.793, 6.907e-3
0.794, 6.962e-3
0.795, 7.018e-3
0.796, 7.073e-3
0.797, 7.129e-3
0.798, 7.184e-3
0.799, 7.240e-3
0.800, 7.277e-3
0.799, 7.238e-3
0.798, 7.181e-3
0.797, 7.124e-3
0.796, 7.068e-3
0.795, 7.011e-3
0.794, 6.955e-3
0.793, 6.898e-3
0.792, 6.842e-3
0.791, 6.787e-3
0.790, 6.731e-3
0.789, 6.675e-3
0.788, 6.619e-3
0.787, 6.563e-3
0.786, 6.508e-3
0.785, 6.452e-3
0.784, 6.397e-3
0.783, 6.342e-3
0.782, 6.287e-3
0.781, 6.232e-3
0.780, 6.178e-3
0.779, 6.123e-3
0.778, 6.069e-3
0.777, 6.015e-3
0.776, 5.961e-3
0.775, 5.906e-3
0.774, 5.852e-3
0.773, 5.799e-3
0.772, 5.745e-3
0.771, 5.692e-3
0.770, 5.639e-3
0.769, 5.585e-3
0.768, 5.531e-3
0.767, 5.478e-3
0.766, 5.425e-3
0.765, 5.372e-3
0.764, 5.319e-3
0.763, 5.267e-3
0.762, 5.215e-3
0.761, 5.162e-3
0.760, 5.110e-3
0.759, 5.058e-3
0.758, 5.006e-3
0.757, 4.954e-3
0.756, 4.902e-3
0.755, 4.852e-3
0.754, 4.801e-3
0.753, 4.750e-3
0.752, 4.699e-3
0.751, 4.648e-3
0.750, 4.597e-3
0.749, 4.547e-3
0.748, 4.497e-3
0.747, 4.447e-3
0.746, 4.397e-3
0.745, 4.347e-3
0.744, 4.297e-3
0.743, 4.248e-3
0.742, 4.198e-3
0.741, 4.149e-3
0.740, 4.100e-3
0.739, 4.052e-3
0.738, 4.003e-3
0.737, 3.955e-3
0.736, 3.906e-3
0.735, 3.858e-3
0.734, 3.811e-3
0.733, 3.763e-3
0.732, 3.716e-3
0.731, 3.668e-3
0.730, 3.621e-3
0.729, 3.575e-3
0.728, 3.528e-3
0.727, 3.482e-3
0.726, 3.436e-3
0.725, 3.390e-3
0.724, 3.344e-3
0.723, 3.298e-3
0.722, 3.253e-3
0.721, 3.208e-3
0.720, 3.163e-3
0.719, 3.118e-3
0.718, 3.074e-3
0.717, 3.028e-3
0.716, 2.983e-3
0.715, 2.939e-3
0.714, 2.896e-3
0.713, 2.853e-3
0.712, 2.810e-3
0.711, 2.767e-3
0.710, 2.724e-3
0.709, 2.682e-3
0.708, 2.640e-3
0.707, 2.599e-3
0.706, 2.557e-3
0.705, 2.516e-3
0.704, 2.475e-3
0.703, 2.435e-3
0.702, 2.394e-3
0.701, 2.354e-3
0.700, 2.314e-3
0.699, 2.275e-3
0.698, 2.235e-3
0.697, 2.196e-3
0.696, 2.158e-3
0.695, 2.119e-3
0.694, 2.081e-3
0.693, 2.043e-3
0.692, 2.006e-3
0.691, 1.968e-3
0.690, 1.931e-3
0.689, 1.894e-3
0.688, 1.857e-3
0.687, 1.821e-3
0.686, 1.786e-3
0.685, 1.750e-3
0.684, 1.715e-3
0.683, 1.681e-3
0.682, 1.647e-3
0.681, 1.612e-3
0.680, 1.579e-3
0.679, 1.545e-3
0.678, 1.512e-3
0.677, 1.479e-3
0.676, 1.447e-3
0.675, 1.415e-3
0.674, 1.383e-3
0.673, 1.352e-3
0.672, 1.321e-3
0.671, 1.290e-3
0.670, 1.259e-3
0.669, 1.229e-3
0.668, 1.200e-3
0.667, 1.171e-3
0.666, 1.142e-3
0.665, 1.113e-3
0.664, 1.085e-3
0.663, 1.057e-3
0.662, 1.030e-3
0.661, 1.003e-3
0.660, 9.765e-4
0.659, 9.503e-4
0.658, 9.243e-4
0.657, 8.987e-4
0.656, 8.734e-4
0.655, 8.488e-4
0.654, 8.244e-4
0.653, 8.004e-4
0.652, 7.767e-4
0.651, 7.535e-4
0.650, 7.306e-4
0.649, 7.081e-4
0.648, 6.860e-4
0.647, 6.641e-4
0.646, 6.430e-4
0.645, 6.219e-4
0.644, 6.015e-4
0.643, 5.817e-4
0.642, 5.619e-4
0.641, 5.427e-4
0.640, 5.233e-4
0.639, 5.048e-4
0.638, 4.868e-4
0.637, 4.689e-4
0.636, 4.515e-4
0.635, 4.345e-4
0.634, 4.176e-4
0.633, 4.014e-4
0.632, 3.852e-4
0.631, 3.695e-4
0.630, 3.545e-4
0.629, 3.397e-4
0.628, 3.251e-4
0.627, 3.118e-4
0.626, 2.976e-4
0.625, 2.841e-4
0.624, 2.710e-4
0.623, 2.586e-4
0.622, 2.462e-4
0.621, 2.343e-4
0.620, 2.224e-4
0.619, 2.113e-4
0.618, 2.005e-4
0.617, 1.900e-4
0.616, 1.794e-4
0.615, 1.696e-4
0.614, 1.610e-4
0.613, 1.507e-4
0.612, 1.415e-4
0.611, 1.327e-4
0.610, 1.240e-4
0.609, 1.158e-4
0.608, 1.079e-4
0.607, 9.987e-5
0.606, 9.258e-5
0.605, 8.553e-5
0.604, 7.822e-5
0.603, 7.190e-5
0.602, 6.526e-5
0.601, 5.920e-5
0.600, 5.309e-5
0.599, 4.696e-5
0.598, 4.150e-5
0.597, 3.604e-5
0.596, 3.092e-5
0.595, 2.604e-5
0.594, 2.112e-5
0.593, 1.640e-5
0.592, 1.208e-5
0.591, 7.635e-6
0.590, 3.447e-6
0.589, -8.983e-7
0.588, -4.862e-6
0.587, -8.260e-6
0.586, -1.182e-5
0.585, -1.534e-5
0.584, -1.877e-5
0.583, -2.165e-5
0.582, -2.467e-5
0.581, -2.721e-5
0.580, -2.999e-5
0.579, -3.274e-5
0.578, -3.540e-5
0.577, -3.797e-5
0.576, -4.026e-5
0.575, -4.271e-5
0.574, -4.467e-5
0.573, -4.694e-5
0.572, -4.902e-5
0.571, -5.093e-5
0.570, -5.304e-5
0.569, -5.475e-5
0.568, -5.647e-5
0.567, -5.849e-5
0.566, -6.005e-5
0.565, -6.190e-5
0.564, -6.376e-5
0.563, -6.552e-5
0.562, -6.682e-5
0.561, -6.799e-5
0.560, -6.924e-5
0.559, -7.043e-5
0.558, -7.171e-5
0.557, -7.308e-5
0.556, -7.422e-5
0.555, -7.548e-5
0.554, -7.672e-5
0.553, -7.782e-5
0.552, -7.876e-5
0.551, -7.994e-5
0.550, -8.063e-5
0.549, -8.201e-5
0.548, -8.306e-5
0.547, -8.398e-5
0.546, -8.506e-5
0.545, -8.614e-5
0.544, -8.712e-5
0.543, -8.851e-5
0.542, -8.944e-5
0.541, -9.019e-5
0.540, -9.125e-5
0.539, -9.206e-5
0.538, -9.330e-5
0.537, -9.389e-5
0.536, -9.468e-5
0.535, -9.552e-5
0.534, -9.665e-5
0.533, -9.764e-5
0.532, -9.838e-5
0.531, -9.936e-5
0.530, -1.005e-4
0.529, -1.011e-4
0.528, -1.022e-4
0.527, -1.030e-4
0.526, -1.035e-4
0.525, -1.043e-4
0.524, -1.050e-4
0.523, -1.061e-4
0.522, -1.072e-4
0.521, -1.082e-4
0.520, -1.090e-4
0.519, -1.100e-4
0.518, -1.112e-4
0.517, -1.121e-4
0.516, -1.132e-4
0.515, -1.139e-4
0.514, -1.150e-4
0.513, -1.159e-4
0.512, -1.182e-4
0.511, -1.191e-4
0.510, -1.191e-4
0.509, -1.199e-4
0.508, -1.210e-4
0.507, -1.219e-4
0.506, -1.228e-4
0.505, -1.236e-4
0.504, -1.248e-4
0.503, -1.261e-4
0.502, -1.271e-4
0.501, -1.281e-4
0.500, -1.294e-4
0.499, -1.299e-4
0.498, -1.314e-4
0.497, -1.327e-4
0.496, -1.337e-4
0.495, -1.351e-4
0.494, -1.363e-4
0.493, -1.380e-4
0.492, -1.393e-4
0.491, -1.405e-4
0.490, -1.420e-4
0.489, -1.431e-4
0.488, -1.443e-4
0.487, -1.458e-4
0.486, -1.475e-4
0.485, -1.490e-4
0.484, -1.506e-4
0.483, -1.522e-4
0.482, -1.540e-4
0.481, -1.557e-4
0.480, -1.570e-4
0.479, -1.590e-4
0.478, -1.606e-4
0.477, -1.626e-4
0.476, -1.645e-4
0.475, -1.665e-4
0.474, -1.683e-4
0.473, -1.699e-4
0.472, -1.723e-4
0.471, -1.743e-4
0.470, -1.764e-4
0.469, -1.787e-4
0.468, -1.812e-4
0.467, -1.838e-4
0.466, -1.864e-4
0.465, -1.887e-4
0.464, -1.909e-4
0.463, -1.938e-4
0.462, -1.968e-4
0.461, -2.000e-4
0.460, -2.028e-4
0.459, -2.058e-4
0.458, -2.094e-4
0.457, -2.125e-4
0.456, -2.158e-4
0.455, -2.196e-4
0.454, -2.229e-4
0.453, -2.266e-4
0.452, -2.303e-4
0.451, -2.342e-4
0.450, -2.387e-4
0.449, -2.428e-4
0.448, -2.464e-4
0.447, -2.504e-4
0.446, -2.549e-4
0.445, -2.601e-4
0.444, -2.647e-4
0.443, -2.694e-4
0.442, -2.745e-4
0.441, -2.793e-4
0.440, -2.846e-4
0.439, -2.898e-4
0.438, -2.949e-4
0.437, -3.007e-4
0.436, -3.066e-4
0.435, -3.129e-4
0.434, -3.182e-4
0.433, -3.239e-4
0.432, -3.295e-4
0.431, -3.360e-4
0.430, -3.416e-4
0.429, -3.479e-4
0.428, -3.539e-4
0.427, -3.601e-4
0.426, -3.661e-4
0.425, -3.720e-4
0.424, -3.780e-4
0.423, -3.844e-4
0.422, -3.900e-4
0.421, -3.959e-4
0.420, -4.016e-4
0.419, -4.079e-4
0.418, -4.140e-4
0.417, -4.201e-4
0.416, -4.257e-4
0.415, -4.318e-4
0.414, -4.374e-4
0.413, -4.434e-4
0.412, -4.494e-4
0.411, -4.550e-4
0.410, -4.583e-4
0.409, -4.572e-4
0.408, -4.643e-4
0.407, -4.710e-4
0.406, -4.768e-4
0.405, -4.824e-4
0.404, -4.884e-4
0.403, -4.940e-4
0.402, -4.998e-4
0.401, -5.054e-4
0.400, -5.103e-4
0.399, -5.155e-4
0.398, -5.205e-4
0.397, -5.252e-4
0.396, -5.298e-4
0.395, -5.343e-4
0.394, -5.392e-4
0.393, -5.436e-4
0.392, -5.480e-4
0.391, -5.522e-4
0.390, -5.562e-4
0.389, -5.598e-4
0.388, -5.628e-4
0.387, -5.656e-4
0.386, -5.679e-4
0.385, -5.702e-4
0.384, -5.724e-4
0.383, -5.739e-4
0.382, -5.745e-4
0.381, -5.752e-4
0.380, -5.749e-4
0.379, -5.739e-4
0.378, -5.725e-4
0.377, -5.707e-4
0.376, -5.683e-4
0.375, -5.652e-4
0.374, -5.608e-4
0.373, -5.568e-4
0.372, -5.517e-4
0.371, -5.451e-4
0.370, -5.391e-4
0.369, -5.319e-4
0.368, -5.243e-4
0.367, -5.163e-4
0.366, -5.078e-4
0.365, -4.984e-4
0.364, -4.886e-4
0.363, -4.784e-4
0.362, -4.680e-4
0.361, -4.571e-4
0.360, -4.458e-4
0.359, -4.345e-4
0.358, -4.230e-4
0.357, -4.113e-4
0.356, -3.994e-4
0.355, -3.881e-4
0.354, -3.760e-4
0.353, -3.642e-4
0.352, -3.526e-4
0.351, -3.409e-4
0.350, -3.291e-4
0.349, -3.179e-4
0.348, -3.070e-4
0.347, -2.959e-4
0.346, -2.853e-4
0.345, -2.748e-4
0.344, -2.650e-4
0.343, -2.552e-4
0.342, -2.458e-4
0.341, -2.367e-4
0.340, -2.278e-4
0.339, -2.196e-4
0.338, -2.116e-4
0.337, -2.034e-4
0.336, -1.959e-4
0.335, -1.890e-4
0.334, -1.822e-4
0.333, -1.757e-4
0.332, -1.696e-4
0.331, -1.637e-4
0.330, -1.577e-4
0.329, -1.522e-4
0.328, -1.467e-4
0.327, -1.420e-4
0.326, -1.370e-4
0.325, -1.323e-4
0.324, -1.280e-4
0.323, -1.237e-4
0.322, -1.198e-4
0.321, -1.163e-4
0.320, -1.123e-4
0.319, -1.087e-4
0.318, -1.053e-4
0.317, -1.024e-4
0.316, -9.930e-5
0.315, -9.624e-5
0.314, -9.360e-5
0.313, -9.113e-5
0.312, -8.841e-5
0.311, -8.585e-5
0.310, -8.337e-5
0.309, -8.124e-5
0.308, -7.910e-5
0.307, -7.732e-5
0.306, -7.515e-5
0.305, -7.317e-5
0.304, -7.122e-5
0.303, -6.959e-5
0.302, -6.816e-5
0.301, -6.681e-5
0.300, -6.523e-5
0.299, -6.359e-5
0.298, -6.189e-5
0.297, -6.041e-5
0.296, -5.895e-5
0.295, -5.774e-5
0.294, -5.643e-5
0.293, -5.525e-5
0.292, -5.408e-5
0.291, -5.295e-5
0.290, -5.186e-5
0.289, -5.081e-5
0.288, -4.982e-5
0.287, -4.879e-5
0.286, -4.776e-5
0.285, -4.683e-5
0.284, -4.606e-5
0.283, -4.520e-5
0.282, -4.434e-5
0.281, -4.359e-5
0.280, -4.286e-5
0.279, -4.219e-5
0.278, -4.149e-5
0.277, -4.071e-5
0.276, -4.001e-5
0.275, -3.929e-5
0.274, -3.861e-5
0.273, -3.792e-5
0.272, -3.727e-5
0.271, -3.661e-5
0.270, -3.611e-5
0.269, -3.537e-5
0.268, -3.480e-5
0.267, -3.428e-5
0.266, -3.378e-5
0.265, -3.321e-5
0.264, -3.273e-5
0.263, -3.232e-5
0.262, -3.189e-5
0.261, -3.138e-5
0.260, -3.095e-5
0.259, -3.055e-5
0.258, -3.013e-5
0.257, -2.978e-5
0.256, -2.926e-5
0.255, -2.897e-5
0.254, -2.858e-5
0.253, -2.821e-5
0.252, -2.786e-5
0.251, -2.749e-5
0.250, -2.714e-5
0.249, -2.681e-5
0.248, -2.648e-5
0.247, -2.618e-5
0.246, -2.595e-5
0.245, -2.553e-5
0.244, -2.524e-5
0.243, -2.492e-5
0.242, -2.463e-5
0.241, -2.434e-5
0.240, -2.406e-5
0.239, -2.384e-5
0.238, -2.356e-5
0.237, -2.334e-5
0.236, -2.306e-5
0.235, -2.285e-5
0.234, -2.254e-5
0.233, -2.239e-5
0.232, -2.205e-5
0.231, -2.195e-5
0.230, -2.170e-5
0.229, -2.145e-5
0.228, -2.129e-5
0.227, -2.107e-5
0.226, -2.083e-5
0.225, -2.064e-5
0.224, -2.043e-5
0.223, -2.033e-5
0.222, -2.014e-5
0.221, -1.993e-5
0.220, -1.978e-5
0.219, -1.962e-5
0.218, -1.947e-5
0.217, -1.930e-5
0.216, -1.916e-5
0.215, -1.900e-5
0.214, -1.881e-5
0.213, -1.864e-5
0.212, -1.858e-5
0.211, -1.837e-5
0.210, -1.824e-5
0.209, -1.810e-5
0.208, -1.791e-5
0.207, -1.784e-5
0.206, -1.771e-5
0.205, -1.755e-5
0.204, -1.748e-5
0.203, -1.732e-5
0.202, -1.716e-5
0.201, -1.700e-5
0.200, -1.542e-5
0.201, -1.207e-5
0.202, -1.075e-5
0.203, -9.822e-6
0.204, -9.071e-6
0.205, -8.524e-6
0.206, -7.840e-6
0.207, -7.323e-6
0.208, -6.932e-6
0.209, -6.542e-6
0.210, -6.044e-6
0.211, -5.761e-6
0.212, -5.351e-6
0.213, -5.019e-6
0.214, -4.745e-6
0.215, -4.443e-6
0.216, -4.101e-6
0.217, -3.779e-6
0.218, -3.613e-6
0.219, -3.300e-6
0.220, -3.017e-6
0.221, -2.871e-6
0.222, -2.568e-6
0.223, -2.343e-6
0.224, -2.129e-6
0.225, -1.904e-6
0.226, -1.718e-6
0.227, -1.533e-6
0.228, -1.328e-6
0.229, -1.211e-6
0.230, -9.569e-7
0.231, -7.225e-7
0.232, -6.054e-7
0.233, -4.296e-7
0.234, -3.222e-7
0.235, -1.172e-7
0.236, 2.929e-8
0.237, 2.246e-7
0.238, 4.394e-7
0.239, 5.272e-7
0.240, 6.737e-7
0.241, 8.397e-7
0.242, 1.025e-6
0.243, 1.074e-6
0.244, 1.250e-6
0.245, 1.357e-6
0.246, 1.494e-6
0.247, 1.757e-6
0.248, 1.816e-6
0.249, 2.021e-6
0.250, 2.089e-6
0.251, 2.246e-6
0.252, 2.363e-6
0.253, 2.441e-6
0.254, 2.626e-6
0.255, 2.734e-6
0.256, 2.851e-6
0.257, 3.017e-6
0.258, 3.124e-6
0.259, 3.232e-6
0.260, 3.398e-6
0.261, 3.544e-6
0.262, 3.710e-6
0.263, 3.827e-6
0.264, 3.925e-6
0.265, 4.081e-6
0.266, 4.150e-6
0.267, 4.316e-6
0.268, 4.433e-6
0.269, 4.540e-6
0.270, 4.735e-6
0.271, 4.911e-6
0.272, 4.911e-6
0.273, 5.126e-6
0.274, 5.185e-6
0.275, 5.380e-6
0.276, 5.507e-6
0.277, 5.595e-6
0.278, 5.761e-6
0.279, 5.888e-6
0.280, 5.966e-6
0.281, 6.132e-6
0.282, 6.317e-6
0.283, 6.493e-6
0.284, 6.600e-6
0.285, 6.688e-6
0.286, 6.874e-6
0.287, 7.020e-6
0.288, 7.176e-6
0.289, 7.303e-6
0.290, 7.450e-6
0.291, 7.616e-6
0.292, 7.811e-6
0.293, 7.928e-6
0.294, 8.016e-6
0.295, 8.241e-6
0.296, 8.368e-6
0.297, 8.573e-6
0.298, 8.690e-6
0.299, 8.826e-6
0.300, 9.071e-6
0.301, 9.237e-6
0.302, 9.403e-6
0.303, 9.608e-6
0.304, 9.793e-6
0.305, 9.988e-6
0.306, 1.013e-5
0.307, 1.037e-5
0.308, 1.065e-5
0.309, 1.073e-5
0.310, 1.093e-5
0.311, 1.113e-5
0.312, 1.137e-5
0.313, 1.152e-5
0.314, 1.167e-5
0.315, 1.184e-5
0.316, 1.207e-5
0.317, 1.226e-5
0.318, 1.247e-5
0.319, 1.260e-5
0.320, 1.286e-5
0.321, 1.315e-5
0.322, 1.325e-5
0.323, 1.342e-5
0.324, 1.366e-5
0.325, 1.385e-5
0.326, 1.416e-5
0.327, 1.437e-5
0.328, 1.456e-5
0.329, 1.475e-5
0.330, 1.496e-5
0.331, 1.511e-5
0.332, 1.541e-5
0.333, 1.566e-5
0.334, 1.587e-5
0.335, 1.609e-5
0.336, 1.633e-5
0.337, 1.659e-5
0.338, 1.682e-5
0.339, 1.701e-5
0.340, 1.728e-5
0.341, 1.753e-5
0.342, 1.783e-5
0.343, 1.796e-5
0.344, 1.825e-5
0.345, 1.860e-5
0.346, 1.883e-5
0.347, 1.908e-5
0.348, 1.930e-5
0.349, 1.954e-5
0.350, 1.990e-5
0.351, 2.028e-5
0.352, 2.045e-5
0.353, 2.077e-5
0.354, 2.105e-5
0.355, 2.142e-5
0.356, 2.167e-5
0.357, 2.197e-5
0.358, 2.228e-5
0.359, 2.256e-5
0.360, 2.290e-5
0.361, 2.317e-5
0.362, 2.351e-5
0.363, 2.384e-5
0.364, 2.418e-5
0.365, 2.444e-5
0.366, 2.482e-5
0.367, 2.520e-5
0.368, 2.542e-5
0.369, 2.578e-5
0.370, 2.613e-5
0.371, 2.643e-5
0.372, 2.676e-5
0.373, 2.707e-5
0.374, 2.744e-5
0.375, 2.778e-5
0.376, 2.804e-5
0.377, 2.843e-5
0.378, 2.876e-5
0.379, 2.914e-5
0.380, 2.953e-5
0.381, 2.986e-5
0.382, 3.017e-5
0.383, 3.064e-5
0.384, 3.102e-5
0.385, 3.143e-5
0.386, 3.176e-5
0.387, 3.225e-5
0.388, 3.265e-5
0.389, 3.309e-5
0.390, 3.361e-5
0.391, 3.410e-5
0.392, 3.453e-5
0.393, 3.503e-5
0.394, 3.552e-5
0.395, 3.605e-5
0.396, 3.652e-5
0.397, 3.696e-5
0.398, 3.757e-5
0.399, 3.811e-5
0.400, 3.862e-5
0.401, 3.927e-5
0.402, 3.973e-5
0.403, 4.034e-5
0.404, 4.089e-5
0.405, 4.152e-5
0.406, 4.212e-5
0.407, 4.277e-5
0.408, 4.356e-5
0.409, 4.407e-5
0.410, 4.344e-5
0.411, 4.504e-5
0.412, 4.608e-5
0.413, 4.700e-5
0.414, 4.796e-5
0.415, 4.898e-5
0.416, 4.973e-5
0.417, 5.080e-5
0.418, 5.163e-5
0.419, 5.266e-5
0.420, 5.376e-5
0.421, 5.480e-5
0.422, 5.598e-5
0.423, 5.724e-5
0.424, 5.863e-5
0.425, 6.013e-5
0.426, 6.152e-5
0.427, 6.309e-5
0.428, 6.466e-5
0.429, 6.629e-5
0.430, 6.820e-5
0.431, 7.013e-5
0.432, 7.229e-5
0.433, 7.456e-5
0.434, 7.678e-5
0.435, 7.933e-5
0.436, 8.236e-5
0.437, 8.563e-5
0.438, 8.891e-5
0.439, 9.227e-5
0.440, 9.630e-5
0.441, 1.006e-4
0.442, 1.051e-4
0.443, 1.107e-4
0.444, 1.161e-4
0.445, 1.221e-4
0.446, 1.283e-4
0.447, 1.359e-4
0.448, 1.436e-4
0.449, 1.521e-4
0.450, 1.619e-4
0.451, 1.719e-4
0.452, 1.830e-4
0.453, 1.951e-4
0.454, 2.083e-4
0.455, 2.222e-4
0.456, 2.377e-4
0.457, 2.540e-4
0.458, 2.718e-4
0.459, 2.912e-4
0.460, 3.121e-4
0.461, 3.342e-4
0.462, 3.579e-4
0.463, 3.829e-4
0.464, 4.098e-4
0.465, 4.382e-4
0.466, 4.675e-4
0.467, 4.984e-4
0.468, 5.300e-4
0.469, 5.627e-4
0.470, 5.959e-4
0.471, 6.292e-4
0.472, 6.632e-4
0.473, 6.971e-4
0.474, 7.301e-4
0.475, 7.632e-4
0.476, 7.950e-4
0.477, 8.254e-4
0.478, 8.544e-4
0.479, 8.811e-4
0.480, 9.058e-4
0.481, 9.282e-4
0.482, 9.476e-4
0.483, 9.641e-4
0.484, 9.772e-4
0.485, 9.875e-4
0.486, 9.952e-4
0.487, 1.000e-3
0.488, 1.002e-3
0.489, 1.000e-3
0.490, 9.966e-4
0.491, 9.905e-4
0.492, 9.817e-4
0.493, 9.710e-4
0.494, 9.584e-4
0.495, 9.444e-4
0.496, 9.286e-4
0.497, 9.118e-4
0.498, 8.934e-4
0.499, 8.745e-4
0.500, 8.549e-4
0.501, 8.354e-4
0.502, 8.154e-4
0.503, 7.956e-4
0.504, 7.755e-4
0.505, 7.563e-4
0.506, 7.374e-4
0.507, 7.186e-4
0.508, 7.008e-4
0.509, 6.828e-4
0.510, 6.660e-4
0.511, 6.498e-4
0.512, 6.356e-4
0.513, 6.215e-4
0.514, 6.065e-4
0.515, 5.925e-4
0.516, 5.792e-4
0.517, 5.658e-4
0.518, 5.535e-4
0.519, 5.409e-4
0.520, 5.294e-4
0.521, 5.178e-4
0.522, 5.066e-4
0.523, 4.960e-4
0.524, 4.855e-4
0.525, 4.744e-4
0.526, 4.645e-4
0.527, 4.548e-4
0.528, 4.452e-4
0.529, 4.361e-4
0.530, 4.266e-4
0.531, 4.176e-4
0.532, 4.088e-4
0.533, 4.004e-4
0.534, 3.921e-4
0.535, 3.833e-4
0.536, 3.752e-4
0.537, 3.679e-4
0.538, 3.604e-4
0.539, 3.528e-4
0.540, 3.458e-4
0.541, 3.384e-4
0.542, 3.319e-4
0.543, 3.249e-4
0.544, 3.189e-4
0.545, 3.132e-4
0.546, 3.072e-4
0.547, 3.014e-4
0.548, 2.959e-4
0.549, 2.907e-4
0.550, 2.859e-4
0.551, 2.804e-4
0.552, 2.757e-4
0.553, 2.717e-4
0.554, 2.675e-4
0.555, 2.639e-4
0.556, 2.602e-4
0.557, 2.565e-4
0.558, 2.531e-4
0.559, 2.493e-4
0.560, 2.466e-4
0.561, 2.442e-4
0.562, 2.416e-4
0.563, 2.393e-4
0.564, 2.368e-4
0.565, 2.346e-4
0.566, 2.326e-4
0.567, 2.301e-4
0.568, 2.281e-4
0.569, 2.268e-4
0.570, 2.252e-4
0.571, 2.242e-4
0.572, 2.230e-4
0.573, 2.219e-4
0.574, 2.213e-4
0.575, 2.205e-4
0.576, 2.198e-4
0.577, 2.193e-4
0.578, 2.194e-4
0.579, 2.192e-4
0.580, 2.192e-4
0.581, 2.195e-4
0.582, 2.196e-4
0.583, 2.201e-4
0.584, 2.208e-4
0.585, 2.215e-4
0.586, 2.223e-4
0.587, 2.235e-4
0.588, 2.244e-4
0.589, 2.260e-4
0.590, 2.277e-4
0.591, 2.293e-4
0.592, 2.317e-4
0.593, 2.339e-4
0.594, 2.363e-4
0.595, 2.384e-4
0.596, 2.414e-4
0.597, 2.442e-4
0.598, 2.469e-4
0.599, 2.500e-4
0.600, 2.539e-4
0.601, 2.579e-4
0.602, 2.614e-4
0.603, 2.661e-4
0.604, 2.705e-4
0.605, 2.749e-4
0.606, 2.802e-4
0.607, 2.858e-4
0.608, 2.915e-4
0.609, 2.968e-4
0.610, 3.030e-4
0.611, 3.098e-4
0.612, 3.165e-4
0.613, 3.230e-4
0.614, 3.304e-4
0.615, 3.372e-4
0.616, 3.455e-4
0.617, 3.543e-4
0.618, 3.629e-4
0.619, 3.719e-4
0.620, 3.812e-4
0.621, 3.910e-4
0.622, 4.015e-4
0.623, 4.119e-4
0.624, 4.227e-4
0.625, 4.342e-4
0.626, 4.457e-4
0.627, 4.576e-4
0.628, 4.694e-4
0.629, 4.824e-4
0.630, 4.960e-4
0.631, 5.095e-4
0.632, 5.234e-4
0.633, 5.381e-4
0.634, 5.529e-4
0.635, 5.682e-4
0.636, 5.840e-4
0.637, 6.001e-4
0.638, 6.165e-4
0.639, 6.336e-4
0.640, 6.515e-4
0.641, 6.695e-4
0.642, 6.879e-4
0.643, 7.065e-4
0.644, 7.260e-4
0.645, 7.458e-4
0.646, 7.663e-4
0.647, 7.871e-4
0.648, 8.083e-4
0.649, 8.298e-4
0.650, 8.515e-4
0.651, 8.741e-4
0.652, 8.972e-4
0.653, 9.200e-4
0.654, 9.440e-4
0.655, 9.681e-4
0.656, 9.925e-4
0.657, 1.018e-3
0.658, 1.043e-3
0.659, 1.069e-3
0.660, 1.096e-3
0.661, 1.122e-3
0.662, 1.150e-3
0.663, 1.177e-3
0.664, 1.205e-3
0.665, 1.234e-3
0.666, 1.263e-3
0.667, 1.292e-3
0.668, 1.322e-3
0.669, 1.352e-3
0.670, 1.382e-3
0.671, 1.413e-3
0.672, 1.444e-3
0.673, 1.477e-3
0.674, 1.508e-3
0.675, 1.541e-3
0.676, 1.574e-3
0.677, 1.607e-3
0.678, 1.641e-3
0.679, 1.674e-3
0.680, 1.709e-3
0.681, 1.743e-3
0.682, 1.778e-3
0.683, 1.814e-3
0.684, 1.849e-3
0.685, 1.885e-3
0.686, 1.922e-3
0.687, 1.959e-3
0.688, 1.996e-3
0.689, 2.034e-3
0.690, 2.072e-3
0.691, 2.110e-3
0.692, 2.148e-3
0.693, 2.186e-3
0.694, 2.226e-3
0.695, 2.265e-3
0.696, 2.304e-3
0.697, 2.344e-3
0.698, 2.385e-3
0.699, 2.425e-3
0.700, 2.466e-3
0.701, 2.507e-3
0.702, 2.548e-3
0.703, 2.590e-3
0.704, 2.631e-3
0.705, 2.673e-3
0.706, 2.715e-3
0.707, 2.757e-3
0.708, 2.800e-3
0.709, 2.843e-3
0.710, 2.887e-3
0.711, 2.930e-3
0.712, 2.974e-3
0.713, 3.018e-3
0.714, 3.062e-3
0.715, 3.107e-3
0.716, 3.152e-3
0.717, 3.199e-3
0.718, 3.245e-3
0.719, 3.290e-3
0.720, 3.335e-3
0.721, 3.381e-3
0.722, 3.427e-3
0.723, 3.474e-3
0.724, 3.520e-3
0.725, 3.567e-3
0.726, 3.614e-3
0.727, 3.661e-3
0.728, 3.709e-3
0.729, 3.756e-3
0.730, 3.803e-3
0.731, 3.851e-3
0.732, 3.899e-3
0.733, 3.947e-3
0.734, 3.996e-3
0.735, 4.044e-3
0.736, 4.093e-3
0.737, 4.142e-3
0.738, 4.190e-3
0.739, 4.240e-3
0.740, 4.289e-3
0.741, 4.338e-3
0.742, 4.388e-3
0.743, 4.438e-3
0.744, 4.489e-3
0.745, 4.539e-3
0.746, 4.589e-3
0.747, 4.640e-3
0.748, 4.690e-3
0.749, 4.742e-3
0.750, 4.793e-3
0.751, 4.844e-3
0.752, 4.895e-3
0.753, 4.946e-3
0.754, 4.997e-3
0.755, 5.049e-3
0.756, 5.101e-3
0.757, 5.153e-3
0.758, 5.205e-3
0.759, 5.257e-3
0.760, 5.310e-3
0.761, 5.362e-3
0.762, 5.415e-3
0.763, 5.467e-3
0.764, 5.521e-3
0.765, 5.574e-3
0.766, 5.627e-3
0.767, 5.680e-3
0.768, 5.733e-3
0.769, 5.787e-3
0.770, 5.840e-3
0.771, 5.893e-3
0.772, 5.947e-3
0.773, 6.001e-3
0.774, 6.055e-3
0.775, 6.109e-3
0.776, 6.163e-3
0.777, 6.217e-3
0.778, 6.272e-3
0.779, 6.327e-3
0.780, 6.381e-3
0.781, 6.436e-3
0.782, 6.490e-3
0.783, 6.545e-3
0.784, 6.600e-3
0.785, 6.656e-3
0.786, 6.711e-3
0.787, 6.766e-3
0.788, 6.822e-3
0.789, 6.877e-3
0.790, 6.933e-3
0.791, 6.988e-3
0.792, 7.044e-3
0.793, 7.101e-3
0.794, 7.157e-3
0.795, 7.214e-3
0.796, 7.270e-3
0.797, 7.326e-3
0.798, 7.382e-3
0.799, 7.438e-3
0.800, 7.477e-3
0.799, 7.437e-3
0.798, 7.379e-3
0.797, 7.322e-3
0.796, 7.265e-3
0.795, 7.208e-3
0.794, 7.151e-3
0.793, 7.094e-3
0.792, 7.037e-3
0.791, 6.980e-3
0.790, 6.923e-3
0.789, 6.867e-3
0.788, 6.810e-3
0.787, 6.754e-3
0.786, 6.698e-3
0.785, 6.642e-3
0.784, 6.586e-3
0.783, 6.530e-3
0.782, 6.474e-3
0.781, 6.419e-3
0.780, 6.363e-3
0.779, 6.308e-3
0.778, 6.253e-3
0.777, 6.197e-3
0.776, 6.142e-3
0.775, 6.087e-3
0.774, 6.033e-3
0.773, 5.978e-3
0.772, 5.923e-3
0.771, 5.869e-3
0.770, 5.815e-3
0.769, 5.761e-3
0.768, 5.706e-3
0.767, 5.652e-3
0.766, 5.599e-3
0.765, 5.545e-3
0.764, 5.491e-3
0.763, 5.438e-3
0.762, 5.384e-3
0.761, 5.331e-3
0.760, 5.278e-3
0.759, 5.225e-3
0.758, 5.172e-3
0.757, 5.120e-3
0.756, 5.067e-3
0.755, 5.015e-3
0.754, 4.963e-3
0.753, 4.911e-3
0.752, 4.859e-3
0.751, 4.807e-3
0.750, 4.756e-3
0.749, 4.705e-3
0.748, 4.653e-3
0.747, 4.602e-3
0.746, 4.551e-3
0.745, 4.500e-3
0.744, 4.450e-3
0.743, 4.399e-3
0.742, 4.349e-3
0.741, 4.299e-3
0.740, 4.249e-3
0.739, 4.199e-3
0.738, 4.150e-3
0.737, 4.100e-3
0.736, 4.051e-3
0.735, 4.002e-3
0.734, 3.953e-3
0.733, 3.904e-3
0.732, 3.856e-3
0.731, 3.808e-3
0.730, 3.760e-3
0.729, 3.713e-3
0.728, 3.665e-3
0.727, 3.617e-3
0.726, 3.570e-3
0.725, 3.523e-3
0.724, 3.476e-3
0.723, 3.429e-3
0.722, 3.382e-3
0.721, 3.336e-3
0.720, 3.291e-3
0.719, 3.245e-3
0.718, 3.200e-3
0.717, 3.153e-3
0.716, 3.106e-3
0.715, 3.061e-3
0.714, 3.017e-3
0.713, 2.972e-3
0.712, 2.929e-3
0.711, 2.885e-3
0.710, 2.841e-3
0.709, 2.798e-3
0.708, 2.754e-3
0.707, 2.712e-3
0.706, 2.670e-3
0.705, 2.627e-3
0.704, 2.585e-3
0.703, 2.544e-3
0.702, 2.503e-3
0.701, 2.461e-3
0.700, 2.420e-3
0.699, 2.379e-3
0.698, 2.339e-3
0.697, 2.299e-3
0.696, 2.258e-3
0.695, 2.219e-3
0.694, 2.180e-3
0.693, 2.141e-3
0.692, 2.102e-3
0.691, 2.063e-3
0.690, 2.025e-3
0.689, 1.987e-3
0.688, 1.949e-3
0.687, 1.912e-3
0.686, 1.875e-3
0.685, 1.838e-3
0.684, 1.802e-3
0.683, 1.766e-3
0.682, 1.730e-3
0.681, 1.695e-3
0.680, 1.661e-3
0.679, 1.626e-3
0.678, 1.592e-3
0.677, 1.557e-3
0.676, 1.524e-3
0.675, 1.491e-3
0.674, 1.458e-3
0.673, 1.425e-3
0.672, 1.393e-3
0.671, 1.361e-3
0.670, 1.330e-3
0.669, 1.298e-3
0.668, 1.267e-3
0.667, 1.237e-3
0.666, 1.207e-3
0.665, 1.177e-3
0.664, 1.148e-3
0.663, 1.119e-3
0.662, 1.091e-3
0.661, 1.063e-3
0.660, 1.035e-3
0.659, 1.007e-3
0.658, 9.802e-4
0.657, 9.535e-4
0.656, 9.275e-4
0.655, 9.016e-4
0.654, 8.762e-4
0.653, 8.513e-4
0.652, 8.264e-4
0.651, 8.021e-4
0.650, 7.780e-4
0.649, 7.541e-4
0.648, 7.312e-4
0.647, 7.085e-4
0.646, 6.860e-4
0.645, 6.639e-4
0.644, 6.425e-4
0.643, 6.214e-4
0.642, 6.008e-4
0.641, 5.806e-4
0.640, 5.603e-4
0.639, 5.409e-4
0.638, 5.217e-4
0.637, 5.029e-4
0.636, 4.845e-4
0.635, 4.666e-4
0.634, 4.490e-4
0.633, 4.317e-4
0.632, 4.150e-4
0.631, 3.983e-4
0.630, 3.821e-4
0.629, 3.665e-4
0.628, 3.509e-4
0.627, 3.363e-4
0.626, 3.218e-4
0.625, 3.077e-4
0.624, 2.940e-4
0.623, 2.801e-4
0.622, 2.673e-4
0.621, 2.541e-4
0.620, 2.419e-4
0.619, 2.301e-4
0.618, 2.184e-4
0.617, 2.070e-4
0.616, 1.963e-4
0.615, 1.860e-4
0.614, 1.763e-4
0.613, 1.658e-4
0.612, 1.557e-4
0.611, 1.464e-4
0.610, 1.372e-4
0.609, 1.279e-4
0.608, 1.197e-4
0.607, 1.116e-4
0.606, 1.035e-4
0.605, 9.579e-5
0.604, 8.833e-5
0.603, 8.109e-5
0.602, 7.428e-5
0.601, 6.779e-5
0.600, 6.134e-5
0.599, 5.456e-5
0.598, 4.877e-5
0.597, 4.278e-5
0.596, 3.716e-5
0.595, 3.176e-5
0.594, 2.696e-5
0.593, 2.212e-5
0.592, 1.703e-5
0.591, 1.252e-5
0.590, 7.928e-6
0.589, 3.359e-6
0.588, -7.420e-7
0.587, -4.462e-6
0.586, -8.397e-6
0.585, -1.195e-5
0.584, -1.576e-5
0.583, -1.915e-5
0.582, -2.199e-5
0.581, -2.505e-5
0.580, -2.814e-5
0.579, -3.080e-5
0.578, -3.360e-5
0.577, -3.620e-5
0.576, -3.860e-5
0.575, -4.138e-5
0.574, -4.388e-5
0.573, -4.582e-5
0.572, -4.800e-5
0.571, -5.017e-5
0.570, -5.225e-5
0.569, -5.452e-5
0.568, -5.642e-5
0.567, -5.840e-5
0.566, -5.986e-5
0.565, -6.183e-5
0.564, -6.360e-5
0.563, -6.541e-5
0.562, -6.698e-5
0.561, -6.831e-5
0.560, -6.937e-5
0.559, -7.095e-5
0.558, -7.209e-5
0.557, -7.357e-5
0.556, -7.490e-5
0.555, -7.633e-5
0.554, -7.755e-5
0.553, -7.851e-5
0.552, -7.968e-5
0.551, -8.092e-5
0.550, -8.163e-5
0.549, -8.298e-5
0.548, -8.436e-5
0.547, -8.531e-5
0.546, -8.645e-5
0.545, -8.743e-5
0.544, -8.874e-5
0.543, -8.995e-5
0.542, -9.072e-5
0.541, -9.159e-5
0.540, -9.246e-5
0.539, -9.353e-5
0.538, -9.479e-5
0.537, -9.580e-5
0.536, -9.643e-5
0.535, -9.754e-5
0.534, -9.820e-5
0.533, -9.906e-5
0.532, -1.002e-4
0.531, -1.010e-4
0.530, -1.019e-4
0.529, -1.029e-4
0.528, -1.037e-4
0.527, -1.047e-4
0.526, -1.054e-4
0.525, -1.064e-4
0.524, -1.070e-4
0.523, -1.080e-4
0.522, -1.092e-4
0.521, -1.102e-4
0.520, -1.113e-4
0.519, -1.125e-4
0.518, -1.133e-4
0.517, -1.145e-4
0.516, -1.154e-4
0.515, -1.162e-4
0.514, -1.172e-4
0.513, -1.181e-4
0.512, -1.203e-4
0.511, -1.211e-4
0.510, -1.213e-4
0.509, -1.222e-4
0.508, -1.233e-4
0.507, -1.241e-4
0.506, -1.252e-4
0.505, -1.264e-4
0.504, -1.273e-4
0.503, -1.285e-4
0.502, -1.295e-4
0.501, -1.308e-4
0.500, -1.319e-4
0.499, -1.325e-4
0.498, -1.340e-4
0.497, -1.354e-4
0.496, -1.368e-4
0.495, -1.383e-4
0.494, -1.394e-4
0.493, -1.406e-4
0.492, -1.418e-4
0.491, -1.432e-4
0.490, -1.446e-4
0.489, -1.460e-4
0.488, -1.472e-4
0.487, -1.492e-4
0.486, -1.510e-4
0.485, -1.524e-4
0.484, -1.538e-4
0.483, -1.552e-4
0.482, -1.568e-4
0.481, -1.588e-4
0.480, -1.606e-4
0.479, -1.625e-4
0.478, -1.642e-4
0.477, -1.662e-4
0.476, -1.680e-4
0.475, -1.698e-4
0.474, -1.718e-4
0.473, -1.734e-4
0.472, -1.758e-4
0.471, -1.780e-4
0.470, -1.802e-4
0.469, -1.828e-4
0.468, -1.851e-4
0.467, -1.877e-4
0.466, -1.904e-4
0.465, -1.927e-4
0.464, -1.951e-4
0.463, -1.985e-4
0.462, -2.010e-4
0.461, -2.045e-4
0.460, -2.075e-4
0.459, -2.109e-4
0.458, -2.141e-4
0.457, -2.171e-4
0.456, -2.208e-4
0.455, -2.244e-4
0.454, -2.285e-4
0.453, -2.321e-4
0.452, -2.365e-4
0.451, -2.403e-4
0.450, -2.443e-4
0.449, -2.484e-4
0.448, -2.525e-4
0.447, -2.571e-4
0.446, -2.622e-4
0.445, -2.668e-4
0.444, -2.718e-4
0.443, -2.765e-4
0.442, -2.818e-4
0.441, -2.873e-4
0.440, -2.926e-4
0.439, -2.985e-4
0.438, -3.039e-4
0.437, -3.100e-4
0.436, -3.153e-4
0.435, -3.217e-4
0.434, -3.276e-4
0.433, -3.335e-4
0.432, -3.396e-4
0.431, -3.460e-4
0.430, -3.523e-4
0.429, -3.593e-4
0.428, -3.653e-4
0.427, -3.715e-4
0.426, -3.781e-4
0.425, -3.847e-4
0.424, -3.910e-4
0.423, -3.970e-4
0.422, -4.027e-4
0.421, -4.096e-4
0.420, -4.161e-4
0.419, -4.226e-4
0.418, -4.291e-4
0.417, -4.352e-4
0.416, -4.417e-4
0.415, -4.479e-4
0.414, -4.542e-4
0.413, -4.603e-4
0.412, -4.664e-4
0.411, -4.724e-4
0.410, -4.761e-4
0.409, -4.755e-4
0.408, -4.829e-4
0.407, -4.899e-4
0.406, -4.961e-4
0.405, -5.024e-4
0.404, -5.087e-4
0.403, -5.146e-4
0.402, -5.204e-4
0.401, -5.262e-4
0.400, -5.319e-4
0.399, -5.378e-4
0.398, -5.435e-4
0.397, -5.486e-4
0.396, -5.539e-4
0.395, -5.587e-4
0.394, -5.638e-4
0.393, -5.687e-4
0.392, -5.732e-4
0.391, -5.779e-4
0.390, -5.818e-4
0.389, -5.858e-4
0.388, -5.897e-4
0.387, -5.928e-4
0.386, -5.957e-4
0.385, -5.980e-4
0.384, -6.007e-4
0.383, -6.029e-4
0.382, -6.037e-4
0.381, -6.043e-4
0.380, -6.043e-4
0.379, -6.039e-4
0.378, -6.028e-4
0.377, -6.011e-4
0.376, -5.984e-4
0.375, -5.951e-4
0.374, -5.911e-4
0.373, -5.867e-4
0.372, -5.815e-4
0.371, -5.756e-4
0.370, -5.689e-4
0.369, -5.616e-4
0.368, -5.540e-4
0.367, -5.449e-4
0.366, -5.357e-4
0.365, -5.259e-4
0.364, -5.158e-4
0.363, -5.052e-4
0.362, -4.938e-4
0.361, -4.819e-4
0.360, -4.701e-4
0.359, -4.582e-4
0.358, -4.458e-4
0.357, -4.329e-4
0.356, -4.203e-4
0.355, -4.073e-4
0.354, -3.950e-4
0.353, -3.826e-4
0.352, -3.699e-4
0.351, -3.578e-4
0.350, -3.452e-4
0.349, -3.330e-4
0.348, -3.210e-4
0.347, -3.096e-4
0.346, -2.982e-4
0.345, -2.870e-4
0.344, -2.764e-4
0.343, -2.662e-4
0.342, -2.560e-4
0.341, -2.465e-4
0.340, -2.373e-4
0.339, -2.281e-4
0.338, -2.197e-4
0.337, -2.116e-4
0.336, -2.033e-4
0.335, -1.959e-4
0.334, -1.888e-4
0.333, -1.819e-4
0.332, -1.753e-4
0.331, -1.692e-4
0.330, -1.632e-4
0.329, -1.573e-4
0.328, -1.517e-4
0.327, -1.464e-4
0.326, -1.416e-4
0.325, -1.367e-4
0.324, -1.318e-4
0.323, -1.275e-4
0.322, -1.232e-4
0.321, -1.195e-4
0.320, -1.158e-4
0.319, -1.122e-4
0.318, -1.084e-4
0.317, -1.051e-4
0.316, -1.021e-4
0.315, -9.900e-5
0.314, -9.605e-5
0.313, -9.340e-5
0.312, -9.095e-5
0.311, -8.834e-5
0.310, -8.565e-5
0.309, -8.332e-5
0.308, -8.119e-5
0.307, -7.951e-5
0.306, -7.721e-5
0.305, -7.503e-5
0.304, -7.308e-5
0.303, -7.138e-5
0.302, -6.972e-5
0.301, -6.827e-5
0.300, -6.677e-5
0.299, -6.528e-5
0.298, -6.371e-5
0.297, -6.209e-5
0.296, -6.051e-5
0.295, -5.920e-5
0.294, -5.771e-5
0.293, -5.657e-5
0.292, -5.546e-5
0.291, -5.427e-5
0.290, -5.316e-5
0.289, -5.207e-5
0.288, -5.097e-5
0.287, -4.991e-5
0.286, -4.885e-5
0.285, -4.800e-5
0.284, -4.701e-5
0.283, -4.617e-5
0.282, -4.531e-5
0.281, -4.451e-5
0.280, -4.376e-5
0.279, -4.307e-5
0.278, -4.232e-5
0.277, -4.166e-5
0.276, -4.090e-5
0.275, -4.015e-5
0.274, -3.948e-5
0.273, -3.882e-5
0.272, -3.806e-5
0.271, -3.743e-5
0.270, -3.683e-5
0.269, -3.621e-5
0.268, -3.559e-5
0.267, -3.503e-5
0.266, -3.448e-5
0.265, -3.402e-5
0.264, -3.347e-5
0.263, -3.298e-5
0.262, -3.247e-5
0.261, -3.200e-5
0.260, -3.160e-5
0.259, -3.112e-5
0.258, -3.071e-5
0.257, -3.037e-5
0.256, -2.998e-5
0.255, -2.948e-5
0.254, -2.919e-5
0.253, -2.874e-5
0.252, -2.839e-5
0.251, -2.796e-5
0.250, -2.762e-5
0.249, -2.733e-5
0.248, -2.687e-5
0.247, -2.671e-5
0.246, -2.635e-5
0.245, -2.601e-5
0.244, -2.576e-5
0.243, -2.541e-5
0.242, -2.508e-5
0.241, -2.487e-5
0.240, -2.451e-5
0.239, -2.426e-5
0.238, -2.400e-5
0.237, -2.374e-5
0.236, -2.342e-5
0.235, -2.315e-5
0.234, -2.290e-5
0.233, -2.274e-5
0.232, -2.249e-5
0.231, -2.221e-5
0.230, -2.195e-5
0.229, -2.173e-5
0.228, -2.153e-5
0.227, -2.139e-5
0.226, -2.115e-5
0.225, -2.092e-5
0.224, -2.084e-5
0.223, -2.064e-5
0.222, -2.045e-5
0.221, -2.027e-5
0.220, -2.006e-5
0.219, -1.990e-5
0.218, -1.969e-5
0.217, -1.947e-5
0.216, -1.931e-5
0.215, -1.920e-5
0.214, -1.907e-5
0.213, -1.886e-5
0.212, -1.881e-5
0.211, -1.864e-5
0.210, -1.847e-5
0.209, -1.831e-5
0.208, -1.819e-5
0.207, -1.808e-5
0.206, -1.795e-5
0.205, -1.775e-5
0.204, -1.758e-5
0.203, -1.751e-5
0.202, -1.739e-5
0.201, -1.726e-5
0.200, -1.559e-5
0.201, -1.222e-5
0.202, -1.089e-5
0.203, -9.930e-6
0.204, -9.119e-6
0.205, -8.573e-6
0.206, -7.870e-6
0.207, -7.411e-6
0.208, -7.001e-6
0.209, -6.512e-6
0.210, -6.093e-6
0.211, -5.673e-6
0.212, -5.302e-6
0.213, -4.989e-6
0.214, -4.648e-6
0.215, -4.384e-6
0.216, -4.150e-6
0.217, -3.847e-6
0.218, -3.564e-6
0.219, -3.300e-6
0.220, -3.037e-6
0.221, -2.812e-6
0.222, -2.558e-6
0.223, -2.343e-6
0.224, -2.119e-6
0.225, -1.923e-6
0.226, -1.670e-6
0.227, -1.445e-6
0.228, -1.220e-6
0.229, -1.094e-6
0.230, -9.861e-7
0.231, -7.128e-7
0.232, -5.370e-7
0.233, -3.222e-7
0.234, -2.539e-7
0.235, -1.953e-8
0.236, 1.465e-7
0.237, 3.124e-7
0.238, 4.882e-7
0.239, 6.151e-7
0.240, 7.128e-7
0.241, 9.666e-7
0.242, 1.064e-6
0.243, 1.172e-6
0.244, 1.367e-6
0.245, 1.484e-6
0.246, 1.699e-6
0.247, 1.797e-6
0.248, 1.992e-6
0.249, 2.089e-6
0.250, 2.236e-6
0.251, 2.373e-6
0.252, 2.519e-6
0.253, 2.646e-6
0.254, 2.792e-6
0.255, 2.958e-6
0.256, 3.056e-6
0.257, 3.183e-6
0.258, 3.290e-6
0.259, 3.398e-6
0.260, 3.554e-6
0.261, 3.652e-6
0.262, 3.827e-6
0.263, 3.945e-6
0.264, 4.042e-6
0.265, 4.286e-6
0.266, 4.355e-6
0.267, 4.530e-6
0.268, 4.579e-6
0.269, 4.696e-6
0.270, 4.882e-6
0.271, 5.077e-6
0.272, 5.175e-6
0.273, 5.311e-6
0.274, 5.458e-6
0.275, 5.546e-6
0.276, 5.692e-6
0.277, 5.819e-6
0.278, 5.966e-6
0.279, 6.122e-6
0.280, 6.229e-6
0.281, 6.444e-6
0.282, 6.512e-6
0.283, 6.737e-6
0.284, 6.815e-6
0.285, 6.952e-6
0.286, 7.098e-6
0.287, 7.284e-6
0.288, 7.469e-6
0.289, 7.674e-6
0.290, 7.801e-6
0.291, 7.928e-6
0.292, 8.163e-6
0.293, 8.280e-6
0.294, 8.455e-6
0.295, 8.631e-6
0.296, 8.748e-6
0.297, 8.973e-6
0.298, 9.139e-6
0.299, 9.276e-6
0.300, 9.500e-6
0.301, 9.715e-6
0.302, 9.900e-6
0.303, 9.969e-6
0.304, 1.021e-5
0.305, 1.047e-5
0.306, 1.060e-5
0.307, 1.083e-5
0.308, 1.106e-5
0.309, 1.123e-5
0.310, 1.138e-5
0.311, 1.154e-5
0.312, 1.179e-5
0.313, 1.202e-5
0.314, 1.218e-5
0.315, 1.237e-5
0.316, 1.259e-5
0.317, 1.283e-5
0.318, 1.308e-5
0.319, 1.327e-5
0.320, 1.341e-5
0.321, 1.361e-5
0.322, 1.390e-5
0.323, 1.411e-5
0.324, 1.428e-5
0.325, 1.445e-5
0.326, 1.474e-5
0.327, 1.489e-5
0.328, 1.514e-5
0.329, 1.537e-5
0.330, 1.563e-5
0.331, 1.589e-5
0.332, 1.617e-5
0.333, 1.627e-5
0.334, 1.658e-5
0.335, 1.677e-5
0.336, 1.699e-5
0.337, 1.725e-5
0.338, 1.749e-5
0.339, 1.778e-5
0.340, 1.802e-5
0.341, 1.833e-5
0.342, 1.854e-5
0.343, 1.877e-5
0.344, 1.905e-5
0.345, 1.940e-5
0.346, 1.966e-5
0.347, 1.994e-5
0.348, 2.019e-5
0.349, 2.053e-5
0.350, 2.074e-5
0.351, 2.109e-5
0.352, 2.141e-5
0.353, 2.168e-5
0.354, 2.203e-5
0.355, 2.237e-5
0.356, 2.259e-5
0.357, 2.294e-5
0.358, 2.335e-5
0.359, 2.365e-5
0.360, 2.386e-5
0.361, 2.420e-5
0.362, 2.451e-5
0.363, 2.484e-5
0.364, 2.516e-5
0.365, 2.551e-5
0.366, 2.583e-5
0.367, 2.625e-5
0.368, 2.647e-5
0.369, 2.684e-5
0.370, 2.715e-5
0.371, 2.744e-5
0.372, 2.779e-5
0.373, 2.815e-5
0.374, 2.851e-5
0.375, 2.883e-5
0.376, 2.916e-5
0.377, 2.955e-5
0.378, 2.985e-5
0.379, 3.029e-5
0.380, 3.067e-5
0.381, 3.098e-5
0.382, 3.136e-5
0.383, 3.182e-5
0.384, 3.229e-5
0.385, 3.270e-5
0.386, 3.313e-5
0.387, 3.368e-5
0.388, 3.406e-5
0.389, 3.446e-5
0.390, 3.494e-5
0.391, 3.547e-5
0.392, 3.605e-5
0.393, 3.655e-5
0.394, 3.693e-5
0.395, 3.746e-5
0.396, 3.797e-5
0.397, 3.839e-5
0.398, 3.903e-5
0.399, 3.947e-5
0.400, 4.006e-5
0.401, 4.055e-5
0.402, 4.117e-5
0.403, 4.183e-5
0.404, 4.243e-5
0.405, 4.308e-5
0.406, 4.378e-5
0.407, 4.449e-5
0.408, 4.527e-5
0.409, 4.593e-5
0.410, 4.511e-5
0.411, 4.679e-5
0.412, 4.790e-5
0.413, 4.884e-5
0.414, 4.981e-5
0.415, 5.069e-5
0.416, 5.164e-5
0.417, 5.264e-5
0.418, 5.364e-5
0.419, 5.468e-5
0.420, 5.584e-5
0.421, 5.709e-5
0.422, 5.832e-5
0.423, 5.951e-5
0.424, 6.097e-5
0.425, 6.254e-5
0.426, 6.393e-5
0.427, 6.538e-5
0.428, 6.708e-5
0.429, 6.892e-5
0.430, 7.095e-5
0.431, 7.307e-5
0.432, 7.518e-5
0.433, 7.745e-5
0.434, 7.979e-5
0.435, 8.281e-5
0.436, 8.614e-5
0.437, 8.923e-5
0.438, 9.264e-5
0.439, 9.643e-5
0.440, 1.006e-4
0.441, 1.052e-4
0.442, 1.104e-4
0.443, 1.156e-4
0.444, 1.218e-4
0.445, 1.279e-4
0.446, 1.352e-4
0.447, 1.429e-4
0.448, 1.510e-4
0.449, 1.605e-4
0.450, 1.703e-4
0.451, 1.811e-4
0.452, 1.930e-4
0.453, 2.058e-4
0.454, 2.198e-4
0.455, 2.347e-4
0.456, 2.510e-4
0.457, 2.688e-4
0.458, 2.877e-4
0.459, 3.083e-4
0.460, 3.301e-4
0.461, 3.539e-4
0.462, 3.790e-4
0.463, 4.060e-4
0.464, 4.341e-4
0.465, 4.638e-4
0.466, 4.948e-4
0.467, 5.273e-4
0.468, 5.609e-4
0.469, 5.951e-4
0.470, 6.297e-4
0.471, 6.649e-4
0.472, 7.003e-4
0.473, 7.358e-4
0.474, 7.700e-4
0.475, 8.041e-4
0.476, 8.372e-4
0.477, 8.683e-4
0.478, 8.982e-4
0.479, 9.258e-4
0.480, 9.513e-4
0.481, 9.741e-4
0.482, 9.938e-4
0.483, 1.011e-3
0.484, 1.025e-3
0.485, 1.036e-3
0.486, 1.044e-3
0.487, 1.049e-3
0.488, 1.051e-3
0.489, 1.050e-3
0.490, 1.046e-3
0.491, 1.040e-3
0.492, 1.030e-3
0.493, 1.020e-3
0.494, 1.006e-3
0.495, 9.918e-4
0.496, 9.756e-4
0.497, 9.581e-4
0.498, 9.390e-4
0.499, 9.191e-4
0.500, 8.984e-4
0.501, 8.774e-4
0.502, 8.562e-4
0.503, 8.349e-4
0.504, 8.138e-4
0.505, 7.932e-4
0.506, 7.727e-4
0.507, 7.527e-4
0.508, 7.329e-4
0.509, 7.140e-4
0.510, 6.958e-4
0.511, 6.782e-4
0.512, 6.626e-4
0.513, 6.478e-4
0.514, 6.316e-4
0.515, 6.161e-4
0.516, 6.018e-4
0.517, 5.879e-4
0.518, 5.744e-4
0.519, 5.613e-4
0.520, 5.487e-4
0.521, 5.365e-4
0.522, 5.239e-4
0.523, 5.128e-4
0.524, 5.017e-4
0.525, 4.901e-4
0.526, 4.795e-4
0.527, 4.688e-4
0.528, 4.590e-4
0.529, 4.493e-4
0.530, 4.392e-4
0.531, 4.298e-4
0.532, 4.204e-4
0.533, 4.112e-4
0.534, 4.027e-4
0.535, 3.937e-4
0.536, 3.851e-4
0.537, 3.768e-4
0.538, 3.695e-4
0.539, 3.617e-4
0.540, 3.542e-4
0.541, 3.465e-4
0.542, 3.394e-4
0.543, 3.326e-4
0.544, 3.256e-4
0.545, 3.197e-4
0.546, 3.134e-4
0.547, 3.078e-4
0.548, 3.019e-4
0.549, 2.963e-4
0.550, 2.915e-4
0.551, 2.858e-4
0.552, 2.813e-4
0.553, 2.768e-4
0.554, 2.724e-4
0.555, 2.691e-4
0.556, 2.650e-4
0.557, 2.612e-4
0.558, 2.580e-4
0.559, 2.544e-4
0.560, 2.511e-4
0.561, 2.482e-4
0.562, 2.458e-4
0.563, 2.435e-4
0.564, 2.414e-4
0.565, 2.390e-4
0.566, 2.370e-4
0.567, 2.348e-4
0.568, 2.333e-4
0.569, 2.317e-4
0.570, 2.300e-4
0.571, 2.286e-4
0.572, 2.276e-4
0.573, 2.265e-4
0.574, 2.257e-4
0.575, 2.252e-4
0.576, 2.243e-4
0.577, 2.241e-4
0.578, 2.240e-4
0.579, 2.242e-4
0.580, 2.242e-4
0.581, 2.244e-4
0.582, 2.249e-4
0.583, 2.254e-4
0.584, 2.262e-4
0.585, 2.272e-4
0.586, 2.281e-4
0.587, 2.296e-4
0.588, 2.312e-4
0.589, 2.333e-4
0.590, 2.351e-4
0.591, 2.368e-4
0.592, 2.389e-4
0.593, 2.413e-4
0.594, 2.438e-4
0.595, 2.466e-4
0.596, 2.493e-4
0.597, 2.524e-4
0.598, 2.560e-4
0.599, 2.596e-4
0.600, 2.637e-4
0.601, 2.680e-4
0.602, 2.717e-4
0.603, 2.765e-4
0.604, 2.819e-4
0.605, 2.868e-4
0.606, 2.923e-4
0.607, 2.977e-4
0.608, 3.043e-4
0.609, 3.105e-4
0.610, 3.171e-4
0.611, 3.237e-4
0.612, 3.312e-4
0.613, 3.389e-4
0.614, 3.464e-4
0.615, 3.536e-4
0.616, 3.630e-4
0.617, 3.720e-4
0.618, 3.810e-4
0.619, 3.911e-4
0.620, 4.011e-4
0.621, 4.116e-4
0.622, 4.227e-4
0.623, 4.338e-4
0.624, 4.454e-4
0.625, 4.574e-4
0.626, 4.695e-4
0.627, 4.824e-4
0.628, 4.954e-4
0.629, 5.091e-4
0.630, 5.233e-4
0.631, 5.378e-4
0.632, 5.526e-4
0.633, 5.683e-4
0.634, 5.840e-4
0.635, 6.001e-4
0.636, 6.166e-4
0.637, 6.340e-4
0.638, 6.518e-4
0.639, 6.695e-4
0.640, 6.882e-4
0.641, 7.074e-4
0.642, 7.268e-4
0.643, 7.467e-4
0.644, 7.672e-4
0.645, 7.880e-4
0.646, 8.093e-4
0.647, 8.312e-4
0.648, 8.536e-4
0.649, 8.763e-4
0.650, 8.992e-4
0.651, 9.229e-4
0.652, 9.469e-4
0.653, 9.709e-4
0.654, 9.956e-4
0.655, 1.021e-3
0.656, 1.047e-3
0.657, 1.073e-3
0.658, 1.100e-3
0.659, 1.127e-3
0.660, 1.155e-3
0.661, 1.182e-3
0.662, 1.210e-3
0.663, 1.239e-3
0.664, 1.269e-3
0.665, 1.298e-3
0.666, 1.328e-3
0.667, 1.359e-3
0.668, 1.390e-3
0.669, 1.421e-3
0.670, 1.453e-3
0.671, 1.485e-3
0.672, 1.518e-3
0.673, 1.551e-3
0.674, 1.584e-3
0.675, 1.618e-3
0.676, 1.652e-3
0.677, 1.686e-3
0.678, 1.721e-3
0.679, 1.756e-3
0.680, 1.791e-3
0.681, 1.827e-3
0.682, 1.863e-3
0.683, 1.900e-3
0.684, 1.937e-3
0.685, 1.974e-3
0.686, 2.012e-3
0.687, 2.050e-3
0.688, 2.088e-3
0.689, 2.127e-3
0.690, 2.165e-3
0.691, 2.205e-3
0.692, 2.244e-3
0.693, 2.284e-3
0.694, 2.324e-3
0.695, 2.365e-3
0.696, 2.406e-3
0.697, 2.447e-3
0.698, 2.488e-3
0.699, 2.530e-3
0.700, 2.571e-3
0.701, 2.613e-3
0.702, 2.656e-3
0.703, 2.698e-3
0.704, 2.741e-3
0.705, 2.783e-3
0.706, 2.827e-3
0.707, 2.871e-3
0.708, 2.914e-3
0.709, 2.958e-3
0.710, 3.003e-3
0.711, 3.048e-3
0.712, 3.093e-3
0.713, 3.138e-3
0.714, 3.183e-3
0.715, 3.229e-3
0.716, 3.275e-3
0.717, 3.322e-3
0.718, 3.369e-3
0.719, 3.416e-3
0.720, 3.462e-3
0.721, 3.509e-3
0.722, 3.557e-3
0.723, 3.604e-3
0.724, 3.652e-3
0.725, 3.699e-3
0.726, 3.747e-3
0.727, 3.795e-3
0.728, 3.843e-3
0.729, 3.892e-3
0.730, 3.940e-3
0.731, 3.989e-3
0.732, 4.038e-3
0.733, 4.087e-3
0.734, 4.136e-3
0.735, 4.186e-3
0.736, 4.235e-3
0.737, 4.285e-3
0.738, 4.335e-3
0.739, 4.385e-3
0.740, 4.435e-3
0.741, 4.486e-3
0.742, 4.536e-3
0.743, 4.588e-3
0.744, 4.639e-3
0.745, 4.690e-3
0.746, 4.742e-3
0.747, 4.793e-3
0.748, 4.844e-3
0.749, 4.896e-3
0.750, 4.948e-3
0.751, 5.000e-3
0.752, 5.052e-3
0.753, 5.104e-3
0.754, 5.157e-3
0.755, 5.209e-3
0.756, 5.262e-3
0.757, 5.315e-3
0.758, 5.368e-3
0.759, 5.421e-3
0.760, 5.474e-3
0.761, 5.528e-3
0.762, 5.581e-3
0.763, 5.635e-3
0.764, 5.688e-3
0.765, 5.742e-3
0.766, 5.796e-3
0.767, 5.850e-3
0.768, 5.904e-3
0.769, 5.958e-3
0.770, 6.013e-3
0.771, 6.067e-3
0.772, 6.122e-3
0.773, 6.176e-3
0.774, 6.232e-3
0.775, 6.287e-3
0.776, 6.342e-3
0.777, 6.397e-3
0.778, 6.452e-3
0.779, 6.507e-3
0.780, 6.563e-3
0.781, 6.618e-3
0.782, 6.674e-3
0.783, 6.729e-3
0.784, 6.785e-3
0.785, 6.841e-3
0.786, 6.897e-3
0.787, 6.954e-3
0.788, 7.010e-3
0.789, 7.067e-3
0.790, 7.123e-3
0.791, 7.180e-3
0.792, 7.236e-3
0.793, 7.293e-3
0.794, 7.350e-3
0.795, 7.408e-3
0.796, 7.464e-3
0.797, 7.522e-3
0.798, 7.579e-3
0.799, 7.636e-3
0.800, 7.675e-3
0.799, 7.635e-3
0.798, 7.577e-3
0.797, 7.519e-3
0.796, 7.461e-3
0.795, 7.404e-3
0.794, 7.346e-3
0.793, 7.288e-3
0.792, 7.231e-3
0.791, 7.173e-3
0.790, 7.116e-3
0.789, 7.059e-3
0.788, 7.002e-3
0.787, 6.945e-3
0.786, 6.888e-3
0.785, 6.831e-3
0.784, 6.775e-3
0.783, 6.718e-3
0.782, 6.661e-3
0.781, 6.605e-3
0.780, 6.549e-3
0.779, 6.493e-3
0.778, 6.437e-3
0.777, 6.381e-3
0.776, 6.325e-3
0.775, 6.269e-3
0.774, 6.214e-3
0.773, 6.158e-3
0.772, 6.102e-3
0.771, 6.047e-3
0.770, 5.992e-3
0.769, 5.937e-3
0.768, 5.882e-3
0.767, 5.827e-3
0.766, 5.773e-3
0.765, 5.718e-3
0.764, 5.664e-3
0.763, 5.610e-3
0.762, 5.556e-3
0.761, 5.501e-3
0.760, 5.447e-3
0.759, 5.393e-3
0.758, 5.339e-3
0.757, 5.286e-3
0.756, 5.233e-3
0.755, 5.181e-3
0.754, 5.128e-3
0.753, 5.074e-3
0.752, 5.022e-3
0.751, 4.969e-3
0.750, 4.916e-3
0.749, 4.864e-3
0.748, 4.812e-3
0.747, 4.760e-3
0.746, 4.708e-3
0.745, 4.656e-3
0.744, 4.604e-3
0.743, 4.553e-3
0.742, 4.501e-3
0.741, 4.450e-3
0.740, 4.399e-3
0.739, 4.349e-3
0.738, 4.298e-3
0.737, 4.249e-3
0.736, 4.198e-3
0.735, 4.148e-3
0.734, 4.099e-3
0.733, 4.049e-3
0.732, 3.999e-3
0.731, 3.950e-3
0.730, 3.901e-3
0.729, 3.852e-3
0.728, 3.803e-3
0.727, 3.755e-3
0.726, 3.707e-3
0.725, 3.659e-3
0.724, 3.611e-3
0.723, 3.563e-3
0.722, 3.515e-3
0.721, 3.468e-3
0.720, 3.421e-3
0.719, 3.374e-3
0.718, 3.327e-3
0.717, 3.280e-3
0.716, 3.233e-3
0.715, 3.187e-3
0.714, 3.141e-3
0.713, 3.096e-3
0.712, 3.050e-3
0.711, 3.005e-3
0.710, 2.960e-3
0.709, 2.916e-3
0.708, 2.872e-3
0.707, 2.828e-3
0.706, 2.784e-3
0.705, 2.741e-3
0.704, 2.698e-3
0.703, 2.655e-3
0.702, 2.613e-3
0.701, 2.570e-3
0.700, 2.528e-3
0.699, 2.486e-3
0.698, 2.445e-3
0.697, 2.403e-3
0.696, 2.362e-3
0.695, 2.321e-3
0.694, 2.281e-3
0.693, 2.240e-3
0.692, 2.200e-3
0.691, 2.161e-3
0.690, 2.121e-3
0.689, 2.082e-3
0.688, 2.043e-3
0.687, 2.005e-3
0.686, 1.967e-3
0.685, 1.928e-3
0.684, 1.891e-3
0.683, 1.854e-3
0.682, 1.817e-3
0.681, 1.781e-3
0.680, 1.745e-3
0.679, 1.709e-3
0.678, 1.674e-3
0.677, 1.639e-3
0.676, 1.604e-3
0.675, 1.569e-3
0.674, 1.535e-3
0.673, 1.501e-3
0.672, 1.468e-3
0.671, 1.434e-3
0.670, 1.402e-3
0.669, 1.369e-3
0.668, 1.337e-3
0.667, 1.306e-3
0.666, 1.274e-3
0.665, 1.243e-3
0.664, 1.213e-3
0.663, 1.183e-3
0.662, 1.154e-3
0.661, 1.124e-3
0.660, 1.095e-3
0.659, 1.066e-3
0.658, 1.038e-3
0.657, 1.010e-3
0.656, 9.830e-4
0.655, 9.563e-4
0.654, 9.296e-4
0.653, 9.035e-4
0.652, 8.778e-4
0.651, 8.525e-4
0.650, 8.273e-4
0.649, 8.024e-4
0.648, 7.782e-4
0.647, 7.541e-4
0.646, 7.307e-4
0.645, 7.076e-4
0.644, 6.848e-4
0.643, 6.629e-4
0.642, 6.410e-4
0.641, 6.193e-4
0.640, 5.983e-4
0.639, 5.778e-4
0.638, 5.577e-4
0.637, 5.381e-4
0.636, 5.187e-4
0.635, 4.995e-4
0.634, 4.810e-4
0.633, 4.630e-4
0.632, 4.454e-4
0.631, 4.278e-4
0.630, 4.109e-4
0.629, 3.940e-4
0.628, 3.777e-4
0.627, 3.625e-4
0.626, 3.469e-4
0.625, 3.315e-4
0.624, 3.171e-4
0.623, 3.027e-4
0.622, 2.891e-4
0.621, 2.749e-4
0.620, 2.619e-4
0.619, 2.491e-4
0.618, 2.371e-4
0.617, 2.247e-4
0.616, 2.134e-4
0.615, 2.020e-4
0.614, 1.921e-4
0.613, 1.804e-4
0.612, 1.700e-4
0.611, 1.601e-4
0.610, 1.502e-4
0.609, 1.408e-4
0.608, 1.315e-4
0.607, 1.227e-4
0.606, 1.144e-4
0.605, 1.060e-4
0.604, 9.810e-5
0.603, 9.024e-5
0.602, 8.278e-5
0.601, 7.587e-5
0.600, 6.874e-5
0.599, 6.221e-5
0.598, 5.567e-5
0.597, 4.925e-5
0.596, 4.330e-5
0.595, 3.773e-5
0.594, 3.198e-5
0.593, 2.681e-5
0.592, 2.163e-5
0.591, 1.685e-5
0.590, 1.239e-5
0.589, 7.147e-6
0.588, 2.607e-6
0.587, -1.308e-6
0.586, -5.653e-6
0.585, -9.285e-6
0.584, -1.316e-5
0.583, -1.698e-5
0.582, -2.018e-5
0.581, -2.358e-5
0.580, -2.672e-5
0.579, -2.952e-5
0.578, -3.267e-5
0.577, -3.532e-5
0.576, -3.793e-5
0.575, -4.098e-5
0.574, -4.350e-5
0.573, -4.563e-5
0.572, -4.802e-5
0.571, -5.019e-5
0.570, -5.266e-5
0.569, -5.472e-5
0.568, -5.676e-5
0.567, -5.860e-5
0.566, -6.063e-5
0.565, -6.275e-5
0.564, -6.476e-5
0.563, -6.657e-5
0.562, -6.787e-5
0.561, -6.924e-5
0.560, -7.063e-5
0.559, -7.204e-5
0.558, -7.352e-5
0.557, -7.531e-5
0.556, -7.664e-5
0.555, -7.771e-5
0.554, -7.931e-5
0.553, -8.042e-5
0.552, -8.181e-5
0.551, -8.288e-5
0.550, -8.357e-5
0.549, -8.512e-5
0.548, -8.668e-5
0.547, -8.765e-5
0.546, -8.865e-5
0.545, -8.997e-5
0.544, -9.098e-5
0.543, -9.206e-5
0.542, -9.301e-5
0.541, -9.402e-5
0.540, -9.508e-5
0.539, -9.593e-5
0.538, -9.724e-5
0.537, -9.839e-5
0.536, -9.897e-5
0.535, -1.001e-4
0.534, -1.009e-4
0.533, -1.020e-4
0.532, -1.031e-4
0.531, -1.040e-4
0.530, -1.048e-4
0.529, -1.056e-4
0.528, -1.064e-4
0.527, -1.075e-4
0.526, -1.084e-4
0.525, -1.089e-4
0.524, -1.101e-4
0.523, -1.114e-4
0.522, -1.127e-4
0.521, -1.134e-4
0.520, -1.145e-4
0.519, -1.155e-4
0.518, -1.164e-4
0.517, -1.173e-4
0.516, -1.183e-4
0.515, -1.190e-4
0.514, -1.200e-4
0.513, -1.211e-4
0.512, -1.236e-4
0.511, -1.247e-4
0.510, -1.250e-4
0.509, -1.254e-4
0.508, -1.268e-4
0.507, -1.275e-4
0.506, -1.289e-4
0.505, -1.298e-4
0.504, -1.310e-4
0.503, -1.320e-4
0.502, -1.330e-4
0.501, -1.344e-4
0.500, -1.354e-4
0.499, -1.360e-4
0.498, -1.379e-4
0.497, -1.393e-4
0.496, -1.403e-4
0.495, -1.417e-4
0.494, -1.430e-4
0.493, -1.445e-4
0.492, -1.457e-4
0.491, -1.469e-4
0.490, -1.484e-4
0.489, -1.499e-4
0.488, -1.518e-4
0.487, -1.531e-4
0.486, -1.550e-4
0.485, -1.563e-4
0.484, -1.578e-4
0.483, -1.592e-4
0.482, -1.614e-4
0.481, -1.632e-4
0.480, -1.649e-4
0.479, -1.666e-4
0.478, -1.686e-4
0.477, -1.703e-4
0.476, -1.723e-4
0.475, -1.742e-4
0.474, -1.761e-4
0.473, -1.779e-4
0.472, -1.801e-4
0.471, -1.824e-4
0.470, -1.848e-4
0.469, -1.876e-4
0.468, -1.900e-4
0.467, -1.924e-4
0.466, -1.952e-4
0.465, -1.978e-4
0.464, -2.006e-4
0.463, -2.036e-4
0.462, -2.065e-4
0.461, -2.102e-4
0.460, -2.137e-4
0.459, -2.166e-4
0.458, -2.201e-4
0.457, -2.234e-4
0.456, -2.268e-4
0.455, -2.306e-4
0.454, -2.347e-4
0.453, -2.386e-4
0.452, -2.426e-4
0.451, -2.468e-4
0.450, -2.511e-4
0.449, -2.553e-4
0.448, -2.602e-4
0.447, -2.648e-4
0.446, -2.694e-4
0.445, -2.745e-4
0.444, -2.796e-4
0.443, -2.850e-4
0.442, -2.906e-4
0.441, -2.961e-4
0.440, -3.017e-4
0.439, -3.078e-4
0.438, -3.130e-4
0.437, -3.190e-4
0.436, -3.252e-4
0.435, -3.320e-4
0.434, -3.384e-4
0.433, -3.447e-4
0.432, -3.510e-4
0.431, -3.578e-4
0.430, -3.642e-4
0.429, -3.709e-4
0.428, -3.777e-4
0.427, -3.846e-4
0.426, -3.914e-4
0.425, -3.976e-4
0.424, -4.040e-4
0.423, -4.110e-4
0.422, -4.176e-4
0.421, -4.245e-4
0.420, -4.311e-4
0.419, -4.376e-4
0.418, -4.449e-4
0.417, -4.514e-4
0.416, -4.581e-4
0.415, -4.650e-4
0.414, -4.719e-4
0.413, -4.782e-4
0.412, -4.845e-4
0.411, -4.910e-4
0.410, -4.952e-4
0.409, -4.948e-4
0.408, -5.028e-4
0.407, -5.101e-4
0.406, -5.164e-4
0.405, -5.231e-4
0.404, -5.298e-4
0.403, -5.361e-4
0.402, -5.427e-4
0.401, -5.489e-4
0.400, -5.553e-4
0.399, -5.615e-4
0.398, -5.672e-4
0.397, -5.730e-4
0.396, -5.784e-4
0.395, -5.835e-4
0.394, -5.891e-4
0.393, -5.941e-4
0.392, -5.997e-4
0.391, -6.047e-4
0.390, -6.090e-4
0.389, -6.136e-4
0.388, -6.175e-4
0.387, -6.213e-4
0.386, -6.250e-4
0.385, -6.278e-4
0.384, -6.303e-4
0.383, -6.326e-4
0.382, -6.339e-4
0.381, -6.344e-4
0.380, -6.351e-4
0.379, -6.348e-4
0.378, -6.337e-4
0.377, -6.320e-4
0.376, -6.301e-4
0.375, -6.270e-4
0.374, -6.227e-4
0.373, -6.180e-4
0.372, -6.128e-4
0.371, -6.064e-4
0.370, -5.998e-4
0.369, -5.922e-4
0.368, -5.837e-4
0.367, -5.750e-4
0.366, -5.651e-4
0.365, -5.549e-4
0.364, -5.437e-4
0.363, -5.322e-4
0.362, -5.203e-4
0.361, -5.080e-4
0.360, -4.950e-4
0.359, -4.822e-4
0.358, -4.689e-4
0.357, -4.554e-4
0.356, -4.416e-4
0.355, -4.277e-4
0.354, -4.141e-4
0.353, -4.003e-4
0.352, -3.877e-4
0.351, -3.742e-4
0.350, -3.610e-4
0.349, -3.479e-4
0.348, -3.353e-4
0.347, -3.229e-4
0.346, -3.109e-4
0.345, -2.990e-4
0.344, -2.877e-4
0.343, -2.765e-4
0.342, -2.660e-4
0.341, -2.558e-4
0.340, -2.460e-4
0.339, -2.365e-4
0.338, -2.273e-4
0.337, -2.188e-4
0.336, -2.105e-4
0.335, -2.024e-4
0.334, -1.948e-4
0.333, -1.879e-4
0.332, -1.810e-4
0.331, -1.743e-4
0.330, -1.682e-4
0.329, -1.623e-4
0.328, -1.563e-4
0.327, -1.508e-4
0.326, -1.456e-4
0.325, -1.408e-4
0.324, -1.359e-4
0.323, -1.312e-4
0.322, -1.268e-4
0.321, -1.226e-4
0.320, -1.189e-4
0.319, -1.155e-4
0.318, -1.116e-4
0.317, -1.080e-4
0.316, -1.048e-4
0.315, -1.018e-4
0.314, -9.883e-5
0.313, -9.590e-5
0.312, -9.317e-5
0.311, -9.080e-5
0.310, -8.820e-5
0.309, -8.563e-5
0.308, -8.328e-5
0.307, -8.147e-5
0.306, -7.922e-5
0.305, -7.718e-5
0.304, -7.508e-5
0.303, -7.315e-5
0.302, -7.128e-5
0.301, -6.968e-5
0.300, -6.833e-5
0.299, -6.680e-5
0.298, -6.541e-5
0.297, -6.384e-5
0.296, -6.217e-5
0.295, -6.059e-5
0.294, -5.917e-5
0.293, -5.795e-5
0.292, -5.678e-5
0.291, -5.558e-5
0.290, -5.445e-5
0.289, -5.333e-5
0.288, -5.226e-5
0.287, -5.124e-5
0.286, -5.014e-5
0.285, -4.911e-5
0.284, -4.815e-5
0.283, -4.726e-5
0.282, -4.647e-5
0.281, -4.555e-5
0.280, -4.477e-5
0.279, -4.402e-5
0.278, -4.329e-5
0.277, -4.260e-5
0.276, -4.194e-5
0.275, -4.115e-5
0.274, -4.061e-5
0.273, -3.980e-5
0.272, -3.906e-5
0.271, -3.847e-5
0.270, -3.779e-5
0.269, -3.710e-5
0.268, -3.656e-5
0.267, -3.592e-5
0.266, -3.536e-5
0.265, -3.480e-5
0.264, -3.422e-5
0.263, -3.369e-5
0.262, -3.327e-5
0.261, -3.280e-5
0.260, -3.228e-5
0.259, -3.184e-5
0.258, -3.145e-5
0.257, -3.104e-5
0.256, -3.062e-5
0.255, -3.023e-5
0.254, -2.973e-5
0.253, -2.944e-5
0.252, -2.904e-5
0.251, -2.864e-5
0.250, -2.829e-5
0.249, -2.793e-5
0.248, -2.760e-5
0.247, -2.720e-5
0.246, -2.687e-5
0.245, -2.653e-5
0.244, -2.627e-5
0.243, -2.591e-5
0.242, -2.556e-5
0.241, -2.533e-5
0.240, -2.500e-5
0.239, -2.473e-5
0.238, -2.447e-5
0.237, -2.421e-5
0.236, -2.389e-5
0.235, -2.374e-5
0.234, -2.342e-5
0.233, -2.320e-5
0.232, -2.295e-5
0.231, -2.277e-5
0.230, -2.258e-5
0.229, -2.224e-5
0.228, -2.203e-5
0.227, -2.178e-5
0.226, -2.165e-5
0.225, -2.139e-5
0.224, -2.117e-5
0.223, -2.098e-5
0.222, -2.080e-5
0.221, -2.062e-5
0.220, -2.041e-5
0.219, -2.019e-5
0.218, -2.009e-5
0.217, -1.987e-5
0.216, -1.968e-5
0.215, -1.956e-5
0.214, -1.941e-5
0.213, -1.932e-5
0.212, -1.912e-5
0.211, -1.897e-5
0.210, -1.881e-5
0.209, -1.869e-5
0.208, -1.847e-5
0.207, -1.837e-5
0.206, -1.829e-5
0.205, -1.811e-5
0.204, -1.796e-5
0.203, -1.787e-5
0.202, -1.770e-5
0.201, -1.755e-5
0.200, -1.586e-5
0.201, -1.246e-5
0.202, -1.108e-5
0.203, -1.011e-5
0.204, -9.315e-6
0.205, -8.739e-6
0.206, -8.192e-6
0.207, -7.626e-6
0.208, -7.157e-6
0.209, -6.669e-6
0.210, -6.307e-6
0.211, -5.927e-6
0.212, -5.477e-6
0.213, -5.155e-6
0.214, -4.843e-6
0.215, -4.540e-6
0.216, -4.277e-6
0.217, -3.876e-6
0.218, -3.730e-6
0.219, -3.369e-6
0.220, -3.212e-6
0.221, -2.949e-6
0.222, -2.675e-6
0.223, -2.373e-6
0.224, -2.109e-6
0.225, -1.963e-6
0.226, -1.728e-6
0.227, -1.582e-6
0.228, -1.367e-6
0.229, -1.142e-6
0.230, -9.666e-7
0.231, -7.909e-7
0.232, -5.956e-7
0.233, -4.491e-7
0.234, -2.539e-7
0.235, -9.764e-9
0.236, 6.835e-8
0.237, 1.660e-7
0.238, 4.491e-7
0.239, 5.761e-7
0.240, 7.811e-7
0.241, 8.885e-7
0.242, 1.074e-6
0.243, 1.201e-6
0.244, 1.289e-6
0.245, 1.426e-6
0.246, 1.582e-6
0.247, 1.855e-6
0.248, 2.002e-6
0.249, 2.060e-6
0.250, 2.236e-6
0.251, 2.441e-6
0.252, 2.587e-6
0.253, 2.675e-6
0.254, 2.812e-6
0.255, 2.910e-6
0.256, 3.056e-6
0.257, 3.222e-6
0.258, 3.320e-6
0.259, 3.525e-6
0.260, 3.632e-6
0.261, 3.808e-6
0.262, 3.935e-6
0.263, 4.013e-6
0.264, 4.169e-6
0.265, 4.345e-6
0.266, 4.452e-6
0.267, 4.540e-6
0.268, 4.726e-6
0.269, 4.823e-6
0.270, 5.009e-6
0.271, 5.097e-6
0.272, 5.233e-6
0.273, 5.390e-6
0.274, 5.507e-6
0.275, 5.614e-6
0.276, 5.917e-6
0.277, 5.985e-6
0.278, 6.151e-6
0.279, 6.268e-6
0.280, 6.366e-6
0.281, 6.600e-6
0.282, 6.717e-6
0.283, 6.766e-6
0.284, 7.030e-6
0.285, 7.157e-6
0.286, 7.333e-6
0.287, 7.518e-6
0.288, 7.606e-6
0.289, 7.840e-6
0.290, 7.967e-6
0.291, 8.153e-6
0.292, 8.221e-6
0.293, 8.397e-6
0.294, 8.612e-6
0.295, 8.758e-6
0.296, 8.934e-6
0.297, 9.100e-6
0.298, 9.285e-6
0.299, 9.549e-6
0.300, 9.754e-6
0.301, 9.822e-6
0.302, 1.021e-5
0.303, 1.035e-5
0.304, 1.058e-5
0.305, 1.076e-5
0.306, 1.088e-5
0.307, 1.115e-5
0.308, 1.137e-5
0.309, 1.149e-5
0.310, 1.173e-5
0.311, 1.194e-5
0.312, 1.211e-5
0.313, 1.235e-5
0.314, 1.257e-5
0.315, 1.277e-5
0.316, 1.302e-5
0.317, 1.317e-5
0.318, 1.341e-5
0.319, 1.364e-5
0.320, 1.383e-5
0.321, 1.407e-5
0.322, 1.427e-5
0.323, 1.440e-5
0.324, 1.472e-5
0.325, 1.496e-5
0.326, 1.515e-5
0.327, 1.537e-5
0.328, 1.563e-5
0.329, 1.589e-5
0.330, 1.609e-5
0.331, 1.635e-5
0.332, 1.656e-5
0.333, 1.686e-5
0.334, 1.706e-5
0.335, 1.731e-5
0.336, 1.757e-5
0.337, 1.784e-5
0.338, 1.810e-5
0.339, 1.837e-5
0.340, 1.860e-5
0.341, 1.889e-5
0.342, 1.915e-5
0.343, 1.946e-5
0.344, 1.979e-5
0.345, 2.005e-5
0.346, 2.029e-5
0.347, 2.060e-5
0.348, 2.087e-5
0.349, 2.114e-5
0.350, 2.162e-5
0.351, 2.184e-5
0.352, 2.217e-5
0.353, 2.255e-5
0.354, 2.283e-5
0.355, 2.308e-5
0.356, 2.346e-5
0.357, 2.366e-5
0.358, 2.412e-5
0.359, 2.444e-5
0.360, 2.476e-5
0.361, 2.508e-5
0.362, 2.541e-5
0.363, 2.573e-5
0.364, 2.603e-5
0.365, 2.638e-5
0.366, 2.671e-5
0.367, 2.706e-5
0.368, 2.729e-5
0.369, 2.776e-5
0.370, 2.805e-5
0.371, 2.844e-5
0.372, 2.873e-5
0.373, 2.902e-5
0.374, 2.947e-5
0.375, 2.973e-5
0.376, 3.007e-5
0.377, 3.047e-5
0.378, 3.084e-5
0.379, 3.133e-5
0.380, 3.164e-5
0.381, 3.204e-5
0.382, 3.247e-5
0.383, 3.293e-5
0.384, 3.338e-5
0.385, 3.387e-5
0.386, 3.434e-5
0.387, 3.483e-5
0.388, 3.522e-5
0.389, 3.574e-5
0.390, 3.625e-5
0.391, 3.669e-5
0.392, 3.721e-5
0.393, 3.772e-5
0.394, 3.818e-5
0.395, 3.877e-5
0.396, 3.924e-5
0.397, 3.965e-5
0.398, 4.016e-5
0.399, 4.075e-5
0.400, 4.134e-5
0.401, 4.201e-5
0.402, 4.259e-5
0.403, 4.325e-5
0.404, 4.404e-5
0.405, 4.465e-5
0.406, 4.532e-5
0.407, 4.610e-5
0.408, 4.681e-5
0.409, 4.752e-5
0.410, 4.680e-5
0.411, 4.840e-5
0.412, 4.952e-5
0.413, 5.045e-5
0.414, 5.145e-5
0.415, 5.244e-5
0.416, 5.337e-5
0.417, 5.438e-5
0.418, 5.542e-5
0.419, 5.665e-5
0.420, 5.789e-5
0.421, 5.915e-5
0.422, 6.047e-5
0.423, 6.171e-5
0.424, 6.314e-5
0.425, 6.461e-5
0.426, 6.604e-5
0.427, 6.776e-5
0.428, 6.959e-5
0.429, 7.152e-5
0.430, 7.363e-5
0.431, 7.572e-5
0.432, 7.781e-5
0.433, 8.018e-5
0.434, 8.319e-5
0.435, 8.637e-5
0.436, 8.939e-5
0.437, 9.262e-5
0.438, 9.652e-5
0.439, 1.005e-4
0.440, 1.049e-4
0.441, 1.100e-4
0.442, 1.151e-4
0.443, 1.209e-4
0.444, 1.270e-4
0.445, 1.338e-4
0.446, 1.415e-4
0.447, 1.497e-4
0.448, 1.585e-4
0.449, 1.683e-4
0.450, 1.787e-4
0.451, 1.906e-4
0.452, 2.030e-4
0.453, 2.166e-4
0.454, 2.312e-4
0.455, 2.471e-4
0.456, 2.646e-4
0.457, 2.833e-4
0.458, 3.034e-4
0.459, 3.249e-4
0.460, 3.483e-4
0.461, 3.732e-4
0.462, 4.001e-4
0.463, 4.281e-4
0.464, 4.579e-4
0.465, 4.891e-4
0.466, 5.217e-4
0.467, 5.556e-4
0.468, 5.905e-4
0.469, 6.263e-4
0.470, 6.630e-4
0.471, 6.995e-4
0.472, 7.365e-4
0.473, 7.733e-4
0.474, 8.089e-4
0.475, 8.442e-4
0.476, 8.780e-4
0.477, 9.106e-4
0.478, 9.415e-4
0.479, 9.701e-4
0.480, 9.959e-4
0.481, 1.019e-3
0.482, 1.040e-3
0.483, 1.058e-3
0.484, 1.073e-3
0.485, 1.083e-3
0.486, 1.092e-3
0.487, 1.098e-3
0.488, 1.100e-3
0.489, 1.099e-3
0.490, 1.095e-3
0.491, 1.089e-3
0.492, 1.080e-3
0.493, 1.069e-3
0.494, 1.055e-3
0.495, 1.040e-3
0.496, 1.023e-3
0.497, 1.005e-3
0.498, 9.853e-4
0.499, 9.646e-4
0.500, 9.426e-4
0.501, 9.206e-4
0.502, 8.986e-4
0.503, 8.758e-4
0.504, 8.533e-4
0.505, 8.312e-4
0.506, 8.093e-4
0.507, 7.880e-4
0.508, 7.666e-4
0.509, 7.463e-4
0.510, 7.270e-4
0.511, 7.079e-4
0.512, 6.910e-4
0.513, 6.745e-4
0.514, 6.574e-4
0.515, 6.412e-4
0.516, 6.254e-4
0.517, 6.097e-4
0.518, 5.954e-4
0.519, 5.818e-4
0.520, 5.681e-4
0.521, 5.551e-4
0.522, 5.422e-4
0.523, 5.301e-4
0.524, 5.178e-4
0.525, 5.057e-4
0.526, 4.945e-4
0.527, 4.832e-4
0.528, 4.722e-4
0.529, 4.619e-4
0.530, 4.515e-4
0.531, 4.417e-4
0.532, 4.316e-4
0.533, 4.215e-4
0.534, 4.124e-4
0.535, 4.031e-4
0.536, 3.943e-4
0.537, 3.857e-4
0.538, 3.774e-4
0.539, 3.694e-4
0.540, 3.612e-4
0.541, 3.536e-4
0.542, 3.462e-4
0.543, 3.392e-4
0.544, 3.324e-4
0.545, 3.254e-4
0.546, 3.195e-4
0.547, 3.134e-4
0.548, 3.075e-4
0.549, 3.020e-4
0.550, 2.966e-4
0.551, 2.910e-4
0.552, 2.863e-4
0.553, 2.819e-4
0.554, 2.769e-4
0.555, 2.731e-4
0.556, 2.695e-4
0.557, 2.658e-4
0.558, 2.623e-4
0.559, 2.590e-4
0.560, 2.559e-4
0.561, 2.528e-4
0.562, 2.499e-4
0.563, 2.476e-4
0.564, 2.455e-4
0.565, 2.434e-4
0.566, 2.412e-4
0.567, 2.392e-4
0.568, 2.379e-4
0.569, 2.364e-4
0.570, 2.349e-4
0.571, 2.339e-4
0.572, 2.330e-4
0.573, 2.317e-4
0.574, 2.311e-4
0.575, 2.304e-4
0.576, 2.295e-4
0.577, 2.293e-4
0.578, 2.291e-4
0.579, 2.293e-4
0.580, 2.299e-4
0.581, 2.302e-4
0.582, 2.309e-4
0.583, 2.319e-4
0.584, 2.328e-4
0.585, 2.341e-4
0.586, 2.351e-4
0.587, 2.365e-4
0.588, 2.382e-4
0.589, 2.403e-4
0.590, 2.423e-4
0.591, 2.443e-4
0.592, 2.463e-4
0.593, 2.487e-4
0.594, 2.518e-4
0.595, 2.553e-4
0.596, 2.587e-4
0.597, 2.620e-4
0.598, 2.658e-4
0.599, 2.696e-4
0.600, 2.735e-4
0.601, 2.781e-4
0.602, 2.827e-4
0.603, 2.883e-4
0.604, 2.936e-4
0.605, 2.988e-4
0.606, 3.050e-4
0.607, 3.112e-4
0.608, 3.178e-4
0.609, 3.242e-4
0.610, 3.316e-4
0.611, 3.391e-4
0.612, 3.469e-4
0.613, 3.549e-4
0.614, 3.634e-4
0.615, 3.710e-4
0.616, 3.806e-4
0.617, 3.907e-4
0.618, 4.006e-4
0.619, 4.113e-4
0.620, 4.218e-4
0.621, 4.331e-4
0.622, 4.448e-4
0.623, 4.566e-4
0.624, 4.687e-4
0.625, 4.817e-4
0.626, 4.948e-4
0.627, 5.083e-4
0.628, 5.218e-4
0.629, 5.365e-4
0.630, 5.518e-4
0.631, 5.669e-4
0.632, 5.826e-4
0.633, 5.991e-4
0.634, 6.153e-4
0.635, 6.328e-4
0.636, 6.506e-4
0.637, 6.684e-4
0.638, 6.872e-4
0.639, 7.062e-4
0.640, 7.260e-4
0.641, 7.461e-4
0.642, 7.664e-4
0.643, 7.875e-4
0.644, 8.087e-4
0.645, 8.308e-4
0.646, 8.535e-4
0.647, 8.761e-4
0.648, 8.994e-4
0.649, 9.230e-4
0.650, 9.471e-4
0.651, 9.718e-4
0.652, 9.967e-4
0.653, 1.022e-3
0.654, 1.048e-3
0.655, 1.075e-3
0.656, 1.101e-3
0.657, 1.129e-3
0.658, 1.156e-3
0.659, 1.184e-3
0.660, 1.213e-3
0.661, 1.242e-3
0.662, 1.272e-3
0.663, 1.302e-3
0.664, 1.332e-3
0.665, 1.363e-3
0.666, 1.394e-3
0.667, 1.426e-3
0.668, 1.458e-3
0.669, 1.490e-3
0.670, 1.523e-3
0.671, 1.556e-3
0.672, 1.590e-3
0.673, 1.624e-3
0.674, 1.659e-3
0.675, 1.693e-3
0.676, 1.729e-3
0.677, 1.764e-3
0.678, 1.800e-3
0.679, 1.836e-3
0.680, 1.872e-3
0.681, 1.909e-3
0.682, 1.947e-3
0.683, 1.985e-3
0.684, 2.023e-3
0.685, 2.061e-3
0.686, 2.100e-3
0.687, 2.139e-3
0.688, 2.178e-3
0.689, 2.218e-3
0.690, 2.257e-3
0.691, 2.298e-3
0.692, 2.339e-3
0.693, 2.380e-3
0.694, 2.421e-3
0.695, 2.463e-3
0.696, 2.504e-3
0.697, 2.546e-3
0.698, 2.588e-3
0.699, 2.631e-3
0.700, 2.674e-3
0.701, 2.717e-3
0.702, 2.760e-3
0.703, 2.804e-3
0.704, 2.847e-3
0.705, 2.891e-3
0.706, 2.935e-3
0.707, 2.980e-3
0.708, 3.025e-3
0.709, 3.070e-3
0.710, 3.116e-3
0.711, 3.161e-3
0.712, 3.207e-3
0.713, 3.253e-3
0.714, 3.300e-3
0.715, 3.346e-3
0.716, 3.393e-3
0.717, 3.442e-3
0.718, 3.489e-3
0.719, 3.537e-3
0.720, 3.585e-3
0.721, 3.633e-3
0.722, 3.681e-3
0.723, 3.729e-3
0.724, 3.777e-3
0.725, 3.826e-3
0.726, 3.875e-3
0.727, 3.924e-3
0.728, 3.973e-3
0.729, 4.023e-3
0.730, 4.072e-3
0.731, 4.121e-3
0.732, 4.170e-3
0.733, 4.221e-3
0.734, 4.271e-3
0.735, 4.321e-3
0.736, 4.372e-3
0.737, 4.423e-3
0.738, 4.473e-3
0.739, 4.524e-3
0.740, 4.576e-3
0.741, 4.627e-3
0.742, 4.679e-3
0.743, 4.731e-3
0.744, 4.783e-3
0.745, 4.835e-3
0.746, 4.887e-3
0.747, 4.939e-3
0.748, 4.992e-3
0.749, 5.044e-3
0.750, 5.098e-3
0.751, 5.151e-3
0.752, 5.204e-3
0.753, 5.257e-3
0.754, 5.310e-3
0.755, 5.363e-3
0.756, 5.416e-3
0.757, 5.470e-3
0.758, 5.524e-3
0.759, 5.578e-3
0.760, 5.632e-3
0.761, 5.686e-3
0.762, 5.740e-3
0.763, 5.794e-3
0.764, 5.849e-3
0.765, 5.903e-3
0.766, 5.958e-3
0.767, 6.013e-3
0.768, 6.068e-3
0.769, 6.123e-3
0.770, 6.178e-3
0.771, 6.233e-3
0.772, 6.289e-3
0.773, 6.344e-3
0.774, 6.400e-3
0.775, 6.456e-3
0.776, 6.511e-3
0.777, 6.567e-3
0.778, 6.624e-3
0.779, 6.681e-3
0.780, 6.737e-3
0.781, 6.793e-3
0.782, 6.849e-3
0.783, 6.905e-3
0.784, 6.962e-3
0.785, 7.019e-3
0.786, 7.076e-3
0.787, 7.133e-3
0.788, 7.190e-3
0.789, 7.247e-3
0.790, 7.305e-3
0.791, 7.362e-3
0.792, 7.419e-3
0.793, 7.477e-3
0.794, 7.535e-3
0.795, 7.593e-3
0.796, 7.651e-3
0.797, 7.708e-3
0.798, 7.767e-3
0.799, 7.825e-3
0.800, 7.865e-3
0.799, 7.824e-3
0.798, 7.765e-3
0.797, 7.707e-3
0.796, 7.648e-3
0.795, 7.590e-3
0.794, 7.532e-3
0.793, 7.473e-3
0.792, 7.415e-3
0.791, 7.358e-3
0.790, 7.300e-3
0.789, 7.242e-3
0.788, 7.184e-3
0.787, 7.126e-3
0.786, 7.069e-3
0.785, 7.011e-3
0.784, 6.954e-3
0.783, 6.896e-3
0.782, 6.839e-3
0.781, 6.782e-3
0.780, 6.726e-3
0.779, 6.669e-3
0.778, 6.612e-3
0.777, 6.555e-3
0.776, 6.498e-3
0.775, 6.442e-3
0.774, 6.386e-3
0.773, 6.329e-3
0.772, 6.273e-3
0.771, 6.217e-3
0.770, 6.161e-3
0.769, 6.105e-3
0.768, 6.050e-3
0.767, 5.994e-3
0.766, 5.938e-3
0.765, 5.883e-3
0.764, 5.828e-3
0.763, 5.773e-3
0.762, 5.718e-3
0.761, 5.663e-3
0.760, 5.609e-3
0.759, 5.554e-3
0.758, 5.500e-3
0.757, 5.445e-3
0.756, 5.391e-3
0.755, 5.337e-3
0.754, 5.283e-3
0.753, 5.230e-3
0.752, 5.176e-3
0.751, 5.123e-3
0.750, 5.069e-3
0.749, 5.015e-3
0.748, 4.962e-3
0.747, 4.910e-3
0.746, 4.857e-3
0.745, 4.805e-3
0.744, 4.752e-3
0.743, 4.700e-3
0.742, 4.647e-3
0.741, 4.595e-3
0.740, 4.543e-3
0.739, 4.492e-3
0.738, 4.440e-3
0.737, 4.389e-3
0.736, 4.337e-3
0.735, 4.287e-3
0.734, 4.236e-3
0.733, 4.186e-3
0.732, 4.135e-3
0.731, 4.086e-3
0.730, 4.036e-3
0.729, 3.986e-3
0.728, 3.937e-3
0.727, 3.887e-3
0.726, 3.838e-3
0.725, 3.789e-3
0.724, 3.740e-3
0.723, 3.691e-3
0.722, 3.643e-3
0.721, 3.594e-3
0.720, 3.546e-3
0.719, 3.498e-3
0.718, 3.451e-3
0.717, 3.402e-3
0.716, 3.353e-3
0.715, 3.307e-3
0.714, 3.260e-3
0.713, 3.214e-3
0.712, 3.167e-3
0.711, 3.121e-3
0.710, 3.075e-3
0.709, 3.030e-3
0.708, 2.984e-3
0.707, 2.939e-3
0.706, 2.895e-3
0.705, 2.850e-3
0.704, 2.806e-3
0.703, 2.762e-3
0.702, 2.719e-3
0.701, 2.675e-3
0.700, 2.632e-3
0.699, 2.590e-3
0.698, 2.547e-3
0.697, 2.505e-3
0.696, 2.462e-3
0.695, 2.420e-3
0.694, 2.379e-3
0.693, 2.337e-3
0.692, 2.296e-3
0.691, 2.255e-3
0.690, 2.215e-3
0.689, 2.174e-3
0.688, 2.135e-3
0.687, 2.095e-3
0.686, 2.056e-3
0.685, 2.017e-3
0.684, 1.978e-3
0.683, 1.940e-3
0.682, 1.902e-3
0.681, 1.864e-3
0.680, 1.827e-3
0.679, 1.790e-3
0.678, 1.754e-3
0.677, 1.718e-3
0.676, 1.681e-3
0.675, 1.646e-3
0.674, 1.611e-3
0.673, 1.576e-3
0.672, 1.541e-3
0.671, 1.507e-3
0.670, 1.473e-3
0.669, 1.439e-3
0.668, 1.406e-3
0.667, 1.374e-3
0.666, 1.341e-3
0.665, 1.309e-3
0.664, 1.277e-3
0.663, 1.246e-3
0.662, 1.215e-3
0.661, 1.185e-3
0.660, 1.155e-3
0.659, 1.125e-3
0.658, 1.096e-3
0.657, 1.067e-3
0.656, 1.039e-3
0.655, 1.010e-3
0.654, 9.828e-4
0.653, 9.558e-4
0.652, 9.289e-4
0.651, 9.023e-4
0.650, 8.761e-4
0.649, 8.505e-4
0.648, 8.250e-4
0.647, 7.999e-4
0.646, 7.753e-4
0.645, 7.512e-4
0.644, 7.273e-4
0.643, 7.043e-4
0.642, 6.813e-4
0.641, 6.590e-4
0.640, 6.367e-4
0.639, 6.148e-4
0.638, 5.940e-4
0.637, 5.734e-4
0.636, 5.531e-4
0.635, 5.333e-4
0.634, 5.134e-4
0.633, 4.945e-4
0.632, 4.758e-4
0.631, 4.575e-4
0.630, 4.396e-4
0.629, 4.218e-4
0.628, 4.048e-4
0.627, 3.885e-4
0.626, 3.719e-4
0.625, 3.561e-4
0.624, 3.409e-4
0.623, 3.254e-4
0.622, 3.110e-4
0.621, 2.965e-4
0.620, 2.825e-4
0.619, 2.690e-4
0.618, 2.555e-4
0.617, 2.429e-4
0.616, 2.305e-4
0.615, 2.187e-4
0.614, 2.082e-4
0.613, 1.963e-4
0.612, 1.849e-4
0.611, 1.740e-4
0.610, 1.640e-4
0.609, 1.538e-4
0.608, 1.440e-4
0.607, 1.344e-4
0.606, 1.256e-4
0.605, 1.168e-4
0.604, 1.082e-4
0.603, 1.001e-4
0.602, 9.219e-5
0.601, 8.502e-5
0.600, 7.711e-5
0.599, 7.002e-5
0.598, 6.315e-5
0.597, 5.641e-5
0.596, 5.002e-5
0.595, 4.361e-5
0.594, 3.801e-5
0.593, 3.221e-5
0.592, 2.708e-5
0.591, 2.199e-5
0.590, 1.665e-5
0.589, 1.160e-5
0.588, 6.835e-6
0.587, 2.490e-6
0.586, -1.953e-6
0.585, -5.888e-6
0.584, -1.013e-5
0.583, -1.433e-5
0.582, -1.790e-5
0.581, -2.133e-5
0.580, -2.474e-5
0.579, -2.765e-5
0.578, -3.094e-5
0.577, -3.410e-5
0.576, -3.669e-5
0.575, -3.981e-5
0.574, -4.250e-5
0.573, -4.488e-5
0.572, -4.722e-5
0.571, -4.983e-5
0.570, -5.243e-5
0.569, -5.445e-5
0.568, -5.668e-5
0.567, -5.882e-5
0.566, -6.059e-5
0.565, -6.295e-5
0.564, -6.509e-5
0.563, -6.705e-5
0.562, -6.861e-5
0.561, -7.006e-5
0.560, -7.135e-5
0.559, -7.313e-5
0.558, -7.457e-5
0.557, -7.622e-5
0.556, -7.770e-5
0.555, -7.913e-5
0.554, -8.049e-5
0.553, -8.172e-5
0.552, -8.300e-5
0.551, -8.445e-5
0.550, -8.494e-5
0.549, -8.679e-5
0.548, -8.826e-5
0.547, -8.923e-5
0.546, -9.054e-5
0.545, -9.172e-5
0.544, -9.282e-5
0.543, -9.385e-5
0.542, -9.488e-5
0.541, -9.577e-5
0.540, -9.689e-5
0.539, -9.796e-5
0.538, -9.932e-5
0.537, -1.004e-4
0.536, -1.014e-4
0.535, -1.023e-4
0.534, -1.031e-4
0.533, -1.043e-4
0.532, -1.053e-4
0.531, -1.058e-4
0.530, -1.070e-4
0.529, -1.080e-4
0.528, -1.090e-4
0.527, -1.102e-4
0.526, -1.110e-4
0.525, -1.119e-4
0.524, -1.128e-4
0.523, -1.139e-4
0.522, -1.152e-4
0.521, -1.160e-4
0.520, -1.169e-4
0.519, -1.181e-4
0.518, -1.190e-4
0.517, -1.199e-4
0.516, -1.208e-4
0.515, -1.217e-4
0.514, -1.228e-4
0.513, -1.238e-4
0.512, -1.265e-4
0.511, -1.276e-4
0.510, -1.276e-4
0.509, -1.288e-4
0.508, -1.294e-4
0.507, -1.306e-4
0.506, -1.316e-4
0.505, -1.328e-4
0.504, -1.339e-4
0.503, -1.352e-4
0.502, -1.363e-4
0.501, -1.377e-4
0.500, -1.388e-4
0.499, -1.396e-4
0.498, -1.411e-4
0.497, -1.423e-4
0.496, -1.434e-4
0.495, -1.449e-4
0.494, -1.464e-4
0.493, -1.476e-4
0.492, -1.490e-4
0.491, -1.503e-4
0.490, -1.520e-4
0.489, -1.535e-4
0.488, -1.550e-4
0.487, -1.566e-4
0.486, -1.584e-4
0.485, -1.599e-4
0.484, -1.616e-4
0.483, -1.632e-4
0.482, -1.651e-4
0.481, -1.667e-4
0.480, -1.686e-4
0.479, -1.704e-4
0.478, -1.723e-4
0.477, -1.738e-4
0.476, -1.760e-4
0.475, -1.782e-4
0.474, -1.802e-4
0.473, -1.820e-4
0.472, -1.845e-4
0.471, -1.870e-4
0.470, -1.892e-4
0.469, -1.918e-4
0.468, -1.942e-4
0.467, -1.970e-4
0.466, -1.998e-4
0.465, -2.025e-4
0.464, -2.053e-4
0.463, -2.087e-4
0.462, -2.120e-4
0.461, -2.151e-4
0.460, -2.186e-4
0.459, -2.219e-4
0.458, -2.254e-4
0.457, -2.286e-4
0.456, -2.327e-4
0.455, -2.369e-4
0.454, -2.406e-4
0.453, -2.448e-4
0.452, -2.487e-4
0.451, -2.529e-4
0.450, -2.577e-4
0.449, -2.629e-4
0.448, -2.668e-4
0.447, -2.717e-4
0.446, -2.766e-4
0.445, -2.818e-4
0.444, -2.873e-4
0.443, -2.928e-4
0.442, -2.983e-4
0.441, -3.042e-4
0.440, -3.105e-4
0.439, -3.162e-4
0.438, -3.223e-4
0.437, -3.284e-4
0.436, -3.349e-4
0.435, -3.420e-4
0.434, -3.487e-4
0.433, -3.551e-4
0.432, -3.620e-4
0.431, -3.688e-4
0.430, -3.755e-4
0.429, -3.829e-4
0.428, -3.900e-4
0.427, -3.963e-4
0.426, -4.036e-4
0.425, -4.106e-4
0.424, -4.177e-4
0.423, -4.253e-4
0.422, -4.320e-4
0.421, -4.392e-4
0.420, -4.464e-4
0.419, -4.535e-4
0.418, -4.611e-4
0.417, -4.680e-4
0.416, -4.751e-4
0.415, -4.822e-4
0.414, -4.890e-4
0.413, -4.959e-4
0.412, -5.029e-4
0.411, -5.096e-4
0.410, -5.142e-4
0.409, -5.139e-4
0.408, -5.222e-4
0.407, -5.299e-4
0.406, -5.366e-4
0.405, -5.440e-4
0.404, -5.513e-4
0.403, -5.582e-4
0.402, -5.653e-4
0.401, -5.717e-4
0.400, -5.781e-4
0.399, -5.843e-4
0.398, -5.910e-4
0.397, -5.972e-4
0.396, -6.034e-4
0.395, -6.089e-4
0.394, -6.149e-4
0.393, -6.206e-4
0.392, -6.266e-4
0.391, -6.316e-4
0.390, -6.367e-4
0.389, -6.418e-4
0.388, -6.464e-4
0.387, -6.506e-4
0.386, -6.545e-4
0.385, -6.572e-4
0.384, -6.602e-4
0.383, -6.627e-4
0.382, -6.645e-4
0.381, -6.657e-4
0.380, -6.664e-4
0.379, -6.661e-4
0.378, -6.656e-4
0.377, -6.640e-4
0.376, -6.618e-4
0.375, -6.590e-4
0.374, -6.551e-4
0.373, -6.507e-4
0.372, -6.448e-4
0.371, -6.379e-4
0.370, -6.310e-4
0.369, -6.231e-4
0.368, -6.142e-4
0.367, -6.050e-4
0.366, -5.945e-4
0.365, -5.837e-4
0.364, -5.727e-4
0.363, -5.602e-4
0.362, -5.475e-4
0.361, -5.340e-4
0.360, -5.203e-4
0.359, -5.067e-4
0.358, -4.922e-4
0.357, -4.778e-4
0.356, -4.631e-4
0.355, -4.483e-4
0.354, -4.336e-4
0.353, -4.189e-4
0.352, -4.045e-4
0.351, -3.908e-4
0.350, -3.767e-4
0.349, -3.630e-4
0.348, -3.493e-4
0.347, -3.360e-4
0.346, -3.232e-4
0.345, -3.105e-4
0.344, -2.984e-4
0.343, -2.869e-4
0.342, -2.756e-4
0.341, -2.651e-4
0.340, -2.545e-4
0.339, -2.446e-4
0.338, -2.351e-4
0.337, -2.258e-4
0.336, -2.173e-4
0.335, -2.089e-4
0.334, -2.008e-4
0.333, -1.933e-4
0.332, -1.863e-4
0.331, -1.794e-4
0.330, -1.729e-4
0.329, -1.669e-4
0.328, -1.608e-4
0.327, -1.550e-4
0.326, -1.496e-4
0.325, -1.444e-4
0.324, -1.396e-4
0.323, -1.345e-4
0.322, -1.301e-4
0.321, -1.259e-4
0.320, -1.216e-4
0.319, -1.181e-4
0.318, -1.147e-4
0.317, -1.108e-4
0.316, -1.074e-4
0.315, -1.042e-4
0.314, -1.011e-4
0.313, -9.821e-5
0.312, -9.528e-5
0.311, -9.284e-5
0.310, -9.032e-5
0.309, -8.776e-5
0.308, -8.540e-5
0.307, -8.336e-5
0.306, -8.106e-5
0.305, -7.893e-5
0.304, -7.693e-5
0.303, -7.489e-5
0.302, -7.301e-5
0.301, -7.117e-5
0.300, -6.958e-5
0.299, -6.812e-5
0.298, -6.682e-5
0.297, -6.533e-5
0.296, -6.376e-5
0.295, -6.220e-5
0.294, -6.056e-5
0.293, -5.925e-5
0.292, -5.793e-5
0.291, -5.672e-5
0.290, -5.562e-5
0.289, -5.458e-5
0.288, -5.337e-5
0.287, -5.226e-5
0.286, -5.132e-5
0.285, -5.028e-5
0.284, -4.926e-5
0.283, -4.823e-5
0.282, -4.737e-5
0.281, -4.648e-5
0.280, -4.565e-5
0.279, -4.493e-5
0.278, -4.411e-5
0.277, -4.343e-5
0.276, -4.274e-5
0.275, -4.203e-5
0.274, -4.131e-5
0.273, -4.068e-5
0.272, -3.997e-5
0.271, -3.928e-5
0.270, -3.852e-5
0.269, -3.790e-5
0.268, -3.733e-5
0.267, -3.668e-5
0.266, -3.609e-5
0.265, -3.556e-5
0.264, -3.497e-5
0.263, -3.446e-5
0.262, -3.389e-5
0.261, -3.346e-5
0.260, -3.298e-5
0.259, -3.249e-5
0.258, -3.214e-5
0.257, -3.162e-5
0.256, -3.110e-5
0.255, -3.076e-5
0.254, -3.038e-5
0.253, -2.995e-5
0.252, -2.956e-5
0.251, -2.919e-5
0.250, -2.885e-5
0.249, -2.853e-5
0.248, -2.810e-5
0.247, -2.776e-5
0.246, -2.741e-5
0.245, -2.708e-5
0.244, -2.678e-5
0.243, -2.644e-5
0.242, -2.610e-5
0.241, -2.579e-5
0.240, -2.549e-5
0.239, -2.517e-5
0.238, -2.491e-5
0.237, -2.467e-5
0.236, -2.437e-5
0.235, -2.414e-5
0.234, -2.384e-5
0.233, -2.363e-5
0.232, -2.336e-5
0.231, -2.312e-5
0.230, -2.285e-5
0.229, -2.261e-5
0.228, -2.237e-5
0.227, -2.212e-5
0.226, -2.200e-5
0.225, -2.174e-5
0.224, -2.148e-5
0.223, -2.132e-5
0.222, -2.110e-5
0.221, -2.089e-5
0.220, -2.078e-5
0.219, -2.058e-5
0.218, -2.039e-5
0.217, -2.022e-5
0.216, -2.001e-5
0.215, -1.986e-5
0.214, -1.967e-5
0.213, -1.957e-5
0.212, -1.939e-5
0.211, -1.921e-5
0.210, -1.912e-5
0.209, -1.895e-5
0.208, -1.872e-5
0.207, -1.866e-5
0.206, -1.851e-5
0.205, -1.836e-5
0.204, -1.821e-5
0.203, -1.809e-5
0.202, -1.798e-5
0.201, -1.780e-5
0.200, -1.615e-5
0.201, -1.279e-5
0.202, -1.138e-5
0.203, -1.034e-5
0.204, -9.529e-6
0.205, -9.002e-6
0.206, -8.377e-6
0.207, -7.792e-6
0.208, -7.294e-6
0.209, -6.786e-6
0.210, -6.366e-6
0.211, -5.995e-6
0.212, -5.614e-6
0.213, -5.311e-6
0.214, -4.940e-6
0.215, -4.638e-6
0.216, -4.306e-6
0.217, -4.042e-6
0.218, -3.808e-6
0.219, -3.574e-6
0.220, -3.251e-6
0.221, -2.978e-6
0.222, -2.753e-6
0.223, -2.460e-6
0.224, -2.304e-6
0.225, -2.011e-6
0.226, -1.806e-6
0.227, -1.650e-6
0.228, -1.474e-6
0.229, -1.220e-6
0.230, -9.959e-7
0.231, -8.104e-7
0.232, -6.542e-7
0.233, -5.077e-7
0.234, -2.246e-7
0.235, -1.367e-7
0.236, 1.562e-7
0.237, 1.465e-7
0.238, 3.124e-7
0.239, 4.882e-7
0.240, 7.616e-7
0.241, 9.178e-7
0.242, 1.045e-6
0.243, 1.142e-6
0.244, 1.347e-6
0.245, 1.484e-6
0.246, 1.631e-6
0.247, 1.855e-6
0.248, 1.953e-6
0.249, 2.148e-6
0.250, 2.246e-6
0.251, 2.314e-6
0.252, 2.568e-6
0.253, 2.734e-6
0.254, 2.910e-6
0.255, 2.978e-6
0.256, 3.095e-6
0.257, 3.369e-6
0.258, 3.437e-6
0.259, 3.554e-6
0.260, 3.720e-6
0.261, 3.837e-6
0.262, 3.954e-6
0.263, 4.130e-6
0.264, 4.247e-6
0.265, 4.306e-6
0.266, 4.511e-6
0.267, 4.706e-6
0.268, 4.784e-6
0.269, 4.940e-6
0.270, 5.106e-6
0.271, 5.253e-6
0.272, 5.390e-6
0.273, 5.517e-6
0.274, 5.683e-6
0.275, 5.829e-6
0.276, 5.946e-6
0.277, 6.112e-6
0.278, 6.200e-6
0.279, 6.395e-6
0.280, 6.659e-6
0.281, 6.796e-6
0.282, 6.874e-6
0.283, 6.991e-6
0.284, 7.128e-6
0.285, 7.323e-6
0.286, 7.518e-6
0.287, 7.723e-6
0.288, 7.821e-6
0.289, 7.967e-6
0.290, 8.163e-6
0.291, 8.377e-6
0.292, 8.534e-6
0.293, 8.680e-6
0.294, 8.924e-6
0.295, 9.090e-6
0.296, 9.197e-6
0.297, 9.461e-6
0.298, 9.539e-6
0.299, 9.715e-6
0.300, 9.979e-6
0.301, 1.019e-5
0.302, 1.039e-5
0.303, 1.059e-5
0.304, 1.083e-5
0.305, 1.102e-5
0.306, 1.124e-5
0.307, 1.151e-5
0.308, 1.175e-5
0.309, 1.196e-5
0.310, 1.213e-5
0.311, 1.231e-5
0.312, 1.247e-5
0.313, 1.276e-5
0.314, 1.294e-5
0.315, 1.314e-5
0.316, 1.339e-5
0.317, 1.354e-5
0.318, 1.385e-5
0.319, 1.404e-5
0.320, 1.412e-5
0.321, 1.435e-5
0.322, 1.464e-5
0.323, 1.488e-5
0.324, 1.523e-5
0.325, 1.541e-5
0.326, 1.562e-5
0.327, 1.579e-5
0.328, 1.605e-5
0.329, 1.640e-5
0.330, 1.660e-5
0.331, 1.684e-5
0.332, 1.708e-5
0.333, 1.734e-5
0.334, 1.759e-5
0.335, 1.789e-5
0.336, 1.808e-5
0.337, 1.839e-5
0.338, 1.867e-5
0.339, 1.893e-5
0.340, 1.916e-5
0.341, 1.945e-5
0.342, 1.977e-5
0.343, 2.008e-5
0.344, 2.041e-5
0.345, 2.077e-5
0.346, 2.096e-5
0.347, 2.126e-5
0.348, 2.158e-5
0.349, 2.186e-5
0.350, 2.218e-5
0.351, 2.245e-5
0.352, 2.277e-5
0.353, 2.318e-5
0.354, 2.350e-5
0.355, 2.385e-5
0.356, 2.418e-5
0.357, 2.453e-5
0.358, 2.489e-5
0.359, 2.523e-5
0.360, 2.549e-5
0.361, 2.586e-5
0.362, 2.615e-5
0.363, 2.652e-5
0.364, 2.686e-5
0.365, 2.713e-5
0.366, 2.754e-5
0.367, 2.787e-5
0.368, 2.820e-5
0.369, 2.849e-5
0.370, 2.886e-5
0.371, 2.923e-5
0.372, 2.947e-5
0.373, 2.993e-5
0.374, 3.033e-5
0.375, 3.060e-5
0.376, 3.105e-5
0.377, 3.143e-5
0.378, 3.187e-5
0.379, 3.234e-5
0.380, 3.270e-5
0.381, 3.312e-5
0.382, 3.356e-5
0.383, 3.397e-5
0.384, 3.451e-5
0.385, 3.495e-5
0.386, 3.544e-5
0.387, 3.588e-5
0.388, 3.640e-5
0.389, 3.681e-5
0.390, 3.739e-5
0.391, 3.784e-5
0.392, 3.835e-5
0.393, 3.881e-5
0.394, 3.930e-5
0.395, 3.982e-5
0.396, 4.040e-5
0.397, 4.072e-5
0.398, 4.142e-5
0.399, 4.204e-5
0.400, 4.261e-5
0.401, 4.330e-5
0.402, 4.387e-5
0.403, 4.465e-5
0.404, 4.539e-5
0.405, 4.609e-5
0.406, 4.684e-5
0.407, 4.755e-5
0.408, 4.847e-5
0.409, 4.914e-5
0.410, 4.832e-5
0.411, 4.998e-5
0.412, 5.112e-5
0.413, 5.210e-5
0.414, 5.308e-5
0.415, 5.402e-5
0.416, 5.499e-5
0.417, 5.611e-5
0.418, 5.735e-5
0.419, 5.858e-5
0.420, 5.992e-5
0.421, 6.112e-5
0.422, 6.238e-5
0.423, 6.369e-5
0.424, 6.505e-5
0.425, 6.660e-5
0.426, 6.815e-5
0.427, 6.999e-5
0.428, 7.202e-5
0.429, 7.399e-5
0.430, 7.604e-5
0.431, 7.822e-5
0.432, 8.039e-5
0.433, 8.325e-5
0.434, 8.630e-5
0.435, 8.937e-5
0.436, 9.262e-5
0.437, 9.622e-5
0.438, 1.002e-4
0.439, 1.043e-4
0.440, 1.092e-4
0.441, 1.144e-4
0.442, 1.199e-4
0.443, 1.259e-4
0.444, 1.324e-4
0.445, 1.398e-4
0.446, 1.477e-4
0.447, 1.565e-4
0.448, 1.659e-4
0.449, 1.759e-4
0.450, 1.874e-4
0.451, 1.997e-4
0.452, 2.130e-4
0.453, 2.269e-4
0.454, 2.426e-4
0.455, 2.596e-4
0.456, 2.779e-4
0.457, 2.979e-4
0.458, 3.187e-4
0.459, 3.418e-4
0.460, 3.663e-4
0.461, 3.927e-4
0.462, 4.207e-4
0.463, 4.502e-4
0.464, 4.814e-4
0.465, 5.142e-4
0.466, 5.483e-4
0.467, 5.837e-4
0.468, 6.202e-4
0.469, 6.575e-4
0.470, 6.955e-4
0.471, 7.336e-4
0.472, 7.720e-4
0.473, 8.103e-4
0.474, 8.474e-4
0.475, 8.837e-4
0.476, 9.188e-4
0.477, 9.522e-4
0.478, 9.840e-4
0.479, 1.013e-3
0.480, 1.041e-3
0.481, 1.065e-3
0.482, 1.086e-3
0.483, 1.105e-3
0.484, 1.120e-3
0.485, 1.132e-3
0.486, 1.141e-3
0.487, 1.147e-3
0.488, 1.149e-3
0.489, 1.149e-3
0.490, 1.145e-3
0.491, 1.139e-3
0.492, 1.130e-3
0.493, 1.119e-3
0.494, 1.105e-3
0.495, 1.090e-3
0.496, 1.072e-3
0.497, 1.053e-3
0.498, 1.032e-3
0.499, 1.011e-3
0.500, 9.879e-4
0.501, 9.650e-4
0.502, 9.416e-4
0.503, 9.175e-4
0.504, 8.939e-4
0.505, 8.704e-4
0.506, 8.472e-4
0.507, 8.241e-4
0.508, 8.016e-4
0.509, 7.795e-4
0.510, 7.585e-4
0.511, 7.382e-4
0.512, 7.200e-4
0.513, 7.025e-4
0.514, 6.836e-4
0.515, 6.660e-4
0.516, 6.494e-4
0.517, 6.332e-4
0.518, 6.173e-4
0.519, 6.025e-4
0.520, 5.882e-4
0.521, 5.748e-4
0.522, 5.606e-4
0.523, 5.474e-4
0.524, 5.343e-4
0.525, 5.212e-4
0.526, 5.094e-4
0.527, 4.974e-4
0.528, 4.858e-4
0.529, 4.744e-4
0.530, 4.637e-4
0.531, 4.534e-4
0.532, 4.427e-4
0.533, 4.322e-4
0.534, 4.222e-4
0.535, 4.125e-4
0.536, 4.032e-4
0.537, 3.941e-4
0.538, 3.855e-4
0.539, 3.765e-4
0.540, 3.687e-4
0.541, 3.607e-4
0.542, 3.530e-4
0.543, 3.455e-4
0.544, 3.382e-4
0.545, 3.312e-4
0.546, 3.245e-4
0.547, 3.187e-4
0.548, 3.126e-4
0.549, 3.070e-4
0.550, 3.013e-4
0.551, 2.957e-4
0.552, 2.912e-4
0.553, 2.866e-4
0.554, 2.818e-4
0.555, 2.774e-4
0.556, 2.736e-4
0.557, 2.700e-4
0.558, 2.666e-4
0.559, 2.632e-4
0.560, 2.601e-4
0.561, 2.571e-4
0.562, 2.542e-4
0.563, 2.516e-4
0.564, 2.493e-4
0.565, 2.472e-4
0.566, 2.455e-4
0.567, 2.439e-4
0.568, 2.422e-4
0.569, 2.409e-4
0.570, 2.394e-4
0.571, 2.383e-4
0.572, 2.374e-4
0.573, 2.365e-4
0.574, 2.362e-4
0.575, 2.356e-4
0.576, 2.348e-4
0.577, 2.346e-4
0.578, 2.348e-4
0.579, 2.351e-4
0.580, 2.355e-4
0.581, 2.360e-4
0.582, 2.370e-4
0.583, 2.380e-4
0.584, 2.390e-4
0.585, 2.401e-4
0.586, 2.415e-4
0.587, 2.431e-4
0.588, 2.449e-4
0.589, 2.469e-4
0.590, 2.490e-4
0.591, 2.515e-4
0.592, 2.544e-4
0.593, 2.572e-4
0.594, 2.603e-4
0.595, 2.637e-4
0.596, 2.674e-4
0.597, 2.710e-4
0.598, 2.748e-4
0.599, 2.792e-4
0.600, 2.843e-4
0.601, 2.892e-4
0.602, 2.937e-4
0.603, 2.991e-4
0.604, 3.053e-4
0.605, 3.111e-4
0.606, 3.177e-4
0.607, 3.237e-4
0.608, 3.312e-4
0.609, 3.387e-4
0.610, 3.462e-4
0.611, 3.541e-4
0.612, 3.627e-4
0.613, 3.711e-4
0.614, 3.799e-4
0.615, 3.883e-4
0.616, 3.988e-4
0.617, 4.096e-4
0.618, 4.200e-4
0.619, 4.312e-4
0.620, 4.425e-4
0.621, 4.542e-4
0.622, 4.667e-4
0.623, 4.792e-4
0.624, 4.923e-4
0.625, 5.060e-4
0.626, 5.199e-4
0.627, 5.343e-4
0.628, 5.489e-4
0.629, 5.640e-4
0.630, 5.802e-4
0.631, 5.961e-4
0.632, 6.124e-4
0.633, 6.300e-4
0.634, 6.474e-4
0.635, 6.656e-4
0.636, 6.844e-4
0.637, 7.034e-4
0.638, 7.230e-4
0.639, 7.428e-4
0.640, 7.636e-4
0.641, 7.848e-4
0.642, 8.062e-4
0.643, 8.282e-4
0.644, 8.508e-4
0.645, 8.736e-4
0.646, 8.972e-4
0.647, 9.208e-4
0.648, 9.451e-4
0.649, 9.699e-4
0.650, 9.949e-4
0.651, 1.020e-3
0.652, 1.047e-3
0.653, 1.073e-3
0.654, 1.100e-3
0.655, 1.128e-3
0.656, 1.156e-3
0.657, 1.184e-3
0.658, 1.212e-3
0.659, 1.242e-3
0.660, 1.272e-3
0.661, 1.302e-3
0.662, 1.333e-3
0.663, 1.364e-3
0.664, 1.395e-3
0.665, 1.427e-3
0.666, 1.460e-3
0.667, 1.493e-3
0.668, 1.526e-3
0.669, 1.559e-3
0.670, 1.593e-3
0.671, 1.627e-3
0.672, 1.663e-3
0.673, 1.698e-3
0.674, 1.733e-3
0.675, 1.769e-3
0.676, 1.805e-3
0.677, 1.841e-3
0.678, 1.879e-3
0.679, 1.915e-3
0.680, 1.953e-3
0.681, 1.992e-3
0.682, 2.030e-3
0.683, 2.069e-3
0.684, 2.108e-3
0.685, 2.147e-3
0.686, 2.187e-3
0.687, 2.227e-3
0.688, 2.267e-3
0.689, 2.308e-3
0.690, 2.349e-3
0.691, 2.391e-3
0.692, 2.433e-3
0.693, 2.474e-3
0.694, 2.517e-3
0.695, 2.559e-3
0.696, 2.601e-3
0.697, 2.645e-3
0.698, 2.688e-3
0.699, 2.731e-3
0.700, 2.775e-3
0.701, 2.819e-3
0.702, 2.863e-3
0.703, 2.908e-3
0.704, 2.953e-3
0.705, 2.997e-3
0.706, 3.043e-3
0.707, 3.089e-3
0.708, 3.134e-3
0.709, 3.181e-3
0.710, 3.227e-3
0.711, 3.273e-3
0.712, 3.320e-3
0.713, 3.367e-3
0.714, 3.414e-3
0.715, 3.462e-3
0.716, 3.510e-3
0.717, 3.560e-3
0.718, 3.609e-3
0.719, 3.657e-3
0.720, 3.705e-3
0.721, 3.754e-3
0.722, 3.803e-3
0.723, 3.852e-3
0.724, 3.902e-3
0.725, 3.952e-3
0.726, 4.001e-3
0.727, 4.051e-3
0.728, 4.101e-3
0.729, 4.151e-3
0.730, 4.201e-3
0.731, 4.251e-3
0.732, 4.302e-3
0.733, 4.353e-3
0.734, 4.404e-3
0.735, 4.455e-3
0.736, 4.506e-3
0.737, 4.558e-3
0.738, 4.610e-3
0.739, 4.662e-3
0.740, 4.714e-3
0.741, 4.767e-3
0.742, 4.819e-3
0.743, 4.872e-3
0.744, 4.924e-3
0.745, 4.977e-3
0.746, 5.030e-3
0.747, 5.084e-3
0.748, 5.137e-3
0.749, 5.191e-3
0.750, 5.245e-3
0.751, 5.298e-3
0.752, 5.352e-3
0.753, 5.406e-3
0.754, 5.460e-3
0.755, 5.514e-3
0.756, 5.568e-3
0.757, 5.623e-3
0.758, 5.677e-3
0.759, 5.732e-3
0.760, 5.786e-3
0.761, 5.841e-3
0.762, 5.896e-3
0.763, 5.951e-3
0.764, 6.007e-3
0.765, 6.062e-3
0.766, 6.117e-3
0.767, 6.173e-3
0.768, 6.229e-3
0.769, 6.286e-3
0.770, 6.341e-3
0.771, 6.397e-3
0.772, 6.453e-3
0.773, 6.509e-3
0.774, 6.566e-3
0.775, 6.623e-3
0.776, 6.680e-3
0.777, 6.736e-3
0.778, 6.793e-3
0.779, 6.850e-3
0.780, 6.907e-3
0.781, 6.964e-3
0.782, 7.021e-3
0.783, 7.079e-3
0.784, 7.136e-3
0.785, 7.194e-3
0.786, 7.251e-3
0.787, 7.309e-3
0.788, 7.367e-3
0.789, 7.424e-3
0.790, 7.482e-3
0.791, 7.541e-3
0.792, 7.599e-3
0.793, 7.657e-3
0.794, 7.716e-3
0.795, 7.775e-3
0.796, 7.834e-3
0.797, 7.893e-3
0.798, 7.952e-3
0.799, 8.010e-3
0.800, 8.051e-3
0.799, 8.010e-3
0.798, 7.951e-3
0.797, 7.892e-3
0.796, 7.832e-3
0.795, 7.773e-3
0.794, 7.714e-3
0.793, 7.655e-3
0.792, 7.596e-3
0.791, 7.538e-3
0.790, 7.479e-3
0.789, 7.421e-3
0.788, 7.362e-3
0.787, 7.304e-3
0.786, 7.246e-3
0.785, 7.188e-3
0.784, 7.130e-3
0.783, 7.072e-3
0.782, 7.014e-3
0.781, 6.956e-3
0.780, 6.899e-3
0.779, 6.842e-3
0.778, 6.784e-3
0.777, 6.727e-3
0.776, 6.670e-3
0.775, 6.612e-3
0.774, 6.555e-3
0.773, 6.498e-3
0.772, 6.441e-3
0.771, 6.384e-3
0.770, 6.328e-3
0.769, 6.271e-3
0.768, 6.214e-3
0.767, 6.158e-3
0.766, 6.101e-3
0.765, 6.045e-3
0.764, 5.989e-3
0.763, 5.933e-3
0.762, 5.878e-3
0.761, 5.822e-3
0.760, 5.767e-3
0.759, 5.712e-3
0.758, 5.657e-3
0.757, 5.602e-3
0.756, 5.547e-3
0.755, 5.492e-3
0.754, 5.437e-3
0.753, 5.383e-3
0.752, 5.328e-3
0.751, 5.274e-3
0.750, 5.220e-3
0.749, 5.166e-3
0.748, 5.112e-3
0.747, 5.058e-3
0.746, 5.004e-3
0.745, 4.950e-3
0.744, 4.897e-3
0.743, 4.844e-3
0.742, 4.791e-3
0.741, 4.738e-3
0.740, 4.685e-3
0.739, 4.632e-3
0.738, 4.580e-3
0.737, 4.528e-3
0.736, 4.476e-3
0.735, 4.424e-3
0.734, 4.372e-3
0.733, 4.321e-3
0.732, 4.270e-3
0.731, 4.219e-3
0.730, 4.168e-3
0.729, 4.118e-3
0.728, 4.068e-3
0.727, 4.017e-3
0.726, 3.967e-3
0.725, 3.917e-3
0.724, 3.867e-3
0.723, 3.817e-3
0.722, 3.768e-3
0.721, 3.719e-3
0.720, 3.670e-3
0.719, 3.621e-3
0.718, 3.572e-3
0.717, 3.523e-3
0.716, 3.473e-3
0.715, 3.425e-3
0.714, 3.377e-3
0.713, 3.330e-3
0.712, 3.283e-3
0.711, 3.236e-3
0.710, 3.189e-3
0.709, 3.142e-3
0.708, 3.096e-3
0.707, 3.050e-3
0.706, 3.004e-3
0.705, 2.959e-3
0.704, 2.914e-3
0.703, 2.869e-3
0.702, 2.825e-3
0.701, 2.780e-3
0.700, 2.736e-3
0.699, 2.692e-3
0.698, 2.648e-3
0.697, 2.605e-3
0.696, 2.562e-3
0.695, 2.519e-3
0.694, 2.477e-3
0.693, 2.434e-3
0.692, 2.392e-3
0.691, 2.350e-3
0.690, 2.308e-3
0.689, 2.267e-3
0.688, 2.226e-3
0.687, 2.185e-3
0.686, 2.145e-3
0.685, 2.105e-3
0.684, 2.065e-3
0.683, 2.026e-3
0.682, 1.987e-3
0.681, 1.948e-3
0.680, 1.910e-3
0.679, 1.871e-3
0.678, 1.834e-3
0.677, 1.796e-3
0.676, 1.760e-3
0.675, 1.723e-3
0.674, 1.687e-3
0.673, 1.651e-3
0.672, 1.615e-3
0.671, 1.580e-3
0.670, 1.545e-3
0.669, 1.510e-3
0.668, 1.476e-3
0.667, 1.442e-3
0.666, 1.408e-3
0.665, 1.375e-3
0.664, 1.342e-3
0.663, 1.310e-3
0.662, 1.278e-3
0.661, 1.246e-3
0.660, 1.215e-3
0.659, 1.184e-3
0.658, 1.154e-3
0.657, 1.124e-3
0.656, 1.094e-3
0.655, 1.065e-3
0.654, 1.036e-3
0.653, 1.008e-3
0.652, 9.804e-4
0.651, 9.528e-4
0.650, 9.257e-4
0.649, 8.989e-4
0.648, 8.724e-4
0.647, 8.464e-4
0.646, 8.205e-4
0.645, 7.953e-4
0.644, 7.707e-4
0.643, 7.463e-4
0.642, 7.223e-4
0.641, 6.988e-4
0.640, 6.754e-4
0.639, 6.530e-4
0.638, 6.308e-4
0.637, 6.090e-4
0.636, 5.880e-4
0.635, 5.673e-4
0.634, 5.467e-4
0.633, 5.266e-4
0.632, 5.070e-4
0.631, 4.877e-4
0.630, 4.690e-4
0.629, 4.508e-4
0.628, 4.326e-4
0.627, 4.153e-4
0.626, 3.981e-4
0.625, 3.810e-4
0.624, 3.649e-4
0.623, 3.491e-4
0.622, 3.334e-4
0.621, 3.181e-4
0.620, 3.035e-4
0.619, 2.892e-4
0.618, 2.750e-4
0.617, 2.617e-4
0.616, 2.482e-4
0.615, 2.359e-4
0.614, 2.246e-4
0.613, 2.121e-4
0.612, 2.003e-4
0.611, 1.891e-4
0.610, 1.777e-4
0.609, 1.674e-4
0.608, 1.570e-4
0.607, 1.466e-4
0.606, 1.373e-4
0.605, 1.277e-4
0.604, 1.186e-4
0.603, 1.102e-4
0.602, 1.016e-4
0.601, 9.354e-5
0.600, 8.576e-5
0.599, 7.779e-5
0.598, 7.085e-5
0.597, 6.374e-5
0.596, 5.680e-5
0.595, 5.030e-5
0.594, 4.389e-5
0.593, 3.768e-5
0.592, 3.209e-5
0.591, 2.657e-5
0.590, 2.126e-5
0.589, 1.581e-5
0.588, 1.060e-5
0.587, 6.044e-6
0.586, 1.357e-6
0.585, -3.261e-6
0.584, -7.430e-6
0.583, -1.209e-5
0.582, -1.597e-5
0.581, -1.949e-5
0.580, -2.304e-5
0.579, -2.642e-5
0.578, -2.979e-5
0.577, -3.297e-5
0.576, -3.573e-5
0.575, -3.912e-5
0.574, -4.188e-5
0.573, -4.465e-5
0.572, -4.741e-5
0.571, -4.978e-5
0.570, -5.239e-5
0.569, -5.479e-5
0.568, -5.720e-5
0.567, -5.969e-5
0.566, -6.147e-5
0.565, -6.406e-5
0.564, -6.609e-5
0.563, -6.799e-5
0.562, -6.954e-5
0.561, -7.119e-5
0.560, -7.274e-5
0.559, -7.460e-5
0.558, -7.625e-5
0.557, -7.823e-5
0.556, -7.965e-5
0.555, -8.097e-5
0.554, -8.242e-5
0.553, -8.383e-5
0.552, -8.512e-5
0.551, -8.652e-5
0.550, -8.759e-5
0.549, -8.907e-5
0.548, -9.061e-5
0.547, -9.173e-5
0.546, -9.292e-5
0.545, -9.393e-5
0.544, -9.528e-5
0.543, -9.640e-5
0.542, -9.734e-5
0.541, -9.876e-5
0.540, -9.980e-5
0.539, -1.010e-4
0.538, -1.020e-4
0.537, -1.033e-4
0.536, -1.042e-4
0.535, -1.052e-4
0.534, -1.058e-4
0.533, -1.070e-4
0.532, -1.081e-4
0.531, -1.092e-4
0.530, -1.103e-4
0.529, -1.116e-4
0.528, -1.124e-4
0.527, -1.137e-4
0.526, -1.147e-4
0.525, -1.156e-4
0.524, -1.164e-4
0.523, -1.172e-4
0.522, -1.182e-4
0.521, -1.192e-4
0.520, -1.201e-4
0.519, -1.213e-4
0.518, -1.222e-4
0.517, -1.232e-4
0.516, -1.244e-4
0.515, -1.253e-4
0.514, -1.264e-4
0.513, -1.277e-4
0.512, -1.304e-4
0.511, -1.314e-4
0.510, -1.316e-4
0.509, -1.325e-4
0.508, -1.334e-4
0.507, -1.344e-4
0.506, -1.356e-4
0.505, -1.368e-4
0.504, -1.378e-4
0.503, -1.393e-4
0.502, -1.404e-4
0.501, -1.417e-4
0.500, -1.430e-4
0.499, -1.434e-4
0.498, -1.449e-4
0.497, -1.462e-4
0.496, -1.475e-4
0.495, -1.490e-4
0.494, -1.504e-4
0.493, -1.519e-4
0.492, -1.535e-4
0.491, -1.549e-4
0.490, -1.562e-4
0.489, -1.576e-4
0.488, -1.591e-4
0.487, -1.610e-4
0.486, -1.631e-4
0.485, -1.645e-4
0.484, -1.663e-4
0.483, -1.677e-4
0.482, -1.695e-4
0.481, -1.712e-4
0.480, -1.731e-4
0.479, -1.750e-4
0.478, -1.769e-4
0.477, -1.788e-4
0.476, -1.806e-4
0.475, -1.831e-4
0.474, -1.851e-4
0.473, -1.869e-4
0.472, -1.895e-4
0.471, -1.919e-4
0.470, -1.944e-4
0.469, -1.970e-4
0.468, -1.996e-4
0.467, -2.025e-4
0.466, -2.053e-4
0.465, -2.084e-4
0.464, -2.115e-4
0.463, -2.146e-4
0.462, -2.175e-4
0.461, -2.209e-4
0.460, -2.246e-4
0.459, -2.278e-4
0.458, -2.317e-4
0.457, -2.352e-4
0.456, -2.392e-4
0.455, -2.433e-4
0.454, -2.474e-4
0.453, -2.515e-4
0.452, -2.556e-4
0.451, -2.605e-4
0.450, -2.652e-4
0.449, -2.699e-4
0.448, -2.744e-4
0.447, -2.795e-4
0.446, -2.848e-4
0.445, -2.903e-4
0.444, -2.960e-4
0.443, -3.015e-4
0.442, -3.079e-4
0.441, -3.136e-4
0.440, -3.198e-4
0.439, -3.262e-4
0.438, -3.323e-4
0.437, -3.391e-4
0.436, -3.459e-4
0.435, -3.530e-4
0.434, -3.601e-4
0.433, -3.667e-4
0.432, -3.738e-4
0.431, -3.811e-4
0.430, -3.884e-4
0.429, -3.953e-4
0.428, -4.023e-4
0.427, -4.100e-4
0.426, -4.175e-4
0.425, -4.245e-4
0.424, -4.326e-4
0.423, -4.398e-4
0.422, -4.469e-4
0.421, -4.550e-4
0.420, -4.625e-4
0.419, -4.699e-4
0.418, -4.773e-4
0.417, -4.846e-4
0.416, -4.923e-4
0.415, -5.001e-4
0.414, -5.075e-4
0.413, -5.147e-4
0.412, -5.219e-4
0.411, -5.292e-4
0.410, -5.340e-4
0.409, -5.339e-4
0.408, -5.427e-4
0.407, -5.511e-4
0.406, -5.584e-4
0.405, -5.660e-4
0.404, -5.731e-4
0.403, -5.802e-4
0.402, -5.875e-4
0.401, -5.949e-4
0.400, -6.021e-4
0.399, -6.087e-4
0.398, -6.157e-4
0.397, -6.223e-4
0.396, -6.289e-4
0.395, -6.353e-4
0.394, -6.418e-4
0.393, -6.481e-4
0.392, -6.544e-4
0.391, -6.598e-4
0.390, -6.655e-4
0.389, -6.707e-4
0.388, -6.761e-4
0.387, -6.806e-4
0.386, -6.849e-4
0.385, -6.888e-4
0.384, -6.924e-4
0.383, -6.955e-4
0.382, -6.974e-4
0.381, -6.992e-4
0.380, -7.001e-4
0.379, -7.002e-4
0.378, -6.994e-4
0.377, -6.982e-4
0.376, -6.959e-4
0.375, -6.930e-4
0.374, -6.889e-4
0.373, -6.844e-4
0.372, -6.788e-4
0.371, -6.715e-4
0.370, -6.642e-4
0.369, -6.561e-4
0.368, -6.471e-4
0.367, -6.367e-4
0.366, -6.258e-4
0.365, -6.139e-4
0.364, -6.020e-4
0.363, -5.891e-4
0.362, -5.759e-4
0.361, -5.617e-4
0.360, -5.469e-4
0.359, -5.318e-4
0.358, -5.167e-4
0.357, -5.013e-4
0.356, -4.856e-4
0.355, -4.698e-4
0.354, -4.541e-4
0.353, -4.385e-4
0.352, -4.229e-4
0.351, -4.076e-4
0.350, -3.928e-4
0.349, -3.783e-4
0.348, -3.640e-4
0.347, -3.498e-4
0.346, -3.360e-4
0.345, -3.225e-4
0.344, -3.100e-4
0.343, -2.976e-4
0.342, -2.857e-4
0.341, -2.743e-4
0.340, -2.636e-4
0.339, -2.528e-4
0.338, -2.431e-4
0.337, -2.334e-4
0.336, -2.241e-4
0.335, -2.157e-4
0.334, -2.071e-4
0.333, -1.992e-4
0.332, -1.917e-4
0.331, -1.847e-4
0.330, -1.778e-4
0.329, -1.714e-4
0.328, -1.654e-4
0.327, -1.595e-4
0.326, -1.538e-4
0.325, -1.484e-4
0.324, -1.435e-4
0.323, -1.385e-4
0.322, -1.337e-4
0.321, -1.294e-4
0.320, -1.250e-4
0.319, -1.211e-4
0.318, -1.176e-4
0.317, -1.141e-4
0.316, -1.104e-4
0.315, -1.068e-4
0.314, -1.039e-4
0.313, -1.009e-4
0.312, -9.791e-5
0.311, -9.516e-5
0.310, -9.263e-5
0.309, -9.021e-5
0.308, -8.777e-5
0.307, -8.569e-5
0.306, -8.315e-5
0.305, -8.106e-5
0.304, -7.900e-5
0.303, -7.704e-5
0.302, -7.506e-5
0.301, -7.318e-5
0.300, -7.149e-5
0.299, -6.979e-5
0.298, -6.838e-5
0.297, -6.707e-5
0.296, -6.560e-5
0.295, -6.421e-5
0.294, -6.256e-5
0.293, -6.105e-5
0.292, -5.977e-5
0.291, -5.835e-5
0.290, -5.721e-5
0.289, -5.605e-5
0.288, -5.494e-5
0.287, -5.394e-5
0.286, -5.286e-5
0.285, -5.183e-5
0.284, -5.080e-5
0.283, -4.979e-5
0.282, -4.884e-5
0.281, -4.790e-5
0.280, -4.699e-5
0.279, -4.621e-5
0.278, -4.539e-5
0.277, -4.473e-5
0.276, -4.404e-5
0.275, -4.327e-5
0.274, -4.260e-5
0.273, -4.187e-5
0.272, -4.123e-5
0.271, -4.060e-5
0.270, -3.988e-5
0.269, -3.922e-5
0.268, -3.858e-5
0.267, -3.792e-5
0.266, -3.732e-5
0.265, -3.670e-5
0.264, -3.617e-5
0.263, -3.555e-5
0.262, -3.503e-5
0.261, -3.451e-5
0.260, -3.401e-5
0.259, -3.359e-5
0.258, -3.310e-5
0.257, -3.266e-5
0.256, -3.220e-5
0.255, -3.167e-5
0.254, -3.131e-5
0.253, -3.088e-5
0.252, -3.057e-5
0.251, -3.015e-5
0.250, -2.983e-5
0.249, -2.941e-5
0.248, -2.903e-5
0.247, -2.874e-5
0.246, -2.831e-5
0.245, -2.800e-5
0.244, -2.768e-5
0.243, -2.732e-5
0.242, -2.703e-5
0.241, -2.669e-5
0.240, -2.635e-5
0.239, -2.615e-5
0.238, -2.580e-5
0.237, -2.548e-5
0.236, -2.520e-5
0.235, -2.494e-5
0.234, -2.463e-5
0.233, -2.438e-5
0.232, -2.414e-5
0.231, -2.393e-5
0.230, -2.371e-5
0.229, -2.338e-5
0.228, -2.317e-5
0.227, -2.296e-5
0.226, -2.276e-5
0.225, -2.253e-5
0.224, -2.224e-5
0.223, -2.207e-5
0.222, -2.188e-5
0.221, -2.166e-5
0.220, -2.145e-5
0.219, -2.126e-5
0.218, -2.100e-5
0.217, -2.085e-5
0.216, -2.069e-5
0.215, -2.052e-5
0.214, -2.033e-5
0.213, -2.020e-5
0.212, -2.002e-5
0.211, -1.986e-5
0.210, -1.967e-5
0.209, -1.952e-5
0.208, -1.938e-5
0.207, -1.929e-5
0.206, -1.912e-5
0.205, -1.889e-5
0.204, -1.880e-5
0.203, -1.867e-5
0.202, -1.852e-5
0.201, -1.842e-5
0.200, -1.676e-5
0.201, -1.331e-5
0.202, -1.192e-5
0.203, -1.090e-5
0.204, -1.013e-5
0.205, -9.481e-6
0.206, -8.885e-6
0.207, -8.338e-6
0.208, -7.801e-6
0.209, -7.323e-6
0.210, -6.835e-6
0.211, -6.464e-6
0.212, -6.102e-6
0.213, -5.751e-6
0.214, -5.419e-6
0.215, -5.097e-6
0.216, -4.804e-6
0.217, -4.579e-6
0.218, -4.267e-6
0.219, -3.906e-6
0.220, -3.700e-6
0.221, -3.515e-6
0.222, -3.193e-6
0.223, -2.988e-6
0.224, -2.714e-6
0.225, -2.490e-6
0.226, -2.343e-6
0.227, -2.119e-6
0.228, -1.826e-6
0.229, -1.621e-6
0.230, -1.426e-6
0.231, -1.289e-6
0.232, -1.094e-6
0.233, -7.616e-7
0.234, -6.542e-7
0.235, -5.468e-7
0.236, -3.417e-7
0.237, -1.855e-7
0.238, 5.858e-8
0.239, 1.855e-7
0.240, 3.124e-7
0.241, 5.175e-7
0.242, 7.128e-7
0.243, 8.202e-7
0.244, 9.959e-7
0.245, 1.162e-6
0.246, 1.386e-6
0.247, 1.435e-6
0.248, 1.640e-6
0.249, 1.757e-6
0.250, 1.933e-6
0.251, 2.089e-6
0.252, 2.177e-6
0.253, 2.275e-6
0.254, 2.451e-6
0.255, 2.695e-6
0.256, 2.783e-6
0.257, 2.949e-6
0.258, 3.046e-6
0.259, 3.261e-6
0.260, 3.437e-6
0.261, 3.593e-6
0.262, 3.769e-6
0.263, 3.779e-6
0.264, 3.935e-6
0.265, 4.091e-6
0.266, 4.296e-6
0.267, 4.364e-6
0.268, 4.521e-6
0.269, 4.599e-6
0.270, 4.853e-6
0.271, 4.931e-6
0.272, 5.038e-6
0.273, 5.194e-6
0.274, 5.360e-6
0.275, 5.507e-6
0.276, 5.624e-6
0.277, 5.790e-6
0.278, 5.975e-6
0.279, 6.122e-6
0.280, 6.288e-6
0.281, 6.405e-6
0.282, 6.600e-6
0.283, 6.805e-6
0.284, 6.835e-6
0.285, 6.962e-6
0.286, 7.245e-6
0.287, 7.430e-6
0.288, 7.547e-6
0.289, 7.655e-6
0.290, 7.840e-6
0.291, 8.036e-6
0.292, 8.309e-6
0.293, 8.387e-6
0.294, 8.543e-6
0.295, 8.739e-6
0.296, 8.973e-6
0.297, 9.207e-6
0.298, 9.354e-6
0.299, 9.481e-6
0.300, 9.744e-6
0.301, 9.969e-6
0.302, 1.015e-5
0.303, 1.024e-5
0.304, 1.055e-5
0.305, 1.081e-5
0.306, 1.094e-5
0.307, 1.127e-5
0.308, 1.152e-5
0.309, 1.165e-5
0.310, 1.181e-5
0.311, 1.202e-5
0.312, 1.224e-5
0.313, 1.246e-5
0.314, 1.264e-5
0.315, 1.283e-5
0.316, 1.310e-5
0.317, 1.327e-5
0.318, 1.356e-5
0.319, 1.378e-5
0.320, 1.392e-5
0.321, 1.416e-5
0.322, 1.439e-5
0.323, 1.468e-5
0.324, 1.483e-5
0.325, 1.509e-5
0.326, 1.541e-5
0.327, 1.562e-5
0.328, 1.581e-5
0.329, 1.610e-5
0.330, 1.631e-5
0.331, 1.658e-5
0.332, 1.686e-5
0.333, 1.711e-5
0.334, 1.729e-5
0.335, 1.763e-5
0.336, 1.784e-5
0.337, 1.815e-5
0.338, 1.843e-5
0.339, 1.869e-5
0.340, 1.899e-5
0.341, 1.925e-5
0.342, 1.955e-5
0.343, 1.992e-5
0.344, 2.013e-5
0.345, 2.049e-5
0.346, 2.071e-5
0.347, 2.111e-5
0.348, 2.138e-5
0.349, 2.159e-5
0.350, 2.205e-5
0.351, 2.240e-5
0.352, 2.271e-5
0.353, 2.304e-5
0.354, 2.328e-5
0.355, 2.363e-5
0.356, 2.402e-5
0.357, 2.431e-5
0.358, 2.468e-5
0.359, 2.488e-5
0.360, 2.524e-5
0.361, 2.567e-5
0.362, 2.602e-5
0.363, 2.631e-5
0.364, 2.676e-5
0.365, 2.701e-5
0.366, 2.733e-5
0.367, 2.767e-5
0.368, 2.803e-5
0.369, 2.837e-5
0.370, 2.871e-5
0.371, 2.908e-5
0.372, 2.945e-5
0.373, 2.987e-5
0.374, 3.020e-5
0.375, 3.049e-5
0.376, 3.092e-5
0.377, 3.136e-5
0.378, 3.168e-5
0.379, 3.217e-5
0.380, 3.258e-5
0.381, 3.301e-5
0.382, 3.350e-5
0.383, 3.400e-5
0.384, 3.445e-5
0.385, 3.499e-5
0.386, 3.548e-5
0.387, 3.599e-5
0.388, 3.641e-5
0.389, 3.685e-5
0.390, 3.737e-5
0.391, 3.786e-5
0.392, 3.834e-5
0.393, 3.891e-5
0.394, 3.941e-5
0.395, 3.998e-5
0.396, 4.051e-5
0.397, 4.099e-5
0.398, 4.167e-5
0.399, 4.228e-5
0.400, 4.284e-5
0.401, 4.352e-5
0.402, 4.413e-5
0.403, 4.496e-5
0.404, 4.577e-5
0.405, 4.644e-5
0.406, 4.724e-5
0.407, 4.800e-5
0.408, 4.881e-5
0.409, 4.946e-5
0.410, 4.883e-5
0.411, 5.036e-5
0.412, 5.158e-5
0.413, 5.260e-5
0.414, 5.366e-5
0.415, 5.468e-5
0.416, 5.575e-5
0.417, 5.687e-5
0.418, 5.807e-5
0.419, 5.937e-5
0.420, 6.067e-5
0.421, 6.189e-5
0.422, 6.324e-5
0.423, 6.452e-5
0.424, 6.606e-5
0.425, 6.773e-5
0.426, 6.947e-5
0.427, 7.141e-5
0.428, 7.347e-5
0.429, 7.543e-5
0.430, 7.753e-5
0.431, 7.970e-5
0.432, 8.229e-5
0.433, 8.551e-5
0.434, 8.836e-5
0.435, 9.156e-5
0.436, 9.512e-5
0.437, 9.892e-5
0.438, 1.030e-4
0.439, 1.076e-4
0.440, 1.129e-4
0.441, 1.180e-4
0.442, 1.240e-4
0.443, 1.301e-4
0.444, 1.375e-4
0.445, 1.450e-4
0.446, 1.536e-4
0.447, 1.630e-4
0.448, 1.727e-4
0.449, 1.838e-4
0.450, 1.957e-4
0.451, 2.088e-4
0.452, 2.225e-4
0.453, 2.378e-4
0.454, 2.541e-4
0.455, 2.720e-4
0.456, 2.915e-4
0.457, 3.123e-4
0.458, 3.345e-4
0.459, 3.586e-4
0.460, 3.842e-4
0.461, 4.122e-4
0.462, 4.416e-4
0.463, 4.725e-4
0.464, 5.052e-4
0.465, 5.395e-4
0.466, 5.751e-4
0.467, 6.120e-4
0.468, 6.502e-4
0.469, 6.891e-4
0.470, 7.283e-4
0.471, 7.681e-4
0.472, 8.078e-4
0.473, 8.472e-4
0.474, 8.850e-4
0.475, 9.226e-4
0.476, 9.586e-4
0.477, 9.927e-4
0.478, 1.025e-3
0.479, 1.055e-3
0.480, 1.083e-3
0.481, 1.108e-3
0.482, 1.130e-3
0.483, 1.149e-3
0.484, 1.164e-3
0.485, 1.176e-3
0.486, 1.185e-3
0.487, 1.192e-3
0.488, 1.195e-3
0.489, 1.195e-3
0.490, 1.192e-3
0.491, 1.186e-3
0.492, 1.177e-3
0.493, 1.166e-3
0.494, 1.152e-3
0.495, 1.137e-3
0.496, 1.119e-3
0.497, 1.100e-3
0.498, 1.078e-3
0.499, 1.056e-3
0.500, 1.032e-3
0.501, 1.008e-3
0.502, 9.831e-4
0.503, 9.581e-4
0.504, 9.331e-4
0.505, 9.080e-4
0.506, 8.833e-4
0.507, 8.592e-4
0.508, 8.352e-4
0.509, 8.116e-4
0.510, 7.892e-4
0.511, 7.672e-4
0.512, 7.479e-4
0.513, 7.285e-4
0.514, 7.083e-4
0.515, 6.896e-4
0.516, 6.712e-4
0.517, 6.537e-4
0.518, 6.367e-4
0.519, 6.207e-4
0.520, 6.051e-4
0.521, 5.904e-4
0.522, 5.758e-4
0.523, 5.615e-4
0.524, 5.478e-4
0.525, 5.338e-4
0.526, 5.208e-4
0.527, 5.084e-4
0.528, 4.959e-4
0.529, 4.839e-4
0.530, 4.720e-4
0.531, 4.611e-4
0.532, 4.500e-4
0.533, 4.394e-4
0.534, 4.291e-4
0.535, 4.185e-4
0.536, 4.086e-4
0.537, 3.995e-4
0.538, 3.905e-4
0.539, 3.814e-4
0.540, 3.728e-4
0.541, 3.646e-4
0.542, 3.569e-4
0.543, 3.489e-4
0.544, 3.418e-4
0.545, 3.348e-4
0.546, 3.278e-4
0.547, 3.215e-4
0.548, 3.155e-4
0.549, 3.096e-4
0.550, 3.039e-4
0.551, 2.980e-4
0.552, 2.935e-4
0.553, 2.889e-4
0.554, 2.841e-4
0.555, 2.802e-4
0.556, 2.760e-4
0.557, 2.723e-4
0.558, 2.690e-4
0.559, 2.655e-4
0.560, 2.625e-4
0.561, 2.598e-4
0.562, 2.569e-4
0.563, 2.544e-4
0.564, 2.520e-4
0.565, 2.499e-4
0.566, 2.480e-4
0.567, 2.462e-4
0.568, 2.449e-4
0.569, 2.437e-4
0.570, 2.427e-4
0.571, 2.415e-4
0.572, 2.407e-4
0.573, 2.398e-4
0.574, 2.392e-4
0.575, 2.390e-4
0.576, 2.384e-4
0.577, 2.384e-4
0.578, 2.388e-4
0.579, 2.392e-4
0.580, 2.399e-4
0.581, 2.406e-4
0.582, 2.415e-4
0.583, 2.425e-4
0.584, 2.439e-4
0.585, 2.451e-4
0.586, 2.463e-4
0.587, 2.482e-4
0.588, 2.506e-4
0.589, 2.533e-4
0.590, 2.559e-4
0.591, 2.582e-4
0.592, 2.609e-4
0.593, 2.644e-4
0.594, 2.677e-4
0.595, 2.716e-4
0.596, 2.751e-4
0.597, 2.794e-4
0.598, 2.840e-4
0.599, 2.888e-4
0.600, 2.939e-4
0.601, 2.989e-4
0.602, 3.039e-4
0.603, 3.100e-4
0.604, 3.164e-4
0.605, 3.225e-4
0.606, 3.295e-4
0.607, 3.368e-4
0.608, 3.444e-4
0.609, 3.522e-4
0.610, 3.603e-4
0.611, 3.689e-4
0.612, 3.776e-4
0.613, 3.869e-4
0.614, 3.966e-4
0.615, 4.055e-4
0.616, 4.165e-4
0.617, 4.277e-4
0.618, 4.392e-4
0.619, 4.510e-4
0.620, 4.629e-4
0.621, 4.753e-4
0.622, 4.887e-4
0.623, 5.019e-4
0.624, 5.157e-4
0.625, 5.303e-4
0.626, 5.449e-4
0.627, 5.599e-4
0.628, 5.753e-4
0.629, 5.916e-4
0.630, 6.081e-4
0.631, 6.250e-4
0.632, 6.427e-4
0.633, 6.607e-4
0.634, 6.793e-4
0.635, 6.984e-4
0.636, 7.178e-4
0.637, 7.378e-4
0.638, 7.584e-4
0.639, 7.795e-4
0.640, 8.015e-4
0.641, 8.236e-4
0.642, 8.461e-4
0.643, 8.689e-4
0.644, 8.923e-4
0.645, 9.160e-4
0.646, 9.408e-4
0.647, 9.654e-4
0.648, 9.906e-4
0.649, 1.016e-3
0.650, 1.043e-3
0.651, 1.069e-3
0.652, 1.096e-3
0.653, 1.124e-3
0.654, 1.152e-3
0.655, 1.180e-3
0.656, 1.209e-3
0.657, 1.239e-3
0.658, 1.269e-3
0.659, 1.299e-3
0.660, 1.330e-3
0.661, 1.361e-3
0.662, 1.393e-3
0.663, 1.425e-3
0.664, 1.457e-3
0.665, 1.491e-3
0.666, 1.524e-3
0.667, 1.558e-3
0.668, 1.592e-3
0.669, 1.627e-3
0.670, 1.662e-3
0.671, 1.697e-3
0.672, 1.733e-3
0.673, 1.769e-3
0.674, 1.805e-3
0.675, 1.842e-3
0.676, 1.880e-3
0.677, 1.918e-3
0.678, 1.956e-3
0.679, 1.994e-3
0.680, 2.032e-3
0.681, 2.072e-3
0.682, 2.111e-3
0.683, 2.151e-3
0.684, 2.190e-3
0.685, 2.231e-3
0.686, 2.272e-3
0.687, 2.313e-3
0.688, 2.354e-3
0.689, 2.396e-3
0.690, 2.438e-3
0.691, 2.480e-3
0.692, 2.523e-3
0.693, 2.566e-3
0.694, 2.609e-3
0.695, 2.652e-3
0.696, 2.696e-3
0.697, 2.740e-3
0.698, 2.784e-3
0.699, 2.829e-3
0.700, 2.873e-3
0.701, 2.918e-3
0.702, 2.963e-3
0.703, 3.009e-3
0.704, 3.055e-3
0.705, 3.101e-3
0.706, 3.147e-3
0.707, 3.194e-3
0.708, 3.241e-3
0.709, 3.287e-3
0.710, 3.334e-3
0.711, 3.382e-3
0.712, 3.429e-3
0.713, 3.477e-3
0.714, 3.526e-3
0.715, 3.574e-3
0.716, 3.623e-3
0.717, 3.674e-3
0.718, 3.723e-3
0.719, 3.772e-3
0.720, 3.822e-3
0.721, 3.871e-3
0.722, 3.921e-3
0.723, 3.971e-3
0.724, 4.022e-3
0.725, 4.072e-3
0.726, 4.122e-3
0.727, 4.173e-3
0.728, 4.224e-3
0.729, 4.275e-3
0.730, 4.325e-3
0.731, 4.377e-3
0.732, 4.428e-3
0.733, 4.480e-3
0.734, 4.532e-3
0.735, 4.584e-3
0.736, 4.636e-3
0.737, 4.689e-3
0.738, 4.742e-3
0.739, 4.795e-3
0.740, 4.847e-3
0.741, 4.900e-3
0.742, 4.953e-3
0.743, 5.007e-3
0.744, 5.061e-3
0.745, 5.115e-3
0.746, 5.168e-3
0.747, 5.222e-3
0.748, 5.276e-3
0.749, 5.330e-3
0.750, 5.385e-3
0.751, 5.439e-3
0.752, 5.494e-3
0.753, 5.549e-3
0.754, 5.604e-3
0.755, 5.658e-3
0.756, 5.713e-3
0.757, 5.767e-3
0.758, 5.823e-3
0.759, 5.878e-3
0.760, 5.934e-3
0.761, 5.989e-3
0.762, 6.045e-3
0.763, 6.101e-3
0.764, 6.157e-3
0.765, 6.213e-3
0.766, 6.270e-3
0.767, 6.326e-3
0.768, 6.382e-3
0.769, 6.439e-3
0.770, 6.496e-3
0.771, 6.553e-3
0.772, 6.610e-3
0.773, 6.667e-3
0.774, 6.724e-3
0.775, 6.782e-3
0.776, 6.839e-3
0.777, 6.897e-3
0.778, 6.954e-3
0.779, 7.011e-3
0.780, 7.070e-3
0.781, 7.127e-3
0.782, 7.185e-3
0.783, 7.243e-3
0.784, 7.301e-3
0.785, 7.359e-3
0.786, 7.417e-3
0.787, 7.475e-3
0.788, 7.534e-3
0.789, 7.593e-3
0.790, 7.652e-3
0.791, 7.710e-3
0.792, 7.770e-3
0.793, 7.829e-3
0.794, 7.889e-3
0.795, 7.948e-3
0.796, 8.008e-3
0.797, 8.067e-3
0.798, 8.127e-3
0.799, 8.187e-3
0.800, 8.228e-3
0.799, 8.186e-3
0.798, 8.126e-3
0.797, 8.066e-3
0.796, 8.007e-3
0.795, 7.947e-3
0.794, 7.887e-3
0.793, 7.827e-3
0.792, 7.768e-3
0.791, 7.708e-3
0.790, 7.649e-3
0.789, 7.590e-3
0.788, 7.531e-3
0.787, 7.472e-3
0.786, 7.413e-3
0.785, 7.355e-3
0.784, 7.296e-3
0.783, 7.238e-3
0.782, 7.179e-3
0.781, 7.121e-3
0.780, 7.063e-3
0.779, 7.004e-3
0.778, 6.946e-3
0.777, 6.888e-3
0.776, 6.831e-3
0.775, 6.773e-3
0.774, 6.715e-3
0.773, 6.657e-3
0.772, 6.599e-3
0.771, 6.542e-3
0.770, 6.484e-3
0.769, 6.427e-3
0.768, 6.370e-3
0.767, 6.313e-3
0.766, 6.256e-3
0.765, 6.198e-3
0.764, 6.142e-3
0.763, 6.085e-3
0.762, 6.029e-3
0.761, 5.972e-3
0.760, 5.916e-3
0.759, 5.860e-3
0.758, 5.805e-3
0.757, 5.749e-3
0.756, 5.693e-3
0.755, 5.638e-3
0.754, 5.583e-3
0.753, 5.527e-3
0.752, 5.472e-3
0.751, 5.417e-3
0.750, 5.362e-3
0.749, 5.307e-3
0.748, 5.252e-3
0.747, 5.198e-3
0.746, 5.143e-3
0.745, 5.089e-3
0.744, 5.034e-3
0.743, 4.980e-3
0.742, 4.926e-3
0.741, 4.872e-3
0.740, 4.819e-3
0.739, 4.766e-3
0.738, 4.713e-3
0.737, 4.660e-3
0.736, 4.606e-3
0.735, 4.553e-3
0.734, 4.501e-3
0.733, 4.449e-3
0.732, 4.397e-3
0.731, 4.345e-3
0.730, 4.294e-3
0.729, 4.243e-3
0.728, 4.192e-3
0.727, 4.140e-3
0.726, 4.090e-3
0.725, 4.039e-3
0.724, 3.988e-3
0.723, 3.937e-3
0.722, 3.887e-3
0.721, 3.836e-3
0.720, 3.787e-3
0.719, 3.737e-3
0.718, 3.688e-3
0.717, 3.638e-3
0.716, 3.587e-3
0.715, 3.538e-3
0.714, 3.489e-3
0.713, 3.441e-3
0.712, 3.393e-3
0.711, 3.345e-3
0.710, 3.298e-3
0.709, 3.250e-3
0.708, 3.203e-3
0.707, 3.156e-3
0.706, 3.109e-3
0.705, 3.062e-3
0.704, 3.016e-3
0.703, 2.970e-3
0.702, 2.925e-3
0.701, 2.880e-3
0.700, 2.835e-3
0.699, 2.790e-3
0.698, 2.745e-3
0.697, 2.701e-3
0.696, 2.657e-3
0.695, 2.613e-3
0.694, 2.569e-3
0.693, 2.526e-3
0.692, 2.483e-3
0.691, 2.440e-3
0.690, 2.397e-3
0.689, 2.355e-3
0.688, 2.313e-3
0.687, 2.271e-3
0.686, 2.230e-3
0.685, 2.189e-3
0.684, 2.148e-3
0.683, 2.108e-3
0.682, 2.068e-3
0.681, 2.028e-3
0.680, 1.989e-3
0.679, 1.949e-3
0.678, 1.911e-3
0.677, 1.872e-3
0.676, 1.834e-3
0.675, 1.797e-3
0.674, 1.759e-3
0.673, 1.723e-3
0.672, 1.686e-3
0.671, 1.649e-3
0.670, 1.613e-3
0.669, 1.578e-3
0.668, 1.542e-3
0.667, 1.507e-3
0.666, 1.473e-3
0.665, 1.438e-3
0.664, 1.405e-3
0.663, 1.371e-3
0.662, 1.338e-3
0.661, 1.306e-3
0.660, 1.273e-3
0.659, 1.241e-3
0.658, 1.210e-3
0.657, 1.179e-3
0.656, 1.149e-3
0.655, 1.118e-3
0.654, 1.088e-3
0.653, 1.059e-3
0.652, 1.030e-3
0.651, 1.002e-3
0.650, 9.736e-4
0.649, 9.460e-4
0.648, 9.185e-4
0.647, 8.913e-4
0.646, 8.649e-4
0.645, 8.387e-4
0.644, 8.128e-4
0.643, 7.877e-4
0.642, 7.626e-4
0.641, 7.382e-4
0.640, 7.140e-4
0.639, 6.900e-4
0.638, 6.671e-4
0.637, 6.446e-4
0.636, 6.221e-4
0.635, 6.004e-4
0.634, 5.792e-4
0.633, 5.582e-4
0.632, 5.377e-4
0.631, 5.176e-4
0.630, 4.981e-4
0.629, 4.785e-4
0.628, 4.596e-4
0.627, 4.420e-4
0.626, 4.237e-4
0.625, 4.059e-4
0.624, 3.890e-4
0.623, 3.720e-4
0.622, 3.558e-4
0.621, 3.399e-4
0.620, 3.240e-4
0.619, 3.092e-4
0.618, 2.945e-4
0.617, 2.800e-4
0.616, 2.665e-4
0.615, 2.526e-4
0.614, 2.411e-4
0.613, 2.275e-4
0.612, 2.154e-4
0.611, 2.036e-4
0.610, 1.919e-4
0.609, 1.805e-4
0.608, 1.694e-4
0.607, 1.592e-4
0.606, 1.488e-4
0.605, 1.389e-4
0.604, 1.289e-4
0.603, 1.203e-4
0.602, 1.115e-4
0.601, 1.028e-4
0.600, 9.418e-5
0.599, 8.631e-5
0.598, 7.854e-5
0.597, 7.111e-5
0.596, 6.367e-5
0.595, 5.667e-5
0.594, 4.995e-5
0.593, 4.346e-5
0.592, 3.753e-5
0.591, 3.162e-5
0.590, 2.621e-5
0.589, 2.008e-5
0.588, 1.461e-5
0.587, 9.832e-6
0.586, 4.560e-6
0.585, 1.757e-7
0.584, -4.433e-6
0.583, -9.139e-6
0.582, -1.337e-5
0.581, -1.754e-5
0.580, -2.118e-5
0.579, -2.464e-5
0.578, -2.828e-5
0.577, -3.167e-5
0.576, -3.449e-5
0.575, -3.798e-5
0.574, -4.113e-5
0.573, -4.404e-5
0.572, -4.677e-5
0.571, -4.946e-5
0.570, -5.231e-5
0.569, -5.477e-5
0.568, -5.720e-5
0.567, -5.988e-5
0.566, -6.217e-5
0.565, -6.469e-5
0.564, -6.673e-5
0.563, -6.864e-5
0.562, -7.013e-5
0.561, -7.203e-5
0.560, -7.368e-5
0.559, -7.567e-5
0.558, -7.729e-5
0.557, -7.907e-5
0.556, -8.081e-5
0.555, -8.215e-5
0.554, -8.370e-5
0.553, -8.510e-5
0.552, -8.680e-5
0.551, -8.839e-5
0.550, -8.922e-5
0.549, -9.078e-5
0.548, -9.226e-5
0.547, -9.321e-5
0.546, -9.477e-5
0.545, -9.601e-5
0.544, -9.726e-5
0.543, -9.848e-5
0.542, -9.954e-5
0.541, -1.010e-4
0.540, -1.020e-4
0.539, -1.031e-4
0.538, -1.043e-4
0.537, -1.056e-4
0.536, -1.064e-4
0.535, -1.075e-4
0.534, -1.082e-4
0.533, -1.098e-4
0.532, -1.108e-4
0.531, -1.120e-4
0.530, -1.133e-4
0.529, -1.142e-4
0.528, -1.152e-4
0.527, -1.163e-4
0.526, -1.171e-4
0.525, -1.178e-4
0.524, -1.187e-4
0.523, -1.197e-4
0.522, -1.209e-4
0.521, -1.215e-4
0.520, -1.228e-4
0.519, -1.242e-4
0.518, -1.252e-4
0.517, -1.264e-4
0.516, -1.274e-4
0.515, -1.285e-4
0.514, -1.294e-4
0.513, -1.304e-4
0.512, -1.331e-4
0.511, -1.344e-4
0.510, -1.347e-4
0.509, -1.354e-4
0.508, -1.367e-4
0.507, -1.377e-4
0.506, -1.390e-4
0.505, -1.402e-4
0.504, -1.414e-4
0.503, -1.426e-4
0.502, -1.434e-4
0.501, -1.447e-4
0.500, -1.460e-4
0.499, -1.468e-4
0.498, -1.480e-4
0.497, -1.498e-4
0.496, -1.513e-4
0.495, -1.525e-4
0.494, -1.539e-4
0.493, -1.555e-4
0.492, -1.569e-4
0.491, -1.584e-4
0.490, -1.599e-4
0.489, -1.614e-4
0.488, -1.633e-4
0.487, -1.649e-4
0.486, -1.669e-4
0.485, -1.682e-4
0.484, -1.698e-4
0.483, -1.716e-4
0.482, -1.730e-4
0.481, -1.749e-4
0.480, -1.769e-4
0.479, -1.790e-4
0.478, -1.808e-4
0.477, -1.828e-4
0.476, -1.849e-4
0.475, -1.872e-4
0.474, -1.893e-4
0.473, -1.909e-4
0.472, -1.936e-4
0.471, -1.963e-4
0.470, -1.988e-4
0.469, -2.016e-4
0.468, -2.043e-4
0.467, -2.073e-4
0.466, -2.105e-4
0.465, -2.134e-4
0.464, -2.162e-4
0.463, -2.193e-4
0.462, -2.228e-4
0.461, -2.263e-4
0.460, -2.298e-4
0.459, -2.335e-4
0.458, -2.374e-4
0.457, -2.409e-4
0.456, -2.448e-4
0.455, -2.491e-4
0.454, -2.530e-4
0.453, -2.580e-4
0.452, -2.626e-4
0.451, -2.669e-4
0.450, -2.717e-4
0.449, -2.765e-4
0.448, -2.811e-4
0.447, -2.865e-4
0.446, -2.918e-4
0.445, -2.978e-4
0.444, -3.037e-4
0.443, -3.097e-4
0.442, -3.157e-4
0.441, -3.219e-4
0.440, -3.283e-4
0.439, -3.349e-4
0.438, -3.410e-4
0.437, -3.484e-4
0.436, -3.555e-4
0.435, -3.629e-4
0.434, -3.700e-4
0.433, -3.773e-4
0.432, -3.848e-4
0.431, -3.921e-4
0.430, -3.988e-4
0.429, -4.069e-4
0.428, -4.146e-4
0.427, -4.224e-4
0.426, -4.304e-4
0.425, -4.381e-4
0.424, -4.463e-4
0.423, -4.545e-4
0.422, -4.617e-4
0.421, -4.696e-4
0.420, -4.777e-4
0.419, -4.854e-4
0.418, -4.933e-4
0.417, -5.014e-4
0.416, -5.096e-4
0.415, -5.170e-4
0.414, -5.248e-4
0.413, -5.327e-4
0.412, -5.403e-4
0.411, -5.481e-4
0.410, -5.535e-4
0.409, -5.536e-4
0.408, -5.626e-4
0.407, -5.715e-4
0.406, -5.789e-4
0.405, -5.867e-4
0.404, -5.948e-4
0.403, -6.029e-4
0.402, -6.103e-4
0.401, -6.178e-4
0.400, -6.257e-4
0.399, -6.329e-4
0.398, -6.404e-4
0.397, -6.477e-4
0.396, -6.547e-4
0.395, -6.612e-4
0.394, -6.681e-4
0.393, -6.750e-4
0.392, -6.817e-4
0.391, -6.880e-4
0.390, -6.940e-4
0.389, -7.005e-4
0.388, -7.056e-4
0.387, -7.102e-4
0.386, -7.152e-4
0.385, -7.194e-4
0.384, -7.236e-4
0.383, -7.269e-4
0.382, -7.294e-4
0.381, -7.316e-4
0.380, -7.327e-4
0.379, -7.329e-4
0.378, -7.326e-4
0.377, -7.317e-4
0.376, -7.299e-4
0.375, -7.271e-4
0.374, -7.230e-4
0.373, -7.183e-4
0.372, -7.128e-4
0.371, -7.056e-4
0.370, -6.979e-4
0.369, -6.891e-4
0.368, -6.798e-4
0.367, -6.690e-4
0.366, -6.575e-4
0.365, -6.456e-4
0.364, -6.326e-4
0.363, -6.185e-4
0.362, -6.044e-4
0.361, -5.889e-4
0.360, -5.739e-4
0.359, -5.580e-4
0.358, -5.416e-4
0.357, -5.250e-4
0.356, -5.086e-4
0.355, -4.914e-4
0.354, -4.746e-4
0.353, -4.578e-4
0.352, -4.412e-4
0.351, -4.248e-4
0.350, -4.087e-4
0.349, -3.933e-4
0.348, -3.783e-4
0.347, -3.635e-4
0.346, -3.487e-4
0.345, -3.344e-4
0.344, -3.208e-4
0.343, -3.081e-4
0.342, -2.952e-4
0.341, -2.832e-4
0.340, -2.720e-4
0.339, -2.612e-4
0.338, -2.503e-4
0.337, -2.405e-4
0.336, -2.306e-4
0.335, -2.217e-4
0.334, -2.131e-4
0.333, -2.046e-4
0.332, -1.968e-4
0.331, -1.894e-4
0.330, -1.824e-4
0.329, -1.756e-4
0.328, -1.694e-4
0.327, -1.636e-4
0.326, -1.575e-4
0.325, -1.520e-4
0.324, -1.466e-4
0.323, -1.418e-4
0.322, -1.370e-4
0.321, -1.323e-4
0.320, -1.279e-4
0.319, -1.237e-4
0.318, -1.200e-4
0.317, -1.166e-4
0.316, -1.131e-4
0.315, -1.093e-4
0.314, -1.061e-4
0.313, -1.031e-4
0.312, -1.002e-4
0.311, -9.723e-5
0.310, -9.457e-5
0.309, -9.212e-5
0.308, -8.976e-5
0.307, -8.762e-5
0.306, -8.503e-5
0.305, -8.269e-5
0.304, -8.060e-5
0.303, -7.873e-5
0.302, -7.677e-5
0.301, -7.481e-5
0.300, -7.292e-5
0.299, -7.114e-5
0.298, -6.969e-5
0.297, -6.829e-5
0.296, -6.698e-5
0.295, -6.554e-5
0.294, -6.399e-5
0.293, -6.256e-5
0.292, -6.109e-5
0.291, -5.970e-5
0.290, -5.841e-5
0.289, -5.725e-5
0.288, -5.610e-5
0.287, -5.502e-5
0.286, -5.395e-5
0.285, -5.294e-5
0.284, -5.192e-5
0.283, -5.096e-5
0.282, -4.991e-5
0.281, -4.907e-5
0.280, -4.805e-5
0.279, -4.720e-5
0.278, -4.636e-5
0.277, -4.558e-5
0.276, -4.493e-5
0.275, -4.413e-5
0.274, -4.343e-5
0.273, -4.279e-5
0.272, -4.208e-5
0.271, -4.149e-5
0.270, -4.084e-5
0.269, -4.012e-5
0.268, -3.940e-5
0.267, -3.881e-5
0.266, -3.813e-5
0.265, -3.760e-5
0.264, -3.695e-5
0.263, -3.638e-5
0.262, -3.581e-5
0.261, -3.521e-5
0.260, -3.473e-5
0.259, -3.424e-5
0.258, -3.375e-5
0.257, -3.333e-5
0.256, -3.287e-5
0.255, -3.247e-5
0.254, -3.200e-5
0.253, -3.152e-5
0.252, -3.114e-5
0.251, -3.078e-5
0.250, -3.037e-5
0.249, -2.997e-5
0.248, -2.963e-5
0.247, -2.932e-5
0.246, -2.892e-5
0.245, -2.860e-5
0.244, -2.826e-5
0.243, -2.782e-5
0.242, -2.753e-5
0.241, -2.726e-5
0.240, -2.700e-5
0.239, -2.661e-5
0.238, -2.632e-5
0.237, -2.602e-5
0.236, -2.578e-5
0.235, -2.550e-5
0.234, -2.511e-5
0.233, -2.487e-5
0.232, -2.468e-5
0.231, -2.438e-5
0.230, -2.411e-5
0.229, -2.377e-5
0.228, -2.359e-5
0.227, -2.332e-5
0.226, -2.313e-5
0.225, -2.296e-5
0.224, -2.267e-5
0.223, -2.253e-5
0.222, -2.233e-5
0.221, -2.209e-5
0.220, -2.185e-5
0.219, -2.161e-5
0.218, -2.139e-5
0.217, -2.117e-5
0.216, -2.105e-5
0.215, -2.087e-5
0.214, -2.070e-5
0.213, -2.052e-5
0.212, -2.040e-5
0.211, -2.021e-5
0.210, -2.004e-5
0.209, -1.985e-5
0.208, -1.967e-5
0.207, -1.960e-5
0.206, -1.940e-5
0.205, -1.924e-5
0.204, -1.912e-5
0.203, -1.898e-5
0.202, -1.881e-5
0.201, -1.874e-5
0.200, -1.709e-5
0.201, -1.363e-5
0.202, -1.216e-5
0.203, -1.116e-5
0.204, -1.031e-5
0.205, -9.793e-6
0.206, -9.061e-6
0.207, -8.436e-6
0.208, -7.987e-6
0.209, -7.518e-6
0.210, -7.040e-6
0.211, -6.659e-6
0.212, -6.259e-6
0.213, -5.917e-6
0.214, -5.624e-6
0.215, -5.253e-6
0.216, -4.980e-6
0.217, -4.638e-6
0.218, -4.413e-6
0.219, -4.052e-6
0.220, -3.818e-6
0.221, -3.564e-6
0.222, -3.290e-6
0.223, -3.076e-6
0.224, -2.802e-6
0.225, -2.646e-6
0.226, -2.451e-6
0.227, -2.187e-6
0.228, -1.933e-6
0.229, -1.670e-6
0.230, -1.572e-6
0.231, -1.318e-6
0.232, -1.142e-6
0.233, -9.569e-7
0.234, -7.616e-7
0.235, -5.468e-7
0.236, -4.784e-7
0.237, -2.539e-7
0.238, -3.906e-8
0.239, 9.764e-8
0.240, 3.417e-7
0.241, 4.198e-7
0.242, 6.151e-7
0.243, 7.323e-7
0.244, 9.080e-7
0.245, 1.113e-6
0.246, 1.250e-6
0.247, 1.396e-6
0.248, 1.631e-6
0.249, 1.767e-6
0.250, 1.884e-6
0.251, 2.041e-6
0.252, 2.197e-6
0.253, 2.246e-6
0.254, 2.460e-6
0.255, 2.568e-6
0.256, 2.734e-6
0.257, 2.880e-6
0.258, 3.046e-6
0.259, 3.242e-6
0.260, 3.369e-6
0.261, 3.525e-6
0.262, 3.671e-6
0.263, 3.818e-6
0.264, 3.896e-6
0.265, 4.032e-6
0.266, 4.267e-6
0.267, 4.491e-6
0.268, 4.569e-6
0.269, 4.638e-6
0.270, 4.862e-6
0.271, 4.999e-6
0.272, 5.019e-6
0.273, 5.194e-6
0.274, 5.448e-6
0.275, 5.517e-6
0.276, 5.731e-6
0.277, 5.849e-6
0.278, 5.995e-6
0.279, 6.161e-6
0.280, 6.395e-6
0.281, 6.444e-6
0.282, 6.659e-6
0.283, 6.815e-6
0.284, 7.059e-6
0.285, 7.147e-6
0.286, 7.323e-6
0.287, 7.518e-6
0.288, 7.674e-6
0.289, 7.831e-6
0.290, 8.065e-6
0.291, 8.192e-6
0.292, 8.338e-6
0.293, 8.534e-6
0.294, 8.729e-6
0.295, 8.973e-6
0.296, 9.119e-6
0.297, 9.334e-6
0.298, 9.490e-6
0.299, 9.725e-6
0.300, 9.920e-6
0.301, 1.007e-5
0.302, 1.039e-5
0.303, 1.053e-5
0.304, 1.078e-5
0.305, 1.092e-5
0.306, 1.118e-5
0.307, 1.147e-5
0.308, 1.169e-5
0.309, 1.177e-5
0.310, 1.207e-5
0.311, 1.224e-5
0.312, 1.250e-5
0.313, 1.266e-5
0.314, 1.287e-5
0.315, 1.310e-5
0.316, 1.343e-5
0.317, 1.363e-5
0.318, 1.379e-5
0.319, 1.400e-5
0.320, 1.427e-5
0.321, 1.446e-5
0.322, 1.469e-5
0.323, 1.490e-5
0.324, 1.519e-5
0.325, 1.546e-5
0.326, 1.567e-5
0.327, 1.590e-5
0.328, 1.614e-5
0.329, 1.643e-5
0.330, 1.663e-5
0.331, 1.692e-5
0.332, 1.720e-5
0.333, 1.744e-5
0.334, 1.770e-5
0.335, 1.801e-5
0.336, 1.825e-5
0.337, 1.852e-5
0.338, 1.880e-5
0.339, 1.913e-5
0.340, 1.946e-5
0.341, 1.973e-5
0.342, 2.005e-5
0.343, 2.030e-5
0.344, 2.058e-5
0.345, 2.093e-5
0.346, 2.121e-5
0.347, 2.156e-5
0.348, 2.192e-5
0.349, 2.218e-5
0.350, 2.251e-5
0.351, 2.286e-5
0.352, 2.322e-5
0.353, 2.346e-5
0.354, 2.379e-5
0.355, 2.413e-5
0.356, 2.453e-5
0.357, 2.483e-5
0.358, 2.519e-5
0.359, 2.558e-5
0.360, 2.592e-5
0.361, 2.619e-5
0.362, 2.655e-5
0.363, 2.697e-5
0.364, 2.732e-5
0.365, 2.758e-5
0.366, 2.799e-5
0.367, 2.827e-5
0.368, 2.860e-5
0.369, 2.904e-5
0.370, 2.942e-5
0.371, 2.971e-5
0.372, 3.007e-5
0.373, 3.038e-5
0.374, 3.082e-5
0.375, 3.125e-5
0.376, 3.173e-5
0.377, 3.212e-5
0.378, 3.250e-5
0.379, 3.294e-5
0.380, 3.346e-5
0.381, 3.391e-5
0.382, 3.443e-5
0.383, 3.482e-5
0.384, 3.537e-5
0.385, 3.580e-5
0.386, 3.634e-5
0.387, 3.684e-5
0.388, 3.730e-5
0.389, 3.776e-5
0.390, 3.832e-5
0.391, 3.871e-5
0.392, 3.925e-5
0.393, 3.976e-5
0.394, 4.028e-5
0.395, 4.081e-5
0.396, 4.143e-5
0.397, 4.200e-5
0.398, 4.260e-5
0.399, 4.322e-5
0.400, 4.389e-5
0.401, 4.466e-5
0.402, 4.527e-5
0.403, 4.606e-5
0.404, 4.690e-5
0.405, 4.771e-5
0.406, 4.844e-5
0.407, 4.906e-5
0.408, 4.999e-5
0.409, 5.070e-5
0.410, 4.994e-5
0.411, 5.169e-5
0.412, 5.281e-5
0.413, 5.385e-5
0.414, 5.486e-5
0.415, 5.608e-5
0.416, 5.720e-5
0.417, 5.842e-5
0.418, 5.978e-5
0.419, 6.100e-5
0.420, 6.232e-5
0.421, 6.353e-5
0.422, 6.494e-5
0.423, 6.616e-5
0.424, 6.786e-5
0.425, 6.966e-5
0.426, 7.149e-5
0.427, 7.342e-5
0.428, 7.548e-5
0.429, 7.750e-5
0.430, 7.963e-5
0.431, 8.233e-5
0.432, 8.515e-5
0.433, 8.815e-5
0.434, 9.104e-5
0.435, 9.453e-5
0.436, 9.832e-5
0.437, 1.022e-4
0.438, 1.066e-4
0.439, 1.115e-4
0.440, 1.166e-4
0.441, 1.226e-4
0.442, 1.283e-4
0.443, 1.354e-4
0.444, 1.427e-4
0.445, 1.507e-4
0.446, 1.602e-4
0.447, 1.695e-4
0.448, 1.798e-4
0.449, 1.915e-4
0.450, 2.041e-4
0.451, 2.176e-4
0.452, 2.323e-4
0.453, 2.482e-4
0.454, 2.657e-4
0.455, 2.843e-4
0.456, 3.048e-4
0.457, 3.266e-4
0.458, 3.501e-4
0.459, 3.752e-4
0.460, 4.025e-4
0.461, 4.315e-4
0.462, 4.622e-4
0.463, 4.946e-4
0.464, 5.287e-4
0.465, 5.646e-4
0.466, 6.015e-4
0.467, 6.399e-4
0.468, 6.792e-4
0.469, 7.195e-4
0.470, 7.604e-4
0.471, 8.012e-4
0.472, 8.424e-4
0.473, 8.826e-4
0.474, 9.220e-4
0.475, 9.609e-4
0.476, 9.975e-4
0.477, 1.033e-3
0.478, 1.066e-3
0.479, 1.097e-3
0.480, 1.126e-3
0.481, 1.152e-3
0.482, 1.174e-3
0.483, 1.193e-3
0.484, 1.209e-3
0.485, 1.223e-3
0.486, 1.233e-3
0.487, 1.240e-3
0.488, 1.243e-3
0.489, 1.244e-3
0.490, 1.241e-3
0.491, 1.235e-3
0.492, 1.226e-3
0.493, 1.215e-3
0.494, 1.202e-3
0.495, 1.186e-3
0.496, 1.168e-3
0.497, 1.149e-3
0.498, 1.127e-3
0.499, 1.103e-3
0.500, 1.079e-3
0.501, 1.054e-3
0.502, 1.028e-3
0.503, 1.002e-3
0.504, 9.755e-4
0.505, 9.493e-4
0.506, 9.229e-4
0.507, 8.968e-4
0.508, 8.716e-4
0.509, 8.470e-4
0.510, 8.228e-4
0.511, 7.994e-4
0.512, 7.784e-4
0.513, 7.578e-4
0.514, 7.363e-4
0.515, 7.161e-4
0.516, 6.965e-4
0.517, 6.777e-4
0.518, 6.597e-4
0.519, 6.425e-4
0.520, 6.255e-4
0.521, 6.097e-4
0.522, 5.938e-4
0.523, 5.790e-4
0.524, 5.640e-4
0.525, 5.493e-4
0.526, 5.355e-4
0.527, 5.219e-4
0.528, 5.088e-4
0.529, 4.963e-4
0.530, 4.834e-4
0.531, 4.716e-4
0.532, 4.601e-4
0.533, 4.488e-4
0.534, 4.380e-4
0.535, 4.271e-4
0.536, 4.168e-4
0.537, 4.069e-4
0.538, 3.977e-4
0.539, 3.883e-4
0.540, 3.791e-4
0.541, 3.705e-4
0.542, 3.626e-4
0.543, 3.545e-4
0.544, 3.471e-4
0.545, 3.402e-4
0.546, 3.329e-4
0.547, 3.260e-4
0.548, 3.201e-4
0.549, 3.139e-4
0.550, 3.082e-4
0.551, 3.023e-4
0.552, 2.975e-4
0.553, 2.930e-4
0.554, 2.884e-4
0.555, 2.844e-4
0.556, 2.802e-4
0.557, 2.758e-4
0.558, 2.725e-4
0.559, 2.693e-4
0.560, 2.663e-4
0.561, 2.633e-4
0.562, 2.605e-4
0.563, 2.584e-4
0.564, 2.561e-4
0.565, 2.538e-4
0.566, 2.518e-4
0.567, 2.496e-4
0.568, 2.483e-4
0.569, 2.473e-4
0.570, 2.464e-4
0.571, 2.454e-4
0.572, 2.449e-4
0.573, 2.443e-4
0.574, 2.439e-4
0.575, 2.435e-4
0.576, 2.434e-4
0.577, 2.434e-4
0.578, 2.439e-4
0.579, 2.445e-4
0.580, 2.450e-4
0.581, 2.458e-4
0.582, 2.467e-4
0.583, 2.477e-4
0.584, 2.491e-4
0.585, 2.510e-4
0.586, 2.527e-4
0.587, 2.552e-4
0.588, 2.576e-4
0.589, 2.603e-4
0.590, 2.630e-4
0.591, 2.660e-4
0.592, 2.690e-4
0.593, 2.724e-4
0.594, 2.756e-4
0.595, 2.801e-4
0.596, 2.843e-4
0.597, 2.890e-4
0.598, 2.941e-4
0.599, 2.988e-4
0.600, 3.042e-4
0.601, 3.099e-4
0.602, 3.153e-4
0.603, 3.217e-4
0.604, 3.284e-4
0.605, 3.352e-4
0.606, 3.428e-4
0.607, 3.502e-4
0.608, 3.583e-4
0.609, 3.671e-4
0.610, 3.751e-4
0.611, 3.843e-4
0.612, 3.940e-4
0.613, 4.042e-4
0.614, 4.143e-4
0.615, 4.237e-4
0.616, 4.356e-4
0.617, 4.474e-4
0.618, 4.588e-4
0.619, 4.713e-4
0.620, 4.844e-4
0.621, 4.979e-4
0.622, 5.114e-4
0.623, 5.255e-4
0.624, 5.402e-4
0.625, 5.555e-4
0.626, 5.707e-4
0.627, 5.866e-4
0.628, 6.030e-4
0.629, 6.199e-4
0.630, 6.377e-4
0.631, 6.554e-4
0.632, 6.737e-4
0.633, 6.931e-4
0.634, 7.122e-4
0.635, 7.322e-4
0.636, 7.530e-4
0.637, 7.738e-4
0.638, 7.954e-4
0.639, 8.175e-4
0.640, 8.405e-4
0.641, 8.635e-4
0.642, 8.867e-4
0.643, 9.106e-4
0.644, 9.351e-4
0.645, 9.600e-4
0.646, 9.851e-4
0.647, 1.011e-3
0.648, 1.037e-3
0.649, 1.064e-3
0.650, 1.091e-3
0.651, 1.119e-3
0.652, 1.148e-3
0.653, 1.175e-3
0.654, 1.204e-3
0.655, 1.234e-3
0.656, 1.264e-3
0.657, 1.295e-3
0.658, 1.326e-3
0.659, 1.358e-3
0.660, 1.389e-3
0.661, 1.421e-3
0.662, 1.454e-3
0.663, 1.488e-3
0.664, 1.521e-3
0.665, 1.555e-3
0.666, 1.590e-3
0.667, 1.625e-3
0.668, 1.660e-3
0.669, 1.695e-3
0.670, 1.732e-3
0.671, 1.768e-3
0.672, 1.804e-3
0.673, 1.842e-3
0.674, 1.879e-3
0.675, 1.917e-3
0.676, 1.956e-3
0.677, 1.995e-3
0.678, 2.034e-3
0.679, 2.073e-3
0.680, 2.113e-3
0.681, 2.153e-3
0.682, 2.193e-3
0.683, 2.233e-3
0.684, 2.274e-3
0.685, 2.316e-3
0.686, 2.358e-3
0.687, 2.400e-3
0.688, 2.442e-3
0.689, 2.485e-3
0.690, 2.528e-3
0.691, 2.571e-3
0.692, 2.615e-3
0.693, 2.659e-3
0.694, 2.703e-3
0.695, 2.747e-3
0.696, 2.791e-3
0.697, 2.836e-3
0.698, 2.881e-3
0.699, 2.927e-3
0.700, 2.972e-3
0.701, 3.018e-3
0.702, 3.065e-3
0.703, 3.111e-3
0.704, 3.158e-3
0.705, 3.205e-3
0.706, 3.252e-3
0.707, 3.299e-3
0.708, 3.346e-3
0.709, 3.394e-3
0.710, 3.443e-3
0.711, 3.491e-3
0.712, 3.540e-3
0.713, 3.589e-3
0.714, 3.638e-3
0.715, 3.687e-3
0.716, 3.736e-3
0.717, 3.788e-3
0.718, 3.839e-3
0.719, 3.889e-3
0.720, 3.939e-3
0.721, 3.989e-3
0.722, 4.040e-3
0.723, 4.091e-3
0.724, 4.142e-3
0.725, 4.193e-3
0.726, 4.244e-3
0.727, 4.295e-3
0.728, 4.347e-3
0.729, 4.399e-3
0.730, 4.450e-3
0.731, 4.502e-3
0.732, 4.554e-3
0.733, 4.607e-3
0.734, 4.660e-3
0.735, 4.713e-3
0.736, 4.766e-3
0.737, 4.819e-3
0.738, 4.872e-3
0.739, 4.926e-3
0.740, 4.979e-3
0.741, 5.033e-3
0.742, 5.088e-3
0.743, 5.142e-3
0.744, 5.197e-3
0.745, 5.251e-3
0.746, 5.305e-3
0.747, 5.360e-3
0.748, 5.415e-3
0.749, 5.470e-3
0.750, 5.525e-3
0.751, 5.581e-3
0.752, 5.636e-3
0.753, 5.691e-3
0.754, 5.746e-3
0.755, 5.802e-3
0.756, 5.857e-3
0.757, 5.913e-3
0.758, 5.969e-3
0.759, 6.025e-3
0.760, 6.081e-3
0.761, 6.138e-3
0.762, 6.194e-3
0.763, 6.251e-3
0.764, 6.308e-3
0.765, 6.365e-3
0.766, 6.421e-3
0.767, 6.478e-3
0.768, 6.536e-3
0.769, 6.593e-3
0.770, 6.651e-3
0.771, 6.709e-3
0.772, 6.766e-3
0.773, 6.824e-3
0.774, 6.882e-3
0.775, 6.940e-3
0.776, 6.998e-3
0.777, 7.057e-3
0.778, 7.115e-3
0.779, 7.174e-3
0.780, 7.232e-3
0.781, 7.290e-3
0.782, 7.349e-3
0.783, 7.407e-3
0.784, 7.465e-3
0.785, 7.524e-3
0.786, 7.584e-3
0.787, 7.643e-3
0.788, 7.702e-3
0.789, 7.762e-3
0.790, 7.821e-3
0.791, 7.881e-3
0.792, 7.941e-3
0.793, 8.001e-3
0.794, 8.061e-3
0.795, 8.121e-3
0.796, 8.181e-3
0.797, 8.242e-3
0.798, 8.302e-3
0.799, 8.363e-3
0.800, 8.404e-3
0.799, 8.362e-3
0.798, 8.302e-3
0.797, 8.241e-3
0.796, 8.180e-3
0.795, 8.120e-3
0.794, 8.060e-3
0.793, 7.999e-3
0.792, 7.939e-3
0.791, 7.879e-3
0.790, 7.819e-3
0.789, 7.759e-3
0.788, 7.700e-3
0.787, 7.640e-3
0.786, 7.581e-3
0.785, 7.521e-3
0.784, 7.462e-3
0.783, 7.403e-3
0.782, 7.344e-3
0.781, 7.285e-3
0.780, 7.227e-3
0.779, 7.168e-3
0.778, 7.109e-3
0.777, 7.050e-3
0.776, 6.991e-3
0.775, 6.933e-3
0.774, 6.875e-3
0.773, 6.816e-3
0.772, 6.758e-3
0.771, 6.700e-3
0.770, 6.641e-3
0.769, 6.583e-3
0.768, 6.525e-3
0.767, 6.467e-3
0.766, 6.409e-3
0.765, 6.352e-3
0.764, 6.294e-3
0.763, 6.237e-3
0.762, 6.179e-3
0.761, 6.122e-3
0.760, 6.065e-3
0.759, 6.008e-3
0.758, 5.952e-3
0.757, 5.895e-3
0.756, 5.839e-3
0.755, 5.783e-3
0.754, 5.727e-3
0.753, 5.671e-3
0.752, 5.615e-3
0.751, 5.559e-3
0.750, 5.503e-3
0.749, 5.447e-3
0.748, 5.392e-3
0.747, 5.337e-3
0.746, 5.281e-3
0.745, 5.226e-3
0.744, 5.171e-3
0.743, 5.116e-3
0.742, 5.061e-3
0.741, 5.006e-3
0.740, 4.952e-3
0.739, 4.898e-3
0.738, 4.844e-3
0.737, 4.791e-3
0.736, 4.737e-3
0.735, 4.683e-3
0.734, 4.630e-3
0.733, 4.577e-3
0.732, 4.524e-3
0.731, 4.471e-3
0.730, 4.419e-3
0.729, 4.367e-3
0.728, 4.315e-3
0.727, 4.263e-3
0.726, 4.211e-3
0.725, 4.160e-3
0.724, 4.108e-3
0.723, 4.057e-3
0.722, 4.006e-3
0.721, 3.955e-3
0.720, 3.904e-3
0.719, 3.854e-3
0.718, 3.803e-3
0.717, 3.752e-3
0.716, 3.700e-3
0.715, 3.651e-3
0.714, 3.602e-3
0.713, 3.552e-3
0.712, 3.503e-3
0.711, 3.454e-3
0.710, 3.406e-3
0.709, 3.357e-3
0.708, 3.309e-3
0.707, 3.261e-3
0.706, 3.214e-3
0.705, 3.166e-3
0.704, 3.120e-3
0.703, 3.073e-3
0.702, 3.026e-3
0.701, 2.980e-3
0.700, 2.934e-3
0.699, 2.888e-3
0.698, 2.842e-3
0.697, 2.797e-3
0.696, 2.751e-3
0.695, 2.707e-3
0.694, 2.663e-3
0.693, 2.618e-3
0.692, 2.574e-3
0.691, 2.530e-3
0.690, 2.487e-3
0.689, 2.444e-3
0.688, 2.401e-3
0.687, 2.358e-3
0.686, 2.315e-3
0.685, 2.274e-3
0.684, 2.232e-3
0.683, 2.190e-3
0.682, 2.149e-3
0.681, 2.109e-3
0.680, 2.069e-3
0.679, 2.028e-3
0.678, 1.989e-3
0.677, 1.949e-3
0.676, 1.910e-3
0.675, 1.871e-3
0.674, 1.833e-3
0.673, 1.795e-3
0.672, 1.757e-3
0.671, 1.720e-3
0.670, 1.683e-3
0.669, 1.646e-3
0.668, 1.610e-3
0.667, 1.574e-3
0.666, 1.538e-3
0.665, 1.503e-3
0.664, 1.468e-3
0.663, 1.433e-3
0.662, 1.399e-3
0.661, 1.366e-3
0.660, 1.333e-3
0.659, 1.300e-3
0.658, 1.267e-3
0.657, 1.235e-3
0.656, 1.203e-3
0.655, 1.172e-3
0.654, 1.142e-3
0.653, 1.111e-3
0.652, 1.081e-3
0.651, 1.052e-3
0.650, 1.022e-3
0.649, 9.938e-4
0.648, 9.654e-4
0.647, 9.374e-4
0.646, 9.098e-4
0.645, 8.827e-4
0.644, 8.562e-4
0.643, 8.299e-4
0.642, 8.038e-4
0.641, 7.780e-4
0.640, 7.529e-4
0.639, 7.283e-4
0.638, 7.043e-4
0.637, 6.805e-4
0.636, 6.576e-4
0.635, 6.349e-4
0.634, 6.125e-4
0.633, 5.909e-4
0.632, 5.695e-4
0.631, 5.484e-4
0.630, 5.280e-4
0.629, 5.079e-4
0.628, 4.882e-4
0.627, 4.693e-4
0.626, 4.505e-4
0.625, 4.320e-4
0.624, 4.141e-4
0.623, 3.965e-4
0.622, 3.792e-4
0.621, 3.625e-4
0.620, 3.462e-4
0.619, 3.303e-4
0.618, 3.150e-4
0.617, 3.001e-4
0.616, 2.854e-4
0.615, 2.712e-4
0.614, 2.586e-4
0.613, 2.445e-4
0.612, 2.314e-4
0.611, 2.190e-4
0.610, 2.066e-4
0.609, 1.950e-4
0.608, 1.833e-4
0.607, 1.719e-4
0.606, 1.614e-4
0.605, 1.506e-4
0.604, 1.407e-4
0.603, 1.306e-4
0.602, 1.215e-4
0.601, 1.129e-4
0.600, 1.038e-4
0.599, 9.493e-5
0.598, 8.665e-5
0.597, 7.855e-5
0.596, 7.100e-5
0.595, 6.376e-5
0.594, 5.664e-5
0.593, 4.979e-5
0.592, 4.322e-5
0.591, 3.680e-5
0.590, 3.094e-5
0.589, 2.507e-5
0.588, 1.895e-5
0.587, 1.391e-5
0.586, 8.631e-6
0.585, 3.593e-6
0.584, -1.308e-6
0.583, -6.122e-6
0.582, -1.045e-5
0.581, -1.496e-5
0.580, -1.897e-5
0.579, -2.259e-5
0.578, -2.638e-5
0.577, -3.006e-5
0.576, -3.302e-5
0.575, -3.659e-5
0.574, -4.010e-5
0.573, -4.345e-5
0.572, -4.608e-5
0.571, -4.904e-5
0.570, -5.206e-5
0.569, -5.463e-5
0.568, -5.721e-5
0.567, -5.984e-5
0.566, -6.213e-5
0.565, -6.488e-5
0.564, -6.703e-5
0.563, -6.892e-5
0.562, -7.091e-5
0.561, -7.304e-5
0.560, -7.478e-5
0.559, -7.674e-5
0.558, -7.839e-5
0.557, -8.033e-5
0.556, -8.178e-5
0.555, -8.339e-5
0.554, -8.510e-5
0.553, -8.694e-5
0.552, -8.855e-5
0.551, -9.000e-5
0.550, -9.089e-5
0.549, -9.265e-5
0.548, -9.392e-5
0.547, -9.520e-5
0.546, -9.659e-5
0.545, -9.797e-5
0.544, -9.936e-5
0.543, -1.008e-4
0.542, -1.018e-4
0.541, -1.031e-4
0.540, -1.041e-4
0.539, -1.051e-4
0.538, -1.066e-4
0.537, -1.078e-4
0.536, -1.088e-4
0.535, -1.100e-4
0.534, -1.111e-4
0.533, -1.123e-4
0.532, -1.136e-4
0.531, -1.146e-4
0.530, -1.159e-4
0.529, -1.168e-4
0.528, -1.176e-4
0.527, -1.187e-4
0.526, -1.194e-4
0.525, -1.204e-4
0.524, -1.212e-4
0.523, -1.224e-4
0.522, -1.238e-4
0.521, -1.247e-4
0.520, -1.258e-4
0.519, -1.270e-4
0.518, -1.280e-4
0.517, -1.292e-4
0.516, -1.303e-4
0.515, -1.313e-4
0.514, -1.324e-4
0.513, -1.333e-4
0.512, -1.364e-4
0.511, -1.375e-4
0.510, -1.379e-4
0.509, -1.390e-4
0.508, -1.400e-4
0.507, -1.409e-4
0.506, -1.423e-4
0.505, -1.434e-4
0.504, -1.444e-4
0.503, -1.457e-4
0.502, -1.467e-4
0.501, -1.482e-4
0.500, -1.493e-4
0.499, -1.501e-4
0.498, -1.518e-4
0.497, -1.536e-4
0.496, -1.545e-4
0.495, -1.560e-4
0.494, -1.574e-4
0.493, -1.591e-4
0.492, -1.603e-4
0.491, -1.620e-4
0.490, -1.638e-4
0.489, -1.651e-4
0.488, -1.667e-4
0.487, -1.684e-4
0.486, -1.703e-4
0.485, -1.721e-4
0.484, -1.735e-4
0.483, -1.750e-4
0.482, -1.771e-4
0.481, -1.787e-4
0.480, -1.807e-4
0.479, -1.830e-4
0.478, -1.850e-4
0.477, -1.873e-4
0.476, -1.895e-4
0.475, -1.914e-4
0.474, -1.935e-4
0.473, -1.952e-4
0.472, -1.981e-4
0.471, -2.007e-4
0.470, -2.030e-4
0.469, -2.058e-4
0.468, -2.091e-4
0.467, -2.120e-4
0.466, -2.150e-4
0.465, -2.181e-4
0.464, -2.210e-4
0.463, -2.244e-4
0.462, -2.275e-4
0.461, -2.314e-4
0.460, -2.352e-4
0.459, -2.389e-4
0.458, -2.427e-4
0.457, -2.465e-4
0.456, -2.504e-4
0.455, -2.549e-4
0.454, -2.595e-4
0.453, -2.642e-4
0.452, -2.687e-4
0.451, -2.735e-4
0.450, -2.783e-4
0.449, -2.835e-4
0.448, -2.886e-4
0.447, -2.939e-4
0.446, -2.995e-4
0.445, -3.057e-4
0.444, -3.119e-4
0.443, -3.175e-4
0.442, -3.241e-4
0.441, -3.304e-4
0.440, -3.372e-4
0.439, -3.440e-4
0.438, -3.509e-4
0.437, -3.581e-4
0.436, -3.654e-4
0.435, -3.729e-4
0.434, -3.805e-4
0.433, -3.883e-4
0.432, -3.954e-4
0.431, -4.028e-4
0.430, -4.109e-4
0.429, -4.191e-4
0.428, -4.272e-4
0.427, -4.351e-4
0.426, -4.435e-4
0.425, -4.518e-4
0.424, -4.604e-4
0.423, -4.691e-4
0.422, -4.767e-4
0.421, -4.850e-4
0.420, -4.935e-4
0.419, -5.017e-4
0.418, -5.099e-4
0.417, -5.179e-4
0.416, -5.262e-4
0.415, -5.347e-4
0.414, -5.430e-4
0.413, -5.515e-4
0.412, -5.592e-4
0.411, -5.671e-4
0.410, -5.727e-4
0.409, -5.733e-4
0.408, -5.824e-4
0.407, -5.917e-4
0.406, -6.004e-4
0.405, -6.085e-4
0.404, -6.166e-4
0.403, -6.248e-4
0.402, -6.331e-4
0.401, -6.410e-4
0.400, -6.492e-4
0.399, -6.571e-4
0.398, -6.647e-4
0.397, -6.724e-4
0.396, -6.801e-4
0.395, -6.877e-4
0.394, -6.953e-4
0.393, -7.027e-4
0.392, -7.093e-4
0.391, -7.166e-4
0.390, -7.235e-4
0.389, -7.299e-4
0.388, -7.358e-4
0.387, -7.411e-4
0.386, -7.464e-4
0.385, -7.512e-4
0.384, -7.556e-4
0.383, -7.592e-4
0.382, -7.621e-4
0.381, -7.644e-4
0.380, -7.658e-4
0.379, -7.666e-4
0.378, -7.666e-4
0.377, -7.659e-4
0.376, -7.641e-4
0.375, -7.614e-4
0.374, -7.576e-4
0.373, -7.531e-4
0.372, -7.475e-4
0.371, -7.397e-4
0.370, -7.321e-4
0.369, -7.231e-4
0.368, -7.129e-4
0.367, -7.021e-4
0.366, -6.896e-4
0.365, -6.767e-4
0.364, -6.628e-4
0.363, -6.487e-4
0.362, -6.331e-4
0.361, -6.166e-4
0.360, -6.005e-4
0.359, -5.835e-4
0.358, -5.663e-4
0.357, -5.484e-4
0.356, -5.304e-4
0.355, -5.123e-4
0.354, -4.943e-4
0.353, -4.765e-4
0.352, -4.587e-4
0.351, -4.413e-4
0.350, -4.240e-4
0.349, -4.074e-4
0.348, -3.916e-4
0.347, -3.757e-4
0.346, -3.604e-4
0.345, -3.454e-4
0.344, -3.308e-4
0.343, -3.174e-4
0.342, -3.040e-4
0.341, -2.916e-4
0.340, -2.795e-4
0.339, -2.681e-4
0.338, -2.571e-4
0.337, -2.465e-4
0.336, -2.366e-4
0.335, -2.269e-4
0.334, -2.180e-4
0.333, -2.097e-4
0.332, -2.013e-4
0.331, -1.935e-4
0.330, -1.864e-4
0.329, -1.794e-4
0.328, -1.728e-4
0.327, -1.670e-4
0.326, -1.609e-4
0.325, -1.550e-4
0.324, -1.496e-4
0.323, -1.444e-4
0.322, -1.398e-4
0.321, -1.350e-4
0.320, -1.305e-4
0.319, -1.262e-4
0.318, -1.221e-4
0.317, -1.186e-4
0.316, -1.152e-4
0.315, -1.116e-4
0.314, -1.080e-4
0.313, -1.050e-4
0.312, -1.020e-4
0.311, -9.903e-5
0.310, -9.623e-5
0.309, -9.384e-5
0.308, -9.141e-5
0.307, -8.934e-5
0.306, -8.663e-5
0.305, -8.418e-5
0.304, -8.207e-5
0.303, -8.013e-5
0.302, -7.805e-5
0.301, -7.619e-5
0.300, -7.434e-5
0.299, -7.254e-5
0.298, -7.093e-5
0.297, -6.942e-5
0.296, -6.805e-5
0.295, -6.673e-5
0.294, -6.523e-5
0.293, -6.380e-5
0.292, -6.230e-5
0.291, -6.082e-5
0.290, -5.949e-5
0.289, -5.829e-5
0.288, -5.711e-5
0.287, -5.601e-5
0.286, -5.491e-5
0.285, -5.392e-5
0.284, -5.296e-5
0.283, -5.181e-5
0.282, -5.081e-5
0.281, -4.982e-5
0.280, -4.892e-5
0.279, -4.810e-5
0.278, -4.720e-5
0.277, -4.646e-5
0.276, -4.568e-5
0.275, -4.490e-5
0.274, -4.416e-5
0.273, -4.352e-5
0.272, -4.275e-5
0.271, -4.220e-5
0.270, -4.152e-5
0.269, -4.083e-5
0.268, -4.015e-5
0.267, -3.949e-5
0.266, -3.888e-5
0.265, -3.832e-5
0.264, -3.761e-5
0.263, -3.699e-5
0.262, -3.650e-5
0.261, -3.598e-5
0.260, -3.547e-5
0.259, -3.484e-5
0.258, -3.436e-5
0.257, -3.388e-5
0.256, -3.344e-5
0.255, -3.306e-5
0.254, -3.253e-5
0.253, -3.211e-5
0.252, -3.171e-5
0.251, -3.132e-5
0.250, -3.092e-5
0.249, -3.056e-5
0.248, -3.011e-5
0.247, -2.984e-5
0.246, -2.945e-5
0.245, -2.903e-5
0.244, -2.876e-5
0.243, -2.832e-5
0.242, -2.804e-5
0.241, -2.760e-5
0.240, -2.736e-5
0.239, -2.704e-5
0.238, -2.676e-5
0.237, -2.646e-5
0.236, -2.613e-5
0.235, -2.577e-5
0.234, -2.559e-5
0.233, -2.531e-5
0.232, -2.507e-5
0.231, -2.485e-5
0.230, -2.457e-5
0.229, -2.431e-5
0.228, -2.411e-5
0.227, -2.376e-5
0.226, -2.350e-5
0.225, -2.330e-5
0.224, -2.302e-5
0.223, -2.288e-5
0.222, -2.260e-5
0.221, -2.235e-5
0.220, -2.217e-5
0.219, -2.200e-5
0.218, -2.171e-5
0.217, -2.152e-5
0.216, -2.137e-5
0.215, -2.119e-5
0.214, -2.102e-5
0.213, -2.087e-5
0.212, -2.064e-5
0.211, -2.041e-5
0.210, -2.031e-5
0.209, -2.015e-5
0.208, -1.999e-5
0.207, -1.981e-5
0.206, -1.968e-5
0.205, -1.950e-5
0.204, -1.938e-5
0.203, -1.926e-5
0.202, -1.911e-5
0.201, -1.903e-5
0.200, -1.738e-5
0.201, -1.390e-5
0.202, -1.245e-5
0.203, -1.138e-5
0.204, -1.062e-5
0.205, -1.002e-5
0.206, -9.197e-6
0.207, -8.660e-6
0.208, -8.133e-6
0.209, -7.704e-6
0.210, -7.186e-6
0.211, -6.757e-6
0.212, -6.425e-6
0.213, -6.014e-6
0.214, -5.692e-6
0.215, -5.380e-6
0.216, -5.048e-6
0.217, -4.755e-6
0.218, -4.540e-6
0.219, -4.198e-6
0.220, -3.954e-6
0.221, -3.661e-6
0.222, -3.378e-6
0.223, -3.115e-6
0.224, -2.910e-6
0.225, -2.685e-6
0.226, -2.451e-6
0.227, -2.275e-6
0.228, -2.070e-6
0.229, -1.787e-6
0.230, -1.631e-6
0.231, -1.396e-6
0.232, -1.230e-6
0.233, -1.054e-6
0.234, -9.178e-7
0.235, -6.835e-7
0.236, -4.491e-7
0.237, -3.515e-7
0.238, -8.787e-8
0.239, 9.764e-8
0.240, 2.343e-7
0.241, 3.808e-7
0.242, 6.151e-7
0.243, 8.299e-7
0.244, 9.471e-7
0.245, 1.045e-6
0.246, 1.240e-6
0.247, 1.367e-6
0.248, 1.494e-6
0.249, 1.738e-6
0.250, 1.884e-6
0.251, 2.002e-6
0.252, 2.177e-6
0.253, 2.324e-6
0.254, 2.431e-6
0.255, 2.646e-6
0.256, 2.851e-6
0.257, 2.978e-6
0.258, 3.085e-6
0.259, 3.251e-6
0.260, 3.456e-6
0.261, 3.642e-6
0.262, 3.749e-6
0.263, 3.876e-6
0.264, 3.993e-6
0.265, 4.179e-6
0.266, 4.325e-6
0.267, 4.530e-6
0.268, 4.667e-6
0.269, 4.716e-6
0.270, 4.901e-6
0.271, 5.097e-6
0.272, 5.214e-6
0.273, 5.341e-6
0.274, 5.497e-6
0.275, 5.722e-6
0.276, 5.858e-6
0.277, 6.044e-6
0.278, 6.220e-6
0.279, 6.268e-6
0.280, 6.464e-6
0.281, 6.669e-6
0.282, 6.825e-6
0.283, 6.952e-6
0.284, 7.167e-6
0.285, 7.313e-6
0.286, 7.518e-6
0.287, 7.635e-6
0.288, 7.909e-6
0.289, 7.977e-6
0.290, 8.241e-6
0.291, 8.348e-6
0.292, 8.524e-6
0.293, 8.729e-6
0.294, 8.963e-6
0.295, 9.129e-6
0.296, 9.344e-6
0.297, 9.549e-6
0.298, 9.695e-6
0.299, 9.988e-6
0.300, 1.024e-5
0.301, 1.034e-5
0.302, 1.054e-5
0.303, 1.076e-5
0.304, 1.098e-5
0.305, 1.133e-5
0.306, 1.142e-5
0.307, 1.171e-5
0.308, 1.192e-5
0.309, 1.212e-5
0.310, 1.239e-5
0.311, 1.263e-5
0.312, 1.286e-5
0.313, 1.304e-5
0.314, 1.327e-5
0.315, 1.352e-5
0.316, 1.376e-5
0.317, 1.399e-5
0.318, 1.419e-5
0.319, 1.445e-5
0.320, 1.462e-5
0.321, 1.488e-5
0.322, 1.515e-5
0.323, 1.542e-5
0.324, 1.564e-5
0.325, 1.581e-5
0.326, 1.612e-5
0.327, 1.638e-5
0.328, 1.661e-5
0.329, 1.696e-5
0.330, 1.717e-5
0.331, 1.747e-5
0.332, 1.777e-5
0.333, 1.804e-5
0.334, 1.827e-5
0.335, 1.858e-5
0.336, 1.881e-5
0.337, 1.914e-5
0.338, 1.938e-5
0.339, 1.965e-5
0.340, 1.998e-5
0.341, 2.025e-5
0.342, 2.064e-5
0.343, 2.094e-5
0.344, 2.123e-5
0.345, 2.164e-5
0.346, 2.186e-5
0.347, 2.221e-5
0.348, 2.256e-5
0.349, 2.290e-5
0.350, 2.323e-5
0.351, 2.357e-5
0.352, 2.384e-5
0.353, 2.426e-5
0.354, 2.458e-5
0.355, 2.492e-5
0.356, 2.525e-5
0.357, 2.560e-5
0.358, 2.598e-5
0.359, 2.639e-5
0.360, 2.667e-5
0.361, 2.708e-5
0.362, 2.739e-5
0.363, 2.777e-5
0.364, 2.812e-5
0.365, 2.843e-5
0.366, 2.876e-5
0.367, 2.914e-5
0.368, 2.949e-5
0.369, 2.987e-5
0.370, 3.025e-5
0.371, 3.048e-5
0.372, 3.095e-5
0.373, 3.138e-5
0.374, 3.181e-5
0.375, 3.219e-5
0.376, 3.263e-5
0.377, 3.310e-5
0.378, 3.354e-5
0.379, 3.406e-5
0.380, 3.448e-5
0.381, 3.498e-5
0.382, 3.554e-5
0.383, 3.602e-5
0.384, 3.647e-5
0.385, 3.702e-5
0.386, 3.742e-5
0.387, 3.795e-5
0.388, 3.835e-5
0.389, 3.881e-5
0.390, 3.929e-5
0.391, 3.983e-5
0.392, 4.036e-5
0.393, 4.097e-5
0.394, 4.154e-5
0.395, 4.205e-5
0.396, 4.266e-5
0.397, 4.319e-5
0.398, 4.390e-5
0.399, 4.468e-5
0.400, 4.526e-5
0.401, 4.603e-5
0.402, 4.673e-5
0.403, 4.749e-5
0.404, 4.821e-5
0.405, 4.906e-5
0.406, 4.987e-5
0.407, 5.063e-5
0.408, 5.155e-5
0.409, 5.218e-5
0.410, 5.138e-5
0.411, 5.310e-5
0.412, 5.438e-5
0.413, 5.546e-5
0.414, 5.662e-5
0.415, 5.776e-5
0.416, 5.900e-5
0.417, 6.028e-5
0.418, 6.154e-5
0.419, 6.276e-5
0.420, 6.404e-5
0.421, 6.541e-5
0.422, 6.669e-5
0.423, 6.816e-5
0.424, 6.996e-5
0.425, 7.182e-5
0.426, 7.370e-5
0.427, 7.566e-5
0.428, 7.765e-5
0.429, 7.970e-5
0.430, 8.215e-5
0.431, 8.501e-5
0.432, 8.776e-5
0.433, 9.075e-5
0.434, 9.399e-5
0.435, 9.764e-5
0.436, 1.015e-4
0.437, 1.056e-4
0.438, 1.104e-4
0.439, 1.154e-4
0.440, 1.207e-4
0.441, 1.266e-4
0.442, 1.331e-4
0.443, 1.404e-4
0.444, 1.482e-4
0.445, 1.567e-4
0.446, 1.662e-4
0.447, 1.761e-4
0.448, 1.873e-4
0.449, 1.992e-4
0.450, 2.125e-4
0.451, 2.265e-4
0.452, 2.421e-4
0.453, 2.587e-4
0.454, 2.771e-4
0.455, 2.970e-4
0.456, 3.181e-4
0.457, 3.410e-4
0.458, 3.653e-4
0.459, 3.918e-4
0.460, 4.201e-4
0.461, 4.503e-4
0.462, 4.821e-4
0.463, 5.157e-4
0.464, 5.512e-4
0.465, 5.884e-4
0.466, 6.267e-4
0.467, 6.665e-4
0.468, 7.074e-4
0.469, 7.490e-4
0.470, 7.912e-4
0.471, 8.336e-4
0.472, 8.758e-4
0.473, 9.174e-4
0.474, 9.576e-4
0.475, 9.971e-4
0.476, 1.035e-3
0.477, 1.071e-3
0.478, 1.106e-3
0.479, 1.138e-3
0.480, 1.167e-3
0.481, 1.194e-3
0.482, 1.217e-3
0.483, 1.238e-3
0.484, 1.255e-3
0.485, 1.269e-3
0.486, 1.280e-3
0.487, 1.287e-3
0.488, 1.292e-3
0.489, 1.293e-3
0.490, 1.290e-3
0.491, 1.286e-3
0.492, 1.277e-3
0.493, 1.266e-3
0.494, 1.253e-3
0.495, 1.237e-3
0.496, 1.219e-3
0.497, 1.199e-3
0.498, 1.177e-3
0.499, 1.154e-3
0.500, 1.129e-3
0.501, 1.102e-3
0.502, 1.075e-3
0.503, 1.048e-3
0.504, 1.020e-3
0.505, 9.925e-4
0.506, 9.649e-4
0.507, 9.373e-4
0.508, 9.103e-4
0.509, 8.840e-4
0.510, 8.586e-4
0.511, 8.333e-4
0.512, 8.107e-4
0.513, 7.889e-4
0.514, 7.658e-4
0.515, 7.442e-4
0.516, 7.233e-4
0.517, 7.032e-4
0.518, 6.839e-4
0.519, 6.654e-4
0.520, 6.476e-4
0.521, 6.300e-4
0.522, 6.130e-4
0.523, 5.971e-4
0.524, 5.814e-4
0.525, 5.656e-4
0.526, 5.509e-4
0.527, 5.367e-4
0.528, 5.227e-4
0.529, 5.093e-4
0.530, 4.962e-4
0.531, 4.833e-4
0.532, 4.710e-4
0.533, 4.594e-4
0.534, 4.477e-4
0.535, 4.365e-4
0.536, 4.255e-4
0.537, 4.154e-4
0.538, 4.058e-4
0.539, 3.960e-4
0.540, 3.863e-4
0.541, 3.770e-4
0.542, 3.688e-4
0.543, 3.607e-4
0.544, 3.527e-4
0.545, 3.453e-4
0.546, 3.378e-4
0.547, 3.314e-4
0.548, 3.245e-4
0.549, 3.189e-4
0.550, 3.132e-4
0.551, 3.072e-4
0.552, 3.020e-4
0.553, 2.972e-4
0.554, 2.926e-4
0.555, 2.880e-4
0.556, 2.842e-4
0.557, 2.803e-4
0.558, 2.765e-4
0.559, 2.731e-4
0.560, 2.704e-4
0.561, 2.677e-4
0.562, 2.649e-4
0.563, 2.626e-4
0.564, 2.605e-4
0.565, 2.579e-4
0.566, 2.561e-4
0.567, 2.543e-4
0.568, 2.532e-4
0.569, 2.518e-4
0.570, 2.506e-4
0.571, 2.497e-4
0.572, 2.487e-4
0.573, 2.481e-4
0.574, 2.480e-4
0.575, 2.479e-4
0.576, 2.477e-4
0.577, 2.478e-4
0.578, 2.483e-4
0.579, 2.492e-4
0.580, 2.501e-4
0.581, 2.510e-4
0.582, 2.525e-4
0.583, 2.540e-4
0.584, 2.559e-4
0.585, 2.579e-4
0.586, 2.598e-4
0.587, 2.622e-4
0.588, 2.647e-4
0.589, 2.678e-4
0.590, 2.708e-4
0.591, 2.734e-4
0.592, 2.768e-4
0.593, 2.809e-4
0.594, 2.848e-4
0.595, 2.892e-4
0.596, 2.939e-4
0.597, 2.986e-4
0.598, 3.040e-4
0.599, 3.093e-4
0.600, 3.149e-4
0.601, 3.208e-4
0.602, 3.267e-4
0.603, 3.341e-4
0.604, 3.412e-4
0.605, 3.483e-4
0.606, 3.562e-4
0.607, 3.645e-4
0.608, 3.728e-4
0.609, 3.818e-4
0.610, 3.910e-4
0.611, 4.007e-4
0.612, 4.108e-4
0.613, 4.215e-4
0.614, 4.324e-4
0.615, 4.425e-4
0.616, 4.548e-4
0.617, 4.669e-4
0.618, 4.795e-4
0.619, 4.928e-4
0.620, 5.066e-4
0.621, 5.205e-4
0.622, 5.351e-4
0.623, 5.499e-4
0.624, 5.650e-4
0.625, 5.810e-4
0.626, 5.974e-4
0.627, 6.136e-4
0.628, 6.309e-4
0.629, 6.489e-4
0.630, 6.673e-4
0.631, 6.860e-4
0.632, 7.056e-4
0.633, 7.253e-4
0.634, 7.458e-4
0.635, 7.667e-4
0.636, 7.884e-4
0.637, 8.099e-4
0.638, 8.326e-4
0.639, 8.555e-4
0.640, 8.791e-4
0.641, 9.032e-4
0.642, 9.275e-4
0.643, 9.525e-4
0.644, 9.778e-4
0.645, 1.003e-3
0.646, 1.030e-3
0.647, 1.057e-3
0.648, 1.084e-3
0.649, 1.112e-3
0.650, 1.140e-3
0.651, 1.169e-3
0.652, 1.198e-3
0.653, 1.227e-3
0.654, 1.257e-3
0.655, 1.288e-3
0.656, 1.319e-3
0.657, 1.351e-3
0.658, 1.382e-3
0.659, 1.415e-3
0.660, 1.448e-3
0.661, 1.481e-3
0.662, 1.515e-3
0.663, 1.549e-3
0.664, 1.584e-3
0.665, 1.619e-3
0.666, 1.654e-3
0.667, 1.690e-3
0.668, 1.727e-3
0.669, 1.763e-3
0.670, 1.800e-3
0.671, 1.838e-3
0.672, 1.875e-3
0.673, 1.914e-3
0.674, 1.952e-3
0.675, 1.991e-3
0.676, 2.031e-3
0.677, 2.070e-3
0.678, 2.110e-3
0.679, 2.150e-3
0.680, 2.191e-3
0.681, 2.232e-3
0.682, 2.273e-3
0.683, 2.315e-3
0.684, 2.356e-3
0.685, 2.399e-3
0.686, 2.442e-3
0.687, 2.485e-3
0.688, 2.528e-3
0.689, 2.571e-3
0.690, 2.615e-3
0.691, 2.659e-3
0.692, 2.704e-3
0.693, 2.748e-3
0.694, 2.793e-3
0.695, 2.838e-3
0.696, 2.884e-3
0.697, 2.930e-3
0.698, 2.976e-3
0.699, 3.022e-3
0.700, 3.069e-3
0.701, 3.116e-3
0.702, 3.163e-3
0.703, 3.210e-3
0.704, 3.257e-3
0.705, 3.305e-3
0.706, 3.353e-3
0.707, 3.401e-3
0.708, 3.450e-3
0.709, 3.499e-3
0.710, 3.548e-3
0.711, 3.597e-3
0.712, 3.647e-3
0.713, 3.696e-3
0.714, 3.745e-3
0.715, 3.796e-3
0.716, 3.846e-3
0.717, 3.898e-3
0.718, 3.950e-3
0.719, 4.001e-3
0.720, 4.052e-3
0.721, 4.103e-3
0.722, 4.154e-3
0.723, 4.206e-3
0.724, 4.258e-3
0.725, 4.309e-3
0.726, 4.361e-3
0.727, 4.413e-3
0.728, 4.466e-3
0.729, 4.518e-3
0.730, 4.570e-3
0.731, 4.624e-3
0.732, 4.677e-3
0.733, 4.730e-3
0.734, 4.784e-3
0.735, 4.837e-3
0.736, 4.891e-3
0.737, 4.945e-3
0.738, 4.999e-3
0.739, 5.054e-3
0.740, 5.108e-3
0.741, 5.163e-3
0.742, 5.218e-3
0.743, 5.273e-3
0.744, 5.327e-3
0.745, 5.383e-3
0.746, 5.438e-3
0.747, 5.494e-3
0.748, 5.549e-3
0.749, 5.605e-3
0.750, 5.661e-3
0.751, 5.716e-3
0.752, 5.773e-3
0.753, 5.829e-3
0.754, 5.884e-3
0.755, 5.941e-3
0.756, 5.997e-3
0.757, 6.053e-3
0.758, 6.110e-3
0.759, 6.167e-3
0.760, 6.223e-3
0.761, 6.281e-3
0.762, 6.338e-3
0.763, 6.395e-3
0.764, 6.453e-3
0.765, 6.510e-3
0.766, 6.568e-3
0.767, 6.626e-3
0.768, 6.684e-3
0.769, 6.742e-3
0.770, 6.801e-3
0.771, 6.859e-3
0.772, 6.917e-3
0.773, 6.975e-3
0.774, 7.034e-3
0.775, 7.093e-3
0.776, 7.152e-3
0.777, 7.211e-3
0.778, 7.269e-3
0.779, 7.328e-3
0.780, 7.388e-3
0.781, 7.446e-3
0.782, 7.505e-3
0.783, 7.564e-3
0.784, 7.624e-3
0.785, 7.684e-3
0.786, 7.743e-3
0.787, 7.803e-3
0.788, 7.864e-3
0.789, 7.924e-3
0.790, 7.984e-3
0.791, 8.044e-3
0.792, 8.104e-3
0.793, 8.164e-3
0.794, 8.225e-3
0.795, 8.286e-3
0.796, 8.347e-3
0.797, 8.407e-3
0.798, 8.468e-3
0.799, 8.529e-3
0.800, 8.571e-3
0.799, 8.529e-3
0.798, 8.468e-3
0.797, 8.406e-3
0.796, 8.346e-3
0.795, 8.285e-3
0.794, 8.224e-3
0.793, 8.162e-3
0.792, 8.101e-3
0.791, 8.040e-3
0.790, 7.981e-3
0.789, 7.920e-3
0.788, 7.860e-3
0.787, 7.799e-3
0.786, 7.739e-3
0.785, 7.679e-3
0.784, 7.619e-3
0.783, 7.559e-3
0.782, 7.499e-3
0.781, 7.440e-3
0.780, 7.381e-3
0.779, 7.322e-3
0.778, 7.262e-3
0.777, 7.203e-3
0.776, 7.143e-3
0.775, 7.084e-3
0.774, 7.025e-3
0.773, 6.965e-3
0.772, 6.906e-3
0.771, 6.847e-3
0.770, 6.789e-3
0.769, 6.730e-3
0.768, 6.671e-3
0.767, 6.612e-3
0.766, 6.554e-3
0.765, 6.495e-3
0.764, 6.438e-3
0.763, 6.380e-3
0.762, 6.321e-3
0.761, 6.263e-3
0.760, 6.205e-3
0.759, 6.148e-3
0.758, 6.091e-3
0.757, 6.033e-3
0.756, 5.976e-3
0.755, 5.919e-3
0.754, 5.863e-3
0.753, 5.806e-3
0.752, 5.749e-3
0.751, 5.693e-3
0.750, 5.637e-3
0.749, 5.580e-3
0.748, 5.524e-3
0.747, 5.468e-3
0.746, 5.412e-3
0.745, 5.356e-3
0.744, 5.300e-3
0.743, 5.245e-3
0.742, 5.189e-3
0.741, 5.134e-3
0.740, 5.078e-3
0.739, 5.024e-3
0.738, 4.969e-3
0.737, 4.914e-3
0.736, 4.860e-3
0.735, 4.806e-3
0.734, 4.752e-3
0.733, 4.698e-3
0.732, 4.644e-3
0.731, 4.590e-3
0.730, 4.537e-3
0.729, 4.485e-3
0.728, 4.432e-3
0.727, 4.379e-3
0.726, 4.326e-3
0.725, 4.274e-3
0.724, 4.221e-3
0.723, 4.170e-3
0.722, 4.118e-3
0.721, 4.066e-3
0.720, 4.015e-3
0.719, 3.963e-3
0.718, 3.912e-3
0.717, 3.860e-3
0.716, 3.808e-3
0.715, 3.757e-3
0.714, 3.707e-3
0.713, 3.657e-3
0.712, 3.607e-3
0.711, 3.558e-3
0.710, 3.508e-3
0.709, 3.459e-3
0.708, 3.409e-3
0.707, 3.361e-3
0.706, 3.313e-3
0.705, 3.264e-3
0.704, 3.217e-3
0.703, 3.169e-3
0.702, 3.122e-3
0.701, 3.074e-3
0.700, 3.027e-3
0.699, 2.980e-3
0.698, 2.935e-3
0.697, 2.888e-3
0.696, 2.842e-3
0.695, 2.797e-3
0.694, 2.751e-3
0.693, 2.706e-3
0.692, 2.661e-3
0.691, 2.616e-3
0.690, 2.572e-3
0.689, 2.528e-3
0.688, 2.485e-3
0.687, 2.441e-3
0.686, 2.398e-3
0.685, 2.355e-3
0.684, 2.312e-3
0.683, 2.270e-3
0.682, 2.228e-3
0.681, 2.186e-3
0.680, 2.145e-3
0.679, 2.104e-3
0.678, 2.064e-3
0.677, 2.023e-3
0.676, 1.983e-3
0.675, 1.943e-3
0.674, 1.904e-3
0.673, 1.865e-3
0.672, 1.826e-3
0.671, 1.788e-3
0.670, 1.750e-3
0.669, 1.712e-3
0.668, 1.675e-3
0.667, 1.638e-3
0.666, 1.602e-3
0.665, 1.565e-3
0.664, 1.529e-3
0.663, 1.494e-3
0.662, 1.459e-3
0.661, 1.424e-3
0.660, 1.390e-3
0.659, 1.356e-3
0.658, 1.323e-3
0.657, 1.289e-3
0.656, 1.257e-3
0.655, 1.225e-3
0.654, 1.193e-3
0.653, 1.162e-3
0.652, 1.131e-3
0.651, 1.100e-3
0.650, 1.070e-3
0.649, 1.041e-3
0.648, 1.011e-3
0.647, 9.823e-4
0.646, 9.540e-4
0.645, 9.258e-4
0.644, 8.984e-4
0.643, 8.712e-4
0.642, 8.444e-4
0.641, 8.179e-4
0.640, 7.917e-4
0.639, 7.658e-4
0.638, 7.408e-4
0.637, 7.163e-4
0.636, 6.923e-4
0.635, 6.685e-4
0.634, 6.451e-4
0.633, 6.225e-4
0.632, 6.004e-4
0.631, 5.786e-4
0.630, 5.574e-4
0.629, 5.361e-4
0.628, 5.156e-4
0.627, 4.963e-4
0.626, 4.762e-4
0.625, 4.572e-4
0.624, 4.386e-4
0.623, 4.201e-4
0.622, 4.021e-4
0.621, 3.845e-4
0.620, 3.673e-4
0.619, 3.506e-4
0.618, 3.345e-4
0.617, 3.188e-4
0.616, 3.036e-4
0.615, 2.889e-4
0.614, 2.753e-4
0.613, 2.610e-4
0.612, 2.468e-4
0.611, 2.337e-4
0.610, 2.208e-4
0.609, 2.085e-4
0.608, 1.963e-4
0.607, 1.845e-4
0.606, 1.732e-4
0.605, 1.624e-4
0.604, 1.512e-4
0.603, 1.412e-4
0.602, 1.309e-4
0.601, 1.223e-4
0.600, 1.129e-4
0.599, 1.033e-4
0.598, 9.492e-5
0.597, 8.644e-5
0.596, 7.822e-5
0.595, 7.044e-5
0.594, 6.308e-5
0.593, 5.568e-5
0.592, 4.888e-5
0.591, 4.179e-5
0.590, 3.587e-5
0.589, 2.942e-5
0.588, 2.345e-5
0.587, 1.789e-5
0.586, 1.257e-5
0.585, 7.098e-6
0.584, 1.679e-6
0.583, -3.271e-6
0.582, -7.831e-6
0.581, -1.248e-5
0.580, -1.719e-5
0.579, -2.082e-5
0.578, -2.488e-5
0.577, -2.873e-5
0.576, -3.188e-5
0.575, -3.546e-5
0.574, -3.921e-5
0.573, -4.262e-5
0.572, -4.548e-5
0.571, -4.860e-5
0.570, -5.192e-5
0.569, -5.497e-5
0.568, -5.736e-5
0.567, -5.996e-5
0.566, -6.258e-5
0.565, -6.541e-5
0.564, -6.756e-5
0.563, -6.983e-5
0.562, -7.196e-5
0.561, -7.388e-5
0.560, -7.605e-5
0.559, -7.800e-5
0.558, -7.968e-5
0.557, -8.171e-5
0.556, -8.339e-5
0.555, -8.498e-5
0.554, -8.703e-5
0.553, -8.852e-5
0.552, -9.022e-5
0.551, -9.179e-5
0.550, -9.280e-5
0.549, -9.448e-5
0.548, -9.602e-5
0.547, -9.729e-5
0.546, -9.883e-5
0.545, -1.003e-4
0.544, -1.016e-4
0.543, -1.030e-4
0.542, -1.043e-4
0.541, -1.052e-4
0.540, -1.065e-4
0.539, -1.075e-4
0.538, -1.089e-4
0.537, -1.106e-4
0.536, -1.117e-4
0.535, -1.131e-4
0.534, -1.141e-4
0.533, -1.152e-4
0.532, -1.162e-4
0.531, -1.174e-4
0.530, -1.184e-4
0.529, -1.196e-4
0.528, -1.203e-4
0.527, -1.212e-4
0.526, -1.223e-4
0.525, -1.234e-4
0.524, -1.243e-4
0.523, -1.256e-4
0.522, -1.268e-4
0.521, -1.279e-4
0.520, -1.290e-4
0.519, -1.302e-4
0.518, -1.312e-4
0.517, -1.323e-4
0.516, -1.335e-4
0.515, -1.342e-4
0.514, -1.357e-4
0.513, -1.370e-4
0.512, -1.401e-4
0.511, -1.411e-4
0.510, -1.414e-4
0.509, -1.425e-4
0.508, -1.434e-4
0.507, -1.443e-4
0.506, -1.454e-4
0.505, -1.466e-4
0.504, -1.480e-4
0.503, -1.492e-4
0.502, -1.502e-4
0.501, -1.520e-4
0.500, -1.530e-4
0.499, -1.537e-4
0.498, -1.554e-4
0.497, -1.569e-4
0.496, -1.582e-4
0.495, -1.598e-4
0.494, -1.613e-4
0.493, -1.630e-4
0.492, -1.645e-4
0.491, -1.659e-4
0.490, -1.675e-4
0.489, -1.689e-4
0.488, -1.704e-4
0.487, -1.723e-4
0.486, -1.743e-4
0.485, -1.761e-4
0.484, -1.780e-4
0.483, -1.792e-4
0.482, -1.811e-4
0.481, -1.832e-4
0.480, -1.850e-4
0.479, -1.870e-4
0.478, -1.893e-4
0.477, -1.915e-4
0.476, -1.934e-4
0.475, -1.960e-4
0.474, -1.981e-4
0.473, -2.000e-4
0.472, -2.027e-4
0.471, -2.056e-4
0.470, -2.084e-4
0.469, -2.116e-4
0.468, -2.141e-4
0.467, -2.166e-4
0.466, -2.199e-4
0.465, -2.232e-4
0.464, -2.262e-4
0.463, -2.296e-4
0.462, -2.331e-4
0.461, -2.371e-4
0.460, -2.408e-4
0.459, -2.448e-4
0.458, -2.487e-4
0.457, -2.522e-4
0.456, -2.566e-4
0.455, -2.613e-4
0.454, -2.657e-4
0.453, -2.707e-4
0.452, -2.753e-4
0.451, -2.797e-4
0.450, -2.853e-4
0.449, -2.908e-4
0.448, -2.957e-4
0.447, -3.011e-4
0.446, -3.073e-4
0.445, -3.132e-4
0.444, -3.192e-4
0.443, -3.259e-4
0.442, -3.327e-4
0.441, -3.391e-4
0.440, -3.458e-4
0.439, -3.528e-4
0.438, -3.603e-4
0.437, -3.676e-4
0.436, -3.752e-4
0.435, -3.837e-4
0.434, -3.911e-4
0.433, -3.986e-4
0.432, -4.066e-4
0.431, -4.145e-4
0.430, -4.230e-4
0.429, -4.315e-4
0.428, -4.399e-4
0.427, -4.482e-4
0.426, -4.570e-4
0.425, -4.656e-4
0.424, -4.741e-4
0.423, -4.831e-4
0.422, -4.911e-4
0.421, -4.997e-4
0.420, -5.089e-4
0.419, -5.173e-4
0.418, -5.259e-4
0.417, -5.346e-4
0.416, -5.434e-4
0.415, -5.525e-4
0.414, -5.609e-4
0.413, -5.695e-4
0.412, -5.780e-4
0.411, -5.865e-4
0.410, -5.925e-4
0.409, -5.935e-4
0.408, -6.033e-4
0.407, -6.121e-4
0.406, -6.213e-4
0.405, -6.303e-4
0.404, -6.390e-4
0.403, -6.480e-4
0.402, -6.567e-4
0.401, -6.650e-4
0.400, -6.736e-4
0.399, -6.822e-4
0.398, -6.903e-4
0.397, -6.988e-4
0.396, -7.065e-4
0.395, -7.146e-4
0.394, -7.227e-4
0.393, -7.302e-4
0.392, -7.378e-4
0.391, -7.450e-4
0.390, -7.523e-4
0.389, -7.591e-4
0.388, -7.656e-4
0.387, -7.719e-4
0.386, -7.778e-4
0.385, -7.826e-4
0.384, -7.877e-4
0.383, -7.921e-4
0.382, -7.958e-4
0.381, -7.984e-4
0.380, -8.003e-4
0.379, -8.015e-4
0.378, -8.019e-4
0.377, -8.016e-4
0.376, -8.003e-4
0.375, -7.979e-4
0.374, -7.938e-4
0.373, -7.890e-4
0.372, -7.834e-4
0.371, -7.760e-4
0.370, -7.677e-4
0.369, -7.585e-4
0.368, -7.481e-4
0.367, -7.362e-4
0.366, -7.238e-4
0.365, -7.103e-4
0.364, -6.958e-4
0.363, -6.799e-4
0.362, -6.637e-4
0.361, -6.467e-4
0.360, -6.289e-4
0.359, -6.108e-4
0.358, -5.923e-4
0.357, -5.738e-4
0.356, -5.547e-4
0.355, -5.351e-4
0.354, -5.160e-4
0.353, -4.970e-4
0.352, -4.780e-4
0.351, -4.595e-4
0.350, -4.410e-4
0.349, -4.231e-4
0.348, -4.057e-4
0.347, -3.895e-4
0.346, -3.733e-4
0.345, -3.574e-4
0.344, -3.423e-4
0.343, -3.277e-4
0.342, -3.139e-4
0.341, -3.006e-4
0.340, -2.880e-4
0.339, -2.759e-4
0.338, -2.645e-4
0.337, -2.533e-4
0.336, -2.430e-4
0.335, -2.331e-4
0.334, -2.237e-4
0.333, -2.151e-4
0.332, -2.065e-4
0.331, -1.983e-4
0.330, -1.909e-4
0.329, -1.837e-4
0.328, -1.770e-4
0.327, -1.706e-4
0.326, -1.647e-4
0.325, -1.587e-4
0.324, -1.532e-4
0.323, -1.478e-4
0.322, -1.429e-4
0.321, -1.382e-4
0.320, -1.334e-4
0.319, -1.291e-4
0.318, -1.249e-4
0.317, -1.210e-4
0.316, -1.176e-4
0.315, -1.143e-4
0.314, -1.106e-4
0.313, -1.072e-4
0.312, -1.042e-4
0.311, -1.014e-4
0.310, -9.841e-5
0.309, -9.574e-5
0.308, -9.332e-5
0.307, -9.126e-5
0.306, -8.875e-5
0.305, -8.623e-5
0.304, -8.395e-5
0.303, -8.187e-5
0.302, -7.986e-5
0.301, -7.799e-5
0.300, -7.612e-5
0.299, -7.422e-5
0.298, -7.247e-5
0.297, -7.090e-5
0.296, -6.949e-5
0.295, -6.813e-5
0.294, -6.664e-5
0.293, -6.542e-5
0.292, -6.394e-5
0.291, -6.246e-5
0.290, -6.102e-5
0.289, -5.970e-5
0.288, -5.850e-5
0.287, -5.740e-5
0.286, -5.629e-5
0.285, -5.526e-5
0.284, -5.417e-5
0.283, -5.312e-5
0.282, -5.219e-5
0.281, -5.129e-5
0.280, -5.026e-5
0.279, -4.939e-5
0.278, -4.838e-5
0.277, -4.754e-5
0.276, -4.673e-5
0.275, -4.595e-5
0.274, -4.529e-5
0.273, -4.457e-5
0.272, -4.381e-5
0.271, -4.319e-5
0.270, -4.254e-5
0.269, -4.184e-5
0.268, -4.131e-5
0.267, -4.062e-5
0.266, -3.991e-5
0.265, -3.927e-5
0.264, -3.869e-5
0.263, -3.804e-5
0.262, -3.747e-5
0.261, -3.682e-5
0.260, -3.637e-5
0.259, -3.586e-5
0.258, -3.535e-5
0.257, -3.483e-5
0.256, -3.430e-5
0.255, -3.387e-5
0.254, -3.346e-5
0.253, -3.292e-5
0.252, -3.254e-5
0.251, -3.212e-5
0.250, -3.171e-5
0.249, -3.133e-5
0.248, -3.090e-5
0.247, -3.055e-5
0.246, -3.016e-5
0.245, -2.980e-5
0.244, -2.948e-5
0.243, -2.910e-5
0.242, -2.874e-5
0.241, -2.839e-5
0.240, -2.810e-5
0.239, -2.776e-5
0.238, -2.742e-5
0.237, -2.711e-5
0.236, -2.697e-5
0.235, -2.656e-5
0.234, -2.625e-5
0.233, -2.598e-5
0.232, -2.567e-5
0.231, -2.549e-5
0.230, -2.516e-5
0.229, -2.496e-5
0.228, -2.471e-5
0.227, -2.445e-5
0.226, -2.420e-5
0.225, -2.393e-5
0.224, -2.371e-5
0.223, -2.356e-5
0.222, -2.325e-5
0.221, -2.300e-5
0.220, -2.282e-5
0.219, -2.260e-5
0.218, -2.235e-5
0.217, -2.215e-5
0.216, -2.194e-5
0.215, -2.182e-5
0.214, -2.158e-5
0.213, -2.139e-5
0.212, -2.117e-5
0.211, -2.105e-5
0.210, -2.091e-5
0.209, -2.074e-5
0.208, -2.048e-5
0.207, -2.036e-5
0.206, -2.022e-5
0.205, -1.994e-5
0.204, -1.980e-5
0.203, -1.966e-5
0.202, -1.955e-5
0.201, -1.944e-5
0.200, -1.775e-5
0.201, -1.441e-5
0.202, -1.283e-5
0.203, -1.182e-5
0.204, -1.094e-5
0.205, -1.029e-5
0.206, -9.588e-6
0.207, -9.071e-6
0.208, -8.553e-6
0.209, -8.104e-6
0.210, -7.577e-6
0.211, -7.176e-6
0.212, -6.854e-6
0.213, -6.405e-6
0.214, -6.083e-6
0.215, -5.800e-6
0.216, -5.448e-6
0.217, -5.165e-6
0.218, -4.872e-6
0.219, -4.589e-6
0.220, -4.267e-6
0.221, -4.071e-6
0.222, -3.788e-6
0.223, -3.505e-6
0.224, -3.339e-6
0.225, -2.997e-6
0.226, -2.773e-6
0.227, -2.509e-6
0.228, -2.334e-6
0.229, -2.148e-6
0.230, -1.894e-6
0.231, -1.767e-6
0.232, -1.552e-6
0.233, -1.318e-6
0.234, -1.162e-6
0.235, -8.983e-7
0.236, -7.811e-7
0.237, -5.956e-7
0.238, -3.613e-7
0.239, -2.050e-7
0.240, 9.763e-9
0.241, 6.835e-8
0.242, 2.441e-7
0.243, 4.784e-7
0.244, 6.151e-7
0.245, 7.518e-7
0.246, 9.666e-7
0.247, 1.133e-6
0.248, 1.260e-6
0.249, 1.504e-6
0.250, 1.660e-6
0.251, 1.816e-6
0.252, 1.943e-6
0.253, 2.119e-6
0.254, 2.294e-6
0.255, 2.451e-6
0.256, 2.529e-6
0.257, 2.734e-6
0.258, 2.880e-6
0.259, 3.027e-6
0.260, 3.095e-6
0.261, 3.251e-6
0.262, 3.476e-6
0.263, 3.632e-6
0.264, 3.808e-6
0.265, 3.954e-6
0.266, 4.052e-6
0.267, 4.198e-6
0.268, 4.403e-6
0.269, 4.501e-6
0.270, 4.667e-6
0.271, 4.862e-6
0.272, 5.038e-6
0.273, 5.194e-6
0.274, 5.321e-6
0.275, 5.477e-6
0.276, 5.643e-6
0.277, 5.692e-6
0.278, 5.946e-6
0.279, 6.112e-6
0.280, 6.229e-6
0.281, 6.434e-6
0.282, 6.581e-6
0.283, 6.698e-6
0.284, 6.923e-6
0.285, 7.030e-6
0.286, 7.186e-6
0.287, 7.401e-6
0.288, 7.645e-6
0.289, 7.792e-6
0.290, 7.889e-6
0.291, 8.192e-6
0.292, 8.338e-6
0.293, 8.524e-6
0.294, 8.729e-6
0.295, 8.885e-6
0.296, 9.061e-6
0.297, 9.285e-6
0.298, 9.559e-6
0.299, 9.695e-6
0.300, 9.998e-6
0.301, 1.015e-5
0.302, 1.038e-5
0.303, 1.054e-5
0.304, 1.071e-5
0.305, 1.102e-5
0.306, 1.121e-5
0.307, 1.148e-5
0.308, 1.172e-5
0.309, 1.188e-5
0.310, 1.214e-5
0.311, 1.231e-5
0.312, 1.259e-5
0.313, 1.279e-5
0.314, 1.298e-5
0.315, 1.321e-5
0.316, 1.354e-5
0.317, 1.374e-5
0.318, 1.392e-5
0.319, 1.413e-5
0.320, 1.430e-5
0.321, 1.466e-5
0.322, 1.493e-5
0.323, 1.512e-5
0.324, 1.536e-5
0.325, 1.557e-5
0.326, 1.594e-5
0.327, 1.605e-5
0.328, 1.632e-5
0.329, 1.668e-5
0.330, 1.685e-5
0.331, 1.718e-5
0.332, 1.746e-5
0.333, 1.770e-5
0.334, 1.804e-5
0.335, 1.831e-5
0.336, 1.854e-5
0.337, 1.881e-5
0.338, 1.912e-5
0.339, 1.942e-5
0.340, 1.972e-5
0.341, 2.000e-5
0.342, 2.037e-5
0.343, 2.064e-5
0.344, 2.099e-5
0.345, 2.129e-5
0.346, 2.158e-5
0.347, 2.200e-5
0.348, 2.238e-5
0.349, 2.259e-5
0.350, 2.296e-5
0.351, 2.334e-5
0.352, 2.366e-5
0.353, 2.393e-5
0.354, 2.434e-5
0.355, 2.467e-5
0.356, 2.510e-5
0.357, 2.542e-5
0.358, 2.583e-5
0.359, 2.611e-5
0.360, 2.643e-5
0.361, 2.684e-5
0.362, 2.715e-5
0.363, 2.750e-5
0.364, 2.785e-5
0.365, 2.817e-5
0.366, 2.858e-5
0.367, 2.887e-5
0.368, 2.925e-5
0.369, 2.964e-5
0.370, 3.001e-5
0.371, 3.032e-5
0.372, 3.067e-5
0.373, 3.122e-5
0.374, 3.163e-5
0.375, 3.202e-5
0.376, 3.245e-5
0.377, 3.298e-5
0.378, 3.339e-5
0.379, 3.392e-5
0.380, 3.438e-5
0.381, 3.488e-5
0.382, 3.535e-5
0.383, 3.583e-5
0.384, 3.631e-5
0.385, 3.689e-5
0.386, 3.735e-5
0.387, 3.774e-5
0.388, 3.828e-5
0.389, 3.879e-5
0.390, 3.934e-5
0.391, 3.986e-5
0.392, 4.036e-5
0.393, 4.096e-5
0.394, 4.153e-5
0.395, 4.204e-5
0.396, 4.268e-5
0.397, 4.323e-5
0.398, 4.395e-5
0.399, 4.467e-5
0.400, 4.537e-5
0.401, 4.612e-5
0.402, 4.683e-5
0.403, 4.774e-5
0.404, 4.853e-5
0.405, 4.925e-5
0.406, 5.008e-5
0.407, 5.087e-5
0.408, 5.167e-5
0.409, 5.243e-5
0.410, 5.163e-5
0.411, 5.328e-5
0.412, 5.462e-5
0.413, 5.576e-5
0.414, 5.709e-5
0.415, 5.823e-5
0.416, 5.957e-5
0.417, 6.085e-5
0.418, 6.206e-5
0.419, 6.340e-5
0.420, 6.462e-5
0.421, 6.607e-5
0.422, 6.749e-5
0.423, 6.898e-5
0.424, 7.086e-5
0.425, 7.285e-5
0.426, 7.467e-5
0.427, 7.661e-5
0.428, 7.864e-5
0.429, 8.090e-5
0.430, 8.373e-5
0.431, 8.660e-5
0.432, 8.942e-5
0.433, 9.241e-5
0.434, 9.576e-5
0.435, 9.970e-5
0.436, 1.038e-4
0.437, 1.085e-4
0.438, 1.134e-4
0.439, 1.185e-4
0.440, 1.242e-4
0.441, 1.301e-4
0.442, 1.373e-4
0.443, 1.448e-4
0.444, 1.530e-4
0.445, 1.622e-4
0.446, 1.719e-4
0.447, 1.826e-4
0.448, 1.942e-4
0.449, 2.070e-4
0.450, 2.206e-4
0.451, 2.358e-4
0.452, 2.517e-4
0.453, 2.694e-4
0.454, 2.888e-4
0.455, 3.095e-4
0.456, 3.316e-4
0.457, 3.556e-4
0.458, 3.813e-4
0.459, 4.090e-4
0.460, 4.386e-4
0.461, 4.698e-4
0.462, 5.031e-4
0.463, 5.382e-4
0.464, 5.750e-4
0.465, 6.133e-4
0.466, 6.533e-4
0.467, 6.945e-4
0.468, 7.368e-4
0.469, 7.799e-4
0.470, 8.234e-4
0.471, 8.668e-4
0.472, 9.101e-4
0.473, 9.531e-4
0.474, 9.940e-4
0.475, 1.035e-3
0.476, 1.074e-3
0.477, 1.111e-3
0.478, 1.146e-3
0.479, 1.178e-3
0.480, 1.208e-3
0.481, 1.235e-3
0.482, 1.259e-3
0.483, 1.281e-3
0.484, 1.298e-3
0.485, 1.313e-3
0.486, 1.324e-3
0.487, 1.333e-3
0.488, 1.338e-3
0.489, 1.339e-3
0.490, 1.337e-3
0.491, 1.333e-3
0.492, 1.325e-3
0.493, 1.314e-3
0.494, 1.301e-3
0.495, 1.286e-3
0.496, 1.267e-3
0.497, 1.247e-3
0.498, 1.225e-3
0.499, 1.200e-3
0.500, 1.174e-3
0.501, 1.148e-3
0.502, 1.120e-3
0.503, 1.091e-3
0.504, 1.062e-3
0.505, 1.033e-3
0.506, 1.004e-3
0.507, 9.755e-4
0.508, 9.470e-4
0.509, 9.191e-4
0.510, 8.921e-4
0.511, 8.651e-4
0.512, 8.413e-4
0.513, 8.179e-4
0.514, 7.934e-4
0.515, 7.700e-4
0.516, 7.479e-4
0.517, 7.262e-4
0.518, 7.055e-4
0.519, 6.856e-4
0.520, 6.664e-4
0.521, 6.483e-4
0.522, 6.302e-4
0.523, 6.125e-4
0.524, 5.962e-4
0.525, 5.796e-4
0.526, 5.637e-4
0.527, 5.487e-4
0.528, 5.336e-4
0.529, 5.191e-4
0.530, 5.052e-4
0.531, 4.922e-4
0.532, 4.793e-4
0.533, 4.664e-4
0.534, 4.545e-4
0.535, 4.425e-4
0.536, 4.313e-4
0.537, 4.202e-4
0.538, 4.102e-4
0.539, 4.005e-4
0.540, 3.906e-4
0.541, 3.809e-4
0.542, 3.721e-4
0.543, 3.639e-4
0.544, 3.557e-4
0.545, 3.479e-4
0.546, 3.409e-4
0.547, 3.340e-4
0.548, 3.271e-4
0.549, 3.210e-4
0.550, 3.153e-4
0.551, 3.094e-4
0.552, 3.043e-4
0.553, 2.992e-4
0.554, 2.945e-4
0.555, 2.906e-4
0.556, 2.864e-4
0.557, 2.828e-4
0.558, 2.789e-4
0.559, 2.751e-4
0.560, 2.723e-4
0.561, 2.697e-4
0.562, 2.668e-4
0.563, 2.648e-4
0.564, 2.628e-4
0.565, 2.606e-4
0.566, 2.589e-4
0.567, 2.571e-4
0.568, 2.560e-4
0.569, 2.547e-4
0.570, 2.535e-4
0.571, 2.526e-4
0.572, 2.521e-4
0.573, 2.517e-4
0.574, 2.515e-4
0.575, 2.515e-4
0.576, 2.514e-4
0.577, 2.519e-4
0.578, 2.526e-4
0.579, 2.535e-4
0.580, 2.545e-4
0.581, 2.558e-4
0.582, 2.576e-4
0.583, 2.591e-4
0.584, 2.609e-4
0.585, 2.630e-4
0.586, 2.653e-4
0.587, 2.679e-4
0.588, 2.705e-4
0.589, 2.735e-4
0.590, 2.769e-4
0.591, 2.803e-4
0.592, 2.843e-4
0.593, 2.886e-4
0.594, 2.928e-4
0.595, 2.971e-4
0.596, 3.022e-4
0.597, 3.073e-4
0.598, 3.130e-4
0.599, 3.188e-4
0.600, 3.243e-4
0.601, 3.311e-4
0.602, 3.374e-4
0.603, 3.450e-4
0.604, 3.527e-4
0.605, 3.603e-4
0.606, 3.686e-4
0.607, 3.770e-4
0.608, 3.863e-4
0.609, 3.960e-4
0.610, 4.059e-4
0.611, 4.160e-4
0.612, 4.266e-4
0.613, 4.377e-4
0.614, 4.494e-4
0.615, 4.599e-4
0.616, 4.725e-4
0.617, 4.860e-4
0.618, 4.993e-4
0.619, 5.129e-4
0.620, 5.271e-4
0.621, 5.420e-4
0.622, 5.574e-4
0.623, 5.730e-4
0.624, 5.892e-4
0.625, 6.055e-4
0.626, 6.224e-4
0.627, 6.403e-4
0.628, 6.581e-4
0.629, 6.768e-4
0.630, 6.964e-4
0.631, 7.158e-4
0.632, 7.358e-4
0.633, 7.570e-4
0.634, 7.785e-4
0.635, 8.004e-4
0.636, 8.227e-4
0.637, 8.453e-4
0.638, 8.683e-4
0.639, 8.924e-4
0.640, 9.172e-4
0.641, 9.419e-4
0.642, 9.669e-4
0.643, 9.927e-4
0.644, 1.019e-3
0.645, 1.046e-3
0.646, 1.073e-3
0.647, 1.101e-3
0.648, 1.129e-3
0.649, 1.158e-3
0.650, 1.187e-3
0.651, 1.216e-3
0.652, 1.247e-3
0.653, 1.277e-3
0.654, 1.308e-3
0.655, 1.340e-3
0.656, 1.372e-3
0.657, 1.404e-3
0.658, 1.437e-3
0.659, 1.471e-3
0.660, 1.505e-3
0.661, 1.539e-3
0.662, 1.574e-3
0.663, 1.609e-3
0.664, 1.645e-3
0.665, 1.681e-3
0.666, 1.717e-3
0.667, 1.754e-3
0.668, 1.791e-3
0.669, 1.829e-3
0.670, 1.867e-3
0.671, 1.905e-3
0.672, 1.944e-3
0.673, 1.983e-3
0.674, 2.023e-3
0.675, 2.063e-3
0.676, 2.103e-3
0.677, 2.143e-3
0.678, 2.184e-3
0.679, 2.225e-3
0.680, 2.266e-3
0.681, 2.308e-3
0.682, 2.351e-3
0.683, 2.394e-3
0.684, 2.437e-3
0.685, 2.480e-3
0.686, 2.523e-3
0.687, 2.567e-3
0.688, 2.611e-3
0.689, 2.655e-3
0.690, 2.700e-3
0.691, 2.745e-3
0.692, 2.790e-3
0.693, 2.836e-3
0.694, 2.882e-3
0.695, 2.927e-3
0.696, 2.974e-3
0.697, 3.020e-3
0.698, 3.067e-3
0.699, 3.115e-3
0.700, 3.162e-3
0.701, 3.210e-3
0.702, 3.258e-3
0.703, 3.306e-3
0.704, 3.353e-3
0.705, 3.402e-3
0.706, 3.450e-3
0.707, 3.500e-3
0.708, 3.549e-3
0.709, 3.599e-3
0.710, 3.649e-3
0.711, 3.699e-3
0.712, 3.749e-3
0.713, 3.799e-3
0.714, 3.850e-3
0.715, 3.901e-3
0.716, 3.952e-3
0.717, 4.005e-3
0.718, 4.057e-3
0.719, 4.109e-3
0.720, 4.160e-3
0.721, 4.213e-3
0.722, 4.265e-3
0.723, 4.317e-3
0.724, 4.369e-3
0.725, 4.422e-3
0.726, 4.475e-3
0.727, 4.527e-3
0.728, 4.581e-3
0.729, 4.634e-3
0.730, 4.687e-3
0.731, 4.741e-3
0.732, 4.795e-3
0.733, 4.848e-3
0.734, 4.902e-3
0.735, 4.957e-3
0.736, 5.011e-3
0.737, 5.066e-3
0.738, 5.121e-3
0.739, 5.176e-3
0.740, 5.231e-3
0.741, 5.286e-3
0.742, 5.341e-3
0.743, 5.398e-3
0.744, 5.453e-3
0.745, 5.509e-3
0.746, 5.565e-3
0.747, 5.621e-3
0.748, 5.677e-3
0.749, 5.733e-3
0.750, 5.790e-3
0.751, 5.846e-3
0.752, 5.903e-3
0.753, 5.959e-3
0.754, 6.016e-3
0.755, 6.073e-3
0.756, 6.129e-3
0.757, 6.187e-3
0.758, 6.244e-3
0.759, 6.302e-3
0.760, 6.360e-3
0.761, 6.417e-3
0.762, 6.475e-3
0.763, 6.533e-3
0.764, 6.591e-3
0.765, 6.649e-3
0.766, 6.708e-3
0.767, 6.766e-3
0.768, 6.825e-3
0.769, 6.884e-3
0.770, 6.942e-3
0.771, 7.001e-3
0.772, 7.061e-3
0.773, 7.120e-3
0.774, 7.179e-3
0.775, 7.238e-3
0.776, 7.297e-3
0.777, 7.357e-3
0.778, 7.416e-3
0.779, 7.475e-3
0.780, 7.534e-3
0.781, 7.594e-3
0.782, 7.653e-3
0.783, 7.713e-3
0.784, 7.774e-3
0.785, 7.834e-3
0.786, 7.894e-3
0.787, 7.955e-3
0.788, 8.015e-3
0.789, 8.076e-3
0.790, 8.136e-3
0.791, 8.197e-3
0.792, 8.258e-3
0.793, 8.319e-3
0.794, 8.381e-3
0.795, 8.442e-3
0.796, 8.503e-3
0.797, 8.564e-3
0.798, 8.626e-3
0.799, 8.687e-3
0.800, 8.730e-3
0.799, 8.687e-3
0.798, 8.625e-3
0.797, 8.563e-3
0.796, 8.501e-3
0.795, 8.440e-3
0.794, 8.379e-3
0.793, 8.316e-3
0.792, 8.255e-3
0.791, 8.193e-3
0.790, 8.132e-3
0.789, 8.071e-3
0.788, 8.010e-3
0.787, 7.949e-3
0.786, 7.888e-3
0.785, 7.827e-3
0.784, 7.766e-3
0.783, 7.706e-3
0.782, 7.646e-3
0.781, 7.585e-3
0.780, 7.525e-3
0.779, 7.465e-3
0.778, 7.406e-3
0.777, 7.346e-3
0.776, 7.285e-3
0.775, 7.225e-3
0.774, 7.166e-3
0.773, 7.106e-3
0.772, 7.046e-3
0.771, 6.986e-3
0.770, 6.927e-3
0.769, 6.867e-3
0.768, 6.808e-3
0.767, 6.748e-3
0.766, 6.689e-3
0.765, 6.630e-3
0.764, 6.571e-3
0.763, 6.513e-3
0.762, 6.454e-3
0.761, 6.395e-3
0.760, 6.337e-3
0.759, 6.279e-3
0.758, 6.221e-3
0.757, 6.163e-3
0.756, 6.105e-3
0.755, 6.048e-3
0.754, 5.990e-3
0.753, 5.933e-3
0.752, 5.875e-3
0.751, 5.819e-3
0.750, 5.762e-3
0.749, 5.705e-3
0.748, 5.648e-3
0.747, 5.591e-3
0.746, 5.534e-3
0.745, 5.478e-3
0.744, 5.421e-3
0.743, 5.365e-3
0.742, 5.309e-3
0.741, 5.253e-3
0.740, 5.197e-3
0.739, 5.142e-3
0.738, 5.086e-3
0.737, 5.030e-3
0.736, 4.975e-3
0.735, 4.920e-3
0.734, 4.865e-3
0.733, 4.811e-3
0.732, 4.757e-3
0.731, 4.702e-3
0.730, 4.648e-3
0.729, 4.595e-3
0.728, 4.541e-3
0.727, 4.488e-3
0.726, 4.435e-3
0.725, 4.381e-3
0.724, 4.328e-3
0.723, 4.276e-3
0.722, 4.223e-3
0.721, 4.171e-3
0.720, 4.118e-3
0.719, 4.067e-3
0.718, 4.015e-3
0.717, 3.962e-3
0.716, 3.909e-3
0.715, 3.858e-3
0.714, 3.806e-3
0.713, 3.756e-3
0.712, 3.705e-3
0.711, 3.655e-3
0.710, 3.605e-3
0.709, 3.555e-3
0.708, 3.505e-3
0.707, 3.455e-3
0.706, 3.406e-3
0.705, 3.357e-3
0.704, 3.309e-3
0.703, 3.260e-3
0.702, 3.212e-3
0.701, 3.165e-3
0.700, 3.117e-3
0.699, 3.069e-3
0.698, 3.022e-3
0.697, 2.974e-3
0.696, 2.928e-3
0.695, 2.881e-3
0.694, 2.835e-3
0.693, 2.789e-3
0.692, 2.744e-3
0.691, 2.698e-3
0.690, 2.653e-3
0.689, 2.608e-3
0.688, 2.564e-3
0.687, 2.520e-3
0.686, 2.476e-3
0.685, 2.432e-3
0.684, 2.389e-3
0.683, 2.345e-3
0.682, 2.302e-3
0.681, 2.260e-3
0.680, 2.218e-3
0.679, 2.176e-3
0.678, 2.135e-3
0.677, 2.094e-3
0.676, 2.053e-3
0.675, 2.012e-3
0.674, 1.972e-3
0.673, 1.932e-3
0.672, 1.892e-3
0.671, 1.853e-3
0.670, 1.814e-3
0.669, 1.775e-3
0.668, 1.738e-3
0.667, 1.699e-3
0.666, 1.662e-3
0.665, 1.625e-3
0.664, 1.588e-3
0.663, 1.552e-3
0.662, 1.516e-3
0.661, 1.480e-3
0.660, 1.445e-3
0.659, 1.410e-3
0.658, 1.376e-3
0.657, 1.342e-3
0.656, 1.308e-3
0.655, 1.275e-3
0.654, 1.243e-3
0.653, 1.210e-3
0.652, 1.179e-3
0.651, 1.148e-3
0.650, 1.116e-3
0.649, 1.086e-3
0.648, 1.056e-3
0.647, 1.026e-3
0.646, 9.964e-4
0.645, 9.677e-4
0.644, 9.391e-4
0.643, 9.111e-4
0.642, 8.832e-4
0.641, 8.560e-4
0.640, 8.288e-4
0.639, 8.023e-4
0.638, 7.766e-4
0.637, 7.512e-4
0.636, 7.262e-4
0.635, 7.017e-4
0.634, 6.773e-4
0.633, 6.539e-4
0.632, 6.307e-4
0.631, 6.079e-4
0.630, 5.861e-4
0.629, 5.644e-4
0.628, 5.429e-4
0.627, 5.226e-4
0.626, 5.020e-4
0.625, 4.819e-4
0.624, 4.625e-4
0.623, 4.435e-4
0.622, 4.247e-4
0.621, 4.064e-4
0.620, 3.884e-4
0.619, 3.708e-4
0.618, 3.540e-4
0.617, 3.378e-4
0.616, 3.216e-4
0.615, 3.063e-4
0.614, 2.924e-4
0.613, 2.768e-4
0.612, 2.625e-4
0.611, 2.485e-4
0.610, 2.350e-4
0.609, 2.220e-4
0.608, 2.093e-4
0.607, 1.967e-4
0.606, 1.850e-4
0.605, 1.733e-4
0.604, 1.624e-4
0.603, 1.514e-4
0.602, 1.409e-4
0.601, 1.311e-4
0.600, 1.213e-4
0.599, 1.119e-4
0.598, 1.027e-4
0.597, 9.358e-5
0.596, 8.536e-5
0.595, 7.709e-5
0.594, 6.903e-5
0.593, 6.137e-5
0.592, 5.425e-5
0.591, 4.700e-5
0.590, 4.012e-5
0.589, 3.354e-5
0.588, 2.725e-5
0.587, 2.145e-5
0.586, 1.550e-5
0.585, 1.002e-5
0.584, 4.540e-6
0.583, -7.811e-7
0.582, -5.624e-6
0.581, -1.050e-5
0.580, -1.535e-5
0.579, -1.931e-5
0.578, -2.356e-5
0.577, -2.749e-5
0.576, -3.088e-5
0.575, -3.508e-5
0.574, -3.894e-5
0.573, -4.249e-5
0.572, -4.574e-5
0.571, -4.898e-5
0.570, -5.226e-5
0.569, -5.518e-5
0.568, -5.771e-5
0.567, -6.085e-5
0.566, -6.353e-5
0.565, -6.620e-5
0.564, -6.860e-5
0.563, -7.083e-5
0.562, -7.308e-5
0.561, -7.516e-5
0.560, -7.734e-5
0.559, -7.948e-5
0.558, -8.135e-5
0.557, -8.320e-5
0.556, -8.533e-5
0.555, -8.739e-5
0.554, -8.917e-5
0.553, -9.036e-5
0.552, -9.231e-5
0.551, -9.382e-5
0.550, -9.479e-5
0.549, -9.675e-5
0.548, -9.847e-5
0.547, -9.979e-5
0.546, -1.011e-4
0.545, -1.027e-4
0.544, -1.041e-4
0.543, -1.054e-4
0.542, -1.065e-4
0.541, -1.078e-4
0.540, -1.091e-4
0.539, -1.106e-4
0.538, -1.121e-4
0.537, -1.138e-4
0.536, -1.152e-4
0.535, -1.161e-4
0.534, -1.168e-4
0.533, -1.179e-4
0.532, -1.193e-4
0.531, -1.203e-4
0.530, -1.214e-4
0.529, -1.225e-4
0.528, -1.237e-4
0.527, -1.246e-4
0.526, -1.257e-4
0.525, -1.267e-4
0.524, -1.277e-4
0.523, -1.288e-4
0.522, -1.301e-4
0.521, -1.310e-4
0.520, -1.321e-4
0.519, -1.334e-4
0.518, -1.347e-4
0.517, -1.359e-4
0.516, -1.373e-4
0.515, -1.384e-4
0.514, -1.398e-4
0.513, -1.405e-4
0.512, -1.436e-4
0.511, -1.447e-4
0.510, -1.451e-4
0.509, -1.459e-4
0.508, -1.470e-4
0.507, -1.480e-4
0.506, -1.494e-4
0.505, -1.506e-4
0.504, -1.517e-4
0.503, -1.532e-4
0.502, -1.542e-4
0.501, -1.556e-4
0.500, -1.570e-4
0.499, -1.575e-4
0.498, -1.592e-4
0.497, -1.608e-4
0.496, -1.623e-4
0.495, -1.641e-4
0.494, -1.655e-4
0.493, -1.669e-4
0.492, -1.684e-4
0.491, -1.699e-4
0.490, -1.715e-4
0.489, -1.728e-4
0.488, -1.746e-4
0.487, -1.764e-4
0.486, -1.784e-4
0.485, -1.797e-4
0.484, -1.818e-4
0.483, -1.830e-4
0.482, -1.856e-4
0.481, -1.874e-4
0.480, -1.894e-4
0.479, -1.915e-4
0.478, -1.938e-4
0.477, -1.961e-4
0.476, -1.980e-4
0.475, -2.004e-4
0.474, -2.026e-4
0.473, -2.046e-4
0.472, -2.075e-4
0.471, -2.108e-4
0.470, -2.135e-4
0.469, -2.160e-4
0.468, -2.190e-4
0.467, -2.220e-4
0.466, -2.253e-4
0.465, -2.283e-4
0.464, -2.316e-4
0.463, -2.354e-4
0.462, -2.391e-4
0.461, -2.428e-4
0.460, -2.467e-4
0.459, -2.504e-4
0.458, -2.543e-4
0.457, -2.586e-4
0.456, -2.631e-4
0.455, -2.677e-4
0.454, -2.723e-4
0.453, -2.770e-4
0.452, -2.818e-4
0.451, -2.870e-4
0.450, -2.925e-4
0.449, -2.981e-4
0.448, -3.029e-4
0.447, -3.089e-4
0.446, -3.149e-4
0.445, -3.213e-4
0.444, -3.277e-4
0.443, -3.345e-4
0.442, -3.413e-4
0.441, -3.482e-4
0.440, -3.551e-4
0.439, -3.626e-4
0.438, -3.698e-4
0.437, -3.777e-4
0.436, -3.861e-4
0.435, -3.936e-4
0.434, -4.014e-4
0.433, -4.096e-4
0.432, -4.177e-4
0.431, -4.263e-4
0.430, -4.348e-4
0.429, -4.437e-4
0.428, -4.525e-4
0.427, -4.614e-4
0.426, -4.705e-4
0.425, -4.794e-4
0.424, -4.887e-4
0.423, -4.976e-4
0.422, -5.062e-4
0.421, -5.153e-4
0.420, -5.244e-4
0.419, -5.332e-4
0.418, -5.426e-4
0.417, -5.523e-4
0.416, -5.614e-4
0.415, -5.703e-4
0.414, -5.791e-4
0.413, -5.876e-4
0.412, -5.966e-4
0.411, -6.055e-4
0.410, -6.121e-4
0.409, -6.133e-4
0.408, -6.234e-4
0.407, -6.333e-4
0.406, -6.425e-4
0.405, -6.525e-4
0.404, -6.611e-4
0.403, -6.703e-4
0.402, -6.798e-4
0.401, -6.886e-4
0.400, -6.980e-4
0.399, -7.070e-4
0.398, -7.159e-4
0.397, -7.249e-4
0.396, -7.330e-4
0.395, -7.414e-4
0.394, -7.500e-4
0.393, -7.582e-4
0.392, -7.659e-4
0.391, -7.741e-4
0.390, -7.820e-4
0.389, -7.896e-4
0.388, -7.967e-4
0.387, -8.031e-4
0.386, -8.096e-4
0.385, -8.152e-4
0.384, -8.208e-4
0.383, -8.257e-4
0.382, -8.291e-4
0.381, -8.324e-4
0.380, -8.351e-4
0.379, -8.366e-4
0.378, -8.375e-4
0.377, -8.370e-4
0.376, -8.356e-4
0.375, -8.333e-4
0.374, -8.295e-4
0.373, -8.254e-4
0.372, -8.197e-4
0.371, -8.118e-4
0.370, -8.037e-4
0.369, -7.944e-4
0.368, -7.836e-4
0.367, -7.714e-4
0.366, -7.580e-4
0.365, -7.438e-4
0.364, -7.289e-4
0.363, -7.123e-4
0.362, -6.953e-4
0.361, -6.770e-4
0.360, -6.583e-4
0.359, -6.388e-4
0.358, -6.192e-4
0.357, -5.992e-4
0.356, -5.790e-4
0.355, -5.586e-4
0.354, -5.381e-4
0.353, -5.176e-4
0.352, -4.974e-4
0.351, -4.776e-4
0.350, -4.581e-4
0.349, -4.389e-4
0.348, -4.205e-4
0.347, -4.026e-4
0.346, -3.859e-4
0.345, -3.692e-4
0.344, -3.533e-4
0.343, -3.379e-4
0.342, -3.231e-4
0.341, -3.094e-4
0.340, -2.959e-4
0.339, -2.833e-4
0.338, -2.714e-4
0.337, -2.602e-4
0.336, -2.492e-4
0.335, -2.392e-4
0.334, -2.292e-4
0.333, -2.200e-4
0.332, -2.116e-4
0.331, -2.030e-4
0.330, -1.951e-4
0.329, -1.878e-4
0.328, -1.809e-4
0.327, -1.743e-4
0.326, -1.681e-4
0.325, -1.622e-4
0.324, -1.564e-4
0.323, -1.510e-4
0.322, -1.458e-4
0.321, -1.411e-4
0.320, -1.363e-4
0.319, -1.318e-4
0.318, -1.277e-4
0.317, -1.235e-4
0.316, -1.199e-4
0.315, -1.166e-4
0.314, -1.131e-4
0.313, -1.096e-4
0.312, -1.063e-4
0.311, -1.035e-4
0.310, -1.006e-4
0.309, -9.793e-5
0.308, -9.527e-5
0.307, -9.315e-5
0.306, -9.067e-5
0.305, -8.824e-5
0.304, -8.587e-5
0.303, -8.372e-5
0.302, -8.161e-5
0.301, -7.980e-5
0.300, -7.791e-5
0.299, -7.594e-5
0.298, -7.422e-5
0.297, -7.235e-5
0.296, -7.081e-5
0.295, -6.947e-5
0.294, -6.808e-5
0.293, -6.682e-5
0.292, -6.543e-5
0.291, -6.404e-5
0.290, -6.260e-5
0.289, -6.133e-5
0.288, -5.995e-5
0.287, -5.878e-5
0.286, -5.754e-5
0.285, -5.648e-5
0.284, -5.549e-5
0.283, -5.443e-5
0.282, -5.347e-5
0.281, -5.246e-5
0.280, -5.161e-5
0.279, -5.067e-5
0.278, -4.962e-5
0.277, -4.877e-5
0.276, -4.794e-5
0.275, -4.707e-5
0.274, -4.636e-5
0.273, -4.558e-5
0.272, -4.491e-5
0.271, -4.429e-5
0.270, -4.352e-5
0.269, -4.287e-5
0.268, -4.235e-5
0.267, -4.161e-5
0.266, -4.101e-5
0.265, -4.047e-5
0.264, -3.984e-5
0.263, -3.920e-5
0.262, -3.861e-5
0.261, -3.799e-5
0.260, -3.745e-5
0.259, -3.687e-5
0.258, -3.634e-5
0.257, -3.580e-5
0.256, -3.525e-5
0.255, -3.477e-5
0.254, -3.435e-5
0.253, -3.383e-5
0.252, -3.344e-5
0.251, -3.298e-5
0.250, -3.258e-5
0.249, -3.220e-5
0.248, -3.179e-5
0.247, -3.132e-5
0.246, -3.106e-5
0.245, -3.064e-5
0.244, -3.037e-5
0.243, -2.986e-5
0.242, -2.955e-5
0.241, -2.916e-5
0.240, -2.889e-5
0.239, -2.855e-5
0.238, -2.828e-5
0.237, -2.796e-5
0.236, -2.768e-5
0.235, -2.738e-5
0.234, -2.698e-5
0.233, -2.678e-5
0.232, -2.641e-5
0.231, -2.618e-5
0.230, -2.591e-5
0.229, -2.563e-5
0.228, -2.537e-5
0.227, -2.513e-5
0.226, -2.489e-5
0.225, -2.458e-5
0.224, -2.436e-5
0.223, -2.411e-5
0.222, -2.391e-5
0.221, -2.368e-5
0.220, -2.339e-5
0.219, -2.322e-5
0.218, -2.297e-5
0.217, -2.274e-5
0.216, -2.253e-5
0.215, -2.236e-5
0.214, -2.213e-5
0.213, -2.191e-5
0.212, -2.186e-5
0.211, -2.161e-5
0.210, -2.147e-5
0.209, -2.118e-5
0.208, -2.108e-5
0.207, -2.094e-5
0.206, -2.075e-5
0.205, -2.053e-5
0.204, -2.036e-5
0.203, -2.023e-5
0.202, -2.000e-5
0.201, -1.995e-5
0.200, -1.834e-5
0.201, -1.495e-5
0.202, -1.330e-5
0.203, -1.231e-5
0.204, -1.141e-5
0.205, -1.079e-5
0.206, -1.010e-5
0.207, -9.510e-6
0.208, -8.992e-6
0.209, -8.426e-6
0.210, -7.997e-6
0.211, -7.606e-6
0.212, -7.215e-6
0.213, -6.864e-6
0.214, -6.552e-6
0.215, -6.151e-6
0.216, -5.819e-6
0.217, -5.536e-6
0.218, -5.282e-6
0.219, -4.970e-6
0.220, -4.628e-6
0.221, -4.374e-6
0.222, -4.208e-6
0.223, -3.896e-6
0.224, -3.564e-6
0.225, -3.329e-6
0.226, -3.115e-6
0.227, -2.929e-6
0.228, -2.675e-6
0.229, -2.451e-6
0.230, -2.246e-6
0.231, -2.050e-6
0.232, -1.963e-6
0.233, -1.640e-6
0.234, -1.494e-6
0.235, -1.338e-6
0.236, -1.113e-6
0.237, -9.178e-7
0.238, -6.737e-7
0.239, -4.882e-7
0.240, -3.906e-7
0.241, -1.367e-7
0.242, 9.763e-9
0.243, 1.660e-7
0.244, 3.417e-7
0.245, 4.882e-7
0.246, 6.249e-7
0.247, 8.397e-7
0.248, 9.959e-7
0.249, 1.162e-6
0.250, 1.250e-6
0.251, 1.445e-6
0.252, 1.591e-6
0.253, 1.787e-6
0.254, 2.011e-6
0.255, 2.148e-6
0.256, 2.226e-6
0.257, 2.451e-6
0.258, 2.558e-6
0.259, 2.705e-6
0.260, 2.861e-6
0.261, 3.007e-6
0.262, 3.144e-6
0.263, 3.369e-6
0.264, 3.495e-6
0.265, 3.691e-6
0.266, 3.857e-6
0.267, 3.974e-6
0.268, 4.081e-6
0.269, 4.208e-6
0.270, 4.433e-6
0.271, 4.550e-6
0.272, 4.784e-6
0.273, 4.931e-6
0.274, 5.077e-6
0.275, 5.175e-6
0.276, 5.438e-6
0.277, 5.565e-6
0.278, 5.712e-6
0.279, 5.839e-6
0.280, 5.995e-6
0.281, 6.210e-6
0.282, 6.405e-6
0.283, 6.551e-6
0.284, 6.727e-6
0.285, 6.727e-6
0.286, 6.991e-6
0.287, 7.186e-6
0.288, 7.284e-6
0.289, 7.508e-6
0.290, 7.733e-6
0.291, 7.899e-6
0.292, 8.065e-6
0.293, 8.221e-6
0.294, 8.446e-6
0.295, 8.641e-6
0.296, 8.807e-6
0.297, 9.022e-6
0.298, 9.207e-6
0.299, 9.471e-6
0.300, 9.647e-6
0.301, 9.900e-6
0.302, 1.007e-5
0.303, 1.032e-5
0.304, 1.045e-5
0.305, 1.075e-5
0.306, 1.101e-5
0.307, 1.131e-5
0.308, 1.151e-5
0.309, 1.166e-5
0.310, 1.189e-5
0.311, 1.215e-5
0.312, 1.237e-5
0.313, 1.254e-5
0.314, 1.277e-5
0.315, 1.299e-5
0.316, 1.321e-5
0.317, 1.349e-5
0.318, 1.374e-5
0.319, 1.393e-5
0.320, 1.407e-5
0.321, 1.433e-5
0.322, 1.465e-5
0.323, 1.482e-5
0.324, 1.516e-5
0.325, 1.536e-5
0.326, 1.559e-5
0.327, 1.586e-5
0.328, 1.612e-5
0.329, 1.644e-5
0.330, 1.680e-5
0.331, 1.703e-5
0.332, 1.728e-5
0.333, 1.752e-5
0.334, 1.778e-5
0.335, 1.801e-5
0.336, 1.829e-5
0.337, 1.863e-5
0.338, 1.893e-5
0.339, 1.918e-5
0.340, 1.959e-5
0.341, 1.983e-5
0.342, 2.019e-5
0.343, 2.042e-5
0.344, 2.074e-5
0.345, 2.110e-5
0.346, 2.130e-5
0.347, 2.172e-5
0.348, 2.211e-5
0.349, 2.246e-5
0.350, 2.284e-5
0.351, 2.318e-5
0.352, 2.351e-5
0.353, 2.389e-5
0.354, 2.414e-5
0.355, 2.456e-5
0.356, 2.484e-5
0.357, 2.520e-5
0.358, 2.566e-5
0.359, 2.600e-5
0.360, 2.633e-5
0.361, 2.669e-5
0.362, 2.703e-5
0.363, 2.736e-5
0.364, 2.779e-5
0.365, 2.809e-5
0.366, 2.851e-5
0.367, 2.886e-5
0.368, 2.927e-5
0.369, 2.972e-5
0.370, 2.997e-5
0.371, 3.029e-5
0.372, 3.066e-5
0.373, 3.109e-5
0.374, 3.159e-5
0.375, 3.195e-5
0.376, 3.245e-5
0.377, 3.296e-5
0.378, 3.338e-5
0.379, 3.393e-5
0.380, 3.442e-5
0.381, 3.484e-5
0.382, 3.539e-5
0.383, 3.592e-5
0.384, 3.643e-5
0.385, 3.695e-5
0.386, 3.738e-5
0.387, 3.790e-5
0.388, 3.840e-5
0.389, 3.890e-5
0.390, 3.948e-5
0.391, 4.000e-5
0.392, 4.053e-5
0.393, 4.121e-5
0.394, 4.170e-5
0.395, 4.224e-5
0.396, 4.290e-5
0.397, 4.350e-5
0.398, 4.434e-5
0.399, 4.504e-5
0.400, 4.565e-5
0.401, 4.642e-5
0.402, 4.722e-5
0.403, 4.802e-5
0.404, 4.886e-5
0.405, 4.969e-5
0.406, 5.052e-5
0.407, 5.125e-5
0.408, 5.212e-5
0.409, 5.291e-5
0.410, 5.214e-5
0.411, 5.381e-5
0.412, 5.525e-5
0.413, 5.634e-5
0.414, 5.773e-5
0.415, 5.908e-5
0.416, 6.031e-5
0.417, 6.151e-5
0.418, 6.279e-5
0.419, 6.420e-5
0.420, 6.551e-5
0.421, 6.694e-5
0.422, 6.850e-5
0.423, 7.013e-5
0.424, 7.209e-5
0.425, 7.406e-5
0.426, 7.593e-5
0.427, 7.791e-5
0.428, 8.011e-5
0.429, 8.261e-5
0.430, 8.544e-5
0.431, 8.826e-5
0.432, 9.119e-5
0.433, 9.445e-5
0.434, 9.811e-5
0.435, 1.020e-4
0.436, 1.064e-4
0.437, 1.112e-4
0.438, 1.162e-4
0.439, 1.217e-4
0.440, 1.275e-4
0.441, 1.342e-4
0.442, 1.415e-4
0.443, 1.495e-4
0.444, 1.584e-4
0.445, 1.678e-4
0.446, 1.779e-4
0.447, 1.895e-4
0.448, 2.013e-4
0.449, 2.147e-4
0.450, 2.290e-4
0.451, 2.449e-4
0.452, 2.621e-4
0.453, 2.803e-4
0.454, 3.005e-4
0.455, 3.221e-4
0.456, 3.454e-4
0.457, 3.703e-4
0.458, 3.972e-4
0.459, 4.261e-4
0.460, 4.569e-4
0.461, 4.894e-4
0.462, 5.239e-4
0.463, 5.602e-4
0.464, 5.982e-4
0.465, 6.380e-4
0.466, 6.792e-4
0.467, 7.219e-4
0.468, 7.656e-4
0.469, 8.099e-4
0.470, 8.547e-4
0.471, 8.991e-4
0.472, 9.433e-4
0.473, 9.869e-4
0.474, 1.029e-3
0.475, 1.070e-3
0.476, 1.110e-3
0.477, 1.148e-3
0.478, 1.184e-3
0.479, 1.217e-3
0.480, 1.248e-3
0.481, 1.276e-3
0.482, 1.300e-3
0.483, 1.322e-3
0.484, 1.341e-3
0.485, 1.356e-3
0.486, 1.368e-3
0.487, 1.377e-3
0.488, 1.383e-3
0.489, 1.385e-3
0.490, 1.384e-3
0.491, 1.380e-3
0.492, 1.373e-3
0.493, 1.363e-3
0.494, 1.350e-3
0.495, 1.335e-3
0.496, 1.317e-3
0.497, 1.296e-3
0.498, 1.273e-3
0.499, 1.249e-3
0.500, 1.222e-3
0.501, 1.194e-3
0.502, 1.166e-3
0.503, 1.136e-3
0.504, 1.106e-3
0.505, 1.076e-3
0.506, 1.046e-3
0.507, 1.015e-3
0.508, 9.856e-4
0.509, 9.561e-4
0.510, 9.273e-4
0.511, 8.992e-4
0.512, 8.734e-4
0.513, 8.487e-4
0.514, 8.224e-4
0.515, 7.976e-4
0.516, 7.736e-4
0.517, 7.507e-4
0.518, 7.287e-4
0.519, 7.076e-4
0.520, 6.870e-4
0.521, 6.670e-4
0.522, 6.479e-4
0.523, 6.294e-4
0.524, 6.115e-4
0.525, 5.937e-4
0.526, 5.774e-4
0.527, 5.610e-4
0.528, 5.458e-4
0.529, 5.302e-4
0.530, 5.153e-4
0.531, 5.015e-4
0.532, 4.879e-4
0.533, 4.742e-4
0.534, 4.617e-4
0.535, 4.496e-4
0.536, 4.376e-4
0.537, 4.263e-4
0.538, 4.154e-4
0.539, 4.050e-4
0.540, 3.949e-4
0.541, 3.852e-4
0.542, 3.761e-4
0.543, 3.675e-4
0.544, 3.592e-4
0.545, 3.513e-4
0.546, 3.439e-4
0.547, 3.367e-4
0.548, 3.300e-4
0.549, 3.233e-4
0.550, 3.179e-4
0.551, 3.116e-4
0.552, 3.066e-4
0.553, 3.017e-4
0.554, 2.966e-4
0.555, 2.927e-4
0.556, 2.885e-4
0.557, 2.849e-4
0.558, 2.813e-4
0.559, 2.773e-4
0.560, 2.745e-4
0.561, 2.718e-4
0.562, 2.692e-4
0.563, 2.672e-4
0.564, 2.654e-4
0.565, 2.632e-4
0.566, 2.616e-4
0.567, 2.600e-4
0.568, 2.589e-4
0.569, 2.578e-4
0.570, 2.570e-4
0.571, 2.563e-4
0.572, 2.558e-4
0.573, 2.554e-4
0.574, 2.555e-4
0.575, 2.555e-4
0.576, 2.554e-4
0.577, 2.559e-4
0.578, 2.571e-4
0.579, 2.580e-4
0.580, 2.593e-4
0.581, 2.607e-4
0.582, 2.623e-4
0.583, 2.641e-4
0.584, 2.663e-4
0.585, 2.690e-4
0.586, 2.711e-4
0.587, 2.733e-4
0.588, 2.761e-4
0.589, 2.800e-4
0.590, 2.840e-4
0.591, 2.875e-4
0.592, 2.917e-4
0.593, 2.958e-4
0.594, 3.003e-4
0.595, 3.057e-4
0.596, 3.107e-4
0.597, 3.161e-4
0.598, 3.219e-4
0.599, 3.279e-4
0.600, 3.347e-4
0.601, 3.419e-4
0.602, 3.483e-4
0.603, 3.563e-4
0.604, 3.646e-4
0.605, 3.724e-4
0.606, 3.812e-4
0.607, 3.907e-4
0.608, 4.005e-4
0.609, 4.105e-4
0.610, 4.205e-4
0.611, 4.316e-4
0.612, 4.428e-4
0.613, 4.546e-4
0.614, 4.662e-4
0.615, 4.775e-4
0.616, 4.913e-4
0.617, 5.051e-4
0.618, 5.188e-4
0.619, 5.335e-4
0.620, 5.484e-4
0.621, 5.637e-4
0.622, 5.801e-4
0.623, 5.962e-4
0.624, 6.130e-4
0.625, 6.306e-4
0.626, 6.486e-4
0.627, 6.665e-4
0.628, 6.852e-4
0.629, 7.051e-4
0.630, 7.252e-4
0.631, 7.455e-4
0.632, 7.666e-4
0.633, 7.884e-4
0.634, 8.106e-4
0.635, 8.333e-4
0.636, 8.566e-4
0.637, 8.801e-4
0.638, 9.044e-4
0.639, 9.288e-4
0.640, 9.545e-4
0.641, 9.806e-4
0.642, 1.006e-3
0.643, 1.033e-3
0.644, 1.060e-3
0.645, 1.088e-3
0.646, 1.116e-3
0.647, 1.145e-3
0.648, 1.174e-3
0.649, 1.203e-3
0.650, 1.233e-3
0.651, 1.264e-3
0.652, 1.295e-3
0.653, 1.327e-3
0.654, 1.359e-3
0.655, 1.391e-3
0.656, 1.424e-3
0.657, 1.458e-3
0.658, 1.492e-3
0.659, 1.526e-3
0.660, 1.561e-3
0.661, 1.596e-3
0.662, 1.632e-3
0.663, 1.668e-3
0.664, 1.704e-3
0.665, 1.741e-3
0.666, 1.778e-3
0.667, 1.816e-3
0.668, 1.854e-3
0.669, 1.893e-3
0.670, 1.932e-3
0.671, 1.971e-3
0.672, 2.011e-3
0.673, 2.051e-3
0.674, 2.091e-3
0.675, 2.132e-3
0.676, 2.173e-3
0.677, 2.214e-3
0.678, 2.256e-3
0.679, 2.298e-3
0.680, 2.340e-3
0.681, 2.384e-3
0.682, 2.426e-3
0.683, 2.470e-3
0.684, 2.514e-3
0.685, 2.557e-3
0.686, 2.602e-3
0.687, 2.646e-3
0.688, 2.691e-3
0.689, 2.736e-3
0.690, 2.782e-3
0.691, 2.828e-3
0.692, 2.874e-3
0.693, 2.920e-3
0.694, 2.967e-3
0.695, 3.013e-3
0.696, 3.061e-3
0.697, 3.108e-3
0.698, 3.156e-3
0.699, 3.204e-3
0.700, 3.252e-3
0.701, 3.301e-3
0.702, 3.349e-3
0.703, 3.398e-3
0.704, 3.447e-3
0.705, 3.496e-3
0.706, 3.546e-3
0.707, 3.596e-3
0.708, 3.646e-3
0.709, 3.696e-3
0.710, 3.746e-3
0.711, 3.797e-3
0.712, 3.848e-3
0.713, 3.899e-3
0.714, 3.950e-3
0.715, 4.002e-3
0.716, 4.054e-3
0.717, 4.107e-3
0.718, 4.160e-3
0.719, 4.213e-3
0.720, 4.265e-3
0.721, 4.317e-3
0.722, 4.370e-3
0.723, 4.423e-3
0.724, 4.476e-3
0.725, 4.529e-3
0.726, 4.583e-3
0.727, 4.637e-3
0.728, 4.691e-3
0.729, 4.745e-3
0.730, 4.799e-3
0.731, 4.853e-3
0.732, 4.907e-3
0.733, 4.962e-3
0.734, 5.017e-3
0.735, 5.072e-3
0.736, 5.127e-3
0.737, 5.183e-3
0.738, 5.238e-3
0.739, 5.294e-3
0.740, 5.349e-3
0.741, 5.405e-3
0.742, 5.461e-3
0.743, 5.518e-3
0.744, 5.574e-3
0.745, 5.631e-3
0.746, 5.687e-3
0.747, 5.744e-3
0.748, 5.801e-3
0.749, 5.857e-3
0.750, 5.914e-3
0.751, 5.971e-3
0.752, 6.028e-3
0.753, 6.086e-3
0.754, 6.143e-3
0.755, 6.200e-3
0.756, 6.258e-3
0.757, 6.316e-3
0.758, 6.374e-3
0.759, 6.431e-3
0.760, 6.489e-3
0.761, 6.548e-3
0.762, 6.606e-3
0.763, 6.666e-3
0.764, 6.725e-3
0.765, 6.783e-3
0.766, 6.842e-3
0.767, 6.901e-3
0.768, 6.960e-3
0.769, 7.019e-3
0.770, 7.079e-3
0.771, 7.138e-3
0.772, 7.198e-3
0.773, 7.257e-3
0.774, 7.317e-3
0.775, 7.376e-3
0.776, 7.436e-3
0.777, 7.496e-3
0.778, 7.556e-3
0.779, 7.616e-3
0.780, 7.677e-3
0.781, 7.737e-3
0.782, 7.797e-3
0.783, 7.857e-3
0.784, 7.918e-3
0.785, 7.979e-3
0.786, 8.039e-3
0.787, 8.100e-3
0.788, 8.161e-3
0.789, 8.223e-3
0.790, 8.284e-3
0.791, 8.345e-3
0.792, 8.406e-3
0.793, 8.467e-3
0.794, 8.529e-3
0.795, 8.591e-3
0.796, 8.653e-3
0.797, 8.715e-3
0.798, 8.776e-3
0.799, 8.838e-3
0.800, 8.881e-3
0.799, 8.838e-3
0.798, 8.776e-3
0.797, 8.713e-3
0.796, 8.651e-3
0.795, 8.588e-3
0.794, 8.526e-3
0.793, 8.463e-3
0.792, 8.401e-3
0.791, 8.339e-3
0.790, 8.277e-3
0.789, 8.215e-3
0.788, 8.153e-3
0.787, 8.092e-3
0.786, 8.030e-3
0.785, 7.968e-3
0.784, 7.907e-3
0.783, 7.846e-3
0.782, 7.785e-3
0.781, 7.723e-3
0.780, 7.663e-3
0.779, 7.603e-3
0.778, 7.541e-3
0.777, 7.481e-3
0.776, 7.420e-3
0.775, 7.360e-3
0.774, 7.299e-3
0.773, 7.239e-3
0.772, 7.179e-3
0.771, 7.119e-3
0.770, 7.058e-3
0.769, 6.998e-3
0.768, 6.938e-3
0.767, 6.878e-3
0.766, 6.819e-3
0.765, 6.759e-3
0.764, 6.699e-3
0.763, 6.640e-3
0.762, 6.580e-3
0.761, 6.521e-3
0.760, 6.462e-3
0.759, 6.403e-3
0.758, 6.345e-3
0.757, 6.286e-3
0.756, 6.227e-3
0.755, 6.169e-3
0.754, 6.111e-3
0.753, 6.053e-3
0.752, 5.995e-3
0.751, 5.937e-3
0.750, 5.880e-3
0.749, 5.822e-3
0.748, 5.765e-3
0.747, 5.707e-3
0.746, 5.650e-3
0.745, 5.593e-3
0.744, 5.537e-3
0.743, 5.479e-3
0.742, 5.422e-3
0.741, 5.365e-3
0.740, 5.309e-3
0.739, 5.253e-3
0.738, 5.197e-3
0.737, 5.141e-3
0.736, 5.086e-3
0.735, 5.030e-3
0.734, 4.974e-3
0.733, 4.919e-3
0.732, 4.864e-3
0.731, 4.809e-3
0.730, 4.755e-3
0.729, 4.701e-3
0.728, 4.647e-3
0.727, 4.592e-3
0.726, 4.538e-3
0.725, 4.485e-3
0.724, 4.431e-3
0.723, 4.377e-3
0.722, 4.324e-3
0.721, 4.272e-3
0.720, 4.219e-3
0.719, 4.166e-3
0.718, 4.114e-3
0.717, 4.060e-3
0.716, 4.007e-3
0.715, 3.955e-3
0.714, 3.903e-3
0.713, 3.851e-3
0.712, 3.800e-3
0.711, 3.749e-3
0.710, 3.698e-3
0.709, 3.647e-3
0.708, 3.597e-3
0.707, 3.547e-3
0.706, 3.497e-3
0.705, 3.447e-3
0.704, 3.398e-3
0.703, 3.349e-3
0.702, 3.300e-3
0.701, 3.251e-3
0.700, 3.203e-3
0.699, 3.155e-3
0.698, 3.107e-3
0.697, 3.059e-3
0.696, 3.011e-3
0.695, 2.964e-3
0.694, 2.918e-3
0.693, 2.871e-3
0.692, 2.824e-3
0.691, 2.777e-3
0.690, 2.731e-3
0.689, 2.686e-3
0.688, 2.641e-3
0.687, 2.596e-3
0.686, 2.551e-3
0.685, 2.507e-3
0.684, 2.463e-3
0.683, 2.419e-3
0.682, 2.375e-3
0.681, 2.332e-3
0.680, 2.288e-3
0.679, 2.246e-3
0.678, 2.204e-3
0.677, 2.162e-3
0.676, 2.120e-3
0.675, 2.079e-3
0.674, 2.038e-3
0.673, 1.997e-3
0.672, 1.957e-3
0.671, 1.916e-3
0.670, 1.877e-3
0.669, 1.837e-3
0.668, 1.798e-3
0.667, 1.760e-3
0.666, 1.721e-3
0.665, 1.684e-3
0.664, 1.646e-3
0.663, 1.609e-3
0.662, 1.572e-3
0.661, 1.535e-3
0.660, 1.499e-3
0.659, 1.464e-3
0.658, 1.428e-3
0.657, 1.394e-3
0.656, 1.359e-3
0.655, 1.325e-3
0.654, 1.292e-3
0.653, 1.259e-3
0.652, 1.226e-3
0.651, 1.194e-3
0.650, 1.162e-3
0.649, 1.131e-3
0.648, 1.099e-3
0.647, 1.069e-3
0.646, 1.039e-3
0.645, 1.009e-3
0.644, 9.794e-4
0.643, 9.508e-4
0.642, 9.220e-4
0.641, 8.940e-4
0.640, 8.659e-4
0.639, 8.387e-4
0.638, 8.119e-4
0.637, 7.857e-4
0.636, 7.597e-4
0.635, 7.343e-4
0.634, 7.095e-4
0.633, 6.850e-4
0.632, 6.609e-4
0.631, 6.373e-4
0.630, 6.146e-4
0.629, 5.921e-4
0.628, 5.702e-4
0.627, 5.491e-4
0.626, 5.276e-4
0.625, 5.069e-4
0.624, 4.864e-4
0.623, 4.666e-4
0.622, 4.476e-4
0.621, 4.283e-4
0.620, 4.096e-4
0.619, 3.915e-4
0.618, 3.738e-4
0.617, 3.569e-4
0.616, 3.402e-4
0.615, 3.240e-4
0.614, 3.096e-4
0.613, 2.936e-4
0.612, 2.783e-4
0.611, 2.641e-4
0.610, 2.496e-4
0.609, 2.363e-4
0.608, 2.226e-4
0.607, 2.098e-4
0.606, 1.973e-4
0.605, 1.857e-4
0.604, 1.736e-4
0.603, 1.625e-4
0.602, 1.512e-4
0.601, 1.410e-4
0.600, 1.307e-4
0.599, 1.208e-4
0.598, 1.114e-4
0.597, 1.017e-4
0.596, 9.284e-5
0.595, 8.437e-5
0.594, 7.607e-5
0.593, 6.804e-5
0.592, 6.034e-5
0.591, 5.263e-5
0.590, 4.567e-5
0.589, 3.830e-5
0.588, 3.173e-5
0.587, 2.602e-5
0.586, 1.977e-5
0.585, 1.396e-5
0.584, 7.957e-6
0.583, 2.480e-6
0.582, -2.607e-6
0.581, -7.674e-6
0.580, -1.268e-5
0.579, -1.734e-5
0.578, -2.148e-5
0.577, -2.576e-5
0.576, -2.958e-5
0.575, -3.358e-5
0.574, -3.768e-5
0.573, -4.149e-5
0.572, -4.491e-5
0.571, -4.800e-5
0.570, -5.132e-5
0.569, -5.447e-5
0.568, -5.743e-5
0.567, -6.056e-5
0.566, -6.333e-5
0.565, -6.619e-5
0.564, -6.860e-5
0.563, -7.097e-5
0.562, -7.337e-5
0.561, -7.556e-5
0.560, -7.785e-5
0.559, -8.040e-5
0.558, -8.201e-5
0.557, -8.401e-5
0.556, -8.632e-5
0.555, -8.834e-5
0.554, -9.019e-5
0.553, -9.176e-5
0.552, -9.358e-5
0.551, -9.506e-5
0.550, -9.611e-5
0.549, -9.797e-5
0.548, -1.000e-4
0.547, -1.014e-4
0.546, -1.030e-4
0.545, -1.043e-4
0.544, -1.055e-4
0.543, -1.071e-4
0.542, -1.084e-4
0.541, -1.099e-4
0.540, -1.113e-4
0.539, -1.128e-4
0.538, -1.146e-4
0.537, -1.159e-4
0.536, -1.167e-4
0.535, -1.179e-4
0.534, -1.189e-4
0.533, -1.199e-4
0.532, -1.210e-4
0.531, -1.222e-4
0.530, -1.234e-4
0.529, -1.247e-4
0.528, -1.256e-4
0.527, -1.271e-4
0.526, -1.281e-4
0.525, -1.291e-4
0.524, -1.299e-4
0.523, -1.313e-4
0.522, -1.326e-4
0.521, -1.337e-4
0.520, -1.349e-4
0.519, -1.362e-4
0.518, -1.377e-4
0.517, -1.389e-4
0.516, -1.399e-4
0.515, -1.409e-4
0.514, -1.421e-4
0.513, -1.434e-4
0.512, -1.458e-4
0.511, -1.472e-4
0.510, -1.477e-4
0.509, -1.487e-4
0.508, -1.494e-4
0.507, -1.510e-4
0.506, -1.521e-4
0.505, -1.533e-4
0.504, -1.545e-4
0.503, -1.558e-4
0.502, -1.569e-4
0.501, -1.584e-4
0.500, -1.598e-4
0.499, -1.606e-4
0.498, -1.621e-4
0.497, -1.639e-4
0.496, -1.653e-4
0.495, -1.669e-4
0.494, -1.685e-4
0.493, -1.700e-4
0.492, -1.713e-4
0.491, -1.727e-4
0.490, -1.743e-4
0.489, -1.760e-4
0.488, -1.777e-4
0.487, -1.795e-4
0.486, -1.815e-4
0.485, -1.832e-4
0.484, -1.850e-4
0.483, -1.869e-4
0.482, -1.893e-4
0.481, -1.909e-4
0.480, -1.930e-4
0.479, -1.950e-4
0.478, -1.971e-4
0.477, -1.996e-4
0.476, -2.016e-4
0.475, -2.040e-4
0.474, -2.066e-4
0.473, -2.089e-4
0.472, -2.119e-4
0.471, -2.145e-4
0.470, -2.173e-4
0.469, -2.204e-4
0.468, -2.234e-4
0.467, -2.260e-4
0.466, -2.294e-4
0.465, -2.327e-4
0.464, -2.364e-4
0.463, -2.401e-4
0.462, -2.435e-4
0.461, -2.475e-4
0.460, -2.513e-4
0.459, -2.551e-4
0.458, -2.598e-4
0.457, -2.637e-4
0.456, -2.681e-4
0.455, -2.730e-4
0.454, -2.775e-4
0.453, -2.828e-4
0.452, -2.878e-4
0.451, -2.928e-4
0.450, -2.986e-4
0.449, -3.040e-4
0.448, -3.098e-4
0.447, -3.153e-4
0.446, -3.218e-4
0.445, -3.284e-4
0.444, -3.350e-4
0.443, -3.416e-4
0.442, -3.487e-4
0.441, -3.560e-4
0.440, -3.633e-4
0.439, -3.707e-4
0.438, -3.780e-4
0.437, -3.864e-4
0.436, -3.942e-4
0.435, -4.025e-4
0.434, -4.113e-4
0.433, -4.197e-4
0.432, -4.285e-4
0.431, -4.372e-4
0.430, -4.464e-4
0.429, -4.555e-4
0.428, -4.645e-4
0.427, -4.738e-4
0.426, -4.834e-4
0.425, -4.925e-4
0.424, -5.017e-4
0.423, -5.112e-4
0.422, -5.199e-4
0.421, -5.296e-4
0.420, -5.393e-4
0.419, -5.484e-4
0.418, -5.580e-4
0.417, -5.679e-4
0.416, -5.773e-4
0.415, -5.864e-4
0.414, -5.960e-4
0.413, -6.057e-4
0.412, -6.148e-4
0.411, -6.239e-4
0.410, -6.311e-4
0.409, -6.325e-4
0.408, -6.432e-4
0.407, -6.536e-4
0.406, -6.627e-4
0.405, -6.730e-4
0.404, -6.827e-4
0.403, -6.925e-4
0.402, -7.025e-4
0.401, -7.118e-4
0.400, -7.212e-4
0.399, -7.308e-4
0.398, -7.399e-4
0.397, -7.492e-4
0.396, -7.579e-4
0.395, -7.671e-4
0.394, -7.766e-4
0.393, -7.853e-4
0.392, -7.936e-4
0.391, -8.023e-4
0.390, -8.106e-4
0.389, -8.187e-4
0.388, -8.261e-4
0.387, -8.333e-4
0.386, -8.400e-4
0.385, -8.464e-4
0.384, -8.525e-4
0.383, -8.578e-4
0.382, -8.620e-4
0.381, -8.658e-4
0.380, -8.686e-4
0.379, -8.708e-4
0.378, -8.720e-4
0.377, -8.720e-4
0.376, -8.712e-4
0.375, -8.690e-4
0.374, -8.656e-4
0.373, -8.613e-4
0.372, -8.554e-4
0.371, -8.483e-4
0.370, -8.396e-4
0.369, -8.299e-4
0.368, -8.187e-4
0.367, -8.065e-4
0.366, -7.929e-4
0.365, -7.780e-4
0.364, -7.618e-4
0.363, -7.448e-4
0.362, -7.265e-4
0.361, -7.073e-4
0.360, -6.874e-4
0.359, -6.671e-4
0.358, -6.464e-4
0.357, -6.247e-4
0.356, -6.030e-4
0.355, -5.813e-4
0.354, -5.596e-4
0.353, -5.377e-4
0.352, -5.164e-4
0.351, -4.954e-4
0.350, -4.749e-4
0.349, -4.547e-4
0.348, -4.352e-4
0.347, -4.161e-4
0.346, -3.980e-4
0.345, -3.808e-4
0.344, -3.642e-4
0.343, -3.479e-4
0.342, -3.325e-4
0.341, -3.178e-4
0.340, -3.041e-4
0.339, -2.908e-4
0.338, -2.783e-4
0.337, -2.667e-4
0.336, -2.551e-4
0.335, -2.445e-4
0.334, -2.344e-4
0.333, -2.248e-4
0.332, -2.161e-4
0.331, -2.071e-4
0.330, -1.990e-4
0.329, -1.915e-4
0.328, -1.843e-4
0.327, -1.775e-4
0.326, -1.712e-4
0.325, -1.653e-4
0.324, -1.592e-4
0.323, -1.537e-4
0.322, -1.484e-4
0.321, -1.435e-4
0.320, -1.387e-4
0.319, -1.341e-4
0.318, -1.298e-4
0.317, -1.257e-4
0.316, -1.218e-4
0.315, -1.184e-4
0.314, -1.152e-4
0.313, -1.115e-4
0.312, -1.081e-4
0.311, -1.051e-4
0.310, -1.022e-4
0.309, -9.948e-5
0.308, -9.684e-5
0.307, -9.458e-5
0.306, -9.211e-5
0.305, -8.988e-5
0.304, -8.735e-5
0.303, -8.514e-5
0.302, -8.301e-5
0.301, -8.107e-5
0.300, -7.908e-5
0.299, -7.726e-5
0.298, -7.546e-5
0.297, -7.365e-5
0.296, -7.200e-5
0.295, -7.051e-5
0.294, -6.904e-5
0.293, -6.775e-5
0.292, -6.647e-5
0.291, -6.516e-5
0.290, -6.381e-5
0.289, -6.238e-5
0.288, -6.104e-5
0.287, -5.977e-5
0.286, -5.857e-5
0.285, -5.744e-5
0.284, -5.642e-5
0.283, -5.532e-5
0.282, -5.439e-5
0.281, -5.350e-5
0.280, -5.237e-5
0.279, -5.142e-5
0.278, -5.041e-5
0.277, -4.960e-5
0.276, -4.869e-5
0.275, -4.789e-5
0.274, -4.708e-5
0.273, -4.626e-5
0.272, -4.557e-5
0.271, -4.486e-5
0.270, -4.427e-5
0.269, -4.352e-5
0.268, -4.292e-5
0.267, -4.227e-5
0.266, -4.162e-5
0.265, -4.108e-5
0.264, -4.038e-5
0.263, -3.978e-5
0.262, -3.925e-5
0.261, -3.861e-5
0.260, -3.807e-5
0.259, -3.743e-5
0.258, -3.685e-5
0.257, -3.637e-5
0.256, -3.585e-5
0.255, -3.545e-5
0.254, -3.485e-5
0.253, -3.433e-5
0.252, -3.394e-5
0.251, -3.343e-5
0.250, -3.300e-5
0.249, -3.266e-5
0.248, -3.224e-5
0.247, -3.186e-5
0.246, -3.144e-5
0.245, -3.110e-5
0.244, -3.070e-5
0.243, -3.027e-5
0.242, -2.999e-5
0.241, -2.965e-5
0.240, -2.930e-5
0.239, -2.898e-5
0.238, -2.861e-5
0.237, -2.836e-5
0.236, -2.803e-5
0.235, -2.771e-5
0.234, -2.740e-5
0.233, -2.709e-5
0.232, -2.678e-5
0.231, -2.655e-5
0.230, -2.626e-5
0.229, -2.603e-5
0.228, -2.573e-5
0.227, -2.549e-5
0.226, -2.519e-5
0.225, -2.494e-5
0.224, -2.466e-5
0.223, -2.442e-5
0.222, -2.419e-5
0.221, -2.402e-5
0.220, -2.376e-5
0.219, -2.348e-5
0.218, -2.332e-5
0.217, -2.304e-5
0.216, -2.287e-5
0.215, -2.269e-5
0.214, -2.246e-5
0.213, -2.225e-5
0.212, -2.204e-5
0.211, -2.175e-5
0.210, -2.170e-5
0.209, -2.157e-5
0.208, -2.129e-5
0.207, -2.114e-5
0.206, -2.097e-5
0.205, -2.072e-5
0.204, -2.052e-5
0.203, -2.041e-5
0.202, -2.029e-5
0.201, -2.014e-5
0.200, -1.852e-5
0.201, -1.513e-5
0.202, -1.355e-5
0.203, -1.247e-5
0.204, -1.154e-5
0.205, -1.098e-5
0.206, -1.022e-5
0.207, -9.608e-6
0.208, -9.061e-6
0.209, -8.504e-6
0.210, -8.094e-6
0.211, -7.655e-6
0.212, -7.274e-6
0.213, -6.903e-6
0.214, -6.542e-6
0.215, -6.229e-6
0.216, -5.849e-6
0.217, -5.517e-6
0.218, -5.214e-6
0.219, -5.048e-6
0.220, -4.804e-6
0.221, -4.491e-6
0.222, -4.228e-6
0.223, -3.906e-6
0.224, -3.681e-6
0.225, -3.408e-6
0.226, -3.163e-6
0.227, -2.900e-6
0.228, -2.685e-6
0.229, -2.548e-6
0.230, -2.246e-6
0.231, -2.011e-6
0.232, -1.845e-6
0.233, -1.718e-6
0.234, -1.484e-6
0.235, -1.357e-6
0.236, -1.113e-6
0.237, -9.471e-7
0.238, -7.518e-7
0.239, -4.980e-7
0.240, -3.222e-7
0.241, -1.367e-7
0.242, 2.929e-8
0.243, 2.343e-7
0.244, 2.929e-7
0.245, 5.858e-7
0.246, 6.542e-7
0.247, 7.811e-7
0.248, 1.035e-6
0.249, 1.181e-6
0.250, 1.367e-6
0.251, 1.513e-6
0.252, 1.621e-6
0.253, 1.836e-6
0.254, 2.021e-6
0.255, 2.187e-6
0.256, 2.314e-6
0.257, 2.460e-6
0.258, 2.646e-6
0.259, 2.831e-6
0.260, 2.890e-6
0.261, 3.105e-6
0.262, 3.300e-6
0.263, 3.359e-6
0.264, 3.525e-6
0.265, 3.710e-6
0.266, 3.886e-6
0.267, 4.081e-6
0.268, 4.189e-6
0.269, 4.286e-6
0.270, 4.491e-6
0.271, 4.687e-6
0.272, 4.833e-6
0.273, 4.980e-6
0.274, 5.155e-6
0.275, 5.263e-6
0.276, 5.477e-6
0.277, 5.575e-6
0.278, 5.819e-6
0.279, 5.956e-6
0.280, 6.161e-6
0.281, 6.259e-6
0.282, 6.454e-6
0.283, 6.630e-6
0.284, 6.854e-6
0.285, 6.942e-6
0.286, 7.167e-6
0.287, 7.294e-6
0.288, 7.547e-6
0.289, 7.704e-6
0.290, 7.879e-6
0.291, 8.104e-6
0.292, 8.309e-6
0.293, 8.416e-6
0.294, 8.709e-6
0.295, 8.778e-6
0.296, 9.002e-6
0.297, 9.256e-6
0.298, 9.490e-6
0.299, 9.705e-6
0.300, 9.910e-6
0.301, 1.009e-5
0.302, 1.036e-5
0.303, 1.060e-5
0.304, 1.077e-5
0.305, 1.096e-5
0.306, 1.128e-5
0.307, 1.156e-5
0.308, 1.184e-5
0.309, 1.193e-5
0.310, 1.214e-5
0.311, 1.238e-5
0.312, 1.262e-5
0.313, 1.291e-5
0.314, 1.309e-5
0.315, 1.336e-5
0.316, 1.362e-5
0.317, 1.376e-5
0.318, 1.402e-5
0.319, 1.426e-5
0.320, 1.455e-5
0.321, 1.482e-5
0.322, 1.505e-5
0.323, 1.537e-5
0.324, 1.554e-5
0.325, 1.581e-5
0.326, 1.604e-5
0.327, 1.636e-5
0.328, 1.660e-5
0.329, 1.682e-5
0.330, 1.704e-5
0.331, 1.745e-5
0.332, 1.765e-5
0.333, 1.800e-5
0.334, 1.824e-5
0.335, 1.853e-5
0.336, 1.881e-5
0.337, 1.916e-5
0.338, 1.952e-5
0.339, 1.979e-5
0.340, 2.005e-5
0.341, 2.037e-5
0.342, 2.075e-5
0.343, 2.103e-5
0.344, 2.133e-5
0.345, 2.167e-5
0.346, 2.196e-5
0.347, 2.243e-5
0.348, 2.275e-5
0.349, 2.306e-5
0.350, 2.346e-5
0.351, 2.380e-5
0.352, 2.412e-5
0.353, 2.450e-5
0.354, 2.479e-5
0.355, 2.515e-5
0.356, 2.558e-5
0.357, 2.588e-5
0.358, 2.628e-5
0.359, 2.657e-5
0.360, 2.700e-5
0.361, 2.736e-5
0.362, 2.765e-5
0.363, 2.807e-5
0.364, 2.841e-5
0.365, 2.878e-5
0.366, 2.917e-5
0.367, 2.960e-5
0.368, 2.994e-5
0.369, 3.024e-5
0.370, 3.068e-5
0.371, 3.104e-5
0.372, 3.147e-5
0.373, 3.191e-5
0.374, 3.229e-5
0.375, 3.291e-5
0.376, 3.333e-5
0.377, 3.380e-5
0.378, 3.429e-5
0.379, 3.486e-5
0.380, 3.534e-5
0.381, 3.586e-5
0.382, 3.636e-5
0.383, 3.679e-5
0.384, 3.735e-5
0.385, 3.788e-5
0.386, 3.830e-5
0.387, 3.881e-5
0.388, 3.938e-5
0.389, 3.982e-5
0.390, 4.042e-5
0.391, 4.103e-5
0.392, 4.148e-5
0.393, 4.213e-5
0.394, 4.279e-5
0.395, 4.347e-5
0.396, 4.408e-5
0.397, 4.460e-5
0.398, 4.534e-5
0.399, 4.612e-5
0.400, 4.687e-5
0.401, 4.768e-5
0.402, 4.848e-5
0.403, 4.934e-5
0.404, 5.006e-5
0.405, 5.081e-5
0.406, 5.175e-5
0.407, 5.253e-5
0.408, 5.343e-5
0.409, 5.423e-5
0.410, 5.333e-5
0.411, 5.514e-5
0.412, 5.668e-5
0.413, 5.791e-5
0.414, 5.929e-5
0.415, 6.053e-5
0.416, 6.176e-5
0.417, 6.304e-5
0.418, 6.420e-5
0.419, 6.563e-5
0.420, 6.705e-5
0.421, 6.863e-5
0.422, 7.040e-5
0.423, 7.194e-5
0.424, 7.388e-5
0.425, 7.593e-5
0.426, 7.766e-5
0.427, 7.981e-5
0.428, 8.219e-5
0.429, 8.501e-5
0.430, 8.785e-5
0.431, 9.064e-5
0.432, 9.358e-5
0.433, 9.716e-5
0.434, 1.010e-4
0.435, 1.050e-4
0.436, 1.097e-4
0.437, 1.145e-4
0.438, 1.196e-4
0.439, 1.253e-4
0.440, 1.315e-4
0.441, 1.387e-4
0.442, 1.461e-4
0.443, 1.544e-4
0.444, 1.638e-4
0.445, 1.733e-4
0.446, 1.843e-4
0.447, 1.962e-4
0.448, 2.086e-4
0.449, 2.224e-4
0.450, 2.378e-4
0.451, 2.540e-4
0.452, 2.719e-4
0.453, 2.912e-4
0.454, 3.122e-4
0.455, 3.345e-4
0.456, 3.590e-4
0.457, 3.849e-4
0.458, 4.128e-4
0.459, 4.428e-4
0.460, 4.746e-4
0.461, 5.085e-4
0.462, 5.443e-4
0.463, 5.818e-4
0.464, 6.210e-4
0.465, 6.622e-4
0.466, 7.047e-4
0.467, 7.488e-4
0.468, 7.936e-4
0.469, 8.392e-4
0.470, 8.849e-4
0.471, 9.302e-4
0.472, 9.756e-4
0.473, 1.020e-3
0.474, 1.064e-3
0.475, 1.106e-3
0.476, 1.146e-3
0.477, 1.185e-3
0.478, 1.222e-3
0.479, 1.256e-3
0.480, 1.287e-3
0.481, 1.316e-3
0.482, 1.342e-3
0.483, 1.364e-3
0.484, 1.384e-3
0.485, 1.399e-3
0.486, 1.413e-3
0.487, 1.423e-3
0.488, 1.429e-3
0.489, 1.433e-3
0.490, 1.432e-3
0.491, 1.429e-3
0.492, 1.423e-3
0.493, 1.414e-3
0.494, 1.401e-3
0.495, 1.386e-3
0.496, 1.368e-3
0.497, 1.347e-3
0.498, 1.325e-3
0.499, 1.300e-3
0.500, 1.273e-3
0.501, 1.245e-3
0.502, 1.215e-3
0.503, 1.184e-3
0.504, 1.153e-3
0.505, 1.122e-3
0.506, 1.090e-3
0.507, 1.058e-3
0.508, 1.027e-3
0.509, 9.954e-4
0.510, 9.654e-4
0.511, 9.355e-4
0.512, 9.086e-4
0.513, 8.820e-4
0.514, 8.545e-4
0.515, 8.284e-4
0.516, 8.029e-4
0.517, 7.785e-4
0.518, 7.553e-4
0.519, 7.325e-4
0.520, 7.106e-4
0.521, 6.897e-4
0.522, 6.693e-4
0.523, 6.498e-4
0.524, 6.307e-4
0.525, 6.118e-4
0.526, 5.944e-4
0.527, 5.771e-4
0.528, 5.602e-4
0.529, 5.446e-4
0.530, 5.290e-4
0.531, 5.142e-4
0.532, 4.997e-4
0.533, 4.855e-4
0.534, 4.723e-4
0.535, 4.592e-4
0.536, 4.466e-4
0.537, 4.348e-4
0.538, 4.235e-4
0.539, 4.127e-4
0.540, 4.019e-4
0.541, 3.919e-4
0.542, 3.823e-4
0.543, 3.730e-4
0.544, 3.650e-4
0.545, 3.567e-4
0.546, 3.484e-4
0.547, 3.415e-4
0.548, 3.343e-4
0.549, 3.274e-4
0.550, 3.216e-4
0.551, 3.155e-4
0.552, 3.105e-4
0.553, 3.056e-4
0.554, 3.004e-4
0.555, 2.964e-4
0.556, 2.924e-4
0.557, 2.881e-4
0.558, 2.850e-4
0.559, 2.814e-4
0.560, 2.782e-4
0.561, 2.752e-4
0.562, 2.728e-4
0.563, 2.709e-4
0.564, 2.689e-4
0.565, 2.670e-4
0.566, 2.652e-4
0.567, 2.638e-4
0.568, 2.626e-4
0.569, 2.617e-4
0.570, 2.610e-4
0.571, 2.601e-4
0.572, 2.598e-4
0.573, 2.598e-4
0.574, 2.599e-4
0.575, 2.602e-4
0.576, 2.602e-4
0.577, 2.606e-4
0.578, 2.615e-4
0.579, 2.626e-4
0.580, 2.644e-4
0.581, 2.661e-4
0.582, 2.680e-4
0.583, 2.696e-4
0.584, 2.719e-4
0.585, 2.746e-4
0.586, 2.770e-4
0.587, 2.802e-4
0.588, 2.837e-4
0.589, 2.875e-4
0.590, 2.914e-4
0.591, 2.952e-4
0.592, 2.993e-4
0.593, 3.041e-4
0.594, 3.093e-4
0.595, 3.145e-4
0.596, 3.200e-4
0.597, 3.257e-4
0.598, 3.320e-4
0.599, 3.385e-4
0.600, 3.457e-4
0.601, 3.531e-4
0.602, 3.600e-4
0.603, 3.682e-4
0.604, 3.764e-4
0.605, 3.853e-4
0.606, 3.949e-4
0.607, 4.046e-4
0.608, 4.146e-4
0.609, 4.253e-4
0.610, 4.361e-4
0.611, 4.475e-4
0.612, 4.594e-4
0.613, 4.714e-4
0.614, 4.839e-4
0.615, 4.963e-4
0.616, 5.104e-4
0.617, 5.246e-4
0.618, 5.390e-4
0.619, 5.544e-4
0.620, 5.700e-4
0.621, 5.862e-4
0.622, 6.028e-4
0.623, 6.196e-4
0.624, 6.376e-4
0.625, 6.559e-4
0.626, 6.743e-4
0.627, 6.935e-4
0.628, 7.131e-4
0.629, 7.335e-4
0.630, 7.546e-4
0.631, 7.758e-4
0.632, 7.980e-4
0.633, 8.203e-4
0.634, 8.434e-4
0.635, 8.666e-4
0.636, 8.907e-4
0.637, 9.149e-4
0.638, 9.404e-4
0.639, 9.659e-4
0.640, 9.920e-4
0.641, 1.018e-3
0.642, 1.046e-3
0.643, 1.073e-3
0.644, 1.101e-3
0.645, 1.130e-3
0.646, 1.159e-3
0.647, 1.188e-3
0.648, 1.218e-3
0.649, 1.249e-3
0.650, 1.280e-3
0.651, 1.312e-3
0.652, 1.344e-3
0.653, 1.376e-3
0.654, 1.409e-3
0.655, 1.442e-3
0.656, 1.476e-3
0.657, 1.510e-3
0.658, 1.545e-3
0.659, 1.580e-3
0.660, 1.616e-3
0.661, 1.653e-3
0.662, 1.689e-3
0.663, 1.726e-3
0.664, 1.763e-3
0.665, 1.801e-3
0.666, 1.839e-3
0.667, 1.878e-3
0.668, 1.917e-3
0.669, 1.956e-3
0.670, 1.996e-3
0.671, 2.036e-3
0.672, 2.077e-3
0.673, 2.118e-3
0.674, 2.159e-3
0.675, 2.200e-3
0.676, 2.242e-3
0.677, 2.284e-3
0.678, 2.327e-3
0.679, 2.369e-3
0.680, 2.413e-3
0.681, 2.456e-3
0.682, 2.500e-3
0.683, 2.544e-3
0.684, 2.589e-3
0.685, 2.633e-3
0.686, 2.679e-3
0.687, 2.724e-3
0.688, 2.769e-3
0.689, 2.815e-3
0.690, 2.862e-3
0.691, 2.909e-3
0.692, 2.955e-3
0.693, 3.003e-3
0.694, 3.050e-3
0.695, 3.098e-3
0.696, 3.146e-3
0.697, 3.194e-3
0.698, 3.243e-3
0.699, 3.291e-3
0.700, 3.340e-3
0.701, 3.389e-3
0.702, 3.438e-3
0.703, 3.488e-3
0.704, 3.538e-3
0.705, 3.588e-3
0.706, 3.638e-3
0.707, 3.689e-3
0.708, 3.739e-3
0.709, 3.790e-3
0.710, 3.841e-3
0.711, 3.892e-3
0.712, 3.945e-3
0.713, 3.997e-3
0.714, 4.048e-3
0.715, 4.100e-3
0.716, 4.153e-3
0.717, 4.207e-3
0.718, 4.261e-3
0.719, 4.313e-3
0.720, 4.366e-3
0.721, 4.419e-3
0.722, 4.473e-3
0.723, 4.527e-3
0.724, 4.581e-3
0.725, 4.635e-3
0.726, 4.689e-3
0.727, 4.743e-3
0.728, 4.798e-3
0.729, 4.852e-3
0.730, 4.907e-3
0.731, 4.961e-3
0.732, 5.017e-3
0.733, 5.072e-3
0.734, 5.128e-3
0.735, 5.183e-3
0.736, 5.239e-3
0.737, 5.295e-3
0.738, 5.351e-3
0.739, 5.407e-3
0.740, 5.464e-3
0.741, 5.520e-3
0.742, 5.577e-3
0.743, 5.634e-3
0.744, 5.691e-3
0.745, 5.748e-3
0.746, 5.804e-3
0.747, 5.861e-3
0.748, 5.919e-3
0.749, 5.977e-3
0.750, 6.035e-3
0.751, 6.092e-3
0.752, 6.149e-3
0.753, 6.207e-3
0.754, 6.266e-3
0.755, 6.324e-3
0.756, 6.381e-3
0.757, 6.440e-3
0.758, 6.498e-3
0.759, 6.557e-3
0.760, 6.616e-3
0.761, 6.675e-3
0.762, 6.734e-3
0.763, 6.793e-3
0.764, 6.852e-3
0.765, 6.911e-3
0.766, 6.971e-3
0.767, 7.030e-3
0.768, 7.090e-3
0.769, 7.150e-3
0.770, 7.210e-3
0.771, 7.270e-3
0.772, 7.330e-3
0.773, 7.390e-3
0.774, 7.449e-3
0.775, 7.510e-3
0.776, 7.570e-3
0.777, 7.631e-3
0.778, 7.691e-3
0.779, 7.752e-3
0.780, 7.813e-3
0.781, 7.873e-3
0.782, 7.933e-3
0.783, 7.994e-3
0.784, 8.055e-3
0.785, 8.116e-3
0.786, 8.177e-3
0.787, 8.239e-3
0.788, 8.300e-3
0.789, 8.362e-3
0.790, 8.423e-3
0.791, 8.485e-3
0.792, 8.546e-3
0.793, 8.608e-3
0.794, 8.671e-3
0.795, 8.733e-3
0.796, 8.795e-3
0.797, 8.857e-3
0.798, 8.919e-3
0.799, 8.981e-3
0.800, 9.023e-3
0.799, 8.980e-3
0.798, 8.917e-3
0.797, 8.854e-3
0.796, 8.791e-3
0.795, 8.729e-3
0.794, 8.665e-3
0.793, 8.602e-3
0.792, 8.539e-3
0.791, 8.476e-3
0.790, 8.414e-3
0.789, 8.352e-3
0.788, 8.290e-3
0.787, 8.227e-3
0.786, 8.164e-3
0.785, 8.102e-3
0.784, 8.040e-3
0.783, 7.979e-3
0.782, 7.917e-3
0.781, 7.856e-3
0.780, 7.794e-3
0.779, 7.732e-3
0.778, 7.671e-3
0.777, 7.610e-3
0.776, 7.549e-3
0.775, 7.487e-3
0.774, 7.426e-3
0.773, 7.365e-3
0.772, 7.304e-3
0.771, 7.244e-3
0.770, 7.183e-3
0.769, 7.122e-3
0.768, 7.062e-3
0.767, 7.001e-3
0.766, 6.940e-3
0.765, 6.880e-3
0.764, 6.820e-3
0.763, 6.760e-3
0.762, 6.700e-3
0.761, 6.641e-3
0.760, 6.581e-3
0.759, 6.521e-3
0.758, 6.462e-3
0.757, 6.403e-3
0.756, 6.344e-3
0.755, 6.285e-3
0.754, 6.226e-3
0.753, 6.168e-3
0.752, 6.109e-3
0.751, 6.051e-3
0.750, 5.992e-3
0.749, 5.934e-3
0.748, 5.876e-3
0.747, 5.818e-3
0.746, 5.760e-3
0.745, 5.703e-3
0.744, 5.646e-3
0.743, 5.588e-3
0.742, 5.530e-3
0.741, 5.473e-3
0.740, 5.416e-3
0.739, 5.360e-3
0.738, 5.303e-3
0.737, 5.247e-3
0.736, 5.190e-3
0.735, 5.134e-3
0.734, 5.078e-3
0.733, 5.022e-3
0.732, 4.966e-3
0.731, 4.911e-3
0.730, 4.856e-3
0.729, 4.801e-3
0.728, 4.746e-3
0.727, 4.691e-3
0.726, 4.637e-3
0.725, 4.582e-3
0.724, 4.528e-3
0.723, 4.474e-3
0.722, 4.420e-3
0.721, 4.366e-3
0.720, 4.313e-3
0.719, 4.260e-3
0.718, 4.207e-3
0.717, 4.153e-3
0.716, 4.098e-3
0.715, 4.046e-3
0.714, 3.994e-3
0.713, 3.942e-3
0.712, 3.890e-3
0.711, 3.838e-3
0.710, 3.787e-3
0.709, 3.735e-3
0.708, 3.684e-3
0.707, 3.634e-3
0.706, 3.583e-3
0.705, 3.533e-3
0.704, 3.483e-3
0.703, 3.433e-3
0.702, 3.383e-3
0.701, 3.334e-3
0.700, 3.285e-3
0.699, 3.236e-3
0.698, 3.187e-3
0.697, 3.139e-3
0.696, 3.090e-3
0.695, 3.042e-3
0.694, 2.995e-3
0.693, 2.947e-3
0.692, 2.900e-3
0.691, 2.853e-3
0.690, 2.806e-3
0.689, 2.760e-3
0.688, 2.715e-3
0.687, 2.669e-3
0.686, 2.623e-3
0.685, 2.578e-3
0.684, 2.533e-3
0.683, 2.489e-3
0.682, 2.444e-3
0.681, 2.400e-3
0.680, 2.356e-3
0.679, 2.313e-3
0.678, 2.270e-3
0.677, 2.228e-3
0.676, 2.185e-3
0.675, 2.143e-3
0.674, 2.101e-3
0.673, 2.060e-3
0.672, 2.019e-3
0.671, 1.978e-3
0.670, 1.937e-3
0.669, 1.897e-3
0.668, 1.857e-3
0.667, 1.817e-3
0.666, 1.778e-3
0.665, 1.740e-3
0.664, 1.701e-3
0.663, 1.663e-3
0.662, 1.626e-3
0.661, 1.589e-3
0.660, 1.552e-3
0.659, 1.515e-3
0.658, 1.479e-3
0.657, 1.443e-3
0.656, 1.408e-3
0.655, 1.374e-3
0.654, 1.339e-3
0.653, 1.305e-3
0.652, 1.272e-3
0.651, 1.239e-3
0.650, 1.206e-3
0.649, 1.174e-3
0.648, 1.142e-3
0.647, 1.111e-3
0.646, 1.080e-3
0.645, 1.049e-3
0.644, 1.018e-3
0.643, 9.889e-4
0.642, 9.596e-4
0.641, 9.309e-4
0.640, 9.022e-4
0.639, 8.739e-4
0.638, 8.469e-4
0.637, 8.196e-4
0.636, 7.930e-4
0.635, 7.668e-4
0.634, 7.410e-4
0.633, 7.158e-4
0.632, 6.910e-4
0.631, 6.664e-4
0.630, 6.429e-4
0.629, 6.194e-4
0.628, 5.968e-4
0.627, 5.749e-4
0.626, 5.529e-4
0.625, 5.315e-4
0.624, 5.107e-4
0.623, 4.898e-4
0.622, 4.696e-4
0.621, 4.502e-4
0.620, 4.310e-4
0.619, 4.123e-4
0.618, 3.940e-4
0.617, 3.760e-4
0.616, 3.587e-4
0.615, 3.418e-4
0.614, 3.265e-4
0.613, 3.102e-4
0.612, 2.944e-4
0.611, 2.791e-4
0.610, 2.645e-4
0.609, 2.499e-4
0.608, 2.364e-4
0.607, 2.226e-4
0.606, 2.100e-4
0.605, 1.974e-4
0.604, 1.852e-4
0.603, 1.730e-4
0.602, 1.618e-4
0.601, 1.510e-4
0.600, 1.403e-4
0.599, 1.296e-4
0.598, 1.198e-4
0.597, 1.098e-4
0.596, 1.007e-4
0.595, 9.184e-5
0.594, 8.299e-5
0.593, 7.454e-5
0.592, 6.644e-5
0.591, 5.873e-5
0.590, 5.103e-5
0.589, 4.346e-5
0.588, 3.657e-5
0.587, 3.026e-5
0.586, 2.405e-5
0.585, 1.806e-5
0.584, 1.187e-5
0.583, 5.829e-6
0.582, 6.054e-7
0.581, -4.901e-6
0.580, -9.979e-6
0.579, -1.484e-5
0.578, -1.951e-5
0.577, -2.377e-5
0.576, -2.770e-5
0.575, -3.183e-5
0.574, -3.601e-5
0.573, -4.020e-5
0.572, -4.376e-5
0.571, -4.707e-5
0.570, -5.072e-5
0.569, -5.388e-5
0.568, -5.693e-5
0.567, -6.011e-5
0.566, -6.323e-5
0.565, -6.636e-5
0.564, -6.883e-5
0.563, -7.132e-5
0.562, -7.373e-5
0.561, -7.628e-5
0.560, -7.846e-5
0.559, -8.081e-5
0.558, -8.279e-5
0.557, -8.505e-5
0.556, -8.725e-5
0.555, -8.911e-5
0.554, -9.122e-5
0.553, -9.280e-5
0.552, -9.452e-5
0.551, -9.626e-5
0.550, -9.770e-5
0.549, -9.972e-5
0.548, -1.012e-4
0.547, -1.028e-4
0.546, -1.044e-4
0.545, -1.058e-4
0.544, -1.074e-4
0.543, -1.091e-4
0.542, -1.103e-4
0.541, -1.120e-4
0.540, -1.133e-4
0.539, -1.145e-4
0.538, -1.163e-4
0.537, -1.177e-4
0.536, -1.186e-4
0.535, -1.197e-4
0.534, -1.206e-4
0.533, -1.219e-4
0.532, -1.235e-4
0.531, -1.245e-4
0.530, -1.257e-4
0.529, -1.269e-4
0.528, -1.280e-4
0.527, -1.294e-4
0.526, -1.303e-4
0.525, -1.314e-4
0.524, -1.324e-4
0.523, -1.335e-4
0.522, -1.349e-4
0.521, -1.362e-4
0.520, -1.376e-4
0.519, -1.389e-4
0.518, -1.401e-4
0.517, -1.412e-4
0.516, -1.423e-4
0.515, -1.434e-4
0.514, -1.446e-4
0.513, -1.457e-4
0.512, -1.489e-4
0.511, -1.499e-4
0.510, -1.505e-4
0.509, -1.514e-4
0.508, -1.522e-4
0.507, -1.536e-4
0.506, -1.550e-4
0.505, -1.559e-4
0.504, -1.573e-4
0.503, -1.587e-4
0.502, -1.600e-4
0.501, -1.611e-4
0.500, -1.627e-4
0.499, -1.636e-4
0.498, -1.654e-4
0.497, -1.669e-4
0.496, -1.682e-4
0.495, -1.697e-4
0.494, -1.711e-4
0.493, -1.727e-4
0.492, -1.744e-4
0.491, -1.756e-4
0.490, -1.775e-4
0.489, -1.789e-4
0.488, -1.806e-4
0.487, -1.828e-4
0.486, -1.850e-4
0.485, -1.867e-4
0.484, -1.883e-4
0.483, -1.897e-4
0.482, -1.921e-4
0.481, -1.941e-4
0.480, -1.963e-4
0.479, -1.985e-4
0.478, -2.006e-4
0.477, -2.028e-4
0.476, -2.054e-4
0.475, -2.078e-4
0.474, -2.104e-4
0.473, -2.126e-4
0.472, -2.154e-4
0.471, -2.184e-4
0.470, -2.211e-4
0.469, -2.241e-4
0.468, -2.269e-4
0.467, -2.300e-4
0.466, -2.337e-4
0.465, -2.371e-4
0.464, -2.405e-4
0.463, -2.443e-4
0.462, -2.476e-4
0.461, -2.517e-4
0.460, -2.558e-4
0.459, -2.603e-4
0.458, -2.644e-4
0.457, -2.684e-4
0.456, -2.732e-4
0.455, -2.776e-4
0.454, -2.826e-4
0.453, -2.879e-4
0.452, -2.931e-4
0.451, -2.985e-4
0.450, -3.042e-4
0.449, -3.103e-4
0.448, -3.156e-4
0.447, -3.216e-4
0.446, -3.280e-4
0.445, -3.348e-4
0.444, -3.415e-4
0.443, -3.486e-4
0.442, -3.561e-4
0.441, -3.636e-4
0.440, -3.709e-4
0.439, -3.789e-4
0.438, -3.866e-4
0.437, -3.947e-4
0.436, -4.026e-4
0.435, -4.117e-4
0.434, -4.207e-4
0.433, -4.292e-4
0.432, -4.382e-4
0.431, -4.475e-4
0.430, -4.567e-4
0.429, -4.663e-4
0.428, -4.761e-4
0.427, -4.854e-4
0.426, -4.949e-4
0.425, -5.050e-4
0.424, -5.147e-4
0.423, -5.243e-4
0.422, -5.337e-4
0.421, -5.437e-4
0.420, -5.538e-4
0.419, -5.637e-4
0.418, -5.739e-4
0.417, -5.834e-4
0.416, -5.934e-4
0.415, -6.034e-4
0.414, -6.126e-4
0.413, -6.227e-4
0.412, -6.323e-4
0.411, -6.418e-4
0.410, -6.496e-4
0.409, -6.515e-4
0.408, -6.621e-4
0.407, -6.729e-4
0.406, -6.831e-4
0.405, -6.932e-4
0.404, -7.036e-4
0.403, -7.135e-4
0.402, -7.238e-4
0.401, -7.339e-4
0.400, -7.438e-4
0.399, -7.540e-4
0.398, -7.636e-4
0.397, -7.735e-4
0.396, -7.830e-4
0.395, -7.929e-4
0.394, -8.025e-4
0.393, -8.117e-4
0.392, -8.213e-4
0.391, -8.305e-4
0.390, -8.389e-4
0.389, -8.478e-4
0.388, -8.554e-4
0.387, -8.629e-4
0.386, -8.703e-4
0.385, -8.776e-4
0.384, -8.844e-4
0.383, -8.903e-4
0.382, -8.950e-4
0.381, -8.992e-4
0.380, -9.025e-4
0.379, -9.050e-4
0.378, -9.069e-4
0.377, -9.075e-4
0.376, -9.066e-4
0.375, -9.047e-4
0.374, -9.019e-4
0.373, -8.981e-4
0.372, -8.924e-4
0.371, -8.848e-4
0.370, -8.763e-4
0.369, -8.663e-4
0.368, -8.552e-4
0.367, -8.430e-4
0.366, -8.287e-4
0.365, -8.131e-4
0.364, -7.966e-4
0.363, -7.785e-4
0.362, -7.594e-4
0.361, -7.393e-4
0.360, -7.183e-4
0.359, -6.967e-4
0.358, -6.746e-4
0.357, -6.522e-4
0.356, -6.291e-4
0.355, -6.057e-4
0.354, -5.827e-4
0.353, -5.599e-4
0.352, -5.368e-4
0.351, -5.146e-4
0.350, -4.924e-4
0.349, -4.711e-4
0.348, -4.505e-4
0.347, -4.302e-4
0.346, -4.108e-4
0.345, -3.926e-4
0.344, -3.751e-4
0.343, -3.584e-4
0.342, -3.421e-4
0.341, -3.267e-4
0.340, -3.123e-4
0.339, -2.984e-4
0.338, -2.853e-4
0.337, -2.728e-4
0.336, -2.612e-4
0.335, -2.499e-4
0.334, -2.396e-4
0.333, -2.297e-4
0.332, -2.205e-4
0.331, -2.118e-4
0.330, -2.030e-4
0.329, -1.952e-4
0.328, -1.880e-4
0.327, -1.809e-4
0.326, -1.743e-4
0.325, -1.682e-4
0.324, -1.623e-4
0.323, -1.564e-4
0.322, -1.511e-4
0.321, -1.459e-4
0.320, -1.412e-4
0.319, -1.364e-4
0.318, -1.320e-4
0.317, -1.279e-4
0.316, -1.239e-4
0.315, -1.201e-4
0.314, -1.169e-4
0.313, -1.136e-4
0.312, -1.099e-4
0.311, -1.067e-4
0.310, -1.039e-4
0.309, -1.011e-4
0.308, -9.835e-5
0.307, -9.614e-5
0.306, -9.355e-5
0.305, -9.121e-5
0.304, -8.888e-5
0.303, -8.659e-5
0.302, -8.432e-5
0.301, -8.236e-5
0.300, -8.039e-5
0.299, -7.849e-5
0.298, -7.667e-5
0.297, -7.493e-5
0.296, -7.313e-5
0.295, -7.157e-5
0.294, -7.000e-5
0.293, -6.873e-5
0.292, -6.755e-5
0.291, -6.627e-5
0.290, -6.487e-5
0.289, -6.356e-5
0.288, -6.209e-5
0.287, -6.079e-5
0.286, -5.955e-5
0.285, -5.845e-5
0.284, -5.723e-5
0.283, -5.619e-5
0.282, -5.517e-5
0.281, -5.422e-5
0.280, -5.327e-5
0.279, -5.226e-5
0.278, -5.137e-5
0.277, -5.044e-5
0.276, -4.957e-5
0.275, -4.870e-5
0.274, -4.785e-5
0.273, -4.709e-5
0.272, -4.634e-5
0.271, -4.560e-5
0.270, -4.490e-5
0.269, -4.422e-5
0.268, -4.360e-5
0.267, -4.296e-5
0.266, -4.241e-5
0.265, -4.177e-5
0.264, -4.115e-5
0.263, -4.047e-5
0.262, -3.994e-5
0.261, -3.933e-5
0.260, -3.864e-5
0.259, -3.812e-5
0.258, -3.753e-5
0.257, -3.690e-5
0.256, -3.651e-5
0.255, -3.594e-5
0.254, -3.547e-5
0.253, -3.494e-5
0.252, -3.450e-5
0.251, -3.409e-5
0.250, -3.359e-5
0.249, -3.324e-5
0.248, -3.273e-5
0.247, -3.233e-5
0.246, -3.192e-5
0.245, -3.160e-5
0.244, -3.126e-5
0.243, -3.078e-5
0.242, -3.047e-5
0.241, -3.011e-5
0.240, -2.972e-5
0.239, -2.945e-5
0.238, -2.910e-5
0.237, -2.871e-5
0.236, -2.845e-5
0.235, -2.813e-5
0.234, -2.779e-5
0.233, -2.749e-5
0.232, -2.723e-5
0.231, -2.689e-5
0.230, -2.669e-5
0.229, -2.637e-5
0.228, -2.608e-5
0.227, -2.581e-5
0.226, -2.557e-5
0.225, -2.533e-5
0.224, -2.503e-5
0.223, -2.477e-5
0.222, -2.457e-5
0.221, -2.431e-5
0.220, -2.411e-5
0.219, -2.382e-5
0.218, -2.359e-5
0.217, -2.339e-5
0.216, -2.308e-5
0.215, -2.294e-5
0.214, -2.273e-5
0.213, -2.259e-5
0.212, -2.233e-5
0.211, -2.215e-5
0.210, -2.200e-5
0.209, -2.180e-5
0.208, -2.155e-5
0.207, -2.136e-5
0.206, -2.118e-5
0.205, -2.102e-5
0.204, -2.080e-5
0.203, -2.063e-5
0.202, -2.050e-5
0.201, -2.042e-5
0.200, -1.874e-5
0.201, -1.529e-5
0.202, -1.375e-5
0.203, -1.263e-5
0.204, -1.178e-5
0.205, -1.113e-5
0.206, -1.038e-5
0.207, -9.744e-6
0.208, -9.217e-6
0.209, -8.680e-6
0.210, -8.241e-6
0.211, -7.870e-6
0.212, -7.401e-6
0.213, -6.962e-6
0.214, -6.561e-6
0.215, -6.298e-6
0.216, -5.985e-6
0.217, -5.653e-6
0.218, -5.380e-6
0.219, -5.106e-6
0.220, -4.687e-6
0.221, -4.521e-6
0.222, -4.247e-6
0.223, -3.945e-6
0.224, -3.730e-6
0.225, -3.525e-6
0.226, -3.222e-6
0.227, -2.988e-6
0.228, -2.734e-6
0.229, -2.597e-6
0.230, -2.412e-6
0.231, -2.070e-6
0.232, -1.884e-6
0.233, -1.621e-6
0.234, -1.582e-6
0.235, -1.347e-6
0.236, -1.094e-6
0.237, -9.276e-7
0.238, -7.713e-7
0.239, -5.468e-7
0.240, -4.003e-7
0.241, -1.855e-7
0.242, -4.283e-13
0.243, 1.855e-7
0.244, 3.320e-7
0.245, 5.468e-7
0.246, 7.323e-7
0.247, 8.592e-7
0.248, 1.045e-6
0.249, 1.201e-6
0.250, 1.299e-6
0.251, 1.533e-6
0.252, 1.738e-6
0.253, 1.845e-6
0.254, 2.129e-6
0.255, 2.246e-6
0.256, 2.421e-6
0.257, 2.568e-6
0.258, 2.626e-6
0.259, 2.841e-6
0.260, 3.076e-6
0.261, 3.154e-6
0.262, 3.271e-6
0.263, 3.486e-6
0.264, 3.642e-6
0.265, 3.798e-6
0.266, 3.945e-6
0.267, 4.032e-6
0.268, 4.316e-6
0.269, 4.394e-6
0.270, 4.628e-6
0.271, 4.687e-6
0.272, 4.872e-6
0.273, 5.077e-6
0.274, 5.302e-6
0.275, 5.351e-6
0.276, 5.536e-6
0.277, 5.761e-6
0.278, 5.897e-6
0.279, 6.122e-6
0.280, 6.210e-6
0.281, 6.483e-6
0.282, 6.620e-6
0.283, 6.776e-6
0.284, 6.893e-6
0.285, 7.069e-6
0.286, 7.245e-6
0.287, 7.469e-6
0.288, 7.645e-6
0.289, 7.870e-6
0.290, 8.065e-6
0.291, 8.211e-6
0.292, 8.436e-6
0.293, 8.660e-6
0.294, 8.875e-6
0.295, 9.022e-6
0.296, 9.217e-6
0.297, 9.403e-6
0.298, 9.627e-6
0.299, 9.881e-6
0.300, 1.013e-5
0.301, 1.034e-5
0.302, 1.057e-5
0.303, 1.077e-5
0.304, 1.102e-5
0.305, 1.117e-5
0.306, 1.139e-5
0.307, 1.173e-5
0.308, 1.204e-5
0.309, 1.224e-5
0.310, 1.245e-5
0.311, 1.261e-5
0.312, 1.290e-5
0.313, 1.308e-5
0.314, 1.334e-5
0.315, 1.359e-5
0.316, 1.378e-5
0.317, 1.411e-5
0.318, 1.428e-5
0.319, 1.455e-5
0.320, 1.477e-5
0.321, 1.506e-5
0.322, 1.537e-5
0.323, 1.559e-5
0.324, 1.586e-5
0.325, 1.610e-5
0.326, 1.635e-5
0.327, 1.664e-5
0.328, 1.692e-5
0.329, 1.720e-5
0.330, 1.744e-5
0.331, 1.775e-5
0.332, 1.803e-5
0.333, 1.832e-5
0.334, 1.869e-5
0.335, 1.897e-5
0.336, 1.923e-5
0.337, 1.952e-5
0.338, 1.976e-5
0.339, 2.019e-5
0.340, 2.044e-5
0.341, 2.075e-5
0.342, 2.117e-5
0.343, 2.156e-5
0.344, 2.186e-5
0.345, 2.215e-5
0.346, 2.250e-5
0.347, 2.290e-5
0.348, 2.317e-5
0.349, 2.357e-5
0.350, 2.393e-5
0.351, 2.424e-5
0.352, 2.458e-5
0.353, 2.496e-5
0.354, 2.537e-5
0.355, 2.571e-5
0.356, 2.609e-5
0.357, 2.647e-5
0.358, 2.675e-5
0.359, 2.723e-5
0.360, 2.752e-5
0.361, 2.794e-5
0.362, 2.825e-5
0.363, 2.868e-5
0.364, 2.906e-5
0.365, 2.944e-5
0.366, 2.973e-5
0.367, 3.019e-5
0.368, 3.053e-5
0.369, 3.100e-5
0.370, 3.142e-5
0.371, 3.175e-5
0.372, 3.224e-5
0.373, 3.272e-5
0.374, 3.310e-5
0.375, 3.359e-5
0.376, 3.410e-5
0.377, 3.466e-5
0.378, 3.508e-5
0.379, 3.575e-5
0.380, 3.617e-5
0.381, 3.655e-5
0.382, 3.709e-5
0.383, 3.756e-5
0.384, 3.814e-5
0.385, 3.871e-5
0.386, 3.914e-5
0.387, 3.961e-5
0.388, 4.017e-5
0.389, 4.072e-5
0.390, 4.134e-5
0.391, 4.183e-5
0.392, 4.245e-5
0.393, 4.310e-5
0.394, 4.365e-5
0.395, 4.432e-5
0.396, 4.510e-5
0.397, 4.566e-5
0.398, 4.637e-5
0.399, 4.718e-5
0.400, 4.796e-5
0.401, 4.872e-5
0.402, 4.944e-5
0.403, 5.035e-5
0.404, 5.105e-5
0.405, 5.188e-5
0.406, 5.282e-5
0.407, 5.367e-5
0.408, 5.458e-5
0.409, 5.534e-5
0.410, 5.456e-5
0.411, 5.639e-5
0.412, 5.799e-5
0.413, 5.923e-5
0.414, 6.062e-5
0.415, 6.184e-5
0.416, 6.309e-5
0.417, 6.441e-5
0.418, 6.567e-5
0.419, 6.709e-5
0.420, 6.858e-5
0.421, 7.022e-5
0.422, 7.188e-5
0.423, 7.370e-5
0.424, 7.556e-5
0.425, 7.750e-5
0.426, 7.930e-5
0.427, 8.174e-5
0.428, 8.449e-5
0.429, 8.719e-5
0.430, 8.990e-5
0.431, 9.277e-5
0.432, 9.605e-5
0.433, 9.973e-5
0.434, 1.034e-4
0.435, 1.079e-4
0.436, 1.127e-4
0.437, 1.176e-4
0.438, 1.232e-4
0.439, 1.287e-4
0.440, 1.356e-4
0.441, 1.429e-4
0.442, 1.507e-4
0.443, 1.596e-4
0.444, 1.689e-4
0.445, 1.788e-4
0.446, 1.905e-4
0.447, 2.027e-4
0.448, 2.158e-4
0.449, 2.302e-4
0.450, 2.460e-4
0.451, 2.633e-4
0.452, 2.816e-4
0.453, 3.018e-4
0.454, 3.233e-4
0.455, 3.469e-4
0.456, 3.720e-4
0.457, 3.993e-4
0.458, 4.281e-4
0.459, 4.592e-4
0.460, 4.922e-4
0.461, 5.271e-4
0.462, 5.643e-4
0.463, 6.028e-4
0.464, 6.437e-4
0.465, 6.859e-4
0.466, 7.298e-4
0.467, 7.750e-4
0.468, 8.212e-4
0.469, 8.679e-4
0.470, 9.148e-4
0.471, 9.613e-4
0.472, 1.007e-3
0.473, 1.053e-3
0.474, 1.097e-3
0.475, 1.140e-3
0.476, 1.181e-3
0.477, 1.221e-3
0.478, 1.258e-3
0.479, 1.293e-3
0.480, 1.326e-3
0.481, 1.355e-3
0.482, 1.382e-3
0.483, 1.405e-3
0.484, 1.425e-3
0.485, 1.443e-3
0.486, 1.457e-3
0.487, 1.468e-3
0.488, 1.476e-3
0.489, 1.480e-3
0.490, 1.480e-3
0.491, 1.478e-3
0.492, 1.471e-3
0.493, 1.463e-3
0.494, 1.451e-3
0.495, 1.437e-3
0.496, 1.419e-3
0.497, 1.398e-3
0.498, 1.376e-3
0.499, 1.351e-3
0.500, 1.324e-3
0.501, 1.295e-3
0.502, 1.265e-3
0.503, 1.233e-3
0.504, 1.201e-3
0.505, 1.168e-3
0.506, 1.135e-3
0.507, 1.102e-3
0.508, 1.069e-3
0.509, 1.037e-3
0.510, 1.005e-3
0.511, 9.735e-4
0.512, 9.448e-4
0.513, 9.167e-4
0.514, 8.876e-4
0.515, 8.598e-4
0.516, 8.331e-4
0.517, 8.070e-4
0.518, 7.822e-4
0.519, 7.582e-4
0.520, 7.351e-4
0.521, 7.126e-4
0.522, 6.911e-4
0.523, 6.701e-4
0.524, 6.502e-4
0.525, 6.299e-4
0.526, 6.112e-4
0.527, 5.932e-4
0.528, 5.758e-4
0.529, 5.586e-4
0.530, 5.420e-4
0.531, 5.263e-4
0.532, 5.109e-4
0.533, 4.962e-4
0.534, 4.822e-4
0.535, 4.683e-4
0.536, 4.554e-4
0.537, 4.433e-4
0.538, 4.315e-4
0.539, 4.199e-4
0.540, 4.089e-4
0.541, 3.981e-4
0.542, 3.883e-4
0.543, 3.784e-4
0.544, 3.698e-4
0.545, 3.617e-4
0.546, 3.538e-4
0.547, 3.462e-4
0.548, 3.389e-4
0.549, 3.322e-4
0.550, 3.255e-4
0.551, 3.195e-4
0.552, 3.143e-4
0.553, 3.092e-4
0.554, 3.042e-4
0.555, 2.995e-4
0.556, 2.958e-4
0.557, 2.920e-4
0.558, 2.884e-4
0.559, 2.848e-4
0.560, 2.818e-4
0.561, 2.788e-4
0.562, 2.758e-4
0.563, 2.737e-4
0.564, 2.721e-4
0.565, 2.704e-4
0.566, 2.691e-4
0.567, 2.676e-4
0.568, 2.663e-4
0.569, 2.654e-4
0.570, 2.647e-4
0.571, 2.644e-4
0.572, 2.643e-4
0.573, 2.638e-4
0.574, 2.642e-4
0.575, 2.644e-4
0.576, 2.648e-4
0.577, 2.657e-4
0.578, 2.668e-4
0.579, 2.682e-4
0.580, 2.697e-4
0.581, 2.712e-4
0.582, 2.730e-4
0.583, 2.751e-4
0.584, 2.777e-4
0.585, 2.807e-4
0.586, 2.836e-4
0.587, 2.868e-4
0.588, 2.902e-4
0.589, 2.944e-4
0.590, 2.985e-4
0.591, 3.028e-4
0.592, 3.074e-4
0.593, 3.122e-4
0.594, 3.171e-4
0.595, 3.226e-4
0.596, 3.288e-4
0.597, 3.351e-4
0.598, 3.418e-4
0.599, 3.484e-4
0.600, 3.563e-4
0.601, 3.639e-4
0.602, 3.712e-4
0.603, 3.799e-4
0.604, 3.890e-4
0.605, 3.982e-4
0.606, 4.080e-4
0.607, 4.180e-4
0.608, 4.288e-4
0.609, 4.401e-4
0.610, 4.511e-4
0.611, 4.631e-4
0.612, 4.754e-4
0.613, 4.882e-4
0.614, 5.016e-4
0.615, 5.138e-4
0.616, 5.288e-4
0.617, 5.440e-4
0.618, 5.590e-4
0.619, 5.750e-4
0.620, 5.912e-4
0.621, 6.078e-4
0.622, 6.252e-4
0.623, 6.431e-4
0.624, 6.615e-4
0.625, 6.802e-4
0.626, 6.996e-4
0.627, 7.194e-4
0.628, 7.396e-4
0.629, 7.606e-4
0.630, 7.826e-4
0.631, 8.048e-4
0.632, 8.277e-4
0.633, 8.509e-4
0.634, 8.744e-4
0.635, 8.989e-4
0.636, 9.238e-4
0.637, 9.491e-4
0.638, 9.748e-4
0.639, 1.001e-3
0.640, 1.028e-3
0.641, 1.056e-3
0.642, 1.083e-3
0.643, 1.112e-3
0.644, 1.141e-3
0.645, 1.170e-3
0.646, 1.200e-3
0.647, 1.230e-3
0.648, 1.261e-3
0.649, 1.293e-3
0.650, 1.325e-3
0.651, 1.357e-3
0.652, 1.390e-3
0.653, 1.423e-3
0.654, 1.457e-3
0.655, 1.491e-3
0.656, 1.526e-3
0.657, 1.561e-3
0.658, 1.596e-3
0.659, 1.633e-3
0.660, 1.669e-3
0.661, 1.706e-3
0.662, 1.743e-3
0.663, 1.781e-3
0.664, 1.819e-3
0.665, 1.857e-3
0.666, 1.897e-3
0.667, 1.936e-3
0.668, 1.976e-3
0.669, 2.016e-3
0.670, 2.057e-3
0.671, 2.098e-3
0.672, 2.139e-3
0.673, 2.180e-3
0.674, 2.222e-3
0.675, 2.265e-3
0.676, 2.308e-3
0.677, 2.351e-3
0.678, 2.394e-3
0.679, 2.437e-3
0.680, 2.481e-3
0.681, 2.526e-3
0.682, 2.570e-3
0.683, 2.615e-3
0.684, 2.660e-3
0.685, 2.706e-3
0.686, 2.751e-3
0.687, 2.797e-3
0.688, 2.844e-3
0.689, 2.891e-3
0.690, 2.937e-3
0.691, 2.985e-3
0.692, 3.033e-3
0.693, 3.081e-3
0.694, 3.129e-3
0.695, 3.178e-3
0.696, 3.226e-3
0.697, 3.275e-3
0.698, 3.324e-3
0.699, 3.373e-3
0.700, 3.423e-3
0.701, 3.473e-3
0.702, 3.523e-3
0.703, 3.574e-3
0.704, 3.624e-3
0.705, 3.674e-3
0.706, 3.725e-3
0.707, 3.776e-3
0.708, 3.827e-3
0.709, 3.879e-3
0.710, 3.931e-3
0.711, 3.983e-3
0.712, 4.036e-3
0.713, 4.088e-3
0.714, 4.140e-3
0.715, 4.193e-3
0.716, 4.246e-3
0.717, 4.301e-3
0.718, 4.355e-3
0.719, 4.409e-3
0.720, 4.462e-3
0.721, 4.516e-3
0.722, 4.570e-3
0.723, 4.624e-3
0.724, 4.679e-3
0.725, 4.734e-3
0.726, 4.789e-3
0.727, 4.843e-3
0.728, 4.898e-3
0.729, 4.954e-3
0.730, 5.008e-3
0.731, 5.064e-3
0.732, 5.120e-3
0.733, 5.176e-3
0.734, 5.231e-3
0.735, 5.287e-3
0.736, 5.344e-3
0.737, 5.400e-3
0.738, 5.457e-3
0.739, 5.514e-3
0.740, 5.571e-3
0.741, 5.628e-3
0.742, 5.685e-3
0.743, 5.742e-3
0.744, 5.800e-3
0.745, 5.857e-3
0.746, 5.915e-3
0.747, 5.972e-3
0.748, 6.030e-3
0.749, 6.088e-3
0.750, 6.146e-3
0.751, 6.204e-3
0.752, 6.263e-3
0.753, 6.322e-3
0.754, 6.380e-3
0.755, 6.439e-3
0.756, 6.497e-3
0.757, 6.556e-3
0.758, 6.615e-3
0.759, 6.675e-3
0.760, 6.734e-3
0.761, 6.793e-3
0.762, 6.852e-3
0.763, 6.912e-3
0.764, 6.972e-3
0.765, 7.031e-3
0.766, 7.092e-3
0.767, 7.152e-3
0.768, 7.212e-3
0.769, 7.272e-3
0.770, 7.332e-3
0.771, 7.392e-3
0.772, 7.452e-3
0.773, 7.513e-3
0.774, 7.573e-3
0.775, 7.634e-3
0.776, 7.695e-3
0.777, 7.756e-3
0.778, 7.817e-3
0.779, 7.878e-3
0.780, 7.939e-3
0.781, 8.000e-3
0.782, 8.060e-3
0.783, 8.122e-3
0.784, 8.183e-3
0.785, 8.245e-3
0.786, 8.307e-3
0.787, 8.369e-3
0.788, 8.430e-3
0.789, 8.492e-3
0.790, 8.554e-3
0.791, 8.616e-3
0.792, 8.678e-3
0.793, 8.740e-3
0.794, 8.803e-3
0.795, 8.865e-3
0.796, 8.928e-3
0.797, 8.990e-3
0.798, 9.052e-3
0.799, 9.114e-3
0.800, 9.157e-3
0.799, 9.113e-3
0.798, 9.049e-3
0.797, 8.986e-3
0.796, 8.923e-3
0.795, 8.860e-3
0.794, 8.796e-3
0.793, 8.732e-3
0.792, 8.669e-3
0.791, 8.606e-3
0.790, 8.543e-3
0.789, 8.479e-3
0.788, 8.416e-3
0.787, 8.354e-3
0.786, 8.291e-3
0.785, 8.228e-3
0.784, 8.165e-3
0.783, 8.103e-3
0.782, 8.041e-3
0.781, 7.978e-3
0.780, 7.917e-3
0.779, 7.855e-3
0.778, 7.792e-3
0.777, 7.730e-3
0.776, 7.668e-3
0.775, 7.607e-3
0.774, 7.545e-3
0.773, 7.483e-3
0.772, 7.422e-3
0.771, 7.361e-3
0.770, 7.300e-3
0.769, 7.239e-3
0.768, 7.178e-3
0.767, 7.116e-3
0.766, 7.055e-3
0.765, 6.994e-3
0.764, 6.933e-3
0.763, 6.873e-3
0.762, 6.813e-3
0.761, 6.752e-3
0.760, 6.692e-3
0.759, 6.632e-3
0.758, 6.572e-3
0.757, 6.511e-3
0.756, 6.452e-3
0.755, 6.393e-3
0.754, 6.334e-3
0.753, 6.275e-3
0.752, 6.215e-3
0.751, 6.156e-3
0.750, 6.098e-3
0.749, 6.039e-3
0.748, 5.980e-3
0.747, 5.922e-3
0.746, 5.863e-3
0.745, 5.806e-3
0.744, 5.748e-3
0.743, 5.690e-3
0.742, 5.632e-3
0.741, 5.574e-3
0.740, 5.517e-3
0.739, 5.459e-3
0.738, 5.402e-3
0.737, 5.345e-3
0.736, 5.288e-3
0.735, 5.232e-3
0.734, 5.175e-3
0.733, 5.119e-3
0.732, 5.062e-3
0.731, 5.006e-3
0.730, 4.951e-3
0.729, 4.896e-3
0.728, 4.840e-3
0.727, 4.785e-3
0.726, 4.731e-3
0.725, 4.675e-3
0.724, 4.620e-3
0.723, 4.566e-3
0.722, 4.511e-3
0.721, 4.457e-3
0.720, 4.403e-3
0.719, 4.349e-3
0.718, 4.296e-3
0.717, 4.242e-3
0.716, 4.187e-3
0.715, 4.134e-3
0.714, 4.081e-3
0.713, 4.028e-3
0.712, 3.976e-3
0.711, 3.923e-3
0.710, 3.871e-3
0.709, 3.819e-3
0.708, 3.768e-3
0.707, 3.717e-3
0.706, 3.665e-3
0.705, 3.614e-3
0.704, 3.564e-3
0.703, 3.513e-3
0.702, 3.463e-3
0.701, 3.413e-3
0.700, 3.363e-3
0.699, 3.314e-3
0.698, 3.265e-3
0.697, 3.216e-3
0.696, 3.167e-3
0.695, 3.118e-3
0.694, 3.070e-3
0.693, 3.022e-3
0.692, 2.974e-3
0.691, 2.926e-3
0.690, 2.879e-3
0.689, 2.832e-3
0.688, 2.785e-3
0.687, 2.739e-3
0.686, 2.693e-3
0.685, 2.647e-3
0.684, 2.601e-3
0.683, 2.556e-3
0.682, 2.512e-3
0.681, 2.467e-3
0.680, 2.423e-3
0.679, 2.378e-3
0.678, 2.335e-3
0.677, 2.291e-3
0.676, 2.248e-3
0.675, 2.205e-3
0.674, 2.163e-3
0.673, 2.120e-3
0.672, 2.078e-3
0.671, 2.037e-3
0.670, 1.996e-3
0.669, 1.955e-3
0.668, 1.914e-3
0.667, 1.874e-3
0.666, 1.834e-3
0.665, 1.794e-3
0.664, 1.755e-3
0.663, 1.717e-3
0.662, 1.678e-3
0.661, 1.640e-3
0.660, 1.603e-3
0.659, 1.565e-3
0.658, 1.529e-3
0.657, 1.492e-3
0.656, 1.456e-3
0.655, 1.420e-3
0.654, 1.385e-3
0.653, 1.351e-3
0.652, 1.317e-3
0.651, 1.282e-3
0.650, 1.249e-3
0.649, 1.216e-3
0.648, 1.183e-3
0.647, 1.151e-3
0.646, 1.119e-3
0.645, 1.088e-3
0.644, 1.057e-3
0.643, 1.027e-3
0.642, 9.965e-4
0.641, 9.670e-4
0.640, 9.374e-4
0.639, 9.086e-4
0.638, 8.802e-4
0.637, 8.527e-4
0.636, 8.253e-4
0.635, 7.984e-4
0.634, 7.715e-4
0.633, 7.457e-4
0.632, 7.202e-4
0.631, 6.950e-4
0.630, 6.705e-4
0.629, 6.465e-4
0.628, 6.228e-4
0.627, 6.006e-4
0.626, 5.778e-4
0.625, 5.559e-4
0.624, 5.342e-4
0.623, 5.126e-4
0.622, 4.918e-4
0.621, 4.713e-4
0.620, 4.516e-4
0.619, 4.322e-4
0.618, 4.132e-4
0.617, 3.946e-4
0.616, 3.763e-4
0.615, 3.592e-4
0.614, 3.434e-4
0.613, 3.263e-4
0.612, 3.100e-4
0.611, 2.941e-4
0.610, 2.785e-4
0.609, 2.638e-4
0.608, 2.491e-4
0.607, 2.354e-4
0.606, 2.220e-4
0.605, 2.091e-4
0.604, 1.960e-4
0.603, 1.836e-4
0.602, 1.718e-4
0.601, 1.609e-4
0.600, 1.493e-4
0.599, 1.384e-4
0.598, 1.278e-4
0.597, 1.177e-4
0.596, 1.081e-4
0.595, 9.849e-5
0.594, 8.964e-5
0.593, 8.068e-5
0.592, 7.254e-5
0.591, 6.419e-5
0.590, 5.645e-5
0.589, 4.878e-5
0.588, 4.101e-5
0.587, 3.446e-5
0.586, 2.782e-5
0.585, 2.181e-5
0.584, 1.527e-5
0.583, 9.041e-6
0.582, 3.378e-6
0.581, -2.353e-6
0.580, -7.489e-6
0.579, -1.268e-5
0.578, -1.783e-5
0.577, -2.220e-5
0.576, -2.606e-5
0.575, -3.062e-5
0.574, -3.477e-5
0.573, -3.897e-5
0.572, -4.304e-5
0.571, -4.645e-5
0.570, -5.015e-5
0.569, -5.371e-5
0.568, -5.687e-5
0.567, -6.001e-5
0.566, -6.342e-5
0.565, -6.671e-5
0.564, -6.915e-5
0.563, -7.176e-5
0.562, -7.462e-5
0.561, -7.697e-5
0.560, -7.910e-5
0.559, -8.166e-5
0.558, -8.396e-5
0.557, -8.636e-5
0.556, -8.843e-5
0.555, -9.057e-5
0.554, -9.256e-5
0.553, -9.413e-5
0.552, -9.590e-5
0.551, -9.790e-5
0.550, -9.907e-5
0.549, -1.011e-4
0.548, -1.030e-4
0.547, -1.045e-4
0.546, -1.063e-4
0.545, -1.077e-4
0.544, -1.095e-4
0.543, -1.110e-4
0.542, -1.126e-4
0.541, -1.142e-4
0.540, -1.155e-4
0.539, -1.169e-4
0.538, -1.182e-4
0.537, -1.197e-4
0.536, -1.207e-4
0.535, -1.218e-4
0.534, -1.230e-4
0.533, -1.244e-4
0.532, -1.258e-4
0.531, -1.267e-4
0.530, -1.282e-4
0.529, -1.295e-4
0.528, -1.304e-4
0.527, -1.315e-4
0.526, -1.329e-4
0.525, -1.339e-4
0.524, -1.350e-4
0.523, -1.363e-4
0.522, -1.377e-4
0.521, -1.392e-4
0.520, -1.405e-4
0.519, -1.415e-4
0.518, -1.427e-4
0.517, -1.441e-4
0.516, -1.450e-4
0.515, -1.461e-4
0.514, -1.474e-4
0.513, -1.486e-4
0.512, -1.515e-4
0.511, -1.530e-4
0.510, -1.534e-4
0.509, -1.544e-4
0.508, -1.555e-4
0.507, -1.565e-4
0.506, -1.580e-4
0.505, -1.593e-4
0.504, -1.604e-4
0.503, -1.622e-4
0.502, -1.631e-4
0.501, -1.646e-4
0.500, -1.661e-4
0.499, -1.667e-4
0.498, -1.683e-4
0.497, -1.701e-4
0.496, -1.713e-4
0.495, -1.728e-4
0.494, -1.742e-4
0.493, -1.758e-4
0.492, -1.775e-4
0.491, -1.790e-4
0.490, -1.809e-4
0.489, -1.825e-4
0.488, -1.841e-4
0.487, -1.860e-4
0.486, -1.883e-4
0.485, -1.901e-4
0.484, -1.920e-4
0.483, -1.937e-4
0.482, -1.956e-4
0.481, -1.978e-4
0.480, -2.000e-4
0.479, -2.022e-4
0.478, -2.042e-4
0.477, -2.065e-4
0.476, -2.093e-4
0.475, -2.118e-4
0.474, -2.142e-4
0.473, -2.164e-4
0.472, -2.192e-4
0.471, -2.220e-4
0.470, -2.248e-4
0.469, -2.280e-4
0.468, -2.311e-4
0.467, -2.348e-4
0.466, -2.385e-4
0.465, -2.417e-4
0.464, -2.452e-4
0.463, -2.486e-4
0.462, -2.522e-4
0.461, -2.567e-4
0.460, -2.611e-4
0.459, -2.648e-4
0.458, -2.692e-4
0.457, -2.738e-4
0.456, -2.781e-4
0.455, -2.833e-4
0.454, -2.884e-4
0.453, -2.936e-4
0.452, -2.989e-4
0.451, -3.043e-4
0.450, -3.104e-4
0.449, -3.160e-4
0.448, -3.218e-4
0.447, -3.277e-4
0.446, -3.345e-4
0.445, -3.416e-4
0.444, -3.486e-4
0.443, -3.559e-4
0.442, -3.635e-4
0.441, -3.712e-4
0.440, -3.790e-4
0.439, -3.874e-4
0.438, -3.948e-4
0.437, -4.028e-4
0.436, -4.115e-4
0.435, -4.210e-4
0.434, -4.303e-4
0.433, -4.393e-4
0.432, -4.483e-4
0.431, -4.580e-4
0.430, -4.674e-4
0.429, -4.772e-4
0.428, -4.871e-4
0.427, -4.971e-4
0.426, -5.072e-4
0.425, -5.170e-4
0.424, -5.271e-4
0.423, -5.374e-4
0.422, -5.471e-4
0.421, -5.577e-4
0.420, -5.681e-4
0.419, -5.783e-4
0.418, -5.883e-4
0.417, -5.987e-4
0.416, -6.089e-4
0.415, -6.190e-4
0.414, -6.295e-4
0.413, -6.395e-4
0.412, -6.500e-4
0.411, -6.598e-4
0.410, -6.678e-4
0.409, -6.697e-4
0.408, -6.813e-4
0.407, -6.924e-4
0.406, -7.035e-4
0.405, -7.141e-4
0.404, -7.246e-4
0.403, -7.350e-4
0.402, -7.455e-4
0.401, -7.560e-4
0.400, -7.665e-4
0.399, -7.775e-4
0.398, -7.878e-4
0.397, -7.982e-4
0.396, -8.076e-4
0.395, -8.179e-4
0.394, -8.281e-4
0.393, -8.382e-4
0.392, -8.484e-4
0.391, -8.576e-4
0.390, -8.671e-4
0.389, -8.764e-4
0.388, -8.853e-4
0.387, -8.935e-4
0.386, -9.013e-4
0.385, -9.088e-4
0.384, -9.158e-4
0.383, -9.224e-4
0.382, -9.279e-4
0.381, -9.327e-4
0.380, -9.365e-4
0.379, -9.397e-4
0.378, -9.421e-4
0.377, -9.436e-4
0.376, -9.431e-4
0.375, -9.415e-4
0.374, -9.385e-4
0.373, -9.345e-4
0.372, -9.295e-4
0.371, -9.224e-4
0.370, -9.141e-4
0.369, -9.040e-4
0.368, -8.929e-4
0.367, -8.800e-4
0.366, -8.653e-4
0.365, -8.498e-4
0.364, -8.324e-4
0.363, -8.137e-4
0.362, -7.939e-4
0.361, -7.728e-4
0.360, -7.508e-4
0.359, -7.282e-4
0.358, -7.048e-4
0.357, -6.808e-4
0.356, -6.563e-4
0.355, -6.315e-4
0.354, -6.070e-4
0.353, -5.826e-4
0.352, -5.586e-4
0.351, -5.346e-4
0.350, -5.114e-4
0.349, -4.887e-4
0.348, -4.667e-4
0.347, -4.455e-4
0.346, -4.247e-4
0.345, -4.051e-4
0.344, -3.872e-4
0.343, -3.693e-4
0.342, -3.523e-4
0.341, -3.361e-4
0.340, -3.209e-4
0.339, -3.065e-4
0.338, -2.927e-4
0.337, -2.799e-4
0.336, -2.677e-4
0.335, -2.561e-4
0.334, -2.453e-4
0.333, -2.352e-4
0.332, -2.255e-4
0.331, -2.164e-4
0.330, -2.077e-4
0.329, -1.993e-4
0.328, -1.917e-4
0.327, -1.848e-4
0.326, -1.779e-4
0.325, -1.715e-4
0.324, -1.656e-4
0.323, -1.597e-4
0.322, -1.542e-4
0.321, -1.488e-4
0.320, -1.438e-4
0.319, -1.393e-4
0.318, -1.346e-4
0.317, -1.303e-4
0.316, -1.264e-4
0.315, -1.224e-4
0.314, -1.190e-4
0.313, -1.158e-4
0.312, -1.124e-4
0.311, -1.089e-4
0.310, -1.058e-4
0.309, -1.030e-4
0.308, -1.004e-4
0.307, -9.799e-5
0.306, -9.537e-5
0.305, -9.287e-5
0.304, -9.067e-5
0.303, -8.836e-5
0.302, -8.612e-5
0.301, -8.387e-5
0.300, -8.190e-5
0.299, -8.010e-5
0.298, -7.826e-5
0.297, -7.645e-5
0.296, -7.472e-5
0.295, -7.300e-5
0.294, -7.138e-5
0.293, -7.000e-5
0.292, -6.872e-5
0.291, -6.749e-5
0.290, -6.619e-5
0.289, -6.496e-5
0.288, -6.360e-5
0.287, -6.217e-5
0.286, -6.088e-5
0.285, -5.957e-5
0.284, -5.838e-5
0.283, -5.733e-5
0.282, -5.630e-5
0.281, -5.533e-5
0.280, -5.430e-5
0.279, -5.340e-5
0.278, -5.245e-5
0.277, -5.155e-5
0.276, -5.061e-5
0.275, -4.975e-5
0.274, -4.885e-5
0.273, -4.809e-5
0.272, -4.727e-5
0.271, -4.659e-5
0.270, -4.575e-5
0.269, -4.508e-5
0.268, -4.443e-5
0.267, -4.377e-5
0.266, -4.317e-5
0.265, -4.262e-5
0.264, -4.191e-5
0.263, -4.140e-5
0.262, -4.075e-5
0.261, -4.022e-5
0.260, -3.967e-5
0.259, -3.894e-5
0.258, -3.839e-5
0.257, -3.785e-5
0.256, -3.736e-5
0.255, -3.679e-5
0.254, -3.621e-5
0.253, -3.575e-5
0.252, -3.531e-5
0.251, -3.477e-5
0.250, -3.431e-5
0.249, -3.391e-5
0.248, -3.346e-5
0.247, -3.301e-5
0.246, -3.260e-5
0.245, -3.230e-5
0.244, -3.187e-5
0.243, -3.140e-5
0.242, -3.118e-5
0.241, -3.084e-5
0.240, -3.038e-5
0.239, -3.014e-5
0.238, -2.977e-5
0.237, -2.942e-5
0.236, -2.906e-5
0.235, -2.866e-5
0.234, -2.840e-5
0.233, -2.813e-5
0.232, -2.782e-5
0.231, -2.752e-5
0.230, -2.730e-5
0.229, -2.698e-5
0.228, -2.667e-5
0.227, -2.637e-5
0.226, -2.615e-5
0.225, -2.599e-5
0.224, -2.559e-5
0.223, -2.533e-5
0.222, -2.517e-5
0.221, -2.496e-5
0.220, -2.463e-5
0.219, -2.436e-5
0.218, -2.407e-5
0.217, -2.395e-5
0.216, -2.367e-5
0.215, -2.352e-5
0.214, -2.324e-5
0.213, -2.304e-5
0.212, -2.282e-5
0.211, -2.262e-5
0.210, -2.239e-5
0.209, -2.226e-5
0.208, -2.207e-5
0.207, -2.184e-5
0.206, -2.165e-5
0.205, -2.142e-5
0.204, -2.126e-5
0.203, -2.112e-5
0.202, -2.092e-5
0.201, -2.080e-5
0.200, -1.912e-5
0.201, -1.577e-5
0.202, -1.410e-5
0.203, -1.304e-5
0.204, -1.212e-5
0.205, -1.141e-5
0.206, -1.071e-5
0.207, -1.004e-5
0.208, -9.481e-6
0.209, -8.924e-6
0.210, -8.514e-6
0.211, -8.075e-6
0.212, -7.694e-6
0.213, -7.323e-6
0.214, -6.932e-6
0.215, -6.630e-6
0.216, -6.288e-6
0.217, -5.878e-6
0.218, -5.653e-6
0.219, -5.399e-6
0.220, -5.067e-6
0.221, -4.833e-6
0.222, -4.530e-6
0.223, -4.247e-6
0.224, -3.964e-6
0.225, -3.769e-6
0.226, -3.603e-6
0.227, -3.310e-6
0.228, -3.076e-6
0.229, -2.900e-6
0.230, -2.548e-6
0.231, -2.334e-6
0.232, -2.041e-6
0.233, -1.865e-6
0.234, -1.699e-6
0.235, -1.523e-6
0.236, -1.260e-6
0.237, -1.133e-6
0.238, -8.983e-7
0.239, -7.128e-7
0.240, -5.272e-7
0.241, -3.515e-7
0.242, -2.148e-7
0.243, -1.953e-8
0.244, 1.465e-7
0.245, 4.003e-7
0.246, 4.980e-7
0.247, 6.835e-7
0.248, 8.397e-7
0.249, 1.006e-6
0.250, 1.220e-6
0.251, 1.357e-6
0.252, 1.611e-6
0.253, 1.748e-6
0.254, 1.884e-6
0.255, 2.041e-6
0.256, 2.226e-6
0.257, 2.373e-6
0.258, 2.568e-6
0.259, 2.695e-6
0.260, 2.871e-6
0.261, 3.017e-6
0.262, 3.203e-6
0.263, 3.329e-6
0.264, 3.525e-6
0.265, 3.710e-6
0.266, 3.818e-6
0.267, 3.974e-6
0.268, 4.218e-6
0.269, 4.403e-6
0.270, 4.462e-6
0.271, 4.657e-6
0.272, 4.833e-6
0.273, 4.989e-6
0.274, 5.194e-6
0.275, 5.263e-6
0.276, 5.497e-6
0.277, 5.624e-6
0.278, 5.790e-6
0.279, 6.014e-6
0.280, 6.180e-6
0.281, 6.337e-6
0.282, 6.512e-6
0.283, 6.698e-6
0.284, 6.903e-6
0.285, 7.079e-6
0.286, 7.254e-6
0.287, 7.381e-6
0.288, 7.596e-6
0.289, 7.782e-6
0.290, 7.997e-6
0.291, 8.163e-6
0.292, 8.416e-6
0.293, 8.592e-6
0.294, 8.797e-6
0.295, 9.002e-6
0.296, 9.129e-6
0.297, 9.412e-6
0.298, 9.627e-6
0.299, 9.813e-6
0.300, 1.006e-5
0.301, 1.022e-5
0.302, 1.052e-5
0.303, 1.077e-5
0.304, 1.089e-5
0.305, 1.124e-5
0.306, 1.145e-5
0.307, 1.178e-5
0.308, 1.204e-5
0.309, 1.216e-5
0.310, 1.242e-5
0.311, 1.271e-5
0.312, 1.290e-5
0.313, 1.312e-5
0.314, 1.334e-5
0.315, 1.363e-5
0.316, 1.385e-5
0.317, 1.411e-5
0.318, 1.430e-5
0.319, 1.459e-5
0.320, 1.483e-5
0.321, 1.514e-5
0.322, 1.542e-5
0.323, 1.564e-5
0.324, 1.586e-5
0.325, 1.616e-5
0.326, 1.644e-5
0.327, 1.664e-5
0.328, 1.699e-5
0.329, 1.724e-5
0.330, 1.750e-5
0.331, 1.779e-5
0.332, 1.815e-5
0.333, 1.837e-5
0.334, 1.868e-5
0.335, 1.902e-5
0.336, 1.930e-5
0.337, 1.966e-5
0.338, 1.994e-5
0.339, 2.032e-5
0.340, 2.064e-5
0.341, 2.086e-5
0.342, 2.123e-5
0.343, 2.158e-5
0.344, 2.196e-5
0.345, 2.232e-5
0.346, 2.253e-5
0.347, 2.300e-5
0.348, 2.343e-5
0.349, 2.374e-5
0.350, 2.411e-5
0.351, 2.444e-5
0.352, 2.479e-5
0.353, 2.518e-5
0.354, 2.559e-5
0.355, 2.594e-5
0.356, 2.631e-5
0.357, 2.665e-5
0.358, 2.699e-5
0.359, 2.736e-5
0.360, 2.783e-5
0.361, 2.822e-5
0.362, 2.855e-5
0.363, 2.885e-5
0.364, 2.919e-5
0.365, 2.959e-5
0.366, 3.003e-5
0.367, 3.040e-5
0.368, 3.077e-5
0.369, 3.126e-5
0.370, 3.166e-5
0.371, 3.206e-5
0.372, 3.253e-5
0.373, 3.298e-5
0.374, 3.339e-5
0.375, 3.396e-5
0.376, 3.445e-5
0.377, 3.492e-5
0.378, 3.542e-5
0.379, 3.608e-5
0.380, 3.657e-5
0.381, 3.703e-5
0.382, 3.750e-5
0.383, 3.807e-5
0.384, 3.854e-5
0.385, 3.910e-5
0.386, 3.950e-5
0.387, 4.006e-5
0.388, 4.059e-5
0.389, 4.113e-5
0.390, 4.181e-5
0.391, 4.238e-5
0.392, 4.293e-5
0.393, 4.367e-5
0.394, 4.425e-5
0.395, 4.499e-5
0.396, 4.568e-5
0.397, 4.624e-5
0.398, 4.711e-5
0.399, 4.795e-5
0.400, 4.866e-5
0.401, 4.946e-5
0.402, 5.022e-5
0.403, 5.104e-5
0.404, 5.189e-5
0.405, 5.265e-5
0.406, 5.342e-5
0.407, 5.434e-5
0.408, 5.531e-5
0.409, 5.622e-5
0.410, 5.536e-5
0.411, 5.732e-5
0.412, 5.890e-5
0.413, 6.015e-5
0.414, 6.151e-5
0.415, 6.275e-5
0.416, 6.388e-5
0.417, 6.541e-5
0.418, 6.673e-5
0.419, 6.815e-5
0.420, 6.973e-5
0.421, 7.147e-5
0.422, 7.316e-5
0.423, 7.490e-5
0.424, 7.685e-5
0.425, 7.876e-5
0.426, 8.075e-5
0.427, 8.347e-5
0.428, 8.625e-5
0.429, 8.885e-5
0.430, 9.162e-5
0.431, 9.470e-5
0.432, 9.827e-5
0.433, 1.020e-4
0.434, 1.060e-4
0.435, 1.108e-4
0.436, 1.155e-4
0.437, 1.207e-4
0.438, 1.263e-4
0.439, 1.323e-4
0.440, 1.395e-4
0.441, 1.470e-4
0.442, 1.553e-4
0.443, 1.645e-4
0.444, 1.741e-4
0.445, 1.851e-4
0.446, 1.968e-4
0.447, 2.098e-4
0.448, 2.233e-4
0.449, 2.386e-4
0.450, 2.547e-4
0.451, 2.726e-4
0.452, 2.922e-4
0.453, 3.130e-4
0.454, 3.356e-4
0.455, 3.602e-4
0.456, 3.864e-4
0.457, 4.146e-4
0.458, 4.447e-4
0.459, 4.766e-4
0.460, 5.107e-4
0.461, 5.469e-4
0.462, 5.853e-4
0.463, 6.251e-4
0.464, 6.672e-4
0.465, 7.109e-4
0.466, 7.559e-4
0.467, 8.024e-4
0.468, 8.497e-4
0.469, 8.973e-4
0.470, 9.451e-4
0.471, 9.921e-4
0.472, 1.039e-3
0.473, 1.086e-3
0.474, 1.131e-3
0.475, 1.174e-3
0.476, 1.217e-3
0.477, 1.257e-3
0.478, 1.295e-3
0.479, 1.330e-3
0.480, 1.364e-3
0.481, 1.394e-3
0.482, 1.421e-3
0.483, 1.446e-3
0.484, 1.467e-3
0.485, 1.485e-3
0.486, 1.500e-3
0.487, 1.512e-3
0.488, 1.520e-3
0.489, 1.525e-3
0.490, 1.526e-3
0.491, 1.525e-3
0.492, 1.520e-3
0.493, 1.512e-3
0.494, 1.500e-3
0.495, 1.486e-3
0.496, 1.469e-3
0.497, 1.448e-3
0.498, 1.426e-3
0.499, 1.400e-3
0.500, 1.373e-3
0.501, 1.344e-3
0.502, 1.313e-3
0.503, 1.281e-3
0.504, 1.248e-3
0.505, 1.214e-3
0.506, 1.179e-3
0.507, 1.145e-3
0.508, 1.111e-3
0.509, 1.076e-3
0.510, 1.043e-3
0.511, 1.010e-3
0.512, 9.795e-4
0.513, 9.499e-4
0.514, 9.193e-4
0.515, 8.897e-4
0.516, 8.612e-4
0.517, 8.339e-4
0.518, 8.074e-4
0.519, 7.821e-4
0.520, 7.575e-4
0.521, 7.339e-4
0.522, 7.107e-4
0.523, 6.888e-4
0.524, 6.673e-4
0.525, 6.463e-4
0.526, 6.264e-4
0.527, 6.071e-4
0.528, 5.887e-4
0.529, 5.708e-4
0.530, 5.535e-4
0.531, 5.369e-4
0.532, 5.208e-4
0.533, 5.054e-4
0.534, 4.904e-4
0.535, 4.756e-4
0.536, 4.624e-4
0.537, 4.496e-4
0.538, 4.376e-4
0.539, 4.255e-4
0.540, 4.140e-4
0.541, 4.030e-4
0.542, 3.930e-4
0.543, 3.831e-4
0.544, 3.738e-4
0.545, 3.653e-4
0.546, 3.571e-4
0.547, 3.492e-4
0.548, 3.422e-4
0.549, 3.352e-4
0.550, 3.284e-4
0.551, 3.220e-4
0.552, 3.167e-4
0.553, 3.117e-4
0.554, 3.069e-4
0.555, 3.023e-4
0.556, 2.982e-4
0.557, 2.945e-4
0.558, 2.913e-4
0.559, 2.878e-4
0.560, 2.846e-4
0.561, 2.819e-4
0.562, 2.792e-4
0.563, 2.771e-4
0.564, 2.752e-4
0.565, 2.732e-4
0.566, 2.718e-4
0.567, 2.707e-4
0.568, 2.697e-4
0.569, 2.690e-4
0.570, 2.683e-4
0.571, 2.680e-4
0.572, 2.678e-4
0.573, 2.676e-4
0.574, 2.681e-4
0.575, 2.685e-4
0.576, 2.688e-4
0.577, 2.698e-4
0.578, 2.710e-4
0.579, 2.723e-4
0.580, 2.740e-4
0.581, 2.757e-4
0.582, 2.781e-4
0.583, 2.806e-4
0.584, 2.833e-4
0.585, 2.864e-4
0.586, 2.893e-4
0.587, 2.929e-4
0.588, 2.965e-4
0.589, 3.009e-4
0.590, 3.057e-4
0.591, 3.099e-4
0.592, 3.146e-4
0.593, 3.199e-4
0.594, 3.248e-4
0.595, 3.315e-4
0.596, 3.377e-4
0.597, 3.444e-4
0.598, 3.510e-4
0.599, 3.584e-4
0.600, 3.663e-4
0.601, 3.744e-4
0.602, 3.822e-4
0.603, 3.915e-4
0.604, 4.009e-4
0.605, 4.106e-4
0.606, 4.210e-4
0.607, 4.318e-4
0.608, 4.430e-4
0.609, 4.545e-4
0.610, 4.660e-4
0.611, 4.784e-4
0.612, 4.915e-4
0.613, 5.052e-4
0.614, 5.184e-4
0.615, 5.318e-4
0.616, 5.475e-4
0.617, 5.630e-4
0.618, 5.788e-4
0.619, 5.952e-4
0.620, 6.119e-4
0.621, 6.297e-4
0.622, 6.477e-4
0.623, 6.659e-4
0.624, 6.851e-4
0.625, 7.049e-4
0.626, 7.249e-4
0.627, 7.455e-4
0.628, 7.665e-4
0.629, 7.886e-4
0.630, 8.108e-4
0.631, 8.339e-4
0.632, 8.573e-4
0.633, 8.811e-4
0.634, 9.058e-4
0.635, 9.308e-4
0.636, 9.565e-4
0.637, 9.824e-4
0.638, 1.009e-3
0.639, 1.036e-3
0.640, 1.064e-3
0.641, 1.092e-3
0.642, 1.121e-3
0.643, 1.150e-3
0.644, 1.180e-3
0.645, 1.210e-3
0.646, 1.241e-3
0.647, 1.272e-3
0.648, 1.304e-3
0.649, 1.336e-3
0.650, 1.369e-3
0.651, 1.402e-3
0.652, 1.436e-3
0.653, 1.469e-3
0.654, 1.504e-3
0.655, 1.539e-3
0.656, 1.575e-3
0.657, 1.611e-3
0.658, 1.647e-3
0.659, 1.684e-3
0.660, 1.721e-3
0.661, 1.759e-3
0.662, 1.797e-3
0.663, 1.835e-3
0.664, 1.874e-3
0.665, 1.914e-3
0.666, 1.954e-3
0.667, 1.994e-3
0.668, 2.035e-3
0.669, 2.075e-3
0.670, 2.117e-3
0.671, 2.158e-3
0.672, 2.200e-3
0.673, 2.243e-3
0.674, 2.286e-3
0.675, 2.329e-3
0.676, 2.372e-3
0.677, 2.416e-3
0.678, 2.460e-3
0.679, 2.504e-3
0.680, 2.549e-3
0.681, 2.594e-3
0.682, 2.639e-3
0.683, 2.685e-3
0.684, 2.730e-3
0.685, 2.777e-3
0.686, 2.823e-3
0.687, 2.870e-3
0.688, 2.917e-3
0.689, 2.964e-3
0.690, 3.012e-3
0.691, 3.060e-3
0.692, 3.109e-3
0.693, 3.157e-3
0.694, 3.206e-3
0.695, 3.255e-3
0.696, 3.304e-3
0.697, 3.353e-3
0.698, 3.403e-3
0.699, 3.454e-3
0.700, 3.504e-3
0.701, 3.555e-3
0.702, 3.605e-3
0.703, 3.656e-3
0.704, 3.707e-3
0.705, 3.758e-3
0.706, 3.809e-3
0.707, 3.861e-3
0.708, 3.913e-3
0.709, 3.965e-3
0.710, 4.018e-3
0.711, 4.071e-3
0.712, 4.124e-3
0.713, 4.177e-3
0.714, 4.230e-3
0.715, 4.283e-3
0.716, 4.336e-3
0.717, 4.392e-3
0.718, 4.447e-3
0.719, 4.501e-3
0.720, 4.555e-3
0.721, 4.609e-3
0.722, 4.664e-3
0.723, 4.719e-3
0.724, 4.774e-3
0.725, 4.829e-3
0.726, 4.884e-3
0.727, 4.939e-3
0.728, 4.996e-3
0.729, 5.051e-3
0.730, 5.107e-3
0.731, 5.163e-3
0.732, 5.219e-3
0.733, 5.275e-3
0.734, 5.332e-3
0.735, 5.389e-3
0.736, 5.446e-3
0.737, 5.503e-3
0.738, 5.560e-3
0.739, 5.618e-3
0.740, 5.675e-3
0.741, 5.732e-3
0.742, 5.790e-3
0.743, 5.848e-3
0.744, 5.906e-3
0.745, 5.964e-3
0.746, 6.022e-3
0.747, 6.080e-3
0.748, 6.138e-3
0.749, 6.197e-3
0.750, 6.256e-3
0.751, 6.314e-3
0.752, 6.373e-3
0.753, 6.432e-3
0.754, 6.491e-3
0.755, 6.550e-3
0.756, 6.609e-3
0.757, 6.669e-3
0.758, 6.728e-3
0.759, 6.788e-3
0.760, 6.847e-3
0.761, 6.907e-3
0.762, 6.968e-3
0.763, 7.028e-3
0.764, 7.088e-3
0.765, 7.148e-3
0.766, 7.209e-3
0.767, 7.269e-3
0.768, 7.330e-3
0.769, 7.390e-3
0.770, 7.450e-3
0.771, 7.512e-3
0.772, 7.572e-3
0.773, 7.633e-3
0.774, 7.694e-3
0.775, 7.755e-3
0.776, 7.817e-3
0.777, 7.878e-3
0.778, 7.939e-3
0.779, 8.000e-3
0.780, 8.062e-3
0.781, 8.123e-3
0.782, 8.184e-3
0.783, 8.246e-3
0.784, 8.308e-3
0.785, 8.370e-3
0.786, 8.432e-3
0.787, 8.494e-3
0.788, 8.556e-3
0.789, 8.618e-3
0.790, 8.681e-3
0.791, 8.743e-3
0.792, 8.805e-3
0.793, 8.868e-3
0.794, 8.930e-3
0.795, 8.993e-3
0.796, 9.056e-3
0.797, 9.118e-3
0.798, 9.181e-3
0.799, 9.243e-3
0.800, 9.287e-3
0.799, 9.243e-3
0.798, 9.178e-3
0.797, 9.114e-3
0.796, 9.050e-3
0.795, 8.986e-3
0.794, 8.922e-3
0.793, 8.858e-3
0.792, 8.794e-3
0.791, 8.731e-3
0.790, 8.668e-3
0.789, 8.604e-3
0.788, 8.540e-3
0.787, 8.476e-3
0.786, 8.413e-3
0.785, 8.350e-3
0.784, 8.287e-3
0.783, 8.224e-3
0.782, 8.160e-3
0.781, 8.098e-3
0.780, 8.036e-3
0.779, 7.973e-3
0.778, 7.910e-3
0.777, 7.848e-3
0.776, 7.785e-3
0.775, 7.723e-3
0.774, 7.661e-3
0.773, 7.599e-3
0.772, 7.537e-3
0.771, 7.475e-3
0.770, 7.413e-3
0.769, 7.352e-3
0.768, 7.290e-3
0.767, 7.228e-3
0.766, 7.167e-3
0.765, 7.106e-3
0.764, 7.044e-3
0.763, 6.983e-3
0.762, 6.922e-3
0.761, 6.861e-3
0.760, 6.801e-3
0.759, 6.740e-3
0.758, 6.680e-3
0.757, 6.619e-3
0.756, 6.559e-3
0.755, 6.499e-3
0.754, 6.440e-3
0.753, 6.380e-3
0.752, 6.321e-3
0.751, 6.261e-3
0.750, 6.202e-3
0.749, 6.142e-3
0.748, 6.083e-3
0.747, 6.025e-3
0.746, 5.966e-3
0.745, 5.907e-3
0.744, 5.849e-3
0.743, 5.790e-3
0.742, 5.732e-3
0.741, 5.674e-3
0.740, 5.616e-3
0.739, 5.558e-3
0.738, 5.501e-3
0.737, 5.443e-3
0.736, 5.386e-3
0.735, 5.328e-3
0.734, 5.272e-3
0.733, 5.215e-3
0.732, 5.158e-3
0.731, 5.102e-3
0.730, 5.045e-3
0.729, 4.990e-3
0.728, 4.934e-3
0.727, 4.878e-3
0.726, 4.822e-3
0.725, 4.767e-3
0.724, 4.711e-3
0.723, 4.656e-3
0.722, 4.601e-3
0.721, 4.546e-3
0.720, 4.492e-3
0.719, 4.438e-3
0.718, 4.383e-3
0.717, 4.328e-3
0.716, 4.273e-3
0.715, 4.220e-3
0.714, 4.166e-3
0.713, 4.113e-3
0.712, 4.061e-3
0.711, 4.008e-3
0.710, 3.955e-3
0.709, 3.902e-3
0.708, 3.850e-3
0.707, 3.798e-3
0.706, 3.746e-3
0.705, 3.695e-3
0.704, 3.644e-3
0.703, 3.593e-3
0.702, 3.542e-3
0.701, 3.491e-3
0.700, 3.441e-3
0.699, 3.391e-3
0.698, 3.341e-3
0.697, 3.292e-3
0.696, 3.242e-3
0.695, 3.193e-3
0.694, 3.144e-3
0.693, 3.095e-3
0.692, 3.047e-3
0.691, 2.998e-3
0.690, 2.950e-3
0.689, 2.903e-3
0.688, 2.855e-3
0.687, 2.808e-3
0.686, 2.761e-3
0.685, 2.715e-3
0.684, 2.669e-3
0.683, 2.623e-3
0.682, 2.577e-3
0.681, 2.532e-3
0.680, 2.487e-3
0.679, 2.442e-3
0.678, 2.398e-3
0.677, 2.354e-3
0.676, 2.309e-3
0.675, 2.266e-3
0.674, 2.223e-3
0.673, 2.180e-3
0.672, 2.138e-3
0.671, 2.095e-3
0.670, 2.053e-3
0.669, 2.012e-3
0.668, 1.970e-3
0.667, 1.929e-3
0.666, 1.888e-3
0.665, 1.848e-3
0.664, 1.808e-3
0.663, 1.769e-3
0.662, 1.730e-3
0.661, 1.691e-3
0.660, 1.653e-3
0.659, 1.615e-3
0.658, 1.577e-3
0.657, 1.540e-3
0.656, 1.504e-3
0.655, 1.467e-3
0.654, 1.431e-3
0.653, 1.396e-3
0.652, 1.361e-3
0.651, 1.326e-3
0.650, 1.292e-3
0.649, 1.258e-3
0.648, 1.225e-3
0.647, 1.192e-3
0.646, 1.159e-3
0.645, 1.127e-3
0.644, 1.095e-3
0.643, 1.064e-3
0.642, 1.033e-3
0.641, 1.003e-3
0.640, 9.726e-4
0.639, 9.431e-4
0.638, 9.143e-4
0.637, 8.857e-4
0.636, 8.574e-4
0.635, 8.299e-4
0.634, 8.024e-4
0.633, 7.755e-4
0.632, 7.492e-4
0.631, 7.233e-4
0.630, 6.983e-4
0.629, 6.731e-4
0.628, 6.491e-4
0.627, 6.256e-4
0.626, 6.024e-4
0.625, 5.795e-4
0.624, 5.572e-4
0.623, 5.351e-4
0.622, 5.136e-4
0.621, 4.927e-4
0.620, 4.719e-4
0.619, 4.523e-4
0.618, 4.327e-4
0.617, 4.135e-4
0.616, 3.947e-4
0.615, 3.763e-4
0.614, 3.603e-4
0.613, 3.426e-4
0.612, 3.256e-4
0.611, 3.092e-4
0.610, 2.932e-4
0.609, 2.776e-4
0.608, 2.627e-4
0.607, 2.480e-4
0.606, 2.342e-4
0.605, 2.205e-4
0.604, 2.073e-4
0.603, 1.946e-4
0.602, 1.821e-4
0.601, 1.705e-4
0.600, 1.589e-4
0.599, 1.473e-4
0.598, 1.366e-4
0.597, 1.257e-4
0.596, 1.160e-4
0.595, 1.059e-4
0.594, 9.629e-5
0.593, 8.734e-5
0.592, 7.851e-5
0.591, 7.001e-5
0.590, 6.207e-5
0.589, 5.355e-5
0.588, 4.588e-5
0.587, 3.907e-5
0.586, 3.203e-5
0.585, 2.564e-5
0.584, 1.898e-5
0.583, 1.257e-5
0.582, 6.737e-6
0.581, 8.787e-7
0.580, -5.116e-6
0.579, -1.024e-5
0.578, -1.555e-5
0.577, -2.023e-5
0.576, -2.455e-5
0.575, -2.891e-5
0.574, -3.322e-5
0.573, -3.773e-5
0.572, -4.194e-5
0.571, -4.561e-5
0.570, -4.945e-5
0.569, -5.292e-5
0.568, -5.641e-5
0.567, -5.978e-5
0.566, -6.295e-5
0.565, -6.636e-5
0.564, -6.901e-5
0.563, -7.169e-5
0.562, -7.461e-5
0.561, -7.738e-5
0.560, -7.952e-5
0.559, -8.222e-5
0.558, -8.428e-5
0.557, -8.702e-5
0.556, -8.959e-5
0.555, -9.135e-5
0.554, -9.339e-5
0.553, -9.519e-5
0.552, -9.720e-5
0.551, -9.936e-5
0.550, -1.005e-4
0.549, -1.025e-4
0.548, -1.045e-4
0.547, -1.058e-4
0.546, -1.075e-4
0.545, -1.093e-4
0.544, -1.109e-4
0.543, -1.130e-4
0.542, -1.146e-4
0.541, -1.157e-4
0.540, -1.170e-4
0.539, -1.185e-4
0.538, -1.201e-4
0.537, -1.214e-4
0.536, -1.225e-4
0.535, -1.240e-4
0.534, -1.251e-4
0.533, -1.265e-4
0.532, -1.279e-4
0.531, -1.291e-4
0.530, -1.306e-4
0.529, -1.315e-4
0.528, -1.326e-4
0.527, -1.338e-4
0.526, -1.352e-4
0.525, -1.363e-4
0.524, -1.375e-4
0.523, -1.390e-4
0.522, -1.404e-4
0.521, -1.414e-4
0.520, -1.426e-4
0.519, -1.440e-4
0.518, -1.451e-4
0.517, -1.462e-4
0.516, -1.476e-4
0.515, -1.486e-4
0.514, -1.500e-4
0.513, -1.512e-4
0.512, -1.541e-4
0.511, -1.557e-4
0.510, -1.559e-4
0.509, -1.568e-4
0.508, -1.581e-4
0.507, -1.591e-4
0.506, -1.606e-4
0.505, -1.621e-4
0.504, -1.631e-4
0.503, -1.646e-4
0.502, -1.659e-4
0.501, -1.671e-4
0.500, -1.688e-4
0.499, -1.696e-4
0.498, -1.711e-4
0.497, -1.725e-4
0.496, -1.741e-4
0.495, -1.757e-4
0.494, -1.771e-4
0.493, -1.788e-4
0.492, -1.804e-4
0.491, -1.820e-4
0.490, -1.838e-4
0.489, -1.853e-4
0.488, -1.874e-4
0.487, -1.893e-4
0.486, -1.912e-4
0.485, -1.930e-4
0.484, -1.950e-4
0.483, -1.966e-4
0.482, -1.990e-4
0.481, -2.011e-4
0.480, -2.031e-4
0.479, -2.053e-4
0.478, -2.076e-4
0.477, -2.103e-4
0.476, -2.127e-4
0.475, -2.152e-4
0.474, -2.179e-4
0.473, -2.200e-4
0.472, -2.230e-4
0.471, -2.257e-4
0.470, -2.285e-4
0.469, -2.317e-4
0.468, -2.351e-4
0.467, -2.383e-4
0.466, -2.419e-4
0.465, -2.452e-4
0.464, -2.489e-4
0.463, -2.524e-4
0.462, -2.564e-4
0.461, -2.612e-4
0.460, -2.652e-4
0.459, -2.693e-4
0.458, -2.738e-4
0.457, -2.782e-4
0.456, -2.832e-4
0.455, -2.881e-4
0.454, -2.934e-4
0.453, -2.985e-4
0.452, -3.038e-4
0.451, -3.100e-4
0.450, -3.156e-4
0.449, -3.221e-4
0.448, -3.278e-4
0.447, -3.342e-4
0.446, -3.409e-4
0.445, -3.480e-4
0.444, -3.555e-4
0.443, -3.631e-4
0.442, -3.704e-4
0.441, -3.783e-4
0.440, -3.864e-4
0.439, -3.945e-4
0.438, -4.021e-4
0.437, -4.112e-4
0.436, -4.200e-4
0.435, -4.299e-4
0.434, -4.393e-4
0.433, -4.485e-4
0.432, -4.578e-4
0.431, -4.677e-4
0.430, -4.775e-4
0.429, -4.876e-4
0.428, -4.979e-4
0.427, -5.084e-4
0.426, -5.189e-4
0.425, -5.292e-4
0.424, -5.397e-4
0.423, -5.505e-4
0.422, -5.601e-4
0.421, -5.710e-4
0.420, -5.814e-4
0.419, -5.923e-4
0.418, -6.032e-4
0.417, -6.135e-4
0.416, -6.241e-4
0.415, -6.348e-4
0.414, -6.455e-4
0.413, -6.562e-4
0.412, -6.667e-4
0.411, -6.775e-4
0.410, -6.855e-4
0.409, -6.878e-4
0.408, -6.997e-4
0.407, -7.111e-4
0.406, -7.220e-4
0.405, -7.336e-4
0.404, -7.446e-4
0.403, -7.558e-4
0.402, -7.665e-4
0.401, -7.776e-4
0.400, -7.885e-4
0.399, -8.000e-4
0.398, -8.107e-4
0.397, -8.214e-4
0.396, -8.320e-4
0.395, -8.429e-4
0.394, -8.536e-4
0.393, -8.638e-4
0.392, -8.744e-4
0.391, -8.850e-4
0.390, -8.949e-4
0.389, -9.046e-4
0.388, -9.138e-4
0.387, -9.226e-4
0.386, -9.312e-4
0.385, -9.395e-4
0.384, -9.476e-4
0.383, -9.545e-4
0.382, -9.607e-4
0.381, -9.663e-4
0.380, -9.705e-4
0.379, -9.736e-4
0.378, -9.765e-4
0.377, -9.781e-4
0.376, -9.785e-4
0.375, -9.777e-4
0.374, -9.752e-4
0.373, -9.719e-4
0.372, -9.669e-4
0.371, -9.598e-4
0.370, -9.518e-4
0.369, -9.422e-4
0.368, -9.307e-4
0.367, -9.176e-4
0.366, -9.032e-4
0.365, -8.870e-4
0.364, -8.692e-4
0.363, -8.498e-4
0.362, -8.293e-4
0.361, -8.073e-4
0.360, -7.843e-4
0.359, -7.601e-4
0.358, -7.354e-4
0.357, -7.101e-4
0.356, -6.842e-4
0.355, -6.582e-4
0.354, -6.322e-4
0.353, -6.061e-4
0.352, -5.807e-4
0.351, -5.556e-4
0.350, -5.306e-4
0.349, -5.066e-4
0.348, -4.832e-4
0.347, -4.607e-4
0.346, -4.390e-4
0.345, -4.182e-4
0.344, -3.988e-4
0.343, -3.806e-4
0.342, -3.626e-4
0.341, -3.457e-4
0.340, -3.297e-4
0.339, -3.147e-4
0.338, -3.004e-4
0.337, -2.867e-4
0.336, -2.740e-4
0.335, -2.622e-4
0.334, -2.506e-4
0.333, -2.404e-4
0.332, -2.301e-4
0.331, -2.207e-4
0.330, -2.121e-4
0.329, -2.034e-4
0.328, -1.956e-4
0.327, -1.883e-4
0.326, -1.811e-4
0.325, -1.747e-4
0.324, -1.686e-4
0.323, -1.626e-4
0.322, -1.569e-4
0.321, -1.516e-4
0.320, -1.463e-4
0.319, -1.418e-4
0.318, -1.371e-4
0.317, -1.325e-4
0.316, -1.285e-4
0.315, -1.246e-4
0.314, -1.209e-4
0.313, -1.178e-4
0.312, -1.145e-4
0.311, -1.109e-4
0.310, -1.076e-4
0.309, -1.048e-4
0.308, -1.021e-4
0.307, -9.977e-5
0.306, -9.694e-5
0.305, -9.444e-5
0.304, -9.220e-5
0.303, -9.000e-5
0.302, -8.762e-5
0.301, -8.552e-5
0.300, -8.343e-5
0.299, -8.149e-5
0.298, -7.967e-5
0.297, -7.787e-5
0.296, -7.609e-5
0.295, -7.437e-5
0.294, -7.259e-5
0.293, -7.112e-5
0.292, -6.977e-5
0.291, -6.846e-5
0.290, -6.735e-5
0.289, -6.611e-5
0.288, -6.478e-5
0.287, -6.344e-5
0.286, -6.221e-5
0.285, -6.065e-5
0.284, -5.952e-5
0.283, -5.841e-5
0.282, -5.740e-5
0.281, -5.638e-5
0.280, -5.535e-5
0.279, -5.439e-5
0.278, -5.346e-5
0.277, -5.256e-5
0.276, -5.164e-5
0.275, -5.070e-5
0.274, -4.993e-5
0.273, -4.905e-5
0.272, -4.815e-5
0.271, -4.737e-5
0.270, -4.661e-5
0.269, -4.593e-5
0.268, -4.526e-5
0.267, -4.454e-5
0.266, -4.395e-5
0.265, -4.329e-5
0.264, -4.272e-5
0.263, -4.213e-5
0.262, -4.153e-5
0.261, -4.106e-5
0.260, -4.039e-5
0.259, -3.981e-5
0.258, -3.917e-5
0.257, -3.863e-5
0.256, -3.808e-5
0.255, -3.755e-5
0.254, -3.699e-5
0.253, -3.637e-5
0.252, -3.599e-5
0.251, -3.555e-5
0.250, -3.502e-5
0.249, -3.456e-5
0.248, -3.415e-5
0.247, -3.367e-5
0.246, -3.328e-5
0.245, -3.286e-5
0.244, -3.246e-5
0.243, -3.204e-5
0.242, -3.169e-5
0.241, -3.127e-5
0.240, -3.090e-5
0.239, -3.064e-5
0.238, -3.038e-5
0.237, -2.990e-5
0.236, -2.967e-5
0.235, -2.925e-5
0.234, -2.898e-5
0.233, -2.866e-5
0.232, -2.826e-5
0.231, -2.805e-5
0.230, -2.774e-5
0.229, -2.740e-5
0.228, -2.717e-5
0.227, -2.678e-5
0.226, -2.657e-5
0.225, -2.635e-5
0.224, -2.607e-5
0.223, -2.582e-5
0.222, -2.556e-5
0.221, -2.526e-5
0.220, -2.501e-5
0.219, -2.477e-5
0.218, -2.454e-5
0.217, -2.433e-5
0.216, -2.409e-5
0.215, -2.388e-5
0.214, -2.366e-5
0.213, -2.339e-5
0.212, -2.317e-5
0.211, -2.296e-5
0.210, -2.283e-5
0.209, -2.264e-5
0.208, -2.242e-5
0.207, -2.218e-5
0.206, -2.208e-5
0.205, -2.179e-5
0.204, -2.153e-5
0.203, -2.145e-5
0.202, -2.130e-5
0.201, -2.109e-5
0.200, -1.935e-5
0.201, -1.597e-5
0.202, -1.442e-5
0.203, -1.330e-5
0.204, -1.238e-5
0.205, -1.173e-5
0.206, -1.097e-5
0.207, -1.029e-5
0.208, -9.764e-6
0.209, -9.149e-6
0.210, -8.748e-6
0.211, -8.338e-6
0.212, -7.899e-6
0.213, -7.586e-6
0.214, -7.137e-6
0.215, -6.796e-6
0.216, -6.376e-6
0.217, -6.112e-6
0.218, -5.829e-6
0.219, -5.458e-6
0.220, -5.175e-6
0.221, -4.921e-6
0.222, -4.667e-6
0.223, -4.413e-6
0.224, -4.150e-6
0.225, -3.857e-6
0.226, -3.622e-6
0.227, -3.349e-6
0.228, -3.203e-6
0.229, -2.949e-6
0.230, -2.705e-6
0.231, -2.451e-6
0.232, -2.265e-6
0.233, -2.050e-6
0.234, -1.845e-6
0.235, -1.631e-6
0.236, -1.347e-6
0.237, -1.211e-6
0.238, -1.054e-6
0.239, -8.494e-7
0.240, -7.030e-7
0.241, -4.784e-7
0.242, -3.124e-7
0.243, -1.269e-7
0.244, 8.787e-8
0.245, 2.734e-7
0.246, 4.296e-7
0.247, 6.054e-7
0.248, 8.397e-7
0.249, 9.764e-7
0.250, 1.084e-6
0.251, 1.299e-6
0.252, 1.465e-6
0.253, 1.660e-6
0.254, 1.806e-6
0.255, 1.992e-6
0.256, 2.226e-6
0.257, 2.314e-6
0.258, 2.500e-6
0.259, 2.675e-6
0.260, 2.851e-6
0.261, 3.017e-6
0.262, 3.173e-6
0.263, 3.222e-6
0.264, 3.437e-6
0.265, 3.652e-6
0.266, 3.769e-6
0.267, 3.964e-6
0.268, 4.179e-6
0.269, 4.237e-6
0.270, 4.491e-6
0.271, 4.618e-6
0.272, 4.765e-6
0.273, 4.940e-6
0.274, 5.165e-6
0.275, 5.263e-6
0.276, 5.497e-6
0.277, 5.653e-6
0.278, 5.868e-6
0.279, 5.936e-6
0.280, 6.239e-6
0.281, 6.337e-6
0.282, 6.571e-6
0.283, 6.630e-6
0.284, 6.864e-6
0.285, 7.010e-6
0.286, 7.225e-6
0.287, 7.401e-6
0.288, 7.606e-6
0.289, 7.850e-6
0.290, 7.938e-6
0.291, 8.192e-6
0.292, 8.426e-6
0.293, 8.670e-6
0.294, 8.817e-6
0.295, 8.973e-6
0.296, 9.285e-6
0.297, 9.559e-6
0.298, 9.676e-6
0.299, 9.940e-6
0.300, 1.014e-5
0.301, 1.042e-5
0.302, 1.065e-5
0.303, 1.091e-5
0.304, 1.100e-5
0.305, 1.128e-5
0.306, 1.153e-5
0.307, 1.182e-5
0.308, 1.215e-5
0.309, 1.237e-5
0.310, 1.251e-5
0.311, 1.270e-5
0.312, 1.294e-5
0.313, 1.330e-5
0.314, 1.351e-5
0.315, 1.370e-5
0.316, 1.400e-5
0.317, 1.423e-5
0.318, 1.449e-5
0.319, 1.470e-5
0.320, 1.488e-5
0.321, 1.521e-5
0.322, 1.556e-5
0.323, 1.576e-5
0.324, 1.599e-5
0.325, 1.629e-5
0.326, 1.661e-5
0.327, 1.691e-5
0.328, 1.711e-5
0.329, 1.746e-5
0.330, 1.771e-5
0.331, 1.804e-5
0.332, 1.834e-5
0.333, 1.867e-5
0.334, 1.889e-5
0.335, 1.919e-5
0.336, 1.956e-5
0.337, 1.987e-5
0.338, 2.019e-5
0.339, 2.051e-5
0.340, 2.087e-5
0.341, 2.117e-5
0.342, 2.149e-5
0.343, 2.185e-5
0.344, 2.219e-5
0.345, 2.259e-5
0.346, 2.287e-5
0.347, 2.333e-5
0.348, 2.368e-5
0.349, 2.405e-5
0.350, 2.444e-5
0.351, 2.482e-5
0.352, 2.516e-5
0.353, 2.553e-5
0.354, 2.585e-5
0.355, 2.622e-5
0.356, 2.664e-5
0.357, 2.701e-5
0.358, 2.734e-5
0.359, 2.782e-5
0.360, 2.806e-5
0.361, 2.851e-5
0.362, 2.884e-5
0.363, 2.928e-5
0.364, 2.968e-5
0.365, 2.999e-5
0.366, 3.046e-5
0.367, 3.089e-5
0.368, 3.131e-5
0.369, 3.176e-5
0.370, 3.219e-5
0.371, 3.260e-5
0.372, 3.300e-5
0.373, 3.356e-5
0.374, 3.407e-5
0.375, 3.457e-5
0.376, 3.507e-5
0.377, 3.556e-5
0.378, 3.609e-5
0.379, 3.655e-5
0.380, 3.708e-5
0.381, 3.755e-5
0.382, 3.804e-5
0.383, 3.859e-5
0.384, 3.911e-5
0.385, 3.965e-5
0.386, 4.012e-5
0.387, 4.071e-5
0.388, 4.133e-5
0.389, 4.185e-5
0.390, 4.247e-5
0.391, 4.310e-5
0.392, 4.382e-5
0.393, 4.443e-5
0.394, 4.499e-5
0.395, 4.581e-5
0.396, 4.650e-5
0.397, 4.718e-5
0.398, 4.787e-5
0.399, 4.866e-5
0.400, 4.943e-5
0.401, 5.019e-5
0.402, 5.098e-5
0.403, 5.187e-5
0.404, 5.280e-5
0.405, 5.354e-5
0.406, 5.437e-5
0.407, 5.539e-5
0.408, 5.645e-5
0.409, 5.724e-5
0.410, 5.626e-5
0.411, 5.849e-5
0.412, 6.005e-5
0.413, 6.136e-5
0.414, 6.255e-5
0.415, 6.394e-5
0.416, 6.518e-5
0.417, 6.647e-5
0.418, 6.792e-5
0.419, 6.946e-5
0.420, 7.123e-5
0.421, 7.289e-5
0.422, 7.464e-5
0.423, 7.625e-5
0.424, 7.815e-5
0.425, 8.024e-5
0.426, 8.263e-5
0.427, 8.536e-5
0.428, 8.791e-5
0.429, 9.062e-5
0.430, 9.357e-5
0.431, 9.683e-5
0.432, 1.006e-4
0.433, 1.044e-4
0.434, 1.087e-4
0.435, 1.134e-4
0.436, 1.182e-4
0.437, 1.237e-4
0.438, 1.294e-4
0.439, 1.361e-4
0.440, 1.431e-4
0.441, 1.511e-4
0.442, 1.599e-4
0.443, 1.693e-4
0.444, 1.794e-4
0.445, 1.908e-4
0.446, 2.030e-4
0.447, 2.163e-4
0.448, 2.304e-4
0.449, 2.461e-4
0.450, 2.634e-4
0.451, 2.819e-4
0.452, 3.022e-4
0.453, 3.238e-4
0.454, 3.474e-4
0.455, 3.726e-4
0.456, 3.999e-4
0.457, 4.291e-4
0.458, 4.600e-4
0.459, 4.933e-4
0.460, 5.285e-4
0.461, 5.660e-4
0.462, 6.053e-4
0.463, 6.465e-4
0.464, 6.895e-4
0.465, 7.341e-4
0.466, 7.803e-4
0.467, 8.281e-4
0.468, 8.764e-4
0.469, 9.251e-4
0.470, 9.738e-4
0.471, 1.022e-3
0.472, 1.070e-3
0.473, 1.118e-3
0.474, 1.163e-3
0.475, 1.207e-3
0.476, 1.251e-3
0.477, 1.291e-3
0.478, 1.330e-3
0.479, 1.367e-3
0.480, 1.401e-3
0.481, 1.432e-3
0.482, 1.460e-3
0.483, 1.485e-3
0.484, 1.507e-3
0.485, 1.526e-3
0.486, 1.542e-3
0.487, 1.555e-3
0.488, 1.564e-3
0.489, 1.569e-3
0.490, 1.572e-3
0.491, 1.571e-3
0.492, 1.567e-3
0.493, 1.560e-3
0.494, 1.550e-3
0.495, 1.536e-3
0.496, 1.519e-3
0.497, 1.499e-3
0.498, 1.477e-3
0.499, 1.452e-3
0.500, 1.424e-3
0.501, 1.394e-3
0.502, 1.363e-3
0.503, 1.330e-3
0.504, 1.296e-3
0.505, 1.261e-3
0.506, 1.225e-3
0.507, 1.190e-3
0.508, 1.154e-3
0.509, 1.118e-3
0.510, 1.083e-3
0.511, 1.049e-3
0.512, 1.016e-3
0.513, 9.851e-4
0.514, 9.525e-4
0.515, 9.213e-4
0.516, 8.914e-4
0.517, 8.626e-4
0.518, 8.348e-4
0.519, 8.074e-4
0.520, 7.813e-4
0.521, 7.563e-4
0.522, 7.322e-4
0.523, 7.088e-4
0.524, 6.862e-4
0.525, 6.636e-4
0.526, 6.427e-4
0.527, 6.220e-4
0.528, 6.030e-4
0.529, 5.841e-4
0.530, 5.656e-4
0.531, 5.481e-4
0.532, 5.313e-4
0.533, 5.147e-4
0.534, 4.994e-4
0.535, 4.842e-4
0.536, 4.701e-4
0.537, 4.566e-4
0.538, 4.440e-4
0.539, 4.317e-4
0.540, 4.195e-4
0.541, 4.083e-4
0.542, 3.977e-4
0.543, 3.874e-4
0.544, 3.779e-4
0.545, 3.695e-4
0.546, 3.611e-4
0.547, 3.532e-4
0.548, 3.455e-4
0.549, 3.388e-4
0.550, 3.322e-4
0.551, 3.251e-4
0.552, 3.201e-4
0.553, 3.151e-4
0.554, 3.100e-4
0.555, 3.056e-4
0.556, 3.012e-4
0.557, 2.974e-4
0.558, 2.941e-4
0.559, 2.906e-4
0.560, 2.875e-4
0.561, 2.849e-4
0.562, 2.825e-4
0.563, 2.804e-4
0.564, 2.782e-4
0.565, 2.762e-4
0.566, 2.747e-4
0.567, 2.734e-4
0.568, 2.726e-4
0.569, 2.722e-4
0.570, 2.717e-4
0.571, 2.714e-4
0.572, 2.712e-4
0.573, 2.714e-4
0.574, 2.717e-4
0.575, 2.723e-4
0.576, 2.726e-4
0.577, 2.736e-4
0.578, 2.750e-4
0.579, 2.766e-4
0.580, 2.787e-4
0.581, 2.809e-4
0.582, 2.834e-4
0.583, 2.858e-4
0.584, 2.888e-4
0.585, 2.920e-4
0.586, 2.952e-4
0.587, 2.989e-4
0.588, 3.033e-4
0.589, 3.076e-4
0.590, 3.120e-4
0.591, 3.168e-4
0.592, 3.219e-4
0.593, 3.275e-4
0.594, 3.334e-4
0.595, 3.395e-4
0.596, 3.463e-4
0.597, 3.533e-4
0.598, 3.605e-4
0.599, 3.682e-4
0.600, 3.757e-4
0.601, 3.846e-4
0.602, 3.932e-4
0.603, 4.028e-4
0.604, 4.124e-4
0.605, 4.225e-4
0.606, 4.335e-4
0.607, 4.446e-4
0.608, 4.561e-4
0.609, 4.680e-4
0.610, 4.806e-4
0.611, 4.935e-4
0.612, 5.070e-4
0.613, 5.207e-4
0.614, 5.352e-4
0.615, 5.488e-4
0.616, 5.645e-4
0.617, 5.811e-4
0.618, 5.975e-4
0.619, 6.141e-4
0.620, 6.323e-4
0.621, 6.505e-4
0.622, 6.689e-4
0.623, 6.878e-4
0.624, 7.075e-4
0.625, 7.283e-4
0.626, 7.490e-4
0.627, 7.702e-4
0.628, 7.921e-4
0.629, 8.145e-4
0.630, 8.381e-4
0.631, 8.613e-4
0.632, 8.855e-4
0.633, 9.101e-4
0.634, 9.356e-4
0.635, 9.612e-4
0.636, 9.874e-4
0.637, 1.014e-3
0.638, 1.042e-3
0.639, 1.069e-3
0.640, 1.098e-3
0.641, 1.128e-3
0.642, 1.157e-3
0.643, 1.186e-3
0.644, 1.217e-3
0.645, 1.247e-3
0.646, 1.279e-3
0.647, 1.311e-3
0.648, 1.344e-3
0.649, 1.377e-3
0.650, 1.410e-3
0.651, 1.444e-3
0.652, 1.479e-3
0.653, 1.513e-3
0.654, 1.548e-3
0.655, 1.584e-3
0.656, 1.621e-3
0.657, 1.658e-3
0.658, 1.694e-3
0.659, 1.732e-3
0.660, 1.770e-3
0.661, 1.808e-3
0.662, 1.847e-3
0.663, 1.886e-3
0.664, 1.926e-3
0.665, 1.966e-3
0.666, 2.007e-3
0.667, 2.048e-3
0.668, 2.090e-3
0.669, 2.131e-3
0.670, 2.173e-3
0.671, 2.215e-3
0.672, 2.258e-3
0.673, 2.301e-3
0.674, 2.344e-3
0.675, 2.388e-3
0.676, 2.432e-3
0.677, 2.476e-3
0.678, 2.521e-3
0.679, 2.566e-3
0.680, 2.611e-3
0.681, 2.657e-3
0.682, 2.702e-3
0.683, 2.748e-3
0.684, 2.795e-3
0.685, 2.842e-3
0.686, 2.890e-3
0.687, 2.937e-3
0.688, 2.984e-3
0.689, 3.032e-3
0.690, 3.081e-3
0.691, 3.130e-3
0.692, 3.179e-3
0.693, 3.228e-3
0.694, 3.277e-3
0.695, 3.327e-3
0.696, 3.376e-3
0.697, 3.426e-3
0.698, 3.477e-3
0.699, 3.528e-3
0.700, 3.579e-3
0.701, 3.630e-3
0.702, 3.681e-3
0.703, 3.732e-3
0.704, 3.784e-3
0.705, 3.836e-3
0.706, 3.887e-3
0.707, 3.940e-3
0.708, 3.993e-3
0.709, 4.046e-3
0.710, 4.099e-3
0.711, 4.152e-3
0.712, 4.205e-3
0.713, 4.258e-3
0.714, 4.312e-3
0.715, 4.366e-3
0.716, 4.420e-3
0.717, 4.476e-3
0.718, 4.531e-3
0.719, 4.586e-3
0.720, 4.641e-3
0.721, 4.696e-3
0.722, 4.751e-3
0.723, 4.806e-3
0.724, 4.862e-3
0.725, 4.917e-3
0.726, 4.973e-3
0.727, 5.029e-3
0.728, 5.085e-3
0.729, 5.142e-3
0.730, 5.198e-3
0.731, 5.254e-3
0.732, 5.311e-3
0.733, 5.368e-3
0.734, 5.425e-3
0.735, 5.482e-3
0.736, 5.540e-3
0.737, 5.597e-3
0.738, 5.655e-3
0.739, 5.712e-3
0.740, 5.770e-3
0.741, 5.828e-3
0.742, 5.886e-3
0.743, 5.944e-3
0.744, 6.003e-3
0.745, 6.061e-3
0.746, 6.119e-3
0.747, 6.178e-3
0.748, 6.237e-3
0.749, 6.297e-3
0.750, 6.356e-3
0.751, 6.415e-3
0.752, 6.474e-3
0.753, 6.533e-3
0.754, 6.592e-3
0.755, 6.652e-3
0.756, 6.711e-3
0.757, 6.771e-3
0.758, 6.831e-3
0.759, 6.891e-3
0.760, 6.952e-3
0.761, 7.012e-3
0.762, 7.073e-3
0.763, 7.133e-3
0.764, 7.194e-3
0.765, 7.254e-3
0.766, 7.314e-3
0.767, 7.375e-3
0.768, 7.435e-3
0.769, 7.497e-3
0.770, 7.558e-3
0.771, 7.619e-3
0.772, 7.680e-3
0.773, 7.741e-3
0.774, 7.803e-3
0.775, 7.864e-3
0.776, 7.926e-3
0.777, 7.988e-3
0.778, 8.049e-3
0.779, 8.111e-3
0.780, 8.173e-3
0.781, 8.235e-3
0.782, 8.296e-3
0.783, 8.358e-3
0.784, 8.420e-3
0.785, 8.483e-3
0.786, 8.545e-3
0.787, 8.608e-3
0.788, 8.670e-3
0.789, 8.733e-3
0.790, 8.795e-3
0.791, 8.857e-3
0.792, 8.920e-3
0.793, 8.983e-3
0.794, 9.046e-3
0.795, 9.109e-3
0.796, 9.172e-3
0.797, 9.234e-3
0.798, 9.297e-3
0.799, 9.361e-3
0.800, 9.405e-3
0.799, 9.360e-3
0.798, 9.295e-3
0.797, 9.230e-3
0.796, 9.166e-3
0.795, 9.101e-3
0.794, 9.037e-3
0.793, 8.972e-3
0.792, 8.908e-3
0.791, 8.844e-3
0.790, 8.780e-3
0.789, 8.716e-3
0.788, 8.652e-3
0.787, 8.588e-3
0.786, 8.524e-3
0.785, 8.460e-3
0.784, 8.396e-3
0.783, 8.333e-3
0.782, 8.269e-3
0.781, 8.206e-3
0.780, 8.143e-3
0.779, 8.080e-3
0.778, 8.017e-3
0.777, 7.954e-3
0.776, 7.891e-3
0.775, 7.828e-3
0.774, 7.765e-3
0.773, 7.702e-3
0.772, 7.640e-3
0.771, 7.578e-3
0.770, 7.516e-3
0.769, 7.453e-3
0.768, 7.391e-3
0.767, 7.329e-3
0.766, 7.267e-3
0.765, 7.205e-3
0.764, 7.144e-3
0.763, 7.083e-3
0.762, 7.021e-3
0.761, 6.960e-3
0.760, 6.899e-3
0.759, 6.838e-3
0.758, 6.777e-3
0.757, 6.717e-3
0.756, 6.656e-3
0.755, 6.595e-3
0.754, 6.535e-3
0.753, 6.475e-3
0.752, 6.415e-3
0.751, 6.356e-3
0.750, 6.296e-3
0.749, 6.236e-3
0.748, 6.176e-3
0.747, 6.117e-3
0.746, 6.058e-3
0.745, 5.999e-3
0.744, 5.940e-3
0.743, 5.881e-3
0.742, 5.823e-3
0.741, 5.764e-3
0.740, 5.706e-3
0.739, 5.648e-3
0.738, 5.589e-3
0.737, 5.532e-3
0.736, 5.474e-3
0.735, 5.416e-3
0.734, 5.359e-3
0.733, 5.301e-3
0.732, 5.245e-3
0.731, 5.187e-3
0.730, 5.130e-3
0.729, 5.074e-3
0.728, 5.018e-3
0.727, 4.961e-3
0.726, 4.906e-3
0.725, 4.850e-3
0.724, 4.794e-3
0.723, 4.739e-3
0.722, 4.683e-3
0.721, 4.628e-3
0.720, 4.573e-3
0.719, 4.518e-3
0.718, 4.464e-3
0.717, 4.408e-3
0.716, 4.352e-3
0.715, 4.298e-3
0.714, 4.244e-3
0.713, 4.191e-3
0.712, 4.137e-3
0.711, 4.084e-3
0.710, 4.031e-3
0.709, 3.978e-3
0.708, 3.925e-3
0.707, 3.872e-3
0.706, 3.820e-3
0.705, 3.768e-3
0.704, 3.716e-3
0.703, 3.665e-3
0.702, 3.614e-3
0.701, 3.563e-3
0.700, 3.512e-3
0.699, 3.461e-3
0.698, 3.410e-3
0.697, 3.360e-3
0.696, 3.310e-3
0.695, 3.261e-3
0.694, 3.211e-3
0.693, 3.162e-3
0.692, 3.113e-3
0.691, 3.064e-3
0.690, 3.015e-3
0.689, 2.967e-3
0.688, 2.919e-3
0.687, 2.871e-3
0.686, 2.824e-3
0.685, 2.777e-3
0.684, 2.730e-3
0.683, 2.684e-3
0.682, 2.637e-3
0.681, 2.592e-3
0.680, 2.546e-3
0.679, 2.501e-3
0.678, 2.456e-3
0.677, 2.411e-3
0.676, 2.367e-3
0.675, 2.322e-3
0.674, 2.278e-3
0.673, 2.235e-3
0.672, 2.191e-3
0.671, 2.149e-3
0.670, 2.106e-3
0.669, 2.064e-3
0.668, 2.022e-3
0.667, 1.981e-3
0.666, 1.939e-3
0.665, 1.898e-3
0.664, 1.858e-3
0.663, 1.817e-3
0.662, 1.778e-3
0.661, 1.739e-3
0.660, 1.699e-3
0.659, 1.661e-3
0.658, 1.623e-3
0.657, 1.585e-3
0.656, 1.547e-3
0.655, 1.510e-3
0.654, 1.473e-3
0.653, 1.437e-3
0.652, 1.401e-3
0.651, 1.366e-3
0.650, 1.331e-3
0.649, 1.297e-3
0.648, 1.262e-3
0.647, 1.228e-3
0.646, 1.195e-3
0.645, 1.163e-3
0.644, 1.130e-3
0.643, 1.098e-3
0.642, 1.067e-3
0.641, 1.036e-3
0.640, 1.005e-3
0.639, 9.745e-4
0.638, 9.451e-4
0.637, 9.158e-4
0.636, 8.870e-4
0.635, 8.588e-4
0.634, 8.308e-4
0.633, 8.033e-4
0.632, 7.762e-4
0.631, 7.498e-4
0.630, 7.241e-4
0.629, 6.985e-4
0.628, 6.732e-4
0.627, 6.494e-4
0.626, 6.251e-4
0.625, 6.019e-4
0.624, 5.792e-4
0.623, 5.564e-4
0.622, 5.344e-4
0.621, 5.125e-4
0.620, 4.915e-4
0.619, 4.709e-4
0.618, 4.509e-4
0.617, 4.310e-4
0.616, 4.118e-4
0.615, 3.931e-4
0.614, 3.760e-4
0.613, 3.578e-4
0.612, 3.402e-4
0.611, 3.234e-4
0.610, 3.069e-4
0.609, 2.909e-4
0.608, 2.750e-4
0.607, 2.601e-4
0.606, 2.455e-4
0.605, 2.315e-4
0.604, 2.180e-4
0.603, 2.047e-4
0.602, 1.920e-4
0.601, 1.793e-4
0.600, 1.675e-4
0.599, 1.557e-4
0.598, 1.444e-4
0.597, 1.333e-4
0.596, 1.229e-4
0.595, 1.130e-4
0.594, 1.028e-4
0.593, 9.333e-5
0.592, 8.430e-5
0.591, 7.539e-5
0.590, 6.711e-5
0.589, 5.819e-5
0.588, 5.026e-5
0.587, 4.317e-5
0.586, 3.592e-5
0.585, 2.915e-5
0.584, 2.245e-5
0.583, 1.572e-5
0.582, 9.637e-6
0.581, 3.349e-6
0.580, -2.490e-6
0.579, -7.957e-6
0.578, -1.350e-5
0.577, -1.881e-5
0.576, -2.296e-5
0.575, -2.776e-5
0.574, -3.208e-5
0.573, -3.653e-5
0.572, -4.130e-5
0.571, -4.507e-5
0.570, -4.890e-5
0.569, -5.286e-5
0.568, -5.624e-5
0.567, -5.956e-5
0.566, -6.291e-5
0.565, -6.649e-5
0.564, -6.912e-5
0.563, -7.238e-5
0.562, -7.514e-5
0.561, -7.766e-5
0.560, -8.043e-5
0.559, -8.305e-5
0.558, -8.553e-5
0.557, -8.800e-5
0.556, -9.059e-5
0.555, -9.261e-5
0.554, -9.441e-5
0.553, -9.650e-5
0.552, -9.858e-5
0.551, -1.006e-4
0.550, -1.022e-4
0.549, -1.040e-4
0.548, -1.059e-4
0.547, -1.074e-4
0.546, -1.093e-4
0.545, -1.115e-4
0.544, -1.134e-4
0.543, -1.149e-4
0.542, -1.161e-4
0.541, -1.176e-4
0.540, -1.192e-4
0.539, -1.205e-4
0.538, -1.218e-4
0.537, -1.236e-4
0.536, -1.247e-4
0.535, -1.261e-4
0.534, -1.273e-4
0.533, -1.289e-4
0.532, -1.302e-4
0.531, -1.315e-4
0.530, -1.329e-4
0.529, -1.338e-4
0.528, -1.349e-4
0.527, -1.367e-4
0.526, -1.380e-4
0.525, -1.391e-4
0.524, -1.401e-4
0.523, -1.416e-4
0.522, -1.426e-4
0.521, -1.438e-4
0.520, -1.451e-4
0.519, -1.464e-4
0.518, -1.477e-4
0.517, -1.489e-4
0.516, -1.505e-4
0.515, -1.512e-4
0.514, -1.529e-4
0.513, -1.540e-4
0.512, -1.572e-4
0.511, -1.585e-4
0.510, -1.587e-4
0.509, -1.598e-4
0.508, -1.610e-4
0.507, -1.622e-4
0.506, -1.636e-4
0.505, -1.649e-4
0.504, -1.664e-4
0.503, -1.676e-4
0.502, -1.686e-4
0.501, -1.701e-4
0.500, -1.717e-4
0.499, -1.722e-4
0.498, -1.738e-4
0.497, -1.754e-4
0.496, -1.766e-4
0.495, -1.787e-4
0.494, -1.801e-4
0.493, -1.819e-4
0.492, -1.835e-4
0.491, -1.850e-4
0.490, -1.870e-4
0.489, -1.886e-4
0.488, -1.901e-4
0.487, -1.921e-4
0.486, -1.947e-4
0.485, -1.962e-4
0.484, -1.981e-4
0.483, -2.000e-4
0.482, -2.021e-4
0.481, -2.045e-4
0.480, -2.067e-4
0.479, -2.091e-4
0.478, -2.115e-4
0.477, -2.140e-4
0.476, -2.165e-4
0.475, -2.187e-4
0.474, -2.214e-4
0.473, -2.237e-4
0.472, -2.263e-4
0.471, -2.298e-4
0.470, -2.329e-4
0.469, -2.361e-4
0.468, -2.395e-4
0.467, -2.427e-4
0.466, -2.461e-4
0.465, -2.495e-4
0.464, -2.533e-4
0.463, -2.571e-4
0.462, -2.611e-4
0.461, -2.653e-4
0.460, -2.695e-4
0.459, -2.741e-4
0.458, -2.785e-4
0.457, -2.833e-4
0.456, -2.881e-4
0.455, -2.932e-4
0.454, -2.987e-4
0.453, -3.037e-4
0.452, -3.098e-4
0.451, -3.150e-4
0.450, -3.213e-4
0.449, -3.277e-4
0.448, -3.337e-4
0.447, -3.403e-4
0.446, -3.473e-4
0.445, -3.547e-4
0.444, -3.621e-4
0.443, -3.694e-4
0.442, -3.773e-4
0.441, -3.856e-4
0.440, -3.936e-4
0.439, -4.016e-4
0.438, -4.101e-4
0.437, -4.194e-4
0.436, -4.288e-4
0.435, -4.389e-4
0.434, -4.485e-4
0.433, -4.578e-4
0.432, -4.676e-4
0.431, -4.777e-4
0.430, -4.877e-4
0.429, -4.985e-4
0.428, -5.092e-4
0.427, -5.196e-4
0.426, -5.303e-4
0.425, -5.408e-4
0.424, -5.522e-4
0.423, -5.632e-4
0.422, -5.733e-4
0.421, -5.839e-4
0.420, -5.951e-4
0.419, -6.061e-4
0.418, -6.172e-4
0.417, -6.284e-4
0.416, -6.393e-4
0.415, -6.511e-4
0.414, -6.617e-4
0.413, -6.727e-4
0.412, -6.837e-4
0.411, -6.945e-4
0.410, -7.034e-4
0.409, -7.059e-4
0.408, -7.178e-4
0.407, -7.303e-4
0.406, -7.417e-4
0.405, -7.535e-4
0.404, -7.648e-4
0.403, -7.767e-4
0.402, -7.881e-4
0.401, -7.995e-4
0.400, -8.107e-4
0.399, -8.223e-4
0.398, -8.338e-4
0.397, -8.453e-4
0.396, -8.560e-4
0.395, -8.673e-4
0.394, -8.788e-4
0.393, -8.899e-4
0.392, -9.007e-4
0.391, -9.119e-4
0.390, -9.223e-4
0.389, -9.327e-4
0.388, -9.424e-4
0.387, -9.517e-4
0.386, -9.610e-4
0.385, -9.696e-4
0.384, -9.779e-4
0.383, -9.858e-4
0.382, -9.927e-4
0.381, -9.986e-4
0.380, -1.004e-3
0.379, -1.008e-3
0.378, -1.011e-3
0.377, -1.013e-3
0.376, -1.014e-3
0.375, -1.014e-3
0.374, -1.012e-3
0.373, -1.009e-3
0.372, -1.004e-3
0.371, -9.974e-4
0.370, -9.896e-4
0.369, -9.799e-4
0.368, -9.687e-4
0.367, -9.561e-4
0.366, -9.412e-4
0.365, -9.248e-4
0.364, -9.066e-4
0.363, -8.868e-4
0.362, -8.653e-4
0.361, -8.426e-4
0.360, -8.183e-4
0.359, -7.935e-4
0.358, -7.677e-4
0.357, -7.410e-4
0.356, -7.136e-4
0.355, -6.861e-4
0.354, -6.585e-4
0.353, -6.308e-4
0.352, -6.039e-4
0.351, -5.774e-4
0.350, -5.513e-4
0.349, -5.256e-4
0.348, -5.010e-4
0.347, -4.771e-4
0.346, -4.541e-4
0.345, -4.322e-4
0.344, -4.115e-4
0.343, -3.922e-4
0.342, -3.736e-4
0.341, -3.559e-4
0.340, -3.389e-4
0.339, -3.231e-4
0.338, -3.085e-4
0.337, -2.943e-4
0.336, -2.809e-4
0.335, -2.686e-4
0.334, -2.568e-4
0.333, -2.458e-4
0.332, -2.356e-4
0.331, -2.256e-4
0.330, -2.166e-4
0.329, -2.079e-4
0.328, -1.996e-4
0.327, -1.921e-4
0.326, -1.848e-4
0.325, -1.780e-4
0.324, -1.717e-4
0.323, -1.658e-4
0.322, -1.599e-4
0.321, -1.545e-4
0.320, -1.491e-4
0.319, -1.442e-4
0.318, -1.398e-4
0.317, -1.352e-4
0.316, -1.310e-4
0.315, -1.270e-4
0.314, -1.231e-4
0.313, -1.196e-4
0.312, -1.165e-4
0.311, -1.133e-4
0.310, -1.097e-4
0.309, -1.067e-4
0.308, -1.039e-4
0.307, -1.016e-4
0.306, -9.886e-5
0.305, -9.621e-5
0.304, -9.378e-5
0.303, -9.160e-5
0.302, -8.940e-5
0.301, -8.716e-5
0.300, -8.506e-5
0.299, -8.296e-5
0.298, -8.120e-5
0.297, -7.931e-5
0.296, -7.764e-5
0.295, -7.592e-5
0.294, -7.413e-5
0.293, -7.253e-5
0.292, -7.110e-5
0.291, -6.972e-5
0.290, -6.851e-5
0.289, -6.736e-5
0.288, -6.620e-5
0.287, -6.482e-5
0.286, -6.348e-5
0.285, -6.209e-5
0.284, -6.086e-5
0.283, -5.964e-5
0.282, -5.860e-5
0.281, -5.753e-5
0.280, -5.644e-5
0.279, -5.553e-5
0.278, -5.461e-5
0.277, -5.366e-5
0.276, -5.280e-5
0.275, -5.187e-5
0.274, -5.087e-5
0.273, -5.009e-5
0.272, -4.921e-5
0.271, -4.840e-5
0.270, -4.774e-5
0.269, -4.688e-5
0.268, -4.613e-5
0.267, -4.549e-5
0.266, -4.484e-5
0.265, -4.428e-5
0.264, -4.364e-5
0.263, -4.308e-5
0.262, -4.245e-5
0.261, -4.190e-5
0.260, -4.135e-5
0.259, -4.073e-5
0.258, -4.022e-5
0.257, -3.968e-5
0.256, -3.907e-5
0.255, -3.848e-5
0.254, -3.792e-5
0.253, -3.737e-5
0.252, -3.684e-5
0.251, -3.638e-5
0.250, -3.598e-5
0.249, -3.545e-5
0.248, -3.492e-5
0.247, -3.452e-5
0.246, -3.404e-5
0.245, -3.365e-5
0.244, -3.330e-5
0.243, -3.284e-5
0.242, -3.242e-5
0.241, -3.216e-5
0.240, -3.171e-5
0.239, -3.137e-5
0.238, -3.102e-5
0.237, -3.063e-5
0.236, -3.038e-5
0.235, -3.000e-5
0.234, -2.970e-5
0.233, -2.939e-5
0.232, -2.904e-5
0.231, -2.876e-5
0.230, -2.838e-5
0.229, -2.815e-5
0.228, -2.791e-5
0.227, -2.750e-5
0.226, -2.724e-5
0.225, -2.695e-5
0.224, -2.668e-5
0.223, -2.638e-5
0.222, -2.610e-5
0.221, -2.589e-5
0.220, -2.564e-5
0.219, -2.541e-5
0.218, -2.518e-5
0.217, -2.497e-5
0.216, -2.472e-5
0.215, -2.448e-5
0.214, -2.422e-5
0.213, -2.400e-5
0.212, -2.379e-5
0.211, -2.353e-5
0.210, -2.337e-5
0.209, -2.318e-5
0.208, -2.296e-5
0.207, -2.280e-5
0.206, -2.252e-5
0.205, -2.223e-5
0.204, -2.211e-5
0.203, -2.194e-5
0.202, -2.174e-5
0.201, -2.171e-5
0.200, -1.992e-5
0.201, -1.645e-5
0.202, -1.496e-5
0.203, -1.379e-5
0.204, -1.280e-5
0.205, -1.209e-5
0.206, -1.137e-5
0.207, -1.071e-5
0.208, -1.018e-5
0.209, -9.598e-6
0.210, -9.110e-6
0.211, -8.670e-6
0.212, -8.231e-6
0.213, -7.821e-6
0.214, -7.430e-6
0.215, -7.128e-6
0.216, -6.757e-6
0.217, -6.483e-6
0.218, -6.210e-6
0.219, -5.888e-6
0.220, -5.624e-6
0.221, -5.302e-6
0.222, -4.999e-6
0.223, -4.814e-6
0.224, -4.511e-6
0.225, -4.277e-6
0.226, -4.003e-6
0.227, -3.720e-6
0.228, -3.544e-6
0.229, -3.329e-6
0.230, -3.085e-6
0.231, -2.822e-6
0.232, -2.656e-6
0.233, -2.363e-6
0.234, -2.168e-6
0.235, -1.963e-6
0.236, -1.767e-6
0.237, -1.631e-6
0.238, -1.338e-6
0.239, -1.181e-6
0.240, -1.025e-6
0.241, -8.104e-7
0.242, -6.737e-7
0.243, -4.589e-7
0.244, -3.124e-7
0.245, -1.367e-7
0.246, 1.562e-7
0.247, 2.636e-7
0.248, 4.980e-7
0.249, 6.346e-7
0.250, 7.909e-7
0.251, 9.861e-7
0.252, 1.191e-6
0.253, 1.289e-6
0.254, 1.523e-6
0.255, 1.631e-6
0.256, 1.884e-6
0.257, 2.060e-6
0.258, 2.138e-6
0.259, 2.373e-6
0.260, 2.529e-6
0.261, 2.753e-6
0.262, 2.929e-6
0.263, 3.095e-6
0.264, 3.203e-6
0.265, 3.456e-6
0.266, 3.593e-6
0.267, 3.671e-6
0.268, 3.876e-6
0.269, 3.993e-6
0.270, 4.198e-6
0.271, 4.423e-6
0.272, 4.550e-6
0.273, 4.735e-6
0.274, 4.892e-6
0.275, 5.067e-6
0.276, 5.194e-6
0.277, 5.419e-6
0.278, 5.595e-6
0.279, 5.741e-6
0.280, 5.956e-6
0.281, 6.112e-6
0.282, 6.259e-6
0.283, 6.434e-6
0.284, 6.600e-6
0.285, 6.757e-6
0.286, 6.991e-6
0.287, 7.176e-6
0.288, 7.362e-6
0.289, 7.557e-6
0.290, 7.694e-6
0.291, 7.918e-6
0.292, 8.172e-6
0.293, 8.338e-6
0.294, 8.621e-6
0.295, 8.778e-6
0.296, 9.012e-6
0.297, 9.149e-6
0.298, 9.412e-6
0.299, 9.676e-6
0.300, 9.852e-6
0.301, 1.016e-5
0.302, 1.040e-5
0.303, 1.061e-5
0.304, 1.084e-5
0.305, 1.109e-5
0.306, 1.134e-5
0.307, 1.171e-5
0.308, 1.187e-5
0.309, 1.203e-5
0.310, 1.229e-5
0.311, 1.257e-5
0.312, 1.280e-5
0.313, 1.299e-5
0.314, 1.329e-5
0.315, 1.357e-5
0.316, 1.381e-5
0.317, 1.400e-5
0.318, 1.426e-5
0.319, 1.454e-5
0.320, 1.477e-5
0.321, 1.509e-5
0.322, 1.539e-5
0.323, 1.559e-5
0.324, 1.588e-5
0.325, 1.610e-5
0.326, 1.638e-5
0.327, 1.667e-5
0.328, 1.695e-5
0.329, 1.732e-5
0.330, 1.749e-5
0.331, 1.783e-5
0.332, 1.814e-5
0.333, 1.850e-5
0.334, 1.881e-5
0.335, 1.916e-5
0.336, 1.946e-5
0.337, 1.970e-5
0.338, 2.009e-5
0.339, 2.040e-5
0.340, 2.082e-5
0.341, 2.106e-5
0.342, 2.146e-5
0.343, 2.175e-5
0.344, 2.212e-5
0.345, 2.247e-5
0.346, 2.279e-5
0.347, 2.311e-5
0.348, 2.352e-5
0.349, 2.393e-5
0.350, 2.424e-5
0.351, 2.461e-5
0.352, 2.502e-5
0.353, 2.542e-5
0.354, 2.579e-5
0.355, 2.623e-5
0.356, 2.661e-5
0.357, 2.692e-5
0.358, 2.726e-5
0.359, 2.775e-5
0.360, 2.808e-5
0.361, 2.845e-5
0.362, 2.881e-5
0.363, 2.928e-5
0.364, 2.965e-5
0.365, 3.004e-5
0.366, 3.037e-5
0.367, 3.086e-5
0.368, 3.126e-5
0.369, 3.177e-5
0.370, 3.206e-5
0.371, 3.256e-5
0.372, 3.306e-5
0.373, 3.359e-5
0.374, 3.408e-5
0.375, 3.456e-5
0.376, 3.508e-5
0.377, 3.563e-5
0.378, 3.613e-5
0.379, 3.668e-5
0.380, 3.716e-5
0.381, 3.770e-5
0.382, 3.819e-5
0.383, 3.866e-5
0.384, 3.921e-5
0.385, 3.977e-5
0.386, 4.026e-5
0.387, 4.079e-5
0.388, 4.137e-5
0.389, 4.200e-5
0.390, 4.257e-5
0.391, 4.328e-5
0.392, 4.385e-5
0.393, 4.453e-5
0.394, 4.533e-5
0.395, 4.607e-5
0.396, 4.677e-5
0.397, 4.740e-5
0.398, 4.828e-5
0.399, 4.907e-5
0.400, 4.973e-5
0.401, 5.059e-5
0.402, 5.140e-5
0.403, 5.225e-5
0.404, 5.303e-5
0.405, 5.394e-5
0.406, 5.478e-5
0.407, 5.578e-5
0.408, 5.684e-5
0.409, 5.776e-5
0.410, 5.687e-5
0.411, 5.902e-5
0.412, 6.058e-5
0.413, 6.178e-5
0.414, 6.316e-5
0.415, 6.447e-5
0.416, 6.584e-5
0.417, 6.718e-5
0.418, 6.868e-5
0.419, 7.037e-5
0.420, 7.200e-5
0.421, 7.370e-5
0.422, 7.558e-5
0.423, 7.729e-5
0.424, 7.917e-5
0.425, 8.152e-5
0.426, 8.400e-5
0.427, 8.678e-5
0.428, 8.925e-5
0.429, 9.198e-5
0.430, 9.509e-5
0.431, 9.863e-5
0.432, 1.022e-4
0.433, 1.062e-4
0.434, 1.107e-4
0.435, 1.156e-4
0.436, 1.209e-4
0.437, 1.264e-4
0.438, 1.324e-4
0.439, 1.394e-4
0.440, 1.469e-4
0.441, 1.551e-4
0.442, 1.643e-4
0.443, 1.738e-4
0.444, 1.846e-4
0.445, 1.962e-4
0.446, 2.091e-4
0.447, 2.229e-4
0.448, 2.379e-4
0.449, 2.538e-4
0.450, 2.718e-4
0.451, 2.915e-4
0.452, 3.124e-4
0.453, 3.346e-4
0.454, 3.591e-4
0.455, 3.850e-4
0.456, 4.132e-4
0.457, 4.436e-4
0.458, 4.753e-4
0.459, 5.098e-4
0.460, 5.461e-4
0.461, 5.846e-4
0.462, 6.251e-4
0.463, 6.676e-4
0.464, 7.117e-4
0.465, 7.575e-4
0.466, 8.048e-4
0.467, 8.534e-4
0.468, 9.026e-4
0.469, 9.521e-4
0.470, 1.002e-3
0.471, 1.051e-3
0.472, 1.100e-3
0.473, 1.148e-3
0.474, 1.194e-3
0.475, 1.239e-3
0.476, 1.283e-3
0.477, 1.325e-3
0.478, 1.365e-3
0.479, 1.402e-3
0.480, 1.436e-3
0.481, 1.468e-3
0.482, 1.497e-3
0.483, 1.523e-3
0.484, 1.546e-3
0.485, 1.565e-3
0.486, 1.582e-3
0.487, 1.596e-3
0.488, 1.606e-3
0.489, 1.613e-3
0.490, 1.616e-3
0.491, 1.616e-3
0.492, 1.612e-3
0.493, 1.606e-3
0.494, 1.597e-3
0.495, 1.584e-3
0.496, 1.567e-3
0.497, 1.548e-3
0.498, 1.526e-3
0.499, 1.501e-3
0.500, 1.473e-3
0.501, 1.444e-3
0.502, 1.412e-3
0.503, 1.379e-3
0.504, 1.344e-3
0.505, 1.308e-3
0.506, 1.271e-3
0.507, 1.234e-3
0.508, 1.197e-3
0.509, 1.159e-3
0.510, 1.123e-3
0.511, 1.087e-3
0.512, 1.053e-3
0.513, 1.020e-3
0.514, 9.856e-4
0.515, 9.531e-4
0.516, 9.213e-4
0.517, 8.904e-4
0.518, 8.608e-4
0.519, 8.322e-4
0.520, 8.045e-4
0.521, 7.779e-4
0.522, 7.520e-4
0.523, 7.274e-4
0.524, 7.037e-4
0.525, 6.799e-4
0.526, 6.577e-4
0.527, 6.362e-4
0.528, 6.154e-4
0.529, 5.959e-4
0.530, 5.765e-4
0.531, 5.580e-4
0.532, 5.404e-4
0.533, 5.233e-4
0.534, 5.070e-4
0.535, 4.911e-4
0.536, 4.761e-4
0.537, 4.622e-4
0.538, 4.490e-4
0.539, 4.362e-4
0.540, 4.240e-4
0.541, 4.122e-4
0.542, 4.013e-4
0.543, 3.909e-4
0.544, 3.812e-4
0.545, 3.722e-4
0.546, 3.639e-4
0.547, 3.556e-4
0.548, 3.478e-4
0.549, 3.408e-4
0.550, 3.345e-4
0.551, 3.273e-4
0.552, 3.219e-4
0.553, 3.170e-4
0.554, 3.119e-4
0.555, 3.077e-4
0.556, 3.029e-4
0.557, 2.991e-4
0.558, 2.960e-4
0.559, 2.927e-4
0.560, 2.895e-4
0.561, 2.869e-4
0.562, 2.846e-4
0.563, 2.825e-4
0.564, 2.808e-4
0.565, 2.791e-4
0.566, 2.774e-4
0.567, 2.759e-4
0.568, 2.751e-4
0.569, 2.746e-4
0.570, 2.741e-4
0.571, 2.740e-4
0.572, 2.741e-4
0.573, 2.744e-4
0.574, 2.748e-4
0.575, 2.751e-4
0.576, 2.763e-4
0.577, 2.775e-4
0.578, 2.790e-4
0.579, 2.810e-4
0.580, 2.831e-4
0.581, 2.851e-4
0.582, 2.879e-4
0.583, 2.909e-4
0.584, 2.938e-4
0.585, 2.969e-4
0.586, 3.003e-4
0.587, 3.047e-4
0.588, 3.089e-4
0.589, 3.135e-4
0.590, 3.184e-4
0.591, 3.230e-4
0.592, 3.285e-4
0.593, 3.347e-4
0.594, 3.410e-4
0.595, 3.474e-4
0.596, 3.544e-4
0.597, 3.617e-4
0.598, 3.694e-4
0.599, 3.769e-4
0.600, 3.858e-4
0.601, 3.946e-4
0.602, 4.036e-4
0.603, 4.138e-4
0.604, 4.237e-4
0.605, 4.345e-4
0.606, 4.456e-4
0.607, 4.573e-4
0.608, 4.691e-4
0.609, 4.818e-4
0.610, 4.946e-4
0.611, 5.083e-4
0.612, 5.219e-4
0.613, 5.365e-4
0.614, 5.514e-4
0.615, 5.655e-4
0.616, 5.821e-4
0.617, 5.990e-4
0.618, 6.156e-4
0.619, 6.336e-4
0.620, 6.517e-4
0.621, 6.704e-4
0.622, 6.902e-4
0.623, 7.097e-4
0.624, 7.300e-4
0.625, 7.512e-4
0.626, 7.725e-4
0.627, 7.948e-4
0.628, 8.170e-4
0.629, 8.407e-4
0.630, 8.640e-4
0.631, 8.882e-4
0.632, 9.133e-4
0.633, 9.389e-4
0.634, 9.648e-4
0.635, 9.911e-4
0.636, 1.018e-3
0.637, 1.045e-3
0.638, 1.074e-3
0.639, 1.102e-3
0.640, 1.132e-3
0.641, 1.161e-3
0.642, 1.191e-3
0.643, 1.222e-3
0.644, 1.253e-3
0.645, 1.285e-3
0.646, 1.317e-3
0.647, 1.350e-3
0.648, 1.383e-3
0.649, 1.417e-3
0.650, 1.451e-3
0.651, 1.486e-3
0.652, 1.521e-3
0.653, 1.556e-3
0.654, 1.593e-3
0.655, 1.629e-3
0.656, 1.666e-3
0.657, 1.703e-3
0.658, 1.741e-3
0.659, 1.779e-3
0.660, 1.818e-3
0.661, 1.857e-3
0.662, 1.897e-3
0.663, 1.937e-3
0.664, 1.977e-3
0.665, 2.019e-3
0.666, 2.060e-3
0.667, 2.102e-3
0.668, 2.143e-3
0.669, 2.185e-3
0.670, 2.228e-3
0.671, 2.271e-3
0.672, 2.314e-3
0.673, 2.359e-3
0.674, 2.402e-3
0.675, 2.447e-3
0.676, 2.491e-3
0.677, 2.536e-3
0.678, 2.582e-3
0.679, 2.627e-3
0.680, 2.673e-3
0.681, 2.719e-3
0.682, 2.765e-3
0.683, 2.812e-3
0.684, 2.859e-3
0.685, 2.907e-3
0.686, 2.955e-3
0.687, 3.003e-3
0.688, 3.051e-3
0.689, 3.100e-3
0.690, 3.148e-3
0.691, 3.198e-3
0.692, 3.248e-3
0.693, 3.297e-3
0.694, 3.347e-3
0.695, 3.397e-3
0.696, 3.448e-3
0.697, 3.499e-3
0.698, 3.550e-3
0.699, 3.601e-3
0.700, 3.653e-3
0.701, 3.704e-3
0.702, 3.756e-3
0.703, 3.808e-3
0.704, 3.860e-3
0.705, 3.912e-3
0.706, 3.965e-3
0.707, 4.018e-3
0.708, 4.071e-3
0.709, 4.124e-3
0.710, 4.178e-3
0.711, 4.231e-3
0.712, 4.285e-3
0.713, 4.339e-3
0.714, 4.393e-3
0.715, 4.447e-3
0.716, 4.501e-3
0.717, 4.558e-3
0.718, 4.614e-3
0.719, 4.670e-3
0.720, 4.725e-3
0.721, 4.781e-3
0.722, 4.836e-3
0.723, 4.892e-3
0.724, 4.948e-3
0.725, 5.004e-3
0.726, 5.061e-3
0.727, 5.118e-3
0.728, 5.174e-3
0.729, 5.231e-3
0.730, 5.287e-3
0.731, 5.344e-3
0.732, 5.401e-3
0.733, 5.459e-3
0.734, 5.516e-3
0.735, 5.574e-3
0.736, 5.632e-3
0.737, 5.690e-3
0.738, 5.748e-3
0.739, 5.806e-3
0.740, 5.864e-3
0.741, 5.922e-3
0.742, 5.981e-3
0.743, 6.040e-3
0.744, 6.098e-3
0.745, 6.157e-3
0.746, 6.216e-3
0.747, 6.276e-3
0.748, 6.335e-3
0.749, 6.394e-3
0.750, 6.454e-3
0.751, 6.513e-3
0.752, 6.573e-3
0.753, 6.633e-3
0.754, 6.693e-3
0.755, 6.753e-3
0.756, 6.813e-3
0.757, 6.873e-3
0.758, 6.933e-3
0.759, 6.994e-3
0.760, 7.054e-3
0.761, 7.115e-3
0.762, 7.176e-3
0.763, 7.236e-3
0.764, 7.297e-3
0.765, 7.358e-3
0.766, 7.419e-3
0.767, 7.480e-3
0.768, 7.541e-3
0.769, 7.603e-3
0.770, 7.664e-3
0.771, 7.726e-3
0.772, 7.787e-3
0.773, 7.849e-3
0.774, 7.911e-3
0.775, 7.972e-3
0.776, 8.034e-3
0.777, 8.096e-3
0.778, 8.158e-3
0.779, 8.221e-3
0.780, 8.283e-3
0.781, 8.345e-3
0.782, 8.406e-3
0.783, 8.469e-3
0.784, 8.531e-3
0.785, 8.594e-3
0.786, 8.657e-3
0.787, 8.719e-3
0.788, 8.782e-3
0.789, 8.845e-3
0.790, 8.908e-3
0.791, 8.970e-3
0.792, 9.033e-3
0.793, 9.096e-3
0.794, 9.160e-3
0.795, 9.223e-3
0.796, 9.287e-3
0.797, 9.350e-3
0.798, 9.414e-3
0.799, 9.477e-3
0.800, 9.520e-3
0.799, 9.476e-3
0.798, 9.410e-3
0.797, 9.345e-3
0.796, 9.280e-3
0.795, 9.215e-3
0.794, 9.150e-3
0.793, 9.084e-3
0.792, 9.020e-3
0.791, 8.956e-3
0.790, 8.891e-3
0.789, 8.827e-3
0.788, 8.762e-3
0.787, 8.698e-3
0.786, 8.634e-3
0.785, 8.569e-3
0.784, 8.505e-3
0.783, 8.441e-3
0.782, 8.377e-3
0.781, 8.314e-3
0.780, 8.250e-3
0.779, 8.186e-3
0.778, 8.123e-3
0.777, 8.059e-3
0.776, 7.996e-3
0.775, 7.933e-3
0.774, 7.870e-3
0.773, 7.806e-3
0.772, 7.743e-3
0.771, 7.680e-3
0.770, 7.618e-3
0.769, 7.555e-3
0.768, 7.492e-3
0.767, 7.430e-3
0.766, 7.368e-3
0.765, 7.306e-3
0.764, 7.244e-3
0.763, 7.183e-3
0.762, 7.121e-3
0.761, 7.059e-3
0.760, 6.997e-3
0.759, 6.936e-3
0.758, 6.875e-3
0.757, 6.814e-3
0.756, 6.753e-3
0.755, 6.693e-3
0.754, 6.632e-3
0.753, 6.571e-3
0.752, 6.511e-3
0.751, 6.450e-3
0.750, 6.390e-3
0.749, 6.330e-3
0.748, 6.270e-3
0.747, 6.210e-3
0.746, 6.151e-3
0.745, 6.092e-3
0.744, 6.032e-3
0.743, 5.973e-3
0.742, 5.914e-3
0.741, 5.855e-3
0.740, 5.796e-3
0.739, 5.738e-3
0.738, 5.679e-3
0.737, 5.621e-3
0.736, 5.563e-3
0.735, 5.505e-3
0.734, 5.447e-3
0.733, 5.389e-3
0.732, 5.332e-3
0.731, 5.274e-3
0.730, 5.217e-3
0.729, 5.161e-3
0.728, 5.104e-3
0.727, 5.047e-3
0.726, 4.990e-3
0.725, 4.934e-3
0.724, 4.878e-3
0.723, 4.822e-3
0.722, 4.767e-3
0.721, 4.711e-3
0.720, 4.655e-3
0.719, 4.600e-3
0.718, 4.545e-3
0.717, 4.488e-3
0.716, 4.432e-3
0.715, 4.378e-3
0.714, 4.323e-3
0.713, 4.269e-3
0.712, 4.215e-3
0.711, 4.162e-3
0.710, 4.108e-3
0.709, 4.055e-3
0.708, 4.002e-3
0.707, 3.949e-3
0.706, 3.896e-3
0.705, 3.843e-3
0.704, 3.791e-3
0.703, 3.739e-3
0.702, 3.688e-3
0.701, 3.636e-3
0.700, 3.584e-3
0.699, 3.533e-3
0.698, 3.482e-3
0.697, 3.431e-3
0.696, 3.380e-3
0.695, 3.330e-3
0.694, 3.280e-3
0.693, 3.230e-3
0.692, 3.181e-3
0.691, 3.131e-3
0.690, 3.082e-3
0.689, 3.033e-3
0.688, 2.984e-3
0.687, 2.936e-3
0.686, 2.888e-3
0.685, 2.841e-3
0.684, 2.793e-3
0.683, 2.746e-3
0.682, 2.699e-3
0.681, 2.653e-3
0.680, 2.606e-3
0.679, 2.561e-3
0.678, 2.516e-3
0.677, 2.470e-3
0.676, 2.425e-3
0.675, 2.380e-3
0.674, 2.335e-3
0.673, 2.291e-3
0.672, 2.247e-3
0.671, 2.204e-3
0.670, 2.161e-3
0.669, 2.118e-3
0.668, 2.075e-3
0.667, 2.033e-3
0.666, 1.991e-3
0.665, 1.949e-3
0.664, 1.908e-3
0.663, 1.867e-3
0.662, 1.827e-3
0.661, 1.786e-3
0.660, 1.747e-3
0.659, 1.708e-3
0.658, 1.669e-3
0.657, 1.630e-3
0.656, 1.592e-3
0.655, 1.554e-3
0.654, 1.517e-3
0.653, 1.480e-3
0.652, 1.443e-3
0.651, 1.407e-3
0.650, 1.372e-3
0.649, 1.337e-3
0.648, 1.302e-3
0.647, 1.267e-3
0.646, 1.233e-3
0.645, 1.199e-3
0.644, 1.166e-3
0.643, 1.134e-3
0.642, 1.102e-3
0.641, 1.070e-3
0.640, 1.038e-3
0.639, 1.007e-3
0.638, 9.773e-4
0.637, 9.472e-4
0.636, 9.176e-4
0.635, 8.886e-4
0.634, 8.600e-4
0.633, 8.320e-4
0.632, 8.042e-4
0.631, 7.769e-4
0.630, 7.505e-4
0.629, 7.242e-4
0.628, 6.984e-4
0.627, 6.736e-4
0.626, 6.490e-4
0.625, 6.247e-4
0.624, 6.011e-4
0.623, 5.780e-4
0.622, 5.553e-4
0.621, 5.329e-4
0.620, 5.111e-4
0.619, 4.900e-4
0.618, 4.692e-4
0.617, 4.491e-4
0.616, 4.293e-4
0.615, 4.099e-4
0.614, 3.923e-4
0.613, 3.732e-4
0.612, 3.551e-4
0.611, 3.380e-4
0.610, 3.208e-4
0.609, 3.044e-4
0.608, 2.882e-4
0.607, 2.725e-4
0.606, 2.573e-4
0.605, 2.427e-4
0.604, 2.284e-4
0.603, 2.150e-4
0.602, 2.016e-4
0.601, 1.890e-4
0.600, 1.761e-4
0.599, 1.641e-4
0.598, 1.523e-4
0.597, 1.410e-4
0.596, 1.296e-4
0.595, 1.195e-4
0.594, 1.093e-4
0.593, 9.950e-5
0.592, 9.008e-5
0.591, 8.069e-5
0.590, 7.186e-5
0.589, 6.324e-5
0.588, 5.466e-5
0.587, 4.718e-5
0.586, 3.945e-5
0.585, 3.229e-5
0.584, 2.534e-5
0.583, 1.860e-5
0.582, 1.217e-5
0.581, 5.897e-6
0.580, -3.710e-7
0.579, -6.132e-6
0.578, -1.198e-5
0.577, -1.722e-5
0.576, -2.151e-5
0.575, -2.649e-5
0.574, -3.105e-5
0.573, -3.575e-5
0.572, -4.029e-5
0.571, -4.454e-5
0.570, -4.883e-5
0.569, -5.288e-5
0.568, -5.637e-5
0.567, -5.999e-5
0.566, -6.353e-5
0.565, -6.708e-5
0.564, -6.972e-5
0.563, -7.298e-5
0.562, -7.583e-5
0.561, -7.882e-5
0.560, -8.144e-5
0.559, -8.431e-5
0.558, -8.677e-5
0.557, -8.940e-5
0.556, -9.165e-5
0.555, -9.383e-5
0.554, -9.621e-5
0.553, -9.838e-5
0.552, -1.002e-4
0.551, -1.022e-4
0.550, -1.037e-4
0.549, -1.058e-4
0.548, -1.078e-4
0.547, -1.096e-4
0.546, -1.116e-4
0.545, -1.137e-4
0.544, -1.154e-4
0.543, -1.171e-4
0.542, -1.182e-4
0.541, -1.196e-4
0.540, -1.211e-4
0.539, -1.226e-4
0.538, -1.243e-4
0.537, -1.261e-4
0.536, -1.276e-4
0.535, -1.290e-4
0.534, -1.301e-4
0.533, -1.313e-4
0.532, -1.327e-4
0.531, -1.339e-4
0.530, -1.355e-4
0.529, -1.371e-4
0.528, -1.383e-4
0.527, -1.395e-4
0.526, -1.406e-4
0.525, -1.418e-4
0.524, -1.427e-4
0.523, -1.442e-4
0.522, -1.454e-4
0.521, -1.468e-4
0.520, -1.480e-4
0.519, -1.492e-4
0.518, -1.504e-4
0.517, -1.518e-4
0.516, -1.531e-4
0.515, -1.544e-4
0.514, -1.558e-4
0.513, -1.568e-4
0.512, -1.599e-4
0.511, -1.614e-4
0.510, -1.619e-4
0.509, -1.629e-4
0.508, -1.644e-4
0.507, -1.655e-4
0.506, -1.668e-4
0.505, -1.678e-4
0.504, -1.691e-4
0.503, -1.705e-4
0.502, -1.716e-4
0.501, -1.732e-4
0.500, -1.746e-4
0.499, -1.754e-4
0.498, -1.772e-4
0.497, -1.789e-4
0.496, -1.799e-4
0.495, -1.818e-4
0.494, -1.837e-4
0.493, -1.852e-4
0.492, -1.869e-4
0.491, -1.886e-4
0.490, -1.902e-4
0.489, -1.919e-4
0.488, -1.937e-4
0.487, -1.959e-4
0.486, -1.979e-4
0.485, -1.998e-4
0.484, -2.016e-4
0.483, -2.035e-4
0.482, -2.057e-4
0.481, -2.082e-4
0.480, -2.107e-4
0.479, -2.129e-4
0.478, -2.151e-4
0.477, -2.174e-4
0.476, -2.199e-4
0.475, -2.229e-4
0.474, -2.254e-4
0.473, -2.276e-4
0.472, -2.304e-4
0.471, -2.337e-4
0.470, -2.367e-4
0.469, -2.399e-4
0.468, -2.430e-4
0.467, -2.462e-4
0.466, -2.500e-4
0.465, -2.535e-4
0.464, -2.574e-4
0.463, -2.616e-4
0.462, -2.653e-4
0.461, -2.702e-4
0.460, -2.746e-4
0.459, -2.783e-4
0.458, -2.831e-4
0.457, -2.881e-4
0.456, -2.932e-4
0.455, -2.984e-4
0.454, -3.036e-4
0.453, -3.096e-4
0.452, -3.150e-4
0.451, -3.208e-4
0.450, -3.269e-4
0.449, -3.334e-4
0.448, -3.392e-4
0.447, -3.462e-4
0.446, -3.534e-4
0.445, -3.610e-4
0.444, -3.686e-4
0.443, -3.763e-4
0.442, -3.845e-4
0.441, -3.922e-4
0.440, -4.004e-4
0.439, -4.095e-4
0.438, -4.182e-4
0.437, -4.276e-4
0.436, -4.372e-4
0.435, -4.474e-4
0.434, -4.570e-4
0.433, -4.669e-4
0.432, -4.770e-4
0.431, -4.874e-4
0.430, -4.981e-4
0.429, -5.090e-4
0.428, -5.200e-4
0.427, -5.307e-4
0.426, -5.417e-4
0.425, -5.530e-4
0.424, -5.642e-4
0.423, -5.756e-4
0.422, -5.855e-4
0.421, -5.972e-4
0.420, -6.086e-4
0.419, -6.200e-4
0.418, -6.319e-4
0.417, -6.434e-4
0.416, -6.549e-4
0.415, -6.660e-4
0.414, -6.773e-4
0.413, -6.888e-4
0.412, -7.006e-4
0.411, -7.117e-4
0.410, -7.204e-4
0.409, -7.237e-4
0.408, -7.364e-4
0.407, -7.490e-4
0.406, -7.605e-4
0.405, -7.730e-4
0.404, -7.850e-4
0.403, -7.969e-4
0.402, -8.088e-4
0.401, -8.207e-4
0.400, -8.326e-4
0.399, -8.450e-4
0.398, -8.566e-4
0.397, -8.683e-4
0.396, -8.800e-4
0.395, -8.917e-4
0.394, -9.034e-4
0.393, -9.154e-4
0.392, -9.267e-4
0.391, -9.382e-4
0.390, -9.497e-4
0.389, -9.603e-4
0.388, -9.709e-4
0.387, -9.807e-4
0.386, -9.906e-4
0.385, -9.996e-4
0.384, -1.009e-3
0.383, -1.017e-3
0.382, -1.025e-3
0.381, -1.031e-3
0.380, -1.037e-3
0.379, -1.042e-3
0.378, -1.046e-3
0.377, -1.049e-3
0.376, -1.050e-3
0.375, -1.050e-3
0.374, -1.049e-3
0.373, -1.047e-3
0.372, -1.043e-3
0.371, -1.036e-3
0.370, -1.028e-3
0.369, -1.019e-3
0.368, -1.007e-3
0.367, -9.946e-4
0.366, -9.794e-4
0.365, -9.632e-4
0.364, -9.446e-4
0.363, -9.242e-4
0.362, -9.025e-4
0.361, -8.787e-4
0.360, -8.536e-4
0.359, -8.276e-4
0.358, -8.007e-4
0.357, -7.729e-4
0.356, -7.441e-4
0.355, -7.149e-4
0.354, -6.858e-4
0.353, -6.568e-4
0.352, -6.280e-4
0.351, -5.999e-4
0.350, -5.722e-4
0.349, -5.453e-4
0.348, -5.191e-4
0.347, -4.940e-4
0.346, -4.699e-4
0.345, -4.465e-4
0.344, -4.245e-4
0.343, -4.039e-4
0.342, -3.847e-4
0.341, -3.664e-4
0.340, -3.487e-4
0.339, -3.318e-4
0.338, -3.164e-4
0.337, -3.018e-4
0.336, -2.880e-4
0.335, -2.749e-4
0.334, -2.629e-4
0.333, -2.514e-4
0.332, -2.408e-4
0.331, -2.305e-4
0.330, -2.211e-4
0.329, -2.124e-4
0.328, -2.036e-4
0.327, -1.959e-4
0.326, -1.885e-4
0.325, -1.815e-4
0.324, -1.750e-4
0.323, -1.689e-4
0.322, -1.633e-4
0.321, -1.574e-4
0.320, -1.520e-4
0.319, -1.469e-4
0.318, -1.424e-4
0.317, -1.379e-4
0.316, -1.334e-4
0.315, -1.295e-4
0.314, -1.256e-4
0.313, -1.219e-4
0.312, -1.185e-4
0.311, -1.156e-4
0.310, -1.121e-4
0.309, -1.088e-4
0.308, -1.059e-4
0.307, -1.036e-4
0.306, -1.008e-4
0.305, -9.809e-5
0.304, -9.560e-5
0.303, -9.336e-5
0.302, -9.127e-5
0.301, -8.907e-5
0.300, -8.690e-5
0.299, -8.473e-5
0.298, -8.273e-5
0.297, -8.098e-5
0.296, -7.922e-5
0.295, -7.748e-5
0.294, -7.573e-5
0.293, -7.411e-5
0.292, -7.254e-5
0.291, -7.104e-5
0.290, -6.977e-5
0.289, -6.854e-5
0.288, -6.743e-5
0.287, -6.615e-5
0.286, -6.498e-5
0.285, -6.366e-5
0.284, -6.240e-5
0.283, -6.105e-5
0.282, -5.979e-5
0.281, -5.888e-5
0.280, -5.775e-5
0.279, -5.680e-5
0.278, -5.578e-5
0.277, -5.488e-5
0.276, -5.405e-5
0.275, -5.308e-5
0.274, -5.218e-5
0.273, -5.136e-5
0.272, -5.045e-5
0.271, -4.967e-5
0.270, -4.881e-5
0.269, -4.806e-5
0.268, -4.736e-5
0.267, -4.660e-5
0.266, -4.592e-5
0.265, -4.526e-5
0.264, -4.464e-5
0.263, -4.405e-5
0.262, -4.347e-5
0.261, -4.287e-5
0.260, -4.236e-5
0.259, -4.169e-5
0.258, -4.118e-5
0.257, -4.059e-5
0.256, -4.003e-5
0.255, -3.950e-5
0.254, -3.895e-5
0.253, -3.830e-5
0.252, -3.781e-5
0.251, -3.723e-5
0.250, -3.683e-5
0.249, -3.635e-5
0.248, -3.587e-5
0.247, -3.540e-5
0.246, -3.490e-5
0.245, -3.449e-5
0.244, -3.417e-5
0.243, -3.369e-5
0.242, -3.326e-5
0.241, -3.289e-5
0.240, -3.253e-5
0.239, -3.224e-5
0.238, -3.183e-5
0.237, -3.141e-5
0.236, -3.116e-5
0.235, -3.071e-5
0.234, -3.045e-5
0.233, -3.009e-5
0.232, -2.979e-5
0.231, -2.951e-5
0.230, -2.921e-5
0.229, -2.887e-5
0.228, -2.855e-5
0.227, -2.827e-5
0.226, -2.802e-5
0.225, -2.767e-5
0.224, -2.743e-5
0.223, -2.713e-5
0.222, -2.693e-5
0.221, -2.661e-5
0.220, -2.641e-5
0.219, -2.612e-5
0.218, -2.583e-5
0.217, -2.561e-5
0.216, -2.538e-5
0.215, -2.510e-5
0.214, -2.487e-5
0.213, -2.469e-5
0.212, -2.451e-5
0.211, -2.424e-5
0.210, -2.409e-5
0.209, -2.381e-5
0.208, -2.361e-5
0.207, -2.338e-5
0.206, -2.325e-5
0.205, -2.297e-5
0.204, -2.273e-5
0.203, -2.261e-5
0.202, -2.245e-5
0.201, -2.222e-5
0.200, -2.044e-5
0.201, -1.697e-5
0.202, -1.538e-5
0.203, -1.428e-5
0.204, -1.333e-5
0.205, -1.267e-5
0.206, -1.191e-5
0.207, -1.119e-5
0.208, -1.069e-5
0.209, -1.013e-5
0.210, -9.559e-6
0.211, -9.139e-6
0.212, -8.709e-6
0.213, -8.377e-6
0.214, -7.948e-6
0.215, -7.606e-6
0.216, -7.294e-6
0.217, -6.903e-6
0.218, -6.669e-6
0.219, -6.268e-6
0.220, -5.995e-6
0.221, -5.761e-6
0.222, -5.438e-6
0.223, -5.155e-6
0.224, -4.950e-6
0.225, -4.657e-6
0.226, -4.228e-6
0.227, -4.062e-6
0.228, -3.798e-6
0.229, -3.652e-6
0.230, -3.417e-6
0.231, -3.203e-6
0.232, -2.929e-6
0.233, -2.763e-6
0.234, -2.578e-6
0.235, -2.343e-6
0.236, -2.109e-6
0.237, -1.972e-6
0.238, -1.797e-6
0.239, -1.562e-6
0.240, -1.396e-6
0.241, -1.201e-6
0.242, -9.666e-7
0.243, -8.104e-7
0.244, -5.761e-7
0.245, -4.589e-7
0.246, -2.832e-7
0.247, -2.929e-8
0.248, 1.757e-7
0.249, 2.636e-7
0.250, 4.198e-7
0.251, 5.468e-7
0.252, 7.909e-7
0.253, 9.276e-7
0.254, 1.152e-6
0.255, 1.299e-6
0.256, 1.523e-6
0.257, 1.777e-6
0.258, 1.904e-6
0.259, 2.060e-6
0.260, 2.236e-6
0.261, 2.392e-6
0.262, 2.529e-6
0.263, 2.705e-6
0.264, 2.871e-6
0.265, 3.095e-6
0.266, 3.222e-6
0.267, 3.320e-6
0.268, 3.593e-6
0.269, 3.642e-6
0.270, 3.847e-6
0.271, 4.042e-6
0.272, 4.159e-6
0.273, 4.355e-6
0.274, 4.521e-6
0.275, 4.765e-6
0.276, 4.901e-6
0.277, 5.009e-6
0.278, 5.292e-6
0.279, 5.487e-6
0.280, 5.604e-6
0.281, 5.741e-6
0.282, 5.888e-6
0.283, 6.132e-6
0.284, 6.288e-6
0.285, 6.503e-6
0.286, 6.659e-6
0.287, 6.923e-6
0.288, 7.098e-6
0.289, 7.284e-6
0.290, 7.460e-6
0.291, 7.626e-6
0.292, 7.821e-6
0.293, 8.172e-6
0.294, 8.289e-6
0.295, 8.514e-6
0.296, 8.680e-6
0.297, 8.953e-6
0.298, 9.129e-6
0.299, 9.383e-6
0.300, 9.637e-6
0.301, 9.813e-6
0.302, 1.011e-5
0.303, 1.041e-5
0.304, 1.047e-5
0.305, 1.078e-5
0.306, 1.098e-5
0.307, 1.142e-5
0.308, 1.172e-5
0.309, 1.184e-5
0.310, 1.207e-5
0.311, 1.225e-5
0.312, 1.254e-5
0.313, 1.277e-5
0.314, 1.303e-5
0.315, 1.332e-5
0.316, 1.354e-5
0.317, 1.379e-5
0.318, 1.408e-5
0.319, 1.435e-5
0.320, 1.454e-5
0.321, 1.481e-5
0.322, 1.509e-5
0.323, 1.531e-5
0.324, 1.560e-5
0.325, 1.591e-5
0.326, 1.615e-5
0.327, 1.644e-5
0.328, 1.677e-5
0.329, 1.712e-5
0.330, 1.732e-5
0.331, 1.762e-5
0.332, 1.797e-5
0.333, 1.836e-5
0.334, 1.863e-5
0.335, 1.884e-5
0.336, 1.917e-5
0.337, 1.958e-5
0.338, 1.984e-5
0.339, 2.027e-5
0.340, 2.059e-5
0.341, 2.087e-5
0.342, 2.120e-5
0.343, 2.157e-5
0.344, 2.186e-5
0.345, 2.231e-5
0.346, 2.265e-5
0.347, 2.299e-5
0.348, 2.341e-5
0.349, 2.373e-5
0.350, 2.416e-5
0.351, 2.454e-5
0.352, 2.488e-5
0.353, 2.529e-5
0.354, 2.575e-5
0.355, 2.607e-5
0.356, 2.641e-5
0.357, 2.680e-5
0.358, 2.723e-5
0.359, 2.759e-5
0.360, 2.794e-5
0.361, 2.835e-5
0.362, 2.870e-5
0.363, 2.913e-5
0.364, 2.955e-5
0.365, 2.997e-5
0.366, 3.028e-5
0.367, 3.078e-5
0.368, 3.114e-5
0.369, 3.156e-5
0.370, 3.204e-5
0.371, 3.245e-5
0.372, 3.300e-5
0.373, 3.349e-5
0.374, 3.406e-5
0.375, 3.451e-5
0.376, 3.511e-5
0.377, 3.564e-5
0.378, 3.617e-5
0.379, 3.658e-5
0.380, 3.718e-5
0.381, 3.759e-5
0.382, 3.821e-5
0.383, 3.872e-5
0.384, 3.924e-5
0.385, 3.987e-5
0.386, 4.031e-5
0.387, 4.088e-5
0.388, 4.153e-5
0.389, 4.212e-5
0.390, 4.271e-5
0.391, 4.343e-5
0.392, 4.403e-5
0.393, 4.470e-5
0.394, 4.545e-5
0.395, 4.620e-5
0.396, 4.693e-5
0.397, 4.759e-5
0.398, 4.848e-5
0.399, 4.924e-5
0.400, 5.003e-5
0.401, 5.086e-5
0.402, 5.163e-5
0.403, 5.251e-5
0.404, 5.337e-5
0.405, 5.428e-5
0.406, 5.516e-5
0.407, 5.605e-5
0.408, 5.729e-5
0.409, 5.817e-5
0.410, 5.711e-5
0.411, 5.938e-5
0.412, 6.099e-5
0.413, 6.236e-5
0.414, 6.374e-5
0.415, 6.503e-5
0.416, 6.630e-5
0.417, 6.785e-5
0.418, 6.943e-5
0.419, 7.116e-5
0.420, 7.275e-5
0.421, 7.461e-5
0.422, 7.637e-5
0.423, 7.803e-5
0.424, 8.010e-5
0.425, 8.257e-5
0.426, 8.522e-5
0.427, 8.787e-5
0.428, 9.045e-5
0.429, 9.332e-5
0.430, 9.683e-5
0.431, 1.003e-4
0.432, 1.039e-4
0.433, 1.084e-4
0.434, 1.130e-4
0.435, 1.178e-4
0.436, 1.234e-4
0.437, 1.288e-4
0.438, 1.358e-4
0.439, 1.428e-4
0.440, 1.504e-4
0.441, 1.594e-4
0.442, 1.685e-4
0.443, 1.785e-4
0.444, 1.899e-4
0.445, 2.019e-4
0.446, 2.154e-4
0.447, 2.296e-4
0.448, 2.449e-4
0.449, 2.622e-4
0.450, 2.805e-4
0.451, 3.009e-4
0.452, 3.224e-4
0.453, 3.459e-4
0.454, 3.712e-4
0.455, 3.985e-4
0.456, 4.275e-4
0.457, 4.585e-4
0.458, 4.917e-4
0.459, 5.269e-4
0.460, 5.643e-4
0.461, 6.037e-4
0.462, 6.456e-4
0.463, 6.892e-4
0.464, 7.346e-4
0.465, 7.817e-4
0.466, 8.300e-4
0.467, 8.795e-4
0.468, 9.298e-4
0.469, 9.800e-4
0.470, 1.031e-3
0.471, 1.081e-3
0.472, 1.130e-3
0.473, 1.179e-3
0.474, 1.226e-3
0.475, 1.272e-3
0.476, 1.316e-3
0.477, 1.358e-3
0.478, 1.398e-3
0.479, 1.436e-3
0.480, 1.471e-3
0.481, 1.504e-3
0.482, 1.533e-3
0.483, 1.560e-3
0.484, 1.584e-3
0.485, 1.604e-3
0.486, 1.621e-3
0.487, 1.636e-3
0.488, 1.647e-3
0.489, 1.654e-3
0.490, 1.659e-3
0.491, 1.660e-3
0.492, 1.657e-3
0.493, 1.651e-3
0.494, 1.642e-3
0.495, 1.630e-3
0.496, 1.615e-3
0.497, 1.596e-3
0.498, 1.574e-3
0.499, 1.549e-3
0.500, 1.521e-3
0.501, 1.492e-3
0.502, 1.460e-3
0.503, 1.426e-3
0.504, 1.391e-3
0.505, 1.354e-3
0.506, 1.316e-3
0.507, 1.278e-3
0.508, 1.239e-3
0.509, 1.200e-3
0.510, 1.162e-3
0.511, 1.124e-3
0.512, 1.089e-3
0.513, 1.054e-3
0.514, 1.018e-3
0.515, 9.834e-4
0.516, 9.502e-4
0.517, 9.180e-4
0.518, 8.869e-4
0.519, 8.568e-4
0.520, 8.277e-4
0.521, 7.994e-4
0.522, 7.720e-4
0.523, 7.459e-4
0.524, 7.204e-4
0.525, 6.955e-4
0.526, 6.720e-4
0.527, 6.491e-4
0.528, 6.271e-4
0.529, 6.065e-4
0.530, 5.863e-4
0.531, 5.669e-4
0.532, 5.484e-4
0.533, 5.306e-4
0.534, 5.135e-4
0.535, 4.969e-4
0.536, 4.817e-4
0.537, 4.669e-4
0.538, 4.534e-4
0.539, 4.400e-4
0.540, 4.273e-4
0.541, 4.153e-4
0.542, 4.040e-4
0.543, 3.936e-4
0.544, 3.835e-4
0.545, 3.741e-4
0.546, 3.656e-4
0.547, 3.576e-4
0.548, 3.497e-4
0.549, 3.426e-4
0.550, 3.360e-4
0.551, 3.290e-4
0.552, 3.235e-4
0.553, 3.185e-4
0.554, 3.135e-4
0.555, 3.092e-4
0.556, 3.050e-4
0.557, 3.011e-4
0.558, 2.975e-4
0.559, 2.942e-4
0.560, 2.915e-4
0.561, 2.890e-4
0.562, 2.863e-4
0.563, 2.846e-4
0.564, 2.829e-4
0.565, 2.811e-4
0.566, 2.798e-4
0.567, 2.782e-4
0.568, 2.776e-4
0.569, 2.770e-4
0.570, 2.767e-4
0.571, 2.768e-4
0.572, 2.768e-4
0.573, 2.770e-4
0.574, 2.778e-4
0.575, 2.788e-4
0.576, 2.795e-4
0.577, 2.811e-4
0.578, 2.829e-4
0.579, 2.847e-4
0.580, 2.869e-4
0.581, 2.896e-4
0.582, 2.925e-4
0.583, 2.952e-4
0.584, 2.983e-4
0.585, 3.021e-4
0.586, 3.058e-4
0.587, 3.101e-4
0.588, 3.144e-4
0.589, 3.197e-4
0.590, 3.243e-4
0.591, 3.298e-4
0.592, 3.355e-4
0.593, 3.418e-4
0.594, 3.481e-4
0.595, 3.551e-4
0.596, 3.625e-4
0.597, 3.700e-4
0.598, 3.777e-4
0.599, 3.862e-4
0.600, 3.954e-4
0.601, 4.047e-4
0.602, 4.135e-4
0.603, 4.240e-4
0.604, 4.349e-4
0.605, 4.461e-4
0.606, 4.576e-4
0.607, 4.694e-4
0.608, 4.824e-4
0.609, 4.953e-4
0.610, 5.085e-4
0.611, 5.224e-4
0.612, 5.368e-4
0.613, 5.523e-4
0.614, 5.674e-4
0.615, 5.821e-4
0.616, 5.991e-4
0.617, 6.162e-4
0.618, 6.338e-4
0.619, 6.522e-4
0.620, 6.711e-4
0.621, 6.907e-4
0.622, 7.105e-4
0.623, 7.311e-4
0.624, 7.519e-4
0.625, 7.738e-4
0.626, 7.962e-4
0.627, 8.187e-4
0.628, 8.419e-4
0.629, 8.658e-4
0.630, 8.905e-4
0.631, 9.152e-4
0.632, 9.410e-4
0.633, 9.671e-4
0.634, 9.934e-4
0.635, 1.021e-3
0.636, 1.048e-3
0.637, 1.076e-3
0.638, 1.105e-3
0.639, 1.135e-3
0.640, 1.165e-3
0.641, 1.195e-3
0.642, 1.226e-3
0.643, 1.257e-3
0.644, 1.289e-3
0.645, 1.321e-3
0.646, 1.355e-3
0.647, 1.388e-3
0.648, 1.422e-3
0.649, 1.456e-3
0.650, 1.491e-3
0.651, 1.527e-3
0.652, 1.563e-3
0.653, 1.599e-3
0.654, 1.635e-3
0.655, 1.672e-3
0.656, 1.710e-3
0.657, 1.748e-3
0.658, 1.786e-3
0.659, 1.825e-3
0.660, 1.865e-3
0.661, 1.904e-3
0.662, 1.945e-3
0.663, 1.986e-3
0.664, 2.027e-3
0.665, 2.069e-3
0.666, 2.111e-3
0.667, 2.153e-3
0.668, 2.195e-3
0.669, 2.238e-3
0.670, 2.281e-3
0.671, 2.325e-3
0.672, 2.369e-3
0.673, 2.414e-3
0.674, 2.458e-3
0.675, 2.503e-3
0.676, 2.548e-3
0.677, 2.594e-3
0.678, 2.640e-3
0.679, 2.686e-3
0.680, 2.732e-3
0.681, 2.779e-3
0.682, 2.826e-3
0.683, 2.874e-3
0.684, 2.921e-3
0.685, 2.969e-3
0.686, 3.018e-3
0.687, 3.066e-3
0.688, 3.115e-3
0.689, 3.165e-3
0.690, 3.215e-3
0.691, 3.264e-3
0.692, 3.315e-3
0.693, 3.365e-3
0.694, 3.415e-3
0.695, 3.466e-3
0.696, 3.517e-3
0.697, 3.568e-3
0.698, 3.620e-3
0.699, 3.672e-3
0.700, 3.724e-3
0.701, 3.775e-3
0.702, 3.828e-3
0.703, 3.880e-3
0.704, 3.933e-3
0.705, 3.986e-3
0.706, 4.039e-3
0.707, 4.092e-3
0.708, 4.146e-3
0.709, 4.200e-3
0.710, 4.254e-3
0.711, 4.308e-3
0.712, 4.362e-3
0.713, 4.416e-3
0.714, 4.471e-3
0.715, 4.526e-3
0.716, 4.581e-3
0.717, 4.638e-3
0.718, 4.695e-3
0.719, 4.751e-3
0.720, 4.807e-3
0.721, 4.863e-3
0.722, 4.918e-3
0.723, 4.975e-3
0.724, 5.031e-3
0.725, 5.088e-3
0.726, 5.145e-3
0.727, 5.202e-3
0.728, 5.259e-3
0.729, 5.316e-3
0.730, 5.372e-3
0.731, 5.430e-3
0.732, 5.488e-3
0.733, 5.546e-3
0.734, 5.604e-3
0.735, 5.661e-3
0.736, 5.720e-3
0.737, 5.778e-3
0.738, 5.837e-3
0.739, 5.895e-3
0.740, 5.954e-3
0.741, 6.012e-3
0.742, 6.071e-3
0.743, 6.131e-3
0.744, 6.191e-3
0.745, 6.250e-3
0.746, 6.309e-3
0.747, 6.369e-3
0.748, 6.429e-3
0.749, 6.488e-3
0.750, 6.548e-3
0.751, 6.608e-3
0.752, 6.668e-3
0.753, 6.729e-3
0.754, 6.789e-3
0.755, 6.849e-3
0.756, 6.909e-3
0.757, 6.970e-3
0.758, 7.030e-3
0.759, 7.091e-3
0.760, 7.152e-3
0.761, 7.213e-3
0.762, 7.274e-3
0.763, 7.335e-3
0.764, 7.396e-3
0.765, 7.457e-3
0.766, 7.518e-3
0.767, 7.580e-3
0.768, 7.641e-3
0.769, 7.703e-3
0.770, 7.765e-3
0.771, 7.827e-3
0.772, 7.889e-3
0.773, 7.951e-3
0.774, 8.013e-3
0.775, 8.075e-3
0.776, 8.138e-3
0.777, 8.200e-3
0.778, 8.263e-3
0.779, 8.325e-3
0.780, 8.388e-3
0.781, 8.450e-3
0.782, 8.512e-3
0.783, 8.575e-3
0.784, 8.638e-3
0.785, 8.701e-3
0.786, 8.764e-3
0.787, 8.827e-3
0.788, 8.890e-3
0.789, 8.953e-3
0.790, 9.016e-3
0.791, 9.079e-3
0.792, 9.142e-3
0.793, 9.206e-3
0.794, 9.269e-3
0.795, 9.333e-3
0.796, 9.397e-3
0.797, 9.460e-3
0.798, 9.524e-3
0.799, 9.587e-3
0.800, 9.631e-3
0.799, 9.587e-3
0.798, 9.521e-3
0.797, 9.456e-3
0.796, 9.390e-3
0.795, 9.325e-3
0.794, 9.259e-3
0.793, 9.193e-3
0.792, 9.128e-3
0.791, 9.063e-3
0.790, 8.998e-3
0.789, 8.933e-3
0.788, 8.868e-3
0.787, 8.804e-3
0.786, 8.739e-3
0.785, 8.675e-3
0.784, 8.610e-3
0.783, 8.545e-3
0.782, 8.481e-3
0.781, 8.417e-3
0.780, 8.353e-3
0.779, 8.289e-3
0.778, 8.225e-3
0.777, 8.161e-3
0.776, 8.097e-3
0.775, 8.033e-3
0.774, 7.970e-3
0.773, 7.907e-3
0.772, 7.843e-3
0.771, 7.780e-3
0.770, 7.717e-3
0.769, 7.654e-3
0.768, 7.592e-3
0.767, 7.528e-3
0.766, 7.466e-3
0.765, 7.404e-3
0.764, 7.342e-3
0.763, 7.280e-3
0.762, 7.218e-3
0.761, 7.156e-3
0.760, 7.094e-3
0.759, 7.032e-3
0.758, 6.971e-3
0.757, 6.909e-3
0.756, 6.847e-3
0.755, 6.787e-3
0.754, 6.726e-3
0.753, 6.665e-3
0.752, 6.604e-3
0.751, 6.543e-3
0.750, 6.483e-3
0.749, 6.423e-3
0.748, 6.362e-3
0.747, 6.302e-3
0.746, 6.242e-3
0.745, 6.182e-3
0.744, 6.122e-3
0.743, 6.063e-3
0.742, 6.003e-3
0.741, 5.944e-3
0.740, 5.884e-3
0.739, 5.826e-3
0.738, 5.767e-3
0.737, 5.708e-3
0.736, 5.650e-3
0.735, 5.592e-3
0.734, 5.534e-3
0.733, 5.475e-3
0.732, 5.417e-3
0.731, 5.359e-3
0.730, 5.302e-3
0.729, 5.245e-3
0.728, 5.188e-3
0.727, 5.131e-3
0.726, 5.074e-3
0.725, 5.017e-3
0.724, 4.960e-3
0.723, 4.903e-3
0.722, 4.847e-3
0.721, 4.791e-3
0.720, 4.735e-3
0.719, 4.679e-3
0.718, 4.624e-3
0.717, 4.566e-3
0.716, 4.509e-3
0.715, 4.455e-3
0.714, 4.400e-3
0.713, 4.346e-3
0.712, 4.291e-3
0.711, 4.237e-3
0.710, 4.183e-3
0.709, 4.129e-3
0.708, 4.076e-3
0.707, 4.022e-3
0.706, 3.969e-3
0.705, 3.916e-3
0.704, 3.863e-3
0.703, 3.811e-3
0.702, 3.758e-3
0.701, 3.706e-3
0.700, 3.654e-3
0.699, 3.602e-3
0.698, 3.551e-3
0.697, 3.499e-3
0.696, 3.448e-3
0.695, 3.397e-3
0.694, 3.347e-3
0.693, 3.296e-3
0.692, 3.246e-3
0.691, 3.196e-3
0.690, 3.146e-3
0.689, 3.096e-3
0.688, 3.048e-3
0.687, 2.999e-3
0.686, 2.950e-3
0.685, 2.902e-3
0.684, 2.854e-3
0.683, 2.806e-3
0.682, 2.759e-3
0.681, 2.712e-3
0.680, 2.665e-3
0.679, 2.618e-3
0.678, 2.573e-3
0.677, 2.527e-3
0.676, 2.481e-3
0.675, 2.436e-3
0.674, 2.390e-3
0.673, 2.346e-3
0.672, 2.301e-3
0.671, 2.257e-3
0.670, 2.213e-3
0.669, 2.169e-3
0.668, 2.127e-3
0.667, 2.084e-3
0.666, 2.041e-3
0.665, 1.999e-3
0.664, 1.957e-3
0.663, 1.915e-3
0.662, 1.874e-3
0.661, 1.833e-3
0.660, 1.793e-3
0.659, 1.753e-3
0.658, 1.713e-3
0.657, 1.674e-3
0.656, 1.635e-3
0.655, 1.597e-3
0.654, 1.559e-3
0.653, 1.521e-3
0.652, 1.484e-3
0.651, 1.447e-3
0.650, 1.411e-3
0.649, 1.375e-3
0.648, 1.340e-3
0.647, 1.305e-3
0.646, 1.270e-3
0.645, 1.235e-3
0.644, 1.202e-3
0.643, 1.169e-3
0.642, 1.136e-3
0.641, 1.103e-3
0.640, 1.071e-3
0.639, 1.039e-3
0.638, 1.008e-3
0.637, 9.781e-4
0.636, 9.480e-4
0.635, 9.182e-4
0.634, 8.888e-4
0.633, 8.599e-4
0.632, 8.316e-4
0.631, 8.038e-4
0.630, 7.765e-4
0.629, 7.494e-4
0.628, 7.232e-4
0.627, 6.979e-4
0.626, 6.721e-4
0.625, 6.475e-4
0.624, 6.228e-4
0.623, 5.991e-4
0.622, 5.760e-4
0.621, 5.530e-4
0.620, 5.306e-4
0.619, 5.089e-4
0.618, 4.876e-4
0.617, 4.665e-4
0.616, 4.464e-4
0.615, 4.263e-4
0.614, 4.082e-4
0.613, 3.886e-4
0.612, 3.700e-4
0.611, 3.521e-4
0.610, 3.342e-4
0.609, 3.174e-4
0.608, 3.010e-4
0.607, 2.846e-4
0.606, 2.691e-4
0.605, 2.537e-4
0.604, 2.392e-4
0.603, 2.249e-4
0.602, 2.116e-4
0.601, 1.985e-4
0.600, 1.855e-4
0.599, 1.726e-4
0.598, 1.610e-4
0.597, 1.486e-4
0.596, 1.372e-4
0.595, 1.260e-4
0.594, 1.156e-4
0.593, 1.057e-4
0.592, 9.556e-5
0.591, 8.602e-5
0.590, 7.703e-5
0.589, 6.780e-5
0.588, 5.936e-5
0.587, 5.128e-5
0.586, 4.323e-5
0.585, 3.593e-5
0.584, 2.849e-5
0.583, 2.148e-5
0.582, 1.503e-5
0.581, 8.329e-6
0.580, 1.884e-6
0.579, -3.906e-6
0.578, -9.900e-6
0.577, -1.559e-5
0.576, -2.040e-5
0.575, -2.553e-5
0.574, -3.017e-5
0.573, -3.518e-5
0.572, -3.985e-5
0.571, -4.422e-5
0.570, -4.843e-5
0.569, -5.240e-5
0.568, -5.628e-5
0.567, -6.003e-5
0.566, -6.373e-5
0.565, -6.743e-5
0.564, -7.029e-5
0.563, -7.375e-5
0.562, -7.673e-5
0.561, -7.943e-5
0.560, -8.211e-5
0.559, -8.497e-5
0.558, -8.784e-5
0.557, -9.060e-5
0.556, -9.316e-5
0.555, -9.511e-5
0.554, -9.737e-5
0.553, -9.967e-5
0.552, -1.018e-4
0.551, -1.040e-4
0.550, -1.053e-4
0.549, -1.077e-4
0.548, -1.098e-4
0.547, -1.115e-4
0.546, -1.137e-4
0.545, -1.156e-4
0.544, -1.174e-4
0.543, -1.187e-4
0.542, -1.200e-4
0.541, -1.217e-4
0.540, -1.233e-4
0.539, -1.249e-4
0.538, -1.266e-4
0.537, -1.285e-4
0.536, -1.297e-4
0.535, -1.312e-4
0.534, -1.324e-4
0.533, -1.337e-4
0.532, -1.352e-4
0.531, -1.368e-4
0.530, -1.381e-4
0.529, -1.394e-4
0.528, -1.408e-4
0.527, -1.418e-4
0.526, -1.430e-4
0.525, -1.442e-4
0.524, -1.452e-4
0.523, -1.465e-4
0.522, -1.481e-4
0.521, -1.494e-4
0.520, -1.507e-4
0.519, -1.518e-4
0.518, -1.532e-4
0.517, -1.546e-4
0.516, -1.558e-4
0.515, -1.571e-4
0.514, -1.587e-4
0.513, -1.598e-4
0.512, -1.628e-4
0.511, -1.646e-4
0.510, -1.651e-4
0.509, -1.660e-4
0.508, -1.670e-4
0.507, -1.679e-4
0.506, -1.694e-4
0.505, -1.709e-4
0.504, -1.720e-4
0.503, -1.734e-4
0.502, -1.745e-4
0.501, -1.760e-4
0.500, -1.778e-4
0.499, -1.785e-4
0.498, -1.800e-4
0.497, -1.819e-4
0.496, -1.831e-4
0.495, -1.849e-4
0.494, -1.864e-4
0.493, -1.882e-4
0.492, -1.898e-4
0.491, -1.912e-4
0.490, -1.932e-4
0.489, -1.950e-4
0.488, -1.969e-4
0.487, -1.986e-4
0.486, -2.013e-4
0.485, -2.034e-4
0.484, -2.052e-4
0.483, -2.070e-4
0.482, -2.095e-4
0.481, -2.118e-4
0.480, -2.139e-4
0.479, -2.161e-4
0.478, -2.185e-4
0.477, -2.208e-4
0.476, -2.234e-4
0.475, -2.260e-4
0.474, -2.286e-4
0.473, -2.308e-4
0.472, -2.341e-4
0.471, -2.375e-4
0.470, -2.405e-4
0.469, -2.438e-4
0.468, -2.471e-4
0.467, -2.505e-4
0.466, -2.541e-4
0.465, -2.580e-4
0.464, -2.619e-4
0.463, -2.654e-4
0.462, -2.692e-4
0.461, -2.739e-4
0.460, -2.784e-4
0.459, -2.830e-4
0.458, -2.882e-4
0.457, -2.927e-4
0.456, -2.977e-4
0.455, -3.031e-4
0.454, -3.088e-4
0.453, -3.143e-4
0.452, -3.201e-4
0.451, -3.262e-4
0.450, -3.328e-4
0.449, -3.389e-4
0.448, -3.455e-4
0.447, -3.522e-4
0.446, -3.598e-4
0.445, -3.672e-4
0.444, -3.749e-4
0.443, -3.828e-4
0.442, -3.914e-4
0.441, -3.989e-4
0.440, -4.081e-4
0.439, -4.168e-4
0.438, -4.256e-4
0.437, -4.353e-4
0.436, -4.449e-4
0.435, -4.553e-4
0.434, -4.657e-4
0.433, -4.757e-4
0.432, -4.857e-4
0.431, -4.966e-4
0.430, -5.076e-4
0.429, -5.186e-4
0.428, -5.300e-4
0.427, -5.414e-4
0.426, -5.528e-4
0.425, -5.638e-4
0.424, -5.756e-4
0.423, -5.870e-4
0.422, -5.982e-4
0.421, -6.095e-4
0.420, -6.217e-4
0.419, -6.335e-4
0.418, -6.453e-4
0.417, -6.572e-4
0.416, -6.688e-4
0.415, -6.809e-4
0.414, -6.927e-4
0.413, -7.050e-4
0.412, -7.162e-4
0.411, -7.281e-4
0.410, -7.373e-4
0.409, -7.406e-4
0.408, -7.538e-4
0.407, -7.667e-4
0.406, -7.794e-4
0.405, -7.921e-4
0.404, -8.044e-4
0.403, -8.167e-4
0.402, -8.294e-4
0.401, -8.420e-4
0.400, -8.544e-4
0.399, -8.666e-4
0.398, -8.791e-4
0.397, -8.913e-4
0.396, -9.033e-4
0.395, -9.153e-4
0.394, -9.280e-4
0.393, -9.401e-4
0.392, -9.522e-4
0.391, -9.639e-4
0.390, -9.752e-4
0.389, -9.870e-4
0.388, -9.978e-4
0.387, -1.009e-3
0.386, -1.019e-3
0.385, -1.029e-3
0.384, -1.039e-3
0.383, -1.048e-3
0.382, -1.056e-3
0.381, -1.064e-3
0.380, -1.070e-3
0.379, -1.075e-3
0.378, -1.080e-3
0.377, -1.083e-3
0.376, -1.086e-3
0.375, -1.087e-3
0.374, -1.086e-3
0.373, -1.083e-3
0.372, -1.080e-3
0.371, -1.074e-3
0.370, -1.067e-3
0.369, -1.058e-3
0.368, -1.047e-3
0.367, -1.033e-3
0.366, -1.018e-3
0.365, -1.002e-3
0.364, -9.831e-4
0.363, -9.623e-4
0.362, -9.399e-4
0.361, -9.157e-4
0.360, -8.901e-4
0.359, -8.626e-4
0.358, -8.347e-4
0.357, -8.055e-4
0.356, -7.757e-4
0.355, -7.448e-4
0.354, -7.144e-4
0.353, -6.836e-4
0.352, -6.533e-4
0.351, -6.234e-4
0.350, -5.941e-4
0.349, -5.659e-4
0.348, -5.379e-4
0.347, -5.114e-4
0.346, -4.858e-4
0.345, -4.613e-4
0.344, -4.382e-4
0.343, -4.164e-4
0.342, -3.957e-4
0.341, -3.767e-4
0.340, -3.584e-4
0.339, -3.409e-4
0.338, -3.245e-4
0.337, -3.094e-4
0.336, -2.949e-4
0.335, -2.815e-4
0.334, -2.689e-4
0.333, -2.571e-4
0.332, -2.461e-4
0.331, -2.356e-4
0.330, -2.257e-4
0.329, -2.166e-4
0.328, -2.079e-4
0.327, -1.996e-4
0.326, -1.921e-4
0.325, -1.851e-4
0.324, -1.784e-4
0.323, -1.720e-4
0.322, -1.663e-4
0.321, -1.605e-4
0.320, -1.549e-4
0.319, -1.498e-4
0.318, -1.448e-4
0.317, -1.405e-4
0.316, -1.360e-4
0.315, -1.318e-4
0.314, -1.278e-4
0.313, -1.240e-4
0.312, -1.205e-4
0.311, -1.174e-4
0.310, -1.142e-4
0.309, -1.110e-4
0.308, -1.079e-4
0.307, -1.055e-4
0.306, -1.026e-4
0.305, -9.991e-5
0.304, -9.739e-5
0.303, -9.500e-5
0.302, -9.281e-5
0.301, -9.070e-5
0.300, -8.860e-5
0.299, -8.650e-5
0.298, -8.436e-5
0.297, -8.244e-5
0.296, -8.066e-5
0.295, -7.899e-5
0.294, -7.729e-5
0.293, -7.563e-5
0.292, -7.409e-5
0.291, -7.253e-5
0.290, -7.112e-5
0.289, -6.969e-5
0.288, -6.854e-5
0.287, -6.740e-5
0.286, -6.627e-5
0.285, -6.507e-5
0.284, -6.374e-5
0.283, -6.242e-5
0.282, -6.124e-5
0.281, -6.013e-5
0.280, -5.895e-5
0.279, -5.799e-5
0.278, -5.690e-5
0.277, -5.603e-5
0.276, -5.513e-5
0.275, -5.422e-5
0.274, -5.337e-5
0.273, -5.252e-5
0.272, -5.166e-5
0.271, -5.075e-5
0.270, -4.996e-5
0.269, -4.908e-5
0.268, -4.835e-5
0.267, -4.761e-5
0.266, -4.689e-5
0.265, -4.622e-5
0.264, -4.560e-5
0.263, -4.503e-5
0.262, -4.434e-5
0.261, -4.386e-5
0.260, -4.323e-5
0.259, -4.261e-5
0.258, -4.214e-5
0.257, -4.161e-5
0.256, -4.105e-5
0.255, -4.047e-5
0.254, -3.989e-5
0.253, -3.935e-5
0.252, -3.886e-5
0.251, -3.831e-5
0.250, -3.773e-5
0.249, -3.722e-5
0.248, -3.682e-5
0.247, -3.635e-5
0.246, -3.583e-5
0.245, -3.532e-5
0.244, -3.496e-5
0.243, -3.452e-5
0.242, -3.408e-5
0.241, -3.371e-5
0.240, -3.332e-5
0.239, -3.298e-5
0.238, -3.261e-5
0.237, -3.232e-5
0.236, -3.184e-5
0.235, -3.159e-5
0.234, -3.122e-5
0.233, -3.082e-5
0.232, -3.048e-5
0.231, -3.029e-5
0.230, -2.997e-5
0.229, -2.961e-5
0.228, -2.930e-5
0.227, -2.897e-5
0.226, -2.873e-5
0.225, -2.846e-5
0.224, -2.820e-5
0.223, -2.790e-5
0.222, -2.759e-5
0.221, -2.731e-5
0.220, -2.713e-5
0.219, -2.678e-5
0.218, -2.661e-5
0.217, -2.632e-5
0.216, -2.605e-5
0.215, -2.580e-5
0.214, -2.559e-5
0.213, -2.529e-5
0.212, -2.510e-5
0.211, -2.498e-5
0.210, -2.464e-5
0.209, -2.449e-5
0.208, -2.423e-5
0.207, -2.404e-5
0.206, -2.384e-5
0.205, -2.354e-5
0.204, -2.335e-5
0.203, -2.317e-5
0.202, -2.304e-5
0.201, -2.281e-5
0.200, -2.099e-5
0.201, -1.750e-5
0.202, -1.597e-5
0.203, -1.487e-5
0.204, -1.388e-5
0.205, -1.317e-5
0.206, -1.236e-5
0.207, -1.170e-5
0.208, -1.103e-5
0.209, -1.057e-5
0.210, -1.013e-5
0.211, -9.588e-6
0.212, -9.149e-6
0.213, -8.660e-6
0.214, -8.387e-6
0.215, -7.997e-6
0.216, -7.577e-6
0.217, -7.274e-6
0.218, -7.001e-6
0.219, -6.649e-6
0.220, -6.386e-6
0.221, -6.093e-6
0.222, -5.878e-6
0.223, -5.585e-6
0.224, -5.331e-6
0.225, -4.970e-6
0.226, -4.755e-6
0.227, -4.569e-6
0.228, -4.228e-6
0.229, -4.042e-6
0.230, -3.876e-6
0.231, -3.632e-6
0.232, -3.339e-6
0.233, -3.115e-6
0.234, -3.037e-6
0.235, -2.773e-6
0.236, -2.529e-6
0.237, -2.343e-6
0.238, -2.089e-6
0.239, -1.894e-6
0.240, -1.699e-6
0.241, -1.504e-6
0.242, -1.289e-6
0.243, -1.191e-6
0.244, -9.666e-7
0.245, -8.006e-7
0.246, -5.663e-7
0.247, -4.003e-7
0.248, -2.734e-7
0.249, -1.074e-7
0.250, 8.787e-8
0.251, 2.831e-7
0.252, 5.175e-7
0.253, 6.932e-7
0.254, 9.080e-7
0.255, 1.074e-6
0.256, 1.162e-6
0.257, 1.386e-6
0.258, 1.611e-6
0.259, 1.728e-6
0.260, 1.904e-6
0.261, 2.070e-6
0.262, 2.255e-6
0.263, 2.431e-6
0.264, 2.539e-6
0.265, 2.812e-6
0.266, 2.910e-6
0.267, 3.105e-6
0.268, 3.320e-6
0.269, 3.456e-6
0.270, 3.564e-6
0.271, 3.759e-6
0.272, 3.974e-6
0.273, 4.140e-6
0.274, 4.228e-6
0.275, 4.452e-6
0.276, 4.706e-6
0.277, 4.843e-6
0.278, 4.970e-6
0.279, 5.155e-6
0.280, 5.370e-6
0.281, 5.575e-6
0.282, 5.712e-6
0.283, 5.907e-6
0.284, 6.063e-6
0.285, 6.317e-6
0.286, 6.425e-6
0.287, 6.600e-6
0.288, 6.835e-6
0.289, 7.079e-6
0.290, 7.225e-6
0.291, 7.430e-6
0.292, 7.616e-6
0.293, 7.772e-6
0.294, 8.016e-6
0.295, 8.221e-6
0.296, 8.475e-6
0.297, 8.719e-6
0.298, 8.924e-6
0.299, 9.100e-6
0.300, 9.354e-6
0.301, 9.608e-6
0.302, 9.822e-6
0.303, 1.010e-5
0.304, 1.031e-5
0.305, 1.064e-5
0.306, 1.088e-5
0.307, 1.115e-5
0.308, 1.141e-5
0.309, 1.160e-5
0.310, 1.183e-5
0.311, 1.206e-5
0.312, 1.224e-5
0.313, 1.255e-5
0.314, 1.283e-5
0.315, 1.308e-5
0.316, 1.331e-5
0.317, 1.350e-5
0.318, 1.385e-5
0.319, 1.411e-5
0.320, 1.425e-5
0.321, 1.465e-5
0.322, 1.485e-5
0.323, 1.522e-5
0.324, 1.545e-5
0.325, 1.570e-5
0.326, 1.598e-5
0.327, 1.628e-5
0.328, 1.651e-5
0.329, 1.683e-5
0.330, 1.715e-5
0.331, 1.743e-5
0.332, 1.773e-5
0.333, 1.805e-5
0.334, 1.837e-5
0.335, 1.877e-5
0.336, 1.900e-5
0.337, 1.932e-5
0.338, 1.968e-5
0.339, 2.003e-5
0.340, 2.028e-5
0.341, 2.055e-5
0.342, 2.095e-5
0.343, 2.138e-5
0.344, 2.177e-5
0.345, 2.216e-5
0.346, 2.244e-5
0.347, 2.288e-5
0.348, 2.330e-5
0.349, 2.354e-5
0.350, 2.395e-5
0.351, 2.439e-5
0.352, 2.475e-5
0.353, 2.521e-5
0.354, 2.556e-5
0.355, 2.596e-5
0.356, 2.630e-5
0.357, 2.675e-5
0.358, 2.716e-5
0.359, 2.751e-5
0.360, 2.791e-5
0.361, 2.830e-5
0.362, 2.865e-5
0.363, 2.915e-5
0.364, 2.955e-5
0.365, 2.990e-5
0.366, 3.029e-5
0.367, 3.076e-5
0.368, 3.116e-5
0.369, 3.169e-5
0.370, 3.210e-5
0.371, 3.253e-5
0.372, 3.306e-5
0.373, 3.348e-5
0.374, 3.407e-5
0.375, 3.463e-5
0.376, 3.512e-5
0.377, 3.570e-5
0.378, 3.614e-5
0.379, 3.676e-5
0.380, 3.732e-5
0.381, 3.779e-5
0.382, 3.828e-5
0.383, 3.889e-5
0.384, 3.939e-5
0.385, 3.992e-5
0.386, 4.054e-5
0.387, 4.109e-5
0.388, 4.167e-5
0.389, 4.224e-5
0.390, 4.290e-5
0.391, 4.361e-5
0.392, 4.435e-5
0.393, 4.500e-5
0.394, 4.568e-5
0.395, 4.652e-5
0.396, 4.725e-5
0.397, 4.791e-5
0.398, 4.875e-5
0.399, 4.957e-5
0.400, 5.037e-5
0.401, 5.113e-5
0.402, 5.196e-5
0.403, 5.286e-5
0.404, 5.380e-5
0.405, 5.470e-5
0.406, 5.563e-5
0.407, 5.663e-5
0.408, 5.780e-5
0.409, 5.876e-5
0.410, 5.779e-5
0.411, 6.006e-5
0.412, 6.159e-5
0.413, 6.299e-5
0.414, 6.435e-5
0.415, 6.555e-5
0.416, 6.699e-5
0.417, 6.855e-5
0.418, 7.020e-5
0.419, 7.193e-5
0.420, 7.362e-5
0.421, 7.543e-5
0.422, 7.735e-5
0.423, 7.903e-5
0.424, 8.122e-5
0.425, 8.376e-5
0.426, 8.647e-5
0.427, 8.911e-5
0.428, 9.188e-5
0.429, 9.489e-5
0.430, 9.849e-5
0.431, 1.020e-4
0.432, 1.057e-4
0.433, 1.103e-4
0.434, 1.151e-4
0.435, 1.203e-4
0.436, 1.258e-4
0.437, 1.317e-4
0.438, 1.387e-4
0.439, 1.461e-4
0.440, 1.542e-4
0.441, 1.634e-4
0.442, 1.729e-4
0.443, 1.835e-4
0.444, 1.952e-4
0.445, 2.079e-4
0.446, 2.216e-4
0.447, 2.367e-4
0.448, 2.525e-4
0.449, 2.703e-4
0.450, 2.895e-4
0.451, 3.106e-4
0.452, 3.329e-4
0.453, 3.573e-4
0.454, 3.833e-4
0.455, 4.115e-4
0.456, 4.417e-4
0.457, 4.736e-4
0.458, 5.077e-4
0.459, 5.442e-4
0.460, 5.826e-4
0.461, 6.232e-4
0.462, 6.660e-4
0.463, 7.106e-4
0.464, 7.572e-4
0.465, 8.055e-4
0.466, 8.550e-4
0.467, 9.050e-4
0.468, 9.560e-4
0.469, 1.007e-3
0.470, 1.059e-3
0.471, 1.109e-3
0.472, 1.160e-3
0.473, 1.209e-3
0.474, 1.256e-3
0.475, 1.303e-3
0.476, 1.348e-3
0.477, 1.391e-3
0.478, 1.431e-3
0.479, 1.469e-3
0.480, 1.505e-3
0.481, 1.538e-3
0.482, 1.569e-3
0.483, 1.596e-3
0.484, 1.620e-3
0.485, 1.641e-3
0.486, 1.660e-3
0.487, 1.675e-3
0.488, 1.687e-3
0.489, 1.695e-3
0.490, 1.701e-3
0.491, 1.702e-3
0.492, 1.701e-3
0.493, 1.696e-3
0.494, 1.688e-3
0.495, 1.676e-3
0.496, 1.662e-3
0.497, 1.644e-3
0.498, 1.622e-3
0.499, 1.598e-3
0.500, 1.570e-3
0.501, 1.540e-3
0.502, 1.508e-3
0.503, 1.474e-3
0.504, 1.438e-3
0.505, 1.400e-3
0.506, 1.362e-3
0.507, 1.322e-3
0.508, 1.282e-3
0.509, 1.242e-3
0.510, 1.202e-3
0.511, 1.163e-3
0.512, 1.126e-3
0.513, 1.089e-3
0.514, 1.052e-3
0.515, 1.015e-3
0.516, 9.803e-4
0.517, 9.462e-4
0.518, 9.135e-4
0.519, 8.814e-4
0.520, 8.510e-4
0.521, 8.215e-4
0.522, 7.928e-4
0.523, 7.651e-4
0.524, 7.384e-4
0.525, 7.121e-4
0.526, 6.870e-4
0.527, 6.630e-4
0.528, 6.400e-4
0.529, 6.177e-4
0.530, 5.967e-4
0.531, 5.765e-4
0.532, 5.569e-4
0.533, 5.382e-4
0.534, 5.205e-4
0.535, 5.035e-4
0.536, 4.873e-4
0.537, 4.719e-4
0.538, 4.580e-4
0.539, 4.444e-4
0.540, 4.313e-4
0.541, 4.186e-4
0.542, 4.073e-4
0.543, 3.964e-4
0.544, 3.865e-4
0.545, 3.770e-4
0.546, 3.680e-4
0.547, 3.596e-4
0.548, 3.517e-4
0.549, 3.444e-4
0.550, 3.376e-4
0.551, 3.309e-4
0.552, 3.248e-4
0.553, 3.202e-4
0.554, 3.153e-4
0.555, 3.108e-4
0.556, 3.068e-4
0.557, 3.028e-4
0.558, 2.995e-4
0.559, 2.961e-4
0.560, 2.933e-4
0.561, 2.906e-4
0.562, 2.883e-4
0.563, 2.866e-4
0.564, 2.850e-4
0.565, 2.833e-4
0.566, 2.823e-4
0.567, 2.811e-4
0.568, 2.805e-4
0.569, 2.798e-4
0.570, 2.795e-4
0.571, 2.798e-4
0.572, 2.800e-4
0.573, 2.803e-4
0.574, 2.811e-4
0.575, 2.822e-4
0.576, 2.831e-4
0.577, 2.845e-4
0.578, 2.865e-4
0.579, 2.887e-4
0.580, 2.914e-4
0.581, 2.937e-4
0.582, 2.965e-4
0.583, 2.997e-4
0.584, 3.035e-4
0.585, 3.072e-4
0.586, 3.109e-4
0.587, 3.152e-4
0.588, 3.199e-4
0.589, 3.250e-4
0.590, 3.309e-4
0.591, 3.362e-4
0.592, 3.424e-4
0.593, 3.486e-4
0.594, 3.553e-4
0.595, 3.628e-4
0.596, 3.704e-4
0.597, 3.783e-4
0.598, 3.866e-4
0.599, 3.956e-4
0.600, 4.047e-4
0.601, 4.144e-4
0.602, 4.240e-4
0.603, 4.349e-4
0.604, 4.462e-4
0.605, 4.575e-4
0.606, 4.693e-4
0.607, 4.820e-4
0.608, 4.949e-4
0.609, 5.086e-4
0.610, 5.222e-4
0.611, 5.369e-4
0.612, 5.521e-4
0.613, 5.674e-4
0.614, 5.834e-4
0.615, 5.985e-4
0.616, 6.158e-4
0.617, 6.342e-4
0.618, 6.525e-4
0.619, 6.711e-4
0.620, 6.907e-4
0.621, 7.108e-4
0.622, 7.313e-4
0.623, 7.526e-4
0.624, 7.742e-4
0.625, 7.965e-4
0.626, 8.192e-4
0.627, 8.426e-4
0.628, 8.661e-4
0.629, 8.910e-4
0.630, 9.161e-4
0.631, 9.415e-4
0.632, 9.677e-4
0.633, 9.944e-4
0.634, 1.021e-3
0.635, 1.049e-3
0.636, 1.078e-3
0.637, 1.106e-3
0.638, 1.136e-3
0.639, 1.166e-3
0.640, 1.197e-3
0.641, 1.228e-3
0.642, 1.259e-3
0.643, 1.291e-3
0.644, 1.324e-3
0.645, 1.357e-3
0.646, 1.391e-3
0.647, 1.425e-3
0.648, 1.459e-3
0.649, 1.495e-3
0.650, 1.530e-3
0.651, 1.567e-3
0.652, 1.603e-3
0.653, 1.640e-3
0.654, 1.677e-3
0.655, 1.715e-3
0.656, 1.753e-3
0.657, 1.792e-3
0.658, 1.831e-3
0.659, 1.871e-3
0.660, 1.911e-3
0.661, 1.951e-3
0.662, 1.993e-3
0.663, 2.034e-3
0.664, 2.075e-3
0.665, 2.117e-3
0.666, 2.160e-3
0.667, 2.203e-3
0.668, 2.246e-3
0.669, 2.290e-3
0.670, 2.333e-3
0.671, 2.378e-3
0.672, 2.423e-3
0.673, 2.468e-3
0.674, 2.513e-3
0.675, 2.558e-3
0.676, 2.604e-3
0.677, 2.650e-3
0.678, 2.697e-3
0.679, 2.743e-3
0.680, 2.790e-3
0.681, 2.838e-3
0.682, 2.885e-3
0.683, 2.933e-3
0.684, 2.981e-3
0.685, 3.030e-3
0.686, 3.079e-3
0.687, 3.128e-3
0.688, 3.178e-3
0.689, 3.228e-3
0.690, 3.278e-3
0.691, 3.328e-3
0.692, 3.379e-3
0.693, 3.429e-3
0.694, 3.481e-3
0.695, 3.532e-3
0.696, 3.584e-3
0.697, 3.635e-3
0.698, 3.687e-3
0.699, 3.739e-3
0.700, 3.792e-3
0.701, 3.845e-3
0.702, 3.897e-3
0.703, 3.951e-3
0.704, 4.004e-3
0.705, 4.057e-3
0.706, 4.110e-3
0.707, 4.164e-3
0.708, 4.218e-3
0.709, 4.273e-3
0.710, 4.326e-3
0.711, 4.381e-3
0.712, 4.436e-3
0.713, 4.491e-3
0.714, 4.546e-3
0.715, 4.602e-3
0.716, 4.657e-3
0.717, 4.715e-3
0.718, 4.772e-3
0.719, 4.828e-3
0.720, 4.884e-3
0.721, 4.941e-3
0.722, 4.997e-3
0.723, 5.054e-3
0.724, 5.111e-3
0.725, 5.168e-3
0.726, 5.226e-3
0.727, 5.283e-3
0.728, 5.340e-3
0.729, 5.398e-3
0.730, 5.455e-3
0.731, 5.513e-3
0.732, 5.571e-3
0.733, 5.630e-3
0.734, 5.688e-3
0.735, 5.746e-3
0.736, 5.805e-3
0.737, 5.864e-3
0.738, 5.922e-3
0.739, 5.981e-3
0.740, 6.040e-3
0.741, 6.099e-3
0.742, 6.159e-3
0.743, 6.219e-3
0.744, 6.278e-3
0.745, 6.338e-3
0.746, 6.398e-3
0.747, 6.458e-3
0.748, 6.518e-3
0.749, 6.578e-3
0.750, 6.639e-3
0.751, 6.699e-3
0.752, 6.760e-3
0.753, 6.820e-3
0.754, 6.880e-3
0.755, 6.941e-3
0.756, 7.001e-3
0.757, 7.062e-3
0.758, 7.124e-3
0.759, 7.185e-3
0.760, 7.246e-3
0.761, 7.307e-3
0.762, 7.368e-3
0.763, 7.430e-3
0.764, 7.491e-3
0.765, 7.553e-3
0.766, 7.615e-3
0.767, 7.676e-3
0.768, 7.738e-3
0.769, 7.801e-3
0.770, 7.863e-3
0.771, 7.925e-3
0.772, 7.987e-3
0.773, 8.049e-3
0.774, 8.111e-3
0.775, 8.174e-3
0.776, 8.237e-3
0.777, 8.300e-3
0.778, 8.362e-3
0.779, 8.425e-3
0.780, 8.488e-3
0.781, 8.550e-3
0.782, 8.613e-3
0.783, 8.676e-3
0.784, 8.740e-3
0.785, 8.802e-3
0.786, 8.866e-3
0.787, 8.929e-3
0.788, 8.992e-3
0.789, 9.055e-3
0.790, 9.119e-3
0.791, 9.182e-3
0.792, 9.246e-3
0.793, 9.310e-3
0.794, 9.374e-3
0.795, 9.438e-3
0.796, 9.502e-3
0.797, 9.566e-3
0.798, 9.630e-3
0.799, 9.694e-3
0.800, 9.738e-3
0.799, 9.692e-3
0.798, 9.626e-3
0.797, 9.560e-3
0.796, 9.494e-3
0.795, 9.428e-3
0.794, 9.362e-3
0.793, 9.296e-3
0.792, 9.230e-3
0.791, 9.165e-3
0.790, 9.100e-3
0.789, 9.034e-3
0.788, 8.969e-3
0.787, 8.904e-3
0.786, 8.839e-3
0.785, 8.774e-3
0.784, 8.709e-3
0.783, 8.644e-3
0.782, 8.579e-3
0.781, 8.515e-3
0.780, 8.451e-3
0.779, 8.387e-3
0.778, 8.323e-3
0.777, 8.259e-3
0.776, 8.194e-3
0.775, 8.130e-3
0.774, 8.066e-3
0.773, 8.002e-3
0.772, 7.939e-3
0.771, 7.876e-3
0.770, 7.813e-3
0.769, 7.749e-3
0.768, 7.685e-3
0.767, 7.622e-3
0.766, 7.560e-3
0.765, 7.497e-3
0.764, 7.434e-3
0.763, 7.372e-3
0.762, 7.310e-3
0.761, 7.248e-3
0.760, 7.186e-3
0.759, 7.124e-3
0.758, 7.062e-3
0.757, 6.999e-3
0.756, 6.938e-3
0.755, 6.877e-3
0.754, 6.816e-3
0.753, 6.755e-3
0.752, 6.694e-3
0.751, 6.633e-3
0.750, 6.572e-3
0.749, 6.511e-3
0.748, 6.450e-3
0.747, 6.390e-3
0.746, 6.330e-3
0.745, 6.270e-3
0.744, 6.209e-3
0.743, 6.149e-3
0.742, 6.089e-3
0.741, 6.029e-3
0.740, 5.970e-3
0.739, 5.911e-3
0.738, 5.852e-3
0.737, 5.792e-3
0.736, 5.733e-3
0.735, 5.674e-3
0.734, 5.616e-3
0.733, 5.558e-3
0.732, 5.500e-3
0.731, 5.441e-3
0.730, 5.383e-3
0.729, 5.325e-3
0.728, 5.268e-3
0.727, 5.211e-3
0.726, 5.153e-3
0.725, 5.096e-3
0.724, 5.039e-3
0.723, 4.982e-3
0.722, 4.925e-3
0.721, 4.868e-3
0.720, 4.812e-3
0.719, 4.756e-3
0.718, 4.700e-3
0.717, 4.642e-3
0.716, 4.585e-3
0.715, 4.529e-3
0.714, 4.474e-3
0.713, 4.419e-3
0.712, 4.364e-3
0.711, 4.309e-3
0.710, 4.255e-3
0.709, 4.201e-3
0.708, 4.147e-3
0.707, 4.093e-3
0.706, 4.039e-3
0.705, 3.986e-3
0.704, 3.932e-3
0.703, 3.879e-3
0.702, 3.826e-3
0.701, 3.773e-3
0.700, 3.721e-3
0.699, 3.669e-3
0.698, 3.617e-3
0.697, 3.565e-3
0.696, 3.514e-3
0.695, 3.462e-3
0.694, 3.410e-3
0.693, 3.360e-3
0.692, 3.309e-3
0.691, 3.258e-3
0.690, 3.208e-3
0.689, 3.158e-3
0.688, 3.108e-3
0.687, 3.059e-3
0.686, 3.010e-3
0.685, 2.961e-3
0.684, 2.913e-3
0.683, 2.864e-3
0.682, 2.816e-3
0.681, 2.769e-3
0.680, 2.721e-3
0.679, 2.674e-3
0.678, 2.628e-3
0.677, 2.581e-3
0.676, 2.535e-3
0.675, 2.490e-3
0.674, 2.444e-3
0.673, 2.398e-3
0.672, 2.353e-3
0.671, 2.308e-3
0.670, 2.263e-3
0.669, 2.219e-3
0.668, 2.175e-3
0.667, 2.132e-3
0.666, 2.089e-3
0.665, 2.046e-3
0.664, 2.004e-3
0.663, 1.961e-3
0.662, 1.920e-3
0.661, 1.878e-3
0.660, 1.837e-3
0.659, 1.796e-3
0.658, 1.757e-3
0.657, 1.717e-3
0.656, 1.677e-3
0.655, 1.638e-3
0.654, 1.600e-3
0.653, 1.561e-3
0.652, 1.524e-3
0.651, 1.486e-3
0.650, 1.449e-3
0.649, 1.413e-3
0.648, 1.377e-3
0.647, 1.341e-3
0.646, 1.306e-3
0.645, 1.271e-3
0.644, 1.236e-3
0.643, 1.202e-3
0.642, 1.169e-3
0.641, 1.136e-3
0.640, 1.103e-3
0.639, 1.070e-3
0.638, 1.039e-3
0.637, 1.007e-3
0.636, 9.769e-4
0.635, 9.468e-4
0.634, 9.165e-4
0.633, 8.872e-4
0.632, 8.584e-4
0.631, 8.299e-4
0.630, 8.022e-4
0.629, 7.741e-4
0.628, 7.474e-4
0.627, 7.214e-4
0.626, 6.955e-4
0.625, 6.697e-4
0.624, 6.450e-4
0.623, 6.202e-4
0.622, 5.966e-4
0.621, 5.730e-4
0.620, 5.501e-4
0.619, 5.278e-4
0.618, 5.058e-4
0.617, 4.842e-4
0.616, 4.633e-4
0.615, 4.432e-4
0.614, 4.245e-4
0.613, 4.042e-4
0.612, 3.850e-4
0.611, 3.666e-4
0.610, 3.482e-4
0.609, 3.305e-4
0.608, 3.136e-4
0.607, 2.970e-4
0.606, 2.808e-4
0.605, 2.651e-4
0.604, 2.497e-4
0.603, 2.355e-4
0.602, 2.212e-4
0.601, 2.076e-4
0.600, 1.943e-4
0.599, 1.809e-4
0.598, 1.686e-4
0.597, 1.563e-4
0.596, 1.445e-4
0.595, 1.331e-4
0.594, 1.221e-4
0.593, 1.118e-4
0.592, 1.014e-4
0.591, 9.141e-5
0.590, 8.195e-5
0.589, 7.260e-5
0.588, 6.365e-5
0.587, 5.523e-5
0.586, 4.727e-5
0.585, 3.938e-5
0.584, 3.198e-5
0.583, 2.490e-5
0.582, 1.774e-5
0.581, 1.092e-5
0.580, 4.384e-6
0.579, -1.738e-6
0.578, -7.674e-6
0.577, -1.347e-5
0.576, -1.891e-5
0.575, -2.418e-5
0.574, -2.915e-5
0.573, -3.400e-5
0.572, -3.904e-5
0.571, -4.352e-5
0.570, -4.773e-5
0.569, -5.202e-5
0.568, -5.603e-5
0.567, -5.995e-5
0.566, -6.396e-5
0.565, -6.731e-5
0.564, -7.050e-5
0.563, -7.405e-5
0.562, -7.737e-5
0.561, -8.013e-5
0.560, -8.278e-5
0.559, -8.579e-5
0.558, -8.871e-5
0.557, -9.148e-5
0.556, -9.398e-5
0.555, -9.604e-5
0.554, -9.833e-5
0.553, -1.010e-4
0.552, -1.033e-4
0.551, -1.054e-4
0.550, -1.067e-4
0.549, -1.092e-4
0.548, -1.113e-4
0.547, -1.136e-4
0.546, -1.158e-4
0.545, -1.175e-4
0.544, -1.188e-4
0.543, -1.206e-4
0.542, -1.221e-4
0.541, -1.235e-4
0.540, -1.254e-4
0.539, -1.269e-4
0.538, -1.288e-4
0.537, -1.307e-4
0.536, -1.318e-4
0.535, -1.332e-4
0.534, -1.344e-4
0.533, -1.361e-4
0.532, -1.377e-4
0.531, -1.392e-4
0.530, -1.405e-4
0.529, -1.417e-4
0.528, -1.430e-4
0.527, -1.445e-4
0.526, -1.454e-4
0.525, -1.465e-4
0.524, -1.477e-4
0.523, -1.491e-4
0.522, -1.508e-4
0.521, -1.520e-4
0.520, -1.532e-4
0.519, -1.547e-4
0.518, -1.558e-4
0.517, -1.572e-4
0.516, -1.583e-4
0.515, -1.596e-4
0.514, -1.612e-4
0.513, -1.626e-4
0.512, -1.655e-4
0.511, -1.674e-4
0.510, -1.674e-4
0.509, -1.684e-4
0.508, -1.697e-4
0.507, -1.707e-4
0.506, -1.720e-4
0.505, -1.734e-4
0.504, -1.747e-4
0.503, -1.761e-4
0.502, -1.774e-4
0.501, -1.789e-4
0.500, -1.801e-4
0.499, -1.810e-4
0.498, -1.831e-4
0.497, -1.847e-4
0.496, -1.863e-4
0.495, -1.879e-4
0.494, -1.896e-4
0.493, -1.915e-4
0.492, -1.929e-4
0.491, -1.947e-4
0.490, -1.962e-4
0.489, -1.977e-4
0.488, -1.997e-4
0.487, -2.019e-4
0.486, -2.042e-4
0.485, -2.064e-4
0.484, -2.084e-4
0.483, -2.101e-4
0.482, -2.124e-4
0.481, -2.148e-4
0.480, -2.170e-4
0.479, -2.195e-4
0.478, -2.218e-4
0.477, -2.240e-4
0.476, -2.264e-4
0.475, -2.292e-4
0.474, -2.319e-4
0.473, -2.341e-4
0.472, -2.375e-4
0.471, -2.411e-4
0.470, -2.440e-4
0.469, -2.473e-4
0.468, -2.509e-4
0.467, -2.541e-4
0.466, -2.581e-4
0.465, -2.618e-4
0.464, -2.653e-4
0.463, -2.696e-4
0.462, -2.737e-4
0.461, -2.779e-4
0.460, -2.825e-4
0.459, -2.870e-4
0.458, -2.918e-4
0.457, -2.969e-4
0.456, -3.022e-4
0.455, -3.078e-4
0.454, -3.132e-4
0.453, -3.188e-4
0.452, -3.248e-4
0.451, -3.305e-4
0.450, -3.373e-4
0.449, -3.441e-4
0.448, -3.507e-4
0.447, -3.580e-4
0.446, -3.649e-4
0.445, -3.726e-4
0.444, -3.805e-4
0.443, -3.889e-4
0.442, -3.971e-4
0.441, -4.055e-4
0.440, -4.144e-4
0.439, -4.235e-4
0.438, -4.328e-4
0.437, -4.428e-4
0.436, -4.526e-4
0.435, -4.633e-4
0.434, -4.739e-4
0.433, -4.839e-4
0.432, -4.945e-4
0.431, -5.056e-4
0.430, -5.168e-4
0.429, -5.282e-4
0.428, -5.398e-4
0.427, -5.516e-4
0.426, -5.635e-4
0.425, -5.748e-4
0.424, -5.863e-4
0.423, -5.991e-4
0.422, -6.100e-4
0.421, -6.225e-4
0.420, -6.344e-4
0.419, -6.465e-4
0.418, -6.587e-4
0.417, -6.709e-4
0.416, -6.836e-4
0.415, -6.959e-4
0.414, -7.079e-4
0.413, -7.199e-4
0.412, -7.320e-4
0.411, -7.439e-4
0.410, -7.538e-4
0.409, -7.575e-4
0.408, -7.709e-4
0.407, -7.843e-4
0.406, -7.973e-4
0.405, -8.097e-4
0.404, -8.226e-4
0.403, -8.355e-4
0.402, -8.485e-4
0.401, -8.611e-4
0.400, -8.741e-4
0.399, -8.872e-4
0.398, -9.000e-4
0.397, -9.126e-4
0.396, -9.251e-4
0.395, -9.381e-4
0.394, -9.513e-4
0.393, -9.637e-4
0.392, -9.762e-4
0.391, -9.889e-4
0.390, -1.001e-3
0.389, -1.013e-3
0.388, -1.025e-3
0.387, -1.036e-3
0.386, -1.047e-3
0.385, -1.058e-3
0.384, -1.068e-3
0.383, -1.078e-3
0.382, -1.087e-3
0.381, -1.095e-3
0.380, -1.102e-3
0.379, -1.108e-3
0.378, -1.113e-3
0.377, -1.118e-3
0.376, -1.121e-3
0.375, -1.122e-3
0.374, -1.122e-3
0.373, -1.121e-3
0.372, -1.117e-3
0.371, -1.112e-3
0.370, -1.105e-3
0.369, -1.096e-3
0.368, -1.085e-3
0.367, -1.073e-3
0.366, -1.058e-3
0.365, -1.041e-3
0.364, -1.022e-3
0.363, -1.001e-3
0.362, -9.781e-4
0.361, -9.536e-4
0.360, -9.269e-4
0.359, -8.988e-4
0.358, -8.696e-4
0.357, -8.397e-4
0.356, -8.082e-4
0.355, -7.762e-4
0.354, -7.438e-4
0.353, -7.115e-4
0.352, -6.794e-4
0.351, -6.478e-4
0.350, -6.168e-4
0.349, -5.868e-4
0.348, -5.577e-4
0.347, -5.296e-4
0.346, -5.027e-4
0.345, -4.768e-4
0.344, -4.525e-4
0.343, -4.294e-4
0.342, -4.076e-4
0.341, -3.879e-4
0.340, -3.686e-4
0.339, -3.503e-4
0.338, -3.330e-4
0.337, -3.172e-4
0.336, -3.022e-4
0.335, -2.882e-4
0.334, -2.751e-4
0.333, -2.630e-4
0.332, -2.514e-4
0.331, -2.406e-4
0.330, -2.303e-4
0.329, -2.209e-4
0.328, -2.123e-4
0.327, -2.035e-4
0.326, -1.958e-4
0.325, -1.885e-4
0.324, -1.815e-4
0.323, -1.750e-4
0.322, -1.691e-4
0.321, -1.634e-4
0.320, -1.574e-4
0.319, -1.524e-4
0.318, -1.474e-4
0.317, -1.429e-4
0.316, -1.385e-4
0.315, -1.340e-4
0.314, -1.301e-4
0.313, -1.263e-4
0.312, -1.225e-4
0.311, -1.193e-4
0.310, -1.162e-4
0.309, -1.129e-4
0.308, -1.097e-4
0.307, -1.072e-4
0.306, -1.044e-4
0.305, -1.017e-4
0.304, -9.906e-5
0.303, -9.660e-5
0.302, -9.435e-5
0.301, -9.227e-5
0.300, -9.017e-5
0.299, -8.805e-5
0.298, -8.601e-5
0.297, -8.400e-5
0.296, -8.213e-5
0.295, -8.041e-5
0.294, -7.867e-5
0.293, -7.700e-5
0.292, -7.541e-5
0.291, -7.386e-5
0.290, -7.235e-5
0.289, -7.097e-5
0.288, -6.965e-5
0.287, -6.855e-5
0.286, -6.735e-5
0.285, -6.631e-5
0.284, -6.507e-5
0.283, -6.374e-5
0.282, -6.256e-5
0.281, -6.137e-5
0.280, -6.006e-5
0.279, -5.903e-5
0.278, -5.797e-5
0.277, -5.713e-5
0.276, -5.619e-5
0.275, -5.522e-5
0.274, -5.436e-5
0.273, -5.357e-5
0.272, -5.263e-5
0.271, -5.180e-5
0.270, -5.093e-5
0.269, -5.013e-5
0.268, -4.934e-5
0.267, -4.851e-5
0.266, -4.782e-5
0.265, -4.724e-5
0.264, -4.648e-5
0.263, -4.593e-5
0.262, -4.523e-5
0.261, -4.464e-5
0.260, -4.404e-5
0.259, -4.351e-5
0.258, -4.282e-5
0.257, -4.237e-5
0.256, -4.183e-5
0.255, -4.131e-5
0.254, -4.074e-5
0.253, -4.024e-5
0.252, -3.970e-5
0.251, -3.917e-5
0.250, -3.856e-5
0.249, -3.807e-5
0.248, -3.754e-5
0.247, -3.709e-5
0.246, -3.658e-5
0.245, -3.617e-5
0.244, -3.574e-5
0.243, -3.521e-5
0.242, -3.487e-5
0.241, -3.443e-5
0.240, -3.402e-5
0.239, -3.359e-5
0.238, -3.325e-5
0.237, -3.287e-5
0.236, -3.254e-5
0.235, -3.214e-5
0.234, -3.187e-5
0.233, -3.146e-5
0.232, -3.112e-5
0.231, -3.082e-5
0.230, -3.051e-5
0.229, -3.012e-5
0.228, -2.986e-5
0.227, -2.956e-5
0.226, -2.932e-5
0.225, -2.905e-5
0.224, -2.867e-5
0.223, -2.846e-5
0.222, -2.822e-5
0.221, -2.788e-5
0.220, -2.758e-5
0.219, -2.737e-5
0.218, -2.707e-5
0.217, -2.683e-5
0.216, -2.657e-5
0.215, -2.629e-5
0.214, -2.609e-5
0.213, -2.585e-5
0.212, -2.568e-5
0.211, -2.544e-5
0.210, -2.519e-5
0.209, -2.500e-5
0.208, -2.474e-5
0.207, -2.458e-5
0.206, -2.430e-5
0.205, -2.406e-5
0.204, -2.391e-5
0.203, -2.373e-5
0.202, -2.351e-5
0.201, -2.334e-5
0.200, -2.139e-5
0.201, -1.789e-5
0.202, -1.638e-5
0.203, -1.523e-5
0.204, -1.430e-5
0.205, -1.361e-5
0.206, -1.284e-5
0.207, -1.208e-5
0.208, -1.145e-5
0.209, -1.095e-5
0.210, -1.042e-5
0.211, -9.871e-6
0.212, -9.569e-6
0.213, -9.061e-6
0.214, -8.660e-6
0.215, -8.260e-6
0.216, -7.909e-6
0.217, -7.606e-6
0.218, -7.313e-6
0.219, -7.010e-6
0.220, -6.688e-6
0.221, -6.415e-6
0.222, -6.102e-6
0.223, -5.780e-6
0.224, -5.556e-6
0.225, -5.302e-6
0.226, -5.067e-6
0.227, -4.823e-6
0.228, -4.569e-6
0.229, -4.345e-6
0.230, -4.120e-6
0.231, -3.857e-6
0.232, -3.622e-6
0.233, -3.398e-6
0.234, -3.183e-6
0.235, -3.007e-6
0.236, -2.753e-6
0.237, -2.529e-6
0.238, -2.304e-6
0.239, -2.148e-6
0.240, -1.904e-6
0.241, -1.689e-6
0.242, -1.552e-6
0.243, -1.299e-6
0.244, -1.142e-6
0.245, -1.006e-6
0.246, -8.202e-7
0.247, -5.370e-7
0.248, -4.003e-7
0.249, -2.539e-7
0.250, -4.882e-8
0.251, 1.172e-7
0.252, 3.222e-7
0.253, 4.491e-7
0.254, 6.444e-7
0.255, 8.397e-7
0.256, 1.045e-6
0.257, 1.162e-6
0.258, 1.338e-6
0.259, 1.533e-6
0.260, 1.699e-6
0.261, 1.845e-6
0.262, 2.021e-6
0.263, 2.236e-6
0.264, 2.431e-6
0.265, 2.578e-6
0.266, 2.783e-6
0.267, 2.988e-6
0.268, 3.212e-6
0.269, 3.290e-6
0.270, 3.447e-6
0.271, 3.652e-6
0.272, 3.730e-6
0.273, 4.052e-6
0.274, 4.130e-6
0.275, 4.277e-6
0.276, 4.501e-6
0.277, 4.687e-6
0.278, 4.940e-6
0.279, 5.019e-6
0.280, 5.331e-6
0.281, 5.448e-6
0.282, 5.673e-6
0.283, 5.790e-6
0.284, 5.995e-6
0.285, 6.151e-6
0.286, 6.356e-6
0.287, 6.581e-6
0.288, 6.717e-6
0.289, 6.942e-6
0.290, 7.079e-6
0.291, 7.352e-6
0.292, 7.577e-6
0.293, 7.743e-6
0.294, 7.928e-6
0.295, 8.114e-6
0.296, 8.387e-6
0.297, 8.612e-6
0.298, 8.758e-6
0.299, 9.061e-6
0.300, 9.354e-6
0.301, 9.481e-6
0.302, 9.803e-6
0.303, 1.001e-5
0.304, 1.022e-5
0.305, 1.053e-5
0.306, 1.077e-5
0.307, 1.109e-5
0.308, 1.135e-5
0.309, 1.148e-5
0.310, 1.178e-5
0.311, 1.199e-5
0.312, 1.223e-5
0.313, 1.253e-5
0.314, 1.284e-5
0.315, 1.311e-5
0.316, 1.332e-5
0.317, 1.350e-5
0.318, 1.385e-5
0.319, 1.408e-5
0.320, 1.429e-5
0.321, 1.457e-5
0.322, 1.484e-5
0.323, 1.520e-5
0.324, 1.545e-5
0.325, 1.573e-5
0.326, 1.605e-5
0.327, 1.634e-5
0.328, 1.661e-5
0.329, 1.695e-5
0.330, 1.715e-5
0.331, 1.751e-5
0.332, 1.781e-5
0.333, 1.819e-5
0.334, 1.846e-5
0.335, 1.878e-5
0.336, 1.907e-5
0.337, 1.948e-5
0.338, 1.970e-5
0.339, 2.009e-5
0.340, 2.039e-5
0.341, 2.072e-5
0.342, 2.117e-5
0.343, 2.160e-5
0.344, 2.183e-5
0.345, 2.229e-5
0.346, 2.252e-5
0.347, 2.297e-5
0.348, 2.333e-5
0.349, 2.371e-5
0.350, 2.415e-5
0.351, 2.452e-5
0.352, 2.496e-5
0.353, 2.525e-5
0.354, 2.567e-5
0.355, 2.614e-5
0.356, 2.651e-5
0.357, 2.682e-5
0.358, 2.729e-5
0.359, 2.777e-5
0.360, 2.805e-5
0.361, 2.850e-5
0.362, 2.882e-5
0.363, 2.929e-5
0.364, 2.975e-5
0.365, 3.008e-5
0.366, 3.058e-5
0.367, 3.100e-5
0.368, 3.142e-5
0.369, 3.196e-5
0.370, 3.234e-5
0.371, 3.283e-5
0.372, 3.336e-5
0.373, 3.388e-5
0.374, 3.438e-5
0.375, 3.490e-5
0.376, 3.550e-5
0.377, 3.596e-5
0.378, 3.657e-5
0.379, 3.703e-5
0.380, 3.773e-5
0.381, 3.814e-5
0.382, 3.865e-5
0.383, 3.919e-5
0.384, 3.979e-5
0.385, 4.037e-5
0.386, 4.091e-5
0.387, 4.146e-5
0.388, 4.215e-5
0.389, 4.272e-5
0.390, 4.341e-5
0.391, 4.408e-5
0.392, 4.483e-5
0.393, 4.555e-5
0.394, 4.629e-5
0.395, 4.711e-5
0.396, 4.775e-5
0.397, 4.847e-5
0.398, 4.935e-5
0.399, 5.009e-5
0.400, 5.080e-5
0.401, 5.173e-5
0.402, 5.262e-5
0.403, 5.353e-5
0.404, 5.448e-5
0.405, 5.531e-5
0.406, 5.646e-5
0.407, 5.754e-5
0.408, 5.863e-5
0.409, 5.960e-5
0.410, 5.862e-5
0.411, 6.095e-5
0.412, 6.245e-5
0.413, 6.373e-5
0.414, 6.519e-5
0.415, 6.659e-5
0.416, 6.804e-5
0.417, 6.964e-5
0.418, 7.131e-5
0.419, 7.300e-5
0.420, 7.478e-5
0.421, 7.660e-5
0.422, 7.847e-5
0.423, 8.027e-5
0.424, 8.261e-5
0.425, 8.531e-5
0.426, 8.786e-5
0.427, 9.052e-5
0.428, 9.336e-5
0.429, 9.678e-5
0.430, 1.003e-4
0.431, 1.038e-4
0.432, 1.081e-4
0.433, 1.128e-4
0.434, 1.174e-4
0.435, 1.230e-4
0.436, 1.286e-4
0.437, 1.350e-4
0.438, 1.421e-4
0.439, 1.498e-4
0.440, 1.583e-4
0.441, 1.675e-4
0.442, 1.773e-4
0.443, 1.887e-4
0.444, 2.007e-4
0.445, 2.138e-4
0.446, 2.279e-4
0.447, 2.436e-4
0.448, 2.602e-4
0.449, 2.786e-4
0.450, 2.988e-4
0.451, 3.201e-4
0.452, 3.434e-4
0.453, 3.685e-4
0.454, 3.954e-4
0.455, 4.243e-4
0.456, 4.554e-4
0.457, 4.886e-4
0.458, 5.236e-4
0.459, 5.610e-4
0.460, 6.005e-4
0.461, 6.424e-4
0.462, 6.861e-4
0.463, 7.316e-4
0.464, 7.794e-4
0.465, 8.285e-4
0.466, 8.785e-4
0.467, 9.300e-4
0.468, 9.818e-4
0.469, 1.033e-3
0.470, 1.086e-3
0.471, 1.137e-3
0.472, 1.188e-3
0.473, 1.238e-3
0.474, 1.286e-3
0.475, 1.334e-3
0.476, 1.379e-3
0.477, 1.422e-3
0.478, 1.463e-3
0.479, 1.502e-3
0.480, 1.539e-3
0.481, 1.573e-3
0.482, 1.604e-3
0.483, 1.632e-3
0.484, 1.657e-3
0.485, 1.679e-3
0.486, 1.698e-3
0.487, 1.714e-3
0.488, 1.727e-3
0.489, 1.736e-3
0.490, 1.742e-3
0.491, 1.746e-3
0.492, 1.745e-3
0.493, 1.740e-3
0.494, 1.733e-3
0.495, 1.723e-3
0.496, 1.708e-3
0.497, 1.691e-3
0.498, 1.670e-3
0.499, 1.646e-3
0.500, 1.619e-3
0.501, 1.589e-3
0.502, 1.557e-3
0.503, 1.522e-3
0.504, 1.486e-3
0.505, 1.447e-3
0.506, 1.408e-3
0.507, 1.368e-3
0.508, 1.327e-3
0.509, 1.285e-3
0.510, 1.243e-3
0.511, 1.202e-3
0.512, 1.164e-3
0.513, 1.126e-3
0.514, 1.086e-3
0.515, 1.049e-3
0.516, 1.011e-3
0.517, 9.759e-4
0.518, 9.420e-4
0.519, 9.085e-4
0.520, 8.760e-4
0.521, 8.450e-4
0.522, 8.145e-4
0.523, 7.857e-4
0.524, 7.574e-4
0.525, 7.296e-4
0.526, 7.034e-4
0.527, 6.783e-4
0.528, 6.543e-4
0.529, 6.311e-4
0.530, 6.084e-4
0.531, 5.873e-4
0.532, 5.672e-4
0.533, 5.475e-4
0.534, 5.290e-4
0.535, 5.110e-4
0.536, 4.942e-4
0.537, 4.784e-4
0.538, 4.633e-4
0.539, 4.496e-4
0.540, 4.359e-4
0.541, 4.229e-4
0.542, 4.112e-4
0.543, 3.998e-4
0.544, 3.892e-4
0.545, 3.795e-4
0.546, 3.703e-4
0.547, 3.622e-4
0.548, 3.542e-4
0.549, 3.469e-4
0.550, 3.401e-4
0.551, 3.330e-4
0.552, 3.270e-4
0.553, 3.219e-4
0.554, 3.171e-4
0.555, 3.124e-4
0.556, 3.087e-4
0.557, 3.048e-4
0.558, 3.015e-4
0.559, 2.982e-4
0.560, 2.957e-4
0.561, 2.929e-4
0.562, 2.904e-4
0.563, 2.888e-4
0.564, 2.871e-4
0.565, 2.856e-4
0.566, 2.846e-4
0.567, 2.835e-4
0.568, 2.827e-4
0.569, 2.824e-4
0.570, 2.824e-4
0.571, 2.827e-4
0.572, 2.833e-4
0.573, 2.838e-4
0.574, 2.850e-4
0.575, 2.859e-4
0.576, 2.869e-4
0.577, 2.884e-4
0.578, 2.907e-4
0.579, 2.931e-4
0.580, 2.955e-4
0.581, 2.979e-4
0.582, 3.014e-4
0.583, 3.047e-4
0.584, 3.083e-4
0.585, 3.122e-4
0.586, 3.160e-4
0.587, 3.209e-4
0.588, 3.256e-4
0.589, 3.316e-4
0.590, 3.371e-4
0.591, 3.428e-4
0.592, 3.490e-4
0.593, 3.559e-4
0.594, 3.629e-4
0.595, 3.705e-4
0.596, 3.781e-4
0.597, 3.867e-4
0.598, 3.957e-4
0.599, 4.048e-4
0.600, 4.144e-4
0.601, 4.244e-4
0.602, 4.345e-4
0.603, 4.456e-4
0.604, 4.574e-4
0.605, 4.688e-4
0.606, 4.815e-4
0.607, 4.946e-4
0.608, 5.080e-4
0.609, 5.221e-4
0.610, 5.364e-4
0.611, 5.514e-4
0.612, 5.669e-4
0.613, 5.830e-4
0.614, 5.995e-4
0.615, 6.146e-4
0.616, 6.334e-4
0.617, 6.518e-4
0.618, 6.704e-4
0.619, 6.900e-4
0.620, 7.101e-4
0.621, 7.306e-4
0.622, 7.517e-4
0.623, 7.736e-4
0.624, 7.961e-4
0.625, 8.187e-4
0.626, 8.421e-4
0.627, 8.662e-4
0.628, 8.905e-4
0.629, 9.155e-4
0.630, 9.414e-4
0.631, 9.677e-4
0.632, 9.944e-4
0.633, 1.022e-3
0.634, 1.050e-3
0.635, 1.078e-3
0.636, 1.107e-3
0.637, 1.137e-3
0.638, 1.167e-3
0.639, 1.197e-3
0.640, 1.229e-3
0.641, 1.261e-3
0.642, 1.293e-3
0.643, 1.326e-3
0.644, 1.359e-3
0.645, 1.392e-3
0.646, 1.427e-3
0.647, 1.461e-3
0.648, 1.497e-3
0.649, 1.533e-3
0.650, 1.569e-3
0.651, 1.606e-3
0.652, 1.643e-3
0.653, 1.680e-3
0.654, 1.718e-3
0.655, 1.757e-3
0.656, 1.795e-3
0.657, 1.835e-3
0.658, 1.874e-3
0.659, 1.915e-3
0.660, 1.956e-3
0.661, 1.997e-3
0.662, 2.039e-3
0.663, 2.081e-3
0.664, 2.123e-3
0.665, 2.166e-3
0.666, 2.208e-3
0.667, 2.252e-3
0.668, 2.296e-3
0.669, 2.340e-3
0.670, 2.385e-3
0.671, 2.430e-3
0.672, 2.475e-3
0.673, 2.520e-3
0.674, 2.566e-3
0.675, 2.612e-3
0.676, 2.658e-3
0.677, 2.705e-3
0.678, 2.752e-3
0.679, 2.799e-3
0.680, 2.846e-3
0.681, 2.895e-3
0.682, 2.943e-3
0.683, 2.991e-3
0.684, 3.040e-3
0.685, 3.090e-3
0.686, 3.139e-3
0.687, 3.189e-3
0.688, 3.239e-3
0.689, 3.289e-3
0.690, 3.339e-3
0.691, 3.390e-3
0.692, 3.442e-3
0.693, 3.493e-3
0.694, 3.545e-3
0.695, 3.597e-3
0.696, 3.649e-3
0.697, 3.701e-3
0.698, 3.753e-3
0.699, 3.806e-3
0.700, 3.859e-3
0.701, 3.912e-3
0.702, 3.966e-3
0.703, 4.019e-3
0.704, 4.073e-3
0.705, 4.126e-3
0.706, 4.180e-3
0.707, 4.234e-3
0.708, 4.288e-3
0.709, 4.343e-3
0.710, 4.398e-3
0.711, 4.453e-3
0.712, 4.508e-3
0.713, 4.563e-3
0.714, 4.619e-3
0.715, 4.675e-3
0.716, 4.731e-3
0.717, 4.790e-3
0.718, 4.847e-3
0.719, 4.903e-3
0.720, 4.960e-3
0.721, 5.017e-3
0.722, 5.074e-3
0.723, 5.131e-3
0.724, 5.189e-3
0.725, 5.246e-3
0.726, 5.304e-3
0.727, 5.361e-3
0.728, 5.420e-3
0.729, 5.478e-3
0.730, 5.535e-3
0.731, 5.594e-3
0.732, 5.652e-3
0.733, 5.710e-3
0.734, 5.769e-3
0.735, 5.828e-3
0.736, 5.887e-3
0.737, 5.946e-3
0.738, 6.005e-3
0.739, 6.064e-3
0.740, 6.123e-3
0.741, 6.183e-3
0.742, 6.243e-3
0.743, 6.304e-3
0.744, 6.364e-3
0.745, 6.424e-3
0.746, 6.483e-3
0.747, 6.544e-3
0.748, 6.604e-3
0.749, 6.665e-3
0.750, 6.726e-3
0.751, 6.786e-3
0.752, 6.847e-3
0.753, 6.908e-3
0.754, 6.969e-3
0.755, 7.030e-3
0.756, 7.091e-3
0.757, 7.153e-3
0.758, 7.214e-3
0.759, 7.275e-3
0.760, 7.336e-3
0.761, 7.398e-3
0.762, 7.459e-3
0.763, 7.521e-3
0.764, 7.583e-3
0.765, 7.645e-3
0.766, 7.707e-3
0.767, 7.769e-3
0.768, 7.831e-3
0.769, 7.894e-3
0.770, 7.956e-3
0.771, 8.019e-3
0.772, 8.081e-3
0.773, 8.144e-3
0.774, 8.207e-3
0.775, 8.270e-3
0.776, 8.333e-3
0.777, 8.396e-3
0.778, 8.458e-3
0.779, 8.522e-3
0.780, 8.585e-3
0.781, 8.648e-3
0.782, 8.711e-3
0.783, 8.774e-3
0.784, 8.837e-3
0.785, 8.901e-3
0.786, 8.964e-3
0.787, 9.027e-3
0.788, 9.091e-3
0.789, 9.155e-3
0.790, 9.219e-3
0.791, 9.282e-3
0.792, 9.346e-3
0.793, 9.411e-3
0.794, 9.476e-3
0.795, 9.540e-3
0.796, 9.604e-3
0.797, 9.668e-3
0.798, 9.732e-3
0.799, 9.796e-3
0.800, 9.841e-3
0.799, 9.796e-3
0.798, 9.728e-3
0.797, 9.662e-3
0.796, 9.595e-3
0.795, 9.529e-3
0.794, 9.463e-3
0.793, 9.396e-3
0.792, 9.330e-3
0.791, 9.264e-3
0.790, 9.198e-3
0.789, 9.133e-3
0.788, 9.067e-3
0.787, 9.001e-3
0.786, 8.936e-3
0.785, 8.871e-3
0.784, 8.806e-3
0.783, 8.742e-3
0.782, 8.676e-3
0.781, 8.611e-3
0.780, 8.547e-3
0.779, 8.483e-3
0.778, 8.418e-3
0.777, 8.354e-3
0.776, 8.290e-3
0.775, 8.226e-3
0.774, 8.161e-3
0.773, 8.097e-3
0.772, 8.033e-3
0.771, 7.969e-3
0.770, 7.906e-3
0.769, 7.842e-3
0.768, 7.778e-3
0.767, 7.715e-3
0.766, 7.652e-3
0.765, 7.589e-3
0.764, 7.526e-3
0.763, 7.463e-3
0.762, 7.401e-3
0.761, 7.339e-3
0.760, 7.276e-3
0.759, 7.214e-3
0.758, 7.152e-3
0.757, 7.090e-3
0.756, 7.027e-3
0.755, 6.966e-3
0.754, 6.905e-3
0.753, 6.843e-3
0.752, 6.782e-3
0.751, 6.720e-3
0.750, 6.659e-3
0.749, 6.598e-3
0.748, 6.537e-3
0.747, 6.476e-3
0.746, 6.415e-3
0.745, 6.355e-3
0.744, 6.294e-3
0.743, 6.234e-3
0.742, 6.173e-3
0.741, 6.113e-3
0.740, 6.053e-3
0.739, 5.994e-3
0.738, 5.934e-3
0.737, 5.875e-3
0.736, 5.816e-3
0.735, 5.757e-3
0.734, 5.698e-3
0.733, 5.639e-3
0.732, 5.580e-3
0.731, 5.521e-3
0.730, 5.463e-3
0.729, 5.405e-3
0.728, 5.347e-3
0.727, 5.289e-3
0.726, 5.231e-3
0.725, 5.174e-3
0.724, 5.116e-3
0.723, 5.058e-3
0.722, 5.001e-3
0.721, 4.944e-3
0.720, 4.887e-3
0.719, 4.831e-3
0.718, 4.774e-3
0.717, 4.717e-3
0.716, 4.658e-3
0.715, 4.602e-3
0.714, 4.546e-3
0.713, 4.492e-3
0.712, 4.436e-3
0.711, 4.381e-3
0.710, 4.325e-3
0.709, 4.271e-3
0.708, 4.216e-3
0.707, 4.162e-3
0.706, 4.108e-3
0.705, 4.054e-3
0.704, 4.001e-3
0.703, 3.947e-3
0.702, 3.893e-3
0.701, 3.840e-3
0.700, 3.787e-3
0.699, 3.734e-3
0.698, 3.682e-3
0.697, 3.629e-3
0.696, 3.577e-3
0.695, 3.525e-3
0.694, 3.474e-3
0.693, 3.422e-3
0.692, 3.371e-3
0.691, 3.320e-3
0.690, 3.269e-3
0.689, 3.219e-3
0.688, 3.169e-3
0.687, 3.118e-3
0.686, 3.069e-3
0.685, 3.019e-3
0.684, 2.970e-3
0.683, 2.921e-3
0.682, 2.873e-3
0.681, 2.825e-3
0.680, 2.777e-3
0.679, 2.729e-3
0.678, 2.683e-3
0.677, 2.635e-3
0.676, 2.588e-3
0.675, 2.542e-3
0.674, 2.496e-3
0.673, 2.450e-3
0.672, 2.404e-3
0.671, 2.358e-3
0.670, 2.313e-3
0.669, 2.268e-3
0.668, 2.224e-3
0.667, 2.180e-3
0.666, 2.136e-3
0.665, 2.093e-3
0.664, 2.050e-3
0.663, 2.007e-3
0.662, 1.965e-3
0.661, 1.923e-3
0.660, 1.881e-3
0.659, 1.840e-3
0.658, 1.799e-3
0.657, 1.758e-3
0.656, 1.719e-3
0.655, 1.679e-3
0.654, 1.640e-3
0.653, 1.601e-3
0.652, 1.563e-3
0.651, 1.524e-3
0.650, 1.486e-3
0.649, 1.449e-3
0.648, 1.412e-3
0.647, 1.376e-3
0.646, 1.340e-3
0.645, 1.305e-3
0.644, 1.270e-3
0.643, 1.235e-3
0.642, 1.201e-3
0.641, 1.167e-3
0.640, 1.134e-3
0.639, 1.101e-3
0.638, 1.068e-3
0.637, 1.037e-3
0.636, 1.005e-3
0.635, 9.742e-4
0.634, 9.439e-4
0.633, 9.138e-4
0.632, 8.844e-4
0.631, 8.554e-4
0.630, 8.267e-4
0.629, 7.985e-4
0.628, 7.708e-4
0.627, 7.441e-4
0.626, 7.175e-4
0.625, 6.912e-4
0.624, 6.658e-4
0.623, 6.408e-4
0.622, 6.161e-4
0.621, 5.922e-4
0.620, 5.687e-4
0.619, 5.456e-4
0.618, 5.232e-4
0.617, 5.015e-4
0.616, 4.798e-4
0.615, 4.590e-4
0.614, 4.403e-4
0.613, 4.193e-4
0.612, 3.995e-4
0.611, 3.804e-4
0.610, 3.616e-4
0.609, 3.434e-4
0.608, 3.260e-4
0.607, 3.091e-4
0.606, 2.924e-4
0.605, 2.760e-4
0.604, 2.603e-4
0.603, 2.454e-4
0.602, 2.307e-4
0.601, 2.171e-4
0.600, 2.031e-4
0.599, 1.897e-4
0.598, 1.768e-4
0.597, 1.641e-4
0.596, 1.520e-4
0.595, 1.404e-4
0.594, 1.286e-4
0.593, 1.180e-4
0.592, 1.076e-4
0.591, 9.712e-5
0.590, 8.764e-5
0.589, 7.779e-5
0.588, 6.825e-5
0.587, 5.993e-5
0.586, 5.138e-5
0.585, 4.309e-5
0.584, 3.531e-5
0.583, 2.784e-5
0.582, 2.078e-5
0.581, 1.383e-5
0.580, 6.874e-6
0.579, 6.346e-7
0.578, -5.907e-6
0.577, -1.158e-5
0.576, -1.723e-5
0.575, -2.252e-5
0.574, -2.771e-5
0.573, -3.286e-5
0.572, -3.777e-5
0.571, -4.254e-5
0.570, -4.687e-5
0.569, -5.127e-5
0.568, -5.569e-5
0.567, -5.983e-5
0.566, -6.380e-5
0.565, -6.737e-5
0.564, -7.040e-5
0.563, -7.379e-5
0.562, -7.738e-5
0.561, -8.035e-5
0.560, -8.318e-5
0.559, -8.647e-5
0.558, -8.926e-5
0.557, -9.218e-5
0.556, -9.454e-5
0.555, -9.701e-5
0.554, -9.983e-5
0.553, -1.019e-4
0.552, -1.042e-4
0.551, -1.062e-4
0.550, -1.079e-4
0.549, -1.107e-4
0.548, -1.128e-4
0.547, -1.146e-4
0.546, -1.169e-4
0.545, -1.186e-4
0.544, -1.202e-4
0.543, -1.219e-4
0.542, -1.231e-4
0.541, -1.253e-4
0.540, -1.273e-4
0.539, -1.286e-4
0.538, -1.305e-4
0.537, -1.324e-4
0.536, -1.334e-4
0.535, -1.351e-4
0.534, -1.363e-4
0.533, -1.379e-4
0.532, -1.394e-4
0.531, -1.409e-4
0.530, -1.424e-4
0.529, -1.438e-4
0.528, -1.450e-4
0.527, -1.466e-4
0.526, -1.476e-4
0.525, -1.487e-4
0.524, -1.499e-4
0.523, -1.511e-4
0.522, -1.528e-4
0.521, -1.538e-4
0.520, -1.555e-4
0.519, -1.567e-4
0.518, -1.579e-4
0.517, -1.595e-4
0.516, -1.609e-4
0.515, -1.618e-4
0.514, -1.636e-4
0.513, -1.651e-4
0.512, -1.679e-4
0.511, -1.696e-4
0.510, -1.696e-4
0.509, -1.708e-4
0.508, -1.718e-4
0.507, -1.731e-4
0.506, -1.743e-4
0.505, -1.755e-4
0.504, -1.770e-4
0.503, -1.783e-4
0.502, -1.797e-4
0.501, -1.812e-4
0.500, -1.825e-4
0.499, -1.835e-4
0.498, -1.852e-4
0.497, -1.870e-4
0.496, -1.887e-4
0.495, -1.904e-4
0.494, -1.918e-4
0.493, -1.938e-4
0.492, -1.955e-4
0.491, -1.969e-4
0.490, -1.987e-4
0.489, -2.003e-4
0.488, -2.024e-4
0.487, -2.045e-4
0.486, -2.069e-4
0.485, -2.091e-4
0.484, -2.111e-4
0.483, -2.133e-4
0.482, -2.153e-4
0.481, -2.173e-4
0.480, -2.196e-4
0.479, -2.222e-4
0.478, -2.245e-4
0.477, -2.269e-4
0.476, -2.293e-4
0.475, -2.321e-4
0.474, -2.348e-4
0.473, -2.376e-4
0.472, -2.408e-4
0.471, -2.439e-4
0.470, -2.471e-4
0.469, -2.503e-4
0.468, -2.533e-4
0.467, -2.571e-4
0.466, -2.613e-4
0.465, -2.648e-4
0.464, -2.687e-4
0.463, -2.727e-4
0.462, -2.768e-4
0.461, -2.814e-4
0.460, -2.863e-4
0.459, -2.906e-4
0.458, -2.957e-4
0.457, -3.005e-4
0.456, -3.061e-4
0.455, -3.116e-4
0.454, -3.170e-4
0.453, -3.229e-4
0.452, -3.288e-4
0.451, -3.351e-4
0.450, -3.419e-4
0.449, -3.488e-4
0.448, -3.556e-4
0.447, -3.628e-4
0.446, -3.700e-4
0.445, -3.779e-4
0.444, -3.863e-4
0.443, -3.940e-4
0.442, -4.023e-4
0.441, -4.113e-4
0.440, -4.203e-4
0.439, -4.299e-4
0.438, -4.395e-4
0.437, -4.494e-4
0.436, -4.597e-4
0.435, -4.706e-4
0.434, -4.813e-4
0.433, -4.917e-4
0.432, -5.029e-4
0.431, -5.140e-4
0.430, -5.252e-4
0.429, -5.369e-4
0.428, -5.493e-4
0.427, -5.611e-4
0.426, -5.733e-4
0.425, -5.846e-4
0.424, -5.970e-4
0.423, -6.094e-4
0.422, -6.211e-4
0.421, -6.336e-4
0.420, -6.464e-4
0.419, -6.588e-4
0.418, -6.714e-4
0.417, -6.837e-4
0.416, -6.966e-4
0.415, -7.093e-4
0.414, -7.217e-4
0.413, -7.344e-4
0.412, -7.468e-4
0.411, -7.593e-4
0.410, -7.696e-4
0.409, -7.737e-4
0.408, -7.875e-4
0.407, -8.009e-4
0.406, -8.140e-4
0.405, -8.276e-4
0.404, -8.410e-4
0.403, -8.543e-4
0.402, -8.673e-4
0.401, -8.807e-4
0.400, -8.940e-4
0.399, -9.074e-4
0.398, -9.209e-4
0.397, -9.343e-4
0.396, -9.474e-4
0.395, -9.604e-4
0.394, -9.738e-4
0.393, -9.870e-4
0.392, -1.000e-3
0.391, -1.013e-3
0.390, -1.026e-3
0.389, -1.039e-3
0.388, -1.052e-3
0.387, -1.064e-3
0.386, -1.075e-3
0.385, -1.086e-3
0.384, -1.097e-3
0.383, -1.107e-3
0.382, -1.117e-3
0.381, -1.126e-3
0.380, -1.133e-3
0.379, -1.140e-3
0.378, -1.146e-3
0.377, -1.151e-3
0.376, -1.154e-3
0.375, -1.156e-3
0.374, -1.157e-3
0.373, -1.156e-3
0.372, -1.154e-3
0.371, -1.149e-3
0.370, -1.143e-3
0.369, -1.135e-3
0.368, -1.124e-3
0.367, -1.111e-3
0.366, -1.097e-3
0.365, -1.080e-3
0.364, -1.061e-3
0.363, -1.040e-3
0.362, -1.017e-3
0.361, -9.914e-4
0.360, -9.643e-4
0.359, -9.356e-4
0.358, -9.054e-4
0.357, -8.736e-4
0.356, -8.412e-4
0.355, -8.076e-4
0.354, -7.738e-4
0.353, -7.398e-4
0.352, -7.061e-4
0.351, -6.727e-4
0.350, -6.402e-4
0.349, -6.082e-4
0.348, -5.777e-4
0.347, -5.479e-4
0.346, -5.194e-4
0.345, -4.920e-4
0.344, -4.665e-4
0.343, -4.423e-4
0.342, -4.191e-4
0.341, -3.979e-4
0.340, -3.780e-4
0.339, -3.591e-4
0.338, -3.413e-4
0.337, -3.245e-4
0.336, -3.091e-4
0.335, -2.945e-4
0.334, -2.807e-4
0.333, -2.683e-4
0.332, -2.564e-4
0.331, -2.452e-4
0.330, -2.347e-4
0.329, -2.248e-4
0.328, -2.159e-4
0.327, -2.073e-4
0.326, -1.992e-4
0.325, -1.917e-4
0.324, -1.847e-4
0.323, -1.779e-4
0.322, -1.718e-4
0.321, -1.661e-4
0.320, -1.602e-4
0.319, -1.548e-4
0.318, -1.499e-4
0.317, -1.451e-4
0.316, -1.407e-4
0.315, -1.363e-4
0.314, -1.320e-4
0.313, -1.282e-4
0.312, -1.245e-4
0.311, -1.209e-4
0.310, -1.178e-4
0.309, -1.149e-4
0.308, -1.116e-4
0.307, -1.089e-4
0.306, -1.059e-4
0.305, -1.033e-4
0.304, -1.007e-4
0.303, -9.824e-5
0.302, -9.581e-5
0.301, -9.358e-5
0.300, -9.156e-5
0.299, -8.948e-5
0.298, -8.738e-5
0.297, -8.532e-5
0.296, -8.343e-5
0.295, -8.163e-5
0.294, -7.985e-5
0.293, -7.834e-5
0.292, -7.668e-5
0.291, -7.502e-5
0.290, -7.361e-5
0.289, -7.212e-5
0.288, -7.074e-5
0.287, -6.942e-5
0.286, -6.837e-5
0.285, -6.722e-5
0.284, -6.614e-5
0.283, -6.494e-5
0.282, -6.374e-5
0.281, -6.252e-5
0.280, -6.121e-5
0.279, -6.010e-5
0.278, -5.904e-5
0.277, -5.803e-5
0.276, -5.711e-5
0.275, -5.614e-5
0.274, -5.523e-5
0.273, -5.436e-5
0.272, -5.351e-5
0.271, -5.275e-5
0.270, -5.185e-5
0.269, -5.096e-5
0.268, -5.029e-5
0.267, -4.945e-5
0.266, -4.868e-5
0.265, -4.797e-5
0.264, -4.733e-5
0.263, -4.668e-5
0.262, -4.598e-5
0.261, -4.537e-5
0.260, -4.477e-5
0.259, -4.417e-5
0.258, -4.368e-5
0.257, -4.308e-5
0.256, -4.256e-5
0.255, -4.201e-5
0.254, -4.148e-5
0.253, -4.098e-5
0.252, -4.044e-5
0.251, -3.977e-5
0.250, -3.932e-5
0.249, -3.885e-5
0.248, -3.826e-5
0.247, -3.781e-5
0.246, -3.738e-5
0.245, -3.687e-5
0.244, -3.641e-5
0.243, -3.585e-5
0.242, -3.544e-5
0.241, -3.510e-5
0.240, -3.457e-5
0.239, -3.424e-5
0.238, -3.390e-5
0.237, -3.350e-5
0.236, -3.314e-5
0.235, -3.271e-5
0.234, -3.240e-5
0.233, -3.201e-5
0.232, -3.172e-5
0.231, -3.133e-5
0.230, -3.107e-5
0.229, -3.077e-5
0.228, -3.050e-5
0.227, -3.013e-5
0.226, -2.986e-5
0.225, -2.957e-5
0.224, -2.919e-5
0.223, -2.896e-5
0.222, -2.867e-5
0.221, -2.840e-5
0.220, -2.814e-5
0.219, -2.778e-5
0.218, -2.760e-5
0.217, -2.730e-5
0.216, -2.702e-5
0.215, -2.683e-5
0.214, -2.650e-5
0.213, -2.633e-5
0.212, -2.609e-5
0.211, -2.583e-5
0.210, -2.564e-5
0.209, -2.536e-5
0.208, -2.512e-5
0.207, -2.495e-5
0.206, -2.473e-5
0.205, -2.451e-5
0.204, -2.430e-5
0.203, -2.412e-5
0.202, -2.396e-5
0.201, -2.369e-5
0.200, -2.184e-5
0.201, -1.828e-5
0.202, -1.677e-5
0.203, -1.559e-5
0.204, -1.471e-5
0.205, -1.389e-5
0.206, -1.313e-5
0.207, -1.233e-5
0.208, -1.180e-5
0.209, -1.126e-5
0.210, -1.072e-5
0.211, -1.028e-5
0.212, -9.754e-6
0.213, -9.354e-6
0.214, -8.992e-6
0.215, -8.602e-6
0.216, -8.241e-6
0.217, -7.850e-6
0.218, -7.586e-6
0.219, -7.254e-6
0.220, -6.913e-6
0.221, -6.649e-6
0.222, -6.366e-6
0.223, -6.054e-6
0.224, -5.849e-6
0.225, -5.517e-6
0.226, -5.341e-6
0.227, -5.038e-6
0.228, -4.804e-6
0.229, -4.628e-6
0.230, -4.345e-6
0.231, -4.081e-6
0.232, -3.847e-6
0.233, -3.691e-6
0.234, -3.408e-6
0.235, -3.105e-6
0.236, -2.919e-6
0.237, -2.734e-6
0.238, -2.587e-6
0.239, -2.324e-6
0.240, -2.099e-6
0.241, -1.855e-6
0.242, -1.767e-6
0.243, -1.611e-6
0.244, -1.465e-6
0.245, -1.172e-6
0.246, -9.959e-7
0.247, -7.420e-7
0.248, -5.272e-7
0.249, -3.320e-7
0.250, -1.953e-7
0.251, -2.929e-8
0.252, 2.148e-7
0.253, 2.734e-7
0.254, 5.370e-7
0.255, 7.225e-7
0.256, 8.983e-7
0.257, 9.569e-7
0.258, 1.191e-6
0.259, 1.406e-6
0.260, 1.640e-6
0.261, 1.806e-6
0.262, 2.002e-6
0.263, 2.109e-6
0.264, 2.324e-6
0.265, 2.500e-6
0.266, 2.666e-6
0.267, 2.822e-6
0.268, 3.046e-6
0.269, 3.173e-6
0.270, 3.388e-6
0.271, 3.554e-6
0.272, 3.671e-6
0.273, 3.886e-6
0.274, 4.111e-6
0.275, 4.257e-6
0.276, 4.482e-6
0.277, 4.560e-6
0.278, 4.716e-6
0.279, 4.911e-6
0.280, 5.204e-6
0.281, 5.302e-6
0.282, 5.507e-6
0.283, 5.712e-6
0.284, 5.946e-6
0.285, 6.073e-6
0.286, 6.239e-6
0.287, 6.405e-6
0.288, 6.620e-6
0.289, 6.874e-6
0.290, 7.010e-6
0.291, 7.264e-6
0.292, 7.479e-6
0.293, 7.674e-6
0.294, 7.821e-6
0.295, 8.045e-6
0.296, 8.309e-6
0.297, 8.534e-6
0.298, 8.748e-6
0.299, 9.002e-6
0.300, 9.197e-6
0.301, 9.510e-6
0.302, 9.744e-6
0.303, 9.969e-6
0.304, 1.015e-5
0.305, 1.054e-5
0.306, 1.072e-5
0.307, 1.110e-5
0.308, 1.138e-5
0.309, 1.146e-5
0.310, 1.177e-5
0.311, 1.203e-5
0.312, 1.228e-5
0.313, 1.255e-5
0.314, 1.286e-5
0.315, 1.305e-5
0.316, 1.330e-5
0.317, 1.355e-5
0.318, 1.385e-5
0.319, 1.413e-5
0.320, 1.427e-5
0.321, 1.467e-5
0.322, 1.496e-5
0.323, 1.522e-5
0.324, 1.551e-5
0.325, 1.578e-5
0.326, 1.608e-5
0.327, 1.633e-5
0.328, 1.665e-5
0.329, 1.696e-5
0.330, 1.728e-5
0.331, 1.755e-5
0.332, 1.789e-5
0.333, 1.827e-5
0.334, 1.861e-5
0.335, 1.880e-5
0.336, 1.914e-5
0.337, 1.954e-5
0.338, 1.985e-5
0.339, 2.026e-5
0.340, 2.062e-5
0.341, 2.092e-5
0.342, 2.141e-5
0.343, 2.173e-5
0.344, 2.205e-5
0.345, 2.244e-5
0.346, 2.279e-5
0.347, 2.321e-5
0.348, 2.363e-5
0.349, 2.391e-5
0.350, 2.428e-5
0.351, 2.478e-5
0.352, 2.512e-5
0.353, 2.560e-5
0.354, 2.594e-5
0.355, 2.633e-5
0.356, 2.671e-5
0.357, 2.713e-5
0.358, 2.757e-5
0.359, 2.800e-5
0.360, 2.836e-5
0.361, 2.881e-5
0.362, 2.914e-5
0.363, 2.953e-5
0.364, 2.999e-5
0.365, 3.042e-5
0.366, 3.089e-5
0.367, 3.138e-5
0.368, 3.176e-5
0.369, 3.229e-5
0.370, 3.274e-5
0.371, 3.328e-5
0.372, 3.377e-5
0.373, 3.432e-5
0.374, 3.487e-5
0.375, 3.541e-5
0.376, 3.595e-5
0.377, 3.641e-5
0.378, 3.696e-5
0.379, 3.750e-5
0.380, 3.807e-5
0.381, 3.867e-5
0.382, 3.909e-5
0.383, 3.968e-5
0.384, 4.024e-5
0.385, 4.087e-5
0.386, 4.144e-5
0.387, 4.211e-5
0.388, 4.276e-5
0.389, 4.326e-5
0.390, 4.402e-5
0.391, 4.468e-5
0.392, 4.548e-5
0.393, 4.629e-5
0.394, 4.693e-5
0.395, 4.770e-5
0.396, 4.860e-5
0.397, 4.911e-5
0.398, 5.006e-5
0.399, 5.079e-5
0.400, 5.155e-5
0.401, 5.242e-5
0.402, 5.323e-5
0.403, 5.417e-5
0.404, 5.521e-5
0.405, 5.615e-5
0.406, 5.725e-5
0.407, 5.837e-5
0.408, 5.944e-5
0.409, 6.040e-5
0.410, 5.948e-5
0.411, 6.168e-5
0.412, 6.335e-5
0.413, 6.465e-5
0.414, 6.601e-5
0.415, 6.749e-5
0.416, 6.906e-5
0.417, 7.075e-5
0.418, 7.243e-5
0.419, 7.410e-5
0.420, 7.599e-5
0.421, 7.769e-5
0.422, 7.946e-5
0.423, 8.150e-5
0.424, 8.422e-5
0.425, 8.688e-5
0.426, 8.937e-5
0.427, 9.208e-5
0.428, 9.517e-5
0.429, 9.845e-5
0.430, 1.020e-4
0.431, 1.059e-4
0.432, 1.105e-4
0.433, 1.149e-4
0.434, 1.199e-4
0.435, 1.255e-4
0.436, 1.314e-4
0.437, 1.381e-4
0.438, 1.454e-4
0.439, 1.534e-4
0.440, 1.625e-4
0.441, 1.717e-4
0.442, 1.820e-4
0.443, 1.937e-4
0.444, 2.061e-4
0.445, 2.196e-4
0.446, 2.344e-4
0.447, 2.504e-4
0.448, 2.678e-4
0.449, 2.867e-4
0.450, 3.072e-4
0.451, 3.294e-4
0.452, 3.536e-4
0.453, 3.795e-4
0.454, 4.076e-4
0.455, 4.374e-4
0.456, 4.691e-4
0.457, 5.034e-4
0.458, 5.393e-4
0.459, 5.777e-4
0.460, 6.181e-4
0.461, 6.611e-4
0.462, 7.060e-4
0.463, 7.528e-4
0.464, 8.014e-4
0.465, 8.514e-4
0.466, 9.024e-4
0.467, 9.546e-4
0.468, 1.007e-3
0.469, 1.060e-3
0.470, 1.113e-3
0.471, 1.165e-3
0.472, 1.216e-3
0.473, 1.267e-3
0.474, 1.316e-3
0.475, 1.363e-3
0.476, 1.409e-3
0.477, 1.453e-3
0.478, 1.495e-3
0.479, 1.534e-3
0.480, 1.572e-3
0.481, 1.607e-3
0.482, 1.638e-3
0.483, 1.667e-3
0.484, 1.692e-3
0.485, 1.715e-3
0.486, 1.736e-3
0.487, 1.753e-3
0.488, 1.766e-3
0.489, 1.777e-3
0.490, 1.783e-3
0.491, 1.787e-3
0.492, 1.787e-3
0.493, 1.784e-3
0.494, 1.778e-3
0.495, 1.768e-3
0.496, 1.755e-3
0.497, 1.739e-3
0.498, 1.718e-3
0.499, 1.695e-3
0.500, 1.668e-3
0.501, 1.639e-3
0.502, 1.606e-3
0.503, 1.571e-3
0.504, 1.534e-3
0.505, 1.496e-3
0.506, 1.455e-3
0.507, 1.414e-3
0.508, 1.371e-3
0.509, 1.329e-3
0.510, 1.286e-3
0.511, 1.243e-3
0.512, 1.203e-3
0.513, 1.163e-3
0.514, 1.122e-3
0.515, 1.082e-3
0.516, 1.044e-3
0.517, 1.006e-3
0.518, 9.704e-4
0.519, 9.354e-4
0.520, 9.019e-4
0.521, 8.688e-4
0.522, 8.370e-4
0.523, 8.064e-4
0.524, 7.766e-4
0.525, 7.475e-4
0.526, 7.200e-4
0.527, 6.937e-4
0.528, 6.682e-4
0.529, 6.440e-4
0.530, 6.201e-4
0.531, 5.979e-4
0.532, 5.769e-4
0.533, 5.563e-4
0.534, 5.371e-4
0.535, 5.184e-4
0.536, 5.012e-4
0.537, 4.847e-4
0.538, 4.691e-4
0.539, 4.546e-4
0.540, 4.406e-4
0.541, 4.273e-4
0.542, 4.150e-4
0.543, 4.036e-4
0.544, 3.931e-4
0.545, 3.828e-4
0.546, 3.732e-4
0.547, 3.649e-4
0.548, 3.566e-4
0.549, 3.492e-4
0.550, 3.421e-4
0.551, 3.353e-4
0.552, 3.295e-4
0.553, 3.242e-4
0.554, 3.191e-4
0.555, 3.148e-4
0.556, 3.107e-4
0.557, 3.071e-4
0.558, 3.038e-4
0.559, 3.001e-4
0.560, 2.976e-4
0.561, 2.950e-4
0.562, 2.926e-4
0.563, 2.911e-4
0.564, 2.897e-4
0.565, 2.880e-4
0.566, 2.870e-4
0.567, 2.861e-4
0.568, 2.858e-4
0.569, 2.856e-4
0.570, 2.854e-4
0.571, 2.857e-4
0.572, 2.858e-4
0.573, 2.867e-4
0.574, 2.878e-4
0.575, 2.889e-4
0.576, 2.905e-4
0.577, 2.921e-4
0.578, 2.942e-4
0.579, 2.967e-4
0.580, 2.994e-4
0.581, 3.028e-4
0.582, 3.061e-4
0.583, 3.092e-4
0.584, 3.130e-4
0.585, 3.173e-4
0.586, 3.214e-4
0.587, 3.261e-4
0.588, 3.318e-4
0.589, 3.375e-4
0.590, 3.435e-4
0.591, 3.496e-4
0.592, 3.563e-4
0.593, 3.632e-4
0.594, 3.703e-4
0.595, 3.783e-4
0.596, 3.865e-4
0.597, 3.952e-4
0.598, 4.045e-4
0.599, 4.138e-4
0.600, 4.238e-4
0.601, 4.345e-4
0.602, 4.449e-4
0.603, 4.563e-4
0.604, 4.681e-4
0.605, 4.802e-4
0.606, 4.931e-4
0.607, 5.068e-4
0.608, 5.208e-4
0.609, 5.353e-4
0.610, 5.500e-4
0.611, 5.654e-4
0.612, 5.815e-4
0.613, 5.979e-4
0.614, 6.146e-4
0.615, 6.311e-4
0.616, 6.500e-4
0.617, 6.686e-4
0.618, 6.881e-4
0.619, 7.081e-4
0.620, 7.291e-4
0.621, 7.501e-4
0.622, 7.719e-4
0.623, 7.944e-4
0.624, 8.172e-4
0.625, 8.409e-4
0.626, 8.646e-4
0.627, 8.893e-4
0.628, 9.140e-4
0.629, 9.399e-4
0.630, 9.662e-4
0.631, 9.927e-4
0.632, 1.020e-3
0.633, 1.048e-3
0.634, 1.076e-3
0.635, 1.106e-3
0.636, 1.136e-3
0.637, 1.165e-3
0.638, 1.196e-3
0.639, 1.227e-3
0.640, 1.260e-3
0.641, 1.292e-3
0.642, 1.325e-3
0.643, 1.358e-3
0.644, 1.392e-3
0.645, 1.426e-3
0.646, 1.461e-3
0.647, 1.497e-3
0.648, 1.533e-3
0.649, 1.569e-3
0.650, 1.606e-3
0.651, 1.643e-3
0.652, 1.681e-3
0.653, 1.719e-3
0.654, 1.757e-3
0.655, 1.796e-3
0.656, 1.836e-3
0.657, 1.876e-3
0.658, 1.916e-3
0.659, 1.957e-3
0.660, 1.999e-3
0.661, 2.040e-3
0.662, 2.083e-3
0.663, 2.125e-3
0.664, 2.168e-3
0.665, 2.211e-3
0.666, 2.254e-3
0.667, 2.298e-3
0.668, 2.343e-3
0.669, 2.387e-3
0.670, 2.433e-3
0.671, 2.478e-3
0.672, 2.524e-3
0.673, 2.570e-3
0.674, 2.616e-3
0.675, 2.663e-3
0.676, 2.710e-3
0.677, 2.757e-3
0.678, 2.804e-3
0.679, 2.852e-3
0.680, 2.900e-3
0.681, 2.948e-3
0.682, 2.997e-3
0.683, 3.046e-3
0.684, 3.095e-3
0.685, 3.145e-3
0.686, 3.196e-3
0.687, 3.246e-3
0.688, 3.296e-3
0.689, 3.346e-3
0.690, 3.398e-3
0.691, 3.449e-3
0.692, 3.501e-3
0.693, 3.553e-3
0.694, 3.605e-3
0.695, 3.657e-3
0.696, 3.710e-3
0.697, 3.762e-3
0.698, 3.815e-3
0.699, 3.868e-3
0.700, 3.922e-3
0.701, 3.975e-3
0.702, 4.029e-3
0.703, 4.083e-3
0.704, 4.137e-3
0.705, 4.191e-3
0.706, 4.245e-3
0.707, 4.300e-3
0.708, 4.355e-3
0.709, 4.410e-3
0.710, 4.465e-3
0.711, 4.520e-3
0.712, 4.576e-3
0.713, 4.632e-3
0.714, 4.688e-3
0.715, 4.745e-3
0.716, 4.801e-3
0.717, 4.860e-3
0.718, 4.917e-3
0.719, 4.974e-3
0.720, 5.031e-3
0.721, 5.088e-3
0.722, 5.146e-3
0.723, 5.204e-3
0.724, 5.262e-3
0.725, 5.319e-3
0.726, 5.377e-3
0.727, 5.435e-3
0.728, 5.494e-3
0.729, 5.552e-3
0.730, 5.610e-3
0.731, 5.668e-3
0.732, 5.727e-3
0.733, 5.786e-3
0.734, 5.845e-3
0.735, 5.904e-3
0.736, 5.963e-3
0.737, 6.023e-3
0.738, 6.082e-3
0.739, 6.142e-3
0.740, 6.202e-3
0.741, 6.262e-3
0.742, 6.322e-3
0.743, 6.382e-3
0.744, 6.443e-3
0.745, 6.503e-3
0.746, 6.563e-3
0.747, 6.624e-3
0.748, 6.685e-3
0.749, 6.746e-3
0.750, 6.807e-3
0.751, 6.868e-3
0.752, 6.929e-3
0.753, 6.990e-3
0.754, 7.052e-3
0.755, 7.113e-3
0.756, 7.174e-3
0.757, 7.235e-3
0.758, 7.297e-3
0.759, 7.358e-3
0.760, 7.420e-3
0.761, 7.482e-3
0.762, 7.544e-3
0.763, 7.606e-3
0.764, 7.669e-3
0.765, 7.731e-3
0.766, 7.793e-3
0.767, 7.856e-3
0.768, 7.919e-3
0.769, 7.981e-3
0.770, 8.044e-3
0.771, 8.106e-3
0.772, 8.169e-3
0.773, 8.233e-3
0.774, 8.296e-3
0.775, 8.359e-3
0.776, 8.422e-3
0.777, 8.485e-3
0.778, 8.548e-3
0.779, 8.612e-3
0.780, 8.676e-3
0.781, 8.739e-3
0.782, 8.802e-3
0.783, 8.865e-3
0.784, 8.929e-3
0.785, 8.992e-3
0.786, 9.056e-3
0.787, 9.120e-3
0.788, 9.184e-3
0.789, 9.248e-3
0.790, 9.312e-3
0.791, 9.376e-3
0.792, 9.441e-3
0.793, 9.505e-3
0.794, 9.570e-3
0.795, 9.634e-3
0.796, 9.699e-3
0.797, 9.763e-3
0.798, 9.828e-3
0.799, 9.893e-3
0.800, 9.937e-3
0.799, 9.892e-3
0.798, 9.824e-3
0.797, 9.757e-3
0.796, 9.690e-3
0.795, 9.623e-3
0.794, 9.557e-3
0.793, 9.490e-3
0.792, 9.424e-3
0.791, 9.357e-3
0.790, 9.291e-3
0.789, 9.225e-3
0.788, 9.159e-3
0.787, 9.094e-3
0.786, 9.028e-3
0.785, 8.963e-3
0.784, 8.897e-3
0.783, 8.832e-3
0.782, 8.767e-3
0.781, 8.702e-3
0.780, 8.638e-3
0.779, 8.573e-3
0.778, 8.508e-3
0.777, 8.444e-3
0.776, 8.379e-3
0.775, 8.314e-3
0.774, 8.250e-3
0.773, 8.185e-3
0.772, 8.121e-3
0.771, 8.057e-3
0.770, 7.994e-3
0.769, 7.931e-3
0.768, 7.867e-3
0.767, 7.803e-3
0.766, 7.739e-3
0.765, 7.676e-3
0.764, 7.613e-3
0.763, 7.550e-3
0.762, 7.487e-3
0.761, 7.424e-3
0.760, 7.361e-3
0.759, 7.299e-3
0.758, 7.237e-3
0.757, 7.174e-3
0.756, 7.112e-3
0.755, 7.050e-3
0.754, 6.989e-3
0.753, 6.926e-3
0.752, 6.864e-3
0.751, 6.803e-3
0.750, 6.742e-3
0.749, 6.680e-3
0.748, 6.618e-3
0.747, 6.557e-3
0.746, 6.496e-3
0.745, 6.435e-3
0.744, 6.375e-3
0.743, 6.314e-3
0.742, 6.253e-3
0.741, 6.192e-3
0.740, 6.132e-3
0.739, 6.072e-3
0.738, 6.012e-3
0.737, 5.952e-3
0.736, 5.892e-3
0.735, 5.833e-3
0.734, 5.774e-3
0.733, 5.714e-3
0.732, 5.655e-3
0.731, 5.597e-3
0.730, 5.538e-3
0.729, 5.479e-3
0.728, 5.421e-3
0.727, 5.362e-3
0.726, 5.304e-3
0.725, 5.246e-3
0.724, 5.188e-3
0.723, 5.130e-3
0.722, 5.072e-3
0.721, 5.015e-3
0.720, 4.957e-3
0.719, 4.900e-3
0.718, 4.844e-3
0.717, 4.786e-3
0.716, 4.727e-3
0.715, 4.671e-3
0.714, 4.614e-3
0.713, 4.559e-3
0.712, 4.503e-3
0.711, 4.447e-3
0.710, 4.392e-3
0.709, 4.336e-3
0.708, 4.281e-3
0.707, 4.227e-3
0.706, 4.172e-3
0.705, 4.118e-3
0.704, 4.064e-3
0.703, 4.010e-3
0.702, 3.956e-3
0.701, 3.902e-3
0.700, 3.849e-3
0.699, 3.796e-3
0.698, 3.743e-3
0.697, 3.690e-3
0.696, 3.638e-3
0.695, 3.585e-3
0.694, 3.532e-3
0.693, 3.480e-3
0.692, 3.429e-3
0.691, 3.377e-3
0.690, 3.326e-3
0.689, 3.275e-3
0.688, 3.224e-3
0.687, 3.174e-3
0.686, 3.124e-3
0.685, 3.074e-3
0.684, 3.024e-3
0.683, 2.975e-3
0.682, 2.926e-3
0.681, 2.877e-3
0.680, 2.829e-3
0.679, 2.780e-3
0.678, 2.733e-3
0.677, 2.686e-3
0.676, 2.638e-3
0.675, 2.591e-3
0.674, 2.544e-3
0.673, 2.498e-3
0.672, 2.452e-3
0.671, 2.406e-3
0.670, 2.360e-3
0.669, 2.315e-3
0.668, 2.270e-3
0.667, 2.225e-3
0.666, 2.181e-3
0.665, 2.137e-3
0.664, 2.093e-3
0.663, 2.050e-3
0.662, 2.007e-3
0.661, 1.965e-3
0.660, 1.922e-3
0.659, 1.881e-3
0.658, 1.839e-3
0.657, 1.798e-3
0.656, 1.758e-3
0.655, 1.717e-3
0.654, 1.678e-3
0.653, 1.638e-3
0.652, 1.600e-3
0.651, 1.561e-3
0.650, 1.522e-3
0.649, 1.484e-3
0.648, 1.447e-3
0.647, 1.410e-3
0.646, 1.373e-3
0.645, 1.337e-3
0.644, 1.302e-3
0.643, 1.267e-3
0.642, 1.232e-3
0.641, 1.197e-3
0.640, 1.163e-3
0.639, 1.130e-3
0.638, 1.097e-3
0.637, 1.065e-3
0.636, 1.033e-3
0.635, 1.001e-3
0.634, 9.701e-4
0.633, 9.395e-4
0.632, 9.092e-4
0.631, 8.796e-4
0.630, 8.508e-4
0.629, 8.221e-4
0.628, 7.937e-4
0.627, 7.664e-4
0.626, 7.392e-4
0.625, 7.125e-4
0.624, 6.864e-4
0.623, 6.607e-4
0.622, 6.358e-4
0.621, 6.108e-4
0.620, 5.869e-4
0.619, 5.637e-4
0.618, 5.406e-4
0.617, 5.181e-4
0.616, 4.963e-4
0.615, 4.745e-4
0.614, 4.554e-4
0.613, 4.342e-4
0.612, 4.139e-4
0.611, 3.943e-4
0.610, 3.748e-4
0.609, 3.563e-4
0.608, 3.382e-4
0.607, 3.205e-4
0.606, 3.036e-4
0.605, 2.871e-4
0.604, 2.710e-4
0.603, 2.553e-4
0.602, 2.403e-4
0.601, 2.260e-4
0.600, 2.121e-4
0.599, 1.981e-4
0.598, 1.846e-4
0.597, 1.716e-4
0.596, 1.594e-4
0.595, 1.470e-4
0.594, 1.352e-4
0.593, 1.242e-4
0.592, 1.137e-4
0.591, 1.028e-4
0.590, 9.286e-5
0.589, 8.256e-5
0.588, 7.288e-5
0.587, 6.405e-5
0.586, 5.534e-5
0.585, 4.711e-5
0.584, 3.898e-5
0.583, 3.121e-5
0.582, 2.414e-5
0.581, 1.672e-5
0.580, 9.656e-6
0.579, 3.388e-6
0.578, -3.427e-6
0.577, -9.705e-6
0.576, -1.523e-5
0.575, -2.085e-5
0.574, -2.613e-5
0.573, -3.117e-5
0.572, -3.648e-5
0.571, -4.187e-5
0.570, -4.620e-5
0.569, -5.071e-5
0.568, -5.494e-5
0.567, -5.907e-5
0.566, -6.333e-5
0.565, -6.717e-5
0.564, -7.056e-5
0.563, -7.412e-5
0.562, -7.752e-5
0.561, -8.057e-5
0.560, -8.358e-5
0.559, -8.711e-5
0.558, -9.013e-5
0.557, -9.286e-5
0.556, -9.531e-5
0.555, -9.799e-5
0.554, -1.006e-4
0.553, -1.029e-4
0.552, -1.052e-4
0.551, -1.072e-4
0.550, -1.090e-4
0.549, -1.116e-4
0.548, -1.141e-4
0.547, -1.161e-4
0.546, -1.180e-4
0.545, -1.197e-4
0.544, -1.215e-4
0.543, -1.233e-4
0.542, -1.252e-4
0.541, -1.269e-4
0.540, -1.285e-4
0.539, -1.302e-4
0.538, -1.320e-4
0.537, -1.339e-4
0.536, -1.356e-4
0.535, -1.369e-4
0.534, -1.382e-4
0.533, -1.400e-4
0.532, -1.414e-4
0.531, -1.428e-4
0.530, -1.441e-4
0.529, -1.455e-4
0.528, -1.467e-4
0.527, -1.483e-4
0.526, -1.496e-4
0.525, -1.506e-4
0.524, -1.516e-4
0.523, -1.533e-4
0.522, -1.550e-4
0.521, -1.563e-4
0.520, -1.574e-4
0.519, -1.589e-4
0.518, -1.603e-4
0.517, -1.616e-4
0.516, -1.631e-4
0.515, -1.642e-4
0.514, -1.656e-4
0.513, -1.668e-4
0.512, -1.699e-4
0.511, -1.717e-4
0.510, -1.722e-4
0.509, -1.729e-4
0.508, -1.739e-4
0.507, -1.752e-4
0.506, -1.767e-4
0.505, -1.781e-4
0.504, -1.793e-4
0.503, -1.808e-4
0.502, -1.820e-4
0.501, -1.836e-4
0.500, -1.852e-4
0.499, -1.860e-4
0.498, -1.878e-4
0.497, -1.895e-4
0.496, -1.909e-4
0.495, -1.925e-4
0.494, -1.943e-4
0.493, -1.957e-4
0.492, -1.978e-4
0.491, -1.995e-4
0.490, -2.015e-4
0.489, -2.031e-4
0.488, -2.050e-4
0.487, -2.069e-4
0.486, -2.095e-4
0.485, -2.116e-4
0.484, -2.138e-4
0.483, -2.158e-4
0.482, -2.178e-4
0.481, -2.200e-4
0.480, -2.224e-4
0.479, -2.249e-4
0.478, -2.269e-4
0.477, -2.297e-4
0.476, -2.321e-4
0.475, -2.350e-4
0.474, -2.380e-4
0.473, -2.401e-4
0.472, -2.436e-4
0.471, -2.469e-4
0.470, -2.497e-4
0.469, -2.532e-4
0.468, -2.570e-4
0.467, -2.605e-4
0.466, -2.641e-4
0.465, -2.680e-4
0.464, -2.721e-4
0.463, -2.763e-4
0.462, -2.802e-4
0.461, -2.851e-4
0.460, -2.897e-4
0.459, -2.945e-4
0.458, -2.994e-4
0.457, -3.044e-4
0.456, -3.099e-4
0.455, -3.154e-4
0.454, -3.213e-4
0.453, -3.272e-4
0.452, -3.333e-4
0.451, -3.397e-4
0.450, -3.463e-4
0.449, -3.533e-4
0.448, -3.607e-4
0.447, -3.676e-4
0.446, -3.753e-4
0.445, -3.837e-4
0.444, -3.917e-4
0.443, -3.990e-4
0.442, -4.081e-4
0.441, -4.173e-4
0.440, -4.265e-4
0.439, -4.361e-4
0.438, -4.459e-4
0.437, -4.560e-4
0.436, -4.665e-4
0.435, -4.776e-4
0.434, -4.888e-4
0.433, -4.998e-4
0.432, -5.110e-4
0.431, -5.224e-4
0.430, -5.340e-4
0.429, -5.461e-4
0.428, -5.584e-4
0.427, -5.704e-4
0.426, -5.829e-4
0.425, -5.951e-4
0.424, -6.077e-4
0.423, -6.206e-4
0.422, -6.322e-4
0.421, -6.451e-4
0.420, -6.580e-4
0.419, -6.706e-4
0.418, -6.837e-4
0.417, -6.964e-4
0.416, -7.096e-4
0.415, -7.227e-4
0.414, -7.354e-4
0.413, -7.485e-4
0.412, -7.613e-4
0.411, -7.744e-4
0.410, -7.850e-4
0.409, -7.892e-4
0.408, -8.034e-4
0.407, -8.175e-4
0.406, -8.309e-4
0.405, -8.448e-4
0.404, -8.584e-4
0.403, -8.721e-4
0.402, -8.857e-4
0.401, -8.993e-4
0.400, -9.130e-4
0.399, -9.272e-4
0.398, -9.410e-4
0.397, -9.547e-4
0.396, -9.681e-4
0.395, -9.818e-4
0.394, -9.961e-4
0.393, -1.009e-3
0.392, -1.023e-3
0.391, -1.037e-3
0.390, -1.051e-3
0.389, -1.064e-3
0.388, -1.077e-3
0.387, -1.090e-3
0.386, -1.102e-3
0.385, -1.114e-3
0.384, -1.125e-3
0.383, -1.137e-3
0.382, -1.146e-3
0.381, -1.156e-3
0.380, -1.164e-3
0.379, -1.172e-3
0.378, -1.179e-3
0.377, -1.184e-3
0.376, -1.189e-3
0.375, -1.192e-3
0.374, -1.193e-3
0.373, -1.193e-3
0.372, -1.191e-3
0.371, -1.187e-3
0.370, -1.181e-3
0.369, -1.173e-3
0.368, -1.163e-3
0.367, -1.151e-3
0.366, -1.136e-3
0.365, -1.120e-3
0.364, -1.101e-3
0.363, -1.079e-3
0.362, -1.056e-3
0.361, -1.030e-3
0.360, -1.002e-3
0.359, -9.726e-4
0.358, -9.418e-4
0.357, -9.092e-4
0.356, -8.753e-4
0.355, -8.405e-4
0.354, -8.051e-4
0.353, -7.692e-4
0.352, -7.338e-4
0.351, -6.987e-4
0.350, -6.642e-4
0.349, -6.306e-4
0.348, -5.981e-4
0.347, -5.672e-4
0.346, -5.371e-4
0.345, -5.084e-4
0.344, -4.814e-4
0.343, -4.558e-4
0.342, -4.317e-4
0.341, -4.090e-4
0.340, -3.883e-4
0.339, -3.686e-4
0.338, -3.501e-4
0.337, -3.326e-4
0.336, -3.163e-4
0.335, -3.013e-4
0.334, -2.870e-4
0.333, -2.740e-4
0.332, -2.619e-4
0.331, -2.501e-4
0.330, -2.396e-4
0.329, -2.293e-4
0.328, -2.200e-4
0.327, -2.114e-4
0.326, -2.026e-4
0.325, -1.949e-4
0.324, -1.878e-4
0.323, -1.809e-4
0.322, -1.746e-4
0.321, -1.688e-4
0.320, -1.630e-4
0.319, -1.574e-4
0.318, -1.523e-4
0.317, -1.473e-4
0.316, -1.429e-4
0.315, -1.386e-4
0.314, -1.342e-4
0.313, -1.302e-4
0.312, -1.265e-4
0.311, -1.228e-4
0.310, -1.195e-4
0.309, -1.167e-4
0.308, -1.137e-4
0.307, -1.108e-4
0.306, -1.076e-4
0.305, -1.049e-4
0.304, -1.023e-4
0.303, -9.982e-5
0.302, -9.730e-5
0.301, -9.510e-5
0.300, -9.307e-5
0.299, -9.096e-5
0.298, -8.891e-5
0.297, -8.678e-5
0.296, -8.484e-5
0.295, -8.305e-5
0.294, -8.122e-5
0.293, -7.963e-5
0.292, -7.806e-5
0.291, -7.643e-5
0.290, -7.481e-5
0.289, -7.337e-5
0.288, -7.192e-5
0.287, -7.059e-5
0.286, -6.933e-5
0.285, -6.826e-5
0.284, -6.719e-5
0.283, -6.605e-5
0.282, -6.492e-5
0.281, -6.370e-5
0.280, -6.238e-5
0.279, -6.126e-5
0.278, -6.012e-5
0.277, -5.901e-5
0.276, -5.809e-5
0.275, -5.713e-5
0.274, -5.624e-5
0.273, -5.539e-5
0.272, -5.453e-5
0.271, -5.369e-5
0.270, -5.288e-5
0.269, -5.203e-5
0.268, -5.124e-5
0.267, -5.042e-5
0.266, -4.968e-5
0.265, -4.898e-5
0.264, -4.820e-5
0.263, -4.755e-5
0.262, -4.679e-5
0.261, -4.617e-5
0.260, -4.555e-5
0.259, -4.499e-5
0.258, -4.439e-5
0.257, -4.391e-5
0.256, -4.329e-5
0.255, -4.280e-5
0.254, -4.231e-5
0.253, -4.172e-5
0.252, -4.125e-5
0.251, -4.067e-5
0.250, -4.022e-5
0.249, -3.968e-5
0.248, -3.918e-5
0.247, -3.863e-5
0.246, -3.807e-5
0.245, -3.762e-5
0.244, -3.707e-5
0.243, -3.667e-5
0.242, -3.618e-5
0.241, -3.580e-5
0.240, -3.542e-5
0.239, -3.496e-5
0.238, -3.458e-5
0.237, -3.422e-5
0.236, -3.376e-5
0.235, -3.342e-5
0.234, -3.300e-5
0.233, -3.268e-5
0.232, -3.236e-5
0.231, -3.201e-5
0.230, -3.174e-5
0.229, -3.134e-5
0.228, -3.103e-5
0.227, -3.069e-5
0.226, -3.038e-5
0.225, -3.015e-5
0.224, -2.988e-5
0.223, -2.959e-5
0.222, -2.921e-5
0.221, -2.897e-5
0.220, -2.863e-5
0.219, -2.841e-5
0.218, -2.818e-5
0.217, -2.785e-5
0.216, -2.759e-5
0.215, -2.741e-5
0.214, -2.714e-5
0.213, -2.688e-5
0.212, -2.663e-5
0.211, -2.635e-5
0.210, -2.613e-5
0.209, -2.593e-5
0.208, -2.572e-5
0.207, -2.552e-5
0.206, -2.533e-5
0.205, -2.500e-5
0.204, -2.483e-5
0.203, -2.463e-5
0.202, -2.439e-5
0.201, -2.421e-5
0.200, -2.224e-5
0.201, -1.860e-5
0.202, -1.705e-5
0.203, -1.599e-5
0.204, -1.500e-5
0.205, -1.425e-5
0.206, -1.355e-5
0.207, -1.280e-5
0.208, -1.220e-5
0.209, -1.157e-5
0.210, -1.118e-5
0.211, -1.056e-5
0.212, -1.015e-5
0.213, -9.725e-6
0.214, -9.285e-6
0.215, -8.924e-6
0.216, -8.534e-6
0.217, -8.163e-6
0.218, -7.879e-6
0.219, -7.489e-6
0.220, -7.284e-6
0.221, -6.932e-6
0.222, -6.639e-6
0.223, -6.356e-6
0.224, -6.093e-6
0.225, -5.800e-6
0.226, -5.595e-6
0.227, -5.282e-6
0.228, -5.077e-6
0.229, -4.814e-6
0.230, -4.550e-6
0.231, -4.277e-6
0.232, -4.120e-6
0.233, -3.906e-6
0.234, -3.749e-6
0.235, -3.456e-6
0.236, -3.281e-6
0.237, -3.056e-6
0.238, -2.841e-6
0.239, -2.617e-6
0.240, -2.460e-6
0.241, -2.265e-6
0.242, -1.972e-6
0.243, -1.787e-6
0.244, -1.631e-6
0.245, -1.445e-6
0.246, -1.250e-6
0.247, -9.861e-7
0.248, -8.202e-7
0.249, -6.542e-7
0.250, -4.003e-7
0.251, -3.222e-7
0.252, -2.929e-8
0.253, 2.929e-8
0.254, 2.831e-7
0.255, 5.370e-7
0.256, 6.249e-7
0.257, 9.276e-7
0.258, 1.006e-6
0.259, 1.094e-6
0.260, 1.318e-6
0.261, 1.582e-6
0.262, 1.767e-6
0.263, 1.865e-6
0.264, 2.089e-6
0.265, 2.255e-6
0.266, 2.470e-6
0.267, 2.568e-6
0.268, 2.841e-6
0.269, 2.949e-6
0.270, 3.076e-6
0.271, 3.320e-6
0.272, 3.486e-6
0.273, 3.700e-6
0.274, 3.808e-6
0.275, 4.003e-6
0.276, 4.267e-6
0.277, 4.482e-6
0.278, 4.560e-6
0.279, 4.755e-6
0.280, 4.989e-6
0.281, 5.136e-6
0.282, 5.341e-6
0.283, 5.585e-6
0.284, 5.761e-6
0.285, 5.878e-6
0.286, 6.014e-6
0.287, 6.239e-6
0.288, 6.493e-6
0.289, 6.747e-6
0.290, 6.864e-6
0.291, 7.128e-6
0.292, 7.381e-6
0.293, 7.499e-6
0.294, 7.743e-6
0.295, 7.948e-6
0.296, 8.133e-6
0.297, 8.465e-6
0.298, 8.709e-6
0.299, 8.895e-6
0.300, 9.129e-6
0.301, 9.383e-6
0.302, 9.647e-6
0.303, 9.813e-6
0.304, 1.006e-5
0.305, 1.034e-5
0.306, 1.060e-5
0.307, 1.093e-5
0.308, 1.124e-5
0.309, 1.136e-5
0.310, 1.166e-5
0.311, 1.194e-5
0.312, 1.225e-5
0.313, 1.250e-5
0.314, 1.273e-5
0.315, 1.299e-5
0.316, 1.324e-5
0.317, 1.348e-5
0.318, 1.380e-5
0.319, 1.408e-5
0.320, 1.426e-5
0.321, 1.457e-5
0.322, 1.490e-5
0.323, 1.516e-5
0.324, 1.549e-5
0.325, 1.574e-5
0.326, 1.605e-5
0.327, 1.631e-5
0.328, 1.661e-5
0.329, 1.695e-5
0.330, 1.724e-5
0.331, 1.758e-5
0.332, 1.791e-5
0.333, 1.822e-5
0.334, 1.850e-5
0.335, 1.881e-5
0.336, 1.910e-5
0.337, 1.957e-5
0.338, 1.986e-5
0.339, 2.025e-5
0.340, 2.065e-5
0.341, 2.102e-5
0.342, 2.138e-5
0.343, 2.169e-5
0.344, 2.210e-5
0.345, 2.254e-5
0.346, 2.281e-5
0.347, 2.335e-5
0.348, 2.371e-5
0.349, 2.399e-5
0.350, 2.445e-5
0.351, 2.483e-5
0.352, 2.520e-5
0.353, 2.564e-5
0.354, 2.604e-5
0.355, 2.648e-5
0.356, 2.687e-5
0.357, 2.729e-5
0.358, 2.765e-5
0.359, 2.812e-5
0.360, 2.850e-5
0.361, 2.891e-5
0.362, 2.924e-5
0.363, 2.979e-5
0.364, 3.015e-5
0.365, 3.059e-5
0.366, 3.095e-5
0.367, 3.153e-5
0.368, 3.194e-5
0.369, 3.251e-5
0.370, 3.290e-5
0.371, 3.349e-5
0.372, 3.399e-5
0.373, 3.449e-5
0.374, 3.507e-5
0.375, 3.559e-5
0.376, 3.614e-5
0.377, 3.667e-5
0.378, 3.718e-5
0.379, 3.772e-5
0.380, 3.823e-5
0.381, 3.876e-5
0.382, 3.940e-5
0.383, 4.000e-5
0.384, 4.062e-5
0.385, 4.120e-5
0.386, 4.173e-5
0.387, 4.239e-5
0.388, 4.302e-5
0.389, 4.364e-5
0.390, 4.437e-5
0.391, 4.507e-5
0.392, 4.576e-5
0.393, 4.661e-5
0.394, 4.732e-5
0.395, 4.810e-5
0.396, 4.888e-5
0.397, 4.963e-5
0.398, 5.042e-5
0.399, 5.128e-5
0.400, 5.211e-5
0.401, 5.307e-5
0.402, 5.379e-5
0.403, 5.476e-5
0.404, 5.569e-5
0.405, 5.668e-5
0.406, 5.800e-5
0.407, 5.897e-5
0.408, 6.007e-5
0.409, 6.112e-5
0.410, 6.014e-5
0.411, 6.231e-5
0.412, 6.406e-5
0.413, 6.531e-5
0.414, 6.672e-5
0.415, 6.823e-5
0.416, 6.983e-5
0.417, 7.159e-5
0.418, 7.332e-5
0.419, 7.505e-5
0.420, 7.683e-5
0.421, 7.852e-5
0.422, 8.051e-5
0.423, 8.270e-5
0.424, 8.538e-5
0.425, 8.801e-5
0.426, 9.054e-5
0.427, 9.331e-5
0.428, 9.653e-5
0.429, 1.001e-4
0.430, 1.037e-4
0.431, 1.078e-4
0.432, 1.122e-4
0.433, 1.169e-4
0.434, 1.222e-4
0.435, 1.276e-4
0.436, 1.341e-4
0.437, 1.409e-4
0.438, 1.485e-4
0.439, 1.568e-4
0.440, 1.658e-4
0.441, 1.754e-4
0.442, 1.865e-4
0.443, 1.982e-4
0.444, 2.113e-4
0.445, 2.252e-4
0.446, 2.407e-4
0.447, 2.572e-4
0.448, 2.751e-4
0.449, 2.948e-4
0.450, 3.161e-4
0.451, 3.392e-4
0.452, 3.636e-4
0.453, 3.903e-4
0.454, 4.191e-4
0.455, 4.499e-4
0.456, 4.826e-4
0.457, 5.176e-4
0.458, 5.545e-4
0.459, 5.939e-4
0.460, 6.353e-4
0.461, 6.791e-4
0.462, 7.252e-4
0.463, 7.729e-4
0.464, 8.221e-4
0.465, 8.728e-4
0.466, 9.249e-4
0.467, 9.776e-4
0.468, 1.031e-3
0.469, 1.084e-3
0.470, 1.138e-3
0.471, 1.190e-3
0.472, 1.242e-3
0.473, 1.293e-3
0.474, 1.343e-3
0.475, 1.391e-3
0.476, 1.438e-3
0.477, 1.482e-3
0.478, 1.525e-3
0.479, 1.565e-3
0.480, 1.603e-3
0.481, 1.638e-3
0.482, 1.671e-3
0.483, 1.700e-3
0.484, 1.727e-3
0.485, 1.750e-3
0.486, 1.771e-3
0.487, 1.790e-3
0.488, 1.804e-3
0.489, 1.816e-3
0.490, 1.824e-3
0.491, 1.829e-3
0.492, 1.830e-3
0.493, 1.828e-3
0.494, 1.823e-3
0.495, 1.813e-3
0.496, 1.801e-3
0.497, 1.785e-3
0.498, 1.766e-3
0.499, 1.743e-3
0.500, 1.716e-3
0.501, 1.687e-3
0.502, 1.655e-3
0.503, 1.620e-3
0.504, 1.583e-3
0.505, 1.544e-3
0.506, 1.502e-3
0.507, 1.460e-3
0.508, 1.416e-3
0.509, 1.372e-3
0.510, 1.329e-3
0.511, 1.284e-3
0.512, 1.242e-3
0.513, 1.201e-3
0.514, 1.158e-3
0.515, 1.117e-3
0.516, 1.076e-3
0.517, 1.037e-3
0.518, 9.991e-4
0.519, 9.627e-4
0.520, 9.272e-4
0.521, 8.929e-4
0.522, 8.594e-4
0.523, 8.274e-4
0.524, 7.964e-4
0.525, 7.663e-4
0.526, 7.374e-4
0.527, 7.096e-4
0.528, 6.828e-4
0.529, 6.573e-4
0.530, 6.325e-4
0.531, 6.089e-4
0.532, 5.867e-4
0.533, 5.654e-4
0.534, 5.453e-4
0.535, 5.259e-4
0.536, 5.075e-4
0.537, 4.902e-4
0.538, 4.746e-4
0.539, 4.593e-4
0.540, 4.452e-4
0.541, 4.315e-4
0.542, 4.187e-4
0.543, 4.068e-4
0.544, 3.960e-4
0.545, 3.857e-4
0.546, 3.757e-4
0.547, 3.674e-4
0.548, 3.590e-4
0.549, 3.512e-4
0.550, 3.446e-4
0.551, 3.372e-4
0.552, 3.315e-4
0.553, 3.260e-4
0.554, 3.210e-4
0.555, 3.168e-4
0.556, 3.125e-4
0.557, 3.087e-4
0.558, 3.054e-4
0.559, 3.022e-4
0.560, 2.994e-4
0.561, 2.970e-4
0.562, 2.945e-4
0.563, 2.931e-4
0.564, 2.917e-4
0.565, 2.905e-4
0.566, 2.894e-4
0.567, 2.885e-4
0.568, 2.882e-4
0.569, 2.881e-4
0.570, 2.880e-4
0.571, 2.887e-4
0.572, 2.890e-4
0.573, 2.899e-4
0.574, 2.912e-4
0.575, 2.924e-4
0.576, 2.939e-4
0.577, 2.956e-4
0.578, 2.978e-4
0.579, 3.005e-4
0.580, 3.034e-4
0.581, 3.067e-4
0.582, 3.100e-4
0.583, 3.137e-4
0.584, 3.180e-4
0.585, 3.222e-4
0.586, 3.266e-4
0.587, 3.322e-4
0.588, 3.373e-4
0.589, 3.437e-4
0.590, 3.494e-4
0.591, 3.558e-4
0.592, 3.623e-4
0.593, 3.696e-4
0.594, 3.771e-4
0.595, 3.857e-4
0.596, 3.942e-4
0.597, 4.031e-4
0.598, 4.127e-4
0.599, 4.223e-4
0.600, 4.330e-4
0.601, 4.440e-4
0.602, 4.544e-4
0.603, 4.661e-4
0.604, 4.786e-4
0.605, 4.913e-4
0.606, 5.050e-4
0.607, 5.184e-4
0.608, 5.331e-4
0.609, 5.479e-4
0.610, 5.630e-4
0.611, 5.793e-4
0.612, 5.957e-4
0.613, 6.122e-4
0.614, 6.298e-4
0.615, 6.467e-4
0.616, 6.658e-4
0.617, 6.857e-4
0.618, 7.054e-4
0.619, 7.260e-4
0.620, 7.471e-4
0.621, 7.688e-4
0.622, 7.915e-4
0.623, 8.140e-4
0.624, 8.377e-4
0.625, 8.616e-4
0.626, 8.861e-4
0.627, 9.111e-4
0.628, 9.364e-4
0.629, 9.627e-4
0.630, 9.899e-4
0.631, 1.017e-3
0.632, 1.045e-3
0.633, 1.074e-3
0.634, 1.103e-3
0.635, 1.133e-3
0.636, 1.163e-3
0.637, 1.193e-3
0.638, 1.225e-3
0.639, 1.256e-3
0.640, 1.289e-3
0.641, 1.323e-3
0.642, 1.356e-3
0.643, 1.390e-3
0.644, 1.424e-3
0.645, 1.459e-3
0.646, 1.494e-3
0.647, 1.531e-3
0.648, 1.567e-3
0.649, 1.605e-3
0.650, 1.642e-3
0.651, 1.679e-3
0.652, 1.718e-3
0.653, 1.756e-3
0.654, 1.795e-3
0.655, 1.835e-3
0.656, 1.875e-3
0.657, 1.915e-3
0.658, 1.957e-3
0.659, 1.999e-3
0.660, 2.040e-3
0.661, 2.082e-3
0.662, 2.125e-3
0.663, 2.168e-3
0.664, 2.211e-3
0.665, 2.255e-3
0.666, 2.299e-3
0.667, 2.344e-3
0.668, 2.389e-3
0.669, 2.434e-3
0.670, 2.480e-3
0.671, 2.525e-3
0.672, 2.572e-3
0.673, 2.618e-3
0.674, 2.665e-3
0.675, 2.712e-3
0.676, 2.759e-3
0.677, 2.807e-3
0.678, 2.855e-3
0.679, 2.903e-3
0.680, 2.952e-3
0.681, 3.001e-3
0.682, 3.050e-3
0.683, 3.100e-3
0.684, 3.150e-3
0.685, 3.200e-3
0.686, 3.250e-3
0.687, 3.301e-3
0.688, 3.351e-3
0.689, 3.403e-3
0.690, 3.454e-3
0.691, 3.506e-3
0.692, 3.559e-3
0.693, 3.611e-3
0.694, 3.663e-3
0.695, 3.716e-3
0.696, 3.769e-3
0.697, 3.822e-3
0.698, 3.875e-3
0.699, 3.929e-3
0.700, 3.983e-3
0.701, 4.037e-3
0.702, 4.091e-3
0.703, 4.145e-3
0.704, 4.199e-3
0.705, 4.254e-3
0.706, 4.308e-3
0.707, 4.363e-3
0.708, 4.418e-3
0.709, 4.474e-3
0.710, 4.530e-3
0.711, 4.586e-3
0.712, 4.642e-3
0.713, 4.698e-3
0.714, 4.755e-3
0.715, 4.812e-3
0.716, 4.868e-3
0.717, 4.927e-3
0.718, 4.985e-3
0.719, 5.042e-3
0.720, 5.100e-3
0.721, 5.158e-3
0.722, 5.216e-3
0.723, 5.273e-3
0.724, 5.331e-3
0.725, 5.390e-3
0.726, 5.448e-3
0.727, 5.507e-3
0.728, 5.565e-3
0.729, 5.624e-3
0.730, 5.682e-3
0.731, 5.741e-3
0.732, 5.800e-3
0.733, 5.859e-3
0.734, 5.918e-3
0.735, 5.978e-3
0.736, 6.038e-3
0.737, 6.098e-3
0.738, 6.157e-3
0.739, 6.217e-3
0.740, 6.278e-3
0.741, 6.338e-3
0.742, 6.399e-3
0.743, 6.459e-3
0.744, 6.520e-3
0.745, 6.581e-3
0.746, 6.642e-3
0.747, 6.702e-3
0.748, 6.764e-3
0.749, 6.825e-3
0.750, 6.886e-3
0.751, 6.947e-3
0.752, 7.008e-3
0.753, 7.070e-3
0.754, 7.132e-3
0.755, 7.194e-3
0.756, 7.255e-3
0.757, 7.316e-3
0.758, 7.378e-3
0.759, 7.439e-3
0.760, 7.502e-3
0.761, 7.564e-3
0.762, 7.626e-3
0.763, 7.689e-3
0.764, 7.751e-3
0.765, 7.814e-3
0.766, 7.877e-3
0.767, 7.940e-3
0.768, 8.003e-3
0.769, 8.065e-3
0.770, 8.128e-3
0.771, 8.192e-3
0.772, 8.255e-3
0.773, 8.318e-3
0.774, 8.382e-3
0.775, 8.445e-3
0.776, 8.508e-3
0.777, 8.572e-3
0.778, 8.636e-3
0.779, 8.700e-3
0.780, 8.763e-3
0.781, 8.826e-3
0.782, 8.890e-3
0.783, 8.954e-3
0.784, 9.018e-3
0.785, 9.082e-3
0.786, 9.146e-3
0.787, 9.210e-3
0.788, 9.274e-3
0.789, 9.338e-3
0.790, 9.403e-3
0.791, 9.467e-3
0.792, 9.532e-3
0.793, 9.596e-3
0.794, 9.661e-3
0.795, 9.726e-3
0.796, 9.791e-3
0.797, 9.855e-3
0.798, 9.920e-3
0.799, 9.984e-3
0.800, 1.003e-2
0.799, 9.983e-3
0.798, 9.915e-3
0.797, 9.848e-3
0.796, 9.781e-3
0.795, 9.714e-3
0.794, 9.647e-3
0.793, 9.580e-3
0.792, 9.513e-3
0.791, 9.447e-3
0.790, 9.381e-3
0.789, 9.314e-3
0.788, 9.248e-3
0.787, 9.183e-3
0.786, 9.117e-3
0.785, 9.051e-3
0.784, 8.986e-3
0.783, 8.920e-3
0.782, 8.855e-3
0.781, 8.790e-3
0.780, 8.726e-3
0.779, 8.661e-3
0.778, 8.595e-3
0.777, 8.531e-3
0.776, 8.466e-3
0.775, 8.401e-3
0.774, 8.337e-3
0.773, 8.273e-3
0.772, 8.208e-3
0.771, 8.144e-3
0.770, 8.079e-3
0.769, 8.015e-3
0.768, 7.951e-3
0.767, 7.887e-3
0.766, 7.823e-3
0.765, 7.760e-3
0.764, 7.696e-3
0.763, 7.633e-3
0.762, 7.570e-3
0.761, 7.507e-3
0.760, 7.443e-3
0.759, 7.381e-3
0.758, 7.318e-3
0.757, 7.255e-3
0.756, 7.193e-3
0.755, 7.131e-3
0.754, 7.069e-3
0.753, 7.006e-3
0.752, 6.944e-3
0.751, 6.882e-3
0.750, 6.821e-3
0.749, 6.759e-3
0.748, 6.697e-3
0.747, 6.635e-3
0.746, 6.574e-3
0.745, 6.513e-3
0.744, 6.452e-3
0.743, 6.391e-3
0.742, 6.330e-3
0.741, 6.269e-3
0.740, 6.208e-3
0.739, 6.148e-3
0.738, 6.087e-3
0.737, 6.027e-3
0.736, 5.967e-3
0.735, 5.907e-3
0.734, 5.848e-3
0.733, 5.788e-3
0.732, 5.729e-3
0.731, 5.670e-3
0.730, 5.611e-3
0.729, 5.552e-3
0.728, 5.493e-3
0.727, 5.434e-3
0.726, 5.375e-3
0.725, 5.317e-3
0.724, 5.259e-3
0.723, 5.201e-3
0.722, 5.142e-3
0.721, 5.085e-3
0.720, 5.027e-3
0.719, 4.969e-3
0.718, 4.912e-3
0.717, 4.854e-3
0.716, 4.795e-3
0.715, 4.738e-3
0.714, 4.681e-3
0.713, 4.625e-3
0.712, 4.568e-3
0.711, 4.512e-3
0.710, 4.457e-3
0.709, 4.401e-3
0.708, 4.345e-3
0.707, 4.290e-3
0.706, 4.236e-3
0.705, 4.181e-3
0.704, 4.126e-3
0.703, 4.072e-3
0.702, 4.018e-3
0.701, 3.964e-3
0.700, 3.910e-3
0.699, 3.856e-3
0.698, 3.802e-3
0.697, 3.749e-3
0.696, 3.696e-3
0.695, 3.643e-3
0.694, 3.591e-3
0.693, 3.538e-3
0.692, 3.486e-3
0.691, 3.434e-3
0.690, 3.382e-3
0.689, 3.330e-3
0.688, 3.279e-3
0.687, 3.229e-3
0.686, 3.178e-3
0.685, 3.127e-3
0.684, 3.077e-3
0.683, 3.027e-3
0.682, 2.977e-3
0.681, 2.929e-3
0.680, 2.880e-3
0.679, 2.831e-3
0.678, 2.783e-3
0.677, 2.735e-3
0.676, 2.687e-3
0.675, 2.640e-3
0.674, 2.592e-3
0.673, 2.545e-3
0.672, 2.499e-3
0.671, 2.452e-3
0.670, 2.406e-3
0.669, 2.360e-3
0.668, 2.315e-3
0.667, 2.270e-3
0.666, 2.225e-3
0.665, 2.180e-3
0.664, 2.136e-3
0.663, 2.092e-3
0.662, 2.049e-3
0.661, 2.006e-3
0.660, 1.963e-3
0.659, 1.920e-3
0.658, 1.878e-3
0.657, 1.837e-3
0.656, 1.795e-3
0.655, 1.755e-3
0.654, 1.714e-3
0.653, 1.675e-3
0.652, 1.636e-3
0.651, 1.597e-3
0.650, 1.557e-3
0.649, 1.519e-3
0.648, 1.481e-3
0.647, 1.443e-3
0.646, 1.406e-3
0.645, 1.370e-3
0.644, 1.333e-3
0.643, 1.298e-3
0.642, 1.262e-3
0.641, 1.227e-3
0.640, 1.192e-3
0.639, 1.159e-3
0.638, 1.126e-3
0.637, 1.092e-3
0.636, 1.060e-3
0.635, 1.028e-3
0.634, 9.960e-4
0.633, 9.650e-4
0.632, 9.346e-4
0.631, 9.043e-4
0.630, 8.744e-4
0.629, 8.453e-4
0.628, 8.167e-4
0.627, 7.889e-4
0.626, 7.609e-4
0.625, 7.335e-4
0.624, 7.066e-4
0.623, 6.804e-4
0.622, 6.551e-4
0.621, 6.299e-4
0.620, 6.053e-4
0.619, 5.815e-4
0.618, 5.579e-4
0.617, 5.350e-4
0.616, 5.124e-4
0.615, 4.905e-4
0.614, 4.700e-4
0.613, 4.485e-4
0.612, 4.278e-4
0.611, 4.082e-4
0.610, 3.884e-4
0.609, 3.691e-4
0.608, 3.508e-4
0.607, 3.325e-4
0.606, 3.153e-4
0.605, 2.980e-4
0.604, 2.816e-4
0.603, 2.656e-4
0.602, 2.498e-4
0.601, 2.351e-4
0.600, 2.204e-4
0.599, 2.065e-4
0.598, 1.928e-4
0.597, 1.790e-4
0.596, 1.665e-4
0.595, 1.540e-4
0.594, 1.418e-4
0.593, 1.303e-4
0.592, 1.194e-4
0.591, 1.086e-4
0.590, 9.822e-5
0.589, 8.792e-5
0.588, 7.766e-5
0.587, 6.860e-5
0.586, 5.974e-5
0.585, 5.100e-5
0.584, 4.252e-5
0.583, 3.460e-5
0.582, 2.693e-5
0.581, 1.961e-5
0.580, 1.248e-5
0.579, 5.741e-6
0.578, -1.162e-6
0.577, -7.381e-6
0.576, -1.342e-5
0.575, -1.922e-5
0.574, -2.458e-5
0.573, -3.004e-5
0.572, -3.506e-5
0.571, -4.044e-5
0.570, -4.536e-5
0.569, -5.010e-5
0.568, -5.445e-5
0.567, -5.860e-5
0.566, -6.270e-5
0.565, -6.675e-5
0.564, -7.008e-5
0.563, -7.420e-5
0.562, -7.782e-5
0.561, -8.107e-5
0.560, -8.373e-5
0.559, -8.759e-5
0.558, -9.054e-5
0.557, -9.321e-5
0.556, -9.583e-5
0.555, -9.855e-5
0.554, -1.013e-4
0.553, -1.034e-4
0.552, -1.060e-4
0.551, -1.082e-4
0.550, -1.099e-4
0.549, -1.129e-4
0.548, -1.155e-4
0.547, -1.173e-4
0.546, -1.190e-4
0.545, -1.210e-4
0.544, -1.229e-4
0.543, -1.248e-4
0.542, -1.266e-4
0.541, -1.283e-4
0.540, -1.300e-4
0.539, -1.317e-4
0.538, -1.337e-4
0.537, -1.357e-4
0.536, -1.371e-4
0.535, -1.386e-4
0.534, -1.398e-4
0.533, -1.419e-4
0.532, -1.433e-4
0.531, -1.444e-4
0.530, -1.459e-4
0.529, -1.468e-4
0.528, -1.485e-4
0.527, -1.502e-4
0.526, -1.512e-4
0.525, -1.527e-4
0.524, -1.540e-4
0.523, -1.554e-4
0.522, -1.568e-4
0.521, -1.583e-4
0.520, -1.594e-4
0.519, -1.607e-4
0.518, -1.623e-4
0.517, -1.639e-4
0.516, -1.650e-4
0.515, -1.661e-4
0.514, -1.675e-4
0.513, -1.688e-4
0.512, -1.719e-4
0.511, -1.737e-4
0.510, -1.739e-4
0.509, -1.750e-4
0.508, -1.759e-4
0.507, -1.775e-4
0.506, -1.790e-4
0.505, -1.802e-4
0.504, -1.814e-4
0.503, -1.831e-4
0.502, -1.841e-4
0.501, -1.857e-4
0.500, -1.873e-4
0.499, -1.885e-4
0.498, -1.899e-4
0.497, -1.915e-4
0.496, -1.931e-4
0.495, -1.949e-4
0.494, -1.964e-4
0.493, -1.985e-4
0.492, -2.002e-4
0.491, -2.018e-4
0.490, -2.039e-4
0.489, -2.052e-4
0.488, -2.075e-4
0.487, -2.096e-4
0.486, -2.122e-4
0.485, -2.139e-4
0.484, -2.161e-4
0.483, -2.181e-4
0.482, -2.204e-4
0.481, -2.223e-4
0.480, -2.247e-4
0.479, -2.274e-4
0.478, -2.298e-4
0.477, -2.323e-4
0.476, -2.348e-4
0.475, -2.377e-4
0.474, -2.407e-4
0.473, -2.432e-4
0.472, -2.462e-4
0.471, -2.494e-4
0.470, -2.525e-4
0.469, -2.562e-4
0.468, -2.599e-4
0.467, -2.633e-4
0.466, -2.671e-4
0.465, -2.712e-4
0.464, -2.749e-4
0.463, -2.791e-4
0.462, -2.835e-4
0.461, -2.883e-4
0.460, -2.934e-4
0.459, -2.978e-4
0.458, -3.028e-4
0.457, -3.083e-4
0.456, -3.137e-4
0.455, -3.193e-4
0.454, -3.252e-4
0.453, -3.313e-4
0.452, -3.377e-4
0.451, -3.440e-4
0.450, -3.508e-4
0.449, -3.581e-4
0.448, -3.647e-4
0.447, -3.722e-4
0.446, -3.799e-4
0.445, -3.882e-4
0.444, -3.959e-4
0.443, -4.042e-4
0.442, -4.133e-4
0.441, -4.227e-4
0.440, -4.321e-4
0.439, -4.422e-4
0.438, -4.522e-4
0.437, -4.625e-4
0.436, -4.732e-4
0.435, -4.846e-4
0.434, -4.959e-4
0.433, -5.070e-4
0.432, -5.181e-4
0.431, -5.298e-4
0.430, -5.417e-4
0.429, -5.547e-4
0.428, -5.671e-4
0.427, -5.794e-4
0.426, -5.919e-4
0.425, -6.045e-4
0.424, -6.171e-4
0.423, -6.303e-4
0.422, -6.425e-4
0.421, -6.560e-4
0.420, -6.692e-4
0.419, -6.822e-4
0.418, -6.955e-4
0.417, -7.089e-4
0.416, -7.223e-4
0.415, -7.357e-4
0.414, -7.494e-4
0.413, -7.624e-4
0.412, -7.755e-4
0.411, -7.888e-4
0.410, -7.997e-4
0.409, -8.046e-4
0.408, -8.192e-4
0.407, -8.334e-4
0.406, -8.473e-4
0.405, -8.614e-4
0.404, -8.755e-4
0.403, -8.897e-4
0.402, -9.037e-4
0.401, -9.180e-4
0.400, -9.323e-4
0.399, -9.468e-4
0.398, -9.609e-4
0.397, -9.749e-4
0.396, -9.891e-4
0.395, -1.003e-3
0.394, -1.018e-3
0.393, -1.032e-3
0.392, -1.047e-3
0.391, -1.061e-3
0.390, -1.074e-3
0.389, -1.089e-3
0.388, -1.102e-3
0.387, -1.116e-3
0.386, -1.128e-3
0.385, -1.141e-3
0.384, -1.153e-3
0.383, -1.165e-3
0.382, -1.176e-3
0.381, -1.186e-3
0.380, -1.195e-3
0.379, -1.204e-3
0.378, -1.211e-3
0.377, -1.217e-3
0.376, -1.222e-3
0.375, -1.226e-3
0.374, -1.227e-3
0.373, -1.228e-3
0.372, -1.227e-3
0.371, -1.223e-3
0.370, -1.218e-3
0.369, -1.211e-3
0.368, -1.201e-3
0.367, -1.190e-3
0.366, -1.175e-3
0.365, -1.159e-3
0.364, -1.140e-3
0.363, -1.119e-3
0.362, -1.095e-3
0.361, -1.069e-3
0.360, -1.040e-3
0.359, -1.010e-3
0.358, -9.780e-4
0.357, -9.443e-4
0.356, -9.092e-4
0.355, -8.729e-4
0.354, -8.363e-4
0.353, -7.995e-4
0.352, -7.624e-4
0.351, -7.255e-4
0.350, -6.892e-4
0.349, -6.539e-4
0.348, -6.194e-4
0.347, -5.866e-4
0.346, -5.551e-4
0.345, -5.246e-4
0.344, -4.964e-4
0.343, -4.696e-4
0.342, -4.440e-4
0.341, -4.204e-4
0.340, -3.985e-4
0.339, -3.780e-4
0.338, -3.587e-4
0.337, -3.405e-4
0.336, -3.234e-4
0.335, -3.079e-4
0.334, -2.933e-4
0.333, -2.795e-4
0.332, -2.671e-4
0.331, -2.550e-4
0.330, -2.439e-4
0.329, -2.336e-4
0.328, -2.237e-4
0.327, -2.150e-4
0.326, -2.062e-4
0.325, -1.981e-4
0.324, -1.909e-4
0.323, -1.839e-4
0.322, -1.773e-4
0.321, -1.713e-4
0.320, -1.657e-4
0.319, -1.599e-4
0.318, -1.546e-4
0.317, -1.496e-4
0.316, -1.450e-4
0.315, -1.408e-4
0.314, -1.364e-4
0.313, -1.322e-4
0.312, -1.284e-4
0.311, -1.248e-4
0.310, -1.213e-4
0.309, -1.183e-4
0.308, -1.155e-4
0.307, -1.126e-4
0.306, -1.092e-4
0.305, -1.064e-4
0.304, -1.039e-4
0.303, -1.014e-4
0.302, -9.891e-5
0.301, -9.652e-5
0.300, -9.432e-5
0.299, -9.233e-5
0.298, -9.032e-5
0.297, -8.821e-5
0.296, -8.625e-5
0.295, -8.424e-5
0.294, -8.246e-5
0.293, -8.090e-5
0.292, -7.923e-5
0.291, -7.757e-5
0.290, -7.607e-5
0.289, -7.452e-5
0.288, -7.306e-5
0.287, -7.166e-5
0.286, -7.042e-5
0.285, -6.918e-5
0.284, -6.814e-5
0.283, -6.708e-5
0.282, -6.597e-5
0.281, -6.485e-5
0.280, -6.356e-5
0.279, -6.240e-5
0.278, -6.118e-5
0.277, -6.006e-5
0.276, -5.911e-5
0.275, -5.808e-5
0.274, -5.720e-5
0.273, -5.635e-5
0.272, -5.540e-5
0.271, -5.463e-5
0.270, -5.375e-5
0.269, -5.294e-5
0.268, -5.221e-5
0.267, -5.132e-5
0.266, -5.057e-5
0.265, -4.981e-5
0.264, -4.910e-5
0.263, -4.834e-5
0.262, -4.759e-5
0.261, -4.702e-5
0.260, -4.637e-5
0.259, -4.580e-5
0.258, -4.517e-5
0.257, -4.461e-5
0.256, -4.404e-5
0.255, -4.358e-5
0.254, -4.304e-5
0.253, -4.238e-5
0.252, -4.195e-5
0.251, -4.140e-5
0.250, -4.099e-5
0.249, -4.036e-5
0.248, -3.989e-5
0.247, -3.947e-5
0.246, -3.896e-5
0.245, -3.842e-5
0.244, -3.784e-5
0.243, -3.730e-5
0.242, -3.687e-5
0.241, -3.653e-5
0.240, -3.613e-5
0.239, -3.572e-5
0.238, -3.521e-5
0.237, -3.479e-5
0.236, -3.443e-5
0.235, -3.406e-5
0.234, -3.367e-5
0.233, -3.336e-5
0.232, -3.296e-5
0.231, -3.263e-5
0.230, -3.236e-5
0.229, -3.195e-5
0.228, -3.166e-5
0.227, -3.128e-5
0.226, -3.100e-5
0.225, -3.074e-5
0.224, -3.041e-5
0.223, -3.004e-5
0.222, -2.980e-5
0.221, -2.948e-5
0.220, -2.925e-5
0.219, -2.902e-5
0.218, -2.870e-5
0.217, -2.844e-5
0.216, -2.818e-5
0.215, -2.793e-5
0.214, -2.768e-5
0.213, -2.741e-5
0.212, -2.716e-5
0.211, -2.690e-5
0.210, -2.673e-5
0.209, -2.652e-5
0.208, -2.619e-5
0.207, -2.590e-5
0.206, -2.571e-5
0.205, -2.552e-5
0.204, -2.529e-5
0.203, -2.513e-5
0.202, -2.491e-5
0.201, -2.470e-5
0.200, -2.267e-5
0.201, -1.902e-5
0.202, -1.750e-5
0.203, -1.641e-5
0.204, -1.542e-5
0.205, -1.475e-5
0.206, -1.392e-5
0.207, -1.319e-5
0.208, -1.259e-5
0.209, -1.205e-5
0.210, -1.143e-5
0.211, -1.092e-5
0.212, -1.041e-5
0.213, -1.005e-5
0.214, -9.617e-6
0.215, -9.197e-6
0.216, -8.905e-6
0.217, -8.465e-6
0.218, -8.172e-6
0.219, -7.879e-6
0.220, -7.557e-6
0.221, -7.215e-6
0.222, -6.883e-6
0.223, -6.591e-6
0.224, -6.415e-6
0.225, -6.073e-6
0.226, -5.839e-6
0.227, -5.556e-6
0.228, -5.331e-6
0.229, -5.155e-6
0.230, -4.882e-6
0.231, -4.540e-6
0.232, -4.403e-6
0.233, -4.179e-6
0.234, -3.935e-6
0.235, -3.691e-6
0.236, -3.456e-6
0.237, -3.271e-6
0.238, -3.056e-6
0.239, -2.861e-6
0.240, -2.656e-6
0.241, -2.490e-6
0.242, -2.246e-6
0.243, -2.080e-6
0.244, -1.845e-6
0.245, -1.582e-6
0.246, -1.426e-6
0.247, -1.250e-6
0.248, -1.045e-6
0.249, -8.397e-7
0.250, -6.639e-7
0.251, -4.589e-7
0.252, -3.417e-7
0.253, -1.074e-7
0.254, 2.929e-8
0.255, 2.831e-7
0.256, 4.784e-7
0.257, 6.639e-7
0.258, 8.787e-7
0.259, 1.006e-6
0.260, 1.162e-6
0.261, 1.328e-6
0.262, 1.552e-6
0.263, 1.777e-6
0.264, 1.884e-6
0.265, 2.041e-6
0.266, 2.275e-6
0.267, 2.431e-6
0.268, 2.656e-6
0.269, 2.753e-6
0.270, 3.046e-6
0.271, 3.203e-6
0.272, 3.349e-6
0.273, 3.486e-6
0.274, 3.671e-6
0.275, 3.896e-6
0.276, 4.130e-6
0.277, 4.208e-6
0.278, 4.530e-6
0.279, 4.696e-6
0.280, 4.862e-6
0.281, 5.028e-6
0.282, 5.272e-6
0.283, 5.448e-6
0.284, 5.663e-6
0.285, 5.790e-6
0.286, 6.014e-6
0.287, 6.210e-6
0.288, 6.376e-6
0.289, 6.542e-6
0.290, 6.796e-6
0.291, 7.001e-6
0.292, 7.215e-6
0.293, 7.440e-6
0.294, 7.655e-6
0.295, 7.840e-6
0.296, 8.123e-6
0.297, 8.309e-6
0.298, 8.553e-6
0.299, 8.866e-6
0.300, 9.100e-6
0.301, 9.315e-6
0.302, 9.520e-6
0.303, 9.852e-6
0.304, 1.005e-5
0.305, 1.029e-5
0.306, 1.060e-5
0.307, 1.092e-5
0.308, 1.116e-5
0.309, 1.137e-5
0.310, 1.157e-5
0.311, 1.192e-5
0.312, 1.217e-5
0.313, 1.248e-5
0.314, 1.268e-5
0.315, 1.295e-5
0.316, 1.318e-5
0.317, 1.351e-5
0.318, 1.385e-5
0.319, 1.415e-5
0.320, 1.429e-5
0.321, 1.460e-5
0.322, 1.479e-5
0.323, 1.509e-5
0.324, 1.543e-5
0.325, 1.574e-5
0.326, 1.604e-5
0.327, 1.637e-5
0.328, 1.662e-5
0.329, 1.692e-5
0.330, 1.722e-5
0.331, 1.759e-5
0.332, 1.793e-5
0.333, 1.825e-5
0.334, 1.852e-5
0.335, 1.894e-5
0.336, 1.922e-5
0.337, 1.960e-5
0.338, 1.999e-5
0.339, 2.028e-5
0.340, 2.071e-5
0.341, 2.105e-5
0.342, 2.145e-5
0.343, 2.180e-5
0.344, 2.215e-5
0.345, 2.260e-5
0.346, 2.292e-5
0.347, 2.326e-5
0.348, 2.374e-5
0.349, 2.415e-5
0.350, 2.447e-5
0.351, 2.495e-5
0.352, 2.543e-5
0.353, 2.583e-5
0.354, 2.614e-5
0.355, 2.655e-5
0.356, 2.698e-5
0.357, 2.737e-5
0.358, 2.780e-5
0.359, 2.825e-5
0.360, 2.860e-5
0.361, 2.905e-5
0.362, 2.953e-5
0.363, 2.986e-5
0.364, 3.037e-5
0.365, 3.079e-5
0.366, 3.120e-5
0.367, 3.166e-5
0.368, 3.222e-5
0.369, 3.269e-5
0.370, 3.329e-5
0.371, 3.366e-5
0.372, 3.411e-5
0.373, 3.472e-5
0.374, 3.542e-5
0.375, 3.590e-5
0.376, 3.647e-5
0.377, 3.691e-5
0.378, 3.756e-5
0.379, 3.806e-5
0.380, 3.860e-5
0.381, 3.911e-5
0.382, 3.976e-5
0.383, 4.030e-5
0.384, 4.099e-5
0.385, 4.157e-5
0.386, 4.222e-5
0.387, 4.277e-5
0.388, 4.345e-5
0.389, 4.409e-5
0.390, 4.487e-5
0.391, 4.555e-5
0.392, 4.627e-5
0.393, 4.713e-5
0.394, 4.782e-5
0.395, 4.870e-5
0.396, 4.948e-5
0.397, 5.006e-5
0.398, 5.091e-5
0.399, 5.179e-5
0.400, 5.265e-5
0.401, 5.352e-5
0.402, 5.437e-5
0.403, 5.541e-5
0.404, 5.638e-5
0.405, 5.753e-5
0.406, 5.854e-5
0.407, 5.956e-5
0.408, 6.092e-5
0.409, 6.189e-5
0.410, 6.090e-5
0.411, 6.305e-5
0.412, 6.462e-5
0.413, 6.604e-5
0.414, 6.752e-5
0.415, 6.899e-5
0.416, 7.076e-5
0.417, 7.243e-5
0.418, 7.421e-5
0.419, 7.597e-5
0.420, 7.760e-5
0.421, 7.944e-5
0.422, 8.164e-5
0.423, 8.403e-5
0.424, 8.666e-5
0.425, 8.924e-5
0.426, 9.170e-5
0.427, 9.471e-5
0.428, 9.817e-5
0.429, 1.016e-4
0.430, 1.053e-4
0.431, 1.095e-4
0.432, 1.141e-4
0.433, 1.189e-4
0.434, 1.244e-4
0.435, 1.300e-4
0.436, 1.371e-4
0.437, 1.438e-4
0.438, 1.516e-4
0.439, 1.604e-4
0.440, 1.695e-4
0.441, 1.798e-4
0.442, 1.910e-4
0.443, 2.032e-4
0.444, 2.166e-4
0.445, 2.309e-4
0.446, 2.467e-4
0.447, 2.642e-4
0.448, 2.826e-4
0.449, 3.028e-4
0.450, 3.245e-4
0.451, 3.484e-4
0.452, 3.738e-4
0.453, 4.014e-4
0.454, 4.310e-4
0.455, 4.623e-4
0.456, 4.961e-4
0.457, 5.321e-4
0.458, 5.699e-4
0.459, 6.099e-4
0.460, 6.523e-4
0.461, 6.971e-4
0.462, 7.440e-4
0.463, 7.927e-4
0.464, 8.428e-4
0.465, 8.944e-4
0.466, 9.472e-4
0.467, 1.000e-3
0.468, 1.055e-3
0.469, 1.109e-3
0.470, 1.163e-3
0.471, 1.215e-3
0.472, 1.268e-3
0.473, 1.320e-3
0.474, 1.370e-3
0.475, 1.419e-3
0.476, 1.466e-3
0.477, 1.510e-3
0.478, 1.554e-3
0.479, 1.595e-3
0.480, 1.633e-3
0.481, 1.669e-3
0.482, 1.702e-3
0.483, 1.732e-3
0.484, 1.760e-3
0.485, 1.784e-3
0.486, 1.806e-3
0.487, 1.826e-3
0.488, 1.841e-3
0.489, 1.853e-3
0.490, 1.862e-3
0.491, 1.868e-3
0.492, 1.871e-3
0.493, 1.870e-3
0.494, 1.866e-3
0.495, 1.857e-3
0.496, 1.846e-3
0.497, 1.831e-3
0.498, 1.812e-3
0.499, 1.790e-3
0.500, 1.764e-3
0.501, 1.735e-3
0.502, 1.703e-3
0.503, 1.669e-3
0.504, 1.631e-3
0.505, 1.592e-3
0.506, 1.550e-3
0.507, 1.507e-3
0.508, 1.462e-3
0.509, 1.417e-3
0.510, 1.372e-3
0.511, 1.326e-3
0.512, 1.282e-3
0.513, 1.239e-3
0.514, 1.195e-3
0.515, 1.152e-3
0.516, 1.110e-3
0.517, 1.069e-3
0.518, 1.029e-3
0.519, 9.909e-4
0.520, 9.539e-4
0.521, 9.179e-4
0.522, 8.831e-4
0.523, 8.496e-4
0.524, 8.168e-4
0.525, 7.848e-4
0.526, 7.546e-4
0.527, 7.255e-4
0.528, 6.974e-4
0.529, 6.705e-4
0.530, 6.448e-4
0.531, 6.203e-4
0.532, 5.968e-4
0.533, 5.748e-4
0.534, 5.539e-4
0.535, 5.336e-4
0.536, 5.144e-4
0.537, 4.965e-4
0.538, 4.802e-4
0.539, 4.645e-4
0.540, 4.494e-4
0.541, 4.355e-4
0.542, 4.223e-4
0.543, 4.101e-4
0.544, 3.988e-4
0.545, 3.884e-4
0.546, 3.781e-4
0.547, 3.694e-4
0.548, 3.614e-4
0.549, 3.536e-4
0.550, 3.464e-4
0.551, 3.392e-4
0.552, 3.336e-4
0.553, 3.279e-4
0.554, 3.226e-4
0.555, 3.185e-4
0.556, 3.147e-4
0.557, 3.107e-4
0.558, 3.074e-4
0.559, 3.041e-4
0.560, 3.013e-4
0.561, 2.987e-4
0.562, 2.968e-4
0.563, 2.950e-4
0.564, 2.940e-4
0.565, 2.926e-4
0.566, 2.916e-4
0.567, 2.908e-4
0.568, 2.907e-4
0.569, 2.907e-4
0.570, 2.907e-4
0.571, 2.915e-4
0.572, 2.920e-4
0.573, 2.927e-4
0.574, 2.943e-4
0.575, 2.955e-4
0.576, 2.969e-4
0.577, 2.987e-4
0.578, 3.013e-4
0.579, 3.043e-4
0.580, 3.072e-4
0.581, 3.104e-4
0.582, 3.144e-4
0.583, 3.182e-4
0.584, 3.220e-4
0.585, 3.266e-4
0.586, 3.317e-4
0.587, 3.368e-4
0.588, 3.429e-4
0.589, 3.488e-4
0.590, 3.554e-4
0.591, 3.620e-4
0.592, 3.690e-4
0.593, 3.762e-4
0.594, 3.843e-4
0.595, 3.931e-4
0.596, 4.019e-4
0.597, 4.110e-4
0.598, 4.208e-4
0.599, 4.312e-4
0.600, 4.419e-4
0.601, 4.528e-4
0.602, 4.640e-4
0.603, 4.762e-4
0.604, 4.891e-4
0.605, 5.022e-4
0.606, 5.158e-4
0.607, 5.301e-4
0.608, 5.452e-4
0.609, 5.604e-4
0.610, 5.758e-4
0.611, 5.922e-4
0.612, 6.091e-4
0.613, 6.266e-4
0.614, 6.446e-4
0.615, 6.615e-4
0.616, 6.814e-4
0.617, 7.019e-4
0.618, 7.220e-4
0.619, 7.435e-4
0.620, 7.647e-4
0.621, 7.873e-4
0.622, 8.100e-4
0.623, 8.335e-4
0.624, 8.575e-4
0.625, 8.818e-4
0.626, 9.067e-4
0.627, 9.324e-4
0.628, 9.586e-4
0.629, 9.854e-4
0.630, 1.013e-3
0.631, 1.041e-3
0.632, 1.069e-3
0.633, 1.098e-3
0.634, 1.128e-3
0.635, 1.158e-3
0.636, 1.189e-3
0.637, 1.220e-3
0.638, 1.252e-3
0.639, 1.284e-3
0.640, 1.318e-3
0.641, 1.352e-3
0.642, 1.385e-3
0.643, 1.420e-3
0.644, 1.455e-3
0.645, 1.490e-3
0.646, 1.526e-3
0.647, 1.563e-3
0.648, 1.600e-3
0.649, 1.638e-3
0.650, 1.676e-3
0.651, 1.714e-3
0.652, 1.753e-3
0.653, 1.792e-3
0.654, 1.831e-3
0.655, 1.872e-3
0.656, 1.912e-3
0.657, 1.953e-3
0.658, 1.995e-3
0.659, 2.037e-3
0.660, 2.080e-3
0.661, 2.122e-3
0.662, 2.165e-3
0.663, 2.208e-3
0.664, 2.253e-3
0.665, 2.297e-3
0.666, 2.342e-3
0.667, 2.387e-3
0.668, 2.432e-3
0.669, 2.478e-3
0.670, 2.524e-3
0.671, 2.570e-3
0.672, 2.617e-3
0.673, 2.664e-3
0.674, 2.711e-3
0.675, 2.759e-3
0.676, 2.807e-3
0.677, 2.855e-3
0.678, 2.903e-3
0.679, 2.951e-3
0.680, 3.001e-3
0.681, 3.050e-3
0.682, 3.100e-3
0.683, 3.150e-3
0.684, 3.201e-3
0.685, 3.251e-3
0.686, 3.302e-3
0.687, 3.353e-3
0.688, 3.404e-3
0.689, 3.456e-3
0.690, 3.508e-3
0.691, 3.560e-3
0.692, 3.613e-3
0.693, 3.666e-3
0.694, 3.719e-3
0.695, 3.771e-3
0.696, 3.825e-3
0.697, 3.878e-3
0.698, 3.932e-3
0.699, 3.987e-3
0.700, 4.041e-3
0.701, 4.095e-3
0.702, 4.149e-3
0.703, 4.204e-3
0.704, 4.259e-3
0.705, 4.313e-3
0.706, 4.368e-3
0.707, 4.424e-3
0.708, 4.479e-3
0.709, 4.535e-3
0.710, 4.591e-3
0.711, 4.648e-3
0.712, 4.705e-3
0.713, 4.761e-3
0.714, 4.818e-3
0.715, 4.875e-3
0.716, 4.932e-3
0.717, 4.991e-3
0.718, 5.050e-3
0.719, 5.107e-3
0.720, 5.165e-3
0.721, 5.223e-3
0.722, 5.281e-3
0.723, 5.339e-3
0.724, 5.398e-3
0.725, 5.456e-3
0.726, 5.515e-3
0.727, 5.574e-3
0.728, 5.633e-3
0.729, 5.692e-3
0.730, 5.751e-3
0.731, 5.810e-3
0.732, 5.869e-3
0.733, 5.928e-3
0.734, 5.988e-3
0.735, 6.048e-3
0.736, 6.108e-3
0.737, 6.168e-3
0.738, 6.228e-3
0.739, 6.289e-3
0.740, 6.349e-3
0.741, 6.410e-3
0.742, 6.471e-3
0.743, 6.532e-3
0.744, 6.593e-3
0.745, 6.654e-3
0.746, 6.715e-3
0.747, 6.777e-3
0.748, 6.838e-3
0.749, 6.899e-3
0.750, 6.961e-3
0.751, 7.022e-3
0.752, 7.084e-3
0.753, 7.146e-3
0.754, 7.208e-3
0.755, 7.270e-3
0.756, 7.331e-3
0.757, 7.393e-3
0.758, 7.455e-3
0.759, 7.517e-3
0.760, 7.580e-3
0.761, 7.642e-3
0.762, 7.704e-3
0.763, 7.767e-3
0.764, 7.830e-3
0.765, 7.893e-3
0.766, 7.956e-3
0.767, 8.018e-3
0.768, 8.081e-3
0.769, 8.145e-3
0.770, 8.208e-3
0.771, 8.272e-3
0.772, 8.335e-3
0.773, 8.398e-3
0.774, 8.462e-3
0.775, 8.526e-3
0.776, 8.590e-3
0.777, 8.654e-3
0.778, 8.718e-3
0.779, 8.781e-3
0.780, 8.845e-3
0.781, 8.908e-3
0.782, 8.972e-3
0.783, 9.036e-3
0.784, 9.100e-3
0.785, 9.164e-3
0.786, 9.228e-3
0.787, 9.293e-3
0.788, 9.357e-3
0.789, 9.422e-3
0.790, 9.486e-3
0.791, 9.550e-3
0.792, 9.615e-3
0.793, 9.680e-3
0.794, 9.745e-3
0.795, 9.811e-3
0.796, 9.876e-3
0.797, 9.940e-3
0.798, 1.001e-2
0.799, 1.007e-2
0.800, 1.012e-2
0.799, 1.007e-2
0.798, 1.000e-2
0.797, 9.934e-3
0.796, 9.867e-3
0.795, 9.800e-3
0.794, 9.732e-3
0.793, 9.665e-3
0.792, 9.598e-3
0.791, 9.531e-3
0.790, 9.466e-3
0.789, 9.399e-3
0.788, 9.333e-3
0.787, 9.267e-3
0.786, 9.200e-3
0.785, 9.135e-3
0.784, 9.069e-3
0.783, 9.004e-3
0.782, 8.939e-3
0.781, 8.873e-3
0.780, 8.808e-3
0.779, 8.744e-3
0.778, 8.678e-3
0.777, 8.613e-3
0.776, 8.548e-3
0.775, 8.483e-3
0.774, 8.418e-3
0.773, 8.353e-3
0.772, 8.289e-3
0.771, 8.225e-3
0.770, 8.160e-3
0.769, 8.095e-3
0.768, 8.031e-3
0.767, 7.967e-3
0.766, 7.903e-3
0.765, 7.839e-3
0.764, 7.775e-3
0.763, 7.712e-3
0.762, 7.648e-3
0.761, 7.585e-3
0.760, 7.521e-3
0.759, 7.458e-3
0.758, 7.395e-3
0.757, 7.332e-3
0.756, 7.270e-3
0.755, 7.208e-3
0.754, 7.145e-3
0.753, 7.083e-3
0.752, 7.020e-3
0.751, 6.958e-3
0.750, 6.896e-3
0.749, 6.834e-3
0.748, 6.772e-3
0.747, 6.710e-3
0.746, 6.648e-3
0.745, 6.586e-3
0.744, 6.525e-3
0.743, 6.464e-3
0.742, 6.402e-3
0.741, 6.341e-3
0.740, 6.280e-3
0.739, 6.219e-3
0.738, 6.158e-3
0.737, 6.098e-3
0.736, 6.038e-3
0.735, 5.977e-3
0.734, 5.917e-3
0.733, 5.857e-3
0.732, 5.798e-3
0.731, 5.738e-3
0.730, 5.678e-3
0.729, 5.620e-3
0.728, 5.561e-3
0.727, 5.501e-3
0.726, 5.442e-3
0.725, 5.384e-3
0.724, 5.325e-3
0.723, 5.266e-3
0.722, 5.208e-3
0.721, 5.150e-3
0.720, 5.092e-3
0.719, 5.033e-3
0.718, 4.976e-3
0.717, 4.917e-3
0.716, 4.858e-3
0.715, 4.800e-3
0.714, 4.743e-3
0.713, 4.687e-3
0.712, 4.630e-3
0.711, 4.573e-3
0.710, 4.517e-3
0.709, 4.461e-3
0.708, 4.405e-3
0.707, 4.350e-3
0.706, 4.294e-3
0.705, 4.239e-3
0.704, 4.184e-3
0.703, 4.129e-3
0.702, 4.075e-3
0.701, 4.021e-3
0.700, 3.966e-3
0.699, 3.912e-3
0.698, 3.858e-3
0.697, 3.804e-3
0.696, 3.751e-3
0.695, 3.697e-3
0.694, 3.645e-3
0.693, 3.592e-3
0.692, 3.539e-3
0.691, 3.486e-3
0.690, 3.434e-3
0.689, 3.382e-3
0.688, 3.331e-3
0.687, 3.279e-3
0.686, 3.228e-3
0.685, 3.177e-3
0.684, 3.126e-3
0.683, 3.076e-3
0.682, 3.026e-3
0.681, 2.976e-3
0.680, 2.927e-3
0.679, 2.878e-3
0.678, 2.830e-3
0.677, 2.781e-3
0.676, 2.732e-3
0.675, 2.685e-3
0.674, 2.637e-3
0.673, 2.590e-3
0.672, 2.543e-3
0.671, 2.496e-3
0.670, 2.449e-3
0.669, 2.403e-3
0.668, 2.357e-3
0.667, 2.311e-3
0.666, 2.265e-3
0.665, 2.220e-3
0.664, 2.176e-3
0.663, 2.132e-3
0.662, 2.088e-3
0.661, 2.044e-3
0.660, 2.001e-3
0.659, 1.958e-3
0.658, 1.916e-3
0.657, 1.873e-3
0.656, 1.832e-3
0.655, 1.790e-3
0.654, 1.750e-3
0.653, 1.709e-3
0.652, 1.669e-3
0.651, 1.630e-3
0.650, 1.590e-3
0.649, 1.551e-3
0.648, 1.513e-3
0.647, 1.475e-3
0.646, 1.437e-3
0.645, 1.399e-3
0.644, 1.363e-3
0.643, 1.327e-3
0.642, 1.291e-3
0.641, 1.255e-3
0.640, 1.220e-3
0.639, 1.185e-3
0.638, 1.152e-3
0.637, 1.118e-3
0.636, 1.085e-3
0.635, 1.052e-3
0.634, 1.020e-3
0.633, 9.884e-4
0.632, 9.574e-4
0.631, 9.266e-4
0.630, 8.965e-4
0.629, 8.666e-4
0.628, 8.376e-4
0.627, 8.092e-4
0.626, 7.809e-4
0.625, 7.529e-4
0.624, 7.258e-4
0.623, 6.990e-4
0.622, 6.728e-4
0.621, 6.470e-4
0.620, 6.218e-4
0.619, 5.976e-4
0.618, 5.737e-4
0.617, 5.502e-4
0.616, 5.272e-4
0.615, 5.048e-4
0.614, 4.842e-4
0.613, 4.622e-4
0.612, 4.412e-4
0.611, 4.205e-4
0.610, 4.002e-4
0.609, 3.808e-4
0.608, 3.619e-4
0.607, 3.435e-4
0.606, 3.253e-4
0.605, 3.080e-4
0.604, 2.911e-4
0.603, 2.743e-4
0.602, 2.585e-4
0.601, 2.438e-4
0.600, 2.286e-4
0.599, 2.139e-4
0.598, 1.999e-4
0.597, 1.862e-4
0.596, 1.731e-4
0.595, 1.607e-4
0.594, 1.480e-4
0.593, 1.359e-4
0.592, 1.245e-4
0.591, 1.134e-4
0.590, 1.026e-4
0.589, 9.210e-5
0.588, 8.187e-5
0.587, 7.248e-5
0.586, 6.327e-5
0.585, 5.464e-5
0.584, 4.574e-5
0.583, 3.739e-5
0.582, 2.940e-5
0.581, 2.196e-5
0.580, 1.483e-5
0.579, 7.811e-6
0.578, 6.249e-7
0.577, -5.829e-6
0.576, -1.173e-5
0.575, -1.795e-5
0.574, -2.375e-5
0.573, -2.921e-5
0.572, -3.473e-5
0.571, -4.007e-5
0.570, -4.466e-5
0.569, -4.951e-5
0.568, -5.411e-5
0.567, -5.851e-5
0.566, -6.266e-5
0.565, -6.708e-5
0.564, -7.075e-5
0.563, -7.455e-5
0.562, -7.831e-5
0.561, -8.122e-5
0.560, -8.446e-5
0.559, -8.807e-5
0.558, -9.104e-5
0.557, -9.395e-5
0.556, -9.700e-5
0.555, -9.967e-5
0.554, -1.024e-4
0.553, -1.049e-4
0.552, -1.073e-4
0.551, -1.097e-4
0.550, -1.116e-4
0.549, -1.146e-4
0.548, -1.167e-4
0.547, -1.185e-4
0.546, -1.207e-4
0.545, -1.227e-4
0.544, -1.248e-4
0.543, -1.264e-4
0.542, -1.282e-4
0.541, -1.302e-4
0.540, -1.320e-4
0.539, -1.338e-4
0.538, -1.356e-4
0.537, -1.375e-4
0.536, -1.392e-4
0.535, -1.409e-4
0.534, -1.418e-4
0.533, -1.436e-4
0.532, -1.450e-4
0.531, -1.464e-4
0.530, -1.480e-4
0.529, -1.493e-4
0.528, -1.510e-4
0.527, -1.524e-4
0.526, -1.537e-4
0.525, -1.547e-4
0.524, -1.558e-4
0.523, -1.574e-4
0.522, -1.590e-4
0.521, -1.605e-4
0.520, -1.624e-4
0.519, -1.636e-4
0.518, -1.648e-4
0.517, -1.662e-4
0.516, -1.675e-4
0.515, -1.684e-4
0.514, -1.699e-4
0.513, -1.712e-4
0.512, -1.744e-4
0.511, -1.763e-4
0.510, -1.763e-4
0.509, -1.773e-4
0.508, -1.785e-4
0.507, -1.799e-4
0.506, -1.812e-4
0.505, -1.825e-4
0.504, -1.839e-4
0.503, -1.857e-4
0.502, -1.868e-4
0.501, -1.884e-4
0.500, -1.899e-4
0.499, -1.904e-4
0.498, -1.921e-4
0.497, -1.941e-4
0.496, -1.957e-4
0.495, -1.976e-4
0.494, -1.992e-4
0.493, -2.012e-4
0.492, -2.028e-4
0.491, -2.043e-4
0.490, -2.060e-4
0.489, -2.078e-4
0.488, -2.101e-4
0.487, -2.126e-4
0.486, -2.148e-4
0.485, -2.168e-4
0.484, -2.187e-4
0.483, -2.205e-4
0.482, -2.229e-4
0.481, -2.253e-4
0.480, -2.273e-4
0.479, -2.301e-4
0.478, -2.324e-4
0.477, -2.354e-4
0.476, -2.381e-4
0.475, -2.406e-4
0.474, -2.434e-4
0.473, -2.458e-4
0.472, -2.488e-4
0.471, -2.523e-4
0.470, -2.555e-4
0.469, -2.593e-4
0.468, -2.629e-4
0.467, -2.667e-4
0.466, -2.707e-4
0.465, -2.746e-4
0.464, -2.782e-4
0.463, -2.828e-4
0.462, -2.870e-4
0.461, -2.918e-4
0.460, -2.966e-4
0.459, -3.011e-4
0.458, -3.066e-4
0.457, -3.119e-4
0.456, -3.170e-4
0.455, -3.232e-4
0.454, -3.289e-4
0.453, -3.354e-4
0.452, -3.416e-4
0.451, -3.480e-4
0.450, -3.553e-4
0.449, -3.625e-4
0.448, -3.691e-4
0.447, -3.767e-4
0.446, -3.847e-4
0.445, -3.930e-4
0.444, -4.009e-4
0.443, -4.097e-4
0.442, -4.190e-4
0.441, -4.284e-4
0.440, -4.380e-4
0.439, -4.481e-4
0.438, -4.582e-4
0.437, -4.691e-4
0.436, -4.799e-4
0.435, -4.915e-4
0.434, -5.030e-4
0.433, -5.142e-4
0.432, -5.257e-4
0.431, -5.379e-4
0.430, -5.502e-4
0.429, -5.630e-4
0.428, -5.755e-4
0.427, -5.881e-4
0.426, -6.012e-4
0.425, -6.135e-4
0.424, -6.269e-4
0.423, -6.403e-4
0.422, -6.533e-4
0.421, -6.666e-4
0.420, -6.807e-4
0.419, -6.939e-4
0.418, -7.077e-4
0.417, -7.214e-4
0.416, -7.349e-4
0.415, -7.487e-4
0.414, -7.621e-4
0.413, -7.765e-4
0.412, -7.898e-4
0.411, -8.031e-4
0.410, -8.142e-4
0.409, -8.194e-4
0.408, -8.341e-4
0.407, -8.490e-4
0.406, -8.631e-4
0.405, -8.777e-4
0.404, -8.923e-4
0.403, -9.068e-4
0.402, -9.214e-4
0.401, -9.359e-4
0.400, -9.503e-4
0.399, -9.654e-4
0.398, -9.797e-4
0.397, -9.947e-4
0.396, -1.009e-3
0.395, -1.024e-3
0.394, -1.039e-3
0.393, -1.053e-3
0.392, -1.069e-3
0.391, -1.083e-3
0.390, -1.098e-3
0.389, -1.112e-3
0.388, -1.127e-3
0.387, -1.140e-3
0.386, -1.154e-3
0.385, -1.167e-3
0.384, -1.180e-3
0.383, -1.193e-3
0.382, -1.204e-3
0.381, -1.215e-3
0.380, -1.225e-3
0.379, -1.233e-3
0.378, -1.241e-3
0.377, -1.248e-3
0.376, -1.254e-3
0.375, -1.259e-3
0.374, -1.261e-3
0.373, -1.263e-3
0.372, -1.262e-3
0.371, -1.259e-3
0.370, -1.255e-3
0.369, -1.248e-3
0.368, -1.239e-3
0.367, -1.228e-3
0.366, -1.215e-3
0.365, -1.199e-3
0.364, -1.180e-3
0.363, -1.159e-3
0.362, -1.135e-3
0.361, -1.108e-3
0.360, -1.080e-3
0.359, -1.049e-3
0.358, -1.016e-3
0.357, -9.816e-4
0.356, -9.458e-4
0.355, -9.082e-4
0.354, -8.700e-4
0.353, -8.314e-4
0.352, -7.927e-4
0.351, -7.539e-4
0.350, -7.158e-4
0.349, -6.786e-4
0.348, -6.425e-4
0.347, -6.075e-4
0.346, -5.744e-4
0.345, -5.424e-4
0.344, -5.125e-4
0.343, -4.842e-4
0.342, -4.576e-4
0.341, -4.326e-4
0.340, -4.094e-4
0.339, -3.882e-4
0.338, -3.680e-4
0.337, -3.490e-4
0.336, -3.313e-4
0.335, -3.150e-4
0.334, -2.999e-4
0.333, -2.857e-4
0.332, -2.724e-4
0.331, -2.602e-4
0.330, -2.486e-4
0.329, -2.382e-4
0.328, -2.280e-4
0.327, -2.189e-4
0.326, -2.102e-4
0.325, -2.018e-4
0.324, -1.942e-4
0.323, -1.870e-4
0.322, -1.803e-4
0.321, -1.740e-4
0.320, -1.682e-4
0.319, -1.627e-4
0.318, -1.571e-4
0.317, -1.522e-4
0.316, -1.473e-4
0.315, -1.430e-4
0.314, -1.387e-4
0.313, -1.343e-4
0.312, -1.305e-4
0.311, -1.269e-4
0.310, -1.233e-4
0.309, -1.200e-4
0.308, -1.172e-4
0.307, -1.146e-4
0.306, -1.112e-4
0.305, -1.082e-4
0.304, -1.055e-4
0.303, -1.031e-4
0.302, -1.005e-4
0.301, -9.813e-5
0.300, -9.591e-5
0.299, -9.381e-5
0.298, -9.176e-5
0.297, -8.980e-5
0.296, -8.775e-5
0.295, -8.578e-5
0.294, -8.381e-5
0.293, -8.218e-5
0.292, -8.050e-5
0.291, -7.893e-5
0.290, -7.749e-5
0.289, -7.585e-5
0.288, -7.447e-5
0.287, -7.306e-5
0.286, -7.160e-5
0.285, -7.037e-5
0.284, -6.924e-5
0.283, -6.812e-5
0.282, -6.710e-5
0.281, -6.607e-5
0.280, -6.494e-5
0.279, -6.380e-5
0.278, -6.255e-5
0.277, -6.139e-5
0.276, -6.035e-5
0.275, -5.931e-5
0.274, -5.830e-5
0.273, -5.739e-5
0.272, -5.646e-5
0.271, -5.569e-5
0.270, -5.488e-5
0.269, -5.398e-5
0.268, -5.318e-5
0.267, -5.239e-5
0.266, -5.158e-5
0.265, -5.083e-5
0.264, -5.009e-5
0.263, -4.939e-5
0.262, -4.865e-5
0.261, -4.798e-5
0.260, -4.723e-5
0.259, -4.665e-5
0.258, -4.610e-5
0.257, -4.549e-5
0.256, -4.491e-5
0.255, -4.441e-5
0.254, -4.389e-5
0.253, -4.333e-5
0.252, -4.281e-5
0.251, -4.228e-5
0.250, -4.177e-5
0.249, -4.123e-5
0.248, -4.074e-5
0.247, -4.029e-5
0.246, -3.973e-5
0.245, -3.923e-5
0.244, -3.876e-5
0.243, -3.823e-5
0.242, -3.774e-5
0.241, -3.731e-5
0.240, -3.692e-5
0.239, -3.652e-5
0.238, -3.603e-5
0.237, -3.568e-5
0.236, -3.529e-5
0.235, -3.481e-5
0.234, -3.443e-5
0.233, -3.405e-5
0.232, -3.370e-5
0.231, -3.342e-5
0.230, -3.303e-5
0.229, -3.268e-5
0.228, -3.228e-5
0.227, -3.198e-5
0.226, -3.175e-5
0.225, -3.145e-5
0.224, -3.114e-5
0.223, -3.073e-5
0.222, -3.047e-5
0.221, -3.021e-5
0.220, -2.989e-5
0.219, -2.963e-5
0.218, -2.934e-5
0.217, -2.904e-5
0.216, -2.880e-5
0.215, -2.858e-5
0.214, -2.832e-5
0.213, -2.798e-5
0.212, -2.782e-5
0.211, -2.751e-5
0.210, -2.734e-5
0.209, -2.713e-5
0.208, -2.681e-5
0.207, -2.660e-5
0.206, -2.639e-5
0.205, -2.611e-5
0.204, -2.587e-5
0.203, -2.573e-5
0.202, -2.558e-5
0.201, -2.531e-5
0.200, -2.320e-5
0.201, -1.948e-5
0.202, -1.800e-5
0.203, -1.689e-5
0.204, -1.595e-5
0.205, -1.524e-5
0.206, -1.432e-5
0.207, -1.369e-5
0.208, -1.306e-5
0.209, -1.245e-5
0.210, -1.193e-5
0.211, -1.138e-5
0.212, -1.094e-5
0.213, -1.049e-5
0.214, -1.010e-5
0.215, -9.666e-6
0.216, -9.246e-6
0.217, -8.914e-6
0.218, -8.709e-6
0.219, -8.260e-6
0.220, -7.967e-6
0.221, -7.655e-6
0.222, -7.323e-6
0.223, -7.079e-6
0.224, -6.796e-6
0.225, -6.532e-6
0.226, -6.249e-6
0.227, -6.014e-6
0.228, -5.731e-6
0.229, -5.526e-6
0.230, -5.253e-6
0.231, -5.019e-6
0.232, -4.755e-6
0.233, -4.589e-6
0.234, -4.364e-6
0.235, -4.130e-6
0.236, -3.866e-6
0.237, -3.671e-6
0.238, -3.447e-6
0.239, -3.203e-6
0.240, -3.066e-6
0.241, -2.812e-6
0.242, -2.597e-6
0.243, -2.412e-6
0.244, -2.216e-6
0.245, -2.002e-6
0.246, -1.836e-6
0.247, -1.621e-6
0.248, -1.445e-6
0.249, -1.230e-6
0.250, -1.035e-6
0.251, -8.006e-7
0.252, -6.249e-7
0.253, -4.198e-7
0.254, -2.636e-7
0.255, -8.787e-8
0.256, 2.246e-7
0.257, 3.222e-7
0.258, 4.687e-7
0.259, 6.639e-7
0.260, 8.397e-7
0.261, 1.015e-6
0.262, 1.289e-6
0.263, 1.396e-6
0.264, 1.523e-6
0.265, 1.826e-6
0.266, 1.933e-6
0.267, 2.168e-6
0.268, 2.314e-6
0.269, 2.470e-6
0.270, 2.753e-6
0.271, 2.910e-6
0.272, 3.056e-6
0.273, 3.242e-6
0.274, 3.417e-6
0.275, 3.681e-6
0.276, 3.837e-6
0.277, 4.003e-6
0.278, 4.218e-6
0.279, 4.335e-6
0.280, 4.609e-6
0.281, 4.716e-6
0.282, 5.058e-6
0.283, 5.097e-6
0.284, 5.331e-6
0.285, 5.536e-6
0.286, 5.741e-6
0.287, 5.975e-6
0.288, 6.112e-6
0.289, 6.356e-6
0.290, 6.561e-6
0.291, 6.757e-6
0.292, 7.020e-6
0.293, 7.235e-6
0.294, 7.469e-6
0.295, 7.547e-6
0.296, 7.879e-6
0.297, 8.084e-6
0.298, 8.299e-6
0.299, 8.455e-6
0.300, 8.787e-6
0.301, 9.080e-6
0.302, 9.305e-6
0.303, 9.569e-6
0.304, 9.705e-6
0.305, 1.008e-5
0.306, 1.029e-5
0.307, 1.065e-5
0.308, 1.097e-5
0.309, 1.113e-5
0.310, 1.148e-5
0.311, 1.170e-5
0.312, 1.198e-5
0.313, 1.222e-5
0.314, 1.246e-5
0.315, 1.269e-5
0.316, 1.304e-5
0.317, 1.329e-5
0.318, 1.353e-5
0.319, 1.377e-5
0.320, 1.400e-5
0.321, 1.434e-5
0.322, 1.466e-5
0.323, 1.508e-5
0.324, 1.533e-5
0.325, 1.557e-5
0.326, 1.590e-5
0.327, 1.618e-5
0.328, 1.648e-5
0.329, 1.670e-5
0.330, 1.704e-5
0.331, 1.751e-5
0.332, 1.776e-5
0.333, 1.811e-5
0.334, 1.845e-5
0.335, 1.876e-5
0.336, 1.910e-5
0.337, 1.944e-5
0.338, 1.981e-5
0.339, 2.018e-5
0.340, 2.056e-5
0.341, 2.087e-5
0.342, 2.129e-5
0.343, 2.171e-5
0.344, 2.215e-5
0.345, 2.248e-5
0.346, 2.281e-5
0.347, 2.334e-5
0.348, 2.373e-5
0.349, 2.414e-5
0.350, 2.456e-5
0.351, 2.498e-5
0.352, 2.536e-5
0.353, 2.576e-5
0.354, 2.615e-5
0.355, 2.658e-5
0.356, 2.697e-5
0.357, 2.743e-5
0.358, 2.786e-5
0.359, 2.825e-5
0.360, 2.869e-5
0.361, 2.908e-5
0.362, 2.953e-5
0.363, 2.988e-5
0.364, 3.038e-5
0.365, 3.087e-5
0.366, 3.138e-5
0.367, 3.184e-5
0.368, 3.233e-5
0.369, 3.286e-5
0.370, 3.340e-5
0.371, 3.383e-5
0.372, 3.437e-5
0.373, 3.496e-5
0.374, 3.554e-5
0.375, 3.611e-5
0.376, 3.663e-5
0.377, 3.723e-5
0.378, 3.774e-5
0.379, 3.829e-5
0.380, 3.891e-5
0.381, 3.928e-5
0.382, 3.996e-5
0.383, 4.060e-5
0.384, 4.120e-5
0.385, 4.178e-5
0.386, 4.232e-5
0.387, 4.301e-5
0.388, 4.376e-5
0.389, 4.443e-5
0.390, 4.518e-5
0.391, 4.591e-5
0.392, 4.665e-5
0.393, 4.750e-5
0.394, 4.816e-5
0.395, 4.900e-5
0.396, 4.983e-5
0.397, 5.040e-5
0.398, 5.136e-5
0.399, 5.218e-5
0.400, 5.305e-5
0.401, 5.386e-5
0.402, 5.488e-5
0.403, 5.581e-5
0.404, 5.699e-5
0.405, 5.798e-5
0.406, 5.913e-5
0.407, 6.026e-5
0.408, 6.139e-5
0.409, 6.233e-5
0.410, 6.138e-5
0.411, 6.356e-5
0.412, 6.528e-5
0.413, 6.661e-5
0.414, 6.829e-5
0.415, 6.985e-5
0.416, 7.153e-5
0.417, 7.343e-5
0.418, 7.506e-5
0.419, 7.668e-5
0.420, 7.851e-5
0.421, 8.036e-5
0.422, 8.271e-5
0.423, 8.515e-5
0.424, 8.773e-5
0.425, 9.028e-5
0.426, 9.307e-5
0.427, 9.615e-5
0.428, 9.950e-5
0.429, 1.030e-4
0.430, 1.070e-4
0.431, 1.114e-4
0.432, 1.160e-4
0.433, 1.211e-4
0.434, 1.264e-4
0.435, 1.326e-4
0.436, 1.396e-4
0.437, 1.467e-4
0.438, 1.548e-4
0.439, 1.637e-4
0.440, 1.732e-4
0.441, 1.839e-4
0.442, 1.954e-4
0.443, 2.080e-4
0.444, 2.217e-4
0.445, 2.369e-4
0.446, 2.529e-4
0.447, 2.707e-4
0.448, 2.900e-4
0.449, 3.109e-4
0.450, 3.333e-4
0.451, 3.580e-4
0.452, 3.840e-4
0.453, 4.124e-4
0.454, 4.429e-4
0.455, 4.752e-4
0.456, 5.097e-4
0.457, 5.465e-4
0.458, 5.854e-4
0.459, 6.262e-4
0.460, 6.694e-4
0.461, 7.151e-4
0.462, 7.631e-4
0.463, 8.127e-4
0.464, 8.638e-4
0.465, 9.161e-4
0.466, 9.693e-4
0.467, 1.024e-3
0.468, 1.078e-3
0.469, 1.133e-3
0.470, 1.187e-3
0.471, 1.241e-3
0.472, 1.294e-3
0.473, 1.346e-3
0.474, 1.396e-3
0.475, 1.446e-3
0.476, 1.493e-3
0.477, 1.539e-3
0.478, 1.583e-3
0.479, 1.624e-3
0.480, 1.663e-3
0.481, 1.699e-3
0.482, 1.733e-3
0.483, 1.764e-3
0.484, 1.792e-3
0.485, 1.818e-3
0.486, 1.841e-3
0.487, 1.860e-3
0.488, 1.877e-3
0.489, 1.890e-3
0.490, 1.901e-3
0.491, 1.907e-3
0.492, 1.910e-3
0.493, 1.910e-3
0.494, 1.907e-3
0.495, 1.900e-3
0.496, 1.889e-3
0.497, 1.875e-3
0.498, 1.857e-3
0.499, 1.835e-3
0.500, 1.810e-3
0.501, 1.782e-3
0.502, 1.750e-3
0.503, 1.716e-3
0.504, 1.679e-3
0.505, 1.639e-3
0.506, 1.597e-3
0.507, 1.553e-3
0.508, 1.508e-3
0.509, 1.461e-3
0.510, 1.415e-3
0.511, 1.368e-3
0.512, 1.323e-3
0.513, 1.278e-3
0.514, 1.232e-3
0.515, 1.187e-3
0.516, 1.143e-3
0.517, 1.100e-3
0.518, 1.059e-3
0.519, 1.019e-3
0.520, 9.805e-4
0.521, 9.428e-4
0.522, 9.064e-4
0.523, 8.711e-4
0.524, 8.368e-4
0.525, 8.035e-4
0.526, 7.714e-4
0.527, 7.407e-4
0.528, 7.116e-4
0.529, 6.834e-4
0.530, 6.566e-4
0.531, 6.308e-4
0.532, 6.064e-4
0.533, 5.833e-4
0.534, 5.612e-4
0.535, 5.402e-4
0.536, 5.203e-4
0.537, 5.021e-4
0.538, 4.848e-4
0.539, 4.682e-4
0.540, 4.532e-4
0.541, 4.388e-4
0.542, 4.253e-4
0.543, 4.130e-4
0.544, 4.015e-4
0.545, 3.907e-4
0.546, 3.805e-4
0.547, 3.715e-4
0.548, 3.631e-4
0.549, 3.553e-4
0.550, 3.479e-4
0.551, 3.407e-4
0.552, 3.350e-4
0.553, 3.297e-4
0.554, 3.242e-4
0.555, 3.200e-4
0.556, 3.158e-4
0.557, 3.123e-4
0.558, 3.088e-4
0.559, 3.059e-4
0.560, 3.030e-4
0.561, 3.004e-4
0.562, 2.982e-4
0.563, 2.967e-4
0.564, 2.958e-4
0.565, 2.946e-4
0.566, 2.937e-4
0.567, 2.930e-4
0.568, 2.926e-4
0.569, 2.929e-4
0.570, 2.930e-4
0.571, 2.936e-4
0.572, 2.944e-4
0.573, 2.953e-4
0.574, 2.968e-4
0.575, 2.984e-4
0.576, 2.998e-4
0.577, 3.025e-4
0.578, 3.050e-4
0.579, 3.080e-4
0.580, 3.107e-4
0.581, 3.140e-4
0.582, 3.181e-4
0.583, 3.220e-4
0.584, 3.264e-4
0.585, 3.315e-4
0.586, 3.365e-4
0.587, 3.420e-4
0.588, 3.476e-4
0.589, 3.544e-4
0.590, 3.609e-4
0.591, 3.678e-4
0.592, 3.748e-4
0.593, 3.829e-4
0.594, 3.910e-4
0.595, 4.001e-4
0.596, 4.093e-4
0.597, 4.186e-4
0.598, 4.291e-4
0.599, 4.393e-4
0.600, 4.504e-4
0.601, 4.617e-4
0.602, 4.727e-4
0.603, 4.857e-4
0.604, 4.990e-4
0.605, 5.125e-4
0.606, 5.264e-4
0.607, 5.407e-4
0.608, 5.563e-4
0.609, 5.722e-4
0.610, 5.882e-4
0.611, 6.049e-4
0.612, 6.220e-4
0.613, 6.401e-4
0.614, 6.582e-4
0.615, 6.758e-4
0.616, 6.964e-4
0.617, 7.170e-4
0.618, 7.378e-4
0.619, 7.594e-4
0.620, 7.816e-4
0.621, 8.043e-4
0.622, 8.280e-4
0.623, 8.518e-4
0.624, 8.762e-4
0.625, 9.013e-4
0.626, 9.270e-4
0.627, 9.528e-4
0.628, 9.794e-4
0.629, 1.006e-3
0.630, 1.034e-3
0.631, 1.063e-3
0.632, 1.092e-3
0.633, 1.122e-3
0.634, 1.152e-3
0.635, 1.182e-3
0.636, 1.214e-3
0.637, 1.246e-3
0.638, 1.278e-3
0.639, 1.311e-3
0.640, 1.345e-3
0.641, 1.379e-3
0.642, 1.414e-3
0.643, 1.449e-3
0.644, 1.484e-3
0.645, 1.520e-3
0.646, 1.557e-3
0.647, 1.594e-3
0.648, 1.632e-3
0.649, 1.670e-3
0.650, 1.708e-3
0.651, 1.747e-3
0.652, 1.786e-3
0.653, 1.825e-3
0.654, 1.866e-3
0.655, 1.907e-3
0.656, 1.948e-3
0.657, 1.990e-3
0.658, 2.031e-3
0.659, 2.074e-3
0.660, 2.117e-3
0.661, 2.160e-3
0.662, 2.204e-3
0.663, 2.247e-3
0.664, 2.292e-3
0.665, 2.336e-3
0.666, 2.382e-3
0.667, 2.428e-3
0.668, 2.474e-3
0.669, 2.519e-3
0.670, 2.566e-3
0.671, 2.612e-3
0.672, 2.659e-3
0.673, 2.707e-3
0.674, 2.754e-3
0.675, 2.803e-3
0.676, 2.851e-3
0.677, 2.900e-3
0.678, 2.948e-3
0.679, 2.997e-3
0.680, 3.047e-3
0.681, 3.097e-3
0.682, 3.147e-3
0.683, 3.197e-3
0.684, 3.248e-3
0.685, 3.299e-3
0.686, 3.350e-3
0.687, 3.402e-3
0.688, 3.453e-3
0.689, 3.506e-3
0.690, 3.558e-3
0.691, 3.611e-3
0.692, 3.664e-3
0.693, 3.717e-3
0.694, 3.770e-3
0.695, 3.823e-3
0.696, 3.877e-3
0.697, 3.931e-3
0.698, 3.985e-3
0.699, 4.040e-3
0.700, 4.094e-3
0.701, 4.149e-3
0.702, 4.203e-3
0.703, 4.259e-3
0.704, 4.313e-3
0.705, 4.369e-3
0.706, 4.424e-3
0.707, 4.480e-3
0.708, 4.536e-3
0.709, 4.592e-3
0.710, 4.648e-3
0.711, 4.705e-3
0.712, 4.762e-3
0.713, 4.819e-3
0.714, 4.876e-3
0.715, 4.933e-3
0.716, 4.990e-3
0.717, 5.050e-3
0.718, 5.110e-3
0.719, 5.168e-3
0.720, 5.226e-3
0.721, 5.284e-3
0.722, 5.342e-3
0.723, 5.401e-3
0.724, 5.460e-3
0.725, 5.519e-3
0.726, 5.578e-3
0.727, 5.637e-3
0.728, 5.696e-3
0.729, 5.755e-3
0.730, 5.814e-3
0.731, 5.873e-3
0.732, 5.932e-3
0.733, 5.992e-3
0.734, 6.052e-3
0.735, 6.112e-3
0.736, 6.173e-3
0.737, 6.233e-3
0.738, 6.294e-3
0.739, 6.354e-3
0.740, 6.415e-3
0.741, 6.475e-3
0.742, 6.536e-3
0.743, 6.598e-3
0.744, 6.660e-3
0.745, 6.721e-3
0.746, 6.782e-3
0.747, 6.843e-3
0.748, 6.905e-3
0.749, 6.967e-3
0.750, 7.029e-3
0.751, 7.091e-3
0.752, 7.153e-3
0.753, 7.215e-3
0.754, 7.276e-3
0.755, 7.339e-3
0.756, 7.400e-3
0.757, 7.462e-3
0.758, 7.525e-3
0.759, 7.587e-3
0.760, 7.649e-3
0.761, 7.712e-3
0.762, 7.776e-3
0.763, 7.839e-3
0.764, 7.902e-3
0.765, 7.965e-3
0.766, 8.028e-3
0.767, 8.091e-3
0.768, 8.155e-3
0.769, 8.219e-3
0.770, 8.282e-3
0.771, 8.346e-3
0.772, 8.409e-3
0.773, 8.473e-3
0.774, 8.537e-3
0.775, 8.601e-3
0.776, 8.665e-3
0.777, 8.729e-3
0.778, 8.793e-3
0.779, 8.857e-3
0.780, 8.921e-3
0.781, 8.985e-3
0.782, 9.049e-3
0.783, 9.113e-3
0.784, 9.178e-3
0.785, 9.242e-3
0.786, 9.306e-3
0.787, 9.371e-3
0.788, 9.436e-3
0.789, 9.500e-3
0.790, 9.565e-3
0.791, 9.630e-3
0.792, 9.694e-3
0.793, 9.760e-3
0.794, 9.825e-3
0.795, 9.891e-3
0.796, 9.956e-3
0.797, 1.002e-2
0.798, 1.009e-2
0.799, 1.015e-2
0.800, 1.020e-2
0.799, 1.015e-2
0.798, 1.008e-2
0.797, 1.001e-2
0.796, 9.947e-3
0.795, 9.880e-3
0.794, 9.812e-3
0.793, 9.745e-3
0.792, 9.678e-3
0.791, 9.611e-3
0.790, 9.545e-3
0.789, 9.478e-3
0.788, 9.412e-3
0.787, 9.345e-3
0.786, 9.279e-3
0.785, 9.213e-3
0.784, 9.147e-3
0.783, 9.081e-3
0.782, 9.016e-3
0.781, 8.951e-3
0.780, 8.886e-3
0.779, 8.820e-3
0.778, 8.755e-3
0.777, 8.690e-3
0.776, 8.625e-3
0.775, 8.559e-3
0.774, 8.494e-3
0.773, 8.429e-3
0.772, 8.364e-3
0.771, 8.300e-3
0.770, 8.235e-3
0.769, 8.170e-3
0.768, 8.106e-3
0.767, 8.041e-3
0.766, 7.977e-3
0.765, 7.913e-3
0.764, 7.849e-3
0.763, 7.785e-3
0.762, 7.721e-3
0.761, 7.657e-3
0.760, 7.594e-3
0.759, 7.530e-3
0.758, 7.468e-3
0.757, 7.404e-3
0.756, 7.341e-3
0.755, 7.279e-3
0.754, 7.216e-3
0.753, 7.154e-3
0.752, 7.091e-3
0.751, 7.028e-3
0.750, 6.966e-3
0.749, 6.903e-3
0.748, 6.841e-3
0.747, 6.780e-3
0.746, 6.717e-3
0.745, 6.655e-3
0.744, 6.593e-3
0.743, 6.531e-3
0.742, 6.470e-3
0.741, 6.408e-3
0.740, 6.347e-3
0.739, 6.286e-3
0.738, 6.224e-3
0.737, 6.163e-3
0.736, 6.103e-3
0.735, 6.043e-3
0.734, 5.982e-3
0.733, 5.922e-3
0.732, 5.862e-3
0.731, 5.802e-3
0.730, 5.742e-3
0.729, 5.683e-3
0.728, 5.624e-3
0.727, 5.564e-3
0.726, 5.505e-3
0.725, 5.445e-3
0.724, 5.386e-3
0.723, 5.327e-3
0.722, 5.269e-3
0.721, 5.210e-3
0.720, 5.152e-3
0.719, 5.093e-3
0.718, 5.035e-3
0.717, 4.976e-3
0.716, 4.916e-3
0.715, 4.859e-3
0.714, 4.802e-3
0.713, 4.744e-3
0.712, 4.687e-3
0.711, 4.630e-3
0.710, 4.573e-3
0.709, 4.517e-3
0.708, 4.461e-3
0.707, 4.405e-3
0.706, 4.349e-3
0.705, 4.294e-3
0.704, 4.239e-3
0.703, 4.184e-3
0.702, 4.128e-3
0.701, 4.074e-3
0.700, 4.019e-3
0.699, 3.965e-3
0.698, 3.910e-3
0.697, 3.856e-3
0.696, 3.802e-3
0.695, 3.748e-3
0.694, 3.695e-3
0.693, 3.642e-3
0.692, 3.589e-3
0.691, 3.536e-3
0.690, 3.483e-3
0.689, 3.431e-3
0.688, 3.379e-3
0.687, 3.327e-3
0.686, 3.275e-3
0.685, 3.224e-3
0.684, 3.173e-3
0.683, 3.122e-3
0.682, 3.072e-3
0.681, 3.022e-3
0.680, 2.972e-3
0.679, 2.922e-3
0.678, 2.873e-3
0.677, 2.824e-3
0.676, 2.775e-3
0.675, 2.727e-3
0.674, 2.679e-3
0.673, 2.631e-3
0.672, 2.584e-3
0.671, 2.536e-3
0.670, 2.489e-3
0.669, 2.443e-3
0.668, 2.397e-3
0.667, 2.350e-3
0.666, 2.304e-3
0.665, 2.259e-3
0.664, 2.214e-3
0.663, 2.169e-3
0.662, 2.125e-3
0.661, 2.081e-3
0.660, 2.037e-3
0.659, 1.994e-3
0.658, 1.951e-3
0.657, 1.908e-3
0.656, 1.866e-3
0.655, 1.824e-3
0.654, 1.782e-3
0.653, 1.742e-3
0.652, 1.701e-3
0.651, 1.661e-3
0.650, 1.621e-3
0.649, 1.582e-3
0.648, 1.543e-3
0.647, 1.504e-3
0.646, 1.466e-3
0.645, 1.428e-3
0.644, 1.391e-3
0.643, 1.354e-3
0.642, 1.318e-3
0.641, 1.282e-3
0.640, 1.246e-3
0.639, 1.211e-3
0.638, 1.176e-3
0.637, 1.143e-3
0.636, 1.109e-3
0.635, 1.076e-3
0.634, 1.043e-3
0.633, 1.011e-3
0.632, 9.796e-4
0.631, 9.487e-4
0.630, 9.179e-4
0.629, 8.875e-4
0.628, 8.579e-4
0.627, 8.291e-4
0.626, 8.002e-4
0.625, 7.719e-4
0.624, 7.443e-4
0.623, 7.169e-4
0.622, 6.902e-4
0.621, 6.641e-4
0.620, 6.389e-4
0.619, 6.136e-4
0.618, 5.892e-4
0.617, 5.653e-4
0.616, 5.417e-4
0.615, 5.189e-4
0.614, 4.980e-4
0.613, 4.754e-4
0.612, 4.542e-4
0.611, 4.333e-4
0.610, 4.123e-4
0.609, 3.925e-4
0.608, 3.729e-4
0.607, 3.540e-4
0.606, 3.358e-4
0.605, 3.180e-4
0.604, 3.008e-4
0.603, 2.840e-4
0.602, 2.674e-4
0.601, 2.517e-4
0.600, 2.367e-4
0.599, 2.214e-4
0.598, 2.073e-4
0.597, 1.931e-4
0.596, 1.795e-4
0.595, 1.668e-4
0.594, 1.538e-4
0.593, 1.417e-4
0.592, 1.298e-4
0.591, 1.186e-4
0.590, 1.077e-4
0.589, 9.656e-5
0.588, 8.614e-5
0.587, 7.632e-5
0.586, 6.686e-5
0.585, 5.789e-5
0.584, 4.895e-5
0.583, 4.048e-5
0.582, 3.252e-5
0.581, 2.479e-5
0.580, 1.726e-5
0.579, 1.022e-5
0.578, 2.812e-6
0.577, -4.071e-6
0.576, -1.031e-5
0.575, -1.687e-5
0.574, -2.253e-5
0.573, -2.793e-5
0.572, -3.329e-5
0.571, -3.883e-5
0.570, -4.382e-5
0.569, -4.885e-5
0.568, -5.344e-5
0.567, -5.802e-5
0.566, -6.253e-5
0.565, -6.679e-5
0.564, -7.047e-5
0.563, -7.476e-5
0.562, -7.855e-5
0.561, -8.148e-5
0.560, -8.487e-5
0.559, -8.858e-5
0.558, -9.160e-5
0.557, -9.462e-5
0.556, -9.766e-5
0.555, -1.003e-4
0.554, -1.033e-4
0.553, -1.054e-4
0.552, -1.078e-4
0.551, -1.109e-4
0.550, -1.125e-4
0.549, -1.153e-4
0.548, -1.177e-4
0.547, -1.195e-4
0.546, -1.217e-4
0.545, -1.236e-4
0.544, -1.260e-4
0.543, -1.282e-4
0.542, -1.297e-4
0.541, -1.317e-4
0.540, -1.333e-4
0.539, -1.349e-4
0.538, -1.371e-4
0.537, -1.392e-4
0.536, -1.407e-4
0.535, -1.422e-4
0.534, -1.435e-4
0.533, -1.452e-4
0.532, -1.464e-4
0.531, -1.479e-4
0.530, -1.497e-4
0.529, -1.513e-4
0.528, -1.528e-4
0.527, -1.543e-4
0.526, -1.554e-4
0.525, -1.567e-4
0.524, -1.577e-4
0.523, -1.594e-4
0.522, -1.609e-4
0.521, -1.621e-4
0.520, -1.637e-4
0.519, -1.654e-4
0.518, -1.665e-4
0.517, -1.681e-4
0.516, -1.692e-4
0.515, -1.704e-4
0.514, -1.719e-4
0.513, -1.732e-4
0.512, -1.764e-4
0.511, -1.781e-4
0.510, -1.785e-4
0.509, -1.791e-4
0.508, -1.805e-4
0.507, -1.819e-4
0.506, -1.831e-4
0.505, -1.846e-4
0.504, -1.863e-4
0.503, -1.876e-4
0.502, -1.889e-4
0.501, -1.904e-4
0.500, -1.916e-4
0.499, -1.925e-4
0.498, -1.945e-4
0.497, -1.964e-4
0.496, -1.979e-4
0.495, -1.995e-4
0.494, -2.009e-4
0.493, -2.029e-4
0.492, -2.051e-4
0.491, -2.065e-4
0.490, -2.085e-4
0.489, -2.106e-4
0.488, -2.127e-4
0.487, -2.148e-4
0.486, -2.169e-4
0.485, -2.188e-4
0.484, -2.211e-4
0.483, -2.228e-4
0.482, -2.252e-4
0.481, -2.276e-4
0.480, -2.300e-4
0.479, -2.325e-4
0.478, -2.350e-4
0.477, -2.375e-4
0.476, -2.402e-4
0.475, -2.430e-4
0.474, -2.459e-4
0.473, -2.483e-4
0.472, -2.518e-4
0.471, -2.548e-4
0.470, -2.581e-4
0.469, -2.618e-4
0.468, -2.653e-4
0.467, -2.691e-4
0.466, -2.732e-4
0.465, -2.770e-4
0.464, -2.809e-4
0.463, -2.855e-4
0.462, -2.897e-4
0.461, -2.946e-4
0.460, -2.997e-4
0.459, -3.043e-4
0.458, -3.099e-4
0.457, -3.149e-4
0.456, -3.204e-4
0.455, -3.261e-4
0.454, -3.323e-4
0.453, -3.389e-4
0.452, -3.453e-4
0.451, -3.518e-4
0.450, -3.590e-4
0.449, -3.659e-4
0.448, -3.732e-4
0.447, -3.810e-4
0.446, -3.895e-4
0.445, -3.970e-4
0.444, -4.054e-4
0.443, -4.145e-4
0.442, -4.239e-4
0.441, -4.335e-4
0.440, -4.435e-4
0.439, -4.537e-4
0.438, -4.636e-4
0.437, -4.745e-4
0.436, -4.853e-4
0.435, -4.974e-4
0.434, -5.094e-4
0.433, -5.207e-4
0.432, -5.329e-4
0.431, -5.457e-4
0.430, -5.581e-4
0.429, -5.705e-4
0.428, -5.831e-4
0.427, -5.965e-4
0.426, -6.096e-4
0.425, -6.229e-4
0.424, -6.364e-4
0.423, -6.501e-4
0.422, -6.630e-4
0.421, -6.772e-4
0.420, -6.908e-4
0.419, -7.046e-4
0.418, -7.185e-4
0.417, -7.326e-4
0.416, -7.465e-4
0.415, -7.605e-4
0.414, -7.745e-4
0.413, -7.890e-4
0.412, -8.027e-4
0.411, -8.165e-4
0.410, -8.282e-4
0.409, -8.333e-4
0.408, -8.485e-4
0.407, -8.637e-4
0.406, -8.786e-4
0.405, -8.931e-4
0.404, -9.077e-4
0.403, -9.229e-4
0.402, -9.380e-4
0.401, -9.530e-4
0.400, -9.680e-4
0.399, -9.830e-4
0.398, -9.980e-4
0.397, -1.013e-3
0.396, -1.028e-3
0.395, -1.044e-3
0.394, -1.059e-3
0.393, -1.074e-3
0.392, -1.089e-3
0.391, -1.105e-3
0.390, -1.120e-3
0.389, -1.135e-3
0.388, -1.149e-3
0.387, -1.164e-3
0.386, -1.178e-3
0.385, -1.192e-3
0.384, -1.206e-3
0.383, -1.219e-3
0.382, -1.231e-3
0.381, -1.243e-3
0.380, -1.253e-3
0.379, -1.263e-3
0.378, -1.272e-3
0.377, -1.279e-3
0.376, -1.286e-3
0.375, -1.291e-3
0.374, -1.295e-3
0.373, -1.297e-3
0.372, -1.297e-3
0.371, -1.295e-3
0.370, -1.291e-3
0.369, -1.286e-3
0.368, -1.278e-3
0.367, -1.267e-3
0.366, -1.254e-3
0.365, -1.238e-3
0.364, -1.220e-3
0.363, -1.199e-3
0.362, -1.175e-3
0.361, -1.148e-3
0.360, -1.119e-3
0.359, -1.088e-3
0.358, -1.055e-3
0.357, -1.020e-3
0.356, -9.824e-4
0.355, -9.439e-4
0.354, -9.044e-4
0.353, -8.640e-4
0.352, -8.237e-4
0.351, -7.835e-4
0.350, -7.432e-4
0.349, -7.041e-4
0.348, -6.662e-4
0.347, -6.295e-4
0.346, -5.945e-4
0.345, -5.610e-4
0.344, -5.293e-4
0.343, -4.997e-4
0.342, -4.714e-4
0.341, -4.454e-4
0.340, -4.208e-4
0.339, -3.982e-4
0.338, -3.774e-4
0.337, -3.578e-4
0.336, -3.391e-4
0.335, -3.222e-4
0.334, -3.065e-4
0.333, -2.918e-4
0.332, -2.782e-4
0.331, -2.656e-4
0.330, -2.534e-4
0.329, -2.426e-4
0.328, -2.322e-4
0.327, -2.226e-4
0.326, -2.139e-4
0.325, -2.053e-4
0.324, -1.973e-4
0.323, -1.901e-4
0.322, -1.833e-4
0.321, -1.769e-4
0.320, -1.708e-4
0.319, -1.652e-4
0.318, -1.597e-4
0.317, -1.544e-4
0.316, -1.495e-4
0.315, -1.449e-4
0.314, -1.407e-4
0.313, -1.366e-4
0.312, -1.325e-4
0.311, -1.288e-4
0.310, -1.251e-4
0.309, -1.217e-4
0.308, -1.188e-4
0.307, -1.162e-4
0.306, -1.131e-4
0.305, -1.098e-4
0.304, -1.071e-4
0.303, -1.046e-4
0.302, -1.022e-4
0.301, -9.975e-5
0.300, -9.733e-5
0.299, -9.523e-5
0.298, -9.309e-5
0.297, -9.119e-5
0.296, -8.931e-5
0.295, -8.733e-5
0.294, -8.526e-5
0.293, -8.352e-5
0.292, -8.188e-5
0.291, -8.020e-5
0.290, -7.873e-5
0.289, -7.723e-5
0.288, -7.561e-5
0.287, -7.421e-5
0.286, -7.281e-5
0.285, -7.138e-5
0.284, -7.026e-5
0.283, -6.910e-5
0.282, -6.810e-5
0.281, -6.711e-5
0.280, -6.605e-5
0.279, -6.495e-5
0.278, -6.370e-5
0.277, -6.256e-5
0.276, -6.138e-5
0.275, -6.023e-5
0.274, -5.933e-5
0.273, -5.837e-5
0.272, -5.746e-5
0.271, -5.662e-5
0.270, -5.574e-5
0.269, -5.489e-5
0.268, -5.414e-5
0.267, -5.329e-5
0.266, -5.249e-5
0.265, -5.179e-5
0.264, -5.096e-5
0.263, -5.036e-5
0.262, -4.955e-5
0.261, -4.878e-5
0.260, -4.817e-5
0.259, -4.747e-5
0.258, -4.688e-5
0.257, -4.624e-5
0.256, -4.566e-5
0.255, -4.513e-5
0.254, -4.458e-5
0.253, -4.402e-5
0.252, -4.356e-5
0.251, -4.300e-5
0.250, -4.261e-5
0.249, -4.207e-5
0.248, -4.147e-5
0.247, -4.105e-5
0.246, -4.056e-5
0.245, -4.003e-5
0.244, -3.956e-5
0.243, -3.895e-5
0.242, -3.858e-5
0.241, -3.812e-5
0.240, -3.759e-5
0.239, -3.722e-5
0.238, -3.674e-5
0.237, -3.633e-5
0.236, -3.583e-5
0.235, -3.553e-5
0.234, -3.519e-5
0.233, -3.476e-5
0.232, -3.432e-5
0.231, -3.396e-5
0.230, -3.363e-5
0.229, -3.325e-5
0.228, -3.296e-5
0.227, -3.262e-5
0.226, -3.226e-5
0.225, -3.199e-5
0.224, -3.164e-5
0.223, -3.143e-5
0.222, -3.107e-5
0.221, -3.072e-5
0.220, -3.049e-5
0.219, -3.012e-5
0.218, -2.983e-5
0.217, -2.957e-5
0.216, -2.941e-5
0.215, -2.908e-5
0.214, -2.879e-5
0.213, -2.859e-5
0.212, -2.834e-5
0.211, -2.813e-5
0.210, -2.776e-5
0.209, -2.749e-5
0.208, -2.730e-5
0.207, -2.708e-5
0.206, -2.687e-5
0.205, -2.656e-5
0.204, -2.634e-5
0.203, -2.617e-5
0.202, -2.596e-5
0.201, -2.577e-5
0.200, -2.372e-5
0.201, -1.980e-5
0.202, -1.837e-5
0.203, -1.728e-5
0.204, -1.634e-5
0.205, -1.563e-5
0.206, -1.483e-5
0.207, -1.410e-5
0.208, -1.343e-5
0.209, -1.279e-5
0.210, -1.232e-5
0.211, -1.176e-5
0.212, -1.121e-5
0.213, -1.080e-5
0.214, -1.042e-5
0.215, -1.002e-5
0.216, -9.676e-6
0.217, -9.246e-6
0.218, -9.002e-6
0.219, -8.582e-6
0.220, -8.241e-6
0.221, -7.918e-6
0.222, -7.606e-6
0.223, -7.342e-6
0.224, -7.020e-6
0.225, -6.786e-6
0.226, -6.473e-6
0.227, -6.268e-6
0.228, -5.995e-6
0.229, -5.741e-6
0.230, -5.526e-6
0.231, -5.311e-6
0.232, -5.038e-6
0.233, -4.774e-6
0.234, -4.550e-6
0.235, -4.345e-6
0.236, -4.111e-6
0.237, -3.906e-6
0.238, -3.749e-6
0.239, -3.388e-6
0.240, -3.232e-6
0.241, -2.997e-6
0.242, -2.812e-6
0.243, -2.578e-6
0.244, -2.353e-6
0.245, -2.148e-6
0.246, -2.021e-6
0.247, -1.845e-6
0.248, -1.631e-6
0.249, -1.338e-6
0.250, -1.250e-6
0.251, -1.025e-6
0.252, -8.397e-7
0.253, -6.542e-7
0.254, -3.906e-7
0.255, -2.050e-7
0.256, -5.858e-8
0.257, 1.855e-7
0.258, 3.417e-7
0.259, 4.882e-7
0.260, 6.932e-7
0.261, 8.299e-7
0.262, 1.094e-6
0.263, 1.299e-6
0.264, 1.465e-6
0.265, 1.582e-6
0.266, 1.797e-6
0.267, 2.031e-6
0.268, 2.168e-6
0.269, 2.353e-6
0.270, 2.539e-6
0.271, 2.714e-6
0.272, 2.958e-6
0.273, 3.115e-6
0.274, 3.290e-6
0.275, 3.505e-6
0.276, 3.691e-6
0.277, 3.915e-6
0.278, 4.091e-6
0.279, 4.237e-6
0.280, 4.423e-6
0.281, 4.687e-6
0.282, 4.872e-6
0.283, 5.028e-6
0.284, 5.233e-6
0.285, 5.429e-6
0.286, 5.565e-6
0.287, 5.839e-6
0.288, 6.044e-6
0.289, 6.190e-6
0.290, 6.415e-6
0.291, 6.698e-6
0.292, 6.883e-6
0.293, 7.089e-6
0.294, 7.206e-6
0.295, 7.499e-6
0.296, 7.782e-6
0.297, 7.997e-6
0.298, 8.211e-6
0.299, 8.465e-6
0.300, 8.700e-6
0.301, 8.963e-6
0.302, 9.207e-6
0.303, 9.461e-6
0.304, 9.725e-6
0.305, 1.003e-5
0.306, 1.027e-5
0.307, 1.066e-5
0.308, 1.091e-5
0.309, 1.107e-5
0.310, 1.133e-5
0.311, 1.159e-5
0.312, 1.181e-5
0.313, 1.215e-5
0.314, 1.239e-5
0.315, 1.276e-5
0.316, 1.298e-5
0.317, 1.327e-5
0.318, 1.356e-5
0.319, 1.385e-5
0.320, 1.409e-5
0.321, 1.439e-5
0.322, 1.463e-5
0.323, 1.496e-5
0.324, 1.534e-5
0.325, 1.565e-5
0.326, 1.598e-5
0.327, 1.619e-5
0.328, 1.641e-5
0.329, 1.687e-5
0.330, 1.710e-5
0.331, 1.742e-5
0.332, 1.783e-5
0.333, 1.822e-5
0.334, 1.846e-5
0.335, 1.885e-5
0.336, 1.917e-5
0.337, 1.962e-5
0.338, 1.989e-5
0.339, 2.031e-5
0.340, 2.074e-5
0.341, 2.107e-5
0.342, 2.142e-5
0.343, 2.189e-5
0.344, 2.221e-5
0.345, 2.260e-5
0.346, 2.294e-5
0.347, 2.340e-5
0.348, 2.380e-5
0.349, 2.419e-5
0.350, 2.468e-5
0.351, 2.503e-5
0.352, 2.554e-5
0.353, 2.593e-5
0.354, 2.628e-5
0.355, 2.672e-5
0.356, 2.715e-5
0.357, 2.763e-5
0.358, 2.802e-5
0.359, 2.844e-5
0.360, 2.886e-5
0.361, 2.930e-5
0.362, 2.966e-5
0.363, 3.015e-5
0.364, 3.063e-5
0.365, 3.112e-5
0.366, 3.160e-5
0.367, 3.212e-5
0.368, 3.258e-5
0.369, 3.307e-5
0.370, 3.359e-5
0.371, 3.419e-5
0.372, 3.463e-5
0.373, 3.522e-5
0.374, 3.586e-5
0.375, 3.640e-5
0.376, 3.689e-5
0.377, 3.753e-5
0.378, 3.805e-5
0.379, 3.864e-5
0.380, 3.912e-5
0.381, 3.971e-5
0.382, 4.033e-5
0.383, 4.094e-5
0.384, 4.153e-5
0.385, 4.221e-5
0.386, 4.278e-5
0.387, 4.337e-5
0.388, 4.421e-5
0.389, 4.482e-5
0.390, 4.567e-5
0.391, 4.639e-5
0.392, 4.718e-5
0.393, 4.793e-5
0.394, 4.870e-5
0.395, 4.953e-5
0.396, 5.035e-5
0.397, 5.096e-5
0.398, 5.184e-5
0.399, 5.274e-5
0.400, 5.358e-5
0.401, 5.469e-5
0.402, 5.542e-5
0.403, 5.649e-5
0.404, 5.758e-5
0.405, 5.874e-5
0.406, 5.985e-5
0.407, 6.091e-5
0.408, 6.211e-5
0.409, 6.294e-5
0.410, 6.206e-5
0.411, 6.430e-5
0.412, 6.600e-5
0.413, 6.749e-5
0.414, 6.914e-5
0.415, 7.073e-5
0.416, 7.241e-5
0.417, 7.419e-5
0.418, 7.591e-5
0.419, 7.758e-5
0.420, 7.944e-5
0.421, 8.149e-5
0.422, 8.397e-5
0.423, 8.632e-5
0.424, 8.884e-5
0.425, 9.157e-5
0.426, 9.421e-5
0.427, 9.746e-5
0.428, 1.010e-4
0.429, 1.047e-4
0.430, 1.088e-4
0.431, 1.132e-4
0.432, 1.178e-4
0.433, 1.232e-4
0.434, 1.285e-4
0.435, 1.352e-4
0.436, 1.422e-4
0.437, 1.497e-4
0.438, 1.582e-4
0.439, 1.672e-4
0.440, 1.768e-4
0.441, 1.882e-4
0.442, 1.999e-4
0.443, 2.130e-4
0.444, 2.270e-4
0.445, 2.424e-4
0.446, 2.594e-4
0.447, 2.776e-4
0.448, 2.977e-4
0.449, 3.189e-4
0.450, 3.424e-4
0.451, 3.673e-4
0.452, 3.944e-4
0.453, 4.238e-4
0.454, 4.549e-4
0.455, 4.878e-4
0.456, 5.231e-4
0.457, 5.608e-4
0.458, 6.002e-4
0.459, 6.422e-4
0.460, 6.864e-4
0.461, 7.327e-4
0.462, 7.815e-4
0.463, 8.318e-4
0.464, 8.836e-4
0.465, 9.370e-4
0.466, 9.910e-4
0.467, 1.046e-3
0.468, 1.101e-3
0.469, 1.156e-3
0.470, 1.211e-3
0.471, 1.265e-3
0.472, 1.319e-3
0.473, 1.371e-3
0.474, 1.422e-3
0.475, 1.472e-3
0.476, 1.520e-3
0.477, 1.566e-3
0.478, 1.610e-3
0.479, 1.652e-3
0.480, 1.691e-3
0.481, 1.729e-3
0.482, 1.763e-3
0.483, 1.795e-3
0.484, 1.824e-3
0.485, 1.850e-3
0.486, 1.873e-3
0.487, 1.894e-3
0.488, 1.912e-3
0.489, 1.927e-3
0.490, 1.937e-3
0.491, 1.946e-3
0.492, 1.950e-3
0.493, 1.951e-3
0.494, 1.949e-3
0.495, 1.942e-3
0.496, 1.932e-3
0.497, 1.919e-3
0.498, 1.902e-3
0.499, 1.881e-3
0.500, 1.856e-3
0.501, 1.829e-3
0.502, 1.798e-3
0.503, 1.763e-3
0.504, 1.726e-3
0.505, 1.686e-3
0.506, 1.644e-3
0.507, 1.600e-3
0.508, 1.554e-3
0.509, 1.506e-3
0.510, 1.458e-3
0.511, 1.410e-3
0.512, 1.363e-3
0.513, 1.317e-3
0.514, 1.269e-3
0.515, 1.223e-3
0.516, 1.177e-3
0.517, 1.133e-3
0.518, 1.090e-3
0.519, 1.048e-3
0.520, 1.008e-3
0.521, 9.685e-4
0.522, 9.303e-4
0.523, 8.934e-4
0.524, 8.576e-4
0.525, 8.226e-4
0.526, 7.896e-4
0.527, 7.576e-4
0.528, 7.265e-4
0.529, 6.970e-4
0.530, 6.688e-4
0.531, 6.420e-4
0.532, 6.163e-4
0.533, 5.924e-4
0.534, 5.697e-4
0.535, 5.476e-4
0.536, 5.272e-4
0.537, 5.079e-4
0.538, 4.901e-4
0.539, 4.729e-4
0.540, 4.574e-4
0.541, 4.427e-4
0.542, 4.289e-4
0.543, 4.159e-4
0.544, 4.041e-4
0.545, 3.933e-4
0.546, 3.829e-4
0.547, 3.735e-4
0.548, 3.652e-4
0.549, 3.571e-4
0.550, 3.497e-4
0.551, 3.429e-4
0.552, 3.367e-4
0.553, 3.312e-4
0.554, 3.258e-4
0.555, 3.213e-4
0.556, 3.173e-4
0.557, 3.137e-4
0.558, 3.107e-4
0.559, 3.075e-4
0.560, 3.046e-4
0.561, 3.023e-4
0.562, 3.002e-4
0.563, 2.989e-4
0.564, 2.978e-4
0.565, 2.964e-4
0.566, 2.957e-4
0.567, 2.951e-4
0.568, 2.950e-4
0.569, 2.950e-4
0.570, 2.952e-4
0.571, 2.960e-4
0.572, 2.966e-4
0.573, 2.980e-4
0.574, 2.996e-4
0.575, 3.011e-4
0.576, 3.032e-4
0.577, 3.057e-4
0.578, 3.084e-4
0.579, 3.112e-4
0.580, 3.147e-4
0.581, 3.183e-4
0.582, 3.218e-4
0.583, 3.262e-4
0.584, 3.311e-4
0.585, 3.360e-4
0.586, 3.412e-4
0.587, 3.468e-4
0.588, 3.530e-4
0.589, 3.597e-4
0.590, 3.667e-4
0.591, 3.734e-4
0.592, 3.811e-4
0.593, 3.896e-4
0.594, 3.978e-4
0.595, 4.071e-4
0.596, 4.166e-4
0.597, 4.260e-4
0.598, 4.369e-4
0.599, 4.473e-4
0.600, 4.585e-4
0.601, 4.701e-4
0.602, 4.824e-4
0.603, 4.953e-4
0.604, 5.088e-4
0.605, 5.225e-4
0.606, 5.373e-4
0.607, 5.521e-4
0.608, 5.677e-4
0.609, 5.840e-4
0.610, 6.004e-4
0.611, 6.174e-4
0.612, 6.355e-4
0.613, 6.538e-4
0.614, 6.723e-4
0.615, 6.904e-4
0.616, 7.113e-4
0.617, 7.325e-4
0.618, 7.537e-4
0.619, 7.759e-4
0.620, 7.987e-4
0.621, 8.222e-4
0.622, 8.460e-4
0.623, 8.703e-4
0.624, 8.952e-4
0.625, 9.206e-4
0.626, 9.467e-4
0.627, 9.732e-4
0.628, 9.999e-4
0.629, 1.028e-3
0.630, 1.057e-3
0.631, 1.086e-3
0.632, 1.115e-3
0.633, 1.145e-3
0.634, 1.176e-3
0.635, 1.207e-3
0.636, 1.239e-3
0.637, 1.271e-3
0.638, 1.304e-3
0.639, 1.338e-3
0.640, 1.372e-3
0.641, 1.407e-3
0.642, 1.441e-3
0.643, 1.477e-3
0.644, 1.513e-3
0.645, 1.550e-3
0.646, 1.587e-3
0.647, 1.625e-3
0.648, 1.663e-3
0.649, 1.702e-3
0.650, 1.740e-3
0.651, 1.779e-3
0.652, 1.819e-3
0.653, 1.859e-3
0.654, 1.900e-3
0.655, 1.941e-3
0.656, 1.983e-3
0.657, 2.025e-3
0.658, 2.067e-3
0.659, 2.110e-3
0.660, 2.154e-3
0.661, 2.197e-3
0.662, 2.241e-3
0.663, 2.285e-3
0.664, 2.330e-3
0.665, 2.376e-3
0.666, 2.422e-3
0.667, 2.468e-3
0.668, 2.514e-3
0.669, 2.560e-3
0.670, 2.607e-3
0.671, 2.654e-3
0.672, 2.702e-3
0.673, 2.749e-3
0.674, 2.797e-3
0.675, 2.846e-3
0.676, 2.895e-3
0.677, 2.944e-3
0.678, 2.993e-3
0.679, 3.042e-3
0.680, 3.092e-3
0.681, 3.143e-3
0.682, 3.193e-3
0.683, 3.244e-3
0.684, 3.295e-3
0.685, 3.346e-3
0.686, 3.398e-3
0.687, 3.450e-3
0.688, 3.502e-3
0.689, 3.555e-3
0.690, 3.607e-3
0.691, 3.660e-3
0.692, 3.714e-3
0.693, 3.767e-3
0.694, 3.821e-3
0.695, 3.875e-3
0.696, 3.929e-3
0.697, 3.983e-3
0.698, 4.038e-3
0.699, 4.093e-3
0.700, 4.147e-3
0.701, 4.202e-3
0.702, 4.257e-3
0.703, 4.312e-3
0.704, 4.367e-3
0.705, 4.423e-3
0.706, 4.479e-3
0.707, 4.535e-3
0.708, 4.591e-3
0.709, 4.648e-3
0.710, 4.705e-3
0.711, 4.762e-3
0.712, 4.819e-3
0.713, 4.876e-3
0.714, 4.933e-3
0.715, 4.991e-3
0.716, 5.049e-3
0.717, 5.109e-3
0.718, 5.169e-3
0.719, 5.227e-3
0.720, 5.285e-3
0.721, 5.343e-3
0.722, 5.402e-3
0.723, 5.461e-3
0.724, 5.520e-3
0.725, 5.579e-3
0.726, 5.639e-3
0.727, 5.698e-3
0.728, 5.757e-3
0.729, 5.817e-3
0.730, 5.876e-3
0.731, 5.935e-3
0.732, 5.995e-3
0.733, 6.055e-3
0.734, 6.116e-3
0.735, 6.176e-3
0.736, 6.237e-3
0.737, 6.298e-3
0.738, 6.358e-3
0.739, 6.419e-3
0.740, 6.479e-3
0.741, 6.541e-3
0.742, 6.602e-3
0.743, 6.664e-3
0.744, 6.726e-3
0.745, 6.787e-3
0.746, 6.849e-3
0.747, 6.910e-3
0.748, 6.972e-3
0.749, 7.034e-3
0.750, 7.097e-3
0.751, 7.159e-3
0.752, 7.221e-3
0.753, 7.283e-3
0.754, 7.345e-3
0.755, 7.407e-3
0.756, 7.469e-3
0.757, 7.532e-3
0.758, 7.595e-3
0.759, 7.657e-3
0.760, 7.720e-3
0.761, 7.783e-3
0.762, 7.846e-3
0.763, 7.910e-3
0.764, 7.973e-3
0.765, 8.036e-3
0.766, 8.099e-3
0.767, 8.163e-3
0.768, 8.227e-3
0.769, 8.291e-3
0.770, 8.355e-3
0.771, 8.418e-3
0.772, 8.482e-3
0.773, 8.546e-3
0.774, 8.610e-3
0.775, 8.674e-3
0.776, 8.739e-3
0.777, 8.803e-3
0.778, 8.867e-3
0.779, 8.931e-3
0.780, 8.995e-3
0.781, 9.059e-3
0.782, 9.124e-3
0.783, 9.188e-3
0.784, 9.252e-3
0.785, 9.317e-3
0.786, 9.382e-3
0.787, 9.447e-3
0.788, 9.512e-3
0.789, 9.577e-3
0.790, 9.641e-3
0.791, 9.706e-3
0.792, 9.772e-3
0.793, 9.837e-3
0.794, 9.903e-3
0.795, 9.968e-3
0.796, 1.003e-2
0.797, 1.010e-2
0.798, 1.016e-2
0.799, 1.023e-2
0.800, 1.028e-2
0.799, 1.023e-2
0.798, 1.016e-2
0.797, 1.009e-2
0.796, 1.003e-2
0.795, 9.959e-3
0.794, 9.891e-3
0.793, 9.824e-3
0.792, 9.757e-3
0.791, 9.689e-3
0.790, 9.623e-3
0.789, 9.556e-3
0.788, 9.489e-3
0.787, 9.423e-3
0.786, 9.357e-3
0.785, 9.290e-3
0.784, 9.224e-3
0.783, 9.158e-3
0.782, 9.092e-3
0.781, 9.026e-3
0.780, 8.962e-3
0.779, 8.896e-3
0.778, 8.831e-3
0.777, 8.765e-3
0.776, 8.700e-3
0.775, 8.635e-3
0.774, 8.570e-3
0.773, 8.504e-3
0.772, 8.439e-3
0.771, 8.374e-3
0.770, 8.310e-3
0.769, 8.245e-3
0.768, 8.179e-3
0.767, 8.115e-3
0.766, 8.050e-3
0.765, 7.986e-3
0.764, 7.922e-3
0.763, 7.857e-3
0.762, 7.793e-3
0.761, 7.729e-3
0.760, 7.665e-3
0.759, 7.602e-3
0.758, 7.538e-3
0.757, 7.475e-3
0.756, 7.412e-3
0.755, 7.349e-3
0.754, 7.286e-3
0.753, 7.223e-3
0.752, 7.160e-3
0.751, 7.098e-3
0.750, 7.035e-3
0.749, 6.972e-3
0.748, 6.909e-3
0.747, 6.847e-3
0.746, 6.785e-3
0.745, 6.722e-3
0.744, 6.660e-3
0.743, 6.598e-3
0.742, 6.535e-3
0.741, 6.474e-3
0.740, 6.412e-3
0.739, 6.351e-3
0.738, 6.290e-3
0.737, 6.228e-3
0.736, 6.167e-3
0.735, 6.106e-3
0.734, 6.045e-3
0.733, 5.985e-3
0.732, 5.925e-3
0.731, 5.864e-3
0.730, 5.805e-3
0.729, 5.745e-3
0.728, 5.685e-3
0.727, 5.625e-3
0.726, 5.566e-3
0.725, 5.506e-3
0.724, 5.446e-3
0.723, 5.387e-3
0.722, 5.328e-3
0.721, 5.269e-3
0.720, 5.211e-3
0.719, 5.152e-3
0.718, 5.094e-3
0.717, 5.034e-3
0.716, 4.974e-3
0.715, 4.916e-3
0.714, 4.859e-3
0.713, 4.802e-3
0.712, 4.744e-3
0.711, 4.687e-3
0.710, 4.630e-3
0.709, 4.573e-3
0.708, 4.516e-3
0.707, 4.460e-3
0.706, 4.404e-3
0.705, 4.347e-3
0.704, 4.292e-3
0.703, 4.237e-3
0.702, 4.182e-3
0.701, 4.126e-3
0.700, 4.071e-3
0.699, 4.016e-3
0.698, 3.962e-3
0.697, 3.907e-3
0.696, 3.853e-3
0.695, 3.799e-3
0.694, 3.745e-3
0.693, 3.692e-3
0.692, 3.638e-3
0.691, 3.585e-3
0.690, 3.531e-3
0.689, 3.479e-3
0.688, 3.426e-3
0.687, 3.374e-3
0.686, 3.322e-3
0.685, 3.270e-3
0.684, 3.219e-3
0.683, 3.168e-3
0.682, 3.117e-3
0.681, 3.066e-3
0.680, 3.016e-3
0.679, 2.966e-3
0.678, 2.917e-3
0.677, 2.867e-3
0.676, 2.818e-3
0.675, 2.770e-3
0.674, 2.721e-3
0.673, 2.673e-3
0.672, 2.624e-3
0.671, 2.577e-3
0.670, 2.530e-3
0.669, 2.483e-3
0.668, 2.436e-3
0.667, 2.389e-3
0.666, 2.343e-3
0.665, 2.297e-3
0.664, 2.251e-3
0.663, 2.206e-3
0.662, 2.161e-3
0.661, 2.117e-3
0.660, 2.073e-3
0.659, 2.029e-3
0.658, 1.985e-3
0.657, 1.942e-3
0.656, 1.900e-3
0.655, 1.857e-3
0.654, 1.815e-3
0.653, 1.774e-3
0.652, 1.733e-3
0.651, 1.692e-3
0.650, 1.652e-3
0.649, 1.612e-3
0.648, 1.573e-3
0.647, 1.534e-3
0.646, 1.495e-3
0.645, 1.456e-3
0.644, 1.419e-3
0.643, 1.381e-3
0.642, 1.345e-3
0.641, 1.308e-3
0.640, 1.272e-3
0.639, 1.236e-3
0.638, 1.201e-3
0.637, 1.167e-3
0.636, 1.133e-3
0.635, 1.100e-3
0.634, 1.066e-3
0.633, 1.034e-3
0.632, 1.001e-3
0.631, 9.699e-4
0.630, 9.389e-4
0.629, 9.079e-4
0.628, 8.776e-4
0.627, 8.486e-4
0.626, 8.193e-4
0.625, 7.905e-4
0.624, 7.621e-4
0.623, 7.345e-4
0.622, 7.075e-4
0.621, 6.804e-4
0.620, 6.545e-4
0.619, 6.290e-4
0.618, 6.042e-4
0.617, 5.800e-4
0.616, 5.560e-4
0.615, 5.327e-4
0.614, 5.114e-4
0.613, 4.887e-4
0.612, 4.663e-4
0.611, 4.454e-4
0.610, 4.242e-4
0.609, 4.038e-4
0.608, 3.836e-4
0.607, 3.645e-4
0.606, 3.460e-4
0.605, 3.272e-4
0.604, 3.101e-4
0.603, 2.928e-4
0.602, 2.757e-4
0.601, 2.600e-4
0.600, 2.440e-4
0.599, 2.288e-4
0.598, 2.145e-4
0.597, 2.001e-4
0.596, 1.861e-4
0.595, 1.726e-4
0.594, 1.600e-4
0.593, 1.472e-4
0.592, 1.353e-4
0.591, 1.234e-4
0.590, 1.121e-4
0.589, 1.009e-4
0.588, 9.030e-5
0.587, 8.036e-5
0.586, 7.079e-5
0.585, 6.151e-5
0.584, 5.229e-5
0.583, 4.330e-5
0.582, 3.501e-5
0.581, 2.699e-5
0.580, 1.964e-5
0.579, 1.229e-5
0.578, 4.872e-6
0.577, -2.236e-6
0.576, -8.582e-6
0.575, -1.500e-5
0.574, -2.107e-5
0.573, -2.692e-5
0.572, -3.240e-5
0.571, -3.765e-5
0.570, -4.333e-5
0.569, -4.826e-5
0.568, -5.321e-5
0.567, -5.788e-5
0.566, -6.205e-5
0.565, -6.667e-5
0.564, -7.052e-5
0.563, -7.450e-5
0.562, -7.870e-5
0.561, -8.209e-5
0.560, -8.556e-5
0.559, -8.899e-5
0.558, -9.224e-5
0.557, -9.528e-5
0.556, -9.830e-5
0.555, -1.009e-4
0.554, -1.037e-4
0.553, -1.065e-4
0.552, -1.091e-4
0.551, -1.120e-4
0.550, -1.141e-4
0.549, -1.165e-4
0.548, -1.187e-4
0.547, -1.206e-4
0.546, -1.232e-4
0.545, -1.252e-4
0.544, -1.271e-4
0.543, -1.290e-4
0.542, -1.309e-4
0.541, -1.330e-4
0.540, -1.348e-4
0.539, -1.366e-4
0.538, -1.388e-4
0.537, -1.409e-4
0.536, -1.424e-4
0.535, -1.438e-4
0.534, -1.449e-4
0.533, -1.469e-4
0.532, -1.483e-4
0.531, -1.500e-4
0.530, -1.518e-4
0.529, -1.529e-4
0.528, -1.543e-4
0.527, -1.557e-4
0.526, -1.569e-4
0.525, -1.581e-4
0.524, -1.596e-4
0.523, -1.613e-4
0.522, -1.630e-4
0.521, -1.644e-4
0.520, -1.658e-4
0.519, -1.672e-4
0.518, -1.684e-4
0.517, -1.699e-4
0.516, -1.711e-4
0.515, -1.721e-4
0.514, -1.734e-4
0.513, -1.747e-4
0.512, -1.779e-4
0.511, -1.800e-4
0.510, -1.806e-4
0.509, -1.814e-4
0.508, -1.824e-4
0.507, -1.839e-4
0.506, -1.855e-4
0.505, -1.869e-4
0.504, -1.879e-4
0.503, -1.893e-4
0.502, -1.906e-4
0.501, -1.922e-4
0.500, -1.937e-4
0.499, -1.947e-4
0.498, -1.965e-4
0.497, -1.983e-4
0.496, -2.002e-4
0.495, -2.016e-4
0.494, -2.029e-4
0.493, -2.049e-4
0.492, -2.068e-4
0.491, -2.088e-4
0.490, -2.109e-4
0.489, -2.128e-4
0.488, -2.147e-4
0.487, -2.167e-4
0.486, -2.190e-4
0.485, -2.211e-4
0.484, -2.232e-4
0.483, -2.250e-4
0.482, -2.273e-4
0.481, -2.296e-4
0.480, -2.321e-4
0.479, -2.350e-4
0.478, -2.376e-4
0.477, -2.401e-4
0.476, -2.428e-4
0.475, -2.456e-4
0.474, -2.482e-4
0.473, -2.508e-4
0.472, -2.538e-4
0.471, -2.577e-4
0.470, -2.611e-4
0.469, -2.646e-4
0.468, -2.683e-4
0.467, -2.722e-4
0.466, -2.757e-4
0.465, -2.793e-4
0.464, -2.838e-4
0.463, -2.881e-4
0.462, -2.926e-4
0.461, -2.979e-4
0.460, -3.026e-4
0.459, -3.076e-4
0.458, -3.129e-4
0.457, -3.177e-4
0.456, -3.235e-4
0.455, -3.294e-4
0.454, -3.357e-4
0.453, -3.422e-4
0.452, -3.491e-4
0.451, -3.557e-4
0.450, -3.630e-4
0.449, -3.701e-4
0.448, -3.770e-4
0.447, -3.850e-4
0.446, -3.929e-4
0.445, -4.011e-4
0.444, -4.100e-4
0.443, -4.192e-4
0.442, -4.285e-4
0.441, -4.384e-4
0.440, -4.485e-4
0.439, -4.586e-4
0.438, -4.692e-4
0.437, -4.805e-4
0.436, -4.919e-4
0.435, -5.038e-4
0.434, -5.155e-4
0.433, -5.274e-4
0.432, -5.395e-4
0.431, -5.522e-4
0.430, -5.650e-4
0.429, -5.779e-4
0.428, -5.909e-4
0.427, -6.043e-4
0.426, -6.178e-4
0.425, -6.316e-4
0.424, -6.453e-4
0.423, -6.591e-4
0.422, -6.722e-4
0.421, -6.866e-4
0.420, -7.012e-4
0.419, -7.148e-4
0.418, -7.295e-4
0.417, -7.434e-4
0.416, -7.576e-4
0.415, -7.722e-4
0.414, -7.867e-4
0.413, -8.011e-4
0.412, -8.150e-4
0.411, -8.297e-4
0.410, -8.416e-4
0.409, -8.472e-4
0.408, -8.623e-4
0.407, -8.778e-4
0.406, -8.930e-4
0.405, -9.081e-4
0.404, -9.231e-4
0.403, -9.384e-4
0.402, -9.539e-4
0.401, -9.688e-4
0.400, -9.842e-4
0.399, -1.000e-3
0.398, -1.015e-3
0.397, -1.031e-3
0.396, -1.047e-3
0.395, -1.062e-3
0.394, -1.078e-3
0.393, -1.094e-3
0.392, -1.110e-3
0.391, -1.126e-3
0.390, -1.141e-3
0.389, -1.157e-3
0.388, -1.172e-3
0.387, -1.187e-3
0.386, -1.202e-3
0.385, -1.217e-3
0.384, -1.231e-3
0.383, -1.245e-3
0.382, -1.257e-3
0.381, -1.270e-3
0.380, -1.281e-3
0.379, -1.291e-3
0.378, -1.301e-3
0.377, -1.309e-3
0.376, -1.316e-3
0.375, -1.322e-3
0.374, -1.327e-3
0.373, -1.330e-3
0.372, -1.331e-3
0.371, -1.329e-3
0.370, -1.326e-3
0.369, -1.321e-3
0.368, -1.314e-3
0.367, -1.304e-3
0.366, -1.292e-3
0.365, -1.278e-3
0.364, -1.260e-3
0.363, -1.239e-3
0.362, -1.216e-3
0.361, -1.189e-3
0.360, -1.160e-3
0.359, -1.128e-3
0.358, -1.094e-3
0.357, -1.058e-3
0.356, -1.020e-3
0.355, -9.802e-4
0.354, -9.397e-4
0.353, -8.978e-4
0.352, -8.559e-4
0.351, -8.138e-4
0.350, -7.717e-4
0.349, -7.308e-4
0.348, -6.909e-4
0.347, -6.522e-4
0.346, -6.151e-4
0.345, -5.799e-4
0.344, -5.466e-4
0.343, -5.154e-4
0.342, -4.858e-4
0.341, -4.586e-4
0.340, -4.326e-4
0.339, -4.087e-4
0.338, -3.871e-4
0.337, -3.667e-4
0.336, -3.474e-4
0.335, -3.297e-4
0.334, -3.133e-4
0.333, -2.980e-4
0.332, -2.838e-4
0.331, -2.707e-4
0.330, -2.586e-4
0.329, -2.471e-4
0.328, -2.366e-4
0.327, -2.266e-4
0.326, -2.174e-4
0.325, -2.088e-4
0.324, -2.007e-4
0.323, -1.931e-4
0.322, -1.861e-4
0.321, -1.796e-4
0.320, -1.732e-4
0.319, -1.676e-4
0.318, -1.623e-4
0.317, -1.568e-4
0.316, -1.520e-4
0.315, -1.471e-4
0.314, -1.429e-4
0.313, -1.387e-4
0.312, -1.344e-4
0.311, -1.306e-4
0.310, -1.270e-4
0.309, -1.235e-4
0.308, -1.203e-4
0.307, -1.178e-4
0.306, -1.148e-4
0.305, -1.116e-4
0.304, -1.087e-4
0.303, -1.060e-4
0.302, -1.036e-4
0.301, -1.012e-4
0.300, -9.879e-5
0.299, -9.649e-5
0.298, -9.448e-5
0.297, -9.248e-5
0.296, -9.052e-5
0.295, -8.856e-5
0.294, -8.649e-5
0.293, -8.473e-5
0.292, -8.294e-5
0.291, -8.132e-5
0.290, -7.982e-5
0.289, -7.840e-5
0.288, -7.682e-5
0.287, -7.540e-5
0.286, -7.394e-5
0.285, -7.246e-5
0.284, -7.128e-5
0.283, -7.001e-5
0.282, -6.907e-5
0.281, -6.797e-5
0.280, -6.691e-5
0.279, -6.587e-5
0.278, -6.468e-5
0.277, -6.364e-5
0.276, -6.246e-5
0.275, -6.129e-5
0.274, -6.030e-5
0.273, -5.929e-5
0.272, -5.831e-5
0.271, -5.745e-5
0.270, -5.654e-5
0.269, -5.570e-5
0.268, -5.492e-5
0.267, -5.419e-5
0.266, -5.335e-5
0.265, -5.266e-5
0.264, -5.181e-5
0.263, -5.113e-5
0.262, -5.045e-5
0.261, -4.968e-5
0.260, -4.898e-5
0.259, -4.833e-5
0.258, -4.767e-5
0.257, -4.703e-5
0.256, -4.646e-5
0.255, -4.586e-5
0.254, -4.526e-5
0.253, -4.470e-5
0.252, -4.424e-5
0.251, -4.368e-5
0.250, -4.320e-5
0.249, -4.272e-5
0.248, -4.226e-5
0.247, -4.174e-5
0.246, -4.125e-5
0.245, -4.077e-5
0.244, -4.023e-5
0.243, -3.964e-5
0.242, -3.924e-5
0.241, -3.877e-5
0.240, -3.828e-5
0.239, -3.789e-5
0.238, -3.735e-5
0.237, -3.699e-5
0.236, -3.655e-5
0.235, -3.610e-5
0.234, -3.580e-5
0.233, -3.538e-5
0.232, -3.503e-5
0.231, -3.469e-5
0.230, -3.418e-5
0.229, -3.387e-5
0.228, -3.357e-5
0.227, -3.328e-5
0.226, -3.290e-5
0.225, -3.264e-5
0.224, -3.225e-5
0.223, -3.194e-5
0.222, -3.166e-5
0.221, -3.129e-5
0.220, -3.110e-5
0.219, -3.072e-5
0.218, -3.042e-5
0.217, -3.010e-5
0.216, -2.988e-5
0.215, -2.960e-5
0.214, -2.934e-5
0.213, -2.906e-5
0.212, -2.879e-5
0.211, -2.857e-5
0.210, -2.830e-5
0.209, -2.804e-5
0.208, -2.787e-5
0.207, -2.752e-5
0.206, -2.734e-5
0.205, -2.705e-5
0.204, -2.688e-5
0.203, -2.666e-5
0.202, -2.643e-5
0.201, -2.617e-5
0.200, -2.406e-5
0.201, -2.022e-5
0.202, -1.863e-5
0.203, -1.760e-5
0.204, -1.671e-5
0.205, -1.608e-5
0.206, -1.520e-5
0.207, -1.442e-5
0.208, -1.375e-5
0.209, -1.323e-5
0.210, -1.265e-5
0.211, -1.212e-5
0.212, -1.163e-5
0.213, -1.118e-5
0.214, -1.073e-5
0.215, -1.034e-5
0.216, -9.910e-6
0.217, -9.520e-6
0.218, -9.237e-6
0.219, -8.944e-6
0.220, -8.563e-6
0.221, -8.231e-6
0.222, -7.899e-6
0.223, -7.626e-6
0.224, -7.333e-6
0.225, -7.020e-6
0.226, -6.776e-6
0.227, -6.552e-6
0.228, -6.259e-6
0.229, -6.024e-6
0.230, -5.780e-6
0.231, -5.526e-6
0.232, -5.292e-6
0.233, -5.048e-6
0.234, -4.862e-6
0.235, -4.628e-6
0.236, -4.403e-6
0.237, -4.179e-6
0.238, -3.954e-6
0.239, -3.710e-6
0.240, -3.515e-6
0.241, -3.232e-6
0.242, -3.105e-6
0.243, -2.900e-6
0.244, -2.685e-6
0.245, -2.402e-6
0.246, -2.197e-6
0.247, -2.011e-6
0.248, -1.836e-6
0.249, -1.631e-6
0.250, -1.416e-6
0.251, -1.220e-6
0.252, -1.084e-6
0.253, -9.276e-7
0.254, -7.030e-7
0.255, -4.491e-7
0.256, -2.441e-7
0.257, -4.283e-13
0.258, 1.465e-7
0.259, 3.222e-7
0.260, 4.784e-7
0.261, 6.639e-7
0.262, 8.983e-7
0.263, 1.064e-6
0.264, 1.191e-6
0.265, 1.386e-6
0.266, 1.562e-6
0.267, 1.816e-6
0.268, 2.011e-6
0.269, 2.109e-6
0.270, 2.373e-6
0.271, 2.597e-6
0.272, 2.744e-6
0.273, 2.939e-6
0.274, 3.173e-6
0.275, 3.359e-6
0.276, 3.534e-6
0.277, 3.740e-6
0.278, 3.945e-6
0.279, 4.042e-6
0.280, 4.316e-6
0.281, 4.521e-6
0.282, 4.677e-6
0.283, 4.970e-6
0.284, 5.155e-6
0.285, 5.282e-6
0.286, 5.438e-6
0.287, 5.643e-6
0.288, 5.907e-6
0.289, 6.151e-6
0.290, 6.327e-6
0.291, 6.522e-6
0.292, 6.737e-6
0.293, 6.991e-6
0.294, 7.137e-6
0.295, 7.303e-6
0.296, 7.606e-6
0.297, 7.899e-6
0.298, 8.006e-6
0.299, 8.416e-6
0.300, 8.651e-6
0.301, 8.905e-6
0.302, 9.197e-6
0.303, 9.403e-6
0.304, 9.608e-6
0.305, 9.900e-6
0.306, 1.021e-5
0.307, 1.056e-5
0.308, 1.075e-5
0.309, 1.095e-5
0.310, 1.122e-5
0.311, 1.154e-5
0.312, 1.180e-5
0.313, 1.207e-5
0.314, 1.236e-5
0.315, 1.265e-5
0.316, 1.301e-5
0.317, 1.322e-5
0.318, 1.349e-5
0.319, 1.381e-5
0.320, 1.401e-5
0.321, 1.432e-5
0.322, 1.456e-5
0.323, 1.494e-5
0.324, 1.532e-5
0.325, 1.550e-5
0.326, 1.584e-5
0.327, 1.618e-5
0.328, 1.650e-5
0.329, 1.676e-5
0.330, 1.715e-5
0.331, 1.749e-5
0.332, 1.789e-5
0.333, 1.812e-5
0.334, 1.848e-5
0.335, 1.888e-5
0.336, 1.914e-5
0.337, 1.956e-5
0.338, 1.990e-5
0.339, 2.029e-5
0.340, 2.068e-5
0.341, 2.101e-5
0.342, 2.147e-5
0.343, 2.191e-5
0.344, 2.224e-5
0.345, 2.266e-5
0.346, 2.297e-5
0.347, 2.346e-5
0.348, 2.390e-5
0.349, 2.427e-5
0.350, 2.470e-5
0.351, 2.516e-5
0.352, 2.550e-5
0.353, 2.597e-5
0.354, 2.643e-5
0.355, 2.688e-5
0.356, 2.730e-5
0.357, 2.772e-5
0.358, 2.812e-5
0.359, 2.857e-5
0.360, 2.899e-5
0.361, 2.941e-5
0.362, 2.985e-5
0.363, 3.027e-5
0.364, 3.077e-5
0.365, 3.118e-5
0.366, 3.169e-5
0.367, 3.228e-5
0.368, 3.279e-5
0.369, 3.338e-5
0.370, 3.384e-5
0.371, 3.440e-5
0.372, 3.495e-5
0.373, 3.545e-5
0.374, 3.608e-5
0.375, 3.662e-5
0.376, 3.713e-5
0.377, 3.779e-5
0.378, 3.834e-5
0.379, 3.889e-5
0.380, 3.947e-5
0.381, 4.002e-5
0.382, 4.068e-5
0.383, 4.135e-5
0.384, 4.188e-5
0.385, 4.255e-5
0.386, 4.325e-5
0.387, 4.392e-5
0.388, 4.453e-5
0.389, 4.532e-5
0.390, 4.609e-5
0.391, 4.687e-5
0.392, 4.767e-5
0.393, 4.839e-5
0.394, 4.912e-5
0.395, 5.006e-5
0.396, 5.080e-5
0.397, 5.144e-5
0.398, 5.226e-5
0.399, 5.326e-5
0.400, 5.406e-5
0.401, 5.496e-5
0.402, 5.602e-5
0.403, 5.711e-5
0.404, 5.822e-5
0.405, 5.939e-5
0.406, 6.051e-5
0.407, 6.158e-5
0.408, 6.265e-5
0.409, 6.364e-5
0.410, 6.266e-5
0.411, 6.488e-5
0.412, 6.662e-5
0.413, 6.821e-5
0.414, 6.988e-5
0.415, 7.150e-5
0.416, 7.325e-5
0.417, 7.513e-5
0.418, 7.671e-5
0.419, 7.847e-5
0.420, 8.035e-5
0.421, 8.263e-5
0.422, 8.515e-5
0.423, 8.737e-5
0.424, 8.994e-5
0.425, 9.260e-5
0.426, 9.549e-5
0.427, 9.903e-5
0.428, 1.025e-4
0.429, 1.062e-4
0.430, 1.107e-4
0.431, 1.151e-4
0.432, 1.199e-4
0.433, 1.252e-4
0.434, 1.307e-4
0.435, 1.376e-4
0.436, 1.447e-4
0.437, 1.524e-4
0.438, 1.614e-4
0.439, 1.704e-4
0.440, 1.806e-4
0.441, 1.922e-4
0.442, 2.042e-4
0.443, 2.179e-4
0.444, 2.325e-4
0.445, 2.482e-4
0.446, 2.658e-4
0.447, 2.847e-4
0.448, 3.050e-4
0.449, 3.269e-4
0.450, 3.510e-4
0.451, 3.769e-4
0.452, 4.048e-4
0.453, 4.345e-4
0.454, 4.664e-4
0.455, 5.004e-4
0.456, 5.365e-4
0.457, 5.751e-4
0.458, 6.155e-4
0.459, 6.583e-4
0.460, 7.034e-4
0.461, 7.508e-4
0.462, 8.003e-4
0.463, 8.515e-4
0.464, 9.037e-4
0.465, 9.576e-4
0.466, 1.012e-3
0.467, 1.068e-3
0.468, 1.124e-3
0.469, 1.179e-3
0.470, 1.234e-3
0.471, 1.289e-3
0.472, 1.344e-3
0.473, 1.396e-3
0.474, 1.447e-3
0.475, 1.498e-3
0.476, 1.546e-3
0.477, 1.593e-3
0.478, 1.637e-3
0.479, 1.680e-3
0.480, 1.720e-3
0.481, 1.757e-3
0.482, 1.792e-3
0.483, 1.825e-3
0.484, 1.855e-3
0.485, 1.882e-3
0.486, 1.906e-3
0.487, 1.928e-3
0.488, 1.946e-3
0.489, 1.962e-3
0.490, 1.974e-3
0.491, 1.982e-3
0.492, 1.988e-3
0.493, 1.991e-3
0.494, 1.989e-3
0.495, 1.984e-3
0.496, 1.975e-3
0.497, 1.963e-3
0.498, 1.947e-3
0.499, 1.927e-3
0.500, 1.902e-3
0.501, 1.875e-3
0.502, 1.845e-3
0.503, 1.810e-3
0.504, 1.774e-3
0.505, 1.734e-3
0.506, 1.691e-3
0.507, 1.646e-3
0.508, 1.599e-3
0.509, 1.551e-3
0.510, 1.502e-3
0.511, 1.453e-3
0.512, 1.405e-3
0.513, 1.357e-3
0.514, 1.308e-3
0.515, 1.259e-3
0.516, 1.212e-3
0.517, 1.166e-3
0.518, 1.121e-3
0.519, 1.077e-3
0.520, 1.035e-3
0.521, 9.940e-4
0.522, 9.544e-4
0.523, 9.158e-4
0.524, 8.785e-4
0.525, 8.422e-4
0.526, 8.073e-4
0.527, 7.736e-4
0.528, 7.415e-4
0.529, 7.108e-4
0.530, 6.812e-4
0.531, 6.536e-4
0.532, 6.267e-4
0.533, 6.014e-4
0.534, 5.778e-4
0.535, 5.549e-4
0.536, 5.336e-4
0.537, 5.139e-4
0.538, 4.956e-4
0.539, 4.778e-4
0.540, 4.613e-4
0.541, 4.462e-4
0.542, 4.325e-4
0.543, 4.187e-4
0.544, 4.069e-4
0.545, 3.961e-4
0.546, 3.853e-4
0.547, 3.756e-4
0.548, 3.672e-4
0.549, 3.591e-4
0.550, 3.515e-4
0.551, 3.444e-4
0.552, 3.387e-4
0.553, 3.332e-4
0.554, 3.272e-4
0.555, 3.230e-4
0.556, 3.192e-4
0.557, 3.151e-4
0.558, 3.121e-4
0.559, 3.090e-4
0.560, 3.063e-4
0.561, 3.041e-4
0.562, 3.023e-4
0.563, 3.006e-4
0.564, 2.994e-4
0.565, 2.985e-4
0.566, 2.978e-4
0.567, 2.972e-4
0.568, 2.971e-4
0.569, 2.972e-4
0.570, 2.976e-4
0.571, 2.985e-4
0.572, 2.994e-4
0.573, 3.005e-4
0.574, 3.024e-4
0.575, 3.041e-4
0.576, 3.064e-4
0.577, 3.087e-4
0.578, 3.115e-4
0.579, 3.148e-4
0.580, 3.181e-4
0.581, 3.217e-4
0.582, 3.254e-4
0.583, 3.302e-4
0.584, 3.352e-4
0.585, 3.406e-4
0.586, 3.455e-4
0.587, 3.516e-4
0.588, 3.581e-4
0.589, 3.651e-4
0.590, 3.721e-4
0.591, 3.792e-4
0.592, 3.872e-4
0.593, 3.957e-4
0.594, 4.042e-4
0.595, 4.136e-4
0.596, 4.232e-4
0.597, 4.334e-4
0.598, 4.441e-4
0.599, 4.551e-4
0.600, 4.667e-4
0.601, 4.789e-4
0.602, 4.908e-4
0.603, 5.042e-4
0.604, 5.180e-4
0.605, 5.325e-4
0.606, 5.472e-4
0.607, 5.625e-4
0.608, 5.787e-4
0.609, 5.951e-4
0.610, 6.115e-4
0.611, 6.295e-4
0.612, 6.478e-4
0.613, 6.665e-4
0.614, 6.856e-4
0.615, 7.044e-4
0.616, 7.253e-4
0.617, 7.468e-4
0.618, 7.686e-4
0.619, 7.914e-4
0.620, 8.144e-4
0.621, 8.383e-4
0.622, 8.626e-4
0.623, 8.874e-4
0.624, 9.125e-4
0.625, 9.387e-4
0.626, 9.650e-4
0.627, 9.919e-4
0.628, 1.019e-3
0.629, 1.048e-3
0.630, 1.077e-3
0.631, 1.106e-3
0.632, 1.137e-3
0.633, 1.167e-3
0.634, 1.198e-3
0.635, 1.230e-3
0.636, 1.262e-3
0.637, 1.295e-3
0.638, 1.329e-3
0.639, 1.362e-3
0.640, 1.397e-3
0.641, 1.432e-3
0.642, 1.468e-3
0.643, 1.503e-3
0.644, 1.540e-3
0.645, 1.577e-3
0.646, 1.615e-3
0.647, 1.653e-3
0.648, 1.691e-3
0.649, 1.730e-3
0.650, 1.769e-3
0.651, 1.809e-3
0.652, 1.850e-3
0.653, 1.890e-3
0.654, 1.931e-3
0.655, 1.973e-3
0.656, 2.015e-3
0.657, 2.058e-3
0.658, 2.100e-3
0.659, 2.144e-3
0.660, 2.187e-3
0.661, 2.231e-3
0.662, 2.276e-3
0.663, 2.320e-3
0.664, 2.366e-3
0.665, 2.412e-3
0.666, 2.458e-3
0.667, 2.504e-3
0.668, 2.551e-3
0.669, 2.598e-3
0.670, 2.645e-3
0.671, 2.692e-3
0.672, 2.740e-3
0.673, 2.788e-3
0.674, 2.837e-3
0.675, 2.886e-3
0.676, 2.935e-3
0.677, 2.984e-3
0.678, 3.034e-3
0.679, 3.083e-3
0.680, 3.134e-3
0.681, 3.185e-3
0.682, 3.236e-3
0.683, 3.287e-3
0.684, 3.338e-3
0.685, 3.390e-3
0.686, 3.442e-3
0.687, 3.494e-3
0.688, 3.547e-3
0.689, 3.600e-3
0.690, 3.653e-3
0.691, 3.706e-3
0.692, 3.760e-3
0.693, 3.813e-3
0.694, 3.867e-3
0.695, 3.921e-3
0.696, 3.976e-3
0.697, 4.031e-3
0.698, 4.085e-3
0.699, 4.140e-3
0.700, 4.196e-3
0.701, 4.251e-3
0.702, 4.306e-3
0.703, 4.361e-3
0.704, 4.417e-3
0.705, 4.473e-3
0.706, 4.529e-3
0.707, 4.585e-3
0.708, 4.642e-3
0.709, 4.699e-3
0.710, 4.756e-3
0.711, 4.813e-3
0.712, 4.871e-3
0.713, 4.928e-3
0.714, 4.986e-3
0.715, 5.044e-3
0.716, 5.102e-3
0.717, 5.162e-3
0.718, 5.222e-3
0.719, 5.280e-3
0.720, 5.339e-3
0.721, 5.398e-3
0.722, 5.457e-3
0.723, 5.516e-3
0.724, 5.576e-3
0.725, 5.635e-3
0.726, 5.694e-3
0.727, 5.754e-3
0.728, 5.813e-3
0.729, 5.873e-3
0.730, 5.932e-3
0.731, 5.992e-3
0.732, 6.053e-3
0.733, 6.112e-3
0.734, 6.173e-3
0.735, 6.234e-3
0.736, 6.295e-3
0.737, 6.356e-3
0.738, 6.417e-3
0.739, 6.478e-3
0.740, 6.539e-3
0.741, 6.600e-3
0.742, 6.662e-3
0.743, 6.724e-3
0.744, 6.786e-3
0.745, 6.847e-3
0.746, 6.909e-3
0.747, 6.971e-3
0.748, 7.033e-3
0.749, 7.095e-3
0.750, 7.158e-3
0.751, 7.220e-3
0.752, 7.282e-3
0.753, 7.345e-3
0.754, 7.407e-3
0.755, 7.470e-3
0.756, 7.532e-3
0.757, 7.595e-3
0.758, 7.658e-3
0.759, 7.721e-3
0.760, 7.784e-3
0.761, 7.848e-3
0.762, 7.911e-3
0.763, 7.974e-3
0.764, 8.038e-3
0.765, 8.101e-3
0.766, 8.165e-3
0.767, 8.229e-3
0.768, 8.293e-3
0.769, 8.357e-3
0.770, 8.421e-3
0.771, 8.485e-3
0.772, 8.549e-3
0.773, 8.613e-3
0.774, 8.678e-3
0.775, 8.742e-3
0.776, 8.806e-3
0.777, 8.871e-3
0.778, 8.934e-3
0.779, 8.999e-3
0.780, 9.064e-3
0.781, 9.128e-3
0.782, 9.192e-3
0.783, 9.256e-3
0.784, 9.322e-3
0.785, 9.387e-3
0.786, 9.452e-3
0.787, 9.517e-3
0.788, 9.582e-3
0.789, 9.647e-3
0.790, 9.712e-3
0.791, 9.777e-3
0.792, 9.843e-3
0.793, 9.908e-3
0.794, 9.973e-3
0.795, 1.004e-2
0.796, 1.011e-2
0.797, 1.017e-2
0.798, 1.024e-2
0.799, 1.030e-2
0.800, 1.035e-2
0.799, 1.030e-2
0.798, 1.023e-2
0.797, 1.017e-2
0.796, 1.010e-2
0.795, 1.003e-2
0.794, 9.963e-3
0.793, 9.895e-3
0.792, 9.828e-3
0.791, 9.761e-3
0.790, 9.694e-3
0.789, 9.627e-3
0.788, 9.560e-3
0.787, 9.494e-3
0.786, 9.427e-3
0.785, 9.361e-3
0.784, 9.294e-3
0.783, 9.228e-3
0.782, 9.162e-3
0.781, 9.097e-3
0.780, 9.031e-3
0.779, 8.965e-3
0.778, 8.899e-3
0.777, 8.834e-3
0.776, 8.768e-3
0.775, 8.703e-3
0.774, 8.638e-3
0.773, 8.572e-3
0.772, 8.506e-3
0.771, 8.441e-3
0.770, 8.377e-3
0.769, 8.312e-3
0.768, 8.246e-3
0.767, 8.181e-3
0.766, 8.116e-3
0.765, 8.052e-3
0.764, 7.988e-3
0.763, 7.923e-3
0.762, 7.859e-3
0.761, 7.794e-3
0.760, 7.730e-3
0.759, 7.666e-3
0.758, 7.603e-3
0.757, 7.539e-3
0.756, 7.475e-3
0.755, 7.412e-3
0.754, 7.349e-3
0.753, 7.286e-3
0.752, 7.223e-3
0.751, 7.160e-3
0.750, 7.097e-3
0.749, 7.033e-3
0.748, 6.971e-3
0.747, 6.908e-3
0.746, 6.845e-3
0.745, 6.783e-3
0.744, 6.721e-3
0.743, 6.658e-3
0.742, 6.595e-3
0.741, 6.533e-3
0.740, 6.472e-3
0.739, 6.410e-3
0.738, 6.349e-3
0.737, 6.287e-3
0.736, 6.226e-3
0.735, 6.164e-3
0.734, 6.103e-3
0.733, 6.043e-3
0.732, 5.982e-3
0.731, 5.921e-3
0.730, 5.861e-3
0.729, 5.802e-3
0.728, 5.741e-3
0.727, 5.681e-3
0.726, 5.622e-3
0.725, 5.562e-3
0.724, 5.502e-3
0.723, 5.443e-3
0.722, 5.383e-3
0.721, 5.324e-3
0.720, 5.265e-3
0.719, 5.206e-3
0.718, 5.148e-3
0.717, 5.087e-3
0.716, 5.027e-3
0.715, 4.969e-3
0.714, 4.911e-3
0.713, 4.853e-3
0.712, 4.795e-3
0.711, 4.738e-3
0.710, 4.680e-3
0.709, 4.623e-3
0.708, 4.566e-3
0.707, 4.509e-3
0.706, 4.453e-3
0.705, 4.396e-3
0.704, 4.340e-3
0.703, 4.285e-3
0.702, 4.229e-3
0.701, 4.173e-3
0.700, 4.118e-3
0.699, 4.063e-3
0.698, 4.008e-3
0.697, 3.953e-3
0.696, 3.899e-3
0.695, 3.844e-3
0.694, 3.790e-3
0.693, 3.736e-3
0.692, 3.683e-3
0.691, 3.629e-3
0.690, 3.576e-3
0.689, 3.522e-3
0.688, 3.469e-3
0.687, 3.417e-3
0.686, 3.365e-3
0.685, 3.313e-3
0.684, 3.261e-3
0.683, 3.210e-3
0.682, 3.158e-3
0.681, 3.107e-3
0.680, 3.056e-3
0.679, 3.006e-3
0.678, 2.956e-3
0.677, 2.907e-3
0.676, 2.857e-3
0.675, 2.808e-3
0.674, 2.759e-3
0.673, 2.710e-3
0.672, 2.662e-3
0.671, 2.613e-3
0.670, 2.566e-3
0.669, 2.518e-3
0.668, 2.471e-3
0.667, 2.424e-3
0.666, 2.377e-3
0.665, 2.330e-3
0.664, 2.285e-3
0.663, 2.239e-3
0.662, 2.194e-3
0.661, 2.149e-3
0.660, 2.105e-3
0.659, 2.061e-3
0.658, 2.017e-3
0.657, 1.973e-3
0.656, 1.930e-3
0.655, 1.887e-3
0.654, 1.845e-3
0.653, 1.803e-3
0.652, 1.762e-3
0.651, 1.721e-3
0.650, 1.680e-3
0.649, 1.640e-3
0.648, 1.600e-3
0.647, 1.560e-3
0.646, 1.521e-3
0.645, 1.482e-3
0.644, 1.444e-3
0.643, 1.406e-3
0.642, 1.369e-3
0.641, 1.332e-3
0.640, 1.295e-3
0.639, 1.259e-3
0.638, 1.224e-3
0.637, 1.188e-3
0.636, 1.155e-3
0.635, 1.120e-3
0.634, 1.087e-3
0.633, 1.054e-3
0.632, 1.021e-3
0.631, 9.890e-4
0.630, 9.576e-4
0.629, 9.264e-4
0.628, 8.958e-4
0.627, 8.663e-4
0.626, 8.367e-4
0.625, 8.073e-4
0.624, 7.787e-4
0.623, 7.505e-4
0.622, 7.231e-4
0.621, 6.961e-4
0.620, 6.694e-4
0.619, 6.438e-4
0.618, 6.181e-4
0.617, 5.936e-4
0.616, 5.693e-4
0.615, 5.455e-4
0.614, 5.238e-4
0.613, 5.008e-4
0.612, 4.782e-4
0.611, 4.566e-4
0.610, 4.354e-4
0.609, 4.145e-4
0.608, 3.942e-4
0.607, 3.744e-4
0.606, 3.554e-4
0.605, 3.368e-4
0.604, 3.186e-4
0.603, 3.014e-4
0.602, 2.841e-4
0.601, 2.679e-4
0.600, 2.516e-4
0.599, 2.363e-4
0.598, 2.211e-4
0.597, 2.064e-4
0.596, 1.926e-4
0.595, 1.787e-4
0.594, 1.654e-4
0.593, 1.523e-4
0.592, 1.402e-4
0.591, 1.279e-4
0.590, 1.169e-4
0.589, 1.052e-4
0.588, 9.418e-5
0.587, 8.412e-5
0.586, 7.430e-5
0.585, 6.462e-5
0.584, 5.536e-5
0.583, 4.650e-5
0.582, 3.793e-5
0.581, 2.972e-5
0.580, 2.207e-5
0.579, 1.437e-5
0.578, 6.844e-6
0.577, -3.515e-7
0.576, -6.737e-6
0.575, -1.373e-5
0.574, -1.993e-5
0.573, -2.589e-5
0.572, -3.158e-5
0.571, -3.699e-5
0.570, -4.262e-5
0.569, -4.759e-5
0.568, -5.282e-5
0.567, -5.719e-5
0.566, -6.175e-5
0.565, -6.644e-5
0.564, -7.015e-5
0.563, -7.450e-5
0.562, -7.839e-5
0.561, -8.215e-5
0.560, -8.574e-5
0.559, -8.918e-5
0.558, -9.244e-5
0.557, -9.563e-5
0.556, -9.871e-5
0.555, -1.017e-4
0.554, -1.044e-4
0.553, -1.071e-4
0.552, -1.096e-4
0.551, -1.129e-4
0.550, -1.147e-4
0.549, -1.171e-4
0.548, -1.195e-4
0.547, -1.215e-4
0.546, -1.239e-4
0.545, -1.261e-4
0.544, -1.280e-4
0.543, -1.304e-4
0.542, -1.320e-4
0.541, -1.341e-4
0.540, -1.362e-4
0.539, -1.381e-4
0.538, -1.403e-4
0.537, -1.419e-4
0.536, -1.432e-4
0.535, -1.450e-4
0.534, -1.465e-4
0.533, -1.480e-4
0.532, -1.498e-4
0.531, -1.515e-4
0.530, -1.530e-4
0.529, -1.546e-4
0.528, -1.559e-4
0.527, -1.573e-4
0.526, -1.587e-4
0.525, -1.600e-4
0.524, -1.613e-4
0.523, -1.630e-4
0.522, -1.644e-4
0.521, -1.658e-4
0.520, -1.675e-4
0.519, -1.685e-4
0.518, -1.700e-4
0.517, -1.712e-4
0.516, -1.724e-4
0.515, -1.737e-4
0.514, -1.751e-4
0.513, -1.765e-4
0.512, -1.800e-4
0.511, -1.815e-4
0.510, -1.820e-4
0.509, -1.834e-4
0.508, -1.847e-4
0.507, -1.858e-4
0.506, -1.873e-4
0.505, -1.885e-4
0.504, -1.898e-4
0.503, -1.911e-4
0.502, -1.924e-4
0.501, -1.942e-4
0.500, -1.957e-4
0.499, -1.965e-4
0.498, -1.984e-4
0.497, -2.001e-4
0.496, -2.014e-4
0.495, -2.034e-4
0.494, -2.050e-4
0.493, -2.070e-4
0.492, -2.091e-4
0.491, -2.109e-4
0.490, -2.127e-4
0.489, -2.144e-4
0.488, -2.163e-4
0.487, -2.183e-4
0.486, -2.211e-4
0.485, -2.231e-4
0.484, -2.249e-4
0.483, -2.270e-4
0.482, -2.294e-4
0.481, -2.317e-4
0.480, -2.342e-4
0.479, -2.371e-4
0.478, -2.393e-4
0.477, -2.418e-4
0.476, -2.446e-4
0.475, -2.474e-4
0.474, -2.502e-4
0.473, -2.526e-4
0.472, -2.564e-4
0.471, -2.602e-4
0.470, -2.631e-4
0.469, -2.666e-4
0.468, -2.705e-4
0.467, -2.741e-4
0.466, -2.776e-4
0.465, -2.819e-4
0.464, -2.864e-4
0.463, -2.905e-4
0.462, -2.951e-4
0.461, -3.001e-4
0.460, -3.052e-4
0.459, -3.104e-4
0.458, -3.153e-4
0.457, -3.209e-4
0.456, -3.265e-4
0.455, -3.328e-4
0.454, -3.390e-4
0.453, -3.451e-4
0.452, -3.517e-4
0.451, -3.588e-4
0.450, -3.661e-4
0.449, -3.732e-4
0.448, -3.804e-4
0.447, -3.886e-4
0.446, -3.964e-4
0.445, -4.053e-4
0.444, -4.140e-4
0.443, -4.232e-4
0.442, -4.329e-4
0.441, -4.427e-4
0.440, -4.532e-4
0.439, -4.637e-4
0.438, -4.742e-4
0.437, -4.851e-4
0.436, -4.966e-4
0.435, -5.090e-4
0.434, -5.212e-4
0.433, -5.333e-4
0.432, -5.456e-4
0.431, -5.587e-4
0.430, -5.715e-4
0.429, -5.847e-4
0.428, -5.984e-4
0.427, -6.115e-4
0.426, -6.251e-4
0.425, -6.386e-4
0.424, -6.533e-4
0.423, -6.671e-4
0.422, -6.811e-4
0.421, -6.958e-4
0.420, -7.104e-4
0.419, -7.250e-4
0.418, -7.392e-4
0.417, -7.540e-4
0.416, -7.687e-4
0.415, -7.835e-4
0.414, -7.980e-4
0.413, -8.122e-4
0.412, -8.273e-4
0.411, -8.420e-4
0.410, -8.536e-4
0.409, -8.595e-4
0.408, -8.753e-4
0.407, -8.912e-4
0.406, -9.065e-4
0.405, -9.224e-4
0.404, -9.382e-4
0.403, -9.537e-4
0.402, -9.696e-4
0.401, -9.854e-4
0.400, -1.001e-3
0.399, -1.017e-3
0.398, -1.033e-3
0.397, -1.049e-3
0.396, -1.065e-3
0.395, -1.081e-3
0.394, -1.098e-3
0.393, -1.114e-3
0.392, -1.130e-3
0.391, -1.146e-3
0.390, -1.162e-3
0.389, -1.179e-3
0.388, -1.195e-3
0.387, -1.210e-3
0.386, -1.225e-3
0.385, -1.240e-3
0.384, -1.255e-3
0.383, -1.270e-3
0.382, -1.283e-3
0.381, -1.295e-3
0.380, -1.307e-3
0.379, -1.318e-3
0.378, -1.329e-3
0.377, -1.338e-3
0.376, -1.346e-3
0.375, -1.353e-3
0.374, -1.358e-3
0.373, -1.362e-3
0.372, -1.364e-3
0.371, -1.363e-3
0.370, -1.361e-3
0.369, -1.357e-3
0.368, -1.351e-3
0.367, -1.342e-3
0.366, -1.330e-3
0.365, -1.316e-3
0.364, -1.299e-3
0.363, -1.278e-3
0.362, -1.255e-3
0.361, -1.229e-3
0.360, -1.200e-3
0.359, -1.168e-3
0.358, -1.134e-3
0.357, -1.097e-3
0.356, -1.058e-3
0.355, -1.017e-3
0.354, -9.756e-4
0.353, -9.327e-4
0.352, -8.888e-4
0.351, -8.451e-4
0.350, -8.013e-4
0.349, -7.583e-4
0.348, -7.165e-4
0.347, -6.757e-4
0.346, -6.367e-4
0.345, -5.994e-4
0.344, -5.648e-4
0.343, -5.316e-4
0.342, -5.007e-4
0.341, -4.719e-4
0.340, -4.448e-4
0.339, -4.198e-4
0.338, -3.968e-4
0.337, -3.755e-4
0.336, -3.558e-4
0.335, -3.371e-4
0.334, -3.200e-4
0.333, -3.043e-4
0.332, -2.897e-4
0.331, -2.758e-4
0.330, -2.635e-4
0.329, -2.514e-4
0.328, -2.406e-4
0.327, -2.305e-4
0.326, -2.211e-4
0.325, -2.124e-4
0.324, -2.038e-4
0.323, -1.961e-4
0.322, -1.890e-4
0.321, -1.824e-4
0.320, -1.759e-4
0.319, -1.701e-4
0.318, -1.645e-4
0.317, -1.591e-4
0.316, -1.542e-4
0.315, -1.493e-4
0.314, -1.448e-4
0.313, -1.407e-4
0.312, -1.364e-4
0.311, -1.324e-4
0.310, -1.289e-4
0.309, -1.253e-4
0.308, -1.219e-4
0.307, -1.192e-4
0.306, -1.163e-4
0.305, -1.134e-4
0.304, -1.101e-4
0.303, -1.075e-4
0.302, -1.049e-4
0.301, -1.026e-4
0.300, -1.002e-4
0.299, -9.786e-5
0.298, -9.568e-5
0.297, -9.372e-5
0.296, -9.184e-5
0.295, -8.989e-5
0.294, -8.787e-5
0.293, -8.591e-5
0.292, -8.416e-5
0.291, -8.250e-5
0.290, -8.085e-5
0.289, -7.950e-5
0.288, -7.791e-5
0.287, -7.647e-5
0.286, -7.497e-5
0.285, -7.359e-5
0.284, -7.220e-5
0.283, -7.101e-5
0.282, -6.986e-5
0.281, -6.881e-5
0.280, -6.782e-5
0.279, -6.684e-5
0.278, -6.569e-5
0.277, -6.457e-5
0.276, -6.347e-5
0.275, -6.236e-5
0.274, -6.130e-5
0.273, -6.018e-5
0.272, -5.923e-5
0.271, -5.838e-5
0.270, -5.749e-5
0.269, -5.659e-5
0.268, -5.581e-5
0.267, -5.497e-5
0.266, -5.415e-5
0.265, -5.342e-5
0.264, -5.270e-5
0.263, -5.195e-5
0.262, -5.118e-5
0.261, -5.035e-5
0.260, -4.969e-5
0.259, -4.895e-5
0.258, -4.840e-5
0.257, -4.778e-5
0.256, -4.707e-5
0.255, -4.647e-5
0.254, -4.589e-5
0.253, -4.530e-5
0.252, -4.479e-5
0.251, -4.422e-5
0.250, -4.375e-5
0.249, -4.325e-5
0.248, -4.277e-5
0.247, -4.235e-5
0.246, -4.181e-5
0.245, -4.134e-5
0.244, -4.087e-5
0.243, -4.028e-5
0.242, -3.983e-5
0.241, -3.939e-5
0.240, -3.890e-5
0.239, -3.847e-5
0.238, -3.802e-5
0.237, -3.757e-5
0.236, -3.707e-5
0.235, -3.668e-5
0.234, -3.622e-5
0.233, -3.596e-5
0.232, -3.543e-5
0.231, -3.508e-5
0.230, -3.472e-5
0.229, -3.442e-5
0.228, -3.404e-5
0.227, -3.366e-5
0.226, -3.331e-5
0.225, -3.303e-5
0.224, -3.266e-5
0.223, -3.236e-5
0.222, -3.203e-5
0.221, -3.173e-5
0.220, -3.149e-5
0.219, -3.117e-5
0.218, -3.079e-5
0.217, -3.061e-5
0.216, -3.034e-5
0.215, -3.003e-5
0.214, -2.969e-5
0.213, -2.953e-5
0.212, -2.928e-5
0.211, -2.901e-5
0.210, -2.866e-5
0.209, -2.849e-5
0.208, -2.812e-5
0.207, -2.799e-5
0.206, -2.768e-5
0.205, -2.730e-5
0.204, -2.725e-5
0.203, -2.699e-5
0.202, -2.684e-5
0.201, -2.650e-5
0.200, -2.441e-5
0.201, -2.046e-5
0.202, -1.893e-5
0.203, -1.788e-5
0.204, -1.699e-5
0.205, -1.627e-5
0.206, -1.552e-5
0.207, -1.470e-5
0.208, -1.404e-5
0.209, -1.332e-5
0.210, -1.279e-5
0.211, -1.231e-5
0.212, -1.185e-5
0.213, -1.142e-5
0.214, -1.095e-5
0.215, -1.057e-5
0.216, -1.016e-5
0.217, -9.705e-6
0.218, -9.393e-6
0.219, -9.100e-6
0.220, -8.690e-6
0.221, -8.407e-6
0.222, -8.036e-6
0.223, -7.733e-6
0.224, -7.538e-6
0.225, -7.186e-6
0.226, -6.981e-6
0.227, -6.766e-6
0.228, -6.483e-6
0.229, -6.298e-6
0.230, -5.956e-6
0.231, -5.702e-6
0.232, -5.419e-6
0.233, -5.204e-6
0.234, -4.921e-6
0.235, -4.648e-6
0.236, -4.384e-6
0.237, -4.306e-6
0.238, -4.071e-6
0.239, -3.788e-6
0.240, -3.632e-6
0.241, -3.359e-6
0.242, -3.203e-6
0.243, -2.958e-6
0.244, -2.744e-6
0.245, -2.539e-6
0.246, -2.294e-6
0.247, -2.148e-6
0.248, -1.914e-6
0.249, -1.718e-6
0.250, -1.494e-6
0.251, -1.299e-6
0.252, -1.142e-6
0.253, -9.276e-7
0.254, -7.713e-7
0.255, -4.980e-7
0.256, -3.613e-7
0.257, -1.757e-7
0.258, -5.858e-8
0.259, 2.539e-7
0.260, 4.491e-7
0.261, 6.249e-7
0.262, 8.397e-7
0.263, 1.045e-6
0.264, 1.191e-6
0.265, 1.377e-6
0.266, 1.494e-6
0.267, 1.826e-6
0.268, 1.894e-6
0.269, 2.089e-6
0.270, 2.324e-6
0.271, 2.587e-6
0.272, 2.744e-6
0.273, 2.958e-6
0.274, 3.163e-6
0.275, 3.369e-6
0.276, 3.554e-6
0.277, 3.740e-6
0.278, 3.886e-6
0.279, 4.150e-6
0.280, 4.413e-6
0.281, 4.482e-6
0.282, 4.755e-6
0.283, 4.862e-6
0.284, 5.077e-6
0.285, 5.321e-6
0.286, 5.517e-6
0.287, 5.751e-6
0.288, 5.995e-6
0.289, 6.180e-6
0.290, 6.376e-6
0.291, 6.630e-6
0.292, 6.903e-6
0.293, 6.962e-6
0.294, 7.196e-6
0.295, 7.450e-6
0.296, 7.665e-6
0.297, 7.879e-6
0.298, 8.182e-6
0.299, 8.436e-6
0.300, 8.778e-6
0.301, 8.992e-6
0.302, 9.197e-6
0.303, 9.471e-6
0.304, 9.715e-6
0.305, 9.969e-6
0.306, 1.027e-5
0.307, 1.066e-5
0.308, 1.094e-5
0.309, 1.110e-5
0.310, 1.139e-5
0.311, 1.169e-5
0.312, 1.188e-5
0.313, 1.216e-5
0.314, 1.250e-5
0.315, 1.278e-5
0.316, 1.306e-5
0.317, 1.336e-5
0.318, 1.371e-5
0.319, 1.402e-5
0.320, 1.421e-5
0.321, 1.446e-5
0.322, 1.488e-5
0.323, 1.513e-5
0.324, 1.546e-5
0.325, 1.580e-5
0.326, 1.609e-5
0.327, 1.641e-5
0.328, 1.675e-5
0.329, 1.703e-5
0.330, 1.730e-5
0.331, 1.774e-5
0.332, 1.802e-5
0.333, 1.844e-5
0.334, 1.874e-5
0.335, 1.915e-5
0.336, 1.945e-5
0.337, 1.984e-5
0.338, 2.014e-5
0.339, 2.053e-5
0.340, 2.095e-5
0.341, 2.131e-5
0.342, 2.181e-5
0.343, 2.219e-5
0.344, 2.258e-5
0.345, 2.294e-5
0.346, 2.335e-5
0.347, 2.379e-5
0.348, 2.427e-5
0.349, 2.463e-5
0.350, 2.511e-5
0.351, 2.553e-5
0.352, 2.593e-5
0.353, 2.643e-5
0.354, 2.679e-5
0.355, 2.722e-5
0.356, 2.768e-5
0.357, 2.810e-5
0.358, 2.857e-5
0.359, 2.899e-5
0.360, 2.934e-5
0.361, 2.987e-5
0.362, 3.031e-5
0.363, 3.076e-5
0.364, 3.125e-5
0.365, 3.166e-5
0.366, 3.226e-5
0.367, 3.267e-5
0.368, 3.326e-5
0.369, 3.384e-5
0.370, 3.437e-5
0.371, 3.489e-5
0.372, 3.537e-5
0.373, 3.601e-5
0.374, 3.655e-5
0.375, 3.712e-5
0.376, 3.775e-5
0.377, 3.833e-5
0.378, 3.889e-5
0.379, 3.943e-5
0.380, 4.001e-5
0.381, 4.053e-5
0.382, 4.117e-5
0.383, 4.174e-5
0.384, 4.243e-5
0.385, 4.317e-5
0.386, 4.385e-5
0.387, 4.454e-5
0.388, 4.524e-5
0.389, 4.595e-5
0.390, 4.674e-5
0.391, 4.765e-5
0.392, 4.837e-5
0.393, 4.911e-5
0.394, 4.987e-5
0.395, 5.070e-5
0.396, 5.158e-5
0.397, 5.215e-5
0.398, 5.311e-5
0.399, 5.393e-5
0.400, 5.477e-5
0.401, 5.587e-5
0.402, 5.683e-5
0.403, 5.795e-5
0.404, 5.912e-5
0.405, 6.014e-5
0.406, 6.131e-5
0.407, 6.247e-5
0.408, 6.346e-5
0.409, 6.458e-5
0.410, 6.353e-5
0.411, 6.579e-5
0.412, 6.764e-5
0.413, 6.920e-5
0.414, 7.097e-5
0.415, 7.258e-5
0.416, 7.435e-5
0.417, 7.604e-5
0.418, 7.768e-5
0.419, 7.952e-5
0.420, 8.161e-5
0.421, 8.397e-5
0.422, 8.638e-5
0.423, 8.870e-5
0.424, 9.133e-5
0.425, 9.409e-5
0.426, 9.710e-5
0.427, 1.005e-4
0.428, 1.040e-4
0.429, 1.081e-4
0.430, 1.124e-4
0.431, 1.168e-4
0.432, 1.219e-4
0.433, 1.272e-4
0.434, 1.334e-4
0.435, 1.403e-4
0.436, 1.476e-4
0.437, 1.555e-4
0.438, 1.646e-4
0.439, 1.738e-4
0.440, 1.846e-4
0.441, 1.964e-4
0.442, 2.090e-4
0.443, 2.227e-4
0.444, 2.382e-4
0.445, 2.541e-4
0.446, 2.722e-4
0.447, 2.919e-4
0.448, 3.129e-4
0.449, 3.354e-4
0.450, 3.599e-4
0.451, 3.863e-4
0.452, 4.150e-4
0.453, 4.457e-4
0.454, 4.782e-4
0.455, 5.131e-4
0.456, 5.501e-4
0.457, 5.890e-4
0.458, 6.303e-4
0.459, 6.742e-4
0.460, 7.203e-4
0.461, 7.686e-4
0.462, 8.186e-4
0.463, 8.704e-4
0.464, 9.234e-4
0.465, 9.779e-4
0.466, 1.033e-3
0.467, 1.089e-3
0.468, 1.145e-3
0.469, 1.201e-3
0.470, 1.257e-3
0.471, 1.312e-3
0.472, 1.367e-3
0.473, 1.420e-3
0.474, 1.472e-3
0.475, 1.522e-3
0.476, 1.571e-3
0.477, 1.618e-3
0.478, 1.664e-3
0.479, 1.706e-3
0.480, 1.747e-3
0.481, 1.785e-3
0.482, 1.821e-3
0.483, 1.855e-3
0.484, 1.885e-3
0.485, 1.913e-3
0.486, 1.938e-3
0.487, 1.961e-3
0.488, 1.980e-3
0.489, 1.997e-3
0.490, 2.010e-3
0.491, 2.020e-3
0.492, 2.026e-3
0.493, 2.029e-3
0.494, 2.029e-3
0.495, 2.025e-3
0.496, 2.017e-3
0.497, 2.006e-3
0.498, 1.991e-3
0.499, 1.971e-3
0.500, 1.948e-3
0.501, 1.921e-3
0.502, 1.891e-3
0.503, 1.857e-3
0.504, 1.820e-3
0.505, 1.780e-3
0.506, 1.738e-3
0.507, 1.693e-3
0.508, 1.646e-3
0.509, 1.597e-3
0.510, 1.547e-3
0.511, 1.496e-3
0.512, 1.447e-3
0.513, 1.397e-3
0.514, 1.347e-3
0.515, 1.297e-3
0.516, 1.248e-3
0.517, 1.200e-3
0.518, 1.154e-3
0.519, 1.108e-3
0.520, 1.064e-3
0.521, 1.022e-3
0.522, 9.798e-4
0.523, 9.399e-4
0.524, 9.008e-4
0.525, 8.627e-4
0.526, 8.264e-4
0.527, 7.913e-4
0.528, 7.576e-4
0.529, 7.255e-4
0.530, 6.950e-4
0.531, 6.659e-4
0.532, 6.379e-4
0.533, 6.113e-4
0.534, 5.866e-4
0.535, 5.629e-4
0.536, 5.409e-4
0.537, 5.204e-4
0.538, 5.011e-4
0.539, 4.831e-4
0.540, 4.658e-4
0.541, 4.502e-4
0.542, 4.361e-4
0.543, 4.223e-4
0.544, 4.101e-4
0.545, 3.989e-4
0.546, 3.878e-4
0.547, 3.782e-4
0.548, 3.696e-4
0.549, 3.613e-4
0.550, 3.535e-4
0.551, 3.463e-4
0.552, 3.406e-4
0.553, 3.351e-4
0.554, 3.298e-4
0.555, 3.250e-4
0.556, 3.209e-4
0.557, 3.173e-4
0.558, 3.142e-4
0.559, 3.112e-4
0.560, 3.090e-4
0.561, 3.066e-4
0.562, 3.042e-4
0.563, 3.026e-4
0.564, 3.015e-4
0.565, 3.003e-4
0.566, 2.997e-4
0.567, 2.992e-4
0.568, 2.994e-4
0.569, 2.998e-4
0.570, 3.001e-4
0.571, 3.011e-4
0.572, 3.021e-4
0.573, 3.036e-4
0.574, 3.057e-4
0.575, 3.074e-4
0.576, 3.092e-4
0.577, 3.117e-4
0.578, 3.147e-4
0.579, 3.183e-4
0.580, 3.216e-4
0.581, 3.252e-4
0.582, 3.299e-4
0.583, 3.347e-4
0.584, 3.398e-4
0.585, 3.450e-4
0.586, 3.501e-4
0.587, 3.565e-4
0.588, 3.629e-4
0.589, 3.699e-4
0.590, 3.770e-4
0.591, 3.848e-4
0.592, 3.931e-4
0.593, 4.016e-4
0.594, 4.106e-4
0.595, 4.202e-4
0.596, 4.303e-4
0.597, 4.407e-4
0.598, 4.519e-4
0.599, 4.627e-4
0.600, 4.746e-4
0.601, 4.873e-4
0.602, 4.998e-4
0.603, 5.133e-4
0.604, 5.273e-4
0.605, 5.422e-4
0.606, 5.571e-4
0.607, 5.729e-4
0.608, 5.893e-4
0.609, 6.058e-4
0.610, 6.232e-4
0.611, 6.416e-4
0.612, 6.599e-4
0.613, 6.791e-4
0.614, 6.988e-4
0.615, 7.176e-4
0.616, 7.394e-4
0.617, 7.615e-4
0.618, 7.835e-4
0.619, 8.064e-4
0.620, 8.300e-4
0.621, 8.542e-4
0.622, 8.788e-4
0.623, 9.040e-4
0.624, 9.298e-4
0.625, 9.564e-4
0.626, 9.832e-4
0.627, 1.011e-3
0.628, 1.039e-3
0.629, 1.067e-3
0.630, 1.097e-3
0.631, 1.127e-3
0.632, 1.158e-3
0.633, 1.188e-3
0.634, 1.220e-3
0.635, 1.252e-3
0.636, 1.285e-3
0.637, 1.318e-3
0.638, 1.352e-3
0.639, 1.386e-3
0.640, 1.421e-3
0.641, 1.457e-3
0.642, 1.493e-3
0.643, 1.530e-3
0.644, 1.567e-3
0.645, 1.604e-3
0.646, 1.642e-3
0.647, 1.681e-3
0.648, 1.720e-3
0.649, 1.759e-3
0.650, 1.798e-3
0.651, 1.839e-3
0.652, 1.880e-3
0.653, 1.920e-3
0.654, 1.962e-3
0.655, 2.004e-3
0.656, 2.047e-3
0.657, 2.090e-3
0.658, 2.133e-3
0.659, 2.177e-3
0.660, 2.220e-3
0.661, 2.265e-3
0.662, 2.310e-3
0.663, 2.355e-3
0.664, 2.401e-3
0.665, 2.447e-3
0.666, 2.494e-3
0.667, 2.541e-3
0.668, 2.587e-3
0.669, 2.634e-3
0.670, 2.682e-3
0.671, 2.730e-3
0.672, 2.778e-3
0.673, 2.827e-3
0.674, 2.876e-3
0.675, 2.925e-3
0.676, 2.974e-3
0.677, 3.024e-3
0.678, 3.074e-3
0.679, 3.124e-3
0.680, 3.175e-3
0.681, 3.226e-3
0.682, 3.277e-3
0.683, 3.329e-3
0.684, 3.380e-3
0.685, 3.432e-3
0.686, 3.485e-3
0.687, 3.537e-3
0.688, 3.590e-3
0.689, 3.644e-3
0.690, 3.697e-3
0.691, 3.750e-3
0.692, 3.804e-3
0.693, 3.858e-3
0.694, 3.913e-3
0.695, 3.967e-3
0.696, 4.022e-3
0.697, 4.077e-3
0.698, 4.132e-3
0.699, 4.188e-3
0.700, 4.243e-3
0.701, 4.298e-3
0.702, 4.354e-3
0.703, 4.410e-3
0.704, 4.466e-3
0.705, 4.522e-3
0.706, 4.578e-3
0.707, 4.635e-3
0.708, 4.692e-3
0.709, 4.749e-3
0.710, 4.807e-3
0.711, 4.864e-3
0.712, 4.921e-3
0.713, 4.979e-3
0.714, 5.037e-3
0.715, 5.096e-3
0.716, 5.154e-3
0.717, 5.215e-3
0.718, 5.274e-3
0.719, 5.333e-3
0.720, 5.392e-3
0.721, 5.451e-3
0.722, 5.511e-3
0.723, 5.570e-3
0.724, 5.630e-3
0.725, 5.689e-3
0.726, 5.749e-3
0.727, 5.809e-3
0.728, 5.868e-3
0.729, 5.928e-3
0.730, 5.988e-3
0.731, 6.048e-3
0.732, 6.108e-3
0.733, 6.169e-3
0.734, 6.230e-3
0.735, 6.291e-3
0.736, 6.352e-3
0.737, 6.413e-3
0.738, 6.474e-3
0.739, 6.535e-3
0.740, 6.597e-3
0.741, 6.658e-3
0.742, 6.721e-3
0.743, 6.783e-3
0.744, 6.845e-3
0.745, 6.907e-3
0.746, 6.969e-3
0.747, 7.031e-3
0.748, 7.093e-3
0.749, 7.156e-3
0.750, 7.219e-3
0.751, 7.281e-3
0.752, 7.344e-3
0.753, 7.406e-3
0.754, 7.469e-3
0.755, 7.532e-3
0.756, 7.594e-3
0.757, 7.656e-3
0.758, 7.720e-3
0.759, 7.783e-3
0.760, 7.846e-3
0.761, 7.910e-3
0.762, 7.974e-3
0.763, 8.037e-3
0.764, 8.101e-3
0.765, 8.164e-3
0.766, 8.229e-3
0.767, 8.293e-3
0.768, 8.357e-3
0.769, 8.421e-3
0.770, 8.486e-3
0.771, 8.550e-3
0.772, 8.614e-3
0.773, 8.679e-3
0.774, 8.743e-3
0.775, 8.808e-3
0.776, 8.872e-3
0.777, 8.937e-3
0.778, 9.001e-3
0.779, 9.066e-3
0.780, 9.131e-3
0.781, 9.195e-3
0.782, 9.260e-3
0.783, 9.325e-3
0.784, 9.390e-3
0.785, 9.455e-3
0.786, 9.520e-3
0.787, 9.586e-3
0.788, 9.651e-3
0.789, 9.716e-3
0.790, 9.782e-3
0.791, 9.847e-3
0.792, 9.913e-3
0.793, 9.978e-3
0.794, 1.004e-2
0.795, 1.011e-2
0.796, 1.018e-2
0.797, 1.024e-2
0.798, 1.031e-2
0.799, 1.037e-2
0.800, 1.042e-2
0.799, 1.037e-2
0.798, 1.031e-2
0.797, 1.024e-2
0.796, 1.017e-2
0.795, 1.010e-2
0.794, 1.003e-2
0.793, 9.966e-3
0.792, 9.899e-3
0.791, 9.832e-3
0.790, 9.765e-3
0.789, 9.698e-3
0.788, 9.630e-3
0.787, 9.564e-3
0.786, 9.497e-3
0.785, 9.430e-3
0.784, 9.364e-3
0.783, 9.297e-3
0.782, 9.231e-3
0.781, 9.165e-3
0.780, 9.099e-3
0.779, 9.033e-3
0.778, 8.967e-3
0.777, 8.902e-3
0.776, 8.836e-3
0.775, 8.770e-3
0.774, 8.705e-3
0.773, 8.639e-3
0.772, 8.573e-3
0.771, 8.508e-3
0.770, 8.442e-3
0.769, 8.378e-3
0.768, 8.313e-3
0.767, 8.247e-3
0.766, 8.182e-3
0.765, 8.117e-3
0.764, 8.053e-3
0.763, 7.988e-3
0.762, 7.923e-3
0.761, 7.859e-3
0.760, 7.794e-3
0.759, 7.730e-3
0.758, 7.666e-3
0.757, 7.603e-3
0.756, 7.539e-3
0.755, 7.475e-3
0.754, 7.412e-3
0.753, 7.349e-3
0.752, 7.285e-3
0.751, 7.222e-3
0.750, 7.159e-3
0.749, 7.096e-3
0.748, 7.032e-3
0.747, 6.969e-3
0.746, 6.906e-3
0.745, 6.843e-3
0.744, 6.781e-3
0.743, 6.718e-3
0.742, 6.655e-3
0.741, 6.593e-3
0.740, 6.530e-3
0.739, 6.469e-3
0.738, 6.407e-3
0.737, 6.346e-3
0.736, 6.284e-3
0.735, 6.222e-3
0.734, 6.161e-3
0.733, 6.100e-3
0.732, 6.039e-3
0.731, 5.978e-3
0.730, 5.917e-3
0.729, 5.857e-3
0.728, 5.797e-3
0.727, 5.737e-3
0.726, 5.677e-3
0.725, 5.617e-3
0.724, 5.557e-3
0.723, 5.497e-3
0.722, 5.437e-3
0.721, 5.378e-3
0.720, 5.318e-3
0.719, 5.259e-3
0.718, 5.200e-3
0.717, 5.140e-3
0.716, 5.079e-3
0.715, 5.020e-3
0.714, 4.962e-3
0.713, 4.904e-3
0.712, 4.846e-3
0.711, 4.788e-3
0.710, 4.731e-3
0.709, 4.673e-3
0.708, 4.616e-3
0.707, 4.559e-3
0.706, 4.502e-3
0.705, 4.446e-3
0.704, 4.389e-3
0.703, 4.333e-3
0.702, 4.277e-3
0.701, 4.221e-3
0.700, 4.166e-3
0.699, 4.110e-3
0.698, 4.055e-3
0.697, 4.000e-3
0.696, 3.945e-3
0.695, 3.890e-3
0.694, 3.835e-3
0.693, 3.781e-3
0.692, 3.727e-3
0.691, 3.673e-3
0.690, 3.619e-3
0.689, 3.566e-3
0.688, 3.512e-3
0.687, 3.459e-3
0.686, 3.407e-3
0.685, 3.354e-3
0.684, 3.303e-3
0.683, 3.251e-3
0.682, 3.199e-3
0.681, 3.148e-3
0.680, 3.097e-3
0.679, 3.046e-3
0.678, 2.996e-3
0.677, 2.946e-3
0.676, 2.896e-3
0.675, 2.846e-3
0.674, 2.797e-3
0.673, 2.748e-3
0.672, 2.699e-3
0.671, 2.650e-3
0.670, 2.602e-3
0.669, 2.554e-3
0.668, 2.507e-3
0.667, 2.460e-3
0.666, 2.413e-3
0.665, 2.366e-3
0.664, 2.319e-3
0.663, 2.273e-3
0.662, 2.227e-3
0.661, 2.182e-3
0.660, 2.137e-3
0.659, 2.093e-3
0.658, 2.049e-3
0.657, 2.005e-3
0.656, 1.961e-3
0.655, 1.918e-3
0.654, 1.875e-3
0.653, 1.833e-3
0.652, 1.791e-3
0.651, 1.750e-3
0.650, 1.708e-3
0.649, 1.668e-3
0.648, 1.627e-3
0.647, 1.588e-3
0.646, 1.548e-3
0.645, 1.509e-3
0.644, 1.470e-3
0.643, 1.432e-3
0.642, 1.394e-3
0.641, 1.357e-3
0.640, 1.319e-3
0.639, 1.283e-3
0.638, 1.247e-3
0.637, 1.212e-3
0.636, 1.177e-3
0.635, 1.142e-3
0.634, 1.108e-3
0.633, 1.075e-3
0.632, 1.042e-3
0.631, 1.009e-3
0.630, 9.774e-4
0.629, 9.460e-4
0.628, 9.147e-4
0.627, 8.847e-4
0.626, 8.544e-4
0.625, 8.247e-4
0.624, 7.959e-4
0.623, 7.674e-4
0.622, 7.392e-4
0.621, 7.113e-4
0.620, 6.844e-4
0.619, 6.585e-4
0.618, 6.326e-4
0.617, 6.073e-4
0.616, 5.826e-4
0.615, 5.585e-4
0.614, 5.364e-4
0.613, 5.129e-4
0.612, 4.898e-4
0.611, 4.677e-4
0.610, 4.464e-4
0.609, 4.252e-4
0.608, 4.042e-4
0.607, 3.842e-4
0.606, 3.650e-4
0.605, 3.461e-4
0.604, 3.275e-4
0.603, 3.094e-4
0.602, 2.923e-4
0.601, 2.758e-4
0.600, 2.588e-4
0.599, 2.428e-4
0.598, 2.276e-4
0.597, 2.130e-4
0.596, 1.985e-4
0.595, 1.845e-4
0.594, 1.709e-4
0.593, 1.578e-4
0.592, 1.450e-4
0.591, 1.327e-4
0.590, 1.213e-4
0.589, 1.096e-4
0.588, 9.811e-5
0.587, 8.828e-5
0.586, 7.777e-5
0.585, 6.802e-5
0.584, 5.862e-5
0.583, 4.922e-5
0.582, 4.030e-5
0.581, 3.208e-5
0.580, 2.421e-5
0.579, 1.637e-5
0.578, 8.787e-6
0.577, 1.406e-6
0.576, -5.243e-6
0.575, -1.214e-5
0.574, -1.854e-5
0.573, -2.461e-5
0.572, -3.038e-5
0.571, -3.601e-5
0.570, -4.176e-5
0.569, -4.688e-5
0.568, -5.204e-5
0.567, -5.692e-5
0.566, -6.149e-5
0.565, -6.619e-5
0.564, -7.019e-5
0.563, -7.482e-5
0.562, -7.856e-5
0.561, -8.203e-5
0.560, -8.538e-5
0.559, -8.954e-5
0.558, -9.280e-5
0.557, -9.604e-5
0.556, -9.910e-5
0.555, -1.024e-4
0.554, -1.051e-4
0.553, -1.078e-4
0.552, -1.108e-4
0.551, -1.137e-4
0.550, -1.156e-4
0.549, -1.180e-4
0.548, -1.206e-4
0.547, -1.228e-4
0.546, -1.253e-4
0.545, -1.273e-4
0.544, -1.294e-4
0.543, -1.316e-4
0.542, -1.334e-4
0.541, -1.355e-4
0.540, -1.376e-4
0.539, -1.396e-4
0.538, -1.415e-4
0.537, -1.435e-4
0.536, -1.451e-4
0.535, -1.469e-4
0.534, -1.479e-4
0.533, -1.496e-4
0.532, -1.513e-4
0.531, -1.529e-4
0.530, -1.544e-4
0.529, -1.559e-4
0.528, -1.574e-4
0.527, -1.589e-4
0.526, -1.605e-4
0.525, -1.617e-4
0.524, -1.629e-4
0.523, -1.647e-4
0.522, -1.663e-4
0.521, -1.674e-4
0.520, -1.689e-4
0.519, -1.705e-4
0.518, -1.719e-4
0.517, -1.730e-4
0.516, -1.744e-4
0.515, -1.756e-4
0.514, -1.771e-4
0.513, -1.782e-4
0.512, -1.818e-4
0.511, -1.835e-4
0.510, -1.838e-4
0.509, -1.849e-4
0.508, -1.858e-4
0.507, -1.875e-4
0.506, -1.892e-4
0.505, -1.902e-4
0.504, -1.913e-4
0.503, -1.927e-4
0.502, -1.940e-4
0.501, -1.960e-4
0.500, -1.978e-4
0.499, -1.984e-4
0.498, -2.001e-4
0.497, -2.016e-4
0.496, -2.034e-4
0.495, -2.053e-4
0.494, -2.070e-4
0.493, -2.095e-4
0.492, -2.112e-4
0.491, -2.127e-4
0.490, -2.145e-4
0.489, -2.163e-4
0.488, -2.185e-4
0.487, -2.206e-4
0.486, -2.232e-4
0.485, -2.250e-4
0.484, -2.270e-4
0.483, -2.290e-4
0.482, -2.314e-4
0.481, -2.340e-4
0.480, -2.364e-4
0.479, -2.391e-4
0.478, -2.415e-4
0.477, -2.440e-4
0.476, -2.467e-4
0.475, -2.497e-4
0.474, -2.525e-4
0.473, -2.549e-4
0.472, -2.585e-4
0.471, -2.621e-4
0.470, -2.653e-4
0.469, -2.690e-4
0.468, -2.729e-4
0.467, -2.764e-4
0.466, -2.802e-4
0.465, -2.843e-4
0.464, -2.887e-4
0.463, -2.931e-4
0.462, -2.977e-4
0.461, -3.028e-4
0.460, -3.080e-4
0.459, -3.128e-4
0.458, -3.181e-4
0.457, -3.235e-4
0.456, -3.292e-4
0.455, -3.352e-4
0.454, -3.415e-4
0.453, -3.485e-4
0.452, -3.552e-4
0.451, -3.621e-4
0.450, -3.694e-4
0.449, -3.766e-4
0.448, -3.843e-4
0.447, -3.923e-4
0.446, -4.001e-4
0.445, -4.093e-4
0.444, -4.178e-4
0.443, -4.271e-4
0.442, -4.373e-4
0.441, -4.473e-4
0.440, -4.575e-4
0.439, -4.683e-4
0.438, -4.790e-4
0.437, -4.903e-4
0.436, -5.019e-4
0.435, -5.143e-4
0.434, -5.266e-4
0.433, -5.389e-4
0.432, -5.517e-4
0.431, -5.646e-4
0.430, -5.780e-4
0.429, -5.912e-4
0.428, -6.050e-4
0.427, -6.191e-4
0.426, -6.329e-4
0.425, -6.473e-4
0.424, -6.614e-4
0.423, -6.760e-4
0.422, -6.898e-4
0.421, -7.046e-4
0.420, -7.190e-4
0.419, -7.338e-4
0.418, -7.489e-4
0.417, -7.639e-4
0.416, -7.794e-4
0.415, -7.940e-4
0.414, -8.087e-4
0.413, -8.239e-4
0.412, -8.387e-4
0.411, -8.536e-4
0.410, -8.661e-4
0.409, -8.722e-4
0.408, -8.882e-4
0.407, -9.042e-4
0.406, -9.197e-4
0.405, -9.358e-4
0.404, -9.521e-4
0.403, -9.680e-4
0.402, -9.842e-4
0.401, -1.000e-3
0.400, -1.016e-3
0.399, -1.033e-3
0.398, -1.049e-3
0.397, -1.065e-3
0.396, -1.081e-3
0.395, -1.098e-3
0.394, -1.115e-3
0.393, -1.132e-3
0.392, -1.148e-3
0.391, -1.165e-3
0.390, -1.182e-3
0.389, -1.199e-3
0.388, -1.216e-3
0.387, -1.232e-3
0.386, -1.248e-3
0.385, -1.263e-3
0.384, -1.279e-3
0.383, -1.294e-3
0.382, -1.307e-3
0.381, -1.321e-3
0.380, -1.334e-3
0.379, -1.346e-3
0.378, -1.356e-3
0.377, -1.366e-3
0.376, -1.375e-3
0.375, -1.383e-3
0.374, -1.388e-3
0.373, -1.393e-3
0.372, -1.396e-3
0.371, -1.397e-3
0.370, -1.395e-3
0.369, -1.392e-3
0.368, -1.387e-3
0.367, -1.379e-3
0.366, -1.368e-3
0.365, -1.354e-3
0.364, -1.338e-3
0.363, -1.318e-3
0.362, -1.296e-3
0.361, -1.270e-3
0.360, -1.241e-3
0.359, -1.209e-3
0.358, -1.175e-3
0.357, -1.138e-3
0.356, -1.098e-3
0.355, -1.056e-3
0.354, -1.013e-3
0.353, -9.685e-4
0.352, -9.235e-4
0.351, -8.781e-4
0.350, -8.326e-4
0.349, -7.877e-4
0.348, -7.434e-4
0.347, -7.012e-4
0.346, -6.600e-4
0.345, -6.204e-4
0.344, -5.838e-4
0.343, -5.494e-4
0.342, -5.165e-4
0.341, -4.861e-4
0.340, -4.579e-4
0.339, -4.314e-4
0.338, -4.071e-4
0.337, -3.853e-4
0.336, -3.643e-4
0.335, -3.450e-4
0.334, -3.271e-4
0.333, -3.109e-4
0.332, -2.958e-4
0.331, -2.816e-4
0.330, -2.686e-4
0.329, -2.563e-4
0.328, -2.451e-4
0.327, -2.346e-4
0.326, -2.248e-4
0.325, -2.160e-4
0.324, -2.074e-4
0.323, -1.993e-4
0.322, -1.921e-4
0.321, -1.853e-4
0.320, -1.786e-4
0.319, -1.725e-4
0.318, -1.671e-4
0.317, -1.615e-4
0.316, -1.563e-4
0.315, -1.514e-4
0.314, -1.468e-4
0.313, -1.427e-4
0.312, -1.385e-4
0.311, -1.344e-4
0.310, -1.306e-4
0.309, -1.271e-4
0.308, -1.237e-4
0.307, -1.209e-4
0.306, -1.178e-4
0.305, -1.150e-4
0.304, -1.120e-4
0.303, -1.090e-4
0.302, -1.064e-4
0.301, -1.040e-4
0.300, -1.017e-4
0.299, -9.932e-5
0.298, -9.718e-5
0.297, -9.500e-5
0.296, -9.302e-5
0.295, -9.125e-5
0.294, -8.922e-5
0.293, -8.738e-5
0.292, -8.544e-5
0.291, -8.369e-5
0.290, -8.219e-5
0.289, -8.057e-5
0.288, -7.913e-5
0.287, -7.766e-5
0.286, -7.617e-5
0.285, -7.476e-5
0.284, -7.340e-5
0.283, -7.204e-5
0.282, -7.076e-5
0.281, -6.969e-5
0.280, -6.871e-5
0.279, -6.768e-5
0.278, -6.666e-5
0.277, -6.574e-5
0.276, -6.459e-5
0.275, -6.342e-5
0.274, -6.226e-5
0.273, -6.122e-5
0.272, -6.019e-5
0.271, -5.925e-5
0.270, -5.838e-5
0.269, -5.738e-5
0.268, -5.669e-5
0.267, -5.582e-5
0.266, -5.505e-5
0.265, -5.435e-5
0.264, -5.353e-5
0.263, -5.286e-5
0.262, -5.207e-5
0.261, -5.134e-5
0.260, -5.063e-5
0.259, -4.979e-5
0.258, -4.916e-5
0.257, -4.851e-5
0.256, -4.787e-5
0.255, -4.730e-5
0.254, -4.668e-5
0.253, -4.606e-5
0.252, -4.556e-5
0.251, -4.503e-5
0.250, -4.448e-5
0.249, -4.400e-5
0.248, -4.350e-5
0.247, -4.304e-5
0.246, -4.253e-5
0.245, -4.215e-5
0.244, -4.158e-5
0.243, -4.105e-5
0.242, -4.064e-5
0.241, -4.012e-5
0.240, -3.965e-5
0.239, -3.921e-5
0.238, -3.868e-5
0.237, -3.833e-5
0.236, -3.793e-5
0.235, -3.752e-5
0.234, -3.696e-5
0.233, -3.660e-5
0.232, -3.617e-5
0.231, -3.577e-5
0.230, -3.534e-5
0.229, -3.498e-5
0.228, -3.470e-5
0.227, -3.429e-5
0.226, -3.397e-5
0.225, -3.355e-5
0.224, -3.328e-5
0.223, -3.294e-5
0.222, -3.264e-5
0.221, -3.232e-5
0.220, -3.197e-5
0.219, -3.171e-5
0.218, -3.141e-5
0.217, -3.114e-5
0.216, -3.090e-5
0.215, -3.058e-5
0.214, -3.031e-5
0.213, -3.001e-5
0.212, -2.978e-5
0.211, -2.947e-5
0.210, -2.919e-5
0.209, -2.896e-5
0.208, -2.873e-5
0.207, -2.847e-5
0.206, -2.822e-5
0.205, -2.795e-5
0.204, -2.766e-5
0.203, -2.751e-5
0.202, -2.728e-5
0.201, -2.713e-5
0.200, -2.488e-5
0.201, -2.080e-5
0.202, -1.927e-5
0.203, -1.827e-5
0.204, -1.738e-5
0.205, -1.666e-5
0.206, -1.580e-5
0.207, -1.512e-5
0.208, -1.442e-5
0.209, -1.385e-5
0.210, -1.327e-5
0.211, -1.271e-5
0.212, -1.216e-5
0.213, -1.172e-5
0.214, -1.125e-5
0.215, -1.086e-5
0.216, -1.052e-5
0.217, -1.008e-5
0.218, -9.734e-6
0.219, -9.422e-6
0.220, -9.090e-6
0.221, -8.719e-6
0.222, -8.348e-6
0.223, -8.065e-6
0.224, -7.782e-6
0.225, -7.499e-6
0.226, -7.235e-6
0.227, -6.932e-6
0.228, -6.659e-6
0.229, -6.454e-6
0.230, -6.161e-6
0.231, -5.927e-6
0.232, -5.712e-6
0.233, -5.526e-6
0.234, -5.263e-6
0.235, -4.950e-6
0.236, -4.687e-6
0.237, -4.443e-6
0.238, -4.335e-6
0.239, -4.071e-6
0.240, -3.847e-6
0.241, -3.671e-6
0.242, -3.427e-6
0.243, -3.222e-6
0.244, -3.007e-6
0.245, -2.861e-6
0.246, -2.578e-6
0.247, -2.334e-6
0.248, -2.177e-6
0.249, -1.972e-6
0.250, -1.718e-6
0.251, -1.582e-6
0.252, -1.308e-6
0.253, -1.123e-6
0.254, -9.959e-7
0.255, -7.128e-7
0.256, -5.468e-7
0.257, -3.417e-7
0.258, -1.074e-7
0.259, 9.764e-8
0.260, 2.636e-7
0.261, 4.589e-7
0.262, 7.030e-7
0.263, 8.397e-7
0.264, 9.959e-7
0.265, 1.211e-6
0.266, 1.416e-6
0.267, 1.582e-6
0.268, 1.787e-6
0.269, 1.894e-6
0.270, 2.177e-6
0.271, 2.451e-6
0.272, 2.587e-6
0.273, 2.783e-6
0.274, 2.949e-6
0.275, 3.203e-6
0.276, 3.369e-6
0.277, 3.574e-6
0.278, 3.740e-6
0.279, 4.023e-6
0.280, 4.198e-6
0.281, 4.384e-6
0.282, 4.560e-6
0.283, 4.687e-6
0.284, 4.999e-6
0.285, 5.185e-6
0.286, 5.341e-6
0.287, 5.653e-6
0.288, 5.839e-6
0.289, 6.122e-6
0.290, 6.317e-6
0.291, 6.503e-6
0.292, 6.766e-6
0.293, 6.893e-6
0.294, 7.137e-6
0.295, 7.401e-6
0.296, 7.577e-6
0.297, 7.918e-6
0.298, 8.123e-6
0.299, 8.368e-6
0.300, 8.680e-6
0.301, 8.895e-6
0.302, 9.168e-6
0.303, 9.451e-6
0.304, 9.656e-6
0.305, 9.998e-6
0.306, 1.027e-5
0.307, 1.055e-5
0.308, 1.090e-5
0.309, 1.107e-5
0.310, 1.139e-5
0.311, 1.166e-5
0.312, 1.189e-5
0.313, 1.224e-5
0.314, 1.250e-5
0.315, 1.278e-5
0.316, 1.309e-5
0.317, 1.332e-5
0.318, 1.366e-5
0.319, 1.400e-5
0.320, 1.414e-5
0.321, 1.448e-5
0.322, 1.483e-5
0.323, 1.509e-5
0.324, 1.550e-5
0.325, 1.569e-5
0.326, 1.608e-5
0.327, 1.646e-5
0.328, 1.674e-5
0.329, 1.705e-5
0.330, 1.738e-5
0.331, 1.780e-5
0.332, 1.810e-5
0.333, 1.846e-5
0.334, 1.881e-5
0.335, 1.912e-5
0.336, 1.944e-5
0.337, 1.991e-5
0.338, 2.019e-5
0.339, 2.068e-5
0.340, 2.111e-5
0.341, 2.140e-5
0.342, 2.179e-5
0.343, 2.232e-5
0.344, 2.274e-5
0.345, 2.311e-5
0.346, 2.342e-5
0.347, 2.386e-5
0.348, 2.435e-5
0.349, 2.471e-5
0.350, 2.520e-5
0.351, 2.564e-5
0.352, 2.608e-5
0.353, 2.653e-5
0.354, 2.692e-5
0.355, 2.727e-5
0.356, 2.773e-5
0.357, 2.828e-5
0.358, 2.871e-5
0.359, 2.914e-5
0.360, 2.960e-5
0.361, 3.005e-5
0.362, 3.045e-5
0.363, 3.091e-5
0.364, 3.139e-5
0.365, 3.186e-5
0.366, 3.244e-5
0.367, 3.297e-5
0.368, 3.351e-5
0.369, 3.414e-5
0.370, 3.464e-5
0.371, 3.515e-5
0.372, 3.575e-5
0.373, 3.635e-5
0.374, 3.688e-5
0.375, 3.741e-5
0.376, 3.799e-5
0.377, 3.862e-5
0.378, 3.913e-5
0.379, 3.974e-5
0.380, 4.044e-5
0.381, 4.097e-5
0.382, 4.157e-5
0.383, 4.222e-5
0.384, 4.287e-5
0.385, 4.355e-5
0.386, 4.423e-5
0.387, 4.493e-5
0.388, 4.570e-5
0.389, 4.638e-5
0.390, 4.731e-5
0.391, 4.806e-5
0.392, 4.883e-5
0.393, 4.965e-5
0.394, 5.036e-5
0.395, 5.112e-5
0.396, 5.203e-5
0.397, 5.271e-5
0.398, 5.359e-5
0.399, 5.444e-5
0.400, 5.548e-5
0.401, 5.646e-5
0.402, 5.744e-5
0.403, 5.869e-5
0.404, 5.972e-5
0.405, 6.079e-5
0.406, 6.198e-5
0.407, 6.307e-5
0.408, 6.414e-5
0.409, 6.513e-5
0.410, 6.427e-5
0.411, 6.661e-5
0.412, 6.839e-5
0.413, 7.000e-5
0.414, 7.173e-5
0.415, 7.340e-5
0.416, 7.516e-5
0.417, 7.683e-5
0.418, 7.852e-5
0.419, 8.029e-5
0.420, 8.266e-5
0.421, 8.504e-5
0.422, 8.739e-5
0.423, 8.981e-5
0.424, 9.230e-5
0.425, 9.537e-5
0.426, 9.850e-5
0.427, 1.018e-4
0.428, 1.054e-4
0.429, 1.096e-4
0.430, 1.141e-4
0.431, 1.187e-4
0.432, 1.239e-4
0.433, 1.292e-4
0.434, 1.356e-4
0.435, 1.426e-4
0.436, 1.501e-4
0.437, 1.586e-4
0.438, 1.677e-4
0.439, 1.772e-4
0.440, 1.884e-4
0.441, 2.005e-4
0.442, 2.135e-4
0.443, 2.274e-4
0.444, 2.429e-4
0.445, 2.601e-4
0.446, 2.784e-4
0.447, 2.986e-4
0.448, 3.199e-4
0.449, 3.435e-4
0.450, 3.684e-4
0.451, 3.959e-4
0.452, 4.250e-4
0.453, 4.564e-4
0.454, 4.898e-4
0.455, 5.253e-4
0.456, 5.631e-4
0.457, 6.029e-4
0.458, 6.451e-4
0.459, 6.897e-4
0.460, 7.364e-4
0.461, 7.855e-4
0.462, 8.366e-4
0.463, 8.890e-4
0.464, 9.426e-4
0.465, 9.973e-4
0.466, 1.053e-3
0.467, 1.109e-3
0.468, 1.166e-3
0.469, 1.222e-3
0.470, 1.279e-3
0.471, 1.335e-3
0.472, 1.390e-3
0.473, 1.443e-3
0.474, 1.495e-3
0.475, 1.546e-3
0.476, 1.596e-3
0.477, 1.644e-3
0.478, 1.689e-3
0.479, 1.733e-3
0.480, 1.774e-3
0.481, 1.813e-3
0.482, 1.848e-3
0.483, 1.883e-3
0.484, 1.914e-3
0.485, 1.943e-3
0.486, 1.969e-3
0.487, 1.993e-3
0.488, 2.013e-3
0.489, 2.030e-3
0.490, 2.044e-3
0.491, 2.055e-3
0.492, 2.063e-3
0.493, 2.067e-3
0.494, 2.067e-3
0.495, 2.065e-3
0.496, 2.058e-3
0.497, 2.047e-3
0.498, 2.033e-3
0.499, 2.015e-3
0.500, 1.993e-3
0.501, 1.967e-3
0.502, 1.937e-3
0.503, 1.904e-3
0.504, 1.867e-3
0.505, 1.827e-3
0.506, 1.784e-3
0.507, 1.739e-3
0.508, 1.691e-3
0.509, 1.642e-3
0.510, 1.591e-3
0.511, 1.539e-3
0.512, 1.489e-3
0.513, 1.438e-3
0.514, 1.386e-3
0.515, 1.334e-3
0.516, 1.283e-3
0.517, 1.233e-3
0.518, 1.185e-3
0.519, 1.139e-3
0.520, 1.093e-3
0.521, 1.048e-3
0.522, 1.005e-3
0.523, 9.632e-4
0.524, 9.226e-4
0.525, 8.827e-4
0.526, 8.449e-4
0.527, 8.085e-4
0.528, 7.731e-4
0.529, 7.396e-4
0.530, 7.078e-4
0.531, 6.773e-4
0.532, 6.485e-4
0.533, 6.207e-4
0.534, 5.950e-4
0.535, 5.704e-4
0.536, 5.476e-4
0.537, 5.262e-4
0.538, 5.067e-4
0.539, 4.881e-4
0.540, 4.704e-4
0.541, 4.543e-4
0.542, 4.397e-4
0.543, 4.255e-4
0.544, 4.129e-4
0.545, 4.014e-4
0.546, 3.902e-4
0.547, 3.801e-4
0.548, 3.712e-4
0.549, 3.636e-4
0.550, 3.555e-4
0.551, 3.478e-4
0.552, 3.420e-4
0.553, 3.365e-4
0.554, 3.312e-4
0.555, 3.262e-4
0.556, 3.221e-4
0.557, 3.188e-4
0.558, 3.154e-4
0.559, 3.126e-4
0.560, 3.100e-4
0.561, 3.080e-4
0.562, 3.058e-4
0.563, 3.046e-4
0.564, 3.035e-4
0.565, 3.024e-4
0.566, 3.020e-4
0.567, 3.014e-4
0.568, 3.013e-4
0.569, 3.019e-4
0.570, 3.025e-4
0.571, 3.034e-4
0.572, 3.048e-4
0.573, 3.062e-4
0.574, 3.080e-4
0.575, 3.100e-4
0.576, 3.118e-4
0.577, 3.145e-4
0.578, 3.178e-4
0.579, 3.212e-4
0.580, 3.244e-4
0.581, 3.287e-4
0.582, 3.336e-4
0.583, 3.385e-4
0.584, 3.434e-4
0.585, 3.486e-4
0.586, 3.548e-4
0.587, 3.609e-4
0.588, 3.676e-4
0.589, 3.745e-4
0.590, 3.824e-4
0.591, 3.903e-4
0.592, 3.985e-4
0.593, 4.070e-4
0.594, 4.167e-4
0.595, 4.263e-4
0.596, 4.366e-4
0.597, 4.472e-4
0.598, 4.585e-4
0.599, 4.698e-4
0.600, 4.822e-4
0.601, 4.952e-4
0.602, 5.078e-4
0.603, 5.216e-4
0.604, 5.363e-4
0.605, 5.512e-4
0.606, 5.665e-4
0.607, 5.827e-4
0.608, 5.991e-4
0.609, 6.161e-4
0.610, 6.339e-4
0.611, 6.528e-4
0.612, 6.712e-4
0.613, 6.909e-4
0.614, 7.111e-4
0.615, 7.305e-4
0.616, 7.523e-4
0.617, 7.745e-4
0.618, 7.972e-4
0.619, 8.206e-4
0.620, 8.447e-4
0.621, 8.692e-4
0.622, 8.945e-4
0.623, 9.198e-4
0.624, 9.459e-4
0.625, 9.729e-4
0.626, 1.000e-3
0.627, 1.028e-3
0.628, 1.056e-3
0.629, 1.085e-3
0.630, 1.115e-3
0.631, 1.145e-3
0.632, 1.176e-3
0.633, 1.207e-3
0.634, 1.240e-3
0.635, 1.273e-3
0.636, 1.306e-3
0.637, 1.339e-3
0.638, 1.374e-3
0.639, 1.408e-3
0.640, 1.444e-3
0.641, 1.480e-3
0.642, 1.516e-3
0.643, 1.553e-3
0.644, 1.591e-3
0.645, 1.629e-3
0.646, 1.668e-3
0.647, 1.706e-3
0.648, 1.745e-3
0.649, 1.785e-3
0.650, 1.825e-3
0.651, 1.866e-3
0.652, 1.907e-3
0.653, 1.949e-3
0.654, 1.991e-3
0.655, 2.033e-3
0.656, 2.076e-3
0.657, 2.119e-3
0.658, 2.163e-3
0.659, 2.207e-3
0.660, 2.251e-3
0.661, 2.296e-3
0.662, 2.342e-3
0.663, 2.387e-3
0.664, 2.433e-3
0.665, 2.480e-3
0.666, 2.526e-3
0.667, 2.573e-3
0.668, 2.621e-3
0.669, 2.668e-3
0.670, 2.716e-3
0.671, 2.764e-3
0.672, 2.813e-3
0.673, 2.862e-3
0.674, 2.911e-3
0.675, 2.960e-3
0.676, 3.010e-3
0.677, 3.060e-3
0.678, 3.111e-3
0.679, 3.161e-3
0.680, 3.213e-3
0.681, 3.264e-3
0.682, 3.315e-3
0.683, 3.367e-3
0.684, 3.419e-3
0.685, 3.472e-3
0.686, 3.525e-3
0.687, 3.578e-3
0.688, 3.631e-3
0.689, 3.684e-3
0.690, 3.737e-3
0.691, 3.791e-3
0.692, 3.846e-3
0.693, 3.900e-3
0.694, 3.955e-3
0.695, 4.009e-3
0.696, 4.064e-3
0.697, 4.119e-3
0.698, 4.174e-3
0.699, 4.230e-3
0.700, 4.286e-3
0.701, 4.341e-3
0.702, 4.397e-3
0.703, 4.454e-3
0.704, 4.509e-3
0.705, 4.566e-3
0.706, 4.622e-3
0.707, 4.680e-3
0.708, 4.737e-3
0.709, 4.794e-3
0.710, 4.852e-3
0.711, 4.910e-3
0.712, 4.968e-3
0.713, 5.026e-3
0.714, 5.084e-3
0.715, 5.143e-3
0.716, 5.201e-3
0.717, 5.262e-3
0.718, 5.322e-3
0.719, 5.381e-3
0.720, 5.440e-3
0.721, 5.500e-3
0.722, 5.559e-3
0.723, 5.619e-3
0.724, 5.678e-3
0.725, 5.738e-3
0.726, 5.798e-3
0.727, 5.858e-3
0.728, 5.918e-3
0.729, 5.978e-3
0.730, 6.038e-3
0.731, 6.098e-3
0.732, 6.159e-3
0.733, 6.220e-3
0.734, 6.281e-3
0.735, 6.342e-3
0.736, 6.403e-3
0.737, 6.465e-3
0.738, 6.526e-3
0.739, 6.588e-3
0.740, 6.650e-3
0.741, 6.712e-3
0.742, 6.774e-3
0.743, 6.836e-3
0.744, 6.898e-3
0.745, 6.960e-3
0.746, 7.022e-3
0.747, 7.085e-3
0.748, 7.147e-3
0.749, 7.210e-3
0.750, 7.273e-3
0.751, 7.335e-3
0.752, 7.398e-3
0.753, 7.460e-3
0.754, 7.523e-3
0.755, 7.587e-3
0.756, 7.649e-3
0.757, 7.712e-3
0.758, 7.776e-3
0.759, 7.840e-3
0.760, 7.903e-3
0.761, 7.966e-3
0.762, 8.030e-3
0.763, 8.094e-3
0.764, 8.158e-3
0.765, 8.222e-3
0.766, 8.287e-3
0.767, 8.351e-3
0.768, 8.415e-3
0.769, 8.479e-3
0.770, 8.544e-3
0.771, 8.609e-3
0.772, 8.673e-3
0.773, 8.738e-3
0.774, 8.802e-3
0.775, 8.867e-3
0.776, 8.931e-3
0.777, 8.996e-3
0.778, 9.061e-3
0.779, 9.126e-3
0.780, 9.191e-3
0.781, 9.255e-3
0.782, 9.320e-3
0.783, 9.386e-3
0.784, 9.451e-3
0.785, 9.516e-3
0.786, 9.581e-3
0.787, 9.647e-3
0.788, 9.712e-3
0.789, 9.778e-3
0.790, 9.844e-3
0.791, 9.910e-3
0.792, 9.975e-3
0.793, 1.004e-2
0.794, 1.011e-2
0.795, 1.017e-2
0.796, 1.024e-2
0.797, 1.031e-2
0.798, 1.037e-2
0.799, 1.044e-2
0.800, 1.048e-2
0.799, 1.044e-2
0.798, 1.037e-2
0.797, 1.030e-2
0.796, 1.023e-2
0.795, 1.017e-2
0.794, 1.010e-2
0.793, 1.003e-2
0.792, 9.963e-3
0.791, 9.896e-3
0.790, 9.828e-3
0.789, 9.761e-3
0.788, 9.693e-3
0.787, 9.626e-3
0.786, 9.559e-3
0.785, 9.493e-3
0.784, 9.426e-3
0.783, 9.359e-3
0.782, 9.293e-3
0.781, 9.227e-3
0.780, 9.161e-3
0.779, 9.095e-3
0.778, 9.028e-3
0.777, 8.963e-3
0.776, 8.897e-3
0.775, 8.831e-3
0.774, 8.765e-3
0.773, 8.699e-3
0.772, 8.634e-3
0.771, 8.568e-3
0.770, 8.502e-3
0.769, 8.437e-3
0.768, 8.371e-3
0.767, 8.306e-3
0.766, 8.241e-3
0.765, 8.175e-3
0.764, 8.110e-3
0.763, 8.046e-3
0.762, 7.981e-3
0.761, 7.916e-3
0.760, 7.852e-3
0.759, 7.787e-3
0.758, 7.723e-3
0.757, 7.658e-3
0.756, 7.595e-3
0.755, 7.531e-3
0.754, 7.467e-3
0.753, 7.404e-3
0.752, 7.340e-3
0.751, 7.277e-3
0.750, 7.213e-3
0.749, 7.150e-3
0.748, 7.087e-3
0.747, 7.023e-3
0.746, 6.960e-3
0.745, 6.897e-3
0.744, 6.835e-3
0.743, 6.772e-3
0.742, 6.709e-3
0.741, 6.646e-3
0.740, 6.583e-3
0.739, 6.521e-3
0.738, 6.459e-3
0.737, 6.397e-3
0.736, 6.335e-3
0.735, 6.273e-3
0.734, 6.212e-3
0.733, 6.150e-3
0.732, 6.089e-3
0.731, 6.028e-3
0.730, 5.967e-3
0.729, 5.907e-3
0.728, 5.846e-3
0.727, 5.786e-3
0.726, 5.726e-3
0.725, 5.665e-3
0.724, 5.605e-3
0.723, 5.545e-3
0.722, 5.485e-3
0.721, 5.425e-3
0.720, 5.366e-3
0.719, 5.306e-3
0.718, 5.247e-3
0.717, 5.186e-3
0.716, 5.125e-3
0.715, 5.067e-3
0.714, 5.008e-3
0.713, 4.950e-3
0.712, 4.891e-3
0.711, 4.833e-3
0.710, 4.776e-3
0.709, 4.718e-3
0.708, 4.660e-3
0.707, 4.603e-3
0.706, 4.546e-3
0.705, 4.489e-3
0.704, 4.432e-3
0.703, 4.376e-3
0.702, 4.319e-3
0.701, 4.264e-3
0.700, 4.208e-3
0.699, 4.152e-3
0.698, 4.097e-3
0.697, 4.041e-3
0.696, 3.986e-3
0.695, 3.931e-3
0.694, 3.876e-3
0.693, 3.821e-3
0.692, 3.766e-3
0.691, 3.712e-3
0.690, 3.658e-3
0.689, 3.605e-3
0.688, 3.551e-3
0.687, 3.497e-3
0.686, 3.444e-3
0.685, 3.392e-3
0.684, 3.340e-3
0.683, 3.288e-3
0.682, 3.236e-3
0.681, 3.184e-3
0.680, 3.133e-3
0.679, 3.081e-3
0.678, 3.031e-3
0.677, 2.980e-3
0.676, 2.930e-3
0.675, 2.881e-3
0.674, 2.831e-3
0.673, 2.781e-3
0.672, 2.732e-3
0.671, 2.683e-3
0.670, 2.635e-3
0.669, 2.586e-3
0.668, 2.539e-3
0.667, 2.491e-3
0.666, 2.444e-3
0.665, 2.396e-3
0.664, 2.350e-3
0.663, 2.303e-3
0.662, 2.257e-3
0.661, 2.211e-3
0.660, 2.166e-3
0.659, 2.121e-3
0.658, 2.076e-3
0.657, 2.032e-3
0.656, 1.989e-3
0.655, 1.945e-3
0.654, 1.902e-3
0.653, 1.859e-3
0.652, 1.817e-3
0.651, 1.775e-3
0.650, 1.733e-3
0.649, 1.692e-3
0.648, 1.652e-3
0.647, 1.611e-3
0.646, 1.571e-3
0.645, 1.532e-3
0.644, 1.493e-3
0.643, 1.454e-3
0.642, 1.416e-3
0.641, 1.378e-3
0.640, 1.341e-3
0.639, 1.304e-3
0.638, 1.267e-3
0.637, 1.231e-3
0.636, 1.196e-3
0.635, 1.162e-3
0.634, 1.127e-3
0.633, 1.093e-3
0.632, 1.059e-3
0.631, 1.027e-3
0.630, 9.944e-4
0.629, 9.627e-4
0.628, 9.310e-4
0.627, 9.004e-4
0.626, 8.699e-4
0.625, 8.403e-4
0.624, 8.108e-4
0.623, 7.819e-4
0.622, 7.533e-4
0.621, 7.254e-4
0.620, 6.981e-4
0.619, 6.711e-4
0.618, 6.453e-4
0.617, 6.195e-4
0.616, 5.946e-4
0.615, 5.701e-4
0.614, 5.480e-4
0.613, 5.238e-4
0.612, 5.007e-4
0.611, 4.781e-4
0.610, 4.563e-4
0.609, 4.348e-4
0.608, 4.137e-4
0.607, 3.932e-4
0.606, 3.734e-4
0.605, 3.540e-4
0.604, 3.353e-4
0.603, 3.172e-4
0.602, 2.996e-4
0.601, 2.825e-4
0.600, 2.657e-4
0.599, 2.495e-4
0.598, 2.341e-4
0.597, 2.188e-4
0.596, 2.042e-4
0.595, 1.900e-4
0.594, 1.759e-4
0.593, 1.626e-4
0.592, 1.495e-4
0.591, 1.372e-4
0.590, 1.252e-4
0.589, 1.135e-4
0.588, 1.019e-4
0.587, 9.132e-5
0.586, 8.083e-5
0.585, 7.092e-5
0.584, 6.141e-5
0.583, 5.181e-5
0.582, 4.289e-5
0.581, 3.431e-5
0.580, 2.601e-5
0.579, 1.851e-5
0.578, 1.074e-5
0.577, 3.134e-6
0.576, -3.788e-6
0.575, -1.070e-5
0.574, -1.749e-5
0.573, -2.344e-5
0.572, -2.955e-5
0.571, -3.522e-5
0.570, -4.117e-5
0.569, -4.654e-5
0.568, -5.168e-5
0.567, -5.669e-5
0.566, -6.126e-5
0.565, -6.604e-5
0.564, -7.025e-5
0.563, -7.471e-5
0.562, -7.873e-5
0.561, -8.221e-5
0.560, -8.612e-5
0.559, -8.990e-5
0.558, -9.314e-5
0.557, -9.659e-5
0.556, -9.999e-5
0.555, -1.028e-4
0.554, -1.058e-4
0.553, -1.085e-4
0.552, -1.116e-4
0.551, -1.147e-4
0.550, -1.164e-4
0.549, -1.190e-4
0.548, -1.213e-4
0.547, -1.236e-4
0.546, -1.261e-4
0.545, -1.284e-4
0.544, -1.307e-4
0.543, -1.328e-4
0.542, -1.346e-4
0.541, -1.366e-4
0.540, -1.385e-4
0.539, -1.406e-4
0.538, -1.425e-4
0.537, -1.448e-4
0.536, -1.461e-4
0.535, -1.480e-4
0.534, -1.493e-4
0.533, -1.512e-4
0.532, -1.529e-4
0.531, -1.542e-4
0.530, -1.561e-4
0.529, -1.576e-4
0.528, -1.589e-4
0.527, -1.607e-4
0.526, -1.619e-4
0.525, -1.633e-4
0.524, -1.646e-4
0.523, -1.660e-4
0.522, -1.676e-4
0.521, -1.689e-4
0.520, -1.707e-4
0.519, -1.722e-4
0.518, -1.729e-4
0.517, -1.745e-4
0.516, -1.761e-4
0.515, -1.772e-4
0.514, -1.788e-4
0.513, -1.803e-4
0.512, -1.834e-4
0.511, -1.853e-4
0.510, -1.857e-4
0.509, -1.864e-4
0.508, -1.878e-4
0.507, -1.890e-4
0.506, -1.904e-4
0.505, -1.919e-4
0.504, -1.933e-4
0.503, -1.950e-4
0.502, -1.961e-4
0.501, -1.975e-4
0.500, -1.991e-4
0.499, -1.999e-4
0.498, -2.019e-4
0.497, -2.038e-4
0.496, -2.056e-4
0.495, -2.074e-4
0.494, -2.093e-4
0.493, -2.112e-4
0.492, -2.130e-4
0.491, -2.148e-4
0.490, -2.167e-4
0.489, -2.180e-4
0.488, -2.202e-4
0.487, -2.223e-4
0.486, -2.247e-4
0.485, -2.268e-4
0.484, -2.286e-4
0.483, -2.308e-4
0.482, -2.332e-4
0.481, -2.357e-4
0.480, -2.384e-4
0.479, -2.410e-4
0.478, -2.437e-4
0.477, -2.462e-4
0.476, -2.488e-4
0.475, -2.517e-4
0.474, -2.543e-4
0.473, -2.571e-4
0.472, -2.606e-4
0.471, -2.639e-4
0.470, -2.672e-4
0.469, -2.709e-4
0.468, -2.745e-4
0.467, -2.784e-4
0.466, -2.830e-4
0.465, -2.868e-4
0.464, -2.910e-4
0.463, -2.955e-4
0.462, -3.000e-4
0.461, -3.049e-4
0.460, -3.106e-4
0.459, -3.152e-4
0.458, -3.206e-4
0.457, -3.260e-4
0.456, -3.317e-4
0.455, -3.381e-4
0.454, -3.446e-4
0.453, -3.510e-4
0.452, -3.581e-4
0.451, -3.649e-4
0.450, -3.723e-4
0.449, -3.797e-4
0.448, -3.876e-4
0.447, -3.952e-4
0.446, -4.031e-4
0.445, -4.124e-4
0.444, -4.213e-4
0.443, -4.310e-4
0.442, -4.411e-4
0.441, -4.512e-4
0.440, -4.614e-4
0.439, -4.724e-4
0.438, -4.836e-4
0.437, -4.953e-4
0.436, -5.071e-4
0.435, -5.195e-4
0.434, -5.320e-4
0.433, -5.446e-4
0.432, -5.580e-4
0.431, -5.711e-4
0.430, -5.840e-4
0.429, -5.977e-4
0.428, -6.113e-4
0.427, -6.255e-4
0.426, -6.398e-4
0.425, -6.544e-4
0.424, -6.686e-4
0.423, -6.839e-4
0.422, -6.980e-4
0.421, -7.131e-4
0.420, -7.286e-4
0.419, -7.431e-4
0.418, -7.583e-4
0.417, -7.735e-4
0.416, -7.890e-4
0.415, -8.042e-4
0.414, -8.194e-4
0.413, -8.349e-4
0.412, -8.498e-4
0.411, -8.649e-4
0.410, -8.780e-4
0.409, -8.843e-4
0.408, -9.005e-4
0.407, -9.169e-4
0.406, -9.329e-4
0.405, -9.494e-4
0.404, -9.653e-4
0.403, -9.815e-4
0.402, -9.985e-4
0.401, -1.015e-3
0.400, -1.031e-3
0.399, -1.048e-3
0.398, -1.065e-3
0.397, -1.081e-3
0.396, -1.098e-3
0.395, -1.115e-3
0.394, -1.132e-3
0.393, -1.149e-3
0.392, -1.167e-3
0.391, -1.184e-3
0.390, -1.201e-3
0.389, -1.219e-3
0.388, -1.236e-3
0.387, -1.252e-3
0.386, -1.269e-3
0.385, -1.285e-3
0.384, -1.302e-3
0.383, -1.317e-3
0.382, -1.332e-3
0.381, -1.346e-3
0.380, -1.359e-3
0.379, -1.371e-3
0.378, -1.383e-3
0.377, -1.394e-3
0.376, -1.403e-3
0.375, -1.412e-3
0.374, -1.418e-3
0.373, -1.423e-3
0.372, -1.427e-3
0.371, -1.429e-3
0.370, -1.429e-3
0.369, -1.426e-3
0.368, -1.422e-3
0.367, -1.415e-3
0.366, -1.405e-3
0.365, -1.392e-3
0.364, -1.376e-3
0.363, -1.357e-3
0.362, -1.336e-3
0.361, -1.310e-3
0.360, -1.282e-3
0.359, -1.251e-3
0.358, -1.216e-3
0.357, -1.179e-3
0.356, -1.138e-3
0.355, -1.096e-3
0.354, -1.052e-3
0.353, -1.006e-3
0.352, -9.590e-4
0.351, -9.119e-4
0.350, -8.647e-4
0.349, -8.181e-4
0.348, -7.720e-4
0.347, -7.271e-4
0.346, -6.842e-4
0.345, -6.429e-4
0.344, -6.041e-4
0.343, -5.678e-4
0.342, -5.333e-4
0.341, -5.013e-4
0.340, -4.716e-4
0.339, -4.438e-4
0.338, -4.183e-4
0.337, -3.951e-4
0.336, -3.736e-4
0.335, -3.535e-4
0.334, -3.347e-4
0.333, -3.178e-4
0.332, -3.021e-4
0.331, -2.874e-4
0.330, -2.739e-4
0.329, -2.614e-4
0.328, -2.496e-4
0.327, -2.392e-4
0.326, -2.288e-4
0.325, -2.196e-4
0.324, -2.113e-4
0.323, -2.026e-4
0.322, -1.951e-4
0.321, -1.881e-4
0.320, -1.813e-4
0.319, -1.753e-4
0.318, -1.695e-4
0.317, -1.642e-4
0.316, -1.587e-4
0.315, -1.538e-4
0.314, -1.491e-4
0.313, -1.446e-4
0.312, -1.406e-4
0.311, -1.366e-4
0.310, -1.325e-4
0.309, -1.290e-4
0.308, -1.256e-4
0.307, -1.226e-4
0.306, -1.193e-4
0.305, -1.166e-4
0.304, -1.138e-4
0.303, -1.108e-4
0.302, -1.080e-4
0.301, -1.055e-4
0.300, -1.032e-4
0.299, -1.009e-4
0.298, -9.855e-5
0.297, -9.636e-5
0.296, -9.434e-5
0.295, -9.256e-5
0.294, -9.064e-5
0.293, -8.872e-5
0.292, -8.686e-5
0.291, -8.494e-5
0.290, -8.332e-5
0.289, -8.178e-5
0.288, -8.030e-5
0.287, -7.888e-5
0.286, -7.748e-5
0.285, -7.596e-5
0.284, -7.463e-5
0.283, -7.321e-5
0.282, -7.192e-5
0.281, -7.079e-5
0.280, -6.965e-5
0.279, -6.864e-5
0.278, -6.764e-5
0.277, -6.671e-5
0.276, -6.571e-5
0.275, -6.455e-5
0.274, -6.345e-5
0.273, -6.240e-5
0.272, -6.134e-5
0.271, -6.028e-5
0.270, -5.935e-5
0.269, -5.837e-5
0.268, -5.754e-5
0.267, -5.678e-5
0.266, -5.602e-5
0.265, -5.522e-5
0.264, -5.444e-5
0.263, -5.373e-5
0.262, -5.292e-5
0.261, -5.214e-5
0.260, -5.152e-5
0.259, -5.075e-5
0.258, -5.010e-5
0.257, -4.945e-5
0.256, -4.874e-5
0.255, -4.805e-5
0.254, -4.741e-5
0.253, -4.685e-5
0.252, -4.630e-5
0.251, -4.573e-5
0.250, -4.519e-5
0.249, -4.470e-5
0.248, -4.422e-5
0.247, -4.376e-5
0.246, -4.323e-5
0.245, -4.281e-5
0.244, -4.231e-5
0.243, -4.174e-5
0.242, -4.133e-5
0.241, -4.085e-5
0.240, -4.042e-5
0.239, -3.994e-5
0.238, -3.951e-5
0.237, -3.910e-5
0.236, -3.864e-5
0.235, -3.814e-5
0.234, -3.767e-5
0.233, -3.729e-5
0.232, -3.693e-5
0.231, -3.651e-5
0.230, -3.611e-5
0.229, -3.566e-5
0.228, -3.527e-5
0.227, -3.498e-5
0.226, -3.460e-5
0.225, -3.425e-5
0.224, -3.387e-5
0.223, -3.356e-5
0.222, -3.323e-5
0.221, -3.287e-5
0.220, -3.255e-5
0.219, -3.231e-5
0.218, -3.202e-5
0.217, -3.172e-5
0.216, -3.138e-5
0.215, -3.117e-5
0.214, -3.081e-5
0.213, -3.060e-5
0.212, -3.033e-5
0.211, -2.999e-5
0.210, -2.976e-5
0.209, -2.955e-5
0.208, -2.925e-5
0.207, -2.898e-5
0.206, -2.878e-5
0.205, -2.844e-5
0.204, -2.822e-5
0.203, -2.803e-5
0.202, -2.782e-5
0.201, -2.757e-5
0.200, -2.539e-5
0.201, -2.129e-5
0.202, -1.971e-5
0.203, -1.857e-5
0.204, -1.770e-5
0.205, -1.703e-5
0.206, -1.630e-5
0.207, -1.551e-5
0.208, -1.485e-5
0.209, -1.426e-5
0.210, -1.368e-5
0.211, -1.312e-5
0.212, -1.255e-5
0.213, -1.213e-5
0.214, -1.172e-5
0.215, -1.128e-5
0.216, -1.081e-5
0.217, -1.043e-5
0.218, -1.007e-5
0.219, -9.715e-6
0.220, -9.354e-6
0.221, -9.041e-6
0.222, -8.592e-6
0.223, -8.397e-6
0.224, -8.114e-6
0.225, -7.801e-6
0.226, -7.577e-6
0.227, -7.303e-6
0.228, -6.981e-6
0.229, -6.737e-6
0.230, -6.483e-6
0.231, -6.259e-6
0.232, -6.054e-6
0.233, -5.751e-6
0.234, -5.614e-6
0.235, -5.263e-6
0.236, -4.999e-6
0.237, -4.833e-6
0.238, -4.657e-6
0.239, -4.394e-6
0.240, -4.150e-6
0.241, -3.915e-6
0.242, -3.681e-6
0.243, -3.505e-6
0.244, -3.242e-6
0.245, -3.105e-6
0.246, -2.822e-6
0.247, -2.656e-6
0.248, -2.470e-6
0.249, -2.236e-6
0.250, -1.992e-6
0.251, -1.836e-6
0.252, -1.631e-6
0.253, -1.484e-6
0.254, -1.240e-6
0.255, -9.471e-7
0.256, -8.104e-7
0.257, -6.249e-7
0.258, -4.980e-7
0.259, -1.757e-7
0.260, 3.905e-8
0.261, 1.855e-7
0.262, 3.808e-7
0.263, 5.175e-7
0.264, 7.616e-7
0.265, 9.276e-7
0.266, 1.142e-6
0.267, 1.357e-6
0.268, 1.582e-6
0.269, 1.738e-6
0.270, 1.914e-6
0.271, 2.148e-6
0.272, 2.324e-6
0.273, 2.529e-6
0.274, 2.695e-6
0.275, 2.949e-6
0.276, 3.173e-6
0.277, 3.329e-6
0.278, 3.534e-6
0.279, 3.769e-6
0.280, 3.935e-6
0.281, 4.208e-6
0.282, 4.394e-6
0.283, 4.589e-6
0.284, 4.774e-6
0.285, 4.960e-6
0.286, 5.243e-6
0.287, 5.429e-6
0.288, 5.663e-6
0.289, 5.888e-6
0.290, 6.063e-6
0.291, 6.239e-6
0.292, 6.454e-6
0.293, 6.727e-6
0.294, 6.903e-6
0.295, 7.186e-6
0.296, 7.420e-6
0.297, 7.645e-6
0.298, 7.879e-6
0.299, 8.182e-6
0.300, 8.397e-6
0.301, 8.641e-6
0.302, 8.944e-6
0.303, 9.227e-6
0.304, 9.490e-6
0.305, 9.774e-6
0.306, 9.969e-6
0.307, 1.044e-5
0.308, 1.070e-5
0.309, 1.089e-5
0.310, 1.123e-5
0.311, 1.145e-5
0.312, 1.174e-5
0.313, 1.211e-5
0.314, 1.233e-5
0.315, 1.268e-5
0.316, 1.302e-5
0.317, 1.326e-5
0.318, 1.358e-5
0.319, 1.385e-5
0.320, 1.408e-5
0.321, 1.440e-5
0.322, 1.474e-5
0.323, 1.506e-5
0.324, 1.533e-5
0.325, 1.564e-5
0.326, 1.604e-5
0.327, 1.633e-5
0.328, 1.665e-5
0.329, 1.698e-5
0.330, 1.728e-5
0.331, 1.759e-5
0.332, 1.794e-5
0.333, 1.826e-5
0.334, 1.864e-5
0.335, 1.906e-5
0.336, 1.943e-5
0.337, 1.971e-5
0.338, 2.018e-5
0.339, 2.056e-5
0.340, 2.093e-5
0.341, 2.141e-5
0.342, 2.183e-5
0.343, 2.215e-5
0.344, 2.267e-5
0.345, 2.313e-5
0.346, 2.335e-5
0.347, 2.388e-5
0.348, 2.433e-5
0.349, 2.473e-5
0.350, 2.523e-5
0.351, 2.557e-5
0.352, 2.608e-5
0.353, 2.652e-5
0.354, 2.697e-5
0.355, 2.741e-5
0.356, 2.788e-5
0.357, 2.829e-5
0.358, 2.873e-5
0.359, 2.921e-5
0.360, 2.964e-5
0.361, 3.014e-5
0.362, 3.049e-5
0.363, 3.101e-5
0.364, 3.148e-5
0.365, 3.199e-5
0.366, 3.257e-5
0.367, 3.314e-5
0.368, 3.374e-5
0.369, 3.432e-5
0.370, 3.484e-5
0.371, 3.530e-5
0.372, 3.604e-5
0.373, 3.655e-5
0.374, 3.714e-5
0.375, 3.763e-5
0.376, 3.819e-5
0.377, 3.886e-5
0.378, 3.930e-5
0.379, 3.992e-5
0.380, 4.052e-5
0.381, 4.113e-5
0.382, 4.185e-5
0.383, 4.248e-5
0.384, 4.318e-5
0.385, 4.391e-5
0.386, 4.469e-5
0.387, 4.529e-5
0.388, 4.609e-5
0.389, 4.678e-5
0.390, 4.759e-5
0.391, 4.839e-5
0.392, 4.917e-5
0.393, 4.997e-5
0.394, 5.069e-5
0.395, 5.159e-5
0.396, 5.239e-5
0.397, 5.312e-5
0.398, 5.403e-5
0.399, 5.495e-5
0.400, 5.587e-5
0.401, 5.701e-5
0.402, 5.795e-5
0.403, 5.923e-5
0.404, 6.031e-5
0.405, 6.142e-5
0.406, 6.251e-5
0.407, 6.364e-5
0.408, 6.479e-5
0.409, 6.577e-5
0.410, 6.478e-5
0.411, 6.712e-5
0.412, 6.898e-5
0.413, 7.069e-5
0.414, 7.242e-5
0.415, 7.409e-5
0.416, 7.587e-5
0.417, 7.771e-5
0.418, 7.932e-5
0.419, 8.144e-5
0.420, 8.377e-5
0.421, 8.612e-5
0.422, 8.842e-5
0.423, 9.068e-5
0.424, 9.337e-5
0.425, 9.645e-5
0.426, 9.971e-5
0.427, 1.031e-4
0.428, 1.069e-4
0.429, 1.112e-4
0.430, 1.157e-4
0.431, 1.204e-4
0.432, 1.256e-4
0.433, 1.314e-4
0.434, 1.381e-4
0.435, 1.450e-4
0.436, 1.528e-4
0.437, 1.615e-4
0.438, 1.706e-4
0.439, 1.807e-4
0.440, 1.921e-4
0.441, 2.044e-4
0.442, 2.178e-4
0.443, 2.322e-4
0.444, 2.483e-4
0.445, 2.657e-4
0.446, 2.848e-4
0.447, 3.052e-4
0.448, 3.272e-4
0.449, 3.513e-4
0.450, 3.772e-4
0.451, 4.052e-4
0.452, 4.351e-4
0.453, 4.670e-4
0.454, 5.013e-4
0.455, 5.376e-4
0.456, 5.762e-4
0.457, 6.169e-4
0.458, 6.598e-4
0.459, 7.053e-4
0.460, 7.526e-4
0.461, 8.027e-4
0.462, 8.542e-4
0.463, 9.069e-4
0.464, 9.614e-4
0.465, 1.017e-3
0.466, 1.073e-3
0.467, 1.130e-3
0.468, 1.187e-3
0.469, 1.244e-3
0.470, 1.301e-3
0.471, 1.357e-3
0.472, 1.412e-3
0.473, 1.466e-3
0.474, 1.518e-3
0.475, 1.570e-3
0.476, 1.620e-3
0.477, 1.668e-3
0.478, 1.714e-3
0.479, 1.758e-3
0.480, 1.799e-3
0.481, 1.839e-3
0.482, 1.876e-3
0.483, 1.911e-3
0.484, 1.943e-3
0.485, 1.972e-3
0.486, 1.999e-3
0.487, 2.023e-3
0.488, 2.045e-3
0.489, 2.063e-3
0.490, 2.077e-3
0.491, 2.089e-3
0.492, 2.098e-3
0.493, 2.103e-3
0.494, 2.104e-3
0.495, 2.102e-3
0.496, 2.097e-3
0.497, 2.087e-3
0.498, 2.074e-3
0.499, 2.057e-3
0.500, 2.035e-3
0.501, 2.010e-3
0.502, 1.981e-3
0.503, 1.948e-3
0.504, 1.912e-3
0.505, 1.872e-3
0.506, 1.830e-3
0.507, 1.784e-3
0.508, 1.737e-3
0.509, 1.686e-3
0.510, 1.635e-3
0.511, 1.582e-3
0.512, 1.530e-3
0.513, 1.478e-3
0.514, 1.424e-3
0.515, 1.371e-3
0.516, 1.318e-3
0.517, 1.267e-3
0.518, 1.217e-3
0.519, 1.168e-3
0.520, 1.121e-3
0.521, 1.074e-3
0.522, 1.029e-3
0.523, 9.864e-4
0.524, 9.443e-4
0.525, 9.030e-4
0.526, 8.635e-4
0.527, 8.255e-4
0.528, 7.889e-4
0.529, 7.540e-4
0.530, 7.205e-4
0.531, 6.890e-4
0.532, 6.589e-4
0.533, 6.301e-4
0.534, 6.033e-4
0.535, 5.779e-4
0.536, 5.540e-4
0.537, 5.320e-4
0.538, 5.117e-4
0.539, 4.925e-4
0.540, 4.747e-4
0.541, 4.581e-4
0.542, 4.427e-4
0.543, 4.284e-4
0.544, 4.156e-4
0.545, 4.039e-4
0.546, 3.926e-4
0.547, 3.823e-4
0.548, 3.730e-4
0.549, 3.648e-4
0.550, 3.573e-4
0.551, 3.495e-4
0.552, 3.438e-4
0.553, 3.380e-4
0.554, 3.328e-4
0.555, 3.277e-4
0.556, 3.234e-4
0.557, 3.199e-4
0.558, 3.171e-4
0.559, 3.139e-4
0.560, 3.114e-4
0.561, 3.094e-4
0.562, 3.076e-4
0.563, 3.067e-4
0.564, 3.055e-4
0.565, 3.042e-4
0.566, 3.038e-4
0.567, 3.033e-4
0.568, 3.034e-4
0.569, 3.041e-4
0.570, 3.049e-4
0.571, 3.058e-4
0.572, 3.070e-4
0.573, 3.083e-4
0.574, 3.103e-4
0.575, 3.123e-4
0.576, 3.146e-4
0.577, 3.172e-4
0.578, 3.205e-4
0.579, 3.238e-4
0.580, 3.278e-4
0.581, 3.322e-4
0.582, 3.367e-4
0.583, 3.418e-4
0.584, 3.469e-4
0.585, 3.528e-4
0.586, 3.586e-4
0.587, 3.653e-4
0.588, 3.717e-4
0.589, 3.793e-4
0.590, 3.873e-4
0.591, 3.951e-4
0.592, 4.036e-4
0.593, 4.127e-4
0.594, 4.219e-4
0.595, 4.323e-4
0.596, 4.428e-4
0.597, 4.537e-4
0.598, 4.648e-4
0.599, 4.765e-4
0.600, 4.895e-4
0.601, 5.026e-4
0.602, 5.155e-4
0.603, 5.299e-4
0.604, 5.446e-4
0.605, 5.595e-4
0.606, 5.756e-4
0.607, 5.921e-4
0.608, 6.087e-4
0.609, 6.264e-4
0.610, 6.447e-4
0.611, 6.631e-4
0.612, 6.823e-4
0.613, 7.023e-4
0.614, 7.226e-4
0.615, 7.422e-4
0.616, 7.643e-4
0.617, 7.874e-4
0.618, 8.103e-4
0.619, 8.343e-4
0.620, 8.586e-4
0.621, 8.835e-4
0.622, 9.089e-4
0.623, 9.348e-4
0.624, 9.612e-4
0.625, 9.884e-4
0.626, 1.016e-3
0.627, 1.045e-3
0.628, 1.073e-3
0.629, 1.103e-3
0.630, 1.134e-3
0.631, 1.164e-3
0.632, 1.195e-3
0.633, 1.227e-3
0.634, 1.259e-3
0.635, 1.292e-3
0.636, 1.326e-3
0.637, 1.360e-3
0.638, 1.395e-3
0.639, 1.430e-3
0.640, 1.466e-3
0.641, 1.502e-3
0.642, 1.539e-3
0.643, 1.577e-3
0.644, 1.614e-3
0.645, 1.653e-3
0.646, 1.691e-3
0.647, 1.731e-3
0.648, 1.770e-3
0.649, 1.810e-3
0.650, 1.851e-3
0.651, 1.892e-3
0.652, 1.934e-3
0.653, 1.975e-3
0.654, 2.018e-3
0.655, 2.060e-3
0.656, 2.104e-3
0.657, 2.147e-3
0.658, 2.191e-3
0.659, 2.235e-3
0.660, 2.280e-3
0.661, 2.325e-3
0.662, 2.371e-3
0.663, 2.417e-3
0.664, 2.464e-3
0.665, 2.510e-3
0.666, 2.557e-3
0.667, 2.605e-3
0.668, 2.652e-3
0.669, 2.700e-3
0.670, 2.748e-3
0.671, 2.797e-3
0.672, 2.846e-3
0.673, 2.896e-3
0.674, 2.945e-3
0.675, 2.994e-3
0.676, 3.045e-3
0.677, 3.095e-3
0.678, 3.146e-3
0.679, 3.197e-3
0.680, 3.248e-3
0.681, 3.300e-3
0.682, 3.351e-3
0.683, 3.403e-3
0.684, 3.456e-3
0.685, 3.508e-3
0.686, 3.562e-3
0.687, 3.615e-3
0.688, 3.668e-3
0.689, 3.722e-3
0.690, 3.775e-3
0.691, 3.830e-3
0.692, 3.885e-3
0.693, 3.940e-3
0.694, 3.994e-3
0.695, 4.049e-3
0.696, 4.104e-3
0.697, 4.160e-3
0.698, 4.215e-3
0.699, 4.271e-3
0.700, 4.326e-3
0.701, 4.383e-3
0.702, 4.439e-3
0.703, 4.495e-3
0.704, 4.552e-3
0.705, 4.608e-3
0.706, 4.665e-3
0.707, 4.723e-3
0.708, 4.780e-3
0.709, 4.838e-3
0.710, 4.896e-3
0.711, 4.954e-3
0.712, 5.012e-3
0.713, 5.071e-3
0.714, 5.129e-3
0.715, 5.188e-3
0.716, 5.247e-3
0.717, 5.308e-3
0.718, 5.368e-3
0.719, 5.427e-3
0.720, 5.486e-3
0.721, 5.546e-3
0.722, 5.606e-3
0.723, 5.665e-3
0.724, 5.725e-3
0.725, 5.785e-3
0.726, 5.845e-3
0.727, 5.905e-3
0.728, 5.965e-3
0.729, 6.026e-3
0.730, 6.086e-3
0.731, 6.147e-3
0.732, 6.208e-3
0.733, 6.269e-3
0.734, 6.330e-3
0.735, 6.391e-3
0.736, 6.452e-3
0.737, 6.514e-3
0.738, 6.575e-3
0.739, 6.638e-3
0.740, 6.699e-3
0.741, 6.762e-3
0.742, 6.824e-3
0.743, 6.886e-3
0.744, 6.949e-3
0.745, 7.011e-3
0.746, 7.074e-3
0.747, 7.136e-3
0.748, 7.199e-3
0.749, 7.262e-3
0.750, 7.325e-3
0.751, 7.388e-3
0.752, 7.450e-3
0.753, 7.513e-3
0.754, 7.576e-3
0.755, 7.639e-3
0.756, 7.702e-3
0.757, 7.765e-3
0.758, 7.830e-3
0.759, 7.893e-3
0.760, 7.957e-3
0.761, 8.021e-3
0.762, 8.084e-3
0.763, 8.149e-3
0.764, 8.213e-3
0.765, 8.277e-3
0.766, 8.341e-3
0.767, 8.405e-3
0.768, 8.470e-3
0.769, 8.535e-3
0.770, 8.600e-3
0.771, 8.664e-3
0.772, 8.729e-3
0.773, 8.794e-3
0.774, 8.858e-3
0.775, 8.923e-3
0.776, 8.988e-3
0.777, 9.053e-3
0.778, 9.118e-3
0.779, 9.183e-3
0.780, 9.248e-3
0.781, 9.313e-3
0.782, 9.378e-3
0.783, 9.443e-3
0.784, 9.509e-3
0.785, 9.574e-3
0.786, 9.639e-3
0.787, 9.705e-3
0.788, 9.771e-3
0.789, 9.837e-3
0.790, 9.904e-3
0.791, 9.969e-3
0.792, 1.004e-2
0.793, 1.010e-2
0.794, 1.017e-2
0.795, 1.024e-2
0.796, 1.030e-2
0.797, 1.037e-2
0.798, 1.043e-2
0.799, 1.050e-2
0.800, 1.055e-2
0.799, 1.050e-2
0.798, 1.043e-2
0.797, 1.036e-2
0.796, 1.030e-2
0.795, 1.023e-2
0.794, 1.016e-2
0.793, 1.009e-2
0.792, 1.002e-2
0.791, 9.956e-3
0.790, 9.889e-3
0.789, 9.821e-3
0.788, 9.754e-3
0.787, 9.686e-3
0.786, 9.619e-3
0.785, 9.552e-3
0.784, 9.485e-3
0.783, 9.419e-3
0.782, 9.352e-3
0.781, 9.285e-3
0.780, 9.219e-3
0.779, 9.153e-3
0.778, 9.086e-3
0.777, 9.020e-3
0.776, 8.954e-3
0.775, 8.889e-3
0.774, 8.822e-3
0.773, 8.757e-3
0.772, 8.691e-3
0.771, 8.625e-3
0.770, 8.559e-3
0.769, 8.493e-3
0.768, 8.427e-3
0.767, 8.362e-3
0.766, 8.297e-3
0.765, 8.232e-3
0.764, 8.166e-3
0.763, 8.101e-3
0.762, 8.036e-3
0.761, 7.971e-3
0.760, 7.907e-3
0.759, 7.842e-3
0.758, 7.777e-3
0.757, 7.713e-3
0.756, 7.649e-3
0.755, 7.585e-3
0.754, 7.521e-3
0.753, 7.457e-3
0.752, 7.394e-3
0.751, 7.330e-3
0.750, 7.266e-3
0.749, 7.203e-3
0.748, 7.139e-3
0.747, 7.076e-3
0.746, 7.012e-3
0.745, 6.949e-3
0.744, 6.886e-3
0.743, 6.823e-3
0.742, 6.760e-3
0.741, 6.697e-3
0.740, 6.634e-3
0.739, 6.572e-3
0.738, 6.509e-3
0.737, 6.447e-3
0.736, 6.385e-3
0.735, 6.323e-3
0.734, 6.261e-3
0.733, 6.200e-3
0.732, 6.138e-3
0.731, 6.077e-3
0.730, 6.016e-3
0.729, 5.955e-3
0.728, 5.894e-3
0.727, 5.833e-3
0.726, 5.773e-3
0.725, 5.713e-3
0.724, 5.653e-3
0.723, 5.592e-3
0.722, 5.532e-3
0.721, 5.472e-3
0.720, 5.412e-3
0.719, 5.352e-3
0.718, 5.293e-3
0.717, 5.232e-3
0.716, 5.171e-3
0.715, 5.112e-3
0.714, 5.053e-3
0.713, 4.994e-3
0.712, 4.936e-3
0.711, 4.878e-3
0.710, 4.819e-3
0.709, 4.762e-3
0.708, 4.703e-3
0.707, 4.646e-3
0.706, 4.588e-3
0.705, 4.531e-3
0.704, 4.475e-3
0.703, 4.418e-3
0.702, 4.361e-3
0.701, 4.305e-3
0.700, 4.249e-3
0.699, 4.193e-3
0.698, 4.137e-3
0.697, 4.081e-3
0.696, 4.026e-3
0.695, 3.971e-3
0.694, 3.916e-3
0.693, 3.860e-3
0.692, 3.806e-3
0.691, 3.751e-3
0.690, 3.697e-3
0.689, 3.643e-3
0.688, 3.589e-3
0.687, 3.536e-3
0.686, 3.482e-3
0.685, 3.430e-3
0.684, 3.376e-3
0.683, 3.324e-3
0.682, 3.272e-3
0.681, 3.220e-3
0.680, 3.168e-3
0.679, 3.117e-3
0.678, 3.066e-3
0.677, 3.015e-3
0.676, 2.964e-3
0.675, 2.914e-3
0.674, 2.864e-3
0.673, 2.815e-3
0.672, 2.765e-3
0.671, 2.716e-3
0.670, 2.667e-3
0.669, 2.618e-3
0.668, 2.570e-3
0.667, 2.523e-3
0.666, 2.475e-3
0.665, 2.427e-3
0.664, 2.380e-3
0.663, 2.333e-3
0.662, 2.287e-3
0.661, 2.241e-3
0.660, 2.195e-3
0.659, 2.150e-3
0.658, 2.105e-3
0.657, 2.060e-3
0.656, 2.016e-3
0.655, 1.972e-3
0.654, 1.928e-3
0.653, 1.885e-3
0.652, 1.843e-3
0.651, 1.801e-3
0.650, 1.759e-3
0.649, 1.718e-3
0.648, 1.676e-3
0.647, 1.636e-3
0.646, 1.595e-3
0.645, 1.555e-3
0.644, 1.516e-3
0.643, 1.477e-3
0.642, 1.438e-3
0.641, 1.400e-3
0.640, 1.362e-3
0.639, 1.325e-3
0.638, 1.288e-3
0.637, 1.252e-3
0.636, 1.216e-3
0.635, 1.181e-3
0.634, 1.146e-3
0.633, 1.112e-3
0.632, 1.078e-3
0.631, 1.044e-3
0.630, 1.012e-3
0.629, 9.798e-4
0.628, 9.481e-4
0.627, 9.174e-4
0.626, 8.863e-4
0.625, 8.561e-4
0.624, 8.264e-4
0.623, 7.968e-4
0.622, 7.679e-4
0.621, 7.396e-4
0.620, 7.119e-4
0.619, 6.849e-4
0.618, 6.583e-4
0.617, 6.322e-4
0.616, 6.066e-4
0.615, 5.820e-4
0.614, 5.593e-4
0.613, 5.349e-4
0.612, 5.112e-4
0.611, 4.888e-4
0.610, 4.662e-4
0.609, 4.446e-4
0.608, 4.232e-4
0.607, 4.024e-4
0.606, 3.818e-4
0.605, 3.624e-4
0.604, 3.434e-4
0.603, 3.250e-4
0.602, 3.074e-4
0.601, 2.899e-4
0.600, 2.726e-4
0.599, 2.562e-4
0.598, 2.405e-4
0.597, 2.246e-4
0.596, 2.097e-4
0.595, 1.950e-4
0.594, 1.808e-4
0.593, 1.675e-4
0.592, 1.544e-4
0.591, 1.416e-4
0.590, 1.292e-4
0.589, 1.173e-4
0.588, 1.058e-4
0.587, 9.519e-5
0.586, 8.443e-5
0.585, 7.427e-5
0.584, 6.432e-5
0.583, 5.470e-5
0.582, 4.545e-5
0.581, 3.665e-5
0.580, 2.827e-5
0.579, 2.052e-5
0.578, 1.259e-5
0.577, 4.726e-6
0.576, -2.265e-6
0.575, -9.334e-6
0.574, -1.604e-5
0.573, -2.238e-5
0.572, -2.862e-5
0.571, -3.445e-5
0.570, -4.043e-5
0.569, -4.554e-5
0.568, -5.078e-5
0.567, -5.618e-5
0.566, -6.073e-5
0.565, -6.593e-5
0.564, -7.010e-5
0.563, -7.438e-5
0.562, -7.874e-5
0.561, -8.274e-5
0.560, -8.624e-5
0.559, -9.032e-5
0.558, -9.340e-5
0.557, -9.684e-5
0.556, -1.003e-4
0.555, -1.032e-4
0.554, -1.064e-4
0.553, -1.089e-4
0.552, -1.123e-4
0.551, -1.155e-4
0.550, -1.172e-4
0.549, -1.198e-4
0.548, -1.221e-4
0.547, -1.242e-4
0.546, -1.269e-4
0.545, -1.291e-4
0.544, -1.316e-4
0.543, -1.338e-4
0.542, -1.358e-4
0.541, -1.382e-4
0.540, -1.401e-4
0.539, -1.420e-4
0.538, -1.437e-4
0.537, -1.455e-4
0.536, -1.471e-4
0.535, -1.494e-4
0.534, -1.506e-4
0.533, -1.524e-4
0.532, -1.540e-4
0.531, -1.557e-4
0.530, -1.571e-4
0.529, -1.586e-4
0.528, -1.605e-4
0.527, -1.623e-4
0.526, -1.633e-4
0.525, -1.645e-4
0.524, -1.659e-4
0.523, -1.674e-4
0.522, -1.692e-4
0.521, -1.702e-4
0.520, -1.718e-4
0.519, -1.733e-4
0.518, -1.744e-4
0.517, -1.758e-4
0.516, -1.771e-4
0.515, -1.787e-4
0.514, -1.802e-4
0.513, -1.817e-4
0.512, -1.849e-4
0.511, -1.872e-4
0.510, -1.875e-4
0.509, -1.885e-4
0.508, -1.890e-4
0.507, -1.905e-4
0.506, -1.918e-4
0.505, -1.933e-4
0.504, -1.947e-4
0.503, -1.964e-4
0.502, -1.975e-4
0.501, -1.992e-4
0.500, -2.011e-4
0.499, -2.018e-4
0.498, -2.035e-4
0.497, -2.052e-4
0.496, -2.069e-4
0.495, -2.089e-4
0.494, -2.108e-4
0.493, -2.125e-4
0.492, -2.141e-4
0.491, -2.160e-4
0.490, -2.180e-4
0.489, -2.197e-4
0.488, -2.217e-4
0.487, -2.241e-4
0.486, -2.266e-4
0.485, -2.286e-4
0.484, -2.305e-4
0.483, -2.324e-4
0.482, -2.352e-4
0.481, -2.379e-4
0.480, -2.403e-4
0.479, -2.428e-4
0.478, -2.452e-4
0.477, -2.478e-4
0.476, -2.502e-4
0.475, -2.530e-4
0.474, -2.562e-4
0.473, -2.590e-4
0.472, -2.628e-4
0.471, -2.659e-4
0.470, -2.691e-4
0.469, -2.731e-4
0.468, -2.767e-4
0.467, -2.801e-4
0.466, -2.848e-4
0.465, -2.889e-4
0.464, -2.930e-4
0.463, -2.977e-4
0.462, -3.019e-4
0.461, -3.074e-4
0.460, -3.127e-4
0.459, -3.172e-4
0.458, -3.229e-4
0.457, -3.282e-4
0.456, -3.344e-4
0.455, -3.406e-4
0.454, -3.469e-4
0.453, -3.539e-4
0.452, -3.606e-4
0.451, -3.673e-4
0.450, -3.750e-4
0.449, -3.831e-4
0.448, -3.903e-4
0.447, -3.980e-4
0.446, -4.067e-4
0.445, -4.156e-4
0.444, -4.250e-4
0.443, -4.345e-4
0.442, -4.447e-4
0.441, -4.551e-4
0.440, -4.655e-4
0.439, -4.763e-4
0.438, -4.873e-4
0.437, -4.995e-4
0.436, -5.116e-4
0.435, -5.241e-4
0.434, -5.368e-4
0.433, -5.496e-4
0.432, -5.626e-4
0.431, -5.762e-4
0.430, -5.893e-4
0.429, -6.039e-4
0.428, -6.175e-4
0.427, -6.320e-4
0.426, -6.470e-4
0.425, -6.613e-4
0.424, -6.766e-4
0.423, -6.914e-4
0.422, -7.059e-4
0.421, -7.213e-4
0.420, -7.366e-4
0.419, -7.515e-4
0.418, -7.672e-4
0.417, -7.827e-4
0.416, -7.983e-4
0.415, -8.137e-4
0.414, -8.293e-4
0.413, -8.451e-4
0.412, -8.605e-4
0.411, -8.764e-4
0.410, -8.892e-4
0.409, -8.958e-4
0.408, -9.124e-4
0.407, -9.294e-4
0.406, -9.459e-4
0.405, -9.624e-4
0.404, -9.786e-4
0.403, -9.951e-4
0.402, -1.012e-3
0.401, -1.029e-3
0.400, -1.046e-3
0.399, -1.063e-3
0.398, -1.080e-3
0.397, -1.098e-3
0.396, -1.114e-3
0.395, -1.132e-3
0.394, -1.149e-3
0.393, -1.167e-3
0.392, -1.185e-3
0.391, -1.203e-3
0.390, -1.221e-3
0.389, -1.238e-3
0.388, -1.256e-3
0.387, -1.273e-3
0.386, -1.290e-3
0.385, -1.306e-3
0.384, -1.323e-3
0.383, -1.340e-3
0.382, -1.354e-3
0.381, -1.369e-3
0.380, -1.383e-3
0.379, -1.396e-3
0.378, -1.409e-3
0.377, -1.421e-3
0.376, -1.431e-3
0.375, -1.440e-3
0.374, -1.447e-3
0.373, -1.454e-3
0.372, -1.458e-3
0.371, -1.460e-3
0.370, -1.461e-3
0.369, -1.460e-3
0.368, -1.456e-3
0.367, -1.449e-3
0.366, -1.440e-3
0.365, -1.429e-3
0.364, -1.414e-3
0.363, -1.396e-3
0.362, -1.375e-3
0.361, -1.350e-3
0.360, -1.322e-3
0.359, -1.291e-3
0.358, -1.257e-3
0.357, -1.219e-3
0.356, -1.179e-3
0.355, -1.135e-3
0.354, -1.090e-3
0.353, -1.043e-3
0.352, -9.955e-4
0.351, -9.472e-4
0.350, -8.981e-4
0.349, -8.494e-4
0.348, -8.011e-4
0.347, -7.542e-4
0.346, -7.092e-4
0.345, -6.656e-4
0.344, -6.246e-4
0.343, -5.866e-4
0.342, -5.504e-4
0.341, -5.168e-4
0.340, -4.855e-4
0.339, -4.565e-4
0.338, -4.297e-4
0.337, -4.050e-4
0.336, -3.828e-4
0.335, -3.619e-4
0.334, -3.425e-4
0.333, -3.247e-4
0.332, -3.085e-4
0.331, -2.932e-4
0.330, -2.793e-4
0.329, -2.663e-4
0.328, -2.542e-4
0.327, -2.433e-4
0.326, -2.329e-4
0.325, -2.232e-4
0.324, -2.146e-4
0.323, -2.059e-4
0.322, -1.981e-4
0.321, -1.909e-4
0.320, -1.841e-4
0.319, -1.778e-4
0.318, -1.719e-4
0.317, -1.665e-4
0.316, -1.612e-4
0.315, -1.560e-4
0.314, -1.513e-4
0.313, -1.466e-4
0.312, -1.425e-4
0.311, -1.385e-4
0.310, -1.345e-4
0.309, -1.307e-4
0.308, -1.272e-4
0.307, -1.243e-4
0.306, -1.210e-4
0.305, -1.181e-4
0.304, -1.153e-4
0.303, -1.124e-4
0.302, -1.094e-4
0.301, -1.069e-4
0.300, -1.045e-4
0.299, -1.023e-4
0.298, -1.001e-4
0.297, -9.783e-5
0.296, -9.570e-5
0.295, -9.370e-5
0.294, -9.185e-5
0.293, -9.007e-5
0.292, -8.825e-5
0.291, -8.628e-5
0.290, -8.467e-5
0.289, -8.300e-5
0.288, -8.136e-5
0.287, -7.999e-5
0.286, -7.854e-5
0.285, -7.709e-5
0.284, -7.566e-5
0.283, -7.430e-5
0.282, -7.296e-5
0.281, -7.182e-5
0.280, -7.058e-5
0.279, -6.957e-5
0.278, -6.840e-5
0.277, -6.749e-5
0.276, -6.654e-5
0.275, -6.555e-5
0.274, -6.457e-5
0.273, -6.340e-5
0.272, -6.234e-5
0.271, -6.132e-5
0.270, -6.031e-5
0.269, -5.929e-5
0.268, -5.838e-5
0.267, -5.762e-5
0.266, -5.686e-5
0.265, -5.601e-5
0.264, -5.527e-5
0.263, -5.455e-5
0.262, -5.382e-5
0.261, -5.306e-5
0.260, -5.224e-5
0.259, -5.162e-5
0.258, -5.098e-5
0.257, -5.016e-5
0.256, -4.957e-5
0.255, -4.888e-5
0.254, -4.828e-5
0.253, -4.765e-5
0.252, -4.706e-5
0.251, -4.651e-5
0.250, -4.591e-5
0.249, -4.539e-5
0.248, -4.495e-5
0.247, -4.441e-5
0.246, -4.398e-5
0.245, -4.350e-5
0.244, -4.291e-5
0.243, -4.242e-5
0.242, -4.203e-5
0.241, -4.161e-5
0.240, -4.108e-5
0.239, -4.069e-5
0.238, -4.020e-5
0.237, -3.972e-5
0.236, -3.933e-5
0.235, -3.881e-5
0.234, -3.842e-5
0.233, -3.802e-5
0.232, -3.750e-5
0.231, -3.718e-5
0.230, -3.671e-5
0.229, -3.634e-5
0.228, -3.594e-5
0.227, -3.555e-5
0.226, -3.521e-5
0.225, -3.483e-5
0.224, -3.447e-5
0.223, -3.415e-5
0.222, -3.379e-5
0.221, -3.349e-5
0.220, -3.315e-5
0.219, -3.286e-5
0.218, -3.249e-5
0.217, -3.216e-5
0.216, -3.191e-5
0.215, -3.167e-5
0.214, -3.140e-5
0.213, -3.108e-5
0.212, -3.087e-5
0.211, -3.061e-5
0.210, -3.028e-5
0.209, -3.008e-5
0.208, -2.969e-5
0.207, -2.958e-5
0.206, -2.929e-5
0.205, -2.895e-5
0.204, -2.870e-5
0.203, -2.855e-5
0.202, -2.835e-5
0.201, -2.809e-5
0.200, -2.581e-5
0.201, -2.169e-5
0.202, -2.010e-5
0.203, -1.898e-5
0.204, -1.804e-5
0.205, -1.743e-5
0.206, -1.664e-5
0.207, -1.592e-5
0.208, -1.521e-5
0.209, -1.460e-5
0.210, -1.403e-5
0.211, -1.352e-5
0.212, -1.297e-5
0.213, -1.254e-5
0.214, -1.201e-5
0.215, -1.159e-5
0.216, -1.118e-5
0.217, -1.074e-5
0.218, -1.046e-5
0.219, -1.004e-5
0.220, -9.637e-6
0.221, -9.315e-6
0.222, -8.992e-6
0.223, -8.768e-6
0.224, -8.485e-6
0.225, -8.123e-6
0.226, -7.850e-6
0.227, -7.528e-6
0.228, -7.264e-6
0.229, -7.059e-6
0.230, -6.864e-6
0.231, -6.522e-6
0.232, -6.249e-6
0.233, -6.034e-6
0.234, -5.819e-6
0.235, -5.556e-6
0.236, -5.311e-6
0.237, -5.126e-6
0.238, -4.911e-6
0.239, -4.540e-6
0.240, -4.433e-6
0.241, -4.169e-6
0.242, -3.964e-6
0.243, -3.798e-6
0.244, -3.525e-6
0.245, -3.320e-6
0.246, -3.183e-6
0.247, -2.919e-6
0.248, -2.705e-6
0.249, -2.509e-6
0.250, -2.275e-6
0.251, -2.041e-6
0.252, -1.836e-6
0.253, -1.650e-6
0.254, -1.445e-6
0.255, -1.279e-6
0.256, -1.054e-6
0.257, -8.494e-7
0.258, -6.249e-7
0.259, -4.687e-7
0.260, -2.832e-7
0.261, -5.858e-8
0.262, 1.953e-7
0.263, 3.124e-7
0.264, 5.761e-7
0.265, 8.299e-7
0.266, 1.015e-6
0.267, 1.113e-6
0.268, 1.377e-6
0.269, 1.562e-6
0.270, 1.748e-6
0.271, 1.943e-6
0.272, 2.050e-6
0.273, 2.314e-6
0.274, 2.529e-6
0.275, 2.783e-6
0.276, 3.017e-6
0.277, 3.212e-6
0.278, 3.369e-6
0.279, 3.574e-6
0.280, 3.798e-6
0.281, 4.013e-6
0.282, 4.179e-6
0.283, 4.462e-6
0.284, 4.696e-6
0.285, 4.882e-6
0.286, 5.116e-6
0.287, 5.282e-6
0.288, 5.477e-6
0.289, 5.692e-6
0.290, 5.956e-6
0.291, 6.102e-6
0.292, 6.386e-6
0.293, 6.591e-6
0.294, 6.796e-6
0.295, 6.991e-6
0.296, 7.294e-6
0.297, 7.577e-6
0.298, 7.792e-6
0.299, 8.036e-6
0.300, 8.241e-6
0.301, 8.563e-6
0.302, 8.846e-6
0.303, 9.100e-6
0.304, 9.354e-6
0.305, 9.549e-6
0.306, 9.881e-6
0.307, 1.032e-5
0.308, 1.067e-5
0.309, 1.084e-5
0.310, 1.108e-5
0.311, 1.137e-5
0.312, 1.169e-5
0.313, 1.202e-5
0.314, 1.227e-5
0.315, 1.254e-5
0.316, 1.282e-5
0.317, 1.317e-5
0.318, 1.346e-5
0.319, 1.377e-5
0.320, 1.403e-5
0.321, 1.432e-5
0.322, 1.470e-5
0.323, 1.492e-5
0.324, 1.530e-5
0.325, 1.559e-5
0.326, 1.595e-5
0.327, 1.629e-5
0.328, 1.660e-5
0.329, 1.699e-5
0.330, 1.728e-5
0.331, 1.763e-5
0.332, 1.795e-5
0.333, 1.836e-5
0.334, 1.867e-5
0.335, 1.916e-5
0.336, 1.942e-5
0.337, 1.991e-5
0.338, 2.018e-5
0.339, 2.061e-5
0.340, 2.106e-5
0.341, 2.150e-5
0.342, 2.180e-5
0.343, 2.233e-5
0.344, 2.268e-5
0.345, 2.307e-5
0.346, 2.342e-5
0.347, 2.391e-5
0.348, 2.436e-5
0.349, 2.482e-5
0.350, 2.527e-5
0.351, 2.574e-5
0.352, 2.615e-5
0.353, 2.662e-5
0.354, 2.704e-5
0.355, 2.756e-5
0.356, 2.798e-5
0.357, 2.838e-5
0.358, 2.886e-5
0.359, 2.933e-5
0.360, 2.971e-5
0.361, 3.020e-5
0.362, 3.065e-5
0.363, 3.115e-5
0.364, 3.166e-5
0.365, 3.221e-5
0.366, 3.269e-5
0.367, 3.328e-5
0.368, 3.394e-5
0.369, 3.451e-5
0.370, 3.495e-5
0.371, 3.552e-5
0.372, 3.610e-5
0.373, 3.681e-5
0.374, 3.739e-5
0.375, 3.787e-5
0.376, 3.839e-5
0.377, 3.906e-5
0.378, 3.965e-5
0.379, 4.030e-5
0.380, 4.082e-5
0.381, 4.142e-5
0.382, 4.205e-5
0.383, 4.278e-5
0.384, 4.351e-5
0.385, 4.424e-5
0.386, 4.495e-5
0.387, 4.573e-5
0.388, 4.651e-5
0.389, 4.725e-5
0.390, 4.796e-5
0.391, 4.882e-5
0.392, 4.964e-5
0.393, 5.042e-5
0.394, 5.118e-5
0.395, 5.198e-5
0.396, 5.283e-5
0.397, 5.355e-5
0.398, 5.452e-5
0.399, 5.550e-5
0.400, 5.648e-5
0.401, 5.751e-5
0.402, 5.857e-5
0.403, 5.970e-5
0.404, 6.087e-5
0.405, 6.193e-5
0.406, 6.301e-5
0.407, 6.410e-5
0.408, 6.545e-5
0.409, 6.641e-5
0.410, 6.529e-5
0.411, 6.774e-5
0.412, 6.971e-5
0.413, 7.147e-5
0.414, 7.319e-5
0.415, 7.485e-5
0.416, 7.661e-5
0.417, 7.831e-5
0.418, 8.010e-5
0.419, 8.236e-5
0.420, 8.462e-5
0.421, 8.701e-5
0.422, 8.936e-5
0.423, 9.160e-5
0.424, 9.449e-5
0.425, 9.774e-5
0.426, 1.009e-4
0.427, 1.044e-4
0.428, 1.085e-4
0.429, 1.126e-4
0.430, 1.171e-4
0.431, 1.221e-4
0.432, 1.273e-4
0.433, 1.333e-4
0.434, 1.402e-4
0.435, 1.473e-4
0.436, 1.556e-4
0.437, 1.644e-4
0.438, 1.737e-4
0.439, 1.843e-4
0.440, 1.959e-4
0.441, 2.083e-4
0.442, 2.219e-4
0.443, 2.374e-4
0.444, 2.535e-4
0.445, 2.713e-4
0.446, 2.910e-4
0.447, 3.123e-4
0.448, 3.347e-4
0.449, 3.592e-4
0.450, 3.855e-4
0.451, 4.143e-4
0.452, 4.447e-4
0.453, 4.773e-4
0.454, 5.123e-4
0.455, 5.493e-4
0.456, 5.884e-4
0.457, 6.301e-4
0.458, 6.737e-4
0.459, 7.199e-4
0.460, 7.680e-4
0.461, 8.184e-4
0.462, 8.705e-4
0.463, 9.243e-4
0.464, 9.793e-4
0.465, 1.035e-3
0.466, 1.091e-3
0.467, 1.149e-3
0.468, 1.206e-3
0.469, 1.264e-3
0.470, 1.321e-3
0.471, 1.377e-3
0.472, 1.433e-3
0.473, 1.487e-3
0.474, 1.540e-3
0.475, 1.592e-3
0.476, 1.642e-3
0.477, 1.690e-3
0.478, 1.737e-3
0.479, 1.781e-3
0.480, 1.823e-3
0.481, 1.864e-3
0.482, 1.901e-3
0.483, 1.937e-3
0.484, 1.970e-3
0.485, 2.000e-3
0.486, 2.028e-3
0.487, 2.053e-3
0.488, 2.075e-3
0.489, 2.094e-3
0.490, 2.109e-3
0.491, 2.122e-3
0.492, 2.132e-3
0.493, 2.138e-3
0.494, 2.141e-3
0.495, 2.140e-3
0.496, 2.136e-3
0.497, 2.127e-3
0.498, 2.115e-3
0.499, 2.099e-3
0.500, 2.078e-3
0.501, 2.053e-3
0.502, 2.025e-3
0.503, 1.993e-3
0.504, 1.958e-3
0.505, 1.918e-3
0.506, 1.876e-3
0.507, 1.830e-3
0.508, 1.782e-3
0.509, 1.731e-3
0.510, 1.679e-3
0.511, 1.625e-3
0.512, 1.572e-3
0.513, 1.519e-3
0.514, 1.464e-3
0.515, 1.409e-3
0.516, 1.355e-3
0.517, 1.302e-3
0.518, 1.250e-3
0.519, 1.199e-3
0.520, 1.151e-3
0.521, 1.102e-3
0.522, 1.056e-3
0.523, 1.010e-3
0.524, 9.670e-4
0.525, 9.240e-4
0.526, 8.833e-4
0.527, 8.436e-4
0.528, 8.053e-4
0.529, 7.689e-4
0.530, 7.342e-4
0.531, 7.015e-4
0.532, 6.699e-4
0.533, 6.402e-4
0.534, 6.119e-4
0.535, 5.856e-4
0.536, 5.612e-4
0.537, 5.383e-4
0.538, 5.168e-4
0.539, 4.973e-4
0.540, 4.787e-4
0.541, 4.617e-4
0.542, 4.464e-4
0.543, 4.315e-4
0.544, 4.183e-4
0.545, 4.064e-4
0.546, 3.948e-4
0.547, 3.845e-4
0.548, 3.746e-4
0.549, 3.664e-4
0.550, 3.589e-4
0.551, 3.512e-4
0.552, 3.452e-4
0.553, 3.396e-4
0.554, 3.339e-4
0.555, 3.293e-4
0.556, 3.246e-4
0.557, 3.214e-4
0.558, 3.185e-4
0.559, 3.153e-4
0.560, 3.127e-4
0.561, 3.107e-4
0.562, 3.089e-4
0.563, 3.080e-4
0.564, 3.072e-4
0.565, 3.058e-4
0.566, 3.054e-4
0.567, 3.050e-4
0.568, 3.054e-4
0.569, 3.061e-4
0.570, 3.068e-4
0.571, 3.079e-4
0.572, 3.092e-4
0.573, 3.105e-4
0.574, 3.125e-4
0.575, 3.148e-4
0.576, 3.173e-4
0.577, 3.201e-4
0.578, 3.231e-4
0.579, 3.270e-4
0.580, 3.311e-4
0.581, 3.353e-4
0.582, 3.402e-4
0.583, 3.455e-4
0.584, 3.507e-4
0.585, 3.566e-4
0.586, 3.625e-4
0.587, 3.693e-4
0.588, 3.759e-4
0.589, 3.840e-4
0.590, 3.922e-4
0.591, 4.002e-4
0.592, 4.089e-4
0.593, 4.181e-4
0.594, 4.278e-4
0.595, 4.381e-4
0.596, 4.488e-4
0.597, 4.601e-4
0.598, 4.714e-4
0.599, 4.836e-4
0.600, 4.966e-4
0.601, 5.099e-4
0.602, 5.232e-4
0.603, 5.376e-4
0.604, 5.527e-4
0.605, 5.683e-4
0.606, 5.842e-4
0.607, 6.008e-4
0.608, 6.180e-4
0.609, 6.360e-4
0.610, 6.545e-4
0.611, 6.734e-4
0.612, 6.931e-4
0.613, 7.134e-4
0.614, 7.342e-4
0.615, 7.542e-4
0.616, 7.768e-4
0.617, 7.998e-4
0.618, 8.231e-4
0.619, 8.475e-4
0.620, 8.720e-4
0.621, 8.972e-4
0.622, 9.231e-4
0.623, 9.498e-4
0.624, 9.765e-4
0.625, 1.004e-3
0.626, 1.032e-3
0.627, 1.061e-3
0.628, 1.090e-3
0.629, 1.120e-3
0.630, 1.151e-3
0.631, 1.181e-3
0.632, 1.213e-3
0.633, 1.245e-3
0.634, 1.278e-3
0.635, 1.312e-3
0.636, 1.346e-3
0.637, 1.380e-3
0.638, 1.415e-3
0.639, 1.450e-3
0.640, 1.487e-3
0.641, 1.524e-3
0.642, 1.561e-3
0.643, 1.599e-3
0.644, 1.637e-3
0.645, 1.676e-3
0.646, 1.715e-3
0.647, 1.754e-3
0.648, 1.794e-3
0.649, 1.835e-3
0.650, 1.876e-3
0.651, 1.917e-3
0.652, 1.959e-3
0.653, 2.001e-3
0.654, 2.044e-3
0.655, 2.087e-3
0.656, 2.131e-3
0.657, 2.174e-3
0.658, 2.219e-3
0.659, 2.264e-3
0.660, 2.309e-3
0.661, 2.354e-3
0.662, 2.400e-3
0.663, 2.446e-3
0.664, 2.493e-3
0.665, 2.540e-3
0.666, 2.588e-3
0.667, 2.636e-3
0.668, 2.684e-3
0.669, 2.731e-3
0.670, 2.780e-3
0.671, 2.829e-3
0.672, 2.878e-3
0.673, 2.928e-3
0.674, 2.978e-3
0.675, 3.028e-3
0.676, 3.078e-3
0.677, 3.129e-3
0.678, 3.180e-3
0.679, 3.231e-3
0.680, 3.283e-3
0.681, 3.334e-3
0.682, 3.386e-3
0.683, 3.439e-3
0.684, 3.491e-3
0.685, 3.545e-3
0.686, 3.598e-3
0.687, 3.651e-3
0.688, 3.705e-3
0.689, 3.758e-3
0.690, 3.812e-3
0.691, 3.867e-3
0.692, 3.922e-3
0.693, 3.977e-3
0.694, 4.033e-3
0.695, 4.087e-3
0.696, 4.143e-3
0.697, 4.198e-3
0.698, 4.254e-3
0.699, 4.310e-3
0.700, 4.366e-3
0.701, 4.423e-3
0.702, 4.479e-3
0.703, 4.535e-3
0.704, 4.592e-3
0.705, 4.649e-3
0.706, 4.707e-3
0.707, 4.765e-3
0.708, 4.822e-3
0.709, 4.880e-3
0.710, 4.938e-3
0.711, 4.996e-3
0.712, 5.054e-3
0.713, 5.113e-3
0.714, 5.172e-3
0.715, 5.231e-3
0.716, 5.289e-3
0.717, 5.351e-3
0.718, 5.411e-3
0.719, 5.471e-3
0.720, 5.531e-3
0.721, 5.591e-3
0.722, 5.650e-3
0.723, 5.710e-3
0.724, 5.771e-3
0.725, 5.831e-3
0.726, 5.891e-3
0.727, 5.951e-3
0.728, 6.011e-3
0.729, 6.072e-3
0.730, 6.132e-3
0.731, 6.193e-3
0.732, 6.254e-3
0.733, 6.316e-3
0.734, 6.377e-3
0.735, 6.438e-3
0.736, 6.500e-3
0.737, 6.561e-3
0.738, 6.624e-3
0.739, 6.686e-3
0.740, 6.748e-3
0.741, 6.810e-3
0.742, 6.873e-3
0.743, 6.935e-3
0.744, 6.998e-3
0.745, 7.061e-3
0.746, 7.123e-3
0.747, 7.186e-3
0.748, 7.248e-3
0.749, 7.312e-3
0.750, 7.375e-3
0.751, 7.437e-3
0.752, 7.501e-3
0.753, 7.564e-3
0.754, 7.627e-3
0.755, 7.690e-3
0.756, 7.753e-3
0.757, 7.818e-3
0.758, 7.881e-3
0.759, 7.945e-3
0.760, 8.009e-3
0.761, 8.073e-3
0.762, 8.137e-3
0.763, 8.202e-3
0.764, 8.266e-3
0.765, 8.330e-3
0.766, 8.395e-3
0.767, 8.459e-3
0.768, 8.524e-3
0.769, 8.589e-3
0.770, 8.654e-3
0.771, 8.719e-3
0.772, 8.783e-3
0.773, 8.848e-3
0.774, 8.913e-3
0.775, 8.978e-3
0.776, 9.043e-3
0.777, 9.108e-3
0.778, 9.173e-3
0.779, 9.238e-3
0.780, 9.304e-3
0.781, 9.369e-3
0.782, 9.435e-3
0.783, 9.500e-3
0.784, 9.566e-3
0.785, 9.631e-3
0.786, 9.697e-3
0.787, 9.763e-3
0.788, 9.829e-3
0.789, 9.896e-3
0.790, 9.962e-3
0.791, 1.003e-2
0.792, 1.009e-2
0.793, 1.016e-2
0.794, 1.023e-2
0.795, 1.029e-2
0.796, 1.036e-2
0.797, 1.043e-2
0.798, 1.049e-2
0.799, 1.056e-2
0.800, 1.061e-2
0.799, 1.056e-2
0.798, 1.049e-2
0.797, 1.042e-2
0.796, 1.035e-2
0.795, 1.029e-2
0.794, 1.022e-2
0.793, 1.015e-2
0.792, 1.008e-2
0.791, 1.001e-2
0.790, 9.947e-3
0.789, 9.879e-3
0.788, 9.811e-3
0.787, 9.744e-3
0.786, 9.676e-3
0.785, 9.609e-3
0.784, 9.543e-3
0.783, 9.476e-3
0.782, 9.409e-3
0.781, 9.342e-3
0.780, 9.276e-3
0.779, 9.209e-3
0.778, 9.143e-3
0.777, 9.076e-3
0.776, 9.010e-3
0.775, 8.944e-3
0.774, 8.878e-3
0.773, 8.811e-3
0.772, 8.746e-3
0.771, 8.680e-3
0.770, 8.614e-3
0.769, 8.548e-3
0.768, 8.481e-3
0.767, 8.416e-3
0.766, 8.351e-3
0.765, 8.285e-3
0.764, 8.220e-3
0.763, 8.154e-3
0.762, 8.089e-3
0.761, 8.024e-3
0.760, 7.959e-3
0.759, 7.894e-3
0.758, 7.830e-3
0.757, 7.764e-3
0.756, 7.700e-3
0.755, 7.636e-3
0.754, 7.572e-3
0.753, 7.508e-3
0.752, 7.444e-3
0.751, 7.381e-3
0.750, 7.317e-3
0.749, 7.253e-3
0.748, 7.189e-3
0.747, 7.126e-3
0.746, 7.062e-3
0.745, 6.999e-3
0.744, 6.935e-3
0.743, 6.872e-3
0.742, 6.809e-3
0.741, 6.746e-3
0.740, 6.683e-3
0.739, 6.620e-3
0.738, 6.557e-3
0.737, 6.495e-3
0.736, 6.433e-3
0.735, 6.370e-3
0.734, 6.308e-3
0.733, 6.246e-3
0.732, 6.185e-3
0.731, 6.123e-3
0.730, 6.062e-3
0.729, 6.001e-3
0.728, 5.940e-3
0.727, 5.879e-3
0.726, 5.819e-3
0.725, 5.758e-3
0.724, 5.698e-3
0.723, 5.637e-3
0.722, 5.577e-3
0.721, 5.517e-3
0.720, 5.456e-3
0.719, 5.396e-3
0.718, 5.336e-3
0.717, 5.276e-3
0.716, 5.214e-3
0.715, 5.155e-3
0.714, 5.096e-3
0.713, 5.037e-3
0.712, 4.978e-3
0.711, 4.920e-3
0.710, 4.861e-3
0.709, 4.803e-3
0.708, 4.745e-3
0.707, 4.687e-3
0.706, 4.629e-3
0.705, 4.572e-3
0.704, 4.515e-3
0.703, 4.458e-3
0.702, 4.401e-3
0.701, 4.344e-3
0.700, 4.288e-3
0.699, 4.232e-3
0.698, 4.176e-3
0.697, 4.120e-3
0.696, 4.064e-3
0.695, 4.009e-3
0.694, 3.954e-3
0.693, 3.898e-3
0.692, 3.843e-3
0.691, 3.788e-3
0.690, 3.733e-3
0.689, 3.679e-3
0.688, 3.625e-3
0.687, 3.572e-3
0.686, 3.518e-3
0.685, 3.464e-3
0.684, 3.411e-3
0.683, 3.359e-3
0.682, 3.306e-3
0.681, 3.254e-3
0.680, 3.202e-3
0.679, 3.150e-3
0.678, 3.099e-3
0.677, 3.048e-3
0.676, 2.996e-3
0.675, 2.946e-3
0.674, 2.896e-3
0.673, 2.845e-3
0.672, 2.796e-3
0.671, 2.746e-3
0.670, 2.697e-3
0.669, 2.648e-3
0.668, 2.600e-3
0.667, 2.552e-3
0.666, 2.504e-3
0.665, 2.456e-3
0.664, 2.408e-3
0.663, 2.361e-3
0.662, 2.315e-3
0.661, 2.268e-3
0.660, 2.222e-3
0.659, 2.177e-3
0.658, 2.131e-3
0.657, 2.086e-3
0.656, 2.042e-3
0.655, 1.998e-3
0.654, 1.954e-3
0.653, 1.910e-3
0.652, 1.867e-3
0.651, 1.824e-3
0.650, 1.782e-3
0.649, 1.741e-3
0.648, 1.699e-3
0.647, 1.658e-3
0.646, 1.617e-3
0.645, 1.577e-3
0.644, 1.537e-3
0.643, 1.498e-3
0.642, 1.459e-3
0.641, 1.420e-3
0.640, 1.382e-3
0.639, 1.345e-3
0.638, 1.307e-3
0.637, 1.271e-3
0.636, 1.235e-3
0.635, 1.199e-3
0.634, 1.164e-3
0.633, 1.130e-3
0.632, 1.095e-3
0.631, 1.062e-3
0.630, 1.029e-3
0.629, 9.960e-4
0.628, 9.640e-4
0.627, 9.330e-4
0.626, 9.015e-4
0.625, 8.708e-4
0.624, 8.408e-4
0.623, 8.111e-4
0.622, 7.818e-4
0.621, 7.531e-4
0.620, 7.252e-4
0.619, 6.979e-4
0.618, 6.706e-4
0.617, 6.447e-4
0.616, 6.182e-4
0.615, 5.935e-4
0.614, 5.704e-4
0.613, 5.456e-4
0.612, 5.217e-4
0.611, 4.987e-4
0.610, 4.759e-4
0.609, 4.540e-4
0.608, 4.326e-4
0.607, 4.114e-4
0.606, 3.910e-4
0.605, 3.710e-4
0.604, 3.515e-4
0.603, 3.325e-4
0.602, 3.144e-4
0.601, 2.970e-4
0.600, 2.795e-4
0.599, 2.629e-4
0.598, 2.465e-4
0.597, 2.305e-4
0.596, 2.152e-4
0.595, 2.008e-4
0.594, 1.865e-4
0.593, 1.724e-4
0.592, 1.594e-4
0.591, 1.458e-4
0.590, 1.333e-4
0.589, 1.212e-4
0.588, 1.095e-4
0.587, 9.810e-5
0.586, 8.758e-5
0.585, 7.708e-5
0.584, 6.725e-5
0.583, 5.749e-5
0.582, 4.782e-5
0.581, 3.887e-5
0.580, 3.034e-5
0.579, 2.257e-5
0.578, 1.422e-5
0.577, 6.405e-6
0.576, -4.296e-7
0.575, -7.713e-6
0.574, -1.478e-5
0.573, -2.116e-5
0.572, -2.741e-5
0.571, -3.349e-5
0.570, -3.953e-5
0.569, -4.518e-5
0.568, -5.046e-5
0.567, -5.588e-5
0.566, -6.061e-5
0.565, -6.590e-5
0.564, -6.996e-5
0.563, -7.455e-5
0.562, -7.894e-5
0.561, -8.251e-5
0.560, -8.652e-5
0.559, -9.053e-5
0.558, -9.379e-5
0.557, -9.711e-5
0.556, -1.009e-4
0.555, -1.038e-4
0.554, -1.068e-4
0.553, -1.097e-4
0.552, -1.129e-4
0.551, -1.157e-4
0.550, -1.176e-4
0.549, -1.205e-4
0.548, -1.231e-4
0.547, -1.257e-4
0.546, -1.283e-4
0.545, -1.304e-4
0.544, -1.326e-4
0.543, -1.348e-4
0.542, -1.370e-4
0.541, -1.394e-4
0.540, -1.413e-4
0.539, -1.429e-4
0.538, -1.448e-4
0.537, -1.469e-4
0.536, -1.486e-4
0.535, -1.505e-4
0.534, -1.520e-4
0.533, -1.538e-4
0.532, -1.553e-4
0.531, -1.573e-4
0.530, -1.589e-4
0.529, -1.603e-4
0.528, -1.617e-4
0.527, -1.635e-4
0.526, -1.652e-4
0.525, -1.663e-4
0.524, -1.674e-4
0.523, -1.689e-4
0.522, -1.708e-4
0.521, -1.718e-4
0.520, -1.732e-4
0.519, -1.750e-4
0.518, -1.763e-4
0.517, -1.777e-4
0.516, -1.793e-4
0.515, -1.804e-4
0.514, -1.818e-4
0.513, -1.837e-4
0.512, -1.867e-4
0.511, -1.884e-4
0.510, -1.889e-4
0.509, -1.899e-4
0.508, -1.909e-4
0.507, -1.923e-4
0.506, -1.938e-4
0.505, -1.951e-4
0.504, -1.965e-4
0.503, -1.978e-4
0.502, -1.994e-4
0.501, -2.009e-4
0.500, -2.024e-4
0.499, -2.033e-4
0.498, -2.052e-4
0.497, -2.068e-4
0.496, -2.086e-4
0.495, -2.109e-4
0.494, -2.124e-4
0.493, -2.144e-4
0.492, -2.162e-4
0.491, -2.180e-4
0.490, -2.198e-4
0.489, -2.214e-4
0.488, -2.234e-4
0.487, -2.259e-4
0.486, -2.282e-4
0.485, -2.304e-4
0.484, -2.327e-4
0.483, -2.344e-4
0.482, -2.370e-4
0.481, -2.395e-4
0.480, -2.419e-4
0.479, -2.444e-4
0.478, -2.469e-4
0.477, -2.498e-4
0.476, -2.521e-4
0.475, -2.551e-4
0.474, -2.581e-4
0.473, -2.612e-4
0.472, -2.643e-4
0.471, -2.679e-4
0.470, -2.713e-4
0.469, -2.749e-4
0.468, -2.784e-4
0.467, -2.827e-4
0.466, -2.869e-4
0.465, -2.907e-4
0.464, -2.949e-4
0.463, -2.996e-4
0.462, -3.042e-4
0.461, -3.097e-4
0.460, -3.145e-4
0.459, -3.196e-4
0.458, -3.253e-4
0.457, -3.307e-4
0.456, -3.368e-4
0.455, -3.430e-4
0.454, -3.495e-4
0.453, -3.560e-4
0.452, -3.632e-4
0.451, -3.703e-4
0.450, -3.776e-4
0.449, -3.857e-4
0.448, -3.930e-4
0.447, -4.009e-4
0.446, -4.098e-4
0.445, -4.189e-4
0.444, -4.282e-4
0.443, -4.380e-4
0.442, -4.484e-4
0.441, -4.590e-4
0.440, -4.700e-4
0.439, -4.811e-4
0.438, -4.923e-4
0.437, -5.045e-4
0.436, -5.163e-4
0.435, -5.292e-4
0.434, -5.424e-4
0.433, -5.550e-4
0.432, -5.681e-4
0.431, -5.816e-4
0.430, -5.953e-4
0.429, -6.095e-4
0.428, -6.244e-4
0.427, -6.385e-4
0.426, -6.539e-4
0.425, -6.683e-4
0.424, -6.835e-4
0.423, -6.990e-4
0.422, -7.134e-4
0.421, -7.290e-4
0.420, -7.447e-4
0.419, -7.600e-4
0.418, -7.758e-4
0.417, -7.918e-4
0.416, -8.076e-4
0.415, -8.237e-4
0.414, -8.395e-4
0.413, -8.554e-4
0.412, -8.710e-4
0.411, -8.870e-4
0.410, -9.003e-4
0.409, -9.071e-4
0.408, -9.244e-4
0.407, -9.414e-4
0.406, -9.577e-4
0.405, -9.748e-4
0.404, -9.917e-4
0.403, -1.008e-3
0.402, -1.025e-3
0.401, -1.043e-3
0.400, -1.060e-3
0.399, -1.078e-3
0.398, -1.095e-3
0.397, -1.112e-3
0.396, -1.130e-3
0.395, -1.148e-3
0.394, -1.166e-3
0.393, -1.184e-3
0.392, -1.203e-3
0.391, -1.221e-3
0.390, -1.239e-3
0.389, -1.257e-3
0.388, -1.275e-3
0.387, -1.292e-3
0.386, -1.310e-3
0.385, -1.327e-3
0.384, -1.344e-3
0.383, -1.361e-3
0.382, -1.377e-3
0.381, -1.392e-3
0.380, -1.407e-3
0.379, -1.421e-3
0.378, -1.434e-3
0.377, -1.446e-3
0.376, -1.457e-3
0.375, -1.467e-3
0.374, -1.475e-3
0.373, -1.483e-3
0.372, -1.488e-3
0.371, -1.490e-3
0.370, -1.492e-3
0.369, -1.492e-3
0.368, -1.489e-3
0.367, -1.484e-3
0.366, -1.476e-3
0.365, -1.465e-3
0.364, -1.451e-3
0.363, -1.434e-3
0.362, -1.413e-3
0.361, -1.389e-3
0.360, -1.362e-3
0.359, -1.331e-3
0.358, -1.298e-3
0.357, -1.260e-3
0.356, -1.219e-3
0.355, -1.176e-3
0.354, -1.130e-3
0.353, -1.082e-3
0.352, -1.033e-3
0.351, -9.824e-4
0.350, -9.317e-4
0.349, -8.812e-4
0.348, -8.315e-4
0.347, -7.824e-4
0.346, -7.349e-4
0.345, -6.894e-4
0.344, -6.465e-4
0.343, -6.060e-4
0.342, -5.681e-4
0.341, -5.328e-4
0.340, -5.000e-4
0.339, -4.696e-4
0.338, -4.415e-4
0.337, -4.155e-4
0.336, -3.921e-4
0.335, -3.703e-4
0.334, -3.504e-4
0.333, -3.318e-4
0.332, -3.149e-4
0.331, -2.990e-4
0.330, -2.845e-4
0.329, -2.712e-4
0.328, -2.589e-4
0.327, -2.474e-4
0.326, -2.369e-4
0.325, -2.268e-4
0.324, -2.179e-4
0.323, -2.094e-4
0.322, -2.013e-4
0.321, -1.938e-4
0.320, -1.869e-4
0.319, -1.803e-4
0.318, -1.742e-4
0.317, -1.688e-4
0.316, -1.635e-4
0.315, -1.581e-4
0.314, -1.533e-4
0.313, -1.487e-4
0.312, -1.443e-4
0.311, -1.404e-4
0.310, -1.362e-4
0.309, -1.325e-4
0.308, -1.291e-4
0.307, -1.260e-4
0.306, -1.224e-4
0.305, -1.195e-4
0.304, -1.169e-4
0.303, -1.141e-4
0.302, -1.111e-4
0.301, -1.084e-4
0.300, -1.059e-4
0.299, -1.036e-4
0.298, -1.014e-4
0.297, -9.921e-5
0.296, -9.699e-5
0.295, -9.492e-5
0.294, -9.304e-5
0.293, -9.135e-5
0.292, -8.952e-5
0.291, -8.764e-5
0.290, -8.590e-5
0.289, -8.414e-5
0.288, -8.262e-5
0.287, -8.108e-5
0.286, -7.966e-5
0.285, -7.821e-5
0.284, -7.686e-5
0.283, -7.543e-5
0.282, -7.411e-5
0.281, -7.285e-5
0.280, -7.155e-5
0.279, -7.048e-5
0.278, -6.931e-5
0.277, -6.839e-5
0.276, -6.748e-5
0.275, -6.653e-5
0.274, -6.554e-5
0.273, -6.453e-5
0.272, -6.345e-5
0.271, -6.233e-5
0.270, -6.127e-5
0.269, -6.034e-5
0.268, -5.940e-5
0.267, -5.849e-5
0.266, -5.759e-5
0.265, -5.691e-5
0.264, -5.615e-5
0.263, -5.548e-5
0.262, -5.467e-5
0.261, -5.393e-5
0.260, -5.318e-5
0.259, -5.242e-5
0.258, -5.176e-5
0.257, -5.105e-5
0.256, -5.034e-5
0.255, -4.971e-5
0.254, -4.909e-5
0.253, -4.846e-5
0.252, -4.786e-5
0.251, -4.729e-5
0.250, -4.673e-5
0.249, -4.616e-5
0.248, -4.557e-5
0.247, -4.510e-5
0.246, -4.458e-5
0.245, -4.408e-5
0.244, -4.366e-5
0.243, -4.318e-5
0.242, -4.276e-5
0.241, -4.220e-5
0.240, -4.180e-5
0.239, -4.129e-5
0.238, -4.096e-5
0.237, -4.043e-5
0.236, -3.998e-5
0.235, -3.951e-5
0.234, -3.917e-5
0.233, -3.872e-5
0.232, -3.821e-5
0.231, -3.787e-5
0.230, -3.734e-5
0.229, -3.703e-5
0.228, -3.659e-5
0.227, -3.621e-5
0.226, -3.580e-5
0.225, -3.547e-5
0.224, -3.510e-5
0.223, -3.479e-5
0.222, -3.440e-5
0.221, -3.411e-5
0.220, -3.379e-5
0.219, -3.350e-5
0.218, -3.312e-5
0.217, -3.285e-5
0.216, -3.252e-5
0.215, -3.230e-5
0.214, -3.191e-5
0.213, -3.166e-5
0.212, -3.142e-5
0.211, -3.108e-5
0.210, -3.087e-5
0.209, -3.060e-5
0.208, -3.030e-5
0.207, -3.003e-5
0.206, -2.983e-5
0.205, -2.949e-5
0.204, -2.929e-5
0.203, -2.901e-5
0.202, -2.878e-5
0.201, -2.858e-5
0.200, -2.632e-5
0.201, -2.210e-5
0.202, -2.045e-5
0.203, -1.937e-5
0.204, -1.847e-5
0.205, -1.781e-5
0.206, -1.705e-5
0.207, -1.638e-5
0.208, -1.569e-5
0.209, -1.505e-5
0.210, -1.453e-5
0.211, -1.399e-5
0.212, -1.332e-5
0.213, -1.282e-5
0.214, -1.237e-5
0.215, -1.197e-5
0.216, -1.153e-5
0.217, -1.107e-5
0.218, -1.082e-5
0.219, -1.050e-5
0.220, -1.006e-5
0.221, -9.725e-6
0.222, -9.403e-6
0.223, -9.119e-6
0.224, -8.778e-6
0.225, -8.436e-6
0.226, -8.182e-6
0.227, -7.909e-6
0.228, -7.547e-6
0.229, -7.352e-6
0.230, -7.059e-6
0.231, -6.815e-6
0.232, -6.620e-6
0.233, -6.298e-6
0.234, -6.151e-6
0.235, -5.868e-6
0.236, -5.595e-6
0.237, -5.399e-6
0.238, -5.185e-6
0.239, -4.892e-6
0.240, -4.726e-6
0.241, -4.472e-6
0.242, -4.267e-6
0.243, -4.052e-6
0.244, -3.896e-6
0.245, -3.613e-6
0.246, -3.417e-6
0.247, -3.183e-6
0.248, -2.929e-6
0.249, -2.666e-6
0.250, -2.539e-6
0.251, -2.314e-6
0.252, -2.187e-6
0.253, -1.923e-6
0.254, -1.767e-6
0.255, -1.455e-6
0.256, -1.279e-6
0.257, -1.084e-6
0.258, -8.494e-7
0.259, -6.444e-7
0.260, -4.980e-7
0.261, -2.929e-7
0.262, -5.858e-8
0.263, 2.050e-7
0.264, 3.710e-7
0.265, 5.468e-7
0.266, 6.346e-7
0.267, 9.861e-7
0.268, 1.142e-6
0.269, 1.328e-6
0.270, 1.533e-6
0.271, 1.806e-6
0.272, 1.953e-6
0.273, 2.168e-6
0.274, 2.441e-6
0.275, 2.656e-6
0.276, 2.822e-6
0.277, 2.997e-6
0.278, 3.212e-6
0.279, 3.378e-6
0.280, 3.593e-6
0.281, 3.779e-6
0.282, 4.091e-6
0.283, 4.159e-6
0.284, 4.472e-6
0.285, 4.706e-6
0.286, 4.911e-6
0.287, 5.058e-6
0.288, 5.292e-6
0.289, 5.556e-6
0.290, 5.731e-6
0.291, 5.956e-6
0.292, 6.210e-6
0.293, 6.473e-6
0.294, 6.669e-6
0.295, 6.874e-6
0.296, 7.157e-6
0.297, 7.391e-6
0.298, 7.626e-6
0.299, 7.909e-6
0.300, 8.182e-6
0.301, 8.416e-6
0.302, 8.690e-6
0.303, 8.992e-6
0.304, 9.197e-6
0.305, 9.588e-6
0.306, 9.803e-6
0.307, 1.025e-5
0.308, 1.057e-5
0.309, 1.071e-5
0.310, 1.091e-5
0.311, 1.123e-5
0.312, 1.152e-5
0.313, 1.187e-5
0.314, 1.215e-5
0.315, 1.248e-5
0.316, 1.277e-5
0.317, 1.303e-5
0.318, 1.337e-5
0.319, 1.366e-5
0.320, 1.395e-5
0.321, 1.426e-5
0.322, 1.464e-5
0.323, 1.491e-5
0.324, 1.530e-5
0.325, 1.563e-5
0.326, 1.589e-5
0.327, 1.622e-5
0.328, 1.658e-5
0.329, 1.693e-5
0.330, 1.723e-5
0.331, 1.758e-5
0.332, 1.794e-5
0.333, 1.835e-5
0.334, 1.868e-5
0.335, 1.904e-5
0.336, 1.932e-5
0.337, 1.975e-5
0.338, 2.024e-5
0.339, 2.059e-5
0.340, 2.105e-5
0.341, 2.136e-5
0.342, 2.181e-5
0.343, 2.227e-5
0.344, 2.267e-5
0.345, 2.317e-5
0.346, 2.346e-5
0.347, 2.398e-5
0.348, 2.448e-5
0.349, 2.482e-5
0.350, 2.531e-5
0.351, 2.581e-5
0.352, 2.621e-5
0.353, 2.666e-5
0.354, 2.710e-5
0.355, 2.750e-5
0.356, 2.803e-5
0.357, 2.849e-5
0.358, 2.895e-5
0.359, 2.941e-5
0.360, 2.987e-5
0.361, 3.035e-5
0.362, 3.078e-5
0.363, 3.124e-5
0.364, 3.178e-5
0.365, 3.229e-5
0.366, 3.286e-5
0.367, 3.340e-5
0.368, 3.401e-5
0.369, 3.468e-5
0.370, 3.518e-5
0.371, 3.574e-5
0.372, 3.631e-5
0.373, 3.686e-5
0.374, 3.749e-5
0.375, 3.812e-5
0.376, 3.864e-5
0.377, 3.925e-5
0.378, 3.977e-5
0.379, 4.048e-5
0.380, 4.116e-5
0.381, 4.175e-5
0.382, 4.240e-5
0.383, 4.304e-5
0.384, 4.383e-5
0.385, 4.463e-5
0.386, 4.527e-5
0.387, 4.598e-5
0.388, 4.676e-5
0.389, 4.754e-5
0.390, 4.840e-5
0.391, 4.917e-5
0.392, 4.997e-5
0.393, 5.074e-5
0.394, 5.155e-5
0.395, 5.245e-5
0.396, 5.320e-5
0.397, 5.391e-5
0.398, 5.498e-5
0.399, 5.592e-5
0.400, 5.683e-5
0.401, 5.799e-5
0.402, 5.904e-5
0.403, 6.016e-5
0.404, 6.136e-5
0.405, 6.239e-5
0.406, 6.351e-5
0.407, 6.469e-5
0.408, 6.582e-5
0.409, 6.697e-5
0.410, 6.594e-5
0.411, 6.851e-5
0.412, 7.042e-5
0.413, 7.212e-5
0.414, 7.384e-5
0.415, 7.551e-5
0.416, 7.725e-5
0.417, 7.902e-5
0.418, 8.086e-5
0.419, 8.321e-5
0.420, 8.555e-5
0.421, 8.789e-5
0.422, 9.031e-5
0.423, 9.262e-5
0.424, 9.559e-5
0.425, 9.887e-5
0.426, 1.019e-4
0.427, 1.056e-4
0.428, 1.099e-4
0.429, 1.141e-4
0.430, 1.188e-4
0.431, 1.238e-4
0.432, 1.290e-4
0.433, 1.354e-4
0.434, 1.422e-4
0.435, 1.498e-4
0.436, 1.580e-4
0.437, 1.669e-4
0.438, 1.766e-4
0.439, 1.875e-4
0.440, 1.993e-4
0.441, 2.125e-4
0.442, 2.262e-4
0.443, 2.417e-4
0.444, 2.586e-4
0.445, 2.769e-4
0.446, 2.970e-4
0.447, 3.186e-4
0.448, 3.418e-4
0.449, 3.668e-4
0.450, 3.939e-4
0.451, 4.232e-4
0.452, 4.543e-4
0.453, 4.876e-4
0.454, 5.233e-4
0.455, 5.609e-4
0.456, 6.009e-4
0.457, 6.431e-4
0.458, 6.878e-4
0.459, 7.346e-4
0.460, 7.834e-4
0.461, 8.347e-4
0.462, 8.875e-4
0.463, 9.416e-4
0.464, 9.968e-4
0.465, 1.054e-3
0.466, 1.111e-3
0.467, 1.168e-3
0.468, 1.226e-3
0.469, 1.284e-3
0.470, 1.341e-3
0.471, 1.398e-3
0.472, 1.454e-3
0.473, 1.509e-3
0.474, 1.562e-3
0.475, 1.614e-3
0.476, 1.665e-3
0.477, 1.713e-3
0.478, 1.760e-3
0.479, 1.805e-3
0.480, 1.848e-3
0.481, 1.889e-3
0.482, 1.927e-3
0.483, 1.963e-3
0.484, 1.996e-3
0.485, 2.027e-3
0.486, 2.056e-3
0.487, 2.082e-3
0.488, 2.105e-3
0.489, 2.124e-3
0.490, 2.141e-3
0.491, 2.155e-3
0.492, 2.165e-3
0.493, 2.172e-3
0.494, 2.176e-3
0.495, 2.176e-3
0.496, 2.172e-3
0.497, 2.165e-3
0.498, 2.154e-3
0.499, 2.139e-3
0.500, 2.119e-3
0.501, 2.096e-3
0.502, 2.069e-3
0.503, 2.037e-3
0.504, 2.001e-3
0.505, 1.963e-3
0.506, 1.920e-3
0.507, 1.875e-3
0.508, 1.827e-3
0.509, 1.776e-3
0.510, 1.723e-3
0.511, 1.668e-3
0.512, 1.614e-3
0.513, 1.560e-3
0.514, 1.503e-3
0.515, 1.447e-3
0.516, 1.391e-3
0.517, 1.336e-3
0.518, 1.283e-3
0.519, 1.230e-3
0.520, 1.179e-3
0.521, 1.130e-3
0.522, 1.081e-3
0.523, 1.035e-3
0.524, 9.895e-4
0.525, 9.449e-4
0.526, 9.023e-4
0.527, 8.613e-4
0.528, 8.218e-4
0.529, 7.838e-4
0.530, 7.475e-4
0.531, 7.130e-4
0.532, 6.803e-4
0.533, 6.498e-4
0.534, 6.209e-4
0.535, 5.935e-4
0.536, 5.681e-4
0.537, 5.441e-4
0.538, 5.224e-4
0.539, 5.019e-4
0.540, 4.826e-4
0.541, 4.649e-4
0.542, 4.494e-4
0.543, 4.342e-4
0.544, 4.205e-4
0.545, 4.084e-4
0.546, 3.970e-4
0.547, 3.863e-4
0.548, 3.767e-4
0.549, 3.683e-4
0.550, 3.604e-4
0.551, 3.526e-4
0.552, 3.463e-4
0.553, 3.410e-4
0.554, 3.353e-4
0.555, 3.308e-4
0.556, 3.261e-4
0.557, 3.226e-4
0.558, 3.195e-4
0.559, 3.165e-4
0.560, 3.142e-4
0.561, 3.122e-4
0.562, 3.104e-4
0.563, 3.092e-4
0.564, 3.082e-4
0.565, 3.074e-4
0.566, 3.071e-4
0.567, 3.068e-4
0.568, 3.073e-4
0.569, 3.077e-4
0.570, 3.084e-4
0.571, 3.097e-4
0.572, 3.110e-4
0.573, 3.124e-4
0.574, 3.148e-4
0.575, 3.172e-4
0.576, 3.197e-4
0.577, 3.221e-4
0.578, 3.257e-4
0.579, 3.300e-4
0.580, 3.340e-4
0.581, 3.388e-4
0.582, 3.437e-4
0.583, 3.485e-4
0.584, 3.543e-4
0.585, 3.601e-4
0.586, 3.663e-4
0.587, 3.728e-4
0.588, 3.803e-4
0.589, 3.884e-4
0.590, 3.967e-4
0.591, 4.051e-4
0.592, 4.137e-4
0.593, 4.232e-4
0.594, 4.332e-4
0.595, 4.436e-4
0.596, 4.543e-4
0.597, 4.653e-4
0.598, 4.778e-4
0.599, 4.904e-4
0.600, 5.031e-4
0.601, 5.166e-4
0.602, 5.302e-4
0.603, 5.450e-4
0.604, 5.605e-4
0.605, 5.763e-4
0.606, 5.927e-4
0.607, 6.091e-4
0.608, 6.273e-4
0.609, 6.457e-4
0.610, 6.641e-4
0.611, 6.833e-4
0.612, 7.035e-4
0.613, 7.241e-4
0.614, 7.449e-4
0.615, 7.653e-4
0.616, 7.886e-4
0.617, 8.120e-4
0.618, 8.359e-4
0.619, 8.601e-4
0.620, 8.850e-4
0.621, 9.109e-4
0.622, 9.371e-4
0.623, 9.639e-4
0.624, 9.909e-4
0.625, 1.019e-3
0.626, 1.048e-3
0.627, 1.077e-3
0.628, 1.106e-3
0.629, 1.137e-3
0.630, 1.167e-3
0.631, 1.199e-3
0.632, 1.231e-3
0.633, 1.264e-3
0.634, 1.297e-3
0.635, 1.331e-3
0.636, 1.365e-3
0.637, 1.400e-3
0.638, 1.435e-3
0.639, 1.471e-3
0.640, 1.508e-3
0.641, 1.545e-3
0.642, 1.582e-3
0.643, 1.621e-3
0.644, 1.659e-3
0.645, 1.698e-3
0.646, 1.737e-3
0.647, 1.777e-3
0.648, 1.818e-3
0.649, 1.859e-3
0.650, 1.900e-3
0.651, 1.942e-3
0.652, 1.984e-3
0.653, 2.027e-3
0.654, 2.070e-3
0.655, 2.113e-3
0.656, 2.157e-3
0.657, 2.201e-3
0.658, 2.246e-3
0.659, 2.291e-3
0.660, 2.336e-3
0.661, 2.383e-3
0.662, 2.429e-3
0.663, 2.475e-3
0.664, 2.522e-3
0.665, 2.569e-3
0.666, 2.617e-3
0.667, 2.665e-3
0.668, 2.713e-3
0.669, 2.761e-3
0.670, 2.810e-3
0.671, 2.860e-3
0.672, 2.909e-3
0.673, 2.959e-3
0.674, 3.009e-3
0.675, 3.060e-3
0.676, 3.110e-3
0.677, 3.162e-3
0.678, 3.213e-3
0.679, 3.264e-3
0.680, 3.316e-3
0.681, 3.368e-3
0.682, 3.420e-3
0.683, 3.473e-3
0.684, 3.526e-3
0.685, 3.579e-3
0.686, 3.633e-3
0.687, 3.687e-3
0.688, 3.740e-3
0.689, 3.794e-3
0.690, 3.849e-3
0.691, 3.904e-3
0.692, 3.959e-3
0.693, 4.014e-3
0.694, 4.070e-3
0.695, 4.124e-3
0.696, 4.180e-3
0.697, 4.236e-3
0.698, 4.292e-3
0.699, 4.348e-3
0.700, 4.405e-3
0.701, 4.461e-3
0.702, 4.518e-3
0.703, 4.575e-3
0.704, 4.632e-3
0.705, 4.689e-3
0.706, 4.747e-3
0.707, 4.805e-3
0.708, 4.862e-3
0.709, 4.920e-3
0.710, 4.978e-3
0.711, 5.037e-3
0.712, 5.096e-3
0.713, 5.155e-3
0.714, 5.213e-3
0.715, 5.272e-3
0.716, 5.331e-3
0.717, 5.393e-3
0.718, 5.454e-3
0.719, 5.513e-3
0.720, 5.573e-3
0.721, 5.633e-3
0.722, 5.693e-3
0.723, 5.753e-3
0.724, 5.814e-3
0.725, 5.874e-3
0.726, 5.935e-3
0.727, 5.995e-3
0.728, 6.056e-3
0.729, 6.117e-3
0.730, 6.177e-3
0.731, 6.238e-3
0.732, 6.300e-3
0.733, 6.361e-3
0.734, 6.422e-3
0.735, 6.484e-3
0.736, 6.546e-3
0.737, 6.608e-3
0.738, 6.670e-3
0.739, 6.733e-3
0.740, 6.795e-3
0.741, 6.857e-3
0.742, 6.919e-3
0.743, 6.982e-3
0.744, 7.045e-3
0.745, 7.108e-3
0.746, 7.171e-3
0.747, 7.234e-3
0.748, 7.297e-3
0.749, 7.360e-3
0.750, 7.423e-3
0.751, 7.487e-3
0.752, 7.550e-3
0.753, 7.614e-3
0.754, 7.677e-3
0.755, 7.740e-3
0.756, 7.804e-3
0.757, 7.868e-3
0.758, 7.932e-3
0.759, 7.996e-3
0.760, 8.059e-3
0.761, 8.124e-3
0.762, 8.189e-3
0.763, 8.253e-3
0.764, 8.318e-3
0.765, 8.383e-3
0.766, 8.447e-3
0.767, 8.511e-3
0.768, 8.577e-3
0.769, 8.642e-3
0.770, 8.707e-3
0.771, 8.772e-3
0.772, 8.836e-3
0.773, 8.901e-3
0.774, 8.967e-3
0.775, 9.032e-3
0.776, 9.097e-3
0.777, 9.163e-3
0.778, 9.227e-3
0.779, 9.293e-3
0.780, 9.358e-3
0.781, 9.424e-3
0.782, 9.489e-3
0.783, 9.555e-3
0.784, 9.621e-3
0.785, 9.687e-3
0.786, 9.753e-3
0.787, 9.819e-3
0.788, 9.886e-3
0.789, 9.952e-3
0.790, 1.002e-2
0.791, 1.008e-2
0.792, 1.015e-2
0.793, 1.022e-2
0.794, 1.028e-2
0.795, 1.035e-2
0.796, 1.042e-2
0.797, 1.049e-2
0.798, 1.055e-2
0.799, 1.062e-2
0.800, 1.066e-2
0.799, 1.062e-2
0.798, 1.055e-2
0.797, 1.048e-2
0.796, 1.041e-2
0.795, 1.034e-2
0.794, 1.028e-2
0.793, 1.021e-2
0.792, 1.014e-2
0.791, 1.007e-2
0.790, 1.000e-2
0.789, 9.936e-3
0.788, 9.868e-3
0.787, 9.801e-3
0.786, 9.733e-3
0.785, 9.666e-3
0.784, 9.599e-3
0.783, 9.532e-3
0.782, 9.465e-3
0.781, 9.398e-3
0.780, 9.331e-3
0.779, 9.264e-3
0.778, 9.198e-3
0.777, 9.131e-3
0.776, 9.064e-3
0.775, 8.998e-3
0.774, 8.932e-3
0.773, 8.865e-3
0.772, 8.799e-3
0.771, 8.733e-3
0.770, 8.667e-3
0.769, 8.601e-3
0.768, 8.535e-3
0.767, 8.469e-3
0.766, 8.403e-3
0.765, 8.338e-3
0.764, 8.272e-3
0.763, 8.207e-3
0.762, 8.141e-3
0.761, 8.075e-3
0.760, 8.010e-3
0.759, 7.946e-3
0.758, 7.881e-3
0.757, 7.816e-3
0.756, 7.751e-3
0.755, 7.687e-3
0.754, 7.623e-3
0.753, 7.558e-3
0.752, 7.494e-3
0.751, 7.430e-3
0.750, 7.366e-3
0.749, 7.302e-3
0.748, 7.238e-3
0.747, 7.174e-3
0.746, 7.111e-3
0.745, 7.047e-3
0.744, 6.983e-3
0.743, 6.920e-3
0.742, 6.856e-3
0.741, 6.793e-3
0.740, 6.730e-3
0.739, 6.667e-3
0.738, 6.604e-3
0.737, 6.542e-3
0.736, 6.479e-3
0.735, 6.417e-3
0.734, 6.355e-3
0.733, 6.292e-3
0.732, 6.230e-3
0.731, 6.169e-3
0.730, 6.107e-3
0.729, 6.046e-3
0.728, 5.985e-3
0.727, 5.923e-3
0.726, 5.863e-3
0.725, 5.801e-3
0.724, 5.741e-3
0.723, 5.680e-3
0.722, 5.620e-3
0.721, 5.560e-3
0.720, 5.499e-3
0.719, 5.439e-3
0.718, 5.379e-3
0.717, 5.318e-3
0.716, 5.257e-3
0.715, 5.197e-3
0.714, 5.138e-3
0.713, 5.079e-3
0.712, 5.019e-3
0.711, 4.960e-3
0.710, 4.902e-3
0.709, 4.844e-3
0.708, 4.785e-3
0.707, 4.728e-3
0.706, 4.669e-3
0.705, 4.611e-3
0.704, 4.554e-3
0.703, 4.497e-3
0.702, 4.440e-3
0.701, 4.383e-3
0.700, 4.326e-3
0.699, 4.270e-3
0.698, 4.214e-3
0.697, 4.157e-3
0.696, 4.102e-3
0.695, 4.046e-3
0.694, 3.990e-3
0.693, 3.935e-3
0.692, 3.880e-3
0.691, 3.824e-3
0.690, 3.769e-3
0.689, 3.715e-3
0.688, 3.661e-3
0.687, 3.607e-3
0.686, 3.553e-3
0.685, 3.499e-3
0.684, 3.445e-3
0.683, 3.392e-3
0.682, 3.339e-3
0.681, 3.287e-3
0.680, 3.235e-3
0.679, 3.183e-3
0.678, 3.132e-3
0.677, 3.080e-3
0.676, 3.028e-3
0.675, 2.977e-3
0.674, 2.927e-3
0.673, 2.877e-3
0.672, 2.826e-3
0.671, 2.777e-3
0.670, 2.728e-3
0.669, 2.678e-3
0.668, 2.630e-3
0.667, 2.581e-3
0.666, 2.533e-3
0.665, 2.485e-3
0.664, 2.437e-3
0.663, 2.390e-3
0.662, 2.342e-3
0.661, 2.296e-3
0.660, 2.249e-3
0.659, 2.203e-3
0.658, 2.158e-3
0.657, 2.113e-3
0.656, 2.068e-3
0.655, 2.023e-3
0.654, 1.979e-3
0.653, 1.935e-3
0.652, 1.892e-3
0.651, 1.849e-3
0.650, 1.806e-3
0.649, 1.764e-3
0.648, 1.723e-3
0.647, 1.681e-3
0.646, 1.640e-3
0.645, 1.600e-3
0.644, 1.559e-3
0.643, 1.520e-3
0.642, 1.480e-3
0.641, 1.441e-3
0.640, 1.403e-3
0.639, 1.365e-3
0.638, 1.327e-3
0.637, 1.290e-3
0.636, 1.254e-3
0.635, 1.218e-3
0.634, 1.182e-3
0.633, 1.148e-3
0.632, 1.113e-3
0.631, 1.079e-3
0.630, 1.045e-3
0.629, 1.012e-3
0.628, 9.800e-4
0.627, 9.486e-4
0.626, 9.168e-4
0.625, 8.857e-4
0.624, 8.554e-4
0.623, 8.251e-4
0.622, 7.957e-4
0.621, 7.664e-4
0.620, 7.379e-4
0.619, 7.101e-4
0.618, 6.829e-4
0.617, 6.562e-4
0.616, 6.299e-4
0.615, 6.048e-4
0.614, 5.812e-4
0.613, 5.562e-4
0.612, 5.321e-4
0.611, 5.085e-4
0.610, 4.855e-4
0.609, 4.631e-4
0.608, 4.411e-4
0.607, 4.198e-4
0.606, 3.992e-4
0.605, 3.787e-4
0.604, 3.593e-4
0.603, 3.400e-4
0.602, 3.211e-4
0.601, 3.034e-4
0.600, 2.858e-4
0.599, 2.684e-4
0.598, 2.519e-4
0.597, 2.363e-4
0.596, 2.207e-4
0.595, 2.056e-4
0.594, 1.910e-4
0.593, 1.769e-4
0.592, 1.633e-4
0.591, 1.498e-4
0.590, 1.374e-4
0.589, 1.247e-4
0.588, 1.129e-4
0.587, 1.018e-4
0.586, 9.057e-5
0.585, 7.977e-5
0.584, 6.955e-5
0.583, 5.951e-5
0.582, 5.008e-5
0.581, 4.091e-5
0.580, 3.254e-5
0.579, 2.425e-5
0.578, 1.570e-5
0.577, 8.075e-6
0.576, 8.494e-7
0.575, -6.766e-6
0.574, -1.385e-5
0.573, -2.041e-5
0.572, -2.671e-5
0.571, -3.285e-5
0.570, -3.935e-5
0.569, -4.490e-5
0.568, -5.015e-5
0.567, -5.560e-5
0.566, -6.042e-5
0.565, -6.586e-5
0.564, -7.013e-5
0.563, -7.461e-5
0.562, -7.909e-5
0.561, -8.294e-5
0.560, -8.684e-5
0.559, -9.083e-5
0.558, -9.422e-5
0.557, -9.789e-5
0.556, -1.015e-4
0.555, -1.046e-4
0.554, -1.079e-4
0.553, -1.108e-4
0.552, -1.138e-4
0.551, -1.169e-4
0.550, -1.186e-4
0.549, -1.214e-4
0.548, -1.241e-4
0.547, -1.268e-4
0.546, -1.292e-4
0.545, -1.315e-4
0.544, -1.337e-4
0.543, -1.363e-4
0.542, -1.386e-4
0.541, -1.407e-4
0.540, -1.423e-4
0.539, -1.442e-4
0.538, -1.462e-4
0.537, -1.487e-4
0.536, -1.501e-4
0.535, -1.518e-4
0.534, -1.534e-4
0.533, -1.555e-4
0.532, -1.574e-4
0.531, -1.586e-4
0.530, -1.606e-4
0.529, -1.617e-4
0.528, -1.631e-4
0.527, -1.651e-4
0.526, -1.667e-4
0.525, -1.680e-4
0.524, -1.692e-4
0.523, -1.706e-4
0.522, -1.719e-4
0.521, -1.735e-4
0.520, -1.750e-4
0.519, -1.766e-4
0.518, -1.779e-4
0.517, -1.793e-4
0.516, -1.808e-4
0.515, -1.820e-4
0.514, -1.833e-4
0.513, -1.850e-4
0.512, -1.884e-4
0.511, -1.901e-4
0.510, -1.906e-4
0.509, -1.917e-4
0.508, -1.924e-4
0.507, -1.939e-4
0.506, -1.954e-4
0.505, -1.970e-4
0.504, -1.983e-4
0.503, -1.997e-4
0.502, -2.010e-4
0.501, -2.025e-4
0.500, -2.042e-4
0.499, -2.049e-4
0.498, -2.068e-4
0.497, -2.092e-4
0.496, -2.111e-4
0.495, -2.127e-4
0.494, -2.141e-4
0.493, -2.159e-4
0.492, -2.177e-4
0.491, -2.197e-4
0.490, -2.214e-4
0.489, -2.233e-4
0.488, -2.255e-4
0.487, -2.278e-4
0.486, -2.303e-4
0.485, -2.324e-4
0.484, -2.345e-4
0.483, -2.364e-4
0.482, -2.388e-4
0.481, -2.411e-4
0.480, -2.438e-4
0.479, -2.464e-4
0.478, -2.485e-4
0.477, -2.512e-4
0.476, -2.538e-4
0.475, -2.571e-4
0.474, -2.607e-4
0.473, -2.630e-4
0.472, -2.664e-4
0.471, -2.700e-4
0.470, -2.733e-4
0.469, -2.767e-4
0.468, -2.806e-4
0.467, -2.849e-4
0.466, -2.892e-4
0.465, -2.930e-4
0.464, -2.972e-4
0.463, -3.016e-4
0.462, -3.065e-4
0.461, -3.118e-4
0.460, -3.167e-4
0.459, -3.221e-4
0.458, -3.276e-4
0.457, -3.335e-4
0.456, -3.395e-4
0.455, -3.460e-4
0.454, -3.520e-4
0.453, -3.592e-4
0.452, -3.658e-4
0.451, -3.728e-4
0.450, -3.805e-4
0.449, -3.886e-4
0.448, -3.959e-4
0.447, -4.043e-4
0.446, -4.131e-4
0.445, -4.222e-4
0.444, -4.315e-4
0.443, -4.416e-4
0.442, -4.520e-4
0.441, -4.624e-4
0.440, -4.732e-4
0.439, -4.846e-4
0.438, -4.960e-4
0.437, -5.081e-4
0.436, -5.199e-4
0.435, -5.333e-4
0.434, -5.466e-4
0.433, -5.596e-4
0.432, -5.732e-4
0.431, -5.867e-4
0.430, -6.008e-4
0.429, -6.153e-4
0.428, -6.301e-4
0.427, -6.450e-4
0.426, -6.602e-4
0.425, -6.753e-4
0.424, -6.906e-4
0.423, -7.062e-4
0.422, -7.209e-4
0.421, -7.365e-4
0.420, -7.526e-4
0.419, -7.684e-4
0.418, -7.848e-4
0.417, -8.011e-4
0.416, -8.166e-4
0.415, -8.326e-4
0.414, -8.488e-4
0.413, -8.651e-4
0.412, -8.810e-4
0.411, -8.975e-4
0.410, -9.112e-4
0.409, -9.182e-4
0.408, -9.353e-4
0.407, -9.527e-4
0.406, -9.695e-4
0.405, -9.866e-4
0.404, -1.004e-3
0.403, -1.021e-3
0.402, -1.039e-3
0.401, -1.056e-3
0.400, -1.074e-3
0.399, -1.092e-3
0.398, -1.109e-3
0.397, -1.127e-3
0.396, -1.145e-3
0.395, -1.164e-3
0.394, -1.183e-3
0.393, -1.201e-3
0.392, -1.219e-3
0.391, -1.238e-3
0.390, -1.257e-3
0.389, -1.275e-3
0.388, -1.294e-3
0.387, -1.311e-3
0.386, -1.329e-3
0.385, -1.347e-3
0.384, -1.365e-3
0.383, -1.382e-3
0.382, -1.398e-3
0.381, -1.415e-3
0.380, -1.430e-3
0.379, -1.444e-3
0.378, -1.458e-3
0.377, -1.471e-3
0.376, -1.483e-3
0.375, -1.493e-3
0.374, -1.503e-3
0.373, -1.511e-3
0.372, -1.517e-3
0.371, -1.521e-3
0.370, -1.524e-3
0.369, -1.524e-3
0.368, -1.522e-3
0.367, -1.518e-3
0.366, -1.511e-3
0.365, -1.501e-3
0.364, -1.488e-3
0.363, -1.472e-3
0.362, -1.452e-3
0.361, -1.429e-3
0.360, -1.402e-3
0.359, -1.372e-3
0.358, -1.339e-3
0.357, -1.301e-3
0.356, -1.260e-3
0.355, -1.217e-3
0.354, -1.170e-3
0.353, -1.121e-3
0.352, -1.071e-3
0.351, -1.019e-3
0.350, -9.669e-4
0.349, -9.147e-4
0.348, -8.624e-4
0.347, -8.115e-4
0.346, -7.620e-4
0.345, -7.141e-4
0.344, -6.691e-4
0.343, -6.262e-4
0.342, -5.868e-4
0.341, -5.497e-4
0.340, -5.150e-4
0.339, -4.830e-4
0.338, -4.538e-4
0.337, -4.265e-4
0.336, -4.016e-4
0.335, -3.794e-4
0.334, -3.585e-4
0.333, -3.391e-4
0.332, -3.215e-4
0.331, -3.052e-4
0.330, -2.902e-4
0.329, -2.764e-4
0.328, -2.637e-4
0.327, -2.517e-4
0.326, -2.411e-4
0.325, -2.307e-4
0.324, -2.213e-4
0.323, -2.128e-4
0.322, -2.043e-4
0.321, -1.967e-4
0.320, -1.897e-4
0.319, -1.831e-4
0.318, -1.768e-4
0.317, -1.712e-4
0.316, -1.659e-4
0.315, -1.605e-4
0.314, -1.556e-4
0.313, -1.509e-4
0.312, -1.463e-4
0.311, -1.424e-4
0.310, -1.383e-4
0.309, -1.344e-4
0.308, -1.308e-4
0.307, -1.278e-4
0.306, -1.243e-4
0.305, -1.211e-4
0.304, -1.183e-4
0.303, -1.157e-4
0.302, -1.128e-4
0.301, -1.100e-4
0.300, -1.075e-4
0.299, -1.051e-4
0.298, -1.028e-4
0.297, -1.007e-4
0.296, -9.850e-5
0.295, -9.633e-5
0.294, -9.427e-5
0.293, -9.254e-5
0.292, -9.084e-5
0.291, -8.907e-5
0.290, -8.720e-5
0.289, -8.544e-5
0.288, -8.383e-5
0.287, -8.237e-5
0.286, -8.078e-5
0.285, -7.942e-5
0.284, -7.803e-5
0.283, -7.673e-5
0.282, -7.534e-5
0.281, -7.396e-5
0.280, -7.266e-5
0.279, -7.157e-5
0.278, -7.048e-5
0.277, -6.929e-5
0.276, -6.839e-5
0.275, -6.746e-5
0.274, -6.651e-5
0.273, -6.558e-5
0.272, -6.452e-5
0.271, -6.354e-5
0.270, -6.251e-5
0.269, -6.141e-5
0.268, -6.042e-5
0.267, -5.947e-5
0.266, -5.874e-5
0.265, -5.794e-5
0.264, -5.709e-5
0.263, -5.633e-5
0.262, -5.557e-5
0.261, -5.490e-5
0.260, -5.416e-5
0.259, -5.340e-5
0.258, -5.274e-5
0.257, -5.204e-5
0.256, -5.138e-5
0.255, -5.071e-5
0.254, -4.992e-5
0.253, -4.935e-5
0.252, -4.872e-5
0.251, -4.818e-5
0.250, -4.759e-5
0.249, -4.699e-5
0.248, -4.635e-5
0.247, -4.593e-5
0.246, -4.538e-5
0.245, -4.485e-5
0.244, -4.426e-5
0.243, -4.381e-5
0.242, -4.346e-5
0.241, -4.297e-5
0.240, -4.253e-5
0.239, -4.210e-5
0.238, -4.164e-5
0.237, -4.121e-5
0.236, -4.080e-5
0.235, -4.024e-5
0.234, -3.990e-5
0.233, -3.945e-5
0.232, -3.904e-5
0.231, -3.860e-5
0.230, -3.823e-5
0.229, -3.774e-5
0.228, -3.741e-5
0.227, -3.689e-5
0.226, -3.657e-5
0.225, -3.623e-5
0.224, -3.583e-5
0.223, -3.549e-5
0.222, -3.513e-5
0.221, -3.475e-5
0.220, -3.442e-5
0.219, -3.408e-5
0.218, -3.380e-5
0.217, -3.342e-5
0.216, -3.315e-5
0.215, -3.289e-5
0.214, -3.259e-5
0.213, -3.225e-5
0.212, -3.205e-5
0.211, -3.167e-5
0.210, -3.139e-5
0.209, -3.121e-5
0.208, -3.090e-5
0.207, -3.066e-5
0.206, -3.037e-5
0.205, -3.005e-5
0.204, -2.988e-5
0.203, -2.963e-5
0.202, -2.938e-5
0.201, -2.916e-5
0.200, -2.687e-5
0.201, -2.255e-5
0.202, -2.092e-5
0.203, -1.974e-5
0.204, -1.891e-5
0.205, -1.822e-5
0.206, -1.746e-5
0.207, -1.677e-5
0.208, -1.621e-5
0.209, -1.545e-5
0.210, -1.502e-5
0.211, -1.439e-5
0.212, -1.386e-5
0.213, -1.335e-5
0.214, -1.288e-5
0.215, -1.250e-5
0.216, -1.201e-5
0.217, -1.155e-5
0.218, -1.125e-5
0.219, -1.092e-5
0.220, -1.049e-5
0.221, -1.018e-5
0.222, -9.832e-6
0.223, -9.539e-6
0.224, -9.168e-6
0.225, -8.924e-6
0.226, -8.573e-6
0.227, -8.250e-6
0.228, -8.026e-6
0.229, -7.772e-6
0.230, -7.460e-6
0.231, -7.147e-6
0.232, -6.962e-6
0.233, -6.796e-6
0.234, -6.444e-6
0.235, -6.200e-6
0.236, -5.966e-6
0.237, -5.761e-6
0.238, -5.507e-6
0.239, -5.282e-6
0.240, -5.116e-6
0.241, -4.911e-6
0.242, -4.706e-6
0.243, -4.491e-6
0.244, -4.267e-6
0.245, -4.003e-6
0.246, -3.730e-6
0.247, -3.554e-6
0.248, -3.281e-6
0.249, -3.066e-6
0.250, -2.939e-6
0.251, -2.646e-6
0.252, -2.402e-6
0.253, -2.246e-6
0.254, -2.041e-6
0.255, -1.845e-6
0.256, -1.650e-6
0.257, -1.377e-6
0.258, -1.211e-6
0.259, -9.666e-7
0.260, -8.006e-7
0.261, -5.565e-7
0.262, -3.515e-7
0.263, -1.757e-7
0.264, -4.283e-13
0.265, 2.343e-7
0.266, 4.784e-7
0.267, 6.151e-7
0.268, 7.909e-7
0.269, 9.764e-7
0.270, 1.299e-6
0.271, 1.523e-6
0.272, 1.650e-6
0.273, 1.933e-6
0.274, 2.158e-6
0.275, 2.255e-6
0.276, 2.509e-6
0.277, 2.675e-6
0.278, 2.929e-6
0.279, 3.203e-6
0.280, 3.320e-6
0.281, 3.544e-6
0.282, 3.759e-6
0.283, 4.023e-6
0.284, 4.296e-6
0.285, 4.394e-6
0.286, 4.560e-6
0.287, 4.872e-6
0.288, 5.067e-6
0.289, 5.263e-6
0.290, 5.507e-6
0.291, 5.800e-6
0.292, 5.927e-6
0.293, 6.220e-6
0.294, 6.386e-6
0.295, 6.620e-6
0.296, 6.913e-6
0.297, 7.206e-6
0.298, 7.391e-6
0.299, 7.655e-6
0.300, 7.977e-6
0.301, 8.250e-6
0.302, 8.397e-6
0.303, 8.729e-6
0.304, 9.002e-6
0.305, 9.315e-6
0.306, 9.598e-6
0.307, 9.959e-6
0.308, 1.038e-5
0.309, 1.044e-5
0.310, 1.071e-5
0.311, 1.093e-5
0.312, 1.130e-5
0.313, 1.172e-5
0.314, 1.193e-5
0.315, 1.234e-5
0.316, 1.253e-5
0.317, 1.290e-5
0.318, 1.314e-5
0.319, 1.351e-5
0.320, 1.379e-5
0.321, 1.417e-5
0.322, 1.441e-5
0.323, 1.475e-5
0.324, 1.509e-5
0.325, 1.537e-5
0.326, 1.572e-5
0.327, 1.606e-5
0.328, 1.633e-5
0.329, 1.669e-5
0.330, 1.710e-5
0.331, 1.743e-5
0.332, 1.781e-5
0.333, 1.819e-5
0.334, 1.855e-5
0.335, 1.890e-5
0.336, 1.926e-5
0.337, 1.977e-5
0.338, 2.017e-5
0.339, 2.051e-5
0.340, 2.093e-5
0.341, 2.130e-5
0.342, 2.172e-5
0.343, 2.217e-5
0.344, 2.265e-5
0.345, 2.309e-5
0.346, 2.346e-5
0.347, 2.390e-5
0.348, 2.439e-5
0.349, 2.483e-5
0.350, 2.524e-5
0.351, 2.574e-5
0.352, 2.618e-5
0.353, 2.666e-5
0.354, 2.704e-5
0.355, 2.751e-5
0.356, 2.805e-5
0.357, 2.845e-5
0.358, 2.898e-5
0.359, 2.939e-5
0.360, 2.987e-5
0.361, 3.035e-5
0.362, 3.079e-5
0.363, 3.138e-5
0.364, 3.186e-5
0.365, 3.238e-5
0.366, 3.304e-5
0.367, 3.361e-5
0.368, 3.409e-5
0.369, 3.476e-5
0.370, 3.528e-5
0.371, 3.589e-5
0.372, 3.649e-5
0.373, 3.700e-5
0.374, 3.767e-5
0.375, 3.826e-5
0.376, 3.886e-5
0.377, 3.945e-5
0.378, 3.999e-5
0.379, 4.058e-5
0.380, 4.131e-5
0.381, 4.185e-5
0.382, 4.258e-5
0.383, 4.326e-5
0.384, 4.409e-5
0.385, 4.489e-5
0.386, 4.546e-5
0.387, 4.624e-5
0.388, 4.706e-5
0.389, 4.782e-5
0.390, 4.866e-5
0.391, 4.943e-5
0.392, 5.024e-5
0.393, 5.115e-5
0.394, 5.186e-5
0.395, 5.263e-5
0.396, 5.350e-5
0.397, 5.419e-5
0.398, 5.526e-5
0.399, 5.617e-5
0.400, 5.725e-5
0.401, 5.849e-5
0.402, 5.952e-5
0.403, 6.061e-5
0.404, 6.175e-5
0.405, 6.290e-5
0.406, 6.399e-5
0.407, 6.506e-5
0.408, 6.633e-5
0.409, 6.738e-5
0.410, 6.640e-5
0.411, 6.901e-5
0.412, 7.099e-5
0.413, 7.275e-5
0.414, 7.453e-5
0.415, 7.619e-5
0.416, 7.786e-5
0.417, 7.960e-5
0.418, 8.158e-5
0.419, 8.397e-5
0.420, 8.640e-5
0.421, 8.862e-5
0.422, 9.098e-5
0.423, 9.353e-5
0.424, 9.660e-5
0.425, 9.999e-5
0.426, 1.031e-4
0.427, 1.068e-4
0.428, 1.111e-4
0.429, 1.154e-4
0.430, 1.202e-4
0.431, 1.254e-4
0.432, 1.306e-4
0.433, 1.374e-4
0.434, 1.441e-4
0.435, 1.518e-4
0.436, 1.607e-4
0.437, 1.694e-4
0.438, 1.795e-4
0.439, 1.908e-4
0.440, 2.028e-4
0.441, 2.161e-4
0.442, 2.306e-4
0.443, 2.464e-4
0.444, 2.639e-4
0.445, 2.825e-4
0.446, 3.031e-4
0.447, 3.251e-4
0.448, 3.489e-4
0.449, 3.744e-4
0.450, 4.024e-4
0.451, 4.324e-4
0.452, 4.639e-4
0.453, 4.980e-4
0.454, 5.344e-4
0.455, 5.727e-4
0.456, 6.133e-4
0.457, 6.564e-4
0.458, 7.016e-4
0.459, 7.490e-4
0.460, 7.986e-4
0.461, 8.504e-4
0.462, 9.038e-4
0.463, 9.585e-4
0.464, 1.014e-3
0.465, 1.071e-3
0.466, 1.129e-3
0.467, 1.187e-3
0.468, 1.245e-3
0.469, 1.303e-3
0.470, 1.361e-3
0.471, 1.418e-3
0.472, 1.474e-3
0.473, 1.530e-3
0.474, 1.583e-3
0.475, 1.636e-3
0.476, 1.686e-3
0.477, 1.735e-3
0.478, 1.782e-3
0.479, 1.827e-3
0.480, 1.871e-3
0.481, 1.912e-3
0.482, 1.951e-3
0.483, 1.988e-3
0.484, 2.022e-3
0.485, 2.054e-3
0.486, 2.082e-3
0.487, 2.109e-3
0.488, 2.133e-3
0.489, 2.154e-3
0.490, 2.171e-3
0.491, 2.186e-3
0.492, 2.198e-3
0.493, 2.205e-3
0.494, 2.210e-3
0.495, 2.212e-3
0.496, 2.209e-3
0.497, 2.203e-3
0.498, 2.192e-3
0.499, 2.178e-3
0.500, 2.160e-3
0.501, 2.137e-3
0.502, 2.111e-3
0.503, 2.080e-3
0.504, 2.046e-3
0.505, 2.007e-3
0.506, 1.965e-3
0.507, 1.920e-3
0.508, 1.871e-3
0.509, 1.819e-3
0.510, 1.766e-3
0.511, 1.711e-3
0.512, 1.656e-3
0.513, 1.601e-3
0.514, 1.543e-3
0.515, 1.485e-3
0.516, 1.427e-3
0.517, 1.371e-3
0.518, 1.316e-3
0.519, 1.262e-3
0.520, 1.209e-3
0.521, 1.158e-3
0.522, 1.108e-3
0.523, 1.059e-3
0.524, 1.012e-3
0.525, 9.657e-4
0.526, 9.217e-4
0.527, 8.787e-4
0.528, 8.376e-4
0.529, 7.983e-4
0.530, 7.608e-4
0.531, 7.250e-4
0.532, 6.911e-4
0.533, 6.592e-4
0.534, 6.294e-4
0.535, 6.010e-4
0.536, 5.747e-4
0.537, 5.501e-4
0.538, 5.279e-4
0.539, 5.070e-4
0.540, 4.870e-4
0.541, 4.687e-4
0.542, 4.523e-4
0.543, 4.371e-4
0.544, 4.226e-4
0.545, 4.102e-4
0.546, 3.989e-4
0.547, 3.883e-4
0.548, 3.782e-4
0.549, 3.696e-4
0.550, 3.619e-4
0.551, 3.536e-4
0.552, 3.475e-4
0.553, 3.422e-4
0.554, 3.365e-4
0.555, 3.320e-4
0.556, 3.274e-4
0.557, 3.233e-4
0.558, 3.208e-4
0.559, 3.177e-4
0.560, 3.155e-4
0.561, 3.134e-4
0.562, 3.117e-4
0.563, 3.108e-4
0.564, 3.098e-4
0.565, 3.091e-4
0.566, 3.087e-4
0.567, 3.084e-4
0.568, 3.086e-4
0.569, 3.095e-4
0.570, 3.100e-4
0.571, 3.115e-4
0.572, 3.131e-4
0.573, 3.149e-4
0.574, 3.171e-4
0.575, 3.195e-4
0.576, 3.218e-4
0.577, 3.248e-4
0.578, 3.284e-4
0.579, 3.327e-4
0.580, 3.366e-4
0.581, 3.414e-4
0.582, 3.465e-4
0.583, 3.519e-4
0.584, 3.577e-4
0.585, 3.638e-4
0.586, 3.699e-4
0.587, 3.768e-4
0.588, 3.844e-4
0.589, 3.926e-4
0.590, 4.010e-4
0.591, 4.097e-4
0.592, 4.187e-4
0.593, 4.283e-4
0.594, 4.384e-4
0.595, 4.492e-4
0.596, 4.604e-4
0.597, 4.717e-4
0.598, 4.842e-4
0.599, 4.968e-4
0.600, 5.098e-4
0.601, 5.236e-4
0.602, 5.375e-4
0.603, 5.525e-4
0.604, 5.680e-4
0.605, 5.843e-4
0.606, 6.008e-4
0.607, 6.178e-4
0.608, 6.359e-4
0.609, 6.550e-4
0.610, 6.735e-4
0.611, 6.933e-4
0.612, 7.138e-4
0.613, 7.346e-4
0.614, 7.561e-4
0.615, 7.768e-4
0.616, 8.002e-4
0.617, 8.240e-4
0.618, 8.481e-4
0.619, 8.727e-4
0.620, 8.984e-4
0.621, 9.242e-4
0.622, 9.506e-4
0.623, 9.776e-4
0.624, 1.005e-3
0.625, 1.034e-3
0.626, 1.062e-3
0.627, 1.092e-3
0.628, 1.122e-3
0.629, 1.153e-3
0.630, 1.184e-3
0.631, 1.215e-3
0.632, 1.248e-3
0.633, 1.281e-3
0.634, 1.315e-3
0.635, 1.349e-3
0.636, 1.383e-3
0.637, 1.418e-3
0.638, 1.454e-3
0.639, 1.490e-3
0.640, 1.528e-3
0.641, 1.565e-3
0.642, 1.603e-3
0.643, 1.642e-3
0.644, 1.680e-3
0.645, 1.720e-3
0.646, 1.760e-3
0.647, 1.800e-3
0.648, 1.841e-3
0.649, 1.882e-3
0.650, 1.923e-3
0.651, 1.966e-3
0.652, 2.008e-3
0.653, 2.051e-3
0.654, 2.095e-3
0.655, 2.138e-3
0.656, 2.182e-3
0.657, 2.227e-3
0.658, 2.272e-3
0.659, 2.317e-3
0.660, 2.363e-3
0.661, 2.409e-3
0.662, 2.456e-3
0.663, 2.503e-3
0.664, 2.550e-3
0.665, 2.597e-3
0.666, 2.645e-3
0.667, 2.694e-3
0.668, 2.742e-3
0.669, 2.791e-3
0.670, 2.840e-3
0.671, 2.889e-3
0.672, 2.939e-3
0.673, 2.989e-3
0.674, 3.040e-3
0.675, 3.091e-3
0.676, 3.142e-3
0.677, 3.193e-3
0.678, 3.245e-3
0.679, 3.296e-3
0.680, 3.348e-3
0.681, 3.400e-3
0.682, 3.453e-3
0.683, 3.506e-3
0.684, 3.560e-3
0.685, 3.613e-3
0.686, 3.667e-3
0.687, 3.720e-3
0.688, 3.774e-3
0.689, 3.829e-3
0.690, 3.884e-3
0.691, 3.939e-3
0.692, 3.995e-3
0.693, 4.050e-3
0.694, 4.105e-3
0.695, 4.160e-3
0.696, 4.216e-3
0.697, 4.273e-3
0.698, 4.328e-3
0.699, 4.385e-3
0.700, 4.442e-3
0.701, 4.498e-3
0.702, 4.555e-3
0.703, 4.613e-3
0.704, 4.670e-3
0.705, 4.728e-3
0.706, 4.785e-3
0.707, 4.843e-3
0.708, 4.901e-3
0.709, 4.959e-3
0.710, 5.018e-3
0.711, 5.077e-3
0.712, 5.136e-3
0.713, 5.194e-3
0.714, 5.253e-3
0.715, 5.313e-3
0.716, 5.372e-3
0.717, 5.434e-3
0.718, 5.495e-3
0.719, 5.555e-3
0.720, 5.615e-3
0.721, 5.675e-3
0.722, 5.735e-3
0.723, 5.795e-3
0.724, 5.856e-3
0.725, 5.916e-3
0.726, 5.977e-3
0.727, 6.038e-3
0.728, 6.099e-3
0.729, 6.160e-3
0.730, 6.220e-3
0.731, 6.282e-3
0.732, 6.344e-3
0.733, 6.405e-3
0.734, 6.467e-3
0.735, 6.528e-3
0.736, 6.591e-3
0.737, 6.653e-3
0.738, 6.715e-3
0.739, 6.778e-3
0.740, 6.840e-3
0.741, 6.903e-3
0.742, 6.965e-3
0.743, 7.029e-3
0.744, 7.092e-3
0.745, 7.155e-3
0.746, 7.218e-3
0.747, 7.281e-3
0.748, 7.344e-3
0.749, 7.408e-3
0.750, 7.471e-3
0.751, 7.534e-3
0.752, 7.598e-3
0.753, 7.662e-3
0.754, 7.725e-3
0.755, 7.789e-3
0.756, 7.853e-3
0.757, 7.917e-3
0.758, 7.981e-3
0.759, 8.045e-3
0.760, 8.109e-3
0.761, 8.174e-3
0.762, 8.238e-3
0.763, 8.303e-3
0.764, 8.368e-3
0.765, 8.432e-3
0.766, 8.497e-3
0.767, 8.562e-3
0.768, 8.627e-3
0.769, 8.693e-3
0.770, 8.758e-3
0.771, 8.823e-3
0.772, 8.888e-3
0.773, 8.953e-3
0.774, 9.019e-3
0.775, 9.084e-3
0.776, 9.150e-3
0.777, 9.215e-3
0.778, 9.280e-3
0.779, 9.346e-3
0.780, 9.412e-3
0.781, 9.477e-3
0.782, 9.543e-3
0.783, 9.609e-3
0.784, 9.675e-3
0.785, 9.741e-3
0.786, 9.807e-3
0.787, 9.874e-3
0.788, 9.940e-3
0.789, 1.001e-2
0.790, 1.007e-2
0.791, 1.014e-2
0.792, 1.021e-2
0.793, 1.027e-2
0.794, 1.034e-2
0.795, 1.041e-2
0.796, 1.047e-2
0.797, 1.054e-2
0.798, 1.061e-2
0.799, 1.067e-2
0.800, 1.072e-2
0.799, 1.067e-2
0.798, 1.061e-2
0.797, 1.054e-2
0.796, 1.047e-2
0.795, 1.040e-2
0.794, 1.033e-2
0.793, 1.026e-2
0.792, 1.019e-2
0.791, 1.013e-2
0.790, 1.006e-2
0.789, 9.991e-3
0.788, 9.923e-3
0.787, 9.855e-3
0.786, 9.787e-3
0.785, 9.719e-3
0.784, 9.652e-3
0.783, 9.585e-3
0.782, 9.518e-3
0.781, 9.451e-3
0.780, 9.384e-3
0.779, 9.317e-3
0.778, 9.250e-3
0.777, 9.183e-3
0.776, 9.117e-3
0.775, 9.050e-3
0.774, 8.983e-3
0.773, 8.917e-3
0.772, 8.851e-3
0.771, 8.785e-3
0.770, 8.719e-3
0.769, 8.652e-3
0.768, 8.586e-3
0.767, 8.519e-3
0.766, 8.454e-3
0.765, 8.388e-3
0.764, 8.322e-3
0.763, 8.256e-3
0.762, 8.190e-3
0.761, 8.125e-3
0.760, 8.060e-3
0.759, 7.995e-3
0.758, 7.930e-3
0.757, 7.865e-3
0.756, 7.800e-3
0.755, 7.736e-3
0.754, 7.671e-3
0.753, 7.606e-3
0.752, 7.542e-3
0.751, 7.478e-3
0.750, 7.413e-3
0.749, 7.349e-3
0.748, 7.285e-3
0.747, 7.222e-3
0.746, 7.158e-3
0.745, 7.094e-3
0.744, 7.030e-3
0.743, 6.966e-3
0.742, 6.902e-3
0.741, 6.839e-3
0.740, 6.776e-3
0.739, 6.713e-3
0.738, 6.650e-3
0.737, 6.587e-3
0.736, 6.524e-3
0.735, 6.462e-3
0.734, 6.399e-3
0.733, 6.337e-3
0.732, 6.275e-3
0.731, 6.213e-3
0.730, 6.151e-3
0.729, 6.090e-3
0.728, 6.029e-3
0.727, 5.967e-3
0.726, 5.906e-3
0.725, 5.845e-3
0.724, 5.784e-3
0.723, 5.723e-3
0.722, 5.662e-3
0.721, 5.602e-3
0.720, 5.542e-3
0.719, 5.481e-3
0.718, 5.421e-3
0.717, 5.359e-3
0.716, 5.298e-3
0.715, 5.238e-3
0.714, 5.178e-3
0.713, 5.119e-3
0.712, 5.059e-3
0.711, 5.000e-3
0.710, 4.941e-3
0.709, 4.883e-3
0.708, 4.824e-3
0.707, 4.766e-3
0.706, 4.707e-3
0.705, 4.649e-3
0.704, 4.592e-3
0.703, 4.535e-3
0.702, 4.478e-3
0.701, 4.420e-3
0.700, 4.363e-3
0.699, 4.306e-3
0.698, 4.250e-3
0.697, 4.193e-3
0.696, 4.137e-3
0.695, 4.081e-3
0.694, 4.026e-3
0.693, 3.970e-3
0.692, 3.914e-3
0.691, 3.858e-3
0.690, 3.803e-3
0.689, 3.749e-3
0.688, 3.694e-3
0.687, 3.640e-3
0.686, 3.586e-3
0.685, 3.532e-3
0.684, 3.478e-3
0.683, 3.425e-3
0.682, 3.372e-3
0.681, 3.319e-3
0.680, 3.266e-3
0.679, 3.214e-3
0.678, 3.163e-3
0.677, 3.111e-3
0.676, 3.059e-3
0.675, 3.008e-3
0.674, 2.957e-3
0.673, 2.906e-3
0.672, 2.856e-3
0.671, 2.806e-3
0.670, 2.756e-3
0.669, 2.707e-3
0.668, 2.657e-3
0.667, 2.609e-3
0.666, 2.560e-3
0.665, 2.512e-3
0.664, 2.464e-3
0.663, 2.416e-3
0.662, 2.369e-3
0.661, 2.322e-3
0.660, 2.275e-3
0.659, 2.229e-3
0.658, 2.183e-3
0.657, 2.137e-3
0.656, 2.092e-3
0.655, 2.047e-3
0.654, 2.003e-3
0.653, 1.959e-3
0.652, 1.915e-3
0.651, 1.872e-3
0.650, 1.829e-3
0.649, 1.786e-3
0.648, 1.744e-3
0.647, 1.702e-3
0.646, 1.662e-3
0.645, 1.620e-3
0.644, 1.580e-3
0.643, 1.540e-3
0.642, 1.500e-3
0.641, 1.461e-3
0.640, 1.422e-3
0.639, 1.383e-3
0.638, 1.346e-3
0.637, 1.309e-3
0.636, 1.272e-3
0.635, 1.235e-3
0.634, 1.199e-3
0.633, 1.164e-3
0.632, 1.130e-3
0.631, 1.095e-3
0.630, 1.061e-3
0.629, 1.028e-3
0.628, 9.952e-4
0.627, 9.635e-4
0.626, 9.314e-4
0.625, 8.999e-4
0.624, 8.692e-4
0.623, 8.390e-4
0.622, 8.089e-4
0.621, 7.794e-4
0.620, 7.507e-4
0.619, 7.225e-4
0.618, 6.948e-4
0.617, 6.677e-4
0.616, 6.415e-4
0.615, 6.156e-4
0.614, 5.920e-4
0.613, 5.667e-4
0.612, 5.420e-4
0.611, 5.183e-4
0.610, 4.950e-4
0.609, 4.722e-4
0.608, 4.503e-4
0.607, 4.285e-4
0.606, 4.075e-4
0.605, 3.867e-4
0.604, 3.668e-4
0.603, 3.475e-4
0.602, 3.284e-4
0.601, 3.106e-4
0.600, 2.925e-4
0.599, 2.748e-4
0.598, 2.581e-4
0.597, 2.419e-4
0.596, 2.260e-4
0.595, 2.110e-4
0.594, 1.961e-4
0.593, 1.815e-4
0.592, 1.678e-4
0.591, 1.541e-4
0.590, 1.415e-4
0.589, 1.284e-4
0.588, 1.164e-4
0.587, 1.050e-4
0.586, 9.348e-5
0.585, 8.301e-5
0.584, 7.266e-5
0.583, 6.235e-5
0.582, 5.264e-5
0.581, 4.327e-5
0.580, 3.444e-5
0.579, 2.619e-5
0.578, 1.776e-5
0.577, 9.627e-6
0.576, 2.070e-6
0.575, -5.253e-6
0.574, -1.269e-5
0.573, -1.965e-5
0.572, -2.582e-5
0.571, -3.184e-5
0.570, -3.834e-5
0.569, -4.436e-5
0.568, -4.984e-5
0.567, -5.500e-5
0.566, -5.977e-5
0.565, -6.570e-5
0.564, -6.981e-5
0.563, -7.461e-5
0.562, -7.895e-5
0.561, -8.301e-5
0.560, -8.671e-5
0.559, -9.099e-5
0.558, -9.459e-5
0.557, -9.802e-5
0.556, -1.017e-4
0.555, -1.050e-4
0.554, -1.084e-4
0.553, -1.113e-4
0.552, -1.146e-4
0.551, -1.172e-4
0.550, -1.193e-4
0.549, -1.224e-4
0.548, -1.250e-4
0.547, -1.273e-4
0.546, -1.298e-4
0.545, -1.323e-4
0.544, -1.349e-4
0.543, -1.374e-4
0.542, -1.393e-4
0.541, -1.413e-4
0.540, -1.435e-4
0.539, -1.453e-4
0.538, -1.473e-4
0.537, -1.495e-4
0.536, -1.511e-4
0.535, -1.532e-4
0.534, -1.549e-4
0.533, -1.566e-4
0.532, -1.582e-4
0.531, -1.599e-4
0.530, -1.618e-4
0.529, -1.632e-4
0.528, -1.646e-4
0.527, -1.664e-4
0.526, -1.679e-4
0.525, -1.693e-4
0.524, -1.702e-4
0.523, -1.717e-4
0.522, -1.735e-4
0.521, -1.751e-4
0.520, -1.765e-4
0.519, -1.779e-4
0.518, -1.794e-4
0.517, -1.807e-4
0.516, -1.823e-4
0.515, -1.833e-4
0.514, -1.846e-4
0.513, -1.863e-4
0.512, -1.897e-4
0.511, -1.916e-4
0.510, -1.920e-4
0.509, -1.928e-4
0.508, -1.941e-4
0.507, -1.956e-4
0.506, -1.971e-4
0.505, -1.981e-4
0.504, -1.996e-4
0.503, -2.010e-4
0.502, -2.026e-4
0.501, -2.044e-4
0.500, -2.058e-4
0.499, -2.066e-4
0.498, -2.087e-4
0.497, -2.106e-4
0.496, -2.120e-4
0.495, -2.141e-4
0.494, -2.159e-4
0.493, -2.178e-4
0.492, -2.196e-4
0.491, -2.214e-4
0.490, -2.232e-4
0.489, -2.248e-4
0.488, -2.268e-4
0.487, -2.292e-4
0.486, -2.318e-4
0.485, -2.339e-4
0.484, -2.360e-4
0.483, -2.379e-4
0.482, -2.404e-4
0.481, -2.427e-4
0.480, -2.452e-4
0.479, -2.478e-4
0.478, -2.503e-4
0.477, -2.532e-4
0.476, -2.558e-4
0.475, -2.587e-4
0.474, -2.622e-4
0.473, -2.647e-4
0.472, -2.680e-4
0.471, -2.718e-4
0.470, -2.748e-4
0.469, -2.783e-4
0.468, -2.822e-4
0.467, -2.864e-4
0.466, -2.905e-4
0.465, -2.949e-4
0.464, -2.993e-4
0.463, -3.034e-4
0.462, -3.087e-4
0.461, -3.135e-4
0.460, -3.185e-4
0.459, -3.241e-4
0.458, -3.296e-4
0.457, -3.354e-4
0.456, -3.414e-4
0.455, -3.479e-4
0.454, -3.544e-4
0.453, -3.614e-4
0.452, -3.684e-4
0.451, -3.757e-4
0.450, -3.835e-4
0.449, -3.910e-4
0.448, -3.986e-4
0.447, -4.072e-4
0.446, -4.160e-4
0.445, -4.253e-4
0.444, -4.349e-4
0.443, -4.451e-4
0.442, -4.557e-4
0.441, -4.662e-4
0.440, -4.772e-4
0.439, -4.886e-4
0.438, -5.005e-4
0.437, -5.125e-4
0.436, -5.247e-4
0.435, -5.381e-4
0.434, -5.519e-4
0.433, -5.650e-4
0.432, -5.782e-4
0.431, -5.921e-4
0.430, -6.062e-4
0.429, -6.207e-4
0.428, -6.357e-4
0.427, -6.509e-4
0.426, -6.658e-4
0.425, -6.813e-4
0.424, -6.971e-4
0.423, -7.130e-4
0.422, -7.282e-4
0.421, -7.442e-4
0.420, -7.604e-4
0.419, -7.768e-4
0.418, -7.931e-4
0.417, -8.090e-4
0.416, -8.256e-4
0.415, -8.420e-4
0.414, -8.581e-4
0.413, -8.746e-4
0.412, -8.912e-4
0.411, -9.077e-4
0.410, -9.218e-4
0.409, -9.290e-4
0.408, -9.462e-4
0.407, -9.637e-4
0.406, -9.807e-4
0.405, -9.982e-4
0.404, -1.016e-3
0.403, -1.033e-3
0.402, -1.051e-3
0.401, -1.069e-3
0.400, -1.087e-3
0.399, -1.105e-3
0.398, -1.124e-3
0.397, -1.142e-3
0.396, -1.160e-3
0.395, -1.179e-3
0.394, -1.198e-3
0.393, -1.217e-3
0.392, -1.236e-3
0.391, -1.255e-3
0.390, -1.274e-3
0.389, -1.293e-3
0.388, -1.312e-3
0.387, -1.330e-3
0.386, -1.349e-3
0.385, -1.367e-3
0.384, -1.385e-3
0.383, -1.403e-3
0.382, -1.420e-3
0.381, -1.436e-3
0.380, -1.452e-3
0.379, -1.468e-3
0.378, -1.482e-3
0.377, -1.495e-3
0.376, -1.509e-3
0.375, -1.519e-3
0.374, -1.530e-3
0.373, -1.539e-3
0.372, -1.546e-3
0.371, -1.550e-3
0.370, -1.554e-3
0.369, -1.556e-3
0.368, -1.555e-3
0.367, -1.551e-3
0.366, -1.545e-3
0.365, -1.536e-3
0.364, -1.524e-3
0.363, -1.508e-3
0.362, -1.490e-3
0.361, -1.467e-3
0.360, -1.441e-3
0.359, -1.412e-3
0.358, -1.378e-3
0.357, -1.341e-3
0.356, -1.301e-3
0.355, -1.256e-3
0.354, -1.210e-3
0.353, -1.160e-3
0.352, -1.108e-3
0.351, -1.056e-3
0.350, -1.001e-3
0.349, -9.474e-4
0.348, -8.935e-4
0.347, -8.404e-4
0.346, -7.891e-4
0.345, -7.388e-4
0.344, -6.917e-4
0.343, -6.470e-4
0.342, -6.050e-4
0.341, -5.663e-4
0.340, -5.299e-4
0.339, -4.965e-4
0.338, -4.657e-4
0.337, -4.373e-4
0.336, -4.112e-4
0.335, -3.880e-4
0.334, -3.663e-4
0.333, -3.463e-4
0.332, -3.280e-4
0.331, -3.111e-4
0.330, -2.953e-4
0.329, -2.811e-4
0.328, -2.681e-4
0.327, -2.560e-4
0.326, -2.449e-4
0.325, -2.345e-4
0.324, -2.246e-4
0.323, -2.159e-4
0.322, -2.074e-4
0.321, -1.996e-4
0.320, -1.922e-4
0.319, -1.857e-4
0.318, -1.793e-4
0.317, -1.733e-4
0.316, -1.680e-4
0.315, -1.628e-4
0.314, -1.576e-4
0.313, -1.528e-4
0.312, -1.483e-4
0.311, -1.441e-4
0.310, -1.402e-4
0.309, -1.362e-4
0.308, -1.326e-4
0.307, -1.295e-4
0.306, -1.259e-4
0.305, -1.226e-4
0.304, -1.197e-4
0.303, -1.171e-4
0.302, -1.144e-4
0.301, -1.115e-4
0.300, -1.089e-4
0.299, -1.063e-4
0.298, -1.041e-4
0.297, -1.019e-4
0.296, -9.984e-5
0.295, -9.766e-5
0.294, -9.552e-5
0.293, -9.381e-5
0.292, -9.196e-5
0.291, -9.018e-5
0.290, -8.847e-5
0.289, -8.661e-5
0.288, -8.493e-5
0.287, -8.341e-5
0.286, -8.193e-5
0.285, -8.049e-5
0.284, -7.909e-5
0.283, -7.768e-5
0.282, -7.640e-5
0.281, -7.506e-5
0.280, -7.368e-5
0.279, -7.253e-5
0.278, -7.124e-5
0.277, -7.018e-5
0.276, -6.920e-5
0.275, -6.831e-5
0.274, -6.739e-5
0.273, -6.648e-5
0.272, -6.550e-5
0.271, -6.457e-5
0.270, -6.343e-5
0.269, -6.227e-5
0.268, -6.139e-5
0.267, -6.047e-5
0.266, -5.953e-5
0.265, -5.869e-5
0.264, -5.785e-5
0.263, -5.710e-5
0.262, -5.630e-5
0.261, -5.559e-5
0.260, -5.488e-5
0.259, -5.419e-5
0.258, -5.354e-5
0.257, -5.276e-5
0.256, -5.213e-5
0.255, -5.146e-5
0.254, -5.077e-5
0.253, -5.011e-5
0.252, -4.947e-5
0.251, -4.887e-5
0.250, -4.831e-5
0.249, -4.771e-5
0.248, -4.707e-5
0.247, -4.646e-5
0.246, -4.598e-5
0.245, -4.546e-5
0.244, -4.501e-5
0.243, -4.443e-5
0.242, -4.407e-5
0.241, -4.362e-5
0.240, -4.314e-5
0.239, -4.271e-5
0.238, -4.228e-5
0.237, -4.185e-5
0.236, -4.135e-5
0.235, -4.094e-5
0.234, -4.056e-5
0.233, -4.011e-5
0.232, -3.966e-5
0.231, -3.925e-5
0.230, -3.889e-5
0.229, -3.840e-5
0.228, -3.800e-5
0.227, -3.762e-5
0.226, -3.718e-5
0.225, -3.684e-5
0.224, -3.645e-5
0.223, -3.613e-5
0.222, -3.566e-5
0.221, -3.538e-5
0.220, -3.504e-5
0.219, -3.471e-5
0.218, -3.424e-5
0.217, -3.397e-5
0.216, -3.369e-5
0.215, -3.340e-5
0.214, -3.306e-5
0.213, -3.278e-5
0.212, -3.258e-5
0.211, -3.224e-5
0.210, -3.200e-5
0.209, -3.172e-5
0.208, -3.144e-5
0.207, -3.120e-5
0.206, -3.097e-5
0.205, -3.048e-5
0.204, -3.038e-5
0.203, -3.014e-5
0.202, -2.988e-5
0.201, -2.955e-5
0.200, -2.733e-5
0.201, -2.298e-5
0.202, -2.126e-5
0.203, -2.011e-5
0.204, -1.927e-5
0.205, -1.856e-5
0.206, -1.780e-5
0.207, -1.712e-5
0.208, -1.653e-5
0.209, -1.595e-5
0.210, -1.533e-5
0.211, -1.474e-5
0.212, -1.426e-5
0.213, -1.372e-5
0.214, -1.336e-5
0.215, -1.277e-5
0.216, -1.231e-5
0.217, -1.196e-5
0.218, -1.162e-5
0.219, -1.118e-5
0.220, -1.078e-5
0.221, -1.052e-5
0.222, -1.018e-5
0.223, -9.764e-6
0.224, -9.510e-6
0.225, -9.110e-6
0.226, -8.875e-6
0.227, -8.582e-6
0.228, -8.289e-6
0.229, -7.997e-6
0.230, -7.762e-6
0.231, -7.528e-6
0.232, -7.245e-6
0.233, -6.991e-6
0.234, -6.747e-6
0.235, -6.483e-6
0.236, -6.298e-6
0.237, -6.014e-6
0.238, -5.761e-6
0.239, -5.556e-6
0.240, -5.351e-6
0.241, -5.097e-6
0.242, -4.853e-6
0.243, -4.609e-6
0.244, -4.413e-6
0.245, -4.208e-6
0.246, -4.052e-6
0.247, -3.779e-6
0.248, -3.583e-6
0.249, -3.261e-6
0.250, -3.115e-6
0.251, -2.900e-6
0.252, -2.705e-6
0.253, -2.470e-6
0.254, -2.294e-6
0.255, -2.002e-6
0.256, -1.777e-6
0.257, -1.621e-6
0.258, -1.406e-6
0.259, -1.220e-6
0.260, -1.035e-6
0.261, -9.080e-7
0.262, -5.468e-7
0.263, -3.906e-7
0.264, -1.953e-7
0.265, -9.764e-9
0.266, 1.953e-7
0.267, 4.394e-7
0.268, 6.835e-7
0.269, 8.397e-7
0.270, 9.764e-7
0.271, 1.220e-6
0.272, 1.474e-6
0.273, 1.718e-6
0.274, 1.845e-6
0.275, 2.070e-6
0.276, 2.324e-6
0.277, 2.548e-6
0.278, 2.734e-6
0.279, 2.997e-6
0.280, 3.222e-6
0.281, 3.369e-6
0.282, 3.652e-6
0.283, 3.808e-6
0.284, 4.081e-6
0.285, 4.267e-6
0.286, 4.413e-6
0.287, 4.687e-6
0.288, 4.911e-6
0.289, 5.204e-6
0.290, 5.351e-6
0.291, 5.556e-6
0.292, 5.800e-6
0.293, 6.083e-6
0.294, 6.220e-6
0.295, 6.464e-6
0.296, 6.805e-6
0.297, 7.049e-6
0.298, 7.303e-6
0.299, 7.586e-6
0.300, 7.840e-6
0.301, 8.133e-6
0.302, 8.348e-6
0.303, 8.534e-6
0.304, 8.866e-6
0.305, 9.158e-6
0.306, 9.500e-6
0.307, 9.842e-6
0.308, 1.017e-5
0.309, 1.027e-5
0.310, 1.072e-5
0.311, 1.104e-5
0.312, 1.120e-5
0.313, 1.160e-5
0.314, 1.190e-5
0.315, 1.225e-5
0.316, 1.243e-5
0.317, 1.279e-5
0.318, 1.309e-5
0.319, 1.343e-5
0.320, 1.373e-5
0.321, 1.401e-5
0.322, 1.437e-5
0.323, 1.475e-5
0.324, 1.504e-5
0.325, 1.535e-5
0.326, 1.571e-5
0.327, 1.606e-5
0.328, 1.635e-5
0.329, 1.675e-5
0.330, 1.704e-5
0.331, 1.743e-5
0.332, 1.780e-5
0.333, 1.816e-5
0.334, 1.859e-5
0.335, 1.889e-5
0.336, 1.929e-5
0.337, 1.967e-5
0.338, 2.014e-5
0.339, 2.055e-5
0.340, 2.099e-5
0.341, 2.128e-5
0.342, 2.178e-5
0.343, 2.220e-5
0.344, 2.272e-5
0.345, 2.306e-5
0.346, 2.341e-5
0.347, 2.400e-5
0.348, 2.452e-5
0.349, 2.492e-5
0.350, 2.538e-5
0.351, 2.581e-5
0.352, 2.628e-5
0.353, 2.677e-5
0.354, 2.719e-5
0.355, 2.773e-5
0.356, 2.816e-5
0.357, 2.866e-5
0.358, 2.909e-5
0.359, 2.954e-5
0.360, 3.006e-5
0.361, 3.054e-5
0.362, 3.096e-5
0.363, 3.141e-5
0.364, 3.201e-5
0.365, 3.259e-5
0.366, 3.320e-5
0.367, 3.375e-5
0.368, 3.428e-5
0.369, 3.501e-5
0.370, 3.562e-5
0.371, 3.608e-5
0.372, 3.655e-5
0.373, 3.723e-5
0.374, 3.788e-5
0.375, 3.843e-5
0.376, 3.906e-5
0.377, 3.973e-5
0.378, 4.030e-5
0.379, 4.089e-5
0.380, 4.161e-5
0.381, 4.213e-5
0.382, 4.302e-5
0.383, 4.361e-5
0.384, 4.443e-5
0.385, 4.526e-5
0.386, 4.592e-5
0.387, 4.666e-5
0.388, 4.734e-5
0.389, 4.824e-5
0.390, 4.911e-5
0.391, 4.983e-5
0.392, 5.063e-5
0.393, 5.159e-5
0.394, 5.233e-5
0.395, 5.320e-5
0.396, 5.411e-5
0.397, 5.480e-5
0.398, 5.589e-5
0.399, 5.680e-5
0.400, 5.777e-5
0.401, 5.896e-5
0.402, 6.007e-5
0.403, 6.128e-5
0.404, 6.231e-5
0.405, 6.331e-5
0.406, 6.451e-5
0.407, 6.570e-5
0.408, 6.696e-5
0.409, 6.801e-5
0.410, 6.701e-5
0.411, 6.962e-5
0.412, 7.171e-5
0.413, 7.337e-5
0.414, 7.521e-5
0.415, 7.688e-5
0.416, 7.851e-5
0.417, 8.037e-5
0.418, 8.267e-5
0.419, 8.502e-5
0.420, 8.729e-5
0.421, 8.955e-5
0.422, 9.202e-5
0.423, 9.453e-5
0.424, 9.762e-5
0.425, 1.009e-4
0.426, 1.042e-4
0.427, 1.083e-4
0.428, 1.126e-4
0.429, 1.168e-4
0.430, 1.219e-4
0.431, 1.270e-4
0.432, 1.326e-4
0.433, 1.393e-4
0.434, 1.462e-4
0.435, 1.542e-4
0.436, 1.632e-4
0.437, 1.723e-4
0.438, 1.826e-4
0.439, 1.941e-4
0.440, 2.064e-4
0.441, 2.200e-4
0.442, 2.350e-4
0.443, 2.510e-4
0.444, 2.688e-4
0.445, 2.882e-4
0.446, 3.092e-4
0.447, 3.319e-4
0.448, 3.561e-4
0.449, 3.822e-4
0.450, 4.106e-4
0.451, 4.412e-4
0.452, 4.736e-4
0.453, 5.083e-4
0.454, 5.453e-4
0.455, 5.843e-4
0.456, 6.254e-4
0.457, 6.692e-4
0.458, 7.148e-4
0.459, 7.631e-4
0.460, 8.134e-4
0.461, 8.655e-4
0.462, 9.195e-4
0.463, 9.745e-4
0.464, 1.031e-3
0.465, 1.088e-3
0.466, 1.146e-3
0.467, 1.204e-3
0.468, 1.263e-3
0.469, 1.321e-3
0.470, 1.380e-3
0.471, 1.437e-3
0.472, 1.494e-3
0.473, 1.549e-3
0.474, 1.602e-3
0.475, 1.655e-3
0.476, 1.707e-3
0.477, 1.756e-3
0.478, 1.804e-3
0.479, 1.850e-3
0.480, 1.894e-3
0.481, 1.936e-3
0.482, 1.975e-3
0.483, 2.013e-3
0.484, 2.047e-3
0.485, 2.079e-3
0.486, 2.109e-3
0.487, 2.137e-3
0.488, 2.161e-3
0.489, 2.183e-3
0.490, 2.201e-3
0.491, 2.217e-3
0.492, 2.229e-3
0.493, 2.239e-3
0.494, 2.245e-3
0.495, 2.247e-3
0.496, 2.245e-3
0.497, 2.240e-3
0.498, 2.230e-3
0.499, 2.217e-3
0.500, 2.199e-3
0.501, 2.178e-3
0.502, 2.153e-3
0.503, 2.123e-3
0.504, 2.089e-3
0.505, 2.051e-3
0.506, 2.009e-3
0.507, 1.964e-3
0.508, 1.916e-3
0.509, 1.864e-3
0.510, 1.810e-3
0.511, 1.754e-3
0.512, 1.699e-3
0.513, 1.642e-3
0.514, 1.583e-3
0.515, 1.523e-3
0.516, 1.465e-3
0.517, 1.407e-3
0.518, 1.349e-3
0.519, 1.294e-3
0.520, 1.239e-3
0.521, 1.186e-3
0.522, 1.135e-3
0.523, 1.084e-3
0.524, 1.035e-3
0.525, 9.875e-4
0.526, 9.417e-4
0.527, 8.974e-4
0.528, 8.548e-4
0.529, 8.137e-4
0.530, 7.744e-4
0.531, 7.378e-4
0.532, 7.024e-4
0.533, 6.690e-4
0.534, 6.379e-4
0.535, 6.082e-4
0.536, 5.815e-4
0.537, 5.561e-4
0.538, 5.330e-4
0.539, 5.112e-4
0.540, 4.911e-4
0.541, 4.720e-4
0.542, 4.557e-4
0.543, 4.400e-4
0.544, 4.257e-4
0.545, 4.129e-4
0.546, 4.010e-4
0.547, 3.901e-4
0.548, 3.801e-4
0.549, 3.712e-4
0.550, 3.637e-4
0.551, 3.556e-4
0.552, 3.490e-4
0.553, 3.433e-4
0.554, 3.379e-4
0.555, 3.332e-4
0.556, 3.290e-4
0.557, 3.250e-4
0.558, 3.221e-4
0.559, 3.194e-4
0.560, 3.170e-4
0.561, 3.147e-4
0.562, 3.130e-4
0.563, 3.118e-4
0.564, 3.112e-4
0.565, 3.105e-4
0.566, 3.102e-4
0.567, 3.100e-4
0.568, 3.105e-4
0.569, 3.112e-4
0.570, 3.121e-4
0.571, 3.135e-4
0.572, 3.152e-4
0.573, 3.168e-4
0.574, 3.194e-4
0.575, 3.218e-4
0.576, 3.239e-4
0.577, 3.273e-4
0.578, 3.312e-4
0.579, 3.356e-4
0.580, 3.396e-4
0.581, 3.442e-4
0.582, 3.494e-4
0.583, 3.552e-4
0.584, 3.612e-4
0.585, 3.675e-4
0.586, 3.734e-4
0.587, 3.809e-4
0.588, 3.887e-4
0.589, 3.968e-4
0.590, 4.052e-4
0.591, 4.139e-4
0.592, 4.231e-4
0.593, 4.335e-4
0.594, 4.436e-4
0.595, 4.546e-4
0.596, 4.658e-4
0.597, 4.777e-4
0.598, 4.900e-4
0.599, 5.027e-4
0.600, 5.163e-4
0.601, 5.305e-4
0.602, 5.446e-4
0.603, 5.598e-4
0.604, 5.759e-4
0.605, 5.921e-4
0.606, 6.088e-4
0.607, 6.264e-4
0.608, 6.450e-4
0.609, 6.636e-4
0.610, 6.827e-4
0.611, 7.029e-4
0.612, 7.236e-4
0.613, 7.451e-4
0.614, 7.666e-4
0.615, 7.876e-4
0.616, 8.113e-4
0.617, 8.357e-4
0.618, 8.600e-4
0.619, 8.848e-4
0.620, 9.108e-4
0.621, 9.371e-4
0.622, 9.637e-4
0.623, 9.912e-4
0.624, 1.019e-3
0.625, 1.048e-3
0.626, 1.077e-3
0.627, 1.107e-3
0.628, 1.137e-3
0.629, 1.168e-3
0.630, 1.200e-3
0.631, 1.232e-3
0.632, 1.264e-3
0.633, 1.298e-3
0.634, 1.332e-3
0.635, 1.367e-3
0.636, 1.401e-3
0.637, 1.437e-3
0.638, 1.473e-3
0.639, 1.510e-3
0.640, 1.548e-3
0.641, 1.585e-3
0.642, 1.623e-3
0.643, 1.662e-3
0.644, 1.701e-3
0.645, 1.741e-3
0.646, 1.781e-3
0.647, 1.821e-3
0.648, 1.863e-3
0.649, 1.904e-3
0.650, 1.946e-3
0.651, 1.989e-3
0.652, 2.032e-3
0.653, 2.074e-3
0.654, 2.118e-3
0.655, 2.162e-3
0.656, 2.206e-3
0.657, 2.251e-3
0.658, 2.297e-3
0.659, 2.342e-3
0.660, 2.389e-3
0.661, 2.436e-3
0.662, 2.483e-3
0.663, 2.529e-3
0.664, 2.577e-3
0.665, 2.625e-3
0.666, 2.673e-3
0.667, 2.722e-3
0.668, 2.770e-3
0.669, 2.819e-3
0.670, 2.869e-3
0.671, 2.919e-3
0.672, 2.968e-3
0.673, 3.019e-3
0.674, 3.069e-3
0.675, 3.121e-3
0.676, 3.172e-3
0.677, 3.224e-3
0.678, 3.275e-3
0.679, 3.327e-3
0.680, 3.379e-3
0.681, 3.432e-3
0.682, 3.485e-3
0.683, 3.539e-3
0.684, 3.592e-3
0.685, 3.646e-3
0.686, 3.700e-3
0.687, 3.754e-3
0.688, 3.808e-3
0.689, 3.863e-3
0.690, 3.917e-3
0.691, 3.973e-3
0.692, 4.029e-3
0.693, 4.084e-3
0.694, 4.140e-3
0.695, 4.196e-3
0.696, 4.252e-3
0.697, 4.308e-3
0.698, 4.364e-3
0.699, 4.421e-3
0.700, 4.478e-3
0.701, 4.535e-3
0.702, 4.592e-3
0.703, 4.650e-3
0.704, 4.707e-3
0.705, 4.765e-3
0.706, 4.823e-3
0.707, 4.881e-3
0.708, 4.939e-3
0.709, 4.997e-3
0.710, 5.056e-3
0.711, 5.115e-3
0.712, 5.174e-3
0.713, 5.234e-3
0.714, 5.292e-3
0.715, 5.352e-3
0.716, 5.412e-3
0.717, 5.474e-3
0.718, 5.535e-3
0.719, 5.595e-3
0.720, 5.655e-3
0.721, 5.715e-3
0.722, 5.775e-3
0.723, 5.836e-3
0.724, 5.897e-3
0.725, 5.957e-3
0.726, 6.018e-3
0.727, 6.079e-3
0.728, 6.141e-3
0.729, 6.202e-3
0.730, 6.263e-3
0.731, 6.325e-3
0.732, 6.386e-3
0.733, 6.448e-3
0.734, 6.510e-3
0.735, 6.572e-3
0.736, 6.634e-3
0.737, 6.697e-3
0.738, 6.759e-3
0.739, 6.822e-3
0.740, 6.884e-3
0.741, 6.947e-3
0.742, 7.010e-3
0.743, 7.074e-3
0.744, 7.137e-3
0.745, 7.200e-3
0.746, 7.263e-3
0.747, 7.326e-3
0.748, 7.390e-3
0.749, 7.453e-3
0.750, 7.516e-3
0.751, 7.580e-3
0.752, 7.644e-3
0.753, 7.708e-3
0.754, 7.771e-3
0.755, 7.836e-3
0.756, 7.899e-3
0.757, 7.963e-3
0.758, 8.028e-3
0.759, 8.092e-3
0.760, 8.157e-3
0.761, 8.222e-3
0.762, 8.287e-3
0.763, 8.352e-3
0.764, 8.416e-3
0.765, 8.481e-3
0.766, 8.546e-3
0.767, 8.611e-3
0.768, 8.677e-3
0.769, 8.742e-3
0.770, 8.807e-3
0.771, 8.873e-3
0.772, 8.938e-3
0.773, 9.003e-3
0.774, 9.068e-3
0.775, 9.134e-3
0.776, 9.200e-3
0.777, 9.265e-3
0.778, 9.331e-3
0.779, 9.397e-3
0.780, 9.463e-3
0.781, 9.528e-3
0.782, 9.594e-3
0.783, 9.660e-3
0.784, 9.727e-3
0.785, 9.793e-3
0.786, 9.859e-3
0.787, 9.926e-3
0.788, 9.993e-3
0.789, 1.006e-2
0.790, 1.013e-2
0.791, 1.019e-2
0.792, 1.026e-2
0.793, 1.033e-2
0.794, 1.039e-2
0.795, 1.046e-2
0.796, 1.053e-2
0.797, 1.059e-2
0.798, 1.066e-2
0.799, 1.073e-2
0.800, 1.077e-2
0.799, 1.073e-2
0.798, 1.066e-2
0.797, 1.059e-2
0.796, 1.052e-2
0.795, 1.045e-2
0.794, 1.039e-2
0.793, 1.032e-2
0.792, 1.025e-2
0.791, 1.018e-2
0.790, 1.011e-2
0.789, 1.004e-2
0.788, 9.976e-3
0.787, 9.908e-3
0.786, 9.840e-3
0.785, 9.772e-3
0.784, 9.705e-3
0.783, 9.637e-3
0.782, 9.570e-3
0.781, 9.503e-3
0.780, 9.436e-3
0.779, 9.369e-3
0.778, 9.301e-3
0.777, 9.234e-3
0.776, 9.168e-3
0.775, 9.101e-3
0.774, 9.034e-3
0.773, 8.967e-3
0.772, 8.901e-3
0.771, 8.835e-3
0.770, 8.768e-3
0.769, 8.702e-3
0.768, 8.636e-3
0.767, 8.569e-3
0.766, 8.503e-3
0.765, 8.437e-3
0.764, 8.372e-3
0.763, 8.306e-3
0.762, 8.240e-3
0.761, 8.174e-3
0.760, 8.108e-3
0.759, 8.043e-3
0.758, 7.978e-3
0.757, 7.913e-3
0.756, 7.848e-3
0.755, 7.783e-3
0.754, 7.719e-3
0.753, 7.654e-3
0.752, 7.589e-3
0.751, 7.524e-3
0.750, 7.460e-3
0.749, 7.396e-3
0.748, 7.332e-3
0.747, 7.268e-3
0.746, 7.204e-3
0.745, 7.140e-3
0.744, 7.076e-3
0.743, 7.012e-3
0.742, 6.948e-3
0.741, 6.884e-3
0.740, 6.821e-3
0.739, 6.758e-3
0.738, 6.695e-3
0.737, 6.632e-3
0.736, 6.568e-3
0.735, 6.505e-3
0.734, 6.443e-3
0.733, 6.380e-3
0.732, 6.319e-3
0.731, 6.256e-3
0.730, 6.194e-3
0.729, 6.133e-3
0.728, 6.071e-3
0.727, 6.009e-3
0.726, 5.948e-3
0.725, 5.886e-3
0.724, 5.826e-3
0.723, 5.764e-3
0.722, 5.703e-3
0.721, 5.643e-3
0.720, 5.582e-3
0.719, 5.521e-3
0.718, 5.461e-3
0.717, 5.399e-3
0.716, 5.337e-3
0.715, 5.277e-3
0.714, 5.218e-3
0.713, 5.158e-3
0.712, 5.098e-3
0.711, 5.039e-3
0.710, 4.979e-3
0.709, 4.920e-3
0.708, 4.862e-3
0.707, 4.804e-3
0.706, 4.746e-3
0.705, 4.687e-3
0.704, 4.629e-3
0.703, 4.571e-3
0.702, 4.514e-3
0.701, 4.456e-3
0.700, 4.399e-3
0.699, 4.342e-3
0.698, 4.285e-3
0.697, 4.229e-3
0.696, 4.173e-3
0.695, 4.116e-3
0.694, 4.061e-3
0.693, 4.004e-3
0.692, 3.949e-3
0.691, 3.893e-3
0.690, 3.837e-3
0.689, 3.782e-3
0.688, 3.728e-3
0.687, 3.674e-3
0.686, 3.619e-3
0.685, 3.565e-3
0.684, 3.511e-3
0.683, 3.457e-3
0.682, 3.404e-3
0.681, 3.351e-3
0.680, 3.298e-3
0.679, 3.245e-3
0.678, 3.194e-3
0.677, 3.142e-3
0.676, 3.090e-3
0.675, 3.038e-3
0.674, 2.987e-3
0.673, 2.936e-3
0.672, 2.886e-3
0.671, 2.835e-3
0.670, 2.785e-3
0.669, 2.736e-3
0.668, 2.686e-3
0.667, 2.637e-3
0.666, 2.588e-3
0.665, 2.539e-3
0.664, 2.491e-3
0.663, 2.443e-3
0.662, 2.396e-3
0.661, 2.348e-3
0.660, 2.301e-3
0.659, 2.254e-3
0.658, 2.208e-3
0.657, 2.162e-3
0.656, 2.117e-3
0.655, 2.072e-3
0.654, 2.027e-3
0.653, 1.983e-3
0.652, 1.939e-3
0.651, 1.895e-3
0.650, 1.852e-3
0.649, 1.809e-3
0.648, 1.766e-3
0.647, 1.724e-3
0.646, 1.683e-3
0.645, 1.642e-3
0.644, 1.601e-3
0.643, 1.560e-3
0.642, 1.520e-3
0.641, 1.481e-3
0.640, 1.441e-3
0.639, 1.402e-3
0.638, 1.365e-3
0.637, 1.327e-3
0.636, 1.290e-3
0.635, 1.253e-3
0.634, 1.217e-3
0.633, 1.181e-3
0.632, 1.146e-3
0.631, 1.111e-3
0.630, 1.077e-3
0.629, 1.043e-3
0.628, 1.010e-3
0.627, 9.783e-4
0.626, 9.459e-4
0.625, 9.142e-4
0.624, 8.830e-4
0.623, 8.524e-4
0.622, 8.221e-4
0.621, 7.925e-4
0.620, 7.632e-4
0.619, 7.345e-4
0.618, 7.065e-4
0.617, 6.794e-4
0.616, 6.528e-4
0.615, 6.262e-4
0.614, 6.023e-4
0.613, 5.770e-4
0.612, 5.518e-4
0.611, 5.277e-4
0.610, 5.040e-4
0.609, 4.813e-4
0.608, 4.589e-4
0.607, 4.368e-4
0.606, 4.154e-4
0.605, 3.947e-4
0.604, 3.742e-4
0.603, 3.544e-4
0.602, 3.352e-4
0.601, 3.170e-4
0.600, 2.990e-4
0.599, 2.809e-4
0.598, 2.641e-4
0.597, 2.474e-4
0.596, 2.314e-4
0.595, 2.161e-4
0.594, 2.007e-4
0.593, 1.863e-4
0.592, 1.720e-4
0.591, 1.584e-4
0.590, 1.452e-4
0.589, 1.323e-4
0.588, 1.200e-4
0.587, 1.083e-4
0.586, 9.688e-5
0.585, 8.608e-5
0.584, 7.546e-5
0.583, 6.490e-5
0.582, 5.482e-5
0.581, 4.520e-5
0.580, 3.659e-5
0.579, 2.826e-5
0.578, 1.948e-5
0.577, 1.128e-5
0.576, 3.954e-6
0.575, -3.984e-6
0.574, -1.122e-5
0.573, -1.819e-5
0.572, -2.476e-5
0.571, -3.099e-5
0.570, -3.742e-5
0.569, -4.334e-5
0.568, -4.904e-5
0.567, -5.448e-5
0.566, -5.957e-5
0.565, -6.502e-5
0.564, -6.969e-5
0.563, -7.430e-5
0.562, -7.907e-5
0.561, -8.301e-5
0.560, -8.704e-5
0.559, -9.116e-5
0.558, -9.485e-5
0.557, -9.894e-5
0.556, -1.022e-4
0.555, -1.054e-4
0.554, -1.088e-4
0.553, -1.118e-4
0.552, -1.153e-4
0.551, -1.180e-4
0.550, -1.199e-4
0.549, -1.229e-4
0.548, -1.259e-4
0.547, -1.284e-4
0.546, -1.309e-4
0.545, -1.332e-4
0.544, -1.356e-4
0.543, -1.380e-4
0.542, -1.404e-4
0.541, -1.425e-4
0.540, -1.443e-4
0.539, -1.462e-4
0.538, -1.484e-4
0.537, -1.509e-4
0.536, -1.526e-4
0.535, -1.544e-4
0.534, -1.559e-4
0.533, -1.576e-4
0.532, -1.594e-4
0.531, -1.610e-4
0.530, -1.631e-4
0.529, -1.646e-4
0.528, -1.659e-4
0.527, -1.677e-4
0.526, -1.694e-4
0.525, -1.703e-4
0.524, -1.715e-4
0.523, -1.731e-4
0.522, -1.747e-4
0.521, -1.760e-4
0.520, -1.776e-4
0.519, -1.790e-4
0.518, -1.806e-4
0.517, -1.823e-4
0.516, -1.837e-4
0.515, -1.849e-4
0.514, -1.864e-4
0.513, -1.877e-4
0.512, -1.907e-4
0.511, -1.928e-4
0.510, -1.935e-4
0.509, -1.944e-4
0.508, -1.956e-4
0.507, -1.968e-4
0.506, -1.984e-4
0.505, -1.998e-4
0.504, -2.010e-4
0.503, -2.027e-4
0.502, -2.040e-4
0.501, -2.054e-4
0.500, -2.073e-4
0.499, -2.085e-4
0.498, -2.103e-4
0.497, -2.121e-4
0.496, -2.138e-4
0.495, -2.158e-4
0.494, -2.170e-4
0.493, -2.188e-4
0.492, -2.209e-4
0.491, -2.224e-4
0.490, -2.244e-4
0.489, -2.262e-4
0.488, -2.283e-4
0.487, -2.302e-4
0.486, -2.331e-4
0.485, -2.354e-4
0.484, -2.376e-4
0.483, -2.397e-4
0.482, -2.421e-4
0.481, -2.444e-4
0.480, -2.469e-4
0.479, -2.494e-4
0.478, -2.519e-4
0.477, -2.544e-4
0.476, -2.574e-4
0.475, -2.606e-4
0.474, -2.638e-4
0.473, -2.658e-4
0.472, -2.695e-4
0.471, -2.734e-4
0.470, -2.768e-4
0.469, -2.803e-4
0.468, -2.842e-4
0.467, -2.885e-4
0.466, -2.923e-4
0.465, -2.964e-4
0.464, -3.007e-4
0.463, -3.054e-4
0.462, -3.105e-4
0.461, -3.154e-4
0.460, -3.211e-4
0.459, -3.261e-4
0.458, -3.315e-4
0.457, -3.373e-4
0.456, -3.437e-4
0.455, -3.502e-4
0.454, -3.566e-4
0.453, -3.633e-4
0.452, -3.707e-4
0.451, -3.778e-4
0.450, -3.860e-4
0.449, -3.937e-4
0.448, -4.010e-4
0.447, -4.095e-4
0.446, -4.187e-4
0.445, -4.282e-4
0.444, -4.377e-4
0.443, -4.484e-4
0.442, -4.588e-4
0.441, -4.694e-4
0.440, -4.802e-4
0.439, -4.919e-4
0.438, -5.038e-4
0.437, -5.160e-4
0.436, -5.286e-4
0.435, -5.420e-4
0.434, -5.554e-4
0.433, -5.688e-4
0.432, -5.822e-4
0.431, -5.967e-4
0.430, -6.110e-4
0.429, -6.258e-4
0.428, -6.413e-4
0.427, -6.562e-4
0.426, -6.718e-4
0.425, -6.872e-4
0.424, -7.034e-4
0.423, -7.196e-4
0.422, -7.346e-4
0.421, -7.513e-4
0.420, -7.676e-4
0.419, -7.838e-4
0.418, -8.008e-4
0.417, -8.171e-4
0.416, -8.339e-4
0.415, -8.507e-4
0.414, -8.671e-4
0.413, -8.840e-4
0.412, -9.005e-4
0.411, -9.173e-4
0.410, -9.315e-4
0.409, -9.391e-4
0.408, -9.570e-4
0.407, -9.746e-4
0.406, -9.921e-4
0.405, -1.009e-3
0.404, -1.027e-3
0.403, -1.046e-3
0.402, -1.064e-3
0.401, -1.082e-3
0.400, -1.100e-3
0.399, -1.119e-3
0.398, -1.138e-3
0.397, -1.156e-3
0.396, -1.175e-3
0.395, -1.194e-3
0.394, -1.213e-3
0.393, -1.233e-3
0.392, -1.252e-3
0.391, -1.271e-3
0.390, -1.290e-3
0.389, -1.310e-3
0.388, -1.329e-3
0.387, -1.348e-3
0.386, -1.367e-3
0.385, -1.386e-3
0.384, -1.405e-3
0.383, -1.423e-3
0.382, -1.441e-3
0.381, -1.458e-3
0.380, -1.475e-3
0.379, -1.490e-3
0.378, -1.506e-3
0.377, -1.520e-3
0.376, -1.533e-3
0.375, -1.546e-3
0.374, -1.556e-3
0.373, -1.566e-3
0.372, -1.574e-3
0.371, -1.580e-3
0.370, -1.584e-3
0.369, -1.586e-3
0.368, -1.586e-3
0.367, -1.583e-3
0.366, -1.578e-3
0.365, -1.570e-3
0.364, -1.559e-3
0.363, -1.544e-3
0.362, -1.527e-3
0.361, -1.505e-3
0.360, -1.480e-3
0.359, -1.450e-3
0.358, -1.418e-3
0.357, -1.381e-3
0.356, -1.341e-3
0.355, -1.297e-3
0.354, -1.250e-3
0.353, -1.200e-3
0.352, -1.147e-3
0.351, -1.093e-3
0.350, -1.038e-3
0.349, -9.817e-4
0.348, -9.261e-4
0.347, -8.711e-4
0.346, -8.170e-4
0.345, -7.648e-4
0.344, -7.153e-4
0.343, -6.685e-4
0.342, -6.243e-4
0.341, -5.836e-4
0.340, -5.457e-4
0.339, -5.104e-4
0.338, -4.782e-4
0.337, -4.485e-4
0.336, -4.212e-4
0.335, -3.968e-4
0.334, -3.744e-4
0.333, -3.536e-4
0.332, -3.344e-4
0.331, -3.171e-4
0.330, -3.010e-4
0.329, -2.864e-4
0.328, -2.727e-4
0.327, -2.604e-4
0.326, -2.487e-4
0.325, -2.382e-4
0.324, -2.281e-4
0.323, -2.191e-4
0.322, -2.107e-4
0.321, -2.024e-4
0.320, -1.948e-4
0.319, -1.881e-4
0.318, -1.817e-4
0.317, -1.757e-4
0.316, -1.701e-4
0.315, -1.650e-4
0.314, -1.597e-4
0.313, -1.548e-4
0.312, -1.503e-4
0.311, -1.459e-4
0.310, -1.420e-4
0.309, -1.381e-4
0.308, -1.342e-4
0.307, -1.311e-4
0.306, -1.276e-4
0.305, -1.243e-4
0.304, -1.210e-4
0.303, -1.184e-4
0.302, -1.159e-4
0.301, -1.132e-4
0.300, -1.104e-4
0.299, -1.078e-4
0.298, -1.054e-4
0.297, -1.033e-4
0.296, -1.011e-4
0.295, -9.899e-5
0.294, -9.670e-5
0.293, -9.490e-5
0.292, -9.319e-5
0.291, -9.140e-5
0.290, -8.964e-5
0.289, -8.801e-5
0.288, -8.623e-5
0.287, -8.460e-5
0.286, -8.306e-5
0.285, -8.163e-5
0.284, -8.014e-5
0.283, -7.875e-5
0.282, -7.749e-5
0.281, -7.615e-5
0.280, -7.477e-5
0.279, -7.354e-5
0.278, -7.237e-5
0.277, -7.119e-5
0.276, -7.014e-5
0.275, -6.917e-5
0.274, -6.824e-5
0.273, -6.736e-5
0.272, -6.634e-5
0.271, -6.549e-5
0.270, -6.446e-5
0.269, -6.338e-5
0.268, -6.237e-5
0.267, -6.139e-5
0.266, -6.045e-5
0.265, -5.969e-5
0.264, -5.874e-5
0.263, -5.800e-5
0.262, -5.716e-5
0.261, -5.642e-5
0.260, -5.572e-5
0.259, -5.504e-5
0.258, -5.431e-5
0.257, -5.371e-5
0.256, -5.300e-5
0.255, -5.229e-5
0.254, -5.161e-5
0.253, -5.093e-5
0.252, -5.030e-5
0.251, -4.971e-5
0.250, -4.903e-5
0.249, -4.848e-5
0.248, -4.791e-5
0.247, -4.731e-5
0.246, -4.671e-5
0.245, -4.623e-5
0.244, -4.571e-5
0.243, -4.518e-5
0.242, -4.474e-5
0.241, -4.435e-5
0.240, -4.379e-5
0.239, -4.338e-5
0.238, -4.298e-5
0.237, -4.253e-5
0.236, -4.210e-5
0.235, -4.165e-5
0.234, -4.119e-5
0.233, -4.085e-5
0.232, -4.033e-5
0.231, -4.000e-5
0.230, -3.954e-5
0.229, -3.916e-5
0.228, -3.869e-5
0.227, -3.822e-5
0.226, -3.788e-5
0.225, -3.761e-5
0.224, -3.710e-5
0.223, -3.676e-5
0.222, -3.631e-5
0.221, -3.594e-5
0.220, -3.563e-5
0.219, -3.527e-5
0.218, -3.495e-5
0.217, -3.464e-5
0.216, -3.428e-5
0.215, -3.395e-5
0.214, -3.362e-5
0.213, -3.330e-5
0.212, -3.307e-5
0.211, -3.280e-5
0.210, -3.253e-5
0.209, -3.227e-5
0.208, -3.199e-5
0.207, -3.173e-5
0.206, -3.131e-5
0.205, -3.109e-5
0.204, -3.087e-5
0.203, -3.056e-5
0.202, -3.036e-5
0.201, -3.017e-5
0.200, -2.784e-5
0.201, -2.345e-5
0.202, -2.173e-5
0.203, -2.054e-5
0.204, -1.966e-5
0.205, -1.901e-5
0.206, -1.823e-5
0.207, -1.757e-5
0.208, -1.698e-5
0.209, -1.635e-5
0.210, -1.584e-5
0.211, -1.519e-5
0.212, -1.474e-5
0.213, -1.425e-5
0.214, -1.362e-5
0.215, -1.329e-5
0.216, -1.278e-5
0.217, -1.228e-5
0.218, -1.207e-5
0.219, -1.165e-5
0.220, -1.123e-5
0.221, -1.094e-5
0.222, -1.054e-5
0.223, -1.019e-5
0.224, -9.822e-6
0.225, -9.510e-6
0.226, -9.256e-6
0.227, -8.905e-6
0.228, -8.690e-6
0.229, -8.387e-6
0.230, -8.104e-6
0.231, -7.870e-6
0.232, -7.538e-6
0.233, -7.342e-6
0.234, -7.049e-6
0.235, -6.815e-6
0.236, -6.561e-6
0.237, -6.376e-6
0.238, -6.151e-6
0.239, -5.878e-6
0.240, -5.653e-6
0.241, -5.487e-6
0.242, -5.253e-6
0.243, -5.067e-6
0.244, -4.804e-6
0.245, -4.579e-6
0.246, -4.316e-6
0.247, -4.140e-6
0.248, -3.896e-6
0.249, -3.691e-6
0.250, -3.525e-6
0.251, -3.271e-6
0.252, -3.085e-6
0.253, -2.792e-6
0.254, -2.558e-6
0.255, -2.294e-6
0.256, -2.119e-6
0.257, -1.953e-6
0.258, -1.631e-6
0.259, -1.474e-6
0.260, -1.260e-6
0.261, -1.123e-6
0.262, -8.397e-7
0.263, -6.737e-7
0.264, -4.784e-7
0.265, -1.757e-7
0.266, -2.929e-8
0.267, 1.269e-7
0.268, 4.296e-7
0.269, 5.077e-7
0.270, 8.494e-7
0.271, 1.064e-6
0.272, 1.211e-6
0.273, 1.377e-6
0.274, 1.689e-6
0.275, 1.787e-6
0.276, 2.011e-6
0.277, 2.304e-6
0.278, 2.470e-6
0.279, 2.705e-6
0.280, 3.017e-6
0.281, 3.173e-6
0.282, 3.388e-6
0.283, 3.574e-6
0.284, 3.788e-6
0.285, 4.042e-6
0.286, 4.198e-6
0.287, 4.530e-6
0.288, 4.706e-6
0.289, 5.019e-6
0.290, 5.185e-6
0.291, 5.468e-6
0.292, 5.614e-6
0.293, 5.829e-6
0.294, 6.112e-6
0.295, 6.307e-6
0.296, 6.581e-6
0.297, 6.825e-6
0.298, 7.098e-6
0.299, 7.294e-6
0.300, 7.655e-6
0.301, 7.918e-6
0.302, 8.192e-6
0.303, 8.455e-6
0.304, 8.680e-6
0.305, 8.944e-6
0.306, 9.315e-6
0.307, 9.754e-6
0.308, 1.002e-5
0.309, 1.021e-5
0.310, 1.054e-5
0.311, 1.082e-5
0.312, 1.116e-5
0.313, 1.149e-5
0.314, 1.173e-5
0.315, 1.205e-5
0.316, 1.236e-5
0.317, 1.267e-5
0.318, 1.303e-5
0.319, 1.326e-5
0.320, 1.366e-5
0.321, 1.391e-5
0.322, 1.425e-5
0.323, 1.463e-5
0.324, 1.496e-5
0.325, 1.523e-5
0.326, 1.558e-5
0.327, 1.595e-5
0.328, 1.620e-5
0.329, 1.659e-5
0.330, 1.697e-5
0.331, 1.738e-5
0.332, 1.770e-5
0.333, 1.818e-5
0.334, 1.851e-5
0.335, 1.890e-5
0.336, 1.928e-5
0.337, 1.966e-5
0.338, 2.009e-5
0.339, 2.046e-5
0.340, 2.096e-5
0.341, 2.131e-5
0.342, 2.175e-5
0.343, 2.222e-5
0.344, 2.263e-5
0.345, 2.308e-5
0.346, 2.344e-5
0.347, 2.391e-5
0.348, 2.448e-5
0.349, 2.494e-5
0.350, 2.542e-5
0.351, 2.578e-5
0.352, 2.635e-5
0.353, 2.680e-5
0.354, 2.721e-5
0.355, 2.763e-5
0.356, 2.817e-5
0.357, 2.871e-5
0.358, 2.913e-5
0.359, 2.963e-5
0.360, 2.997e-5
0.361, 3.051e-5
0.362, 3.097e-5
0.363, 3.153e-5
0.364, 3.210e-5
0.365, 3.268e-5
0.366, 3.329e-5
0.367, 3.383e-5
0.368, 3.438e-5
0.369, 3.503e-5
0.370, 3.560e-5
0.371, 3.621e-5
0.372, 3.683e-5
0.373, 3.739e-5
0.374, 3.802e-5
0.375, 3.863e-5
0.376, 3.925e-5
0.377, 3.985e-5
0.378, 4.043e-5
0.379, 4.112e-5
0.380, 4.180e-5
0.381, 4.238e-5
0.382, 4.309e-5
0.383, 4.386e-5
0.384, 4.459e-5
0.385, 4.548e-5
0.386, 4.616e-5
0.387, 4.691e-5
0.388, 4.776e-5
0.389, 4.849e-5
0.390, 4.940e-5
0.391, 5.022e-5
0.392, 5.105e-5
0.393, 5.185e-5
0.394, 5.263e-5
0.395, 5.351e-5
0.396, 5.442e-5
0.397, 5.517e-5
0.398, 5.621e-5
0.399, 5.720e-5
0.400, 5.842e-5
0.401, 5.945e-5
0.402, 6.054e-5
0.403, 6.178e-5
0.404, 6.282e-5
0.405, 6.388e-5
0.406, 6.506e-5
0.407, 6.616e-5
0.408, 6.745e-5
0.409, 6.869e-5
0.410, 6.761e-5
0.411, 7.027e-5
0.412, 7.234e-5
0.413, 7.395e-5
0.414, 7.578e-5
0.415, 7.749e-5
0.416, 7.923e-5
0.417, 8.135e-5
0.418, 8.337e-5
0.419, 8.571e-5
0.420, 8.799e-5
0.421, 9.047e-5
0.422, 9.298e-5
0.423, 9.546e-5
0.424, 9.868e-5
0.425, 1.020e-4
0.426, 1.054e-4
0.427, 1.096e-4
0.428, 1.138e-4
0.429, 1.181e-4
0.430, 1.233e-4
0.431, 1.283e-4
0.432, 1.345e-4
0.433, 1.411e-4
0.434, 1.483e-4
0.435, 1.565e-4
0.436, 1.655e-4
0.437, 1.748e-4
0.438, 1.857e-4
0.439, 1.971e-4
0.440, 2.099e-4
0.441, 2.237e-4
0.442, 2.391e-4
0.443, 2.555e-4
0.444, 2.737e-4
0.445, 2.934e-4
0.446, 3.148e-4
0.447, 3.380e-4
0.448, 3.628e-4
0.449, 3.897e-4
0.450, 4.187e-4
0.451, 4.498e-4
0.452, 4.827e-4
0.453, 5.179e-4
0.454, 5.555e-4
0.455, 5.950e-4
0.456, 6.371e-4
0.457, 6.815e-4
0.458, 7.277e-4
0.459, 7.765e-4
0.460, 8.273e-4
0.461, 8.802e-4
0.462, 9.348e-4
0.463, 9.899e-4
0.464, 1.047e-3
0.465, 1.104e-3
0.466, 1.163e-3
0.467, 1.221e-3
0.468, 1.281e-3
0.469, 1.340e-3
0.470, 1.397e-3
0.471, 1.455e-3
0.472, 1.512e-3
0.473, 1.568e-3
0.474, 1.622e-3
0.475, 1.675e-3
0.476, 1.726e-3
0.477, 1.776e-3
0.478, 1.824e-3
0.479, 1.870e-3
0.480, 1.915e-3
0.481, 1.958e-3
0.482, 1.998e-3
0.483, 2.035e-3
0.484, 2.071e-3
0.485, 2.104e-3
0.486, 2.135e-3
0.487, 2.163e-3
0.488, 2.188e-3
0.489, 2.211e-3
0.490, 2.229e-3
0.491, 2.246e-3
0.492, 2.260e-3
0.493, 2.270e-3
0.494, 2.277e-3
0.495, 2.280e-3
0.496, 2.280e-3
0.497, 2.275e-3
0.498, 2.267e-3
0.499, 2.255e-3
0.500, 2.238e-3
0.501, 2.218e-3
0.502, 2.193e-3
0.503, 2.165e-3
0.504, 2.132e-3
0.505, 2.095e-3
0.506, 2.053e-3
0.507, 2.008e-3
0.508, 1.960e-3
0.509, 1.908e-3
0.510, 1.854e-3
0.511, 1.797e-3
0.512, 1.741e-3
0.513, 1.683e-3
0.514, 1.623e-3
0.515, 1.562e-3
0.516, 1.502e-3
0.517, 1.443e-3
0.518, 1.384e-3
0.519, 1.326e-3
0.520, 1.270e-3
0.521, 1.215e-3
0.522, 1.162e-3
0.523, 1.110e-3
0.524, 1.059e-3
0.525, 1.009e-3
0.526, 9.621e-4
0.527, 9.162e-4
0.528, 8.720e-4
0.529, 8.296e-4
0.530, 7.888e-4
0.531, 7.505e-4
0.532, 7.142e-4
0.533, 6.792e-4
0.534, 6.473e-4
0.535, 6.165e-4
0.536, 5.886e-4
0.537, 5.625e-4
0.538, 5.385e-4
0.539, 5.159e-4
0.540, 4.953e-4
0.541, 4.758e-4
0.542, 4.587e-4
0.543, 4.430e-4
0.544, 4.284e-4
0.545, 4.153e-4
0.546, 4.032e-4
0.547, 3.921e-4
0.548, 3.819e-4
0.549, 3.727e-4
0.550, 3.646e-4
0.551, 3.566e-4
0.552, 3.503e-4
0.553, 3.447e-4
0.554, 3.391e-4
0.555, 3.343e-4
0.556, 3.301e-4
0.557, 3.262e-4
0.558, 3.231e-4
0.559, 3.205e-4
0.560, 3.180e-4
0.561, 3.162e-4
0.562, 3.145e-4
0.563, 3.135e-4
0.564, 3.125e-4
0.565, 3.117e-4
0.566, 3.116e-4
0.567, 3.114e-4
0.568, 3.120e-4
0.569, 3.126e-4
0.570, 3.137e-4
0.571, 3.154e-4
0.572, 3.168e-4
0.573, 3.189e-4
0.574, 3.214e-4
0.575, 3.234e-4
0.576, 3.261e-4
0.577, 3.297e-4
0.578, 3.336e-4
0.579, 3.380e-4
0.580, 3.425e-4
0.581, 3.469e-4
0.582, 3.527e-4
0.583, 3.581e-4
0.584, 3.641e-4
0.585, 3.704e-4
0.586, 3.770e-4
0.587, 3.843e-4
0.588, 3.924e-4
0.589, 4.006e-4
0.590, 4.095e-4
0.591, 4.183e-4
0.592, 4.278e-4
0.593, 4.378e-4
0.594, 4.481e-4
0.595, 4.595e-4
0.596, 4.708e-4
0.597, 4.831e-4
0.598, 4.961e-4
0.599, 5.088e-4
0.600, 5.224e-4
0.601, 5.369e-4
0.602, 5.510e-4
0.603, 5.667e-4
0.604, 5.830e-4
0.605, 5.992e-4
0.606, 6.163e-4
0.607, 6.346e-4
0.608, 6.531e-4
0.609, 6.720e-4
0.610, 6.918e-4
0.611, 7.122e-4
0.612, 7.331e-4
0.613, 7.546e-4
0.614, 7.768e-4
0.615, 7.980e-4
0.616, 8.221e-4
0.617, 8.468e-4
0.618, 8.712e-4
0.619, 8.966e-4
0.620, 9.226e-4
0.621, 9.493e-4
0.622, 9.766e-4
0.623, 1.004e-3
0.624, 1.032e-3
0.625, 1.061e-3
0.626, 1.091e-3
0.627, 1.121e-3
0.628, 1.151e-3
0.629, 1.183e-3
0.630, 1.214e-3
0.631, 1.247e-3
0.632, 1.280e-3
0.633, 1.314e-3
0.634, 1.348e-3
0.635, 1.383e-3
0.636, 1.418e-3
0.637, 1.454e-3
0.638, 1.490e-3
0.639, 1.527e-3
0.640, 1.565e-3
0.641, 1.604e-3
0.642, 1.642e-3
0.643, 1.681e-3
0.644, 1.721e-3
0.645, 1.761e-3
0.646, 1.801e-3
0.647, 1.842e-3
0.648, 1.883e-3
0.649, 1.925e-3
0.650, 1.968e-3
0.651, 2.010e-3
0.652, 2.054e-3
0.653, 2.097e-3
0.654, 2.141e-3
0.655, 2.185e-3
0.656, 2.229e-3
0.657, 2.275e-3
0.658, 2.320e-3
0.659, 2.367e-3
0.660, 2.413e-3
0.661, 2.460e-3
0.662, 2.507e-3
0.663, 2.554e-3
0.664, 2.602e-3
0.665, 2.650e-3
0.666, 2.698e-3
0.667, 2.747e-3
0.668, 2.796e-3
0.669, 2.845e-3
0.670, 2.895e-3
0.671, 2.945e-3
0.672, 2.995e-3
0.673, 3.046e-3
0.674, 3.097e-3
0.675, 3.149e-3
0.676, 3.200e-3
0.677, 3.252e-3
0.678, 3.304e-3
0.679, 3.355e-3
0.680, 3.408e-3
0.681, 3.461e-3
0.682, 3.514e-3
0.683, 3.568e-3
0.684, 3.622e-3
0.685, 3.676e-3
0.686, 3.730e-3
0.687, 3.784e-3
0.688, 3.838e-3
0.689, 3.893e-3
0.690, 3.949e-3
0.691, 4.004e-3
0.692, 4.060e-3
0.693, 4.116e-3
0.694, 4.172e-3
0.695, 4.228e-3
0.696, 4.284e-3
0.697, 4.340e-3
0.698, 4.397e-3
0.699, 4.454e-3
0.700, 4.511e-3
0.701, 4.568e-3
0.702, 4.625e-3
0.703, 4.683e-3
0.704, 4.741e-3
0.705, 4.798e-3
0.706, 4.857e-3
0.707, 4.915e-3
0.708, 4.973e-3
0.709, 5.032e-3
0.710, 5.091e-3
0.711, 5.150e-3
0.712, 5.210e-3
0.713, 5.269e-3
0.714, 5.328e-3
0.715, 5.388e-3
0.716, 5.447e-3
0.717, 5.510e-3
0.718, 5.571e-3
0.719, 5.632e-3
0.720, 5.691e-3
0.721, 5.752e-3
0.722, 5.813e-3
0.723, 5.873e-3
0.724, 5.934e-3
0.725, 5.995e-3
0.726, 6.056e-3
0.727, 6.117e-3
0.728, 6.178e-3
0.729, 6.240e-3
0.730, 6.301e-3
0.731, 6.363e-3
0.732, 6.425e-3
0.733, 6.487e-3
0.734, 6.549e-3
0.735, 6.611e-3
0.736, 6.674e-3
0.737, 6.736e-3
0.738, 6.799e-3
0.739, 6.861e-3
0.740, 6.924e-3
0.741, 6.987e-3
0.742, 7.050e-3
0.743, 7.114e-3
0.744, 7.177e-3
0.745, 7.240e-3
0.746, 7.303e-3
0.747, 7.367e-3
0.748, 7.430e-3
0.749, 7.494e-3
0.750, 7.558e-3
0.751, 7.622e-3
0.752, 7.685e-3
0.753, 7.749e-3
0.754, 7.813e-3
0.755, 7.878e-3
0.756, 7.941e-3
0.757, 8.006e-3
0.758, 8.070e-3
0.759, 8.135e-3
0.760, 8.199e-3
0.761, 8.265e-3
0.762, 8.329e-3
0.763, 8.394e-3
0.764, 8.459e-3
0.765, 8.524e-3
0.766, 8.589e-3
0.767, 8.654e-3
0.768, 8.720e-3
0.769, 8.786e-3
0.770, 8.851e-3
0.771, 8.916e-3
0.772, 8.982e-3
0.773, 9.047e-3
0.774, 9.113e-3
0.775, 9.178e-3
0.776, 9.244e-3
0.777, 9.310e-3
0.778, 9.376e-3
0.779, 9.442e-3
0.780, 9.508e-3
0.781, 9.574e-3
0.782, 9.640e-3
0.783, 9.706e-3
0.784, 9.772e-3
0.785, 9.839e-3
0.786, 9.906e-3
0.787, 9.972e-3
0.788, 1.004e-2
0.789, 1.011e-2
0.790, 1.017e-2
0.791, 1.024e-2
0.792, 1.031e-2
0.793, 1.037e-2
0.794, 1.044e-2
0.795, 1.051e-2
0.796, 1.057e-2
0.797, 1.064e-2
0.798, 1.071e-2
0.799, 1.078e-2
0.800, 1.082e-2
0.799, 1.078e-2
0.798, 1.071e-2
0.797, 1.064e-2
0.796, 1.057e-2
0.795, 1.050e-2
0.794, 1.043e-2
0.793, 1.036e-2
0.792, 1.030e-2
0.791, 1.023e-2
0.790, 1.016e-2
0.789, 1.009e-2
0.788, 1.002e-2
0.787, 9.954e-3
0.786, 9.886e-3
0.785, 9.818e-3
0.784, 9.750e-3
0.783, 9.683e-3
0.782, 9.615e-3
0.781, 9.548e-3
0.780, 9.481e-3
0.779, 9.414e-3
0.778, 9.346e-3
0.777, 9.279e-3
0.776, 9.212e-3
0.775, 9.145e-3
0.774, 9.078e-3
0.773, 9.012e-3
0.772, 8.945e-3
0.771, 8.879e-3
0.770, 8.812e-3
0.769, 8.746e-3
0.768, 8.679e-3
0.767, 8.612e-3
0.766, 8.546e-3
0.765, 8.480e-3
0.764, 8.414e-3
0.763, 8.348e-3
0.762, 8.283e-3
0.761, 8.217e-3
0.760, 8.150e-3
0.759, 8.085e-3
0.758, 8.020e-3
0.757, 7.954e-3
0.756, 7.889e-3
0.755, 7.824e-3
0.754, 7.759e-3
0.753, 7.694e-3
0.752, 7.630e-3
0.751, 7.565e-3
0.750, 7.501e-3
0.749, 7.436e-3
0.748, 7.372e-3
0.747, 7.308e-3
0.746, 7.244e-3
0.745, 7.180e-3
0.744, 7.116e-3
0.743, 7.051e-3
0.742, 6.987e-3
0.741, 6.923e-3
0.740, 6.860e-3
0.739, 6.797e-3
0.738, 6.734e-3
0.737, 6.670e-3
0.736, 6.607e-3
0.735, 6.543e-3
0.734, 6.481e-3
0.733, 6.418e-3
0.732, 6.356e-3
0.731, 6.294e-3
0.730, 6.231e-3
0.729, 6.170e-3
0.728, 6.108e-3
0.727, 6.046e-3
0.726, 5.984e-3
0.725, 5.923e-3
0.724, 5.862e-3
0.723, 5.801e-3
0.722, 5.739e-3
0.721, 5.678e-3
0.720, 5.618e-3
0.719, 5.557e-3
0.718, 5.496e-3
0.717, 5.434e-3
0.716, 5.372e-3
0.715, 5.312e-3
0.714, 5.252e-3
0.713, 5.193e-3
0.712, 5.133e-3
0.711, 5.073e-3
0.710, 5.014e-3
0.709, 4.954e-3
0.708, 4.896e-3
0.707, 4.838e-3
0.706, 4.779e-3
0.705, 4.720e-3
0.704, 4.662e-3
0.703, 4.604e-3
0.702, 4.547e-3
0.701, 4.489e-3
0.700, 4.431e-3
0.699, 4.374e-3
0.698, 4.317e-3
0.697, 4.260e-3
0.696, 4.204e-3
0.695, 4.147e-3
0.694, 4.091e-3
0.693, 4.035e-3
0.692, 3.979e-3
0.691, 3.923e-3
0.690, 3.867e-3
0.689, 3.812e-3
0.688, 3.757e-3
0.687, 3.702e-3
0.686, 3.648e-3
0.685, 3.593e-3
0.684, 3.539e-3
0.683, 3.485e-3
0.682, 3.431e-3
0.681, 3.378e-3
0.680, 3.325e-3
0.679, 3.273e-3
0.678, 3.221e-3
0.677, 3.169e-3
0.676, 3.117e-3
0.675, 3.065e-3
0.674, 3.013e-3
0.673, 2.962e-3
0.672, 2.911e-3
0.671, 2.861e-3
0.670, 2.810e-3
0.669, 2.760e-3
0.668, 2.711e-3
0.667, 2.662e-3
0.666, 2.612e-3
0.665, 2.563e-3
0.664, 2.515e-3
0.663, 2.467e-3
0.662, 2.419e-3
0.661, 2.371e-3
0.660, 2.324e-3
0.659, 2.277e-3
0.658, 2.230e-3
0.657, 2.184e-3
0.656, 2.138e-3
0.655, 2.093e-3
0.654, 2.048e-3
0.653, 2.004e-3
0.652, 1.959e-3
0.651, 1.915e-3
0.650, 1.872e-3
0.649, 1.828e-3
0.648, 1.785e-3
0.647, 1.743e-3
0.646, 1.701e-3
0.645, 1.660e-3
0.644, 1.619e-3
0.643, 1.578e-3
0.642, 1.537e-3
0.641, 1.498e-3
0.640, 1.458e-3
0.639, 1.419e-3
0.638, 1.380e-3
0.637, 1.343e-3
0.636, 1.306e-3
0.635, 1.268e-3
0.634, 1.232e-3
0.633, 1.196e-3
0.632, 1.160e-3
0.631, 1.126e-3
0.630, 1.091e-3
0.629, 1.057e-3
0.628, 1.023e-3
0.627, 9.910e-4
0.626, 9.588e-4
0.625, 9.268e-4
0.624, 8.953e-4
0.623, 8.640e-4
0.622, 8.339e-4
0.621, 8.037e-4
0.620, 7.743e-4
0.619, 7.453e-4
0.618, 7.170e-4
0.617, 6.896e-4
0.616, 6.625e-4
0.615, 6.357e-4
0.614, 6.110e-4
0.613, 5.856e-4
0.612, 5.604e-4
0.611, 5.366e-4
0.610, 5.124e-4
0.609, 4.890e-4
0.608, 4.659e-4
0.607, 4.439e-4
0.606, 4.223e-4
0.605, 4.012e-4
0.604, 3.805e-4
0.603, 3.606e-4
0.602, 3.412e-4
0.601, 3.225e-4
0.600, 3.044e-4
0.599, 2.862e-4
0.598, 2.690e-4
0.597, 2.520e-4
0.596, 2.359e-4
0.595, 2.203e-4
0.594, 2.050e-4
0.593, 1.901e-4
0.592, 1.757e-4
0.591, 1.621e-4
0.590, 1.489e-4
0.589, 1.352e-4
0.588, 1.228e-4
0.587, 1.110e-4
0.586, 9.943e-5
0.585, 8.846e-5
0.584, 7.762e-5
0.583, 6.700e-5
0.582, 5.692e-5
0.581, 4.730e-5
0.580, 3.802e-5
0.579, 2.946e-5
0.578, 2.061e-5
0.577, 1.279e-5
0.576, 4.804e-6
0.575, -3.173e-6
0.574, -1.030e-5
0.573, -1.773e-5
0.572, -2.414e-5
0.571, -3.058e-5
0.570, -3.687e-5
0.569, -4.301e-5
0.568, -4.862e-5
0.567, -5.397e-5
0.566, -5.905e-5
0.565, -6.494e-5
0.564, -6.959e-5
0.563, -7.437e-5
0.562, -7.895e-5
0.561, -8.315e-5
0.560, -8.743e-5
0.559, -9.147e-5
0.558, -9.505e-5
0.557, -9.901e-5
0.556, -1.027e-4
0.555, -1.058e-4
0.554, -1.092e-4
0.553, -1.127e-4
0.552, -1.161e-4
0.551, -1.187e-4
0.550, -1.208e-4
0.549, -1.236e-4
0.548, -1.263e-4
0.547, -1.289e-4
0.546, -1.316e-4
0.545, -1.342e-4
0.544, -1.367e-4
0.543, -1.392e-4
0.542, -1.414e-4
0.541, -1.434e-4
0.540, -1.453e-4
0.539, -1.474e-4
0.538, -1.495e-4
0.537, -1.517e-4
0.536, -1.533e-4
0.535, -1.552e-4
0.534, -1.569e-4
0.533, -1.587e-4
0.532, -1.606e-4
0.531, -1.625e-4
0.530, -1.644e-4
0.529, -1.662e-4
0.528, -1.674e-4
0.527, -1.691e-4
0.526, -1.702e-4
0.525, -1.714e-4
0.524, -1.726e-4
0.523, -1.743e-4
0.522, -1.758e-4
0.521, -1.773e-4
0.520, -1.787e-4
0.519, -1.804e-4
0.518, -1.819e-4
0.517, -1.836e-4
0.516, -1.851e-4
0.515, -1.861e-4
0.514, -1.879e-4
0.513, -1.893e-4
0.512, -1.924e-4
0.511, -1.946e-4
0.510, -1.948e-4
0.509, -1.957e-4
0.508, -1.968e-4
0.507, -1.982e-4
0.506, -1.998e-4
0.505, -2.011e-4
0.504, -2.025e-4
0.503, -2.041e-4
0.502, -2.052e-4
0.501, -2.070e-4
0.500, -2.087e-4
0.499, -2.098e-4
0.498, -2.119e-4
0.497, -2.134e-4
0.496, -2.148e-4
0.495, -2.167e-4
0.494, -2.182e-4
0.493, -2.203e-4
0.492, -2.223e-4
0.491, -2.241e-4
0.490, -2.258e-4
0.489, -2.275e-4
0.488, -2.298e-4
0.487, -2.320e-4
0.486, -2.344e-4
0.485, -2.368e-4
0.484, -2.390e-4
0.483, -2.410e-4
0.482, -2.432e-4
0.481, -2.457e-4
0.480, -2.483e-4
0.479, -2.510e-4
0.478, -2.533e-4
0.477, -2.560e-4
0.476, -2.592e-4
0.475, -2.623e-4
0.474, -2.650e-4
0.473, -2.675e-4
0.472, -2.711e-4
0.471, -2.748e-4
0.470, -2.777e-4
0.469, -2.818e-4
0.468, -2.857e-4
0.467, -2.896e-4
0.466, -2.939e-4
0.465, -2.982e-4
0.464, -3.023e-4
0.463, -3.073e-4
0.462, -3.121e-4
0.461, -3.171e-4
0.460, -3.228e-4
0.459, -3.278e-4
0.458, -3.338e-4
0.457, -3.394e-4
0.456, -3.455e-4
0.455, -3.520e-4
0.454, -3.591e-4
0.453, -3.658e-4
0.452, -3.727e-4
0.451, -3.799e-4
0.450, -3.881e-4
0.449, -3.957e-4
0.448, -4.034e-4
0.447, -4.119e-4
0.446, -4.211e-4
0.445, -4.309e-4
0.444, -4.407e-4
0.443, -4.507e-4
0.442, -4.614e-4
0.441, -4.722e-4
0.440, -4.835e-4
0.439, -4.953e-4
0.438, -5.071e-4
0.437, -5.192e-4
0.436, -5.320e-4
0.435, -5.460e-4
0.434, -5.599e-4
0.433, -5.734e-4
0.432, -5.867e-4
0.431, -6.012e-4
0.430, -6.157e-4
0.429, -6.311e-4
0.428, -6.465e-4
0.427, -6.616e-4
0.426, -6.775e-4
0.425, -6.935e-4
0.424, -7.096e-4
0.423, -7.259e-4
0.422, -7.413e-4
0.421, -7.579e-4
0.420, -7.751e-4
0.419, -7.913e-4
0.418, -8.080e-4
0.417, -8.249e-4
0.416, -8.419e-4
0.415, -8.586e-4
0.414, -8.757e-4
0.413, -8.929e-4
0.412, -9.097e-4
0.411, -9.269e-4
0.410, -9.413e-4
0.409, -9.490e-4
0.408, -9.669e-4
0.407, -9.850e-4
0.406, -1.003e-3
0.405, -1.021e-3
0.404, -1.039e-3
0.403, -1.057e-3
0.402, -1.076e-3
0.401, -1.094e-3
0.400, -1.113e-3
0.399, -1.132e-3
0.398, -1.150e-3
0.397, -1.170e-3
0.396, -1.189e-3
0.395, -1.208e-3
0.394, -1.228e-3
0.393, -1.247e-3
0.392, -1.267e-3
0.391, -1.287e-3
0.390, -1.307e-3
0.389, -1.327e-3
0.388, -1.346e-3
0.387, -1.365e-3
0.386, -1.385e-3
0.385, -1.404e-3
0.384, -1.424e-3
0.383, -1.443e-3
0.382, -1.461e-3
0.381, -1.479e-3
0.380, -1.496e-3
0.379, -1.512e-3
0.378, -1.528e-3
0.377, -1.543e-3
0.376, -1.557e-3
0.375, -1.570e-3
0.374, -1.582e-3
0.373, -1.592e-3
0.372, -1.601e-3
0.371, -1.606e-3
0.370, -1.612e-3
0.369, -1.615e-3
0.368, -1.616e-3
0.367, -1.615e-3
0.366, -1.610e-3
0.365, -1.604e-3
0.364, -1.594e-3
0.363, -1.580e-3
0.362, -1.563e-3
0.361, -1.542e-3
0.360, -1.518e-3
0.359, -1.489e-3
0.358, -1.457e-3
0.357, -1.422e-3
0.356, -1.382e-3
0.355, -1.337e-3
0.354, -1.290e-3
0.353, -1.240e-3
0.352, -1.187e-3
0.351, -1.131e-3
0.350, -1.074e-3
0.349, -1.017e-3
0.348, -9.594e-4
0.347, -9.025e-4
0.346, -8.464e-4
0.345, -7.921e-4
0.344, -7.404e-4
0.343, -6.913e-4
0.342, -6.451e-4
0.341, -6.020e-4
0.340, -5.625e-4
0.339, -5.255e-4
0.338, -4.916e-4
0.337, -4.607e-4
0.336, -4.321e-4
0.335, -4.060e-4
0.334, -3.829e-4
0.333, -3.615e-4
0.332, -3.417e-4
0.331, -3.234e-4
0.330, -3.069e-4
0.329, -2.916e-4
0.328, -2.776e-4
0.327, -2.648e-4
0.326, -2.527e-4
0.325, -2.420e-4
0.324, -2.318e-4
0.323, -2.224e-4
0.322, -2.139e-4
0.321, -2.054e-4
0.320, -1.976e-4
0.319, -1.908e-4
0.318, -1.843e-4
0.317, -1.780e-4
0.316, -1.724e-4
0.315, -1.670e-4
0.314, -1.619e-4
0.313, -1.569e-4
0.312, -1.523e-4
0.311, -1.478e-4
0.310, -1.437e-4
0.309, -1.400e-4
0.308, -1.360e-4
0.307, -1.329e-4
0.306, -1.292e-4
0.305, -1.260e-4
0.304, -1.227e-4
0.303, -1.199e-4
0.302, -1.173e-4
0.301, -1.147e-4
0.300, -1.119e-4
0.299, -1.092e-4
0.298, -1.067e-4
0.297, -1.045e-4
0.296, -1.024e-4
0.295, -1.003e-4
0.294, -9.811e-5
0.293, -9.614e-5
0.292, -9.432e-5
0.291, -9.258e-5
0.290, -9.086e-5
0.289, -8.921e-5
0.288, -8.745e-5
0.287, -8.583e-5
0.286, -8.416e-5
0.285, -8.266e-5
0.284, -8.120e-5
0.283, -7.988e-5
0.282, -7.853e-5
0.281, -7.719e-5
0.280, -7.583e-5
0.279, -7.469e-5
0.278, -7.335e-5
0.277, -7.213e-5
0.276, -7.106e-5
0.275, -7.005e-5
0.274, -6.901e-5
0.273, -6.814e-5
0.272, -6.731e-5
0.271, -6.643e-5
0.270, -6.549e-5
0.269, -6.444e-5
0.268, -6.343e-5
0.267, -6.242e-5
0.266, -6.148e-5
0.265, -6.057e-5
0.264, -5.973e-5
0.263, -5.878e-5
0.262, -5.812e-5
0.261, -5.729e-5
0.260, -5.653e-5
0.259, -5.575e-5
0.258, -5.518e-5
0.257, -5.446e-5
0.256, -5.375e-5
0.255, -5.312e-5
0.254, -5.248e-5
0.253, -5.175e-5
0.252, -5.107e-5
0.251, -5.044e-5
0.250, -4.978e-5
0.249, -4.915e-5
0.248, -4.861e-5
0.247, -4.810e-5
0.246, -4.749e-5
0.245, -4.696e-5
0.244, -4.646e-5
0.243, -4.584e-5
0.242, -4.546e-5
0.241, -4.494e-5
0.240, -4.450e-5
0.239, -4.405e-5
0.238, -4.363e-5
0.237, -4.314e-5
0.236, -4.272e-5
0.235, -4.227e-5
0.234, -4.192e-5
0.233, -4.149e-5
0.232, -4.111e-5
0.231, -4.069e-5
0.230, -4.027e-5
0.229, -3.979e-5
0.228, -3.940e-5
0.227, -3.902e-5
0.226, -3.854e-5
0.225, -3.822e-5
0.224, -3.781e-5
0.223, -3.741e-5
0.222, -3.699e-5
0.221, -3.662e-5
0.220, -3.625e-5
0.219, -3.586e-5
0.218, -3.556e-5
0.217, -3.524e-5
0.216, -3.490e-5
0.215, -3.465e-5
0.214, -3.425e-5
0.213, -3.394e-5
0.212, -3.367e-5
0.211, -3.340e-5
0.210, -3.307e-5
0.209, -3.279e-5
0.208, -3.250e-5
0.207, -3.228e-5
0.206, -3.204e-5
0.205, -3.161e-5
0.204, -3.135e-5
0.203, -3.112e-5
0.202, -3.094e-5
0.201, -3.071e-5
0.200, -2.831e-5
0.201, -2.396e-5
0.202, -2.225e-5
0.203, -2.102e-5
0.204, -2.004e-5
0.205, -1.938e-5
0.206, -1.862e-5
0.207, -1.798e-5
0.208, -1.737e-5
0.209, -1.670e-5
0.210, -1.623e-5
0.211, -1.564e-5
0.212, -1.510e-5
0.213, -1.457e-5
0.214, -1.417e-5
0.215, -1.362e-5
0.216, -1.322e-5
0.217, -1.276e-5
0.218, -1.238e-5
0.219, -1.201e-5
0.220, -1.157e-5
0.221, -1.128e-5
0.222, -1.085e-5
0.223, -1.054e-5
0.224, -1.023e-5
0.225, -9.930e-6
0.226, -9.608e-6
0.227, -9.393e-6
0.228, -9.051e-6
0.229, -8.680e-6
0.230, -8.426e-6
0.231, -8.163e-6
0.232, -8.026e-6
0.233, -7.684e-6
0.234, -7.420e-6
0.235, -7.186e-6
0.236, -7.001e-6
0.237, -6.727e-6
0.238, -6.464e-6
0.239, -6.200e-6
0.240, -6.054e-6
0.241, -5.790e-6
0.242, -5.556e-6
0.243, -5.282e-6
0.244, -5.028e-6
0.245, -4.931e-6
0.246, -4.628e-6
0.247, -4.403e-6
0.248, -4.198e-6
0.249, -4.052e-6
0.250, -3.720e-6
0.251, -3.534e-6
0.252, -3.261e-6
0.253, -3.095e-6
0.254, -2.910e-6
0.255, -2.597e-6
0.256, -2.421e-6
0.257, -2.236e-6
0.258, -2.080e-6
0.259, -1.797e-6
0.260, -1.562e-6
0.261, -1.406e-6
0.262, -1.230e-6
0.263, -9.959e-7
0.264, -7.225e-7
0.265, -4.784e-7
0.266, -3.124e-7
0.267, -1.074e-7
0.268, 1.074e-7
0.269, 3.222e-7
0.270, 4.687e-7
0.271, 6.151e-7
0.272, 9.080e-7
0.273, 1.240e-6
0.274, 1.416e-6
0.275, 1.611e-6
0.276, 1.875e-6
0.277, 2.011e-6
0.278, 2.334e-6
0.279, 2.490e-6
0.280, 2.724e-6
0.281, 2.958e-6
0.282, 3.144e-6
0.283, 3.281e-6
0.284, 3.554e-6
0.285, 3.827e-6
0.286, 4.052e-6
0.287, 4.267e-6
0.288, 4.491e-6
0.289, 4.726e-6
0.290, 4.970e-6
0.291, 5.214e-6
0.292, 5.438e-6
0.293, 5.604e-6
0.294, 5.849e-6
0.295, 6.122e-6
0.296, 6.337e-6
0.297, 6.630e-6
0.298, 6.913e-6
0.299, 7.147e-6
0.300, 7.440e-6
0.301, 7.616e-6
0.302, 7.948e-6
0.303, 8.250e-6
0.304, 8.485e-6
0.305, 8.768e-6
0.306, 9.080e-6
0.307, 9.520e-6
0.308, 9.871e-6
0.309, 1.006e-5
0.310, 1.032e-5
0.311, 1.058e-5
0.312, 1.086e-5
0.313, 1.124e-5
0.314, 1.147e-5
0.315, 1.186e-5
0.316, 1.216e-5
0.317, 1.247e-5
0.318, 1.282e-5
0.319, 1.319e-5
0.320, 1.343e-5
0.321, 1.383e-5
0.322, 1.414e-5
0.323, 1.445e-5
0.324, 1.475e-5
0.325, 1.511e-5
0.326, 1.542e-5
0.327, 1.581e-5
0.328, 1.609e-5
0.329, 1.654e-5
0.330, 1.686e-5
0.331, 1.725e-5
0.332, 1.762e-5
0.333, 1.798e-5
0.334, 1.840e-5
0.335, 1.878e-5
0.336, 1.911e-5
0.337, 1.963e-5
0.338, 2.001e-5
0.339, 2.036e-5
0.340, 2.084e-5
0.341, 2.123e-5
0.342, 2.166e-5
0.343, 2.209e-5
0.344, 2.253e-5
0.345, 2.296e-5
0.346, 2.334e-5
0.347, 2.394e-5
0.348, 2.442e-5
0.349, 2.484e-5
0.350, 2.525e-5
0.351, 2.579e-5
0.352, 2.625e-5
0.353, 2.672e-5
0.354, 2.720e-5
0.355, 2.758e-5
0.356, 2.811e-5
0.357, 2.862e-5
0.358, 2.911e-5
0.359, 2.959e-5
0.360, 3.004e-5
0.361, 3.056e-5
0.362, 3.103e-5
0.363, 3.153e-5
0.364, 3.215e-5
0.365, 3.264e-5
0.366, 3.332e-5
0.367, 3.393e-5
0.368, 3.451e-5
0.369, 3.513e-5
0.370, 3.567e-5
0.371, 3.623e-5
0.372, 3.683e-5
0.373, 3.739e-5
0.374, 3.804e-5
0.375, 3.866e-5
0.376, 3.934e-5
0.377, 3.999e-5
0.378, 4.058e-5
0.379, 4.124e-5
0.380, 4.199e-5
0.381, 4.261e-5
0.382, 4.334e-5
0.383, 4.407e-5
0.384, 4.492e-5
0.385, 4.576e-5
0.386, 4.654e-5
0.387, 4.733e-5
0.388, 4.794e-5
0.389, 4.880e-5
0.390, 4.962e-5
0.391, 5.047e-5
0.392, 5.125e-5
0.393, 5.208e-5
0.394, 5.290e-5
0.395, 5.375e-5
0.396, 5.465e-5
0.397, 5.539e-5
0.398, 5.650e-5
0.399, 5.761e-5
0.400, 5.866e-5
0.401, 5.984e-5
0.402, 6.091e-5
0.403, 6.200e-5
0.404, 6.306e-5
0.405, 6.424e-5
0.406, 6.543e-5
0.407, 6.666e-5
0.408, 6.786e-5
0.409, 6.904e-5
0.410, 6.792e-5
0.411, 7.075e-5
0.412, 7.286e-5
0.413, 7.448e-5
0.414, 7.630e-5
0.415, 7.806e-5
0.416, 7.973e-5
0.417, 8.183e-5
0.418, 8.426e-5
0.419, 8.645e-5
0.420, 8.880e-5
0.421, 9.111e-5
0.422, 9.372e-5
0.423, 9.633e-5
0.424, 9.951e-5
0.425, 1.029e-4
0.426, 1.065e-4
0.427, 1.107e-4
0.428, 1.149e-4
0.429, 1.195e-4
0.430, 1.248e-4
0.431, 1.299e-4
0.432, 1.363e-4
0.433, 1.429e-4
0.434, 1.502e-4
0.435, 1.590e-4
0.436, 1.679e-4
0.437, 1.775e-4
0.438, 1.887e-4
0.439, 2.002e-4
0.440, 2.134e-4
0.441, 2.276e-4
0.442, 2.432e-4
0.443, 2.604e-4
0.444, 2.790e-4
0.445, 2.992e-4
0.446, 3.209e-4
0.447, 3.445e-4
0.448, 3.700e-4
0.449, 3.974e-4
0.450, 4.270e-4
0.451, 4.586e-4
0.452, 4.923e-4
0.453, 5.281e-4
0.454, 5.663e-4
0.455, 6.064e-4
0.456, 6.496e-4
0.457, 6.945e-4
0.458, 7.415e-4
0.459, 7.910e-4
0.460, 8.424e-4
0.461, 8.958e-4
0.462, 9.506e-4
0.463, 1.006e-3
0.464, 1.063e-3
0.465, 1.121e-3
0.466, 1.180e-3
0.467, 1.239e-3
0.468, 1.298e-3
0.469, 1.357e-3
0.470, 1.416e-3
0.471, 1.473e-3
0.472, 1.531e-3
0.473, 1.587e-3
0.474, 1.641e-3
0.475, 1.694e-3
0.476, 1.746e-3
0.477, 1.796e-3
0.478, 1.845e-3
0.479, 1.892e-3
0.480, 1.937e-3
0.481, 1.980e-3
0.482, 2.020e-3
0.483, 2.059e-3
0.484, 2.094e-3
0.485, 2.128e-3
0.486, 2.159e-3
0.487, 2.188e-3
0.488, 2.215e-3
0.489, 2.238e-3
0.490, 2.258e-3
0.491, 2.275e-3
0.492, 2.290e-3
0.493, 2.301e-3
0.494, 2.309e-3
0.495, 2.313e-3
0.496, 2.313e-3
0.497, 2.310e-3
0.498, 2.303e-3
0.499, 2.292e-3
0.500, 2.276e-3
0.501, 2.256e-3
0.502, 2.233e-3
0.503, 2.205e-3
0.504, 2.172e-3
0.505, 2.136e-3
0.506, 2.095e-3
0.507, 2.051e-3
0.508, 2.002e-3
0.509, 1.950e-3
0.510, 1.896e-3
0.511, 1.839e-3
0.512, 1.782e-3
0.513, 1.724e-3
0.514, 1.662e-3
0.515, 1.601e-3
0.516, 1.539e-3
0.517, 1.478e-3
0.518, 1.417e-3
0.519, 1.359e-3
0.520, 1.300e-3
0.521, 1.244e-3
0.522, 1.188e-3
0.523, 1.135e-3
0.524, 1.082e-3
0.525, 1.031e-3
0.526, 9.820e-4
0.527, 9.347e-4
0.528, 8.889e-4
0.529, 8.447e-4
0.530, 8.027e-4
0.531, 7.629e-4
0.532, 7.249e-4
0.533, 6.890e-4
0.534, 6.557e-4
0.535, 6.241e-4
0.536, 5.954e-4
0.537, 5.685e-4
0.538, 5.438e-4
0.539, 5.208e-4
0.540, 4.991e-4
0.541, 4.795e-4
0.542, 4.617e-4
0.543, 4.455e-4
0.544, 4.307e-4
0.545, 4.171e-4
0.546, 4.047e-4
0.547, 3.936e-4
0.548, 3.832e-4
0.549, 3.738e-4
0.550, 3.658e-4
0.551, 3.581e-4
0.552, 3.514e-4
0.553, 3.459e-4
0.554, 3.403e-4
0.555, 3.354e-4
0.556, 3.311e-4
0.557, 3.270e-4
0.558, 3.240e-4
0.559, 3.213e-4
0.560, 3.190e-4
0.561, 3.172e-4
0.562, 3.154e-4
0.563, 3.145e-4
0.564, 3.138e-4
0.565, 3.130e-4
0.566, 3.130e-4
0.567, 3.128e-4
0.568, 3.135e-4
0.569, 3.141e-4
0.570, 3.152e-4
0.571, 3.168e-4
0.572, 3.187e-4
0.573, 3.206e-4
0.574, 3.229e-4
0.575, 3.255e-4
0.576, 3.284e-4
0.577, 3.322e-4
0.578, 3.358e-4
0.579, 3.403e-4
0.580, 3.447e-4
0.581, 3.496e-4
0.582, 3.554e-4
0.583, 3.610e-4
0.584, 3.672e-4
0.585, 3.734e-4
0.586, 3.802e-4
0.587, 3.880e-4
0.588, 3.961e-4
0.589, 4.047e-4
0.590, 4.133e-4
0.591, 4.223e-4
0.592, 4.322e-4
0.593, 4.423e-4
0.594, 4.528e-4
0.595, 4.642e-4
0.596, 4.760e-4
0.597, 4.885e-4
0.598, 5.011e-4
0.599, 5.142e-4
0.600, 5.284e-4
0.601, 5.434e-4
0.602, 5.576e-4
0.603, 5.734e-4
0.604, 5.898e-4
0.605, 6.063e-4
0.606, 6.239e-4
0.607, 6.422e-4
0.608, 6.608e-4
0.609, 6.800e-4
0.610, 7.003e-4
0.611, 7.208e-4
0.612, 7.420e-4
0.613, 7.635e-4
0.614, 7.860e-4
0.615, 8.079e-4
0.616, 8.322e-4
0.617, 8.570e-4
0.618, 8.817e-4
0.619, 9.075e-4
0.620, 9.337e-4
0.621, 9.609e-4
0.622, 9.882e-4
0.623, 1.016e-3
0.624, 1.045e-3
0.625, 1.074e-3
0.626, 1.104e-3
0.627, 1.135e-3
0.628, 1.165e-3
0.629, 1.196e-3
0.630, 1.229e-3
0.631, 1.261e-3
0.632, 1.295e-3
0.633, 1.329e-3
0.634, 1.364e-3
0.635, 1.399e-3
0.636, 1.434e-3
0.637, 1.471e-3
0.638, 1.507e-3
0.639, 1.545e-3
0.640, 1.583e-3
0.641, 1.622e-3
0.642, 1.660e-3
0.643, 1.699e-3
0.644, 1.739e-3
0.645, 1.779e-3
0.646, 1.820e-3
0.647, 1.861e-3
0.648, 1.903e-3
0.649, 1.945e-3
0.650, 1.987e-3
0.651, 2.031e-3
0.652, 2.074e-3
0.653, 2.117e-3
0.654, 2.161e-3
0.655, 2.206e-3
0.656, 2.251e-3
0.657, 2.297e-3
0.658, 2.342e-3
0.659, 2.389e-3
0.660, 2.436e-3
0.661, 2.482e-3
0.662, 2.530e-3
0.663, 2.577e-3
0.664, 2.625e-3
0.665, 2.674e-3
0.666, 2.722e-3
0.667, 2.771e-3
0.668, 2.820e-3
0.669, 2.870e-3
0.670, 2.920e-3
0.671, 2.970e-3
0.672, 3.021e-3
0.673, 3.072e-3
0.674, 3.123e-3
0.675, 3.175e-3
0.676, 3.226e-3
0.677, 3.278e-3
0.678, 3.330e-3
0.679, 3.382e-3
0.680, 3.435e-3
0.681, 3.489e-3
0.682, 3.542e-3
0.683, 3.596e-3
0.684, 3.650e-3
0.685, 3.704e-3
0.686, 3.758e-3
0.687, 3.813e-3
0.688, 3.868e-3
0.689, 3.923e-3
0.690, 3.978e-3
0.691, 4.034e-3
0.692, 4.090e-3
0.693, 4.146e-3
0.694, 4.202e-3
0.695, 4.258e-3
0.696, 4.314e-3
0.697, 4.371e-3
0.698, 4.428e-3
0.699, 4.485e-3
0.700, 4.542e-3
0.701, 4.599e-3
0.702, 4.657e-3
0.703, 4.715e-3
0.704, 4.773e-3
0.705, 4.831e-3
0.706, 4.889e-3
0.707, 4.947e-3
0.708, 5.006e-3
0.709, 5.065e-3
0.710, 5.124e-3
0.711, 5.184e-3
0.712, 5.243e-3
0.713, 5.303e-3
0.714, 5.362e-3
0.715, 5.422e-3
0.716, 5.482e-3
0.717, 5.545e-3
0.718, 5.606e-3
0.719, 5.666e-3
0.720, 5.726e-3
0.721, 5.787e-3
0.722, 5.847e-3
0.723, 5.908e-3
0.724, 5.969e-3
0.725, 6.030e-3
0.726, 6.092e-3
0.727, 6.153e-3
0.728, 6.215e-3
0.729, 6.276e-3
0.730, 6.338e-3
0.731, 6.399e-3
0.732, 6.461e-3
0.733, 6.523e-3
0.734, 6.586e-3
0.735, 6.648e-3
0.736, 6.711e-3
0.737, 6.774e-3
0.738, 6.836e-3
0.739, 6.899e-3
0.740, 6.962e-3
0.741, 7.025e-3
0.742, 7.089e-3
0.743, 7.152e-3
0.744, 7.216e-3
0.745, 7.279e-3
0.746, 7.343e-3
0.747, 7.406e-3
0.748, 7.469e-3
0.749, 7.533e-3
0.750, 7.597e-3
0.751, 7.661e-3
0.752, 7.725e-3
0.753, 7.789e-3
0.754, 7.853e-3
0.755, 7.918e-3
0.756, 7.982e-3
0.757, 8.046e-3
0.758, 8.111e-3
0.759, 8.175e-3
0.760, 8.240e-3
0.761, 8.305e-3
0.762, 8.370e-3
0.763, 8.435e-3
0.764, 8.500e-3
0.765, 8.565e-3
0.766, 8.631e-3
0.767, 8.696e-3
0.768, 8.762e-3
0.769, 8.827e-3
0.770, 8.893e-3
0.771, 8.958e-3
0.772, 9.024e-3
0.773, 9.090e-3
0.774, 9.155e-3
0.775, 9.221e-3
0.776, 9.287e-3
0.777, 9.353e-3
0.778, 9.419e-3
0.779, 9.485e-3
0.780, 9.552e-3
0.781, 9.617e-3
0.782, 9.683e-3
0.783, 9.750e-3
0.784, 9.816e-3
0.785, 9.883e-3
0.786, 9.950e-3
0.787, 1.002e-2
0.788, 1.008e-2
0.789, 1.015e-2
0.790, 1.022e-2
0.791, 1.028e-2
0.792, 1.035e-2
0.793, 1.042e-2
0.794, 1.049e-2
0.795, 1.055e-2
0.796, 1.062e-2
0.797, 1.069e-2
0.798, 1.076e-2
0.799, 1.082e-2
0.800, 1.087e-2
0.799, 1.082e-2
0.798, 1.075e-2
0.797, 1.068e-2
0.796, 1.061e-2
0.795, 1.055e-2
0.794, 1.048e-2
0.793, 1.041e-2
0.792, 1.034e-2
0.791, 1.027e-2
0.790, 1.020e-2
0.789, 1.013e-2
0.788, 1.007e-2
0.787, 9.999e-3
0.786, 9.930e-3
0.785, 9.862e-3
0.784, 9.795e-3
0.783, 9.726e-3
0.782, 9.659e-3
0.781, 9.591e-3
0.780, 9.524e-3
0.779, 9.457e-3
0.778, 9.390e-3
0.777, 9.322e-3
0.776, 9.254e-3
0.775, 9.188e-3
0.774, 9.121e-3
0.773, 9.054e-3
0.772, 8.987e-3
0.771, 8.920e-3
0.770, 8.854e-3
0.769, 8.787e-3
0.768, 8.721e-3
0.767, 8.654e-3
0.766, 8.587e-3
0.765, 8.521e-3
0.764, 8.455e-3
0.763, 8.389e-3
0.762, 8.323e-3
0.761, 8.257e-3
0.760, 8.191e-3
0.759, 8.125e-3
0.758, 8.060e-3
0.757, 7.994e-3
0.756, 7.929e-3
0.755, 7.864e-3
0.754, 7.799e-3
0.753, 7.734e-3
0.752, 7.669e-3
0.751, 7.604e-3
0.750, 7.540e-3
0.749, 7.475e-3
0.748, 7.411e-3
0.747, 7.347e-3
0.746, 7.283e-3
0.745, 7.219e-3
0.744, 7.154e-3
0.743, 7.090e-3
0.742, 7.026e-3
0.741, 6.962e-3
0.740, 6.898e-3
0.739, 6.835e-3
0.738, 6.771e-3
0.737, 6.708e-3
0.736, 6.645e-3
0.735, 6.581e-3
0.734, 6.518e-3
0.733, 6.456e-3
0.732, 6.393e-3
0.731, 6.330e-3
0.730, 6.268e-3
0.729, 6.207e-3
0.728, 6.144e-3
0.727, 6.082e-3
0.726, 6.021e-3
0.725, 5.959e-3
0.724, 5.897e-3
0.723, 5.836e-3
0.722, 5.775e-3
0.721, 5.713e-3
0.720, 5.653e-3
0.719, 5.592e-3
0.718, 5.531e-3
0.717, 5.469e-3
0.716, 5.406e-3
0.715, 5.346e-3
0.714, 5.286e-3
0.713, 5.226e-3
0.712, 5.166e-3
0.711, 5.106e-3
0.710, 5.046e-3
0.709, 4.987e-3
0.708, 4.928e-3
0.707, 4.869e-3
0.706, 4.810e-3
0.705, 4.752e-3
0.704, 4.694e-3
0.703, 4.636e-3
0.702, 4.578e-3
0.701, 4.520e-3
0.700, 4.463e-3
0.699, 4.405e-3
0.698, 4.348e-3
0.697, 4.291e-3
0.696, 4.234e-3
0.695, 4.177e-3
0.694, 4.121e-3
0.693, 4.065e-3
0.692, 4.009e-3
0.691, 3.952e-3
0.690, 3.897e-3
0.689, 3.841e-3
0.688, 3.786e-3
0.687, 3.731e-3
0.686, 3.676e-3
0.685, 3.622e-3
0.684, 3.567e-3
0.683, 3.513e-3
0.682, 3.459e-3
0.681, 3.406e-3
0.680, 3.352e-3
0.679, 3.299e-3
0.678, 3.247e-3
0.677, 3.195e-3
0.676, 3.142e-3
0.675, 3.090e-3
0.674, 3.038e-3
0.673, 2.987e-3
0.672, 2.935e-3
0.671, 2.885e-3
0.670, 2.834e-3
0.669, 2.784e-3
0.668, 2.734e-3
0.667, 2.685e-3
0.666, 2.636e-3
0.665, 2.586e-3
0.664, 2.538e-3
0.663, 2.489e-3
0.662, 2.441e-3
0.661, 2.394e-3
0.660, 2.346e-3
0.659, 2.298e-3
0.658, 2.251e-3
0.657, 2.205e-3
0.656, 2.159e-3
0.655, 2.114e-3
0.654, 2.068e-3
0.653, 2.024e-3
0.652, 1.979e-3
0.651, 1.935e-3
0.650, 1.891e-3
0.649, 1.847e-3
0.648, 1.804e-3
0.647, 1.762e-3
0.646, 1.720e-3
0.645, 1.678e-3
0.644, 1.636e-3
0.643, 1.596e-3
0.642, 1.555e-3
0.641, 1.515e-3
0.640, 1.475e-3
0.639, 1.435e-3
0.638, 1.397e-3
0.637, 1.359e-3
0.636, 1.321e-3
0.635, 1.284e-3
0.634, 1.247e-3
0.633, 1.210e-3
0.632, 1.174e-3
0.631, 1.139e-3
0.630, 1.105e-3
0.629, 1.070e-3
0.628, 1.037e-3
0.627, 1.004e-3
0.626, 9.711e-4
0.625, 9.389e-4
0.624, 9.074e-4
0.623, 8.758e-4
0.622, 8.451e-4
0.621, 8.148e-4
0.620, 7.850e-4
0.619, 7.560e-4
0.618, 7.273e-4
0.617, 6.994e-4
0.616, 6.720e-4
0.615, 6.456e-4
0.614, 6.206e-4
0.613, 5.948e-4
0.612, 5.692e-4
0.611, 5.447e-4
0.610, 5.205e-4
0.609, 4.969e-4
0.608, 4.737e-4
0.607, 4.516e-4
0.606, 4.297e-4
0.605, 4.081e-4
0.604, 3.872e-4
0.603, 3.670e-4
0.602, 3.475e-4
0.601, 3.284e-4
0.600, 3.099e-4
0.599, 2.915e-4
0.598, 2.740e-4
0.597, 2.568e-4
0.596, 2.403e-4
0.595, 2.244e-4
0.594, 2.093e-4
0.593, 1.943e-4
0.592, 1.800e-4
0.591, 1.659e-4
0.590, 1.522e-4
0.589, 1.386e-4
0.588, 1.259e-4
0.587, 1.141e-4
0.586, 1.023e-4
0.585, 9.131e-5
0.584, 7.998e-5
0.583, 6.930e-5
0.582, 5.906e-5
0.581, 4.910e-5
0.580, 4.011e-5
0.579, 3.121e-5
0.578, 2.245e-5
0.577, 1.397e-5
0.576, 6.366e-6
0.575, -1.504e-6
0.574, -9.012e-6
0.573, -1.676e-5
0.572, -2.328e-5
0.571, -2.991e-5
0.570, -3.633e-5
0.569, -4.246e-5
0.568, -4.811e-5
0.567, -5.414e-5
0.566, -5.903e-5
0.565, -6.456e-5
0.564, -6.961e-5
0.563, -7.441e-5
0.562, -7.924e-5
0.561, -8.352e-5
0.560, -8.737e-5
0.559, -9.147e-5
0.558, -9.533e-5
0.557, -9.928e-5
0.556, -1.031e-4
0.555, -1.064e-4
0.554, -1.099e-4
0.553, -1.131e-4
0.552, -1.163e-4
0.551, -1.190e-4
0.550, -1.210e-4
0.549, -1.245e-4
0.548, -1.272e-4
0.547, -1.297e-4
0.546, -1.323e-4
0.545, -1.350e-4
0.544, -1.375e-4
0.543, -1.401e-4
0.542, -1.422e-4
0.541, -1.441e-4
0.540, -1.463e-4
0.539, -1.486e-4
0.538, -1.509e-4
0.537, -1.531e-4
0.536, -1.547e-4
0.535, -1.566e-4
0.534, -1.581e-4
0.533, -1.601e-4
0.532, -1.618e-4
0.531, -1.636e-4
0.530, -1.654e-4
0.529, -1.672e-4
0.528, -1.684e-4
0.527, -1.699e-4
0.526, -1.714e-4
0.525, -1.726e-4
0.524, -1.738e-4
0.523, -1.757e-4
0.522, -1.770e-4
0.521, -1.784e-4
0.520, -1.803e-4
0.519, -1.818e-4
0.518, -1.831e-4
0.517, -1.849e-4
0.516, -1.865e-4
0.515, -1.873e-4
0.514, -1.891e-4
0.513, -1.906e-4
0.512, -1.935e-4
0.511, -1.958e-4
0.510, -1.959e-4
0.509, -1.971e-4
0.508, -1.981e-4
0.507, -1.994e-4
0.506, -2.009e-4
0.505, -2.023e-4
0.504, -2.037e-4
0.503, -2.053e-4
0.502, -2.065e-4
0.501, -2.082e-4
0.500, -2.102e-4
0.499, -2.113e-4
0.498, -2.131e-4
0.497, -2.150e-4
0.496, -2.164e-4
0.495, -2.181e-4
0.494, -2.200e-4
0.493, -2.218e-4
0.492, -2.234e-4
0.491, -2.253e-4
0.490, -2.270e-4
0.489, -2.291e-4
0.488, -2.313e-4
0.487, -2.338e-4
0.486, -2.363e-4
0.485, -2.384e-4
0.484, -2.405e-4
0.483, -2.424e-4
0.482, -2.446e-4
0.481, -2.472e-4
0.480, -2.495e-4
0.479, -2.523e-4
0.478, -2.548e-4
0.477, -2.579e-4
0.476, -2.609e-4
0.475, -2.636e-4
0.474, -2.663e-4
0.473, -2.689e-4
0.472, -2.724e-4
0.471, -2.758e-4
0.470, -2.795e-4
0.469, -2.835e-4
0.468, -2.874e-4
0.467, -2.912e-4
0.466, -2.955e-4
0.465, -2.997e-4
0.464, -3.040e-4
0.463, -3.090e-4
0.462, -3.137e-4
0.461, -3.189e-4
0.460, -3.243e-4
0.459, -3.295e-4
0.458, -3.356e-4
0.457, -3.414e-4
0.456, -3.478e-4
0.455, -3.538e-4
0.454, -3.605e-4
0.453, -3.676e-4
0.452, -3.749e-4
0.451, -3.821e-4
0.450, -3.901e-4
0.449, -3.975e-4
0.448, -4.053e-4
0.447, -4.138e-4
0.446, -4.236e-4
0.445, -4.333e-4
0.444, -4.430e-4
0.443, -4.533e-4
0.442, -4.641e-4
0.441, -4.748e-4
0.440, -4.860e-4
0.439, -4.979e-4
0.438, -5.104e-4
0.437, -5.227e-4
0.436, -5.357e-4
0.435, -5.491e-4
0.434, -5.630e-4
0.433, -5.769e-4
0.432, -5.904e-4
0.431, -6.053e-4
0.430, -6.200e-4
0.429, -6.353e-4
0.428, -6.511e-4
0.427, -6.664e-4
0.426, -6.826e-4
0.425, -6.990e-4
0.424, -7.149e-4
0.423, -7.316e-4
0.422, -7.472e-4
0.421, -7.639e-4
0.420, -7.811e-4
0.419, -7.978e-4
0.418, -8.148e-4
0.417, -8.317e-4
0.416, -8.493e-4
0.415, -8.666e-4
0.414, -8.836e-4
0.413, -9.008e-4
0.412, -9.179e-4
0.411, -9.352e-4
0.410, -9.500e-4
0.409, -9.580e-4
0.408, -9.762e-4
0.407, -9.944e-4
0.406, -1.012e-3
0.405, -1.031e-3
0.404, -1.049e-3
0.403, -1.068e-3
0.402, -1.086e-3
0.401, -1.105e-3
0.400, -1.124e-3
0.399, -1.143e-3
0.398, -1.162e-3
0.397, -1.182e-3
0.396, -1.201e-3
0.395, -1.221e-3
0.394, -1.241e-3
0.393, -1.261e-3
0.392, -1.281e-3
0.391, -1.301e-3
0.390, -1.321e-3
0.389, -1.342e-3
0.388, -1.361e-3
0.387, -1.381e-3
0.386, -1.401e-3
0.385, -1.421e-3
0.384, -1.441e-3
0.383, -1.460e-3
0.382, -1.479e-3
0.381, -1.497e-3
0.380, -1.515e-3
0.379, -1.532e-3
0.378, -1.549e-3
0.377, -1.564e-3
0.376, -1.579e-3
0.375, -1.592e-3
0.374, -1.604e-3
0.373, -1.616e-3
0.372, -1.626e-3
0.371, -1.633e-3
0.370, -1.639e-3
0.369, -1.643e-3
0.368, -1.645e-3
0.367, -1.645e-3
0.366, -1.642e-3
0.365, -1.636e-3
0.364, -1.628e-3
0.363, -1.615e-3
0.362, -1.599e-3
0.361, -1.580e-3
0.360, -1.557e-3
0.359, -1.529e-3
0.358, -1.498e-3
0.357, -1.463e-3
0.356, -1.424e-3
0.355, -1.380e-3
0.354, -1.333e-3
0.353, -1.283e-3
0.352, -1.229e-3
0.351, -1.173e-3
0.350, -1.115e-3
0.349, -1.056e-3
0.348, -9.966e-4
0.347, -9.377e-4
0.346, -8.796e-4
0.345, -8.230e-4
0.344, -7.686e-4
0.343, -7.172e-4
0.342, -6.683e-4
0.341, -6.229e-4
0.340, -5.813e-4
0.339, -5.425e-4
0.338, -5.068e-4
0.337, -4.741e-4
0.336, -4.442e-4
0.335, -4.169e-4
0.334, -3.925e-4
0.333, -3.703e-4
0.332, -3.499e-4
0.331, -3.307e-4
0.330, -3.136e-4
0.329, -2.977e-4
0.328, -2.832e-4
0.327, -2.700e-4
0.326, -2.578e-4
0.325, -2.464e-4
0.324, -2.360e-4
0.323, -2.260e-4
0.322, -2.173e-4
0.321, -2.090e-4
0.320, -2.009e-4
0.319, -1.937e-4
0.318, -1.871e-4
0.317, -1.806e-4
0.316, -1.748e-4
0.315, -1.693e-4
0.314, -1.644e-4
0.313, -1.592e-4
0.312, -1.544e-4
0.311, -1.499e-4
0.310, -1.456e-4
0.309, -1.420e-4
0.308, -1.382e-4
0.307, -1.347e-4
0.306, -1.310e-4
0.305, -1.277e-4
0.304, -1.244e-4
0.303, -1.215e-4
0.302, -1.187e-4
0.301, -1.162e-4
0.300, -1.136e-4
0.299, -1.108e-4
0.298, -1.083e-4
0.297, -1.059e-4
0.296, -1.038e-4
0.295, -1.017e-4
0.294, -9.963e-5
0.293, -9.757e-5
0.292, -9.565e-5
0.291, -9.379e-5
0.290, -9.217e-5
0.289, -9.044e-5
0.288, -8.871e-5
0.287, -8.702e-5
0.286, -8.543e-5
0.285, -8.384e-5
0.284, -8.239e-5
0.283, -8.101e-5
0.282, -7.976e-5
0.281, -7.849e-5
0.280, -7.704e-5
0.279, -7.582e-5
0.278, -7.448e-5
0.277, -7.326e-5
0.276, -7.212e-5
0.275, -7.099e-5
0.274, -7.003e-5
0.273, -6.911e-5
0.272, -6.820e-5
0.271, -6.732e-5
0.270, -6.642e-5
0.269, -6.547e-5
0.268, -6.458e-5
0.267, -6.355e-5
0.266, -6.258e-5
0.265, -6.154e-5
0.264, -6.074e-5
0.263, -5.978e-5
0.262, -5.897e-5
0.261, -5.813e-5
0.260, -5.749e-5
0.259, -5.677e-5
0.258, -5.605e-5
0.257, -5.531e-5
0.256, -5.464e-5
0.255, -5.398e-5
0.254, -5.346e-5
0.253, -5.272e-5
0.252, -5.202e-5
0.251, -5.137e-5
0.250, -5.077e-5
0.249, -5.006e-5
0.248, -4.949e-5
0.247, -4.886e-5
0.246, -4.826e-5
0.245, -4.774e-5
0.244, -4.730e-5
0.243, -4.662e-5
0.242, -4.610e-5
0.241, -4.573e-5
0.240, -4.516e-5
0.239, -4.474e-5
0.238, -4.438e-5
0.237, -4.387e-5
0.236, -4.346e-5
0.235, -4.310e-5
0.234, -4.267e-5
0.233, -4.218e-5
0.232, -4.177e-5
0.231, -4.141e-5
0.230, -4.103e-5
0.229, -4.055e-5
0.228, -4.008e-5
0.227, -3.973e-5
0.226, -3.930e-5
0.225, -3.899e-5
0.224, -3.843e-5
0.223, -3.816e-5
0.222, -3.775e-5
0.221, -3.736e-5
0.220, -3.703e-5
0.219, -3.665e-5
0.218, -3.626e-5
0.217, -3.591e-5
0.216, -3.552e-5
0.215, -3.524e-5
0.214, -3.494e-5
0.213, -3.459e-5
0.212, -3.426e-5
0.211, -3.397e-5
0.210, -3.373e-5
0.209, -3.341e-5
0.208, -3.309e-5
0.207, -3.285e-5
0.206, -3.260e-5
0.205, -3.227e-5
0.204, -3.199e-5
0.203, -3.175e-5
0.202, -3.152e-5
0.201, -3.127e-5
0.200, -2.884e-5
0.201, -2.440e-5
0.202, -2.269e-5
0.203, -2.156e-5
0.204, -2.053e-5
0.205, -1.981e-5
0.206, -1.908e-5
0.207, -1.845e-5
0.208, -1.781e-5
0.209, -1.720e-5
0.210, -1.669e-5
0.211, -1.614e-5
0.212, -1.559e-5
0.213, -1.522e-5
0.214, -1.463e-5
0.215, -1.409e-5
0.216, -1.371e-5
0.217, -1.319e-5
0.218, -1.283e-5
0.219, -1.252e-5
0.220, -1.204e-5
0.221, -1.173e-5
0.222, -1.136e-5
0.223, -1.098e-5
0.224, -1.063e-5
0.225, -1.032e-5
0.226, -1.007e-5
0.227, -9.744e-6
0.228, -9.500e-6
0.229, -9.227e-6
0.230, -8.856e-6
0.231, -8.602e-6
0.232, -8.358e-6
0.233, -8.065e-6
0.234, -7.889e-6
0.235, -7.577e-6
0.236, -7.303e-6
0.237, -7.108e-6
0.238, -6.864e-6
0.239, -6.503e-6
0.240, -6.376e-6
0.241, -6.151e-6
0.242, -5.927e-6
0.243, -5.683e-6
0.244, -5.468e-6
0.245, -5.243e-6
0.246, -4.980e-6
0.247, -4.755e-6
0.248, -4.491e-6
0.249, -4.374e-6
0.250, -4.120e-6
0.251, -3.906e-6
0.252, -3.700e-6
0.253, -3.486e-6
0.254, -3.232e-6
0.255, -3.017e-6
0.256, -2.831e-6
0.257, -2.626e-6
0.258, -2.392e-6
0.259, -2.285e-6
0.260, -1.943e-6
0.261, -1.670e-6
0.262, -1.562e-6
0.263, -1.289e-6
0.264, -1.113e-6
0.265, -8.885e-7
0.266, -6.346e-7
0.267, -4.491e-7
0.268, -1.465e-7
0.269, -4.882e-8
0.270, 2.050e-7
0.271, 3.906e-7
0.272, 5.761e-7
0.273, 8.104e-7
0.274, 1.015e-6
0.275, 1.318e-6
0.276, 1.465e-6
0.277, 1.689e-6
0.278, 1.963e-6
0.279, 2.168e-6
0.280, 2.441e-6
0.281, 2.607e-6
0.282, 2.851e-6
0.283, 3.037e-6
0.284, 3.271e-6
0.285, 3.534e-6
0.286, 3.740e-6
0.287, 3.964e-6
0.288, 4.150e-6
0.289, 4.384e-6
0.290, 4.657e-6
0.291, 4.892e-6
0.292, 5.097e-6
0.293, 5.331e-6
0.294, 5.556e-6
0.295, 5.809e-6
0.296, 6.063e-6
0.297, 6.356e-6
0.298, 6.620e-6
0.299, 6.835e-6
0.300, 7.215e-6
0.301, 7.303e-6
0.302, 7.665e-6
0.303, 7.957e-6
0.304, 8.270e-6
0.305, 8.563e-6
0.306, 8.797e-6
0.307, 9.295e-6
0.308, 9.510e-6
0.309, 9.715e-6
0.310, 1.002e-5
0.311, 1.037e-5
0.312, 1.068e-5
0.313, 1.099e-5
0.314, 1.134e-5
0.315, 1.168e-5
0.316, 1.198e-5
0.317, 1.229e-5
0.318, 1.260e-5
0.319, 1.294e-5
0.320, 1.320e-5
0.321, 1.362e-5
0.322, 1.388e-5
0.323, 1.427e-5
0.324, 1.461e-5
0.325, 1.492e-5
0.326, 1.522e-5
0.327, 1.560e-5
0.328, 1.599e-5
0.329, 1.637e-5
0.330, 1.670e-5
0.331, 1.701e-5
0.332, 1.742e-5
0.333, 1.782e-5
0.334, 1.821e-5
0.335, 1.858e-5
0.336, 1.896e-5
0.337, 1.935e-5
0.338, 1.972e-5
0.339, 2.022e-5
0.340, 2.063e-5
0.341, 2.117e-5
0.342, 2.159e-5
0.343, 2.199e-5
0.344, 2.243e-5
0.345, 2.290e-5
0.346, 2.325e-5
0.347, 2.377e-5
0.348, 2.430e-5
0.349, 2.478e-5
0.350, 2.524e-5
0.351, 2.577e-5
0.352, 2.619e-5
0.353, 2.663e-5
0.354, 2.709e-5
0.355, 2.758e-5
0.356, 2.804e-5
0.357, 2.856e-5
0.358, 2.906e-5
0.359, 2.957e-5
0.360, 3.005e-5
0.361, 3.054e-5
0.362, 3.101e-5
0.363, 3.159e-5
0.364, 3.212e-5
0.365, 3.275e-5
0.366, 3.328e-5
0.367, 3.393e-5
0.368, 3.447e-5
0.369, 3.519e-5
0.370, 3.575e-5
0.371, 3.625e-5
0.372, 3.695e-5
0.373, 3.756e-5
0.374, 3.818e-5
0.375, 3.876e-5
0.376, 3.945e-5
0.377, 4.008e-5
0.378, 4.068e-5
0.379, 4.137e-5
0.380, 4.204e-5
0.381, 4.261e-5
0.382, 4.348e-5
0.383, 4.418e-5
0.384, 4.506e-5
0.385, 4.588e-5
0.386, 4.655e-5
0.387, 4.731e-5
0.388, 4.827e-5
0.389, 4.898e-5
0.390, 4.982e-5
0.391, 5.066e-5
0.392, 5.144e-5
0.393, 5.233e-5
0.394, 5.309e-5
0.395, 5.395e-5
0.396, 5.502e-5
0.397, 5.581e-5
0.398, 5.686e-5
0.399, 5.805e-5
0.400, 5.907e-5
0.401, 6.022e-5
0.402, 6.126e-5
0.403, 6.247e-5
0.404, 6.358e-5
0.405, 6.467e-5
0.406, 6.584e-5
0.407, 6.706e-5
0.408, 6.829e-5
0.409, 6.955e-5
0.410, 6.842e-5
0.411, 7.124e-5
0.412, 7.336e-5
0.413, 7.512e-5
0.414, 7.687e-5
0.415, 7.851e-5
0.416, 8.041e-5
0.417, 8.251e-5
0.418, 8.486e-5
0.419, 8.724e-5
0.420, 8.952e-5
0.421, 9.184e-5
0.422, 9.445e-5
0.423, 9.736e-5
0.424, 1.006e-4
0.425, 1.040e-4
0.426, 1.077e-4
0.427, 1.120e-4
0.428, 1.162e-4
0.429, 1.209e-4
0.430, 1.260e-4
0.431, 1.316e-4
0.432, 1.382e-4
0.433, 1.449e-4
0.434, 1.523e-4
0.435, 1.613e-4
0.436, 1.705e-4
0.437, 1.804e-4
0.438, 1.917e-4
0.439, 2.036e-4
0.440, 2.170e-4
0.441, 2.315e-4
0.442, 2.473e-4
0.443, 2.651e-4
0.444, 2.841e-4
0.445, 3.046e-4
0.446, 3.269e-4
0.447, 3.511e-4
0.448, 3.770e-4
0.449, 4.050e-4
0.450, 4.350e-4
0.451, 4.673e-4
0.452, 5.018e-4
0.453, 5.380e-4
0.454, 5.768e-4
0.455, 6.177e-4
0.456, 6.613e-4
0.457, 7.071e-4
0.458, 7.546e-4
0.459, 8.048e-4
0.460, 8.568e-4
0.461, 9.105e-4
0.462, 9.656e-4
0.463, 1.022e-3
0.464, 1.080e-3
0.465, 1.138e-3
0.466, 1.196e-3
0.467, 1.256e-3
0.468, 1.315e-3
0.469, 1.375e-3
0.470, 1.433e-3
0.471, 1.491e-3
0.472, 1.549e-3
0.473, 1.606e-3
0.474, 1.660e-3
0.475, 1.714e-3
0.476, 1.766e-3
0.477, 1.816e-3
0.478, 1.865e-3
0.479, 1.912e-3
0.480, 1.957e-3
0.481, 2.001e-3
0.482, 2.042e-3
0.483, 2.081e-3
0.484, 2.117e-3
0.485, 2.151e-3
0.486, 2.183e-3
0.487, 2.213e-3
0.488, 2.239e-3
0.489, 2.263e-3
0.490, 2.284e-3
0.491, 2.303e-3
0.492, 2.318e-3
0.493, 2.330e-3
0.494, 2.339e-3
0.495, 2.344e-3
0.496, 2.346e-3
0.497, 2.344e-3
0.498, 2.337e-3
0.499, 2.326e-3
0.500, 2.312e-3
0.501, 2.294e-3
0.502, 2.271e-3
0.503, 2.243e-3
0.504, 2.212e-3
0.505, 2.177e-3
0.506, 2.136e-3
0.507, 2.093e-3
0.508, 2.044e-3
0.509, 1.993e-3
0.510, 1.938e-3
0.511, 1.880e-3
0.512, 1.823e-3
0.513, 1.763e-3
0.514, 1.701e-3
0.515, 1.638e-3
0.516, 1.575e-3
0.517, 1.513e-3
0.518, 1.451e-3
0.519, 1.391e-3
0.520, 1.331e-3
0.521, 1.272e-3
0.522, 1.215e-3
0.523, 1.160e-3
0.524, 1.106e-3
0.525, 1.053e-3
0.526, 1.002e-3
0.527, 9.535e-4
0.528, 9.061e-4
0.529, 8.604e-4
0.530, 8.167e-4
0.531, 7.753e-4
0.532, 7.363e-4
0.533, 6.993e-4
0.534, 6.646e-4
0.535, 6.318e-4
0.536, 6.019e-4
0.537, 5.743e-4
0.538, 5.487e-4
0.539, 5.247e-4
0.540, 5.029e-4
0.541, 4.826e-4
0.542, 4.648e-4
0.543, 4.485e-4
0.544, 4.331e-4
0.545, 4.190e-4
0.546, 4.062e-4
0.547, 3.952e-4
0.548, 3.850e-4
0.549, 3.753e-4
0.550, 3.674e-4
0.551, 3.593e-4
0.552, 3.528e-4
0.553, 3.466e-4
0.554, 3.409e-4
0.555, 3.361e-4
0.556, 3.321e-4
0.557, 3.280e-4
0.558, 3.249e-4
0.559, 3.223e-4
0.560, 3.200e-4
0.561, 3.181e-4
0.562, 3.165e-4
0.563, 3.156e-4
0.564, 3.151e-4
0.565, 3.142e-4
0.566, 3.141e-4
0.567, 3.142e-4
0.568, 3.147e-4
0.569, 3.158e-4
0.570, 3.168e-4
0.571, 3.185e-4
0.572, 3.203e-4
0.573, 3.221e-4
0.574, 3.246e-4
0.575, 3.276e-4
0.576, 3.302e-4
0.577, 3.338e-4
0.578, 3.380e-4
0.579, 3.426e-4
0.580, 3.472e-4
0.581, 3.521e-4
0.582, 3.581e-4
0.583, 3.635e-4
0.584, 3.700e-4
0.585, 3.764e-4
0.586, 3.832e-4
0.587, 3.911e-4
0.588, 3.993e-4
0.589, 4.081e-4
0.590, 4.170e-4
0.591, 4.260e-4
0.592, 4.361e-4
0.593, 4.467e-4
0.594, 4.572e-4
0.595, 4.688e-4
0.596, 4.811e-4
0.597, 4.933e-4
0.598, 5.063e-4
0.599, 5.196e-4
0.600, 5.341e-4
0.601, 5.488e-4
0.602, 5.635e-4
0.603, 5.795e-4
0.604, 5.961e-4
0.605, 6.130e-4
0.606, 6.308e-4
0.607, 6.494e-4
0.608, 6.681e-4
0.609, 6.878e-4
0.610, 7.078e-4
0.611, 7.290e-4
0.612, 7.503e-4
0.613, 7.726e-4
0.614, 7.953e-4
0.615, 8.172e-4
0.616, 8.417e-4
0.617, 8.667e-4
0.618, 8.918e-4
0.619, 9.177e-4
0.620, 9.446e-4
0.621, 9.718e-4
0.622, 9.992e-4
0.623, 1.027e-3
0.624, 1.056e-3
0.625, 1.086e-3
0.626, 1.116e-3
0.627, 1.147e-3
0.628, 1.178e-3
0.629, 1.210e-3
0.630, 1.242e-3
0.631, 1.275e-3
0.632, 1.309e-3
0.633, 1.343e-3
0.634, 1.378e-3
0.635, 1.413e-3
0.636, 1.449e-3
0.637, 1.486e-3
0.638, 1.523e-3
0.639, 1.560e-3
0.640, 1.599e-3
0.641, 1.638e-3
0.642, 1.677e-3
0.643, 1.717e-3
0.644, 1.756e-3
0.645, 1.796e-3
0.646, 1.838e-3
0.647, 1.879e-3
0.648, 1.921e-3
0.649, 1.964e-3
0.650, 2.006e-3
0.651, 2.050e-3
0.652, 2.094e-3
0.653, 2.137e-3
0.654, 2.182e-3
0.655, 2.226e-3
0.656, 2.271e-3
0.657, 2.317e-3
0.658, 2.363e-3
0.659, 2.410e-3
0.660, 2.457e-3
0.661, 2.504e-3
0.662, 2.552e-3
0.663, 2.599e-3
0.664, 2.648e-3
0.665, 2.696e-3
0.666, 2.745e-3
0.667, 2.794e-3
0.668, 2.844e-3
0.669, 2.894e-3
0.670, 2.944e-3
0.671, 2.994e-3
0.672, 3.045e-3
0.673, 3.096e-3
0.674, 3.148e-3
0.675, 3.200e-3
0.676, 3.251e-3
0.677, 3.304e-3
0.678, 3.356e-3
0.679, 3.408e-3
0.680, 3.461e-3
0.681, 3.515e-3
0.682, 3.568e-3
0.683, 3.622e-3
0.684, 3.676e-3
0.685, 3.730e-3
0.686, 3.785e-3
0.687, 3.840e-3
0.688, 3.895e-3
0.689, 3.951e-3
0.690, 4.006e-3
0.691, 4.062e-3
0.692, 4.118e-3
0.693, 4.174e-3
0.694, 4.230e-3
0.695, 4.286e-3
0.696, 4.343e-3
0.697, 4.400e-3
0.698, 4.457e-3
0.699, 4.514e-3
0.700, 4.571e-3
0.701, 4.629e-3
0.702, 4.687e-3
0.703, 4.745e-3
0.704, 4.803e-3
0.705, 4.861e-3
0.706, 4.919e-3
0.707, 4.978e-3
0.708, 5.037e-3
0.709, 5.096e-3
0.710, 5.156e-3
0.711, 5.215e-3
0.712, 5.274e-3
0.713, 5.334e-3
0.714, 5.394e-3
0.715, 5.454e-3
0.716, 5.514e-3
0.717, 5.577e-3
0.718, 5.638e-3
0.719, 5.699e-3
0.720, 5.760e-3
0.721, 5.820e-3
0.722, 5.881e-3
0.723, 5.942e-3
0.724, 6.003e-3
0.725, 6.064e-3
0.726, 6.126e-3
0.727, 6.187e-3
0.728, 6.249e-3
0.729, 6.311e-3
0.730, 6.372e-3
0.731, 6.434e-3
0.732, 6.496e-3
0.733, 6.558e-3
0.734, 6.621e-3
0.735, 6.684e-3
0.736, 6.747e-3
0.737, 6.810e-3
0.738, 6.872e-3
0.739, 6.935e-3
0.740, 6.998e-3
0.741, 7.061e-3
0.742, 7.125e-3
0.743, 7.189e-3
0.744, 7.252e-3
0.745, 7.316e-3
0.746, 7.380e-3
0.747, 7.443e-3
0.748, 7.507e-3
0.749, 7.571e-3
0.750, 7.635e-3
0.751, 7.699e-3
0.752, 7.763e-3
0.753, 7.828e-3
0.754, 7.892e-3
0.755, 7.957e-3
0.756, 8.020e-3
0.757, 8.085e-3
0.758, 8.150e-3
0.759, 8.215e-3
0.760, 8.280e-3
0.761, 8.345e-3
0.762, 8.410e-3
0.763, 8.475e-3
0.764, 8.540e-3
0.765, 8.606e-3
0.766, 8.671e-3
0.767, 8.736e-3
0.768, 8.802e-3
0.769, 8.868e-3
0.770, 8.934e-3
0.771, 8.999e-3
0.772, 9.065e-3
0.773, 9.130e-3
0.774, 9.197e-3
0.775, 9.263e-3
0.776, 9.329e-3
0.777, 9.395e-3
0.778, 9.461e-3
0.779, 9.528e-3
0.780, 9.594e-3
0.781, 9.659e-3
0.782, 9.726e-3
0.783, 9.793e-3
0.784, 9.859e-3
0.785, 9.926e-3
0.786, 9.993e-3
0.787, 1.006e-2
0.788, 1.013e-2
0.789, 1.019e-2
0.790, 1.026e-2
0.791, 1.033e-2
0.792, 1.040e-2
0.793, 1.046e-2
0.794, 1.053e-2
0.795, 1.060e-2
0.796, 1.066e-2
0.797, 1.073e-2
0.798, 1.080e-2
0.799, 1.087e-2
0.800, 1.091e-2
0.799, 1.087e-2
0.798, 1.080e-2
0.797, 1.073e-2
0.796, 1.066e-2
0.795, 1.059e-2
0.794, 1.052e-2
0.793, 1.045e-2
0.792, 1.038e-2
0.791, 1.031e-2
0.790, 1.025e-2
0.789, 1.018e-2
0.788, 1.011e-2
0.787, 1.004e-2
0.786, 9.973e-3
0.785, 9.905e-3
0.784, 9.837e-3
0.783, 9.769e-3
0.782, 9.701e-3
0.781, 9.633e-3
0.780, 9.566e-3
0.779, 9.499e-3
0.778, 9.431e-3
0.777, 9.364e-3
0.776, 9.296e-3
0.775, 9.229e-3
0.774, 9.162e-3
0.773, 9.095e-3
0.772, 9.028e-3
0.771, 8.961e-3
0.770, 8.894e-3
0.769, 8.828e-3
0.768, 8.761e-3
0.767, 8.694e-3
0.766, 8.628e-3
0.765, 8.561e-3
0.764, 8.495e-3
0.763, 8.429e-3
0.762, 8.362e-3
0.761, 8.296e-3
0.760, 8.230e-3
0.759, 8.164e-3
0.758, 8.098e-3
0.757, 8.033e-3
0.756, 7.968e-3
0.755, 7.903e-3
0.754, 7.838e-3
0.753, 7.772e-3
0.752, 7.707e-3
0.751, 7.642e-3
0.750, 7.577e-3
0.749, 7.512e-3
0.748, 7.448e-3
0.747, 7.384e-3
0.746, 7.319e-3
0.745, 7.255e-3
0.744, 7.191e-3
0.743, 7.127e-3
0.742, 7.062e-3
0.741, 6.998e-3
0.740, 6.934e-3
0.739, 6.870e-3
0.738, 6.807e-3
0.737, 6.743e-3
0.736, 6.680e-3
0.735, 6.616e-3
0.734, 6.553e-3
0.733, 6.490e-3
0.732, 6.428e-3
0.731, 6.365e-3
0.730, 6.303e-3
0.729, 6.240e-3
0.728, 6.178e-3
0.727, 6.116e-3
0.726, 6.054e-3
0.725, 5.992e-3
0.724, 5.930e-3
0.723, 5.869e-3
0.722, 5.808e-3
0.721, 5.746e-3
0.720, 5.685e-3
0.719, 5.624e-3
0.718, 5.564e-3
0.717, 5.501e-3
0.716, 5.439e-3
0.715, 5.378e-3
0.714, 5.317e-3
0.713, 5.258e-3
0.712, 5.197e-3
0.711, 5.137e-3
0.710, 5.078e-3
0.709, 5.018e-3
0.708, 4.959e-3
0.707, 4.900e-3
0.706, 4.841e-3
0.705, 4.783e-3
0.704, 4.724e-3
0.703, 4.666e-3
0.702, 4.608e-3
0.701, 4.549e-3
0.700, 4.492e-3
0.699, 4.434e-3
0.698, 4.376e-3
0.697, 4.319e-3
0.696, 4.263e-3
0.695, 4.206e-3
0.694, 4.149e-3
0.693, 4.093e-3
0.692, 4.037e-3
0.691, 3.980e-3
0.690, 3.924e-3
0.689, 3.868e-3
0.688, 3.813e-3
0.687, 3.758e-3
0.686, 3.703e-3
0.685, 3.648e-3
0.684, 3.593e-3
0.683, 3.539e-3
0.682, 3.485e-3
0.681, 3.431e-3
0.680, 3.378e-3
0.679, 3.325e-3
0.678, 3.272e-3
0.677, 3.220e-3
0.676, 3.167e-3
0.675, 3.115e-3
0.674, 3.062e-3
0.673, 3.011e-3
0.672, 2.959e-3
0.671, 2.908e-3
0.670, 2.857e-3
0.669, 2.807e-3
0.668, 2.757e-3
0.667, 2.707e-3
0.666, 2.658e-3
0.665, 2.608e-3
0.664, 2.559e-3
0.663, 2.511e-3
0.662, 2.462e-3
0.661, 2.415e-3
0.660, 2.367e-3
0.659, 2.319e-3
0.658, 2.272e-3
0.657, 2.225e-3
0.656, 2.179e-3
0.655, 2.133e-3
0.654, 2.088e-3
0.653, 2.043e-3
0.652, 1.998e-3
0.651, 1.954e-3
0.650, 1.909e-3
0.649, 1.865e-3
0.648, 1.822e-3
0.647, 1.779e-3
0.646, 1.737e-3
0.645, 1.695e-3
0.644, 1.653e-3
0.643, 1.612e-3
0.642, 1.571e-3
0.641, 1.531e-3
0.640, 1.490e-3
0.639, 1.451e-3
0.638, 1.412e-3
0.637, 1.374e-3
0.636, 1.336e-3
0.635, 1.298e-3
0.634, 1.261e-3
0.633, 1.224e-3
0.632, 1.188e-3
0.631, 1.153e-3
0.630, 1.118e-3
0.629, 1.083e-3
0.628, 1.049e-3
0.627, 1.016e-3
0.626, 9.832e-4
0.625, 9.508e-4
0.624, 9.188e-4
0.623, 8.872e-4
0.622, 8.561e-4
0.621, 8.256e-4
0.620, 7.957e-4
0.619, 7.663e-4
0.618, 7.373e-4
0.617, 7.092e-4
0.616, 6.815e-4
0.615, 6.546e-4
0.614, 6.295e-4
0.613, 6.029e-4
0.612, 5.774e-4
0.611, 5.529e-4
0.610, 5.283e-4
0.609, 5.044e-4
0.608, 4.810e-4
0.607, 4.584e-4
0.606, 4.363e-4
0.605, 4.142e-4
0.604, 3.933e-4
0.603, 3.727e-4
0.602, 3.532e-4
0.601, 3.345e-4
0.600, 3.151e-4
0.599, 2.966e-4
0.598, 2.788e-4
0.597, 2.616e-4
0.596, 2.450e-4
0.595, 2.287e-4
0.594, 2.131e-4
0.593, 1.980e-4
0.592, 1.832e-4
0.591, 1.692e-4
0.590, 1.555e-4
0.589, 1.420e-4
0.588, 1.287e-4
0.587, 1.169e-4
0.586, 1.046e-4
0.585, 9.314e-5
0.584, 8.199e-5
0.583, 7.164e-5
0.582, 6.136e-5
0.581, 5.119e-5
0.580, 4.148e-5
0.579, 3.245e-5
0.578, 2.368e-5
0.577, 1.529e-5
0.576, 7.352e-6
0.575, -6.542e-7
0.574, -8.270e-6
0.573, -1.571e-5
0.572, -2.248e-5
0.571, -2.908e-5
0.570, -3.563e-5
0.569, -4.198e-5
0.568, -4.775e-5
0.567, -5.393e-5
0.566, -5.907e-5
0.565, -6.483e-5
0.564, -6.961e-5
0.563, -7.462e-5
0.562, -7.935e-5
0.561, -8.373e-5
0.560, -8.816e-5
0.559, -9.209e-5
0.558, -9.579e-5
0.557, -9.965e-5
0.556, -1.037e-4
0.555, -1.070e-4
0.554, -1.104e-4
0.553, -1.140e-4
0.552, -1.173e-4
0.551, -1.198e-4
0.550, -1.219e-4
0.549, -1.251e-4
0.548, -1.281e-4
0.547, -1.305e-4
0.546, -1.330e-4
0.545, -1.357e-4
0.544, -1.384e-4
0.543, -1.414e-4
0.542, -1.433e-4
0.541, -1.452e-4
0.540, -1.474e-4
0.539, -1.496e-4
0.538, -1.520e-4
0.537, -1.543e-4
0.536, -1.558e-4
0.535, -1.577e-4
0.534, -1.593e-4
0.533, -1.613e-4
0.532, -1.631e-4
0.531, -1.649e-4
0.530, -1.665e-4
0.529, -1.681e-4
0.528, -1.694e-4
0.527, -1.710e-4
0.526, -1.727e-4
0.525, -1.742e-4
0.524, -1.750e-4
0.523, -1.769e-4
0.522, -1.786e-4
0.521, -1.799e-4
0.520, -1.816e-4
0.519, -1.831e-4
0.518, -1.845e-4
0.517, -1.862e-4
0.516, -1.876e-4
0.515, -1.887e-4
0.514, -1.903e-4
0.513, -1.917e-4
0.512, -1.951e-4
0.511, -1.971e-4
0.510, -1.974e-4
0.509, -1.986e-4
0.508, -1.996e-4
0.507, -2.009e-4
0.506, -2.024e-4
0.505, -2.039e-4
0.504, -2.053e-4
0.503, -2.067e-4
0.502, -2.082e-4
0.501, -2.100e-4
0.500, -2.116e-4
0.499, -2.128e-4
0.498, -2.146e-4
0.497, -2.162e-4
0.496, -2.175e-4
0.495, -2.194e-4
0.494, -2.210e-4
0.493, -2.230e-4
0.492, -2.249e-4
0.491, -2.268e-4
0.490, -2.285e-4
0.489, -2.304e-4
0.488, -2.330e-4
0.487, -2.352e-4
0.486, -2.373e-4
0.485, -2.391e-4
0.484, -2.417e-4
0.483, -2.436e-4
0.482, -2.462e-4
0.481, -2.486e-4
0.480, -2.509e-4
0.479, -2.535e-4
0.478, -2.560e-4
0.477, -2.593e-4
0.476, -2.621e-4
0.475, -2.647e-4
0.474, -2.675e-4
0.473, -2.701e-4
0.472, -2.740e-4
0.471, -2.773e-4
0.470, -2.806e-4
0.469, -2.846e-4
0.468, -2.884e-4
0.467, -2.926e-4
0.466, -2.972e-4
0.465, -3.011e-4
0.464, -3.055e-4
0.463, -3.107e-4
0.462, -3.149e-4
0.461, -3.202e-4
0.460, -3.260e-4
0.459, -3.310e-4
0.458, -3.369e-4
0.457, -3.424e-4
0.456, -3.488e-4
0.455, -3.557e-4
0.454, -3.622e-4
0.453, -3.693e-4
0.452, -3.766e-4
0.451, -3.843e-4
0.450, -3.917e-4
0.449, -3.992e-4
0.448, -4.075e-4
0.447, -4.162e-4
0.446, -4.257e-4
0.445, -4.356e-4
0.444, -4.455e-4
0.443, -4.556e-4
0.442, -4.664e-4
0.441, -4.775e-4
0.440, -4.889e-4
0.439, -5.012e-4
0.438, -5.132e-4
0.437, -5.256e-4
0.436, -5.386e-4
0.435, -5.526e-4
0.434, -5.667e-4
0.433, -5.806e-4
0.432, -5.947e-4
0.431, -6.093e-4
0.430, -6.243e-4
0.429, -6.399e-4
0.428, -6.556e-4
0.427, -6.709e-4
0.426, -6.871e-4
0.425, -7.039e-4
0.424, -7.201e-4
0.423, -7.366e-4
0.422, -7.531e-4
0.421, -7.700e-4
0.420, -7.875e-4
0.419, -8.043e-4
0.418, -8.212e-4
0.417, -8.386e-4
0.416, -8.558e-4
0.415, -8.735e-4
0.414, -8.912e-4
0.413, -9.083e-4
0.412, -9.256e-4
0.411, -9.430e-4
0.410, -9.583e-4
0.409, -9.665e-4
0.408, -9.850e-4
0.407, -1.003e-3
0.406, -1.022e-3
0.405, -1.040e-3
0.404, -1.059e-3
0.403, -1.078e-3
0.402, -1.097e-3
0.401, -1.116e-3
0.400, -1.136e-3
0.399, -1.155e-3
0.398, -1.175e-3
0.397, -1.194e-3
0.396, -1.214e-3
0.395, -1.234e-3
0.394, -1.254e-3
0.393, -1.274e-3
0.392, -1.295e-3
0.391, -1.315e-3
0.390, -1.336e-3
0.389, -1.356e-3
0.388, -1.376e-3
0.387, -1.397e-3
0.386, -1.417e-3
0.385, -1.437e-3
0.384, -1.458e-3
0.383, -1.478e-3
0.382, -1.496e-3
0.381, -1.516e-3
0.380, -1.534e-3
0.379, -1.551e-3
0.378, -1.568e-3
0.377, -1.585e-3
0.376, -1.600e-3
0.375, -1.615e-3
0.374, -1.628e-3
0.373, -1.640e-3
0.372, -1.650e-3
0.371, -1.658e-3
0.370, -1.666e-3
0.369, -1.671e-3
0.368, -1.674e-3
0.367, -1.674e-3
0.366, -1.672e-3
0.365, -1.668e-3
0.364, -1.660e-3
0.363, -1.649e-3
0.362, -1.634e-3
0.361, -1.616e-3
0.360, -1.594e-3
0.359, -1.568e-3
0.358, -1.538e-3
0.357, -1.503e-3
0.356, -1.464e-3
0.355, -1.422e-3
0.354, -1.375e-3
0.353, -1.325e-3
0.352, -1.271e-3
0.351, -1.215e-3
0.350, -1.155e-3
0.349, -1.095e-3
0.348, -1.034e-3
0.347, -9.730e-4
0.346, -9.127e-4
0.345, -8.535e-4
0.344, -7.972e-4
0.343, -7.431e-4
0.342, -6.922e-4
0.341, -6.446e-4
0.340, -6.001e-4
0.339, -5.597e-4
0.338, -5.222e-4
0.337, -4.878e-4
0.336, -4.563e-4
0.335, -4.279e-4
0.334, -4.019e-4
0.333, -3.792e-4
0.332, -3.577e-4
0.331, -3.379e-4
0.330, -3.200e-4
0.329, -3.037e-4
0.328, -2.886e-4
0.327, -2.748e-4
0.326, -2.623e-4
0.325, -2.505e-4
0.324, -2.399e-4
0.323, -2.297e-4
0.322, -2.206e-4
0.321, -2.122e-4
0.320, -2.038e-4
0.319, -1.965e-4
0.318, -1.898e-4
0.317, -1.834e-4
0.316, -1.773e-4
0.315, -1.717e-4
0.314, -1.666e-4
0.313, -1.614e-4
0.312, -1.565e-4
0.311, -1.521e-4
0.310, -1.477e-4
0.309, -1.437e-4
0.308, -1.401e-4
0.307, -1.366e-4
0.306, -1.328e-4
0.305, -1.294e-4
0.304, -1.261e-4
0.303, -1.231e-4
0.302, -1.202e-4
0.301, -1.177e-4
0.300, -1.153e-4
0.299, -1.126e-4
0.298, -1.098e-4
0.297, -1.074e-4
0.296, -1.051e-4
0.295, -1.030e-4
0.294, -1.009e-4
0.293, -9.900e-5
0.292, -9.696e-5
0.291, -9.505e-5
0.290, -9.334e-5
0.289, -9.161e-5
0.288, -9.002e-5
0.287, -8.844e-5
0.286, -8.664e-5
0.285, -8.502e-5
0.284, -8.342e-5
0.283, -8.204e-5
0.282, -8.073e-5
0.281, -7.949e-5
0.280, -7.813e-5
0.279, -7.690e-5
0.278, -7.563e-5
0.277, -7.440e-5
0.276, -7.321e-5
0.275, -7.204e-5
0.274, -7.093e-5
0.273, -6.999e-5
0.272, -6.900e-5
0.271, -6.821e-5
0.270, -6.731e-5
0.269, -6.641e-5
0.268, -6.553e-5
0.267, -6.467e-5
0.266, -6.369e-5
0.265, -6.271e-5
0.264, -6.178e-5
0.263, -6.074e-5
0.262, -5.989e-5
0.261, -5.919e-5
0.260, -5.835e-5
0.259, -5.758e-5
0.258, -5.683e-5
0.257, -5.622e-5
0.256, -5.552e-5
0.255, -5.486e-5
0.254, -5.417e-5
0.253, -5.350e-5
0.252, -5.285e-5
0.251, -5.221e-5
0.250, -5.162e-5
0.249, -5.102e-5
0.248, -5.031e-5
0.247, -4.978e-5
0.246, -4.904e-5
0.245, -4.855e-5
0.244, -4.797e-5
0.243, -4.741e-5
0.242, -4.691e-5
0.241, -4.650e-5
0.240, -4.599e-5
0.239, -4.552e-5
0.238, -4.501e-5
0.237, -4.455e-5
0.236, -4.420e-5
0.235, -4.369e-5
0.234, -4.323e-5
0.233, -4.286e-5
0.232, -4.248e-5
0.231, -4.209e-5
0.230, -4.169e-5
0.229, -4.131e-5
0.228, -4.083e-5
0.227, -4.039e-5
0.226, -3.997e-5
0.225, -3.963e-5
0.224, -3.918e-5
0.223, -3.881e-5
0.222, -3.848e-5
0.221, -3.802e-5
0.220, -3.764e-5
0.219, -3.722e-5
0.218, -3.683e-5
0.217, -3.657e-5
0.216, -3.630e-5
0.215, -3.584e-5
0.214, -3.562e-5
0.213, -3.531e-5
0.212, -3.496e-5
0.211, -3.457e-5
0.210, -3.435e-5
0.209, -3.405e-5
0.208, -3.369e-5
0.207, -3.340e-5
0.206, -3.311e-5
0.205, -3.275e-5
0.204, -3.253e-5
0.203, -3.233e-5
0.202, -3.204e-5
0.201, -3.181e-5
0.200, -2.938e-5
0.201, -2.494e-5
0.202, -2.312e-5
0.203, -2.184e-5
0.204, -2.089e-5
0.205, -2.025e-5
0.206, -1.945e-5
0.207, -1.880e-5
0.208, -1.817e-5
0.209, -1.773e-5
0.210, -1.712e-5
0.211, -1.658e-5
0.212, -1.606e-5
0.213, -1.557e-5
0.214, -1.513e-5
0.215, -1.464e-5
0.216, -1.417e-5
0.217, -1.361e-5
0.218, -1.343e-5
0.219, -1.287e-5
0.220, -1.247e-5
0.221, -1.220e-5
0.222, -1.178e-5
0.223, -1.140e-5
0.224, -1.110e-5
0.225, -1.076e-5
0.226, -1.046e-5
0.227, -1.015e-5
0.228, -9.822e-6
0.229, -9.588e-6
0.230, -9.315e-6
0.231, -9.032e-6
0.232, -8.778e-6
0.233, -8.475e-6
0.234, -8.231e-6
0.235, -7.918e-6
0.236, -7.655e-6
0.237, -7.430e-6
0.238, -7.235e-6
0.239, -7.001e-6
0.240, -6.766e-6
0.241, -6.493e-6
0.242, -6.268e-6
0.243, -6.093e-6
0.244, -5.829e-6
0.245, -5.604e-6
0.246, -5.341e-6
0.247, -5.146e-6
0.248, -4.911e-6
0.249, -4.609e-6
0.250, -4.374e-6
0.251, -4.198e-6
0.252, -3.984e-6
0.253, -3.847e-6
0.254, -3.554e-6
0.255, -3.359e-6
0.256, -3.173e-6
0.257, -2.900e-6
0.258, -2.705e-6
0.259, -2.460e-6
0.260, -2.197e-6
0.261, -2.041e-6
0.262, -1.797e-6
0.263, -1.523e-6
0.264, -1.377e-6
0.265, -1.152e-6
0.266, -9.764e-7
0.267, -7.420e-7
0.268, -5.175e-7
0.269, -3.613e-7
0.270, -1.074e-7
0.271, 2.050e-7
0.272, 2.831e-7
0.273, 5.858e-7
0.274, 7.909e-7
0.275, 1.006e-6
0.276, 1.211e-6
0.277, 1.377e-6
0.278, 1.601e-6
0.279, 1.884e-6
0.280, 2.119e-6
0.281, 2.363e-6
0.282, 2.578e-6
0.283, 2.822e-6
0.284, 3.027e-6
0.285, 3.163e-6
0.286, 3.447e-6
0.287, 3.671e-6
0.288, 3.915e-6
0.289, 4.189e-6
0.290, 4.433e-6
0.291, 4.599e-6
0.292, 4.892e-6
0.293, 5.146e-6
0.294, 5.458e-6
0.295, 5.536e-6
0.296, 5.819e-6
0.297, 6.073e-6
0.298, 6.366e-6
0.299, 6.649e-6
0.300, 6.981e-6
0.301, 7.137e-6
0.302, 7.528e-6
0.303, 7.811e-6
0.304, 7.977e-6
0.305, 8.280e-6
0.306, 8.524e-6
0.307, 9.041e-6
0.308, 9.363e-6
0.309, 9.578e-6
0.310, 9.803e-6
0.311, 1.012e-5
0.312, 1.044e-5
0.313, 1.079e-5
0.314, 1.109e-5
0.315, 1.146e-5
0.316, 1.170e-5
0.317, 1.210e-5
0.318, 1.236e-5
0.319, 1.275e-5
0.320, 1.303e-5
0.321, 1.347e-5
0.322, 1.371e-5
0.323, 1.405e-5
0.324, 1.438e-5
0.325, 1.467e-5
0.326, 1.509e-5
0.327, 1.549e-5
0.328, 1.583e-5
0.329, 1.621e-5
0.330, 1.658e-5
0.331, 1.695e-5
0.332, 1.733e-5
0.333, 1.765e-5
0.334, 1.806e-5
0.335, 1.850e-5
0.336, 1.881e-5
0.337, 1.926e-5
0.338, 1.969e-5
0.339, 2.013e-5
0.340, 2.057e-5
0.341, 2.095e-5
0.342, 2.137e-5
0.343, 2.186e-5
0.344, 2.231e-5
0.345, 2.276e-5
0.346, 2.310e-5
0.347, 2.373e-5
0.348, 2.423e-5
0.349, 2.467e-5
0.350, 2.510e-5
0.351, 2.562e-5
0.352, 2.617e-5
0.353, 2.662e-5
0.354, 2.708e-5
0.355, 2.753e-5
0.356, 2.805e-5
0.357, 2.848e-5
0.358, 2.897e-5
0.359, 2.951e-5
0.360, 2.999e-5
0.361, 3.049e-5
0.362, 3.096e-5
0.363, 3.161e-5
0.364, 3.211e-5
0.365, 3.274e-5
0.366, 3.333e-5
0.367, 3.399e-5
0.368, 3.459e-5
0.369, 3.531e-5
0.370, 3.581e-5
0.371, 3.642e-5
0.372, 3.690e-5
0.373, 3.762e-5
0.374, 3.823e-5
0.375, 3.884e-5
0.376, 3.947e-5
0.377, 4.014e-5
0.378, 4.077e-5
0.379, 4.149e-5
0.380, 4.220e-5
0.381, 4.289e-5
0.382, 4.357e-5
0.383, 4.440e-5
0.384, 4.514e-5
0.385, 4.605e-5
0.386, 4.674e-5
0.387, 4.762e-5
0.388, 4.846e-5
0.389, 4.918e-5
0.390, 5.007e-5
0.391, 5.083e-5
0.392, 5.170e-5
0.393, 5.261e-5
0.394, 5.330e-5
0.395, 5.429e-5
0.396, 5.527e-5
0.397, 5.605e-5
0.398, 5.720e-5
0.399, 5.833e-5
0.400, 5.932e-5
0.401, 6.055e-5
0.402, 6.162e-5
0.403, 6.274e-5
0.404, 6.389e-5
0.405, 6.495e-5
0.406, 6.619e-5
0.407, 6.736e-5
0.408, 6.887e-5
0.409, 6.999e-5
0.410, 6.889e-5
0.411, 7.171e-5
0.412, 7.393e-5
0.413, 7.559e-5
0.414, 7.729e-5
0.415, 7.902e-5
0.416, 8.101e-5
0.417, 8.334e-5
0.418, 8.558e-5
0.419, 8.784e-5
0.420, 9.020e-5
0.421, 9.272e-5
0.422, 9.543e-5
0.423, 9.827e-5
0.424, 1.015e-4
0.425, 1.051e-4
0.426, 1.088e-4
0.427, 1.130e-4
0.428, 1.172e-4
0.429, 1.221e-4
0.430, 1.272e-4
0.431, 1.330e-4
0.432, 1.396e-4
0.433, 1.467e-4
0.434, 1.544e-4
0.435, 1.633e-4
0.436, 1.726e-4
0.437, 1.828e-4
0.438, 1.942e-4
0.439, 2.065e-4
0.440, 2.201e-4
0.441, 2.350e-4
0.442, 2.513e-4
0.443, 2.693e-4
0.444, 2.888e-4
0.445, 3.099e-4
0.446, 3.326e-4
0.447, 3.572e-4
0.448, 3.834e-4
0.449, 4.119e-4
0.450, 4.428e-4
0.451, 4.753e-4
0.452, 5.103e-4
0.453, 5.472e-4
0.454, 5.868e-4
0.455, 6.281e-4
0.456, 6.719e-4
0.457, 7.182e-4
0.458, 7.666e-4
0.459, 8.172e-4
0.460, 8.698e-4
0.461, 9.240e-4
0.462, 9.794e-4
0.463, 1.036e-3
0.464, 1.094e-3
0.465, 1.153e-3
0.466, 1.212e-3
0.467, 1.271e-3
0.468, 1.331e-3
0.469, 1.391e-3
0.470, 1.450e-3
0.471, 1.508e-3
0.472, 1.566e-3
0.473, 1.623e-3
0.474, 1.677e-3
0.475, 1.731e-3
0.476, 1.784e-3
0.477, 1.835e-3
0.478, 1.884e-3
0.479, 1.932e-3
0.480, 1.977e-3
0.481, 2.021e-3
0.482, 2.062e-3
0.483, 2.102e-3
0.484, 2.139e-3
0.485, 2.173e-3
0.486, 2.206e-3
0.487, 2.237e-3
0.488, 2.264e-3
0.489, 2.289e-3
0.490, 2.311e-3
0.491, 2.330e-3
0.492, 2.346e-3
0.493, 2.359e-3
0.494, 2.369e-3
0.495, 2.375e-3
0.496, 2.378e-3
0.497, 2.376e-3
0.498, 2.372e-3
0.499, 2.363e-3
0.500, 2.348e-3
0.501, 2.331e-3
0.502, 2.309e-3
0.503, 2.283e-3
0.504, 2.252e-3
0.505, 2.217e-3
0.506, 2.178e-3
0.507, 2.134e-3
0.508, 2.087e-3
0.509, 2.035e-3
0.510, 1.980e-3
0.511, 1.923e-3
0.512, 1.864e-3
0.513, 1.804e-3
0.514, 1.741e-3
0.515, 1.677e-3
0.516, 1.613e-3
0.517, 1.549e-3
0.518, 1.486e-3
0.519, 1.423e-3
0.520, 1.362e-3
0.521, 1.302e-3
0.522, 1.243e-3
0.523, 1.186e-3
0.524, 1.131e-3
0.525, 1.076e-3
0.526, 1.023e-3
0.527, 9.730e-4
0.528, 9.239e-4
0.529, 8.767e-4
0.530, 8.313e-4
0.531, 7.887e-4
0.532, 7.480e-4
0.533, 7.098e-4
0.534, 6.738e-4
0.535, 6.403e-4
0.536, 6.092e-4
0.537, 5.803e-4
0.538, 5.542e-4
0.539, 5.298e-4
0.540, 5.074e-4
0.541, 4.864e-4
0.542, 4.673e-4
0.543, 4.505e-4
0.544, 4.352e-4
0.545, 4.211e-4
0.546, 4.082e-4
0.547, 3.967e-4
0.548, 3.864e-4
0.549, 3.767e-4
0.550, 3.684e-4
0.551, 3.600e-4
0.552, 3.536e-4
0.553, 3.479e-4
0.554, 3.422e-4
0.555, 3.371e-4
0.556, 3.330e-4
0.557, 3.291e-4
0.558, 3.259e-4
0.559, 3.230e-4
0.560, 3.209e-4
0.561, 3.193e-4
0.562, 3.178e-4
0.563, 3.167e-4
0.564, 3.159e-4
0.565, 3.154e-4
0.566, 3.155e-4
0.567, 3.154e-4
0.568, 3.162e-4
0.569, 3.171e-4
0.570, 3.184e-4
0.571, 3.201e-4
0.572, 3.218e-4
0.573, 3.234e-4
0.574, 3.260e-4
0.575, 3.291e-4
0.576, 3.325e-4
0.577, 3.360e-4
0.578, 3.402e-4
0.579, 3.446e-4
0.580, 3.494e-4
0.581, 3.546e-4
0.582, 3.604e-4
0.583, 3.665e-4
0.584, 3.721e-4
0.585, 3.791e-4
0.586, 3.863e-4
0.587, 3.945e-4
0.588, 4.030e-4
0.589, 4.116e-4
0.590, 4.205e-4
0.591, 4.301e-4
0.592, 4.399e-4
0.593, 4.505e-4
0.594, 4.616e-4
0.595, 4.732e-4
0.596, 4.856e-4
0.597, 4.981e-4
0.598, 5.114e-4
0.599, 5.249e-4
0.600, 5.394e-4
0.601, 5.545e-4
0.602, 5.692e-4
0.603, 5.854e-4
0.604, 6.023e-4
0.605, 6.192e-4
0.606, 6.377e-4
0.607, 6.564e-4
0.608, 6.754e-4
0.609, 6.953e-4
0.610, 7.157e-4
0.611, 7.368e-4
0.612, 7.585e-4
0.613, 7.809e-4
0.614, 8.039e-4
0.615, 8.260e-4
0.616, 8.507e-4
0.617, 8.759e-4
0.618, 9.013e-4
0.619, 9.277e-4
0.620, 9.545e-4
0.621, 9.818e-4
0.622, 1.010e-3
0.623, 1.038e-3
0.624, 1.068e-3
0.625, 1.097e-3
0.626, 1.128e-3
0.627, 1.159e-3
0.628, 1.190e-3
0.629, 1.222e-3
0.630, 1.255e-3
0.631, 1.288e-3
0.632, 1.323e-3
0.633, 1.357e-3
0.634, 1.392e-3
0.635, 1.428e-3
0.636, 1.464e-3
0.637, 1.500e-3
0.638, 1.538e-3
0.639, 1.576e-3
0.640, 1.614e-3
0.641, 1.653e-3
0.642, 1.693e-3
0.643, 1.732e-3
0.644, 1.772e-3
0.645, 1.813e-3
0.646, 1.855e-3
0.647, 1.896e-3
0.648, 1.938e-3
0.649, 1.981e-3
0.650, 2.024e-3
0.651, 2.068e-3
0.652, 2.112e-3
0.653, 2.155e-3
0.654, 2.200e-3
0.655, 2.245e-3
0.656, 2.291e-3
0.657, 2.337e-3
0.658, 2.383e-3
0.659, 2.430e-3
0.660, 2.477e-3
0.661, 2.524e-3
0.662, 2.572e-3
0.663, 2.620e-3
0.664, 2.668e-3
0.665, 2.717e-3
0.666, 2.766e-3
0.667, 2.816e-3
0.668, 2.866e-3
0.669, 2.915e-3
0.670, 2.966e-3
0.671, 3.016e-3
0.672, 3.068e-3
0.673, 3.119e-3
0.674, 3.171e-3
0.675, 3.223e-3
0.676, 3.275e-3
0.677, 3.327e-3
0.678, 3.379e-3
0.679, 3.432e-3
0.680, 3.485e-3
0.681, 3.539e-3
0.682, 3.593e-3
0.683, 3.647e-3
0.684, 3.701e-3
0.685, 3.755e-3
0.686, 3.810e-3
0.687, 3.865e-3
0.688, 3.920e-3
0.689, 3.976e-3
0.690, 4.032e-3
0.691, 4.087e-3
0.692, 4.144e-3
0.693, 4.200e-3
0.694, 4.257e-3
0.695, 4.313e-3
0.696, 4.370e-3
0.697, 4.427e-3
0.698, 4.484e-3
0.699, 4.542e-3
0.700, 4.599e-3
0.701, 4.657e-3
0.702, 4.715e-3
0.703, 4.773e-3
0.704, 4.831e-3
0.705, 4.889e-3
0.706, 4.948e-3
0.707, 5.007e-3
0.708, 5.066e-3
0.709, 5.125e-3
0.710, 5.185e-3
0.711, 5.244e-3
0.712, 5.304e-3
0.713, 5.364e-3
0.714, 5.423e-3
0.715, 5.483e-3
0.716, 5.544e-3
0.717, 5.607e-3
0.718, 5.668e-3
0.719, 5.729e-3
0.720, 5.789e-3
0.721, 5.850e-3
0.722, 5.911e-3
0.723, 5.972e-3
0.724, 6.034e-3
0.725, 6.095e-3
0.726, 6.156e-3
0.727, 6.218e-3
0.728, 6.280e-3
0.729, 6.342e-3
0.730, 6.404e-3
0.731, 6.466e-3
0.732, 6.528e-3
0.733, 6.590e-3
0.734, 6.653e-3
0.735, 6.716e-3
0.736, 6.779e-3
0.737, 6.842e-3
0.738, 6.905e-3
0.739, 6.968e-3
0.740, 7.031e-3
0.741, 7.095e-3
0.742, 7.158e-3
0.743, 7.222e-3
0.744, 7.286e-3
0.745, 7.350e-3
0.746, 7.413e-3
0.747, 7.477e-3
0.748, 7.541e-3
0.749, 7.605e-3
0.750, 7.669e-3
0.751, 7.734e-3
0.752, 7.798e-3
0.753, 7.863e-3
0.754, 7.927e-3
0.755, 7.992e-3
0.756, 8.056e-3
0.757, 8.120e-3
0.758, 8.186e-3
0.759, 8.250e-3
0.760, 8.315e-3
0.761, 8.381e-3
0.762, 8.446e-3
0.763, 8.511e-3
0.764, 8.576e-3
0.765, 8.642e-3
0.766, 8.707e-3
0.767, 8.773e-3
0.768, 8.839e-3
0.769, 8.905e-3
0.770, 8.970e-3
0.771, 9.036e-3
0.772, 9.102e-3
0.773, 9.168e-3
0.774, 9.234e-3
0.775, 9.300e-3
0.776, 9.366e-3
0.777, 9.433e-3
0.778, 9.499e-3
0.779, 9.566e-3
0.780, 9.632e-3
0.781, 9.698e-3
0.782, 9.764e-3
0.783, 9.831e-3
0.784, 9.898e-3
0.785, 9.965e-3
0.786, 1.003e-2
0.787, 1.010e-2
0.788, 1.017e-2
0.789, 1.023e-2
0.790, 1.030e-2
0.791, 1.037e-2
0.792, 1.043e-2
0.793, 1.050e-2
0.794, 1.057e-2
0.795, 1.064e-2
0.796, 1.070e-2
0.797, 1.077e-2
0.798, 1.084e-2
0.799, 1.091e-2
0.800, 1.095e-2
0.799, 1.091e-2
0.798, 1.084e-2
0.797, 1.077e-2
0.796, 1.070e-2
0.795, 1.063e-2
0.794, 1.056e-2
0.793, 1.049e-2
0.792, 1.042e-2
0.791, 1.035e-2
0.790, 1.029e-2
0.789, 1.022e-2
0.788, 1.015e-2
0.787, 1.008e-2
0.786, 1.001e-2
0.785, 9.943e-3
0.784, 9.875e-3
0.783, 9.807e-3
0.782, 9.739e-3
0.781, 9.671e-3
0.780, 9.604e-3
0.779, 9.537e-3
0.778, 9.469e-3
0.777, 9.402e-3
0.776, 9.334e-3
0.775, 9.266e-3
0.774, 9.199e-3
0.773, 9.132e-3
0.772, 9.065e-3
0.771, 8.998e-3
0.770, 8.931e-3
0.769, 8.865e-3
0.768, 8.798e-3
0.767, 8.731e-3
0.766, 8.664e-3
0.765, 8.597e-3
0.764, 8.531e-3
0.763, 8.464e-3
0.762, 8.398e-3
0.761, 8.332e-3
0.760, 8.266e-3
0.759, 8.200e-3
0.758, 8.134e-3
0.757, 8.068e-3
0.756, 8.003e-3
0.755, 7.938e-3
0.754, 7.873e-3
0.753, 7.807e-3
0.752, 7.742e-3
0.751, 7.676e-3
0.750, 7.612e-3
0.749, 7.547e-3
0.748, 7.482e-3
0.747, 7.417e-3
0.746, 7.353e-3
0.745, 7.289e-3
0.744, 7.224e-3
0.743, 7.160e-3
0.742, 7.096e-3
0.741, 7.031e-3
0.740, 6.967e-3
0.739, 6.904e-3
0.738, 6.840e-3
0.737, 6.777e-3
0.736, 6.713e-3
0.735, 6.649e-3
0.734, 6.586e-3
0.733, 6.522e-3
0.732, 6.459e-3
0.731, 6.397e-3
0.730, 6.334e-3
0.729, 6.272e-3
0.728, 6.210e-3
0.727, 6.147e-3
0.726, 6.085e-3
0.725, 6.023e-3
0.724, 5.961e-3
0.723, 5.899e-3
0.722, 5.838e-3
0.721, 5.777e-3
0.720, 5.716e-3
0.719, 5.655e-3
0.718, 5.594e-3
0.717, 5.531e-3
0.716, 5.468e-3
0.715, 5.408e-3
0.714, 5.347e-3
0.713, 5.287e-3
0.712, 5.227e-3
0.711, 5.167e-3
0.710, 5.107e-3
0.709, 5.047e-3
0.708, 4.987e-3
0.707, 4.928e-3
0.706, 4.869e-3
0.705, 4.811e-3
0.704, 4.752e-3
0.703, 4.694e-3
0.702, 4.636e-3
0.701, 4.577e-3
0.700, 4.519e-3
0.699, 4.462e-3
0.698, 4.404e-3
0.697, 4.346e-3
0.696, 4.289e-3
0.695, 4.232e-3
0.694, 4.176e-3
0.693, 4.119e-3
0.692, 4.062e-3
0.691, 4.006e-3
0.690, 3.950e-3
0.689, 3.894e-3
0.688, 3.838e-3
0.687, 3.783e-3
0.686, 3.728e-3
0.685, 3.673e-3
0.684, 3.618e-3
0.683, 3.564e-3
0.682, 3.509e-3
0.681, 3.455e-3
0.680, 3.401e-3
0.679, 3.348e-3
0.678, 3.295e-3
0.677, 3.243e-3
0.676, 3.190e-3
0.675, 3.138e-3
0.674, 3.085e-3
0.673, 3.033e-3
0.672, 2.982e-3
0.671, 2.930e-3
0.670, 2.879e-3
0.669, 2.829e-3
0.668, 2.778e-3
0.667, 2.728e-3
0.666, 2.679e-3
0.665, 2.629e-3
0.664, 2.579e-3
0.663, 2.531e-3
0.662, 2.482e-3
0.661, 2.434e-3
0.660, 2.386e-3
0.659, 2.338e-3
0.658, 2.291e-3
0.657, 2.244e-3
0.656, 2.198e-3
0.655, 2.152e-3
0.654, 2.106e-3
0.653, 2.061e-3
0.652, 2.016e-3
0.651, 1.971e-3
0.650, 1.926e-3
0.649, 1.882e-3
0.648, 1.839e-3
0.647, 1.796e-3
0.646, 1.753e-3
0.645, 1.711e-3
0.644, 1.669e-3
0.643, 1.628e-3
0.642, 1.586e-3
0.641, 1.546e-3
0.640, 1.505e-3
0.639, 1.465e-3
0.638, 1.426e-3
0.637, 1.387e-3
0.636, 1.350e-3
0.635, 1.312e-3
0.634, 1.274e-3
0.633, 1.237e-3
0.632, 1.201e-3
0.631, 1.165e-3
0.630, 1.130e-3
0.629, 1.095e-3
0.628, 1.061e-3
0.627, 1.027e-3
0.626, 9.943e-4
0.625, 9.616e-4
0.624, 9.295e-4
0.623, 8.977e-4
0.622, 8.665e-4
0.621, 8.357e-4
0.620, 8.052e-4
0.619, 7.753e-4
0.618, 7.463e-4
0.617, 7.179e-4
0.616, 6.901e-4
0.615, 6.628e-4
0.614, 6.379e-4
0.613, 6.109e-4
0.612, 5.852e-4
0.611, 5.600e-4
0.610, 5.352e-4
0.609, 5.112e-4
0.608, 4.878e-4
0.607, 4.647e-4
0.606, 4.426e-4
0.605, 4.205e-4
0.604, 3.995e-4
0.603, 3.789e-4
0.602, 3.587e-4
0.601, 3.395e-4
0.600, 3.200e-4
0.599, 3.014e-4
0.598, 2.836e-4
0.597, 2.661e-4
0.596, 2.491e-4
0.595, 2.327e-4
0.594, 2.166e-4
0.593, 2.015e-4
0.592, 1.869e-4
0.591, 1.724e-4
0.590, 1.587e-4
0.589, 1.447e-4
0.588, 1.312e-4
0.587, 1.193e-4
0.586, 1.075e-4
0.585, 9.580e-5
0.584, 8.446e-5
0.583, 7.343e-5
0.582, 6.309e-5
0.581, 5.259e-5
0.580, 4.286e-5
0.579, 3.421e-5
0.578, 2.534e-5
0.577, 1.670e-5
0.576, 8.485e-6
0.575, 6.346e-7
0.574, -7.089e-6
0.573, -1.482e-5
0.572, -2.201e-5
0.571, -2.862e-5
0.570, -3.534e-5
0.569, -4.192e-5
0.568, -4.780e-5
0.567, -5.330e-5
0.566, -5.851e-5
0.565, -6.440e-5
0.564, -6.939e-5
0.563, -7.442e-5
0.562, -7.928e-5
0.561, -8.404e-5
0.560, -8.811e-5
0.559, -9.247e-5
0.558, -9.617e-5
0.557, -1.002e-4
0.556, -1.038e-4
0.555, -1.070e-4
0.554, -1.108e-4
0.553, -1.142e-4
0.552, -1.174e-4
0.551, -1.202e-4
0.550, -1.224e-4
0.549, -1.259e-4
0.548, -1.289e-4
0.547, -1.313e-4
0.546, -1.341e-4
0.545, -1.368e-4
0.544, -1.395e-4
0.543, -1.420e-4
0.542, -1.441e-4
0.541, -1.462e-4
0.540, -1.483e-4
0.539, -1.502e-4
0.538, -1.529e-4
0.537, -1.552e-4
0.536, -1.569e-4
0.535, -1.588e-4
0.534, -1.603e-4
0.533, -1.625e-4
0.532, -1.643e-4
0.531, -1.659e-4
0.530, -1.678e-4
0.529, -1.692e-4
0.528, -1.706e-4
0.527, -1.722e-4
0.526, -1.735e-4
0.525, -1.750e-4
0.524, -1.763e-4
0.523, -1.780e-4
0.522, -1.795e-4
0.521, -1.811e-4
0.520, -1.826e-4
0.519, -1.842e-4
0.518, -1.859e-4
0.517, -1.874e-4
0.516, -1.889e-4
0.515, -1.901e-4
0.514, -1.914e-4
0.513, -1.928e-4
0.512, -1.963e-4
0.511, -1.982e-4
0.510, -1.987e-4
0.509, -1.996e-4
0.508, -2.009e-4
0.507, -2.021e-4
0.506, -2.034e-4
0.505, -2.051e-4
0.504, -2.065e-4
0.503, -2.082e-4
0.502, -2.096e-4
0.501, -2.115e-4
0.500, -2.129e-4
0.499, -2.138e-4
0.498, -2.157e-4
0.497, -2.174e-4
0.496, -2.191e-4
0.495, -2.208e-4
0.494, -2.226e-4
0.493, -2.245e-4
0.492, -2.261e-4
0.491, -2.278e-4
0.490, -2.299e-4
0.489, -2.317e-4
0.488, -2.338e-4
0.487, -2.362e-4
0.486, -2.391e-4
0.485, -2.412e-4
0.484, -2.429e-4
0.483, -2.449e-4
0.482, -2.472e-4
0.481, -2.497e-4
0.480, -2.524e-4
0.479, -2.550e-4
0.478, -2.575e-4
0.477, -2.606e-4
0.476, -2.633e-4
0.475, -2.661e-4
0.474, -2.689e-4
0.473, -2.717e-4
0.472, -2.750e-4
0.471, -2.785e-4
0.470, -2.823e-4
0.469, -2.863e-4
0.468, -2.900e-4
0.467, -2.944e-4
0.466, -2.987e-4
0.465, -3.025e-4
0.464, -3.071e-4
0.463, -3.117e-4
0.462, -3.162e-4
0.461, -3.216e-4
0.460, -3.274e-4
0.459, -3.330e-4
0.458, -3.385e-4
0.457, -3.441e-4
0.456, -3.503e-4
0.455, -3.576e-4
0.454, -3.641e-4
0.453, -3.713e-4
0.452, -3.781e-4
0.451, -3.857e-4
0.450, -3.934e-4
0.449, -4.011e-4
0.448, -4.095e-4
0.447, -4.183e-4
0.446, -4.274e-4
0.445, -4.373e-4
0.444, -4.473e-4
0.443, -4.578e-4
0.442, -4.685e-4
0.441, -4.793e-4
0.440, -4.911e-4
0.439, -5.034e-4
0.438, -5.155e-4
0.437, -5.283e-4
0.436, -5.410e-4
0.435, -5.554e-4
0.434, -5.695e-4
0.433, -5.835e-4
0.432, -5.978e-4
0.431, -6.126e-4
0.430, -6.279e-4
0.429, -6.438e-4
0.428, -6.595e-4
0.427, -6.755e-4
0.426, -6.918e-4
0.425, -7.081e-4
0.424, -7.250e-4
0.423, -7.415e-4
0.422, -7.580e-4
0.421, -7.758e-4
0.420, -7.932e-4
0.419, -8.104e-4
0.418, -8.280e-4
0.417, -8.455e-4
0.416, -8.629e-4
0.415, -8.808e-4
0.414, -8.982e-4
0.413, -9.161e-4
0.412, -9.335e-4
0.411, -9.515e-4
0.410, -9.665e-4
0.409, -9.750e-4
0.408, -9.938e-4
0.407, -1.012e-3
0.406, -1.031e-3
0.405, -1.050e-3
0.404, -1.069e-3
0.403, -1.088e-3
0.402, -1.107e-3
0.401, -1.126e-3
0.400, -1.146e-3
0.399, -1.166e-3
0.398, -1.186e-3
0.397, -1.205e-3
0.396, -1.225e-3
0.395, -1.246e-3
0.394, -1.266e-3
0.393, -1.287e-3
0.392, -1.308e-3
0.391, -1.328e-3
0.390, -1.349e-3
0.389, -1.370e-3
0.388, -1.391e-3
0.387, -1.411e-3
0.386, -1.432e-3
0.385, -1.453e-3
0.384, -1.474e-3
0.383, -1.494e-3
0.382, -1.514e-3
0.381, -1.533e-3
0.380, -1.552e-3
0.379, -1.570e-3
0.378, -1.588e-3
0.377, -1.605e-3
0.376, -1.621e-3
0.375, -1.636e-3
0.374, -1.650e-3
0.373, -1.663e-3
0.372, -1.674e-3
0.371, -1.683e-3
0.370, -1.691e-3
0.369, -1.697e-3
0.368, -1.701e-3
0.367, -1.703e-3
0.366, -1.702e-3
0.365, -1.698e-3
0.364, -1.692e-3
0.363, -1.682e-3
0.362, -1.669e-3
0.361, -1.651e-3
0.360, -1.631e-3
0.359, -1.606e-3
0.358, -1.577e-3
0.357, -1.543e-3
0.356, -1.505e-3
0.355, -1.463e-3
0.354, -1.417e-3
0.353, -1.366e-3
0.352, -1.313e-3
0.351, -1.256e-3
0.350, -1.196e-3
0.349, -1.134e-3
0.348, -1.072e-3
0.347, -1.009e-3
0.346, -9.468e-4
0.345, -8.854e-4
0.344, -8.264e-4
0.343, -7.700e-4
0.342, -7.164e-4
0.341, -6.665e-4
0.340, -6.201e-4
0.339, -5.774e-4
0.338, -5.381e-4
0.337, -5.019e-4
0.336, -4.692e-4
0.335, -4.392e-4
0.334, -4.121e-4
0.333, -3.881e-4
0.332, -3.660e-4
0.331, -3.453e-4
0.330, -3.266e-4
0.329, -3.097e-4
0.328, -2.941e-4
0.327, -2.798e-4
0.326, -2.669e-4
0.325, -2.548e-4
0.324, -2.439e-4
0.323, -2.335e-4
0.322, -2.240e-4
0.321, -2.156e-4
0.320, -2.070e-4
0.319, -1.994e-4
0.318, -1.923e-4
0.317, -1.859e-4
0.316, -1.798e-4
0.315, -1.740e-4
0.314, -1.687e-4
0.313, -1.637e-4
0.312, -1.587e-4
0.311, -1.541e-4
0.310, -1.496e-4
0.309, -1.454e-4
0.308, -1.418e-4
0.307, -1.385e-4
0.306, -1.344e-4
0.305, -1.309e-4
0.304, -1.278e-4
0.303, -1.246e-4
0.302, -1.216e-4
0.301, -1.190e-4
0.300, -1.166e-4
0.299, -1.141e-4
0.298, -1.113e-4
0.297, -1.088e-4
0.296, -1.065e-4
0.295, -1.044e-4
0.294, -1.023e-4
0.293, -1.003e-4
0.292, -9.825e-5
0.291, -9.623e-5
0.290, -9.455e-5
0.289, -9.278e-5
0.288, -9.119e-5
0.287, -8.959e-5
0.286, -8.795e-5
0.285, -8.628e-5
0.284, -8.467e-5
0.283, -8.326e-5
0.282, -8.188e-5
0.281, -8.054e-5
0.280, -7.920e-5
0.279, -7.802e-5
0.278, -7.666e-5
0.277, -7.543e-5
0.276, -7.414e-5
0.275, -7.305e-5
0.274, -7.194e-5
0.273, -7.091e-5
0.272, -6.998e-5
0.271, -6.902e-5
0.270, -6.811e-5
0.269, -6.727e-5
0.268, -6.644e-5
0.267, -6.557e-5
0.266, -6.462e-5
0.265, -6.367e-5
0.264, -6.266e-5
0.263, -6.179e-5
0.262, -6.086e-5
0.261, -6.007e-5
0.260, -5.925e-5
0.259, -5.843e-5
0.258, -5.773e-5
0.257, -5.705e-5
0.256, -5.631e-5
0.255, -5.562e-5
0.254, -5.498e-5
0.253, -5.432e-5
0.252, -5.364e-5
0.251, -5.305e-5
0.250, -5.243e-5
0.249, -5.174e-5
0.248, -5.116e-5
0.247, -5.054e-5
0.246, -4.996e-5
0.245, -4.939e-5
0.244, -4.883e-5
0.243, -4.820e-5
0.242, -4.759e-5
0.241, -4.718e-5
0.240, -4.662e-5
0.239, -4.614e-5
0.238, -4.564e-5
0.237, -4.523e-5
0.236, -4.483e-5
0.235, -4.435e-5
0.234, -4.394e-5
0.233, -4.351e-5
0.232, -4.315e-5
0.231, -4.272e-5
0.230, -4.237e-5
0.229, -4.194e-5
0.228, -4.154e-5
0.227, -4.109e-5
0.226, -4.063e-5
0.225, -4.028e-5
0.224, -3.989e-5
0.223, -3.946e-5
0.222, -3.917e-5
0.221, -3.871e-5
0.220, -3.839e-5
0.219, -3.796e-5
0.218, -3.764e-5
0.217, -3.722e-5
0.216, -3.692e-5
0.215, -3.658e-5
0.214, -3.615e-5
0.213, -3.588e-5
0.212, -3.557e-5
0.211, -3.523e-5
0.210, -3.490e-5
0.209, -3.456e-5
0.208, -3.430e-5
0.207, -3.407e-5
0.206, -3.372e-5
0.205, -3.340e-5
0.204, -3.307e-5
0.203, -3.287e-5
0.202, -3.269e-5
0.201, -3.237e-5
0.200, -2.991e-5
0.201, -2.542e-5
0.202, -2.369e-5
0.203, -2.240e-5
0.204, -2.141e-5
0.205, -2.071e-5
0.206, -1.985e-5
0.207, -1.923e-5
0.208, -1.864e-5
0.209, -1.804e-5
0.210, -1.758e-5
0.211, -1.700e-5
0.212, -1.650e-5
0.213, -1.598e-5
0.214, -1.540e-5
0.215, -1.506e-5
0.216, -1.468e-5
0.217, -1.422e-5
0.218, -1.377e-5
0.219, -1.334e-5
0.220, -1.292e-5
0.221, -1.262e-5
0.222, -1.222e-5
0.223, -1.179e-5
0.224, -1.154e-5
0.225, -1.122e-5
0.226, -1.088e-5
0.227, -1.054e-5
0.228, -1.027e-5
0.229, -9.969e-6
0.230, -9.676e-6
0.231, -9.354e-6
0.232, -9.100e-6
0.233, -8.748e-6
0.234, -8.563e-6
0.235, -8.241e-6
0.236, -8.026e-6
0.237, -7.792e-6
0.238, -7.508e-6
0.239, -7.352e-6
0.240, -7.059e-6
0.241, -6.776e-6
0.242, -6.581e-6
0.243, -6.415e-6
0.244, -6.151e-6
0.245, -5.907e-6
0.246, -5.702e-6
0.247, -5.419e-6
0.248, -5.175e-6
0.249, -4.989e-6
0.250, -4.755e-6
0.251, -4.501e-6
0.252, -4.325e-6
0.253, -4.101e-6
0.254, -3.847e-6
0.255, -3.613e-6
0.256, -3.476e-6
0.257, -3.242e-6
0.258, -2.978e-6
0.259, -2.695e-6
0.260, -2.558e-6
0.261, -2.324e-6
0.262, -2.148e-6
0.263, -1.894e-6
0.264, -1.660e-6
0.265, -1.435e-6
0.266, -1.289e-6
0.267, -1.025e-6
0.268, -8.202e-7
0.269, -6.249e-7
0.270, -3.417e-7
0.271, -1.465e-7
0.272, 6.835e-8
0.273, 3.906e-7
0.274, 5.956e-7
0.275, 7.420e-7
0.276, 9.471e-7
0.277, 1.123e-6
0.278, 1.386e-6
0.279, 1.572e-6
0.280, 1.884e-6
0.281, 2.129e-6
0.282, 2.353e-6
0.283, 2.568e-6
0.284, 2.802e-6
0.285, 2.949e-6
0.286, 3.232e-6
0.287, 3.564e-6
0.288, 3.710e-6
0.289, 3.945e-6
0.290, 4.169e-6
0.291, 4.423e-6
0.292, 4.735e-6
0.293, 4.901e-6
0.294, 5.106e-6
0.295, 5.360e-6
0.296, 5.702e-6
0.297, 5.946e-6
0.298, 6.141e-6
0.299, 6.444e-6
0.300, 6.737e-6
0.301, 7.040e-6
0.302, 7.225e-6
0.303, 7.518e-6
0.304, 7.831e-6
0.305, 8.075e-6
0.306, 8.446e-6
0.307, 8.817e-6
0.308, 9.149e-6
0.309, 9.393e-6
0.310, 9.744e-6
0.311, 1.002e-5
0.312, 1.027e-5
0.313, 1.068e-5
0.314, 1.097e-5
0.315, 1.131e-5
0.316, 1.169e-5
0.317, 1.196e-5
0.318, 1.233e-5
0.319, 1.265e-5
0.320, 1.287e-5
0.321, 1.329e-5
0.322, 1.357e-5
0.323, 1.393e-5
0.324, 1.435e-5
0.325, 1.472e-5
0.326, 1.504e-5
0.327, 1.542e-5
0.328, 1.576e-5
0.329, 1.611e-5
0.330, 1.644e-5
0.331, 1.679e-5
0.332, 1.724e-5
0.333, 1.764e-5
0.334, 1.799e-5
0.335, 1.841e-5
0.336, 1.880e-5
0.337, 1.927e-5
0.338, 1.961e-5
0.339, 2.009e-5
0.340, 2.047e-5
0.341, 2.095e-5
0.342, 2.141e-5
0.343, 2.188e-5
0.344, 2.227e-5
0.345, 2.275e-5
0.346, 2.315e-5
0.347, 2.375e-5
0.348, 2.418e-5
0.349, 2.465e-5
0.350, 2.517e-5
0.351, 2.568e-5
0.352, 2.611e-5
0.353, 2.664e-5
0.354, 2.718e-5
0.355, 2.759e-5
0.356, 2.801e-5
0.357, 2.852e-5
0.358, 2.914e-5
0.359, 2.955e-5
0.360, 3.006e-5
0.361, 3.057e-5
0.362, 3.101e-5
0.363, 3.165e-5
0.364, 3.228e-5
0.365, 3.282e-5
0.366, 3.349e-5
0.367, 3.416e-5
0.368, 3.479e-5
0.369, 3.536e-5
0.370, 3.597e-5
0.371, 3.660e-5
0.372, 3.717e-5
0.373, 3.778e-5
0.374, 3.844e-5
0.375, 3.901e-5
0.376, 3.975e-5
0.377, 4.034e-5
0.378, 4.087e-5
0.379, 4.171e-5
0.380, 4.241e-5
0.381, 4.308e-5
0.382, 4.388e-5
0.383, 4.460e-5
0.384, 4.547e-5
0.385, 4.618e-5
0.386, 4.703e-5
0.387, 4.793e-5
0.388, 4.869e-5
0.389, 4.956e-5
0.390, 5.040e-5
0.391, 5.132e-5
0.392, 5.213e-5
0.393, 5.299e-5
0.394, 5.378e-5
0.395, 5.473e-5
0.396, 5.561e-5
0.397, 5.638e-5
0.398, 5.766e-5
0.399, 5.881e-5
0.400, 5.991e-5
0.401, 6.104e-5
0.402, 6.208e-5
0.403, 6.323e-5
0.404, 6.442e-5
0.405, 6.547e-5
0.406, 6.682e-5
0.407, 6.799e-5
0.408, 6.939e-5
0.409, 7.075e-5
0.410, 6.961e-5
0.411, 7.226e-5
0.412, 7.439e-5
0.413, 7.620e-5
0.414, 7.790e-5
0.415, 7.972e-5
0.416, 8.173e-5
0.417, 8.411e-5
0.418, 8.633e-5
0.419, 8.867e-5
0.420, 9.091e-5
0.421, 9.360e-5
0.422, 9.645e-5
0.423, 9.932e-5
0.424, 1.025e-4
0.425, 1.061e-4
0.426, 1.101e-4
0.427, 1.143e-4
0.428, 1.187e-4
0.429, 1.235e-4
0.430, 1.288e-4
0.431, 1.349e-4
0.432, 1.413e-4
0.433, 1.487e-4
0.434, 1.568e-4
0.435, 1.658e-4
0.436, 1.751e-4
0.437, 1.859e-4
0.438, 1.974e-4
0.439, 2.101e-4
0.440, 2.239e-4
0.441, 2.393e-4
0.442, 2.557e-4
0.443, 2.740e-4
0.444, 2.940e-4
0.445, 3.152e-4
0.446, 3.387e-4
0.447, 3.637e-4
0.448, 3.908e-4
0.449, 4.199e-4
0.450, 4.512e-4
0.451, 4.844e-4
0.452, 5.199e-4
0.453, 5.577e-4
0.454, 5.974e-4
0.455, 6.395e-4
0.456, 6.841e-4
0.457, 7.311e-4
0.458, 7.796e-4
0.459, 8.308e-4
0.460, 8.834e-4
0.461, 9.381e-4
0.462, 9.942e-4
0.463, 1.051e-3
0.464, 1.110e-3
0.465, 1.169e-3
0.466, 1.228e-3
0.467, 1.288e-3
0.468, 1.348e-3
0.469, 1.407e-3
0.470, 1.467e-3
0.471, 1.525e-3
0.472, 1.583e-3
0.473, 1.640e-3
0.474, 1.695e-3
0.475, 1.749e-3
0.476, 1.802e-3
0.477, 1.853e-3
0.478, 1.902e-3
0.479, 1.950e-3
0.480, 1.997e-3
0.481, 2.041e-3
0.482, 2.083e-3
0.483, 2.123e-3
0.484, 2.161e-3
0.485, 2.196e-3
0.486, 2.229e-3
0.487, 2.260e-3
0.488, 2.288e-3
0.489, 2.314e-3
0.490, 2.336e-3
0.491, 2.356e-3
0.492, 2.373e-3
0.493, 2.387e-3
0.494, 2.398e-3
0.495, 2.405e-3
0.496, 2.409e-3
0.497, 2.408e-3
0.498, 2.404e-3
0.499, 2.396e-3
0.500, 2.383e-3
0.501, 2.366e-3
0.502, 2.345e-3
0.503, 2.320e-3
0.504, 2.290e-3
0.505, 2.256e-3
0.506, 2.217e-3
0.507, 2.174e-3
0.508, 2.127e-3
0.509, 2.076e-3
0.510, 2.021e-3
0.511, 1.963e-3
0.512, 1.905e-3
0.513, 1.844e-3
0.514, 1.780e-3
0.515, 1.715e-3
0.516, 1.649e-3
0.517, 1.584e-3
0.518, 1.519e-3
0.519, 1.456e-3
0.520, 1.393e-3
0.521, 1.331e-3
0.522, 1.271e-3
0.523, 1.212e-3
0.524, 1.155e-3
0.525, 1.099e-3
0.526, 1.044e-3
0.527, 9.922e-4
0.528, 9.417e-4
0.529, 8.929e-4
0.530, 8.465e-4
0.531, 8.022e-4
0.532, 7.603e-4
0.533, 7.204e-4
0.534, 6.834e-4
0.535, 6.489e-4
0.536, 6.163e-4
0.537, 5.871e-4
0.538, 5.600e-4
0.539, 5.347e-4
0.540, 5.112e-4
0.541, 4.901e-4
0.542, 4.711e-4
0.543, 4.534e-4
0.544, 4.375e-4
0.545, 4.232e-4
0.546, 4.103e-4
0.547, 3.985e-4
0.548, 3.877e-4
0.549, 3.778e-4
0.550, 3.696e-4
0.551, 3.615e-4
0.552, 3.549e-4
0.553, 3.488e-4
0.554, 3.432e-4
0.555, 3.385e-4
0.556, 3.341e-4
0.557, 3.305e-4
0.558, 3.270e-4
0.559, 3.243e-4
0.560, 3.218e-4
0.561, 3.202e-4
0.562, 3.187e-4
0.563, 3.180e-4
0.564, 3.174e-4
0.565, 3.168e-4
0.566, 3.165e-4
0.567, 3.167e-4
0.568, 3.177e-4
0.569, 3.185e-4
0.570, 3.199e-4
0.571, 3.215e-4
0.572, 3.230e-4
0.573, 3.252e-4
0.574, 3.281e-4
0.575, 3.314e-4
0.576, 3.347e-4
0.577, 3.381e-4
0.578, 3.422e-4
0.579, 3.468e-4
0.580, 3.516e-4
0.581, 3.571e-4
0.582, 3.626e-4
0.583, 3.687e-4
0.584, 3.750e-4
0.585, 3.823e-4
0.586, 3.895e-4
0.587, 3.973e-4
0.588, 4.059e-4
0.589, 4.148e-4
0.590, 4.240e-4
0.591, 4.339e-4
0.592, 4.441e-4
0.593, 4.547e-4
0.594, 4.658e-4
0.595, 4.779e-4
0.596, 4.901e-4
0.597, 5.029e-4
0.598, 5.163e-4
0.599, 5.302e-4
0.600, 5.447e-4
0.601, 5.599e-4
0.602, 5.752e-4
0.603, 5.915e-4
0.604, 6.085e-4
0.605, 6.260e-4
0.606, 6.445e-4
0.607, 6.631e-4
0.608, 6.826e-4
0.609, 7.029e-4
0.610, 7.233e-4
0.611, 7.446e-4
0.612, 7.667e-4
0.613, 7.896e-4
0.614, 8.126e-4
0.615, 8.349e-4
0.616, 8.600e-4
0.617, 8.854e-4
0.618, 9.116e-4
0.619, 9.378e-4
0.620, 9.647e-4
0.621, 9.922e-4
0.622, 1.021e-3
0.623, 1.049e-3
0.624, 1.079e-3
0.625, 1.109e-3
0.626, 1.140e-3
0.627, 1.171e-3
0.628, 1.202e-3
0.629, 1.235e-3
0.630, 1.268e-3
0.631, 1.302e-3
0.632, 1.336e-3
0.633, 1.371e-3
0.634, 1.406e-3
0.635, 1.442e-3
0.636, 1.479e-3
0.637, 1.515e-3
0.638, 1.553e-3
0.639, 1.591e-3
0.640, 1.630e-3
0.641, 1.670e-3
0.642, 1.709e-3
0.643, 1.749e-3
0.644, 1.789e-3
0.645, 1.830e-3
0.646, 1.872e-3
0.647, 1.914e-3
0.648, 1.956e-3
0.649, 2.000e-3
0.650, 2.043e-3
0.651, 2.087e-3
0.652, 2.131e-3
0.653, 2.174e-3
0.654, 2.219e-3
0.655, 2.265e-3
0.656, 2.311e-3
0.657, 2.357e-3
0.658, 2.403e-3
0.659, 2.450e-3
0.660, 2.498e-3
0.661, 2.545e-3
0.662, 2.593e-3
0.663, 2.641e-3
0.664, 2.690e-3
0.665, 2.738e-3
0.666, 2.788e-3
0.667, 2.838e-3
0.668, 2.888e-3
0.669, 2.938e-3
0.670, 2.988e-3
0.671, 3.039e-3
0.672, 3.090e-3
0.673, 3.143e-3
0.674, 3.195e-3
0.675, 3.246e-3
0.676, 3.299e-3
0.677, 3.351e-3
0.678, 3.404e-3
0.679, 3.457e-3
0.680, 3.510e-3
0.681, 3.564e-3
0.682, 3.618e-3
0.683, 3.672e-3
0.684, 3.727e-3
0.685, 3.781e-3
0.686, 3.836e-3
0.687, 3.891e-3
0.688, 3.947e-3
0.689, 4.002e-3
0.690, 4.058e-3
0.691, 4.114e-3
0.692, 4.171e-3
0.693, 4.227e-3
0.694, 4.284e-3
0.695, 4.340e-3
0.696, 4.397e-3
0.697, 4.455e-3
0.698, 4.512e-3
0.699, 4.570e-3
0.700, 4.627e-3
0.701, 4.685e-3
0.702, 4.744e-3
0.703, 4.802e-3
0.704, 4.860e-3
0.705, 4.918e-3
0.706, 4.977e-3
0.707, 5.036e-3
0.708, 5.095e-3
0.709, 5.154e-3
0.710, 5.214e-3
0.711, 5.273e-3
0.712, 5.333e-3
0.713, 5.393e-3
0.714, 5.453e-3
0.715, 5.514e-3
0.716, 5.575e-3
0.717, 5.637e-3
0.718, 5.699e-3
0.719, 5.760e-3
0.720, 5.820e-3
0.721, 5.881e-3
0.722, 5.942e-3
0.723, 6.004e-3
0.724, 6.065e-3
0.725, 6.127e-3
0.726, 6.188e-3
0.727, 6.251e-3
0.728, 6.313e-3
0.729, 6.375e-3
0.730, 6.436e-3
0.731, 6.498e-3
0.732, 6.561e-3
0.733, 6.623e-3
0.734, 6.686e-3
0.735, 6.749e-3
0.736, 6.812e-3
0.737, 6.875e-3
0.738, 6.938e-3
0.739, 7.002e-3
0.740, 7.065e-3
0.741, 7.129e-3
0.742, 7.192e-3
0.743, 7.256e-3
0.744, 7.321e-3
0.745, 7.384e-3
0.746, 7.447e-3
0.747, 7.511e-3
0.748, 7.575e-3
0.749, 7.639e-3
0.750, 7.704e-3
0.751, 7.769e-3
0.752, 7.833e-3
0.753, 7.898e-3
0.754, 7.963e-3
0.755, 8.027e-3
0.756, 8.091e-3
0.757, 8.156e-3
0.758, 8.221e-3
0.759, 8.286e-3
0.760, 8.351e-3
0.761, 8.416e-3
0.762, 8.482e-3
0.763, 8.548e-3
0.764, 8.613e-3
0.765, 8.679e-3
0.766, 8.744e-3
0.767, 8.809e-3
0.768, 8.876e-3
0.769, 8.942e-3
0.770, 9.007e-3
0.771, 9.073e-3
0.772, 9.139e-3
0.773, 9.205e-3
0.774, 9.271e-3
0.775, 9.338e-3
0.776, 9.404e-3
0.777, 9.471e-3
0.778, 9.537e-3
0.779, 9.603e-3
0.780, 9.670e-3
0.781, 9.737e-3
0.782, 9.803e-3
0.783, 9.870e-3
0.784, 9.937e-3
0.785, 1.000e-2
0.786, 1.007e-2
0.787, 1.014e-2
0.788, 1.021e-2
0.789, 1.027e-2
0.790, 1.034e-2
0.791, 1.041e-2
0.792, 1.047e-2
0.793, 1.054e-2
0.794, 1.061e-2
0.795, 1.068e-2
0.796, 1.074e-2
0.797, 1.081e-2
0.798, 1.088e-2
0.799, 1.095e-2
0.800, 1.099e-2
0.799, 1.095e-2
0.798, 1.088e-2
0.797, 1.081e-2
0.796, 1.074e-2
0.795, 1.067e-2
0.794, 1.060e-2
0.793, 1.053e-2
0.792, 1.046e-2
0.791, 1.039e-2
0.790, 1.033e-2
0.789, 1.026e-2
0.788, 1.019e-2
0.787, 1.012e-2
0.786, 1.005e-2
0.785, 9.982e-3
0.784, 9.914e-3
0.783, 9.846e-3
0.782, 9.778e-3
0.781, 9.710e-3
0.780, 9.642e-3
0.779, 9.575e-3
0.778, 9.507e-3
0.777, 9.439e-3
0.776, 9.372e-3
0.775, 9.304e-3
0.774, 9.236e-3
0.773, 9.169e-3
0.772, 9.102e-3
0.771, 9.035e-3
0.770, 8.968e-3
0.769, 8.901e-3
0.768, 8.834e-3
0.767, 8.767e-3
0.766, 8.701e-3
0.765, 8.634e-3
0.764, 8.567e-3
0.763, 8.501e-3
0.762, 8.434e-3
0.761, 8.369e-3
0.760, 8.302e-3
0.759, 8.236e-3
0.758, 8.170e-3
0.757, 8.103e-3
0.756, 8.038e-3
0.755, 7.973e-3
0.754, 7.908e-3
0.753, 7.842e-3
0.752, 7.777e-3
0.751, 7.712e-3
0.750, 7.647e-3
0.749, 7.582e-3
0.748, 7.517e-3
0.747, 7.452e-3
0.746, 7.388e-3
0.745, 7.324e-3
0.744, 7.259e-3
0.743, 7.194e-3
0.742, 7.130e-3
0.741, 7.065e-3
0.740, 7.001e-3
0.739, 6.937e-3
0.738, 6.873e-3
0.737, 6.810e-3
0.736, 6.746e-3
0.735, 6.682e-3
0.734, 6.618e-3
0.733, 6.555e-3
0.732, 6.492e-3
0.731, 6.429e-3
0.730, 6.367e-3
0.729, 6.305e-3
0.728, 6.242e-3
0.727, 6.179e-3
0.726, 6.117e-3
0.725, 6.055e-3
0.724, 5.993e-3
0.723, 5.931e-3
0.722, 5.869e-3
0.721, 5.808e-3
0.720, 5.747e-3
0.719, 5.685e-3
0.718, 5.624e-3
0.717, 5.562e-3
0.716, 5.499e-3
0.715, 5.438e-3
0.714, 5.377e-3
0.713, 5.317e-3
0.712, 5.257e-3
0.711, 5.196e-3
0.710, 5.137e-3
0.709, 5.077e-3
0.708, 5.017e-3
0.707, 4.957e-3
0.706, 4.898e-3
0.705, 4.839e-3
0.704, 4.781e-3
0.703, 4.722e-3
0.702, 4.663e-3
0.701, 4.605e-3
0.700, 4.547e-3
0.699, 4.489e-3
0.698, 4.431e-3
0.697, 4.374e-3
0.696, 4.316e-3
0.695, 4.259e-3
0.694, 4.202e-3
0.693, 4.145e-3
0.692, 4.089e-3
0.691, 4.032e-3
0.690, 3.975e-3
0.689, 3.920e-3
0.688, 3.864e-3
0.687, 3.808e-3
0.686, 3.753e-3
0.685, 3.698e-3
0.684, 3.643e-3
0.683, 3.588e-3
0.682, 3.534e-3
0.681, 3.479e-3
0.680, 3.425e-3
0.679, 3.372e-3
0.678, 3.319e-3
0.677, 3.266e-3
0.676, 3.213e-3
0.675, 3.160e-3
0.674, 3.108e-3
0.673, 3.056e-3
0.672, 3.004e-3
0.671, 2.953e-3
0.670, 2.902e-3
0.669, 2.851e-3
0.668, 2.800e-3
0.667, 2.750e-3
0.666, 2.700e-3
0.665, 2.650e-3
0.664, 2.600e-3
0.663, 2.552e-3
0.662, 2.503e-3
0.661, 2.454e-3
0.660, 2.406e-3
0.659, 2.358e-3
0.658, 2.310e-3
0.657, 2.263e-3
0.656, 2.217e-3
0.655, 2.170e-3
0.654, 2.125e-3
0.653, 2.079e-3
0.652, 2.034e-3
0.651, 1.989e-3
0.650, 1.944e-3
0.649, 1.900e-3
0.648, 1.856e-3
0.647, 1.812e-3
0.646, 1.770e-3
0.645, 1.727e-3
0.644, 1.685e-3
0.643, 1.643e-3
0.642, 1.602e-3
0.641, 1.561e-3
0.640, 1.520e-3
0.639, 1.480e-3
0.638, 1.441e-3
0.637, 1.401e-3
0.636, 1.363e-3
0.635, 1.325e-3
0.634, 1.287e-3
0.633, 1.250e-3
0.632, 1.214e-3
0.631, 1.178e-3
0.630, 1.142e-3
0.629, 1.107e-3
0.628, 1.073e-3
0.627, 1.039e-3
0.626, 1.006e-3
0.625, 9.727e-4
0.624, 9.403e-4
0.623, 9.086e-4
0.622, 8.770e-4
0.621, 8.458e-4
0.620, 8.150e-4
0.619, 7.855e-4
0.618, 7.560e-4
0.617, 7.271e-4
0.616, 6.988e-4
0.615, 6.713e-4
0.614, 6.461e-4
0.613, 6.188e-4
0.612, 5.929e-4
0.611, 5.677e-4
0.610, 5.430e-4
0.609, 5.185e-4
0.608, 4.949e-4
0.607, 4.714e-4
0.606, 4.493e-4
0.605, 4.274e-4
0.604, 4.057e-4
0.603, 3.845e-4
0.602, 3.642e-4
0.601, 3.451e-4
0.600, 3.255e-4
0.599, 3.067e-4
0.598, 2.886e-4
0.597, 2.705e-4
0.596, 2.534e-4
0.595, 2.372e-4
0.594, 2.209e-4
0.593, 2.053e-4
0.592, 1.905e-4
0.591, 1.754e-4
0.590, 1.619e-4
0.589, 1.478e-4
0.588, 1.342e-4
0.587, 1.220e-4
0.586, 1.098e-4
0.585, 9.809e-5
0.584, 8.652e-5
0.583, 7.550e-5
0.582, 6.499e-5
0.581, 5.450e-5
0.580, 4.481e-5
0.579, 3.552e-5
0.578, 2.648e-5
0.577, 1.785e-5
0.576, 9.959e-6
0.575, 1.904e-6
0.574, -6.395e-6
0.573, -1.442e-5
0.572, -2.105e-5
0.571, -2.749e-5
0.570, -3.434e-5
0.569, -4.117e-5
0.568, -4.672e-5
0.567, -5.304e-5
0.566, -5.856e-5
0.565, -6.471e-5
0.564, -6.944e-5
0.563, -7.467e-5
0.562, -7.922e-5
0.561, -8.376e-5
0.560, -8.824e-5
0.559, -9.243e-5
0.558, -9.642e-5
0.557, -1.007e-4
0.556, -1.041e-4
0.555, -1.074e-4
0.554, -1.115e-4
0.553, -1.149e-4
0.552, -1.179e-4
0.551, -1.212e-4
0.550, -1.233e-4
0.549, -1.267e-4
0.548, -1.294e-4
0.547, -1.321e-4
0.546, -1.354e-4
0.545, -1.380e-4
0.544, -1.404e-4
0.543, -1.430e-4
0.542, -1.450e-4
0.541, -1.473e-4
0.540, -1.494e-4
0.539, -1.514e-4
0.538, -1.535e-4
0.537, -1.560e-4
0.536, -1.578e-4
0.535, -1.598e-4
0.534, -1.613e-4
0.533, -1.634e-4
0.532, -1.654e-4
0.531, -1.671e-4
0.530, -1.686e-4
0.529, -1.701e-4
0.528, -1.714e-4
0.527, -1.731e-4
0.526, -1.749e-4
0.525, -1.763e-4
0.524, -1.776e-4
0.523, -1.791e-4
0.522, -1.808e-4
0.521, -1.820e-4
0.520, -1.838e-4
0.519, -1.857e-4
0.518, -1.872e-4
0.517, -1.888e-4
0.516, -1.899e-4
0.515, -1.910e-4
0.514, -1.928e-4
0.513, -1.942e-4
0.512, -1.975e-4
0.511, -1.995e-4
0.510, -1.997e-4
0.509, -2.009e-4
0.508, -2.018e-4
0.507, -2.032e-4
0.506, -2.049e-4
0.505, -2.064e-4
0.504, -2.081e-4
0.503, -2.097e-4
0.502, -2.109e-4
0.501, -2.123e-4
0.500, -2.140e-4
0.499, -2.151e-4
0.498, -2.169e-4
0.497, -2.184e-4
0.496, -2.199e-4
0.495, -2.222e-4
0.494, -2.239e-4
0.493, -2.257e-4
0.492, -2.272e-4
0.491, -2.289e-4
0.490, -2.311e-4
0.489, -2.329e-4
0.488, -2.351e-4
0.487, -2.377e-4
0.486, -2.402e-4
0.485, -2.421e-4
0.484, -2.444e-4
0.483, -2.463e-4
0.482, -2.484e-4
0.481, -2.506e-4
0.480, -2.533e-4
0.479, -2.562e-4
0.478, -2.591e-4
0.477, -2.620e-4
0.476, -2.644e-4
0.475, -2.672e-4
0.474, -2.704e-4
0.473, -2.730e-4
0.472, -2.763e-4
0.471, -2.800e-4
0.470, -2.835e-4
0.469, -2.877e-4
0.468, -2.915e-4
0.467, -2.955e-4
0.466, -2.996e-4
0.465, -3.040e-4
0.464, -3.087e-4
0.463, -3.131e-4
0.462, -3.175e-4
0.461, -3.232e-4
0.460, -3.287e-4
0.459, -3.341e-4
0.458, -3.398e-4
0.457, -3.460e-4
0.456, -3.521e-4
0.455, -3.591e-4
0.454, -3.656e-4
0.453, -3.727e-4
0.452, -3.799e-4
0.451, -3.878e-4
0.450, -3.952e-4
0.449, -4.031e-4
0.448, -4.115e-4
0.447, -4.205e-4
0.446, -4.296e-4
0.445, -4.392e-4
0.444, -4.496e-4
0.443, -4.603e-4
0.442, -4.712e-4
0.441, -4.822e-4
0.440, -4.938e-4
0.439, -5.062e-4
0.438, -5.182e-4
0.437, -5.310e-4
0.436, -5.446e-4
0.435, -5.590e-4
0.434, -5.730e-4
0.433, -5.869e-4
0.432, -6.016e-4
0.431, -6.165e-4
0.430, -6.319e-4
0.429, -6.478e-4
0.428, -6.635e-4
0.427, -6.799e-4
0.426, -6.967e-4
0.425, -7.129e-4
0.424, -7.298e-4
0.423, -7.470e-4
0.422, -7.636e-4
0.421, -7.813e-4
0.420, -7.987e-4
0.419, -8.158e-4
0.418, -8.339e-4
0.417, -8.515e-4
0.416, -8.694e-4
0.415, -8.877e-4
0.414, -9.054e-4
0.413, -9.234e-4
0.412, -9.414e-4
0.411, -9.594e-4
0.410, -9.744e-4
0.409, -9.832e-4
0.408, -1.002e-3
0.407, -1.021e-3
0.406, -1.040e-3
0.405, -1.059e-3
0.404, -1.078e-3
0.403, -1.097e-3
0.402, -1.117e-3
0.401, -1.137e-3
0.400, -1.157e-3
0.399, -1.177e-3
0.398, -1.197e-3
0.397, -1.217e-3
0.396, -1.237e-3
0.395, -1.258e-3
0.394, -1.279e-3
0.393, -1.300e-3
0.392, -1.321e-3
0.391, -1.343e-3
0.390, -1.363e-3
0.389, -1.385e-3
0.388, -1.406e-3
0.387, -1.427e-3
0.386, -1.448e-3
0.385, -1.469e-3
0.384, -1.491e-3
0.383, -1.512e-3
0.382, -1.532e-3
0.381, -1.552e-3
0.380, -1.571e-3
0.379, -1.590e-3
0.378, -1.608e-3
0.377, -1.626e-3
0.376, -1.642e-3
0.375, -1.658e-3
0.374, -1.672e-3
0.373, -1.686e-3
0.372, -1.698e-3
0.371, -1.707e-3
0.370, -1.716e-3
0.369, -1.723e-3
0.368, -1.728e-3
0.367, -1.731e-3
0.366, -1.731e-3
0.365, -1.729e-3
0.364, -1.723e-3
0.363, -1.714e-3
0.362, -1.702e-3
0.361, -1.686e-3
0.360, -1.666e-3
0.359, -1.642e-3
0.358, -1.614e-3
0.357, -1.581e-3
0.356, -1.544e-3
0.355, -1.502e-3
0.354, -1.457e-3
0.353, -1.407e-3
0.352, -1.353e-3
0.351, -1.296e-3
0.350, -1.235e-3
0.349, -1.173e-3
0.348, -1.108e-3
0.347, -1.044e-3
0.346, -9.799e-4
0.345, -9.168e-4
0.344, -8.554e-4
0.343, -7.968e-4
0.342, -7.406e-4
0.341, -6.883e-4
0.340, -6.395e-4
0.339, -5.947e-4
0.338, -5.537e-4
0.337, -5.159e-4
0.336, -4.815e-4
0.335, -4.503e-4
0.334, -4.217e-4
0.333, -3.965e-4
0.332, -3.736e-4
0.331, -3.524e-4
0.330, -3.329e-4
0.329, -3.153e-4
0.328, -2.992e-4
0.327, -2.846e-4
0.326, -2.712e-4
0.325, -2.588e-4
0.324, -2.475e-4
0.323, -2.370e-4
0.322, -2.273e-4
0.321, -2.185e-4
0.320, -2.100e-4
0.319, -2.020e-4
0.318, -1.948e-4
0.317, -1.883e-4
0.316, -1.820e-4
0.315, -1.761e-4
0.314, -1.708e-4
0.313, -1.658e-4
0.312, -1.607e-4
0.311, -1.559e-4
0.310, -1.514e-4
0.309, -1.472e-4
0.308, -1.435e-4
0.307, -1.402e-4
0.306, -1.362e-4
0.305, -1.325e-4
0.304, -1.293e-4
0.303, -1.263e-4
0.302, -1.231e-4
0.301, -1.203e-4
0.300, -1.178e-4
0.299, -1.155e-4
0.298, -1.129e-4
0.297, -1.102e-4
0.296, -1.078e-4
0.295, -1.056e-4
0.294, -1.034e-4
0.293, -1.015e-4
0.292, -9.950e-5
0.291, -9.752e-5
0.290, -9.562e-5
0.289, -9.390e-5
0.288, -9.233e-5
0.287, -9.078e-5
0.286, -8.911e-5
0.285, -8.749e-5
0.284, -8.589e-5
0.283, -8.436e-5
0.282, -8.291e-5
0.281, -8.154e-5
0.280, -8.022e-5
0.279, -7.899e-5
0.278, -7.772e-5
0.277, -7.651e-5
0.276, -7.531e-5
0.275, -7.406e-5
0.274, -7.288e-5
0.273, -7.181e-5
0.272, -7.073e-5
0.271, -6.985e-5
0.270, -6.893e-5
0.269, -6.813e-5
0.268, -6.729e-5
0.267, -6.639e-5
0.266, -6.561e-5
0.265, -6.460e-5
0.264, -6.379e-5
0.263, -6.276e-5
0.262, -6.182e-5
0.261, -6.094e-5
0.260, -6.017e-5
0.259, -5.931e-5
0.258, -5.848e-5
0.257, -5.780e-5
0.256, -5.712e-5
0.255, -5.648e-5
0.254, -5.568e-5
0.253, -5.505e-5
0.252, -5.446e-5
0.251, -5.377e-5
0.250, -5.315e-5
0.249, -5.251e-5
0.248, -5.188e-5
0.247, -5.135e-5
0.246, -5.071e-5
0.245, -5.018e-5
0.244, -4.957e-5
0.243, -4.894e-5
0.242, -4.834e-5
0.241, -4.779e-5
0.240, -4.734e-5
0.239, -4.691e-5
0.238, -4.639e-5
0.237, -4.595e-5
0.236, -4.546e-5
0.235, -4.500e-5
0.234, -4.460e-5
0.233, -4.409e-5
0.232, -4.369e-5
0.231, -4.334e-5
0.230, -4.300e-5
0.229, -4.255e-5
0.228, -4.212e-5
0.227, -4.177e-5
0.226, -4.134e-5
0.225, -4.108e-5
0.224, -4.064e-5
0.223, -4.023e-5
0.222, -3.981e-5
0.221, -3.947e-5
0.220, -3.905e-5
0.219, -3.863e-5
0.218, -3.828e-5
0.217, -3.786e-5
0.216, -3.759e-5
0.215, -3.719e-5
0.214, -3.673e-5
0.213, -3.648e-5
0.212, -3.620e-5
0.211, -3.578e-5
0.210, -3.550e-5
0.209, -3.521e-5
0.208, -3.488e-5
0.207, -3.461e-5
0.206, -3.432e-5
0.205, -3.385e-5
0.204, -3.370e-5
0.203, -3.346e-5
0.202, -3.323e-5
0.201, -3.291e-5
0.200, -3.050e-5
0.201, -2.594e-5
0.202, -2.411e-5
0.203, -2.286e-5
0.204, -2.192e-5
0.205, -2.117e-5
0.206, -2.037e-5
0.207, -1.965e-5
0.208, -1.903e-5
0.209, -1.850e-5
0.210, -1.799e-5
0.211, -1.749e-5
0.212, -1.695e-5
0.213, -1.649e-5
0.214, -1.606e-5
0.215, -1.559e-5
0.216, -1.509e-5
0.217, -1.460e-5
0.218, -1.431e-5
0.219, -1.389e-5
0.220, -1.342e-5
0.221, -1.304e-5
0.222, -1.269e-5
0.223, -1.234e-5
0.224, -1.192e-5
0.225, -1.158e-5
0.226, -1.134e-5
0.227, -1.099e-5
0.228, -1.072e-5
0.229, -1.036e-5
0.230, -1.002e-5
0.231, -9.754e-6
0.232, -9.490e-6
0.233, -9.227e-6
0.234, -8.905e-6
0.235, -8.719e-6
0.236, -8.436e-6
0.237, -8.202e-6
0.238, -7.938e-6
0.239, -7.616e-6
0.240, -7.391e-6
0.241, -7.147e-6
0.242, -6.932e-6
0.243, -6.747e-6
0.244, -6.483e-6
0.245, -6.346e-6
0.246, -6.102e-6
0.247, -5.790e-6
0.248, -5.604e-6
0.249, -5.409e-6
0.250, -5.185e-6
0.251, -4.950e-6
0.252, -4.726e-6
0.253, -4.452e-6
0.254, -4.306e-6
0.255, -4.013e-6
0.256, -3.886e-6
0.257, -3.583e-6
0.258, -3.388e-6
0.259, -3.163e-6
0.260, -2.997e-6
0.261, -2.792e-6
0.262, -2.421e-6
0.263, -2.197e-6
0.264, -1.992e-6
0.265, -1.767e-6
0.266, -1.611e-6
0.267, -1.299e-6
0.268, -1.074e-6
0.269, -9.959e-7
0.270, -6.835e-7
0.271, -4.491e-7
0.272, -2.734e-7
0.273, 6.835e-8
0.274, 1.660e-7
0.275, 4.687e-7
0.276, 7.030e-7
0.277, 8.397e-7
0.278, 1.064e-6
0.279, 1.367e-6
0.280, 1.523e-6
0.281, 1.816e-6
0.282, 2.070e-6
0.283, 2.177e-6
0.284, 2.460e-6
0.285, 2.734e-6
0.286, 3.027e-6
0.287, 3.193e-6
0.288, 3.408e-6
0.289, 3.691e-6
0.290, 3.925e-6
0.291, 4.208e-6
0.292, 4.462e-6
0.293, 4.716e-6
0.294, 4.882e-6
0.295, 5.194e-6
0.296, 5.360e-6
0.297, 5.595e-6
0.298, 5.868e-6
0.299, 6.229e-6
0.300, 6.415e-6
0.301, 6.669e-6
0.302, 6.942e-6
0.303, 7.245e-6
0.304, 7.557e-6
0.305, 7.850e-6
0.306, 8.123e-6
0.307, 8.573e-6
0.308, 8.934e-6
0.309, 9.129e-6
0.310, 9.422e-6
0.311, 9.715e-6
0.312, 1.006e-5
0.313, 1.045e-5
0.314, 1.076e-5
0.315, 1.096e-5
0.316, 1.138e-5
0.317, 1.170e-5
0.318, 1.205e-5
0.319, 1.235e-5
0.320, 1.266e-5
0.321, 1.307e-5
0.322, 1.339e-5
0.323, 1.373e-5
0.324, 1.410e-5
0.325, 1.446e-5
0.326, 1.474e-5
0.327, 1.519e-5
0.328, 1.551e-5
0.329, 1.591e-5
0.330, 1.617e-5
0.331, 1.660e-5
0.332, 1.699e-5
0.333, 1.743e-5
0.334, 1.784e-5
0.335, 1.831e-5
0.336, 1.856e-5
0.337, 1.908e-5
0.338, 1.945e-5
0.339, 1.992e-5
0.340, 2.035e-5
0.341, 2.072e-5
0.342, 2.132e-5
0.343, 2.177e-5
0.344, 2.219e-5
0.345, 2.260e-5
0.346, 2.294e-5
0.347, 2.358e-5
0.348, 2.409e-5
0.349, 2.454e-5
0.350, 2.496e-5
0.351, 2.551e-5
0.352, 2.594e-5
0.353, 2.648e-5
0.354, 2.706e-5
0.355, 2.750e-5
0.356, 2.800e-5
0.357, 2.845e-5
0.358, 2.906e-5
0.359, 2.948e-5
0.360, 3.001e-5
0.361, 3.049e-5
0.362, 3.108e-5
0.363, 3.162e-5
0.364, 3.222e-5
0.365, 3.276e-5
0.366, 3.340e-5
0.367, 3.410e-5
0.368, 3.460e-5
0.369, 3.534e-5
0.370, 3.595e-5
0.371, 3.652e-5
0.372, 3.718e-5
0.373, 3.772e-5
0.374, 3.853e-5
0.375, 3.916e-5
0.376, 3.969e-5
0.377, 4.037e-5
0.378, 4.102e-5
0.379, 4.174e-5
0.380, 4.248e-5
0.381, 4.319e-5
0.382, 4.396e-5
0.383, 4.467e-5
0.384, 4.561e-5
0.385, 4.649e-5
0.386, 4.720e-5
0.387, 4.802e-5
0.388, 4.888e-5
0.389, 4.966e-5
0.390, 5.060e-5
0.391, 5.139e-5
0.392, 5.222e-5
0.393, 5.315e-5
0.394, 5.399e-5
0.395, 5.487e-5
0.396, 5.578e-5
0.397, 5.685e-5
0.398, 5.794e-5
0.399, 5.896e-5
0.400, 6.013e-5
0.401, 6.122e-5
0.402, 6.239e-5
0.403, 6.360e-5
0.404, 6.472e-5
0.405, 6.571e-5
0.406, 6.714e-5
0.407, 6.837e-5
0.408, 6.985e-5
0.409, 7.111e-5
0.410, 7.000e-5
0.411, 7.282e-5
0.412, 7.496e-5
0.413, 7.668e-5
0.414, 7.836e-5
0.415, 8.016e-5
0.416, 8.223e-5
0.417, 8.478e-5
0.418, 8.699e-5
0.419, 8.931e-5
0.420, 9.159e-5
0.421, 9.408e-5
0.422, 9.708e-5
0.423, 9.998e-5
0.424, 1.033e-4
0.425, 1.070e-4
0.426, 1.111e-4
0.427, 1.153e-4
0.428, 1.198e-4
0.429, 1.249e-4
0.430, 1.301e-4
0.431, 1.364e-4
0.432, 1.430e-4
0.433, 1.505e-4
0.434, 1.587e-4
0.435, 1.676e-4
0.436, 1.774e-4
0.437, 1.883e-4
0.438, 2.001e-4
0.439, 2.130e-4
0.440, 2.270e-4
0.441, 2.426e-4
0.442, 2.597e-4
0.443, 2.783e-4
0.444, 2.986e-4
0.445, 3.202e-4
0.446, 3.443e-4
0.447, 3.698e-4
0.448, 3.969e-4
0.449, 4.266e-4
0.450, 4.583e-4
0.451, 4.922e-4
0.452, 5.281e-4
0.453, 5.663e-4
0.454, 6.068e-4
0.455, 6.496e-4
0.456, 6.947e-4
0.457, 7.423e-4
0.458, 7.918e-4
0.459, 8.435e-4
0.460, 8.966e-4
0.461, 9.516e-4
0.462, 1.008e-3
0.463, 1.065e-3
0.464, 1.124e-3
0.465, 1.183e-3
0.466, 1.243e-3
0.467, 1.303e-3
0.468, 1.363e-3
0.469, 1.423e-3
0.470, 1.483e-3
0.471, 1.541e-3
0.472, 1.599e-3
0.473, 1.656e-3
0.474, 1.712e-3
0.475, 1.766e-3
0.476, 1.819e-3
0.477, 1.870e-3
0.478, 1.920e-3
0.479, 1.968e-3
0.480, 2.015e-3
0.481, 2.060e-3
0.482, 2.102e-3
0.483, 2.143e-3
0.484, 2.181e-3
0.485, 2.217e-3
0.486, 2.251e-3
0.487, 2.282e-3
0.488, 2.311e-3
0.489, 2.337e-3
0.490, 2.361e-3
0.491, 2.382e-3
0.492, 2.400e-3
0.493, 2.415e-3
0.494, 2.426e-3
0.495, 2.434e-3
0.496, 2.438e-3
0.497, 2.439e-3
0.498, 2.436e-3
0.499, 2.429e-3
0.500, 2.417e-3
0.501, 2.402e-3
0.502, 2.382e-3
0.503, 2.358e-3
0.504, 2.328e-3
0.505, 2.295e-3
0.506, 2.257e-3
0.507, 2.214e-3
0.508, 2.168e-3
0.509, 2.117e-3
0.510, 2.063e-3
0.511, 2.005e-3
0.512, 1.945e-3
0.513, 1.884e-3
0.514, 1.819e-3
0.515, 1.754e-3
0.516, 1.687e-3
0.517, 1.620e-3
0.518, 1.554e-3
0.519, 1.489e-3
0.520, 1.424e-3
0.521, 1.361e-3
0.522, 1.299e-3
0.523, 1.239e-3
0.524, 1.180e-3
0.525, 1.122e-3
0.526, 1.066e-3
0.527, 1.012e-3
0.528, 9.602e-4
0.529, 9.097e-4
0.530, 8.614e-4
0.531, 8.158e-4
0.532, 7.723e-4
0.533, 7.314e-4
0.534, 6.931e-4
0.535, 6.572e-4
0.536, 6.240e-4
0.537, 5.935e-4
0.538, 5.656e-4
0.539, 5.396e-4
0.540, 5.155e-4
0.541, 4.936e-4
0.542, 4.740e-4
0.543, 4.561e-4
0.544, 4.400e-4
0.545, 4.253e-4
0.546, 4.121e-4
0.547, 3.998e-4
0.548, 3.892e-4
0.549, 3.794e-4
0.550, 3.710e-4
0.551, 3.625e-4
0.552, 3.560e-4
0.553, 3.498e-4
0.554, 3.439e-4
0.555, 3.395e-4
0.556, 3.355e-4
0.557, 3.317e-4
0.558, 3.283e-4
0.559, 3.251e-4
0.560, 3.226e-4
0.561, 3.211e-4
0.562, 3.198e-4
0.563, 3.189e-4
0.564, 3.186e-4
0.565, 3.179e-4
0.566, 3.179e-4
0.567, 3.178e-4
0.568, 3.188e-4
0.569, 3.198e-4
0.570, 3.208e-4
0.571, 3.225e-4
0.572, 3.243e-4
0.573, 3.266e-4
0.574, 3.300e-4
0.575, 3.332e-4
0.576, 3.364e-4
0.577, 3.399e-4
0.578, 3.443e-4
0.579, 3.487e-4
0.580, 3.538e-4
0.581, 3.592e-4
0.582, 3.650e-4
0.583, 3.709e-4
0.584, 3.776e-4
0.585, 3.849e-4
0.586, 3.926e-4
0.587, 4.003e-4
0.588, 4.088e-4
0.589, 4.179e-4
0.590, 4.277e-4
0.591, 4.375e-4
0.592, 4.479e-4
0.593, 4.586e-4
0.594, 4.696e-4
0.595, 4.818e-4
0.596, 4.946e-4
0.597, 5.074e-4
0.598, 5.210e-4
0.599, 5.351e-4
0.600, 5.499e-4
0.601, 5.652e-4
0.602, 5.807e-4
0.603, 5.974e-4
0.604, 6.143e-4
0.605, 6.322e-4
0.606, 6.509e-4
0.607, 6.695e-4
0.608, 6.895e-4
0.609, 7.097e-4
0.610, 7.306e-4
0.611, 7.522e-4
0.612, 7.745e-4
0.613, 7.974e-4
0.614, 8.207e-4
0.615, 8.435e-4
0.616, 8.686e-4
0.617, 8.946e-4
0.618, 9.204e-4
0.619, 9.472e-4
0.620, 9.742e-4
0.621, 1.002e-3
0.622, 1.031e-3
0.623, 1.060e-3
0.624, 1.089e-3
0.625, 1.120e-3
0.626, 1.151e-3
0.627, 1.182e-3
0.628, 1.214e-3
0.629, 1.247e-3
0.630, 1.280e-3
0.631, 1.314e-3
0.632, 1.348e-3
0.633, 1.383e-3
0.634, 1.419e-3
0.635, 1.455e-3
0.636, 1.492e-3
0.637, 1.529e-3
0.638, 1.567e-3
0.639, 1.606e-3
0.640, 1.645e-3
0.641, 1.684e-3
0.642, 1.724e-3
0.643, 1.764e-3
0.644, 1.805e-3
0.645, 1.846e-3
0.646, 1.888e-3
0.647, 1.930e-3
0.648, 1.973e-3
0.649, 2.017e-3
0.650, 2.060e-3
0.651, 2.104e-3
0.652, 2.148e-3
0.653, 2.192e-3
0.654, 2.237e-3
0.655, 2.283e-3
0.656, 2.329e-3
0.657, 2.375e-3
0.658, 2.422e-3
0.659, 2.469e-3
0.660, 2.517e-3
0.661, 2.564e-3
0.662, 2.612e-3
0.663, 2.661e-3
0.664, 2.710e-3
0.665, 2.759e-3
0.666, 2.809e-3
0.667, 2.859e-3
0.668, 2.909e-3
0.669, 2.959e-3
0.670, 3.010e-3
0.671, 3.061e-3
0.672, 3.113e-3
0.673, 3.164e-3
0.674, 3.216e-3
0.675, 3.268e-3
0.676, 3.321e-3
0.677, 3.373e-3
0.678, 3.427e-3
0.679, 3.479e-3
0.680, 3.533e-3
0.681, 3.588e-3
0.682, 3.642e-3
0.683, 3.696e-3
0.684, 3.750e-3
0.685, 3.805e-3
0.686, 3.861e-3
0.687, 3.916e-3
0.688, 3.971e-3
0.689, 4.027e-3
0.690, 4.083e-3
0.691, 4.139e-3
0.692, 4.196e-3
0.693, 4.252e-3
0.694, 4.309e-3
0.695, 4.366e-3
0.696, 4.423e-3
0.697, 4.481e-3
0.698, 4.538e-3
0.699, 4.596e-3
0.700, 4.654e-3
0.701, 4.712e-3
0.702, 4.770e-3
0.703, 4.829e-3
0.704, 4.887e-3
0.705, 4.945e-3
0.706, 5.004e-3
0.707, 5.063e-3
0.708, 5.123e-3
0.709, 5.182e-3
0.710, 5.242e-3
0.711, 5.302e-3
0.712, 5.362e-3
0.713, 5.422e-3
0.714, 5.482e-3
0.715, 5.543e-3
0.716, 5.604e-3
0.717, 5.667e-3
0.718, 5.728e-3
0.719, 5.789e-3
0.720, 5.850e-3
0.721, 5.911e-3
0.722, 5.972e-3
0.723, 6.034e-3
0.724, 6.095e-3
0.725, 6.157e-3
0.726, 6.219e-3
0.727, 6.281e-3
0.728, 6.343e-3
0.729, 6.405e-3
0.730, 6.467e-3
0.731, 6.529e-3
0.732, 6.592e-3
0.733, 6.655e-3
0.734, 6.718e-3
0.735, 6.781e-3
0.736, 6.844e-3
0.737, 6.907e-3
0.738, 6.970e-3
0.739, 7.034e-3
0.740, 7.098e-3
0.741, 7.162e-3
0.742, 7.225e-3
0.743, 7.289e-3
0.744, 7.353e-3
0.745, 7.417e-3
0.746, 7.481e-3
0.747, 7.545e-3
0.748, 7.609e-3
0.749, 7.673e-3
0.750, 7.738e-3
0.751, 7.802e-3
0.752, 7.867e-3
0.753, 7.932e-3
0.754, 7.996e-3
0.755, 8.061e-3
0.756, 8.125e-3
0.757, 8.190e-3
0.758, 8.256e-3
0.759, 8.321e-3
0.760, 8.386e-3
0.761, 8.452e-3
0.762, 8.517e-3
0.763, 8.583e-3
0.764, 8.649e-3
0.765, 8.714e-3
0.766, 8.780e-3
0.767, 8.845e-3
0.768, 8.911e-3
0.769, 8.977e-3
0.770, 9.043e-3
0.771, 9.109e-3
0.772, 9.175e-3
0.773, 9.241e-3
0.774, 9.307e-3
0.775, 9.374e-3
0.776, 9.441e-3
0.777, 9.507e-3
0.778, 9.574e-3
0.779, 9.640e-3
0.780, 9.707e-3
0.781, 9.774e-3
0.782, 9.840e-3
0.783, 9.907e-3
0.784, 9.974e-3
0.785, 1.004e-2
0.786, 1.011e-2
0.787, 1.018e-2
0.788, 1.024e-2
0.789, 1.031e-2
0.790, 1.038e-2
0.791, 1.045e-2
0.792, 1.051e-2
0.793, 1.058e-2
0.794, 1.065e-2
0.795, 1.072e-2
0.796, 1.078e-2
0.797, 1.085e-2
0.798, 1.092e-2
0.799, 1.099e-2
0.800, 1.103e-2
0.799, 1.099e-2
0.798, 1.092e-2
0.797, 1.085e-2
0.796, 1.078e-2
0.795, 1.071e-2
0.794, 1.064e-2
0.793, 1.057e-2
0.792, 1.050e-2
0.791, 1.043e-2
0.790, 1.036e-2
0.789, 1.029e-2
0.788, 1.023e-2
0.787, 1.016e-2
0.786, 1.009e-2
0.785, 1.002e-2
0.784, 9.951e-3
0.783, 9.883e-3
0.782, 9.815e-3
0.781, 9.747e-3
0.780, 9.679e-3
0.779, 9.611e-3
0.778, 9.543e-3
0.777, 9.476e-3
0.776, 9.409e-3
0.775, 9.341e-3
0.774, 9.273e-3
0.773, 9.205e-3
0.772, 9.138e-3
0.771, 9.071e-3
0.770, 9.003e-3
0.769, 8.937e-3
0.768, 8.870e-3
0.767, 8.802e-3
0.766, 8.736e-3
0.765, 8.669e-3
0.764, 8.602e-3
0.763, 8.536e-3
0.762, 8.469e-3
0.761, 8.403e-3
0.760, 8.337e-3
0.759, 8.270e-3
0.758, 8.204e-3
0.757, 8.137e-3
0.756, 8.072e-3
0.755, 8.007e-3
0.754, 7.941e-3
0.753, 7.876e-3
0.752, 7.810e-3
0.751, 7.745e-3
0.750, 7.679e-3
0.749, 7.614e-3
0.748, 7.549e-3
0.747, 7.484e-3
0.746, 7.419e-3
0.745, 7.356e-3
0.744, 7.291e-3
0.743, 7.226e-3
0.742, 7.161e-3
0.741, 7.097e-3
0.740, 7.033e-3
0.739, 6.969e-3
0.738, 6.905e-3
0.737, 6.841e-3
0.736, 6.777e-3
0.735, 6.713e-3
0.734, 6.649e-3
0.733, 6.585e-3
0.732, 6.522e-3
0.731, 6.460e-3
0.730, 6.397e-3
0.729, 6.335e-3
0.728, 6.272e-3
0.727, 6.209e-3
0.726, 6.147e-3
0.725, 6.085e-3
0.724, 6.022e-3
0.723, 5.960e-3
0.722, 5.898e-3
0.721, 5.837e-3
0.720, 5.775e-3
0.719, 5.714e-3
0.718, 5.653e-3
0.717, 5.590e-3
0.716, 5.527e-3
0.715, 5.466e-3
0.714, 5.405e-3
0.713, 5.344e-3
0.712, 5.284e-3
0.711, 5.224e-3
0.710, 5.164e-3
0.709, 5.104e-3
0.708, 5.044e-3
0.707, 4.984e-3
0.706, 4.925e-3
0.705, 4.866e-3
0.704, 4.807e-3
0.703, 4.748e-3
0.702, 4.689e-3
0.701, 4.631e-3
0.700, 4.572e-3
0.699, 4.514e-3
0.698, 4.456e-3
0.697, 4.398e-3
0.696, 4.341e-3
0.695, 4.283e-3
0.694, 4.227e-3
0.693, 4.169e-3
0.692, 4.113e-3
0.691, 4.056e-3
0.690, 3.999e-3
0.689, 3.943e-3
0.688, 3.887e-3
0.687, 3.831e-3
0.686, 3.776e-3
0.685, 3.721e-3
0.684, 3.666e-3
0.683, 3.611e-3
0.682, 3.556e-3
0.681, 3.502e-3
0.680, 3.447e-3
0.679, 3.393e-3
0.678, 3.341e-3
0.677, 3.288e-3
0.676, 3.235e-3
0.675, 3.182e-3
0.674, 3.129e-3
0.673, 3.077e-3
0.672, 3.025e-3
0.671, 2.973e-3
0.670, 2.922e-3
0.669, 2.871e-3
0.668, 2.820e-3
0.667, 2.769e-3
0.666, 2.719e-3
0.665, 2.669e-3
0.664, 2.619e-3
0.663, 2.570e-3
0.662, 2.522e-3
0.661, 2.473e-3
0.660, 2.424e-3
0.659, 2.376e-3
0.658, 2.328e-3
0.657, 2.281e-3
0.656, 2.234e-3
0.655, 2.187e-3
0.654, 2.141e-3
0.653, 2.095e-3
0.652, 2.050e-3
0.651, 2.005e-3
0.650, 1.960e-3
0.649, 1.916e-3
0.648, 1.872e-3
0.647, 1.828e-3
0.646, 1.785e-3
0.645, 1.742e-3
0.644, 1.700e-3
0.643, 1.658e-3
0.642, 1.616e-3
0.641, 1.575e-3
0.640, 1.534e-3
0.639, 1.493e-3
0.638, 1.454e-3
0.637, 1.414e-3
0.636, 1.376e-3
0.635, 1.338e-3
0.634, 1.300e-3
0.633, 1.263e-3
0.632, 1.226e-3
0.631, 1.189e-3
0.630, 1.154e-3
0.629, 1.119e-3
0.628, 1.084e-3
0.627, 1.050e-3
0.626, 1.016e-3
0.625, 9.828e-4
0.624, 9.500e-4
0.623, 9.179e-4
0.622, 8.864e-4
0.621, 8.550e-4
0.620, 8.241e-4
0.619, 7.941e-4
0.618, 7.645e-4
0.617, 7.356e-4
0.616, 7.069e-4
0.615, 6.788e-4
0.614, 6.537e-4
0.613, 6.263e-4
0.612, 6.001e-4
0.611, 5.748e-4
0.610, 5.497e-4
0.609, 5.250e-4
0.608, 5.010e-4
0.607, 4.773e-4
0.606, 4.548e-4
0.605, 4.328e-4
0.604, 4.108e-4
0.603, 3.895e-4
0.602, 3.692e-4
0.601, 3.496e-4
0.600, 3.299e-4
0.599, 3.110e-4
0.598, 2.926e-4
0.597, 2.744e-4
0.596, 2.571e-4
0.595, 2.409e-4
0.594, 2.243e-4
0.593, 2.087e-4
0.592, 1.937e-4
0.591, 1.784e-4
0.590, 1.649e-4
0.589, 1.502e-4
0.588, 1.368e-4
0.587, 1.239e-4
0.586, 1.119e-4
0.585, 1.000e-4
0.584, 8.863e-5
0.583, 7.725e-5
0.582, 6.665e-5
0.581, 5.639e-5
0.580, 4.606e-5
0.579, 3.667e-5
0.578, 2.768e-5
0.577, 1.900e-5
0.576, 1.095e-5
0.575, 2.353e-6
0.574, -5.595e-6
0.573, -1.299e-5
0.572, -2.049e-5
0.571, -2.726e-5
0.570, -3.425e-5
0.569, -4.101e-5
0.568, -4.693e-5
0.567, -5.293e-5
0.566, -5.839e-5
0.565, -6.460e-5
0.564, -6.947e-5
0.563, -7.447e-5
0.562, -7.957e-5
0.561, -8.397e-5
0.560, -8.860e-5
0.559, -9.298e-5
0.558, -9.667e-5
0.557, -1.008e-4
0.556, -1.047e-4
0.555, -1.081e-4
0.554, -1.123e-4
0.553, -1.154e-4
0.552, -1.186e-4
0.551, -1.214e-4
0.550, -1.237e-4
0.549, -1.272e-4
0.548, -1.304e-4
0.547, -1.327e-4
0.546, -1.357e-4
0.545, -1.384e-4
0.544, -1.410e-4
0.543, -1.434e-4
0.542, -1.456e-4
0.541, -1.480e-4
0.540, -1.502e-4
0.539, -1.524e-4
0.538, -1.549e-4
0.537, -1.572e-4
0.536, -1.591e-4
0.535, -1.608e-4
0.534, -1.626e-4
0.533, -1.643e-4
0.532, -1.662e-4
0.531, -1.678e-4
0.530, -1.696e-4
0.529, -1.713e-4
0.528, -1.726e-4
0.527, -1.742e-4
0.526, -1.757e-4
0.525, -1.773e-4
0.524, -1.787e-4
0.523, -1.803e-4
0.522, -1.819e-4
0.521, -1.833e-4
0.520, -1.851e-4
0.519, -1.867e-4
0.518, -1.878e-4
0.517, -1.895e-4
0.516, -1.910e-4
0.515, -1.922e-4
0.514, -1.939e-4
0.513, -1.953e-4
0.512, -1.985e-4
0.511, -2.004e-4
0.510, -2.011e-4
0.509, -2.021e-4
0.508, -2.028e-4
0.507, -2.042e-4
0.506, -2.057e-4
0.505, -2.076e-4
0.504, -2.095e-4
0.503, -2.109e-4
0.502, -2.122e-4
0.501, -2.137e-4
0.500, -2.150e-4
0.499, -2.163e-4
0.498, -2.182e-4
0.497, -2.199e-4
0.496, -2.214e-4
0.495, -2.230e-4
0.494, -2.244e-4
0.493, -2.267e-4
0.492, -2.286e-4
0.491, -2.304e-4
0.490, -2.322e-4
0.489, -2.342e-4
0.488, -2.367e-4
0.487, -2.387e-4
0.486, -2.411e-4
0.485, -2.432e-4
0.484, -2.451e-4
0.483, -2.474e-4
0.482, -2.495e-4
0.481, -2.517e-4
0.480, -2.542e-4
0.479, -2.573e-4
0.478, -2.600e-4
0.477, -2.628e-4
0.476, -2.654e-4
0.475, -2.685e-4
0.474, -2.715e-4
0.473, -2.742e-4
0.472, -2.776e-4
0.471, -2.812e-4
0.470, -2.848e-4
0.469, -2.886e-4
0.468, -2.927e-4
0.467, -2.966e-4
0.466, -3.007e-4
0.465, -3.052e-4
0.464, -3.104e-4
0.463, -3.145e-4
0.462, -3.193e-4
0.461, -3.248e-4
0.460, -3.299e-4
0.459, -3.356e-4
0.458, -3.414e-4
0.457, -3.472e-4
0.456, -3.533e-4
0.455, -3.604e-4
0.454, -3.668e-4
0.453, -3.740e-4
0.452, -3.816e-4
0.451, -3.892e-4
0.450, -3.968e-4
0.449, -4.052e-4
0.448, -4.133e-4
0.447, -4.220e-4
0.446, -4.314e-4
0.445, -4.415e-4
0.444, -4.518e-4
0.443, -4.623e-4
0.442, -4.733e-4
0.441, -4.846e-4
0.440, -4.965e-4
0.439, -5.088e-4
0.438, -5.209e-4
0.437, -5.340e-4
0.436, -5.475e-4
0.435, -5.617e-4
0.434, -5.761e-4
0.433, -5.901e-4
0.432, -6.049e-4
0.431, -6.201e-4
0.430, -6.355e-4
0.429, -6.518e-4
0.428, -6.677e-4
0.427, -6.844e-4
0.426, -7.012e-4
0.425, -7.177e-4
0.424, -7.347e-4
0.423, -7.519e-4
0.422, -7.685e-4
0.421, -7.866e-4
0.420, -8.043e-4
0.419, -8.218e-4
0.418, -8.401e-4
0.417, -8.579e-4
0.416, -8.760e-4
0.415, -8.943e-4
0.414, -9.121e-4
0.413, -9.305e-4
0.412, -9.486e-4
0.411, -9.667e-4
0.410, -9.821e-4
0.409, -9.913e-4
0.408, -1.010e-3
0.407, -1.030e-3
0.406, -1.049e-3
0.405, -1.068e-3
0.404, -1.088e-3
0.403, -1.108e-3
0.402, -1.127e-3
0.401, -1.147e-3
0.400, -1.168e-3
0.399, -1.188e-3
0.398, -1.208e-3
0.397, -1.229e-3
0.396, -1.249e-3
0.395, -1.270e-3
0.394, -1.291e-3
0.393, -1.312e-3
0.392, -1.334e-3
0.391, -1.355e-3
0.390, -1.377e-3
0.389, -1.398e-3
0.388, -1.420e-3
0.387, -1.442e-3
0.386, -1.463e-3
0.385, -1.485e-3
0.384, -1.506e-3
0.383, -1.528e-3
0.382, -1.548e-3
0.381, -1.568e-3
0.380, -1.588e-3
0.379, -1.608e-3
0.378, -1.627e-3
0.377, -1.644e-3
0.376, -1.662e-3
0.375, -1.679e-3
0.374, -1.693e-3
0.373, -1.707e-3
0.372, -1.720e-3
0.371, -1.731e-3
0.370, -1.741e-3
0.369, -1.748e-3
0.368, -1.754e-3
0.367, -1.757e-3
0.366, -1.759e-3
0.365, -1.757e-3
0.364, -1.753e-3
0.363, -1.746e-3
0.362, -1.735e-3
0.361, -1.720e-3
0.360, -1.701e-3
0.359, -1.678e-3
0.358, -1.651e-3
0.357, -1.620e-3
0.356, -1.583e-3
0.355, -1.542e-3
0.354, -1.497e-3
0.353, -1.447e-3
0.352, -1.393e-3
0.351, -1.336e-3
0.350, -1.275e-3
0.349, -1.212e-3
0.348, -1.146e-3
0.347, -1.080e-3
0.346, -1.014e-3
0.345, -9.481e-4
0.344, -8.846e-4
0.343, -8.235e-4
0.342, -7.649e-4
0.341, -7.102e-4
0.340, -6.592e-4
0.339, -6.122e-4
0.338, -5.692e-4
0.337, -5.296e-4
0.336, -4.937e-4
0.335, -4.612e-4
0.334, -4.315e-4
0.333, -4.048e-4
0.332, -3.813e-4
0.331, -3.593e-4
0.330, -3.391e-4
0.329, -3.209e-4
0.328, -3.044e-4
0.327, -2.893e-4
0.326, -2.755e-4
0.325, -2.629e-4
0.324, -2.511e-4
0.323, -2.404e-4
0.322, -2.303e-4
0.321, -2.213e-4
0.320, -2.128e-4
0.319, -2.046e-4
0.318, -1.973e-4
0.317, -1.905e-4
0.316, -1.842e-4
0.315, -1.781e-4
0.314, -1.727e-4
0.313, -1.676e-4
0.312, -1.626e-4
0.311, -1.578e-4
0.310, -1.532e-4
0.309, -1.489e-4
0.308, -1.449e-4
0.307, -1.417e-4
0.306, -1.379e-4
0.305, -1.342e-4
0.304, -1.308e-4
0.303, -1.277e-4
0.302, -1.244e-4
0.301, -1.216e-4
0.300, -1.191e-4
0.299, -1.167e-4
0.298, -1.143e-4
0.297, -1.116e-4
0.296, -1.089e-4
0.295, -1.068e-4
0.294, -1.046e-4
0.293, -1.026e-4
0.292, -1.007e-4
0.291, -9.867e-5
0.290, -9.676e-5
0.289, -9.497e-5
0.288, -9.328e-5
0.287, -9.177e-5
0.286, -9.022e-5
0.285, -8.858e-5
0.284, -8.690e-5
0.283, -8.530e-5
0.282, -8.390e-5
0.281, -8.263e-5
0.280, -8.118e-5
0.279, -7.999e-5
0.278, -7.863e-5
0.277, -7.746e-5
0.276, -7.626e-5
0.275, -7.501e-5
0.274, -7.383e-5
0.273, -7.263e-5
0.272, -7.163e-5
0.271, -7.066e-5
0.270, -6.966e-5
0.269, -6.880e-5
0.268, -6.799e-5
0.267, -6.717e-5
0.266, -6.637e-5
0.265, -6.553e-5
0.264, -6.449e-5
0.263, -6.362e-5
0.262, -6.272e-5
0.261, -6.186e-5
0.260, -6.098e-5
0.259, -6.015e-5
0.258, -5.942e-5
0.257, -5.857e-5
0.256, -5.787e-5
0.255, -5.720e-5
0.254, -5.649e-5
0.253, -5.577e-5
0.252, -5.518e-5
0.251, -5.459e-5
0.250, -5.403e-5
0.249, -5.330e-5
0.248, -5.265e-5
0.247, -5.213e-5
0.246, -5.147e-5
0.245, -5.088e-5
0.244, -5.022e-5
0.243, -4.966e-5
0.242, -4.910e-5
0.241, -4.859e-5
0.240, -4.806e-5
0.239, -4.753e-5
0.238, -4.706e-5
0.237, -4.655e-5
0.236, -4.604e-5
0.235, -4.567e-5
0.234, -4.519e-5
0.233, -4.476e-5
0.232, -4.439e-5
0.231, -4.401e-5
0.230, -4.357e-5
0.229, -4.314e-5
0.228, -4.271e-5
0.227, -4.233e-5
0.226, -4.195e-5
0.225, -4.155e-5
0.224, -4.121e-5
0.223, -4.083e-5
0.222, -4.045e-5
0.221, -4.006e-5
0.220, -3.967e-5
0.219, -3.929e-5
0.218, -3.892e-5
0.217, -3.847e-5
0.216, -3.812e-5
0.215, -3.779e-5
0.214, -3.746e-5
0.213, -3.703e-5
0.212, -3.679e-5
0.211, -3.636e-5
0.210, -3.603e-5
0.209, -3.570e-5
0.208, -3.541e-5
0.207, -3.508e-5
0.206, -3.480e-5
0.205, -3.443e-5
0.204, -3.415e-5
0.203, -3.398e-5
0.202, -3.370e-5
0.201, -3.338e-5
0.200, -3.096e-5
0.201, -2.637e-5
0.202, -2.459e-5
0.203, -2.331e-5
0.204, -2.228e-5
0.205, -2.150e-5
0.206, -2.072e-5
0.207, -2.001e-5
0.208, -1.948e-5
0.209, -1.886e-5
0.210, -1.836e-5
0.211, -1.782e-5
0.212, -1.733e-5
0.213, -1.677e-5
0.214, -1.635e-5
0.215, -1.595e-5
0.216, -1.546e-5
0.217, -1.511e-5
0.218, -1.467e-5
0.219, -1.421e-5
0.220, -1.377e-5
0.221, -1.343e-5
0.222, -1.301e-5
0.223, -1.271e-5
0.224, -1.231e-5
0.225, -1.193e-5
0.226, -1.162e-5
0.227, -1.140e-5
0.228, -1.093e-5
0.229, -1.074e-5
0.230, -1.041e-5
0.231, -1.006e-5
0.232, -9.861e-6
0.233, -9.569e-6
0.234, -9.227e-6
0.235, -9.032e-6
0.236, -8.778e-6
0.237, -8.494e-6
0.238, -8.309e-6
0.239, -7.977e-6
0.240, -7.762e-6
0.241, -7.479e-6
0.242, -7.303e-6
0.243, -7.030e-6
0.244, -6.805e-6
0.245, -6.591e-6
0.246, -6.337e-6
0.247, -6.132e-6
0.248, -5.907e-6
0.249, -5.614e-6
0.250, -5.429e-6
0.251, -5.224e-6
0.252, -4.999e-6
0.253, -4.765e-6
0.254, -4.550e-6
0.255, -4.335e-6
0.256, -4.071e-6
0.257, -3.808e-6
0.258, -3.642e-6
0.259, -3.388e-6
0.260, -3.203e-6
0.261, -2.988e-6
0.262, -2.753e-6
0.263, -2.500e-6
0.264, -2.314e-6
0.265, -2.070e-6
0.266, -1.836e-6
0.267, -1.601e-6
0.268, -1.406e-6
0.269, -1.260e-6
0.270, -9.569e-7
0.271, -7.030e-7
0.272, -5.175e-7
0.273, -3.124e-7
0.274, -2.929e-8
0.275, 2.148e-7
0.276, 3.710e-7
0.277, 5.858e-7
0.278, 9.276e-7
0.279, 1.103e-6
0.280, 1.367e-6
0.281, 1.552e-6
0.282, 1.845e-6
0.283, 2.050e-6
0.284, 2.226e-6
0.285, 2.470e-6
0.286, 2.753e-6
0.287, 2.968e-6
0.288, 3.281e-6
0.289, 3.505e-6
0.290, 3.671e-6
0.291, 4.023e-6
0.292, 4.267e-6
0.293, 4.491e-6
0.294, 4.745e-6
0.295, 4.940e-6
0.296, 5.272e-6
0.297, 5.546e-6
0.298, 5.751e-6
0.299, 6.063e-6
0.300, 6.259e-6
0.301, 6.503e-6
0.302, 6.835e-6
0.303, 7.069e-6
0.304, 7.381e-6
0.305, 7.655e-6
0.306, 8.065e-6
0.307, 8.436e-6
0.308, 8.768e-6
0.309, 8.953e-6
0.310, 9.246e-6
0.311, 9.510e-6
0.312, 9.988e-6
0.313, 1.026e-5
0.314, 1.058e-5
0.315, 1.093e-5
0.316, 1.134e-5
0.317, 1.160e-5
0.318, 1.194e-5
0.319, 1.226e-5
0.320, 1.260e-5
0.321, 1.297e-5
0.322, 1.326e-5
0.323, 1.367e-5
0.324, 1.404e-5
0.325, 1.433e-5
0.326, 1.470e-5
0.327, 1.504e-5
0.328, 1.543e-5
0.329, 1.580e-5
0.330, 1.618e-5
0.331, 1.657e-5
0.332, 1.692e-5
0.333, 1.727e-5
0.334, 1.771e-5
0.335, 1.811e-5
0.336, 1.851e-5
0.337, 1.895e-5
0.338, 1.936e-5
0.339, 1.980e-5
0.340, 2.025e-5
0.341, 2.076e-5
0.342, 2.121e-5
0.343, 2.163e-5
0.344, 2.211e-5
0.345, 2.264e-5
0.346, 2.300e-5
0.347, 2.356e-5
0.348, 2.406e-5
0.349, 2.448e-5
0.350, 2.497e-5
0.351, 2.545e-5
0.352, 2.597e-5
0.353, 2.659e-5
0.354, 2.707e-5
0.355, 2.757e-5
0.356, 2.808e-5
0.357, 2.857e-5
0.358, 2.901e-5
0.359, 2.953e-5
0.360, 3.006e-5
0.361, 3.064e-5
0.362, 3.122e-5
0.363, 3.167e-5
0.364, 3.228e-5
0.365, 3.280e-5
0.366, 3.349e-5
0.367, 3.420e-5
0.368, 3.474e-5
0.369, 3.544e-5
0.370, 3.606e-5
0.371, 3.662e-5
0.372, 3.731e-5
0.373, 3.798e-5
0.374, 3.859e-5
0.375, 3.921e-5
0.376, 3.988e-5
0.377, 4.063e-5
0.378, 4.124e-5
0.379, 4.194e-5
0.380, 4.266e-5
0.381, 4.341e-5
0.382, 4.427e-5
0.383, 4.501e-5
0.384, 4.574e-5
0.385, 4.671e-5
0.386, 4.736e-5
0.387, 4.837e-5
0.388, 4.915e-5
0.389, 4.989e-5
0.390, 5.085e-5
0.391, 5.170e-5
0.392, 5.258e-5
0.393, 5.351e-5
0.394, 5.433e-5
0.395, 5.527e-5
0.396, 5.634e-5
0.397, 5.720e-5
0.398, 5.834e-5
0.399, 5.938e-5
0.400, 6.061e-5
0.401, 6.179e-5
0.402, 6.278e-5
0.403, 6.398e-5
0.404, 6.518e-5
0.405, 6.631e-5
0.406, 6.769e-5
0.407, 6.882e-5
0.408, 7.036e-5
0.409, 7.165e-5
0.410, 7.050e-5
0.411, 7.338e-5
0.412, 7.546e-5
0.413, 7.715e-5
0.414, 7.901e-5
0.415, 8.091e-5
0.416, 8.299e-5
0.417, 8.549e-5
0.418, 8.760e-5
0.419, 8.990e-5
0.420, 9.233e-5
0.421, 9.508e-5
0.422, 9.805e-5
0.423, 1.009e-4
0.424, 1.044e-4
0.425, 1.081e-4
0.426, 1.121e-4
0.427, 1.164e-4
0.428, 1.210e-4
0.429, 1.259e-4
0.430, 1.313e-4
0.431, 1.379e-4
0.432, 1.446e-4
0.433, 1.520e-4
0.434, 1.605e-4
0.435, 1.695e-4
0.436, 1.796e-4
0.437, 1.908e-4
0.438, 2.028e-4
0.439, 2.162e-4
0.440, 2.305e-4
0.441, 2.463e-4
0.442, 2.637e-4
0.443, 2.826e-4
0.444, 3.033e-4
0.445, 3.256e-4
0.446, 3.498e-4
0.447, 3.756e-4
0.448, 4.037e-4
0.449, 4.337e-4
0.450, 4.658e-4
0.451, 5.003e-4
0.452, 5.369e-4
0.453, 5.757e-4
0.454, 6.166e-4
0.455, 6.598e-4
0.456, 7.055e-4
0.457, 7.535e-4
0.458, 8.030e-4
0.459, 8.550e-4
0.460, 9.088e-4
0.461, 9.642e-4
0.462, 1.021e-3
0.463, 1.079e-3
0.464, 1.138e-3
0.465, 1.197e-3
0.466, 1.257e-3
0.467, 1.318e-3
0.468, 1.378e-3
0.469, 1.438e-3
0.470, 1.498e-3
0.471, 1.557e-3
0.472, 1.615e-3
0.473, 1.672e-3
0.474, 1.727e-3
0.475, 1.782e-3
0.476, 1.835e-3
0.477, 1.887e-3
0.478, 1.938e-3
0.479, 1.986e-3
0.480, 2.034e-3
0.481, 2.078e-3
0.482, 2.121e-3
0.483, 2.162e-3
0.484, 2.201e-3
0.485, 2.237e-3
0.486, 2.271e-3
0.487, 2.304e-3
0.488, 2.334e-3
0.489, 2.361e-3
0.490, 2.385e-3
0.491, 2.407e-3
0.492, 2.426e-3
0.493, 2.441e-3
0.494, 2.453e-3
0.495, 2.462e-3
0.496, 2.468e-3
0.497, 2.470e-3
0.498, 2.468e-3
0.499, 2.462e-3
0.500, 2.451e-3
0.501, 2.436e-3
0.502, 2.418e-3
0.503, 2.394e-3
0.504, 2.366e-3
0.505, 2.333e-3
0.506, 2.296e-3
0.507, 2.255e-3
0.508, 2.209e-3
0.509, 2.158e-3
0.510, 2.104e-3
0.511, 2.046e-3
0.512, 1.987e-3
0.513, 1.925e-3
0.514, 1.859e-3
0.515, 1.792e-3
0.516, 1.725e-3
0.517, 1.657e-3
0.518, 1.590e-3
0.519, 1.523e-3
0.520, 1.456e-3
0.521, 1.392e-3
0.522, 1.328e-3
0.523, 1.266e-3
0.524, 1.206e-3
0.525, 1.146e-3
0.526, 1.088e-3
0.527, 1.032e-3
0.528, 9.786e-4
0.529, 9.270e-4
0.530, 8.771e-4
0.531, 8.301e-4
0.532, 7.853e-4
0.533, 7.428e-4
0.534, 7.030e-4
0.535, 6.658e-4
0.536, 6.313e-4
0.537, 5.999e-4
0.538, 5.711e-4
0.539, 5.446e-4
0.540, 5.199e-4
0.541, 4.977e-4
0.542, 4.773e-4
0.543, 4.588e-4
0.544, 4.420e-4
0.545, 4.272e-4
0.546, 4.138e-4
0.547, 4.020e-4
0.548, 3.911e-4
0.549, 3.805e-4
0.550, 3.717e-4
0.551, 3.637e-4
0.552, 3.569e-4
0.553, 3.506e-4
0.554, 3.452e-4
0.555, 3.407e-4
0.556, 3.361e-4
0.557, 3.325e-4
0.558, 3.295e-4
0.559, 3.260e-4
0.560, 3.238e-4
0.561, 3.222e-4
0.562, 3.208e-4
0.563, 3.200e-4
0.564, 3.193e-4
0.565, 3.189e-4
0.566, 3.187e-4
0.567, 3.190e-4
0.568, 3.200e-4
0.569, 3.209e-4
0.570, 3.223e-4
0.571, 3.240e-4
0.572, 3.259e-4
0.573, 3.287e-4
0.574, 3.317e-4
0.575, 3.348e-4
0.576, 3.380e-4
0.577, 3.418e-4
0.578, 3.461e-4
0.579, 3.511e-4
0.580, 3.563e-4
0.581, 3.615e-4
0.582, 3.678e-4
0.583, 3.736e-4
0.584, 3.801e-4
0.585, 3.877e-4
0.586, 3.953e-4
0.587, 4.036e-4
0.588, 4.121e-4
0.589, 4.215e-4
0.590, 4.312e-4
0.591, 4.410e-4
0.592, 4.511e-4
0.593, 4.621e-4
0.594, 4.734e-4
0.595, 4.863e-4
0.596, 4.989e-4
0.597, 5.120e-4
0.598, 5.258e-4
0.599, 5.399e-4
0.600, 5.549e-4
0.601, 5.707e-4
0.602, 5.860e-4
0.603, 6.030e-4
0.604, 6.200e-4
0.605, 6.382e-4
0.606, 6.569e-4
0.607, 6.764e-4
0.608, 6.964e-4
0.609, 7.166e-4
0.610, 7.378e-4
0.611, 7.599e-4
0.612, 7.824e-4
0.613, 8.050e-4
0.614, 8.291e-4
0.615, 8.519e-4
0.616, 8.775e-4
0.617, 9.035e-4
0.618, 9.295e-4
0.619, 9.565e-4
0.620, 9.838e-4
0.621, 1.012e-3
0.622, 1.041e-3
0.623, 1.070e-3
0.624, 1.100e-3
0.625, 1.131e-3
0.626, 1.162e-3
0.627, 1.193e-3
0.628, 1.226e-3
0.629, 1.259e-3
0.630, 1.292e-3
0.631, 1.326e-3
0.632, 1.361e-3
0.633, 1.396e-3
0.634, 1.432e-3
0.635, 1.469e-3
0.636, 1.506e-3
0.637, 1.543e-3
0.638, 1.581e-3
0.639, 1.620e-3
0.640, 1.659e-3
0.641, 1.699e-3
0.642, 1.739e-3
0.643, 1.780e-3
0.644, 1.820e-3
0.645, 1.862e-3
0.646, 1.904e-3
0.647, 1.946e-3
0.648, 1.989e-3
0.649, 2.033e-3
0.650, 2.077e-3
0.651, 2.121e-3
0.652, 2.165e-3
0.653, 2.210e-3
0.654, 2.255e-3
0.655, 2.301e-3
0.656, 2.347e-3
0.657, 2.394e-3
0.658, 2.441e-3
0.659, 2.488e-3
0.660, 2.536e-3
0.661, 2.584e-3
0.662, 2.632e-3
0.663, 2.681e-3
0.664, 2.730e-3
0.665, 2.779e-3
0.666, 2.829e-3
0.667, 2.879e-3
0.668, 2.929e-3
0.669, 2.980e-3
0.670, 3.031e-3
0.671, 3.082e-3
0.672, 3.134e-3
0.673, 3.186e-3
0.674, 3.238e-3
0.675, 3.291e-3
0.676, 3.343e-3
0.677, 3.396e-3
0.678, 3.449e-3
0.679, 3.502e-3
0.680, 3.556e-3
0.681, 3.610e-3
0.682, 3.665e-3
0.683, 3.719e-3
0.684, 3.774e-3
0.685, 3.829e-3
0.686, 3.884e-3
0.687, 3.940e-3
0.688, 3.996e-3
0.689, 4.052e-3
0.690, 4.108e-3
0.691, 4.164e-3
0.692, 4.221e-3
0.693, 4.277e-3
0.694, 4.334e-3
0.695, 4.391e-3
0.696, 4.448e-3
0.697, 4.506e-3
0.698, 4.563e-3
0.699, 4.621e-3
0.700, 4.680e-3
0.701, 4.738e-3
0.702, 4.797e-3
0.703, 4.855e-3
0.704, 4.913e-3
0.705, 4.972e-3
0.706, 5.031e-3
0.707, 5.090e-3
0.708, 5.150e-3
0.709, 5.210e-3
0.710, 5.270e-3
0.711, 5.329e-3
0.712, 5.390e-3
0.713, 5.450e-3
0.714, 5.510e-3
0.715, 5.571e-3
0.716, 5.632e-3
0.717, 5.695e-3
0.718, 5.757e-3
0.719, 5.818e-3
0.720, 5.879e-3
0.721, 5.940e-3
0.722, 6.002e-3
0.723, 6.063e-3
0.724, 6.125e-3
0.725, 6.187e-3
0.726, 6.249e-3
0.727, 6.311e-3
0.728, 6.373e-3
0.729, 6.436e-3
0.730, 6.497e-3
0.731, 6.560e-3
0.732, 6.623e-3
0.733, 6.686e-3
0.734, 6.749e-3
0.735, 6.812e-3
0.736, 6.875e-3
0.737, 6.938e-3
0.738, 7.002e-3
0.739, 7.066e-3
0.740, 7.129e-3
0.741, 7.193e-3
0.742, 7.257e-3
0.743, 7.322e-3
0.744, 7.385e-3
0.745, 7.449e-3
0.746, 7.513e-3
0.747, 7.578e-3
0.748, 7.642e-3
0.749, 7.706e-3
0.750, 7.771e-3
0.751, 7.836e-3
0.752, 7.901e-3
0.753, 7.965e-3
0.754, 8.030e-3
0.755, 8.095e-3
0.756, 8.159e-3
0.757, 8.225e-3
0.758, 8.290e-3
0.759, 8.355e-3
0.760, 8.420e-3
0.761, 8.486e-3
0.762, 8.551e-3
0.763, 8.617e-3
0.764, 8.683e-3
0.765, 8.749e-3
0.766, 8.815e-3
0.767, 8.880e-3
0.768, 8.946e-3
0.769, 9.012e-3
0.770, 9.078e-3
0.771, 9.144e-3
0.772, 9.210e-3
0.773, 9.276e-3
0.774, 9.343e-3
0.775, 9.410e-3
0.776, 9.476e-3
0.777, 9.543e-3
0.778, 9.609e-3
0.779, 9.676e-3
0.780, 9.743e-3
0.781, 9.810e-3
0.782, 9.877e-3
0.783, 9.944e-3
0.784, 1.001e-2
0.785, 1.008e-2
0.786, 1.014e-2
0.787, 1.021e-2
0.788, 1.028e-2
0.789, 1.035e-2
0.790, 1.041e-2
0.791, 1.048e-2
0.792, 1.055e-2
0.793, 1.062e-2
0.794, 1.068e-2
0.795, 1.075e-2
0.796, 1.082e-2
0.797, 1.089e-2
0.798, 1.096e-2
0.799, 1.102e-2
0.800, 1.107e-2
0.799, 1.102e-2
0.798, 1.095e-2
0.797, 1.088e-2
0.796, 1.081e-2
0.795, 1.075e-2
0.794, 1.068e-2
0.793, 1.061e-2
0.792, 1.054e-2
0.791, 1.047e-2
0.790, 1.040e-2
0.789, 1.033e-2
0.788, 1.026e-2
0.787, 1.019e-2
0.786, 1.013e-2
0.785, 1.006e-2
0.784, 9.988e-3
0.783, 9.920e-3
0.782, 9.852e-3
0.781, 9.784e-3
0.780, 9.716e-3
0.779, 9.648e-3
0.778, 9.580e-3
0.777, 9.512e-3
0.776, 9.444e-3
0.775, 9.377e-3
0.774, 9.309e-3
0.773, 9.241e-3
0.772, 9.174e-3
0.771, 9.107e-3
0.770, 9.039e-3
0.769, 8.972e-3
0.768, 8.905e-3
0.767, 8.838e-3
0.766, 8.772e-3
0.765, 8.705e-3
0.764, 8.638e-3
0.763, 8.571e-3
0.762, 8.504e-3
0.761, 8.437e-3
0.760, 8.371e-3
0.759, 8.305e-3
0.758, 8.239e-3
0.757, 8.172e-3
0.756, 8.106e-3
0.755, 8.041e-3
0.754, 7.975e-3
0.753, 7.910e-3
0.752, 7.845e-3
0.751, 7.779e-3
0.750, 7.713e-3
0.749, 7.648e-3
0.748, 7.583e-3
0.747, 7.518e-3
0.746, 7.453e-3
0.745, 7.389e-3
0.744, 7.324e-3
0.743, 7.259e-3
0.742, 7.195e-3
0.741, 7.130e-3
0.740, 7.065e-3
0.739, 7.001e-3
0.738, 6.937e-3
0.737, 6.873e-3
0.736, 6.810e-3
0.735, 6.746e-3
0.734, 6.682e-3
0.733, 6.618e-3
0.732, 6.555e-3
0.731, 6.492e-3
0.730, 6.429e-3
0.729, 6.367e-3
0.728, 6.304e-3
0.727, 6.241e-3
0.726, 6.179e-3
0.725, 6.116e-3
0.724, 6.053e-3
0.723, 5.991e-3
0.722, 5.929e-3
0.721, 5.867e-3
0.720, 5.806e-3
0.719, 5.744e-3
0.718, 5.683e-3
0.717, 5.620e-3
0.716, 5.557e-3
0.715, 5.496e-3
0.714, 5.435e-3
0.713, 5.374e-3
0.712, 5.314e-3
0.711, 5.253e-3
0.710, 5.193e-3
0.709, 5.133e-3
0.708, 5.073e-3
0.707, 5.013e-3
0.706, 4.953e-3
0.705, 4.894e-3
0.704, 4.835e-3
0.703, 4.777e-3
0.702, 4.718e-3
0.701, 4.659e-3
0.700, 4.600e-3
0.699, 4.542e-3
0.698, 4.484e-3
0.697, 4.426e-3
0.696, 4.368e-3
0.695, 4.311e-3
0.694, 4.254e-3
0.693, 4.196e-3
0.692, 4.139e-3
0.691, 4.082e-3
0.690, 4.026e-3
0.689, 3.969e-3
0.688, 3.913e-3
0.687, 3.857e-3
0.686, 3.801e-3
0.685, 3.745e-3
0.684, 3.690e-3
0.683, 3.636e-3
0.682, 3.581e-3
0.681, 3.526e-3
0.680, 3.472e-3
0.679, 3.418e-3
0.678, 3.364e-3
0.677, 3.311e-3
0.676, 3.258e-3
0.675, 3.205e-3
0.674, 3.152e-3
0.673, 3.100e-3
0.672, 3.047e-3
0.671, 2.995e-3
0.670, 2.944e-3
0.669, 2.893e-3
0.668, 2.841e-3
0.667, 2.791e-3
0.666, 2.740e-3
0.665, 2.690e-3
0.664, 2.640e-3
0.663, 2.591e-3
0.662, 2.542e-3
0.661, 2.493e-3
0.660, 2.444e-3
0.659, 2.396e-3
0.658, 2.348e-3
0.657, 2.300e-3
0.656, 2.253e-3
0.655, 2.206e-3
0.654, 2.160e-3
0.653, 2.114e-3
0.652, 2.068e-3
0.651, 2.023e-3
0.650, 1.978e-3
0.649, 1.933e-3
0.648, 1.889e-3
0.647, 1.845e-3
0.646, 1.801e-3
0.645, 1.758e-3
0.644, 1.716e-3
0.643, 1.674e-3
0.642, 1.632e-3
0.641, 1.591e-3
0.640, 1.549e-3
0.639, 1.509e-3
0.638, 1.469e-3
0.637, 1.429e-3
0.636, 1.390e-3
0.635, 1.352e-3
0.634, 1.314e-3
0.633, 1.276e-3
0.632, 1.239e-3
0.631, 1.202e-3
0.630, 1.166e-3
0.629, 1.131e-3
0.628, 1.096e-3
0.627, 1.062e-3
0.626, 1.028e-3
0.625, 9.943e-4
0.624, 9.616e-4
0.623, 9.291e-4
0.622, 8.970e-4
0.621, 8.653e-4
0.620, 8.341e-4
0.619, 8.039e-4
0.618, 7.742e-4
0.617, 7.448e-4
0.616, 7.162e-4
0.615, 6.883e-4
0.614, 6.625e-4
0.613, 6.350e-4
0.612, 6.081e-4
0.611, 5.827e-4
0.610, 5.574e-4
0.609, 5.325e-4
0.608, 5.086e-4
0.607, 4.848e-4
0.606, 4.619e-4
0.605, 4.395e-4
0.604, 4.172e-4
0.603, 3.959e-4
0.602, 3.750e-4
0.601, 3.555e-4
0.600, 3.354e-4
0.599, 3.162e-4
0.598, 2.977e-4
0.597, 2.794e-4
0.596, 2.621e-4
0.595, 2.449e-4
0.594, 2.284e-4
0.593, 2.127e-4
0.592, 1.973e-4
0.591, 1.823e-4
0.590, 1.683e-4
0.589, 1.539e-4
0.588, 1.401e-4
0.587, 1.273e-4
0.586, 1.147e-4
0.585, 1.030e-4
0.584, 9.131e-5
0.583, 7.954e-5
0.582, 6.885e-5
0.581, 5.846e-5
0.580, 4.831e-5
0.579, 3.877e-5
0.578, 2.946e-5
0.577, 2.061e-5
0.576, 1.217e-5
0.575, 3.603e-6
0.574, -4.169e-6
0.573, -1.224e-5
0.572, -1.965e-5
0.571, -2.662e-5
0.570, -3.314e-5
0.569, -3.983e-5
0.568, -4.598e-5
0.567, -5.242e-5
0.566, -5.795e-5
0.565, -6.389e-5
0.564, -6.912e-5
0.563, -7.416e-5
0.562, -7.915e-5
0.561, -8.379e-5
0.560, -8.846e-5
0.559, -9.294e-5
0.558, -9.696e-5
0.557, -1.012e-4
0.556, -1.048e-4
0.555, -1.082e-4
0.554, -1.122e-4
0.553, -1.158e-4
0.552, -1.185e-4
0.551, -1.216e-4
0.550, -1.244e-4
0.549, -1.278e-4
0.548, -1.307e-4
0.547, -1.334e-4
0.546, -1.362e-4
0.545, -1.392e-4
0.544, -1.417e-4
0.543, -1.442e-4
0.542, -1.466e-4
0.541, -1.489e-4
0.540, -1.510e-4
0.539, -1.530e-4
0.538, -1.553e-4
0.537, -1.578e-4
0.536, -1.598e-4
0.535, -1.615e-4
0.534, -1.633e-4
0.533, -1.655e-4
0.532, -1.673e-4
0.531, -1.686e-4
0.530, -1.705e-4
0.529, -1.722e-4
0.528, -1.737e-4
0.527, -1.751e-4
0.526, -1.766e-4
0.525, -1.781e-4
0.524, -1.797e-4
0.523, -1.814e-4
0.522, -1.828e-4
0.521, -1.841e-4
0.520, -1.861e-4
0.519, -1.878e-4
0.518, -1.888e-4
0.517, -1.903e-4
0.516, -1.921e-4
0.515, -1.932e-4
0.514, -1.948e-4
0.513, -1.961e-4
0.512, -1.997e-4
0.511, -2.018e-4
0.510, -2.021e-4
0.509, -2.029e-4
0.508, -2.041e-4
0.507, -2.056e-4
0.506, -2.070e-4
0.505, -2.084e-4
0.504, -2.100e-4
0.503, -2.120e-4
0.502, -2.133e-4
0.501, -2.147e-4
0.500, -2.162e-4
0.499, -2.170e-4
0.498, -2.188e-4
0.497, -2.206e-4
0.496, -2.221e-4
0.495, -2.239e-4
0.494, -2.255e-4
0.493, -2.277e-4
0.492, -2.298e-4
0.491, -2.314e-4
0.490, -2.333e-4
0.489, -2.353e-4
0.488, -2.374e-4
0.487, -2.398e-4
0.486, -2.420e-4
0.485, -2.441e-4
0.484, -2.461e-4
0.483, -2.481e-4
0.482, -2.507e-4
0.481, -2.530e-4
0.480, -2.557e-4
0.479, -2.587e-4
0.478, -2.615e-4
0.477, -2.639e-4
0.476, -2.666e-4
0.475, -2.695e-4
0.474, -2.727e-4
0.473, -2.751e-4
0.472, -2.782e-4
0.471, -2.822e-4
0.470, -2.859e-4
0.469, -2.895e-4
0.468, -2.935e-4
0.467, -2.975e-4
0.466, -3.018e-4
0.465, -3.063e-4
0.464, -3.109e-4
0.463, -3.153e-4
0.462, -3.203e-4
0.461, -3.255e-4
0.460, -3.310e-4
0.459, -3.370e-4
0.458, -3.424e-4
0.457, -3.484e-4
0.456, -3.551e-4
0.455, -3.616e-4
0.454, -3.682e-4
0.453, -3.752e-4
0.452, -3.829e-4
0.451, -3.901e-4
0.450, -3.978e-4
0.449, -4.063e-4
0.448, -4.144e-4
0.447, -4.234e-4
0.446, -4.331e-4
0.445, -4.433e-4
0.444, -4.534e-4
0.443, -4.642e-4
0.442, -4.753e-4
0.441, -4.865e-4
0.440, -4.989e-4
0.439, -5.108e-4
0.438, -5.233e-4
0.437, -5.366e-4
0.436, -5.500e-4
0.435, -5.646e-4
0.434, -5.785e-4
0.433, -5.924e-4
0.432, -6.072e-4
0.431, -6.231e-4
0.430, -6.385e-4
0.429, -6.551e-4
0.428, -6.714e-4
0.427, -6.880e-4
0.426, -7.049e-4
0.425, -7.216e-4
0.424, -7.394e-4
0.423, -7.566e-4
0.422, -7.735e-4
0.421, -7.918e-4
0.420, -8.097e-4
0.419, -8.274e-4
0.418, -8.457e-4
0.417, -8.638e-4
0.416, -8.822e-4
0.415, -9.003e-4
0.414, -9.187e-4
0.413, -9.375e-4
0.412, -9.554e-4
0.411, -9.735e-4
0.410, -9.899e-4
0.409, -9.991e-4
0.408, -1.018e-3
0.407, -1.038e-3
0.406, -1.057e-3
0.405, -1.077e-3
0.404, -1.097e-3
0.403, -1.117e-3
0.402, -1.137e-3
0.401, -1.157e-3
0.400, -1.178e-3
0.399, -1.198e-3
0.398, -1.219e-3
0.397, -1.239e-3
0.396, -1.260e-3
0.395, -1.281e-3
0.394, -1.303e-3
0.393, -1.324e-3
0.392, -1.346e-3
0.391, -1.367e-3
0.390, -1.389e-3
0.389, -1.411e-3
0.388, -1.433e-3
0.387, -1.455e-3
0.386, -1.477e-3
0.385, -1.499e-3
0.384, -1.521e-3
0.383, -1.543e-3
0.382, -1.564e-3
0.381, -1.584e-3
0.380, -1.605e-3
0.379, -1.625e-3
0.378, -1.644e-3
0.377, -1.663e-3
0.376, -1.681e-3
0.375, -1.698e-3
0.374, -1.714e-3
0.373, -1.729e-3
0.372, -1.742e-3
0.371, -1.753e-3
0.370, -1.764e-3
0.369, -1.772e-3
0.368, -1.779e-3
0.367, -1.783e-3
0.366, -1.785e-3
0.365, -1.785e-3
0.364, -1.782e-3
0.363, -1.775e-3
0.362, -1.765e-3
0.361, -1.752e-3
0.360, -1.735e-3
0.359, -1.713e-3
0.358, -1.687e-3
0.357, -1.657e-3
0.356, -1.622e-3
0.355, -1.581e-3
0.354, -1.537e-3
0.353, -1.487e-3
0.352, -1.434e-3
0.351, -1.377e-3
0.350, -1.316e-3
0.349, -1.252e-3
0.348, -1.185e-3
0.347, -1.118e-3
0.346, -1.050e-3
0.345, -9.818e-4
0.344, -9.160e-4
0.343, -8.525e-4
0.342, -7.916e-4
0.341, -7.343e-4
0.340, -6.808e-4
0.339, -6.314e-4
0.338, -5.863e-4
0.337, -5.449e-4
0.336, -5.071e-4
0.335, -4.731e-4
0.334, -4.421e-4
0.333, -4.142e-4
0.332, -3.895e-4
0.331, -3.667e-4
0.330, -3.458e-4
0.329, -3.268e-4
0.328, -3.099e-4
0.327, -2.942e-4
0.326, -2.800e-4
0.325, -2.671e-4
0.324, -2.549e-4
0.323, -2.439e-4
0.322, -2.338e-4
0.321, -2.244e-4
0.320, -2.158e-4
0.319, -2.076e-4
0.318, -2.000e-4
0.317, -1.930e-4
0.316, -1.866e-4
0.315, -1.804e-4
0.314, -1.748e-4
0.313, -1.696e-4
0.312, -1.646e-4
0.311, -1.596e-4
0.310, -1.551e-4
0.309, -1.508e-4
0.308, -1.467e-4
0.307, -1.434e-4
0.306, -1.395e-4
0.305, -1.357e-4
0.304, -1.323e-4
0.303, -1.291e-4
0.302, -1.260e-4
0.301, -1.230e-4
0.300, -1.204e-4
0.299, -1.179e-4
0.298, -1.156e-4
0.297, -1.131e-4
0.296, -1.104e-4
0.295, -1.080e-4
0.294, -1.057e-4
0.293, -1.037e-4
0.292, -1.018e-4
0.291, -9.982e-5
0.290, -9.791e-5
0.289, -9.607e-5
0.288, -9.435e-5
0.287, -9.282e-5
0.286, -9.118e-5
0.285, -8.964e-5
0.284, -8.815e-5
0.283, -8.649e-5
0.282, -8.488e-5
0.281, -8.354e-5
0.280, -8.214e-5
0.279, -8.093e-5
0.278, -7.974e-5
0.277, -7.838e-5
0.276, -7.719e-5
0.275, -7.593e-5
0.274, -7.475e-5
0.273, -7.362e-5
0.272, -7.251e-5
0.271, -7.154e-5
0.270, -7.052e-5
0.269, -6.960e-5
0.268, -6.869e-5
0.267, -6.791e-5
0.266, -6.713e-5
0.265, -6.626e-5
0.264, -6.551e-5
0.263, -6.462e-5
0.262, -6.365e-5
0.261, -6.274e-5
0.260, -6.185e-5
0.259, -6.099e-5
0.258, -6.017e-5
0.257, -5.936e-5
0.256, -5.861e-5
0.255, -5.788e-5
0.254, -5.718e-5
0.253, -5.655e-5
0.252, -5.592e-5
0.251, -5.523e-5
0.250, -5.471e-5
0.249, -5.401e-5
0.248, -5.342e-5
0.247, -5.283e-5
0.246, -5.224e-5
0.245, -5.159e-5
0.244, -5.101e-5
0.243, -5.037e-5
0.242, -4.981e-5
0.241, -4.929e-5
0.240, -4.874e-5
0.239, -4.823e-5
0.238, -4.774e-5
0.237, -4.722e-5
0.236, -4.671e-5
0.235, -4.627e-5
0.234, -4.580e-5
0.233, -4.530e-5
0.232, -4.489e-5
0.231, -4.452e-5
0.230, -4.414e-5
0.229, -4.375e-5
0.228, -4.340e-5
0.227, -4.294e-5
0.226, -4.256e-5
0.225, -4.215e-5
0.224, -4.173e-5
0.223, -4.146e-5
0.222, -4.104e-5
0.221, -4.070e-5
0.220, -4.020e-5
0.219, -3.977e-5
0.218, -3.942e-5
0.217, -3.908e-5
0.216, -3.875e-5
0.215, -3.840e-5
0.214, -3.797e-5
0.213, -3.766e-5
0.212, -3.738e-5
0.211, -3.700e-5
0.210, -3.664e-5
0.209, -3.636e-5
0.208, -3.600e-5
0.207, -3.565e-5
0.206, -3.537e-5
0.205, -3.505e-5
0.204, -3.476e-5
0.203, -3.451e-5
0.202, -3.429e-5
0.201, -3.395e-5
0.200, -3.141e-5
0.201, -2.677e-5
0.202, -2.498e-5
0.203, -2.373e-5
0.204, -2.270e-5
0.205, -2.190e-5
0.206, -2.106e-5
0.207, -2.035e-5
0.208, -1.973e-5
0.209, -1.921e-5
0.210, -1.870e-5
0.211, -1.819e-5
0.212, -1.775e-5
0.213, -1.722e-5
0.214, -1.679e-5
0.215, -1.635e-5
0.216, -1.590e-5
0.217, -1.550e-5
0.218, -1.512e-5
0.219, -1.456e-5
0.220, -1.422e-5
0.221, -1.384e-5
0.222, -1.347e-5
0.223, -1.310e-5
0.224, -1.276e-5
0.225, -1.234e-5
0.226, -1.202e-5
0.227, -1.169e-5
0.228, -1.141e-5
0.229, -1.105e-5
0.230, -1.085e-5
0.231, -1.045e-5
0.232, -1.017e-5
0.233, -9.891e-6
0.234, -9.559e-6
0.235, -9.344e-6
0.236, -9.061e-6
0.237, -8.846e-6
0.238, -8.563e-6
0.239, -8.260e-6
0.240, -8.084e-6
0.241, -7.821e-6
0.242, -7.596e-6
0.243, -7.333e-6
0.244, -7.137e-6
0.245, -6.854e-6
0.246, -6.552e-6
0.247, -6.376e-6
0.248, -6.151e-6
0.249, -5.917e-6
0.250, -5.643e-6
0.251, -5.448e-6
0.252, -5.243e-6
0.253, -5.019e-6
0.254, -4.735e-6
0.255, -4.530e-6
0.256, -4.306e-6
0.257, -4.071e-6
0.258, -3.925e-6
0.259, -3.593e-6
0.260, -3.466e-6
0.261, -3.232e-6
0.262, -3.046e-6
0.263, -2.812e-6
0.264, -2.568e-6
0.265, -2.275e-6
0.266, -2.080e-6
0.267, -1.826e-6
0.268, -1.533e-6
0.269, -1.484e-6
0.270, -1.230e-6
0.271, -9.276e-7
0.272, -7.518e-7
0.273, -5.175e-7
0.274, -2.539e-7
0.275, -3.906e-8
0.276, 1.953e-7
0.277, 3.808e-7
0.278, 6.444e-7
0.279, 9.569e-7
0.280, 1.123e-6
0.281, 1.328e-6
0.282, 1.631e-6
0.283, 1.875e-6
0.284, 2.050e-6
0.285, 2.304e-6
0.286, 2.578e-6
0.287, 2.831e-6
0.288, 3.017e-6
0.289, 3.271e-6
0.290, 3.505e-6
0.291, 3.798e-6
0.292, 4.111e-6
0.293, 4.286e-6
0.294, 4.550e-6
0.295, 4.745e-6
0.296, 5.028e-6
0.297, 5.341e-6
0.298, 5.614e-6
0.299, 5.839e-6
0.300, 6.151e-6
0.301, 6.376e-6
0.302, 6.708e-6
0.303, 7.049e-6
0.304, 7.245e-6
0.305, 7.538e-6
0.306, 7.870e-6
0.307, 8.260e-6
0.308, 8.543e-6
0.309, 8.797e-6
0.310, 9.090e-6
0.311, 9.490e-6
0.312, 9.793e-6
0.313, 1.013e-5
0.314, 1.047e-5
0.315, 1.083e-5
0.316, 1.115e-5
0.317, 1.142e-5
0.318, 1.183e-5
0.319, 1.217e-5
0.320, 1.244e-5
0.321, 1.285e-5
0.322, 1.319e-5
0.323, 1.353e-5
0.324, 1.392e-5
0.325, 1.421e-5
0.326, 1.462e-5
0.327, 1.493e-5
0.328, 1.541e-5
0.329, 1.576e-5
0.330, 1.614e-5
0.331, 1.651e-5
0.332, 1.692e-5
0.333, 1.736e-5
0.334, 1.767e-5
0.335, 1.811e-5
0.336, 1.847e-5
0.337, 1.893e-5
0.338, 1.937e-5
0.339, 1.991e-5
0.340, 2.024e-5
0.341, 2.071e-5
0.342, 2.119e-5
0.343, 2.169e-5
0.344, 2.216e-5
0.345, 2.255e-5
0.346, 2.298e-5
0.347, 2.360e-5
0.348, 2.408e-5
0.349, 2.456e-5
0.350, 2.501e-5
0.351, 2.555e-5
0.352, 2.609e-5
0.353, 2.665e-5
0.354, 2.708e-5
0.355, 2.756e-5
0.356, 2.807e-5
0.357, 2.859e-5
0.358, 2.914e-5
0.359, 2.964e-5
0.360, 3.010e-5
0.361, 3.069e-5
0.362, 3.120e-5
0.363, 3.175e-5
0.364, 3.243e-5
0.365, 3.299e-5
0.366, 3.365e-5
0.367, 3.436e-5
0.368, 3.493e-5
0.369, 3.554e-5
0.370, 3.613e-5
0.371, 3.684e-5
0.372, 3.746e-5
0.373, 3.806e-5
0.374, 3.887e-5
0.375, 3.940e-5
0.376, 4.006e-5
0.377, 4.075e-5
0.378, 4.150e-5
0.379, 4.227e-5
0.380, 4.294e-5
0.381, 4.366e-5
0.382, 4.450e-5
0.383, 4.530e-5
0.384, 4.612e-5
0.385, 4.701e-5
0.386, 4.784e-5
0.387, 4.861e-5
0.388, 4.939e-5
0.389, 5.028e-5
0.390, 5.122e-5
0.391, 5.200e-5
0.392, 5.284e-5
0.393, 5.381e-5
0.394, 5.469e-5
0.395, 5.560e-5
0.396, 5.675e-5
0.397, 5.759e-5
0.398, 5.876e-5
0.399, 5.998e-5
0.400, 6.102e-5
0.401, 6.222e-5
0.402, 6.334e-5
0.403, 6.443e-5
0.404, 6.564e-5
0.405, 6.682e-5
0.406, 6.812e-5
0.407, 6.945e-5
0.408, 7.087e-5
0.409, 7.225e-5
0.410, 7.109e-5
0.411, 7.396e-5
0.412, 7.609e-5
0.413, 7.770e-5
0.414, 7.957e-5
0.415, 8.153e-5
0.416, 8.391e-5
0.417, 8.620e-5
0.418, 8.834e-5
0.419, 9.068e-5
0.420, 9.304e-5
0.421, 9.592e-5
0.422, 9.892e-5
0.423, 1.019e-4
0.424, 1.052e-4
0.425, 1.092e-4
0.426, 1.132e-4
0.427, 1.174e-4
0.428, 1.222e-4
0.429, 1.272e-4
0.430, 1.329e-4
0.431, 1.394e-4
0.432, 1.463e-4
0.433, 1.540e-4
0.434, 1.626e-4
0.435, 1.718e-4
0.436, 1.821e-4
0.437, 1.933e-4
0.438, 2.057e-4
0.439, 2.189e-4
0.440, 2.338e-4
0.441, 2.499e-4
0.442, 2.677e-4
0.443, 2.873e-4
0.444, 3.082e-4
0.445, 3.307e-4
0.446, 3.555e-4
0.447, 3.818e-4
0.448, 4.104e-4
0.449, 4.411e-4
0.450, 4.736e-4
0.451, 5.084e-4
0.452, 5.457e-4
0.453, 5.849e-4
0.454, 6.263e-4
0.455, 6.701e-4
0.456, 7.164e-4
0.457, 7.647e-4
0.458, 8.150e-4
0.459, 8.674e-4
0.460, 9.213e-4
0.461, 9.771e-4
0.462, 1.034e-3
0.463, 1.093e-3
0.464, 1.152e-3
0.465, 1.211e-3
0.466, 1.272e-3
0.467, 1.333e-3
0.468, 1.393e-3
0.469, 1.453e-3
0.470, 1.513e-3
0.471, 1.572e-3
0.472, 1.631e-3
0.473, 1.688e-3
0.474, 1.743e-3
0.475, 1.798e-3
0.476, 1.851e-3
0.477, 1.904e-3
0.478, 1.954e-3
0.479, 2.004e-3
0.480, 2.051e-3
0.481, 2.097e-3
0.482, 2.140e-3
0.483, 2.181e-3
0.484, 2.221e-3
0.485, 2.258e-3
0.486, 2.293e-3
0.487, 2.326e-3
0.488, 2.357e-3
0.489, 2.385e-3
0.490, 2.409e-3
0.491, 2.431e-3
0.492, 2.451e-3
0.493, 2.467e-3
0.494, 2.481e-3
0.495, 2.491e-3
0.496, 2.497e-3
0.497, 2.500e-3
0.498, 2.498e-3
0.499, 2.493e-3
0.500, 2.483e-3
0.501, 2.470e-3
0.502, 2.452e-3
0.503, 2.430e-3
0.504, 2.403e-3
0.505, 2.371e-3
0.506, 2.335e-3
0.507, 2.294e-3
0.508, 2.248e-3
0.509, 2.198e-3
0.510, 2.144e-3
0.511, 2.086e-3
0.512, 2.027e-3
0.513, 1.965e-3
0.514, 1.898e-3
0.515, 1.830e-3
0.516, 1.762e-3
0.517, 1.693e-3
0.518, 1.625e-3
0.519, 1.556e-3
0.520, 1.489e-3
0.521, 1.422e-3
0.522, 1.357e-3
0.523, 1.293e-3
0.524, 1.231e-3
0.525, 1.170e-3
0.526, 1.110e-3
0.527, 1.053e-3
0.528, 9.973e-4
0.529, 9.444e-4
0.530, 8.930e-4
0.531, 8.444e-4
0.532, 7.976e-4
0.533, 7.539e-4
0.534, 7.131e-4
0.535, 6.742e-4
0.536, 6.392e-4
0.537, 6.065e-4
0.538, 5.773e-4
0.539, 5.497e-4
0.540, 5.245e-4
0.541, 5.015e-4
0.542, 4.807e-4
0.543, 4.618e-4
0.544, 4.451e-4
0.545, 4.297e-4
0.546, 4.157e-4
0.547, 4.036e-4
0.548, 3.924e-4
0.549, 3.823e-4
0.550, 3.730e-4
0.551, 3.649e-4
0.552, 3.580e-4
0.553, 3.517e-4
0.554, 3.462e-4
0.555, 3.415e-4
0.556, 3.368e-4
0.557, 3.332e-4
0.558, 3.306e-4
0.559, 3.277e-4
0.560, 3.250e-4
0.561, 3.232e-4
0.562, 3.218e-4
0.563, 3.209e-4
0.564, 3.206e-4
0.565, 3.202e-4
0.566, 3.202e-4
0.567, 3.204e-4
0.568, 3.211e-4
0.569, 3.223e-4
0.570, 3.236e-4
0.571, 3.254e-4
0.572, 3.278e-4
0.573, 3.303e-4
0.574, 3.335e-4
0.575, 3.366e-4
0.576, 3.399e-4
0.577, 3.438e-4
0.578, 3.480e-4
0.579, 3.531e-4
0.580, 3.583e-4
0.581, 3.640e-4
0.582, 3.702e-4
0.583, 3.759e-4
0.584, 3.831e-4
0.585, 3.909e-4
0.586, 3.982e-4
0.587, 4.067e-4
0.588, 4.154e-4
0.589, 4.245e-4
0.590, 4.343e-4
0.591, 4.445e-4
0.592, 4.551e-4
0.593, 4.659e-4
0.594, 4.776e-4
0.595, 4.902e-4
0.596, 5.031e-4
0.597, 5.164e-4
0.598, 5.304e-4
0.599, 5.448e-4
0.600, 5.600e-4
0.601, 5.759e-4
0.602, 5.915e-4
0.603, 6.084e-4
0.604, 6.262e-4
0.605, 6.446e-4
0.606, 6.632e-4
0.607, 6.826e-4
0.608, 7.027e-4
0.609, 7.236e-4
0.610, 7.452e-4
0.611, 7.674e-4
0.612, 7.900e-4
0.613, 8.134e-4
0.614, 8.375e-4
0.615, 8.603e-4
0.616, 8.859e-4
0.617, 9.123e-4
0.618, 9.387e-4
0.619, 9.657e-4
0.620, 9.933e-4
0.621, 1.022e-3
0.622, 1.051e-3
0.623, 1.081e-3
0.624, 1.111e-3
0.625, 1.142e-3
0.626, 1.173e-3
0.627, 1.205e-3
0.628, 1.237e-3
0.629, 1.270e-3
0.630, 1.304e-3
0.631, 1.339e-3
0.632, 1.374e-3
0.633, 1.409e-3
0.634, 1.445e-3
0.635, 1.482e-3
0.636, 1.519e-3
0.637, 1.557e-3
0.638, 1.595e-3
0.639, 1.634e-3
0.640, 1.674e-3
0.641, 1.714e-3
0.642, 1.754e-3
0.643, 1.794e-3
0.644, 1.836e-3
0.645, 1.877e-3
0.646, 1.920e-3
0.647, 1.963e-3
0.648, 2.006e-3
0.649, 2.050e-3
0.650, 2.093e-3
0.651, 2.138e-3
0.652, 2.182e-3
0.653, 2.227e-3
0.654, 2.273e-3
0.655, 2.318e-3
0.656, 2.365e-3
0.657, 2.412e-3
0.658, 2.459e-3
0.659, 2.507e-3
0.660, 2.555e-3
0.661, 2.603e-3
0.662, 2.651e-3
0.663, 2.700e-3
0.664, 2.749e-3
0.665, 2.799e-3
0.666, 2.849e-3
0.667, 2.899e-3
0.668, 2.950e-3
0.669, 3.000e-3
0.670, 3.052e-3
0.671, 3.103e-3
0.672, 3.155e-3
0.673, 3.208e-3
0.674, 3.260e-3
0.675, 3.312e-3
0.676, 3.365e-3
0.677, 3.418e-3
0.678, 3.471e-3
0.679, 3.524e-3
0.680, 3.578e-3
0.681, 3.633e-3
0.682, 3.687e-3
0.683, 3.742e-3
0.684, 3.797e-3
0.685, 3.852e-3
0.686, 3.908e-3
0.687, 3.963e-3
0.688, 4.019e-3
0.689, 4.075e-3
0.690, 4.131e-3
0.691, 4.188e-3
0.692, 4.245e-3
0.693, 4.302e-3
0.694, 4.359e-3
0.695, 4.416e-3
0.696, 4.473e-3
0.697, 4.531e-3
0.698, 4.589e-3
0.699, 4.647e-3
0.700, 4.706e-3
0.701, 4.764e-3
0.702, 4.823e-3
0.703, 4.881e-3
0.704, 4.939e-3
0.705, 4.998e-3
0.706, 5.057e-3
0.707, 5.117e-3
0.708, 5.177e-3
0.709, 5.237e-3
0.710, 5.296e-3
0.711, 5.356e-3
0.712, 5.417e-3
0.713, 5.478e-3
0.714, 5.538e-3
0.715, 5.599e-3
0.716, 5.659e-3
0.717, 5.723e-3
0.718, 5.785e-3
0.719, 5.846e-3
0.720, 5.907e-3
0.721, 5.968e-3
0.722, 6.030e-3
0.723, 6.091e-3
0.724, 6.153e-3
0.725, 6.215e-3
0.726, 6.278e-3
0.727, 6.340e-3
0.728, 6.402e-3
0.729, 6.465e-3
0.730, 6.527e-3
0.731, 6.589e-3
0.732, 6.652e-3
0.733, 6.716e-3
0.734, 6.779e-3
0.735, 6.842e-3
0.736, 6.905e-3
0.737, 6.968e-3
0.738, 7.032e-3
0.739, 7.096e-3
0.740, 7.160e-3
0.741, 7.223e-3
0.742, 7.288e-3
0.743, 7.352e-3
0.744, 7.416e-3
0.745, 7.480e-3
0.746, 7.544e-3
0.747, 7.608e-3
0.748, 7.673e-3
0.749, 7.737e-3
0.750, 7.802e-3
0.751, 7.867e-3
0.752, 7.932e-3
0.753, 7.997e-3
0.754, 8.062e-3
0.755, 8.127e-3
0.756, 8.192e-3
0.757, 8.257e-3
0.758, 8.323e-3
0.759, 8.388e-3
0.760, 8.453e-3
0.761, 8.519e-3
0.762, 8.585e-3
0.763, 8.651e-3
0.764, 8.717e-3
0.765, 8.782e-3
0.766, 8.848e-3
0.767, 8.914e-3
0.768, 8.980e-3
0.769, 9.046e-3
0.770, 9.112e-3
0.771, 9.179e-3
0.772, 9.245e-3
0.773, 9.312e-3
0.774, 9.378e-3
0.775, 9.445e-3
0.776, 9.512e-3
0.777, 9.578e-3
0.778, 9.645e-3
0.779, 9.712e-3
0.780, 9.779e-3
0.781, 9.846e-3
0.782, 9.913e-3
0.783, 9.980e-3
0.784, 1.005e-2
0.785, 1.011e-2
0.786, 1.018e-2
0.787, 1.025e-2
0.788, 1.032e-2
0.789, 1.038e-2
0.790, 1.045e-2
0.791, 1.052e-2
0.792, 1.059e-2
0.793, 1.065e-2
0.794, 1.072e-2
0.795, 1.079e-2
0.796, 1.086e-2
0.797, 1.093e-2
0.798, 1.099e-2
0.799, 1.106e-2
0.800, 1.111e-2
0.799, 1.106e-2
0.798, 1.099e-2
0.797, 1.092e-2
0.796, 1.085e-2
0.795, 1.078e-2
0.794, 1.071e-2
0.793, 1.064e-2
0.792, 1.057e-2
0.791, 1.051e-2
0.790, 1.044e-2
0.789, 1.037e-2
0.788, 1.030e-2
0.787, 1.023e-2
0.786, 1.016e-2
0.785, 1.009e-2
0.784, 1.002e-2
0.783, 9.956e-3
0.782, 9.888e-3
0.781, 9.820e-3
0.780, 9.751e-3
0.779, 9.683e-3
0.778, 9.615e-3
0.777, 9.547e-3
0.776, 9.479e-3
0.775, 9.412e-3
0.774, 9.344e-3
0.773, 9.276e-3
0.772, 9.208e-3
0.771, 9.141e-3
0.770, 9.074e-3
0.769, 9.006e-3
0.768, 8.939e-3
0.767, 8.872e-3
0.766, 8.805e-3
0.765, 8.738e-3
0.764, 8.671e-3
0.763, 8.605e-3
0.762, 8.537e-3
0.761, 8.471e-3
0.760, 8.405e-3
0.759, 8.338e-3
0.758, 8.272e-3
0.757, 8.205e-3
0.756, 8.139e-3
0.755, 8.074e-3
0.754, 8.008e-3
0.753, 7.942e-3
0.752, 7.877e-3
0.751, 7.811e-3
0.750, 7.745e-3
0.749, 7.680e-3
0.748, 7.615e-3
0.747, 7.550e-3
0.746, 7.484e-3
0.745, 7.420e-3
0.744, 7.355e-3
0.743, 7.290e-3
0.742, 7.225e-3
0.741, 7.161e-3
0.740, 7.096e-3
0.739, 7.032e-3
0.738, 6.967e-3
0.737, 6.903e-3
0.736, 6.839e-3
0.735, 6.775e-3
0.734, 6.711e-3
0.733, 6.648e-3
0.732, 6.584e-3
0.731, 6.520e-3
0.730, 6.458e-3
0.729, 6.395e-3
0.728, 6.332e-3
0.727, 6.269e-3
0.726, 6.207e-3
0.725, 6.144e-3
0.724, 6.081e-3
0.723, 6.019e-3
0.722, 5.957e-3
0.721, 5.895e-3
0.720, 5.833e-3
0.719, 5.771e-3
0.718, 5.710e-3
0.717, 5.647e-3
0.716, 5.584e-3
0.715, 5.523e-3
0.714, 5.461e-3
0.713, 5.401e-3
0.712, 5.340e-3
0.711, 5.280e-3
0.710, 5.219e-3
0.709, 5.159e-3
0.708, 5.099e-3
0.707, 5.039e-3
0.706, 4.979e-3
0.705, 4.919e-3
0.704, 4.861e-3
0.703, 4.802e-3
0.702, 4.743e-3
0.701, 4.684e-3
0.700, 4.625e-3
0.699, 4.566e-3
0.698, 4.508e-3
0.697, 4.450e-3
0.696, 4.392e-3
0.695, 4.334e-3
0.694, 4.277e-3
0.693, 4.220e-3
0.692, 4.163e-3
0.691, 4.105e-3
0.690, 4.048e-3
0.689, 3.992e-3
0.688, 3.936e-3
0.687, 3.879e-3
0.686, 3.824e-3
0.685, 3.768e-3
0.684, 3.713e-3
0.683, 3.658e-3
0.682, 3.602e-3
0.681, 3.548e-3
0.680, 3.493e-3
0.679, 3.439e-3
0.678, 3.386e-3
0.677, 3.332e-3
0.676, 3.278e-3
0.675, 3.226e-3
0.674, 3.173e-3
0.673, 3.120e-3
0.672, 3.067e-3
0.671, 3.015e-3
0.670, 2.964e-3
0.669, 2.912e-3
0.668, 2.861e-3
0.667, 2.810e-3
0.666, 2.759e-3
0.665, 2.708e-3
0.664, 2.659e-3
0.663, 2.609e-3
0.662, 2.560e-3
0.661, 2.511e-3
0.660, 2.462e-3
0.659, 2.413e-3
0.658, 2.365e-3
0.657, 2.317e-3
0.656, 2.270e-3
0.655, 2.222e-3
0.654, 2.176e-3
0.653, 2.130e-3
0.652, 2.084e-3
0.651, 2.039e-3
0.650, 1.993e-3
0.649, 1.949e-3
0.648, 1.904e-3
0.647, 1.860e-3
0.646, 1.816e-3
0.645, 1.773e-3
0.644, 1.730e-3
0.643, 1.688e-3
0.642, 1.646e-3
0.641, 1.605e-3
0.640, 1.563e-3
0.639, 1.522e-3
0.638, 1.482e-3
0.637, 1.442e-3
0.636, 1.403e-3
0.635, 1.364e-3
0.634, 1.326e-3
0.633, 1.288e-3
0.632, 1.251e-3
0.631, 1.214e-3
0.630, 1.178e-3
0.629, 1.142e-3
0.628, 1.107e-3
0.627, 1.073e-3
0.626, 1.038e-3
0.625, 1.005e-3
0.624, 9.715e-4
0.623, 9.387e-4
0.622, 9.067e-4
0.621, 8.749e-4
0.620, 8.440e-4
0.619, 8.132e-4
0.618, 7.830e-4
0.617, 7.538e-4
0.616, 7.247e-4
0.615, 6.962e-4
0.614, 6.699e-4
0.613, 6.423e-4
0.612, 6.153e-4
0.611, 5.898e-4
0.610, 5.641e-4
0.609, 5.393e-4
0.608, 5.147e-4
0.607, 4.908e-4
0.606, 4.676e-4
0.605, 4.451e-4
0.604, 4.231e-4
0.603, 4.015e-4
0.602, 3.802e-4
0.601, 3.606e-4
0.600, 3.403e-4
0.599, 3.208e-4
0.598, 3.021e-4
0.597, 2.838e-4
0.596, 2.660e-4
0.595, 2.488e-4
0.594, 2.324e-4
0.593, 2.163e-4
0.592, 2.005e-4
0.591, 1.854e-4
0.590, 1.710e-4
0.589, 1.566e-4
0.588, 1.428e-4
0.587, 1.298e-4
0.586, 1.171e-4
0.585, 1.048e-4
0.584, 9.303e-5
0.583, 8.188e-5
0.582, 7.084e-5
0.581, 5.984e-5
0.580, 4.967e-5
0.579, 4.016e-5
0.578, 3.051e-5
0.577, 2.167e-5
0.576, 1.357e-5
0.575, 4.970e-6
0.574, -3.017e-6
0.573, -1.134e-5
0.572, -1.902e-5
0.571, -2.593e-5
0.570, -3.293e-5
0.569, -3.969e-5
0.568, -4.609e-5
0.567, -5.235e-5
0.566, -5.785e-5
0.565, -6.367e-5
0.564, -6.899e-5
0.563, -7.421e-5
0.562, -7.934e-5
0.561, -8.378e-5
0.560, -8.845e-5
0.559, -9.306e-5
0.558, -9.737e-5
0.557, -1.013e-4
0.556, -1.054e-4
0.555, -1.089e-4
0.554, -1.129e-4
0.553, -1.162e-4
0.552, -1.192e-4
0.551, -1.224e-4
0.550, -1.250e-4
0.549, -1.285e-4
0.548, -1.313e-4
0.547, -1.341e-4
0.546, -1.371e-4
0.545, -1.401e-4
0.544, -1.426e-4
0.543, -1.449e-4
0.542, -1.471e-4
0.541, -1.498e-4
0.540, -1.519e-4
0.539, -1.540e-4
0.538, -1.563e-4
0.537, -1.586e-4
0.536, -1.606e-4
0.535, -1.629e-4
0.534, -1.641e-4
0.533, -1.663e-4
0.532, -1.682e-4
0.531, -1.700e-4
0.530, -1.717e-4
0.529, -1.730e-4
0.528, -1.745e-4
0.527, -1.765e-4
0.526, -1.780e-4
0.525, -1.791e-4
0.524, -1.806e-4
0.523, -1.826e-4
0.522, -1.842e-4
0.521, -1.855e-4
0.520, -1.873e-4
0.519, -1.888e-4
0.518, -1.901e-4
0.517, -1.916e-4
0.516, -1.931e-4
0.515, -1.943e-4
0.514, -1.962e-4
0.513, -1.974e-4
0.512, -2.009e-4
0.511, -2.028e-4
0.510, -2.031e-4
0.509, -2.041e-4
0.508, -2.053e-4
0.507, -2.068e-4
0.506, -2.082e-4
0.505, -2.099e-4
0.504, -2.117e-4
0.503, -2.131e-4
0.502, -2.143e-4
0.501, -2.158e-4
0.500, -2.175e-4
0.499, -2.181e-4
0.498, -2.199e-4
0.497, -2.217e-4
0.496, -2.233e-4
0.495, -2.254e-4
0.494, -2.269e-4
0.493, -2.288e-4
0.492, -2.307e-4
0.491, -2.325e-4
0.490, -2.345e-4
0.489, -2.363e-4
0.488, -2.387e-4
0.487, -2.405e-4
0.486, -2.430e-4
0.485, -2.451e-4
0.484, -2.473e-4
0.483, -2.494e-4
0.482, -2.516e-4
0.481, -2.540e-4
0.480, -2.570e-4
0.479, -2.598e-4
0.478, -2.623e-4
0.477, -2.649e-4
0.476, -2.678e-4
0.475, -2.708e-4
0.474, -2.741e-4
0.473, -2.765e-4
0.472, -2.798e-4
0.471, -2.834e-4
0.470, -2.871e-4
0.469, -2.908e-4
0.468, -2.948e-4
0.467, -2.989e-4
0.466, -3.030e-4
0.465, -3.076e-4
0.464, -3.119e-4
0.463, -3.166e-4
0.462, -3.217e-4
0.461, -3.271e-4
0.460, -3.328e-4
0.459, -3.381e-4
0.458, -3.437e-4
0.457, -3.495e-4
0.456, -3.564e-4
0.455, -3.631e-4
0.454, -3.696e-4
0.453, -3.768e-4
0.452, -3.846e-4
0.451, -3.917e-4
0.450, -3.992e-4
0.449, -4.082e-4
0.448, -4.161e-4
0.447, -4.252e-4
0.446, -4.349e-4
0.445, -4.452e-4
0.444, -4.554e-4
0.443, -4.658e-4
0.442, -4.777e-4
0.441, -4.890e-4
0.440, -5.012e-4
0.439, -5.134e-4
0.438, -5.259e-4
0.437, -5.392e-4
0.436, -5.529e-4
0.435, -5.672e-4
0.434, -5.814e-4
0.433, -5.960e-4
0.432, -6.105e-4
0.431, -6.266e-4
0.430, -6.424e-4
0.429, -6.586e-4
0.428, -6.751e-4
0.427, -6.920e-4
0.426, -7.092e-4
0.425, -7.263e-4
0.424, -7.437e-4
0.423, -7.615e-4
0.422, -7.788e-4
0.421, -7.972e-4
0.420, -8.149e-4
0.419, -8.330e-4
0.418, -8.516e-4
0.417, -8.699e-4
0.416, -8.885e-4
0.415, -9.068e-4
0.414, -9.251e-4
0.413, -9.441e-4
0.412, -9.628e-4
0.411, -9.809e-4
0.410, -9.969e-4
0.409, -1.006e-3
0.408, -1.026e-3
0.407, -1.046e-3
0.406, -1.066e-3
0.405, -1.086e-3
0.404, -1.106e-3
0.403, -1.126e-3
0.402, -1.147e-3
0.401, -1.167e-3
0.400, -1.188e-3
0.399, -1.209e-3
0.398, -1.229e-3
0.397, -1.250e-3
0.396, -1.271e-3
0.395, -1.293e-3
0.394, -1.314e-3
0.393, -1.336e-3
0.392, -1.358e-3
0.391, -1.380e-3
0.390, -1.402e-3
0.389, -1.425e-3
0.388, -1.447e-3
0.387, -1.469e-3
0.386, -1.491e-3
0.385, -1.514e-3
0.384, -1.537e-3
0.383, -1.559e-3
0.382, -1.580e-3
0.381, -1.601e-3
0.380, -1.622e-3
0.379, -1.642e-3
0.378, -1.663e-3
0.377, -1.682e-3
0.376, -1.700e-3
0.375, -1.718e-3
0.374, -1.734e-3
0.373, -1.749e-3
0.372, -1.763e-3
0.371, -1.776e-3
0.370, -1.786e-3
0.369, -1.796e-3
0.368, -1.803e-3
0.367, -1.809e-3
0.366, -1.811e-3
0.365, -1.812e-3
0.364, -1.810e-3
0.363, -1.804e-3
0.362, -1.796e-3
0.361, -1.783e-3
0.360, -1.767e-3
0.359, -1.746e-3
0.358, -1.722e-3
0.357, -1.692e-3
0.356, -1.658e-3
0.355, -1.619e-3
0.354, -1.576e-3
0.353, -1.527e-3
0.352, -1.473e-3
0.351, -1.416e-3
0.350, -1.355e-3
0.349, -1.290e-3
0.348, -1.223e-3
0.347, -1.154e-3
0.346, -1.084e-3
0.345, -1.014e-3
0.344, -9.463e-4
0.343, -8.804e-4
0.342, -8.172e-4
0.341, -7.574e-4
0.340, -7.018e-4
0.339, -6.500e-4
0.338, -6.026e-4
0.337, -5.596e-4
0.336, -5.199e-4
0.335, -4.843e-4
0.334, -4.522e-4
0.333, -4.231e-4
0.332, -3.972e-4
0.331, -3.736e-4
0.330, -3.524e-4
0.329, -3.327e-4
0.328, -3.150e-4
0.327, -2.990e-4
0.326, -2.842e-4
0.325, -2.709e-4
0.324, -2.586e-4
0.323, -2.473e-4
0.322, -2.370e-4
0.321, -2.272e-4
0.320, -2.184e-4
0.319, -2.103e-4
0.318, -2.023e-4
0.317, -1.952e-4
0.316, -1.887e-4
0.315, -1.825e-4
0.314, -1.768e-4
0.313, -1.714e-4
0.312, -1.665e-4
0.311, -1.615e-4
0.310, -1.567e-4
0.309, -1.525e-4
0.308, -1.483e-4
0.307, -1.448e-4
0.306, -1.410e-4
0.305, -1.375e-4
0.304, -1.338e-4
0.303, -1.305e-4
0.302, -1.275e-4
0.301, -1.245e-4
0.300, -1.217e-4
0.299, -1.191e-4
0.298, -1.168e-4
0.297, -1.144e-4
0.296, -1.118e-4
0.295, -1.093e-4
0.294, -1.069e-4
0.293, -1.049e-4
0.292, -1.029e-4
0.291, -1.010e-4
0.290, -9.915e-5
0.289, -9.733e-5
0.288, -9.544e-5
0.287, -9.384e-5
0.286, -9.226e-5
0.285, -9.070e-5
0.284, -8.910e-5
0.283, -8.750e-5
0.282, -8.600e-5
0.281, -8.455e-5
0.280, -8.311e-5
0.279, -8.180e-5
0.278, -8.054e-5
0.277, -7.938e-5
0.276, -7.813e-5
0.275, -7.695e-5
0.274, -7.584e-5
0.273, -7.455e-5
0.272, -7.340e-5
0.271, -7.233e-5
0.270, -7.133e-5
0.269, -7.041e-5
0.268, -6.948e-5
0.267, -6.870e-5
0.266, -6.790e-5
0.265, -6.711e-5
0.264, -6.629e-5
0.263, -6.544e-5
0.262, -6.446e-5
0.261, -6.358e-5
0.260, -6.274e-5
0.259, -6.185e-5
0.258, -6.101e-5
0.257, -6.015e-5
0.256, -5.941e-5
0.255, -5.869e-5
0.254, -5.787e-5
0.253, -5.722e-5
0.252, -5.663e-5
0.251, -5.598e-5
0.250, -5.541e-5
0.249, -5.475e-5
0.248, -5.415e-5
0.247, -5.352e-5
0.246, -5.288e-5
0.245, -5.233e-5
0.244, -5.171e-5
0.243, -5.098e-5
0.242, -5.054e-5
0.241, -5.000e-5
0.240, -4.942e-5
0.239, -4.885e-5
0.238, -4.845e-5
0.237, -4.786e-5
0.236, -4.740e-5
0.235, -4.689e-5
0.234, -4.656e-5
0.233, -4.600e-5
0.232, -4.561e-5
0.231, -4.510e-5
0.230, -4.476e-5
0.229, -4.428e-5
0.228, -4.391e-5
0.227, -4.348e-5
0.226, -4.314e-5
0.225, -4.276e-5
0.224, -4.238e-5
0.223, -4.196e-5
0.222, -4.160e-5
0.221, -4.124e-5
0.220, -4.090e-5
0.219, -4.050e-5
0.218, -4.010e-5
0.217, -3.975e-5
0.216, -3.930e-5
0.215, -3.900e-5
0.214, -3.862e-5
0.213, -3.833e-5
0.212, -3.796e-5
0.211, -3.763e-5
0.210, -3.724e-5
0.209, -3.693e-5
0.208, -3.663e-5
0.207, -3.630e-5
0.206, -3.595e-5
0.205, -3.561e-5
0.204, -3.523e-5
0.203, -3.505e-5
0.202, -3.473e-5
0.201, -3.446e-5
0.200, -3.199e-5
0.201, -2.734e-5
0.202, -2.544e-5
0.203, -2.420e-5
0.204, -2.312e-5
0.205, -2.233e-5
0.206, -2.154e-5
0.207, -2.080e-5
0.208, -2.020e-5
0.209, -1.963e-5
0.210, -1.909e-5
0.211, -1.853e-5
0.212, -1.810e-5
0.213, -1.768e-5
0.214, -1.719e-5
0.215, -1.674e-5
0.216, -1.638e-5
0.217, -1.590e-5
0.218, -1.552e-5
0.219, -1.499e-5
0.220, -1.466e-5
0.221, -1.433e-5
0.222, -1.386e-5
0.223, -1.345e-5
0.224, -1.319e-5
0.225, -1.285e-5
0.226, -1.248e-5
0.227, -1.211e-5
0.228, -1.181e-5
0.229, -1.144e-5
0.230, -1.121e-5
0.231, -1.082e-5
0.232, -1.054e-5
0.233, -1.031e-5
0.234, -1.006e-5
0.235, -9.744e-6
0.236, -9.451e-6
0.237, -9.217e-6
0.238, -8.944e-6
0.239, -8.690e-6
0.240, -8.416e-6
0.241, -8.133e-6
0.242, -7.938e-6
0.243, -7.743e-6
0.244, -7.508e-6
0.245, -7.196e-6
0.246, -7.040e-6
0.247, -6.747e-6
0.248, -6.522e-6
0.249, -6.268e-6
0.250, -6.044e-6
0.251, -5.809e-6
0.252, -5.673e-6
0.253, -5.438e-6
0.254, -5.087e-6
0.255, -4.911e-6
0.256, -4.745e-6
0.257, -4.482e-6
0.258, -4.267e-6
0.259, -3.974e-6
0.260, -3.808e-6
0.261, -3.574e-6
0.262, -3.388e-6
0.263, -3.173e-6
0.264, -2.890e-6
0.265, -2.666e-6
0.266, -2.373e-6
0.267, -2.119e-6
0.268, -1.923e-6
0.269, -1.777e-6
0.270, -1.572e-6
0.271, -1.230e-6
0.272, -1.045e-6
0.273, -7.616e-7
0.274, -6.054e-7
0.275, -3.417e-7
0.276, -8.787e-8
0.277, 1.465e-7
0.278, 3.124e-7
0.279, 5.565e-7
0.280, 8.494e-7
0.281, 1.035e-6
0.282, 1.279e-6
0.283, 1.591e-6
0.284, 1.855e-6
0.285, 2.070e-6
0.286, 2.255e-6
0.287, 2.529e-6
0.288, 2.822e-6
0.289, 3.076e-6
0.290, 3.290e-6
0.291, 3.593e-6
0.292, 3.818e-6
0.293, 3.964e-6
0.294, 4.335e-6
0.295, 4.501e-6
0.296, 4.755e-6
0.297, 5.058e-6
0.298, 5.311e-6
0.299, 5.624e-6
0.300, 5.888e-6
0.301, 6.151e-6
0.302, 6.454e-6
0.303, 6.678e-6
0.304, 6.981e-6
0.305, 7.235e-6
0.306, 7.557e-6
0.307, 7.997e-6
0.308, 8.377e-6
0.309, 8.602e-6
0.310, 8.846e-6
0.311, 9.168e-6
0.312, 9.588e-6
0.313, 9.881e-6
0.314, 1.016e-5
0.315, 1.054e-5
0.316, 1.094e-5
0.317, 1.126e-5
0.318, 1.162e-5
0.319, 1.201e-5
0.320, 1.232e-5
0.321, 1.267e-5
0.322, 1.302e-5
0.323, 1.335e-5
0.324, 1.371e-5
0.325, 1.404e-5
0.326, 1.444e-5
0.327, 1.480e-5
0.328, 1.516e-5
0.329, 1.555e-5
0.330, 1.595e-5
0.331, 1.636e-5
0.332, 1.677e-5
0.333, 1.715e-5
0.334, 1.755e-5
0.335, 1.797e-5
0.336, 1.830e-5
0.337, 1.881e-5
0.338, 1.919e-5
0.339, 1.970e-5
0.340, 2.014e-5
0.341, 2.059e-5
0.342, 2.108e-5
0.343, 2.152e-5
0.344, 2.207e-5
0.345, 2.249e-5
0.346, 2.291e-5
0.347, 2.346e-5
0.348, 2.396e-5
0.349, 2.450e-5
0.350, 2.498e-5
0.351, 2.554e-5
0.352, 2.599e-5
0.353, 2.659e-5
0.354, 2.700e-5
0.355, 2.752e-5
0.356, 2.812e-5
0.357, 2.862e-5
0.358, 2.903e-5
0.359, 2.962e-5
0.360, 3.011e-5
0.361, 3.060e-5
0.362, 3.114e-5
0.363, 3.181e-5
0.364, 3.247e-5
0.365, 3.299e-5
0.366, 3.373e-5
0.367, 3.435e-5
0.368, 3.494e-5
0.369, 3.566e-5
0.370, 3.635e-5
0.371, 3.695e-5
0.372, 3.756e-5
0.373, 3.819e-5
0.374, 3.881e-5
0.375, 3.949e-5
0.376, 4.011e-5
0.377, 4.088e-5
0.378, 4.156e-5
0.379, 4.234e-5
0.380, 4.306e-5
0.381, 4.375e-5
0.382, 4.454e-5
0.383, 4.541e-5
0.384, 4.639e-5
0.385, 4.720e-5
0.386, 4.795e-5
0.387, 4.869e-5
0.388, 4.964e-5
0.389, 5.054e-5
0.390, 5.122e-5
0.391, 5.222e-5
0.392, 5.310e-5
0.393, 5.407e-5
0.394, 5.488e-5
0.395, 5.598e-5
0.396, 5.707e-5
0.397, 5.792e-5
0.398, 5.917e-5
0.399, 6.024e-5
0.400, 6.139e-5
0.401, 6.257e-5
0.402, 6.351e-5
0.403, 6.475e-5
0.404, 6.588e-5
0.405, 6.717e-5
0.406, 6.847e-5
0.407, 6.976e-5
0.408, 7.132e-5
0.409, 7.267e-5
0.410, 7.149e-5
0.411, 7.443e-5
0.412, 7.648e-5
0.413, 7.818e-5
0.414, 8.001e-5
0.415, 8.213e-5
0.416, 8.436e-5
0.417, 8.677e-5
0.418, 8.886e-5
0.419, 9.134e-5
0.420, 9.393e-5
0.421, 9.656e-5
0.422, 9.962e-5
0.423, 1.025e-4
0.424, 1.061e-4
0.425, 1.102e-4
0.426, 1.141e-4
0.427, 1.185e-4
0.428, 1.235e-4
0.429, 1.282e-4
0.430, 1.344e-4
0.431, 1.409e-4
0.432, 1.480e-4
0.433, 1.558e-4
0.434, 1.643e-4
0.435, 1.737e-4
0.436, 1.845e-4
0.437, 1.958e-4
0.438, 2.084e-4
0.439, 2.218e-4
0.440, 2.370e-4
0.441, 2.532e-4
0.442, 2.714e-4
0.443, 2.915e-4
0.444, 3.129e-4
0.445, 3.357e-4
0.446, 3.607e-4
0.447, 3.877e-4
0.448, 4.166e-4
0.449, 4.476e-4
0.450, 4.806e-4
0.451, 5.159e-4
0.452, 5.536e-4
0.453, 5.936e-4
0.454, 6.355e-4
0.455, 6.797e-4
0.456, 7.265e-4
0.457, 7.754e-4
0.458, 8.261e-4
0.459, 8.789e-4
0.460, 9.333e-4
0.461, 9.894e-4
0.462, 1.047e-3
0.463, 1.105e-3
0.464, 1.165e-3
0.465, 1.225e-3
0.466, 1.285e-3
0.467, 1.346e-3
0.468, 1.407e-3
0.469, 1.467e-3
0.470, 1.527e-3
0.471, 1.587e-3
0.472, 1.645e-3
0.473, 1.703e-3
0.474, 1.758e-3
0.475, 1.813e-3
0.476, 1.867e-3
0.477, 1.920e-3
0.478, 1.971e-3
0.479, 2.021e-3
0.480, 2.068e-3
0.481, 2.114e-3
0.482, 2.158e-3
0.483, 2.200e-3
0.484, 2.240e-3
0.485, 2.277e-3
0.486, 2.313e-3
0.487, 2.347e-3
0.488, 2.378e-3
0.489, 2.406e-3
0.490, 2.431e-3
0.491, 2.454e-3
0.492, 2.474e-3
0.493, 2.492e-3
0.494, 2.506e-3
0.495, 2.516e-3
0.496, 2.524e-3
0.497, 2.528e-3
0.498, 2.528e-3
0.499, 2.523e-3
0.500, 2.515e-3
0.501, 2.503e-3
0.502, 2.486e-3
0.503, 2.465e-3
0.504, 2.439e-3
0.505, 2.408e-3
0.506, 2.372e-3
0.507, 2.332e-3
0.508, 2.287e-3
0.509, 2.238e-3
0.510, 2.184e-3
0.511, 2.127e-3
0.512, 2.067e-3
0.513, 2.005e-3
0.514, 1.938e-3
0.515, 1.870e-3
0.516, 1.800e-3
0.517, 1.730e-3
0.518, 1.660e-3
0.519, 1.590e-3
0.520, 1.521e-3
0.521, 1.453e-3
0.522, 1.386e-3
0.523, 1.321e-3
0.524, 1.257e-3
0.525, 1.194e-3
0.526, 1.133e-3
0.527, 1.074e-3
0.528, 1.017e-3
0.529, 9.617e-4
0.530, 9.088e-4
0.531, 8.589e-4
0.532, 8.110e-4
0.533, 7.658e-4
0.534, 7.235e-4
0.535, 6.838e-4
0.536, 6.474e-4
0.537, 6.133e-4
0.538, 5.830e-4
0.539, 5.547e-4
0.540, 5.288e-4
0.541, 5.052e-4
0.542, 4.839e-4
0.543, 4.644e-4
0.544, 4.477e-4
0.545, 4.322e-4
0.546, 4.181e-4
0.547, 4.053e-4
0.548, 3.936e-4
0.549, 3.834e-4
0.550, 3.741e-4
0.551, 3.662e-4
0.552, 3.592e-4
0.553, 3.530e-4
0.554, 3.472e-4
0.555, 3.426e-4
0.556, 3.384e-4
0.557, 3.342e-4
0.558, 3.311e-4
0.559, 3.282e-4
0.560, 3.254e-4
0.561, 3.236e-4
0.562, 3.224e-4
0.563, 3.218e-4
0.564, 3.216e-4
0.565, 3.212e-4
0.566, 3.210e-4
0.567, 3.211e-4
0.568, 3.221e-4
0.569, 3.234e-4
0.570, 3.248e-4
0.571, 3.271e-4
0.572, 3.296e-4
0.573, 3.317e-4
0.574, 3.348e-4
0.575, 3.380e-4
0.576, 3.418e-4
0.577, 3.455e-4
0.578, 3.502e-4
0.579, 3.551e-4
0.580, 3.601e-4
0.581, 3.659e-4
0.582, 3.719e-4
0.583, 3.785e-4
0.584, 3.855e-4
0.585, 3.930e-4
0.586, 4.005e-4
0.587, 4.089e-4
0.588, 4.182e-4
0.589, 4.278e-4
0.590, 4.378e-4
0.591, 4.479e-4
0.592, 4.585e-4
0.593, 4.695e-4
0.594, 4.815e-4
0.595, 4.943e-4
0.596, 5.073e-4
0.597, 5.205e-4
0.598, 5.349e-4
0.599, 5.491e-4
0.600, 5.643e-4
0.601, 5.808e-4
0.602, 5.965e-4
0.603, 6.135e-4
0.604, 6.316e-4
0.605, 6.503e-4
0.606, 6.690e-4
0.607, 6.888e-4
0.608, 7.092e-4
0.609, 7.301e-4
0.610, 7.518e-4
0.611, 7.742e-4
0.612, 7.971e-4
0.613, 8.206e-4
0.614, 8.448e-4
0.615, 8.678e-4
0.616, 8.938e-4
0.617, 9.202e-4
0.618, 9.471e-4
0.619, 9.744e-4
0.620, 1.002e-3
0.621, 1.031e-3
0.622, 1.060e-3
0.623, 1.090e-3
0.624, 1.121e-3
0.625, 1.152e-3
0.626, 1.183e-3
0.627, 1.215e-3
0.628, 1.247e-3
0.629, 1.281e-3
0.630, 1.315e-3
0.631, 1.350e-3
0.632, 1.385e-3
0.633, 1.421e-3
0.634, 1.457e-3
0.635, 1.495e-3
0.636, 1.532e-3
0.637, 1.570e-3
0.638, 1.609e-3
0.639, 1.648e-3
0.640, 1.687e-3
0.641, 1.727e-3
0.642, 1.768e-3
0.643, 1.809e-3
0.644, 1.850e-3
0.645, 1.892e-3
0.646, 1.935e-3
0.647, 1.978e-3
0.648, 2.022e-3
0.649, 2.065e-3
0.650, 2.109e-3
0.651, 2.153e-3
0.652, 2.198e-3
0.653, 2.243e-3
0.654, 2.289e-3
0.655, 2.335e-3
0.656, 2.382e-3
0.657, 2.429e-3
0.658, 2.476e-3
0.659, 2.524e-3
0.660, 2.572e-3
0.661, 2.620e-3
0.662, 2.669e-3
0.663, 2.718e-3
0.664, 2.767e-3
0.665, 2.818e-3
0.666, 2.868e-3
0.667, 2.918e-3
0.668, 2.969e-3
0.669, 3.020e-3
0.670, 3.071e-3
0.671, 3.123e-3
0.672, 3.175e-3
0.673, 3.227e-3
0.674, 3.280e-3
0.675, 3.333e-3
0.676, 3.385e-3
0.677, 3.439e-3
0.678, 3.492e-3
0.679, 3.546e-3
0.680, 3.600e-3
0.681, 3.655e-3
0.682, 3.709e-3
0.683, 3.763e-3
0.684, 3.819e-3
0.685, 3.874e-3
0.686, 3.930e-3
0.687, 3.986e-3
0.688, 4.041e-3
0.689, 4.097e-3
0.690, 4.154e-3
0.691, 4.211e-3
0.692, 4.268e-3
0.693, 4.324e-3
0.694, 4.381e-3
0.695, 4.439e-3
0.696, 4.497e-3
0.697, 4.555e-3
0.698, 4.613e-3
0.699, 4.671e-3
0.700, 4.730e-3
0.701, 4.788e-3
0.702, 4.847e-3
0.703, 4.906e-3
0.704, 4.964e-3
0.705, 5.023e-3
0.706, 5.082e-3
0.707, 5.142e-3
0.708, 5.202e-3
0.709, 5.262e-3
0.710, 5.321e-3
0.711, 5.382e-3
0.712, 5.443e-3
0.713, 5.504e-3
0.714, 5.564e-3
0.715, 5.625e-3
0.716, 5.685e-3
0.717, 5.749e-3
0.718, 5.811e-3
0.719, 5.872e-3
0.720, 5.934e-3
0.721, 5.996e-3
0.722, 6.057e-3
0.723, 6.119e-3
0.724, 6.181e-3
0.725, 6.243e-3
0.726, 6.306e-3
0.727, 6.368e-3
0.728, 6.431e-3
0.729, 6.493e-3
0.730, 6.555e-3
0.731, 6.618e-3
0.732, 6.682e-3
0.733, 6.745e-3
0.734, 6.808e-3
0.735, 6.871e-3
0.736, 6.934e-3
0.737, 6.998e-3
0.738, 7.062e-3
0.739, 7.126e-3
0.740, 7.190e-3
0.741, 7.253e-3
0.742, 7.318e-3
0.743, 7.382e-3
0.744, 7.446e-3
0.745, 7.510e-3
0.746, 7.575e-3
0.747, 7.639e-3
0.748, 7.704e-3
0.749, 7.769e-3
0.750, 7.834e-3
0.751, 7.898e-3
0.752, 7.963e-3
0.753, 8.028e-3
0.754, 8.093e-3
0.755, 8.158e-3
0.756, 8.223e-3
0.757, 8.289e-3
0.758, 8.354e-3
0.759, 8.419e-3
0.760, 8.485e-3
0.761, 8.551e-3
0.762, 8.617e-3
0.763, 8.682e-3
0.764, 8.748e-3
0.765, 8.814e-3
0.766, 8.880e-3
0.767, 8.946e-3
0.768, 9.012e-3
0.769, 9.079e-3
0.770, 9.145e-3
0.771, 9.211e-3
0.772, 9.278e-3
0.773, 9.344e-3
0.774, 9.411e-3
0.775, 9.478e-3
0.776, 9.545e-3
0.777, 9.611e-3
0.778, 9.678e-3
0.779, 9.745e-3
0.780, 9.812e-3
0.781, 9.879e-3
0.782, 9.946e-3
0.783, 1.001e-2
0.784, 1.008e-2
0.785, 1.015e-2
0.786, 1.022e-2
0.787, 1.028e-2
0.788, 1.035e-2
0.789, 1.042e-2
0.790, 1.049e-2
0.791, 1.055e-2
0.792, 1.062e-2
0.793, 1.069e-2
0.794, 1.076e-2
0.795, 1.083e-2
0.796, 1.089e-2
0.797, 1.096e-2
0.798, 1.103e-2
0.799, 1.110e-2
0.800, 1.115e-2
0.799, 1.110e-2
0.798, 1.103e-2
0.797, 1.096e-2
0.796, 1.089e-2
0.795, 1.082e-2
0.794, 1.075e-2
0.793, 1.068e-2
0.792, 1.061e-2
0.791, 1.054e-2
0.790, 1.047e-2
0.789, 1.040e-2
0.788, 1.033e-2
0.787, 1.026e-2
0.786, 1.020e-2
0.785, 1.013e-2
0.784, 1.006e-2
0.783, 9.990e-3
0.782, 9.921e-3
0.781, 9.853e-3
0.780, 9.785e-3
0.779, 9.717e-3
0.778, 9.648e-3
0.777, 9.581e-3
0.776, 9.513e-3
0.775, 9.445e-3
0.774, 9.377e-3
0.773, 9.309e-3
0.772, 9.241e-3
0.771, 9.174e-3
0.770, 9.106e-3
0.769, 9.039e-3
0.768, 8.972e-3
0.767, 8.904e-3
0.766, 8.837e-3
0.765, 8.770e-3
0.764, 8.703e-3
0.763, 8.637e-3
0.762, 8.570e-3
0.761, 8.503e-3
0.760, 8.436e-3
0.759, 8.370e-3
0.758, 8.304e-3
0.757, 8.237e-3
0.756, 8.170e-3
0.755, 8.105e-3
0.754, 8.039e-3
0.753, 7.974e-3
0.752, 7.908e-3
0.751, 7.842e-3
0.750, 7.776e-3
0.749, 7.710e-3
0.748, 7.645e-3
0.747, 7.580e-3
0.746, 7.515e-3
0.745, 7.450e-3
0.744, 7.385e-3
0.743, 7.320e-3
0.742, 7.255e-3
0.741, 7.190e-3
0.740, 7.126e-3
0.739, 7.061e-3
0.738, 6.996e-3
0.737, 6.932e-3
0.736, 6.868e-3
0.735, 6.805e-3
0.734, 6.741e-3
0.733, 6.677e-3
0.732, 6.613e-3
0.731, 6.549e-3
0.730, 6.486e-3
0.729, 6.424e-3
0.728, 6.361e-3
0.727, 6.298e-3
0.726, 6.235e-3
0.725, 6.172e-3
0.724, 6.109e-3
0.723, 6.047e-3
0.722, 5.984e-3
0.721, 5.922e-3
0.720, 5.861e-3
0.719, 5.799e-3
0.718, 5.737e-3
0.717, 5.674e-3
0.716, 5.611e-3
0.715, 5.549e-3
0.714, 5.488e-3
0.713, 5.427e-3
0.712, 5.366e-3
0.711, 5.305e-3
0.710, 5.245e-3
0.709, 5.185e-3
0.708, 5.124e-3
0.707, 5.064e-3
0.706, 5.004e-3
0.705, 4.944e-3
0.704, 4.885e-3
0.703, 4.826e-3
0.702, 4.767e-3
0.701, 4.708e-3
0.700, 4.649e-3
0.699, 4.591e-3
0.698, 4.532e-3
0.697, 4.474e-3
0.696, 4.416e-3
0.695, 4.358e-3
0.694, 4.300e-3
0.693, 4.243e-3
0.692, 4.186e-3
0.691, 4.128e-3
0.690, 4.072e-3
0.689, 4.015e-3
0.688, 3.959e-3
0.687, 3.902e-3
0.686, 3.846e-3
0.685, 3.790e-3
0.684, 3.735e-3
0.683, 3.680e-3
0.682, 3.624e-3
0.681, 3.570e-3
0.680, 3.515e-3
0.679, 3.460e-3
0.678, 3.407e-3
0.677, 3.353e-3
0.676, 3.299e-3
0.675, 3.246e-3
0.674, 3.193e-3
0.673, 3.140e-3
0.672, 3.087e-3
0.671, 3.035e-3
0.670, 2.983e-3
0.669, 2.931e-3
0.668, 2.880e-3
0.667, 2.829e-3
0.666, 2.778e-3
0.665, 2.727e-3
0.664, 2.677e-3
0.663, 2.627e-3
0.662, 2.578e-3
0.661, 2.529e-3
0.660, 2.480e-3
0.659, 2.431e-3
0.658, 2.382e-3
0.657, 2.334e-3
0.656, 2.287e-3
0.655, 2.240e-3
0.654, 2.193e-3
0.653, 2.147e-3
0.652, 2.101e-3
0.651, 2.055e-3
0.650, 2.009e-3
0.649, 1.964e-3
0.648, 1.920e-3
0.647, 1.875e-3
0.646, 1.831e-3
0.645, 1.788e-3
0.644, 1.745e-3
0.643, 1.702e-3
0.642, 1.660e-3
0.641, 1.619e-3
0.640, 1.577e-3
0.639, 1.535e-3
0.638, 1.495e-3
0.637, 1.455e-3
0.636, 1.416e-3
0.635, 1.377e-3
0.634, 1.338e-3
0.633, 1.300e-3
0.632, 1.263e-3
0.631, 1.226e-3
0.630, 1.189e-3
0.629, 1.154e-3
0.628, 1.118e-3
0.627, 1.084e-3
0.626, 1.049e-3
0.625, 1.015e-3
0.624, 9.815e-4
0.623, 9.489e-4
0.622, 9.162e-4
0.621, 8.842e-4
0.620, 8.528e-4
0.619, 8.219e-4
0.618, 7.916e-4
0.617, 7.620e-4
0.616, 7.329e-4
0.615, 7.043e-4
0.614, 6.776e-4
0.613, 6.503e-4
0.612, 6.229e-4
0.611, 5.970e-4
0.610, 5.710e-4
0.609, 5.460e-4
0.608, 5.214e-4
0.607, 4.974e-4
0.606, 4.739e-4
0.605, 4.511e-4
0.604, 4.286e-4
0.603, 4.068e-4
0.602, 3.858e-4
0.601, 3.656e-4
0.600, 3.452e-4
0.599, 3.253e-4
0.598, 3.067e-4
0.597, 2.882e-4
0.596, 2.699e-4
0.595, 2.527e-4
0.594, 2.362e-4
0.593, 2.198e-4
0.592, 2.044e-4
0.591, 1.890e-4
0.590, 1.740e-4
0.589, 1.596e-4
0.588, 1.454e-4
0.587, 1.322e-4
0.586, 1.197e-4
0.585, 1.075e-4
0.584, 9.540e-5
0.583, 8.374e-5
0.582, 7.261e-5
0.581, 6.182e-5
0.580, 5.154e-5
0.579, 4.176e-5
0.578, 3.254e-5
0.577, 2.298e-5
0.576, 1.484e-5
0.575, 6.151e-6
0.574, -2.500e-6
0.573, -1.020e-5
0.572, -1.784e-5
0.571, -2.485e-5
0.570, -3.203e-5
0.569, -3.889e-5
0.568, -4.543e-5
0.567, -5.142e-5
0.566, -5.729e-5
0.565, -6.349e-5
0.564, -6.866e-5
0.563, -7.395e-5
0.562, -7.897e-5
0.561, -8.366e-5
0.560, -8.861e-5
0.559, -9.290e-5
0.558, -9.718e-5
0.557, -1.017e-4
0.556, -1.054e-4
0.555, -1.089e-4
0.554, -1.133e-4
0.553, -1.166e-4
0.552, -1.198e-4
0.551, -1.229e-4
0.550, -1.252e-4
0.549, -1.287e-4
0.548, -1.318e-4
0.547, -1.349e-4
0.546, -1.381e-4
0.545, -1.407e-4
0.544, -1.428e-4
0.543, -1.454e-4
0.542, -1.478e-4
0.541, -1.499e-4
0.540, -1.523e-4
0.539, -1.545e-4
0.538, -1.569e-4
0.537, -1.592e-4
0.536, -1.610e-4
0.535, -1.633e-4
0.534, -1.651e-4
0.533, -1.672e-4
0.532, -1.689e-4
0.531, -1.705e-4
0.530, -1.721e-4
0.529, -1.737e-4
0.528, -1.751e-4
0.527, -1.770e-4
0.526, -1.788e-4
0.525, -1.803e-4
0.524, -1.812e-4
0.523, -1.831e-4
0.522, -1.848e-4
0.521, -1.862e-4
0.520, -1.879e-4
0.519, -1.896e-4
0.518, -1.909e-4
0.517, -1.923e-4
0.516, -1.940e-4
0.515, -1.953e-4
0.514, -1.967e-4
0.513, -1.982e-4
0.512, -2.016e-4
0.511, -2.034e-4
0.510, -2.037e-4
0.509, -2.050e-4
0.508, -2.064e-4
0.507, -2.078e-4
0.506, -2.091e-4
0.505, -2.105e-4
0.504, -2.120e-4
0.503, -2.136e-4
0.502, -2.149e-4
0.501, -2.165e-4
0.500, -2.184e-4
0.499, -2.192e-4
0.498, -2.206e-4
0.497, -2.228e-4
0.496, -2.244e-4
0.495, -2.261e-4
0.494, -2.274e-4
0.493, -2.297e-4
0.492, -2.314e-4
0.491, -2.335e-4
0.490, -2.358e-4
0.489, -2.374e-4
0.488, -2.391e-4
0.487, -2.415e-4
0.486, -2.438e-4
0.485, -2.461e-4
0.484, -2.484e-4
0.483, -2.503e-4
0.482, -2.524e-4
0.481, -2.547e-4
0.480, -2.577e-4
0.479, -2.607e-4
0.478, -2.630e-4
0.477, -2.656e-4
0.476, -2.685e-4
0.475, -2.717e-4
0.474, -2.745e-4
0.473, -2.770e-4
0.472, -2.805e-4
0.471, -2.846e-4
0.470, -2.878e-4
0.469, -2.917e-4
0.468, -2.957e-4
0.467, -2.996e-4
0.466, -3.042e-4
0.465, -3.085e-4
0.464, -3.131e-4
0.463, -3.174e-4
0.462, -3.221e-4
0.461, -3.277e-4
0.460, -3.335e-4
0.459, -3.388e-4
0.458, -3.448e-4
0.457, -3.507e-4
0.456, -3.576e-4
0.455, -3.641e-4
0.454, -3.709e-4
0.453, -3.782e-4
0.452, -3.855e-4
0.451, -3.929e-4
0.450, -4.007e-4
0.449, -4.093e-4
0.448, -4.173e-4
0.447, -4.264e-4
0.446, -4.362e-4
0.445, -4.465e-4
0.444, -4.568e-4
0.443, -4.675e-4
0.442, -4.791e-4
0.441, -4.905e-4
0.440, -5.026e-4
0.439, -5.148e-4
0.438, -5.277e-4
0.437, -5.409e-4
0.436, -5.550e-4
0.435, -5.691e-4
0.434, -5.835e-4
0.433, -5.982e-4
0.432, -6.132e-4
0.431, -6.292e-4
0.430, -6.451e-4
0.429, -6.612e-4
0.428, -6.779e-4
0.427, -6.950e-4
0.426, -7.124e-4
0.425, -7.294e-4
0.424, -7.472e-4
0.423, -7.650e-4
0.422, -7.827e-4
0.421, -8.010e-4
0.420, -8.193e-4
0.419, -8.378e-4
0.418, -8.562e-4
0.417, -8.749e-4
0.416, -8.938e-4
0.415, -9.125e-4
0.414, -9.311e-4
0.413, -9.503e-4
0.412, -9.687e-4
0.411, -9.879e-4
0.410, -1.004e-3
0.409, -1.014e-3
0.408, -1.033e-3
0.407, -1.053e-3
0.406, -1.073e-3
0.405, -1.094e-3
0.404, -1.114e-3
0.403, -1.134e-3
0.402, -1.155e-3
0.401, -1.176e-3
0.400, -1.196e-3
0.399, -1.218e-3
0.398, -1.239e-3
0.397, -1.260e-3
0.396, -1.281e-3
0.395, -1.303e-3
0.394, -1.325e-3
0.393, -1.347e-3
0.392, -1.369e-3
0.391, -1.392e-3
0.390, -1.414e-3
0.389, -1.437e-3
0.388, -1.459e-3
0.387, -1.482e-3
0.386, -1.505e-3
0.385, -1.527e-3
0.384, -1.550e-3
0.383, -1.573e-3
0.382, -1.595e-3
0.381, -1.617e-3
0.380, -1.638e-3
0.379, -1.659e-3
0.378, -1.680e-3
0.377, -1.699e-3
0.376, -1.719e-3
0.375, -1.737e-3
0.374, -1.753e-3
0.373, -1.769e-3
0.372, -1.784e-3
0.371, -1.797e-3
0.370, -1.809e-3
0.369, -1.820e-3
0.368, -1.827e-3
0.367, -1.834e-3
0.366, -1.838e-3
0.365, -1.839e-3
0.364, -1.838e-3
0.363, -1.834e-3
0.362, -1.826e-3
0.361, -1.814e-3
0.360, -1.799e-3
0.359, -1.780e-3
0.358, -1.757e-3
0.357, -1.729e-3
0.356, -1.696e-3
0.355, -1.658e-3
0.354, -1.615e-3
0.353, -1.567e-3
0.352, -1.514e-3
0.351, -1.458e-3
0.350, -1.396e-3
0.349, -1.331e-3
0.348, -1.263e-3
0.347, -1.193e-3
0.346, -1.121e-3
0.345, -1.049e-3
0.344, -9.792e-4
0.343, -9.111e-4
0.342, -8.453e-4
0.341, -7.830e-4
0.340, -7.246e-4
0.339, -6.704e-4
0.338, -6.205e-4
0.337, -5.753e-4
0.336, -5.340e-4
0.335, -4.968e-4
0.334, -4.632e-4
0.333, -4.329e-4
0.332, -4.055e-4
0.331, -3.814e-4
0.330, -3.591e-4
0.329, -3.387e-4
0.328, -3.205e-4
0.327, -3.041e-4
0.326, -2.889e-4
0.325, -2.750e-4
0.324, -2.626e-4
0.323, -2.507e-4
0.322, -2.402e-4
0.321, -2.303e-4
0.320, -2.211e-4
0.319, -2.130e-4
0.318, -2.048e-4
0.317, -1.976e-4
0.316, -1.910e-4
0.315, -1.848e-4
0.314, -1.788e-4
0.313, -1.732e-4
0.312, -1.683e-4
0.311, -1.634e-4
0.310, -1.586e-4
0.309, -1.541e-4
0.308, -1.500e-4
0.307, -1.464e-4
0.306, -1.425e-4
0.305, -1.389e-4
0.304, -1.352e-4
0.303, -1.319e-4
0.302, -1.288e-4
0.301, -1.258e-4
0.300, -1.228e-4
0.299, -1.202e-4
0.298, -1.178e-4
0.297, -1.155e-4
0.296, -1.130e-4
0.295, -1.105e-4
0.294, -1.080e-4
0.293, -1.060e-4
0.292, -1.040e-4
0.291, -1.022e-4
0.290, -1.002e-4
0.289, -9.832e-5
0.288, -9.643e-5
0.287, -9.478e-5
0.286, -9.321e-5
0.285, -9.161e-5
0.284, -9.012e-5
0.283, -8.864e-5
0.282, -8.706e-5
0.281, -8.561e-5
0.280, -8.413e-5
0.279, -8.284e-5
0.278, -8.146e-5
0.277, -8.027e-5
0.276, -7.906e-5
0.275, -7.779e-5
0.274, -7.662e-5
0.273, -7.549e-5
0.272, -7.421e-5
0.271, -7.323e-5
0.270, -7.221e-5
0.269, -7.107e-5
0.268, -7.019e-5
0.267, -6.932e-5
0.266, -6.858e-5
0.265, -6.779e-5
0.264, -6.692e-5
0.263, -6.621e-5
0.262, -6.525e-5
0.261, -6.442e-5
0.260, -6.354e-5
0.259, -6.267e-5
0.258, -6.187e-5
0.257, -6.103e-5
0.256, -6.012e-5
0.255, -5.937e-5
0.254, -5.869e-5
0.253, -5.793e-5
0.252, -5.728e-5
0.251, -5.663e-5
0.250, -5.602e-5
0.249, -5.540e-5
0.248, -5.475e-5
0.247, -5.424e-5
0.246, -5.347e-5
0.245, -5.300e-5
0.244, -5.235e-5
0.243, -5.165e-5
0.242, -5.117e-5
0.241, -5.065e-5
0.240, -5.002e-5
0.239, -4.947e-5
0.238, -4.895e-5
0.237, -4.849e-5
0.236, -4.798e-5
0.235, -4.745e-5
0.234, -4.695e-5
0.233, -4.653e-5
0.232, -4.611e-5
0.231, -4.564e-5
0.230, -4.523e-5
0.229, -4.485e-5
0.228, -4.441e-5
0.227, -4.395e-5
0.226, -4.365e-5
0.225, -4.333e-5
0.224, -4.288e-5
0.223, -4.253e-5
0.222, -4.213e-5
0.221, -4.178e-5
0.220, -4.135e-5
0.219, -4.108e-5
0.218, -4.068e-5
0.217, -4.030e-5
0.216, -3.986e-5
0.215, -3.947e-5
0.214, -3.915e-5
0.213, -3.886e-5
0.212, -3.847e-5
0.211, -3.813e-5
0.210, -3.772e-5
0.209, -3.749e-5
0.208, -3.704e-5
0.207, -3.672e-5
0.206, -3.642e-5
0.205, -3.606e-5
0.204, -3.576e-5
0.203, -3.539e-5
0.202, -3.526e-5
0.201, -3.493e-5
0.200, -3.240e-5
0.201, -2.757e-5
0.202, -2.585e-5
0.203, -2.457e-5
0.204, -2.347e-5
0.205, -2.276e-5
0.206, -2.185e-5
0.207, -2.114e-5
0.208, -2.047e-5
0.209, -1.987e-5
0.210, -1.935e-5
0.211, -1.887e-5
0.212, -1.845e-5
0.213, -1.798e-5
0.214, -1.749e-5
0.215, -1.710e-5
0.216, -1.662e-5
0.217, -1.620e-5
0.218, -1.581e-5
0.219, -1.533e-5
0.220, -1.490e-5
0.221, -1.465e-5
0.222, -1.421e-5
0.223, -1.382e-5
0.224, -1.344e-5
0.225, -1.316e-5
0.226, -1.278e-5
0.227, -1.245e-5
0.228, -1.210e-5
0.229, -1.179e-5
0.230, -1.143e-5
0.231, -1.114e-5
0.232, -1.088e-5
0.233, -1.054e-5
0.234, -1.021e-5
0.235, -1.006e-5
0.236, -9.734e-6
0.237, -9.539e-6
0.238, -9.227e-6
0.239, -8.914e-6
0.240, -8.631e-6
0.241, -8.358e-6
0.242, -8.153e-6
0.243, -8.026e-6
0.244, -7.694e-6
0.245, -7.450e-6
0.246, -7.167e-6
0.247, -6.991e-6
0.248, -6.747e-6
0.249, -6.532e-6
0.250, -6.298e-6
0.251, -6.083e-6
0.252, -5.839e-6
0.253, -5.614e-6
0.254, -5.341e-6
0.255, -5.126e-6
0.256, -4.901e-6
0.257, -4.638e-6
0.258, -4.472e-6
0.259, -4.237e-6
0.260, -4.003e-6
0.261, -3.759e-6
0.262, -3.495e-6
0.263, -3.281e-6
0.264, -3.037e-6
0.265, -2.831e-6
0.266, -2.646e-6
0.267, -2.392e-6
0.268, -2.129e-6
0.269, -1.992e-6
0.270, -1.670e-6
0.271, -1.445e-6
0.272, -1.269e-6
0.273, -9.861e-7
0.274, -7.420e-7
0.275, -5.272e-7
0.276, -2.343e-7
0.277, -1.074e-7
0.278, 3.027e-7
0.279, 4.687e-7
0.280, 7.128e-7
0.281, 9.861e-7
0.282, 1.220e-6
0.283, 1.367e-6
0.284, 1.650e-6
0.285, 1.904e-6
0.286, 2.080e-6
0.287, 2.382e-6
0.288, 2.646e-6
0.289, 2.949e-6
0.290, 3.066e-6
0.291, 3.359e-6
0.292, 3.622e-6
0.293, 3.886e-6
0.294, 4.101e-6
0.295, 4.384e-6
0.296, 4.657e-6
0.297, 4.980e-6
0.298, 5.224e-6
0.299, 5.487e-6
0.300, 5.800e-6
0.301, 6.112e-6
0.302, 6.405e-6
0.303, 6.561e-6
0.304, 6.864e-6
0.305, 7.274e-6
0.306, 7.547e-6
0.307, 7.938e-6
0.308, 8.309e-6
0.309, 8.582e-6
0.310, 8.836e-6
0.311, 9.119e-6
0.312, 9.442e-6
0.313, 9.891e-6
0.314, 1.023e-5
0.315, 1.051e-5
0.316, 1.084e-5
0.317, 1.117e-5
0.318, 1.154e-5
0.319, 1.192e-5
0.320, 1.219e-5
0.321, 1.258e-5
0.322, 1.295e-5
0.323, 1.336e-5
0.324, 1.376e-5
0.325, 1.399e-5
0.326, 1.444e-5
0.327, 1.488e-5
0.328, 1.524e-5
0.329, 1.557e-5
0.330, 1.591e-5
0.331, 1.633e-5
0.332, 1.676e-5
0.333, 1.715e-5
0.334, 1.757e-5
0.335, 1.798e-5
0.336, 1.840e-5
0.337, 1.875e-5
0.338, 1.916e-5
0.339, 1.963e-5
0.340, 2.015e-5
0.341, 2.069e-5
0.342, 2.102e-5
0.343, 2.154e-5
0.344, 2.207e-5
0.345, 2.249e-5
0.346, 2.291e-5
0.347, 2.347e-5
0.348, 2.407e-5
0.349, 2.450e-5
0.350, 2.508e-5
0.351, 2.561e-5
0.352, 2.600e-5
0.353, 2.666e-5
0.354, 2.707e-5
0.355, 2.761e-5
0.356, 2.819e-5
0.357, 2.864e-5
0.358, 2.922e-5
0.359, 2.972e-5
0.360, 3.028e-5
0.361, 3.081e-5
0.362, 3.137e-5
0.363, 3.194e-5
0.364, 3.254e-5
0.365, 3.314e-5
0.366, 3.387e-5
0.367, 3.451e-5
0.368, 3.510e-5
0.369, 3.586e-5
0.370, 3.646e-5
0.371, 3.704e-5
0.372, 3.773e-5
0.373, 3.846e-5
0.374, 3.911e-5
0.375, 3.973e-5
0.376, 4.043e-5
0.377, 4.114e-5
0.378, 4.172e-5
0.379, 4.257e-5
0.380, 4.331e-5
0.381, 4.408e-5
0.382, 4.490e-5
0.383, 4.573e-5
0.384, 4.663e-5
0.385, 4.758e-5
0.386, 4.833e-5
0.387, 4.914e-5
0.388, 4.997e-5
0.389, 5.085e-5
0.390, 5.179e-5
0.391, 5.255e-5
0.392, 5.346e-5
0.393, 5.438e-5
0.394, 5.530e-5
0.395, 5.636e-5
0.396, 5.756e-5
0.397, 5.836e-5
0.398, 5.954e-5
0.399, 6.076e-5
0.400, 6.191e-5
0.401, 6.305e-5
0.402, 6.402e-5
0.403, 6.527e-5
0.404, 6.643e-5
0.405, 6.771e-5
0.406, 6.911e-5
0.407, 7.047e-5
0.408, 7.188e-5
0.409, 7.332e-5
0.410, 7.220e-5
0.411, 7.502e-5
0.412, 7.702e-5
0.413, 7.882e-5
0.414, 8.062e-5
0.415, 8.285e-5
0.416, 8.505e-5
0.417, 8.751e-5
0.418, 8.981e-5
0.419, 9.202e-5
0.420, 9.447e-5
0.421, 9.736e-5
0.422, 1.004e-4
0.423, 1.033e-4
0.424, 1.071e-4
0.425, 1.112e-4
0.426, 1.151e-4
0.427, 1.196e-4
0.428, 1.245e-4
0.429, 1.296e-4
0.430, 1.359e-4
0.431, 1.424e-4
0.432, 1.493e-4
0.433, 1.575e-4
0.434, 1.662e-4
0.435, 1.757e-4
0.436, 1.867e-4
0.437, 1.982e-4
0.438, 2.112e-4
0.439, 2.249e-4
0.440, 2.402e-4
0.441, 2.570e-4
0.442, 2.753e-4
0.443, 2.956e-4
0.444, 3.171e-4
0.445, 3.407e-4
0.446, 3.660e-4
0.447, 3.935e-4
0.448, 4.230e-4
0.449, 4.542e-4
0.450, 4.878e-4
0.451, 5.238e-4
0.452, 5.617e-4
0.453, 6.019e-4
0.454, 6.446e-4
0.455, 6.893e-4
0.456, 7.363e-4
0.457, 7.857e-4
0.458, 8.368e-4
0.459, 8.901e-4
0.460, 9.448e-4
0.461, 1.001e-3
0.462, 1.059e-3
0.463, 1.118e-3
0.464, 1.177e-3
0.465, 1.237e-3
0.466, 1.298e-3
0.467, 1.359e-3
0.468, 1.420e-3
0.469, 1.480e-3
0.470, 1.541e-3
0.471, 1.600e-3
0.472, 1.659e-3
0.473, 1.717e-3
0.474, 1.773e-3
0.475, 1.828e-3
0.476, 1.883e-3
0.477, 1.936e-3
0.478, 1.988e-3
0.479, 2.037e-3
0.480, 2.085e-3
0.481, 2.131e-3
0.482, 2.175e-3
0.483, 2.218e-3
0.484, 2.258e-3
0.485, 2.296e-3
0.486, 2.333e-3
0.487, 2.367e-3
0.488, 2.399e-3
0.489, 2.428e-3
0.490, 2.454e-3
0.491, 2.478e-3
0.492, 2.499e-3
0.493, 2.516e-3
0.494, 2.532e-3
0.495, 2.543e-3
0.496, 2.552e-3
0.497, 2.556e-3
0.498, 2.557e-3
0.499, 2.554e-3
0.500, 2.546e-3
0.501, 2.535e-3
0.502, 2.520e-3
0.503, 2.499e-3
0.504, 2.474e-3
0.505, 2.445e-3
0.506, 2.410e-3
0.507, 2.371e-3
0.508, 2.326e-3
0.509, 2.277e-3
0.510, 2.224e-3
0.511, 2.166e-3
0.512, 2.107e-3
0.513, 2.045e-3
0.514, 1.978e-3
0.515, 1.908e-3
0.516, 1.838e-3
0.517, 1.767e-3
0.518, 1.695e-3
0.519, 1.624e-3
0.520, 1.554e-3
0.521, 1.485e-3
0.522, 1.416e-3
0.523, 1.349e-3
0.524, 1.284e-3
0.525, 1.219e-3
0.526, 1.157e-3
0.527, 1.096e-3
0.528, 1.037e-3
0.529, 9.804e-4
0.530, 9.261e-4
0.531, 8.742e-4
0.532, 8.248e-4
0.533, 7.780e-4
0.534, 7.345e-4
0.535, 6.936e-4
0.536, 6.557e-4
0.537, 6.205e-4
0.538, 5.896e-4
0.539, 5.604e-4
0.540, 5.335e-4
0.541, 5.090e-4
0.542, 4.875e-4
0.543, 4.678e-4
0.544, 4.502e-4
0.545, 4.344e-4
0.546, 4.198e-4
0.547, 4.074e-4
0.548, 3.960e-4
0.549, 3.855e-4
0.550, 3.759e-4
0.551, 3.674e-4
0.552, 3.601e-4
0.553, 3.541e-4
0.554, 3.482e-4
0.555, 3.435e-4
0.556, 3.390e-4
0.557, 3.355e-4
0.558, 3.323e-4
0.559, 3.292e-4
0.560, 3.269e-4
0.561, 3.251e-4
0.562, 3.236e-4
0.563, 3.229e-4
0.564, 3.225e-4
0.565, 3.224e-4
0.566, 3.226e-4
0.567, 3.227e-4
0.568, 3.234e-4
0.569, 3.247e-4
0.570, 3.260e-4
0.571, 3.281e-4
0.572, 3.310e-4
0.573, 3.336e-4
0.574, 3.365e-4
0.575, 3.401e-4
0.576, 3.438e-4
0.577, 3.474e-4
0.578, 3.520e-4
0.579, 3.574e-4
0.580, 3.623e-4
0.581, 3.681e-4
0.582, 3.740e-4
0.583, 3.808e-4
0.584, 3.882e-4
0.585, 3.961e-4
0.586, 4.036e-4
0.587, 4.122e-4
0.588, 4.210e-4
0.589, 4.311e-4
0.590, 4.410e-4
0.591, 4.512e-4
0.592, 4.622e-4
0.593, 4.733e-4
0.594, 4.857e-4
0.595, 4.986e-4
0.596, 5.116e-4
0.597, 5.251e-4
0.598, 5.395e-4
0.599, 5.544e-4
0.600, 5.696e-4
0.601, 5.858e-4
0.602, 6.018e-4
0.603, 6.192e-4
0.604, 6.376e-4
0.605, 6.562e-4
0.606, 6.752e-4
0.607, 6.953e-4
0.608, 7.160e-4
0.609, 7.371e-4
0.610, 7.588e-4
0.611, 7.818e-4
0.612, 8.049e-4
0.613, 8.286e-4
0.614, 8.531e-4
0.615, 8.763e-4
0.616, 9.026e-4
0.617, 9.293e-4
0.618, 9.562e-4
0.619, 9.836e-4
0.620, 1.012e-3
0.621, 1.041e-3
0.622, 1.070e-3
0.623, 1.100e-3
0.624, 1.131e-3
0.625, 1.163e-3
0.626, 1.194e-3
0.627, 1.227e-3
0.628, 1.259e-3
0.629, 1.293e-3
0.630, 1.328e-3
0.631, 1.363e-3
0.632, 1.398e-3
0.633, 1.434e-3
0.634, 1.471e-3
0.635, 1.508e-3
0.636, 1.546e-3
0.637, 1.584e-3
0.638, 1.622e-3
0.639, 1.662e-3
0.640, 1.702e-3
0.641, 1.743e-3
0.642, 1.783e-3
0.643, 1.824e-3
0.644, 1.866e-3
0.645, 1.908e-3
0.646, 1.951e-3
0.647, 1.994e-3
0.648, 2.037e-3
0.649, 2.082e-3
0.650, 2.126e-3
0.651, 2.171e-3
0.652, 2.216e-3
0.653, 2.261e-3
0.654, 2.307e-3
0.655, 2.353e-3
0.656, 2.400e-3
0.657, 2.447e-3
0.658, 2.495e-3
0.659, 2.543e-3
0.660, 2.591e-3
0.661, 2.639e-3
0.662, 2.688e-3
0.663, 2.737e-3
0.664, 2.787e-3
0.665, 2.837e-3
0.666, 2.888e-3
0.667, 2.938e-3
0.668, 2.989e-3
0.669, 3.040e-3
0.670, 3.092e-3
0.671, 3.144e-3
0.672, 3.196e-3
0.673, 3.249e-3
0.674, 3.301e-3
0.675, 3.354e-3
0.676, 3.407e-3
0.677, 3.461e-3
0.678, 3.515e-3
0.679, 3.568e-3
0.680, 3.623e-3
0.681, 3.677e-3
0.682, 3.732e-3
0.683, 3.787e-3
0.684, 3.842e-3
0.685, 3.898e-3
0.686, 3.954e-3
0.687, 4.010e-3
0.688, 4.066e-3
0.689, 4.122e-3
0.690, 4.178e-3
0.691, 4.235e-3
0.692, 4.292e-3
0.693, 4.349e-3
0.694, 4.407e-3
0.695, 4.464e-3
0.696, 4.522e-3
0.697, 4.580e-3
0.698, 4.638e-3
0.699, 4.696e-3
0.700, 4.755e-3
0.701, 4.814e-3
0.702, 4.873e-3
0.703, 4.931e-3
0.704, 4.990e-3
0.705, 5.049e-3
0.706, 5.109e-3
0.707, 5.169e-3
0.708, 5.229e-3
0.709, 5.289e-3
0.710, 5.349e-3
0.711, 5.409e-3
0.712, 5.470e-3
0.713, 5.531e-3
0.714, 5.592e-3
0.715, 5.653e-3
0.716, 5.714e-3
0.717, 5.777e-3
0.718, 5.839e-3
0.719, 5.901e-3
0.720, 5.962e-3
0.721, 6.024e-3
0.722, 6.086e-3
0.723, 6.147e-3
0.724, 6.210e-3
0.725, 6.272e-3
0.726, 6.335e-3
0.727, 6.397e-3
0.728, 6.460e-3
0.729, 6.523e-3
0.730, 6.585e-3
0.731, 6.648e-3
0.732, 6.711e-3
0.733, 6.774e-3
0.734, 6.838e-3
0.735, 6.901e-3
0.736, 6.964e-3
0.737, 7.029e-3
0.738, 7.092e-3
0.739, 7.156e-3
0.740, 7.220e-3
0.741, 7.284e-3
0.742, 7.349e-3
0.743, 7.413e-3
0.744, 7.477e-3
0.745, 7.542e-3
0.746, 7.606e-3
0.747, 7.671e-3
0.748, 7.735e-3
0.749, 7.800e-3
0.750, 7.866e-3
0.751, 7.930e-3
0.752, 7.995e-3
0.753, 8.060e-3
0.754, 8.125e-3
0.755, 8.191e-3
0.756, 8.256e-3
0.757, 8.321e-3
0.758, 8.387e-3
0.759, 8.452e-3
0.760, 8.518e-3
0.761, 8.584e-3
0.762, 8.650e-3
0.763, 8.716e-3
0.764, 8.782e-3
0.765, 8.848e-3
0.766, 8.914e-3
0.767, 8.979e-3
0.768, 9.046e-3
0.769, 9.113e-3
0.770, 9.179e-3
0.771, 9.246e-3
0.772, 9.312e-3
0.773, 9.379e-3
0.774, 9.446e-3
0.775, 9.512e-3
0.776, 9.579e-3
0.777, 9.646e-3
0.778, 9.713e-3
0.779, 9.781e-3
0.780, 9.848e-3
0.781, 9.914e-3
0.782, 9.981e-3
0.783, 1.005e-2
0.784, 1.012e-2
0.785, 1.018e-2
0.786, 1.025e-2
0.787, 1.032e-2
0.788, 1.039e-2
0.789, 1.045e-2
0.790, 1.052e-2
0.791, 1.059e-2
0.792, 1.066e-2
0.793, 1.073e-2
0.794, 1.079e-2
0.795, 1.086e-2
0.796, 1.093e-2
0.797, 1.100e-2
0.798, 1.107e-2
0.799, 1.113e-2
0.800, 1.118e-2
0.799, 1.113e-2
0.798, 1.106e-2
0.797, 1.099e-2
0.796, 1.092e-2
0.795, 1.085e-2
0.794, 1.078e-2
0.793, 1.071e-2
0.792, 1.064e-2
0.791, 1.058e-2
0.790, 1.051e-2
0.789, 1.044e-2
0.788, 1.037e-2
0.787, 1.030e-2
0.786, 1.023e-2
0.785, 1.016e-2
0.784, 1.009e-2
0.783, 1.002e-2
0.782, 9.956e-3
0.781, 9.888e-3
0.780, 9.820e-3
0.779, 9.751e-3
0.778, 9.683e-3
0.777, 9.615e-3
0.776, 9.547e-3
0.775, 9.479e-3
0.774, 9.411e-3
0.773, 9.343e-3
0.772, 9.275e-3
0.771, 9.207e-3
0.770, 9.140e-3
0.769, 9.072e-3
0.768, 9.005e-3
0.767, 8.938e-3
0.766, 8.871e-3
0.765, 8.803e-3
0.764, 8.736e-3
0.763, 8.669e-3
0.762, 8.602e-3
0.761, 8.535e-3
0.760, 8.468e-3
0.759, 8.402e-3
0.758, 8.336e-3
0.757, 8.269e-3
0.756, 8.203e-3
0.755, 8.137e-3
0.754, 8.071e-3
0.753, 8.005e-3
0.752, 7.939e-3
0.751, 7.873e-3
0.750, 7.808e-3
0.749, 7.742e-3
0.748, 7.676e-3
0.747, 7.611e-3
0.746, 7.546e-3
0.745, 7.481e-3
0.744, 7.416e-3
0.743, 7.351e-3
0.742, 7.285e-3
0.741, 7.221e-3
0.740, 7.156e-3
0.739, 7.092e-3
0.738, 7.027e-3
0.737, 6.962e-3
0.736, 6.898e-3
0.735, 6.834e-3
0.734, 6.770e-3
0.733, 6.707e-3
0.732, 6.643e-3
0.731, 6.579e-3
0.730, 6.516e-3
0.729, 6.453e-3
0.728, 6.390e-3
0.727, 6.326e-3
0.726, 6.264e-3
0.725, 6.201e-3
0.724, 6.138e-3
0.723, 6.075e-3
0.722, 6.013e-3
0.721, 5.951e-3
0.720, 5.889e-3
0.719, 5.827e-3
0.718, 5.765e-3
0.717, 5.702e-3
0.716, 5.639e-3
0.715, 5.578e-3
0.714, 5.516e-3
0.713, 5.455e-3
0.712, 5.393e-3
0.711, 5.332e-3
0.710, 5.272e-3
0.709, 5.212e-3
0.708, 5.151e-3
0.707, 5.091e-3
0.706, 5.031e-3
0.705, 4.971e-3
0.704, 4.911e-3
0.703, 4.852e-3
0.702, 4.793e-3
0.701, 4.734e-3
0.700, 4.675e-3
0.699, 4.616e-3
0.698, 4.557e-3
0.697, 4.498e-3
0.696, 4.440e-3
0.695, 4.382e-3
0.694, 4.324e-3
0.693, 4.267e-3
0.692, 4.210e-3
0.691, 4.152e-3
0.690, 4.095e-3
0.689, 4.038e-3
0.688, 3.982e-3
0.687, 3.925e-3
0.686, 3.869e-3
0.685, 3.813e-3
0.684, 3.757e-3
0.683, 3.702e-3
0.682, 3.647e-3
0.681, 3.592e-3
0.680, 3.537e-3
0.679, 3.482e-3
0.678, 3.428e-3
0.677, 3.374e-3
0.676, 3.321e-3
0.675, 3.267e-3
0.674, 3.214e-3
0.673, 3.161e-3
0.672, 3.108e-3
0.671, 3.055e-3
0.670, 3.003e-3
0.669, 2.951e-3
0.668, 2.900e-3
0.667, 2.849e-3
0.666, 2.797e-3
0.665, 2.746e-3
0.664, 2.697e-3
0.663, 2.646e-3
0.662, 2.597e-3
0.661, 2.547e-3
0.660, 2.498e-3
0.659, 2.449e-3
0.658, 2.401e-3
0.657, 2.352e-3
0.656, 2.305e-3
0.655, 2.257e-3
0.654, 2.210e-3
0.653, 2.163e-3
0.652, 2.118e-3
0.651, 2.072e-3
0.650, 2.026e-3
0.649, 1.981e-3
0.648, 1.936e-3
0.647, 1.891e-3
0.646, 1.846e-3
0.645, 1.803e-3
0.644, 1.760e-3
0.643, 1.717e-3
0.642, 1.675e-3
0.641, 1.632e-3
0.640, 1.591e-3
0.639, 1.549e-3
0.638, 1.509e-3
0.637, 1.469e-3
0.636, 1.429e-3
0.635, 1.390e-3
0.634, 1.351e-3
0.633, 1.313e-3
0.632, 1.275e-3
0.631, 1.237e-3
0.630, 1.201e-3
0.629, 1.165e-3
0.628, 1.129e-3
0.627, 1.094e-3
0.626, 1.060e-3
0.625, 1.025e-3
0.624, 9.916e-4
0.623, 9.589e-4
0.622, 9.261e-4
0.621, 8.936e-4
0.620, 8.619e-4
0.619, 8.309e-4
0.618, 8.002e-4
0.617, 7.704e-4
0.616, 7.408e-4
0.615, 7.123e-4
0.614, 6.857e-4
0.613, 6.578e-4
0.612, 6.302e-4
0.611, 6.040e-4
0.610, 5.779e-4
0.609, 5.527e-4
0.608, 5.279e-4
0.607, 5.035e-4
0.606, 4.798e-4
0.605, 4.568e-4
0.604, 4.343e-4
0.603, 4.122e-4
0.602, 3.908e-4
0.601, 3.703e-4
0.600, 3.500e-4
0.599, 3.300e-4
0.598, 3.113e-4
0.597, 2.923e-4
0.596, 2.738e-4
0.595, 2.564e-4
0.594, 2.398e-4
0.593, 2.232e-4
0.592, 2.076e-4
0.591, 1.920e-4
0.590, 1.770e-4
0.589, 1.624e-4
0.588, 1.481e-4
0.587, 1.348e-4
0.586, 1.219e-4
0.585, 1.096e-4
0.584, 9.742e-5
0.583, 8.569e-5
0.582, 7.453e-5
0.581, 6.374e-5
0.580, 5.300e-5
0.579, 4.288e-5
0.578, 3.357e-5
0.577, 2.447e-5
0.576, 1.571e-5
0.575, 7.264e-6
0.574, -1.045e-6
0.573, -9.461e-6
0.572, -1.744e-5
0.571, -2.449e-5
0.570, -3.145e-5
0.569, -3.832e-5
0.568, -4.477e-5
0.567, -5.122e-5
0.566, -5.715e-5
0.565, -6.347e-5
0.564, -6.873e-5
0.563, -7.386e-5
0.562, -7.913e-5
0.561, -8.390e-5
0.560, -8.882e-5
0.559, -9.301e-5
0.558, -9.722e-5
0.557, -1.018e-4
0.556, -1.058e-4
0.555, -1.095e-4
0.554, -1.134e-4
0.553, -1.168e-4
0.552, -1.199e-4
0.551, -1.232e-4
0.550, -1.257e-4
0.549, -1.290e-4
0.548, -1.323e-4
0.547, -1.350e-4
0.546, -1.383e-4
0.545, -1.411e-4
0.544, -1.437e-4
0.543, -1.463e-4
0.542, -1.484e-4
0.541, -1.508e-4
0.540, -1.532e-4
0.539, -1.554e-4
0.538, -1.575e-4
0.537, -1.601e-4
0.536, -1.623e-4
0.535, -1.643e-4
0.534, -1.661e-4
0.533, -1.678e-4
0.532, -1.695e-4
0.531, -1.713e-4
0.530, -1.730e-4
0.529, -1.745e-4
0.528, -1.761e-4
0.527, -1.778e-4
0.526, -1.793e-4
0.525, -1.808e-4
0.524, -1.821e-4
0.523, -1.841e-4
0.522, -1.861e-4
0.521, -1.872e-4
0.520, -1.886e-4
0.519, -1.901e-4
0.518, -1.917e-4
0.517, -1.933e-4
0.516, -1.946e-4
0.515, -1.963e-4
0.514, -1.979e-4
0.513, -1.990e-4
0.512, -2.025e-4
0.511, -2.046e-4
0.510, -2.049e-4
0.509, -2.058e-4
0.508, -2.071e-4
0.507, -2.087e-4
0.506, -2.105e-4
0.505, -2.118e-4
0.504, -2.134e-4
0.503, -2.151e-4
0.502, -2.159e-4
0.501, -2.175e-4
0.500, -2.193e-4
0.499, -2.202e-4
0.498, -2.222e-4
0.497, -2.236e-4
0.496, -2.252e-4
0.495, -2.273e-4
0.494, -2.286e-4
0.493, -2.305e-4
0.492, -2.327e-4
0.491, -2.344e-4
0.490, -2.365e-4
0.489, -2.385e-4
0.488, -2.401e-4
0.487, -2.424e-4
0.486, -2.450e-4
0.485, -2.470e-4
0.484, -2.491e-4
0.483, -2.509e-4
0.482, -2.532e-4
0.481, -2.557e-4
0.480, -2.585e-4
0.479, -2.615e-4
0.478, -2.639e-4
0.477, -2.668e-4
0.476, -2.694e-4
0.475, -2.729e-4
0.474, -2.757e-4
0.473, -2.780e-4
0.472, -2.815e-4
0.471, -2.851e-4
0.470, -2.886e-4
0.469, -2.930e-4
0.468, -2.971e-4
0.467, -3.007e-4
0.466, -3.048e-4
0.465, -3.096e-4
0.464, -3.138e-4
0.463, -3.187e-4
0.462, -3.237e-4
0.461, -3.290e-4
0.460, -3.343e-4
0.459, -3.400e-4
0.458, -3.461e-4
0.457, -3.519e-4
0.456, -3.584e-4
0.455, -3.652e-4
0.454, -3.717e-4
0.453, -3.793e-4
0.452, -3.873e-4
0.451, -3.943e-4
0.450, -4.019e-4
0.449, -4.107e-4
0.448, -4.188e-4
0.447, -4.281e-4
0.446, -4.380e-4
0.445, -4.482e-4
0.444, -4.582e-4
0.443, -4.694e-4
0.442, -4.806e-4
0.441, -4.922e-4
0.440, -5.040e-4
0.439, -5.169e-4
0.438, -5.297e-4
0.437, -5.431e-4
0.436, -5.575e-4
0.435, -5.717e-4
0.434, -5.858e-4
0.433, -6.011e-4
0.432, -6.160e-4
0.431, -6.321e-4
0.430, -6.484e-4
0.429, -6.645e-4
0.428, -6.817e-4
0.427, -6.990e-4
0.426, -7.163e-4
0.425, -7.338e-4
0.424, -7.512e-4
0.423, -7.693e-4
0.422, -7.869e-4
0.421, -8.054e-4
0.420, -8.238e-4
0.419, -8.423e-4
0.418, -8.607e-4
0.417, -8.797e-4
0.416, -8.992e-4
0.415, -9.179e-4
0.414, -9.367e-4
0.413, -9.558e-4
0.412, -9.747e-4
0.411, -9.937e-4
0.410, -1.010e-3
0.409, -1.020e-3
0.408, -1.040e-3
0.407, -1.061e-3
0.406, -1.081e-3
0.405, -1.102e-3
0.404, -1.122e-3
0.403, -1.143e-3
0.402, -1.163e-3
0.401, -1.185e-3
0.400, -1.206e-3
0.399, -1.227e-3
0.398, -1.248e-3
0.397, -1.270e-3
0.396, -1.291e-3
0.395, -1.314e-3
0.394, -1.336e-3
0.393, -1.358e-3
0.392, -1.381e-3
0.391, -1.404e-3
0.390, -1.426e-3
0.389, -1.449e-3
0.388, -1.472e-3
0.387, -1.495e-3
0.386, -1.518e-3
0.385, -1.541e-3
0.384, -1.564e-3
0.383, -1.588e-3
0.382, -1.610e-3
0.381, -1.633e-3
0.380, -1.654e-3
0.379, -1.675e-3
0.378, -1.696e-3
0.377, -1.716e-3
0.376, -1.736e-3
0.375, -1.754e-3
0.374, -1.772e-3
0.373, -1.789e-3
0.372, -1.804e-3
0.371, -1.818e-3
0.370, -1.830e-3
0.369, -1.841e-3
0.368, -1.851e-3
0.367, -1.858e-3
0.366, -1.863e-3
0.365, -1.865e-3
0.364, -1.865e-3
0.363, -1.862e-3
0.362, -1.855e-3
0.361, -1.845e-3
0.360, -1.831e-3
0.359, -1.813e-3
0.358, -1.790e-3
0.357, -1.764e-3
0.356, -1.732e-3
0.355, -1.695e-3
0.354, -1.653e-3
0.353, -1.606e-3
0.352, -1.554e-3
0.351, -1.497e-3
0.350, -1.436e-3
0.349, -1.371e-3
0.348, -1.302e-3
0.347, -1.231e-3
0.346, -1.158e-3
0.345, -1.085e-3
0.344, -1.012e-3
0.343, -9.415e-4
0.342, -8.735e-4
0.341, -8.085e-4
0.340, -7.474e-4
0.339, -6.908e-4
0.338, -6.387e-4
0.337, -5.913e-4
0.336, -5.482e-4
0.335, -5.092e-4
0.334, -4.740e-4
0.333, -4.425e-4
0.332, -4.141e-4
0.331, -3.889e-4
0.330, -3.659e-4
0.329, -3.448e-4
0.328, -3.259e-4
0.327, -3.090e-4
0.326, -2.934e-4
0.325, -2.792e-4
0.324, -2.664e-4
0.323, -2.542e-4
0.322, -2.435e-4
0.321, -2.334e-4
0.320, -2.239e-4
0.319, -2.156e-4
0.318, -2.074e-4
0.317, -1.999e-4
0.316, -1.932e-4
0.315, -1.869e-4
0.314, -1.808e-4
0.313, -1.751e-4
0.312, -1.700e-4
0.311, -1.653e-4
0.310, -1.604e-4
0.309, -1.558e-4
0.308, -1.517e-4
0.307, -1.480e-4
0.306, -1.440e-4
0.305, -1.405e-4
0.304, -1.368e-4
0.303, -1.334e-4
0.302, -1.302e-4
0.301, -1.272e-4
0.300, -1.242e-4
0.299, -1.215e-4
0.298, -1.190e-4
0.297, -1.168e-4
0.296, -1.144e-4
0.295, -1.119e-4
0.294, -1.092e-4
0.293, -1.072e-4
0.292, -1.051e-4
0.291, -1.032e-4
0.290, -1.014e-4
0.289, -9.941e-5
0.288, -9.758e-5
0.287, -9.589e-5
0.286, -9.416e-5
0.285, -9.263e-5
0.284, -9.124e-5
0.283, -8.970e-5
0.282, -8.824e-5
0.281, -8.663e-5
0.280, -8.519e-5
0.279, -8.383e-5
0.278, -8.241e-5
0.277, -8.108e-5
0.276, -8.002e-5
0.275, -7.881e-5
0.274, -7.760e-5
0.273, -7.642e-5
0.272, -7.531e-5
0.271, -7.416e-5
0.270, -7.310e-5
0.269, -7.204e-5
0.268, -7.102e-5
0.267, -7.015e-5
0.266, -6.933e-5
0.265, -6.851e-5
0.264, -6.767e-5
0.263, -6.701e-5
0.262, -6.614e-5
0.261, -6.527e-5
0.260, -6.442e-5
0.259, -6.356e-5
0.258, -6.269e-5
0.257, -6.186e-5
0.256, -6.095e-5
0.255, -6.026e-5
0.254, -5.953e-5
0.253, -5.874e-5
0.252, -5.805e-5
0.251, -5.746e-5
0.250, -5.680e-5
0.249, -5.614e-5
0.248, -5.549e-5
0.247, -5.490e-5
0.246, -5.432e-5
0.245, -5.378e-5
0.244, -5.310e-5
0.243, -5.251e-5
0.242, -5.186e-5
0.241, -5.142e-5
0.240, -5.085e-5
0.239, -5.032e-5
0.238, -4.972e-5
0.237, -4.920e-5
0.236, -4.868e-5
0.235, -4.827e-5
0.234, -4.763e-5
0.233, -4.717e-5
0.232, -4.668e-5
0.231, -4.632e-5
0.230, -4.584e-5
0.229, -4.543e-5
0.228, -4.505e-5
0.227, -4.463e-5
0.226, -4.425e-5
0.225, -4.391e-5
0.224, -4.354e-5
0.223, -4.321e-5
0.222, -4.270e-5
0.221, -4.230e-5
0.220, -4.200e-5
0.219, -4.176e-5
0.218, -4.128e-5
0.217, -4.097e-5
0.216, -4.052e-5
0.215, -4.016e-5
0.214, -3.981e-5
0.213, -3.939e-5
0.212, -3.911e-5
0.211, -3.878e-5
0.210, -3.842e-5
0.209, -3.811e-5
0.208, -3.765e-5
0.207, -3.749e-5
0.206, -3.705e-5
0.205, -3.667e-5
0.204, -3.629e-5
0.203, -3.614e-5
0.202, -3.578e-5
0.201, -3.555e-5
0.200, -3.294e-5
0.201, -2.817e-5
0.202, -2.634e-5
0.203, -2.497e-5
0.204, -2.406e-5
0.205, -2.327e-5
0.206, -2.244e-5
0.207, -2.157e-5
0.208, -2.092e-5
0.209, -2.036e-5
0.210, -1.981e-5
0.211, -1.930e-5
0.212, -1.883e-5
0.213, -1.831e-5
0.214, -1.794e-5
0.215, -1.748e-5
0.216, -1.714e-5
0.217, -1.670e-5
0.218, -1.630e-5
0.219, -1.593e-5
0.220, -1.550e-5
0.221, -1.508e-5
0.222, -1.463e-5
0.223, -1.425e-5
0.224, -1.392e-5
0.225, -1.356e-5
0.226, -1.317e-5
0.227, -1.287e-5
0.228, -1.247e-5
0.229, -1.218e-5
0.230, -1.186e-5
0.231, -1.152e-5
0.232, -1.137e-5
0.233, -1.100e-5
0.234, -1.072e-5
0.235, -1.045e-5
0.236, -1.019e-5
0.237, -9.871e-6
0.238, -9.549e-6
0.239, -9.344e-6
0.240, -9.168e-6
0.241, -8.797e-6
0.242, -8.534e-6
0.243, -8.407e-6
0.244, -8.114e-6
0.245, -7.821e-6
0.246, -7.557e-6
0.247, -7.342e-6
0.248, -7.118e-6
0.249, -6.825e-6
0.250, -6.698e-6
0.251, -6.434e-6
0.252, -6.171e-6
0.253, -6.014e-6
0.254, -5.692e-6
0.255, -5.517e-6
0.256, -5.311e-6
0.257, -5.009e-6
0.258, -4.882e-6
0.259, -4.618e-6
0.260, -4.345e-6
0.261, -4.189e-6
0.262, -3.847e-6
0.263, -3.603e-6
0.264, -3.417e-6
0.265, -3.134e-6
0.266, -2.958e-6
0.267, -2.695e-6
0.268, -2.412e-6
0.269, -2.246e-6
0.270, -1.972e-6
0.271, -1.738e-6
0.272, -1.572e-6
0.273, -1.250e-6
0.274, -1.133e-6
0.275, -8.299e-7
0.276, -5.468e-7
0.277, -4.198e-7
0.278, -7.811e-8
0.279, 8.787e-8
0.280, 3.320e-7
0.281, 6.249e-7
0.282, 8.983e-7
0.283, 1.113e-6
0.284, 1.357e-6
0.285, 1.523e-6
0.286, 1.894e-6
0.287, 2.089e-6
0.288, 2.353e-6
0.289, 2.578e-6
0.290, 2.783e-6
0.291, 3.183e-6
0.292, 3.388e-6
0.293, 3.622e-6
0.294, 3.837e-6
0.295, 4.140e-6
0.296, 4.452e-6
0.297, 4.716e-6
0.298, 4.970e-6
0.299, 5.194e-6
0.300, 5.536e-6
0.301, 5.741e-6
0.302, 6.102e-6
0.303, 6.444e-6
0.304, 6.649e-6
0.305, 6.991e-6
0.306, 7.215e-6
0.307, 7.782e-6
0.308, 8.065e-6
0.309, 8.260e-6
0.310, 8.641e-6
0.311, 8.914e-6
0.312, 9.266e-6
0.313, 9.539e-6
0.314, 9.881e-6
0.315, 1.031e-5
0.316, 1.058e-5
0.317, 1.090e-5
0.318, 1.141e-5
0.319, 1.175e-5
0.320, 1.199e-5
0.321, 1.238e-5
0.322, 1.278e-5
0.323, 1.306e-5
0.324, 1.349e-5
0.325, 1.386e-5
0.326, 1.429e-5
0.327, 1.461e-5
0.328, 1.498e-5
0.329, 1.537e-5
0.330, 1.576e-5
0.331, 1.615e-5
0.332, 1.653e-5
0.333, 1.695e-5
0.334, 1.742e-5
0.335, 1.776e-5
0.336, 1.813e-5
0.337, 1.866e-5
0.338, 1.915e-5
0.339, 1.954e-5
0.340, 1.995e-5
0.341, 2.046e-5
0.342, 2.100e-5
0.343, 2.144e-5
0.344, 2.187e-5
0.345, 2.235e-5
0.346, 2.288e-5
0.347, 2.337e-5
0.348, 2.392e-5
0.349, 2.442e-5
0.350, 2.496e-5
0.351, 2.550e-5
0.352, 2.599e-5
0.353, 2.654e-5
0.354, 2.702e-5
0.355, 2.754e-5
0.356, 2.803e-5
0.357, 2.858e-5
0.358, 2.914e-5
0.359, 2.965e-5
0.360, 3.015e-5
0.361, 3.075e-5
0.362, 3.123e-5
0.363, 3.188e-5
0.364, 3.253e-5
0.365, 3.317e-5
0.366, 3.378e-5
0.367, 3.441e-5
0.368, 3.508e-5
0.369, 3.574e-5
0.370, 3.640e-5
0.371, 3.707e-5
0.372, 3.762e-5
0.373, 3.837e-5
0.374, 3.906e-5
0.375, 3.976e-5
0.376, 4.041e-5
0.377, 4.119e-5
0.378, 4.191e-5
0.379, 4.266e-5
0.380, 4.340e-5
0.381, 4.411e-5
0.382, 4.500e-5
0.383, 4.584e-5
0.384, 4.676e-5
0.385, 4.769e-5
0.386, 4.853e-5
0.387, 4.926e-5
0.388, 5.019e-5
0.389, 5.098e-5
0.390, 5.189e-5
0.391, 5.272e-5
0.392, 5.365e-5
0.393, 5.467e-5
0.394, 5.559e-5
0.395, 5.659e-5
0.396, 5.772e-5
0.397, 5.855e-5
0.398, 5.992e-5
0.399, 6.098e-5
0.400, 6.216e-5
0.401, 6.321e-5
0.402, 6.434e-5
0.403, 6.545e-5
0.404, 6.678e-5
0.405, 6.797e-5
0.406, 6.940e-5
0.407, 7.087e-5
0.408, 7.241e-5
0.409, 7.372e-5
0.410, 7.254e-5
0.411, 7.539e-5
0.412, 7.741e-5
0.413, 7.911e-5
0.414, 8.119e-5
0.415, 8.343e-5
0.416, 8.569e-5
0.417, 8.800e-5
0.418, 9.028e-5
0.419, 9.256e-5
0.420, 9.516e-5
0.421, 9.824e-5
0.422, 1.012e-4
0.423, 1.042e-4
0.424, 1.079e-4
0.425, 1.121e-4
0.426, 1.160e-4
0.427, 1.207e-4
0.428, 1.256e-4
0.429, 1.308e-4
0.430, 1.372e-4
0.431, 1.437e-4
0.432, 1.508e-4
0.433, 1.593e-4
0.434, 1.678e-4
0.435, 1.776e-4
0.436, 1.888e-4
0.437, 2.005e-4
0.438, 2.135e-4
0.439, 2.274e-4
0.440, 2.431e-4
0.441, 2.605e-4
0.442, 2.789e-4
0.443, 2.994e-4
0.444, 3.216e-4
0.445, 3.456e-4
0.446, 3.713e-4
0.447, 3.991e-4
0.448, 4.291e-4
0.449, 4.605e-4
0.450, 4.945e-4
0.451, 5.309e-4
0.452, 5.699e-4
0.453, 6.102e-4
0.454, 6.537e-4
0.455, 6.991e-4
0.456, 7.466e-4
0.457, 7.964e-4
0.458, 8.481e-4
0.459, 9.015e-4
0.460, 9.565e-4
0.461, 1.013e-3
0.462, 1.071e-3
0.463, 1.130e-3
0.464, 1.190e-3
0.465, 1.250e-3
0.466, 1.311e-3
0.467, 1.372e-3
0.468, 1.433e-3
0.469, 1.494e-3
0.470, 1.555e-3
0.471, 1.614e-3
0.472, 1.673e-3
0.473, 1.731e-3
0.474, 1.787e-3
0.475, 1.843e-3
0.476, 1.897e-3
0.477, 1.950e-3
0.478, 2.002e-3
0.479, 2.052e-3
0.480, 2.101e-3
0.481, 2.147e-3
0.482, 2.192e-3
0.483, 2.235e-3
0.484, 2.275e-3
0.485, 2.314e-3
0.486, 2.351e-3
0.487, 2.387e-3
0.488, 2.419e-3
0.489, 2.449e-3
0.490, 2.475e-3
0.491, 2.500e-3
0.492, 2.521e-3
0.493, 2.540e-3
0.494, 2.556e-3
0.495, 2.569e-3
0.496, 2.578e-3
0.497, 2.583e-3
0.498, 2.585e-3
0.499, 2.583e-3
0.500, 2.576e-3
0.501, 2.566e-3
0.502, 2.552e-3
0.503, 2.533e-3
0.504, 2.509e-3
0.505, 2.480e-3
0.506, 2.446e-3
0.507, 2.407e-3
0.508, 2.364e-3
0.509, 2.315e-3
0.510, 2.263e-3
0.511, 2.205e-3
0.512, 2.146e-3
0.513, 2.084e-3
0.514, 2.016e-3
0.515, 1.946e-3
0.516, 1.875e-3
0.517, 1.803e-3
0.518, 1.731e-3
0.519, 1.659e-3
0.520, 1.587e-3
0.521, 1.516e-3
0.522, 1.446e-3
0.523, 1.377e-3
0.524, 1.310e-3
0.525, 1.244e-3
0.526, 1.179e-3
0.527, 1.117e-3
0.528, 1.057e-3
0.529, 9.985e-4
0.530, 9.424e-4
0.531, 8.887e-4
0.532, 8.377e-4
0.533, 7.896e-4
0.534, 7.446e-4
0.535, 7.023e-4
0.536, 6.633e-4
0.537, 6.274e-4
0.538, 5.952e-4
0.539, 5.653e-4
0.540, 5.377e-4
0.541, 5.130e-4
0.542, 4.908e-4
0.543, 4.704e-4
0.544, 4.527e-4
0.545, 4.366e-4
0.546, 4.216e-4
0.547, 4.087e-4
0.548, 3.968e-4
0.549, 3.863e-4
0.550, 3.768e-4
0.551, 3.684e-4
0.552, 3.613e-4
0.553, 3.548e-4
0.554, 3.489e-4
0.555, 3.444e-4
0.556, 3.397e-4
0.557, 3.360e-4
0.558, 3.332e-4
0.559, 3.299e-4
0.560, 3.276e-4
0.561, 3.257e-4
0.562, 3.241e-4
0.563, 3.236e-4
0.564, 3.234e-4
0.565, 3.231e-4
0.566, 3.230e-4
0.567, 3.235e-4
0.568, 3.243e-4
0.569, 3.258e-4
0.570, 3.273e-4
0.571, 3.294e-4
0.572, 3.322e-4
0.573, 3.348e-4
0.574, 3.382e-4
0.575, 3.415e-4
0.576, 3.449e-4
0.577, 3.488e-4
0.578, 3.539e-4
0.579, 3.590e-4
0.580, 3.642e-4
0.581, 3.700e-4
0.582, 3.762e-4
0.583, 3.832e-4
0.584, 3.906e-4
0.585, 3.983e-4
0.586, 4.061e-4
0.587, 4.146e-4
0.588, 4.236e-4
0.589, 4.340e-4
0.590, 4.445e-4
0.591, 4.545e-4
0.592, 4.654e-4
0.593, 4.769e-4
0.594, 4.890e-4
0.595, 5.021e-4
0.596, 5.154e-4
0.597, 5.291e-4
0.598, 5.437e-4
0.599, 5.586e-4
0.600, 5.743e-4
0.601, 5.905e-4
0.602, 6.066e-4
0.603, 6.245e-4
0.604, 6.428e-4
0.605, 6.616e-4
0.606, 6.813e-4
0.607, 7.014e-4
0.608, 7.221e-4
0.609, 7.435e-4
0.610, 7.655e-4
0.611, 7.883e-4
0.612, 8.114e-4
0.613, 8.356e-4
0.614, 8.602e-4
0.615, 8.838e-4
0.616, 9.100e-4
0.617, 9.371e-4
0.618, 9.641e-4
0.619, 9.921e-4
0.620, 1.020e-3
0.621, 1.049e-3
0.622, 1.080e-3
0.623, 1.110e-3
0.624, 1.141e-3
0.625, 1.172e-3
0.626, 1.204e-3
0.627, 1.237e-3
0.628, 1.270e-3
0.629, 1.304e-3
0.630, 1.338e-3
0.631, 1.373e-3
0.632, 1.409e-3
0.633, 1.445e-3
0.634, 1.482e-3
0.635, 1.519e-3
0.636, 1.557e-3
0.637, 1.596e-3
0.638, 1.635e-3
0.639, 1.674e-3
0.640, 1.715e-3
0.641, 1.755e-3
0.642, 1.796e-3
0.643, 1.837e-3
0.644, 1.879e-3
0.645, 1.921e-3
0.646, 1.965e-3
0.647, 2.008e-3
0.648, 2.052e-3
0.649, 2.096e-3
0.650, 2.140e-3
0.651, 2.185e-3
0.652, 2.231e-3
0.653, 2.276e-3
0.654, 2.322e-3
0.655, 2.369e-3
0.656, 2.416e-3
0.657, 2.464e-3
0.658, 2.511e-3
0.659, 2.559e-3
0.660, 2.608e-3
0.661, 2.656e-3
0.662, 2.706e-3
0.663, 2.755e-3
0.664, 2.805e-3
0.665, 2.855e-3
0.666, 2.905e-3
0.667, 2.956e-3
0.668, 3.007e-3
0.669, 3.058e-3
0.670, 3.111e-3
0.671, 3.163e-3
0.672, 3.215e-3
0.673, 3.267e-3
0.674, 3.320e-3
0.675, 3.373e-3
0.676, 3.427e-3
0.677, 3.480e-3
0.678, 3.534e-3
0.679, 3.588e-3
0.680, 3.642e-3
0.681, 3.697e-3
0.682, 3.752e-3
0.683, 3.807e-3
0.684, 3.862e-3
0.685, 3.918e-3
0.686, 3.974e-3
0.687, 4.030e-3
0.688, 4.086e-3
0.689, 4.143e-3
0.690, 4.199e-3
0.691, 4.257e-3
0.692, 4.314e-3
0.693, 4.371e-3
0.694, 4.429e-3
0.695, 4.486e-3
0.696, 4.544e-3
0.697, 4.602e-3
0.698, 4.661e-3
0.699, 4.719e-3
0.700, 4.778e-3
0.701, 4.836e-3
0.702, 4.895e-3
0.703, 4.954e-3
0.704, 5.013e-3
0.705, 5.073e-3
0.706, 5.133e-3
0.707, 5.193e-3
0.708, 5.253e-3
0.709, 5.313e-3
0.710, 5.373e-3
0.711, 5.433e-3
0.712, 5.494e-3
0.713, 5.555e-3
0.714, 5.616e-3
0.715, 5.677e-3
0.716, 5.738e-3
0.717, 5.802e-3
0.718, 5.864e-3
0.719, 5.926e-3
0.720, 5.988e-3
0.721, 6.049e-3
0.722, 6.111e-3
0.723, 6.173e-3
0.724, 6.236e-3
0.725, 6.298e-3
0.726, 6.361e-3
0.727, 6.423e-3
0.728, 6.486e-3
0.729, 6.549e-3
0.730, 6.611e-3
0.731, 6.675e-3
0.732, 6.738e-3
0.733, 6.801e-3
0.734, 6.864e-3
0.735, 6.928e-3
0.736, 6.992e-3
0.737, 7.056e-3
0.738, 7.120e-3
0.739, 7.184e-3
0.740, 7.248e-3
0.741, 7.312e-3
0.742, 7.376e-3
0.743, 7.441e-3
0.744, 7.505e-3
0.745, 7.570e-3
0.746, 7.634e-3
0.747, 7.699e-3
0.748, 7.764e-3
0.749, 7.829e-3
0.750, 7.894e-3
0.751, 7.959e-3
0.752, 8.024e-3
0.753, 8.089e-3
0.754, 8.154e-3
0.755, 8.220e-3
0.756, 8.285e-3
0.757, 8.351e-3
0.758, 8.416e-3
0.759, 8.482e-3
0.760, 8.547e-3
0.761, 8.613e-3
0.762, 8.679e-3
0.763, 8.745e-3
0.764, 8.811e-3
0.765, 8.877e-3
0.766, 8.944e-3
0.767, 9.009e-3
0.768, 9.076e-3
0.769, 9.143e-3
0.770, 9.209e-3
0.771, 9.276e-3
0.772, 9.343e-3
0.773, 9.410e-3
0.774, 9.476e-3
0.775, 9.543e-3
0.776, 9.610e-3
0.777, 9.677e-3
0.778, 9.744e-3
0.779, 9.811e-3
0.780, 9.879e-3
0.781, 9.946e-3
0.782, 1.001e-2
0.783, 1.008e-2
0.784, 1.015e-2
0.785, 1.022e-2
0.786, 1.028e-2
0.787, 1.035e-2
0.788, 1.042e-2
0.789, 1.049e-2
0.790, 1.055e-2
0.791, 1.062e-2
0.792, 1.069e-2
0.793, 1.076e-2
0.794, 1.083e-2
0.795, 1.089e-2
0.796, 1.096e-2
0.797, 1.103e-2
0.798, 1.110e-2
0.799, 1.117e-2
0.800, 1.121e-2
0.799, 1.117e-2
0.798, 1.110e-2
0.797, 1.103e-2
0.796, 1.096e-2
0.795, 1.089e-2
0.794, 1.082e-2
0.793, 1.075e-2
0.792, 1.068e-2
0.791, 1.061e-2
0.790, 1.054e-2
0.789, 1.047e-2
0.788, 1.040e-2
0.787, 1.033e-2
0.786, 1.026e-2
0.785, 1.019e-2
0.784, 1.012e-2
0.783, 1.006e-2
0.782, 9.987e-3
0.781, 9.919e-3
0.780, 9.851e-3
0.779, 9.782e-3
0.778, 9.714e-3
0.777, 9.646e-3
0.776, 9.578e-3
0.775, 9.510e-3
0.774, 9.442e-3
0.773, 9.373e-3
0.772, 9.306e-3
0.771, 9.238e-3
0.770, 9.171e-3
0.769, 9.103e-3
0.768, 9.035e-3
0.767, 8.967e-3
0.766, 8.900e-3
0.765, 8.833e-3
0.764, 8.766e-3
0.763, 8.699e-3
0.762, 8.632e-3
0.761, 8.564e-3
0.760, 8.498e-3
0.759, 8.431e-3
0.758, 8.365e-3
0.757, 8.298e-3
0.756, 8.232e-3
0.755, 8.166e-3
0.754, 8.099e-3
0.753, 8.033e-3
0.752, 7.967e-3
0.751, 7.902e-3
0.750, 7.836e-3
0.749, 7.770e-3
0.748, 7.705e-3
0.747, 7.639e-3
0.746, 7.574e-3
0.745, 7.508e-3
0.744, 7.443e-3
0.743, 7.378e-3
0.742, 7.313e-3
0.741, 7.248e-3
0.740, 7.183e-3
0.739, 7.119e-3
0.738, 7.054e-3
0.737, 6.989e-3
0.736, 6.925e-3
0.735, 6.861e-3
0.734, 6.797e-3
0.733, 6.733e-3
0.732, 6.669e-3
0.731, 6.605e-3
0.730, 6.542e-3
0.729, 6.479e-3
0.728, 6.415e-3
0.727, 6.352e-3
0.726, 6.290e-3
0.725, 6.226e-3
0.724, 6.163e-3
0.723, 6.101e-3
0.722, 6.038e-3
0.721, 5.976e-3
0.720, 5.913e-3
0.719, 5.851e-3
0.718, 5.789e-3
0.717, 5.726e-3
0.716, 5.663e-3
0.715, 5.601e-3
0.714, 5.540e-3
0.713, 5.478e-3
0.712, 5.417e-3
0.711, 5.356e-3
0.710, 5.295e-3
0.709, 5.235e-3
0.708, 5.174e-3
0.707, 5.114e-3
0.706, 5.054e-3
0.705, 4.994e-3
0.704, 4.934e-3
0.703, 4.875e-3
0.702, 4.816e-3
0.701, 4.757e-3
0.700, 4.697e-3
0.699, 4.639e-3
0.698, 4.579e-3
0.697, 4.521e-3
0.696, 4.463e-3
0.695, 4.404e-3
0.694, 4.346e-3
0.693, 4.289e-3
0.692, 4.231e-3
0.691, 4.174e-3
0.690, 4.116e-3
0.689, 4.060e-3
0.688, 4.003e-3
0.687, 3.946e-3
0.686, 3.890e-3
0.685, 3.834e-3
0.684, 3.778e-3
0.683, 3.722e-3
0.682, 3.667e-3
0.681, 3.612e-3
0.680, 3.557e-3
0.679, 3.502e-3
0.678, 3.448e-3
0.677, 3.394e-3
0.676, 3.340e-3
0.675, 3.286e-3
0.674, 3.233e-3
0.673, 3.180e-3
0.672, 3.127e-3
0.671, 3.074e-3
0.670, 3.022e-3
0.669, 2.969e-3
0.668, 2.918e-3
0.667, 2.867e-3
0.666, 2.815e-3
0.665, 2.765e-3
0.664, 2.714e-3
0.663, 2.663e-3
0.662, 2.614e-3
0.661, 2.564e-3
0.660, 2.515e-3
0.659, 2.466e-3
0.658, 2.417e-3
0.657, 2.369e-3
0.656, 2.321e-3
0.655, 2.273e-3
0.654, 2.226e-3
0.653, 2.179e-3
0.652, 2.133e-3
0.651, 2.087e-3
0.650, 2.041e-3
0.649, 1.995e-3
0.648, 1.950e-3
0.647, 1.905e-3
0.646, 1.861e-3
0.645, 1.817e-3
0.644, 1.773e-3
0.643, 1.731e-3
0.642, 1.688e-3
0.641, 1.646e-3
0.640, 1.604e-3
0.639, 1.562e-3
0.638, 1.522e-3
0.637, 1.481e-3
0.636, 1.441e-3
0.635, 1.402e-3
0.634, 1.363e-3
0.633, 1.325e-3
0.632, 1.286e-3
0.631, 1.249e-3
0.630, 1.212e-3
0.629, 1.176e-3
0.628, 1.140e-3
0.627, 1.105e-3
0.626, 1.070e-3
0.625, 1.035e-3
0.624, 1.001e-3
0.623, 9.680e-4
0.622, 9.353e-4
0.621, 9.028e-4
0.620, 8.707e-4
0.619, 8.397e-4
0.618, 8.089e-4
0.617, 7.787e-4
0.616, 7.490e-4
0.615, 7.201e-4
0.614, 6.934e-4
0.613, 6.648e-4
0.612, 6.373e-4
0.611, 6.107e-4
0.610, 5.849e-4
0.609, 5.591e-4
0.608, 5.341e-4
0.607, 5.097e-4
0.606, 4.855e-4
0.605, 4.622e-4
0.604, 4.396e-4
0.603, 4.176e-4
0.602, 3.958e-4
0.601, 3.752e-4
0.600, 3.548e-4
0.599, 3.343e-4
0.598, 3.152e-4
0.597, 2.964e-4
0.596, 2.780e-4
0.595, 2.606e-4
0.594, 2.430e-4
0.593, 2.264e-4
0.592, 2.108e-4
0.591, 1.951e-4
0.590, 1.802e-4
0.589, 1.655e-4
0.588, 1.508e-4
0.587, 1.372e-4
0.586, 1.242e-4
0.585, 1.117e-4
0.584, 9.961e-5
0.583, 8.760e-5
0.582, 7.605e-5
0.581, 6.504e-5
0.580, 5.476e-5
0.579, 4.452e-5
0.578, 3.451e-5
0.577, 2.564e-5
0.576, 1.700e-5
0.575, 8.221e-6
0.574, -7.518e-7
0.573, -8.739e-6
0.572, -1.665e-5
0.571, -2.393e-5
0.570, -3.084e-5
0.569, -3.776e-5
0.568, -4.457e-5
0.567, -5.088e-5
0.566, -5.665e-5
0.565, -6.309e-5
0.564, -6.840e-5
0.563, -7.394e-5
0.562, -7.943e-5
0.561, -8.389e-5
0.560, -8.853e-5
0.559, -9.332e-5
0.558, -9.760e-5
0.557, -1.020e-4
0.556, -1.059e-4
0.555, -1.098e-4
0.554, -1.141e-4
0.553, -1.173e-4
0.552, -1.205e-4
0.551, -1.240e-4
0.550, -1.263e-4
0.549, -1.296e-4
0.548, -1.329e-4
0.547, -1.359e-4
0.546, -1.390e-4
0.545, -1.417e-4
0.544, -1.443e-4
0.543, -1.472e-4
0.542, -1.493e-4
0.541, -1.519e-4
0.540, -1.540e-4
0.539, -1.560e-4
0.538, -1.582e-4
0.537, -1.611e-4
0.536, -1.631e-4
0.535, -1.650e-4
0.534, -1.667e-4
0.533, -1.688e-4
0.532, -1.704e-4
0.531, -1.720e-4
0.530, -1.740e-4
0.529, -1.756e-4
0.528, -1.772e-4
0.527, -1.788e-4
0.526, -1.804e-4
0.525, -1.821e-4
0.524, -1.835e-4
0.523, -1.852e-4
0.522, -1.868e-4
0.521, -1.884e-4
0.520, -1.897e-4
0.519, -1.913e-4
0.518, -1.927e-4
0.517, -1.944e-4
0.516, -1.958e-4
0.515, -1.972e-4
0.514, -1.988e-4
0.513, -2.000e-4
0.512, -2.037e-4
0.511, -2.059e-4
0.510, -2.063e-4
0.509, -2.072e-4
0.508, -2.084e-4
0.507, -2.097e-4
0.506, -2.115e-4
0.505, -2.128e-4
0.504, -2.145e-4
0.503, -2.158e-4
0.502, -2.172e-4
0.501, -2.185e-4
0.500, -2.202e-4
0.499, -2.211e-4
0.498, -2.228e-4
0.497, -2.244e-4
0.496, -2.262e-4
0.495, -2.282e-4
0.494, -2.298e-4
0.493, -2.319e-4
0.492, -2.335e-4
0.491, -2.356e-4
0.490, -2.378e-4
0.489, -2.393e-4
0.488, -2.414e-4
0.487, -2.436e-4
0.486, -2.459e-4
0.485, -2.479e-4
0.484, -2.499e-4
0.483, -2.519e-4
0.482, -2.544e-4
0.481, -2.571e-4
0.480, -2.600e-4
0.479, -2.627e-4
0.478, -2.650e-4
0.477, -2.676e-4
0.476, -2.702e-4
0.475, -2.734e-4
0.474, -2.764e-4
0.473, -2.788e-4
0.472, -2.827e-4
0.471, -2.867e-4
0.470, -2.900e-4
0.469, -2.939e-4
0.468, -2.978e-4
0.467, -3.020e-4
0.466, -3.067e-4
0.465, -3.108e-4
0.464, -3.146e-4
0.463, -3.194e-4
0.462, -3.245e-4
0.461, -3.298e-4
0.460, -3.358e-4
0.459, -3.413e-4
0.458, -3.474e-4
0.457, -3.531e-4
0.456, -3.599e-4
0.455, -3.662e-4
0.454, -3.731e-4
0.453, -3.805e-4
0.452, -3.879e-4
0.451, -3.951e-4
0.450, -4.032e-4
0.449, -4.119e-4
0.448, -4.208e-4
0.447, -4.297e-4
0.446, -4.393e-4
0.445, -4.495e-4
0.444, -4.600e-4
0.443, -4.709e-4
0.442, -4.824e-4
0.441, -4.941e-4
0.440, -5.065e-4
0.439, -5.187e-4
0.438, -5.317e-4
0.437, -5.454e-4
0.436, -5.592e-4
0.435, -5.737e-4
0.434, -5.884e-4
0.433, -6.035e-4
0.432, -6.190e-4
0.431, -6.352e-4
0.430, -6.514e-4
0.429, -6.675e-4
0.428, -6.851e-4
0.427, -7.021e-4
0.426, -7.199e-4
0.425, -7.374e-4
0.424, -7.556e-4
0.423, -7.738e-4
0.422, -7.914e-4
0.421, -8.101e-4
0.420, -8.289e-4
0.419, -8.476e-4
0.418, -8.661e-4
0.417, -8.852e-4
0.416, -9.044e-4
0.415, -9.239e-4
0.414, -9.432e-4
0.413, -9.623e-4
0.412, -9.813e-4
0.411, -1.001e-3
0.410, -1.018e-3
0.409, -1.027e-3
0.408, -1.048e-3
0.407, -1.069e-3
0.406, -1.089e-3
0.405, -1.109e-3
0.404, -1.131e-3
0.403, -1.151e-3
0.402, -1.172e-3
0.401, -1.193e-3
0.400, -1.215e-3
0.399, -1.236e-3
0.398, -1.258e-3
0.397, -1.280e-3
0.396, -1.301e-3
0.395, -1.323e-3
0.394, -1.346e-3
0.393, -1.368e-3
0.392, -1.391e-3
0.391, -1.414e-3
0.390, -1.438e-3
0.389, -1.461e-3
0.388, -1.484e-3
0.387, -1.507e-3
0.386, -1.531e-3
0.385, -1.554e-3
0.384, -1.578e-3
0.383, -1.601e-3
0.382, -1.624e-3
0.381, -1.646e-3
0.380, -1.669e-3
0.379, -1.690e-3
0.378, -1.712e-3
0.377, -1.733e-3
0.376, -1.753e-3
0.375, -1.772e-3
0.374, -1.790e-3
0.373, -1.807e-3
0.372, -1.824e-3
0.371, -1.838e-3
0.370, -1.851e-3
0.369, -1.863e-3
0.368, -1.873e-3
0.367, -1.881e-3
0.366, -1.887e-3
0.365, -1.890e-3
0.364, -1.891e-3
0.363, -1.889e-3
0.362, -1.883e-3
0.361, -1.874e-3
0.360, -1.861e-3
0.359, -1.844e-3
0.358, -1.824e-3
0.357, -1.798e-3
0.356, -1.767e-3
0.355, -1.731e-3
0.354, -1.691e-3
0.353, -1.645e-3
0.352, -1.593e-3
0.351, -1.537e-3
0.350, -1.476e-3
0.349, -1.411e-3
0.348, -1.342e-3
0.347, -1.270e-3
0.346, -1.196e-3
0.345, -1.120e-3
0.344, -1.046e-3
0.343, -9.730e-4
0.342, -9.023e-4
0.341, -8.349e-4
0.340, -7.715e-4
0.339, -7.122e-4
0.338, -6.578e-4
0.337, -6.080e-4
0.336, -5.631e-4
0.335, -5.223e-4
0.334, -4.856e-4
0.333, -4.528e-4
0.332, -4.230e-4
0.331, -3.966e-4
0.330, -3.728e-4
0.329, -3.513e-4
0.328, -3.317e-4
0.327, -3.142e-4
0.326, -2.980e-4
0.325, -2.833e-4
0.324, -2.701e-4
0.323, -2.578e-4
0.322, -2.467e-4
0.321, -2.365e-4
0.320, -2.266e-4
0.319, -2.182e-4
0.318, -2.101e-4
0.317, -2.022e-4
0.316, -1.954e-4
0.315, -1.889e-4
0.314, -1.829e-4
0.313, -1.772e-4
0.312, -1.719e-4
0.311, -1.670e-4
0.310, -1.623e-4
0.309, -1.574e-4
0.308, -1.533e-4
0.307, -1.497e-4
0.306, -1.455e-4
0.305, -1.419e-4
0.304, -1.383e-4
0.303, -1.348e-4
0.302, -1.316e-4
0.301, -1.286e-4
0.300, -1.257e-4
0.299, -1.228e-4
0.298, -1.203e-4
0.297, -1.179e-4
0.296, -1.157e-4
0.295, -1.131e-4
0.294, -1.106e-4
0.293, -1.083e-4
0.292, -1.063e-4
0.291, -1.043e-4
0.290, -1.024e-4
0.289, -1.006e-4
0.288, -9.865e-5
0.287, -9.689e-5
0.286, -9.511e-5
0.285, -9.362e-5
0.284, -9.215e-5
0.283, -9.066e-5
0.282, -8.914e-5
0.281, -8.768e-5
0.280, -8.604e-5
0.279, -8.464e-5
0.278, -8.332e-5
0.277, -8.205e-5
0.276, -8.086e-5
0.275, -7.969e-5
0.274, -7.852e-5
0.273, -7.740e-5
0.272, -7.620e-5
0.271, -7.508e-5
0.270, -7.405e-5
0.269, -7.298e-5
0.268, -7.186e-5
0.267, -7.092e-5
0.266, -7.002e-5
0.265, -6.920e-5
0.264, -6.841e-5
0.263, -6.768e-5
0.262, -6.689e-5
0.261, -6.615e-5
0.260, -6.541e-5
0.259, -6.442e-5
0.258, -6.358e-5
0.257, -6.272e-5
0.256, -6.199e-5
0.255, -6.111e-5
0.254, -6.031e-5
0.253, -5.952e-5
0.252, -5.886e-5
0.251, -5.807e-5
0.250, -5.742e-5
0.249, -5.683e-5
0.248, -5.616e-5
0.247, -5.555e-5
0.246, -5.487e-5
0.245, -5.438e-5
0.244, -5.380e-5
0.243, -5.313e-5
0.242, -5.267e-5
0.241, -5.211e-5
0.240, -5.144e-5
0.239, -5.100e-5
0.238, -5.042e-5
0.237, -4.994e-5
0.236, -4.944e-5
0.235, -4.887e-5
0.234, -4.829e-5
0.233, -4.786e-5
0.232, -4.742e-5
0.231, -4.693e-5
0.230, -4.649e-5
0.229, -4.601e-5
0.228, -4.560e-5
0.227, -4.518e-5
0.226, -4.481e-5
0.225, -4.446e-5
0.224, -4.408e-5
0.223, -4.365e-5
0.222, -4.328e-5
0.221, -4.291e-5
0.220, -4.261e-5
0.219, -4.222e-5
0.218, -4.185e-5
0.217, -4.147e-5
0.216, -4.113e-5
0.215, -4.076e-5
0.214, -4.045e-5
0.213, -4.006e-5
0.212, -3.966e-5
0.211, -3.929e-5
0.210, -3.897e-5
0.209, -3.862e-5
0.208, -3.828e-5
0.207, -3.803e-5
0.206, -3.771e-5
0.205, -3.730e-5
0.204, -3.700e-5
0.203, -3.667e-5
0.202, -3.632e-5
0.201, -3.606e-5
0.200, -3.341e-5
0.201, -2.864e-5
0.202, -2.679e-5
0.203, -2.547e-5
0.204, -2.443e-5
0.205, -2.358e-5
0.206, -2.274e-5
0.207, -2.198e-5
0.208, -2.138e-5
0.209, -2.071e-5
0.210, -2.022e-5
0.211, -1.966e-5
0.212, -1.922e-5
0.213, -1.879e-5
0.214, -1.828e-5
0.215, -1.786e-5
0.216, -1.749e-5
0.217, -1.706e-5
0.218, -1.674e-5
0.219, -1.626e-5
0.220, -1.578e-5
0.221, -1.552e-5
0.222, -1.516e-5
0.223, -1.475e-5
0.224, -1.442e-5
0.225, -1.396e-5
0.226, -1.358e-5
0.227, -1.320e-5
0.228, -1.297e-5
0.229, -1.261e-5
0.230, -1.225e-5
0.231, -1.198e-5
0.232, -1.174e-5
0.233, -1.141e-5
0.234, -1.109e-5
0.235, -1.075e-5
0.236, -1.053e-5
0.237, -1.025e-5
0.238, -9.900e-6
0.239, -9.676e-6
0.240, -9.481e-6
0.241, -9.178e-6
0.242, -8.846e-6
0.243, -8.670e-6
0.244, -8.446e-6
0.245, -8.182e-6
0.246, -7.948e-6
0.247, -7.635e-6
0.248, -7.489e-6
0.249, -7.176e-6
0.250, -6.952e-6
0.251, -6.708e-6
0.252, -6.425e-6
0.253, -6.249e-6
0.254, -5.975e-6
0.255, -5.702e-6
0.256, -5.556e-6
0.257, -5.311e-6
0.258, -5.038e-6
0.259, -4.853e-6
0.260, -4.677e-6
0.261, -4.413e-6
0.262, -4.159e-6
0.263, -3.896e-6
0.264, -3.720e-6
0.265, -3.476e-6
0.266, -3.242e-6
0.267, -2.949e-6
0.268, -2.802e-6
0.269, -2.548e-6
0.270, -2.294e-6
0.271, -1.982e-6
0.272, -1.767e-6
0.273, -1.582e-6
0.274, -1.338e-6
0.275, -1.084e-6
0.276, -7.616e-7
0.277, -6.542e-7
0.278, -3.320e-7
0.279, -1.660e-7
0.280, 1.562e-7
0.281, 4.296e-7
0.282, 6.444e-7
0.283, 7.909e-7
0.284, 1.142e-6
0.285, 1.386e-6
0.286, 1.728e-6
0.287, 1.894e-6
0.288, 2.031e-6
0.289, 2.382e-6
0.290, 2.558e-6
0.291, 2.910e-6
0.292, 3.163e-6
0.293, 3.466e-6
0.294, 3.788e-6
0.295, 3.896e-6
0.296, 4.286e-6
0.297, 4.472e-6
0.298, 4.706e-6
0.299, 5.136e-6
0.300, 5.302e-6
0.301, 5.477e-6
0.302, 5.878e-6
0.303, 6.249e-6
0.304, 6.493e-6
0.305, 6.698e-6
0.306, 6.991e-6
0.307, 7.518e-6
0.308, 7.821e-6
0.309, 7.987e-6
0.310, 8.299e-6
0.311, 8.631e-6
0.312, 9.002e-6
0.313, 9.383e-6
0.314, 9.715e-6
0.315, 1.004e-5
0.316, 1.043e-5
0.317, 1.079e-5
0.318, 1.119e-5
0.319, 1.158e-5
0.320, 1.178e-5
0.321, 1.224e-5
0.322, 1.259e-5
0.323, 1.298e-5
0.324, 1.334e-5
0.325, 1.379e-5
0.326, 1.412e-5
0.327, 1.449e-5
0.328, 1.478e-5
0.329, 1.528e-5
0.330, 1.556e-5
0.331, 1.598e-5
0.332, 1.648e-5
0.333, 1.693e-5
0.334, 1.727e-5
0.335, 1.772e-5
0.336, 1.812e-5
0.337, 1.856e-5
0.338, 1.888e-5
0.339, 1.942e-5
0.340, 1.990e-5
0.341, 2.037e-5
0.342, 2.084e-5
0.343, 2.132e-5
0.344, 2.180e-5
0.345, 2.237e-5
0.346, 2.272e-5
0.347, 2.335e-5
0.348, 2.390e-5
0.349, 2.437e-5
0.350, 2.497e-5
0.351, 2.549e-5
0.352, 2.598e-5
0.353, 2.649e-5
0.354, 2.694e-5
0.355, 2.757e-5
0.356, 2.801e-5
0.357, 2.858e-5
0.358, 2.914e-5
0.359, 2.968e-5
0.360, 3.015e-5
0.361, 3.078e-5
0.362, 3.129e-5
0.363, 3.199e-5
0.364, 3.269e-5
0.365, 3.324e-5
0.366, 3.388e-5
0.367, 3.454e-5
0.368, 3.519e-5
0.369, 3.593e-5
0.370, 3.654e-5
0.371, 3.718e-5
0.372, 3.787e-5
0.373, 3.853e-5
0.374, 3.917e-5
0.375, 3.986e-5
0.376, 4.056e-5
0.377, 4.128e-5
0.378, 4.197e-5
0.379, 4.271e-5
0.380, 4.354e-5
0.381, 4.427e-5
0.382, 4.518e-5
0.383, 4.597e-5
0.384, 4.697e-5
0.385, 4.787e-5
0.386, 4.862e-5
0.387, 4.949e-5
0.388, 5.032e-5
0.389, 5.121e-5
0.390, 5.205e-5
0.391, 5.302e-5
0.392, 5.399e-5
0.393, 5.490e-5
0.394, 5.578e-5
0.395, 5.695e-5
0.396, 5.808e-5
0.397, 5.904e-5
0.398, 6.021e-5
0.399, 6.136e-5
0.400, 6.237e-5
0.401, 6.357e-5
0.402, 6.469e-5
0.403, 6.583e-5
0.404, 6.713e-5
0.405, 6.841e-5
0.406, 6.979e-5
0.407, 7.131e-5
0.408, 7.282e-5
0.409, 7.405e-5
0.410, 7.302e-5
0.411, 7.583e-5
0.412, 7.795e-5
0.413, 7.956e-5
0.414, 8.184e-5
0.415, 8.393e-5
0.416, 8.640e-5
0.417, 8.864e-5
0.418, 9.090e-5
0.419, 9.331e-5
0.420, 9.606e-5
0.421, 9.894e-5
0.422, 1.020e-4
0.423, 1.050e-4
0.424, 1.088e-4
0.425, 1.129e-4
0.426, 1.169e-4
0.427, 1.217e-4
0.428, 1.266e-4
0.429, 1.320e-4
0.430, 1.386e-4
0.431, 1.451e-4
0.432, 1.524e-4
0.433, 1.610e-4
0.434, 1.697e-4
0.435, 1.798e-4
0.436, 1.910e-4
0.437, 2.030e-4
0.438, 2.163e-4
0.439, 2.306e-4
0.440, 2.463e-4
0.441, 2.639e-4
0.442, 2.828e-4
0.443, 3.036e-4
0.444, 3.259e-4
0.445, 3.501e-4
0.446, 3.764e-4
0.447, 4.049e-4
0.448, 4.349e-4
0.449, 4.673e-4
0.450, 5.020e-4
0.451, 5.389e-4
0.452, 5.777e-4
0.453, 6.187e-4
0.454, 6.626e-4
0.455, 7.085e-4
0.456, 7.565e-4
0.457, 8.067e-4
0.458, 8.585e-4
0.459, 9.124e-4
0.460, 9.677e-4
0.461, 1.025e-3
0.462, 1.083e-3
0.463, 1.142e-3
0.464, 1.202e-3
0.465, 1.263e-3
0.466, 1.324e-3
0.467, 1.385e-3
0.468, 1.447e-3
0.469, 1.508e-3
0.470, 1.568e-3
0.471, 1.628e-3
0.472, 1.687e-3
0.473, 1.745e-3
0.474, 1.802e-3
0.475, 1.858e-3
0.476, 1.913e-3
0.477, 1.966e-3
0.478, 2.018e-3
0.479, 2.068e-3
0.480, 2.117e-3
0.481, 2.163e-3
0.482, 2.209e-3
0.483, 2.252e-3
0.484, 2.293e-3
0.485, 2.332e-3
0.486, 2.370e-3
0.487, 2.405e-3
0.488, 2.438e-3
0.489, 2.469e-3
0.490, 2.496e-3
0.491, 2.521e-3
0.492, 2.543e-3
0.493, 2.563e-3
0.494, 2.580e-3
0.495, 2.593e-3
0.496, 2.603e-3
0.497, 2.610e-3
0.498, 2.612e-3
0.499, 2.611e-3
0.500, 2.606e-3
0.501, 2.597e-3
0.502, 2.583e-3
0.503, 2.564e-3
0.504, 2.542e-3
0.505, 2.514e-3
0.506, 2.482e-3
0.507, 2.444e-3
0.508, 2.401e-3
0.509, 2.353e-3
0.510, 2.301e-3
0.511, 2.244e-3
0.512, 2.185e-3
0.513, 2.123e-3
0.514, 2.055e-3
0.515, 1.985e-3
0.516, 1.912e-3
0.517, 1.839e-3
0.518, 1.766e-3
0.519, 1.692e-3
0.520, 1.619e-3
0.521, 1.547e-3
0.522, 1.475e-3
0.523, 1.405e-3
0.524, 1.336e-3
0.525, 1.268e-3
0.526, 1.202e-3
0.527, 1.139e-3
0.528, 1.076e-3
0.529, 1.016e-3
0.530, 9.585e-4
0.531, 9.035e-4
0.532, 8.511e-4
0.533, 8.014e-4
0.534, 7.549e-4
0.535, 7.118e-4
0.536, 6.716e-4
0.537, 6.346e-4
0.538, 6.012e-4
0.539, 5.707e-4
0.540, 5.427e-4
0.541, 5.170e-4
0.542, 4.943e-4
0.543, 4.730e-4
0.544, 4.548e-4
0.545, 4.385e-4
0.546, 4.236e-4
0.547, 4.104e-4
0.548, 3.985e-4
0.549, 3.880e-4
0.550, 3.781e-4
0.551, 3.695e-4
0.552, 3.622e-4
0.553, 3.560e-4
0.554, 3.498e-4
0.555, 3.451e-4
0.556, 3.407e-4
0.557, 3.368e-4
0.558, 3.340e-4
0.559, 3.312e-4
0.560, 3.287e-4
0.561, 3.268e-4
0.562, 3.251e-4
0.563, 3.243e-4
0.564, 3.240e-4
0.565, 3.239e-4
0.566, 3.240e-4
0.567, 3.245e-4
0.568, 3.254e-4
0.569, 3.268e-4
0.570, 3.286e-4
0.571, 3.310e-4
0.572, 3.337e-4
0.573, 3.362e-4
0.574, 3.393e-4
0.575, 3.430e-4
0.576, 3.465e-4
0.577, 3.504e-4
0.578, 3.555e-4
0.579, 3.608e-4
0.580, 3.662e-4
0.581, 3.718e-4
0.582, 3.787e-4
0.583, 3.853e-4
0.584, 3.929e-4
0.585, 4.010e-4
0.586, 4.087e-4
0.587, 4.174e-4
0.588, 4.268e-4
0.589, 4.368e-4
0.590, 4.470e-4
0.591, 4.575e-4
0.592, 4.685e-4
0.593, 4.806e-4
0.594, 4.926e-4
0.595, 5.056e-4
0.596, 5.190e-4
0.597, 5.331e-4
0.598, 5.480e-4
0.599, 5.627e-4
0.600, 5.785e-4
0.601, 5.950e-4
0.602, 6.113e-4
0.603, 6.294e-4
0.604, 6.479e-4
0.605, 6.668e-4
0.606, 6.863e-4
0.607, 7.066e-4
0.608, 7.278e-4
0.609, 7.495e-4
0.610, 7.716e-4
0.611, 7.950e-4
0.612, 8.182e-4
0.613, 8.422e-4
0.614, 8.668e-4
0.615, 8.908e-4
0.616, 9.175e-4
0.617, 9.449e-4
0.618, 9.720e-4
0.619, 9.997e-4
0.620, 1.029e-3
0.621, 1.058e-3
0.622, 1.088e-3
0.623, 1.118e-3
0.624, 1.149e-3
0.625, 1.181e-3
0.626, 1.213e-3
0.627, 1.246e-3
0.628, 1.279e-3
0.629, 1.314e-3
0.630, 1.349e-3
0.631, 1.383e-3
0.632, 1.419e-3
0.633, 1.456e-3
0.634, 1.493e-3
0.635, 1.531e-3
0.636, 1.569e-3
0.637, 1.607e-3
0.638, 1.647e-3
0.639, 1.686e-3
0.640, 1.726e-3
0.641, 1.767e-3
0.642, 1.808e-3
0.643, 1.850e-3
0.644, 1.891e-3
0.645, 1.934e-3
0.646, 1.978e-3
0.647, 2.021e-3
0.648, 2.065e-3
0.649, 2.110e-3
0.650, 2.154e-3
0.651, 2.199e-3
0.652, 2.245e-3
0.653, 2.290e-3
0.654, 2.336e-3
0.655, 2.383e-3
0.656, 2.431e-3
0.657, 2.478e-3
0.658, 2.526e-3
0.659, 2.574e-3
0.660, 2.623e-3
0.661, 2.672e-3
0.662, 2.721e-3
0.663, 2.770e-3
0.664, 2.820e-3
0.665, 2.871e-3
0.666, 2.922e-3
0.667, 2.972e-3
0.668, 3.024e-3
0.669, 3.075e-3
0.670, 3.127e-3
0.671, 3.179e-3
0.672, 3.232e-3
0.673, 3.285e-3
0.674, 3.337e-3
0.675, 3.391e-3
0.676, 3.444e-3
0.677, 3.498e-3
0.678, 3.552e-3
0.679, 3.606e-3
0.680, 3.661e-3
0.681, 3.716e-3
0.682, 3.770e-3
0.683, 3.825e-3
0.684, 3.881e-3
0.685, 3.937e-3
0.686, 3.993e-3
0.687, 4.049e-3
0.688, 4.105e-3
0.689, 4.162e-3
0.690, 4.219e-3
0.691, 4.276e-3
0.692, 4.333e-3
0.693, 4.391e-3
0.694, 4.448e-3
0.695, 4.506e-3
0.696, 4.564e-3
0.697, 4.622e-3
0.698, 4.681e-3
0.699, 4.740e-3
0.700, 4.798e-3
0.701, 4.857e-3
0.702, 4.916e-3
0.703, 4.976e-3
0.704, 5.035e-3
0.705, 5.094e-3
0.706, 5.154e-3
0.707, 5.214e-3
0.708, 5.274e-3
0.709, 5.334e-3
0.710, 5.394e-3
0.711, 5.455e-3
0.712, 5.516e-3
0.713, 5.577e-3
0.714, 5.638e-3
0.715, 5.699e-3
0.716, 5.760e-3
0.717, 5.824e-3
0.718, 5.886e-3
0.719, 5.948e-3
0.720, 6.010e-3
0.721, 6.072e-3
0.722, 6.134e-3
0.723, 6.197e-3
0.724, 6.259e-3
0.725, 6.321e-3
0.726, 6.384e-3
0.727, 6.446e-3
0.728, 6.509e-3
0.729, 6.572e-3
0.730, 6.635e-3
0.731, 6.698e-3
0.732, 6.762e-3
0.733, 6.825e-3
0.734, 6.888e-3
0.735, 6.952e-3
0.736, 7.016e-3
0.737, 7.080e-3
0.738, 7.144e-3
0.739, 7.208e-3
0.740, 7.272e-3
0.741, 7.336e-3
0.742, 7.401e-3
0.743, 7.465e-3
0.744, 7.530e-3
0.745, 7.595e-3
0.746, 7.659e-3
0.747, 7.724e-3
0.748, 7.789e-3
0.749, 7.854e-3
0.750, 7.919e-3
0.751, 7.984e-3
0.752, 8.049e-3
0.753, 8.115e-3
0.754, 8.180e-3
0.755, 8.246e-3
0.756, 8.311e-3
0.757, 8.376e-3
0.758, 8.442e-3
0.759, 8.507e-3
0.760, 8.573e-3
0.761, 8.640e-3
0.762, 8.706e-3
0.763, 8.772e-3
0.764, 8.838e-3
0.765, 8.904e-3
0.766, 8.970e-3
0.767, 9.036e-3
0.768, 9.102e-3
0.769, 9.169e-3
0.770, 9.235e-3
0.771, 9.302e-3
0.772, 9.369e-3
0.773, 9.436e-3
0.774, 9.503e-3
0.775, 9.570e-3
0.776, 9.637e-3
0.777, 9.704e-3
0.778, 9.771e-3
0.779, 9.839e-3
0.780, 9.907e-3
0.781, 9.973e-3
0.782, 1.004e-2
0.783, 1.011e-2
0.784, 1.018e-2
0.785, 1.024e-2
0.786, 1.031e-2
0.787, 1.038e-2
0.788, 1.045e-2
0.789, 1.051e-2
0.790, 1.058e-2
0.791, 1.065e-2
0.792, 1.072e-2
0.793, 1.079e-2
0.794, 1.085e-2
0.795, 1.092e-2
0.796, 1.099e-2
0.797, 1.106e-2
0.798, 1.113e-2
0.799, 1.120e-2
0.800, 1.124e-2
0.799, 1.120e-2
0.798, 1.113e-2
0.797, 1.106e-2
0.796, 1.099e-2
0.795, 1.092e-2
0.794, 1.085e-2
0.793, 1.078e-2
0.792, 1.071e-2
0.791, 1.064e-2
0.790, 1.057e-2
0.789, 1.050e-2
0.788, 1.043e-2
0.787, 1.036e-2
0.786, 1.029e-2
0.785, 1.022e-2
0.784, 1.015e-2
0.783, 1.008e-2
0.782, 1.001e-2
0.781, 9.947e-3
0.780, 9.879e-3
0.779, 9.810e-3
0.778, 9.742e-3
0.777, 9.673e-3
0.776, 9.605e-3
0.775, 9.537e-3
0.774, 9.469e-3
0.773, 9.401e-3
0.772, 9.332e-3
0.771, 9.265e-3
0.770, 9.197e-3
0.769, 9.129e-3
0.768, 9.062e-3
0.767, 8.994e-3
0.766, 8.927e-3
0.765, 8.860e-3
0.764, 8.793e-3
0.763, 8.726e-3
0.762, 8.659e-3
0.761, 8.591e-3
0.760, 8.524e-3
0.759, 8.457e-3
0.758, 8.391e-3
0.757, 8.324e-3
0.756, 8.257e-3
0.755, 8.191e-3
0.754, 8.125e-3
0.753, 8.059e-3
0.752, 7.993e-3
0.751, 7.927e-3
0.750, 7.861e-3
0.749, 7.795e-3
0.748, 7.729e-3
0.747, 7.664e-3
0.746, 7.598e-3
0.745, 7.533e-3
0.744, 7.468e-3
0.743, 7.403e-3
0.742, 7.337e-3
0.741, 7.272e-3
0.740, 7.207e-3
0.739, 7.143e-3
0.738, 7.078e-3
0.737, 7.013e-3
0.736, 6.949e-3
0.735, 6.884e-3
0.734, 6.820e-3
0.733, 6.756e-3
0.732, 6.692e-3
0.731, 6.628e-3
0.730, 6.565e-3
0.729, 6.502e-3
0.728, 6.438e-3
0.727, 6.375e-3
0.726, 6.312e-3
0.725, 6.249e-3
0.724, 6.186e-3
0.723, 6.123e-3
0.722, 6.060e-3
0.721, 5.998e-3
0.720, 5.935e-3
0.719, 5.873e-3
0.718, 5.811e-3
0.717, 5.748e-3
0.716, 5.684e-3
0.715, 5.623e-3
0.714, 5.562e-3
0.713, 5.500e-3
0.712, 5.439e-3
0.711, 5.377e-3
0.710, 5.316e-3
0.709, 5.256e-3
0.708, 5.195e-3
0.707, 5.135e-3
0.706, 5.074e-3
0.705, 5.014e-3
0.704, 4.955e-3
0.703, 4.895e-3
0.702, 4.836e-3
0.701, 4.776e-3
0.700, 4.717e-3
0.699, 4.658e-3
0.698, 4.599e-3
0.697, 4.540e-3
0.696, 4.482e-3
0.695, 4.424e-3
0.694, 4.366e-3
0.693, 4.308e-3
0.692, 4.251e-3
0.691, 4.193e-3
0.690, 4.135e-3
0.689, 4.079e-3
0.688, 4.022e-3
0.687, 3.965e-3
0.686, 3.908e-3
0.685, 3.852e-3
0.684, 3.796e-3
0.683, 3.740e-3
0.682, 3.684e-3
0.681, 3.629e-3
0.680, 3.574e-3
0.679, 3.519e-3
0.678, 3.465e-3
0.677, 3.410e-3
0.676, 3.356e-3
0.675, 3.303e-3
0.674, 3.249e-3
0.673, 3.196e-3
0.672, 3.143e-3
0.671, 3.090e-3
0.670, 3.037e-3
0.669, 2.985e-3
0.668, 2.933e-3
0.667, 2.882e-3
0.666, 2.830e-3
0.665, 2.779e-3
0.664, 2.728e-3
0.663, 2.678e-3
0.662, 2.628e-3
0.661, 2.578e-3
0.660, 2.529e-3
0.659, 2.480e-3
0.658, 2.431e-3
0.657, 2.382e-3
0.656, 2.334e-3
0.655, 2.286e-3
0.654, 2.239e-3
0.653, 2.192e-3
0.652, 2.146e-3
0.651, 2.099e-3
0.650, 2.053e-3
0.649, 2.008e-3
0.648, 1.962e-3
0.647, 1.917e-3
0.646, 1.873e-3
0.645, 1.829e-3
0.644, 1.785e-3
0.643, 1.742e-3
0.642, 1.699e-3
0.641, 1.657e-3
0.640, 1.615e-3
0.639, 1.573e-3
0.638, 1.532e-3
0.637, 1.491e-3
0.636, 1.451e-3
0.635, 1.411e-3
0.634, 1.372e-3
0.633, 1.334e-3
0.632, 1.296e-3
0.631, 1.258e-3
0.630, 1.221e-3
0.629, 1.184e-3
0.628, 1.148e-3
0.627, 1.113e-3
0.626, 1.078e-3
0.625, 1.043e-3
0.624, 1.009e-3
0.623, 9.755e-4
0.622, 9.426e-4
0.621, 9.098e-4
0.620, 8.778e-4
0.619, 8.465e-4
0.618, 8.155e-4
0.617, 7.854e-4
0.616, 7.554e-4
0.615, 7.259e-4
0.614, 6.991e-4
0.613, 6.708e-4
0.612, 6.431e-4
0.611, 6.162e-4
0.610, 5.901e-4
0.609, 5.643e-4
0.608, 5.390e-4
0.607, 5.144e-4
0.606, 4.905e-4
0.605, 4.669e-4
0.604, 4.438e-4
0.603, 4.217e-4
0.602, 4.000e-4
0.601, 3.791e-4
0.600, 3.583e-4
0.599, 3.380e-4
0.598, 3.186e-4
0.597, 2.997e-4
0.596, 2.813e-4
0.595, 2.635e-4
0.594, 2.459e-4
0.593, 2.296e-4
0.592, 2.135e-4
0.591, 1.977e-4
0.590, 1.826e-4
0.589, 1.674e-4
0.588, 1.529e-4
0.587, 1.397e-4
0.586, 1.262e-4
0.585, 1.139e-4
0.584, 1.015e-4
0.583, 8.933e-5
0.582, 7.798e-5
0.581, 6.676e-5
0.580, 5.572e-5
0.579, 4.575e-5
0.578, 3.592e-5
0.577, 2.666e-5
0.576, 1.812e-5
0.575, 9.032e-6
0.574, 5.858e-7
0.573, -7.752e-6
0.572, -1.601e-5
0.571, -2.318e-5
0.570, -3.048e-5
0.569, -3.732e-5
0.568, -4.411e-5
0.567, -5.053e-5
0.566, -5.645e-5
0.565, -6.274e-5
0.564, -6.845e-5
0.563, -7.361e-5
0.562, -7.924e-5
0.561, -8.396e-5
0.560, -8.875e-5
0.559, -9.326e-5
0.558, -9.778e-5
0.557, -1.023e-4
0.556, -1.061e-4
0.555, -1.098e-4
0.554, -1.140e-4
0.553, -1.173e-4
0.552, -1.207e-4
0.551, -1.240e-4
0.550, -1.267e-4
0.549, -1.302e-4
0.548, -1.335e-4
0.547, -1.365e-4
0.546, -1.395e-4
0.545, -1.423e-4
0.544, -1.450e-4
0.543, -1.472e-4
0.542, -1.496e-4
0.541, -1.522e-4
0.540, -1.546e-4
0.539, -1.569e-4
0.538, -1.593e-4
0.537, -1.618e-4
0.536, -1.639e-4
0.535, -1.660e-4
0.534, -1.673e-4
0.533, -1.691e-4
0.532, -1.712e-4
0.531, -1.729e-4
0.530, -1.745e-4
0.529, -1.763e-4
0.528, -1.779e-4
0.527, -1.794e-4
0.526, -1.812e-4
0.525, -1.826e-4
0.524, -1.839e-4
0.523, -1.858e-4
0.522, -1.876e-4
0.521, -1.888e-4
0.520, -1.903e-4
0.519, -1.918e-4
0.518, -1.933e-4
0.517, -1.951e-4
0.516, -1.967e-4
0.515, -1.977e-4
0.514, -1.994e-4
0.513, -2.008e-4
0.512, -2.042e-4
0.511, -2.065e-4
0.510, -2.069e-4
0.509, -2.078e-4
0.508, -2.091e-4
0.507, -2.107e-4
0.506, -2.123e-4
0.505, -2.136e-4
0.504, -2.150e-4
0.503, -2.165e-4
0.502, -2.176e-4
0.501, -2.191e-4
0.500, -2.208e-4
0.499, -2.216e-4
0.498, -2.234e-4
0.497, -2.254e-4
0.496, -2.271e-4
0.495, -2.286e-4
0.494, -2.303e-4
0.493, -2.324e-4
0.492, -2.342e-4
0.491, -2.361e-4
0.490, -2.383e-4
0.489, -2.403e-4
0.488, -2.423e-4
0.487, -2.446e-4
0.486, -2.469e-4
0.485, -2.488e-4
0.484, -2.510e-4
0.483, -2.527e-4
0.482, -2.550e-4
0.481, -2.578e-4
0.480, -2.607e-4
0.479, -2.633e-4
0.478, -2.658e-4
0.477, -2.685e-4
0.476, -2.713e-4
0.475, -2.742e-4
0.474, -2.771e-4
0.473, -2.798e-4
0.472, -2.834e-4
0.471, -2.870e-4
0.470, -2.905e-4
0.469, -2.946e-4
0.468, -2.984e-4
0.467, -3.025e-4
0.466, -3.069e-4
0.465, -3.112e-4
0.464, -3.155e-4
0.463, -3.206e-4
0.462, -3.252e-4
0.461, -3.305e-4
0.460, -3.366e-4
0.459, -3.417e-4
0.458, -3.476e-4
0.457, -3.536e-4
0.456, -3.606e-4
0.455, -3.670e-4
0.454, -3.740e-4
0.453, -3.813e-4
0.452, -3.888e-4
0.451, -3.960e-4
0.450, -4.039e-4
0.449, -4.126e-4
0.448, -4.212e-4
0.447, -4.302e-4
0.446, -4.404e-4
0.445, -4.505e-4
0.444, -4.612e-4
0.443, -4.719e-4
0.442, -4.836e-4
0.441, -4.954e-4
0.440, -5.078e-4
0.439, -5.205e-4
0.438, -5.332e-4
0.437, -5.472e-4
0.436, -5.614e-4
0.435, -5.762e-4
0.434, -5.909e-4
0.433, -6.059e-4
0.432, -6.214e-4
0.431, -6.373e-4
0.430, -6.536e-4
0.429, -6.703e-4
0.428, -6.879e-4
0.427, -7.053e-4
0.426, -7.229e-4
0.425, -7.407e-4
0.424, -7.588e-4
0.423, -7.775e-4
0.422, -7.956e-4
0.421, -8.140e-4
0.420, -8.331e-4
0.419, -8.520e-4
0.418, -8.711e-4
0.417, -8.905e-4
0.416, -9.097e-4
0.415, -9.288e-4
0.414, -9.484e-4
0.413, -9.678e-4
0.412, -9.870e-4
0.411, -1.006e-3
0.410, -1.023e-3
0.409, -1.034e-3
0.408, -1.054e-3
0.407, -1.075e-3
0.406, -1.096e-3
0.405, -1.116e-3
0.404, -1.137e-3
0.403, -1.158e-3
0.402, -1.180e-3
0.401, -1.201e-3
0.400, -1.223e-3
0.399, -1.245e-3
0.398, -1.266e-3
0.397, -1.288e-3
0.396, -1.310e-3
0.395, -1.333e-3
0.394, -1.355e-3
0.393, -1.378e-3
0.392, -1.401e-3
0.391, -1.425e-3
0.390, -1.448e-3
0.389, -1.472e-3
0.388, -1.496e-3
0.387, -1.519e-3
0.386, -1.543e-3
0.385, -1.566e-3
0.384, -1.591e-3
0.383, -1.614e-3
0.382, -1.637e-3
0.381, -1.660e-3
0.380, -1.683e-3
0.379, -1.705e-3
0.378, -1.727e-3
0.377, -1.748e-3
0.376, -1.768e-3
0.375, -1.788e-3
0.374, -1.807e-3
0.373, -1.825e-3
0.372, -1.842e-3
0.371, -1.856e-3
0.370, -1.871e-3
0.369, -1.883e-3
0.368, -1.894e-3
0.367, -1.903e-3
0.366, -1.909e-3
0.365, -1.914e-3
0.364, -1.915e-3
0.363, -1.914e-3
0.362, -1.910e-3
0.361, -1.902e-3
0.360, -1.891e-3
0.359, -1.875e-3
0.358, -1.855e-3
0.357, -1.831e-3
0.356, -1.801e-3
0.355, -1.767e-3
0.354, -1.728e-3
0.353, -1.683e-3
0.352, -1.633e-3
0.351, -1.577e-3
0.350, -1.516e-3
0.349, -1.452e-3
0.348, -1.382e-3
0.347, -1.310e-3
0.346, -1.235e-3
0.345, -1.158e-3
0.344, -1.081e-3
0.343, -1.006e-3
0.342, -9.331e-4
0.341, -8.632e-4
0.340, -7.971e-4
0.339, -7.351e-4
0.338, -6.783e-4
0.337, -6.260e-4
0.336, -5.791e-4
0.335, -5.364e-4
0.334, -4.980e-4
0.333, -4.638e-4
0.332, -4.327e-4
0.331, -4.046e-4
0.330, -3.804e-4
0.329, -3.581e-4
0.328, -3.378e-4
0.327, -3.195e-4
0.326, -3.030e-4
0.325, -2.880e-4
0.324, -2.743e-4
0.323, -2.618e-4
0.322, -2.501e-4
0.321, -2.398e-4
0.320, -2.297e-4
0.319, -2.210e-4
0.318, -2.130e-4
0.317, -2.049e-4
0.316, -1.978e-4
0.315, -1.911e-4
0.314, -1.851e-4
0.313, -1.791e-4
0.312, -1.736e-4
0.311, -1.687e-4
0.310, -1.640e-4
0.309, -1.592e-4
0.308, -1.549e-4
0.307, -1.512e-4
0.306, -1.470e-4
0.305, -1.433e-4
0.304, -1.398e-4
0.303, -1.364e-4
0.302, -1.330e-4
0.301, -1.300e-4
0.300, -1.271e-4
0.299, -1.241e-4
0.298, -1.214e-4
0.297, -1.190e-4
0.296, -1.168e-4
0.295, -1.145e-4
0.294, -1.119e-4
0.293, -1.095e-4
0.292, -1.074e-4
0.291, -1.054e-4
0.290, -1.035e-4
0.289, -1.016e-4
0.288, -9.978e-5
0.287, -9.796e-5
0.286, -9.624e-5
0.285, -9.454e-5
0.284, -9.305e-5
0.283, -9.165e-5
0.282, -9.024e-5
0.281, -8.869e-5
0.280, -8.716e-5
0.279, -8.566e-5
0.278, -8.434e-5
0.277, -8.306e-5
0.276, -8.175e-5
0.275, -8.047e-5
0.274, -7.931e-5
0.273, -7.829e-5
0.272, -7.700e-5
0.271, -7.600e-5
0.270, -7.485e-5
0.269, -7.379e-5
0.268, -7.274e-5
0.267, -7.172e-5
0.266, -7.079e-5
0.265, -6.994e-5
0.264, -6.913e-5
0.263, -6.839e-5
0.262, -6.758e-5
0.261, -6.687e-5
0.260, -6.613e-5
0.259, -6.529e-5
0.258, -6.437e-5
0.257, -6.361e-5
0.256, -6.270e-5
0.255, -6.190e-5
0.254, -6.105e-5
0.253, -6.026e-5
0.252, -5.954e-5
0.251, -5.876e-5
0.250, -5.814e-5
0.249, -5.744e-5
0.248, -5.686e-5
0.247, -5.631e-5
0.246, -5.561e-5
0.245, -5.502e-5
0.244, -5.442e-5
0.243, -5.382e-5
0.242, -5.328e-5
0.241, -5.277e-5
0.240, -5.214e-5
0.239, -5.158e-5
0.238, -5.108e-5
0.237, -5.059e-5
0.236, -5.002e-5
0.235, -4.948e-5
0.234, -4.895e-5
0.233, -4.851e-5
0.232, -4.792e-5
0.231, -4.751e-5
0.230, -4.711e-5
0.229, -4.665e-5
0.228, -4.612e-5
0.227, -4.575e-5
0.226, -4.537e-5
0.225, -4.495e-5
0.224, -4.456e-5
0.223, -4.427e-5
0.222, -4.382e-5
0.221, -4.348e-5
0.220, -4.306e-5
0.219, -4.259e-5
0.218, -4.228e-5
0.217, -4.197e-5
0.216, -4.165e-5
0.215, -4.124e-5
0.214, -4.099e-5
0.213, -4.057e-5
0.212, -4.021e-5
0.211, -3.986e-5
0.210, -3.954e-5
0.209, -3.917e-5
0.208, -3.883e-5
0.207, -3.851e-5
0.206, -3.817e-5
0.205, -3.785e-5
0.204, -3.749e-5
0.203, -3.721e-5
0.202, -3.692e-5
0.201, -3.660e-5
0.200, -3.400e-5
0.201, -2.912e-5
0.202, -2.719e-5
0.203, -2.584e-5
0.204, -2.488e-5
0.205, -2.405e-5
0.206, -2.311e-5
0.207, -2.241e-5
0.208, -2.179e-5
0.209, -2.108e-5
0.210, -2.052e-5
0.211, -1.998e-5
0.212, -1.953e-5
0.213, -1.910e-5
0.214, -1.866e-5
0.215, -1.824e-5
0.216, -1.779e-5
0.217, -1.743e-5
0.218, -1.705e-5
0.219, -1.664e-5
0.220, -1.623e-5
0.221, -1.584e-5
0.222, -1.550e-5
0.223, -1.509e-5
0.224, -1.468e-5
0.225, -1.425e-5
0.226, -1.399e-5
0.227, -1.367e-5
0.228, -1.330e-5
0.229, -1.293e-5
0.230, -1.262e-5
0.231, -1.229e-5
0.232, -1.202e-5
0.233, -1.165e-5
0.234, -1.143e-5
0.235, -1.110e-5
0.236, -1.083e-5
0.237, -1.047e-5
0.238, -1.028e-5
0.239, -1.004e-5
0.240, -9.725e-6
0.241, -9.373e-6
0.242, -9.207e-6
0.243, -8.953e-6
0.244, -8.700e-6
0.245, -8.504e-6
0.246, -8.192e-6
0.247, -7.997e-6
0.248, -7.801e-6
0.249, -7.469e-6
0.250, -7.245e-6
0.251, -7.040e-6
0.252, -6.815e-6
0.253, -6.600e-6
0.254, -6.337e-6
0.255, -6.014e-6
0.256, -5.790e-6
0.257, -5.604e-6
0.258, -5.360e-6
0.259, -5.136e-6
0.260, -4.882e-6
0.261, -4.735e-6
0.262, -4.423e-6
0.263, -4.247e-6
0.264, -3.945e-6
0.265, -3.740e-6
0.266, -3.554e-6
0.267, -3.339e-6
0.268, -3.027e-6
0.269, -2.851e-6
0.270, -2.597e-6
0.271, -2.324e-6
0.272, -2.021e-6
0.273, -1.816e-6
0.274, -1.572e-6
0.275, -1.386e-6
0.276, -1.045e-6
0.277, -8.006e-7
0.278, -5.272e-7
0.279, -3.124e-7
0.280, -1.953e-7
0.281, 1.465e-7
0.282, 4.784e-7
0.283, 6.932e-7
0.284, 9.276e-7
0.285, 1.113e-6
0.286, 1.435e-6
0.287, 1.679e-6
0.288, 1.933e-6
0.289, 2.207e-6
0.290, 2.509e-6
0.291, 2.714e-6
0.292, 3.037e-6
0.293, 3.271e-6
0.294, 3.456e-6
0.295, 3.769e-6
0.296, 4.081e-6
0.297, 4.316e-6
0.298, 4.550e-6
0.299, 4.882e-6
0.300, 5.155e-6
0.301, 5.399e-6
0.302, 5.751e-6
0.303, 6.054e-6
0.304, 6.327e-6
0.305, 6.649e-6
0.306, 6.844e-6
0.307, 7.372e-6
0.308, 7.674e-6
0.309, 7.909e-6
0.310, 8.250e-6
0.311, 8.602e-6
0.312, 8.885e-6
0.313, 9.246e-6
0.314, 9.588e-6
0.315, 9.920e-6
0.316, 1.031e-5
0.317, 1.070e-5
0.318, 1.099e-5
0.319, 1.138e-5
0.320, 1.173e-5
0.321, 1.212e-5
0.322, 1.246e-5
0.323, 1.289e-5
0.324, 1.321e-5
0.325, 1.361e-5
0.326, 1.401e-5
0.327, 1.449e-5
0.328, 1.480e-5
0.329, 1.518e-5
0.330, 1.557e-5
0.331, 1.597e-5
0.332, 1.643e-5
0.333, 1.685e-5
0.334, 1.722e-5
0.335, 1.762e-5
0.336, 1.798e-5
0.337, 1.851e-5
0.338, 1.896e-5
0.339, 1.949e-5
0.340, 1.996e-5
0.341, 2.038e-5
0.342, 2.082e-5
0.343, 2.137e-5
0.344, 2.180e-5
0.345, 2.235e-5
0.346, 2.276e-5
0.347, 2.323e-5
0.348, 2.381e-5
0.349, 2.440e-5
0.350, 2.492e-5
0.351, 2.550e-5
0.352, 2.602e-5
0.353, 2.653e-5
0.354, 2.703e-5
0.355, 2.753e-5
0.356, 2.813e-5
0.357, 2.861e-5
0.358, 2.916e-5
0.359, 2.966e-5
0.360, 3.026e-5
0.361, 3.091e-5
0.362, 3.144e-5
0.363, 3.205e-5
0.364, 3.277e-5
0.365, 3.331e-5
0.366, 3.405e-5
0.367, 3.475e-5
0.368, 3.539e-5
0.369, 3.602e-5
0.370, 3.672e-5
0.371, 3.739e-5
0.372, 3.795e-5
0.373, 3.866e-5
0.374, 3.937e-5
0.375, 4.001e-5
0.376, 4.075e-5
0.377, 4.152e-5
0.378, 4.218e-5
0.379, 4.300e-5
0.380, 4.378e-5
0.381, 4.456e-5
0.382, 4.553e-5
0.383, 4.642e-5
0.384, 4.725e-5
0.385, 4.811e-5
0.386, 4.899e-5
0.387, 4.981e-5
0.388, 5.058e-5
0.389, 5.149e-5
0.390, 5.238e-5
0.391, 5.325e-5
0.392, 5.430e-5
0.393, 5.526e-5
0.394, 5.626e-5
0.395, 5.725e-5
0.396, 5.848e-5
0.397, 5.943e-5
0.398, 6.055e-5
0.399, 6.177e-5
0.400, 6.275e-5
0.401, 6.400e-5
0.402, 6.511e-5
0.403, 6.638e-5
0.404, 6.756e-5
0.405, 6.891e-5
0.406, 7.042e-5
0.407, 7.185e-5
0.408, 7.336e-5
0.409, 7.464e-5
0.410, 7.355e-5
0.411, 7.633e-5
0.412, 7.836e-5
0.413, 8.032e-5
0.414, 8.239e-5
0.415, 8.464e-5
0.416, 8.691e-5
0.417, 8.913e-5
0.418, 9.150e-5
0.419, 9.392e-5
0.420, 9.684e-5
0.421, 9.972e-5
0.422, 1.028e-4
0.423, 1.058e-4
0.424, 1.098e-4
0.425, 1.140e-4
0.426, 1.179e-4
0.427, 1.229e-4
0.428, 1.276e-4
0.429, 1.335e-4
0.430, 1.398e-4
0.431, 1.465e-4
0.432, 1.540e-4
0.433, 1.626e-4
0.434, 1.715e-4
0.435, 1.818e-4
0.436, 1.932e-4
0.437, 2.052e-4
0.438, 2.187e-4
0.439, 2.333e-4
0.440, 2.490e-4
0.441, 2.672e-4
0.442, 2.866e-4
0.443, 3.078e-4
0.444, 3.305e-4
0.445, 3.553e-4
0.446, 3.818e-4
0.447, 4.106e-4
0.448, 4.414e-4
0.449, 4.740e-4
0.450, 5.092e-4
0.451, 5.465e-4
0.452, 5.858e-4
0.453, 6.272e-4
0.454, 6.712e-4
0.455, 7.174e-4
0.456, 7.658e-4
0.457, 8.165e-4
0.458, 8.687e-4
0.459, 9.232e-4
0.460, 9.788e-4
0.461, 1.036e-3
0.462, 1.095e-3
0.463, 1.154e-3
0.464, 1.214e-3
0.465, 1.275e-3
0.466, 1.336e-3
0.467, 1.398e-3
0.468, 1.459e-3
0.469, 1.520e-3
0.470, 1.581e-3
0.471, 1.641e-3
0.472, 1.700e-3
0.473, 1.758e-3
0.474, 1.815e-3
0.475, 1.871e-3
0.476, 1.926e-3
0.477, 1.980e-3
0.478, 2.032e-3
0.479, 2.082e-3
0.480, 2.131e-3
0.481, 2.179e-3
0.482, 2.224e-3
0.483, 2.268e-3
0.484, 2.310e-3
0.485, 2.350e-3
0.486, 2.388e-3
0.487, 2.424e-3
0.488, 2.458e-3
0.489, 2.489e-3
0.490, 2.517e-3
0.491, 2.543e-3
0.492, 2.566e-3
0.493, 2.586e-3
0.494, 2.603e-3
0.495, 2.617e-3
0.496, 2.629e-3
0.497, 2.636e-3
0.498, 2.639e-3
0.499, 2.639e-3
0.500, 2.634e-3
0.501, 2.626e-3
0.502, 2.614e-3
0.503, 2.597e-3
0.504, 2.575e-3
0.505, 2.548e-3
0.506, 2.517e-3
0.507, 2.480e-3
0.508, 2.438e-3
0.509, 2.391e-3
0.510, 2.339e-3
0.511, 2.282e-3
0.512, 2.224e-3
0.513, 2.161e-3
0.514, 2.093e-3
0.515, 2.023e-3
0.516, 1.950e-3
0.517, 1.876e-3
0.518, 1.802e-3
0.519, 1.727e-3
0.520, 1.653e-3
0.521, 1.579e-3
0.522, 1.506e-3
0.523, 1.434e-3
0.524, 1.364e-3
0.525, 1.294e-3
0.526, 1.227e-3
0.527, 1.161e-3
0.528, 1.097e-3
0.529, 1.035e-3
0.530, 9.761e-4
0.531, 9.197e-4
0.532, 8.656e-4
0.533, 8.145e-4
0.534, 7.666e-4
0.535, 7.214e-4
0.536, 6.801e-4
0.537, 6.423e-4
0.538, 6.079e-4
0.539, 5.762e-4
0.540, 5.473e-4
0.541, 5.212e-4
0.542, 4.980e-4
0.543, 4.766e-4
0.544, 4.579e-4
0.545, 4.414e-4
0.546, 4.258e-4
0.547, 4.121e-4
0.548, 3.999e-4
0.549, 3.890e-4
0.550, 3.795e-4
0.551, 3.705e-4
0.552, 3.633e-4
0.553, 3.569e-4
0.554, 3.509e-4
0.555, 3.459e-4
0.556, 3.416e-4
0.557, 3.378e-4
0.558, 3.349e-4
0.559, 3.321e-4
0.560, 3.295e-4
0.561, 3.275e-4
0.562, 3.261e-4
0.563, 3.252e-4
0.564, 3.249e-4
0.565, 3.248e-4
0.566, 3.252e-4
0.567, 3.254e-4
0.568, 3.268e-4
0.569, 3.285e-4
0.570, 3.301e-4
0.571, 3.323e-4
0.572, 3.350e-4
0.573, 3.374e-4
0.574, 3.409e-4
0.575, 3.444e-4
0.576, 3.478e-4
0.577, 3.522e-4
0.578, 3.572e-4
0.579, 3.626e-4
0.580, 3.682e-4
0.581, 3.737e-4
0.582, 3.806e-4
0.583, 3.876e-4
0.584, 3.949e-4
0.585, 4.028e-4
0.586, 4.110e-4
0.587, 4.196e-4
0.588, 4.293e-4
0.589, 4.396e-4
0.590, 4.501e-4
0.591, 4.604e-4
0.592, 4.715e-4
0.593, 4.837e-4
0.594, 4.962e-4
0.595, 5.091e-4
0.596, 5.226e-4
0.597, 5.368e-4
0.598, 5.521e-4
0.599, 5.671e-4
0.600, 5.833e-4
0.601, 5.997e-4
0.602, 6.159e-4
0.603, 6.341e-4
0.604, 6.527e-4
0.605, 6.714e-4
0.606, 6.917e-4
0.607, 7.122e-4
0.608, 7.334e-4
0.609, 7.552e-4
0.610, 7.776e-4
0.611, 8.009e-4
0.612, 8.243e-4
0.613, 8.490e-4
0.614, 8.737e-4
0.615, 8.979e-4
0.616, 9.247e-4
0.617, 9.519e-4
0.618, 9.795e-4
0.619, 1.008e-3
0.620, 1.037e-3
0.621, 1.066e-3
0.622, 1.096e-3
0.623, 1.127e-3
0.624, 1.158e-3
0.625, 1.190e-3
0.626, 1.222e-3
0.627, 1.255e-3
0.628, 1.289e-3
0.629, 1.323e-3
0.630, 1.359e-3
0.631, 1.394e-3
0.632, 1.430e-3
0.633, 1.467e-3
0.634, 1.504e-3
0.635, 1.542e-3
0.636, 1.580e-3
0.637, 1.619e-3
0.638, 1.658e-3
0.639, 1.698e-3
0.640, 1.738e-3
0.641, 1.779e-3
0.642, 1.820e-3
0.643, 1.862e-3
0.644, 1.905e-3
0.645, 1.948e-3
0.646, 1.991e-3
0.647, 2.034e-3
0.648, 2.079e-3
0.649, 2.123e-3
0.650, 2.168e-3
0.651, 2.213e-3
0.652, 2.259e-3
0.653, 2.305e-3
0.654, 2.351e-3
0.655, 2.398e-3
0.656, 2.446e-3
0.657, 2.493e-3
0.658, 2.541e-3
0.659, 2.590e-3
0.660, 2.639e-3
0.661, 2.688e-3
0.662, 2.737e-3
0.663, 2.786e-3
0.664, 2.837e-3
0.665, 2.888e-3
0.666, 2.938e-3
0.667, 2.989e-3
0.668, 3.041e-3
0.669, 3.092e-3
0.670, 3.145e-3
0.671, 3.197e-3
0.672, 3.249e-3
0.673, 3.302e-3
0.674, 3.355e-3
0.675, 3.409e-3
0.676, 3.462e-3
0.677, 3.516e-3
0.678, 3.571e-3
0.679, 3.625e-3
0.680, 3.679e-3
0.681, 3.734e-3
0.682, 3.789e-3
0.683, 3.845e-3
0.684, 3.900e-3
0.685, 3.956e-3
0.686, 4.013e-3
0.687, 4.069e-3
0.688, 4.125e-3
0.689, 4.182e-3
0.690, 4.239e-3
0.691, 4.296e-3
0.692, 4.354e-3
0.693, 4.411e-3
0.694, 4.469e-3
0.695, 4.527e-3
0.696, 4.585e-3
0.697, 4.643e-3
0.698, 4.702e-3
0.699, 4.761e-3
0.700, 4.820e-3
0.701, 4.879e-3
0.702, 4.938e-3
0.703, 4.998e-3
0.704, 5.057e-3
0.705, 5.117e-3
0.706, 5.176e-3
0.707, 5.237e-3
0.708, 5.297e-3
0.709, 5.357e-3
0.710, 5.417e-3
0.711, 5.478e-3
0.712, 5.539e-3
0.713, 5.600e-3
0.714, 5.661e-3
0.715, 5.722e-3
0.716, 5.784e-3
0.717, 5.847e-3
0.718, 5.910e-3
0.719, 5.972e-3
0.720, 6.034e-3
0.721, 6.096e-3
0.722, 6.158e-3
0.723, 6.220e-3
0.724, 6.283e-3
0.725, 6.346e-3
0.726, 6.408e-3
0.727, 6.471e-3
0.728, 6.534e-3
0.729, 6.597e-3
0.730, 6.660e-3
0.731, 6.723e-3
0.732, 6.787e-3
0.733, 6.850e-3
0.734, 6.914e-3
0.735, 6.977e-3
0.736, 7.042e-3
0.737, 7.106e-3
0.738, 7.170e-3
0.739, 7.234e-3
0.740, 7.298e-3
0.741, 7.362e-3
0.742, 7.427e-3
0.743, 7.492e-3
0.744, 7.556e-3
0.745, 7.621e-3
0.746, 7.686e-3
0.747, 7.751e-3
0.748, 7.816e-3
0.749, 7.881e-3
0.750, 7.946e-3
0.751, 8.012e-3
0.752, 8.077e-3
0.753, 8.142e-3
0.754, 8.207e-3
0.755, 8.273e-3
0.756, 8.338e-3
0.757, 8.403e-3
0.758, 8.469e-3
0.759, 8.535e-3
0.760, 8.601e-3
0.761, 8.667e-3
0.762, 8.733e-3
0.763, 8.800e-3
0.764, 8.866e-3
0.765, 8.932e-3
0.766, 8.998e-3
0.767, 9.065e-3
0.768, 9.131e-3
0.769, 9.198e-3
0.770, 9.264e-3
0.771, 9.331e-3
0.772, 9.398e-3
0.773, 9.466e-3
0.774, 9.532e-3
0.775, 9.599e-3
0.776, 9.666e-3
0.777, 9.734e-3
0.778, 9.801e-3
0.779, 9.868e-3
0.780, 9.936e-3
0.781, 1.000e-2
0.782, 1.007e-2
0.783, 1.014e-2
0.784, 1.021e-2
0.785, 1.027e-2
0.786, 1.034e-2
0.787, 1.041e-2
0.788, 1.048e-2
0.789, 1.054e-2
0.790, 1.061e-2
0.791, 1.068e-2
0.792, 1.075e-2
0.793, 1.082e-2
0.794, 1.088e-2
0.795, 1.095e-2
0.796, 1.102e-2
0.797, 1.109e-2
0.798, 1.116e-2
0.799, 1.123e-2
0.800, 1.127e-2
0.799, 1.123e-2
0.798, 1.116e-2
0.797, 1.109e-2
0.796, 1.102e-2
0.795, 1.095e-2
0.794, 1.088e-2
0.793, 1.081e-2
0.792, 1.074e-2
0.791, 1.067e-2
0.790, 1.060e-2
0.789, 1.053e-2
0.788, 1.046e-2
0.787, 1.039e-2
0.786, 1.032e-2
0.785, 1.025e-2
0.784, 1.018e-2
0.783, 1.011e-2
0.782, 1.004e-2
0.781, 9.976e-3
0.780, 9.908e-3
0.779, 9.840e-3
0.778, 9.771e-3
0.777, 9.702e-3
0.776, 9.634e-3
0.775, 9.566e-3
0.774, 9.498e-3
0.773, 9.430e-3
0.772, 9.361e-3
0.771, 9.293e-3
0.770, 9.225e-3
0.769, 9.158e-3
0.768, 9.090e-3
0.767, 9.022e-3
0.766, 8.955e-3
0.765, 8.887e-3
0.764, 8.820e-3
0.763, 8.753e-3
0.762, 8.686e-3
0.761, 8.619e-3
0.760, 8.551e-3
0.759, 8.484e-3
0.758, 8.418e-3
0.757, 8.351e-3
0.756, 8.285e-3
0.755, 8.219e-3
0.754, 8.152e-3
0.753, 8.086e-3
0.752, 8.020e-3
0.751, 7.954e-3
0.750, 7.888e-3
0.749, 7.822e-3
0.748, 7.756e-3
0.747, 7.690e-3
0.746, 7.625e-3
0.745, 7.559e-3
0.744, 7.494e-3
0.743, 7.429e-3
0.742, 7.363e-3
0.741, 7.298e-3
0.740, 7.233e-3
0.739, 7.168e-3
0.738, 7.103e-3
0.737, 7.039e-3
0.736, 6.974e-3
0.735, 6.910e-3
0.734, 6.845e-3
0.733, 6.781e-3
0.732, 6.717e-3
0.731, 6.653e-3
0.730, 6.589e-3
0.729, 6.526e-3
0.728, 6.463e-3
0.727, 6.400e-3
0.726, 6.337e-3
0.725, 6.273e-3
0.724, 6.210e-3
0.723, 6.147e-3
0.722, 6.084e-3
0.721, 6.022e-3
0.720, 5.960e-3
0.719, 5.897e-3
0.718, 5.835e-3
0.717, 5.772e-3
0.716, 5.708e-3
0.715, 5.646e-3
0.714, 5.585e-3
0.713, 5.523e-3
0.712, 5.462e-3
0.711, 5.400e-3
0.710, 5.339e-3
0.709, 5.278e-3
0.708, 5.218e-3
0.707, 5.157e-3
0.706, 5.097e-3
0.705, 5.037e-3
0.704, 4.977e-3
0.703, 4.917e-3
0.702, 4.858e-3
0.701, 4.798e-3
0.700, 4.739e-3
0.699, 4.680e-3
0.698, 4.621e-3
0.697, 4.561e-3
0.696, 4.503e-3
0.695, 4.445e-3
0.694, 4.387e-3
0.693, 4.329e-3
0.692, 4.271e-3
0.691, 4.213e-3
0.690, 4.156e-3
0.689, 4.099e-3
0.688, 4.042e-3
0.687, 3.985e-3
0.686, 3.928e-3
0.685, 3.871e-3
0.684, 3.815e-3
0.683, 3.759e-3
0.682, 3.704e-3
0.681, 3.648e-3
0.680, 3.593e-3
0.679, 3.538e-3
0.678, 3.484e-3
0.677, 3.429e-3
0.676, 3.374e-3
0.675, 3.321e-3
0.674, 3.267e-3
0.673, 3.214e-3
0.672, 3.161e-3
0.671, 3.108e-3
0.670, 3.055e-3
0.669, 3.002e-3
0.668, 2.950e-3
0.667, 2.899e-3
0.666, 2.847e-3
0.665, 2.796e-3
0.664, 2.745e-3
0.663, 2.695e-3
0.662, 2.644e-3
0.661, 2.594e-3
0.660, 2.545e-3
0.659, 2.496e-3
0.658, 2.446e-3
0.657, 2.398e-3
0.656, 2.349e-3
0.655, 2.301e-3
0.654, 2.253e-3
0.653, 2.206e-3
0.652, 2.160e-3
0.651, 2.113e-3
0.650, 2.067e-3
0.649, 2.021e-3
0.648, 1.976e-3
0.647, 1.930e-3
0.646, 1.886e-3
0.645, 1.842e-3
0.644, 1.798e-3
0.643, 1.755e-3
0.642, 1.711e-3
0.641, 1.669e-3
0.640, 1.627e-3
0.639, 1.585e-3
0.638, 1.543e-3
0.637, 1.503e-3
0.636, 1.462e-3
0.635, 1.423e-3
0.634, 1.383e-3
0.633, 1.344e-3
0.632, 1.306e-3
0.631, 1.268e-3
0.630, 1.231e-3
0.629, 1.194e-3
0.628, 1.158e-3
0.627, 1.123e-3
0.626, 1.087e-3
0.625, 1.053e-3
0.624, 1.018e-3
0.623, 9.843e-4
0.622, 9.513e-4
0.621, 9.186e-4
0.620, 8.862e-4
0.619, 8.548e-4
0.618, 8.233e-4
0.617, 7.929e-4
0.616, 7.628e-4
0.615, 7.335e-4
0.614, 7.063e-4
0.613, 6.776e-4
0.612, 6.499e-4
0.611, 6.225e-4
0.610, 5.959e-4
0.609, 5.702e-4
0.608, 5.450e-4
0.607, 5.202e-4
0.606, 4.960e-4
0.605, 4.720e-4
0.604, 4.493e-4
0.603, 4.269e-4
0.602, 4.049e-4
0.601, 3.839e-4
0.600, 3.629e-4
0.599, 3.424e-4
0.598, 3.228e-4
0.597, 3.040e-4
0.596, 2.853e-4
0.595, 2.671e-4
0.594, 2.494e-4
0.593, 2.327e-4
0.592, 2.165e-4
0.591, 2.005e-4
0.590, 1.854e-4
0.589, 1.702e-4
0.588, 1.556e-4
0.587, 1.419e-4
0.586, 1.282e-4
0.585, 1.160e-4
0.584, 1.031e-4
0.583, 9.134e-5
0.582, 7.967e-5
0.581, 6.836e-5
0.580, 5.732e-5
0.579, 4.695e-5
0.578, 3.709e-5
0.577, 2.776e-5
0.576, 1.920e-5
0.575, 1.004e-5
0.574, 1.338e-6
0.573, -7.098e-6
0.572, -1.511e-5
0.571, -2.236e-5
0.570, -2.975e-5
0.569, -3.689e-5
0.568, -4.366e-5
0.567, -5.015e-5
0.566, -5.615e-5
0.565, -6.260e-5
0.564, -6.830e-5
0.563, -7.363e-5
0.562, -7.895e-5
0.561, -8.374e-5
0.560, -8.871e-5
0.559, -9.321e-5
0.558, -9.755e-5
0.557, -1.020e-4
0.556, -1.061e-4
0.555, -1.104e-4
0.554, -1.145e-4
0.553, -1.177e-4
0.552, -1.211e-4
0.551, -1.248e-4
0.550, -1.274e-4
0.549, -1.307e-4
0.548, -1.339e-4
0.547, -1.369e-4
0.546, -1.403e-4
0.545, -1.429e-4
0.544, -1.452e-4
0.543, -1.482e-4
0.542, -1.507e-4
0.541, -1.533e-4
0.540, -1.556e-4
0.539, -1.577e-4
0.538, -1.603e-4
0.537, -1.626e-4
0.536, -1.645e-4
0.535, -1.666e-4
0.534, -1.682e-4
0.533, -1.699e-4
0.532, -1.718e-4
0.531, -1.735e-4
0.530, -1.757e-4
0.529, -1.772e-4
0.528, -1.788e-4
0.527, -1.806e-4
0.526, -1.819e-4
0.525, -1.836e-4
0.524, -1.850e-4
0.523, -1.867e-4
0.522, -1.884e-4
0.521, -1.898e-4
0.520, -1.914e-4
0.519, -1.930e-4
0.518, -1.944e-4
0.517, -1.961e-4
0.516, -1.977e-4
0.515, -1.991e-4
0.514, -2.007e-4
0.513, -2.020e-4
0.512, -2.057e-4
0.511, -2.074e-4
0.510, -2.080e-4
0.509, -2.091e-4
0.508, -2.105e-4
0.507, -2.122e-4
0.506, -2.135e-4
0.505, -2.145e-4
0.504, -2.160e-4
0.503, -2.176e-4
0.502, -2.188e-4
0.501, -2.204e-4
0.500, -2.221e-4
0.499, -2.227e-4
0.498, -2.244e-4
0.497, -2.263e-4
0.496, -2.278e-4
0.495, -2.297e-4
0.494, -2.315e-4
0.493, -2.335e-4
0.492, -2.354e-4
0.491, -2.374e-4
0.490, -2.393e-4
0.489, -2.410e-4
0.488, -2.431e-4
0.487, -2.455e-4
0.486, -2.476e-4
0.485, -2.498e-4
0.484, -2.520e-4
0.483, -2.538e-4
0.482, -2.565e-4
0.481, -2.591e-4
0.480, -2.617e-4
0.479, -2.642e-4
0.478, -2.663e-4
0.477, -2.693e-4
0.476, -2.724e-4
0.475, -2.752e-4
0.474, -2.780e-4
0.473, -2.806e-4
0.472, -2.846e-4
0.471, -2.883e-4
0.470, -2.914e-4
0.469, -2.956e-4
0.468, -2.996e-4
0.467, -3.032e-4
0.466, -3.080e-4
0.465, -3.124e-4
0.464, -3.164e-4
0.463, -3.214e-4
0.462, -3.263e-4
0.461, -3.318e-4
0.460, -3.376e-4
0.459, -3.432e-4
0.458, -3.494e-4
0.457, -3.552e-4
0.456, -3.618e-4
0.455, -3.682e-4
0.454, -3.752e-4
0.453, -3.829e-4
0.452, -3.906e-4
0.451, -3.975e-4
0.450, -4.062e-4
0.449, -4.143e-4
0.448, -4.228e-4
0.447, -4.319e-4
0.446, -4.419e-4
0.445, -4.524e-4
0.444, -4.631e-4
0.443, -4.738e-4
0.442, -4.855e-4
0.441, -4.973e-4
0.440, -5.100e-4
0.439, -5.225e-4
0.438, -5.352e-4
0.437, -5.490e-4
0.436, -5.632e-4
0.435, -5.783e-4
0.434, -5.936e-4
0.433, -6.085e-4
0.432, -6.243e-4
0.431, -6.405e-4
0.430, -6.570e-4
0.429, -6.735e-4
0.428, -6.908e-4
0.427, -7.086e-4
0.426, -7.264e-4
0.425, -7.445e-4
0.424, -7.626e-4
0.423, -7.812e-4
0.422, -7.988e-4
0.421, -8.183e-4
0.420, -8.377e-4
0.419, -8.565e-4
0.418, -8.761e-4
0.417, -8.954e-4
0.416, -9.151e-4
0.415, -9.344e-4
0.414, -9.537e-4
0.413, -9.733e-4
0.412, -9.932e-4
0.411, -1.013e-3
0.410, -1.030e-3
0.409, -1.041e-3
0.408, -1.062e-3
0.407, -1.082e-3
0.406, -1.103e-3
0.405, -1.124e-3
0.404, -1.146e-3
0.403, -1.167e-3
0.402, -1.188e-3
0.401, -1.210e-3
0.400, -1.231e-3
0.399, -1.253e-3
0.398, -1.276e-3
0.397, -1.298e-3
0.396, -1.319e-3
0.395, -1.342e-3
0.394, -1.365e-3
0.393, -1.388e-3
0.392, -1.412e-3
0.391, -1.436e-3
0.390, -1.459e-3
0.389, -1.483e-3
0.388, -1.507e-3
0.387, -1.531e-3
0.386, -1.556e-3
0.385, -1.579e-3
0.384, -1.604e-3
0.383, -1.628e-3
0.382, -1.652e-3
0.381, -1.675e-3
0.380, -1.698e-3
0.379, -1.720e-3
0.378, -1.742e-3
0.377, -1.764e-3
0.376, -1.785e-3
0.375, -1.806e-3
0.374, -1.825e-3
0.373, -1.843e-3
0.372, -1.861e-3
0.371, -1.876e-3
0.370, -1.891e-3
0.369, -1.904e-3
0.368, -1.915e-3
0.367, -1.926e-3
0.366, -1.933e-3
0.365, -1.938e-3
0.364, -1.941e-3
0.363, -1.940e-3
0.362, -1.937e-3
0.361, -1.930e-3
0.360, -1.920e-3
0.359, -1.905e-3
0.358, -1.887e-3
0.357, -1.864e-3
0.356, -1.835e-3
0.355, -1.801e-3
0.354, -1.763e-3
0.353, -1.720e-3
0.352, -1.670e-3
0.351, -1.616e-3
0.350, -1.555e-3
0.349, -1.490e-3
0.348, -1.421e-3
0.347, -1.348e-3
0.346, -1.272e-3
0.345, -1.193e-3
0.344, -1.115e-3
0.343, -1.038e-3
0.342, -9.623e-4
0.341, -8.898e-4
0.340, -8.212e-4
0.339, -7.567e-4
0.338, -6.972e-4
0.337, -6.429e-4
0.336, -5.937e-4
0.335, -5.493e-4
0.334, -5.092e-4
0.333, -4.735e-4
0.332, -4.414e-4
0.331, -4.125e-4
0.330, -3.872e-4
0.329, -3.643e-4
0.328, -3.432e-4
0.327, -3.243e-4
0.326, -3.074e-4
0.325, -2.920e-4
0.324, -2.779e-4
0.323, -2.652e-4
0.322, -2.533e-4
0.321, -2.427e-4
0.320, -2.325e-4
0.319, -2.235e-4
0.318, -2.153e-4
0.317, -2.072e-4
0.316, -1.999e-4
0.315, -1.931e-4
0.314, -1.869e-4
0.313, -1.810e-4
0.312, -1.754e-4
0.311, -1.704e-4
0.310, -1.657e-4
0.309, -1.611e-4
0.308, -1.564e-4
0.307, -1.528e-4
0.306, -1.486e-4
0.305, -1.448e-4
0.304, -1.413e-4
0.303, -1.379e-4
0.302, -1.344e-4
0.301, -1.313e-4
0.300, -1.284e-4
0.299, -1.254e-4
0.298, -1.226e-4
0.297, -1.202e-4
0.296, -1.179e-4
0.295, -1.157e-4
0.294, -1.132e-4
0.293, -1.109e-4
0.292, -1.086e-4
0.291, -1.065e-4
0.290, -1.046e-4
0.289, -1.028e-4
0.288, -1.010e-4
0.287, -9.907e-5
0.286, -9.727e-5
0.285, -9.559e-5
0.284, -9.409e-5
0.283, -9.259e-5
0.282, -9.124e-5
0.281, -8.979e-5
0.280, -8.825e-5
0.279, -8.675e-5
0.278, -8.529e-5
0.277, -8.390e-5
0.276, -8.268e-5
0.275, -8.141e-5
0.274, -8.022e-5
0.273, -7.914e-5
0.272, -7.801e-5
0.271, -7.697e-5
0.270, -7.581e-5
0.269, -7.467e-5
0.268, -7.366e-5
0.267, -7.254e-5
0.266, -7.172e-5
0.265, -7.073e-5
0.264, -6.997e-5
0.263, -6.913e-5
0.262, -6.835e-5
0.261, -6.756e-5
0.260, -6.692e-5
0.259, -6.604e-5
0.258, -6.524e-5
0.257, -6.447e-5
0.256, -6.361e-5
0.255, -6.278e-5
0.254, -6.200e-5
0.253, -6.127e-5
0.252, -6.044e-5
0.251, -5.964e-5
0.250, -5.897e-5
0.249, -5.823e-5
0.248, -5.762e-5
0.247, -5.703e-5
0.246, -5.645e-5
0.245, -5.589e-5
0.244, -5.523e-5
0.243, -5.460e-5
0.242, -5.405e-5
0.241, -5.351e-5
0.240, -5.296e-5
0.239, -5.243e-5
0.238, -5.184e-5
0.237, -5.134e-5
0.236, -5.083e-5
0.235, -5.028e-5
0.234, -4.976e-5
0.233, -4.924e-5
0.232, -4.880e-5
0.231, -4.827e-5
0.230, -4.779e-5
0.229, -4.737e-5
0.228, -4.694e-5
0.227, -4.651e-5
0.226, -4.606e-5
0.225, -4.564e-5
0.224, -4.527e-5
0.223, -4.488e-5
0.222, -4.448e-5
0.221, -4.411e-5
0.220, -4.376e-5
0.219, -4.345e-5
0.218, -4.304e-5
0.217, -4.266e-5
0.216, -4.232e-5
0.215, -4.199e-5
0.214, -4.167e-5
0.213, -4.128e-5
0.212, -4.100e-5
0.211, -4.059e-5
0.210, -4.020e-5
0.209, -3.996e-5
0.208, -3.956e-5
0.207, -3.923e-5
0.206, -3.882e-5
0.205, -3.847e-5
0.204, -3.810e-5
0.203, -3.773e-5
0.202, -3.756e-5
0.201, -3.726e-5
0.200, -3.457e-5
0.201, -2.957e-5
0.202, -2.773e-5
0.203, -2.649e-5
0.204, -2.540e-5
0.205, -2.464e-5
0.206, -2.369e-5
0.207, -2.288e-5
0.208, -2.222e-5
0.209, -2.169e-5
0.210, -2.109e-5
0.211, -2.052e-5
0.212, -2.002e-5
0.213, -1.956e-5
0.214, -1.915e-5
0.215, -1.868e-5
0.216, -1.831e-5
0.217, -1.787e-5
0.218, -1.756e-5
0.219, -1.714e-5
0.220, -1.668e-5
0.221, -1.648e-5
0.222, -1.601e-5
0.223, -1.563e-5
0.224, -1.523e-5
0.225, -1.488e-5
0.226, -1.455e-5
0.227, -1.425e-5
0.228, -1.381e-5
0.229, -1.346e-5
0.230, -1.320e-5
0.231, -1.277e-5
0.232, -1.245e-5
0.233, -1.221e-5
0.234, -1.190e-5
0.235, -1.163e-5
0.236, -1.131e-5
0.237, -1.107e-5
0.238, -1.072e-5
0.239, -1.043e-5
0.240, -1.027e-5
0.241, -9.930e-6
0.242, -9.637e-6
0.243, -9.412e-6
0.244, -9.090e-6
0.245, -8.924e-6
0.246, -8.592e-6
0.247, -8.416e-6
0.248, -8.133e-6
0.249, -7.850e-6
0.250, -7.567e-6
0.251, -7.411e-6
0.252, -7.147e-6
0.253, -6.932e-6
0.254, -6.688e-6
0.255, -6.434e-6
0.256, -6.268e-6
0.257, -5.975e-6
0.258, -5.722e-6
0.259, -5.536e-6
0.260, -5.321e-6
0.261, -5.067e-6
0.262, -4.804e-6
0.263, -4.569e-6
0.264, -4.364e-6
0.265, -4.071e-6
0.266, -3.857e-6
0.267, -3.574e-6
0.268, -3.398e-6
0.269, -3.310e-6
0.270, -2.988e-6
0.271, -2.685e-6
0.272, -2.460e-6
0.273, -2.265e-6
0.274, -1.992e-6
0.275, -1.689e-6
0.276, -1.455e-6
0.277, -1.191e-6
0.278, -1.035e-6
0.279, -8.006e-7
0.280, -4.589e-7
0.281, -1.953e-7
0.282, 9.763e-9
0.283, 2.246e-7
0.284, 5.077e-7
0.285, 7.323e-7
0.286, 1.045e-6
0.287, 1.230e-6
0.288, 1.474e-6
0.289, 1.806e-6
0.290, 2.060e-6
0.291, 2.265e-6
0.292, 2.597e-6
0.293, 2.871e-6
0.294, 3.085e-6
0.295, 3.349e-6
0.296, 3.583e-6
0.297, 3.974e-6
0.298, 4.198e-6
0.299, 4.579e-6
0.300, 4.745e-6
0.301, 5.067e-6
0.302, 5.380e-6
0.303, 5.653e-6
0.304, 5.946e-6
0.305, 6.259e-6
0.306, 6.571e-6
0.307, 7.010e-6
0.308, 7.352e-6
0.309, 7.557e-6
0.310, 7.928e-6
0.311, 8.241e-6
0.312, 8.592e-6
0.313, 8.944e-6
0.314, 9.305e-6
0.315, 9.617e-6
0.316, 9.949e-6
0.317, 1.028e-5
0.318, 1.077e-5
0.319, 1.109e-5
0.320, 1.136e-5
0.321, 1.179e-5
0.322, 1.217e-5
0.323, 1.260e-5
0.324, 1.296e-5
0.325, 1.329e-5
0.326, 1.373e-5
0.327, 1.421e-5
0.328, 1.455e-5
0.329, 1.492e-5
0.330, 1.529e-5
0.331, 1.566e-5
0.332, 1.614e-5
0.333, 1.656e-5
0.334, 1.694e-5
0.335, 1.743e-5
0.336, 1.777e-5
0.337, 1.830e-5
0.338, 1.875e-5
0.339, 1.920e-5
0.340, 1.960e-5
0.341, 2.000e-5
0.342, 2.051e-5
0.343, 2.098e-5
0.344, 2.154e-5
0.345, 2.206e-5
0.346, 2.250e-5
0.347, 2.304e-5
0.348, 2.364e-5
0.349, 2.416e-5
0.350, 2.470e-5
0.351, 2.520e-5
0.352, 2.576e-5
0.353, 2.635e-5
0.354, 2.678e-5
0.355, 2.741e-5
0.356, 2.781e-5
0.357, 2.840e-5
0.358, 2.896e-5
0.359, 2.953e-5
0.360, 3.005e-5
0.361, 3.063e-5
0.362, 3.121e-5
0.363, 3.181e-5
0.364, 3.248e-5
0.365, 3.320e-5
0.366, 3.385e-5
0.367, 3.450e-5
0.368, 3.519e-5
0.369, 3.594e-5
0.370, 3.658e-5
0.371, 3.723e-5
0.372, 3.782e-5
0.373, 3.851e-5
0.374, 3.929e-5
0.375, 3.989e-5
0.376, 4.062e-5
0.377, 4.142e-5
0.378, 4.215e-5
0.379, 4.292e-5
0.380, 4.374e-5
0.381, 4.455e-5
0.382, 4.543e-5
0.383, 4.628e-5
0.384, 4.712e-5
0.385, 4.813e-5
0.386, 4.890e-5
0.387, 4.981e-5
0.388, 5.055e-5
0.389, 5.155e-5
0.390, 5.251e-5
0.391, 5.333e-5
0.392, 5.418e-5
0.393, 5.526e-5
0.394, 5.624e-5
0.395, 5.745e-5
0.396, 5.860e-5
0.397, 5.949e-5
0.398, 6.068e-5
0.399, 6.179e-5
0.400, 6.306e-5
0.401, 6.418e-5
0.402, 6.519e-5
0.403, 6.642e-5
0.404, 6.780e-5
0.405, 6.925e-5
0.406, 7.072e-5
0.407, 7.201e-5
0.408, 7.360e-5
0.409, 7.480e-5
0.410, 7.370e-5
0.411, 7.671e-5
0.412, 7.880e-5
0.413, 8.067e-5
0.414, 8.288e-5
0.415, 8.518e-5
0.416, 8.740e-5
0.417, 8.964e-5
0.418, 9.178e-5
0.419, 9.446e-5
0.420, 9.732e-5
0.421, 1.004e-4
0.422, 1.033e-4
0.423, 1.065e-4
0.424, 1.105e-4
0.425, 1.147e-4
0.426, 1.187e-4
0.427, 1.237e-4
0.428, 1.286e-4
0.429, 1.346e-4
0.430, 1.408e-4
0.431, 1.478e-4
0.432, 1.555e-4
0.433, 1.640e-4
0.434, 1.730e-4
0.435, 1.835e-4
0.436, 1.951e-4
0.437, 2.074e-4
0.438, 2.211e-4
0.439, 2.360e-4
0.440, 2.522e-4
0.441, 2.703e-4
0.442, 2.901e-4
0.443, 3.116e-4
0.444, 3.346e-4
0.445, 3.596e-4
0.446, 3.867e-4
0.447, 4.159e-4
0.448, 4.469e-4
0.449, 4.799e-4
0.450, 5.153e-4
0.451, 5.531e-4
0.452, 5.928e-4
0.453, 6.348e-4
0.454, 6.795e-4
0.455, 7.262e-4
0.456, 7.751e-4
0.457, 8.263e-4
0.458, 8.786e-4
0.459, 9.330e-4
0.460, 9.889e-4
0.461, 1.047e-3
0.462, 1.106e-3
0.463, 1.165e-3
0.464, 1.225e-3
0.465, 1.286e-3
0.466, 1.348e-3
0.467, 1.409e-3
0.468, 1.471e-3
0.469, 1.532e-3
0.470, 1.593e-3
0.471, 1.653e-3
0.472, 1.712e-3
0.473, 1.771e-3
0.474, 1.828e-3
0.475, 1.884e-3
0.476, 1.940e-3
0.477, 1.994e-3
0.478, 2.046e-3
0.479, 2.097e-3
0.480, 2.147e-3
0.481, 2.194e-3
0.482, 2.240e-3
0.483, 2.284e-3
0.484, 2.327e-3
0.485, 2.367e-3
0.486, 2.406e-3
0.487, 2.442e-3
0.488, 2.476e-3
0.489, 2.508e-3
0.490, 2.536e-3
0.491, 2.562e-3
0.492, 2.586e-3
0.493, 2.607e-3
0.494, 2.626e-3
0.495, 2.640e-3
0.496, 2.652e-3
0.497, 2.661e-3
0.498, 2.665e-3
0.499, 2.665e-3
0.500, 2.662e-3
0.501, 2.655e-3
0.502, 2.643e-3
0.503, 2.627e-3
0.504, 2.606e-3
0.505, 2.580e-3
0.506, 2.550e-3
0.507, 2.514e-3
0.508, 2.473e-3
0.509, 2.427e-3
0.510, 2.376e-3
0.511, 2.320e-3
0.512, 2.261e-3
0.513, 2.199e-3
0.514, 2.131e-3
0.515, 2.060e-3
0.516, 1.987e-3
0.517, 1.912e-3
0.518, 1.837e-3
0.519, 1.761e-3
0.520, 1.686e-3
0.521, 1.611e-3
0.522, 1.536e-3
0.523, 1.463e-3
0.524, 1.391e-3
0.525, 1.319e-3
0.526, 1.250e-3
0.527, 1.183e-3
0.528, 1.118e-3
0.529, 1.054e-3
0.530, 9.933e-4
0.531, 9.351e-4
0.532, 8.796e-4
0.533, 8.265e-4
0.534, 7.775e-4
0.535, 7.309e-4
0.536, 6.883e-4
0.537, 6.492e-4
0.538, 6.139e-4
0.539, 5.814e-4
0.540, 5.518e-4
0.541, 5.250e-4
0.542, 5.012e-4
0.543, 4.791e-4
0.544, 4.601e-4
0.545, 4.429e-4
0.546, 4.271e-4
0.547, 4.135e-4
0.548, 4.016e-4
0.549, 3.903e-4
0.550, 3.806e-4
0.551, 3.712e-4
0.552, 3.641e-4
0.553, 3.577e-4
0.554, 3.513e-4
0.555, 3.466e-4
0.556, 3.425e-4
0.557, 3.389e-4
0.558, 3.357e-4
0.559, 3.329e-4
0.560, 3.306e-4
0.561, 3.286e-4
0.562, 3.267e-4
0.563, 3.263e-4
0.564, 3.259e-4
0.565, 3.256e-4
0.566, 3.262e-4
0.567, 3.267e-4
0.568, 3.280e-4
0.569, 3.294e-4
0.570, 3.311e-4
0.571, 3.334e-4
0.572, 3.358e-4
0.573, 3.387e-4
0.574, 3.426e-4
0.575, 3.459e-4
0.576, 3.491e-4
0.577, 3.538e-4
0.578, 3.590e-4
0.579, 3.645e-4
0.580, 3.700e-4
0.581, 3.757e-4
0.582, 3.825e-4
0.583, 3.898e-4
0.584, 3.974e-4
0.585, 4.052e-4
0.586, 4.137e-4
0.587, 4.224e-4
0.588, 4.323e-4
0.589, 4.423e-4
0.590, 4.530e-4
0.591, 4.638e-4
0.592, 4.750e-4
0.593, 4.871e-4
0.594, 4.996e-4
0.595, 5.129e-4
0.596, 5.264e-4
0.597, 5.410e-4
0.598, 5.558e-4
0.599, 5.711e-4
0.600, 5.875e-4
0.601, 6.043e-4
0.602, 6.204e-4
0.603, 6.391e-4
0.604, 6.578e-4
0.605, 6.771e-4
0.606, 6.974e-4
0.607, 7.179e-4
0.608, 7.392e-4
0.609, 7.614e-4
0.610, 7.840e-4
0.611, 8.073e-4
0.612, 8.314e-4
0.613, 8.560e-4
0.614, 8.808e-4
0.615, 9.051e-4
0.616, 9.321e-4
0.617, 9.597e-4
0.618, 9.872e-4
0.619, 1.016e-3
0.620, 1.045e-3
0.621, 1.075e-3
0.622, 1.105e-3
0.623, 1.136e-3
0.624, 1.167e-3
0.625, 1.199e-3
0.626, 1.232e-3
0.627, 1.265e-3
0.628, 1.299e-3
0.629, 1.334e-3
0.630, 1.369e-3
0.631, 1.404e-3
0.632, 1.440e-3
0.633, 1.477e-3
0.634, 1.515e-3
0.635, 1.553e-3
0.636, 1.591e-3
0.637, 1.630e-3
0.638, 1.670e-3
0.639, 1.709e-3
0.640, 1.750e-3
0.641, 1.792e-3
0.642, 1.833e-3
0.643, 1.875e-3
0.644, 1.917e-3
0.645, 1.961e-3
0.646, 2.004e-3
0.647, 2.048e-3
0.648, 2.092e-3
0.649, 2.137e-3
0.650, 2.182e-3
0.651, 2.227e-3
0.652, 2.273e-3
0.653, 2.319e-3
0.654, 2.366e-3
0.655, 2.413e-3
0.656, 2.461e-3
0.657, 2.508e-3
0.658, 2.556e-3
0.659, 2.605e-3
0.660, 2.654e-3
0.661, 2.703e-3
0.662, 2.753e-3
0.663, 2.802e-3
0.664, 2.853e-3
0.665, 2.903e-3
0.666, 2.954e-3
0.667, 3.006e-3
0.668, 3.057e-3
0.669, 3.109e-3
0.670, 3.162e-3
0.671, 3.214e-3
0.672, 3.266e-3
0.673, 3.320e-3
0.674, 3.373e-3
0.675, 3.427e-3
0.676, 3.480e-3
0.677, 3.534e-3
0.678, 3.589e-3
0.679, 3.643e-3
0.680, 3.698e-3
0.681, 3.752e-3
0.682, 3.808e-3
0.683, 3.864e-3
0.684, 3.919e-3
0.685, 3.975e-3
0.686, 4.032e-3
0.687, 4.088e-3
0.688, 4.145e-3
0.689, 4.202e-3
0.690, 4.258e-3
0.691, 4.316e-3
0.692, 4.374e-3
0.693, 4.432e-3
0.694, 4.490e-3
0.695, 4.547e-3
0.696, 4.605e-3
0.697, 4.664e-3
0.698, 4.723e-3
0.699, 4.782e-3
0.700, 4.841e-3
0.701, 4.900e-3
0.702, 4.959e-3
0.703, 5.019e-3
0.704, 5.078e-3
0.705, 5.138e-3
0.706, 5.198e-3
0.707, 5.258e-3
0.708, 5.318e-3
0.709, 5.378e-3
0.710, 5.439e-3
0.711, 5.500e-3
0.712, 5.561e-3
0.713, 5.623e-3
0.714, 5.683e-3
0.715, 5.745e-3
0.716, 5.806e-3
0.717, 5.870e-3
0.718, 5.933e-3
0.719, 5.995e-3
0.720, 6.057e-3
0.721, 6.119e-3
0.722, 6.181e-3
0.723, 6.243e-3
0.724, 6.306e-3
0.725, 6.369e-3
0.726, 6.432e-3
0.727, 6.494e-3
0.728, 6.558e-3
0.729, 6.621e-3
0.730, 6.684e-3
0.731, 6.747e-3
0.732, 6.811e-3
0.733, 6.874e-3
0.734, 6.938e-3
0.735, 7.002e-3
0.736, 7.066e-3
0.737, 7.130e-3
0.738, 7.194e-3
0.739, 7.258e-3
0.740, 7.323e-3
0.741, 7.387e-3
0.742, 7.451e-3
0.743, 7.516e-3
0.744, 7.581e-3
0.745, 7.646e-3
0.746, 7.710e-3
0.747, 7.776e-3
0.748, 7.841e-3
0.749, 7.906e-3
0.750, 7.971e-3
0.751, 8.037e-3
0.752, 8.102e-3
0.753, 8.167e-3
0.754, 8.233e-3
0.755, 8.298e-3
0.756, 8.364e-3
0.757, 8.429e-3
0.758, 8.495e-3
0.759, 8.561e-3
0.760, 8.627e-3
0.761, 8.693e-3
0.762, 8.760e-3
0.763, 8.826e-3
0.764, 8.892e-3
0.765, 8.958e-3
0.766, 9.024e-3
0.767, 9.091e-3
0.768, 9.158e-3
0.769, 9.225e-3
0.770, 9.291e-3
0.771, 9.359e-3
0.772, 9.425e-3
0.773, 9.492e-3
0.774, 9.560e-3
0.775, 9.627e-3
0.776, 9.694e-3
0.777, 9.761e-3
0.778, 9.829e-3
0.779, 9.896e-3
0.780, 9.963e-3
0.781, 1.003e-2
0.782, 1.010e-2
0.783, 1.017e-2
0.784, 1.023e-2
0.785, 1.030e-2
0.786, 1.037e-2
0.787, 1.044e-2
0.788, 1.050e-2
0.789, 1.057e-2
0.790, 1.064e-2
0.791, 1.071e-2
0.792, 1.078e-2
0.793, 1.084e-2
0.794, 1.091e-2
0.795, 1.098e-2
0.796, 1.105e-2
0.797, 1.112e-2
0.798, 1.119e-2
0.799, 1.126e-2
0.800, 1.130e-2
0.799, 1.126e-2
0.798, 1.119e-2
0.797, 1.112e-2
0.796, 1.105e-2
0.795, 1.098e-2
0.794, 1.090e-2
0.793, 1.083e-2
0.792, 1.076e-2
0.791, 1.070e-2
0.790, 1.063e-2
0.789, 1.056e-2
0.788, 1.049e-2
0.787, 1.042e-2
0.786, 1.035e-2
0.785, 1.028e-2
0.784, 1.021e-2
0.783, 1.014e-2
0.782, 1.007e-2
0.781, 1.000e-2
0.780, 9.936e-3
0.779, 9.867e-3
0.778, 9.799e-3
0.777, 9.730e-3
0.776, 9.661e-3
0.775, 9.593e-3
0.774, 9.525e-3
0.773, 9.456e-3
0.772, 9.388e-3
0.771, 9.320e-3
0.770, 9.252e-3
0.769, 9.185e-3
0.768, 9.117e-3
0.767, 9.049e-3
0.766, 8.982e-3
0.765, 8.914e-3
0.764, 8.847e-3
0.763, 8.780e-3
0.762, 8.713e-3
0.761, 8.646e-3
0.760, 8.578e-3
0.759, 8.511e-3
0.758, 8.445e-3
0.757, 8.378e-3
0.756, 8.311e-3
0.755, 8.245e-3
0.754, 8.178e-3
0.753, 8.112e-3
0.752, 8.046e-3
0.751, 7.980e-3
0.750, 7.914e-3
0.749, 7.848e-3
0.748, 7.782e-3
0.747, 7.716e-3
0.746, 7.650e-3
0.745, 7.585e-3
0.744, 7.519e-3
0.743, 7.454e-3
0.742, 7.389e-3
0.741, 7.323e-3
0.740, 7.258e-3
0.739, 7.194e-3
0.738, 7.129e-3
0.737, 7.064e-3
0.736, 6.999e-3
0.735, 6.934e-3
0.734, 6.870e-3
0.733, 6.806e-3
0.732, 6.742e-3
0.731, 6.678e-3
0.730, 6.613e-3
0.729, 6.550e-3
0.728, 6.487e-3
0.727, 6.423e-3
0.726, 6.360e-3
0.725, 6.297e-3
0.724, 6.234e-3
0.723, 6.171e-3
0.722, 6.107e-3
0.721, 6.045e-3
0.720, 5.982e-3
0.719, 5.920e-3
0.718, 5.858e-3
0.717, 5.794e-3
0.716, 5.730e-3
0.715, 5.668e-3
0.714, 5.607e-3
0.713, 5.545e-3
0.712, 5.484e-3
0.711, 5.422e-3
0.710, 5.361e-3
0.709, 5.300e-3
0.708, 5.239e-3
0.707, 5.179e-3
0.706, 5.118e-3
0.705, 5.058e-3
0.704, 4.998e-3
0.703, 4.938e-3
0.702, 4.879e-3
0.701, 4.819e-3
0.700, 4.760e-3
0.699, 4.700e-3
0.698, 4.641e-3
0.697, 4.582e-3
0.696, 4.523e-3
0.695, 4.465e-3
0.694, 4.406e-3
0.693, 4.348e-3
0.692, 4.290e-3
0.691, 4.233e-3
0.690, 4.175e-3
0.689, 4.117e-3
0.688, 4.061e-3
0.687, 4.004e-3
0.686, 3.947e-3
0.685, 3.890e-3
0.684, 3.834e-3
0.683, 3.778e-3
0.682, 3.722e-3
0.681, 3.666e-3
0.680, 3.611e-3
0.679, 3.556e-3
0.678, 3.502e-3
0.677, 3.447e-3
0.676, 3.392e-3
0.675, 3.339e-3
0.674, 3.284e-3
0.673, 3.231e-3
0.672, 3.178e-3
0.671, 3.124e-3
0.670, 3.072e-3
0.669, 3.019e-3
0.668, 2.967e-3
0.667, 2.915e-3
0.666, 2.863e-3
0.665, 2.812e-3
0.664, 2.760e-3
0.663, 2.710e-3
0.662, 2.660e-3
0.661, 2.610e-3
0.660, 2.560e-3
0.659, 2.511e-3
0.658, 2.461e-3
0.657, 2.412e-3
0.656, 2.364e-3
0.655, 2.316e-3
0.654, 2.268e-3
0.653, 2.220e-3
0.652, 2.174e-3
0.651, 2.127e-3
0.650, 2.081e-3
0.649, 2.035e-3
0.648, 1.989e-3
0.647, 1.944e-3
0.646, 1.899e-3
0.645, 1.854e-3
0.644, 1.811e-3
0.643, 1.767e-3
0.642, 1.724e-3
0.641, 1.681e-3
0.640, 1.639e-3
0.639, 1.597e-3
0.638, 1.555e-3
0.637, 1.514e-3
0.636, 1.474e-3
0.635, 1.434e-3
0.634, 1.394e-3
0.633, 1.355e-3
0.632, 1.317e-3
0.631, 1.278e-3
0.630, 1.241e-3
0.629, 1.204e-3
0.628, 1.167e-3
0.627, 1.132e-3
0.626, 1.097e-3
0.625, 1.061e-3
0.624, 1.027e-3
0.623, 9.932e-4
0.622, 9.598e-4
0.621, 9.267e-4
0.620, 8.943e-4
0.619, 8.625e-4
0.618, 8.311e-4
0.617, 8.005e-4
0.616, 7.702e-4
0.615, 7.405e-4
0.614, 7.130e-4
0.613, 6.841e-4
0.612, 6.564e-4
0.611, 6.287e-4
0.610, 6.019e-4
0.609, 5.764e-4
0.608, 5.506e-4
0.607, 5.254e-4
0.606, 5.011e-4
0.605, 4.776e-4
0.604, 4.542e-4
0.603, 4.316e-4
0.602, 4.097e-4
0.601, 3.883e-4
0.600, 3.668e-4
0.599, 3.462e-4
0.598, 3.265e-4
0.597, 3.074e-4
0.596, 2.885e-4
0.595, 2.703e-4
0.594, 2.524e-4
0.593, 2.359e-4
0.592, 2.194e-4
0.591, 2.032e-4
0.590, 1.880e-4
0.589, 1.727e-4
0.588, 1.579e-4
0.587, 1.441e-4
0.586, 1.306e-4
0.585, 1.180e-4
0.584, 1.053e-4
0.583, 9.280e-5
0.582, 8.097e-5
0.581, 6.975e-5
0.580, 5.891e-5
0.579, 4.866e-5
0.578, 3.843e-5
0.577, 2.911e-5
0.576, 2.039e-5
0.575, 1.127e-5
0.574, 2.285e-6
0.573, -6.190e-6
0.572, -1.447e-5
0.571, -2.187e-5
0.570, -2.928e-5
0.569, -3.639e-5
0.568, -4.340e-5
0.567, -4.981e-5
0.566, -5.598e-5
0.565, -6.201e-5
0.564, -6.777e-5
0.563, -7.339e-5
0.562, -7.898e-5
0.561, -8.406e-5
0.560, -8.898e-5
0.559, -9.321e-5
0.558, -9.755e-5
0.557, -1.020e-4
0.556, -1.061e-4
0.555, -1.103e-4
0.554, -1.148e-4
0.553, -1.180e-4
0.552, -1.211e-4
0.551, -1.249e-4
0.550, -1.276e-4
0.549, -1.311e-4
0.548, -1.342e-4
0.547, -1.372e-4
0.546, -1.406e-4
0.545, -1.432e-4
0.544, -1.456e-4
0.543, -1.486e-4
0.542, -1.509e-4
0.541, -1.535e-4
0.540, -1.558e-4
0.539, -1.581e-4
0.538, -1.605e-4
0.537, -1.630e-4
0.536, -1.653e-4
0.535, -1.673e-4
0.534, -1.687e-4
0.533, -1.706e-4
0.532, -1.727e-4
0.531, -1.745e-4
0.530, -1.761e-4
0.529, -1.774e-4
0.528, -1.794e-4
0.527, -1.811e-4
0.526, -1.824e-4
0.525, -1.841e-4
0.524, -1.854e-4
0.523, -1.874e-4
0.522, -1.890e-4
0.521, -1.903e-4
0.520, -1.920e-4
0.519, -1.936e-4
0.518, -1.953e-4
0.517, -1.972e-4
0.516, -1.983e-4
0.515, -1.994e-4
0.514, -2.011e-4
0.513, -2.024e-4
0.512, -2.061e-4
0.511, -2.085e-4
0.510, -2.086e-4
0.509, -2.099e-4
0.508, -2.110e-4
0.507, -2.122e-4
0.506, -2.138e-4
0.505, -2.150e-4
0.504, -2.164e-4
0.503, -2.182e-4
0.502, -2.194e-4
0.501, -2.210e-4
0.500, -2.224e-4
0.499, -2.234e-4
0.498, -2.251e-4
0.497, -2.266e-4
0.496, -2.284e-4
0.495, -2.304e-4
0.494, -2.324e-4
0.493, -2.342e-4
0.492, -2.362e-4
0.491, -2.381e-4
0.490, -2.402e-4
0.489, -2.419e-4
0.488, -2.438e-4
0.487, -2.458e-4
0.486, -2.482e-4
0.485, -2.504e-4
0.484, -2.522e-4
0.483, -2.539e-4
0.482, -2.570e-4
0.481, -2.594e-4
0.480, -2.620e-4
0.479, -2.647e-4
0.478, -2.672e-4
0.477, -2.703e-4
0.476, -2.730e-4
0.475, -2.754e-4
0.474, -2.783e-4
0.473, -2.813e-4
0.472, -2.849e-4
0.471, -2.886e-4
0.470, -2.922e-4
0.469, -2.963e-4
0.468, -3.001e-4
0.467, -3.039e-4
0.466, -3.087e-4
0.465, -3.131e-4
0.464, -3.173e-4
0.463, -3.221e-4
0.462, -3.267e-4
0.461, -3.321e-4
0.460, -3.380e-4
0.459, -3.438e-4
0.458, -3.496e-4
0.457, -3.558e-4
0.456, -3.621e-4
0.455, -3.690e-4
0.454, -3.759e-4
0.453, -3.835e-4
0.452, -3.907e-4
0.451, -3.982e-4
0.450, -4.065e-4
0.449, -4.147e-4
0.448, -4.238e-4
0.447, -4.331e-4
0.446, -4.427e-4
0.445, -4.532e-4
0.444, -4.638e-4
0.443, -4.747e-4
0.442, -4.865e-4
0.441, -4.987e-4
0.440, -5.112e-4
0.439, -5.240e-4
0.438, -5.368e-4
0.437, -5.506e-4
0.436, -5.649e-4
0.435, -5.800e-4
0.434, -5.953e-4
0.433, -6.105e-4
0.432, -6.261e-4
0.431, -6.426e-4
0.430, -6.592e-4
0.429, -6.764e-4
0.428, -6.936e-4
0.427, -7.110e-4
0.426, -7.291e-4
0.425, -7.468e-4
0.424, -7.655e-4
0.423, -7.845e-4
0.422, -8.028e-4
0.421, -8.220e-4
0.420, -8.417e-4
0.419, -8.603e-4
0.418, -8.797e-4
0.417, -8.996e-4
0.416, -9.194e-4
0.415, -9.390e-4
0.414, -9.587e-4
0.413, -9.787e-4
0.412, -9.986e-4
0.411, -1.019e-3
0.410, -1.036e-3
0.409, -1.047e-3
0.408, -1.068e-3
0.407, -1.089e-3
0.406, -1.110e-3
0.405, -1.131e-3
0.404, -1.152e-3
0.403, -1.174e-3
0.402, -1.196e-3
0.401, -1.218e-3
0.400, -1.239e-3
0.399, -1.262e-3
0.398, -1.284e-3
0.397, -1.306e-3
0.396, -1.329e-3
0.395, -1.352e-3
0.394, -1.375e-3
0.393, -1.398e-3
0.392, -1.422e-3
0.391, -1.446e-3
0.390, -1.469e-3
0.389, -1.494e-3
0.388, -1.518e-3
0.387, -1.543e-3
0.386, -1.567e-3
0.385, -1.592e-3
0.384, -1.616e-3
0.383, -1.641e-3
0.382, -1.665e-3
0.381, -1.688e-3
0.380, -1.712e-3
0.379, -1.734e-3
0.378, -1.757e-3
0.377, -1.779e-3
0.376, -1.800e-3
0.375, -1.821e-3
0.374, -1.841e-3
0.373, -1.860e-3
0.372, -1.878e-3
0.371, -1.894e-3
0.370, -1.909e-3
0.369, -1.924e-3
0.368, -1.935e-3
0.367, -1.946e-3
0.366, -1.954e-3
0.365, -1.960e-3
0.364, -1.963e-3
0.363, -1.964e-3
0.362, -1.962e-3
0.361, -1.957e-3
0.360, -1.948e-3
0.359, -1.934e-3
0.358, -1.917e-3
0.357, -1.895e-3
0.356, -1.868e-3
0.355, -1.836e-3
0.354, -1.799e-3
0.353, -1.756e-3
0.352, -1.708e-3
0.351, -1.654e-3
0.350, -1.594e-3
0.349, -1.530e-3
0.348, -1.460e-3
0.347, -1.387e-3
0.346, -1.310e-3
0.345, -1.231e-3
0.344, -1.151e-3
0.343, -1.071e-3
0.342, -9.933e-4
0.341, -9.186e-4
0.340, -8.470e-4
0.339, -7.801e-4
0.338, -7.181e-4
0.337, -6.609e-4
0.336, -6.093e-4
0.335, -5.631e-4
0.334, -5.214e-4
0.333, -4.841e-4
0.332, -4.508e-4
0.331, -4.206e-4
0.330, -3.942e-4
0.329, -3.705e-4
0.328, -3.490e-4
0.327, -3.295e-4
0.326, -3.120e-4
0.325, -2.961e-4
0.324, -2.816e-4
0.323, -2.686e-4
0.322, -2.565e-4
0.321, -2.456e-4
0.320, -2.352e-4
0.319, -2.259e-4
0.318, -2.176e-4
0.317, -2.095e-4
0.316, -2.018e-4
0.315, -1.951e-4
0.314, -1.889e-4
0.313, -1.828e-4
0.312, -1.771e-4
0.311, -1.720e-4
0.310, -1.672e-4
0.309, -1.625e-4
0.308, -1.579e-4
0.307, -1.542e-4
0.306, -1.500e-4
0.305, -1.460e-4
0.304, -1.425e-4
0.303, -1.391e-4
0.302, -1.356e-4
0.301, -1.325e-4
0.300, -1.296e-4
0.299, -1.266e-4
0.298, -1.238e-4
0.297, -1.212e-4
0.296, -1.189e-4
0.295, -1.166e-4
0.294, -1.143e-4
0.293, -1.119e-4
0.292, -1.095e-4
0.291, -1.074e-4
0.290, -1.055e-4
0.289, -1.036e-4
0.288, -1.018e-4
0.287, -1.000e-4
0.286, -9.818e-5
0.285, -9.641e-5
0.284, -9.486e-5
0.283, -9.333e-5
0.282, -9.202e-5
0.281, -9.057e-5
0.280, -8.903e-5
0.279, -8.770e-5
0.278, -8.610e-5
0.277, -8.479e-5
0.276, -8.348e-5
0.275, -8.215e-5
0.274, -8.095e-5
0.273, -7.987e-5
0.272, -7.875e-5
0.271, -7.763e-5
0.270, -7.649e-5
0.269, -7.540e-5
0.268, -7.432e-5
0.267, -7.325e-5
0.266, -7.234e-5
0.265, -7.132e-5
0.264, -7.050e-5
0.263, -6.963e-5
0.262, -6.889e-5
0.261, -6.822e-5
0.260, -6.744e-5
0.259, -6.669e-5
0.258, -6.587e-5
0.257, -6.514e-5
0.256, -6.424e-5
0.255, -6.348e-5
0.254, -6.264e-5
0.253, -6.177e-5
0.252, -6.104e-5
0.251, -6.020e-5
0.250, -5.957e-5
0.249, -5.888e-5
0.248, -5.824e-5
0.247, -5.752e-5
0.246, -5.693e-5
0.245, -5.633e-5
0.244, -5.570e-5
0.243, -5.511e-5
0.242, -5.462e-5
0.241, -5.403e-5
0.240, -5.348e-5
0.239, -5.287e-5
0.238, -5.234e-5
0.237, -5.185e-5
0.236, -5.132e-5
0.235, -5.076e-5
0.234, -5.026e-5
0.233, -4.962e-5
0.232, -4.919e-5
0.231, -4.878e-5
0.230, -4.836e-5
0.229, -4.777e-5
0.228, -4.725e-5
0.227, -4.686e-5
0.226, -4.648e-5
0.225, -4.604e-5
0.224, -4.566e-5
0.223, -4.526e-5
0.222, -4.487e-5
0.221, -4.456e-5
0.220, -4.416e-5
0.219, -4.378e-5
0.218, -4.343e-5
0.217, -4.301e-5
0.216, -4.273e-5
0.215, -4.239e-5
0.214, -4.202e-5
0.213, -4.169e-5
0.212, -4.131e-5
0.211, -4.098e-5
0.210, -4.060e-5
0.209, -4.030e-5
0.208, -3.994e-5
0.207, -3.962e-5
0.206, -3.922e-5
0.205, -3.878e-5
0.204, -3.850e-5
0.203, -3.826e-5
0.202, -3.792e-5
0.201, -3.756e-5
0.200, -3.493e-5
0.201, -2.997e-5
0.202, -2.803e-5
0.203, -2.673e-5
0.204, -2.570e-5
0.205, -2.487e-5
0.206, -2.395e-5
0.207, -2.316e-5
0.208, -2.245e-5
0.209, -2.182e-5
0.210, -2.129e-5
0.211, -2.073e-5
0.212, -2.023e-5
0.213, -1.983e-5
0.214, -1.934e-5
0.215, -1.893e-5
0.216, -1.851e-5
0.217, -1.812e-5
0.218, -1.780e-5
0.219, -1.738e-5
0.220, -1.695e-5
0.221, -1.660e-5
0.222, -1.627e-5
0.223, -1.583e-5
0.224, -1.546e-5
0.225, -1.509e-5
0.226, -1.481e-5
0.227, -1.447e-5
0.228, -1.403e-5
0.229, -1.368e-5
0.230, -1.336e-5
0.231, -1.306e-5
0.232, -1.274e-5
0.233, -1.238e-5
0.234, -1.217e-5
0.235, -1.183e-5
0.236, -1.151e-5
0.237, -1.122e-5
0.238, -1.095e-5
0.239, -1.063e-5
0.240, -1.037e-5
0.241, -1.014e-5
0.242, -9.949e-6
0.243, -9.637e-6
0.244, -9.324e-6
0.245, -9.022e-6
0.246, -8.768e-6
0.247, -8.543e-6
0.248, -8.348e-6
0.249, -7.997e-6
0.250, -7.909e-6
0.251, -7.528e-6
0.252, -7.352e-6
0.253, -7.098e-6
0.254, -6.864e-6
0.255, -6.610e-6
0.256, -6.386e-6
0.257, -6.083e-6
0.258, -5.956e-6
0.259, -5.702e-6
0.260, -5.477e-6
0.261, -5.214e-6
0.262, -4.960e-6
0.263, -4.726e-6
0.264, -4.491e-6
0.265, -4.237e-6
0.266, -4.013e-6
0.267, -3.730e-6
0.268, -3.564e-6
0.269, -3.349e-6
0.270, -3.076e-6
0.271, -2.929e-6
0.272, -2.656e-6
0.273, -2.353e-6
0.274, -2.099e-6
0.275, -1.787e-6
0.276, -1.562e-6
0.277, -1.308e-6
0.278, -1.064e-6
0.279, -7.713e-7
0.280, -5.468e-7
0.281, -3.222e-7
0.282, -7.811e-8
0.283, 1.757e-7
0.284, 4.491e-7
0.285, 6.737e-7
0.286, 9.276e-7
0.287, 1.279e-6
0.288, 1.474e-6
0.289, 1.767e-6
0.290, 2.011e-6
0.291, 2.265e-6
0.292, 2.548e-6
0.293, 2.861e-6
0.294, 3.066e-6
0.295, 3.378e-6
0.296, 3.671e-6
0.297, 3.935e-6
0.298, 4.130e-6
0.299, 4.482e-6
0.300, 4.774e-6
0.301, 5.048e-6
0.302, 5.370e-6
0.303, 5.692e-6
0.304, 5.946e-6
0.305, 6.288e-6
0.306, 6.551e-6
0.307, 7.020e-6
0.308, 7.333e-6
0.309, 7.596e-6
0.310, 7.899e-6
0.311, 8.309e-6
0.312, 8.524e-6
0.313, 8.983e-6
0.314, 9.237e-6
0.315, 9.686e-6
0.316, 1.001e-5
0.317, 1.037e-5
0.318, 1.081e-5
0.319, 1.114e-5
0.320, 1.149e-5
0.321, 1.185e-5
0.322, 1.225e-5
0.323, 1.263e-5
0.324, 1.302e-5
0.325, 1.341e-5
0.326, 1.386e-5
0.327, 1.426e-5
0.328, 1.462e-5
0.329, 1.507e-5
0.330, 1.545e-5
0.331, 1.584e-5
0.332, 1.616e-5
0.333, 1.665e-5
0.334, 1.706e-5
0.335, 1.747e-5
0.336, 1.785e-5
0.337, 1.834e-5
0.338, 1.874e-5
0.339, 1.922e-5
0.340, 1.982e-5
0.341, 2.021e-5
0.342, 2.076e-5
0.343, 2.126e-5
0.344, 2.165e-5
0.345, 2.228e-5
0.346, 2.266e-5
0.347, 2.322e-5
0.348, 2.380e-5
0.349, 2.428e-5
0.350, 2.492e-5
0.351, 2.541e-5
0.352, 2.589e-5
0.353, 2.651e-5
0.354, 2.705e-5
0.355, 2.762e-5
0.356, 2.814e-5
0.357, 2.859e-5
0.358, 2.915e-5
0.359, 2.978e-5
0.360, 3.034e-5
0.361, 3.097e-5
0.362, 3.145e-5
0.363, 3.214e-5
0.364, 3.286e-5
0.365, 3.349e-5
0.366, 3.424e-5
0.367, 3.490e-5
0.368, 3.544e-5
0.369, 3.626e-5
0.370, 3.692e-5
0.371, 3.752e-5
0.372, 3.818e-5
0.373, 3.884e-5
0.374, 3.956e-5
0.375, 4.027e-5
0.376, 4.102e-5
0.377, 4.175e-5
0.378, 4.261e-5
0.379, 4.345e-5
0.380, 4.422e-5
0.381, 4.492e-5
0.382, 4.584e-5
0.383, 4.675e-5
0.384, 4.769e-5
0.385, 4.856e-5
0.386, 4.934e-5
0.387, 5.024e-5
0.388, 5.115e-5
0.389, 5.206e-5
0.390, 5.300e-5
0.391, 5.387e-5
0.392, 5.484e-5
0.393, 5.583e-5
0.394, 5.673e-5
0.395, 5.803e-5
0.396, 5.921e-5
0.397, 6.014e-5
0.398, 6.139e-5
0.399, 6.243e-5
0.400, 6.350e-5
0.401, 6.469e-5
0.402, 6.582e-5
0.403, 6.703e-5
0.404, 6.846e-5
0.405, 6.976e-5
0.406, 7.131e-5
0.407, 7.275e-5
0.408, 7.421e-5
0.409, 7.548e-5
0.410, 7.447e-5
0.411, 7.735e-5
0.412, 7.936e-5
0.413, 8.135e-5
0.414, 8.368e-5
0.415, 8.582e-5
0.416, 8.810e-5
0.417, 9.038e-5
0.418, 9.268e-5
0.419, 9.527e-5
0.420, 9.827e-5
0.421, 1.011e-4
0.422, 1.041e-4
0.423, 1.076e-4
0.424, 1.115e-4
0.425, 1.156e-4
0.426, 1.200e-4
0.427, 1.249e-4
0.428, 1.297e-4
0.429, 1.359e-4
0.430, 1.423e-4
0.431, 1.494e-4
0.432, 1.573e-4
0.433, 1.659e-4
0.434, 1.749e-4
0.435, 1.858e-4
0.436, 1.974e-4
0.437, 2.101e-4
0.438, 2.238e-4
0.439, 2.392e-4
0.440, 2.556e-4
0.441, 2.737e-4
0.442, 2.939e-4
0.443, 3.157e-4
0.444, 3.392e-4
0.445, 3.644e-4
0.446, 3.920e-4
0.447, 4.215e-4
0.448, 4.531e-4
0.449, 4.866e-4
0.450, 5.226e-4
0.451, 5.609e-4
0.452, 6.007e-4
0.453, 6.436e-4
0.454, 6.885e-4
0.455, 7.356e-4
0.456, 7.848e-4
0.457, 8.361e-4
0.458, 8.889e-4
0.459, 9.439e-4
0.460, 9.999e-4
0.461, 1.058e-3
0.462, 1.117e-3
0.463, 1.176e-3
0.464, 1.237e-3
0.465, 1.298e-3
0.466, 1.360e-3
0.467, 1.421e-3
0.468, 1.483e-3
0.469, 1.544e-3
0.470, 1.605e-3
0.471, 1.665e-3
0.472, 1.725e-3
0.473, 1.783e-3
0.474, 1.841e-3
0.475, 1.897e-3
0.476, 1.953e-3
0.477, 2.007e-3
0.478, 2.060e-3
0.479, 2.111e-3
0.480, 2.161e-3
0.481, 2.209e-3
0.482, 2.255e-3
0.483, 2.300e-3
0.484, 2.342e-3
0.485, 2.384e-3
0.486, 2.422e-3
0.487, 2.459e-3
0.488, 2.494e-3
0.489, 2.526e-3
0.490, 2.555e-3
0.491, 2.582e-3
0.492, 2.607e-3
0.493, 2.628e-3
0.494, 2.648e-3
0.495, 2.663e-3
0.496, 2.676e-3
0.497, 2.686e-3
0.498, 2.691e-3
0.499, 2.692e-3
0.500, 2.690e-3
0.501, 2.683e-3
0.502, 2.673e-3
0.503, 2.658e-3
0.504, 2.638e-3
0.505, 2.613e-3
0.506, 2.583e-3
0.507, 2.548e-3
0.508, 2.509e-3
0.509, 2.463e-3
0.510, 2.413e-3
0.511, 2.358e-3
0.512, 2.299e-3
0.513, 2.237e-3
0.514, 2.169e-3
0.515, 2.098e-3
0.516, 2.025e-3
0.517, 1.949e-3
0.518, 1.873e-3
0.519, 1.796e-3
0.520, 1.720e-3
0.521, 1.644e-3
0.522, 1.567e-3
0.523, 1.493e-3
0.524, 1.419e-3
0.525, 1.346e-3
0.526, 1.275e-3
0.527, 1.206e-3
0.528, 1.140e-3
0.529, 1.075e-3
0.530, 1.012e-3
0.531, 9.521e-4
0.532, 8.945e-4
0.533, 8.402e-4
0.534, 7.894e-4
0.535, 7.415e-4
0.536, 6.978e-4
0.537, 6.580e-4
0.538, 6.212e-4
0.539, 5.876e-4
0.540, 5.570e-4
0.541, 5.294e-4
0.542, 5.050e-4
0.543, 4.826e-4
0.544, 4.629e-4
0.545, 4.455e-4
0.546, 4.294e-4
0.547, 4.155e-4
0.548, 4.030e-4
0.549, 3.923e-4
0.550, 3.821e-4
0.551, 3.730e-4
0.552, 3.655e-4
0.553, 3.590e-4
0.554, 3.527e-4
0.555, 3.479e-4
0.556, 3.435e-4
0.557, 3.395e-4
0.558, 3.364e-4
0.559, 3.337e-4
0.560, 3.315e-4
0.561, 3.298e-4
0.562, 3.283e-4
0.563, 3.277e-4
0.564, 3.274e-4
0.565, 3.271e-4
0.566, 3.276e-4
0.567, 3.280e-4
0.568, 3.290e-4
0.569, 3.308e-4
0.570, 3.325e-4
0.571, 3.351e-4
0.572, 3.373e-4
0.573, 3.402e-4
0.574, 3.437e-4
0.575, 3.474e-4
0.576, 3.512e-4
0.577, 3.556e-4
0.578, 3.607e-4
0.579, 3.661e-4
0.580, 3.716e-4
0.581, 3.779e-4
0.582, 3.845e-4
0.583, 3.923e-4
0.584, 3.995e-4
0.585, 4.078e-4
0.586, 4.161e-4
0.587, 4.253e-4
0.588, 4.348e-4
0.589, 4.450e-4
0.590, 4.558e-4
0.591, 4.667e-4
0.592, 4.781e-4
0.593, 4.906e-4
0.594, 5.028e-4
0.595, 5.161e-4
0.596, 5.302e-4
0.597, 5.445e-4
0.598, 5.598e-4
0.599, 5.753e-4
0.600, 5.917e-4
0.601, 6.088e-4
0.602, 6.256e-4
0.603, 6.438e-4
0.604, 6.629e-4
0.605, 6.824e-4
0.606, 7.027e-4
0.607, 7.235e-4
0.608, 7.451e-4
0.609, 7.673e-4
0.610, 7.902e-4
0.611, 8.136e-4
0.612, 8.376e-4
0.613, 8.626e-4
0.614, 8.878e-4
0.615, 9.124e-4
0.616, 9.395e-4
0.617, 9.672e-4
0.618, 9.948e-4
0.619, 1.024e-3
0.620, 1.053e-3
0.621, 1.083e-3
0.622, 1.114e-3
0.623, 1.145e-3
0.624, 1.176e-3
0.625, 1.208e-3
0.626, 1.241e-3
0.627, 1.275e-3
0.628, 1.309e-3
0.629, 1.343e-3
0.630, 1.379e-3
0.631, 1.414e-3
0.632, 1.451e-3
0.633, 1.488e-3
0.634, 1.526e-3
0.635, 1.564e-3
0.636, 1.603e-3
0.637, 1.642e-3
0.638, 1.682e-3
0.639, 1.722e-3
0.640, 1.763e-3
0.641, 1.804e-3
0.642, 1.846e-3
0.643, 1.888e-3
0.644, 1.931e-3
0.645, 1.974e-3
0.646, 2.018e-3
0.647, 2.062e-3
0.648, 2.106e-3
0.649, 2.151e-3
0.650, 2.196e-3
0.651, 2.242e-3
0.652, 2.288e-3
0.653, 2.334e-3
0.654, 2.381e-3
0.655, 2.428e-3
0.656, 2.476e-3
0.657, 2.524e-3
0.658, 2.572e-3
0.659, 2.621e-3
0.660, 2.670e-3
0.661, 2.719e-3
0.662, 2.769e-3
0.663, 2.819e-3
0.664, 2.869e-3
0.665, 2.920e-3
0.666, 2.971e-3
0.667, 3.023e-3
0.668, 3.075e-3
0.669, 3.127e-3
0.670, 3.179e-3
0.671, 3.232e-3
0.672, 3.285e-3
0.673, 3.338e-3
0.674, 3.391e-3
0.675, 3.445e-3
0.676, 3.499e-3
0.677, 3.553e-3
0.678, 3.608e-3
0.679, 3.662e-3
0.680, 3.717e-3
0.681, 3.772e-3
0.682, 3.826e-3
0.683, 3.882e-3
0.684, 3.939e-3
0.685, 3.995e-3
0.686, 4.052e-3
0.687, 4.108e-3
0.688, 4.165e-3
0.689, 4.221e-3
0.690, 4.278e-3
0.691, 4.336e-3
0.692, 4.394e-3
0.693, 4.452e-3
0.694, 4.510e-3
0.695, 4.568e-3
0.696, 4.626e-3
0.697, 4.685e-3
0.698, 4.744e-3
0.699, 4.803e-3
0.700, 4.862e-3
0.701, 4.921e-3
0.702, 4.981e-3
0.703, 5.040e-3
0.704, 5.100e-3
0.705, 5.160e-3
0.706, 5.220e-3
0.707, 5.280e-3
0.708, 5.340e-3
0.709, 5.401e-3
0.710, 5.462e-3
0.711, 5.523e-3
0.712, 5.584e-3
0.713, 5.645e-3
0.714, 5.706e-3
0.715, 5.768e-3
0.716, 5.830e-3
0.717, 5.893e-3
0.718, 5.956e-3
0.719, 6.018e-3
0.720, 6.080e-3
0.721, 6.142e-3
0.722, 6.205e-3
0.723, 6.267e-3
0.724, 6.330e-3
0.725, 6.393e-3
0.726, 6.456e-3
0.727, 6.518e-3
0.728, 6.582e-3
0.729, 6.645e-3
0.730, 6.708e-3
0.731, 6.772e-3
0.732, 6.835e-3
0.733, 6.899e-3
0.734, 6.963e-3
0.735, 7.027e-3
0.736, 7.091e-3
0.737, 7.155e-3
0.738, 7.219e-3
0.739, 7.284e-3
0.740, 7.348e-3
0.741, 7.412e-3
0.742, 7.477e-3
0.743, 7.542e-3
0.744, 7.607e-3
0.745, 7.672e-3
0.746, 7.736e-3
0.747, 7.802e-3
0.748, 7.867e-3
0.749, 7.932e-3
0.750, 7.998e-3
0.751, 8.063e-3
0.752, 8.128e-3
0.753, 8.194e-3
0.754, 8.260e-3
0.755, 8.325e-3
0.756, 8.391e-3
0.757, 8.456e-3
0.758, 8.522e-3
0.759, 8.588e-3
0.760, 8.655e-3
0.761, 8.721e-3
0.762, 8.787e-3
0.763, 8.853e-3
0.764, 8.920e-3
0.765, 8.986e-3
0.766, 9.053e-3
0.767, 9.120e-3
0.768, 9.186e-3
0.769, 9.253e-3
0.770, 9.320e-3
0.771, 9.387e-3
0.772, 9.454e-3
0.773, 9.521e-3
0.774, 9.588e-3
0.775, 9.655e-3
0.776, 9.723e-3
0.777, 9.791e-3
0.778, 9.858e-3
0.779, 9.926e-3
0.780, 9.993e-3
0.781, 1.006e-2
0.782, 1.013e-2
0.783, 1.020e-2
0.784, 1.026e-2
0.785, 1.033e-2
0.786, 1.040e-2
0.787, 1.047e-2
0.788, 1.054e-2
0.789, 1.060e-2
0.790, 1.067e-2
0.791, 1.074e-2
0.792, 1.081e-2
0.793, 1.088e-2
0.794, 1.094e-2
0.795, 1.101e-2
0.796, 1.108e-2
0.797, 1.115e-2
0.798, 1.122e-2
0.799, 1.129e-2
0.800, 1.134e-2
0.799, 1.129e-2
0.798, 1.122e-2
0.797, 1.115e-2
0.796, 1.108e-2
0.795, 1.101e-2
0.794, 1.094e-2
0.793, 1.087e-2
0.792, 1.080e-2
0.791, 1.073e-2
0.790, 1.066e-2
0.789, 1.059e-2
0.788, 1.052e-2
0.787, 1.045e-2
0.786, 1.038e-2
0.785, 1.031e-2
0.784, 1.024e-2
0.783, 1.017e-2
0.782, 1.010e-2
0.781, 1.003e-2
0.780, 9.966e-3
0.779, 9.897e-3
0.778, 9.829e-3
0.777, 9.760e-3
0.776, 9.691e-3
0.775, 9.622e-3
0.774, 9.554e-3
0.773, 9.486e-3
0.772, 9.418e-3
0.771, 9.350e-3
0.770, 9.282e-3
0.769, 9.214e-3
0.768, 9.146e-3
0.767, 9.078e-3
0.766, 9.010e-3
0.765, 8.943e-3
0.764, 8.875e-3
0.763, 8.808e-3
0.762, 8.741e-3
0.761, 8.674e-3
0.760, 8.606e-3
0.759, 8.539e-3
0.758, 8.472e-3
0.757, 8.405e-3
0.756, 8.339e-3
0.755, 8.273e-3
0.754, 8.206e-3
0.753, 8.140e-3
0.752, 8.073e-3
0.751, 8.007e-3
0.750, 7.941e-3
0.749, 7.874e-3
0.748, 7.808e-3
0.747, 7.742e-3
0.746, 7.677e-3
0.745, 7.611e-3
0.744, 7.546e-3
0.743, 7.480e-3
0.742, 7.415e-3
0.741, 7.349e-3
0.740, 7.284e-3
0.739, 7.219e-3
0.738, 7.155e-3
0.737, 7.090e-3
0.736, 7.025e-3
0.735, 6.960e-3
0.734, 6.895e-3
0.733, 6.831e-3
0.732, 6.767e-3
0.731, 6.703e-3
0.730, 6.639e-3
0.729, 6.575e-3
0.728, 6.512e-3
0.727, 6.448e-3
0.726, 6.385e-3
0.725, 6.322e-3
0.724, 6.258e-3
0.723, 6.195e-3
0.722, 6.132e-3
0.721, 6.069e-3
0.720, 6.007e-3
0.719, 5.944e-3
0.718, 5.882e-3
0.717, 5.819e-3
0.716, 5.754e-3
0.715, 5.692e-3
0.714, 5.631e-3
0.713, 5.569e-3
0.712, 5.508e-3
0.711, 5.446e-3
0.710, 5.385e-3
0.709, 5.323e-3
0.708, 5.263e-3
0.707, 5.202e-3
0.706, 5.141e-3
0.705, 5.081e-3
0.704, 5.021e-3
0.703, 4.961e-3
0.702, 4.901e-3
0.701, 4.841e-3
0.700, 4.782e-3
0.699, 4.723e-3
0.698, 4.663e-3
0.697, 4.604e-3
0.696, 4.545e-3
0.695, 4.486e-3
0.694, 4.428e-3
0.693, 4.369e-3
0.692, 4.312e-3
0.691, 4.254e-3
0.690, 4.196e-3
0.689, 4.138e-3
0.688, 4.081e-3
0.687, 4.024e-3
0.686, 3.967e-3
0.685, 3.910e-3
0.684, 3.854e-3
0.683, 3.797e-3
0.682, 3.741e-3
0.681, 3.686e-3
0.680, 3.630e-3
0.679, 3.575e-3
0.678, 3.520e-3
0.677, 3.465e-3
0.676, 3.411e-3
0.675, 3.357e-3
0.674, 3.303e-3
0.673, 3.249e-3
0.672, 3.196e-3
0.671, 3.142e-3
0.670, 3.089e-3
0.669, 3.036e-3
0.668, 2.984e-3
0.667, 2.932e-3
0.666, 2.881e-3
0.665, 2.829e-3
0.664, 2.778e-3
0.663, 2.727e-3
0.662, 2.676e-3
0.661, 2.626e-3
0.660, 2.576e-3
0.659, 2.526e-3
0.658, 2.477e-3
0.657, 2.428e-3
0.656, 2.379e-3
0.655, 2.331e-3
0.654, 2.283e-3
0.653, 2.235e-3
0.652, 2.188e-3
0.651, 2.142e-3
0.650, 2.095e-3
0.649, 2.049e-3
0.648, 2.003e-3
0.647, 1.958e-3
0.646, 1.913e-3
0.645, 1.868e-3
0.644, 1.823e-3
0.643, 1.780e-3
0.642, 1.737e-3
0.641, 1.694e-3
0.640, 1.651e-3
0.639, 1.609e-3
0.638, 1.567e-3
0.637, 1.526e-3
0.636, 1.485e-3
0.635, 1.445e-3
0.634, 1.405e-3
0.633, 1.366e-3
0.632, 1.327e-3
0.631, 1.289e-3
0.630, 1.252e-3
0.629, 1.214e-3
0.628, 1.177e-3
0.627, 1.142e-3
0.626, 1.106e-3
0.625, 1.071e-3
0.624, 1.036e-3
0.623, 1.002e-3
0.622, 9.681e-4
0.621, 9.349e-4
0.620, 9.024e-4
0.619, 8.706e-4
0.618, 8.391e-4
0.617, 8.080e-4
0.616, 7.777e-4
0.615, 7.478e-4
0.614, 7.202e-4
0.613, 6.912e-4
0.612, 6.627e-4
0.611, 6.357e-4
0.610, 6.084e-4
0.609, 5.823e-4
0.608, 5.566e-4
0.607, 5.312e-4
0.606, 5.070e-4
0.605, 4.828e-4
0.604, 4.595e-4
0.603, 4.370e-4
0.602, 4.144e-4
0.601, 3.931e-4
0.600, 3.717e-4
0.599, 3.510e-4
0.598, 3.310e-4
0.597, 3.114e-4
0.596, 2.924e-4
0.595, 2.741e-4
0.594, 2.563e-4
0.593, 2.392e-4
0.592, 2.226e-4
0.591, 2.066e-4
0.590, 1.910e-4
0.589, 1.754e-4
0.588, 1.606e-4
0.587, 1.467e-4
0.586, 1.331e-4
0.585, 1.202e-4
0.584, 1.072e-4
0.583, 9.492e-5
0.582, 8.306e-5
0.581, 7.179e-5
0.580, 6.045e-5
0.579, 4.998e-5
0.578, 4.002e-5
0.577, 3.038e-5
0.576, 2.163e-5
0.575, 1.244e-5
0.574, 3.632e-6
0.573, -4.872e-6
0.572, -1.321e-5
0.571, -2.097e-5
0.570, -2.868e-5
0.569, -3.536e-5
0.568, -4.272e-5
0.567, -4.904e-5
0.566, -5.509e-5
0.565, -6.161e-5
0.564, -6.769e-5
0.563, -7.296e-5
0.562, -7.859e-5
0.561, -8.374e-5
0.560, -8.894e-5
0.559, -9.355e-5
0.558, -9.795e-5
0.557, -1.025e-4
0.556, -1.063e-4
0.555, -1.105e-4
0.554, -1.149e-4
0.553, -1.181e-4
0.552, -1.215e-4
0.551, -1.250e-4
0.550, -1.276e-4
0.549, -1.312e-4
0.548, -1.343e-4
0.547, -1.375e-4
0.546, -1.408e-4
0.545, -1.435e-4
0.544, -1.461e-4
0.543, -1.487e-4
0.542, -1.514e-4
0.541, -1.542e-4
0.540, -1.564e-4
0.539, -1.584e-4
0.538, -1.610e-4
0.537, -1.634e-4
0.536, -1.654e-4
0.535, -1.674e-4
0.534, -1.689e-4
0.533, -1.709e-4
0.532, -1.733e-4
0.531, -1.749e-4
0.530, -1.767e-4
0.529, -1.784e-4
0.528, -1.801e-4
0.527, -1.814e-4
0.526, -1.830e-4
0.525, -1.848e-4
0.524, -1.862e-4
0.523, -1.882e-4
0.522, -1.898e-4
0.521, -1.911e-4
0.520, -1.929e-4
0.519, -1.944e-4
0.518, -1.957e-4
0.517, -1.971e-4
0.516, -1.987e-4
0.515, -2.003e-4
0.514, -2.017e-4
0.513, -2.032e-4
0.512, -2.067e-4
0.511, -2.090e-4
0.510, -2.096e-4
0.509, -2.105e-4
0.508, -2.113e-4
0.507, -2.128e-4
0.506, -2.140e-4
0.505, -2.154e-4
0.504, -2.171e-4
0.503, -2.185e-4
0.502, -2.200e-4
0.501, -2.216e-4
0.500, -2.231e-4
0.499, -2.243e-4
0.498, -2.257e-4
0.497, -2.273e-4
0.496, -2.290e-4
0.495, -2.310e-4
0.494, -2.327e-4
0.493, -2.349e-4
0.492, -2.367e-4
0.491, -2.387e-4
0.490, -2.404e-4
0.489, -2.418e-4
0.488, -2.442e-4
0.487, -2.465e-4
0.486, -2.489e-4
0.485, -2.509e-4
0.484, -2.530e-4
0.483, -2.550e-4
0.482, -2.577e-4
0.481, -2.601e-4
0.480, -2.627e-4
0.479, -2.653e-4
0.478, -2.678e-4
0.477, -2.708e-4
0.476, -2.734e-4
0.475, -2.763e-4
0.474, -2.790e-4
0.473, -2.820e-4
0.472, -2.857e-4
0.471, -2.896e-4
0.470, -2.926e-4
0.469, -2.968e-4
0.468, -3.006e-4
0.467, -3.046e-4
0.466, -3.093e-4
0.465, -3.135e-4
0.464, -3.178e-4
0.463, -3.229e-4
0.462, -3.274e-4
0.461, -3.328e-4
0.460, -3.385e-4
0.459, -3.439e-4
0.458, -3.503e-4
0.457, -3.567e-4
0.456, -3.629e-4
0.455, -3.697e-4
0.454, -3.765e-4
0.453, -3.841e-4
0.452, -3.918e-4
0.451, -3.989e-4
0.450, -4.076e-4
0.449, -4.159e-4
0.448, -4.247e-4
0.447, -4.339e-4
0.446, -4.439e-4
0.445, -4.542e-4
0.444, -4.650e-4
0.443, -4.763e-4
0.442, -4.881e-4
0.441, -5.002e-4
0.440, -5.125e-4
0.439, -5.251e-4
0.438, -5.385e-4
0.437, -5.526e-4
0.436, -5.668e-4
0.435, -5.815e-4
0.434, -5.967e-4
0.433, -6.120e-4
0.432, -6.279e-4
0.431, -6.443e-4
0.430, -6.606e-4
0.429, -6.781e-4
0.428, -6.960e-4
0.427, -7.134e-4
0.426, -7.319e-4
0.425, -7.499e-4
0.424, -7.688e-4
0.423, -7.880e-4
0.422, -8.062e-4
0.421, -8.256e-4
0.420, -8.452e-4
0.419, -8.646e-4
0.418, -8.847e-4
0.417, -9.043e-4
0.416, -9.243e-4
0.415, -9.443e-4
0.414, -9.641e-4
0.413, -9.836e-4
0.412, -1.004e-3
0.411, -1.024e-3
0.410, -1.042e-3
0.409, -1.052e-3
0.408, -1.073e-3
0.407, -1.095e-3
0.406, -1.116e-3
0.405, -1.137e-3
0.404, -1.159e-3
0.403, -1.181e-3
0.402, -1.203e-3
0.401, -1.225e-3
0.400, -1.247e-3
0.399, -1.270e-3
0.398, -1.292e-3
0.397, -1.315e-3
0.396, -1.337e-3
0.395, -1.360e-3
0.394, -1.384e-3
0.393, -1.407e-3
0.392, -1.432e-3
0.391, -1.456e-3
0.390, -1.480e-3
0.389, -1.504e-3
0.388, -1.529e-3
0.387, -1.554e-3
0.386, -1.578e-3
0.385, -1.603e-3
0.384, -1.628e-3
0.383, -1.653e-3
0.382, -1.677e-3
0.381, -1.701e-3
0.380, -1.725e-3
0.379, -1.748e-3
0.378, -1.771e-3
0.377, -1.794e-3
0.376, -1.816e-3
0.375, -1.837e-3
0.374, -1.857e-3
0.373, -1.877e-3
0.372, -1.896e-3
0.371, -1.912e-3
0.370, -1.929e-3
0.369, -1.943e-3
0.368, -1.956e-3
0.367, -1.967e-3
0.366, -1.975e-3
0.365, -1.983e-3
0.364, -1.987e-3
0.363, -1.989e-3
0.362, -1.988e-3
0.361, -1.983e-3
0.360, -1.975e-3
0.359, -1.963e-3
0.358, -1.947e-3
0.357, -1.927e-3
0.356, -1.901e-3
0.355, -1.870e-3
0.354, -1.834e-3
0.353, -1.792e-3
0.352, -1.745e-3
0.351, -1.692e-3
0.350, -1.633e-3
0.349, -1.569e-3
0.348, -1.500e-3
0.347, -1.426e-3
0.346, -1.349e-3
0.345, -1.268e-3
0.344, -1.187e-3
0.343, -1.105e-3
0.342, -1.025e-3
0.341, -9.476e-4
0.340, -8.737e-4
0.339, -8.039e-4
0.338, -7.390e-4
0.337, -6.797e-4
0.336, -6.258e-4
0.335, -5.774e-4
0.334, -5.339e-4
0.333, -4.951e-4
0.332, -4.604e-4
0.331, -4.290e-4
0.330, -4.014e-4
0.329, -3.771e-4
0.328, -3.548e-4
0.327, -3.348e-4
0.326, -3.166e-4
0.325, -3.004e-4
0.324, -2.854e-4
0.323, -2.720e-4
0.322, -2.598e-4
0.321, -2.484e-4
0.320, -2.382e-4
0.319, -2.286e-4
0.318, -2.199e-4
0.317, -2.120e-4
0.316, -2.041e-4
0.315, -1.971e-4
0.314, -1.907e-4
0.313, -1.848e-4
0.312, -1.789e-4
0.311, -1.737e-4
0.310, -1.688e-4
0.309, -1.643e-4
0.308, -1.596e-4
0.307, -1.557e-4
0.306, -1.514e-4
0.305, -1.475e-4
0.304, -1.438e-4
0.303, -1.405e-4
0.302, -1.371e-4
0.301, -1.337e-4
0.300, -1.307e-4
0.299, -1.279e-4
0.298, -1.250e-4
0.297, -1.223e-4
0.296, -1.199e-4
0.295, -1.176e-4
0.294, -1.154e-4
0.293, -1.132e-4
0.292, -1.107e-4
0.291, -1.084e-4
0.290, -1.065e-4
0.289, -1.046e-4
0.288, -1.027e-4
0.287, -1.010e-4
0.286, -9.917e-5
0.285, -9.745e-5
0.284, -9.582e-5
0.283, -9.433e-5
0.282, -9.285e-5
0.281, -9.143e-5
0.280, -8.991e-5
0.279, -8.857e-5
0.278, -8.709e-5
0.277, -8.560e-5
0.276, -8.428e-5
0.275, -8.301e-5
0.274, -8.181e-5
0.273, -8.073e-5
0.272, -7.960e-5
0.271, -7.848e-5
0.270, -7.738e-5
0.269, -7.624e-5
0.268, -7.520e-5
0.267, -7.412e-5
0.266, -7.304e-5
0.265, -7.213e-5
0.264, -7.112e-5
0.263, -7.035e-5
0.262, -6.958e-5
0.261, -6.872e-5
0.260, -6.806e-5
0.259, -6.730e-5
0.258, -6.660e-5
0.257, -6.582e-5
0.256, -6.510e-5
0.255, -6.424e-5
0.254, -6.338e-5
0.253, -6.261e-5
0.252, -6.179e-5
0.251, -6.108e-5
0.250, -6.029e-5
0.249, -5.955e-5
0.248, -5.886e-5
0.247, -5.819e-5
0.246, -5.765e-5
0.245, -5.700e-5
0.244, -5.637e-5
0.243, -5.565e-5
0.242, -5.512e-5
0.241, -5.465e-5
0.240, -5.409e-5
0.239, -5.353e-5
0.238, -5.301e-5
0.237, -5.247e-5
0.236, -5.196e-5
0.235, -5.138e-5
0.234, -5.078e-5
0.233, -5.028e-5
0.232, -4.986e-5
0.231, -4.941e-5
0.230, -4.889e-5
0.229, -4.835e-5
0.228, -4.794e-5
0.227, -4.749e-5
0.226, -4.702e-5
0.225, -4.661e-5
0.224, -4.618e-5
0.223, -4.578e-5
0.222, -4.546e-5
0.221, -4.499e-5
0.220, -4.464e-5
0.219, -4.433e-5
0.218, -4.388e-5
0.217, -4.352e-5
0.216, -4.321e-5
0.215, -4.285e-5
0.214, -4.249e-5
0.213, -4.218e-5
0.212, -4.177e-5
0.211, -4.150e-5
0.210, -4.113e-5
0.209, -4.084e-5
0.208, -4.046e-5
0.207, -4.015e-5
0.206, -3.975e-5
0.205, -3.935e-5
0.204, -3.904e-5
0.203, -3.873e-5
0.202, -3.838e-5
0.201, -3.814e-5
0.200, -3.543e-5
0.201, -3.024e-5
0.202, -2.837e-5
0.203, -2.714e-5
0.204, -2.604e-5
0.205, -2.529e-5
0.206, -2.436e-5
0.207, -2.354e-5
0.208, -2.297e-5
0.209, -2.231e-5
0.210, -2.165e-5
0.211, -2.107e-5
0.212, -2.055e-5
0.213, -2.013e-5
0.214, -1.969e-5
0.215, -1.925e-5
0.216, -1.882e-5
0.217, -1.842e-5
0.218, -1.816e-5
0.219, -1.773e-5
0.220, -1.732e-5
0.221, -1.695e-5
0.222, -1.662e-5
0.223, -1.620e-5
0.224, -1.594e-5
0.225, -1.552e-5
0.226, -1.505e-5
0.227, -1.479e-5
0.228, -1.442e-5
0.229, -1.407e-5
0.230, -1.365e-5
0.231, -1.342e-5
0.232, -1.309e-5
0.233, -1.283e-5
0.234, -1.252e-5
0.235, -1.209e-5
0.236, -1.184e-5
0.237, -1.159e-5
0.238, -1.122e-5
0.239, -1.095e-5
0.240, -1.067e-5
0.241, -1.041e-5
0.242, -1.013e-5
0.243, -9.871e-6
0.244, -9.666e-6
0.245, -9.412e-6
0.246, -9.100e-6
0.247, -8.866e-6
0.248, -8.631e-6
0.249, -8.299e-6
0.250, -8.094e-6
0.251, -7.889e-6
0.252, -7.635e-6
0.253, -7.342e-6
0.254, -7.118e-6
0.255, -6.874e-6
0.256, -6.659e-6
0.257, -6.366e-6
0.258, -6.093e-6
0.259, -5.936e-6
0.260, -5.683e-6
0.261, -5.438e-6
0.262, -5.136e-6
0.263, -4.940e-6
0.264, -4.687e-6
0.265, -4.423e-6
0.266, -4.237e-6
0.267, -3.993e-6
0.268, -3.710e-6
0.269, -3.661e-6
0.270, -3.290e-6
0.271, -2.997e-6
0.272, -2.792e-6
0.273, -2.500e-6
0.274, -2.334e-6
0.275, -2.021e-6
0.276, -1.777e-6
0.277, -1.552e-6
0.278, -1.347e-6
0.279, -1.035e-6
0.280, -8.104e-7
0.281, -4.589e-7
0.282, -2.734e-7
0.283, -8.787e-8
0.284, 2.246e-7
0.285, 4.687e-7
0.286, 7.323e-7
0.287, 9.861e-7
0.288, 1.299e-6
0.289, 1.582e-6
0.290, 1.836e-6
0.291, 2.021e-6
0.292, 2.382e-6
0.293, 2.675e-6
0.294, 2.890e-6
0.295, 3.203e-6
0.296, 3.456e-6
0.297, 3.749e-6
0.298, 4.042e-6
0.299, 4.267e-6
0.300, 4.687e-6
0.301, 4.911e-6
0.302, 5.214e-6
0.303, 5.507e-6
0.304, 5.722e-6
0.305, 6.034e-6
0.306, 6.298e-6
0.307, 6.854e-6
0.308, 7.186e-6
0.309, 7.479e-6
0.310, 7.772e-6
0.311, 8.036e-6
0.312, 8.397e-6
0.313, 8.797e-6
0.314, 9.051e-6
0.315, 9.451e-6
0.316, 9.871e-6
0.317, 1.028e-5
0.318, 1.060e-5
0.319, 1.100e-5
0.320, 1.134e-5
0.321, 1.177e-5
0.322, 1.210e-5
0.323, 1.246e-5
0.324, 1.290e-5
0.325, 1.325e-5
0.326, 1.365e-5
0.327, 1.417e-5
0.328, 1.448e-5
0.329, 1.488e-5
0.330, 1.531e-5
0.331, 1.563e-5
0.332, 1.614e-5
0.333, 1.652e-5
0.334, 1.699e-5
0.335, 1.734e-5
0.336, 1.778e-5
0.337, 1.833e-5
0.338, 1.875e-5
0.339, 1.916e-5
0.340, 1.973e-5
0.341, 2.028e-5
0.342, 2.062e-5
0.343, 2.111e-5
0.344, 2.169e-5
0.345, 2.226e-5
0.346, 2.260e-5
0.347, 2.333e-5
0.348, 2.383e-5
0.349, 2.418e-5
0.350, 2.490e-5
0.351, 2.541e-5
0.352, 2.592e-5
0.353, 2.654e-5
0.354, 2.702e-5
0.355, 2.761e-5
0.356, 2.814e-5
0.357, 2.870e-5
0.358, 2.926e-5
0.359, 2.982e-5
0.360, 3.032e-5
0.361, 3.103e-5
0.362, 3.155e-5
0.363, 3.211e-5
0.364, 3.293e-5
0.365, 3.348e-5
0.366, 3.420e-5
0.367, 3.499e-5
0.368, 3.557e-5
0.369, 3.631e-5
0.370, 3.700e-5
0.371, 3.764e-5
0.372, 3.830e-5
0.373, 3.893e-5
0.374, 3.971e-5
0.375, 4.044e-5
0.376, 4.115e-5
0.377, 4.191e-5
0.378, 4.274e-5
0.379, 4.354e-5
0.380, 4.435e-5
0.381, 4.509e-5
0.382, 4.597e-5
0.383, 4.686e-5
0.384, 4.785e-5
0.385, 4.876e-5
0.386, 4.953e-5
0.387, 5.047e-5
0.388, 5.141e-5
0.389, 5.223e-5
0.390, 5.313e-5
0.391, 5.411e-5
0.392, 5.513e-5
0.393, 5.613e-5
0.394, 5.725e-5
0.395, 5.844e-5
0.396, 5.950e-5
0.397, 6.047e-5
0.398, 6.168e-5
0.399, 6.278e-5
0.400, 6.398e-5
0.401, 6.505e-5
0.402, 6.617e-5
0.403, 6.745e-5
0.404, 6.892e-5
0.405, 7.017e-5
0.406, 7.165e-5
0.407, 7.315e-5
0.408, 7.473e-5
0.409, 7.605e-5
0.410, 7.501e-5
0.411, 7.779e-5
0.412, 7.993e-5
0.413, 8.190e-5
0.414, 8.428e-5
0.415, 8.651e-5
0.416, 8.867e-5
0.417, 9.100e-5
0.418, 9.344e-5
0.419, 9.598e-5
0.420, 9.884e-5
0.421, 1.018e-4
0.422, 1.049e-4
0.423, 1.085e-4
0.424, 1.124e-4
0.425, 1.165e-4
0.426, 1.209e-4
0.427, 1.257e-4
0.428, 1.309e-4
0.429, 1.371e-4
0.430, 1.435e-4
0.431, 1.506e-4
0.432, 1.587e-4
0.433, 1.674e-4
0.434, 1.767e-4
0.435, 1.878e-4
0.436, 1.994e-4
0.437, 2.123e-4
0.438, 2.263e-4
0.439, 2.418e-4
0.440, 2.587e-4
0.441, 2.775e-4
0.442, 2.980e-4
0.443, 3.199e-4
0.444, 3.438e-4
0.445, 3.695e-4
0.446, 3.976e-4
0.447, 4.275e-4
0.448, 4.590e-4
0.449, 4.931e-4
0.450, 5.294e-4
0.451, 5.682e-4
0.452, 6.084e-4
0.453, 6.516e-4
0.454, 6.970e-4
0.455, 7.446e-4
0.456, 7.945e-4
0.457, 8.462e-4
0.458, 8.993e-4
0.459, 9.545e-4
0.460, 1.011e-3
0.461, 1.069e-3
0.462, 1.128e-3
0.463, 1.188e-3
0.464, 1.249e-3
0.465, 1.310e-3
0.466, 1.371e-3
0.467, 1.433e-3
0.468, 1.495e-3
0.469, 1.557e-3
0.470, 1.618e-3
0.471, 1.678e-3
0.472, 1.738e-3
0.473, 1.797e-3
0.474, 1.854e-3
0.475, 1.911e-3
0.476, 1.966e-3
0.477, 2.021e-3
0.478, 2.074e-3
0.479, 2.126e-3
0.480, 2.175e-3
0.481, 2.224e-3
0.482, 2.271e-3
0.483, 2.316e-3
0.484, 2.359e-3
0.485, 2.400e-3
0.486, 2.439e-3
0.487, 2.477e-3
0.488, 2.512e-3
0.489, 2.544e-3
0.490, 2.574e-3
0.491, 2.602e-3
0.492, 2.628e-3
0.493, 2.650e-3
0.494, 2.670e-3
0.495, 2.686e-3
0.496, 2.700e-3
0.497, 2.710e-3
0.498, 2.716e-3
0.499, 2.718e-3
0.500, 2.716e-3
0.501, 2.711e-3
0.502, 2.702e-3
0.503, 2.687e-3
0.504, 2.668e-3
0.505, 2.645e-3
0.506, 2.616e-3
0.507, 2.582e-3
0.508, 2.543e-3
0.509, 2.499e-3
0.510, 2.449e-3
0.511, 2.394e-3
0.512, 2.336e-3
0.513, 2.274e-3
0.514, 2.206e-3
0.515, 2.135e-3
0.516, 2.061e-3
0.517, 1.986e-3
0.518, 1.908e-3
0.519, 1.830e-3
0.520, 1.752e-3
0.521, 1.674e-3
0.522, 1.597e-3
0.523, 1.521e-3
0.524, 1.445e-3
0.525, 1.371e-3
0.526, 1.299e-3
0.527, 1.228e-3
0.528, 1.160e-3
0.529, 1.093e-3
0.530, 1.028e-3
0.531, 9.672e-4
0.532, 9.085e-4
0.533, 8.528e-4
0.534, 8.005e-4
0.535, 7.511e-4
0.536, 7.062e-4
0.537, 6.651e-4
0.538, 6.276e-4
0.539, 5.933e-4
0.540, 5.616e-4
0.541, 5.334e-4
0.542, 5.083e-4
0.543, 4.857e-4
0.544, 4.655e-4
0.545, 4.477e-4
0.546, 4.314e-4
0.547, 4.169e-4
0.548, 4.044e-4
0.549, 3.933e-4
0.550, 3.830e-4
0.551, 3.733e-4
0.552, 3.665e-4
0.553, 3.598e-4
0.554, 3.541e-4
0.555, 3.488e-4
0.556, 3.443e-4
0.557, 3.404e-4
0.558, 3.372e-4
0.559, 3.346e-4
0.560, 3.327e-4
0.561, 3.308e-4
0.562, 3.292e-4
0.563, 3.288e-4
0.564, 3.284e-4
0.565, 3.279e-4
0.566, 3.285e-4
0.567, 3.292e-4
0.568, 3.306e-4
0.569, 3.324e-4
0.570, 3.340e-4
0.571, 3.361e-4
0.572, 3.389e-4
0.573, 3.416e-4
0.574, 3.450e-4
0.575, 3.489e-4
0.576, 3.528e-4
0.577, 3.573e-4
0.578, 3.624e-4
0.579, 3.680e-4
0.580, 3.735e-4
0.581, 3.798e-4
0.582, 3.867e-4
0.583, 3.939e-4
0.584, 4.020e-4
0.585, 4.101e-4
0.586, 4.183e-4
0.587, 4.278e-4
0.588, 4.375e-4
0.589, 4.480e-4
0.590, 4.588e-4
0.591, 4.694e-4
0.592, 4.811e-4
0.593, 4.937e-4
0.594, 5.065e-4
0.595, 5.200e-4
0.596, 5.342e-4
0.597, 5.487e-4
0.598, 5.639e-4
0.599, 5.797e-4
0.600, 5.960e-4
0.601, 6.130e-4
0.602, 6.301e-4
0.603, 6.491e-4
0.604, 6.678e-4
0.605, 6.874e-4
0.606, 7.080e-4
0.607, 7.291e-4
0.608, 7.511e-4
0.609, 7.736e-4
0.610, 7.964e-4
0.611, 8.201e-4
0.612, 8.444e-4
0.613, 8.692e-4
0.614, 8.949e-4
0.615, 9.192e-4
0.616, 9.468e-4
0.617, 9.746e-4
0.618, 1.003e-3
0.619, 1.032e-3
0.620, 1.061e-3
0.621, 1.091e-3
0.622, 1.122e-3
0.623, 1.154e-3
0.624, 1.185e-3
0.625, 1.217e-3
0.626, 1.250e-3
0.627, 1.284e-3
0.628, 1.318e-3
0.629, 1.353e-3
0.630, 1.389e-3
0.631, 1.425e-3
0.632, 1.462e-3
0.633, 1.499e-3
0.634, 1.537e-3
0.635, 1.575e-3
0.636, 1.614e-3
0.637, 1.654e-3
0.638, 1.693e-3
0.639, 1.734e-3
0.640, 1.775e-3
0.641, 1.816e-3
0.642, 1.858e-3
0.643, 1.901e-3
0.644, 1.944e-3
0.645, 1.987e-3
0.646, 2.031e-3
0.647, 2.075e-3
0.648, 2.119e-3
0.649, 2.164e-3
0.650, 2.210e-3
0.651, 2.256e-3
0.652, 2.302e-3
0.653, 2.348e-3
0.654, 2.395e-3
0.655, 2.443e-3
0.656, 2.491e-3
0.657, 2.539e-3
0.658, 2.587e-3
0.659, 2.636e-3
0.660, 2.686e-3
0.661, 2.735e-3
0.662, 2.785e-3
0.663, 2.835e-3
0.664, 2.886e-3
0.665, 2.937e-3
0.666, 2.988e-3
0.667, 3.040e-3
0.668, 3.091e-3
0.669, 3.144e-3
0.670, 3.196e-3
0.671, 3.249e-3
0.672, 3.302e-3
0.673, 3.355e-3
0.674, 3.408e-3
0.675, 3.462e-3
0.676, 3.517e-3
0.677, 3.571e-3
0.678, 3.625e-3
0.679, 3.680e-3
0.680, 3.735e-3
0.681, 3.790e-3
0.682, 3.845e-3
0.683, 3.901e-3
0.684, 3.958e-3
0.685, 4.014e-3
0.686, 4.071e-3
0.687, 4.127e-3
0.688, 4.184e-3
0.689, 4.241e-3
0.690, 4.298e-3
0.691, 4.356e-3
0.692, 4.414e-3
0.693, 4.472e-3
0.694, 4.530e-3
0.695, 4.588e-3
0.696, 4.647e-3
0.697, 4.706e-3
0.698, 4.765e-3
0.699, 4.824e-3
0.700, 4.883e-3
0.701, 4.942e-3
0.702, 5.002e-3
0.703, 5.062e-3
0.704, 5.121e-3
0.705, 5.181e-3
0.706, 5.241e-3
0.707, 5.302e-3
0.708, 5.362e-3
0.709, 5.423e-3
0.710, 5.484e-3
0.711, 5.545e-3
0.712, 5.606e-3
0.713, 5.667e-3
0.714, 5.728e-3
0.715, 5.790e-3
0.716, 5.852e-3
0.717, 5.916e-3
0.718, 5.979e-3
0.719, 6.041e-3
0.720, 6.103e-3
0.721, 6.165e-3
0.722, 6.228e-3
0.723, 6.291e-3
0.724, 6.354e-3
0.725, 6.416e-3
0.726, 6.479e-3
0.727, 6.542e-3
0.728, 6.606e-3
0.729, 6.670e-3
0.730, 6.733e-3
0.731, 6.797e-3
0.732, 6.860e-3
0.733, 6.924e-3
0.734, 6.988e-3
0.735, 7.052e-3
0.736, 7.116e-3
0.737, 7.181e-3
0.738, 7.245e-3
0.739, 7.309e-3
0.740, 7.373e-3
0.741, 7.437e-3
0.742, 7.503e-3
0.743, 7.568e-3
0.744, 7.633e-3
0.745, 7.698e-3
0.746, 7.763e-3
0.747, 7.829e-3
0.748, 7.894e-3
0.749, 7.959e-3
0.750, 8.024e-3
0.751, 8.089e-3
0.752, 8.155e-3
0.753, 8.221e-3
0.754, 8.287e-3
0.755, 8.352e-3
0.756, 8.417e-3
0.757, 8.483e-3
0.758, 8.549e-3
0.759, 8.615e-3
0.760, 8.682e-3
0.761, 8.749e-3
0.762, 8.814e-3
0.763, 8.881e-3
0.764, 8.947e-3
0.765, 9.013e-3
0.766, 9.080e-3
0.767, 9.147e-3
0.768, 9.214e-3
0.769, 9.281e-3
0.770, 9.348e-3
0.771, 9.415e-3
0.772, 9.482e-3
0.773, 9.549e-3
0.774, 9.616e-3
0.775, 9.684e-3
0.776, 9.751e-3
0.777, 9.819e-3
0.778, 9.886e-3
0.779, 9.954e-3
0.780, 1.002e-2
0.781, 1.009e-2
0.782, 1.016e-2
0.783, 1.022e-2
0.784, 1.029e-2
0.785, 1.036e-2
0.786, 1.043e-2
0.787, 1.050e-2
0.788, 1.056e-2
0.789, 1.063e-2
0.790, 1.070e-2
0.791, 1.077e-2
0.792, 1.084e-2
0.793, 1.090e-2
0.794, 1.097e-2
0.795, 1.104e-2
0.796, 1.111e-2
0.797, 1.118e-2
0.798, 1.125e-2
0.799, 1.132e-2
0.800, 1.136e-2
0.799, 1.132e-2
0.798, 1.125e-2
0.797, 1.117e-2
0.796, 1.111e-2
0.795, 1.104e-2
0.794, 1.096e-2
0.793, 1.089e-2
0.792, 1.082e-2
0.791, 1.075e-2
0.790, 1.068e-2
0.789, 1.062e-2
0.788, 1.055e-2
0.787, 1.048e-2
0.786, 1.041e-2
0.785, 1.034e-2
0.784, 1.027e-2
0.783, 1.020e-2
0.782, 1.013e-2
0.781, 1.006e-2
0.780, 9.993e-3
0.779, 9.925e-3
0.778, 9.856e-3
0.777, 9.788e-3
0.776, 9.719e-3
0.775, 9.650e-3
0.774, 9.582e-3
0.773, 9.513e-3
0.772, 9.445e-3
0.771, 9.377e-3
0.770, 9.309e-3
0.769, 9.240e-3
0.768, 9.173e-3
0.767, 9.104e-3
0.766, 9.037e-3
0.765, 8.970e-3
0.764, 8.902e-3
0.763, 8.835e-3
0.762, 8.768e-3
0.761, 8.700e-3
0.760, 8.633e-3
0.759, 8.565e-3
0.758, 8.499e-3
0.757, 8.432e-3
0.756, 8.365e-3
0.755, 8.299e-3
0.754, 8.232e-3
0.753, 8.165e-3
0.752, 8.099e-3
0.751, 8.032e-3
0.750, 7.967e-3
0.749, 7.900e-3
0.748, 7.834e-3
0.747, 7.768e-3
0.746, 7.702e-3
0.745, 7.636e-3
0.744, 7.570e-3
0.743, 7.505e-3
0.742, 7.439e-3
0.741, 7.374e-3
0.740, 7.309e-3
0.739, 7.244e-3
0.738, 7.179e-3
0.737, 7.114e-3
0.736, 7.049e-3
0.735, 6.984e-3
0.734, 6.920e-3
0.733, 6.855e-3
0.732, 6.791e-3
0.731, 6.727e-3
0.730, 6.663e-3
0.729, 6.599e-3
0.728, 6.536e-3
0.727, 6.472e-3
0.726, 6.409e-3
0.725, 6.345e-3
0.724, 6.282e-3
0.723, 6.218e-3
0.722, 6.155e-3
0.721, 6.092e-3
0.720, 6.030e-3
0.719, 5.967e-3
0.718, 5.904e-3
0.717, 5.841e-3
0.716, 5.777e-3
0.715, 5.715e-3
0.714, 5.653e-3
0.713, 5.591e-3
0.712, 5.530e-3
0.711, 5.468e-3
0.710, 5.406e-3
0.709, 5.345e-3
0.708, 5.284e-3
0.707, 5.223e-3
0.706, 5.162e-3
0.705, 5.102e-3
0.704, 5.042e-3
0.703, 4.982e-3
0.702, 4.922e-3
0.701, 4.862e-3
0.700, 4.802e-3
0.699, 4.743e-3
0.698, 4.683e-3
0.697, 4.624e-3
0.696, 4.565e-3
0.695, 4.506e-3
0.694, 4.448e-3
0.693, 4.389e-3
0.692, 4.331e-3
0.691, 4.273e-3
0.690, 4.215e-3
0.689, 4.157e-3
0.688, 4.100e-3
0.687, 4.043e-3
0.686, 3.986e-3
0.685, 3.929e-3
0.684, 3.872e-3
0.683, 3.816e-3
0.682, 3.760e-3
0.681, 3.704e-3
0.680, 3.649e-3
0.679, 3.593e-3
0.678, 3.539e-3
0.677, 3.483e-3
0.676, 3.429e-3
0.675, 3.375e-3
0.674, 3.320e-3
0.673, 3.266e-3
0.672, 3.213e-3
0.671, 3.160e-3
0.670, 3.106e-3
0.669, 3.053e-3
0.668, 3.001e-3
0.667, 2.949e-3
0.666, 2.897e-3
0.665, 2.844e-3
0.664, 2.793e-3
0.663, 2.742e-3
0.662, 2.692e-3
0.661, 2.641e-3
0.660, 2.591e-3
0.659, 2.542e-3
0.658, 2.492e-3
0.657, 2.443e-3
0.656, 2.394e-3
0.655, 2.346e-3
0.654, 2.298e-3
0.653, 2.250e-3
0.652, 2.203e-3
0.651, 2.156e-3
0.650, 2.109e-3
0.649, 2.063e-3
0.648, 2.017e-3
0.647, 1.971e-3
0.646, 1.926e-3
0.645, 1.881e-3
0.644, 1.836e-3
0.643, 1.792e-3
0.642, 1.749e-3
0.641, 1.706e-3
0.640, 1.663e-3
0.639, 1.620e-3
0.638, 1.579e-3
0.637, 1.537e-3
0.636, 1.497e-3
0.635, 1.456e-3
0.634, 1.416e-3
0.633, 1.377e-3
0.632, 1.338e-3
0.631, 1.299e-3
0.630, 1.261e-3
0.629, 1.224e-3
0.628, 1.187e-3
0.627, 1.152e-3
0.626, 1.116e-3
0.625, 1.080e-3
0.624, 1.045e-3
0.623, 1.010e-3
0.622, 9.770e-4
0.621, 9.435e-4
0.620, 9.107e-4
0.619, 8.784e-4
0.618, 8.468e-4
0.617, 8.158e-4
0.616, 7.850e-4
0.615, 7.548e-4
0.614, 7.273e-4
0.613, 6.981e-4
0.612, 6.695e-4
0.611, 6.420e-4
0.610, 6.147e-4
0.609, 5.885e-4
0.608, 5.627e-4
0.607, 5.371e-4
0.606, 5.123e-4
0.605, 4.880e-4
0.604, 4.644e-4
0.603, 4.417e-4
0.602, 4.192e-4
0.601, 3.975e-4
0.600, 3.759e-4
0.599, 3.551e-4
0.598, 3.351e-4
0.597, 3.154e-4
0.596, 2.964e-4
0.595, 2.778e-4
0.594, 2.597e-4
0.593, 2.423e-4
0.592, 2.255e-4
0.591, 2.097e-4
0.590, 1.937e-4
0.589, 1.778e-4
0.588, 1.632e-4
0.587, 1.490e-4
0.586, 1.354e-4
0.585, 1.220e-4
0.584, 1.093e-4
0.583, 9.696e-5
0.582, 8.498e-5
0.581, 7.328e-5
0.580, 6.232e-5
0.579, 5.178e-5
0.578, 4.104e-5
0.577, 3.159e-5
0.576, 2.228e-5
0.575, 1.313e-5
0.574, 4.345e-6
0.573, -4.345e-6
0.572, -1.277e-5
0.571, -2.043e-5
0.570, -2.797e-5
0.569, -3.522e-5
0.568, -4.246e-5
0.567, -4.880e-5
0.566, -5.502e-5
0.565, -6.132e-5
0.564, -6.732e-5
0.563, -7.285e-5
0.562, -7.834e-5
0.561, -8.357e-5
0.560, -8.859e-5
0.559, -9.342e-5
0.558, -9.776e-5
0.557, -1.025e-4
0.556, -1.066e-4
0.555, -1.108e-4
0.554, -1.151e-4
0.553, -1.185e-4
0.552, -1.221e-4
0.551, -1.254e-4
0.550, -1.282e-4
0.549, -1.318e-4
0.548, -1.352e-4
0.547, -1.379e-4
0.546, -1.412e-4
0.545, -1.438e-4
0.544, -1.467e-4
0.543, -1.494e-4
0.542, -1.519e-4
0.541, -1.544e-4
0.540, -1.567e-4
0.539, -1.595e-4
0.538, -1.619e-4
0.537, -1.643e-4
0.536, -1.664e-4
0.535, -1.685e-4
0.534, -1.699e-4
0.533, -1.716e-4
0.532, -1.736e-4
0.531, -1.754e-4
0.530, -1.775e-4
0.529, -1.791e-4
0.528, -1.807e-4
0.527, -1.823e-4
0.526, -1.837e-4
0.525, -1.853e-4
0.524, -1.869e-4
0.523, -1.887e-4
0.522, -1.906e-4
0.521, -1.919e-4
0.520, -1.932e-4
0.519, -1.954e-4
0.518, -1.967e-4
0.517, -1.981e-4
0.516, -1.996e-4
0.515, -2.008e-4
0.514, -2.022e-4
0.513, -2.038e-4
0.512, -2.075e-4
0.511, -2.098e-4
0.510, -2.105e-4
0.509, -2.115e-4
0.508, -2.125e-4
0.507, -2.137e-4
0.506, -2.151e-4
0.505, -2.164e-4
0.504, -2.179e-4
0.503, -2.194e-4
0.502, -2.209e-4
0.501, -2.222e-4
0.500, -2.236e-4
0.499, -2.249e-4
0.498, -2.264e-4
0.497, -2.279e-4
0.496, -2.298e-4
0.495, -2.317e-4
0.494, -2.334e-4
0.493, -2.355e-4
0.492, -2.377e-4
0.491, -2.391e-4
0.490, -2.410e-4
0.489, -2.431e-4
0.488, -2.450e-4
0.487, -2.469e-4
0.486, -2.494e-4
0.485, -2.511e-4
0.484, -2.536e-4
0.483, -2.558e-4
0.482, -2.586e-4
0.481, -2.610e-4
0.480, -2.633e-4
0.479, -2.657e-4
0.478, -2.683e-4
0.477, -2.714e-4
0.476, -2.742e-4
0.475, -2.770e-4
0.474, -2.796e-4
0.473, -2.824e-4
0.472, -2.860e-4
0.471, -2.899e-4
0.470, -2.935e-4
0.469, -2.976e-4
0.468, -3.012e-4
0.467, -3.056e-4
0.466, -3.100e-4
0.465, -3.139e-4
0.464, -3.185e-4
0.463, -3.236e-4
0.462, -3.282e-4
0.461, -3.338e-4
0.460, -3.397e-4
0.459, -3.454e-4
0.458, -3.512e-4
0.457, -3.573e-4
0.456, -3.638e-4
0.455, -3.704e-4
0.454, -3.775e-4
0.453, -3.849e-4
0.452, -3.926e-4
0.451, -3.998e-4
0.450, -4.084e-4
0.449, -4.170e-4
0.448, -4.256e-4
0.447, -4.349e-4
0.446, -4.449e-4
0.445, -4.554e-4
0.444, -4.661e-4
0.443, -4.771e-4
0.442, -4.887e-4
0.441, -5.010e-4
0.440, -5.134e-4
0.439, -5.264e-4
0.438, -5.397e-4
0.437, -5.541e-4
0.436, -5.681e-4
0.435, -5.832e-4
0.434, -5.987e-4
0.433, -6.138e-4
0.432, -6.302e-4
0.431, -6.468e-4
0.430, -6.630e-4
0.429, -6.808e-4
0.428, -6.985e-4
0.427, -7.160e-4
0.426, -7.343e-4
0.425, -7.528e-4
0.424, -7.719e-4
0.423, -7.910e-4
0.422, -8.091e-4
0.421, -8.285e-4
0.420, -8.485e-4
0.419, -8.681e-4
0.418, -8.880e-4
0.417, -9.078e-4
0.416, -9.282e-4
0.415, -9.485e-4
0.414, -9.685e-4
0.413, -9.891e-4
0.412, -1.009e-3
0.411, -1.030e-3
0.410, -1.047e-3
0.409, -1.059e-3
0.408, -1.080e-3
0.407, -1.101e-3
0.406, -1.123e-3
0.405, -1.144e-3
0.404, -1.166e-3
0.403, -1.188e-3
0.402, -1.210e-3
0.401, -1.233e-3
0.400, -1.255e-3
0.399, -1.278e-3
0.398, -1.300e-3
0.397, -1.323e-3
0.396, -1.345e-3
0.395, -1.369e-3
0.394, -1.392e-3
0.393, -1.416e-3
0.392, -1.440e-3
0.391, -1.465e-3
0.390, -1.490e-3
0.389, -1.514e-3
0.388, -1.539e-3
0.387, -1.564e-3
0.386, -1.589e-3
0.385, -1.614e-3
0.384, -1.639e-3
0.383, -1.665e-3
0.382, -1.689e-3
0.381, -1.714e-3
0.380, -1.738e-3
0.379, -1.762e-3
0.378, -1.785e-3
0.377, -1.808e-3
0.376, -1.830e-3
0.375, -1.852e-3
0.374, -1.873e-3
0.373, -1.894e-3
0.372, -1.912e-3
0.371, -1.929e-3
0.370, -1.946e-3
0.369, -1.961e-3
0.368, -1.975e-3
0.367, -1.987e-3
0.366, -1.997e-3
0.365, -2.004e-3
0.364, -2.010e-3
0.363, -2.012e-3
0.362, -2.012e-3
0.361, -2.009e-3
0.360, -2.001e-3
0.359, -1.990e-3
0.358, -1.975e-3
0.357, -1.957e-3
0.356, -1.932e-3
0.355, -1.903e-3
0.354, -1.868e-3
0.353, -1.828e-3
0.352, -1.782e-3
0.351, -1.730e-3
0.350, -1.672e-3
0.349, -1.609e-3
0.348, -1.539e-3
0.347, -1.466e-3
0.346, -1.388e-3
0.345, -1.307e-3
0.344, -1.224e-3
0.343, -1.140e-3
0.342, -1.058e-3
0.341, -9.778e-4
0.340, -9.012e-4
0.339, -8.291e-4
0.338, -7.616e-4
0.337, -6.997e-4
0.336, -6.432e-4
0.335, -5.926e-4
0.334, -5.472e-4
0.333, -5.066e-4
0.332, -4.705e-4
0.331, -4.379e-4
0.330, -4.091e-4
0.329, -3.840e-4
0.328, -3.611e-4
0.327, -3.403e-4
0.326, -3.214e-4
0.325, -3.048e-4
0.324, -2.896e-4
0.323, -2.756e-4
0.322, -2.633e-4
0.321, -2.516e-4
0.320, -2.411e-4
0.319, -2.313e-4
0.318, -2.224e-4
0.317, -2.143e-4
0.316, -2.063e-4
0.315, -1.993e-4
0.314, -1.928e-4
0.313, -1.866e-4
0.312, -1.808e-4
0.311, -1.755e-4
0.310, -1.704e-4
0.309, -1.658e-4
0.308, -1.613e-4
0.307, -1.572e-4
0.306, -1.530e-4
0.305, -1.489e-4
0.304, -1.452e-4
0.303, -1.418e-4
0.302, -1.385e-4
0.301, -1.351e-4
0.300, -1.320e-4
0.299, -1.290e-4
0.298, -1.263e-4
0.297, -1.235e-4
0.296, -1.209e-4
0.295, -1.187e-4
0.294, -1.166e-4
0.293, -1.144e-4
0.292, -1.120e-4
0.291, -1.096e-4
0.290, -1.076e-4
0.289, -1.056e-4
0.288, -1.038e-4
0.287, -1.021e-4
0.286, -1.003e-4
0.285, -9.847e-5
0.284, -9.675e-5
0.283, -9.516e-5
0.282, -9.374e-5
0.281, -9.231e-5
0.280, -9.089e-5
0.279, -8.954e-5
0.278, -8.814e-5
0.277, -8.671e-5
0.276, -8.525e-5
0.275, -8.402e-5
0.274, -8.281e-5
0.273, -8.160e-5
0.272, -8.040e-5
0.271, -7.928e-5
0.270, -7.825e-5
0.269, -7.703e-5
0.268, -7.606e-5
0.267, -7.497e-5
0.266, -7.407e-5
0.265, -7.295e-5
0.264, -7.198e-5
0.263, -7.116e-5
0.262, -7.022e-5
0.261, -6.953e-5
0.260, -6.873e-5
0.259, -6.792e-5
0.258, -6.726e-5
0.257, -6.663e-5
0.256, -6.593e-5
0.255, -6.507e-5
0.254, -6.425e-5
0.253, -6.338e-5
0.252, -6.259e-5
0.251, -6.180e-5
0.250, -6.106e-5
0.249, -6.034e-5
0.248, -5.955e-5
0.247, -5.888e-5
0.246, -5.823e-5
0.245, -5.764e-5
0.244, -5.707e-5
0.243, -5.642e-5
0.242, -5.588e-5
0.241, -5.530e-5
0.240, -5.471e-5
0.239, -5.423e-5
0.238, -5.368e-5
0.237, -5.310e-5
0.236, -5.268e-5
0.235, -5.208e-5
0.234, -5.164e-5
0.233, -5.110e-5
0.232, -5.056e-5
0.231, -5.009e-5
0.230, -4.964e-5
0.229, -4.908e-5
0.228, -4.860e-5
0.227, -4.802e-5
0.226, -4.763e-5
0.225, -4.722e-5
0.224, -4.672e-5
0.223, -4.634e-5
0.222, -4.589e-5
0.221, -4.560e-5
0.220, -4.521e-5
0.219, -4.479e-5
0.218, -4.442e-5
0.217, -4.420e-5
0.216, -4.372e-5
0.215, -4.340e-5
0.214, -4.296e-5
0.213, -4.272e-5
0.212, -4.238e-5
0.211, -4.203e-5
0.210, -4.169e-5
0.209, -4.138e-5
0.208, -4.103e-5
0.207, -4.071e-5
0.206, -4.037e-5
0.205, -3.993e-5
0.204, -3.959e-5
0.203, -3.933e-5
0.202, -3.906e-5
