Sept. 21, 2026   14:29:04
Cyclic Voltammetry
File: ss310_sheet_cv active 1.bin
Data Source:  Experiment
Instrument Model:  CHI660D
Header: 
Note: 

Init E (V) = 0.2
High E (V) = 0.8
Low E (V) = 0.2
Init P/N = P
Scan Rate (V/s) = 0.05
Segment = 50
Sample Interval (V) = 0.001
Quiet Time (sec) = 2
Sensitivity (A/V) = 0.01

Results:

Channel 1:
Segment 1:

Segment 2:

Segment 3:
Ep = 0.550V
ip = 4.666e-5A
Ah = 4.174e-5C

Segment 4:
Ep = 0.428V
ip = -8.763e-5A
Ah = -9.771e-5C

Segment 5:
Ep = 0.545V
ip = 7.445e-5A
Ah = 7.428e-5C

Segment 6:
Ep = 0.428V
ip = -7.407e-5A
Ah = -8.004e-5C

Segment 7:
Ep = 0.540V
ip = 1.038e-4A
Ah = 1.198e-4C

Segment 8:
Ep = 0.424V
ip = -5.323e-5A
Ah = -5.828e-5C

Segment 9:
Ep = 0.535V
ip = 1.189e-4A
Ah = 1.352e-4C

Segment 10:
Ep = 0.418V
ip = -4.450e-5A
Ah = -5.197e-5C

Segment 11:
Ep = 0.532V
ip = 1.308e-4A
Ah = 1.514e-4C

Segment 12:
Ep = 0.411V
ip = -4.232e-5A
Ah = -5.262e-5C

Segment 13:
Ep = 0.524V
ip = 1.449e-4A
Ah = 1.569e-4C

Segment 14:
Ep = 0.411V
ip = -4.609e-5A
Ah = -5.071e-5C

Segment 15:
Ep = 0.513V
ip = 1.616e-4A
Ah = 1.485e-4C

Segment 16:
Ep = 0.399V
ip = -4.901e-5A
Ah = -6.471e-5C

Segment 17:
Ep = 0.502V
ip = 1.801e-4A
Ah = 1.325e-4C

Segment 18:
Ep = 0.398V
ip = -5.801e-5A
Ah = -7.030e-5C

Segment 19:
Ep = 0.498V
ip = 2.001e-4A
Ah = 1.357e-4C

Segment 20:
Ep = 0.394V
ip = -6.481e-5A
Ah = -7.849e-5C

Segment 21:
Ep = 0.495V
ip = 2.222e-4A
Ah = 1.414e-4C

Segment 22:
Ep = 0.391V
ip = -7.251e-5A
Ah = -8.607e-5C

Segment 23:
Ep = 0.494V
ip = 2.459e-4A
Ah = 1.538e-4C

Segment 24:
Ep = 0.389V
ip = -8.075e-5A
Ah = -9.385e-5C

Segment 25:
Ep = 0.492V
ip = 2.707e-4A
Ah = 1.605e-4C

Segment 26:
Ep = 0.387V
ip = -8.909e-5A
Ah = -1.022e-4C

Segment 27:
Ep = 0.491V
ip = 2.971e-4A
Ah = 1.719e-4C

Segment 28:
Ep = 0.384V
ip = -9.636e-5A
Ah = -1.138e-4C

Segment 29:
Ep = 0.490V
ip = 3.249e-4A
Ah = 1.824e-4C

Segment 30:
Ep = 0.383V
ip = -1.066e-4A
Ah = -1.235e-4C

Segment 31:
Ep = 0.489V
ip = 3.547e-4A
Ah = 1.926e-4C

Segment 32:
Ep = 0.383V
ip = -1.184e-4A
Ah = -1.335e-4C

Segment 33:
Ep = 0.489V
ip = 3.866e-4A
Ah = 2.105e-4C

Segment 34:
Ep = 0.384V
ip = -1.313e-4A
Ah = -1.411e-4C

Segment 35:
Ep = 0.488V
ip = 4.201e-4A
Ah = 2.195e-4C

Segment 36:
Ep = 0.383V
ip = -1.432e-4A
Ah = -1.543e-4C

Segment 37:
Ep = 0.488V
ip = 4.557e-4A
Ah = 2.382e-4C

Segment 38:
Ep = 0.383V
ip = -1.566e-4A
Ah = -1.656e-4C

Segment 39:
Ep = 0.488V
ip = 4.934e-4A
Ah = 2.582e-4C

Segment 40:
Ep = 0.383V
ip = -1.699e-4A
Ah = -1.769e-4C

Segment 41:
Ep = 0.487V
ip = 5.330e-4A
Ah = 2.670e-4C

Segment 42:
Ep = 0.382V
ip = -1.834e-4A
Ah = -1.909e-4C

Segment 43:
Ep = 0.487V
ip = 5.738e-4A
Ah = 2.869e-4C

Segment 44:
Ep = 0.381V
ip = -1.969e-4A
Ah = -2.058e-4C

Segment 45:
Ep = 0.487V
ip = 6.153e-4A
Ah = 3.066e-4C

Segment 46:
Ep = 0.381V
ip = -2.111e-4A
Ah = -2.166e-4C

Segment 47:
Ep = 0.487V
ip = 6.587e-4A
Ah = 3.272e-4C

Segment 48:
Ep = 0.381V
ip = -2.270e-4A
Ah = -2.309e-4C

Segment 49:
Ep = 0.487V
ip = 7.031e-4A
Ah = 3.482e-4C

Segment 50:
Ep = 0.381V
ip = -2.446e-4A
Ah = -2.444e-4C

Potential/V, Current/A

0.200, 3.487e-5
0.201, 3.567e-5
0.202, 3.626e-5
0.203, 3.687e-5
0.204, 3.733e-5
0.205, 3.790e-5
0.206, 3.837e-5
0.207, 3.889e-5
0.208, 3.943e-5
0.209, 3.989e-5
0.210, 4.048e-5
0.211, 4.099e-5
0.212, 4.152e-5
0.213, 4.211e-5
0.214, 4.264e-5
0.215, 4.317e-5
0.216, 4.379e-5
0.217, 4.436e-5
0.218, 4.496e-5
0.219, 4.559e-5
0.220, 4.615e-5
0.221, 4.681e-5
0.222, 4.758e-5
0.223, 4.819e-5
0.224, 4.875e-5
0.225, 4.937e-5
0.226, 5.009e-5
0.227, 5.063e-5
0.228, 5.133e-5
0.229, 5.187e-5
0.230, 5.253e-5
0.231, 5.311e-5
0.232, 5.381e-5
0.233, 5.448e-5
0.234, 5.514e-5
0.235, 5.592e-5
0.236, 5.657e-5
0.237, 5.734e-5
0.238, 5.807e-5
0.239, 5.884e-5
0.240, 5.961e-5
0.241, 6.044e-5
0.242, 6.122e-5
0.243, 6.188e-5
0.244, 6.255e-5
0.245, 6.337e-5
0.246, 6.408e-5
0.247, 6.481e-5
0.248, 6.553e-5
0.249, 6.627e-5
0.250, 6.715e-5
0.251, 6.791e-5
0.252, 6.867e-5
0.253, 6.954e-5
0.254, 7.034e-5
0.255, 7.123e-5
0.256, 7.210e-5
0.257, 7.296e-5
0.258, 7.384e-5
0.259, 7.463e-5
0.260, 7.543e-5
0.261, 7.627e-5
0.262, 7.711e-5
0.263, 7.790e-5
0.264, 7.871e-5
0.265, 7.957e-5
0.266, 8.045e-5
0.267, 8.139e-5
0.268, 8.242e-5
0.269, 8.338e-5
0.270, 8.450e-5
0.271, 8.550e-5
0.272, 8.651e-5
0.273, 8.748e-5
0.274, 8.836e-5
0.275, 8.932e-5
0.276, 9.027e-5
0.277, 9.117e-5
0.278, 9.203e-5
0.279, 9.306e-5
0.280, 9.404e-5
0.281, 9.502e-5
0.282, 9.612e-5
0.283, 9.722e-5
0.284, 9.835e-5
0.285, 9.938e-5
0.286, 1.004e-4
0.287, 1.014e-4
0.288, 1.025e-4
0.289, 1.036e-4
0.290, 1.046e-4
0.291, 1.058e-4
0.292, 1.069e-4
0.293, 1.082e-4
0.294, 1.094e-4
0.295, 1.106e-4
0.296, 1.117e-4
0.297, 1.129e-4
0.298, 1.141e-4
0.299, 1.151e-4
0.300, 1.163e-4
0.301, 1.174e-4
0.302, 1.186e-4
0.303, 1.199e-4
0.304, 1.211e-4
0.305, 1.223e-4
0.306, 1.237e-4
0.307, 1.249e-4
0.308, 1.261e-4
0.309, 1.271e-4
0.310, 1.282e-4
0.311, 1.294e-4
0.312, 1.308e-4
0.313, 1.322e-4
0.314, 1.336e-4
0.315, 1.351e-4
0.316, 1.366e-4
0.317, 1.378e-4
0.318, 1.392e-4
0.319, 1.404e-4
0.320, 1.417e-4
0.321, 1.430e-4
0.322, 1.444e-4
0.323, 1.457e-4
0.324, 1.472e-4
0.325, 1.485e-4
0.326, 1.500e-4
0.327, 1.513e-4
0.328, 1.527e-4
0.329, 1.541e-4
0.330, 1.557e-4
0.331, 1.573e-4
0.332, 1.588e-4
0.333, 1.604e-4
0.334, 1.617e-4
0.335, 1.631e-4
0.336, 1.645e-4
0.337, 1.659e-4
0.338, 1.674e-4
0.339, 1.689e-4
0.340, 1.703e-4
0.341, 1.717e-4
0.342, 1.732e-4
0.343, 1.747e-4
0.344, 1.760e-4
0.345, 1.775e-4
0.346, 1.789e-4
0.347, 1.805e-4
0.348, 1.823e-4
0.349, 1.839e-4
0.350, 1.855e-4
0.351, 1.870e-4
0.352, 1.885e-4
0.353, 1.900e-4
0.354, 1.916e-4
0.355, 1.930e-4
0.356, 1.945e-4
0.357, 1.960e-4
0.358, 1.976e-4
0.359, 1.991e-4
0.360, 2.006e-4
0.361, 2.020e-4
0.362, 2.035e-4
0.363, 2.051e-4
0.364, 2.066e-4
0.365, 2.082e-4
0.366, 2.097e-4
0.367, 2.113e-4
0.368, 2.127e-4
0.369, 2.143e-4
0.370, 2.158e-4
0.371, 2.173e-4
0.372, 2.188e-4
0.373, 2.202e-4
0.374, 2.217e-4
0.375, 2.230e-4
0.376, 2.243e-4
0.377, 2.257e-4
0.378, 2.272e-4
0.379, 2.288e-4
0.380, 2.305e-4
0.381, 2.321e-4
0.382, 2.336e-4
0.383, 2.351e-4
0.384, 2.364e-4
0.385, 2.379e-4
0.386, 2.393e-4
0.387, 2.409e-4
0.388, 2.423e-4
0.389, 2.437e-4
0.390, 2.451e-4
0.391, 2.464e-4
0.392, 2.477e-4
0.393, 2.490e-4
0.394, 2.504e-4
0.395, 2.520e-4
0.396, 2.536e-4
0.397, 2.551e-4
0.398, 2.566e-4
0.399, 2.581e-4
0.400, 2.596e-4
0.401, 2.611e-4
0.402, 2.625e-4
0.403, 2.639e-4
0.404, 2.654e-4
0.405, 2.669e-4
0.406, 2.684e-4
0.407, 2.697e-4
0.408, 2.710e-4
0.409, 2.722e-4
0.410, 2.730e-4
0.411, 2.743e-4
0.412, 2.757e-4
0.413, 2.773e-4
0.414, 2.789e-4
0.415, 2.806e-4
0.416, 2.822e-4
0.417, 2.837e-4
0.418, 2.851e-4
0.419, 2.867e-4
0.420, 2.882e-4
0.421, 2.897e-4
0.422, 2.912e-4
0.423, 2.927e-4
0.424, 2.942e-4
0.425, 2.956e-4
0.426, 2.970e-4
0.427, 2.984e-4
0.428, 2.998e-4
0.429, 3.013e-4
0.430, 3.030e-4
0.431, 3.046e-4
0.432, 3.061e-4
0.433, 3.076e-4
0.434, 3.090e-4
0.435, 3.103e-4
0.436, 3.118e-4
0.437, 3.130e-4
0.438, 3.146e-4
0.439, 3.161e-4
0.440, 3.176e-4
0.441, 3.192e-4
0.442, 3.205e-4
0.443, 3.220e-4
0.444, 3.233e-4
0.445, 3.246e-4
0.446, 3.262e-4
0.447, 3.279e-4
0.448, 3.295e-4
0.449, 3.311e-4
0.450, 3.327e-4
0.451, 3.342e-4
0.452, 3.355e-4
0.453, 3.370e-4
0.454, 3.384e-4
0.455, 3.399e-4
0.456, 3.414e-4
0.457, 3.428e-4
0.458, 3.443e-4
0.459, 3.456e-4
0.460, 3.470e-4
0.461, 3.485e-4
0.462, 3.499e-4
0.463, 3.514e-4
0.464, 3.528e-4
0.465, 3.544e-4
0.466, 3.559e-4
0.467, 3.574e-4
0.468, 3.588e-4
0.469, 3.602e-4
0.470, 3.615e-4
0.471, 3.630e-4
0.472, 3.644e-4
0.473, 3.658e-4
0.474, 3.671e-4
0.475, 3.685e-4
0.476, 3.698e-4
0.477, 3.711e-4
0.478, 3.724e-4
0.479, 3.736e-4
0.480, 3.751e-4
0.481, 3.767e-4
0.482, 3.783e-4
0.483, 3.798e-4
0.484, 3.814e-4
0.485, 3.828e-4
0.486, 3.842e-4
0.487, 3.856e-4
0.488, 3.871e-4
0.489, 3.885e-4
0.490, 3.898e-4
0.491, 3.913e-4
0.492, 3.928e-4
0.493, 3.942e-4
0.494, 3.957e-4
0.495, 3.972e-4
0.496, 3.986e-4
0.497, 4.000e-4
0.498, 4.014e-4
0.499, 4.028e-4
0.500, 4.041e-4
0.501, 4.054e-4
0.502, 4.067e-4
0.503, 4.079e-4
0.504, 4.093e-4
0.505, 4.109e-4
0.506, 4.123e-4
0.507, 4.136e-4
0.508, 4.148e-4
0.509, 4.161e-4
0.510, 4.173e-4
0.511, 4.185e-4
0.512, 4.200e-4
0.513, 4.212e-4
0.514, 4.223e-4
0.515, 4.236e-4
0.516, 4.249e-4
0.517, 4.262e-4
0.518, 4.275e-4
0.519, 4.287e-4
0.520, 4.298e-4
0.521, 4.311e-4
0.522, 4.321e-4
0.523, 4.331e-4
0.524, 4.342e-4
0.525, 4.352e-4
0.526, 4.362e-4
0.527, 4.373e-4
0.528, 4.382e-4
0.529, 4.391e-4
0.530, 4.401e-4
0.531, 4.410e-4
0.532, 4.420e-4
0.533, 4.430e-4
0.534, 4.440e-4
0.535, 4.448e-4
0.536, 4.456e-4
0.537, 4.464e-4
0.538, 4.474e-4
0.539, 4.482e-4
0.540, 4.489e-4
0.541, 4.495e-4
0.542, 4.501e-4
0.543, 4.507e-4
0.544, 4.513e-4
0.545, 4.518e-4
0.546, 4.522e-4
0.547, 4.525e-4
0.548, 4.527e-4
0.549, 4.529e-4
0.550, 4.530e-4
0.551, 4.529e-4
0.552, 4.529e-4
0.553, 4.529e-4
0.554, 4.525e-4
0.555, 4.523e-4
0.556, 4.519e-4
0.557, 4.515e-4
0.558, 4.510e-4
0.559, 4.503e-4
0.560, 4.495e-4
0.561, 4.488e-4
0.562, 4.477e-4
0.563, 4.465e-4
0.564, 4.453e-4
0.565, 4.438e-4
0.566, 4.424e-4
0.567, 4.407e-4
0.568, 4.389e-4
0.569, 4.371e-4
0.570, 4.351e-4
0.571, 4.329e-4
0.572, 4.307e-4
0.573, 4.282e-4
0.574, 4.259e-4
0.575, 4.231e-4
0.576, 4.204e-4
0.577, 4.178e-4
0.578, 4.150e-4
0.579, 4.120e-4
0.580, 4.089e-4
0.581, 4.057e-4
0.582, 4.027e-4
0.583, 3.993e-4
0.584, 3.960e-4
0.585, 3.927e-4
0.586, 3.892e-4
0.587, 3.856e-4
0.588, 3.820e-4
0.589, 3.784e-4
0.590, 3.745e-4
0.591, 3.710e-4
0.592, 3.677e-4
0.593, 3.639e-4
0.594, 3.601e-4
0.595, 3.565e-4
0.596, 3.527e-4
0.597, 3.488e-4
0.598, 3.454e-4
0.599, 3.417e-4
0.600, 3.381e-4
0.601, 3.345e-4
0.602, 3.305e-4
0.603, 3.267e-4
0.604, 3.233e-4
0.605, 3.203e-4
0.606, 3.170e-4
0.607, 3.137e-4
0.608, 3.106e-4
0.609, 3.076e-4
0.610, 3.046e-4
0.611, 3.015e-4
0.612, 2.986e-4
0.613, 2.960e-4
0.614, 2.935e-4
0.615, 2.908e-4
0.616, 2.885e-4
0.617, 2.864e-4
0.618, 2.844e-4
0.619, 2.826e-4
0.620, 2.808e-4
0.621, 2.789e-4
0.622, 2.773e-4
0.623, 2.760e-4
0.624, 2.750e-4
0.625, 2.742e-4
0.626, 2.735e-4
0.627, 2.731e-4
0.628, 2.728e-4
0.629, 2.728e-4
0.630, 2.730e-4
0.631, 2.733e-4
0.632, 2.738e-4
0.633, 2.746e-4
0.634, 2.756e-4
0.635, 2.769e-4
0.636, 2.785e-4
0.637, 2.804e-4
0.638, 2.827e-4
0.639, 2.848e-4
0.640, 2.875e-4
0.641, 2.903e-4
0.642, 2.934e-4
0.643, 2.965e-4
0.644, 3.001e-4
0.645, 3.042e-4
0.646, 3.084e-4
0.647, 3.125e-4
0.648, 3.172e-4
0.649, 3.221e-4
0.650, 3.271e-4
0.651, 3.329e-4
0.652, 3.387e-4
0.653, 3.445e-4
0.654, 3.509e-4
0.655, 3.577e-4
0.656, 3.647e-4
0.657, 3.717e-4
0.658, 3.790e-4
0.659, 3.871e-4
0.660, 3.952e-4
0.661, 4.036e-4
0.662, 4.122e-4
0.663, 4.210e-4
0.664, 4.305e-4
0.665, 4.402e-4
0.666, 4.499e-4
0.667, 4.598e-4
0.668, 4.699e-4
0.669, 4.807e-4
0.670, 4.915e-4
0.671, 5.029e-4
0.672, 5.144e-4
0.673, 5.261e-4
0.674, 5.381e-4
0.675, 5.505e-4
0.676, 5.629e-4
0.677, 5.760e-4
0.678, 5.889e-4
0.679, 6.022e-4
0.680, 6.156e-4
0.681, 6.300e-4
0.682, 6.442e-4
0.683, 6.588e-4
0.684, 6.736e-4
0.685, 6.888e-4
0.686, 7.043e-4
0.687, 7.198e-4
0.688, 7.358e-4
0.689, 7.522e-4
0.690, 7.687e-4
0.691, 7.857e-4
0.692, 8.029e-4
0.693, 8.202e-4
0.694, 8.380e-4
0.695, 8.558e-4
0.696, 8.738e-4
0.697, 8.924e-4
0.698, 9.111e-4
0.699, 9.301e-4
0.700, 9.496e-4
0.701, 9.689e-4
0.702, 9.884e-4
0.703, 1.008e-3
0.704, 1.028e-3
0.705, 1.049e-3
0.706, 1.070e-3
0.707, 1.091e-3
0.708, 1.112e-3
0.709, 1.134e-3
0.710, 1.155e-3
0.711, 1.177e-3
0.712, 1.199e-3
0.713, 1.222e-3
0.714, 1.244e-3
0.715, 1.268e-3
0.716, 1.291e-3
0.717, 1.315e-3
0.718, 1.340e-3
0.719, 1.363e-3
0.720, 1.388e-3
0.721, 1.412e-3
0.722, 1.437e-3
0.723, 1.462e-3
0.724, 1.487e-3
0.725, 1.513e-3
0.726, 1.538e-3
0.727, 1.564e-3
0.728, 1.590e-3
0.729, 1.617e-3
0.730, 1.643e-3
0.731, 1.670e-3
0.732, 1.697e-3
0.733, 1.724e-3
0.734, 1.751e-3
0.735, 1.778e-3
0.736, 1.806e-3
0.737, 1.834e-3
0.738, 1.862e-3
0.739, 1.891e-3
0.740, 1.920e-3
0.741, 1.949e-3
0.742, 1.978e-3
0.743, 2.007e-3
0.744, 2.037e-3
0.745, 2.066e-3
0.746, 2.096e-3
0.747, 2.126e-3
0.748, 2.156e-3
0.749, 2.186e-3
0.750, 2.217e-3
0.751, 2.248e-3
0.752, 2.279e-3
0.753, 2.310e-3
0.754, 2.341e-3
0.755, 2.373e-3
0.756, 2.404e-3
0.757, 2.436e-3
0.758, 2.468e-3
0.759, 2.500e-3
0.760, 2.533e-3
0.761, 2.565e-3
0.762, 2.598e-3
0.763, 2.630e-3
0.764, 2.664e-3
0.765, 2.697e-3
0.766, 2.730e-3
0.767, 2.763e-3
0.768, 2.797e-3
0.769, 2.831e-3
0.770, 2.865e-3
0.771, 2.899e-3
0.772, 2.933e-3
0.773, 2.967e-3
0.774, 3.002e-3
0.775, 3.037e-3
0.776, 3.072e-3
0.777, 3.107e-3
0.778, 3.142e-3
0.779, 3.178e-3
0.780, 3.213e-3
0.781, 3.248e-3
0.782, 3.284e-3
0.783, 3.320e-3
0.784, 3.356e-3
0.785, 3.392e-3
0.786, 3.428e-3
0.787, 3.465e-3
0.788, 3.502e-3
0.789, 3.539e-3
0.790, 3.576e-3
0.791, 3.613e-3
0.792, 3.650e-3
0.793, 3.687e-3
0.794, 3.725e-3
0.795, 3.762e-3
0.796, 3.800e-3
0.797, 3.838e-3
0.798, 3.876e-3
0.799, 3.914e-3
0.800, 3.940e-3
0.799, 3.916e-3
0.798, 3.882e-3
0.797, 3.848e-3
0.796, 3.814e-3
0.795, 3.780e-3
0.794, 3.745e-3
0.793, 3.711e-3
0.792, 3.677e-3
0.791, 3.643e-3
0.790, 3.609e-3
0.789, 3.575e-3
0.788, 3.541e-3
0.787, 3.507e-3
0.786, 3.473e-3
0.785, 3.439e-3
0.784, 3.406e-3
0.783, 3.372e-3
0.782, 3.339e-3
0.781, 3.306e-3
0.780, 3.273e-3
0.779, 3.240e-3
0.778, 3.207e-3
0.777, 3.174e-3
0.776, 3.141e-3
0.775, 3.108e-3
0.774, 3.075e-3
0.773, 3.043e-3
0.772, 3.010e-3
0.771, 2.978e-3
0.770, 2.946e-3
0.769, 2.914e-3
0.768, 2.882e-3
0.767, 2.850e-3
0.766, 2.818e-3
0.765, 2.787e-3
0.764, 2.755e-3
0.763, 2.724e-3
0.762, 2.694e-3
0.761, 2.663e-3
0.760, 2.632e-3
0.759, 2.601e-3
0.758, 2.571e-3
0.757, 2.540e-3
0.756, 2.510e-3
0.755, 2.481e-3
0.754, 2.450e-3
0.753, 2.421e-3
0.752, 2.391e-3
0.751, 2.361e-3
0.750, 2.332e-3
0.749, 2.303e-3
0.748, 2.273e-3
0.747, 2.244e-3
0.746, 2.216e-3
0.745, 2.187e-3
0.744, 2.159e-3
0.743, 2.131e-3
0.742, 2.103e-3
0.741, 2.074e-3
0.740, 2.047e-3
0.739, 2.019e-3
0.738, 1.992e-3
0.737, 1.964e-3
0.736, 1.937e-3
0.735, 1.910e-3
0.734, 1.883e-3
0.733, 1.856e-3
0.732, 1.830e-3
0.731, 1.804e-3
0.730, 1.778e-3
0.729, 1.752e-3
0.728, 1.727e-3
0.727, 1.701e-3
0.726, 1.676e-3
0.725, 1.650e-3
0.724, 1.625e-3
0.723, 1.601e-3
0.722, 1.576e-3
0.721, 1.551e-3
0.720, 1.527e-3
0.719, 1.503e-3
0.718, 1.479e-3
0.717, 1.454e-3
0.716, 1.430e-3
0.715, 1.407e-3
0.714, 1.384e-3
0.713, 1.361e-3
0.712, 1.338e-3
0.711, 1.315e-3
0.710, 1.293e-3
0.709, 1.270e-3
0.708, 1.248e-3
0.707, 1.227e-3
0.706, 1.205e-3
0.705, 1.183e-3
0.704, 1.163e-3
0.703, 1.142e-3
0.702, 1.121e-3
0.701, 1.100e-3
0.700, 1.080e-3
0.699, 1.060e-3
0.698, 1.039e-3
0.697, 1.019e-3
0.696, 9.998e-4
0.695, 9.804e-4
0.694, 9.613e-4
0.693, 9.424e-4
0.692, 9.233e-4
0.691, 9.045e-4
0.690, 8.861e-4
0.689, 8.678e-4
0.688, 8.501e-4
0.687, 8.320e-4
0.686, 8.144e-4
0.685, 7.969e-4
0.684, 7.797e-4
0.683, 7.625e-4
0.682, 7.458e-4
0.681, 7.293e-4
0.680, 7.130e-4
0.679, 6.968e-4
0.678, 6.812e-4
0.677, 6.653e-4
0.676, 6.502e-4
0.675, 6.348e-4
0.674, 6.197e-4
0.673, 6.053e-4
0.672, 5.907e-4
0.671, 5.764e-4
0.670, 5.622e-4
0.669, 5.485e-4
0.668, 5.348e-4
0.667, 5.213e-4
0.666, 5.081e-4
0.665, 4.950e-4
0.664, 4.822e-4
0.663, 4.695e-4
0.662, 4.575e-4
0.661, 4.454e-4
0.660, 4.335e-4
0.659, 4.215e-4
0.658, 4.102e-4
0.657, 3.989e-4
0.656, 3.878e-4
0.655, 3.767e-4
0.654, 3.666e-4
0.653, 3.563e-4
0.652, 3.462e-4
0.651, 3.363e-4
0.650, 3.264e-4
0.649, 3.172e-4
0.648, 3.081e-4
0.647, 2.989e-4
0.646, 2.904e-4
0.645, 2.816e-4
0.644, 2.731e-4
0.643, 2.654e-4
0.642, 2.574e-4
0.641, 2.493e-4
0.640, 2.423e-4
0.639, 2.352e-4
0.638, 2.278e-4
0.637, 2.214e-4
0.636, 2.149e-4
0.635, 2.086e-4
0.634, 2.022e-4
0.633, 1.964e-4
0.632, 1.907e-4
0.631, 1.852e-4
0.630, 1.796e-4
0.629, 1.745e-4
0.628, 1.698e-4
0.627, 1.654e-4
0.626, 1.609e-4
0.625, 1.563e-4
0.624, 1.521e-4
0.623, 1.482e-4
0.622, 1.445e-4
0.621, 1.408e-4
0.620, 1.376e-4
0.619, 1.345e-4
0.618, 1.310e-4
0.617, 1.282e-4
0.616, 1.260e-4
0.615, 1.239e-4
0.614, 1.220e-4
0.613, 1.194e-4
0.612, 1.174e-4
0.611, 1.158e-4
0.610, 1.144e-4
0.609, 1.129e-4
0.608, 1.116e-4
0.607, 1.106e-4
0.606, 1.097e-4
0.605, 1.088e-4
0.604, 1.082e-4
0.603, 1.078e-4
0.602, 1.075e-4
0.601, 1.074e-4
0.600, 1.074e-4
0.599, 1.076e-4
0.598, 1.081e-4
0.597, 1.083e-4
0.596, 1.090e-4
0.595, 1.099e-4
0.594, 1.107e-4
0.593, 1.117e-4
0.592, 1.128e-4
0.591, 1.140e-4
0.590, 1.153e-4
0.589, 1.167e-4
0.588, 1.182e-4
0.587, 1.199e-4
0.586, 1.217e-4
0.585, 1.237e-4
0.584, 1.255e-4
0.583, 1.271e-4
0.582, 1.290e-4
0.581, 1.311e-4
0.580, 1.336e-4
0.579, 1.362e-4
0.578, 1.384e-4
0.577, 1.405e-4
0.576, 1.429e-4
0.575, 1.452e-4
0.574, 1.477e-4
0.573, 1.499e-4
0.572, 1.521e-4
0.571, 1.546e-4
0.570, 1.570e-4
0.569, 1.595e-4
0.568, 1.619e-4
0.567, 1.642e-4
0.566, 1.664e-4
0.565, 1.684e-4
0.564, 1.705e-4
0.563, 1.728e-4
0.562, 1.747e-4
0.561, 1.765e-4
0.560, 1.785e-4
0.559, 1.805e-4
0.558, 1.826e-4
0.557, 1.846e-4
0.556, 1.863e-4
0.555, 1.881e-4
0.554, 1.896e-4
0.553, 1.912e-4
0.552, 1.926e-4
0.551, 1.940e-4
0.550, 1.956e-4
0.549, 1.968e-4
0.548, 1.979e-4
0.547, 1.991e-4
0.546, 2.000e-4
0.545, 2.010e-4
0.544, 2.018e-4
0.543, 2.025e-4
0.542, 2.032e-4
0.541, 2.039e-4
0.540, 2.045e-4
0.539, 2.050e-4
0.538, 2.052e-4
0.537, 2.054e-4
0.536, 2.057e-4
0.535, 2.058e-4
0.534, 2.060e-4
0.533, 2.060e-4
0.532, 2.058e-4
0.531, 2.057e-4
0.530, 2.054e-4
0.529, 2.049e-4
0.528, 2.045e-4
0.527, 2.038e-4
0.526, 2.031e-4
0.525, 2.024e-4
0.524, 2.014e-4
0.523, 2.006e-4
0.522, 1.995e-4
0.521, 1.982e-4
0.520, 1.969e-4
0.519, 1.954e-4
0.518, 1.939e-4
0.517, 1.923e-4
0.516, 1.906e-4
0.515, 1.890e-4
0.514, 1.871e-4
0.513, 1.851e-4
0.512, 1.821e-4
0.511, 1.801e-4
0.510, 1.781e-4
0.509, 1.761e-4
0.508, 1.741e-4
0.507, 1.721e-4
0.506, 1.696e-4
0.505, 1.673e-4
0.504, 1.650e-4
0.503, 1.627e-4
0.502, 1.605e-4
0.501, 1.577e-4
0.500, 1.550e-4
0.499, 1.525e-4
0.498, 1.498e-4
0.497, 1.473e-4
0.496, 1.449e-4
0.495, 1.423e-4
0.494, 1.400e-4
0.493, 1.374e-4
0.492, 1.347e-4
0.491, 1.320e-4
0.490, 1.292e-4
0.489, 1.270e-4
0.488, 1.248e-4
0.487, 1.225e-4
0.486, 1.200e-4
0.485, 1.177e-4
0.484, 1.154e-4
0.483, 1.133e-4
0.482, 1.109e-4
0.481, 1.086e-4
0.480, 1.062e-4
0.479, 1.039e-4
0.478, 1.020e-4
0.477, 9.989e-5
0.476, 9.773e-5
0.475, 9.556e-5
0.474, 9.360e-5
0.473, 9.169e-5
0.472, 8.967e-5
0.471, 8.779e-5
0.470, 8.607e-5
0.469, 8.395e-5
0.468, 8.185e-5
0.467, 8.001e-5
0.466, 7.841e-5
0.465, 7.683e-5
0.464, 7.533e-5
0.463, 7.368e-5
0.462, 7.211e-5
0.461, 7.040e-5
0.460, 6.883e-5
0.459, 6.736e-5
0.458, 6.594e-5
0.457, 6.460e-5
0.456, 6.330e-5
0.455, 6.195e-5
0.454, 6.055e-5
0.453, 5.926e-5
0.452, 5.780e-5
0.451, 5.663e-5
0.450, 5.551e-5
0.449, 5.442e-5
0.448, 5.348e-5
0.447, 5.231e-5
0.446, 5.131e-5
0.445, 5.037e-5
0.444, 4.953e-5
0.443, 4.859e-5
0.442, 4.763e-5
0.441, 4.689e-5
0.440, 4.607e-5
0.439, 4.525e-5
0.438, 4.465e-5
0.437, 4.404e-5
0.436, 4.332e-5
0.435, 4.266e-5
0.434, 4.210e-5
0.433, 4.159e-5
0.432, 4.121e-5
0.431, 4.064e-5
0.430, 4.013e-5
0.429, 3.983e-5
0.428, 3.940e-5
0.427, 3.902e-5
0.426, 3.865e-5
0.425, 3.843e-5
0.424, 3.819e-5
0.423, 3.793e-5
0.422, 3.774e-5
0.421, 3.729e-5
0.420, 3.695e-5
0.419, 3.669e-5
0.418, 3.633e-5
0.417, 3.609e-5
0.416, 3.575e-5
0.415, 3.552e-5
0.414, 3.519e-5
0.413, 3.492e-5
0.412, 3.469e-5
0.411, 3.430e-5
0.410, 3.497e-5
0.409, 3.541e-5
0.408, 3.448e-5
0.407, 3.404e-5
0.406, 3.369e-5
0.405, 3.334e-5
0.404, 3.295e-5
0.403, 3.286e-5
0.402, 3.244e-5
0.401, 3.210e-5
0.400, 3.195e-5
0.399, 3.170e-5
0.398, 3.153e-5
0.397, 3.140e-5
0.396, 3.115e-5
0.395, 3.097e-5
0.394, 3.086e-5
0.393, 3.071e-5
0.392, 3.057e-5
0.391, 3.042e-5
0.390, 3.040e-5
0.389, 3.029e-5
0.388, 3.017e-5
0.387, 3.011e-5
0.386, 2.993e-5
0.385, 2.993e-5
0.384, 2.987e-5
0.383, 2.978e-5
0.382, 2.983e-5
0.381, 2.973e-5
0.380, 2.976e-5
0.379, 2.979e-5
0.378, 2.970e-5
0.377, 2.966e-5
0.376, 2.962e-5
0.375, 2.964e-5
0.374, 2.959e-5
0.373, 2.955e-5
0.372, 2.957e-5
0.371, 2.959e-5
0.370, 2.955e-5
0.369, 2.944e-5
0.368, 2.953e-5
0.367, 2.951e-5
0.366, 2.941e-5
0.365, 2.938e-5
0.364, 2.927e-5
0.363, 2.922e-5
0.362, 2.908e-5
0.361, 2.910e-5
0.360, 2.903e-5
0.359, 2.898e-5
0.358, 2.890e-5
0.357, 2.880e-5
0.356, 2.874e-5
0.355, 2.875e-5
0.354, 2.863e-5
0.353, 2.846e-5
0.352, 2.838e-5
0.351, 2.825e-5
0.350, 2.822e-5
0.349, 2.813e-5
0.348, 2.804e-5
0.347, 2.788e-5
0.346, 2.783e-5
0.345, 2.771e-5
0.344, 2.754e-5
0.343, 2.736e-5
0.342, 2.724e-5
0.341, 2.701e-5
0.340, 2.692e-5
0.339, 2.678e-5
0.338, 2.652e-5
0.337, 2.639e-5
0.336, 2.624e-5
0.335, 2.606e-5
0.334, 2.589e-5
0.333, 2.568e-5
0.332, 2.544e-5
0.331, 2.538e-5
0.330, 2.513e-5
0.329, 2.495e-5
0.328, 2.483e-5
0.327, 2.455e-5
0.326, 2.440e-5
0.325, 2.424e-5
0.324, 2.403e-5
0.323, 2.383e-5
0.322, 2.359e-5
0.321, 2.343e-5
0.320, 2.320e-5
0.319, 2.301e-5
0.318, 2.280e-5
0.317, 2.250e-5
0.316, 2.227e-5
0.315, 2.209e-5
0.314, 2.187e-5
0.313, 2.160e-5
0.312, 2.139e-5
0.311, 2.123e-5
0.310, 2.094e-5
0.309, 2.072e-5
0.308, 2.043e-5
0.307, 2.007e-5
0.306, 2.001e-5
0.305, 1.976e-5
0.304, 1.955e-5
0.303, 1.931e-5
0.302, 1.911e-5
0.301, 1.883e-5
0.300, 1.867e-5
0.299, 1.846e-5
0.298, 1.824e-5
0.297, 1.796e-5
0.296, 1.783e-5
0.295, 1.767e-5
0.294, 1.745e-5
0.293, 1.715e-5
0.292, 1.692e-5
0.291, 1.673e-5
0.290, 1.654e-5
0.289, 1.626e-5
0.288, 1.611e-5
0.287, 1.590e-5
0.286, 1.566e-5
0.285, 1.550e-5
0.284, 1.526e-5
0.283, 1.509e-5
0.282, 1.476e-5
0.281, 1.467e-5
0.280, 1.449e-5
0.279, 1.428e-5
0.278, 1.411e-5
0.277, 1.387e-5
0.276, 1.369e-5
0.275, 1.348e-5
0.274, 1.326e-5
0.273, 1.308e-5
0.272, 1.289e-5
0.271, 1.267e-5
0.270, 1.250e-5
0.269, 1.230e-5
0.268, 1.209e-5
0.267, 1.190e-5
0.266, 1.172e-5
0.265, 1.150e-5
0.264, 1.129e-5
0.263, 1.111e-5
0.262, 1.093e-5
0.261, 1.069e-5
0.260, 1.050e-5
0.259, 1.033e-5
0.258, 1.013e-5
0.257, 9.891e-6
0.256, 9.695e-6
0.255, 9.647e-6
0.254, 9.422e-6
0.253, 9.217e-6
0.252, 9.022e-6
0.251, 8.885e-6
0.250, 8.719e-6
0.249, 8.485e-6
0.248, 8.377e-6
0.247, 8.182e-6
0.246, 8.036e-6
0.245, 7.860e-6
0.244, 7.684e-6
0.243, 7.499e-6
0.242, 7.362e-6
0.241, 7.186e-6
0.240, 7.040e-6
0.239, 6.903e-6
0.238, 6.717e-6
0.237, 6.581e-6
0.236, 6.454e-6
0.235, 6.249e-6
0.234, 6.141e-6
0.233, 6.044e-6
0.232, 5.897e-6
0.231, 5.800e-6
0.230, 5.614e-6
0.229, 5.497e-6
0.228, 5.360e-6
0.227, 5.263e-6
0.226, 5.165e-6
0.225, 4.960e-6
0.224, 4.833e-6
0.223, 4.726e-6
0.222, 4.657e-6
0.221, 4.433e-6
0.220, 4.394e-6
0.219, 4.198e-6
0.218, 4.120e-6
0.217, 4.032e-6
0.216, 3.876e-6
0.215, 3.798e-6
0.214, 3.632e-6
0.213, 3.515e-6
0.212, 3.359e-6
0.211, 3.300e-6
0.210, 3.163e-6
0.209, 3.046e-6
0.208, 2.910e-6
0.207, 2.851e-6
0.206, 2.744e-6
0.205, 2.734e-6
0.204, 2.607e-6
0.203, 2.470e-6
0.202, 2.451e-6
0.201, 2.216e-6
0.200, 3.466e-6
0.201, 5.546e-6
0.202, 6.395e-6
0.203, 7.108e-6
0.204, 7.723e-6
0.205, 8.114e-6
0.206, 8.573e-6
0.207, 9.080e-6
0.208, 9.598e-6
0.209, 9.959e-6
0.210, 1.040e-5
0.211, 1.069e-5
0.212, 1.117e-5
0.213, 1.152e-5
0.214, 1.189e-5
0.215, 1.217e-5
0.216, 1.244e-5
0.217, 1.285e-5
0.218, 1.321e-5
0.219, 1.351e-5
0.220, 1.386e-5
0.221, 1.408e-5
0.222, 1.436e-5
0.223, 1.471e-5
0.224, 1.491e-5
0.225, 1.524e-5
0.226, 1.557e-5
0.227, 1.583e-5
0.228, 1.616e-5
0.229, 1.643e-5
0.230, 1.671e-5
0.231, 1.689e-5
0.232, 1.726e-5
0.233, 1.752e-5
0.234, 1.785e-5
0.235, 1.808e-5
0.236, 1.838e-5
0.237, 1.873e-5
0.238, 1.900e-5
0.239, 1.927e-5
0.240, 1.959e-5
0.241, 1.986e-5
0.242, 2.022e-5
0.243, 2.052e-5
0.244, 2.079e-5
0.245, 2.111e-5
0.246, 2.150e-5
0.247, 2.181e-5
0.248, 2.208e-5
0.249, 2.242e-5
0.250, 2.272e-5
0.251, 2.310e-5
0.252, 2.344e-5
0.253, 2.377e-5
0.254, 2.408e-5
0.255, 2.441e-5
0.256, 2.476e-5
0.257, 2.509e-5
0.258, 2.541e-5
0.259, 2.567e-5
0.260, 2.609e-5
0.261, 2.643e-5
0.262, 2.668e-5
0.263, 2.696e-5
0.264, 2.735e-5
0.265, 2.772e-5
0.266, 2.802e-5
0.267, 2.845e-5
0.268, 2.872e-5
0.269, 2.906e-5
0.270, 2.944e-5
0.271, 2.975e-5
0.272, 3.012e-5
0.273, 3.042e-5
0.274, 3.075e-5
0.275, 3.118e-5
0.276, 3.156e-5
0.277, 3.189e-5
0.278, 3.234e-5
0.279, 3.274e-5
0.280, 3.318e-5
0.281, 3.358e-5
0.282, 3.407e-5
0.283, 3.440e-5
0.284, 3.488e-5
0.285, 3.531e-5
0.286, 3.577e-5
0.287, 3.617e-5
0.288, 3.658e-5
0.289, 3.702e-5
0.290, 3.743e-5
0.291, 3.785e-5
0.292, 3.829e-5
0.293, 3.872e-5
0.294, 3.911e-5
0.295, 3.955e-5
0.296, 4.003e-5
0.297, 4.042e-5
0.298, 4.090e-5
0.299, 4.136e-5
0.300, 4.181e-5
0.301, 4.226e-5
0.302, 4.269e-5
0.303, 4.326e-5
0.304, 4.380e-5
0.305, 4.428e-5
0.306, 4.482e-5
0.307, 4.549e-5
0.308, 4.590e-5
0.309, 4.650e-5
0.310, 4.704e-5
0.311, 4.749e-5
0.312, 4.809e-5
0.313, 4.866e-5
0.314, 4.918e-5
0.315, 4.971e-5
0.316, 5.025e-5
0.317, 5.074e-5
0.318, 5.139e-5
0.319, 5.191e-5
0.320, 5.237e-5
0.321, 5.292e-5
0.322, 5.346e-5
0.323, 5.397e-5
0.324, 5.461e-5
0.325, 5.518e-5
0.326, 5.573e-5
0.327, 5.638e-5
0.328, 5.708e-5
0.329, 5.770e-5
0.330, 5.835e-5
0.331, 5.890e-5
0.332, 5.954e-5
0.333, 6.009e-5
0.334, 6.079e-5
0.335, 6.142e-5
0.336, 6.203e-5
0.337, 6.262e-5
0.338, 6.321e-5
0.339, 6.385e-5
0.340, 6.443e-5
0.341, 6.500e-5
0.342, 6.561e-5
0.343, 6.622e-5
0.344, 6.687e-5
0.345, 6.750e-5
0.346, 6.812e-5
0.347, 6.874e-5
0.348, 6.947e-5
0.349, 7.013e-5
0.350, 7.089e-5
0.351, 7.151e-5
0.352, 7.217e-5
0.353, 7.292e-5
0.354, 7.359e-5
0.355, 7.427e-5
0.356, 7.493e-5
0.357, 7.556e-5
0.358, 7.616e-5
0.359, 7.677e-5
0.360, 7.747e-5
0.361, 7.809e-5
0.362, 7.874e-5
0.363, 7.936e-5
0.364, 7.999e-5
0.365, 8.066e-5
0.366, 8.147e-5
0.367, 8.223e-5
0.368, 8.297e-5
0.369, 8.374e-5
0.370, 8.449e-5
0.371, 8.528e-5
0.372, 8.592e-5
0.373, 8.660e-5
0.374, 8.728e-5
0.375, 8.800e-5
0.376, 8.856e-5
0.377, 8.926e-5
0.378, 8.993e-5
0.379, 9.056e-5
0.380, 9.123e-5
0.381, 9.187e-5
0.382, 9.250e-5
0.383, 9.320e-5
0.384, 9.385e-5
0.385, 9.460e-5
0.386, 9.529e-5
0.387, 9.591e-5
0.388, 9.656e-5
0.389, 9.730e-5
0.390, 9.800e-5
0.391, 9.871e-5
0.392, 9.931e-5
0.393, 9.992e-5
0.394, 1.005e-4
0.395, 1.012e-4
0.396, 1.018e-4
0.397, 1.024e-4
0.398, 1.030e-4
0.399, 1.036e-4
0.400, 1.042e-4
0.401, 1.049e-4
0.402, 1.054e-4
0.403, 1.060e-4
0.404, 1.067e-4
0.405, 1.073e-4
0.406, 1.080e-4
0.407, 1.086e-4
0.408, 1.091e-4
0.409, 1.098e-4
0.410, 1.097e-4
0.411, 1.106e-4
0.412, 1.113e-4
0.413, 1.118e-4
0.414, 1.123e-4
0.415, 1.129e-4
0.416, 1.133e-4
0.417, 1.138e-4
0.418, 1.142e-4
0.419, 1.147e-4
0.420, 1.151e-4
0.421, 1.156e-4
0.422, 1.160e-4
0.423, 1.164e-4
0.424, 1.168e-4
0.425, 1.172e-4
0.426, 1.177e-4
0.427, 1.181e-4
0.428, 1.185e-4
0.429, 1.189e-4
0.430, 1.194e-4
0.431, 1.197e-4
0.432, 1.201e-4
0.433, 1.205e-4
0.434, 1.208e-4
0.435, 1.212e-4
0.436, 1.216e-4
0.437, 1.219e-4
0.438, 1.223e-4
0.439, 1.226e-4
0.440, 1.229e-4
0.441, 1.232e-4
0.442, 1.235e-4
0.443, 1.237e-4
0.444, 1.241e-4
0.445, 1.243e-4
0.446, 1.246e-4
0.447, 1.249e-4
0.448, 1.251e-4
0.449, 1.254e-4
0.450, 1.256e-4
0.451, 1.258e-4
0.452, 1.262e-4
0.453, 1.264e-4
0.454, 1.267e-4
0.455, 1.270e-4
0.456, 1.272e-4
0.457, 1.275e-4
0.458, 1.278e-4
0.459, 1.282e-4
0.460, 1.285e-4
0.461, 1.289e-4
0.462, 1.292e-4
0.463, 1.296e-4
0.464, 1.300e-4
0.465, 1.305e-4
0.466, 1.310e-4
0.467, 1.316e-4
0.468, 1.322e-4
0.469, 1.328e-4
0.470, 1.335e-4
0.471, 1.342e-4
0.472, 1.348e-4
0.473, 1.355e-4
0.474, 1.360e-4
0.475, 1.368e-4
0.476, 1.375e-4
0.477, 1.382e-4
0.478, 1.389e-4
0.479, 1.396e-4
0.480, 1.404e-4
0.481, 1.412e-4
0.482, 1.418e-4
0.483, 1.426e-4
0.484, 1.434e-4
0.485, 1.443e-4
0.486, 1.453e-4
0.487, 1.462e-4
0.488, 1.471e-4
0.489, 1.481e-4
0.490, 1.490e-4
0.491, 1.499e-4
0.492, 1.508e-4
0.493, 1.517e-4
0.494, 1.526e-4
0.495, 1.538e-4
0.496, 1.548e-4
0.497, 1.560e-4
0.498, 1.570e-4
0.499, 1.583e-4
0.500, 1.594e-4
0.501, 1.605e-4
0.502, 1.615e-4
0.503, 1.624e-4
0.504, 1.635e-4
0.505, 1.645e-4
0.506, 1.654e-4
0.507, 1.663e-4
0.508, 1.674e-4
0.509, 1.684e-4
0.510, 1.696e-4
0.511, 1.706e-4
0.512, 1.721e-4
0.513, 1.731e-4
0.514, 1.741e-4
0.515, 1.750e-4
0.516, 1.760e-4
0.517, 1.769e-4
0.518, 1.780e-4
0.519, 1.790e-4
0.520, 1.802e-4
0.521, 1.814e-4
0.522, 1.826e-4
0.523, 1.838e-4
0.524, 1.850e-4
0.525, 1.860e-4
0.526, 1.872e-4
0.527, 1.882e-4
0.528, 1.892e-4
0.529, 1.902e-4
0.530, 1.912e-4
0.531, 1.924e-4
0.532, 1.934e-4
0.533, 1.943e-4
0.534, 1.954e-4
0.535, 1.963e-4
0.536, 1.971e-4
0.537, 1.980e-4
0.538, 1.989e-4
0.539, 1.995e-4
0.540, 2.001e-4
0.541, 2.007e-4
0.542, 2.012e-4
0.543, 2.016e-4
0.544, 2.020e-4
0.545, 2.024e-4
0.546, 2.026e-4
0.547, 2.028e-4
0.548, 2.029e-4
0.549, 2.029e-4
0.550, 2.030e-4
0.551, 2.027e-4
0.552, 2.026e-4
0.553, 2.025e-4
0.554, 2.021e-4
0.555, 2.017e-4
0.556, 2.012e-4
0.557, 2.007e-4
0.558, 2.003e-4
0.559, 1.996e-4
0.560, 1.988e-4
0.561, 1.982e-4
0.562, 1.973e-4
0.563, 1.966e-4
0.564, 1.956e-4
0.565, 1.947e-4
0.566, 1.937e-4
0.567, 1.926e-4
0.568, 1.916e-4
0.569, 1.906e-4
0.570, 1.894e-4
0.571, 1.884e-4
0.572, 1.872e-4
0.573, 1.858e-4
0.574, 1.849e-4
0.575, 1.836e-4
0.576, 1.819e-4
0.577, 1.806e-4
0.578, 1.792e-4
0.579, 1.780e-4
0.580, 1.769e-4
0.581, 1.757e-4
0.582, 1.746e-4
0.583, 1.734e-4
0.584, 1.722e-4
0.585, 1.712e-4
0.586, 1.698e-4
0.587, 1.687e-4
0.588, 1.676e-4
0.589, 1.666e-4
0.590, 1.657e-4
0.591, 1.646e-4
0.592, 1.636e-4
0.593, 1.628e-4
0.594, 1.619e-4
0.595, 1.610e-4
0.596, 1.603e-4
0.597, 1.593e-4
0.598, 1.586e-4
0.599, 1.578e-4
0.600, 1.572e-4
0.601, 1.566e-4
0.602, 1.558e-4
0.603, 1.554e-4
0.604, 1.550e-4
0.605, 1.546e-4
0.606, 1.545e-4
0.607, 1.542e-4
0.608, 1.542e-4
0.609, 1.543e-4
0.610, 1.543e-4
0.611, 1.544e-4
0.612, 1.547e-4
0.613, 1.551e-4
0.614, 1.554e-4
0.615, 1.556e-4
0.616, 1.566e-4
0.617, 1.576e-4
0.618, 1.583e-4
0.619, 1.594e-4
0.620, 1.606e-4
0.621, 1.617e-4
0.622, 1.630e-4
0.623, 1.643e-4
0.624, 1.657e-4
0.625, 1.674e-4
0.626, 1.691e-4
0.627, 1.710e-4
0.628, 1.728e-4
0.629, 1.750e-4
0.630, 1.773e-4
0.631, 1.798e-4
0.632, 1.827e-4
0.633, 1.857e-4
0.634, 1.886e-4
0.635, 1.918e-4
0.636, 1.950e-4
0.637, 1.983e-4
0.638, 2.019e-4
0.639, 2.057e-4
0.640, 2.098e-4
0.641, 2.140e-4
0.642, 2.182e-4
0.643, 2.226e-4
0.644, 2.270e-4
0.645, 2.322e-4
0.646, 2.376e-4
0.647, 2.428e-4
0.648, 2.478e-4
0.649, 2.536e-4
0.650, 2.596e-4
0.651, 2.657e-4
0.652, 2.720e-4
0.653, 2.781e-4
0.654, 2.853e-4
0.655, 2.923e-4
0.656, 2.992e-4
0.657, 3.070e-4
0.658, 3.144e-4
0.659, 3.221e-4
0.660, 3.303e-4
0.661, 3.386e-4
0.662, 3.472e-4
0.663, 3.562e-4
0.664, 3.651e-4
0.665, 3.740e-4
0.666, 3.836e-4
0.667, 3.937e-4
0.668, 4.036e-4
0.669, 4.138e-4
0.670, 4.244e-4
0.671, 4.352e-4
0.672, 4.462e-4
0.673, 4.575e-4
0.674, 4.684e-4
0.675, 4.804e-4
0.676, 4.924e-4
0.677, 5.045e-4
0.678, 5.168e-4
0.679, 5.294e-4
0.680, 5.425e-4
0.681, 5.557e-4
0.682, 5.690e-4
0.683, 5.829e-4
0.684, 5.966e-4
0.685, 6.106e-4
0.686, 6.252e-4
0.687, 6.400e-4
0.688, 6.550e-4
0.689, 6.700e-4
0.690, 6.855e-4
0.691, 7.015e-4
0.692, 7.174e-4
0.693, 7.337e-4
0.694, 7.504e-4
0.695, 7.670e-4
0.696, 7.843e-4
0.697, 8.016e-4
0.698, 8.191e-4
0.699, 8.371e-4
0.700, 8.551e-4
0.701, 8.731e-4
0.702, 8.917e-4
0.703, 9.105e-4
0.704, 9.292e-4
0.705, 9.486e-4
0.706, 9.679e-4
0.707, 9.875e-4
0.708, 1.007e-3
0.709, 1.028e-3
0.710, 1.048e-3
0.711, 1.069e-3
0.712, 1.090e-3
0.713, 1.111e-3
0.714, 1.132e-3
0.715, 1.154e-3
0.716, 1.175e-3
0.717, 1.198e-3
0.718, 1.221e-3
0.719, 1.243e-3
0.720, 1.266e-3
0.721, 1.289e-3
0.722, 1.313e-3
0.723, 1.336e-3
0.724, 1.360e-3
0.725, 1.383e-3
0.726, 1.408e-3
0.727, 1.432e-3
0.728, 1.456e-3
0.729, 1.481e-3
0.730, 1.506e-3
0.731, 1.531e-3
0.732, 1.557e-3
0.733, 1.583e-3
0.734, 1.608e-3
0.735, 1.634e-3
0.736, 1.661e-3
0.737, 1.687e-3
0.738, 1.714e-3
0.739, 1.741e-3
0.740, 1.768e-3
0.741, 1.795e-3
0.742, 1.822e-3
0.743, 1.850e-3
0.744, 1.878e-3
0.745, 1.906e-3
0.746, 1.934e-3
0.747, 1.963e-3
0.748, 1.991e-3
0.749, 2.020e-3
0.750, 2.049e-3
0.751, 2.078e-3
0.752, 2.108e-3
0.753, 2.137e-3
0.754, 2.167e-3
0.755, 2.197e-3
0.756, 2.227e-3
0.757, 2.257e-3
0.758, 2.287e-3
0.759, 2.318e-3
0.760, 2.348e-3
0.761, 2.380e-3
0.762, 2.411e-3
0.763, 2.442e-3
0.764, 2.474e-3
0.765, 2.505e-3
0.766, 2.537e-3
0.767, 2.569e-3
0.768, 2.601e-3
0.769, 2.633e-3
0.770, 2.666e-3
0.771, 2.698e-3
0.772, 2.731e-3
0.773, 2.763e-3
0.774, 2.796e-3
0.775, 2.830e-3
0.776, 2.863e-3
0.777, 2.897e-3
0.778, 2.930e-3
0.779, 2.964e-3
0.780, 2.998e-3
0.781, 3.032e-3
0.782, 3.066e-3
0.783, 3.101e-3
0.784, 3.135e-3
0.785, 3.170e-3
0.786, 3.205e-3
0.787, 3.240e-3
0.788, 3.275e-3
0.789, 3.310e-3
0.790, 3.346e-3
0.791, 3.381e-3
0.792, 3.417e-3
0.793, 3.453e-3
0.794, 3.489e-3
0.795, 3.526e-3
0.796, 3.562e-3
0.797, 3.598e-3
0.798, 3.635e-3
0.799, 3.672e-3
0.800, 3.696e-3
0.799, 3.672e-3
0.798, 3.638e-3
0.797, 3.604e-3
0.796, 3.571e-3
0.795, 3.537e-3
0.794, 3.503e-3
0.793, 3.469e-3
0.792, 3.436e-3
0.791, 3.402e-3
0.790, 3.369e-3
0.789, 3.336e-3
0.788, 3.303e-3
0.787, 3.270e-3
0.786, 3.237e-3
0.785, 3.204e-3
0.784, 3.171e-3
0.783, 3.139e-3
0.782, 3.106e-3
0.781, 3.073e-3
0.780, 3.041e-3
0.779, 3.009e-3
0.778, 2.977e-3
0.777, 2.945e-3
0.776, 2.914e-3
0.775, 2.882e-3
0.774, 2.850e-3
0.773, 2.819e-3
0.772, 2.787e-3
0.771, 2.756e-3
0.770, 2.726e-3
0.769, 2.695e-3
0.768, 2.664e-3
0.767, 2.633e-3
0.766, 2.603e-3
0.765, 2.573e-3
0.764, 2.543e-3
0.763, 2.513e-3
0.762, 2.483e-3
0.761, 2.453e-3
0.760, 2.423e-3
0.759, 2.394e-3
0.758, 2.365e-3
0.757, 2.335e-3
0.756, 2.306e-3
0.755, 2.278e-3
0.754, 2.249e-3
0.753, 2.221e-3
0.752, 2.192e-3
0.751, 2.164e-3
0.750, 2.136e-3
0.749, 2.108e-3
0.748, 2.081e-3
0.747, 2.053e-3
0.746, 2.026e-3
0.745, 1.999e-3
0.744, 1.972e-3
0.743, 1.945e-3
0.742, 1.918e-3
0.741, 1.891e-3
0.740, 1.865e-3
0.739, 1.839e-3
0.738, 1.812e-3
0.737, 1.787e-3
0.736, 1.761e-3
0.735, 1.736e-3
0.734, 1.711e-3
0.733, 1.685e-3
0.732, 1.661e-3
0.731, 1.636e-3
0.730, 1.611e-3
0.729, 1.587e-3
0.728, 1.563e-3
0.727, 1.539e-3
0.726, 1.515e-3
0.725, 1.491e-3
0.724, 1.467e-3
0.723, 1.444e-3
0.722, 1.421e-3
0.721, 1.398e-3
0.720, 1.375e-3
0.719, 1.352e-3
0.718, 1.330e-3
0.717, 1.307e-3
0.716, 1.285e-3
0.715, 1.263e-3
0.714, 1.241e-3
0.713, 1.220e-3
0.712, 1.198e-3
0.711, 1.177e-3
0.710, 1.157e-3
0.709, 1.136e-3
0.708, 1.116e-3
0.707, 1.095e-3
0.706, 1.075e-3
0.705, 1.055e-3
0.704, 1.036e-3
0.703, 1.016e-3
0.702, 9.966e-4
0.701, 9.775e-4
0.700, 9.586e-4
0.699, 9.399e-4
0.698, 9.212e-4
0.697, 9.027e-4
0.696, 8.846e-4
0.695, 8.665e-4
0.694, 8.490e-4
0.693, 8.311e-4
0.692, 8.135e-4
0.691, 7.964e-4
0.690, 7.792e-4
0.689, 7.622e-4
0.688, 7.457e-4
0.687, 7.293e-4
0.686, 7.130e-4
0.685, 6.969e-4
0.684, 6.811e-4
0.683, 6.655e-4
0.682, 6.504e-4
0.681, 6.351e-4
0.680, 6.200e-4
0.679, 6.054e-4
0.678, 5.911e-4
0.677, 5.769e-4
0.676, 5.626e-4
0.675, 5.488e-4
0.674, 5.350e-4
0.673, 5.213e-4
0.672, 5.081e-4
0.671, 4.951e-4
0.670, 4.822e-4
0.669, 4.693e-4
0.668, 4.571e-4
0.667, 4.448e-4
0.666, 4.326e-4
0.665, 4.205e-4
0.664, 4.089e-4
0.663, 3.974e-4
0.662, 3.860e-4
0.661, 3.747e-4
0.660, 3.642e-4
0.659, 3.535e-4
0.658, 3.430e-4
0.657, 3.326e-4
0.656, 3.225e-4
0.655, 3.129e-4
0.654, 3.033e-4
0.653, 2.940e-4
0.652, 2.848e-4
0.651, 2.754e-4
0.650, 2.668e-4
0.649, 2.582e-4
0.648, 2.494e-4
0.647, 2.415e-4
0.646, 2.335e-4
0.645, 2.253e-4
0.644, 2.180e-4
0.643, 2.107e-4
0.642, 2.032e-4
0.641, 1.962e-4
0.640, 1.893e-4
0.639, 1.823e-4
0.638, 1.757e-4
0.637, 1.696e-4
0.636, 1.636e-4
0.635, 1.576e-4
0.634, 1.514e-4
0.633, 1.459e-4
0.632, 1.405e-4
0.631, 1.352e-4
0.630, 1.297e-4
0.629, 1.252e-4
0.628, 1.204e-4
0.627, 1.159e-4
0.626, 1.113e-4
0.625, 1.068e-4
0.624, 1.026e-4
0.623, 9.865e-5
0.622, 9.472e-5
0.621, 9.110e-5
0.620, 8.765e-5
0.619, 8.414e-5
0.618, 8.055e-5
0.617, 7.753e-5
0.616, 7.472e-5
0.615, 7.187e-5
0.614, 6.947e-5
0.613, 6.658e-5
0.612, 6.419e-5
0.611, 6.174e-5
0.610, 5.938e-5
0.609, 5.718e-5
0.608, 5.505e-5
0.607, 5.330e-5
0.606, 5.148e-5
0.605, 4.986e-5
0.604, 4.830e-5
0.603, 4.684e-5
0.602, 4.528e-5
0.601, 4.409e-5
0.600, 4.292e-5
0.599, 4.161e-5
0.598, 4.076e-5
0.597, 3.992e-5
0.596, 3.918e-5
0.595, 3.849e-5
0.594, 3.788e-5
0.593, 3.742e-5
0.592, 3.701e-5
0.591, 3.654e-5
0.590, 3.624e-5
0.589, 3.591e-5
0.588, 3.570e-5
0.587, 3.569e-5
0.586, 3.552e-5
0.585, 3.560e-5
0.584, 3.575e-5
0.583, 3.562e-5
0.582, 3.582e-5
0.581, 3.611e-5
0.580, 3.623e-5
0.579, 3.666e-5
0.578, 3.675e-5
0.577, 3.706e-5
0.576, 3.767e-5
0.575, 3.790e-5
0.574, 3.825e-5
0.573, 3.869e-5
0.572, 3.918e-5
0.571, 3.972e-5
0.570, 4.021e-5
0.569, 4.064e-5
0.568, 4.120e-5
0.567, 4.168e-5
0.566, 4.229e-5
0.565, 4.276e-5
0.564, 4.334e-5
0.563, 4.380e-5
0.562, 4.426e-5
0.561, 4.484e-5
0.560, 4.546e-5
0.559, 4.596e-5
0.558, 4.656e-5
0.557, 4.697e-5
0.556, 4.721e-5
0.555, 4.772e-5
0.554, 4.814e-5
0.553, 4.857e-5
0.552, 4.883e-5
0.551, 4.912e-5
0.550, 4.960e-5
0.549, 4.978e-5
0.548, 4.996e-5
0.547, 5.018e-5
0.546, 5.021e-5
0.545, 5.037e-5
0.544, 5.045e-5
0.543, 5.041e-5
0.542, 5.066e-5
0.541, 5.065e-5
0.540, 5.065e-5
0.539, 5.076e-5
0.538, 5.038e-5
0.537, 5.030e-5
0.536, 5.024e-5
0.535, 5.018e-5
0.534, 5.008e-5
0.533, 4.981e-5
0.532, 4.944e-5
0.531, 4.927e-5
0.530, 4.889e-5
0.529, 4.866e-5
0.528, 4.830e-5
0.527, 4.776e-5
0.526, 4.728e-5
0.525, 4.700e-5
0.524, 4.647e-5
0.523, 4.584e-5
0.522, 4.514e-5
0.521, 4.474e-5
0.520, 4.387e-5
0.519, 4.306e-5
0.518, 4.244e-5
0.517, 4.179e-5
0.516, 4.093e-5
0.515, 4.042e-5
0.514, 3.953e-5
0.513, 3.863e-5
0.512, 3.713e-5
0.511, 3.654e-5
0.510, 3.605e-5
0.509, 3.509e-5
0.508, 3.415e-5
0.507, 3.326e-5
0.506, 3.215e-5
0.505, 3.126e-5
0.504, 3.031e-5
0.503, 2.949e-5
0.502, 2.853e-5
0.501, 2.753e-5
0.500, 2.647e-5
0.499, 2.584e-5
0.498, 2.460e-5
0.497, 2.325e-5
0.496, 2.211e-5
0.495, 2.098e-5
0.494, 1.984e-5
0.493, 1.869e-5
0.492, 1.759e-5
0.491, 1.647e-5
0.490, 1.528e-5
0.489, 1.416e-5
0.488, 1.303e-5
0.487, 1.166e-5
0.486, 1.054e-5
0.485, 9.315e-6
0.484, 8.094e-6
0.483, 7.108e-6
0.482, 5.839e-6
0.481, 4.374e-6
0.480, 3.359e-6
0.479, 2.168e-6
0.478, 9.178e-7
0.477, -2.050e-7
0.476, -1.543e-6
0.475, -2.597e-6
0.474, -3.808e-6
0.473, -4.843e-6
0.472, -6.132e-6
0.471, -7.284e-6
0.470, -8.329e-6
0.469, -9.588e-6
0.468, -1.095e-5
0.467, -1.196e-5
0.466, -1.328e-5
0.465, -1.450e-5
0.464, -1.565e-5
0.463, -1.683e-5
0.462, -1.780e-5
0.461, -1.878e-5
0.460, -1.977e-5
0.459, -2.060e-5
0.458, -2.151e-5
0.457, -2.240e-5
0.456, -2.334e-5
0.455, -2.439e-5
0.454, -2.511e-5
0.453, -2.594e-5
0.452, -2.685e-5
0.451, -2.762e-5
0.450, -2.835e-5
0.449, -2.899e-5
0.448, -2.951e-5
0.447, -3.033e-5
0.446, -3.091e-5
0.445, -3.158e-5
0.444, -3.203e-5
0.443, -3.276e-5
0.442, -3.331e-5
0.441, -3.376e-5
0.440, -3.413e-5
0.439, -3.463e-5
0.438, -3.480e-5
0.437, -3.526e-5
0.436, -3.541e-5
0.435, -3.588e-5
0.434, -3.610e-5
0.433, -3.625e-5
0.432, -3.645e-5
0.431, -3.667e-5
0.430, -3.677e-5
0.429, -3.684e-5
0.428, -3.702e-5
0.427, -3.684e-5
0.426, -3.691e-5
0.425, -3.688e-5
0.424, -3.691e-5
0.423, -3.693e-5
0.422, -3.653e-5
0.421, -3.646e-5
0.420, -3.651e-5
0.419, -3.633e-5
0.418, -3.636e-5
0.417, -3.624e-5
0.416, -3.610e-5
0.415, -3.589e-5
0.414, -3.568e-5
0.413, -3.559e-5
0.412, -3.550e-5
0.411, -3.526e-5
0.410, -3.406e-5
0.409, -3.296e-5
0.408, -3.359e-5
0.407, -3.352e-5
0.406, -3.342e-5
0.405, -3.335e-5
0.404, -3.322e-5
0.403, -3.285e-5
0.402, -3.280e-5
0.401, -3.261e-5
0.400, -3.227e-5
0.399, -3.201e-5
0.398, -3.169e-5
0.397, -3.129e-5
0.396, -3.094e-5
0.395, -3.064e-5
0.394, -3.034e-5
0.393, -2.992e-5
0.392, -2.959e-5
0.391, -2.916e-5
0.390, -2.873e-5
0.389, -2.831e-5
0.388, -2.782e-5
0.387, -2.740e-5
0.386, -2.693e-5
0.385, -2.641e-5
0.384, -2.590e-5
0.383, -2.547e-5
0.382, -2.501e-5
0.381, -2.431e-5
0.380, -2.373e-5
0.379, -2.330e-5
0.378, -2.279e-5
0.377, -2.224e-5
0.376, -2.166e-5
0.375, -2.117e-5
0.374, -2.064e-5
0.373, -2.006e-5
0.372, -1.955e-5
0.371, -1.905e-5
0.370, -1.853e-5
0.369, -1.817e-5
0.368, -1.750e-5
0.367, -1.705e-5
0.366, -1.653e-5
0.365, -1.604e-5
0.364, -1.545e-5
0.363, -1.484e-5
0.362, -1.428e-5
0.361, -1.377e-5
0.360, -1.337e-5
0.359, -1.285e-5
0.358, -1.236e-5
0.357, -1.179e-5
0.356, -1.142e-5
0.355, -1.088e-5
0.354, -1.041e-5
0.353, -9.949e-6
0.352, -9.529e-6
0.351, -9.178e-6
0.350, -8.700e-6
0.349, -8.368e-6
0.348, -8.036e-6
0.347, -7.635e-6
0.346, -7.245e-6
0.345, -6.952e-6
0.344, -6.600e-6
0.343, -6.386e-6
0.342, -6.014e-6
0.341, -5.731e-6
0.340, -5.468e-6
0.339, -5.067e-6
0.338, -4.882e-6
0.337, -4.638e-6
0.336, -4.364e-6
0.335, -4.140e-6
0.334, -3.935e-6
0.333, -3.740e-6
0.332, -3.447e-6
0.331, -3.320e-6
0.330, -3.066e-6
0.329, -2.880e-6
0.328, -2.675e-6
0.327, -2.578e-6
0.326, -2.382e-6
0.325, -2.236e-6
0.324, -2.148e-6
0.323, -1.953e-6
0.322, -1.914e-6
0.321, -1.738e-6
0.320, -1.533e-6
0.319, -1.455e-6
0.318, -1.347e-6
0.317, -1.240e-6
0.316, -1.152e-6
0.315, -9.569e-7
0.314, -9.373e-7
0.313, -8.787e-7
0.312, -7.420e-7
0.311, -6.444e-7
0.310, -6.737e-7
0.309, -6.249e-7
0.308, -5.663e-7
0.307, -6.835e-7
0.306, -4.980e-7
0.305, -4.394e-7
0.304, -4.003e-7
0.303, -3.710e-7
0.302, -2.832e-7
0.301, -2.539e-7
0.300, -2.539e-7
0.299, -1.562e-7
0.298, -1.269e-7
0.297, -9.764e-8
0.296, -5.858e-8
0.295, -6.835e-8
0.294, -4.283e-13
0.293, -7.811e-8
0.292, -5.858e-8
0.291, 1.953e-8
0.290, 1.953e-8
0.289, -9.764e-8
0.288, -1.953e-8
0.287, -1.953e-8
0.286, -4.882e-8
0.285, -9.764e-8
0.284, -9.764e-9
0.283, -9.764e-8
0.282, -1.074e-7
0.281, -7.811e-8
0.280, -1.269e-7
0.279, -1.757e-7
0.278, -1.855e-7
0.277, -1.757e-7
0.276, -2.148e-7
0.275, -2.343e-7
0.274, -2.246e-7
0.273, -2.636e-7
0.272, -2.734e-7
0.271, -2.832e-7
0.270, -3.124e-7
0.269, -3.320e-7
0.268, -3.906e-7
0.267, -3.710e-7
0.266, -4.296e-7
0.265, -4.980e-7
0.264, -4.491e-7
0.263, -5.468e-7
0.262, -5.858e-7
0.261, -5.761e-7
0.260, -7.518e-7
0.259, -6.932e-7
0.258, -8.202e-7
0.257, -8.006e-7
0.256, -7.128e-7
0.255, -8.104e-7
0.254, -8.983e-7
0.253, -9.471e-7
0.252, -1.054e-6
0.251, -1.045e-6
0.250, -1.054e-6
0.249, -1.103e-6
0.248, -1.191e-6
0.247, -1.142e-6
0.246, -1.191e-6
0.245, -1.220e-6
0.244, -1.308e-6
0.243, -1.260e-6
0.242, -1.318e-6
0.241, -1.357e-6
0.240, -1.357e-6
0.239, -1.416e-6
0.238, -1.533e-6
0.237, -1.523e-6
0.236, -1.621e-6
0.235, -1.631e-6
0.234, -1.699e-6
0.233, -1.679e-6
0.232, -1.767e-6
0.231, -1.806e-6
0.230, -1.836e-6
0.229, -1.933e-6
0.228, -1.943e-6
0.227, -2.002e-6
0.226, -2.060e-6
0.225, -2.050e-6
0.224, -2.089e-6
0.223, -2.177e-6
0.222, -2.207e-6
0.221, -2.197e-6
0.220, -2.246e-6
0.219, -2.334e-6
0.218, -2.334e-6
0.217, -2.402e-6
0.216, -2.402e-6
0.215, -2.441e-6
0.214, -2.509e-6
0.213, -2.529e-6
0.212, -2.568e-6
0.211, -2.578e-6
0.210, -2.578e-6
0.209, -2.685e-6
0.208, -2.685e-6
0.207, -2.783e-6
0.206, -2.763e-6
0.205, -2.753e-6
0.204, -2.841e-6
0.203, -2.871e-6
0.202, -2.939e-6
0.201, -2.997e-6
0.200, -1.718e-6
0.201, 7.811e-7
0.202, 1.640e-6
0.203, 2.275e-6
0.204, 2.792e-6
0.205, 3.193e-6
0.206, 3.642e-6
0.207, 4.013e-6
0.208, 4.384e-6
0.209, 4.765e-6
0.210, 5.077e-6
0.211, 5.370e-6
0.212, 5.634e-6
0.213, 5.868e-6
0.214, 6.190e-6
0.215, 6.454e-6
0.216, 6.688e-6
0.217, 7.010e-6
0.218, 7.147e-6
0.219, 7.538e-6
0.220, 7.723e-6
0.221, 7.918e-6
0.222, 8.123e-6
0.223, 8.397e-6
0.224, 8.612e-6
0.225, 8.963e-6
0.226, 9.149e-6
0.227, 9.334e-6
0.228, 9.608e-6
0.229, 9.803e-6
0.230, 1.005e-5
0.231, 1.021e-5
0.232, 1.047e-5
0.233, 1.067e-5
0.234, 1.088e-5
0.235, 1.110e-5
0.236, 1.127e-5
0.237, 1.144e-5
0.238, 1.166e-5
0.239, 1.185e-5
0.240, 1.209e-5
0.241, 1.224e-5
0.242, 1.252e-5
0.243, 1.275e-5
0.244, 1.301e-5
0.245, 1.317e-5
0.246, 1.330e-5
0.247, 1.351e-5
0.248, 1.382e-5
0.249, 1.394e-5
0.250, 1.416e-5
0.251, 1.435e-5
0.252, 1.457e-5
0.253, 1.470e-5
0.254, 1.490e-5
0.255, 1.523e-5
0.256, 1.539e-5
0.257, 1.562e-5
0.258, 1.576e-5
0.259, 1.605e-5
0.260, 1.624e-5
0.261, 1.639e-5
0.262, 1.657e-5
0.263, 1.684e-5
0.264, 1.705e-5
0.265, 1.735e-5
0.266, 1.749e-5
0.267, 1.770e-5
0.268, 1.794e-5
0.269, 1.817e-5
0.270, 1.845e-5
0.271, 1.861e-5
0.272, 1.880e-5
0.273, 1.906e-5
0.274, 1.930e-5
0.275, 1.958e-5
0.276, 1.980e-5
0.277, 1.994e-5
0.278, 2.020e-5
0.279, 2.046e-5
0.280, 2.068e-5
0.281, 2.099e-5
0.282, 2.123e-5
0.283, 2.147e-5
0.284, 2.171e-5
0.285, 2.195e-5
0.286, 2.231e-5
0.287, 2.255e-5
0.288, 2.280e-5
0.289, 2.310e-5
0.290, 2.330e-5
0.291, 2.353e-5
0.292, 2.380e-5
0.293, 2.410e-5
0.294, 2.439e-5
0.295, 2.464e-5
0.296, 2.490e-5
0.297, 2.513e-5
0.298, 2.539e-5
0.299, 2.565e-5
0.300, 2.596e-5
0.301, 2.628e-5
0.302, 2.644e-5
0.303, 2.678e-5
0.304, 2.709e-5
0.305, 2.736e-5
0.306, 2.763e-5
0.307, 2.798e-5
0.308, 2.815e-5
0.309, 2.841e-5
0.310, 2.872e-5
0.311, 2.902e-5
0.312, 2.928e-5
0.313, 2.949e-5
0.314, 2.977e-5
0.315, 3.009e-5
0.316, 3.036e-5
0.317, 3.064e-5
0.318, 3.096e-5
0.319, 3.118e-5
0.320, 3.150e-5
0.321, 3.183e-5
0.322, 3.214e-5
0.323, 3.246e-5
0.324, 3.283e-5
0.325, 3.315e-5
0.326, 3.344e-5
0.327, 3.374e-5
0.328, 3.415e-5
0.329, 3.451e-5
0.330, 3.479e-5
0.331, 3.510e-5
0.332, 3.554e-5
0.333, 3.581e-5
0.334, 3.617e-5
0.335, 3.653e-5
0.336, 3.682e-5
0.337, 3.716e-5
0.338, 3.749e-5
0.339, 3.782e-5
0.340, 3.812e-5
0.341, 3.839e-5
0.342, 3.877e-5
0.343, 3.918e-5
0.344, 3.948e-5
0.345, 3.978e-5
0.346, 4.005e-5
0.347, 4.041e-5
0.348, 4.071e-5
0.349, 4.104e-5
0.350, 4.141e-5
0.351, 4.172e-5
0.352, 4.212e-5
0.353, 4.240e-5
0.354, 4.281e-5
0.355, 4.320e-5
0.356, 4.359e-5
0.357, 4.387e-5
0.358, 4.426e-5
0.359, 4.470e-5
0.360, 4.509e-5
0.361, 4.548e-5
0.362, 4.580e-5
0.363, 4.621e-5
0.364, 4.661e-5
0.365, 4.693e-5
0.366, 4.734e-5
0.367, 4.775e-5
0.368, 4.809e-5
0.369, 4.854e-5
0.370, 4.887e-5
0.371, 4.917e-5
0.372, 4.957e-5
0.373, 4.991e-5
0.374, 5.031e-5
0.375, 5.066e-5
0.376, 5.101e-5
0.377, 5.134e-5
0.378, 5.163e-5
0.379, 5.199e-5
0.380, 5.238e-5
0.381, 5.264e-5
0.382, 5.302e-5
0.383, 5.339e-5
0.384, 5.367e-5
0.385, 5.400e-5
0.386, 5.435e-5
0.387, 5.463e-5
0.388, 5.502e-5
0.389, 5.537e-5
0.390, 5.575e-5
0.391, 5.608e-5
0.392, 5.644e-5
0.393, 5.682e-5
0.394, 5.717e-5
0.395, 5.751e-5
0.396, 5.790e-5
0.397, 5.823e-5
0.398, 5.854e-5
0.399, 5.895e-5
0.400, 5.934e-5
0.401, 5.964e-5
0.402, 5.994e-5
0.403, 6.029e-5
0.404, 6.052e-5
0.405, 6.081e-5
0.406, 6.116e-5
0.407, 6.147e-5
0.408, 6.170e-5
0.409, 6.195e-5
0.410, 6.170e-5
0.411, 6.232e-5
0.412, 6.277e-5
0.413, 6.308e-5
0.414, 6.334e-5
0.415, 6.366e-5
0.416, 6.388e-5
0.417, 6.420e-5
0.418, 6.447e-5
0.419, 6.461e-5
0.420, 6.494e-5
0.421, 6.522e-5
0.422, 6.544e-5
0.423, 6.570e-5
0.424, 6.593e-5
0.425, 6.615e-5
0.426, 6.644e-5
0.427, 6.669e-5
0.428, 6.696e-5
0.429, 6.712e-5
0.430, 6.737e-5
0.431, 6.763e-5
0.432, 6.797e-5
0.433, 6.828e-5
0.434, 6.840e-5
0.435, 6.877e-5
0.436, 6.903e-5
0.437, 6.923e-5
0.438, 6.963e-5
0.439, 6.992e-5
0.440, 7.006e-5
0.441, 7.046e-5
0.442, 7.083e-5
0.443, 7.102e-5
0.444, 7.139e-5
0.445, 7.171e-5
0.446, 7.213e-5
0.447, 7.249e-5
0.448, 7.275e-5
0.449, 7.314e-5
0.450, 7.354e-5
0.451, 7.395e-5
0.452, 7.446e-5
0.453, 7.482e-5
0.454, 7.534e-5
0.455, 7.585e-5
0.456, 7.632e-5
0.457, 7.683e-5
0.458, 7.733e-5
0.459, 7.797e-5
0.460, 7.854e-5
0.461, 7.919e-5
0.462, 7.984e-5
0.463, 8.065e-5
0.464, 8.136e-5
0.465, 8.235e-5
0.466, 8.328e-5
0.467, 8.447e-5
0.468, 8.552e-5
0.469, 8.648e-5
0.470, 8.761e-5
0.471, 8.865e-5
0.472, 8.969e-5
0.473, 9.088e-5
0.474, 9.189e-5
0.475, 9.315e-5
0.476, 9.445e-5
0.477, 9.560e-5
0.478, 9.714e-5
0.479, 9.861e-5
0.480, 9.991e-5
0.481, 1.014e-4
0.482, 1.026e-4
0.483, 1.041e-4
0.484, 1.056e-4
0.485, 1.071e-4
0.486, 1.087e-4
0.487, 1.104e-4
0.488, 1.118e-4
0.489, 1.133e-4
0.490, 1.146e-4
0.491, 1.160e-4
0.492, 1.174e-4
0.493, 1.189e-4
0.494, 1.204e-4
0.495, 1.220e-4
0.496, 1.234e-4
0.497, 1.248e-4
0.498, 1.260e-4
0.499, 1.272e-4
0.500, 1.284e-4
0.501, 1.296e-4
0.502, 1.311e-4
0.503, 1.326e-4
0.504, 1.341e-4
0.505, 1.355e-4
0.506, 1.368e-4
0.507, 1.381e-4
0.508, 1.393e-4
0.509, 1.404e-4
0.510, 1.417e-4
0.511, 1.428e-4
0.512, 1.446e-4
0.513, 1.460e-4
0.514, 1.469e-4
0.515, 1.481e-4
0.516, 1.494e-4
0.517, 1.504e-4
0.518, 1.515e-4
0.519, 1.526e-4
0.520, 1.537e-4
0.521, 1.550e-4
0.522, 1.561e-4
0.523, 1.574e-4
0.524, 1.587e-4
0.525, 1.596e-4
0.526, 1.608e-4
0.527, 1.620e-4
0.528, 1.630e-4
0.529, 1.639e-4
0.530, 1.648e-4
0.531, 1.656e-4
0.532, 1.666e-4
0.533, 1.673e-4
0.534, 1.681e-4
0.535, 1.687e-4
0.536, 1.695e-4
0.537, 1.701e-4
0.538, 1.708e-4
0.539, 1.712e-4
0.540, 1.715e-4
0.541, 1.718e-4
0.542, 1.722e-4
0.543, 1.723e-4
0.544, 1.723e-4
0.545, 1.724e-4
0.546, 1.724e-4
0.547, 1.722e-4
0.548, 1.719e-4
0.549, 1.716e-4
0.550, 1.715e-4
0.551, 1.708e-4
0.552, 1.704e-4
0.553, 1.698e-4
0.554, 1.694e-4
0.555, 1.687e-4
0.556, 1.681e-4
0.557, 1.672e-4
0.558, 1.667e-4
0.559, 1.658e-4
0.560, 1.649e-4
0.561, 1.642e-4
0.562, 1.633e-4
0.563, 1.625e-4
0.564, 1.616e-4
0.565, 1.604e-4
0.566, 1.593e-4
0.567, 1.582e-4
0.568, 1.572e-4
0.569, 1.560e-4
0.570, 1.547e-4
0.571, 1.536e-4
0.572, 1.525e-4
0.573, 1.513e-4
0.574, 1.504e-4
0.575, 1.493e-4
0.576, 1.480e-4
0.577, 1.471e-4
0.578, 1.460e-4
0.579, 1.450e-4
0.580, 1.439e-4
0.581, 1.429e-4
0.582, 1.420e-4
0.583, 1.410e-4
0.584, 1.401e-4
0.585, 1.393e-4
0.586, 1.383e-4
0.587, 1.376e-4
0.588, 1.368e-4
0.589, 1.360e-4
0.590, 1.352e-4
0.591, 1.343e-4
0.592, 1.334e-4
0.593, 1.328e-4
0.594, 1.322e-4
0.595, 1.316e-4
0.596, 1.311e-4
0.597, 1.305e-4
0.598, 1.302e-4
0.599, 1.298e-4
0.600, 1.296e-4
0.601, 1.294e-4
0.602, 1.289e-4
0.603, 1.289e-4
0.604, 1.290e-4
0.605, 1.290e-4
0.606, 1.291e-4
0.607, 1.293e-4
0.608, 1.295e-4
0.609, 1.298e-4
0.610, 1.302e-4
0.611, 1.308e-4
0.612, 1.314e-4
0.613, 1.321e-4
0.614, 1.329e-4
0.615, 1.333e-4
0.616, 1.347e-4
0.617, 1.360e-4
0.618, 1.371e-4
0.619, 1.383e-4
0.620, 1.396e-4
0.621, 1.409e-4
0.622, 1.424e-4
0.623, 1.440e-4
0.624, 1.459e-4
0.625, 1.478e-4
0.626, 1.498e-4
0.627, 1.518e-4
0.628, 1.541e-4
0.629, 1.565e-4
0.630, 1.595e-4
0.631, 1.620e-4
0.632, 1.648e-4
0.633, 1.677e-4
0.634, 1.707e-4
0.635, 1.738e-4
0.636, 1.770e-4
0.637, 1.806e-4
0.638, 1.847e-4
0.639, 1.884e-4
0.640, 1.925e-4
0.641, 1.968e-4
0.642, 2.010e-4
0.643, 2.055e-4
0.644, 2.103e-4
0.645, 2.152e-4
0.646, 2.203e-4
0.647, 2.251e-4
0.648, 2.307e-4
0.649, 2.367e-4
0.650, 2.423e-4
0.651, 2.478e-4
0.652, 2.542e-4
0.653, 2.607e-4
0.654, 2.673e-4
0.655, 2.739e-4
0.656, 2.811e-4
0.657, 2.886e-4
0.658, 2.960e-4
0.659, 3.037e-4
0.660, 3.116e-4
0.661, 3.197e-4
0.662, 3.278e-4
0.663, 3.366e-4
0.664, 3.455e-4
0.665, 3.545e-4
0.666, 3.638e-4
0.667, 3.731e-4
0.668, 3.829e-4
0.669, 3.930e-4
0.670, 4.032e-4
0.671, 4.137e-4
0.672, 4.242e-4
0.673, 4.353e-4
0.674, 4.464e-4
0.675, 4.578e-4
0.676, 4.693e-4
0.677, 4.812e-4
0.678, 4.932e-4
0.679, 5.055e-4
0.680, 5.180e-4
0.681, 5.311e-4
0.682, 5.441e-4
0.683, 5.574e-4
0.684, 5.709e-4
0.685, 5.847e-4
0.686, 5.987e-4
0.687, 6.126e-4
0.688, 6.273e-4
0.689, 6.423e-4
0.690, 6.573e-4
0.691, 6.726e-4
0.692, 6.883e-4
0.693, 7.043e-4
0.694, 7.203e-4
0.695, 7.366e-4
0.696, 7.533e-4
0.697, 7.700e-4
0.698, 7.873e-4
0.699, 8.046e-4
0.700, 8.221e-4
0.701, 8.399e-4
0.702, 8.580e-4
0.703, 8.762e-4
0.704, 8.947e-4
0.705, 9.134e-4
0.706, 9.323e-4
0.707, 9.516e-4
0.708, 9.710e-4
0.709, 9.904e-4
0.710, 1.010e-3
0.711, 1.030e-3
0.712, 1.051e-3
0.713, 1.072e-3
0.714, 1.092e-3
0.715, 1.113e-3
0.716, 1.135e-3
0.717, 1.157e-3
0.718, 1.179e-3
0.719, 1.201e-3
0.720, 1.223e-3
0.721, 1.246e-3
0.722, 1.268e-3
0.723, 1.291e-3
0.724, 1.315e-3
0.725, 1.338e-3
0.726, 1.361e-3
0.727, 1.385e-3
0.728, 1.409e-3
0.729, 1.433e-3
0.730, 1.457e-3
0.731, 1.482e-3
0.732, 1.507e-3
0.733, 1.532e-3
0.734, 1.557e-3
0.735, 1.583e-3
0.736, 1.608e-3
0.737, 1.634e-3
0.738, 1.661e-3
0.739, 1.686e-3
0.740, 1.713e-3
0.741, 1.740e-3
0.742, 1.767e-3
0.743, 1.793e-3
0.744, 1.821e-3
0.745, 1.848e-3
0.746, 1.876e-3
0.747, 1.903e-3
0.748, 1.931e-3
0.749, 1.960e-3
0.750, 1.989e-3
0.751, 2.017e-3
0.752, 2.046e-3
0.753, 2.074e-3
0.754, 2.104e-3
0.755, 2.133e-3
0.756, 2.162e-3
0.757, 2.191e-3
0.758, 2.221e-3
0.759, 2.251e-3
0.760, 2.281e-3
0.761, 2.312e-3
0.762, 2.342e-3
0.763, 2.373e-3
0.764, 2.404e-3
0.765, 2.435e-3
0.766, 2.466e-3
0.767, 2.497e-3
0.768, 2.529e-3
0.769, 2.560e-3
0.770, 2.592e-3
0.771, 2.624e-3
0.772, 2.656e-3
0.773, 2.688e-3
0.774, 2.721e-3
0.775, 2.753e-3
0.776, 2.786e-3
0.777, 2.818e-3
0.778, 2.851e-3
0.779, 2.885e-3
0.780, 2.918e-3
0.781, 2.951e-3
0.782, 2.985e-3
0.783, 3.018e-3
0.784, 3.052e-3
0.785, 3.086e-3
0.786, 3.120e-3
0.787, 3.155e-3
0.788, 3.190e-3
0.789, 3.225e-3
0.790, 3.259e-3
0.791, 3.294e-3
0.792, 3.329e-3
0.793, 3.364e-3
0.794, 3.400e-3
0.795, 3.435e-3
0.796, 3.471e-3
0.797, 3.507e-3
0.798, 3.543e-3
0.799, 3.579e-3
0.800, 3.603e-3
0.799, 3.578e-3
0.798, 3.543e-3
0.797, 3.509e-3
0.796, 3.475e-3
0.795, 3.442e-3
0.794, 3.408e-3
0.793, 3.374e-3
0.792, 3.340e-3
0.791, 3.307e-3
0.790, 3.274e-3
0.789, 3.241e-3
0.788, 3.207e-3
0.787, 3.175e-3
0.786, 3.142e-3
0.785, 3.109e-3
0.784, 3.076e-3
0.783, 3.043e-3
0.782, 3.011e-3
0.781, 2.979e-3
0.780, 2.947e-3
0.779, 2.915e-3
0.778, 2.883e-3
0.777, 2.852e-3
0.776, 2.820e-3
0.775, 2.789e-3
0.774, 2.757e-3
0.773, 2.726e-3
0.772, 2.695e-3
0.771, 2.664e-3
0.770, 2.634e-3
0.769, 2.603e-3
0.768, 2.572e-3
0.767, 2.542e-3
0.766, 2.512e-3
0.765, 2.482e-3
0.764, 2.453e-3
0.763, 2.423e-3
0.762, 2.393e-3
0.761, 2.364e-3
0.760, 2.335e-3
0.759, 2.305e-3
0.758, 2.277e-3
0.757, 2.248e-3
0.756, 2.220e-3
0.755, 2.191e-3
0.754, 2.163e-3
0.753, 2.135e-3
0.752, 2.108e-3
0.751, 2.080e-3
0.750, 2.052e-3
0.749, 2.025e-3
0.748, 1.998e-3
0.747, 1.971e-3
0.746, 1.943e-3
0.745, 1.917e-3
0.744, 1.890e-3
0.743, 1.864e-3
0.742, 1.837e-3
0.741, 1.811e-3
0.740, 1.786e-3
0.739, 1.760e-3
0.738, 1.735e-3
0.737, 1.710e-3
0.736, 1.685e-3
0.735, 1.660e-3
0.734, 1.635e-3
0.733, 1.611e-3
0.732, 1.586e-3
0.731, 1.562e-3
0.730, 1.538e-3
0.729, 1.514e-3
0.728, 1.491e-3
0.727, 1.467e-3
0.726, 1.444e-3
0.725, 1.421e-3
0.724, 1.398e-3
0.723, 1.375e-3
0.722, 1.353e-3
0.721, 1.331e-3
0.720, 1.308e-3
0.719, 1.286e-3
0.718, 1.264e-3
0.717, 1.242e-3
0.716, 1.220e-3
0.715, 1.199e-3
0.714, 1.178e-3
0.713, 1.158e-3
0.712, 1.137e-3
0.711, 1.116e-3
0.710, 1.096e-3
0.709, 1.076e-3
0.708, 1.056e-3
0.707, 1.037e-3
0.706, 1.017e-3
0.705, 9.978e-4
0.704, 9.790e-4
0.703, 9.602e-4
0.702, 9.416e-4
0.701, 9.230e-4
0.700, 9.047e-4
0.699, 8.865e-4
0.698, 8.684e-4
0.697, 8.508e-4
0.696, 8.331e-4
0.695, 8.156e-4
0.694, 7.987e-4
0.693, 7.816e-4
0.692, 7.646e-4
0.691, 7.479e-4
0.690, 7.316e-4
0.689, 7.154e-4
0.688, 6.995e-4
0.687, 6.835e-4
0.686, 6.681e-4
0.685, 6.531e-4
0.684, 6.376e-4
0.683, 6.223e-4
0.682, 6.078e-4
0.681, 5.935e-4
0.680, 5.794e-4
0.679, 5.650e-4
0.678, 5.515e-4
0.677, 5.376e-4
0.676, 5.241e-4
0.675, 5.108e-4
0.674, 4.976e-4
0.673, 4.847e-4
0.672, 4.718e-4
0.671, 4.594e-4
0.670, 4.472e-4
0.669, 4.349e-4
0.668, 4.229e-4
0.667, 4.112e-4
0.666, 3.994e-4
0.665, 3.880e-4
0.664, 3.767e-4
0.663, 3.660e-4
0.662, 3.551e-4
0.661, 3.445e-4
0.660, 3.342e-4
0.659, 3.238e-4
0.658, 3.141e-4
0.657, 3.043e-4
0.656, 2.947e-4
0.655, 2.853e-4
0.654, 2.758e-4
0.653, 2.674e-4
0.652, 2.584e-4
0.651, 2.494e-4
0.650, 2.415e-4
0.649, 2.332e-4
0.648, 2.248e-4
0.647, 2.173e-4
0.646, 2.098e-4
0.645, 2.021e-4
0.644, 1.949e-4
0.643, 1.880e-4
0.642, 1.805e-4
0.641, 1.739e-4
0.640, 1.674e-4
0.639, 1.612e-4
0.638, 1.545e-4
0.637, 1.485e-4
0.636, 1.426e-4
0.635, 1.369e-4
0.634, 1.308e-4
0.633, 1.258e-4
0.632, 1.205e-4
0.631, 1.154e-4
0.630, 1.106e-4
0.629, 1.054e-4
0.628, 1.009e-4
0.627, 9.649e-5
0.626, 9.208e-5
0.625, 8.795e-5
0.624, 8.380e-5
0.623, 7.952e-5
0.622, 7.607e-5
0.621, 7.235e-5
0.620, 6.860e-5
0.619, 6.525e-5
0.618, 6.210e-5
0.617, 5.881e-5
0.616, 5.564e-5
0.615, 5.275e-5
0.614, 5.041e-5
0.613, 4.728e-5
0.612, 4.460e-5
0.611, 4.210e-5
0.610, 3.968e-5
0.609, 3.748e-5
0.608, 3.538e-5
0.607, 3.328e-5
0.606, 3.132e-5
0.605, 2.943e-5
0.604, 2.791e-5
0.603, 2.636e-5
0.602, 2.483e-5
0.601, 2.333e-5
0.600, 2.172e-5
0.599, 2.039e-5
0.598, 1.896e-5
0.597, 1.781e-5
0.596, 1.668e-5
0.595, 1.573e-5
0.594, 1.467e-5
0.593, 1.377e-5
0.592, 1.302e-5
0.591, 1.218e-5
0.590, 1.148e-5
0.589, 1.058e-5
0.588, 9.949e-6
0.587, 9.520e-6
0.586, 8.924e-6
0.585, 8.348e-6
0.584, 8.075e-6
0.583, 7.655e-6
0.582, 7.284e-6
0.581, 7.098e-6
0.580, 6.835e-6
0.579, 6.688e-6
0.578, 6.386e-6
0.577, 6.278e-6
0.576, 6.503e-6
0.575, 6.093e-6
0.574, 6.122e-6
0.573, 6.112e-6
0.572, 6.093e-6
0.571, 6.102e-6
0.570, 5.966e-6
0.569, 5.966e-6
0.568, 6.132e-6
0.567, 6.161e-6
0.566, 6.259e-6
0.565, 6.317e-6
0.564, 6.376e-6
0.563, 6.415e-6
0.562, 6.464e-6
0.561, 6.542e-6
0.560, 6.757e-6
0.559, 6.757e-6
0.558, 6.874e-6
0.557, 6.874e-6
0.556, 7.001e-6
0.555, 7.235e-6
0.554, 7.176e-6
0.553, 7.215e-6
0.552, 7.274e-6
0.551, 7.323e-6
0.550, 7.528e-6
0.549, 7.274e-6
0.548, 7.245e-6
0.547, 7.313e-6
0.546, 7.206e-6
0.545, 7.098e-6
0.544, 7.089e-6
0.543, 6.864e-6
0.542, 6.903e-6
0.541, 6.659e-6
0.540, 6.571e-6
0.539, 6.493e-6
0.538, 6.395e-6
0.537, 6.044e-6
0.536, 6.063e-6
0.535, 5.819e-6
0.534, 5.604e-6
0.533, 5.331e-6
0.532, 5.058e-6
0.531, 4.843e-6
0.530, 4.482e-6
0.529, 4.120e-6
0.528, 3.954e-6
0.527, 3.495e-6
0.526, 3.359e-6
0.525, 2.822e-6
0.524, 2.578e-6
0.523, 2.129e-6
0.522, 1.543e-6
0.521, 1.181e-6
0.520, 7.616e-7
0.519, 1.855e-7
0.518, -3.320e-7
0.517, -7.811e-7
0.516, -1.484e-6
0.515, -1.923e-6
0.514, -2.646e-6
0.513, -3.203e-6
0.512, -4.491e-6
0.511, -4.843e-6
0.510, -5.165e-6
0.509, -5.761e-6
0.508, -6.473e-6
0.507, -7.040e-6
0.506, -7.723e-6
0.505, -8.514e-6
0.504, -9.227e-6
0.503, -9.871e-6
0.502, -1.054e-5
0.501, -1.139e-5
0.500, -1.227e-5
0.499, -1.283e-5
0.498, -1.385e-5
0.497, -1.482e-5
0.496, -1.555e-5
0.495, -1.648e-5
0.494, -1.731e-5
0.493, -1.826e-5
0.492, -1.906e-5
0.491, -1.977e-5
0.490, -2.053e-5
0.489, -2.139e-5
0.488, -2.228e-5
0.487, -2.325e-5
0.486, -2.407e-5
0.485, -2.503e-5
0.484, -2.605e-5
0.483, -2.684e-5
0.482, -2.787e-5
0.481, -2.898e-5
0.480, -2.982e-5
0.479, -3.087e-5
0.478, -3.170e-5
0.477, -3.287e-5
0.476, -3.378e-5
0.475, -3.473e-5
0.474, -3.580e-5
0.473, -3.669e-5
0.472, -3.782e-5
0.471, -3.908e-5
0.470, -4.003e-5
0.469, -4.112e-5
0.468, -4.226e-5
0.467, -4.315e-5
0.466, -4.406e-5
0.465, -4.504e-5
0.464, -4.588e-5
0.463, -4.694e-5
0.462, -4.792e-5
0.461, -4.909e-5
0.460, -5.011e-5
0.459, -5.096e-5
0.458, -5.194e-5
0.457, -5.286e-5
0.456, -5.372e-5
0.455, -5.473e-5
0.454, -5.545e-5
0.453, -5.619e-5
0.452, -5.697e-5
0.451, -5.771e-5
0.450, -5.866e-5
0.449, -5.942e-5
0.448, -5.993e-5
0.447, -6.068e-5
0.446, -6.138e-5
0.445, -6.207e-5
0.444, -6.279e-5
0.443, -6.334e-5
0.442, -6.403e-5
0.441, -6.470e-5
0.440, -6.497e-5
0.439, -6.549e-5
0.438, -6.589e-5
0.437, -6.627e-5
0.436, -6.648e-5
0.435, -6.677e-5
0.434, -6.699e-5
0.433, -6.721e-5
0.432, -6.724e-5
0.431, -6.745e-5
0.430, -6.755e-5
0.429, -6.764e-5
0.428, -6.773e-5
0.427, -6.762e-5
0.426, -6.758e-5
0.425, -6.758e-5
0.424, -6.758e-5
0.423, -6.748e-5
0.422, -6.726e-5
0.421, -6.717e-5
0.420, -6.720e-5
0.419, -6.699e-5
0.418, -6.690e-5
0.417, -6.677e-5
0.416, -6.660e-5
0.415, -6.646e-5
0.414, -6.619e-5
0.413, -6.599e-5
0.412, -6.577e-5
0.411, -6.547e-5
0.410, -6.403e-5
0.409, -6.233e-5
0.408, -6.307e-5
0.407, -6.314e-5
0.406, -6.293e-5
0.405, -6.264e-5
0.404, -6.233e-5
0.403, -6.195e-5
0.402, -6.167e-5
0.401, -6.127e-5
0.400, -6.080e-5
0.399, -6.029e-5
0.398, -5.981e-5
0.397, -5.927e-5
0.396, -5.883e-5
0.395, -5.829e-5
0.394, -5.773e-5
0.393, -5.708e-5
0.392, -5.656e-5
0.391, -5.605e-5
0.390, -5.544e-5
0.389, -5.477e-5
0.388, -5.410e-5
0.387, -5.336e-5
0.386, -5.270e-5
0.385, -5.188e-5
0.384, -5.123e-5
0.383, -5.033e-5
0.382, -4.953e-5
0.381, -4.859e-5
0.380, -4.784e-5
0.379, -4.701e-5
0.378, -4.599e-5
0.377, -4.531e-5
0.376, -4.450e-5
0.375, -4.368e-5
0.374, -4.281e-5
0.373, -4.207e-5
0.372, -4.119e-5
0.371, -4.016e-5
0.370, -3.942e-5
0.369, -3.843e-5
0.368, -3.755e-5
0.367, -3.657e-5
0.366, -3.573e-5
0.365, -3.484e-5
0.364, -3.396e-5
0.363, -3.317e-5
0.362, -3.240e-5
0.361, -3.160e-5
0.360, -3.079e-5
0.359, -3.005e-5
0.358, -2.938e-5
0.357, -2.854e-5
0.356, -2.783e-5
0.355, -2.713e-5
0.354, -2.642e-5
0.353, -2.579e-5
0.352, -2.503e-5
0.351, -2.454e-5
0.350, -2.379e-5
0.349, -2.313e-5
0.348, -2.249e-5
0.347, -2.192e-5
0.346, -2.132e-5
0.345, -2.074e-5
0.344, -2.023e-5
0.343, -1.980e-5
0.342, -1.924e-5
0.341, -1.882e-5
0.340, -1.841e-5
0.339, -1.800e-5
0.338, -1.752e-5
0.337, -1.714e-5
0.336, -1.667e-5
0.335, -1.626e-5
0.334, -1.582e-5
0.333, -1.542e-5
0.332, -1.504e-5
0.331, -1.458e-5
0.330, -1.427e-5
0.329, -1.391e-5
0.328, -1.347e-5
0.327, -1.316e-5
0.326, -1.273e-5
0.325, -1.250e-5
0.324, -1.213e-5
0.323, -1.183e-5
0.322, -1.149e-5
0.321, -1.124e-5
0.320, -1.094e-5
0.319, -1.075e-5
0.318, -1.046e-5
0.317, -1.021e-5
0.316, -1.001e-5
0.315, -9.764e-6
0.314, -9.529e-6
0.313, -9.344e-6
0.312, -9.217e-6
0.311, -9.080e-6
0.310, -8.866e-6
0.309, -8.670e-6
0.308, -8.563e-6
0.307, -8.573e-6
0.306, -8.231e-6
0.305, -8.036e-6
0.304, -7.957e-6
0.303, -7.782e-6
0.302, -7.694e-6
0.301, -7.567e-6
0.300, -7.450e-6
0.299, -7.313e-6
0.298, -7.294e-6
0.297, -7.098e-6
0.296, -6.971e-6
0.295, -6.932e-6
0.294, -6.796e-6
0.293, -6.757e-6
0.292, -6.581e-6
0.291, -6.532e-6
0.290, -6.512e-6
0.289, -6.425e-6
0.288, -6.307e-6
0.287, -6.298e-6
0.286, -6.210e-6
0.285, -6.102e-6
0.284, -6.034e-6
0.283, -5.995e-6
0.282, -5.966e-6
0.281, -5.946e-6
0.280, -5.839e-6
0.279, -5.780e-6
0.278, -5.790e-6
0.277, -5.741e-6
0.276, -5.722e-6
0.275, -5.692e-6
0.274, -5.683e-6
0.273, -5.624e-6
0.272, -5.517e-6
0.271, -5.477e-6
0.270, -5.487e-6
0.269, -5.497e-6
0.268, -5.409e-6
0.267, -5.360e-6
0.266, -5.409e-6
0.265, -5.321e-6
0.264, -5.311e-6
0.263, -5.302e-6
0.262, -5.282e-6
0.261, -5.292e-6
0.260, -5.311e-6
0.259, -5.292e-6
0.258, -5.233e-6
0.257, -5.272e-6
0.256, -5.185e-6
0.255, -5.175e-6
0.254, -5.136e-6
0.253, -5.204e-6
0.252, -5.175e-6
0.251, -5.155e-6
0.250, -5.126e-6
0.249, -5.194e-6
0.248, -5.116e-6
0.247, -5.136e-6
0.246, -5.126e-6
0.245, -5.165e-6
0.244, -5.146e-6
0.243, -5.097e-6
0.242, -5.067e-6
0.241, -5.067e-6
0.240, -5.038e-6
0.239, -5.048e-6
0.238, -5.019e-6
0.237, -5.126e-6
0.236, -5.136e-6
0.235, -5.077e-6
0.234, -5.077e-6
0.233, -5.058e-6
0.232, -5.194e-6
0.231, -5.155e-6
0.230, -5.165e-6
0.229, -5.087e-6
0.228, -5.155e-6
0.227, -5.097e-6
0.226, -5.175e-6
0.225, -5.106e-6
0.224, -5.126e-6
0.223, -5.165e-6
0.222, -5.204e-6
0.221, -5.126e-6
0.220, -5.185e-6
0.219, -5.194e-6
0.218, -5.165e-6
0.217, -5.136e-6
0.216, -5.126e-6
0.215, -5.263e-6
0.214, -5.165e-6
0.213, -5.185e-6
0.212, -5.204e-6
0.211, -5.185e-6
0.210, -5.194e-6
0.209, -5.263e-6
0.208, -5.243e-6
0.207, -5.282e-6
0.206, -5.341e-6
0.205, -5.282e-6
0.204, -5.214e-6
0.203, -5.233e-6
0.202, -5.351e-6
0.201, -5.399e-6
0.200, -3.993e-6
0.201, -1.396e-6
0.202, -5.370e-7
0.203, 1.367e-7
0.204, 6.737e-7
0.205, 9.959e-7
0.206, 1.455e-6
0.207, 2.050e-6
0.208, 2.236e-6
0.209, 2.587e-6
0.210, 2.861e-6
0.211, 3.124e-6
0.212, 3.388e-6
0.213, 3.710e-6
0.214, 3.984e-6
0.215, 4.169e-6
0.216, 4.433e-6
0.217, 4.618e-6
0.218, 4.843e-6
0.219, 5.058e-6
0.220, 5.204e-6
0.221, 5.526e-6
0.222, 5.702e-6
0.223, 5.839e-6
0.224, 5.995e-6
0.225, 6.229e-6
0.226, 6.386e-6
0.227, 6.542e-6
0.228, 6.737e-6
0.229, 6.893e-6
0.230, 7.098e-6
0.231, 7.284e-6
0.232, 7.401e-6
0.233, 7.547e-6
0.234, 7.743e-6
0.235, 7.928e-6
0.236, 8.114e-6
0.237, 8.260e-6
0.238, 8.436e-6
0.239, 8.651e-6
0.240, 8.758e-6
0.241, 9.012e-6
0.242, 9.119e-6
0.243, 9.266e-6
0.244, 9.481e-6
0.245, 9.578e-6
0.246, 9.803e-6
0.247, 9.871e-6
0.248, 1.013e-5
0.249, 1.018e-5
0.250, 1.033e-5
0.251, 1.051e-5
0.252, 1.072e-5
0.253, 1.094e-5
0.254, 1.096e-5
0.255, 1.122e-5
0.256, 1.137e-5
0.257, 1.148e-5
0.258, 1.175e-5
0.259, 1.181e-5
0.260, 1.196e-5
0.261, 1.212e-5
0.262, 1.234e-5
0.263, 1.249e-5
0.264, 1.266e-5
0.265, 1.283e-5
0.266, 1.296e-5
0.267, 1.316e-5
0.268, 1.329e-5
0.269, 1.336e-5
0.270, 1.357e-5
0.271, 1.378e-5
0.272, 1.389e-5
0.273, 1.407e-5
0.274, 1.428e-5
0.275, 1.434e-5
0.276, 1.454e-5
0.277, 1.466e-5
0.278, 1.484e-5
0.279, 1.503e-5
0.280, 1.517e-5
0.281, 1.533e-5
0.282, 1.553e-5
0.283, 1.566e-5
0.284, 1.585e-5
0.285, 1.603e-5
0.286, 1.615e-5
0.287, 1.632e-5
0.288, 1.649e-5
0.289, 1.680e-5
0.290, 1.685e-5
0.291, 1.706e-5
0.292, 1.722e-5
0.293, 1.743e-5
0.294, 1.757e-5
0.295, 1.774e-5
0.296, 1.791e-5
0.297, 1.818e-5
0.298, 1.827e-5
0.299, 1.848e-5
0.300, 1.864e-5
0.301, 1.882e-5
0.302, 1.903e-5
0.303, 1.922e-5
0.304, 1.939e-5
0.305, 1.968e-5
0.306, 1.979e-5
0.307, 2.010e-5
0.308, 2.028e-5
0.309, 2.037e-5
0.310, 2.057e-5
0.311, 2.085e-5
0.312, 2.102e-5
0.313, 2.116e-5
0.314, 2.142e-5
0.315, 2.161e-5
0.316, 2.188e-5
0.317, 2.201e-5
0.318, 2.219e-5
0.319, 2.246e-5
0.320, 2.256e-5
0.321, 2.280e-5
0.322, 2.298e-5
0.323, 2.322e-5
0.324, 2.344e-5
0.325, 2.373e-5
0.326, 2.384e-5
0.327, 2.405e-5
0.328, 2.431e-5
0.329, 2.452e-5
0.330, 2.464e-5
0.331, 2.487e-5
0.332, 2.513e-5
0.333, 2.538e-5
0.334, 2.556e-5
0.335, 2.566e-5
0.336, 2.589e-5
0.337, 2.616e-5
0.338, 2.632e-5
0.339, 2.655e-5
0.340, 2.676e-5
0.341, 2.701e-5
0.342, 2.723e-5
0.343, 2.738e-5
0.344, 2.751e-5
0.345, 2.775e-5
0.346, 2.794e-5
0.347, 2.813e-5
0.348, 2.833e-5
0.349, 2.851e-5
0.350, 2.881e-5
0.351, 2.898e-5
0.352, 2.915e-5
0.353, 2.932e-5
0.354, 2.955e-5
0.355, 2.977e-5
0.356, 2.990e-5
0.357, 3.015e-5
0.358, 3.031e-5
0.359, 3.052e-5
0.360, 3.078e-5
0.361, 3.098e-5
0.362, 3.121e-5
0.363, 3.136e-5
0.364, 3.162e-5
0.365, 3.180e-5
0.366, 3.201e-5
0.367, 3.220e-5
0.368, 3.246e-5
0.369, 3.278e-5
0.370, 3.295e-5
0.371, 3.317e-5
0.372, 3.332e-5
0.373, 3.352e-5
0.374, 3.374e-5
0.375, 3.403e-5
0.376, 3.422e-5
0.377, 3.453e-5
0.378, 3.470e-5
0.379, 3.495e-5
0.380, 3.516e-5
0.381, 3.540e-5
0.382, 3.561e-5
0.383, 3.590e-5
0.384, 3.609e-5
0.385, 3.623e-5
0.386, 3.648e-5
0.387, 3.668e-5
0.388, 3.693e-5
0.389, 3.710e-5
0.390, 3.730e-5
0.391, 3.753e-5
0.392, 3.768e-5
0.393, 3.798e-5
0.394, 3.813e-5
0.395, 3.832e-5
0.396, 3.853e-5
0.397, 3.865e-5
0.398, 3.889e-5
0.399, 3.914e-5
0.400, 3.931e-5
0.401, 3.949e-5
0.402, 3.970e-5
0.403, 3.998e-5
0.404, 4.014e-5
0.405, 4.030e-5
0.406, 4.049e-5
0.407, 4.075e-5
0.408, 4.092e-5
0.409, 4.097e-5
0.410, 4.066e-5
0.411, 4.134e-5
0.412, 4.157e-5
0.413, 4.180e-5
0.414, 4.200e-5
0.415, 4.226e-5
0.416, 4.245e-5
0.417, 4.264e-5
0.418, 4.289e-5
0.419, 4.310e-5
0.420, 4.339e-5
0.421, 4.347e-5
0.422, 4.383e-5
0.423, 4.402e-5
0.424, 4.436e-5
0.425, 4.455e-5
0.426, 4.478e-5
0.427, 4.502e-5
0.428, 4.534e-5
0.429, 4.559e-5
0.430, 4.590e-5
0.431, 4.612e-5
0.432, 4.638e-5
0.433, 4.676e-5
0.434, 4.709e-5
0.435, 4.740e-5
0.436, 4.771e-5
0.437, 4.806e-5
0.438, 4.839e-5
0.439, 4.865e-5
0.440, 4.898e-5
0.441, 4.945e-5
0.442, 4.988e-5
0.443, 5.023e-5
0.444, 5.066e-5
0.445, 5.106e-5
0.446, 5.160e-5
0.447, 5.207e-5
0.448, 5.245e-5
0.449, 5.311e-5
0.450, 5.372e-5
0.451, 5.422e-5
0.452, 5.490e-5
0.453, 5.560e-5
0.454, 5.645e-5
0.455, 5.713e-5
0.456, 5.794e-5
0.457, 5.890e-5
0.458, 5.986e-5
0.459, 6.086e-5
0.460, 6.188e-5
0.461, 6.289e-5
0.462, 6.402e-5
0.463, 6.507e-5
0.464, 6.619e-5
0.465, 6.751e-5
0.466, 6.883e-5
0.467, 7.038e-5
0.468, 7.188e-5
0.469, 7.338e-5
0.470, 7.500e-5
0.471, 7.645e-5
0.472, 7.797e-5
0.473, 7.957e-5
0.474, 8.121e-5
0.475, 8.323e-5
0.476, 8.527e-5
0.477, 8.711e-5
0.478, 8.892e-5
0.479, 9.075e-5
0.480, 9.256e-5
0.481, 9.467e-5
0.482, 9.663e-5
0.483, 9.857e-5
0.484, 1.005e-4
0.485, 1.023e-4
0.486, 1.044e-4
0.487, 1.062e-4
0.488, 1.082e-4
0.489, 1.104e-4
0.490, 1.122e-4
0.491, 1.140e-4
0.492, 1.157e-4
0.493, 1.174e-4
0.494, 1.191e-4
0.495, 1.208e-4
0.496, 1.224e-4
0.497, 1.241e-4
0.498, 1.255e-4
0.499, 1.267e-4
0.500, 1.280e-4
0.501, 1.293e-4
0.502, 1.309e-4
0.503, 1.324e-4
0.504, 1.339e-4
0.505, 1.353e-4
0.506, 1.367e-4
0.507, 1.380e-4
0.508, 1.391e-4
0.509, 1.403e-4
0.510, 1.414e-4
0.511, 1.424e-4
0.512, 1.442e-4
0.513, 1.454e-4
0.514, 1.464e-4
0.515, 1.474e-4
0.516, 1.484e-4
0.517, 1.493e-4
0.518, 1.504e-4
0.519, 1.515e-4
0.520, 1.522e-4
0.521, 1.532e-4
0.522, 1.543e-4
0.523, 1.553e-4
0.524, 1.564e-4
0.525, 1.571e-4
0.526, 1.580e-4
0.527, 1.589e-4
0.528, 1.597e-4
0.529, 1.605e-4
0.530, 1.612e-4
0.531, 1.619e-4
0.532, 1.625e-4
0.533, 1.630e-4
0.534, 1.635e-4
0.535, 1.638e-4
0.536, 1.641e-4
0.537, 1.644e-4
0.538, 1.646e-4
0.539, 1.647e-4
0.540, 1.648e-4
0.541, 1.646e-4
0.542, 1.646e-4
0.543, 1.644e-4
0.544, 1.643e-4
0.545, 1.640e-4
0.546, 1.635e-4
0.547, 1.631e-4
0.548, 1.627e-4
0.549, 1.621e-4
0.550, 1.614e-4
0.551, 1.605e-4
0.552, 1.598e-4
0.553, 1.591e-4
0.554, 1.582e-4
0.555, 1.572e-4
0.556, 1.563e-4
0.557, 1.553e-4
0.558, 1.541e-4
0.559, 1.531e-4
0.560, 1.521e-4
0.561, 1.513e-4
0.562, 1.500e-4
0.563, 1.492e-4
0.564, 1.480e-4
0.565, 1.469e-4
0.566, 1.458e-4
0.567, 1.446e-4
0.568, 1.434e-4
0.569, 1.425e-4
0.570, 1.413e-4
0.571, 1.401e-4
0.572, 1.392e-4
0.573, 1.380e-4
0.574, 1.370e-4
0.575, 1.359e-4
0.576, 1.344e-4
0.577, 1.334e-4
0.578, 1.322e-4
0.579, 1.313e-4
0.580, 1.302e-4
0.581, 1.291e-4
0.582, 1.284e-4
0.583, 1.277e-4
0.584, 1.269e-4
0.585, 1.262e-4
0.586, 1.255e-4
0.587, 1.249e-4
0.588, 1.242e-4
0.589, 1.237e-4
0.590, 1.230e-4
0.591, 1.222e-4
0.592, 1.216e-4
0.593, 1.212e-4
0.594, 1.208e-4
0.595, 1.201e-4
0.596, 1.199e-4
0.597, 1.196e-4
0.598, 1.194e-4
0.599, 1.192e-4
0.600, 1.191e-4
0.601, 1.192e-4
0.602, 1.188e-4
0.603, 1.189e-4
0.604, 1.192e-4
0.605, 1.192e-4
0.606, 1.196e-4
0.607, 1.200e-4
0.608, 1.204e-4
0.609, 1.209e-4
0.610, 1.215e-4
0.611, 1.221e-4
0.612, 1.227e-4
0.613, 1.237e-4
0.614, 1.244e-4
0.615, 1.248e-4
0.616, 1.260e-4
0.617, 1.271e-4
0.618, 1.283e-4
0.619, 1.295e-4
0.620, 1.311e-4
0.621, 1.328e-4
0.622, 1.346e-4
0.623, 1.366e-4
0.624, 1.384e-4
0.625, 1.404e-4
0.626, 1.423e-4
0.627, 1.446e-4
0.628, 1.469e-4
0.629, 1.494e-4
0.630, 1.519e-4
0.631, 1.547e-4
0.632, 1.578e-4
0.633, 1.610e-4
0.634, 1.640e-4
0.635, 1.671e-4
0.636, 1.706e-4
0.637, 1.740e-4
0.638, 1.777e-4
0.639, 1.819e-4
0.640, 1.861e-4
0.641, 1.903e-4
0.642, 1.947e-4
0.643, 1.992e-4
0.644, 2.038e-4
0.645, 2.088e-4
0.646, 2.139e-4
0.647, 2.192e-4
0.648, 2.243e-4
0.649, 2.300e-4
0.650, 2.359e-4
0.651, 2.420e-4
0.652, 2.478e-4
0.653, 2.539e-4
0.654, 2.609e-4
0.655, 2.679e-4
0.656, 2.744e-4
0.657, 2.819e-4
0.658, 2.894e-4
0.659, 2.969e-4
0.660, 3.051e-4
0.661, 3.130e-4
0.662, 3.211e-4
0.663, 3.295e-4
0.664, 3.385e-4
0.665, 3.475e-4
0.666, 3.567e-4
0.667, 3.664e-4
0.668, 3.756e-4
0.669, 3.856e-4
0.670, 3.960e-4
0.671, 4.063e-4
0.672, 4.168e-4
0.673, 4.278e-4
0.674, 4.390e-4
0.675, 4.503e-4
0.676, 4.618e-4
0.677, 4.734e-4
0.678, 4.855e-4
0.679, 4.977e-4
0.680, 5.103e-4
0.681, 5.230e-4
0.682, 5.359e-4
0.683, 5.493e-4
0.684, 5.627e-4
0.685, 5.764e-4
0.686, 5.904e-4
0.687, 6.044e-4
0.688, 6.186e-4
0.689, 6.337e-4
0.690, 6.487e-4
0.691, 6.638e-4
0.692, 6.795e-4
0.693, 6.952e-4
0.694, 7.112e-4
0.695, 7.275e-4
0.696, 7.438e-4
0.697, 7.605e-4
0.698, 7.776e-4
0.699, 7.950e-4
0.700, 8.124e-4
0.701, 8.301e-4
0.702, 8.482e-4
0.703, 8.662e-4
0.704, 8.844e-4
0.705, 9.029e-4
0.706, 9.218e-4
0.707, 9.411e-4
0.708, 9.603e-4
0.709, 9.798e-4
0.710, 9.994e-4
0.711, 1.019e-3
0.712, 1.040e-3
0.713, 1.060e-3
0.714, 1.081e-3
0.715, 1.102e-3
0.716, 1.123e-3
0.717, 1.146e-3
0.718, 1.167e-3
0.719, 1.189e-3
0.720, 1.211e-3
0.721, 1.233e-3
0.722, 1.256e-3
0.723, 1.279e-3
0.724, 1.302e-3
0.725, 1.325e-3
0.726, 1.348e-3
0.727, 1.372e-3
0.728, 1.395e-3
0.729, 1.420e-3
0.730, 1.443e-3
0.731, 1.468e-3
0.732, 1.493e-3
0.733, 1.518e-3
0.734, 1.543e-3
0.735, 1.568e-3
0.736, 1.594e-3
0.737, 1.620e-3
0.738, 1.646e-3
0.739, 1.672e-3
0.740, 1.698e-3
0.741, 1.724e-3
0.742, 1.751e-3
0.743, 1.778e-3
0.744, 1.805e-3
0.745, 1.832e-3
0.746, 1.860e-3
0.747, 1.887e-3
0.748, 1.915e-3
0.749, 1.943e-3
0.750, 1.971e-3
0.751, 2.000e-3
0.752, 2.028e-3
0.753, 2.057e-3
0.754, 2.086e-3
0.755, 2.115e-3
0.756, 2.144e-3
0.757, 2.173e-3
0.758, 2.203e-3
0.759, 2.232e-3
0.760, 2.262e-3
0.761, 2.293e-3
0.762, 2.323e-3
0.763, 2.354e-3
0.764, 2.384e-3
0.765, 2.415e-3
0.766, 2.446e-3
0.767, 2.477e-3
0.768, 2.509e-3
0.769, 2.540e-3
0.770, 2.572e-3
0.771, 2.603e-3
0.772, 2.635e-3
0.773, 2.667e-3
0.774, 2.699e-3
0.775, 2.731e-3
0.776, 2.764e-3
0.777, 2.797e-3
0.778, 2.829e-3
0.779, 2.862e-3
0.780, 2.896e-3
0.781, 2.928e-3
0.782, 2.961e-3
0.783, 2.995e-3
0.784, 3.029e-3
0.785, 3.063e-3
0.786, 3.096e-3
0.787, 3.131e-3
0.788, 3.165e-3
0.789, 3.200e-3
0.790, 3.234e-3
0.791, 3.269e-3
0.792, 3.304e-3
0.793, 3.338e-3
0.794, 3.374e-3
0.795, 3.409e-3
0.796, 3.444e-3
0.797, 3.480e-3
0.798, 3.516e-3
0.799, 3.552e-3
0.800, 3.575e-3
0.799, 3.549e-3
0.798, 3.514e-3
0.797, 3.479e-3
0.796, 3.445e-3
0.795, 3.411e-3
0.794, 3.377e-3
0.793, 3.342e-3
0.792, 3.309e-3
0.791, 3.275e-3
0.790, 3.242e-3
0.789, 3.208e-3
0.788, 3.174e-3
0.787, 3.141e-3
0.786, 3.108e-3
0.785, 3.075e-3
0.784, 3.042e-3
0.783, 3.009e-3
0.782, 2.976e-3
0.781, 2.944e-3
0.780, 2.912e-3
0.779, 2.880e-3
0.778, 2.848e-3
0.777, 2.816e-3
0.776, 2.784e-3
0.775, 2.752e-3
0.774, 2.721e-3
0.773, 2.690e-3
0.772, 2.659e-3
0.771, 2.628e-3
0.770, 2.597e-3
0.769, 2.567e-3
0.768, 2.536e-3
0.767, 2.506e-3
0.766, 2.476e-3
0.765, 2.446e-3
0.764, 2.416e-3
0.763, 2.386e-3
0.762, 2.357e-3
0.761, 2.327e-3
0.760, 2.298e-3
0.759, 2.269e-3
0.758, 2.240e-3
0.757, 2.211e-3
0.756, 2.183e-3
0.755, 2.155e-3
0.754, 2.127e-3
0.753, 2.099e-3
0.752, 2.072e-3
0.751, 2.044e-3
0.750, 2.016e-3
0.749, 1.989e-3
0.748, 1.962e-3
0.747, 1.935e-3
0.746, 1.908e-3
0.745, 1.881e-3
0.744, 1.855e-3
0.743, 1.829e-3
0.742, 1.802e-3
0.741, 1.776e-3
0.740, 1.751e-3
0.739, 1.726e-3
0.738, 1.700e-3
0.737, 1.675e-3
0.736, 1.650e-3
0.735, 1.626e-3
0.734, 1.601e-3
0.733, 1.576e-3
0.732, 1.552e-3
0.731, 1.528e-3
0.730, 1.504e-3
0.729, 1.481e-3
0.728, 1.458e-3
0.727, 1.434e-3
0.726, 1.412e-3
0.725, 1.388e-3
0.724, 1.366e-3
0.723, 1.344e-3
0.722, 1.321e-3
0.721, 1.299e-3
0.720, 1.277e-3
0.719, 1.255e-3
0.718, 1.234e-3
0.717, 1.212e-3
0.716, 1.190e-3
0.715, 1.169e-3
0.714, 1.149e-3
0.713, 1.128e-3
0.712, 1.108e-3
0.711, 1.087e-3
0.710, 1.068e-3
0.709, 1.048e-3
0.708, 1.028e-3
0.707, 1.009e-3
0.706, 9.894e-4
0.705, 9.704e-4
0.704, 9.517e-4
0.703, 9.331e-4
0.702, 9.146e-4
0.701, 8.964e-4
0.700, 8.782e-4
0.699, 8.606e-4
0.698, 8.429e-4
0.697, 8.253e-4
0.696, 8.078e-4
0.695, 7.907e-4
0.694, 7.739e-4
0.693, 7.570e-4
0.692, 7.406e-4
0.691, 7.242e-4
0.690, 7.080e-4
0.689, 6.922e-4
0.688, 6.764e-4
0.687, 6.609e-4
0.686, 6.458e-4
0.685, 6.307e-4
0.684, 6.155e-4
0.683, 6.012e-4
0.682, 5.869e-4
0.681, 5.725e-4
0.680, 5.584e-4
0.679, 5.447e-4
0.678, 5.312e-4
0.677, 5.176e-4
0.676, 5.045e-4
0.675, 4.913e-4
0.674, 4.783e-4
0.673, 4.655e-4
0.672, 4.533e-4
0.671, 4.410e-4
0.670, 4.288e-4
0.669, 4.167e-4
0.668, 4.051e-4
0.667, 3.936e-4
0.666, 3.819e-4
0.665, 3.707e-4
0.664, 3.600e-4
0.663, 3.492e-4
0.662, 3.389e-4
0.661, 3.284e-4
0.660, 3.184e-4
0.659, 3.086e-4
0.658, 2.986e-4
0.657, 2.892e-4
0.656, 2.796e-4
0.655, 2.705e-4
0.654, 2.617e-4
0.653, 2.527e-4
0.652, 2.444e-4
0.651, 2.362e-4
0.650, 2.277e-4
0.649, 2.197e-4
0.648, 2.121e-4
0.647, 2.042e-4
0.646, 1.968e-4
0.645, 1.896e-4
0.644, 1.822e-4
0.643, 1.752e-4
0.642, 1.686e-4
0.641, 1.622e-4
0.640, 1.553e-4
0.639, 1.489e-4
0.638, 1.429e-4
0.637, 1.371e-4
0.636, 1.307e-4
0.635, 1.255e-4
0.634, 1.201e-4
0.633, 1.148e-4
0.632, 1.096e-4
0.631, 1.043e-4
0.630, 9.961e-5
0.629, 9.474e-5
0.628, 9.032e-5
0.627, 8.629e-5
0.626, 8.124e-5
0.625, 7.728e-5
0.624, 7.356e-5
0.623, 6.946e-5
0.622, 6.574e-5
0.621, 6.213e-5
0.620, 5.853e-5
0.619, 5.492e-5
0.618, 5.181e-5
0.617, 4.861e-5
0.616, 4.549e-5
0.615, 4.247e-5
0.614, 4.022e-5
0.613, 3.732e-5
0.612, 3.461e-5
0.611, 3.203e-5
0.610, 2.975e-5
0.609, 2.752e-5
0.608, 2.537e-5
0.607, 2.311e-5
0.606, 2.118e-5
0.605, 1.921e-5
0.604, 1.731e-5
0.603, 1.542e-5
0.602, 1.390e-5
0.601, 1.228e-5
0.600, 1.056e-5
0.599, 8.924e-6
0.598, 7.577e-6
0.597, 6.210e-6
0.596, 4.970e-6
0.595, 3.876e-6
0.594, 2.636e-6
0.593, 1.582e-6
0.592, 5.272e-7
0.591, -4.589e-7
0.590, -1.406e-6
0.589, -2.421e-6
0.588, -3.183e-6
0.587, -3.788e-6
0.586, -4.540e-6
0.585, -5.204e-6
0.584, -5.829e-6
0.583, -6.464e-6
0.582, -6.903e-6
0.581, -7.450e-6
0.580, -7.850e-6
0.579, -8.348e-6
0.578, -8.748e-6
0.577, -9.188e-6
0.576, -9.315e-6
0.575, -9.725e-6
0.574, -9.969e-6
0.573, -1.040e-5
0.572, -1.061e-5
0.571, -1.090e-5
0.570, -1.121e-5
0.569, -1.137e-5
0.568, -1.147e-5
0.567, -1.176e-5
0.566, -1.171e-5
0.565, -1.198e-5
0.564, -1.225e-5
0.563, -1.242e-5
0.562, -1.263e-5
0.561, -1.272e-5
0.560, -1.268e-5
0.559, -1.280e-5
0.558, -1.302e-5
0.557, -1.327e-5
0.556, -1.340e-5
0.555, -1.349e-5
0.554, -1.352e-5
0.553, -1.372e-5
0.552, -1.371e-5
0.551, -1.402e-5
0.550, -1.385e-5
0.549, -1.419e-5
0.548, -1.440e-5
0.547, -1.451e-5
0.546, -1.489e-5
0.545, -1.507e-5
0.544, -1.515e-5
0.543, -1.539e-5
0.542, -1.552e-5
0.541, -1.587e-5
0.540, -1.606e-5
0.539, -1.615e-5
0.538, -1.659e-5
0.537, -1.674e-5
0.536, -1.698e-5
0.535, -1.729e-5
0.534, -1.749e-5
0.533, -1.775e-5
0.532, -1.804e-5
0.531, -1.821e-5
0.530, -1.865e-5
0.529, -1.891e-5
0.528, -1.909e-5
0.527, -1.956e-5
0.526, -1.985e-5
0.525, -2.015e-5
0.524, -2.037e-5
0.523, -2.081e-5
0.522, -2.137e-5
0.521, -2.167e-5
0.520, -2.198e-5
0.519, -2.271e-5
0.518, -2.312e-5
0.517, -2.368e-5
0.516, -2.406e-5
0.515, -2.445e-5
0.514, -2.509e-5
0.513, -2.556e-5
0.512, -2.691e-5
0.511, -2.715e-5
0.510, -2.730e-5
0.509, -2.785e-5
0.508, -2.851e-5
0.507, -2.905e-5
0.506, -2.961e-5
0.505, -3.016e-5
0.504, -3.077e-5
0.503, -3.145e-5
0.502, -3.200e-5
0.501, -3.286e-5
0.500, -3.341e-5
0.499, -3.375e-5
0.498, -3.463e-5
0.497, -3.557e-5
0.496, -3.618e-5
0.495, -3.693e-5
0.494, -3.787e-5
0.493, -3.864e-5
0.492, -3.945e-5
0.491, -4.008e-5
0.490, -4.099e-5
0.489, -4.188e-5
0.488, -4.256e-5
0.487, -4.339e-5
0.486, -4.418e-5
0.485, -4.485e-5
0.484, -4.577e-5
0.483, -4.654e-5
0.482, -4.736e-5
0.481, -4.838e-5
0.480, -4.936e-5
0.479, -5.015e-5
0.478, -5.106e-5
0.477, -5.211e-5
0.476, -5.313e-5
0.475, -5.382e-5
0.474, -5.477e-5
0.473, -5.565e-5
0.472, -5.650e-5
0.471, -5.746e-5
0.470, -5.843e-5
0.469, -5.956e-5
0.468, -6.056e-5
0.467, -6.161e-5
0.466, -6.277e-5
0.465, -6.378e-5
0.464, -6.465e-5
0.463, -6.562e-5
0.462, -6.671e-5
0.461, -6.766e-5
0.460, -6.851e-5
0.459, -6.933e-5
0.458, -7.012e-5
0.457, -7.087e-5
0.456, -7.168e-5
0.455, -7.272e-5
0.454, -7.350e-5
0.453, -7.436e-5
0.452, -7.535e-5
0.451, -7.613e-5
0.450, -7.708e-5
0.449, -7.787e-5
0.448, -7.845e-5
0.447, -7.933e-5
0.446, -7.994e-5
0.445, -8.075e-5
0.444, -8.129e-5
0.443, -8.182e-5
0.442, -8.255e-5
0.441, -8.321e-5
0.440, -8.372e-5
0.439, -8.426e-5
0.438, -8.461e-5
0.437, -8.509e-5
0.436, -8.558e-5
0.435, -8.626e-5
0.434, -8.660e-5
0.433, -8.677e-5
0.432, -8.705e-5
0.431, -8.744e-5
0.430, -8.749e-5
0.429, -8.776e-5
0.428, -8.788e-5
0.427, -8.791e-5
0.426, -8.796e-5
0.425, -8.815e-5
0.424, -8.818e-5
0.423, -8.818e-5
0.422, -8.792e-5
0.421, -8.796e-5
0.420, -8.803e-5
0.419, -8.782e-5
0.418, -8.781e-5
0.417, -8.774e-5
0.416, -8.753e-5
0.415, -8.753e-5
0.414, -8.727e-5
0.413, -8.711e-5
0.412, -8.695e-5
0.411, -8.670e-5
0.410, -8.524e-5
0.409, -8.346e-5
0.408, -8.423e-5
0.407, -8.422e-5
0.406, -8.404e-5
0.405, -8.378e-5
0.404, -8.355e-5
0.403, -8.325e-5
0.402, -8.285e-5
0.401, -8.255e-5
0.400, -8.205e-5
0.399, -8.169e-5
0.398, -8.111e-5
0.397, -8.067e-5
0.396, -8.009e-5
0.395, -7.951e-5
0.394, -7.899e-5
0.393, -7.836e-5
0.392, -7.764e-5
0.391, -7.698e-5
0.390, -7.620e-5
0.389, -7.541e-5
0.388, -7.448e-5
0.387, -7.353e-5
0.386, -7.271e-5
0.385, -7.188e-5
0.384, -7.098e-5
0.383, -7.010e-5
0.382, -6.925e-5
0.381, -6.830e-5
0.380, -6.736e-5
0.379, -6.633e-5
0.378, -6.533e-5
0.377, -6.422e-5
0.376, -6.300e-5
0.375, -6.174e-5
0.374, -6.049e-5
0.373, -5.918e-5
0.372, -5.810e-5
0.371, -5.691e-5
0.370, -5.587e-5
0.369, -5.482e-5
0.368, -5.366e-5
0.367, -5.257e-5
0.366, -5.139e-5
0.365, -5.022e-5
0.364, -4.904e-5
0.363, -4.800e-5
0.362, -4.692e-5
0.361, -4.586e-5
0.360, -4.488e-5
0.359, -4.396e-5
0.358, -4.295e-5
0.357, -4.195e-5
0.356, -4.107e-5
0.355, -4.001e-5
0.354, -3.898e-5
0.353, -3.791e-5
0.352, -3.698e-5
0.351, -3.611e-5
0.350, -3.511e-5
0.349, -3.426e-5
0.348, -3.344e-5
0.347, -3.261e-5
0.346, -3.177e-5
0.345, -3.101e-5
0.344, -3.037e-5
0.343, -2.958e-5
0.342, -2.884e-5
0.341, -2.815e-5
0.340, -2.751e-5
0.339, -2.688e-5
0.338, -2.627e-5
0.337, -2.561e-5
0.336, -2.498e-5
0.335, -2.450e-5
0.334, -2.389e-5
0.333, -2.333e-5
0.332, -2.279e-5
0.331, -2.225e-5
0.330, -2.181e-5
0.329, -2.130e-5
0.328, -2.087e-5
0.327, -2.046e-5
0.326, -2.002e-5
0.325, -1.961e-5
0.324, -1.919e-5
0.323, -1.887e-5
0.322, -1.855e-5
0.321, -1.827e-5
0.320, -1.777e-5
0.319, -1.752e-5
0.318, -1.726e-5
0.317, -1.691e-5
0.316, -1.649e-5
0.315, -1.617e-5
0.314, -1.583e-5
0.313, -1.562e-5
0.312, -1.530e-5
0.311, -1.501e-5
0.310, -1.471e-5
0.309, -1.443e-5
0.308, -1.423e-5
0.307, -1.413e-5
0.306, -1.374e-5
0.305, -1.350e-5
0.304, -1.325e-5
0.303, -1.302e-5
0.302, -1.278e-5
0.301, -1.253e-5
0.300, -1.243e-5
0.299, -1.218e-5
0.298, -1.195e-5
0.297, -1.177e-5
0.296, -1.166e-5
0.295, -1.151e-5
0.294, -1.131e-5
0.293, -1.105e-5
0.292, -1.104e-5
0.291, -1.089e-5
0.290, -1.065e-5
0.289, -1.054e-5
0.288, -1.043e-5
0.287, -1.032e-5
0.286, -1.021e-5
0.285, -1.006e-5
0.284, -9.998e-6
0.283, -9.783e-6
0.282, -9.842e-6
0.281, -9.666e-6
0.280, -9.490e-6
0.279, -9.432e-6
0.278, -9.285e-6
0.277, -9.197e-6
0.276, -9.080e-6
0.275, -9.061e-6
0.274, -9.071e-6
0.273, -8.875e-6
0.272, -8.866e-6
0.271, -8.797e-6
0.270, -8.729e-6
0.269, -8.631e-6
0.268, -8.494e-6
0.267, -8.514e-6
0.266, -8.465e-6
0.265, -8.299e-6
0.264, -8.270e-6
0.263, -8.211e-6
0.262, -8.250e-6
0.261, -8.153e-6
0.260, -8.104e-6
0.259, -7.987e-6
0.258, -8.016e-6
0.257, -8.006e-6
0.256, -7.948e-6
0.255, -7.821e-6
0.254, -7.840e-6
0.253, -7.811e-6
0.252, -7.811e-6
0.251, -7.772e-6
0.250, -7.694e-6
0.249, -7.684e-6
0.248, -7.665e-6
0.247, -7.567e-6
0.246, -7.547e-6
0.245, -7.547e-6
0.244, -7.479e-6
0.243, -7.440e-6
0.242, -7.469e-6
0.241, -7.450e-6
0.240, -7.420e-6
0.239, -7.362e-6
0.238, -7.303e-6
0.237, -7.313e-6
0.236, -7.313e-6
0.235, -7.284e-6
0.234, -7.245e-6
0.233, -7.254e-6
0.232, -7.186e-6
0.231, -7.235e-6
0.230, -7.225e-6
0.229, -7.108e-6
0.228, -7.137e-6
0.227, -7.128e-6
0.226, -7.069e-6
0.225, -7.137e-6
0.224, -7.089e-6
0.223, -7.108e-6
0.222, -7.020e-6
0.221, -7.049e-6
0.220, -7.010e-6
0.219, -7.108e-6
0.218, -6.981e-6
0.217, -7.001e-6
0.216, -6.962e-6
0.215, -6.952e-6
0.214, -6.942e-6
0.213, -6.981e-6
0.212, -6.952e-6
0.211, -6.942e-6
0.210, -6.971e-6
0.209, -6.971e-6
0.208, -6.913e-6
0.207, -6.893e-6
0.206, -6.864e-6
0.205, -6.796e-6
0.204, -6.747e-6
0.203, -6.815e-6
0.202, -6.864e-6
0.201, -6.854e-6
0.200, -5.458e-6
0.201, -2.851e-6
0.202, -1.933e-6
0.203, -1.299e-6
0.204, -7.128e-7
0.205, -3.320e-7
0.206, 1.074e-7
0.207, 5.565e-7
0.208, 8.202e-7
0.209, 1.250e-6
0.210, 1.523e-6
0.211, 1.709e-6
0.212, 2.031e-6
0.213, 2.255e-6
0.214, 2.451e-6
0.215, 2.695e-6
0.216, 2.900e-6
0.217, 3.163e-6
0.218, 3.349e-6
0.219, 3.593e-6
0.220, 3.798e-6
0.221, 3.896e-6
0.222, 4.062e-6
0.223, 4.286e-6
0.224, 4.472e-6
0.225, 4.638e-6
0.226, 4.843e-6
0.227, 5.019e-6
0.228, 5.155e-6
0.229, 5.282e-6
0.230, 5.409e-6
0.231, 5.497e-6
0.232, 5.702e-6
0.233, 5.878e-6
0.234, 5.995e-6
0.235, 6.132e-6
0.236, 6.337e-6
0.237, 6.366e-6
0.238, 6.561e-6
0.239, 6.649e-6
0.240, 6.815e-6
0.241, 7.049e-6
0.242, 7.147e-6
0.243, 7.245e-6
0.244, 7.401e-6
0.245, 7.489e-6
0.246, 7.635e-6
0.247, 7.752e-6
0.248, 7.938e-6
0.249, 8.133e-6
0.250, 8.231e-6
0.251, 8.397e-6
0.252, 8.504e-6
0.253, 8.651e-6
0.254, 8.778e-6
0.255, 8.885e-6
0.256, 9.002e-6
0.257, 9.237e-6
0.258, 9.237e-6
0.259, 9.451e-6
0.260, 9.647e-6
0.261, 9.754e-6
0.262, 9.842e-6
0.263, 9.979e-6
0.264, 1.012e-5
0.265, 1.034e-5
0.266, 1.047e-5
0.267, 1.053e-5
0.268, 1.068e-5
0.269, 1.084e-5
0.270, 1.095e-5
0.271, 1.115e-5
0.272, 1.122e-5
0.273, 1.133e-5
0.274, 1.148e-5
0.275, 1.165e-5
0.276, 1.182e-5
0.277, 1.200e-5
0.278, 1.212e-5
0.279, 1.220e-5
0.280, 1.226e-5
0.281, 1.251e-5
0.282, 1.259e-5
0.283, 1.272e-5
0.284, 1.289e-5
0.285, 1.304e-5
0.286, 1.318e-5
0.287, 1.329e-5
0.288, 1.347e-5
0.289, 1.366e-5
0.290, 1.372e-5
0.291, 1.380e-5
0.292, 1.401e-5
0.293, 1.409e-5
0.294, 1.428e-5
0.295, 1.437e-5
0.296, 1.453e-5
0.297, 1.468e-5
0.298, 1.476e-5
0.299, 1.492e-5
0.300, 1.514e-5
0.301, 1.529e-5
0.302, 1.543e-5
0.303, 1.556e-5
0.304, 1.565e-5
0.305, 1.586e-5
0.306, 1.594e-5
0.307, 1.617e-5
0.308, 1.633e-5
0.309, 1.641e-5
0.310, 1.659e-5
0.311, 1.670e-5
0.312, 1.687e-5
0.313, 1.711e-5
0.314, 1.714e-5
0.315, 1.730e-5
0.316, 1.737e-5
0.317, 1.759e-5
0.318, 1.774e-5
0.319, 1.789e-5
0.320, 1.797e-5
0.321, 1.820e-5
0.322, 1.834e-5
0.323, 1.847e-5
0.324, 1.862e-5
0.325, 1.877e-5
0.326, 1.896e-5
0.327, 1.906e-5
0.328, 1.924e-5
0.329, 1.942e-5
0.330, 1.963e-5
0.331, 1.977e-5
0.332, 1.991e-5
0.333, 2.001e-5
0.334, 2.015e-5
0.335, 2.043e-5
0.336, 2.044e-5
0.337, 2.064e-5
0.338, 2.081e-5
0.339, 2.092e-5
0.340, 2.110e-5
0.341, 2.129e-5
0.342, 2.146e-5
0.343, 2.164e-5
0.344, 2.183e-5
0.345, 2.194e-5
0.346, 2.209e-5
0.347, 2.229e-5
0.348, 2.253e-5
0.349, 2.261e-5
0.350, 2.279e-5
0.351, 2.297e-5
0.352, 2.314e-5
0.353, 2.334e-5
0.354, 2.348e-5
0.355, 2.366e-5
0.356, 2.376e-5
0.357, 2.399e-5
0.358, 2.418e-5
0.359, 2.434e-5
0.360, 2.446e-5
0.361, 2.461e-5
0.362, 2.478e-5
0.363, 2.490e-5
0.364, 2.512e-5
0.365, 2.530e-5
0.366, 2.549e-5
0.367, 2.563e-5
0.368, 2.580e-5
0.369, 2.603e-5
0.370, 2.613e-5
0.371, 2.621e-5
0.372, 2.639e-5
0.373, 2.654e-5
0.374, 2.674e-5
0.375, 2.688e-5
0.376, 2.706e-5
0.377, 2.726e-5
0.378, 2.742e-5
0.379, 2.755e-5
0.380, 2.777e-5
0.381, 2.789e-5
0.382, 2.808e-5
0.383, 2.816e-5
0.384, 2.831e-5
0.385, 2.852e-5
0.386, 2.864e-5
0.387, 2.876e-5
0.388, 2.893e-5
0.389, 2.910e-5
0.390, 2.939e-5
0.391, 2.937e-5
0.392, 2.953e-5
0.393, 2.969e-5
0.394, 2.987e-5
0.395, 3.005e-5
0.396, 3.023e-5
0.397, 3.031e-5
0.398, 3.056e-5
0.399, 3.074e-5
0.400, 3.087e-5
0.401, 3.106e-5
0.402, 3.127e-5
0.403, 3.148e-5
0.404, 3.161e-5
0.405, 3.171e-5
0.406, 3.190e-5
0.407, 3.212e-5
0.408, 3.233e-5
0.409, 3.244e-5
0.410, 3.205e-5
0.411, 3.280e-5
0.412, 3.307e-5
0.413, 3.324e-5
0.414, 3.342e-5
0.415, 3.372e-5
0.416, 3.399e-5
0.417, 3.420e-5
0.418, 3.444e-5
0.419, 3.459e-5
0.420, 3.492e-5
0.421, 3.511e-5
0.422, 3.532e-5
0.423, 3.551e-5
0.424, 3.578e-5
0.425, 3.612e-5
0.426, 3.625e-5
0.427, 3.666e-5
0.428, 3.695e-5
0.429, 3.725e-5
0.430, 3.751e-5
0.431, 3.777e-5
0.432, 3.807e-5
0.433, 3.839e-5
0.434, 3.880e-5
0.435, 3.914e-5
0.436, 3.952e-5
0.437, 3.977e-5
0.438, 4.019e-5
0.439, 4.061e-5
0.440, 4.099e-5
0.441, 4.149e-5
0.442, 4.201e-5
0.443, 4.255e-5
0.444, 4.304e-5
0.445, 4.364e-5
0.446, 4.429e-5
0.447, 4.504e-5
0.448, 4.561e-5
0.449, 4.644e-5
0.450, 4.722e-5
0.451, 4.808e-5
0.452, 4.897e-5
0.453, 4.985e-5
0.454, 5.079e-5
0.455, 5.174e-5
0.456, 5.285e-5
0.457, 5.390e-5
0.458, 5.518e-5
0.459, 5.639e-5
0.460, 5.793e-5
0.461, 5.947e-5
0.462, 6.098e-5
0.463, 6.248e-5
0.464, 6.411e-5
0.465, 6.582e-5
0.466, 6.758e-5
0.467, 6.952e-5
0.468, 7.158e-5
0.469, 7.360e-5
0.470, 7.573e-5
0.471, 7.765e-5
0.472, 7.972e-5
0.473, 8.205e-5
0.474, 8.451e-5
0.475, 8.703e-5
0.476, 8.938e-5
0.477, 9.156e-5
0.478, 9.392e-5
0.479, 9.649e-5
0.480, 9.905e-5
0.481, 1.014e-4
0.482, 1.036e-4
0.483, 1.061e-4
0.484, 1.088e-4
0.485, 1.111e-4
0.486, 1.135e-4
0.487, 1.156e-4
0.488, 1.177e-4
0.489, 1.199e-4
0.490, 1.219e-4
0.491, 1.240e-4
0.492, 1.259e-4
0.493, 1.275e-4
0.494, 1.290e-4
0.495, 1.310e-4
0.496, 1.327e-4
0.497, 1.347e-4
0.498, 1.361e-4
0.499, 1.376e-4
0.500, 1.390e-4
0.501, 1.402e-4
0.502, 1.414e-4
0.503, 1.427e-4
0.504, 1.439e-4
0.505, 1.452e-4
0.506, 1.462e-4
0.507, 1.475e-4
0.508, 1.485e-4
0.509, 1.495e-4
0.510, 1.504e-4
0.511, 1.512e-4
0.512, 1.528e-4
0.513, 1.537e-4
0.514, 1.544e-4
0.515, 1.553e-4
0.516, 1.563e-4
0.517, 1.571e-4
0.518, 1.579e-4
0.519, 1.588e-4
0.520, 1.598e-4
0.521, 1.604e-4
0.522, 1.612e-4
0.523, 1.618e-4
0.524, 1.625e-4
0.525, 1.628e-4
0.526, 1.636e-4
0.527, 1.640e-4
0.528, 1.646e-4
0.529, 1.649e-4
0.530, 1.653e-4
0.531, 1.657e-4
0.532, 1.659e-4
0.533, 1.662e-4
0.534, 1.663e-4
0.535, 1.664e-4
0.536, 1.664e-4
0.537, 1.663e-4
0.538, 1.663e-4
0.539, 1.660e-4
0.540, 1.657e-4
0.541, 1.653e-4
0.542, 1.649e-4
0.543, 1.645e-4
0.544, 1.640e-4
0.545, 1.635e-4
0.546, 1.626e-4
0.547, 1.620e-4
0.548, 1.614e-4
0.549, 1.605e-4
0.550, 1.594e-4
0.551, 1.582e-4
0.552, 1.573e-4
0.553, 1.564e-4
0.554, 1.550e-4
0.555, 1.540e-4
0.556, 1.529e-4
0.557, 1.519e-4
0.558, 1.508e-4
0.559, 1.497e-4
0.560, 1.485e-4
0.561, 1.472e-4
0.562, 1.459e-4
0.563, 1.449e-4
0.564, 1.438e-4
0.565, 1.424e-4
0.566, 1.413e-4
0.567, 1.401e-4
0.568, 1.390e-4
0.569, 1.378e-4
0.570, 1.366e-4
0.571, 1.354e-4
0.572, 1.343e-4
0.573, 1.328e-4
0.574, 1.317e-4
0.575, 1.305e-4
0.576, 1.292e-4
0.577, 1.283e-4
0.578, 1.273e-4
0.579, 1.266e-4
0.580, 1.257e-4
0.581, 1.249e-4
0.582, 1.241e-4
0.583, 1.234e-4
0.584, 1.224e-4
0.585, 1.216e-4
0.586, 1.208e-4
0.587, 1.201e-4
0.588, 1.195e-4
0.589, 1.189e-4
0.590, 1.183e-4
0.591, 1.175e-4
0.592, 1.172e-4
0.593, 1.169e-4
0.594, 1.164e-4
0.595, 1.161e-4
0.596, 1.159e-4
0.597, 1.156e-4
0.598, 1.154e-4
0.599, 1.154e-4
0.600, 1.153e-4
0.601, 1.154e-4
0.602, 1.150e-4
0.603, 1.154e-4
0.604, 1.157e-4
0.605, 1.158e-4
0.606, 1.161e-4
0.607, 1.165e-4
0.608, 1.171e-4
0.609, 1.176e-4
0.610, 1.182e-4
0.611, 1.189e-4
0.612, 1.198e-4
0.613, 1.207e-4
0.614, 1.214e-4
0.615, 1.222e-4
0.616, 1.236e-4
0.617, 1.249e-4
0.618, 1.260e-4
0.619, 1.273e-4
0.620, 1.286e-4
0.621, 1.303e-4
0.622, 1.322e-4
0.623, 1.343e-4
0.624, 1.363e-4
0.625, 1.384e-4
0.626, 1.405e-4
0.627, 1.426e-4
0.628, 1.449e-4
0.629, 1.476e-4
0.630, 1.503e-4
0.631, 1.528e-4
0.632, 1.559e-4
0.633, 1.594e-4
0.634, 1.626e-4
0.635, 1.658e-4
0.636, 1.692e-4
0.637, 1.727e-4
0.638, 1.762e-4
0.639, 1.804e-4
0.640, 1.850e-4
0.641, 1.892e-4
0.642, 1.934e-4
0.643, 1.980e-4
0.644, 2.027e-4
0.645, 2.077e-4
0.646, 2.129e-4
0.647, 2.181e-4
0.648, 2.233e-4
0.649, 2.291e-4
0.650, 2.352e-4
0.651, 2.412e-4
0.652, 2.471e-4
0.653, 2.532e-4
0.654, 2.602e-4
0.655, 2.671e-4
0.656, 2.738e-4
0.657, 2.815e-4
0.658, 2.890e-4
0.659, 2.965e-4
0.660, 3.047e-4
0.661, 3.128e-4
0.662, 3.209e-4
0.663, 3.294e-4
0.664, 3.383e-4
0.665, 3.474e-4
0.666, 3.568e-4
0.667, 3.664e-4
0.668, 3.757e-4
0.669, 3.858e-4
0.670, 3.962e-4
0.671, 4.067e-4
0.672, 4.173e-4
0.673, 4.283e-4
0.674, 4.394e-4
0.675, 4.508e-4
0.676, 4.622e-4
0.677, 4.739e-4
0.678, 4.862e-4
0.679, 4.983e-4
0.680, 5.109e-4
0.681, 5.237e-4
0.682, 5.368e-4
0.683, 5.501e-4
0.684, 5.637e-4
0.685, 5.776e-4
0.686, 5.916e-4
0.687, 6.058e-4
0.688, 6.200e-4
0.689, 6.350e-4
0.690, 6.501e-4
0.691, 6.653e-4
0.692, 6.811e-4
0.693, 6.968e-4
0.694, 7.129e-4
0.695, 7.293e-4
0.696, 7.459e-4
0.697, 7.627e-4
0.698, 7.797e-4
0.699, 7.973e-4
0.700, 8.146e-4
0.701, 8.326e-4
0.702, 8.510e-4
0.703, 8.690e-4
0.704, 8.874e-4
0.705, 9.061e-4
0.706, 9.250e-4
0.707, 9.444e-4
0.708, 9.638e-4
0.709, 9.833e-4
0.710, 1.003e-3
0.711, 1.023e-3
0.712, 1.044e-3
0.713, 1.064e-3
0.714, 1.085e-3
0.715, 1.106e-3
0.716, 1.128e-3
0.717, 1.150e-3
0.718, 1.172e-3
0.719, 1.193e-3
0.720, 1.216e-3
0.721, 1.238e-3
0.722, 1.260e-3
0.723, 1.283e-3
0.724, 1.307e-3
0.725, 1.330e-3
0.726, 1.353e-3
0.727, 1.377e-3
0.728, 1.401e-3
0.729, 1.425e-3
0.730, 1.449e-3
0.731, 1.473e-3
0.732, 1.498e-3
0.733, 1.523e-3
0.734, 1.548e-3
0.735, 1.574e-3
0.736, 1.599e-3
0.737, 1.625e-3
0.738, 1.651e-3
0.739, 1.677e-3
0.740, 1.703e-3
0.741, 1.730e-3
0.742, 1.757e-3
0.743, 1.784e-3
0.744, 1.811e-3
0.745, 1.838e-3
0.746, 1.866e-3
0.747, 1.893e-3
0.748, 1.921e-3
0.749, 1.949e-3
0.750, 1.978e-3
0.751, 2.006e-3
0.752, 2.035e-3
0.753, 2.064e-3
0.754, 2.093e-3
0.755, 2.122e-3
0.756, 2.151e-3
0.757, 2.180e-3
0.758, 2.210e-3
0.759, 2.239e-3
0.760, 2.269e-3
0.761, 2.300e-3
0.762, 2.330e-3
0.763, 2.360e-3
0.764, 2.391e-3
0.765, 2.422e-3
0.766, 2.453e-3
0.767, 2.484e-3
0.768, 2.515e-3
0.769, 2.547e-3
0.770, 2.578e-3
0.771, 2.610e-3
0.772, 2.642e-3
0.773, 2.674e-3
0.774, 2.706e-3
0.775, 2.738e-3
0.776, 2.771e-3
0.777, 2.804e-3
0.778, 2.837e-3
0.779, 2.870e-3
0.780, 2.903e-3
0.781, 2.935e-3
0.782, 2.968e-3
0.783, 3.002e-3
0.784, 3.036e-3
0.785, 3.070e-3
0.786, 3.104e-3
0.787, 3.138e-3
0.788, 3.172e-3
0.789, 3.207e-3
0.790, 3.241e-3
0.791, 3.276e-3
0.792, 3.311e-3
0.793, 3.346e-3
0.794, 3.381e-3
0.795, 3.416e-3
0.796, 3.452e-3
0.797, 3.487e-3
0.798, 3.523e-3
0.799, 3.559e-3
0.800, 3.582e-3
0.799, 3.555e-3
0.798, 3.519e-3
0.797, 3.484e-3
0.796, 3.449e-3
0.795, 3.414e-3
0.794, 3.380e-3
0.793, 3.345e-3
0.792, 3.311e-3
0.791, 3.276e-3
0.790, 3.242e-3
0.789, 3.208e-3
0.788, 3.174e-3
0.787, 3.141e-3
0.786, 3.107e-3
0.785, 3.073e-3
0.784, 3.040e-3
0.783, 3.007e-3
0.782, 2.974e-3
0.781, 2.941e-3
0.780, 2.909e-3
0.779, 2.876e-3
0.778, 2.843e-3
0.777, 2.811e-3
0.776, 2.779e-3
0.775, 2.747e-3
0.774, 2.716e-3
0.773, 2.684e-3
0.772, 2.653e-3
0.771, 2.622e-3
0.770, 2.591e-3
0.769, 2.560e-3
0.768, 2.529e-3
0.767, 2.498e-3
0.766, 2.468e-3
0.765, 2.438e-3
0.764, 2.408e-3
0.763, 2.378e-3
0.762, 2.348e-3
0.761, 2.318e-3
0.760, 2.289e-3
0.759, 2.259e-3
0.758, 2.231e-3
0.757, 2.202e-3
0.756, 2.173e-3
0.755, 2.145e-3
0.754, 2.117e-3
0.753, 2.088e-3
0.752, 2.061e-3
0.751, 2.033e-3
0.750, 2.005e-3
0.749, 1.978e-3
0.748, 1.950e-3
0.747, 1.923e-3
0.746, 1.896e-3
0.745, 1.869e-3
0.744, 1.843e-3
0.743, 1.817e-3
0.742, 1.790e-3
0.741, 1.764e-3
0.740, 1.739e-3
0.739, 1.713e-3
0.738, 1.688e-3
0.737, 1.663e-3
0.736, 1.638e-3
0.735, 1.613e-3
0.734, 1.588e-3
0.733, 1.564e-3
0.732, 1.539e-3
0.731, 1.515e-3
0.730, 1.491e-3
0.729, 1.468e-3
0.728, 1.444e-3
0.727, 1.421e-3
0.726, 1.398e-3
0.725, 1.375e-3
0.724, 1.352e-3
0.723, 1.330e-3
0.722, 1.308e-3
0.721, 1.285e-3
0.720, 1.264e-3
0.719, 1.242e-3
0.718, 1.220e-3
0.717, 1.198e-3
0.716, 1.176e-3
0.715, 1.156e-3
0.714, 1.135e-3
0.713, 1.115e-3
0.712, 1.094e-3
0.711, 1.074e-3
0.710, 1.054e-3
0.709, 1.034e-3
0.708, 1.015e-3
0.707, 9.955e-4
0.706, 9.763e-4
0.705, 9.574e-4
0.704, 9.388e-4
0.703, 9.200e-4
0.702, 9.017e-4
0.701, 8.834e-4
0.700, 8.654e-4
0.699, 8.479e-4
0.698, 8.300e-4
0.697, 8.124e-4
0.696, 7.954e-4
0.695, 7.783e-4
0.694, 7.612e-4
0.693, 7.446e-4
0.692, 7.283e-4
0.691, 7.118e-4
0.690, 6.959e-4
0.689, 6.801e-4
0.688, 6.645e-4
0.687, 6.494e-4
0.686, 6.341e-4
0.685, 6.187e-4
0.684, 6.043e-4
0.683, 5.898e-4
0.682, 5.755e-4
0.681, 5.613e-4
0.680, 5.474e-4
0.679, 5.336e-4
0.678, 5.200e-4
0.677, 5.067e-4
0.676, 4.936e-4
0.675, 4.807e-4
0.674, 4.678e-4
0.673, 4.553e-4
0.672, 4.428e-4
0.671, 4.307e-4
0.670, 4.187e-4
0.669, 4.070e-4
0.668, 3.954e-4
0.667, 3.837e-4
0.666, 3.723e-4
0.665, 3.615e-4
0.664, 3.507e-4
0.663, 3.400e-4
0.662, 3.297e-4
0.661, 3.194e-4
0.660, 3.096e-4
0.659, 2.995e-4
0.658, 2.900e-4
0.657, 2.803e-4
0.656, 2.711e-4
0.655, 2.621e-4
0.654, 2.531e-4
0.653, 2.446e-4
0.652, 2.363e-4
0.651, 2.277e-4
0.650, 2.199e-4
0.649, 2.120e-4
0.648, 2.041e-4
0.647, 1.965e-4
0.646, 1.893e-4
0.645, 1.818e-4
0.644, 1.747e-4
0.643, 1.680e-4
0.642, 1.614e-4
0.641, 1.546e-4
0.640, 1.481e-4
0.639, 1.419e-4
0.638, 1.359e-4
0.637, 1.297e-4
0.636, 1.244e-4
0.635, 1.187e-4
0.634, 1.135e-4
0.633, 1.080e-4
0.632, 1.028e-4
0.631, 9.783e-5
0.630, 9.302e-5
0.629, 8.862e-5
0.628, 8.393e-5
0.627, 7.953e-5
0.626, 7.535e-5
0.625, 7.115e-5
0.624, 6.712e-5
0.623, 6.320e-5
0.622, 5.954e-5
0.621, 5.566e-5
0.620, 5.226e-5
0.619, 4.897e-5
0.618, 4.543e-5
0.617, 4.219e-5
0.616, 3.937e-5
0.615, 3.673e-5
0.614, 3.432e-5
0.613, 3.111e-5
0.612, 2.858e-5
0.611, 2.628e-5
0.610, 2.375e-5
0.609, 2.136e-5
0.608, 1.910e-5
0.607, 1.692e-5
0.606, 1.484e-5
0.605, 1.290e-5
0.604, 1.107e-5
0.603, 9.012e-6
0.602, 7.225e-6
0.601, 5.722e-6
0.600, 3.984e-6
0.599, 2.412e-6
0.598, 9.569e-7
0.597, -5.272e-7
0.596, -1.718e-6
0.595, -3.163e-6
0.594, -4.491e-6
0.593, -5.653e-6
0.592, -6.464e-6
0.591, -7.801e-6
0.590, -8.709e-6
0.589, -9.774e-6
0.588, -1.076e-5
0.587, -1.140e-5
0.586, -1.238e-5
0.585, -1.329e-5
0.584, -1.409e-5
0.583, -1.482e-5
0.582, -1.549e-5
0.581, -1.629e-5
0.580, -1.675e-5
0.579, -1.733e-5
0.578, -1.776e-5
0.577, -1.850e-5
0.576, -1.856e-5
0.575, -1.925e-5
0.574, -1.957e-5
0.573, -1.996e-5
0.572, -2.046e-5
0.571, -2.063e-5
0.570, -2.109e-5
0.569, -2.138e-5
0.568, -2.167e-5
0.567, -2.214e-5
0.566, -2.230e-5
0.565, -2.269e-5
0.564, -2.294e-5
0.563, -2.336e-5
0.562, -2.351e-5
0.561, -2.374e-5
0.560, -2.393e-5
0.559, -2.433e-5
0.558, -2.438e-5
0.557, -2.471e-5
0.556, -2.494e-5
0.555, -2.523e-5
0.554, -2.545e-5
0.553, -2.561e-5
0.552, -2.575e-5
0.551, -2.612e-5
0.550, -2.627e-5
0.549, -2.656e-5
0.548, -2.696e-5
0.547, -2.705e-5
0.546, -2.726e-5
0.545, -2.758e-5
0.544, -2.789e-5
0.543, -2.821e-5
0.542, -2.832e-5
0.541, -2.866e-5
0.540, -2.888e-5
0.539, -2.928e-5
0.538, -2.964e-5
0.537, -2.991e-5
0.536, -3.016e-5
0.535, -3.050e-5
0.534, -3.072e-5
0.533, -3.105e-5
0.532, -3.145e-5
0.531, -3.175e-5
0.530, -3.207e-5
0.529, -3.241e-5
0.528, -3.267e-5
0.527, -3.312e-5
0.526, -3.343e-5
0.525, -3.375e-5
0.524, -3.423e-5
0.523, -3.460e-5
0.522, -3.506e-5
0.521, -3.549e-5
0.520, -3.588e-5
0.519, -3.645e-5
0.518, -3.686e-5
0.517, -3.750e-5
0.516, -3.794e-5
0.515, -3.827e-5
0.514, -3.887e-5
0.513, -3.945e-5
0.512, -4.097e-5
0.511, -4.108e-5
0.510, -4.118e-5
0.509, -4.169e-5
0.508, -4.237e-5
0.507, -4.283e-5
0.506, -4.343e-5
0.505, -4.386e-5
0.504, -4.440e-5
0.503, -4.497e-5
0.502, -4.564e-5
0.501, -4.617e-5
0.500, -4.687e-5
0.499, -4.710e-5
0.498, -4.795e-5
0.497, -4.871e-5
0.496, -4.939e-5
0.495, -5.007e-5
0.494, -5.077e-5
0.493, -5.169e-5
0.492, -5.243e-5
0.491, -5.311e-5
0.490, -5.393e-5
0.489, -5.454e-5
0.488, -5.518e-5
0.487, -5.619e-5
0.486, -5.701e-5
0.485, -5.767e-5
0.484, -5.852e-5
0.483, -5.927e-5
0.482, -6.011e-5
0.481, -6.107e-5
0.480, -6.223e-5
0.479, -6.317e-5
0.478, -6.402e-5
0.477, -6.510e-5
0.476, -6.597e-5
0.475, -6.682e-5
0.474, -6.757e-5
0.473, -6.826e-5
0.472, -6.913e-5
0.471, -6.998e-5
0.470, -7.083e-5
0.469, -7.192e-5
0.468, -7.287e-5
0.467, -7.369e-5
0.466, -7.492e-5
0.465, -7.606e-5
0.464, -7.690e-5
0.463, -7.791e-5
0.462, -7.879e-5
0.461, -7.988e-5
0.460, -8.091e-5
0.459, -8.179e-5
0.458, -8.280e-5
0.457, -8.377e-5
0.456, -8.476e-5
0.455, -8.573e-5
0.454, -8.686e-5
0.453, -8.794e-5
0.452, -8.886e-5
0.451, -8.963e-5
0.450, -9.074e-5
0.449, -9.160e-5
0.448, -9.207e-5
0.447, -9.290e-5
0.446, -9.383e-5
0.445, -9.448e-5
0.444, -9.533e-5
0.443, -9.599e-5
0.442, -9.682e-5
0.441, -9.763e-5
0.440, -9.817e-5
0.439, -9.894e-5
0.438, -9.958e-5
0.437, -1.001e-4
0.436, -1.007e-4
0.435, -1.013e-4
0.434, -1.018e-4
0.433, -1.022e-4
0.432, -1.025e-4
0.431, -1.031e-4
0.430, -1.033e-4
0.429, -1.036e-4
0.428, -1.039e-4
0.427, -1.041e-4
0.426, -1.044e-4
0.425, -1.046e-4
0.424, -1.047e-4
0.423, -1.049e-4
0.422, -1.048e-4
0.421, -1.049e-4
0.420, -1.050e-4
0.419, -1.051e-4
0.418, -1.051e-4
0.417, -1.051e-4
0.416, -1.051e-4
0.415, -1.051e-4
0.414, -1.051e-4
0.413, -1.049e-4
0.412, -1.049e-4
0.411, -1.047e-4
0.410, -1.033e-4
0.409, -1.016e-4
0.408, -1.026e-4
0.407, -1.027e-4
0.406, -1.026e-4
0.405, -1.024e-4
0.404, -1.023e-4
0.403, -1.020e-4
0.402, -1.017e-4
0.401, -1.015e-4
0.400, -1.011e-4
0.399, -1.007e-4
0.398, -1.001e-4
0.397, -9.962e-5
0.396, -9.901e-5
0.395, -9.845e-5
0.394, -9.782e-5
0.393, -9.701e-5
0.392, -9.641e-5
0.391, -9.572e-5
0.390, -9.495e-5
0.389, -9.413e-5
0.388, -9.330e-5
0.387, -9.238e-5
0.386, -9.147e-5
0.385, -9.054e-5
0.384, -8.955e-5
0.383, -8.837e-5
0.382, -8.707e-5
0.381, -8.586e-5
0.380, -8.472e-5
0.379, -8.332e-5
0.378, -8.213e-5
0.377, -8.089e-5
0.376, -7.953e-5
0.375, -7.830e-5
0.374, -7.683e-5
0.373, -7.554e-5
0.372, -7.412e-5
0.371, -7.251e-5
0.370, -7.120e-5
0.369, -6.992e-5
0.368, -6.866e-5
0.367, -6.756e-5
0.366, -6.622e-5
0.365, -6.474e-5
0.364, -6.338e-5
0.363, -6.193e-5
0.362, -6.042e-5
0.361, -5.900e-5
0.360, -5.760e-5
0.359, -5.641e-5
0.358, -5.516e-5
0.357, -5.393e-5
0.356, -5.272e-5
0.355, -5.141e-5
0.354, -5.021e-5
0.353, -4.891e-5
0.352, -4.775e-5
0.351, -4.660e-5
0.350, -4.550e-5
0.349, -4.452e-5
0.348, -4.356e-5
0.347, -4.256e-5
0.346, -4.149e-5
0.345, -4.053e-5
0.344, -3.954e-5
0.343, -3.851e-5
0.342, -3.762e-5
0.341, -3.659e-5
0.340, -3.573e-5
0.339, -3.483e-5
0.338, -3.400e-5
0.337, -3.326e-5
0.336, -3.252e-5
0.335, -3.167e-5
0.334, -3.099e-5
0.333, -3.039e-5
0.332, -2.963e-5
0.331, -2.897e-5
0.330, -2.830e-5
0.329, -2.776e-5
0.328, -2.713e-5
0.327, -2.659e-5
0.326, -2.602e-5
0.325, -2.539e-5
0.324, -2.489e-5
0.323, -2.444e-5
0.322, -2.393e-5
0.321, -2.344e-5
0.320, -2.294e-5
0.319, -2.248e-5
0.318, -2.205e-5
0.317, -2.159e-5
0.316, -2.128e-5
0.315, -2.085e-5
0.314, -2.054e-5
0.313, -2.017e-5
0.312, -1.972e-5
0.311, -1.951e-5
0.310, -1.922e-5
0.309, -1.891e-5
0.308, -1.863e-5
0.307, -1.852e-5
0.306, -1.806e-5
0.305, -1.783e-5
0.304, -1.763e-5
0.303, -1.728e-5
0.302, -1.700e-5
0.301, -1.668e-5
0.300, -1.659e-5
0.299, -1.627e-5
0.298, -1.604e-5
0.297, -1.578e-5
0.296, -1.550e-5
0.295, -1.537e-5
0.294, -1.508e-5
0.293, -1.479e-5
0.292, -1.463e-5
0.291, -1.444e-5
0.290, -1.419e-5
0.289, -1.403e-5
0.288, -1.384e-5
0.287, -1.375e-5
0.286, -1.347e-5
0.285, -1.326e-5
0.284, -1.310e-5
0.283, -1.306e-5
0.282, -1.285e-5
0.281, -1.283e-5
0.280, -1.252e-5
0.279, -1.241e-5
0.278, -1.223e-5
0.277, -1.208e-5
0.276, -1.206e-5
0.275, -1.183e-5
0.274, -1.179e-5
0.273, -1.172e-5
0.272, -1.150e-5
0.271, -1.140e-5
0.270, -1.135e-5
0.269, -1.115e-5
0.268, -1.108e-5
0.267, -1.095e-5
0.266, -1.088e-5
0.265, -1.086e-5
0.264, -1.069e-5
0.263, -1.060e-5
0.262, -1.049e-5
0.261, -1.053e-5
0.260, -1.043e-5
0.259, -1.031e-5
0.258, -1.028e-5
0.257, -1.019e-5
0.256, -1.009e-5
0.255, -1.006e-5
0.254, -9.842e-6
0.253, -9.910e-6
0.252, -9.852e-6
0.251, -9.754e-6
0.250, -9.686e-6
0.249, -9.578e-6
0.248, -9.549e-6
0.247, -9.500e-6
0.246, -9.461e-6
0.245, -9.363e-6
0.244, -9.363e-6
0.243, -9.246e-6
0.242, -9.295e-6
0.241, -9.197e-6
0.240, -9.061e-6
0.239, -9.090e-6
0.238, -9.100e-6
0.237, -9.012e-6
0.236, -8.885e-6
0.235, -8.953e-6
0.234, -8.963e-6
0.233, -8.856e-6
0.232, -8.787e-6
0.231, -8.739e-6
0.230, -8.787e-6
0.229, -8.690e-6
0.228, -8.690e-6
0.227, -8.553e-6
0.226, -8.524e-6
0.225, -8.573e-6
0.224, -8.524e-6
0.223, -8.553e-6
0.222, -8.485e-6
0.221, -8.416e-6
0.220, -8.416e-6
0.219, -8.348e-6
0.218, -8.358e-6
0.217, -8.319e-6
0.216, -8.241e-6
0.215, -8.221e-6
0.214, -8.202e-6
0.213, -8.163e-6
0.212, -8.231e-6
0.211, -8.202e-6
0.210, -8.114e-6
0.209, -8.123e-6
0.208, -8.075e-6
0.207, -8.065e-6
0.206, -8.045e-6
0.205, -7.938e-6
0.204, -7.977e-6
0.203, -7.909e-6
0.202, -7.987e-6
0.201, -7.928e-6
0.200, -6.600e-6
0.201, -3.915e-6
0.202, -2.968e-6
0.203, -2.246e-6
0.204, -1.777e-6
0.205, -1.357e-6
0.206, -8.690e-7
0.207, -5.272e-7
0.208, -1.465e-7
0.209, 1.367e-7
0.210, 4.198e-7
0.211, 7.909e-7
0.212, 1.035e-6
0.213, 1.269e-6
0.214, 1.552e-6
0.215, 1.738e-6
0.216, 1.982e-6
0.217, 2.177e-6
0.218, 2.285e-6
0.219, 2.539e-6
0.220, 2.744e-6
0.221, 2.871e-6
0.222, 3.056e-6
0.223, 3.203e-6
0.224, 3.427e-6
0.225, 3.564e-6
0.226, 3.740e-6
0.227, 3.886e-6
0.228, 4.042e-6
0.229, 4.218e-6
0.230, 4.413e-6
0.231, 4.521e-6
0.232, 4.609e-6
0.233, 4.745e-6
0.234, 4.950e-6
0.235, 4.989e-6
0.236, 5.097e-6
0.237, 5.302e-6
0.238, 5.487e-6
0.239, 5.517e-6
0.240, 5.575e-6
0.241, 5.702e-6
0.242, 5.849e-6
0.243, 5.985e-6
0.244, 6.151e-6
0.245, 6.229e-6
0.246, 6.395e-6
0.247, 6.522e-6
0.248, 6.561e-6
0.249, 6.669e-6
0.250, 6.864e-6
0.251, 6.903e-6
0.252, 7.089e-6
0.253, 7.167e-6
0.254, 7.294e-6
0.255, 7.381e-6
0.256, 7.469e-6
0.257, 7.616e-6
0.258, 7.743e-6
0.259, 7.860e-6
0.260, 8.026e-6
0.261, 8.241e-6
0.262, 8.309e-6
0.263, 8.397e-6
0.264, 8.553e-6
0.265, 8.612e-6
0.266, 8.739e-6
0.267, 8.895e-6
0.268, 9.032e-6
0.269, 9.129e-6
0.270, 9.315e-6
0.271, 9.432e-6
0.272, 9.520e-6
0.273, 9.686e-6
0.274, 9.822e-6
0.275, 9.910e-6
0.276, 9.998e-6
0.277, 1.014e-5
0.278, 1.034e-5
0.279, 1.034e-5
0.280, 1.047e-5
0.281, 1.060e-5
0.282, 1.077e-5
0.283, 1.089e-5
0.284, 1.098e-5
0.285, 1.108e-5
0.286, 1.122e-5
0.287, 1.135e-5
0.288, 1.146e-5
0.289, 1.160e-5
0.290, 1.173e-5
0.291, 1.179e-5
0.292, 1.201e-5
0.293, 1.210e-5
0.294, 1.219e-5
0.295, 1.227e-5
0.296, 1.248e-5
0.297, 1.269e-5
0.298, 1.271e-5
0.299, 1.285e-5
0.300, 1.297e-5
0.301, 1.309e-5
0.302, 1.327e-5
0.303, 1.339e-5
0.304, 1.347e-5
0.305, 1.358e-5
0.306, 1.374e-5
0.307, 1.391e-5
0.308, 1.404e-5
0.309, 1.407e-5
0.310, 1.418e-5
0.311, 1.433e-5
0.312, 1.448e-5
0.313, 1.457e-5
0.314, 1.468e-5
0.315, 1.483e-5
0.316, 1.501e-5
0.317, 1.505e-5
0.318, 1.513e-5
0.319, 1.527e-5
0.320, 1.533e-5
0.321, 1.547e-5
0.322, 1.569e-5
0.323, 1.576e-5
0.324, 1.585e-5
0.325, 1.603e-5
0.326, 1.620e-5
0.327, 1.631e-5
0.328, 1.639e-5
0.329, 1.650e-5
0.330, 1.669e-5
0.331, 1.689e-5
0.332, 1.699e-5
0.333, 1.706e-5
0.334, 1.716e-5
0.335, 1.731e-5
0.336, 1.742e-5
0.337, 1.761e-5
0.338, 1.777e-5
0.339, 1.787e-5
0.340, 1.801e-5
0.341, 1.811e-5
0.342, 1.825e-5
0.343, 1.837e-5
0.344, 1.848e-5
0.345, 1.874e-5
0.346, 1.871e-5
0.347, 1.893e-5
0.348, 1.903e-5
0.349, 1.917e-5
0.350, 1.932e-5
0.351, 1.947e-5
0.352, 1.963e-5
0.353, 1.963e-5
0.354, 1.986e-5
0.355, 2.000e-5
0.356, 2.016e-5
0.357, 2.028e-5
0.358, 2.044e-5
0.359, 2.060e-5
0.360, 2.074e-5
0.361, 2.085e-5
0.362, 2.099e-5
0.363, 2.118e-5
0.364, 2.129e-5
0.365, 2.140e-5
0.366, 2.161e-5
0.367, 2.170e-5
0.368, 2.186e-5
0.369, 2.205e-5
0.370, 2.218e-5
0.371, 2.229e-5
0.372, 2.243e-5
0.373, 2.263e-5
0.374, 2.283e-5
0.375, 2.294e-5
0.376, 2.307e-5
0.377, 2.331e-5
0.378, 2.342e-5
0.379, 2.356e-5
0.380, 2.372e-5
0.381, 2.385e-5
0.382, 2.403e-5
0.383, 2.419e-5
0.384, 2.427e-5
0.385, 2.449e-5
0.386, 2.456e-5
0.387, 2.481e-5
0.388, 2.492e-5
0.389, 2.507e-5
0.390, 2.520e-5
0.391, 2.538e-5
0.392, 2.554e-5
0.393, 2.574e-5
0.394, 2.583e-5
0.395, 2.596e-5
0.396, 2.616e-5
0.397, 2.626e-5
0.398, 2.649e-5
0.399, 2.661e-5
0.400, 2.677e-5
0.401, 2.699e-5
0.402, 2.716e-5
0.403, 2.730e-5
0.404, 2.749e-5
0.405, 2.765e-5
0.406, 2.781e-5
0.407, 2.798e-5
0.408, 2.814e-5
0.409, 2.822e-5
0.410, 2.780e-5
0.411, 2.845e-5
0.412, 2.870e-5
0.413, 2.891e-5
0.414, 2.917e-5
0.415, 2.941e-5
0.416, 2.963e-5
0.417, 2.977e-5
0.418, 2.997e-5
0.419, 3.013e-5
0.420, 3.041e-5
0.421, 3.069e-5
0.422, 3.083e-5
0.423, 3.103e-5
0.424, 3.144e-5
0.425, 3.175e-5
0.426, 3.201e-5
0.427, 3.227e-5
0.428, 3.263e-5
0.429, 3.294e-5
0.430, 3.336e-5
0.431, 3.370e-5
0.432, 3.403e-5
0.433, 3.449e-5
0.434, 3.486e-5
0.435, 3.533e-5
0.436, 3.579e-5
0.437, 3.622e-5
0.438, 3.670e-5
0.439, 3.726e-5
0.440, 3.774e-5
0.441, 3.835e-5
0.442, 3.895e-5
0.443, 3.952e-5
0.444, 4.022e-5
0.445, 4.081e-5
0.446, 4.155e-5
0.447, 4.244e-5
0.448, 4.314e-5
0.449, 4.420e-5
0.450, 4.514e-5
0.451, 4.629e-5
0.452, 4.748e-5
0.453, 4.859e-5
0.454, 4.981e-5
0.455, 5.112e-5
0.456, 5.244e-5
0.457, 5.394e-5
0.458, 5.543e-5
0.459, 5.718e-5
0.460, 5.906e-5
0.461, 6.105e-5
0.462, 6.290e-5
0.463, 6.481e-5
0.464, 6.683e-5
0.465, 6.915e-5
0.466, 7.156e-5
0.467, 7.407e-5
0.468, 7.656e-5
0.469, 7.891e-5
0.470, 8.169e-5
0.471, 8.464e-5
0.472, 8.761e-5
0.473, 9.036e-5
0.474, 9.287e-5
0.475, 9.597e-5
0.476, 9.913e-5
0.477, 1.021e-4
0.478, 1.051e-4
0.479, 1.083e-4
0.480, 1.114e-4
0.481, 1.144e-4
0.482, 1.170e-4
0.483, 1.197e-4
0.484, 1.225e-4
0.485, 1.251e-4
0.486, 1.275e-4
0.487, 1.300e-4
0.488, 1.326e-4
0.489, 1.351e-4
0.490, 1.372e-4
0.491, 1.394e-4
0.492, 1.413e-4
0.493, 1.432e-4
0.494, 1.451e-4
0.495, 1.469e-4
0.496, 1.485e-4
0.497, 1.500e-4
0.498, 1.513e-4
0.499, 1.525e-4
0.500, 1.537e-4
0.501, 1.550e-4
0.502, 1.563e-4
0.503, 1.575e-4
0.504, 1.586e-4
0.505, 1.596e-4
0.506, 1.604e-4
0.507, 1.612e-4
0.508, 1.621e-4
0.509, 1.626e-4
0.510, 1.634e-4
0.511, 1.640e-4
0.512, 1.653e-4
0.513, 1.661e-4
0.514, 1.663e-4
0.515, 1.669e-4
0.516, 1.674e-4
0.517, 1.678e-4
0.518, 1.685e-4
0.519, 1.689e-4
0.520, 1.695e-4
0.521, 1.699e-4
0.522, 1.701e-4
0.523, 1.707e-4
0.524, 1.710e-4
0.525, 1.710e-4
0.526, 1.714e-4
0.527, 1.717e-4
0.528, 1.719e-4
0.529, 1.720e-4
0.530, 1.721e-4
0.531, 1.721e-4
0.532, 1.721e-4
0.533, 1.719e-4
0.534, 1.718e-4
0.535, 1.714e-4
0.536, 1.712e-4
0.537, 1.708e-4
0.538, 1.707e-4
0.539, 1.698e-4
0.540, 1.693e-4
0.541, 1.686e-4
0.542, 1.680e-4
0.543, 1.671e-4
0.544, 1.664e-4
0.545, 1.654e-4
0.546, 1.645e-4
0.547, 1.637e-4
0.548, 1.626e-4
0.549, 1.615e-4
0.550, 1.605e-4
0.551, 1.591e-4
0.552, 1.578e-4
0.553, 1.567e-4
0.554, 1.551e-4
0.555, 1.538e-4
0.556, 1.527e-4
0.557, 1.513e-4
0.558, 1.501e-4
0.559, 1.489e-4
0.560, 1.476e-4
0.561, 1.462e-4
0.562, 1.448e-4
0.563, 1.437e-4
0.564, 1.425e-4
0.565, 1.410e-4
0.566, 1.399e-4
0.567, 1.385e-4
0.568, 1.374e-4
0.569, 1.361e-4
0.570, 1.349e-4
0.571, 1.335e-4
0.572, 1.322e-4
0.573, 1.307e-4
0.574, 1.296e-4
0.575, 1.285e-4
0.576, 1.273e-4
0.577, 1.265e-4
0.578, 1.256e-4
0.579, 1.248e-4
0.580, 1.239e-4
0.581, 1.230e-4
0.582, 1.220e-4
0.583, 1.212e-4
0.584, 1.203e-4
0.585, 1.196e-4
0.586, 1.187e-4
0.587, 1.181e-4
0.588, 1.174e-4
0.589, 1.172e-4
0.590, 1.165e-4
0.591, 1.160e-4
0.592, 1.156e-4
0.593, 1.153e-4
0.594, 1.149e-4
0.595, 1.146e-4
0.596, 1.143e-4
0.597, 1.142e-4
0.598, 1.141e-4
0.599, 1.140e-4
0.600, 1.139e-4
0.601, 1.141e-4
0.602, 1.139e-4
0.603, 1.142e-4
0.604, 1.145e-4
0.605, 1.146e-4
0.606, 1.152e-4
0.607, 1.156e-4
0.608, 1.161e-4
0.609, 1.167e-4
0.610, 1.173e-4
0.611, 1.180e-4
0.612, 1.188e-4
0.613, 1.197e-4
0.614, 1.208e-4
0.615, 1.215e-4
0.616, 1.230e-4
0.617, 1.244e-4
0.618, 1.255e-4
0.619, 1.269e-4
0.620, 1.283e-4
0.621, 1.299e-4
0.622, 1.318e-4
0.623, 1.339e-4
0.624, 1.361e-4
0.625, 1.383e-4
0.626, 1.403e-4
0.627, 1.424e-4
0.628, 1.449e-4
0.629, 1.476e-4
0.630, 1.503e-4
0.631, 1.530e-4
0.632, 1.561e-4
0.633, 1.596e-4
0.634, 1.629e-4
0.635, 1.660e-4
0.636, 1.695e-4
0.637, 1.731e-4
0.638, 1.768e-4
0.639, 1.809e-4
0.640, 1.855e-4
0.641, 1.899e-4
0.642, 1.941e-4
0.643, 1.987e-4
0.644, 2.035e-4
0.645, 2.086e-4
0.646, 2.139e-4
0.647, 2.191e-4
0.648, 2.243e-4
0.649, 2.301e-4
0.650, 2.363e-4
0.651, 2.423e-4
0.652, 2.481e-4
0.653, 2.546e-4
0.654, 2.616e-4
0.655, 2.687e-4
0.656, 2.753e-4
0.657, 2.831e-4
0.658, 2.907e-4
0.659, 2.982e-4
0.660, 3.064e-4
0.661, 3.144e-4
0.662, 3.227e-4
0.663, 3.315e-4
0.664, 3.405e-4
0.665, 3.495e-4
0.666, 3.590e-4
0.667, 3.686e-4
0.668, 3.782e-4
0.669, 3.883e-4
0.670, 3.988e-4
0.671, 4.091e-4
0.672, 4.200e-4
0.673, 4.312e-4
0.674, 4.423e-4
0.675, 4.538e-4
0.676, 4.654e-4
0.677, 4.773e-4
0.678, 4.895e-4
0.679, 5.017e-4
0.680, 5.144e-4
0.681, 5.275e-4
0.682, 5.405e-4
0.683, 5.541e-4
0.684, 5.677e-4
0.685, 5.818e-4
0.686, 5.958e-4
0.687, 6.099e-4
0.688, 6.246e-4
0.689, 6.396e-4
0.690, 6.548e-4
0.691, 6.701e-4
0.692, 6.860e-4
0.693, 7.020e-4
0.694, 7.180e-4
0.695, 7.343e-4
0.696, 7.513e-4
0.697, 7.681e-4
0.698, 7.854e-4
0.699, 8.029e-4
0.700, 8.205e-4
0.701, 8.385e-4
0.702, 8.567e-4
0.703, 8.748e-4
0.704, 8.934e-4
0.705, 9.121e-4
0.706, 9.312e-4
0.707, 9.507e-4
0.708, 9.701e-4
0.709, 9.898e-4
0.710, 1.010e-3
0.711, 1.030e-3
0.712, 1.051e-3
0.713, 1.071e-3
0.714, 1.092e-3
0.715, 1.113e-3
0.716, 1.135e-3
0.717, 1.157e-3
0.718, 1.179e-3
0.719, 1.201e-3
0.720, 1.223e-3
0.721, 1.246e-3
0.722, 1.269e-3
0.723, 1.292e-3
0.724, 1.315e-3
0.725, 1.339e-3
0.726, 1.362e-3
0.727, 1.385e-3
0.728, 1.409e-3
0.729, 1.434e-3
0.730, 1.458e-3
0.731, 1.483e-3
0.732, 1.508e-3
0.733, 1.533e-3
0.734, 1.558e-3
0.735, 1.584e-3
0.736, 1.609e-3
0.737, 1.635e-3
0.738, 1.661e-3
0.739, 1.688e-3
0.740, 1.714e-3
0.741, 1.741e-3
0.742, 1.768e-3
0.743, 1.794e-3
0.744, 1.822e-3
0.745, 1.849e-3
0.746, 1.877e-3
0.747, 1.905e-3
0.748, 1.933e-3
0.749, 1.961e-3
0.750, 1.990e-3
0.751, 2.018e-3
0.752, 2.047e-3
0.753, 2.076e-3
0.754, 2.105e-3
0.755, 2.134e-3
0.756, 2.163e-3
0.757, 2.192e-3
0.758, 2.222e-3
0.759, 2.252e-3
0.760, 2.282e-3
0.761, 2.312e-3
0.762, 2.343e-3
0.763, 2.374e-3
0.764, 2.404e-3
0.765, 2.435e-3
0.766, 2.466e-3
0.767, 2.497e-3
0.768, 2.529e-3
0.769, 2.560e-3
0.770, 2.592e-3
0.771, 2.624e-3
0.772, 2.656e-3
0.773, 2.688e-3
0.774, 2.720e-3
0.775, 2.752e-3
0.776, 2.785e-3
0.777, 2.818e-3
0.778, 2.850e-3
0.779, 2.884e-3
0.780, 2.917e-3
0.781, 2.949e-3
0.782, 2.983e-3
0.783, 3.017e-3
0.784, 3.050e-3
0.785, 3.084e-3
0.786, 3.118e-3
0.787, 3.153e-3
0.788, 3.187e-3
0.789, 3.222e-3
0.790, 3.256e-3
0.791, 3.291e-3
0.792, 3.325e-3
0.793, 3.360e-3
0.794, 3.396e-3
0.795, 3.431e-3
0.796, 3.467e-3
0.797, 3.502e-3
0.798, 3.539e-3
0.799, 3.575e-3
0.800, 3.597e-3
0.799, 3.570e-3
0.798, 3.533e-3
0.797, 3.497e-3
0.796, 3.462e-3
0.795, 3.427e-3
0.794, 3.391e-3
0.793, 3.356e-3
0.792, 3.321e-3
0.791, 3.286e-3
0.790, 3.252e-3
0.789, 3.217e-3
0.788, 3.183e-3
0.787, 3.148e-3
0.786, 3.114e-3
0.785, 3.080e-3
0.784, 3.046e-3
0.783, 3.013e-3
0.782, 2.979e-3
0.781, 2.946e-3
0.780, 2.913e-3
0.779, 2.880e-3
0.778, 2.847e-3
0.777, 2.815e-3
0.776, 2.782e-3
0.775, 2.750e-3
0.774, 2.718e-3
0.773, 2.686e-3
0.772, 2.654e-3
0.771, 2.623e-3
0.770, 2.591e-3
0.769, 2.560e-3
0.768, 2.529e-3
0.767, 2.498e-3
0.766, 2.467e-3
0.765, 2.437e-3
0.764, 2.406e-3
0.763, 2.376e-3
0.762, 2.346e-3
0.761, 2.316e-3
0.760, 2.286e-3
0.759, 2.257e-3
0.758, 2.227e-3
0.757, 2.198e-3
0.756, 2.169e-3
0.755, 2.141e-3
0.754, 2.113e-3
0.753, 2.084e-3
0.752, 2.056e-3
0.751, 2.028e-3
0.750, 2.000e-3
0.749, 1.972e-3
0.748, 1.945e-3
0.747, 1.918e-3
0.746, 1.890e-3
0.745, 1.863e-3
0.744, 1.837e-3
0.743, 1.810e-3
0.742, 1.784e-3
0.741, 1.758e-3
0.740, 1.732e-3
0.739, 1.706e-3
0.738, 1.681e-3
0.737, 1.655e-3
0.736, 1.630e-3
0.735, 1.605e-3
0.734, 1.580e-3
0.733, 1.556e-3
0.732, 1.532e-3
0.731, 1.507e-3
0.730, 1.483e-3
0.729, 1.460e-3
0.728, 1.436e-3
0.727, 1.413e-3
0.726, 1.389e-3
0.725, 1.367e-3
0.724, 1.344e-3
0.723, 1.321e-3
0.722, 1.299e-3
0.721, 1.277e-3
0.720, 1.255e-3
0.719, 1.233e-3
0.718, 1.211e-3
0.717, 1.189e-3
0.716, 1.168e-3
0.715, 1.147e-3
0.714, 1.126e-3
0.713, 1.105e-3
0.712, 1.085e-3
0.711, 1.065e-3
0.710, 1.045e-3
0.709, 1.025e-3
0.708, 1.005e-3
0.707, 9.860e-4
0.706, 9.668e-4
0.705, 9.480e-4
0.704, 9.293e-4
0.703, 9.107e-4
0.702, 8.924e-4
0.701, 8.740e-4
0.700, 8.562e-4
0.699, 8.386e-4
0.698, 8.209e-4
0.697, 8.033e-4
0.696, 7.862e-4
0.695, 7.689e-4
0.694, 7.524e-4
0.693, 7.356e-4
0.692, 7.191e-4
0.691, 7.030e-4
0.690, 6.869e-4
0.689, 6.711e-4
0.688, 6.559e-4
0.687, 6.405e-4
0.686, 6.253e-4
0.685, 6.102e-4
0.684, 5.957e-4
0.683, 5.814e-4
0.682, 5.667e-4
0.681, 5.529e-4
0.680, 5.390e-4
0.679, 5.251e-4
0.678, 5.120e-4
0.677, 4.986e-4
0.676, 4.854e-4
0.675, 4.725e-4
0.674, 4.599e-4
0.673, 4.475e-4
0.672, 4.350e-4
0.671, 4.226e-4
0.670, 4.108e-4
0.669, 3.992e-4
0.668, 3.876e-4
0.667, 3.758e-4
0.666, 3.650e-4
0.665, 3.540e-4
0.664, 3.433e-4
0.663, 3.328e-4
0.662, 3.224e-4
0.661, 3.123e-4
0.660, 3.023e-4
0.659, 2.928e-4
0.658, 2.830e-4
0.657, 2.734e-4
0.656, 2.647e-4
0.655, 2.555e-4
0.654, 2.466e-4
0.653, 2.385e-4
0.652, 2.299e-4
0.651, 2.217e-4
0.650, 2.138e-4
0.649, 2.058e-4
0.648, 1.982e-4
0.647, 1.907e-4
0.646, 1.834e-4
0.645, 1.760e-4
0.644, 1.692e-4
0.643, 1.626e-4
0.642, 1.556e-4
0.641, 1.491e-4
0.640, 1.428e-4
0.639, 1.367e-4
0.638, 1.304e-4
0.637, 1.249e-4
0.636, 1.192e-4
0.635, 1.139e-4
0.634, 1.084e-4
0.633, 1.030e-4
0.632, 9.804e-5
0.631, 9.302e-5
0.630, 8.856e-5
0.629, 8.370e-5
0.628, 7.915e-5
0.627, 7.517e-5
0.626, 7.080e-5
0.625, 6.663e-5
0.624, 6.277e-5
0.623, 5.880e-5
0.622, 5.489e-5
0.621, 5.133e-5
0.620, 4.789e-5
0.619, 4.448e-5
0.618, 4.123e-5
0.617, 3.828e-5
0.616, 3.527e-5
0.615, 3.240e-5
0.614, 3.010e-5
0.613, 2.718e-5
0.612, 2.453e-5
0.611, 2.205e-5
0.610, 1.952e-5
0.609, 1.726e-5
0.608, 1.493e-5
0.607, 1.282e-5
0.606, 1.079e-5
0.605, 8.553e-6
0.604, 6.591e-6
0.603, 4.784e-6
0.602, 3.066e-6
0.601, 1.494e-6
0.600, -2.343e-7
0.599, -1.923e-6
0.598, -3.183e-6
0.597, -4.735e-6
0.596, -6.141e-6
0.595, -7.391e-6
0.594, -8.748e-6
0.593, -9.940e-6
0.592, -1.108e-5
0.591, -1.223e-5
0.590, -1.343e-5
0.589, -1.470e-5
0.588, -1.559e-5
0.587, -1.640e-5
0.586, -1.734e-5
0.585, -1.815e-5
0.584, -1.888e-5
0.583, -1.956e-5
0.582, -2.017e-5
0.581, -2.088e-5
0.580, -2.140e-5
0.579, -2.205e-5
0.578, -2.266e-5
0.577, -2.327e-5
0.576, -2.342e-5
0.575, -2.424e-5
0.574, -2.480e-5
0.573, -2.531e-5
0.572, -2.576e-5
0.571, -2.615e-5
0.570, -2.671e-5
0.569, -2.695e-5
0.568, -2.743e-5
0.567, -2.796e-5
0.566, -2.811e-5
0.565, -2.855e-5
0.564, -2.897e-5
0.563, -2.932e-5
0.562, -2.957e-5
0.561, -2.994e-5
0.560, -3.022e-5
0.559, -3.061e-5
0.558, -3.093e-5
0.557, -3.130e-5
0.556, -3.144e-5
0.555, -3.188e-5
0.554, -3.212e-5
0.553, -3.237e-5
0.552, -3.274e-5
0.551, -3.290e-5
0.550, -3.309e-5
0.549, -3.341e-5
0.548, -3.391e-5
0.547, -3.412e-5
0.546, -3.445e-5
0.545, -3.489e-5
0.544, -3.515e-5
0.543, -3.554e-5
0.542, -3.560e-5
0.541, -3.619e-5
0.540, -3.633e-5
0.539, -3.671e-5
0.538, -3.714e-5
0.537, -3.768e-5
0.536, -3.782e-5
0.535, -3.819e-5
0.534, -3.856e-5
0.533, -3.904e-5
0.532, -3.938e-5
0.531, -3.963e-5
0.530, -4.023e-5
0.529, -4.063e-5
0.528, -4.084e-5
0.527, -4.130e-5
0.526, -4.169e-5
0.525, -4.190e-5
0.524, -4.237e-5
0.523, -4.282e-5
0.522, -4.320e-5
0.521, -4.366e-5
0.520, -4.394e-5
0.519, -4.454e-5
0.518, -4.491e-5
0.517, -4.523e-5
0.516, -4.577e-5
0.515, -4.617e-5
0.514, -4.680e-5
0.513, -4.720e-5
0.512, -4.882e-5
0.511, -4.893e-5
0.510, -4.907e-5
0.509, -4.953e-5
0.508, -5.005e-5
0.507, -5.051e-5
0.506, -5.128e-5
0.505, -5.195e-5
0.504, -5.245e-5
0.503, -5.303e-5
0.502, -5.341e-5
0.501, -5.406e-5
0.500, -5.483e-5
0.499, -5.514e-5
0.498, -5.588e-5
0.497, -5.665e-5
0.496, -5.719e-5
0.495, -5.783e-5
0.494, -5.851e-5
0.493, -5.935e-5
0.492, -6.005e-5
0.491, -6.094e-5
0.490, -6.167e-5
0.489, -6.253e-5
0.488, -6.347e-5
0.487, -6.431e-5
0.486, -6.521e-5
0.485, -6.595e-5
0.484, -6.675e-5
0.483, -6.735e-5
0.482, -6.830e-5
0.481, -6.893e-5
0.480, -6.964e-5
0.479, -7.053e-5
0.478, -7.133e-5
0.477, -7.225e-5
0.476, -7.311e-5
0.475, -7.412e-5
0.474, -7.505e-5
0.473, -7.583e-5
0.472, -7.685e-5
0.471, -7.793e-5
0.470, -7.902e-5
0.469, -7.990e-5
0.468, -8.097e-5
0.467, -8.196e-5
0.466, -8.299e-5
0.465, -8.395e-5
0.464, -8.497e-5
0.463, -8.612e-5
0.462, -8.726e-5
0.461, -8.847e-5
0.460, -8.953e-5
0.459, -9.068e-5
0.458, -9.171e-5
0.457, -9.263e-5
0.456, -9.358e-5
0.455, -9.460e-5
0.454, -9.558e-5
0.453, -9.665e-5
0.452, -9.784e-5
0.451, -9.865e-5
0.450, -9.974e-5
0.449, -1.009e-4
0.448, -1.016e-4
0.447, -1.027e-4
0.446, -1.035e-4
0.445, -1.043e-4
0.444, -1.052e-4
0.443, -1.061e-4
0.442, -1.072e-4
0.441, -1.080e-4
0.440, -1.089e-4
0.439, -1.098e-4
0.438, -1.105e-4
0.437, -1.114e-4
0.436, -1.122e-4
0.435, -1.132e-4
0.434, -1.139e-4
0.433, -1.144e-4
0.432, -1.149e-4
0.431, -1.157e-4
0.430, -1.160e-4
0.429, -1.164e-4
0.428, -1.170e-4
0.427, -1.173e-4
0.426, -1.176e-4
0.425, -1.180e-4
0.424, -1.184e-4
0.423, -1.186e-4
0.422, -1.187e-4
0.421, -1.191e-4
0.420, -1.192e-4
0.419, -1.194e-4
0.418, -1.195e-4
0.417, -1.197e-4
0.416, -1.198e-4
0.415, -1.200e-4
0.414, -1.201e-4
0.413, -1.202e-4
0.412, -1.202e-4
0.411, -1.202e-4
0.410, -1.189e-4
0.409, -1.174e-4
0.408, -1.183e-4
0.407, -1.185e-4
0.406, -1.185e-4
0.405, -1.187e-4
0.404, -1.186e-4
0.403, -1.185e-4
0.402, -1.184e-4
0.401, -1.182e-4
0.400, -1.179e-4
0.399, -1.176e-4
0.398, -1.174e-4
0.397, -1.167e-4
0.396, -1.164e-4
0.395, -1.159e-4
0.394, -1.153e-4
0.393, -1.147e-4
0.392, -1.141e-4
0.391, -1.132e-4
0.390, -1.123e-4
0.389, -1.115e-4
0.388, -1.105e-4
0.387, -1.094e-4
0.386, -1.083e-4
0.385, -1.073e-4
0.384, -1.062e-4
0.383, -1.052e-4
0.382, -1.039e-4
0.381, -1.026e-4
0.380, -1.014e-4
0.379, -9.993e-5
0.378, -9.857e-5
0.377, -9.715e-5
0.376, -9.564e-5
0.375, -9.410e-5
0.374, -9.281e-5
0.373, -9.138e-5
0.372, -8.982e-5
0.371, -8.791e-5
0.370, -8.624e-5
0.369, -8.460e-5
0.368, -8.296e-5
0.367, -8.139e-5
0.366, -7.979e-5
0.365, -7.826e-5
0.364, -7.661e-5
0.363, -7.494e-5
0.362, -7.327e-5
0.361, -7.171e-5
0.360, -7.015e-5
0.359, -6.883e-5
0.358, -6.751e-5
0.357, -6.613e-5
0.356, -6.463e-5
0.355, -6.295e-5
0.354, -6.134e-5
0.353, -5.972e-5
0.352, -5.838e-5
0.351, -5.703e-5
0.350, -5.562e-5
0.349, -5.430e-5
0.348, -5.305e-5
0.347, -5.176e-5
0.346, -5.048e-5
0.345, -4.914e-5
0.344, -4.800e-5
0.343, -4.686e-5
0.342, -4.582e-5
0.341, -4.477e-5
0.340, -4.385e-5
0.339, -4.286e-5
0.338, -4.190e-5
0.337, -4.088e-5
0.336, -3.993e-5
0.335, -3.893e-5
0.334, -3.792e-5
0.333, -3.711e-5
0.332, -3.617e-5
0.331, -3.526e-5
0.330, -3.450e-5
0.329, -3.378e-5
0.328, -3.307e-5
0.327, -3.235e-5
0.326, -3.160e-5
0.325, -3.090e-5
0.324, -3.039e-5
0.323, -2.969e-5
0.322, -2.916e-5
0.321, -2.859e-5
0.320, -2.782e-5
0.319, -2.737e-5
0.318, -2.682e-5
0.317, -2.629e-5
0.316, -2.584e-5
0.315, -2.532e-5
0.314, -2.489e-5
0.313, -2.440e-5
0.312, -2.392e-5
0.311, -2.347e-5
0.310, -2.312e-5
0.309, -2.276e-5
0.308, -2.234e-5
0.307, -2.211e-5
0.306, -2.165e-5
0.305, -2.129e-5
0.304, -2.093e-5
0.303, -2.071e-5
0.302, -2.028e-5
0.301, -2.002e-5
0.300, -1.980e-5
0.299, -1.947e-5
0.298, -1.919e-5
0.297, -1.893e-5
0.296, -1.872e-5
0.295, -1.846e-5
0.294, -1.817e-5
0.293, -1.797e-5
0.292, -1.774e-5
0.291, -1.751e-5
0.290, -1.730e-5
0.289, -1.711e-5
0.288, -1.683e-5
0.287, -1.665e-5
0.286, -1.643e-5
0.285, -1.626e-5
0.284, -1.606e-5
0.283, -1.583e-5
0.282, -1.568e-5
0.281, -1.550e-5
0.280, -1.520e-5
0.279, -1.508e-5
0.278, -1.491e-5
0.277, -1.474e-5
0.276, -1.459e-5
0.275, -1.435e-5
0.274, -1.415e-5
0.273, -1.413e-5
0.272, -1.386e-5
0.271, -1.383e-5
0.270, -1.371e-5
0.269, -1.350e-5
0.268, -1.333e-5
0.267, -1.317e-5
0.266, -1.305e-5
0.265, -1.300e-5
0.264, -1.285e-5
0.263, -1.272e-5
0.262, -1.262e-5
0.261, -1.251e-5
0.260, -1.237e-5
0.259, -1.235e-5
0.258, -1.226e-5
0.257, -1.218e-5
0.256, -1.197e-5
0.255, -1.186e-5
0.254, -1.184e-5
0.253, -1.170e-5
0.252, -1.163e-5
0.251, -1.156e-5
0.250, -1.146e-5
0.249, -1.138e-5
0.248, -1.127e-5
0.247, -1.124e-5
0.246, -1.108e-5
0.245, -1.100e-5
0.244, -1.098e-5
0.243, -1.089e-5
0.242, -1.087e-5
0.241, -1.077e-5
0.240, -1.073e-5
0.239, -1.062e-5
0.238, -1.058e-5
0.237, -1.051e-5
0.236, -1.048e-5
0.235, -1.043e-5
0.234, -1.028e-5
0.233, -1.032e-5
0.232, -1.024e-5
0.231, -1.018e-5
0.230, -1.007e-5
0.229, -1.002e-5
0.228, -9.910e-6
0.227, -9.940e-6
0.226, -9.920e-6
0.225, -9.881e-6
0.224, -9.803e-6
0.223, -9.774e-6
0.222, -9.744e-6
0.221, -9.705e-6
0.220, -9.666e-6
0.219, -9.559e-6
0.218, -9.461e-6
0.217, -9.510e-6
0.216, -9.451e-6
0.215, -9.403e-6
0.214, -9.373e-6
0.213, -9.373e-6
0.212, -9.324e-6
0.211, -9.256e-6
0.210, -9.237e-6
0.209, -9.237e-6
0.208, -9.178e-6
0.207, -9.090e-6
0.206, -9.129e-6
0.205, -9.012e-6
0.204, -8.983e-6
0.203, -8.992e-6
0.202, -8.953e-6
0.201, -8.944e-6
0.200, -7.460e-6
0.201, -4.794e-6
0.202, -3.818e-6
0.203, -3.124e-6
0.204, -2.646e-6
0.205, -2.216e-6
0.206, -1.718e-6
0.207, -1.279e-6
0.208, -9.959e-7
0.209, -6.737e-7
0.210, -3.515e-7
0.211, -8.787e-8
0.212, 1.953e-7
0.213, 4.101e-7
0.214, 7.128e-7
0.215, 8.690e-7
0.216, 1.103e-6
0.217, 1.289e-6
0.218, 1.465e-6
0.219, 1.689e-6
0.220, 1.904e-6
0.221, 2.119e-6
0.222, 2.226e-6
0.223, 2.431e-6
0.224, 2.578e-6
0.225, 2.753e-6
0.226, 2.900e-6
0.227, 2.968e-6
0.228, 3.134e-6
0.229, 3.300e-6
0.230, 3.456e-6
0.231, 3.632e-6
0.232, 3.749e-6
0.233, 3.837e-6
0.234, 3.984e-6
0.235, 4.062e-6
0.236, 4.179e-6
0.237, 4.345e-6
0.238, 4.433e-6
0.239, 4.560e-6
0.240, 4.638e-6
0.241, 4.823e-6
0.242, 4.931e-6
0.243, 4.980e-6
0.244, 5.106e-6
0.245, 5.253e-6
0.246, 5.331e-6
0.247, 5.517e-6
0.248, 5.565e-6
0.249, 5.683e-6
0.250, 5.741e-6
0.251, 5.917e-6
0.252, 6.034e-6
0.253, 6.034e-6
0.254, 6.268e-6
0.255, 6.346e-6
0.256, 6.464e-6
0.257, 6.493e-6
0.258, 6.630e-6
0.259, 6.698e-6
0.260, 6.815e-6
0.261, 6.913e-6
0.262, 7.040e-6
0.263, 7.157e-6
0.264, 7.264e-6
0.265, 7.460e-6
0.266, 7.489e-6
0.267, 7.616e-6
0.268, 7.713e-6
0.269, 7.782e-6
0.270, 7.977e-6
0.271, 8.084e-6
0.272, 8.172e-6
0.273, 8.192e-6
0.274, 8.348e-6
0.275, 8.475e-6
0.276, 8.582e-6
0.277, 8.660e-6
0.278, 8.797e-6
0.279, 8.944e-6
0.280, 9.090e-6
0.281, 9.188e-6
0.282, 9.149e-6
0.283, 9.334e-6
0.284, 9.539e-6
0.285, 9.520e-6
0.286, 9.617e-6
0.287, 9.822e-6
0.288, 9.930e-6
0.289, 1.006e-5
0.290, 1.009e-5
0.291, 1.029e-5
0.292, 1.027e-5
0.293, 1.040e-5
0.294, 1.055e-5
0.295, 1.066e-5
0.296, 1.074e-5
0.297, 1.089e-5
0.298, 1.102e-5
0.299, 1.111e-5
0.300, 1.122e-5
0.301, 1.137e-5
0.302, 1.149e-5
0.303, 1.166e-5
0.304, 1.175e-5
0.305, 1.181e-5
0.306, 1.193e-5
0.307, 1.208e-5
0.308, 1.226e-5
0.309, 1.233e-5
0.310, 1.237e-5
0.311, 1.255e-5
0.312, 1.264e-5
0.313, 1.278e-5
0.314, 1.289e-5
0.315, 1.299e-5
0.316, 1.304e-5
0.317, 1.317e-5
0.318, 1.332e-5
0.319, 1.345e-5
0.320, 1.346e-5
0.321, 1.365e-5
0.322, 1.385e-5
0.323, 1.388e-5
0.324, 1.395e-5
0.325, 1.405e-5
0.326, 1.416e-5
0.327, 1.429e-5
0.328, 1.445e-5
0.329, 1.451e-5
0.330, 1.465e-5
0.331, 1.473e-5
0.332, 1.491e-5
0.333, 1.501e-5
0.334, 1.505e-5
0.335, 1.517e-5
0.336, 1.530e-5
0.337, 1.544e-5
0.338, 1.553e-5
0.339, 1.567e-5
0.340, 1.580e-5
0.341, 1.585e-5
0.342, 1.606e-5
0.343, 1.614e-5
0.344, 1.625e-5
0.345, 1.636e-5
0.346, 1.651e-5
0.347, 1.662e-5
0.348, 1.674e-5
0.349, 1.683e-5
0.350, 1.695e-5
0.351, 1.702e-5
0.352, 1.721e-5
0.353, 1.725e-5
0.354, 1.746e-5
0.355, 1.756e-5
0.356, 1.776e-5
0.357, 1.784e-5
0.358, 1.788e-5
0.359, 1.798e-5
0.360, 1.816e-5
0.361, 1.833e-5
0.362, 1.841e-5
0.363, 1.849e-5
0.364, 1.861e-5
0.365, 1.881e-5
0.366, 1.891e-5
0.367, 1.904e-5
0.368, 1.918e-5
0.369, 1.938e-5
0.370, 1.935e-5
0.371, 1.950e-5
0.372, 1.957e-5
0.373, 1.977e-5
0.374, 1.988e-5
0.375, 2.006e-5
0.376, 2.027e-5
0.377, 2.043e-5
0.378, 2.061e-5
0.379, 2.064e-5
0.380, 2.084e-5
0.381, 2.094e-5
0.382, 2.111e-5
0.383, 2.133e-5
0.384, 2.142e-5
0.385, 2.154e-5
0.386, 2.170e-5
0.387, 2.198e-5
0.388, 2.206e-5
0.389, 2.224e-5
0.390, 2.241e-5
0.391, 2.253e-5
0.392, 2.276e-5
0.393, 2.290e-5
0.394, 2.293e-5
0.395, 2.316e-5
0.396, 2.340e-5
0.397, 2.340e-5
0.398, 2.377e-5
0.399, 2.393e-5
0.400, 2.405e-5
0.401, 2.428e-5
0.402, 2.448e-5
0.403, 2.464e-5
0.404, 2.491e-5
0.405, 2.504e-5
0.406, 2.516e-5
0.407, 2.541e-5
0.408, 2.559e-5
0.409, 2.572e-5
0.410, 2.528e-5
0.411, 2.608e-5
0.412, 2.638e-5
0.413, 2.654e-5
0.414, 2.677e-5
0.415, 2.702e-5
0.416, 2.732e-5
0.417, 2.757e-5
0.418, 2.780e-5
0.419, 2.805e-5
0.420, 2.837e-5
0.421, 2.857e-5
0.422, 2.883e-5
0.423, 2.910e-5
0.424, 2.952e-5
0.425, 2.985e-5
0.426, 2.997e-5
0.427, 3.038e-5
0.428, 3.079e-5
0.429, 3.108e-5
0.430, 3.147e-5
0.431, 3.193e-5
0.432, 3.232e-5
0.433, 3.287e-5
0.434, 3.333e-5
0.435, 3.387e-5
0.436, 3.450e-5
0.437, 3.504e-5
0.438, 3.562e-5
0.439, 3.630e-5
0.440, 3.684e-5
0.441, 3.751e-5
0.442, 3.823e-5
0.443, 3.904e-5
0.444, 3.981e-5
0.445, 4.064e-5
0.446, 4.159e-5
0.447, 4.252e-5
0.448, 4.348e-5
0.449, 4.469e-5
0.450, 4.591e-5
0.451, 4.730e-5
0.452, 4.868e-5
0.453, 5.011e-5
0.454, 5.156e-5
0.455, 5.312e-5
0.456, 5.477e-5
0.457, 5.657e-5
0.458, 5.861e-5
0.459, 6.078e-5
0.460, 6.299e-5
0.461, 6.524e-5
0.462, 6.763e-5
0.463, 7.022e-5
0.464, 7.288e-5
0.465, 7.567e-5
0.466, 7.834e-5
0.467, 8.148e-5
0.468, 8.482e-5
0.469, 8.806e-5
0.470, 9.139e-5
0.471, 9.468e-5
0.472, 9.837e-5
0.473, 1.019e-4
0.474, 1.053e-4
0.475, 1.092e-4
0.476, 1.129e-4
0.477, 1.164e-4
0.478, 1.199e-4
0.479, 1.235e-4
0.480, 1.267e-4
0.481, 1.299e-4
0.482, 1.334e-4
0.483, 1.369e-4
0.484, 1.399e-4
0.485, 1.427e-4
0.486, 1.457e-4
0.487, 1.484e-4
0.488, 1.508e-4
0.489, 1.533e-4
0.490, 1.554e-4
0.491, 1.577e-4
0.492, 1.599e-4
0.493, 1.618e-4
0.494, 1.635e-4
0.495, 1.650e-4
0.496, 1.664e-4
0.497, 1.679e-4
0.498, 1.691e-4
0.499, 1.699e-4
0.500, 1.709e-4
0.501, 1.717e-4
0.502, 1.727e-4
0.503, 1.734e-4
0.504, 1.741e-4
0.505, 1.747e-4
0.506, 1.752e-4
0.507, 1.758e-4
0.508, 1.761e-4
0.509, 1.765e-4
0.510, 1.768e-4
0.511, 1.771e-4
0.512, 1.782e-4
0.513, 1.786e-4
0.514, 1.786e-4
0.515, 1.789e-4
0.516, 1.790e-4
0.517, 1.792e-4
0.518, 1.794e-4
0.519, 1.797e-4
0.520, 1.800e-4
0.521, 1.802e-4
0.522, 1.801e-4
0.523, 1.803e-4
0.524, 1.804e-4
0.525, 1.801e-4
0.526, 1.801e-4
0.527, 1.801e-4
0.528, 1.798e-4
0.529, 1.798e-4
0.530, 1.793e-4
0.531, 1.790e-4
0.532, 1.787e-4
0.533, 1.782e-4
0.534, 1.777e-4
0.535, 1.770e-4
0.536, 1.764e-4
0.537, 1.760e-4
0.538, 1.753e-4
0.539, 1.745e-4
0.540, 1.737e-4
0.541, 1.726e-4
0.542, 1.717e-4
0.543, 1.707e-4
0.544, 1.695e-4
0.545, 1.685e-4
0.546, 1.672e-4
0.547, 1.659e-4
0.548, 1.647e-4
0.549, 1.636e-4
0.550, 1.624e-4
0.551, 1.608e-4
0.552, 1.595e-4
0.553, 1.581e-4
0.554, 1.564e-4
0.555, 1.550e-4
0.556, 1.536e-4
0.557, 1.522e-4
0.558, 1.508e-4
0.559, 1.494e-4
0.560, 1.479e-4
0.561, 1.465e-4
0.562, 1.451e-4
0.563, 1.438e-4
0.564, 1.424e-4
0.565, 1.410e-4
0.566, 1.398e-4
0.567, 1.384e-4
0.568, 1.372e-4
0.569, 1.358e-4
0.570, 1.345e-4
0.571, 1.330e-4
0.572, 1.318e-4
0.573, 1.301e-4
0.574, 1.292e-4
0.575, 1.281e-4
0.576, 1.269e-4
0.577, 1.261e-4
0.578, 1.252e-4
0.579, 1.243e-4
0.580, 1.234e-4
0.581, 1.225e-4
0.582, 1.216e-4
0.583, 1.207e-4
0.584, 1.199e-4
0.585, 1.190e-4
0.586, 1.183e-4
0.587, 1.177e-4
0.588, 1.171e-4
0.589, 1.165e-4
0.590, 1.162e-4
0.591, 1.157e-4
0.592, 1.151e-4
0.593, 1.148e-4
0.594, 1.145e-4
0.595, 1.145e-4
0.596, 1.141e-4
0.597, 1.140e-4
0.598, 1.140e-4
0.599, 1.139e-4
0.600, 1.138e-4
0.601, 1.140e-4
0.602, 1.139e-4
0.603, 1.142e-4
0.604, 1.146e-4
0.605, 1.148e-4
0.606, 1.152e-4
0.607, 1.157e-4
0.608, 1.162e-4
0.609, 1.169e-4
0.610, 1.175e-4
0.611, 1.183e-4
0.612, 1.192e-4
0.613, 1.202e-4
0.614, 1.211e-4
0.615, 1.218e-4
0.616, 1.234e-4
0.617, 1.248e-4
0.618, 1.260e-4
0.619, 1.273e-4
0.620, 1.288e-4
0.621, 1.304e-4
0.622, 1.326e-4
0.623, 1.346e-4
0.624, 1.366e-4
0.625, 1.390e-4
0.626, 1.409e-4
0.627, 1.432e-4
0.628, 1.456e-4
0.629, 1.483e-4
0.630, 1.511e-4
0.631, 1.538e-4
0.632, 1.571e-4
0.633, 1.606e-4
0.634, 1.635e-4
0.635, 1.669e-4
0.636, 1.704e-4
0.637, 1.739e-4
0.638, 1.777e-4
0.639, 1.820e-4
0.640, 1.864e-4
0.641, 1.907e-4
0.642, 1.950e-4
0.643, 1.996e-4
0.644, 2.045e-4
0.645, 2.096e-4
0.646, 2.148e-4
0.647, 2.202e-4
0.648, 2.253e-4
0.649, 2.313e-4
0.650, 2.373e-4
0.651, 2.434e-4
0.652, 2.492e-4
0.653, 2.558e-4
0.654, 2.628e-4
0.655, 2.697e-4
0.656, 2.764e-4
0.657, 2.842e-4
0.658, 2.918e-4
0.659, 2.994e-4
0.660, 3.076e-4
0.661, 3.157e-4
0.662, 3.238e-4
0.663, 3.327e-4
0.664, 3.417e-4
0.665, 3.507e-4
0.666, 3.601e-4
0.667, 3.696e-4
0.668, 3.793e-4
0.669, 3.894e-4
0.670, 3.999e-4
0.671, 4.105e-4
0.672, 4.212e-4
0.673, 4.323e-4
0.674, 4.434e-4
0.675, 4.550e-4
0.676, 4.665e-4
0.677, 4.783e-4
0.678, 4.906e-4
0.679, 5.029e-4
0.680, 5.157e-4
0.681, 5.287e-4
0.682, 5.416e-4
0.683, 5.551e-4
0.684, 5.689e-4
0.685, 5.828e-4
0.686, 5.968e-4
0.687, 6.108e-4
0.688, 6.255e-4
0.689, 6.405e-4
0.690, 6.558e-4
0.691, 6.711e-4
0.692, 6.869e-4
0.693, 7.029e-4
0.694, 7.189e-4
0.695, 7.352e-4
0.696, 7.522e-4
0.697, 7.689e-4
0.698, 7.863e-4
0.699, 8.036e-4
0.700, 8.212e-4
0.701, 8.390e-4
0.702, 8.574e-4
0.703, 8.755e-4
0.704, 8.941e-4
0.705, 9.129e-4
0.706, 9.318e-4
0.707, 9.511e-4
0.708, 9.707e-4
0.709, 9.902e-4
0.710, 1.010e-3
0.711, 1.030e-3
0.712, 1.051e-3
0.713, 1.072e-3
0.714, 1.092e-3
0.715, 1.114e-3
0.716, 1.135e-3
0.717, 1.158e-3
0.718, 1.179e-3
0.719, 1.201e-3
0.720, 1.223e-3
0.721, 1.246e-3
0.722, 1.268e-3
0.723, 1.291e-3
0.724, 1.315e-3
0.725, 1.338e-3
0.726, 1.362e-3
0.727, 1.385e-3
0.728, 1.409e-3
0.729, 1.433e-3
0.730, 1.457e-3
0.731, 1.482e-3
0.732, 1.507e-3
0.733, 1.532e-3
0.734, 1.557e-3
0.735, 1.583e-3
0.736, 1.609e-3
0.737, 1.635e-3
0.738, 1.661e-3
0.739, 1.687e-3
0.740, 1.713e-3
0.741, 1.740e-3
0.742, 1.766e-3
0.743, 1.793e-3
0.744, 1.820e-3
0.745, 1.848e-3
0.746, 1.875e-3
0.747, 1.903e-3
0.748, 1.931e-3
0.749, 1.960e-3
0.750, 1.988e-3
0.751, 2.016e-3
0.752, 2.045e-3
0.753, 2.074e-3
0.754, 2.103e-3
0.755, 2.132e-3
0.756, 2.161e-3
0.757, 2.190e-3
0.758, 2.220e-3
0.759, 2.250e-3
0.760, 2.280e-3
0.761, 2.310e-3
0.762, 2.340e-3
0.763, 2.371e-3
0.764, 2.402e-3
0.765, 2.433e-3
0.766, 2.464e-3
0.767, 2.495e-3
0.768, 2.526e-3
0.769, 2.557e-3
0.770, 2.589e-3
0.771, 2.621e-3
0.772, 2.653e-3
0.773, 2.685e-3
0.774, 2.717e-3
0.775, 2.749e-3
0.776, 2.782e-3
0.777, 2.815e-3
0.778, 2.847e-3
0.779, 2.880e-3
0.780, 2.913e-3
0.781, 2.946e-3
0.782, 2.979e-3
0.783, 3.013e-3
0.784, 3.047e-3
0.785, 3.081e-3
0.786, 3.114e-3
0.787, 3.149e-3
0.788, 3.184e-3
0.789, 3.218e-3
0.790, 3.252e-3
0.791, 3.287e-3
0.792, 3.322e-3
0.793, 3.356e-3
0.794, 3.392e-3
0.795, 3.427e-3
0.796, 3.462e-3
0.797, 3.498e-3
0.798, 3.534e-3
0.799, 3.570e-3
0.800, 3.592e-3
0.799, 3.564e-3
0.798, 3.527e-3
0.797, 3.491e-3
0.796, 3.455e-3
0.795, 3.419e-3
0.794, 3.383e-3
0.793, 3.347e-3
0.792, 3.312e-3
0.791, 3.276e-3
0.790, 3.241e-3
0.789, 3.206e-3
0.788, 3.172e-3
0.787, 3.137e-3
0.786, 3.102e-3
0.785, 3.068e-3
0.784, 3.034e-3
0.783, 2.999e-3
0.782, 2.965e-3
0.781, 2.932e-3
0.780, 2.899e-3
0.779, 2.866e-3
0.778, 2.833e-3
0.777, 2.800e-3
0.776, 2.767e-3
0.775, 2.734e-3
0.774, 2.702e-3
0.773, 2.670e-3
0.772, 2.638e-3
0.771, 2.606e-3
0.770, 2.574e-3
0.769, 2.543e-3
0.768, 2.512e-3
0.767, 2.480e-3
0.766, 2.449e-3
0.765, 2.419e-3
0.764, 2.388e-3
0.763, 2.358e-3
0.762, 2.327e-3
0.761, 2.297e-3
0.760, 2.267e-3
0.759, 2.237e-3
0.758, 2.208e-3
0.757, 2.179e-3
0.756, 2.150e-3
0.755, 2.121e-3
0.754, 2.093e-3
0.753, 2.064e-3
0.752, 2.036e-3
0.751, 2.008e-3
0.750, 1.980e-3
0.749, 1.952e-3
0.748, 1.924e-3
0.747, 1.897e-3
0.746, 1.870e-3
0.745, 1.843e-3
0.744, 1.816e-3
0.743, 1.789e-3
0.742, 1.763e-3
0.741, 1.737e-3
0.740, 1.711e-3
0.739, 1.685e-3
0.738, 1.660e-3
0.737, 1.634e-3
0.736, 1.609e-3
0.735, 1.584e-3
0.734, 1.559e-3
0.733, 1.535e-3
0.732, 1.510e-3
0.731, 1.486e-3
0.730, 1.462e-3
0.729, 1.438e-3
0.728, 1.415e-3
0.727, 1.391e-3
0.726, 1.369e-3
0.725, 1.346e-3
0.724, 1.323e-3
0.723, 1.300e-3
0.722, 1.278e-3
0.721, 1.256e-3
0.720, 1.234e-3
0.719, 1.212e-3
0.718, 1.191e-3
0.717, 1.169e-3
0.716, 1.148e-3
0.715, 1.127e-3
0.714, 1.106e-3
0.713, 1.085e-3
0.712, 1.065e-3
0.711, 1.045e-3
0.710, 1.025e-3
0.709, 1.006e-3
0.708, 9.861e-4
0.707, 9.670e-4
0.706, 9.480e-4
0.705, 9.290e-4
0.704, 9.106e-4
0.703, 8.921e-4
0.702, 8.738e-4
0.701, 8.559e-4
0.700, 8.381e-4
0.699, 8.202e-4
0.698, 8.028e-4
0.697, 7.855e-4
0.696, 7.682e-4
0.695, 7.515e-4
0.694, 7.349e-4
0.693, 7.184e-4
0.692, 7.023e-4
0.691, 6.860e-4
0.690, 6.701e-4
0.689, 6.548e-4
0.688, 6.394e-4
0.687, 6.241e-4
0.686, 6.092e-4
0.685, 5.947e-4
0.684, 5.803e-4
0.683, 5.659e-4
0.682, 5.518e-4
0.681, 5.379e-4
0.680, 5.242e-4
0.679, 5.108e-4
0.678, 4.977e-4
0.677, 4.843e-4
0.676, 4.713e-4
0.675, 4.590e-4
0.674, 4.464e-4
0.673, 4.341e-4
0.672, 4.218e-4
0.671, 4.099e-4
0.670, 3.982e-4
0.669, 3.866e-4
0.668, 3.751e-4
0.667, 3.645e-4
0.666, 3.532e-4
0.665, 3.425e-4
0.664, 3.320e-4
0.663, 3.216e-4
0.662, 3.117e-4
0.661, 3.016e-4
0.660, 2.921e-4
0.659, 2.823e-4
0.658, 2.728e-4
0.657, 2.638e-4
0.656, 2.548e-4
0.655, 2.459e-4
0.654, 2.377e-4
0.653, 2.291e-4
0.652, 2.211e-4
0.651, 2.132e-4
0.650, 2.052e-4
0.649, 1.975e-4
0.648, 1.901e-4
0.647, 1.827e-4
0.646, 1.755e-4
0.645, 1.686e-4
0.644, 1.619e-4
0.643, 1.550e-4
0.642, 1.485e-4
0.641, 1.422e-4
0.640, 1.360e-4
0.639, 1.296e-4
0.638, 1.243e-4
0.637, 1.186e-4
0.636, 1.132e-4
0.635, 1.078e-4
0.634, 1.023e-4
0.633, 9.717e-5
0.632, 9.235e-5
0.631, 8.775e-5
0.630, 8.283e-5
0.629, 7.831e-5
0.628, 7.405e-5
0.627, 7.020e-5
0.626, 6.576e-5
0.625, 6.180e-5
0.624, 5.779e-5
0.623, 5.399e-5
0.622, 5.050e-5
0.621, 4.693e-5
0.620, 4.342e-5
0.619, 4.019e-5
0.618, 3.720e-5
0.617, 3.416e-5
0.616, 3.115e-5
0.615, 2.855e-5
0.614, 2.647e-5
0.613, 2.339e-5
0.612, 2.062e-5
0.611, 1.827e-5
0.610, 1.591e-5
0.609, 1.367e-5
0.608, 1.124e-5
0.607, 9.051e-6
0.606, 7.049e-6
0.605, 5.097e-6
0.604, 3.115e-6
0.603, 1.299e-6
0.602, -4.394e-7
0.601, -1.845e-6
0.600, -3.700e-6
0.599, -5.341e-6
0.598, -6.659e-6
0.597, -8.182e-6
0.596, -9.686e-6
0.595, -1.084e-5
0.594, -1.217e-5
0.593, -1.355e-5
0.592, -1.469e-5
0.591, -1.597e-5
0.590, -1.701e-5
0.589, -1.808e-5
0.588, -1.891e-5
0.587, -1.963e-5
0.586, -2.043e-5
0.585, -2.121e-5
0.584, -2.211e-5
0.583, -2.296e-5
0.582, -2.364e-5
0.581, -2.444e-5
0.580, -2.519e-5
0.579, -2.565e-5
0.578, -2.629e-5
0.577, -2.689e-5
0.576, -2.727e-5
0.575, -2.814e-5
0.574, -2.868e-5
0.573, -2.917e-5
0.572, -2.973e-5
0.571, -3.022e-5
0.570, -3.074e-5
0.569, -3.121e-5
0.568, -3.161e-5
0.567, -3.208e-5
0.566, -3.241e-5
0.565, -3.300e-5
0.564, -3.333e-5
0.563, -3.384e-5
0.562, -3.416e-5
0.561, -3.437e-5
0.560, -3.479e-5
0.559, -3.535e-5
0.558, -3.564e-5
0.557, -3.609e-5
0.556, -3.640e-5
0.555, -3.675e-5
0.554, -3.717e-5
0.553, -3.749e-5
0.552, -3.777e-5
0.551, -3.822e-5
0.550, -3.831e-5
0.549, -3.906e-5
0.548, -3.930e-5
0.547, -3.949e-5
0.546, -4.001e-5
0.545, -4.036e-5
0.544, -4.083e-5
0.543, -4.109e-5
0.542, -4.145e-5
0.541, -4.178e-5
0.540, -4.220e-5
0.539, -4.239e-5
0.538, -4.287e-5
0.537, -4.329e-5
0.536, -4.342e-5
0.535, -4.389e-5
0.534, -4.411e-5
0.533, -4.456e-5
0.532, -4.498e-5
0.531, -4.504e-5
0.530, -4.556e-5
0.529, -4.597e-5
0.528, -4.630e-5
0.527, -4.655e-5
0.526, -4.717e-5
0.525, -4.756e-5
0.524, -4.781e-5
0.523, -4.835e-5
0.522, -4.888e-5
0.521, -4.929e-5
0.520, -4.984e-5
0.519, -5.024e-5
0.518, -5.078e-5
0.517, -5.112e-5
0.516, -5.172e-5
0.515, -5.220e-5
0.514, -5.267e-5
0.513, -5.303e-5
0.512, -5.472e-5
0.511, -5.479e-5
0.510, -5.477e-5
0.509, -5.539e-5
0.508, -5.608e-5
0.507, -5.637e-5
0.506, -5.698e-5
0.505, -5.768e-5
0.504, -5.826e-5
0.503, -5.889e-5
0.502, -5.911e-5
0.501, -5.991e-5
0.500, -6.051e-5
0.499, -6.095e-5
0.498, -6.183e-5
0.497, -6.268e-5
0.496, -6.318e-5
0.495, -6.427e-5
0.494, -6.505e-5
0.493, -6.565e-5
0.492, -6.626e-5
0.491, -6.697e-5
0.490, -6.765e-5
0.489, -6.821e-5
0.488, -6.894e-5
0.487, -6.959e-5
0.486, -7.035e-5
0.485, -7.102e-5
0.484, -7.199e-5
0.483, -7.264e-5
0.482, -7.369e-5
0.481, -7.461e-5
0.480, -7.543e-5
0.479, -7.634e-5
0.478, -7.711e-5
0.477, -7.825e-5
0.476, -7.911e-5
0.475, -8.002e-5
0.474, -8.075e-5
0.473, -8.155e-5
0.472, -8.277e-5
0.471, -8.375e-5
0.470, -8.478e-5
0.469, -8.586e-5
0.468, -8.700e-5
0.467, -8.818e-5
0.466, -8.941e-5
0.465, -9.038e-5
0.464, -9.118e-5
0.463, -9.255e-5
0.462, -9.352e-5
0.461, -9.461e-5
0.460, -9.575e-5
0.459, -9.677e-5
0.458, -9.785e-5
0.457, -9.898e-5
0.456, -1.001e-4
0.455, -1.015e-4
0.454, -1.025e-4
0.453, -1.036e-4
0.452, -1.046e-4
0.451, -1.057e-4
0.450, -1.069e-4
0.449, -1.080e-4
0.448, -1.088e-4
0.447, -1.101e-4
0.446, -1.113e-4
0.445, -1.125e-4
0.444, -1.138e-4
0.443, -1.148e-4
0.442, -1.159e-4
0.441, -1.168e-4
0.440, -1.177e-4
0.439, -1.186e-4
0.438, -1.194e-4
0.437, -1.203e-4
0.436, -1.213e-4
0.435, -1.223e-4
0.434, -1.230e-4
0.433, -1.237e-4
0.432, -1.246e-4
0.431, -1.255e-4
0.430, -1.261e-4
0.429, -1.270e-4
0.428, -1.276e-4
0.427, -1.281e-4
0.426, -1.288e-4
0.425, -1.293e-4
0.424, -1.299e-4
0.423, -1.305e-4
0.422, -1.306e-4
0.421, -1.312e-4
0.420, -1.317e-4
0.419, -1.320e-4
0.418, -1.325e-4
0.417, -1.328e-4
0.416, -1.330e-4
0.415, -1.334e-4
0.414, -1.335e-4
0.413, -1.339e-4
0.412, -1.343e-4
0.411, -1.343e-4
0.410, -1.331e-4
0.409, -1.311e-4
0.408, -1.325e-4
0.407, -1.330e-4
0.406, -1.332e-4
0.405, -1.334e-4
0.404, -1.335e-4
0.403, -1.335e-4
0.402, -1.335e-4
0.401, -1.335e-4
0.400, -1.333e-4
0.399, -1.332e-4
0.398, -1.329e-4
0.397, -1.324e-4
0.396, -1.320e-4
0.395, -1.317e-4
0.394, -1.313e-4
0.393, -1.306e-4
0.392, -1.300e-4
0.391, -1.296e-4
0.390, -1.287e-4
0.389, -1.281e-4
0.388, -1.273e-4
0.387, -1.261e-4
0.386, -1.251e-4
0.385, -1.240e-4
0.384, -1.230e-4
0.383, -1.219e-4
0.382, -1.206e-4
0.381, -1.194e-4
0.380, -1.182e-4
0.379, -1.169e-4
0.378, -1.157e-4
0.377, -1.141e-4
0.376, -1.124e-4
0.375, -1.106e-4
0.374, -1.088e-4
0.373, -1.072e-4
0.372, -1.054e-4
0.371, -1.035e-4
0.370, -1.020e-4
0.369, -1.002e-4
0.368, -9.830e-5
0.367, -9.645e-5
0.366, -9.464e-5
0.365, -9.295e-5
0.364, -9.129e-5
0.363, -8.935e-5
0.362, -8.738e-5
0.361, -8.546e-5
0.360, -8.361e-5
0.359, -8.182e-5
0.358, -8.008e-5
0.357, -7.830e-5
0.356, -7.654e-5
0.355, -7.467e-5
0.354, -7.289e-5
0.353, -7.114e-5
0.352, -6.965e-5
0.351, -6.830e-5
0.350, -6.685e-5
0.349, -6.530e-5
0.348, -6.366e-5
0.347, -6.195e-5
0.346, -6.042e-5
0.345, -5.878e-5
0.344, -5.731e-5
0.343, -5.605e-5
0.342, -5.469e-5
0.341, -5.352e-5
0.340, -5.221e-5
0.339, -5.087e-5
0.338, -4.966e-5
0.337, -4.845e-5
0.336, -4.717e-5
0.335, -4.616e-5
0.334, -4.510e-5
0.333, -4.413e-5
0.332, -4.326e-5
0.331, -4.230e-5
0.330, -4.139e-5
0.329, -4.040e-5
0.328, -3.948e-5
0.327, -3.861e-5
0.326, -3.755e-5
0.325, -3.678e-5
0.324, -3.599e-5
0.323, -3.514e-5
0.322, -3.431e-5
0.321, -3.363e-5
0.320, -3.286e-5
0.319, -3.230e-5
0.318, -3.163e-5
0.317, -3.101e-5
0.316, -3.038e-5
0.315, -2.981e-5
0.314, -2.927e-5
0.313, -2.874e-5
0.312, -2.819e-5
0.311, -2.766e-5
0.310, -2.712e-5
0.309, -2.665e-5
0.308, -2.624e-5
0.307, -2.593e-5
0.306, -2.535e-5
0.305, -2.499e-5
0.304, -2.444e-5
0.303, -2.410e-5
0.302, -2.360e-5
0.301, -2.328e-5
0.300, -2.294e-5
0.299, -2.260e-5
0.298, -2.222e-5
0.297, -2.189e-5
0.296, -2.159e-5
0.295, -2.123e-5
0.294, -2.092e-5
0.293, -2.066e-5
0.292, -2.039e-5
0.291, -2.016e-5
0.290, -1.987e-5
0.289, -1.967e-5
0.288, -1.940e-5
0.287, -1.915e-5
0.286, -1.893e-5
0.285, -1.869e-5
0.284, -1.848e-5
0.283, -1.824e-5
0.282, -1.807e-5
0.281, -1.791e-5
0.280, -1.767e-5
0.279, -1.753e-5
0.278, -1.736e-5
0.277, -1.714e-5
0.276, -1.691e-5
0.275, -1.666e-5
0.274, -1.656e-5
0.273, -1.635e-5
0.272, -1.621e-5
0.271, -1.604e-5
0.270, -1.587e-5
0.269, -1.566e-5
0.268, -1.552e-5
0.267, -1.538e-5
0.266, -1.522e-5
0.265, -1.502e-5
0.264, -1.487e-5
0.263, -1.474e-5
0.262, -1.462e-5
0.261, -1.445e-5
0.260, -1.429e-5
0.259, -1.418e-5
0.258, -1.403e-5
0.257, -1.383e-5
0.256, -1.370e-5
0.255, -1.366e-5
0.254, -1.346e-5
0.253, -1.338e-5
0.252, -1.329e-5
0.251, -1.311e-5
0.250, -1.303e-5
0.249, -1.290e-5
0.248, -1.287e-5
0.247, -1.276e-5
0.246, -1.263e-5
0.245, -1.255e-5
0.244, -1.242e-5
0.243, -1.239e-5
0.242, -1.226e-5
0.241, -1.222e-5
0.240, -1.203e-5
0.239, -1.201e-5
0.238, -1.183e-5
0.237, -1.193e-5
0.236, -1.178e-5
0.235, -1.167e-5
0.234, -1.157e-5
0.233, -1.146e-5
0.232, -1.145e-5
0.231, -1.139e-5
0.230, -1.131e-5
0.229, -1.136e-5
0.228, -1.123e-5
0.227, -1.113e-5
0.226, -1.104e-5
0.225, -1.100e-5
0.224, -1.096e-5
0.223, -1.084e-5
0.222, -1.080e-5
0.221, -1.079e-5
0.220, -1.069e-5
0.219, -1.060e-5
0.218, -1.053e-5
0.217, -1.052e-5
0.216, -1.043e-5
0.215, -1.035e-5
0.214, -1.028e-5
0.213, -1.029e-5
0.212, -1.026e-5
0.211, -1.025e-5
0.210, -1.010e-5
0.209, -1.011e-5
0.208, -1.013e-5
0.207, -1.005e-5
0.206, -9.979e-6
0.205, -9.900e-6
0.204, -9.871e-6
0.203, -9.783e-6
0.202, -9.764e-6
0.201, -9.764e-6
0.200, -8.270e-6
0.201, -5.477e-6
0.202, -4.530e-6
0.203, -3.788e-6
0.204, -3.261e-6
0.205, -2.851e-6
0.206, -2.441e-6
0.207, -1.933e-6
0.208, -1.582e-6
0.209, -1.279e-6
0.210, -9.959e-7
0.211, -6.639e-7
0.212, -3.906e-7
0.213, -1.953e-7
0.214, 8.787e-8
0.215, 3.320e-7
0.216, 4.980e-7
0.217, 7.323e-7
0.218, 8.983e-7
0.219, 1.045e-6
0.220, 1.240e-6
0.221, 1.416e-6
0.222, 1.582e-6
0.223, 1.787e-6
0.224, 1.884e-6
0.225, 2.089e-6
0.226, 2.207e-6
0.227, 2.314e-6
0.228, 2.500e-6
0.229, 2.617e-6
0.230, 2.724e-6
0.231, 2.851e-6
0.232, 3.056e-6
0.233, 3.134e-6
0.234, 3.261e-6
0.235, 3.329e-6
0.236, 3.525e-6
0.237, 3.603e-6
0.238, 3.740e-6
0.239, 3.847e-6
0.240, 3.945e-6
0.241, 4.091e-6
0.242, 4.169e-6
0.243, 4.277e-6
0.244, 4.374e-6
0.245, 4.501e-6
0.246, 4.628e-6
0.247, 4.735e-6
0.248, 4.774e-6
0.249, 4.911e-6
0.250, 5.019e-6
0.251, 5.116e-6
0.252, 5.292e-6
0.253, 5.282e-6
0.254, 5.390e-6
0.255, 5.565e-6
0.256, 5.604e-6
0.257, 5.683e-6
0.258, 5.809e-6
0.259, 5.868e-6
0.260, 5.917e-6
0.261, 6.034e-6
0.262, 6.141e-6
0.263, 6.259e-6
0.264, 6.356e-6
0.265, 6.454e-6
0.266, 6.512e-6
0.267, 6.591e-6
0.268, 6.796e-6
0.269, 6.737e-6
0.270, 6.913e-6
0.271, 7.059e-6
0.272, 7.186e-6
0.273, 7.176e-6
0.274, 7.274e-6
0.275, 7.362e-6
0.276, 7.528e-6
0.277, 7.606e-6
0.278, 7.723e-6
0.279, 7.723e-6
0.280, 7.840e-6
0.281, 7.987e-6
0.282, 8.016e-6
0.283, 8.075e-6
0.284, 8.211e-6
0.285, 8.348e-6
0.286, 8.465e-6
0.287, 8.563e-6
0.288, 8.631e-6
0.289, 8.758e-6
0.290, 8.778e-6
0.291, 8.973e-6
0.292, 9.041e-6
0.293, 9.158e-6
0.294, 9.168e-6
0.295, 9.256e-6
0.296, 9.422e-6
0.297, 9.569e-6
0.298, 9.617e-6
0.299, 9.734e-6
0.300, 9.861e-6
0.301, 9.940e-6
0.302, 9.998e-6
0.303, 1.013e-5
0.304, 1.024e-5
0.305, 1.028e-5
0.306, 1.041e-5
0.307, 1.063e-5
0.308, 1.062e-5
0.309, 1.076e-5
0.310, 1.084e-5
0.311, 1.095e-5
0.312, 1.102e-5
0.313, 1.121e-5
0.314, 1.125e-5
0.315, 1.135e-5
0.316, 1.149e-5
0.317, 1.158e-5
0.318, 1.176e-5
0.319, 1.180e-5
0.320, 1.190e-5
0.321, 1.196e-5
0.322, 1.212e-5
0.323, 1.220e-5
0.324, 1.231e-5
0.325, 1.243e-5
0.326, 1.249e-5
0.327, 1.258e-5
0.328, 1.275e-5
0.329, 1.281e-5
0.330, 1.287e-5
0.331, 1.303e-5
0.332, 1.312e-5
0.333, 1.326e-5
0.334, 1.335e-5
0.335, 1.346e-5
0.336, 1.347e-5
0.337, 1.364e-5
0.338, 1.377e-5
0.339, 1.385e-5
0.340, 1.390e-5
0.341, 1.395e-5
0.342, 1.421e-5
0.343, 1.428e-5
0.344, 1.441e-5
0.345, 1.449e-5
0.346, 1.449e-5
0.347, 1.468e-5
0.348, 1.479e-5
0.349, 1.486e-5
0.350, 1.498e-5
0.351, 1.508e-5
0.352, 1.523e-5
0.353, 1.544e-5
0.354, 1.544e-5
0.355, 1.552e-5
0.356, 1.565e-5
0.357, 1.581e-5
0.358, 1.585e-5
0.359, 1.599e-5
0.360, 1.607e-5
0.361, 1.628e-5
0.362, 1.633e-5
0.363, 1.646e-5
0.364, 1.656e-5
0.365, 1.664e-5
0.366, 1.678e-5
0.367, 1.693e-5
0.368, 1.706e-5
0.369, 1.718e-5
0.370, 1.724e-5
0.371, 1.743e-5
0.372, 1.752e-5
0.373, 1.764e-5
0.374, 1.783e-5
0.375, 1.791e-5
0.376, 1.802e-5
0.377, 1.825e-5
0.378, 1.830e-5
0.379, 1.847e-5
0.380, 1.858e-5
0.381, 1.878e-5
0.382, 1.893e-5
0.383, 1.909e-5
0.384, 1.920e-5
0.385, 1.931e-5
0.386, 1.949e-5
0.387, 1.971e-5
0.388, 1.983e-5
0.389, 2.005e-5
0.390, 2.017e-5
0.391, 2.033e-5
0.392, 2.045e-5
0.393, 2.066e-5
0.394, 2.084e-5
0.395, 2.108e-5
0.396, 2.113e-5
0.397, 2.128e-5
0.398, 2.147e-5
0.399, 2.165e-5
0.400, 2.188e-5
0.401, 2.208e-5
0.402, 2.234e-5
0.403, 2.257e-5
0.404, 2.271e-5
0.405, 2.296e-5
0.406, 2.323e-5
0.407, 2.341e-5
0.408, 2.365e-5
0.409, 2.376e-5
0.410, 2.327e-5
0.411, 2.406e-5
0.412, 2.441e-5
0.413, 2.470e-5
0.414, 2.500e-5
0.415, 2.527e-5
0.416, 2.553e-5
0.417, 2.578e-5
0.418, 2.611e-5
0.419, 2.646e-5
0.420, 2.668e-5
0.421, 2.702e-5
0.422, 2.726e-5
0.423, 2.758e-5
0.424, 2.788e-5
0.425, 2.832e-5
0.426, 2.860e-5
0.427, 2.907e-5
0.428, 2.946e-5
0.429, 2.985e-5
0.430, 3.024e-5
0.431, 3.062e-5
0.432, 3.114e-5
0.433, 3.168e-5
0.434, 3.214e-5
0.435, 3.283e-5
0.436, 3.339e-5
0.437, 3.404e-5
0.438, 3.477e-5
0.439, 3.555e-5
0.440, 3.621e-5
0.441, 3.706e-5
0.442, 3.784e-5
0.443, 3.871e-5
0.444, 3.970e-5
0.445, 4.062e-5
0.446, 4.168e-5
0.447, 4.282e-5
0.448, 4.398e-5
0.449, 4.542e-5
0.450, 4.695e-5
0.451, 4.845e-5
0.452, 5.006e-5
0.453, 5.167e-5
0.454, 5.349e-5
0.455, 5.542e-5
0.456, 5.761e-5
0.457, 5.997e-5
0.458, 6.233e-5
0.459, 6.458e-5
0.460, 6.714e-5
0.461, 7.005e-5
0.462, 7.314e-5
0.463, 7.608e-5
0.464, 7.901e-5
0.465, 8.258e-5
0.466, 8.637e-5
0.467, 8.994e-5
0.468, 9.371e-5
0.469, 9.784e-5
0.470, 1.019e-4
0.471, 1.060e-4
0.472, 1.106e-4
0.473, 1.148e-4
0.474, 1.189e-4
0.475, 1.234e-4
0.476, 1.274e-4
0.477, 1.315e-4
0.478, 1.361e-4
0.479, 1.401e-4
0.480, 1.440e-4
0.481, 1.480e-4
0.482, 1.515e-4
0.483, 1.550e-4
0.484, 1.586e-4
0.485, 1.619e-4
0.486, 1.649e-4
0.487, 1.678e-4
0.488, 1.704e-4
0.489, 1.728e-4
0.490, 1.749e-4
0.491, 1.768e-4
0.492, 1.786e-4
0.493, 1.805e-4
0.494, 1.823e-4
0.495, 1.837e-4
0.496, 1.850e-4
0.497, 1.861e-4
0.498, 1.868e-4
0.499, 1.876e-4
0.500, 1.882e-4
0.501, 1.888e-4
0.502, 1.893e-4
0.503, 1.895e-4
0.504, 1.898e-4
0.505, 1.902e-4
0.506, 1.902e-4
0.507, 1.903e-4
0.508, 1.905e-4
0.509, 1.906e-4
0.510, 1.906e-4
0.511, 1.906e-4
0.512, 1.914e-4
0.513, 1.914e-4
0.514, 1.911e-4
0.515, 1.910e-4
0.516, 1.910e-4
0.517, 1.909e-4
0.518, 1.907e-4
0.519, 1.906e-4
0.520, 1.904e-4
0.521, 1.902e-4
0.522, 1.899e-4
0.523, 1.898e-4
0.524, 1.895e-4
0.525, 1.889e-4
0.526, 1.886e-4
0.527, 1.883e-4
0.528, 1.878e-4
0.529, 1.872e-4
0.530, 1.866e-4
0.531, 1.859e-4
0.532, 1.854e-4
0.533, 1.845e-4
0.534, 1.835e-4
0.535, 1.827e-4
0.536, 1.816e-4
0.537, 1.805e-4
0.538, 1.795e-4
0.539, 1.783e-4
0.540, 1.772e-4
0.541, 1.760e-4
0.542, 1.749e-4
0.543, 1.735e-4
0.544, 1.723e-4
0.545, 1.711e-4
0.546, 1.697e-4
0.547, 1.682e-4
0.548, 1.668e-4
0.549, 1.653e-4
0.550, 1.640e-4
0.551, 1.623e-4
0.552, 1.609e-4
0.553, 1.593e-4
0.554, 1.575e-4
0.555, 1.560e-4
0.556, 1.542e-4
0.557, 1.527e-4
0.558, 1.512e-4
0.559, 1.497e-4
0.560, 1.483e-4
0.561, 1.468e-4
0.562, 1.452e-4
0.563, 1.439e-4
0.564, 1.424e-4
0.565, 1.409e-4
0.566, 1.396e-4
0.567, 1.383e-4
0.568, 1.368e-4
0.569, 1.356e-4
0.570, 1.341e-4
0.571, 1.327e-4
0.572, 1.313e-4
0.573, 1.298e-4
0.574, 1.288e-4
0.575, 1.278e-4
0.576, 1.266e-4
0.577, 1.258e-4
0.578, 1.249e-4
0.579, 1.240e-4
0.580, 1.231e-4
0.581, 1.220e-4
0.582, 1.213e-4
0.583, 1.203e-4
0.584, 1.196e-4
0.585, 1.188e-4
0.586, 1.180e-4
0.587, 1.175e-4
0.588, 1.170e-4
0.589, 1.165e-4
0.590, 1.161e-4
0.591, 1.155e-4
0.592, 1.151e-4
0.593, 1.148e-4
0.594, 1.145e-4
0.595, 1.143e-4
0.596, 1.141e-4
0.597, 1.141e-4
0.598, 1.140e-4
0.599, 1.140e-4
0.600, 1.140e-4
0.601, 1.141e-4
0.602, 1.141e-4
0.603, 1.145e-4
0.604, 1.148e-4
0.605, 1.150e-4
0.606, 1.155e-4
0.607, 1.160e-4
0.608, 1.165e-4
0.609, 1.173e-4
0.610, 1.179e-4
0.611, 1.188e-4
0.612, 1.196e-4
0.613, 1.207e-4
0.614, 1.216e-4
0.615, 1.223e-4
0.616, 1.239e-4
0.617, 1.253e-4
0.618, 1.265e-4
0.619, 1.279e-4
0.620, 1.293e-4
0.621, 1.312e-4
0.622, 1.332e-4
0.623, 1.352e-4
0.624, 1.372e-4
0.625, 1.395e-4
0.626, 1.414e-4
0.627, 1.437e-4
0.628, 1.463e-4
0.629, 1.489e-4
0.630, 1.515e-4
0.631, 1.544e-4
0.632, 1.577e-4
0.633, 1.610e-4
0.634, 1.641e-4
0.635, 1.673e-4
0.636, 1.708e-4
0.637, 1.743e-4
0.638, 1.781e-4
0.639, 1.823e-4
0.640, 1.866e-4
0.641, 1.909e-4
0.642, 1.952e-4
0.643, 1.997e-4
0.644, 2.047e-4
0.645, 2.096e-4
0.646, 2.149e-4
0.647, 2.200e-4
0.648, 2.251e-4
0.649, 2.312e-4
0.650, 2.371e-4
0.651, 2.431e-4
0.652, 2.488e-4
0.653, 2.552e-4
0.654, 2.622e-4
0.655, 2.690e-4
0.656, 2.756e-4
0.657, 2.834e-4
0.658, 2.909e-4
0.659, 2.984e-4
0.660, 3.065e-4
0.661, 3.144e-4
0.662, 3.225e-4
0.663, 3.312e-4
0.664, 3.401e-4
0.665, 3.490e-4
0.666, 3.584e-4
0.667, 3.679e-4
0.668, 3.774e-4
0.669, 3.873e-4
0.670, 3.976e-4
0.671, 4.080e-4
0.672, 4.185e-4
0.673, 4.295e-4
0.674, 4.406e-4
0.675, 4.520e-4
0.676, 4.636e-4
0.677, 4.751e-4
0.678, 4.872e-4
0.679, 4.993e-4
0.680, 5.119e-4
0.681, 5.246e-4
0.682, 5.374e-4
0.683, 5.508e-4
0.684, 5.643e-4
0.685, 5.782e-4
0.686, 5.921e-4
0.687, 6.062e-4
0.688, 6.204e-4
0.689, 6.353e-4
0.690, 6.503e-4
0.691, 6.653e-4
0.692, 6.809e-4
0.693, 6.967e-4
0.694, 7.125e-4
0.695, 7.287e-4
0.696, 7.452e-4
0.697, 7.619e-4
0.698, 7.790e-4
0.699, 7.965e-4
0.700, 8.138e-4
0.701, 8.315e-4
0.702, 8.497e-4
0.703, 8.675e-4
0.704, 8.856e-4
0.705, 9.042e-4
0.706, 9.230e-4
0.707, 9.422e-4
0.708, 9.614e-4
0.709, 9.809e-4
0.710, 1.001e-3
0.711, 1.021e-3
0.712, 1.041e-3
0.713, 1.061e-3
0.714, 1.082e-3
0.715, 1.103e-3
0.716, 1.124e-3
0.717, 1.147e-3
0.718, 1.168e-3
0.719, 1.190e-3
0.720, 1.212e-3
0.721, 1.234e-3
0.722, 1.256e-3
0.723, 1.279e-3
0.724, 1.302e-3
0.725, 1.325e-3
0.726, 1.349e-3
0.727, 1.372e-3
0.728, 1.395e-3
0.729, 1.419e-3
0.730, 1.443e-3
0.731, 1.468e-3
0.732, 1.492e-3
0.733, 1.517e-3
0.734, 1.542e-3
0.735, 1.567e-3
0.736, 1.593e-3
0.737, 1.619e-3
0.738, 1.644e-3
0.739, 1.670e-3
0.740, 1.696e-3
0.741, 1.723e-3
0.742, 1.749e-3
0.743, 1.776e-3
0.744, 1.803e-3
0.745, 1.830e-3
0.746, 1.857e-3
0.747, 1.885e-3
0.748, 1.913e-3
0.749, 1.940e-3
0.750, 1.969e-3
0.751, 1.997e-3
0.752, 2.025e-3
0.753, 2.054e-3
0.754, 2.083e-3
0.755, 2.111e-3
0.756, 2.140e-3
0.757, 2.169e-3
0.758, 2.199e-3
0.759, 2.228e-3
0.760, 2.258e-3
0.761, 2.288e-3
0.762, 2.318e-3
0.763, 2.349e-3
0.764, 2.379e-3
0.765, 2.410e-3
0.766, 2.441e-3
0.767, 2.472e-3
0.768, 2.503e-3
0.769, 2.534e-3
0.770, 2.565e-3
0.771, 2.597e-3
0.772, 2.628e-3
0.773, 2.660e-3
0.774, 2.693e-3
0.775, 2.725e-3
0.776, 2.757e-3
0.777, 2.789e-3
0.778, 2.822e-3
0.779, 2.855e-3
0.780, 2.888e-3
0.781, 2.920e-3
0.782, 2.953e-3
0.783, 2.987e-3
0.784, 3.020e-3
0.785, 3.054e-3
0.786, 3.088e-3
0.787, 3.122e-3
0.788, 3.156e-3
0.789, 3.190e-3
0.790, 3.225e-3
0.791, 3.259e-3
0.792, 3.294e-3
0.793, 3.328e-3
0.794, 3.364e-3
0.795, 3.399e-3
0.796, 3.434e-3
0.797, 3.469e-3
0.798, 3.505e-3
0.799, 3.540e-3
0.800, 3.563e-3
0.799, 3.534e-3
0.798, 3.497e-3
0.797, 3.460e-3
0.796, 3.424e-3
0.795, 3.388e-3
0.794, 3.352e-3
0.793, 3.316e-3
0.792, 3.280e-3
0.791, 3.244e-3
0.790, 3.209e-3
0.789, 3.174e-3
0.788, 3.139e-3
0.787, 3.104e-3
0.786, 3.069e-3
0.785, 3.034e-3
0.784, 3.000e-3
0.783, 2.966e-3
0.782, 2.932e-3
0.781, 2.898e-3
0.780, 2.865e-3
0.779, 2.831e-3
0.778, 2.798e-3
0.777, 2.765e-3
0.776, 2.732e-3
0.775, 2.699e-3
0.774, 2.667e-3
0.773, 2.634e-3
0.772, 2.602e-3
0.771, 2.570e-3
0.770, 2.539e-3
0.769, 2.507e-3
0.768, 2.476e-3
0.767, 2.444e-3
0.766, 2.413e-3
0.765, 2.382e-3
0.764, 2.352e-3
0.763, 2.321e-3
0.762, 2.291e-3
0.761, 2.261e-3
0.760, 2.231e-3
0.759, 2.201e-3
0.758, 2.172e-3
0.757, 2.143e-3
0.756, 2.114e-3
0.755, 2.085e-3
0.754, 2.056e-3
0.753, 2.028e-3
0.752, 2.000e-3
0.751, 1.971e-3
0.750, 1.944e-3
0.749, 1.916e-3
0.748, 1.888e-3
0.747, 1.861e-3
0.746, 1.834e-3
0.745, 1.807e-3
0.744, 1.780e-3
0.743, 1.754e-3
0.742, 1.727e-3
0.741, 1.701e-3
0.740, 1.676e-3
0.739, 1.650e-3
0.738, 1.625e-3
0.737, 1.599e-3
0.736, 1.574e-3
0.735, 1.549e-3
0.734, 1.525e-3
0.733, 1.500e-3
0.732, 1.476e-3
0.731, 1.452e-3
0.730, 1.428e-3
0.729, 1.405e-3
0.728, 1.382e-3
0.727, 1.359e-3
0.726, 1.336e-3
0.725, 1.313e-3
0.724, 1.290e-3
0.723, 1.268e-3
0.722, 1.246e-3
0.721, 1.224e-3
0.720, 1.202e-3
0.719, 1.181e-3
0.718, 1.159e-3
0.717, 1.138e-3
0.716, 1.116e-3
0.715, 1.096e-3
0.714, 1.075e-3
0.713, 1.055e-3
0.712, 1.035e-3
0.711, 1.015e-3
0.710, 9.958e-4
0.709, 9.764e-4
0.708, 9.571e-4
0.707, 9.383e-4
0.706, 9.195e-4
0.705, 9.008e-4
0.704, 8.826e-4
0.703, 8.643e-4
0.702, 8.467e-4
0.701, 8.288e-4
0.700, 8.110e-4
0.699, 7.938e-4
0.698, 7.765e-4
0.697, 7.595e-4
0.696, 7.428e-4
0.695, 7.262e-4
0.694, 7.100e-4
0.693, 6.938e-4
0.692, 6.780e-4
0.691, 6.619e-4
0.690, 6.469e-4
0.689, 6.315e-4
0.688, 6.163e-4
0.687, 6.018e-4
0.686, 5.873e-4
0.685, 5.730e-4
0.684, 5.587e-4
0.683, 5.448e-4
0.682, 5.310e-4
0.681, 5.173e-4
0.680, 5.041e-4
0.679, 4.909e-4
0.678, 4.781e-4
0.677, 4.652e-4
0.676, 4.527e-4
0.675, 4.405e-4
0.674, 4.282e-4
0.673, 4.160e-4
0.672, 4.042e-4
0.671, 3.926e-4
0.670, 3.810e-4
0.669, 3.699e-4
0.668, 3.591e-4
0.667, 3.482e-4
0.666, 3.376e-4
0.665, 3.268e-4
0.664, 3.170e-4
0.663, 3.071e-4
0.662, 2.972e-4
0.661, 2.876e-4
0.660, 2.778e-4
0.659, 2.689e-4
0.658, 2.598e-4
0.657, 2.506e-4
0.656, 2.424e-4
0.655, 2.339e-4
0.654, 2.253e-4
0.653, 2.177e-4
0.652, 2.099e-4
0.651, 2.020e-4
0.650, 1.945e-4
0.649, 1.871e-4
0.648, 1.794e-4
0.647, 1.725e-4
0.646, 1.659e-4
0.645, 1.593e-4
0.644, 1.523e-4
0.643, 1.459e-4
0.642, 1.398e-4
0.641, 1.337e-4
0.640, 1.274e-4
0.639, 1.221e-4
0.638, 1.164e-4
0.637, 1.111e-4
0.636, 1.055e-4
0.635, 1.004e-4
0.634, 9.528e-5
0.633, 9.048e-5
0.632, 8.576e-5
0.631, 8.087e-5
0.630, 7.662e-5
0.629, 7.240e-5
0.628, 6.806e-5
0.627, 6.433e-5
0.626, 6.017e-5
0.625, 5.605e-5
0.624, 5.256e-5
0.623, 4.888e-5
0.622, 4.530e-5
0.621, 4.177e-5
0.620, 3.866e-5
0.619, 3.569e-5
0.618, 3.249e-5
0.617, 2.965e-5
0.616, 2.702e-5
0.615, 2.453e-5
0.614, 2.235e-5
0.613, 1.931e-5
0.612, 1.670e-5
0.611, 1.446e-5
0.610, 1.219e-5
0.609, 9.715e-6
0.608, 7.499e-6
0.607, 5.429e-6
0.606, 3.583e-6
0.605, 1.679e-6
0.604, -2.929e-7
0.603, -1.992e-6
0.602, -3.603e-6
0.601, -5.204e-6
0.600, -6.766e-6
0.599, -8.397e-6
0.598, -9.793e-6
0.597, -1.122e-5
0.596, -1.269e-5
0.595, -1.406e-5
0.594, -1.532e-5
0.593, -1.673e-5
0.592, -1.777e-5
0.591, -1.882e-5
0.590, -1.963e-5
0.589, -2.072e-5
0.588, -2.161e-5
0.587, -2.245e-5
0.586, -2.341e-5
0.585, -2.403e-5
0.584, -2.483e-5
0.583, -2.587e-5
0.582, -2.650e-5
0.581, -2.729e-5
0.580, -2.794e-5
0.579, -2.857e-5
0.578, -2.945e-5
0.577, -3.005e-5
0.576, -3.045e-5
0.575, -3.116e-5
0.574, -3.154e-5
0.573, -3.229e-5
0.572, -3.283e-5
0.571, -3.329e-5
0.570, -3.386e-5
0.569, -3.430e-5
0.568, -3.482e-5
0.567, -3.537e-5
0.566, -3.567e-5
0.565, -3.639e-5
0.564, -3.689e-5
0.563, -3.732e-5
0.562, -3.780e-5
0.561, -3.812e-5
0.560, -3.858e-5
0.559, -3.915e-5
0.558, -3.951e-5
0.557, -3.993e-5
0.556, -4.029e-5
0.555, -4.067e-5
0.554, -4.102e-5
0.553, -4.136e-5
0.552, -4.173e-5
0.551, -4.218e-5
0.550, -4.236e-5
0.549, -4.281e-5
0.548, -4.321e-5
0.547, -4.339e-5
0.546, -4.396e-5
0.545, -4.419e-5
0.544, -4.446e-5
0.543, -4.498e-5
0.542, -4.529e-5
0.541, -4.569e-5
0.540, -4.609e-5
0.539, -4.624e-5
0.538, -4.673e-5
0.537, -4.718e-5
0.536, -4.733e-5
0.535, -4.777e-5
0.534, -4.799e-5
0.533, -4.865e-5
0.532, -4.913e-5
0.531, -4.939e-5
0.530, -4.986e-5
0.529, -5.023e-5
0.528, -5.063e-5
0.527, -5.117e-5
0.526, -5.155e-5
0.525, -5.182e-5
0.524, -5.224e-5
0.523, -5.276e-5
0.522, -5.324e-5
0.521, -5.382e-5
0.520, -5.415e-5
0.519, -5.471e-5
0.518, -5.519e-5
0.517, -5.563e-5
0.516, -5.603e-5
0.515, -5.634e-5
0.514, -5.695e-5
0.513, -5.748e-5
0.512, -5.895e-5
0.511, -5.903e-5
0.510, -5.922e-5
0.509, -5.975e-5
0.508, -6.037e-5
0.507, -6.074e-5
0.506, -6.135e-5
0.505, -6.219e-5
0.504, -6.270e-5
0.503, -6.338e-5
0.502, -6.390e-5
0.501, -6.460e-5
0.500, -6.534e-5
0.499, -6.554e-5
0.498, -6.640e-5
0.497, -6.707e-5
0.496, -6.755e-5
0.495, -6.830e-5
0.494, -6.868e-5
0.493, -6.929e-5
0.492, -6.986e-5
0.491, -7.061e-5
0.490, -7.130e-5
0.489, -7.213e-5
0.488, -7.284e-5
0.487, -7.369e-5
0.486, -7.469e-5
0.485, -7.540e-5
0.484, -7.626e-5
0.483, -7.698e-5
0.482, -7.790e-5
0.481, -7.896e-5
0.480, -7.967e-5
0.479, -8.050e-5
0.478, -8.144e-5
0.477, -8.232e-5
0.476, -8.308e-5
0.475, -8.415e-5
0.474, -8.493e-5
0.473, -8.599e-5
0.472, -8.712e-5
0.471, -8.841e-5
0.470, -8.919e-5
0.469, -9.026e-5
0.468, -9.142e-5
0.467, -9.246e-5
0.466, -9.364e-5
0.465, -9.450e-5
0.464, -9.562e-5
0.463, -9.675e-5
0.462, -9.791e-5
0.461, -9.924e-5
0.460, -1.005e-4
0.459, -1.016e-4
0.458, -1.028e-4
0.457, -1.039e-4
0.456, -1.049e-4
0.455, -1.061e-4
0.454, -1.074e-4
0.453, -1.087e-4
0.452, -1.101e-4
0.451, -1.112e-4
0.450, -1.127e-4
0.449, -1.140e-4
0.448, -1.149e-4
0.447, -1.162e-4
0.446, -1.173e-4
0.445, -1.184e-4
0.444, -1.193e-4
0.443, -1.206e-4
0.442, -1.219e-4
0.441, -1.229e-4
0.440, -1.242e-4
0.439, -1.255e-4
0.438, -1.264e-4
0.437, -1.275e-4
0.436, -1.288e-4
0.435, -1.300e-4
0.434, -1.310e-4
0.433, -1.318e-4
0.432, -1.327e-4
0.431, -1.338e-4
0.430, -1.347e-4
0.429, -1.359e-4
0.428, -1.367e-4
0.427, -1.374e-4
0.426, -1.385e-4
0.425, -1.391e-4
0.424, -1.400e-4
0.423, -1.407e-4
0.422, -1.412e-4
0.421, -1.420e-4
0.420, -1.426e-4
0.419, -1.431e-4
0.418, -1.437e-4
0.417, -1.442e-4
0.416, -1.447e-4
0.415, -1.452e-4
0.414, -1.455e-4
0.413, -1.461e-4
0.412, -1.465e-4
0.411, -1.467e-4
0.410, -1.458e-4
0.409, -1.438e-4
0.408, -1.454e-4
0.407, -1.461e-4
0.406, -1.463e-4
0.405, -1.467e-4
0.404, -1.471e-4
0.403, -1.474e-4
0.402, -1.473e-4
0.401, -1.475e-4
0.400, -1.475e-4
0.399, -1.476e-4
0.398, -1.475e-4
0.397, -1.472e-4
0.396, -1.468e-4
0.395, -1.467e-4
0.394, -1.465e-4
0.393, -1.461e-4
0.392, -1.455e-4
0.391, -1.451e-4
0.390, -1.445e-4
0.389, -1.440e-4
0.388, -1.432e-4
0.387, -1.422e-4
0.386, -1.415e-4
0.385, -1.407e-4
0.384, -1.396e-4
0.383, -1.387e-4
0.382, -1.372e-4
0.381, -1.358e-4
0.380, -1.343e-4
0.379, -1.329e-4
0.378, -1.316e-4
0.377, -1.301e-4
0.376, -1.284e-4
0.375, -1.268e-4
0.374, -1.249e-4
0.373, -1.232e-4
0.372, -1.214e-4
0.371, -1.195e-4
0.370, -1.178e-4
0.369, -1.163e-4
0.368, -1.142e-4
0.367, -1.121e-4
0.366, -1.099e-4
0.365, -1.077e-4
0.364, -1.058e-4
0.363, -1.039e-4
0.362, -1.019e-4
0.361, -9.974e-5
0.360, -9.754e-5
0.359, -9.568e-5
0.358, -9.356e-5
0.357, -9.171e-5
0.356, -8.981e-5
0.355, -8.764e-5
0.354, -8.548e-5
0.353, -8.357e-5
0.352, -8.146e-5
0.351, -7.977e-5
0.350, -7.789e-5
0.349, -7.594e-5
0.348, -7.412e-5
0.347, -7.227e-5
0.346, -7.059e-5
0.345, -6.900e-5
0.344, -6.752e-5
0.343, -6.614e-5
0.342, -6.450e-5
0.341, -6.276e-5
0.340, -6.115e-5
0.339, -5.959e-5
0.338, -5.811e-5
0.337, -5.673e-5
0.336, -5.536e-5
0.335, -5.410e-5
0.334, -5.283e-5
0.333, -5.157e-5
0.332, -5.025e-5
0.331, -4.898e-5
0.330, -4.788e-5
0.329, -4.677e-5
0.328, -4.572e-5
0.327, -4.483e-5
0.326, -4.386e-5
0.325, -4.287e-5
0.324, -4.200e-5
0.323, -4.100e-5
0.322, -4.023e-5
0.321, -3.936e-5
0.320, -3.820e-5
0.319, -3.747e-5
0.318, -3.666e-5
0.317, -3.581e-5
0.316, -3.509e-5
0.315, -3.439e-5
0.314, -3.367e-5
0.313, -3.302e-5
0.312, -3.235e-5
0.311, -3.174e-5
0.310, -3.121e-5
0.309, -3.057e-5
0.308, -3.003e-5
0.307, -2.971e-5
0.306, -2.904e-5
0.305, -2.846e-5
0.304, -2.798e-5
0.303, -2.757e-5
0.302, -2.700e-5
0.301, -2.665e-5
0.300, -2.617e-5
0.299, -2.572e-5
0.298, -2.524e-5
0.297, -2.489e-5
0.296, -2.444e-5
0.295, -2.406e-5
0.294, -2.366e-5
0.293, -2.336e-5
0.292, -2.308e-5
0.291, -2.268e-5
0.290, -2.227e-5
0.289, -2.198e-5
0.288, -2.173e-5
0.287, -2.145e-5
0.286, -2.120e-5
0.285, -2.087e-5
0.284, -2.063e-5
0.283, -2.041e-5
0.282, -2.018e-5
0.281, -1.993e-5
0.280, -1.967e-5
0.279, -1.945e-5
0.278, -1.922e-5
0.277, -1.905e-5
0.276, -1.884e-5
0.275, -1.862e-5
0.274, -1.840e-5
0.273, -1.828e-5
0.272, -1.806e-5
0.271, -1.785e-5
0.270, -1.772e-5
0.269, -1.755e-5
0.268, -1.729e-5
0.267, -1.712e-5
0.266, -1.689e-5
0.265, -1.680e-5
0.264, -1.667e-5
0.263, -1.648e-5
0.262, -1.632e-5
0.261, -1.618e-5
0.260, -1.601e-5
0.259, -1.590e-5
0.258, -1.571e-5
0.257, -1.553e-5
0.256, -1.531e-5
0.255, -1.524e-5
0.254, -1.499e-5
0.253, -1.495e-5
0.252, -1.478e-5
0.251, -1.466e-5
0.250, -1.455e-5
0.249, -1.449e-5
0.248, -1.425e-5
0.247, -1.413e-5
0.246, -1.402e-5
0.245, -1.401e-5
0.244, -1.389e-5
0.243, -1.368e-5
0.242, -1.360e-5
0.241, -1.346e-5
0.240, -1.342e-5
0.239, -1.333e-5
0.238, -1.315e-5
0.237, -1.309e-5
0.236, -1.299e-5
0.235, -1.285e-5
0.234, -1.285e-5
0.233, -1.271e-5
0.232, -1.258e-5
0.231, -1.248e-5
0.230, -1.249e-5
0.229, -1.237e-5
0.228, -1.229e-5
0.227, -1.210e-5
0.226, -1.213e-5
0.225, -1.208e-5
0.224, -1.196e-5
0.223, -1.191e-5
0.222, -1.178e-5
0.221, -1.173e-5
0.220, -1.166e-5
0.219, -1.161e-5
0.218, -1.148e-5
0.217, -1.137e-5
0.216, -1.136e-5
0.215, -1.133e-5
0.214, -1.126e-5
0.213, -1.121e-5
0.212, -1.118e-5
0.211, -1.110e-5
0.210, -1.103e-5
0.209, -1.095e-5
0.208, -1.087e-5
0.207, -1.084e-5
0.206, -1.080e-5
0.205, -1.069e-5
0.204, -1.069e-5
0.203, -1.066e-5
0.202, -1.054e-5
0.201, -1.049e-5
0.200, -8.924e-6
0.201, -6.141e-6
0.202, -5.116e-6
0.203, -4.433e-6
0.204, -3.857e-6
0.205, -3.476e-6
0.206, -3.007e-6
0.207, -2.568e-6
0.208, -2.216e-6
0.209, -1.787e-6
0.210, -1.552e-6
0.211, -1.220e-6
0.212, -9.861e-7
0.213, -7.616e-7
0.214, -5.175e-7
0.215, -2.343e-7
0.216, -2.929e-8
0.217, 1.953e-7
0.218, 3.027e-7
0.219, 5.077e-7
0.220, 6.639e-7
0.221, 8.690e-7
0.222, 1.045e-6
0.223, 1.230e-6
0.224, 1.386e-6
0.225, 1.504e-6
0.226, 1.650e-6
0.227, 1.806e-6
0.228, 1.943e-6
0.229, 2.089e-6
0.230, 2.246e-6
0.231, 2.382e-6
0.232, 2.431e-6
0.233, 2.587e-6
0.234, 2.675e-6
0.235, 2.822e-6
0.236, 2.929e-6
0.237, 3.066e-6
0.238, 3.183e-6
0.239, 3.251e-6
0.240, 3.398e-6
0.241, 3.525e-6
0.242, 3.622e-6
0.243, 3.788e-6
0.244, 3.769e-6
0.245, 3.915e-6
0.246, 4.023e-6
0.247, 4.101e-6
0.248, 4.218e-6
0.249, 4.257e-6
0.250, 4.394e-6
0.251, 4.511e-6
0.252, 4.609e-6
0.253, 4.687e-6
0.254, 4.745e-6
0.255, 4.833e-6
0.256, 5.028e-6
0.257, 5.038e-6
0.258, 5.116e-6
0.259, 5.253e-6
0.260, 5.351e-6
0.261, 5.429e-6
0.262, 5.477e-6
0.263, 5.556e-6
0.264, 5.653e-6
0.265, 5.800e-6
0.266, 5.897e-6
0.267, 5.888e-6
0.268, 6.044e-6
0.269, 6.034e-6
0.270, 6.171e-6
0.271, 6.220e-6
0.272, 6.327e-6
0.273, 6.425e-6
0.274, 6.522e-6
0.275, 6.649e-6
0.276, 6.737e-6
0.277, 6.776e-6
0.278, 6.864e-6
0.279, 6.962e-6
0.280, 7.059e-6
0.281, 7.157e-6
0.282, 7.274e-6
0.283, 7.333e-6
0.284, 7.420e-6
0.285, 7.489e-6
0.286, 7.567e-6
0.287, 7.645e-6
0.288, 7.792e-6
0.289, 7.840e-6
0.290, 8.006e-6
0.291, 8.045e-6
0.292, 8.123e-6
0.293, 8.211e-6
0.294, 8.289e-6
0.295, 8.416e-6
0.296, 8.553e-6
0.297, 8.582e-6
0.298, 8.641e-6
0.299, 8.758e-6
0.300, 8.866e-6
0.301, 8.905e-6
0.302, 9.041e-6
0.303, 9.100e-6
0.304, 9.227e-6
0.305, 9.393e-6
0.306, 9.432e-6
0.307, 9.588e-6
0.308, 9.637e-6
0.309, 9.813e-6
0.310, 9.861e-6
0.311, 9.900e-6
0.312, 9.979e-6
0.313, 1.014e-5
0.314, 1.017e-5
0.315, 1.023e-5
0.316, 1.041e-5
0.317, 1.043e-5
0.318, 1.058e-5
0.319, 1.068e-5
0.320, 1.079e-5
0.321, 1.088e-5
0.322, 1.107e-5
0.323, 1.107e-5
0.324, 1.114e-5
0.325, 1.124e-5
0.326, 1.138e-5
0.327, 1.145e-5
0.328, 1.157e-5
0.329, 1.168e-5
0.330, 1.174e-5
0.331, 1.187e-5
0.332, 1.198e-5
0.333, 1.201e-5
0.334, 1.216e-5
0.335, 1.226e-5
0.336, 1.228e-5
0.337, 1.248e-5
0.338, 1.258e-5
0.339, 1.266e-5
0.340, 1.274e-5
0.341, 1.282e-5
0.342, 1.294e-5
0.343, 1.315e-5
0.344, 1.315e-5
0.345, 1.330e-5
0.346, 1.332e-5
0.347, 1.355e-5
0.348, 1.354e-5
0.349, 1.372e-5
0.350, 1.380e-5
0.351, 1.392e-5
0.352, 1.402e-5
0.353, 1.411e-5
0.354, 1.424e-5
0.355, 1.440e-5
0.356, 1.446e-5
0.357, 1.454e-5
0.358, 1.469e-5
0.359, 1.480e-5
0.360, 1.490e-5
0.361, 1.505e-5
0.362, 1.512e-5
0.363, 1.526e-5
0.364, 1.541e-5
0.365, 1.546e-5
0.366, 1.564e-5
0.367, 1.578e-5
0.368, 1.585e-5
0.369, 1.603e-5
0.370, 1.614e-5
0.371, 1.622e-5
0.372, 1.639e-5
0.373, 1.654e-5
0.374, 1.668e-5
0.375, 1.685e-5
0.376, 1.693e-5
0.377, 1.703e-5
0.378, 1.715e-5
0.379, 1.737e-5
0.380, 1.754e-5
0.381, 1.762e-5
0.382, 1.777e-5
0.383, 1.790e-5
0.384, 1.813e-5
0.385, 1.825e-5
0.386, 1.838e-5
0.387, 1.853e-5
0.388, 1.869e-5
0.389, 1.883e-5
0.390, 1.900e-5
0.391, 1.922e-5
0.392, 1.935e-5
0.393, 1.953e-5
0.394, 1.969e-5
0.395, 2.000e-5
0.396, 2.020e-5
0.397, 2.030e-5
0.398, 2.054e-5
0.399, 2.073e-5
0.400, 2.092e-5
0.401, 2.117e-5
0.402, 2.139e-5
0.403, 2.159e-5
0.404, 2.185e-5
0.405, 2.206e-5
0.406, 2.228e-5
0.407, 2.256e-5
0.408, 2.277e-5
0.409, 2.293e-5
0.410, 2.239e-5
0.411, 2.330e-5
0.412, 2.371e-5
0.413, 2.390e-5
0.414, 2.436e-5
0.415, 2.461e-5
0.416, 2.492e-5
0.417, 2.521e-5
0.418, 2.542e-5
0.419, 2.583e-5
0.420, 2.623e-5
0.421, 2.647e-5
0.422, 2.684e-5
0.423, 2.716e-5
0.424, 2.758e-5
0.425, 2.800e-5
0.426, 2.833e-5
0.427, 2.873e-5
0.428, 2.921e-5
0.429, 2.970e-5
0.430, 3.011e-5
0.431, 3.054e-5
0.432, 3.109e-5
0.433, 3.174e-5
0.434, 3.233e-5
0.435, 3.304e-5
0.436, 3.370e-5
0.437, 3.451e-5
0.438, 3.536e-5
0.439, 3.612e-5
0.440, 3.694e-5
0.441, 3.793e-5
0.442, 3.881e-5
0.443, 3.979e-5
0.444, 4.088e-5
0.445, 4.201e-5
0.446, 4.332e-5
0.447, 4.467e-5
0.448, 4.609e-5
0.449, 4.776e-5
0.450, 4.934e-5
0.451, 5.117e-5
0.452, 5.294e-5
0.453, 5.489e-5
0.454, 5.714e-5
0.455, 5.967e-5
0.456, 6.218e-5
0.457, 6.463e-5
0.458, 6.723e-5
0.459, 7.019e-5
0.460, 7.337e-5
0.461, 7.665e-5
0.462, 7.983e-5
0.463, 8.376e-5
0.464, 8.780e-5
0.465, 9.171e-5
0.466, 9.586e-5
0.467, 1.003e-4
0.468, 1.049e-4
0.469, 1.098e-4
0.470, 1.147e-4
0.471, 1.196e-4
0.472, 1.245e-4
0.473, 1.292e-4
0.474, 1.346e-4
0.475, 1.398e-4
0.476, 1.448e-4
0.477, 1.496e-4
0.478, 1.545e-4
0.479, 1.595e-4
0.480, 1.638e-4
0.481, 1.681e-4
0.482, 1.720e-4
0.483, 1.757e-4
0.484, 1.792e-4
0.485, 1.827e-4
0.486, 1.863e-4
0.487, 1.893e-4
0.488, 1.919e-4
0.489, 1.942e-4
0.490, 1.962e-4
0.491, 1.982e-4
0.492, 1.999e-4
0.493, 2.013e-4
0.494, 2.026e-4
0.495, 2.036e-4
0.496, 2.045e-4
0.497, 2.053e-4
0.498, 2.057e-4
0.499, 2.062e-4
0.500, 2.063e-4
0.501, 2.064e-4
0.502, 2.066e-4
0.503, 2.065e-4
0.504, 2.064e-4
0.505, 2.064e-4
0.506, 2.060e-4
0.507, 2.057e-4
0.508, 2.053e-4
0.509, 2.049e-4
0.510, 2.045e-4
0.511, 2.042e-4
0.512, 2.046e-4
0.513, 2.044e-4
0.514, 2.037e-4
0.515, 2.033e-4
0.516, 2.028e-4
0.517, 2.023e-4
0.518, 2.019e-4
0.519, 2.014e-4
0.520, 2.010e-4
0.521, 2.006e-4
0.522, 1.998e-4
0.523, 1.993e-4
0.524, 1.987e-4
0.525, 1.977e-4
0.526, 1.972e-4
0.527, 1.965e-4
0.528, 1.955e-4
0.529, 1.947e-4
0.530, 1.938e-4
0.531, 1.928e-4
0.532, 1.919e-4
0.533, 1.907e-4
0.534, 1.897e-4
0.535, 1.885e-4
0.536, 1.872e-4
0.537, 1.862e-4
0.538, 1.849e-4
0.539, 1.834e-4
0.540, 1.818e-4
0.541, 1.802e-4
0.542, 1.785e-4
0.543, 1.770e-4
0.544, 1.755e-4
0.545, 1.742e-4
0.546, 1.725e-4
0.547, 1.709e-4
0.548, 1.693e-4
0.549, 1.676e-4
0.550, 1.659e-4
0.551, 1.641e-4
0.552, 1.626e-4
0.553, 1.612e-4
0.554, 1.592e-4
0.555, 1.576e-4
0.556, 1.559e-4
0.557, 1.542e-4
0.558, 1.523e-4
0.559, 1.508e-4
0.560, 1.493e-4
0.561, 1.478e-4
0.562, 1.461e-4
0.563, 1.446e-4
0.564, 1.432e-4
0.565, 1.417e-4
0.566, 1.402e-4
0.567, 1.388e-4
0.568, 1.375e-4
0.569, 1.360e-4
0.570, 1.347e-4
0.571, 1.331e-4
0.572, 1.318e-4
0.573, 1.304e-4
0.574, 1.292e-4
0.575, 1.282e-4
0.576, 1.270e-4
0.577, 1.262e-4
0.578, 1.251e-4
0.579, 1.244e-4
0.580, 1.236e-4
0.581, 1.224e-4
0.582, 1.216e-4
0.583, 1.208e-4
0.584, 1.201e-4
0.585, 1.194e-4
0.586, 1.185e-4
0.587, 1.180e-4
0.588, 1.175e-4
0.589, 1.170e-4
0.590, 1.166e-4
0.591, 1.160e-4
0.592, 1.157e-4
0.593, 1.154e-4
0.594, 1.150e-4
0.595, 1.149e-4
0.596, 1.149e-4
0.597, 1.146e-4
0.598, 1.147e-4
0.599, 1.146e-4
0.600, 1.146e-4
0.601, 1.149e-4
0.602, 1.148e-4
0.603, 1.152e-4
0.604, 1.156e-4
0.605, 1.157e-4
0.606, 1.162e-4
0.607, 1.168e-4
0.608, 1.173e-4
0.609, 1.181e-4
0.610, 1.188e-4
0.611, 1.197e-4
0.612, 1.205e-4
0.613, 1.215e-4
0.614, 1.225e-4
0.615, 1.231e-4
0.616, 1.246e-4
0.617, 1.259e-4
0.618, 1.271e-4
0.619, 1.285e-4
0.620, 1.301e-4
0.621, 1.317e-4
0.622, 1.339e-4
0.623, 1.359e-4
0.624, 1.378e-4
0.625, 1.400e-4
0.626, 1.421e-4
0.627, 1.441e-4
0.628, 1.466e-4
0.629, 1.492e-4
0.630, 1.518e-4
0.631, 1.546e-4
0.632, 1.580e-4
0.633, 1.611e-4
0.634, 1.641e-4
0.635, 1.674e-4
0.636, 1.708e-4
0.637, 1.741e-4
0.638, 1.778e-4
0.639, 1.821e-4
0.640, 1.864e-4
0.641, 1.904e-4
0.642, 1.946e-4
0.643, 1.991e-4
0.644, 2.039e-4
0.645, 2.089e-4
0.646, 2.139e-4
0.647, 2.190e-4
0.648, 2.240e-4
0.649, 2.297e-4
0.650, 2.355e-4
0.651, 2.416e-4
0.652, 2.472e-4
0.653, 2.532e-4
0.654, 2.602e-4
0.655, 2.669e-4
0.656, 2.736e-4
0.657, 2.808e-4
0.658, 2.880e-4
0.659, 2.956e-4
0.660, 3.034e-4
0.661, 3.112e-4
0.662, 3.194e-4
0.663, 3.274e-4
0.664, 3.362e-4
0.665, 3.452e-4
0.666, 3.543e-4
0.667, 3.634e-4
0.668, 3.727e-4
0.669, 3.823e-4
0.670, 3.926e-4
0.671, 4.028e-4
0.672, 4.131e-4
0.673, 4.236e-4
0.674, 4.346e-4
0.675, 4.456e-4
0.676, 4.570e-4
0.677, 4.681e-4
0.678, 4.800e-4
0.679, 4.919e-4
0.680, 5.043e-4
0.681, 5.166e-4
0.682, 5.293e-4
0.683, 5.421e-4
0.684, 5.555e-4
0.685, 5.687e-4
0.686, 5.826e-4
0.687, 5.963e-4
0.688, 6.102e-4
0.689, 6.248e-4
0.690, 6.392e-4
0.691, 6.545e-4
0.692, 6.694e-4
0.693, 6.848e-4
0.694, 7.006e-4
0.695, 7.163e-4
0.696, 7.324e-4
0.697, 7.489e-4
0.698, 7.653e-4
0.699, 7.824e-4
0.700, 7.995e-4
0.701, 8.166e-4
0.702, 8.345e-4
0.703, 8.523e-4
0.704, 8.697e-4
0.705, 8.881e-4
0.706, 9.066e-4
0.707, 9.252e-4
0.708, 9.442e-4
0.709, 9.632e-4
0.710, 9.826e-4
0.711, 1.002e-3
0.712, 1.022e-3
0.713, 1.042e-3
0.714, 1.062e-3
0.715, 1.083e-3
0.716, 1.104e-3
0.717, 1.126e-3
0.718, 1.147e-3
0.719, 1.168e-3
0.720, 1.189e-3
0.721, 1.211e-3
0.722, 1.233e-3
0.723, 1.256e-3
0.724, 1.278e-3
0.725, 1.301e-3
0.726, 1.324e-3
0.727, 1.347e-3
0.728, 1.370e-3
0.729, 1.394e-3
0.730, 1.417e-3
0.731, 1.441e-3
0.732, 1.465e-3
0.733, 1.490e-3
0.734, 1.514e-3
0.735, 1.539e-3
0.736, 1.564e-3
0.737, 1.590e-3
0.738, 1.615e-3
0.739, 1.641e-3
0.740, 1.667e-3
0.741, 1.692e-3
0.742, 1.719e-3
0.743, 1.745e-3
0.744, 1.772e-3
0.745, 1.798e-3
0.746, 1.825e-3
0.747, 1.852e-3
0.748, 1.880e-3
0.749, 1.907e-3
0.750, 1.935e-3
0.751, 1.963e-3
0.752, 1.991e-3
0.753, 2.019e-3
0.754, 2.048e-3
0.755, 2.076e-3
0.756, 2.105e-3
0.757, 2.134e-3
0.758, 2.163e-3
0.759, 2.192e-3
0.760, 2.221e-3
0.761, 2.251e-3
0.762, 2.281e-3
0.763, 2.311e-3
0.764, 2.341e-3
0.765, 2.372e-3
0.766, 2.402e-3
0.767, 2.433e-3
0.768, 2.464e-3
0.769, 2.495e-3
0.770, 2.526e-3
0.771, 2.557e-3
0.772, 2.588e-3
0.773, 2.620e-3
0.774, 2.652e-3
0.775, 2.684e-3
0.776, 2.716e-3
0.777, 2.748e-3
0.778, 2.780e-3
0.779, 2.813e-3
0.780, 2.845e-3
0.781, 2.878e-3
0.782, 2.911e-3
0.783, 2.944e-3
0.784, 2.977e-3
0.785, 3.010e-3
0.786, 3.044e-3
0.787, 3.078e-3
0.788, 3.112e-3
0.789, 3.146e-3
0.790, 3.180e-3
0.791, 3.214e-3
0.792, 3.249e-3
0.793, 3.283e-3
0.794, 3.318e-3
0.795, 3.353e-3
0.796, 3.388e-3
0.797, 3.423e-3
0.798, 3.458e-3
0.799, 3.494e-3
0.800, 3.516e-3
0.799, 3.487e-3
0.798, 3.449e-3
0.797, 3.412e-3
0.796, 3.376e-3
0.795, 3.340e-3
0.794, 3.303e-3
0.793, 3.267e-3
0.792, 3.231e-3
0.791, 3.196e-3
0.790, 3.160e-3
0.789, 3.125e-3
0.788, 3.090e-3
0.787, 3.054e-3
0.786, 3.019e-3
0.785, 2.985e-3
0.784, 2.950e-3
0.783, 2.916e-3
0.782, 2.882e-3
0.781, 2.848e-3
0.780, 2.815e-3
0.779, 2.781e-3
0.778, 2.747e-3
0.777, 2.715e-3
0.776, 2.682e-3
0.775, 2.649e-3
0.774, 2.616e-3
0.773, 2.584e-3
0.772, 2.551e-3
0.771, 2.520e-3
0.770, 2.488e-3
0.769, 2.456e-3
0.768, 2.425e-3
0.767, 2.393e-3
0.766, 2.362e-3
0.765, 2.331e-3
0.764, 2.301e-3
0.763, 2.270e-3
0.762, 2.240e-3
0.761, 2.210e-3
0.760, 2.180e-3
0.759, 2.151e-3
0.758, 2.122e-3
0.757, 2.092e-3
0.756, 2.064e-3
0.755, 2.035e-3
0.754, 2.007e-3
0.753, 1.978e-3
0.752, 1.950e-3
0.751, 1.921e-3
0.750, 1.894e-3
0.749, 1.866e-3
0.748, 1.839e-3
0.747, 1.812e-3
0.746, 1.785e-3
0.745, 1.758e-3
0.744, 1.732e-3
0.743, 1.705e-3
0.742, 1.680e-3
0.741, 1.654e-3
0.740, 1.628e-3
0.739, 1.603e-3
0.738, 1.577e-3
0.737, 1.552e-3
0.736, 1.527e-3
0.735, 1.502e-3
0.734, 1.478e-3
0.733, 1.454e-3
0.732, 1.430e-3
0.731, 1.406e-3
0.730, 1.383e-3
0.729, 1.360e-3
0.728, 1.337e-3
0.727, 1.314e-3
0.726, 1.291e-3
0.725, 1.269e-3
0.724, 1.247e-3
0.723, 1.225e-3
0.722, 1.203e-3
0.721, 1.181e-3
0.720, 1.160e-3
0.719, 1.139e-3
0.718, 1.118e-3
0.717, 1.097e-3
0.716, 1.076e-3
0.715, 1.056e-3
0.714, 1.035e-3
0.713, 1.016e-3
0.712, 9.960e-4
0.711, 9.767e-4
0.710, 9.576e-4
0.709, 9.385e-4
0.708, 9.197e-4
0.707, 9.012e-4
0.706, 8.826e-4
0.705, 8.645e-4
0.704, 8.469e-4
0.703, 8.291e-4
0.702, 8.114e-4
0.701, 7.942e-4
0.700, 7.768e-4
0.699, 7.597e-4
0.698, 7.430e-4
0.697, 7.266e-4
0.696, 7.103e-4
0.695, 6.941e-4
0.694, 6.784e-4
0.693, 6.627e-4
0.692, 6.476e-4
0.691, 6.321e-4
0.690, 6.169e-4
0.689, 6.024e-4
0.688, 5.880e-4
0.687, 5.736e-4
0.686, 5.595e-4
0.685, 5.456e-4
0.684, 5.317e-4
0.683, 5.181e-4
0.682, 5.049e-4
0.681, 4.919e-4
0.680, 4.789e-4
0.679, 4.659e-4
0.678, 4.541e-4
0.677, 4.415e-4
0.676, 4.294e-4
0.675, 4.175e-4
0.674, 4.055e-4
0.673, 3.940e-4
0.672, 3.826e-4
0.671, 3.712e-4
0.670, 3.606e-4
0.669, 3.497e-4
0.668, 3.393e-4
0.667, 3.288e-4
0.666, 3.186e-4
0.665, 3.087e-4
0.664, 2.988e-4
0.663, 2.893e-4
0.662, 2.799e-4
0.661, 2.706e-4
0.660, 2.617e-4
0.659, 2.525e-4
0.658, 2.441e-4
0.657, 2.359e-4
0.656, 2.274e-4
0.655, 2.194e-4
0.654, 2.117e-4
0.653, 2.039e-4
0.652, 1.965e-4
0.651, 1.892e-4
0.650, 1.816e-4
0.649, 1.745e-4
0.648, 1.679e-4
0.647, 1.613e-4
0.646, 1.545e-4
0.645, 1.479e-4
0.644, 1.417e-4
0.643, 1.359e-4
0.642, 1.294e-4
0.641, 1.240e-4
0.640, 1.183e-4
0.639, 1.130e-4
0.638, 1.075e-4
0.637, 1.021e-4
0.636, 9.709e-5
0.635, 9.230e-5
0.634, 8.759e-5
0.633, 8.263e-5
0.632, 7.823e-5
0.631, 7.408e-5
0.630, 6.979e-5
0.629, 6.559e-5
0.628, 6.167e-5
0.627, 5.796e-5
0.626, 5.394e-5
0.625, 5.026e-5
0.624, 4.683e-5
0.623, 4.318e-5
0.622, 3.997e-5
0.621, 3.685e-5
0.620, 3.370e-5
0.619, 3.071e-5
0.618, 2.807e-5
0.617, 2.549e-5
0.616, 2.273e-5
0.615, 2.003e-5
0.614, 1.806e-5
0.613, 1.521e-5
0.612, 1.294e-5
0.611, 1.064e-5
0.610, 8.143e-6
0.609, 6.112e-6
0.608, 4.081e-6
0.607, 2.129e-6
0.606, 1.269e-7
0.605, -1.709e-6
0.604, -3.554e-6
0.603, -5.204e-6
0.602, -6.717e-6
0.601, -8.250e-6
0.600, -9.783e-6
0.599, -1.137e-5
0.598, -1.262e-5
0.597, -1.430e-5
0.596, -1.569e-5
0.595, -1.697e-5
0.594, -1.804e-5
0.593, -1.908e-5
0.592, -2.000e-5
0.591, -2.106e-5
0.590, -2.209e-5
0.589, -2.328e-5
0.588, -2.395e-5
0.587, -2.473e-5
0.586, -2.571e-5
0.585, -2.662e-5
0.584, -2.731e-5
0.583, -2.826e-5
0.582, -2.895e-5
0.581, -2.961e-5
0.580, -3.027e-5
0.579, -3.094e-5
0.578, -3.168e-5
0.577, -3.223e-5
0.576, -3.262e-5
0.575, -3.347e-5
0.574, -3.387e-5
0.573, -3.449e-5
0.572, -3.506e-5
0.571, -3.577e-5
0.570, -3.618e-5
0.569, -3.680e-5
0.568, -3.724e-5
0.567, -3.774e-5
0.566, -3.828e-5
0.565, -3.878e-5
0.564, -3.938e-5
0.563, -3.993e-5
0.562, -4.030e-5
0.561, -4.065e-5
0.560, -4.104e-5
0.559, -4.143e-5
0.558, -4.189e-5
0.557, -4.222e-5
0.556, -4.267e-5
0.555, -4.296e-5
0.554, -4.349e-5
0.553, -4.381e-5
0.552, -4.414e-5
0.551, -4.443e-5
0.550, -4.447e-5
0.549, -4.505e-5
0.548, -4.561e-5
0.547, -4.578e-5
0.546, -4.615e-5
0.545, -4.661e-5
0.544, -4.700e-5
0.543, -4.742e-5
0.542, -4.764e-5
0.541, -4.812e-5
0.540, -4.857e-5
0.539, -4.884e-5
0.538, -4.934e-5
0.537, -4.987e-5
0.536, -5.007e-5
0.535, -5.048e-5
0.534, -5.088e-5
0.533, -5.130e-5
0.532, -5.165e-5
0.531, -5.213e-5
0.530, -5.242e-5
0.529, -5.285e-5
0.528, -5.328e-5
0.527, -5.379e-5
0.526, -5.402e-5
0.525, -5.438e-5
0.524, -5.487e-5
0.523, -5.544e-5
0.522, -5.584e-5
0.521, -5.621e-5
0.520, -5.661e-5
0.519, -5.727e-5
0.518, -5.764e-5
0.517, -5.808e-5
0.516, -5.852e-5
0.515, -5.891e-5
0.514, -5.967e-5
0.513, -6.018e-5
0.512, -6.169e-5
0.511, -6.190e-5
0.510, -6.209e-5
0.509, -6.250e-5
0.508, -6.302e-5
0.507, -6.362e-5
0.506, -6.439e-5
0.505, -6.495e-5
0.504, -6.556e-5
0.503, -6.614e-5
0.502, -6.653e-5
0.501, -6.718e-5
0.500, -6.764e-5
0.499, -6.794e-5
0.498, -6.863e-5
0.497, -6.916e-5
0.496, -6.976e-5
0.495, -7.052e-5
0.494, -7.110e-5
0.493, -7.172e-5
0.492, -7.247e-5
0.491, -7.317e-5
0.490, -7.396e-5
0.489, -7.465e-5
0.488, -7.538e-5
0.487, -7.645e-5
0.486, -7.727e-5
0.485, -7.797e-5
0.484, -7.869e-5
0.483, -7.940e-5
0.482, -8.046e-5
0.481, -8.128e-5
0.480, -8.213e-5
0.479, -8.308e-5
0.478, -8.386e-5
0.477, -8.473e-5
0.476, -8.583e-5
0.475, -8.670e-5
0.474, -8.760e-5
0.473, -8.867e-5
0.472, -8.979e-5
0.471, -9.101e-5
0.470, -9.170e-5
0.469, -9.299e-5
0.468, -9.391e-5
0.467, -9.482e-5
0.466, -9.613e-5
0.465, -9.716e-5
0.464, -9.829e-5
0.463, -9.968e-5
0.462, -1.007e-4
0.461, -1.022e-4
0.460, -1.033e-4
0.459, -1.043e-4
0.458, -1.056e-4
0.457, -1.066e-4
0.456, -1.079e-4
0.455, -1.093e-4
0.454, -1.107e-4
0.453, -1.121e-4
0.452, -1.136e-4
0.451, -1.150e-4
0.450, -1.163e-4
0.449, -1.174e-4
0.448, -1.184e-4
0.447, -1.196e-4
0.446, -1.210e-4
0.445, -1.223e-4
0.444, -1.237e-4
0.443, -1.249e-4
0.442, -1.264e-4
0.441, -1.277e-4
0.440, -1.291e-4
0.439, -1.304e-4
0.438, -1.314e-4
0.437, -1.327e-4
0.436, -1.341e-4
0.435, -1.357e-4
0.434, -1.370e-4
0.433, -1.381e-4
0.432, -1.393e-4
0.431, -1.406e-4
0.430, -1.417e-4
0.429, -1.426e-4
0.428, -1.438e-4
0.427, -1.447e-4
0.426, -1.457e-4
0.425, -1.466e-4
0.424, -1.477e-4
0.423, -1.488e-4
0.422, -1.494e-4
0.421, -1.503e-4
0.420, -1.512e-4
0.419, -1.520e-4
0.418, -1.531e-4
0.417, -1.536e-4
0.416, -1.544e-4
0.415, -1.552e-4
0.414, -1.556e-4
0.413, -1.564e-4
0.412, -1.571e-4
0.411, -1.575e-4
0.410, -1.566e-4
0.409, -1.546e-4
0.408, -1.565e-4
0.407, -1.574e-4
0.406, -1.578e-4
0.405, -1.584e-4
0.404, -1.589e-4
0.403, -1.594e-4
0.402, -1.597e-4
0.401, -1.600e-4
0.400, -1.602e-4
0.399, -1.604e-4
0.398, -1.605e-4
0.397, -1.604e-4
0.396, -1.603e-4
0.395, -1.601e-4
0.394, -1.602e-4
0.393, -1.600e-4
0.392, -1.596e-4
0.391, -1.594e-4
0.390, -1.589e-4
0.389, -1.583e-4
0.388, -1.577e-4
0.387, -1.569e-4
0.386, -1.562e-4
0.385, -1.554e-4
0.384, -1.547e-4
0.383, -1.537e-4
0.382, -1.526e-4
0.381, -1.513e-4
0.380, -1.500e-4
0.379, -1.486e-4
0.378, -1.473e-4
0.377, -1.458e-4
0.376, -1.443e-4
0.375, -1.428e-4
0.374, -1.412e-4
0.373, -1.395e-4
0.372, -1.375e-4
0.371, -1.352e-4
0.370, -1.334e-4
0.369, -1.315e-4
0.368, -1.293e-4
0.367, -1.272e-4
0.366, -1.250e-4
0.365, -1.228e-4
0.364, -1.207e-4
0.363, -1.187e-4
0.362, -1.167e-4
0.361, -1.145e-4
0.360, -1.120e-4
0.359, -1.096e-4
0.358, -1.072e-4
0.357, -1.051e-4
0.356, -1.029e-4
0.355, -1.006e-4
0.354, -9.838e-5
0.353, -9.613e-5
0.352, -9.388e-5
0.351, -9.190e-5
0.350, -8.981e-5
0.349, -8.752e-5
0.348, -8.539e-5
0.347, -8.334e-5
0.346, -8.115e-5
0.345, -7.921e-5
0.344, -7.735e-5
0.343, -7.549e-5
0.342, -7.351e-5
0.341, -7.170e-5
0.340, -6.998e-5
0.339, -6.855e-5
0.338, -6.708e-5
0.337, -6.555e-5
0.336, -6.375e-5
0.335, -6.205e-5
0.334, -6.038e-5
0.333, -5.885e-5
0.332, -5.744e-5
0.331, -5.606e-5
0.330, -5.483e-5
0.329, -5.344e-5
0.328, -5.220e-5
0.327, -5.091e-5
0.326, -4.971e-5
0.325, -4.846e-5
0.324, -4.733e-5
0.323, -4.625e-5
0.322, -4.526e-5
0.321, -4.432e-5
0.320, -4.329e-5
0.319, -4.257e-5
0.318, -4.170e-5
0.317, -4.071e-5
0.316, -3.978e-5
0.315, -3.886e-5
0.314, -3.806e-5
0.313, -3.720e-5
0.312, -3.640e-5
0.311, -3.572e-5
0.310, -3.483e-5
0.309, -3.421e-5
0.308, -3.359e-5
0.307, -3.317e-5
0.306, -3.242e-5
0.305, -3.177e-5
0.304, -3.120e-5
0.303, -3.073e-5
0.302, -3.013e-5
0.301, -2.962e-5
0.300, -2.912e-5
0.299, -2.856e-5
0.298, -2.807e-5
0.297, -2.765e-5
0.296, -2.720e-5
0.295, -2.675e-5
0.294, -2.629e-5
0.293, -2.593e-5
0.292, -2.552e-5
0.291, -2.513e-5
0.290, -2.473e-5
0.289, -2.440e-5
0.288, -2.405e-5
0.287, -2.368e-5
0.286, -2.330e-5
0.285, -2.303e-5
0.284, -2.263e-5
0.283, -2.239e-5
0.282, -2.211e-5
0.281, -2.175e-5
0.280, -2.148e-5
0.279, -2.128e-5
0.278, -2.093e-5
0.277, -2.071e-5
0.276, -2.049e-5
0.275, -2.017e-5
0.274, -1.999e-5
0.273, -1.981e-5
0.272, -1.954e-5
0.271, -1.938e-5
0.270, -1.918e-5
0.269, -1.900e-5
0.268, -1.878e-5
0.267, -1.864e-5
0.266, -1.841e-5
0.265, -1.823e-5
0.264, -1.811e-5
0.263, -1.792e-5
0.262, -1.771e-5
0.261, -1.757e-5
0.260, -1.742e-5
0.259, -1.720e-5
0.258, -1.707e-5
0.257, -1.688e-5
0.256, -1.671e-5
0.255, -1.654e-5
0.254, -1.642e-5
0.253, -1.631e-5
0.252, -1.617e-5
0.251, -1.596e-5
0.250, -1.573e-5
0.249, -1.565e-5
0.248, -1.554e-5
0.247, -1.545e-5
0.246, -1.528e-5
0.245, -1.509e-5
0.244, -1.501e-5
0.243, -1.482e-5
0.242, -1.475e-5
0.241, -1.461e-5
0.240, -1.453e-5
0.239, -1.435e-5
0.238, -1.431e-5
0.237, -1.413e-5
0.236, -1.405e-5
0.235, -1.392e-5
0.234, -1.389e-5
0.233, -1.369e-5
0.232, -1.360e-5
0.231, -1.351e-5
0.230, -1.337e-5
0.229, -1.328e-5
0.228, -1.325e-5
0.227, -1.308e-5
0.226, -1.303e-5
0.225, -1.297e-5
0.224, -1.284e-5
0.223, -1.274e-5
0.222, -1.264e-5
0.221, -1.265e-5
0.220, -1.254e-5
0.219, -1.244e-5
0.218, -1.236e-5
0.217, -1.225e-5
0.216, -1.215e-5
0.215, -1.211e-5
0.214, -1.204e-5
0.213, -1.193e-5
0.212, -1.196e-5
0.211, -1.188e-5
0.210, -1.175e-5
0.209, -1.171e-5
0.208, -1.158e-5
0.207, -1.156e-5
0.206, -1.159e-5
0.205, -1.140e-5
0.204, -1.124e-5
0.203, -1.124e-5
0.202, -1.118e-5
0.201, -1.110e-5
0.200, -9.588e-6
0.201, -6.786e-6
0.202, -5.770e-6
0.203, -4.999e-6
0.204, -4.443e-6
0.205, -3.993e-6
0.206, -3.447e-6
0.207, -3.007e-6
0.208, -2.675e-6
0.209, -2.314e-6
0.210, -2.031e-6
0.211, -1.748e-6
0.212, -1.445e-6
0.213, -1.181e-6
0.214, -8.983e-7
0.215, -6.932e-7
0.216, -4.882e-7
0.217, -2.539e-7
0.218, -9.764e-9
0.219, 1.757e-7
0.220, 3.222e-7
0.221, 4.687e-7
0.222, 7.030e-7
0.223, 8.397e-7
0.224, 9.764e-7
0.225, 1.162e-6
0.226, 1.299e-6
0.227, 1.435e-6
0.228, 1.601e-6
0.229, 1.718e-6
0.230, 1.855e-6
0.231, 2.021e-6
0.232, 2.099e-6
0.233, 2.197e-6
0.234, 2.275e-6
0.235, 2.412e-6
0.236, 2.587e-6
0.237, 2.695e-6
0.238, 2.753e-6
0.239, 2.929e-6
0.240, 3.066e-6
0.241, 3.173e-6
0.242, 3.193e-6
0.243, 3.242e-6
0.244, 3.427e-6
0.245, 3.495e-6
0.246, 3.583e-6
0.247, 3.691e-6
0.248, 3.769e-6
0.249, 3.886e-6
0.250, 3.984e-6
0.251, 4.042e-6
0.252, 4.218e-6
0.253, 4.189e-6
0.254, 4.364e-6
0.255, 4.443e-6
0.256, 4.560e-6
0.257, 4.599e-6
0.258, 4.716e-6
0.259, 4.794e-6
0.260, 4.892e-6
0.261, 4.960e-6
0.262, 5.028e-6
0.263, 5.165e-6
0.264, 5.243e-6
0.265, 5.341e-6
0.266, 5.351e-6
0.267, 5.438e-6
0.268, 5.556e-6
0.269, 5.624e-6
0.270, 5.663e-6
0.271, 5.780e-6
0.272, 5.858e-6
0.273, 5.985e-6
0.274, 6.093e-6
0.275, 6.190e-6
0.276, 6.220e-6
0.277, 6.386e-6
0.278, 6.376e-6
0.279, 6.464e-6
0.280, 6.630e-6
0.281, 6.639e-6
0.282, 6.717e-6
0.283, 6.864e-6
0.284, 6.952e-6
0.285, 7.001e-6
0.286, 7.098e-6
0.287, 7.303e-6
0.288, 7.294e-6
0.289, 7.411e-6
0.290, 7.547e-6
0.291, 7.528e-6
0.292, 7.655e-6
0.293, 7.694e-6
0.294, 7.782e-6
0.295, 7.831e-6
0.296, 7.997e-6
0.297, 8.084e-6
0.298, 8.163e-6
0.299, 8.280e-6
0.300, 8.368e-6
0.301, 8.436e-6
0.302, 8.612e-6
0.303, 8.612e-6
0.304, 8.660e-6
0.305, 8.846e-6
0.306, 8.885e-6
0.307, 9.139e-6
0.308, 9.110e-6
0.309, 9.197e-6
0.310, 9.305e-6
0.311, 9.383e-6
0.312, 9.471e-6
0.313, 9.569e-6
0.314, 9.666e-6
0.315, 9.813e-6
0.316, 9.959e-6
0.317, 9.969e-6
0.318, 1.012e-5
0.319, 1.018e-5
0.320, 1.029e-5
0.321, 1.040e-5
0.322, 1.052e-5
0.323, 1.059e-5
0.324, 1.069e-5
0.325, 1.079e-5
0.326, 1.092e-5
0.327, 1.103e-5
0.328, 1.114e-5
0.329, 1.123e-5
0.330, 1.129e-5
0.331, 1.139e-5
0.332, 1.154e-5
0.333, 1.164e-5
0.334, 1.174e-5
0.335, 1.179e-5
0.336, 1.196e-5
0.337, 1.205e-5
0.338, 1.214e-5
0.339, 1.229e-5
0.340, 1.241e-5
0.341, 1.252e-5
0.342, 1.260e-5
0.343, 1.267e-5
0.344, 1.280e-5
0.345, 1.296e-5
0.346, 1.296e-5
0.347, 1.312e-5
0.348, 1.319e-5
0.349, 1.334e-5
0.350, 1.354e-5
0.351, 1.364e-5
0.352, 1.369e-5
0.353, 1.379e-5
0.354, 1.389e-5
0.355, 1.400e-5
0.356, 1.416e-5
0.357, 1.416e-5
0.358, 1.431e-5
0.359, 1.450e-5
0.360, 1.465e-5
0.361, 1.478e-5
0.362, 1.481e-5
0.363, 1.503e-5
0.364, 1.509e-5
0.365, 1.518e-5
0.366, 1.527e-5
0.367, 1.546e-5
0.368, 1.560e-5
0.369, 1.580e-5
0.370, 1.586e-5
0.371, 1.597e-5
0.372, 1.609e-5
0.373, 1.632e-5
0.374, 1.642e-5
0.375, 1.658e-5
0.376, 1.672e-5
0.377, 1.688e-5
0.378, 1.700e-5
0.379, 1.717e-5
0.380, 1.730e-5
0.381, 1.742e-5
0.382, 1.757e-5
0.383, 1.779e-5
0.384, 1.794e-5
0.385, 1.810e-5
0.386, 1.821e-5
0.387, 1.840e-5
0.388, 1.857e-5
0.389, 1.877e-5
0.390, 1.896e-5
0.391, 1.908e-5
0.392, 1.932e-5
0.393, 1.952e-5
0.394, 1.967e-5
0.395, 1.990e-5
0.396, 2.005e-5
0.397, 2.026e-5
0.398, 2.050e-5
0.399, 2.074e-5
0.400, 2.089e-5
0.401, 2.124e-5
0.402, 2.147e-5
0.403, 2.167e-5
0.404, 2.192e-5
0.405, 2.211e-5
0.406, 2.242e-5
0.407, 2.268e-5
0.408, 2.294e-5
0.409, 2.306e-5
0.410, 2.258e-5
0.411, 2.353e-5
0.412, 2.391e-5
0.413, 2.424e-5
0.414, 2.457e-5
0.415, 2.491e-5
0.416, 2.522e-5
0.417, 2.551e-5
0.418, 2.581e-5
0.419, 2.620e-5
0.420, 2.661e-5
0.421, 2.699e-5
0.422, 2.733e-5
0.423, 2.767e-5
0.424, 2.815e-5
0.425, 2.865e-5
0.426, 2.897e-5
0.427, 2.938e-5
0.428, 2.995e-5
0.429, 3.036e-5
0.430, 3.092e-5
0.431, 3.141e-5
0.432, 3.202e-5
0.433, 3.272e-5
0.434, 3.333e-5
0.435, 3.423e-5
0.436, 3.502e-5
0.437, 3.580e-5
0.438, 3.667e-5
0.439, 3.758e-5
0.440, 3.854e-5
0.441, 3.953e-5
0.442, 4.057e-5
0.443, 4.166e-5
0.444, 4.289e-5
0.445, 4.423e-5
0.446, 4.577e-5
0.447, 4.752e-5
0.448, 4.906e-5
0.449, 5.082e-5
0.450, 5.264e-5
0.451, 5.467e-5
0.452, 5.683e-5
0.453, 5.925e-5
0.454, 6.181e-5
0.455, 6.449e-5
0.456, 6.722e-5
0.457, 7.027e-5
0.458, 7.347e-5
0.459, 7.690e-5
0.460, 8.025e-5
0.461, 8.434e-5
0.462, 8.846e-5
0.463, 9.260e-5
0.464, 9.719e-5
0.465, 1.019e-4
0.466, 1.068e-4
0.467, 1.124e-4
0.468, 1.176e-4
0.469, 1.231e-4
0.470, 1.284e-4
0.471, 1.347e-4
0.472, 1.405e-4
0.473, 1.465e-4
0.474, 1.521e-4
0.475, 1.583e-4
0.476, 1.641e-4
0.477, 1.695e-4
0.478, 1.748e-4
0.479, 1.800e-4
0.480, 1.852e-4
0.481, 1.901e-4
0.482, 1.943e-4
0.483, 1.984e-4
0.484, 2.022e-4
0.485, 2.058e-4
0.486, 2.091e-4
0.487, 2.121e-4
0.488, 2.147e-4
0.489, 2.171e-4
0.490, 2.190e-4
0.491, 2.206e-4
0.492, 2.220e-4
0.493, 2.231e-4
0.494, 2.240e-4
0.495, 2.246e-4
0.496, 2.249e-4
0.497, 2.253e-4
0.498, 2.254e-4
0.499, 2.252e-4
0.500, 2.249e-4
0.501, 2.246e-4
0.502, 2.243e-4
0.503, 2.237e-4
0.504, 2.232e-4
0.505, 2.227e-4
0.506, 2.221e-4
0.507, 2.214e-4
0.508, 2.207e-4
0.509, 2.199e-4
0.510, 2.193e-4
0.511, 2.185e-4
0.512, 2.185e-4
0.513, 2.181e-4
0.514, 2.169e-4
0.515, 2.161e-4
0.516, 2.154e-4
0.517, 2.144e-4
0.518, 2.136e-4
0.519, 2.127e-4
0.520, 2.118e-4
0.521, 2.111e-4
0.522, 2.100e-4
0.523, 2.092e-4
0.524, 2.082e-4
0.525, 2.068e-4
0.526, 2.060e-4
0.527, 2.048e-4
0.528, 2.035e-4
0.529, 2.025e-4
0.530, 2.011e-4
0.531, 2.000e-4
0.532, 1.986e-4
0.533, 1.972e-4
0.534, 1.958e-4
0.535, 1.945e-4
0.536, 1.928e-4
0.537, 1.914e-4
0.538, 1.901e-4
0.539, 1.884e-4
0.540, 1.866e-4
0.541, 1.848e-4
0.542, 1.832e-4
0.543, 1.813e-4
0.544, 1.793e-4
0.545, 1.775e-4
0.546, 1.757e-4
0.547, 1.741e-4
0.548, 1.722e-4
0.549, 1.705e-4
0.550, 1.685e-4
0.551, 1.664e-4
0.552, 1.649e-4
0.553, 1.633e-4
0.554, 1.615e-4
0.555, 1.598e-4
0.556, 1.581e-4
0.557, 1.559e-4
0.558, 1.542e-4
0.559, 1.524e-4
0.560, 1.506e-4
0.561, 1.491e-4
0.562, 1.473e-4
0.563, 1.458e-4
0.564, 1.443e-4
0.565, 1.427e-4
0.566, 1.412e-4
0.567, 1.397e-4
0.568, 1.384e-4
0.569, 1.372e-4
0.570, 1.357e-4
0.571, 1.342e-4
0.572, 1.328e-4
0.573, 1.314e-4
0.574, 1.302e-4
0.575, 1.290e-4
0.576, 1.278e-4
0.577, 1.267e-4
0.578, 1.260e-4
0.579, 1.252e-4
0.580, 1.243e-4
0.581, 1.233e-4
0.582, 1.226e-4
0.583, 1.217e-4
0.584, 1.210e-4
0.585, 1.204e-4
0.586, 1.194e-4
0.587, 1.189e-4
0.588, 1.184e-4
0.589, 1.181e-4
0.590, 1.175e-4
0.591, 1.171e-4
0.592, 1.166e-4
0.593, 1.163e-4
0.594, 1.162e-4
0.595, 1.160e-4
0.596, 1.159e-4
0.597, 1.158e-4
0.598, 1.157e-4
0.599, 1.157e-4
0.600, 1.158e-4
0.601, 1.160e-4
0.602, 1.160e-4
0.603, 1.164e-4
0.604, 1.166e-4
0.605, 1.170e-4
0.606, 1.176e-4
0.607, 1.180e-4
0.608, 1.186e-4
0.609, 1.193e-4
0.610, 1.201e-4
0.611, 1.210e-4
0.612, 1.220e-4
0.613, 1.228e-4
0.614, 1.238e-4
0.615, 1.245e-4
0.616, 1.259e-4
0.617, 1.272e-4
0.618, 1.282e-4
0.619, 1.297e-4
0.620, 1.316e-4
0.621, 1.333e-4
0.622, 1.353e-4
0.623, 1.372e-4
0.624, 1.390e-4
0.625, 1.413e-4
0.626, 1.433e-4
0.627, 1.455e-4
0.628, 1.479e-4
0.629, 1.503e-4
0.630, 1.529e-4
0.631, 1.559e-4
0.632, 1.591e-4
0.633, 1.622e-4
0.634, 1.652e-4
0.635, 1.683e-4
0.636, 1.716e-4
0.637, 1.750e-4
0.638, 1.788e-4
0.639, 1.828e-4
0.640, 1.870e-4
0.641, 1.912e-4
0.642, 1.953e-4
0.643, 1.997e-4
0.644, 2.043e-4
0.645, 2.091e-4
0.646, 2.142e-4
0.647, 2.192e-4
0.648, 2.242e-4
0.649, 2.298e-4
0.650, 2.355e-4
0.651, 2.414e-4
0.652, 2.470e-4
0.653, 2.529e-4
0.654, 2.598e-4
0.655, 2.664e-4
0.656, 2.728e-4
0.657, 2.799e-4
0.658, 2.874e-4
0.659, 2.948e-4
0.660, 3.023e-4
0.661, 3.101e-4
0.662, 3.180e-4
0.663, 3.258e-4
0.664, 3.344e-4
0.665, 3.434e-4
0.666, 3.521e-4
0.667, 3.613e-4
0.668, 3.706e-4
0.669, 3.799e-4
0.670, 3.898e-4
0.671, 3.998e-4
0.672, 4.101e-4
0.673, 4.204e-4
0.674, 4.311e-4
0.675, 4.421e-4
0.676, 4.533e-4
0.677, 4.643e-4
0.678, 4.760e-4
0.679, 4.875e-4
0.680, 4.997e-4
0.681, 5.121e-4
0.682, 5.245e-4
0.683, 5.372e-4
0.684, 5.503e-4
0.685, 5.634e-4
0.686, 5.770e-4
0.687, 5.905e-4
0.688, 6.044e-4
0.689, 6.182e-4
0.690, 6.328e-4
0.691, 6.477e-4
0.692, 6.625e-4
0.693, 6.776e-4
0.694, 6.929e-4
0.695, 7.085e-4
0.696, 7.244e-4
0.697, 7.406e-4
0.698, 7.568e-4
0.699, 7.734e-4
0.700, 7.905e-4
0.701, 8.074e-4
0.702, 8.250e-4
0.703, 8.426e-4
0.704, 8.601e-4
0.705, 8.780e-4
0.706, 8.964e-4
0.707, 9.147e-4
0.708, 9.333e-4
0.709, 9.523e-4
0.710, 9.715e-4
0.711, 9.906e-4
0.712, 1.010e-3
0.713, 1.030e-3
0.714, 1.050e-3
0.715, 1.070e-3
0.716, 1.091e-3
0.717, 1.113e-3
0.718, 1.134e-3
0.719, 1.155e-3
0.720, 1.176e-3
0.721, 1.197e-3
0.722, 1.219e-3
0.723, 1.241e-3
0.724, 1.264e-3
0.725, 1.286e-3
0.726, 1.309e-3
0.727, 1.332e-3
0.728, 1.355e-3
0.729, 1.378e-3
0.730, 1.401e-3
0.731, 1.425e-3
0.732, 1.449e-3
0.733, 1.473e-3
0.734, 1.497e-3
0.735, 1.522e-3
0.736, 1.547e-3
0.737, 1.572e-3
0.738, 1.597e-3
0.739, 1.622e-3
0.740, 1.648e-3
0.741, 1.674e-3
0.742, 1.700e-3
0.743, 1.726e-3
0.744, 1.752e-3
0.745, 1.779e-3
0.746, 1.805e-3
0.747, 1.832e-3
0.748, 1.859e-3
0.749, 1.887e-3
0.750, 1.914e-3
0.751, 1.942e-3
0.752, 1.970e-3
0.753, 1.998e-3
0.754, 2.026e-3
0.755, 2.055e-3
0.756, 2.083e-3
0.757, 2.112e-3
0.758, 2.141e-3
0.759, 2.169e-3
0.760, 2.199e-3
0.761, 2.228e-3
0.762, 2.258e-3
0.763, 2.288e-3
0.764, 2.318e-3
0.765, 2.348e-3
0.766, 2.378e-3
0.767, 2.409e-3
0.768, 2.439e-3
0.769, 2.470e-3
0.770, 2.502e-3
0.771, 2.532e-3
0.772, 2.564e-3
0.773, 2.595e-3
0.774, 2.627e-3
0.775, 2.658e-3
0.776, 2.690e-3
0.777, 2.723e-3
0.778, 2.754e-3
0.779, 2.787e-3
0.780, 2.819e-3
0.781, 2.852e-3
0.782, 2.885e-3
0.783, 2.918e-3
0.784, 2.950e-3
0.785, 2.984e-3
0.786, 3.017e-3
0.787, 3.051e-3
0.788, 3.085e-3
0.789, 3.119e-3
0.790, 3.153e-3
0.791, 3.187e-3
0.792, 3.222e-3
0.793, 3.256e-3
0.794, 3.291e-3
0.795, 3.326e-3
0.796, 3.361e-3
0.797, 3.395e-3
0.798, 3.431e-3
0.799, 3.466e-3
0.800, 3.488e-3
0.799, 3.459e-3
0.798, 3.421e-3
0.797, 3.384e-3
0.796, 3.347e-3
0.795, 3.310e-3
0.794, 3.274e-3
0.793, 3.237e-3
0.792, 3.201e-3
0.791, 3.165e-3
0.790, 3.129e-3
0.789, 3.093e-3
0.788, 3.058e-3
0.787, 3.022e-3
0.786, 2.987e-3
0.785, 2.952e-3
0.784, 2.918e-3
0.783, 2.884e-3
0.782, 2.849e-3
0.781, 2.815e-3
0.780, 2.782e-3
0.779, 2.748e-3
0.778, 2.715e-3
0.777, 2.681e-3
0.776, 2.648e-3
0.775, 2.615e-3
0.774, 2.583e-3
0.773, 2.550e-3
0.772, 2.518e-3
0.771, 2.486e-3
0.770, 2.454e-3
0.769, 2.422e-3
0.768, 2.391e-3
0.767, 2.359e-3
0.766, 2.328e-3
0.765, 2.297e-3
0.764, 2.266e-3
0.763, 2.236e-3
0.762, 2.206e-3
0.761, 2.176e-3
0.760, 2.146e-3
0.759, 2.116e-3
0.758, 2.087e-3
0.757, 2.058e-3
0.756, 2.029e-3
0.755, 2.000e-3
0.754, 1.972e-3
0.753, 1.943e-3
0.752, 1.915e-3
0.751, 1.887e-3
0.750, 1.859e-3
0.749, 1.832e-3
0.748, 1.804e-3
0.747, 1.778e-3
0.746, 1.751e-3
0.745, 1.724e-3
0.744, 1.698e-3
0.743, 1.672e-3
0.742, 1.646e-3
0.741, 1.620e-3
0.740, 1.595e-3
0.739, 1.569e-3
0.738, 1.544e-3
0.737, 1.519e-3
0.736, 1.494e-3
0.735, 1.470e-3
0.734, 1.445e-3
0.733, 1.422e-3
0.732, 1.398e-3
0.731, 1.374e-3
0.730, 1.351e-3
0.729, 1.328e-3
0.728, 1.305e-3
0.727, 1.283e-3
0.726, 1.260e-3
0.725, 1.238e-3
0.724, 1.216e-3
0.723, 1.194e-3
0.722, 1.173e-3
0.721, 1.152e-3
0.720, 1.131e-3
0.719, 1.109e-3
0.718, 1.089e-3
0.717, 1.068e-3
0.716, 1.047e-3
0.715, 1.027e-3
0.714, 1.007e-3
0.713, 9.877e-4
0.712, 9.684e-4
0.711, 9.492e-4
0.710, 9.301e-4
0.709, 9.114e-4
0.708, 8.930e-4
0.707, 8.745e-4
0.706, 8.565e-4
0.705, 8.387e-4
0.704, 8.211e-4
0.703, 8.035e-4
0.702, 7.863e-4
0.701, 7.693e-4
0.700, 7.526e-4
0.699, 7.358e-4
0.698, 7.193e-4
0.697, 7.032e-4
0.696, 6.871e-4
0.695, 6.714e-4
0.694, 6.561e-4
0.693, 6.408e-4
0.692, 6.256e-4
0.691, 6.104e-4
0.690, 5.961e-4
0.689, 5.817e-4
0.688, 5.675e-4
0.687, 5.535e-4
0.686, 5.397e-4
0.685, 5.259e-4
0.684, 5.126e-4
0.683, 4.995e-4
0.682, 4.863e-4
0.681, 4.734e-4
0.680, 4.610e-4
0.679, 4.487e-4
0.678, 4.367e-4
0.677, 4.245e-4
0.676, 4.127e-4
0.675, 4.012e-4
0.674, 3.895e-4
0.673, 3.781e-4
0.672, 3.673e-4
0.671, 3.564e-4
0.670, 3.458e-4
0.669, 3.354e-4
0.668, 3.249e-4
0.667, 3.152e-4
0.666, 3.052e-4
0.665, 2.955e-4
0.664, 2.861e-4
0.663, 2.764e-4
0.662, 2.677e-4
0.661, 2.589e-4
0.660, 2.496e-4
0.659, 2.417e-4
0.658, 2.333e-4
0.657, 2.247e-4
0.656, 2.171e-4
0.655, 2.093e-4
0.654, 2.016e-4
0.653, 1.942e-4
0.652, 1.871e-4
0.651, 1.795e-4
0.650, 1.728e-4
0.649, 1.660e-4
0.648, 1.594e-4
0.647, 1.525e-4
0.646, 1.464e-4
0.645, 1.402e-4
0.644, 1.341e-4
0.643, 1.281e-4
0.642, 1.226e-4
0.641, 1.170e-4
0.640, 1.117e-4
0.639, 1.060e-4
0.638, 1.011e-4
0.637, 9.599e-5
0.636, 9.111e-5
0.635, 8.664e-5
0.634, 8.164e-5
0.633, 7.724e-5
0.632, 7.308e-5
0.631, 6.870e-5
0.630, 6.483e-5
0.629, 6.086e-5
0.628, 5.674e-5
0.627, 5.334e-5
0.626, 4.955e-5
0.625, 4.581e-5
0.624, 4.244e-5
0.623, 3.918e-5
0.622, 3.617e-5
0.621, 3.289e-5
0.620, 3.001e-5
0.619, 2.745e-5
0.618, 2.471e-5
0.617, 2.202e-5
0.616, 1.917e-5
0.615, 1.694e-5
0.614, 1.503e-5
0.613, 1.208e-5
0.612, 9.666e-6
0.611, 7.411e-6
0.610, 5.224e-6
0.609, 3.271e-6
0.608, 1.308e-6
0.607, -7.713e-7
0.606, -2.500e-6
0.605, -4.247e-6
0.604, -5.907e-6
0.603, -7.645e-6
0.602, -9.197e-6
0.601, -1.057e-5
0.600, -1.215e-5
0.599, -1.385e-5
0.598, -1.509e-5
0.597, -1.652e-5
0.596, -1.794e-5
0.595, -1.897e-5
0.594, -1.995e-5
0.593, -2.094e-5
0.592, -2.207e-5
0.591, -2.318e-5
0.590, -2.406e-5
0.589, -2.521e-5
0.588, -2.612e-5
0.587, -2.677e-5
0.586, -2.767e-5
0.585, -2.847e-5
0.584, -2.934e-5
0.583, -3.014e-5
0.582, -3.088e-5
0.581, -3.146e-5
0.580, -3.238e-5
0.579, -3.279e-5
0.578, -3.360e-5
0.577, -3.411e-5
0.576, -3.464e-5
0.575, -3.541e-5
0.574, -3.606e-5
0.573, -3.662e-5
0.572, -3.717e-5
0.571, -3.781e-5
0.570, -3.831e-5
0.569, -3.893e-5
0.568, -3.947e-5
0.567, -4.010e-5
0.566, -4.035e-5
0.565, -4.089e-5
0.564, -4.142e-5
0.563, -4.205e-5
0.562, -4.226e-5
0.561, -4.274e-5
0.560, -4.302e-5
0.559, -4.362e-5
0.558, -4.397e-5
0.557, -4.425e-5
0.556, -4.464e-5
0.555, -4.496e-5
0.554, -4.555e-5
0.553, -4.582e-5
0.552, -4.618e-5
0.551, -4.659e-5
0.550, -4.665e-5
0.549, -4.721e-5
0.548, -4.770e-5
0.547, -4.785e-5
0.546, -4.849e-5
0.545, -4.886e-5
0.544, -4.928e-5
0.543, -4.962e-5
0.542, -5.004e-5
0.541, -5.034e-5
0.540, -5.082e-5
0.539, -5.121e-5
0.538, -5.180e-5
0.537, -5.225e-5
0.536, -5.250e-5
0.535, -5.272e-5
0.534, -5.319e-5
0.533, -5.358e-5
0.532, -5.396e-5
0.531, -5.448e-5
0.530, -5.480e-5
0.529, -5.522e-5
0.528, -5.567e-5
0.527, -5.617e-5
0.526, -5.640e-5
0.525, -5.662e-5
0.524, -5.712e-5
0.523, -5.762e-5
0.522, -5.823e-5
0.521, -5.864e-5
0.520, -5.890e-5
0.519, -5.947e-5
0.518, -6.005e-5
0.517, -6.065e-5
0.516, -6.110e-5
0.515, -6.148e-5
0.514, -6.204e-5
0.513, -6.273e-5
0.512, -6.438e-5
0.511, -6.447e-5
0.510, -6.451e-5
0.509, -6.513e-5
0.508, -6.567e-5
0.507, -6.603e-5
0.506, -6.652e-5
0.505, -6.717e-5
0.504, -6.757e-5
0.503, -6.825e-5
0.502, -6.855e-5
0.501, -6.906e-5
0.500, -6.976e-5
0.499, -7.003e-5
0.498, -7.076e-5
0.497, -7.130e-5
0.496, -7.187e-5
0.495, -7.252e-5
0.494, -7.351e-5
0.493, -7.415e-5
0.492, -7.475e-5
0.491, -7.549e-5
0.490, -7.634e-5
0.489, -7.697e-5
0.488, -7.774e-5
0.487, -7.859e-5
0.486, -7.946e-5
0.485, -8.014e-5
0.484, -8.102e-5
0.483, -8.146e-5
0.482, -8.257e-5
0.481, -8.327e-5
0.480, -8.425e-5
0.479, -8.524e-5
0.478, -8.614e-5
0.477, -8.699e-5
0.476, -8.806e-5
0.475, -8.908e-5
0.474, -9.003e-5
0.473, -9.091e-5
0.472, -9.198e-5
0.471, -9.294e-5
0.470, -9.389e-5
0.469, -9.492e-5
0.468, -9.611e-5
0.467, -9.716e-5
0.466, -9.840e-5
0.465, -9.964e-5
0.464, -1.007e-4
0.463, -1.021e-4
0.462, -1.031e-4
0.461, -1.044e-4
0.460, -1.056e-4
0.459, -1.067e-4
0.458, -1.079e-4
0.457, -1.092e-4
0.456, -1.109e-4
0.455, -1.123e-4
0.454, -1.138e-4
0.453, -1.153e-4
0.452, -1.165e-4
0.451, -1.178e-4
0.450, -1.189e-4
0.449, -1.203e-4
0.448, -1.213e-4
0.447, -1.228e-4
0.446, -1.243e-4
0.445, -1.259e-4
0.444, -1.275e-4
0.443, -1.286e-4
0.442, -1.302e-4
0.441, -1.317e-4
0.440, -1.331e-4
0.439, -1.347e-4
0.438, -1.362e-4
0.437, -1.377e-4
0.436, -1.390e-4
0.435, -1.408e-4
0.434, -1.420e-4
0.433, -1.433e-4
0.432, -1.445e-4
0.431, -1.460e-4
0.430, -1.471e-4
0.429, -1.485e-4
0.428, -1.498e-4
0.427, -1.511e-4
0.426, -1.524e-4
0.425, -1.535e-4
0.424, -1.545e-4
0.423, -1.558e-4
0.422, -1.566e-4
0.421, -1.579e-4
0.420, -1.590e-4
0.419, -1.600e-4
0.418, -1.610e-4
0.417, -1.622e-4
0.416, -1.632e-4
0.415, -1.641e-4
0.414, -1.649e-4
0.413, -1.659e-4
0.412, -1.666e-4
0.411, -1.673e-4
0.410, -1.664e-4
0.409, -1.646e-4
0.408, -1.668e-4
0.407, -1.676e-4
0.406, -1.684e-4
0.405, -1.692e-4
0.404, -1.698e-4
0.403, -1.705e-4
0.402, -1.710e-4
0.401, -1.715e-4
0.400, -1.717e-4
0.399, -1.722e-4
0.398, -1.725e-4
0.397, -1.724e-4
0.396, -1.725e-4
0.395, -1.727e-4
0.394, -1.727e-4
0.393, -1.727e-4
0.392, -1.726e-4
0.391, -1.724e-4
0.390, -1.723e-4
0.389, -1.720e-4
0.388, -1.717e-4
0.387, -1.711e-4
0.386, -1.705e-4
0.385, -1.699e-4
0.384, -1.692e-4
0.383, -1.685e-4
0.382, -1.674e-4
0.381, -1.665e-4
0.380, -1.655e-4
0.379, -1.642e-4
0.378, -1.630e-4
0.377, -1.615e-4
0.376, -1.599e-4
0.375, -1.584e-4
0.374, -1.565e-4
0.373, -1.549e-4
0.372, -1.531e-4
0.371, -1.510e-4
0.370, -1.491e-4
0.369, -1.470e-4
0.368, -1.449e-4
0.367, -1.429e-4
0.366, -1.408e-4
0.365, -1.386e-4
0.364, -1.361e-4
0.363, -1.336e-4
0.362, -1.314e-4
0.361, -1.290e-4
0.360, -1.265e-4
0.359, -1.240e-4
0.358, -1.216e-4
0.357, -1.192e-4
0.356, -1.170e-4
0.355, -1.146e-4
0.354, -1.119e-4
0.353, -1.092e-4
0.352, -1.067e-4
0.351, -1.044e-4
0.350, -1.020e-4
0.349, -9.957e-5
0.348, -9.727e-5
0.347, -9.488e-5
0.346, -9.261e-5
0.345, -9.045e-5
0.344, -8.823e-5
0.343, -8.594e-5
0.342, -8.357e-5
0.341, -8.158e-5
0.340, -7.959e-5
0.339, -7.761e-5
0.338, -7.567e-5
0.337, -7.361e-5
0.336, -7.175e-5
0.335, -7.006e-5
0.334, -6.848e-5
0.333, -6.705e-5
0.332, -6.544e-5
0.331, -6.372e-5
0.330, -6.215e-5
0.329, -6.026e-5
0.328, -5.872e-5
0.327, -5.738e-5
0.326, -5.601e-5
0.325, -5.463e-5
0.324, -5.334e-5
0.323, -5.205e-5
0.322, -5.082e-5
0.321, -4.956e-5
0.320, -4.827e-5
0.319, -4.718e-5
0.318, -4.617e-5
0.317, -4.523e-5
0.316, -4.429e-5
0.315, -4.332e-5
0.314, -4.249e-5
0.313, -4.159e-5
0.312, -4.065e-5
0.311, -3.986e-5
0.310, -3.905e-5
0.309, -3.821e-5
0.308, -3.727e-5
0.307, -3.674e-5
0.306, -3.583e-5
0.305, -3.520e-5
0.304, -3.443e-5
0.303, -3.382e-5
0.302, -3.313e-5
0.301, -3.247e-5
0.300, -3.188e-5
0.299, -3.133e-5
0.298, -3.075e-5
0.297, -3.025e-5
0.296, -2.978e-5
0.295, -2.932e-5
0.294, -2.870e-5
0.293, -2.827e-5
0.292, -2.780e-5
0.291, -2.731e-5
0.290, -2.692e-5
0.289, -2.649e-5
0.288, -2.611e-5
0.287, -2.578e-5
0.286, -2.530e-5
0.285, -2.497e-5
0.284, -2.463e-5
0.283, -2.426e-5
0.282, -2.391e-5
0.281, -2.358e-5
0.280, -2.321e-5
0.279, -2.294e-5
0.278, -2.264e-5
0.277, -2.226e-5
0.276, -2.206e-5
0.275, -2.173e-5
0.274, -2.148e-5
0.273, -2.123e-5
0.272, -2.093e-5
0.271, -2.078e-5
0.270, -2.052e-5
0.269, -2.031e-5
0.268, -2.007e-5
0.267, -1.982e-5
0.266, -1.966e-5
0.265, -1.946e-5
0.264, -1.922e-5
0.263, -1.908e-5
0.262, -1.890e-5
0.261, -1.871e-5
0.260, -1.854e-5
0.259, -1.835e-5
0.258, -1.822e-5
0.257, -1.804e-5
0.256, -1.786e-5
0.255, -1.768e-5
0.254, -1.747e-5
0.253, -1.732e-5
0.252, -1.720e-5
0.251, -1.707e-5
0.250, -1.696e-5
0.249, -1.674e-5
0.248, -1.659e-5
0.247, -1.645e-5
0.246, -1.633e-5
0.245, -1.616e-5
0.244, -1.605e-5
0.243, -1.587e-5
0.242, -1.575e-5
0.241, -1.568e-5
0.240, -1.546e-5
0.239, -1.541e-5
0.238, -1.520e-5
0.237, -1.509e-5
0.236, -1.496e-5
0.235, -1.478e-5
0.234, -1.467e-5
0.233, -1.463e-5
0.232, -1.453e-5
0.231, -1.431e-5
0.230, -1.419e-5
0.229, -1.416e-5
0.228, -1.406e-5
0.227, -1.388e-5
0.226, -1.380e-5
0.225, -1.376e-5
0.224, -1.354e-5
0.223, -1.359e-5
0.222, -1.346e-5
0.221, -1.332e-5
0.220, -1.329e-5
0.219, -1.317e-5
0.218, -1.307e-5
0.217, -1.290e-5
0.216, -1.291e-5
0.215, -1.283e-5
0.214, -1.268e-5
0.213, -1.264e-5
0.212, -1.253e-5
0.211, -1.246e-5
0.210, -1.240e-5
0.209, -1.231e-5
0.208, -1.228e-5
0.207, -1.216e-5
0.206, -1.213e-5
0.205, -1.200e-5
0.204, -1.198e-5
0.203, -1.192e-5
0.202, -1.185e-5
0.201, -1.180e-5
0.200, -1.020e-5
0.201, -7.206e-6
0.202, -6.112e-6
0.203, -5.380e-6
0.204, -4.833e-6
0.205, -4.413e-6
0.206, -3.915e-6
0.207, -3.437e-6
0.208, -3.007e-6
0.209, -2.666e-6
0.210, -2.402e-6
0.211, -2.089e-6
0.212, -1.787e-6
0.213, -1.523e-6
0.214, -1.211e-6
0.215, -1.035e-6
0.216, -7.518e-7
0.217, -5.272e-7
0.218, -3.613e-7
0.219, -1.465e-7
0.220, 1.953e-8
0.221, 1.367e-7
0.222, 3.710e-7
0.223, 4.980e-7
0.224, 6.151e-7
0.225, 8.202e-7
0.226, 9.764e-7
0.227, 1.133e-6
0.228, 1.289e-6
0.229, 1.435e-6
0.230, 1.601e-6
0.231, 1.699e-6
0.232, 1.777e-6
0.233, 1.982e-6
0.234, 2.080e-6
0.235, 2.207e-6
0.236, 2.334e-6
0.237, 2.451e-6
0.238, 2.529e-6
0.239, 2.646e-6
0.240, 2.705e-6
0.241, 2.851e-6
0.242, 2.988e-6
0.243, 2.978e-6
0.244, 3.144e-6
0.245, 3.251e-6
0.246, 3.378e-6
0.247, 3.476e-6
0.248, 3.564e-6
0.249, 3.691e-6
0.250, 3.769e-6
0.251, 3.857e-6
0.252, 3.945e-6
0.253, 4.042e-6
0.254, 4.198e-6
0.255, 4.228e-6
0.256, 4.374e-6
0.257, 4.394e-6
0.258, 4.413e-6
0.259, 4.550e-6
0.260, 4.657e-6
0.261, 4.706e-6
0.262, 4.794e-6
0.263, 4.862e-6
0.264, 5.019e-6
0.265, 5.116e-6
0.266, 5.194e-6
0.267, 5.233e-6
0.268, 5.263e-6
0.269, 5.419e-6
0.270, 5.477e-6
0.271, 5.595e-6
0.272, 5.653e-6
0.273, 5.653e-6
0.274, 5.868e-6
0.275, 5.917e-6
0.276, 6.054e-6
0.277, 6.141e-6
0.278, 6.112e-6
0.279, 6.229e-6
0.280, 6.298e-6
0.281, 6.376e-6
0.282, 6.542e-6
0.283, 6.542e-6
0.284, 6.630e-6
0.285, 6.737e-6
0.286, 6.825e-6
0.287, 6.913e-6
0.288, 6.932e-6
0.289, 7.040e-6
0.290, 7.108e-6
0.291, 7.284e-6
0.292, 7.323e-6
0.293, 7.460e-6
0.294, 7.450e-6
0.295, 7.567e-6
0.296, 7.694e-6
0.297, 7.782e-6
0.298, 7.821e-6
0.299, 7.909e-6
0.300, 8.026e-6
0.301, 8.133e-6
0.302, 8.153e-6
0.303, 8.319e-6
0.304, 8.348e-6
0.305, 8.455e-6
0.306, 8.573e-6
0.307, 8.778e-6
0.308, 8.846e-6
0.309, 8.895e-6
0.310, 8.992e-6
0.311, 9.002e-6
0.312, 9.188e-6
0.313, 9.305e-6
0.314, 9.334e-6
0.315, 9.461e-6
0.316, 9.627e-6
0.317, 9.705e-6
0.318, 9.764e-6
0.319, 9.920e-6
0.320, 9.979e-6
0.321, 1.002e-5
0.322, 1.010e-5
0.323, 1.021e-5
0.324, 1.047e-5
0.325, 1.048e-5
0.326, 1.050e-5
0.327, 1.063e-5
0.328, 1.080e-5
0.329, 1.088e-5
0.330, 1.097e-5
0.331, 1.111e-5
0.332, 1.127e-5
0.333, 1.135e-5
0.334, 1.139e-5
0.335, 1.149e-5
0.336, 1.161e-5
0.337, 1.173e-5
0.338, 1.179e-5
0.339, 1.191e-5
0.340, 1.200e-5
0.341, 1.213e-5
0.342, 1.223e-5
0.343, 1.237e-5
0.344, 1.243e-5
0.345, 1.260e-5
0.346, 1.263e-5
0.347, 1.272e-5
0.348, 1.292e-5
0.349, 1.306e-5
0.350, 1.314e-5
0.351, 1.327e-5
0.352, 1.336e-5
0.353, 1.353e-5
0.354, 1.367e-5
0.355, 1.374e-5
0.356, 1.389e-5
0.357, 1.394e-5
0.358, 1.412e-5
0.359, 1.428e-5
0.360, 1.442e-5
0.361, 1.452e-5
0.362, 1.461e-5
0.363, 1.474e-5
0.364, 1.490e-5
0.365, 1.503e-5
0.366, 1.514e-5
0.367, 1.520e-5
0.368, 1.534e-5
0.369, 1.550e-5
0.370, 1.566e-5
0.371, 1.581e-5
0.372, 1.581e-5
0.373, 1.604e-5
0.374, 1.618e-5
0.375, 1.635e-5
0.376, 1.651e-5
0.377, 1.667e-5
0.378, 1.681e-5
0.379, 1.702e-5
0.380, 1.717e-5
0.381, 1.723e-5
0.382, 1.744e-5
0.383, 1.767e-5
0.384, 1.783e-5
0.385, 1.800e-5
0.386, 1.816e-5
0.387, 1.830e-5
0.388, 1.848e-5
0.389, 1.867e-5
0.390, 1.890e-5
0.391, 1.911e-5
0.392, 1.929e-5
0.393, 1.951e-5
0.394, 1.972e-5
0.395, 1.989e-5
0.396, 2.014e-5
0.397, 2.031e-5
0.398, 2.054e-5
0.399, 2.083e-5
0.400, 2.097e-5
0.401, 2.129e-5
0.402, 2.153e-5
0.403, 2.189e-5
0.404, 2.208e-5
0.405, 2.220e-5
0.406, 2.255e-5
0.407, 2.286e-5
0.408, 2.311e-5
0.409, 2.332e-5
0.410, 2.279e-5
0.411, 2.374e-5
0.412, 2.418e-5
0.413, 2.442e-5
0.414, 2.483e-5
0.415, 2.520e-5
0.416, 2.550e-5
0.417, 2.598e-5
0.418, 2.620e-5
0.419, 2.673e-5
0.420, 2.707e-5
0.421, 2.749e-5
0.422, 2.784e-5
0.423, 2.828e-5
0.424, 2.870e-5
0.425, 2.912e-5
0.426, 2.957e-5
0.427, 3.004e-5
0.428, 3.062e-5
0.429, 3.118e-5
0.430, 3.177e-5
0.431, 3.237e-5
0.432, 3.313e-5
0.433, 3.390e-5
0.434, 3.459e-5
0.435, 3.549e-5
0.436, 3.637e-5
0.437, 3.720e-5
0.438, 3.821e-5
0.439, 3.911e-5
0.440, 4.015e-5
0.441, 4.132e-5
0.442, 4.237e-5
0.443, 4.388e-5
0.444, 4.530e-5
0.445, 4.682e-5
0.446, 4.850e-5
0.447, 5.028e-5
0.448, 5.201e-5
0.449, 5.402e-5
0.450, 5.625e-5
0.451, 5.867e-5
0.452, 6.133e-5
0.453, 6.387e-5
0.454, 6.661e-5
0.455, 6.971e-5
0.456, 7.300e-5
0.457, 7.643e-5
0.458, 7.969e-5
0.459, 8.391e-5
0.460, 8.823e-5
0.461, 9.252e-5
0.462, 9.729e-5
0.463, 1.022e-4
0.464, 1.074e-4
0.465, 1.131e-4
0.466, 1.187e-4
0.467, 1.247e-4
0.468, 1.307e-4
0.469, 1.374e-4
0.470, 1.440e-4
0.471, 1.507e-4
0.472, 1.577e-4
0.473, 1.646e-4
0.474, 1.708e-4
0.475, 1.775e-4
0.476, 1.844e-4
0.477, 1.906e-4
0.478, 1.966e-4
0.479, 2.024e-4
0.480, 2.080e-4
0.481, 2.131e-4
0.482, 2.179e-4
0.483, 2.222e-4
0.484, 2.259e-4
0.485, 2.296e-4
0.486, 2.333e-4
0.487, 2.363e-4
0.488, 2.388e-4
0.489, 2.411e-4
0.490, 2.427e-4
0.491, 2.440e-4
0.492, 2.451e-4
0.493, 2.457e-4
0.494, 2.461e-4
0.495, 2.464e-4
0.496, 2.462e-4
0.497, 2.461e-4
0.498, 2.458e-4
0.499, 2.451e-4
0.500, 2.443e-4
0.501, 2.435e-4
0.502, 2.428e-4
0.503, 2.418e-4
0.504, 2.406e-4
0.505, 2.396e-4
0.506, 2.384e-4
0.507, 2.372e-4
0.508, 2.359e-4
0.509, 2.347e-4
0.510, 2.336e-4
0.511, 2.324e-4
0.512, 2.322e-4
0.513, 2.311e-4
0.514, 2.295e-4
0.515, 2.281e-4
0.516, 2.269e-4
0.517, 2.257e-4
0.518, 2.247e-4
0.519, 2.236e-4
0.520, 2.225e-4
0.521, 2.214e-4
0.522, 2.200e-4
0.523, 2.188e-4
0.524, 2.176e-4
0.525, 2.159e-4
0.526, 2.145e-4
0.527, 2.131e-4
0.528, 2.116e-4
0.529, 2.103e-4
0.530, 2.085e-4
0.531, 2.070e-4
0.532, 2.054e-4
0.533, 2.037e-4
0.534, 2.019e-4
0.535, 2.000e-4
0.536, 1.984e-4
0.537, 1.966e-4
0.538, 1.950e-4
0.539, 1.932e-4
0.540, 1.912e-4
0.541, 1.891e-4
0.542, 1.872e-4
0.543, 1.853e-4
0.544, 1.832e-4
0.545, 1.813e-4
0.546, 1.788e-4
0.547, 1.768e-4
0.548, 1.751e-4
0.549, 1.730e-4
0.550, 1.710e-4
0.551, 1.689e-4
0.552, 1.671e-4
0.553, 1.654e-4
0.554, 1.634e-4
0.555, 1.616e-4
0.556, 1.598e-4
0.557, 1.579e-4
0.558, 1.558e-4
0.559, 1.538e-4
0.560, 1.520e-4
0.561, 1.503e-4
0.562, 1.487e-4
0.563, 1.472e-4
0.564, 1.456e-4
0.565, 1.438e-4
0.566, 1.423e-4
0.567, 1.408e-4
0.568, 1.393e-4
0.569, 1.381e-4
0.570, 1.367e-4
0.571, 1.353e-4
0.572, 1.339e-4
0.573, 1.324e-4
0.574, 1.311e-4
0.575, 1.299e-4
0.576, 1.286e-4
0.577, 1.277e-4
0.578, 1.268e-4
0.579, 1.261e-4
0.580, 1.252e-4
0.581, 1.244e-4
0.582, 1.237e-4
0.583, 1.229e-4
0.584, 1.221e-4
0.585, 1.215e-4
0.586, 1.207e-4
0.587, 1.202e-4
0.588, 1.196e-4
0.589, 1.192e-4
0.590, 1.188e-4
0.591, 1.182e-4
0.592, 1.178e-4
0.593, 1.178e-4
0.594, 1.175e-4
0.595, 1.172e-4
0.596, 1.172e-4
0.597, 1.170e-4
0.598, 1.170e-4
0.599, 1.171e-4
0.600, 1.171e-4
0.601, 1.174e-4
0.602, 1.172e-4
0.603, 1.177e-4
0.604, 1.182e-4
0.605, 1.184e-4
0.606, 1.191e-4
0.607, 1.197e-4
0.608, 1.202e-4
0.609, 1.211e-4
0.610, 1.219e-4
0.611, 1.226e-4
0.612, 1.234e-4
0.613, 1.245e-4
0.614, 1.253e-4
0.615, 1.259e-4
0.616, 1.272e-4
0.617, 1.286e-4
0.618, 1.298e-4
0.619, 1.315e-4
0.620, 1.334e-4
0.621, 1.352e-4
0.622, 1.369e-4
0.623, 1.390e-4
0.624, 1.408e-4
0.625, 1.427e-4
0.626, 1.448e-4
0.627, 1.471e-4
0.628, 1.494e-4
0.629, 1.520e-4
0.630, 1.547e-4
0.631, 1.576e-4
0.632, 1.607e-4
0.633, 1.639e-4
0.634, 1.666e-4
0.635, 1.699e-4
0.636, 1.733e-4
0.637, 1.765e-4
0.638, 1.805e-4
0.639, 1.845e-4
0.640, 1.887e-4
0.641, 1.928e-4
0.642, 1.968e-4
0.643, 2.012e-4
0.644, 2.058e-4
0.645, 2.106e-4
0.646, 2.156e-4
0.647, 2.205e-4
0.648, 2.254e-4
0.649, 2.312e-4
0.650, 2.368e-4
0.651, 2.425e-4
0.652, 2.481e-4
0.653, 2.541e-4
0.654, 2.608e-4
0.655, 2.674e-4
0.656, 2.737e-4
0.657, 2.810e-4
0.658, 2.882e-4
0.659, 2.955e-4
0.660, 3.030e-4
0.661, 3.108e-4
0.662, 3.186e-4
0.663, 3.264e-4
0.664, 3.352e-4
0.665, 3.439e-4
0.666, 3.527e-4
0.667, 3.617e-4
0.668, 3.706e-4
0.669, 3.799e-4
0.670, 3.899e-4
0.671, 3.998e-4
0.672, 4.100e-4
0.673, 4.205e-4
0.674, 4.310e-4
0.675, 4.419e-4
0.676, 4.529e-4
0.677, 4.639e-4
0.678, 4.753e-4
0.679, 4.868e-4
0.680, 4.989e-4
0.681, 5.113e-4
0.682, 5.234e-4
0.683, 5.361e-4
0.684, 5.491e-4
0.685, 5.619e-4
0.686, 5.756e-4
0.687, 5.889e-4
0.688, 6.027e-4
0.689, 6.164e-4
0.690, 6.309e-4
0.691, 6.456e-4
0.692, 6.604e-4
0.693, 6.753e-4
0.694, 6.905e-4
0.695, 7.061e-4
0.696, 7.217e-4
0.697, 7.378e-4
0.698, 7.542e-4
0.699, 7.704e-4
0.700, 7.875e-4
0.701, 8.043e-4
0.702, 8.215e-4
0.703, 8.391e-4
0.704, 8.564e-4
0.705, 8.740e-4
0.706, 8.923e-4
0.707, 9.105e-4
0.708, 9.292e-4
0.709, 9.480e-4
0.710, 9.669e-4
0.711, 9.860e-4
0.712, 1.005e-3
0.713, 1.025e-3
0.714, 1.045e-3
0.715, 1.065e-3
0.716, 1.085e-3
0.717, 1.107e-3
0.718, 1.128e-3
0.719, 1.149e-3
0.720, 1.170e-3
0.721, 1.191e-3
0.722, 1.213e-3
0.723, 1.235e-3
0.724, 1.257e-3
0.725, 1.279e-3
0.726, 1.302e-3
0.727, 1.325e-3
0.728, 1.347e-3
0.729, 1.371e-3
0.730, 1.394e-3
0.731, 1.417e-3
0.732, 1.441e-3
0.733, 1.465e-3
0.734, 1.490e-3
0.735, 1.514e-3
0.736, 1.539e-3
0.737, 1.564e-3
0.738, 1.589e-3
0.739, 1.614e-3
0.740, 1.639e-3
0.741, 1.665e-3
0.742, 1.691e-3
0.743, 1.717e-3
0.744, 1.743e-3
0.745, 1.770e-3
0.746, 1.796e-3
0.747, 1.823e-3
0.748, 1.850e-3
0.749, 1.877e-3
0.750, 1.905e-3
0.751, 1.932e-3
0.752, 1.960e-3
0.753, 1.988e-3
0.754, 2.016e-3
0.755, 2.044e-3
0.756, 2.073e-3
0.757, 2.101e-3
0.758, 2.130e-3
0.759, 2.159e-3
0.760, 2.188e-3
0.761, 2.218e-3
0.762, 2.248e-3
0.763, 2.277e-3
0.764, 2.308e-3
0.765, 2.337e-3
0.766, 2.368e-3
0.767, 2.398e-3
0.768, 2.429e-3
0.769, 2.460e-3
0.770, 2.491e-3
0.771, 2.522e-3
0.772, 2.553e-3
0.773, 2.584e-3
0.774, 2.616e-3
0.775, 2.648e-3
0.776, 2.679e-3
0.777, 2.712e-3
0.778, 2.743e-3
0.779, 2.776e-3
0.780, 2.809e-3
0.781, 2.841e-3
0.782, 2.874e-3
0.783, 2.907e-3
0.784, 2.940e-3
0.785, 2.973e-3
0.786, 3.006e-3
0.787, 3.040e-3
0.788, 3.074e-3
0.789, 3.108e-3
0.790, 3.142e-3
0.791, 3.176e-3
0.792, 3.211e-3
0.793, 3.245e-3
0.794, 3.280e-3
0.795, 3.315e-3
0.796, 3.350e-3
0.797, 3.385e-3
0.798, 3.420e-3
0.799, 3.455e-3
0.800, 3.477e-3
0.799, 3.447e-3
0.798, 3.409e-3
0.797, 3.372e-3
0.796, 3.335e-3
0.795, 3.298e-3
0.794, 3.261e-3
0.793, 3.224e-3
0.792, 3.188e-3
0.791, 3.151e-3
0.790, 3.115e-3
0.789, 3.079e-3
0.788, 3.043e-3
0.787, 3.008e-3
0.786, 2.972e-3
0.785, 2.937e-3
0.784, 2.903e-3
0.783, 2.868e-3
0.782, 2.833e-3
0.781, 2.799e-3
0.780, 2.765e-3
0.779, 2.731e-3
0.778, 2.698e-3
0.777, 2.665e-3
0.776, 2.631e-3
0.775, 2.598e-3
0.774, 2.565e-3
0.773, 2.533e-3
0.772, 2.501e-3
0.771, 2.468e-3
0.770, 2.436e-3
0.769, 2.404e-3
0.768, 2.372e-3
0.767, 2.341e-3
0.766, 2.310e-3
0.765, 2.279e-3
0.764, 2.248e-3
0.763, 2.217e-3
0.762, 2.187e-3
0.761, 2.157e-3
0.760, 2.127e-3
0.759, 2.097e-3
0.758, 2.068e-3
0.757, 2.038e-3
0.756, 2.010e-3
0.755, 1.981e-3
0.754, 1.952e-3
0.753, 1.924e-3
0.752, 1.896e-3
0.751, 1.868e-3
0.750, 1.840e-3
0.749, 1.812e-3
0.748, 1.785e-3
0.747, 1.758e-3
0.746, 1.731e-3
0.745, 1.705e-3
0.744, 1.678e-3
0.743, 1.652e-3
0.742, 1.626e-3
0.741, 1.600e-3
0.740, 1.575e-3
0.739, 1.549e-3
0.738, 1.524e-3
0.737, 1.499e-3
0.736, 1.475e-3
0.735, 1.450e-3
0.734, 1.426e-3
0.733, 1.402e-3
0.732, 1.378e-3
0.731, 1.355e-3
0.730, 1.332e-3
0.729, 1.309e-3
0.728, 1.286e-3
0.727, 1.263e-3
0.726, 1.241e-3
0.725, 1.219e-3
0.724, 1.197e-3
0.723, 1.175e-3
0.722, 1.154e-3
0.721, 1.133e-3
0.720, 1.112e-3
0.719, 1.091e-3
0.718, 1.071e-3
0.717, 1.050e-3
0.716, 1.029e-3
0.715, 1.009e-3
0.714, 9.894e-4
0.713, 9.701e-4
0.712, 9.510e-4
0.711, 9.319e-4
0.710, 9.130e-4
0.709, 8.944e-4
0.708, 8.758e-4
0.707, 8.579e-4
0.706, 8.399e-4
0.705, 8.220e-4
0.704, 8.047e-4
0.703, 7.874e-4
0.702, 7.702e-4
0.701, 7.534e-4
0.700, 7.366e-4
0.699, 7.201e-4
0.698, 7.042e-4
0.697, 6.881e-4
0.696, 6.721e-4
0.695, 6.568e-4
0.694, 6.414e-4
0.693, 6.262e-4
0.692, 6.113e-4
0.691, 5.968e-4
0.690, 5.823e-4
0.689, 5.680e-4
0.688, 5.541e-4
0.687, 5.403e-4
0.686, 5.266e-4
0.685, 5.130e-4
0.684, 5.000e-4
0.683, 4.869e-4
0.682, 4.739e-4
0.681, 4.615e-4
0.680, 4.493e-4
0.679, 4.370e-4
0.678, 4.252e-4
0.677, 4.132e-4
0.676, 4.017e-4
0.675, 3.903e-4
0.674, 3.787e-4
0.673, 3.678e-4
0.672, 3.571e-4
0.671, 3.464e-4
0.670, 3.360e-4
0.669, 3.255e-4
0.668, 3.157e-4
0.667, 3.060e-4
0.666, 2.962e-4
0.665, 2.867e-4
0.664, 2.771e-4
0.663, 2.683e-4
0.662, 2.594e-4
0.661, 2.503e-4
0.660, 2.422e-4
0.659, 2.339e-4
0.658, 2.253e-4
0.657, 2.177e-4
0.656, 2.099e-4
0.655, 2.020e-4
0.654, 1.948e-4
0.653, 1.876e-4
0.652, 1.801e-4
0.651, 1.734e-4
0.650, 1.666e-4
0.649, 1.601e-4
0.648, 1.532e-4
0.647, 1.469e-4
0.646, 1.407e-4
0.645, 1.348e-4
0.644, 1.284e-4
0.643, 1.232e-4
0.642, 1.175e-4
0.641, 1.122e-4
0.640, 1.066e-4
0.639, 1.014e-4
0.638, 9.644e-5
0.637, 9.168e-5
0.636, 8.698e-5
0.635, 8.222e-5
0.634, 7.768e-5
0.633, 7.356e-5
0.632, 6.913e-5
0.631, 6.498e-5
0.630, 6.128e-5
0.629, 5.712e-5
0.628, 5.330e-5
0.627, 4.995e-5
0.626, 4.620e-5
0.625, 4.256e-5
0.624, 3.948e-5
0.623, 3.629e-5
0.622, 3.321e-5
0.621, 3.024e-5
0.620, 2.743e-5
0.619, 2.479e-5
0.618, 2.209e-5
0.617, 1.940e-5
0.616, 1.675e-5
0.615, 1.440e-5
0.614, 1.259e-5
0.613, 9.754e-6
0.612, 7.206e-6
0.611, 5.175e-6
0.610, 3.144e-6
0.609, 1.084e-6
0.608, -8.983e-7
0.607, -2.831e-6
0.606, -4.540e-6
0.605, -6.425e-6
0.604, -8.045e-6
0.603, -9.451e-6
0.602, -1.120e-5
0.601, -1.260e-5
0.600, -1.428e-5
0.599, -1.591e-5
0.598, -1.709e-5
0.597, -1.836e-5
0.596, -1.959e-5
0.595, -2.053e-5
0.594, -2.169e-5
0.593, -2.281e-5
0.592, -2.373e-5
0.591, -2.484e-5
0.590, -2.576e-5
0.589, -2.685e-5
0.588, -2.777e-5
0.587, -2.851e-5
0.586, -2.951e-5
0.585, -3.021e-5
0.584, -3.098e-5
0.583, -3.186e-5
0.582, -3.258e-5
0.581, -3.318e-5
0.580, -3.398e-5
0.579, -3.465e-5
0.578, -3.538e-5
0.577, -3.594e-5
0.576, -3.634e-5
0.575, -3.717e-5
0.574, -3.791e-5
0.573, -3.850e-5
0.572, -3.916e-5
0.571, -3.962e-5
0.570, -4.039e-5
0.569, -4.084e-5
0.568, -4.133e-5
0.567, -4.183e-5
0.566, -4.222e-5
0.565, -4.277e-5
0.564, -4.326e-5
0.563, -4.373e-5
0.562, -4.415e-5
0.561, -4.449e-5
0.560, -4.479e-5
0.559, -4.531e-5
0.558, -4.563e-5
0.557, -4.606e-5
0.556, -4.650e-5
0.555, -4.690e-5
0.554, -4.733e-5
0.553, -4.766e-5
0.552, -4.797e-5
0.551, -4.859e-5
0.550, -4.871e-5
0.549, -4.910e-5
0.548, -4.972e-5
0.547, -4.987e-5
0.546, -5.054e-5
0.545, -5.095e-5
0.544, -5.128e-5
0.543, -5.179e-5
0.542, -5.216e-5
0.541, -5.255e-5
0.540, -5.301e-5
0.539, -5.334e-5
0.538, -5.378e-5
0.537, -5.414e-5
0.536, -5.461e-5
0.535, -5.507e-5
0.534, -5.531e-5
0.533, -5.563e-5
0.532, -5.611e-5
0.531, -5.657e-5
0.530, -5.684e-5
0.529, -5.724e-5
0.528, -5.759e-5
0.527, -5.813e-5
0.526, -5.850e-5
0.525, -5.880e-5
0.524, -5.923e-5
0.523, -5.975e-5
0.522, -6.033e-5
0.521, -6.087e-5
0.520, -6.136e-5
0.519, -6.201e-5
0.518, -6.246e-5
0.517, -6.288e-5
0.516, -6.336e-5
0.515, -6.386e-5
0.514, -6.442e-5
0.513, -6.509e-5
0.512, -6.652e-5
0.511, -6.654e-5
0.510, -6.668e-5
0.509, -6.728e-5
0.508, -6.768e-5
0.507, -6.799e-5
0.506, -6.861e-5
0.505, -6.917e-5
0.504, -6.947e-5
0.503, -7.009e-5
0.502, -7.031e-5
0.501, -7.112e-5
0.500, -7.168e-5
0.499, -7.199e-5
0.498, -7.275e-5
0.497, -7.353e-5
0.496, -7.410e-5
0.495, -7.486e-5
0.494, -7.553e-5
0.493, -7.626e-5
0.492, -7.682e-5
0.491, -7.761e-5
0.490, -7.833e-5
0.489, -7.900e-5
0.488, -7.981e-5
0.487, -8.078e-5
0.486, -8.158e-5
0.485, -8.227e-5
0.484, -8.300e-5
0.483, -8.373e-5
0.482, -8.467e-5
0.481, -8.545e-5
0.480, -8.630e-5
0.479, -8.761e-5
0.478, -8.839e-5
0.477, -8.934e-5
0.476, -9.030e-5
0.475, -9.117e-5
0.474, -9.213e-5
0.473, -9.281e-5
0.472, -9.400e-5
0.471, -9.506e-5
0.470, -9.590e-5
0.469, -9.703e-5
0.468, -9.825e-5
0.467, -9.957e-5
0.466, -1.007e-4
0.465, -1.018e-4
0.464, -1.031e-4
0.463, -1.040e-4
0.462, -1.051e-4
0.461, -1.065e-4
0.460, -1.079e-4
0.459, -1.092e-4
0.458, -1.107e-4
0.457, -1.119e-4
0.456, -1.134e-4
0.455, -1.151e-4
0.454, -1.164e-4
0.453, -1.176e-4
0.452, -1.188e-4
0.451, -1.201e-4
0.450, -1.214e-4
0.449, -1.230e-4
0.448, -1.243e-4
0.447, -1.261e-4
0.446, -1.275e-4
0.445, -1.289e-4
0.444, -1.303e-4
0.443, -1.319e-4
0.442, -1.336e-4
0.441, -1.354e-4
0.440, -1.368e-4
0.439, -1.386e-4
0.438, -1.401e-4
0.437, -1.418e-4
0.436, -1.432e-4
0.435, -1.449e-4
0.434, -1.464e-4
0.433, -1.479e-4
0.432, -1.492e-4
0.431, -1.507e-4
0.430, -1.524e-4
0.429, -1.540e-4
0.428, -1.554e-4
0.427, -1.568e-4
0.426, -1.583e-4
0.425, -1.596e-4
0.424, -1.609e-4
0.423, -1.624e-4
0.422, -1.636e-4
0.421, -1.650e-4
0.420, -1.662e-4
0.419, -1.673e-4
0.418, -1.686e-4
0.417, -1.696e-4
0.416, -1.707e-4
0.415, -1.718e-4
0.414, -1.729e-4
0.413, -1.739e-4
0.412, -1.748e-4
0.411, -1.757e-4
0.410, -1.750e-4
0.409, -1.732e-4
0.408, -1.757e-4
0.407, -1.769e-4
0.406, -1.778e-4
0.405, -1.788e-4
0.404, -1.796e-4
0.403, -1.803e-4
0.402, -1.810e-4
0.401, -1.819e-4
0.400, -1.826e-4
0.399, -1.832e-4
0.398, -1.836e-4
0.397, -1.839e-4
0.396, -1.843e-4
0.395, -1.844e-4
0.394, -1.848e-4
0.393, -1.848e-4
0.392, -1.850e-4
0.391, -1.852e-4
0.390, -1.851e-4
0.389, -1.849e-4
0.388, -1.847e-4
0.387, -1.844e-4
0.386, -1.841e-4
0.385, -1.836e-4
0.384, -1.831e-4
0.383, -1.824e-4
0.382, -1.817e-4
0.381, -1.808e-4
0.380, -1.798e-4
0.379, -1.787e-4
0.378, -1.776e-4
0.377, -1.764e-4
0.376, -1.751e-4
0.375, -1.739e-4
0.374, -1.722e-4
0.373, -1.707e-4
0.372, -1.691e-4
0.371, -1.671e-4
0.370, -1.653e-4
0.369, -1.633e-4
0.368, -1.612e-4
0.367, -1.589e-4
0.366, -1.567e-4
0.365, -1.545e-4
0.364, -1.521e-4
0.363, -1.496e-4
0.362, -1.471e-4
0.361, -1.447e-4
0.360, -1.422e-4
0.359, -1.397e-4
0.358, -1.370e-4
0.357, -1.342e-4
0.356, -1.315e-4
0.355, -1.287e-4
0.354, -1.261e-4
0.353, -1.232e-4
0.352, -1.205e-4
0.351, -1.182e-4
0.350, -1.156e-4
0.349, -1.129e-4
0.348, -1.099e-4
0.347, -1.070e-4
0.346, -1.045e-4
0.345, -1.022e-4
0.344, -9.953e-5
0.343, -9.706e-5
0.342, -9.457e-5
0.341, -9.233e-5
0.340, -9.011e-5
0.339, -8.777e-5
0.338, -8.533e-5
0.337, -8.308e-5
0.336, -8.106e-5
0.335, -7.905e-5
0.334, -7.693e-5
0.333, -7.497e-5
0.332, -7.290e-5
0.331, -7.101e-5
0.330, -6.943e-5
0.329, -6.792e-5
0.328, -6.640e-5
0.327, -6.468e-5
0.326, -6.293e-5
0.325, -6.114e-5
0.324, -5.942e-5
0.323, -5.799e-5
0.322, -5.671e-5
0.321, -5.533e-5
0.320, -5.394e-5
0.319, -5.265e-5
0.318, -5.143e-5
0.317, -5.020e-5
0.316, -4.898e-5
0.315, -4.792e-5
0.314, -4.675e-5
0.313, -4.577e-5
0.312, -4.477e-5
0.311, -4.383e-5
0.310, -4.292e-5
0.309, -4.212e-5
0.308, -4.131e-5
0.307, -4.069e-5
0.306, -3.962e-5
0.305, -3.876e-5
0.304, -3.792e-5
0.303, -3.708e-5
0.302, -3.642e-5
0.301, -3.568e-5
0.300, -3.494e-5
0.299, -3.423e-5
0.298, -3.359e-5
0.297, -3.307e-5
0.296, -3.245e-5
0.295, -3.190e-5
0.294, -3.131e-5
0.293, -3.082e-5
0.292, -3.032e-5
0.291, -2.980e-5
0.290, -2.922e-5
0.289, -2.882e-5
0.288, -2.834e-5
0.287, -2.783e-5
0.286, -2.743e-5
0.285, -2.705e-5
0.284, -2.659e-5
0.283, -2.624e-5
0.282, -2.577e-5
0.281, -2.545e-5
0.280, -2.512e-5
0.279, -2.475e-5
0.278, -2.431e-5
0.277, -2.410e-5
0.276, -2.377e-5
0.275, -2.343e-5
0.274, -2.317e-5
0.273, -2.290e-5
0.272, -2.246e-5
0.271, -2.223e-5
0.270, -2.194e-5
0.269, -2.168e-5
0.268, -2.145e-5
0.267, -2.119e-5
0.266, -2.094e-5
0.265, -2.071e-5
0.264, -2.046e-5
0.263, -2.030e-5
0.262, -2.013e-5
0.261, -1.988e-5
0.260, -1.972e-5
0.259, -1.948e-5
0.258, -1.925e-5
0.257, -1.911e-5
0.256, -1.893e-5
0.255, -1.876e-5
0.254, -1.855e-5
0.253, -1.845e-5
0.252, -1.830e-5
0.251, -1.810e-5
0.250, -1.799e-5
0.249, -1.778e-5
0.248, -1.761e-5
0.247, -1.749e-5
0.246, -1.735e-5
0.245, -1.721e-5
0.244, -1.703e-5
0.243, -1.673e-5
0.242, -1.672e-5
0.241, -1.660e-5
0.240, -1.635e-5
0.239, -1.628e-5
0.238, -1.613e-5
0.237, -1.593e-5
0.236, -1.587e-5
0.235, -1.573e-5
0.234, -1.562e-5
0.233, -1.543e-5
0.232, -1.526e-5
0.231, -1.525e-5
0.230, -1.509e-5
0.229, -1.496e-5
0.228, -1.480e-5
0.227, -1.475e-5
0.226, -1.470e-5
0.225, -1.455e-5
0.224, -1.439e-5
0.223, -1.438e-5
0.222, -1.423e-5
0.221, -1.407e-5
0.220, -1.395e-5
0.219, -1.389e-5
0.218, -1.375e-5
0.217, -1.367e-5
0.216, -1.363e-5
0.215, -1.348e-5
0.214, -1.335e-5
0.213, -1.325e-5
0.212, -1.319e-5
0.211, -1.312e-5
0.210, -1.302e-5
0.209, -1.291e-5
0.208, -1.281e-5
0.207, -1.283e-5
0.206, -1.272e-5
0.205, -1.255e-5
0.204, -1.253e-5
0.203, -1.242e-5
0.202, -1.239e-5
0.201, -1.239e-5
0.200, -1.069e-5
0.201, -7.626e-6
0.202, -6.542e-6
0.203, -5.858e-6
0.204, -5.185e-6
0.205, -4.814e-6
0.206, -4.189e-6
0.207, -3.827e-6
0.208, -3.437e-6
0.209, -3.037e-6
0.210, -2.646e-6
0.211, -2.441e-6
0.212, -2.129e-6
0.213, -1.826e-6
0.214, -1.562e-6
0.215, -1.328e-6
0.216, -1.074e-6
0.217, -8.787e-7
0.218, -7.323e-7
0.219, -5.175e-7
0.220, -2.441e-7
0.221, -8.787e-8
0.222, 5.858e-8
0.223, 2.441e-7
0.224, 3.808e-7
0.225, 5.956e-7
0.226, 6.835e-7
0.227, 8.299e-7
0.228, 1.015e-6
0.229, 1.142e-6
0.230, 1.308e-6
0.231, 1.504e-6
0.232, 1.504e-6
0.233, 1.670e-6
0.234, 1.767e-6
0.235, 1.923e-6
0.236, 2.031e-6
0.237, 2.148e-6
0.238, 2.246e-6
0.239, 2.402e-6
0.240, 2.421e-6
0.241, 2.617e-6
0.242, 2.695e-6
0.243, 2.744e-6
0.244, 2.949e-6
0.245, 3.056e-6
0.246, 3.105e-6
0.247, 3.212e-6
0.248, 3.271e-6
0.249, 3.398e-6
0.250, 3.515e-6
0.251, 3.554e-6
0.252, 3.681e-6
0.253, 3.749e-6
0.254, 3.866e-6
0.255, 4.042e-6
0.256, 4.023e-6
0.257, 4.062e-6
0.258, 4.189e-6
0.259, 4.237e-6
0.260, 4.394e-6
0.261, 4.413e-6
0.262, 4.560e-6
0.263, 4.628e-6
0.264, 4.667e-6
0.265, 4.814e-6
0.266, 4.814e-6
0.267, 4.970e-6
0.268, 5.038e-6
0.269, 5.019e-6
0.270, 5.165e-6
0.271, 5.146e-6
0.272, 5.341e-6
0.273, 5.458e-6
0.274, 5.585e-6
0.275, 5.595e-6
0.276, 5.692e-6
0.277, 5.809e-6
0.278, 5.839e-6
0.279, 5.897e-6
0.280, 5.975e-6
0.281, 6.034e-6
0.282, 6.190e-6
0.283, 6.278e-6
0.284, 6.278e-6
0.285, 6.298e-6
0.286, 6.503e-6
0.287, 6.561e-6
0.288, 6.600e-6
0.289, 6.747e-6
0.290, 6.883e-6
0.291, 6.903e-6
0.292, 6.991e-6
0.293, 7.020e-6
0.294, 7.157e-6
0.295, 7.245e-6
0.296, 7.323e-6
0.297, 7.381e-6
0.298, 7.508e-6
0.299, 7.586e-6
0.300, 7.665e-6
0.301, 7.762e-6
0.302, 7.850e-6
0.303, 7.928e-6
0.304, 8.114e-6
0.305, 8.211e-6
0.306, 8.319e-6
0.307, 8.455e-6
0.308, 8.534e-6
0.309, 8.592e-6
0.310, 8.729e-6
0.311, 8.778e-6
0.312, 8.846e-6
0.313, 8.895e-6
0.314, 8.992e-6
0.315, 9.129e-6
0.316, 9.276e-6
0.317, 9.344e-6
0.318, 9.451e-6
0.319, 9.529e-6
0.320, 9.529e-6
0.321, 9.705e-6
0.322, 9.734e-6
0.323, 9.832e-6
0.324, 9.979e-6
0.325, 1.006e-5
0.326, 1.019e-5
0.327, 1.029e-5
0.328, 1.046e-5
0.329, 1.056e-5
0.330, 1.062e-5
0.331, 1.065e-5
0.332, 1.082e-5
0.333, 1.092e-5
0.334, 1.105e-5
0.335, 1.118e-5
0.336, 1.122e-5
0.337, 1.139e-5
0.338, 1.155e-5
0.339, 1.161e-5
0.340, 1.170e-5
0.341, 1.182e-5
0.342, 1.189e-5
0.343, 1.204e-5
0.344, 1.214e-5
0.345, 1.227e-5
0.346, 1.239e-5
0.347, 1.253e-5
0.348, 1.260e-5
0.349, 1.271e-5
0.350, 1.285e-5
0.351, 1.292e-5
0.352, 1.304e-5
0.353, 1.324e-5
0.354, 1.337e-5
0.355, 1.341e-5
0.356, 1.352e-5
0.357, 1.379e-5
0.358, 1.396e-5
0.359, 1.400e-5
0.360, 1.410e-5
0.361, 1.426e-5
0.362, 1.437e-5
0.363, 1.451e-5
0.364, 1.470e-5
0.365, 1.472e-5
0.366, 1.488e-5
0.367, 1.498e-5
0.368, 1.518e-5
0.369, 1.532e-5
0.370, 1.549e-5
0.371, 1.560e-5
0.372, 1.575e-5
0.373, 1.591e-5
0.374, 1.604e-5
0.375, 1.623e-5
0.376, 1.646e-5
0.377, 1.658e-5
0.378, 1.675e-5
0.379, 1.684e-5
0.380, 1.706e-5
0.381, 1.718e-5
0.382, 1.737e-5
0.383, 1.757e-5
0.384, 1.778e-5
0.385, 1.798e-5
0.386, 1.811e-5
0.387, 1.827e-5
0.388, 1.845e-5
0.389, 1.874e-5
0.390, 1.884e-5
0.391, 1.910e-5
0.392, 1.936e-5
0.393, 1.950e-5
0.394, 1.978e-5
0.395, 1.998e-5
0.396, 2.016e-5
0.397, 2.038e-5
0.398, 2.066e-5
0.399, 2.096e-5
0.400, 2.117e-5
0.401, 2.148e-5
0.402, 2.173e-5
0.403, 2.199e-5
0.404, 2.225e-5
0.405, 2.253e-5
0.406, 2.287e-5
0.407, 2.316e-5
0.408, 2.347e-5
0.409, 2.368e-5
0.410, 2.310e-5
0.411, 2.406e-5
0.412, 2.459e-5
0.413, 2.495e-5
0.414, 2.536e-5
0.415, 2.569e-5
0.416, 2.609e-5
0.417, 2.648e-5
0.418, 2.687e-5
0.419, 2.730e-5
0.420, 2.781e-5
0.421, 2.810e-5
0.422, 2.853e-5
0.423, 2.894e-5
0.424, 2.936e-5
0.425, 2.990e-5
0.426, 3.035e-5
0.427, 3.093e-5
0.428, 3.165e-5
0.429, 3.222e-5
0.430, 3.289e-5
0.431, 3.358e-5
0.432, 3.438e-5
0.433, 3.520e-5
0.434, 3.602e-5
0.435, 3.693e-5
0.436, 3.791e-5
0.437, 3.871e-5
0.438, 3.982e-5
0.439, 4.085e-5
0.440, 4.196e-5
0.441, 4.336e-5
0.442, 4.470e-5
0.443, 4.628e-5
0.444, 4.799e-5
0.445, 4.966e-5
0.446, 5.153e-5
0.447, 5.341e-5
0.448, 5.537e-5
0.449, 5.779e-5
0.450, 6.034e-5
0.451, 6.298e-5
0.452, 6.568e-5
0.453, 6.861e-5
0.454, 7.196e-5
0.455, 7.539e-5
0.456, 7.888e-5
0.457, 8.295e-5
0.458, 8.730e-5
0.459, 9.159e-5
0.460, 9.635e-5
0.461, 1.014e-4
0.462, 1.070e-4
0.463, 1.127e-4
0.464, 1.184e-4
0.465, 1.249e-4
0.466, 1.311e-4
0.467, 1.383e-4
0.468, 1.454e-4
0.469, 1.528e-4
0.470, 1.606e-4
0.471, 1.681e-4
0.472, 1.756e-4
0.473, 1.836e-4
0.474, 1.911e-4
0.475, 1.985e-4
0.476, 2.059e-4
0.477, 2.129e-4
0.478, 2.196e-4
0.479, 2.256e-4
0.480, 2.319e-4
0.481, 2.376e-4
0.482, 2.427e-4
0.483, 2.471e-4
0.484, 2.511e-4
0.485, 2.552e-4
0.486, 2.586e-4
0.487, 2.616e-4
0.488, 2.637e-4
0.489, 2.659e-4
0.490, 2.672e-4
0.491, 2.684e-4
0.492, 2.690e-4
0.493, 2.693e-4
0.494, 2.695e-4
0.495, 2.692e-4
0.496, 2.686e-4
0.497, 2.677e-4
0.498, 2.667e-4
0.499, 2.655e-4
0.500, 2.639e-4
0.501, 2.625e-4
0.502, 2.611e-4
0.503, 2.594e-4
0.504, 2.579e-4
0.505, 2.564e-4
0.506, 2.547e-4
0.507, 2.528e-4
0.508, 2.511e-4
0.509, 2.494e-4
0.510, 2.478e-4
0.511, 2.464e-4
0.512, 2.459e-4
0.513, 2.449e-4
0.514, 2.431e-4
0.515, 2.413e-4
0.516, 2.400e-4
0.517, 2.383e-4
0.518, 2.369e-4
0.519, 2.353e-4
0.520, 2.337e-4
0.521, 2.322e-4
0.522, 2.302e-4
0.523, 2.284e-4
0.524, 2.267e-4
0.525, 2.246e-4
0.526, 2.232e-4
0.527, 2.217e-4
0.528, 2.200e-4
0.529, 2.182e-4
0.530, 2.162e-4
0.531, 2.146e-4
0.532, 2.126e-4
0.533, 2.105e-4
0.534, 2.085e-4
0.535, 2.064e-4
0.536, 2.044e-4
0.537, 2.023e-4
0.538, 2.004e-4
0.539, 1.982e-4
0.540, 1.962e-4
0.541, 1.940e-4
0.542, 1.919e-4
0.543, 1.896e-4
0.544, 1.875e-4
0.545, 1.854e-4
0.546, 1.830e-4
0.547, 1.805e-4
0.548, 1.782e-4
0.549, 1.762e-4
0.550, 1.741e-4
0.551, 1.718e-4
0.552, 1.700e-4
0.553, 1.680e-4
0.554, 1.657e-4
0.555, 1.639e-4
0.556, 1.622e-4
0.557, 1.602e-4
0.558, 1.582e-4
0.559, 1.562e-4
0.560, 1.541e-4
0.561, 1.523e-4
0.562, 1.506e-4
0.563, 1.490e-4
0.564, 1.474e-4
0.565, 1.456e-4
0.566, 1.440e-4
0.567, 1.424e-4
0.568, 1.410e-4
0.569, 1.397e-4
0.570, 1.384e-4
0.571, 1.371e-4
0.572, 1.357e-4
0.573, 1.342e-4
0.574, 1.329e-4
0.575, 1.316e-4
0.576, 1.301e-4
0.577, 1.292e-4
0.578, 1.283e-4
0.579, 1.275e-4
0.580, 1.266e-4
0.581, 1.259e-4
0.582, 1.252e-4
0.583, 1.245e-4
0.584, 1.238e-4
0.585, 1.232e-4
0.586, 1.223e-4
0.587, 1.219e-4
0.588, 1.215e-4
0.589, 1.211e-4
0.590, 1.206e-4
0.591, 1.202e-4
0.592, 1.198e-4
0.593, 1.194e-4
0.594, 1.192e-4
0.595, 1.191e-4
0.596, 1.190e-4
0.597, 1.190e-4
0.598, 1.191e-4
0.599, 1.189e-4
0.600, 1.191e-4
0.601, 1.194e-4
0.602, 1.192e-4
0.603, 1.199e-4
0.604, 1.203e-4
0.605, 1.206e-4
0.606, 1.213e-4
0.607, 1.218e-4
0.608, 1.226e-4
0.609, 1.233e-4
0.610, 1.241e-4
0.611, 1.247e-4
0.612, 1.257e-4
0.613, 1.265e-4
0.614, 1.274e-4
0.615, 1.278e-4
0.616, 1.294e-4
0.617, 1.309e-4
0.618, 1.325e-4
0.619, 1.341e-4
0.620, 1.360e-4
0.621, 1.377e-4
0.622, 1.397e-4
0.623, 1.412e-4
0.624, 1.431e-4
0.625, 1.453e-4
0.626, 1.475e-4
0.627, 1.497e-4
0.628, 1.521e-4
0.629, 1.546e-4
0.630, 1.575e-4
0.631, 1.605e-4
0.632, 1.634e-4
0.633, 1.663e-4
0.634, 1.692e-4
0.635, 1.725e-4
0.636, 1.758e-4
0.637, 1.792e-4
0.638, 1.834e-4
0.639, 1.871e-4
0.640, 1.913e-4
0.641, 1.955e-4
0.642, 1.995e-4
0.643, 2.039e-4
0.644, 2.086e-4
0.645, 2.134e-4
0.646, 2.183e-4
0.647, 2.232e-4
0.648, 2.282e-4
0.649, 2.342e-4
0.650, 2.395e-4
0.651, 2.453e-4
0.652, 2.509e-4
0.653, 2.571e-4
0.654, 2.636e-4
0.655, 2.703e-4
0.656, 2.764e-4
0.657, 2.839e-4
0.658, 2.910e-4
0.659, 2.982e-4
0.660, 3.060e-4
0.661, 3.136e-4
0.662, 3.213e-4
0.663, 3.294e-4
0.664, 3.379e-4
0.665, 3.465e-4
0.666, 3.554e-4
0.667, 3.645e-4
0.668, 3.733e-4
0.669, 3.828e-4
0.670, 3.928e-4
0.671, 4.026e-4
0.672, 4.128e-4
0.673, 4.232e-4
0.674, 4.339e-4
0.675, 4.445e-4
0.676, 4.557e-4
0.677, 4.667e-4
0.678, 4.783e-4
0.679, 4.897e-4
0.680, 5.018e-4
0.681, 5.140e-4
0.682, 5.262e-4
0.683, 5.389e-4
0.684, 5.519e-4
0.685, 5.648e-4
0.686, 5.785e-4
0.687, 5.916e-4
0.688, 6.053e-4
0.689, 6.192e-4
0.690, 6.337e-4
0.691, 6.486e-4
0.692, 6.631e-4
0.693, 6.780e-4
0.694, 6.934e-4
0.695, 7.089e-4
0.696, 7.247e-4
0.697, 7.408e-4
0.698, 7.568e-4
0.699, 7.734e-4
0.700, 7.902e-4
0.701, 8.070e-4
0.702, 8.244e-4
0.703, 8.418e-4
0.704, 8.592e-4
0.705, 8.768e-4
0.706, 8.950e-4
0.707, 9.134e-4
0.708, 9.318e-4
0.709, 9.506e-4
0.710, 9.696e-4
0.711, 9.888e-4
0.712, 1.008e-3
0.713, 1.028e-3
0.714, 1.048e-3
0.715, 1.068e-3
0.716, 1.088e-3
0.717, 1.110e-3
0.718, 1.131e-3
0.719, 1.152e-3
0.720, 1.173e-3
0.721, 1.194e-3
0.722, 1.216e-3
0.723, 1.238e-3
0.724, 1.260e-3
0.725, 1.282e-3
0.726, 1.305e-3
0.727, 1.328e-3
0.728, 1.351e-3
0.729, 1.374e-3
0.730, 1.397e-3
0.731, 1.420e-3
0.732, 1.444e-3
0.733, 1.468e-3
0.734, 1.493e-3
0.735, 1.517e-3
0.736, 1.542e-3
0.737, 1.567e-3
0.738, 1.592e-3
0.739, 1.617e-3
0.740, 1.643e-3
0.741, 1.669e-3
0.742, 1.695e-3
0.743, 1.721e-3
0.744, 1.747e-3
0.745, 1.774e-3
0.746, 1.800e-3
0.747, 1.827e-3
0.748, 1.854e-3
0.749, 1.882e-3
0.750, 1.909e-3
0.751, 1.937e-3
0.752, 1.965e-3
0.753, 1.993e-3
0.754, 2.021e-3
0.755, 2.050e-3
0.756, 2.078e-3
0.757, 2.107e-3
0.758, 2.136e-3
0.759, 2.165e-3
0.760, 2.194e-3
0.761, 2.223e-3
0.762, 2.253e-3
0.763, 2.283e-3
0.764, 2.313e-3
0.765, 2.343e-3
0.766, 2.374e-3
0.767, 2.404e-3
0.768, 2.435e-3
0.769, 2.466e-3
0.770, 2.497e-3
0.771, 2.528e-3
0.772, 2.560e-3
0.773, 2.591e-3
0.774, 2.623e-3
0.775, 2.655e-3
0.776, 2.687e-3
0.777, 2.719e-3
0.778, 2.751e-3
0.779, 2.784e-3
0.780, 2.816e-3
0.781, 2.849e-3
0.782, 2.882e-3
0.783, 2.915e-3
0.784, 2.948e-3
0.785, 2.982e-3
0.786, 3.015e-3
0.787, 3.049e-3
0.788, 3.083e-3
0.789, 3.117e-3
0.790, 3.152e-3
0.791, 3.186e-3
0.792, 3.221e-3
0.793, 3.255e-3
0.794, 3.290e-3
0.795, 3.325e-3
0.796, 3.360e-3
0.797, 3.395e-3
0.798, 3.431e-3
0.799, 3.466e-3
0.800, 3.488e-3
0.799, 3.458e-3
0.798, 3.419e-3
0.797, 3.381e-3
0.796, 3.344e-3
0.795, 3.307e-3
0.794, 3.270e-3
0.793, 3.233e-3
0.792, 3.196e-3
0.791, 3.159e-3
0.790, 3.123e-3
0.789, 3.086e-3
0.788, 3.051e-3
0.787, 3.015e-3
0.786, 2.979e-3
0.785, 2.943e-3
0.784, 2.908e-3
0.783, 2.873e-3
0.782, 2.839e-3
0.781, 2.804e-3
0.780, 2.770e-3
0.779, 2.736e-3
0.778, 2.702e-3
0.777, 2.668e-3
0.776, 2.635e-3
0.775, 2.601e-3
0.774, 2.568e-3
0.773, 2.535e-3
0.772, 2.503e-3
0.771, 2.470e-3
0.770, 2.438e-3
0.769, 2.406e-3
0.768, 2.374e-3
0.767, 2.342e-3
0.766, 2.310e-3
0.765, 2.279e-3
0.764, 2.248e-3
0.763, 2.217e-3
0.762, 2.187e-3
0.761, 2.157e-3
0.760, 2.127e-3
0.759, 2.097e-3
0.758, 2.067e-3
0.757, 2.038e-3
0.756, 2.008e-3
0.755, 1.979e-3
0.754, 1.951e-3
0.753, 1.922e-3
0.752, 1.893e-3
0.751, 1.865e-3
0.750, 1.837e-3
0.749, 1.809e-3
0.748, 1.782e-3
0.747, 1.755e-3
0.746, 1.728e-3
0.745, 1.701e-3
0.744, 1.675e-3
0.743, 1.648e-3
0.742, 1.622e-3
0.741, 1.596e-3
0.740, 1.570e-3
0.739, 1.545e-3
0.738, 1.520e-3
0.737, 1.495e-3
0.736, 1.470e-3
0.735, 1.446e-3
0.734, 1.421e-3
0.733, 1.397e-3
0.732, 1.374e-3
0.731, 1.350e-3
0.730, 1.327e-3
0.729, 1.304e-3
0.728, 1.281e-3
0.727, 1.258e-3
0.726, 1.236e-3
0.725, 1.213e-3
0.724, 1.192e-3
0.723, 1.170e-3
0.722, 1.149e-3
0.721, 1.127e-3
0.720, 1.106e-3
0.719, 1.085e-3
0.718, 1.065e-3
0.717, 1.044e-3
0.716, 1.023e-3
0.715, 1.003e-3
0.714, 9.836e-4
0.713, 9.643e-4
0.712, 9.452e-4
0.711, 9.260e-4
0.710, 9.071e-4
0.709, 8.885e-4
0.708, 8.700e-4
0.707, 8.520e-4
0.706, 8.340e-4
0.705, 8.162e-4
0.704, 7.991e-4
0.703, 7.817e-4
0.702, 7.645e-4
0.701, 7.477e-4
0.700, 7.310e-4
0.699, 7.146e-4
0.698, 6.985e-4
0.697, 6.823e-4
0.696, 6.665e-4
0.695, 6.513e-4
0.694, 6.360e-4
0.693, 6.207e-4
0.692, 6.061e-4
0.691, 5.913e-4
0.690, 5.772e-4
0.689, 5.627e-4
0.688, 5.490e-4
0.687, 5.350e-4
0.686, 5.215e-4
0.685, 5.082e-4
0.684, 4.951e-4
0.683, 4.819e-4
0.682, 4.689e-4
0.681, 4.567e-4
0.680, 4.445e-4
0.679, 4.323e-4
0.678, 4.204e-4
0.677, 4.087e-4
0.676, 3.971e-4
0.675, 3.857e-4
0.674, 3.743e-4
0.673, 3.637e-4
0.672, 3.527e-4
0.671, 3.422e-4
0.670, 3.318e-4
0.669, 3.215e-4
0.668, 3.117e-4
0.667, 3.020e-4
0.666, 2.924e-4
0.665, 2.829e-4
0.664, 2.735e-4
0.663, 2.646e-4
0.662, 2.557e-4
0.661, 2.469e-4
0.660, 2.388e-4
0.659, 2.305e-4
0.658, 2.223e-4
0.657, 2.145e-4
0.656, 2.068e-4
0.655, 1.991e-4
0.654, 1.918e-4
0.653, 1.847e-4
0.652, 1.773e-4
0.651, 1.706e-4
0.650, 1.640e-4
0.649, 1.572e-4
0.648, 1.508e-4
0.647, 1.444e-4
0.646, 1.384e-4
0.645, 1.320e-4
0.644, 1.264e-4
0.643, 1.211e-4
0.642, 1.155e-4
0.641, 1.101e-4
0.640, 1.044e-4
0.639, 9.941e-5
0.638, 9.460e-5
0.637, 8.972e-5
0.636, 8.504e-5
0.635, 8.034e-5
0.634, 7.604e-5
0.633, 7.180e-5
0.632, 6.744e-5
0.631, 6.343e-5
0.630, 5.962e-5
0.629, 5.556e-5
0.628, 5.179e-5
0.627, 4.850e-5
0.626, 4.467e-5
0.625, 4.125e-5
0.624, 3.823e-5
0.623, 3.491e-5
0.622, 3.185e-5
0.621, 2.891e-5
0.620, 2.618e-5
0.619, 2.355e-5
0.618, 2.067e-5
0.617, 1.806e-5
0.616, 1.562e-5
0.615, 1.320e-5
0.614, 1.131e-5
0.613, 8.475e-6
0.612, 6.190e-6
0.611, 4.081e-6
0.610, 1.933e-6
0.609, -4.283e-13
0.608, -2.070e-6
0.607, -3.866e-6
0.606, -5.800e-6
0.605, -7.411e-6
0.604, -9.051e-6
0.603, -1.056e-5
0.602, -1.224e-5
0.601, -1.374e-5
0.600, -1.542e-5
0.599, -1.683e-5
0.598, -1.798e-5
0.597, -1.927e-5
0.596, -2.045e-5
0.595, -2.150e-5
0.594, -2.273e-5
0.593, -2.376e-5
0.592, -2.488e-5
0.591, -2.581e-5
0.590, -2.673e-5
0.589, -2.787e-5
0.588, -2.884e-5
0.587, -2.954e-5
0.586, -3.051e-5
0.585, -3.117e-5
0.584, -3.199e-5
0.583, -3.292e-5
0.582, -3.363e-5
0.581, -3.446e-5
0.580, -3.525e-5
0.579, -3.563e-5
0.578, -3.650e-5
0.577, -3.711e-5
0.576, -3.751e-5
0.575, -3.853e-5
0.574, -3.917e-5
0.573, -3.979e-5
0.572, -4.030e-5
0.571, -4.097e-5
0.570, -4.154e-5
0.569, -4.209e-5
0.568, -4.267e-5
0.567, -4.310e-5
0.566, -4.345e-5
0.565, -4.392e-5
0.564, -4.440e-5
0.563, -4.486e-5
0.562, -4.534e-5
0.561, -4.572e-5
0.560, -4.608e-5
0.559, -4.645e-5
0.558, -4.694e-5
0.557, -4.743e-5
0.556, -4.793e-5
0.555, -4.811e-5
0.554, -4.858e-5
0.553, -4.908e-5
0.552, -4.962e-5
0.551, -4.997e-5
0.550, -5.006e-5
0.549, -5.064e-5
0.548, -5.122e-5
0.547, -5.145e-5
0.546, -5.189e-5
0.545, -5.246e-5
0.544, -5.276e-5
0.543, -5.320e-5
0.542, -5.355e-5
0.541, -5.400e-5
0.540, -5.442e-5
0.539, -5.487e-5
0.538, -5.541e-5
0.537, -5.565e-5
0.536, -5.609e-5
0.535, -5.642e-5
0.534, -5.664e-5
0.533, -5.716e-5
0.532, -5.777e-5
0.531, -5.810e-5
0.530, -5.829e-5
0.529, -5.884e-5
0.528, -5.945e-5
0.527, -5.982e-5
0.526, -6.026e-5
0.525, -6.044e-5
0.524, -6.102e-5
0.523, -6.153e-5
0.522, -6.214e-5
0.521, -6.265e-5
0.520, -6.316e-5
0.519, -6.365e-5
0.518, -6.421e-5
0.517, -6.493e-5
0.516, -6.521e-5
0.515, -6.574e-5
0.514, -6.613e-5
0.513, -6.679e-5
0.512, -6.802e-5
0.511, -6.823e-5
0.510, -6.823e-5
0.509, -6.867e-5
0.508, -6.908e-5
0.507, -6.963e-5
0.506, -7.011e-5
0.505, -7.059e-5
0.504, -7.111e-5
0.503, -7.166e-5
0.502, -7.225e-5
0.501, -7.278e-5
0.500, -7.351e-5
0.499, -7.375e-5
0.498, -7.462e-5
0.497, -7.540e-5
0.496, -7.599e-5
0.495, -7.667e-5
0.494, -7.730e-5
0.493, -7.816e-5
0.492, -7.893e-5
0.491, -7.957e-5
0.490, -8.016e-5
0.489, -8.090e-5
0.488, -8.147e-5
0.487, -8.240e-5
0.486, -8.348e-5
0.485, -8.391e-5
0.484, -8.494e-5
0.483, -8.575e-5
0.482, -8.658e-5
0.481, -8.749e-5
0.480, -8.841e-5
0.479, -8.941e-5
0.478, -9.035e-5
0.477, -9.124e-5
0.476, -9.214e-5
0.475, -9.299e-5
0.474, -9.374e-5
0.473, -9.456e-5
0.472, -9.576e-5
0.471, -9.693e-5
0.470, -9.791e-5
0.469, -9.920e-5
0.468, -1.001e-4
0.467, -1.014e-4
0.466, -1.028e-4
0.465, -1.037e-4
0.464, -1.048e-4
0.463, -1.062e-4
0.462, -1.071e-4
0.461, -1.085e-4
0.460, -1.098e-4
0.459, -1.113e-4
0.458, -1.130e-4
0.457, -1.144e-4
0.456, -1.157e-4
0.455, -1.171e-4
0.454, -1.183e-4
0.453, -1.198e-4
0.452, -1.212e-4
0.451, -1.224e-4
0.450, -1.240e-4
0.449, -1.257e-4
0.448, -1.270e-4
0.447, -1.285e-4
0.446, -1.302e-4
0.445, -1.319e-4
0.444, -1.337e-4
0.443, -1.353e-4
0.442, -1.372e-4
0.441, -1.389e-4
0.440, -1.404e-4
0.439, -1.422e-4
0.438, -1.437e-4
0.437, -1.453e-4
0.436, -1.470e-4
0.435, -1.489e-4
0.434, -1.506e-4
0.433, -1.522e-4
0.432, -1.540e-4
0.431, -1.556e-4
0.430, -1.572e-4
0.429, -1.590e-4
0.428, -1.606e-4
0.427, -1.622e-4
0.426, -1.641e-4
0.425, -1.654e-4
0.424, -1.668e-4
0.423, -1.684e-4
0.422, -1.694e-4
0.421, -1.711e-4
0.420, -1.726e-4
0.419, -1.738e-4
0.418, -1.753e-4
0.417, -1.767e-4
0.416, -1.780e-4
0.415, -1.794e-4
0.414, -1.806e-4
0.413, -1.818e-4
0.412, -1.830e-4
0.411, -1.844e-4
0.410, -1.836e-4
0.409, -1.818e-4
0.408, -1.846e-4
0.407, -1.862e-4
0.406, -1.873e-4
0.405, -1.886e-4
0.404, -1.895e-4
0.403, -1.904e-4
0.402, -1.912e-4
0.401, -1.920e-4
0.400, -1.928e-4
0.399, -1.934e-4
0.398, -1.944e-4
0.397, -1.947e-4
0.396, -1.951e-4
0.395, -1.957e-4
0.394, -1.962e-4
0.393, -1.965e-4
0.392, -1.968e-4
0.391, -1.971e-4
0.390, -1.972e-4
0.389, -1.974e-4
0.388, -1.973e-4
0.387, -1.972e-4
0.386, -1.969e-4
0.385, -1.966e-4
0.384, -1.965e-4
0.383, -1.960e-4
0.382, -1.953e-4
0.381, -1.946e-4
0.380, -1.939e-4
0.379, -1.930e-4
0.378, -1.921e-4
0.377, -1.910e-4
0.376, -1.899e-4
0.375, -1.886e-4
0.374, -1.872e-4
0.373, -1.858e-4
0.372, -1.841e-4
0.371, -1.821e-4
0.370, -1.802e-4
0.369, -1.784e-4
0.368, -1.764e-4
0.367, -1.744e-4
0.366, -1.722e-4
0.365, -1.699e-4
0.364, -1.677e-4
0.363, -1.653e-4
0.362, -1.628e-4
0.361, -1.599e-4
0.360, -1.571e-4
0.359, -1.545e-4
0.358, -1.518e-4
0.357, -1.489e-4
0.356, -1.460e-4
0.355, -1.431e-4
0.354, -1.403e-4
0.353, -1.372e-4
0.352, -1.341e-4
0.351, -1.312e-4
0.350, -1.282e-4
0.349, -1.252e-4
0.348, -1.221e-4
0.347, -1.194e-4
0.346, -1.169e-4
0.345, -1.140e-4
0.344, -1.108e-4
0.343, -1.080e-4
0.342, -1.052e-4
0.341, -1.027e-4
0.340, -1.001e-4
0.339, -9.733e-5
0.338, -9.481e-5
0.337, -9.251e-5
0.336, -9.014e-5
0.335, -8.775e-5
0.334, -8.526e-5
0.333, -8.302e-5
0.332, -8.078e-5
0.331, -7.880e-5
0.330, -7.668e-5
0.329, -7.450e-5
0.328, -7.255e-5
0.327, -7.067e-5
0.326, -6.899e-5
0.325, -6.759e-5
0.324, -6.593e-5
0.323, -6.421e-5
0.322, -6.255e-5
0.321, -6.066e-5
0.320, -5.901e-5
0.319, -5.760e-5
0.318, -5.629e-5
0.317, -5.486e-5
0.316, -5.357e-5
0.315, -5.228e-5
0.314, -5.111e-5
0.313, -4.983e-5
0.312, -4.861e-5
0.311, -4.752e-5
0.310, -4.647e-5
0.309, -4.549e-5
0.308, -4.461e-5
0.307, -4.395e-5
0.306, -4.293e-5
0.305, -4.208e-5
0.304, -4.117e-5
0.303, -4.029e-5
0.302, -3.945e-5
0.301, -3.857e-5
0.300, -3.778e-5
0.299, -3.697e-5
0.298, -3.624e-5
0.297, -3.551e-5
0.296, -3.487e-5
0.295, -3.417e-5
0.294, -3.348e-5
0.293, -3.291e-5
0.292, -3.239e-5
0.291, -3.175e-5
0.290, -3.122e-5
0.289, -3.081e-5
0.288, -3.027e-5
0.287, -2.980e-5
0.286, -2.925e-5
0.285, -2.878e-5
0.284, -2.837e-5
0.283, -2.794e-5
0.282, -2.757e-5
0.281, -2.710e-5
0.280, -2.664e-5
0.279, -2.632e-5
0.278, -2.591e-5
0.277, -2.558e-5
0.276, -2.523e-5
0.275, -2.483e-5
0.274, -2.448e-5
0.273, -2.421e-5
0.272, -2.384e-5
0.271, -2.352e-5
0.270, -2.321e-5
0.269, -2.293e-5
0.268, -2.262e-5
0.267, -2.236e-5
0.266, -2.211e-5
0.265, -2.181e-5
0.264, -2.156e-5
0.263, -2.131e-5
0.262, -2.109e-5
0.261, -2.086e-5
0.260, -2.065e-5
0.259, -2.045e-5
0.258, -2.027e-5
0.257, -2.008e-5
0.256, -1.984e-5
0.255, -1.958e-5
0.254, -1.937e-5
0.253, -1.922e-5
0.252, -1.907e-5
0.251, -1.888e-5
0.250, -1.872e-5
0.249, -1.857e-5
0.248, -1.842e-5
0.247, -1.824e-5
0.246, -1.807e-5
0.245, -1.792e-5
0.244, -1.779e-5
0.243, -1.765e-5
0.242, -1.754e-5
0.241, -1.736e-5
0.240, -1.705e-5
0.239, -1.707e-5
0.238, -1.690e-5
0.237, -1.678e-5
0.236, -1.671e-5
0.235, -1.647e-5
0.234, -1.633e-5
0.233, -1.624e-5
0.232, -1.609e-5
0.231, -1.595e-5
0.230, -1.578e-5
0.229, -1.559e-5
0.228, -1.556e-5
0.227, -1.539e-5
0.226, -1.527e-5
0.225, -1.512e-5
0.224, -1.500e-5
0.223, -1.495e-5
0.222, -1.476e-5
0.221, -1.468e-5
0.220, -1.458e-5
0.219, -1.448e-5
0.218, -1.436e-5
0.217, -1.423e-5
0.216, -1.417e-5
0.215, -1.411e-5
0.214, -1.397e-5
0.213, -1.387e-5
0.212, -1.376e-5
0.211, -1.364e-5
0.210, -1.354e-5
0.209, -1.346e-5
0.208, -1.337e-5
0.207, -1.327e-5
0.206, -1.329e-5
0.205, -1.303e-5
0.204, -1.299e-5
0.203, -1.293e-5
0.202, -1.287e-5
0.201, -1.274e-5
0.200, -1.108e-5
0.201, -8.006e-6
0.202, -6.893e-6
0.203, -6.102e-6
0.204, -5.448e-6
0.205, -5.087e-6
0.206, -4.511e-6
0.207, -4.111e-6
0.208, -3.740e-6
0.209, -3.300e-6
0.210, -2.997e-6
0.211, -2.568e-6
0.212, -2.343e-6
0.213, -2.031e-6
0.214, -1.826e-6
0.215, -1.611e-6
0.216, -1.338e-6
0.217, -1.113e-6
0.218, -9.666e-7
0.219, -7.128e-7
0.220, -5.370e-7
0.221, -3.710e-7
0.222, -1.562e-7
0.223, 4.882e-8
0.224, 1.953e-7
0.225, 3.027e-7
0.226, 4.687e-7
0.227, 6.639e-7
0.228, 7.811e-7
0.229, 9.471e-7
0.230, 1.094e-6
0.231, 1.211e-6
0.232, 1.357e-6
0.233, 1.543e-6
0.234, 1.591e-6
0.235, 1.738e-6
0.236, 1.836e-6
0.237, 1.953e-6
0.238, 2.109e-6
0.239, 2.138e-6
0.240, 2.304e-6
0.241, 2.334e-6
0.242, 2.539e-6
0.243, 2.597e-6
0.244, 2.724e-6
0.245, 2.802e-6
0.246, 2.988e-6
0.247, 2.997e-6
0.248, 3.095e-6
0.249, 3.124e-6
0.250, 3.261e-6
0.251, 3.408e-6
0.252, 3.495e-6
0.253, 3.632e-6
0.254, 3.759e-6
0.255, 3.818e-6
0.256, 3.710e-6
0.257, 3.896e-6
0.258, 4.062e-6
0.259, 4.111e-6
0.260, 4.189e-6
0.261, 4.237e-6
0.262, 4.384e-6
0.263, 4.482e-6
0.264, 4.452e-6
0.265, 4.599e-6
0.266, 4.687e-6
0.267, 4.774e-6
0.268, 4.853e-6
0.269, 4.901e-6
0.270, 5.019e-6
0.271, 5.116e-6
0.272, 5.155e-6
0.273, 5.243e-6
0.274, 5.292e-6
0.275, 5.380e-6
0.276, 5.526e-6
0.277, 5.565e-6
0.278, 5.673e-6
0.279, 5.761e-6
0.280, 5.849e-6
0.281, 5.956e-6
0.282, 5.966e-6
0.283, 6.083e-6
0.284, 6.190e-6
0.285, 6.249e-6
0.286, 6.317e-6
0.287, 6.425e-6
0.288, 6.503e-6
0.289, 6.581e-6
0.290, 6.659e-6
0.291, 6.776e-6
0.292, 6.893e-6
0.293, 6.883e-6
0.294, 6.962e-6
0.295, 7.001e-6
0.296, 7.167e-6
0.297, 7.352e-6
0.298, 7.362e-6
0.299, 7.401e-6
0.300, 7.596e-6
0.301, 7.674e-6
0.302, 7.713e-6
0.303, 7.860e-6
0.304, 7.909e-6
0.305, 8.036e-6
0.306, 8.143e-6
0.307, 8.299e-6
0.308, 8.377e-6
0.309, 8.358e-6
0.310, 8.455e-6
0.311, 8.514e-6
0.312, 8.631e-6
0.313, 8.758e-6
0.314, 8.856e-6
0.315, 8.953e-6
0.316, 9.051e-6
0.317, 9.129e-6
0.318, 9.207e-6
0.319, 9.315e-6
0.320, 9.373e-6
0.321, 9.549e-6
0.322, 9.588e-6
0.323, 9.695e-6
0.324, 9.832e-6
0.325, 9.940e-6
0.326, 1.004e-5
0.327, 1.014e-5
0.328, 1.020e-5
0.329, 1.035e-5
0.330, 1.047e-5
0.331, 1.060e-5
0.332, 1.069e-5
0.333, 1.087e-5
0.334, 1.093e-5
0.335, 1.107e-5
0.336, 1.111e-5
0.337, 1.119e-5
0.338, 1.134e-5
0.339, 1.149e-5
0.340, 1.163e-5
0.341, 1.169e-5
0.342, 1.184e-5
0.343, 1.201e-5
0.344, 1.205e-5
0.345, 1.216e-5
0.346, 1.222e-5
0.347, 1.243e-5
0.348, 1.258e-5
0.349, 1.267e-5
0.350, 1.279e-5
0.351, 1.294e-5
0.352, 1.300e-5
0.353, 1.317e-5
0.354, 1.330e-5
0.355, 1.344e-5
0.356, 1.356e-5
0.357, 1.368e-5
0.358, 1.382e-5
0.359, 1.395e-5
0.360, 1.406e-5
0.361, 1.416e-5
0.362, 1.436e-5
0.363, 1.455e-5
0.364, 1.457e-5
0.365, 1.472e-5
0.366, 1.485e-5
0.367, 1.509e-5
0.368, 1.521e-5
0.369, 1.537e-5
0.370, 1.550e-5
0.371, 1.559e-5
0.372, 1.580e-5
0.373, 1.598e-5
0.374, 1.616e-5
0.375, 1.635e-5
0.376, 1.649e-5
0.377, 1.667e-5
0.378, 1.679e-5
0.379, 1.696e-5
0.380, 1.722e-5
0.381, 1.732e-5
0.382, 1.754e-5
0.383, 1.770e-5
0.384, 1.796e-5
0.385, 1.814e-5
0.386, 1.824e-5
0.387, 1.846e-5
0.388, 1.871e-5
0.389, 1.892e-5
0.390, 1.906e-5
0.391, 1.937e-5
0.392, 1.960e-5
0.393, 1.987e-5
0.394, 2.004e-5
0.395, 2.031e-5
0.396, 2.055e-5
0.397, 2.076e-5
0.398, 2.105e-5
0.399, 2.129e-5
0.400, 2.154e-5
0.401, 2.181e-5
0.402, 2.212e-5
0.403, 2.242e-5
0.404, 2.275e-5
0.405, 2.304e-5
0.406, 2.326e-5
0.407, 2.358e-5
0.408, 2.393e-5
0.409, 2.424e-5
0.410, 2.363e-5
0.411, 2.460e-5
0.412, 2.513e-5
0.413, 2.549e-5
0.414, 2.593e-5
0.415, 2.631e-5
0.416, 2.673e-5
0.417, 2.706e-5
0.418, 2.762e-5
0.419, 2.792e-5
0.420, 2.847e-5
0.421, 2.877e-5
0.422, 2.928e-5
0.423, 2.969e-5
0.424, 3.025e-5
0.425, 3.086e-5
0.426, 3.144e-5
0.427, 3.201e-5
0.428, 3.269e-5
0.429, 3.346e-5
0.430, 3.415e-5
0.431, 3.487e-5
0.432, 3.573e-5
0.433, 3.668e-5
0.434, 3.749e-5
0.435, 3.844e-5
0.436, 3.946e-5
0.437, 4.044e-5
0.438, 4.153e-5
0.439, 4.273e-5
0.440, 4.407e-5
0.441, 4.562e-5
0.442, 4.723e-5
0.443, 4.888e-5
0.444, 5.067e-5
0.445, 5.245e-5
0.446, 5.445e-5
0.447, 5.671e-5
0.448, 5.917e-5
0.449, 6.183e-5
0.450, 6.431e-5
0.451, 6.726e-5
0.452, 7.037e-5
0.453, 7.388e-5
0.454, 7.727e-5
0.455, 8.103e-5
0.456, 8.547e-5
0.457, 8.989e-5
0.458, 9.444e-5
0.459, 9.957e-5
0.460, 1.050e-4
0.461, 1.109e-4
0.462, 1.170e-4
0.463, 1.234e-4
0.464, 1.298e-4
0.465, 1.374e-4
0.466, 1.446e-4
0.467, 1.524e-4
0.468, 1.608e-4
0.469, 1.690e-4
0.470, 1.774e-4
0.471, 1.864e-4
0.472, 1.950e-4
0.473, 2.036e-4
0.474, 2.121e-4
0.475, 2.204e-4
0.476, 2.284e-4
0.477, 2.365e-4
0.478, 2.439e-4
0.479, 2.505e-4
0.480, 2.573e-4
0.481, 2.634e-4
0.482, 2.690e-4
0.483, 2.738e-4
0.484, 2.782e-4
0.485, 2.821e-4
0.486, 2.854e-4
0.487, 2.883e-4
0.488, 2.905e-4
0.489, 2.920e-4
0.490, 2.929e-4
0.491, 2.937e-4
0.492, 2.940e-4
0.493, 2.938e-4
0.494, 2.934e-4
0.495, 2.926e-4
0.496, 2.914e-4
0.497, 2.899e-4
0.498, 2.884e-4
0.499, 2.865e-4
0.500, 2.845e-4
0.501, 2.825e-4
0.502, 2.805e-4
0.503, 2.778e-4
0.504, 2.757e-4
0.505, 2.736e-4
0.506, 2.718e-4
0.507, 2.699e-4
0.508, 2.678e-4
0.509, 2.655e-4
0.510, 2.637e-4
0.511, 2.616e-4
0.512, 2.606e-4
0.513, 2.590e-4
0.514, 2.568e-4
0.515, 2.545e-4
0.516, 2.524e-4
0.517, 2.503e-4
0.518, 2.485e-4
0.519, 2.468e-4
0.520, 2.452e-4
0.521, 2.435e-4
0.522, 2.414e-4
0.523, 2.395e-4
0.524, 2.376e-4
0.525, 2.353e-4
0.526, 2.333e-4
0.527, 2.313e-4
0.528, 2.288e-4
0.529, 2.266e-4
0.530, 2.247e-4
0.531, 2.226e-4
0.532, 2.205e-4
0.533, 2.184e-4
0.534, 2.161e-4
0.535, 2.137e-4
0.536, 2.114e-4
0.537, 2.092e-4
0.538, 2.069e-4
0.539, 2.044e-4
0.540, 2.019e-4
0.541, 1.996e-4
0.542, 1.973e-4
0.543, 1.949e-4
0.544, 1.925e-4
0.545, 1.903e-4
0.546, 1.878e-4
0.547, 1.854e-4
0.548, 1.829e-4
0.549, 1.804e-4
0.550, 1.780e-4
0.551, 1.756e-4
0.552, 1.736e-4
0.553, 1.715e-4
0.554, 1.692e-4
0.555, 1.672e-4
0.556, 1.652e-4
0.557, 1.632e-4
0.558, 1.613e-4
0.559, 1.592e-4
0.560, 1.571e-4
0.561, 1.551e-4
0.562, 1.532e-4
0.563, 1.514e-4
0.564, 1.498e-4
0.565, 1.482e-4
0.566, 1.465e-4
0.567, 1.448e-4
0.568, 1.433e-4
0.569, 1.418e-4
0.570, 1.406e-4
0.571, 1.391e-4
0.572, 1.378e-4
0.573, 1.365e-4
0.574, 1.353e-4
0.575, 1.340e-4
0.576, 1.325e-4
0.577, 1.315e-4
0.578, 1.305e-4
0.579, 1.294e-4
0.580, 1.286e-4
0.581, 1.278e-4
0.582, 1.270e-4
0.583, 1.265e-4
0.584, 1.260e-4
0.585, 1.253e-4
0.586, 1.248e-4
0.587, 1.243e-4
0.588, 1.237e-4
0.589, 1.235e-4
0.590, 1.231e-4
0.591, 1.225e-4
0.592, 1.220e-4
0.593, 1.220e-4
0.594, 1.218e-4
0.595, 1.218e-4
0.596, 1.216e-4
0.597, 1.216e-4
0.598, 1.217e-4
0.599, 1.216e-4
0.600, 1.218e-4
0.601, 1.221e-4
0.602, 1.221e-4
0.603, 1.226e-4
0.604, 1.233e-4
0.605, 1.236e-4
0.606, 1.241e-4
0.607, 1.247e-4
0.608, 1.254e-4
0.609, 1.260e-4
0.610, 1.267e-4
0.611, 1.275e-4
0.612, 1.283e-4
0.613, 1.293e-4
0.614, 1.302e-4
0.615, 1.311e-4
0.616, 1.330e-4
0.617, 1.345e-4
0.618, 1.361e-4
0.619, 1.377e-4
0.620, 1.396e-4
0.621, 1.412e-4
0.622, 1.429e-4
0.623, 1.448e-4
0.624, 1.469e-4
0.625, 1.492e-4
0.626, 1.514e-4
0.627, 1.535e-4
0.628, 1.562e-4
0.629, 1.590e-4
0.630, 1.619e-4
0.631, 1.645e-4
0.632, 1.675e-4
0.633, 1.707e-4
0.634, 1.736e-4
0.635, 1.768e-4
0.636, 1.805e-4
0.637, 1.844e-4
0.638, 1.884e-4
0.639, 1.922e-4
0.640, 1.961e-4
0.641, 2.004e-4
0.642, 2.048e-4
0.643, 2.094e-4
0.644, 2.141e-4
0.645, 2.188e-4
0.646, 2.237e-4
0.647, 2.289e-4
0.648, 2.345e-4
0.649, 2.401e-4
0.650, 2.455e-4
0.651, 2.513e-4
0.652, 2.579e-4
0.653, 2.638e-4
0.654, 2.703e-4
0.655, 2.768e-4
0.656, 2.840e-4
0.657, 2.910e-4
0.658, 2.982e-4
0.659, 3.058e-4
0.660, 3.136e-4
0.661, 3.213e-4
0.662, 3.295e-4
0.663, 3.378e-4
0.664, 3.464e-4
0.665, 3.550e-4
0.666, 3.642e-4
0.667, 3.731e-4
0.668, 3.826e-4
0.669, 3.923e-4
0.670, 4.022e-4
0.671, 4.124e-4
0.672, 4.226e-4
0.673, 4.334e-4
0.674, 4.441e-4
0.675, 4.550e-4
0.676, 4.662e-4
0.677, 4.774e-4
0.678, 4.894e-4
0.679, 5.010e-4
0.680, 5.131e-4
0.681, 5.255e-4
0.682, 5.382e-4
0.683, 5.512e-4
0.684, 5.642e-4
0.685, 5.777e-4
0.686, 5.911e-4
0.687, 6.048e-4
0.688, 6.186e-4
0.689, 6.332e-4
0.690, 6.478e-4
0.691, 6.625e-4
0.692, 6.779e-4
0.693, 6.929e-4
0.694, 7.086e-4
0.695, 7.242e-4
0.696, 7.404e-4
0.697, 7.566e-4
0.698, 7.729e-4
0.699, 7.900e-4
0.700, 8.069e-4
0.701, 8.242e-4
0.702, 8.418e-4
0.703, 8.593e-4
0.704, 8.768e-4
0.705, 8.952e-4
0.706, 9.134e-4
0.707, 9.320e-4
0.708, 9.511e-4
0.709, 9.700e-4
0.710, 9.891e-4
0.711, 1.008e-3
0.712, 1.028e-3
0.713, 1.049e-3
0.714, 1.069e-3
0.715, 1.089e-3
0.716, 1.110e-3
0.717, 1.132e-3
0.718, 1.153e-3
0.719, 1.174e-3
0.720, 1.196e-3
0.721, 1.218e-3
0.722, 1.240e-3
0.723, 1.262e-3
0.724, 1.285e-3
0.725, 1.307e-3
0.726, 1.331e-3
0.727, 1.353e-3
0.728, 1.377e-3
0.729, 1.400e-3
0.730, 1.424e-3
0.731, 1.448e-3
0.732, 1.472e-3
0.733, 1.496e-3
0.734, 1.521e-3
0.735, 1.546e-3
0.736, 1.571e-3
0.737, 1.597e-3
0.738, 1.622e-3
0.739, 1.648e-3
0.740, 1.674e-3
0.741, 1.700e-3
0.742, 1.726e-3
0.743, 1.753e-3
0.744, 1.779e-3
0.745, 1.806e-3
0.746, 1.833e-3
0.747, 1.861e-3
0.748, 1.888e-3
0.749, 1.916e-3
0.750, 1.944e-3
0.751, 1.972e-3
0.752, 2.001e-3
0.753, 2.029e-3
0.754, 2.058e-3
0.755, 2.087e-3
0.756, 2.116e-3
0.757, 2.145e-3
0.758, 2.174e-3
0.759, 2.204e-3
0.760, 2.233e-3
0.761, 2.263e-3
0.762, 2.294e-3
0.763, 2.324e-3
0.764, 2.355e-3
0.765, 2.385e-3
0.766, 2.416e-3
0.767, 2.447e-3
0.768, 2.479e-3
0.769, 2.510e-3
0.770, 2.541e-3
0.771, 2.573e-3
0.772, 2.605e-3
0.773, 2.637e-3
0.774, 2.669e-3
0.775, 2.701e-3
0.776, 2.734e-3
0.777, 2.767e-3
0.778, 2.799e-3
0.779, 2.832e-3
0.780, 2.866e-3
0.781, 2.899e-3
0.782, 2.932e-3
0.783, 2.966e-3
0.784, 2.999e-3
0.785, 3.034e-3
0.786, 3.068e-3
0.787, 3.102e-3
0.788, 3.137e-3
0.789, 3.171e-3
0.790, 3.206e-3
0.791, 3.241e-3
0.792, 3.276e-3
0.793, 3.311e-3
0.794, 3.346e-3
0.795, 3.382e-3
0.796, 3.418e-3
0.797, 3.453e-3
0.798, 3.489e-3
0.799, 3.526e-3
0.800, 3.548e-3
0.799, 3.517e-3
0.798, 3.478e-3
0.797, 3.440e-3
0.796, 3.402e-3
0.795, 3.364e-3
0.794, 3.326e-3
0.793, 3.289e-3
0.792, 3.251e-3
0.791, 3.214e-3
0.790, 3.177e-3
0.789, 3.140e-3
0.788, 3.103e-3
0.787, 3.066e-3
0.786, 3.030e-3
0.785, 2.994e-3
0.784, 2.959e-3
0.783, 2.923e-3
0.782, 2.888e-3
0.781, 2.853e-3
0.780, 2.818e-3
0.779, 2.783e-3
0.778, 2.748e-3
0.777, 2.714e-3
0.776, 2.680e-3
0.775, 2.646e-3
0.774, 2.612e-3
0.773, 2.579e-3
0.772, 2.546e-3
0.771, 2.513e-3
0.770, 2.480e-3
0.769, 2.447e-3
0.768, 2.415e-3
0.767, 2.382e-3
0.766, 2.350e-3
0.765, 2.318e-3
0.764, 2.287e-3
0.763, 2.256e-3
0.762, 2.224e-3
0.761, 2.193e-3
0.760, 2.163e-3
0.759, 2.132e-3
0.758, 2.102e-3
0.757, 2.072e-3
0.756, 2.042e-3
0.755, 2.013e-3
0.754, 1.984e-3
0.753, 1.955e-3
0.752, 1.926e-3
0.751, 1.897e-3
0.750, 1.869e-3
0.749, 1.840e-3
0.748, 1.812e-3
0.747, 1.784e-3
0.746, 1.757e-3
0.745, 1.730e-3
0.744, 1.703e-3
0.743, 1.676e-3
0.742, 1.650e-3
0.741, 1.623e-3
0.740, 1.597e-3
0.739, 1.571e-3
0.738, 1.545e-3
0.737, 1.520e-3
0.736, 1.495e-3
0.735, 1.470e-3
0.734, 1.445e-3
0.733, 1.420e-3
0.732, 1.396e-3
0.731, 1.372e-3
0.730, 1.348e-3
0.729, 1.325e-3
0.728, 1.302e-3
0.727, 1.279e-3
0.726, 1.256e-3
0.725, 1.233e-3
0.724, 1.211e-3
0.723, 1.189e-3
0.722, 1.167e-3
0.721, 1.145e-3
0.720, 1.124e-3
0.719, 1.103e-3
0.718, 1.082e-3
0.717, 1.060e-3
0.716, 1.039e-3
0.715, 1.019e-3
0.714, 9.988e-4
0.713, 9.791e-4
0.712, 9.596e-4
0.711, 9.402e-4
0.710, 9.209e-4
0.709, 9.020e-4
0.708, 8.833e-4
0.707, 8.649e-4
0.706, 8.468e-4
0.705, 8.286e-4
0.704, 8.110e-4
0.703, 7.934e-4
0.702, 7.761e-4
0.701, 7.587e-4
0.700, 7.419e-4
0.699, 7.251e-4
0.698, 7.086e-4
0.697, 6.924e-4
0.696, 6.763e-4
0.695, 6.604e-4
0.694, 6.453e-4
0.693, 6.297e-4
0.692, 6.143e-4
0.691, 5.996e-4
0.690, 5.851e-4
0.689, 5.707e-4
0.688, 5.566e-4
0.687, 5.425e-4
0.686, 5.287e-4
0.685, 5.151e-4
0.684, 5.019e-4
0.683, 4.887e-4
0.682, 4.755e-4
0.681, 4.628e-4
0.680, 4.505e-4
0.679, 4.381e-4
0.678, 4.261e-4
0.677, 4.142e-4
0.676, 4.024e-4
0.675, 3.909e-4
0.674, 3.793e-4
0.673, 3.683e-4
0.672, 3.575e-4
0.671, 3.467e-4
0.670, 3.362e-4
0.669, 3.255e-4
0.668, 3.157e-4
0.667, 3.058e-4
0.666, 2.961e-4
0.665, 2.864e-4
0.664, 2.769e-4
0.663, 2.680e-4
0.662, 2.590e-4
0.661, 2.498e-4
0.660, 2.416e-4
0.659, 2.332e-4
0.658, 2.248e-4
0.657, 2.172e-4
0.656, 2.094e-4
0.655, 2.014e-4
0.654, 1.941e-4
0.653, 1.870e-4
0.652, 1.793e-4
0.651, 1.726e-4
0.650, 1.657e-4
0.649, 1.592e-4
0.648, 1.523e-4
0.647, 1.459e-4
0.646, 1.399e-4
0.645, 1.336e-4
0.644, 1.275e-4
0.643, 1.222e-4
0.642, 1.166e-4
0.641, 1.111e-4
0.640, 1.054e-4
0.639, 1.003e-4
0.638, 9.531e-5
0.637, 9.046e-5
0.636, 8.593e-5
0.635, 8.085e-5
0.634, 7.650e-5
0.633, 7.232e-5
0.632, 6.793e-5
0.631, 6.375e-5
0.630, 5.982e-5
0.629, 5.567e-5
0.628, 5.198e-5
0.627, 4.863e-5
0.626, 4.472e-5
0.625, 4.123e-5
0.624, 3.825e-5
0.623, 3.484e-5
0.622, 3.172e-5
0.621, 2.876e-5
0.620, 2.604e-5
0.619, 2.323e-5
0.618, 2.046e-5
0.617, 1.780e-5
0.616, 1.532e-5
0.615, 1.281e-5
0.614, 1.088e-5
0.613, 7.928e-6
0.612, 5.507e-6
0.611, 3.505e-6
0.610, 1.386e-6
0.609, -8.006e-7
0.608, -2.587e-6
0.607, -4.696e-6
0.606, -6.405e-6
0.605, -8.104e-6
0.604, -9.920e-6
0.603, -1.140e-5
0.602, -1.308e-5
0.601, -1.477e-5
0.600, -1.652e-5
0.599, -1.793e-5
0.598, -1.899e-5
0.597, -2.023e-5
0.596, -2.148e-5
0.595, -2.265e-5
0.594, -2.377e-5
0.593, -2.499e-5
0.592, -2.602e-5
0.591, -2.711e-5
0.590, -2.797e-5
0.589, -2.926e-5
0.588, -3.029e-5
0.587, -3.085e-5
0.586, -3.184e-5
0.585, -3.266e-5
0.584, -3.346e-5
0.583, -3.429e-5
0.582, -3.510e-5
0.581, -3.578e-5
0.580, -3.674e-5
0.579, -3.739e-5
0.578, -3.808e-5
0.577, -3.886e-5
0.576, -3.923e-5
0.575, -4.002e-5
0.574, -4.075e-5
0.573, -4.154e-5
0.572, -4.208e-5
0.571, -4.262e-5
0.570, -4.320e-5
0.569, -4.368e-5
0.568, -4.406e-5
0.567, -4.446e-5
0.566, -4.499e-5
0.565, -4.553e-5
0.564, -4.617e-5
0.563, -4.656e-5
0.562, -4.708e-5
0.561, -4.745e-5
0.560, -4.797e-5
0.559, -4.839e-5
0.558, -4.889e-5
0.557, -4.945e-5
0.556, -4.984e-5
0.555, -5.021e-5
0.554, -5.055e-5
0.553, -5.105e-5
0.552, -5.158e-5
0.551, -5.195e-5
0.550, -5.227e-5
0.549, -5.281e-5
0.548, -5.318e-5
0.547, -5.362e-5
0.546, -5.414e-5
0.545, -5.448e-5
0.544, -5.498e-5
0.543, -5.536e-5
0.542, -5.562e-5
0.541, -5.603e-5
0.540, -5.649e-5
0.539, -5.681e-5
0.538, -5.736e-5
0.537, -5.790e-5
0.536, -5.827e-5
0.535, -5.863e-5
0.534, -5.899e-5
0.533, -5.956e-5
0.532, -5.983e-5
0.531, -6.034e-5
0.530, -6.089e-5
0.529, -6.130e-5
0.528, -6.189e-5
0.527, -6.233e-5
0.526, -6.270e-5
0.525, -6.307e-5
0.524, -6.359e-5
0.523, -6.427e-5
0.522, -6.467e-5
0.521, -6.523e-5
0.520, -6.567e-5
0.519, -6.631e-5
0.518, -6.661e-5
0.517, -6.720e-5
0.516, -6.751e-5
0.515, -6.802e-5
0.514, -6.838e-5
0.513, -6.884e-5
0.512, -7.024e-5
0.511, -7.039e-5
0.510, -7.062e-5
0.509, -7.091e-5
0.508, -7.145e-5
0.507, -7.183e-5
0.506, -7.252e-5
0.505, -7.299e-5
0.504, -7.369e-5
0.503, -7.438e-5
0.502, -7.502e-5
0.501, -7.565e-5
0.500, -7.626e-5
0.499, -7.659e-5
0.498, -7.736e-5
0.497, -7.803e-5
0.496, -7.862e-5
0.495, -7.943e-5
0.494, -8.019e-5
0.493, -8.084e-5
0.492, -8.150e-5
0.491, -8.218e-5
0.490, -8.283e-5
0.489, -8.365e-5
0.488, -8.451e-5
0.487, -8.543e-5
0.486, -8.632e-5
0.485, -8.702e-5
0.484, -8.808e-5
0.483, -8.879e-5
0.482, -8.959e-5
0.481, -9.049e-5
0.480, -9.133e-5
0.479, -9.240e-5
0.478, -9.305e-5
0.477, -9.392e-5
0.476, -9.484e-5
0.475, -9.583e-5
0.474, -9.681e-5
0.473, -9.767e-5
0.472, -9.899e-5
0.471, -1.002e-4
0.470, -1.012e-4
0.469, -1.024e-4
0.468, -1.033e-4
0.467, -1.046e-4
0.466, -1.057e-4
0.465, -1.069e-4
0.464, -1.079e-4
0.463, -1.094e-4
0.462, -1.107e-4
0.461, -1.124e-4
0.460, -1.141e-4
0.459, -1.154e-4
0.458, -1.166e-4
0.457, -1.178e-4
0.456, -1.191e-4
0.455, -1.206e-4
0.454, -1.218e-4
0.453, -1.235e-4
0.452, -1.252e-4
0.451, -1.267e-4
0.450, -1.283e-4
0.449, -1.298e-4
0.448, -1.311e-4
0.447, -1.330e-4
0.446, -1.347e-4
0.445, -1.366e-4
0.444, -1.384e-4
0.443, -1.402e-4
0.442, -1.420e-4
0.441, -1.435e-4
0.440, -1.451e-4
0.439, -1.471e-4
0.438, -1.489e-4
0.437, -1.508e-4
0.436, -1.526e-4
0.435, -1.547e-4
0.434, -1.564e-4
0.433, -1.582e-4
0.432, -1.600e-4
0.431, -1.620e-4
0.430, -1.638e-4
0.429, -1.657e-4
0.428, -1.675e-4
0.427, -1.691e-4
0.426, -1.708e-4
0.425, -1.724e-4
0.424, -1.741e-4
0.423, -1.757e-4
0.422, -1.770e-4
0.421, -1.788e-4
0.420, -1.806e-4
0.419, -1.820e-4
0.418, -1.837e-4
0.417, -1.851e-4
0.416, -1.868e-4
0.415, -1.883e-4
0.414, -1.896e-4
0.413, -1.910e-4
0.412, -1.924e-4
0.411, -1.939e-4
0.410, -1.934e-4
0.409, -1.918e-4
0.408, -1.946e-4
0.407, -1.962e-4
0.406, -1.974e-4
0.405, -1.989e-4
0.404, -2.000e-4
0.403, -2.011e-4
0.402, -2.022e-4
0.401, -2.033e-4
0.400, -2.044e-4
0.399, -2.052e-4
0.398, -2.062e-4
0.397, -2.069e-4
0.396, -2.077e-4
0.395, -2.083e-4
0.394, -2.090e-4
0.393, -2.096e-4
0.392, -2.101e-4
0.391, -2.107e-4
0.390, -2.111e-4
0.389, -2.112e-4
0.388, -2.113e-4
0.387, -2.114e-4
0.386, -2.113e-4
0.385, -2.112e-4
0.384, -2.111e-4
0.383, -2.109e-4
0.382, -2.103e-4
0.381, -2.095e-4
0.380, -2.089e-4
0.379, -2.079e-4
0.378, -2.070e-4
0.377, -2.059e-4
0.376, -2.046e-4
0.375, -2.036e-4
0.374, -2.021e-4
0.373, -2.007e-4
0.372, -1.992e-4
0.371, -1.973e-4
0.370, -1.954e-4
0.369, -1.935e-4
0.368, -1.914e-4
0.367, -1.893e-4
0.366, -1.870e-4
0.365, -1.846e-4
0.364, -1.821e-4
0.363, -1.795e-4
0.362, -1.768e-4
0.361, -1.741e-4
0.360, -1.713e-4
0.359, -1.685e-4
0.358, -1.657e-4
0.357, -1.626e-4
0.356, -1.595e-4
0.355, -1.562e-4
0.354, -1.531e-4
0.353, -1.498e-4
0.352, -1.464e-4
0.351, -1.435e-4
0.350, -1.403e-4
0.349, -1.370e-4
0.348, -1.336e-4
0.347, -1.304e-4
0.346, -1.272e-4
0.345, -1.238e-4
0.344, -1.208e-4
0.343, -1.180e-4
0.342, -1.153e-4
0.341, -1.121e-4
0.340, -1.088e-4
0.339, -1.060e-4
0.338, -1.033e-4
0.337, -1.006e-4
0.336, -9.785e-5
0.335, -9.527e-5
0.334, -9.274e-5
0.333, -9.042e-5
0.332, -8.797e-5
0.331, -8.534e-5
0.330, -8.304e-5
0.329, -8.082e-5
0.328, -7.864e-5
0.327, -7.656e-5
0.326, -7.443e-5
0.325, -7.245e-5
0.324, -7.062e-5
0.323, -6.890e-5
0.322, -6.738e-5
0.321, -6.575e-5
0.320, -6.393e-5
0.319, -6.220e-5
0.318, -6.045e-5
0.317, -5.891e-5
0.316, -5.747e-5
0.315, -5.611e-5
0.314, -5.477e-5
0.313, -5.350e-5
0.312, -5.229e-5
0.311, -5.100e-5
0.310, -4.970e-5
0.309, -4.854e-5
0.308, -4.756e-5
0.307, -4.669e-5
0.306, -4.558e-5
0.305, -4.465e-5
0.304, -4.371e-5
0.303, -4.280e-5
0.302, -4.196e-5
0.301, -4.117e-5
0.300, -4.042e-5
0.299, -3.943e-5
0.298, -3.865e-5
0.297, -3.788e-5
0.296, -3.701e-5
0.295, -3.623e-5
0.294, -3.554e-5
0.293, -3.487e-5
0.292, -3.428e-5
0.291, -3.366e-5
0.290, -3.305e-5
0.289, -3.254e-5
0.288, -3.196e-5
0.287, -3.142e-5
0.286, -3.084e-5
0.285, -3.038e-5
0.284, -2.990e-5
0.283, -2.951e-5
0.282, -2.897e-5
0.281, -2.860e-5
0.280, -2.818e-5
0.279, -2.767e-5
0.278, -2.725e-5
0.277, -2.689e-5
0.276, -2.657e-5
0.275, -2.612e-5
0.274, -2.574e-5
0.273, -2.542e-5
0.272, -2.506e-5
0.271, -2.475e-5
0.270, -2.437e-5
0.269, -2.402e-5
0.268, -2.369e-5
0.267, -2.342e-5
0.266, -2.313e-5
0.265, -2.288e-5
0.264, -2.260e-5
0.263, -2.233e-5
0.262, -2.208e-5
0.261, -2.189e-5
0.260, -2.159e-5
0.259, -2.131e-5
0.258, -2.116e-5
0.257, -2.095e-5
0.256, -2.068e-5
0.255, -2.048e-5
0.254, -2.022e-5
0.253, -2.005e-5
0.252, -1.982e-5
0.251, -1.971e-5
0.250, -1.948e-5
0.249, -1.933e-5
0.248, -1.912e-5
0.247, -1.895e-5
0.246, -1.884e-5
0.245, -1.870e-5
0.244, -1.847e-5
0.243, -1.828e-5
0.242, -1.817e-5
0.241, -1.806e-5
0.240, -1.788e-5
0.239, -1.779e-5
0.238, -1.755e-5
0.237, -1.748e-5
0.236, -1.736e-5
0.235, -1.719e-5
0.234, -1.700e-5
0.233, -1.680e-5
0.232, -1.671e-5
0.231, -1.665e-5
0.230, -1.645e-5
0.229, -1.634e-5
0.228, -1.618e-5
0.227, -1.604e-5
0.226, -1.595e-5
0.225, -1.577e-5
0.224, -1.565e-5
0.223, -1.559e-5
0.222, -1.548e-5
0.221, -1.526e-5
0.220, -1.515e-5
0.219, -1.507e-5
0.218, -1.490e-5
0.217, -1.489e-5
0.216, -1.476e-5
0.215, -1.460e-5
0.214, -1.449e-5
0.213, -1.440e-5
0.212, -1.432e-5
0.211, -1.417e-5
0.210, -1.411e-5
0.209, -1.406e-5
0.208, -1.385e-5
0.207, -1.376e-5
0.206, -1.375e-5
0.205, -1.354e-5
0.204, -1.345e-5
0.203, -1.331e-5
0.202, -1.331e-5
0.201, -1.326e-5
0.200, -1.159e-5
0.201, -8.426e-6
0.202, -7.342e-6
0.203, -6.503e-6
0.204, -5.829e-6
0.205, -5.419e-6
0.206, -4.843e-6
0.207, -4.355e-6
0.208, -3.993e-6
0.209, -3.671e-6
0.210, -3.310e-6
0.211, -2.958e-6
0.212, -2.724e-6
0.213, -2.382e-6
0.214, -2.187e-6
0.215, -1.855e-6
0.216, -1.679e-6
0.217, -1.474e-6
0.218, -1.211e-6
0.219, -1.025e-6
0.220, -8.299e-7
0.221, -6.542e-7
0.222, -4.589e-7
0.223, -2.246e-7
0.224, -1.953e-8
0.225, 1.660e-7
0.226, 2.539e-7
0.227, 3.613e-7
0.228, 5.272e-7
0.229, 7.225e-7
0.230, 7.909e-7
0.231, 9.373e-7
0.232, 1.025e-6
0.233, 1.152e-6
0.234, 1.279e-6
0.235, 1.484e-6
0.236, 1.582e-6
0.237, 1.689e-6
0.238, 1.855e-6
0.239, 1.914e-6
0.240, 2.041e-6
0.241, 2.138e-6
0.242, 2.324e-6
0.243, 2.382e-6
0.244, 2.402e-6
0.245, 2.519e-6
0.246, 2.646e-6
0.247, 2.812e-6
0.248, 2.861e-6
0.249, 2.949e-6
0.250, 3.056e-6
0.251, 3.144e-6
0.252, 3.261e-6
0.253, 3.369e-6
0.254, 3.486e-6
0.255, 3.534e-6
0.256, 3.661e-6
0.257, 3.730e-6
0.258, 3.847e-6
0.259, 3.837e-6
0.260, 3.993e-6
0.261, 4.081e-6
0.262, 4.111e-6
0.263, 4.228e-6
0.264, 4.394e-6
0.265, 4.374e-6
0.266, 4.462e-6
0.267, 4.550e-6
0.268, 4.667e-6
0.269, 4.628e-6
0.270, 4.774e-6
0.271, 4.843e-6
0.272, 4.931e-6
0.273, 5.038e-6
0.274, 5.165e-6
0.275, 5.214e-6
0.276, 5.311e-6
0.277, 5.370e-6
0.278, 5.497e-6
0.279, 5.536e-6
0.280, 5.614e-6
0.281, 5.731e-6
0.282, 5.770e-6
0.283, 5.858e-6
0.284, 5.917e-6
0.285, 6.034e-6
0.286, 6.102e-6
0.287, 6.278e-6
0.288, 6.229e-6
0.289, 6.327e-6
0.290, 6.386e-6
0.291, 6.542e-6
0.292, 6.659e-6
0.293, 6.678e-6
0.294, 6.786e-6
0.295, 6.815e-6
0.296, 6.932e-6
0.297, 7.030e-6
0.298, 7.079e-6
0.299, 7.254e-6
0.300, 7.313e-6
0.301, 7.401e-6
0.302, 7.469e-6
0.303, 7.586e-6
0.304, 7.655e-6
0.305, 7.743e-6
0.306, 7.860e-6
0.307, 7.987e-6
0.308, 8.133e-6
0.309, 8.133e-6
0.310, 8.221e-6
0.311, 8.407e-6
0.312, 8.397e-6
0.313, 8.543e-6
0.314, 8.602e-6
0.315, 8.748e-6
0.316, 8.797e-6
0.317, 8.963e-6
0.318, 9.051e-6
0.319, 9.149e-6
0.320, 9.129e-6
0.321, 9.305e-6
0.322, 9.500e-6
0.323, 9.539e-6
0.324, 9.627e-6
0.325, 9.754e-6
0.326, 9.861e-6
0.327, 1.001e-5
0.328, 1.008e-5
0.329, 1.019e-5
0.330, 1.030e-5
0.331, 1.037e-5
0.332, 1.057e-5
0.333, 1.068e-5
0.334, 1.075e-5
0.335, 1.090e-5
0.336, 1.098e-5
0.337, 1.104e-5
0.338, 1.121e-5
0.339, 1.133e-5
0.340, 1.150e-5
0.341, 1.154e-5
0.342, 1.167e-5
0.343, 1.184e-5
0.344, 1.197e-5
0.345, 1.202e-5
0.346, 1.215e-5
0.347, 1.228e-5
0.348, 1.244e-5
0.349, 1.261e-5
0.350, 1.269e-5
0.351, 1.279e-5
0.352, 1.295e-5
0.353, 1.310e-5
0.354, 1.324e-5
0.355, 1.337e-5
0.356, 1.348e-5
0.357, 1.357e-5
0.358, 1.375e-5
0.359, 1.389e-5
0.360, 1.397e-5
0.361, 1.420e-5
0.362, 1.432e-5
0.363, 1.453e-5
0.364, 1.470e-5
0.365, 1.481e-5
0.366, 1.486e-5
0.367, 1.506e-5
0.368, 1.521e-5
0.369, 1.537e-5
0.370, 1.555e-5
0.371, 1.566e-5
0.372, 1.586e-5
0.373, 1.604e-5
0.374, 1.621e-5
0.375, 1.634e-5
0.376, 1.646e-5
0.377, 1.668e-5
0.378, 1.695e-5
0.379, 1.711e-5
0.380, 1.729e-5
0.381, 1.748e-5
0.382, 1.772e-5
0.383, 1.789e-5
0.384, 1.807e-5
0.385, 1.823e-5
0.386, 1.850e-5
0.387, 1.866e-5
0.388, 1.885e-5
0.389, 1.904e-5
0.390, 1.935e-5
0.391, 1.954e-5
0.392, 1.976e-5
0.393, 2.004e-5
0.394, 2.025e-5
0.395, 2.061e-5
0.396, 2.077e-5
0.397, 2.100e-5
0.398, 2.135e-5
0.399, 2.160e-5
0.400, 2.194e-5
0.401, 2.218e-5
0.402, 2.249e-5
0.403, 2.275e-5
0.404, 2.315e-5
0.405, 2.344e-5
0.406, 2.385e-5
0.407, 2.411e-5
0.408, 2.447e-5
0.409, 2.472e-5
0.410, 2.416e-5
0.411, 2.518e-5
0.412, 2.565e-5
0.413, 2.605e-5
0.414, 2.647e-5
0.415, 2.689e-5
0.416, 2.727e-5
0.417, 2.773e-5
0.418, 2.817e-5
0.419, 2.869e-5
0.420, 2.909e-5
0.421, 2.954e-5
0.422, 3.005e-5
0.423, 3.052e-5
0.424, 3.107e-5
0.425, 3.178e-5
0.426, 3.230e-5
0.427, 3.306e-5
0.428, 3.375e-5
0.429, 3.451e-5
0.430, 3.534e-5
0.431, 3.619e-5
0.432, 3.692e-5
0.433, 3.796e-5
0.434, 3.878e-5
0.435, 3.982e-5
0.436, 4.093e-5
0.437, 4.198e-5
0.438, 4.325e-5
0.439, 4.467e-5
0.440, 4.618e-5
0.441, 4.788e-5
0.442, 4.947e-5
0.443, 5.129e-5
0.444, 5.326e-5
0.445, 5.521e-5
0.446, 5.756e-5
0.447, 6.017e-5
0.448, 6.266e-5
0.449, 6.536e-5
0.450, 6.825e-5
0.451, 7.162e-5
0.452, 7.512e-5
0.453, 7.877e-5
0.454, 8.277e-5
0.455, 8.742e-5
0.456, 9.180e-5
0.457, 9.683e-5
0.458, 1.021e-4
0.459, 1.079e-4
0.460, 1.140e-4
0.461, 1.205e-4
0.462, 1.271e-4
0.463, 1.345e-4
0.464, 1.422e-4
0.465, 1.502e-4
0.466, 1.588e-4
0.467, 1.675e-4
0.468, 1.766e-4
0.469, 1.863e-4
0.470, 1.958e-4
0.471, 2.054e-4
0.472, 2.154e-4
0.473, 2.247e-4
0.474, 2.341e-4
0.475, 2.434e-4
0.476, 2.522e-4
0.477, 2.612e-4
0.478, 2.693e-4
0.479, 2.766e-4
0.480, 2.844e-4
0.481, 2.910e-4
0.482, 2.965e-4
0.483, 3.018e-4
0.484, 3.065e-4
0.485, 3.101e-4
0.486, 3.133e-4
0.487, 3.161e-4
0.488, 3.178e-4
0.489, 3.193e-4
0.490, 3.197e-4
0.491, 3.200e-4
0.492, 3.197e-4
0.493, 3.188e-4
0.494, 3.178e-4
0.495, 3.163e-4
0.496, 3.144e-4
0.497, 3.123e-4
0.498, 3.102e-4
0.499, 3.079e-4
0.500, 3.052e-4
0.501, 3.023e-4
0.502, 2.997e-4
0.503, 2.969e-4
0.504, 2.944e-4
0.505, 2.919e-4
0.506, 2.889e-4
0.507, 2.864e-4
0.508, 2.839e-4
0.509, 2.810e-4
0.510, 2.785e-4
0.511, 2.758e-4
0.512, 2.745e-4
0.513, 2.725e-4
0.514, 2.703e-4
0.515, 2.679e-4
0.516, 2.655e-4
0.517, 2.630e-4
0.518, 2.608e-4
0.519, 2.586e-4
0.520, 2.561e-4
0.521, 2.538e-4
0.522, 2.510e-4
0.523, 2.487e-4
0.524, 2.468e-4
0.525, 2.443e-4
0.526, 2.420e-4
0.527, 2.397e-4
0.528, 2.372e-4
0.529, 2.351e-4
0.530, 2.326e-4
0.531, 2.298e-4
0.532, 2.270e-4
0.533, 2.247e-4
0.534, 2.223e-4
0.535, 2.198e-4
0.536, 2.173e-4
0.537, 2.149e-4
0.538, 2.125e-4
0.539, 2.096e-4
0.540, 2.069e-4
0.541, 2.040e-4
0.542, 2.015e-4
0.543, 1.988e-4
0.544, 1.964e-4
0.545, 1.939e-4
0.546, 1.914e-4
0.547, 1.888e-4
0.548, 1.865e-4
0.549, 1.838e-4
0.550, 1.812e-4
0.551, 1.783e-4
0.552, 1.761e-4
0.553, 1.741e-4
0.554, 1.718e-4
0.555, 1.697e-4
0.556, 1.675e-4
0.557, 1.654e-4
0.558, 1.634e-4
0.559, 1.615e-4
0.560, 1.595e-4
0.561, 1.575e-4
0.562, 1.554e-4
0.563, 1.535e-4
0.564, 1.521e-4
0.565, 1.502e-4
0.566, 1.487e-4
0.567, 1.471e-4
0.568, 1.452e-4
0.569, 1.439e-4
0.570, 1.423e-4
0.571, 1.412e-4
0.572, 1.399e-4
0.573, 1.385e-4
0.574, 1.375e-4
0.575, 1.361e-4
0.576, 1.349e-4
0.577, 1.339e-4
0.578, 1.326e-4
0.579, 1.316e-4
0.580, 1.307e-4
0.581, 1.298e-4
0.582, 1.291e-4
0.583, 1.284e-4
0.584, 1.278e-4
0.585, 1.274e-4
0.586, 1.267e-4
0.587, 1.264e-4
0.588, 1.259e-4
0.589, 1.258e-4
0.590, 1.253e-4
0.591, 1.250e-4
0.592, 1.248e-4
0.593, 1.247e-4
0.594, 1.246e-4
0.595, 1.245e-4
0.596, 1.245e-4
0.597, 1.245e-4
0.598, 1.246e-4
0.599, 1.246e-4
0.600, 1.249e-4
0.601, 1.252e-4
0.602, 1.252e-4
0.603, 1.259e-4
0.604, 1.263e-4
0.605, 1.266e-4
0.606, 1.273e-4
0.607, 1.280e-4
0.608, 1.286e-4
0.609, 1.294e-4
0.610, 1.303e-4
0.611, 1.314e-4
0.612, 1.328e-4
0.613, 1.339e-4
0.614, 1.352e-4
0.615, 1.359e-4
0.616, 1.379e-4
0.617, 1.396e-4
0.618, 1.409e-4
0.619, 1.426e-4
0.620, 1.446e-4
0.621, 1.463e-4
0.622, 1.486e-4
0.623, 1.506e-4
0.624, 1.528e-4
0.625, 1.552e-4
0.626, 1.578e-4
0.627, 1.603e-4
0.628, 1.630e-4
0.629, 1.658e-4
0.630, 1.687e-4
0.631, 1.715e-4
0.632, 1.748e-4
0.633, 1.780e-4
0.634, 1.815e-4
0.635, 1.856e-4
0.636, 1.892e-4
0.637, 1.931e-4
0.638, 1.972e-4
0.639, 2.012e-4
0.640, 2.058e-4
0.641, 2.105e-4
0.642, 2.150e-4
0.643, 2.198e-4
0.644, 2.245e-4
0.645, 2.298e-4
0.646, 2.355e-4
0.647, 2.411e-4
0.648, 2.465e-4
0.649, 2.523e-4
0.650, 2.587e-4
0.651, 2.651e-4
0.652, 2.715e-4
0.653, 2.777e-4
0.654, 2.850e-4
0.655, 2.923e-4
0.656, 2.994e-4
0.657, 3.071e-4
0.658, 3.149e-4
0.659, 3.226e-4
0.660, 3.309e-4
0.661, 3.393e-4
0.662, 3.479e-4
0.663, 3.568e-4
0.664, 3.659e-4
0.665, 3.749e-4
0.666, 3.847e-4
0.667, 3.947e-4
0.668, 4.046e-4
0.669, 4.147e-4
0.670, 4.251e-4
0.671, 4.360e-4
0.672, 4.471e-4
0.673, 4.581e-4
0.674, 4.693e-4
0.675, 4.811e-4
0.676, 4.930e-4
0.677, 5.051e-4
0.678, 5.172e-4
0.679, 5.298e-4
0.680, 5.428e-4
0.681, 5.561e-4
0.682, 5.690e-4
0.683, 5.827e-4
0.684, 5.964e-4
0.685, 6.103e-4
0.686, 6.248e-4
0.687, 6.392e-4
0.688, 6.542e-4
0.689, 6.693e-4
0.690, 6.846e-4
0.691, 7.004e-4
0.692, 7.163e-4
0.693, 7.323e-4
0.694, 7.487e-4
0.695, 7.653e-4
0.696, 7.824e-4
0.697, 7.996e-4
0.698, 8.168e-4
0.699, 8.348e-4
0.700, 8.526e-4
0.701, 8.703e-4
0.702, 8.889e-4
0.703, 9.075e-4
0.704, 9.261e-4
0.705, 9.451e-4
0.706, 9.644e-4
0.707, 9.839e-4
0.708, 1.004e-3
0.709, 1.024e-3
0.710, 1.044e-3
0.711, 1.064e-3
0.712, 1.085e-3
0.713, 1.106e-3
0.714, 1.127e-3
0.715, 1.149e-3
0.716, 1.170e-3
0.717, 1.193e-3
0.718, 1.215e-3
0.719, 1.238e-3
0.720, 1.260e-3
0.721, 1.283e-3
0.722, 1.306e-3
0.723, 1.330e-3
0.724, 1.353e-3
0.725, 1.377e-3
0.726, 1.401e-3
0.727, 1.425e-3
0.728, 1.449e-3
0.729, 1.474e-3
0.730, 1.499e-3
0.731, 1.524e-3
0.732, 1.549e-3
0.733, 1.575e-3
0.734, 1.601e-3
0.735, 1.627e-3
0.736, 1.653e-3
0.737, 1.679e-3
0.738, 1.706e-3
0.739, 1.733e-3
0.740, 1.760e-3
0.741, 1.787e-3
0.742, 1.814e-3
0.743, 1.842e-3
0.744, 1.870e-3
0.745, 1.898e-3
0.746, 1.926e-3
0.747, 1.955e-3
0.748, 1.983e-3
0.749, 2.012e-3
0.750, 2.041e-3
0.751, 2.071e-3
0.752, 2.100e-3
0.753, 2.130e-3
0.754, 2.159e-3
0.755, 2.189e-3
0.756, 2.219e-3
0.757, 2.249e-3
0.758, 2.280e-3
0.759, 2.310e-3
0.760, 2.341e-3
0.761, 2.373e-3
0.762, 2.404e-3
0.763, 2.435e-3
0.764, 2.467e-3
0.765, 2.499e-3
0.766, 2.531e-3
0.767, 2.563e-3
0.768, 2.595e-3
0.769, 2.628e-3
0.770, 2.660e-3
0.771, 2.693e-3
0.772, 2.726e-3
0.773, 2.759e-3
0.774, 2.792e-3
0.775, 2.826e-3
0.776, 2.859e-3
0.777, 2.893e-3
0.778, 2.927e-3
0.779, 2.961e-3
0.780, 2.995e-3
0.781, 3.030e-3
0.782, 3.064e-3
0.783, 3.099e-3
0.784, 3.134e-3
0.785, 3.169e-3
0.786, 3.204e-3
0.787, 3.240e-3
0.788, 3.275e-3
0.789, 3.311e-3
0.790, 3.347e-3
0.791, 3.382e-3
0.792, 3.419e-3
0.793, 3.455e-3
0.794, 3.492e-3
0.795, 3.529e-3
0.796, 3.565e-3
0.797, 3.602e-3
0.798, 3.639e-3
0.799, 3.676e-3
0.800, 3.699e-3
0.799, 3.668e-3
0.798, 3.628e-3
0.797, 3.589e-3
0.796, 3.550e-3
0.795, 3.511e-3
0.794, 3.472e-3
0.793, 3.433e-3
0.792, 3.394e-3
0.791, 3.356e-3
0.790, 3.319e-3
0.789, 3.281e-3
0.788, 3.243e-3
0.787, 3.206e-3
0.786, 3.169e-3
0.785, 3.132e-3
0.784, 3.095e-3
0.783, 3.058e-3
0.782, 3.021e-3
0.781, 2.985e-3
0.780, 2.949e-3
0.779, 2.914e-3
0.778, 2.878e-3
0.777, 2.843e-3
0.776, 2.807e-3
0.775, 2.772e-3
0.774, 2.738e-3
0.773, 2.703e-3
0.772, 2.669e-3
0.771, 2.635e-3
0.770, 2.601e-3
0.769, 2.567e-3
0.768, 2.533e-3
0.767, 2.500e-3
0.766, 2.467e-3
0.765, 2.434e-3
0.764, 2.401e-3
0.763, 2.369e-3
0.762, 2.336e-3
0.761, 2.304e-3
0.760, 2.272e-3
0.759, 2.241e-3
0.758, 2.209e-3
0.757, 2.178e-3
0.756, 2.148e-3
0.755, 2.117e-3
0.754, 2.087e-3
0.753, 2.057e-3
0.752, 2.027e-3
0.751, 1.997e-3
0.750, 1.967e-3
0.749, 1.938e-3
0.748, 1.909e-3
0.747, 1.880e-3
0.746, 1.851e-3
0.745, 1.823e-3
0.744, 1.794e-3
0.743, 1.766e-3
0.742, 1.739e-3
0.741, 1.711e-3
0.740, 1.684e-3
0.739, 1.657e-3
0.738, 1.630e-3
0.737, 1.604e-3
0.736, 1.578e-3
0.735, 1.551e-3
0.734, 1.526e-3
0.733, 1.500e-3
0.732, 1.475e-3
0.731, 1.449e-3
0.730, 1.425e-3
0.729, 1.400e-3
0.728, 1.376e-3
0.727, 1.352e-3
0.726, 1.328e-3
0.725, 1.304e-3
0.724, 1.280e-3
0.723, 1.257e-3
0.722, 1.234e-3
0.721, 1.211e-3
0.720, 1.189e-3
0.719, 1.167e-3
0.718, 1.145e-3
0.717, 1.123e-3
0.716, 1.100e-3
0.715, 1.079e-3
0.714, 1.058e-3
0.713, 1.038e-3
0.712, 1.017e-3
0.711, 9.966e-4
0.710, 9.767e-4
0.709, 9.569e-4
0.708, 9.372e-4
0.707, 9.176e-4
0.706, 8.985e-4
0.705, 8.795e-4
0.704, 8.610e-4
0.703, 8.426e-4
0.702, 8.242e-4
0.701, 8.061e-4
0.700, 7.884e-4
0.699, 7.706e-4
0.698, 7.534e-4
0.697, 7.361e-4
0.696, 7.192e-4
0.695, 7.026e-4
0.694, 6.861e-4
0.693, 6.697e-4
0.692, 6.541e-4
0.691, 6.381e-4
0.690, 6.226e-4
0.689, 6.074e-4
0.688, 5.926e-4
0.687, 5.780e-4
0.686, 5.632e-4
0.685, 5.490e-4
0.684, 5.348e-4
0.683, 5.207e-4
0.682, 5.073e-4
0.681, 4.938e-4
0.680, 4.804e-4
0.679, 4.674e-4
0.678, 4.548e-4
0.677, 4.422e-4
0.676, 4.297e-4
0.675, 4.174e-4
0.674, 4.053e-4
0.673, 3.936e-4
0.672, 3.817e-4
0.671, 3.704e-4
0.670, 3.595e-4
0.669, 3.484e-4
0.668, 3.377e-4
0.667, 3.269e-4
0.666, 3.168e-4
0.665, 3.067e-4
0.664, 2.967e-4
0.663, 2.872e-4
0.662, 2.773e-4
0.661, 2.681e-4
0.660, 2.590e-4
0.659, 2.497e-4
0.658, 2.414e-4
0.657, 2.328e-4
0.656, 2.242e-4
0.655, 2.163e-4
0.654, 2.083e-4
0.653, 2.007e-4
0.652, 1.931e-4
0.651, 1.856e-4
0.650, 1.779e-4
0.649, 1.710e-4
0.648, 1.644e-4
0.647, 1.574e-4
0.646, 1.505e-4
0.645, 1.440e-4
0.644, 1.379e-4
0.643, 1.316e-4
0.642, 1.257e-4
0.641, 1.200e-4
0.640, 1.145e-4
0.639, 1.087e-4
0.638, 1.033e-4
0.637, 9.819e-5
0.636, 9.290e-5
0.635, 8.818e-5
0.634, 8.316e-5
0.633, 7.843e-5
0.632, 7.407e-5
0.631, 6.948e-5
0.630, 6.539e-5
0.629, 6.132e-5
0.628, 5.702e-5
0.627, 5.346e-5
0.626, 4.952e-5
0.625, 4.561e-5
0.624, 4.208e-5
0.623, 3.865e-5
0.622, 3.540e-5
0.621, 3.217e-5
0.620, 2.906e-5
0.619, 2.637e-5
0.618, 2.340e-5
0.617, 2.049e-5
0.616, 1.770e-5
0.615, 1.506e-5
0.614, 1.323e-5
0.613, 1.010e-5
0.612, 7.489e-6
0.611, 5.253e-6
0.610, 3.037e-6
0.609, 7.420e-7
0.608, -1.308e-6
0.607, -3.339e-6
0.606, -5.292e-6
0.605, -7.245e-6
0.604, -8.973e-6
0.603, -1.069e-5
0.602, -1.247e-5
0.601, -1.414e-5
0.600, -1.590e-5
0.599, -1.756e-5
0.598, -1.879e-5
0.597, -1.996e-5
0.596, -2.137e-5
0.595, -2.261e-5
0.594, -2.379e-5
0.593, -2.499e-5
0.592, -2.613e-5
0.591, -2.737e-5
0.590, -2.841e-5
0.589, -2.953e-5
0.588, -3.055e-5
0.587, -3.130e-5
0.586, -3.245e-5
0.585, -3.325e-5
0.584, -3.409e-5
0.583, -3.501e-5
0.582, -3.581e-5
0.581, -3.677e-5
0.580, -3.760e-5
0.579, -3.831e-5
0.578, -3.915e-5
0.577, -3.995e-5
0.576, -4.041e-5
0.575, -4.135e-5
0.574, -4.195e-5
0.573, -4.254e-5
0.572, -4.311e-5
0.571, -4.370e-5
0.570, -4.423e-5
0.569, -4.485e-5
0.568, -4.538e-5
0.567, -4.585e-5
0.566, -4.638e-5
0.565, -4.677e-5
0.564, -4.743e-5
0.563, -4.813e-5
0.562, -4.845e-5
0.561, -4.897e-5
0.560, -4.940e-5
0.559, -4.985e-5
0.558, -5.043e-5
0.557, -5.103e-5
0.556, -5.160e-5
0.555, -5.184e-5
0.554, -5.245e-5
0.553, -5.270e-5
0.552, -5.328e-5
0.551, -5.375e-5
0.550, -5.385e-5
0.549, -5.452e-5
0.548, -5.489e-5
0.547, -5.535e-5
0.546, -5.592e-5
0.545, -5.623e-5
0.544, -5.663e-5
0.543, -5.712e-5
0.542, -5.747e-5
0.541, -5.780e-5
0.540, -5.841e-5
0.539, -5.877e-5
0.538, -5.922e-5
0.537, -5.978e-5
0.536, -6.030e-5
0.535, -6.081e-5
0.534, -6.111e-5
0.533, -6.161e-5
0.532, -6.225e-5
0.531, -6.252e-5
0.530, -6.315e-5
0.529, -6.378e-5
0.528, -6.423e-5
0.527, -6.461e-5
0.526, -6.510e-5
0.525, -6.525e-5
0.524, -6.587e-5
0.523, -6.637e-5
0.522, -6.693e-5
0.521, -6.741e-5
0.520, -6.780e-5
0.519, -6.827e-5
0.518, -6.875e-5
0.517, -6.909e-5
0.516, -6.964e-5
0.515, -6.978e-5
0.514, -7.052e-5
0.513, -7.090e-5
0.512, -7.254e-5
0.511, -7.281e-5
0.510, -7.296e-5
0.509, -7.335e-5
0.508, -7.385e-5
0.507, -7.442e-5
0.506, -7.518e-5
0.505, -7.584e-5
0.504, -7.626e-5
0.503, -7.697e-5
0.502, -7.741e-5
0.501, -7.813e-5
0.500, -7.886e-5
0.499, -7.908e-5
0.498, -7.999e-5
0.497, -8.065e-5
0.496, -8.130e-5
0.495, -8.198e-5
0.494, -8.256e-5
0.493, -8.332e-5
0.492, -8.430e-5
0.491, -8.495e-5
0.490, -8.583e-5
0.489, -8.654e-5
0.488, -8.740e-5
0.487, -8.835e-5
0.486, -8.938e-5
0.485, -9.020e-5
0.484, -9.085e-5
0.483, -9.165e-5
0.482, -9.258e-5
0.481, -9.344e-5
0.480, -9.432e-5
0.479, -9.532e-5
0.478, -9.612e-5
0.477, -9.705e-5
0.476, -9.811e-5
0.475, -9.927e-5
0.474, -1.003e-4
0.473, -1.010e-4
0.472, -1.023e-4
0.471, -1.035e-4
0.470, -1.044e-4
0.469, -1.056e-4
0.468, -1.068e-4
0.467, -1.081e-4
0.466, -1.094e-4
0.465, -1.106e-4
0.464, -1.120e-4
0.463, -1.135e-4
0.462, -1.148e-4
0.461, -1.164e-4
0.460, -1.177e-4
0.459, -1.189e-4
0.458, -1.202e-4
0.457, -1.215e-4
0.456, -1.230e-4
0.455, -1.245e-4
0.454, -1.263e-4
0.453, -1.281e-4
0.452, -1.298e-4
0.451, -1.310e-4
0.450, -1.330e-4
0.449, -1.347e-4
0.448, -1.360e-4
0.447, -1.381e-4
0.446, -1.399e-4
0.445, -1.417e-4
0.444, -1.435e-4
0.443, -1.453e-4
0.442, -1.471e-4
0.441, -1.493e-4
0.440, -1.511e-4
0.439, -1.528e-4
0.438, -1.549e-4
0.437, -1.569e-4
0.436, -1.589e-4
0.435, -1.611e-4
0.434, -1.633e-4
0.433, -1.652e-4
0.432, -1.670e-4
0.431, -1.688e-4
0.430, -1.706e-4
0.429, -1.727e-4
0.428, -1.745e-4
0.427, -1.764e-4
0.426, -1.783e-4
0.425, -1.802e-4
0.424, -1.821e-4
0.423, -1.841e-4
0.422, -1.856e-4
0.421, -1.876e-4
0.420, -1.893e-4
0.419, -1.909e-4
0.418, -1.928e-4
0.417, -1.945e-4
0.416, -1.962e-4
0.415, -1.980e-4
0.414, -1.994e-4
0.413, -2.011e-4
0.412, -2.026e-4
0.411, -2.041e-4
0.410, -2.041e-4
0.409, -2.023e-4
0.408, -2.053e-4
0.407, -2.073e-4
0.406, -2.090e-4
0.405, -2.109e-4
0.404, -2.124e-4
0.403, -2.137e-4
0.402, -2.149e-4
0.401, -2.161e-4
0.400, -2.172e-4
0.399, -2.185e-4
0.398, -2.191e-4
0.397, -2.201e-4
0.396, -2.210e-4
0.395, -2.217e-4
0.394, -2.225e-4
0.393, -2.231e-4
0.392, -2.238e-4
0.391, -2.242e-4
0.390, -2.245e-4
0.389, -2.249e-4
0.388, -2.252e-4
0.387, -2.253e-4
0.386, -2.253e-4
0.385, -2.254e-4
0.384, -2.254e-4
0.383, -2.254e-4
0.382, -2.249e-4
0.381, -2.244e-4
0.380, -2.238e-4
0.379, -2.231e-4
0.378, -2.224e-4
0.377, -2.213e-4
0.376, -2.201e-4
0.375, -2.189e-4
0.374, -2.174e-4
0.373, -2.159e-4
0.372, -2.145e-4
0.371, -2.125e-4
0.370, -2.103e-4
0.369, -2.081e-4
0.368, -2.057e-4
0.367, -2.034e-4
0.366, -2.012e-4
0.365, -1.985e-4
0.364, -1.959e-4
0.363, -1.930e-4
0.362, -1.903e-4
0.361, -1.875e-4
0.360, -1.843e-4
0.359, -1.812e-4
0.358, -1.780e-4
0.357, -1.748e-4
0.356, -1.715e-4
0.355, -1.681e-4
0.354, -1.648e-4
0.353, -1.613e-4
0.352, -1.577e-4
0.351, -1.542e-4
0.350, -1.507e-4
0.349, -1.470e-4
0.348, -1.436e-4
0.347, -1.402e-4
0.346, -1.365e-4
0.345, -1.330e-4
0.344, -1.296e-4
0.343, -1.262e-4
0.342, -1.228e-4
0.341, -1.197e-4
0.340, -1.169e-4
0.339, -1.138e-4
0.338, -1.104e-4
0.337, -1.072e-4
0.336, -1.044e-4
0.335, -1.016e-4
0.334, -9.882e-5
0.333, -9.598e-5
0.332, -9.348e-5
0.331, -9.097e-5
0.330, -8.851e-5
0.329, -8.593e-5
0.328, -8.341e-5
0.327, -8.129e-5
0.326, -7.916e-5
0.325, -7.699e-5
0.324, -7.481e-5
0.323, -7.269e-5
0.322, -7.086e-5
0.321, -6.917e-5
0.320, -6.751e-5
0.319, -6.596e-5
0.318, -6.424e-5
0.317, -6.248e-5
0.316, -6.077e-5
0.315, -5.911e-5
0.314, -5.771e-5
0.313, -5.634e-5
0.312, -5.500e-5
0.311, -5.371e-5
0.310, -5.241e-5
0.309, -5.127e-5
0.308, -4.999e-5
0.307, -4.909e-5
0.306, -4.785e-5
0.305, -4.680e-5
0.304, -4.577e-5
0.303, -4.485e-5
0.302, -4.395e-5
0.301, -4.311e-5
0.300, -4.227e-5
0.299, -4.146e-5
0.298, -4.054e-5
0.297, -3.968e-5
0.296, -3.892e-5
0.295, -3.810e-5
0.294, -3.720e-5
0.293, -3.647e-5
0.292, -3.585e-5
0.291, -3.513e-5
0.290, -3.450e-5
0.289, -3.392e-5
0.288, -3.331e-5
0.287, -3.275e-5
0.286, -3.216e-5
0.285, -3.163e-5
0.284, -3.120e-5
0.283, -3.069e-5
0.282, -3.019e-5
0.281, -2.974e-5
0.280, -2.923e-5
0.279, -2.880e-5
0.278, -2.842e-5
0.277, -2.797e-5
0.276, -2.764e-5
0.275, -2.724e-5
0.274, -2.677e-5
0.273, -2.636e-5
0.272, -2.597e-5
0.271, -2.568e-5
0.270, -2.536e-5
0.269, -2.496e-5
0.268, -2.461e-5
0.267, -2.427e-5
0.266, -2.402e-5
0.265, -2.375e-5
0.264, -2.346e-5
0.263, -2.310e-5
0.262, -2.285e-5
0.261, -2.258e-5
0.260, -2.230e-5
0.259, -2.212e-5
0.258, -2.190e-5
0.257, -2.160e-5
0.256, -2.135e-5
0.255, -2.107e-5
0.254, -2.099e-5
0.253, -2.070e-5
0.252, -2.051e-5
0.251, -2.028e-5
0.250, -2.008e-5
0.249, -1.993e-5
0.248, -1.970e-5
0.247, -1.951e-5
0.246, -1.931e-5
0.245, -1.920e-5
0.244, -1.906e-5
0.243, -1.885e-5
0.242, -1.870e-5
0.241, -1.852e-5
0.240, -1.834e-5
0.239, -1.822e-5
0.238, -1.808e-5
0.237, -1.787e-5
0.236, -1.775e-5
0.235, -1.760e-5
0.234, -1.754e-5
0.233, -1.732e-5
0.232, -1.719e-5
0.231, -1.704e-5
0.230, -1.693e-5
0.229, -1.673e-5
0.228, -1.662e-5
0.227, -1.649e-5
0.226, -1.637e-5
0.225, -1.629e-5
0.224, -1.611e-5
0.223, -1.595e-5
0.222, -1.584e-5
0.221, -1.582e-5
0.220, -1.563e-5
0.219, -1.551e-5
0.218, -1.535e-5
0.217, -1.526e-5
0.216, -1.508e-5
0.215, -1.502e-5
0.214, -1.492e-5
0.213, -1.477e-5
0.212, -1.473e-5
0.211, -1.459e-5
0.210, -1.446e-5
0.209, -1.442e-5
0.208, -1.426e-5
0.207, -1.422e-5
0.206, -1.406e-5
0.205, -1.381e-5
0.204, -1.380e-5
0.203, -1.371e-5
0.202, -1.372e-5
0.201, -1.360e-5
0.200, -1.195e-5
0.201, -8.807e-6
0.202, -7.567e-6
0.203, -6.796e-6
0.204, -6.151e-6
0.205, -5.653e-6
0.206, -5.058e-6
0.207, -4.706e-6
0.208, -4.296e-6
0.209, -3.827e-6
0.210, -3.456e-6
0.211, -3.183e-6
0.212, -2.880e-6
0.213, -2.597e-6
0.214, -2.285e-6
0.215, -2.089e-6
0.216, -1.797e-6
0.217, -1.552e-6
0.218, -1.416e-6
0.219, -1.094e-6
0.220, -9.569e-7
0.221, -7.811e-7
0.222, -6.054e-7
0.223, -2.929e-7
0.224, -1.757e-7
0.225, -3.906e-8
0.226, 8.787e-8
0.227, 2.441e-7
0.228, 3.808e-7
0.229, 5.077e-7
0.230, 6.835e-7
0.231, 8.690e-7
0.232, 9.959e-7
0.233, 1.084e-6
0.234, 1.152e-6
0.235, 1.347e-6
0.236, 1.474e-6
0.237, 1.611e-6
0.238, 1.611e-6
0.239, 1.816e-6
0.240, 1.904e-6
0.241, 2.070e-6
0.242, 2.129e-6
0.243, 2.216e-6
0.244, 2.294e-6
0.245, 2.402e-6
0.246, 2.617e-6
0.247, 2.695e-6
0.248, 2.753e-6
0.249, 2.792e-6
0.250, 2.939e-6
0.251, 3.046e-6
0.252, 3.183e-6
0.253, 3.183e-6
0.254, 3.349e-6
0.255, 3.476e-6
0.256, 3.525e-6
0.257, 3.603e-6
0.258, 3.661e-6
0.259, 3.700e-6
0.260, 3.857e-6
0.261, 3.964e-6
0.262, 3.993e-6
0.263, 4.062e-6
0.264, 4.208e-6
0.265, 4.247e-6
0.266, 4.355e-6
0.267, 4.482e-6
0.268, 4.589e-6
0.269, 4.628e-6
0.270, 4.716e-6
0.271, 4.765e-6
0.272, 4.901e-6
0.273, 4.980e-6
0.274, 5.067e-6
0.275, 5.136e-6
0.276, 5.214e-6
0.277, 5.282e-6
0.278, 5.370e-6
0.279, 5.526e-6
0.280, 5.526e-6
0.281, 5.575e-6
0.282, 5.702e-6
0.283, 5.770e-6
0.284, 5.917e-6
0.285, 5.966e-6
0.286, 5.985e-6
0.287, 6.112e-6
0.288, 6.210e-6
0.289, 6.278e-6
0.290, 6.337e-6
0.291, 6.327e-6
0.292, 6.532e-6
0.293, 6.600e-6
0.294, 6.708e-6
0.295, 6.766e-6
0.296, 6.844e-6
0.297, 7.001e-6
0.298, 7.010e-6
0.299, 7.137e-6
0.300, 7.196e-6
0.301, 7.303e-6
0.302, 7.401e-6
0.303, 7.518e-6
0.304, 7.635e-6
0.305, 7.713e-6
0.306, 7.733e-6
0.307, 7.918e-6
0.308, 8.026e-6
0.309, 8.045e-6
0.310, 8.172e-6
0.311, 8.241e-6
0.312, 8.387e-6
0.313, 8.426e-6
0.314, 8.485e-6
0.315, 8.729e-6
0.316, 8.787e-6
0.317, 8.846e-6
0.318, 8.875e-6
0.319, 9.139e-6
0.320, 9.197e-6
0.321, 9.285e-6
0.322, 9.403e-6
0.323, 9.520e-6
0.324, 9.637e-6
0.325, 9.764e-6
0.326, 9.910e-6
0.327, 9.969e-6
0.328, 9.998e-6
0.329, 1.019e-5
0.330, 1.027e-5
0.331, 1.041e-5
0.332, 1.047e-5
0.333, 1.064e-5
0.334, 1.073e-5
0.335, 1.091e-5
0.336, 1.094e-5
0.337, 1.113e-5
0.338, 1.127e-5
0.339, 1.131e-5
0.340, 1.147e-5
0.341, 1.159e-5
0.342, 1.180e-5
0.343, 1.183e-5
0.344, 1.199e-5
0.345, 1.214e-5
0.346, 1.219e-5
0.347, 1.238e-5
0.348, 1.242e-5
0.349, 1.261e-5
0.350, 1.274e-5
0.351, 1.295e-5
0.352, 1.303e-5
0.353, 1.315e-5
0.354, 1.325e-5
0.355, 1.349e-5
0.356, 1.365e-5
0.357, 1.374e-5
0.358, 1.388e-5
0.359, 1.404e-5
0.360, 1.415e-5
0.361, 1.425e-5
0.362, 1.447e-5
0.363, 1.467e-5
0.364, 1.483e-5
0.365, 1.489e-5
0.366, 1.500e-5
0.367, 1.520e-5
0.368, 1.539e-5
0.369, 1.560e-5
0.370, 1.579e-5
0.371, 1.586e-5
0.372, 1.604e-5
0.373, 1.618e-5
0.374, 1.647e-5
0.375, 1.655e-5
0.376, 1.674e-5
0.377, 1.702e-5
0.378, 1.716e-5
0.379, 1.733e-5
0.380, 1.757e-5
0.381, 1.769e-5
0.382, 1.795e-5
0.383, 1.815e-5
0.384, 1.834e-5
0.385, 1.854e-5
0.386, 1.876e-5
0.387, 1.903e-5
0.388, 1.928e-5
0.389, 1.941e-5
0.390, 1.965e-5
0.391, 1.997e-5
0.392, 2.020e-5
0.393, 2.046e-5
0.394, 2.067e-5
0.395, 2.098e-5
0.396, 2.134e-5
0.397, 2.149e-5
0.398, 2.181e-5
0.399, 2.214e-5
0.400, 2.247e-5
0.401, 2.277e-5
0.402, 2.298e-5
0.403, 2.338e-5
0.404, 2.374e-5
0.405, 2.407e-5
0.406, 2.440e-5
0.407, 2.475e-5
0.408, 2.508e-5
0.409, 2.535e-5
0.410, 2.476e-5
0.411, 2.584e-5
0.412, 2.638e-5
0.413, 2.677e-5
0.414, 2.735e-5
0.415, 2.771e-5
0.416, 2.811e-5
0.417, 2.866e-5
0.418, 2.900e-5
0.419, 2.954e-5
0.420, 3.000e-5
0.421, 3.053e-5
0.422, 3.095e-5
0.423, 3.156e-5
0.424, 3.214e-5
0.425, 3.286e-5
0.426, 3.356e-5
0.427, 3.429e-5
0.428, 3.511e-5
0.429, 3.591e-5
0.430, 3.674e-5
0.431, 3.749e-5
0.432, 3.841e-5
0.433, 3.939e-5
0.434, 4.042e-5
0.435, 4.155e-5
0.436, 4.270e-5
0.437, 4.394e-5
0.438, 4.533e-5
0.439, 4.687e-5
0.440, 4.848e-5
0.441, 5.018e-5
0.442, 5.198e-5
0.443, 5.394e-5
0.444, 5.602e-5
0.445, 5.829e-5
0.446, 6.098e-5
0.447, 6.365e-5
0.448, 6.613e-5
0.449, 6.923e-5
0.450, 7.273e-5
0.451, 7.614e-5
0.452, 7.983e-5
0.453, 8.417e-5
0.454, 8.877e-5
0.455, 9.329e-5
0.456, 9.847e-5
0.457, 1.040e-4
0.458, 1.100e-4
0.459, 1.162e-4
0.460, 1.231e-4
0.461, 1.301e-4
0.462, 1.379e-4
0.463, 1.459e-4
0.464, 1.545e-4
0.465, 1.638e-4
0.466, 1.729e-4
0.467, 1.829e-4
0.468, 1.932e-4
0.469, 2.036e-4
0.470, 2.145e-4
0.471, 2.248e-4
0.472, 2.359e-4
0.473, 2.465e-4
0.474, 2.566e-4
0.475, 2.673e-4
0.476, 2.769e-4
0.477, 2.869e-4
0.478, 2.959e-4
0.479, 3.044e-4
0.480, 3.122e-4
0.481, 3.193e-4
0.482, 3.252e-4
0.483, 3.311e-4
0.484, 3.357e-4
0.485, 3.396e-4
0.486, 3.430e-4
0.487, 3.454e-4
0.488, 3.469e-4
0.489, 3.476e-4
0.490, 3.478e-4
0.491, 3.477e-4
0.492, 3.467e-4
0.493, 3.457e-4
0.494, 3.439e-4
0.495, 3.418e-4
0.496, 3.391e-4
0.497, 3.364e-4
0.498, 3.335e-4
0.499, 3.302e-4
0.500, 3.264e-4
0.501, 3.231e-4
0.502, 3.203e-4
0.503, 3.168e-4
0.504, 3.136e-4
0.505, 3.106e-4
0.506, 3.073e-4
0.507, 3.040e-4
0.508, 3.009e-4
0.509, 2.976e-4
0.510, 2.949e-4
0.511, 2.920e-4
0.512, 2.903e-4
0.513, 2.875e-4
0.514, 2.846e-4
0.515, 2.818e-4
0.516, 2.787e-4
0.517, 2.755e-4
0.518, 2.732e-4
0.519, 2.710e-4
0.520, 2.682e-4
0.521, 2.657e-4
0.522, 2.628e-4
0.523, 2.602e-4
0.524, 2.576e-4
0.525, 2.545e-4
0.526, 2.515e-4
0.527, 2.487e-4
0.528, 2.463e-4
0.529, 2.441e-4
0.530, 2.412e-4
0.531, 2.385e-4
0.532, 2.358e-4
0.533, 2.330e-4
0.534, 2.298e-4
0.535, 2.266e-4
0.536, 2.241e-4
0.537, 2.215e-4
0.538, 2.188e-4
0.539, 2.160e-4
0.540, 2.132e-4
0.541, 2.102e-4
0.542, 2.075e-4
0.543, 2.044e-4
0.544, 2.018e-4
0.545, 1.993e-4
0.546, 1.964e-4
0.547, 1.936e-4
0.548, 1.910e-4
0.549, 1.884e-4
0.550, 1.859e-4
0.551, 1.830e-4
0.552, 1.802e-4
0.553, 1.778e-4
0.554, 1.755e-4
0.555, 1.735e-4
0.556, 1.713e-4
0.557, 1.692e-4
0.558, 1.669e-4
0.559, 1.648e-4
0.560, 1.629e-4
0.561, 1.611e-4
0.562, 1.591e-4
0.563, 1.572e-4
0.564, 1.553e-4
0.565, 1.533e-4
0.566, 1.517e-4
0.567, 1.501e-4
0.568, 1.486e-4
0.569, 1.471e-4
0.570, 1.454e-4
0.571, 1.442e-4
0.572, 1.428e-4
0.573, 1.415e-4
0.574, 1.405e-4
0.575, 1.393e-4
0.576, 1.381e-4
0.577, 1.372e-4
0.578, 1.360e-4
0.579, 1.351e-4
0.580, 1.343e-4
0.581, 1.332e-4
0.582, 1.327e-4
0.583, 1.317e-4
0.584, 1.311e-4
0.585, 1.303e-4
0.586, 1.296e-4
0.587, 1.293e-4
0.588, 1.289e-4
0.589, 1.287e-4
0.590, 1.284e-4
0.591, 1.281e-4
0.592, 1.278e-4
0.593, 1.278e-4
0.594, 1.276e-4
0.595, 1.277e-4
0.596, 1.277e-4
0.597, 1.278e-4
0.598, 1.280e-4
0.599, 1.282e-4
0.600, 1.284e-4
0.601, 1.288e-4
0.602, 1.290e-4
0.603, 1.297e-4
0.604, 1.302e-4
0.605, 1.308e-4
0.606, 1.319e-4
0.607, 1.327e-4
0.608, 1.336e-4
0.609, 1.348e-4
0.610, 1.359e-4
0.611, 1.371e-4
0.612, 1.381e-4
0.613, 1.394e-4
0.614, 1.404e-4
0.615, 1.414e-4
0.616, 1.434e-4
0.617, 1.453e-4
0.618, 1.469e-4
0.619, 1.491e-4
0.620, 1.509e-4
0.621, 1.528e-4
0.622, 1.552e-4
0.623, 1.577e-4
0.624, 1.604e-4
0.625, 1.629e-4
0.626, 1.651e-4
0.627, 1.679e-4
0.628, 1.707e-4
0.629, 1.737e-4
0.630, 1.769e-4
0.631, 1.803e-4
0.632, 1.839e-4
0.633, 1.877e-4
0.634, 1.913e-4
0.635, 1.952e-4
0.636, 1.992e-4
0.637, 2.034e-4
0.638, 2.079e-4
0.639, 2.123e-4
0.640, 2.173e-4
0.641, 2.221e-4
0.642, 2.267e-4
0.643, 2.323e-4
0.644, 2.377e-4
0.645, 2.430e-4
0.646, 2.486e-4
0.647, 2.548e-4
0.648, 2.612e-4
0.649, 2.678e-4
0.650, 2.737e-4
0.651, 2.807e-4
0.652, 2.880e-4
0.653, 2.949e-4
0.654, 3.024e-4
0.655, 3.102e-4
0.656, 3.178e-4
0.657, 3.257e-4
0.658, 3.342e-4
0.659, 3.429e-4
0.660, 3.516e-4
0.661, 3.605e-4
0.662, 3.698e-4
0.663, 3.790e-4
0.664, 3.889e-4
0.665, 3.991e-4
0.666, 4.092e-4
0.667, 4.195e-4
0.668, 4.303e-4
0.669, 4.411e-4
0.670, 4.523e-4
0.671, 4.635e-4
0.672, 4.750e-4
0.673, 4.873e-4
0.674, 4.994e-4
0.675, 5.119e-4
0.676, 5.242e-4
0.677, 5.372e-4
0.678, 5.505e-4
0.679, 5.634e-4
0.680, 5.773e-4
0.681, 5.911e-4
0.682, 6.050e-4
0.683, 6.192e-4
0.684, 6.343e-4
0.685, 6.493e-4
0.686, 6.642e-4
0.687, 6.798e-4
0.688, 6.953e-4
0.689, 7.115e-4
0.690, 7.278e-4
0.691, 7.444e-4
0.692, 7.614e-4
0.693, 7.783e-4
0.694, 7.957e-4
0.695, 8.130e-4
0.696, 8.311e-4
0.697, 8.494e-4
0.698, 8.675e-4
0.699, 8.862e-4
0.700, 9.050e-4
0.701, 9.241e-4
0.702, 9.435e-4
0.703, 9.629e-4
0.704, 9.824e-4
0.705, 1.002e-3
0.706, 1.023e-3
0.707, 1.043e-3
0.708, 1.064e-3
0.709, 1.085e-3
0.710, 1.106e-3
0.711, 1.128e-3
0.712, 1.150e-3
0.713, 1.171e-3
0.714, 1.193e-3
0.715, 1.216e-3
0.716, 1.239e-3
0.717, 1.263e-3
0.718, 1.286e-3
0.719, 1.310e-3
0.720, 1.334e-3
0.721, 1.358e-3
0.722, 1.382e-3
0.723, 1.406e-3
0.724, 1.431e-3
0.725, 1.455e-3
0.726, 1.481e-3
0.727, 1.506e-3
0.728, 1.532e-3
0.729, 1.557e-3
0.730, 1.583e-3
0.731, 1.609e-3
0.732, 1.636e-3
0.733, 1.663e-3
0.734, 1.689e-3
0.735, 1.716e-3
0.736, 1.744e-3
0.737, 1.771e-3
0.738, 1.798e-3
0.739, 1.826e-3
0.740, 1.854e-3
0.741, 1.883e-3
0.742, 1.911e-3
0.743, 1.940e-3
0.744, 1.970e-3
0.745, 1.999e-3
0.746, 2.028e-3
0.747, 2.058e-3
0.748, 2.088e-3
0.749, 2.117e-3
0.750, 2.148e-3
0.751, 2.178e-3
0.752, 2.208e-3
0.753, 2.239e-3
0.754, 2.270e-3
0.755, 2.301e-3
0.756, 2.332e-3
0.757, 2.363e-3
0.758, 2.395e-3
0.759, 2.427e-3
0.760, 2.459e-3
0.761, 2.491e-3
0.762, 2.523e-3
0.763, 2.556e-3
0.764, 2.589e-3
0.765, 2.622e-3
0.766, 2.655e-3
0.767, 2.688e-3
0.768, 2.721e-3
0.769, 2.755e-3
0.770, 2.789e-3
0.771, 2.823e-3
0.772, 2.856e-3
0.773, 2.891e-3
0.774, 2.925e-3
0.775, 2.959e-3
0.776, 2.994e-3
0.777, 3.029e-3
0.778, 3.064e-3
0.779, 3.100e-3
0.780, 3.135e-3
0.781, 3.170e-3
0.782, 3.206e-3
0.783, 3.242e-3
0.784, 3.278e-3
0.785, 3.314e-3
0.786, 3.350e-3
0.787, 3.386e-3
0.788, 3.423e-3
0.789, 3.460e-3
0.790, 3.497e-3
0.791, 3.534e-3
0.792, 3.571e-3
0.793, 3.608e-3
0.794, 3.646e-3
0.795, 3.684e-3
0.796, 3.722e-3
0.797, 3.759e-3
0.798, 3.797e-3
0.799, 3.835e-3
0.800, 3.859e-3
0.799, 3.827e-3
0.798, 3.787e-3
0.797, 3.746e-3
0.796, 3.707e-3
0.795, 3.667e-3
0.794, 3.627e-3
0.793, 3.587e-3
0.792, 3.548e-3
0.791, 3.508e-3
0.790, 3.469e-3
0.789, 3.431e-3
0.788, 3.391e-3
0.787, 3.353e-3
0.786, 3.315e-3
0.785, 3.277e-3
0.784, 3.239e-3
0.783, 3.201e-3
0.782, 3.163e-3
0.781, 3.126e-3
0.780, 3.089e-3
0.779, 3.052e-3
0.778, 3.015e-3
0.777, 2.979e-3
0.776, 2.943e-3
0.775, 2.906e-3
0.774, 2.870e-3
0.773, 2.835e-3
0.772, 2.799e-3
0.771, 2.764e-3
0.770, 2.729e-3
0.769, 2.694e-3
0.768, 2.659e-3
0.767, 2.625e-3
0.766, 2.590e-3
0.765, 2.556e-3
0.764, 2.523e-3
0.763, 2.489e-3
0.762, 2.456e-3
0.761, 2.422e-3
0.760, 2.389e-3
0.759, 2.356e-3
0.758, 2.324e-3
0.757, 2.291e-3
0.756, 2.259e-3
0.755, 2.228e-3
0.754, 2.196e-3
0.753, 2.165e-3
0.752, 2.134e-3
0.751, 2.103e-3
0.750, 2.073e-3
0.749, 2.042e-3
0.748, 2.012e-3
0.747, 1.982e-3
0.746, 1.952e-3
0.745, 1.922e-3
0.744, 1.893e-3
0.743, 1.864e-3
0.742, 1.834e-3
0.741, 1.806e-3
0.740, 1.778e-3
0.739, 1.750e-3
0.738, 1.722e-3
0.737, 1.694e-3
0.736, 1.667e-3
0.735, 1.640e-3
0.734, 1.613e-3
0.733, 1.586e-3
0.732, 1.559e-3
0.731, 1.533e-3
0.730, 1.507e-3
0.729, 1.481e-3
0.728, 1.456e-3
0.727, 1.430e-3
0.726, 1.405e-3
0.725, 1.381e-3
0.724, 1.356e-3
0.723, 1.332e-3
0.722, 1.308e-3
0.721, 1.284e-3
0.720, 1.260e-3
0.719, 1.237e-3
0.718, 1.214e-3
0.717, 1.190e-3
0.716, 1.168e-3
0.715, 1.146e-3
0.714, 1.123e-3
0.713, 1.101e-3
0.712, 1.080e-3
0.711, 1.058e-3
0.710, 1.037e-3
0.709, 1.016e-3
0.708, 9.957e-4
0.707, 9.753e-4
0.706, 9.551e-4
0.705, 9.352e-4
0.704, 9.158e-4
0.703, 8.963e-4
0.702, 8.771e-4
0.701, 8.581e-4
0.700, 8.395e-4
0.699, 8.208e-4
0.698, 8.024e-4
0.697, 7.842e-4
0.696, 7.662e-4
0.695, 7.488e-4
0.694, 7.316e-4
0.693, 7.144e-4
0.692, 6.976e-4
0.691, 6.807e-4
0.690, 6.642e-4
0.689, 6.484e-4
0.688, 6.324e-4
0.687, 6.163e-4
0.686, 6.013e-4
0.685, 5.861e-4
0.684, 5.711e-4
0.683, 5.565e-4
0.682, 5.420e-4
0.681, 5.277e-4
0.680, 5.137e-4
0.679, 5.001e-4
0.678, 4.865e-4
0.677, 4.728e-4
0.676, 4.599e-4
0.675, 4.473e-4
0.674, 4.345e-4
0.673, 4.218e-4
0.672, 4.094e-4
0.671, 3.974e-4
0.670, 3.855e-4
0.669, 3.736e-4
0.668, 3.624e-4
0.667, 3.512e-4
0.666, 3.402e-4
0.665, 3.292e-4
0.664, 3.188e-4
0.663, 3.085e-4
0.662, 2.984e-4
0.661, 2.885e-4
0.660, 2.784e-4
0.659, 2.692e-4
0.658, 2.596e-4
0.657, 2.502e-4
0.656, 2.419e-4
0.655, 2.330e-4
0.654, 2.243e-4
0.653, 2.164e-4
0.652, 2.082e-4
0.651, 2.001e-4
0.650, 1.923e-4
0.649, 1.849e-4
0.648, 1.772e-4
0.647, 1.699e-4
0.646, 1.632e-4
0.645, 1.560e-4
0.644, 1.492e-4
0.643, 1.428e-4
0.642, 1.364e-4
0.641, 1.297e-4
0.640, 1.240e-4
0.639, 1.180e-4
0.638, 1.124e-4
0.637, 1.066e-4
0.636, 1.013e-4
0.635, 9.601e-5
0.634, 9.088e-5
0.633, 8.598e-5
0.632, 8.082e-5
0.631, 7.618e-5
0.630, 7.182e-5
0.629, 6.723e-5
0.628, 6.292e-5
0.627, 5.908e-5
0.626, 5.467e-5
0.625, 5.065e-5
0.624, 4.691e-5
0.623, 4.297e-5
0.622, 3.951e-5
0.621, 3.616e-5
0.620, 3.270e-5
0.619, 2.961e-5
0.618, 2.668e-5
0.617, 2.372e-5
0.616, 2.063e-5
0.615, 1.783e-5
0.614, 1.575e-5
0.613, 1.263e-5
0.612, 9.754e-6
0.611, 7.313e-6
0.610, 4.804e-6
0.609, 2.451e-6
0.608, 2.148e-7
0.607, -2.021e-6
0.606, -4.023e-6
0.605, -6.054e-6
0.604, -7.957e-6
0.603, -9.891e-6
0.602, -1.175e-5
0.601, -1.338e-5
0.600, -1.530e-5
0.599, -1.699e-5
0.598, -1.844e-5
0.597, -1.996e-5
0.596, -2.128e-5
0.595, -2.264e-5
0.594, -2.410e-5
0.593, -2.523e-5
0.592, -2.633e-5
0.591, -2.771e-5
0.590, -2.876e-5
0.589, -3.000e-5
0.588, -3.117e-5
0.587, -3.213e-5
0.586, -3.303e-5
0.585, -3.389e-5
0.584, -3.494e-5
0.583, -3.594e-5
0.582, -3.680e-5
0.581, -3.778e-5
0.580, -3.876e-5
0.579, -3.943e-5
0.578, -4.037e-5
0.577, -4.115e-5
0.576, -4.153e-5
0.575, -4.254e-5
0.574, -4.318e-5
0.573, -4.376e-5
0.572, -4.441e-5
0.571, -4.506e-5
0.570, -4.566e-5
0.569, -4.635e-5
0.568, -4.672e-5
0.567, -4.735e-5
0.566, -4.783e-5
0.565, -4.848e-5
0.564, -4.916e-5
0.563, -4.981e-5
0.562, -5.022e-5
0.561, -5.081e-5
0.560, -5.130e-5
0.559, -5.173e-5
0.558, -5.230e-5
0.557, -5.288e-5
0.556, -5.332e-5
0.555, -5.381e-5
0.554, -5.442e-5
0.553, -5.477e-5
0.552, -5.523e-5
0.551, -5.575e-5
0.550, -5.583e-5
0.549, -5.646e-5
0.548, -5.699e-5
0.547, -5.738e-5
0.546, -5.794e-5
0.545, -5.833e-5
0.544, -5.866e-5
0.543, -5.928e-5
0.542, -5.982e-5
0.541, -6.025e-5
0.540, -6.089e-5
0.539, -6.135e-5
0.538, -6.184e-5
0.537, -6.240e-5
0.536, -6.269e-5
0.535, -6.352e-5
0.534, -6.353e-5
0.533, -6.431e-5
0.532, -6.492e-5
0.531, -6.526e-5
0.530, -6.588e-5
0.529, -6.611e-5
0.528, -6.643e-5
0.527, -6.706e-5
0.526, -6.762e-5
0.525, -6.781e-5
0.524, -6.813e-5
0.523, -6.861e-5
0.522, -6.928e-5
0.521, -6.957e-5
0.520, -7.001e-5
0.519, -7.050e-5
0.518, -7.102e-5
0.517, -7.184e-5
0.516, -7.211e-5
0.515, -7.248e-5
0.514, -7.325e-5
0.513, -7.377e-5
0.512, -7.555e-5
0.511, -7.575e-5
0.510, -7.563e-5
0.509, -7.636e-5
0.508, -7.692e-5
0.507, -7.740e-5
0.506, -7.818e-5
0.505, -7.870e-5
0.504, -7.915e-5
0.503, -8.000e-5
0.502, -8.032e-5
0.501, -8.113e-5
0.500, -8.160e-5
0.499, -8.193e-5
0.498, -8.294e-5
0.497, -8.366e-5
0.496, -8.442e-5
0.495, -8.519e-5
0.494, -8.591e-5
0.493, -8.690e-5
0.492, -8.761e-5
0.491, -8.825e-5
0.490, -8.911e-5
0.489, -8.992e-5
0.488, -9.084e-5
0.487, -9.165e-5
0.486, -9.261e-5
0.485, -9.322e-5
0.484, -9.415e-5
0.483, -9.482e-5
0.482, -9.592e-5
0.481, -9.676e-5
0.480, -9.771e-5
0.479, -9.890e-5
0.478, -9.976e-5
0.477, -1.006e-4
0.476, -1.017e-4
0.475, -1.027e-4
0.474, -1.038e-4
0.473, -1.047e-4
0.472, -1.059e-4
0.471, -1.073e-4
0.470, -1.084e-4
0.469, -1.095e-4
0.468, -1.110e-4
0.467, -1.124e-4
0.466, -1.137e-4
0.465, -1.152e-4
0.464, -1.162e-4
0.463, -1.176e-4
0.462, -1.188e-4
0.461, -1.201e-4
0.460, -1.217e-4
0.459, -1.233e-4
0.458, -1.248e-4
0.457, -1.262e-4
0.456, -1.279e-4
0.455, -1.295e-4
0.454, -1.310e-4
0.453, -1.328e-4
0.452, -1.346e-4
0.451, -1.363e-4
0.450, -1.382e-4
0.449, -1.399e-4
0.448, -1.416e-4
0.447, -1.434e-4
0.446, -1.452e-4
0.445, -1.473e-4
0.444, -1.492e-4
0.443, -1.512e-4
0.442, -1.533e-4
0.441, -1.553e-4
0.440, -1.572e-4
0.439, -1.595e-4
0.438, -1.615e-4
0.437, -1.638e-4
0.436, -1.658e-4
0.435, -1.681e-4
0.434, -1.701e-4
0.433, -1.722e-4
0.432, -1.741e-4
0.431, -1.761e-4
0.430, -1.783e-4
0.429, -1.805e-4
0.428, -1.827e-4
0.427, -1.847e-4
0.426, -1.870e-4
0.425, -1.889e-4
0.424, -1.908e-4
0.423, -1.930e-4
0.422, -1.946e-4
0.421, -1.967e-4
0.420, -1.986e-4
0.419, -2.006e-4
0.418, -2.026e-4
0.417, -2.046e-4
0.416, -2.066e-4
0.415, -2.087e-4
0.414, -2.104e-4
0.413, -2.125e-4
0.412, -2.142e-4
0.411, -2.160e-4
0.410, -2.158e-4
0.409, -2.141e-4
0.408, -2.172e-4
0.407, -2.193e-4
0.406, -2.209e-4
0.405, -2.227e-4
0.404, -2.245e-4
0.403, -2.259e-4
0.402, -2.275e-4
0.401, -2.287e-4
0.400, -2.302e-4
0.399, -2.315e-4
0.398, -2.327e-4
0.397, -2.338e-4
0.396, -2.350e-4
0.395, -2.359e-4
0.394, -2.371e-4
0.393, -2.378e-4
0.392, -2.385e-4
0.391, -2.394e-4
0.390, -2.399e-4
0.389, -2.406e-4
0.388, -2.408e-4
0.387, -2.410e-4
0.386, -2.411e-4
0.385, -2.412e-4
0.384, -2.413e-4
0.383, -2.413e-4
0.382, -2.408e-4
0.381, -2.404e-4
0.380, -2.398e-4
0.379, -2.391e-4
0.378, -2.383e-4
0.377, -2.376e-4
0.376, -2.362e-4
0.375, -2.350e-4
0.374, -2.333e-4
0.373, -2.317e-4
0.372, -2.300e-4
0.371, -2.279e-4
0.370, -2.260e-4
0.369, -2.238e-4
0.368, -2.215e-4
0.367, -2.192e-4
0.366, -2.165e-4
0.365, -2.140e-4
0.364, -2.111e-4
0.363, -2.078e-4
0.362, -2.044e-4
0.361, -2.014e-4
0.360, -1.982e-4
0.359, -1.948e-4
0.358, -1.913e-4
0.357, -1.879e-4
0.356, -1.844e-4
0.355, -1.805e-4
0.354, -1.768e-4
0.353, -1.732e-4
0.352, -1.695e-4
0.351, -1.659e-4
0.350, -1.620e-4
0.349, -1.579e-4
0.348, -1.542e-4
0.347, -1.502e-4
0.346, -1.463e-4
0.345, -1.427e-4
0.344, -1.392e-4
0.343, -1.353e-4
0.342, -1.316e-4
0.341, -1.281e-4
0.340, -1.244e-4
0.339, -1.211e-4
0.338, -1.179e-4
0.337, -1.149e-4
0.336, -1.114e-4
0.335, -1.082e-4
0.334, -1.051e-4
0.333, -1.024e-4
0.332, -9.943e-5
0.331, -9.649e-5
0.330, -9.391e-5
0.329, -9.149e-5
0.328, -8.887e-5
0.327, -8.626e-5
0.326, -8.375e-5
0.325, -8.146e-5
0.324, -7.932e-5
0.323, -7.711e-5
0.322, -7.497e-5
0.321, -7.286e-5
0.320, -7.089e-5
0.319, -6.913e-5
0.318, -6.763e-5
0.317, -6.603e-5
0.316, -6.444e-5
0.315, -6.262e-5
0.314, -6.078e-5
0.313, -5.931e-5
0.312, -5.775e-5
0.311, -5.645e-5
0.310, -5.515e-5
0.309, -5.380e-5
0.308, -5.258e-5
0.307, -5.165e-5
0.306, -5.028e-5
0.305, -4.909e-5
0.304, -4.785e-5
0.303, -4.691e-5
0.302, -4.592e-5
0.301, -4.489e-5
0.300, -4.402e-5
0.299, -4.321e-5
0.298, -4.239e-5
0.297, -4.154e-5
0.296, -4.071e-5
0.295, -3.993e-5
0.294, -3.905e-5
0.293, -3.827e-5
0.292, -3.754e-5
0.291, -3.685e-5
0.290, -3.606e-5
0.289, -3.540e-5
0.288, -3.474e-5
0.287, -3.413e-5
0.286, -3.351e-5
0.285, -3.299e-5
0.284, -3.248e-5
0.283, -3.195e-5
0.282, -3.148e-5
0.281, -3.098e-5
0.280, -3.039e-5
0.279, -2.996e-5
0.278, -2.950e-5
0.277, -2.908e-5
0.276, -2.864e-5
0.275, -2.816e-5
0.274, -2.780e-5
0.273, -2.746e-5
0.272, -2.706e-5
0.271, -2.669e-5
0.270, -2.628e-5
0.269, -2.592e-5
0.268, -2.566e-5
0.267, -2.522e-5
0.266, -2.485e-5
0.265, -2.465e-5
0.264, -2.432e-5
0.263, -2.400e-5
0.262, -2.366e-5
0.261, -2.340e-5
0.260, -2.313e-5
0.259, -2.283e-5
0.258, -2.247e-5
0.257, -2.235e-5
0.256, -2.211e-5
0.255, -2.183e-5
0.254, -2.160e-5
0.253, -2.136e-5
0.252, -2.112e-5
0.251, -2.092e-5
0.250, -2.061e-5
0.249, -2.049e-5
0.248, -2.025e-5
0.247, -2.015e-5
0.246, -1.995e-5
0.245, -1.976e-5
0.244, -1.959e-5
0.243, -1.940e-5
0.242, -1.922e-5
0.241, -1.899e-5
0.240, -1.887e-5
0.239, -1.878e-5
0.238, -1.858e-5
0.237, -1.846e-5
0.236, -1.826e-5
0.235, -1.815e-5
0.234, -1.798e-5
0.233, -1.786e-5
0.232, -1.773e-5
0.231, -1.759e-5
0.230, -1.744e-5
0.229, -1.730e-5
0.228, -1.714e-5
0.227, -1.704e-5
0.226, -1.683e-5
0.225, -1.678e-5
0.224, -1.661e-5
0.223, -1.649e-5
0.222, -1.630e-5
0.221, -1.617e-5
0.220, -1.610e-5
0.219, -1.593e-5
0.218, -1.584e-5
0.217, -1.568e-5
0.216, -1.555e-5
0.215, -1.546e-5
0.214, -1.530e-5
0.213, -1.526e-5
0.212, -1.517e-5
0.211, -1.498e-5
0.210, -1.489e-5
0.209, -1.482e-5
0.208, -1.470e-5
0.207, -1.460e-5
0.206, -1.445e-5
0.205, -1.427e-5
0.204, -1.423e-5
0.203, -1.411e-5
0.202, -1.407e-5
0.201, -1.392e-5
0.200, -1.226e-5
0.201, -9.129e-6
0.202, -7.918e-6
0.203, -7.089e-6
0.204, -6.386e-6
0.205, -6.024e-6
0.206, -5.399e-6
0.207, -4.931e-6
0.208, -4.491e-6
0.209, -4.150e-6
0.210, -3.740e-6
0.211, -3.427e-6
0.212, -3.105e-6
0.213, -2.802e-6
0.214, -2.558e-6
0.215, -2.265e-6
0.216, -2.089e-6
0.217, -1.797e-6
0.218, -1.650e-6
0.219, -1.445e-6
0.220, -1.133e-6
0.221, -1.006e-6
0.222, -8.006e-7
0.223, -5.761e-7
0.224, -4.394e-7
0.225, -2.539e-7
0.226, -5.858e-8
0.227, 3.905e-8
0.228, 1.953e-7
0.229, 3.417e-7
0.230, 5.370e-7
0.231, 6.151e-7
0.232, 7.616e-7
0.233, 8.104e-7
0.234, 9.569e-7
0.235, 1.094e-6
0.236, 1.260e-6
0.237, 1.367e-6
0.238, 1.494e-6
0.239, 1.562e-6
0.240, 1.757e-6
0.241, 1.894e-6
0.242, 1.943e-6
0.243, 2.031e-6
0.244, 2.148e-6
0.245, 2.304e-6
0.246, 2.314e-6
0.247, 2.431e-6
0.248, 2.529e-6
0.249, 2.685e-6
0.250, 2.812e-6
0.251, 2.802e-6
0.252, 2.988e-6
0.253, 3.085e-6
0.254, 3.134e-6
0.255, 3.173e-6
0.256, 3.359e-6
0.257, 3.486e-6
0.258, 3.534e-6
0.259, 3.574e-6
0.260, 3.681e-6
0.261, 3.730e-6
0.262, 3.857e-6
0.263, 3.886e-6
0.264, 3.993e-6
0.265, 4.081e-6
0.266, 4.130e-6
0.267, 4.316e-6
0.268, 4.364e-6
0.269, 4.423e-6
0.270, 4.501e-6
0.271, 4.628e-6
0.272, 4.696e-6
0.273, 4.735e-6
0.274, 4.901e-6
0.275, 5.019e-6
0.276, 5.058e-6
0.277, 5.136e-6
0.278, 5.253e-6
0.279, 5.351e-6
0.280, 5.409e-6
0.281, 5.536e-6
0.282, 5.517e-6
0.283, 5.585e-6
0.284, 5.731e-6
0.285, 5.770e-6
0.286, 5.849e-6
0.287, 5.917e-6
0.288, 5.985e-6
0.289, 6.122e-6
0.290, 6.229e-6
0.291, 6.288e-6
0.292, 6.346e-6
0.293, 6.386e-6
0.294, 6.493e-6
0.295, 6.512e-6
0.296, 6.620e-6
0.297, 6.796e-6
0.298, 6.844e-6
0.299, 7.020e-6
0.300, 7.157e-6
0.301, 7.225e-6
0.302, 7.235e-6
0.303, 7.342e-6
0.304, 7.420e-6
0.305, 7.596e-6
0.306, 7.655e-6
0.307, 7.792e-6
0.308, 7.928e-6
0.309, 8.045e-6
0.310, 8.026e-6
0.311, 8.114e-6
0.312, 8.231e-6
0.313, 8.377e-6
0.314, 8.446e-6
0.315, 8.543e-6
0.316, 8.729e-6
0.317, 8.748e-6
0.318, 8.787e-6
0.319, 8.983e-6
0.320, 9.071e-6
0.321, 9.207e-6
0.322, 9.344e-6
0.323, 9.422e-6
0.324, 9.442e-6
0.325, 9.617e-6
0.326, 9.725e-6
0.327, 9.793e-6
0.328, 9.940e-6
0.329, 1.011e-5
0.330, 1.019e-5
0.331, 1.027e-5
0.332, 1.050e-5
0.333, 1.056e-5
0.334, 1.062e-5
0.335, 1.085e-5
0.336, 1.088e-5
0.337, 1.102e-5
0.338, 1.121e-5
0.339, 1.140e-5
0.340, 1.139e-5
0.341, 1.154e-5
0.342, 1.170e-5
0.343, 1.190e-5
0.344, 1.196e-5
0.345, 1.210e-5
0.346, 1.217e-5
0.347, 1.236e-5
0.348, 1.247e-5
0.349, 1.260e-5
0.350, 1.280e-5
0.351, 1.296e-5
0.352, 1.296e-5
0.353, 1.310e-5
0.354, 1.336e-5
0.355, 1.350e-5
0.356, 1.362e-5
0.357, 1.379e-5
0.358, 1.393e-5
0.359, 1.408e-5
0.360, 1.422e-5
0.361, 1.436e-5
0.362, 1.447e-5
0.363, 1.471e-5
0.364, 1.480e-5
0.365, 1.502e-5
0.366, 1.516e-5
0.367, 1.529e-5
0.368, 1.550e-5
0.369, 1.557e-5
0.370, 1.581e-5
0.371, 1.597e-5
0.372, 1.615e-5
0.373, 1.632e-5
0.374, 1.658e-5
0.375, 1.674e-5
0.376, 1.689e-5
0.377, 1.717e-5
0.378, 1.736e-5
0.379, 1.752e-5
0.380, 1.769e-5
0.381, 1.791e-5
0.382, 1.813e-5
0.383, 1.832e-5
0.384, 1.854e-5
0.385, 1.888e-5
0.386, 1.899e-5
0.387, 1.918e-5
0.388, 1.952e-5
0.389, 1.975e-5
0.390, 2.005e-5
0.391, 2.029e-5
0.392, 2.054e-5
0.393, 2.081e-5
0.394, 2.106e-5
0.395, 2.136e-5
0.396, 2.164e-5
0.397, 2.181e-5
0.398, 2.216e-5
0.399, 2.247e-5
0.400, 2.278e-5
0.401, 2.318e-5
0.402, 2.349e-5
0.403, 2.389e-5
0.404, 2.416e-5
0.405, 2.449e-5
0.406, 2.491e-5
0.407, 2.529e-5
0.408, 2.566e-5
0.409, 2.593e-5
0.410, 2.526e-5
0.411, 2.639e-5
0.412, 2.694e-5
0.413, 2.736e-5
0.414, 2.784e-5
0.415, 2.826e-5
0.416, 2.870e-5
0.417, 2.927e-5
0.418, 2.968e-5
0.419, 3.017e-5
0.420, 3.070e-5
0.421, 3.124e-5
0.422, 3.182e-5
0.423, 3.240e-5
0.424, 3.312e-5
0.425, 3.383e-5
0.426, 3.458e-5
0.427, 3.539e-5
0.428, 3.628e-5
0.429, 3.714e-5
0.430, 3.792e-5
0.431, 3.867e-5
0.432, 3.971e-5
0.433, 4.071e-5
0.434, 4.180e-5
0.435, 4.308e-5
0.436, 4.437e-5
0.437, 4.580e-5
0.438, 4.734e-5
0.439, 4.888e-5
0.440, 5.065e-5
0.441, 5.244e-5
0.442, 5.426e-5
0.443, 5.642e-5
0.444, 5.896e-5
0.445, 6.147e-5
0.446, 6.413e-5
0.447, 6.692e-5
0.448, 6.993e-5
0.449, 7.336e-5
0.450, 7.692e-5
0.451, 8.056e-5
0.452, 8.531e-5
0.453, 8.969e-5
0.454, 9.459e-5
0.455, 9.985e-5
0.456, 1.055e-4
0.457, 1.118e-4
0.458, 1.181e-4
0.459, 1.253e-4
0.460, 1.325e-4
0.461, 1.407e-4
0.462, 1.492e-4
0.463, 1.583e-4
0.464, 1.678e-4
0.465, 1.776e-4
0.466, 1.885e-4
0.467, 1.992e-4
0.468, 2.108e-4
0.469, 2.221e-4
0.470, 2.341e-4
0.471, 2.457e-4
0.472, 2.578e-4
0.473, 2.697e-4
0.474, 2.811e-4
0.475, 2.928e-4
0.476, 3.039e-4
0.477, 3.141e-4
0.478, 3.237e-4
0.479, 3.332e-4
0.480, 3.419e-4
0.481, 3.493e-4
0.482, 3.561e-4
0.483, 3.620e-4
0.484, 3.668e-4
0.485, 3.704e-4
0.486, 3.732e-4
0.487, 3.757e-4
0.488, 3.770e-4
0.489, 3.775e-4
0.490, 3.771e-4
0.491, 3.761e-4
0.492, 3.746e-4
0.493, 3.726e-4
0.494, 3.704e-4
0.495, 3.677e-4
0.496, 3.644e-4
0.497, 3.608e-4
0.498, 3.569e-4
0.499, 3.529e-4
0.500, 3.485e-4
0.501, 3.449e-4
0.502, 3.411e-4
0.503, 3.369e-4
0.504, 3.330e-4
0.505, 3.286e-4
0.506, 3.245e-4
0.507, 3.213e-4
0.508, 3.178e-4
0.509, 3.141e-4
0.510, 3.108e-4
0.511, 3.073e-4
0.512, 3.052e-4
0.513, 3.022e-4
0.514, 2.984e-4
0.515, 2.954e-4
0.516, 2.922e-4
0.517, 2.888e-4
0.518, 2.858e-4
0.519, 2.827e-4
0.520, 2.794e-4
0.521, 2.761e-4
0.522, 2.731e-4
0.523, 2.705e-4
0.524, 2.674e-4
0.525, 2.639e-4
0.526, 2.609e-4
0.527, 2.579e-4
0.528, 2.548e-4
0.529, 2.513e-4
0.530, 2.481e-4
0.531, 2.455e-4
0.532, 2.427e-4
0.533, 2.397e-4
0.534, 2.366e-4
0.535, 2.334e-4
0.536, 2.300e-4
0.537, 2.268e-4
0.538, 2.239e-4
0.539, 2.213e-4
0.540, 2.183e-4
0.541, 2.150e-4
0.542, 2.120e-4
0.543, 2.091e-4
0.544, 2.061e-4
0.545, 2.033e-4
0.546, 2.001e-4
0.547, 1.976e-4
0.548, 1.947e-4
0.549, 1.919e-4
0.550, 1.892e-4
0.551, 1.862e-4
0.552, 1.838e-4
0.553, 1.813e-4
0.554, 1.786e-4
0.555, 1.761e-4
0.556, 1.741e-4
0.557, 1.719e-4
0.558, 1.700e-4
0.559, 1.677e-4
0.560, 1.655e-4
0.561, 1.637e-4
0.562, 1.619e-4
0.563, 1.601e-4
0.564, 1.583e-4
0.565, 1.561e-4
0.566, 1.543e-4
0.567, 1.524e-4
0.568, 1.510e-4
0.569, 1.497e-4
0.570, 1.481e-4
0.571, 1.467e-4
0.572, 1.456e-4
0.573, 1.441e-4
0.574, 1.430e-4
0.575, 1.418e-4
0.576, 1.406e-4
0.577, 1.397e-4
0.578, 1.388e-4
0.579, 1.380e-4
0.580, 1.372e-4
0.581, 1.363e-4
0.582, 1.357e-4
0.583, 1.349e-4
0.584, 1.342e-4
0.585, 1.338e-4
0.586, 1.329e-4
0.587, 1.328e-4
0.588, 1.322e-4
0.589, 1.323e-4
0.590, 1.320e-4
0.591, 1.314e-4
0.592, 1.315e-4
0.593, 1.314e-4
0.594, 1.312e-4
0.595, 1.314e-4
0.596, 1.316e-4
0.597, 1.316e-4
0.598, 1.321e-4
0.599, 1.323e-4
0.600, 1.328e-4
0.601, 1.333e-4
0.602, 1.335e-4
0.603, 1.345e-4
0.604, 1.353e-4
0.605, 1.360e-4
0.606, 1.369e-4
0.607, 1.379e-4
0.608, 1.390e-4
0.609, 1.400e-4
0.610, 1.410e-4
0.611, 1.423e-4
0.612, 1.437e-4
0.613, 1.450e-4
0.614, 1.467e-4
0.615, 1.477e-4
0.616, 1.497e-4
0.617, 1.519e-4
0.618, 1.536e-4
0.619, 1.560e-4
0.620, 1.586e-4
0.621, 1.609e-4
0.622, 1.634e-4
0.623, 1.657e-4
0.624, 1.682e-4
0.625, 1.711e-4
0.626, 1.739e-4
0.627, 1.766e-4
0.628, 1.797e-4
0.629, 1.836e-4
0.630, 1.874e-4
0.631, 1.907e-4
0.632, 1.946e-4
0.633, 1.987e-4
0.634, 2.028e-4
0.635, 2.070e-4
0.636, 2.116e-4
0.637, 2.161e-4
0.638, 2.210e-4
0.639, 2.256e-4
0.640, 2.311e-4
0.641, 2.365e-4
0.642, 2.421e-4
0.643, 2.472e-4
0.644, 2.533e-4
0.645, 2.597e-4
0.646, 2.660e-4
0.647, 2.724e-4
0.648, 2.790e-4
0.649, 2.865e-4
0.650, 2.934e-4
0.651, 3.007e-4
0.652, 3.086e-4
0.653, 3.160e-4
0.654, 3.239e-4
0.655, 3.325e-4
0.656, 3.411e-4
0.657, 3.500e-4
0.658, 3.587e-4
0.659, 3.682e-4
0.660, 3.774e-4
0.661, 3.875e-4
0.662, 3.976e-4
0.663, 4.077e-4
0.664, 4.181e-4
0.665, 4.292e-4
0.666, 4.401e-4
0.667, 4.514e-4
0.668, 4.629e-4
0.669, 4.743e-4
0.670, 4.866e-4
0.671, 4.991e-4
0.672, 5.116e-4
0.673, 5.243e-4
0.674, 5.374e-4
0.675, 5.509e-4
0.676, 5.642e-4
0.677, 5.782e-4
0.678, 5.922e-4
0.679, 6.063e-4
0.680, 6.210e-4
0.681, 6.361e-4
0.682, 6.514e-4
0.683, 6.666e-4
0.684, 6.823e-4
0.685, 6.984e-4
0.686, 7.149e-4
0.687, 7.315e-4
0.688, 7.483e-4
0.689, 7.654e-4
0.690, 7.829e-4
0.691, 8.008e-4
0.692, 8.190e-4
0.693, 8.372e-4
0.694, 8.557e-4
0.695, 8.742e-4
0.696, 8.935e-4
0.697, 9.126e-4
0.698, 9.322e-4
0.699, 9.520e-4
0.700, 9.721e-4
0.701, 9.921e-4
0.702, 1.013e-3
0.703, 1.034e-3
0.704, 1.055e-3
0.705, 1.076e-3
0.706, 1.097e-3
0.707, 1.119e-3
0.708, 1.142e-3
0.709, 1.164e-3
0.710, 1.186e-3
0.711, 1.209e-3
0.712, 1.232e-3
0.713, 1.255e-3
0.714, 1.279e-3
0.715, 1.303e-3
0.716, 1.327e-3
0.717, 1.353e-3
0.718, 1.377e-3
0.719, 1.402e-3
0.720, 1.427e-3
0.721, 1.452e-3
0.722, 1.478e-3
0.723, 1.504e-3
0.724, 1.530e-3
0.725, 1.556e-3
0.726, 1.583e-3
0.727, 1.610e-3
0.728, 1.636e-3
0.729, 1.664e-3
0.730, 1.691e-3
0.731, 1.718e-3
0.732, 1.746e-3
0.733, 1.774e-3
0.734, 1.802e-3
0.735, 1.831e-3
0.736, 1.860e-3
0.737, 1.889e-3
0.738, 1.918e-3
0.739, 1.947e-3
0.740, 1.977e-3
0.741, 2.007e-3
0.742, 2.037e-3
0.743, 2.067e-3
0.744, 2.097e-3
0.745, 2.128e-3
0.746, 2.159e-3
0.747, 2.189e-3
0.748, 2.221e-3
0.749, 2.252e-3
0.750, 2.284e-3
0.751, 2.315e-3
0.752, 2.347e-3
0.753, 2.380e-3
0.754, 2.412e-3
0.755, 2.445e-3
0.756, 2.477e-3
0.757, 2.510e-3
0.758, 2.543e-3
0.759, 2.576e-3
0.760, 2.609e-3
0.761, 2.643e-3
0.762, 2.676e-3
0.763, 2.711e-3
0.764, 2.744e-3
0.765, 2.778e-3
0.766, 2.813e-3
0.767, 2.847e-3
0.768, 2.882e-3
0.769, 2.918e-3
0.770, 2.952e-3
0.771, 2.988e-3
0.772, 3.023e-3
0.773, 3.059e-3
0.774, 3.095e-3
0.775, 3.131e-3
0.776, 3.167e-3
0.777, 3.203e-3
0.778, 3.240e-3
0.779, 3.276e-3
0.780, 3.313e-3
0.781, 3.349e-3
0.782, 3.386e-3
0.783, 3.423e-3
0.784, 3.461e-3
0.785, 3.498e-3
0.786, 3.536e-3
0.787, 3.574e-3
0.788, 3.612e-3
0.789, 3.650e-3
0.790, 3.688e-3
0.791, 3.726e-3
0.792, 3.765e-3
0.793, 3.803e-3
0.794, 3.843e-3
0.795, 3.881e-3
0.796, 3.921e-3
0.797, 3.960e-3
0.798, 3.999e-3
0.799, 4.039e-3
0.800, 4.064e-3
0.799, 4.031e-3
0.798, 3.989e-3
0.797, 3.948e-3
0.796, 3.907e-3
0.795, 3.866e-3
0.794, 3.824e-3
0.793, 3.784e-3
0.792, 3.743e-3
0.791, 3.703e-3
0.790, 3.662e-3
0.789, 3.622e-3
0.788, 3.582e-3
0.787, 3.542e-3
0.786, 3.502e-3
0.785, 3.463e-3
0.784, 3.424e-3
0.783, 3.384e-3
0.782, 3.346e-3
0.781, 3.307e-3
0.780, 3.269e-3
0.779, 3.231e-3
0.778, 3.193e-3
0.777, 3.155e-3
0.776, 3.117e-3
0.775, 3.080e-3
0.774, 3.042e-3
0.773, 3.005e-3
0.772, 2.968e-3
0.771, 2.931e-3
0.770, 2.895e-3
0.769, 2.859e-3
0.768, 2.823e-3
0.767, 2.787e-3
0.766, 2.751e-3
0.765, 2.716e-3
0.764, 2.681e-3
0.763, 2.646e-3
0.762, 2.611e-3
0.761, 2.576e-3
0.760, 2.542e-3
0.759, 2.508e-3
0.758, 2.474e-3
0.757, 2.441e-3
0.756, 2.407e-3
0.755, 2.374e-3
0.754, 2.341e-3
0.753, 2.308e-3
0.752, 2.276e-3
0.751, 2.243e-3
0.750, 2.211e-3
0.749, 2.179e-3
0.748, 2.148e-3
0.747, 2.117e-3
0.746, 2.085e-3
0.745, 2.054e-3
0.744, 2.024e-3
0.743, 1.993e-3
0.742, 1.962e-3
0.741, 1.932e-3
0.740, 1.902e-3
0.739, 1.873e-3
0.738, 1.843e-3
0.737, 1.814e-3
0.736, 1.786e-3
0.735, 1.757e-3
0.734, 1.729e-3
0.733, 1.701e-3
0.732, 1.673e-3
0.731, 1.645e-3
0.730, 1.618e-3
0.729, 1.591e-3
0.728, 1.564e-3
0.727, 1.537e-3
0.726, 1.511e-3
0.725, 1.485e-3
0.724, 1.458e-3
0.723, 1.433e-3
0.722, 1.407e-3
0.721, 1.382e-3
0.720, 1.357e-3
0.719, 1.333e-3
0.718, 1.308e-3
0.717, 1.283e-3
0.716, 1.258e-3
0.715, 1.235e-3
0.714, 1.211e-3
0.713, 1.188e-3
0.712, 1.165e-3
0.711, 1.143e-3
0.710, 1.120e-3
0.709, 1.098e-3
0.708, 1.076e-3
0.707, 1.054e-3
0.706, 1.033e-3
0.705, 1.011e-3
0.704, 9.906e-4
0.703, 9.701e-4
0.702, 9.498e-4
0.701, 9.293e-4
0.700, 9.094e-4
0.699, 8.897e-4
0.698, 8.700e-4
0.697, 8.507e-4
0.696, 8.316e-4
0.695, 8.126e-4
0.694, 7.941e-4
0.693, 7.757e-4
0.692, 7.576e-4
0.691, 7.396e-4
0.690, 7.219e-4
0.689, 7.048e-4
0.688, 6.878e-4
0.687, 6.707e-4
0.686, 6.544e-4
0.685, 6.380e-4
0.684, 6.217e-4
0.683, 6.060e-4
0.682, 5.907e-4
0.681, 5.753e-4
0.680, 5.602e-4
0.679, 5.453e-4
0.678, 5.310e-4
0.677, 5.164e-4
0.676, 5.023e-4
0.675, 4.883e-4
0.674, 4.743e-4
0.673, 4.611e-4
0.672, 4.479e-4
0.671, 4.348e-4
0.670, 4.219e-4
0.669, 4.095e-4
0.668, 3.969e-4
0.667, 3.848e-4
0.666, 3.727e-4
0.665, 3.611e-4
0.664, 3.497e-4
0.663, 3.384e-4
0.662, 3.275e-4
0.661, 3.168e-4
0.660, 3.062e-4
0.659, 2.958e-4
0.658, 2.857e-4
0.657, 2.755e-4
0.656, 2.661e-4
0.655, 2.564e-4
0.654, 2.471e-4
0.653, 2.386e-4
0.652, 2.294e-4
0.651, 2.208e-4
0.650, 2.125e-4
0.649, 2.041e-4
0.648, 1.962e-4
0.647, 1.882e-4
0.646, 1.802e-4
0.645, 1.729e-4
0.644, 1.657e-4
0.643, 1.588e-4
0.642, 1.512e-4
0.641, 1.446e-4
0.640, 1.380e-4
0.639, 1.312e-4
0.638, 1.253e-4
0.637, 1.192e-4
0.636, 1.133e-4
0.635, 1.074e-4
0.634, 1.018e-4
0.633, 9.639e-5
0.632, 9.109e-5
0.631, 8.595e-5
0.630, 8.072e-5
0.629, 7.590e-5
0.628, 7.139e-5
0.627, 6.704e-5
0.626, 6.253e-5
0.625, 5.798e-5
0.624, 5.380e-5
0.623, 4.975e-5
0.622, 4.587e-5
0.621, 4.173e-5
0.620, 3.822e-5
0.619, 3.485e-5
0.618, 3.131e-5
0.617, 2.824e-5
0.616, 2.514e-5
0.615, 2.202e-5
0.614, 1.967e-5
0.613, 1.626e-5
0.612, 1.338e-5
0.611, 1.070e-5
0.610, 7.938e-6
0.609, 5.292e-6
0.608, 2.802e-6
0.607, 4.101e-7
0.606, -1.826e-6
0.605, -4.101e-6
0.604, -6.093e-6
0.603, -8.055e-6
0.602, -1.007e-5
0.601, -1.196e-5
0.600, -1.408e-5
0.599, -1.589e-5
0.598, -1.748e-5
0.597, -1.922e-5
0.596, -2.067e-5
0.595, -2.207e-5
0.594, -2.358e-5
0.593, -2.497e-5
0.592, -2.613e-5
0.591, -2.747e-5
0.590, -2.890e-5
0.589, -3.015e-5
0.588, -3.133e-5
0.587, -3.215e-5
0.586, -3.343e-5
0.585, -3.452e-5
0.584, -3.540e-5
0.583, -3.662e-5
0.582, -3.759e-5
0.581, -3.861e-5
0.580, -3.969e-5
0.579, -4.042e-5
0.578, -4.130e-5
0.577, -4.213e-5
0.576, -4.264e-5
0.575, -4.351e-5
0.574, -4.423e-5
0.573, -4.482e-5
0.572, -4.570e-5
0.571, -4.620e-5
0.570, -4.688e-5
0.569, -4.754e-5
0.568, -4.823e-5
0.567, -4.888e-5
0.566, -4.938e-5
0.565, -5.010e-5
0.564, -5.073e-5
0.563, -5.150e-5
0.562, -5.208e-5
0.561, -5.255e-5
0.560, -5.299e-5
0.559, -5.359e-5
0.558, -5.410e-5
0.557, -5.470e-5
0.556, -5.512e-5
0.555, -5.569e-5
0.554, -5.630e-5
0.553, -5.674e-5
0.552, -5.703e-5
0.551, -5.763e-5
0.550, -5.768e-5
0.549, -5.854e-5
0.548, -5.911e-5
0.547, -5.941e-5
0.546, -6.012e-5
0.545, -6.055e-5
0.544, -6.118e-5
0.543, -6.177e-5
0.542, -6.191e-5
0.541, -6.265e-5
0.540, -6.336e-5
0.539, -6.383e-5
0.538, -6.427e-5
0.537, -6.512e-5
0.536, -6.536e-5
0.535, -6.592e-5
0.534, -6.622e-5
0.533, -6.667e-5
0.532, -6.711e-5
0.531, -6.752e-5
0.530, -6.802e-5
0.529, -6.852e-5
0.528, -6.878e-5
0.527, -6.927e-5
0.526, -6.972e-5
0.525, -6.990e-5
0.524, -7.038e-5
0.523, -7.102e-5
0.522, -7.158e-5
0.521, -7.200e-5
0.520, -7.256e-5
0.519, -7.320e-5
0.518, -7.360e-5
0.517, -7.422e-5
0.516, -7.492e-5
0.515, -7.548e-5
0.514, -7.618e-5
0.513, -7.669e-5
0.512, -7.819e-5
0.511, -7.864e-5
0.510, -7.868e-5
0.509, -7.925e-5
0.508, -7.982e-5
0.507, -8.014e-5
0.506, -8.113e-5
0.505, -8.166e-5
0.504, -8.227e-5
0.503, -8.290e-5
0.502, -8.347e-5
0.501, -8.424e-5
0.500, -8.486e-5
0.499, -8.521e-5
0.498, -8.630e-5
0.497, -8.711e-5
0.496, -8.767e-5
0.495, -8.866e-5
0.494, -8.940e-5
0.493, -9.013e-5
0.492, -9.105e-5
0.491, -9.168e-5
0.490, -9.249e-5
0.489, -9.325e-5
0.488, -9.406e-5
0.487, -9.492e-5
0.486, -9.602e-5
0.485, -9.681e-5
0.484, -9.764e-5
0.483, -9.833e-5
0.482, -9.952e-5
0.481, -1.004e-4
0.480, -1.015e-4
0.479, -1.024e-4
0.478, -1.035e-4
0.477, -1.045e-4
0.476, -1.055e-4
0.475, -1.064e-4
0.474, -1.075e-4
0.473, -1.085e-4
0.472, -1.097e-4
0.471, -1.116e-4
0.470, -1.129e-4
0.469, -1.141e-4
0.468, -1.157e-4
0.467, -1.165e-4
0.466, -1.179e-4
0.465, -1.192e-4
0.464, -1.204e-4
0.463, -1.219e-4
0.462, -1.232e-4
0.461, -1.248e-4
0.460, -1.266e-4
0.459, -1.280e-4
0.458, -1.296e-4
0.457, -1.313e-4
0.456, -1.329e-4
0.455, -1.349e-4
0.454, -1.364e-4
0.453, -1.383e-4
0.452, -1.403e-4
0.451, -1.420e-4
0.450, -1.438e-4
0.449, -1.456e-4
0.448, -1.472e-4
0.447, -1.492e-4
0.446, -1.514e-4
0.445, -1.535e-4
0.444, -1.556e-4
0.443, -1.577e-4
0.442, -1.598e-4
0.441, -1.622e-4
0.440, -1.644e-4
0.439, -1.668e-4
0.438, -1.687e-4
0.437, -1.708e-4
0.436, -1.730e-4
0.435, -1.755e-4
0.434, -1.776e-4
0.433, -1.797e-4
0.432, -1.820e-4
0.431, -1.844e-4
0.430, -1.868e-4
0.429, -1.891e-4
0.428, -1.911e-4
0.427, -1.933e-4
0.426, -1.958e-4
0.425, -1.981e-4
0.424, -2.002e-4
0.423, -2.025e-4
0.422, -2.043e-4
0.421, -2.070e-4
0.420, -2.094e-4
0.419, -2.116e-4
0.418, -2.139e-4
0.417, -2.158e-4
0.416, -2.179e-4
0.415, -2.199e-4
0.414, -2.220e-4
0.413, -2.241e-4
0.412, -2.258e-4
0.411, -2.275e-4
0.410, -2.277e-4
0.409, -2.258e-4
0.408, -2.296e-4
0.407, -2.320e-4
0.406, -2.339e-4
0.405, -2.362e-4
0.404, -2.379e-4
0.403, -2.397e-4
0.402, -2.416e-4
0.401, -2.433e-4
0.400, -2.446e-4
0.399, -2.460e-4
0.398, -2.474e-4
0.397, -2.485e-4
0.396, -2.495e-4
0.395, -2.506e-4
0.394, -2.516e-4
0.393, -2.525e-4
0.392, -2.535e-4
0.391, -2.544e-4
0.390, -2.551e-4
0.389, -2.559e-4
0.388, -2.564e-4
0.387, -2.567e-4
0.386, -2.573e-4
0.385, -2.573e-4
0.384, -2.576e-4
0.383, -2.577e-4
0.382, -2.575e-4
0.381, -2.569e-4
0.380, -2.561e-4
0.379, -2.554e-4
0.378, -2.545e-4
0.377, -2.534e-4
0.376, -2.523e-4
0.375, -2.511e-4
0.374, -2.497e-4
0.373, -2.479e-4
0.372, -2.462e-4
0.371, -2.439e-4
0.370, -2.418e-4
0.369, -2.395e-4
0.368, -2.370e-4
0.367, -2.342e-4
0.366, -2.313e-4
0.365, -2.283e-4
0.364, -2.253e-4
0.363, -2.220e-4
0.362, -2.189e-4
0.361, -2.154e-4
0.360, -2.119e-4
0.359, -2.080e-4
0.358, -2.041e-4
0.357, -2.002e-4
0.356, -1.963e-4
0.355, -1.921e-4
0.354, -1.883e-4
0.353, -1.842e-4
0.352, -1.800e-4
0.351, -1.761e-4
0.350, -1.719e-4
0.349, -1.680e-4
0.348, -1.639e-4
0.347, -1.596e-4
0.346, -1.555e-4
0.345, -1.513e-4
0.344, -1.473e-4
0.343, -1.434e-4
0.342, -1.396e-4
0.341, -1.355e-4
0.340, -1.317e-4
0.339, -1.280e-4
0.338, -1.243e-4
0.337, -1.209e-4
0.336, -1.177e-4
0.335, -1.145e-4
0.334, -1.109e-4
0.333, -1.076e-4
0.332, -1.046e-4
0.331, -1.017e-4
0.330, -9.862e-5
0.329, -9.581e-5
0.328, -9.317e-5
0.327, -9.066e-5
0.326, -8.808e-5
0.325, -8.539e-5
0.324, -8.293e-5
0.323, -8.071e-5
0.322, -7.845e-5
0.321, -7.630e-5
0.320, -7.410e-5
0.319, -7.207e-5
0.318, -7.020e-5
0.317, -6.857e-5
0.316, -6.714e-5
0.315, -6.534e-5
0.314, -6.372e-5
0.313, -6.189e-5
0.312, -6.020e-5
0.311, -5.866e-5
0.310, -5.722e-5
0.309, -5.599e-5
0.308, -5.467e-5
0.307, -5.371e-5
0.306, -5.227e-5
0.305, -5.100e-5
0.304, -4.978e-5
0.303, -4.861e-5
0.302, -4.756e-5
0.301, -4.662e-5
0.300, -4.568e-5
0.299, -4.476e-5
0.298, -4.384e-5
0.297, -4.300e-5
0.296, -4.217e-5
0.295, -4.139e-5
0.294, -4.051e-5
0.293, -3.969e-5
0.292, -3.890e-5
0.291, -3.811e-5
0.290, -3.734e-5
0.289, -3.666e-5
0.288, -3.598e-5
0.287, -3.534e-5
0.286, -3.473e-5
0.285, -3.410e-5
0.284, -3.355e-5
0.283, -3.293e-5
0.282, -3.245e-5
0.281, -3.192e-5
0.280, -3.143e-5
0.279, -3.089e-5
0.278, -3.041e-5
0.277, -3.003e-5
0.276, -2.962e-5
0.275, -2.911e-5
0.274, -2.861e-5
0.273, -2.822e-5
0.272, -2.785e-5
0.271, -2.746e-5
0.270, -2.708e-5
0.269, -2.667e-5
0.268, -2.628e-5
0.267, -2.600e-5
0.266, -2.565e-5
0.265, -2.535e-5
0.264, -2.498e-5
0.263, -2.470e-5
0.262, -2.437e-5
0.261, -2.408e-5
0.260, -2.375e-5
0.259, -2.349e-5
0.258, -2.310e-5
0.257, -2.294e-5
0.256, -2.266e-5
0.255, -2.245e-5
0.254, -2.214e-5
0.253, -2.191e-5
0.252, -2.173e-5
0.251, -2.144e-5
0.250, -2.121e-5
0.249, -2.099e-5
0.248, -2.079e-5
0.247, -2.063e-5
0.246, -2.031e-5
0.245, -2.020e-5
0.244, -2.005e-5
0.243, -1.975e-5
0.242, -1.966e-5
0.241, -1.947e-5
0.240, -1.930e-5
0.239, -1.913e-5
0.238, -1.893e-5
0.237, -1.881e-5
0.236, -1.871e-5
0.235, -1.851e-5
0.234, -1.834e-5
0.233, -1.826e-5
0.232, -1.809e-5
0.231, -1.796e-5
0.230, -1.785e-5
0.229, -1.767e-5
0.228, -1.752e-5
0.227, -1.737e-5
0.226, -1.722e-5
0.225, -1.708e-5
0.224, -1.693e-5
0.223, -1.680e-5
0.222, -1.671e-5
0.221, -1.659e-5
0.220, -1.638e-5
0.219, -1.627e-5
0.218, -1.618e-5
0.217, -1.614e-5
0.216, -1.594e-5
0.215, -1.584e-5
0.214, -1.563e-5
0.213, -1.555e-5
0.212, -1.550e-5
0.211, -1.534e-5
0.210, -1.531e-5
0.209, -1.515e-5
0.208, -1.494e-5
0.207, -1.495e-5
0.206, -1.486e-5
0.205, -1.467e-5
0.204, -1.455e-5
0.203, -1.441e-5
0.202, -1.429e-5
0.201, -1.428e-5
0.200, -1.259e-5
0.201, -9.354e-6
0.202, -8.123e-6
0.203, -7.284e-6
0.204, -6.688e-6
0.205, -6.200e-6
0.206, -5.565e-6
0.207, -5.136e-6
0.208, -4.823e-6
0.209, -4.423e-6
0.210, -3.984e-6
0.211, -3.661e-6
0.212, -3.388e-6
0.213, -3.095e-6
0.214, -2.783e-6
0.215, -2.558e-6
0.216, -2.226e-6
0.217, -1.953e-6
0.218, -1.816e-6
0.219, -1.562e-6
0.220, -1.357e-6
0.221, -1.172e-6
0.222, -9.666e-7
0.223, -8.006e-7
0.224, -6.542e-7
0.225, -4.394e-7
0.226, -3.417e-7
0.227, -1.660e-7
0.228, -9.764e-9
0.229, 1.367e-7
0.230, 3.222e-7
0.231, 4.491e-7
0.232, 5.956e-7
0.233, 7.323e-7
0.234, 8.983e-7
0.235, 9.959e-7
0.236, 1.123e-6
0.237, 1.279e-6
0.238, 1.357e-6
0.239, 1.406e-6
0.240, 1.562e-6
0.241, 1.757e-6
0.242, 1.855e-6
0.243, 1.884e-6
0.244, 1.963e-6
0.245, 2.138e-6
0.246, 2.265e-6
0.247, 2.285e-6
0.248, 2.402e-6
0.249, 2.548e-6
0.250, 2.724e-6
0.251, 2.763e-6
0.252, 2.871e-6
0.253, 2.929e-6
0.254, 3.037e-6
0.255, 3.124e-6
0.256, 3.222e-6
0.257, 3.290e-6
0.258, 3.339e-6
0.259, 3.466e-6
0.260, 3.632e-6
0.261, 3.583e-6
0.262, 3.710e-6
0.263, 3.788e-6
0.264, 3.886e-6
0.265, 4.062e-6
0.266, 4.101e-6
0.267, 4.159e-6
0.268, 4.277e-6
0.269, 4.345e-6
0.270, 4.433e-6
0.271, 4.579e-6
0.272, 4.618e-6
0.273, 4.657e-6
0.274, 4.833e-6
0.275, 4.911e-6
0.276, 4.921e-6
0.277, 5.058e-6
0.278, 5.146e-6
0.279, 5.126e-6
0.280, 5.224e-6
0.281, 5.380e-6
0.282, 5.487e-6
0.283, 5.526e-6
0.284, 5.575e-6
0.285, 5.712e-6
0.286, 5.770e-6
0.287, 5.907e-6
0.288, 5.975e-6
0.289, 6.014e-6
0.290, 6.073e-6
0.291, 6.239e-6
0.292, 6.356e-6
0.293, 6.405e-6
0.294, 6.395e-6
0.295, 6.532e-6
0.296, 6.669e-6
0.297, 6.727e-6
0.298, 6.835e-6
0.299, 6.883e-6
0.300, 7.089e-6
0.301, 7.118e-6
0.302, 7.206e-6
0.303, 7.284e-6
0.304, 7.430e-6
0.305, 7.528e-6
0.306, 7.635e-6
0.307, 7.733e-6
0.308, 7.899e-6
0.309, 7.987e-6
0.310, 8.094e-6
0.311, 8.104e-6
0.312, 8.123e-6
0.313, 8.387e-6
0.314, 8.504e-6
0.315, 8.534e-6
0.316, 8.631e-6
0.317, 8.700e-6
0.318, 8.885e-6
0.319, 9.032e-6
0.320, 9.041e-6
0.321, 9.246e-6
0.322, 9.334e-6
0.323, 9.412e-6
0.324, 9.578e-6
0.325, 9.637e-6
0.326, 9.764e-6
0.327, 9.949e-6
0.328, 1.004e-5
0.329, 1.020e-5
0.330, 1.022e-5
0.331, 1.041e-5
0.332, 1.060e-5
0.333, 1.061e-5
0.334, 1.074e-5
0.335, 1.091e-5
0.336, 1.103e-5
0.337, 1.117e-5
0.338, 1.127e-5
0.339, 1.137e-5
0.340, 1.160e-5
0.341, 1.175e-5
0.342, 1.183e-5
0.343, 1.198e-5
0.344, 1.207e-5
0.345, 1.227e-5
0.346, 1.233e-5
0.347, 1.254e-5
0.348, 1.265e-5
0.349, 1.278e-5
0.350, 1.290e-5
0.351, 1.308e-5
0.352, 1.321e-5
0.353, 1.329e-5
0.354, 1.343e-5
0.355, 1.369e-5
0.356, 1.383e-5
0.357, 1.393e-5
0.358, 1.410e-5
0.359, 1.428e-5
0.360, 1.440e-5
0.361, 1.461e-5
0.362, 1.467e-5
0.363, 1.487e-5
0.364, 1.509e-5
0.365, 1.526e-5
0.366, 1.541e-5
0.367, 1.557e-5
0.368, 1.580e-5
0.369, 1.595e-5
0.370, 1.608e-5
0.371, 1.615e-5
0.372, 1.646e-5
0.373, 1.664e-5
0.374, 1.689e-5
0.375, 1.710e-5
0.376, 1.720e-5
0.377, 1.747e-5
0.378, 1.767e-5
0.379, 1.786e-5
0.380, 1.812e-5
0.381, 1.832e-5
0.382, 1.851e-5
0.383, 1.884e-5
0.384, 1.898e-5
0.385, 1.925e-5
0.386, 1.946e-5
0.387, 1.979e-5
0.388, 2.004e-5
0.389, 2.025e-5
0.390, 2.053e-5
0.391, 2.079e-5
0.392, 2.103e-5
0.393, 2.134e-5
0.394, 2.163e-5
0.395, 2.189e-5
0.396, 2.227e-5
0.397, 2.255e-5
0.398, 2.283e-5
0.399, 2.320e-5
0.400, 2.356e-5
0.401, 2.388e-5
0.402, 2.420e-5
0.403, 2.456e-5
0.404, 2.494e-5
0.405, 2.519e-5
0.406, 2.562e-5
0.407, 2.595e-5
0.408, 2.635e-5
0.409, 2.666e-5
0.410, 2.606e-5
0.411, 2.727e-5
0.412, 2.776e-5
0.413, 2.826e-5
0.414, 2.870e-5
0.415, 2.924e-5
0.416, 2.965e-5
0.417, 3.021e-5
0.418, 3.068e-5
0.419, 3.122e-5
0.420, 3.175e-5
0.421, 3.241e-5
0.422, 3.300e-5
0.423, 3.374e-5
0.424, 3.442e-5
0.425, 3.517e-5
0.426, 3.599e-5
0.427, 3.677e-5
0.428, 3.765e-5
0.429, 3.849e-5
0.430, 3.934e-5
0.431, 4.038e-5
0.432, 4.133e-5
0.433, 4.252e-5
0.434, 4.357e-5
0.435, 4.504e-5
0.436, 4.666e-5
0.437, 4.794e-5
0.438, 4.957e-5
0.439, 5.120e-5
0.440, 5.292e-5
0.441, 5.492e-5
0.442, 5.717e-5
0.443, 5.958e-5
0.444, 6.218e-5
0.445, 6.459e-5
0.446, 6.750e-5
0.447, 7.069e-5
0.448, 7.415e-5
0.449, 7.757e-5
0.450, 8.142e-5
0.451, 8.592e-5
0.452, 9.046e-5
0.453, 9.540e-5
0.454, 1.010e-4
0.455, 1.067e-4
0.456, 1.132e-4
0.457, 1.198e-4
0.458, 1.268e-4
0.459, 1.345e-4
0.460, 1.428e-4
0.461, 1.517e-4
0.462, 1.612e-4
0.463, 1.710e-4
0.464, 1.815e-4
0.465, 1.927e-4
0.466, 2.042e-4
0.467, 2.162e-4
0.468, 2.286e-4
0.469, 2.417e-4
0.470, 2.544e-4
0.471, 2.677e-4
0.472, 2.809e-4
0.473, 2.942e-4
0.474, 3.067e-4
0.475, 3.192e-4
0.476, 3.313e-4
0.477, 3.430e-4
0.478, 3.537e-4
0.479, 3.639e-4
0.480, 3.728e-4
0.481, 3.812e-4
0.482, 3.885e-4
0.483, 3.946e-4
0.484, 3.995e-4
0.485, 4.036e-4
0.486, 4.066e-4
0.487, 4.088e-4
0.488, 4.096e-4
0.489, 4.096e-4
0.490, 4.087e-4
0.491, 4.072e-4
0.492, 4.051e-4
0.493, 4.024e-4
0.494, 3.991e-4
0.495, 3.952e-4
0.496, 3.912e-4
0.497, 3.867e-4
0.498, 3.823e-4
0.499, 3.773e-4
0.500, 3.721e-4
0.501, 3.678e-4
0.502, 3.630e-4
0.503, 3.581e-4
0.504, 3.535e-4
0.505, 3.490e-4
0.506, 3.446e-4
0.507, 3.402e-4
0.508, 3.357e-4
0.509, 3.315e-4
0.510, 3.273e-4
0.511, 3.232e-4
0.512, 3.208e-4
0.513, 3.175e-4
0.514, 3.132e-4
0.515, 3.097e-4
0.516, 3.061e-4
0.517, 3.022e-4
0.518, 2.987e-4
0.519, 2.954e-4
0.520, 2.919e-4
0.521, 2.885e-4
0.522, 2.850e-4
0.523, 2.815e-4
0.524, 2.778e-4
0.525, 2.739e-4
0.526, 2.711e-4
0.527, 2.679e-4
0.528, 2.644e-4
0.529, 2.610e-4
0.530, 2.576e-4
0.531, 2.541e-4
0.532, 2.505e-4
0.533, 2.472e-4
0.534, 2.443e-4
0.535, 2.407e-4
0.536, 2.376e-4
0.537, 2.344e-4
0.538, 2.311e-4
0.539, 2.274e-4
0.540, 2.241e-4
0.541, 2.211e-4
0.542, 2.181e-4
0.543, 2.148e-4
0.544, 2.117e-4
0.545, 2.085e-4
0.546, 2.054e-4
0.547, 2.024e-4
0.548, 1.996e-4
0.549, 1.966e-4
0.550, 1.939e-4
0.551, 1.909e-4
0.552, 1.883e-4
0.553, 1.859e-4
0.554, 1.832e-4
0.555, 1.802e-4
0.556, 1.778e-4
0.557, 1.757e-4
0.558, 1.737e-4
0.559, 1.713e-4
0.560, 1.692e-4
0.561, 1.673e-4
0.562, 1.652e-4
0.563, 1.636e-4
0.564, 1.619e-4
0.565, 1.599e-4
0.566, 1.583e-4
0.567, 1.563e-4
0.568, 1.544e-4
0.569, 1.529e-4
0.570, 1.517e-4
0.571, 1.505e-4
0.572, 1.492e-4
0.573, 1.478e-4
0.574, 1.466e-4
0.575, 1.455e-4
0.576, 1.439e-4
0.577, 1.432e-4
0.578, 1.422e-4
0.579, 1.414e-4
0.580, 1.407e-4
0.581, 1.400e-4
0.582, 1.394e-4
0.583, 1.387e-4
0.584, 1.381e-4
0.585, 1.377e-4
0.586, 1.373e-4
0.587, 1.369e-4
0.588, 1.367e-4
0.589, 1.364e-4
0.590, 1.363e-4
0.591, 1.361e-4
0.592, 1.358e-4
0.593, 1.361e-4
0.594, 1.360e-4
0.595, 1.363e-4
0.596, 1.365e-4
0.597, 1.368e-4
0.598, 1.372e-4
0.599, 1.375e-4
0.600, 1.379e-4
0.601, 1.386e-4
0.602, 1.390e-4
0.603, 1.397e-4
0.604, 1.407e-4
0.605, 1.413e-4
0.606, 1.425e-4
0.607, 1.435e-4
0.608, 1.447e-4
0.609, 1.461e-4
0.610, 1.474e-4
0.611, 1.488e-4
0.612, 1.503e-4
0.613, 1.518e-4
0.614, 1.533e-4
0.615, 1.548e-4
0.616, 1.574e-4
0.617, 1.598e-4
0.618, 1.619e-4
0.619, 1.641e-4
0.620, 1.666e-4
0.621, 1.692e-4
0.622, 1.718e-4
0.623, 1.744e-4
0.624, 1.771e-4
0.625, 1.804e-4
0.626, 1.839e-4
0.627, 1.873e-4
0.628, 1.907e-4
0.629, 1.945e-4
0.630, 1.984e-4
0.631, 2.023e-4
0.632, 2.064e-4
0.633, 2.109e-4
0.634, 2.154e-4
0.635, 2.200e-4
0.636, 2.246e-4
0.637, 2.298e-4
0.638, 2.353e-4
0.639, 2.406e-4
0.640, 2.462e-4
0.641, 2.518e-4
0.642, 2.581e-4
0.643, 2.643e-4
0.644, 2.709e-4
0.645, 2.771e-4
0.646, 2.844e-4
0.647, 2.916e-4
0.648, 2.988e-4
0.649, 3.067e-4
0.650, 3.142e-4
0.651, 3.220e-4
0.652, 3.303e-4
0.653, 3.385e-4
0.654, 3.473e-4
0.655, 3.566e-4
0.656, 3.658e-4
0.657, 3.750e-4
0.658, 3.850e-4
0.659, 3.951e-4
0.660, 4.055e-4
0.661, 4.158e-4
0.662, 4.267e-4
0.663, 4.378e-4
0.664, 4.492e-4
0.665, 4.607e-4
0.666, 4.724e-4
0.667, 4.846e-4
0.668, 4.970e-4
0.669, 5.096e-4
0.670, 5.224e-4
0.671, 5.357e-4
0.672, 5.492e-4
0.673, 5.628e-4
0.674, 5.769e-4
0.675, 5.912e-4
0.676, 6.057e-4
0.677, 6.201e-4
0.678, 6.354e-4
0.679, 6.507e-4
0.680, 6.662e-4
0.681, 6.825e-4
0.682, 6.986e-4
0.683, 7.153e-4
0.684, 7.321e-4
0.685, 7.493e-4
0.686, 7.665e-4
0.687, 7.846e-4
0.688, 8.024e-4
0.689, 8.207e-4
0.690, 8.394e-4
0.691, 8.582e-4
0.692, 8.773e-4
0.693, 8.967e-4
0.694, 9.162e-4
0.695, 9.362e-4
0.696, 9.563e-4
0.697, 9.767e-4
0.698, 9.972e-4
0.699, 1.018e-3
0.700, 1.040e-3
0.701, 1.061e-3
0.702, 1.083e-3
0.703, 1.105e-3
0.704, 1.127e-3
0.705, 1.149e-3
0.706, 1.172e-3
0.707, 1.195e-3
0.708, 1.218e-3
0.709, 1.242e-3
0.710, 1.266e-3
0.711, 1.290e-3
0.712, 1.314e-3
0.713, 1.339e-3
0.714, 1.364e-3
0.715, 1.389e-3
0.716, 1.414e-3
0.717, 1.441e-3
0.718, 1.468e-3
0.719, 1.494e-3
0.720, 1.520e-3
0.721, 1.546e-3
0.722, 1.573e-3
0.723, 1.600e-3
0.724, 1.628e-3
0.725, 1.656e-3
0.726, 1.683e-3
0.727, 1.711e-3
0.728, 1.740e-3
0.729, 1.768e-3
0.730, 1.796e-3
0.731, 1.825e-3
0.732, 1.854e-3
0.733, 1.884e-3
0.734, 1.913e-3
0.735, 1.943e-3
0.736, 1.973e-3
0.737, 2.004e-3
0.738, 2.034e-3
0.739, 2.065e-3
0.740, 2.095e-3
0.741, 2.126e-3
0.742, 2.158e-3
0.743, 2.189e-3
0.744, 2.221e-3
0.745, 2.253e-3
0.746, 2.285e-3
0.747, 2.317e-3
0.748, 2.350e-3
0.749, 2.382e-3
0.750, 2.416e-3
0.751, 2.449e-3
0.752, 2.482e-3
0.753, 2.515e-3
0.754, 2.549e-3
0.755, 2.582e-3
0.756, 2.616e-3
0.757, 2.650e-3
0.758, 2.684e-3
0.759, 2.719e-3
0.760, 2.753e-3
0.761, 2.788e-3
0.762, 2.823e-3
0.763, 2.858e-3
0.764, 2.894e-3
0.765, 2.929e-3
0.766, 2.964e-3
0.767, 3.000e-3
0.768, 3.037e-3
0.769, 3.073e-3
0.770, 3.109e-3
0.771, 3.146e-3
0.772, 3.183e-3
0.773, 3.220e-3
0.774, 3.256e-3
0.775, 3.294e-3
0.776, 3.331e-3
0.777, 3.368e-3
0.778, 3.406e-3
0.779, 3.444e-3
0.780, 3.482e-3
0.781, 3.520e-3
0.782, 3.558e-3
0.783, 3.596e-3
0.784, 3.635e-3
0.785, 3.673e-3
0.786, 3.712e-3
0.787, 3.751e-3
0.788, 3.790e-3
0.789, 3.829e-3
0.790, 3.869e-3
0.791, 3.908e-3
0.792, 3.948e-3
0.793, 3.988e-3
0.794, 4.028e-3
0.795, 4.069e-3
0.796, 4.108e-3
0.797, 4.149e-3
0.798, 4.189e-3
0.799, 4.229e-3
0.800, 4.255e-3
0.799, 4.222e-3
0.798, 4.179e-3
0.797, 4.137e-3
0.796, 4.095e-3
0.795, 4.053e-3
0.794, 4.011e-3
0.793, 3.968e-3
0.792, 3.926e-3
0.791, 3.884e-3
0.790, 3.843e-3
0.789, 3.801e-3
0.788, 3.760e-3
0.787, 3.719e-3
0.786, 3.678e-3
0.785, 3.638e-3
0.784, 3.597e-3
0.783, 3.557e-3
0.782, 3.517e-3
0.781, 3.477e-3
0.780, 3.437e-3
0.779, 3.398e-3
0.778, 3.358e-3
0.777, 3.319e-3
0.776, 3.280e-3
0.775, 3.242e-3
0.774, 3.203e-3
0.773, 3.165e-3
0.772, 3.126e-3
0.771, 3.088e-3
0.770, 3.050e-3
0.769, 3.013e-3
0.768, 2.975e-3
0.767, 2.938e-3
0.766, 2.901e-3
0.765, 2.864e-3
0.764, 2.828e-3
0.763, 2.792e-3
0.762, 2.755e-3
0.761, 2.720e-3
0.760, 2.684e-3
0.759, 2.648e-3
0.758, 2.614e-3
0.757, 2.578e-3
0.756, 2.544e-3
0.755, 2.510e-3
0.754, 2.475e-3
0.753, 2.441e-3
0.752, 2.407e-3
0.751, 2.374e-3
0.750, 2.340e-3
0.749, 2.307e-3
0.748, 2.273e-3
0.747, 2.241e-3
0.746, 2.208e-3
0.745, 2.176e-3
0.744, 2.144e-3
0.743, 2.112e-3
0.742, 2.080e-3
0.741, 2.049e-3
0.740, 2.018e-3
0.739, 1.987e-3
0.738, 1.956e-3
0.737, 1.925e-3
0.736, 1.895e-3
0.735, 1.865e-3
0.734, 1.835e-3
0.733, 1.806e-3
0.732, 1.777e-3
0.731, 1.748e-3
0.730, 1.720e-3
0.729, 1.691e-3
0.728, 1.663e-3
0.727, 1.635e-3
0.726, 1.607e-3
0.725, 1.580e-3
0.724, 1.552e-3
0.723, 1.525e-3
0.722, 1.498e-3
0.721, 1.472e-3
0.720, 1.446e-3
0.719, 1.420e-3
0.718, 1.394e-3
0.717, 1.368e-3
0.716, 1.342e-3
0.715, 1.317e-3
0.714, 1.292e-3
0.713, 1.268e-3
0.712, 1.243e-3
0.711, 1.219e-3
0.710, 1.196e-3
0.709, 1.172e-3
0.708, 1.149e-3
0.707, 1.127e-3
0.706, 1.104e-3
0.705, 1.081e-3
0.704, 1.059e-3
0.703, 1.037e-3
0.702, 1.016e-3
0.701, 9.942e-4
0.700, 9.732e-4
0.699, 9.524e-4
0.698, 9.316e-4
0.697, 9.111e-4
0.696, 8.909e-4
0.695, 8.708e-4
0.694, 8.516e-4
0.693, 8.320e-4
0.692, 8.125e-4
0.691, 7.935e-4
0.690, 7.747e-4
0.689, 7.563e-4
0.688, 7.382e-4
0.687, 7.201e-4
0.686, 7.027e-4
0.685, 6.851e-4
0.684, 6.679e-4
0.683, 6.512e-4
0.682, 6.347e-4
0.681, 6.183e-4
0.680, 6.022e-4
0.679, 5.864e-4
0.678, 5.713e-4
0.677, 5.558e-4
0.676, 5.407e-4
0.675, 5.258e-4
0.674, 5.112e-4
0.673, 4.968e-4
0.672, 4.827e-4
0.671, 4.685e-4
0.670, 4.552e-4
0.669, 4.418e-4
0.668, 4.285e-4
0.667, 4.156e-4
0.666, 4.027e-4
0.665, 3.902e-4
0.664, 3.778e-4
0.663, 3.660e-4
0.662, 3.542e-4
0.661, 3.427e-4
0.660, 3.312e-4
0.659, 3.202e-4
0.658, 3.094e-4
0.657, 2.986e-4
0.656, 2.885e-4
0.655, 2.779e-4
0.654, 2.682e-4
0.653, 2.586e-4
0.652, 2.489e-4
0.651, 2.400e-4
0.650, 2.306e-4
0.649, 2.220e-4
0.648, 2.133e-4
0.647, 2.047e-4
0.646, 1.964e-4
0.645, 1.886e-4
0.644, 1.803e-4
0.643, 1.729e-4
0.642, 1.656e-4
0.641, 1.583e-4
0.640, 1.507e-4
0.639, 1.439e-4
0.638, 1.373e-4
0.637, 1.305e-4
0.636, 1.244e-4
0.635, 1.182e-4
0.634, 1.122e-4
0.633, 1.061e-4
0.632, 1.005e-4
0.631, 9.481e-5
0.630, 8.976e-5
0.629, 8.426e-5
0.628, 7.902e-5
0.627, 7.480e-5
0.626, 6.966e-5
0.625, 6.500e-5
0.624, 6.063e-5
0.623, 5.596e-5
0.622, 5.170e-5
0.621, 4.754e-5
0.620, 4.344e-5
0.619, 3.981e-5
0.618, 3.632e-5
0.617, 3.269e-5
0.616, 2.932e-5
0.615, 2.617e-5
0.614, 2.353e-5
0.613, 1.992e-5
0.612, 1.671e-5
0.611, 1.402e-5
0.610, 1.108e-5
0.609, 8.163e-6
0.608, 5.468e-6
0.607, 2.880e-6
0.606, 4.198e-7
0.605, -1.943e-6
0.604, -4.384e-6
0.603, -6.415e-6
0.602, -8.446e-6
0.601, -1.046e-5
0.600, -1.260e-5
0.599, -1.469e-5
0.598, -1.661e-5
0.597, -1.831e-5
0.596, -1.995e-5
0.595, -2.150e-5
0.594, -2.303e-5
0.593, -2.445e-5
0.592, -2.580e-5
0.591, -2.729e-5
0.590, -2.865e-5
0.589, -3.007e-5
0.588, -3.144e-5
0.587, -3.234e-5
0.586, -3.351e-5
0.585, -3.469e-5
0.584, -3.575e-5
0.583, -3.697e-5
0.582, -3.798e-5
0.581, -3.919e-5
0.580, -4.024e-5
0.579, -4.110e-5
0.578, -4.201e-5
0.577, -4.280e-5
0.576, -4.335e-5
0.575, -4.440e-5
0.574, -4.512e-5
0.573, -4.597e-5
0.572, -4.661e-5
0.571, -4.728e-5
0.570, -4.810e-5
0.569, -4.881e-5
0.568, -4.929e-5
0.567, -5.032e-5
0.566, -5.075e-5
0.565, -5.147e-5
0.564, -5.213e-5
0.563, -5.308e-5
0.562, -5.343e-5
0.561, -5.399e-5
0.560, -5.429e-5
0.559, -5.510e-5
0.558, -5.568e-5
0.557, -5.627e-5
0.556, -5.676e-5
0.555, -5.732e-5
0.554, -5.767e-5
0.553, -5.823e-5
0.552, -5.877e-5
0.551, -5.933e-5
0.550, -5.952e-5
0.549, -6.024e-5
0.548, -6.098e-5
0.547, -6.135e-5
0.546, -6.202e-5
0.545, -6.271e-5
0.544, -6.323e-5
0.543, -6.378e-5
0.542, -6.427e-5
0.541, -6.481e-5
0.540, -6.537e-5
0.539, -6.582e-5
0.538, -6.639e-5
0.537, -6.693e-5
0.536, -6.727e-5
0.535, -6.773e-5
0.534, -6.802e-5
0.533, -6.848e-5
0.532, -6.894e-5
0.531, -6.934e-5
0.530, -6.986e-5
0.529, -7.028e-5
0.528, -7.081e-5
0.527, -7.130e-5
0.526, -7.175e-5
0.525, -7.204e-5
0.524, -7.257e-5
0.523, -7.322e-5
0.522, -7.388e-5
0.521, -7.433e-5
0.520, -7.506e-5
0.519, -7.569e-5
0.518, -7.626e-5
0.517, -7.677e-5
0.516, -7.735e-5
0.515, -7.776e-5
0.514, -7.849e-5
0.513, -7.898e-5
0.512, -8.081e-5
0.511, -8.118e-5
0.510, -8.116e-5
0.509, -8.162e-5
0.508, -8.229e-5
0.507, -8.290e-5
0.506, -8.350e-5
0.505, -8.413e-5
0.504, -8.500e-5
0.503, -8.587e-5
0.502, -8.622e-5
0.501, -8.713e-5
0.500, -8.781e-5
0.499, -8.806e-5
0.498, -8.917e-5
0.497, -9.005e-5
0.496, -9.065e-5
0.495, -9.159e-5
0.494, -9.235e-5
0.493, -9.298e-5
0.492, -9.389e-5
0.491, -9.471e-5
0.490, -9.538e-5
0.489, -9.621e-5
0.488, -9.713e-5
0.487, -9.816e-5
0.486, -9.926e-5
0.485, -1.002e-4
0.484, -1.010e-4
0.483, -1.017e-4
0.482, -1.028e-4
0.481, -1.038e-4
0.480, -1.048e-4
0.479, -1.057e-4
0.478, -1.069e-4
0.477, -1.080e-4
0.476, -1.090e-4
0.475, -1.103e-4
0.474, -1.115e-4
0.473, -1.126e-4
0.472, -1.140e-4
0.471, -1.154e-4
0.470, -1.165e-4
0.469, -1.179e-4
0.468, -1.191e-4
0.467, -1.203e-4
0.466, -1.217e-4
0.465, -1.230e-4
0.464, -1.243e-4
0.463, -1.261e-4
0.462, -1.275e-4
0.461, -1.295e-4
0.460, -1.311e-4
0.459, -1.324e-4
0.458, -1.344e-4
0.457, -1.360e-4
0.456, -1.380e-4
0.455, -1.399e-4
0.454, -1.415e-4
0.453, -1.434e-4
0.452, -1.452e-4
0.451, -1.470e-4
0.450, -1.493e-4
0.449, -1.513e-4
0.448, -1.526e-4
0.447, -1.550e-4
0.446, -1.572e-4
0.445, -1.595e-4
0.444, -1.618e-4
0.443, -1.640e-4
0.442, -1.663e-4
0.441, -1.687e-4
0.440, -1.707e-4
0.439, -1.731e-4
0.438, -1.754e-4
0.437, -1.777e-4
0.436, -1.804e-4
0.435, -1.830e-4
0.434, -1.855e-4
0.433, -1.878e-4
0.432, -1.899e-4
0.431, -1.925e-4
0.430, -1.950e-4
0.429, -1.976e-4
0.428, -2.001e-4
0.427, -2.024e-4
0.426, -2.049e-4
0.425, -2.074e-4
0.424, -2.102e-4
0.423, -2.127e-4
0.422, -2.147e-4
0.421, -2.172e-4
0.420, -2.196e-4
0.419, -2.220e-4
0.418, -2.244e-4
0.417, -2.265e-4
0.416, -2.288e-4
0.415, -2.313e-4
0.414, -2.335e-4
0.413, -2.359e-4
0.412, -2.381e-4
0.411, -2.403e-4
0.410, -2.406e-4
0.409, -2.387e-4
0.408, -2.425e-4
0.407, -2.451e-4
0.406, -2.471e-4
0.405, -2.491e-4
0.404, -2.512e-4
0.403, -2.529e-4
0.402, -2.550e-4
0.401, -2.569e-4
0.400, -2.587e-4
0.399, -2.605e-4
0.398, -2.622e-4
0.397, -2.636e-4
0.396, -2.647e-4
0.395, -2.659e-4
0.394, -2.673e-4
0.393, -2.686e-4
0.392, -2.694e-4
0.391, -2.706e-4
0.390, -2.716e-4
0.389, -2.725e-4
0.388, -2.732e-4
0.387, -2.735e-4
0.386, -2.741e-4
0.385, -2.744e-4
0.384, -2.748e-4
0.383, -2.747e-4
0.382, -2.744e-4
0.381, -2.741e-4
0.380, -2.736e-4
0.379, -2.730e-4
0.378, -2.723e-4
0.377, -2.711e-4
0.376, -2.700e-4
0.375, -2.686e-4
0.374, -2.669e-4
0.373, -2.651e-4
0.372, -2.634e-4
0.371, -2.610e-4
0.370, -2.586e-4
0.369, -2.559e-4
0.368, -2.532e-4
0.367, -2.506e-4
0.366, -2.476e-4
0.365, -2.446e-4
0.364, -2.413e-4
0.363, -2.379e-4
0.362, -2.342e-4
0.361, -2.302e-4
0.360, -2.263e-4
0.359, -2.225e-4
0.358, -2.185e-4
0.357, -2.145e-4
0.356, -2.101e-4
0.355, -2.053e-4
0.354, -2.009e-4
0.353, -1.965e-4
0.352, -1.921e-4
0.351, -1.878e-4
0.350, -1.832e-4
0.349, -1.787e-4
0.348, -1.743e-4
0.347, -1.698e-4
0.346, -1.656e-4
0.345, -1.610e-4
0.344, -1.566e-4
0.343, -1.523e-4
0.342, -1.479e-4
0.341, -1.440e-4
0.340, -1.399e-4
0.339, -1.357e-4
0.338, -1.317e-4
0.337, -1.280e-4
0.336, -1.241e-4
0.335, -1.206e-4
0.334, -1.173e-4
0.333, -1.141e-4
0.332, -1.104e-4
0.331, -1.070e-4
0.330, -1.040e-4
0.329, -1.009e-4
0.328, -9.789e-5
0.327, -9.512e-5
0.326, -9.246e-5
0.325, -8.997e-5
0.324, -8.726e-5
0.323, -8.462e-5
0.322, -8.221e-5
0.321, -7.997e-5
0.320, -7.781e-5
0.319, -7.561e-5
0.318, -7.345e-5
0.317, -7.151e-5
0.316, -6.970e-5
0.315, -6.810e-5
0.314, -6.644e-5
0.313, -6.484e-5
0.312, -6.308e-5
0.311, -6.138e-5
0.310, -5.963e-5
0.309, -5.817e-5
0.308, -5.685e-5
0.307, -5.582e-5
0.306, -5.441e-5
0.305, -5.315e-5
0.304, -5.184e-5
0.303, -5.067e-5
0.302, -4.943e-5
0.301, -4.841e-5
0.300, -4.734e-5
0.299, -4.631e-5
0.298, -4.535e-5
0.297, -4.450e-5
0.296, -4.363e-5
0.295, -4.282e-5
0.294, -4.197e-5
0.293, -4.120e-5
0.292, -4.048e-5
0.291, -3.954e-5
0.290, -3.876e-5
0.289, -3.803e-5
0.288, -3.725e-5
0.287, -3.663e-5
0.286, -3.588e-5
0.285, -3.532e-5
0.284, -3.466e-5
0.283, -3.395e-5
0.282, -3.346e-5
0.281, -3.294e-5
0.280, -3.235e-5
0.279, -3.184e-5
0.278, -3.142e-5
0.277, -3.092e-5
0.276, -3.040e-5
0.275, -2.993e-5
0.274, -2.958e-5
0.273, -2.919e-5
0.272, -2.871e-5
0.271, -2.825e-5
0.270, -2.787e-5
0.269, -2.748e-5
0.268, -2.713e-5
0.267, -2.673e-5
0.266, -2.631e-5
0.265, -2.604e-5
0.264, -2.568e-5
0.263, -2.538e-5
0.262, -2.500e-5
0.261, -2.476e-5
0.260, -2.451e-5
0.259, -2.418e-5
0.258, -2.381e-5
0.257, -2.359e-5
0.256, -2.333e-5
0.255, -2.304e-5
0.254, -2.277e-5
0.253, -2.252e-5
0.252, -2.232e-5
0.251, -2.199e-5
0.250, -2.177e-5
0.249, -2.156e-5
0.248, -2.134e-5
0.247, -2.113e-5
0.246, -2.084e-5
0.245, -2.071e-5
0.244, -2.052e-5
0.243, -2.027e-5
0.242, -2.005e-5
0.241, -1.987e-5
0.240, -1.970e-5
0.239, -1.956e-5
0.238, -1.935e-5
0.237, -1.923e-5
0.236, -1.907e-5
0.235, -1.893e-5
0.234, -1.870e-5
0.233, -1.861e-5
0.232, -1.852e-5
0.231, -1.830e-5
0.230, -1.810e-5
0.229, -1.799e-5
0.228, -1.792e-5
0.227, -1.770e-5
0.226, -1.758e-5
0.225, -1.746e-5
0.224, -1.729e-5
0.223, -1.717e-5
0.222, -1.708e-5
0.221, -1.693e-5
0.220, -1.674e-5
0.219, -1.669e-5
0.218, -1.659e-5
0.217, -1.640e-5
0.216, -1.619e-5
0.215, -1.617e-5
0.214, -1.604e-5
0.213, -1.591e-5
0.212, -1.581e-5
0.211, -1.561e-5
0.210, -1.558e-5
0.209, -1.549e-5
0.208, -1.536e-5
0.207, -1.516e-5
0.206, -1.508e-5
0.205, -1.499e-5
0.204, -1.476e-5
0.203, -1.469e-5
0.202, -1.460e-5
0.201, -1.450e-5
0.200, -1.289e-5
0.201, -9.588e-6
0.202, -8.426e-6
0.203, -7.577e-6
0.204, -6.874e-6
0.205, -6.337e-6
0.206, -5.800e-6
0.207, -5.390e-6
0.208, -4.999e-6
0.209, -4.628e-6
0.210, -4.208e-6
0.211, -3.857e-6
0.212, -3.515e-6
0.213, -3.193e-6
0.214, -2.919e-6
0.215, -2.675e-6
0.216, -2.460e-6
0.217, -2.138e-6
0.218, -2.011e-6
0.219, -1.757e-6
0.220, -1.552e-6
0.221, -1.289e-6
0.222, -1.094e-6
0.223, -1.006e-6
0.224, -8.397e-7
0.225, -5.858e-7
0.226, -5.272e-7
0.227, -2.929e-7
0.228, -1.953e-7
0.229, -2.929e-8
0.230, 1.562e-7
0.231, 3.515e-7
0.232, 3.808e-7
0.233, 6.054e-7
0.234, 6.639e-7
0.235, 8.787e-7
0.236, 9.276e-7
0.237, 1.152e-6
0.238, 1.191e-6
0.239, 1.435e-6
0.240, 1.426e-6
0.241, 1.543e-6
0.242, 1.650e-6
0.243, 1.757e-6
0.244, 1.845e-6
0.245, 2.031e-6
0.246, 2.148e-6
0.247, 2.138e-6
0.248, 2.343e-6
0.249, 2.490e-6
0.250, 2.539e-6
0.251, 2.646e-6
0.252, 2.753e-6
0.253, 2.783e-6
0.254, 2.929e-6
0.255, 2.978e-6
0.256, 3.124e-6
0.257, 3.193e-6
0.258, 3.359e-6
0.259, 3.417e-6
0.260, 3.466e-6
0.261, 3.574e-6
0.262, 3.671e-6
0.263, 3.837e-6
0.264, 3.886e-6
0.265, 3.954e-6
0.266, 4.042e-6
0.267, 4.120e-6
0.268, 4.189e-6
0.269, 4.355e-6
0.270, 4.423e-6
0.271, 4.491e-6
0.272, 4.540e-6
0.273, 4.687e-6
0.274, 4.765e-6
0.275, 4.833e-6
0.276, 4.960e-6
0.277, 5.019e-6
0.278, 5.126e-6
0.279, 5.224e-6
0.280, 5.331e-6
0.281, 5.351e-6
0.282, 5.517e-6
0.283, 5.595e-6
0.284, 5.595e-6
0.285, 5.722e-6
0.286, 5.819e-6
0.287, 5.829e-6
0.288, 5.936e-6
0.289, 6.005e-6
0.290, 6.141e-6
0.291, 6.229e-6
0.292, 6.327e-6
0.293, 6.454e-6
0.294, 6.503e-6
0.295, 6.591e-6
0.296, 6.678e-6
0.297, 6.844e-6
0.298, 6.864e-6
0.299, 7.020e-6
0.300, 7.128e-6
0.301, 7.157e-6
0.302, 7.284e-6
0.303, 7.323e-6
0.304, 7.538e-6
0.305, 7.596e-6
0.306, 7.713e-6
0.307, 7.879e-6
0.308, 8.036e-6
0.309, 8.026e-6
0.310, 8.133e-6
0.311, 8.309e-6
0.312, 8.309e-6
0.313, 8.475e-6
0.314, 8.582e-6
0.315, 8.729e-6
0.316, 8.787e-6
0.317, 8.856e-6
0.318, 8.944e-6
0.319, 9.207e-6
0.320, 9.149e-6
0.321, 9.363e-6
0.322, 9.520e-6
0.323, 9.647e-6
0.324, 9.715e-6
0.325, 9.813e-6
0.326, 9.949e-6
0.327, 1.004e-5
0.328, 1.016e-5
0.329, 1.024e-5
0.330, 1.044e-5
0.331, 1.058e-5
0.332, 1.071e-5
0.333, 1.089e-5
0.334, 1.095e-5
0.335, 1.103e-5
0.336, 1.117e-5
0.337, 1.134e-5
0.338, 1.145e-5
0.339, 1.166e-5
0.340, 1.178e-5
0.341, 1.190e-5
0.342, 1.209e-5
0.343, 1.217e-5
0.344, 1.236e-5
0.345, 1.250e-5
0.346, 1.259e-5
0.347, 1.272e-5
0.348, 1.287e-5
0.349, 1.299e-5
0.350, 1.320e-5
0.351, 1.337e-5
0.352, 1.339e-5
0.353, 1.360e-5
0.354, 1.377e-5
0.355, 1.401e-5
0.356, 1.410e-5
0.357, 1.426e-5
0.358, 1.446e-5
0.359, 1.463e-5
0.360, 1.479e-5
0.361, 1.494e-5
0.362, 1.506e-5
0.363, 1.523e-5
0.364, 1.543e-5
0.365, 1.564e-5
0.366, 1.576e-5
0.367, 1.593e-5
0.368, 1.614e-5
0.369, 1.629e-5
0.370, 1.655e-5
0.371, 1.672e-5
0.372, 1.691e-5
0.373, 1.704e-5
0.374, 1.726e-5
0.375, 1.748e-5
0.376, 1.772e-5
0.377, 1.797e-5
0.378, 1.815e-5
0.379, 1.838e-5
0.380, 1.857e-5
0.381, 1.886e-5
0.382, 1.916e-5
0.383, 1.932e-5
0.384, 1.959e-5
0.385, 1.988e-5
0.386, 2.004e-5
0.387, 2.022e-5
0.388, 2.057e-5
0.389, 2.083e-5
0.390, 2.116e-5
0.391, 2.144e-5
0.392, 2.176e-5
0.393, 2.206e-5
0.394, 2.233e-5
0.395, 2.270e-5
0.396, 2.308e-5
0.397, 2.317e-5
0.398, 2.356e-5
0.399, 2.394e-5
0.400, 2.428e-5
0.401, 2.467e-5
0.402, 2.502e-5
0.403, 2.539e-5
0.404, 2.577e-5
0.405, 2.617e-5
0.406, 2.654e-5
0.407, 2.685e-5
0.408, 2.733e-5
0.409, 2.755e-5
0.410, 2.702e-5
0.411, 2.811e-5
0.412, 2.865e-5
0.413, 2.910e-5
0.414, 2.963e-5
0.415, 3.019e-5
0.416, 3.060e-5
0.417, 3.120e-5
0.418, 3.175e-5
0.419, 3.242e-5
0.420, 3.298e-5
0.421, 3.365e-5
0.422, 3.431e-5
0.423, 3.501e-5
0.424, 3.578e-5
0.425, 3.658e-5
0.426, 3.738e-5
0.427, 3.820e-5
0.428, 3.906e-5
0.429, 3.994e-5
0.430, 4.089e-5
0.431, 4.197e-5
0.432, 4.313e-5
0.433, 4.416e-5
0.434, 4.550e-5
0.435, 4.711e-5
0.436, 4.868e-5
0.437, 5.012e-5
0.438, 5.185e-5
0.439, 5.353e-5
0.440, 5.543e-5
0.441, 5.780e-5
0.442, 6.023e-5
0.443, 6.262e-5
0.444, 6.527e-5
0.445, 6.798e-5
0.446, 7.124e-5
0.447, 7.468e-5
0.448, 7.794e-5
0.449, 8.200e-5
0.450, 8.663e-5
0.451, 9.107e-5
0.452, 9.598e-5
0.453, 1.014e-4
0.454, 1.074e-4
0.455, 1.138e-4
0.456, 1.206e-4
0.457, 1.276e-4
0.458, 1.356e-4
0.459, 1.441e-4
0.460, 1.531e-4
0.461, 1.629e-4
0.462, 1.730e-4
0.463, 1.840e-4
0.464, 1.956e-4
0.465, 2.077e-4
0.466, 2.203e-4
0.467, 2.336e-4
0.468, 2.471e-4
0.469, 2.613e-4
0.470, 2.755e-4
0.471, 2.902e-4
0.472, 3.048e-4
0.473, 3.190e-4
0.474, 3.328e-4
0.475, 3.468e-4
0.476, 3.603e-4
0.477, 3.724e-4
0.478, 3.844e-4
0.479, 3.956e-4
0.480, 4.057e-4
0.481, 4.146e-4
0.482, 4.221e-4
0.483, 4.289e-4
0.484, 4.341e-4
0.485, 4.381e-4
0.486, 4.413e-4
0.487, 4.432e-4
0.488, 4.437e-4
0.489, 4.433e-4
0.490, 4.418e-4
0.491, 4.397e-4
0.492, 4.368e-4
0.493, 4.332e-4
0.494, 4.292e-4
0.495, 4.244e-4
0.496, 4.192e-4
0.497, 4.143e-4
0.498, 4.088e-4
0.499, 4.034e-4
0.500, 3.978e-4
0.501, 3.920e-4
0.502, 3.863e-4
0.503, 3.805e-4
0.504, 3.751e-4
0.505, 3.700e-4
0.506, 3.649e-4
0.507, 3.597e-4
0.508, 3.548e-4
0.509, 3.499e-4
0.510, 3.454e-4
0.511, 3.411e-4
0.512, 3.376e-4
0.513, 3.340e-4
0.514, 3.290e-4
0.515, 3.245e-4
0.516, 3.207e-4
0.517, 3.165e-4
0.518, 3.126e-4
0.519, 3.089e-4
0.520, 3.048e-4
0.521, 3.009e-4
0.522, 2.971e-4
0.523, 2.935e-4
0.524, 2.895e-4
0.525, 2.854e-4
0.526, 2.819e-4
0.527, 2.778e-4
0.528, 2.739e-4
0.529, 2.706e-4
0.530, 2.670e-4
0.531, 2.634e-4
0.532, 2.598e-4
0.533, 2.559e-4
0.534, 2.519e-4
0.535, 2.480e-4
0.536, 2.449e-4
0.537, 2.418e-4
0.538, 2.383e-4
0.539, 2.347e-4
0.540, 2.309e-4
0.541, 2.270e-4
0.542, 2.239e-4
0.543, 2.208e-4
0.544, 2.176e-4
0.545, 2.142e-4
0.546, 2.109e-4
0.547, 2.078e-4
0.548, 2.046e-4
0.549, 2.016e-4
0.550, 1.986e-4
0.551, 1.955e-4
0.552, 1.928e-4
0.553, 1.902e-4
0.554, 1.876e-4
0.555, 1.851e-4
0.556, 1.826e-4
0.557, 1.798e-4
0.558, 1.775e-4
0.559, 1.755e-4
0.560, 1.731e-4
0.561, 1.712e-4
0.562, 1.692e-4
0.563, 1.674e-4
0.564, 1.656e-4
0.565, 1.638e-4
0.566, 1.621e-4
0.567, 1.604e-4
0.568, 1.588e-4
0.569, 1.571e-4
0.570, 1.553e-4
0.571, 1.540e-4
0.572, 1.527e-4
0.573, 1.515e-4
0.574, 1.504e-4
0.575, 1.493e-4
0.576, 1.480e-4
0.577, 1.470e-4
0.578, 1.461e-4
0.579, 1.453e-4
0.580, 1.445e-4
0.581, 1.437e-4
0.582, 1.434e-4
0.583, 1.426e-4
0.584, 1.421e-4
0.585, 1.415e-4
0.586, 1.411e-4
0.587, 1.409e-4
0.588, 1.408e-4
0.589, 1.408e-4
0.590, 1.405e-4
0.591, 1.404e-4
0.592, 1.403e-4
0.593, 1.406e-4
0.594, 1.405e-4
0.595, 1.408e-4
0.596, 1.412e-4
0.597, 1.415e-4
0.598, 1.419e-4
0.599, 1.423e-4
0.600, 1.431e-4
0.601, 1.437e-4
0.602, 1.441e-4
0.603, 1.452e-4
0.604, 1.462e-4
0.605, 1.472e-4
0.606, 1.483e-4
0.607, 1.496e-4
0.608, 1.509e-4
0.609, 1.522e-4
0.610, 1.537e-4
0.611, 1.554e-4
0.612, 1.572e-4
0.613, 1.593e-4
0.614, 1.609e-4
0.615, 1.624e-4
0.616, 1.650e-4
0.617, 1.674e-4
0.618, 1.696e-4
0.619, 1.721e-4
0.620, 1.750e-4
0.621, 1.775e-4
0.622, 1.804e-4
0.623, 1.839e-4
0.624, 1.872e-4
0.625, 1.905e-4
0.626, 1.940e-4
0.627, 1.975e-4
0.628, 2.014e-4
0.629, 2.056e-4
0.630, 2.099e-4
0.631, 2.141e-4
0.632, 2.187e-4
0.633, 2.232e-4
0.634, 2.277e-4
0.635, 2.333e-4
0.636, 2.387e-4
0.637, 2.440e-4
0.638, 2.493e-4
0.639, 2.556e-4
0.640, 2.618e-4
0.641, 2.683e-4
0.642, 2.742e-4
0.643, 2.812e-4
0.644, 2.884e-4
0.645, 2.955e-4
0.646, 3.030e-4
0.647, 3.107e-4
0.648, 3.185e-4
0.649, 3.265e-4
0.650, 3.350e-4
0.651, 3.437e-4
0.652, 3.524e-4
0.653, 3.614e-4
0.654, 3.707e-4
0.655, 3.804e-4
0.656, 3.903e-4
0.657, 4.008e-4
0.658, 4.112e-4
0.659, 4.218e-4
0.660, 4.330e-4
0.661, 4.442e-4
0.662, 4.558e-4
0.663, 4.672e-4
0.664, 4.794e-4
0.665, 4.919e-4
0.666, 5.046e-4
0.667, 5.174e-4
0.668, 5.307e-4
0.669, 5.442e-4
0.670, 5.579e-4
0.671, 5.721e-4
0.672, 5.863e-4
0.673, 6.010e-4
0.674, 6.153e-4
0.675, 6.308e-4
0.676, 6.465e-4
0.677, 6.620e-4
0.678, 6.781e-4
0.679, 6.941e-4
0.680, 7.110e-4
0.681, 7.283e-4
0.682, 7.453e-4
0.683, 7.627e-4
0.684, 7.808e-4
0.685, 7.989e-4
0.686, 8.175e-4
0.687, 8.362e-4
0.688, 8.552e-4
0.689, 8.744e-4
0.690, 8.941e-4
0.691, 9.142e-4
0.692, 9.345e-4
0.693, 9.547e-4
0.694, 9.755e-4
0.695, 9.961e-4
0.696, 1.017e-3
0.697, 1.039e-3
0.698, 1.061e-3
0.699, 1.083e-3
0.700, 1.105e-3
0.701, 1.128e-3
0.702, 1.151e-3
0.703, 1.173e-3
0.704, 1.197e-3
0.705, 1.220e-3
0.706, 1.244e-3
0.707, 1.269e-3
0.708, 1.293e-3
0.709, 1.318e-3
0.710, 1.343e-3
0.711, 1.369e-3
0.712, 1.394e-3
0.713, 1.420e-3
0.714, 1.445e-3
0.715, 1.472e-3
0.716, 1.499e-3
0.717, 1.527e-3
0.718, 1.554e-3
0.719, 1.582e-3
0.720, 1.609e-3
0.721, 1.637e-3
0.722, 1.665e-3
0.723, 1.693e-3
0.724, 1.722e-3
0.725, 1.750e-3
0.726, 1.779e-3
0.727, 1.809e-3
0.728, 1.838e-3
0.729, 1.868e-3
0.730, 1.897e-3
0.731, 1.927e-3
0.732, 1.958e-3
0.733, 1.988e-3
0.734, 2.019e-3
0.735, 2.051e-3
0.736, 2.082e-3
0.737, 2.113e-3
0.738, 2.145e-3
0.739, 2.177e-3
0.740, 2.209e-3
0.741, 2.241e-3
0.742, 2.273e-3
0.743, 2.307e-3
0.744, 2.339e-3
0.745, 2.373e-3
0.746, 2.406e-3
0.747, 2.439e-3
0.748, 2.473e-3
0.749, 2.507e-3
0.750, 2.541e-3
0.751, 2.575e-3
0.752, 2.610e-3
0.753, 2.644e-3
0.754, 2.679e-3
0.755, 2.714e-3
0.756, 2.748e-3
0.757, 2.783e-3
0.758, 2.819e-3
0.759, 2.855e-3
0.760, 2.891e-3
0.761, 2.927e-3
0.762, 2.962e-3
0.763, 2.999e-3
0.764, 3.036e-3
0.765, 3.072e-3
0.766, 3.109e-3
0.767, 3.147e-3
0.768, 3.184e-3
0.769, 3.222e-3
0.770, 3.259e-3
0.771, 3.297e-3
0.772, 3.335e-3
0.773, 3.372e-3
0.774, 3.411e-3
0.775, 3.449e-3
0.776, 3.488e-3
0.777, 3.527e-3
0.778, 3.565e-3
0.779, 3.604e-3
0.780, 3.644e-3
0.781, 3.682e-3
0.782, 3.721e-3
0.783, 3.761e-3
0.784, 3.800e-3
0.785, 3.840e-3
0.786, 3.880e-3
0.787, 3.921e-3
0.788, 3.961e-3
0.789, 4.001e-3
0.790, 4.042e-3
0.791, 4.082e-3
0.792, 4.123e-3
0.793, 4.164e-3
0.794, 4.206e-3
0.795, 4.247e-3
0.796, 4.288e-3
0.797, 4.329e-3
0.798, 4.371e-3
0.799, 4.412e-3
0.800, 4.439e-3
0.799, 4.406e-3
0.798, 4.361e-3
0.797, 4.318e-3
0.796, 4.275e-3
0.795, 4.231e-3
0.794, 4.188e-3
0.793, 4.145e-3
0.792, 4.102e-3
0.791, 4.060e-3
0.790, 4.017e-3
0.789, 3.974e-3
0.788, 3.931e-3
0.787, 3.889e-3
0.786, 3.847e-3
0.785, 3.805e-3
0.784, 3.763e-3
0.783, 3.722e-3
0.782, 3.681e-3
0.781, 3.639e-3
0.780, 3.599e-3
0.779, 3.558e-3
0.778, 3.517e-3
0.777, 3.477e-3
0.776, 3.436e-3
0.775, 3.396e-3
0.774, 3.356e-3
0.773, 3.317e-3
0.772, 3.277e-3
0.771, 3.238e-3
0.770, 3.199e-3
0.769, 3.160e-3
0.768, 3.122e-3
0.767, 3.083e-3
0.766, 3.045e-3
0.765, 3.007e-3
0.764, 2.969e-3
0.763, 2.931e-3
0.762, 2.894e-3
0.761, 2.857e-3
0.760, 2.820e-3
0.759, 2.783e-3
0.758, 2.747e-3
0.757, 2.711e-3
0.756, 2.675e-3
0.755, 2.639e-3
0.754, 2.603e-3
0.753, 2.568e-3
0.752, 2.533e-3
0.751, 2.498e-3
0.750, 2.463e-3
0.749, 2.429e-3
0.748, 2.395e-3
0.747, 2.360e-3
0.746, 2.326e-3
0.745, 2.293e-3
0.744, 2.259e-3
0.743, 2.226e-3
0.742, 2.193e-3
0.741, 2.160e-3
0.740, 2.128e-3
0.739, 2.096e-3
0.738, 2.064e-3
0.737, 2.032e-3
0.736, 2.001e-3
0.735, 1.970e-3
0.734, 1.938e-3
0.733, 1.908e-3
0.732, 1.877e-3
0.731, 1.847e-3
0.730, 1.817e-3
0.729, 1.787e-3
0.728, 1.758e-3
0.727, 1.729e-3
0.726, 1.700e-3
0.725, 1.671e-3
0.724, 1.642e-3
0.723, 1.614e-3
0.722, 1.586e-3
0.721, 1.558e-3
0.720, 1.531e-3
0.719, 1.503e-3
0.718, 1.477e-3
0.717, 1.449e-3
0.716, 1.421e-3
0.715, 1.396e-3
0.714, 1.370e-3
0.713, 1.344e-3
0.712, 1.319e-3
0.711, 1.294e-3
0.710, 1.269e-3
0.709, 1.244e-3
0.708, 1.219e-3
0.707, 1.195e-3
0.706, 1.172e-3
0.705, 1.148e-3
0.704, 1.125e-3
0.703, 1.102e-3
0.702, 1.079e-3
0.701, 1.057e-3
0.700, 1.035e-3
0.699, 1.013e-3
0.698, 9.908e-4
0.697, 9.694e-4
0.696, 9.484e-4
0.695, 9.271e-4
0.694, 9.066e-4
0.693, 8.861e-4
0.692, 8.658e-4
0.691, 8.458e-4
0.690, 8.259e-4
0.689, 8.062e-4
0.688, 7.875e-4
0.687, 7.683e-4
0.686, 7.498e-4
0.685, 7.314e-4
0.684, 7.131e-4
0.683, 6.954e-4
0.682, 6.779e-4
0.681, 6.607e-4
0.680, 6.437e-4
0.679, 6.267e-4
0.678, 6.105e-4
0.677, 5.942e-4
0.676, 5.785e-4
0.675, 5.625e-4
0.674, 5.472e-4
0.673, 5.321e-4
0.672, 5.170e-4
0.671, 5.023e-4
0.670, 4.878e-4
0.669, 4.734e-4
0.668, 4.597e-4
0.667, 4.460e-4
0.666, 4.322e-4
0.665, 4.189e-4
0.664, 4.061e-4
0.663, 3.931e-4
0.662, 3.805e-4
0.661, 3.683e-4
0.660, 3.562e-4
0.659, 3.445e-4
0.658, 3.330e-4
0.657, 3.216e-4
0.656, 3.107e-4
0.655, 2.997e-4
0.654, 2.893e-4
0.653, 2.788e-4
0.652, 2.688e-4
0.651, 2.588e-4
0.650, 2.489e-4
0.649, 2.400e-4
0.648, 2.305e-4
0.647, 2.215e-4
0.646, 2.128e-4
0.645, 2.041e-4
0.644, 1.958e-4
0.643, 1.878e-4
0.642, 1.793e-4
0.641, 1.716e-4
0.640, 1.642e-4
0.639, 1.566e-4
0.638, 1.494e-4
0.637, 1.425e-4
0.636, 1.356e-4
0.635, 1.287e-4
0.634, 1.225e-4
0.633, 1.162e-4
0.632, 1.102e-4
0.631, 1.040e-4
0.630, 9.839e-5
0.629, 9.268e-5
0.628, 8.721e-5
0.627, 8.224e-5
0.626, 7.697e-5
0.625, 7.212e-5
0.624, 6.713e-5
0.623, 6.257e-5
0.622, 5.819e-5
0.621, 5.351e-5
0.620, 4.933e-5
0.619, 4.502e-5
0.618, 4.111e-5
0.617, 3.743e-5
0.616, 3.361e-5
0.615, 3.026e-5
0.614, 2.762e-5
0.613, 2.386e-5
0.612, 2.029e-5
0.611, 1.734e-5
0.610, 1.426e-5
0.609, 1.114e-5
0.608, 8.241e-6
0.607, 5.468e-6
0.606, 2.861e-6
0.605, 3.417e-7
0.604, -2.177e-6
0.603, -4.550e-6
0.602, -6.708e-6
0.601, -8.582e-6
0.600, -1.109e-5
0.599, -1.338e-5
0.598, -1.530e-5
0.597, -1.745e-5
0.596, -1.913e-5
0.595, -2.060e-5
0.594, -2.239e-5
0.593, -2.390e-5
0.592, -2.531e-5
0.591, -2.704e-5
0.590, -2.842e-5
0.589, -3.001e-5
0.588, -3.127e-5
0.587, -3.244e-5
0.586, -3.365e-5
0.585, -3.481e-5
0.584, -3.598e-5
0.583, -3.740e-5
0.582, -3.850e-5
0.581, -3.967e-5
0.580, -4.089e-5
0.579, -4.170e-5
0.578, -4.270e-5
0.577, -4.359e-5
0.576, -4.427e-5
0.575, -4.505e-5
0.574, -4.600e-5
0.573, -4.677e-5
0.572, -4.758e-5
0.571, -4.836e-5
0.570, -4.937e-5
0.569, -4.998e-5
0.568, -5.082e-5
0.567, -5.150e-5
0.566, -5.191e-5
0.565, -5.281e-5
0.564, -5.361e-5
0.563, -5.414e-5
0.562, -5.491e-5
0.561, -5.539e-5
0.560, -5.592e-5
0.559, -5.655e-5
0.558, -5.729e-5
0.557, -5.772e-5
0.556, -5.850e-5
0.555, -5.891e-5
0.554, -5.953e-5
0.553, -5.999e-5
0.552, -6.057e-5
0.551, -6.114e-5
0.550, -6.137e-5
0.549, -6.225e-5
0.548, -6.298e-5
0.547, -6.343e-5
0.546, -6.415e-5
0.545, -6.448e-5
0.544, -6.521e-5
0.543, -6.602e-5
0.542, -6.615e-5
0.541, -6.678e-5
0.540, -6.736e-5
0.539, -6.764e-5
0.538, -6.832e-5
0.537, -6.874e-5
0.536, -6.900e-5
0.535, -6.964e-5
0.534, -6.985e-5
0.533, -7.048e-5
0.532, -7.101e-5
0.531, -7.151e-5
0.530, -7.213e-5
0.529, -7.248e-5
0.528, -7.298e-5
0.527, -7.372e-5
0.526, -7.405e-5
0.525, -7.455e-5
0.524, -7.507e-5
0.523, -7.575e-5
0.522, -7.638e-5
0.521, -7.707e-5
0.520, -7.751e-5
0.519, -7.813e-5
0.518, -7.870e-5
0.517, -7.933e-5
0.516, -7.988e-5
0.515, -8.031e-5
0.514, -8.114e-5
0.513, -8.172e-5
0.512, -8.356e-5
0.511, -8.402e-5
0.510, -8.375e-5
0.509, -8.436e-5
0.508, -8.517e-5
0.507, -8.563e-5
0.506, -8.635e-5
0.505, -8.729e-5
0.504, -8.786e-5
0.503, -8.884e-5
0.502, -8.935e-5
0.501, -8.996e-5
0.500, -9.094e-5
0.499, -9.113e-5
0.498, -9.212e-5
0.497, -9.296e-5
0.496, -9.363e-5
0.495, -9.436e-5
0.494, -9.518e-5
0.493, -9.609e-5
0.492, -9.675e-5
0.491, -9.762e-5
0.490, -9.869e-5
0.489, -9.959e-5
0.488, -1.006e-4
0.487, -1.016e-4
0.486, -1.026e-4
0.485, -1.033e-4
0.484, -1.042e-4
0.483, -1.051e-4
0.482, -1.060e-4
0.481, -1.072e-4
0.480, -1.083e-4
0.479, -1.096e-4
0.478, -1.104e-4
0.477, -1.118e-4
0.476, -1.131e-4
0.475, -1.144e-4
0.474, -1.154e-4
0.473, -1.164e-4
0.472, -1.177e-4
0.471, -1.190e-4
0.470, -1.201e-4
0.469, -1.214e-4
0.468, -1.230e-4
0.467, -1.243e-4
0.466, -1.260e-4
0.465, -1.277e-4
0.464, -1.290e-4
0.463, -1.304e-4
0.462, -1.320e-4
0.461, -1.340e-4
0.460, -1.357e-4
0.459, -1.375e-4
0.458, -1.394e-4
0.457, -1.412e-4
0.456, -1.430e-4
0.455, -1.449e-4
0.454, -1.466e-4
0.453, -1.487e-4
0.452, -1.507e-4
0.451, -1.527e-4
0.450, -1.548e-4
0.449, -1.568e-4
0.448, -1.589e-4
0.447, -1.613e-4
0.446, -1.636e-4
0.445, -1.661e-4
0.444, -1.682e-4
0.443, -1.705e-4
0.442, -1.729e-4
0.441, -1.753e-4
0.440, -1.776e-4
0.439, -1.801e-4
0.438, -1.826e-4
0.437, -1.853e-4
0.436, -1.879e-4
0.435, -1.907e-4
0.434, -1.931e-4
0.433, -1.957e-4
0.432, -1.983e-4
0.431, -2.010e-4
0.430, -2.035e-4
0.429, -2.066e-4
0.428, -2.091e-4
0.427, -2.120e-4
0.426, -2.150e-4
0.425, -2.176e-4
0.424, -2.201e-4
0.423, -2.228e-4
0.422, -2.248e-4
0.421, -2.276e-4
0.420, -2.303e-4
0.419, -2.329e-4
0.418, -2.359e-4
0.417, -2.384e-4
0.416, -2.408e-4
0.415, -2.434e-4
0.414, -2.458e-4
0.413, -2.484e-4
0.412, -2.506e-4
0.411, -2.527e-4
0.410, -2.530e-4
0.409, -2.511e-4
0.408, -2.553e-4
0.407, -2.583e-4
0.406, -2.609e-4
0.405, -2.633e-4
0.404, -2.651e-4
0.403, -2.673e-4
0.402, -2.696e-4
0.401, -2.719e-4
0.400, -2.736e-4
0.399, -2.755e-4
0.398, -2.771e-4
0.397, -2.786e-4
0.396, -2.800e-4
0.395, -2.817e-4
0.394, -2.833e-4
0.393, -2.850e-4
0.392, -2.861e-4
0.391, -2.873e-4
0.390, -2.883e-4
0.389, -2.893e-4
0.388, -2.901e-4
0.387, -2.905e-4
0.386, -2.911e-4
0.385, -2.917e-4
0.384, -2.922e-4
0.383, -2.923e-4
0.382, -2.921e-4
0.381, -2.917e-4
0.380, -2.912e-4
0.379, -2.906e-4
0.378, -2.899e-4
0.377, -2.890e-4
0.376, -2.879e-4
0.375, -2.866e-4
0.374, -2.848e-4
0.373, -2.830e-4
0.372, -2.807e-4
0.371, -2.781e-4
0.370, -2.759e-4
0.369, -2.735e-4
0.368, -2.707e-4
0.367, -2.676e-4
0.366, -2.644e-4
0.365, -2.613e-4
0.364, -2.576e-4
0.363, -2.536e-4
0.362, -2.499e-4
0.361, -2.458e-4
0.360, -2.418e-4
0.359, -2.376e-4
0.358, -2.329e-4
0.357, -2.283e-4
0.356, -2.237e-4
0.355, -2.191e-4
0.354, -2.144e-4
0.353, -2.096e-4
0.352, -2.045e-4
0.351, -1.997e-4
0.350, -1.947e-4
0.349, -1.899e-4
0.348, -1.852e-4
0.347, -1.802e-4
0.346, -1.754e-4
0.345, -1.707e-4
0.344, -1.663e-4
0.343, -1.614e-4
0.342, -1.566e-4
0.341, -1.523e-4
0.340, -1.478e-4
0.339, -1.435e-4
0.338, -1.394e-4
0.337, -1.351e-4
0.336, -1.310e-4
0.335, -1.271e-4
0.334, -1.232e-4
0.333, -1.197e-4
0.332, -1.165e-4
0.331, -1.129e-4
0.330, -1.092e-4
0.329, -1.059e-4
0.328, -1.028e-4
0.327, -9.988e-5
0.326, -9.679e-5
0.325, -9.403e-5
0.324, -9.143e-5
0.323, -8.868e-5
0.322, -8.604e-5
0.321, -8.354e-5
0.320, -8.106e-5
0.319, -7.884e-5
0.318, -7.682e-5
0.317, -7.466e-5
0.316, -7.258e-5
0.315, -7.064e-5
0.314, -6.901e-5
0.313, -6.749e-5
0.312, -6.582e-5
0.311, -6.407e-5
0.310, -6.223e-5
0.309, -6.066e-5
0.308, -5.908e-5
0.307, -5.797e-5
0.306, -5.639e-5
0.305, -5.518e-5
0.304, -5.386e-5
0.303, -5.264e-5
0.302, -5.135e-5
0.301, -5.021e-5
0.300, -4.907e-5
0.299, -4.793e-5
0.298, -4.700e-5
0.297, -4.595e-5
0.296, -4.506e-5
0.295, -4.425e-5
0.294, -4.325e-5
0.293, -4.251e-5
0.292, -4.173e-5
0.291, -4.092e-5
0.290, -4.016e-5
0.289, -3.937e-5
0.288, -3.866e-5
0.287, -3.790e-5
0.286, -3.717e-5
0.285, -3.641e-5
0.284, -3.577e-5
0.283, -3.517e-5
0.282, -3.450e-5
0.281, -3.397e-5
0.280, -3.345e-5
0.279, -3.288e-5
0.278, -3.232e-5
0.277, -3.183e-5
0.276, -3.134e-5
0.275, -3.090e-5
0.274, -3.041e-5
0.273, -2.994e-5
0.272, -2.947e-5
0.271, -2.909e-5
0.270, -2.872e-5
0.269, -2.824e-5
0.268, -2.785e-5
0.267, -2.751e-5
0.266, -2.715e-5
0.265, -2.679e-5
0.264, -2.640e-5
0.263, -2.601e-5
0.262, -2.568e-5
0.261, -2.543e-5
0.260, -2.508e-5
0.259, -2.480e-5
0.258, -2.448e-5
0.257, -2.421e-5
0.256, -2.384e-5
0.255, -2.362e-5
0.254, -2.334e-5
0.253, -2.310e-5
0.252, -2.280e-5
0.251, -2.247e-5
0.250, -2.227e-5
0.249, -2.203e-5
0.248, -2.176e-5
0.247, -2.159e-5
0.246, -2.129e-5
0.245, -2.112e-5
0.244, -2.094e-5
0.243, -2.067e-5
0.242, -2.052e-5
0.241, -2.037e-5
0.240, -2.017e-5
0.239, -2.000e-5
0.238, -1.980e-5
0.237, -1.965e-5
0.236, -1.951e-5
0.235, -1.932e-5
0.234, -1.913e-5
0.233, -1.901e-5
0.232, -1.880e-5
0.231, -1.867e-5
0.230, -1.859e-5
0.229, -1.834e-5
0.228, -1.820e-5
0.227, -1.805e-5
0.226, -1.797e-5
0.225, -1.780e-5
0.224, -1.761e-5
0.223, -1.754e-5
0.222, -1.742e-5
0.221, -1.724e-5
0.220, -1.705e-5
0.219, -1.695e-5
0.218, -1.685e-5
0.217, -1.674e-5
0.216, -1.653e-5
0.215, -1.649e-5
0.214, -1.631e-5
0.213, -1.617e-5
0.212, -1.608e-5
0.211, -1.591e-5
0.210, -1.591e-5
0.209, -1.579e-5
0.208, -1.553e-5
0.207, -1.552e-5
0.206, -1.541e-5
0.205, -1.521e-5
0.204, -1.510e-5
0.203, -1.498e-5
0.202, -1.494e-5
0.201, -1.474e-5
0.200, -1.307e-5
0.201, -9.881e-6
0.202, -8.573e-6
0.203, -7.792e-6
0.204, -7.108e-6
0.205, -6.610e-6
0.206, -6.054e-6
0.207, -5.614e-6
0.208, -5.224e-6
0.209, -4.716e-6
0.210, -4.345e-6
0.211, -4.042e-6
0.212, -3.691e-6
0.213, -3.398e-6
0.214, -3.154e-6
0.215, -2.880e-6
0.216, -2.646e-6
0.217, -2.343e-6
0.218, -2.109e-6
0.219, -1.933e-6
0.220, -1.757e-6
0.221, -1.455e-6
0.222, -1.279e-6
0.223, -1.103e-6
0.224, -9.276e-7
0.225, -7.420e-7
0.226, -4.687e-7
0.227, -4.394e-7
0.228, -2.343e-7
0.229, -2.929e-8
0.230, 9.764e-8
0.231, 2.148e-7
0.232, 3.027e-7
0.233, 4.491e-7
0.234, 6.835e-7
0.235, 8.006e-7
0.236, 9.569e-7
0.237, 9.666e-7
0.238, 1.094e-6
0.239, 1.240e-6
0.240, 1.338e-6
0.241, 1.523e-6
0.242, 1.689e-6
0.243, 1.728e-6
0.244, 1.826e-6
0.245, 1.963e-6
0.246, 2.041e-6
0.247, 2.226e-6
0.248, 2.363e-6
0.249, 2.441e-6
0.250, 2.500e-6
0.251, 2.597e-6
0.252, 2.714e-6
0.253, 2.812e-6
0.254, 2.900e-6
0.255, 3.037e-6
0.256, 3.076e-6
0.257, 3.232e-6
0.258, 3.349e-6
0.259, 3.398e-6
0.260, 3.476e-6
0.261, 3.554e-6
0.262, 3.652e-6
0.263, 3.710e-6
0.264, 3.837e-6
0.265, 3.915e-6
0.266, 4.101e-6
0.267, 4.218e-6
0.268, 4.208e-6
0.269, 4.316e-6
0.270, 4.433e-6
0.271, 4.491e-6
0.272, 4.628e-6
0.273, 4.657e-6
0.274, 4.833e-6
0.275, 4.872e-6
0.276, 4.960e-6
0.277, 4.931e-6
0.278, 5.038e-6
0.279, 5.204e-6
0.280, 5.331e-6
0.281, 5.390e-6
0.282, 5.477e-6
0.283, 5.614e-6
0.284, 5.702e-6
0.285, 5.761e-6
0.286, 5.790e-6
0.287, 5.995e-6
0.288, 6.005e-6
0.289, 6.122e-6
0.290, 6.200e-6
0.291, 6.356e-6
0.292, 6.483e-6
0.293, 6.512e-6
0.294, 6.581e-6
0.295, 6.620e-6
0.296, 6.825e-6
0.297, 6.903e-6
0.298, 6.962e-6
0.299, 7.137e-6
0.300, 7.235e-6
0.301, 7.294e-6
0.302, 7.362e-6
0.303, 7.557e-6
0.304, 7.713e-6
0.305, 7.772e-6
0.306, 7.811e-6
0.307, 8.006e-6
0.308, 8.133e-6
0.309, 8.182e-6
0.310, 8.241e-6
0.311, 8.387e-6
0.312, 8.514e-6
0.313, 8.700e-6
0.314, 8.778e-6
0.315, 8.817e-6
0.316, 9.022e-6
0.317, 9.158e-6
0.318, 9.295e-6
0.319, 9.363e-6
0.320, 9.403e-6
0.321, 9.617e-6
0.322, 9.744e-6
0.323, 9.881e-6
0.324, 9.988e-6
0.325, 1.008e-5
0.326, 1.025e-5
0.327, 1.043e-5
0.328, 1.055e-5
0.329, 1.067e-5
0.330, 1.081e-5
0.331, 1.092e-5
0.332, 1.109e-5
0.333, 1.114e-5
0.334, 1.137e-5
0.335, 1.151e-5
0.336, 1.162e-5
0.337, 1.174e-5
0.338, 1.196e-5
0.339, 1.216e-5
0.340, 1.224e-5
0.341, 1.232e-5
0.342, 1.248e-5
0.343, 1.261e-5
0.344, 1.280e-5
0.345, 1.287e-5
0.346, 1.307e-5
0.347, 1.320e-5
0.348, 1.335e-5
0.349, 1.353e-5
0.350, 1.371e-5
0.351, 1.380e-5
0.352, 1.398e-5
0.353, 1.418e-5
0.354, 1.434e-5
0.355, 1.452e-5
0.356, 1.460e-5
0.357, 1.483e-5
0.358, 1.502e-5
0.359, 1.525e-5
0.360, 1.533e-5
0.361, 1.552e-5
0.362, 1.573e-5
0.363, 1.585e-5
0.364, 1.608e-5
0.365, 1.626e-5
0.366, 1.643e-5
0.367, 1.668e-5
0.368, 1.684e-5
0.369, 1.711e-5
0.370, 1.732e-5
0.371, 1.744e-5
0.372, 1.763e-5
0.373, 1.776e-5
0.374, 1.803e-5
0.375, 1.826e-5
0.376, 1.853e-5
0.377, 1.872e-5
0.378, 1.895e-5
0.379, 1.928e-5
0.380, 1.953e-5
0.381, 1.972e-5
0.382, 1.987e-5
0.383, 2.011e-5
0.384, 2.047e-5
0.385, 2.081e-5
0.386, 2.100e-5
0.387, 2.128e-5
0.388, 2.161e-5
0.389, 2.188e-5
0.390, 2.222e-5
0.391, 2.244e-5
0.392, 2.268e-5
0.393, 2.308e-5
0.394, 2.339e-5
0.395, 2.373e-5
0.396, 2.408e-5
0.397, 2.423e-5
0.398, 2.478e-5
0.399, 2.511e-5
0.400, 2.541e-5
0.401, 2.584e-5
0.402, 2.615e-5
0.403, 2.663e-5
0.404, 2.705e-5
0.405, 2.731e-5
0.406, 2.768e-5
0.407, 2.811e-5
0.408, 2.851e-5
0.409, 2.885e-5
0.410, 2.830e-5
0.411, 2.935e-5
0.412, 2.996e-5
0.413, 3.046e-5
0.414, 3.104e-5
0.415, 3.155e-5
0.416, 3.210e-5
0.417, 3.280e-5
0.418, 3.332e-5
0.419, 3.407e-5
0.420, 3.476e-5
0.421, 3.545e-5
0.422, 3.611e-5
0.423, 3.677e-5
0.424, 3.763e-5
0.425, 3.833e-5
0.426, 3.909e-5
0.427, 4.006e-5
0.428, 4.098e-5
0.429, 4.183e-5
0.430, 4.297e-5
0.431, 4.411e-5
0.432, 4.535e-5
0.433, 4.673e-5
0.434, 4.815e-5
0.435, 4.963e-5
0.436, 5.125e-5
0.437, 5.280e-5
0.438, 5.456e-5
0.439, 5.647e-5
0.440, 5.873e-5
0.441, 6.108e-5
0.442, 6.351e-5
0.443, 6.599e-5
0.444, 6.891e-5
0.445, 7.210e-5
0.446, 7.559e-5
0.447, 7.895e-5
0.448, 8.280e-5
0.449, 8.743e-5
0.450, 9.176e-5
0.451, 9.688e-5
0.452, 1.023e-4
0.453, 1.083e-4
0.454, 1.148e-4
0.455, 1.216e-4
0.456, 1.287e-4
0.457, 1.370e-4
0.458, 1.453e-4
0.459, 1.548e-4
0.460, 1.647e-4
0.461, 1.749e-4
0.462, 1.864e-4
0.463, 1.982e-4
0.464, 2.108e-4
0.465, 2.240e-4
0.466, 2.381e-4
0.467, 2.523e-4
0.468, 2.674e-4
0.469, 2.828e-4
0.470, 2.985e-4
0.471, 3.142e-4
0.472, 3.299e-4
0.473, 3.458e-4
0.474, 3.610e-4
0.475, 3.757e-4
0.476, 3.906e-4
0.477, 4.045e-4
0.478, 4.175e-4
0.479, 4.295e-4
0.480, 4.405e-4
0.481, 4.501e-4
0.482, 4.583e-4
0.483, 4.652e-4
0.484, 4.705e-4
0.485, 4.748e-4
0.486, 4.778e-4
0.487, 4.794e-4
0.488, 4.799e-4
0.489, 4.791e-4
0.490, 4.769e-4
0.491, 4.739e-4
0.492, 4.701e-4
0.493, 4.661e-4
0.494, 4.616e-4
0.495, 4.560e-4
0.496, 4.504e-4
0.497, 4.440e-4
0.498, 4.377e-4
0.499, 4.311e-4
0.500, 4.241e-4
0.501, 4.176e-4
0.502, 4.113e-4
0.503, 4.051e-4
0.504, 3.987e-4
0.505, 3.927e-4
0.506, 3.867e-4
0.507, 3.808e-4
0.508, 3.751e-4
0.509, 3.699e-4
0.510, 3.648e-4
0.511, 3.597e-4
0.512, 3.558e-4
0.513, 3.511e-4
0.514, 3.463e-4
0.515, 3.414e-4
0.516, 3.368e-4
0.517, 3.322e-4
0.518, 3.278e-4
0.519, 3.234e-4
0.520, 3.193e-4
0.521, 3.151e-4
0.522, 3.110e-4
0.523, 3.070e-4
0.524, 3.026e-4
0.525, 2.979e-4
0.526, 2.942e-4
0.527, 2.902e-4
0.528, 2.860e-4
0.529, 2.819e-4
0.530, 2.775e-4
0.531, 2.736e-4
0.532, 2.701e-4
0.533, 2.660e-4
0.534, 2.620e-4
0.535, 2.580e-4
0.536, 2.537e-4
0.537, 2.497e-4
0.538, 2.465e-4
0.539, 2.430e-4
0.540, 2.391e-4
0.541, 2.352e-4
0.542, 2.319e-4
0.543, 2.278e-4
0.544, 2.244e-4
0.545, 2.214e-4
0.546, 2.177e-4
0.547, 2.145e-4
0.548, 2.112e-4
0.549, 2.080e-4
0.550, 2.048e-4
0.551, 2.016e-4
0.552, 1.989e-4
0.553, 1.962e-4
0.554, 1.933e-4
0.555, 1.908e-4
0.556, 1.881e-4
0.557, 1.859e-4
0.558, 1.834e-4
0.559, 1.805e-4
0.560, 1.781e-4
0.561, 1.762e-4
0.562, 1.740e-4
0.563, 1.724e-4
0.564, 1.706e-4
0.565, 1.688e-4
0.566, 1.668e-4
0.567, 1.651e-4
0.568, 1.637e-4
0.569, 1.621e-4
0.570, 1.606e-4
0.571, 1.593e-4
0.572, 1.579e-4
0.573, 1.563e-4
0.574, 1.554e-4
0.575, 1.540e-4
0.576, 1.526e-4
0.577, 1.518e-4
0.578, 1.509e-4
0.579, 1.502e-4
0.580, 1.495e-4
0.581, 1.489e-4
0.582, 1.482e-4
0.583, 1.476e-4
0.584, 1.474e-4
0.585, 1.469e-4
0.586, 1.463e-4
0.587, 1.461e-4
0.588, 1.460e-4
0.589, 1.460e-4
0.590, 1.458e-4
0.591, 1.458e-4
0.592, 1.458e-4
0.593, 1.461e-4
0.594, 1.462e-4
0.595, 1.467e-4
0.596, 1.471e-4
0.597, 1.475e-4
0.598, 1.482e-4
0.599, 1.487e-4
0.600, 1.494e-4
0.601, 1.504e-4
0.602, 1.508e-4
0.603, 1.520e-4
0.604, 1.530e-4
0.605, 1.540e-4
0.606, 1.556e-4
0.607, 1.571e-4
0.608, 1.586e-4
0.609, 1.605e-4
0.610, 1.621e-4
0.611, 1.638e-4
0.612, 1.655e-4
0.613, 1.676e-4
0.614, 1.696e-4
0.615, 1.712e-4
0.616, 1.741e-4
0.617, 1.766e-4
0.618, 1.789e-4
0.619, 1.824e-4
0.620, 1.856e-4
0.621, 1.886e-4
0.622, 1.919e-4
0.623, 1.951e-4
0.624, 1.986e-4
0.625, 2.024e-4
0.626, 2.064e-4
0.627, 2.103e-4
0.628, 2.145e-4
0.629, 2.190e-4
0.630, 2.236e-4
0.631, 2.280e-4
0.632, 2.334e-4
0.633, 2.387e-4
0.634, 2.437e-4
0.635, 2.491e-4
0.636, 2.552e-4
0.637, 2.611e-4
0.638, 2.677e-4
0.639, 2.736e-4
0.640, 2.806e-4
0.641, 2.877e-4
0.642, 2.946e-4
0.643, 3.021e-4
0.644, 3.096e-4
0.645, 3.174e-4
0.646, 3.253e-4
0.647, 3.340e-4
0.648, 3.426e-4
0.649, 3.515e-4
0.650, 3.605e-4
0.651, 3.698e-4
0.652, 3.794e-4
0.653, 3.891e-4
0.654, 3.994e-4
0.655, 4.099e-4
0.656, 4.206e-4
0.657, 4.319e-4
0.658, 4.431e-4
0.659, 4.547e-4
0.660, 4.664e-4
0.661, 4.784e-4
0.662, 4.911e-4
0.663, 5.037e-4
0.664, 5.167e-4
0.665, 5.302e-4
0.666, 5.440e-4
0.667, 5.578e-4
0.668, 5.718e-4
0.669, 5.864e-4
0.670, 6.011e-4
0.671, 6.158e-4
0.672, 6.315e-4
0.673, 6.472e-4
0.674, 6.628e-4
0.675, 6.793e-4
0.676, 6.960e-4
0.677, 7.128e-4
0.678, 7.299e-4
0.679, 7.473e-4
0.680, 7.652e-4
0.681, 7.834e-4
0.682, 8.020e-4
0.683, 8.207e-4
0.684, 8.398e-4
0.685, 8.592e-4
0.686, 8.787e-4
0.687, 8.986e-4
0.688, 9.189e-4
0.689, 9.394e-4
0.690, 9.602e-4
0.691, 9.814e-4
0.692, 1.003e-3
0.693, 1.024e-3
0.694, 1.047e-3
0.695, 1.069e-3
0.696, 1.091e-3
0.697, 1.114e-3
0.698, 1.137e-3
0.699, 1.161e-3
0.700, 1.184e-3
0.701, 1.208e-3
0.702, 1.232e-3
0.703, 1.257e-3
0.704, 1.281e-3
0.705, 1.306e-3
0.706, 1.332e-3
0.707, 1.357e-3
0.708, 1.383e-3
0.709, 1.409e-3
0.710, 1.436e-3
0.711, 1.462e-3
0.712, 1.489e-3
0.713, 1.516e-3
0.714, 1.544e-3
0.715, 1.572e-3
0.716, 1.600e-3
0.717, 1.629e-3
0.718, 1.659e-3
0.719, 1.687e-3
0.720, 1.716e-3
0.721, 1.745e-3
0.722, 1.774e-3
0.723, 1.804e-3
0.724, 1.834e-3
0.725, 1.864e-3
0.726, 1.895e-3
0.727, 1.925e-3
0.728, 1.957e-3
0.729, 1.988e-3
0.730, 2.019e-3
0.731, 2.050e-3
0.732, 2.082e-3
0.733, 2.114e-3
0.734, 2.146e-3
0.735, 2.178e-3
0.736, 2.211e-3
0.737, 2.244e-3
0.738, 2.277e-3
0.739, 2.310e-3
0.740, 2.344e-3
0.741, 2.378e-3
0.742, 2.412e-3
0.743, 2.446e-3
0.744, 2.481e-3
0.745, 2.515e-3
0.746, 2.550e-3
0.747, 2.584e-3
0.748, 2.619e-3
0.749, 2.655e-3
0.750, 2.690e-3
0.751, 2.726e-3
0.752, 2.761e-3
0.753, 2.797e-3
0.754, 2.834e-3
0.755, 2.870e-3
0.756, 2.906e-3
0.757, 2.943e-3
0.758, 2.979e-3
0.759, 3.016e-3
0.760, 3.053e-3
0.761, 3.091e-3
0.762, 3.129e-3
0.763, 3.167e-3
0.764, 3.205e-3
0.765, 3.243e-3
0.766, 3.281e-3
0.767, 3.319e-3
0.768, 3.358e-3
0.769, 3.397e-3
0.770, 3.436e-3
0.771, 3.474e-3
0.772, 3.514e-3
0.773, 3.553e-3
0.774, 3.593e-3
0.775, 3.633e-3
0.776, 3.673e-3
0.777, 3.713e-3
0.778, 3.753e-3
0.779, 3.793e-3
0.780, 3.833e-3
0.781, 3.874e-3
0.782, 3.914e-3
0.783, 3.955e-3
0.784, 3.996e-3
0.785, 4.037e-3
0.786, 4.078e-3
0.787, 4.120e-3
0.788, 4.161e-3
0.789, 4.203e-3
0.790, 4.244e-3
0.791, 4.286e-3
0.792, 4.328e-3
0.793, 4.370e-3
0.794, 4.413e-3
0.795, 4.456e-3
0.796, 4.498e-3
0.797, 4.541e-3
0.798, 4.583e-3
0.799, 4.626e-3
0.800, 4.654e-3
0.799, 4.620e-3
0.798, 4.575e-3
0.797, 4.530e-3
0.796, 4.486e-3
0.795, 4.441e-3
0.794, 4.396e-3
0.793, 4.352e-3
0.792, 4.308e-3
0.791, 4.264e-3
0.790, 4.220e-3
0.789, 4.176e-3
0.788, 4.132e-3
0.787, 4.089e-3
0.786, 4.046e-3
0.785, 4.003e-3
0.784, 3.960e-3
0.783, 3.917e-3
0.782, 3.874e-3
0.781, 3.832e-3
0.780, 3.790e-3
0.779, 3.748e-3
0.778, 3.706e-3
0.777, 3.664e-3
0.776, 3.623e-3
0.775, 3.581e-3
0.774, 3.540e-3
0.773, 3.499e-3
0.772, 3.458e-3
0.771, 3.417e-3
0.770, 3.377e-3
0.769, 3.337e-3
0.768, 3.297e-3
0.767, 3.257e-3
0.766, 3.218e-3
0.765, 3.178e-3
0.764, 3.139e-3
0.763, 3.100e-3
0.762, 3.061e-3
0.761, 3.022e-3
0.760, 2.984e-3
0.759, 2.946e-3
0.758, 2.909e-3
0.757, 2.871e-3
0.756, 2.833e-3
0.755, 2.796e-3
0.754, 2.759e-3
0.753, 2.722e-3
0.752, 2.686e-3
0.751, 2.650e-3
0.750, 2.614e-3
0.749, 2.578e-3
0.748, 2.542e-3
0.747, 2.507e-3
0.746, 2.472e-3
0.745, 2.437e-3
0.744, 2.402e-3
0.743, 2.367e-3
0.742, 2.332e-3
0.741, 2.298e-3
0.740, 2.264e-3
0.739, 2.231e-3
0.738, 2.197e-3
0.737, 2.164e-3
0.736, 2.132e-3
0.735, 2.099e-3
0.734, 2.067e-3
0.733, 2.035e-3
0.732, 2.003e-3
0.731, 1.971e-3
0.730, 1.939e-3
0.729, 1.908e-3
0.728, 1.877e-3
0.727, 1.846e-3
0.726, 1.816e-3
0.725, 1.786e-3
0.724, 1.756e-3
0.723, 1.727e-3
0.722, 1.697e-3
0.721, 1.668e-3
0.720, 1.639e-3
0.719, 1.611e-3
0.718, 1.582e-3
0.717, 1.553e-3
0.716, 1.525e-3
0.715, 1.497e-3
0.714, 1.470e-3
0.713, 1.442e-3
0.712, 1.416e-3
0.711, 1.389e-3
0.710, 1.363e-3
0.709, 1.337e-3
0.708, 1.311e-3
0.707, 1.286e-3
0.706, 1.260e-3
0.705, 1.235e-3
0.704, 1.211e-3
0.703, 1.187e-3
0.702, 1.163e-3
0.701, 1.139e-3
0.700, 1.115e-3
0.699, 1.092e-3
0.698, 1.069e-3
0.697, 1.046e-3
0.696, 1.023e-3
0.695, 1.001e-3
0.694, 9.792e-4
0.693, 9.576e-4
0.692, 9.361e-4
0.691, 9.147e-4
0.690, 8.938e-4
0.689, 8.731e-4
0.688, 8.529e-4
0.687, 8.326e-4
0.686, 8.127e-4
0.685, 7.932e-4
0.684, 7.735e-4
0.683, 7.548e-4
0.682, 7.359e-4
0.681, 7.174e-4
0.680, 6.992e-4
0.679, 6.813e-4
0.678, 6.639e-4
0.677, 6.465e-4
0.676, 6.293e-4
0.675, 6.124e-4
0.674, 5.961e-4
0.673, 5.799e-4
0.672, 5.637e-4
0.671, 5.480e-4
0.670, 5.326e-4
0.669, 5.171e-4
0.668, 5.023e-4
0.667, 4.875e-4
0.666, 4.729e-4
0.665, 4.587e-4
0.664, 4.448e-4
0.663, 4.310e-4
0.662, 4.174e-4
0.661, 4.043e-4
0.660, 3.914e-4
0.659, 3.783e-4
0.658, 3.661e-4
0.657, 3.537e-4
0.656, 3.419e-4
0.655, 3.299e-4
0.654, 3.186e-4
0.653, 3.078e-4
0.652, 2.967e-4
0.651, 2.860e-4
0.650, 2.751e-4
0.649, 2.651e-4
0.648, 2.549e-4
0.647, 2.452e-4
0.646, 2.360e-4
0.645, 2.262e-4
0.644, 2.174e-4
0.643, 2.086e-4
0.642, 1.999e-4
0.641, 1.916e-4
0.640, 1.829e-4
0.639, 1.747e-4
0.638, 1.673e-4
0.637, 1.598e-4
0.636, 1.519e-4
0.635, 1.448e-4
0.634, 1.380e-4
0.633, 1.307e-4
0.632, 1.245e-4
0.631, 1.179e-4
0.630, 1.120e-4
0.629, 1.056e-4
0.628, 9.950e-5
0.627, 9.411e-5
0.626, 8.847e-5
0.625, 8.296e-5
0.624, 7.766e-5
0.623, 7.272e-5
0.622, 6.764e-5
0.621, 6.280e-5
0.620, 5.814e-5
0.619, 5.380e-5
0.618, 4.950e-5
0.617, 4.515e-5
0.616, 4.093e-5
0.615, 3.732e-5
0.614, 3.421e-5
0.613, 3.011e-5
0.612, 2.667e-5
0.611, 2.327e-5
0.610, 2.001e-5
0.609, 1.669e-5
0.608, 1.351e-5
0.607, 1.031e-5
0.606, 7.499e-6
0.605, 4.687e-6
0.604, 1.992e-6
0.603, -4.296e-7
0.602, -2.939e-6
0.601, -5.243e-6
0.600, -7.752e-6
0.599, -1.013e-5
0.598, -1.219e-5
0.597, -1.446e-5
0.596, -1.647e-5
0.595, -1.840e-5
0.594, -2.009e-5
0.593, -2.175e-5
0.592, -2.341e-5
0.591, -2.521e-5
0.590, -2.654e-5
0.589, -2.836e-5
0.588, -2.978e-5
0.587, -3.099e-5
0.586, -3.231e-5
0.585, -3.367e-5
0.584, -3.494e-5
0.583, -3.656e-5
0.582, -3.774e-5
0.581, -3.887e-5
0.580, -3.985e-5
0.579, -4.098e-5
0.578, -4.211e-5
0.577, -4.306e-5
0.576, -4.374e-5
0.575, -4.483e-5
0.574, -4.570e-5
0.573, -4.658e-5
0.572, -4.747e-5
0.571, -4.825e-5
0.570, -4.924e-5
0.569, -5.018e-5
0.568, -5.073e-5
0.567, -5.162e-5
0.566, -5.233e-5
0.565, -5.312e-5
0.564, -5.391e-5
0.563, -5.474e-5
0.562, -5.525e-5
0.561, -5.588e-5
0.560, -5.639e-5
0.559, -5.723e-5
0.558, -5.775e-5
0.557, -5.827e-5
0.556, -5.891e-5
0.555, -5.968e-5
0.554, -6.036e-5
0.553, -6.095e-5
0.552, -6.142e-5
0.551, -6.195e-5
0.550, -6.234e-5
0.549, -6.321e-5
0.548, -6.404e-5
0.547, -6.444e-5
0.546, -6.509e-5
0.545, -6.584e-5
0.544, -6.641e-5
0.543, -6.683e-5
0.542, -6.723e-5
0.541, -6.764e-5
0.540, -6.817e-5
0.539, -6.869e-5
0.538, -6.926e-5
0.537, -6.994e-5
0.536, -7.014e-5
0.535, -7.065e-5
0.534, -7.122e-5
0.533, -7.175e-5
0.532, -7.246e-5
0.531, -7.293e-5
0.530, -7.344e-5
0.529, -7.390e-5
0.528, -7.445e-5
0.527, -7.534e-5
0.526, -7.561e-5
0.525, -7.606e-5
0.524, -7.682e-5
0.523, -7.732e-5
0.522, -7.805e-5
0.521, -7.874e-5
0.520, -7.920e-5
0.519, -7.980e-5
0.518, -8.041e-5
0.517, -8.094e-5
0.516, -8.164e-5
0.515, -8.211e-5
0.514, -8.299e-5
0.513, -8.354e-5
0.512, -8.535e-5
0.511, -8.577e-5
0.510, -8.575e-5
0.509, -8.647e-5
0.508, -8.723e-5
0.507, -8.798e-5
0.506, -8.873e-5
0.505, -8.942e-5
0.504, -9.026e-5
0.503, -9.086e-5
0.502, -9.118e-5
0.501, -9.226e-5
0.500, -9.287e-5
0.499, -9.333e-5
0.498, -9.425e-5
0.497, -9.508e-5
0.496, -9.584e-5
0.495, -9.670e-5
0.494, -9.770e-5
0.493, -9.857e-5
0.492, -9.942e-5
0.491, -1.002e-4
0.490, -1.013e-4
0.489, -1.021e-4
0.488, -1.029e-4
0.487, -1.040e-4
0.486, -1.051e-4
0.485, -1.060e-4
0.484, -1.069e-4
0.483, -1.078e-4
0.482, -1.090e-4
0.481, -1.100e-4
0.480, -1.114e-4
0.479, -1.129e-4
0.478, -1.138e-4
0.477, -1.151e-4
0.476, -1.162e-4
0.475, -1.173e-4
0.474, -1.184e-4
0.473, -1.193e-4
0.472, -1.210e-4
0.471, -1.221e-4
0.470, -1.233e-4
0.469, -1.250e-4
0.468, -1.268e-4
0.467, -1.281e-4
0.466, -1.296e-4
0.465, -1.312e-4
0.464, -1.329e-4
0.463, -1.345e-4
0.462, -1.363e-4
0.461, -1.384e-4
0.460, -1.402e-4
0.459, -1.418e-4
0.458, -1.435e-4
0.457, -1.452e-4
0.456, -1.471e-4
0.455, -1.493e-4
0.454, -1.513e-4
0.453, -1.537e-4
0.452, -1.557e-4
0.451, -1.577e-4
0.450, -1.601e-4
0.449, -1.624e-4
0.448, -1.643e-4
0.447, -1.667e-4
0.446, -1.690e-4
0.445, -1.714e-4
0.444, -1.739e-4
0.443, -1.764e-4
0.442, -1.790e-4
0.441, -1.816e-4
0.440, -1.841e-4
0.439, -1.872e-4
0.438, -1.896e-4
0.437, -1.922e-4
0.436, -1.949e-4
0.435, -1.981e-4
0.434, -2.011e-4
0.433, -2.037e-4
0.432, -2.065e-4
0.431, -2.097e-4
0.430, -2.128e-4
0.429, -2.154e-4
0.428, -2.184e-4
0.427, -2.214e-4
0.426, -2.242e-4
0.425, -2.268e-4
0.424, -2.299e-4
0.423, -2.330e-4
0.422, -2.355e-4
0.421, -2.385e-4
0.420, -2.413e-4
0.419, -2.441e-4
0.418, -2.470e-4
0.417, -2.499e-4
0.416, -2.525e-4
0.415, -2.552e-4
0.414, -2.581e-4
0.413, -2.611e-4
0.412, -2.635e-4
0.411, -2.657e-4
0.410, -2.662e-4
0.409, -2.646e-4
0.408, -2.688e-4
0.407, -2.720e-4
0.406, -2.744e-4
0.405, -2.769e-4
0.404, -2.793e-4
0.403, -2.817e-4
0.402, -2.844e-4
0.401, -2.866e-4
0.400, -2.886e-4
0.399, -2.906e-4
0.398, -2.927e-4
0.397, -2.945e-4
0.396, -2.963e-4
0.395, -2.980e-4
0.394, -2.997e-4
0.393, -3.009e-4
0.392, -3.026e-4
0.391, -3.039e-4
0.390, -3.051e-4
0.389, -3.064e-4
0.388, -3.076e-4
0.387, -3.084e-4
0.386, -3.092e-4
0.385, -3.098e-4
0.384, -3.103e-4
0.383, -3.105e-4
0.382, -3.103e-4
0.381, -3.103e-4
0.380, -3.100e-4
0.379, -3.092e-4
0.378, -3.087e-4
0.377, -3.075e-4
0.376, -3.062e-4
0.375, -3.047e-4
0.374, -3.028e-4
0.373, -3.011e-4
0.372, -2.989e-4
0.371, -2.964e-4
0.370, -2.938e-4
0.369, -2.911e-4
0.368, -2.881e-4
0.367, -2.850e-4
0.366, -2.811e-4
0.365, -2.775e-4
0.364, -2.739e-4
0.363, -2.699e-4
0.362, -2.657e-4
0.361, -2.614e-4
0.360, -2.566e-4
0.359, -2.519e-4
0.358, -2.473e-4
0.357, -2.423e-4
0.356, -2.373e-4
0.355, -2.321e-4
0.354, -2.269e-4
0.353, -2.217e-4
0.352, -2.165e-4
0.351, -2.115e-4
0.350, -2.057e-4
0.349, -2.005e-4
0.348, -1.951e-4
0.347, -1.900e-4
0.346, -1.848e-4
0.345, -1.795e-4
0.344, -1.746e-4
0.343, -1.698e-4
0.342, -1.649e-4
0.341, -1.599e-4
0.340, -1.552e-4
0.339, -1.505e-4
0.338, -1.459e-4
0.337, -1.416e-4
0.336, -1.372e-4
0.335, -1.329e-4
0.334, -1.289e-4
0.333, -1.249e-4
0.332, -1.211e-4
0.331, -1.176e-4
0.330, -1.141e-4
0.329, -1.104e-4
0.328, -1.069e-4
0.327, -1.038e-4
0.326, -1.007e-4
0.325, -9.763e-5
0.324, -9.477e-5
0.323, -9.211e-5
0.322, -8.950e-5
0.321, -8.675e-5
0.320, -8.401e-5
0.319, -8.168e-5
0.318, -7.939e-5
0.317, -7.720e-5
0.316, -7.504e-5
0.315, -7.289e-5
0.314, -7.100e-5
0.313, -6.929e-5
0.312, -6.770e-5
0.311, -6.615e-5
0.310, -6.438e-5
0.309, -6.261e-5
0.308, -6.090e-5
0.307, -5.962e-5
0.306, -5.800e-5
0.305, -5.663e-5
0.304, -5.529e-5
0.303, -5.411e-5
0.302, -5.281e-5
0.301, -5.154e-5
0.300, -5.039e-5
0.299, -4.925e-5
0.298, -4.812e-5
0.297, -4.717e-5
0.296, -4.614e-5
0.295, -4.522e-5
0.294, -4.431e-5
0.293, -4.352e-5
0.292, -4.277e-5
0.291, -4.187e-5
0.290, -4.108e-5
0.289, -4.025e-5
0.288, -3.950e-5
0.287, -3.879e-5
0.286, -3.799e-5
0.285, -3.729e-5
0.284, -3.657e-5
0.283, -3.595e-5
0.282, -3.532e-5
0.281, -3.475e-5
0.280, -3.401e-5
0.279, -3.352e-5
0.278, -3.298e-5
0.277, -3.244e-5
0.276, -3.198e-5
0.275, -3.146e-5
0.274, -3.094e-5
0.273, -3.049e-5
0.272, -3.000e-5
0.271, -2.961e-5
0.270, -2.916e-5
0.269, -2.874e-5
0.268, -2.837e-5
0.267, -2.799e-5
0.266, -2.758e-5
0.265, -2.724e-5
0.264, -2.688e-5
0.263, -2.650e-5
0.262, -2.617e-5
0.261, -2.581e-5
0.260, -2.539e-5
0.259, -2.510e-5
0.258, -2.490e-5
0.257, -2.454e-5
0.256, -2.421e-5
0.255, -2.386e-5
0.254, -2.368e-5
0.253, -2.335e-5
0.252, -2.311e-5
0.251, -2.287e-5
0.250, -2.252e-5
0.249, -2.234e-5
0.248, -2.216e-5
0.247, -2.195e-5
0.246, -2.163e-5
0.245, -2.139e-5
0.244, -2.117e-5
0.243, -2.091e-5
0.242, -2.070e-5
0.241, -2.058e-5
0.240, -2.034e-5
0.239, -2.023e-5
0.238, -1.995e-5
0.237, -1.985e-5
0.236, -1.965e-5
0.235, -1.950e-5
0.234, -1.933e-5
0.233, -1.919e-5
0.232, -1.895e-5
0.231, -1.885e-5
0.230, -1.868e-5
0.229, -1.849e-5
0.228, -1.836e-5
0.227, -1.812e-5
0.226, -1.803e-5
0.225, -1.792e-5
0.224, -1.776e-5
0.223, -1.757e-5
0.222, -1.747e-5
0.221, -1.738e-5
0.220, -1.726e-5
0.219, -1.715e-5
0.218, -1.691e-5
0.217, -1.681e-5
0.216, -1.664e-5
0.215, -1.658e-5
0.214, -1.638e-5
0.213, -1.632e-5
0.212, -1.622e-5
0.211, -1.602e-5
0.210, -1.592e-5
0.209, -1.581e-5
0.208, -1.572e-5
0.207, -1.561e-5
0.206, -1.539e-5
0.205, -1.528e-5
0.204, -1.523e-5
0.203, -1.508e-5
0.202, -1.491e-5
0.201, -1.490e-5
0.200, -1.311e-5
0.201, -9.881e-6
0.202, -8.641e-6
0.203, -7.909e-6
0.204, -7.167e-6
0.205, -6.649e-6
0.206, -6.102e-6
0.207, -5.614e-6
0.208, -5.214e-6
0.209, -4.755e-6
0.210, -4.452e-6
0.211, -4.071e-6
0.212, -3.769e-6
0.213, -3.417e-6
0.214, -3.154e-6
0.215, -2.812e-6
0.216, -2.636e-6
0.217, -2.343e-6
0.218, -2.158e-6
0.219, -1.904e-6
0.220, -1.621e-6
0.221, -1.494e-6
0.222, -1.318e-6
0.223, -1.172e-6
0.224, -9.178e-7
0.225, -7.518e-7
0.226, -6.444e-7
0.227, -3.515e-7
0.228, -1.465e-7
0.229, -6.835e-8
0.230, 1.074e-7
0.231, 2.441e-7
0.232, 3.808e-7
0.233, 5.565e-7
0.234, 6.932e-7
0.235, 8.397e-7
0.236, 1.045e-6
0.237, 1.162e-6
0.238, 1.240e-6
0.239, 1.328e-6
0.240, 1.386e-6
0.241, 1.611e-6
0.242, 1.787e-6
0.243, 1.855e-6
0.244, 1.923e-6
0.245, 2.031e-6
0.246, 2.168e-6
0.247, 2.216e-6
0.248, 2.334e-6
0.249, 2.519e-6
0.250, 2.568e-6
0.251, 2.714e-6
0.252, 2.822e-6
0.253, 2.861e-6
0.254, 3.027e-6
0.255, 3.163e-6
0.256, 3.193e-6
0.257, 3.339e-6
0.258, 3.369e-6
0.259, 3.515e-6
0.260, 3.603e-6
0.261, 3.642e-6
0.262, 3.808e-6
0.263, 3.925e-6
0.264, 3.954e-6
0.265, 4.101e-6
0.266, 4.179e-6
0.267, 4.277e-6
0.268, 4.394e-6
0.269, 4.423e-6
0.270, 4.521e-6
0.271, 4.638e-6
0.272, 4.784e-6
0.273, 4.872e-6
0.274, 4.901e-6
0.275, 4.999e-6
0.276, 5.146e-6
0.277, 5.224e-6
0.278, 5.331e-6
0.279, 5.399e-6
0.280, 5.546e-6
0.281, 5.604e-6
0.282, 5.683e-6
0.283, 5.829e-6
0.284, 5.917e-6
0.285, 5.946e-6
0.286, 5.956e-6
0.287, 6.083e-6
0.288, 6.239e-6
0.289, 6.307e-6
0.290, 6.444e-6
0.291, 6.600e-6
0.292, 6.678e-6
0.293, 6.796e-6
0.294, 6.844e-6
0.295, 6.932e-6
0.296, 7.128e-6
0.297, 7.206e-6
0.298, 7.264e-6
0.299, 7.372e-6
0.300, 7.557e-6
0.301, 7.616e-6
0.302, 7.713e-6
0.303, 7.811e-6
0.304, 7.997e-6
0.305, 8.211e-6
0.306, 8.250e-6
0.307, 8.465e-6
0.308, 8.504e-6
0.309, 8.641e-6
0.310, 8.690e-6
0.311, 8.846e-6
0.312, 8.944e-6
0.313, 9.119e-6
0.314, 9.237e-6
0.315, 9.315e-6
0.316, 9.412e-6
0.317, 9.627e-6
0.318, 9.754e-6
0.319, 9.910e-6
0.320, 9.930e-6
0.321, 1.014e-5
0.322, 1.027e-5
0.323, 1.041e-5
0.324, 1.049e-5
0.325, 1.063e-5
0.326, 1.084e-5
0.327, 1.098e-5
0.328, 1.112e-5
0.329, 1.130e-5
0.330, 1.137e-5
0.331, 1.156e-5
0.332, 1.167e-5
0.333, 1.188e-5
0.334, 1.198e-5
0.335, 1.210e-5
0.336, 1.228e-5
0.337, 1.241e-5
0.338, 1.258e-5
0.339, 1.270e-5
0.340, 1.285e-5
0.341, 1.295e-5
0.342, 1.314e-5
0.343, 1.329e-5
0.344, 1.350e-5
0.345, 1.361e-5
0.346, 1.375e-5
0.347, 1.396e-5
0.348, 1.419e-5
0.349, 1.432e-5
0.350, 1.449e-5
0.351, 1.468e-5
0.352, 1.484e-5
0.353, 1.499e-5
0.354, 1.518e-5
0.355, 1.531e-5
0.356, 1.552e-5
0.357, 1.576e-5
0.358, 1.591e-5
0.359, 1.607e-5
0.360, 1.621e-5
0.361, 1.650e-5
0.362, 1.659e-5
0.363, 1.683e-5
0.364, 1.705e-5
0.365, 1.721e-5
0.366, 1.754e-5
0.367, 1.767e-5
0.368, 1.780e-5
0.369, 1.810e-5
0.370, 1.835e-5
0.371, 1.845e-5
0.372, 1.865e-5
0.373, 1.901e-5
0.374, 1.923e-5
0.375, 1.950e-5
0.376, 1.967e-5
0.377, 2.003e-5
0.378, 2.027e-5
0.379, 2.058e-5
0.380, 2.075e-5
0.381, 2.098e-5
0.382, 2.130e-5
0.383, 2.159e-5
0.384, 2.183e-5
0.385, 2.215e-5
0.386, 2.243e-5
0.387, 2.273e-5
0.388, 2.312e-5
0.389, 2.331e-5
0.390, 2.364e-5
0.391, 2.392e-5
0.392, 2.423e-5
0.393, 2.459e-5
0.394, 2.484e-5
0.395, 2.519e-5
0.396, 2.564e-5
0.397, 2.587e-5
0.398, 2.625e-5
0.399, 2.655e-5
0.400, 2.698e-5
0.401, 2.737e-5
0.402, 2.782e-5
0.403, 2.811e-5
0.404, 2.855e-5
0.405, 2.899e-5
0.406, 2.934e-5
0.407, 2.971e-5
0.408, 3.012e-5
0.409, 3.052e-5
0.410, 2.997e-5
0.411, 3.105e-5
0.412, 3.172e-5
0.413, 3.231e-5
0.414, 3.294e-5
0.415, 3.355e-5
0.416, 3.416e-5
0.417, 3.486e-5
0.418, 3.549e-5
0.419, 3.611e-5
0.420, 3.683e-5
0.421, 3.752e-5
0.422, 3.830e-5
0.423, 3.894e-5
0.424, 3.976e-5
0.425, 4.059e-5
0.426, 4.146e-5
0.427, 4.230e-5
0.428, 4.343e-5
0.429, 4.455e-5
0.430, 4.567e-5
0.431, 4.694e-5
0.432, 4.821e-5
0.433, 4.964e-5
0.434, 5.099e-5
0.435, 5.252e-5
0.436, 5.416e-5
0.437, 5.593e-5
0.438, 5.805e-5
0.439, 6.011e-5
0.440, 6.242e-5
0.441, 6.469e-5
0.442, 6.711e-5
0.443, 7.017e-5
0.444, 7.329e-5
0.445, 7.643e-5
0.446, 7.987e-5
0.447, 8.397e-5
0.448, 8.820e-5
0.449, 9.257e-5
0.450, 9.766e-5
0.451, 1.030e-4
0.452, 1.091e-4
0.453, 1.155e-4
0.454, 1.223e-4
0.455, 1.294e-4
0.456, 1.378e-4
0.457, 1.464e-4
0.458, 1.557e-4
0.459, 1.658e-4
0.460, 1.761e-4
0.461, 1.879e-4
0.462, 1.999e-4
0.463, 2.131e-4
0.464, 2.265e-4
0.465, 2.409e-4
0.466, 2.558e-4
0.467, 2.716e-4
0.468, 2.882e-4
0.469, 3.049e-4
0.470, 3.217e-4
0.471, 3.390e-4
0.472, 3.565e-4
0.473, 3.736e-4
0.474, 3.902e-4
0.475, 4.069e-4
0.476, 4.228e-4
0.477, 4.380e-4
0.478, 4.519e-4
0.479, 4.648e-4
0.480, 4.768e-4
0.481, 4.874e-4
0.482, 4.964e-4
0.483, 5.040e-4
0.484, 5.099e-4
0.485, 5.142e-4
0.486, 5.168e-4
0.487, 5.184e-4
0.488, 5.186e-4
0.489, 5.176e-4
0.490, 5.152e-4
0.491, 5.117e-4
0.492, 5.072e-4
0.493, 5.022e-4
0.494, 4.963e-4
0.495, 4.900e-4
0.496, 4.830e-4
0.497, 4.760e-4
0.498, 4.684e-4
0.499, 4.612e-4
0.500, 4.536e-4
0.501, 4.462e-4
0.502, 4.391e-4
0.503, 4.316e-4
0.504, 4.243e-4
0.505, 4.175e-4
0.506, 4.108e-4
0.507, 4.045e-4
0.508, 3.980e-4
0.509, 3.921e-4
0.510, 3.860e-4
0.511, 3.799e-4
0.512, 3.755e-4
0.513, 3.709e-4
0.514, 3.657e-4
0.515, 3.603e-4
0.516, 3.552e-4
0.517, 3.501e-4
0.518, 3.457e-4
0.519, 3.408e-4
0.520, 3.362e-4
0.521, 3.315e-4
0.522, 3.266e-4
0.523, 3.222e-4
0.524, 3.178e-4
0.525, 3.131e-4
0.526, 3.088e-4
0.527, 3.046e-4
0.528, 2.997e-4
0.529, 2.957e-4
0.530, 2.915e-4
0.531, 2.872e-4
0.532, 2.831e-4
0.533, 2.783e-4
0.534, 2.739e-4
0.535, 2.701e-4
0.536, 2.660e-4
0.537, 2.617e-4
0.538, 2.578e-4
0.539, 2.537e-4
0.540, 2.491e-4
0.541, 2.455e-4
0.542, 2.421e-4
0.543, 2.381e-4
0.544, 2.345e-4
0.545, 2.305e-4
0.546, 2.265e-4
0.547, 2.233e-4
0.548, 2.201e-4
0.549, 2.167e-4
0.550, 2.133e-4
0.551, 2.099e-4
0.552, 2.071e-4
0.553, 2.041e-4
0.554, 2.009e-4
0.555, 1.982e-4
0.556, 1.956e-4
0.557, 1.931e-4
0.558, 1.905e-4
0.559, 1.882e-4
0.560, 1.859e-4
0.561, 1.835e-4
0.562, 1.808e-4
0.563, 1.789e-4
0.564, 1.770e-4
0.565, 1.751e-4
0.566, 1.733e-4
0.567, 1.714e-4
0.568, 1.698e-4
0.569, 1.684e-4
0.570, 1.668e-4
0.571, 1.653e-4
0.572, 1.642e-4
0.573, 1.628e-4
0.574, 1.618e-4
0.575, 1.605e-4
0.576, 1.593e-4
0.577, 1.584e-4
0.578, 1.573e-4
0.579, 1.564e-4
0.580, 1.557e-4
0.581, 1.551e-4
0.582, 1.544e-4
0.583, 1.538e-4
0.584, 1.532e-4
0.585, 1.531e-4
0.586, 1.525e-4
0.587, 1.525e-4
0.588, 1.524e-4
0.589, 1.525e-4
0.590, 1.523e-4
0.591, 1.524e-4
0.592, 1.523e-4
0.593, 1.528e-4
0.594, 1.529e-4
0.595, 1.535e-4
0.596, 1.541e-4
0.597, 1.545e-4
0.598, 1.555e-4
0.599, 1.561e-4
0.600, 1.569e-4
0.601, 1.583e-4
0.602, 1.588e-4
0.603, 1.602e-4
0.604, 1.618e-4
0.605, 1.628e-4
0.606, 1.645e-4
0.607, 1.658e-4
0.608, 1.674e-4
0.609, 1.695e-4
0.610, 1.711e-4
0.611, 1.733e-4
0.612, 1.754e-4
0.613, 1.773e-4
0.614, 1.797e-4
0.615, 1.818e-4
0.616, 1.851e-4
0.617, 1.882e-4
0.618, 1.909e-4
0.619, 1.942e-4
0.620, 1.976e-4
0.621, 2.010e-4
0.622, 2.046e-4
0.623, 2.086e-4
0.624, 2.125e-4
0.625, 2.167e-4
0.626, 2.208e-4
0.627, 2.249e-4
0.628, 2.298e-4
0.629, 2.351e-4
0.630, 2.401e-4
0.631, 2.450e-4
0.632, 2.502e-4
0.633, 2.565e-4
0.634, 2.624e-4
0.635, 2.688e-4
0.636, 2.747e-4
0.637, 2.815e-4
0.638, 2.885e-4
0.639, 2.955e-4
0.640, 3.031e-4
0.641, 3.109e-4
0.642, 3.183e-4
0.643, 3.262e-4
0.644, 3.349e-4
0.645, 3.433e-4
0.646, 3.525e-4
0.647, 3.616e-4
0.648, 3.706e-4
0.649, 3.802e-4
0.650, 3.902e-4
0.651, 4.007e-4
0.652, 4.111e-4
0.653, 4.215e-4
0.654, 4.331e-4
0.655, 4.444e-4
0.656, 4.561e-4
0.657, 4.680e-4
0.658, 4.802e-4
0.659, 4.930e-4
0.660, 5.060e-4
0.661, 5.188e-4
0.662, 5.327e-4
0.663, 5.463e-4
0.664, 5.602e-4
0.665, 5.747e-4
0.666, 5.894e-4
0.667, 6.044e-4
0.668, 6.195e-4
0.669, 6.351e-4
0.670, 6.513e-4
0.671, 6.673e-4
0.672, 6.841e-4
0.673, 7.012e-4
0.674, 7.182e-4
0.675, 7.358e-4
0.676, 7.539e-4
0.677, 7.720e-4
0.678, 7.907e-4
0.679, 8.090e-4
0.680, 8.286e-4
0.681, 8.480e-4
0.682, 8.674e-4
0.683, 8.876e-4
0.684, 9.082e-4
0.685, 9.286e-4
0.686, 9.498e-4
0.687, 9.711e-4
0.688, 9.923e-4
0.689, 1.014e-3
0.690, 1.036e-3
0.691, 1.059e-3
0.692, 1.082e-3
0.693, 1.105e-3
0.694, 1.129e-3
0.695, 1.152e-3
0.696, 1.176e-3
0.697, 1.200e-3
0.698, 1.225e-3
0.699, 1.250e-3
0.700, 1.275e-3
0.701, 1.300e-3
0.702, 1.326e-3
0.703, 1.352e-3
0.704, 1.378e-3
0.705, 1.404e-3
0.706, 1.431e-3
0.707, 1.458e-3
0.708, 1.486e-3
0.709, 1.513e-3
0.710, 1.542e-3
0.711, 1.570e-3
0.712, 1.598e-3
0.713, 1.627e-3
0.714, 1.656e-3
0.715, 1.685e-3
0.716, 1.715e-3
0.717, 1.746e-3
0.718, 1.776e-3
0.719, 1.806e-3
0.720, 1.837e-3
0.721, 1.868e-3
0.722, 1.898e-3
0.723, 1.930e-3
0.724, 1.962e-3
0.725, 1.993e-3
0.726, 2.025e-3
0.727, 2.058e-3
0.728, 2.090e-3
0.729, 2.123e-3
0.730, 2.155e-3
0.731, 2.188e-3
0.732, 2.221e-3
0.733, 2.255e-3
0.734, 2.289e-3
0.735, 2.322e-3
0.736, 2.357e-3
0.737, 2.391e-3
0.738, 2.426e-3
0.739, 2.461e-3
0.740, 2.496e-3
0.741, 2.531e-3
0.742, 2.566e-3
0.743, 2.602e-3
0.744, 2.638e-3
0.745, 2.674e-3
0.746, 2.710e-3
0.747, 2.746e-3
0.748, 2.782e-3
0.749, 2.819e-3
0.750, 2.856e-3
0.751, 2.893e-3
0.752, 2.930e-3
0.753, 2.968e-3
0.754, 3.006e-3
0.755, 3.043e-3
0.756, 3.081e-3
0.757, 3.119e-3
0.758, 3.158e-3
0.759, 3.196e-3
0.760, 3.235e-3
0.761, 3.274e-3
0.762, 3.313e-3
0.763, 3.352e-3
0.764, 3.391e-3
0.765, 3.431e-3
0.766, 3.470e-3
0.767, 3.511e-3
0.768, 3.551e-3
0.769, 3.591e-3
0.770, 3.631e-3
0.771, 3.672e-3
0.772, 3.712e-3
0.773, 3.753e-3
0.774, 3.794e-3
0.775, 3.835e-3
0.776, 3.877e-3
0.777, 3.918e-3
0.778, 3.960e-3
0.779, 4.001e-3
0.780, 4.043e-3
0.781, 4.085e-3
0.782, 4.126e-3
0.783, 4.169e-3
0.784, 4.211e-3
0.785, 4.254e-3
0.786, 4.295e-3
0.787, 4.338e-3
0.788, 4.381e-3
0.789, 4.424e-3
0.790, 4.467e-3
0.791, 4.510e-3
0.792, 4.553e-3
0.793, 4.597e-3
0.794, 4.641e-3
0.795, 4.685e-3
0.796, 4.729e-3
0.797, 4.773e-3
0.798, 4.817e-3
0.799, 4.861e-3
0.800, 4.890e-3
0.799, 4.855e-3
0.798, 4.809e-3
0.797, 4.763e-3
0.796, 4.717e-3
0.795, 4.671e-3
0.794, 4.625e-3
0.793, 4.579e-3
0.792, 4.534e-3
0.791, 4.488e-3
0.790, 4.444e-3
0.789, 4.399e-3
0.788, 4.354e-3
0.787, 4.309e-3
0.786, 4.264e-3
0.785, 4.220e-3
0.784, 4.176e-3
0.783, 4.132e-3
0.782, 4.088e-3
0.781, 4.045e-3
0.780, 4.001e-3
0.779, 3.958e-3
0.778, 3.915e-3
0.777, 3.871e-3
0.776, 3.828e-3
0.775, 3.785e-3
0.774, 3.743e-3
0.773, 3.701e-3
0.772, 3.659e-3
0.771, 3.617e-3
0.770, 3.575e-3
0.769, 3.533e-3
0.768, 3.492e-3
0.767, 3.450e-3
0.766, 3.409e-3
0.765, 3.368e-3
0.764, 3.328e-3
0.763, 3.288e-3
0.762, 3.248e-3
0.761, 3.208e-3
0.760, 3.168e-3
0.759, 3.128e-3
0.758, 3.089e-3
0.757, 3.049e-3
0.756, 3.010e-3
0.755, 2.972e-3
0.754, 2.934e-3
0.753, 2.896e-3
0.752, 2.858e-3
0.751, 2.820e-3
0.750, 2.782e-3
0.749, 2.744e-3
0.748, 2.708e-3
0.747, 2.671e-3
0.746, 2.634e-3
0.745, 2.598e-3
0.744, 2.562e-3
0.743, 2.526e-3
0.742, 2.490e-3
0.741, 2.454e-3
0.740, 2.418e-3
0.739, 2.384e-3
0.738, 2.348e-3
0.737, 2.314e-3
0.736, 2.279e-3
0.735, 2.245e-3
0.734, 2.211e-3
0.733, 2.177e-3
0.732, 2.144e-3
0.731, 2.111e-3
0.730, 2.078e-3
0.729, 2.046e-3
0.728, 2.013e-3
0.727, 1.981e-3
0.726, 1.949e-3
0.725, 1.917e-3
0.724, 1.885e-3
0.723, 1.854e-3
0.722, 1.823e-3
0.721, 1.792e-3
0.720, 1.762e-3
0.719, 1.732e-3
0.718, 1.702e-3
0.717, 1.672e-3
0.716, 1.641e-3
0.715, 1.612e-3
0.714, 1.583e-3
0.713, 1.555e-3
0.712, 1.526e-3
0.711, 1.498e-3
0.710, 1.470e-3
0.709, 1.443e-3
0.708, 1.415e-3
0.707, 1.388e-3
0.706, 1.362e-3
0.705, 1.335e-3
0.704, 1.309e-3
0.703, 1.283e-3
0.702, 1.258e-3
0.701, 1.232e-3
0.700, 1.207e-3
0.699, 1.182e-3
0.698, 1.158e-3
0.697, 1.134e-3
0.696, 1.110e-3
0.695, 1.086e-3
0.694, 1.063e-3
0.693, 1.040e-3
0.692, 1.017e-3
0.691, 9.941e-4
0.690, 9.718e-4
0.689, 9.500e-4
0.688, 9.283e-4
0.687, 9.067e-4
0.686, 8.854e-4
0.685, 8.644e-4
0.684, 8.439e-4
0.683, 8.236e-4
0.682, 8.034e-4
0.681, 7.835e-4
0.680, 7.638e-4
0.679, 7.445e-4
0.678, 7.259e-4
0.677, 7.068e-4
0.676, 6.886e-4
0.675, 6.706e-4
0.674, 6.529e-4
0.673, 6.350e-4
0.672, 6.176e-4
0.671, 6.009e-4
0.670, 5.843e-4
0.669, 5.679e-4
0.668, 5.518e-4
0.667, 5.359e-4
0.666, 5.201e-4
0.665, 5.047e-4
0.664, 4.896e-4
0.663, 4.746e-4
0.662, 4.604e-4
0.661, 4.460e-4
0.660, 4.321e-4
0.659, 4.182e-4
0.658, 4.047e-4
0.657, 3.915e-4
0.656, 3.782e-4
0.655, 3.657e-4
0.654, 3.532e-4
0.653, 3.413e-4
0.652, 3.291e-4
0.651, 3.176e-4
0.650, 3.062e-4
0.649, 2.950e-4
0.648, 2.840e-4
0.647, 2.731e-4
0.646, 2.629e-4
0.645, 2.525e-4
0.644, 2.429e-4
0.643, 2.333e-4
0.642, 2.236e-4
0.641, 2.145e-4
0.640, 2.054e-4
0.639, 1.967e-4
0.638, 1.883e-4
0.637, 1.798e-4
0.636, 1.716e-4
0.635, 1.640e-4
0.634, 1.561e-4
0.633, 1.485e-4
0.632, 1.414e-4
0.631, 1.342e-4
0.630, 1.272e-4
0.629, 1.208e-4
0.628, 1.143e-4
0.627, 1.082e-4
0.626, 1.020e-4
0.625, 9.593e-5
0.624, 9.037e-5
0.623, 8.466e-5
0.622, 7.911e-5
0.621, 7.416e-5
0.620, 6.887e-5
0.619, 6.395e-5
0.618, 5.917e-5
0.617, 5.442e-5
0.616, 5.017e-5
0.615, 4.567e-5
0.614, 4.231e-5
0.613, 3.786e-5
0.612, 3.390e-5
0.611, 3.010e-5
0.610, 2.675e-5
0.609, 2.307e-5
0.608, 1.974e-5
0.607, 1.631e-5
0.606, 1.335e-5
0.605, 1.018e-5
0.604, 7.108e-6
0.603, 4.355e-6
0.602, 1.718e-6
0.601, -9.373e-7
0.600, -3.710e-6
0.599, -6.268e-6
0.598, -8.338e-6
0.597, -1.080e-5
0.596, -1.327e-5
0.595, -1.543e-5
0.594, -1.737e-5
0.593, -1.935e-5
0.592, -2.091e-5
0.591, -2.260e-5
0.590, -2.456e-5
0.589, -2.611e-5
0.588, -2.793e-5
0.587, -2.931e-5
0.586, -3.080e-5
0.585, -3.223e-5
0.584, -3.358e-5
0.583, -3.493e-5
0.582, -3.626e-5
0.581, -3.768e-5
0.580, -3.903e-5
0.579, -4.010e-5
0.578, -4.134e-5
0.577, -4.239e-5
0.576, -4.321e-5
0.575, -4.431e-5
0.574, -4.526e-5
0.573, -4.607e-5
0.572, -4.714e-5
0.571, -4.813e-5
0.570, -4.904e-5
0.569, -4.997e-5
0.568, -5.055e-5
0.567, -5.157e-5
0.566, -5.229e-5
0.565, -5.336e-5
0.564, -5.416e-5
0.563, -5.486e-5
0.562, -5.540e-5
0.561, -5.622e-5
0.560, -5.671e-5
0.559, -5.758e-5
0.558, -5.813e-5
0.557, -5.888e-5
0.556, -5.962e-5
0.555, -6.012e-5
0.554, -6.098e-5
0.553, -6.145e-5
0.552, -6.221e-5
0.551, -6.303e-5
0.550, -6.322e-5
0.549, -6.422e-5
0.548, -6.483e-5
0.547, -6.545e-5
0.546, -6.621e-5
0.545, -6.671e-5
0.544, -6.717e-5
0.543, -6.766e-5
0.542, -6.817e-5
0.541, -6.865e-5
0.540, -6.921e-5
0.539, -6.974e-5
0.538, -7.036e-5
0.537, -7.093e-5
0.536, -7.123e-5
0.535, -7.189e-5
0.534, -7.218e-5
0.533, -7.290e-5
0.532, -7.355e-5
0.531, -7.420e-5
0.530, -7.490e-5
0.529, -7.539e-5
0.528, -7.599e-5
0.527, -7.669e-5
0.526, -7.717e-5
0.525, -7.768e-5
0.524, -7.833e-5
0.523, -7.884e-5
0.522, -7.968e-5
0.521, -8.019e-5
0.520, -8.078e-5
0.519, -8.165e-5
0.518, -8.195e-5
0.517, -8.258e-5
0.516, -8.346e-5
0.515, -8.393e-5
0.514, -8.479e-5
0.513, -8.535e-5
0.512, -8.735e-5
0.511, -8.776e-5
0.510, -8.806e-5
0.509, -8.862e-5
0.508, -8.922e-5
0.507, -9.006e-5
0.506, -9.094e-5
0.505, -9.156e-5
0.504, -9.215e-5
0.503, -9.291e-5
0.502, -9.335e-5
0.501, -9.440e-5
0.500, -9.520e-5
0.499, -9.541e-5
0.498, -9.642e-5
0.497, -9.751e-5
0.496, -9.831e-5
0.495, -9.934e-5
0.494, -1.000e-4
0.493, -1.011e-4
0.492, -1.020e-4
0.491, -1.028e-4
0.490, -1.038e-4
0.489, -1.047e-4
0.488, -1.055e-4
0.487, -1.067e-4
0.486, -1.079e-4
0.485, -1.088e-4
0.484, -1.098e-4
0.483, -1.110e-4
0.482, -1.124e-4
0.481, -1.135e-4
0.480, -1.148e-4
0.479, -1.160e-4
0.478, -1.170e-4
0.477, -1.180e-4
0.476, -1.192e-4
0.475, -1.203e-4
0.474, -1.216e-4
0.473, -1.226e-4
0.472, -1.244e-4
0.471, -1.260e-4
0.470, -1.273e-4
0.469, -1.290e-4
0.468, -1.303e-4
0.467, -1.319e-4
0.466, -1.335e-4
0.465, -1.352e-4
0.464, -1.369e-4
0.463, -1.388e-4
0.462, -1.408e-4
0.461, -1.426e-4
0.460, -1.443e-4
0.459, -1.460e-4
0.458, -1.481e-4
0.457, -1.502e-4
0.456, -1.522e-4
0.455, -1.543e-4
0.454, -1.565e-4
0.453, -1.585e-4
0.452, -1.611e-4
0.451, -1.633e-4
0.450, -1.659e-4
0.449, -1.680e-4
0.448, -1.699e-4
0.447, -1.727e-4
0.446, -1.749e-4
0.445, -1.777e-4
0.444, -1.801e-4
0.443, -1.830e-4
0.442, -1.856e-4
0.441, -1.886e-4
0.440, -1.913e-4
0.439, -1.941e-4
0.438, -1.969e-4
0.437, -1.996e-4
0.436, -2.028e-4
0.435, -2.063e-4
0.434, -2.095e-4
0.433, -2.126e-4
0.432, -2.153e-4
0.431, -2.187e-4
0.430, -2.217e-4
0.429, -2.249e-4
0.428, -2.279e-4
0.427, -2.311e-4
0.426, -2.345e-4
0.425, -2.375e-4
0.424, -2.406e-4
0.423, -2.438e-4
0.422, -2.465e-4
0.421, -2.498e-4
0.420, -2.528e-4
0.419, -2.556e-4
0.418, -2.595e-4
0.417, -2.622e-4
0.416, -2.650e-4
0.415, -2.680e-4
0.414, -2.709e-4
0.413, -2.738e-4
0.412, -2.764e-4
0.411, -2.792e-4
0.410, -2.800e-4
0.409, -2.781e-4
0.408, -2.829e-4
0.407, -2.863e-4
0.406, -2.891e-4
0.405, -2.918e-4
0.404, -2.946e-4
0.403, -2.971e-4
0.402, -2.998e-4
0.401, -3.022e-4
0.400, -3.046e-4
0.399, -3.072e-4
0.398, -3.096e-4
0.397, -3.115e-4
0.396, -3.130e-4
0.395, -3.149e-4
0.394, -3.169e-4
0.393, -3.183e-4
0.392, -3.203e-4
0.391, -3.221e-4
0.390, -3.234e-4
0.389, -3.247e-4
0.388, -3.258e-4
0.387, -3.266e-4
0.386, -3.276e-4
0.385, -3.282e-4
0.384, -3.289e-4
0.383, -3.293e-4
0.382, -3.291e-4
0.381, -3.291e-4
0.380, -3.288e-4
0.379, -3.282e-4
0.378, -3.277e-4
0.377, -3.267e-4
0.376, -3.252e-4
0.375, -3.240e-4
0.374, -3.221e-4
0.373, -3.199e-4
0.372, -3.176e-4
0.371, -3.149e-4
0.370, -3.124e-4
0.369, -3.097e-4
0.368, -3.062e-4
0.367, -3.026e-4
0.366, -2.989e-4
0.365, -2.950e-4
0.364, -2.906e-4
0.363, -2.865e-4
0.362, -2.819e-4
0.361, -2.771e-4
0.360, -2.725e-4
0.359, -2.673e-4
0.358, -2.624e-4
0.357, -2.568e-4
0.356, -2.512e-4
0.355, -2.457e-4
0.354, -2.402e-4
0.353, -2.346e-4
0.352, -2.287e-4
0.351, -2.232e-4
0.350, -2.173e-4
0.349, -2.118e-4
0.348, -2.057e-4
0.347, -1.999e-4
0.346, -1.943e-4
0.345, -1.889e-4
0.344, -1.834e-4
0.343, -1.781e-4
0.342, -1.728e-4
0.341, -1.679e-4
0.340, -1.629e-4
0.339, -1.577e-4
0.338, -1.528e-4
0.337, -1.480e-4
0.336, -1.435e-4
0.335, -1.392e-4
0.334, -1.345e-4
0.333, -1.304e-4
0.332, -1.263e-4
0.331, -1.222e-4
0.330, -1.186e-4
0.329, -1.152e-4
0.328, -1.114e-4
0.327, -1.078e-4
0.326, -1.045e-4
0.325, -1.015e-4
0.324, -9.834e-5
0.323, -9.526e-5
0.322, -9.260e-5
0.321, -8.997e-5
0.320, -8.718e-5
0.319, -8.451e-5
0.318, -8.205e-5
0.317, -7.984e-5
0.316, -7.758e-5
0.315, -7.540e-5
0.314, -7.333e-5
0.313, -7.138e-5
0.312, -6.960e-5
0.311, -6.797e-5
0.310, -6.638e-5
0.309, -6.481e-5
0.308, -6.303e-5
0.307, -6.162e-5
0.306, -5.975e-5
0.305, -5.825e-5
0.304, -5.687e-5
0.303, -5.558e-5
0.302, -5.428e-5
0.301, -5.305e-5
0.300, -5.187e-5
0.299, -5.065e-5
0.298, -4.948e-5
0.297, -4.838e-5
0.296, -4.733e-5
0.295, -4.638e-5
0.294, -4.534e-5
0.293, -4.454e-5
0.292, -4.375e-5
0.291, -4.284e-5
0.290, -4.208e-5
0.289, -4.129e-5
0.288, -4.052e-5
0.287, -3.974e-5
0.286, -3.881e-5
0.285, -3.819e-5
0.284, -3.747e-5
0.283, -3.670e-5
0.282, -3.609e-5
0.281, -3.544e-5
0.280, -3.478e-5
0.279, -3.420e-5
0.278, -3.367e-5
0.277, -3.311e-5
0.276, -3.260e-5
0.275, -3.201e-5
0.274, -3.158e-5
0.273, -3.112e-5
0.272, -3.066e-5
0.271, -3.015e-5
0.270, -2.981e-5
0.269, -2.924e-5
0.268, -2.889e-5
0.267, -2.842e-5
0.266, -2.800e-5
0.265, -2.770e-5
0.264, -2.731e-5
0.263, -2.692e-5
0.262, -2.656e-5
0.261, -2.625e-5
0.260, -2.591e-5
0.259, -2.545e-5
0.258, -2.519e-5
0.257, -2.491e-5
0.256, -2.458e-5
0.255, -2.438e-5
0.254, -2.399e-5
0.253, -2.377e-5
0.252, -2.342e-5
0.251, -2.317e-5
0.250, -2.295e-5
0.249, -2.266e-5
0.248, -2.234e-5
0.247, -2.211e-5
0.246, -2.193e-5
0.245, -2.166e-5
0.244, -2.141e-5
0.243, -2.114e-5
0.242, -2.098e-5
0.241, -2.083e-5
0.240, -2.062e-5
0.239, -2.040e-5
0.238, -2.025e-5
0.237, -2.002e-5
0.236, -1.985e-5
0.235, -1.969e-5
0.234, -1.955e-5
0.233, -1.935e-5
0.232, -1.915e-5
0.231, -1.903e-5
0.230, -1.885e-5
0.229, -1.868e-5
0.228, -1.853e-5
0.227, -1.839e-5
0.226, -1.826e-5
0.225, -1.812e-5
0.224, -1.787e-5
0.223, -1.779e-5
0.222, -1.765e-5
0.221, -1.755e-5
0.220, -1.743e-5
0.219, -1.719e-5
0.218, -1.708e-5
0.217, -1.705e-5
0.216, -1.683e-5
0.215, -1.667e-5
0.214, -1.660e-5
0.213, -1.654e-5
0.212, -1.635e-5
0.211, -1.620e-5
0.210, -1.608e-5
0.209, -1.594e-5
0.208, -1.585e-5
0.207, -1.574e-5
0.206, -1.562e-5
0.205, -1.536e-5
0.204, -1.534e-5
0.203, -1.524e-5
0.202, -1.503e-5
0.201, -1.499e-5
0.200, -1.329e-5
0.201, -9.998e-6
0.202, -8.768e-6
0.203, -7.928e-6
0.204, -7.215e-6
0.205, -6.727e-6
0.206, -6.151e-6
0.207, -5.683e-6
0.208, -5.302e-6
0.209, -4.794e-6
0.210, -4.521e-6
0.211, -4.101e-6
0.212, -3.759e-6
0.213, -3.427e-6
0.214, -3.203e-6
0.215, -2.919e-6
0.216, -2.587e-6
0.217, -2.334e-6
0.218, -2.255e-6
0.219, -1.963e-6
0.220, -1.679e-6
0.221, -1.504e-6
0.222, -1.191e-6
0.223, -1.074e-6
0.224, -8.592e-7
0.225, -7.225e-7
0.226, -5.663e-7
0.227, -3.710e-7
0.228, -2.539e-7
0.229, -8.787e-8
0.230, 3.905e-8
0.231, 3.027e-7
0.232, 4.296e-7
0.233, 5.663e-7
0.234, 6.151e-7
0.235, 8.202e-7
0.236, 1.045e-6
0.237, 1.064e-6
0.238, 1.191e-6
0.239, 1.338e-6
0.240, 1.504e-6
0.241, 1.591e-6
0.242, 1.718e-6
0.243, 1.826e-6
0.244, 2.002e-6
0.245, 2.011e-6
0.246, 2.129e-6
0.247, 2.236e-6
0.248, 2.460e-6
0.249, 2.500e-6
0.250, 2.675e-6
0.251, 2.724e-6
0.252, 2.900e-6
0.253, 3.007e-6
0.254, 3.085e-6
0.255, 3.124e-6
0.256, 3.261e-6
0.257, 3.437e-6
0.258, 3.437e-6
0.259, 3.495e-6
0.260, 3.691e-6
0.261, 3.798e-6
0.262, 3.886e-6
0.263, 3.915e-6
0.264, 4.042e-6
0.265, 4.218e-6
0.266, 4.345e-6
0.267, 4.472e-6
0.268, 4.452e-6
0.269, 4.511e-6
0.270, 4.638e-6
0.271, 4.804e-6
0.272, 4.892e-6
0.273, 4.911e-6
0.274, 5.009e-6
0.275, 5.146e-6
0.276, 5.263e-6
0.277, 5.321e-6
0.278, 5.477e-6
0.279, 5.595e-6
0.280, 5.604e-6
0.281, 5.761e-6
0.282, 5.809e-6
0.283, 5.956e-6
0.284, 5.995e-6
0.285, 6.122e-6
0.286, 6.220e-6
0.287, 6.366e-6
0.288, 6.434e-6
0.289, 6.522e-6
0.290, 6.717e-6
0.291, 6.766e-6
0.292, 6.932e-6
0.293, 6.971e-6
0.294, 7.108e-6
0.295, 7.196e-6
0.296, 7.284e-6
0.297, 7.499e-6
0.298, 7.489e-6
0.299, 7.635e-6
0.300, 7.782e-6
0.301, 7.879e-6
0.302, 8.016e-6
0.303, 8.172e-6
0.304, 8.289e-6
0.305, 8.377e-6
0.306, 8.494e-6
0.307, 8.748e-6
0.308, 8.905e-6
0.309, 8.846e-6
0.310, 9.061e-6
0.311, 9.158e-6
0.312, 9.295e-6
0.313, 9.432e-6
0.314, 9.549e-6
0.315, 9.715e-6
0.316, 9.861e-6
0.317, 9.949e-6
0.318, 1.009e-5
0.319, 1.024e-5
0.320, 1.037e-5
0.321, 1.052e-5
0.322, 1.066e-5
0.323, 1.086e-5
0.324, 1.092e-5
0.325, 1.111e-5
0.326, 1.116e-5
0.327, 1.137e-5
0.328, 1.150e-5
0.329, 1.176e-5
0.330, 1.186e-5
0.331, 1.203e-5
0.332, 1.211e-5
0.333, 1.232e-5
0.334, 1.253e-5
0.335, 1.259e-5
0.336, 1.277e-5
0.337, 1.284e-5
0.338, 1.310e-5
0.339, 1.324e-5
0.340, 1.342e-5
0.341, 1.352e-5
0.342, 1.384e-5
0.343, 1.392e-5
0.344, 1.406e-5
0.345, 1.426e-5
0.346, 1.440e-5
0.347, 1.464e-5
0.348, 1.483e-5
0.349, 1.489e-5
0.350, 1.512e-5
0.351, 1.529e-5
0.352, 1.551e-5
0.353, 1.565e-5
0.354, 1.586e-5
0.355, 1.606e-5
0.356, 1.633e-5
0.357, 1.642e-5
0.358, 1.661e-5
0.359, 1.680e-5
0.360, 1.698e-5
0.361, 1.725e-5
0.362, 1.741e-5
0.363, 1.763e-5
0.364, 1.783e-5
0.365, 1.803e-5
0.366, 1.831e-5
0.367, 1.859e-5
0.368, 1.872e-5
0.369, 1.901e-5
0.370, 1.911e-5
0.371, 1.943e-5
0.372, 1.961e-5
0.373, 1.988e-5
0.374, 2.008e-5
0.375, 2.033e-5
0.376, 2.066e-5
0.377, 2.092e-5
0.378, 2.122e-5
0.379, 2.148e-5
0.380, 2.180e-5
0.381, 2.201e-5
0.382, 2.233e-5
0.383, 2.260e-5
0.384, 2.288e-5
0.385, 2.329e-5
0.386, 2.348e-5
0.387, 2.377e-5
0.388, 2.412e-5
0.389, 2.442e-5
0.390, 2.475e-5
0.391, 2.510e-5
0.392, 2.543e-5
0.393, 2.579e-5
0.394, 2.605e-5
0.395, 2.651e-5
0.396, 2.682e-5
0.397, 2.698e-5
0.398, 2.742e-5
0.399, 2.780e-5
0.400, 2.817e-5
0.401, 2.863e-5
0.402, 2.889e-5
0.403, 2.940e-5
0.404, 2.975e-5
0.405, 3.018e-5
0.406, 3.060e-5
0.407, 3.096e-5
0.408, 3.145e-5
0.409, 3.187e-5
0.410, 3.128e-5
0.411, 3.243e-5
0.412, 3.326e-5
0.413, 3.385e-5
0.414, 3.453e-5
0.415, 3.525e-5
0.416, 3.581e-5
0.417, 3.652e-5
0.418, 3.715e-5
0.419, 3.787e-5
0.420, 3.848e-5
0.421, 3.926e-5
0.422, 3.998e-5
0.423, 4.065e-5
0.424, 4.154e-5
0.425, 4.247e-5
0.426, 4.339e-5
0.427, 4.446e-5
0.428, 4.556e-5
0.429, 4.663e-5
0.430, 4.797e-5
0.431, 4.923e-5
0.432, 5.049e-5
0.433, 5.189e-5
0.434, 5.341e-5
0.435, 5.503e-5
0.436, 5.691e-5
0.437, 5.888e-5
0.438, 6.100e-5
0.439, 6.313e-5
0.440, 6.535e-5
0.441, 6.786e-5
0.442, 7.070e-5
0.443, 7.385e-5
0.444, 7.709e-5
0.445, 8.038e-5
0.446, 8.453e-5
0.447, 8.874e-5
0.448, 9.298e-5
0.449, 9.799e-5
0.450, 1.033e-4
0.451, 1.093e-4
0.452, 1.158e-4
0.453, 1.226e-4
0.454, 1.295e-4
0.455, 1.379e-4
0.456, 1.464e-4
0.457, 1.560e-4
0.458, 1.660e-4
0.459, 1.763e-4
0.460, 1.883e-4
0.461, 2.005e-4
0.462, 2.138e-4
0.463, 2.275e-4
0.464, 2.423e-4
0.465, 2.580e-4
0.466, 2.745e-4
0.467, 2.917e-4
0.468, 3.093e-4
0.469, 3.274e-4
0.470, 3.460e-4
0.471, 3.645e-4
0.472, 3.832e-4
0.473, 4.019e-4
0.474, 4.198e-4
0.475, 4.379e-4
0.476, 4.550e-4
0.477, 4.710e-4
0.478, 4.868e-4
0.479, 5.011e-4
0.480, 5.140e-4
0.481, 5.255e-4
0.482, 5.353e-4
0.483, 5.436e-4
0.484, 5.498e-4
0.485, 5.544e-4
0.486, 5.573e-4
0.487, 5.590e-4
0.488, 5.586e-4
0.489, 5.570e-4
0.490, 5.540e-4
0.491, 5.500e-4
0.492, 5.447e-4
0.493, 5.387e-4
0.494, 5.323e-4
0.495, 5.246e-4
0.496, 5.168e-4
0.497, 5.090e-4
0.498, 5.007e-4
0.499, 4.918e-4
0.500, 4.831e-4
0.501, 4.746e-4
0.502, 4.664e-4
0.503, 4.581e-4
0.504, 4.502e-4
0.505, 4.425e-4
0.506, 4.350e-4
0.507, 4.276e-4
0.508, 4.204e-4
0.509, 4.135e-4
0.510, 4.069e-4
0.511, 4.004e-4
0.512, 3.955e-4
0.513, 3.904e-4
0.514, 3.840e-4
0.515, 3.781e-4
0.516, 3.723e-4
0.517, 3.674e-4
0.518, 3.622e-4
0.519, 3.568e-4
0.520, 3.517e-4
0.521, 3.466e-4
0.522, 3.418e-4
0.523, 3.369e-4
0.524, 3.321e-4
0.525, 3.264e-4
0.526, 3.219e-4
0.527, 3.173e-4
0.528, 3.126e-4
0.529, 3.084e-4
0.530, 3.034e-4
0.531, 2.988e-4
0.532, 2.944e-4
0.533, 2.897e-4
0.534, 2.851e-4
0.535, 2.803e-4
0.536, 2.757e-4
0.537, 2.717e-4
0.538, 2.677e-4
0.539, 2.632e-4
0.540, 2.589e-4
0.541, 2.545e-4
0.542, 2.500e-4
0.543, 2.461e-4
0.544, 2.426e-4
0.545, 2.387e-4
0.546, 2.349e-4
0.547, 2.312e-4
0.548, 2.270e-4
0.549, 2.236e-4
0.550, 2.205e-4
0.551, 2.169e-4
0.552, 2.139e-4
0.553, 2.109e-4
0.554, 2.074e-4
0.555, 2.047e-4
0.556, 2.020e-4
0.557, 1.992e-4
0.558, 1.967e-4
0.559, 1.941e-4
0.560, 1.915e-4
0.561, 1.894e-4
0.562, 1.870e-4
0.563, 1.850e-4
0.564, 1.829e-4
0.565, 1.805e-4
0.566, 1.785e-4
0.567, 1.768e-4
0.568, 1.751e-4
0.569, 1.738e-4
0.570, 1.722e-4
0.571, 1.707e-4
0.572, 1.694e-4
0.573, 1.680e-4
0.574, 1.670e-4
0.575, 1.657e-4
0.576, 1.646e-4
0.577, 1.637e-4
0.578, 1.629e-4
0.579, 1.623e-4
0.580, 1.615e-4
0.581, 1.610e-4
0.582, 1.604e-4
0.583, 1.599e-4
0.584, 1.597e-4
0.585, 1.592e-4
0.586, 1.589e-4
0.587, 1.587e-4
0.588, 1.587e-4
0.589, 1.588e-4
0.590, 1.590e-4
0.591, 1.590e-4
0.592, 1.591e-4
0.593, 1.595e-4
0.594, 1.598e-4
0.595, 1.606e-4
0.596, 1.613e-4
0.597, 1.619e-4
0.598, 1.628e-4
0.599, 1.635e-4
0.600, 1.645e-4
0.601, 1.657e-4
0.602, 1.666e-4
0.603, 1.678e-4
0.604, 1.694e-4
0.605, 1.709e-4
0.606, 1.727e-4
0.607, 1.744e-4
0.608, 1.761e-4
0.609, 1.782e-4
0.610, 1.805e-4
0.611, 1.831e-4
0.612, 1.855e-4
0.613, 1.881e-4
0.614, 1.906e-4
0.615, 1.927e-4
0.616, 1.963e-4
0.617, 1.996e-4
0.618, 2.027e-4
0.619, 2.065e-4
0.620, 2.104e-4
0.621, 2.139e-4
0.622, 2.182e-4
0.623, 2.221e-4
0.624, 2.263e-4
0.625, 2.314e-4
0.626, 2.363e-4
0.627, 2.410e-4
0.628, 2.460e-4
0.629, 2.512e-4
0.630, 2.573e-4
0.631, 2.630e-4
0.632, 2.692e-4
0.633, 2.754e-4
0.634, 2.821e-4
0.635, 2.891e-4
0.636, 2.960e-4
0.637, 3.032e-4
0.638, 3.110e-4
0.639, 3.186e-4
0.640, 3.268e-4
0.641, 3.353e-4
0.642, 3.439e-4
0.643, 3.526e-4
0.644, 3.619e-4
0.645, 3.711e-4
0.646, 3.809e-4
0.647, 3.911e-4
0.648, 4.012e-4
0.649, 4.121e-4
0.650, 4.226e-4
0.651, 4.341e-4
0.652, 4.457e-4
0.653, 4.569e-4
0.654, 4.689e-4
0.655, 4.817e-4
0.656, 4.944e-4
0.657, 5.074e-4
0.658, 5.205e-4
0.659, 5.344e-4
0.660, 5.484e-4
0.661, 5.625e-4
0.662, 5.773e-4
0.663, 5.919e-4
0.664, 6.071e-4
0.665, 6.227e-4
0.666, 6.387e-4
0.667, 6.553e-4
0.668, 6.716e-4
0.669, 6.884e-4
0.670, 7.057e-4
0.671, 7.234e-4
0.672, 7.413e-4
0.673, 7.594e-4
0.674, 7.781e-4
0.675, 7.972e-4
0.676, 8.164e-4
0.677, 8.360e-4
0.678, 8.559e-4
0.679, 8.756e-4
0.680, 8.962e-4
0.681, 9.171e-4
0.682, 9.381e-4
0.683, 9.598e-4
0.684, 9.815e-4
0.685, 1.003e-3
0.686, 1.026e-3
0.687, 1.049e-3
0.688, 1.072e-3
0.689, 1.095e-3
0.690, 1.119e-3
0.691, 1.143e-3
0.692, 1.167e-3
0.693, 1.191e-3
0.694, 1.216e-3
0.695, 1.242e-3
0.696, 1.267e-3
0.697, 1.293e-3
0.698, 1.319e-3
0.699, 1.346e-3
0.700, 1.372e-3
0.701, 1.399e-3
0.702, 1.426e-3
0.703, 1.454e-3
0.704, 1.482e-3
0.705, 1.509e-3
0.706, 1.538e-3
0.707, 1.567e-3
0.708, 1.596e-3
0.709, 1.625e-3
0.710, 1.655e-3
0.711, 1.684e-3
0.712, 1.714e-3
0.713, 1.745e-3
0.714, 1.775e-3
0.715, 1.806e-3
0.716, 1.837e-3
0.717, 1.870e-3
0.718, 1.902e-3
0.719, 1.934e-3
0.720, 1.966e-3
0.721, 1.999e-3
0.722, 2.031e-3
0.723, 2.064e-3
0.724, 2.097e-3
0.725, 2.130e-3
0.726, 2.164e-3
0.727, 2.197e-3
0.728, 2.231e-3
0.729, 2.265e-3
0.730, 2.299e-3
0.731, 2.334e-3
0.732, 2.369e-3
0.733, 2.404e-3
0.734, 2.440e-3
0.735, 2.475e-3
0.736, 2.511e-3
0.737, 2.547e-3
0.738, 2.582e-3
0.739, 2.619e-3
0.740, 2.655e-3
0.741, 2.692e-3
0.742, 2.729e-3
0.743, 2.766e-3
0.744, 2.804e-3
0.745, 2.841e-3
0.746, 2.878e-3
0.747, 2.916e-3
0.748, 2.954e-3
0.749, 2.992e-3
0.750, 3.031e-3
0.751, 3.070e-3
0.752, 3.109e-3
0.753, 3.148e-3
0.754, 3.187e-3
0.755, 3.226e-3
0.756, 3.265e-3
0.757, 3.305e-3
0.758, 3.345e-3
0.759, 3.385e-3
0.760, 3.425e-3
0.761, 3.465e-3
0.762, 3.506e-3
0.763, 3.547e-3
0.764, 3.587e-3
0.765, 3.629e-3
0.766, 3.670e-3
0.767, 3.711e-3
0.768, 3.752e-3
0.769, 3.794e-3
0.770, 3.836e-3
0.771, 3.878e-3
0.772, 3.920e-3
0.773, 3.962e-3
0.774, 4.005e-3
0.775, 4.047e-3
0.776, 4.090e-3
0.777, 4.132e-3
0.778, 4.175e-3
0.779, 4.218e-3
0.780, 4.261e-3
0.781, 4.304e-3
0.782, 4.347e-3
0.783, 4.391e-3
0.784, 4.434e-3
0.785, 4.478e-3
0.786, 4.522e-3
0.787, 4.566e-3
0.788, 4.611e-3
0.789, 4.655e-3
0.790, 4.700e-3
0.791, 4.744e-3
0.792, 4.789e-3
0.793, 4.834e-3
0.794, 4.879e-3
0.795, 4.924e-3
0.796, 4.969e-3
0.797, 5.015e-3
0.798, 5.060e-3
0.799, 5.106e-3
0.800, 5.136e-3
0.799, 5.100e-3
0.798, 5.052e-3
0.797, 5.005e-3
0.796, 4.958e-3
0.795, 4.911e-3
0.794, 4.864e-3
0.793, 4.816e-3
0.792, 4.770e-3
0.791, 4.723e-3
0.790, 4.677e-3
0.789, 4.630e-3
0.788, 4.584e-3
0.787, 4.538e-3
0.786, 4.492e-3
0.785, 4.446e-3
0.784, 4.401e-3
0.783, 4.355e-3
0.782, 4.310e-3
0.781, 4.265e-3
0.780, 4.221e-3
0.779, 4.176e-3
0.778, 4.131e-3
0.777, 4.087e-3
0.776, 4.043e-3
0.775, 3.999e-3
0.774, 3.955e-3
0.773, 3.911e-3
0.772, 3.867e-3
0.771, 3.824e-3
0.770, 3.780e-3
0.769, 3.737e-3
0.768, 3.695e-3
0.767, 3.652e-3
0.766, 3.610e-3
0.765, 3.567e-3
0.764, 3.525e-3
0.763, 3.483e-3
0.762, 3.441e-3
0.761, 3.400e-3
0.760, 3.359e-3
0.759, 3.318e-3
0.758, 3.277e-3
0.757, 3.237e-3
0.756, 3.196e-3
0.755, 3.156e-3
0.754, 3.116e-3
0.753, 3.076e-3
0.752, 3.037e-3
0.751, 2.997e-3
0.750, 2.958e-3
0.749, 2.920e-3
0.748, 2.881e-3
0.747, 2.842e-3
0.746, 2.804e-3
0.745, 2.766e-3
0.744, 2.728e-3
0.743, 2.691e-3
0.742, 2.653e-3
0.741, 2.616e-3
0.740, 2.579e-3
0.739, 2.543e-3
0.738, 2.507e-3
0.737, 2.470e-3
0.736, 2.434e-3
0.735, 2.398e-3
0.734, 2.362e-3
0.733, 2.327e-3
0.732, 2.292e-3
0.731, 2.257e-3
0.730, 2.223e-3
0.729, 2.189e-3
0.728, 2.155e-3
0.727, 2.121e-3
0.726, 2.088e-3
0.725, 2.054e-3
0.724, 2.021e-3
0.723, 1.988e-3
0.722, 1.956e-3
0.721, 1.923e-3
0.720, 1.891e-3
0.719, 1.859e-3
0.718, 1.828e-3
0.717, 1.796e-3
0.716, 1.764e-3
0.715, 1.734e-3
0.714, 1.703e-3
0.713, 1.673e-3
0.712, 1.643e-3
0.711, 1.613e-3
0.710, 1.584e-3
0.709, 1.554e-3
0.708, 1.526e-3
0.707, 1.497e-3
0.706, 1.469e-3
0.705, 1.440e-3
0.704, 1.413e-3
0.703, 1.385e-3
0.702, 1.359e-3
0.701, 1.332e-3
0.700, 1.305e-3
0.699, 1.279e-3
0.698, 1.253e-3
0.697, 1.227e-3
0.696, 1.201e-3
0.695, 1.176e-3
0.694, 1.151e-3
0.693, 1.127e-3
0.692, 1.102e-3
0.691, 1.078e-3
0.690, 1.054e-3
0.689, 1.031e-3
0.688, 1.008e-3
0.687, 9.848e-4
0.686, 9.622e-4
0.685, 9.398e-4
0.684, 9.176e-4
0.683, 8.960e-4
0.682, 8.743e-4
0.681, 8.534e-4
0.680, 8.324e-4
0.679, 8.114e-4
0.678, 7.916e-4
0.677, 7.712e-4
0.676, 7.514e-4
0.675, 7.318e-4
0.674, 7.128e-4
0.673, 6.940e-4
0.672, 6.752e-4
0.671, 6.569e-4
0.670, 6.390e-4
0.669, 6.212e-4
0.668, 6.039e-4
0.667, 5.870e-4
0.666, 5.701e-4
0.665, 5.535e-4
0.664, 5.371e-4
0.663, 5.211e-4
0.662, 5.057e-4
0.661, 4.900e-4
0.660, 4.747e-4
0.659, 4.602e-4
0.658, 4.456e-4
0.657, 4.314e-4
0.656, 4.171e-4
0.655, 4.033e-4
0.654, 3.898e-4
0.653, 3.765e-4
0.652, 3.640e-4
0.651, 3.511e-4
0.650, 3.388e-4
0.649, 3.263e-4
0.648, 3.147e-4
0.647, 3.030e-4
0.646, 2.918e-4
0.645, 2.804e-4
0.644, 2.697e-4
0.643, 2.593e-4
0.642, 2.486e-4
0.641, 2.389e-4
0.640, 2.286e-4
0.639, 2.193e-4
0.638, 2.102e-4
0.637, 2.009e-4
0.636, 1.921e-4
0.635, 1.835e-4
0.634, 1.748e-4
0.633, 1.668e-4
0.632, 1.591e-4
0.631, 1.510e-4
0.630, 1.436e-4
0.629, 1.364e-4
0.628, 1.287e-4
0.627, 1.228e-4
0.626, 1.158e-4
0.625, 1.093e-4
0.624, 1.029e-4
0.623, 9.670e-5
0.622, 9.074e-5
0.621, 8.498e-5
0.620, 7.919e-5
0.619, 7.411e-5
0.618, 6.872e-5
0.617, 6.375e-5
0.616, 5.895e-5
0.615, 5.414e-5
0.614, 5.029e-5
0.613, 4.531e-5
0.612, 4.081e-5
0.611, 3.693e-5
0.610, 3.272e-5
0.609, 2.907e-5
0.608, 2.541e-5
0.607, 2.166e-5
0.606, 1.832e-5
0.605, 1.510e-5
0.604, 1.159e-5
0.603, 8.504e-6
0.602, 5.614e-6
0.601, 2.929e-6
0.600, -3.906e-8
0.599, -2.939e-6
0.598, -5.468e-6
0.597, -8.084e-6
0.596, -1.061e-5
0.595, -1.301e-5
0.594, -1.534e-5
0.593, -1.741e-5
0.592, -1.932e-5
0.591, -2.110e-5
0.590, -2.307e-5
0.589, -2.511e-5
0.588, -2.699e-5
0.587, -2.836e-5
0.586, -3.008e-5
0.585, -3.161e-5
0.584, -3.294e-5
0.583, -3.476e-5
0.582, -3.608e-5
0.581, -3.761e-5
0.580, -3.889e-5
0.579, -4.007e-5
0.578, -4.175e-5
0.577, -4.257e-5
0.576, -4.351e-5
0.575, -4.477e-5
0.574, -4.563e-5
0.573, -4.665e-5
0.572, -4.798e-5
0.571, -4.895e-5
0.570, -4.985e-5
0.569, -5.085e-5
0.568, -5.187e-5
0.567, -5.289e-5
0.566, -5.354e-5
0.565, -5.455e-5
0.564, -5.520e-5
0.563, -5.618e-5
0.562, -5.678e-5
0.561, -5.762e-5
0.560, -5.818e-5
0.559, -5.899e-5
0.558, -5.978e-5
0.557, -6.067e-5
0.556, -6.138e-5
0.555, -6.193e-5
0.554, -6.296e-5
0.553, -6.350e-5
0.552, -6.423e-5
0.551, -6.510e-5
0.550, -6.528e-5
0.549, -6.626e-5
0.548, -6.693e-5
0.547, -6.718e-5
0.546, -6.780e-5
0.545, -6.847e-5
0.544, -6.893e-5
0.543, -6.956e-5
0.542, -7.003e-5
0.541, -7.059e-5
0.540, -7.130e-5
0.539, -7.184e-5
0.538, -7.244e-5
0.537, -7.332e-5
0.536, -7.365e-5
0.535, -7.437e-5
0.534, -7.479e-5
0.533, -7.562e-5
0.532, -7.619e-5
0.531, -7.697e-5
0.530, -7.745e-5
0.529, -7.794e-5
0.528, -7.844e-5
0.527, -7.918e-5
0.526, -7.972e-5
0.525, -8.035e-5
0.524, -8.095e-5
0.523, -8.157e-5
0.522, -8.231e-5
0.521, -8.280e-5
0.520, -8.347e-5
0.519, -8.423e-5
0.518, -8.490e-5
0.517, -8.561e-5
0.516, -8.648e-5
0.515, -8.712e-5
0.514, -8.785e-5
0.513, -8.858e-5
0.512, -9.051e-5
0.511, -9.086e-5
0.510, -9.110e-5
0.509, -9.174e-5
0.508, -9.250e-5
0.507, -9.315e-5
0.506, -9.367e-5
0.505, -9.459e-5
0.504, -9.540e-5
0.503, -9.593e-5
0.502, -9.658e-5
0.501, -9.760e-5
0.500, -9.840e-5
0.499, -9.893e-5
0.498, -9.995e-5
0.497, -1.010e-4
0.496, -1.017e-4
0.495, -1.026e-4
0.494, -1.034e-4
0.493, -1.045e-4
0.492, -1.053e-4
0.491, -1.063e-4
0.490, -1.074e-4
0.489, -1.083e-4
0.488, -1.094e-4
0.487, -1.106e-4
0.486, -1.120e-4
0.485, -1.129e-4
0.484, -1.140e-4
0.483, -1.152e-4
0.482, -1.164e-4
0.481, -1.176e-4
0.480, -1.186e-4
0.479, -1.196e-4
0.478, -1.207e-4
0.477, -1.221e-4
0.476, -1.235e-4
0.475, -1.246e-4
0.474, -1.260e-4
0.473, -1.274e-4
0.472, -1.291e-4
0.471, -1.306e-4
0.470, -1.318e-4
0.469, -1.335e-4
0.468, -1.352e-4
0.467, -1.369e-4
0.466, -1.389e-4
0.465, -1.407e-4
0.464, -1.423e-4
0.463, -1.440e-4
0.462, -1.457e-4
0.461, -1.478e-4
0.460, -1.500e-4
0.459, -1.518e-4
0.458, -1.539e-4
0.457, -1.557e-4
0.456, -1.579e-4
0.455, -1.604e-4
0.454, -1.628e-4
0.453, -1.652e-4
0.452, -1.675e-4
0.451, -1.696e-4
0.450, -1.721e-4
0.449, -1.744e-4
0.448, -1.768e-4
0.447, -1.796e-4
0.446, -1.821e-4
0.445, -1.851e-4
0.444, -1.880e-4
0.443, -1.907e-4
0.442, -1.934e-4
0.441, -1.964e-4
0.440, -1.995e-4
0.439, -2.025e-4
0.438, -2.055e-4
0.437, -2.090e-4
0.436, -2.126e-4
0.435, -2.159e-4
0.434, -2.189e-4
0.433, -2.220e-4
0.432, -2.252e-4
0.431, -2.285e-4
0.430, -2.319e-4
0.429, -2.354e-4
0.428, -2.389e-4
0.427, -2.423e-4
0.426, -2.457e-4
0.425, -2.490e-4
0.424, -2.522e-4
0.423, -2.556e-4
0.422, -2.589e-4
0.421, -2.624e-4
0.420, -2.656e-4
0.419, -2.690e-4
0.418, -2.724e-4
0.417, -2.754e-4
0.416, -2.785e-4
0.415, -2.817e-4
0.414, -2.851e-4
0.413, -2.884e-4
0.412, -2.912e-4
0.411, -2.943e-4
0.410, -2.954e-4
0.409, -2.937e-4
0.408, -2.983e-4
0.407, -3.020e-4
0.406, -3.050e-4
0.405, -3.085e-4
0.404, -3.114e-4
0.403, -3.140e-4
0.402, -3.168e-4
0.401, -3.194e-4
0.400, -3.219e-4
0.399, -3.245e-4
0.398, -3.269e-4
0.397, -3.289e-4
0.396, -3.312e-4
0.395, -3.336e-4
0.394, -3.360e-4
0.393, -3.378e-4
0.392, -3.396e-4
0.391, -3.414e-4
0.390, -3.430e-4
0.389, -3.447e-4
0.388, -3.460e-4
0.387, -3.471e-4
0.386, -3.480e-4
0.385, -3.490e-4
0.384, -3.496e-4
0.383, -3.500e-4
0.382, -3.503e-4
0.381, -3.501e-4
0.380, -3.500e-4
0.379, -3.495e-4
0.378, -3.488e-4
0.377, -3.475e-4
0.376, -3.462e-4
0.375, -3.446e-4
0.374, -3.424e-4
0.373, -3.402e-4
0.372, -3.381e-4
0.371, -3.352e-4
0.370, -3.322e-4
0.369, -3.286e-4
0.368, -3.254e-4
0.367, -3.217e-4
0.366, -3.174e-4
0.365, -3.133e-4
0.364, -3.092e-4
0.363, -3.039e-4
0.362, -2.990e-4
0.361, -2.939e-4
0.360, -2.886e-4
0.359, -2.834e-4
0.358, -2.775e-4
0.357, -2.719e-4
0.356, -2.659e-4
0.355, -2.600e-4
0.354, -2.536e-4
0.353, -2.476e-4
0.352, -2.416e-4
0.351, -2.355e-4
0.350, -2.290e-4
0.349, -2.229e-4
0.348, -2.168e-4
0.347, -2.108e-4
0.346, -2.043e-4
0.345, -1.983e-4
0.344, -1.925e-4
0.343, -1.868e-4
0.342, -1.810e-4
0.341, -1.757e-4
0.340, -1.703e-4
0.339, -1.653e-4
0.338, -1.600e-4
0.337, -1.548e-4
0.336, -1.498e-4
0.335, -1.449e-4
0.334, -1.405e-4
0.333, -1.359e-4
0.332, -1.315e-4
0.331, -1.274e-4
0.330, -1.231e-4
0.329, -1.195e-4
0.328, -1.160e-4
0.327, -1.123e-4
0.326, -1.085e-4
0.325, -1.051e-4
0.324, -1.021e-4
0.323, -9.887e-5
0.322, -9.586e-5
0.321, -9.317e-5
0.320, -9.042e-5
0.319, -8.776e-5
0.318, -8.501e-5
0.317, -8.246e-5
0.316, -8.023e-5
0.315, -7.798e-5
0.314, -7.587e-5
0.313, -7.374e-5
0.312, -7.170e-5
0.311, -6.996e-5
0.310, -6.839e-5
0.309, -6.678e-5
0.308, -6.510e-5
0.307, -6.364e-5
0.306, -6.176e-5
0.305, -6.010e-5
0.304, -5.849e-5
0.303, -5.716e-5
0.302, -5.588e-5
0.301, -5.458e-5
0.300, -5.335e-5
0.299, -5.219e-5
0.298, -5.091e-5
0.297, -4.979e-5
0.296, -4.868e-5
0.295, -4.764e-5
0.294, -4.657e-5
0.293, -4.565e-5
0.292, -4.483e-5
0.291, -4.392e-5
0.290, -4.321e-5
0.289, -4.242e-5
0.288, -4.160e-5
0.287, -4.081e-5
0.286, -4.004e-5
0.285, -3.922e-5
0.284, -3.846e-5
0.283, -3.784e-5
0.282, -3.708e-5
0.281, -3.645e-5
0.280, -3.567e-5
0.279, -3.512e-5
0.278, -3.453e-5
0.277, -3.407e-5
0.276, -3.336e-5
0.275, -3.283e-5
0.274, -3.234e-5
0.273, -3.194e-5
0.272, -3.132e-5
0.271, -3.090e-5
0.270, -3.046e-5
0.269, -3.001e-5
0.268, -2.953e-5
0.267, -2.911e-5
0.266, -2.873e-5
0.265, -2.830e-5
0.264, -2.794e-5
0.263, -2.752e-5
0.262, -2.712e-5
0.261, -2.678e-5
0.260, -2.648e-5
0.259, -2.608e-5
0.258, -2.580e-5
0.257, -2.544e-5
0.256, -2.510e-5
0.255, -2.475e-5
0.254, -2.457e-5
0.253, -2.423e-5
0.252, -2.392e-5
0.251, -2.369e-5
0.250, -2.335e-5
0.249, -2.312e-5
0.248, -2.284e-5
0.247, -2.257e-5
0.246, -2.231e-5
0.245, -2.211e-5
0.244, -2.185e-5
0.243, -2.156e-5
0.242, -2.141e-5
0.241, -2.115e-5
0.240, -2.097e-5
0.239, -2.078e-5
0.238, -2.059e-5
0.237, -2.040e-5
0.236, -2.017e-5
0.235, -2.004e-5
0.234, -1.980e-5
0.233, -1.965e-5
0.232, -1.950e-5
0.231, -1.929e-5
0.230, -1.910e-5
0.229, -1.902e-5
0.228, -1.882e-5
0.227, -1.865e-5
0.226, -1.853e-5
0.225, -1.837e-5
0.224, -1.826e-5
0.223, -1.810e-5
0.222, -1.798e-5
0.221, -1.780e-5
0.220, -1.768e-5
0.219, -1.758e-5
0.218, -1.742e-5
0.217, -1.724e-5
0.216, -1.713e-5
0.215, -1.704e-5
0.214, -1.683e-5
0.213, -1.672e-5
0.212, -1.658e-5
0.211, -1.642e-5
0.210, -1.630e-5
0.209, -1.626e-5
0.208, -1.600e-5
0.207, -1.594e-5
0.206, -1.581e-5
0.205, -1.570e-5
0.204, -1.556e-5
0.203, -1.545e-5
0.202, -1.528e-5
0.201, -1.518e-5
0.200, -1.359e-5
0.201, -1.025e-5
0.202, -9.022e-6
0.203, -8.143e-6
0.204, -7.391e-6
0.205, -6.923e-6
0.206, -6.386e-6
0.207, -5.809e-6
0.208, -5.399e-6
0.209, -5.058e-6
0.210, -4.599e-6
0.211, -4.296e-6
0.212, -3.974e-6
0.213, -3.642e-6
0.214, -3.349e-6
0.215, -3.056e-6
0.216, -2.783e-6
0.217, -2.509e-6
0.218, -2.324e-6
0.219, -2.002e-6
0.220, -1.748e-6
0.221, -1.591e-6
0.222, -1.416e-6
0.223, -1.260e-6
0.224, -1.054e-6
0.225, -8.787e-7
0.226, -6.639e-7
0.227, -5.077e-7
0.228, -3.124e-7
0.229, -1.465e-7
0.230, 9.763e-9
0.231, 1.953e-7
0.232, 2.831e-7
0.233, 5.272e-7
0.234, 6.151e-7
0.235, 7.518e-7
0.236, 9.080e-7
0.237, 1.113e-6
0.238, 1.211e-6
0.239, 1.289e-6
0.240, 1.386e-6
0.241, 1.513e-6
0.242, 1.660e-6
0.243, 1.767e-6
0.244, 1.865e-6
0.245, 2.031e-6
0.246, 2.158e-6
0.247, 2.324e-6
0.248, 2.441e-6
0.249, 2.587e-6
0.250, 2.607e-6
0.251, 2.744e-6
0.252, 2.831e-6
0.253, 2.988e-6
0.254, 3.124e-6
0.255, 3.232e-6
0.256, 3.281e-6
0.257, 3.349e-6
0.258, 3.476e-6
0.259, 3.593e-6
0.260, 3.632e-6
0.261, 3.818e-6
0.262, 3.954e-6
0.263, 4.023e-6
0.264, 4.062e-6
0.265, 4.179e-6
0.266, 4.306e-6
0.267, 4.403e-6
0.268, 4.491e-6
0.269, 4.550e-6
0.270, 4.638e-6
0.271, 4.853e-6
0.272, 4.911e-6
0.273, 4.999e-6
0.274, 5.058e-6
0.275, 5.233e-6
0.276, 5.302e-6
0.277, 5.380e-6
0.278, 5.517e-6
0.279, 5.565e-6
0.280, 5.741e-6
0.281, 5.790e-6
0.282, 5.878e-6
0.283, 5.975e-6
0.284, 6.190e-6
0.285, 6.249e-6
0.286, 6.386e-6
0.287, 6.464e-6
0.288, 6.522e-6
0.289, 6.766e-6
0.290, 6.776e-6
0.291, 6.835e-6
0.292, 7.049e-6
0.293, 7.206e-6
0.294, 7.225e-6
0.295, 7.411e-6
0.296, 7.450e-6
0.297, 7.596e-6
0.298, 7.792e-6
0.299, 7.899e-6
0.300, 7.987e-6
0.301, 8.143e-6
0.302, 8.241e-6
0.303, 8.338e-6
0.304, 8.455e-6
0.305, 8.582e-6
0.306, 8.758e-6
0.307, 8.953e-6
0.308, 9.100e-6
0.309, 9.119e-6
0.310, 9.256e-6
0.311, 9.403e-6
0.312, 9.588e-6
0.313, 9.686e-6
0.314, 9.813e-6
0.315, 9.998e-6
0.316, 1.013e-5
0.317, 1.021e-5
0.318, 1.040e-5
0.319, 1.052e-5
0.320, 1.061e-5
0.321, 1.083e-5
0.322, 1.099e-5
0.323, 1.121e-5
0.324, 1.135e-5
0.325, 1.142e-5
0.326, 1.166e-5
0.327, 1.181e-5
0.328, 1.194e-5
0.329, 1.211e-5
0.330, 1.223e-5
0.331, 1.234e-5
0.332, 1.256e-5
0.333, 1.269e-5
0.334, 1.284e-5
0.335, 1.305e-5
0.336, 1.322e-5
0.337, 1.336e-5
0.338, 1.363e-5
0.339, 1.373e-5
0.340, 1.385e-5
0.341, 1.403e-5
0.342, 1.422e-5
0.343, 1.443e-5
0.344, 1.464e-5
0.345, 1.481e-5
0.346, 1.489e-5
0.347, 1.508e-5
0.348, 1.530e-5
0.349, 1.545e-5
0.350, 1.568e-5
0.351, 1.591e-5
0.352, 1.611e-5
0.353, 1.626e-5
0.354, 1.650e-5
0.355, 1.667e-5
0.356, 1.689e-5
0.357, 1.708e-5
0.358, 1.726e-5
0.359, 1.752e-5
0.360, 1.766e-5
0.361, 1.791e-5
0.362, 1.809e-5
0.363, 1.832e-5
0.364, 1.865e-5
0.365, 1.876e-5
0.366, 1.899e-5
0.367, 1.934e-5
0.368, 1.955e-5
0.369, 1.977e-5
0.370, 2.000e-5
0.371, 2.021e-5
0.372, 2.049e-5
0.373, 2.073e-5
0.374, 2.107e-5
0.375, 2.136e-5
0.376, 2.159e-5
0.377, 2.192e-5
0.378, 2.210e-5
0.379, 2.242e-5
0.380, 2.272e-5
0.381, 2.294e-5
0.382, 2.339e-5
0.383, 2.367e-5
0.384, 2.398e-5
0.385, 2.419e-5
0.386, 2.452e-5
0.387, 2.480e-5
0.388, 2.512e-5
0.389, 2.549e-5
0.390, 2.583e-5
0.391, 2.612e-5
0.392, 2.651e-5
0.393, 2.680e-5
0.394, 2.718e-5
0.395, 2.759e-5
0.396, 2.789e-5
0.397, 2.810e-5
0.398, 2.856e-5
0.399, 2.901e-5
0.400, 2.932e-5
0.401, 2.971e-5
0.402, 3.008e-5
0.403, 3.051e-5
0.404, 3.099e-5
0.405, 3.140e-5
0.406, 3.196e-5
0.407, 3.235e-5
0.408, 3.288e-5
0.409, 3.333e-5
0.410, 3.274e-5
0.411, 3.410e-5
0.412, 3.486e-5
0.413, 3.545e-5
0.414, 3.615e-5
0.415, 3.675e-5
0.416, 3.741e-5
0.417, 3.806e-5
0.418, 3.871e-5
0.419, 3.954e-5
0.420, 4.018e-5
0.421, 4.092e-5
0.422, 4.171e-5
0.423, 4.247e-5
0.424, 4.343e-5
0.425, 4.455e-5
0.426, 4.545e-5
0.427, 4.654e-5
0.428, 4.779e-5
0.429, 4.890e-5
0.430, 5.016e-5
0.431, 5.153e-5
0.432, 5.273e-5
0.433, 5.433e-5
0.434, 5.594e-5
0.435, 5.784e-5
0.436, 5.986e-5
0.437, 6.188e-5
0.438, 6.390e-5
0.439, 6.610e-5
0.440, 6.862e-5
0.441, 7.148e-5
0.442, 7.456e-5
0.443, 7.756e-5
0.444, 8.083e-5
0.445, 8.488e-5
0.446, 8.908e-5
0.447, 9.343e-5
0.448, 9.819e-5
0.449, 1.035e-4
0.450, 1.094e-4
0.451, 1.157e-4
0.452, 1.223e-4
0.453, 1.293e-4
0.454, 1.378e-4
0.455, 1.461e-4
0.456, 1.556e-4
0.457, 1.659e-4
0.458, 1.763e-4
0.459, 1.882e-4
0.460, 2.005e-4
0.461, 2.140e-4
0.462, 2.281e-4
0.463, 2.431e-4
0.464, 2.592e-4
0.465, 2.761e-4
0.466, 2.940e-4
0.467, 3.125e-4
0.468, 3.312e-4
0.469, 3.508e-4
0.470, 3.708e-4
0.471, 3.908e-4
0.472, 4.111e-4
0.473, 4.315e-4
0.474, 4.510e-4
0.475, 4.702e-4
0.476, 4.891e-4
0.477, 5.069e-4
0.478, 5.232e-4
0.479, 5.386e-4
0.480, 5.527e-4
0.481, 5.647e-4
0.482, 5.754e-4
0.483, 5.842e-4
0.484, 5.908e-4
0.485, 5.957e-4
0.486, 5.991e-4
0.487, 6.006e-4
0.488, 6.001e-4
0.489, 5.979e-4
0.490, 5.941e-4
0.491, 5.895e-4
0.492, 5.837e-4
0.493, 5.770e-4
0.494, 5.691e-4
0.495, 5.609e-4
0.496, 5.524e-4
0.497, 5.432e-4
0.498, 5.337e-4
0.499, 5.240e-4
0.500, 5.146e-4
0.501, 5.050e-4
0.502, 4.955e-4
0.503, 4.862e-4
0.504, 4.772e-4
0.505, 4.682e-4
0.506, 4.600e-4
0.507, 4.520e-4
0.508, 4.439e-4
0.509, 4.362e-4
0.510, 4.289e-4
0.511, 4.215e-4
0.512, 4.163e-4
0.513, 4.103e-4
0.514, 4.035e-4
0.515, 3.971e-4
0.516, 3.909e-4
0.517, 3.848e-4
0.518, 3.788e-4
0.519, 3.729e-4
0.520, 3.679e-4
0.521, 3.625e-4
0.522, 3.570e-4
0.523, 3.517e-4
0.524, 3.463e-4
0.525, 3.408e-4
0.526, 3.357e-4
0.527, 3.304e-4
0.528, 3.251e-4
0.529, 3.205e-4
0.530, 3.156e-4
0.531, 3.109e-4
0.532, 3.061e-4
0.533, 3.009e-4
0.534, 2.960e-4
0.535, 2.913e-4
0.536, 2.866e-4
0.537, 2.819e-4
0.538, 2.770e-4
0.539, 2.726e-4
0.540, 2.683e-4
0.541, 2.635e-4
0.542, 2.594e-4
0.543, 2.548e-4
0.544, 2.502e-4
0.545, 2.466e-4
0.546, 2.428e-4
0.547, 2.389e-4
0.548, 2.353e-4
0.549, 2.313e-4
0.550, 2.274e-4
0.551, 2.237e-4
0.552, 2.207e-4
0.553, 2.175e-4
0.554, 2.143e-4
0.555, 2.113e-4
0.556, 2.085e-4
0.557, 2.054e-4
0.558, 2.029e-4
0.559, 2.002e-4
0.560, 1.975e-4
0.561, 1.951e-4
0.562, 1.929e-4
0.563, 1.910e-4
0.564, 1.889e-4
0.565, 1.868e-4
0.566, 1.850e-4
0.567, 1.828e-4
0.568, 1.810e-4
0.569, 1.791e-4
0.570, 1.775e-4
0.571, 1.764e-4
0.572, 1.751e-4
0.573, 1.737e-4
0.574, 1.725e-4
0.575, 1.714e-4
0.576, 1.701e-4
0.577, 1.693e-4
0.578, 1.685e-4
0.579, 1.678e-4
0.580, 1.672e-4
0.581, 1.665e-4
0.582, 1.660e-4
0.583, 1.657e-4
0.584, 1.655e-4
0.585, 1.652e-4
0.586, 1.648e-4
0.587, 1.649e-4
0.588, 1.650e-4
0.589, 1.653e-4
0.590, 1.652e-4
0.591, 1.654e-4
0.592, 1.658e-4
0.593, 1.664e-4
0.594, 1.667e-4
0.595, 1.675e-4
0.596, 1.683e-4
0.597, 1.691e-4
0.598, 1.703e-4
0.599, 1.711e-4
0.600, 1.723e-4
0.601, 1.735e-4
0.602, 1.745e-4
0.603, 1.763e-4
0.604, 1.778e-4
0.605, 1.796e-4
0.606, 1.819e-4
0.607, 1.839e-4
0.608, 1.863e-4
0.609, 1.887e-4
0.610, 1.910e-4
0.611, 1.936e-4
0.612, 1.965e-4
0.613, 1.992e-4
0.614, 2.020e-4
0.615, 2.043e-4
0.616, 2.087e-4
0.617, 2.124e-4
0.618, 2.162e-4
0.619, 2.201e-4
0.620, 2.240e-4
0.621, 2.281e-4
0.622, 2.331e-4
0.623, 2.379e-4
0.624, 2.426e-4
0.625, 2.473e-4
0.626, 2.527e-4
0.627, 2.585e-4
0.628, 2.641e-4
0.629, 2.703e-4
0.630, 2.762e-4
0.631, 2.829e-4
0.632, 2.898e-4
0.633, 2.968e-4
0.634, 3.043e-4
0.635, 3.118e-4
0.636, 3.193e-4
0.637, 3.270e-4
0.638, 3.358e-4
0.639, 3.444e-4
0.640, 3.534e-4
0.641, 3.626e-4
0.642, 3.718e-4
0.643, 3.816e-4
0.644, 3.917e-4
0.645, 4.022e-4
0.646, 4.130e-4
0.647, 4.238e-4
0.648, 4.351e-4
0.649, 4.469e-4
0.650, 4.587e-4
0.651, 4.706e-4
0.652, 4.832e-4
0.653, 4.957e-4
0.654, 5.091e-4
0.655, 5.225e-4
0.656, 5.362e-4
0.657, 5.505e-4
0.658, 5.648e-4
0.659, 5.798e-4
0.660, 5.948e-4
0.661, 6.101e-4
0.662, 6.261e-4
0.663, 6.423e-4
0.664, 6.589e-4
0.665, 6.757e-4
0.666, 6.930e-4
0.667, 7.105e-4
0.668, 7.285e-4
0.669, 7.466e-4
0.670, 7.653e-4
0.671, 7.843e-4
0.672, 8.038e-4
0.673, 8.235e-4
0.674, 8.435e-4
0.675, 8.637e-4
0.676, 8.843e-4
0.677, 9.053e-4
0.678, 9.266e-4
0.679, 9.478e-4
0.680, 9.698e-4
0.681, 9.920e-4
0.682, 1.014e-3
0.683, 1.037e-3
0.684, 1.061e-3
0.685, 1.084e-3
0.686, 1.108e-3
0.687, 1.133e-3
0.688, 1.157e-3
0.689, 1.182e-3
0.690, 1.207e-3
0.691, 1.233e-3
0.692, 1.259e-3
0.693, 1.285e-3
0.694, 1.311e-3
0.695, 1.338e-3
0.696, 1.365e-3
0.697, 1.392e-3
0.698, 1.420e-3
0.699, 1.448e-3
0.700, 1.476e-3
0.701, 1.505e-3
0.702, 1.534e-3
0.703, 1.563e-3
0.704, 1.592e-3
0.705, 1.622e-3
0.706, 1.652e-3
0.707, 1.682e-3
0.708, 1.712e-3
0.709, 1.743e-3
0.710, 1.774e-3
0.711, 1.805e-3
0.712, 1.837e-3
0.713, 1.869e-3
0.714, 1.901e-3
0.715, 1.934e-3
0.716, 1.967e-3
0.717, 2.001e-3
0.718, 2.035e-3
0.719, 2.068e-3
0.720, 2.102e-3
0.721, 2.136e-3
0.722, 2.170e-3
0.723, 2.204e-3
0.724, 2.239e-3
0.725, 2.274e-3
0.726, 2.309e-3
0.727, 2.344e-3
0.728, 2.380e-3
0.729, 2.416e-3
0.730, 2.451e-3
0.731, 2.488e-3
0.732, 2.524e-3
0.733, 2.560e-3
0.734, 2.597e-3
0.735, 2.634e-3
0.736, 2.671e-3
0.737, 2.709e-3
0.738, 2.746e-3
0.739, 2.784e-3
0.740, 2.822e-3
0.741, 2.860e-3
0.742, 2.899e-3
0.743, 2.938e-3
0.744, 2.977e-3
0.745, 3.016e-3
0.746, 3.055e-3
0.747, 3.095e-3
0.748, 3.134e-3
0.749, 3.174e-3
0.750, 3.214e-3
0.751, 3.254e-3
0.752, 3.294e-3
0.753, 3.335e-3
0.754, 3.375e-3
0.755, 3.416e-3
0.756, 3.457e-3
0.757, 3.498e-3
0.758, 3.540e-3
0.759, 3.581e-3
0.760, 3.623e-3
0.761, 3.665e-3
0.762, 3.707e-3
0.763, 3.748e-3
0.764, 3.791e-3
0.765, 3.833e-3
0.766, 3.876e-3
0.767, 3.919e-3
0.768, 3.962e-3
0.769, 4.005e-3
0.770, 4.048e-3
0.771, 4.091e-3
0.772, 4.135e-3
0.773, 4.178e-3
0.774, 4.222e-3
0.775, 4.266e-3
0.776, 4.309e-3
0.777, 4.354e-3
0.778, 4.398e-3
0.779, 4.442e-3
0.780, 4.487e-3
0.781, 4.531e-3
0.782, 4.576e-3
0.783, 4.621e-3
0.784, 4.666e-3
0.785, 4.711e-3
0.786, 4.757e-3
0.787, 4.802e-3
0.788, 4.848e-3
0.789, 4.893e-3
0.790, 4.939e-3
0.791, 4.985e-3
0.792, 5.031e-3
0.793, 5.077e-3
0.794, 5.124e-3
0.795, 5.170e-3
0.796, 5.217e-3
0.797, 5.264e-3
0.798, 5.310e-3
0.799, 5.357e-3
0.800, 5.388e-3
0.799, 5.352e-3
0.798, 5.303e-3
0.797, 5.254e-3
0.796, 5.206e-3
0.795, 5.158e-3
0.794, 5.109e-3
0.793, 5.060e-3
0.792, 5.013e-3
0.791, 4.964e-3
0.790, 4.917e-3
0.789, 4.870e-3
0.788, 4.822e-3
0.787, 4.775e-3
0.786, 4.728e-3
0.785, 4.680e-3
0.784, 4.633e-3
0.783, 4.586e-3
0.782, 4.540e-3
0.781, 4.494e-3
0.780, 4.448e-3
0.779, 4.401e-3
0.778, 4.355e-3
0.777, 4.310e-3
0.776, 4.264e-3
0.775, 4.219e-3
0.774, 4.174e-3
0.773, 4.129e-3
0.772, 4.084e-3
0.771, 4.039e-3
0.770, 3.994e-3
0.769, 3.950e-3
0.768, 3.905e-3
0.767, 3.861e-3
0.766, 3.817e-3
0.765, 3.774e-3
0.764, 3.730e-3
0.763, 3.687e-3
0.762, 3.644e-3
0.761, 3.601e-3
0.760, 3.558e-3
0.759, 3.516e-3
0.758, 3.473e-3
0.757, 3.431e-3
0.756, 3.389e-3
0.755, 3.348e-3
0.754, 3.307e-3
0.753, 3.265e-3
0.752, 3.225e-3
0.751, 3.184e-3
0.750, 3.143e-3
0.749, 3.102e-3
0.748, 3.062e-3
0.747, 3.022e-3
0.746, 2.982e-3
0.745, 2.943e-3
0.744, 2.904e-3
0.743, 2.864e-3
0.742, 2.825e-3
0.741, 2.786e-3
0.740, 2.748e-3
0.739, 2.710e-3
0.738, 2.672e-3
0.737, 2.634e-3
0.736, 2.597e-3
0.735, 2.559e-3
0.734, 2.523e-3
0.733, 2.486e-3
0.732, 2.449e-3
0.731, 2.413e-3
0.730, 2.377e-3
0.729, 2.341e-3
0.728, 2.305e-3
0.727, 2.270e-3
0.726, 2.235e-3
0.725, 2.200e-3
0.724, 2.165e-3
0.723, 2.131e-3
0.722, 2.097e-3
0.721, 2.063e-3
0.720, 2.029e-3
0.719, 1.996e-3
0.718, 1.963e-3
0.717, 1.928e-3
0.716, 1.895e-3
0.715, 1.863e-3
0.714, 1.830e-3
0.713, 1.798e-3
0.712, 1.767e-3
0.711, 1.736e-3
0.710, 1.705e-3
0.709, 1.674e-3
0.708, 1.644e-3
0.707, 1.614e-3
0.706, 1.584e-3
0.705, 1.554e-3
0.704, 1.525e-3
0.703, 1.496e-3
0.702, 1.467e-3
0.701, 1.438e-3
0.700, 1.410e-3
0.699, 1.382e-3
0.698, 1.355e-3
0.697, 1.327e-3
0.696, 1.300e-3
0.695, 1.273e-3
0.694, 1.247e-3
0.693, 1.221e-3
0.692, 1.195e-3
0.691, 1.169e-3
0.690, 1.144e-3
0.689, 1.119e-3
0.688, 1.094e-3
0.687, 1.070e-3
0.686, 1.046e-3
0.685, 1.022e-3
0.684, 9.982e-4
0.683, 9.751e-4
0.682, 9.522e-4
0.681, 9.296e-4
0.680, 9.071e-4
0.679, 8.850e-4
0.678, 8.636e-4
0.677, 8.421e-4
0.676, 8.209e-4
0.675, 8.000e-4
0.674, 7.793e-4
0.673, 7.588e-4
0.672, 7.388e-4
0.671, 7.190e-4
0.670, 6.999e-4
0.669, 6.807e-4
0.668, 6.620e-4
0.667, 6.436e-4
0.666, 6.253e-4
0.665, 6.073e-4
0.664, 5.901e-4
0.663, 5.729e-4
0.662, 5.560e-4
0.661, 5.393e-4
0.660, 5.229e-4
0.659, 5.068e-4
0.658, 4.910e-4
0.657, 4.753e-4
0.656, 4.605e-4
0.655, 4.456e-4
0.654, 4.310e-4
0.653, 4.166e-4
0.652, 4.025e-4
0.651, 3.886e-4
0.650, 3.751e-4
0.649, 3.621e-4
0.648, 3.490e-4
0.647, 3.363e-4
0.646, 3.240e-4
0.645, 3.120e-4
0.644, 3.001e-4
0.643, 2.888e-4
0.642, 2.771e-4
0.641, 2.664e-4
0.640, 2.553e-4
0.639, 2.449e-4
0.638, 2.350e-4
0.637, 2.247e-4
0.636, 2.155e-4
0.635, 2.059e-4
0.634, 1.967e-4
0.633, 1.877e-4
0.632, 1.788e-4
0.631, 1.705e-4
0.630, 1.626e-4
0.629, 1.541e-4
0.628, 1.464e-4
0.627, 1.393e-4
0.626, 1.314e-4
0.625, 1.246e-4
0.624, 1.177e-4
0.623, 1.110e-4
0.622, 1.043e-4
0.621, 9.787e-5
0.620, 9.178e-5
0.619, 8.615e-5
0.618, 7.996e-5
0.617, 7.471e-5
0.616, 6.923e-5
0.615, 6.415e-5
0.614, 6.003e-5
0.613, 5.435e-5
0.612, 4.944e-5
0.611, 4.493e-5
0.610, 4.039e-5
0.609, 3.629e-5
0.608, 3.215e-5
0.607, 2.837e-5
0.606, 2.469e-5
0.605, 2.087e-5
0.604, 1.731e-5
0.603, 1.399e-5
0.602, 1.067e-5
0.601, 7.469e-6
0.600, 4.316e-6
0.599, 1.172e-6
0.598, -1.562e-6
0.597, -4.394e-6
0.596, -7.167e-6
0.595, -9.588e-6
0.594, -1.224e-5
0.593, -1.473e-5
0.592, -1.706e-5
0.591, -1.918e-5
0.590, -2.100e-5
0.589, -2.320e-5
0.588, -2.503e-5
0.587, -2.690e-5
0.586, -2.868e-5
0.585, -3.026e-5
0.584, -3.187e-5
0.583, -3.369e-5
0.582, -3.512e-5
0.581, -3.679e-5
0.580, -3.814e-5
0.579, -3.969e-5
0.578, -4.129e-5
0.577, -4.248e-5
0.576, -4.350e-5
0.575, -4.463e-5
0.574, -4.590e-5
0.573, -4.702e-5
0.572, -4.808e-5
0.571, -4.907e-5
0.570, -5.025e-5
0.569, -5.121e-5
0.568, -5.255e-5
0.567, -5.349e-5
0.566, -5.423e-5
0.565, -5.496e-5
0.564, -5.603e-5
0.563, -5.700e-5
0.562, -5.764e-5
0.561, -5.848e-5
0.560, -5.945e-5
0.559, -6.029e-5
0.558, -6.098e-5
0.557, -6.178e-5
0.556, -6.276e-5
0.555, -6.347e-5
0.554, -6.434e-5
0.553, -6.498e-5
0.552, -6.574e-5
0.551, -6.641e-5
0.550, -6.675e-5
0.549, -6.762e-5
0.548, -6.818e-5
0.547, -6.871e-5
0.546, -6.941e-5
0.545, -6.991e-5
0.544, -7.056e-5
0.543, -7.109e-5
0.542, -7.171e-5
0.541, -7.231e-5
0.540, -7.309e-5
0.539, -7.359e-5
0.538, -7.452e-5
0.537, -7.543e-5
0.536, -7.567e-5
0.535, -7.651e-5
0.534, -7.701e-5
0.533, -7.761e-5
0.532, -7.826e-5
0.531, -7.899e-5
0.530, -7.967e-5
0.529, -8.021e-5
0.528, -8.054e-5
0.527, -8.144e-5
0.526, -8.199e-5
0.525, -8.237e-5
0.524, -8.316e-5
0.523, -8.384e-5
0.522, -8.454e-5
0.521, -8.537e-5
0.520, -8.598e-5
0.519, -8.692e-5
0.518, -8.751e-5
0.517, -8.839e-5
0.516, -8.915e-5
0.515, -8.961e-5
0.514, -9.033e-5
0.513, -9.133e-5
0.512, -9.304e-5
0.511, -9.376e-5
0.510, -9.372e-5
0.509, -9.442e-5
0.508, -9.509e-5
0.507, -9.567e-5
0.506, -9.651e-5
0.505, -9.709e-5
0.504, -9.804e-5
0.503, -9.908e-5
0.502, -9.960e-5
0.501, -1.006e-4
0.500, -1.015e-4
0.499, -1.019e-4
0.498, -1.031e-4
0.497, -1.039e-4
0.496, -1.046e-4
0.495, -1.058e-4
0.494, -1.066e-4
0.493, -1.077e-4
0.492, -1.086e-4
0.491, -1.097e-4
0.490, -1.108e-4
0.489, -1.117e-4
0.488, -1.129e-4
0.487, -1.146e-4
0.486, -1.157e-4
0.485, -1.167e-4
0.484, -1.176e-4
0.483, -1.186e-4
0.482, -1.196e-4
0.481, -1.209e-4
0.480, -1.219e-4
0.479, -1.236e-4
0.478, -1.246e-4
0.477, -1.262e-4
0.476, -1.276e-4
0.475, -1.291e-4
0.474, -1.302e-4
0.473, -1.313e-4
0.472, -1.331e-4
0.471, -1.349e-4
0.470, -1.364e-4
0.469, -1.383e-4
0.468, -1.400e-4
0.467, -1.419e-4
0.466, -1.435e-4
0.465, -1.451e-4
0.464, -1.470e-4
0.463, -1.489e-4
0.462, -1.508e-4
0.461, -1.530e-4
0.460, -1.552e-4
0.459, -1.571e-4
0.458, -1.593e-4
0.457, -1.616e-4
0.456, -1.642e-4
0.455, -1.664e-4
0.454, -1.687e-4
0.453, -1.711e-4
0.452, -1.734e-4
0.451, -1.756e-4
0.450, -1.784e-4
0.449, -1.810e-4
0.448, -1.834e-4
0.447, -1.865e-4
0.446, -1.891e-4
0.445, -1.920e-4
0.444, -1.951e-4
0.443, -1.981e-4
0.442, -2.012e-4
0.441, -2.046e-4
0.440, -2.078e-4
0.439, -2.114e-4
0.438, -2.144e-4
0.437, -2.178e-4
0.436, -2.214e-4
0.435, -2.250e-4
0.434, -2.284e-4
0.433, -2.319e-4
0.432, -2.356e-4
0.431, -2.393e-4
0.430, -2.427e-4
0.429, -2.462e-4
0.428, -2.498e-4
0.427, -2.532e-4
0.426, -2.573e-4
0.425, -2.612e-4
0.424, -2.646e-4
0.423, -2.683e-4
0.422, -2.714e-4
0.421, -2.752e-4
0.420, -2.786e-4
0.419, -2.820e-4
0.418, -2.862e-4
0.417, -2.895e-4
0.416, -2.930e-4
0.415, -2.967e-4
0.414, -2.997e-4
0.413, -3.030e-4
0.412, -3.068e-4
0.411, -3.101e-4
0.410, -3.109e-4
0.409, -3.093e-4
0.408, -3.141e-4
0.407, -3.179e-4
0.406, -3.212e-4
0.405, -3.250e-4
0.404, -3.279e-4
0.403, -3.311e-4
0.402, -3.346e-4
0.401, -3.376e-4
0.400, -3.403e-4
0.399, -3.433e-4
0.398, -3.460e-4
0.397, -3.482e-4
0.396, -3.506e-4
0.395, -3.530e-4
0.394, -3.556e-4
0.393, -3.579e-4
0.392, -3.599e-4
0.391, -3.619e-4
0.390, -3.636e-4
0.389, -3.651e-4
0.388, -3.665e-4
0.387, -3.678e-4
0.386, -3.690e-4
0.385, -3.699e-4
0.384, -3.709e-4
0.383, -3.717e-4
0.382, -3.716e-4
0.381, -3.718e-4
0.380, -3.714e-4
0.379, -3.707e-4
0.378, -3.702e-4
0.377, -3.692e-4
0.376, -3.676e-4
0.375, -3.660e-4
0.374, -3.639e-4
0.373, -3.619e-4
0.372, -3.594e-4
0.371, -3.558e-4
0.370, -3.526e-4
0.369, -3.491e-4
0.368, -3.453e-4
0.367, -3.412e-4
0.366, -3.367e-4
0.365, -3.323e-4
0.364, -3.273e-4
0.363, -3.223e-4
0.362, -3.168e-4
0.361, -3.116e-4
0.360, -3.056e-4
0.359, -2.996e-4
0.358, -2.936e-4
0.357, -2.873e-4
0.356, -2.806e-4
0.355, -2.742e-4
0.354, -2.676e-4
0.353, -2.613e-4
0.352, -2.542e-4
0.351, -2.477e-4
0.350, -2.409e-4
0.349, -2.342e-4
0.348, -2.275e-4
0.347, -2.209e-4
0.346, -2.146e-4
0.345, -2.079e-4
0.344, -2.014e-4
0.343, -1.953e-4
0.342, -1.894e-4
0.341, -1.835e-4
0.340, -1.777e-4
0.339, -1.721e-4
0.338, -1.668e-4
0.337, -1.615e-4
0.336, -1.561e-4
0.335, -1.510e-4
0.334, -1.460e-4
0.333, -1.416e-4
0.332, -1.369e-4
0.331, -1.322e-4
0.330, -1.280e-4
0.329, -1.237e-4
0.328, -1.199e-4
0.327, -1.165e-4
0.326, -1.126e-4
0.325, -1.088e-4
0.324, -1.054e-4
0.323, -1.022e-4
0.322, -9.911e-5
0.321, -9.614e-5
0.320, -9.321e-5
0.319, -9.054e-5
0.318, -8.785e-5
0.317, -8.513e-5
0.316, -8.268e-5
0.315, -8.036e-5
0.314, -7.820e-5
0.313, -7.604e-5
0.312, -7.382e-5
0.311, -7.183e-5
0.310, -7.002e-5
0.309, -6.842e-5
0.308, -6.697e-5
0.307, -6.560e-5
0.306, -6.372e-5
0.305, -6.196e-5
0.304, -6.014e-5
0.303, -5.879e-5
0.302, -5.730e-5
0.301, -5.598e-5
0.300, -5.477e-5
0.299, -5.348e-5
0.298, -5.233e-5
0.297, -5.117e-5
0.296, -4.999e-5
0.295, -4.884e-5
0.294, -4.776e-5
0.293, -4.672e-5
0.292, -4.586e-5
0.291, -4.491e-5
0.290, -4.412e-5
0.289, -4.330e-5
0.288, -4.248e-5
0.287, -4.178e-5
0.286, -4.098e-5
0.285, -4.024e-5
0.284, -3.946e-5
0.283, -3.872e-5
0.282, -3.803e-5
0.281, -3.726e-5
0.280, -3.652e-5
0.279, -3.592e-5
0.278, -3.520e-5
0.277, -3.470e-5
0.276, -3.417e-5
0.275, -3.351e-5
0.274, -3.295e-5
0.273, -3.252e-5
0.272, -3.203e-5
0.271, -3.157e-5
0.270, -3.106e-5
0.269, -3.049e-5
0.268, -3.010e-5
0.267, -2.972e-5
0.266, -2.925e-5
0.265, -2.878e-5
0.264, -2.845e-5
0.263, -2.799e-5
0.262, -2.763e-5
0.261, -2.727e-5
0.260, -2.700e-5
0.259, -2.659e-5
0.258, -2.622e-5
0.257, -2.590e-5
0.256, -2.554e-5
0.255, -2.527e-5
0.254, -2.496e-5
0.253, -2.459e-5
0.252, -2.437e-5
0.251, -2.408e-5
0.250, -2.376e-5
0.249, -2.352e-5
0.248, -2.321e-5
0.247, -2.295e-5
0.246, -2.270e-5
0.245, -2.242e-5
0.244, -2.222e-5
0.243, -2.190e-5
0.242, -2.173e-5
0.241, -2.150e-5
0.240, -2.127e-5
0.239, -2.106e-5
0.238, -2.089e-5
0.237, -2.064e-5
0.236, -2.046e-5
0.235, -2.023e-5
0.234, -2.009e-5
0.233, -1.992e-5
0.232, -1.974e-5
0.231, -1.957e-5
0.230, -1.947e-5
0.229, -1.921e-5
0.228, -1.906e-5
0.227, -1.890e-5
0.226, -1.876e-5
0.225, -1.857e-5
0.224, -1.846e-5
0.223, -1.831e-5
0.222, -1.820e-5
0.221, -1.800e-5
0.220, -1.784e-5
0.219, -1.771e-5
0.218, -1.757e-5
0.217, -1.747e-5
0.216, -1.728e-5
0.215, -1.721e-5
0.214, -1.709e-5
0.213, -1.694e-5
0.212, -1.688e-5
0.211, -1.662e-5
0.210, -1.650e-5
0.209, -1.644e-5
0.208, -1.625e-5
0.207, -1.617e-5
0.206, -1.600e-5
0.205, -1.591e-5
0.204, -1.574e-5
0.203, -1.563e-5
0.202, -1.557e-5
0.201, -1.541e-5
0.200, -1.375e-5
0.201, -1.048e-5
0.202, -9.168e-6
0.203, -8.329e-6
0.204, -7.577e-6
0.205, -7.040e-6
0.206, -6.493e-6
0.207, -5.975e-6
0.208, -5.565e-6
0.209, -5.116e-6
0.210, -4.774e-6
0.211, -4.443e-6
0.212, -4.071e-6
0.213, -3.808e-6
0.214, -3.437e-6
0.215, -3.183e-6
0.216, -2.910e-6
0.217, -2.734e-6
0.218, -2.421e-6
0.219, -2.109e-6
0.220, -2.021e-6
0.221, -1.748e-6
0.222, -1.513e-6
0.223, -1.279e-6
0.224, -1.113e-6
0.225, -9.569e-7
0.226, -7.518e-7
0.227, -5.761e-7
0.228, -3.710e-7
0.229, -1.953e-7
0.230, -5.858e-8
0.231, 9.764e-8
0.232, 2.539e-7
0.233, 4.198e-7
0.234, 5.077e-7
0.235, 6.542e-7
0.236, 8.006e-7
0.237, 9.373e-7
0.238, 1.103e-6
0.239, 1.260e-6
0.240, 1.367e-6
0.241, 1.465e-6
0.242, 1.572e-6
0.243, 1.718e-6
0.244, 1.894e-6
0.245, 2.002e-6
0.246, 2.138e-6
0.247, 2.187e-6
0.248, 2.304e-6
0.249, 2.500e-6
0.250, 2.578e-6
0.251, 2.724e-6
0.252, 2.773e-6
0.253, 2.939e-6
0.254, 3.027e-6
0.255, 3.124e-6
0.256, 3.242e-6
0.257, 3.388e-6
0.258, 3.466e-6
0.259, 3.515e-6
0.260, 3.691e-6
0.261, 3.808e-6
0.262, 3.896e-6
0.263, 4.023e-6
0.264, 4.179e-6
0.265, 4.247e-6
0.266, 4.325e-6
0.267, 4.433e-6
0.268, 4.599e-6
0.269, 4.618e-6
0.270, 4.726e-6
0.271, 4.862e-6
0.272, 4.989e-6
0.273, 5.087e-6
0.274, 5.165e-6
0.275, 5.272e-6
0.276, 5.380e-6
0.277, 5.458e-6
0.278, 5.604e-6
0.279, 5.702e-6
0.280, 5.800e-6
0.281, 5.888e-6
0.282, 6.014e-6
0.283, 6.073e-6
0.284, 6.200e-6
0.285, 6.278e-6
0.286, 6.434e-6
0.287, 6.551e-6
0.288, 6.639e-6
0.289, 6.844e-6
0.290, 6.864e-6
0.291, 7.040e-6
0.292, 7.206e-6
0.293, 7.215e-6
0.294, 7.381e-6
0.295, 7.430e-6
0.296, 7.547e-6
0.297, 7.723e-6
0.298, 7.811e-6
0.299, 7.928e-6
0.300, 8.123e-6
0.301, 8.260e-6
0.302, 8.368e-6
0.303, 8.602e-6
0.304, 8.592e-6
0.305, 8.787e-6
0.306, 8.934e-6
0.307, 9.100e-6
0.308, 9.256e-6
0.309, 9.383e-6
0.310, 9.559e-6
0.311, 9.656e-6
0.312, 9.852e-6
0.313, 9.979e-6
0.314, 1.008e-5
0.315, 1.018e-5
0.316, 1.042e-5
0.317, 1.049e-5
0.318, 1.067e-5
0.319, 1.090e-5
0.320, 1.110e-5
0.321, 1.115e-5
0.322, 1.136e-5
0.323, 1.145e-5
0.324, 1.171e-5
0.325, 1.186e-5
0.326, 1.206e-5
0.327, 1.207e-5
0.328, 1.226e-5
0.329, 1.251e-5
0.330, 1.261e-5
0.331, 1.279e-5
0.332, 1.296e-5
0.333, 1.314e-5
0.334, 1.331e-5
0.335, 1.344e-5
0.336, 1.363e-5
0.337, 1.376e-5
0.338, 1.402e-5
0.339, 1.420e-5
0.340, 1.436e-5
0.341, 1.450e-5
0.342, 1.467e-5
0.343, 1.489e-5
0.344, 1.512e-5
0.345, 1.529e-5
0.346, 1.541e-5
0.347, 1.569e-5
0.348, 1.580e-5
0.349, 1.597e-5
0.350, 1.625e-5
0.351, 1.650e-5
0.352, 1.663e-5
0.353, 1.678e-5
0.354, 1.706e-5
0.355, 1.724e-5
0.356, 1.743e-5
0.357, 1.763e-5
0.358, 1.798e-5
0.359, 1.813e-5
0.360, 1.834e-5
0.361, 1.860e-5
0.362, 1.882e-5
0.363, 1.909e-5
0.364, 1.926e-5
0.365, 1.948e-5
0.366, 1.975e-5
0.367, 1.995e-5
0.368, 2.022e-5
0.369, 2.047e-5
0.370, 2.076e-5
0.371, 2.104e-5
0.372, 2.131e-5
0.373, 2.157e-5
0.374, 2.183e-5
0.375, 2.217e-5
0.376, 2.246e-5
0.377, 2.274e-5
0.378, 2.303e-5
0.379, 2.329e-5
0.380, 2.365e-5
0.381, 2.397e-5
0.382, 2.430e-5
0.383, 2.457e-5
0.384, 2.492e-5
0.385, 2.524e-5
0.386, 2.549e-5
0.387, 2.577e-5
0.388, 2.618e-5
0.389, 2.645e-5
0.390, 2.688e-5
0.391, 2.713e-5
0.392, 2.752e-5
0.393, 2.789e-5
0.394, 2.823e-5
0.395, 2.854e-5
0.396, 2.892e-5
0.397, 2.928e-5
0.398, 2.962e-5
0.399, 3.002e-5
0.400, 3.046e-5
0.401, 3.086e-5
0.402, 3.137e-5
0.403, 3.181e-5
0.404, 3.223e-5
0.405, 3.274e-5
0.406, 3.332e-5
0.407, 3.382e-5
0.408, 3.447e-5
0.409, 3.490e-5
0.410, 3.421e-5
0.411, 3.546e-5
0.412, 3.639e-5
0.413, 3.687e-5
0.414, 3.760e-5
0.415, 3.827e-5
0.416, 3.902e-5
0.417, 3.952e-5
0.418, 4.029e-5
0.419, 4.101e-5
0.420, 4.186e-5
0.421, 4.263e-5
0.422, 4.346e-5
0.423, 4.432e-5
0.424, 4.536e-5
0.425, 4.643e-5
0.426, 4.738e-5
0.427, 4.857e-5
0.428, 4.985e-5
0.429, 5.100e-5
0.430, 5.229e-5
0.431, 5.365e-5
0.432, 5.505e-5
0.433, 5.683e-5
0.434, 5.856e-5
0.435, 6.065e-5
0.436, 6.255e-5
0.437, 6.454e-5
0.438, 6.678e-5
0.439, 6.916e-5
0.440, 7.202e-5
0.441, 7.492e-5
0.442, 7.778e-5
0.443, 8.115e-5
0.444, 8.522e-5
0.445, 8.925e-5
0.446, 9.353e-5
0.447, 9.836e-5
0.448, 1.032e-4
0.449, 1.093e-4
0.450, 1.154e-4
0.451, 1.220e-4
0.452, 1.289e-4
0.453, 1.372e-4
0.454, 1.456e-4
0.455, 1.548e-4
0.456, 1.649e-4
0.457, 1.755e-4
0.458, 1.873e-4
0.459, 1.995e-4
0.460, 2.131e-4
0.461, 2.274e-4
0.462, 2.427e-4
0.463, 2.590e-4
0.464, 2.760e-4
0.465, 2.944e-4
0.466, 3.136e-4
0.467, 3.333e-4
0.468, 3.539e-4
0.469, 3.745e-4
0.470, 3.961e-4
0.471, 4.176e-4
0.472, 4.397e-4
0.473, 4.612e-4
0.474, 4.820e-4
0.475, 5.029e-4
0.476, 5.230e-4
0.477, 5.422e-4
0.478, 5.601e-4
0.479, 5.769e-4
0.480, 5.916e-4
0.481, 6.049e-4
0.482, 6.158e-4
0.483, 6.258e-4
0.484, 6.331e-4
0.485, 6.382e-4
0.486, 6.414e-4
0.487, 6.430e-4
0.488, 6.424e-4
0.489, 6.402e-4
0.490, 6.362e-4
0.491, 6.310e-4
0.492, 6.243e-4
0.493, 6.163e-4
0.494, 6.083e-4
0.495, 5.993e-4
0.496, 5.892e-4
0.497, 5.792e-4
0.498, 5.686e-4
0.499, 5.580e-4
0.500, 5.470e-4
0.501, 5.362e-4
0.502, 5.258e-4
0.503, 5.153e-4
0.504, 5.054e-4
0.505, 4.958e-4
0.506, 4.861e-4
0.507, 4.769e-4
0.508, 4.679e-4
0.509, 4.596e-4
0.510, 4.514e-4
0.511, 4.437e-4
0.512, 4.375e-4
0.513, 4.308e-4
0.514, 4.230e-4
0.515, 4.162e-4
0.516, 4.093e-4
0.517, 4.027e-4
0.518, 3.964e-4
0.519, 3.903e-4
0.520, 3.840e-4
0.521, 3.781e-4
0.522, 3.720e-4
0.523, 3.667e-4
0.524, 3.609e-4
0.525, 3.549e-4
0.526, 3.492e-4
0.527, 3.440e-4
0.528, 3.384e-4
0.529, 3.331e-4
0.530, 3.277e-4
0.531, 3.223e-4
0.532, 3.172e-4
0.533, 3.117e-4
0.534, 3.069e-4
0.535, 3.016e-4
0.536, 2.964e-4
0.537, 2.917e-4
0.538, 2.869e-4
0.539, 2.820e-4
0.540, 2.768e-4
0.541, 2.722e-4
0.542, 2.680e-4
0.543, 2.634e-4
0.544, 2.590e-4
0.545, 2.547e-4
0.546, 2.500e-4
0.547, 2.461e-4
0.548, 2.425e-4
0.549, 2.387e-4
0.550, 2.350e-4
0.551, 2.308e-4
0.552, 2.269e-4
0.553, 2.241e-4
0.554, 2.209e-4
0.555, 2.179e-4
0.556, 2.149e-4
0.557, 2.117e-4
0.558, 2.092e-4
0.559, 2.064e-4
0.560, 2.038e-4
0.561, 2.013e-4
0.562, 1.990e-4
0.563, 1.969e-4
0.564, 1.948e-4
0.565, 1.926e-4
0.566, 1.905e-4
0.567, 1.885e-4
0.568, 1.869e-4
0.569, 1.855e-4
0.570, 1.836e-4
0.571, 1.820e-4
0.572, 1.805e-4
0.573, 1.791e-4
0.574, 1.781e-4
0.575, 1.768e-4
0.576, 1.756e-4
0.577, 1.750e-4
0.578, 1.742e-4
0.579, 1.736e-4
0.580, 1.729e-4
0.581, 1.723e-4
0.582, 1.720e-4
0.583, 1.717e-4
0.584, 1.714e-4
0.585, 1.712e-4
0.586, 1.710e-4
0.587, 1.712e-4
0.588, 1.712e-4
0.589, 1.716e-4
0.590, 1.719e-4
0.591, 1.720e-4
0.592, 1.725e-4
0.593, 1.732e-4
0.594, 1.740e-4
0.595, 1.748e-4
0.596, 1.754e-4
0.597, 1.764e-4
0.598, 1.775e-4
0.599, 1.787e-4
0.600, 1.803e-4
0.601, 1.821e-4
0.602, 1.832e-4
0.603, 1.855e-4
0.604, 1.874e-4
0.605, 1.891e-4
0.606, 1.915e-4
0.607, 1.936e-4
0.608, 1.963e-4
0.609, 1.991e-4
0.610, 2.015e-4
0.611, 2.044e-4
0.612, 2.077e-4
0.613, 2.109e-4
0.614, 2.142e-4
0.615, 2.170e-4
0.616, 2.213e-4
0.617, 2.250e-4
0.618, 2.293e-4
0.619, 2.343e-4
0.620, 2.387e-4
0.621, 2.435e-4
0.622, 2.479e-4
0.623, 2.532e-4
0.624, 2.590e-4
0.625, 2.647e-4
0.626, 2.705e-4
0.627, 2.762e-4
0.628, 2.829e-4
0.629, 2.897e-4
0.630, 2.968e-4
0.631, 3.039e-4
0.632, 3.112e-4
0.633, 3.189e-4
0.634, 3.265e-4
0.635, 3.352e-4
0.636, 3.438e-4
0.637, 3.523e-4
0.638, 3.617e-4
0.639, 3.709e-4
0.640, 3.807e-4
0.641, 3.910e-4
0.642, 4.012e-4
0.643, 4.117e-4
0.644, 4.229e-4
0.645, 4.342e-4
0.646, 4.459e-4
0.647, 4.576e-4
0.648, 4.695e-4
0.649, 4.824e-4
0.650, 4.953e-4
0.651, 5.086e-4
0.652, 5.220e-4
0.653, 5.356e-4
0.654, 5.500e-4
0.655, 5.645e-4
0.656, 5.795e-4
0.657, 5.948e-4
0.658, 6.101e-4
0.659, 6.262e-4
0.660, 6.426e-4
0.661, 6.592e-4
0.662, 6.763e-4
0.663, 6.936e-4
0.664, 7.114e-4
0.665, 7.297e-4
0.666, 7.482e-4
0.667, 7.670e-4
0.668, 7.864e-4
0.669, 8.058e-4
0.670, 8.259e-4
0.671, 8.464e-4
0.672, 8.669e-4
0.673, 8.879e-4
0.674, 9.092e-4
0.675, 9.310e-4
0.676, 9.528e-4
0.677, 9.751e-4
0.678, 9.976e-4
0.679, 1.020e-3
0.680, 1.044e-3
0.681, 1.068e-3
0.682, 1.091e-3
0.683, 1.116e-3
0.684, 1.141e-3
0.685, 1.165e-3
0.686, 1.191e-3
0.687, 1.216e-3
0.688, 1.242e-3
0.689, 1.269e-3
0.690, 1.295e-3
0.691, 1.323e-3
0.692, 1.350e-3
0.693, 1.378e-3
0.694, 1.406e-3
0.695, 1.434e-3
0.696, 1.462e-3
0.697, 1.491e-3
0.698, 1.520e-3
0.699, 1.550e-3
0.700, 1.580e-3
0.701, 1.610e-3
0.702, 1.640e-3
0.703, 1.671e-3
0.704, 1.702e-3
0.705, 1.733e-3
0.706, 1.764e-3
0.707, 1.796e-3
0.708, 1.828e-3
0.709, 1.860e-3
0.710, 1.893e-3
0.711, 1.926e-3
0.712, 1.959e-3
0.713, 1.993e-3
0.714, 2.026e-3
0.715, 2.061e-3
0.716, 2.095e-3
0.717, 2.131e-3
0.718, 2.166e-3
0.719, 2.200e-3
0.720, 2.236e-3
0.721, 2.271e-3
0.722, 2.307e-3
0.723, 2.343e-3
0.724, 2.379e-3
0.725, 2.415e-3
0.726, 2.452e-3
0.727, 2.489e-3
0.728, 2.526e-3
0.729, 2.563e-3
0.730, 2.600e-3
0.731, 2.637e-3
0.732, 2.675e-3
0.733, 2.713e-3
0.734, 2.751e-3
0.735, 2.790e-3
0.736, 2.829e-3
0.737, 2.868e-3
0.738, 2.907e-3
0.739, 2.946e-3
0.740, 2.986e-3
0.741, 3.025e-3
0.742, 3.065e-3
0.743, 3.106e-3
0.744, 3.146e-3
0.745, 3.187e-3
0.746, 3.227e-3
0.747, 3.268e-3
0.748, 3.309e-3
0.749, 3.350e-3
0.750, 3.392e-3
0.751, 3.433e-3
0.752, 3.475e-3
0.753, 3.517e-3
0.754, 3.559e-3
0.755, 3.601e-3
0.756, 3.643e-3
0.757, 3.686e-3
0.758, 3.729e-3
0.759, 3.771e-3
0.760, 3.814e-3
0.761, 3.857e-3
0.762, 3.901e-3
0.763, 3.945e-3
0.764, 3.989e-3
0.765, 4.032e-3
0.766, 4.076e-3
0.767, 4.120e-3
0.768, 4.164e-3
0.769, 4.209e-3
0.770, 4.254e-3
0.771, 4.298e-3
0.772, 4.343e-3
0.773, 4.388e-3
0.774, 4.433e-3
0.775, 4.478e-3
0.776, 4.523e-3
0.777, 4.569e-3
0.778, 4.614e-3
0.779, 4.660e-3
0.780, 4.706e-3
0.781, 4.751e-3
0.782, 4.797e-3
0.783, 4.844e-3
0.784, 4.890e-3
0.785, 4.936e-3
0.786, 4.983e-3
0.787, 5.030e-3
0.788, 5.077e-3
0.789, 5.124e-3
0.790, 5.171e-3
0.791, 5.218e-3
0.792, 5.265e-3
0.793, 5.313e-3
0.794, 5.361e-3
0.795, 5.409e-3
0.796, 5.457e-3
0.797, 5.504e-3
0.798, 5.553e-3
0.799, 5.601e-3
0.800, 5.632e-3
0.799, 5.596e-3
0.798, 5.546e-3
0.797, 5.496e-3
0.796, 5.446e-3
0.795, 5.397e-3
0.794, 5.347e-3
0.793, 5.297e-3
0.792, 5.248e-3
0.791, 5.199e-3
0.790, 5.150e-3
0.789, 5.101e-3
0.788, 5.052e-3
0.787, 5.003e-3
0.786, 4.955e-3
0.785, 4.906e-3
0.784, 4.859e-3
0.783, 4.810e-3
0.782, 4.763e-3
0.781, 4.715e-3
0.780, 4.668e-3
0.779, 4.620e-3
0.778, 4.573e-3
0.777, 4.526e-3
0.776, 4.479e-3
0.775, 4.433e-3
0.774, 4.386e-3
0.773, 4.339e-3
0.772, 4.293e-3
0.771, 4.248e-3
0.770, 4.202e-3
0.769, 4.156e-3
0.768, 4.110e-3
0.767, 4.065e-3
0.766, 4.020e-3
0.765, 3.975e-3
0.764, 3.930e-3
0.763, 3.885e-3
0.762, 3.841e-3
0.761, 3.796e-3
0.760, 3.752e-3
0.759, 3.708e-3
0.758, 3.665e-3
0.757, 3.621e-3
0.756, 3.578e-3
0.755, 3.535e-3
0.754, 3.492e-3
0.753, 3.449e-3
0.752, 3.407e-3
0.751, 3.364e-3
0.750, 3.322e-3
0.749, 3.280e-3
0.748, 3.239e-3
0.747, 3.198e-3
0.746, 3.157e-3
0.745, 3.115e-3
0.744, 3.074e-3
0.743, 3.034e-3
0.742, 2.993e-3
0.741, 2.953e-3
0.740, 2.913e-3
0.739, 2.874e-3
0.738, 2.834e-3
0.737, 2.795e-3
0.736, 2.755e-3
0.735, 2.717e-3
0.734, 2.679e-3
0.733, 2.640e-3
0.732, 2.602e-3
0.731, 2.564e-3
0.730, 2.527e-3
0.729, 2.490e-3
0.728, 2.453e-3
0.727, 2.416e-3
0.726, 2.379e-3
0.725, 2.343e-3
0.724, 2.306e-3
0.723, 2.270e-3
0.722, 2.235e-3
0.721, 2.199e-3
0.720, 2.164e-3
0.719, 2.129e-3
0.718, 2.095e-3
0.717, 2.059e-3
0.716, 2.024e-3
0.715, 1.990e-3
0.714, 1.957e-3
0.713, 1.923e-3
0.712, 1.890e-3
0.711, 1.857e-3
0.710, 1.824e-3
0.709, 1.792e-3
0.708, 1.760e-3
0.707, 1.729e-3
0.706, 1.697e-3
0.705, 1.666e-3
0.704, 1.636e-3
0.703, 1.605e-3
0.702, 1.575e-3
0.701, 1.544e-3
0.700, 1.515e-3
0.699, 1.485e-3
0.698, 1.456e-3
0.697, 1.427e-3
0.696, 1.398e-3
0.695, 1.370e-3
0.694, 1.342e-3
0.693, 1.314e-3
0.692, 1.287e-3
0.691, 1.260e-3
0.690, 1.233e-3
0.689, 1.206e-3
0.688, 1.180e-3
0.687, 1.155e-3
0.686, 1.129e-3
0.685, 1.103e-3
0.684, 1.078e-3
0.683, 1.054e-3
0.682, 1.029e-3
0.681, 1.005e-3
0.680, 9.818e-4
0.679, 9.584e-4
0.678, 9.355e-4
0.677, 9.125e-4
0.676, 8.899e-4
0.675, 8.676e-4
0.674, 8.457e-4
0.673, 8.239e-4
0.672, 8.026e-4
0.671, 7.815e-4
0.670, 7.606e-4
0.669, 7.402e-4
0.668, 7.202e-4
0.667, 7.008e-4
0.666, 6.810e-4
0.665, 6.616e-4
0.664, 6.431e-4
0.663, 6.246e-4
0.662, 6.065e-4
0.661, 5.887e-4
0.660, 5.711e-4
0.659, 5.541e-4
0.658, 5.369e-4
0.657, 5.203e-4
0.656, 5.040e-4
0.655, 4.877e-4
0.654, 4.720e-4
0.653, 4.570e-4
0.652, 4.419e-4
0.651, 4.269e-4
0.650, 4.123e-4
0.649, 3.982e-4
0.648, 3.841e-4
0.647, 3.701e-4
0.646, 3.572e-4
0.645, 3.439e-4
0.644, 3.311e-4
0.643, 3.187e-4
0.642, 3.065e-4
0.641, 2.945e-4
0.640, 2.826e-4
0.639, 2.712e-4
0.638, 2.605e-4
0.637, 2.491e-4
0.636, 2.390e-4
0.635, 2.284e-4
0.634, 2.188e-4
0.633, 2.091e-4
0.632, 1.997e-4
0.631, 1.904e-4
0.630, 1.814e-4
0.629, 1.727e-4
0.628, 1.643e-4
0.627, 1.562e-4
0.626, 1.480e-4
0.625, 1.401e-4
0.624, 1.327e-4
0.623, 1.254e-4
0.622, 1.181e-4
0.621, 1.114e-4
0.620, 1.044e-4
0.619, 9.801e-5
0.618, 9.173e-5
0.617, 8.575e-5
0.616, 7.959e-5
0.615, 7.421e-5
0.614, 6.936e-5
0.613, 6.361e-5
0.612, 5.823e-5
0.611, 5.337e-5
0.610, 4.847e-5
0.609, 4.344e-5
0.608, 3.910e-5
0.607, 3.473e-5
0.606, 3.057e-5
0.605, 2.692e-5
0.604, 2.322e-5
0.603, 1.897e-5
0.602, 1.574e-5
0.601, 1.232e-5
0.600, 8.436e-6
0.599, 5.282e-6
0.598, 2.265e-6
0.597, -1.025e-6
0.596, -3.808e-6
0.595, -6.493e-6
0.594, -9.266e-6
0.593, -1.199e-5
0.592, -1.448e-5
0.591, -1.709e-5
0.590, -1.927e-5
0.589, -2.153e-5
0.588, -2.367e-5
0.587, -2.557e-5
0.586, -2.749e-5
0.585, -2.935e-5
0.584, -3.116e-5
0.583, -3.286e-5
0.582, -3.447e-5
0.581, -3.612e-5
0.580, -3.786e-5
0.579, -3.943e-5
0.578, -4.106e-5
0.577, -4.245e-5
0.576, -4.351e-5
0.575, -4.506e-5
0.574, -4.611e-5
0.573, -4.743e-5
0.572, -4.865e-5
0.571, -4.993e-5
0.570, -5.109e-5
0.569, -5.219e-5
0.568, -5.316e-5
0.567, -5.429e-5
0.566, -5.520e-5
0.565, -5.622e-5
0.564, -5.757e-5
0.563, -5.826e-5
0.562, -5.897e-5
0.561, -5.995e-5
0.560, -6.097e-5
0.559, -6.191e-5
0.558, -6.253e-5
0.557, -6.368e-5
0.556, -6.455e-5
0.555, -6.521e-5
0.554, -6.618e-5
0.553, -6.678e-5
0.552, -6.751e-5
0.551, -6.805e-5
0.550, -6.836e-5
0.549, -6.929e-5
0.548, -6.996e-5
0.547, -7.043e-5
0.546, -7.133e-5
0.545, -7.207e-5
0.544, -7.268e-5
0.543, -7.333e-5
0.542, -7.400e-5
0.541, -7.481e-5
0.540, -7.537e-5
0.539, -7.613e-5
0.538, -7.712e-5
0.537, -7.789e-5
0.536, -7.821e-5
0.535, -7.890e-5
0.534, -7.931e-5
0.533, -8.013e-5
0.532, -8.081e-5
0.531, -8.140e-5
0.530, -8.227e-5
0.529, -8.274e-5
0.528, -8.348e-5
0.527, -8.422e-5
0.526, -8.479e-5
0.525, -8.535e-5
0.524, -8.608e-5
0.523, -8.680e-5
0.522, -8.762e-5
0.521, -8.852e-5
0.520, -8.933e-5
0.519, -9.008e-5
0.518, -9.074e-5
0.517, -9.142e-5
0.516, -9.219e-5
0.515, -9.271e-5
0.514, -9.354e-5
0.513, -9.407e-5
0.512, -9.620e-5
0.511, -9.686e-5
0.510, -9.692e-5
0.509, -9.757e-5
0.508, -9.842e-5
0.507, -9.891e-5
0.506, -9.983e-5
0.505, -1.008e-4
0.504, -1.015e-4
0.503, -1.025e-4
0.502, -1.030e-4
0.501, -1.041e-4
0.500, -1.049e-4
0.499, -1.051e-4
0.498, -1.066e-4
0.497, -1.075e-4
0.496, -1.084e-4
0.495, -1.095e-4
0.494, -1.104e-4
0.493, -1.117e-4
0.492, -1.130e-4
0.491, -1.140e-4
0.490, -1.152e-4
0.489, -1.160e-4
0.488, -1.171e-4
0.487, -1.182e-4
0.486, -1.194e-4
0.485, -1.205e-4
0.484, -1.214e-4
0.483, -1.224e-4
0.482, -1.239e-4
0.481, -1.252e-4
0.480, -1.265e-4
0.479, -1.280e-4
0.478, -1.292e-4
0.477, -1.307e-4
0.476, -1.321e-4
0.475, -1.334e-4
0.474, -1.350e-4
0.473, -1.360e-4
0.472, -1.382e-4
0.471, -1.402e-4
0.470, -1.415e-4
0.469, -1.433e-4
0.468, -1.451e-4
0.467, -1.468e-4
0.466, -1.486e-4
0.465, -1.505e-4
0.464, -1.526e-4
0.463, -1.547e-4
0.462, -1.566e-4
0.461, -1.589e-4
0.460, -1.613e-4
0.459, -1.636e-4
0.458, -1.659e-4
0.457, -1.678e-4
0.456, -1.701e-4
0.455, -1.727e-4
0.454, -1.751e-4
0.453, -1.776e-4
0.452, -1.803e-4
0.451, -1.827e-4
0.450, -1.857e-4
0.449, -1.888e-4
0.448, -1.910e-4
0.447, -1.939e-4
0.446, -1.969e-4
0.445, -2.001e-4
0.444, -2.033e-4
0.443, -2.069e-4
0.442, -2.105e-4
0.441, -2.136e-4
0.440, -2.171e-4
0.439, -2.206e-4
0.438, -2.238e-4
0.437, -2.273e-4
0.436, -2.310e-4
0.435, -2.352e-4
0.434, -2.391e-4
0.433, -2.429e-4
0.432, -2.464e-4
0.431, -2.503e-4
0.430, -2.538e-4
0.429, -2.582e-4
0.428, -2.622e-4
0.427, -2.659e-4
0.426, -2.700e-4
0.425, -2.737e-4
0.424, -2.775e-4
0.423, -2.814e-4
0.422, -2.849e-4
0.421, -2.890e-4
0.420, -2.928e-4
0.419, -2.967e-4
0.418, -3.008e-4
0.417, -3.047e-4
0.416, -3.085e-4
0.415, -3.123e-4
0.414, -3.156e-4
0.413, -3.194e-4
0.412, -3.229e-4
0.411, -3.263e-4
0.410, -3.278e-4
0.409, -3.259e-4
0.408, -3.314e-4
0.407, -3.357e-4
0.406, -3.392e-4
0.405, -3.429e-4
0.404, -3.464e-4
0.403, -3.499e-4
0.402, -3.533e-4
0.401, -3.567e-4
0.400, -3.600e-4
0.399, -3.629e-4
0.398, -3.655e-4
0.397, -3.683e-4
0.396, -3.711e-4
0.395, -3.737e-4
0.394, -3.762e-4
0.393, -3.786e-4
0.392, -3.810e-4
0.391, -3.835e-4
0.390, -3.856e-4
0.389, -3.875e-4
0.388, -3.890e-4
0.387, -3.903e-4
0.386, -3.917e-4
0.385, -3.926e-4
0.384, -3.937e-4
0.383, -3.945e-4
0.382, -3.945e-4
0.381, -3.948e-4
0.380, -3.944e-4
0.379, -3.938e-4
0.378, -3.931e-4
0.377, -3.920e-4
0.376, -3.907e-4
0.375, -3.887e-4
0.374, -3.866e-4
0.373, -3.840e-4
0.372, -3.811e-4
0.371, -3.777e-4
0.370, -3.741e-4
0.369, -3.703e-4
0.368, -3.662e-4
0.367, -3.619e-4
0.366, -3.572e-4
0.365, -3.519e-4
0.364, -3.467e-4
0.363, -3.410e-4
0.362, -3.353e-4
0.361, -3.289e-4
0.360, -3.227e-4
0.359, -3.162e-4
0.358, -3.100e-4
0.357, -3.028e-4
0.356, -2.961e-4
0.355, -2.889e-4
0.354, -2.816e-4
0.353, -2.745e-4
0.352, -2.673e-4
0.351, -2.603e-4
0.350, -2.526e-4
0.349, -2.455e-4
0.348, -2.384e-4
0.347, -2.312e-4
0.346, -2.241e-4
0.345, -2.173e-4
0.344, -2.106e-4
0.343, -2.037e-4
0.342, -1.971e-4
0.341, -1.910e-4
0.340, -1.849e-4
0.339, -1.788e-4
0.338, -1.730e-4
0.337, -1.677e-4
0.336, -1.621e-4
0.335, -1.566e-4
0.334, -1.514e-4
0.333, -1.463e-4
0.332, -1.418e-4
0.331, -1.369e-4
0.330, -1.322e-4
0.329, -1.280e-4
0.328, -1.237e-4
0.327, -1.199e-4
0.326, -1.163e-4
0.325, -1.125e-4
0.324, -1.088e-4
0.323, -1.053e-4
0.322, -1.023e-4
0.321, -9.907e-5
0.320, -9.595e-5
0.319, -9.326e-5
0.318, -9.055e-5
0.317, -8.774e-5
0.316, -8.512e-5
0.315, -8.255e-5
0.314, -8.038e-5
0.313, -7.823e-5
0.312, -7.601e-5
0.311, -7.390e-5
0.310, -7.186e-5
0.309, -7.000e-5
0.308, -6.848e-5
0.307, -6.727e-5
0.306, -6.555e-5
0.305, -6.366e-5
0.304, -6.198e-5
0.303, -6.034e-5
0.302, -5.878e-5
0.301, -5.747e-5
0.300, -5.616e-5
0.299, -5.491e-5
0.298, -5.357e-5
0.297, -5.245e-5
0.296, -5.120e-5
0.295, -5.005e-5
0.294, -4.899e-5
0.293, -4.788e-5
0.292, -4.698e-5
0.291, -4.598e-5
0.290, -4.519e-5
0.289, -4.433e-5
0.288, -4.348e-5
0.287, -4.274e-5
0.286, -4.201e-5
0.285, -4.120e-5
0.284, -4.042e-5
0.283, -3.967e-5
0.282, -3.893e-5
0.281, -3.823e-5
0.280, -3.744e-5
0.279, -3.684e-5
0.278, -3.613e-5
0.277, -3.548e-5
0.276, -3.491e-5
0.275, -3.433e-5
0.274, -3.372e-5
0.273, -3.325e-5
0.272, -3.274e-5
0.271, -3.221e-5
0.270, -3.168e-5
0.269, -3.121e-5
0.268, -3.075e-5
0.267, -3.031e-5
0.266, -2.982e-5
0.265, -2.947e-5
0.264, -2.912e-5
0.263, -2.872e-5
0.262, -2.831e-5
0.261, -2.786e-5
0.260, -2.753e-5
0.259, -2.713e-5
0.258, -2.679e-5
0.257, -2.642e-5
0.256, -2.613e-5
0.255, -2.572e-5
0.254, -2.540e-5
0.253, -2.515e-5
0.252, -2.481e-5
0.251, -2.450e-5
0.250, -2.420e-5
0.249, -2.396e-5
0.248, -2.374e-5
0.247, -2.344e-5
0.246, -2.314e-5
0.245, -2.284e-5
0.244, -2.257e-5
0.243, -2.232e-5
0.242, -2.215e-5
0.241, -2.193e-5
0.240, -2.166e-5
0.239, -2.147e-5
0.238, -2.130e-5
0.237, -2.097e-5
0.236, -2.081e-5
0.235, -2.060e-5
0.234, -2.046e-5
0.233, -2.025e-5
0.232, -2.010e-5
0.231, -1.989e-5
0.230, -1.968e-5
0.229, -1.955e-5
0.228, -1.936e-5
0.227, -1.922e-5
0.226, -1.907e-5
0.225, -1.892e-5
0.224, -1.873e-5
0.223, -1.860e-5
0.222, -1.843e-5
0.221, -1.832e-5
0.220, -1.815e-5
0.219, -1.804e-5
0.218, -1.792e-5
0.217, -1.780e-5
0.216, -1.758e-5
0.215, -1.746e-5
0.214, -1.729e-5
0.213, -1.712e-5
0.212, -1.701e-5
0.211, -1.684e-5
0.210, -1.674e-5
0.209, -1.665e-5
0.208, -1.652e-5
0.207, -1.637e-5
0.206, -1.627e-5
0.205, -1.606e-5
0.204, -1.596e-5
0.203, -1.578e-5
0.202, -1.567e-5
0.201, -1.559e-5
0.200, -1.387e-5
0.201, -1.058e-5
0.202, -9.315e-6
0.203, -8.465e-6
0.204, -7.772e-6
0.205, -7.245e-6
0.206, -6.698e-6
0.207, -6.200e-6
0.208, -5.702e-6
0.209, -5.302e-6
0.210, -4.931e-6
0.211, -4.540e-6
0.212, -4.286e-6
0.213, -3.915e-6
0.214, -3.554e-6
0.215, -3.369e-6
0.216, -3.066e-6
0.217, -2.783e-6
0.218, -2.568e-6
0.219, -2.304e-6
0.220, -2.099e-6
0.221, -1.806e-6
0.222, -1.621e-6
0.223, -1.328e-6
0.224, -1.250e-6
0.225, -1.025e-6
0.226, -8.690e-7
0.227, -6.249e-7
0.228, -4.589e-7
0.229, -3.320e-7
0.230, -1.562e-7
0.231, -3.906e-8
0.232, 9.764e-8
0.233, 3.124e-7
0.234, 4.687e-7
0.235, 5.565e-7
0.236, 7.811e-7
0.237, 9.276e-7
0.238, 1.094e-6
0.239, 1.074e-6
0.240, 1.308e-6
0.241, 1.416e-6
0.242, 1.591e-6
0.243, 1.670e-6
0.244, 1.718e-6
0.245, 1.914e-6
0.246, 2.060e-6
0.247, 2.158e-6
0.248, 2.216e-6
0.249, 2.343e-6
0.250, 2.460e-6
0.251, 2.636e-6
0.252, 2.783e-6
0.253, 2.831e-6
0.254, 3.007e-6
0.255, 3.173e-6
0.256, 3.222e-6
0.257, 3.398e-6
0.258, 3.515e-6
0.259, 3.554e-6
0.260, 3.691e-6
0.261, 3.798e-6
0.262, 3.925e-6
0.263, 4.042e-6
0.264, 4.150e-6
0.265, 4.286e-6
0.266, 4.316e-6
0.267, 4.355e-6
0.268, 4.569e-6
0.269, 4.667e-6
0.270, 4.706e-6
0.271, 4.882e-6
0.272, 4.931e-6
0.273, 5.146e-6
0.274, 5.185e-6
0.275, 5.302e-6
0.276, 5.458e-6
0.277, 5.497e-6
0.278, 5.604e-6
0.279, 5.751e-6
0.280, 5.800e-6
0.281, 5.936e-6
0.282, 6.083e-6
0.283, 6.229e-6
0.284, 6.337e-6
0.285, 6.415e-6
0.286, 6.532e-6
0.287, 6.659e-6
0.288, 6.727e-6
0.289, 6.903e-6
0.290, 6.971e-6
0.291, 7.206e-6
0.292, 7.254e-6
0.293, 7.381e-6
0.294, 7.430e-6
0.295, 7.694e-6
0.296, 7.752e-6
0.297, 7.879e-6
0.298, 8.026e-6
0.299, 8.221e-6
0.300, 8.338e-6
0.301, 8.465e-6
0.302, 8.573e-6
0.303, 8.787e-6
0.304, 8.866e-6
0.305, 9.022e-6
0.306, 9.178e-6
0.307, 9.422e-6
0.308, 9.510e-6
0.309, 9.676e-6
0.310, 9.832e-6
0.311, 9.881e-6
0.312, 1.010e-5
0.313, 1.026e-5
0.314, 1.043e-5
0.315, 1.054e-5
0.316, 1.077e-5
0.317, 1.087e-5
0.318, 1.103e-5
0.319, 1.127e-5
0.320, 1.136e-5
0.321, 1.151e-5
0.322, 1.166e-5
0.323, 1.184e-5
0.324, 1.197e-5
0.325, 1.221e-5
0.326, 1.236e-5
0.327, 1.254e-5
0.328, 1.265e-5
0.329, 1.288e-5
0.330, 1.309e-5
0.331, 1.317e-5
0.332, 1.342e-5
0.333, 1.355e-5
0.334, 1.376e-5
0.335, 1.390e-5
0.336, 1.412e-5
0.337, 1.426e-5
0.338, 1.446e-5
0.339, 1.467e-5
0.340, 1.481e-5
0.341, 1.497e-5
0.342, 1.515e-5
0.343, 1.538e-5
0.344, 1.558e-5
0.345, 1.582e-5
0.346, 1.593e-5
0.347, 1.619e-5
0.348, 1.645e-5
0.349, 1.661e-5
0.350, 1.675e-5
0.351, 1.698e-5
0.352, 1.714e-5
0.353, 1.740e-5
0.354, 1.756e-5
0.355, 1.791e-5
0.356, 1.805e-5
0.357, 1.834e-5
0.358, 1.863e-5
0.359, 1.888e-5
0.360, 1.898e-5
0.361, 1.928e-5
0.362, 1.947e-5
0.363, 1.979e-5
0.364, 2.002e-5
0.365, 2.018e-5
0.366, 2.057e-5
0.367, 2.077e-5
0.368, 2.103e-5
0.369, 2.129e-5
0.370, 2.157e-5
0.371, 2.185e-5
0.372, 2.215e-5
0.373, 2.244e-5
0.374, 2.276e-5
0.375, 2.306e-5
0.376, 2.341e-5
0.377, 2.366e-5
0.378, 2.399e-5
0.379, 2.423e-5
0.380, 2.461e-5
0.381, 2.489e-5
0.382, 2.526e-5
0.383, 2.556e-5
0.384, 2.583e-5
0.385, 2.623e-5
0.386, 2.649e-5
0.387, 2.683e-5
0.388, 2.717e-5
0.389, 2.750e-5
0.390, 2.786e-5
0.391, 2.822e-5
0.392, 2.854e-5
0.393, 2.886e-5
0.394, 2.926e-5
0.395, 2.959e-5
0.396, 3.000e-5
0.397, 3.031e-5
0.398, 3.077e-5
0.399, 3.110e-5
0.400, 3.156e-5
0.401, 3.200e-5
0.402, 3.254e-5
0.403, 3.297e-5
0.404, 3.354e-5
0.405, 3.408e-5
0.406, 3.469e-5
0.407, 3.520e-5
0.408, 3.577e-5
0.409, 3.622e-5
0.410, 3.556e-5
0.411, 3.690e-5
0.412, 3.766e-5
0.413, 3.833e-5
0.414, 3.906e-5
0.415, 3.969e-5
0.416, 4.029e-5
0.417, 4.113e-5
0.418, 4.190e-5
0.419, 4.267e-5
0.420, 4.342e-5
0.421, 4.431e-5
0.422, 4.535e-5
0.423, 4.623e-5
0.424, 4.731e-5
0.425, 4.835e-5
0.426, 4.947e-5
0.427, 5.070e-5
0.428, 5.191e-5
0.429, 5.309e-5
0.430, 5.453e-5
0.431, 5.598e-5
0.432, 5.757e-5
0.433, 5.936e-5
0.434, 6.124e-5
0.435, 6.322e-5
0.436, 6.520e-5
0.437, 6.729e-5
0.438, 6.977e-5
0.439, 7.247e-5
0.440, 7.530e-5
0.441, 7.812e-5
0.442, 8.135e-5
0.443, 8.537e-5
0.444, 8.938e-5
0.445, 9.344e-5
0.446, 9.828e-5
0.447, 1.032e-4
0.448, 1.089e-4
0.449, 1.149e-4
0.450, 1.214e-4
0.451, 1.282e-4
0.452, 1.364e-4
0.453, 1.446e-4
0.454, 1.538e-4
0.455, 1.639e-4
0.456, 1.743e-4
0.457, 1.860e-4
0.458, 1.981e-4
0.459, 2.117e-4
0.460, 2.256e-4
0.461, 2.413e-4
0.462, 2.576e-4
0.463, 2.750e-4
0.464, 2.936e-4
0.465, 3.130e-4
0.466, 3.332e-4
0.467, 3.546e-4
0.468, 3.764e-4
0.469, 3.992e-4
0.470, 4.222e-4
0.471, 4.455e-4
0.472, 4.684e-4
0.473, 4.916e-4
0.474, 5.140e-4
0.475, 5.367e-4
0.476, 5.583e-4
0.477, 5.789e-4
0.478, 5.982e-4
0.479, 6.157e-4
0.480, 6.322e-4
0.481, 6.466e-4
0.482, 6.586e-4
0.483, 6.686e-4
0.484, 6.764e-4
0.485, 6.821e-4
0.486, 6.857e-4
0.487, 6.872e-4
0.488, 6.866e-4
0.489, 6.841e-4
0.490, 6.794e-4
0.491, 6.736e-4
0.492, 6.659e-4
0.493, 6.581e-4
0.494, 6.489e-4
0.495, 6.384e-4
0.496, 6.275e-4
0.497, 6.160e-4
0.498, 6.047e-4
0.499, 5.929e-4
0.500, 5.810e-4
0.501, 5.691e-4
0.502, 5.577e-4
0.503, 5.462e-4
0.504, 5.347e-4
0.505, 5.240e-4
0.506, 5.134e-4
0.507, 5.035e-4
0.508, 4.935e-4
0.509, 4.838e-4
0.510, 4.745e-4
0.511, 4.659e-4
0.512, 4.590e-4
0.513, 4.517e-4
0.514, 4.434e-4
0.515, 4.358e-4
0.516, 4.283e-4
0.517, 4.208e-4
0.518, 4.140e-4
0.519, 4.069e-4
0.520, 4.005e-4
0.521, 3.940e-4
0.522, 3.870e-4
0.523, 3.809e-4
0.524, 3.744e-4
0.525, 3.684e-4
0.526, 3.625e-4
0.527, 3.564e-4
0.528, 3.504e-4
0.529, 3.449e-4
0.530, 3.391e-4
0.531, 3.335e-4
0.532, 3.275e-4
0.533, 3.218e-4
0.534, 3.168e-4
0.535, 3.113e-4
0.536, 3.061e-4
0.537, 3.008e-4
0.538, 2.957e-4
0.539, 2.908e-4
0.540, 2.855e-4
0.541, 2.804e-4
0.542, 2.753e-4
0.543, 2.707e-4
0.544, 2.665e-4
0.545, 2.622e-4
0.546, 2.574e-4
0.547, 2.532e-4
0.548, 2.486e-4
0.549, 2.452e-4
0.550, 2.414e-4
0.551, 2.372e-4
0.552, 2.337e-4
0.553, 2.301e-4
0.554, 2.265e-4
0.555, 2.237e-4
0.556, 2.208e-4
0.557, 2.178e-4
0.558, 2.149e-4
0.559, 2.122e-4
0.560, 2.097e-4
0.561, 2.071e-4
0.562, 2.044e-4
0.563, 2.024e-4
0.564, 2.002e-4
0.565, 1.979e-4
0.566, 1.962e-4
0.567, 1.943e-4
0.568, 1.925e-4
0.569, 1.908e-4
0.570, 1.892e-4
0.571, 1.880e-4
0.572, 1.866e-4
0.573, 1.853e-4
0.574, 1.843e-4
0.575, 1.830e-4
0.576, 1.815e-4
0.577, 1.808e-4
0.578, 1.796e-4
0.579, 1.791e-4
0.580, 1.784e-4
0.581, 1.780e-4
0.582, 1.777e-4
0.583, 1.773e-4
0.584, 1.774e-4
0.585, 1.771e-4
0.586, 1.771e-4
0.587, 1.774e-4
0.588, 1.776e-4
0.589, 1.780e-4
0.590, 1.784e-4
0.591, 1.788e-4
0.592, 1.795e-4
0.593, 1.801e-4
0.594, 1.810e-4
0.595, 1.823e-4
0.596, 1.834e-4
0.597, 1.846e-4
0.598, 1.862e-4
0.599, 1.876e-4
0.600, 1.892e-4
0.601, 1.909e-4
0.602, 1.922e-4
0.603, 1.945e-4
0.604, 1.968e-4
0.605, 1.991e-4
0.606, 2.015e-4
0.607, 2.040e-4
0.608, 2.070e-4
0.609, 2.100e-4
0.610, 2.131e-4
0.611, 2.163e-4
0.612, 2.198e-4
0.613, 2.233e-4
0.614, 2.268e-4
0.615, 2.302e-4
0.616, 2.350e-4
0.617, 2.397e-4
0.618, 2.441e-4
0.619, 2.485e-4
0.620, 2.539e-4
0.621, 2.596e-4
0.622, 2.653e-4
0.623, 2.709e-4
0.624, 2.764e-4
0.625, 2.833e-4
0.626, 2.899e-4
0.627, 2.965e-4
0.628, 3.034e-4
0.629, 3.106e-4
0.630, 3.184e-4
0.631, 3.258e-4
0.632, 3.343e-4
0.633, 3.431e-4
0.634, 3.516e-4
0.635, 3.609e-4
0.636, 3.701e-4
0.637, 3.795e-4
0.638, 3.900e-4
0.639, 4.002e-4
0.640, 4.109e-4
0.641, 4.221e-4
0.642, 4.333e-4
0.643, 4.450e-4
0.644, 4.569e-4
0.645, 4.688e-4
0.646, 4.816e-4
0.647, 4.946e-4
0.648, 5.081e-4
0.649, 5.215e-4
0.650, 5.355e-4
0.651, 5.498e-4
0.652, 5.645e-4
0.653, 5.793e-4
0.654, 5.946e-4
0.655, 6.101e-4
0.656, 6.264e-4
0.657, 6.430e-4
0.658, 6.596e-4
0.659, 6.770e-4
0.660, 6.948e-4
0.661, 7.128e-4
0.662, 7.311e-4
0.663, 7.498e-4
0.664, 7.689e-4
0.665, 7.887e-4
0.666, 8.086e-4
0.667, 8.288e-4
0.668, 8.495e-4
0.669, 8.702e-4
0.670, 8.916e-4
0.671, 9.133e-4
0.672, 9.354e-4
0.673, 9.579e-4
0.674, 9.804e-4
0.675, 1.003e-3
0.676, 1.027e-3
0.677, 1.051e-3
0.678, 1.075e-3
0.679, 1.099e-3
0.680, 1.124e-3
0.681, 1.149e-3
0.682, 1.174e-3
0.683, 1.200e-3
0.684, 1.226e-3
0.685, 1.253e-3
0.686, 1.280e-3
0.687, 1.307e-3
0.688, 1.335e-3
0.689, 1.363e-3
0.690, 1.390e-3
0.691, 1.419e-3
0.692, 1.448e-3
0.693, 1.477e-3
0.694, 1.507e-3
0.695, 1.537e-3
0.696, 1.567e-3
0.697, 1.598e-3
0.698, 1.628e-3
0.699, 1.660e-3
0.700, 1.691e-3
0.701, 1.722e-3
0.702, 1.754e-3
0.703, 1.786e-3
0.704, 1.819e-3
0.705, 1.851e-3
0.706, 1.884e-3
0.707, 1.918e-3
0.708, 1.951e-3
0.709, 1.985e-3
0.710, 2.020e-3
0.711, 2.054e-3
0.712, 2.089e-3
0.713, 2.124e-3
0.714, 2.159e-3
0.715, 2.194e-3
0.716, 2.230e-3
0.717, 2.267e-3
0.718, 2.304e-3
0.719, 2.341e-3
0.720, 2.377e-3
0.721, 2.415e-3
0.722, 2.452e-3
0.723, 2.489e-3
0.724, 2.527e-3
0.725, 2.565e-3
0.726, 2.603e-3
0.727, 2.641e-3
0.728, 2.680e-3
0.729, 2.718e-3
0.730, 2.756e-3
0.731, 2.796e-3
0.732, 2.835e-3
0.733, 2.875e-3
0.734, 2.915e-3
0.735, 2.954e-3
0.736, 2.994e-3
0.737, 3.035e-3
0.738, 3.076e-3
0.739, 3.116e-3
0.740, 3.158e-3
0.741, 3.199e-3
0.742, 3.240e-3
0.743, 3.282e-3
0.744, 3.324e-3
0.745, 3.366e-3
0.746, 3.408e-3
0.747, 3.450e-3
0.748, 3.493e-3
0.749, 3.536e-3
0.750, 3.578e-3
0.751, 3.622e-3
0.752, 3.665e-3
0.753, 3.708e-3
0.754, 3.751e-3
0.755, 3.795e-3
0.756, 3.838e-3
0.757, 3.882e-3
0.758, 3.926e-3
0.759, 3.971e-3
0.760, 4.015e-3
0.761, 4.060e-3
0.762, 4.105e-3
0.763, 4.150e-3
0.764, 4.195e-3
0.765, 4.240e-3
0.766, 4.285e-3
0.767, 4.330e-3
0.768, 4.376e-3
0.769, 4.421e-3
0.770, 4.468e-3
0.771, 4.513e-3
0.772, 4.559e-3
0.773, 4.606e-3
0.774, 4.652e-3
0.775, 4.699e-3
0.776, 4.746e-3
0.777, 4.793e-3
0.778, 4.839e-3
0.779, 4.886e-3
0.780, 4.933e-3
0.781, 4.980e-3
0.782, 5.028e-3
0.783, 5.075e-3
0.784, 5.123e-3
0.785, 5.171e-3
0.786, 5.219e-3
0.787, 5.267e-3
0.788, 5.314e-3
0.789, 5.363e-3
0.790, 5.411e-3
0.791, 5.460e-3
0.792, 5.509e-3
0.793, 5.557e-3
0.794, 5.607e-3
0.795, 5.656e-3
0.796, 5.704e-3
0.797, 5.753e-3
0.798, 5.802e-3
0.799, 5.851e-3
0.800, 5.884e-3
0.799, 5.847e-3
0.798, 5.796e-3
0.797, 5.745e-3
0.796, 5.695e-3
0.795, 5.644e-3
0.794, 5.593e-3
0.793, 5.543e-3
0.792, 5.492e-3
0.791, 5.441e-3
0.790, 5.391e-3
0.789, 5.341e-3
0.788, 5.291e-3
0.787, 5.242e-3
0.786, 5.192e-3
0.785, 5.143e-3
0.784, 5.093e-3
0.783, 5.043e-3
0.782, 4.994e-3
0.781, 4.946e-3
0.780, 4.897e-3
0.779, 4.849e-3
0.778, 4.800e-3
0.777, 4.752e-3
0.776, 4.704e-3
0.775, 4.656e-3
0.774, 4.608e-3
0.773, 4.560e-3
0.772, 4.512e-3
0.771, 4.465e-3
0.770, 4.418e-3
0.769, 4.371e-3
0.768, 4.324e-3
0.767, 4.278e-3
0.766, 4.231e-3
0.765, 4.185e-3
0.764, 4.139e-3
0.763, 4.093e-3
0.762, 4.048e-3
0.761, 4.002e-3
0.760, 3.956e-3
0.759, 3.911e-3
0.758, 3.866e-3
0.757, 3.820e-3
0.756, 3.776e-3
0.755, 3.732e-3
0.754, 3.688e-3
0.753, 3.644e-3
0.752, 3.600e-3
0.751, 3.556e-3
0.750, 3.512e-3
0.749, 3.469e-3
0.748, 3.426e-3
0.747, 3.383e-3
0.746, 3.340e-3
0.745, 3.298e-3
0.744, 3.255e-3
0.743, 3.213e-3
0.742, 3.171e-3
0.741, 3.129e-3
0.740, 3.088e-3
0.739, 3.047e-3
0.738, 3.006e-3
0.737, 2.965e-3
0.736, 2.925e-3
0.735, 2.884e-3
0.734, 2.844e-3
0.733, 2.804e-3
0.732, 2.765e-3
0.731, 2.726e-3
0.730, 2.687e-3
0.729, 2.648e-3
0.728, 2.609e-3
0.727, 2.571e-3
0.726, 2.533e-3
0.725, 2.495e-3
0.724, 2.457e-3
0.723, 2.420e-3
0.722, 2.382e-3
0.721, 2.345e-3
0.720, 2.309e-3
0.719, 2.272e-3
0.718, 2.236e-3
0.717, 2.199e-3
0.716, 2.162e-3
0.715, 2.127e-3
0.714, 2.092e-3
0.713, 2.057e-3
0.712, 2.022e-3
0.711, 1.988e-3
0.710, 1.953e-3
0.709, 1.919e-3
0.708, 1.885e-3
0.707, 1.852e-3
0.706, 1.819e-3
0.705, 1.786e-3
0.704, 1.754e-3
0.703, 1.722e-3
0.702, 1.691e-3
0.701, 1.659e-3
0.700, 1.628e-3
0.699, 1.597e-3
0.698, 1.566e-3
0.697, 1.535e-3
0.696, 1.505e-3
0.695, 1.475e-3
0.694, 1.445e-3
0.693, 1.416e-3
0.692, 1.387e-3
0.691, 1.358e-3
0.690, 1.330e-3
0.689, 1.301e-3
0.688, 1.274e-3
0.687, 1.246e-3
0.686, 1.219e-3
0.685, 1.192e-3
0.684, 1.166e-3
0.683, 1.140e-3
0.682, 1.114e-3
0.681, 1.088e-3
0.680, 1.063e-3
0.679, 1.038e-3
0.678, 1.014e-3
0.677, 9.894e-4
0.676, 9.654e-4
0.675, 9.418e-4
0.674, 9.183e-4
0.673, 8.953e-4
0.672, 8.725e-4
0.671, 8.501e-4
0.670, 8.280e-4
0.669, 8.061e-4
0.668, 7.846e-4
0.667, 7.632e-4
0.666, 7.423e-4
0.665, 7.217e-4
0.664, 7.016e-4
0.663, 6.817e-4
0.662, 6.622e-4
0.661, 6.431e-4
0.660, 6.239e-4
0.659, 6.055e-4
0.658, 5.873e-4
0.657, 5.695e-4
0.656, 5.521e-4
0.655, 5.348e-4
0.654, 5.178e-4
0.653, 5.013e-4
0.652, 4.849e-4
0.651, 4.690e-4
0.650, 4.534e-4
0.649, 4.380e-4
0.648, 4.228e-4
0.647, 4.080e-4
0.646, 3.935e-4
0.645, 3.789e-4
0.644, 3.655e-4
0.643, 3.519e-4
0.642, 3.386e-4
0.641, 3.255e-4
0.640, 3.129e-4
0.639, 3.004e-4
0.638, 2.886e-4
0.637, 2.766e-4
0.636, 2.654e-4
0.635, 2.538e-4
0.634, 2.431e-4
0.633, 2.326e-4
0.632, 2.221e-4
0.631, 2.123e-4
0.630, 2.024e-4
0.629, 1.929e-4
0.628, 1.837e-4
0.627, 1.747e-4
0.626, 1.661e-4
0.625, 1.575e-4
0.624, 1.493e-4
0.623, 1.411e-4
0.622, 1.333e-4
0.621, 1.258e-4
0.620, 1.184e-4
0.619, 1.115e-4
0.618, 1.044e-4
0.617, 9.791e-5
0.616, 9.134e-5
0.615, 8.527e-5
0.614, 7.999e-5
0.613, 7.368e-5
0.612, 6.773e-5
0.611, 6.257e-5
0.610, 5.697e-5
0.609, 5.177e-5
0.608, 4.689e-5
0.607, 4.198e-5
0.606, 3.746e-5
0.605, 3.298e-5
0.604, 2.885e-5
0.603, 2.497e-5
0.602, 2.099e-5
0.601, 1.735e-5
0.600, 1.355e-5
0.599, 9.744e-6
0.598, 6.425e-6
0.597, 2.841e-6
0.596, -3.906e-7
0.595, -3.466e-6
0.594, -6.503e-6
0.593, -9.197e-6
0.592, -1.206e-5
0.591, -1.504e-5
0.590, -1.745e-5
0.589, -1.983e-5
0.588, -2.207e-5
0.587, -2.391e-5
0.586, -2.622e-5
0.585, -2.834e-5
0.584, -3.018e-5
0.583, -3.219e-5
0.582, -3.400e-5
0.581, -3.576e-5
0.580, -3.774e-5
0.579, -3.937e-5
0.578, -4.123e-5
0.577, -4.278e-5
0.576, -4.391e-5
0.575, -4.531e-5
0.574, -4.656e-5
0.573, -4.787e-5
0.572, -4.937e-5
0.571, -5.078e-5
0.570, -5.216e-5
0.569, -5.323e-5
0.568, -5.431e-5
0.567, -5.538e-5
0.566, -5.651e-5
0.565, -5.765e-5
0.564, -5.861e-5
0.563, -5.962e-5
0.562, -6.097e-5
0.561, -6.199e-5
0.560, -6.277e-5
0.559, -6.375e-5
0.558, -6.456e-5
0.557, -6.580e-5
0.556, -6.649e-5
0.555, -6.730e-5
0.554, -6.807e-5
0.553, -6.866e-5
0.552, -6.938e-5
0.551, -7.012e-5
0.550, -7.046e-5
0.549, -7.146e-5
0.548, -7.219e-5
0.547, -7.282e-5
0.546, -7.382e-5
0.545, -7.441e-5
0.544, -7.519e-5
0.543, -7.614e-5
0.542, -7.685e-5
0.541, -7.753e-5
0.540, -7.805e-5
0.539, -7.876e-5
0.538, -7.967e-5
0.537, -8.048e-5
0.536, -8.096e-5
0.535, -8.172e-5
0.534, -8.212e-5
0.533, -8.292e-5
0.532, -8.354e-5
0.531, -8.437e-5
0.530, -8.513e-5
0.529, -8.578e-5
0.528, -8.645e-5
0.527, -8.746e-5
0.526, -8.813e-5
0.525, -8.856e-5
0.524, -8.938e-5
0.523, -9.007e-5
0.522, -9.098e-5
0.521, -9.156e-5
0.520, -9.240e-5
0.519, -9.313e-5
0.518, -9.355e-5
0.517, -9.454e-5
0.516, -9.507e-5
0.515, -9.574e-5
0.514, -9.691e-5
0.513, -9.742e-5
0.512, -9.982e-5
0.511, -1.004e-4
0.510, -1.007e-4
0.509, -1.013e-4
0.508, -1.019e-4
0.507, -1.026e-4
0.506, -1.035e-4
0.505, -1.042e-4
0.504, -1.050e-4
0.503, -1.061e-4
0.502, -1.068e-4
0.501, -1.078e-4
0.500, -1.087e-4
0.499, -1.093e-4
0.498, -1.105e-4
0.497, -1.118e-4
0.496, -1.129e-4
0.495, -1.140e-4
0.494, -1.150e-4
0.493, -1.162e-4
0.492, -1.170e-4
0.491, -1.179e-4
0.490, -1.189e-4
0.489, -1.199e-4
0.488, -1.209e-4
0.487, -1.221e-4
0.486, -1.236e-4
0.485, -1.247e-4
0.484, -1.260e-4
0.483, -1.270e-4
0.482, -1.284e-4
0.481, -1.298e-4
0.480, -1.313e-4
0.479, -1.327e-4
0.478, -1.340e-4
0.477, -1.354e-4
0.476, -1.369e-4
0.475, -1.386e-4
0.474, -1.402e-4
0.473, -1.416e-4
0.472, -1.434e-4
0.471, -1.449e-4
0.470, -1.465e-4
0.469, -1.486e-4
0.468, -1.507e-4
0.467, -1.522e-4
0.466, -1.542e-4
0.465, -1.563e-4
0.464, -1.582e-4
0.463, -1.604e-4
0.462, -1.627e-4
0.461, -1.653e-4
0.460, -1.674e-4
0.459, -1.693e-4
0.458, -1.719e-4
0.457, -1.742e-4
0.456, -1.766e-4
0.455, -1.792e-4
0.454, -1.815e-4
0.453, -1.845e-4
0.452, -1.876e-4
0.451, -1.901e-4
0.450, -1.930e-4
0.449, -1.960e-4
0.448, -1.988e-4
0.447, -2.018e-4
0.446, -2.053e-4
0.445, -2.088e-4
0.444, -2.122e-4
0.443, -2.157e-4
0.442, -2.193e-4
0.441, -2.227e-4
0.440, -2.261e-4
0.439, -2.300e-4
0.438, -2.337e-4
0.437, -2.380e-4
0.436, -2.417e-4
0.435, -2.459e-4
0.434, -2.498e-4
0.433, -2.535e-4
0.432, -2.581e-4
0.431, -2.623e-4
0.430, -2.660e-4
0.429, -2.702e-4
0.428, -2.746e-4
0.427, -2.784e-4
0.426, -2.828e-4
0.425, -2.871e-4
0.424, -2.913e-4
0.423, -2.957e-4
0.422, -2.993e-4
0.421, -3.034e-4
0.420, -3.080e-4
0.419, -3.121e-4
0.418, -3.160e-4
0.417, -3.202e-4
0.416, -3.242e-4
0.415, -3.283e-4
0.414, -3.322e-4
0.413, -3.361e-4
0.412, -3.399e-4
0.411, -3.438e-4
0.410, -3.457e-4
0.409, -3.441e-4
0.408, -3.497e-4
0.407, -3.541e-4
0.406, -3.581e-4
0.405, -3.620e-4
0.404, -3.656e-4
0.403, -3.695e-4
0.402, -3.731e-4
0.401, -3.768e-4
0.400, -3.801e-4
0.399, -3.837e-4
0.398, -3.869e-4
0.397, -3.899e-4
0.396, -3.923e-4
0.395, -3.950e-4
0.394, -3.977e-4
0.393, -4.002e-4
0.392, -4.030e-4
0.391, -4.057e-4
0.390, -4.080e-4
0.389, -4.101e-4
0.388, -4.118e-4
0.387, -4.132e-4
0.386, -4.147e-4
0.385, -4.158e-4
0.384, -4.174e-4
0.383, -4.180e-4
0.382, -4.183e-4
0.381, -4.184e-4
0.380, -4.181e-4
0.379, -4.175e-4
0.378, -4.168e-4
0.377, -4.156e-4
0.376, -4.140e-4
0.375, -4.122e-4
0.374, -4.098e-4
0.373, -4.075e-4
0.372, -4.041e-4
0.371, -4.002e-4
0.370, -3.967e-4
0.369, -3.930e-4
0.368, -3.885e-4
0.367, -3.839e-4
0.366, -3.781e-4
0.365, -3.726e-4
0.364, -3.671e-4
0.363, -3.611e-4
0.362, -3.547e-4
0.361, -3.478e-4
0.360, -3.408e-4
0.359, -3.339e-4
0.358, -3.265e-4
0.357, -3.192e-4
0.356, -3.118e-4
0.355, -3.039e-4
0.354, -2.962e-4
0.353, -2.885e-4
0.352, -2.806e-4
0.351, -2.731e-4
0.350, -2.653e-4
0.349, -2.574e-4
0.348, -2.496e-4
0.347, -2.420e-4
0.346, -2.345e-4
0.345, -2.269e-4
0.344, -2.198e-4
0.343, -2.130e-4
0.342, -2.056e-4
0.341, -1.990e-4
0.340, -1.925e-4
0.339, -1.862e-4
0.338, -1.800e-4
0.337, -1.740e-4
0.336, -1.683e-4
0.335, -1.629e-4
0.334, -1.571e-4
0.333, -1.520e-4
0.332, -1.468e-4
0.331, -1.421e-4
0.330, -1.372e-4
0.329, -1.325e-4
0.328, -1.282e-4
0.327, -1.240e-4
0.326, -1.200e-4
0.325, -1.165e-4
0.324, -1.128e-4
0.323, -1.088e-4
0.322, -1.055e-4
0.321, -1.023e-4
0.320, -9.900e-5
0.319, -9.604e-5
0.318, -9.332e-5
0.317, -9.063e-5
0.316, -8.796e-5
0.315, -8.525e-5
0.314, -8.287e-5
0.313, -8.061e-5
0.312, -7.830e-5
0.311, -7.623e-5
0.310, -7.409e-5
0.309, -7.206e-5
0.308, -7.022e-5
0.307, -6.895e-5
0.306, -6.736e-5
0.305, -6.574e-5
0.304, -6.402e-5
0.303, -6.236e-5
0.302, -6.067e-5
0.301, -5.914e-5
0.300, -5.769e-5
0.299, -5.640e-5
0.298, -5.523e-5
0.297, -5.394e-5
0.296, -5.277e-5
0.295, -5.161e-5
0.294, -5.038e-5
0.293, -4.938e-5
0.292, -4.824e-5
0.291, -4.722e-5
0.290, -4.631e-5
0.289, -4.550e-5
0.288, -4.467e-5
0.287, -4.385e-5
0.286, -4.304e-5
0.285, -4.234e-5
0.284, -4.153e-5
0.283, -4.079e-5
0.282, -4.003e-5
0.281, -3.937e-5
0.280, -3.846e-5
0.279, -3.784e-5
0.278, -3.715e-5
0.277, -3.651e-5
0.276, -3.582e-5
0.275, -3.526e-5
0.274, -3.467e-5
0.273, -3.410e-5
0.272, -3.351e-5
0.271, -3.306e-5
0.270, -3.254e-5
0.269, -3.201e-5
0.268, -3.156e-5
0.267, -3.110e-5
0.266, -3.067e-5
0.265, -3.026e-5
0.264, -2.980e-5
0.263, -2.935e-5
0.262, -2.898e-5
0.261, -2.861e-5
0.260, -2.818e-5
0.259, -2.779e-5
0.258, -2.744e-5
0.257, -2.710e-5
0.256, -2.675e-5
0.255, -2.641e-5
0.254, -2.615e-5
0.253, -2.578e-5
0.252, -2.549e-5
0.251, -2.514e-5
0.250, -2.480e-5
0.249, -2.457e-5
0.248, -2.427e-5
0.247, -2.404e-5
0.246, -2.370e-5
0.245, -2.347e-5
0.244, -2.321e-5
0.243, -2.290e-5
0.242, -2.264e-5
0.241, -2.240e-5
0.240, -2.211e-5
0.239, -2.199e-5
0.238, -2.173e-5
0.237, -2.149e-5
0.236, -2.134e-5
0.235, -2.110e-5
0.234, -2.089e-5
0.233, -2.069e-5
0.232, -2.048e-5
0.231, -2.031e-5
0.230, -2.014e-5
0.229, -1.990e-5
0.228, -1.979e-5
0.227, -1.959e-5
0.226, -1.944e-5
0.225, -1.931e-5
0.224, -1.917e-5
0.223, -1.899e-5
0.222, -1.883e-5
0.221, -1.863e-5
0.220, -1.849e-5
0.219, -1.839e-5
0.218, -1.818e-5
0.217, -1.805e-5
0.216, -1.796e-5
0.215, -1.776e-5
0.214, -1.763e-5
0.213, -1.756e-5
0.212, -1.743e-5
0.211, -1.726e-5
0.210, -1.710e-5
0.209, -1.701e-5
0.208, -1.687e-5
0.207, -1.669e-5
0.206, -1.659e-5
0.205, -1.636e-5
0.204, -1.627e-5
0.203, -1.618e-5
0.202, -1.611e-5
0.201, -1.602e-5
0.200, -1.421e-5
0.201, -1.099e-5
0.202, -9.734e-6
0.203, -8.787e-6
0.204, -8.026e-6
0.205, -7.499e-6
0.206, -6.874e-6
0.207, -6.434e-6
0.208, -5.985e-6
0.209, -5.575e-6
0.210, -5.253e-6
0.211, -4.853e-6
0.212, -4.472e-6
0.213, -4.189e-6
0.214, -3.925e-6
0.215, -3.603e-6
0.216, -3.261e-6
0.217, -2.997e-6
0.218, -2.831e-6
0.219, -2.451e-6
0.220, -2.294e-6
0.221, -2.099e-6
0.222, -1.855e-6
0.223, -1.650e-6
0.224, -1.474e-6
0.225, -1.220e-6
0.226, -1.064e-6
0.227, -9.178e-7
0.228, -7.420e-7
0.229, -5.468e-7
0.230, -3.124e-7
0.231, -1.660e-7
0.232, -3.906e-8
0.233, 1.367e-7
0.234, 2.050e-7
0.235, 4.491e-7
0.236, 5.858e-7
0.237, 6.835e-7
0.238, 8.494e-7
0.239, 1.035e-6
0.240, 1.152e-6
0.241, 1.250e-6
0.242, 1.416e-6
0.243, 1.484e-6
0.244, 1.650e-6
0.245, 1.757e-6
0.246, 1.923e-6
0.247, 2.041e-6
0.248, 2.177e-6
0.249, 2.343e-6
0.250, 2.412e-6
0.251, 2.490e-6
0.252, 2.685e-6
0.253, 2.773e-6
0.254, 2.890e-6
0.255, 3.037e-6
0.256, 3.134e-6
0.257, 3.271e-6
0.258, 3.329e-6
0.259, 3.466e-6
0.260, 3.593e-6
0.261, 3.730e-6
0.262, 3.808e-6
0.263, 3.906e-6
0.264, 4.052e-6
0.265, 4.179e-6
0.266, 4.228e-6
0.267, 4.364e-6
0.268, 4.413e-6
0.269, 4.491e-6
0.270, 4.677e-6
0.271, 4.735e-6
0.272, 4.843e-6
0.273, 4.999e-6
0.274, 5.116e-6
0.275, 5.272e-6
0.276, 5.390e-6
0.277, 5.419e-6
0.278, 5.585e-6
0.279, 5.780e-6
0.280, 5.888e-6
0.281, 5.917e-6
0.282, 6.073e-6
0.283, 6.190e-6
0.284, 6.220e-6
0.285, 6.376e-6
0.286, 6.512e-6
0.287, 6.649e-6
0.288, 6.757e-6
0.289, 6.854e-6
0.290, 7.001e-6
0.291, 7.215e-6
0.292, 7.294e-6
0.293, 7.411e-6
0.294, 7.547e-6
0.295, 7.655e-6
0.296, 7.782e-6
0.297, 7.948e-6
0.298, 8.114e-6
0.299, 8.123e-6
0.300, 8.338e-6
0.301, 8.465e-6
0.302, 8.621e-6
0.303, 8.826e-6
0.304, 8.914e-6
0.305, 9.022e-6
0.306, 9.207e-6
0.307, 9.451e-6
0.308, 9.529e-6
0.309, 9.647e-6
0.310, 9.861e-6
0.311, 1.003e-5
0.312, 1.012e-5
0.313, 1.029e-5
0.314, 1.049e-5
0.315, 1.061e-5
0.316, 1.080e-5
0.317, 1.087e-5
0.318, 1.118e-5
0.319, 1.137e-5
0.320, 1.143e-5
0.321, 1.157e-5
0.322, 1.180e-5
0.323, 1.194e-5
0.324, 1.215e-5
0.325, 1.224e-5
0.326, 1.248e-5
0.327, 1.269e-5
0.328, 1.288e-5
0.329, 1.307e-5
0.330, 1.325e-5
0.331, 1.343e-5
0.332, 1.357e-5
0.333, 1.379e-5
0.334, 1.385e-5
0.335, 1.415e-5
0.336, 1.429e-5
0.337, 1.450e-5
0.338, 1.467e-5
0.339, 1.488e-5
0.340, 1.512e-5
0.341, 1.524e-5
0.342, 1.542e-5
0.343, 1.557e-5
0.344, 1.587e-5
0.345, 1.614e-5
0.346, 1.622e-5
0.347, 1.647e-5
0.348, 1.673e-5
0.349, 1.690e-5
0.350, 1.716e-5
0.351, 1.741e-5
0.352, 1.754e-5
0.353, 1.777e-5
0.354, 1.804e-5
0.355, 1.829e-5
0.356, 1.850e-5
0.357, 1.868e-5
0.358, 1.891e-5
0.359, 1.923e-5
0.360, 1.942e-5
0.361, 1.975e-5
0.362, 1.997e-5
0.363, 2.019e-5
0.364, 2.045e-5
0.365, 2.076e-5
0.366, 2.103e-5
0.367, 2.131e-5
0.368, 2.159e-5
0.369, 2.191e-5
0.370, 2.212e-5
0.371, 2.238e-5
0.372, 2.273e-5
0.373, 2.298e-5
0.374, 2.333e-5
0.375, 2.369e-5
0.376, 2.395e-5
0.377, 2.424e-5
0.378, 2.457e-5
0.379, 2.489e-5
0.380, 2.521e-5
0.381, 2.547e-5
0.382, 2.588e-5
0.383, 2.616e-5
0.384, 2.648e-5
0.385, 2.683e-5
0.386, 2.720e-5
0.387, 2.749e-5
0.388, 2.786e-5
0.389, 2.815e-5
0.390, 2.853e-5
0.391, 2.898e-5
0.392, 2.925e-5
0.393, 2.965e-5
0.394, 2.997e-5
0.395, 3.036e-5
0.396, 3.077e-5
0.397, 3.107e-5
0.398, 3.160e-5
0.399, 3.204e-5
0.400, 3.249e-5
0.401, 3.301e-5
0.402, 3.350e-5
0.403, 3.408e-5
0.404, 3.455e-5
0.405, 3.510e-5
0.406, 3.568e-5
0.407, 3.626e-5
0.408, 3.679e-5
0.409, 3.721e-5
0.410, 3.669e-5
0.411, 3.791e-5
0.412, 3.876e-5
0.413, 3.941e-5
0.414, 4.017e-5
0.415, 4.094e-5
0.416, 4.154e-5
0.417, 4.237e-5
0.418, 4.320e-5
0.419, 4.418e-5
0.420, 4.494e-5
0.421, 4.593e-5
0.422, 4.692e-5
0.423, 4.774e-5
0.424, 4.895e-5
0.425, 5.004e-5
0.426, 5.111e-5
0.427, 5.236e-5
0.428, 5.359e-5
0.429, 5.491e-5
0.430, 5.650e-5
0.431, 5.811e-5
0.432, 5.976e-5
0.433, 6.174e-5
0.434, 6.346e-5
0.435, 6.553e-5
0.436, 6.778e-5
0.437, 7.008e-5
0.438, 7.280e-5
0.439, 7.550e-5
0.440, 7.820e-5
0.441, 8.143e-5
0.442, 8.534e-5
0.443, 8.928e-5
0.444, 9.332e-5
0.445, 9.788e-5
0.446, 1.028e-4
0.447, 1.084e-4
0.448, 1.142e-4
0.449, 1.206e-4
0.450, 1.273e-4
0.451, 1.352e-4
0.452, 1.434e-4
0.453, 1.523e-4
0.454, 1.625e-4
0.455, 1.728e-4
0.456, 1.843e-4
0.457, 1.967e-4
0.458, 2.099e-4
0.459, 2.239e-4
0.460, 2.395e-4
0.461, 2.557e-4
0.462, 2.733e-4
0.463, 2.920e-4
0.464, 3.117e-4
0.465, 3.326e-4
0.466, 3.544e-4
0.467, 3.770e-4
0.468, 4.007e-4
0.469, 4.247e-4
0.470, 4.493e-4
0.471, 4.735e-4
0.472, 4.989e-4
0.473, 5.237e-4
0.474, 5.478e-4
0.475, 5.717e-4
0.476, 5.947e-4
0.477, 6.162e-4
0.478, 6.370e-4
0.479, 6.561e-4
0.480, 6.731e-4
0.481, 6.887e-4
0.482, 7.017e-4
0.483, 7.122e-4
0.484, 7.208e-4
0.485, 7.268e-4
0.486, 7.306e-4
0.487, 7.323e-4
0.488, 7.312e-4
0.489, 7.285e-4
0.490, 7.238e-4
0.491, 7.171e-4
0.492, 7.093e-4
0.493, 7.003e-4
0.494, 6.896e-4
0.495, 6.786e-4
0.496, 6.668e-4
0.497, 6.547e-4
0.498, 6.417e-4
0.499, 6.287e-4
0.500, 6.151e-4
0.501, 6.023e-4
0.502, 5.898e-4
0.503, 5.772e-4
0.504, 5.647e-4
0.505, 5.528e-4
0.506, 5.410e-4
0.507, 5.298e-4
0.508, 5.188e-4
0.509, 5.084e-4
0.510, 4.985e-4
0.511, 4.886e-4
0.512, 4.803e-4
0.513, 4.718e-4
0.514, 4.627e-4
0.515, 4.542e-4
0.516, 4.458e-4
0.517, 4.378e-4
0.518, 4.302e-4
0.519, 4.226e-4
0.520, 4.154e-4
0.521, 4.083e-4
0.522, 4.013e-4
0.523, 3.946e-4
0.524, 3.875e-4
0.525, 3.802e-4
0.526, 3.738e-4
0.527, 3.678e-4
0.528, 3.614e-4
0.529, 3.552e-4
0.530, 3.487e-4
0.531, 3.432e-4
0.532, 3.370e-4
0.533, 3.310e-4
0.534, 3.249e-4
0.535, 3.193e-4
0.536, 3.140e-4
0.537, 3.087e-4
0.538, 3.033e-4
0.539, 2.977e-4
0.540, 2.926e-4
0.541, 2.873e-4
0.542, 2.824e-4
0.543, 2.770e-4
0.544, 2.726e-4
0.545, 2.683e-4
0.546, 2.636e-4
0.547, 2.592e-4
0.548, 2.547e-4
0.549, 2.504e-4
0.550, 2.467e-4
0.551, 2.428e-4
0.552, 2.393e-4
0.553, 2.359e-4
0.554, 2.322e-4
0.555, 2.285e-4
0.556, 2.255e-4
0.557, 2.228e-4
0.558, 2.201e-4
0.559, 2.171e-4
0.560, 2.144e-4
0.561, 2.119e-4
0.562, 2.094e-4
0.563, 2.074e-4
0.564, 2.051e-4
0.565, 2.029e-4
0.566, 2.010e-4
0.567, 1.989e-4
0.568, 1.975e-4
0.569, 1.959e-4
0.570, 1.941e-4
0.571, 1.928e-4
0.572, 1.914e-4
0.573, 1.902e-4
0.574, 1.892e-4
0.575, 1.881e-4
0.576, 1.870e-4
0.577, 1.862e-4
0.578, 1.854e-4
0.579, 1.850e-4
0.580, 1.844e-4
0.581, 1.840e-4
0.582, 1.837e-4
0.583, 1.835e-4
0.584, 1.835e-4
0.585, 1.834e-4
0.586, 1.834e-4
0.587, 1.838e-4
0.588, 1.842e-4
0.589, 1.849e-4
0.590, 1.855e-4
0.591, 1.861e-4
0.592, 1.869e-4
0.593, 1.876e-4
0.594, 1.885e-4
0.595, 1.898e-4
0.596, 1.911e-4
0.597, 1.925e-4
0.598, 1.940e-4
0.599, 1.955e-4
0.600, 1.974e-4
0.601, 1.997e-4
0.602, 2.010e-4
0.603, 2.036e-4
0.604, 2.063e-4
0.605, 2.089e-4
0.606, 2.117e-4
0.607, 2.146e-4
0.608, 2.177e-4
0.609, 2.209e-4
0.610, 2.241e-4
0.611, 2.277e-4
0.612, 2.319e-4
0.613, 2.361e-4
0.614, 2.403e-4
0.615, 2.438e-4
0.616, 2.485e-4
0.617, 2.538e-4
0.618, 2.592e-4
0.619, 2.645e-4
0.620, 2.704e-4
0.621, 2.759e-4
0.622, 2.826e-4
0.623, 2.888e-4
0.624, 2.954e-4
0.625, 3.024e-4
0.626, 3.095e-4
0.627, 3.167e-4
0.628, 3.242e-4
0.629, 3.324e-4
0.630, 3.410e-4
0.631, 3.494e-4
0.632, 3.585e-4
0.633, 3.680e-4
0.634, 3.771e-4
0.635, 3.870e-4
0.636, 3.976e-4
0.637, 4.080e-4
0.638, 4.190e-4
0.639, 4.301e-4
0.640, 4.421e-4
0.641, 4.540e-4
0.642, 4.659e-4
0.643, 4.785e-4
0.644, 4.915e-4
0.645, 5.049e-4
0.646, 5.186e-4
0.647, 5.325e-4
0.648, 5.468e-4
0.649, 5.615e-4
0.650, 5.767e-4
0.651, 5.922e-4
0.652, 6.077e-4
0.653, 6.237e-4
0.654, 6.404e-4
0.655, 6.575e-4
0.656, 6.747e-4
0.657, 6.925e-4
0.658, 7.105e-4
0.659, 7.291e-4
0.660, 7.481e-4
0.661, 7.672e-4
0.662, 7.872e-4
0.663, 8.070e-4
0.664, 8.277e-4
0.665, 8.485e-4
0.666, 8.697e-4
0.667, 8.916e-4
0.668, 9.133e-4
0.669, 9.356e-4
0.670, 9.584e-4
0.671, 9.810e-4
0.672, 1.004e-3
0.673, 1.028e-3
0.674, 1.052e-3
0.675, 1.077e-3
0.676, 1.102e-3
0.677, 1.127e-3
0.678, 1.152e-3
0.679, 1.177e-3
0.680, 1.204e-3
0.681, 1.231e-3
0.682, 1.257e-3
0.683, 1.285e-3
0.684, 1.313e-3
0.685, 1.341e-3
0.686, 1.369e-3
0.687, 1.397e-3
0.688, 1.426e-3
0.689, 1.456e-3
0.690, 1.486e-3
0.691, 1.516e-3
0.692, 1.547e-3
0.693, 1.578e-3
0.694, 1.609e-3
0.695, 1.640e-3
0.696, 1.671e-3
0.697, 1.703e-3
0.698, 1.735e-3
0.699, 1.768e-3
0.700, 1.801e-3
0.701, 1.834e-3
0.702, 1.867e-3
0.703, 1.901e-3
0.704, 1.935e-3
0.705, 1.969e-3
0.706, 2.004e-3
0.707, 2.038e-3
0.708, 2.073e-3
0.709, 2.109e-3
0.710, 2.145e-3
0.711, 2.180e-3
0.712, 2.216e-3
0.713, 2.253e-3
0.714, 2.289e-3
0.715, 2.326e-3
0.716, 2.364e-3
0.717, 2.403e-3
0.718, 2.441e-3
0.719, 2.479e-3
0.720, 2.517e-3
0.721, 2.555e-3
0.722, 2.594e-3
0.723, 2.632e-3
0.724, 2.672e-3
0.725, 2.711e-3
0.726, 2.750e-3
0.727, 2.790e-3
0.728, 2.830e-3
0.729, 2.870e-3
0.730, 2.910e-3
0.731, 2.950e-3
0.732, 2.991e-3
0.733, 3.032e-3
0.734, 3.073e-3
0.735, 3.115e-3
0.736, 3.157e-3
0.737, 3.198e-3
0.738, 3.240e-3
0.739, 3.283e-3
0.740, 3.325e-3
0.741, 3.367e-3
0.742, 3.410e-3
0.743, 3.453e-3
0.744, 3.496e-3
0.745, 3.540e-3
0.746, 3.583e-3
0.747, 3.627e-3
0.748, 3.671e-3
0.749, 3.715e-3
0.750, 3.759e-3
0.751, 3.803e-3
0.752, 3.848e-3
0.753, 3.893e-3
0.754, 3.938e-3
0.755, 3.982e-3
0.756, 4.027e-3
0.757, 4.072e-3
0.758, 4.118e-3
0.759, 4.163e-3
0.760, 4.209e-3
0.761, 4.255e-3
0.762, 4.300e-3
0.763, 4.346e-3
0.764, 4.393e-3
0.765, 4.439e-3
0.766, 4.486e-3
0.767, 4.532e-3
0.768, 4.579e-3
0.769, 4.627e-3
0.770, 4.674e-3
0.771, 4.721e-3
0.772, 4.769e-3
0.773, 4.816e-3
0.774, 4.864e-3
0.775, 4.911e-3
0.776, 4.959e-3
0.777, 5.007e-3
0.778, 5.055e-3
0.779, 5.104e-3
0.780, 5.152e-3
0.781, 5.201e-3
0.782, 5.249e-3
0.783, 5.298e-3
0.784, 5.346e-3
0.785, 5.395e-3
0.786, 5.445e-3
0.787, 5.494e-3
0.788, 5.543e-3
0.789, 5.593e-3
0.790, 5.643e-3
0.791, 5.692e-3
0.792, 5.741e-3
0.793, 5.791e-3
0.794, 5.841e-3
0.795, 5.891e-3
0.796, 5.942e-3
0.797, 5.992e-3
0.798, 6.042e-3
0.799, 6.092e-3
0.800, 6.125e-3
0.799, 6.088e-3
0.798, 6.036e-3
0.797, 5.984e-3
0.796, 5.932e-3
0.795, 5.881e-3
0.794, 5.829e-3
0.793, 5.777e-3
0.792, 5.726e-3
0.791, 5.674e-3
0.790, 5.624e-3
0.789, 5.572e-3
0.788, 5.521e-3
0.787, 5.470e-3
0.786, 5.419e-3
0.785, 5.368e-3
0.784, 5.318e-3
0.783, 5.268e-3
0.782, 5.218e-3
0.781, 5.168e-3
0.780, 5.118e-3
0.779, 5.068e-3
0.778, 5.018e-3
0.777, 4.969e-3
0.776, 4.919e-3
0.775, 4.870e-3
0.774, 4.821e-3
0.773, 4.772e-3
0.772, 4.724e-3
0.771, 4.675e-3
0.770, 4.626e-3
0.769, 4.578e-3
0.768, 4.530e-3
0.767, 4.482e-3
0.766, 4.435e-3
0.765, 4.387e-3
0.764, 4.340e-3
0.763, 4.293e-3
0.762, 4.246e-3
0.761, 4.199e-3
0.760, 4.152e-3
0.759, 4.106e-3
0.758, 4.060e-3
0.757, 4.013e-3
0.756, 3.967e-3
0.755, 3.922e-3
0.754, 3.876e-3
0.753, 3.831e-3
0.752, 3.785e-3
0.751, 3.741e-3
0.750, 3.696e-3
0.749, 3.651e-3
0.748, 3.607e-3
0.747, 3.563e-3
0.746, 3.518e-3
0.745, 3.475e-3
0.744, 3.431e-3
0.743, 3.387e-3
0.742, 3.344e-3
0.741, 3.301e-3
0.740, 3.258e-3
0.739, 3.216e-3
0.738, 3.173e-3
0.737, 3.131e-3
0.736, 3.089e-3
0.735, 3.047e-3
0.734, 3.005e-3
0.733, 2.964e-3
0.732, 2.924e-3
0.731, 2.883e-3
0.730, 2.842e-3
0.729, 2.802e-3
0.728, 2.762e-3
0.727, 2.722e-3
0.726, 2.683e-3
0.725, 2.643e-3
0.724, 2.604e-3
0.723, 2.565e-3
0.722, 2.527e-3
0.721, 2.488e-3
0.720, 2.450e-3
0.719, 2.412e-3
0.718, 2.374e-3
0.717, 2.335e-3
0.716, 2.297e-3
0.715, 2.260e-3
0.714, 2.224e-3
0.713, 2.187e-3
0.712, 2.151e-3
0.711, 2.115e-3
0.710, 2.080e-3
0.709, 2.044e-3
0.708, 2.009e-3
0.707, 1.975e-3
0.706, 1.940e-3
0.705, 1.905e-3
0.704, 1.872e-3
0.703, 1.838e-3
0.702, 1.804e-3
0.701, 1.771e-3
0.700, 1.739e-3
0.699, 1.706e-3
0.698, 1.674e-3
0.697, 1.642e-3
0.696, 1.610e-3
0.695, 1.579e-3
0.694, 1.547e-3
0.693, 1.517e-3
0.692, 1.486e-3
0.691, 1.456e-3
0.690, 1.426e-3
0.689, 1.396e-3
0.688, 1.367e-3
0.687, 1.338e-3
0.686, 1.309e-3
0.685, 1.281e-3
0.684, 1.253e-3
0.683, 1.225e-3
0.682, 1.198e-3
0.681, 1.171e-3
0.680, 1.145e-3
0.679, 1.118e-3
0.678, 1.092e-3
0.677, 1.067e-3
0.676, 1.041e-3
0.675, 1.016e-3
0.674, 9.912e-4
0.673, 9.667e-4
0.672, 9.427e-4
0.671, 9.186e-4
0.670, 8.952e-4
0.669, 8.720e-4
0.668, 8.493e-4
0.667, 8.267e-4
0.666, 8.042e-4
0.665, 7.823e-4
0.664, 7.606e-4
0.663, 7.395e-4
0.662, 7.188e-4
0.661, 6.981e-4
0.660, 6.778e-4
0.659, 6.582e-4
0.658, 6.386e-4
0.657, 6.193e-4
0.656, 6.008e-4
0.655, 5.824e-4
0.654, 5.641e-4
0.653, 5.467e-4
0.652, 5.293e-4
0.651, 5.122e-4
0.650, 4.952e-4
0.649, 4.787e-4
0.648, 4.625e-4
0.647, 4.467e-4
0.646, 4.311e-4
0.645, 4.160e-4
0.644, 4.010e-4
0.643, 3.863e-4
0.642, 3.718e-4
0.641, 3.582e-4
0.640, 3.442e-4
0.639, 3.307e-4
0.638, 3.179e-4
0.637, 3.053e-4
0.636, 2.929e-4
0.635, 2.807e-4
0.634, 2.689e-4
0.633, 2.575e-4
0.632, 2.460e-4
0.631, 2.355e-4
0.630, 2.246e-4
0.629, 2.146e-4
0.628, 2.046e-4
0.627, 1.951e-4
0.626, 1.856e-4
0.625, 1.761e-4
0.624, 1.672e-4
0.623, 1.585e-4
0.622, 1.499e-4
0.621, 1.416e-4
0.620, 1.337e-4
0.619, 1.260e-4
0.618, 1.185e-4
0.617, 1.115e-4
0.616, 1.041e-4
0.615, 9.745e-5
0.614, 9.187e-5
0.613, 8.488e-5
0.612, 7.835e-5
0.611, 7.288e-5
0.610, 6.687e-5
0.609, 6.131e-5
0.608, 5.559e-5
0.607, 5.064e-5
0.606, 4.563e-5
0.605, 4.043e-5
0.604, 3.598e-5
0.603, 3.159e-5
0.602, 2.759e-5
0.601, 2.365e-5
0.600, 1.929e-5
0.599, 1.540e-5
0.598, 1.157e-5
0.597, 7.743e-6
0.596, 4.296e-6
0.595, 1.054e-6
0.594, -2.275e-6
0.593, -5.429e-6
0.592, -8.172e-6
0.591, -1.134e-5
0.590, -1.419e-5
0.589, -1.738e-5
0.588, -1.968e-5
0.587, -2.177e-5
0.586, -2.413e-5
0.585, -2.620e-5
0.584, -2.851e-5
0.583, -3.047e-5
0.582, -3.247e-5
0.581, -3.448e-5
0.580, -3.625e-5
0.579, -3.814e-5
0.578, -4.030e-5
0.577, -4.173e-5
0.576, -4.319e-5
0.575, -4.486e-5
0.574, -4.624e-5
0.573, -4.763e-5
0.572, -4.922e-5
0.571, -5.057e-5
0.570, -5.218e-5
0.569, -5.334e-5
0.568, -5.454e-5
0.567, -5.587e-5
0.566, -5.683e-5
0.565, -5.799e-5
0.564, -5.906e-5
0.563, -6.053e-5
0.562, -6.155e-5
0.561, -6.260e-5
0.560, -6.385e-5
0.559, -6.489e-5
0.558, -6.585e-5
0.557, -6.673e-5
0.556, -6.755e-5
0.555, -6.835e-5
0.554, -6.904e-5
0.553, -6.976e-5
0.552, -7.046e-5
0.551, -7.143e-5
0.550, -7.168e-5
0.549, -7.288e-5
0.548, -7.383e-5
0.547, -7.448e-5
0.546, -7.526e-5
0.545, -7.626e-5
0.544, -7.705e-5
0.543, -7.789e-5
0.542, -7.854e-5
0.541, -7.924e-5
0.540, -7.998e-5
0.539, -8.065e-5
0.538, -8.160e-5
0.537, -8.236e-5
0.536, -8.276e-5
0.535, -8.368e-5
0.534, -8.441e-5
0.533, -8.503e-5
0.532, -8.583e-5
0.531, -8.654e-5
0.530, -8.731e-5
0.529, -8.810e-5
0.528, -8.881e-5
0.527, -8.963e-5
0.526, -9.039e-5
0.525, -9.099e-5
0.524, -9.175e-5
0.523, -9.238e-5
0.522, -9.307e-5
0.521, -9.392e-5
0.520, -9.452e-5
0.519, -9.541e-5
0.518, -9.614e-5
0.517, -9.693e-5
0.516, -9.782e-5
0.515, -9.849e-5
0.514, -9.938e-5
0.513, -1.003e-4
0.512, -1.025e-4
0.511, -1.031e-4
0.510, -1.034e-4
0.509, -1.038e-4
0.508, -1.045e-4
0.507, -1.053e-4
0.506, -1.064e-4
0.505, -1.072e-4
0.504, -1.078e-4
0.503, -1.089e-4
0.502, -1.099e-4
0.501, -1.108e-4
0.500, -1.121e-4
0.499, -1.126e-4
0.498, -1.140e-4
0.497, -1.152e-4
0.496, -1.160e-4
0.495, -1.171e-4
0.494, -1.178e-4
0.493, -1.189e-4
0.492, -1.202e-4
0.491, -1.211e-4
0.490, -1.220e-4
0.489, -1.232e-4
0.488, -1.242e-4
0.487, -1.258e-4
0.486, -1.272e-4
0.485, -1.284e-4
0.484, -1.297e-4
0.483, -1.306e-4
0.482, -1.321e-4
0.481, -1.336e-4
0.480, -1.350e-4
0.479, -1.368e-4
0.478, -1.384e-4
0.477, -1.400e-4
0.476, -1.416e-4
0.475, -1.427e-4
0.474, -1.442e-4
0.473, -1.455e-4
0.472, -1.476e-4
0.471, -1.494e-4
0.470, -1.510e-4
0.469, -1.533e-4
0.468, -1.552e-4
0.467, -1.570e-4
0.466, -1.591e-4
0.465, -1.615e-4
0.464, -1.636e-4
0.463, -1.658e-4
0.462, -1.678e-4
0.461, -1.702e-4
0.460, -1.725e-4
0.459, -1.749e-4
0.458, -1.774e-4
0.457, -1.800e-4
0.456, -1.824e-4
0.455, -1.854e-4
0.454, -1.882e-4
0.453, -1.908e-4
0.452, -1.936e-4
0.451, -1.967e-4
0.450, -1.999e-4
0.449, -2.030e-4
0.448, -2.058e-4
0.447, -2.094e-4
0.446, -2.131e-4
0.445, -2.165e-4
0.444, -2.199e-4
0.443, -2.236e-4
0.442, -2.274e-4
0.441, -2.313e-4
0.440, -2.352e-4
0.439, -2.392e-4
0.438, -2.431e-4
0.437, -2.471e-4
0.436, -2.512e-4
0.435, -2.558e-4
0.434, -2.605e-4
0.433, -2.644e-4
0.432, -2.687e-4
0.431, -2.732e-4
0.430, -2.773e-4
0.429, -2.817e-4
0.428, -2.869e-4
0.427, -2.911e-4
0.426, -2.958e-4
0.425, -2.999e-4
0.424, -3.045e-4
0.423, -3.093e-4
0.422, -3.130e-4
0.421, -3.176e-4
0.420, -3.222e-4
0.419, -3.266e-4
0.418, -3.308e-4
0.417, -3.356e-4
0.416, -3.398e-4
0.415, -3.445e-4
0.414, -3.488e-4
0.413, -3.530e-4
0.412, -3.573e-4
0.411, -3.616e-4
0.410, -3.633e-4
0.409, -3.620e-4
0.408, -3.675e-4
0.407, -3.722e-4
0.406, -3.763e-4
0.405, -3.807e-4
0.404, -3.852e-4
0.403, -3.889e-4
0.402, -3.926e-4
0.401, -3.960e-4
0.400, -3.996e-4
0.399, -4.033e-4
0.398, -4.070e-4
0.397, -4.101e-4
0.396, -4.131e-4
0.395, -4.165e-4
0.394, -4.200e-4
0.393, -4.227e-4
0.392, -4.254e-4
0.391, -4.286e-4
0.390, -4.311e-4
0.389, -4.336e-4
0.388, -4.355e-4
0.387, -4.373e-4
0.386, -4.388e-4
0.385, -4.403e-4
0.384, -4.420e-4
0.383, -4.429e-4
0.382, -4.434e-4
0.381, -4.434e-4
0.380, -4.431e-4
0.379, -4.427e-4
0.378, -4.416e-4
0.377, -4.405e-4
0.376, -4.388e-4
0.375, -4.367e-4
0.374, -4.342e-4
0.373, -4.312e-4
0.372, -4.279e-4
0.371, -4.237e-4
0.370, -4.197e-4
0.369, -4.149e-4
0.368, -4.103e-4
0.367, -4.051e-4
0.366, -3.993e-4
0.365, -3.939e-4
0.364, -3.877e-4
0.363, -3.808e-4
0.362, -3.738e-4
0.361, -3.667e-4
0.360, -3.595e-4
0.359, -3.517e-4
0.358, -3.439e-4
0.357, -3.358e-4
0.356, -3.275e-4
0.355, -3.192e-4
0.354, -3.110e-4
0.353, -3.025e-4
0.352, -2.941e-4
0.351, -2.859e-4
0.350, -2.773e-4
0.349, -2.691e-4
0.348, -2.611e-4
0.347, -2.524e-4
0.346, -2.446e-4
0.345, -2.367e-4
0.344, -2.287e-4
0.343, -2.212e-4
0.342, -2.140e-4
0.341, -2.066e-4
0.340, -1.997e-4
0.339, -1.929e-4
0.338, -1.866e-4
0.337, -1.800e-4
0.336, -1.739e-4
0.335, -1.684e-4
0.334, -1.626e-4
0.333, -1.569e-4
0.332, -1.517e-4
0.331, -1.464e-4
0.330, -1.416e-4
0.329, -1.367e-4
0.328, -1.320e-4
0.327, -1.278e-4
0.326, -1.235e-4
0.325, -1.196e-4
0.324, -1.161e-4
0.323, -1.122e-4
0.322, -1.084e-4
0.321, -1.051e-4
0.320, -1.018e-4
0.319, -9.872e-5
0.318, -9.573e-5
0.317, -9.305e-5
0.316, -9.041e-5
0.315, -8.772e-5
0.314, -8.500e-5
0.313, -8.265e-5
0.312, -8.034e-5
0.311, -7.816e-5
0.310, -7.602e-5
0.309, -7.389e-5
0.308, -7.202e-5
0.307, -7.047e-5
0.306, -6.874e-5
0.305, -6.722e-5
0.304, -6.561e-5
0.303, -6.400e-5
0.302, -6.221e-5
0.301, -6.061e-5
0.300, -5.914e-5
0.299, -5.772e-5
0.298, -5.641e-5
0.297, -5.520e-5
0.296, -5.399e-5
0.295, -5.279e-5
0.294, -5.163e-5
0.293, -5.040e-5
0.292, -4.939e-5
0.291, -4.831e-5
0.290, -4.733e-5
0.289, -4.645e-5
0.288, -4.555e-5
0.287, -4.468e-5
0.286, -4.393e-5
0.285, -4.315e-5
0.284, -4.242e-5
0.283, -4.167e-5
0.282, -4.091e-5
0.281, -4.014e-5
0.280, -3.936e-5
0.279, -3.872e-5
0.278, -3.794e-5
0.277, -3.721e-5
0.276, -3.658e-5
0.275, -3.592e-5
0.274, -3.530e-5
0.273, -3.480e-5
0.272, -3.422e-5
0.271, -3.369e-5
0.270, -3.309e-5
0.269, -3.259e-5
0.268, -3.213e-5
0.267, -3.164e-5
0.266, -3.121e-5
0.265, -3.076e-5
0.264, -3.037e-5
0.263, -2.995e-5
0.262, -2.947e-5
0.261, -2.910e-5
0.260, -2.872e-5
0.259, -2.829e-5
0.258, -2.791e-5
0.257, -2.754e-5
0.256, -2.717e-5
0.255, -2.689e-5
0.254, -2.652e-5
0.253, -2.617e-5
0.252, -2.580e-5
0.251, -2.548e-5
0.250, -2.515e-5
0.249, -2.497e-5
0.248, -2.465e-5
0.247, -2.427e-5
0.246, -2.406e-5
0.245, -2.375e-5
0.244, -2.350e-5
0.243, -2.322e-5
0.242, -2.295e-5
0.241, -2.278e-5
0.240, -2.247e-5
0.239, -2.230e-5
0.238, -2.209e-5
0.237, -2.176e-5
0.236, -2.155e-5
0.235, -2.136e-5
0.234, -2.113e-5
0.233, -2.095e-5
0.232, -2.078e-5
0.231, -2.065e-5
0.230, -2.038e-5
0.229, -2.023e-5
0.228, -2.003e-5
0.227, -1.986e-5
0.226, -1.964e-5
0.225, -1.955e-5
0.224, -1.932e-5
0.223, -1.922e-5
0.222, -1.898e-5
0.221, -1.888e-5
0.220, -1.870e-5
0.219, -1.858e-5
0.218, -1.847e-5
0.217, -1.828e-5
0.216, -1.811e-5
0.215, -1.802e-5
0.214, -1.789e-5
0.213, -1.773e-5
0.212, -1.757e-5
0.211, -1.747e-5
0.210, -1.735e-5
0.209, -1.716e-5
0.208, -1.711e-5
0.207, -1.695e-5
0.206, -1.677e-5
0.205, -1.667e-5
0.204, -1.652e-5
0.203, -1.634e-5
0.202, -1.620e-5
0.201, -1.619e-5
