Sept. 9, 2026   16:43:08
Cyclic Voltammetry
File: ni_foil_cv active.bin
Data Source:  Experiment
Instrument Model:  CHI660D
Header: 
Note: 

Init E (V) = 0
High E (V) = 0.8
Low E (V) = 0
Init P/N = P
Scan Rate (V/s) = 0.05
Segment = 50
Sample Interval (V) = 0.001
Quiet Time (sec) = 2
Sensitivity (A/V) = 0.1

Results:

Channel 1:
Segment 1:
Ep = 0.483V
ip = 9.950e-4A
Ah = 5.869e-4C

Segment 2:
Ep = 0.387V
ip = -4.950e-4A
Ah = -3.310e-4C

Segment 3:
Ep = 0.457V
ip = 1.337e-3A
Ah = 5.227e-4C

Segment 4:
Ep = 0.385V
ip = -6.812e-4A
Ah = -4.251e-4C

Segment 5:
Ep = 0.454V
ip = 1.643e-3A
Ah = 6.156e-4C

Segment 6:
Ep = 0.383V
ip = -8.383e-4A
Ah = -5.125e-4C

Segment 7:
Ep = 0.452V
ip = 1.882e-3A
Ah = 6.749e-4C

Segment 8:
Ep = 0.382V
ip = -9.715e-4A
Ah = -5.749e-4C

Segment 9:
Ep = 0.451V
ip = 2.081e-3A
Ah = 7.349e-4C

Segment 10:
Ep = 0.381V
ip = -1.088e-3A
Ah = -6.301e-4C

Segment 11:
Ep = 0.450V
ip = 2.249e-3A
Ah = 7.860e-4C

Segment 12:
Ep = 0.380V
ip = -1.195e-3A
Ah = -6.834e-4C

Segment 13:
Ep = 0.449V
ip = 2.406e-3A
Ah = 8.076e-4C

Segment 14:
Ep = 0.378V
ip = -1.296e-3A
Ah = -7.635e-4C

Segment 15:
Ep = 0.449V
ip = 2.529e-3A
Ah = 8.681e-4C

Segment 16:
Ep = 0.378V
ip = -1.383e-3A
Ah = -7.847e-4C

Segment 17:
Ep = 0.448V
ip = 2.646e-3A
Ah = 8.744e-4C

Segment 18:
Ep = 0.377V
ip = -1.469e-3A
Ah = -8.365e-4C

Segment 19:
Ep = 0.448V
ip = 2.747e-3A
Ah = 9.214e-4C

Segment 20:
Ep = 0.376V
ip = -1.549e-3A
Ah = -8.821e-4C

Segment 21:
Ep = 0.448V
ip = 2.846e-3A
Ah = 9.606e-4C

Segment 22:
Ep = 0.375V
ip = -1.625e-3A
Ah = -9.384e-4C

Segment 23:
Ep = 0.448V
ip = 2.929e-3A
Ah = 9.947e-4C

Segment 24:
Ep = 0.375V
ip = -1.694e-3A
Ah = -9.520e-4C

Segment 25:
Ep = 0.447V
ip = 3.016e-3A
Ah = 9.833e-4C

Segment 26:
Ep = 0.374V
ip = -1.766e-3A
Ah = -1.004e-3C

Segment 27:
Ep = 0.447V
ip = 3.091e-3A
Ah = 1.013e-3C

Segment 28:
Ep = 0.373V
ip = -1.833e-3A
Ah = -1.062e-3C

Segment 29:
Ep = 0.447V
ip = 3.163e-3A
Ah = 1.051e-3C

Segment 30:
Ep = 0.373V
ip = -1.894e-3A
Ah = -1.076e-3C

Segment 31:
Ep = 0.447V
ip = 3.223e-3A
Ah = 1.071e-3C

Segment 32:
Ep = 0.373V
ip = -1.955e-3A
Ah = -1.092e-3C

Segment 33:
Ep = 0.447V
ip = 3.290e-3A
Ah = 1.102e-3C

Segment 34:
Ep = 0.372V
ip = -2.016e-3A
Ah = -1.147e-3C

Segment 35:
Ep = 0.447V
ip = 3.348e-3A
Ah = 1.134e-3C

Segment 36:
Ep = 0.372V
ip = -2.071e-3A
Ah = -1.163e-3C

Segment 37:
Ep = 0.447V
ip = 3.407e-3A
Ah = 1.161e-3C

Segment 38:
Ep = 0.372V
ip = -2.117e-3A
Ah = -1.163e-3C

Segment 39:
Ep = 0.447V
ip = 3.456e-3A
Ah = 1.181e-3C

Segment 40:
Ep = 0.371V
ip = -2.171e-3A
Ah = -1.229e-3C

Segment 41:
Ep = 0.447V
ip = 3.499e-3A
Ah = 1.191e-3C

Segment 42:
Ep = 0.371V
ip = -2.219e-3A
Ah = -1.236e-3C

Segment 43:
Ep = 0.447V
ip = 3.558e-3A
Ah = 1.225e-3C

Segment 44:
Ep = 0.370V
ip = -2.272e-3A
Ah = -1.297e-3C

Segment 45:
Ep = 0.447V
ip = 3.602e-3A
Ah = 1.248e-3C

Segment 46:
Ep = 0.370V
ip = -2.321e-3A
Ah = -1.309e-3C

Segment 47:
Ep = 0.446V
ip = 3.645e-3A
Ah = 1.191e-3C

Segment 48:
Ep = 0.369V
ip = -2.364e-3A
Ah = -1.363e-3C

Segment 49:
Ep = 0.447V
ip = 3.682e-3A
Ah = 1.279e-3C

Segment 50:
Ep = 0.369V
ip = -2.410e-3A
Ah = -1.373e-3C

Potential/V, Current/A

0.000, 1.406e-5
0.001, 1.572e-5
0.002, 1.601e-5
0.003, 1.689e-5
0.004, 1.552e-5
0.005, 1.660e-5
0.006, 1.738e-5
0.007, 1.738e-5
0.008, 1.748e-5
0.009, 1.836e-5
0.010, 1.845e-5
0.011, 1.855e-5
0.012, 1.933e-5
0.013, 1.904e-5
0.014, 1.992e-5
0.015, 2.041e-5
0.016, 2.050e-5
0.017, 2.138e-5
0.018, 2.148e-5
0.019, 2.197e-5
0.020, 2.177e-5
0.021, 2.236e-5
0.022, 2.255e-5
0.023, 2.392e-5
0.024, 2.343e-5
0.025, 2.402e-5
0.026, 2.460e-5
0.027, 2.558e-5
0.028, 2.558e-5
0.029, 2.558e-5
0.030, 2.617e-5
0.031, 2.636e-5
0.032, 2.734e-5
0.033, 2.753e-5
0.034, 2.802e-5
0.035, 2.900e-5
0.036, 2.939e-5
0.037, 2.968e-5
0.038, 2.997e-5
0.039, 3.095e-5
0.040, 3.085e-5
0.041, 3.222e-5
0.042, 3.310e-5
0.043, 3.290e-5
0.044, 3.320e-5
0.045, 3.369e-5
0.046, 3.476e-5
0.047, 3.632e-5
0.048, 3.583e-5
0.049, 3.613e-5
0.050, 3.740e-5
0.051, 3.808e-5
0.052, 3.740e-5
0.053, 3.808e-5
0.054, 3.876e-5
0.055, 3.915e-5
0.056, 4.091e-5
0.057, 4.111e-5
0.058, 4.208e-5
0.059, 4.208e-5
0.060, 4.316e-5
0.061, 4.306e-5
0.062, 4.345e-5
0.063, 4.511e-5
0.064, 4.530e-5
0.065, 4.638e-5
0.066, 4.648e-5
0.067, 4.745e-5
0.068, 4.794e-5
0.069, 4.862e-5
0.070, 4.901e-5
0.071, 4.970e-5
0.072, 5.038e-5
0.073, 5.087e-5
0.074, 5.175e-5
0.075, 5.233e-5
0.076, 5.360e-5
0.077, 5.321e-5
0.078, 5.429e-5
0.079, 5.448e-5
0.080, 5.595e-5
0.081, 5.634e-5
0.082, 5.741e-5
0.083, 5.761e-5
0.084, 5.819e-5
0.085, 5.936e-5
0.086, 5.966e-5
0.087, 6.014e-5
0.088, 6.083e-5
0.089, 6.229e-5
0.090, 6.229e-5
0.091, 6.327e-5
0.092, 6.376e-5
0.093, 6.425e-5
0.094, 6.542e-5
0.095, 6.659e-5
0.096, 6.698e-5
0.097, 6.776e-5
0.098, 6.796e-5
0.099, 6.923e-5
0.100, 7.049e-5
0.101, 7.059e-5
0.102, 7.157e-5
0.103, 7.274e-5
0.104, 7.264e-5
0.105, 7.323e-5
0.106, 7.430e-5
0.107, 7.479e-5
0.108, 7.538e-5
0.109, 7.586e-5
0.110, 7.713e-5
0.111, 7.801e-5
0.112, 7.831e-5
0.113, 7.909e-5
0.114, 8.045e-5
0.115, 8.104e-5
0.116, 8.153e-5
0.117, 8.221e-5
0.118, 8.299e-5
0.119, 8.416e-5
0.120, 8.455e-5
0.121, 8.553e-5
0.122, 8.582e-5
0.123, 8.631e-5
0.124, 8.748e-5
0.125, 8.846e-5
0.126, 8.905e-5
0.127, 8.885e-5
0.128, 8.953e-5
0.129, 9.149e-5
0.130, 9.158e-5
0.131, 9.285e-5
0.132, 9.178e-5
0.133, 9.422e-5
0.134, 9.461e-5
0.135, 9.490e-5
0.136, 9.520e-5
0.137, 9.549e-5
0.138, 9.637e-5
0.139, 9.774e-5
0.140, 9.803e-5
0.141, 9.910e-5
0.142, 9.920e-5
0.143, 9.998e-5
0.144, 1.009e-4
0.145, 1.019e-4
0.146, 1.016e-4
0.147, 1.025e-4
0.148, 1.035e-4
0.149, 1.038e-4
0.150, 1.041e-4
0.151, 1.052e-4
0.152, 1.058e-4
0.153, 1.067e-4
0.154, 1.072e-4
0.155, 1.072e-4
0.156, 1.080e-4
0.157, 1.080e-4
0.158, 1.090e-4
0.159, 1.097e-4
0.160, 1.094e-4
0.161, 1.101e-4
0.162, 1.112e-4
0.163, 1.114e-4
0.164, 1.130e-4
0.165, 1.128e-4
0.166, 1.126e-4
0.167, 1.135e-4
0.168, 1.139e-4
0.169, 1.144e-4
0.170, 1.150e-4
0.171, 1.158e-4
0.172, 1.164e-4
0.173, 1.167e-4
0.174, 1.166e-4
0.175, 1.175e-4
0.176, 1.182e-4
0.177, 1.188e-4
0.178, 1.191e-4
0.179, 1.195e-4
0.180, 1.199e-4
0.181, 1.202e-4
0.182, 1.204e-4
0.183, 1.209e-4
0.184, 1.212e-4
0.185, 1.217e-4
0.186, 1.223e-4
0.187, 1.225e-4
0.188, 1.227e-4
0.189, 1.237e-4
0.190, 1.235e-4
0.191, 1.245e-4
0.192, 1.246e-4
0.193, 1.252e-4
0.194, 1.253e-4
0.195, 1.252e-4
0.196, 1.257e-4
0.197, 1.262e-4
0.198, 1.268e-4
0.199, 1.272e-4
0.200, 1.266e-4
0.201, 1.280e-4
0.202, 1.283e-4
0.203, 1.282e-4
0.204, 1.285e-4
0.205, 1.287e-4
0.206, 1.286e-4
0.207, 1.284e-4
0.208, 1.290e-4
0.209, 1.287e-4
0.210, 1.292e-4
0.211, 1.300e-4
0.212, 1.305e-4
0.213, 1.311e-4
0.214, 1.305e-4
0.215, 1.310e-4
0.216, 1.311e-4
0.217, 1.313e-4
0.218, 1.315e-4
0.219, 1.315e-4
0.220, 1.326e-4
0.221, 1.328e-4
0.222, 1.328e-4
0.223, 1.335e-4
0.224, 1.330e-4
0.225, 1.333e-4
0.226, 1.341e-4
0.227, 1.340e-4
0.228, 1.338e-4
0.229, 1.342e-4
0.230, 1.351e-4
0.231, 1.351e-4
0.232, 1.344e-4
0.233, 1.351e-4
0.234, 1.360e-4
0.235, 1.362e-4
0.236, 1.360e-4
0.237, 1.364e-4
0.238, 1.357e-4
0.239, 1.367e-4
0.240, 1.365e-4
0.241, 1.361e-4
0.242, 1.374e-4
0.243, 1.369e-4
0.244, 1.369e-4
0.245, 1.378e-4
0.246, 1.377e-4
0.247, 1.377e-4
0.248, 1.385e-4
0.249, 1.382e-4
0.250, 1.385e-4
0.251, 1.385e-4
0.252, 1.381e-4
0.253, 1.382e-4
0.254, 1.388e-4
0.255, 1.383e-4
0.256, 1.381e-4
0.257, 1.389e-4
0.258, 1.393e-4
0.259, 1.396e-4
0.260, 1.392e-4
0.261, 1.394e-4
0.262, 1.388e-4
0.263, 1.397e-4
0.264, 1.397e-4
0.265, 1.397e-4
0.266, 1.397e-4
0.267, 1.407e-4
0.268, 1.408e-4
0.269, 1.409e-4
0.270, 1.411e-4
0.271, 1.398e-4
0.272, 1.405e-4
0.273, 1.408e-4
0.274, 1.405e-4
0.275, 1.406e-4
0.276, 1.410e-4
0.277, 1.414e-4
0.278, 1.409e-4
0.279, 1.416e-4
0.280, 1.416e-4
0.281, 1.414e-4
0.282, 1.418e-4
0.283, 1.416e-4
0.284, 1.418e-4
0.285, 1.411e-4
0.286, 1.416e-4
0.287, 1.422e-4
0.288, 1.420e-4
0.289, 1.415e-4
0.290, 1.419e-4
0.291, 1.417e-4
0.292, 1.423e-4
0.293, 1.426e-4
0.294, 1.425e-4
0.295, 1.421e-4
0.296, 1.426e-4
0.297, 1.435e-4
0.298, 1.426e-4
0.299, 1.429e-4
0.300, 1.433e-4
0.301, 1.429e-4
0.302, 1.432e-4
0.303, 1.435e-4
0.304, 1.437e-4
0.305, 1.437e-4
0.306, 1.435e-4
0.307, 1.437e-4
0.308, 1.445e-4
0.309, 1.442e-4
0.310, 1.444e-4
0.311, 1.439e-4
0.312, 1.443e-4
0.313, 1.445e-4
0.314, 1.439e-4
0.315, 1.445e-4
0.316, 1.451e-4
0.317, 1.453e-4
0.318, 1.447e-4
0.319, 1.447e-4
0.320, 1.452e-4
0.321, 1.449e-4
0.322, 1.454e-4
0.323, 1.453e-4
0.324, 1.461e-4
0.325, 1.458e-4
0.326, 1.459e-4
0.327, 1.460e-4
0.328, 1.467e-4
0.329, 1.469e-4
0.330, 1.464e-4
0.331, 1.467e-4
0.332, 1.469e-4
0.333, 1.475e-4
0.334, 1.468e-4
0.335, 1.469e-4
0.336, 1.472e-4
0.337, 1.475e-4
0.338, 1.482e-4
0.339, 1.478e-4
0.340, 1.479e-4
0.341, 1.480e-4
0.342, 1.476e-4
0.343, 1.485e-4
0.344, 1.484e-4
0.345, 1.490e-4
0.346, 1.486e-4
0.347, 1.491e-4
0.348, 1.488e-4
0.349, 1.491e-4
0.350, 1.493e-4
0.351, 1.493e-4
0.352, 1.498e-4
0.353, 1.504e-4
0.354, 1.502e-4
0.355, 1.501e-4
0.356, 1.504e-4
0.357, 1.510e-4
0.358, 1.512e-4
0.359, 1.513e-4
0.360, 1.509e-4
0.361, 1.513e-4
0.362, 1.526e-4
0.363, 1.526e-4
0.364, 1.527e-4
0.365, 1.529e-4
0.366, 1.533e-4
0.367, 1.538e-4
0.368, 1.537e-4
0.369, 1.539e-4
0.370, 1.534e-4
0.371, 1.542e-4
0.372, 1.548e-4
0.373, 1.553e-4
0.374, 1.560e-4
0.375, 1.552e-4
0.376, 1.556e-4
0.377, 1.556e-4
0.378, 1.561e-4
0.379, 1.561e-4
0.380, 1.560e-4
0.381, 1.568e-4
0.382, 1.583e-4
0.383, 1.582e-4
0.384, 1.580e-4
0.385, 1.581e-4
0.386, 1.585e-4
0.387, 1.590e-4
0.388, 1.588e-4
0.389, 1.596e-4
0.390, 1.598e-4
0.391, 1.598e-4
0.392, 1.610e-4
0.393, 1.611e-4
0.394, 1.609e-4
0.395, 1.613e-4
0.396, 1.623e-4
0.397, 1.626e-4
0.398, 1.632e-4
0.399, 1.630e-4
0.400, 1.638e-4
0.401, 1.646e-4
0.402, 1.648e-4
0.403, 1.659e-4
0.404, 1.661e-4
0.405, 1.666e-4
0.406, 1.667e-4
0.407, 1.679e-4
0.408, 1.677e-4
0.409, 1.683e-4
0.410, 1.666e-4
0.411, 1.694e-4
0.412, 1.705e-4
0.413, 1.714e-4
0.414, 1.720e-4
0.415, 1.731e-4
0.416, 1.732e-4
0.417, 1.742e-4
0.418, 1.748e-4
0.419, 1.759e-4
0.420, 1.774e-4
0.421, 1.789e-4
0.422, 1.805e-4
0.423, 1.818e-4
0.424, 1.818e-4
0.425, 1.846e-4
0.426, 1.866e-4
0.427, 1.882e-4
0.428, 1.909e-4
0.429, 1.927e-4
0.430, 1.966e-4
0.431, 1.997e-4
0.432, 2.034e-4
0.433, 2.078e-4
0.434, 2.136e-4
0.435, 2.189e-4
0.436, 2.255e-4
0.437, 2.342e-4
0.438, 2.422e-4
0.439, 2.523e-4
0.440, 2.646e-4
0.441, 2.788e-4
0.442, 2.934e-4
0.443, 3.098e-4
0.444, 3.298e-4
0.445, 3.518e-4
0.446, 3.750e-4
0.447, 4.012e-4
0.448, 4.280e-4
0.449, 4.576e-4
0.450, 4.895e-4
0.451, 5.212e-4
0.452, 5.526e-4
0.453, 5.865e-4
0.454, 6.205e-4
0.455, 6.527e-4
0.456, 6.838e-4
0.457, 7.159e-4
0.458, 7.459e-4
0.459, 7.750e-4
0.460, 8.028e-4
0.461, 8.307e-4
0.462, 8.584e-4
0.463, 8.836e-4
0.464, 9.070e-4
0.465, 9.293e-4
0.466, 9.513e-4
0.467, 9.736e-4
0.468, 9.934e-4
0.469, 1.013e-3
0.470, 1.030e-3
0.471, 1.047e-3
0.472, 1.064e-3
0.473, 1.079e-3
0.474, 1.091e-3
0.475, 1.105e-3
0.476, 1.117e-3
0.477, 1.126e-3
0.478, 1.135e-3
0.479, 1.141e-3
0.480, 1.146e-3
0.481, 1.149e-3
0.482, 1.151e-3
0.483, 1.153e-3
0.484, 1.153e-3
0.485, 1.151e-3
0.486, 1.149e-3
0.487, 1.146e-3
0.488, 1.141e-3
0.489, 1.135e-3
0.490, 1.127e-3
0.491, 1.120e-3
0.492, 1.111e-3
0.493, 1.101e-3
0.494, 1.091e-3
0.495, 1.081e-3
0.496, 1.069e-3
0.497, 1.057e-3
0.498, 1.046e-3
0.499, 1.033e-3
0.500, 1.021e-3
0.501, 1.009e-3
0.502, 9.971e-4
0.503, 9.853e-4
0.504, 9.725e-4
0.505, 9.610e-4
0.506, 9.483e-4
0.507, 9.368e-4
0.508, 9.243e-4
0.509, 9.123e-4
0.510, 9.005e-4
0.511, 8.892e-4
0.512, 8.821e-4
0.513, 8.710e-4
0.514, 8.575e-4
0.515, 8.457e-4
0.516, 8.348e-4
0.517, 8.211e-4
0.518, 8.119e-4
0.519, 8.020e-4
0.520, 7.904e-4
0.521, 7.808e-4
0.522, 7.709e-4
0.523, 7.620e-4
0.524, 7.530e-4
0.525, 7.421e-4
0.526, 7.352e-4
0.527, 7.261e-4
0.528, 7.168e-4
0.529, 7.084e-4
0.530, 7.005e-4
0.531, 6.924e-4
0.532, 6.850e-4
0.533, 6.773e-4
0.534, 6.700e-4
0.535, 6.616e-4
0.536, 6.550e-4
0.537, 6.496e-4
0.538, 6.435e-4
0.539, 6.349e-4
0.540, 6.296e-4
0.541, 6.233e-4
0.542, 6.177e-4
0.543, 6.111e-4
0.544, 6.057e-4
0.545, 5.998e-4
0.546, 5.940e-4
0.547, 5.886e-4
0.548, 5.829e-4
0.549, 5.774e-4
0.550, 5.724e-4
0.551, 5.677e-4
0.552, 5.640e-4
0.553, 5.592e-4
0.554, 5.536e-4
0.555, 5.493e-4
0.556, 5.458e-4
0.557, 5.417e-4
0.558, 5.377e-4
0.559, 5.352e-4
0.560, 5.313e-4
0.561, 5.281e-4
0.562, 5.241e-4
0.563, 5.213e-4
0.564, 5.186e-4
0.565, 5.148e-4
0.566, 5.125e-4
0.567, 5.091e-4
0.568, 5.068e-4
0.569, 5.059e-4
0.570, 5.038e-4
0.571, 5.007e-4
0.572, 4.993e-4
0.573, 4.980e-4
0.574, 4.960e-4
0.575, 4.942e-4
0.576, 4.926e-4
0.577, 4.913e-4
0.578, 4.906e-4
0.579, 4.886e-4
0.580, 4.891e-4
0.581, 4.888e-4
0.582, 4.881e-4
0.583, 4.884e-4
0.584, 4.884e-4
0.585, 4.887e-4
0.586, 4.884e-4
0.587, 4.894e-4
0.588, 4.912e-4
0.589, 4.928e-4
0.590, 4.936e-4
0.591, 4.939e-4
0.592, 4.964e-4
0.593, 4.990e-4
0.594, 5.019e-4
0.595, 5.037e-4
0.596, 5.070e-4
0.597, 5.110e-4
0.598, 5.144e-4
0.599, 5.190e-4
0.600, 5.231e-4
0.601, 5.284e-4
0.602, 5.323e-4
0.603, 5.385e-4
0.604, 5.452e-4
0.605, 5.516e-4
0.606, 5.596e-4
0.607, 5.668e-4
0.608, 5.758e-4
0.609, 5.849e-4
0.610, 5.946e-4
0.611, 6.045e-4
0.612, 6.147e-4
0.613, 6.267e-4
0.614, 6.378e-4
0.615, 6.499e-4
0.616, 6.636e-4
0.617, 6.781e-4
0.618, 6.927e-4
0.619, 7.093e-4
0.620, 7.274e-4
0.621, 7.442e-4
0.622, 7.622e-4
0.623, 7.821e-4
0.624, 8.023e-4
0.625, 8.254e-4
0.626, 8.489e-4
0.627, 8.727e-4
0.628, 8.986e-4
0.629, 9.246e-4
0.630, 9.506e-4
0.631, 9.804e-4
0.632, 1.011e-3
0.633, 1.042e-3
0.634, 1.077e-3
0.635, 1.112e-3
0.636, 1.148e-3
0.637, 1.185e-3
0.638, 1.225e-3
0.639, 1.263e-3
0.640, 1.303e-3
0.641, 1.350e-3
0.642, 1.396e-3
0.643, 1.442e-3
0.644, 1.490e-3
0.645, 1.542e-3
0.646, 1.597e-3
0.647, 1.651e-3
0.648, 1.705e-3
0.649, 1.760e-3
0.650, 1.822e-3
0.651, 1.885e-3
0.652, 1.947e-3
0.653, 2.009e-3
0.654, 2.076e-3
0.655, 2.145e-3
0.656, 2.214e-3
0.657, 2.285e-3
0.658, 2.368e-3
0.659, 2.440e-3
0.660, 2.515e-3
0.661, 2.600e-3
0.662, 2.682e-3
0.663, 2.762e-3
0.664, 2.851e-3
0.665, 2.939e-3
0.666, 3.030e-3
0.667, 3.122e-3
0.668, 3.213e-3
0.669, 3.308e-3
0.670, 3.409e-3
0.671, 3.508e-3
0.672, 3.610e-3
0.673, 3.713e-3
0.674, 3.817e-3
0.675, 3.926e-3
0.676, 4.036e-3
0.677, 4.145e-3
0.678, 4.259e-3
0.679, 4.373e-3
0.680, 4.488e-3
0.681, 4.605e-3
0.682, 4.721e-3
0.683, 4.844e-3
0.684, 4.966e-3
0.685, 5.090e-3
0.686, 5.213e-3
0.687, 5.341e-3
0.688, 5.469e-3
0.689, 5.598e-3
0.690, 5.729e-3
0.691, 5.862e-3
0.692, 5.998e-3
0.693, 6.129e-3
0.694, 6.268e-3
0.695, 6.405e-3
0.696, 6.547e-3
0.697, 6.685e-3
0.698, 6.827e-3
0.699, 6.972e-3
0.700, 7.117e-3
0.701, 7.266e-3
0.702, 7.413e-3
0.703, 7.562e-3
0.704, 7.711e-3
0.705, 7.865e-3
0.706, 8.016e-3
0.707, 8.168e-3
0.708, 8.324e-3
0.709, 8.479e-3
0.710, 8.637e-3
0.711, 8.793e-3
0.712, 8.953e-3
0.713, 9.115e-3
0.714, 9.279e-3
0.715, 9.441e-3
0.716, 9.605e-3
0.717, 9.779e-3
0.718, 9.953e-3
0.719, 1.012e-2
0.720, 1.029e-2
0.721, 1.046e-2
0.722, 1.064e-2
0.723, 1.081e-2
0.724, 1.099e-2
0.725, 1.117e-2
0.726, 1.134e-2
0.727, 1.151e-2
0.728, 1.169e-2
0.729, 1.187e-2
0.730, 1.204e-2
0.731, 1.222e-2
0.732, 1.240e-2
0.733, 1.259e-2
0.734, 1.278e-2
0.735, 1.297e-2
0.736, 1.316e-2
0.737, 1.335e-2
0.738, 1.355e-2
0.739, 1.374e-2
0.740, 1.393e-2
0.741, 1.413e-2
0.742, 1.433e-2
0.743, 1.453e-2
0.744, 1.474e-2
0.745, 1.493e-2
0.746, 1.512e-2
0.747, 1.531e-2
0.748, 1.550e-2
0.749, 1.570e-2
0.750, 1.589e-2
0.751, 1.609e-2
0.752, 1.628e-2
0.753, 1.648e-2
0.754, 1.668e-2
0.755, 1.688e-2
0.756, 1.708e-2
0.757, 1.729e-2
0.758, 1.749e-2
0.759, 1.770e-2
0.760, 1.792e-2
0.761, 1.813e-2
0.762, 1.835e-2
0.763, 1.856e-2
0.764, 1.877e-2
0.765, 1.899e-2
0.766, 1.920e-2
0.767, 1.941e-2
0.768, 1.962e-2
0.769, 1.982e-2
0.770, 2.002e-2
0.771, 2.023e-2
0.772, 2.045e-2
0.773, 2.065e-2
0.774, 2.086e-2
0.775, 2.108e-2
0.776, 2.132e-2
0.777, 2.156e-2
0.778, 2.177e-2
0.779, 2.198e-2
0.780, 2.220e-2
0.781, 2.242e-2
0.782, 2.266e-2
0.783, 2.288e-2
0.784, 2.313e-2
0.785, 2.335e-2
0.786, 2.357e-2
0.787, 2.378e-2
0.788, 2.401e-2
0.789, 2.424e-2
0.790, 2.447e-2
0.791, 2.469e-2
0.792, 2.493e-2
0.793, 2.514e-2
0.794, 2.537e-2
0.795, 2.560e-2
0.796, 2.585e-2
0.797, 2.608e-2
0.798, 2.636e-2
0.799, 2.659e-2
0.800, 2.674e-2
0.799, 2.654e-2
0.798, 2.628e-2
0.797, 2.602e-2
0.796, 2.578e-2
0.795, 2.554e-2
0.794, 2.528e-2
0.793, 2.503e-2
0.792, 2.479e-2
0.791, 2.454e-2
0.790, 2.429e-2
0.789, 2.407e-2
0.788, 2.383e-2
0.787, 2.358e-2
0.786, 2.333e-2
0.785, 2.308e-2
0.784, 2.284e-2
0.783, 2.262e-2
0.782, 2.239e-2
0.781, 2.215e-2
0.780, 2.190e-2
0.779, 2.166e-2
0.778, 2.143e-2
0.777, 2.119e-2
0.776, 2.095e-2
0.775, 2.072e-2
0.774, 2.050e-2
0.773, 2.028e-2
0.772, 2.006e-2
0.771, 1.984e-2
0.770, 1.962e-2
0.769, 1.940e-2
0.768, 1.920e-2
0.767, 1.899e-2
0.766, 1.877e-2
0.765, 1.854e-2
0.764, 1.831e-2
0.763, 1.810e-2
0.762, 1.788e-2
0.761, 1.767e-2
0.760, 1.745e-2
0.759, 1.723e-2
0.758, 1.701e-2
0.757, 1.680e-2
0.756, 1.660e-2
0.755, 1.641e-2
0.754, 1.621e-2
0.753, 1.601e-2
0.752, 1.581e-2
0.751, 1.560e-2
0.750, 1.538e-2
0.749, 1.517e-2
0.748, 1.497e-2
0.747, 1.478e-2
0.746, 1.459e-2
0.745, 1.439e-2
0.744, 1.420e-2
0.743, 1.400e-2
0.742, 1.381e-2
0.741, 1.361e-2
0.740, 1.341e-2
0.739, 1.322e-2
0.738, 1.304e-2
0.737, 1.286e-2
0.736, 1.268e-2
0.735, 1.249e-2
0.734, 1.230e-2
0.733, 1.212e-2
0.732, 1.195e-2
0.731, 1.179e-2
0.730, 1.161e-2
0.729, 1.144e-2
0.728, 1.126e-2
0.727, 1.107e-2
0.726, 1.089e-2
0.725, 1.070e-2
0.724, 1.054e-2
0.723, 1.037e-2
0.722, 1.020e-2
0.721, 1.004e-2
0.720, 9.868e-3
0.719, 9.701e-3
0.718, 9.541e-3
0.717, 9.369e-3
0.716, 9.196e-3
0.715, 9.034e-3
0.714, 8.875e-3
0.713, 8.715e-3
0.712, 8.556e-3
0.711, 8.406e-3
0.710, 8.255e-3
0.709, 8.100e-3
0.708, 7.952e-3
0.707, 7.801e-3
0.706, 7.648e-3
0.705, 7.499e-3
0.704, 7.347e-3
0.703, 7.201e-3
0.702, 7.060e-3
0.701, 6.914e-3
0.700, 6.772e-3
0.699, 6.628e-3
0.698, 6.492e-3
0.697, 6.353e-3
0.696, 6.215e-3
0.695, 6.080e-3
0.694, 5.948e-3
0.693, 5.816e-3
0.692, 5.683e-3
0.691, 5.552e-3
0.690, 5.423e-3
0.689, 5.300e-3
0.688, 5.176e-3
0.687, 5.055e-3
0.686, 4.938e-3
0.685, 4.821e-3
0.684, 4.700e-3
0.683, 4.587e-3
0.682, 4.472e-3
0.681, 4.359e-3
0.680, 4.245e-3
0.679, 4.134e-3
0.678, 4.026e-3
0.677, 3.918e-3
0.676, 3.810e-3
0.675, 3.707e-3
0.674, 3.608e-3
0.673, 3.506e-3
0.672, 3.408e-3
0.671, 3.311e-3
0.670, 3.214e-3
0.669, 3.123e-3
0.668, 3.031e-3
0.667, 2.941e-3
0.666, 2.851e-3
0.665, 2.764e-3
0.664, 2.676e-3
0.663, 2.590e-3
0.662, 2.507e-3
0.661, 2.430e-3
0.660, 2.352e-3
0.659, 2.271e-3
0.658, 2.197e-3
0.657, 2.124e-3
0.656, 2.051e-3
0.655, 1.980e-3
0.654, 1.912e-3
0.653, 1.843e-3
0.652, 1.775e-3
0.651, 1.713e-3
0.650, 1.652e-3
0.649, 1.590e-3
0.648, 1.528e-3
0.647, 1.470e-3
0.646, 1.414e-3
0.645, 1.359e-3
0.644, 1.303e-3
0.643, 1.253e-3
0.642, 1.204e-3
0.641, 1.155e-3
0.640, 1.107e-3
0.639, 1.059e-3
0.638, 1.014e-3
0.637, 9.705e-4
0.636, 9.281e-4
0.635, 8.891e-4
0.634, 8.487e-4
0.633, 8.097e-4
0.632, 7.727e-4
0.631, 7.374e-4
0.630, 7.039e-4
0.629, 6.699e-4
0.628, 6.368e-4
0.627, 6.077e-4
0.626, 5.764e-4
0.625, 5.469e-4
0.624, 5.187e-4
0.623, 4.920e-4
0.622, 4.657e-4
0.621, 4.402e-4
0.620, 4.163e-4
0.619, 3.945e-4
0.618, 3.736e-4
0.617, 3.524e-4
0.616, 3.326e-4
0.615, 3.136e-4
0.614, 2.969e-4
0.613, 2.794e-4
0.612, 2.623e-4
0.611, 2.462e-4
0.610, 2.305e-4
0.609, 2.156e-4
0.608, 2.016e-4
0.607, 1.883e-4
0.606, 1.749e-4
0.605, 1.618e-4
0.604, 1.493e-4
0.603, 1.384e-4
0.602, 1.272e-4
0.601, 1.174e-4
0.600, 1.064e-4
0.599, 9.695e-5
0.598, 8.836e-5
0.597, 7.918e-5
0.596, 6.981e-5
0.595, 6.180e-5
0.594, 5.477e-5
0.593, 4.784e-5
0.592, 4.159e-5
0.591, 3.281e-5
0.590, 2.773e-5
0.589, 2.148e-5
0.588, 1.533e-5
0.587, 1.094e-5
0.586, 6.249e-6
0.585, 7.811e-7
0.584, -4.101e-6
0.583, -9.373e-6
0.582, -1.357e-5
0.581, -1.748e-5
0.580, -2.197e-5
0.579, -2.539e-5
0.578, -2.929e-5
0.577, -3.261e-5
0.576, -3.486e-5
0.575, -3.886e-5
0.574, -4.120e-5
0.573, -4.482e-5
0.572, -4.921e-5
0.571, -5.058e-5
0.570, -5.302e-5
0.569, -5.624e-5
0.568, -5.809e-5
0.567, -6.112e-5
0.566, -6.190e-5
0.565, -6.473e-5
0.564, -6.805e-5
0.563, -6.991e-5
0.562, -7.196e-5
0.561, -7.352e-5
0.560, -7.567e-5
0.559, -7.782e-5
0.558, -7.938e-5
0.557, -8.133e-5
0.556, -8.309e-5
0.555, -8.446e-5
0.554, -8.602e-5
0.553, -8.914e-5
0.552, -9.041e-5
0.551, -9.197e-5
0.550, -9.266e-5
0.549, -9.412e-5
0.548, -9.666e-5
0.547, -9.822e-5
0.546, -9.959e-5
0.545, -1.013e-4
0.544, -1.018e-4
0.543, -1.047e-4
0.542, -1.062e-4
0.541, -1.073e-4
0.540, -1.088e-4
0.539, -1.108e-4
0.538, -1.128e-4
0.537, -1.133e-4
0.536, -1.141e-4
0.535, -1.160e-4
0.534, -1.167e-4
0.533, -1.188e-4
0.532, -1.204e-4
0.531, -1.218e-4
0.530, -1.244e-4
0.529, -1.248e-4
0.528, -1.261e-4
0.527, -1.279e-4
0.526, -1.292e-4
0.525, -1.300e-4
0.524, -1.321e-4
0.523, -1.338e-4
0.522, -1.357e-4
0.521, -1.374e-4
0.520, -1.393e-4
0.519, -1.402e-4
0.518, -1.414e-4
0.517, -1.434e-4
0.516, -1.447e-4
0.515, -1.453e-4
0.514, -1.471e-4
0.513, -1.495e-4
0.512, -1.545e-4
0.511, -1.543e-4
0.510, -1.547e-4
0.509, -1.553e-4
0.508, -1.571e-4
0.507, -1.579e-4
0.506, -1.599e-4
0.505, -1.617e-4
0.504, -1.623e-4
0.503, -1.645e-4
0.502, -1.654e-4
0.501, -1.681e-4
0.500, -1.689e-4
0.499, -1.690e-4
0.498, -1.722e-4
0.497, -1.742e-4
0.496, -1.754e-4
0.495, -1.774e-4
0.494, -1.786e-4
0.493, -1.809e-4
0.492, -1.813e-4
0.491, -1.841e-4
0.490, -1.845e-4
0.489, -1.867e-4
0.488, -1.898e-4
0.487, -1.909e-4
0.486, -1.934e-4
0.485, -1.949e-4
0.484, -1.970e-4
0.483, -1.987e-4
0.482, -2.008e-4
0.481, -2.029e-4
0.480, -2.048e-4
0.479, -2.068e-4
0.478, -2.086e-4
0.477, -2.109e-4
0.476, -2.126e-4
0.475, -2.153e-4
0.474, -2.173e-4
0.473, -2.196e-4
0.472, -2.220e-4
0.471, -2.253e-4
0.470, -2.277e-4
0.469, -2.304e-4
0.468, -2.333e-4
0.467, -2.358e-4
0.466, -2.380e-4
0.465, -2.418e-4
0.464, -2.447e-4
0.463, -2.486e-4
0.462, -2.517e-4
0.461, -2.550e-4
0.460, -2.571e-4
0.459, -2.606e-4
0.458, -2.649e-4
0.457, -2.686e-4
0.456, -2.720e-4
0.455, -2.777e-4
0.454, -2.810e-4
0.453, -2.846e-4
0.452, -2.889e-4
0.451, -2.929e-4
0.450, -2.975e-4
0.449, -3.018e-4
0.448, -3.044e-4
0.447, -3.103e-4
0.446, -3.155e-4
0.445, -3.209e-4
0.444, -3.249e-4
0.443, -3.312e-4
0.442, -3.365e-4
0.441, -3.423e-4
0.440, -3.477e-4
0.439, -3.543e-4
0.438, -3.605e-4
0.437, -3.665e-4
0.436, -3.735e-4
0.435, -3.814e-4
0.434, -3.873e-4
0.433, -3.931e-4
0.432, -3.996e-4
0.431, -4.073e-4
0.430, -4.148e-4
0.429, -4.215e-4
0.428, -4.296e-4
0.427, -4.368e-4
0.426, -4.453e-4
0.425, -4.525e-4
0.424, -4.609e-4
0.423, -4.708e-4
0.422, -4.769e-4
0.421, -4.851e-4
0.420, -4.948e-4
0.419, -5.049e-4
0.418, -5.152e-4
0.417, -5.248e-4
0.416, -5.350e-4
0.415, -5.452e-4
0.414, -5.557e-4
0.413, -5.662e-4
0.412, -5.782e-4
0.411, -5.900e-4
0.410, -5.924e-4
0.409, -5.862e-4
0.408, -6.087e-4
0.407, -6.254e-4
0.406, -6.393e-4
0.405, -6.550e-4
0.404, -6.692e-4
0.403, -6.818e-4
0.402, -6.950e-4
0.401, -7.073e-4
0.400, -7.197e-4
0.399, -7.334e-4
0.398, -7.452e-4
0.397, -7.560e-4
0.396, -7.684e-4
0.395, -7.796e-4
0.394, -7.909e-4
0.393, -8.017e-4
0.392, -8.091e-4
0.391, -8.182e-4
0.390, -8.256e-4
0.389, -8.301e-4
0.388, -8.316e-4
0.387, -8.326e-4
0.386, -8.291e-4
0.385, -8.252e-4
0.384, -8.186e-4
0.383, -8.096e-4
0.382, -7.954e-4
0.381, -7.807e-4
0.380, -7.654e-4
0.379, -7.475e-4
0.378, -7.313e-4
0.377, -7.138e-4
0.376, -6.981e-4
0.375, -6.822e-4
0.374, -6.659e-4
0.373, -6.500e-4
0.372, -6.319e-4
0.371, -6.132e-4
0.370, -5.972e-4
0.369, -5.813e-4
0.368, -5.653e-4
0.367, -5.501e-4
0.366, -5.350e-4
0.365, -5.210e-4
0.364, -5.055e-4
0.363, -4.905e-4
0.362, -4.766e-4
0.361, -4.624e-4
0.360, -4.496e-4
0.359, -4.361e-4
0.358, -4.218e-4
0.357, -4.097e-4
0.356, -3.967e-4
0.355, -3.835e-4
0.354, -3.713e-4
0.353, -3.594e-4
0.352, -3.466e-4
0.351, -3.361e-4
0.350, -3.261e-4
0.349, -3.153e-4
0.348, -3.055e-4
0.347, -2.969e-4
0.346, -2.870e-4
0.345, -2.787e-4
0.344, -2.706e-4
0.343, -2.634e-4
0.342, -2.554e-4
0.341, -2.488e-4
0.340, -2.420e-4
0.339, -2.352e-4
0.338, -2.294e-4
0.337, -2.230e-4
0.336, -2.176e-4
0.335, -2.129e-4
0.334, -2.074e-4
0.333, -2.027e-4
0.332, -1.982e-4
0.331, -1.936e-4
0.330, -1.900e-4
0.329, -1.851e-4
0.328, -1.810e-4
0.327, -1.775e-4
0.326, -1.736e-4
0.325, -1.707e-4
0.324, -1.675e-4
0.323, -1.638e-4
0.322, -1.616e-4
0.321, -1.587e-4
0.320, -1.554e-4
0.319, -1.535e-4
0.318, -1.509e-4
0.317, -1.480e-4
0.316, -1.461e-4
0.315, -1.436e-4
0.314, -1.413e-4
0.313, -1.389e-4
0.312, -1.367e-4
0.311, -1.350e-4
0.310, -1.327e-4
0.309, -1.303e-4
0.308, -1.289e-4
0.307, -1.278e-4
0.306, -1.254e-4
0.305, -1.246e-4
0.304, -1.219e-4
0.303, -1.203e-4
0.302, -1.196e-4
0.301, -1.184e-4
0.300, -1.171e-4
0.299, -1.153e-4
0.298, -1.139e-4
0.297, -1.130e-4
0.296, -1.121e-4
0.295, -1.108e-4
0.294, -1.093e-4
0.293, -1.078e-4
0.292, -1.072e-4
0.291, -1.060e-4
0.290, -1.048e-4
0.289, -1.042e-4
0.288, -1.030e-4
0.287, -1.024e-4
0.286, -1.016e-4
0.285, -1.011e-4
0.284, -1.003e-4
0.283, -9.881e-5
0.282, -9.842e-5
0.281, -9.744e-5
0.280, -9.637e-5
0.279, -9.529e-5
0.278, -9.490e-5
0.277, -9.451e-5
0.276, -9.354e-5
0.275, -9.363e-5
0.274, -9.237e-5
0.273, -9.168e-5
0.272, -9.119e-5
0.271, -9.012e-5
0.270, -8.944e-5
0.269, -8.866e-5
0.268, -8.826e-5
0.267, -8.866e-5
0.266, -8.787e-5
0.265, -8.748e-5
0.264, -8.680e-5
0.263, -8.602e-5
0.262, -8.514e-5
0.261, -8.563e-5
0.260, -8.494e-5
0.259, -8.397e-5
0.258, -8.368e-5
0.257, -8.329e-5
0.256, -8.289e-5
0.255, -8.231e-5
0.254, -8.250e-5
0.253, -8.084e-5
0.252, -8.045e-5
0.251, -8.094e-5
0.250, -8.016e-5
0.249, -7.957e-5
0.248, -7.879e-5
0.247, -7.918e-5
0.246, -7.831e-5
0.245, -7.879e-5
0.244, -7.801e-5
0.243, -7.694e-5
0.242, -7.723e-5
0.241, -7.635e-5
0.240, -7.626e-5
0.239, -7.635e-5
0.238, -7.538e-5
0.237, -7.596e-5
0.236, -7.518e-5
0.235, -7.508e-5
0.234, -7.469e-5
0.233, -7.469e-5
0.232, -7.411e-5
0.231, -7.362e-5
0.230, -7.372e-5
0.229, -7.303e-5
0.228, -7.284e-5
0.227, -7.264e-5
0.226, -7.264e-5
0.225, -7.313e-5
0.224, -7.235e-5
0.223, -7.215e-5
0.222, -7.147e-5
0.221, -7.089e-5
0.220, -7.147e-5
0.219, -7.079e-5
0.218, -7.049e-5
0.217, -7.020e-5
0.216, -7.030e-5
0.215, -6.971e-5
0.214, -6.981e-5
0.213, -6.942e-5
0.212, -6.923e-5
0.211, -6.923e-5
0.210, -6.893e-5
0.209, -6.864e-5
0.208, -6.786e-5
0.207, -6.835e-5
0.206, -6.864e-5
0.205, -6.717e-5
0.204, -6.717e-5
0.203, -6.688e-5
0.202, -6.717e-5
0.201, -6.717e-5
0.200, -6.649e-5
0.199, -6.649e-5
0.198, -6.620e-5
0.197, -6.561e-5
0.196, -6.591e-5
0.195, -6.542e-5
0.194, -6.571e-5
0.193, -6.542e-5
0.192, -6.532e-5
0.191, -6.532e-5
0.190, -6.464e-5
0.189, -6.512e-5
0.188, -6.483e-5
0.187, -6.425e-5
0.186, -6.454e-5
0.185, -6.415e-5
0.184, -6.337e-5
0.183, -6.415e-5
0.182, -6.346e-5
0.181, -6.327e-5
0.180, -6.366e-5
0.179, -6.259e-5
0.178, -6.288e-5
0.177, -6.259e-5
0.176, -6.268e-5
0.175, -6.307e-5
0.174, -6.220e-5
0.173, -6.190e-5
0.172, -6.200e-5
0.171, -6.171e-5
0.170, -6.180e-5
0.169, -6.151e-5
0.168, -6.102e-5
0.167, -6.122e-5
0.166, -6.054e-5
0.165, -6.073e-5
0.164, -6.122e-5
0.163, -6.014e-5
0.162, -5.995e-5
0.161, -5.985e-5
0.160, -5.946e-5
0.159, -5.936e-5
0.158, -5.956e-5
0.157, -5.985e-5
0.156, -6.014e-5
0.155, -5.946e-5
0.154, -5.936e-5
0.153, -5.927e-5
0.152, -5.888e-5
0.151, -5.878e-5
0.150, -5.868e-5
0.149, -5.888e-5
0.148, -5.888e-5
0.147, -5.761e-5
0.146, -5.790e-5
0.145, -5.839e-5
0.144, -5.770e-5
0.143, -5.741e-5
0.142, -5.673e-5
0.141, -5.731e-5
0.140, -5.722e-5
0.139, -5.683e-5
0.138, -5.643e-5
0.137, -5.624e-5
0.136, -5.595e-5
0.135, -5.575e-5
0.134, -5.643e-5
0.133, -5.575e-5
0.132, -5.595e-5
0.131, -5.614e-5
0.130, -5.585e-5
0.129, -5.556e-5
0.128, -5.526e-5
0.127, -5.565e-5
0.126, -5.526e-5
0.125, -5.487e-5
0.124, -5.468e-5
0.123, -5.477e-5
0.122, -5.497e-5
0.121, -5.526e-5
0.120, -5.448e-5
0.119, -5.380e-5
0.118, -5.409e-5
0.117, -5.429e-5
0.116, -5.370e-5
0.115, -5.321e-5
0.114, -5.331e-5
0.113, -5.321e-5
0.112, -5.370e-5
0.111, -5.331e-5
0.110, -5.331e-5
0.109, -5.302e-5
0.108, -5.292e-5
0.107, -5.282e-5
0.106, -5.233e-5
0.105, -5.224e-5
0.104, -5.146e-5
0.103, -5.194e-5
0.102, -5.233e-5
0.101, -5.087e-5
0.100, -5.155e-5
0.099, -5.126e-5
0.098, -5.116e-5
0.097, -5.155e-5
0.096, -5.028e-5
0.095, -5.155e-5
0.094, -5.126e-5
0.093, -5.077e-5
0.092, -5.028e-5
0.091, -5.077e-5
0.090, -5.028e-5
0.089, -5.019e-5
0.088, -5.038e-5
0.087, -4.970e-5
0.086, -4.960e-5
0.085, -4.970e-5
0.084, -4.911e-5
0.083, -4.882e-5
0.082, -4.862e-5
0.081, -4.872e-5
0.080, -4.882e-5
0.079, -4.921e-5
0.078, -4.804e-5
0.077, -4.814e-5
0.076, -4.804e-5
0.075, -4.823e-5
0.074, -4.774e-5
0.073, -4.862e-5
0.072, -4.814e-5
0.071, -4.814e-5
0.070, -4.716e-5
0.069, -4.784e-5
0.068, -4.794e-5
0.067, -4.794e-5
0.066, -4.706e-5
0.065, -4.745e-5
0.064, -4.687e-5
0.063, -4.648e-5
0.062, -4.638e-5
0.061, -4.589e-5
0.060, -4.599e-5
0.059, -4.550e-5
0.058, -4.579e-5
0.057, -4.599e-5
0.056, -4.569e-5
0.055, -4.530e-5
0.054, -4.540e-5
0.053, -4.530e-5
0.052, -4.550e-5
0.051, -4.540e-5
0.050, -4.443e-5
0.049, -4.482e-5
0.048, -4.452e-5
0.047, -4.394e-5
0.046, -4.472e-5
0.045, -4.462e-5
0.044, -4.491e-5
0.043, -4.364e-5
0.042, -4.374e-5
0.041, -4.316e-5
0.040, -4.345e-5
0.039, -4.306e-5
0.038, -4.345e-5
0.037, -4.335e-5
0.036, -4.374e-5
0.035, -4.345e-5
0.034, -4.296e-5
0.033, -4.296e-5
0.032, -4.296e-5
0.031, -4.296e-5
0.030, -4.277e-5
0.029, -4.277e-5
0.028, -4.228e-5
0.027, -4.237e-5
0.026, -4.237e-5
0.025, -4.130e-5
0.024, -4.169e-5
0.023, -4.257e-5
0.022, -4.111e-5
0.021, -4.101e-5
0.020, -4.150e-5
0.019, -4.150e-5
0.018, -4.111e-5
0.017, -4.169e-5
0.016, -4.111e-5
0.015, -4.130e-5
0.014, -4.091e-5
0.013, -4.042e-5
0.012, -4.091e-5
0.011, -4.032e-5
0.010, -4.081e-5
0.009, -4.003e-5
0.008, -3.964e-5
0.007, -3.993e-5
0.006, -3.964e-5
0.005, -3.954e-5
0.004, -3.974e-5
0.003, -3.925e-5
0.002, -3.984e-5
0.001, -3.974e-5
0.000, -3.388e-5
0.001, -2.578e-5
0.002, -2.470e-5
0.003, -2.324e-5
0.004, -2.168e-5
0.005, -2.031e-5
0.006, -1.982e-5
0.007, -2.002e-5
0.008, -1.845e-5
0.009, -1.826e-5
0.010, -1.738e-5
0.011, -1.679e-5
0.012, -1.611e-5
0.013, -1.562e-5
0.014, -1.552e-5
0.015, -1.504e-5
0.016, -1.455e-5
0.017, -1.484e-5
0.018, -1.406e-5
0.019, -1.396e-5
0.020, -1.386e-5
0.021, -1.377e-5
0.022, -1.299e-5
0.023, -1.220e-5
0.024, -1.269e-5
0.025, -1.250e-5
0.026, -1.230e-5
0.027, -1.211e-5
0.028, -1.152e-5
0.029, -1.162e-5
0.030, -1.094e-5
0.031, -1.113e-5
0.032, -1.054e-5
0.033, -1.064e-5
0.034, -1.074e-5
0.035, -9.471e-6
0.036, -1.015e-5
0.037, -9.861e-6
0.038, -9.959e-6
0.039, -1.015e-5
0.040, -9.764e-6
0.041, -9.764e-6
0.042, -9.861e-6
0.043, -9.276e-6
0.044, -8.397e-6
0.045, -8.787e-6
0.046, -8.592e-6
0.047, -8.592e-6
0.048, -7.909e-6
0.049, -7.713e-6
0.050, -8.202e-6
0.051, -8.690e-6
0.052, -8.104e-6
0.053, -7.909e-6
0.054, -8.104e-6
0.055, -7.909e-6
0.056, -8.006e-6
0.057, -7.713e-6
0.058, -7.420e-6
0.059, -8.592e-6
0.060, -8.104e-6
0.061, -7.713e-6
0.062, -6.639e-6
0.063, -6.737e-6
0.064, -7.420e-6
0.065, -7.225e-6
0.066, -6.542e-6
0.067, -6.542e-6
0.068, -7.225e-6
0.069, -6.542e-6
0.070, -6.444e-6
0.071, -6.737e-6
0.072, -6.542e-6
0.073, -6.346e-6
0.074, -5.956e-6
0.075, -6.542e-6
0.076, -6.346e-6
0.077, -6.542e-6
0.078, -6.249e-6
0.079, -5.663e-6
0.080, -5.956e-6
0.081, -5.565e-6
0.082, -5.565e-6
0.083, -5.175e-6
0.084, -5.175e-6
0.085, -5.468e-6
0.086, -5.468e-6
0.087, -4.980e-6
0.088, -4.980e-6
0.089, -4.296e-6
0.090, -5.077e-6
0.091, -4.980e-6
0.092, -4.687e-6
0.093, -4.784e-6
0.094, -4.394e-6
0.095, -4.394e-6
0.096, -4.003e-6
0.097, -4.491e-6
0.098, -4.491e-6
0.099, -4.198e-6
0.100, -3.808e-6
0.101, -3.906e-6
0.102, -4.003e-6
0.103, -4.101e-6
0.104, -3.906e-6
0.105, -3.320e-6
0.106, -3.222e-6
0.107, -3.027e-6
0.108, -2.832e-6
0.109, -3.320e-6
0.110, -2.832e-6
0.111, -2.734e-6
0.112, -3.320e-6
0.113, -2.832e-6
0.114, -3.320e-6
0.115, -2.246e-6
0.116, -3.124e-6
0.117, -3.222e-6
0.118, -2.050e-6
0.119, -2.343e-6
0.120, -2.246e-6
0.121, -2.441e-6
0.122, -2.148e-6
0.123, -2.539e-6
0.124, -1.367e-6
0.125, -2.050e-6
0.126, -2.050e-6
0.127, -9.764e-7
0.128, -1.855e-6
0.129, -1.562e-6
0.130, -1.562e-6
0.131, -1.660e-6
0.132, -9.764e-7
0.133, -1.562e-6
0.134, -1.172e-6
0.135, -1.465e-6
0.136, -1.465e-6
0.137, -8.787e-7
0.138, -1.269e-6
0.139, -1.172e-6
0.140, -1.074e-6
0.141, -6.835e-7
0.142, -4.283e-12
0.143, -6.835e-7
0.144, -7.811e-7
0.145, -9.764e-8
0.146, 9.763e-8
0.147, 9.763e-8
0.148, -3.906e-7
0.149, -5.858e-7
0.150, -2.929e-7
0.151, 3.905e-7
0.152, 9.763e-8
0.153, -4.283e-12
0.154, 3.905e-7
0.155, 2.929e-7
0.156, 3.905e-7
0.157, -4.283e-12
0.158, 1.953e-7
0.159, 6.835e-7
0.160, 9.764e-7
0.161, 8.787e-7
0.162, 1.074e-6
0.163, 9.764e-7
0.164, 1.172e-6
0.165, 1.660e-6
0.166, 1.562e-6
0.167, 1.074e-6
0.168, 1.269e-6
0.169, 1.855e-6
0.170, 1.562e-6
0.171, 1.074e-6
0.172, 1.367e-6
0.173, 2.246e-6
0.174, 1.660e-6
0.175, 1.562e-6
0.176, 1.757e-6
0.177, 2.246e-6
0.178, 1.855e-6
0.179, 2.050e-6
0.180, 2.148e-6
0.181, 1.855e-6
0.182, 2.343e-6
0.183, 1.757e-6
0.184, 1.953e-6
0.185, 2.050e-6
0.186, 3.124e-6
0.187, 3.124e-6
0.188, 2.539e-6
0.189, 2.831e-6
0.190, 2.441e-6
0.191, 2.831e-6
0.192, 2.929e-6
0.193, 3.417e-6
0.194, 2.636e-6
0.195, 3.613e-6
0.196, 3.613e-6
0.197, 3.124e-6
0.198, 3.515e-6
0.199, 3.808e-6
0.200, 3.808e-6
0.201, 3.710e-6
0.202, 3.710e-6
0.203, 4.296e-6
0.204, 3.808e-6
0.205, 3.222e-6
0.206, 4.589e-6
0.207, 4.003e-6
0.208, 3.906e-6
0.209, 3.515e-6
0.210, 3.710e-6
0.211, 3.710e-6
0.212, 4.784e-6
0.213, 3.906e-6
0.214, 4.296e-6
0.215, 4.784e-6
0.216, 4.589e-6
0.217, 4.687e-6
0.218, 4.784e-6
0.219, 5.272e-6
0.220, 5.370e-6
0.221, 4.882e-6
0.222, 4.784e-6
0.223, 5.468e-6
0.224, 5.663e-6
0.225, 5.761e-6
0.226, 5.468e-6
0.227, 6.151e-6
0.228, 6.249e-6
0.229, 6.054e-6
0.230, 5.370e-6
0.231, 5.858e-6
0.232, 5.858e-6
0.233, 6.444e-6
0.234, 6.835e-6
0.235, 6.932e-6
0.236, 6.737e-6
0.237, 6.835e-6
0.238, 6.639e-6
0.239, 6.639e-6
0.240, 6.932e-6
0.241, 6.932e-6
0.242, 7.713e-6
0.243, 7.518e-6
0.244, 7.811e-6
0.245, 7.128e-6
0.246, 7.616e-6
0.247, 7.420e-6
0.248, 7.128e-6
0.249, 7.616e-6
0.250, 8.494e-6
0.251, 7.811e-6
0.252, 8.104e-6
0.253, 8.494e-6
0.254, 9.080e-6
0.255, 8.592e-6
0.256, 8.299e-6
0.257, 8.787e-6
0.258, 9.080e-6
0.259, 9.373e-6
0.260, 8.690e-6
0.261, 8.885e-6
0.262, 9.764e-6
0.263, 1.015e-5
0.264, 9.471e-6
0.265, 9.471e-6
0.266, 9.666e-6
0.267, 1.025e-5
0.268, 1.045e-5
0.269, 1.054e-5
0.270, 1.045e-5
0.271, 1.123e-5
0.272, 1.074e-5
0.273, 1.074e-5
0.274, 1.103e-5
0.275, 1.133e-5
0.276, 1.074e-5
0.277, 1.113e-5
0.278, 1.123e-5
0.279, 1.162e-5
0.280, 1.230e-5
0.281, 1.152e-5
0.282, 1.201e-5
0.283, 1.299e-5
0.284, 1.240e-5
0.285, 1.211e-5
0.286, 1.299e-5
0.287, 1.328e-5
0.288, 1.269e-5
0.289, 1.357e-5
0.290, 1.338e-5
0.291, 1.377e-5
0.292, 1.426e-5
0.293, 1.416e-5
0.294, 1.455e-5
0.295, 1.445e-5
0.296, 1.426e-5
0.297, 1.426e-5
0.298, 1.455e-5
0.299, 1.513e-5
0.300, 1.533e-5
0.301, 1.533e-5
0.302, 1.572e-5
0.303, 1.552e-5
0.304, 1.631e-5
0.305, 1.689e-5
0.306, 1.699e-5
0.307, 1.699e-5
0.308, 1.718e-5
0.309, 1.738e-5
0.310, 1.748e-5
0.311, 1.718e-5
0.312, 1.767e-5
0.313, 1.797e-5
0.314, 1.855e-5
0.315, 1.923e-5
0.316, 1.923e-5
0.317, 1.923e-5
0.318, 1.982e-5
0.319, 2.021e-5
0.320, 2.021e-5
0.321, 2.109e-5
0.322, 2.138e-5
0.323, 2.060e-5
0.324, 2.080e-5
0.325, 2.148e-5
0.326, 2.109e-5
0.327, 2.148e-5
0.328, 2.129e-5
0.329, 2.187e-5
0.330, 2.236e-5
0.331, 2.265e-5
0.332, 2.255e-5
0.333, 2.275e-5
0.334, 2.275e-5
0.335, 2.353e-5
0.336, 2.314e-5
0.337, 2.382e-5
0.338, 2.431e-5
0.339, 2.460e-5
0.340, 2.519e-5
0.341, 2.470e-5
0.342, 2.558e-5
0.343, 2.548e-5
0.344, 2.558e-5
0.345, 2.597e-5
0.346, 2.548e-5
0.347, 2.509e-5
0.348, 2.675e-5
0.349, 2.695e-5
0.350, 2.753e-5
0.351, 2.744e-5
0.352, 2.822e-5
0.353, 2.831e-5
0.354, 2.841e-5
0.355, 2.831e-5
0.356, 2.968e-5
0.357, 2.919e-5
0.358, 2.949e-5
0.359, 2.988e-5
0.360, 3.046e-5
0.361, 3.105e-5
0.362, 3.066e-5
0.363, 3.134e-5
0.364, 3.144e-5
0.365, 3.242e-5
0.366, 3.222e-5
0.367, 3.271e-5
0.368, 3.271e-5
0.369, 3.359e-5
0.370, 3.378e-5
0.371, 3.408e-5
0.372, 3.466e-5
0.373, 3.447e-5
0.374, 3.515e-5
0.375, 3.525e-5
0.376, 3.632e-5
0.377, 3.691e-5
0.378, 3.700e-5
0.379, 3.769e-5
0.380, 3.808e-5
0.381, 3.818e-5
0.382, 3.857e-5
0.383, 3.896e-5
0.384, 3.964e-5
0.385, 4.052e-5
0.386, 3.974e-5
0.387, 4.071e-5
0.388, 4.208e-5
0.389, 4.198e-5
0.390, 4.286e-5
0.391, 4.403e-5
0.392, 4.394e-5
0.393, 4.472e-5
0.394, 4.511e-5
0.395, 4.569e-5
0.396, 4.667e-5
0.397, 4.677e-5
0.398, 4.823e-5
0.399, 4.940e-5
0.400, 4.960e-5
0.401, 5.067e-5
0.402, 5.175e-5
0.403, 5.282e-5
0.404, 5.360e-5
0.405, 5.497e-5
0.406, 5.643e-5
0.407, 5.800e-5
0.408, 5.888e-5
0.409, 5.956e-5
0.410, 5.653e-5
0.411, 6.249e-5
0.412, 6.571e-5
0.413, 6.708e-5
0.414, 7.059e-5
0.415, 7.420e-5
0.416, 7.684e-5
0.417, 8.055e-5
0.418, 8.612e-5
0.419, 9.051e-5
0.420, 9.676e-5
0.421, 1.023e-4
0.422, 1.098e-4
0.423, 1.179e-4
0.424, 1.284e-4
0.425, 1.386e-4
0.426, 1.520e-4
0.427, 1.660e-4
0.428, 1.826e-4
0.429, 2.008e-4
0.430, 2.227e-4
0.431, 2.484e-4
0.432, 2.761e-4
0.433, 3.088e-4
0.434, 3.481e-4
0.435, 3.920e-4
0.436, 4.409e-4
0.437, 4.927e-4
0.438, 5.437e-4
0.439, 5.974e-4
0.440, 6.497e-4
0.441, 7.035e-4
0.442, 7.585e-4
0.443, 8.150e-4
0.444, 8.742e-4
0.445, 9.299e-4
0.446, 9.861e-4
0.447, 1.042e-3
0.448, 1.095e-3
0.449, 1.146e-3
0.450, 1.192e-3
0.451, 1.236e-3
0.452, 1.271e-3
0.453, 1.301e-3
0.454, 1.326e-3
0.455, 1.344e-3
0.456, 1.356e-3
0.457, 1.360e-3
0.458, 1.356e-3
0.459, 1.351e-3
0.460, 1.337e-3
0.461, 1.319e-3
0.462, 1.299e-3
0.463, 1.275e-3
0.464, 1.249e-3
0.465, 1.222e-3
0.466, 1.191e-3
0.467, 1.160e-3
0.468, 1.128e-3
0.469, 1.095e-3
0.470, 1.062e-3
0.471, 1.029e-3
0.472, 9.977e-4
0.473, 9.663e-4
0.474, 9.342e-4
0.475, 9.070e-4
0.476, 8.795e-4
0.477, 8.518e-4
0.478, 8.250e-4
0.479, 8.005e-4
0.480, 7.769e-4
0.481, 7.563e-4
0.482, 7.333e-4
0.483, 7.127e-4
0.484, 6.927e-4
0.485, 6.736e-4
0.486, 6.557e-4
0.487, 6.392e-4
0.488, 6.233e-4
0.489, 6.070e-4
0.490, 5.915e-4
0.491, 5.772e-4
0.492, 5.643e-4
0.493, 5.509e-4
0.494, 5.383e-4
0.495, 5.260e-4
0.496, 5.156e-4
0.497, 5.042e-4
0.498, 4.935e-4
0.499, 4.830e-4
0.500, 4.743e-4
0.501, 4.647e-4
0.502, 4.560e-4
0.503, 4.478e-4
0.504, 4.407e-4
0.505, 4.336e-4
0.506, 4.253e-4
0.507, 4.180e-4
0.508, 4.121e-4
0.509, 4.044e-4
0.510, 3.990e-4
0.511, 3.937e-4
0.512, 3.916e-4
0.513, 3.847e-4
0.514, 3.773e-4
0.515, 3.721e-4
0.516, 3.670e-4
0.517, 3.611e-4
0.518, 3.570e-4
0.519, 3.520e-4
0.520, 3.480e-4
0.521, 3.445e-4
0.522, 3.390e-4
0.523, 3.360e-4
0.524, 3.322e-4
0.525, 3.271e-4
0.526, 3.235e-4
0.527, 3.202e-4
0.528, 3.171e-4
0.529, 3.146e-4
0.530, 3.101e-4
0.531, 3.080e-4
0.532, 3.047e-4
0.533, 3.024e-4
0.534, 3.008e-4
0.535, 2.971e-4
0.536, 2.951e-4
0.537, 2.929e-4
0.538, 2.908e-4
0.539, 2.871e-4
0.540, 2.864e-4
0.541, 2.834e-4
0.542, 2.810e-4
0.543, 2.792e-4
0.544, 2.788e-4
0.545, 2.757e-4
0.546, 2.737e-4
0.547, 2.707e-4
0.548, 2.696e-4
0.549, 2.683e-4
0.550, 2.668e-4
0.551, 2.652e-4
0.552, 2.639e-4
0.553, 2.631e-4
0.554, 2.614e-4
0.555, 2.610e-4
0.556, 2.600e-4
0.557, 2.590e-4
0.558, 2.579e-4
0.559, 2.565e-4
0.560, 2.558e-4
0.561, 2.557e-4
0.562, 2.557e-4
0.563, 2.541e-4
0.564, 2.541e-4
0.565, 2.537e-4
0.566, 2.536e-4
0.567, 2.527e-4
0.568, 2.521e-4
0.569, 2.534e-4
0.570, 2.530e-4
0.571, 2.535e-4
0.572, 2.542e-4
0.573, 2.540e-4
0.574, 2.554e-4
0.575, 2.567e-4
0.576, 2.555e-4
0.577, 2.577e-4
0.578, 2.585e-4
0.579, 2.591e-4
0.580, 2.612e-4
0.581, 2.630e-4
0.582, 2.650e-4
0.583, 2.666e-4
0.584, 2.689e-4
0.585, 2.716e-4
0.586, 2.730e-4
0.587, 2.764e-4
0.588, 2.797e-4
0.589, 2.828e-4
0.590, 2.862e-4
0.591, 2.888e-4
0.592, 2.931e-4
0.593, 2.978e-4
0.594, 3.023e-4
0.595, 3.065e-4
0.596, 3.117e-4
0.597, 3.173e-4
0.598, 3.230e-4
0.599, 3.297e-4
0.600, 3.366e-4
0.601, 3.437e-4
0.602, 3.506e-4
0.603, 3.583e-4
0.604, 3.672e-4
0.605, 3.755e-4
0.606, 3.861e-4
0.607, 3.953e-4
0.608, 4.059e-4
0.609, 4.170e-4
0.610, 4.293e-4
0.611, 4.410e-4
0.612, 4.551e-4
0.613, 4.688e-4
0.614, 4.817e-4
0.615, 4.968e-4
0.616, 5.146e-4
0.617, 5.304e-4
0.618, 5.492e-4
0.619, 5.679e-4
0.620, 5.885e-4
0.621, 6.088e-4
0.622, 6.302e-4
0.623, 6.522e-4
0.624, 6.752e-4
0.625, 7.004e-4
0.626, 7.265e-4
0.627, 7.511e-4
0.628, 7.791e-4
0.629, 8.077e-4
0.630, 8.383e-4
0.631, 8.704e-4
0.632, 9.039e-4
0.633, 9.378e-4
0.634, 9.734e-4
0.635, 1.010e-3
0.636, 1.049e-3
0.637, 1.089e-3
0.638, 1.132e-3
0.639, 1.173e-3
0.640, 1.218e-3
0.641, 1.262e-3
0.642, 1.308e-3
0.643, 1.360e-3
0.644, 1.411e-3
0.645, 1.463e-3
0.646, 1.517e-3
0.647, 1.575e-3
0.648, 1.633e-3
0.649, 1.691e-3
0.650, 1.751e-3
0.651, 1.815e-3
0.652, 1.882e-3
0.653, 1.947e-3
0.654, 2.014e-3
0.655, 2.085e-3
0.656, 2.155e-3
0.657, 2.228e-3
0.658, 2.313e-3
0.659, 2.388e-3
0.660, 2.464e-3
0.661, 2.546e-3
0.662, 2.631e-3
0.663, 2.715e-3
0.664, 2.803e-3
0.665, 2.895e-3
0.666, 2.985e-3
0.667, 3.080e-3
0.668, 3.174e-3
0.669, 3.269e-3
0.670, 3.370e-3
0.671, 3.471e-3
0.672, 3.575e-3
0.673, 3.679e-3
0.674, 3.783e-3
0.675, 3.894e-3
0.676, 4.005e-3
0.677, 4.117e-3
0.678, 4.230e-3
0.679, 4.346e-3
0.680, 4.463e-3
0.681, 4.582e-3
0.682, 4.700e-3
0.683, 4.824e-3
0.684, 4.948e-3
0.685, 5.072e-3
0.686, 5.196e-3
0.687, 5.327e-3
0.688, 5.456e-3
0.689, 5.587e-3
0.690, 5.720e-3
0.691, 5.855e-3
0.692, 5.992e-3
0.693, 6.126e-3
0.694, 6.269e-3
0.695, 6.411e-3
0.696, 6.555e-3
0.697, 6.697e-3
0.698, 6.843e-3
0.699, 6.992e-3
0.700, 7.139e-3
0.701, 7.290e-3
0.702, 7.441e-3
0.703, 7.595e-3
0.704, 7.748e-3
0.705, 7.903e-3
0.706, 8.056e-3
0.707, 8.214e-3
0.708, 8.375e-3
0.709, 8.535e-3
0.710, 8.694e-3
0.711, 8.862e-3
0.712, 9.030e-3
0.713, 9.203e-3
0.714, 9.370e-3
0.715, 9.541e-3
0.716, 9.712e-3
0.717, 9.889e-3
0.718, 1.006e-2
0.719, 1.023e-2
0.720, 1.040e-2
0.721, 1.058e-2
0.722, 1.075e-2
0.723, 1.093e-2
0.724, 1.110e-2
0.725, 1.129e-2
0.726, 1.147e-2
0.727, 1.165e-2
0.728, 1.183e-2
0.729, 1.202e-2
0.730, 1.222e-2
0.731, 1.241e-2
0.732, 1.260e-2
0.733, 1.279e-2
0.734, 1.299e-2
0.735, 1.318e-2
0.736, 1.337e-2
0.737, 1.356e-2
0.738, 1.375e-2
0.739, 1.394e-2
0.740, 1.414e-2
0.741, 1.433e-2
0.742, 1.454e-2
0.743, 1.474e-2
0.744, 1.493e-2
0.745, 1.514e-2
0.746, 1.535e-2
0.747, 1.555e-2
0.748, 1.577e-2
0.749, 1.598e-2
0.750, 1.619e-2
0.751, 1.639e-2
0.752, 1.660e-2
0.753, 1.681e-2
0.754, 1.701e-2
0.755, 1.721e-2
0.756, 1.742e-2
0.757, 1.763e-2
0.758, 1.784e-2
0.759, 1.805e-2
0.760, 1.826e-2
0.761, 1.849e-2
0.762, 1.871e-2
0.763, 1.892e-2
0.764, 1.913e-2
0.765, 1.934e-2
0.766, 1.957e-2
0.767, 1.979e-2
0.768, 2.001e-2
0.769, 2.024e-2
0.770, 2.047e-2
0.771, 2.068e-2
0.772, 2.090e-2
0.773, 2.113e-2
0.774, 2.134e-2
0.775, 2.157e-2
0.776, 2.179e-2
0.777, 2.201e-2
0.778, 2.223e-2
0.779, 2.246e-2
0.780, 2.268e-2
0.781, 2.291e-2
0.782, 2.313e-2
0.783, 2.337e-2
0.784, 2.362e-2
0.785, 2.386e-2
0.786, 2.412e-2
0.787, 2.435e-2
0.788, 2.459e-2
0.789, 2.482e-2
0.790, 2.505e-2
0.791, 2.528e-2
0.792, 2.552e-2
0.793, 2.575e-2
0.794, 2.600e-2
0.795, 2.625e-2
0.796, 2.652e-2
0.797, 2.677e-2
0.798, 2.699e-2
0.799, 2.722e-2
0.800, 2.738e-2
0.799, 2.722e-2
0.798, 2.696e-2
0.797, 2.671e-2
0.796, 2.644e-2
0.795, 2.617e-2
0.794, 2.591e-2
0.793, 2.565e-2
0.792, 2.540e-2
0.791, 2.515e-2
0.790, 2.491e-2
0.789, 2.465e-2
0.788, 2.442e-2
0.787, 2.420e-2
0.786, 2.394e-2
0.785, 2.369e-2
0.784, 2.342e-2
0.783, 2.317e-2
0.782, 2.293e-2
0.781, 2.268e-2
0.780, 2.244e-2
0.779, 2.220e-2
0.778, 2.196e-2
0.777, 2.173e-2
0.776, 2.151e-2
0.775, 2.128e-2
0.774, 2.105e-2
0.773, 2.082e-2
0.772, 2.057e-2
0.771, 2.033e-2
0.770, 2.010e-2
0.769, 1.986e-2
0.768, 1.964e-2
0.767, 1.943e-2
0.766, 1.923e-2
0.765, 1.901e-2
0.764, 1.877e-2
0.763, 1.856e-2
0.762, 1.834e-2
0.761, 1.812e-2
0.760, 1.791e-2
0.759, 1.770e-2
0.758, 1.748e-2
0.757, 1.726e-2
0.756, 1.707e-2
0.755, 1.686e-2
0.754, 1.664e-2
0.753, 1.642e-2
0.752, 1.621e-2
0.751, 1.600e-2
0.750, 1.580e-2
0.749, 1.559e-2
0.748, 1.539e-2
0.747, 1.519e-2
0.746, 1.499e-2
0.745, 1.480e-2
0.744, 1.461e-2
0.743, 1.439e-2
0.742, 1.419e-2
0.741, 1.399e-2
0.740, 1.379e-2
0.739, 1.359e-2
0.738, 1.340e-2
0.737, 1.320e-2
0.736, 1.301e-2
0.735, 1.283e-2
0.734, 1.264e-2
0.733, 1.245e-2
0.732, 1.227e-2
0.731, 1.210e-2
0.730, 1.192e-2
0.729, 1.174e-2
0.728, 1.156e-2
0.727, 1.139e-2
0.726, 1.121e-2
0.725, 1.102e-2
0.724, 1.084e-2
0.723, 1.066e-2
0.722, 1.048e-2
0.721, 1.031e-2
0.720, 1.012e-2
0.719, 9.952e-3
0.718, 9.782e-3
0.717, 9.608e-3
0.716, 9.429e-3
0.715, 9.258e-3
0.714, 9.091e-3
0.713, 8.926e-3
0.712, 8.763e-3
0.711, 8.606e-3
0.710, 8.449e-3
0.709, 8.287e-3
0.708, 8.129e-3
0.707, 7.972e-3
0.706, 7.812e-3
0.705, 7.656e-3
0.704, 7.504e-3
0.703, 7.351e-3
0.702, 7.195e-3
0.701, 7.047e-3
0.700, 6.903e-3
0.699, 6.757e-3
0.698, 6.610e-3
0.697, 6.467e-3
0.696, 6.324e-3
0.695, 6.180e-3
0.694, 6.043e-3
0.693, 5.905e-3
0.692, 5.771e-3
0.691, 5.634e-3
0.690, 5.503e-3
0.689, 5.372e-3
0.688, 5.242e-3
0.687, 5.118e-3
0.686, 4.996e-3
0.685, 4.873e-3
0.684, 4.750e-3
0.683, 4.634e-3
0.682, 4.516e-3
0.681, 4.398e-3
0.680, 4.283e-3
0.679, 4.169e-3
0.678, 4.060e-3
0.677, 3.947e-3
0.676, 3.835e-3
0.675, 3.725e-3
0.674, 3.621e-3
0.673, 3.516e-3
0.672, 3.415e-3
0.671, 3.311e-3
0.670, 3.213e-3
0.669, 3.117e-3
0.668, 3.021e-3
0.667, 2.928e-3
0.666, 2.835e-3
0.665, 2.742e-3
0.664, 2.661e-3
0.663, 2.565e-3
0.662, 2.481e-3
0.661, 2.403e-3
0.660, 2.321e-3
0.659, 2.240e-3
0.658, 2.165e-3
0.657, 2.089e-3
0.656, 2.015e-3
0.655, 1.943e-3
0.654, 1.873e-3
0.653, 1.802e-3
0.652, 1.736e-3
0.651, 1.672e-3
0.650, 1.609e-3
0.649, 1.544e-3
0.648, 1.484e-3
0.647, 1.425e-3
0.646, 1.368e-3
0.645, 1.310e-3
0.644, 1.258e-3
0.643, 1.208e-3
0.642, 1.157e-3
0.641, 1.107e-3
0.640, 1.057e-3
0.639, 1.011e-3
0.638, 9.661e-4
0.637, 9.231e-4
0.636, 8.818e-4
0.635, 8.401e-4
0.634, 7.996e-4
0.633, 7.624e-4
0.632, 7.273e-4
0.631, 6.900e-4
0.630, 6.556e-4
0.629, 6.235e-4
0.628, 5.922e-4
0.627, 5.612e-4
0.626, 5.319e-4
0.625, 5.026e-4
0.624, 4.753e-4
0.623, 4.483e-4
0.622, 4.234e-4
0.621, 3.994e-4
0.620, 3.766e-4
0.619, 3.554e-4
0.618, 3.332e-4
0.617, 3.132e-4
0.616, 2.949e-4
0.615, 2.765e-4
0.614, 2.614e-4
0.613, 2.427e-4
0.612, 2.252e-4
0.611, 2.102e-4
0.610, 1.950e-4
0.609, 1.805e-4
0.608, 1.659e-4
0.607, 1.521e-4
0.606, 1.404e-4
0.605, 1.280e-4
0.604, 1.163e-4
0.603, 1.054e-4
0.602, 9.539e-5
0.601, 8.475e-5
0.600, 7.508e-5
0.599, 6.561e-5
0.598, 5.653e-5
0.597, 4.804e-5
0.596, 4.013e-5
0.595, 3.251e-5
0.594, 2.578e-5
0.593, 1.806e-5
0.592, 1.211e-5
0.591, 5.663e-6
0.590, 9.763e-8
0.589, -5.663e-6
0.588, -1.133e-5
0.587, -1.631e-5
0.586, -2.089e-5
0.585, -2.675e-5
0.584, -3.066e-5
0.583, -3.554e-5
0.582, -4.003e-5
0.581, -4.306e-5
0.580, -4.677e-5
0.579, -5.087e-5
0.578, -5.370e-5
0.577, -5.800e-5
0.576, -5.946e-5
0.575, -6.454e-5
0.574, -6.669e-5
0.573, -6.971e-5
0.572, -7.098e-5
0.571, -7.450e-5
0.570, -7.782e-5
0.569, -7.997e-5
0.568, -8.231e-5
0.567, -8.465e-5
0.566, -8.612e-5
0.565, -8.963e-5
0.564, -9.139e-5
0.563, -9.285e-5
0.562, -9.529e-5
0.561, -9.705e-5
0.560, -9.871e-5
0.559, -1.013e-4
0.558, -1.028e-4
0.557, -1.040e-4
0.556, -1.064e-4
0.555, -1.083e-4
0.554, -1.096e-4
0.553, -1.115e-4
0.552, -1.124e-4
0.551, -1.142e-4
0.550, -1.143e-4
0.549, -1.173e-4
0.548, -1.195e-4
0.547, -1.198e-4
0.546, -1.224e-4
0.545, -1.242e-4
0.544, -1.250e-4
0.543, -1.261e-4
0.542, -1.272e-4
0.541, -1.302e-4
0.540, -1.324e-4
0.539, -1.324e-4
0.538, -1.346e-4
0.537, -1.366e-4
0.536, -1.369e-4
0.535, -1.385e-4
0.534, -1.389e-4
0.533, -1.407e-4
0.532, -1.426e-4
0.531, -1.433e-4
0.530, -1.455e-4
0.529, -1.467e-4
0.528, -1.478e-4
0.527, -1.500e-4
0.526, -1.510e-4
0.525, -1.510e-4
0.524, -1.531e-4
0.523, -1.550e-4
0.522, -1.561e-4
0.521, -1.581e-4
0.520, -1.580e-4
0.519, -1.604e-4
0.518, -1.621e-4
0.517, -1.631e-4
0.516, -1.647e-4
0.515, -1.645e-4
0.514, -1.668e-4
0.513, -1.684e-4
0.512, -1.755e-4
0.511, -1.737e-4
0.510, -1.728e-4
0.509, -1.744e-4
0.508, -1.762e-4
0.507, -1.778e-4
0.506, -1.792e-4
0.505, -1.801e-4
0.504, -1.807e-4
0.503, -1.831e-4
0.502, -1.834e-4
0.501, -1.862e-4
0.500, -1.869e-4
0.499, -1.872e-4
0.498, -1.901e-4
0.497, -1.915e-4
0.496, -1.924e-4
0.495, -1.940e-4
0.494, -1.956e-4
0.493, -1.971e-4
0.492, -1.992e-4
0.491, -2.004e-4
0.490, -2.018e-4
0.489, -2.030e-4
0.488, -2.049e-4
0.487, -2.078e-4
0.486, -2.091e-4
0.485, -2.102e-4
0.484, -2.125e-4
0.483, -2.129e-4
0.482, -2.159e-4
0.481, -2.177e-4
0.480, -2.194e-4
0.479, -2.216e-4
0.478, -2.235e-4
0.477, -2.257e-4
0.476, -2.275e-4
0.475, -2.296e-4
0.474, -2.315e-4
0.473, -2.335e-4
0.472, -2.376e-4
0.471, -2.395e-4
0.470, -2.415e-4
0.469, -2.439e-4
0.468, -2.474e-4
0.467, -2.508e-4
0.466, -2.539e-4
0.465, -2.574e-4
0.464, -2.595e-4
0.463, -2.633e-4
0.462, -2.670e-4
0.461, -2.700e-4
0.460, -2.737e-4
0.459, -2.768e-4
0.458, -2.802e-4
0.457, -2.849e-4
0.456, -2.880e-4
0.455, -2.926e-4
0.454, -2.964e-4
0.453, -3.008e-4
0.452, -3.052e-4
0.451, -3.095e-4
0.450, -3.143e-4
0.449, -3.186e-4
0.448, -3.221e-4
0.447, -3.283e-4
0.446, -3.349e-4
0.445, -3.390e-4
0.444, -3.445e-4
0.443, -3.506e-4
0.442, -3.579e-4
0.441, -3.634e-4
0.440, -3.687e-4
0.439, -3.757e-4
0.438, -3.825e-4
0.437, -3.891e-4
0.436, -3.968e-4
0.435, -4.036e-4
0.434, -4.119e-4
0.433, -4.185e-4
0.432, -4.258e-4
0.431, -4.333e-4
0.430, -4.410e-4
0.429, -4.499e-4
0.428, -4.582e-4
0.427, -4.671e-4
0.426, -4.769e-4
0.425, -4.847e-4
0.424, -4.947e-4
0.423, -5.037e-4
0.422, -5.133e-4
0.421, -5.250e-4
0.420, -5.365e-4
0.419, -5.459e-4
0.418, -5.594e-4
0.417, -5.712e-4
0.416, -5.842e-4
0.415, -5.977e-4
0.414, -6.097e-4
0.413, -6.247e-4
0.412, -6.394e-4
0.411, -6.518e-4
0.410, -6.561e-4
0.409, -6.524e-4
0.408, -6.765e-4
0.407, -6.958e-4
0.406, -7.138e-4
0.405, -7.324e-4
0.404, -7.510e-4
0.403, -7.678e-4
0.402, -7.863e-4
0.401, -8.051e-4
0.400, -8.241e-4
0.399, -8.429e-4
0.398, -8.612e-4
0.397, -8.785e-4
0.396, -8.963e-4
0.395, -9.143e-4
0.394, -9.336e-4
0.393, -9.499e-4
0.392, -9.669e-4
0.391, -9.824e-4
0.390, -9.951e-4
0.389, -1.007e-3
0.388, -1.016e-3
0.387, -1.023e-3
0.386, -1.027e-3
0.385, -1.029e-3
0.384, -1.028e-3
0.383, -1.024e-3
0.382, -1.014e-3
0.381, -1.002e-3
0.380, -9.864e-4
0.379, -9.668e-4
0.378, -9.458e-4
0.377, -9.232e-4
0.376, -9.003e-4
0.375, -8.765e-4
0.374, -8.499e-4
0.373, -8.253e-4
0.372, -8.000e-4
0.371, -7.726e-4
0.370, -7.472e-4
0.369, -7.214e-4
0.368, -6.958e-4
0.367, -6.717e-4
0.366, -6.468e-4
0.365, -6.203e-4
0.364, -5.936e-4
0.363, -5.668e-4
0.362, -5.427e-4
0.361, -5.185e-4
0.360, -4.953e-4
0.359, -4.729e-4
0.358, -4.520e-4
0.357, -4.319e-4
0.356, -4.126e-4
0.355, -3.942e-4
0.354, -3.761e-4
0.353, -3.591e-4
0.352, -3.428e-4
0.351, -3.287e-4
0.350, -3.146e-4
0.349, -3.013e-4
0.348, -2.896e-4
0.347, -2.785e-4
0.346, -2.678e-4
0.345, -2.570e-4
0.344, -2.480e-4
0.343, -2.401e-4
0.342, -2.312e-4
0.341, -2.246e-4
0.340, -2.165e-4
0.339, -2.100e-4
0.338, -2.040e-4
0.337, -1.981e-4
0.336, -1.927e-4
0.335, -1.881e-4
0.334, -1.834e-4
0.333, -1.782e-4
0.332, -1.738e-4
0.331, -1.690e-4
0.330, -1.651e-4
0.329, -1.615e-4
0.328, -1.577e-4
0.327, -1.543e-4
0.326, -1.514e-4
0.325, -1.484e-4
0.324, -1.460e-4
0.323, -1.425e-4
0.322, -1.405e-4
0.321, -1.381e-4
0.320, -1.349e-4
0.319, -1.323e-4
0.318, -1.299e-4
0.317, -1.275e-4
0.316, -1.265e-4
0.315, -1.243e-4
0.314, -1.226e-4
0.313, -1.206e-4
0.312, -1.189e-4
0.311, -1.174e-4
0.310, -1.151e-4
0.309, -1.137e-4
0.308, -1.128e-4
0.307, -1.117e-4
0.306, -1.092e-4
0.305, -1.091e-4
0.304, -1.074e-4
0.303, -1.061e-4
0.302, -1.043e-4
0.301, -1.044e-4
0.300, -1.026e-4
0.299, -1.014e-4
0.298, -1.007e-4
0.297, -9.979e-5
0.296, -9.842e-5
0.295, -9.832e-5
0.294, -9.637e-5
0.293, -9.578e-5
0.292, -9.490e-5
0.291, -9.412e-5
0.290, -9.373e-5
0.289, -9.295e-5
0.288, -9.149e-5
0.287, -9.129e-5
0.286, -9.071e-5
0.285, -8.934e-5
0.284, -8.895e-5
0.283, -8.856e-5
0.282, -8.826e-5
0.281, -8.719e-5
0.280, -8.631e-5
0.279, -8.514e-5
0.278, -8.446e-5
0.277, -8.416e-5
0.276, -8.348e-5
0.275, -8.202e-5
0.274, -8.260e-5
0.273, -8.192e-5
0.272, -8.153e-5
0.271, -8.114e-5
0.270, -8.143e-5
0.269, -7.987e-5
0.268, -7.909e-5
0.267, -7.918e-5
0.266, -7.889e-5
0.265, -7.733e-5
0.264, -7.762e-5
0.263, -7.743e-5
0.262, -7.694e-5
0.261, -7.567e-5
0.260, -7.616e-5
0.259, -7.586e-5
0.258, -7.626e-5
0.257, -7.508e-5
0.256, -7.499e-5
0.255, -7.401e-5
0.254, -7.362e-5
0.253, -7.313e-5
0.252, -7.294e-5
0.251, -7.294e-5
0.250, -7.264e-5
0.249, -7.206e-5
0.248, -7.206e-5
0.247, -7.225e-5
0.246, -7.049e-5
0.245, -7.108e-5
0.244, -7.040e-5
0.243, -7.049e-5
0.242, -6.971e-5
0.241, -7.079e-5
0.240, -7.001e-5
0.239, -6.952e-5
0.238, -7.001e-5
0.237, -6.923e-5
0.236, -6.874e-5
0.235, -6.825e-5
0.234, -6.893e-5
0.233, -6.883e-5
0.232, -6.717e-5
0.231, -6.757e-5
0.230, -6.776e-5
0.229, -6.708e-5
0.228, -6.708e-5
0.227, -6.600e-5
0.226, -6.669e-5
0.225, -6.620e-5
0.224, -6.591e-5
0.223, -6.542e-5
0.222, -6.581e-5
0.221, -6.600e-5
0.220, -6.512e-5
0.219, -6.542e-5
0.218, -6.464e-5
0.217, -6.405e-5
0.216, -6.434e-5
0.215, -6.395e-5
0.214, -6.464e-5
0.213, -6.366e-5
0.212, -6.337e-5
0.211, -6.307e-5
0.210, -6.298e-5
0.209, -6.376e-5
0.208, -6.249e-5
0.207, -6.239e-5
0.206, -6.239e-5
0.205, -6.268e-5
0.204, -6.210e-5
0.203, -6.229e-5
0.202, -6.249e-5
0.201, -6.161e-5
0.200, -6.229e-5
0.199, -6.141e-5
0.198, -6.102e-5
0.197, -6.122e-5
0.196, -6.112e-5
0.195, -6.034e-5
0.194, -6.063e-5
0.193, -6.093e-5
0.192, -6.014e-5
0.191, -6.014e-5
0.190, -6.024e-5
0.189, -6.044e-5
0.188, -6.054e-5
0.187, -5.966e-5
0.186, -6.005e-5
0.185, -6.044e-5
0.184, -5.917e-5
0.183, -5.936e-5
0.182, -5.966e-5
0.181, -5.917e-5
0.180, -5.966e-5
0.179, -5.849e-5
0.178, -5.946e-5
0.177, -5.809e-5
0.176, -5.809e-5
0.175, -5.800e-5
0.174, -5.819e-5
0.173, -5.800e-5
0.172, -5.800e-5
0.171, -5.819e-5
0.170, -5.829e-5
0.169, -5.780e-5
0.168, -5.780e-5
0.167, -5.780e-5
0.166, -5.673e-5
0.165, -5.673e-5
0.164, -5.634e-5
0.163, -5.673e-5
0.162, -5.761e-5
0.161, -5.643e-5
0.160, -5.722e-5
0.159, -5.643e-5
0.158, -5.595e-5
0.157, -5.575e-5
0.156, -5.575e-5
0.155, -5.663e-5
0.154, -5.683e-5
0.153, -5.653e-5
0.152, -5.595e-5
0.151, -5.614e-5
0.150, -5.624e-5
0.149, -5.575e-5
0.148, -5.497e-5
0.147, -5.526e-5
0.146, -5.477e-5
0.145, -5.565e-5
0.144, -5.458e-5
0.143, -5.458e-5
0.142, -5.487e-5
0.141, -5.487e-5
0.140, -5.419e-5
0.139, -5.419e-5
0.138, -5.497e-5
0.137, -5.429e-5
0.136, -5.390e-5
0.135, -5.419e-5
0.134, -5.448e-5
0.133, -5.370e-5
0.132, -5.399e-5
0.131, -5.360e-5
0.130, -5.351e-5
0.129, -5.409e-5
0.128, -5.282e-5
0.127, -5.282e-5
0.126, -5.311e-5
0.125, -5.263e-5
0.124, -5.243e-5
0.123, -5.282e-5
0.122, -5.302e-5
0.121, -5.224e-5
0.120, -5.185e-5
0.119, -5.302e-5
0.118, -5.224e-5
0.117, -5.253e-5
0.116, -5.263e-5
0.115, -5.175e-5
0.114, -5.214e-5
0.113, -5.185e-5
0.112, -5.155e-5
0.111, -5.194e-5
0.110, -5.116e-5
0.109, -5.116e-5
0.108, -5.067e-5
0.107, -5.106e-5
0.106, -5.097e-5
0.105, -5.097e-5
0.104, -5.116e-5
0.103, -5.155e-5
0.102, -5.146e-5
0.101, -5.058e-5
0.100, -4.999e-5
0.099, -4.999e-5
0.098, -5.048e-5
0.097, -5.028e-5
0.096, -5.009e-5
0.095, -5.028e-5
0.094, -5.038e-5
0.093, -5.048e-5
0.092, -4.940e-5
0.091, -4.989e-5
0.090, -4.921e-5
0.089, -4.901e-5
0.088, -4.911e-5
0.087, -4.911e-5
0.086, -4.843e-5
0.085, -4.901e-5
0.084, -4.950e-5
0.083, -4.843e-5
0.082, -4.862e-5
0.081, -4.892e-5
0.080, -4.862e-5
0.079, -4.862e-5
0.078, -4.804e-5
0.077, -4.833e-5
0.076, -4.862e-5
0.075, -4.814e-5
0.074, -4.814e-5
0.073, -4.726e-5
0.072, -4.784e-5
0.071, -4.784e-5
0.070, -4.794e-5
0.069, -4.735e-5
0.068, -4.677e-5
0.067, -4.726e-5
0.066, -4.726e-5
0.065, -4.716e-5
0.064, -4.687e-5
0.063, -4.648e-5
0.062, -4.667e-5
0.061, -4.618e-5
0.060, -4.628e-5
0.059, -4.648e-5
0.058, -4.550e-5
0.057, -4.569e-5
0.056, -4.599e-5
0.055, -4.579e-5
0.054, -4.530e-5
0.053, -4.560e-5
0.052, -4.569e-5
0.051, -4.501e-5
0.050, -4.482e-5
0.049, -4.443e-5
0.048, -4.482e-5
0.047, -4.472e-5
0.046, -4.482e-5
0.045, -4.452e-5
0.044, -4.482e-5
0.043, -4.443e-5
0.042, -4.433e-5
0.041, -4.355e-5
0.040, -4.345e-5
0.039, -4.374e-5
0.038, -4.433e-5
0.037, -4.423e-5
0.036, -4.384e-5
0.035, -4.335e-5
0.034, -4.345e-5
0.033, -4.335e-5
0.032, -4.335e-5
0.031, -4.316e-5
0.030, -4.296e-5
0.029, -4.257e-5
0.028, -4.228e-5
0.027, -4.267e-5
0.026, -4.306e-5
0.025, -4.208e-5
0.024, -4.228e-5
0.023, -4.267e-5
0.022, -4.189e-5
0.021, -4.189e-5
0.020, -4.208e-5
0.019, -4.198e-5
0.018, -4.198e-5
0.017, -4.169e-5
0.016, -4.179e-5
0.015, -4.228e-5
0.014, -4.218e-5
0.013, -4.111e-5
0.012, -4.120e-5
0.011, -4.130e-5
0.010, -4.120e-5
0.009, -4.091e-5
0.008, -4.091e-5
0.007, -4.111e-5
0.006, -4.101e-5
0.005, -4.081e-5
0.004, -4.023e-5
0.003, -4.052e-5
0.002, -4.062e-5
0.001, -4.071e-5
0.000, -3.456e-5
0.001, -2.558e-5
0.002, -2.363e-5
0.003, -2.255e-5
0.004, -2.041e-5
0.005, -2.002e-5
0.006, -1.855e-5
0.007, -1.806e-5
0.008, -1.777e-5
0.009, -1.689e-5
0.010, -1.611e-5
0.011, -1.582e-5
0.012, -1.523e-5
0.013, -1.562e-5
0.014, -1.455e-5
0.015, -1.396e-5
0.016, -1.347e-5
0.017, -1.377e-5
0.018, -1.396e-5
0.019, -1.269e-5
0.020, -1.172e-5
0.021, -1.250e-5
0.022, -1.240e-5
0.023, -1.181e-5
0.024, -1.152e-5
0.025, -1.103e-5
0.026, -1.094e-5
0.027, -1.035e-5
0.028, -1.074e-5
0.029, -9.959e-6
0.030, -1.015e-5
0.031, -9.959e-6
0.032, -9.471e-6
0.033, -8.983e-6
0.034, -9.373e-6
0.035, -9.471e-6
0.036, -8.592e-6
0.037, -8.397e-6
0.038, -8.690e-6
0.039, -8.787e-6
0.040, -8.104e-6
0.041, -8.397e-6
0.042, -8.104e-6
0.043, -7.518e-6
0.044, -8.202e-6
0.045, -7.909e-6
0.046, -7.616e-6
0.047, -7.616e-6
0.048, -7.518e-6
0.049, -7.420e-6
0.050, -7.128e-6
0.051, -6.932e-6
0.052, -7.323e-6
0.053, -7.518e-6
0.054, -7.616e-6
0.055, -6.737e-6
0.056, -7.030e-6
0.057, -6.054e-6
0.058, -7.030e-6
0.059, -6.639e-6
0.060, -5.858e-6
0.061, -5.468e-6
0.062, -5.858e-6
0.063, -5.468e-6
0.064, -5.565e-6
0.065, -5.077e-6
0.066, -5.663e-6
0.067, -5.468e-6
0.068, -5.663e-6
0.069, -5.272e-6
0.070, -4.882e-6
0.071, -4.882e-6
0.072, -5.663e-6
0.073, -5.175e-6
0.074, -5.077e-6
0.075, -4.882e-6
0.076, -4.394e-6
0.077, -4.394e-6
0.078, -4.882e-6
0.079, -4.394e-6
0.080, -4.003e-6
0.081, -3.906e-6
0.082, -4.003e-6
0.083, -4.296e-6
0.084, -3.320e-6
0.085, -4.296e-6
0.086, -3.222e-6
0.087, -3.808e-6
0.088, -4.198e-6
0.089, -3.222e-6
0.090, -3.613e-6
0.091, -3.222e-6
0.092, -3.710e-6
0.093, -3.613e-6
0.094, -3.027e-6
0.095, -3.320e-6
0.096, -3.613e-6
0.097, -2.539e-6
0.098, -2.929e-6
0.099, -2.441e-6
0.100, -2.246e-6
0.101, -2.343e-6
0.102, -2.343e-6
0.103, -2.148e-6
0.104, -2.343e-6
0.105, -1.757e-6
0.106, -1.855e-6
0.107, -1.953e-6
0.108, -2.246e-6
0.109, -2.148e-6
0.110, -1.953e-6
0.111, -1.855e-6
0.112, -1.562e-6
0.113, -1.074e-6
0.114, -1.172e-6
0.115, -1.465e-6
0.116, -1.367e-6
0.117, -5.858e-7
0.118, -9.764e-7
0.119, -6.835e-7
0.120, -1.367e-6
0.121, -7.811e-7
0.122, -9.764e-8
0.123, -1.074e-6
0.124, -5.858e-7
0.125, -1.269e-6
0.126, -3.906e-7
0.127, 5.858e-7
0.128, -9.764e-8
0.129, 1.953e-7
0.130, -1.953e-7
0.131, 4.882e-7
0.132, -9.764e-8
0.133, -1.953e-7
0.134, -4.283e-12
0.135, 3.905e-7
0.136, 9.763e-8
0.137, 2.929e-7
0.138, 8.787e-7
0.139, 4.882e-7
0.140, 3.905e-7
0.141, 2.929e-7
0.142, 4.882e-7
0.143, 1.367e-6
0.144, 2.929e-7
0.145, 1.074e-6
0.146, 1.074e-6
0.147, 1.172e-6
0.148, 7.811e-7
0.149, 1.757e-6
0.150, 1.465e-6
0.151, 1.757e-6
0.152, 1.465e-6
0.153, 1.367e-6
0.154, 1.172e-6
0.155, 1.757e-6
0.156, 1.757e-6
0.157, 1.172e-6
0.158, 1.269e-6
0.159, 2.246e-6
0.160, 2.148e-6
0.161, 2.343e-6
0.162, 2.539e-6
0.163, 2.734e-6
0.164, 2.831e-6
0.165, 3.027e-6
0.166, 2.343e-6
0.167, 3.222e-6
0.168, 3.124e-6
0.169, 2.539e-6
0.170, 2.050e-6
0.171, 3.124e-6
0.172, 3.515e-6
0.173, 3.710e-6
0.174, 3.417e-6
0.175, 3.027e-6
0.176, 3.124e-6
0.177, 3.124e-6
0.178, 3.613e-6
0.179, 3.320e-6
0.180, 3.808e-6
0.181, 3.808e-6
0.182, 2.831e-6
0.183, 2.929e-6
0.184, 3.027e-6
0.185, 3.320e-6
0.186, 3.906e-6
0.187, 3.710e-6
0.188, 2.831e-6
0.189, 2.929e-6
0.190, 3.710e-6
0.191, 3.320e-6
0.192, 3.808e-6
0.193, 3.906e-6
0.194, 3.906e-6
0.195, 3.710e-6
0.196, 4.003e-6
0.197, 4.491e-6
0.198, 4.784e-6
0.199, 4.394e-6
0.200, 4.296e-6
0.201, 4.784e-6
0.202, 4.784e-6
0.203, 4.101e-6
0.204, 4.296e-6
0.205, 4.101e-6
0.206, 5.272e-6
0.207, 4.687e-6
0.208, 4.491e-6
0.209, 4.687e-6
0.210, 5.272e-6
0.211, 4.296e-6
0.212, 5.565e-6
0.213, 5.077e-6
0.214, 5.956e-6
0.215, 6.346e-6
0.216, 5.272e-6
0.217, 5.761e-6
0.218, 5.272e-6
0.219, 6.249e-6
0.220, 6.542e-6
0.221, 6.054e-6
0.222, 6.249e-6
0.223, 6.346e-6
0.224, 5.858e-6
0.225, 6.151e-6
0.226, 6.054e-6
0.227, 6.542e-6
0.228, 6.639e-6
0.229, 6.151e-6
0.230, 6.542e-6
0.231, 6.151e-6
0.232, 6.932e-6
0.233, 6.542e-6
0.234, 6.737e-6
0.235, 6.542e-6
0.236, 7.030e-6
0.237, 6.835e-6
0.238, 7.225e-6
0.239, 7.030e-6
0.240, 7.030e-6
0.241, 7.616e-6
0.242, 7.518e-6
0.243, 7.616e-6
0.244, 8.006e-6
0.245, 7.909e-6
0.246, 8.202e-6
0.247, 8.299e-6
0.248, 8.006e-6
0.249, 8.202e-6
0.250, 9.178e-6
0.251, 8.397e-6
0.252, 8.885e-6
0.253, 9.569e-6
0.254, 9.569e-6
0.255, 9.471e-6
0.256, 9.471e-6
0.257, 1.006e-5
0.258, 1.035e-5
0.259, 9.764e-6
0.260, 9.666e-6
0.261, 9.959e-6
0.262, 1.035e-5
0.263, 9.861e-6
0.264, 1.045e-5
0.265, 1.035e-5
0.266, 1.133e-5
0.267, 1.094e-5
0.268, 1.103e-5
0.269, 1.103e-5
0.270, 1.133e-5
0.271, 1.172e-5
0.272, 1.133e-5
0.273, 1.094e-5
0.274, 1.181e-5
0.275, 1.142e-5
0.276, 1.191e-5
0.277, 1.211e-5
0.278, 1.279e-5
0.279, 1.299e-5
0.280, 1.260e-5
0.281, 1.279e-5
0.282, 1.367e-5
0.283, 1.289e-5
0.284, 1.328e-5
0.285, 1.299e-5
0.286, 1.338e-5
0.287, 1.426e-5
0.288, 1.357e-5
0.289, 1.386e-5
0.290, 1.386e-5
0.291, 1.455e-5
0.292, 1.543e-5
0.293, 1.533e-5
0.294, 1.504e-5
0.295, 1.465e-5
0.296, 1.591e-5
0.297, 1.591e-5
0.298, 1.562e-5
0.299, 1.591e-5
0.300, 1.679e-5
0.301, 1.660e-5
0.302, 1.621e-5
0.303, 1.689e-5
0.304, 1.709e-5
0.305, 1.845e-5
0.306, 1.757e-5
0.307, 1.826e-5
0.308, 1.787e-5
0.309, 1.777e-5
0.310, 1.855e-5
0.311, 1.914e-5
0.312, 1.894e-5
0.313, 1.923e-5
0.314, 1.943e-5
0.315, 2.050e-5
0.316, 1.953e-5
0.317, 2.041e-5
0.318, 2.080e-5
0.319, 2.060e-5
0.320, 2.002e-5
0.321, 2.099e-5
0.322, 2.177e-5
0.323, 2.207e-5
0.324, 2.226e-5
0.325, 2.168e-5
0.326, 2.236e-5
0.327, 2.275e-5
0.328, 2.285e-5
0.329, 2.324e-5
0.330, 2.334e-5
0.331, 2.343e-5
0.332, 2.412e-5
0.333, 2.382e-5
0.334, 2.353e-5
0.335, 2.441e-5
0.336, 2.480e-5
0.337, 2.519e-5
0.338, 2.480e-5
0.339, 2.626e-5
0.340, 2.666e-5
0.341, 2.578e-5
0.342, 2.656e-5
0.343, 2.666e-5
0.344, 2.714e-5
0.345, 2.744e-5
0.346, 2.763e-5
0.347, 2.802e-5
0.348, 2.734e-5
0.349, 2.792e-5
0.350, 2.890e-5
0.351, 2.910e-5
0.352, 2.958e-5
0.353, 2.949e-5
0.354, 2.958e-5
0.355, 2.968e-5
0.356, 3.017e-5
0.357, 3.095e-5
0.358, 3.144e-5
0.359, 3.037e-5
0.360, 3.183e-5
0.361, 3.193e-5
0.362, 3.212e-5
0.363, 3.242e-5
0.364, 3.290e-5
0.365, 3.339e-5
0.366, 3.339e-5
0.367, 3.408e-5
0.368, 3.437e-5
0.369, 3.515e-5
0.370, 3.486e-5
0.371, 3.486e-5
0.372, 3.564e-5
0.373, 3.622e-5
0.374, 3.583e-5
0.375, 3.671e-5
0.376, 3.710e-5
0.377, 3.779e-5
0.378, 3.857e-5
0.379, 3.866e-5
0.380, 3.906e-5
0.381, 3.945e-5
0.382, 4.042e-5
0.383, 4.032e-5
0.384, 4.042e-5
0.385, 4.091e-5
0.386, 4.218e-5
0.387, 4.228e-5
0.388, 4.257e-5
0.389, 4.355e-5
0.390, 4.482e-5
0.391, 4.433e-5
0.392, 4.560e-5
0.393, 4.667e-5
0.394, 4.765e-5
0.395, 4.804e-5
0.396, 4.911e-5
0.397, 4.853e-5
0.398, 4.989e-5
0.399, 5.146e-5
0.400, 5.253e-5
0.401, 5.302e-5
0.402, 5.370e-5
0.403, 5.595e-5
0.404, 5.663e-5
0.405, 5.780e-5
0.406, 5.966e-5
0.407, 6.141e-5
0.408, 6.307e-5
0.409, 6.395e-5
0.410, 6.102e-5
0.411, 6.893e-5
0.412, 7.206e-5
0.413, 7.450e-5
0.414, 7.879e-5
0.415, 8.358e-5
0.416, 8.836e-5
0.417, 9.500e-5
0.418, 1.003e-4
0.419, 1.078e-4
0.420, 1.178e-4
0.421, 1.283e-4
0.422, 1.393e-4
0.423, 1.520e-4
0.424, 1.679e-4
0.425, 1.861e-4
0.426, 2.069e-4
0.427, 2.310e-4
0.428, 2.590e-4
0.429, 2.900e-4
0.430, 3.255e-4
0.431, 3.681e-4
0.432, 4.182e-4
0.433, 4.774e-4
0.434, 5.413e-4
0.435, 6.091e-4
0.436, 6.774e-4
0.437, 7.435e-4
0.438, 8.116e-4
0.439, 8.830e-4
0.440, 9.567e-4
0.441, 1.034e-3
0.442, 1.111e-3
0.443, 1.188e-3
0.444, 1.262e-3
0.445, 1.334e-3
0.446, 1.404e-3
0.447, 1.465e-3
0.448, 1.517e-3
0.449, 1.564e-3
0.450, 1.604e-3
0.451, 1.632e-3
0.452, 1.651e-3
0.453, 1.662e-3
0.454, 1.665e-3
0.455, 1.656e-3
0.456, 1.641e-3
0.457, 1.617e-3
0.458, 1.585e-3
0.459, 1.545e-3
0.460, 1.502e-3
0.461, 1.458e-3
0.462, 1.410e-3
0.463, 1.357e-3
0.464, 1.302e-3
0.465, 1.250e-3
0.466, 1.198e-3
0.467, 1.148e-3
0.468, 1.097e-3
0.469, 1.048e-3
0.470, 1.003e-3
0.471, 9.584e-4
0.472, 9.184e-4
0.473, 8.823e-4
0.474, 8.436e-4
0.475, 8.095e-4
0.476, 7.792e-4
0.477, 7.502e-4
0.478, 7.227e-4
0.479, 6.967e-4
0.480, 6.726e-4
0.481, 6.510e-4
0.482, 6.313e-4
0.483, 6.114e-4
0.484, 5.921e-4
0.485, 5.738e-4
0.486, 5.587e-4
0.487, 5.434e-4
0.488, 5.276e-4
0.489, 5.157e-4
0.490, 5.021e-4
0.491, 4.900e-4
0.492, 4.789e-4
0.493, 4.680e-4
0.494, 4.580e-4
0.495, 4.486e-4
0.496, 4.384e-4
0.497, 4.297e-4
0.498, 4.202e-4
0.499, 4.136e-4
0.500, 4.060e-4
0.501, 3.989e-4
0.502, 3.930e-4
0.503, 3.860e-4
0.504, 3.795e-4
0.505, 3.732e-4
0.506, 3.675e-4
0.507, 3.620e-4
0.508, 3.570e-4
0.509, 3.502e-4
0.510, 3.456e-4
0.511, 3.410e-4
0.512, 3.407e-4
0.513, 3.353e-4
0.514, 3.286e-4
0.515, 3.244e-4
0.516, 3.201e-4
0.517, 3.161e-4
0.518, 3.130e-4
0.519, 3.086e-4
0.520, 3.050e-4
0.521, 3.019e-4
0.522, 2.981e-4
0.523, 2.957e-4
0.524, 2.928e-4
0.525, 2.876e-4
0.526, 2.863e-4
0.527, 2.830e-4
0.528, 2.790e-4
0.529, 2.782e-4
0.530, 2.745e-4
0.531, 2.732e-4
0.532, 2.707e-4
0.533, 2.680e-4
0.534, 2.658e-4
0.535, 2.636e-4
0.536, 2.619e-4
0.537, 2.598e-4
0.538, 2.576e-4
0.539, 2.552e-4
0.540, 2.533e-4
0.541, 2.508e-4
0.542, 2.500e-4
0.543, 2.481e-4
0.544, 2.459e-4
0.545, 2.451e-4
0.546, 2.430e-4
0.547, 2.413e-4
0.548, 2.402e-4
0.549, 2.383e-4
0.550, 2.369e-4
0.551, 2.351e-4
0.552, 2.337e-4
0.553, 2.331e-4
0.554, 2.319e-4
0.555, 2.314e-4
0.556, 2.312e-4
0.557, 2.294e-4
0.558, 2.293e-4
0.559, 2.291e-4
0.560, 2.270e-4
0.561, 2.273e-4
0.562, 2.261e-4
0.563, 2.265e-4
0.564, 2.261e-4
0.565, 2.247e-4
0.566, 2.261e-4
0.567, 2.260e-4
0.568, 2.253e-4
0.569, 2.258e-4
0.570, 2.256e-4
0.571, 2.268e-4
0.572, 2.270e-4
0.573, 2.262e-4
0.574, 2.276e-4
0.575, 2.292e-4
0.576, 2.289e-4
0.577, 2.306e-4
0.578, 2.313e-4
0.579, 2.332e-4
0.580, 2.346e-4
0.581, 2.361e-4
0.582, 2.383e-4
0.583, 2.404e-4
0.584, 2.419e-4
0.585, 2.449e-4
0.586, 2.465e-4
0.587, 2.501e-4
0.588, 2.538e-4
0.589, 2.567e-4
0.590, 2.598e-4
0.591, 2.630e-4
0.592, 2.667e-4
0.593, 2.713e-4
0.594, 2.751e-4
0.595, 2.807e-4
0.596, 2.857e-4
0.597, 2.910e-4
0.598, 2.963e-4
0.599, 3.026e-4
0.600, 3.079e-4
0.601, 3.157e-4
0.602, 3.210e-4
0.603, 3.298e-4
0.604, 3.377e-4
0.605, 3.462e-4
0.606, 3.555e-4
0.607, 3.655e-4
0.608, 3.749e-4
0.609, 3.868e-4
0.610, 3.980e-4
0.611, 4.096e-4
0.612, 4.224e-4
0.613, 4.352e-4
0.614, 4.484e-4
0.615, 4.619e-4
0.616, 4.795e-4
0.617, 4.963e-4
0.618, 5.121e-4
0.619, 5.315e-4
0.620, 5.500e-4
0.621, 5.693e-4
0.622, 5.906e-4
0.623, 6.129e-4
0.624, 6.345e-4
0.625, 6.577e-4
0.626, 6.823e-4
0.627, 7.082e-4
0.628, 7.357e-4
0.629, 7.627e-4
0.630, 7.900e-4
0.631, 8.203e-4
0.632, 8.536e-4
0.633, 8.866e-4
0.634, 9.199e-4
0.635, 9.553e-4
0.636, 9.922e-4
0.637, 1.031e-3
0.638, 1.071e-3
0.639, 1.114e-3
0.640, 1.156e-3
0.641, 1.200e-3
0.642, 1.245e-3
0.643, 1.290e-3
0.644, 1.340e-3
0.645, 1.392e-3
0.646, 1.444e-3
0.647, 1.498e-3
0.648, 1.555e-3
0.649, 1.615e-3
0.650, 1.672e-3
0.651, 1.732e-3
0.652, 1.795e-3
0.653, 1.860e-3
0.654, 1.927e-3
0.655, 1.995e-3
0.656, 2.065e-3
0.657, 2.139e-3
0.658, 2.211e-3
0.659, 2.284e-3
0.660, 2.364e-3
0.661, 2.448e-3
0.662, 2.525e-3
0.663, 2.611e-3
0.664, 2.698e-3
0.665, 2.784e-3
0.666, 2.876e-3
0.667, 2.967e-3
0.668, 3.062e-3
0.669, 3.157e-3
0.670, 3.253e-3
0.671, 3.354e-3
0.672, 3.456e-3
0.673, 3.560e-3
0.674, 3.666e-3
0.675, 3.770e-3
0.676, 3.882e-3
0.677, 3.994e-3
0.678, 4.107e-3
0.679, 4.220e-3
0.680, 4.339e-3
0.681, 4.458e-3
0.682, 4.576e-3
0.683, 4.693e-3
0.684, 4.818e-3
0.685, 4.943e-3
0.686, 5.071e-3
0.687, 5.197e-3
0.688, 5.328e-3
0.689, 5.460e-3
0.690, 5.592e-3
0.691, 5.726e-3
0.692, 5.860e-3
0.693, 5.998e-3
0.694, 6.133e-3
0.695, 6.275e-3
0.696, 6.415e-3
0.697, 6.559e-3
0.698, 6.702e-3
0.699, 6.852e-3
0.700, 7.003e-3
0.701, 7.150e-3
0.702, 7.303e-3
0.703, 7.455e-3
0.704, 7.609e-3
0.705, 7.768e-3
0.706, 7.926e-3
0.707, 8.085e-3
0.708, 8.246e-3
0.709, 8.408e-3
0.710, 8.574e-3
0.711, 8.737e-3
0.712, 8.904e-3
0.713, 9.076e-3
0.714, 9.249e-3
0.715, 9.424e-3
0.716, 9.600e-3
0.717, 9.780e-3
0.718, 9.956e-3
0.719, 1.013e-2
0.720, 1.031e-2
0.721, 1.049e-2
0.722, 1.067e-2
0.723, 1.084e-2
0.724, 1.102e-2
0.725, 1.120e-2
0.726, 1.139e-2
0.727, 1.157e-2
0.728, 1.175e-2
0.729, 1.194e-2
0.730, 1.213e-2
0.731, 1.232e-2
0.732, 1.251e-2
0.733, 1.271e-2
0.734, 1.291e-2
0.735, 1.310e-2
0.736, 1.329e-2
0.737, 1.349e-2
0.738, 1.369e-2
0.739, 1.388e-2
0.740, 1.408e-2
0.741, 1.427e-2
0.742, 1.447e-2
0.743, 1.467e-2
0.744, 1.487e-2
0.745, 1.506e-2
0.746, 1.527e-2
0.747, 1.548e-2
0.748, 1.570e-2
0.749, 1.590e-2
0.750, 1.612e-2
0.751, 1.634e-2
0.752, 1.655e-2
0.753, 1.676e-2
0.754, 1.697e-2
0.755, 1.718e-2
0.756, 1.741e-2
0.757, 1.764e-2
0.758, 1.785e-2
0.759, 1.807e-2
0.760, 1.829e-2
0.761, 1.850e-2
0.762, 1.871e-2
0.763, 1.892e-2
0.764, 1.915e-2
0.765, 1.938e-2
0.766, 1.959e-2
0.767, 1.982e-2
0.768, 2.006e-2
0.769, 2.028e-2
0.770, 2.051e-2
0.771, 2.073e-2
0.772, 2.096e-2
0.773, 2.120e-2
0.774, 2.143e-2
0.775, 2.165e-2
0.776, 2.190e-2
0.777, 2.213e-2
0.778, 2.237e-2
0.779, 2.259e-2
0.780, 2.282e-2
0.781, 2.308e-2
0.782, 2.334e-2
0.783, 2.361e-2
0.784, 2.387e-2
0.785, 2.412e-2
0.786, 2.436e-2
0.787, 2.458e-2
0.788, 2.480e-2
0.789, 2.503e-2
0.790, 2.526e-2
0.791, 2.548e-2
0.792, 2.572e-2
0.793, 2.599e-2
0.794, 2.623e-2
0.795, 2.648e-2
0.796, 2.673e-2
0.797, 2.696e-2
0.798, 2.721e-2
0.799, 2.745e-2
0.800, 2.761e-2
0.799, 2.741e-2
0.798, 2.716e-2
0.797, 2.692e-2
0.796, 2.667e-2
0.795, 2.640e-2
0.794, 2.613e-2
0.793, 2.585e-2
0.792, 2.559e-2
0.791, 2.535e-2
0.790, 2.508e-2
0.789, 2.482e-2
0.788, 2.458e-2
0.787, 2.432e-2
0.786, 2.408e-2
0.785, 2.382e-2
0.784, 2.358e-2
0.783, 2.331e-2
0.782, 2.306e-2
0.781, 2.281e-2
0.780, 2.256e-2
0.779, 2.232e-2
0.778, 2.208e-2
0.777, 2.187e-2
0.776, 2.164e-2
0.775, 2.140e-2
0.774, 2.115e-2
0.773, 2.091e-2
0.772, 2.068e-2
0.771, 2.045e-2
0.770, 2.022e-2
0.769, 1.998e-2
0.768, 1.975e-2
0.767, 1.953e-2
0.766, 1.931e-2
0.765, 1.909e-2
0.764, 1.885e-2
0.763, 1.863e-2
0.762, 1.839e-2
0.761, 1.817e-2
0.760, 1.795e-2
0.759, 1.773e-2
0.758, 1.751e-2
0.757, 1.730e-2
0.756, 1.709e-2
0.755, 1.687e-2
0.754, 1.665e-2
0.753, 1.643e-2
0.752, 1.622e-2
0.751, 1.600e-2
0.750, 1.578e-2
0.749, 1.556e-2
0.748, 1.536e-2
0.747, 1.514e-2
0.746, 1.493e-2
0.745, 1.473e-2
0.744, 1.452e-2
0.743, 1.434e-2
0.742, 1.414e-2
0.741, 1.394e-2
0.740, 1.374e-2
0.739, 1.354e-2
0.738, 1.334e-2
0.737, 1.314e-2
0.736, 1.294e-2
0.735, 1.274e-2
0.734, 1.255e-2
0.733, 1.236e-2
0.732, 1.217e-2
0.731, 1.198e-2
0.730, 1.179e-2
0.729, 1.161e-2
0.728, 1.142e-2
0.727, 1.123e-2
0.726, 1.104e-2
0.725, 1.086e-2
0.724, 1.069e-2
0.723, 1.051e-2
0.722, 1.034e-2
0.721, 1.017e-2
0.720, 9.994e-3
0.719, 9.815e-3
0.718, 9.639e-3
0.717, 9.460e-3
0.716, 9.278e-3
0.715, 9.107e-3
0.714, 8.935e-3
0.713, 8.763e-3
0.712, 8.600e-3
0.711, 8.441e-3
0.710, 8.282e-3
0.709, 8.122e-3
0.708, 7.965e-3
0.707, 7.808e-3
0.706, 7.652e-3
0.705, 7.499e-3
0.704, 7.347e-3
0.703, 7.194e-3
0.702, 7.045e-3
0.701, 6.895e-3
0.700, 6.747e-3
0.699, 6.599e-3
0.698, 6.452e-3
0.697, 6.305e-3
0.696, 6.161e-3
0.695, 6.023e-3
0.694, 5.884e-3
0.693, 5.748e-3
0.692, 5.612e-3
0.691, 5.479e-3
0.690, 5.347e-3
0.689, 5.216e-3
0.688, 5.092e-3
0.687, 4.966e-3
0.686, 4.840e-3
0.685, 4.715e-3
0.684, 4.595e-3
0.683, 4.478e-3
0.682, 4.361e-3
0.681, 4.244e-3
0.680, 4.129e-3
0.679, 4.016e-3
0.678, 3.903e-3
0.677, 3.791e-3
0.676, 3.685e-3
0.675, 3.582e-3
0.674, 3.476e-3
0.673, 3.373e-3
0.672, 3.271e-3
0.671, 3.174e-3
0.670, 3.078e-3
0.669, 2.982e-3
0.668, 2.891e-3
0.667, 2.795e-3
0.666, 2.702e-3
0.665, 2.615e-3
0.664, 2.526e-3
0.663, 2.444e-3
0.662, 2.366e-3
0.661, 2.281e-3
0.660, 2.203e-3
0.659, 2.127e-3
0.658, 2.051e-3
0.657, 1.978e-3
0.656, 1.907e-3
0.655, 1.836e-3
0.654, 1.766e-3
0.653, 1.701e-3
0.652, 1.637e-3
0.651, 1.573e-3
0.650, 1.509e-3
0.649, 1.449e-3
0.648, 1.392e-3
0.647, 1.333e-3
0.646, 1.278e-3
0.645, 1.227e-3
0.644, 1.175e-3
0.643, 1.126e-3
0.642, 1.076e-3
0.641, 1.028e-3
0.640, 9.817e-4
0.639, 9.378e-4
0.638, 8.964e-4
0.637, 8.542e-4
0.636, 8.134e-4
0.635, 7.751e-4
0.634, 7.394e-4
0.633, 7.028e-4
0.632, 6.682e-4
0.631, 6.351e-4
0.630, 6.025e-4
0.629, 5.697e-4
0.628, 5.394e-4
0.627, 5.121e-4
0.626, 4.840e-4
0.625, 4.558e-4
0.624, 4.302e-4
0.623, 4.052e-4
0.622, 3.826e-4
0.621, 3.596e-4
0.620, 3.380e-4
0.619, 3.179e-4
0.618, 2.987e-4
0.617, 2.802e-4
0.616, 2.625e-4
0.615, 2.453e-4
0.614, 2.299e-4
0.613, 2.110e-4
0.612, 1.969e-4
0.611, 1.825e-4
0.610, 1.671e-4
0.609, 1.535e-4
0.608, 1.419e-4
0.607, 1.289e-4
0.606, 1.162e-4
0.605, 1.053e-4
0.604, 9.432e-5
0.603, 8.348e-5
0.602, 7.450e-5
0.601, 6.532e-5
0.600, 5.565e-5
0.599, 4.706e-5
0.598, 3.906e-5
0.597, 3.163e-5
0.596, 2.343e-5
0.595, 1.699e-5
0.594, 9.764e-6
0.593, 4.198e-6
0.592, -1.367e-6
0.591, -8.885e-6
0.590, -1.416e-5
0.589, -2.031e-5
0.588, -2.441e-5
0.587, -2.880e-5
0.586, -3.359e-5
0.585, -3.808e-5
0.584, -4.189e-5
0.583, -4.677e-5
0.582, -5.106e-5
0.581, -5.487e-5
0.580, -5.780e-5
0.579, -6.024e-5
0.578, -6.561e-5
0.577, -6.874e-5
0.576, -6.913e-5
0.575, -7.372e-5
0.574, -7.713e-5
0.573, -7.957e-5
0.572, -8.221e-5
0.571, -8.397e-5
0.570, -8.670e-5
0.569, -8.914e-5
0.568, -9.158e-5
0.567, -9.451e-5
0.566, -9.539e-5
0.565, -9.861e-5
0.564, -9.959e-5
0.563, -1.021e-4
0.562, -1.040e-4
0.561, -1.056e-4
0.560, -1.062e-4
0.559, -1.090e-4
0.558, -1.119e-4
0.557, -1.127e-4
0.556, -1.154e-4
0.555, -1.159e-4
0.554, -1.180e-4
0.553, -1.197e-4
0.552, -1.207e-4
0.551, -1.230e-4
0.550, -1.240e-4
0.549, -1.251e-4
0.548, -1.262e-4
0.547, -1.276e-4
0.546, -1.306e-4
0.545, -1.320e-4
0.544, -1.329e-4
0.543, -1.345e-4
0.542, -1.355e-4
0.541, -1.380e-4
0.540, -1.391e-4
0.539, -1.398e-4
0.538, -1.423e-4
0.537, -1.447e-4
0.536, -1.447e-4
0.535, -1.466e-4
0.534, -1.476e-4
0.533, -1.490e-4
0.532, -1.505e-4
0.531, -1.512e-4
0.530, -1.528e-4
0.529, -1.549e-4
0.528, -1.546e-4
0.527, -1.568e-4
0.526, -1.581e-4
0.525, -1.583e-4
0.524, -1.599e-4
0.523, -1.615e-4
0.522, -1.629e-4
0.521, -1.637e-4
0.520, -1.662e-4
0.519, -1.676e-4
0.518, -1.691e-4
0.517, -1.702e-4
0.516, -1.715e-4
0.515, -1.728e-4
0.514, -1.746e-4
0.513, -1.753e-4
0.512, -1.810e-4
0.511, -1.801e-4
0.510, -1.793e-4
0.509, -1.797e-4
0.508, -1.821e-4
0.507, -1.839e-4
0.506, -1.851e-4
0.505, -1.871e-4
0.504, -1.875e-4
0.503, -1.895e-4
0.502, -1.907e-4
0.501, -1.923e-4
0.500, -1.923e-4
0.499, -1.930e-4
0.498, -1.955e-4
0.497, -1.978e-4
0.496, -1.982e-4
0.495, -2.003e-4
0.494, -2.012e-4
0.493, -2.027e-4
0.492, -2.043e-4
0.491, -2.054e-4
0.490, -2.069e-4
0.489, -2.079e-4
0.488, -2.100e-4
0.487, -2.124e-4
0.486, -2.147e-4
0.485, -2.171e-4
0.484, -2.172e-4
0.483, -2.190e-4
0.482, -2.212e-4
0.481, -2.226e-4
0.480, -2.246e-4
0.479, -2.264e-4
0.478, -2.288e-4
0.477, -2.305e-4
0.476, -2.333e-4
0.475, -2.346e-4
0.474, -2.377e-4
0.473, -2.388e-4
0.472, -2.414e-4
0.471, -2.456e-4
0.470, -2.474e-4
0.469, -2.503e-4
0.468, -2.529e-4
0.467, -2.560e-4
0.466, -2.593e-4
0.465, -2.618e-4
0.464, -2.649e-4
0.463, -2.694e-4
0.462, -2.726e-4
0.461, -2.759e-4
0.460, -2.795e-4
0.459, -2.823e-4
0.458, -2.871e-4
0.457, -2.907e-4
0.456, -2.933e-4
0.455, -2.993e-4
0.454, -3.032e-4
0.453, -3.076e-4
0.452, -3.117e-4
0.451, -3.162e-4
0.450, -3.211e-4
0.449, -3.263e-4
0.448, -3.299e-4
0.447, -3.373e-4
0.446, -3.420e-4
0.445, -3.474e-4
0.444, -3.530e-4
0.443, -3.593e-4
0.442, -3.661e-4
0.441, -3.728e-4
0.440, -3.785e-4
0.439, -3.857e-4
0.438, -3.928e-4
0.437, -4.007e-4
0.436, -4.070e-4
0.435, -4.156e-4
0.434, -4.231e-4
0.433, -4.302e-4
0.432, -4.383e-4
0.431, -4.461e-4
0.430, -4.539e-4
0.429, -4.634e-4
0.428, -4.728e-4
0.427, -4.810e-4
0.426, -4.913e-4
0.425, -5.008e-4
0.424, -5.112e-4
0.423, -5.232e-4
0.422, -5.313e-4
0.421, -5.442e-4
0.420, -5.572e-4
0.419, -5.699e-4
0.418, -5.821e-4
0.417, -5.952e-4
0.416, -6.091e-4
0.415, -6.259e-4
0.414, -6.397e-4
0.413, -6.551e-4
0.412, -6.706e-4
0.411, -6.863e-4
0.410, -6.909e-4
0.409, -6.864e-4
0.408, -7.134e-4
0.407, -7.360e-4
0.406, -7.561e-4
0.405, -7.775e-4
0.404, -8.001e-4
0.403, -8.216e-4
0.402, -8.436e-4
0.401, -8.662e-4
0.400, -8.878e-4
0.399, -9.116e-4
0.398, -9.333e-4
0.397, -9.569e-4
0.396, -9.785e-4
0.395, -1.003e-3
0.394, -1.025e-3
0.393, -1.046e-3
0.392, -1.069e-3
0.391, -1.092e-3
0.390, -1.111e-3
0.389, -1.133e-3
0.388, -1.149e-3
0.387, -1.162e-3
0.386, -1.174e-3
0.385, -1.182e-3
0.384, -1.188e-3
0.383, -1.189e-3
0.382, -1.184e-3
0.381, -1.177e-3
0.380, -1.166e-3
0.379, -1.150e-3
0.378, -1.130e-3
0.377, -1.106e-3
0.376, -1.078e-3
0.375, -1.050e-3
0.374, -1.020e-3
0.373, -9.901e-4
0.372, -9.578e-4
0.371, -9.230e-4
0.370, -8.875e-4
0.369, -8.517e-4
0.368, -8.162e-4
0.367, -7.803e-4
0.366, -7.438e-4
0.365, -7.093e-4
0.364, -6.753e-4
0.363, -6.402e-4
0.362, -6.047e-4
0.361, -5.708e-4
0.360, -5.393e-4
0.359, -5.099e-4
0.358, -4.803e-4
0.357, -4.543e-4
0.356, -4.306e-4
0.355, -4.065e-4
0.354, -3.846e-4
0.353, -3.640e-4
0.352, -3.442e-4
0.351, -3.271e-4
0.350, -3.111e-4
0.349, -2.969e-4
0.348, -2.830e-4
0.347, -2.714e-4
0.346, -2.587e-4
0.345, -2.486e-4
0.344, -2.392e-4
0.343, -2.297e-4
0.342, -2.212e-4
0.341, -2.139e-4
0.340, -2.077e-4
0.339, -2.006e-4
0.338, -1.949e-4
0.337, -1.892e-4
0.336, -1.826e-4
0.335, -1.787e-4
0.334, -1.739e-4
0.333, -1.688e-4
0.332, -1.645e-4
0.331, -1.609e-4
0.330, -1.571e-4
0.329, -1.539e-4
0.328, -1.505e-4
0.327, -1.478e-4
0.326, -1.444e-4
0.325, -1.413e-4
0.324, -1.386e-4
0.323, -1.361e-4
0.322, -1.344e-4
0.321, -1.322e-4
0.320, -1.288e-4
0.319, -1.274e-4
0.318, -1.252e-4
0.317, -1.233e-4
0.316, -1.209e-4
0.315, -1.194e-4
0.314, -1.180e-4
0.313, -1.163e-4
0.312, -1.147e-4
0.311, -1.137e-4
0.310, -1.122e-4
0.309, -1.108e-4
0.308, -1.090e-4
0.307, -1.085e-4
0.306, -1.067e-4
0.305, -1.059e-4
0.304, -1.044e-4
0.303, -1.033e-4
0.302, -1.019e-4
0.301, -1.013e-4
0.300, -1.005e-4
0.299, -9.852e-5
0.298, -9.783e-5
0.297, -9.686e-5
0.296, -9.608e-5
0.295, -9.451e-5
0.294, -9.383e-5
0.293, -9.305e-5
0.292, -9.276e-5
0.291, -9.227e-5
0.290, -9.139e-5
0.289, -9.051e-5
0.288, -8.953e-5
0.287, -8.914e-5
0.286, -8.885e-5
0.285, -8.807e-5
0.284, -8.807e-5
0.283, -8.709e-5
0.282, -8.592e-5
0.281, -8.534e-5
0.280, -8.504e-5
0.279, -8.436e-5
0.278, -8.407e-5
0.277, -8.280e-5
0.276, -8.241e-5
0.275, -8.163e-5
0.274, -8.143e-5
0.273, -8.104e-5
0.272, -8.084e-5
0.271, -8.045e-5
0.270, -8.045e-5
0.269, -7.909e-5
0.268, -7.850e-5
0.267, -7.792e-5
0.266, -7.811e-5
0.265, -7.723e-5
0.264, -7.674e-5
0.263, -7.704e-5
0.262, -7.635e-5
0.261, -7.557e-5
0.260, -7.518e-5
0.259, -7.420e-5
0.258, -7.460e-5
0.257, -7.411e-5
0.256, -7.323e-5
0.255, -7.274e-5
0.254, -7.303e-5
0.253, -7.235e-5
0.252, -7.167e-5
0.251, -7.225e-5
0.250, -7.215e-5
0.249, -7.098e-5
0.248, -7.069e-5
0.247, -7.137e-5
0.246, -7.001e-5
0.245, -7.001e-5
0.244, -7.030e-5
0.243, -6.903e-5
0.242, -6.932e-5
0.241, -6.913e-5
0.240, -6.844e-5
0.239, -6.874e-5
0.238, -6.815e-5
0.237, -6.825e-5
0.236, -6.766e-5
0.235, -6.766e-5
0.234, -6.776e-5
0.233, -6.698e-5
0.232, -6.678e-5
0.231, -6.630e-5
0.230, -6.620e-5
0.229, -6.610e-5
0.228, -6.571e-5
0.227, -6.512e-5
0.226, -6.552e-5
0.225, -6.581e-5
0.224, -6.522e-5
0.223, -6.454e-5
0.222, -6.454e-5
0.221, -6.464e-5
0.220, -6.415e-5
0.219, -6.386e-5
0.218, -6.346e-5
0.217, -6.327e-5
0.216, -6.346e-5
0.215, -6.356e-5
0.214, -6.346e-5
0.213, -6.327e-5
0.212, -6.307e-5
0.211, -6.298e-5
0.210, -6.210e-5
0.209, -6.220e-5
0.208, -6.229e-5
0.207, -6.229e-5
0.206, -6.180e-5
0.205, -6.141e-5
0.204, -6.151e-5
0.203, -6.171e-5
0.202, -6.141e-5
0.201, -6.073e-5
0.200, -6.024e-5
0.199, -6.112e-5
0.198, -6.083e-5
0.197, -6.024e-5
0.196, -6.014e-5
0.195, -5.966e-5
0.194, -5.975e-5
0.193, -6.005e-5
0.192, -5.966e-5
0.191, -6.024e-5
0.190, -5.975e-5
0.189, -5.956e-5
0.188, -5.927e-5
0.187, -5.897e-5
0.186, -5.927e-5
0.185, -5.868e-5
0.184, -5.897e-5
0.183, -5.888e-5
0.182, -5.907e-5
0.181, -5.849e-5
0.180, -5.751e-5
0.179, -5.858e-5
0.178, -5.731e-5
0.177, -5.761e-5
0.176, -5.722e-5
0.175, -5.809e-5
0.174, -5.761e-5
0.173, -5.780e-5
0.172, -5.761e-5
0.171, -5.770e-5
0.170, -5.770e-5
0.169, -5.751e-5
0.168, -5.741e-5
0.167, -5.731e-5
0.166, -5.673e-5
0.165, -5.663e-5
0.164, -5.653e-5
0.163, -5.624e-5
0.162, -5.663e-5
0.161, -5.751e-5
0.160, -5.683e-5
0.159, -5.624e-5
0.158, -5.624e-5
0.157, -5.604e-5
0.156, -5.565e-5
0.155, -5.536e-5
0.154, -5.546e-5
0.153, -5.634e-5
0.152, -5.497e-5
0.151, -5.497e-5
0.150, -5.507e-5
0.149, -5.546e-5
0.148, -5.565e-5
0.147, -5.487e-5
0.146, -5.624e-5
0.145, -5.585e-5
0.144, -5.517e-5
0.143, -5.526e-5
0.142, -5.448e-5
0.141, -5.458e-5
0.140, -5.438e-5
0.139, -5.390e-5
0.138, -5.409e-5
0.137, -5.497e-5
0.136, -5.429e-5
0.135, -5.380e-5
0.134, -5.390e-5
0.133, -5.429e-5
0.132, -5.419e-5
0.131, -5.399e-5
0.130, -5.390e-5
0.129, -5.331e-5
0.128, -5.302e-5
0.127, -5.321e-5
0.126, -5.292e-5
0.125, -5.302e-5
0.124, -5.243e-5
0.123, -5.282e-5
0.122, -5.272e-5
0.121, -5.204e-5
0.120, -5.194e-5
0.119, -5.243e-5
0.118, -5.253e-5
0.117, -5.321e-5
0.116, -5.263e-5
0.115, -5.136e-5
0.114, -5.165e-5
0.113, -5.243e-5
0.112, -5.224e-5
0.111, -5.224e-5
0.110, -5.165e-5
0.109, -5.116e-5
0.108, -5.204e-5
0.107, -5.155e-5
0.106, -5.146e-5
0.105, -5.126e-5
0.104, -5.146e-5
0.103, -5.214e-5
0.102, -5.204e-5
0.101, -5.126e-5
0.100, -5.116e-5
0.099, -5.146e-5
0.098, -5.087e-5
0.097, -5.116e-5
0.096, -5.097e-5
0.095, -5.019e-5
0.094, -5.097e-5
0.093, -5.067e-5
0.092, -5.087e-5
0.091, -5.019e-5
0.090, -5.028e-5
0.089, -5.019e-5
0.088, -5.028e-5
0.087, -4.950e-5
0.086, -4.950e-5
0.085, -4.901e-5
0.084, -4.940e-5
0.083, -4.980e-5
0.082, -4.950e-5
0.081, -4.999e-5
0.080, -4.931e-5
0.079, -4.882e-5
0.078, -4.989e-5
0.077, -4.901e-5
0.076, -4.872e-5
0.075, -4.862e-5
0.074, -4.911e-5
0.073, -4.843e-5
0.072, -4.814e-5
0.071, -4.814e-5
0.070, -4.872e-5
0.069, -4.765e-5
0.068, -4.823e-5
0.067, -4.804e-5
0.066, -4.765e-5
0.065, -4.853e-5
0.064, -4.755e-5
0.063, -4.745e-5
0.062, -4.735e-5
0.061, -4.726e-5
0.060, -4.706e-5
0.059, -4.735e-5
0.058, -4.726e-5
0.057, -4.716e-5
0.056, -4.706e-5
0.055, -4.755e-5
0.054, -4.716e-5
0.053, -4.726e-5
0.052, -4.648e-5
0.051, -4.599e-5
0.050, -4.618e-5
0.049, -4.657e-5
0.048, -4.716e-5
0.047, -4.677e-5
0.046, -4.579e-5
0.045, -4.569e-5
0.044, -4.609e-5
0.043, -4.560e-5
0.042, -4.521e-5
0.041, -4.482e-5
0.040, -4.550e-5
0.039, -4.550e-5
0.038, -4.560e-5
0.037, -4.501e-5
0.036, -4.569e-5
0.035, -4.530e-5
0.034, -4.472e-5
0.033, -4.403e-5
0.032, -4.423e-5
0.031, -4.452e-5
0.030, -4.452e-5
0.029, -4.472e-5
0.028, -4.491e-5
0.027, -4.433e-5
0.026, -4.452e-5
0.025, -4.374e-5
0.024, -4.355e-5
0.023, -4.433e-5
0.022, -4.423e-5
0.021, -4.433e-5
0.020, -4.403e-5
0.019, -4.355e-5
0.018, -4.306e-5
0.017, -4.335e-5
0.016, -4.325e-5
0.015, -4.316e-5
0.014, -4.286e-5
0.013, -4.296e-5
0.012, -4.267e-5
0.011, -4.237e-5
0.010, -4.306e-5
0.009, -4.277e-5
0.008, -4.267e-5
0.007, -4.179e-5
0.006, -4.228e-5
0.005, -4.247e-5
0.004, -4.286e-5
0.003, -4.130e-5
0.002, -4.159e-5
0.001, -4.150e-5
0.000, -3.574e-5
0.001, -2.666e-5
0.002, -2.402e-5
0.003, -2.246e-5
0.004, -2.168e-5
0.005, -2.070e-5
0.006, -1.933e-5
0.007, -1.816e-5
0.008, -1.865e-5
0.009, -1.757e-5
0.010, -1.679e-5
0.011, -1.601e-5
0.012, -1.582e-5
0.013, -1.591e-5
0.014, -1.533e-5
0.015, -1.494e-5
0.016, -1.445e-5
0.017, -1.426e-5
0.018, -1.367e-5
0.019, -1.357e-5
0.020, -1.269e-5
0.021, -1.289e-5
0.022, -1.230e-5
0.023, -1.240e-5
0.024, -1.191e-5
0.025, -1.162e-5
0.026, -1.162e-5
0.027, -1.123e-5
0.028, -1.006e-5
0.029, -1.015e-5
0.030, -1.035e-5
0.031, -9.959e-6
0.032, -1.006e-5
0.033, -9.569e-6
0.034, -9.080e-6
0.035, -9.959e-6
0.036, -9.276e-6
0.037, -8.592e-6
0.038, -8.983e-6
0.039, -9.178e-6
0.040, -8.885e-6
0.041, -8.202e-6
0.042, -9.080e-6
0.043, -8.787e-6
0.044, -7.713e-6
0.045, -7.811e-6
0.046, -8.006e-6
0.047, -7.616e-6
0.048, -7.909e-6
0.049, -7.616e-6
0.050, -7.616e-6
0.051, -7.225e-6
0.052, -7.030e-6
0.053, -6.932e-6
0.054, -7.518e-6
0.055, -7.713e-6
0.056, -6.835e-6
0.057, -6.542e-6
0.058, -7.128e-6
0.059, -6.737e-6
0.060, -6.249e-6
0.061, -6.835e-6
0.062, -5.663e-6
0.063, -5.761e-6
0.064, -6.054e-6
0.065, -5.858e-6
0.066, -5.663e-6
0.067, -5.761e-6
0.068, -5.761e-6
0.069, -4.980e-6
0.070, -4.589e-6
0.071, -5.370e-6
0.072, -5.468e-6
0.073, -4.687e-6
0.074, -5.077e-6
0.075, -5.175e-6
0.076, -5.370e-6
0.077, -4.394e-6
0.078, -4.296e-6
0.079, -4.003e-6
0.080, -4.491e-6
0.081, -4.882e-6
0.082, -5.175e-6
0.083, -4.687e-6
0.084, -4.296e-6
0.085, -3.417e-6
0.086, -4.394e-6
0.087, -3.613e-6
0.088, -3.613e-6
0.089, -3.710e-6
0.090, -3.710e-6
0.091, -3.710e-6
0.092, -2.929e-6
0.093, -3.222e-6
0.094, -2.929e-6
0.095, -3.613e-6
0.096, -2.441e-6
0.097, -3.124e-6
0.098, -2.441e-6
0.099, -2.832e-6
0.100, -2.441e-6
0.101, -2.929e-6
0.102, -2.441e-6
0.103, -2.441e-6
0.104, -2.539e-6
0.105, -1.562e-6
0.106, -2.441e-6
0.107, -1.757e-6
0.108, -1.660e-6
0.109, -1.660e-6
0.110, -1.660e-6
0.111, -1.660e-6
0.112, -1.269e-6
0.113, -1.757e-6
0.114, -1.465e-6
0.115, -1.367e-6
0.116, -1.269e-6
0.117, -1.562e-6
0.118, -7.811e-7
0.119, -6.835e-7
0.120, -7.811e-7
0.121, -6.835e-7
0.122, -2.929e-7
0.123, -8.787e-7
0.124, -1.074e-6
0.125, -7.811e-7
0.126, -4.882e-7
0.127, -4.882e-7
0.128, -9.764e-7
0.129, -8.787e-7
0.130, -3.906e-7
0.131, -4.882e-7
0.132, 9.763e-8
0.133, -9.764e-8
0.134, 2.929e-7
0.135, -7.811e-7
0.136, -1.953e-7
0.137, -9.764e-8
0.138, -2.929e-7
0.139, 6.835e-7
0.140, 3.905e-7
0.141, 3.905e-7
0.142, 1.074e-6
0.143, 4.882e-7
0.144, 7.811e-7
0.145, 5.858e-7
0.146, 1.367e-6
0.147, 7.811e-7
0.148, 6.835e-7
0.149, 6.835e-7
0.150, 8.787e-7
0.151, 8.787e-7
0.152, 8.787e-7
0.153, 1.562e-6
0.154, 1.465e-6
0.155, 1.367e-6
0.156, 1.172e-6
0.157, 1.074e-6
0.158, 2.148e-6
0.159, 1.367e-6
0.160, 1.074e-6
0.161, 2.148e-6
0.162, 1.465e-6
0.163, 2.636e-6
0.164, 2.734e-6
0.165, 1.757e-6
0.166, 2.148e-6
0.167, 1.953e-6
0.168, 2.148e-6
0.169, 2.148e-6
0.170, 2.148e-6
0.171, 2.343e-6
0.172, 2.246e-6
0.173, 2.636e-6
0.174, 2.831e-6
0.175, 1.855e-6
0.176, 3.027e-6
0.177, 2.929e-6
0.178, 2.441e-6
0.179, 3.515e-6
0.180, 3.613e-6
0.181, 3.124e-6
0.182, 2.246e-6
0.183, 3.515e-6
0.184, 3.320e-6
0.185, 2.636e-6
0.186, 2.929e-6
0.187, 3.808e-6
0.188, 3.710e-6
0.189, 3.808e-6
0.190, 4.003e-6
0.191, 4.296e-6
0.192, 3.710e-6
0.193, 4.003e-6
0.194, 3.613e-6
0.195, 3.808e-6
0.196, 4.394e-6
0.197, 4.296e-6
0.198, 3.613e-6
0.199, 3.320e-6
0.200, 4.491e-6
0.201, 4.687e-6
0.202, 4.296e-6
0.203, 3.515e-6
0.204, 4.687e-6
0.205, 4.198e-6
0.206, 4.101e-6
0.207, 4.198e-6
0.208, 4.687e-6
0.209, 5.468e-6
0.210, 5.077e-6
0.211, 5.175e-6
0.212, 4.882e-6
0.213, 5.370e-6
0.214, 4.882e-6
0.215, 5.370e-6
0.216, 5.858e-6
0.217, 5.956e-6
0.218, 5.370e-6
0.219, 5.175e-6
0.220, 5.468e-6
0.221, 6.249e-6
0.222, 5.956e-6
0.223, 6.054e-6
0.224, 5.956e-6
0.225, 6.737e-6
0.226, 5.956e-6
0.227, 5.468e-6
0.228, 6.542e-6
0.229, 7.030e-6
0.230, 6.932e-6
0.231, 6.346e-6
0.232, 6.249e-6
0.233, 7.420e-6
0.234, 7.030e-6
0.235, 7.323e-6
0.236, 7.420e-6
0.237, 8.006e-6
0.238, 7.518e-6
0.239, 7.225e-6
0.240, 7.323e-6
0.241, 7.616e-6
0.242, 7.909e-6
0.243, 7.713e-6
0.244, 7.713e-6
0.245, 8.299e-6
0.246, 8.690e-6
0.247, 8.397e-6
0.248, 8.397e-6
0.249, 9.178e-6
0.250, 9.178e-6
0.251, 9.080e-6
0.252, 8.494e-6
0.253, 8.202e-6
0.254, 9.373e-6
0.255, 9.178e-6
0.256, 9.178e-6
0.257, 9.373e-6
0.258, 1.015e-5
0.259, 1.064e-5
0.260, 1.025e-5
0.261, 1.045e-5
0.262, 1.035e-5
0.263, 9.959e-6
0.264, 9.959e-6
0.265, 1.054e-5
0.266, 1.113e-5
0.267, 1.172e-5
0.268, 1.142e-5
0.269, 1.113e-5
0.270, 1.094e-5
0.271, 1.162e-5
0.272, 1.240e-5
0.273, 1.240e-5
0.274, 1.269e-5
0.275, 1.279e-5
0.276, 1.289e-5
0.277, 1.308e-5
0.278, 1.347e-5
0.279, 1.279e-5
0.280, 1.318e-5
0.281, 1.338e-5
0.282, 1.396e-5
0.283, 1.357e-5
0.284, 1.377e-5
0.285, 1.435e-5
0.286, 1.416e-5
0.287, 1.426e-5
0.288, 1.426e-5
0.289, 1.474e-5
0.290, 1.523e-5
0.291, 1.474e-5
0.292, 1.533e-5
0.293, 1.572e-5
0.294, 1.582e-5
0.295, 1.562e-5
0.296, 1.562e-5
0.297, 1.611e-5
0.298, 1.689e-5
0.299, 1.777e-5
0.300, 1.777e-5
0.301, 1.757e-5
0.302, 1.797e-5
0.303, 1.728e-5
0.304, 1.787e-5
0.305, 1.875e-5
0.306, 1.923e-5
0.307, 1.982e-5
0.308, 1.865e-5
0.309, 1.875e-5
0.310, 1.953e-5
0.311, 2.002e-5
0.312, 1.963e-5
0.313, 2.041e-5
0.314, 2.002e-5
0.315, 2.002e-5
0.316, 2.011e-5
0.317, 2.070e-5
0.318, 2.129e-5
0.319, 2.158e-5
0.320, 2.099e-5
0.321, 2.246e-5
0.322, 2.265e-5
0.323, 2.265e-5
0.324, 2.246e-5
0.325, 2.373e-5
0.326, 2.363e-5
0.327, 2.363e-5
0.328, 2.373e-5
0.329, 2.392e-5
0.330, 2.412e-5
0.331, 2.421e-5
0.332, 2.460e-5
0.333, 2.558e-5
0.334, 2.500e-5
0.335, 2.500e-5
0.336, 2.548e-5
0.337, 2.519e-5
0.338, 2.636e-5
0.339, 2.617e-5
0.340, 2.617e-5
0.341, 2.724e-5
0.342, 2.656e-5
0.343, 2.714e-5
0.344, 2.734e-5
0.345, 2.831e-5
0.346, 2.861e-5
0.347, 2.783e-5
0.348, 2.822e-5
0.349, 2.900e-5
0.350, 2.890e-5
0.351, 2.978e-5
0.352, 2.978e-5
0.353, 3.046e-5
0.354, 3.085e-5
0.355, 3.066e-5
0.356, 3.163e-5
0.357, 3.232e-5
0.358, 3.212e-5
0.359, 3.203e-5
0.360, 3.251e-5
0.361, 3.242e-5
0.362, 3.310e-5
0.363, 3.329e-5
0.364, 3.447e-5
0.365, 3.417e-5
0.366, 3.427e-5
0.367, 3.456e-5
0.368, 3.505e-5
0.369, 3.574e-5
0.370, 3.603e-5
0.371, 3.603e-5
0.372, 3.652e-5
0.373, 3.671e-5
0.374, 3.720e-5
0.375, 3.730e-5
0.376, 3.808e-5
0.377, 3.837e-5
0.378, 3.954e-5
0.379, 4.013e-5
0.380, 4.091e-5
0.381, 4.042e-5
0.382, 4.169e-5
0.383, 4.228e-5
0.384, 4.208e-5
0.385, 4.286e-5
0.386, 4.296e-5
0.387, 4.374e-5
0.388, 4.491e-5
0.389, 4.501e-5
0.390, 4.560e-5
0.391, 4.648e-5
0.392, 4.794e-5
0.393, 4.784e-5
0.394, 4.882e-5
0.395, 4.970e-5
0.396, 5.009e-5
0.397, 5.058e-5
0.398, 5.185e-5
0.399, 5.263e-5
0.400, 5.380e-5
0.401, 5.468e-5
0.402, 5.565e-5
0.403, 5.731e-5
0.404, 5.966e-5
0.405, 6.093e-5
0.406, 6.210e-5
0.407, 6.386e-5
0.408, 6.600e-5
0.409, 6.786e-5
0.410, 6.493e-5
0.411, 7.284e-5
0.412, 7.752e-5
0.413, 8.143e-5
0.414, 8.621e-5
0.415, 9.149e-5
0.416, 9.744e-5
0.417, 1.054e-4
0.418, 1.136e-4
0.419, 1.241e-4
0.420, 1.353e-4
0.421, 1.493e-4
0.422, 1.646e-4
0.423, 1.828e-4
0.424, 2.035e-4
0.425, 2.289e-4
0.426, 2.562e-4
0.427, 2.877e-4
0.428, 3.245e-4
0.429, 3.681e-4
0.430, 4.193e-4
0.431, 4.801e-4
0.432, 5.502e-4
0.433, 6.276e-4
0.434, 7.061e-4
0.435, 7.869e-4
0.436, 8.720e-4
0.437, 9.535e-4
0.438, 1.040e-3
0.439, 1.130e-3
0.440, 1.220e-3
0.441, 1.310e-3
0.442, 1.401e-3
0.443, 1.488e-3
0.444, 1.573e-3
0.445, 1.647e-3
0.446, 1.712e-3
0.447, 1.769e-3
0.448, 1.818e-3
0.449, 1.857e-3
0.450, 1.885e-3
0.451, 1.900e-3
0.452, 1.903e-3
0.453, 1.897e-3
0.454, 1.878e-3
0.455, 1.848e-3
0.456, 1.806e-3
0.457, 1.756e-3
0.458, 1.703e-3
0.459, 1.643e-3
0.460, 1.576e-3
0.461, 1.505e-3
0.462, 1.437e-3
0.463, 1.365e-3
0.464, 1.293e-3
0.465, 1.228e-3
0.466, 1.163e-3
0.467, 1.104e-3
0.468, 1.045e-3
0.469, 9.917e-4
0.470, 9.419e-4
0.471, 8.963e-4
0.472, 8.542e-4
0.473, 8.146e-4
0.474, 7.767e-4
0.475, 7.463e-4
0.476, 7.169e-4
0.477, 6.869e-4
0.478, 6.618e-4
0.479, 6.384e-4
0.480, 6.167e-4
0.481, 5.964e-4
0.482, 5.761e-4
0.483, 5.583e-4
0.484, 5.415e-4
0.485, 5.274e-4
0.486, 5.128e-4
0.487, 4.997e-4
0.488, 4.860e-4
0.489, 4.749e-4
0.490, 4.623e-4
0.491, 4.514e-4
0.492, 4.422e-4
0.493, 4.319e-4
0.494, 4.228e-4
0.495, 4.152e-4
0.496, 4.066e-4
0.497, 4.006e-4
0.498, 3.930e-4
0.499, 3.852e-4
0.500, 3.781e-4
0.501, 3.715e-4
0.502, 3.659e-4
0.503, 3.611e-4
0.504, 3.556e-4
0.505, 3.493e-4
0.506, 3.440e-4
0.507, 3.393e-4
0.508, 3.338e-4
0.509, 3.289e-4
0.510, 3.245e-4
0.511, 3.204e-4
0.512, 3.211e-4
0.513, 3.167e-4
0.514, 3.090e-4
0.515, 3.043e-4
0.516, 3.019e-4
0.517, 2.981e-4
0.518, 2.960e-4
0.519, 2.916e-4
0.520, 2.884e-4
0.521, 2.857e-4
0.522, 2.824e-4
0.523, 2.794e-4
0.524, 2.775e-4
0.525, 2.728e-4
0.526, 2.700e-4
0.527, 2.685e-4
0.528, 2.659e-4
0.529, 2.634e-4
0.530, 2.614e-4
0.531, 2.593e-4
0.532, 2.564e-4
0.533, 2.545e-4
0.534, 2.521e-4
0.535, 2.492e-4
0.536, 2.467e-4
0.537, 2.455e-4
0.538, 2.436e-4
0.539, 2.416e-4
0.540, 2.403e-4
0.541, 2.376e-4
0.542, 2.356e-4
0.543, 2.341e-4
0.544, 2.337e-4
0.545, 2.317e-4
0.546, 2.305e-4
0.547, 2.287e-4
0.548, 2.275e-4
0.549, 2.260e-4
0.550, 2.240e-4
0.551, 2.224e-4
0.552, 2.216e-4
0.553, 2.211e-4
0.554, 2.197e-4
0.555, 2.195e-4
0.556, 2.180e-4
0.557, 2.167e-4
0.558, 2.167e-4
0.559, 2.164e-4
0.560, 2.153e-4
0.561, 2.146e-4
0.562, 2.142e-4
0.563, 2.145e-4
0.564, 2.138e-4
0.565, 2.136e-4
0.566, 2.131e-4
0.567, 2.132e-4
0.568, 2.136e-4
0.569, 2.134e-4
0.570, 2.134e-4
0.571, 2.136e-4
0.572, 2.149e-4
0.573, 2.147e-4
0.574, 2.164e-4
0.575, 2.167e-4
0.576, 2.164e-4
0.577, 2.191e-4
0.578, 2.196e-4
0.579, 2.205e-4
0.580, 2.227e-4
0.581, 2.242e-4
0.582, 2.260e-4
0.583, 2.282e-4
0.584, 2.307e-4
0.585, 2.332e-4
0.586, 2.348e-4
0.587, 2.383e-4
0.588, 2.414e-4
0.589, 2.439e-4
0.590, 2.469e-4
0.591, 2.512e-4
0.592, 2.540e-4
0.593, 2.581e-4
0.594, 2.627e-4
0.595, 2.684e-4
0.596, 2.731e-4
0.597, 2.780e-4
0.598, 2.832e-4
0.599, 2.888e-4
0.600, 2.955e-4
0.601, 3.030e-4
0.602, 3.079e-4
0.603, 3.158e-4
0.604, 3.242e-4
0.605, 3.315e-4
0.606, 3.407e-4
0.607, 3.504e-4
0.608, 3.606e-4
0.609, 3.713e-4
0.610, 3.808e-4
0.611, 3.936e-4
0.612, 4.049e-4
0.613, 4.176e-4
0.614, 4.307e-4
0.615, 4.443e-4
0.616, 4.598e-4
0.617, 4.761e-4
0.618, 4.931e-4
0.619, 5.105e-4
0.620, 5.290e-4
0.621, 5.479e-4
0.622, 5.683e-4
0.623, 5.895e-4
0.624, 6.121e-4
0.625, 6.349e-4
0.626, 6.578e-4
0.627, 6.810e-4
0.628, 7.084e-4
0.629, 7.357e-4
0.630, 7.627e-4
0.631, 7.914e-4
0.632, 8.217e-4
0.633, 8.549e-4
0.634, 8.878e-4
0.635, 9.222e-4
0.636, 9.577e-4
0.637, 9.943e-4
0.638, 1.033e-3
0.639, 1.075e-3
0.640, 1.117e-3
0.641, 1.160e-3
0.642, 1.204e-3
0.643, 1.250e-3
0.644, 1.296e-3
0.645, 1.347e-3
0.646, 1.398e-3
0.647, 1.450e-3
0.648, 1.505e-3
0.649, 1.563e-3
0.650, 1.622e-3
0.651, 1.681e-3
0.652, 1.741e-3
0.653, 1.802e-3
0.654, 1.870e-3
0.655, 1.937e-3
0.656, 2.005e-3
0.657, 2.077e-3
0.658, 2.149e-3
0.659, 2.222e-3
0.660, 2.295e-3
0.661, 2.379e-3
0.662, 2.459e-3
0.663, 2.540e-3
0.664, 2.626e-3
0.665, 2.711e-3
0.666, 2.801e-3
0.667, 2.892e-3
0.668, 2.983e-3
0.669, 3.079e-3
0.670, 3.173e-3
0.671, 3.270e-3
0.672, 3.371e-3
0.673, 3.474e-3
0.674, 3.578e-3
0.675, 3.683e-3
0.676, 3.790e-3
0.677, 3.902e-3
0.678, 4.014e-3
0.679, 4.126e-3
0.680, 4.242e-3
0.681, 4.361e-3
0.682, 4.479e-3
0.683, 4.599e-3
0.684, 4.720e-3
0.685, 4.846e-3
0.686, 4.972e-3
0.687, 5.097e-3
0.688, 5.225e-3
0.689, 5.358e-3
0.690, 5.489e-3
0.691, 5.621e-3
0.692, 5.760e-3
0.693, 5.896e-3
0.694, 6.035e-3
0.695, 6.172e-3
0.696, 6.318e-3
0.697, 6.464e-3
0.698, 6.607e-3
0.699, 6.754e-3
0.700, 6.903e-3
0.701, 7.054e-3
0.702, 7.203e-3
0.703, 7.355e-3
0.704, 7.511e-3
0.705, 7.666e-3
0.706, 7.827e-3
0.707, 7.990e-3
0.708, 8.149e-3
0.709, 8.313e-3
0.710, 8.480e-3
0.711, 8.645e-3
0.712, 8.814e-3
0.713, 8.982e-3
0.714, 9.149e-3
0.715, 9.316e-3
0.716, 9.488e-3
0.717, 9.667e-3
0.718, 9.846e-3
0.719, 1.002e-2
0.720, 1.020e-2
0.721, 1.038e-2
0.722, 1.056e-2
0.723, 1.075e-2
0.724, 1.093e-2
0.725, 1.111e-2
0.726, 1.130e-2
0.727, 1.148e-2
0.728, 1.167e-2
0.729, 1.186e-2
0.730, 1.204e-2
0.731, 1.223e-2
0.732, 1.243e-2
0.733, 1.262e-2
0.734, 1.282e-2
0.735, 1.301e-2
0.736, 1.321e-2
0.737, 1.341e-2
0.738, 1.361e-2
0.739, 1.381e-2
0.740, 1.401e-2
0.741, 1.421e-2
0.742, 1.441e-2
0.743, 1.463e-2
0.744, 1.484e-2
0.745, 1.505e-2
0.746, 1.527e-2
0.747, 1.548e-2
0.748, 1.570e-2
0.749, 1.591e-2
0.750, 1.612e-2
0.751, 1.633e-2
0.752, 1.655e-2
0.753, 1.677e-2
0.754, 1.698e-2
0.755, 1.719e-2
0.756, 1.740e-2
0.757, 1.761e-2
0.758, 1.782e-2
0.759, 1.804e-2
0.760, 1.827e-2
0.761, 1.849e-2
0.762, 1.871e-2
0.763, 1.893e-2
0.764, 1.915e-2
0.765, 1.938e-2
0.766, 1.961e-2
0.767, 1.983e-2
0.768, 2.008e-2
0.769, 2.032e-2
0.770, 2.055e-2
0.771, 2.077e-2
0.772, 2.101e-2
0.773, 2.123e-2
0.774, 2.146e-2
0.775, 2.170e-2
0.776, 2.193e-2
0.777, 2.218e-2
0.778, 2.242e-2
0.779, 2.265e-2
0.780, 2.288e-2
0.781, 2.310e-2
0.782, 2.334e-2
0.783, 2.359e-2
0.784, 2.382e-2
0.785, 2.406e-2
0.786, 2.429e-2
0.787, 2.455e-2
0.788, 2.478e-2
0.789, 2.502e-2
0.790, 2.527e-2
0.791, 2.551e-2
0.792, 2.578e-2
0.793, 2.604e-2
0.794, 2.630e-2
0.795, 2.656e-2
0.796, 2.679e-2
0.797, 2.703e-2
0.798, 2.726e-2
0.799, 2.749e-2
0.800, 2.764e-2
0.799, 2.745e-2
0.798, 2.718e-2
0.797, 2.692e-2
0.796, 2.665e-2
0.795, 2.639e-2
0.794, 2.613e-2
0.793, 2.589e-2
0.792, 2.561e-2
0.791, 2.536e-2
0.790, 2.510e-2
0.789, 2.485e-2
0.788, 2.460e-2
0.787, 2.432e-2
0.786, 2.406e-2
0.785, 2.382e-2
0.784, 2.357e-2
0.783, 2.330e-2
0.782, 2.304e-2
0.781, 2.278e-2
0.780, 2.254e-2
0.779, 2.231e-2
0.778, 2.209e-2
0.777, 2.185e-2
0.776, 2.161e-2
0.775, 2.138e-2
0.774, 2.114e-2
0.773, 2.090e-2
0.772, 2.066e-2
0.771, 2.043e-2
0.770, 2.019e-2
0.769, 1.995e-2
0.768, 1.971e-2
0.767, 1.947e-2
0.766, 1.924e-2
0.765, 1.901e-2
0.764, 1.878e-2
0.763, 1.855e-2
0.762, 1.831e-2
0.761, 1.808e-2
0.760, 1.785e-2
0.759, 1.763e-2
0.758, 1.741e-2
0.757, 1.719e-2
0.756, 1.699e-2
0.755, 1.679e-2
0.754, 1.657e-2
0.753, 1.636e-2
0.752, 1.614e-2
0.751, 1.592e-2
0.750, 1.569e-2
0.749, 1.548e-2
0.748, 1.525e-2
0.747, 1.504e-2
0.746, 1.484e-2
0.745, 1.463e-2
0.744, 1.441e-2
0.743, 1.420e-2
0.742, 1.399e-2
0.741, 1.378e-2
0.740, 1.357e-2
0.739, 1.337e-2
0.738, 1.318e-2
0.737, 1.299e-2
0.736, 1.280e-2
0.735, 1.260e-2
0.734, 1.241e-2
0.733, 1.223e-2
0.732, 1.204e-2
0.731, 1.184e-2
0.730, 1.165e-2
0.729, 1.146e-2
0.728, 1.128e-2
0.727, 1.110e-2
0.726, 1.092e-2
0.725, 1.074e-2
0.724, 1.055e-2
0.723, 1.037e-2
0.722, 1.019e-2
0.721, 1.001e-2
0.720, 9.829e-3
0.719, 9.657e-3
0.718, 9.484e-3
0.717, 9.306e-3
0.716, 9.130e-3
0.715, 8.958e-3
0.714, 8.785e-3
0.713, 8.621e-3
0.712, 8.459e-3
0.711, 8.294e-3
0.710, 8.139e-3
0.709, 7.978e-3
0.708, 7.816e-3
0.707, 7.658e-3
0.706, 7.503e-3
0.705, 7.348e-3
0.704, 7.200e-3
0.703, 7.051e-3
0.702, 6.903e-3
0.701, 6.752e-3
0.700, 6.606e-3
0.699, 6.467e-3
0.698, 6.325e-3
0.697, 6.183e-3
0.696, 6.047e-3
0.695, 5.908e-3
0.694, 5.771e-3
0.693, 5.632e-3
0.692, 5.499e-3
0.691, 5.365e-3
0.690, 5.233e-3
0.689, 5.105e-3
0.688, 4.976e-3
0.687, 4.848e-3
0.686, 4.722e-3
0.685, 4.601e-3
0.684, 4.480e-3
0.683, 4.360e-3
0.682, 4.240e-3
0.681, 4.125e-3
0.680, 4.011e-3
0.679, 3.899e-3
0.678, 3.788e-3
0.677, 3.682e-3
0.676, 3.576e-3
0.675, 3.470e-3
0.674, 3.368e-3
0.673, 3.264e-3
0.672, 3.169e-3
0.671, 3.072e-3
0.670, 2.978e-3
0.669, 2.886e-3
0.668, 2.792e-3
0.667, 2.698e-3
0.666, 2.611e-3
0.665, 2.522e-3
0.664, 2.440e-3
0.663, 2.359e-3
0.662, 2.275e-3
0.661, 2.199e-3
0.660, 2.123e-3
0.659, 2.046e-3
0.658, 1.973e-3
0.657, 1.901e-3
0.656, 1.830e-3
0.655, 1.760e-3
0.654, 1.696e-3
0.653, 1.634e-3
0.652, 1.569e-3
0.651, 1.507e-3
0.650, 1.447e-3
0.649, 1.390e-3
0.648, 1.331e-3
0.647, 1.276e-3
0.646, 1.225e-3
0.645, 1.173e-3
0.644, 1.123e-3
0.643, 1.074e-3
0.642, 1.026e-3
0.641, 9.798e-4
0.640, 9.359e-4
0.639, 8.941e-4
0.638, 8.525e-4
0.637, 8.104e-4
0.636, 7.724e-4
0.635, 7.362e-4
0.634, 6.996e-4
0.633, 6.650e-4
0.632, 6.321e-4
0.631, 5.994e-4
0.630, 5.679e-4
0.629, 5.366e-4
0.628, 5.078e-4
0.627, 4.815e-4
0.626, 4.530e-4
0.625, 4.274e-4
0.624, 4.047e-4
0.623, 3.809e-4
0.622, 3.585e-4
0.621, 3.367e-4
0.620, 3.159e-4
0.619, 2.971e-4
0.618, 2.782e-4
0.617, 2.603e-4
0.616, 2.436e-4
0.615, 2.269e-4
0.614, 2.124e-4
0.613, 1.952e-4
0.612, 1.805e-4
0.611, 1.669e-4
0.610, 1.524e-4
0.609, 1.400e-4
0.608, 1.282e-4
0.607, 1.158e-4
0.606, 1.042e-4
0.605, 9.285e-5
0.604, 8.172e-5
0.603, 7.264e-5
0.602, 6.405e-5
0.601, 5.468e-5
0.600, 4.628e-5
0.599, 3.837e-5
0.598, 2.978e-5
0.597, 2.285e-5
0.596, 1.523e-5
0.595, 8.299e-6
0.594, 1.562e-6
0.593, -3.808e-6
0.592, -9.666e-6
0.591, -1.523e-5
0.590, -2.099e-5
0.589, -2.558e-5
0.588, -3.105e-5
0.587, -3.505e-5
0.586, -3.915e-5
0.585, -4.403e-5
0.584, -4.726e-5
0.583, -5.185e-5
0.582, -5.604e-5
0.581, -5.975e-5
0.580, -6.288e-5
0.579, -6.512e-5
0.578, -6.903e-5
0.577, -7.245e-5
0.576, -7.401e-5
0.575, -7.772e-5
0.574, -8.045e-5
0.573, -8.260e-5
0.572, -8.651e-5
0.571, -8.875e-5
0.570, -9.032e-5
0.569, -9.305e-5
0.568, -9.432e-5
0.567, -9.695e-5
0.566, -9.959e-5
0.565, -1.010e-4
0.564, -1.030e-4
0.563, -1.052e-4
0.562, -1.071e-4
0.561, -1.083e-4
0.560, -1.095e-4
0.559, -1.131e-4
0.558, -1.150e-4
0.557, -1.162e-4
0.556, -1.178e-4
0.555, -1.190e-4
0.554, -1.211e-4
0.553, -1.227e-4
0.552, -1.241e-4
0.551, -1.265e-4
0.550, -1.270e-4
0.549, -1.287e-4
0.548, -1.298e-4
0.547, -1.306e-4
0.546, -1.338e-4
0.545, -1.345e-4
0.544, -1.359e-4
0.543, -1.377e-4
0.542, -1.381e-4
0.541, -1.393e-4
0.540, -1.418e-4
0.539, -1.427e-4
0.538, -1.450e-4
0.537, -1.459e-4
0.536, -1.473e-4
0.535, -1.487e-4
0.534, -1.490e-4
0.533, -1.504e-4
0.532, -1.540e-4
0.531, -1.545e-4
0.530, -1.552e-4
0.529, -1.561e-4
0.528, -1.576e-4
0.527, -1.600e-4
0.526, -1.599e-4
0.525, -1.607e-4
0.524, -1.629e-4
0.523, -1.640e-4
0.522, -1.648e-4
0.521, -1.664e-4
0.520, -1.687e-4
0.519, -1.702e-4
0.518, -1.704e-4
0.517, -1.729e-4
0.516, -1.739e-4
0.515, -1.740e-4
0.514, -1.762e-4
0.513, -1.772e-4
0.512, -1.830e-4
0.511, -1.827e-4
0.510, -1.821e-4
0.509, -1.836e-4
0.508, -1.850e-4
0.507, -1.852e-4
0.506, -1.872e-4
0.505, -1.884e-4
0.504, -1.898e-4
0.503, -1.908e-4
0.502, -1.918e-4
0.501, -1.929e-4
0.500, -1.949e-4
0.499, -1.955e-4
0.498, -1.972e-4
0.497, -1.986e-4
0.496, -2.003e-4
0.495, -2.019e-4
0.494, -2.027e-4
0.493, -2.045e-4
0.492, -2.058e-4
0.491, -2.065e-4
0.490, -2.092e-4
0.489, -2.105e-4
0.488, -2.121e-4
0.487, -2.140e-4
0.486, -2.157e-4
0.485, -2.170e-4
0.484, -2.190e-4
0.483, -2.193e-4
0.482, -2.224e-4
0.481, -2.243e-4
0.480, -2.255e-4
0.479, -2.283e-4
0.478, -2.305e-4
0.477, -2.311e-4
0.476, -2.342e-4
0.475, -2.363e-4
0.474, -2.380e-4
0.473, -2.403e-4
0.472, -2.428e-4
0.471, -2.463e-4
0.470, -2.479e-4
0.469, -2.509e-4
0.468, -2.539e-4
0.467, -2.568e-4
0.466, -2.606e-4
0.465, -2.634e-4
0.464, -2.675e-4
0.463, -2.703e-4
0.462, -2.726e-4
0.461, -2.770e-4
0.460, -2.819e-4
0.459, -2.837e-4
0.458, -2.889e-4
0.457, -2.910e-4
0.456, -2.964e-4
0.455, -3.009e-4
0.454, -3.048e-4
0.453, -3.101e-4
0.452, -3.148e-4
0.451, -3.186e-4
0.450, -3.240e-4
0.449, -3.296e-4
0.448, -3.329e-4
0.447, -3.394e-4
0.446, -3.448e-4
0.445, -3.519e-4
0.444, -3.588e-4
0.443, -3.638e-4
0.442, -3.704e-4
0.441, -3.765e-4
0.440, -3.828e-4
0.439, -3.901e-4
0.438, -3.968e-4
0.437, -4.047e-4
0.436, -4.135e-4
0.435, -4.206e-4
0.434, -4.287e-4
0.433, -4.369e-4
0.432, -4.437e-4
0.431, -4.523e-4
0.430, -4.618e-4
0.429, -4.699e-4
0.428, -4.808e-4
0.427, -4.895e-4
0.426, -5.001e-4
0.425, -5.110e-4
0.424, -5.215e-4
0.423, -5.330e-4
0.422, -5.435e-4
0.421, -5.569e-4
0.420, -5.698e-4
0.419, -5.822e-4
0.418, -5.969e-4
0.417, -6.118e-4
0.416, -6.260e-4
0.415, -6.418e-4
0.414, -6.576e-4
0.413, -6.734e-4
0.412, -6.889e-4
0.411, -7.040e-4
0.410, -7.116e-4
0.409, -7.075e-4
0.408, -7.362e-4
0.407, -7.600e-4
0.406, -7.844e-4
0.405, -8.075e-4
0.404, -8.311e-4
0.403, -8.557e-4
0.402, -8.803e-4
0.401, -9.067e-4
0.400, -9.297e-4
0.399, -9.569e-4
0.398, -9.826e-4
0.397, -1.008e-3
0.396, -1.033e-3
0.395, -1.059e-3
0.394, -1.088e-3
0.393, -1.116e-3
0.392, -1.145e-3
0.391, -1.172e-3
0.390, -1.196e-3
0.389, -1.220e-3
0.388, -1.243e-3
0.387, -1.262e-3
0.386, -1.283e-3
0.385, -1.297e-3
0.384, -1.309e-3
0.383, -1.320e-3
0.382, -1.322e-3
0.381, -1.319e-3
0.380, -1.311e-3
0.379, -1.298e-3
0.378, -1.282e-3
0.377, -1.260e-3
0.376, -1.235e-3
0.375, -1.208e-3
0.374, -1.177e-3
0.373, -1.143e-3
0.372, -1.104e-3
0.371, -1.061e-3
0.370, -1.021e-3
0.369, -9.786e-4
0.368, -9.354e-4
0.367, -8.898e-4
0.366, -8.447e-4
0.365, -7.985e-4
0.364, -7.531e-4
0.363, -7.088e-4
0.362, -6.669e-4
0.361, -6.249e-4
0.360, -5.844e-4
0.359, -5.460e-4
0.358, -5.112e-4
0.357, -4.782e-4
0.356, -4.483e-4
0.355, -4.207e-4
0.354, -3.960e-4
0.353, -3.720e-4
0.352, -3.490e-4
0.351, -3.303e-4
0.350, -3.121e-4
0.349, -2.974e-4
0.348, -2.813e-4
0.347, -2.695e-4
0.346, -2.564e-4
0.345, -2.456e-4
0.344, -2.347e-4
0.343, -2.254e-4
0.342, -2.182e-4
0.341, -2.106e-4
0.340, -2.033e-4
0.339, -1.964e-4
0.338, -1.912e-4
0.337, -1.850e-4
0.336, -1.793e-4
0.335, -1.752e-4
0.334, -1.700e-4
0.333, -1.656e-4
0.332, -1.622e-4
0.331, -1.587e-4
0.330, -1.547e-4
0.329, -1.513e-4
0.328, -1.478e-4
0.327, -1.450e-4
0.326, -1.426e-4
0.325, -1.389e-4
0.324, -1.362e-4
0.323, -1.338e-4
0.322, -1.316e-4
0.321, -1.292e-4
0.320, -1.273e-4
0.319, -1.250e-4
0.318, -1.238e-4
0.317, -1.211e-4
0.316, -1.199e-4
0.315, -1.185e-4
0.314, -1.159e-4
0.313, -1.146e-4
0.312, -1.134e-4
0.311, -1.123e-4
0.310, -1.115e-4
0.309, -1.095e-4
0.308, -1.082e-4
0.307, -1.078e-4
0.306, -1.059e-4
0.305, -1.048e-4
0.304, -1.027e-4
0.303, -1.021e-4
0.302, -1.012e-4
0.301, -1.002e-4
0.300, -9.940e-5
0.299, -9.900e-5
0.298, -9.803e-5
0.297, -9.559e-5
0.296, -9.588e-5
0.295, -9.490e-5
0.294, -9.393e-5
0.293, -9.334e-5
0.292, -9.197e-5
0.291, -9.158e-5
0.290, -9.080e-5
0.289, -9.041e-5
0.288, -8.953e-5
0.287, -8.924e-5
0.286, -8.778e-5
0.285, -8.709e-5
0.284, -8.651e-5
0.283, -8.729e-5
0.282, -8.592e-5
0.281, -8.504e-5
0.280, -8.397e-5
0.279, -8.358e-5
0.278, -8.299e-5
0.277, -8.221e-5
0.276, -8.163e-5
0.275, -8.153e-5
0.274, -8.104e-5
0.273, -8.123e-5
0.272, -7.997e-5
0.271, -7.948e-5
0.270, -7.899e-5
0.269, -7.782e-5
0.268, -7.723e-5
0.267, -7.762e-5
0.266, -7.694e-5
0.265, -7.655e-5
0.264, -7.606e-5
0.263, -7.596e-5
0.262, -7.567e-5
0.261, -7.518e-5
0.260, -7.489e-5
0.259, -7.420e-5
0.258, -7.362e-5
0.257, -7.294e-5
0.256, -7.294e-5
0.255, -7.294e-5
0.254, -7.254e-5
0.253, -7.215e-5
0.252, -7.147e-5
0.251, -7.137e-5
0.250, -7.040e-5
0.249, -7.089e-5
0.248, -7.089e-5
0.247, -6.981e-5
0.246, -7.001e-5
0.245, -6.981e-5
0.244, -6.942e-5
0.243, -6.923e-5
0.242, -6.825e-5
0.241, -6.815e-5
0.240, -6.835e-5
0.239, -6.805e-5
0.238, -6.727e-5
0.237, -6.776e-5
0.236, -6.708e-5
0.235, -6.669e-5
0.234, -6.610e-5
0.233, -6.581e-5
0.232, -6.532e-5
0.231, -6.591e-5
0.230, -6.552e-5
0.229, -6.454e-5
0.228, -6.473e-5
0.227, -6.532e-5
0.226, -6.395e-5
0.225, -6.395e-5
0.224, -6.386e-5
0.223, -6.512e-5
0.222, -6.386e-5
0.221, -6.307e-5
0.220, -6.356e-5
0.219, -6.327e-5
0.218, -6.151e-5
0.217, -6.229e-5
0.216, -6.229e-5
0.215, -6.249e-5
0.214, -6.220e-5
0.213, -6.210e-5
0.212, -6.171e-5
0.211, -6.161e-5
0.210, -6.180e-5
0.209, -6.141e-5
0.208, -6.054e-5
0.207, -6.073e-5
0.206, -6.073e-5
0.205, -5.975e-5
0.204, -6.034e-5
0.203, -6.063e-5
0.202, -5.995e-5
0.201, -6.014e-5
0.200, -5.995e-5
0.199, -5.956e-5
0.198, -5.946e-5
0.197, -5.946e-5
0.196, -5.956e-5
0.195, -5.946e-5
0.194, -5.868e-5
0.193, -5.897e-5
0.192, -5.829e-5
0.191, -5.897e-5
0.190, -5.829e-5
0.189, -5.819e-5
0.188, -5.868e-5
0.187, -5.829e-5
0.186, -5.829e-5
0.185, -5.839e-5
0.184, -5.731e-5
0.183, -5.751e-5
0.182, -5.800e-5
0.181, -5.673e-5
0.180, -5.770e-5
0.179, -5.741e-5
0.178, -5.722e-5
0.177, -5.751e-5
0.176, -5.692e-5
0.175, -5.741e-5
0.174, -5.683e-5
0.173, -5.595e-5
0.172, -5.692e-5
0.171, -5.663e-5
0.170, -5.634e-5
0.169, -5.673e-5
0.168, -5.604e-5
0.167, -5.634e-5
0.166, -5.585e-5
0.165, -5.575e-5
0.164, -5.624e-5
0.163, -5.565e-5
0.162, -5.585e-5
0.161, -5.517e-5
0.160, -5.556e-5
0.159, -5.595e-5
0.158, -5.526e-5
0.157, -5.526e-5
0.156, -5.468e-5
0.155, -5.507e-5
0.154, -5.487e-5
0.153, -5.448e-5
0.152, -5.468e-5
0.151, -5.487e-5
0.150, -5.487e-5
0.149, -5.497e-5
0.148, -5.438e-5
0.147, -5.487e-5
0.146, -5.468e-5
0.145, -5.429e-5
0.144, -5.438e-5
0.143, -5.360e-5
0.142, -5.429e-5
0.141, -5.360e-5
0.140, -5.351e-5
0.139, -5.360e-5
0.138, -5.341e-5
0.137, -5.311e-5
0.136, -5.282e-5
0.135, -5.360e-5
0.134, -5.370e-5
0.133, -5.360e-5
0.132, -5.341e-5
0.131, -5.360e-5
0.130, -5.331e-5
0.129, -5.351e-5
0.128, -5.302e-5
0.127, -5.263e-5
0.126, -5.341e-5
0.125, -5.263e-5
0.124, -5.185e-5
0.123, -5.341e-5
0.122, -5.331e-5
0.121, -5.253e-5
0.120, -5.253e-5
0.119, -5.175e-5
0.118, -5.194e-5
0.117, -5.165e-5
0.116, -5.185e-5
0.115, -5.136e-5
0.114, -5.136e-5
0.113, -5.272e-5
0.112, -5.224e-5
0.111, -5.146e-5
0.110, -5.224e-5
0.109, -5.175e-5
0.108, -5.185e-5
0.107, -5.165e-5
0.106, -5.077e-5
0.105, -5.116e-5
0.104, -5.097e-5
0.103, -5.146e-5
0.102, -5.116e-5
0.101, -5.038e-5
0.100, -5.087e-5
0.099, -5.087e-5
0.098, -5.097e-5
0.097, -5.087e-5
0.096, -5.019e-5
0.095, -5.097e-5
0.094, -5.019e-5
0.093, -4.989e-5
0.092, -5.067e-5
0.091, -5.038e-5
0.090, -5.009e-5
0.089, -4.999e-5
0.088, -4.980e-5
0.087, -4.931e-5
0.086, -4.901e-5
0.085, -4.980e-5
0.084, -4.911e-5
0.083, -4.970e-5
0.082, -4.950e-5
0.081, -4.892e-5
0.080, -4.853e-5
0.079, -4.960e-5
0.078, -4.911e-5
0.077, -4.940e-5
0.076, -4.862e-5
0.075, -4.833e-5
0.074, -4.833e-5
0.073, -4.745e-5
0.072, -4.833e-5
0.071, -4.804e-5
0.070, -4.794e-5
0.069, -4.804e-5
0.068, -4.804e-5
0.067, -4.726e-5
0.066, -4.814e-5
0.065, -4.784e-5
0.064, -4.716e-5
0.063, -4.765e-5
0.062, -4.784e-5
0.061, -4.726e-5
0.060, -4.687e-5
0.059, -4.755e-5
0.058, -4.765e-5
0.057, -4.774e-5
0.056, -4.716e-5
0.055, -4.648e-5
0.054, -4.706e-5
0.053, -4.638e-5
0.052, -4.657e-5
0.051, -4.696e-5
0.050, -4.648e-5
0.049, -4.609e-5
0.048, -4.599e-5
0.047, -4.638e-5
0.046, -4.618e-5
0.045, -4.599e-5
0.044, -4.550e-5
0.043, -4.609e-5
0.042, -4.560e-5
0.041, -4.589e-5
0.040, -4.579e-5
0.039, -4.482e-5
0.038, -4.491e-5
0.037, -4.472e-5
0.036, -4.501e-5
0.035, -4.482e-5
0.034, -4.530e-5
0.033, -4.462e-5
0.032, -4.462e-5
0.031, -4.452e-5
0.030, -4.452e-5
0.029, -4.413e-5
0.028, -4.403e-5
0.027, -4.394e-5
0.026, -4.433e-5
0.025, -4.462e-5
0.024, -4.374e-5
0.023, -4.374e-5
0.022, -4.364e-5
0.021, -4.443e-5
0.020, -4.364e-5
0.019, -4.325e-5
0.018, -4.364e-5
0.017, -4.394e-5
0.016, -4.374e-5
0.015, -4.374e-5
0.014, -4.335e-5
0.013, -4.335e-5
0.012, -4.316e-5
0.011, -4.364e-5
0.010, -4.296e-5
0.009, -4.277e-5
0.008, -4.257e-5
0.007, -4.247e-5
0.006, -4.277e-5
0.005, -4.247e-5
0.004, -4.179e-5
0.003, -4.257e-5
0.002, -4.247e-5
0.001, -4.316e-5
0.000, -3.671e-5
0.001, -2.636e-5
0.002, -2.421e-5
0.003, -2.265e-5
0.004, -2.158e-5
0.005, -2.060e-5
0.006, -1.923e-5
0.007, -1.943e-5
0.008, -1.816e-5
0.009, -1.660e-5
0.010, -1.709e-5
0.011, -1.679e-5
0.012, -1.611e-5
0.013, -1.562e-5
0.014, -1.416e-5
0.015, -1.465e-5
0.016, -1.523e-5
0.017, -1.386e-5
0.018, -1.260e-5
0.019, -1.250e-5
0.020, -1.318e-5
0.021, -1.260e-5
0.022, -1.220e-5
0.023, -1.172e-5
0.024, -1.181e-5
0.025, -1.172e-5
0.026, -1.123e-5
0.027, -1.103e-5
0.028, -1.094e-5
0.029, -1.045e-5
0.030, -1.006e-5
0.031, -1.015e-5
0.032, -1.045e-5
0.033, -9.764e-6
0.034, -9.764e-6
0.035, -9.276e-6
0.036, -9.471e-6
0.037, -9.178e-6
0.038, -8.494e-6
0.039, -8.397e-6
0.040, -8.787e-6
0.041, -8.104e-6
0.042, -7.909e-6
0.043, -7.909e-6
0.044, -8.299e-6
0.045, -8.006e-6
0.046, -8.592e-6
0.047, -8.006e-6
0.048, -8.104e-6
0.049, -8.006e-6
0.050, -7.518e-6
0.051, -7.713e-6
0.052, -7.030e-6
0.053, -7.225e-6
0.054, -7.128e-6
0.055, -7.420e-6
0.056, -7.323e-6
0.057, -6.249e-6
0.058, -5.956e-6
0.059, -5.468e-6
0.060, -6.249e-6
0.061, -5.858e-6
0.062, -5.370e-6
0.063, -5.761e-6
0.064, -5.565e-6
0.065, -5.468e-6
0.066, -5.077e-6
0.067, -4.882e-6
0.068, -5.565e-6
0.069, -5.175e-6
0.070, -5.272e-6
0.071, -5.272e-6
0.072, -5.272e-6
0.073, -4.394e-6
0.074, -4.784e-6
0.075, -4.296e-6
0.076, -4.394e-6
0.077, -5.077e-6
0.078, -5.272e-6
0.079, -4.882e-6
0.080, -4.003e-6
0.081, -3.515e-6
0.082, -3.710e-6
0.083, -3.320e-6
0.084, -2.929e-6
0.085, -2.929e-6
0.086, -3.222e-6
0.087, -3.515e-6
0.088, -3.027e-6
0.089, -3.027e-6
0.090, -4.101e-6
0.091, -2.734e-6
0.092, -2.929e-6
0.093, -2.929e-6
0.094, -2.636e-6
0.095, -2.148e-6
0.096, -2.832e-6
0.097, -2.148e-6
0.098, -2.539e-6
0.099, -2.636e-6
0.100, -1.757e-6
0.101, -2.050e-6
0.102, -1.953e-6
0.103, -1.757e-6
0.104, -1.757e-6
0.105, -1.465e-6
0.106, -1.953e-6
0.107, -1.562e-6
0.108, -2.148e-6
0.109, -2.246e-6
0.110, -2.246e-6
0.111, -2.148e-6
0.112, -1.269e-6
0.113, -1.562e-6
0.114, -9.764e-7
0.115, -1.367e-6
0.116, -1.074e-6
0.117, -1.074e-6
0.118, -7.811e-7
0.119, -2.929e-7
0.120, -2.929e-7
0.121, -5.858e-7
0.122, -8.787e-7
0.123, 3.905e-7
0.124, -3.906e-7
0.125, -2.929e-7
0.126, 1.953e-7
0.127, -3.906e-7
0.128, -4.882e-7
0.129, -3.906e-7
0.130, -9.764e-7
0.131, 2.929e-7
0.132, 1.953e-7
0.133, 8.787e-7
0.134, 2.929e-7
0.135, 1.953e-7
0.136, 6.835e-7
0.137, 1.953e-7
0.138, 8.787e-7
0.139, 1.074e-6
0.140, 9.764e-7
0.141, 8.787e-7
0.142, 6.835e-7
0.143, 1.269e-6
0.144, 1.074e-6
0.145, 1.465e-6
0.146, 1.172e-6
0.147, 8.787e-7
0.148, 1.367e-6
0.149, 1.562e-6
0.150, 1.269e-6
0.151, 1.465e-6
0.152, 1.660e-6
0.153, 9.764e-7
0.154, 1.172e-6
0.155, 1.367e-6
0.156, 1.855e-6
0.157, 1.269e-6
0.158, 1.660e-6
0.159, 2.343e-6
0.160, 2.343e-6
0.161, 1.269e-6
0.162, 1.953e-6
0.163, 2.148e-6
0.164, 2.539e-6
0.165, 1.953e-6
0.166, 2.539e-6
0.167, 2.441e-6
0.168, 2.539e-6
0.169, 2.831e-6
0.170, 2.246e-6
0.171, 2.441e-6
0.172, 3.222e-6
0.173, 3.124e-6
0.174, 3.027e-6
0.175, 3.808e-6
0.176, 3.320e-6
0.177, 3.710e-6
0.178, 3.613e-6
0.179, 3.417e-6
0.180, 2.929e-6
0.181, 3.320e-6
0.182, 3.320e-6
0.183, 3.027e-6
0.184, 3.710e-6
0.185, 3.515e-6
0.186, 3.222e-6
0.187, 4.491e-6
0.188, 3.710e-6
0.189, 3.320e-6
0.190, 3.320e-6
0.191, 4.003e-6
0.192, 3.710e-6
0.193, 4.003e-6
0.194, 4.198e-6
0.195, 4.687e-6
0.196, 4.198e-6
0.197, 3.906e-6
0.198, 4.882e-6
0.199, 4.491e-6
0.200, 5.077e-6
0.201, 4.101e-6
0.202, 4.589e-6
0.203, 4.101e-6
0.204, 5.077e-6
0.205, 4.491e-6
0.206, 4.687e-6
0.207, 4.784e-6
0.208, 5.077e-6
0.209, 4.687e-6
0.210, 5.370e-6
0.211, 5.175e-6
0.212, 5.175e-6
0.213, 5.175e-6
0.214, 5.565e-6
0.215, 6.151e-6
0.216, 5.663e-6
0.217, 6.737e-6
0.218, 6.639e-6
0.219, 5.858e-6
0.220, 5.858e-6
0.221, 5.370e-6
0.222, 6.346e-6
0.223, 5.663e-6
0.224, 5.565e-6
0.225, 6.444e-6
0.226, 6.444e-6
0.227, 6.542e-6
0.228, 6.932e-6
0.229, 6.444e-6
0.230, 7.323e-6
0.231, 6.737e-6
0.232, 6.835e-6
0.233, 7.713e-6
0.234, 7.713e-6
0.235, 7.225e-6
0.236, 7.030e-6
0.237, 7.909e-6
0.238, 7.909e-6
0.239, 8.299e-6
0.240, 8.592e-6
0.241, 7.713e-6
0.242, 8.494e-6
0.243, 7.909e-6
0.244, 7.420e-6
0.245, 8.104e-6
0.246, 8.006e-6
0.247, 7.909e-6
0.248, 8.690e-6
0.249, 8.690e-6
0.250, 9.373e-6
0.251, 9.861e-6
0.252, 9.471e-6
0.253, 9.666e-6
0.254, 9.471e-6
0.255, 1.045e-5
0.256, 9.959e-6
0.257, 1.025e-5
0.258, 1.054e-5
0.259, 1.054e-5
0.260, 1.103e-5
0.261, 1.035e-5
0.262, 1.025e-5
0.263, 1.084e-5
0.264, 1.045e-5
0.265, 1.133e-5
0.266, 1.181e-5
0.267, 1.162e-5
0.268, 1.201e-5
0.269, 1.162e-5
0.270, 1.181e-5
0.271, 1.211e-5
0.272, 1.181e-5
0.273, 1.240e-5
0.274, 1.328e-5
0.275, 1.211e-5
0.276, 1.289e-5
0.277, 1.289e-5
0.278, 1.318e-5
0.279, 1.289e-5
0.280, 1.386e-5
0.281, 1.386e-5
0.282, 1.426e-5
0.283, 1.386e-5
0.284, 1.474e-5
0.285, 1.426e-5
0.286, 1.504e-5
0.287, 1.465e-5
0.288, 1.494e-5
0.289, 1.513e-5
0.290, 1.552e-5
0.291, 1.543e-5
0.292, 1.660e-5
0.293, 1.601e-5
0.294, 1.640e-5
0.295, 1.650e-5
0.296, 1.670e-5
0.297, 1.738e-5
0.298, 1.738e-5
0.299, 1.689e-5
0.300, 1.797e-5
0.301, 1.787e-5
0.302, 1.797e-5
0.303, 1.797e-5
0.304, 1.816e-5
0.305, 1.972e-5
0.306, 2.011e-5
0.307, 1.992e-5
0.308, 1.982e-5
0.309, 2.050e-5
0.310, 1.992e-5
0.311, 2.070e-5
0.312, 2.129e-5
0.313, 2.099e-5
0.314, 2.109e-5
0.315, 2.138e-5
0.316, 2.255e-5
0.317, 2.158e-5
0.318, 2.236e-5
0.319, 2.207e-5
0.320, 2.285e-5
0.321, 2.343e-5
0.322, 2.363e-5
0.323, 2.460e-5
0.324, 2.421e-5
0.325, 2.470e-5
0.326, 2.451e-5
0.327, 2.470e-5
0.328, 2.421e-5
0.329, 2.500e-5
0.330, 2.500e-5
0.331, 2.578e-5
0.332, 2.656e-5
0.333, 2.646e-5
0.334, 2.636e-5
0.335, 2.597e-5
0.336, 2.646e-5
0.337, 2.753e-5
0.338, 2.695e-5
0.339, 2.802e-5
0.340, 2.851e-5
0.341, 2.812e-5
0.342, 2.792e-5
0.343, 2.880e-5
0.344, 2.910e-5
0.345, 2.900e-5
0.346, 2.871e-5
0.347, 2.968e-5
0.348, 2.978e-5
0.349, 3.076e-5
0.350, 3.085e-5
0.351, 3.076e-5
0.352, 3.124e-5
0.353, 3.085e-5
0.354, 3.124e-5
0.355, 3.261e-5
0.356, 3.251e-5
0.357, 3.232e-5
0.358, 3.300e-5
0.359, 3.339e-5
0.360, 3.398e-5
0.361, 3.359e-5
0.362, 3.456e-5
0.363, 3.476e-5
0.364, 3.495e-5
0.365, 3.534e-5
0.366, 3.632e-5
0.367, 3.740e-5
0.368, 3.652e-5
0.369, 3.710e-5
0.370, 3.730e-5
0.371, 3.788e-5
0.372, 3.818e-5
0.373, 3.798e-5
0.374, 3.837e-5
0.375, 3.974e-5
0.376, 4.013e-5
0.377, 4.052e-5
0.378, 4.091e-5
0.379, 4.111e-5
0.380, 4.208e-5
0.381, 4.130e-5
0.382, 4.179e-5
0.383, 4.384e-5
0.384, 4.325e-5
0.385, 4.355e-5
0.386, 4.472e-5
0.387, 4.540e-5
0.388, 4.599e-5
0.389, 4.726e-5
0.390, 4.726e-5
0.391, 4.784e-5
0.392, 4.872e-5
0.393, 4.882e-5
0.394, 5.009e-5
0.395, 5.058e-5
0.396, 5.204e-5
0.397, 5.175e-5
0.398, 5.380e-5
0.399, 5.497e-5
0.400, 5.634e-5
0.401, 5.741e-5
0.402, 5.868e-5
0.403, 5.956e-5
0.404, 6.073e-5
0.405, 6.307e-5
0.406, 6.493e-5
0.407, 6.659e-5
0.408, 6.942e-5
0.409, 7.108e-5
0.410, 6.815e-5
0.411, 7.704e-5
0.412, 8.221e-5
0.413, 8.641e-5
0.414, 9.197e-5
0.415, 9.891e-5
0.416, 1.055e-4
0.417, 1.143e-4
0.418, 1.257e-4
0.419, 1.378e-4
0.420, 1.519e-4
0.421, 1.681e-4
0.422, 1.879e-4
0.423, 2.093e-4
0.424, 2.369e-4
0.425, 2.675e-4
0.426, 3.014e-4
0.427, 3.415e-4
0.428, 3.883e-4
0.429, 4.441e-4
0.430, 5.098e-4
0.431, 5.862e-4
0.432, 6.706e-4
0.433, 7.607e-4
0.434, 8.532e-4
0.435, 9.466e-4
0.436, 1.045e-3
0.437, 1.144e-3
0.438, 1.244e-3
0.439, 1.346e-3
0.440, 1.449e-3
0.441, 1.550e-3
0.442, 1.647e-3
0.443, 1.735e-3
0.444, 1.818e-3
0.445, 1.895e-3
0.446, 1.959e-3
0.447, 2.013e-3
0.448, 2.056e-3
0.449, 2.084e-3
0.450, 2.099e-3
0.451, 2.103e-3
0.452, 2.090e-3
0.453, 2.065e-3
0.454, 2.026e-3
0.455, 1.977e-3
0.456, 1.917e-3
0.457, 1.847e-3
0.458, 1.766e-3
0.459, 1.688e-3
0.460, 1.604e-3
0.461, 1.516e-3
0.462, 1.433e-3
0.463, 1.349e-3
0.464, 1.269e-3
0.465, 1.196e-3
0.466, 1.126e-3
0.467, 1.062e-3
0.468, 1.002e-3
0.469, 9.454e-4
0.470, 8.974e-4
0.471, 8.517e-4
0.472, 8.095e-4
0.473, 7.726e-4
0.474, 7.362e-4
0.475, 7.050e-4
0.476, 6.769e-4
0.477, 6.498e-4
0.478, 6.276e-4
0.479, 6.042e-4
0.480, 5.843e-4
0.481, 5.642e-4
0.482, 5.471e-4
0.483, 5.311e-4
0.484, 5.156e-4
0.485, 5.020e-4
0.486, 4.883e-4
0.487, 4.765e-4
0.488, 4.639e-4
0.489, 4.542e-4
0.490, 4.426e-4
0.491, 4.328e-4
0.492, 4.236e-4
0.493, 4.148e-4
0.494, 4.075e-4
0.495, 3.989e-4
0.496, 3.913e-4
0.497, 3.853e-4
0.498, 3.791e-4
0.499, 3.710e-4
0.500, 3.643e-4
0.501, 3.597e-4
0.502, 3.539e-4
0.503, 3.468e-4
0.504, 3.432e-4
0.505, 3.385e-4
0.506, 3.327e-4
0.507, 3.286e-4
0.508, 3.237e-4
0.509, 3.191e-4
0.510, 3.156e-4
0.511, 3.118e-4
0.512, 3.115e-4
0.513, 3.063e-4
0.514, 3.018e-4
0.515, 2.972e-4
0.516, 2.942e-4
0.517, 2.910e-4
0.518, 2.876e-4
0.519, 2.844e-4
0.520, 2.816e-4
0.521, 2.783e-4
0.522, 2.742e-4
0.523, 2.720e-4
0.524, 2.700e-4
0.525, 2.648e-4
0.526, 2.644e-4
0.527, 2.615e-4
0.528, 2.588e-4
0.529, 2.564e-4
0.530, 2.546e-4
0.531, 2.511e-4
0.532, 2.498e-4
0.533, 2.468e-4
0.534, 2.460e-4
0.535, 2.431e-4
0.536, 2.418e-4
0.537, 2.396e-4
0.538, 2.386e-4
0.539, 2.357e-4
0.540, 2.339e-4
0.541, 2.312e-4
0.542, 2.313e-4
0.543, 2.279e-4
0.544, 2.263e-4
0.545, 2.250e-4
0.546, 2.235e-4
0.547, 2.221e-4
0.548, 2.217e-4
0.549, 2.200e-4
0.550, 2.184e-4
0.551, 2.155e-4
0.552, 2.161e-4
0.553, 2.156e-4
0.554, 2.129e-4
0.555, 2.119e-4
0.556, 2.129e-4
0.557, 2.110e-4
0.558, 2.111e-4
0.559, 2.099e-4
0.560, 2.093e-4
0.561, 2.087e-4
0.562, 2.085e-4
0.563, 2.079e-4
0.564, 2.079e-4
0.565, 2.074e-4
0.566, 2.070e-4
0.567, 2.068e-4
0.568, 2.067e-4
0.569, 2.076e-4
0.570, 2.070e-4
0.571, 2.084e-4
0.572, 2.089e-4
0.573, 2.080e-4
0.574, 2.104e-4
0.575, 2.106e-4
0.576, 2.109e-4
0.577, 2.116e-4
0.578, 2.133e-4
0.579, 2.150e-4
0.580, 2.156e-4
0.581, 2.173e-4
0.582, 2.195e-4
0.583, 2.218e-4
0.584, 2.235e-4
0.585, 2.257e-4
0.586, 2.278e-4
0.587, 2.314e-4
0.588, 2.337e-4
0.589, 2.378e-4
0.590, 2.403e-4
0.591, 2.442e-4
0.592, 2.476e-4
0.593, 2.517e-4
0.594, 2.561e-4
0.595, 2.612e-4
0.596, 2.663e-4
0.597, 2.707e-4
0.598, 2.767e-4
0.599, 2.811e-4
0.600, 2.874e-4
0.601, 2.950e-4
0.602, 3.003e-4
0.603, 3.072e-4
0.604, 3.148e-4
0.605, 3.230e-4
0.606, 3.319e-4
0.607, 3.413e-4
0.608, 3.513e-4
0.609, 3.611e-4
0.610, 3.721e-4
0.611, 3.831e-4
0.612, 3.941e-4
0.613, 4.072e-4
0.614, 4.201e-4
0.615, 4.319e-4
0.616, 4.480e-4
0.617, 4.647e-4
0.618, 4.805e-4
0.619, 4.980e-4
0.620, 5.159e-4
0.621, 5.344e-4
0.622, 5.551e-4
0.623, 5.744e-4
0.624, 5.961e-4
0.625, 6.196e-4
0.626, 6.416e-4
0.627, 6.654e-4
0.628, 6.908e-4
0.629, 7.170e-4
0.630, 7.455e-4
0.631, 7.729e-4
0.632, 8.021e-4
0.633, 8.345e-4
0.634, 8.681e-4
0.635, 9.006e-4
0.636, 9.353e-4
0.637, 9.705e-4
0.638, 1.009e-3
0.639, 1.049e-3
0.640, 1.090e-3
0.641, 1.134e-3
0.642, 1.177e-3
0.643, 1.222e-3
0.644, 1.266e-3
0.645, 1.314e-3
0.646, 1.367e-3
0.647, 1.418e-3
0.648, 1.471e-3
0.649, 1.526e-3
0.650, 1.585e-3
0.651, 1.644e-3
0.652, 1.702e-3
0.653, 1.762e-3
0.654, 1.830e-3
0.655, 1.897e-3
0.656, 1.963e-3
0.657, 2.033e-3
0.658, 2.105e-3
0.659, 2.178e-3
0.660, 2.249e-3
0.661, 2.329e-3
0.662, 2.412e-3
0.663, 2.489e-3
0.664, 2.574e-3
0.665, 2.661e-3
0.666, 2.745e-3
0.667, 2.836e-3
0.668, 2.928e-3
0.669, 3.019e-3
0.670, 3.114e-3
0.671, 3.208e-3
0.672, 3.308e-3
0.673, 3.411e-3
0.674, 3.513e-3
0.675, 3.619e-3
0.676, 3.724e-3
0.677, 3.833e-3
0.678, 3.945e-3
0.679, 4.056e-3
0.680, 4.169e-3
0.681, 4.287e-3
0.682, 4.406e-3
0.683, 4.526e-3
0.684, 4.646e-3
0.685, 4.767e-3
0.686, 4.896e-3
0.687, 5.023e-3
0.688, 5.151e-3
0.689, 5.280e-3
0.690, 5.410e-3
0.691, 5.546e-3
0.692, 5.680e-3
0.693, 5.817e-3
0.694, 5.957e-3
0.695, 6.095e-3
0.696, 6.235e-3
0.697, 6.379e-3
0.698, 6.525e-3
0.699, 6.670e-3
0.700, 6.819e-3
0.701, 6.967e-3
0.702, 7.117e-3
0.703, 7.271e-3
0.704, 7.423e-3
0.705, 7.578e-3
0.706, 7.736e-3
0.707, 7.897e-3
0.708, 8.059e-3
0.709, 8.223e-3
0.710, 8.391e-3
0.711, 8.556e-3
0.712, 8.723e-3
0.713, 8.891e-3
0.714, 9.058e-3
0.715, 9.232e-3
0.716, 9.406e-3
0.717, 9.585e-3
0.718, 9.765e-3
0.719, 9.944e-3
0.720, 1.012e-2
0.721, 1.031e-2
0.722, 1.049e-2
0.723, 1.067e-2
0.724, 1.085e-2
0.725, 1.103e-2
0.726, 1.123e-2
0.727, 1.142e-2
0.728, 1.160e-2
0.729, 1.179e-2
0.730, 1.198e-2
0.731, 1.217e-2
0.732, 1.237e-2
0.733, 1.256e-2
0.734, 1.275e-2
0.735, 1.295e-2
0.736, 1.316e-2
0.737, 1.335e-2
0.738, 1.355e-2
0.739, 1.375e-2
0.740, 1.395e-2
0.741, 1.415e-2
0.742, 1.437e-2
0.743, 1.458e-2
0.744, 1.479e-2
0.745, 1.499e-2
0.746, 1.520e-2
0.747, 1.541e-2
0.748, 1.562e-2
0.749, 1.583e-2
0.750, 1.604e-2
0.751, 1.626e-2
0.752, 1.647e-2
0.753, 1.669e-2
0.754, 1.691e-2
0.755, 1.713e-2
0.756, 1.735e-2
0.757, 1.758e-2
0.758, 1.781e-2
0.759, 1.803e-2
0.760, 1.826e-2
0.761, 1.848e-2
0.762, 1.871e-2
0.763, 1.895e-2
0.764, 1.918e-2
0.765, 1.940e-2
0.766, 1.961e-2
0.767, 1.983e-2
0.768, 2.006e-2
0.769, 2.030e-2
0.770, 2.053e-2
0.771, 2.078e-2
0.772, 2.101e-2
0.773, 2.124e-2
0.774, 2.148e-2
0.775, 2.171e-2
0.776, 2.195e-2
0.777, 2.219e-2
0.778, 2.241e-2
0.779, 2.264e-2
0.780, 2.287e-2
0.781, 2.311e-2
0.782, 2.336e-2
0.783, 2.362e-2
0.784, 2.387e-2
0.785, 2.411e-2
0.786, 2.435e-2
0.787, 2.459e-2
0.788, 2.483e-2
0.789, 2.508e-2
0.790, 2.534e-2
0.791, 2.559e-2
0.792, 2.585e-2
0.793, 2.609e-2
0.794, 2.633e-2
0.795, 2.657e-2
0.796, 2.682e-2
0.797, 2.707e-2
0.798, 2.730e-2
0.799, 2.755e-2
0.800, 2.774e-2
0.799, 2.755e-2
0.798, 2.728e-2
0.797, 2.702e-2
0.796, 2.676e-2
0.795, 2.647e-2
0.794, 2.620e-2
0.793, 2.594e-2
0.792, 2.566e-2
0.791, 2.539e-2
0.790, 2.512e-2
0.789, 2.487e-2
0.788, 2.461e-2
0.787, 2.433e-2
0.786, 2.407e-2
0.785, 2.381e-2
0.784, 2.357e-2
0.783, 2.333e-2
0.782, 2.307e-2
0.781, 2.283e-2
0.780, 2.259e-2
0.779, 2.235e-2
0.778, 2.211e-2
0.777, 2.186e-2
0.776, 2.163e-2
0.775, 2.138e-2
0.774, 2.113e-2
0.773, 2.088e-2
0.772, 2.065e-2
0.771, 2.041e-2
0.770, 2.017e-2
0.769, 1.992e-2
0.768, 1.968e-2
0.767, 1.944e-2
0.766, 1.920e-2
0.765, 1.897e-2
0.764, 1.874e-2
0.763, 1.851e-2
0.762, 1.829e-2
0.761, 1.806e-2
0.760, 1.784e-2
0.759, 1.762e-2
0.758, 1.742e-2
0.757, 1.719e-2
0.756, 1.696e-2
0.755, 1.673e-2
0.754, 1.651e-2
0.753, 1.629e-2
0.752, 1.607e-2
0.751, 1.584e-2
0.750, 1.564e-2
0.749, 1.542e-2
0.748, 1.521e-2
0.747, 1.499e-2
0.746, 1.478e-2
0.745, 1.457e-2
0.744, 1.437e-2
0.743, 1.416e-2
0.742, 1.395e-2
0.741, 1.376e-2
0.740, 1.356e-2
0.739, 1.336e-2
0.738, 1.315e-2
0.737, 1.294e-2
0.736, 1.274e-2
0.735, 1.255e-2
0.734, 1.236e-2
0.733, 1.216e-2
0.732, 1.197e-2
0.731, 1.177e-2
0.730, 1.158e-2
0.729, 1.140e-2
0.728, 1.121e-2
0.727, 1.101e-2
0.726, 1.083e-2
0.725, 1.065e-2
0.724, 1.047e-2
0.723, 1.028e-2
0.722, 1.011e-2
0.721, 9.940e-3
0.720, 9.761e-3
0.719, 9.581e-3
0.718, 9.408e-3
0.717, 9.231e-3
0.716, 9.053e-3
0.715, 8.882e-3
0.714, 8.711e-3
0.713, 8.547e-3
0.712, 8.383e-3
0.711, 8.216e-3
0.710, 8.053e-3
0.709, 7.894e-3
0.708, 7.729e-3
0.707, 7.572e-3
0.706, 7.415e-3
0.705, 7.264e-3
0.704, 7.112e-3
0.703, 6.966e-3
0.702, 6.816e-3
0.701, 6.669e-3
0.700, 6.527e-3
0.699, 6.380e-3
0.698, 6.234e-3
0.697, 6.092e-3
0.696, 5.954e-3
0.695, 5.816e-3
0.694, 5.677e-3
0.693, 5.541e-3
0.692, 5.406e-3
0.691, 5.271e-3
0.690, 5.140e-3
0.689, 5.013e-3
0.688, 4.886e-3
0.687, 4.759e-3
0.686, 4.636e-3
0.685, 4.516e-3
0.684, 4.396e-3
0.683, 4.279e-3
0.682, 4.162e-3
0.681, 4.047e-3
0.680, 3.932e-3
0.679, 3.819e-3
0.678, 3.712e-3
0.677, 3.606e-3
0.676, 3.501e-3
0.675, 3.401e-3
0.674, 3.298e-3
0.673, 3.198e-3
0.672, 3.103e-3
0.671, 3.005e-3
0.670, 2.912e-3
0.669, 2.819e-3
0.668, 2.726e-3
0.667, 2.636e-3
0.666, 2.546e-3
0.665, 2.461e-3
0.664, 2.381e-3
0.663, 2.297e-3
0.662, 2.219e-3
0.661, 2.143e-3
0.660, 2.068e-3
0.659, 1.994e-3
0.658, 1.921e-3
0.657, 1.850e-3
0.656, 1.780e-3
0.655, 1.714e-3
0.654, 1.650e-3
0.653, 1.587e-3
0.652, 1.524e-3
0.651, 1.465e-3
0.650, 1.406e-3
0.649, 1.347e-3
0.648, 1.290e-3
0.647, 1.238e-3
0.646, 1.187e-3
0.645, 1.137e-3
0.644, 1.087e-3
0.643, 1.039e-3
0.642, 9.924e-4
0.641, 9.486e-4
0.640, 9.052e-4
0.639, 8.633e-4
0.638, 8.232e-4
0.637, 7.827e-4
0.636, 7.463e-4
0.635, 7.102e-4
0.634, 6.741e-4
0.633, 6.408e-4
0.632, 6.084e-4
0.631, 5.765e-4
0.630, 5.452e-4
0.629, 5.158e-4
0.628, 4.888e-4
0.627, 4.618e-4
0.626, 4.347e-4
0.625, 4.098e-4
0.624, 3.869e-4
0.623, 3.646e-4
0.622, 3.426e-4
0.621, 3.223e-4
0.620, 3.025e-4
0.619, 2.844e-4
0.618, 2.656e-4
0.617, 2.482e-4
0.616, 2.313e-4
0.615, 2.153e-4
0.614, 2.022e-4
0.613, 1.848e-4
0.612, 1.707e-4
0.611, 1.570e-4
0.610, 1.439e-4
0.609, 1.302e-4
0.608, 1.195e-4
0.607, 1.072e-4
0.606, 9.705e-5
0.605, 8.602e-5
0.604, 7.616e-5
0.603, 6.688e-5
0.602, 5.770e-5
0.601, 4.833e-5
0.600, 4.042e-5
0.599, 3.183e-5
0.598, 2.460e-5
0.597, 1.787e-5
0.596, 1.103e-5
0.595, 4.882e-6
0.594, -9.764e-7
0.593, -7.323e-6
0.592, -1.377e-5
0.591, -1.894e-5
0.590, -2.363e-5
0.589, -2.958e-5
0.588, -3.339e-5
0.587, -3.730e-5
0.586, -4.247e-5
0.585, -4.599e-5
0.584, -5.019e-5
0.583, -5.458e-5
0.582, -5.780e-5
0.581, -6.112e-5
0.580, -6.512e-5
0.579, -6.796e-5
0.578, -7.098e-5
0.577, -7.372e-5
0.576, -7.547e-5
0.575, -7.938e-5
0.574, -8.241e-5
0.573, -8.455e-5
0.572, -8.651e-5
0.571, -8.885e-5
0.570, -9.168e-5
0.569, -9.412e-5
0.568, -9.549e-5
0.567, -9.881e-5
0.566, -9.969e-5
0.565, -1.023e-4
0.564, -1.046e-4
0.563, -1.068e-4
0.562, -1.082e-4
0.561, -1.097e-4
0.560, -1.113e-4
0.559, -1.135e-4
0.558, -1.145e-4
0.557, -1.173e-4
0.556, -1.181e-4
0.555, -1.195e-4
0.554, -1.213e-4
0.553, -1.228e-4
0.552, -1.237e-4
0.551, -1.261e-4
0.550, -1.262e-4
0.549, -1.291e-4
0.548, -1.314e-4
0.547, -1.320e-4
0.546, -1.336e-4
0.545, -1.349e-4
0.544, -1.369e-4
0.543, -1.381e-4
0.542, -1.395e-4
0.541, -1.407e-4
0.540, -1.421e-4
0.539, -1.436e-4
0.538, -1.445e-4
0.537, -1.459e-4
0.536, -1.478e-4
0.535, -1.496e-4
0.534, -1.500e-4
0.533, -1.516e-4
0.532, -1.524e-4
0.531, -1.530e-4
0.530, -1.547e-4
0.529, -1.569e-4
0.528, -1.578e-4
0.527, -1.596e-4
0.526, -1.597e-4
0.525, -1.602e-4
0.524, -1.630e-4
0.523, -1.646e-4
0.522, -1.654e-4
0.521, -1.668e-4
0.520, -1.674e-4
0.519, -1.699e-4
0.518, -1.706e-4
0.517, -1.718e-4
0.516, -1.732e-4
0.515, -1.748e-4
0.514, -1.761e-4
0.513, -1.779e-4
0.512, -1.824e-4
0.511, -1.817e-4
0.510, -1.823e-4
0.509, -1.832e-4
0.508, -1.841e-4
0.507, -1.852e-4
0.506, -1.876e-4
0.505, -1.885e-4
0.504, -1.897e-4
0.503, -1.897e-4
0.502, -1.921e-4
0.501, -1.933e-4
0.500, -1.948e-4
0.499, -1.945e-4
0.498, -1.972e-4
0.497, -1.989e-4
0.496, -1.997e-4
0.495, -2.014e-4
0.494, -2.020e-4
0.493, -2.045e-4
0.492, -2.060e-4
0.491, -2.069e-4
0.490, -2.083e-4
0.489, -2.098e-4
0.488, -2.118e-4
0.487, -2.136e-4
0.486, -2.150e-4
0.485, -2.170e-4
0.484, -2.180e-4
0.483, -2.200e-4
0.482, -2.220e-4
0.481, -2.234e-4
0.480, -2.255e-4
0.479, -2.277e-4
0.478, -2.298e-4
0.477, -2.312e-4
0.476, -2.340e-4
0.475, -2.361e-4
0.474, -2.372e-4
0.473, -2.394e-4
0.472, -2.421e-4
0.471, -2.456e-4
0.470, -2.471e-4
0.469, -2.515e-4
0.468, -2.544e-4
0.467, -2.562e-4
0.466, -2.605e-4
0.465, -2.635e-4
0.464, -2.667e-4
0.463, -2.706e-4
0.462, -2.733e-4
0.461, -2.770e-4
0.460, -2.807e-4
0.459, -2.837e-4
0.458, -2.884e-4
0.457, -2.929e-4
0.456, -2.967e-4
0.455, -3.020e-4
0.454, -3.043e-4
0.453, -3.097e-4
0.452, -3.150e-4
0.451, -3.197e-4
0.450, -3.246e-4
0.449, -3.297e-4
0.448, -3.342e-4
0.447, -3.413e-4
0.446, -3.470e-4
0.445, -3.528e-4
0.444, -3.594e-4
0.443, -3.647e-4
0.442, -3.726e-4
0.441, -3.788e-4
0.440, -3.865e-4
0.439, -3.925e-4
0.438, -3.987e-4
0.437, -4.067e-4
0.436, -4.152e-4
0.435, -4.246e-4
0.434, -4.324e-4
0.433, -4.397e-4
0.432, -4.482e-4
0.431, -4.570e-4
0.430, -4.648e-4
0.429, -4.743e-4
0.428, -4.854e-4
0.427, -4.957e-4
0.426, -5.048e-4
0.425, -5.165e-4
0.424, -5.287e-4
0.423, -5.393e-4
0.422, -5.486e-4
0.421, -5.633e-4
0.420, -5.760e-4
0.419, -5.900e-4
0.418, -6.054e-4
0.417, -6.211e-4
0.416, -6.376e-4
0.415, -6.530e-4
0.414, -6.675e-4
0.413, -6.844e-4
0.412, -7.010e-4
0.411, -7.178e-4
0.410, -7.253e-4
0.409, -7.213e-4
0.408, -7.530e-4
0.407, -7.793e-4
0.406, -8.038e-4
0.405, -8.294e-4
0.404, -8.558e-4
0.403, -8.809e-4
0.402, -9.087e-4
0.401, -9.336e-4
0.400, -9.610e-4
0.399, -9.889e-4
0.398, -1.017e-3
0.397, -1.045e-3
0.396, -1.073e-3
0.395, -1.105e-3
0.394, -1.139e-3
0.393, -1.169e-3
0.392, -1.199e-3
0.391, -1.230e-3
0.390, -1.259e-3
0.389, -1.290e-3
0.388, -1.318e-3
0.387, -1.344e-3
0.386, -1.370e-3
0.385, -1.391e-3
0.384, -1.411e-3
0.383, -1.427e-3
0.382, -1.436e-3
0.381, -1.440e-3
0.380, -1.438e-3
0.379, -1.432e-3
0.378, -1.422e-3
0.377, -1.404e-3
0.376, -1.381e-3
0.375, -1.353e-3
0.374, -1.319e-3
0.373, -1.284e-3
0.372, -1.245e-3
0.371, -1.200e-3
0.370, -1.154e-3
0.369, -1.105e-3
0.368, -1.053e-3
0.367, -1.001e-3
0.366, -9.475e-4
0.365, -8.933e-4
0.364, -8.371e-4
0.363, -7.819e-4
0.362, -7.296e-4
0.361, -6.808e-4
0.360, -6.335e-4
0.359, -5.887e-4
0.358, -5.447e-4
0.357, -5.056e-4
0.356, -4.701e-4
0.355, -4.388e-4
0.354, -4.103e-4
0.353, -3.833e-4
0.352, -3.596e-4
0.351, -3.368e-4
0.350, -3.176e-4
0.349, -3.003e-4
0.348, -2.857e-4
0.347, -2.718e-4
0.346, -2.569e-4
0.345, -2.453e-4
0.344, -2.358e-4
0.343, -2.265e-4
0.342, -2.180e-4
0.341, -2.105e-4
0.340, -2.032e-4
0.339, -1.971e-4
0.338, -1.909e-4
0.337, -1.854e-4
0.336, -1.801e-4
0.335, -1.751e-4
0.334, -1.701e-4
0.333, -1.665e-4
0.332, -1.625e-4
0.331, -1.583e-4
0.330, -1.550e-4
0.329, -1.525e-4
0.328, -1.486e-4
0.327, -1.456e-4
0.326, -1.425e-4
0.325, -1.401e-4
0.324, -1.374e-4
0.323, -1.345e-4
0.322, -1.330e-4
0.321, -1.316e-4
0.320, -1.285e-4
0.319, -1.257e-4
0.318, -1.244e-4
0.317, -1.228e-4
0.316, -1.213e-4
0.315, -1.191e-4
0.314, -1.174e-4
0.313, -1.170e-4
0.312, -1.158e-4
0.311, -1.138e-4
0.310, -1.117e-4
0.309, -1.102e-4
0.308, -1.100e-4
0.307, -1.097e-4
0.306, -1.070e-4
0.305, -1.054e-4
0.304, -1.052e-4
0.303, -1.040e-4
0.302, -1.021e-4
0.301, -1.021e-4
0.300, -1.004e-4
0.299, -9.949e-5
0.298, -9.861e-5
0.297, -9.822e-5
0.296, -9.676e-5
0.295, -9.490e-5
0.294, -9.490e-5
0.293, -9.451e-5
0.292, -9.315e-5
0.291, -9.324e-5
0.290, -9.227e-5
0.289, -9.129e-5
0.288, -8.973e-5
0.287, -8.963e-5
0.286, -8.885e-5
0.285, -8.797e-5
0.284, -8.778e-5
0.283, -8.729e-5
0.282, -8.670e-5
0.281, -8.602e-5
0.280, -8.485e-5
0.279, -8.446e-5
0.278, -8.338e-5
0.277, -8.348e-5
0.276, -8.231e-5
0.275, -8.192e-5
0.274, -8.182e-5
0.273, -8.123e-5
0.272, -8.006e-5
0.271, -8.016e-5
0.270, -7.870e-5
0.269, -7.840e-5
0.268, -7.821e-5
0.267, -7.704e-5
0.266, -7.723e-5
0.265, -7.723e-5
0.264, -7.626e-5
0.263, -7.596e-5
0.262, -7.567e-5
0.261, -7.538e-5
0.260, -7.479e-5
0.259, -7.450e-5
0.258, -7.440e-5
0.257, -7.401e-5
0.256, -7.362e-5
0.255, -7.245e-5
0.254, -7.254e-5
0.253, -7.167e-5
0.252, -7.196e-5
0.251, -7.137e-5
0.250, -7.069e-5
0.249, -7.118e-5
0.248, -7.030e-5
0.247, -7.049e-5
0.246, -7.020e-5
0.245, -6.913e-5
0.244, -6.825e-5
0.243, -6.835e-5
0.242, -6.825e-5
0.241, -6.864e-5
0.240, -6.825e-5
0.239, -6.766e-5
0.238, -6.737e-5
0.237, -6.659e-5
0.236, -6.747e-5
0.235, -6.669e-5
0.234, -6.581e-5
0.233, -6.571e-5
0.232, -6.620e-5
0.231, -6.620e-5
0.230, -6.532e-5
0.229, -6.483e-5
0.228, -6.503e-5
0.227, -6.415e-5
0.226, -6.464e-5
0.225, -6.405e-5
0.224, -6.405e-5
0.223, -6.278e-5
0.222, -6.346e-5
0.221, -6.288e-5
0.220, -6.288e-5
0.219, -6.327e-5
0.218, -6.327e-5
0.217, -6.278e-5
0.216, -6.190e-5
0.215, -6.190e-5
0.214, -6.259e-5
0.213, -6.268e-5
0.212, -6.171e-5
0.211, -6.102e-5
0.210, -6.073e-5
0.209, -6.093e-5
0.208, -6.034e-5
0.207, -5.966e-5
0.206, -6.063e-5
0.205, -6.024e-5
0.204, -6.005e-5
0.203, -5.995e-5
0.202, -5.995e-5
0.201, -6.063e-5
0.200, -6.005e-5
0.199, -5.966e-5
0.198, -5.897e-5
0.197, -5.858e-5
0.196, -5.917e-5
0.195, -5.858e-5
0.194, -5.819e-5
0.193, -5.741e-5
0.192, -5.839e-5
0.191, -5.868e-5
0.190, -5.927e-5
0.189, -5.829e-5
0.188, -5.819e-5
0.187, -5.751e-5
0.186, -5.761e-5
0.185, -5.790e-5
0.184, -5.780e-5
0.183, -5.751e-5
0.182, -5.839e-5
0.181, -5.761e-5
0.180, -5.712e-5
0.179, -5.702e-5
0.178, -5.741e-5
0.177, -5.692e-5
0.176, -5.702e-5
0.175, -5.683e-5
0.174, -5.643e-5
0.173, -5.673e-5
0.172, -5.683e-5
0.171, -5.634e-5
0.170, -5.595e-5
0.169, -5.585e-5
0.168, -5.575e-5
0.167, -5.585e-5
0.166, -5.575e-5
0.165, -5.556e-5
0.164, -5.595e-5
0.163, -5.575e-5
0.162, -5.546e-5
0.161, -5.546e-5
0.160, -5.487e-5
0.159, -5.536e-5
0.158, -5.536e-5
0.157, -5.487e-5
0.156, -5.526e-5
0.155, -5.517e-5
0.154, -5.526e-5
0.153, -5.546e-5
0.152, -5.477e-5
0.151, -5.429e-5
0.150, -5.438e-5
0.149, -5.419e-5
0.148, -5.448e-5
0.147, -5.429e-5
0.146, -5.399e-5
0.145, -5.370e-5
0.144, -5.351e-5
0.143, -5.370e-5
0.142, -5.409e-5
0.141, -5.351e-5
0.140, -5.409e-5
0.139, -5.292e-5
0.138, -5.282e-5
0.137, -5.311e-5
0.136, -5.380e-5
0.135, -5.370e-5
0.134, -5.302e-5
0.133, -5.272e-5
0.132, -5.224e-5
0.131, -5.331e-5
0.130, -5.263e-5
0.129, -5.224e-5
0.128, -5.253e-5
0.127, -5.292e-5
0.126, -5.243e-5
0.125, -5.253e-5
0.124, -5.243e-5
0.123, -5.253e-5
0.122, -5.175e-5
0.121, -5.233e-5
0.120, -5.204e-5
0.119, -5.165e-5
0.118, -5.253e-5
0.117, -5.243e-5
0.116, -5.126e-5
0.115, -5.077e-5
0.114, -5.136e-5
0.113, -5.175e-5
0.112, -5.116e-5
0.111, -5.097e-5
0.110, -5.146e-5
0.109, -5.087e-5
0.108, -5.097e-5
0.107, -5.175e-5
0.106, -5.136e-5
0.105, -5.087e-5
0.104, -5.106e-5
0.103, -5.146e-5
0.102, -5.116e-5
0.101, -4.980e-5
0.100, -5.038e-5
0.099, -5.106e-5
0.098, -5.077e-5
0.097, -5.048e-5
0.096, -4.989e-5
0.095, -5.058e-5
0.094, -4.980e-5
0.093, -5.038e-5
0.092, -5.009e-5
0.091, -4.950e-5
0.090, -4.980e-5
0.089, -4.872e-5
0.088, -4.892e-5
0.087, -4.980e-5
0.086, -4.921e-5
0.085, -4.911e-5
0.084, -4.823e-5
0.083, -4.872e-5
0.082, -4.960e-5
0.081, -4.911e-5
0.080, -4.853e-5
0.079, -4.794e-5
0.078, -4.911e-5
0.077, -4.882e-5
0.076, -4.814e-5
0.075, -4.853e-5
0.074, -4.833e-5
0.073, -4.921e-5
0.072, -4.843e-5
0.071, -4.804e-5
0.070, -4.745e-5
0.069, -4.814e-5
0.068, -4.774e-5
0.067, -4.794e-5
0.066, -4.765e-5
0.065, -4.774e-5
0.064, -4.716e-5
0.063, -4.784e-5
0.062, -4.706e-5
0.061, -4.667e-5
0.060, -4.765e-5
0.059, -4.677e-5
0.058, -4.706e-5
0.057, -4.745e-5
0.056, -4.726e-5
0.055, -4.667e-5
0.054, -4.657e-5
0.053, -4.667e-5
0.052, -4.648e-5
0.051, -4.667e-5
0.050, -4.677e-5
0.049, -4.657e-5
0.048, -4.589e-5
0.047, -4.599e-5
0.046, -4.579e-5
0.045, -4.618e-5
0.044, -4.569e-5
0.043, -4.589e-5
0.042, -4.589e-5
0.041, -4.579e-5
0.040, -4.501e-5
0.039, -4.482e-5
0.038, -4.472e-5
0.037, -4.569e-5
0.036, -4.530e-5
0.035, -4.530e-5
0.034, -4.491e-5
0.033, -4.540e-5
0.032, -4.472e-5
0.031, -4.482e-5
0.030, -4.491e-5
0.029, -4.433e-5
0.028, -4.433e-5
0.027, -4.452e-5
0.026, -4.394e-5
0.025, -4.394e-5
0.024, -4.423e-5
0.023, -4.384e-5
0.022, -4.452e-5
0.021, -4.403e-5
0.020, -4.413e-5
0.019, -4.443e-5
0.018, -4.384e-5
0.017, -4.364e-5
0.016, -4.335e-5
0.015, -4.335e-5
0.014, -4.325e-5
0.013, -4.364e-5
0.012, -4.286e-5
0.011, -4.247e-5
0.010, -4.296e-5
0.009, -4.286e-5
0.008, -4.208e-5
0.007, -4.286e-5
0.006, -4.257e-5
0.005, -4.247e-5
0.004, -4.208e-5
0.003, -4.237e-5
0.002, -4.257e-5
0.001, -4.218e-5
0.000, -3.622e-5
0.001, -2.636e-5
0.002, -2.441e-5
0.003, -2.216e-5
0.004, -2.148e-5
0.005, -1.972e-5
0.006, -1.953e-5
0.007, -1.816e-5
0.008, -1.865e-5
0.009, -1.679e-5
0.010, -1.650e-5
0.011, -1.601e-5
0.012, -1.562e-5
0.013, -1.572e-5
0.014, -1.484e-5
0.015, -1.367e-5
0.016, -1.406e-5
0.017, -1.377e-5
0.018, -1.318e-5
0.019, -1.318e-5
0.020, -1.240e-5
0.021, -1.211e-5
0.022, -1.211e-5
0.023, -1.162e-5
0.024, -1.162e-5
0.025, -1.172e-5
0.026, -1.074e-5
0.027, -9.861e-6
0.028, -1.015e-5
0.029, -9.959e-6
0.030, -1.015e-5
0.031, -9.276e-6
0.032, -9.666e-6
0.033, -8.494e-6
0.034, -9.178e-6
0.035, -9.373e-6
0.036, -9.373e-6
0.037, -8.202e-6
0.038, -8.104e-6
0.039, -8.397e-6
0.040, -7.420e-6
0.041, -7.909e-6
0.042, -7.811e-6
0.043, -7.323e-6
0.044, -7.030e-6
0.045, -7.616e-6
0.046, -7.811e-6
0.047, -6.932e-6
0.048, -6.932e-6
0.049, -6.835e-6
0.050, -6.639e-6
0.051, -6.932e-6
0.052, -6.542e-6
0.053, -6.249e-6
0.054, -7.030e-6
0.055, -6.639e-6
0.056, -5.956e-6
0.057, -5.370e-6
0.058, -6.249e-6
0.059, -5.565e-6
0.060, -5.565e-6
0.061, -5.468e-6
0.062, -5.468e-6
0.063, -5.272e-6
0.064, -5.272e-6
0.065, -4.980e-6
0.066, -4.882e-6
0.067, -4.296e-6
0.068, -4.687e-6
0.069, -4.589e-6
0.070, -4.296e-6
0.071, -4.296e-6
0.072, -3.710e-6
0.073, -3.906e-6
0.074, -4.101e-6
0.075, -4.296e-6
0.076, -4.003e-6
0.077, -3.710e-6
0.078, -4.003e-6
0.079, -3.906e-6
0.080, -3.515e-6
0.081, -3.613e-6
0.082, -4.003e-6
0.083, -3.906e-6
0.084, -3.124e-6
0.085, -3.027e-6
0.086, -3.027e-6
0.087, -3.124e-6
0.088, -3.320e-6
0.089, -3.808e-6
0.090, -3.320e-6
0.091, -2.734e-6
0.092, -2.441e-6
0.093, -2.929e-6
0.094, -1.953e-6
0.095, -3.124e-6
0.096, -3.027e-6
0.097, -2.148e-6
0.098, -2.246e-6
0.099, -2.148e-6
0.100, -2.148e-6
0.101, -2.148e-6
0.102, -1.172e-6
0.103, -1.855e-6
0.104, -1.953e-6
0.105, -1.269e-6
0.106, -1.269e-6
0.107, -1.953e-6
0.108, -9.764e-7
0.109, -1.269e-6
0.110, -1.172e-6
0.111, -1.269e-6
0.112, -9.764e-7
0.113, -1.465e-6
0.114, -7.811e-7
0.115, -1.367e-6
0.116, -1.074e-6
0.117, -1.953e-7
0.118, -4.882e-7
0.119, -7.811e-7
0.120, -7.811e-7
0.121, -6.835e-7
0.122, -4.283e-12
0.123, 9.763e-8
0.124, -3.906e-7
0.125, -5.858e-7
0.126, 5.858e-7
0.127, 1.953e-7
0.128, -1.953e-7
0.129, 3.905e-7
0.130, -2.929e-7
0.131, 2.929e-7
0.132, -3.906e-7
0.133, 1.953e-7
0.134, 5.858e-7
0.135, 9.764e-7
0.136, 9.764e-7
0.137, 1.074e-6
0.138, 3.905e-7
0.139, 4.882e-7
0.140, 1.367e-6
0.141, 1.074e-6
0.142, 1.172e-6
0.143, 7.811e-7
0.144, 1.074e-6
0.145, 1.465e-6
0.146, 1.660e-6
0.147, 1.562e-6
0.148, 1.855e-6
0.149, 1.660e-6
0.150, 1.855e-6
0.151, 1.757e-6
0.152, 2.050e-6
0.153, 2.539e-6
0.154, 2.246e-6
0.155, 2.050e-6
0.156, 2.441e-6
0.157, 2.831e-6
0.158, 2.831e-6
0.159, 2.636e-6
0.160, 2.246e-6
0.161, 2.343e-6
0.162, 2.831e-6
0.163, 2.539e-6
0.164, 2.734e-6
0.165, 1.757e-6
0.166, 1.465e-6
0.167, 2.539e-6
0.168, 2.539e-6
0.169, 3.027e-6
0.170, 3.320e-6
0.171, 3.222e-6
0.172, 3.808e-6
0.173, 3.124e-6
0.174, 3.417e-6
0.175, 3.515e-6
0.176, 3.515e-6
0.177, 4.003e-6
0.178, 4.003e-6
0.179, 3.417e-6
0.180, 3.417e-6
0.181, 4.003e-6
0.182, 3.906e-6
0.183, 3.320e-6
0.184, 4.296e-6
0.185, 4.296e-6
0.186, 4.882e-6
0.187, 3.710e-6
0.188, 3.808e-6
0.189, 3.417e-6
0.190, 4.687e-6
0.191, 4.687e-6
0.192, 4.687e-6
0.193, 3.906e-6
0.194, 4.296e-6
0.195, 5.468e-6
0.196, 4.784e-6
0.197, 5.175e-6
0.198, 4.784e-6
0.199, 5.468e-6
0.200, 4.784e-6
0.201, 4.882e-6
0.202, 4.687e-6
0.203, 4.784e-6
0.204, 5.468e-6
0.205, 5.468e-6
0.206, 5.175e-6
0.207, 4.882e-6
0.208, 5.565e-6
0.209, 5.565e-6
0.210, 5.663e-6
0.211, 4.980e-6
0.212, 5.272e-6
0.213, 6.639e-6
0.214, 6.444e-6
0.215, 5.663e-6
0.216, 4.980e-6
0.217, 5.272e-6
0.218, 5.761e-6
0.219, 5.663e-6
0.220, 6.542e-6
0.221, 6.249e-6
0.222, 5.858e-6
0.223, 6.151e-6
0.224, 6.932e-6
0.225, 7.225e-6
0.226, 6.932e-6
0.227, 6.835e-6
0.228, 7.713e-6
0.229, 8.299e-6
0.230, 7.030e-6
0.231, 6.639e-6
0.232, 6.932e-6
0.233, 7.616e-6
0.234, 7.909e-6
0.235, 7.128e-6
0.236, 7.616e-6
0.237, 8.202e-6
0.238, 7.811e-6
0.239, 8.202e-6
0.240, 8.299e-6
0.241, 8.202e-6
0.242, 8.983e-6
0.243, 9.471e-6
0.244, 8.885e-6
0.245, 9.276e-6
0.246, 8.397e-6
0.247, 8.299e-6
0.248, 8.397e-6
0.249, 9.471e-6
0.250, 9.666e-6
0.251, 9.373e-6
0.252, 1.015e-5
0.253, 9.666e-6
0.254, 1.015e-5
0.255, 1.025e-5
0.256, 1.015e-5
0.257, 1.054e-5
0.258, 1.006e-5
0.259, 1.113e-5
0.260, 1.133e-5
0.261, 1.054e-5
0.262, 1.064e-5
0.263, 1.094e-5
0.264, 1.201e-5
0.265, 1.152e-5
0.266, 1.172e-5
0.267, 1.240e-5
0.268, 1.230e-5
0.269, 1.191e-5
0.270, 1.201e-5
0.271, 1.289e-5
0.272, 1.308e-5
0.273, 1.318e-5
0.274, 1.347e-5
0.275, 1.299e-5
0.276, 1.338e-5
0.277, 1.386e-5
0.278, 1.445e-5
0.279, 1.396e-5
0.280, 1.465e-5
0.281, 1.445e-5
0.282, 1.474e-5
0.283, 1.435e-5
0.284, 1.455e-5
0.285, 1.543e-5
0.286, 1.543e-5
0.287, 1.582e-5
0.288, 1.543e-5
0.289, 1.650e-5
0.290, 1.660e-5
0.291, 1.650e-5
0.292, 1.689e-5
0.293, 1.699e-5
0.294, 1.728e-5
0.295, 1.699e-5
0.296, 1.797e-5
0.297, 1.884e-5
0.298, 1.845e-5
0.299, 1.884e-5
0.300, 1.894e-5
0.301, 1.904e-5
0.302, 1.963e-5
0.303, 1.963e-5
0.304, 2.002e-5
0.305, 2.041e-5
0.306, 2.041e-5
0.307, 2.050e-5
0.308, 2.138e-5
0.309, 2.060e-5
0.310, 2.070e-5
0.311, 2.119e-5
0.312, 2.187e-5
0.313, 2.177e-5
0.314, 2.187e-5
0.315, 2.275e-5
0.316, 2.324e-5
0.317, 2.324e-5
0.318, 2.294e-5
0.319, 2.285e-5
0.320, 2.314e-5
0.321, 2.421e-5
0.322, 2.460e-5
0.323, 2.470e-5
0.324, 2.412e-5
0.325, 2.539e-5
0.326, 2.519e-5
0.327, 2.490e-5
0.328, 2.597e-5
0.329, 2.617e-5
0.330, 2.617e-5
0.331, 2.626e-5
0.332, 2.675e-5
0.333, 2.685e-5
0.334, 2.705e-5
0.335, 2.802e-5
0.336, 2.822e-5
0.337, 2.792e-5
0.338, 2.841e-5
0.339, 2.871e-5
0.340, 2.949e-5
0.341, 2.958e-5
0.342, 2.900e-5
0.343, 2.949e-5
0.344, 2.968e-5
0.345, 3.027e-5
0.346, 2.988e-5
0.347, 3.046e-5
0.348, 3.144e-5
0.349, 3.154e-5
0.350, 3.173e-5
0.351, 3.212e-5
0.352, 3.203e-5
0.353, 3.281e-5
0.354, 3.300e-5
0.355, 3.281e-5
0.356, 3.339e-5
0.357, 3.408e-5
0.358, 3.466e-5
0.359, 3.447e-5
0.360, 3.466e-5
0.361, 3.476e-5
0.362, 3.505e-5
0.363, 3.613e-5
0.364, 3.652e-5
0.365, 3.661e-5
0.366, 3.632e-5
0.367, 3.691e-5
0.368, 3.847e-5
0.369, 3.876e-5
0.370, 3.896e-5
0.371, 3.866e-5
0.372, 3.945e-5
0.373, 3.964e-5
0.374, 4.032e-5
0.375, 4.120e-5
0.376, 4.159e-5
0.377, 4.179e-5
0.378, 4.247e-5
0.379, 4.247e-5
0.380, 4.306e-5
0.381, 4.394e-5
0.382, 4.306e-5
0.383, 4.491e-5
0.384, 4.472e-5
0.385, 4.589e-5
0.386, 4.609e-5
0.387, 4.628e-5
0.388, 4.804e-5
0.389, 4.853e-5
0.390, 4.901e-5
0.391, 5.048e-5
0.392, 5.028e-5
0.393, 5.048e-5
0.394, 5.194e-5
0.395, 5.302e-5
0.396, 5.351e-5
0.397, 5.380e-5
0.398, 5.604e-5
0.399, 5.653e-5
0.400, 5.751e-5
0.401, 5.975e-5
0.402, 6.054e-5
0.403, 6.210e-5
0.404, 6.366e-5
0.405, 6.571e-5
0.406, 6.786e-5
0.407, 6.971e-5
0.408, 7.352e-5
0.409, 7.381e-5
0.410, 7.196e-5
0.411, 8.075e-5
0.412, 8.612e-5
0.413, 9.139e-5
0.414, 9.881e-5
0.415, 1.061e-4
0.416, 1.148e-4
0.417, 1.255e-4
0.418, 1.367e-4
0.419, 1.509e-4
0.420, 1.675e-4
0.421, 1.870e-4
0.422, 2.101e-4
0.423, 2.366e-4
0.424, 2.677e-4
0.425, 3.037e-4
0.426, 3.444e-4
0.427, 3.933e-4
0.428, 4.498e-4
0.429, 5.170e-4
0.430, 5.964e-4
0.431, 6.853e-4
0.432, 7.814e-4
0.433, 8.845e-4
0.434, 9.879e-4
0.435, 1.095e-3
0.436, 1.204e-3
0.437, 1.312e-3
0.438, 1.425e-3
0.439, 1.537e-3
0.440, 1.648e-3
0.441, 1.750e-3
0.442, 1.850e-3
0.443, 1.943e-3
0.444, 2.027e-3
0.445, 2.102e-3
0.446, 2.164e-3
0.447, 2.211e-3
0.448, 2.243e-3
0.449, 2.261e-3
0.450, 2.267e-3
0.451, 2.258e-3
0.452, 2.233e-3
0.453, 2.193e-3
0.454, 2.139e-3
0.455, 2.069e-3
0.456, 1.989e-3
0.457, 1.903e-3
0.458, 1.808e-3
0.459, 1.711e-3
0.460, 1.616e-3
0.461, 1.517e-3
0.462, 1.423e-3
0.463, 1.331e-3
0.464, 1.246e-3
0.465, 1.168e-3
0.466, 1.096e-3
0.467, 1.029e-3
0.468, 9.695e-4
0.469, 9.155e-4
0.470, 8.677e-4
0.471, 8.199e-4
0.472, 7.796e-4
0.473, 7.457e-4
0.474, 7.099e-4
0.475, 6.811e-4
0.476, 6.545e-4
0.477, 6.286e-4
0.478, 6.069e-4
0.479, 5.845e-4
0.480, 5.666e-4
0.481, 5.477e-4
0.482, 5.295e-4
0.483, 5.142e-4
0.484, 5.008e-4
0.485, 4.876e-4
0.486, 4.757e-4
0.487, 4.633e-4
0.488, 4.519e-4
0.489, 4.416e-4
0.490, 4.311e-4
0.491, 4.230e-4
0.492, 4.146e-4
0.493, 4.064e-4
0.494, 3.996e-4
0.495, 3.911e-4
0.496, 3.838e-4
0.497, 3.767e-4
0.498, 3.719e-4
0.499, 3.646e-4
0.500, 3.576e-4
0.501, 3.521e-4
0.502, 3.472e-4
0.503, 3.414e-4
0.504, 3.370e-4
0.505, 3.327e-4
0.506, 3.267e-4
0.507, 3.225e-4
0.508, 3.192e-4
0.509, 3.148e-4
0.510, 3.102e-4
0.511, 3.069e-4
0.512, 3.065e-4
0.513, 3.023e-4
0.514, 2.966e-4
0.515, 2.933e-4
0.516, 2.908e-4
0.517, 2.865e-4
0.518, 2.837e-4
0.519, 2.812e-4
0.520, 2.774e-4
0.521, 2.748e-4
0.522, 2.707e-4
0.523, 2.689e-4
0.524, 2.661e-4
0.525, 2.613e-4
0.526, 2.597e-4
0.527, 2.573e-4
0.528, 2.546e-4
0.529, 2.531e-4
0.530, 2.515e-4
0.531, 2.481e-4
0.532, 2.466e-4
0.533, 2.439e-4
0.534, 2.432e-4
0.535, 2.402e-4
0.536, 2.377e-4
0.537, 2.359e-4
0.538, 2.352e-4
0.539, 2.326e-4
0.540, 2.300e-4
0.541, 2.277e-4
0.542, 2.264e-4
0.543, 2.251e-4
0.544, 2.240e-4
0.545, 2.224e-4
0.546, 2.198e-4
0.547, 2.192e-4
0.548, 2.174e-4
0.549, 2.161e-4
0.550, 2.147e-4
0.551, 2.124e-4
0.552, 2.128e-4
0.553, 2.116e-4
0.554, 2.095e-4
0.555, 2.096e-4
0.556, 2.087e-4
0.557, 2.082e-4
0.558, 2.071e-4
0.559, 2.060e-4
0.560, 2.053e-4
0.561, 2.050e-4
0.562, 2.057e-4
0.563, 2.052e-4
0.564, 2.034e-4
0.565, 2.031e-4
0.566, 2.039e-4
0.567, 2.039e-4
0.568, 2.034e-4
0.569, 2.039e-4
0.570, 2.040e-4
0.571, 2.038e-4
0.572, 2.056e-4
0.573, 2.047e-4
0.574, 2.060e-4
0.575, 2.064e-4
0.576, 2.068e-4
0.577, 2.080e-4
0.578, 2.089e-4
0.579, 2.099e-4
0.580, 2.121e-4
0.581, 2.139e-4
0.582, 2.160e-4
0.583, 2.174e-4
0.584, 2.196e-4
0.585, 2.223e-4
0.586, 2.247e-4
0.587, 2.274e-4
0.588, 2.308e-4
0.589, 2.338e-4
0.590, 2.369e-4
0.591, 2.398e-4
0.592, 2.428e-4
0.593, 2.474e-4
0.594, 2.513e-4
0.595, 2.563e-4
0.596, 2.613e-4
0.597, 2.655e-4
0.598, 2.708e-4
0.599, 2.765e-4
0.600, 2.829e-4
0.601, 2.898e-4
0.602, 2.942e-4
0.603, 3.025e-4
0.604, 3.106e-4
0.605, 3.178e-4
0.606, 3.272e-4
0.607, 3.357e-4
0.608, 3.451e-4
0.609, 3.557e-4
0.610, 3.648e-4
0.611, 3.767e-4
0.612, 3.891e-4
0.613, 4.006e-4
0.614, 4.126e-4
0.615, 4.240e-4
0.616, 4.405e-4
0.617, 4.563e-4
0.618, 4.724e-4
0.619, 4.892e-4
0.620, 5.065e-4
0.621, 5.247e-4
0.622, 5.439e-4
0.623, 5.641e-4
0.624, 5.864e-4
0.625, 6.092e-4
0.626, 6.309e-4
0.627, 6.534e-4
0.628, 6.793e-4
0.629, 7.054e-4
0.630, 7.331e-4
0.631, 7.599e-4
0.632, 7.877e-4
0.633, 8.202e-4
0.634, 8.531e-4
0.635, 8.866e-4
0.636, 9.199e-4
0.637, 9.550e-4
0.638, 9.931e-4
0.639, 1.031e-3
0.640, 1.073e-3
0.641, 1.116e-3
0.642, 1.158e-3
0.643, 1.203e-3
0.644, 1.248e-3
0.645, 1.294e-3
0.646, 1.345e-3
0.647, 1.396e-3
0.648, 1.449e-3
0.649, 1.503e-3
0.650, 1.560e-3
0.651, 1.620e-3
0.652, 1.679e-3
0.653, 1.738e-3
0.654, 1.801e-3
0.655, 1.869e-3
0.656, 1.934e-3
0.657, 2.003e-3
0.658, 2.074e-3
0.659, 2.147e-3
0.660, 2.220e-3
0.661, 2.295e-3
0.662, 2.378e-3
0.663, 2.457e-3
0.664, 2.537e-3
0.665, 2.624e-3
0.666, 2.709e-3
0.667, 2.798e-3
0.668, 2.889e-3
0.669, 2.980e-3
0.670, 3.077e-3
0.671, 3.172e-3
0.672, 3.268e-3
0.673, 3.371e-3
0.674, 3.472e-3
0.675, 3.578e-3
0.676, 3.683e-3
0.677, 3.788e-3
0.678, 3.901e-3
0.679, 4.013e-3
0.680, 4.126e-3
0.681, 4.243e-3
0.682, 4.361e-3
0.683, 4.480e-3
0.684, 4.601e-3
0.685, 4.720e-3
0.686, 4.847e-3
0.687, 4.973e-3
0.688, 5.101e-3
0.689, 5.228e-3
0.690, 5.361e-3
0.691, 5.494e-3
0.692, 5.630e-3
0.693, 5.767e-3
0.694, 5.903e-3
0.695, 6.041e-3
0.696, 6.180e-3
0.697, 6.327e-3
0.698, 6.474e-3
0.699, 6.620e-3
0.700, 6.769e-3
0.701, 6.919e-3
0.702, 7.073e-3
0.703, 7.227e-3
0.704, 7.380e-3
0.705, 7.537e-3
0.706, 7.691e-3
0.707, 7.853e-3
0.708, 8.013e-3
0.709, 8.176e-3
0.710, 8.347e-3
0.711, 8.511e-3
0.712, 8.674e-3
0.713, 8.842e-3
0.714, 9.011e-3
0.715, 9.183e-3
0.716, 9.355e-3
0.717, 9.539e-3
0.718, 9.720e-3
0.719, 9.896e-3
0.720, 1.008e-2
0.721, 1.026e-2
0.722, 1.044e-2
0.723, 1.063e-2
0.724, 1.081e-2
0.725, 1.100e-2
0.726, 1.118e-2
0.727, 1.137e-2
0.728, 1.155e-2
0.729, 1.174e-2
0.730, 1.193e-2
0.731, 1.212e-2
0.732, 1.231e-2
0.733, 1.250e-2
0.734, 1.270e-2
0.735, 1.291e-2
0.736, 1.311e-2
0.737, 1.332e-2
0.738, 1.352e-2
0.739, 1.373e-2
0.740, 1.393e-2
0.741, 1.414e-2
0.742, 1.435e-2
0.743, 1.455e-2
0.744, 1.477e-2
0.745, 1.497e-2
0.746, 1.519e-2
0.747, 1.540e-2
0.748, 1.561e-2
0.749, 1.582e-2
0.750, 1.604e-2
0.751, 1.625e-2
0.752, 1.646e-2
0.753, 1.668e-2
0.754, 1.689e-2
0.755, 1.712e-2
0.756, 1.734e-2
0.757, 1.757e-2
0.758, 1.779e-2
0.759, 1.802e-2
0.760, 1.824e-2
0.761, 1.845e-2
0.762, 1.868e-2
0.763, 1.890e-2
0.764, 1.915e-2
0.765, 1.938e-2
0.766, 1.962e-2
0.767, 1.984e-2
0.768, 2.008e-2
0.769, 2.030e-2
0.770, 2.052e-2
0.771, 2.075e-2
0.772, 2.100e-2
0.773, 2.124e-2
0.774, 2.148e-2
0.775, 2.172e-2
0.776, 2.196e-2
0.777, 2.220e-2
0.778, 2.243e-2
0.779, 2.267e-2
0.780, 2.290e-2
0.781, 2.313e-2
0.782, 2.336e-2
0.783, 2.360e-2
0.784, 2.386e-2
0.785, 2.412e-2
0.786, 2.436e-2
0.787, 2.462e-2
0.788, 2.488e-2
0.789, 2.512e-2
0.790, 2.536e-2
0.791, 2.560e-2
0.792, 2.585e-2
0.793, 2.610e-2
0.794, 2.635e-2
0.795, 2.662e-2
0.796, 2.686e-2
0.797, 2.710e-2
0.798, 2.735e-2
0.799, 2.759e-2
0.800, 2.776e-2
0.799, 2.758e-2
0.798, 2.733e-2
0.797, 2.706e-2
0.796, 2.678e-2
0.795, 2.651e-2
0.794, 2.623e-2
0.793, 2.594e-2
0.792, 2.568e-2
0.791, 2.541e-2
0.790, 2.516e-2
0.789, 2.490e-2
0.788, 2.463e-2
0.787, 2.438e-2
0.786, 2.413e-2
0.785, 2.388e-2
0.784, 2.362e-2
0.783, 2.335e-2
0.782, 2.309e-2
0.781, 2.284e-2
0.780, 2.258e-2
0.779, 2.231e-2
0.778, 2.206e-2
0.777, 2.183e-2
0.776, 2.160e-2
0.775, 2.135e-2
0.774, 2.110e-2
0.773, 2.087e-2
0.772, 2.063e-2
0.771, 2.038e-2
0.770, 2.014e-2
0.769, 1.990e-2
0.768, 1.965e-2
0.767, 1.940e-2
0.766, 1.916e-2
0.765, 1.893e-2
0.764, 1.871e-2
0.763, 1.848e-2
0.762, 1.826e-2
0.761, 1.804e-2
0.760, 1.782e-2
0.759, 1.759e-2
0.758, 1.736e-2
0.757, 1.713e-2
0.756, 1.690e-2
0.755, 1.668e-2
0.754, 1.645e-2
0.753, 1.624e-2
0.752, 1.601e-2
0.751, 1.579e-2
0.750, 1.557e-2
0.749, 1.536e-2
0.748, 1.514e-2
0.747, 1.492e-2
0.746, 1.472e-2
0.745, 1.450e-2
0.744, 1.430e-2
0.743, 1.409e-2
0.742, 1.389e-2
0.741, 1.368e-2
0.740, 1.348e-2
0.739, 1.327e-2
0.738, 1.306e-2
0.737, 1.287e-2
0.736, 1.267e-2
0.735, 1.248e-2
0.734, 1.229e-2
0.733, 1.209e-2
0.732, 1.189e-2
0.731, 1.170e-2
0.730, 1.152e-2
0.729, 1.133e-2
0.728, 1.114e-2
0.727, 1.095e-2
0.726, 1.076e-2
0.725, 1.058e-2
0.724, 1.040e-2
0.723, 1.022e-2
0.722, 1.003e-2
0.721, 9.857e-3
0.720, 9.683e-3
0.719, 9.510e-3
0.718, 9.336e-3
0.717, 9.156e-3
0.716, 8.980e-3
0.715, 8.808e-3
0.714, 8.637e-3
0.713, 8.470e-3
0.712, 8.301e-3
0.711, 8.134e-3
0.710, 7.973e-3
0.709, 7.808e-3
0.708, 7.647e-3
0.707, 7.494e-3
0.706, 7.335e-3
0.705, 7.180e-3
0.704, 7.032e-3
0.703, 6.881e-3
0.702, 6.740e-3
0.701, 6.595e-3
0.700, 6.450e-3
0.699, 6.304e-3
0.698, 6.156e-3
0.697, 6.019e-3
0.696, 5.881e-3
0.695, 5.740e-3
0.694, 5.601e-3
0.693, 5.468e-3
0.692, 5.335e-3
0.691, 5.203e-3
0.690, 5.077e-3
0.689, 4.951e-3
0.688, 4.824e-3
0.687, 4.696e-3
0.686, 4.578e-3
0.685, 4.457e-3
0.684, 4.338e-3
0.683, 4.222e-3
0.682, 4.107e-3
0.681, 3.993e-3
0.680, 3.877e-3
0.679, 3.765e-3
0.678, 3.662e-3
0.677, 3.553e-3
0.676, 3.447e-3
0.675, 3.344e-3
0.674, 3.239e-3
0.673, 3.143e-3
0.672, 3.045e-3
0.671, 2.949e-3
0.670, 2.856e-3
0.669, 2.765e-3
0.668, 2.674e-3
0.667, 2.586e-3
0.666, 2.496e-3
0.665, 2.417e-3
0.664, 2.335e-3
0.663, 2.253e-3
0.662, 2.176e-3
0.661, 2.100e-3
0.660, 2.024e-3
0.659, 1.951e-3
0.658, 1.881e-3
0.657, 1.809e-3
0.656, 1.741e-3
0.655, 1.677e-3
0.654, 1.613e-3
0.653, 1.550e-3
0.652, 1.487e-3
0.651, 1.428e-3
0.650, 1.371e-3
0.649, 1.314e-3
0.648, 1.261e-3
0.647, 1.209e-3
0.646, 1.158e-3
0.645, 1.109e-3
0.644, 1.058e-3
0.643, 1.012e-3
0.642, 9.667e-4
0.641, 9.228e-4
0.640, 8.813e-4
0.639, 8.379e-4
0.638, 7.992e-4
0.637, 7.616e-4
0.636, 7.242e-4
0.635, 6.898e-4
0.634, 6.543e-4
0.633, 6.217e-4
0.632, 5.888e-4
0.631, 5.579e-4
0.630, 5.278e-4
0.629, 4.993e-4
0.628, 4.717e-4
0.627, 4.465e-4
0.626, 4.201e-4
0.625, 3.959e-4
0.624, 3.734e-4
0.623, 3.506e-4
0.622, 3.308e-4
0.621, 3.101e-4
0.620, 2.916e-4
0.619, 2.738e-4
0.618, 2.553e-4
0.617, 2.390e-4
0.616, 2.219e-4
0.615, 2.063e-4
0.614, 1.926e-4
0.613, 1.771e-4
0.612, 1.623e-4
0.611, 1.496e-4
0.610, 1.367e-4
0.609, 1.242e-4
0.608, 1.124e-4
0.607, 1.011e-4
0.606, 8.983e-5
0.605, 7.997e-5
0.604, 7.010e-5
0.603, 6.093e-5
0.602, 5.263e-5
0.601, 4.501e-5
0.600, 3.613e-5
0.599, 2.802e-5
0.598, 2.070e-5
0.597, 1.338e-5
0.596, 7.030e-6
0.595, 1.367e-6
0.594, -5.761e-6
0.593, -1.074e-5
0.592, -1.552e-5
0.591, -2.226e-5
0.590, -2.666e-5
0.589, -3.183e-5
0.588, -3.691e-5
0.587, -4.052e-5
0.586, -4.452e-5
0.585, -4.872e-5
0.584, -5.204e-5
0.583, -5.643e-5
0.582, -5.946e-5
0.581, -6.307e-5
0.580, -6.581e-5
0.579, -6.932e-5
0.578, -7.176e-5
0.577, -7.518e-5
0.576, -7.694e-5
0.575, -8.006e-5
0.574, -8.368e-5
0.573, -8.563e-5
0.572, -8.866e-5
0.571, -8.953e-5
0.570, -9.227e-5
0.569, -9.490e-5
0.568, -9.656e-5
0.567, -9.891e-5
0.566, -1.006e-4
0.565, -1.030e-4
0.564, -1.052e-4
0.563, -1.063e-4
0.562, -1.085e-4
0.561, -1.102e-4
0.560, -1.113e-4
0.559, -1.144e-4
0.558, -1.153e-4
0.557, -1.178e-4
0.556, -1.190e-4
0.555, -1.208e-4
0.554, -1.217e-4
0.553, -1.232e-4
0.552, -1.245e-4
0.551, -1.260e-4
0.550, -1.272e-4
0.549, -1.298e-4
0.548, -1.312e-4
0.547, -1.323e-4
0.546, -1.342e-4
0.545, -1.355e-4
0.544, -1.363e-4
0.543, -1.374e-4
0.542, -1.394e-4
0.541, -1.410e-4
0.540, -1.418e-4
0.539, -1.435e-4
0.538, -1.452e-4
0.537, -1.468e-4
0.536, -1.467e-4
0.535, -1.489e-4
0.534, -1.493e-4
0.533, -1.511e-4
0.532, -1.529e-4
0.531, -1.539e-4
0.530, -1.556e-4
0.529, -1.560e-4
0.528, -1.582e-4
0.527, -1.592e-4
0.526, -1.609e-4
0.525, -1.607e-4
0.524, -1.612e-4
0.523, -1.636e-4
0.522, -1.665e-4
0.521, -1.673e-4
0.520, -1.673e-4
0.519, -1.700e-4
0.518, -1.709e-4
0.517, -1.719e-4
0.516, -1.728e-4
0.515, -1.739e-4
0.514, -1.753e-4
0.513, -1.776e-4
0.512, -1.828e-4
0.511, -1.823e-4
0.510, -1.811e-4
0.509, -1.826e-4
0.508, -1.844e-4
0.507, -1.850e-4
0.506, -1.874e-4
0.505, -1.881e-4
0.504, -1.882e-4
0.503, -1.914e-4
0.502, -1.923e-4
0.501, -1.938e-4
0.500, -1.945e-4
0.499, -1.933e-4
0.498, -1.969e-4
0.497, -1.985e-4
0.496, -1.992e-4
0.495, -2.021e-4
0.494, -2.022e-4
0.493, -2.038e-4
0.492, -2.055e-4
0.491, -2.069e-4
0.490, -2.082e-4
0.489, -2.098e-4
0.488, -2.114e-4
0.487, -2.144e-4
0.486, -2.159e-4
0.485, -2.158e-4
0.484, -2.170e-4
0.483, -2.196e-4
0.482, -2.215e-4
0.481, -2.233e-4
0.480, -2.251e-4
0.479, -2.276e-4
0.478, -2.300e-4
0.477, -2.314e-4
0.476, -2.335e-4
0.475, -2.351e-4
0.474, -2.373e-4
0.473, -2.386e-4
0.472, -2.420e-4
0.471, -2.459e-4
0.470, -2.475e-4
0.469, -2.509e-4
0.468, -2.530e-4
0.467, -2.566e-4
0.466, -2.597e-4
0.465, -2.622e-4
0.464, -2.652e-4
0.463, -2.695e-4
0.462, -2.739e-4
0.461, -2.762e-4
0.460, -2.803e-4
0.459, -2.852e-4
0.458, -2.880e-4
0.457, -2.927e-4
0.456, -2.954e-4
0.455, -3.019e-4
0.454, -3.061e-4
0.453, -3.099e-4
0.452, -3.155e-4
0.451, -3.195e-4
0.450, -3.247e-4
0.449, -3.305e-4
0.448, -3.346e-4
0.447, -3.408e-4
0.446, -3.466e-4
0.445, -3.526e-4
0.444, -3.596e-4
0.443, -3.659e-4
0.442, -3.727e-4
0.441, -3.805e-4
0.440, -3.865e-4
0.439, -3.945e-4
0.438, -4.020e-4
0.437, -4.097e-4
0.436, -4.171e-4
0.435, -4.263e-4
0.434, -4.340e-4
0.433, -4.425e-4
0.432, -4.499e-4
0.431, -4.596e-4
0.430, -4.675e-4
0.429, -4.783e-4
0.428, -4.882e-4
0.427, -4.977e-4
0.426, -5.102e-4
0.425, -5.213e-4
0.424, -5.325e-4
0.423, -5.446e-4
0.422, -5.546e-4
0.421, -5.693e-4
0.420, -5.835e-4
0.419, -5.956e-4
0.418, -6.117e-4
0.417, -6.281e-4
0.416, -6.440e-4
0.415, -6.612e-4
0.414, -6.763e-4
0.413, -6.930e-4
0.412, -7.103e-4
0.411, -7.277e-4
0.410, -7.356e-4
0.409, -7.327e-4
0.408, -7.645e-4
0.407, -7.924e-4
0.406, -8.169e-4
0.405, -8.442e-4
0.404, -8.713e-4
0.403, -8.989e-4
0.402, -9.249e-4
0.401, -9.533e-4
0.400, -9.818e-4
0.399, -1.013e-3
0.398, -1.042e-3
0.397, -1.075e-3
0.396, -1.106e-3
0.395, -1.141e-3
0.394, -1.174e-3
0.393, -1.207e-3
0.392, -1.241e-3
0.391, -1.276e-3
0.390, -1.310e-3
0.389, -1.346e-3
0.388, -1.379e-3
0.387, -1.412e-3
0.386, -1.441e-3
0.385, -1.467e-3
0.384, -1.494e-3
0.383, -1.514e-3
0.382, -1.529e-3
0.381, -1.541e-3
0.380, -1.546e-3
0.379, -1.545e-3
0.378, -1.539e-3
0.377, -1.526e-3
0.376, -1.509e-3
0.375, -1.485e-3
0.374, -1.454e-3
0.373, -1.421e-3
0.372, -1.380e-3
0.371, -1.333e-3
0.370, -1.284e-3
0.369, -1.230e-3
0.368, -1.175e-3
0.367, -1.115e-3
0.366, -1.051e-3
0.365, -9.880e-4
0.364, -9.247e-4
0.363, -8.618e-4
0.362, -7.990e-4
0.361, -7.390e-4
0.360, -6.850e-4
0.359, -6.327e-4
0.358, -5.821e-4
0.357, -5.375e-4
0.356, -4.967e-4
0.355, -4.590e-4
0.354, -4.274e-4
0.353, -3.980e-4
0.352, -3.719e-4
0.351, -3.474e-4
0.350, -3.259e-4
0.349, -3.069e-4
0.348, -2.909e-4
0.347, -2.755e-4
0.346, -2.620e-4
0.345, -2.501e-4
0.344, -2.397e-4
0.343, -2.302e-4
0.342, -2.207e-4
0.341, -2.137e-4
0.340, -2.061e-4
0.339, -1.997e-4
0.338, -1.939e-4
0.337, -1.875e-4
0.336, -1.822e-4
0.335, -1.778e-4
0.334, -1.731e-4
0.333, -1.690e-4
0.332, -1.648e-4
0.331, -1.615e-4
0.330, -1.570e-4
0.329, -1.540e-4
0.328, -1.508e-4
0.327, -1.488e-4
0.326, -1.461e-4
0.325, -1.428e-4
0.324, -1.394e-4
0.323, -1.378e-4
0.322, -1.360e-4
0.321, -1.337e-4
0.320, -1.310e-4
0.319, -1.291e-4
0.318, -1.271e-4
0.317, -1.250e-4
0.316, -1.235e-4
0.315, -1.215e-4
0.314, -1.197e-4
0.313, -1.182e-4
0.312, -1.161e-4
0.311, -1.150e-4
0.310, -1.139e-4
0.309, -1.121e-4
0.308, -1.113e-4
0.307, -1.117e-4
0.306, -1.090e-4
0.305, -1.085e-4
0.304, -1.073e-4
0.303, -1.063e-4
0.302, -1.045e-4
0.301, -1.030e-4
0.300, -1.021e-4
0.299, -1.014e-4
0.298, -1.005e-4
0.297, -9.959e-5
0.296, -9.842e-5
0.295, -9.734e-5
0.294, -9.666e-5
0.293, -9.529e-5
0.292, -9.471e-5
0.291, -9.403e-5
0.290, -9.354e-5
0.289, -9.285e-5
0.288, -9.217e-5
0.287, -9.090e-5
0.286, -9.002e-5
0.285, -8.924e-5
0.284, -8.924e-5
0.283, -8.768e-5
0.282, -8.670e-5
0.281, -8.690e-5
0.280, -8.592e-5
0.279, -8.592e-5
0.278, -8.455e-5
0.277, -8.504e-5
0.276, -8.436e-5
0.275, -8.319e-5
0.274, -8.270e-5
0.273, -8.202e-5
0.272, -8.163e-5
0.271, -8.202e-5
0.270, -8.055e-5
0.269, -7.957e-5
0.268, -7.909e-5
0.267, -7.840e-5
0.266, -7.801e-5
0.265, -7.772e-5
0.264, -7.635e-5
0.263, -7.645e-5
0.262, -7.694e-5
0.261, -7.626e-5
0.260, -7.577e-5
0.259, -7.518e-5
0.258, -7.528e-5
0.257, -7.411e-5
0.256, -7.362e-5
0.255, -7.274e-5
0.254, -7.342e-5
0.253, -7.303e-5
0.252, -7.303e-5
0.251, -7.235e-5
0.250, -7.167e-5
0.249, -7.128e-5
0.248, -7.108e-5
0.247, -7.069e-5
0.246, -7.089e-5
0.245, -7.010e-5
0.244, -6.923e-5
0.243, -6.835e-5
0.242, -6.923e-5
0.241, -6.883e-5
0.240, -6.796e-5
0.239, -6.786e-5
0.238, -6.796e-5
0.237, -6.747e-5
0.236, -6.747e-5
0.235, -6.659e-5
0.234, -6.659e-5
0.233, -6.639e-5
0.232, -6.669e-5
0.231, -6.620e-5
0.230, -6.610e-5
0.229, -6.600e-5
0.228, -6.552e-5
0.227, -6.454e-5
0.226, -6.512e-5
0.225, -6.415e-5
0.224, -6.376e-5
0.223, -6.346e-5
0.222, -6.346e-5
0.221, -6.386e-5
0.220, -6.356e-5
0.219, -6.298e-5
0.218, -6.220e-5
0.217, -6.151e-5
0.216, -6.220e-5
0.215, -6.220e-5
0.214, -6.200e-5
0.213, -6.190e-5
0.212, -6.249e-5
0.211, -6.210e-5
0.210, -6.112e-5
0.209, -6.151e-5
0.208, -6.073e-5
0.207, -6.063e-5
0.206, -6.122e-5
0.205, -6.005e-5
0.204, -5.975e-5
0.203, -6.063e-5
0.202, -6.044e-5
0.201, -6.073e-5
0.200, -5.927e-5
0.199, -5.995e-5
0.198, -5.946e-5
0.197, -5.888e-5
0.196, -5.897e-5
0.195, -5.888e-5
0.194, -5.927e-5
0.193, -5.888e-5
0.192, -5.819e-5
0.191, -5.809e-5
0.190, -5.809e-5
0.189, -5.790e-5
0.188, -5.829e-5
0.187, -5.712e-5
0.186, -5.761e-5
0.185, -5.712e-5
0.184, -5.731e-5
0.183, -5.770e-5
0.182, -5.712e-5
0.181, -5.712e-5
0.180, -5.702e-5
0.179, -5.702e-5
0.178, -5.683e-5
0.177, -5.653e-5
0.176, -5.692e-5
0.175, -5.634e-5
0.174, -5.595e-5
0.173, -5.634e-5
0.172, -5.673e-5
0.171, -5.653e-5
0.170, -5.624e-5
0.169, -5.556e-5
0.168, -5.585e-5
0.167, -5.526e-5
0.166, -5.497e-5
0.165, -5.536e-5
0.164, -5.536e-5
0.163, -5.546e-5
0.162, -5.517e-5
0.161, -5.517e-5
0.160, -5.526e-5
0.159, -5.517e-5
0.158, -5.487e-5
0.157, -5.477e-5
0.156, -5.536e-5
0.155, -5.429e-5
0.154, -5.438e-5
0.153, -5.458e-5
0.152, -5.477e-5
0.151, -5.399e-5
0.150, -5.390e-5
0.149, -5.438e-5
0.148, -5.419e-5
0.147, -5.380e-5
0.146, -5.409e-5
0.145, -5.390e-5
0.144, -5.399e-5
0.143, -5.351e-5
0.142, -5.380e-5
0.141, -5.321e-5
0.140, -5.292e-5
0.139, -5.272e-5
0.138, -5.302e-5
0.137, -5.302e-5
0.136, -5.292e-5
0.135, -5.272e-5
0.134, -5.302e-5
0.133, -5.360e-5
0.132, -5.331e-5
0.131, -5.292e-5
0.130, -5.224e-5
0.129, -5.321e-5
0.128, -5.243e-5
0.127, -5.155e-5
0.126, -5.224e-5
0.125, -5.243e-5
0.124, -5.272e-5
0.123, -5.272e-5
0.122, -5.224e-5
0.121, -5.214e-5
0.120, -5.253e-5
0.119, -5.233e-5
0.118, -5.175e-5
0.117, -5.175e-5
0.116, -5.243e-5
0.115, -5.087e-5
0.114, -5.155e-5
0.113, -5.155e-5
0.112, -5.116e-5
0.111, -5.136e-5
0.110, -5.067e-5
0.109, -5.126e-5
0.108, -5.048e-5
0.107, -5.019e-5
0.106, -5.067e-5
0.105, -5.077e-5
0.104, -5.097e-5
0.103, -5.126e-5
0.102, -5.116e-5
0.101, -5.126e-5
0.100, -5.038e-5
0.099, -4.989e-5
0.098, -5.058e-5
0.097, -5.058e-5
0.096, -5.048e-5
0.095, -5.019e-5
0.094, -5.048e-5
0.093, -4.950e-5
0.092, -4.901e-5
0.091, -5.019e-5
0.090, -4.989e-5
0.089, -4.901e-5
0.088, -4.872e-5
0.087, -4.911e-5
0.086, -4.950e-5
0.085, -4.911e-5
0.084, -4.862e-5
0.083, -4.882e-5
0.082, -4.911e-5
0.081, -4.931e-5
0.080, -4.853e-5
0.079, -4.921e-5
0.078, -4.843e-5
0.077, -4.901e-5
0.076, -4.853e-5
0.075, -4.833e-5
0.074, -4.804e-5
0.073, -4.804e-5
0.072, -4.814e-5
0.071, -4.794e-5
0.070, -4.735e-5
0.069, -4.823e-5
0.068, -4.804e-5
0.067, -4.774e-5
0.066, -4.745e-5
0.065, -4.784e-5
0.064, -4.726e-5
0.063, -4.735e-5
0.062, -4.696e-5
0.061, -4.687e-5
0.060, -4.687e-5
0.059, -4.667e-5
0.058, -4.638e-5
0.057, -4.687e-5
0.056, -4.687e-5
0.055, -4.716e-5
0.054, -4.677e-5
0.053, -4.648e-5
0.052, -4.638e-5
0.051, -4.609e-5
0.050, -4.618e-5
0.049, -4.667e-5
0.048, -4.550e-5
0.047, -4.579e-5
0.046, -4.589e-5
0.045, -4.540e-5
0.044, -4.560e-5
0.043, -4.482e-5
0.042, -4.569e-5
0.041, -4.550e-5
0.040, -4.540e-5
0.039, -4.530e-5
0.038, -4.482e-5
0.037, -4.511e-5
0.036, -4.609e-5
0.035, -4.511e-5
0.034, -4.491e-5
0.033, -4.501e-5
0.032, -4.530e-5
0.031, -4.472e-5
0.030, -4.472e-5
0.029, -4.472e-5
0.028, -4.511e-5
0.027, -4.403e-5
0.026, -4.374e-5
0.025, -4.374e-5
0.024, -4.443e-5
0.023, -4.452e-5
0.022, -4.433e-5
0.021, -4.384e-5
0.020, -4.345e-5
0.019, -4.384e-5
0.018, -4.423e-5
0.017, -4.413e-5
0.016, -4.394e-5
0.015, -4.394e-5
0.014, -4.374e-5
0.013, -4.335e-5
0.012, -4.267e-5
0.011, -4.394e-5
0.010, -4.345e-5
0.009, -4.325e-5
0.008, -4.257e-5
0.007, -4.306e-5
0.006, -4.316e-5
0.005, -4.277e-5
0.004, -4.228e-5
0.003, -4.267e-5
0.002, -4.198e-5
0.001, -4.267e-5
0.000, -3.613e-5
0.001, -2.587e-5
0.002, -2.373e-5
0.003, -2.177e-5
0.004, -2.119e-5
0.005, -1.943e-5
0.006, -1.884e-5
0.007, -1.836e-5
0.008, -1.797e-5
0.009, -1.699e-5
0.010, -1.679e-5
0.011, -1.611e-5
0.012, -1.562e-5
0.013, -1.543e-5
0.014, -1.513e-5
0.015, -1.396e-5
0.016, -1.299e-5
0.017, -1.377e-5
0.018, -1.220e-5
0.019, -1.191e-5
0.020, -1.211e-5
0.021, -1.142e-5
0.022, -1.142e-5
0.023, -1.094e-5
0.024, -1.094e-5
0.025, -1.074e-5
0.026, -1.054e-5
0.027, -1.074e-5
0.028, -1.006e-5
0.029, -9.959e-6
0.030, -9.764e-6
0.031, -9.471e-6
0.032, -9.471e-6
0.033, -8.397e-6
0.034, -8.690e-6
0.035, -9.276e-6
0.036, -8.299e-6
0.037, -8.006e-6
0.038, -8.006e-6
0.039, -7.811e-6
0.040, -7.323e-6
0.041, -7.225e-6
0.042, -8.104e-6
0.043, -7.713e-6
0.044, -7.030e-6
0.045, -7.225e-6
0.046, -6.639e-6
0.047, -6.249e-6
0.048, -6.542e-6
0.049, -6.444e-6
0.050, -6.444e-6
0.051, -6.151e-6
0.052, -6.835e-6
0.053, -6.249e-6
0.054, -5.761e-6
0.055, -5.858e-6
0.056, -6.151e-6
0.057, -5.663e-6
0.058, -5.272e-6
0.059, -5.175e-6
0.060, -5.077e-6
0.061, -4.784e-6
0.062, -5.370e-6
0.063, -4.784e-6
0.064, -4.589e-6
0.065, -4.491e-6
0.066, -4.687e-6
0.067, -4.784e-6
0.068, -4.296e-6
0.069, -4.101e-6
0.070, -5.175e-6
0.071, -4.589e-6
0.072, -4.003e-6
0.073, -3.906e-6
0.074, -4.296e-6
0.075, -4.101e-6
0.076, -4.101e-6
0.077, -4.394e-6
0.078, -2.832e-6
0.079, -3.417e-6
0.080, -3.808e-6
0.081, -3.124e-6
0.082, -3.906e-6
0.083, -3.515e-6
0.084, -3.320e-6
0.085, -2.929e-6
0.086, -2.734e-6
0.087, -2.441e-6
0.088, -1.855e-6
0.089, -2.441e-6
0.090, -2.832e-6
0.091, -2.636e-6
0.092, -2.343e-6
0.093, -1.757e-6
0.094, -1.562e-6
0.095, -2.246e-6
0.096, -2.050e-6
0.097, -2.050e-6
0.098, -2.148e-6
0.099, -2.148e-6
0.100, -1.269e-6
0.101, -1.855e-6
0.102, -2.246e-6
0.103, -1.953e-6
0.104, -2.148e-6
0.105, -1.757e-6
0.106, -1.757e-6
0.107, -1.953e-6
0.108, -1.562e-6
0.109, -1.367e-6
0.110, -6.835e-7
0.111, -9.764e-7
0.112, -9.764e-7
0.113, -1.562e-6
0.114, -8.787e-7
0.115, -6.835e-7
0.116, -1.074e-6
0.117, -5.858e-7
0.118, -9.764e-8
0.119, -2.929e-7
0.120, -9.764e-8
0.121, -1.953e-7
0.122, 3.905e-7
0.123, -4.283e-12
0.124, 1.953e-7
0.125, 4.882e-7
0.126, 1.953e-7
0.127, 1.172e-6
0.128, 3.905e-7
0.129, 1.953e-7
0.130, 4.882e-7
0.131, 2.929e-7
0.132, 6.835e-7
0.133, 1.367e-6
0.134, 5.858e-7
0.135, 5.858e-7
0.136, 1.367e-6
0.137, 7.811e-7
0.138, 7.811e-7
0.139, 9.764e-7
0.140, 1.269e-6
0.141, 1.172e-6
0.142, 4.882e-7
0.143, 1.953e-6
0.144, 2.343e-6
0.145, 2.343e-6
0.146, 2.246e-6
0.147, 1.269e-6
0.148, 1.953e-6
0.149, 1.757e-6
0.150, 1.562e-6
0.151, 1.953e-6
0.152, 1.953e-6
0.153, 2.441e-6
0.154, 2.050e-6
0.155, 2.343e-6
0.156, 2.441e-6
0.157, 2.343e-6
0.158, 2.148e-6
0.159, 1.855e-6
0.160, 2.441e-6
0.161, 3.613e-6
0.162, 1.953e-6
0.163, 2.539e-6
0.164, 2.734e-6
0.165, 2.929e-6
0.166, 2.734e-6
0.167, 2.636e-6
0.168, 2.441e-6
0.169, 3.320e-6
0.170, 3.027e-6
0.171, 3.124e-6
0.172, 2.441e-6
0.173, 2.831e-6
0.174, 3.515e-6
0.175, 4.003e-6
0.176, 3.906e-6
0.177, 3.710e-6
0.178, 3.808e-6
0.179, 4.980e-6
0.180, 3.808e-6
0.181, 4.003e-6
0.182, 4.491e-6
0.183, 4.491e-6
0.184, 4.491e-6
0.185, 4.589e-6
0.186, 3.808e-6
0.187, 4.394e-6
0.188, 3.906e-6
0.189, 3.613e-6
0.190, 4.198e-6
0.191, 5.272e-6
0.192, 4.980e-6
0.193, 3.613e-6
0.194, 4.589e-6
0.195, 3.906e-6
0.196, 4.589e-6
0.197, 4.589e-6
0.198, 4.980e-6
0.199, 5.077e-6
0.200, 5.175e-6
0.201, 5.858e-6
0.202, 5.272e-6
0.203, 4.980e-6
0.204, 6.249e-6
0.205, 4.980e-6
0.206, 4.491e-6
0.207, 4.882e-6
0.208, 5.468e-6
0.209, 5.565e-6
0.210, 6.151e-6
0.211, 5.565e-6
0.212, 5.663e-6
0.213, 5.858e-6
0.214, 5.761e-6
0.215, 6.249e-6
0.216, 5.858e-6
0.217, 5.858e-6
0.218, 5.565e-6
0.219, 6.151e-6
0.220, 5.663e-6
0.221, 6.639e-6
0.222, 7.128e-6
0.223, 7.128e-6
0.224, 6.639e-6
0.225, 7.128e-6
0.226, 7.323e-6
0.227, 6.639e-6
0.228, 7.030e-6
0.229, 7.030e-6
0.230, 7.420e-6
0.231, 7.420e-6
0.232, 8.299e-6
0.233, 7.323e-6
0.234, 7.518e-6
0.235, 7.323e-6
0.236, 7.225e-6
0.237, 8.104e-6
0.238, 7.811e-6
0.239, 8.202e-6
0.240, 8.006e-6
0.241, 8.690e-6
0.242, 9.666e-6
0.243, 8.690e-6
0.244, 8.202e-6
0.245, 8.592e-6
0.246, 9.764e-6
0.247, 9.373e-6
0.248, 9.666e-6
0.249, 1.015e-5
0.250, 1.045e-5
0.251, 1.045e-5
0.252, 1.054e-5
0.253, 9.569e-6
0.254, 1.006e-5
0.255, 1.133e-5
0.256, 1.084e-5
0.257, 1.074e-5
0.258, 1.064e-5
0.259, 1.133e-5
0.260, 1.142e-5
0.261, 1.113e-5
0.262, 1.201e-5
0.263, 1.220e-5
0.264, 1.201e-5
0.265, 1.230e-5
0.266, 1.220e-5
0.267, 1.269e-5
0.268, 1.328e-5
0.269, 1.279e-5
0.270, 1.328e-5
0.271, 1.367e-5
0.272, 1.377e-5
0.273, 1.445e-5
0.274, 1.406e-5
0.275, 1.357e-5
0.276, 1.435e-5
0.277, 1.426e-5
0.278, 1.484e-5
0.279, 1.523e-5
0.280, 1.562e-5
0.281, 1.562e-5
0.282, 1.543e-5
0.283, 1.591e-5
0.284, 1.572e-5
0.285, 1.670e-5
0.286, 1.670e-5
0.287, 1.699e-5
0.288, 1.748e-5
0.289, 1.670e-5
0.290, 1.748e-5
0.291, 1.738e-5
0.292, 1.816e-5
0.293, 1.767e-5
0.294, 1.816e-5
0.295, 1.806e-5
0.296, 1.855e-5
0.297, 1.865e-5
0.298, 1.914e-5
0.299, 1.963e-5
0.300, 1.963e-5
0.301, 1.923e-5
0.302, 1.972e-5
0.303, 2.021e-5
0.304, 2.031e-5
0.305, 2.129e-5
0.306, 2.119e-5
0.307, 2.197e-5
0.308, 2.216e-5
0.309, 2.197e-5
0.310, 2.168e-5
0.311, 2.246e-5
0.312, 2.236e-5
0.313, 2.285e-5
0.314, 2.246e-5
0.315, 2.353e-5
0.316, 2.343e-5
0.317, 2.402e-5
0.318, 2.451e-5
0.319, 2.480e-5
0.320, 2.460e-5
0.321, 2.460e-5
0.322, 2.529e-5
0.323, 2.529e-5
0.324, 2.587e-5
0.325, 2.539e-5
0.326, 2.617e-5
0.327, 2.666e-5
0.328, 2.666e-5
0.329, 2.617e-5
0.330, 2.705e-5
0.331, 2.792e-5
0.332, 2.753e-5
0.333, 2.753e-5
0.334, 2.763e-5
0.335, 2.831e-5
0.336, 2.802e-5
0.337, 2.929e-5
0.338, 2.910e-5
0.339, 2.988e-5
0.340, 2.978e-5
0.341, 3.046e-5
0.342, 3.124e-5
0.343, 3.095e-5
0.344, 3.085e-5
0.345, 3.134e-5
0.346, 3.163e-5
0.347, 3.144e-5
0.348, 3.271e-5
0.349, 3.329e-5
0.350, 3.378e-5
0.351, 3.271e-5
0.352, 3.320e-5
0.353, 3.447e-5
0.354, 3.378e-5
0.355, 3.408e-5
0.356, 3.525e-5
0.357, 3.476e-5
0.358, 3.593e-5
0.359, 3.603e-5
0.360, 3.544e-5
0.361, 3.613e-5
0.362, 3.681e-5
0.363, 3.769e-5
0.364, 3.779e-5
0.365, 3.788e-5
0.366, 3.788e-5
0.367, 3.798e-5
0.368, 3.866e-5
0.369, 3.935e-5
0.370, 4.042e-5
0.371, 4.032e-5
0.372, 4.062e-5
0.373, 4.101e-5
0.374, 4.159e-5
0.375, 4.198e-5
0.376, 4.247e-5
0.377, 4.325e-5
0.378, 4.355e-5
0.379, 4.394e-5
0.380, 4.482e-5
0.381, 4.501e-5
0.382, 4.657e-5
0.383, 4.667e-5
0.384, 4.687e-5
0.385, 4.618e-5
0.386, 4.784e-5
0.387, 4.882e-5
0.388, 4.931e-5
0.389, 4.980e-5
0.390, 5.097e-5
0.391, 5.194e-5
0.392, 5.165e-5
0.393, 5.351e-5
0.394, 5.351e-5
0.395, 5.468e-5
0.396, 5.624e-5
0.397, 5.575e-5
0.398, 5.761e-5
0.399, 5.858e-5
0.400, 6.044e-5
0.401, 6.200e-5
0.402, 6.268e-5
0.403, 6.434e-5
0.404, 6.600e-5
0.405, 6.815e-5
0.406, 7.040e-5
0.407, 7.225e-5
0.408, 7.547e-5
0.409, 7.801e-5
0.410, 7.469e-5
0.411, 8.465e-5
0.412, 9.061e-5
0.413, 9.686e-5
0.414, 1.035e-4
0.415, 1.124e-4
0.416, 1.222e-4
0.417, 1.338e-4
0.418, 1.474e-4
0.419, 1.638e-4
0.420, 1.828e-4
0.421, 2.053e-4
0.422, 2.321e-4
0.423, 2.616e-4
0.424, 2.973e-4
0.425, 3.383e-4
0.426, 3.872e-4
0.427, 4.429e-4
0.428, 5.100e-4
0.429, 5.879e-4
0.430, 6.771e-4
0.431, 7.766e-4
0.432, 8.863e-4
0.433, 9.978e-4
0.434, 1.111e-3
0.435, 1.227e-3
0.436, 1.347e-3
0.437, 1.466e-3
0.438, 1.587e-3
0.439, 1.701e-3
0.440, 1.814e-3
0.441, 1.924e-3
0.442, 2.025e-3
0.443, 2.120e-3
0.444, 2.203e-3
0.445, 2.270e-3
0.446, 2.337e-3
0.447, 2.384e-3
0.448, 2.414e-3
0.449, 2.424e-3
0.450, 2.415e-3
0.451, 2.389e-3
0.452, 2.346e-3
0.453, 2.292e-3
0.454, 2.223e-3
0.455, 2.144e-3
0.456, 2.047e-3
0.457, 1.945e-3
0.458, 1.836e-3
0.459, 1.725e-3
0.460, 1.619e-3
0.461, 1.511e-3
0.462, 1.412e-3
0.463, 1.314e-3
0.464, 1.228e-3
0.465, 1.149e-3
0.466, 1.073e-3
0.467, 1.007e-3
0.468, 9.476e-4
0.469, 8.942e-4
0.470, 8.472e-4
0.471, 8.012e-4
0.472, 7.634e-4
0.473, 7.280e-4
0.474, 6.942e-4
0.475, 6.666e-4
0.476, 6.405e-4
0.477, 6.169e-4
0.478, 5.950e-4
0.479, 5.735e-4
0.480, 5.548e-4
0.481, 5.374e-4
0.482, 5.207e-4
0.483, 5.059e-4
0.484, 4.928e-4
0.485, 4.804e-4
0.486, 4.689e-4
0.487, 4.567e-4
0.488, 4.460e-4
0.489, 4.364e-4
0.490, 4.258e-4
0.491, 4.177e-4
0.492, 4.095e-4
0.493, 4.014e-4
0.494, 3.941e-4
0.495, 3.869e-4
0.496, 3.782e-4
0.497, 3.741e-4
0.498, 3.664e-4
0.499, 3.602e-4
0.500, 3.541e-4
0.501, 3.485e-4
0.502, 3.439e-4
0.503, 3.386e-4
0.504, 3.327e-4
0.505, 3.286e-4
0.506, 3.247e-4
0.507, 3.199e-4
0.508, 3.161e-4
0.509, 3.118e-4
0.510, 3.079e-4
0.511, 3.038e-4
0.512, 3.036e-4
0.513, 2.997e-4
0.514, 2.944e-4
0.515, 2.908e-4
0.516, 2.870e-4
0.517, 2.837e-4
0.518, 2.813e-4
0.519, 2.787e-4
0.520, 2.751e-4
0.521, 2.729e-4
0.522, 2.688e-4
0.523, 2.666e-4
0.524, 2.645e-4
0.525, 2.596e-4
0.526, 2.579e-4
0.527, 2.558e-4
0.528, 2.527e-4
0.529, 2.515e-4
0.530, 2.489e-4
0.531, 2.459e-4
0.532, 2.445e-4
0.533, 2.425e-4
0.534, 2.407e-4
0.535, 2.379e-4
0.536, 2.356e-4
0.537, 2.334e-4
0.538, 2.327e-4
0.539, 2.295e-4
0.540, 2.280e-4
0.541, 2.256e-4
0.542, 2.246e-4
0.543, 2.233e-4
0.544, 2.217e-4
0.545, 2.197e-4
0.546, 2.187e-4
0.547, 2.170e-4
0.548, 2.163e-4
0.549, 2.142e-4
0.550, 2.129e-4
0.551, 2.109e-4
0.552, 2.099e-4
0.553, 2.098e-4
0.554, 2.074e-4
0.555, 2.076e-4
0.556, 2.067e-4
0.557, 2.060e-4
0.558, 2.056e-4
0.559, 2.046e-4
0.560, 2.029e-4
0.561, 2.024e-4
0.562, 2.030e-4
0.563, 2.033e-4
0.564, 2.019e-4
0.565, 2.005e-4
0.566, 2.020e-4
0.567, 2.021e-4
0.568, 2.007e-4
0.569, 2.009e-4
0.570, 2.013e-4
0.571, 2.019e-4
0.572, 2.028e-4
0.573, 2.028e-4
0.574, 2.036e-4
0.575, 2.046e-4
0.576, 2.037e-4
0.577, 2.065e-4
0.578, 2.071e-4
0.579, 2.083e-4
0.580, 2.094e-4
0.581, 2.106e-4
0.582, 2.129e-4
0.583, 2.151e-4
0.584, 2.169e-4
0.585, 2.192e-4
0.586, 2.220e-4
0.587, 2.247e-4
0.588, 2.279e-4
0.589, 2.296e-4
0.590, 2.335e-4
0.591, 2.370e-4
0.592, 2.401e-4
0.593, 2.448e-4
0.594, 2.482e-4
0.595, 2.524e-4
0.596, 2.580e-4
0.597, 2.625e-4
0.598, 2.681e-4
0.599, 2.731e-4
0.600, 2.794e-4
0.601, 2.859e-4
0.602, 2.912e-4
0.603, 2.996e-4
0.604, 3.061e-4
0.605, 3.137e-4
0.606, 3.229e-4
0.607, 3.311e-4
0.608, 3.404e-4
0.609, 3.513e-4
0.610, 3.615e-4
0.611, 3.727e-4
0.612, 3.835e-4
0.613, 3.959e-4
0.614, 4.079e-4
0.615, 4.194e-4
0.616, 4.350e-4
0.617, 4.508e-4
0.618, 4.662e-4
0.619, 4.833e-4
0.620, 5.009e-4
0.621, 5.190e-4
0.622, 5.381e-4
0.623, 5.582e-4
0.624, 5.786e-4
0.625, 6.014e-4
0.626, 6.240e-4
0.627, 6.466e-4
0.628, 6.711e-4
0.629, 6.976e-4
0.630, 7.247e-4
0.631, 7.520e-4
0.632, 7.796e-4
0.633, 8.115e-4
0.634, 8.428e-4
0.635, 8.769e-4
0.636, 9.096e-4
0.637, 9.441e-4
0.638, 9.825e-4
0.639, 1.019e-3
0.640, 1.059e-3
0.641, 1.103e-3
0.642, 1.145e-3
0.643, 1.188e-3
0.644, 1.234e-3
0.645, 1.279e-3
0.646, 1.328e-3
0.647, 1.381e-3
0.648, 1.433e-3
0.649, 1.486e-3
0.650, 1.542e-3
0.651, 1.602e-3
0.652, 1.661e-3
0.653, 1.718e-3
0.654, 1.780e-3
0.655, 1.847e-3
0.656, 1.914e-3
0.657, 1.982e-3
0.658, 2.051e-3
0.659, 2.125e-3
0.660, 2.197e-3
0.661, 2.269e-3
0.662, 2.356e-3
0.663, 2.435e-3
0.664, 2.511e-3
0.665, 2.599e-3
0.666, 2.684e-3
0.667, 2.769e-3
0.668, 2.863e-3
0.669, 2.954e-3
0.670, 3.048e-3
0.671, 3.143e-3
0.672, 3.239e-3
0.673, 3.341e-3
0.674, 3.443e-3
0.675, 3.546e-3
0.676, 3.653e-3
0.677, 3.757e-3
0.678, 3.868e-3
0.679, 3.979e-3
0.680, 4.092e-3
0.681, 4.206e-3
0.682, 4.325e-3
0.683, 4.444e-3
0.684, 4.565e-3
0.685, 4.685e-3
0.686, 4.811e-3
0.687, 4.936e-3
0.688, 5.063e-3
0.689, 5.189e-3
0.690, 5.321e-3
0.691, 5.455e-3
0.692, 5.591e-3
0.693, 5.727e-3
0.694, 5.864e-3
0.695, 6.004e-3
0.696, 6.142e-3
0.697, 6.290e-3
0.698, 6.436e-3
0.699, 6.580e-3
0.700, 6.729e-3
0.701, 6.881e-3
0.702, 7.036e-3
0.703, 7.189e-3
0.704, 7.345e-3
0.705, 7.502e-3
0.706, 7.658e-3
0.707, 7.820e-3
0.708, 7.986e-3
0.709, 8.146e-3
0.710, 8.310e-3
0.711, 8.476e-3
0.712, 8.644e-3
0.713, 8.812e-3
0.714, 8.981e-3
0.715, 9.150e-3
0.716, 9.321e-3
0.717, 9.503e-3
0.718, 9.683e-3
0.719, 9.867e-3
0.720, 1.005e-2
0.721, 1.023e-2
0.722, 1.041e-2
0.723, 1.059e-2
0.724, 1.077e-2
0.725, 1.096e-2
0.726, 1.115e-2
0.727, 1.135e-2
0.728, 1.154e-2
0.729, 1.172e-2
0.730, 1.191e-2
0.731, 1.210e-2
0.732, 1.229e-2
0.733, 1.248e-2
0.734, 1.268e-2
0.735, 1.288e-2
0.736, 1.307e-2
0.737, 1.328e-2
0.738, 1.349e-2
0.739, 1.370e-2
0.740, 1.390e-2
0.741, 1.410e-2
0.742, 1.431e-2
0.743, 1.451e-2
0.744, 1.472e-2
0.745, 1.493e-2
0.746, 1.513e-2
0.747, 1.535e-2
0.748, 1.556e-2
0.749, 1.578e-2
0.750, 1.599e-2
0.751, 1.621e-2
0.752, 1.643e-2
0.753, 1.665e-2
0.754, 1.687e-2
0.755, 1.710e-2
0.756, 1.731e-2
0.757, 1.753e-2
0.758, 1.775e-2
0.759, 1.798e-2
0.760, 1.821e-2
0.761, 1.844e-2
0.762, 1.867e-2
0.763, 1.891e-2
0.764, 1.915e-2
0.765, 1.938e-2
0.766, 1.960e-2
0.767, 1.983e-2
0.768, 2.006e-2
0.769, 2.029e-2
0.770, 2.052e-2
0.771, 2.077e-2
0.772, 2.102e-2
0.773, 2.126e-2
0.774, 2.150e-2
0.775, 2.173e-2
0.776, 2.197e-2
0.777, 2.221e-2
0.778, 2.244e-2
0.779, 2.268e-2
0.780, 2.293e-2
0.781, 2.318e-2
0.782, 2.342e-2
0.783, 2.367e-2
0.784, 2.392e-2
0.785, 2.415e-2
0.786, 2.440e-2
0.787, 2.465e-2
0.788, 2.491e-2
0.789, 2.517e-2
0.790, 2.541e-2
0.791, 2.564e-2
0.792, 2.587e-2
0.793, 2.612e-2
0.794, 2.636e-2
0.795, 2.661e-2
0.796, 2.687e-2
0.797, 2.713e-2
0.798, 2.738e-2
0.799, 2.763e-2
0.800, 2.778e-2
0.799, 2.759e-2
0.798, 2.732e-2
0.797, 2.706e-2
0.796, 2.679e-2
0.795, 2.653e-2
0.794, 2.626e-2
0.793, 2.598e-2
0.792, 2.572e-2
0.791, 2.548e-2
0.790, 2.524e-2
0.789, 2.498e-2
0.788, 2.469e-2
0.787, 2.440e-2
0.786, 2.413e-2
0.785, 2.389e-2
0.784, 2.366e-2
0.783, 2.341e-2
0.782, 2.314e-2
0.781, 2.286e-2
0.780, 2.263e-2
0.779, 2.237e-2
0.778, 2.211e-2
0.777, 2.185e-2
0.776, 2.160e-2
0.775, 2.136e-2
0.774, 2.111e-2
0.773, 2.087e-2
0.772, 2.063e-2
0.771, 2.041e-2
0.770, 2.018e-2
0.769, 1.994e-2
0.768, 1.970e-2
0.767, 1.945e-2
0.766, 1.921e-2
0.765, 1.898e-2
0.764, 1.874e-2
0.763, 1.851e-2
0.762, 1.827e-2
0.761, 1.804e-2
0.760, 1.780e-2
0.759, 1.757e-2
0.758, 1.735e-2
0.757, 1.713e-2
0.756, 1.690e-2
0.755, 1.668e-2
0.754, 1.644e-2
0.753, 1.623e-2
0.752, 1.600e-2
0.751, 1.578e-2
0.750, 1.557e-2
0.749, 1.535e-2
0.748, 1.514e-2
0.747, 1.493e-2
0.746, 1.471e-2
0.745, 1.449e-2
0.744, 1.429e-2
0.743, 1.409e-2
0.742, 1.388e-2
0.741, 1.367e-2
0.740, 1.346e-2
0.739, 1.325e-2
0.738, 1.304e-2
0.737, 1.284e-2
0.736, 1.264e-2
0.735, 1.244e-2
0.734, 1.224e-2
0.733, 1.204e-2
0.732, 1.184e-2
0.731, 1.165e-2
0.730, 1.146e-2
0.729, 1.127e-2
0.728, 1.108e-2
0.727, 1.089e-2
0.726, 1.070e-2
0.725, 1.051e-2
0.724, 1.033e-2
0.723, 1.015e-2
0.722, 9.971e-3
0.721, 9.794e-3
0.720, 9.624e-3
0.719, 9.453e-3
0.718, 9.282e-3
0.717, 9.104e-3
0.716, 8.931e-3
0.715, 8.759e-3
0.714, 8.590e-3
0.713, 8.424e-3
0.712, 8.261e-3
0.711, 8.092e-3
0.710, 7.930e-3
0.709, 7.771e-3
0.708, 7.609e-3
0.707, 7.452e-3
0.706, 7.297e-3
0.705, 7.139e-3
0.704, 6.990e-3
0.703, 6.839e-3
0.702, 6.688e-3
0.701, 6.544e-3
0.700, 6.396e-3
0.699, 6.249e-3
0.698, 6.106e-3
0.697, 5.969e-3
0.696, 5.831e-3
0.695, 5.691e-3
0.694, 5.557e-3
0.693, 5.423e-3
0.692, 5.291e-3
0.691, 5.158e-3
0.690, 5.031e-3
0.689, 4.903e-3
0.688, 4.776e-3
0.687, 4.654e-3
0.686, 4.536e-3
0.685, 4.415e-3
0.684, 4.295e-3
0.683, 4.177e-3
0.682, 4.061e-3
0.681, 3.946e-3
0.680, 3.833e-3
0.679, 3.722e-3
0.678, 3.620e-3
0.677, 3.511e-3
0.676, 3.407e-3
0.675, 3.303e-3
0.674, 3.202e-3
0.673, 3.106e-3
0.672, 3.008e-3
0.671, 2.914e-3
0.670, 2.821e-3
0.669, 2.728e-3
0.668, 2.638e-3
0.667, 2.552e-3
0.666, 2.466e-3
0.665, 2.385e-3
0.664, 2.302e-3
0.663, 2.223e-3
0.662, 2.146e-3
0.661, 2.070e-3
0.660, 1.996e-3
0.659, 1.924e-3
0.658, 1.853e-3
0.657, 1.781e-3
0.656, 1.715e-3
0.655, 1.651e-3
0.654, 1.587e-3
0.653, 1.523e-3
0.652, 1.463e-3
0.651, 1.404e-3
0.650, 1.347e-3
0.649, 1.289e-3
0.648, 1.238e-3
0.647, 1.186e-3
0.646, 1.137e-3
0.645, 1.086e-3
0.644, 1.037e-3
0.643, 9.919e-4
0.642, 9.475e-4
0.641, 9.043e-4
0.640, 8.625e-4
0.639, 8.215e-4
0.638, 7.827e-4
0.637, 7.451e-4
0.636, 7.093e-4
0.635, 6.746e-4
0.634, 6.408e-4
0.633, 6.081e-4
0.632, 5.761e-4
0.631, 5.450e-4
0.630, 5.163e-4
0.629, 4.886e-4
0.628, 4.608e-4
0.627, 4.359e-4
0.626, 4.107e-4
0.625, 3.869e-4
0.624, 3.646e-4
0.623, 3.429e-4
0.622, 3.218e-4
0.621, 3.020e-4
0.620, 2.833e-4
0.619, 2.662e-4
0.618, 2.486e-4
0.617, 2.322e-4
0.616, 2.156e-4
0.615, 1.995e-4
0.614, 1.872e-4
0.613, 1.712e-4
0.612, 1.566e-4
0.611, 1.447e-4
0.610, 1.318e-4
0.609, 1.191e-4
0.608, 1.084e-4
0.607, 9.744e-5
0.606, 8.700e-5
0.605, 7.645e-5
0.604, 6.727e-5
0.603, 5.800e-5
0.602, 4.921e-5
0.601, 4.062e-5
0.600, 3.339e-5
0.599, 2.558e-5
0.598, 1.914e-5
0.597, 1.162e-5
0.596, 5.272e-6
0.595, -9.764e-7
0.594, -7.909e-6
0.593, -1.279e-5
0.592, -1.797e-5
0.591, -2.363e-5
0.590, -2.831e-5
0.589, -3.271e-5
0.588, -3.759e-5
0.587, -4.071e-5
0.586, -4.579e-5
0.585, -4.950e-5
0.584, -5.282e-5
0.583, -5.663e-5
0.582, -5.985e-5
0.581, -6.346e-5
0.580, -6.659e-5
0.579, -7.020e-5
0.578, -7.333e-5
0.577, -7.508e-5
0.576, -7.772e-5
0.575, -8.045e-5
0.574, -8.358e-5
0.573, -8.543e-5
0.572, -8.895e-5
0.571, -9.051e-5
0.570, -9.197e-5
0.569, -9.608e-5
0.568, -9.754e-5
0.567, -9.969e-5
0.566, -1.007e-4
0.565, -1.034e-4
0.564, -1.049e-4
0.563, -1.071e-4
0.562, -1.088e-4
0.561, -1.107e-4
0.560, -1.117e-4
0.559, -1.142e-4
0.558, -1.153e-4
0.557, -1.167e-4
0.556, -1.175e-4
0.555, -1.200e-4
0.554, -1.217e-4
0.553, -1.224e-4
0.552, -1.240e-4
0.551, -1.267e-4
0.550, -1.258e-4
0.549, -1.292e-4
0.548, -1.300e-4
0.547, -1.317e-4
0.546, -1.335e-4
0.545, -1.346e-4
0.544, -1.359e-4
0.543, -1.383e-4
0.542, -1.382e-4
0.541, -1.404e-4
0.540, -1.418e-4
0.539, -1.427e-4
0.538, -1.447e-4
0.537, -1.459e-4
0.536, -1.462e-4
0.535, -1.474e-4
0.534, -1.486e-4
0.533, -1.510e-4
0.532, -1.516e-4
0.531, -1.528e-4
0.530, -1.542e-4
0.529, -1.553e-4
0.528, -1.573e-4
0.527, -1.586e-4
0.526, -1.600e-4
0.525, -1.600e-4
0.524, -1.620e-4
0.523, -1.633e-4
0.522, -1.639e-4
0.521, -1.660e-4
0.520, -1.662e-4
0.519, -1.681e-4
0.518, -1.706e-4
0.517, -1.718e-4
0.516, -1.721e-4
0.515, -1.727e-4
0.514, -1.749e-4
0.513, -1.772e-4
0.512, -1.821e-4
0.511, -1.808e-4
0.510, -1.797e-4
0.509, -1.820e-4
0.508, -1.828e-4
0.507, -1.843e-4
0.506, -1.855e-4
0.505, -1.874e-4
0.504, -1.881e-4
0.503, -1.897e-4
0.502, -1.907e-4
0.501, -1.919e-4
0.500, -1.933e-4
0.499, -1.932e-4
0.498, -1.945e-4
0.497, -1.960e-4
0.496, -1.982e-4
0.495, -2.011e-4
0.494, -2.017e-4
0.493, -2.033e-4
0.492, -2.044e-4
0.491, -2.056e-4
0.490, -2.072e-4
0.489, -2.088e-4
0.488, -2.105e-4
0.487, -2.124e-4
0.486, -2.138e-4
0.485, -2.148e-4
0.484, -2.174e-4
0.483, -2.181e-4
0.482, -2.200e-4
0.481, -2.223e-4
0.480, -2.236e-4
0.479, -2.261e-4
0.478, -2.277e-4
0.477, -2.298e-4
0.476, -2.328e-4
0.475, -2.337e-4
0.474, -2.364e-4
0.473, -2.385e-4
0.472, -2.427e-4
0.471, -2.440e-4
0.470, -2.462e-4
0.469, -2.497e-4
0.468, -2.523e-4
0.467, -2.545e-4
0.466, -2.586e-4
0.465, -2.611e-4
0.464, -2.642e-4
0.463, -2.688e-4
0.462, -2.712e-4
0.461, -2.769e-4
0.460, -2.799e-4
0.459, -2.819e-4
0.458, -2.873e-4
0.457, -2.908e-4
0.456, -2.952e-4
0.455, -2.994e-4
0.454, -3.033e-4
0.453, -3.097e-4
0.452, -3.142e-4
0.451, -3.190e-4
0.450, -3.243e-4
0.449, -3.301e-4
0.448, -3.335e-4
0.447, -3.397e-4
0.446, -3.462e-4
0.445, -3.532e-4
0.444, -3.594e-4
0.443, -3.659e-4
0.442, -3.726e-4
0.441, -3.805e-4
0.440, -3.887e-4
0.439, -3.953e-4
0.438, -4.020e-4
0.437, -4.096e-4
0.436, -4.183e-4
0.435, -4.260e-4
0.434, -4.349e-4
0.433, -4.435e-4
0.432, -4.515e-4
0.431, -4.594e-4
0.430, -4.693e-4
0.429, -4.798e-4
0.428, -4.906e-4
0.427, -5.003e-4
0.426, -5.123e-4
0.425, -5.221e-4
0.424, -5.340e-4
0.423, -5.469e-4
0.422, -5.572e-4
0.421, -5.728e-4
0.420, -5.876e-4
0.419, -6.013e-4
0.418, -6.171e-4
0.417, -6.340e-4
0.416, -6.481e-4
0.415, -6.642e-4
0.414, -6.814e-4
0.413, -6.990e-4
0.412, -7.167e-4
0.411, -7.356e-4
0.410, -7.440e-4
0.409, -7.401e-4
0.408, -7.729e-4
0.407, -8.010e-4
0.406, -8.282e-4
0.405, -8.560e-4
0.404, -8.840e-4
0.403, -9.126e-4
0.402, -9.400e-4
0.401, -9.689e-4
0.400, -9.998e-4
0.399, -1.032e-3
0.398, -1.063e-3
0.397, -1.097e-3
0.396, -1.131e-3
0.395, -1.167e-3
0.394, -1.203e-3
0.393, -1.236e-3
0.392, -1.274e-3
0.391, -1.314e-3
0.390, -1.351e-3
0.389, -1.390e-3
0.388, -1.428e-3
0.387, -1.462e-3
0.386, -1.496e-3
0.385, -1.529e-3
0.384, -1.559e-3
0.383, -1.588e-3
0.382, -1.611e-3
0.381, -1.626e-3
0.380, -1.637e-3
0.379, -1.643e-3
0.378, -1.646e-3
0.377, -1.638e-3
0.376, -1.625e-3
0.375, -1.606e-3
0.374, -1.578e-3
0.373, -1.545e-3
0.372, -1.505e-3
0.371, -1.459e-3
0.370, -1.410e-3
0.369, -1.353e-3
0.368, -1.290e-3
0.367, -1.225e-3
0.366, -1.159e-3
0.365, -1.089e-3
0.364, -1.016e-3
0.363, -9.428e-4
0.362, -8.730e-4
0.361, -8.019e-4
0.360, -7.373e-4
0.359, -6.795e-4
0.358, -6.221e-4
0.357, -5.695e-4
0.356, -5.229e-4
0.355, -4.815e-4
0.354, -4.461e-4
0.353, -4.146e-4
0.352, -3.852e-4
0.351, -3.597e-4
0.350, -3.361e-4
0.349, -3.159e-4
0.348, -2.984e-4
0.347, -2.824e-4
0.346, -2.680e-4
0.345, -2.550e-4
0.344, -2.441e-4
0.343, -2.345e-4
0.342, -2.249e-4
0.341, -2.169e-4
0.340, -2.099e-4
0.339, -2.029e-4
0.338, -1.967e-4
0.337, -1.914e-4
0.336, -1.862e-4
0.335, -1.809e-4
0.334, -1.759e-4
0.333, -1.730e-4
0.332, -1.683e-4
0.331, -1.646e-4
0.330, -1.600e-4
0.329, -1.572e-4
0.328, -1.541e-4
0.327, -1.515e-4
0.326, -1.482e-4
0.325, -1.452e-4
0.324, -1.425e-4
0.323, -1.411e-4
0.322, -1.385e-4
0.321, -1.362e-4
0.320, -1.328e-4
0.319, -1.315e-4
0.318, -1.300e-4
0.317, -1.277e-4
0.316, -1.251e-4
0.315, -1.243e-4
0.314, -1.226e-4
0.313, -1.214e-4
0.312, -1.193e-4
0.311, -1.178e-4
0.310, -1.160e-4
0.309, -1.150e-4
0.308, -1.134e-4
0.307, -1.143e-4
0.306, -1.111e-4
0.305, -1.105e-4
0.304, -1.085e-4
0.303, -1.076e-4
0.302, -1.065e-4
0.301, -1.052e-4
0.300, -1.039e-4
0.299, -1.033e-4
0.298, -1.021e-4
0.297, -1.019e-4
0.296, -1.001e-4
0.295, -9.920e-5
0.294, -9.813e-5
0.293, -9.764e-5
0.292, -9.588e-5
0.291, -9.500e-5
0.290, -9.539e-5
0.289, -9.422e-5
0.288, -9.285e-5
0.287, -9.217e-5
0.286, -9.178e-5
0.285, -9.080e-5
0.284, -8.992e-5
0.283, -8.944e-5
0.282, -8.924e-5
0.281, -8.846e-5
0.280, -8.748e-5
0.279, -8.729e-5
0.278, -8.612e-5
0.277, -8.573e-5
0.276, -8.563e-5
0.275, -8.436e-5
0.274, -8.397e-5
0.273, -8.280e-5
0.272, -8.270e-5
0.271, -8.123e-5
0.270, -8.143e-5
0.269, -8.006e-5
0.268, -7.997e-5
0.267, -7.948e-5
0.266, -7.889e-5
0.265, -7.850e-5
0.264, -7.811e-5
0.263, -7.713e-5
0.262, -7.704e-5
0.261, -7.733e-5
0.260, -7.616e-5
0.259, -7.586e-5
0.258, -7.528e-5
0.257, -7.499e-5
0.256, -7.469e-5
0.255, -7.401e-5
0.254, -7.362e-5
0.253, -7.303e-5
0.252, -7.303e-5
0.251, -7.176e-5
0.250, -7.157e-5
0.249, -7.147e-5
0.248, -7.137e-5
0.247, -7.118e-5
0.246, -7.040e-5
0.245, -6.991e-5
0.244, -7.010e-5
0.243, -6.942e-5
0.242, -6.952e-5
0.241, -6.883e-5
0.240, -6.844e-5
0.239, -6.835e-5
0.238, -6.786e-5
0.237, -6.776e-5
0.236, -6.757e-5
0.235, -6.659e-5
0.234, -6.639e-5
0.233, -6.610e-5
0.232, -6.552e-5
0.231, -6.630e-5
0.230, -6.571e-5
0.229, -6.483e-5
0.228, -6.473e-5
0.227, -6.444e-5
0.226, -6.415e-5
0.225, -6.522e-5
0.224, -6.366e-5
0.223, -6.386e-5
0.222, -6.386e-5
0.221, -6.395e-5
0.220, -6.366e-5
0.219, -6.386e-5
0.218, -6.298e-5
0.217, -6.239e-5
0.216, -6.210e-5
0.215, -6.229e-5
0.214, -6.151e-5
0.213, -6.102e-5
0.212, -6.180e-5
0.211, -6.151e-5
0.210, -6.122e-5
0.209, -6.180e-5
0.208, -6.073e-5
0.207, -6.083e-5
0.206, -6.102e-5
0.205, -5.995e-5
0.204, -5.927e-5
0.203, -5.936e-5
0.202, -5.966e-5
0.201, -5.966e-5
0.200, -5.927e-5
0.199, -5.849e-5
0.198, -5.927e-5
0.197, -5.917e-5
0.196, -5.819e-5
0.195, -5.888e-5
0.194, -5.858e-5
0.193, -5.849e-5
0.192, -5.780e-5
0.191, -5.770e-5
0.190, -5.809e-5
0.189, -5.809e-5
0.188, -5.712e-5
0.187, -5.761e-5
0.186, -5.751e-5
0.185, -5.712e-5
0.184, -5.722e-5
0.183, -5.663e-5
0.182, -5.663e-5
0.181, -5.683e-5
0.180, -5.702e-5
0.179, -5.751e-5
0.178, -5.653e-5
0.177, -5.673e-5
0.176, -5.663e-5
0.175, -5.614e-5
0.174, -5.673e-5
0.173, -5.536e-5
0.172, -5.634e-5
0.171, -5.526e-5
0.170, -5.565e-5
0.169, -5.585e-5
0.168, -5.517e-5
0.167, -5.546e-5
0.166, -5.536e-5
0.165, -5.556e-5
0.164, -5.517e-5
0.163, -5.438e-5
0.162, -5.487e-5
0.161, -5.526e-5
0.160, -5.507e-5
0.159, -5.497e-5
0.158, -5.536e-5
0.157, -5.507e-5
0.156, -5.458e-5
0.155, -5.468e-5
0.154, -5.468e-5
0.153, -5.399e-5
0.152, -5.351e-5
0.151, -5.390e-5
0.150, -5.429e-5
0.149, -5.477e-5
0.148, -5.399e-5
0.147, -5.380e-5
0.146, -5.390e-5
0.145, -5.380e-5
0.144, -5.399e-5
0.143, -5.438e-5
0.142, -5.370e-5
0.141, -5.360e-5
0.140, -5.321e-5
0.139, -5.311e-5
0.138, -5.351e-5
0.137, -5.292e-5
0.136, -5.263e-5
0.135, -5.390e-5
0.134, -5.419e-5
0.133, -5.341e-5
0.132, -5.243e-5
0.131, -5.263e-5
0.130, -5.311e-5
0.129, -5.311e-5
0.128, -5.185e-5
0.127, -5.243e-5
0.126, -5.282e-5
0.125, -5.214e-5
0.124, -5.194e-5
0.123, -5.194e-5
0.122, -5.224e-5
0.121, -5.214e-5
0.120, -5.194e-5
0.119, -5.165e-5
0.118, -5.214e-5
0.117, -5.282e-5
0.116, -5.204e-5
0.115, -5.136e-5
0.114, -5.233e-5
0.113, -5.214e-5
0.112, -5.136e-5
0.111, -5.087e-5
0.110, -5.136e-5
0.109, -5.214e-5
0.108, -5.126e-5
0.107, -5.087e-5
0.106, -5.077e-5
0.105, -5.097e-5
0.104, -5.028e-5
0.103, -5.126e-5
0.102, -5.087e-5
0.101, -5.087e-5
0.100, -5.077e-5
0.099, -5.019e-5
0.098, -5.067e-5
0.097, -5.019e-5
0.096, -5.028e-5
0.095, -5.019e-5
0.094, -5.019e-5
0.093, -4.999e-5
0.092, -5.019e-5
0.091, -4.980e-5
0.090, -4.989e-5
0.089, -4.989e-5
0.088, -4.980e-5
0.087, -4.989e-5
0.086, -4.921e-5
0.085, -4.921e-5
0.084, -4.882e-5
0.083, -4.940e-5
0.082, -4.940e-5
0.081, -4.950e-5
0.080, -4.901e-5
0.079, -4.940e-5
0.078, -4.931e-5
0.077, -4.892e-5
0.076, -4.794e-5
0.075, -4.814e-5
0.074, -4.882e-5
0.073, -4.872e-5
0.072, -4.823e-5
0.071, -4.823e-5
0.070, -4.833e-5
0.069, -4.814e-5
0.068, -4.804e-5
0.067, -4.774e-5
0.066, -4.804e-5
0.065, -4.843e-5
0.064, -4.794e-5
0.063, -4.765e-5
0.062, -4.745e-5
0.061, -4.745e-5
0.060, -4.745e-5
0.059, -4.745e-5
0.058, -4.687e-5
0.057, -4.667e-5
0.056, -4.726e-5
0.055, -4.735e-5
0.054, -4.696e-5
0.053, -4.706e-5
0.052, -4.745e-5
0.051, -4.648e-5
0.050, -4.599e-5
0.049, -4.687e-5
0.048, -4.618e-5
0.047, -4.560e-5
0.046, -4.648e-5
0.045, -4.579e-5
0.044, -4.560e-5
0.043, -4.569e-5
0.042, -4.579e-5
0.041, -4.579e-5
0.040, -4.540e-5
0.039, -4.550e-5
0.038, -4.550e-5
0.037, -4.569e-5
0.036, -4.501e-5
0.035, -4.472e-5
0.034, -4.501e-5
0.033, -4.530e-5
0.032, -4.550e-5
0.031, -4.511e-5
0.030, -4.530e-5
0.029, -4.482e-5
0.028, -4.462e-5
0.027, -4.452e-5
0.026, -4.423e-5
0.025, -4.482e-5
0.024, -4.462e-5
0.023, -4.403e-5
0.022, -4.423e-5
0.021, -4.403e-5
0.020, -4.345e-5
0.019, -4.394e-5
0.018, -4.413e-5
0.017, -4.335e-5
0.016, -4.423e-5
0.015, -4.413e-5
0.014, -4.394e-5
0.013, -4.335e-5
0.012, -4.394e-5
0.011, -4.316e-5
0.010, -4.286e-5
0.009, -4.335e-5
0.008, -4.306e-5
0.007, -4.277e-5
0.006, -4.306e-5
0.005, -4.316e-5
0.004, -4.325e-5
0.003, -4.267e-5
0.002, -4.355e-5
0.001, -4.306e-5
0.000, -3.730e-5
0.001, -2.675e-5
0.002, -2.451e-5
0.003, -2.285e-5
0.004, -2.197e-5
0.005, -2.109e-5
0.006, -1.972e-5
0.007, -1.797e-5
0.008, -1.797e-5
0.009, -1.699e-5
0.010, -1.640e-5
0.011, -1.591e-5
0.012, -1.533e-5
0.013, -1.513e-5
0.014, -1.435e-5
0.015, -1.396e-5
0.016, -1.318e-5
0.017, -1.347e-5
0.018, -1.299e-5
0.019, -1.289e-5
0.020, -1.240e-5
0.021, -1.220e-5
0.022, -1.328e-5
0.023, -1.191e-5
0.024, -1.103e-5
0.025, -1.084e-5
0.026, -1.054e-5
0.027, -1.035e-5
0.028, -1.006e-5
0.029, -9.764e-6
0.030, -9.276e-6
0.031, -9.373e-6
0.032, -9.764e-6
0.033, -9.276e-6
0.034, -1.006e-5
0.035, -9.276e-6
0.036, -8.787e-6
0.037, -8.592e-6
0.038, -7.518e-6
0.039, -7.323e-6
0.040, -8.202e-6
0.041, -8.006e-6
0.042, -7.420e-6
0.043, -7.420e-6
0.044, -6.835e-6
0.045, -7.616e-6
0.046, -7.225e-6
0.047, -6.737e-6
0.048, -7.713e-6
0.049, -7.323e-6
0.050, -7.030e-6
0.051, -6.639e-6
0.052, -6.444e-6
0.053, -6.249e-6
0.054, -7.128e-6
0.055, -6.249e-6
0.056, -5.761e-6
0.057, -5.956e-6
0.058, -5.370e-6
0.059, -5.761e-6
0.060, -4.589e-6
0.061, -5.175e-6
0.062, -5.956e-6
0.063, -5.370e-6
0.064, -5.175e-6
0.065, -4.687e-6
0.066, -4.687e-6
0.067, -5.077e-6
0.068, -4.687e-6
0.069, -4.296e-6
0.070, -4.491e-6
0.071, -4.784e-6
0.072, -4.296e-6
0.073, -4.198e-6
0.074, -3.417e-6
0.075, -3.906e-6
0.076, -4.101e-6
0.077, -4.296e-6
0.078, -3.808e-6
0.079, -3.906e-6
0.080, -3.710e-6
0.081, -3.320e-6
0.082, -2.832e-6
0.083, -3.320e-6
0.084, -3.222e-6
0.085, -3.906e-6
0.086, -3.222e-6
0.087, -3.710e-6
0.088, -3.515e-6
0.089, -2.832e-6
0.090, -2.734e-6
0.091, -2.441e-6
0.092, -1.953e-6
0.093, -2.734e-6
0.094, -2.441e-6
0.095, -2.246e-6
0.096, -1.757e-6
0.097, -2.148e-6
0.098, -2.441e-6
0.099, -2.050e-6
0.100, -1.269e-6
0.101, -9.764e-7
0.102, -1.074e-6
0.103, -1.269e-6
0.104, -1.562e-6
0.105, -1.367e-6
0.106, -1.172e-6
0.107, -1.367e-6
0.108, -1.172e-6
0.109, -1.074e-6
0.110, -1.660e-6
0.111, -9.764e-7
0.112, -1.367e-6
0.113, -8.787e-7
0.114, 9.763e-8
0.115, -9.764e-8
0.116, 9.763e-8
0.117, -6.835e-7
0.118, -2.929e-7
0.119, -2.929e-7
0.120, 5.858e-7
0.121, -1.953e-7
0.122, 2.929e-7
0.123, 2.929e-7
0.124, 6.835e-7
0.125, 7.811e-7
0.126, -4.283e-12
0.127, 6.835e-7
0.128, 4.882e-7
0.129, 1.465e-6
0.130, 5.858e-7
0.131, 2.929e-7
0.132, 6.835e-7
0.133, 8.787e-7
0.134, 4.882e-7
0.135, 1.269e-6
0.136, 8.787e-7
0.137, 9.764e-7
0.138, 9.764e-7
0.139, 1.074e-6
0.140, 1.855e-6
0.141, 7.811e-7
0.142, 1.660e-6
0.143, 1.855e-6
0.144, 2.148e-6
0.145, 1.367e-6
0.146, 2.050e-6
0.147, 1.855e-6
0.148, 1.269e-6
0.149, 1.074e-6
0.150, 2.148e-6
0.151, 1.953e-6
0.152, 1.660e-6
0.153, 1.757e-6
0.154, 2.050e-6
0.155, 1.953e-6
0.156, 2.441e-6
0.157, 2.343e-6
0.158, 2.734e-6
0.159, 2.831e-6
0.160, 3.027e-6
0.161, 3.222e-6
0.162, 2.343e-6
0.163, 3.124e-6
0.164, 3.222e-6
0.165, 3.027e-6
0.166, 3.027e-6
0.167, 3.124e-6
0.168, 3.027e-6
0.169, 3.124e-6
0.170, 3.613e-6
0.171, 2.831e-6
0.172, 3.222e-6
0.173, 3.222e-6
0.174, 3.417e-6
0.175, 3.515e-6
0.176, 3.808e-6
0.177, 4.296e-6
0.178, 3.515e-6
0.179, 3.906e-6
0.180, 3.417e-6
0.181, 3.710e-6
0.182, 3.515e-6
0.183, 3.710e-6
0.184, 3.222e-6
0.185, 3.320e-6
0.186, 3.613e-6
0.187, 4.003e-6
0.188, 4.394e-6
0.189, 4.687e-6
0.190, 4.687e-6
0.191, 4.394e-6
0.192, 4.198e-6
0.193, 4.296e-6
0.194, 4.394e-6
0.195, 4.491e-6
0.196, 4.687e-6
0.197, 3.906e-6
0.198, 4.101e-6
0.199, 4.394e-6
0.200, 5.468e-6
0.201, 4.980e-6
0.202, 4.980e-6
0.203, 4.980e-6
0.204, 5.272e-6
0.205, 4.589e-6
0.206, 4.687e-6
0.207, 4.882e-6
0.208, 4.882e-6
0.209, 5.858e-6
0.210, 5.370e-6
0.211, 5.565e-6
0.212, 5.077e-6
0.213, 4.980e-6
0.214, 5.468e-6
0.215, 5.663e-6
0.216, 6.542e-6
0.217, 6.542e-6
0.218, 5.663e-6
0.219, 5.663e-6
0.220, 6.054e-6
0.221, 5.858e-6
0.222, 5.956e-6
0.223, 6.542e-6
0.224, 6.932e-6
0.225, 7.128e-6
0.226, 7.713e-6
0.227, 6.835e-6
0.228, 8.006e-6
0.229, 7.030e-6
0.230, 8.104e-6
0.231, 7.909e-6
0.232, 6.835e-6
0.233, 6.932e-6
0.234, 8.202e-6
0.235, 8.006e-6
0.236, 7.909e-6
0.237, 8.494e-6
0.238, 8.885e-6
0.239, 8.592e-6
0.240, 8.494e-6
0.241, 9.276e-6
0.242, 9.569e-6
0.243, 8.983e-6
0.244, 8.299e-6
0.245, 9.276e-6
0.246, 8.690e-6
0.247, 9.373e-6
0.248, 1.054e-5
0.249, 9.471e-6
0.250, 1.084e-5
0.251, 1.094e-5
0.252, 1.074e-5
0.253, 1.084e-5
0.254, 1.113e-5
0.255, 1.103e-5
0.256, 1.094e-5
0.257, 1.113e-5
0.258, 1.172e-5
0.259, 1.113e-5
0.260, 1.172e-5
0.261, 1.162e-5
0.262, 1.103e-5
0.263, 1.191e-5
0.264, 1.220e-5
0.265, 1.289e-5
0.266, 1.289e-5
0.267, 1.289e-5
0.268, 1.328e-5
0.269, 1.269e-5
0.270, 1.328e-5
0.271, 1.435e-5
0.272, 1.435e-5
0.273, 1.445e-5
0.274, 1.465e-5
0.275, 1.474e-5
0.276, 1.445e-5
0.277, 1.484e-5
0.278, 1.572e-5
0.279, 1.523e-5
0.280, 1.552e-5
0.281, 1.689e-5
0.282, 1.591e-5
0.283, 1.640e-5
0.284, 1.631e-5
0.285, 1.699e-5
0.286, 1.660e-5
0.287, 1.718e-5
0.288, 1.728e-5
0.289, 1.806e-5
0.290, 1.797e-5
0.291, 1.797e-5
0.292, 1.757e-5
0.293, 1.845e-5
0.294, 1.914e-5
0.295, 1.914e-5
0.296, 1.865e-5
0.297, 1.904e-5
0.298, 1.982e-5
0.299, 2.002e-5
0.300, 2.002e-5
0.301, 1.963e-5
0.302, 2.060e-5
0.303, 2.050e-5
0.304, 2.050e-5
0.305, 2.109e-5
0.306, 2.138e-5
0.307, 2.236e-5
0.308, 2.265e-5
0.309, 2.226e-5
0.310, 2.265e-5
0.311, 2.265e-5
0.312, 2.285e-5
0.313, 2.304e-5
0.314, 2.373e-5
0.315, 2.314e-5
0.316, 2.412e-5
0.317, 2.460e-5
0.318, 2.529e-5
0.319, 2.490e-5
0.320, 2.480e-5
0.321, 2.617e-5
0.322, 2.568e-5
0.323, 2.587e-5
0.324, 2.636e-5
0.325, 2.695e-5
0.326, 2.607e-5
0.327, 2.695e-5
0.328, 2.753e-5
0.329, 2.773e-5
0.330, 2.822e-5
0.331, 2.900e-5
0.332, 2.910e-5
0.333, 2.880e-5
0.334, 2.900e-5
0.335, 2.890e-5
0.336, 2.919e-5
0.337, 3.007e-5
0.338, 3.027e-5
0.339, 3.027e-5
0.340, 3.076e-5
0.341, 3.163e-5
0.342, 3.144e-5
0.343, 3.193e-5
0.344, 3.212e-5
0.345, 3.222e-5
0.346, 3.144e-5
0.347, 3.193e-5
0.348, 3.339e-5
0.349, 3.329e-5
0.350, 3.329e-5
0.351, 3.398e-5
0.352, 3.437e-5
0.353, 3.408e-5
0.354, 3.466e-5
0.355, 3.534e-5
0.356, 3.525e-5
0.357, 3.544e-5
0.358, 3.603e-5
0.359, 3.632e-5
0.360, 3.681e-5
0.361, 3.730e-5
0.362, 3.710e-5
0.363, 3.837e-5
0.364, 3.847e-5
0.365, 3.837e-5
0.366, 3.808e-5
0.367, 3.954e-5
0.368, 3.954e-5
0.369, 4.013e-5
0.370, 4.042e-5
0.371, 4.091e-5
0.372, 4.198e-5
0.373, 4.208e-5
0.374, 4.169e-5
0.375, 4.267e-5
0.376, 4.374e-5
0.377, 4.394e-5
0.378, 4.355e-5
0.379, 4.433e-5
0.380, 4.501e-5
0.381, 4.560e-5
0.382, 4.696e-5
0.383, 4.677e-5
0.384, 4.696e-5
0.385, 4.755e-5
0.386, 4.843e-5
0.387, 4.872e-5
0.388, 5.009e-5
0.389, 5.087e-5
0.390, 5.175e-5
0.391, 5.292e-5
0.392, 5.351e-5
0.393, 5.380e-5
0.394, 5.517e-5
0.395, 5.517e-5
0.396, 5.673e-5
0.397, 5.683e-5
0.398, 5.858e-5
0.399, 6.054e-5
0.400, 6.102e-5
0.401, 6.317e-5
0.402, 6.464e-5
0.403, 6.620e-5
0.404, 6.747e-5
0.405, 6.981e-5
0.406, 7.235e-5
0.407, 7.626e-5
0.408, 7.782e-5
0.409, 8.036e-5
0.410, 7.801e-5
0.411, 8.807e-5
0.412, 9.451e-5
0.413, 1.008e-4
0.414, 1.083e-4
0.415, 1.183e-4
0.416, 1.291e-4
0.417, 1.416e-4
0.418, 1.575e-4
0.419, 1.754e-4
0.420, 1.966e-4
0.421, 2.214e-4
0.422, 2.515e-4
0.423, 2.854e-4
0.424, 3.251e-4
0.425, 3.729e-4
0.426, 4.272e-4
0.427, 4.925e-4
0.428, 5.661e-4
0.429, 6.528e-4
0.430, 7.535e-4
0.431, 8.646e-4
0.432, 9.812e-4
0.433, 1.102e-3
0.434, 1.223e-3
0.435, 1.347e-3
0.436, 1.475e-3
0.437, 1.602e-3
0.438, 1.724e-3
0.439, 1.845e-3
0.440, 1.961e-3
0.441, 2.074e-3
0.442, 2.178e-3
0.443, 2.268e-3
0.444, 2.356e-3
0.445, 2.429e-3
0.446, 2.481e-3
0.447, 2.521e-3
0.448, 2.544e-3
0.449, 2.549e-3
0.450, 2.530e-3
0.451, 2.498e-3
0.452, 2.451e-3
0.453, 2.377e-3
0.454, 2.293e-3
0.455, 2.198e-3
0.456, 2.090e-3
0.457, 1.976e-3
0.458, 1.856e-3
0.459, 1.735e-3
0.460, 1.620e-3
0.461, 1.507e-3
0.462, 1.404e-3
0.463, 1.303e-3
0.464, 1.214e-3
0.465, 1.133e-3
0.466, 1.058e-3
0.467, 9.929e-4
0.468, 9.329e-4
0.469, 8.807e-4
0.470, 8.330e-4
0.471, 7.896e-4
0.472, 7.518e-4
0.473, 7.170e-4
0.474, 6.851e-4
0.475, 6.575e-4
0.476, 6.326e-4
0.477, 6.089e-4
0.478, 5.878e-4
0.479, 5.667e-4
0.480, 5.481e-4
0.481, 5.318e-4
0.482, 5.166e-4
0.483, 5.027e-4
0.484, 4.894e-4
0.485, 4.757e-4
0.486, 4.654e-4
0.487, 4.540e-4
0.488, 4.434e-4
0.489, 4.330e-4
0.490, 4.226e-4
0.491, 4.147e-4
0.492, 4.071e-4
0.493, 3.992e-4
0.494, 3.924e-4
0.495, 3.842e-4
0.496, 3.778e-4
0.497, 3.721e-4
0.498, 3.644e-4
0.499, 3.577e-4
0.500, 3.530e-4
0.501, 3.479e-4
0.502, 3.424e-4
0.503, 3.368e-4
0.504, 3.329e-4
0.505, 3.276e-4
0.506, 3.236e-4
0.507, 3.192e-4
0.508, 3.156e-4
0.509, 3.103e-4
0.510, 3.059e-4
0.511, 3.026e-4
0.512, 3.037e-4
0.513, 2.997e-4
0.514, 2.932e-4
0.515, 2.905e-4
0.516, 2.862e-4
0.517, 2.825e-4
0.518, 2.801e-4
0.519, 2.768e-4
0.520, 2.731e-4
0.521, 2.710e-4
0.522, 2.678e-4
0.523, 2.655e-4
0.524, 2.624e-4
0.525, 2.579e-4
0.526, 2.566e-4
0.527, 2.541e-4
0.528, 2.513e-4
0.529, 2.496e-4
0.530, 2.462e-4
0.531, 2.444e-4
0.532, 2.422e-4
0.533, 2.389e-4
0.534, 2.377e-4
0.535, 2.358e-4
0.536, 2.332e-4
0.537, 2.323e-4
0.538, 2.312e-4
0.539, 2.285e-4
0.540, 2.267e-4
0.541, 2.243e-4
0.542, 2.234e-4
0.543, 2.210e-4
0.544, 2.191e-4
0.545, 2.181e-4
0.546, 2.162e-4
0.547, 2.147e-4
0.548, 2.135e-4
0.549, 2.113e-4
0.550, 2.114e-4
0.551, 2.090e-4
0.552, 2.083e-4
0.553, 2.080e-4
0.554, 2.054e-4
0.555, 2.048e-4
0.556, 2.050e-4
0.557, 2.036e-4
0.558, 2.033e-4
0.559, 2.026e-4
0.560, 2.007e-4
0.561, 2.008e-4
0.562, 1.996e-4
0.563, 2.006e-4
0.564, 2.006e-4
0.565, 1.993e-4
0.566, 1.994e-4
0.567, 1.991e-4
0.568, 1.991e-4
0.569, 1.995e-4
0.570, 1.989e-4
0.571, 1.995e-4
0.572, 2.006e-4
0.573, 2.003e-4
0.574, 2.007e-4
0.575, 2.014e-4
0.576, 2.019e-4
0.577, 2.039e-4
0.578, 2.042e-4
0.579, 2.048e-4
0.580, 2.082e-4
0.581, 2.091e-4
0.582, 2.107e-4
0.583, 2.125e-4
0.584, 2.148e-4
0.585, 2.168e-4
0.586, 2.193e-4
0.587, 2.215e-4
0.588, 2.244e-4
0.589, 2.279e-4
0.590, 2.302e-4
0.591, 2.338e-4
0.592, 2.377e-4
0.593, 2.418e-4
0.594, 2.455e-4
0.595, 2.505e-4
0.596, 2.547e-4
0.597, 2.596e-4
0.598, 2.655e-4
0.599, 2.714e-4
0.600, 2.767e-4
0.601, 2.831e-4
0.602, 2.889e-4
0.603, 2.967e-4
0.604, 3.042e-4
0.605, 3.111e-4
0.606, 3.194e-4
0.607, 3.293e-4
0.608, 3.374e-4
0.609, 3.472e-4
0.610, 3.576e-4
0.611, 3.686e-4
0.612, 3.801e-4
0.613, 3.919e-4
0.614, 4.035e-4
0.615, 4.153e-4
0.616, 4.304e-4
0.617, 4.464e-4
0.618, 4.616e-4
0.619, 4.774e-4
0.620, 4.957e-4
0.621, 5.129e-4
0.622, 5.317e-4
0.623, 5.511e-4
0.624, 5.725e-4
0.625, 5.953e-4
0.626, 6.181e-4
0.627, 6.401e-4
0.628, 6.648e-4
0.629, 6.893e-4
0.630, 7.164e-4
0.631, 7.434e-4
0.632, 7.715e-4
0.633, 8.020e-4
0.634, 8.334e-4
0.635, 8.677e-4
0.636, 9.003e-4
0.637, 9.346e-4
0.638, 9.711e-4
0.639, 1.010e-3
0.640, 1.049e-3
0.641, 1.092e-3
0.642, 1.134e-3
0.643, 1.177e-3
0.644, 1.223e-3
0.645, 1.267e-3
0.646, 1.315e-3
0.647, 1.369e-3
0.648, 1.419e-3
0.649, 1.472e-3
0.650, 1.528e-3
0.651, 1.587e-3
0.652, 1.645e-3
0.653, 1.703e-3
0.654, 1.764e-3
0.655, 1.831e-3
0.656, 1.898e-3
0.657, 1.965e-3
0.658, 2.035e-3
0.659, 2.107e-3
0.660, 2.178e-3
0.661, 2.252e-3
0.662, 2.330e-3
0.663, 2.417e-3
0.664, 2.491e-3
0.665, 2.577e-3
0.666, 2.663e-3
0.667, 2.748e-3
0.668, 2.839e-3
0.669, 2.931e-3
0.670, 3.025e-3
0.671, 3.119e-3
0.672, 3.215e-3
0.673, 3.316e-3
0.674, 3.417e-3
0.675, 3.520e-3
0.676, 3.627e-3
0.677, 3.731e-3
0.678, 3.841e-3
0.679, 3.953e-3
0.680, 4.066e-3
0.681, 4.180e-3
0.682, 4.297e-3
0.683, 4.415e-3
0.684, 4.536e-3
0.685, 4.656e-3
0.686, 4.779e-3
0.687, 4.905e-3
0.688, 5.033e-3
0.689, 5.162e-3
0.690, 5.291e-3
0.691, 5.424e-3
0.692, 5.559e-3
0.693, 5.693e-3
0.694, 5.831e-3
0.695, 5.968e-3
0.696, 6.107e-3
0.697, 6.250e-3
0.698, 6.396e-3
0.699, 6.545e-3
0.700, 6.693e-3
0.701, 6.843e-3
0.702, 6.994e-3
0.703, 7.146e-3
0.704, 7.300e-3
0.705, 7.458e-3
0.706, 7.617e-3
0.707, 7.781e-3
0.708, 7.944e-3
0.709, 8.105e-3
0.710, 8.272e-3
0.711, 8.438e-3
0.712, 8.600e-3
0.713, 8.769e-3
0.714, 8.944e-3
0.715, 9.119e-3
0.716, 9.290e-3
0.717, 9.472e-3
0.718, 9.649e-3
0.719, 9.825e-3
0.720, 1.000e-2
0.721, 1.018e-2
0.722, 1.036e-2
0.723, 1.055e-2
0.724, 1.073e-2
0.725, 1.092e-2
0.726, 1.111e-2
0.727, 1.131e-2
0.728, 1.150e-2
0.729, 1.169e-2
0.730, 1.187e-2
0.731, 1.207e-2
0.732, 1.227e-2
0.733, 1.247e-2
0.734, 1.267e-2
0.735, 1.287e-2
0.736, 1.307e-2
0.737, 1.327e-2
0.738, 1.347e-2
0.739, 1.367e-2
0.740, 1.387e-2
0.741, 1.408e-2
0.742, 1.430e-2
0.743, 1.450e-2
0.744, 1.472e-2
0.745, 1.493e-2
0.746, 1.514e-2
0.747, 1.535e-2
0.748, 1.556e-2
0.749, 1.579e-2
0.750, 1.601e-2
0.751, 1.623e-2
0.752, 1.645e-2
0.753, 1.668e-2
0.754, 1.690e-2
0.755, 1.713e-2
0.756, 1.734e-2
0.757, 1.755e-2
0.758, 1.778e-2
0.759, 1.801e-2
0.760, 1.823e-2
0.761, 1.846e-2
0.762, 1.869e-2
0.763, 1.892e-2
0.764, 1.915e-2
0.765, 1.939e-2
0.766, 1.964e-2
0.767, 1.987e-2
0.768, 2.010e-2
0.769, 2.033e-2
0.770, 2.056e-2
0.771, 2.080e-2
0.772, 2.103e-2
0.773, 2.127e-2
0.774, 2.152e-2
0.775, 2.176e-2
0.776, 2.200e-2
0.777, 2.225e-2
0.778, 2.249e-2
0.779, 2.273e-2
0.780, 2.297e-2
0.781, 2.320e-2
0.782, 2.344e-2
0.783, 2.369e-2
0.784, 2.393e-2
0.785, 2.417e-2
0.786, 2.443e-2
0.787, 2.469e-2
0.788, 2.495e-2
0.789, 2.519e-2
0.790, 2.544e-2
0.791, 2.567e-2
0.792, 2.593e-2
0.793, 2.617e-2
0.794, 2.643e-2
0.795, 2.668e-2
0.796, 2.694e-2
0.797, 2.720e-2
0.798, 2.744e-2
0.799, 2.769e-2
0.800, 2.787e-2
0.799, 2.767e-2
0.798, 2.740e-2
0.797, 2.713e-2
0.796, 2.684e-2
0.795, 2.657e-2
0.794, 2.630e-2
0.793, 2.602e-2
0.792, 2.577e-2
0.791, 2.551e-2
0.790, 2.526e-2
0.789, 2.498e-2
0.788, 2.471e-2
0.787, 2.444e-2
0.786, 2.418e-2
0.785, 2.392e-2
0.784, 2.367e-2
0.783, 2.339e-2
0.782, 2.314e-2
0.781, 2.289e-2
0.780, 2.264e-2
0.779, 2.238e-2
0.778, 2.211e-2
0.777, 2.185e-2
0.776, 2.161e-2
0.775, 2.136e-2
0.774, 2.112e-2
0.773, 2.088e-2
0.772, 2.064e-2
0.771, 2.040e-2
0.770, 2.017e-2
0.769, 1.993e-2
0.768, 1.970e-2
0.767, 1.946e-2
0.766, 1.922e-2
0.765, 1.898e-2
0.764, 1.872e-2
0.763, 1.848e-2
0.762, 1.824e-2
0.761, 1.800e-2
0.760, 1.777e-2
0.759, 1.754e-2
0.758, 1.731e-2
0.757, 1.708e-2
0.756, 1.685e-2
0.755, 1.664e-2
0.754, 1.641e-2
0.753, 1.620e-2
0.752, 1.598e-2
0.751, 1.577e-2
0.750, 1.554e-2
0.749, 1.533e-2
0.748, 1.511e-2
0.747, 1.490e-2
0.746, 1.468e-2
0.745, 1.446e-2
0.744, 1.427e-2
0.743, 1.406e-2
0.742, 1.385e-2
0.741, 1.364e-2
0.740, 1.343e-2
0.739, 1.323e-2
0.738, 1.302e-2
0.737, 1.281e-2
0.736, 1.261e-2
0.735, 1.241e-2
0.734, 1.222e-2
0.733, 1.202e-2
0.732, 1.183e-2
0.731, 1.164e-2
0.730, 1.145e-2
0.729, 1.126e-2
0.728, 1.106e-2
0.727, 1.087e-2
0.726, 1.068e-2
0.725, 1.050e-2
0.724, 1.031e-2
0.723, 1.012e-2
0.722, 9.948e-3
0.721, 9.770e-3
0.720, 9.593e-3
0.719, 9.420e-3
0.718, 9.242e-3
0.717, 9.060e-3
0.716, 8.887e-3
0.715, 8.719e-3
0.714, 8.550e-3
0.713, 8.387e-3
0.712, 8.227e-3
0.711, 8.061e-3
0.710, 7.894e-3
0.709, 7.731e-3
0.708, 7.569e-3
0.707, 7.405e-3
0.706, 7.248e-3
0.705, 7.095e-3
0.704, 6.948e-3
0.703, 6.799e-3
0.702, 6.647e-3
0.701, 6.505e-3
0.700, 6.359e-3
0.699, 6.210e-3
0.698, 6.069e-3
0.697, 5.929e-3
0.696, 5.793e-3
0.695, 5.652e-3
0.694, 5.518e-3
0.693, 5.382e-3
0.692, 5.247e-3
0.691, 5.117e-3
0.690, 4.989e-3
0.689, 4.860e-3
0.688, 4.732e-3
0.687, 4.613e-3
0.686, 4.493e-3
0.685, 4.374e-3
0.684, 4.254e-3
0.683, 4.137e-3
0.682, 4.022e-3
0.681, 3.907e-3
0.680, 3.794e-3
0.679, 3.687e-3
0.678, 3.582e-3
0.677, 3.474e-3
0.676, 3.371e-3
0.675, 3.266e-3
0.674, 3.168e-3
0.673, 3.072e-3
0.672, 2.974e-3
0.671, 2.881e-3
0.670, 2.788e-3
0.669, 2.694e-3
0.668, 2.607e-3
0.667, 2.518e-3
0.666, 2.436e-3
0.665, 2.353e-3
0.664, 2.270e-3
0.663, 2.194e-3
0.662, 2.117e-3
0.661, 2.041e-3
0.660, 1.967e-3
0.659, 1.896e-3
0.658, 1.825e-3
0.657, 1.755e-3
0.656, 1.690e-3
0.655, 1.627e-3
0.654, 1.563e-3
0.653, 1.500e-3
0.652, 1.441e-3
0.651, 1.384e-3
0.650, 1.326e-3
0.649, 1.271e-3
0.648, 1.219e-3
0.647, 1.168e-3
0.646, 1.119e-3
0.645, 1.068e-3
0.644, 1.021e-3
0.643, 9.750e-4
0.642, 9.316e-4
0.641, 8.903e-4
0.640, 8.471e-4
0.639, 8.058e-4
0.638, 7.678e-4
0.637, 7.317e-4
0.636, 6.962e-4
0.635, 6.616e-4
0.634, 6.286e-4
0.633, 5.955e-4
0.632, 5.647e-4
0.631, 5.344e-4
0.630, 5.056e-4
0.629, 4.773e-4
0.628, 4.501e-4
0.627, 4.260e-4
0.626, 4.015e-4
0.625, 3.782e-4
0.624, 3.566e-4
0.623, 3.345e-4
0.622, 3.144e-4
0.621, 2.953e-4
0.620, 2.760e-4
0.619, 2.591e-4
0.618, 2.417e-4
0.617, 2.254e-4
0.616, 2.088e-4
0.615, 1.939e-4
0.614, 1.811e-4
0.613, 1.662e-4
0.612, 1.523e-4
0.611, 1.393e-4
0.610, 1.266e-4
0.609, 1.148e-4
0.608, 1.038e-4
0.607, 9.393e-5
0.606, 8.260e-5
0.605, 7.294e-5
0.604, 6.259e-5
0.603, 5.458e-5
0.602, 4.687e-5
0.601, 3.866e-5
0.600, 3.017e-5
0.599, 2.246e-5
0.598, 1.572e-5
0.597, 8.104e-6
0.596, 3.027e-6
0.595, -4.003e-6
0.594, -9.276e-6
0.593, -1.543e-5
0.592, -2.002e-5
0.591, -2.519e-5
0.590, -3.046e-5
0.589, -3.544e-5
0.588, -3.964e-5
0.587, -4.306e-5
0.586, -4.726e-5
0.585, -5.146e-5
0.584, -5.487e-5
0.583, -5.849e-5
0.582, -6.151e-5
0.581, -6.532e-5
0.580, -6.913e-5
0.579, -7.079e-5
0.578, -7.391e-5
0.577, -7.635e-5
0.576, -7.831e-5
0.575, -8.153e-5
0.574, -8.426e-5
0.573, -8.612e-5
0.572, -8.953e-5
0.571, -9.139e-5
0.570, -9.422e-5
0.569, -9.598e-5
0.568, -9.695e-5
0.567, -9.959e-5
0.566, -1.016e-4
0.565, -1.039e-4
0.564, -1.052e-4
0.563, -1.070e-4
0.562, -1.090e-4
0.561, -1.111e-4
0.560, -1.121e-4
0.559, -1.150e-4
0.558, -1.159e-4
0.557, -1.183e-4
0.556, -1.187e-4
0.555, -1.200e-4
0.554, -1.219e-4
0.553, -1.232e-4
0.552, -1.246e-4
0.551, -1.265e-4
0.550, -1.272e-4
0.549, -1.301e-4
0.548, -1.312e-4
0.547, -1.311e-4
0.546, -1.345e-4
0.545, -1.354e-4
0.544, -1.351e-4
0.543, -1.382e-4
0.542, -1.391e-4
0.541, -1.404e-4
0.540, -1.413e-4
0.539, -1.441e-4
0.538, -1.440e-4
0.537, -1.456e-4
0.536, -1.466e-4
0.535, -1.483e-4
0.534, -1.489e-4
0.533, -1.509e-4
0.532, -1.518e-4
0.531, -1.528e-4
0.530, -1.544e-4
0.529, -1.567e-4
0.528, -1.565e-4
0.527, -1.587e-4
0.526, -1.593e-4
0.525, -1.606e-4
0.524, -1.628e-4
0.523, -1.629e-4
0.522, -1.649e-4
0.521, -1.653e-4
0.520, -1.666e-4
0.519, -1.690e-4
0.518, -1.691e-4
0.517, -1.712e-4
0.516, -1.721e-4
0.515, -1.738e-4
0.514, -1.746e-4
0.513, -1.754e-4
0.512, -1.825e-4
0.511, -1.810e-4
0.510, -1.805e-4
0.509, -1.808e-4
0.508, -1.817e-4
0.507, -1.839e-4
0.506, -1.861e-4
0.505, -1.876e-4
0.504, -1.876e-4
0.503, -1.889e-4
0.502, -1.906e-4
0.501, -1.923e-4
0.500, -1.930e-4
0.499, -1.934e-4
0.498, -1.951e-4
0.497, -1.963e-4
0.496, -1.970e-4
0.495, -2.000e-4
0.494, -2.011e-4
0.493, -2.022e-4
0.492, -2.039e-4
0.491, -2.052e-4
0.490, -2.064e-4
0.489, -2.086e-4
0.488, -2.096e-4
0.487, -2.127e-4
0.486, -2.131e-4
0.485, -2.138e-4
0.484, -2.157e-4
0.483, -2.190e-4
0.482, -2.201e-4
0.481, -2.220e-4
0.480, -2.226e-4
0.479, -2.256e-4
0.478, -2.267e-4
0.477, -2.292e-4
0.476, -2.313e-4
0.475, -2.331e-4
0.474, -2.352e-4
0.473, -2.375e-4
0.472, -2.405e-4
0.471, -2.429e-4
0.470, -2.459e-4
0.469, -2.496e-4
0.468, -2.511e-4
0.467, -2.540e-4
0.466, -2.577e-4
0.465, -2.608e-4
0.464, -2.633e-4
0.463, -2.678e-4
0.462, -2.708e-4
0.461, -2.748e-4
0.460, -2.785e-4
0.459, -2.826e-4
0.458, -2.851e-4
0.457, -2.894e-4
0.456, -2.938e-4
0.455, -2.990e-4
0.454, -3.035e-4
0.453, -3.085e-4
0.452, -3.132e-4
0.451, -3.184e-4
0.450, -3.240e-4
0.449, -3.293e-4
0.448, -3.327e-4
0.447, -3.394e-4
0.446, -3.450e-4
0.445, -3.530e-4
0.444, -3.600e-4
0.443, -3.655e-4
0.442, -3.729e-4
0.441, -3.817e-4
0.440, -3.871e-4
0.439, -3.974e-4
0.438, -4.029e-4
0.437, -4.106e-4
0.436, -4.176e-4
0.435, -4.278e-4
0.434, -4.361e-4
0.433, -4.437e-4
0.432, -4.517e-4
0.431, -4.614e-4
0.430, -4.710e-4
0.429, -4.811e-4
0.428, -4.920e-4
0.427, -5.026e-4
0.426, -5.151e-4
0.425, -5.253e-4
0.424, -5.369e-4
0.423, -5.498e-4
0.422, -5.587e-4
0.421, -5.741e-4
0.420, -5.909e-4
0.419, -6.034e-4
0.418, -6.198e-4
0.417, -6.368e-4
0.416, -6.529e-4
0.415, -6.710e-4
0.414, -6.859e-4
0.413, -7.036e-4
0.412, -7.210e-4
0.411, -7.402e-4
0.410, -7.495e-4
0.409, -7.464e-4
0.408, -7.803e-4
0.407, -8.115e-4
0.406, -8.377e-4
0.405, -8.669e-4
0.404, -8.946e-4
0.403, -9.243e-4
0.402, -9.530e-4
0.401, -9.821e-4
0.400, -1.013e-3
0.399, -1.047e-3
0.398, -1.081e-3
0.397, -1.116e-3
0.396, -1.151e-3
0.395, -1.186e-3
0.394, -1.224e-3
0.393, -1.263e-3
0.392, -1.302e-3
0.391, -1.344e-3
0.390, -1.385e-3
0.389, -1.427e-3
0.388, -1.466e-3
0.387, -1.504e-3
0.386, -1.542e-3
0.385, -1.580e-3
0.384, -1.617e-3
0.383, -1.651e-3
0.382, -1.677e-3
0.381, -1.700e-3
0.380, -1.718e-3
0.379, -1.728e-3
0.378, -1.733e-3
0.377, -1.732e-3
0.376, -1.726e-3
0.375, -1.713e-3
0.374, -1.690e-3
0.373, -1.662e-3
0.372, -1.626e-3
0.371, -1.580e-3
0.370, -1.529e-3
0.369, -1.472e-3
0.368, -1.410e-3
0.367, -1.339e-3
0.366, -1.264e-3
0.365, -1.188e-3
0.364, -1.108e-3
0.363, -1.026e-3
0.362, -9.486e-4
0.361, -8.701e-4
0.360, -7.945e-4
0.359, -7.260e-4
0.358, -6.657e-4
0.357, -6.078e-4
0.356, -5.538e-4
0.355, -5.075e-4
0.354, -4.673e-4
0.353, -4.322e-4
0.352, -4.004e-4
0.351, -3.728e-4
0.350, -3.483e-4
0.349, -3.259e-4
0.348, -3.075e-4
0.347, -2.906e-4
0.346, -2.751e-4
0.345, -2.621e-4
0.344, -2.511e-4
0.343, -2.414e-4
0.342, -2.311e-4
0.341, -2.229e-4
0.340, -2.160e-4
0.339, -2.089e-4
0.338, -2.018e-4
0.337, -1.966e-4
0.336, -1.900e-4
0.335, -1.851e-4
0.334, -1.807e-4
0.333, -1.758e-4
0.332, -1.718e-4
0.331, -1.688e-4
0.330, -1.653e-4
0.329, -1.613e-4
0.328, -1.586e-4
0.327, -1.557e-4
0.326, -1.526e-4
0.325, -1.490e-4
0.324, -1.467e-4
0.323, -1.441e-4
0.322, -1.417e-4
0.321, -1.401e-4
0.320, -1.371e-4
0.319, -1.354e-4
0.318, -1.337e-4
0.317, -1.312e-4
0.316, -1.292e-4
0.315, -1.270e-4
0.314, -1.261e-4
0.313, -1.249e-4
0.312, -1.229e-4
0.311, -1.205e-4
0.310, -1.199e-4
0.309, -1.179e-4
0.308, -1.166e-4
0.307, -1.170e-4
0.306, -1.136e-4
0.305, -1.133e-4
0.304, -1.108e-4
0.303, -1.103e-4
0.302, -1.098e-4
0.301, -1.078e-4
0.300, -1.066e-4
0.299, -1.054e-4
0.298, -1.042e-4
0.297, -1.036e-4
0.296, -1.019e-4
0.295, -1.008e-4
0.294, -9.969e-5
0.293, -9.930e-5
0.292, -9.861e-5
0.291, -9.725e-5
0.290, -9.608e-5
0.289, -9.578e-5
0.288, -9.529e-5
0.287, -9.403e-5
0.286, -9.383e-5
0.285, -9.285e-5
0.284, -9.139e-5
0.283, -9.100e-5
0.282, -9.071e-5
0.281, -8.905e-5
0.280, -8.856e-5
0.279, -8.778e-5
0.278, -8.680e-5
0.277, -8.631e-5
0.276, -8.612e-5
0.275, -8.563e-5
0.274, -8.504e-5
0.273, -8.348e-5
0.272, -8.299e-5
0.271, -8.250e-5
0.270, -8.211e-5
0.269, -8.094e-5
0.268, -8.123e-5
0.267, -8.094e-5
0.266, -8.084e-5
0.265, -7.957e-5
0.264, -7.831e-5
0.263, -7.879e-5
0.262, -7.821e-5
0.261, -7.684e-5
0.260, -7.713e-5
0.259, -7.596e-5
0.258, -7.577e-5
0.257, -7.518e-5
0.256, -7.518e-5
0.255, -7.479e-5
0.254, -7.450e-5
0.253, -7.313e-5
0.252, -7.313e-5
0.251, -7.274e-5
0.250, -7.303e-5
0.249, -7.215e-5
0.248, -7.157e-5
0.247, -7.137e-5
0.246, -7.147e-5
0.245, -7.069e-5
0.244, -7.040e-5
0.243, -7.030e-5
0.242, -6.962e-5
0.241, -6.962e-5
0.240, -6.903e-5
0.239, -6.893e-5
0.238, -6.835e-5
0.237, -6.815e-5
0.236, -6.737e-5
0.235, -6.727e-5
0.234, -6.747e-5
0.233, -6.659e-5
0.232, -6.649e-5
0.231, -6.678e-5
0.230, -6.561e-5
0.229, -6.561e-5
0.228, -6.542e-5
0.227, -6.532e-5
0.226, -6.512e-5
0.225, -6.415e-5
0.224, -6.425e-5
0.223, -6.434e-5
0.222, -6.366e-5
0.221, -6.376e-5
0.220, -6.327e-5
0.219, -6.298e-5
0.218, -6.288e-5
0.217, -6.298e-5
0.216, -6.259e-5
0.215, -6.259e-5
0.214, -6.239e-5
0.213, -6.210e-5
0.212, -6.180e-5
0.211, -6.132e-5
0.210, -6.122e-5
0.209, -6.141e-5
0.208, -6.132e-5
0.207, -6.083e-5
0.206, -6.083e-5
0.205, -5.966e-5
0.204, -5.946e-5
0.203, -5.966e-5
0.202, -6.014e-5
0.201, -5.975e-5
0.200, -5.956e-5
0.199, -5.927e-5
0.198, -5.897e-5
0.197, -5.946e-5
0.196, -5.927e-5
0.195, -5.907e-5
0.194, -5.936e-5
0.193, -5.888e-5
0.192, -5.829e-5
0.191, -5.858e-5
0.190, -5.809e-5
0.189, -5.790e-5
0.188, -5.849e-5
0.187, -5.800e-5
0.186, -5.839e-5
0.185, -5.722e-5
0.184, -5.683e-5
0.183, -5.731e-5
0.182, -5.663e-5
0.181, -5.683e-5
0.180, -5.683e-5
0.179, -5.722e-5
0.178, -5.624e-5
0.177, -5.614e-5
0.176, -5.692e-5
0.175, -5.643e-5
0.174, -5.634e-5
0.173, -5.604e-5
0.172, -5.526e-5
0.171, -5.585e-5
0.170, -5.575e-5
0.169, -5.468e-5
0.168, -5.526e-5
0.167, -5.565e-5
0.166, -5.526e-5
0.165, -5.575e-5
0.164, -5.565e-5
0.163, -5.497e-5
0.162, -5.468e-5
0.161, -5.390e-5
0.160, -5.448e-5
0.159, -5.438e-5
0.158, -5.507e-5
0.157, -5.497e-5
0.156, -5.448e-5
0.155, -5.487e-5
0.154, -5.468e-5
0.153, -5.399e-5
0.152, -5.399e-5
0.151, -5.370e-5
0.150, -5.419e-5
0.149, -5.351e-5
0.148, -5.360e-5
0.147, -5.331e-5
0.146, -5.448e-5
0.145, -5.331e-5
0.144, -5.263e-5
0.143, -5.370e-5
0.142, -5.360e-5
0.141, -5.351e-5
0.140, -5.311e-5
0.139, -5.282e-5
0.138, -5.282e-5
0.137, -5.194e-5
0.136, -5.272e-5
0.135, -5.282e-5
0.134, -5.292e-5
0.133, -5.331e-5
0.132, -5.302e-5
0.131, -5.272e-5
0.130, -5.243e-5
0.129, -5.272e-5
0.128, -5.272e-5
0.127, -5.224e-5
0.126, -5.233e-5
0.125, -5.243e-5
0.124, -5.233e-5
0.123, -5.263e-5
0.122, -5.185e-5
0.121, -5.165e-5
0.120, -5.224e-5
0.119, -5.194e-5
0.118, -5.175e-5
0.117, -5.146e-5
0.116, -5.087e-5
0.115, -5.048e-5
0.114, -5.146e-5
0.113, -5.116e-5
0.112, -5.106e-5
0.111, -5.136e-5
0.110, -5.087e-5
0.109, -5.077e-5
0.108, -5.097e-5
0.107, -5.116e-5
0.106, -5.106e-5
0.105, -5.165e-5
0.104, -5.067e-5
0.103, -5.126e-5
0.102, -5.087e-5
0.101, -5.038e-5
0.100, -5.048e-5
0.099, -5.019e-5
0.098, -5.009e-5
0.097, -4.970e-5
0.096, -5.009e-5
0.095, -5.009e-5
0.094, -4.989e-5
0.093, -4.999e-5
0.092, -4.989e-5
0.091, -4.940e-5
0.090, -4.999e-5
0.089, -4.970e-5
0.088, -4.901e-5
0.087, -4.970e-5
0.086, -4.999e-5
0.085, -4.960e-5
0.084, -4.940e-5
0.083, -4.882e-5
0.082, -4.980e-5
0.081, -4.940e-5
0.080, -4.843e-5
0.079, -4.872e-5
0.078, -4.950e-5
0.077, -4.853e-5
0.076, -4.882e-5
0.075, -4.911e-5
0.074, -4.921e-5
0.073, -4.843e-5
0.072, -4.774e-5
0.071, -4.804e-5
0.070, -4.843e-5
0.069, -4.784e-5
0.068, -4.784e-5
0.067, -4.755e-5
0.066, -4.804e-5
0.065, -4.804e-5
0.064, -4.774e-5
0.063, -4.745e-5
0.062, -4.716e-5
0.061, -4.745e-5
0.060, -4.696e-5
0.059, -4.735e-5
0.058, -4.726e-5
0.057, -4.716e-5
0.056, -4.745e-5
0.055, -4.667e-5
0.054, -4.765e-5
0.053, -4.706e-5
0.052, -4.735e-5
0.051, -4.687e-5
0.050, -4.706e-5
0.049, -4.628e-5
0.048, -4.599e-5
0.047, -4.618e-5
0.046, -4.599e-5
0.045, -4.599e-5
0.044, -4.618e-5
0.043, -4.540e-5
0.042, -4.569e-5
0.041, -4.579e-5
0.040, -4.511e-5
0.039, -4.550e-5
0.038, -4.540e-5
0.037, -4.569e-5
0.036, -4.540e-5
0.035, -4.589e-5
0.034, -4.569e-5
0.033, -4.579e-5
0.032, -4.433e-5
0.031, -4.491e-5
0.030, -4.589e-5
0.029, -4.521e-5
0.028, -4.482e-5
0.027, -4.443e-5
0.026, -4.472e-5
0.025, -4.452e-5
0.024, -4.452e-5
0.023, -4.423e-5
0.022, -4.443e-5
0.021, -4.472e-5
0.020, -4.394e-5
0.019, -4.443e-5
0.018, -4.423e-5
0.017, -4.462e-5
0.016, -4.403e-5
0.015, -4.403e-5
0.014, -4.443e-5
0.013, -4.364e-5
0.012, -4.374e-5
0.011, -4.325e-5
0.010, -4.286e-5
0.009, -4.296e-5
0.008, -4.316e-5
0.007, -4.267e-5
0.006, -4.335e-5
0.005, -4.247e-5
0.004, -4.335e-5
0.003, -4.218e-5
0.002, -4.316e-5
0.001, -4.325e-5
0.000, -3.642e-5
0.001, -2.666e-5
0.002, -2.421e-5
0.003, -2.314e-5
0.004, -2.119e-5
0.005, -2.002e-5
0.006, -1.963e-5
0.007, -1.923e-5
0.008, -1.816e-5
0.009, -1.679e-5
0.010, -1.709e-5
0.011, -1.650e-5
0.012, -1.631e-5
0.013, -1.484e-5
0.014, -1.435e-5
0.015, -1.474e-5
0.016, -1.396e-5
0.017, -1.338e-5
0.018, -1.328e-5
0.019, -1.260e-5
0.020, -1.201e-5
0.021, -1.172e-5
0.022, -1.152e-5
0.023, -1.152e-5
0.024, -1.142e-5
0.025, -1.084e-5
0.026, -1.064e-5
0.027, -1.064e-5
0.028, -1.035e-5
0.029, -1.015e-5
0.030, -9.861e-6
0.031, -9.764e-6
0.032, -9.569e-6
0.033, -8.885e-6
0.034, -8.787e-6
0.035, -9.080e-6
0.036, -8.690e-6
0.037, -8.202e-6
0.038, -8.592e-6
0.039, -8.299e-6
0.040, -8.592e-6
0.041, -7.909e-6
0.042, -7.909e-6
0.043, -7.518e-6
0.044, -7.518e-6
0.045, -7.225e-6
0.046, -7.225e-6
0.047, -7.128e-6
0.048, -6.932e-6
0.049, -6.737e-6
0.050, -6.151e-6
0.051, -6.444e-6
0.052, -6.835e-6
0.053, -6.346e-6
0.054, -5.858e-6
0.055, -6.542e-6
0.056, -5.956e-6
0.057, -6.444e-6
0.058, -6.346e-6
0.059, -6.054e-6
0.060, -5.468e-6
0.061, -5.565e-6
0.062, -4.980e-6
0.063, -5.370e-6
0.064, -5.468e-6
0.065, -5.175e-6
0.066, -4.589e-6
0.067, -5.175e-6
0.068, -5.663e-6
0.069, -4.687e-6
0.070, -4.589e-6
0.071, -4.980e-6
0.072, -3.906e-6
0.073, -4.296e-6
0.074, -4.491e-6
0.075, -4.394e-6
0.076, -3.906e-6
0.077, -3.906e-6
0.078, -4.003e-6
0.079, -3.808e-6
0.080, -4.003e-6
0.081, -3.515e-6
0.082, -3.808e-6
0.083, -3.027e-6
0.084, -3.613e-6
0.085, -3.417e-6
0.086, -3.222e-6
0.087, -3.906e-6
0.088, -3.222e-6
0.089, -2.246e-6
0.090, -2.832e-6
0.091, -2.246e-6
0.092, -2.929e-6
0.093, -3.027e-6
0.094, -3.320e-6
0.095, -3.417e-6
0.096, -2.343e-6
0.097, -2.539e-6
0.098, -2.246e-6
0.099, -1.953e-6
0.100, -2.246e-6
0.101, -1.953e-6
0.102, -1.855e-6
0.103, -1.953e-6
0.104, -1.465e-6
0.105, -7.811e-7
0.106, -1.953e-6
0.107, -2.148e-6
0.108, -1.074e-6
0.109, -8.787e-7
0.110, -6.835e-7
0.111, -1.074e-6
0.112, -6.835e-7
0.113, 9.763e-8
0.114, -1.074e-6
0.115, -1.367e-6
0.116, -7.811e-7
0.117, -8.787e-7
0.118, -8.787e-7
0.119, -7.811e-7
0.120, -9.764e-7
0.121, -1.953e-7
0.122, -6.835e-7
0.123, -3.906e-7
0.124, -2.929e-7
0.125, -9.764e-8
0.126, 6.835e-7
0.127, 5.858e-7
0.128, -5.858e-7
0.129, -2.929e-7
0.130, 3.905e-7
0.131, 2.929e-7
0.132, 6.835e-7
0.133, 9.763e-8
0.134, 1.953e-7
0.135, 1.367e-6
0.136, 7.811e-7
0.137, 6.835e-7
0.138, 1.562e-6
0.139, 1.074e-6
0.140, 1.074e-6
0.141, 7.811e-7
0.142, 9.764e-7
0.143, 1.074e-6
0.144, 1.172e-6
0.145, 1.172e-6
0.146, 1.172e-6
0.147, 1.855e-6
0.148, 9.764e-7
0.149, 1.855e-6
0.150, 2.050e-6
0.151, 1.660e-6
0.152, 1.367e-6
0.153, 2.441e-6
0.154, 2.050e-6
0.155, 1.953e-6
0.156, 2.148e-6
0.157, 2.050e-6
0.158, 2.246e-6
0.159, 2.148e-6
0.160, 2.343e-6
0.161, 2.343e-6
0.162, 3.124e-6
0.163, 3.124e-6
0.164, 2.831e-6
0.165, 2.636e-6
0.166, 2.734e-6
0.167, 2.343e-6
0.168, 1.855e-6
0.169, 3.222e-6
0.170, 2.734e-6
0.171, 3.808e-6
0.172, 3.320e-6
0.173, 3.710e-6
0.174, 3.808e-6
0.175, 4.296e-6
0.176, 4.198e-6
0.177, 3.417e-6
0.178, 3.710e-6
0.179, 3.124e-6
0.180, 3.515e-6
0.181, 3.417e-6
0.182, 3.613e-6
0.183, 4.980e-6
0.184, 3.906e-6
0.185, 3.906e-6
0.186, 4.101e-6
0.187, 4.589e-6
0.188, 3.906e-6
0.189, 4.003e-6
0.190, 4.101e-6
0.191, 4.003e-6
0.192, 4.198e-6
0.193, 4.003e-6
0.194, 4.003e-6
0.195, 4.394e-6
0.196, 4.980e-6
0.197, 5.175e-6
0.198, 4.394e-6
0.199, 4.980e-6
0.200, 4.784e-6
0.201, 4.394e-6
0.202, 4.980e-6
0.203, 5.272e-6
0.204, 4.980e-6
0.205, 4.394e-6
0.206, 5.370e-6
0.207, 5.468e-6
0.208, 5.272e-6
0.209, 5.468e-6
0.210, 5.565e-6
0.211, 5.761e-6
0.212, 5.663e-6
0.213, 6.346e-6
0.214, 4.882e-6
0.215, 6.151e-6
0.216, 5.956e-6
0.217, 6.346e-6
0.218, 5.272e-6
0.219, 5.956e-6
0.220, 6.346e-6
0.221, 5.858e-6
0.222, 6.542e-6
0.223, 6.054e-6
0.224, 6.835e-6
0.225, 7.323e-6
0.226, 6.542e-6
0.227, 6.054e-6
0.228, 6.737e-6
0.229, 7.225e-6
0.230, 7.128e-6
0.231, 7.225e-6
0.232, 7.030e-6
0.233, 7.909e-6
0.234, 6.932e-6
0.235, 7.616e-6
0.236, 8.299e-6
0.237, 7.909e-6
0.238, 7.713e-6
0.239, 8.397e-6
0.240, 8.202e-6
0.241, 9.178e-6
0.242, 8.494e-6
0.243, 8.885e-6
0.244, 9.276e-6
0.245, 9.276e-6
0.246, 8.885e-6
0.247, 9.471e-6
0.248, 1.025e-5
0.249, 1.045e-5
0.250, 1.015e-5
0.251, 9.666e-6
0.252, 1.064e-5
0.253, 1.064e-5
0.254, 1.113e-5
0.255, 1.123e-5
0.256, 1.142e-5
0.257, 1.133e-5
0.258, 1.142e-5
0.259, 1.172e-5
0.260, 1.191e-5
0.261, 1.250e-5
0.262, 1.201e-5
0.263, 1.211e-5
0.264, 1.269e-5
0.265, 1.347e-5
0.266, 1.318e-5
0.267, 1.318e-5
0.268, 1.386e-5
0.269, 1.328e-5
0.270, 1.377e-5
0.271, 1.386e-5
0.272, 1.426e-5
0.273, 1.455e-5
0.274, 1.465e-5
0.275, 1.484e-5
0.276, 1.474e-5
0.277, 1.533e-5
0.278, 1.582e-5
0.279, 1.533e-5
0.280, 1.611e-5
0.281, 1.631e-5
0.282, 1.611e-5
0.283, 1.670e-5
0.284, 1.689e-5
0.285, 1.709e-5
0.286, 1.748e-5
0.287, 1.621e-5
0.288, 1.748e-5
0.289, 1.767e-5
0.290, 1.757e-5
0.291, 1.875e-5
0.292, 1.826e-5
0.293, 1.865e-5
0.294, 1.953e-5
0.295, 1.914e-5
0.296, 1.933e-5
0.297, 1.963e-5
0.298, 2.031e-5
0.299, 2.070e-5
0.300, 2.070e-5
0.301, 2.060e-5
0.302, 2.168e-5
0.303, 2.158e-5
0.304, 2.129e-5
0.305, 2.207e-5
0.306, 2.226e-5
0.307, 2.382e-5
0.308, 2.343e-5
0.309, 2.246e-5
0.310, 2.392e-5
0.311, 2.392e-5
0.312, 2.343e-5
0.313, 2.363e-5
0.314, 2.421e-5
0.315, 2.490e-5
0.316, 2.412e-5
0.317, 2.470e-5
0.318, 2.480e-5
0.319, 2.558e-5
0.320, 2.578e-5
0.321, 2.656e-5
0.322, 2.587e-5
0.323, 2.597e-5
0.324, 2.675e-5
0.325, 2.705e-5
0.326, 2.744e-5
0.327, 2.812e-5
0.328, 2.831e-5
0.329, 2.783e-5
0.330, 2.841e-5
0.331, 2.900e-5
0.332, 2.958e-5
0.333, 2.997e-5
0.334, 2.880e-5
0.335, 3.017e-5
0.336, 3.027e-5
0.337, 3.046e-5
0.338, 3.007e-5
0.339, 3.017e-5
0.340, 3.124e-5
0.341, 3.232e-5
0.342, 3.163e-5
0.343, 3.212e-5
0.344, 3.232e-5
0.345, 3.320e-5
0.346, 3.251e-5
0.347, 3.359e-5
0.348, 3.417e-5
0.349, 3.427e-5
0.350, 3.447e-5
0.351, 3.427e-5
0.352, 3.466e-5
0.353, 3.603e-5
0.354, 3.613e-5
0.355, 3.622e-5
0.356, 3.661e-5
0.357, 3.652e-5
0.358, 3.759e-5
0.359, 3.808e-5
0.360, 3.740e-5
0.361, 3.818e-5
0.362, 3.896e-5
0.363, 3.818e-5
0.364, 3.837e-5
0.365, 3.945e-5
0.366, 4.052e-5
0.367, 3.945e-5
0.368, 4.042e-5
0.369, 4.179e-5
0.370, 4.120e-5
0.371, 4.169e-5
0.372, 4.189e-5
0.373, 4.296e-5
0.374, 4.345e-5
0.375, 4.384e-5
0.376, 4.384e-5
0.377, 4.452e-5
0.378, 4.540e-5
0.379, 4.540e-5
0.380, 4.550e-5
0.381, 4.667e-5
0.382, 4.755e-5
0.383, 4.823e-5
0.384, 4.901e-5
0.385, 4.853e-5
0.386, 4.989e-5
0.387, 4.960e-5
0.388, 5.106e-5
0.389, 5.204e-5
0.390, 5.331e-5
0.391, 5.370e-5
0.392, 5.419e-5
0.393, 5.507e-5
0.394, 5.604e-5
0.395, 5.653e-5
0.396, 5.761e-5
0.397, 5.849e-5
0.398, 6.024e-5
0.399, 6.171e-5
0.400, 6.229e-5
0.401, 6.405e-5
0.402, 6.542e-5
0.403, 6.747e-5
0.404, 6.971e-5
0.405, 7.196e-5
0.406, 7.420e-5
0.407, 7.713e-5
0.408, 8.036e-5
0.409, 8.309e-5
0.410, 8.075e-5
0.411, 9.110e-5
0.412, 9.744e-5
0.413, 1.039e-4
0.414, 1.138e-4
0.415, 1.237e-4
0.416, 1.357e-4
0.417, 1.495e-4
0.418, 1.660e-4
0.419, 1.866e-4
0.420, 2.111e-4
0.421, 2.377e-4
0.422, 2.707e-4
0.423, 3.075e-4
0.424, 3.526e-4
0.425, 4.032e-4
0.426, 4.651e-4
0.427, 5.361e-4
0.428, 6.198e-4
0.429, 7.145e-4
0.430, 8.234e-4
0.431, 9.429e-4
0.432, 1.069e-3
0.433, 1.199e-3
0.434, 1.326e-3
0.435, 1.459e-3
0.436, 1.594e-3
0.437, 1.723e-3
0.438, 1.851e-3
0.439, 1.974e-3
0.440, 2.095e-3
0.441, 2.206e-3
0.442, 2.311e-3
0.443, 2.412e-3
0.444, 2.491e-3
0.445, 2.561e-3
0.446, 2.615e-3
0.447, 2.651e-3
0.448, 2.666e-3
0.449, 2.662e-3
0.450, 2.639e-3
0.451, 2.595e-3
0.452, 2.530e-3
0.453, 2.451e-3
0.454, 2.353e-3
0.455, 2.244e-3
0.456, 2.127e-3
0.457, 2.002e-3
0.458, 1.875e-3
0.459, 1.746e-3
0.460, 1.626e-3
0.461, 1.507e-3
0.462, 1.397e-3
0.463, 1.295e-3
0.464, 1.205e-3
0.465, 1.124e-3
0.466, 1.049e-3
0.467, 9.843e-4
0.468, 9.265e-4
0.469, 8.740e-4
0.470, 8.255e-4
0.471, 7.835e-4
0.472, 7.464e-4
0.473, 7.138e-4
0.474, 6.799e-4
0.475, 6.528e-4
0.476, 6.293e-4
0.477, 6.056e-4
0.478, 5.838e-4
0.479, 5.638e-4
0.480, 5.466e-4
0.481, 5.306e-4
0.482, 5.142e-4
0.483, 5.006e-4
0.484, 4.890e-4
0.485, 4.758e-4
0.486, 4.633e-4
0.487, 4.521e-4
0.488, 4.417e-4
0.489, 4.307e-4
0.490, 4.211e-4
0.491, 4.139e-4
0.492, 4.057e-4
0.493, 3.980e-4
0.494, 3.900e-4
0.495, 3.836e-4
0.496, 3.767e-4
0.497, 3.704e-4
0.498, 3.644e-4
0.499, 3.588e-4
0.500, 3.520e-4
0.501, 3.471e-4
0.502, 3.418e-4
0.503, 3.367e-4
0.504, 3.315e-4
0.505, 3.262e-4
0.506, 3.221e-4
0.507, 3.183e-4
0.508, 3.134e-4
0.509, 3.092e-4
0.510, 3.054e-4
0.511, 3.024e-4
0.512, 3.034e-4
0.513, 2.985e-4
0.514, 2.925e-4
0.515, 2.890e-4
0.516, 2.851e-4
0.517, 2.824e-4
0.518, 2.790e-4
0.519, 2.759e-4
0.520, 2.724e-4
0.521, 2.699e-4
0.522, 2.665e-4
0.523, 2.638e-4
0.524, 2.613e-4
0.525, 2.566e-4
0.526, 2.550e-4
0.527, 2.525e-4
0.528, 2.497e-4
0.529, 2.485e-4
0.530, 2.458e-4
0.531, 2.439e-4
0.532, 2.402e-4
0.533, 2.386e-4
0.534, 2.374e-4
0.535, 2.346e-4
0.536, 2.327e-4
0.537, 2.306e-4
0.538, 2.285e-4
0.539, 2.270e-4
0.540, 2.249e-4
0.541, 2.230e-4
0.542, 2.214e-4
0.543, 2.201e-4
0.544, 2.176e-4
0.545, 2.165e-4
0.546, 2.147e-4
0.547, 2.134e-4
0.548, 2.116e-4
0.549, 2.096e-4
0.550, 2.091e-4
0.551, 2.068e-4
0.552, 2.068e-4
0.553, 2.058e-4
0.554, 2.051e-4
0.555, 2.046e-4
0.556, 2.034e-4
0.557, 2.022e-4
0.558, 2.017e-4
0.559, 2.011e-4
0.560, 1.996e-4
0.561, 1.994e-4
0.562, 1.997e-4
0.563, 1.992e-4
0.564, 1.987e-4
0.565, 1.977e-4
0.566, 1.982e-4
0.567, 1.977e-4
0.568, 1.972e-4
0.569, 1.982e-4
0.570, 1.981e-4
0.571, 1.986e-4
0.572, 1.987e-4
0.573, 1.983e-4
0.574, 2.007e-4
0.575, 2.002e-4
0.576, 2.002e-4
0.577, 2.011e-4
0.578, 2.029e-4
0.579, 2.051e-4
0.580, 2.059e-4
0.581, 2.077e-4
0.582, 2.085e-4
0.583, 2.112e-4
0.584, 2.128e-4
0.585, 2.147e-4
0.586, 2.176e-4
0.587, 2.205e-4
0.588, 2.231e-4
0.589, 2.258e-4
0.590, 2.296e-4
0.591, 2.323e-4
0.592, 2.349e-4
0.593, 2.397e-4
0.594, 2.445e-4
0.595, 2.488e-4
0.596, 2.526e-4
0.597, 2.573e-4
0.598, 2.633e-4
0.599, 2.685e-4
0.600, 2.735e-4
0.601, 2.805e-4
0.602, 2.868e-4
0.603, 2.934e-4
0.604, 3.006e-4
0.605, 3.087e-4
0.606, 3.172e-4
0.607, 3.258e-4
0.608, 3.348e-4
0.609, 3.445e-4
0.610, 3.549e-4
0.611, 3.652e-4
0.612, 3.771e-4
0.613, 3.895e-4
0.614, 4.011e-4
0.615, 4.130e-4
0.616, 4.275e-4
0.617, 4.422e-4
0.618, 4.581e-4
0.619, 4.743e-4
0.620, 4.918e-4
0.621, 5.085e-4
0.622, 5.280e-4
0.623, 5.476e-4
0.624, 5.681e-4
0.625, 5.904e-4
0.626, 6.128e-4
0.627, 6.352e-4
0.628, 6.593e-4
0.629, 6.841e-4
0.630, 7.120e-4
0.631, 7.380e-4
0.632, 7.666e-4
0.633, 7.959e-4
0.634, 8.275e-4
0.635, 8.608e-4
0.636, 8.942e-4
0.637, 9.283e-4
0.638, 9.640e-4
0.639, 1.002e-3
0.640, 1.042e-3
0.641, 1.083e-3
0.642, 1.126e-3
0.643, 1.169e-3
0.644, 1.214e-3
0.645, 1.259e-3
0.646, 1.306e-3
0.647, 1.358e-3
0.648, 1.410e-3
0.649, 1.463e-3
0.650, 1.517e-3
0.651, 1.576e-3
0.652, 1.635e-3
0.653, 1.693e-3
0.654, 1.754e-3
0.655, 1.817e-3
0.656, 1.885e-3
0.657, 1.953e-3
0.658, 2.021e-3
0.659, 2.093e-3
0.660, 2.167e-3
0.661, 2.239e-3
0.662, 2.315e-3
0.663, 2.404e-3
0.664, 2.478e-3
0.665, 2.563e-3
0.666, 2.650e-3
0.667, 2.733e-3
0.668, 2.824e-3
0.669, 2.917e-3
0.670, 3.010e-3
0.671, 3.105e-3
0.672, 3.200e-3
0.673, 3.300e-3
0.674, 3.402e-3
0.675, 3.504e-3
0.676, 3.610e-3
0.677, 3.714e-3
0.678, 3.823e-3
0.679, 3.934e-3
0.680, 4.048e-3
0.681, 4.162e-3
0.682, 4.279e-3
0.683, 4.399e-3
0.684, 4.519e-3
0.685, 4.641e-3
0.686, 4.763e-3
0.687, 4.889e-3
0.688, 5.016e-3
0.689, 5.143e-3
0.690, 5.273e-3
0.691, 5.405e-3
0.692, 5.540e-3
0.693, 5.673e-3
0.694, 5.814e-3
0.695, 5.952e-3
0.696, 6.091e-3
0.697, 6.236e-3
0.698, 6.383e-3
0.699, 6.531e-3
0.700, 6.678e-3
0.701, 6.828e-3
0.702, 6.982e-3
0.703, 7.137e-3
0.704, 7.294e-3
0.705, 7.451e-3
0.706, 7.608e-3
0.707, 7.771e-3
0.708, 7.934e-3
0.709, 8.095e-3
0.710, 8.260e-3
0.711, 8.428e-3
0.712, 8.594e-3
0.713, 8.767e-3
0.714, 8.939e-3
0.715, 9.112e-3
0.716, 9.284e-3
0.717, 9.464e-3
0.718, 9.641e-3
0.719, 9.818e-3
0.720, 1.000e-2
0.721, 1.019e-2
0.722, 1.037e-2
0.723, 1.056e-2
0.724, 1.075e-2
0.725, 1.094e-2
0.726, 1.112e-2
0.727, 1.131e-2
0.728, 1.150e-2
0.729, 1.169e-2
0.730, 1.188e-2
0.731, 1.208e-2
0.732, 1.227e-2
0.733, 1.246e-2
0.734, 1.266e-2
0.735, 1.286e-2
0.736, 1.306e-2
0.737, 1.327e-2
0.738, 1.347e-2
0.739, 1.368e-2
0.740, 1.389e-2
0.741, 1.410e-2
0.742, 1.431e-2
0.743, 1.452e-2
0.744, 1.474e-2
0.745, 1.495e-2
0.746, 1.516e-2
0.747, 1.538e-2
0.748, 1.559e-2
0.749, 1.581e-2
0.750, 1.603e-2
0.751, 1.625e-2
0.752, 1.646e-2
0.753, 1.668e-2
0.754, 1.690e-2
0.755, 1.711e-2
0.756, 1.734e-2
0.757, 1.757e-2
0.758, 1.779e-2
0.759, 1.802e-2
0.760, 1.825e-2
0.761, 1.847e-2
0.762, 1.872e-2
0.763, 1.895e-2
0.764, 1.918e-2
0.765, 1.941e-2
0.766, 1.965e-2
0.767, 1.988e-2
0.768, 2.013e-2
0.769, 2.037e-2
0.770, 2.061e-2
0.771, 2.085e-2
0.772, 2.109e-2
0.773, 2.132e-2
0.774, 2.156e-2
0.775, 2.180e-2
0.776, 2.204e-2
0.777, 2.227e-2
0.778, 2.252e-2
0.779, 2.277e-2
0.780, 2.302e-2
0.781, 2.326e-2
0.782, 2.352e-2
0.783, 2.377e-2
0.784, 2.401e-2
0.785, 2.424e-2
0.786, 2.448e-2
0.787, 2.474e-2
0.788, 2.498e-2
0.789, 2.524e-2
0.790, 2.550e-2
0.791, 2.575e-2
0.792, 2.600e-2
0.793, 2.624e-2
0.794, 2.651e-2
0.795, 2.676e-2
0.796, 2.701e-2
0.797, 2.725e-2
0.798, 2.750e-2
0.799, 2.774e-2
0.800, 2.790e-2
0.799, 2.770e-2
0.798, 2.743e-2
0.797, 2.717e-2
0.796, 2.689e-2
0.795, 2.662e-2
0.794, 2.635e-2
0.793, 2.606e-2
0.792, 2.581e-2
0.791, 2.555e-2
0.790, 2.529e-2
0.789, 2.502e-2
0.788, 2.476e-2
0.787, 2.450e-2
0.786, 2.425e-2
0.785, 2.398e-2
0.784, 2.371e-2
0.783, 2.345e-2
0.782, 2.317e-2
0.781, 2.290e-2
0.780, 2.265e-2
0.779, 2.239e-2
0.778, 2.214e-2
0.777, 2.189e-2
0.776, 2.164e-2
0.775, 2.139e-2
0.774, 2.115e-2
0.773, 2.090e-2
0.772, 2.065e-2
0.771, 2.041e-2
0.770, 2.017e-2
0.769, 1.994e-2
0.768, 1.969e-2
0.767, 1.944e-2
0.766, 1.922e-2
0.765, 1.899e-2
0.764, 1.875e-2
0.763, 1.850e-2
0.762, 1.826e-2
0.761, 1.802e-2
0.760, 1.779e-2
0.759, 1.755e-2
0.758, 1.732e-2
0.757, 1.709e-2
0.756, 1.686e-2
0.755, 1.664e-2
0.754, 1.642e-2
0.753, 1.620e-2
0.752, 1.598e-2
0.751, 1.576e-2
0.750, 1.555e-2
0.749, 1.534e-2
0.748, 1.512e-2
0.747, 1.490e-2
0.746, 1.468e-2
0.745, 1.446e-2
0.744, 1.425e-2
0.743, 1.403e-2
0.742, 1.382e-2
0.741, 1.361e-2
0.740, 1.341e-2
0.739, 1.320e-2
0.738, 1.299e-2
0.737, 1.279e-2
0.736, 1.259e-2
0.735, 1.239e-2
0.734, 1.220e-2
0.733, 1.201e-2
0.732, 1.180e-2
0.731, 1.161e-2
0.730, 1.143e-2
0.729, 1.123e-2
0.728, 1.104e-2
0.727, 1.085e-2
0.726, 1.066e-2
0.725, 1.047e-2
0.724, 1.029e-2
0.723, 1.011e-2
0.722, 9.938e-3
0.721, 9.763e-3
0.720, 9.586e-3
0.719, 9.410e-3
0.718, 9.231e-3
0.717, 9.047e-3
0.716, 8.864e-3
0.715, 8.688e-3
0.714, 8.521e-3
0.713, 8.352e-3
0.712, 8.185e-3
0.711, 8.022e-3
0.710, 7.861e-3
0.709, 7.695e-3
0.708, 7.535e-3
0.707, 7.376e-3
0.706, 7.220e-3
0.705, 7.067e-3
0.704, 6.913e-3
0.703, 6.760e-3
0.702, 6.613e-3
0.701, 6.467e-3
0.700, 6.320e-3
0.699, 6.175e-3
0.698, 6.038e-3
0.697, 5.899e-3
0.696, 5.762e-3
0.695, 5.623e-3
0.694, 5.489e-3
0.693, 5.354e-3
0.692, 5.220e-3
0.691, 5.090e-3
0.690, 4.961e-3
0.689, 4.834e-3
0.688, 4.707e-3
0.687, 4.585e-3
0.686, 4.464e-3
0.685, 4.346e-3
0.684, 4.226e-3
0.683, 4.110e-3
0.682, 3.995e-3
0.681, 3.880e-3
0.680, 3.768e-3
0.679, 3.663e-3
0.678, 3.556e-3
0.677, 3.452e-3
0.676, 3.348e-3
0.675, 3.244e-3
0.674, 3.147e-3
0.673, 3.049e-3
0.672, 2.952e-3
0.671, 2.860e-3
0.670, 2.766e-3
0.669, 2.673e-3
0.668, 2.586e-3
0.667, 2.498e-3
0.666, 2.418e-3
0.665, 2.335e-3
0.664, 2.253e-3
0.663, 2.177e-3
0.662, 2.100e-3
0.661, 2.023e-3
0.660, 1.951e-3
0.659, 1.880e-3
0.658, 1.808e-3
0.657, 1.740e-3
0.656, 1.677e-3
0.655, 1.613e-3
0.654, 1.548e-3
0.653, 1.486e-3
0.652, 1.428e-3
0.651, 1.369e-3
0.650, 1.311e-3
0.649, 1.257e-3
0.648, 1.207e-3
0.647, 1.155e-3
0.646, 1.105e-3
0.645, 1.056e-3
0.644, 1.008e-3
0.643, 9.630e-4
0.642, 9.205e-4
0.641, 8.784e-4
0.640, 8.357e-4
0.639, 7.962e-4
0.638, 7.588e-4
0.637, 7.220e-4
0.636, 6.865e-4
0.635, 6.521e-4
0.634, 6.196e-4
0.633, 5.873e-4
0.632, 5.564e-4
0.631, 5.264e-4
0.630, 4.977e-4
0.629, 4.700e-4
0.628, 4.436e-4
0.627, 4.198e-4
0.626, 3.947e-4
0.625, 3.715e-4
0.624, 3.508e-4
0.623, 3.292e-4
0.622, 3.089e-4
0.621, 2.904e-4
0.620, 2.715e-4
0.619, 2.546e-4
0.618, 2.374e-4
0.617, 2.206e-4
0.616, 2.054e-4
0.615, 1.901e-4
0.614, 1.767e-4
0.613, 1.622e-4
0.612, 1.490e-4
0.611, 1.362e-4
0.610, 1.234e-4
0.609, 1.119e-4
0.608, 1.006e-4
0.607, 8.944e-5
0.606, 7.977e-5
0.605, 7.020e-5
0.604, 6.083e-5
0.603, 5.204e-5
0.602, 4.374e-5
0.601, 3.642e-5
0.600, 2.890e-5
0.599, 2.080e-5
0.598, 1.396e-5
0.597, 7.420e-6
0.596, 8.787e-7
0.595, -5.370e-6
0.594, -1.103e-5
0.593, -1.611e-5
0.592, -2.109e-5
0.591, -2.724e-5
0.590, -3.134e-5
0.589, -3.593e-5
0.588, -4.013e-5
0.587, -4.316e-5
0.586, -4.901e-5
0.585, -5.175e-5
0.584, -5.556e-5
0.583, -5.858e-5
0.582, -6.132e-5
0.581, -6.483e-5
0.580, -6.893e-5
0.579, -7.098e-5
0.578, -7.381e-5
0.577, -7.743e-5
0.576, -7.801e-5
0.575, -8.182e-5
0.574, -8.465e-5
0.573, -8.680e-5
0.572, -8.895e-5
0.571, -9.110e-5
0.570, -9.442e-5
0.569, -9.529e-5
0.568, -9.783e-5
0.567, -9.940e-5
0.566, -1.018e-4
0.565, -1.033e-4
0.564, -1.054e-4
0.563, -1.074e-4
0.562, -1.079e-4
0.561, -1.095e-4
0.560, -1.126e-4
0.559, -1.147e-4
0.558, -1.153e-4
0.557, -1.169e-4
0.556, -1.180e-4
0.555, -1.212e-4
0.554, -1.210e-4
0.553, -1.225e-4
0.552, -1.246e-4
0.551, -1.267e-4
0.550, -1.264e-4
0.549, -1.287e-4
0.548, -1.296e-4
0.547, -1.320e-4
0.546, -1.333e-4
0.545, -1.335e-4
0.544, -1.353e-4
0.543, -1.382e-4
0.542, -1.389e-4
0.541, -1.392e-4
0.540, -1.413e-4
0.539, -1.425e-4
0.538, -1.448e-4
0.537, -1.455e-4
0.536, -1.458e-4
0.535, -1.480e-4
0.534, -1.486e-4
0.533, -1.503e-4
0.532, -1.518e-4
0.531, -1.531e-4
0.530, -1.550e-4
0.529, -1.556e-4
0.528, -1.565e-4
0.527, -1.586e-4
0.526, -1.588e-4
0.525, -1.591e-4
0.524, -1.610e-4
0.523, -1.628e-4
0.522, -1.646e-4
0.521, -1.658e-4
0.520, -1.656e-4
0.519, -1.677e-4
0.518, -1.694e-4
0.517, -1.706e-4
0.516, -1.716e-4
0.515, -1.736e-4
0.514, -1.753e-4
0.513, -1.756e-4
0.512, -1.817e-4
0.511, -1.802e-4
0.510, -1.793e-4
0.509, -1.803e-4
0.508, -1.826e-4
0.507, -1.832e-4
0.506, -1.844e-4
0.505, -1.853e-4
0.504, -1.873e-4
0.503, -1.884e-4
0.502, -1.896e-4
0.501, -1.908e-4
0.500, -1.921e-4
0.499, -1.922e-4
0.498, -1.948e-4
0.497, -1.961e-4
0.496, -1.972e-4
0.495, -1.992e-4
0.494, -2.000e-4
0.493, -2.015e-4
0.492, -2.037e-4
0.491, -2.049e-4
0.490, -2.056e-4
0.489, -2.073e-4
0.488, -2.094e-4
0.487, -2.117e-4
0.486, -2.137e-4
0.485, -2.139e-4
0.484, -2.155e-4
0.483, -2.166e-4
0.482, -2.186e-4
0.481, -2.206e-4
0.480, -2.231e-4
0.479, -2.250e-4
0.478, -2.256e-4
0.477, -2.282e-4
0.476, -2.306e-4
0.475, -2.323e-4
0.474, -2.341e-4
0.473, -2.362e-4
0.472, -2.399e-4
0.471, -2.431e-4
0.470, -2.445e-4
0.469, -2.476e-4
0.468, -2.505e-4
0.467, -2.538e-4
0.466, -2.558e-4
0.465, -2.590e-4
0.464, -2.623e-4
0.463, -2.666e-4
0.462, -2.691e-4
0.461, -2.732e-4
0.460, -2.774e-4
0.459, -2.808e-4
0.458, -2.854e-4
0.457, -2.894e-4
0.456, -2.935e-4
0.455, -2.974e-4
0.454, -3.020e-4
0.453, -3.073e-4
0.452, -3.123e-4
0.451, -3.167e-4
0.450, -3.216e-4
0.449, -3.278e-4
0.448, -3.326e-4
0.447, -3.390e-4
0.446, -3.450e-4
0.445, -3.524e-4
0.444, -3.596e-4
0.443, -3.671e-4
0.442, -3.729e-4
0.441, -3.805e-4
0.440, -3.883e-4
0.439, -3.968e-4
0.438, -4.028e-4
0.437, -4.100e-4
0.436, -4.191e-4
0.435, -4.281e-4
0.434, -4.347e-4
0.433, -4.445e-4
0.432, -4.522e-4
0.431, -4.622e-4
0.430, -4.718e-4
0.429, -4.801e-4
0.428, -4.921e-4
0.427, -5.021e-4
0.426, -5.142e-4
0.425, -5.254e-4
0.424, -5.382e-4
0.423, -5.503e-4
0.422, -5.617e-4
0.421, -5.755e-4
0.420, -5.923e-4
0.419, -6.066e-4
0.418, -6.230e-4
0.417, -6.400e-4
0.416, -6.570e-4
0.415, -6.744e-4
0.414, -6.901e-4
0.413, -7.081e-4
0.412, -7.260e-4
0.411, -7.447e-4
0.410, -7.557e-4
0.409, -7.526e-4
0.408, -7.866e-4
0.407, -8.155e-4
0.406, -8.430e-4
0.405, -8.729e-4
0.404, -9.018e-4
0.403, -9.305e-4
0.402, -9.621e-4
0.401, -9.938e-4
0.400, -1.025e-3
0.399, -1.058e-3
0.398, -1.094e-3
0.397, -1.129e-3
0.396, -1.167e-3
0.395, -1.206e-3
0.394, -1.243e-3
0.393, -1.282e-3
0.392, -1.325e-3
0.391, -1.371e-3
0.390, -1.414e-3
0.389, -1.457e-3
0.388, -1.502e-3
0.387, -1.543e-3
0.386, -1.585e-3
0.385, -1.627e-3
0.384, -1.667e-3
0.383, -1.703e-3
0.382, -1.733e-3
0.381, -1.761e-3
0.380, -1.783e-3
0.379, -1.801e-3
0.378, -1.813e-3
0.377, -1.817e-3
0.376, -1.815e-3
0.375, -1.806e-3
0.374, -1.788e-3
0.373, -1.765e-3
0.372, -1.735e-3
0.371, -1.692e-3
0.370, -1.644e-3
0.369, -1.588e-3
0.368, -1.522e-3
0.367, -1.450e-3
0.366, -1.371e-3
0.365, -1.287e-3
0.364, -1.203e-3
0.363, -1.114e-3
0.362, -1.024e-3
0.361, -9.388e-4
0.360, -8.565e-4
0.359, -7.771e-4
0.358, -7.069e-4
0.357, -6.447e-4
0.356, -5.852e-4
0.355, -5.326e-4
0.354, -4.880e-4
0.353, -4.499e-4
0.352, -4.169e-4
0.351, -3.865e-4
0.350, -3.604e-4
0.349, -3.371e-4
0.348, -3.172e-4
0.347, -2.988e-4
0.346, -2.833e-4
0.345, -2.706e-4
0.344, -2.582e-4
0.343, -2.474e-4
0.342, -2.373e-4
0.341, -2.292e-4
0.340, -2.211e-4
0.339, -2.134e-4
0.338, -2.068e-4
0.337, -2.015e-4
0.336, -1.953e-4
0.335, -1.901e-4
0.334, -1.851e-4
0.333, -1.817e-4
0.332, -1.770e-4
0.331, -1.729e-4
0.330, -1.690e-4
0.329, -1.652e-4
0.328, -1.617e-4
0.327, -1.585e-4
0.326, -1.565e-4
0.325, -1.539e-4
0.324, -1.508e-4
0.323, -1.485e-4
0.322, -1.460e-4
0.321, -1.431e-4
0.320, -1.408e-4
0.319, -1.388e-4
0.318, -1.374e-4
0.317, -1.348e-4
0.316, -1.327e-4
0.315, -1.309e-4
0.314, -1.287e-4
0.313, -1.274e-4
0.312, -1.251e-4
0.311, -1.239e-4
0.310, -1.220e-4
0.309, -1.203e-4
0.308, -1.185e-4
0.307, -1.186e-4
0.306, -1.167e-4
0.305, -1.156e-4
0.304, -1.132e-4
0.303, -1.119e-4
0.302, -1.107e-4
0.301, -1.093e-4
0.300, -1.080e-4
0.299, -1.071e-4
0.298, -1.067e-4
0.297, -1.053e-4
0.296, -1.043e-4
0.295, -1.033e-4
0.294, -1.019e-4
0.293, -1.009e-4
0.292, -9.988e-5
0.291, -9.871e-5
0.290, -9.881e-5
0.289, -9.754e-5
0.288, -9.608e-5
0.287, -9.529e-5
0.286, -9.549e-5
0.285, -9.403e-5
0.284, -9.324e-5
0.283, -9.197e-5
0.282, -9.149e-5
0.281, -9.061e-5
0.280, -8.953e-5
0.279, -8.875e-5
0.278, -8.787e-5
0.277, -8.768e-5
0.276, -8.680e-5
0.275, -8.592e-5
0.274, -8.582e-5
0.273, -8.543e-5
0.272, -8.377e-5
0.271, -8.358e-5
0.270, -8.250e-5
0.269, -8.319e-5
0.268, -8.123e-5
0.267, -8.133e-5
0.266, -8.016e-5
0.265, -8.045e-5
0.264, -7.938e-5
0.263, -7.918e-5
0.262, -7.811e-5
0.261, -7.792e-5
0.260, -7.743e-5
0.259, -7.733e-5
0.258, -7.723e-5
0.257, -7.645e-5
0.256, -7.586e-5
0.255, -7.547e-5
0.254, -7.518e-5
0.253, -7.450e-5
0.252, -7.440e-5
0.251, -7.401e-5
0.250, -7.274e-5
0.249, -7.294e-5
0.248, -7.235e-5
0.247, -7.225e-5
0.246, -7.176e-5
0.245, -7.098e-5
0.244, -7.089e-5
0.243, -6.971e-5
0.242, -7.001e-5
0.241, -7.010e-5
0.240, -6.942e-5
0.239, -6.893e-5
0.238, -6.913e-5
0.237, -6.825e-5
0.236, -6.844e-5
0.235, -6.766e-5
0.234, -6.766e-5
0.233, -6.708e-5
0.232, -6.727e-5
0.231, -6.669e-5
0.230, -6.630e-5
0.229, -6.610e-5
0.228, -6.561e-5
0.227, -6.552e-5
0.226, -6.493e-5
0.225, -6.483e-5
0.224, -6.473e-5
0.223, -6.395e-5
0.222, -6.425e-5
0.221, -6.366e-5
0.220, -6.327e-5
0.219, -6.288e-5
0.218, -6.268e-5
0.217, -6.200e-5
0.216, -6.229e-5
0.215, -6.268e-5
0.214, -6.239e-5
0.213, -6.151e-5
0.212, -6.180e-5
0.211, -6.171e-5
0.210, -6.083e-5
0.209, -6.132e-5
0.208, -6.112e-5
0.207, -6.054e-5
0.206, -6.073e-5
0.205, -5.956e-5
0.204, -6.044e-5
0.203, -5.956e-5
0.202, -5.868e-5
0.201, -5.985e-5
0.200, -5.966e-5
0.199, -5.878e-5
0.198, -5.927e-5
0.197, -5.946e-5
0.196, -5.878e-5
0.195, -5.907e-5
0.194, -5.858e-5
0.193, -5.790e-5
0.192, -5.819e-5
0.191, -5.868e-5
0.190, -5.770e-5
0.189, -5.712e-5
0.188, -5.809e-5
0.187, -5.800e-5
0.186, -5.643e-5
0.185, -5.692e-5
0.184, -5.692e-5
0.183, -5.663e-5
0.182, -5.702e-5
0.181, -5.643e-5
0.180, -5.770e-5
0.179, -5.673e-5
0.178, -5.663e-5
0.177, -5.536e-5
0.176, -5.604e-5
0.175, -5.556e-5
0.174, -5.565e-5
0.173, -5.487e-5
0.172, -5.487e-5
0.171, -5.673e-5
0.170, -5.595e-5
0.169, -5.556e-5
0.168, -5.575e-5
0.167, -5.536e-5
0.166, -5.468e-5
0.165, -5.438e-5
0.164, -5.546e-5
0.163, -5.468e-5
0.162, -5.497e-5
0.161, -5.448e-5
0.160, -5.497e-5
0.159, -5.390e-5
0.158, -5.448e-5
0.157, -5.419e-5
0.156, -5.429e-5
0.155, -5.477e-5
0.154, -5.517e-5
0.153, -5.399e-5
0.152, -5.458e-5
0.151, -5.399e-5
0.150, -5.351e-5
0.149, -5.419e-5
0.148, -5.370e-5
0.147, -5.351e-5
0.146, -5.331e-5
0.145, -5.370e-5
0.144, -5.341e-5
0.143, -5.351e-5
0.142, -5.321e-5
0.141, -5.390e-5
0.140, -5.360e-5
0.139, -5.253e-5
0.138, -5.282e-5
0.137, -5.272e-5
0.136, -5.282e-5
0.135, -5.282e-5
0.134, -5.272e-5
0.133, -5.243e-5
0.132, -5.263e-5
0.131, -5.272e-5
0.130, -5.292e-5
0.129, -5.263e-5
0.128, -5.282e-5
0.127, -5.233e-5
0.126, -5.175e-5
0.125, -5.214e-5
0.124, -5.175e-5
0.123, -5.214e-5
0.122, -5.155e-5
0.121, -5.185e-5
0.120, -5.175e-5
0.119, -5.048e-5
0.118, -5.136e-5
0.117, -5.155e-5
0.116, -5.185e-5
0.115, -5.097e-5
0.114, -5.146e-5
0.113, -5.097e-5
0.112, -5.097e-5
0.111, -5.067e-5
0.110, -5.009e-5
0.109, -5.077e-5
0.108, -5.106e-5
0.107, -5.038e-5
0.106, -5.009e-5
0.105, -5.077e-5
0.104, -5.116e-5
0.103, -5.116e-5
0.102, -5.126e-5
0.101, -5.058e-5
0.100, -5.028e-5
0.099, -5.038e-5
0.098, -4.960e-5
0.097, -4.980e-5
0.096, -4.980e-5
0.095, -4.931e-5
0.094, -4.999e-5
0.093, -4.970e-5
0.092, -4.999e-5
0.091, -4.960e-5
0.090, -4.921e-5
0.089, -4.970e-5
0.088, -4.940e-5
0.087, -4.950e-5
0.086, -4.882e-5
0.085, -4.901e-5
0.084, -4.950e-5
0.083, -4.892e-5
0.082, -4.901e-5
0.081, -4.901e-5
0.080, -4.872e-5
0.079, -4.892e-5
0.078, -4.892e-5
0.077, -4.833e-5
0.076, -4.862e-5
0.075, -4.833e-5
0.074, -4.882e-5
0.073, -4.804e-5
0.072, -4.901e-5
0.071, -4.774e-5
0.070, -4.774e-5
0.069, -4.804e-5
0.068, -4.765e-5
0.067, -4.804e-5
0.066, -4.823e-5
0.065, -4.833e-5
0.064, -4.774e-5
0.063, -4.755e-5
0.062, -4.745e-5
0.061, -4.706e-5
0.060, -4.726e-5
0.059, -4.726e-5
0.058, -4.696e-5
0.057, -4.735e-5
0.056, -4.716e-5
0.055, -4.657e-5
0.054, -4.726e-5
0.053, -4.755e-5
0.052, -4.706e-5
0.051, -4.589e-5
0.050, -4.618e-5
0.049, -4.677e-5
0.048, -4.599e-5
0.047, -4.638e-5
0.046, -4.599e-5
0.045, -4.569e-5
0.044, -4.657e-5
0.043, -4.589e-5
0.042, -4.589e-5
0.041, -4.599e-5
0.040, -4.579e-5
0.039, -4.530e-5
0.038, -4.530e-5
0.037, -4.579e-5
0.036, -4.560e-5
0.035, -4.560e-5
0.034, -4.511e-5
0.033, -4.443e-5
0.032, -4.530e-5
0.031, -4.472e-5
0.030, -4.443e-5
0.029, -4.491e-5
0.028, -4.482e-5
0.027, -4.423e-5
0.026, -4.491e-5
0.025, -4.491e-5
0.024, -4.491e-5
0.023, -4.472e-5
0.022, -4.452e-5
0.021, -4.443e-5
0.020, -4.423e-5
0.019, -4.423e-5
0.018, -4.433e-5
0.017, -4.452e-5
0.016, -4.413e-5
0.015, -4.433e-5
0.014, -4.403e-5
0.013, -4.452e-5
0.012, -4.384e-5
0.011, -4.403e-5
0.010, -4.413e-5
0.009, -4.355e-5
0.008, -4.296e-5
0.007, -4.364e-5
0.006, -4.325e-5
0.005, -4.335e-5
0.004, -4.335e-5
0.003, -4.306e-5
0.002, -4.267e-5
0.001, -4.325e-5
0.000, -3.700e-5
0.001, -2.705e-5
0.002, -2.509e-5
0.003, -2.334e-5
0.004, -2.129e-5
0.005, -2.099e-5
0.006, -2.002e-5
0.007, -1.865e-5
0.008, -1.826e-5
0.009, -1.806e-5
0.010, -1.728e-5
0.011, -1.670e-5
0.012, -1.572e-5
0.013, -1.572e-5
0.014, -1.474e-5
0.015, -1.435e-5
0.016, -1.386e-5
0.017, -1.426e-5
0.018, -1.377e-5
0.019, -1.328e-5
0.020, -1.357e-5
0.021, -1.260e-5
0.022, -1.142e-5
0.023, -1.133e-5
0.024, -1.133e-5
0.025, -1.045e-5
0.026, -1.103e-5
0.027, -1.074e-5
0.028, -1.045e-5
0.029, -1.045e-5
0.030, -9.471e-6
0.031, -9.959e-6
0.032, -9.861e-6
0.033, -8.983e-6
0.034, -9.276e-6
0.035, -9.373e-6
0.036, -7.909e-6
0.037, -8.983e-6
0.038, -8.104e-6
0.039, -8.299e-6
0.040, -8.104e-6
0.041, -7.713e-6
0.042, -7.713e-6
0.043, -7.420e-6
0.044, -7.030e-6
0.045, -7.518e-6
0.046, -7.420e-6
0.047, -6.249e-6
0.048, -6.737e-6
0.049, -7.030e-6
0.050, -7.323e-6
0.051, -6.346e-6
0.052, -6.249e-6
0.053, -6.346e-6
0.054, -6.249e-6
0.055, -6.346e-6
0.056, -6.444e-6
0.057, -5.858e-6
0.058, -5.663e-6
0.059, -5.565e-6
0.060, -6.054e-6
0.061, -4.882e-6
0.062, -5.468e-6
0.063, -5.077e-6
0.064, -5.272e-6
0.065, -5.077e-6
0.066, -5.175e-6
0.067, -4.394e-6
0.068, -4.101e-6
0.069, -4.198e-6
0.070, -4.491e-6
0.071, -4.394e-6
0.072, -4.394e-6
0.073, -4.296e-6
0.074, -4.687e-6
0.075, -3.906e-6
0.076, -4.296e-6
0.077, -3.613e-6
0.078, -3.808e-6
0.079, -3.320e-6
0.080, -3.222e-6
0.081, -3.124e-6
0.082, -3.320e-6
0.083, -3.320e-6
0.084, -3.320e-6
0.085, -2.929e-6
0.086, -3.515e-6
0.087, -3.320e-6
0.088, -2.929e-6
0.089, -3.222e-6
0.090, -3.222e-6
0.091, -3.417e-6
0.092, -1.855e-6
0.093, -3.027e-6
0.094, -2.832e-6
0.095, -2.441e-6
0.096, -3.222e-6
0.097, -2.539e-6
0.098, -1.953e-6
0.099, -1.757e-6
0.100, -1.660e-6
0.101, -1.269e-6
0.102, -1.074e-6
0.103, -1.269e-6
0.104, -1.367e-6
0.105, -2.050e-6
0.106, -2.441e-6
0.107, -1.172e-6
0.108, -1.465e-6
0.109, -1.953e-6
0.110, -1.172e-6
0.111, -1.562e-6
0.112, -1.953e-6
0.113, -5.858e-7
0.114, -1.074e-6
0.115, -1.074e-6
0.116, -8.787e-7
0.117, -1.172e-6
0.118, -4.283e-12
0.119, 1.953e-7
0.120, -2.929e-7
0.121, -1.953e-7
0.122, -3.906e-7
0.123, 3.905e-7
0.124, -4.283e-12
0.125, -9.764e-8
0.126, 6.835e-7
0.127, 1.953e-7
0.128, -4.283e-12
0.129, 3.905e-7
0.130, 9.764e-7
0.131, -4.283e-12
0.132, -9.764e-8
0.133, 3.905e-7
0.134, 1.074e-6
0.135, 3.905e-7
0.136, 9.763e-8
0.137, 1.074e-6
0.138, 3.905e-7
0.139, 8.787e-7
0.140, 8.787e-7
0.141, 7.811e-7
0.142, 1.074e-6
0.143, 1.172e-6
0.144, 3.905e-7
0.145, 1.562e-6
0.146, 9.764e-7
0.147, 1.367e-6
0.148, 1.855e-6
0.149, 1.855e-6
0.150, 2.246e-6
0.151, 2.148e-6
0.152, 1.953e-6
0.153, 2.734e-6
0.154, 2.441e-6
0.155, 1.953e-6
0.156, 2.246e-6
0.157, 2.148e-6
0.158, 2.148e-6
0.159, 2.050e-6
0.160, 2.831e-6
0.161, 2.636e-6
0.162, 2.636e-6
0.163, 3.027e-6
0.164, 2.148e-6
0.165, 2.246e-6
0.166, 1.953e-6
0.167, 2.636e-6
0.168, 2.929e-6
0.169, 3.027e-6
0.170, 2.734e-6
0.171, 3.417e-6
0.172, 3.124e-6
0.173, 2.343e-6
0.174, 2.831e-6
0.175, 3.222e-6
0.176, 2.636e-6
0.177, 3.027e-6
0.178, 3.222e-6
0.179, 3.222e-6
0.180, 4.101e-6
0.181, 3.710e-6
0.182, 3.710e-6
0.183, 3.906e-6
0.184, 3.613e-6
0.185, 3.906e-6
0.186, 3.515e-6
0.187, 4.589e-6
0.188, 4.687e-6
0.189, 4.003e-6
0.190, 4.296e-6
0.191, 4.296e-6
0.192, 4.491e-6
0.193, 4.101e-6
0.194, 3.613e-6
0.195, 4.198e-6
0.196, 4.394e-6
0.197, 4.296e-6
0.198, 4.980e-6
0.199, 4.784e-6
0.200, 5.272e-6
0.201, 4.980e-6
0.202, 4.687e-6
0.203, 5.175e-6
0.204, 5.272e-6
0.205, 4.101e-6
0.206, 5.370e-6
0.207, 5.370e-6
0.208, 5.272e-6
0.209, 4.784e-6
0.210, 5.565e-6
0.211, 5.663e-6
0.212, 5.956e-6
0.213, 6.054e-6
0.214, 6.054e-6
0.215, 5.761e-6
0.216, 6.249e-6
0.217, 5.858e-6
0.218, 5.956e-6
0.219, 6.054e-6
0.220, 5.956e-6
0.221, 6.932e-6
0.222, 6.249e-6
0.223, 6.151e-6
0.224, 6.542e-6
0.225, 7.420e-6
0.226, 7.030e-6
0.227, 7.128e-6
0.228, 7.616e-6
0.229, 7.616e-6
0.230, 7.420e-6
0.231, 7.518e-6
0.232, 8.299e-6
0.233, 8.299e-6
0.234, 8.202e-6
0.235, 8.202e-6
0.236, 7.811e-6
0.237, 8.690e-6
0.238, 8.690e-6
0.239, 8.397e-6
0.240, 8.494e-6
0.241, 8.983e-6
0.242, 9.373e-6
0.243, 8.397e-6
0.244, 9.373e-6
0.245, 9.666e-6
0.246, 9.861e-6
0.247, 9.764e-6
0.248, 1.015e-5
0.249, 9.569e-6
0.250, 1.006e-5
0.251, 1.084e-5
0.252, 1.054e-5
0.253, 1.045e-5
0.254, 1.152e-5
0.255, 1.142e-5
0.256, 1.094e-5
0.257, 1.113e-5
0.258, 1.162e-5
0.259, 1.172e-5
0.260, 1.211e-5
0.261, 1.250e-5
0.262, 1.279e-5
0.263, 1.260e-5
0.264, 1.328e-5
0.265, 1.299e-5
0.266, 1.299e-5
0.267, 1.308e-5
0.268, 1.426e-5
0.269, 1.318e-5
0.270, 1.386e-5
0.271, 1.435e-5
0.272, 1.465e-5
0.273, 1.543e-5
0.274, 1.455e-5
0.275, 1.533e-5
0.276, 1.640e-5
0.277, 1.640e-5
0.278, 1.611e-5
0.279, 1.631e-5
0.280, 1.621e-5
0.281, 1.631e-5
0.282, 1.582e-5
0.283, 1.718e-5
0.284, 1.748e-5
0.285, 1.709e-5
0.286, 1.748e-5
0.287, 1.787e-5
0.288, 1.718e-5
0.289, 1.855e-5
0.290, 1.865e-5
0.291, 1.845e-5
0.292, 1.914e-5
0.293, 1.972e-5
0.294, 1.953e-5
0.295, 1.943e-5
0.296, 2.002e-5
0.297, 2.031e-5
0.298, 2.031e-5
0.299, 2.099e-5
0.300, 2.050e-5
0.301, 2.089e-5
0.302, 2.148e-5
0.303, 2.197e-5
0.304, 2.246e-5
0.305, 2.255e-5
0.306, 2.226e-5
0.307, 2.402e-5
0.308, 2.373e-5
0.309, 2.402e-5
0.310, 2.363e-5
0.311, 2.441e-5
0.312, 2.421e-5
0.313, 2.451e-5
0.314, 2.460e-5
0.315, 2.558e-5
0.316, 2.529e-5
0.317, 2.548e-5
0.318, 2.587e-5
0.319, 2.685e-5
0.320, 2.656e-5
0.321, 2.666e-5
0.322, 2.753e-5
0.323, 2.656e-5
0.324, 2.753e-5
0.325, 2.705e-5
0.326, 2.783e-5
0.327, 2.802e-5
0.328, 2.851e-5
0.329, 2.841e-5
0.330, 2.890e-5
0.331, 2.900e-5
0.332, 2.997e-5
0.333, 2.988e-5
0.334, 3.037e-5
0.335, 3.027e-5
0.336, 3.037e-5
0.337, 3.163e-5
0.338, 3.212e-5
0.339, 3.183e-5
0.340, 3.183e-5
0.341, 3.261e-5
0.342, 3.290e-5
0.343, 3.290e-5
0.344, 3.310e-5
0.345, 3.329e-5
0.346, 3.310e-5
0.347, 3.349e-5
0.348, 3.437e-5
0.349, 3.408e-5
0.350, 3.505e-5
0.351, 3.515e-5
0.352, 3.505e-5
0.353, 3.622e-5
0.354, 3.681e-5
0.355, 3.642e-5
0.356, 3.740e-5
0.357, 3.700e-5
0.358, 3.779e-5
0.359, 3.808e-5
0.360, 3.886e-5
0.361, 3.915e-5
0.362, 3.847e-5
0.363, 3.964e-5
0.364, 4.032e-5
0.365, 4.013e-5
0.366, 4.023e-5
0.367, 4.091e-5
0.368, 4.140e-5
0.369, 4.198e-5
0.370, 4.237e-5
0.371, 4.237e-5
0.372, 4.325e-5
0.373, 4.364e-5
0.374, 4.433e-5
0.375, 4.374e-5
0.376, 4.501e-5
0.377, 4.540e-5
0.378, 4.589e-5
0.379, 4.687e-5
0.380, 4.755e-5
0.381, 4.784e-5
0.382, 4.814e-5
0.383, 4.901e-5
0.384, 4.960e-5
0.385, 4.999e-5
0.386, 5.028e-5
0.387, 5.077e-5
0.388, 5.243e-5
0.389, 5.214e-5
0.390, 5.360e-5
0.391, 5.438e-5
0.392, 5.565e-5
0.393, 5.663e-5
0.394, 5.673e-5
0.395, 5.741e-5
0.396, 5.897e-5
0.397, 6.014e-5
0.398, 6.151e-5
0.399, 6.268e-5
0.400, 6.366e-5
0.401, 6.581e-5
0.402, 6.737e-5
0.403, 6.952e-5
0.404, 7.108e-5
0.405, 7.362e-5
0.406, 7.596e-5
0.407, 7.948e-5
0.408, 8.211e-5
0.409, 8.612e-5
0.410, 8.348e-5
0.411, 9.403e-5
0.412, 1.017e-4
0.413, 1.090e-4
0.414, 1.177e-4
0.415, 1.283e-4
0.416, 1.413e-4
0.417, 1.570e-4
0.418, 1.747e-4
0.419, 1.968e-4
0.420, 2.221e-4
0.421, 2.533e-4
0.422, 2.887e-4
0.423, 3.290e-4
0.424, 3.783e-4
0.425, 4.353e-4
0.426, 5.026e-4
0.427, 5.811e-4
0.428, 6.709e-4
0.429, 7.735e-4
0.430, 8.904e-4
0.431, 1.018e-3
0.432, 1.153e-3
0.433, 1.284e-3
0.434, 1.422e-3
0.435, 1.561e-3
0.436, 1.698e-3
0.437, 1.832e-3
0.438, 1.966e-3
0.439, 2.091e-3
0.440, 2.210e-3
0.441, 2.331e-3
0.442, 2.438e-3
0.443, 2.533e-3
0.444, 2.617e-3
0.445, 2.683e-3
0.446, 2.729e-3
0.447, 2.758e-3
0.448, 2.767e-3
0.449, 2.756e-3
0.450, 2.726e-3
0.451, 2.676e-3
0.452, 2.604e-3
0.453, 2.512e-3
0.454, 2.405e-3
0.455, 2.287e-3
0.456, 2.161e-3
0.457, 2.027e-3
0.458, 1.892e-3
0.459, 1.757e-3
0.460, 1.632e-3
0.461, 1.509e-3
0.462, 1.397e-3
0.463, 1.291e-3
0.464, 1.202e-3
0.465, 1.120e-3
0.466, 1.044e-3
0.467, 9.789e-4
0.468, 9.220e-4
0.469, 8.705e-4
0.470, 8.228e-4
0.471, 7.802e-4
0.472, 7.447e-4
0.473, 7.115e-4
0.474, 6.777e-4
0.475, 6.520e-4
0.476, 6.287e-4
0.477, 6.043e-4
0.478, 5.836e-4
0.479, 5.635e-4
0.480, 5.458e-4
0.481, 5.298e-4
0.482, 5.145e-4
0.483, 5.002e-4
0.484, 4.862e-4
0.485, 4.742e-4
0.486, 4.628e-4
0.487, 4.529e-4
0.488, 4.419e-4
0.489, 4.330e-4
0.490, 4.231e-4
0.491, 4.132e-4
0.492, 4.058e-4
0.493, 3.982e-4
0.494, 3.910e-4
0.495, 3.830e-4
0.496, 3.775e-4
0.497, 3.708e-4
0.498, 3.641e-4
0.499, 3.570e-4
0.500, 3.516e-4
0.501, 3.465e-4
0.502, 3.416e-4
0.503, 3.353e-4
0.504, 3.312e-4
0.505, 3.271e-4
0.506, 3.231e-4
0.507, 3.176e-4
0.508, 3.143e-4
0.509, 3.099e-4
0.510, 3.057e-4
0.511, 3.022e-4
0.512, 3.030e-4
0.513, 2.979e-4
0.514, 2.928e-4
0.515, 2.879e-4
0.516, 2.859e-4
0.517, 2.812e-4
0.518, 2.788e-4
0.519, 2.755e-4
0.520, 2.736e-4
0.521, 2.704e-4
0.522, 2.663e-4
0.523, 2.629e-4
0.524, 2.611e-4
0.525, 2.564e-4
0.526, 2.545e-4
0.527, 2.523e-4
0.528, 2.484e-4
0.529, 2.485e-4
0.530, 2.451e-4
0.531, 2.433e-4
0.532, 2.412e-4
0.533, 2.399e-4
0.534, 2.367e-4
0.535, 2.337e-4
0.536, 2.312e-4
0.537, 2.305e-4
0.538, 2.283e-4
0.539, 2.263e-4
0.540, 2.238e-4
0.541, 2.221e-4
0.542, 2.210e-4
0.543, 2.187e-4
0.544, 2.175e-4
0.545, 2.157e-4
0.546, 2.132e-4
0.547, 2.125e-4
0.548, 2.109e-4
0.549, 2.096e-4
0.550, 2.091e-4
0.551, 2.057e-4
0.552, 2.057e-4
0.553, 2.046e-4
0.554, 2.046e-4
0.555, 2.044e-4
0.556, 2.023e-4
0.557, 2.018e-4
0.558, 2.010e-4
0.559, 2.004e-4
0.560, 1.980e-4
0.561, 1.985e-4
0.562, 1.981e-4
0.563, 1.972e-4
0.564, 1.974e-4
0.565, 1.968e-4
0.566, 1.963e-4
0.567, 1.968e-4
0.568, 1.962e-4
0.569, 1.968e-4
0.570, 1.963e-4
0.571, 1.969e-4
0.572, 1.978e-4
0.573, 1.974e-4
0.574, 1.987e-4
0.575, 1.992e-4
0.576, 1.982e-4
0.577, 2.005e-4
0.578, 2.021e-4
0.579, 2.034e-4
0.580, 2.049e-4
0.581, 2.053e-4
0.582, 2.076e-4
0.583, 2.087e-4
0.584, 2.113e-4
0.585, 2.132e-4
0.586, 2.160e-4
0.587, 2.183e-4
0.588, 2.216e-4
0.589, 2.251e-4
0.590, 2.279e-4
0.591, 2.308e-4
0.592, 2.346e-4
0.593, 2.383e-4
0.594, 2.422e-4
0.595, 2.471e-4
0.596, 2.515e-4
0.597, 2.557e-4
0.598, 2.620e-4
0.599, 2.666e-4
0.600, 2.726e-4
0.601, 2.792e-4
0.602, 2.841e-4
0.603, 2.922e-4
0.604, 2.993e-4
0.605, 3.059e-4
0.606, 3.154e-4
0.607, 3.236e-4
0.608, 3.324e-4
0.609, 3.426e-4
0.610, 3.526e-4
0.611, 3.637e-4
0.612, 3.744e-4
0.613, 3.860e-4
0.614, 3.985e-4
0.615, 4.093e-4
0.616, 4.244e-4
0.617, 4.391e-4
0.618, 4.561e-4
0.619, 4.715e-4
0.620, 4.895e-4
0.621, 5.061e-4
0.622, 5.248e-4
0.623, 5.447e-4
0.624, 5.648e-4
0.625, 5.863e-4
0.626, 6.090e-4
0.627, 6.309e-4
0.628, 6.543e-4
0.629, 6.787e-4
0.630, 7.068e-4
0.631, 7.348e-4
0.632, 7.621e-4
0.633, 7.910e-4
0.634, 8.212e-4
0.635, 8.556e-4
0.636, 8.881e-4
0.637, 9.218e-4
0.638, 9.582e-4
0.639, 9.955e-4
0.640, 1.035e-3
0.641, 1.075e-3
0.642, 1.118e-3
0.643, 1.162e-3
0.644, 1.207e-3
0.645, 1.251e-3
0.646, 1.297e-3
0.647, 1.350e-3
0.648, 1.400e-3
0.649, 1.453e-3
0.650, 1.507e-3
0.651, 1.565e-3
0.652, 1.626e-3
0.653, 1.682e-3
0.654, 1.742e-3
0.655, 1.807e-3
0.656, 1.874e-3
0.657, 1.941e-3
0.658, 2.009e-3
0.659, 2.081e-3
0.660, 2.155e-3
0.661, 2.226e-3
0.662, 2.301e-3
0.663, 2.388e-3
0.664, 2.466e-3
0.665, 2.548e-3
0.666, 2.634e-3
0.667, 2.719e-3
0.668, 2.809e-3
0.669, 2.901e-3
0.670, 2.993e-3
0.671, 3.088e-3
0.672, 3.184e-3
0.673, 3.281e-3
0.674, 3.385e-3
0.675, 3.486e-3
0.676, 3.593e-3
0.677, 3.698e-3
0.678, 3.805e-3
0.679, 3.917e-3
0.680, 4.029e-3
0.681, 4.144e-3
0.682, 4.260e-3
0.683, 4.380e-3
0.684, 4.500e-3
0.685, 4.620e-3
0.686, 4.743e-3
0.687, 4.870e-3
0.688, 4.999e-3
0.689, 5.126e-3
0.690, 5.254e-3
0.691, 5.388e-3
0.692, 5.524e-3
0.693, 5.659e-3
0.694, 5.797e-3
0.695, 5.934e-3
0.696, 6.074e-3
0.697, 6.219e-3
0.698, 6.366e-3
0.699, 6.513e-3
0.700, 6.657e-3
0.701, 6.807e-3
0.702, 6.960e-3
0.703, 7.114e-3
0.704, 7.270e-3
0.705, 7.425e-3
0.706, 7.580e-3
0.707, 7.741e-3
0.708, 7.908e-3
0.709, 8.071e-3
0.710, 8.238e-3
0.711, 8.411e-3
0.712, 8.581e-3
0.713, 8.753e-3
0.714, 8.926e-3
0.715, 9.102e-3
0.716, 9.277e-3
0.717, 9.464e-3
0.718, 9.645e-3
0.719, 9.826e-3
0.720, 1.000e-2
0.721, 1.018e-2
0.722, 1.036e-2
0.723, 1.055e-2
0.724, 1.073e-2
0.725, 1.092e-2
0.726, 1.111e-2
0.727, 1.130e-2
0.728, 1.149e-2
0.729, 1.168e-2
0.730, 1.187e-2
0.731, 1.206e-2
0.732, 1.226e-2
0.733, 1.245e-2
0.734, 1.265e-2
0.735, 1.285e-2
0.736, 1.305e-2
0.737, 1.326e-2
0.738, 1.347e-2
0.739, 1.368e-2
0.740, 1.387e-2
0.741, 1.408e-2
0.742, 1.429e-2
0.743, 1.451e-2
0.744, 1.473e-2
0.745, 1.494e-2
0.746, 1.516e-2
0.747, 1.537e-2
0.748, 1.559e-2
0.749, 1.581e-2
0.750, 1.603e-2
0.751, 1.625e-2
0.752, 1.648e-2
0.753, 1.670e-2
0.754, 1.691e-2
0.755, 1.715e-2
0.756, 1.738e-2
0.757, 1.759e-2
0.758, 1.783e-2
0.759, 1.807e-2
0.760, 1.829e-2
0.761, 1.852e-2
0.762, 1.876e-2
0.763, 1.899e-2
0.764, 1.922e-2
0.765, 1.945e-2
0.766, 1.969e-2
0.767, 1.992e-2
0.768, 2.015e-2
0.769, 2.037e-2
0.770, 2.060e-2
0.771, 2.084e-2
0.772, 2.109e-2
0.773, 2.132e-2
0.774, 2.156e-2
0.775, 2.179e-2
0.776, 2.204e-2
0.777, 2.229e-2
0.778, 2.254e-2
0.779, 2.277e-2
0.780, 2.303e-2
0.781, 2.328e-2
0.782, 2.352e-2
0.783, 2.378e-2
0.784, 2.404e-2
0.785, 2.427e-2
0.786, 2.451e-2
0.787, 2.477e-2
0.788, 2.502e-2
0.789, 2.527e-2
0.790, 2.552e-2
0.791, 2.579e-2
0.792, 2.603e-2
0.793, 2.627e-2
0.794, 2.652e-2
0.795, 2.679e-2
0.796, 2.705e-2
0.797, 2.729e-2
0.798, 2.756e-2
0.799, 2.782e-2
0.800, 2.800e-2
0.799, 2.780e-2
0.798, 2.752e-2
0.797, 2.724e-2
0.796, 2.696e-2
0.795, 2.669e-2
0.794, 2.641e-2
0.793, 2.613e-2
0.792, 2.586e-2
0.791, 2.558e-2
0.790, 2.530e-2
0.789, 2.502e-2
0.788, 2.476e-2
0.787, 2.451e-2
0.786, 2.426e-2
0.785, 2.399e-2
0.784, 2.374e-2
0.783, 2.347e-2
0.782, 2.320e-2
0.781, 2.295e-2
0.780, 2.269e-2
0.779, 2.243e-2
0.778, 2.218e-2
0.777, 2.193e-2
0.776, 2.168e-2
0.775, 2.143e-2
0.774, 2.117e-2
0.773, 2.091e-2
0.772, 2.066e-2
0.771, 2.043e-2
0.770, 2.017e-2
0.769, 1.992e-2
0.768, 1.966e-2
0.767, 1.942e-2
0.766, 1.920e-2
0.765, 1.896e-2
0.764, 1.873e-2
0.763, 1.848e-2
0.762, 1.825e-2
0.761, 1.801e-2
0.760, 1.778e-2
0.759, 1.756e-2
0.758, 1.733e-2
0.757, 1.710e-2
0.756, 1.686e-2
0.755, 1.663e-2
0.754, 1.639e-2
0.753, 1.617e-2
0.752, 1.595e-2
0.751, 1.572e-2
0.750, 1.551e-2
0.749, 1.528e-2
0.748, 1.507e-2
0.747, 1.486e-2
0.746, 1.464e-2
0.745, 1.443e-2
0.744, 1.421e-2
0.743, 1.400e-2
0.742, 1.380e-2
0.741, 1.359e-2
0.740, 1.338e-2
0.739, 1.316e-2
0.738, 1.295e-2
0.737, 1.275e-2
0.736, 1.254e-2
0.735, 1.235e-2
0.734, 1.215e-2
0.733, 1.195e-2
0.732, 1.175e-2
0.731, 1.157e-2
0.730, 1.138e-2
0.729, 1.119e-2
0.728, 1.101e-2
0.727, 1.082e-2
0.726, 1.063e-2
0.725, 1.045e-2
0.724, 1.026e-2
0.723, 1.007e-2
0.722, 9.887e-3
0.721, 9.706e-3
0.720, 9.527e-3
0.719, 9.348e-3
0.718, 9.171e-3
0.717, 8.994e-3
0.716, 8.817e-3
0.715, 8.652e-3
0.714, 8.493e-3
0.713, 8.325e-3
0.712, 8.156e-3
0.711, 7.992e-3
0.710, 7.827e-3
0.709, 7.663e-3
0.708, 7.502e-3
0.707, 7.343e-3
0.706, 7.188e-3
0.705, 7.035e-3
0.704, 6.881e-3
0.703, 6.726e-3
0.702, 6.578e-3
0.701, 6.431e-3
0.700, 6.287e-3
0.699, 6.141e-3
0.698, 6.004e-3
0.697, 5.868e-3
0.696, 5.729e-3
0.695, 5.591e-3
0.694, 5.457e-3
0.693, 5.328e-3
0.692, 5.195e-3
0.691, 5.065e-3
0.690, 4.935e-3
0.689, 4.808e-3
0.688, 4.681e-3
0.687, 4.560e-3
0.686, 4.440e-3
0.685, 4.321e-3
0.684, 4.203e-3
0.683, 4.088e-3
0.682, 3.972e-3
0.681, 3.858e-3
0.680, 3.743e-3
0.679, 3.636e-3
0.678, 3.530e-3
0.677, 3.426e-3
0.676, 3.322e-3
0.675, 3.220e-3
0.674, 3.122e-3
0.673, 3.025e-3
0.672, 2.930e-3
0.671, 2.838e-3
0.670, 2.744e-3
0.669, 2.653e-3
0.668, 2.564e-3
0.667, 2.477e-3
0.666, 2.397e-3
0.665, 2.313e-3
0.664, 2.232e-3
0.663, 2.156e-3
0.662, 2.079e-3
0.661, 2.004e-3
0.660, 1.932e-3
0.659, 1.861e-3
0.658, 1.788e-3
0.657, 1.721e-3
0.656, 1.657e-3
0.655, 1.594e-3
0.654, 1.529e-3
0.653, 1.469e-3
0.652, 1.410e-3
0.651, 1.353e-3
0.650, 1.296e-3
0.649, 1.244e-3
0.648, 1.192e-3
0.647, 1.141e-3
0.646, 1.092e-3
0.645, 1.044e-3
0.644, 9.973e-4
0.643, 9.528e-4
0.642, 9.090e-4
0.641, 8.679e-4
0.640, 8.265e-4
0.639, 7.867e-4
0.638, 7.492e-4
0.637, 7.137e-4
0.636, 6.774e-4
0.635, 6.450e-4
0.634, 6.119e-4
0.633, 5.787e-4
0.632, 5.491e-4
0.631, 5.189e-4
0.630, 4.913e-4
0.629, 4.633e-4
0.628, 4.374e-4
0.627, 4.136e-4
0.626, 3.889e-4
0.625, 3.656e-4
0.624, 3.449e-4
0.623, 3.239e-4
0.622, 3.042e-4
0.621, 2.860e-4
0.620, 2.668e-4
0.619, 2.505e-4
0.618, 2.342e-4
0.617, 2.174e-4
0.616, 2.013e-4
0.615, 1.868e-4
0.614, 1.744e-4
0.613, 1.596e-4
0.612, 1.461e-4
0.611, 1.336e-4
0.610, 1.220e-4
0.609, 1.095e-4
0.608, 9.852e-5
0.607, 8.758e-5
0.606, 7.791e-5
0.605, 6.835e-5
0.604, 5.878e-5
0.603, 5.048e-5
0.602, 4.247e-5
0.601, 3.417e-5
0.600, 2.763e-5
0.599, 2.031e-5
0.598, 1.201e-5
0.597, 5.370e-6
0.596, -3.906e-7
0.595, -5.858e-6
0.594, -1.220e-5
0.593, -1.806e-5
0.592, -2.265e-5
0.591, -2.734e-5
0.590, -3.203e-5
0.589, -3.749e-5
0.588, -3.993e-5
0.587, -4.403e-5
0.586, -4.833e-5
0.585, -5.165e-5
0.584, -5.556e-5
0.583, -5.946e-5
0.582, -6.268e-5
0.581, -6.620e-5
0.580, -7.010e-5
0.579, -7.128e-5
0.578, -7.420e-5
0.577, -7.665e-5
0.576, -7.909e-5
0.575, -8.270e-5
0.574, -8.514e-5
0.573, -8.621e-5
0.572, -8.934e-5
0.571, -9.197e-5
0.570, -9.383e-5
0.569, -9.539e-5
0.568, -9.715e-5
0.567, -9.998e-5
0.566, -1.021e-4
0.565, -1.028e-4
0.564, -1.049e-4
0.563, -1.065e-4
0.562, -1.080e-4
0.561, -1.097e-4
0.560, -1.113e-4
0.559, -1.141e-4
0.558, -1.157e-4
0.557, -1.172e-4
0.556, -1.188e-4
0.555, -1.195e-4
0.554, -1.222e-4
0.553, -1.229e-4
0.552, -1.238e-4
0.551, -1.253e-4
0.550, -1.248e-4
0.549, -1.271e-4
0.548, -1.295e-4
0.547, -1.306e-4
0.546, -1.329e-4
0.545, -1.345e-4
0.544, -1.357e-4
0.543, -1.361e-4
0.542, -1.382e-4
0.541, -1.388e-4
0.540, -1.411e-4
0.539, -1.417e-4
0.538, -1.442e-4
0.537, -1.450e-4
0.536, -1.461e-4
0.535, -1.477e-4
0.534, -1.480e-4
0.533, -1.496e-4
0.532, -1.501e-4
0.531, -1.516e-4
0.530, -1.530e-4
0.529, -1.550e-4
0.528, -1.557e-4
0.527, -1.582e-4
0.526, -1.583e-4
0.525, -1.583e-4
0.524, -1.602e-4
0.523, -1.623e-4
0.522, -1.634e-4
0.521, -1.646e-4
0.520, -1.653e-4
0.519, -1.685e-4
0.518, -1.684e-4
0.517, -1.692e-4
0.516, -1.714e-4
0.515, -1.722e-4
0.514, -1.748e-4
0.513, -1.755e-4
0.512, -1.806e-4
0.511, -1.794e-4
0.510, -1.780e-4
0.509, -1.810e-4
0.508, -1.823e-4
0.507, -1.818e-4
0.506, -1.839e-4
0.505, -1.853e-4
0.504, -1.869e-4
0.503, -1.881e-4
0.502, -1.885e-4
0.501, -1.915e-4
0.500, -1.922e-4
0.499, -1.908e-4
0.498, -1.935e-4
0.497, -1.946e-4
0.496, -1.959e-4
0.495, -1.978e-4
0.494, -1.999e-4
0.493, -2.016e-4
0.492, -2.023e-4
0.491, -2.032e-4
0.490, -2.051e-4
0.489, -2.058e-4
0.488, -2.082e-4
0.487, -2.107e-4
0.486, -2.116e-4
0.485, -2.129e-4
0.484, -2.139e-4
0.483, -2.162e-4
0.482, -2.185e-4
0.481, -2.195e-4
0.480, -2.211e-4
0.479, -2.236e-4
0.478, -2.250e-4
0.477, -2.278e-4
0.476, -2.297e-4
0.475, -2.316e-4
0.474, -2.336e-4
0.473, -2.357e-4
0.472, -2.385e-4
0.471, -2.412e-4
0.470, -2.425e-4
0.469, -2.467e-4
0.468, -2.492e-4
0.467, -2.516e-4
0.466, -2.549e-4
0.465, -2.576e-4
0.464, -2.614e-4
0.463, -2.643e-4
0.462, -2.690e-4
0.461, -2.735e-4
0.460, -2.758e-4
0.459, -2.798e-4
0.458, -2.831e-4
0.457, -2.876e-4
0.456, -2.928e-4
0.455, -2.970e-4
0.454, -3.006e-4
0.453, -3.066e-4
0.452, -3.115e-4
0.451, -3.162e-4
0.450, -3.216e-4
0.449, -3.274e-4
0.448, -3.315e-4
0.447, -3.383e-4
0.446, -3.454e-4
0.445, -3.514e-4
0.444, -3.575e-4
0.443, -3.643e-4
0.442, -3.720e-4
0.441, -3.799e-4
0.440, -3.874e-4
0.439, -3.950e-4
0.438, -4.022e-4
0.437, -4.100e-4
0.436, -4.177e-4
0.435, -4.278e-4
0.434, -4.363e-4
0.433, -4.445e-4
0.432, -4.521e-4
0.431, -4.624e-4
0.430, -4.724e-4
0.429, -4.823e-4
0.428, -4.934e-4
0.427, -5.038e-4
0.426, -5.152e-4
0.425, -5.269e-4
0.424, -5.398e-4
0.423, -5.525e-4
0.422, -5.628e-4
0.421, -5.784e-4
0.420, -5.944e-4
0.419, -6.087e-4
0.418, -6.245e-4
0.417, -6.412e-4
0.416, -6.591e-4
0.415, -6.758e-4
0.414, -6.924e-4
0.413, -7.111e-4
0.412, -7.300e-4
0.411, -7.498e-4
0.410, -7.591e-4
0.409, -7.552e-4
0.408, -7.908e-4
0.407, -8.211e-4
0.406, -8.504e-4
0.405, -8.791e-4
0.404, -9.096e-4
0.403, -9.396e-4
0.402, -9.710e-4
0.401, -1.002e-3
0.400, -1.035e-3
0.399, -1.070e-3
0.398, -1.106e-3
0.397, -1.144e-3
0.396, -1.180e-3
0.395, -1.217e-3
0.394, -1.260e-3
0.393, -1.302e-3
0.392, -1.347e-3
0.391, -1.394e-3
0.390, -1.438e-3
0.389, -1.484e-3
0.388, -1.530e-3
0.387, -1.575e-3
0.386, -1.623e-3
0.385, -1.667e-3
0.384, -1.708e-3
0.383, -1.748e-3
0.382, -1.782e-3
0.381, -1.816e-3
0.380, -1.843e-3
0.379, -1.865e-3
0.378, -1.884e-3
0.377, -1.894e-3
0.376, -1.899e-3
0.375, -1.896e-3
0.374, -1.882e-3
0.373, -1.862e-3
0.372, -1.833e-3
0.371, -1.794e-3
0.370, -1.750e-3
0.369, -1.697e-3
0.368, -1.633e-3
0.367, -1.559e-3
0.366, -1.477e-3
0.365, -1.390e-3
0.364, -1.298e-3
0.363, -1.201e-3
0.362, -1.106e-3
0.361, -1.010e-3
0.360, -9.188e-4
0.359, -8.333e-4
0.358, -7.535e-4
0.357, -6.828e-4
0.356, -6.196e-4
0.355, -5.613e-4
0.354, -5.124e-4
0.353, -4.698e-4
0.352, -4.338e-4
0.351, -4.025e-4
0.350, -3.745e-4
0.349, -3.495e-4
0.348, -3.278e-4
0.347, -3.094e-4
0.346, -2.933e-4
0.345, -2.782e-4
0.344, -2.660e-4
0.343, -2.548e-4
0.342, -2.441e-4
0.341, -2.357e-4
0.340, -2.278e-4
0.339, -2.202e-4
0.338, -2.131e-4
0.337, -2.067e-4
0.336, -2.014e-4
0.335, -1.959e-4
0.334, -1.908e-4
0.333, -1.865e-4
0.332, -1.822e-4
0.331, -1.780e-4
0.330, -1.744e-4
0.329, -1.704e-4
0.328, -1.672e-4
0.327, -1.643e-4
0.326, -1.611e-4
0.325, -1.582e-4
0.324, -1.552e-4
0.323, -1.523e-4
0.322, -1.500e-4
0.321, -1.478e-4
0.320, -1.447e-4
0.319, -1.425e-4
0.318, -1.408e-4
0.317, -1.381e-4
0.316, -1.367e-4
0.315, -1.347e-4
0.314, -1.329e-4
0.313, -1.303e-4
0.312, -1.291e-4
0.311, -1.268e-4
0.310, -1.254e-4
0.309, -1.243e-4
0.308, -1.232e-4
0.307, -1.219e-4
0.306, -1.196e-4
0.305, -1.187e-4
0.304, -1.164e-4
0.303, -1.162e-4
0.302, -1.137e-4
0.301, -1.125e-4
0.300, -1.112e-4
0.299, -1.104e-4
0.298, -1.088e-4
0.297, -1.080e-4
0.296, -1.075e-4
0.295, -1.063e-4
0.294, -1.046e-4
0.293, -1.028e-4
0.292, -1.025e-4
0.291, -1.012e-4
0.290, -1.007e-4
0.289, -9.949e-5
0.288, -9.832e-5
0.287, -9.803e-5
0.286, -9.715e-5
0.285, -9.578e-5
0.284, -9.510e-5
0.283, -9.412e-5
0.282, -9.334e-5
0.281, -9.237e-5
0.280, -9.149e-5
0.279, -9.090e-5
0.278, -9.119e-5
0.277, -8.924e-5
0.276, -8.914e-5
0.275, -8.797e-5
0.274, -8.758e-5
0.273, -8.709e-5
0.272, -8.660e-5
0.271, -8.573e-5
0.270, -8.485e-5
0.269, -8.407e-5
0.268, -8.299e-5
0.267, -8.299e-5
0.266, -8.260e-5
0.265, -8.172e-5
0.264, -8.055e-5
0.263, -8.075e-5
0.262, -8.016e-5
0.261, -7.957e-5
0.260, -7.889e-5
0.259, -7.840e-5
0.258, -7.782e-5
0.257, -7.752e-5
0.256, -7.713e-5
0.255, -7.713e-5
0.254, -7.528e-5
0.253, -7.499e-5
0.252, -7.616e-5
0.251, -7.499e-5
0.250, -7.440e-5
0.249, -7.362e-5
0.248, -7.342e-5
0.247, -7.264e-5
0.246, -7.186e-5
0.245, -7.264e-5
0.244, -7.167e-5
0.243, -7.040e-5
0.242, -7.059e-5
0.241, -7.137e-5
0.240, -7.020e-5
0.239, -6.932e-5
0.238, -6.923e-5
0.237, -6.932e-5
0.236, -6.923e-5
0.235, -6.893e-5
0.234, -6.805e-5
0.233, -6.737e-5
0.232, -6.747e-5
0.231, -6.737e-5
0.230, -6.678e-5
0.229, -6.630e-5
0.228, -6.610e-5
0.227, -6.542e-5
0.226, -6.561e-5
0.225, -6.473e-5
0.224, -6.483e-5
0.223, -6.434e-5
0.222, -6.444e-5
0.221, -6.425e-5
0.220, -6.434e-5
0.219, -6.405e-5
0.218, -6.317e-5
0.217, -6.288e-5
0.216, -6.259e-5
0.215, -6.327e-5
0.214, -6.288e-5
0.213, -6.210e-5
0.212, -6.161e-5
0.211, -6.200e-5
0.210, -6.180e-5
0.209, -6.132e-5
0.208, -6.102e-5
0.207, -6.063e-5
0.206, -6.054e-5
0.205, -6.054e-5
0.204, -5.995e-5
0.203, -6.073e-5
0.202, -6.005e-5
0.201, -5.975e-5
0.200, -5.966e-5
0.199, -5.946e-5
0.198, -5.917e-5
0.197, -5.917e-5
0.196, -5.858e-5
0.195, -5.917e-5
0.194, -5.907e-5
0.193, -5.907e-5
0.192, -5.819e-5
0.191, -5.819e-5
0.190, -5.829e-5
0.189, -5.819e-5
0.188, -5.731e-5
0.187, -5.790e-5
0.186, -5.829e-5
0.185, -5.800e-5
0.184, -5.761e-5
0.183, -5.809e-5
0.182, -5.663e-5
0.181, -5.751e-5
0.180, -5.731e-5
0.179, -5.712e-5
0.178, -5.643e-5
0.177, -5.653e-5
0.176, -5.614e-5
0.175, -5.653e-5
0.174, -5.536e-5
0.173, -5.517e-5
0.172, -5.614e-5
0.171, -5.614e-5
0.170, -5.517e-5
0.169, -5.556e-5
0.168, -5.526e-5
0.167, -5.468e-5
0.166, -5.438e-5
0.165, -5.487e-5
0.164, -5.507e-5
0.163, -5.585e-5
0.162, -5.497e-5
0.161, -5.487e-5
0.160, -5.487e-5
0.159, -5.517e-5
0.158, -5.507e-5
0.157, -5.458e-5
0.156, -5.468e-5
0.155, -5.438e-5
0.154, -5.487e-5
0.153, -5.409e-5
0.152, -5.399e-5
0.151, -5.448e-5
0.150, -5.448e-5
0.149, -5.419e-5
0.148, -5.399e-5
0.147, -5.351e-5
0.146, -5.399e-5
0.145, -5.351e-5
0.144, -5.292e-5
0.143, -5.311e-5
0.142, -5.321e-5
0.141, -5.380e-5
0.140, -5.302e-5
0.139, -5.243e-5
0.138, -5.243e-5
0.137, -5.331e-5
0.136, -5.263e-5
0.135, -5.292e-5
0.134, -5.272e-5
0.133, -5.272e-5
0.132, -5.263e-5
0.131, -5.204e-5
0.130, -5.282e-5
0.129, -5.253e-5
0.128, -5.292e-5
0.127, -5.311e-5
0.126, -5.282e-5
0.125, -5.194e-5
0.124, -5.243e-5
0.123, -5.243e-5
0.122, -5.204e-5
0.121, -5.155e-5
0.120, -5.243e-5
0.119, -5.155e-5
0.118, -5.204e-5
0.117, -5.194e-5
0.116, -5.175e-5
0.115, -5.126e-5
0.114, -5.097e-5
0.113, -5.175e-5
0.112, -5.067e-5
0.111, -5.087e-5
0.110, -5.155e-5
0.109, -5.116e-5
0.108, -5.106e-5
0.107, -5.146e-5
0.106, -5.077e-5
0.105, -5.087e-5
0.104, -5.067e-5
0.103, -5.194e-5
0.102, -5.116e-5
0.101, -5.067e-5
0.100, -5.048e-5
0.099, -5.097e-5
0.098, -5.087e-5
0.097, -4.999e-5
0.096, -5.067e-5
0.095, -5.106e-5
0.094, -5.019e-5
0.093, -4.999e-5
0.092, -5.038e-5
0.091, -4.921e-5
0.090, -4.950e-5
0.089, -4.999e-5
0.088, -5.028e-5
0.087, -4.882e-5
0.086, -4.853e-5
0.085, -4.989e-5
0.084, -4.921e-5
0.083, -4.892e-5
0.082, -4.882e-5
0.081, -4.911e-5
0.080, -4.882e-5
0.079, -4.814e-5
0.078, -4.901e-5
0.077, -4.882e-5
0.076, -4.872e-5
0.075, -4.862e-5
0.074, -4.862e-5
0.073, -4.862e-5
0.072, -4.784e-5
0.071, -4.804e-5
0.070, -4.794e-5
0.069, -4.804e-5
0.068, -4.784e-5
0.067, -4.804e-5
0.066, -4.706e-5
0.065, -4.735e-5
0.064, -4.667e-5
0.063, -4.765e-5
0.062, -4.745e-5
0.061, -4.755e-5
0.060, -4.735e-5
0.059, -4.716e-5
0.058, -4.774e-5
0.057, -4.696e-5
0.056, -4.609e-5
0.055, -4.745e-5
0.054, -4.687e-5
0.053, -4.706e-5
0.052, -4.696e-5
0.051, -4.657e-5
0.050, -4.706e-5
0.049, -4.657e-5
0.048, -4.677e-5
0.047, -4.638e-5
0.046, -4.648e-5
0.045, -4.628e-5
0.044, -4.638e-5
0.043, -4.638e-5
0.042, -4.628e-5
0.041, -4.550e-5
0.040, -4.511e-5
0.039, -4.550e-5
0.038, -4.589e-5
0.037, -4.491e-5
0.036, -4.569e-5
0.035, -4.482e-5
0.034, -4.540e-5
0.033, -4.550e-5
0.032, -4.472e-5
0.031, -4.521e-5
0.030, -4.560e-5
0.029, -4.472e-5
0.028, -4.530e-5
0.027, -4.540e-5
0.026, -4.560e-5
0.025, -4.511e-5
0.024, -4.501e-5
0.023, -4.443e-5
0.022, -4.443e-5
0.021, -4.472e-5
0.020, -4.433e-5
0.019, -4.384e-5
0.018, -4.462e-5
0.017, -4.462e-5
0.016, -4.491e-5
0.015, -4.403e-5
0.014, -4.443e-5
0.013, -4.433e-5
0.012, -4.277e-5
0.011, -4.345e-5
0.010, -4.325e-5
0.009, -4.306e-5
0.008, -4.335e-5
0.007, -4.384e-5
0.006, -4.306e-5
0.005, -4.257e-5
0.004, -4.316e-5
0.003, -4.267e-5
0.002, -4.394e-5
0.001, -4.364e-5
0.000, -3.691e-5
0.001, -2.636e-5
0.002, -2.402e-5
0.003, -2.324e-5
0.004, -2.197e-5
0.005, -2.099e-5
0.006, -2.011e-5
0.007, -1.875e-5
0.008, -1.855e-5
0.009, -1.699e-5
0.010, -1.709e-5
0.011, -1.631e-5
0.012, -1.660e-5
0.013, -1.543e-5
0.014, -1.465e-5
0.015, -1.367e-5
0.016, -1.367e-5
0.017, -1.396e-5
0.018, -1.299e-5
0.019, -1.308e-5
0.020, -1.318e-5
0.021, -1.201e-5
0.022, -1.269e-5
0.023, -1.113e-5
0.024, -1.142e-5
0.025, -1.103e-5
0.026, -1.054e-5
0.027, -9.959e-6
0.028, -1.074e-5
0.029, -1.045e-5
0.030, -9.959e-6
0.031, -9.373e-6
0.032, -9.471e-6
0.033, -9.178e-6
0.034, -9.373e-6
0.035, -9.276e-6
0.036, -8.494e-6
0.037, -8.494e-6
0.038, -8.494e-6
0.039, -8.299e-6
0.040, -7.909e-6
0.041, -7.909e-6
0.042, -8.885e-6
0.043, -7.616e-6
0.044, -8.104e-6
0.045, -7.030e-6
0.046, -8.006e-6
0.047, -6.932e-6
0.048, -6.639e-6
0.049, -6.346e-6
0.050, -6.346e-6
0.051, -6.737e-6
0.052, -5.858e-6
0.053, -6.151e-6
0.054, -5.663e-6
0.055, -6.835e-6
0.056, -5.956e-6
0.057, -6.151e-6
0.058, -6.151e-6
0.059, -6.054e-6
0.060, -5.858e-6
0.061, -5.468e-6
0.062, -5.565e-6
0.063, -5.468e-6
0.064, -4.882e-6
0.065, -4.980e-6
0.066, -5.175e-6
0.067, -4.980e-6
0.068, -5.077e-6
0.069, -4.784e-6
0.070, -4.784e-6
0.071, -4.198e-6
0.072, -4.101e-6
0.073, -4.198e-6
0.074, -4.394e-6
0.075, -4.003e-6
0.076, -3.320e-6
0.077, -4.198e-6
0.078, -4.003e-6
0.079, -3.613e-6
0.080, -3.320e-6
0.081, -3.515e-6
0.082, -3.417e-6
0.083, -3.320e-6
0.084, -3.124e-6
0.085, -4.198e-6
0.086, -3.222e-6
0.087, -3.320e-6
0.088, -2.246e-6
0.089, -2.929e-6
0.090, -2.636e-6
0.091, -2.148e-6
0.092, -2.148e-6
0.093, -2.343e-6
0.094, -1.953e-6
0.095, -1.953e-6
0.096, -2.343e-6
0.097, -1.855e-6
0.098, -2.539e-6
0.099, -2.050e-6
0.100, -1.465e-6
0.101, -1.660e-6
0.102, -1.367e-6
0.103, -1.660e-6
0.104, -1.562e-6
0.105, -1.855e-6
0.106, -1.562e-6
0.107, -1.367e-6
0.108, -9.764e-7
0.109, -5.858e-7
0.110, -1.074e-6
0.111, -1.367e-6
0.112, -1.562e-6
0.113, -5.858e-7
0.114, -1.074e-6
0.115, -4.882e-7
0.116, -2.929e-7
0.117, 9.763e-8
0.118, -4.882e-7
0.119, -6.835e-7
0.120, -9.764e-8
0.121, -4.283e-12
0.122, -6.835e-7
0.123, -1.953e-7
0.124, 5.858e-7
0.125, 3.905e-7
0.126, 6.835e-7
0.127, 7.811e-7
0.128, 9.763e-8
0.129, -3.906e-7
0.130, 1.953e-7
0.131, 4.882e-7
0.132, 8.787e-7
0.133, 3.905e-7
0.134, 5.858e-7
0.135, 1.172e-6
0.136, 8.787e-7
0.137, 1.172e-6
0.138, 1.269e-6
0.139, 8.787e-7
0.140, 9.764e-7
0.141, 1.074e-6
0.142, 1.562e-6
0.143, 1.953e-6
0.144, 2.148e-6
0.145, 1.172e-6
0.146, 1.367e-6
0.147, 1.660e-6
0.148, 2.050e-6
0.149, 2.246e-6
0.150, 1.953e-6
0.151, 2.343e-6
0.152, 2.441e-6
0.153, 2.148e-6
0.154, 2.050e-6
0.155, 2.343e-6
0.156, 2.148e-6
0.157, 2.636e-6
0.158, 2.539e-6
0.159, 3.320e-6
0.160, 2.929e-6
0.161, 2.734e-6
0.162, 2.246e-6
0.163, 2.734e-6
0.164, 3.222e-6
0.165, 3.222e-6
0.166, 2.734e-6
0.167, 2.636e-6
0.168, 2.246e-6
0.169, 2.831e-6
0.170, 2.441e-6
0.171, 3.515e-6
0.172, 3.320e-6
0.173, 3.320e-6
0.174, 3.222e-6
0.175, 3.222e-6
0.176, 3.124e-6
0.177, 3.320e-6
0.178, 4.101e-6
0.179, 3.808e-6
0.180, 4.003e-6
0.181, 3.320e-6
0.182, 4.101e-6
0.183, 4.101e-6
0.184, 4.296e-6
0.185, 4.198e-6
0.186, 4.296e-6
0.187, 4.589e-6
0.188, 3.515e-6
0.189, 4.003e-6
0.190, 4.589e-6
0.191, 4.687e-6
0.192, 4.198e-6
0.193, 4.589e-6
0.194, 4.687e-6
0.195, 4.394e-6
0.196, 4.980e-6
0.197, 4.980e-6
0.198, 5.175e-6
0.199, 5.077e-6
0.200, 4.198e-6
0.201, 5.077e-6
0.202, 5.370e-6
0.203, 5.370e-6
0.204, 5.858e-6
0.205, 4.980e-6
0.206, 4.784e-6
0.207, 5.956e-6
0.208, 5.272e-6
0.209, 5.272e-6
0.210, 5.761e-6
0.211, 5.858e-6
0.212, 6.346e-6
0.213, 6.249e-6
0.214, 6.737e-6
0.215, 6.054e-6
0.216, 6.542e-6
0.217, 7.128e-6
0.218, 6.346e-6
0.219, 6.542e-6
0.220, 6.835e-6
0.221, 6.639e-6
0.222, 7.518e-6
0.223, 6.932e-6
0.224, 7.225e-6
0.225, 7.420e-6
0.226, 7.518e-6
0.227, 6.932e-6
0.228, 7.128e-6
0.229, 7.909e-6
0.230, 8.006e-6
0.231, 8.397e-6
0.232, 8.202e-6
0.233, 8.397e-6
0.234, 8.202e-6
0.235, 8.494e-6
0.236, 8.690e-6
0.237, 8.885e-6
0.238, 8.983e-6
0.239, 9.276e-6
0.240, 9.471e-6
0.241, 1.025e-5
0.242, 1.006e-5
0.243, 9.666e-6
0.244, 1.015e-5
0.245, 1.054e-5
0.246, 9.764e-6
0.247, 1.045e-5
0.248, 1.054e-5
0.249, 1.133e-5
0.250, 1.035e-5
0.251, 1.074e-5
0.252, 1.152e-5
0.253, 1.162e-5
0.254, 1.142e-5
0.255, 1.142e-5
0.256, 1.181e-5
0.257, 1.240e-5
0.258, 1.240e-5
0.259, 1.250e-5
0.260, 1.318e-5
0.261, 1.308e-5
0.262, 1.386e-5
0.263, 1.308e-5
0.264, 1.386e-5
0.265, 1.445e-5
0.266, 1.474e-5
0.267, 1.416e-5
0.268, 1.455e-5
0.269, 1.406e-5
0.270, 1.543e-5
0.271, 1.445e-5
0.272, 1.504e-5
0.273, 1.484e-5
0.274, 1.582e-5
0.275, 1.582e-5
0.276, 1.582e-5
0.277, 1.670e-5
0.278, 1.660e-5
0.279, 1.767e-5
0.280, 1.689e-5
0.281, 1.718e-5
0.282, 1.728e-5
0.283, 1.777e-5
0.284, 1.787e-5
0.285, 1.806e-5
0.286, 1.738e-5
0.287, 1.836e-5
0.288, 1.923e-5
0.289, 1.865e-5
0.290, 1.914e-5
0.291, 1.943e-5
0.292, 1.953e-5
0.293, 1.963e-5
0.294, 2.011e-5
0.295, 2.002e-5
0.296, 2.011e-5
0.297, 2.099e-5
0.298, 2.089e-5
0.299, 2.138e-5
0.300, 2.207e-5
0.301, 2.177e-5
0.302, 2.255e-5
0.303, 2.246e-5
0.304, 2.294e-5
0.305, 2.314e-5
0.306, 2.334e-5
0.307, 2.470e-5
0.308, 2.421e-5
0.309, 2.412e-5
0.310, 2.412e-5
0.311, 2.490e-5
0.312, 2.539e-5
0.313, 2.470e-5
0.314, 2.558e-5
0.315, 2.587e-5
0.316, 2.705e-5
0.317, 2.617e-5
0.318, 2.675e-5
0.319, 2.705e-5
0.320, 2.734e-5
0.321, 2.705e-5
0.322, 2.822e-5
0.323, 2.812e-5
0.324, 2.783e-5
0.325, 2.919e-5
0.326, 2.968e-5
0.327, 2.871e-5
0.328, 2.939e-5
0.329, 3.007e-5
0.330, 3.037e-5
0.331, 3.076e-5
0.332, 3.076e-5
0.333, 3.134e-5
0.334, 3.076e-5
0.335, 3.154e-5
0.336, 3.173e-5
0.337, 3.193e-5
0.338, 3.212e-5
0.339, 3.281e-5
0.340, 3.290e-5
0.341, 3.349e-5
0.342, 3.359e-5
0.343, 3.408e-5
0.344, 3.427e-5
0.345, 3.466e-5
0.346, 3.554e-5
0.347, 3.476e-5
0.348, 3.574e-5
0.349, 3.603e-5
0.350, 3.671e-5
0.351, 3.691e-5
0.352, 3.593e-5
0.353, 3.681e-5
0.354, 3.749e-5
0.355, 3.798e-5
0.356, 3.788e-5
0.357, 3.876e-5
0.358, 3.945e-5
0.359, 3.876e-5
0.360, 3.935e-5
0.361, 3.993e-5
0.362, 4.023e-5
0.363, 3.993e-5
0.364, 4.101e-5
0.365, 4.159e-5
0.366, 4.111e-5
0.367, 4.189e-5
0.368, 4.325e-5
0.369, 4.316e-5
0.370, 4.403e-5
0.371, 4.345e-5
0.372, 4.433e-5
0.373, 4.462e-5
0.374, 4.521e-5
0.375, 4.609e-5
0.376, 4.589e-5
0.377, 4.735e-5
0.378, 4.716e-5
0.379, 4.784e-5
0.380, 4.901e-5
0.381, 4.921e-5
0.382, 4.940e-5
0.383, 5.058e-5
0.384, 5.077e-5
0.385, 5.106e-5
0.386, 5.155e-5
0.387, 5.302e-5
0.388, 5.399e-5
0.389, 5.477e-5
0.390, 5.585e-5
0.391, 5.624e-5
0.392, 5.683e-5
0.393, 5.858e-5
0.394, 5.809e-5
0.395, 6.005e-5
0.396, 6.112e-5
0.397, 6.180e-5
0.398, 6.337e-5
0.399, 6.425e-5
0.400, 6.581e-5
0.401, 6.805e-5
0.402, 6.903e-5
0.403, 7.176e-5
0.404, 7.294e-5
0.405, 7.557e-5
0.406, 7.840e-5
0.407, 8.114e-5
0.408, 8.494e-5
0.409, 8.836e-5
0.410, 8.563e-5
0.411, 9.734e-5
0.412, 1.051e-4
0.413, 1.127e-4
0.414, 1.226e-4
0.415, 1.344e-4
0.416, 1.472e-4
0.417, 1.643e-4
0.418, 1.830e-4
0.419, 2.062e-4
0.420, 2.342e-4
0.421, 2.672e-4
0.422, 3.054e-4
0.423, 3.494e-4
0.424, 4.014e-4
0.425, 4.650e-4
0.426, 5.368e-4
0.427, 6.216e-4
0.428, 7.171e-4
0.429, 8.283e-4
0.430, 9.541e-4
0.431, 1.089e-3
0.432, 1.226e-3
0.433, 1.364e-3
0.434, 1.506e-3
0.435, 1.650e-3
0.436, 1.792e-3
0.437, 1.932e-3
0.438, 2.066e-3
0.439, 2.197e-3
0.440, 2.322e-3
0.441, 2.441e-3
0.442, 2.546e-3
0.443, 2.644e-3
0.444, 2.724e-3
0.445, 2.787e-3
0.446, 2.837e-3
0.447, 2.864e-3
0.448, 2.870e-3
0.449, 2.852e-3
0.450, 2.812e-3
0.451, 2.752e-3
0.452, 2.675e-3
0.453, 2.575e-3
0.454, 2.456e-3
0.455, 2.329e-3
0.456, 2.194e-3
0.457, 2.054e-3
0.458, 1.911e-3
0.459, 1.770e-3
0.460, 1.640e-3
0.461, 1.515e-3
0.462, 1.402e-3
0.463, 1.296e-3
0.464, 1.203e-3
0.465, 1.123e-3
0.466, 1.047e-3
0.467, 9.813e-4
0.468, 9.219e-4
0.469, 8.707e-4
0.470, 8.241e-4
0.471, 7.822e-4
0.472, 7.455e-4
0.473, 7.131e-4
0.474, 6.803e-4
0.475, 6.545e-4
0.476, 6.301e-4
0.477, 6.064e-4
0.478, 5.862e-4
0.479, 5.665e-4
0.480, 5.487e-4
0.481, 5.323e-4
0.482, 5.157e-4
0.483, 5.032e-4
0.484, 4.901e-4
0.485, 4.765e-4
0.486, 4.644e-4
0.487, 4.549e-4
0.488, 4.436e-4
0.489, 4.356e-4
0.490, 4.245e-4
0.491, 4.163e-4
0.492, 4.081e-4
0.493, 4.002e-4
0.494, 3.930e-4
0.495, 3.865e-4
0.496, 3.786e-4
0.497, 3.727e-4
0.498, 3.654e-4
0.499, 3.592e-4
0.500, 3.541e-4
0.501, 3.488e-4
0.502, 3.429e-4
0.503, 3.381e-4
0.504, 3.341e-4
0.505, 3.293e-4
0.506, 3.236e-4
0.507, 3.198e-4
0.508, 3.165e-4
0.509, 3.111e-4
0.510, 3.064e-4
0.511, 3.044e-4
0.512, 3.049e-4
0.513, 2.994e-4
0.514, 2.938e-4
0.515, 2.903e-4
0.516, 2.864e-4
0.517, 2.825e-4
0.518, 2.793e-4
0.519, 2.763e-4
0.520, 2.733e-4
0.521, 2.704e-4
0.522, 2.680e-4
0.523, 2.647e-4
0.524, 2.623e-4
0.525, 2.568e-4
0.526, 2.560e-4
0.527, 2.529e-4
0.528, 2.505e-4
0.529, 2.481e-4
0.530, 2.456e-4
0.531, 2.438e-4
0.532, 2.410e-4
0.533, 2.384e-4
0.534, 2.364e-4
0.535, 2.344e-4
0.536, 2.322e-4
0.537, 2.307e-4
0.538, 2.296e-4
0.539, 2.267e-4
0.540, 2.257e-4
0.541, 2.225e-4
0.542, 2.211e-4
0.543, 2.189e-4
0.544, 2.177e-4
0.545, 2.159e-4
0.546, 2.136e-4
0.547, 2.131e-4
0.548, 2.122e-4
0.549, 2.098e-4
0.550, 2.089e-4
0.551, 2.074e-4
0.552, 2.058e-4
0.553, 2.052e-4
0.554, 2.035e-4
0.555, 2.030e-4
0.556, 2.019e-4
0.557, 2.014e-4
0.558, 2.011e-4
0.559, 2.004e-4
0.560, 1.984e-4
0.561, 1.993e-4
0.562, 1.984e-4
0.563, 1.981e-4
0.564, 1.963e-4
0.565, 1.968e-4
0.566, 1.965e-4
0.567, 1.966e-4
0.568, 1.961e-4
0.569, 1.972e-4
0.570, 1.971e-4
0.571, 1.971e-4
0.572, 1.976e-4
0.573, 1.974e-4
0.574, 1.983e-4
0.575, 1.999e-4
0.576, 1.985e-4
0.577, 2.008e-4
0.578, 2.018e-4
0.579, 2.031e-4
0.580, 2.042e-4
0.581, 2.055e-4
0.582, 2.080e-4
0.583, 2.087e-4
0.584, 2.110e-4
0.585, 2.142e-4
0.586, 2.152e-4
0.587, 2.175e-4
0.588, 2.209e-4
0.589, 2.244e-4
0.590, 2.272e-4
0.591, 2.304e-4
0.592, 2.339e-4
0.593, 2.382e-4
0.594, 2.418e-4
0.595, 2.459e-4
0.596, 2.515e-4
0.597, 2.559e-4
0.598, 2.607e-4
0.599, 2.660e-4
0.600, 2.716e-4
0.601, 2.785e-4
0.602, 2.835e-4
0.603, 2.917e-4
0.604, 2.996e-4
0.605, 3.049e-4
0.606, 3.140e-4
0.607, 3.219e-4
0.608, 3.314e-4
0.609, 3.416e-4
0.610, 3.517e-4
0.611, 3.622e-4
0.612, 3.733e-4
0.613, 3.844e-4
0.614, 3.966e-4
0.615, 4.081e-4
0.616, 4.233e-4
0.617, 4.381e-4
0.618, 4.528e-4
0.619, 4.691e-4
0.620, 4.873e-4
0.621, 5.035e-4
0.622, 5.222e-4
0.623, 5.421e-4
0.624, 5.620e-4
0.625, 5.834e-4
0.626, 6.052e-4
0.627, 6.284e-4
0.628, 6.525e-4
0.629, 6.765e-4
0.630, 7.031e-4
0.631, 7.300e-4
0.632, 7.585e-4
0.633, 7.874e-4
0.634, 8.176e-4
0.635, 8.497e-4
0.636, 8.851e-4
0.637, 9.177e-4
0.638, 9.542e-4
0.639, 9.914e-4
0.640, 1.030e-3
0.641, 1.071e-3
0.642, 1.114e-3
0.643, 1.157e-3
0.644, 1.201e-3
0.645, 1.245e-3
0.646, 1.292e-3
0.647, 1.343e-3
0.648, 1.394e-3
0.649, 1.447e-3
0.650, 1.500e-3
0.651, 1.558e-3
0.652, 1.618e-3
0.653, 1.675e-3
0.654, 1.736e-3
0.655, 1.800e-3
0.656, 1.867e-3
0.657, 1.933e-3
0.658, 2.003e-3
0.659, 2.074e-3
0.660, 2.147e-3
0.661, 2.220e-3
0.662, 2.294e-3
0.663, 2.376e-3
0.664, 2.457e-3
0.665, 2.537e-3
0.666, 2.625e-3
0.667, 2.710e-3
0.668, 2.798e-3
0.669, 2.891e-3
0.670, 2.983e-3
0.671, 3.079e-3
0.672, 3.174e-3
0.673, 3.272e-3
0.674, 3.374e-3
0.675, 3.478e-3
0.676, 3.584e-3
0.677, 3.689e-3
0.678, 3.795e-3
0.679, 3.906e-3
0.680, 4.020e-3
0.681, 4.135e-3
0.682, 4.250e-3
0.683, 4.370e-3
0.684, 4.492e-3
0.685, 4.612e-3
0.686, 4.733e-3
0.687, 4.860e-3
0.688, 4.987e-3
0.689, 5.116e-3
0.690, 5.244e-3
0.691, 5.377e-3
0.692, 5.512e-3
0.693, 5.646e-3
0.694, 5.786e-3
0.695, 5.925e-3
0.696, 6.065e-3
0.697, 6.208e-3
0.698, 6.355e-3
0.699, 6.504e-3
0.700, 6.650e-3
0.701, 6.802e-3
0.702, 6.955e-3
0.703, 7.110e-3
0.704, 7.265e-3
0.705, 7.421e-3
0.706, 7.580e-3
0.707, 7.741e-3
0.708, 7.905e-3
0.709, 8.068e-3
0.710, 8.235e-3
0.711, 8.406e-3
0.712, 8.573e-3
0.713, 8.742e-3
0.714, 8.912e-3
0.715, 9.085e-3
0.716, 9.258e-3
0.717, 9.440e-3
0.718, 9.620e-3
0.719, 9.798e-3
0.720, 9.979e-3
0.721, 1.016e-2
0.722, 1.034e-2
0.723, 1.053e-2
0.724, 1.072e-2
0.725, 1.090e-2
0.726, 1.110e-2
0.727, 1.130e-2
0.728, 1.149e-2
0.729, 1.168e-2
0.730, 1.187e-2
0.731, 1.207e-2
0.732, 1.226e-2
0.733, 1.245e-2
0.734, 1.265e-2
0.735, 1.285e-2
0.736, 1.305e-2
0.737, 1.326e-2
0.738, 1.346e-2
0.739, 1.367e-2
0.740, 1.388e-2
0.741, 1.408e-2
0.742, 1.430e-2
0.743, 1.451e-2
0.744, 1.472e-2
0.745, 1.494e-2
0.746, 1.517e-2
0.747, 1.540e-2
0.748, 1.562e-2
0.749, 1.585e-2
0.750, 1.607e-2
0.751, 1.628e-2
0.752, 1.649e-2
0.753, 1.671e-2
0.754, 1.693e-2
0.755, 1.715e-2
0.756, 1.738e-2
0.757, 1.761e-2
0.758, 1.783e-2
0.759, 1.807e-2
0.760, 1.831e-2
0.761, 1.854e-2
0.762, 1.877e-2
0.763, 1.900e-2
0.764, 1.924e-2
0.765, 1.946e-2
0.766, 1.969e-2
0.767, 1.992e-2
0.768, 2.016e-2
0.769, 2.040e-2
0.770, 2.064e-2
0.771, 2.088e-2
0.772, 2.113e-2
0.773, 2.136e-2
0.774, 2.162e-2
0.775, 2.186e-2
0.776, 2.210e-2
0.777, 2.234e-2
0.778, 2.259e-2
0.779, 2.284e-2
0.780, 2.308e-2
0.781, 2.332e-2
0.782, 2.357e-2
0.783, 2.382e-2
0.784, 2.406e-2
0.785, 2.431e-2
0.786, 2.457e-2
0.787, 2.483e-2
0.788, 2.508e-2
0.789, 2.532e-2
0.790, 2.556e-2
0.791, 2.581e-2
0.792, 2.608e-2
0.793, 2.633e-2
0.794, 2.660e-2
0.795, 2.685e-2
0.796, 2.710e-2
0.797, 2.735e-2
0.798, 2.759e-2
0.799, 2.785e-2
0.800, 2.804e-2
0.799, 2.785e-2
0.798, 2.757e-2
0.797, 2.729e-2
0.796, 2.701e-2
0.795, 2.672e-2
0.794, 2.645e-2
0.793, 2.618e-2
0.792, 2.589e-2
0.791, 2.562e-2
0.790, 2.537e-2
0.789, 2.510e-2
0.788, 2.483e-2
0.787, 2.456e-2
0.786, 2.428e-2
0.785, 2.403e-2
0.784, 2.376e-2
0.783, 2.350e-2
0.782, 2.324e-2
0.781, 2.297e-2
0.780, 2.271e-2
0.779, 2.246e-2
0.778, 2.220e-2
0.777, 2.194e-2
0.776, 2.169e-2
0.775, 2.144e-2
0.774, 2.118e-2
0.773, 2.093e-2
0.772, 2.069e-2
0.771, 2.045e-2
0.770, 2.021e-2
0.769, 1.994e-2
0.768, 1.967e-2
0.767, 1.942e-2
0.766, 1.918e-2
0.765, 1.894e-2
0.764, 1.871e-2
0.763, 1.848e-2
0.762, 1.826e-2
0.761, 1.801e-2
0.760, 1.779e-2
0.759, 1.757e-2
0.758, 1.734e-2
0.757, 1.710e-2
0.756, 1.687e-2
0.755, 1.665e-2
0.754, 1.643e-2
0.753, 1.620e-2
0.752, 1.598e-2
0.751, 1.575e-2
0.750, 1.552e-2
0.749, 1.530e-2
0.748, 1.508e-2
0.747, 1.486e-2
0.746, 1.463e-2
0.745, 1.441e-2
0.744, 1.421e-2
0.743, 1.400e-2
0.742, 1.379e-2
0.741, 1.359e-2
0.740, 1.338e-2
0.739, 1.317e-2
0.738, 1.296e-2
0.737, 1.277e-2
0.736, 1.256e-2
0.735, 1.235e-2
0.734, 1.215e-2
0.733, 1.195e-2
0.732, 1.175e-2
0.731, 1.157e-2
0.730, 1.138e-2
0.729, 1.120e-2
0.728, 1.100e-2
0.727, 1.081e-2
0.726, 1.063e-2
0.725, 1.045e-2
0.724, 1.026e-2
0.723, 1.008e-2
0.722, 9.906e-3
0.721, 9.732e-3
0.720, 9.559e-3
0.719, 9.380e-3
0.718, 9.201e-3
0.717, 9.018e-3
0.716, 8.831e-3
0.715, 8.657e-3
0.714, 8.488e-3
0.713, 8.318e-3
0.712, 8.148e-3
0.711, 7.983e-3
0.710, 7.819e-3
0.709, 7.655e-3
0.708, 7.493e-3
0.707, 7.333e-3
0.706, 7.179e-3
0.705, 7.029e-3
0.704, 6.874e-3
0.703, 6.717e-3
0.702, 6.569e-3
0.701, 6.421e-3
0.700, 6.276e-3
0.699, 6.132e-3
0.698, 5.992e-3
0.697, 5.854e-3
0.696, 5.717e-3
0.695, 5.580e-3
0.694, 5.445e-3
0.693, 5.312e-3
0.692, 5.179e-3
0.691, 5.049e-3
0.690, 4.920e-3
0.689, 4.793e-3
0.688, 4.667e-3
0.687, 4.548e-3
0.686, 4.425e-3
0.685, 4.305e-3
0.684, 4.186e-3
0.683, 4.069e-3
0.682, 3.953e-3
0.681, 3.839e-3
0.680, 3.729e-3
0.679, 3.622e-3
0.678, 3.516e-3
0.677, 3.413e-3
0.676, 3.307e-3
0.675, 3.207e-3
0.674, 3.109e-3
0.673, 3.011e-3
0.672, 2.917e-3
0.671, 2.823e-3
0.670, 2.729e-3
0.669, 2.638e-3
0.668, 2.549e-3
0.667, 2.463e-3
0.666, 2.382e-3
0.665, 2.297e-3
0.664, 2.218e-3
0.663, 2.143e-3
0.662, 2.066e-3
0.661, 1.991e-3
0.660, 1.919e-3
0.659, 1.849e-3
0.658, 1.776e-3
0.657, 1.710e-3
0.656, 1.647e-3
0.655, 1.583e-3
0.654, 1.520e-3
0.653, 1.459e-3
0.652, 1.401e-3
0.651, 1.343e-3
0.650, 1.287e-3
0.649, 1.235e-3
0.648, 1.184e-3
0.647, 1.134e-3
0.646, 1.084e-3
0.645, 1.034e-3
0.644, 9.894e-4
0.643, 9.445e-4
0.642, 9.025e-4
0.641, 8.602e-4
0.640, 8.191e-4
0.639, 7.807e-4
0.638, 7.442e-4
0.637, 7.081e-4
0.636, 6.723e-4
0.635, 6.392e-4
0.634, 6.061e-4
0.633, 5.739e-4
0.632, 5.437e-4
0.631, 5.137e-4
0.630, 4.859e-4
0.629, 4.583e-4
0.628, 4.327e-4
0.627, 4.095e-4
0.626, 3.860e-4
0.625, 3.624e-4
0.624, 3.417e-4
0.623, 3.204e-4
0.622, 3.009e-4
0.621, 2.818e-4
0.620, 2.650e-4
0.619, 2.475e-4
0.618, 2.298e-4
0.617, 2.147e-4
0.616, 1.981e-4
0.615, 1.838e-4
0.614, 1.715e-4
0.613, 1.566e-4
0.612, 1.430e-4
0.611, 1.316e-4
0.610, 1.190e-4
0.609, 1.072e-4
0.608, 9.627e-5
0.607, 8.573e-5
0.606, 7.635e-5
0.605, 6.659e-5
0.604, 5.722e-5
0.603, 4.794e-5
0.602, 4.101e-5
0.601, 3.271e-5
0.600, 2.558e-5
0.599, 1.777e-5
0.598, 1.181e-5
0.597, 5.370e-6
0.596, -1.074e-6
0.595, -6.151e-6
0.594, -1.220e-5
0.593, -1.777e-5
0.592, -2.255e-5
0.591, -2.812e-5
0.590, -3.310e-5
0.589, -3.691e-5
0.588, -4.081e-5
0.587, -4.433e-5
0.586, -4.921e-5
0.585, -5.224e-5
0.584, -5.653e-5
0.583, -6.024e-5
0.582, -6.298e-5
0.581, -6.522e-5
0.580, -6.923e-5
0.579, -7.157e-5
0.578, -7.489e-5
0.577, -7.733e-5
0.576, -7.860e-5
0.575, -8.221e-5
0.574, -8.494e-5
0.573, -8.758e-5
0.572, -8.944e-5
0.571, -9.139e-5
0.570, -9.363e-5
0.569, -9.647e-5
0.568, -9.725e-5
0.567, -9.969e-5
0.566, -1.008e-4
0.565, -1.033e-4
0.564, -1.048e-4
0.563, -1.071e-4
0.562, -1.083e-4
0.561, -1.103e-4
0.560, -1.121e-4
0.559, -1.135e-4
0.558, -1.151e-4
0.557, -1.160e-4
0.556, -1.179e-4
0.555, -1.197e-4
0.554, -1.221e-4
0.553, -1.230e-4
0.552, -1.240e-4
0.551, -1.255e-4
0.550, -1.261e-4
0.549, -1.277e-4
0.548, -1.297e-4
0.547, -1.306e-4
0.546, -1.321e-4
0.545, -1.344e-4
0.544, -1.344e-4
0.543, -1.357e-4
0.542, -1.379e-4
0.541, -1.395e-4
0.540, -1.401e-4
0.539, -1.433e-4
0.538, -1.445e-4
0.537, -1.457e-4
0.536, -1.455e-4
0.535, -1.471e-4
0.534, -1.481e-4
0.533, -1.489e-4
0.532, -1.496e-4
0.531, -1.507e-4
0.530, -1.535e-4
0.529, -1.546e-4
0.528, -1.555e-4
0.527, -1.564e-4
0.526, -1.577e-4
0.525, -1.572e-4
0.524, -1.602e-4
0.523, -1.616e-4
0.522, -1.631e-4
0.521, -1.640e-4
0.520, -1.649e-4
0.519, -1.673e-4
0.518, -1.683e-4
0.517, -1.690e-4
0.516, -1.707e-4
0.515, -1.718e-4
0.514, -1.731e-4
0.513, -1.743e-4
0.512, -1.794e-4
0.511, -1.783e-4
0.510, -1.783e-4
0.509, -1.797e-4
0.508, -1.803e-4
0.507, -1.813e-4
0.506, -1.836e-4
0.505, -1.847e-4
0.504, -1.866e-4
0.503, -1.877e-4
0.502, -1.886e-4
0.501, -1.903e-4
0.500, -1.914e-4
0.499, -1.898e-4
0.498, -1.936e-4
0.497, -1.948e-4
0.496, -1.948e-4
0.495, -1.971e-4
0.494, -1.988e-4
0.493, -2.006e-4
0.492, -2.013e-4
0.491, -2.025e-4
0.490, -2.041e-4
0.489, -2.057e-4
0.488, -2.075e-4
0.487, -2.090e-4
0.486, -2.114e-4
0.485, -2.130e-4
0.484, -2.141e-4
0.483, -2.156e-4
0.482, -2.178e-4
0.481, -2.196e-4
0.480, -2.208e-4
0.479, -2.231e-4
0.478, -2.241e-4
0.477, -2.264e-4
0.476, -2.288e-4
0.475, -2.303e-4
0.474, -2.331e-4
0.473, -2.347e-4
0.472, -2.382e-4
0.471, -2.406e-4
0.470, -2.423e-4
0.469, -2.460e-4
0.468, -2.491e-4
0.467, -2.513e-4
0.466, -2.546e-4
0.465, -2.573e-4
0.464, -2.600e-4
0.463, -2.630e-4
0.462, -2.669e-4
0.461, -2.711e-4
0.460, -2.756e-4
0.459, -2.791e-4
0.458, -2.833e-4
0.457, -2.874e-4
0.456, -2.920e-4
0.455, -2.960e-4
0.454, -3.007e-4
0.453, -3.052e-4
0.452, -3.104e-4
0.451, -3.149e-4
0.450, -3.205e-4
0.449, -3.268e-4
0.448, -3.299e-4
0.447, -3.382e-4
0.446, -3.446e-4
0.445, -3.520e-4
0.444, -3.575e-4
0.443, -3.646e-4
0.442, -3.724e-4
0.441, -3.793e-4
0.440, -3.863e-4
0.439, -3.947e-4
0.438, -4.007e-4
0.437, -4.105e-4
0.436, -4.190e-4
0.435, -4.269e-4
0.434, -4.345e-4
0.433, -4.445e-4
0.432, -4.525e-4
0.431, -4.639e-4
0.430, -4.714e-4
0.429, -4.824e-4
0.428, -4.935e-4
0.427, -5.025e-4
0.426, -5.151e-4
0.425, -5.272e-4
0.424, -5.400e-4
0.423, -5.538e-4
0.422, -5.652e-4
0.421, -5.794e-4
0.420, -5.962e-4
0.419, -6.114e-4
0.418, -6.273e-4
0.417, -6.443e-4
0.416, -6.598e-4
0.415, -6.797e-4
0.414, -6.965e-4
0.413, -7.145e-4
0.412, -7.324e-4
0.411, -7.542e-4
0.410, -7.650e-4
0.409, -7.607e-4
0.408, -7.957e-4
0.407, -8.273e-4
0.406, -8.556e-4
0.405, -8.863e-4
0.404, -9.163e-4
0.403, -9.454e-4
0.402, -9.761e-4
0.401, -1.009e-3
0.400, -1.043e-3
0.399, -1.079e-3
0.398, -1.117e-3
0.397, -1.155e-3
0.396, -1.191e-3
0.395, -1.232e-3
0.394, -1.274e-3
0.393, -1.318e-3
0.392, -1.364e-3
0.391, -1.412e-3
0.390, -1.459e-3
0.389, -1.506e-3
0.388, -1.556e-3
0.387, -1.604e-3
0.386, -1.654e-3
0.385, -1.699e-3
0.384, -1.745e-3
0.383, -1.789e-3
0.382, -1.827e-3
0.381, -1.864e-3
0.380, -1.897e-3
0.379, -1.924e-3
0.378, -1.946e-3
0.377, -1.962e-3
0.376, -1.970e-3
0.375, -1.973e-3
0.374, -1.966e-3
0.373, -1.950e-3
0.372, -1.927e-3
0.371, -1.892e-3
0.370, -1.849e-3
0.369, -1.794e-3
0.368, -1.733e-3
0.367, -1.664e-3
0.366, -1.580e-3
0.365, -1.490e-3
0.364, -1.392e-3
0.363, -1.290e-3
0.362, -1.189e-3
0.361, -1.085e-3
0.360, -9.839e-4
0.359, -8.908e-4
0.358, -8.024e-4
0.357, -7.249e-4
0.356, -6.552e-4
0.355, -5.918e-4
0.354, -5.378e-4
0.353, -4.918e-4
0.352, -4.520e-4
0.351, -4.178e-4
0.350, -3.888e-4
0.349, -3.629e-4
0.348, -3.398e-4
0.347, -3.193e-4
0.346, -3.023e-4
0.345, -2.873e-4
0.344, -2.745e-4
0.343, -2.623e-4
0.342, -2.521e-4
0.341, -2.425e-4
0.340, -2.343e-4
0.339, -2.268e-4
0.338, -2.187e-4
0.337, -2.136e-4
0.336, -2.066e-4
0.335, -2.014e-4
0.334, -1.965e-4
0.333, -1.912e-4
0.332, -1.871e-4
0.331, -1.826e-4
0.330, -1.790e-4
0.329, -1.747e-4
0.328, -1.722e-4
0.327, -1.685e-4
0.326, -1.656e-4
0.325, -1.625e-4
0.324, -1.602e-4
0.323, -1.566e-4
0.322, -1.540e-4
0.321, -1.519e-4
0.320, -1.488e-4
0.319, -1.470e-4
0.318, -1.442e-4
0.317, -1.423e-4
0.316, -1.398e-4
0.315, -1.381e-4
0.314, -1.363e-4
0.313, -1.343e-4
0.312, -1.317e-4
0.311, -1.308e-4
0.310, -1.295e-4
0.309, -1.273e-4
0.308, -1.261e-4
0.307, -1.250e-4
0.306, -1.222e-4
0.305, -1.215e-4
0.304, -1.193e-4
0.303, -1.184e-4
0.302, -1.173e-4
0.301, -1.157e-4
0.300, -1.146e-4
0.299, -1.126e-4
0.298, -1.110e-4
0.297, -1.107e-4
0.296, -1.098e-4
0.295, -1.078e-4
0.294, -1.062e-4
0.293, -1.056e-4
0.292, -1.054e-4
0.291, -1.039e-4
0.290, -1.024e-4
0.289, -1.016e-4
0.288, -1.009e-4
0.287, -9.979e-5
0.286, -9.881e-5
0.285, -9.842e-5
0.284, -9.744e-5
0.283, -9.676e-5
0.282, -9.608e-5
0.281, -9.481e-5
0.280, -9.315e-5
0.279, -9.315e-5
0.278, -9.139e-5
0.277, -9.110e-5
0.276, -9.080e-5
0.275, -8.924e-5
0.274, -8.817e-5
0.273, -8.836e-5
0.272, -8.739e-5
0.271, -8.690e-5
0.270, -8.612e-5
0.269, -8.563e-5
0.268, -8.436e-5
0.267, -8.358e-5
0.266, -8.358e-5
0.265, -8.329e-5
0.264, -8.192e-5
0.263, -8.104e-5
0.262, -8.153e-5
0.261, -8.055e-5
0.260, -7.967e-5
0.259, -7.928e-5
0.258, -7.850e-5
0.257, -7.850e-5
0.256, -7.694e-5
0.255, -7.733e-5
0.254, -7.616e-5
0.253, -7.665e-5
0.252, -7.567e-5
0.251, -7.479e-5
0.250, -7.518e-5
0.249, -7.401e-5
0.248, -7.391e-5
0.247, -7.342e-5
0.246, -7.254e-5
0.245, -7.206e-5
0.244, -7.147e-5
0.243, -7.069e-5
0.242, -7.128e-5
0.241, -7.089e-5
0.240, -7.010e-5
0.239, -7.001e-5
0.238, -6.923e-5
0.237, -6.923e-5
0.236, -6.903e-5
0.235, -6.835e-5
0.234, -6.854e-5
0.233, -6.786e-5
0.232, -6.757e-5
0.231, -6.727e-5
0.230, -6.678e-5
0.229, -6.669e-5
0.228, -6.688e-5
0.227, -6.552e-5
0.226, -6.600e-5
0.225, -6.552e-5
0.224, -6.483e-5
0.223, -6.503e-5
0.222, -6.415e-5
0.221, -6.386e-5
0.220, -6.386e-5
0.219, -6.346e-5
0.218, -6.395e-5
0.217, -6.278e-5
0.216, -6.278e-5
0.215, -6.298e-5
0.214, -6.259e-5
0.213, -6.200e-5
0.212, -6.229e-5
0.211, -6.229e-5
0.210, -6.122e-5
0.209, -6.180e-5
0.208, -6.132e-5
0.207, -6.190e-5
0.206, -6.093e-5
0.205, -5.995e-5
0.204, -6.034e-5
0.203, -6.093e-5
0.202, -6.044e-5
0.201, -6.024e-5
0.200, -5.936e-5
0.199, -5.995e-5
0.198, -5.936e-5
0.197, -5.907e-5
0.196, -5.985e-5
0.195, -5.897e-5
0.194, -5.809e-5
0.193, -5.897e-5
0.192, -5.809e-5
0.191, -5.849e-5
0.190, -5.790e-5
0.189, -5.712e-5
0.188, -5.702e-5
0.187, -5.790e-5
0.186, -5.780e-5
0.185, -5.770e-5
0.184, -5.712e-5
0.183, -5.712e-5
0.182, -5.731e-5
0.181, -5.712e-5
0.180, -5.673e-5
0.179, -5.614e-5
0.178, -5.585e-5
0.177, -5.614e-5
0.176, -5.643e-5
0.175, -5.614e-5
0.174, -5.614e-5
0.173, -5.575e-5
0.172, -5.604e-5
0.171, -5.556e-5
0.170, -5.565e-5
0.169, -5.536e-5
0.168, -5.556e-5
0.167, -5.507e-5
0.166, -5.487e-5
0.165, -5.468e-5
0.164, -5.477e-5
0.163, -5.419e-5
0.162, -5.497e-5
0.161, -5.399e-5
0.160, -5.399e-5
0.159, -5.468e-5
0.158, -5.399e-5
0.157, -5.409e-5
0.156, -5.438e-5
0.155, -5.477e-5
0.154, -5.370e-5
0.153, -5.409e-5
0.152, -5.331e-5
0.151, -5.341e-5
0.150, -5.370e-5
0.149, -5.419e-5
0.148, -5.331e-5
0.147, -5.321e-5
0.146, -5.321e-5
0.145, -5.341e-5
0.144, -5.390e-5
0.143, -5.390e-5
0.142, -5.321e-5
0.141, -5.282e-5
0.140, -5.194e-5
0.139, -5.302e-5
0.138, -5.272e-5
0.137, -5.263e-5
0.136, -5.263e-5
0.135, -5.311e-5
0.134, -5.272e-5
0.133, -5.214e-5
0.132, -5.224e-5
0.131, -5.214e-5
0.130, -5.282e-5
0.129, -5.214e-5
0.128, -5.292e-5
0.127, -5.194e-5
0.126, -5.233e-5
0.125, -5.116e-5
0.124, -5.136e-5
0.123, -5.155e-5
0.122, -5.155e-5
0.121, -5.087e-5
0.120, -5.146e-5
0.119, -5.126e-5
0.118, -5.087e-5
0.117, -5.077e-5
0.116, -5.136e-5
0.115, -5.067e-5
0.114, -5.126e-5
0.113, -5.058e-5
0.112, -5.067e-5
0.111, -5.067e-5
0.110, -5.028e-5
0.109, -5.067e-5
0.108, -5.116e-5
0.107, -5.097e-5
0.106, -5.097e-5
0.105, -5.058e-5
0.104, -5.116e-5
0.103, -5.019e-5
0.102, -4.989e-5
0.101, -4.911e-5
0.100, -4.989e-5
0.099, -5.009e-5
0.098, -4.950e-5
0.097, -4.999e-5
0.096, -4.970e-5
0.095, -4.970e-5
0.094, -4.931e-5
0.093, -4.950e-5
0.092, -4.960e-5
0.091, -4.931e-5
0.090, -4.872e-5
0.089, -4.862e-5
0.088, -4.892e-5
0.087, -4.853e-5
0.086, -4.853e-5
0.085, -4.843e-5
0.084, -4.872e-5
0.083, -4.833e-5
0.082, -4.814e-5
0.081, -4.853e-5
0.080, -4.853e-5
0.079, -4.892e-5
0.078, -4.853e-5
0.077, -4.882e-5
0.076, -4.853e-5
0.075, -4.882e-5
0.074, -4.853e-5
0.073, -4.862e-5
0.072, -4.804e-5
0.071, -4.804e-5
0.070, -4.823e-5
0.069, -4.823e-5
0.068, -4.804e-5
0.067, -4.784e-5
0.066, -4.794e-5
0.065, -4.735e-5
0.064, -4.706e-5
0.063, -4.765e-5
0.062, -4.765e-5
0.061, -4.755e-5
0.060, -4.804e-5
0.059, -4.706e-5
0.058, -4.687e-5
0.057, -4.716e-5
0.056, -4.765e-5
0.055, -4.716e-5
0.054, -4.599e-5
0.053, -4.696e-5
0.052, -4.716e-5
0.051, -4.687e-5
0.050, -4.638e-5
0.049, -4.667e-5
0.048, -4.657e-5
0.047, -4.618e-5
0.046, -4.599e-5
0.045, -4.579e-5
0.044, -4.609e-5
0.043, -4.618e-5
0.042, -4.667e-5
0.041, -4.628e-5
0.040, -4.569e-5
0.039, -4.550e-5
0.038, -4.550e-5
0.037, -4.589e-5
0.036, -4.540e-5
0.035, -4.540e-5
0.034, -4.560e-5
0.033, -4.530e-5
0.032, -4.569e-5
0.031, -4.501e-5
0.030, -4.482e-5
0.029, -4.472e-5
0.028, -4.530e-5
0.027, -4.472e-5
0.026, -4.462e-5
0.025, -4.511e-5
0.024, -4.462e-5
0.023, -4.530e-5
0.022, -4.452e-5
0.021, -4.511e-5
0.020, -4.462e-5
0.019, -4.491e-5
0.018, -4.433e-5
0.017, -4.403e-5
0.016, -4.462e-5
0.015, -4.413e-5
0.014, -4.364e-5
0.013, -4.335e-5
0.012, -4.452e-5
0.011, -4.355e-5
0.010, -4.413e-5
0.009, -4.355e-5
0.008, -4.296e-5
0.007, -4.335e-5
0.006, -4.355e-5
0.005, -4.364e-5
0.004, -4.384e-5
0.003, -4.355e-5
0.002, -4.286e-5
0.001, -4.316e-5
0.000, -3.700e-5
0.001, -2.685e-5
0.002, -2.402e-5
0.003, -2.275e-5
0.004, -2.129e-5
0.005, -2.060e-5
0.006, -1.953e-5
0.007, -1.933e-5
0.008, -1.816e-5
0.009, -1.757e-5
0.010, -1.699e-5
0.011, -1.621e-5
0.012, -1.572e-5
0.013, -1.543e-5
0.014, -1.504e-5
0.015, -1.386e-5
0.016, -1.426e-5
0.017, -1.357e-5
0.018, -1.338e-5
0.019, -1.289e-5
0.020, -1.240e-5
0.021, -1.211e-5
0.022, -1.123e-5
0.023, -1.181e-5
0.024, -1.113e-5
0.025, -1.133e-5
0.026, -1.064e-5
0.027, -1.054e-5
0.028, -1.015e-5
0.029, -1.045e-5
0.030, -1.025e-5
0.031, -9.959e-6
0.032, -9.569e-6
0.033, -8.494e-6
0.034, -8.983e-6
0.035, -9.080e-6
0.036, -8.494e-6
0.037, -8.299e-6
0.038, -7.909e-6
0.039, -7.909e-6
0.040, -7.811e-6
0.041, -7.713e-6
0.042, -8.494e-6
0.043, -7.909e-6
0.044, -8.494e-6
0.045, -7.616e-6
0.046, -6.737e-6
0.047, -7.518e-6
0.048, -6.249e-6
0.049, -6.542e-6
0.050, -7.420e-6
0.051, -7.420e-6
0.052, -6.249e-6
0.053, -7.030e-6
0.054, -6.932e-6
0.055, -6.346e-6
0.056, -5.956e-6
0.057, -6.444e-6
0.058, -6.151e-6
0.059, -5.858e-6
0.060, -5.858e-6
0.061, -5.468e-6
0.062, -6.151e-6
0.063, -6.346e-6
0.064, -5.370e-6
0.065, -5.175e-6
0.066, -5.663e-6
0.067, -5.272e-6
0.068, -4.394e-6
0.069, -4.784e-6
0.070, -5.077e-6
0.071, -4.687e-6
0.072, -5.175e-6
0.073, -5.272e-6
0.074, -4.491e-6
0.075, -3.906e-6
0.076, -4.101e-6
0.077, -4.003e-6
0.078, -4.394e-6
0.079, -4.394e-6
0.080, -4.003e-6
0.081, -3.515e-6
0.082, -3.320e-6
0.083, -3.808e-6
0.084, -3.124e-6
0.085, -3.710e-6
0.086, -2.734e-6
0.087, -3.515e-6
0.088, -3.320e-6
0.089, -3.710e-6
0.090, -2.636e-6
0.091, -2.539e-6
0.092, -3.124e-6
0.093, -3.027e-6
0.094, -2.929e-6
0.095, -2.343e-6
0.096, -2.441e-6
0.097, -2.343e-6
0.098, -2.343e-6
0.099, -3.222e-6
0.100, -2.734e-6
0.101, -1.367e-6
0.102, -1.367e-6
0.103, -1.855e-6
0.104, -2.636e-6
0.105, -1.953e-6
0.106, -1.855e-6
0.107, -2.246e-6
0.108, -1.757e-6
0.109, -1.465e-6
0.110, -1.660e-6
0.111, -1.562e-6
0.112, -1.562e-6
0.113, -1.269e-6
0.114, -1.269e-6
0.115, -1.367e-6
0.116, -1.855e-6
0.117, -1.465e-6
0.118, -9.764e-7
0.119, -1.367e-6
0.120, -1.269e-6
0.121, -2.929e-7
0.122, -8.787e-7
0.123, -4.283e-12
0.124, -5.858e-7
0.125, -1.953e-7
0.126, -9.764e-8
0.127, -4.882e-7
0.128, 3.905e-7
0.129, 1.953e-7
0.130, 9.763e-8
0.131, 4.882e-7
0.132, 2.929e-7
0.133, 4.882e-7
0.134, 7.811e-7
0.135, 8.787e-7
0.136, 1.269e-6
0.137, 6.835e-7
0.138, 1.953e-6
0.139, 1.465e-6
0.140, 1.757e-6
0.141, 6.835e-7
0.142, 1.074e-6
0.143, 1.855e-6
0.144, 7.811e-7
0.145, 1.465e-6
0.146, 1.757e-6
0.147, 1.660e-6
0.148, 1.855e-6
0.149, 2.050e-6
0.150, 2.050e-6
0.151, 2.343e-6
0.152, 1.953e-6
0.153, 1.269e-6
0.154, 1.757e-6
0.155, 2.246e-6
0.156, 2.539e-6
0.157, 1.465e-6
0.158, 2.441e-6
0.159, 2.734e-6
0.160, 2.831e-6
0.161, 2.246e-6
0.162, 2.343e-6
0.163, 2.636e-6
0.164, 2.539e-6
0.165, 2.831e-6
0.166, 2.148e-6
0.167, 3.222e-6
0.168, 2.734e-6
0.169, 2.441e-6
0.170, 2.831e-6
0.171, 3.027e-6
0.172, 3.027e-6
0.173, 2.831e-6
0.174, 3.222e-6
0.175, 3.906e-6
0.176, 3.710e-6
0.177, 2.929e-6
0.178, 3.613e-6
0.179, 3.710e-6
0.180, 3.027e-6
0.181, 3.417e-6
0.182, 3.710e-6
0.183, 3.320e-6
0.184, 3.808e-6
0.185, 3.027e-6
0.186, 4.296e-6
0.187, 3.808e-6
0.188, 3.613e-6
0.189, 3.808e-6
0.190, 4.101e-6
0.191, 4.394e-6
0.192, 4.687e-6
0.193, 4.589e-6
0.194, 4.394e-6
0.195, 5.175e-6
0.196, 4.491e-6
0.197, 5.175e-6
0.198, 5.468e-6
0.199, 5.077e-6
0.200, 4.980e-6
0.201, 5.175e-6
0.202, 4.980e-6
0.203, 5.272e-6
0.204, 5.175e-6
0.205, 4.394e-6
0.206, 5.468e-6
0.207, 5.663e-6
0.208, 5.370e-6
0.209, 6.054e-6
0.210, 5.956e-6
0.211, 5.956e-6
0.212, 6.054e-6
0.213, 6.151e-6
0.214, 5.761e-6
0.215, 6.054e-6
0.216, 6.346e-6
0.217, 6.346e-6
0.218, 6.737e-6
0.219, 6.444e-6
0.220, 6.932e-6
0.221, 7.518e-6
0.222, 6.542e-6
0.223, 7.225e-6
0.224, 6.737e-6
0.225, 7.616e-6
0.226, 7.518e-6
0.227, 7.420e-6
0.228, 7.518e-6
0.229, 7.811e-6
0.230, 7.128e-6
0.231, 8.104e-6
0.232, 8.006e-6
0.233, 8.397e-6
0.234, 8.299e-6
0.235, 8.690e-6
0.236, 8.690e-6
0.237, 8.104e-6
0.238, 8.299e-6
0.239, 9.764e-6
0.240, 8.690e-6
0.241, 9.080e-6
0.242, 9.471e-6
0.243, 9.276e-6
0.244, 9.276e-6
0.245, 1.045e-5
0.246, 9.861e-6
0.247, 9.666e-6
0.248, 1.015e-5
0.249, 1.084e-5
0.250, 1.074e-5
0.251, 1.133e-5
0.252, 1.103e-5
0.253, 1.133e-5
0.254, 1.220e-5
0.255, 1.152e-5
0.256, 1.191e-5
0.257, 1.162e-5
0.258, 1.220e-5
0.259, 1.269e-5
0.260, 1.240e-5
0.261, 1.279e-5
0.262, 1.260e-5
0.263, 1.299e-5
0.264, 1.338e-5
0.265, 1.357e-5
0.266, 1.416e-5
0.267, 1.386e-5
0.268, 1.416e-5
0.269, 1.465e-5
0.270, 1.474e-5
0.271, 1.601e-5
0.272, 1.552e-5
0.273, 1.533e-5
0.274, 1.582e-5
0.275, 1.572e-5
0.276, 1.611e-5
0.277, 1.650e-5
0.278, 1.670e-5
0.279, 1.689e-5
0.280, 1.650e-5
0.281, 1.689e-5
0.282, 1.777e-5
0.283, 1.738e-5
0.284, 1.757e-5
0.285, 1.797e-5
0.286, 1.845e-5
0.287, 1.875e-5
0.288, 1.845e-5
0.289, 1.884e-5
0.290, 1.914e-5
0.291, 2.041e-5
0.292, 1.953e-5
0.293, 2.002e-5
0.294, 2.050e-5
0.295, 2.080e-5
0.296, 2.041e-5
0.297, 2.070e-5
0.298, 2.138e-5
0.299, 2.246e-5
0.300, 2.246e-5
0.301, 2.197e-5
0.302, 2.226e-5
0.303, 2.343e-5
0.304, 2.226e-5
0.305, 2.285e-5
0.306, 2.324e-5
0.307, 2.441e-5
0.308, 2.421e-5
0.309, 2.460e-5
0.310, 2.460e-5
0.311, 2.558e-5
0.312, 2.441e-5
0.313, 2.441e-5
0.314, 2.548e-5
0.315, 2.539e-5
0.316, 2.626e-5
0.317, 2.646e-5
0.318, 2.724e-5
0.319, 2.753e-5
0.320, 2.734e-5
0.321, 2.792e-5
0.322, 2.763e-5
0.323, 2.802e-5
0.324, 2.851e-5
0.325, 2.871e-5
0.326, 2.910e-5
0.327, 2.919e-5
0.328, 2.988e-5
0.329, 3.017e-5
0.330, 2.988e-5
0.331, 3.105e-5
0.332, 3.085e-5
0.333, 3.124e-5
0.334, 3.163e-5
0.335, 3.203e-5
0.336, 3.173e-5
0.337, 3.222e-5
0.338, 3.222e-5
0.339, 3.349e-5
0.340, 3.369e-5
0.341, 3.320e-5
0.342, 3.398e-5
0.343, 3.398e-5
0.344, 3.417e-5
0.345, 3.495e-5
0.346, 3.447e-5
0.347, 3.564e-5
0.348, 3.613e-5
0.349, 3.574e-5
0.350, 3.661e-5
0.351, 3.652e-5
0.352, 3.671e-5
0.353, 3.710e-5
0.354, 3.759e-5
0.355, 3.798e-5
0.356, 3.915e-5
0.357, 3.906e-5
0.358, 3.935e-5
0.359, 3.964e-5
0.360, 4.023e-5
0.361, 4.052e-5
0.362, 4.062e-5
0.363, 4.169e-5
0.364, 4.130e-5
0.365, 4.140e-5
0.366, 4.218e-5
0.367, 4.257e-5
0.368, 4.218e-5
0.369, 4.325e-5
0.370, 4.355e-5
0.371, 4.394e-5
0.372, 4.394e-5
0.373, 4.403e-5
0.374, 4.550e-5
0.375, 4.599e-5
0.376, 4.628e-5
0.377, 4.716e-5
0.378, 4.823e-5
0.379, 4.843e-5
0.380, 4.843e-5
0.381, 4.931e-5
0.382, 4.931e-5
0.383, 5.077e-5
0.384, 5.087e-5
0.385, 5.204e-5
0.386, 5.253e-5
0.387, 5.302e-5
0.388, 5.429e-5
0.389, 5.477e-5
0.390, 5.575e-5
0.391, 5.663e-5
0.392, 5.741e-5
0.393, 5.819e-5
0.394, 5.956e-5
0.395, 6.034e-5
0.396, 6.200e-5
0.397, 6.288e-5
0.398, 6.386e-5
0.399, 6.591e-5
0.400, 6.698e-5
0.401, 6.844e-5
0.402, 6.991e-5
0.403, 7.215e-5
0.404, 7.420e-5
0.405, 7.616e-5
0.406, 7.977e-5
0.407, 8.241e-5
0.408, 8.621e-5
0.409, 9.041e-5
0.410, 8.826e-5
0.411, 9.988e-5
0.412, 1.079e-4
0.413, 1.151e-4
0.414, 1.260e-4
0.415, 1.381e-4
0.416, 1.529e-4
0.417, 1.701e-4
0.418, 1.904e-4
0.419, 2.157e-4
0.420, 2.459e-4
0.421, 2.799e-4
0.422, 3.203e-4
0.423, 3.677e-4
0.424, 4.252e-4
0.425, 4.929e-4
0.426, 5.680e-4
0.427, 6.596e-4
0.428, 7.619e-4
0.429, 8.789e-4
0.430, 1.009e-3
0.431, 1.152e-3
0.432, 1.295e-3
0.433, 1.442e-3
0.434, 1.587e-3
0.435, 1.732e-3
0.436, 1.880e-3
0.437, 2.021e-3
0.438, 2.160e-3
0.439, 2.288e-3
0.440, 2.423e-3
0.441, 2.538e-3
0.442, 2.648e-3
0.443, 2.742e-3
0.444, 2.825e-3
0.445, 2.888e-3
0.446, 2.931e-3
0.447, 2.954e-3
0.448, 2.955e-3
0.449, 2.933e-3
0.450, 2.889e-3
0.451, 2.821e-3
0.452, 2.729e-3
0.453, 2.626e-3
0.454, 2.504e-3
0.455, 2.366e-3
0.456, 2.222e-3
0.457, 2.076e-3
0.458, 1.929e-3
0.459, 1.782e-3
0.460, 1.650e-3
0.461, 1.523e-3
0.462, 1.408e-3
0.463, 1.299e-3
0.464, 1.208e-3
0.465, 1.127e-3
0.466, 1.051e-3
0.467, 9.849e-4
0.468, 9.261e-4
0.469, 8.742e-4
0.470, 8.269e-4
0.471, 7.843e-4
0.472, 7.501e-4
0.473, 7.161e-4
0.474, 6.825e-4
0.475, 6.575e-4
0.476, 6.333e-4
0.477, 6.112e-4
0.478, 5.896e-4
0.479, 5.693e-4
0.480, 5.511e-4
0.481, 5.352e-4
0.482, 5.206e-4
0.483, 5.052e-4
0.484, 4.921e-4
0.485, 4.787e-4
0.486, 4.686e-4
0.487, 4.572e-4
0.488, 4.463e-4
0.489, 4.356e-4
0.490, 4.265e-4
0.491, 4.178e-4
0.492, 4.092e-4
0.493, 4.016e-4
0.494, 3.935e-4
0.495, 3.867e-4
0.496, 3.803e-4
0.497, 3.740e-4
0.498, 3.666e-4
0.499, 3.600e-4
0.500, 3.542e-4
0.501, 3.488e-4
0.502, 3.441e-4
0.503, 3.387e-4
0.504, 3.336e-4
0.505, 3.302e-4
0.506, 3.246e-4
0.507, 3.199e-4
0.508, 3.154e-4
0.509, 3.104e-4
0.510, 3.077e-4
0.511, 3.034e-4
0.512, 3.032e-4
0.513, 3.005e-4
0.514, 2.931e-4
0.515, 2.902e-4
0.516, 2.869e-4
0.517, 2.823e-4
0.518, 2.792e-4
0.519, 2.760e-4
0.520, 2.732e-4
0.521, 2.700e-4
0.522, 2.666e-4
0.523, 2.650e-4
0.524, 2.618e-4
0.525, 2.574e-4
0.526, 2.560e-4
0.527, 2.524e-4
0.528, 2.495e-4
0.529, 2.486e-4
0.530, 2.450e-4
0.531, 2.428e-4
0.532, 2.414e-4
0.533, 2.383e-4
0.534, 2.366e-4
0.535, 2.343e-4
0.536, 2.314e-4
0.537, 2.294e-4
0.538, 2.280e-4
0.539, 2.251e-4
0.540, 2.242e-4
0.541, 2.216e-4
0.542, 2.209e-4
0.543, 2.185e-4
0.544, 2.166e-4
0.545, 2.162e-4
0.546, 2.131e-4
0.547, 2.121e-4
0.548, 2.113e-4
0.549, 2.092e-4
0.550, 2.085e-4
0.551, 2.058e-4
0.552, 2.047e-4
0.553, 2.049e-4
0.554, 2.033e-4
0.555, 2.019e-4
0.556, 2.018e-4
0.557, 2.002e-4
0.558, 2.005e-4
0.559, 1.999e-4
0.560, 1.989e-4
0.561, 1.978e-4
0.562, 1.970e-4
0.563, 1.972e-4
0.564, 1.970e-4
0.565, 1.957e-4
0.566, 1.957e-4
0.567, 1.959e-4
0.568, 1.966e-4
0.569, 1.963e-4
0.570, 1.960e-4
0.571, 1.963e-4
0.572, 1.966e-4
0.573, 1.963e-4
0.574, 1.971e-4
0.575, 1.975e-4
0.576, 1.982e-4
0.577, 1.997e-4
0.578, 2.010e-4
0.579, 2.016e-4
0.580, 2.029e-4
0.581, 2.046e-4
0.582, 2.058e-4
0.583, 2.083e-4
0.584, 2.104e-4
0.585, 2.125e-4
0.586, 2.144e-4
0.587, 2.169e-4
0.588, 2.199e-4
0.589, 2.225e-4
0.590, 2.253e-4
0.591, 2.289e-4
0.592, 2.331e-4
0.593, 2.369e-4
0.594, 2.405e-4
0.595, 2.448e-4
0.596, 2.498e-4
0.597, 2.540e-4
0.598, 2.592e-4
0.599, 2.647e-4
0.600, 2.709e-4
0.601, 2.770e-4
0.602, 2.815e-4
0.603, 2.899e-4
0.604, 2.980e-4
0.605, 3.039e-4
0.606, 3.121e-4
0.607, 3.218e-4
0.608, 3.298e-4
0.609, 3.393e-4
0.610, 3.493e-4
0.611, 3.601e-4
0.612, 3.706e-4
0.613, 3.828e-4
0.614, 3.938e-4
0.615, 4.062e-4
0.616, 4.205e-4
0.617, 4.357e-4
0.618, 4.498e-4
0.619, 4.665e-4
0.620, 4.843e-4
0.621, 5.015e-4
0.622, 5.202e-4
0.623, 5.394e-4
0.624, 5.589e-4
0.625, 5.808e-4
0.626, 6.038e-4
0.627, 6.259e-4
0.628, 6.489e-4
0.629, 6.732e-4
0.630, 6.996e-4
0.631, 7.274e-4
0.632, 7.551e-4
0.633, 7.841e-4
0.634, 8.142e-4
0.635, 8.459e-4
0.636, 8.802e-4
0.637, 9.134e-4
0.638, 9.486e-4
0.639, 9.865e-4
0.640, 1.026e-3
0.641, 1.066e-3
0.642, 1.109e-3
0.643, 1.151e-3
0.644, 1.195e-3
0.645, 1.241e-3
0.646, 1.286e-3
0.647, 1.336e-3
0.648, 1.389e-3
0.649, 1.441e-3
0.650, 1.494e-3
0.651, 1.551e-3
0.652, 1.612e-3
0.653, 1.669e-3
0.654, 1.729e-3
0.655, 1.792e-3
0.656, 1.860e-3
0.657, 1.926e-3
0.658, 1.994e-3
0.659, 2.065e-3
0.660, 2.137e-3
0.661, 2.210e-3
0.662, 2.284e-3
0.663, 2.370e-3
0.664, 2.448e-3
0.665, 2.526e-3
0.666, 2.615e-3
0.667, 2.700e-3
0.668, 2.789e-3
0.669, 2.881e-3
0.670, 2.973e-3
0.671, 3.068e-3
0.672, 3.164e-3
0.673, 3.260e-3
0.674, 3.363e-3
0.675, 3.464e-3
0.676, 3.570e-3
0.677, 3.676e-3
0.678, 3.782e-3
0.679, 3.894e-3
0.680, 4.007e-3
0.681, 4.121e-3
0.682, 4.236e-3
0.683, 4.357e-3
0.684, 4.476e-3
0.685, 4.597e-3
0.686, 4.717e-3
0.687, 4.843e-3
0.688, 4.971e-3
0.689, 5.098e-3
0.690, 5.227e-3
0.691, 5.362e-3
0.692, 5.496e-3
0.693, 5.631e-3
0.694, 5.773e-3
0.695, 5.910e-3
0.696, 6.053e-3
0.697, 6.198e-3
0.698, 6.346e-3
0.699, 6.493e-3
0.700, 6.636e-3
0.701, 6.786e-3
0.702, 6.941e-3
0.703, 7.095e-3
0.704, 7.249e-3
0.705, 7.405e-3
0.706, 7.562e-3
0.707, 7.721e-3
0.708, 7.886e-3
0.709, 8.051e-3
0.710, 8.219e-3
0.711, 8.391e-3
0.712, 8.564e-3
0.713, 8.738e-3
0.714, 8.913e-3
0.715, 9.091e-3
0.716, 9.265e-3
0.717, 9.451e-3
0.718, 9.629e-3
0.719, 9.803e-3
0.720, 9.978e-3
0.721, 1.016e-2
0.722, 1.034e-2
0.723, 1.053e-2
0.724, 1.072e-2
0.725, 1.090e-2
0.726, 1.109e-2
0.727, 1.128e-2
0.728, 1.147e-2
0.729, 1.167e-2
0.730, 1.185e-2
0.731, 1.205e-2
0.732, 1.225e-2
0.733, 1.244e-2
0.734, 1.265e-2
0.735, 1.285e-2
0.736, 1.304e-2
0.737, 1.326e-2
0.738, 1.346e-2
0.739, 1.368e-2
0.740, 1.389e-2
0.741, 1.409e-2
0.742, 1.430e-2
0.743, 1.452e-2
0.744, 1.474e-2
0.745, 1.495e-2
0.746, 1.516e-2
0.747, 1.537e-2
0.748, 1.559e-2
0.749, 1.582e-2
0.750, 1.604e-2
0.751, 1.627e-2
0.752, 1.650e-2
0.753, 1.672e-2
0.754, 1.694e-2
0.755, 1.717e-2
0.756, 1.739e-2
0.757, 1.761e-2
0.758, 1.785e-2
0.759, 1.807e-2
0.760, 1.830e-2
0.761, 1.853e-2
0.762, 1.875e-2
0.763, 1.899e-2
0.764, 1.924e-2
0.765, 1.948e-2
0.766, 1.971e-2
0.767, 1.994e-2
0.768, 2.018e-2
0.769, 2.040e-2
0.770, 2.064e-2
0.771, 2.087e-2
0.772, 2.111e-2
0.773, 2.135e-2
0.774, 2.161e-2
0.775, 2.184e-2
0.776, 2.209e-2
0.777, 2.235e-2
0.778, 2.259e-2
0.779, 2.283e-2
0.780, 2.308e-2
0.781, 2.333e-2
0.782, 2.357e-2
0.783, 2.383e-2
0.784, 2.407e-2
0.785, 2.433e-2
0.786, 2.458e-2
0.787, 2.485e-2
0.788, 2.511e-2
0.789, 2.535e-2
0.790, 2.560e-2
0.791, 2.585e-2
0.792, 2.612e-2
0.793, 2.639e-2
0.794, 2.664e-2
0.795, 2.688e-2
0.796, 2.714e-2
0.797, 2.739e-2
0.798, 2.765e-2
0.799, 2.790e-2
0.800, 2.807e-2
0.799, 2.788e-2
0.798, 2.762e-2
0.797, 2.733e-2
0.796, 2.706e-2
0.795, 2.678e-2
0.794, 2.649e-2
0.793, 2.621e-2
0.792, 2.594e-2
0.791, 2.566e-2
0.790, 2.539e-2
0.789, 2.511e-2
0.788, 2.484e-2
0.787, 2.458e-2
0.786, 2.431e-2
0.785, 2.402e-2
0.784, 2.378e-2
0.783, 2.351e-2
0.782, 2.324e-2
0.781, 2.298e-2
0.780, 2.272e-2
0.779, 2.245e-2
0.778, 2.220e-2
0.777, 2.196e-2
0.776, 2.171e-2
0.775, 2.146e-2
0.774, 2.120e-2
0.773, 2.095e-2
0.772, 2.071e-2
0.771, 2.046e-2
0.770, 2.021e-2
0.769, 1.997e-2
0.768, 1.972e-2
0.767, 1.947e-2
0.766, 1.922e-2
0.765, 1.898e-2
0.764, 1.874e-2
0.763, 1.850e-2
0.762, 1.826e-2
0.761, 1.802e-2
0.760, 1.779e-2
0.759, 1.755e-2
0.758, 1.732e-2
0.757, 1.709e-2
0.756, 1.687e-2
0.755, 1.665e-2
0.754, 1.642e-2
0.753, 1.619e-2
0.752, 1.598e-2
0.751, 1.576e-2
0.750, 1.553e-2
0.749, 1.532e-2
0.748, 1.509e-2
0.747, 1.486e-2
0.746, 1.464e-2
0.745, 1.442e-2
0.744, 1.420e-2
0.743, 1.400e-2
0.742, 1.379e-2
0.741, 1.358e-2
0.740, 1.337e-2
0.739, 1.315e-2
0.738, 1.294e-2
0.737, 1.274e-2
0.736, 1.253e-2
0.735, 1.234e-2
0.734, 1.215e-2
0.733, 1.195e-2
0.732, 1.176e-2
0.731, 1.157e-2
0.730, 1.139e-2
0.729, 1.119e-2
0.728, 1.100e-2
0.727, 1.081e-2
0.726, 1.061e-2
0.725, 1.042e-2
0.724, 1.024e-2
0.723, 1.005e-2
0.722, 9.873e-3
0.721, 9.690e-3
0.720, 9.508e-3
0.719, 9.335e-3
0.718, 9.164e-3
0.717, 8.985e-3
0.716, 8.801e-3
0.715, 8.627e-3
0.714, 8.452e-3
0.713, 8.283e-3
0.712, 8.118e-3
0.711, 7.955e-3
0.710, 7.794e-3
0.709, 7.632e-3
0.708, 7.481e-3
0.707, 7.326e-3
0.706, 7.169e-3
0.705, 7.014e-3
0.704, 6.862e-3
0.703, 6.709e-3
0.702, 6.564e-3
0.701, 6.417e-3
0.700, 6.269e-3
0.699, 6.122e-3
0.698, 5.983e-3
0.697, 5.843e-3
0.696, 5.703e-3
0.695, 5.566e-3
0.694, 5.431e-3
0.693, 5.298e-3
0.692, 5.165e-3
0.691, 5.035e-3
0.690, 4.907e-3
0.689, 4.778e-3
0.688, 4.653e-3
0.687, 4.529e-3
0.686, 4.407e-3
0.685, 4.289e-3
0.684, 4.171e-3
0.683, 4.056e-3
0.682, 3.941e-3
0.681, 3.829e-3
0.680, 3.719e-3
0.679, 3.611e-3
0.678, 3.504e-3
0.677, 3.400e-3
0.676, 3.296e-3
0.675, 3.196e-3
0.674, 3.101e-3
0.673, 3.002e-3
0.672, 2.907e-3
0.671, 2.814e-3
0.670, 2.719e-3
0.669, 2.629e-3
0.668, 2.538e-3
0.667, 2.454e-3
0.666, 2.373e-3
0.665, 2.288e-3
0.664, 2.210e-3
0.663, 2.133e-3
0.662, 2.057e-3
0.661, 1.982e-3
0.660, 1.911e-3
0.659, 1.839e-3
0.658, 1.768e-3
0.657, 1.703e-3
0.656, 1.640e-3
0.655, 1.574e-3
0.654, 1.511e-3
0.653, 1.451e-3
0.652, 1.393e-3
0.651, 1.335e-3
0.650, 1.279e-3
0.649, 1.227e-3
0.648, 1.176e-3
0.647, 1.127e-3
0.646, 1.077e-3
0.645, 1.029e-3
0.644, 9.827e-4
0.643, 9.386e-4
0.642, 8.957e-4
0.641, 8.545e-4
0.640, 8.127e-4
0.639, 7.745e-4
0.638, 7.384e-4
0.637, 7.017e-4
0.636, 6.668e-4
0.635, 6.333e-4
0.634, 6.007e-4
0.633, 5.684e-4
0.632, 5.383e-4
0.631, 5.103e-4
0.630, 4.823e-4
0.629, 4.538e-4
0.628, 4.280e-4
0.627, 4.049e-4
0.626, 3.813e-4
0.625, 3.595e-4
0.624, 3.378e-4
0.623, 3.174e-4
0.622, 2.983e-4
0.621, 2.798e-4
0.620, 2.614e-4
0.619, 2.445e-4
0.618, 2.277e-4
0.617, 2.112e-4
0.616, 1.967e-4
0.615, 1.806e-4
0.614, 1.683e-4
0.613, 1.539e-4
0.612, 1.404e-4
0.611, 1.295e-4
0.610, 1.173e-4
0.609, 1.056e-4
0.608, 9.490e-5
0.607, 8.416e-5
0.606, 7.489e-5
0.605, 6.444e-5
0.604, 5.546e-5
0.603, 4.706e-5
0.602, 3.954e-5
0.601, 3.173e-5
0.600, 2.412e-5
0.599, 1.670e-5
0.598, 9.959e-6
0.597, 4.101e-6
0.596, -2.636e-6
0.595, -7.616e-6
0.594, -1.455e-5
0.593, -2.002e-5
0.592, -2.392e-5
0.591, -2.880e-5
0.590, -3.329e-5
0.589, -3.769e-5
0.588, -4.237e-5
0.587, -4.521e-5
0.586, -4.853e-5
0.585, -5.292e-5
0.584, -5.643e-5
0.583, -6.005e-5
0.582, -6.249e-5
0.581, -6.571e-5
0.580, -6.962e-5
0.579, -7.303e-5
0.578, -7.460e-5
0.577, -7.772e-5
0.576, -7.782e-5
0.575, -8.221e-5
0.574, -8.494e-5
0.573, -8.729e-5
0.572, -8.944e-5
0.571, -9.188e-5
0.570, -9.432e-5
0.569, -9.686e-5
0.568, -9.764e-5
0.567, -1.002e-4
0.566, -1.019e-4
0.565, -1.033e-4
0.564, -1.047e-4
0.563, -1.074e-4
0.562, -1.086e-4
0.561, -1.108e-4
0.560, -1.115e-4
0.559, -1.138e-4
0.558, -1.149e-4
0.557, -1.158e-4
0.556, -1.181e-4
0.555, -1.192e-4
0.554, -1.204e-4
0.553, -1.226e-4
0.552, -1.240e-4
0.551, -1.255e-4
0.550, -1.256e-4
0.549, -1.278e-4
0.548, -1.295e-4
0.547, -1.307e-4
0.546, -1.315e-4
0.545, -1.329e-4
0.544, -1.343e-4
0.543, -1.364e-4
0.542, -1.377e-4
0.541, -1.390e-4
0.540, -1.391e-4
0.539, -1.405e-4
0.538, -1.435e-4
0.537, -1.437e-4
0.536, -1.447e-4
0.535, -1.463e-4
0.534, -1.476e-4
0.533, -1.489e-4
0.532, -1.502e-4
0.531, -1.505e-4
0.530, -1.530e-4
0.529, -1.541e-4
0.528, -1.543e-4
0.527, -1.556e-4
0.526, -1.572e-4
0.525, -1.577e-4
0.524, -1.603e-4
0.523, -1.607e-4
0.522, -1.619e-4
0.521, -1.637e-4
0.520, -1.642e-4
0.519, -1.669e-4
0.518, -1.672e-4
0.517, -1.695e-4
0.516, -1.697e-4
0.515, -1.706e-4
0.514, -1.718e-4
0.513, -1.739e-4
0.512, -1.797e-4
0.511, -1.782e-4
0.510, -1.777e-4
0.509, -1.796e-4
0.508, -1.797e-4
0.507, -1.815e-4
0.506, -1.827e-4
0.505, -1.840e-4
0.504, -1.848e-4
0.503, -1.873e-4
0.502, -1.879e-4
0.501, -1.892e-4
0.500, -1.904e-4
0.499, -1.903e-4
0.498, -1.922e-4
0.497, -1.950e-4
0.496, -1.956e-4
0.495, -1.967e-4
0.494, -1.981e-4
0.493, -1.997e-4
0.492, -2.011e-4
0.491, -2.022e-4
0.490, -2.040e-4
0.489, -2.055e-4
0.488, -2.067e-4
0.487, -2.087e-4
0.486, -2.104e-4
0.485, -2.113e-4
0.484, -2.127e-4
0.483, -2.145e-4
0.482, -2.168e-4
0.481, -2.176e-4
0.480, -2.191e-4
0.479, -2.221e-4
0.478, -2.229e-4
0.477, -2.245e-4
0.476, -2.276e-4
0.475, -2.302e-4
0.474, -2.320e-4
0.473, -2.320e-4
0.472, -2.371e-4
0.471, -2.388e-4
0.470, -2.412e-4
0.469, -2.447e-4
0.468, -2.473e-4
0.467, -2.502e-4
0.466, -2.528e-4
0.465, -2.561e-4
0.464, -2.585e-4
0.463, -2.624e-4
0.462, -2.658e-4
0.461, -2.705e-4
0.460, -2.739e-4
0.459, -2.757e-4
0.458, -2.815e-4
0.457, -2.849e-4
0.456, -2.896e-4
0.455, -2.944e-4
0.454, -2.975e-4
0.453, -3.028e-4
0.452, -3.090e-4
0.451, -3.132e-4
0.450, -3.203e-4
0.449, -3.250e-4
0.448, -3.288e-4
0.447, -3.359e-4
0.446, -3.421e-4
0.445, -3.493e-4
0.444, -3.566e-4
0.443, -3.643e-4
0.442, -3.707e-4
0.441, -3.769e-4
0.440, -3.852e-4
0.439, -3.943e-4
0.438, -4.007e-4
0.437, -4.099e-4
0.436, -4.178e-4
0.435, -4.273e-4
0.434, -4.347e-4
0.433, -4.436e-4
0.432, -4.519e-4
0.431, -4.626e-4
0.430, -4.723e-4
0.429, -4.829e-4
0.428, -4.941e-4
0.427, -5.059e-4
0.426, -5.152e-4
0.425, -5.251e-4
0.424, -5.393e-4
0.423, -5.534e-4
0.422, -5.642e-4
0.421, -5.815e-4
0.420, -5.958e-4
0.419, -6.109e-4
0.418, -6.284e-4
0.417, -6.444e-4
0.416, -6.615e-4
0.415, -6.789e-4
0.414, -6.955e-4
0.413, -7.136e-4
0.412, -7.350e-4
0.411, -7.559e-4
0.410, -7.661e-4
0.409, -7.633e-4
0.408, -7.981e-4
0.407, -8.300e-4
0.406, -8.592e-4
0.405, -8.902e-4
0.404, -9.197e-4
0.403, -9.521e-4
0.402, -9.840e-4
0.401, -1.017e-3
0.400, -1.049e-3
0.399, -1.087e-3
0.398, -1.126e-3
0.397, -1.162e-3
0.396, -1.200e-3
0.395, -1.243e-3
0.394, -1.287e-3
0.393, -1.332e-3
0.392, -1.379e-3
0.391, -1.427e-3
0.390, -1.476e-3
0.389, -1.527e-3
0.388, -1.578e-3
0.387, -1.629e-3
0.386, -1.679e-3
0.385, -1.726e-3
0.384, -1.777e-3
0.383, -1.826e-3
0.382, -1.869e-3
0.381, -1.910e-3
0.380, -1.945e-3
0.379, -1.976e-3
0.378, -2.002e-3
0.377, -2.023e-3
0.376, -2.037e-3
0.375, -2.043e-3
0.374, -2.042e-3
0.373, -2.031e-3
0.372, -2.012e-3
0.371, -1.981e-3
0.370, -1.943e-3
0.369, -1.894e-3
0.368, -1.833e-3
0.367, -1.763e-3
0.366, -1.683e-3
0.365, -1.591e-3
0.364, -1.491e-3
0.363, -1.382e-3
0.362, -1.273e-3
0.361, -1.162e-3
0.360, -1.052e-3
0.359, -9.493e-4
0.358, -8.543e-4
0.357, -7.665e-4
0.356, -6.906e-4
0.355, -6.238e-4
0.354, -5.641e-4
0.353, -5.146e-4
0.352, -4.714e-4
0.351, -4.352e-4
0.350, -4.036e-4
0.349, -3.763e-4
0.348, -3.520e-4
0.347, -3.299e-4
0.346, -3.126e-4
0.345, -2.962e-4
0.344, -2.824e-4
0.343, -2.702e-4
0.342, -2.591e-4
0.341, -2.499e-4
0.340, -2.404e-4
0.339, -2.324e-4
0.338, -2.253e-4
0.337, -2.192e-4
0.336, -2.131e-4
0.335, -2.076e-4
0.334, -2.018e-4
0.333, -1.975e-4
0.332, -1.921e-4
0.331, -1.884e-4
0.330, -1.841e-4
0.329, -1.814e-4
0.328, -1.766e-4
0.327, -1.732e-4
0.326, -1.697e-4
0.325, -1.675e-4
0.324, -1.633e-4
0.323, -1.603e-4
0.322, -1.586e-4
0.321, -1.555e-4
0.320, -1.523e-4
0.319, -1.507e-4
0.318, -1.483e-4
0.317, -1.459e-4
0.316, -1.440e-4
0.315, -1.417e-4
0.314, -1.395e-4
0.313, -1.376e-4
0.312, -1.358e-4
0.311, -1.343e-4
0.310, -1.324e-4
0.309, -1.306e-4
0.308, -1.290e-4
0.307, -1.281e-4
0.306, -1.263e-4
0.305, -1.238e-4
0.304, -1.217e-4
0.303, -1.208e-4
0.302, -1.199e-4
0.301, -1.186e-4
0.300, -1.175e-4
0.299, -1.159e-4
0.298, -1.137e-4
0.297, -1.125e-4
0.296, -1.114e-4
0.295, -1.098e-4
0.294, -1.088e-4
0.293, -1.083e-4
0.292, -1.072e-4
0.291, -1.051e-4
0.290, -1.047e-4
0.289, -1.035e-4
0.288, -1.027e-4
0.287, -1.018e-4
0.286, -1.006e-4
0.285, -9.920e-5
0.284, -9.832e-5
0.283, -9.783e-5
0.282, -9.647e-5
0.281, -9.569e-5
0.280, -9.442e-5
0.279, -9.432e-5
0.278, -9.227e-5
0.277, -9.295e-5
0.276, -9.188e-5
0.275, -9.061e-5
0.274, -8.983e-5
0.273, -8.875e-5
0.272, -8.797e-5
0.271, -8.817e-5
0.270, -8.680e-5
0.269, -8.612e-5
0.268, -8.514e-5
0.267, -8.514e-5
0.266, -8.397e-5
0.265, -8.299e-5
0.264, -8.387e-5
0.263, -8.329e-5
0.262, -8.163e-5
0.261, -8.133e-5
0.260, -8.104e-5
0.259, -8.016e-5
0.258, -7.918e-5
0.257, -7.977e-5
0.256, -7.899e-5
0.255, -7.801e-5
0.254, -7.733e-5
0.253, -7.655e-5
0.252, -7.586e-5
0.251, -7.538e-5
0.250, -7.499e-5
0.249, -7.420e-5
0.248, -7.430e-5
0.247, -7.411e-5
0.246, -7.362e-5
0.245, -7.245e-5
0.244, -7.284e-5
0.243, -7.157e-5
0.242, -7.147e-5
0.241, -7.206e-5
0.240, -7.089e-5
0.239, -7.069e-5
0.238, -6.981e-5
0.237, -6.942e-5
0.236, -6.952e-5
0.235, -6.854e-5
0.234, -6.874e-5
0.233, -6.796e-5
0.232, -6.776e-5
0.231, -6.757e-5
0.230, -6.796e-5
0.229, -6.698e-5
0.228, -6.610e-5
0.227, -6.571e-5
0.226, -6.659e-5
0.225, -6.610e-5
0.224, -6.512e-5
0.223, -6.483e-5
0.222, -6.473e-5
0.221, -6.425e-5
0.220, -6.307e-5
0.219, -6.327e-5
0.218, -6.307e-5
0.217, -6.278e-5
0.216, -6.298e-5
0.215, -6.229e-5
0.214, -6.307e-5
0.213, -6.180e-5
0.212, -6.151e-5
0.211, -6.171e-5
0.210, -6.141e-5
0.209, -6.161e-5
0.208, -6.073e-5
0.207, -6.044e-5
0.206, -6.063e-5
0.205, -5.956e-5
0.204, -5.975e-5
0.203, -6.044e-5
0.202, -6.005e-5
0.201, -5.985e-5
0.200, -5.956e-5
0.199, -5.888e-5
0.198, -5.888e-5
0.197, -5.936e-5
0.196, -5.917e-5
0.195, -5.819e-5
0.194, -5.800e-5
0.193, -5.849e-5
0.192, -5.741e-5
0.191, -5.849e-5
0.190, -5.751e-5
0.189, -5.770e-5
0.188, -5.751e-5
0.187, -5.683e-5
0.186, -5.683e-5
0.185, -5.712e-5
0.184, -5.683e-5
0.183, -5.683e-5
0.182, -5.653e-5
0.181, -5.702e-5
0.180, -5.683e-5
0.179, -5.604e-5
0.178, -5.517e-5
0.177, -5.614e-5
0.176, -5.624e-5
0.175, -5.575e-5
0.174, -5.536e-5
0.173, -5.585e-5
0.172, -5.595e-5
0.171, -5.575e-5
0.170, -5.536e-5
0.169, -5.536e-5
0.168, -5.536e-5
0.167, -5.448e-5
0.166, -5.351e-5
0.165, -5.409e-5
0.164, -5.429e-5
0.163, -5.399e-5
0.162, -5.360e-5
0.161, -5.438e-5
0.160, -5.331e-5
0.159, -5.399e-5
0.158, -5.399e-5
0.157, -5.360e-5
0.156, -5.370e-5
0.155, -5.429e-5
0.154, -5.380e-5
0.153, -5.331e-5
0.152, -5.321e-5
0.151, -5.351e-5
0.150, -5.331e-5
0.149, -5.282e-5
0.148, -5.253e-5
0.147, -5.302e-5
0.146, -5.311e-5
0.145, -5.331e-5
0.144, -5.272e-5
0.143, -5.253e-5
0.142, -5.253e-5
0.141, -5.263e-5
0.140, -5.282e-5
0.139, -5.224e-5
0.138, -5.321e-5
0.137, -5.233e-5
0.136, -5.204e-5
0.135, -5.253e-5
0.134, -5.214e-5
0.133, -5.253e-5
0.132, -5.214e-5
0.131, -5.204e-5
0.130, -5.185e-5
0.129, -5.155e-5
0.128, -5.165e-5
0.127, -5.165e-5
0.126, -5.224e-5
0.125, -5.165e-5
0.124, -5.155e-5
0.123, -5.116e-5
0.122, -5.116e-5
0.121, -5.136e-5
0.120, -5.146e-5
0.119, -5.116e-5
0.118, -5.126e-5
0.117, -5.038e-5
0.116, -5.136e-5
0.115, -5.087e-5
0.114, -5.097e-5
0.113, -5.136e-5
0.112, -5.067e-5
0.111, -4.989e-5
0.110, -5.028e-5
0.109, -5.009e-5
0.108, -5.048e-5
0.107, -4.950e-5
0.106, -4.960e-5
0.105, -5.038e-5
0.104, -5.028e-5
0.103, -5.067e-5
0.102, -5.106e-5
0.101, -5.038e-5
0.100, -5.019e-5
0.099, -5.038e-5
0.098, -4.970e-5
0.097, -5.028e-5
0.096, -4.921e-5
0.095, -4.921e-5
0.094, -4.872e-5
0.093, -4.862e-5
0.092, -4.911e-5
0.091, -4.843e-5
0.090, -4.872e-5
0.089, -4.862e-5
0.088, -4.940e-5
0.087, -4.853e-5
0.086, -4.872e-5
0.085, -4.882e-5
0.084, -4.882e-5
0.083, -4.823e-5
0.082, -4.794e-5
0.081, -4.853e-5
0.080, -4.853e-5
0.079, -4.804e-5
0.078, -4.833e-5
0.077, -4.745e-5
0.076, -4.804e-5
0.075, -4.833e-5
0.074, -4.814e-5
0.073, -4.784e-5
0.072, -4.765e-5
0.071, -4.833e-5
0.070, -4.696e-5
0.069, -4.784e-5
0.068, -4.716e-5
0.067, -4.755e-5
0.066, -4.774e-5
0.065, -4.804e-5
0.064, -4.755e-5
0.063, -4.706e-5
0.062, -4.735e-5
0.061, -4.716e-5
0.060, -4.696e-5
0.059, -4.706e-5
0.058, -4.667e-5
0.057, -4.726e-5
0.056, -4.696e-5
0.055, -4.667e-5
0.054, -4.687e-5
0.053, -4.648e-5
0.052, -4.657e-5
0.051, -4.618e-5
0.050, -4.589e-5
0.049, -4.667e-5
0.048, -4.618e-5
0.047, -4.609e-5
0.046, -4.589e-5
0.045, -4.550e-5
0.044, -4.628e-5
0.043, -4.560e-5
0.042, -4.618e-5
0.041, -4.560e-5
0.040, -4.530e-5
0.039, -4.589e-5
0.038, -4.560e-5
0.037, -4.569e-5
0.036, -4.530e-5
0.035, -4.501e-5
0.034, -4.599e-5
0.033, -4.540e-5
0.032, -4.560e-5
0.031, -4.482e-5
0.030, -4.462e-5
0.029, -4.501e-5
0.028, -4.482e-5
0.027, -4.511e-5
0.026, -4.452e-5
0.025, -4.452e-5
0.024, -4.413e-5
0.023, -4.482e-5
0.022, -4.501e-5
0.021, -4.491e-5
0.020, -4.501e-5
0.019, -4.423e-5
0.018, -4.355e-5
0.017, -4.394e-5
0.016, -4.345e-5
0.015, -4.374e-5
0.014, -4.384e-5
0.013, -4.325e-5
0.012, -4.374e-5
0.011, -4.355e-5
0.010, -4.277e-5
0.009, -4.345e-5
0.008, -4.316e-5
0.007, -4.335e-5
0.006, -4.335e-5
0.005, -4.316e-5
0.004, -4.335e-5
0.003, -4.335e-5
0.002, -4.325e-5
0.001, -4.325e-5
0.000, -3.700e-5
0.001, -2.666e-5
0.002, -2.470e-5
0.003, -2.324e-5
0.004, -2.138e-5
0.005, -2.089e-5
0.006, -1.963e-5
0.007, -1.894e-5
0.008, -1.787e-5
0.009, -1.738e-5
0.010, -1.679e-5
0.011, -1.679e-5
0.012, -1.611e-5
0.013, -1.504e-5
0.014, -1.426e-5
0.015, -1.396e-5
0.016, -1.377e-5
0.017, -1.347e-5
0.018, -1.289e-5
0.019, -1.240e-5
0.020, -1.172e-5
0.021, -1.240e-5
0.022, -1.152e-5
0.023, -1.172e-5
0.024, -1.191e-5
0.025, -1.142e-5
0.026, -1.054e-5
0.027, -1.074e-5
0.028, -1.015e-5
0.029, -1.035e-5
0.030, -1.006e-5
0.031, -9.666e-6
0.032, -9.764e-6
0.033, -1.035e-5
0.034, -9.080e-6
0.035, -8.397e-6
0.036, -7.909e-6
0.037, -8.494e-6
0.038, -8.299e-6
0.039, -8.592e-6
0.040, -7.420e-6
0.041, -8.299e-6
0.042, -8.202e-6
0.043, -7.713e-6
0.044, -7.811e-6
0.045, -7.518e-6
0.046, -8.006e-6
0.047, -6.932e-6
0.048, -6.835e-6
0.049, -6.542e-6
0.050, -7.128e-6
0.051, -6.835e-6
0.052, -6.835e-6
0.053, -6.542e-6
0.054, -6.835e-6
0.055, -6.249e-6
0.056, -6.151e-6
0.057, -5.468e-6
0.058, -5.858e-6
0.059, -5.761e-6
0.060, -5.175e-6
0.061, -5.565e-6
0.062, -5.370e-6
0.063, -4.589e-6
0.064, -5.468e-6
0.065, -5.175e-6
0.066, -6.151e-6
0.067, -4.980e-6
0.068, -4.882e-6
0.069, -4.882e-6
0.070, -4.101e-6
0.071, -4.687e-6
0.072, -5.077e-6
0.073, -4.491e-6
0.074, -4.491e-6
0.075, -4.101e-6
0.076, -4.198e-6
0.077, -4.296e-6
0.078, -4.296e-6
0.079, -4.003e-6
0.080, -4.101e-6
0.081, -3.320e-6
0.082, -3.906e-6
0.083, -3.515e-6
0.084, -3.124e-6
0.085, -2.832e-6
0.086, -3.027e-6
0.087, -3.320e-6
0.088, -3.613e-6
0.089, -2.929e-6
0.090, -3.222e-6
0.091, -3.417e-6
0.092, -2.832e-6
0.093, -2.246e-6
0.094, -2.441e-6
0.095, -2.343e-6
0.096, -2.246e-6
0.097, -1.953e-6
0.098, -1.660e-6
0.099, -2.148e-6
0.100, -2.148e-6
0.101, -2.636e-6
0.102, -1.757e-6
0.103, -1.465e-6
0.104, -1.562e-6
0.105, -1.855e-6
0.106, -1.855e-6
0.107, -2.050e-6
0.108, -1.562e-6
0.109, -1.855e-6
0.110, -1.660e-6
0.111, -1.757e-6
0.112, -2.246e-6
0.113, -9.764e-7
0.114, -2.929e-7
0.115, -1.074e-6
0.116, -1.953e-7
0.117, -1.074e-6
0.118, -9.764e-7
0.119, -2.929e-7
0.120, -4.882e-7
0.121, -2.929e-7
0.122, -9.764e-8
0.123, -4.882e-7
0.124, -1.953e-7
0.125, 9.763e-8
0.126, 6.835e-7
0.127, -4.283e-12
0.128, 4.882e-7
0.129, 2.929e-7
0.130, 7.811e-7
0.131, 3.905e-7
0.132, 6.835e-7
0.133, 5.858e-7
0.134, 4.882e-7
0.135, 1.269e-6
0.136, 5.858e-7
0.137, 6.835e-7
0.138, 1.074e-6
0.139, 9.764e-7
0.140, 6.835e-7
0.141, 1.269e-6
0.142, 1.172e-6
0.143, 1.269e-6
0.144, 1.172e-6
0.145, 9.764e-7
0.146, 1.074e-6
0.147, 1.367e-6
0.148, 1.172e-6
0.149, 1.660e-6
0.150, 1.660e-6
0.151, 1.465e-6
0.152, 2.246e-6
0.153, 3.222e-6
0.154, 2.929e-6
0.155, 1.367e-6
0.156, 2.246e-6
0.157, 1.953e-6
0.158, 2.539e-6
0.159, 2.636e-6
0.160, 2.539e-6
0.161, 2.246e-6
0.162, 2.636e-6
0.163, 2.831e-6
0.164, 2.539e-6
0.165, 3.222e-6
0.166, 2.831e-6
0.167, 2.343e-6
0.168, 2.636e-6
0.169, 3.027e-6
0.170, 2.929e-6
0.171, 2.929e-6
0.172, 3.124e-6
0.173, 3.320e-6
0.174, 3.417e-6
0.175, 3.710e-6
0.176, 3.124e-6
0.177, 3.808e-6
0.178, 4.198e-6
0.179, 3.320e-6
0.180, 3.515e-6
0.181, 3.515e-6
0.182, 3.515e-6
0.183, 4.003e-6
0.184, 3.222e-6
0.185, 4.394e-6
0.186, 4.882e-6
0.187, 3.808e-6
0.188, 4.687e-6
0.189, 4.491e-6
0.190, 4.687e-6
0.191, 4.589e-6
0.192, 4.296e-6
0.193, 4.882e-6
0.194, 4.980e-6
0.195, 4.491e-6
0.196, 4.491e-6
0.197, 4.980e-6
0.198, 4.980e-6
0.199, 4.882e-6
0.200, 5.175e-6
0.201, 5.272e-6
0.202, 5.468e-6
0.203, 4.882e-6
0.204, 4.882e-6
0.205, 4.589e-6
0.206, 5.175e-6
0.207, 6.346e-6
0.208, 5.565e-6
0.209, 5.370e-6
0.210, 5.956e-6
0.211, 6.249e-6
0.212, 6.054e-6
0.213, 6.151e-6
0.214, 5.956e-6
0.215, 7.030e-6
0.216, 7.225e-6
0.217, 6.639e-6
0.218, 6.249e-6
0.219, 7.128e-6
0.220, 7.030e-6
0.221, 6.737e-6
0.222, 7.225e-6
0.223, 6.639e-6
0.224, 6.542e-6
0.225, 7.030e-6
0.226, 7.420e-6
0.227, 7.518e-6
0.228, 7.616e-6
0.229, 7.225e-6
0.230, 7.909e-6
0.231, 8.299e-6
0.232, 9.276e-6
0.233, 8.885e-6
0.234, 8.885e-6
0.235, 8.202e-6
0.236, 9.569e-6
0.237, 8.885e-6
0.238, 8.690e-6
0.239, 9.764e-6
0.240, 1.025e-5
0.241, 9.861e-6
0.242, 9.373e-6
0.243, 9.569e-6
0.244, 9.861e-6
0.245, 9.861e-6
0.246, 1.123e-5
0.247, 9.959e-6
0.248, 1.094e-5
0.249, 1.142e-5
0.250, 1.133e-5
0.251, 1.103e-5
0.252, 1.103e-5
0.253, 1.133e-5
0.254, 1.162e-5
0.255, 1.250e-5
0.256, 1.152e-5
0.257, 1.191e-5
0.258, 1.260e-5
0.259, 1.289e-5
0.260, 1.318e-5
0.261, 1.328e-5
0.262, 1.357e-5
0.263, 1.386e-5
0.264, 1.386e-5
0.265, 1.416e-5
0.266, 1.396e-5
0.267, 1.435e-5
0.268, 1.484e-5
0.269, 1.416e-5
0.270, 1.445e-5
0.271, 1.494e-5
0.272, 1.543e-5
0.273, 1.591e-5
0.274, 1.631e-5
0.275, 1.631e-5
0.276, 1.689e-5
0.277, 1.660e-5
0.278, 1.679e-5
0.279, 1.670e-5
0.280, 1.767e-5
0.281, 1.738e-5
0.282, 1.757e-5
0.283, 1.757e-5
0.284, 1.836e-5
0.285, 1.845e-5
0.286, 1.875e-5
0.287, 1.972e-5
0.288, 1.982e-5
0.289, 1.933e-5
0.290, 2.031e-5
0.291, 1.992e-5
0.292, 2.011e-5
0.293, 2.002e-5
0.294, 2.011e-5
0.295, 2.080e-5
0.296, 2.089e-5
0.297, 2.197e-5
0.298, 2.089e-5
0.299, 2.187e-5
0.300, 2.285e-5
0.301, 2.187e-5
0.302, 2.294e-5
0.303, 2.275e-5
0.304, 2.343e-5
0.305, 2.334e-5
0.306, 2.363e-5
0.307, 2.451e-5
0.308, 2.441e-5
0.309, 2.460e-5
0.310, 2.480e-5
0.311, 2.490e-5
0.312, 2.480e-5
0.313, 2.597e-5
0.314, 2.646e-5
0.315, 2.656e-5
0.316, 2.695e-5
0.317, 2.753e-5
0.318, 2.724e-5
0.319, 2.783e-5
0.320, 2.675e-5
0.321, 2.763e-5
0.322, 2.802e-5
0.323, 2.841e-5
0.324, 2.988e-5
0.325, 2.929e-5
0.326, 2.968e-5
0.327, 2.978e-5
0.328, 2.949e-5
0.329, 3.007e-5
0.330, 3.027e-5
0.331, 3.076e-5
0.332, 3.095e-5
0.333, 3.124e-5
0.334, 3.173e-5
0.335, 3.242e-5
0.336, 3.232e-5
0.337, 3.251e-5
0.338, 3.290e-5
0.339, 3.320e-5
0.340, 3.378e-5
0.341, 3.408e-5
0.342, 3.427e-5
0.343, 3.515e-5
0.344, 3.534e-5
0.345, 3.495e-5
0.346, 3.505e-5
0.347, 3.486e-5
0.348, 3.613e-5
0.349, 3.681e-5
0.350, 3.730e-5
0.351, 3.769e-5
0.352, 3.818e-5
0.353, 3.818e-5
0.354, 3.808e-5
0.355, 3.837e-5
0.356, 3.915e-5
0.357, 3.945e-5
0.358, 4.013e-5
0.359, 4.101e-5
0.360, 4.032e-5
0.361, 4.101e-5
0.362, 4.091e-5
0.363, 4.120e-5
0.364, 4.150e-5
0.365, 4.257e-5
0.366, 4.286e-5
0.367, 4.355e-5
0.368, 4.394e-5
0.369, 4.501e-5
0.370, 4.491e-5
0.371, 4.472e-5
0.372, 4.521e-5
0.373, 4.618e-5
0.374, 4.667e-5
0.375, 4.755e-5
0.376, 4.814e-5
0.377, 4.853e-5
0.378, 4.931e-5
0.379, 4.989e-5
0.380, 5.019e-5
0.381, 4.970e-5
0.382, 5.116e-5
0.383, 5.204e-5
0.384, 5.214e-5
0.385, 5.292e-5
0.386, 5.253e-5
0.387, 5.487e-5
0.388, 5.458e-5
0.389, 5.604e-5
0.390, 5.663e-5
0.391, 5.780e-5
0.392, 5.917e-5
0.393, 6.014e-5
0.394, 6.005e-5
0.395, 6.180e-5
0.396, 6.327e-5
0.397, 6.386e-5
0.398, 6.551e-5
0.399, 6.591e-5
0.400, 6.757e-5
0.401, 6.971e-5
0.402, 7.196e-5
0.403, 7.401e-5
0.404, 7.684e-5
0.405, 7.889e-5
0.406, 8.192e-5
0.407, 8.455e-5
0.408, 8.866e-5
0.409, 9.227e-5
0.410, 8.992e-5
0.411, 1.021e-4
0.412, 1.107e-4
0.413, 1.191e-4
0.414, 1.298e-4
0.415, 1.421e-4
0.416, 1.570e-4
0.417, 1.767e-4
0.418, 1.986e-4
0.419, 2.247e-4
0.420, 2.564e-4
0.421, 2.934e-4
0.422, 3.367e-4
0.423, 3.867e-4
0.424, 4.469e-4
0.425, 5.188e-4
0.426, 6.010e-4
0.427, 6.965e-4
0.428, 8.035e-4
0.429, 9.260e-4
0.430, 1.064e-3
0.431, 1.210e-3
0.432, 1.358e-3
0.433, 1.508e-3
0.434, 1.660e-3
0.435, 1.808e-3
0.436, 1.959e-3
0.437, 2.104e-3
0.438, 2.243e-3
0.439, 2.387e-3
0.440, 2.510e-3
0.441, 2.632e-3
0.442, 2.740e-3
0.443, 2.836e-3
0.444, 2.919e-3
0.445, 2.976e-3
0.446, 3.017e-3
0.447, 3.039e-3
0.448, 3.035e-3
0.449, 3.007e-3
0.450, 2.958e-3
0.451, 2.888e-3
0.452, 2.792e-3
0.453, 2.678e-3
0.454, 2.546e-3
0.455, 2.402e-3
0.456, 2.255e-3
0.457, 2.104e-3
0.458, 1.949e-3
0.459, 1.802e-3
0.460, 1.665e-3
0.461, 1.535e-3
0.462, 1.418e-3
0.463, 1.309e-3
0.464, 1.216e-3
0.465, 1.132e-3
0.466, 1.055e-3
0.467, 9.897e-4
0.468, 9.317e-4
0.469, 8.793e-4
0.470, 8.323e-4
0.471, 7.894e-4
0.472, 7.543e-4
0.473, 7.197e-4
0.474, 6.879e-4
0.475, 6.618e-4
0.476, 6.368e-4
0.477, 6.138e-4
0.478, 5.931e-4
0.479, 5.736e-4
0.480, 5.546e-4
0.481, 5.388e-4
0.482, 5.223e-4
0.483, 5.089e-4
0.484, 4.949e-4
0.485, 4.819e-4
0.486, 4.700e-4
0.487, 4.598e-4
0.488, 4.491e-4
0.489, 4.395e-4
0.490, 4.285e-4
0.491, 4.210e-4
0.492, 4.116e-4
0.493, 4.032e-4
0.494, 3.968e-4
0.495, 3.889e-4
0.496, 3.819e-4
0.497, 3.761e-4
0.498, 3.696e-4
0.499, 3.618e-4
0.500, 3.560e-4
0.501, 3.507e-4
0.502, 3.453e-4
0.503, 3.400e-4
0.504, 3.356e-4
0.505, 3.313e-4
0.506, 3.252e-4
0.507, 3.216e-4
0.508, 3.163e-4
0.509, 3.118e-4
0.510, 3.084e-4
0.511, 3.051e-4
0.512, 3.047e-4
0.513, 2.999e-4
0.514, 2.941e-4
0.515, 2.901e-4
0.516, 2.865e-4
0.517, 2.844e-4
0.518, 2.802e-4
0.519, 2.761e-4
0.520, 2.726e-4
0.521, 2.709e-4
0.522, 2.666e-4
0.523, 2.645e-4
0.524, 2.615e-4
0.525, 2.571e-4
0.526, 2.563e-4
0.527, 2.535e-4
0.528, 2.505e-4
0.529, 2.480e-4
0.530, 2.463e-4
0.531, 2.441e-4
0.532, 2.408e-4
0.533, 2.381e-4
0.534, 2.367e-4
0.535, 2.332e-4
0.536, 2.316e-4
0.537, 2.305e-4
0.538, 2.291e-4
0.539, 2.268e-4
0.540, 2.253e-4
0.541, 2.221e-4
0.542, 2.201e-4
0.543, 2.187e-4
0.544, 2.161e-4
0.545, 2.153e-4
0.546, 2.138e-4
0.547, 2.120e-4
0.548, 2.121e-4
0.549, 2.095e-4
0.550, 2.084e-4
0.551, 2.065e-4
0.552, 2.058e-4
0.553, 2.048e-4
0.554, 2.030e-4
0.555, 2.018e-4
0.556, 2.016e-4
0.557, 2.009e-4
0.558, 1.999e-4
0.559, 1.994e-4
0.560, 1.973e-4
0.561, 1.974e-4
0.562, 1.968e-4
0.563, 1.965e-4
0.564, 1.968e-4
0.565, 1.956e-4
0.566, 1.959e-4
0.567, 1.953e-4
0.568, 1.957e-4
0.569, 1.956e-4
0.570, 1.965e-4
0.571, 1.961e-4
0.572, 1.968e-4
0.573, 1.963e-4
0.574, 1.973e-4
0.575, 1.980e-4
0.576, 1.975e-4
0.577, 2.001e-4
0.578, 1.994e-4
0.579, 2.012e-4
0.580, 2.028e-4
0.581, 2.049e-4
0.582, 2.059e-4
0.583, 2.085e-4
0.584, 2.101e-4
0.585, 2.128e-4
0.586, 2.138e-4
0.587, 2.161e-4
0.588, 2.192e-4
0.589, 2.222e-4
0.590, 2.253e-4
0.591, 2.284e-4
0.592, 2.323e-4
0.593, 2.367e-4
0.594, 2.401e-4
0.595, 2.449e-4
0.596, 2.492e-4
0.597, 2.537e-4
0.598, 2.591e-4
0.599, 2.648e-4
0.600, 2.700e-4
0.601, 2.760e-4
0.602, 2.818e-4
0.603, 2.891e-4
0.604, 2.973e-4
0.605, 3.034e-4
0.606, 3.119e-4
0.607, 3.205e-4
0.608, 3.292e-4
0.609, 3.386e-4
0.610, 3.485e-4
0.611, 3.593e-4
0.612, 3.701e-4
0.613, 3.818e-4
0.614, 3.934e-4
0.615, 4.052e-4
0.616, 4.207e-4
0.617, 4.344e-4
0.618, 4.490e-4
0.619, 4.662e-4
0.620, 4.830e-4
0.621, 4.996e-4
0.622, 5.178e-4
0.623, 5.371e-4
0.624, 5.567e-4
0.625, 5.792e-4
0.626, 6.014e-4
0.627, 6.232e-4
0.628, 6.468e-4
0.629, 6.709e-4
0.630, 6.972e-4
0.631, 7.245e-4
0.632, 7.526e-4
0.633, 7.813e-4
0.634, 8.113e-4
0.635, 8.433e-4
0.636, 8.784e-4
0.637, 9.110e-4
0.638, 9.464e-4
0.639, 9.832e-4
0.640, 1.021e-3
0.641, 1.062e-3
0.642, 1.104e-3
0.643, 1.147e-3
0.644, 1.191e-3
0.645, 1.237e-3
0.646, 1.281e-3
0.647, 1.331e-3
0.648, 1.384e-3
0.649, 1.435e-3
0.650, 1.489e-3
0.651, 1.545e-3
0.652, 1.606e-3
0.653, 1.664e-3
0.654, 1.723e-3
0.655, 1.786e-3
0.656, 1.852e-3
0.657, 1.921e-3
0.658, 1.988e-3
0.659, 2.059e-3
0.660, 2.132e-3
0.661, 2.204e-3
0.662, 2.275e-3
0.663, 2.363e-3
0.664, 2.443e-3
0.665, 2.521e-3
0.666, 2.608e-3
0.667, 2.694e-3
0.668, 2.780e-3
0.669, 2.873e-3
0.670, 2.964e-3
0.671, 3.059e-3
0.672, 3.154e-3
0.673, 3.251e-3
0.674, 3.353e-3
0.675, 3.456e-3
0.676, 3.559e-3
0.677, 3.666e-3
0.678, 3.773e-3
0.679, 3.883e-3
0.680, 3.995e-3
0.681, 4.109e-3
0.682, 4.224e-3
0.683, 4.345e-3
0.684, 4.465e-3
0.685, 4.587e-3
0.686, 4.707e-3
0.687, 4.833e-3
0.688, 4.960e-3
0.689, 5.088e-3
0.690, 5.217e-3
0.691, 5.352e-3
0.692, 5.488e-3
0.693, 5.623e-3
0.694, 5.764e-3
0.695, 5.903e-3
0.696, 6.044e-3
0.697, 6.186e-3
0.698, 6.333e-3
0.699, 6.481e-3
0.700, 6.626e-3
0.701, 6.776e-3
0.702, 6.932e-3
0.703, 7.090e-3
0.704, 7.248e-3
0.705, 7.405e-3
0.706, 7.563e-3
0.707, 7.724e-3
0.708, 7.887e-3
0.709, 8.052e-3
0.710, 8.218e-3
0.711, 8.385e-3
0.712, 8.552e-3
0.713, 8.721e-3
0.714, 8.891e-3
0.715, 9.063e-3
0.716, 9.236e-3
0.717, 9.421e-3
0.718, 9.602e-3
0.719, 9.782e-3
0.720, 9.962e-3
0.721, 1.014e-2
0.722, 1.032e-2
0.723, 1.051e-2
0.724, 1.070e-2
0.725, 1.089e-2
0.726, 1.108e-2
0.727, 1.127e-2
0.728, 1.146e-2
0.729, 1.166e-2
0.730, 1.185e-2
0.731, 1.205e-2
0.732, 1.225e-2
0.733, 1.245e-2
0.734, 1.265e-2
0.735, 1.285e-2
0.736, 1.306e-2
0.737, 1.327e-2
0.738, 1.347e-2
0.739, 1.368e-2
0.740, 1.387e-2
0.741, 1.408e-2
0.742, 1.430e-2
0.743, 1.451e-2
0.744, 1.472e-2
0.745, 1.493e-2
0.746, 1.514e-2
0.747, 1.535e-2
0.748, 1.558e-2
0.749, 1.582e-2
0.750, 1.605e-2
0.751, 1.627e-2
0.752, 1.650e-2
0.753, 1.674e-2
0.754, 1.695e-2
0.755, 1.718e-2
0.756, 1.740e-2
0.757, 1.762e-2
0.758, 1.785e-2
0.759, 1.808e-2
0.760, 1.831e-2
0.761, 1.853e-2
0.762, 1.876e-2
0.763, 1.900e-2
0.764, 1.924e-2
0.765, 1.948e-2
0.766, 1.971e-2
0.767, 1.994e-2
0.768, 2.019e-2
0.769, 2.043e-2
0.770, 2.067e-2
0.771, 2.091e-2
0.772, 2.115e-2
0.773, 2.140e-2
0.774, 2.164e-2
0.775, 2.188e-2
0.776, 2.212e-2
0.777, 2.236e-2
0.778, 2.260e-2
0.779, 2.285e-2
0.780, 2.311e-2
0.781, 2.335e-2
0.782, 2.360e-2
0.783, 2.384e-2
0.784, 2.408e-2
0.785, 2.433e-2
0.786, 2.459e-2
0.787, 2.485e-2
0.788, 2.511e-2
0.789, 2.537e-2
0.790, 2.563e-2
0.791, 2.587e-2
0.792, 2.613e-2
0.793, 2.638e-2
0.794, 2.665e-2
0.795, 2.691e-2
0.796, 2.717e-2
0.797, 2.742e-2
0.798, 2.768e-2
0.799, 2.795e-2
0.800, 2.812e-2
0.799, 2.791e-2
0.798, 2.761e-2
0.797, 2.733e-2
0.796, 2.704e-2
0.795, 2.675e-2
0.794, 2.647e-2
0.793, 2.618e-2
0.792, 2.590e-2
0.791, 2.563e-2
0.790, 2.539e-2
0.789, 2.511e-2
0.788, 2.484e-2
0.787, 2.458e-2
0.786, 2.430e-2
0.785, 2.403e-2
0.784, 2.378e-2
0.783, 2.352e-2
0.782, 2.326e-2
0.781, 2.301e-2
0.780, 2.274e-2
0.779, 2.248e-2
0.778, 2.221e-2
0.777, 2.194e-2
0.776, 2.168e-2
0.775, 2.143e-2
0.774, 2.118e-2
0.773, 2.093e-2
0.772, 2.068e-2
0.771, 2.045e-2
0.770, 2.021e-2
0.769, 1.996e-2
0.768, 1.970e-2
0.767, 1.946e-2
0.766, 1.921e-2
0.765, 1.896e-2
0.764, 1.873e-2
0.763, 1.850e-2
0.762, 1.826e-2
0.761, 1.802e-2
0.760, 1.780e-2
0.759, 1.758e-2
0.758, 1.735e-2
0.757, 1.712e-2
0.756, 1.690e-2
0.755, 1.667e-2
0.754, 1.643e-2
0.753, 1.620e-2
0.752, 1.596e-2
0.751, 1.573e-2
0.750, 1.551e-2
0.749, 1.530e-2
0.748, 1.507e-2
0.747, 1.485e-2
0.746, 1.464e-2
0.745, 1.442e-2
0.744, 1.420e-2
0.743, 1.399e-2
0.742, 1.378e-2
0.741, 1.357e-2
0.740, 1.336e-2
0.739, 1.317e-2
0.738, 1.297e-2
0.737, 1.277e-2
0.736, 1.257e-2
0.735, 1.236e-2
0.734, 1.215e-2
0.733, 1.194e-2
0.732, 1.175e-2
0.731, 1.156e-2
0.730, 1.137e-2
0.729, 1.117e-2
0.728, 1.098e-2
0.727, 1.079e-2
0.726, 1.061e-2
0.725, 1.042e-2
0.724, 1.024e-2
0.723, 1.006e-2
0.722, 9.880e-3
0.721, 9.694e-3
0.720, 9.513e-3
0.719, 9.333e-3
0.718, 9.156e-3
0.717, 8.978e-3
0.716, 8.800e-3
0.715, 8.629e-3
0.714, 8.463e-3
0.713, 8.298e-3
0.712, 8.131e-3
0.711, 7.967e-3
0.710, 7.800e-3
0.709, 7.633e-3
0.708, 7.472e-3
0.707, 7.317e-3
0.706, 7.159e-3
0.705, 7.005e-3
0.704, 6.850e-3
0.703, 6.696e-3
0.702, 6.548e-3
0.701, 6.397e-3
0.700, 6.250e-3
0.699, 6.105e-3
0.698, 5.967e-3
0.697, 5.829e-3
0.696, 5.691e-3
0.695, 5.554e-3
0.694, 5.419e-3
0.693, 5.283e-3
0.692, 5.149e-3
0.691, 5.019e-3
0.690, 4.890e-3
0.689, 4.766e-3
0.688, 4.643e-3
0.687, 4.521e-3
0.686, 4.399e-3
0.685, 4.277e-3
0.684, 4.158e-3
0.683, 4.044e-3
0.682, 3.930e-3
0.681, 3.815e-3
0.680, 3.704e-3
0.679, 3.598e-3
0.678, 3.492e-3
0.677, 3.387e-3
0.676, 3.283e-3
0.675, 3.185e-3
0.674, 3.088e-3
0.673, 2.988e-3
0.672, 2.896e-3
0.671, 2.803e-3
0.670, 2.707e-3
0.669, 2.620e-3
0.668, 2.529e-3
0.667, 2.447e-3
0.666, 2.365e-3
0.665, 2.279e-3
0.664, 2.201e-3
0.663, 2.125e-3
0.662, 2.051e-3
0.661, 1.975e-3
0.660, 1.903e-3
0.659, 1.832e-3
0.658, 1.761e-3
0.657, 1.695e-3
0.656, 1.631e-3
0.655, 1.565e-3
0.654, 1.503e-3
0.653, 1.444e-3
0.652, 1.387e-3
0.651, 1.328e-3
0.650, 1.272e-3
0.649, 1.221e-3
0.648, 1.169e-3
0.647, 1.120e-3
0.646, 1.070e-3
0.645, 1.022e-3
0.644, 9.766e-4
0.643, 9.324e-4
0.642, 8.907e-4
0.641, 8.483e-4
0.640, 8.069e-4
0.639, 7.679e-4
0.638, 7.325e-4
0.637, 6.963e-4
0.636, 6.619e-4
0.635, 6.288e-4
0.634, 5.963e-4
0.633, 5.639e-4
0.632, 5.340e-4
0.631, 5.058e-4
0.630, 4.776e-4
0.629, 4.506e-4
0.628, 4.250e-4
0.627, 4.020e-4
0.626, 3.789e-4
0.625, 3.553e-4
0.624, 3.345e-4
0.623, 3.144e-4
0.622, 2.955e-4
0.621, 2.769e-4
0.620, 2.588e-4
0.619, 2.424e-4
0.618, 2.258e-4
0.617, 2.087e-4
0.616, 1.939e-4
0.615, 1.798e-4
0.614, 1.673e-4
0.613, 1.524e-4
0.612, 1.395e-4
0.611, 1.275e-4
0.610, 1.149e-4
0.609, 1.038e-4
0.608, 9.256e-5
0.607, 8.211e-5
0.606, 7.303e-5
0.605, 6.307e-5
0.604, 5.468e-5
0.603, 4.569e-5
0.602, 3.798e-5
0.601, 3.076e-5
0.600, 2.324e-5
0.599, 1.572e-5
0.598, 9.373e-6
0.597, 3.027e-6
0.596, -3.417e-6
0.595, -8.787e-6
0.594, -1.533e-5
0.593, -1.933e-5
0.592, -2.451e-5
0.591, -3.046e-5
0.590, -3.378e-5
0.589, -3.906e-5
0.588, -4.345e-5
0.587, -4.648e-5
0.586, -5.077e-5
0.585, -5.409e-5
0.584, -5.653e-5
0.583, -6.171e-5
0.582, -6.386e-5
0.581, -6.786e-5
0.580, -7.098e-5
0.579, -7.225e-5
0.578, -7.518e-5
0.577, -7.840e-5
0.576, -7.957e-5
0.575, -8.319e-5
0.574, -8.563e-5
0.573, -8.787e-5
0.572, -9.012e-5
0.571, -9.237e-5
0.570, -9.490e-5
0.569, -9.676e-5
0.568, -9.793e-5
0.567, -1.008e-4
0.566, -1.020e-4
0.565, -1.043e-4
0.564, -1.058e-4
0.563, -1.073e-4
0.562, -1.098e-4
0.561, -1.113e-4
0.560, -1.115e-4
0.559, -1.146e-4
0.558, -1.152e-4
0.557, -1.168e-4
0.556, -1.189e-4
0.555, -1.199e-4
0.554, -1.222e-4
0.553, -1.237e-4
0.552, -1.245e-4
0.551, -1.256e-4
0.550, -1.258e-4
0.549, -1.285e-4
0.548, -1.302e-4
0.547, -1.306e-4
0.546, -1.320e-4
0.545, -1.346e-4
0.544, -1.354e-4
0.543, -1.373e-4
0.542, -1.383e-4
0.541, -1.391e-4
0.540, -1.415e-4
0.539, -1.413e-4
0.538, -1.434e-4
0.537, -1.454e-4
0.536, -1.448e-4
0.535, -1.469e-4
0.534, -1.484e-4
0.533, -1.487e-4
0.532, -1.506e-4
0.531, -1.518e-4
0.530, -1.528e-4
0.529, -1.538e-4
0.528, -1.543e-4
0.527, -1.577e-4
0.526, -1.578e-4
0.525, -1.587e-4
0.524, -1.598e-4
0.523, -1.612e-4
0.522, -1.636e-4
0.521, -1.644e-4
0.520, -1.648e-4
0.519, -1.669e-4
0.518, -1.681e-4
0.517, -1.688e-4
0.516, -1.706e-4
0.515, -1.712e-4
0.514, -1.729e-4
0.513, -1.742e-4
0.512, -1.799e-4
0.511, -1.791e-4
0.510, -1.783e-4
0.509, -1.792e-4
0.508, -1.805e-4
0.507, -1.819e-4
0.506, -1.832e-4
0.505, -1.850e-4
0.504, -1.858e-4
0.503, -1.880e-4
0.502, -1.876e-4
0.501, -1.891e-4
0.500, -1.909e-4
0.499, -1.902e-4
0.498, -1.922e-4
0.497, -1.943e-4
0.496, -1.956e-4
0.495, -1.965e-4
0.494, -1.986e-4
0.493, -1.996e-4
0.492, -2.013e-4
0.491, -2.021e-4
0.490, -2.035e-4
0.489, -2.047e-4
0.488, -2.063e-4
0.487, -2.087e-4
0.486, -2.108e-4
0.485, -2.119e-4
0.484, -2.129e-4
0.483, -2.136e-4
0.482, -2.163e-4
0.481, -2.182e-4
0.480, -2.200e-4
0.479, -2.216e-4
0.478, -2.233e-4
0.477, -2.256e-4
0.476, -2.284e-4
0.475, -2.292e-4
0.474, -2.300e-4
0.473, -2.337e-4
0.472, -2.371e-4
0.471, -2.405e-4
0.470, -2.415e-4
0.469, -2.447e-4
0.468, -2.466e-4
0.467, -2.494e-4
0.466, -2.527e-4
0.465, -2.557e-4
0.464, -2.583e-4
0.463, -2.628e-4
0.462, -2.648e-4
0.461, -2.698e-4
0.460, -2.735e-4
0.459, -2.753e-4
0.458, -2.809e-4
0.457, -2.849e-4
0.456, -2.887e-4
0.455, -2.938e-4
0.454, -2.978e-4
0.453, -3.025e-4
0.452, -3.084e-4
0.451, -3.113e-4
0.450, -3.188e-4
0.449, -3.245e-4
0.448, -3.289e-4
0.447, -3.363e-4
0.446, -3.421e-4
0.445, -3.491e-4
0.444, -3.560e-4
0.443, -3.628e-4
0.442, -3.716e-4
0.441, -3.793e-4
0.440, -3.868e-4
0.439, -3.943e-4
0.438, -4.007e-4
0.437, -4.091e-4
0.436, -4.177e-4
0.435, -4.281e-4
0.434, -4.362e-4
0.433, -4.439e-4
0.432, -4.522e-4
0.431, -4.631e-4
0.430, -4.732e-4
0.429, -4.830e-4
0.428, -4.939e-4
0.427, -5.040e-4
0.426, -5.164e-4
0.425, -5.287e-4
0.424, -5.396e-4
0.423, -5.533e-4
0.422, -5.643e-4
0.421, -5.813e-4
0.420, -5.988e-4
0.419, -6.118e-4
0.418, -6.295e-4
0.417, -6.457e-4
0.416, -6.632e-4
0.415, -6.811e-4
0.414, -6.980e-4
0.413, -7.180e-4
0.412, -7.368e-4
0.411, -7.582e-4
0.410, -7.687e-4
0.409, -7.658e-4
0.408, -8.026e-4
0.407, -8.341e-4
0.406, -8.636e-4
0.405, -8.940e-4
0.404, -9.242e-4
0.403, -9.559e-4
0.402, -9.894e-4
0.401, -1.022e-3
0.400, -1.057e-3
0.399, -1.096e-3
0.398, -1.133e-3
0.397, -1.172e-3
0.396, -1.210e-3
0.395, -1.252e-3
0.394, -1.298e-3
0.393, -1.345e-3
0.392, -1.394e-3
0.391, -1.443e-3
0.390, -1.495e-3
0.389, -1.547e-3
0.388, -1.601e-3
0.387, -1.651e-3
0.386, -1.703e-3
0.385, -1.753e-3
0.384, -1.806e-3
0.383, -1.858e-3
0.382, -1.903e-3
0.381, -1.946e-3
0.380, -1.985e-3
0.379, -2.022e-3
0.378, -2.055e-3
0.377, -2.082e-3
0.376, -2.100e-3
0.375, -2.114e-3
0.374, -2.114e-3
0.373, -2.110e-3
0.372, -2.096e-3
0.371, -2.067e-3
0.370, -2.031e-3
0.369, -1.984e-3
0.368, -1.929e-3
0.367, -1.861e-3
0.366, -1.779e-3
0.365, -1.688e-3
0.364, -1.586e-3
0.363, -1.475e-3
0.362, -1.360e-3
0.361, -1.238e-3
0.360, -1.124e-3
0.359, -1.011e-3
0.358, -9.076e-4
0.357, -8.118e-4
0.356, -7.279e-4
0.355, -6.567e-4
0.354, -5.924e-4
0.353, -5.366e-4
0.352, -4.909e-4
0.351, -4.523e-4
0.350, -4.196e-4
0.349, -3.902e-4
0.348, -3.645e-4
0.347, -3.424e-4
0.346, -3.231e-4
0.345, -3.062e-4
0.344, -2.926e-4
0.343, -2.791e-4
0.342, -2.670e-4
0.341, -2.575e-4
0.340, -2.490e-4
0.339, -2.402e-4
0.338, -2.317e-4
0.337, -2.253e-4
0.336, -2.189e-4
0.335, -2.125e-4
0.334, -2.071e-4
0.333, -2.029e-4
0.332, -1.987e-4
0.331, -1.935e-4
0.330, -1.894e-4
0.329, -1.852e-4
0.328, -1.823e-4
0.327, -1.782e-4
0.326, -1.753e-4
0.325, -1.720e-4
0.324, -1.693e-4
0.323, -1.652e-4
0.322, -1.629e-4
0.321, -1.607e-4
0.320, -1.572e-4
0.319, -1.549e-4
0.318, -1.521e-4
0.317, -1.498e-4
0.316, -1.478e-4
0.315, -1.457e-4
0.314, -1.436e-4
0.313, -1.423e-4
0.312, -1.394e-4
0.311, -1.373e-4
0.310, -1.356e-4
0.309, -1.337e-4
0.308, -1.326e-4
0.307, -1.312e-4
0.306, -1.285e-4
0.305, -1.270e-4
0.304, -1.256e-4
0.303, -1.239e-4
0.302, -1.224e-4
0.301, -1.201e-4
0.300, -1.195e-4
0.299, -1.183e-4
0.298, -1.164e-4
0.297, -1.158e-4
0.296, -1.139e-4
0.295, -1.131e-4
0.294, -1.111e-4
0.293, -1.094e-4
0.292, -1.089e-4
0.291, -1.074e-4
0.290, -1.065e-4
0.289, -1.057e-4
0.288, -1.047e-4
0.287, -1.031e-4
0.286, -1.028e-4
0.285, -1.021e-4
0.284, -9.998e-5
0.283, -9.969e-5
0.282, -9.852e-5
0.281, -9.803e-5
0.280, -9.637e-5
0.279, -9.627e-5
0.278, -9.471e-5
0.277, -9.451e-5
0.276, -9.334e-5
0.275, -9.197e-5
0.274, -9.129e-5
0.273, -9.022e-5
0.272, -8.983e-5
0.271, -8.963e-5
0.270, -8.768e-5
0.269, -8.778e-5
0.268, -8.709e-5
0.267, -8.612e-5
0.266, -8.563e-5
0.265, -8.426e-5
0.264, -8.407e-5
0.263, -8.397e-5
0.262, -8.319e-5
0.261, -8.280e-5
0.260, -8.211e-5
0.259, -8.153e-5
0.258, -8.065e-5
0.257, -7.987e-5
0.256, -8.006e-5
0.255, -7.850e-5
0.254, -7.821e-5
0.253, -7.752e-5
0.252, -7.762e-5
0.251, -7.645e-5
0.250, -7.606e-5
0.249, -7.557e-5
0.248, -7.508e-5
0.247, -7.460e-5
0.246, -7.450e-5
0.245, -7.381e-5
0.244, -7.333e-5
0.243, -7.254e-5
0.242, -7.196e-5
0.241, -7.157e-5
0.240, -7.147e-5
0.239, -7.108e-5
0.238, -7.069e-5
0.237, -7.010e-5
0.236, -7.040e-5
0.235, -7.001e-5
0.234, -6.991e-5
0.233, -6.864e-5
0.232, -6.844e-5
0.231, -6.776e-5
0.230, -6.815e-5
0.229, -6.757e-5
0.228, -6.669e-5
0.227, -6.600e-5
0.226, -6.678e-5
0.225, -6.620e-5
0.224, -6.552e-5
0.223, -6.483e-5
0.222, -6.591e-5
0.221, -6.610e-5
0.220, -6.473e-5
0.219, -6.464e-5
0.218, -6.415e-5
0.217, -6.386e-5
0.216, -6.376e-5
0.215, -6.307e-5
0.214, -6.376e-5
0.213, -6.366e-5
0.212, -6.239e-5
0.211, -6.229e-5
0.210, -6.220e-5
0.209, -6.180e-5
0.208, -6.122e-5
0.207, -6.112e-5
0.206, -6.112e-5
0.205, -6.034e-5
0.204, -6.014e-5
0.203, -6.063e-5
0.202, -6.054e-5
0.201, -6.024e-5
0.200, -5.936e-5
0.199, -5.927e-5
0.198, -5.878e-5
0.197, -5.956e-5
0.196, -5.907e-5
0.195, -5.917e-5
0.194, -5.888e-5
0.193, -5.878e-5
0.192, -5.809e-5
0.191, -5.829e-5
0.190, -5.819e-5
0.189, -5.868e-5
0.188, -5.839e-5
0.187, -5.839e-5
0.186, -5.770e-5
0.185, -5.731e-5
0.184, -5.800e-5
0.183, -5.731e-5
0.182, -5.702e-5
0.181, -5.712e-5
0.180, -5.702e-5
0.179, -5.663e-5
0.178, -5.634e-5
0.177, -5.595e-5
0.176, -5.673e-5
0.175, -5.614e-5
0.174, -5.634e-5
0.173, -5.526e-5
0.172, -5.526e-5
0.171, -5.438e-5
0.170, -5.517e-5
0.169, -5.517e-5
0.168, -5.448e-5
0.167, -5.477e-5
0.166, -5.497e-5
0.165, -5.526e-5
0.164, -5.468e-5
0.163, -5.380e-5
0.162, -5.438e-5
0.161, -5.497e-5
0.160, -5.448e-5
0.159, -5.351e-5
0.158, -5.341e-5
0.157, -5.380e-5
0.156, -5.360e-5
0.155, -5.370e-5
0.154, -5.321e-5
0.153, -5.341e-5
0.152, -5.331e-5
0.151, -5.302e-5
0.150, -5.341e-5
0.149, -5.399e-5
0.148, -5.302e-5
0.147, -5.311e-5
0.146, -5.311e-5
0.145, -5.233e-5
0.144, -5.263e-5
0.143, -5.272e-5
0.142, -5.282e-5
0.141, -5.214e-5
0.140, -5.292e-5
0.139, -5.282e-5
0.138, -5.233e-5
0.137, -5.233e-5
0.136, -5.175e-5
0.135, -5.136e-5
0.134, -5.175e-5
0.133, -5.253e-5
0.132, -5.214e-5
0.131, -5.136e-5
0.130, -5.243e-5
0.129, -5.146e-5
0.128, -5.165e-5
0.127, -5.087e-5
0.126, -5.136e-5
0.125, -5.146e-5
0.124, -5.116e-5
0.123, -5.116e-5
0.122, -5.116e-5
0.121, -5.067e-5
0.120, -5.087e-5
0.119, -5.097e-5
0.118, -5.048e-5
0.117, -5.155e-5
0.116, -5.126e-5
0.115, -5.077e-5
0.114, -5.048e-5
0.113, -5.048e-5
0.112, -5.077e-5
0.111, -5.175e-5
0.110, -5.087e-5
0.109, -4.989e-5
0.108, -5.038e-5
0.107, -5.028e-5
0.106, -5.038e-5
0.105, -5.087e-5
0.104, -5.009e-5
0.103, -5.058e-5
0.102, -5.048e-5
0.101, -5.009e-5
0.100, -5.009e-5
0.099, -5.009e-5
0.098, -4.940e-5
0.097, -5.058e-5
0.096, -5.009e-5
0.095, -4.921e-5
0.094, -4.940e-5
0.093, -4.950e-5
0.092, -4.931e-5
0.091, -4.882e-5
0.090, -4.921e-5
0.089, -4.950e-5
0.088, -4.940e-5
0.087, -4.901e-5
0.086, -4.853e-5
0.085, -4.843e-5
0.084, -4.833e-5
0.083, -4.970e-5
0.082, -4.872e-5
0.081, -4.862e-5
0.080, -4.843e-5
0.079, -4.814e-5
0.078, -4.892e-5
0.077, -4.823e-5
0.076, -4.853e-5
0.075, -4.794e-5
0.074, -4.823e-5
0.073, -4.804e-5
0.072, -4.804e-5
0.071, -4.833e-5
0.070, -4.774e-5
0.069, -4.745e-5
0.068, -4.804e-5
0.067, -4.765e-5
0.066, -4.853e-5
0.065, -4.735e-5
0.064, -4.765e-5
0.063, -4.774e-5
0.062, -4.804e-5
0.061, -4.677e-5
0.060, -4.814e-5
0.059, -4.843e-5
0.058, -4.648e-5
0.057, -4.667e-5
0.056, -4.657e-5
0.055, -4.648e-5
0.054, -4.696e-5
0.053, -4.716e-5
0.052, -4.638e-5
0.051, -4.648e-5
0.050, -4.648e-5
0.049, -4.648e-5
0.048, -4.638e-5
0.047, -4.638e-5
0.046, -4.560e-5
0.045, -4.628e-5
0.044, -4.618e-5
0.043, -4.599e-5
0.042, -4.599e-5
0.041, -4.599e-5
0.040, -4.540e-5
0.039, -4.609e-5
0.038, -4.579e-5
0.037, -4.530e-5
0.036, -4.589e-5
0.035, -4.560e-5
0.034, -4.609e-5
0.033, -4.530e-5
0.032, -4.462e-5
0.031, -4.530e-5
0.030, -4.511e-5
0.029, -4.472e-5
0.028, -4.472e-5
0.027, -4.452e-5
0.026, -4.452e-5
0.025, -4.433e-5
0.024, -4.530e-5
0.023, -4.462e-5
0.022, -4.452e-5
0.021, -4.384e-5
0.020, -4.443e-5
0.019, -4.384e-5
0.018, -4.472e-5
0.017, -4.462e-5
0.016, -4.452e-5
0.015, -4.423e-5
0.014, -4.384e-5
0.013, -4.306e-5
0.012, -4.374e-5
0.011, -4.374e-5
0.010, -4.374e-5
0.009, -4.423e-5
0.008, -4.413e-5
0.007, -4.413e-5
0.006, -4.384e-5
0.005, -4.394e-5
0.004, -4.325e-5
0.003, -4.277e-5
0.002, -4.335e-5
0.001, -4.423e-5
0.000, -3.691e-5
0.001, -2.705e-5
0.002, -2.421e-5
0.003, -2.275e-5
0.004, -2.197e-5
0.005, -2.138e-5
0.006, -1.953e-5
0.007, -1.894e-5
0.008, -1.826e-5
0.009, -1.709e-5
0.010, -1.689e-5
0.011, -1.621e-5
0.012, -1.621e-5
0.013, -1.582e-5
0.014, -1.543e-5
0.015, -1.435e-5
0.016, -1.445e-5
0.017, -1.416e-5
0.018, -1.357e-5
0.019, -1.240e-5
0.020, -1.240e-5
0.021, -1.230e-5
0.022, -1.211e-5
0.023, -1.220e-5
0.024, -1.142e-5
0.025, -1.054e-5
0.026, -1.035e-5
0.027, -1.064e-5
0.028, -1.035e-5
0.029, -1.035e-5
0.030, -9.666e-6
0.031, -9.666e-6
0.032, -8.983e-6
0.033, -9.276e-6
0.034, -1.015e-5
0.035, -9.569e-6
0.036, -9.276e-6
0.037, -8.690e-6
0.038, -8.885e-6
0.039, -8.202e-6
0.040, -8.690e-6
0.041, -8.690e-6
0.042, -8.397e-6
0.043, -8.202e-6
0.044, -7.128e-6
0.045, -7.713e-6
0.046, -7.909e-6
0.047, -7.909e-6
0.048, -7.030e-6
0.049, -6.835e-6
0.050, -6.249e-6
0.051, -6.737e-6
0.052, -6.737e-6
0.053, -6.737e-6
0.054, -6.639e-6
0.055, -5.761e-6
0.056, -5.663e-6
0.057, -5.565e-6
0.058, -6.054e-6
0.059, -5.956e-6
0.060, -5.761e-6
0.061, -6.346e-6
0.062, -6.151e-6
0.063, -5.663e-6
0.064, -5.272e-6
0.065, -4.980e-6
0.066, -5.370e-6
0.067, -5.663e-6
0.068, -4.687e-6
0.069, -5.370e-6
0.070, -4.980e-6
0.071, -4.589e-6
0.072, -4.491e-6
0.073, -4.198e-6
0.074, -3.417e-6
0.075, -4.589e-6
0.076, -4.198e-6
0.077, -4.101e-6
0.078, -4.394e-6
0.079, -3.906e-6
0.080, -3.515e-6
0.081, -4.101e-6
0.082, -3.124e-6
0.083, -3.515e-6
0.084, -3.320e-6
0.085, -3.027e-6
0.086, -3.808e-6
0.087, -3.613e-6
0.088, -3.417e-6
0.089, -2.441e-6
0.090, -3.222e-6
0.091, -3.222e-6
0.092, -2.246e-6
0.093, -3.613e-6
0.094, -3.027e-6
0.095, -2.246e-6
0.096, -2.441e-6
0.097, -2.539e-6
0.098, -2.050e-6
0.099, -2.246e-6
0.100, -2.246e-6
0.101, -2.050e-6
0.102, -1.660e-6
0.103, -2.050e-6
0.104, -2.246e-6
0.105, -1.953e-6
0.106, -1.757e-6
0.107, -1.660e-6
0.108, -1.367e-6
0.109, -1.757e-6
0.110, -6.835e-7
0.111, -1.074e-6
0.112, -1.562e-6
0.113, -8.787e-7
0.114, -5.858e-7
0.115, -7.811e-7
0.116, -8.787e-7
0.117, -2.929e-7
0.118, 9.763e-8
0.119, -1.953e-7
0.120, -5.858e-7
0.121, -1.074e-6
0.122, -7.811e-7
0.123, -4.283e-12
0.124, -4.882e-7
0.125, -1.953e-7
0.126, -1.953e-7
0.127, -3.906e-7
0.128, 1.953e-7
0.129, -3.906e-7
0.130, 2.929e-7
0.131, 6.835e-7
0.132, 3.905e-7
0.133, 9.764e-7
0.134, 5.858e-7
0.135, 9.764e-7
0.136, 1.367e-6
0.137, -4.283e-12
0.138, 5.858e-7
0.139, 1.172e-6
0.140, 5.858e-7
0.141, 1.074e-6
0.142, 6.835e-7
0.143, 1.074e-6
0.144, 1.562e-6
0.145, 1.855e-6
0.146, 1.757e-6
0.147, 1.367e-6
0.148, 1.757e-6
0.149, 1.562e-6
0.150, 1.367e-6
0.151, 2.050e-6
0.152, 1.660e-6
0.153, 1.562e-6
0.154, 1.757e-6
0.155, 2.539e-6
0.156, 2.050e-6
0.157, 1.855e-6
0.158, 2.539e-6
0.159, 2.050e-6
0.160, 2.050e-6
0.161, 2.246e-6
0.162, 2.539e-6
0.163, 2.831e-6
0.164, 2.246e-6
0.165, 2.831e-6
0.166, 2.929e-6
0.167, 2.929e-6
0.168, 2.148e-6
0.169, 2.831e-6
0.170, 3.417e-6
0.171, 2.929e-6
0.172, 3.124e-6
0.173, 3.417e-6
0.174, 2.831e-6
0.175, 3.808e-6
0.176, 4.003e-6
0.177, 3.808e-6
0.178, 4.101e-6
0.179, 3.222e-6
0.180, 3.710e-6
0.181, 4.101e-6
0.182, 3.613e-6
0.183, 3.417e-6
0.184, 3.417e-6
0.185, 4.296e-6
0.186, 3.417e-6
0.187, 4.198e-6
0.188, 3.906e-6
0.189, 3.417e-6
0.190, 4.198e-6
0.191, 3.417e-6
0.192, 4.491e-6
0.193, 4.003e-6
0.194, 4.394e-6
0.195, 5.077e-6
0.196, 5.175e-6
0.197, 4.101e-6
0.198, 4.589e-6
0.199, 4.980e-6
0.200, 5.272e-6
0.201, 5.272e-6
0.202, 5.175e-6
0.203, 5.175e-6
0.204, 5.956e-6
0.205, 5.272e-6
0.206, 5.468e-6
0.207, 5.175e-6
0.208, 5.956e-6
0.209, 6.054e-6
0.210, 5.956e-6
0.211, 5.858e-6
0.212, 5.565e-6
0.213, 6.346e-6
0.214, 5.468e-6
0.215, 5.956e-6
0.216, 6.639e-6
0.217, 6.151e-6
0.218, 6.346e-6
0.219, 6.639e-6
0.220, 6.346e-6
0.221, 6.737e-6
0.222, 6.932e-6
0.223, 7.128e-6
0.224, 7.811e-6
0.225, 7.518e-6
0.226, 8.006e-6
0.227, 8.397e-6
0.228, 7.713e-6
0.229, 8.397e-6
0.230, 8.885e-6
0.231, 8.690e-6
0.232, 8.592e-6
0.233, 8.494e-6
0.234, 7.909e-6
0.235, 8.592e-6
0.236, 8.983e-6
0.237, 9.471e-6
0.238, 9.764e-6
0.239, 1.006e-5
0.240, 9.666e-6
0.241, 9.861e-6
0.242, 1.015e-5
0.243, 9.764e-6
0.244, 1.084e-5
0.245, 9.764e-6
0.246, 9.666e-6
0.247, 1.113e-5
0.248, 1.103e-5
0.249, 1.133e-5
0.250, 1.113e-5
0.251, 1.162e-5
0.252, 1.211e-5
0.253, 1.103e-5
0.254, 1.230e-5
0.255, 1.279e-5
0.256, 1.269e-5
0.257, 1.240e-5
0.258, 1.269e-5
0.259, 1.289e-5
0.260, 1.396e-5
0.261, 1.396e-5
0.262, 1.338e-5
0.263, 1.338e-5
0.264, 1.386e-5
0.265, 1.416e-5
0.266, 1.386e-5
0.267, 1.377e-5
0.268, 1.455e-5
0.269, 1.513e-5
0.270, 1.552e-5
0.271, 1.543e-5
0.272, 1.631e-5
0.273, 1.611e-5
0.274, 1.562e-5
0.275, 1.582e-5
0.276, 1.660e-5
0.277, 1.699e-5
0.278, 1.699e-5
0.279, 1.777e-5
0.280, 1.787e-5
0.281, 1.777e-5
0.282, 1.806e-5
0.283, 1.845e-5
0.284, 1.894e-5
0.285, 1.943e-5
0.286, 1.923e-5
0.287, 1.943e-5
0.288, 1.943e-5
0.289, 1.982e-5
0.290, 2.011e-5
0.291, 2.070e-5
0.292, 2.109e-5
0.293, 2.138e-5
0.294, 2.109e-5
0.295, 2.148e-5
0.296, 2.197e-5
0.297, 2.226e-5
0.298, 2.255e-5
0.299, 2.158e-5
0.300, 2.158e-5
0.301, 2.246e-5
0.302, 2.324e-5
0.303, 2.353e-5
0.304, 2.382e-5
0.305, 2.402e-5
0.306, 2.500e-5
0.307, 2.548e-5
0.308, 2.548e-5
0.309, 2.568e-5
0.310, 2.675e-5
0.311, 2.675e-5
0.312, 2.646e-5
0.313, 2.666e-5
0.314, 2.714e-5
0.315, 2.724e-5
0.316, 2.763e-5
0.317, 2.763e-5
0.318, 2.792e-5
0.319, 2.871e-5
0.320, 2.910e-5
0.321, 2.802e-5
0.322, 2.871e-5
0.323, 2.968e-5
0.324, 2.997e-5
0.325, 3.027e-5
0.326, 3.095e-5
0.327, 3.124e-5
0.328, 3.105e-5
0.329, 3.115e-5
0.330, 3.115e-5
0.331, 3.212e-5
0.332, 3.251e-5
0.333, 3.173e-5
0.334, 3.242e-5
0.335, 3.261e-5
0.336, 3.290e-5
0.337, 3.378e-5
0.338, 3.310e-5
0.339, 3.437e-5
0.340, 3.437e-5
0.341, 3.495e-5
0.342, 3.534e-5
0.343, 3.544e-5
0.344, 3.613e-5
0.345, 3.661e-5
0.346, 3.632e-5
0.347, 3.613e-5
0.348, 3.700e-5
0.349, 3.720e-5
0.350, 3.798e-5
0.351, 3.759e-5
0.352, 3.808e-5
0.353, 3.945e-5
0.354, 3.847e-5
0.355, 3.984e-5
0.356, 4.003e-5
0.357, 4.023e-5
0.358, 4.071e-5
0.359, 4.091e-5
0.360, 4.081e-5
0.361, 4.159e-5
0.362, 4.228e-5
0.363, 4.208e-5
0.364, 4.316e-5
0.365, 4.306e-5
0.366, 4.335e-5
0.367, 4.433e-5
0.368, 4.443e-5
0.369, 4.521e-5
0.370, 4.569e-5
0.371, 4.560e-5
0.372, 4.648e-5
0.373, 4.687e-5
0.374, 4.735e-5
0.375, 4.833e-5
0.376, 4.843e-5
0.377, 4.931e-5
0.378, 4.901e-5
0.379, 5.009e-5
0.380, 5.146e-5
0.381, 5.116e-5
0.382, 5.194e-5
0.383, 5.380e-5
0.384, 5.360e-5
0.385, 5.390e-5
0.386, 5.468e-5
0.387, 5.507e-5
0.388, 5.663e-5
0.389, 5.673e-5
0.390, 5.751e-5
0.391, 5.878e-5
0.392, 5.985e-5
0.393, 6.083e-5
0.394, 6.229e-5
0.395, 6.259e-5
0.396, 6.434e-5
0.397, 6.454e-5
0.398, 6.649e-5
0.399, 6.786e-5
0.400, 6.903e-5
0.401, 7.137e-5
0.402, 7.333e-5
0.403, 7.547e-5
0.404, 7.811e-5
0.405, 7.967e-5
0.406, 8.319e-5
0.407, 8.602e-5
0.408, 9.032e-5
0.409, 9.403e-5
0.410, 9.129e-5
0.411, 1.039e-4
0.412, 1.131e-4
0.413, 1.220e-4
0.414, 1.332e-4
0.415, 1.467e-4
0.416, 1.633e-4
0.417, 1.824e-4
0.418, 2.055e-4
0.419, 2.337e-4
0.420, 2.666e-4
0.421, 3.053e-4
0.422, 3.503e-4
0.423, 4.039e-4
0.424, 4.688e-4
0.425, 5.454e-4
0.426, 6.321e-4
0.427, 7.311e-4
0.428, 8.429e-4
0.429, 9.710e-4
0.430, 1.117e-3
0.431, 1.267e-3
0.432, 1.422e-3
0.433, 1.577e-3
0.434, 1.727e-3
0.435, 1.881e-3
0.436, 2.034e-3
0.437, 2.181e-3
0.438, 2.323e-3
0.439, 2.467e-3
0.440, 2.596e-3
0.441, 2.716e-3
0.442, 2.825e-3
0.443, 2.922e-3
0.444, 3.000e-3
0.445, 3.060e-3
0.446, 3.100e-3
0.447, 3.116e-3
0.448, 3.108e-3
0.449, 3.078e-3
0.450, 3.024e-3
0.451, 2.946e-3
0.452, 2.844e-3
0.453, 2.723e-3
0.454, 2.589e-3
0.455, 2.439e-3
0.456, 2.284e-3
0.457, 2.127e-3
0.458, 1.970e-3
0.459, 1.820e-3
0.460, 1.679e-3
0.461, 1.547e-3
0.462, 1.427e-3
0.463, 1.318e-3
0.464, 1.224e-3
0.465, 1.140e-3
0.466, 1.064e-3
0.467, 9.969e-4
0.468, 9.378e-4
0.469, 8.861e-4
0.470, 8.393e-4
0.471, 7.963e-4
0.472, 7.604e-4
0.473, 7.279e-4
0.474, 6.937e-4
0.475, 6.664e-4
0.476, 6.418e-4
0.477, 6.199e-4
0.478, 5.978e-4
0.479, 5.787e-4
0.480, 5.594e-4
0.481, 5.435e-4
0.482, 5.283e-4
0.483, 5.132e-4
0.484, 4.995e-4
0.485, 4.856e-4
0.486, 4.744e-4
0.487, 4.632e-4
0.488, 4.520e-4
0.489, 4.427e-4
0.490, 4.315e-4
0.491, 4.233e-4
0.492, 4.154e-4
0.493, 4.067e-4
0.494, 3.989e-4
0.495, 3.910e-4
0.496, 3.841e-4
0.497, 3.779e-4
0.498, 3.709e-4
0.499, 3.647e-4
0.500, 3.586e-4
0.501, 3.520e-4
0.502, 3.474e-4
0.503, 3.407e-4
0.504, 3.361e-4
0.505, 3.327e-4
0.506, 3.271e-4
0.507, 3.222e-4
0.508, 3.184e-4
0.509, 3.132e-4
0.510, 3.096e-4
0.511, 3.061e-4
0.512, 3.063e-4
0.513, 3.011e-4
0.514, 2.952e-4
0.515, 2.923e-4
0.516, 2.875e-4
0.517, 2.836e-4
0.518, 2.808e-4
0.519, 2.782e-4
0.520, 2.745e-4
0.521, 2.709e-4
0.522, 2.680e-4
0.523, 2.656e-4
0.524, 2.625e-4
0.525, 2.573e-4
0.526, 2.559e-4
0.527, 2.536e-4
0.528, 2.515e-4
0.529, 2.492e-4
0.530, 2.455e-4
0.531, 2.434e-4
0.532, 2.421e-4
0.533, 2.391e-4
0.534, 2.369e-4
0.535, 2.345e-4
0.536, 2.318e-4
0.537, 2.295e-4
0.538, 2.286e-4
0.539, 2.262e-4
0.540, 2.237e-4
0.541, 2.211e-4
0.542, 2.207e-4
0.543, 2.185e-4
0.544, 2.168e-4
0.545, 2.155e-4
0.546, 2.132e-4
0.547, 2.124e-4
0.548, 2.105e-4
0.549, 2.086e-4
0.550, 2.081e-4
0.551, 2.050e-4
0.552, 2.048e-4
0.553, 2.035e-4
0.554, 2.025e-4
0.555, 2.021e-4
0.556, 2.014e-4
0.557, 2.008e-4
0.558, 1.999e-4
0.559, 1.980e-4
0.560, 1.973e-4
0.561, 1.970e-4
0.562, 1.967e-4
0.563, 1.972e-4
0.564, 1.967e-4
0.565, 1.955e-4
0.566, 1.957e-4
0.567, 1.949e-4
0.568, 1.952e-4
0.569, 1.945e-4
0.570, 1.942e-4
0.571, 1.953e-4
0.572, 1.958e-4
0.573, 1.946e-4
0.574, 1.965e-4
0.575, 1.975e-4
0.576, 1.970e-4
0.577, 1.991e-4
0.578, 1.998e-4
0.579, 2.013e-4
0.580, 2.023e-4
0.581, 2.034e-4
0.582, 2.046e-4
0.583, 2.071e-4
0.584, 2.094e-4
0.585, 2.115e-4
0.586, 2.134e-4
0.587, 2.155e-4
0.588, 2.187e-4
0.589, 2.217e-4
0.590, 2.250e-4
0.591, 2.282e-4
0.592, 2.311e-4
0.593, 2.355e-4
0.594, 2.394e-4
0.595, 2.433e-4
0.596, 2.487e-4
0.597, 2.537e-4
0.598, 2.583e-4
0.599, 2.631e-4
0.600, 2.690e-4
0.601, 2.755e-4
0.602, 2.804e-4
0.603, 2.884e-4
0.604, 2.964e-4
0.605, 3.029e-4
0.606, 3.111e-4
0.607, 3.192e-4
0.608, 3.286e-4
0.609, 3.381e-4
0.610, 3.475e-4
0.611, 3.589e-4
0.612, 3.698e-4
0.613, 3.809e-4
0.614, 3.928e-4
0.615, 4.045e-4
0.616, 4.184e-4
0.617, 4.334e-4
0.618, 4.479e-4
0.619, 4.649e-4
0.620, 4.818e-4
0.621, 5.000e-4
0.622, 5.173e-4
0.623, 5.357e-4
0.624, 5.554e-4
0.625, 5.786e-4
0.626, 5.995e-4
0.627, 6.216e-4
0.628, 6.459e-4
0.629, 6.702e-4
0.630, 6.956e-4
0.631, 7.229e-4
0.632, 7.510e-4
0.633, 7.786e-4
0.634, 8.089e-4
0.635, 8.414e-4
0.636, 8.752e-4
0.637, 9.081e-4
0.638, 9.445e-4
0.639, 9.812e-4
0.640, 1.020e-3
0.641, 1.059e-3
0.642, 1.101e-3
0.643, 1.144e-3
0.644, 1.188e-3
0.645, 1.233e-3
0.646, 1.278e-3
0.647, 1.328e-3
0.648, 1.381e-3
0.649, 1.432e-3
0.650, 1.485e-3
0.651, 1.541e-3
0.652, 1.602e-3
0.653, 1.658e-3
0.654, 1.718e-3
0.655, 1.781e-3
0.656, 1.848e-3
0.657, 1.915e-3
0.658, 1.982e-3
0.659, 2.053e-3
0.660, 2.125e-3
0.661, 2.199e-3
0.662, 2.272e-3
0.663, 2.352e-3
0.664, 2.436e-3
0.665, 2.515e-3
0.666, 2.601e-3
0.667, 2.687e-3
0.668, 2.774e-3
0.669, 2.866e-3
0.670, 2.958e-3
0.671, 3.053e-3
0.672, 3.148e-3
0.673, 3.244e-3
0.674, 3.348e-3
0.675, 3.450e-3
0.676, 3.553e-3
0.677, 3.660e-3
0.678, 3.764e-3
0.679, 3.876e-3
0.680, 3.990e-3
0.681, 4.104e-3
0.682, 4.219e-3
0.683, 4.340e-3
0.684, 4.460e-3
0.685, 4.581e-3
0.686, 4.701e-3
0.687, 4.828e-3
0.688, 4.956e-3
0.689, 5.085e-3
0.690, 5.212e-3
0.691, 5.345e-3
0.692, 5.480e-3
0.693, 5.613e-3
0.694, 5.752e-3
0.695, 5.892e-3
0.696, 6.033e-3
0.697, 6.174e-3
0.698, 6.321e-3
0.699, 6.469e-3
0.700, 6.618e-3
0.701, 6.770e-3
0.702, 6.922e-3
0.703, 7.075e-3
0.704, 7.229e-3
0.705, 7.387e-3
0.706, 7.548e-3
0.707, 7.707e-3
0.708, 7.872e-3
0.709, 8.038e-3
0.710, 8.206e-3
0.711, 8.374e-3
0.712, 8.542e-3
0.713, 8.713e-3
0.714, 8.890e-3
0.715, 9.064e-3
0.716, 9.238e-3
0.717, 9.425e-3
0.718, 9.611e-3
0.719, 9.790e-3
0.720, 9.972e-3
0.721, 1.015e-2
0.722, 1.034e-2
0.723, 1.052e-2
0.724, 1.071e-2
0.725, 1.089e-2
0.726, 1.108e-2
0.727, 1.127e-2
0.728, 1.147e-2
0.729, 1.166e-2
0.730, 1.185e-2
0.731, 1.204e-2
0.732, 1.224e-2
0.733, 1.244e-2
0.734, 1.264e-2
0.735, 1.284e-2
0.736, 1.304e-2
0.737, 1.324e-2
0.738, 1.346e-2
0.739, 1.367e-2
0.740, 1.388e-2
0.741, 1.410e-2
0.742, 1.431e-2
0.743, 1.453e-2
0.744, 1.475e-2
0.745, 1.496e-2
0.746, 1.518e-2
0.747, 1.541e-2
0.748, 1.563e-2
0.749, 1.586e-2
0.750, 1.609e-2
0.751, 1.630e-2
0.752, 1.652e-2
0.753, 1.673e-2
0.754, 1.694e-2
0.755, 1.717e-2
0.756, 1.740e-2
0.757, 1.763e-2
0.758, 1.786e-2
0.759, 1.808e-2
0.760, 1.831e-2
0.761, 1.854e-2
0.762, 1.879e-2
0.763, 1.903e-2
0.764, 1.926e-2
0.765, 1.949e-2
0.766, 1.971e-2
0.767, 1.995e-2
0.768, 2.019e-2
0.769, 2.043e-2
0.770, 2.068e-2
0.771, 2.091e-2
0.772, 2.115e-2
0.773, 2.140e-2
0.774, 2.165e-2
0.775, 2.189e-2
0.776, 2.214e-2
0.777, 2.238e-2
0.778, 2.262e-2
0.779, 2.287e-2
0.780, 2.313e-2
0.781, 2.338e-2
0.782, 2.363e-2
0.783, 2.388e-2
0.784, 2.412e-2
0.785, 2.436e-2
0.786, 2.462e-2
0.787, 2.490e-2
0.788, 2.515e-2
0.789, 2.539e-2
0.790, 2.563e-2
0.791, 2.588e-2
0.792, 2.612e-2
0.793, 2.638e-2
0.794, 2.666e-2
0.795, 2.692e-2
0.796, 2.717e-2
0.797, 2.744e-2
0.798, 2.771e-2
0.799, 2.796e-2
0.800, 2.812e-2
0.799, 2.792e-2
0.798, 2.764e-2
0.797, 2.738e-2
0.796, 2.710e-2
0.795, 2.682e-2
0.794, 2.653e-2
0.793, 2.625e-2
0.792, 2.598e-2
0.791, 2.573e-2
0.790, 2.545e-2
0.789, 2.518e-2
0.788, 2.490e-2
0.787, 2.462e-2
0.786, 2.436e-2
0.785, 2.409e-2
0.784, 2.383e-2
0.783, 2.355e-2
0.782, 2.328e-2
0.781, 2.302e-2
0.780, 2.278e-2
0.779, 2.252e-2
0.778, 2.225e-2
0.777, 2.199e-2
0.776, 2.174e-2
0.775, 2.149e-2
0.774, 2.123e-2
0.773, 2.097e-2
0.772, 2.073e-2
0.771, 2.047e-2
0.770, 2.023e-2
0.769, 1.999e-2
0.768, 1.974e-2
0.767, 1.949e-2
0.766, 1.925e-2
0.765, 1.900e-2
0.764, 1.876e-2
0.763, 1.852e-2
0.762, 1.829e-2
0.761, 1.805e-2
0.760, 1.782e-2
0.759, 1.759e-2
0.758, 1.737e-2
0.757, 1.713e-2
0.756, 1.689e-2
0.755, 1.665e-2
0.754, 1.643e-2
0.753, 1.620e-2
0.752, 1.598e-2
0.751, 1.575e-2
0.750, 1.552e-2
0.749, 1.530e-2
0.748, 1.508e-2
0.747, 1.485e-2
0.746, 1.462e-2
0.745, 1.440e-2
0.744, 1.419e-2
0.743, 1.398e-2
0.742, 1.377e-2
0.741, 1.356e-2
0.740, 1.336e-2
0.739, 1.314e-2
0.738, 1.294e-2
0.737, 1.274e-2
0.736, 1.254e-2
0.735, 1.235e-2
0.734, 1.214e-2
0.733, 1.194e-2
0.732, 1.175e-2
0.731, 1.155e-2
0.730, 1.136e-2
0.729, 1.116e-2
0.728, 1.096e-2
0.727, 1.077e-2
0.726, 1.059e-2
0.725, 1.041e-2
0.724, 1.022e-2
0.723, 1.003e-2
0.722, 9.851e-3
0.721, 9.670e-3
0.720, 9.491e-3
0.719, 9.323e-3
0.718, 9.151e-3
0.717, 8.971e-3
0.716, 8.785e-3
0.715, 8.611e-3
0.714, 8.443e-3
0.713, 8.271e-3
0.712, 8.100e-3
0.711, 7.932e-3
0.710, 7.766e-3
0.709, 7.604e-3
0.708, 7.448e-3
0.707, 7.291e-3
0.706, 7.135e-3
0.705, 6.979e-3
0.704, 6.826e-3
0.703, 6.676e-3
0.702, 6.530e-3
0.701, 6.382e-3
0.700, 6.237e-3
0.699, 6.090e-3
0.698, 5.952e-3
0.697, 5.812e-3
0.696, 5.671e-3
0.695, 5.539e-3
0.694, 5.406e-3
0.693, 5.271e-3
0.692, 5.138e-3
0.691, 5.008e-3
0.690, 4.876e-3
0.689, 4.747e-3
0.688, 4.623e-3
0.687, 4.500e-3
0.686, 4.380e-3
0.685, 4.257e-3
0.684, 4.139e-3
0.683, 4.027e-3
0.682, 3.912e-3
0.681, 3.799e-3
0.680, 3.689e-3
0.679, 3.581e-3
0.678, 3.476e-3
0.677, 3.371e-3
0.676, 3.266e-3
0.675, 3.169e-3
0.674, 3.072e-3
0.673, 2.975e-3
0.672, 2.881e-3
0.671, 2.788e-3
0.670, 2.692e-3
0.669, 2.604e-3
0.668, 2.514e-3
0.667, 2.432e-3
0.666, 2.349e-3
0.665, 2.265e-3
0.664, 2.189e-3
0.663, 2.113e-3
0.662, 2.037e-3
0.661, 1.963e-3
0.660, 1.892e-3
0.659, 1.820e-3
0.658, 1.751e-3
0.657, 1.687e-3
0.656, 1.623e-3
0.655, 1.556e-3
0.654, 1.494e-3
0.653, 1.435e-3
0.652, 1.378e-3
0.651, 1.319e-3
0.650, 1.266e-3
0.649, 1.214e-3
0.648, 1.162e-3
0.647, 1.113e-3
0.646, 1.064e-3
0.645, 1.016e-3
0.644, 9.701e-4
0.643, 9.263e-4
0.642, 8.848e-4
0.641, 8.420e-4
0.640, 8.020e-4
0.639, 7.639e-4
0.638, 7.271e-4
0.637, 6.912e-4
0.636, 6.572e-4
0.635, 6.243e-4
0.634, 5.910e-4
0.633, 5.589e-4
0.632, 5.302e-4
0.631, 5.009e-4
0.630, 4.729e-4
0.629, 4.461e-4
0.628, 4.215e-4
0.627, 3.987e-4
0.626, 3.744e-4
0.625, 3.526e-4
0.624, 3.313e-4
0.623, 3.118e-4
0.622, 2.926e-4
0.621, 2.745e-4
0.620, 2.561e-4
0.619, 2.399e-4
0.618, 2.232e-4
0.617, 2.074e-4
0.616, 1.919e-4
0.615, 1.778e-4
0.614, 1.662e-4
0.613, 1.503e-4
0.612, 1.365e-4
0.611, 1.258e-4
0.610, 1.131e-4
0.609, 1.024e-4
0.608, 9.158e-5
0.607, 8.123e-5
0.606, 7.206e-5
0.605, 6.220e-5
0.604, 5.272e-5
0.603, 4.521e-5
0.602, 3.759e-5
0.601, 2.978e-5
0.600, 2.216e-5
0.599, 1.474e-5
0.598, 8.787e-6
0.597, 2.050e-6
0.596, -4.003e-6
0.595, -9.276e-6
0.594, -1.562e-5
0.593, -2.041e-5
0.592, -2.509e-5
0.591, -3.007e-5
0.590, -3.505e-5
0.589, -3.857e-5
0.588, -4.364e-5
0.587, -4.609e-5
0.586, -4.989e-5
0.585, -5.468e-5
0.584, -5.741e-5
0.583, -6.180e-5
0.582, -6.444e-5
0.581, -6.835e-5
0.580, -7.030e-5
0.579, -7.313e-5
0.578, -7.606e-5
0.577, -7.879e-5
0.576, -8.104e-5
0.575, -8.416e-5
0.574, -8.563e-5
0.573, -8.807e-5
0.572, -9.022e-5
0.571, -9.266e-5
0.570, -9.471e-5
0.569, -9.754e-5
0.568, -9.852e-5
0.567, -1.003e-4
0.566, -1.024e-4
0.565, -1.038e-4
0.564, -1.059e-4
0.563, -1.079e-4
0.562, -1.089e-4
0.561, -1.111e-4
0.560, -1.120e-4
0.559, -1.140e-4
0.558, -1.150e-4
0.557, -1.167e-4
0.556, -1.189e-4
0.555, -1.198e-4
0.554, -1.217e-4
0.553, -1.229e-4
0.552, -1.241e-4
0.551, -1.263e-4
0.550, -1.257e-4
0.549, -1.281e-4
0.548, -1.301e-4
0.547, -1.310e-4
0.546, -1.322e-4
0.545, -1.343e-4
0.544, -1.352e-4
0.543, -1.372e-4
0.542, -1.378e-4
0.541, -1.390e-4
0.540, -1.402e-4
0.539, -1.419e-4
0.538, -1.434e-4
0.537, -1.452e-4
0.536, -1.451e-4
0.535, -1.472e-4
0.534, -1.467e-4
0.533, -1.495e-4
0.532, -1.509e-4
0.531, -1.517e-4
0.530, -1.520e-4
0.529, -1.542e-4
0.528, -1.546e-4
0.527, -1.567e-4
0.526, -1.566e-4
0.525, -1.582e-4
0.524, -1.596e-4
0.523, -1.616e-4
0.522, -1.623e-4
0.521, -1.629e-4
0.520, -1.645e-4
0.519, -1.667e-4
0.518, -1.671e-4
0.517, -1.677e-4
0.516, -1.702e-4
0.515, -1.705e-4
0.514, -1.720e-4
0.513, -1.738e-4
0.512, -1.787e-4
0.511, -1.769e-4
0.510, -1.771e-4
0.509, -1.789e-4
0.508, -1.794e-4
0.507, -1.807e-4
0.506, -1.821e-4
0.505, -1.837e-4
0.504, -1.849e-4
0.503, -1.863e-4
0.502, -1.865e-4
0.501, -1.886e-4
0.500, -1.893e-4
0.499, -1.897e-4
0.498, -1.919e-4
0.497, -1.938e-4
0.496, -1.946e-4
0.495, -1.963e-4
0.494, -1.972e-4
0.493, -1.988e-4
0.492, -2.008e-4
0.491, -2.015e-4
0.490, -2.036e-4
0.489, -2.036e-4
0.488, -2.061e-4
0.487, -2.083e-4
0.486, -2.104e-4
0.485, -2.110e-4
0.484, -2.120e-4
0.483, -2.124e-4
0.482, -2.148e-4
0.481, -2.177e-4
0.480, -2.194e-4
0.479, -2.214e-4
0.478, -2.224e-4
0.477, -2.234e-4
0.476, -2.276e-4
0.475, -2.299e-4
0.474, -2.303e-4
0.473, -2.328e-4
0.472, -2.347e-4
0.471, -2.383e-4
0.470, -2.405e-4
0.469, -2.432e-4
0.468, -2.457e-4
0.467, -2.485e-4
0.466, -2.513e-4
0.465, -2.553e-4
0.464, -2.583e-4
0.463, -2.622e-4
0.462, -2.640e-4
0.461, -2.686e-4
0.460, -2.720e-4
0.459, -2.757e-4
0.458, -2.792e-4
0.457, -2.839e-4
0.456, -2.891e-4
0.455, -2.930e-4
0.454, -2.972e-4
0.453, -3.019e-4
0.452, -3.069e-4
0.451, -3.125e-4
0.450, -3.166e-4
0.449, -3.228e-4
0.448, -3.270e-4
0.447, -3.344e-4
0.446, -3.413e-4
0.445, -3.480e-4
0.444, -3.541e-4
0.443, -3.629e-4
0.442, -3.698e-4
0.441, -3.779e-4
0.440, -3.847e-4
0.439, -3.930e-4
0.438, -4.000e-4
0.437, -4.085e-4
0.436, -4.166e-4
0.435, -4.273e-4
0.434, -4.347e-4
0.433, -4.435e-4
0.432, -4.520e-4
0.431, -4.612e-4
0.430, -4.712e-4
0.429, -4.830e-4
0.428, -4.940e-4
0.427, -5.051e-4
0.426, -5.162e-4
0.425, -5.280e-4
0.424, -5.408e-4
0.423, -5.545e-4
0.422, -5.662e-4
0.421, -5.819e-4
0.420, -5.973e-4
0.419, -6.151e-4
0.418, -6.310e-4
0.417, -6.481e-4
0.416, -6.645e-4
0.415, -6.828e-4
0.414, -7.006e-4
0.413, -7.193e-4
0.412, -7.398e-4
0.411, -7.598e-4
0.410, -7.709e-4
0.409, -7.684e-4
0.408, -8.056e-4
0.407, -8.386e-4
0.406, -8.678e-4
0.405, -8.988e-4
0.404, -9.295e-4
0.403, -9.604e-4
0.402, -9.935e-4
0.401, -1.027e-3
0.400, -1.062e-3
0.399, -1.102e-3
0.398, -1.141e-3
0.397, -1.178e-3
0.396, -1.219e-3
0.395, -1.264e-3
0.394, -1.308e-3
0.393, -1.357e-3
0.392, -1.405e-3
0.391, -1.456e-3
0.390, -1.510e-3
0.389, -1.563e-3
0.388, -1.617e-3
0.387, -1.670e-3
0.386, -1.725e-3
0.385, -1.776e-3
0.384, -1.832e-3
0.383, -1.885e-3
0.382, -1.934e-3
0.381, -1.981e-3
0.380, -2.025e-3
0.379, -2.067e-3
0.378, -2.104e-3
0.377, -2.133e-3
0.376, -2.156e-3
0.375, -2.172e-3
0.374, -2.178e-3
0.373, -2.179e-3
0.372, -2.169e-3
0.371, -2.147e-3
0.370, -2.116e-3
0.369, -2.073e-3
0.368, -2.017e-3
0.367, -1.950e-3
0.366, -1.872e-3
0.365, -1.782e-3
0.364, -1.680e-3
0.363, -1.565e-3
0.362, -1.444e-3
0.361, -1.318e-3
0.360, -1.195e-3
0.359, -1.075e-3
0.358, -9.618e-4
0.357, -8.587e-4
0.356, -7.668e-4
0.355, -6.883e-4
0.354, -6.215e-4
0.353, -5.613e-4
0.352, -5.111e-4
0.351, -4.696e-4
0.350, -4.357e-4
0.349, -4.039e-4
0.348, -3.771e-4
0.347, -3.542e-4
0.346, -3.337e-4
0.345, -3.159e-4
0.344, -3.005e-4
0.343, -2.876e-4
0.342, -2.749e-4
0.341, -2.652e-4
0.340, -2.552e-4
0.339, -2.461e-4
0.338, -2.379e-4
0.337, -2.312e-4
0.336, -2.245e-4
0.335, -2.196e-4
0.334, -2.134e-4
0.333, -2.081e-4
0.332, -2.033e-4
0.331, -1.987e-4
0.330, -1.950e-4
0.329, -1.902e-4
0.328, -1.856e-4
0.327, -1.830e-4
0.326, -1.794e-4
0.325, -1.765e-4
0.324, -1.729e-4
0.323, -1.700e-4
0.322, -1.669e-4
0.321, -1.640e-4
0.320, -1.611e-4
0.319, -1.584e-4
0.318, -1.555e-4
0.317, -1.538e-4
0.316, -1.518e-4
0.315, -1.491e-4
0.314, -1.477e-4
0.313, -1.446e-4
0.312, -1.425e-4
0.311, -1.409e-4
0.310, -1.397e-4
0.309, -1.374e-4
0.308, -1.355e-4
0.307, -1.351e-4
0.306, -1.317e-4
0.305, -1.306e-4
0.304, -1.280e-4
0.303, -1.271e-4
0.302, -1.257e-4
0.301, -1.245e-4
0.300, -1.221e-4
0.299, -1.206e-4
0.298, -1.197e-4
0.297, -1.183e-4
0.296, -1.171e-4
0.295, -1.144e-4
0.294, -1.128e-4
0.293, -1.124e-4
0.292, -1.111e-4
0.291, -1.108e-4
0.290, -1.083e-4
0.289, -1.070e-4
0.288, -1.069e-4
0.287, -1.061e-4
0.286, -1.048e-4
0.285, -1.030e-4
0.284, -1.019e-4
0.283, -1.013e-4
0.282, -1.011e-4
0.281, -9.959e-5
0.280, -9.881e-5
0.279, -9.676e-5
0.278, -9.608e-5
0.277, -9.520e-5
0.276, -9.442e-5
0.275, -9.315e-5
0.274, -9.276e-5
0.273, -9.207e-5
0.272, -9.090e-5
0.271, -9.002e-5
0.270, -9.022e-5
0.269, -8.817e-5
0.268, -8.807e-5
0.267, -8.729e-5
0.266, -8.729e-5
0.265, -8.621e-5
0.264, -8.534e-5
0.263, -8.475e-5
0.262, -8.358e-5
0.261, -8.348e-5
0.260, -8.231e-5
0.259, -8.163e-5
0.258, -8.114e-5
0.257, -8.123e-5
0.256, -8.094e-5
0.255, -7.987e-5
0.254, -7.918e-5
0.253, -7.840e-5
0.252, -7.792e-5
0.251, -7.782e-5
0.250, -7.713e-5
0.249, -7.616e-5
0.248, -7.567e-5
0.247, -7.460e-5
0.246, -7.460e-5
0.245, -7.420e-5
0.244, -7.411e-5
0.243, -7.362e-5
0.242, -7.284e-5
0.241, -7.284e-5
0.240, -7.186e-5
0.239, -7.108e-5
0.238, -7.137e-5
0.237, -7.098e-5
0.236, -7.030e-5
0.235, -6.991e-5
0.234, -6.952e-5
0.233, -6.942e-5
0.232, -6.932e-5
0.231, -6.864e-5
0.230, -6.825e-5
0.229, -6.757e-5
0.228, -6.717e-5
0.227, -6.708e-5
0.226, -6.610e-5
0.225, -6.581e-5
0.224, -6.600e-5
0.223, -6.561e-5
0.222, -6.503e-5
0.221, -6.542e-5
0.220, -6.542e-5
0.219, -6.434e-5
0.218, -6.464e-5
0.217, -6.386e-5
0.216, -6.415e-5
0.215, -6.386e-5
0.214, -6.356e-5
0.213, -6.278e-5
0.212, -6.249e-5
0.211, -6.259e-5
0.210, -6.190e-5
0.209, -6.161e-5
0.208, -6.180e-5
0.207, -6.054e-5
0.206, -6.093e-5
0.205, -6.073e-5
0.204, -6.093e-5
0.203, -5.975e-5
0.202, -6.034e-5
0.201, -6.132e-5
0.200, -5.966e-5
0.199, -5.975e-5
0.198, -5.936e-5
0.197, -5.956e-5
0.196, -5.966e-5
0.195, -5.897e-5
0.194, -5.878e-5
0.193, -5.907e-5
0.192, -5.888e-5
0.191, -5.780e-5
0.190, -5.780e-5
0.189, -5.780e-5
0.188, -5.809e-5
0.187, -5.761e-5
0.186, -5.741e-5
0.185, -5.712e-5
0.184, -5.692e-5
0.183, -5.761e-5
0.182, -5.702e-5
0.181, -5.731e-5
0.180, -5.712e-5
0.179, -5.722e-5
0.178, -5.614e-5
0.177, -5.595e-5
0.176, -5.556e-5
0.175, -5.595e-5
0.174, -5.546e-5
0.173, -5.526e-5
0.172, -5.585e-5
0.171, -5.429e-5
0.170, -5.477e-5
0.169, -5.458e-5
0.168, -5.507e-5
0.167, -5.458e-5
0.166, -5.468e-5
0.165, -5.438e-5
0.164, -5.477e-5
0.163, -5.458e-5
0.162, -5.429e-5
0.161, -5.419e-5
0.160, -5.380e-5
0.159, -5.409e-5
0.158, -5.419e-5
0.157, -5.448e-5
0.156, -5.370e-5
0.155, -5.409e-5
0.154, -5.341e-5
0.153, -5.360e-5
0.152, -5.370e-5
0.151, -5.351e-5
0.150, -5.370e-5
0.149, -5.341e-5
0.148, -5.351e-5
0.147, -5.292e-5
0.146, -5.331e-5
0.145, -5.360e-5
0.144, -5.253e-5
0.143, -5.263e-5
0.142, -5.321e-5
0.141, -5.204e-5
0.140, -5.351e-5
0.139, -5.272e-5
0.138, -5.243e-5
0.137, -5.311e-5
0.136, -5.233e-5
0.135, -5.224e-5
0.134, -5.233e-5
0.133, -5.224e-5
0.132, -5.243e-5
0.131, -5.224e-5
0.130, -5.155e-5
0.129, -5.194e-5
0.128, -5.233e-5
0.127, -5.136e-5
0.126, -5.146e-5
0.125, -5.136e-5
0.124, -5.146e-5
0.123, -5.155e-5
0.122, -5.116e-5
0.121, -5.146e-5
0.120, -5.146e-5
0.119, -5.185e-5
0.118, -5.116e-5
0.117, -5.077e-5
0.116, -5.126e-5
0.115, -5.097e-5
0.114, -5.146e-5
0.113, -5.106e-5
0.112, -5.087e-5
0.111, -5.116e-5
0.110, -5.058e-5
0.109, -5.019e-5
0.108, -5.058e-5
0.107, -5.077e-5
0.106, -5.038e-5
0.105, -5.077e-5
0.104, -5.009e-5
0.103, -5.038e-5
0.102, -4.999e-5
0.101, -5.077e-5
0.100, -5.038e-5
0.099, -4.989e-5
0.098, -4.980e-5
0.097, -4.970e-5
0.096, -4.940e-5
0.095, -4.940e-5
0.094, -4.989e-5
0.093, -4.921e-5
0.092, -4.940e-5
0.091, -4.940e-5
0.090, -4.882e-5
0.089, -4.882e-5
0.088, -4.882e-5
0.087, -4.833e-5
0.086, -4.911e-5
0.085, -4.862e-5
0.084, -4.853e-5
0.083, -4.970e-5
0.082, -4.882e-5
0.081, -4.901e-5
0.080, -4.882e-5
0.079, -4.940e-5
0.078, -4.853e-5
0.077, -4.823e-5
0.076, -4.794e-5
0.075, -4.804e-5
0.074, -4.853e-5
0.073, -4.862e-5
0.072, -4.843e-5
0.071, -4.784e-5
0.070, -4.755e-5
0.069, -4.833e-5
0.068, -4.882e-5
0.067, -4.823e-5
0.066, -4.696e-5
0.065, -4.687e-5
0.064, -4.726e-5
0.063, -4.706e-5
0.062, -4.745e-5
0.061, -4.657e-5
0.060, -4.687e-5
0.059, -4.706e-5
0.058, -4.755e-5
0.057, -4.765e-5
0.056, -4.667e-5
0.055, -4.677e-5
0.054, -4.677e-5
0.053, -4.657e-5
0.052, -4.648e-5
0.051, -4.638e-5
0.050, -4.609e-5
0.049, -4.667e-5
0.048, -4.628e-5
0.047, -4.667e-5
0.046, -4.618e-5
0.045, -4.618e-5
0.044, -4.589e-5
0.043, -4.560e-5
0.042, -4.540e-5
0.041, -4.589e-5
0.040, -4.550e-5
0.039, -4.511e-5
0.038, -4.540e-5
0.037, -4.609e-5
0.036, -4.589e-5
0.035, -4.530e-5
0.034, -4.550e-5
0.033, -4.530e-5
0.032, -4.521e-5
0.031, -4.521e-5
0.030, -4.540e-5
0.029, -4.452e-5
0.028, -4.511e-5
0.027, -4.540e-5
0.026, -4.560e-5
0.025, -4.569e-5
0.024, -4.521e-5
0.023, -4.433e-5
0.022, -4.501e-5
0.021, -4.472e-5
0.020, -4.384e-5
0.019, -4.394e-5
0.018, -4.345e-5
0.017, -4.511e-5
0.016, -4.462e-5
0.015, -4.413e-5
0.014, -4.472e-5
0.013, -4.394e-5
0.012, -4.423e-5
0.011, -4.364e-5
0.010, -4.355e-5
0.009, -4.335e-5
0.008, -4.384e-5
0.007, -4.394e-5
0.006, -4.374e-5
0.005, -4.277e-5
0.004, -4.374e-5
0.003, -4.277e-5
0.002, -4.325e-5
0.001, -4.316e-5
0.000, -3.730e-5
0.001, -2.724e-5
0.002, -2.500e-5
0.003, -2.285e-5
0.004, -2.168e-5
0.005, -2.041e-5
0.006, -1.982e-5
0.007, -1.875e-5
0.008, -1.777e-5
0.009, -1.748e-5
0.010, -1.728e-5
0.011, -1.640e-5
0.012, -1.552e-5
0.013, -1.552e-5
0.014, -1.543e-5
0.015, -1.494e-5
0.016, -1.465e-5
0.017, -1.406e-5
0.018, -1.406e-5
0.019, -1.328e-5
0.020, -1.289e-5
0.021, -1.289e-5
0.022, -1.260e-5
0.023, -1.269e-5
0.024, -1.201e-5
0.025, -1.181e-5
0.026, -1.113e-5
0.027, -1.103e-5
0.028, -1.084e-5
0.029, -1.015e-5
0.030, -9.959e-6
0.031, -9.569e-6
0.032, -1.006e-5
0.033, -1.025e-5
0.034, -9.569e-6
0.035, -9.080e-6
0.036, -9.666e-6
0.037, -9.276e-6
0.038, -9.178e-6
0.039, -8.592e-6
0.040, -8.299e-6
0.041, -8.690e-6
0.042, -8.397e-6
0.043, -8.397e-6
0.044, -7.616e-6
0.045, -7.811e-6
0.046, -8.006e-6
0.047, -7.030e-6
0.048, -7.713e-6
0.049, -7.518e-6
0.050, -7.616e-6
0.051, -7.128e-6
0.052, -6.932e-6
0.053, -6.639e-6
0.054, -6.346e-6
0.055, -6.835e-6
0.056, -6.639e-6
0.057, -6.444e-6
0.058, -6.346e-6
0.059, -5.761e-6
0.060, -6.249e-6
0.061, -5.761e-6
0.062, -5.077e-6
0.063, -5.468e-6
0.064, -6.054e-6
0.065, -5.663e-6
0.066, -4.882e-6
0.067, -5.077e-6
0.068, -4.296e-6
0.069, -4.882e-6
0.070, -4.882e-6
0.071, -4.101e-6
0.072, -4.003e-6
0.073, -4.882e-6
0.074, -4.589e-6
0.075, -4.296e-6
0.076, -4.980e-6
0.077, -4.198e-6
0.078, -4.491e-6
0.079, -4.198e-6
0.080, -4.491e-6
0.081, -2.832e-6
0.082, -3.808e-6
0.083, -3.515e-6
0.084, -3.906e-6
0.085, -3.710e-6
0.086, -3.222e-6
0.087, -3.124e-6
0.088, -3.613e-6
0.089, -3.222e-6
0.090, -2.734e-6
0.091, -2.539e-6
0.092, -2.832e-6
0.093, -3.027e-6
0.094, -2.832e-6
0.095, -2.832e-6
0.096, -3.222e-6
0.097, -2.343e-6
0.098, -1.855e-6
0.099, -2.636e-6
0.100, -2.050e-6
0.101, -2.246e-6
0.102, -2.832e-6
0.103, -2.246e-6
0.104, -2.343e-6
0.105, -2.148e-6
0.106, -2.343e-6
0.107, -2.246e-6
0.108, -2.148e-6
0.109, -1.953e-6
0.110, -9.764e-7
0.111, -1.562e-6
0.112, -1.855e-6
0.113, -1.465e-6
0.114, -2.148e-6
0.115, -1.465e-6
0.116, -1.465e-6
0.117, -1.074e-6
0.118, -1.465e-6
0.119, -1.465e-6
0.120, -5.858e-7
0.121, -5.858e-7
0.122, -1.074e-6
0.123, -2.929e-7
0.124, 1.953e-7
0.125, -8.787e-7
0.126, -8.787e-7
0.127, -2.929e-7
0.128, 9.763e-8
0.129, -5.858e-7
0.130, -2.929e-7
0.131, -4.882e-7
0.132, 1.953e-7
0.133, -2.929e-7
0.134, 8.787e-7
0.135, 4.882e-7
0.136, 4.882e-7
0.137, 5.858e-7
0.138, 4.882e-7
0.139, 9.764e-7
0.140, 3.905e-7
0.141, 8.787e-7
0.142, 4.882e-7
0.143, 5.858e-7
0.144, 7.811e-7
0.145, 6.835e-7
0.146, 6.835e-7
0.147, 8.787e-7
0.148, 8.787e-7
0.149, 1.465e-6
0.150, 1.465e-6
0.151, 1.269e-6
0.152, 1.074e-6
0.153, 1.562e-6
0.154, 1.855e-6
0.155, 1.660e-6
0.156, 2.148e-6
0.157, 1.757e-6
0.158, 2.441e-6
0.159, 1.562e-6
0.160, 1.562e-6
0.161, 2.831e-6
0.162, 3.027e-6
0.163, 2.441e-6
0.164, 2.050e-6
0.165, 2.929e-6
0.166, 2.441e-6
0.167, 2.246e-6
0.168, 2.148e-6
0.169, 2.441e-6
0.170, 2.831e-6
0.171, 2.831e-6
0.172, 3.613e-6
0.173, 2.636e-6
0.174, 3.124e-6
0.175, 3.710e-6
0.176, 3.613e-6
0.177, 3.222e-6
0.178, 3.613e-6
0.179, 3.808e-6
0.180, 4.394e-6
0.181, 3.027e-6
0.182, 3.710e-6
0.183, 3.906e-6
0.184, 3.320e-6
0.185, 3.613e-6
0.186, 3.320e-6
0.187, 3.808e-6
0.188, 4.589e-6
0.189, 3.222e-6
0.190, 4.198e-6
0.191, 4.491e-6
0.192, 4.394e-6
0.193, 3.808e-6
0.194, 4.784e-6
0.195, 4.882e-6
0.196, 4.882e-6
0.197, 4.296e-6
0.198, 5.077e-6
0.199, 5.175e-6
0.200, 4.882e-6
0.201, 5.077e-6
0.202, 5.175e-6
0.203, 5.663e-6
0.204, 5.761e-6
0.205, 4.589e-6
0.206, 4.784e-6
0.207, 5.468e-6
0.208, 4.784e-6
0.209, 5.468e-6
0.210, 5.565e-6
0.211, 6.249e-6
0.212, 5.272e-6
0.213, 6.444e-6
0.214, 6.054e-6
0.215, 5.858e-6
0.216, 6.835e-6
0.217, 6.737e-6
0.218, 6.542e-6
0.219, 6.054e-6
0.220, 6.932e-6
0.221, 6.639e-6
0.222, 7.811e-6
0.223, 6.835e-6
0.224, 7.128e-6
0.225, 7.518e-6
0.226, 8.494e-6
0.227, 7.909e-6
0.228, 7.811e-6
0.229, 7.128e-6
0.230, 8.299e-6
0.231, 8.202e-6
0.232, 7.909e-6
0.233, 8.592e-6
0.234, 8.592e-6
0.235, 8.885e-6
0.236, 8.787e-6
0.237, 7.811e-6
0.238, 8.787e-6
0.239, 9.373e-6
0.240, 9.666e-6
0.241, 9.764e-6
0.242, 1.006e-5
0.243, 1.015e-5
0.244, 9.569e-6
0.245, 1.064e-5
0.246, 1.074e-5
0.247, 1.113e-5
0.248, 1.045e-5
0.249, 1.123e-5
0.250, 1.074e-5
0.251, 1.113e-5
0.252, 1.133e-5
0.253, 1.260e-5
0.254, 1.181e-5
0.255, 1.269e-5
0.256, 1.181e-5
0.257, 1.250e-5
0.258, 1.240e-5
0.259, 1.328e-5
0.260, 1.308e-5
0.261, 1.299e-5
0.262, 1.328e-5
0.263, 1.426e-5
0.264, 1.455e-5
0.265, 1.504e-5
0.266, 1.435e-5
0.267, 1.474e-5
0.268, 1.513e-5
0.269, 1.504e-5
0.270, 1.533e-5
0.271, 1.611e-5
0.272, 1.631e-5
0.273, 1.689e-5
0.274, 1.689e-5
0.275, 1.601e-5
0.276, 1.728e-5
0.277, 1.660e-5
0.278, 1.748e-5
0.279, 1.738e-5
0.280, 1.806e-5
0.281, 1.816e-5
0.282, 1.777e-5
0.283, 1.865e-5
0.284, 1.894e-5
0.285, 1.865e-5
0.286, 1.875e-5
0.287, 1.904e-5
0.288, 1.982e-5
0.289, 2.070e-5
0.290, 2.021e-5
0.291, 2.031e-5
0.292, 2.099e-5
0.293, 2.099e-5
0.294, 2.099e-5
0.295, 2.168e-5
0.296, 2.255e-5
0.297, 2.168e-5
0.298, 2.148e-5
0.299, 2.236e-5
0.300, 2.294e-5
0.301, 2.412e-5
0.302, 2.363e-5
0.303, 2.402e-5
0.304, 2.373e-5
0.305, 2.451e-5
0.306, 2.500e-5
0.307, 2.636e-5
0.308, 2.656e-5
0.309, 2.646e-5
0.310, 2.626e-5
0.311, 2.695e-5
0.312, 2.666e-5
0.313, 2.714e-5
0.314, 2.753e-5
0.315, 2.802e-5
0.316, 2.724e-5
0.317, 2.783e-5
0.318, 2.851e-5
0.319, 2.861e-5
0.320, 2.880e-5
0.321, 2.910e-5
0.322, 2.958e-5
0.323, 2.978e-5
0.324, 2.939e-5
0.325, 3.046e-5
0.326, 3.095e-5
0.327, 3.173e-5
0.328, 3.144e-5
0.329, 3.163e-5
0.330, 3.242e-5
0.331, 3.251e-5
0.332, 3.212e-5
0.333, 3.232e-5
0.334, 3.359e-5
0.335, 3.261e-5
0.336, 3.329e-5
0.337, 3.447e-5
0.338, 3.447e-5
0.339, 3.505e-5
0.340, 3.495e-5
0.341, 3.505e-5
0.342, 3.554e-5
0.343, 3.583e-5
0.344, 3.593e-5
0.345, 3.691e-5
0.346, 3.642e-5
0.347, 3.720e-5
0.348, 3.818e-5
0.349, 3.837e-5
0.350, 3.847e-5
0.351, 3.818e-5
0.352, 3.866e-5
0.353, 3.993e-5
0.354, 3.984e-5
0.355, 4.032e-5
0.356, 4.052e-5
0.357, 4.091e-5
0.358, 4.130e-5
0.359, 4.169e-5
0.360, 4.208e-5
0.361, 4.218e-5
0.362, 4.247e-5
0.363, 4.325e-5
0.364, 4.277e-5
0.365, 4.355e-5
0.366, 4.443e-5
0.367, 4.472e-5
0.368, 4.472e-5
0.369, 4.560e-5
0.370, 4.618e-5
0.371, 4.667e-5
0.372, 4.657e-5
0.373, 4.784e-5
0.374, 4.804e-5
0.375, 4.862e-5
0.376, 4.892e-5
0.377, 4.931e-5
0.378, 5.028e-5
0.379, 5.136e-5
0.380, 5.243e-5
0.381, 5.233e-5
0.382, 5.282e-5
0.383, 5.311e-5
0.384, 5.429e-5
0.385, 5.477e-5
0.386, 5.595e-5
0.387, 5.653e-5
0.388, 5.702e-5
0.389, 5.731e-5
0.390, 5.897e-5
0.391, 5.897e-5
0.392, 6.044e-5
0.393, 6.229e-5
0.394, 6.249e-5
0.395, 6.376e-5
0.396, 6.542e-5
0.397, 6.581e-5
0.398, 6.757e-5
0.399, 6.835e-5
0.400, 6.991e-5
0.401, 7.264e-5
0.402, 7.489e-5
0.403, 7.577e-5
0.404, 7.928e-5
0.405, 8.143e-5
0.406, 8.475e-5
0.407, 8.817e-5
0.408, 9.276e-5
0.409, 9.569e-5
0.410, 9.393e-5
0.411, 1.066e-4
0.412, 1.153e-4
0.413, 1.257e-4
0.414, 1.381e-4
0.415, 1.512e-4
0.416, 1.670e-4
0.417, 1.881e-4
0.418, 2.130e-4
0.419, 2.418e-4
0.420, 2.756e-4
0.421, 3.166e-4
0.422, 3.649e-4
0.423, 4.216e-4
0.424, 4.895e-4
0.425, 5.674e-4
0.426, 6.584e-4
0.427, 7.613e-4
0.428, 8.797e-4
0.429, 1.014e-3
0.430, 1.164e-3
0.431, 1.317e-3
0.432, 1.477e-3
0.433, 1.634e-3
0.434, 1.789e-3
0.435, 1.946e-3
0.436, 2.101e-3
0.437, 2.248e-3
0.438, 2.399e-3
0.439, 2.537e-3
0.440, 2.673e-3
0.441, 2.794e-3
0.442, 2.905e-3
0.443, 3.000e-3
0.444, 3.079e-3
0.445, 3.134e-3
0.446, 3.171e-3
0.447, 3.185e-3
0.448, 3.175e-3
0.449, 3.140e-3
0.450, 3.085e-3
0.451, 3.000e-3
0.452, 2.897e-3
0.453, 2.768e-3
0.454, 2.631e-3
0.455, 2.470e-3
0.456, 2.314e-3
0.457, 2.156e-3
0.458, 1.993e-3
0.459, 1.841e-3
0.460, 1.696e-3
0.461, 1.565e-3
0.462, 1.445e-3
0.463, 1.334e-3
0.464, 1.237e-3
0.465, 1.152e-3
0.466, 1.075e-3
0.467, 1.007e-3
0.468, 9.482e-4
0.469, 8.950e-4
0.470, 8.483e-4
0.471, 8.041e-4
0.472, 7.675e-4
0.473, 7.337e-4
0.474, 7.009e-4
0.475, 6.734e-4
0.476, 6.490e-4
0.477, 6.256e-4
0.478, 6.034e-4
0.479, 5.837e-4
0.480, 5.655e-4
0.481, 5.481e-4
0.482, 5.316e-4
0.483, 5.177e-4
0.484, 5.039e-4
0.485, 4.897e-4
0.486, 4.786e-4
0.487, 4.661e-4
0.488, 4.554e-4
0.489, 4.453e-4
0.490, 4.352e-4
0.491, 4.255e-4
0.492, 4.179e-4
0.493, 4.089e-4
0.494, 4.010e-4
0.495, 3.936e-4
0.496, 3.860e-4
0.497, 3.804e-4
0.498, 3.732e-4
0.499, 3.658e-4
0.500, 3.597e-4
0.501, 3.551e-4
0.502, 3.501e-4
0.503, 3.437e-4
0.504, 3.373e-4
0.505, 3.332e-4
0.506, 3.276e-4
0.507, 3.234e-4
0.508, 3.203e-4
0.509, 3.149e-4
0.510, 3.108e-4
0.511, 3.070e-4
0.512, 3.061e-4
0.513, 3.015e-4
0.514, 2.957e-4
0.515, 2.918e-4
0.516, 2.888e-4
0.517, 2.843e-4
0.518, 2.821e-4
0.519, 2.785e-4
0.520, 2.750e-4
0.521, 2.721e-4
0.522, 2.670e-4
0.523, 2.647e-4
0.524, 2.627e-4
0.525, 2.583e-4
0.526, 2.570e-4
0.527, 2.536e-4
0.528, 2.513e-4
0.529, 2.486e-4
0.530, 2.455e-4
0.531, 2.442e-4
0.532, 2.414e-4
0.533, 2.387e-4
0.534, 2.373e-4
0.535, 2.339e-4
0.536, 2.319e-4
0.537, 2.306e-4
0.538, 2.284e-4
0.539, 2.260e-4
0.540, 2.242e-4
0.541, 2.217e-4
0.542, 2.205e-4
0.543, 2.191e-4
0.544, 2.171e-4
0.545, 2.154e-4
0.546, 2.143e-4
0.547, 2.120e-4
0.548, 2.112e-4
0.549, 2.092e-4
0.550, 2.079e-4
0.551, 2.057e-4
0.552, 2.050e-4
0.553, 2.039e-4
0.554, 2.024e-4
0.555, 2.016e-4
0.556, 2.019e-4
0.557, 1.997e-4
0.558, 1.989e-4
0.559, 1.977e-4
0.560, 1.966e-4
0.561, 1.978e-4
0.562, 1.965e-4
0.563, 1.966e-4
0.564, 1.960e-4
0.565, 1.948e-4
0.566, 1.955e-4
0.567, 1.948e-4
0.568, 1.946e-4
0.569, 1.961e-4
0.570, 1.940e-4
0.571, 1.945e-4
0.572, 1.956e-4
0.573, 1.958e-4
0.574, 1.965e-4
0.575, 1.970e-4
0.576, 1.967e-4
0.577, 1.986e-4
0.578, 1.996e-4
0.579, 2.013e-4
0.580, 2.023e-4
0.581, 2.028e-4
0.582, 2.046e-4
0.583, 2.064e-4
0.584, 2.083e-4
0.585, 2.113e-4
0.586, 2.130e-4
0.587, 2.160e-4
0.588, 2.187e-4
0.589, 2.214e-4
0.590, 2.244e-4
0.591, 2.283e-4
0.592, 2.309e-4
0.593, 2.347e-4
0.594, 2.385e-4
0.595, 2.431e-4
0.596, 2.481e-4
0.597, 2.514e-4
0.598, 2.583e-4
0.599, 2.638e-4
0.600, 2.686e-4
0.601, 2.749e-4
0.602, 2.793e-4
0.603, 2.885e-4
0.604, 2.954e-4
0.605, 3.029e-4
0.606, 3.100e-4
0.607, 3.186e-4
0.608, 3.274e-4
0.609, 3.367e-4
0.610, 3.466e-4
0.611, 3.577e-4
0.612, 3.682e-4
0.613, 3.805e-4
0.614, 3.915e-4
0.615, 4.035e-4
0.616, 4.170e-4
0.617, 4.323e-4
0.618, 4.475e-4
0.619, 4.631e-4
0.620, 4.802e-4
0.621, 4.977e-4
0.622, 5.160e-4
0.623, 5.344e-4
0.624, 5.543e-4
0.625, 5.761e-4
0.626, 5.980e-4
0.627, 6.214e-4
0.628, 6.436e-4
0.629, 6.677e-4
0.630, 6.941e-4
0.631, 7.211e-4
0.632, 7.485e-4
0.633, 7.761e-4
0.634, 8.061e-4
0.635, 8.382e-4
0.636, 8.733e-4
0.637, 9.067e-4
0.638, 9.406e-4
0.639, 9.777e-4
0.640, 1.016e-3
0.641, 1.056e-3
0.642, 1.099e-3
0.643, 1.141e-3
0.644, 1.185e-3
0.645, 1.229e-3
0.646, 1.275e-3
0.647, 1.324e-3
0.648, 1.377e-3
0.649, 1.428e-3
0.650, 1.481e-3
0.651, 1.538e-3
0.652, 1.597e-3
0.653, 1.655e-3
0.654, 1.714e-3
0.655, 1.776e-3
0.656, 1.842e-3
0.657, 1.909e-3
0.658, 1.977e-3
0.659, 2.048e-3
0.660, 2.120e-3
0.661, 2.194e-3
0.662, 2.264e-3
0.663, 2.346e-3
0.664, 2.429e-3
0.665, 2.508e-3
0.666, 2.594e-3
0.667, 2.679e-3
0.668, 2.764e-3
0.669, 2.856e-3
0.670, 2.948e-3
0.671, 3.043e-3
0.672, 3.140e-3
0.673, 3.235e-3
0.674, 3.337e-3
0.675, 3.440e-3
0.676, 3.543e-3
0.677, 3.649e-3
0.678, 3.754e-3
0.679, 3.864e-3
0.680, 3.978e-3
0.681, 4.092e-3
0.682, 4.207e-3
0.683, 4.326e-3
0.684, 4.446e-3
0.685, 4.567e-3
0.686, 4.686e-3
0.687, 4.811e-3
0.688, 4.938e-3
0.689, 5.067e-3
0.690, 5.195e-3
0.691, 5.329e-3
0.692, 5.467e-3
0.693, 5.603e-3
0.694, 5.741e-3
0.695, 5.880e-3
0.696, 6.021e-3
0.697, 6.159e-3
0.698, 6.308e-3
0.699, 6.456e-3
0.700, 6.603e-3
0.701, 6.755e-3
0.702, 6.911e-3
0.703, 7.069e-3
0.704, 7.224e-3
0.705, 7.378e-3
0.706, 7.538e-3
0.707, 7.699e-3
0.708, 7.863e-3
0.709, 8.026e-3
0.710, 8.194e-3
0.711, 8.364e-3
0.712, 8.539e-3
0.713, 8.713e-3
0.714, 8.889e-3
0.715, 9.066e-3
0.716, 9.239e-3
0.717, 9.420e-3
0.718, 9.600e-3
0.719, 9.779e-3
0.720, 9.959e-3
0.721, 1.014e-2
0.722, 1.032e-2
0.723, 1.050e-2
0.724, 1.070e-2
0.725, 1.088e-2
0.726, 1.107e-2
0.727, 1.127e-2
0.728, 1.146e-2
0.729, 1.166e-2
0.730, 1.185e-2
0.731, 1.205e-2
0.732, 1.225e-2
0.733, 1.244e-2
0.734, 1.264e-2
0.735, 1.285e-2
0.736, 1.305e-2
0.737, 1.326e-2
0.738, 1.346e-2
0.739, 1.367e-2
0.740, 1.388e-2
0.741, 1.409e-2
0.742, 1.430e-2
0.743, 1.451e-2
0.744, 1.473e-2
0.745, 1.494e-2
0.746, 1.517e-2
0.747, 1.539e-2
0.748, 1.561e-2
0.749, 1.583e-2
0.750, 1.605e-2
0.751, 1.626e-2
0.752, 1.648e-2
0.753, 1.670e-2
0.754, 1.693e-2
0.755, 1.717e-2
0.756, 1.740e-2
0.757, 1.763e-2
0.758, 1.787e-2
0.759, 1.810e-2
0.760, 1.834e-2
0.761, 1.857e-2
0.762, 1.881e-2
0.763, 1.903e-2
0.764, 1.926e-2
0.765, 1.949e-2
0.766, 1.974e-2
0.767, 1.998e-2
0.768, 2.022e-2
0.769, 2.046e-2
0.770, 2.070e-2
0.771, 2.094e-2
0.772, 2.117e-2
0.773, 2.141e-2
0.774, 2.166e-2
0.775, 2.190e-2
0.776, 2.214e-2
0.777, 2.240e-2
0.778, 2.266e-2
0.779, 2.291e-2
0.780, 2.316e-2
0.781, 2.341e-2
0.782, 2.366e-2
0.783, 2.391e-2
0.784, 2.416e-2
0.785, 2.442e-2
0.786, 2.467e-2
0.787, 2.491e-2
0.788, 2.516e-2
0.789, 2.541e-2
0.790, 2.566e-2
0.791, 2.591e-2
0.792, 2.616e-2
0.793, 2.640e-2
0.794, 2.667e-2
0.795, 2.693e-2
0.796, 2.717e-2
0.797, 2.742e-2
0.798, 2.768e-2
0.799, 2.796e-2
0.800, 2.815e-2
0.799, 2.798e-2
0.798, 2.771e-2
0.797, 2.743e-2
0.796, 2.714e-2
0.795, 2.686e-2
0.794, 2.657e-2
0.793, 2.629e-2
0.792, 2.602e-2
0.791, 2.573e-2
0.790, 2.546e-2
0.789, 2.519e-2
0.788, 2.492e-2
0.787, 2.464e-2
0.786, 2.435e-2
0.785, 2.409e-2
0.784, 2.383e-2
0.783, 2.356e-2
0.782, 2.331e-2
0.781, 2.305e-2
0.780, 2.280e-2
0.779, 2.253e-2
0.778, 2.227e-2
0.777, 2.202e-2
0.776, 2.177e-2
0.775, 2.152e-2
0.774, 2.127e-2
0.773, 2.102e-2
0.772, 2.077e-2
0.771, 2.052e-2
0.770, 2.026e-2
0.769, 2.001e-2
0.768, 1.976e-2
0.767, 1.950e-2
0.766, 1.926e-2
0.765, 1.901e-2
0.764, 1.876e-2
0.763, 1.852e-2
0.762, 1.828e-2
0.761, 1.804e-2
0.760, 1.781e-2
0.759, 1.757e-2
0.758, 1.735e-2
0.757, 1.712e-2
0.756, 1.689e-2
0.755, 1.666e-2
0.754, 1.644e-2
0.753, 1.620e-2
0.752, 1.596e-2
0.751, 1.574e-2
0.750, 1.552e-2
0.749, 1.530e-2
0.748, 1.508e-2
0.747, 1.485e-2
0.746, 1.463e-2
0.745, 1.442e-2
0.744, 1.421e-2
0.743, 1.399e-2
0.742, 1.379e-2
0.741, 1.358e-2
0.740, 1.338e-2
0.739, 1.317e-2
0.738, 1.295e-2
0.737, 1.275e-2
0.736, 1.255e-2
0.735, 1.234e-2
0.734, 1.213e-2
0.733, 1.194e-2
0.732, 1.174e-2
0.731, 1.155e-2
0.730, 1.136e-2
0.729, 1.117e-2
0.728, 1.097e-2
0.727, 1.078e-2
0.726, 1.060e-2
0.725, 1.041e-2
0.724, 1.022e-2
0.723, 1.003e-2
0.722, 9.841e-3
0.721, 9.654e-3
0.720, 9.477e-3
0.719, 9.298e-3
0.718, 9.122e-3
0.717, 8.943e-3
0.716, 8.764e-3
0.715, 8.596e-3
0.714, 8.427e-3
0.713, 8.263e-3
0.712, 8.099e-3
0.711, 7.937e-3
0.710, 7.769e-3
0.709, 7.603e-3
0.708, 7.442e-3
0.707, 7.286e-3
0.706, 7.129e-3
0.705, 6.974e-3
0.704, 6.820e-3
0.703, 6.669e-3
0.702, 6.524e-3
0.701, 6.374e-3
0.700, 6.232e-3
0.699, 6.089e-3
0.698, 5.951e-3
0.697, 5.815e-3
0.696, 5.674e-3
0.695, 5.536e-3
0.694, 5.400e-3
0.693, 5.263e-3
0.692, 5.132e-3
0.691, 5.003e-3
0.690, 4.873e-3
0.689, 4.744e-3
0.688, 4.621e-3
0.687, 4.496e-3
0.686, 4.374e-3
0.685, 4.252e-3
0.684, 4.134e-3
0.683, 4.018e-3
0.682, 3.904e-3
0.681, 3.790e-3
0.680, 3.683e-3
0.679, 3.576e-3
0.678, 3.472e-3
0.677, 3.367e-3
0.676, 3.263e-3
0.675, 3.167e-3
0.674, 3.069e-3
0.673, 2.971e-3
0.672, 2.877e-3
0.671, 2.782e-3
0.670, 2.687e-3
0.669, 2.599e-3
0.668, 2.510e-3
0.667, 2.428e-3
0.666, 2.347e-3
0.665, 2.263e-3
0.664, 2.187e-3
0.663, 2.110e-3
0.662, 2.034e-3
0.661, 1.960e-3
0.660, 1.888e-3
0.659, 1.816e-3
0.658, 1.747e-3
0.657, 1.682e-3
0.656, 1.618e-3
0.655, 1.553e-3
0.654, 1.490e-3
0.653, 1.431e-3
0.652, 1.374e-3
0.651, 1.315e-3
0.650, 1.261e-3
0.649, 1.210e-3
0.648, 1.159e-3
0.647, 1.109e-3
0.646, 1.060e-3
0.645, 1.011e-3
0.644, 9.661e-4
0.643, 9.240e-4
0.642, 8.808e-4
0.641, 8.393e-4
0.640, 7.984e-4
0.639, 7.615e-4
0.638, 7.250e-4
0.637, 6.885e-4
0.636, 6.540e-4
0.635, 6.219e-4
0.634, 5.894e-4
0.633, 5.578e-4
0.632, 5.278e-4
0.631, 4.995e-4
0.630, 4.725e-4
0.629, 4.451e-4
0.628, 4.194e-4
0.627, 3.970e-4
0.626, 3.737e-4
0.625, 3.507e-4
0.624, 3.306e-4
0.623, 3.101e-4
0.622, 2.914e-4
0.621, 2.736e-4
0.620, 2.557e-4
0.619, 2.388e-4
0.618, 2.223e-4
0.617, 2.059e-4
0.616, 1.907e-4
0.615, 1.757e-4
0.614, 1.646e-4
0.613, 1.498e-4
0.612, 1.358e-4
0.611, 1.242e-4
0.610, 1.121e-4
0.609, 1.003e-4
0.608, 8.934e-5
0.607, 8.006e-5
0.606, 6.952e-5
0.605, 6.073e-5
0.604, 5.155e-5
0.603, 4.316e-5
0.602, 3.642e-5
0.601, 2.851e-5
0.600, 2.168e-5
0.599, 1.396e-5
0.598, 8.006e-6
0.597, 1.660e-6
0.596, -5.565e-6
0.595, -1.191e-5
0.594, -1.689e-5
0.593, -2.109e-5
0.592, -2.626e-5
0.591, -3.183e-5
0.590, -3.642e-5
0.589, -4.052e-5
0.588, -4.443e-5
0.587, -4.755e-5
0.586, -5.185e-5
0.585, -5.565e-5
0.584, -5.888e-5
0.583, -6.200e-5
0.582, -6.532e-5
0.581, -6.796e-5
0.580, -7.098e-5
0.579, -7.381e-5
0.578, -7.733e-5
0.577, -7.938e-5
0.576, -8.104e-5
0.575, -8.358e-5
0.574, -8.602e-5
0.573, -8.778e-5
0.572, -9.041e-5
0.571, -9.276e-5
0.570, -9.598e-5
0.569, -9.705e-5
0.568, -9.861e-5
0.567, -1.009e-4
0.566, -1.022e-4
0.565, -1.039e-4
0.564, -1.059e-4
0.563, -1.082e-4
0.562, -1.095e-4
0.561, -1.109e-4
0.560, -1.119e-4
0.559, -1.151e-4
0.558, -1.159e-4
0.557, -1.176e-4
0.556, -1.201e-4
0.555, -1.207e-4
0.554, -1.221e-4
0.553, -1.230e-4
0.552, -1.240e-4
0.551, -1.257e-4
0.550, -1.260e-4
0.549, -1.290e-4
0.548, -1.301e-4
0.547, -1.317e-4
0.546, -1.327e-4
0.545, -1.345e-4
0.544, -1.350e-4
0.543, -1.373e-4
0.542, -1.384e-4
0.541, -1.392e-4
0.540, -1.404e-4
0.539, -1.412e-4
0.538, -1.436e-4
0.537, -1.448e-4
0.536, -1.453e-4
0.535, -1.472e-4
0.534, -1.481e-4
0.533, -1.492e-4
0.532, -1.515e-4
0.531, -1.515e-4
0.530, -1.530e-4
0.529, -1.542e-4
0.528, -1.543e-4
0.527, -1.558e-4
0.526, -1.575e-4
0.525, -1.588e-4
0.524, -1.597e-4
0.523, -1.612e-4
0.522, -1.619e-4
0.521, -1.641e-4
0.520, -1.658e-4
0.519, -1.665e-4
0.518, -1.669e-4
0.517, -1.690e-4
0.516, -1.703e-4
0.515, -1.703e-4
0.514, -1.718e-4
0.513, -1.740e-4
0.512, -1.791e-4
0.511, -1.776e-4
0.510, -1.776e-4
0.509, -1.795e-4
0.508, -1.810e-4
0.507, -1.804e-4
0.506, -1.819e-4
0.505, -1.839e-4
0.504, -1.845e-4
0.503, -1.864e-4
0.502, -1.860e-4
0.501, -1.887e-4
0.500, -1.909e-4
0.499, -1.898e-4
0.498, -1.924e-4
0.497, -1.933e-4
0.496, -1.947e-4
0.495, -1.963e-4
0.494, -1.967e-4
0.493, -1.983e-4
0.492, -2.002e-4
0.491, -2.021e-4
0.490, -2.033e-4
0.489, -2.048e-4
0.488, -2.068e-4
0.487, -2.080e-4
0.486, -2.095e-4
0.485, -2.099e-4
0.484, -2.130e-4
0.483, -2.129e-4
0.482, -2.155e-4
0.481, -2.165e-4
0.480, -2.183e-4
0.479, -2.208e-4
0.478, -2.230e-4
0.477, -2.247e-4
0.476, -2.266e-4
0.475, -2.284e-4
0.474, -2.312e-4
0.473, -2.319e-4
0.472, -2.357e-4
0.471, -2.376e-4
0.470, -2.398e-4
0.469, -2.436e-4
0.468, -2.454e-4
0.467, -2.484e-4
0.466, -2.510e-4
0.465, -2.542e-4
0.464, -2.569e-4
0.463, -2.612e-4
0.462, -2.636e-4
0.461, -2.682e-4
0.460, -2.725e-4
0.459, -2.744e-4
0.458, -2.786e-4
0.457, -2.835e-4
0.456, -2.880e-4
0.455, -2.914e-4
0.454, -2.962e-4
0.453, -3.014e-4
0.452, -3.067e-4
0.451, -3.117e-4
0.450, -3.160e-4
0.449, -3.228e-4
0.448, -3.268e-4
0.447, -3.340e-4
0.446, -3.404e-4
0.445, -3.464e-4
0.444, -3.544e-4
0.443, -3.613e-4
0.442, -3.688e-4
0.441, -3.766e-4
0.440, -3.832e-4
0.439, -3.915e-4
0.438, -3.992e-4
0.437, -4.081e-4
0.436, -4.167e-4
0.435, -4.266e-4
0.434, -4.354e-4
0.433, -4.431e-4
0.432, -4.526e-4
0.431, -4.624e-4
0.430, -4.723e-4
0.429, -4.832e-4
0.428, -4.935e-4
0.427, -5.038e-4
0.426, -5.175e-4
0.425, -5.288e-4
0.424, -5.410e-4
0.423, -5.552e-4
0.422, -5.652e-4
0.421, -5.816e-4
0.420, -5.991e-4
0.419, -6.143e-4
0.418, -6.333e-4
0.417, -6.496e-4
0.416, -6.655e-4
0.415, -6.834e-4
0.414, -7.009e-4
0.413, -7.214e-4
0.412, -7.411e-4
0.411, -7.627e-4
0.410, -7.733e-4
0.409, -7.707e-4
0.408, -8.081e-4
0.407, -8.399e-4
0.406, -8.696e-4
0.405, -9.010e-4
0.404, -9.317e-4
0.403, -9.653e-4
0.402, -9.982e-4
0.401, -1.032e-3
0.400, -1.067e-3
0.399, -1.106e-3
0.398, -1.146e-3
0.397, -1.186e-3
0.396, -1.226e-3
0.395, -1.270e-3
0.394, -1.318e-3
0.393, -1.368e-3
0.392, -1.417e-3
0.391, -1.468e-3
0.390, -1.522e-3
0.389, -1.576e-3
0.388, -1.633e-3
0.387, -1.689e-3
0.386, -1.743e-3
0.385, -1.798e-3
0.384, -1.856e-3
0.383, -1.912e-3
0.382, -1.964e-3
0.381, -2.013e-3
0.380, -2.059e-3
0.379, -2.105e-3
0.378, -2.144e-3
0.377, -2.177e-3
0.376, -2.205e-3
0.375, -2.223e-3
0.374, -2.236e-3
0.373, -2.240e-3
0.372, -2.236e-3
0.371, -2.219e-3
0.370, -2.194e-3
0.369, -2.158e-3
0.368, -2.107e-3
0.367, -2.039e-3
0.366, -1.964e-3
0.365, -1.874e-3
0.364, -1.769e-3
0.363, -1.656e-3
0.362, -1.531e-3
0.361, -1.399e-3
0.360, -1.266e-3
0.359, -1.141e-3
0.358, -1.018e-3
0.357, -9.087e-4
0.356, -8.092e-4
0.355, -7.225e-4
0.354, -6.510e-4
0.353, -5.869e-4
0.352, -5.330e-4
0.351, -4.898e-4
0.350, -4.499e-4
0.349, -4.179e-4
0.348, -3.911e-4
0.347, -3.658e-4
0.346, -3.447e-4
0.345, -3.259e-4
0.344, -3.099e-4
0.343, -2.960e-4
0.342, -2.836e-4
0.341, -2.734e-4
0.340, -2.630e-4
0.339, -2.542e-4
0.338, -2.465e-4
0.337, -2.379e-4
0.336, -2.307e-4
0.335, -2.251e-4
0.334, -2.189e-4
0.333, -2.137e-4
0.332, -2.091e-4
0.331, -2.042e-4
0.330, -1.996e-4
0.329, -1.957e-4
0.328, -1.918e-4
0.327, -1.876e-4
0.326, -1.838e-4
0.325, -1.811e-4
0.324, -1.773e-4
0.323, -1.737e-4
0.322, -1.706e-4
0.321, -1.685e-4
0.320, -1.654e-4
0.319, -1.632e-4
0.318, -1.612e-4
0.317, -1.579e-4
0.316, -1.555e-4
0.315, -1.526e-4
0.314, -1.509e-4
0.313, -1.481e-4
0.312, -1.466e-4
0.311, -1.450e-4
0.310, -1.417e-4
0.309, -1.403e-4
0.308, -1.389e-4
0.307, -1.378e-4
0.306, -1.355e-4
0.305, -1.332e-4
0.304, -1.317e-4
0.303, -1.295e-4
0.302, -1.273e-4
0.301, -1.265e-4
0.300, -1.242e-4
0.299, -1.232e-4
0.298, -1.219e-4
0.297, -1.203e-4
0.296, -1.192e-4
0.295, -1.182e-4
0.294, -1.159e-4
0.293, -1.149e-4
0.292, -1.136e-4
0.291, -1.120e-4
0.290, -1.115e-4
0.289, -1.093e-4
0.288, -1.083e-4
0.287, -1.070e-4
0.286, -1.062e-4
0.285, -1.052e-4
0.284, -1.038e-4
0.283, -1.028e-4
0.282, -1.020e-4
0.281, -1.013e-4
0.280, -1.002e-4
0.279, -9.910e-5
0.278, -9.803e-5
0.277, -9.676e-5
0.276, -9.569e-5
0.275, -9.471e-5
0.274, -9.490e-5
0.273, -9.315e-5
0.272, -9.237e-5
0.271, -9.207e-5
0.270, -9.061e-5
0.269, -8.953e-5
0.268, -8.934e-5
0.267, -8.895e-5
0.266, -8.739e-5
0.265, -8.709e-5
0.264, -8.660e-5
0.263, -8.543e-5
0.262, -8.455e-5
0.261, -8.368e-5
0.260, -8.358e-5
0.259, -8.299e-5
0.258, -8.270e-5
0.257, -8.202e-5
0.256, -8.055e-5
0.255, -7.957e-5
0.254, -7.997e-5
0.253, -7.918e-5
0.252, -7.811e-5
0.251, -7.801e-5
0.250, -7.752e-5
0.249, -7.733e-5
0.248, -7.547e-5
0.247, -7.567e-5
0.246, -7.528e-5
0.245, -7.528e-5
0.244, -7.411e-5
0.243, -7.254e-5
0.242, -7.294e-5
0.241, -7.303e-5
0.240, -7.235e-5
0.239, -7.176e-5
0.238, -7.147e-5
0.237, -7.098e-5
0.236, -7.089e-5
0.235, -7.059e-5
0.234, -6.971e-5
0.233, -7.010e-5
0.232, -6.962e-5
0.231, -6.942e-5
0.230, -6.844e-5
0.229, -6.815e-5
0.228, -6.757e-5
0.227, -6.747e-5
0.226, -6.659e-5
0.225, -6.688e-5
0.224, -6.561e-5
0.223, -6.532e-5
0.222, -6.561e-5
0.221, -6.610e-5
0.220, -6.610e-5
0.219, -6.522e-5
0.218, -6.444e-5
0.217, -6.386e-5
0.216, -6.327e-5
0.215, -6.337e-5
0.214, -6.278e-5
0.213, -6.346e-5
0.212, -6.307e-5
0.211, -6.229e-5
0.210, -6.229e-5
0.209, -6.229e-5
0.208, -6.200e-5
0.207, -6.171e-5
0.206, -6.102e-5
0.205, -6.063e-5
0.204, -6.054e-5
0.203, -6.073e-5
0.202, -6.014e-5
0.201, -5.975e-5
0.200, -5.985e-5
0.199, -5.956e-5
0.198, -5.936e-5
0.197, -5.936e-5
0.196, -5.936e-5
0.195, -5.917e-5
0.194, -5.868e-5
0.193, -5.868e-5
0.192, -5.770e-5
0.191, -5.819e-5
0.190, -5.809e-5
0.189, -5.809e-5
0.188, -5.819e-5
0.187, -5.800e-5
0.186, -5.780e-5
0.185, -5.790e-5
0.184, -5.722e-5
0.183, -5.683e-5
0.182, -5.683e-5
0.181, -5.683e-5
0.180, -5.614e-5
0.179, -5.556e-5
0.178, -5.585e-5
0.177, -5.634e-5
0.176, -5.507e-5
0.175, -5.565e-5
0.174, -5.595e-5
0.173, -5.624e-5
0.172, -5.604e-5
0.171, -5.546e-5
0.170, -5.429e-5
0.169, -5.497e-5
0.168, -5.536e-5
0.167, -5.477e-5
0.166, -5.507e-5
0.165, -5.507e-5
0.164, -5.487e-5
0.163, -5.429e-5
0.162, -5.438e-5
0.161, -5.399e-5
0.160, -5.380e-5
0.159, -5.429e-5
0.158, -5.380e-5
0.157, -5.380e-5
0.156, -5.263e-5
0.155, -5.390e-5
0.154, -5.380e-5
0.153, -5.370e-5
0.152, -5.302e-5
0.151, -5.263e-5
0.150, -5.292e-5
0.149, -5.263e-5
0.148, -5.224e-5
0.147, -5.243e-5
0.146, -5.185e-5
0.145, -5.331e-5
0.144, -5.302e-5
0.143, -5.233e-5
0.142, -5.272e-5
0.141, -5.282e-5
0.140, -5.224e-5
0.139, -5.204e-5
0.138, -5.204e-5
0.137, -5.263e-5
0.136, -5.253e-5
0.135, -5.272e-5
0.134, -5.185e-5
0.133, -5.253e-5
0.132, -5.214e-5
0.131, -5.165e-5
0.130, -5.233e-5
0.129, -5.204e-5
0.128, -5.116e-5
0.127, -5.146e-5
0.126, -5.175e-5
0.125, -5.106e-5
0.124, -5.136e-5
0.123, -5.224e-5
0.122, -5.155e-5
0.121, -5.146e-5
0.120, -5.175e-5
0.119, -5.165e-5
0.118, -5.097e-5
0.117, -5.067e-5
0.116, -5.028e-5
0.115, -5.106e-5
0.114, -5.204e-5
0.113, -5.097e-5
0.112, -5.058e-5
0.111, -5.048e-5
0.110, -5.136e-5
0.109, -5.038e-5
0.108, -4.989e-5
0.107, -4.960e-5
0.106, -5.067e-5
0.105, -4.970e-5
0.104, -4.950e-5
0.103, -5.048e-5
0.102, -5.048e-5
0.101, -4.989e-5
0.100, -4.931e-5
0.099, -4.931e-5
0.098, -4.940e-5
0.097, -5.019e-5
0.096, -4.921e-5
0.095, -4.931e-5
0.094, -4.931e-5
0.093, -4.980e-5
0.092, -4.960e-5
0.091, -4.872e-5
0.090, -4.911e-5
0.089, -4.892e-5
0.088, -4.931e-5
0.087, -4.823e-5
0.086, -4.882e-5
0.085, -4.931e-5
0.084, -4.872e-5
0.083, -4.882e-5
0.082, -4.862e-5
0.081, -4.882e-5
0.080, -4.892e-5
0.079, -4.892e-5
0.078, -4.882e-5
0.077, -4.823e-5
0.076, -4.804e-5
0.075, -4.833e-5
0.074, -4.853e-5
0.073, -4.892e-5
0.072, -4.794e-5
0.071, -4.784e-5
0.070, -4.794e-5
0.069, -4.814e-5
0.068, -4.745e-5
0.067, -4.696e-5
0.066, -4.745e-5
0.065, -4.882e-5
0.064, -4.774e-5
0.063, -4.765e-5
0.062, -4.726e-5
0.061, -4.745e-5
0.060, -4.667e-5
0.059, -4.677e-5
0.058, -4.667e-5
0.057, -4.706e-5
0.056, -4.648e-5
0.055, -4.648e-5
0.054, -4.638e-5
0.053, -4.648e-5
0.052, -4.706e-5
0.051, -4.628e-5
0.050, -4.638e-5
0.049, -4.667e-5
0.048, -4.696e-5
0.047, -4.618e-5
0.046, -4.569e-5
0.045, -4.677e-5
0.044, -4.609e-5
0.043, -4.540e-5
0.042, -4.579e-5
0.041, -4.648e-5
0.040, -4.530e-5
0.039, -4.511e-5
0.038, -4.560e-5
0.037, -4.530e-5
0.036, -4.540e-5
0.035, -4.511e-5
0.034, -4.530e-5
0.033, -4.550e-5
0.032, -4.550e-5
0.031, -4.452e-5
0.030, -4.482e-5
0.029, -4.521e-5
0.028, -4.482e-5
0.027, -4.472e-5
0.026, -4.472e-5
0.025, -4.443e-5
0.024, -4.482e-5
0.023, -4.443e-5
0.022, -4.452e-5
0.021, -4.511e-5
0.020, -4.501e-5
0.019, -4.423e-5
0.018, -4.423e-5
0.017, -4.423e-5
0.016, -4.364e-5
0.015, -4.345e-5
0.014, -4.413e-5
0.013, -4.394e-5
0.012, -4.374e-5
0.011, -4.325e-5
0.010, -4.364e-5
0.009, -4.335e-5
0.008, -4.316e-5
0.007, -4.325e-5
0.006, -4.316e-5
0.005, -4.364e-5
0.004, -4.325e-5
0.003, -4.306e-5
0.002, -4.355e-5
0.001, -4.403e-5
0.000, -3.749e-5
0.001, -2.695e-5
0.002, -2.460e-5
0.003, -2.343e-5
0.004, -2.187e-5
0.005, -2.089e-5
0.006, -1.982e-5
0.007, -1.953e-5
0.008, -1.836e-5
0.009, -1.797e-5
0.010, -1.709e-5
0.011, -1.631e-5
0.012, -1.552e-5
0.013, -1.591e-5
0.014, -1.562e-5
0.015, -1.455e-5
0.016, -1.474e-5
0.017, -1.386e-5
0.018, -1.347e-5
0.019, -1.318e-5
0.020, -1.328e-5
0.021, -1.260e-5
0.022, -1.230e-5
0.023, -1.260e-5
0.024, -1.220e-5
0.025, -1.152e-5
0.026, -1.162e-5
0.027, -1.094e-5
0.028, -1.045e-5
0.029, -1.084e-5
0.030, -1.103e-5
0.031, -1.025e-5
0.032, -9.666e-6
0.033, -9.373e-6
0.034, -1.006e-5
0.035, -9.666e-6
0.036, -8.494e-6
0.037, -8.299e-6
0.038, -9.666e-6
0.039, -8.983e-6
0.040, -8.299e-6
0.041, -7.811e-6
0.042, -8.104e-6
0.043, -7.030e-6
0.044, -7.616e-6
0.045, -7.616e-6
0.046, -7.518e-6
0.047, -7.518e-6
0.048, -6.542e-6
0.049, -6.639e-6
0.050, -6.249e-6
0.051, -6.054e-6
0.052, -6.835e-6
0.053, -7.420e-6
0.054, -7.616e-6
0.055, -6.444e-6
0.056, -6.346e-6
0.057, -7.128e-6
0.058, -7.128e-6
0.059, -5.956e-6
0.060, -6.444e-6
0.061, -5.565e-6
0.062, -6.151e-6
0.063, -5.761e-6
0.064, -5.858e-6
0.065, -5.565e-6
0.066, -4.784e-6
0.067, -4.687e-6
0.068, -5.077e-6
0.069, -5.370e-6
0.070, -4.980e-6
0.071, -4.882e-6
0.072, -4.980e-6
0.073, -4.491e-6
0.074, -4.003e-6
0.075, -4.394e-6
0.076, -3.710e-6
0.077, -3.417e-6
0.078, -3.417e-6
0.079, -4.687e-6
0.080, -4.687e-6
0.081, -4.003e-6
0.082, -3.710e-6
0.083, -3.906e-6
0.084, -3.808e-6
0.085, -3.613e-6
0.086, -3.613e-6
0.087, -3.417e-6
0.088, -4.003e-6
0.089, -3.515e-6
0.090, -3.417e-6
0.091, -2.734e-6
0.092, -2.929e-6
0.093, -2.343e-6
0.094, -2.636e-6
0.095, -2.441e-6
0.096, -2.832e-6
0.097, -2.441e-6
0.098, -2.343e-6
0.099, -2.832e-6
0.100, -2.929e-6
0.101, -2.343e-6
0.102, -1.757e-6
0.103, -1.562e-6
0.104, -2.539e-6
0.105, -1.953e-6
0.106, -1.562e-6
0.107, -2.343e-6
0.108, -1.465e-6
0.109, -1.562e-6
0.110, -9.764e-7
0.111, -9.764e-7
0.112, -1.562e-6
0.113, -1.074e-6
0.114, -1.367e-6
0.115, -1.269e-6
0.116, -1.074e-6
0.117, -4.882e-7
0.118, -5.858e-7
0.119, -1.465e-6
0.120, -1.269e-6
0.121, -9.764e-8
0.122, -1.074e-6
0.123, -3.906e-7
0.124, -3.906e-7
0.125, -7.811e-7
0.126, -4.283e-12
0.127, -6.835e-7
0.128, -9.764e-7
0.129, 1.953e-7
0.130, 3.905e-7
0.131, 6.835e-7
0.132, 2.929e-7
0.133, 1.953e-7
0.134, 4.882e-7
0.135, -1.953e-7
0.136, -9.764e-8
0.137, 1.953e-7
0.138, 2.929e-7
0.139, 4.882e-7
0.140, 4.882e-7
0.141, 5.858e-7
0.142, 5.858e-7
0.143, 1.367e-6
0.144, 9.763e-8
0.145, 9.763e-8
0.146, 9.764e-7
0.147, 8.787e-7
0.148, 1.172e-6
0.149, 1.953e-6
0.150, 9.764e-7
0.151, 1.269e-6
0.152, 2.246e-6
0.153, 1.757e-6
0.154, 1.855e-6
0.155, 1.172e-6
0.156, 1.074e-6
0.157, 1.660e-6
0.158, 2.148e-6
0.159, 1.562e-6
0.160, 2.050e-6
0.161, 1.660e-6
0.162, 2.148e-6
0.163, 3.027e-6
0.164, 2.734e-6
0.165, 2.929e-6
0.166, 3.515e-6
0.167, 2.831e-6
0.168, 3.027e-6
0.169, 3.027e-6
0.170, 2.734e-6
0.171, 2.343e-6
0.172, 2.148e-6
0.173, 2.929e-6
0.174, 3.808e-6
0.175, 2.539e-6
0.176, 3.027e-6
0.177, 3.320e-6
0.178, 3.027e-6
0.179, 2.441e-6
0.180, 3.515e-6
0.181, 3.027e-6
0.182, 3.417e-6
0.183, 4.003e-6
0.184, 3.710e-6
0.185, 4.296e-6
0.186, 3.710e-6
0.187, 3.906e-6
0.188, 4.003e-6
0.189, 4.101e-6
0.190, 4.589e-6
0.191, 3.613e-6
0.192, 3.417e-6
0.193, 4.491e-6
0.194, 4.296e-6
0.195, 3.710e-6
0.196, 4.491e-6
0.197, 4.101e-6
0.198, 3.906e-6
0.199, 5.175e-6
0.200, 4.882e-6
0.201, 5.077e-6
0.202, 5.077e-6
0.203, 5.272e-6
0.204, 5.272e-6
0.205, 4.589e-6
0.206, 5.175e-6
0.207, 5.272e-6
0.208, 5.468e-6
0.209, 6.151e-6
0.210, 6.151e-6
0.211, 5.761e-6
0.212, 5.956e-6
0.213, 6.639e-6
0.214, 5.761e-6
0.215, 6.151e-6
0.216, 6.737e-6
0.217, 7.128e-6
0.218, 6.249e-6
0.219, 6.639e-6
0.220, 6.639e-6
0.221, 6.249e-6
0.222, 6.737e-6
0.223, 7.811e-6
0.224, 7.616e-6
0.225, 7.909e-6
0.226, 7.420e-6
0.227, 7.323e-6
0.228, 8.104e-6
0.229, 7.616e-6
0.230, 8.104e-6
0.231, 8.592e-6
0.232, 8.592e-6
0.233, 8.885e-6
0.234, 8.885e-6
0.235, 8.787e-6
0.236, 8.885e-6
0.237, 8.397e-6
0.238, 9.276e-6
0.239, 9.276e-6
0.240, 9.959e-6
0.241, 9.569e-6
0.242, 1.006e-5
0.243, 9.764e-6
0.244, 9.666e-6
0.245, 1.064e-5
0.246, 1.015e-5
0.247, 1.133e-5
0.248, 1.133e-5
0.249, 1.094e-5
0.250, 1.142e-5
0.251, 1.181e-5
0.252, 1.181e-5
0.253, 1.230e-5
0.254, 1.279e-5
0.255, 1.260e-5
0.256, 1.279e-5
0.257, 1.269e-5
0.258, 1.230e-5
0.259, 1.269e-5
0.260, 1.396e-5
0.261, 1.338e-5
0.262, 1.338e-5
0.263, 1.396e-5
0.264, 1.396e-5
0.265, 1.426e-5
0.266, 1.426e-5
0.267, 1.523e-5
0.268, 1.601e-5
0.269, 1.552e-5
0.270, 1.533e-5
0.271, 1.513e-5
0.272, 1.562e-5
0.273, 1.601e-5
0.274, 1.699e-5
0.275, 1.748e-5
0.276, 1.679e-5
0.277, 1.777e-5
0.278, 1.738e-5
0.279, 1.777e-5
0.280, 1.767e-5
0.281, 1.787e-5
0.282, 1.875e-5
0.283, 1.855e-5
0.284, 1.963e-5
0.285, 1.914e-5
0.286, 1.992e-5
0.287, 1.923e-5
0.288, 2.002e-5
0.289, 2.011e-5
0.290, 2.041e-5
0.291, 2.080e-5
0.292, 2.129e-5
0.293, 2.168e-5
0.294, 2.119e-5
0.295, 2.226e-5
0.296, 2.207e-5
0.297, 2.236e-5
0.298, 2.285e-5
0.299, 2.324e-5
0.300, 2.294e-5
0.301, 2.324e-5
0.302, 2.343e-5
0.303, 2.392e-5
0.304, 2.343e-5
0.305, 2.548e-5
0.306, 2.460e-5
0.307, 2.587e-5
0.308, 2.568e-5
0.309, 2.558e-5
0.310, 2.636e-5
0.311, 2.705e-5
0.312, 2.666e-5
0.313, 2.773e-5
0.314, 2.792e-5
0.315, 2.792e-5
0.316, 2.831e-5
0.317, 2.783e-5
0.318, 2.822e-5
0.319, 2.841e-5
0.320, 2.880e-5
0.321, 2.880e-5
0.322, 2.919e-5
0.323, 2.978e-5
0.324, 3.046e-5
0.325, 3.037e-5
0.326, 3.115e-5
0.327, 3.095e-5
0.328, 3.134e-5
0.329, 3.242e-5
0.330, 3.222e-5
0.331, 3.212e-5
0.332, 3.290e-5
0.333, 3.378e-5
0.334, 3.261e-5
0.335, 3.417e-5
0.336, 3.388e-5
0.337, 3.369e-5
0.338, 3.437e-5
0.339, 3.456e-5
0.340, 3.554e-5
0.341, 3.544e-5
0.342, 3.583e-5
0.343, 3.593e-5
0.344, 3.622e-5
0.345, 3.691e-5
0.346, 3.652e-5
0.347, 3.740e-5
0.348, 3.779e-5
0.349, 3.798e-5
0.350, 3.837e-5
0.351, 3.915e-5
0.352, 3.954e-5
0.353, 3.993e-5
0.354, 3.984e-5
0.355, 4.062e-5
0.356, 4.071e-5
0.357, 4.091e-5
0.358, 4.179e-5
0.359, 4.228e-5
0.360, 4.189e-5
0.361, 4.316e-5
0.362, 4.306e-5
0.363, 4.364e-5
0.364, 4.403e-5
0.365, 4.384e-5
0.366, 4.482e-5
0.367, 4.560e-5
0.368, 4.550e-5
0.369, 4.628e-5
0.370, 4.716e-5
0.371, 4.667e-5
0.372, 4.745e-5
0.373, 4.755e-5
0.374, 4.921e-5
0.375, 4.940e-5
0.376, 5.067e-5
0.377, 4.999e-5
0.378, 5.067e-5
0.379, 5.116e-5
0.380, 5.243e-5
0.381, 5.243e-5
0.382, 5.429e-5
0.383, 5.468e-5
0.384, 5.409e-5
0.385, 5.556e-5
0.386, 5.643e-5
0.387, 5.722e-5
0.388, 5.770e-5
0.389, 5.800e-5
0.390, 5.956e-5
0.391, 6.054e-5
0.392, 6.161e-5
0.393, 6.268e-5
0.394, 6.327e-5
0.395, 6.483e-5
0.396, 6.639e-5
0.397, 6.620e-5
0.398, 6.766e-5
0.399, 7.040e-5
0.400, 7.215e-5
0.401, 7.420e-5
0.402, 7.616e-5
0.403, 7.831e-5
0.404, 8.065e-5
0.405, 8.289e-5
0.406, 8.602e-5
0.407, 8.944e-5
0.408, 9.363e-5
0.409, 9.793e-5
0.410, 9.490e-5
0.411, 1.086e-4
0.412, 1.178e-4
0.413, 1.286e-4
0.414, 1.411e-4
0.415, 1.559e-4
0.416, 1.727e-4
0.417, 1.944e-4
0.418, 2.192e-4
0.419, 2.502e-4
0.420, 2.855e-4
0.421, 3.279e-4
0.422, 3.782e-4
0.423, 4.373e-4
0.424, 5.099e-4
0.425, 5.922e-4
0.426, 6.850e-4
0.427, 7.927e-4
0.428, 9.164e-4
0.429, 1.056e-3
0.430, 1.209e-3
0.431, 1.367e-3
0.432, 1.530e-3
0.433, 1.691e-3
0.434, 1.849e-3
0.435, 2.007e-3
0.436, 2.165e-3
0.437, 2.317e-3
0.438, 2.465e-3
0.439, 2.609e-3
0.440, 2.741e-3
0.441, 2.865e-3
0.442, 2.975e-3
0.443, 3.072e-3
0.444, 3.148e-3
0.445, 3.204e-3
0.446, 3.237e-3
0.447, 3.249e-3
0.448, 3.237e-3
0.449, 3.201e-3
0.450, 3.140e-3
0.451, 3.056e-3
0.452, 2.944e-3
0.453, 2.815e-3
0.454, 2.669e-3
0.455, 2.509e-3
0.456, 2.345e-3
0.457, 2.181e-3
0.458, 2.019e-3
0.459, 1.862e-3
0.460, 1.714e-3
0.461, 1.582e-3
0.462, 1.459e-3
0.463, 1.348e-3
0.464, 1.250e-3
0.465, 1.164e-3
0.466, 1.086e-3
0.467, 1.018e-3
0.468, 9.578e-4
0.469, 9.045e-4
0.470, 8.570e-4
0.471, 8.129e-4
0.472, 7.754e-4
0.473, 7.412e-4
0.474, 7.080e-4
0.475, 6.798e-4
0.476, 6.549e-4
0.477, 6.309e-4
0.478, 6.097e-4
0.479, 5.890e-4
0.480, 5.703e-4
0.481, 5.522e-4
0.482, 5.372e-4
0.483, 5.221e-4
0.484, 5.081e-4
0.485, 4.942e-4
0.486, 4.822e-4
0.487, 4.711e-4
0.488, 4.592e-4
0.489, 4.488e-4
0.490, 4.382e-4
0.491, 4.288e-4
0.492, 4.214e-4
0.493, 4.124e-4
0.494, 4.036e-4
0.495, 3.965e-4
0.496, 3.894e-4
0.497, 3.816e-4
0.498, 3.742e-4
0.499, 3.675e-4
0.500, 3.619e-4
0.501, 3.562e-4
0.502, 3.503e-4
0.503, 3.450e-4
0.504, 3.391e-4
0.505, 3.344e-4
0.506, 3.298e-4
0.507, 3.251e-4
0.508, 3.211e-4
0.509, 3.159e-4
0.510, 3.116e-4
0.511, 3.075e-4
0.512, 3.080e-4
0.513, 3.022e-4
0.514, 2.970e-4
0.515, 2.925e-4
0.516, 2.891e-4
0.517, 2.842e-4
0.518, 2.813e-4
0.519, 2.777e-4
0.520, 2.756e-4
0.521, 2.720e-4
0.522, 2.683e-4
0.523, 2.654e-4
0.524, 2.624e-4
0.525, 2.580e-4
0.526, 2.566e-4
0.527, 2.527e-4
0.528, 2.505e-4
0.529, 2.496e-4
0.530, 2.458e-4
0.531, 2.442e-4
0.532, 2.412e-4
0.533, 2.381e-4
0.534, 2.375e-4
0.535, 2.344e-4
0.536, 2.314e-4
0.537, 2.311e-4
0.538, 2.288e-4
0.539, 2.261e-4
0.540, 2.240e-4
0.541, 2.218e-4
0.542, 2.207e-4
0.543, 2.173e-4
0.544, 2.163e-4
0.545, 2.148e-4
0.546, 2.130e-4
0.547, 2.116e-4
0.548, 2.104e-4
0.549, 2.086e-4
0.550, 2.072e-4
0.551, 2.049e-4
0.552, 2.039e-4
0.553, 2.042e-4
0.554, 2.033e-4
0.555, 2.019e-4
0.556, 2.009e-4
0.557, 2.001e-4
0.558, 1.988e-4
0.559, 1.975e-4
0.560, 1.966e-4
0.561, 1.963e-4
0.562, 1.963e-4
0.563, 1.955e-4
0.564, 1.949e-4
0.565, 1.943e-4
0.566, 1.946e-4
0.567, 1.939e-4
0.568, 1.930e-4
0.569, 1.941e-4
0.570, 1.953e-4
0.571, 1.951e-4
0.572, 1.949e-4
0.573, 1.952e-4
0.574, 1.956e-4
0.575, 1.972e-4
0.576, 1.963e-4
0.577, 1.975e-4
0.578, 1.985e-4
0.579, 1.999e-4
0.580, 2.018e-4
0.581, 2.020e-4
0.582, 2.039e-4
0.583, 2.054e-4
0.584, 2.076e-4
0.585, 2.097e-4
0.586, 2.119e-4
0.587, 2.142e-4
0.588, 2.182e-4
0.589, 2.202e-4
0.590, 2.234e-4
0.591, 2.276e-4
0.592, 2.297e-4
0.593, 2.341e-4
0.594, 2.380e-4
0.595, 2.427e-4
0.596, 2.474e-4
0.597, 2.520e-4
0.598, 2.575e-4
0.599, 2.628e-4
0.600, 2.679e-4
0.601, 2.743e-4
0.602, 2.799e-4
0.603, 2.872e-4
0.604, 2.950e-4
0.605, 3.011e-4
0.606, 3.082e-4
0.607, 3.173e-4
0.608, 3.259e-4
0.609, 3.359e-4
0.610, 3.462e-4
0.611, 3.567e-4
0.612, 3.682e-4
0.613, 3.799e-4
0.614, 3.915e-4
0.615, 4.018e-4
0.616, 4.164e-4
0.617, 4.311e-4
0.618, 4.464e-4
0.619, 4.625e-4
0.620, 4.792e-4
0.621, 4.964e-4
0.622, 5.142e-4
0.623, 5.331e-4
0.624, 5.533e-4
0.625, 5.742e-4
0.626, 5.965e-4
0.627, 6.183e-4
0.628, 6.420e-4
0.629, 6.665e-4
0.630, 6.926e-4
0.631, 7.190e-4
0.632, 7.461e-4
0.633, 7.748e-4
0.634, 8.043e-4
0.635, 8.365e-4
0.636, 8.705e-4
0.637, 9.040e-4
0.638, 9.387e-4
0.639, 9.755e-4
0.640, 1.014e-3
0.641, 1.054e-3
0.642, 1.097e-3
0.643, 1.139e-3
0.644, 1.182e-3
0.645, 1.227e-3
0.646, 1.272e-3
0.647, 1.320e-3
0.648, 1.373e-3
0.649, 1.425e-3
0.650, 1.479e-3
0.651, 1.535e-3
0.652, 1.595e-3
0.653, 1.652e-3
0.654, 1.712e-3
0.655, 1.772e-3
0.656, 1.839e-3
0.657, 1.907e-3
0.658, 1.974e-3
0.659, 2.044e-3
0.660, 2.117e-3
0.661, 2.191e-3
0.662, 2.262e-3
0.663, 2.344e-3
0.664, 2.426e-3
0.665, 2.505e-3
0.666, 2.592e-3
0.667, 2.676e-3
0.668, 2.764e-3
0.669, 2.855e-3
0.670, 2.947e-3
0.671, 3.040e-3
0.672, 3.137e-3
0.673, 3.233e-3
0.674, 3.335e-3
0.675, 3.438e-3
0.676, 3.542e-3
0.677, 3.648e-3
0.678, 3.752e-3
0.679, 3.864e-3
0.680, 3.978e-3
0.681, 4.092e-3
0.682, 4.207e-3
0.683, 4.327e-3
0.684, 4.447e-3
0.685, 4.567e-3
0.686, 4.687e-3
0.687, 4.815e-3
0.688, 4.943e-3
0.689, 5.071e-3
0.690, 5.197e-3
0.691, 5.331e-3
0.692, 5.469e-3
0.693, 5.604e-3
0.694, 5.743e-3
0.695, 5.881e-3
0.696, 6.022e-3
0.697, 6.161e-3
0.698, 6.312e-3
0.699, 6.461e-3
0.700, 6.607e-3
0.701, 6.758e-3
0.702, 6.912e-3
0.703, 7.064e-3
0.704, 7.221e-3
0.705, 7.378e-3
0.706, 7.539e-3
0.707, 7.699e-3
0.708, 7.864e-3
0.709, 8.030e-3
0.710, 8.200e-3
0.711, 8.368e-3
0.712, 8.537e-3
0.713, 8.708e-3
0.714, 8.880e-3
0.715, 9.054e-3
0.716, 9.233e-3
0.717, 9.417e-3
0.718, 9.599e-3
0.719, 9.776e-3
0.720, 9.960e-3
0.721, 1.014e-2
0.722, 1.033e-2
0.723, 1.052e-2
0.724, 1.071e-2
0.725, 1.089e-2
0.726, 1.108e-2
0.727, 1.128e-2
0.728, 1.147e-2
0.729, 1.166e-2
0.730, 1.185e-2
0.731, 1.206e-2
0.732, 1.226e-2
0.733, 1.245e-2
0.734, 1.265e-2
0.735, 1.285e-2
0.736, 1.307e-2
0.737, 1.327e-2
0.738, 1.347e-2
0.739, 1.368e-2
0.740, 1.388e-2
0.741, 1.409e-2
0.742, 1.430e-2
0.743, 1.452e-2
0.744, 1.473e-2
0.745, 1.495e-2
0.746, 1.518e-2
0.747, 1.539e-2
0.748, 1.561e-2
0.749, 1.584e-2
0.750, 1.606e-2
0.751, 1.628e-2
0.752, 1.650e-2
0.753, 1.673e-2
0.754, 1.695e-2
0.755, 1.718e-2
0.756, 1.741e-2
0.757, 1.764e-2
0.758, 1.787e-2
0.759, 1.810e-2
0.760, 1.833e-2
0.761, 1.857e-2
0.762, 1.881e-2
0.763, 1.905e-2
0.764, 1.928e-2
0.765, 1.950e-2
0.766, 1.975e-2
0.767, 1.998e-2
0.768, 2.022e-2
0.769, 2.046e-2
0.770, 2.071e-2
0.771, 2.096e-2
0.772, 2.121e-2
0.773, 2.148e-2
0.774, 2.171e-2
0.775, 2.195e-2
0.776, 2.219e-2
0.777, 2.243e-2
0.778, 2.267e-2
0.779, 2.291e-2
0.780, 2.317e-2
0.781, 2.342e-2
0.782, 2.367e-2
0.783, 2.391e-2
0.784, 2.415e-2
0.785, 2.439e-2
0.786, 2.466e-2
0.787, 2.492e-2
0.788, 2.519e-2
0.789, 2.543e-2
0.790, 2.568e-2
0.791, 2.595e-2
0.792, 2.621e-2
0.793, 2.646e-2
0.794, 2.673e-2
0.795, 2.698e-2
0.796, 2.724e-2
0.797, 2.751e-2
0.798, 2.777e-2
0.799, 2.801e-2
0.800, 2.817e-2
0.799, 2.797e-2
0.798, 2.770e-2
0.797, 2.742e-2
0.796, 2.715e-2
0.795, 2.689e-2
0.794, 2.660e-2
0.793, 2.632e-2
0.792, 2.603e-2
0.791, 2.574e-2
0.790, 2.545e-2
0.789, 2.518e-2
0.788, 2.491e-2
0.787, 2.463e-2
0.786, 2.436e-2
0.785, 2.410e-2
0.784, 2.383e-2
0.783, 2.356e-2
0.782, 2.330e-2
0.781, 2.302e-2
0.780, 2.276e-2
0.779, 2.250e-2
0.778, 2.225e-2
0.777, 2.198e-2
0.776, 2.171e-2
0.775, 2.146e-2
0.774, 2.119e-2
0.773, 2.094e-2
0.772, 2.070e-2
0.771, 2.045e-2
0.770, 2.022e-2
0.769, 1.997e-2
0.768, 1.971e-2
0.767, 1.947e-2
0.766, 1.923e-2
0.765, 1.898e-2
0.764, 1.875e-2
0.763, 1.852e-2
0.762, 1.827e-2
0.761, 1.802e-2
0.760, 1.778e-2
0.759, 1.755e-2
0.758, 1.733e-2
0.757, 1.711e-2
0.756, 1.687e-2
0.755, 1.664e-2
0.754, 1.641e-2
0.753, 1.618e-2
0.752, 1.595e-2
0.751, 1.572e-2
0.750, 1.548e-2
0.749, 1.526e-2
0.748, 1.505e-2
0.747, 1.483e-2
0.746, 1.462e-2
0.745, 1.441e-2
0.744, 1.420e-2
0.743, 1.398e-2
0.742, 1.377e-2
0.741, 1.356e-2
0.740, 1.335e-2
0.739, 1.313e-2
0.738, 1.292e-2
0.737, 1.272e-2
0.736, 1.253e-2
0.735, 1.233e-2
0.734, 1.212e-2
0.733, 1.191e-2
0.732, 1.171e-2
0.731, 1.152e-2
0.730, 1.133e-2
0.729, 1.114e-2
0.728, 1.095e-2
0.727, 1.076e-2
0.726, 1.057e-2
0.725, 1.038e-2
0.724, 1.019e-2
0.723, 1.000e-2
0.722, 9.819e-3
0.721, 9.632e-3
0.720, 9.454e-3
0.719, 9.279e-3
0.718, 9.105e-3
0.717, 8.924e-3
0.716, 8.747e-3
0.715, 8.581e-3
0.714, 8.415e-3
0.713, 8.246e-3
0.712, 8.073e-3
0.711, 7.906e-3
0.710, 7.741e-3
0.709, 7.579e-3
0.708, 7.420e-3
0.707, 7.265e-3
0.706, 7.107e-3
0.705, 6.954e-3
0.704, 6.803e-3
0.703, 6.653e-3
0.702, 6.508e-3
0.701, 6.369e-3
0.700, 6.228e-3
0.699, 6.083e-3
0.698, 5.939e-3
0.697, 5.798e-3
0.696, 5.654e-3
0.695, 5.517e-3
0.694, 5.381e-3
0.693, 5.244e-3
0.692, 5.112e-3
0.691, 4.984e-3
0.690, 4.854e-3
0.689, 4.725e-3
0.688, 4.604e-3
0.687, 4.481e-3
0.686, 4.359e-3
0.685, 4.237e-3
0.684, 4.120e-3
0.683, 4.003e-3
0.682, 3.889e-3
0.681, 3.776e-3
0.680, 3.670e-3
0.679, 3.563e-3
0.678, 3.459e-3
0.677, 3.355e-3
0.676, 3.249e-3
0.675, 3.153e-3
0.674, 3.057e-3
0.673, 2.960e-3
0.672, 2.865e-3
0.671, 2.768e-3
0.670, 2.678e-3
0.669, 2.590e-3
0.668, 2.501e-3
0.667, 2.420e-3
0.666, 2.339e-3
0.665, 2.254e-3
0.664, 2.178e-3
0.663, 2.101e-3
0.662, 2.026e-3
0.661, 1.953e-3
0.660, 1.881e-3
0.659, 1.807e-3
0.658, 1.740e-3
0.657, 1.675e-3
0.656, 1.612e-3
0.655, 1.545e-3
0.654, 1.484e-3
0.653, 1.424e-3
0.652, 1.367e-3
0.651, 1.309e-3
0.650, 1.256e-3
0.649, 1.203e-3
0.648, 1.152e-3
0.647, 1.101e-3
0.646, 1.053e-3
0.645, 1.006e-3
0.644, 9.601e-4
0.643, 9.166e-4
0.642, 8.752e-4
0.641, 8.331e-4
0.640, 7.934e-4
0.639, 7.553e-4
0.638, 7.198e-4
0.637, 6.834e-4
0.636, 6.496e-4
0.635, 6.166e-4
0.634, 5.840e-4
0.633, 5.532e-4
0.632, 5.235e-4
0.631, 4.949e-4
0.630, 4.681e-4
0.629, 4.409e-4
0.628, 4.157e-4
0.627, 3.933e-4
0.626, 3.699e-4
0.625, 3.484e-4
0.624, 3.272e-4
0.623, 3.060e-4
0.622, 2.884e-4
0.621, 2.703e-4
0.620, 2.520e-4
0.619, 2.348e-4
0.618, 2.189e-4
0.617, 2.030e-4
0.616, 1.878e-4
0.615, 1.740e-4
0.614, 1.615e-4
0.613, 1.470e-4
0.612, 1.347e-4
0.611, 1.218e-4
0.610, 1.095e-4
0.609, 9.881e-5
0.608, 8.895e-5
0.607, 7.811e-5
0.606, 6.883e-5
0.605, 5.995e-5
0.604, 5.048e-5
0.603, 4.228e-5
0.602, 3.437e-5
0.601, 2.666e-5
0.600, 2.021e-5
0.599, 1.299e-5
0.598, 6.151e-6
0.597, -3.906e-7
0.596, -6.151e-6
0.595, -1.201e-5
0.594, -1.757e-5
0.593, -2.304e-5
0.592, -2.705e-5
0.591, -3.193e-5
0.590, -3.613e-5
0.589, -4.081e-5
0.588, -4.560e-5
0.587, -4.921e-5
0.586, -5.224e-5
0.585, -5.624e-5
0.584, -5.849e-5
0.583, -6.278e-5
0.582, -6.610e-5
0.581, -6.864e-5
0.580, -7.167e-5
0.579, -7.469e-5
0.578, -7.752e-5
0.577, -7.997e-5
0.576, -8.182e-5
0.575, -8.407e-5
0.574, -8.719e-5
0.573, -8.944e-5
0.572, -9.110e-5
0.571, -9.324e-5
0.570, -9.490e-5
0.569, -9.832e-5
0.568, -9.969e-5
0.567, -1.022e-4
0.566, -1.031e-4
0.565, -1.053e-4
0.564, -1.070e-4
0.563, -1.084e-4
0.562, -1.097e-4
0.561, -1.111e-4
0.560, -1.127e-4
0.559, -1.144e-4
0.558, -1.163e-4
0.557, -1.182e-4
0.556, -1.196e-4
0.555, -1.207e-4
0.554, -1.222e-4
0.553, -1.232e-4
0.552, -1.253e-4
0.551, -1.265e-4
0.550, -1.267e-4
0.549, -1.294e-4
0.548, -1.302e-4
0.547, -1.308e-4
0.546, -1.332e-4
0.545, -1.351e-4
0.544, -1.354e-4
0.543, -1.377e-4
0.542, -1.385e-4
0.541, -1.399e-4
0.540, -1.409e-4
0.539, -1.418e-4
0.538, -1.440e-4
0.537, -1.451e-4
0.536, -1.449e-4
0.535, -1.462e-4
0.534, -1.478e-4
0.533, -1.490e-4
0.532, -1.511e-4
0.531, -1.520e-4
0.530, -1.531e-4
0.529, -1.537e-4
0.528, -1.550e-4
0.527, -1.580e-4
0.526, -1.578e-4
0.525, -1.586e-4
0.524, -1.595e-4
0.523, -1.611e-4
0.522, -1.623e-4
0.521, -1.640e-4
0.520, -1.646e-4
0.519, -1.661e-4
0.518, -1.683e-4
0.517, -1.685e-4
0.516, -1.698e-4
0.515, -1.715e-4
0.514, -1.718e-4
0.513, -1.728e-4
0.512, -1.795e-4
0.511, -1.781e-4
0.510, -1.774e-4
0.509, -1.790e-4
0.508, -1.799e-4
0.507, -1.812e-4
0.506, -1.822e-4
0.505, -1.829e-4
0.504, -1.847e-4
0.503, -1.860e-4
0.502, -1.866e-4
0.501, -1.884e-4
0.500, -1.901e-4
0.499, -1.903e-4
0.498, -1.912e-4
0.497, -1.936e-4
0.496, -1.949e-4
0.495, -1.958e-4
0.494, -1.965e-4
0.493, -1.986e-4
0.492, -2.005e-4
0.491, -2.015e-4
0.490, -2.019e-4
0.489, -2.029e-4
0.488, -2.058e-4
0.487, -2.080e-4
0.486, -2.089e-4
0.485, -2.103e-4
0.484, -2.120e-4
0.483, -2.122e-4
0.482, -2.146e-4
0.481, -2.170e-4
0.480, -2.181e-4
0.479, -2.210e-4
0.478, -2.219e-4
0.477, -2.241e-4
0.476, -2.258e-4
0.475, -2.277e-4
0.474, -2.304e-4
0.473, -2.316e-4
0.472, -2.337e-4
0.471, -2.381e-4
0.470, -2.392e-4
0.469, -2.413e-4
0.468, -2.456e-4
0.467, -2.481e-4
0.466, -2.513e-4
0.465, -2.542e-4
0.464, -2.565e-4
0.463, -2.600e-4
0.462, -2.633e-4
0.461, -2.686e-4
0.460, -2.718e-4
0.459, -2.736e-4
0.458, -2.785e-4
0.457, -2.826e-4
0.456, -2.864e-4
0.455, -2.923e-4
0.454, -2.957e-4
0.453, -3.013e-4
0.452, -3.059e-4
0.451, -3.104e-4
0.450, -3.165e-4
0.449, -3.212e-4
0.448, -3.263e-4
0.447, -3.332e-4
0.446, -3.401e-4
0.445, -3.460e-4
0.444, -3.545e-4
0.443, -3.611e-4
0.442, -3.694e-4
0.441, -3.759e-4
0.440, -3.827e-4
0.439, -3.911e-4
0.438, -3.987e-4
0.437, -4.084e-4
0.436, -4.171e-4
0.435, -4.259e-4
0.434, -4.348e-4
0.433, -4.434e-4
0.432, -4.518e-4
0.431, -4.626e-4
0.430, -4.720e-4
0.429, -4.825e-4
0.428, -4.946e-4
0.427, -5.051e-4
0.426, -5.170e-4
0.425, -5.305e-4
0.424, -5.417e-4
0.423, -5.548e-4
0.422, -5.665e-4
0.421, -5.827e-4
0.420, -6.001e-4
0.419, -6.164e-4
0.418, -6.322e-4
0.417, -6.497e-4
0.416, -6.680e-4
0.415, -6.865e-4
0.414, -7.038e-4
0.413, -7.218e-4
0.412, -7.432e-4
0.411, -7.651e-4
0.410, -7.763e-4
0.409, -7.740e-4
0.408, -8.106e-4
0.407, -8.441e-4
0.406, -8.734e-4
0.405, -9.054e-4
0.404, -9.366e-4
0.403, -9.689e-4
0.402, -1.003e-3
0.401, -1.037e-3
0.400, -1.074e-3
0.399, -1.114e-3
0.398, -1.153e-3
0.397, -1.192e-3
0.396, -1.233e-3
0.395, -1.280e-3
0.394, -1.327e-3
0.393, -1.377e-3
0.392, -1.427e-3
0.391, -1.479e-3
0.390, -1.534e-3
0.389, -1.590e-3
0.388, -1.648e-3
0.387, -1.702e-3
0.386, -1.759e-3
0.385, -1.817e-3
0.384, -1.878e-3
0.383, -1.937e-3
0.382, -1.990e-3
0.381, -2.043e-3
0.380, -2.092e-3
0.379, -2.138e-3
0.378, -2.181e-3
0.377, -2.219e-3
0.376, -2.248e-3
0.375, -2.272e-3
0.374, -2.288e-3
0.373, -2.299e-3
0.372, -2.298e-3
0.371, -2.285e-3
0.370, -2.263e-3
0.369, -2.232e-3
0.368, -2.187e-3
0.367, -2.127e-3
0.366, -2.049e-3
0.365, -1.960e-3
0.364, -1.858e-3
0.363, -1.742e-3
0.362, -1.617e-3
0.361, -1.481e-3
0.360, -1.341e-3
0.359, -1.206e-3
0.358, -1.079e-3
0.357, -9.592e-4
0.356, -8.529e-4
0.355, -7.575e-4
0.354, -6.814e-4
0.353, -6.137e-4
0.352, -5.551e-4
0.351, -5.082e-4
0.350, -4.671e-4
0.349, -4.330e-4
0.348, -4.045e-4
0.347, -3.796e-4
0.346, -3.571e-4
0.345, -3.371e-4
0.344, -3.199e-4
0.343, -3.060e-4
0.342, -2.927e-4
0.341, -2.814e-4
0.340, -2.710e-4
0.339, -2.614e-4
0.338, -2.532e-4
0.337, -2.447e-4
0.336, -2.372e-4
0.335, -2.316e-4
0.334, -2.250e-4
0.333, -2.197e-4
0.332, -2.153e-4
0.331, -2.093e-4
0.330, -2.047e-4
0.329, -2.005e-4
0.328, -1.960e-4
0.327, -1.929e-4
0.326, -1.890e-4
0.325, -1.852e-4
0.324, -1.819e-4
0.323, -1.786e-4
0.322, -1.763e-4
0.321, -1.726e-4
0.320, -1.695e-4
0.319, -1.675e-4
0.318, -1.644e-4
0.317, -1.619e-4
0.316, -1.591e-4
0.315, -1.570e-4
0.314, -1.545e-4
0.313, -1.519e-4
0.312, -1.503e-4
0.311, -1.484e-4
0.310, -1.466e-4
0.309, -1.450e-4
0.308, -1.425e-4
0.307, -1.421e-4
0.306, -1.385e-4
0.305, -1.372e-4
0.304, -1.349e-4
0.303, -1.332e-4
0.302, -1.319e-4
0.301, -1.292e-4
0.300, -1.279e-4
0.299, -1.269e-4
0.298, -1.254e-4
0.297, -1.238e-4
0.296, -1.219e-4
0.295, -1.212e-4
0.294, -1.192e-4
0.293, -1.184e-4
0.292, -1.164e-4
0.291, -1.150e-4
0.290, -1.136e-4
0.289, -1.118e-4
0.288, -1.110e-4
0.287, -1.098e-4
0.286, -1.086e-4
0.285, -1.075e-4
0.284, -1.071e-4
0.283, -1.049e-4
0.282, -1.043e-4
0.281, -1.035e-4
0.280, -1.019e-4
0.279, -1.009e-4
0.278, -9.998e-5
0.277, -9.930e-5
0.276, -9.852e-5
0.275, -9.764e-5
0.274, -9.627e-5
0.273, -9.539e-5
0.272, -9.403e-5
0.271, -9.305e-5
0.270, -9.246e-5
0.269, -9.139e-5
0.268, -9.149e-5
0.267, -8.944e-5
0.266, -8.944e-5
0.265, -8.914e-5
0.264, -8.758e-5
0.263, -8.729e-5
0.262, -8.700e-5
0.261, -8.592e-5
0.260, -8.455e-5
0.259, -8.436e-5
0.258, -8.319e-5
0.257, -8.299e-5
0.256, -8.231e-5
0.255, -8.182e-5
0.254, -8.065e-5
0.253, -7.997e-5
0.252, -8.036e-5
0.251, -7.938e-5
0.250, -7.928e-5
0.249, -7.860e-5
0.248, -7.743e-5
0.247, -7.674e-5
0.246, -7.674e-5
0.245, -7.586e-5
0.244, -7.538e-5
0.243, -7.469e-5
0.242, -7.381e-5
0.241, -7.381e-5
0.240, -7.333e-5
0.239, -7.303e-5
0.238, -7.235e-5
0.237, -7.108e-5
0.236, -7.167e-5
0.235, -7.128e-5
0.234, -6.981e-5
0.233, -7.049e-5
0.232, -7.010e-5
0.231, -7.030e-5
0.230, -6.903e-5
0.229, -6.874e-5
0.228, -6.854e-5
0.227, -6.786e-5
0.226, -6.727e-5
0.225, -6.747e-5
0.224, -6.659e-5
0.223, -6.688e-5
0.222, -6.600e-5
0.221, -6.532e-5
0.220, -6.522e-5
0.219, -6.561e-5
0.218, -6.512e-5
0.217, -6.405e-5
0.216, -6.386e-5
0.215, -6.356e-5
0.214, -6.317e-5
0.213, -6.259e-5
0.212, -6.307e-5
0.211, -6.259e-5
0.210, -6.317e-5
0.209, -6.229e-5
0.208, -6.171e-5
0.207, -6.229e-5
0.206, -6.180e-5
0.205, -6.083e-5
0.204, -6.161e-5
0.203, -6.102e-5
0.202, -6.073e-5
0.201, -5.975e-5
0.200, -6.005e-5
0.199, -6.044e-5
0.198, -5.956e-5
0.197, -5.868e-5
0.196, -5.966e-5
0.195, -5.936e-5
0.194, -5.927e-5
0.193, -5.849e-5
0.192, -5.809e-5
0.191, -5.907e-5
0.190, -5.878e-5
0.189, -5.780e-5
0.188, -5.770e-5
0.187, -5.770e-5
0.186, -5.751e-5
0.185, -5.702e-5
0.184, -5.722e-5
0.183, -5.722e-5
0.182, -5.653e-5
0.181, -5.634e-5
0.180, -5.634e-5
0.179, -5.663e-5
0.178, -5.624e-5
0.177, -5.643e-5
0.176, -5.653e-5
0.175, -5.614e-5
0.174, -5.585e-5
0.173, -5.595e-5
0.172, -5.556e-5
0.171, -5.565e-5
0.170, -5.546e-5
0.169, -5.546e-5
0.168, -5.526e-5
0.167, -5.468e-5
0.166, -5.448e-5
0.165, -5.419e-5
0.164, -5.487e-5
0.163, -5.526e-5
0.162, -5.487e-5
0.161, -5.477e-5
0.160, -5.351e-5
0.159, -5.419e-5
0.158, -5.458e-5
0.157, -5.399e-5
0.156, -5.409e-5
0.155, -5.419e-5
0.154, -5.409e-5
0.153, -5.351e-5
0.152, -5.321e-5
0.151, -5.321e-5
0.150, -5.399e-5
0.149, -5.360e-5
0.148, -5.341e-5
0.147, -5.331e-5
0.146, -5.331e-5
0.145, -5.331e-5
0.144, -5.302e-5
0.143, -5.204e-5
0.142, -5.331e-5
0.141, -5.253e-5
0.140, -5.224e-5
0.139, -5.194e-5
0.138, -5.243e-5
0.137, -5.263e-5
0.136, -5.185e-5
0.135, -5.204e-5
0.134, -5.155e-5
0.133, -5.194e-5
0.132, -5.224e-5
0.131, -5.155e-5
0.130, -5.214e-5
0.129, -5.155e-5
0.128, -5.126e-5
0.127, -5.155e-5
0.126, -5.165e-5
0.125, -5.214e-5
0.124, -5.058e-5
0.123, -5.204e-5
0.122, -5.204e-5
0.121, -5.146e-5
0.120, -5.058e-5
0.119, -5.106e-5
0.118, -5.126e-5
0.117, -5.106e-5
0.116, -5.136e-5
0.115, -5.048e-5
0.114, -5.087e-5
0.113, -5.136e-5
0.112, -5.136e-5
0.111, -5.048e-5
0.110, -5.067e-5
0.109, -5.087e-5
0.108, -5.028e-5
0.107, -5.009e-5
0.106, -4.989e-5
0.105, -4.999e-5
0.104, -5.048e-5
0.103, -5.028e-5
0.102, -5.038e-5
0.101, -4.950e-5
0.100, -5.028e-5
0.099, -4.950e-5
0.098, -4.950e-5
0.097, -4.980e-5
0.096, -4.940e-5
0.095, -4.970e-5
0.094, -4.921e-5
0.093, -4.931e-5
0.092, -4.970e-5
0.091, -4.892e-5
0.090, -4.892e-5
0.089, -5.009e-5
0.088, -4.940e-5
0.087, -4.862e-5
0.086, -4.833e-5
0.085, -4.950e-5
0.084, -4.872e-5
0.083, -4.862e-5
0.082, -4.901e-5
0.081, -4.765e-5
0.080, -4.862e-5
0.079, -4.843e-5
0.078, -4.823e-5
0.077, -4.765e-5
0.076, -4.784e-5
0.075, -4.843e-5
0.074, -4.823e-5
0.073, -4.823e-5
0.072, -4.774e-5
0.071, -4.804e-5
0.070, -4.804e-5
0.069, -4.765e-5
0.068, -4.755e-5
0.067, -4.794e-5
0.066, -4.745e-5
0.065, -4.745e-5
0.064, -4.687e-5
0.063, -4.784e-5
0.062, -4.755e-5
0.061, -4.745e-5
0.060, -4.716e-5
0.059, -4.696e-5
0.058, -4.696e-5
0.057, -4.735e-5
0.056, -4.726e-5
0.055, -4.735e-5
0.054, -4.657e-5
0.053, -4.657e-5
0.052, -4.628e-5
0.051, -4.667e-5
0.050, -4.687e-5
0.049, -4.667e-5
0.048, -4.609e-5
0.047, -4.687e-5
0.046, -4.667e-5
0.045, -4.638e-5
0.044, -4.540e-5
0.043, -4.560e-5
0.042, -4.560e-5
0.041, -4.560e-5
0.040, -4.521e-5
0.039, -4.628e-5
0.038, -4.569e-5
0.037, -4.560e-5
0.036, -4.530e-5
0.035, -4.530e-5
0.034, -4.579e-5
0.033, -4.530e-5
0.032, -4.491e-5
0.031, -4.540e-5
0.030, -4.569e-5
0.029, -4.491e-5
0.028, -4.511e-5
0.027, -4.482e-5
0.026, -4.501e-5
0.025, -4.472e-5
0.024, -4.452e-5
0.023, -4.452e-5
0.022, -4.482e-5
0.021, -4.452e-5
0.020, -4.423e-5
0.019, -4.423e-5
0.018, -4.491e-5
0.017, -4.452e-5
0.016, -4.443e-5
0.015, -4.423e-5
0.014, -4.384e-5
0.013, -4.462e-5
0.012, -4.423e-5
0.011, -4.394e-5
0.010, -4.403e-5
0.009, -4.394e-5
0.008, -4.413e-5
0.007, -4.335e-5
0.006, -4.374e-5
0.005, -4.345e-5
0.004, -4.345e-5
0.003, -4.384e-5
0.002, -4.306e-5
0.001, -4.355e-5
0.000, -3.700e-5
0.001, -2.695e-5
0.002, -2.509e-5
0.003, -2.373e-5
0.004, -2.255e-5
0.005, -2.041e-5
0.006, -2.041e-5
0.007, -1.992e-5
0.008, -1.855e-5
0.009, -1.797e-5
0.010, -1.728e-5
0.011, -1.709e-5
0.012, -1.591e-5
0.013, -1.552e-5
0.014, -1.552e-5
0.015, -1.494e-5
0.016, -1.445e-5
0.017, -1.357e-5
0.018, -1.328e-5
0.019, -1.299e-5
0.020, -1.269e-5
0.021, -1.240e-5
0.022, -1.230e-5
0.023, -1.172e-5
0.024, -1.142e-5
0.025, -1.142e-5
0.026, -1.133e-5
0.027, -1.162e-5
0.028, -1.142e-5
0.029, -1.064e-5
0.030, -9.861e-6
0.031, -1.015e-5
0.032, -1.054e-5
0.033, -9.861e-6
0.034, -9.373e-6
0.035, -9.666e-6
0.036, -9.373e-6
0.037, -9.276e-6
0.038, -9.764e-6
0.039, -8.983e-6
0.040, -8.592e-6
0.041, -8.202e-6
0.042, -8.397e-6
0.043, -8.299e-6
0.044, -8.202e-6
0.045, -8.006e-6
0.046, -7.616e-6
0.047, -7.616e-6
0.048, -7.616e-6
0.049, -6.835e-6
0.050, -6.835e-6
0.051, -6.444e-6
0.052, -7.323e-6
0.053, -6.835e-6
0.054, -6.054e-6
0.055, -6.444e-6
0.056, -6.737e-6
0.057, -6.151e-6
0.058, -5.663e-6
0.059, -5.175e-6
0.060, -5.761e-6
0.061, -5.858e-6
0.062, -5.858e-6
0.063, -5.077e-6
0.064, -5.272e-6
0.065, -5.858e-6
0.066, -5.565e-6
0.067, -5.077e-6
0.068, -5.272e-6
0.069, -5.468e-6
0.070, -5.272e-6
0.071, -4.784e-6
0.072, -4.784e-6
0.073, -4.784e-6
0.074, -5.077e-6
0.075, -4.394e-6
0.076, -4.491e-6
0.077, -5.175e-6
0.078, -4.882e-6
0.079, -4.589e-6
0.080, -3.710e-6
0.081, -4.491e-6
0.082, -3.613e-6
0.083, -3.906e-6
0.084, -3.808e-6
0.085, -3.808e-6
0.086, -3.613e-6
0.087, -3.613e-6
0.088, -3.027e-6
0.089, -4.296e-6
0.090, -4.101e-6
0.091, -3.710e-6
0.092, -3.222e-6
0.093, -3.320e-6
0.094, -3.808e-6
0.095, -3.027e-6
0.096, -3.222e-6
0.097, -3.417e-6
0.098, -2.929e-6
0.099, -2.832e-6
0.100, -2.832e-6
0.101, -2.539e-6
0.102, -2.148e-6
0.103, -1.757e-6
0.104, -2.441e-6
0.105, -1.660e-6
0.106, -2.148e-6
0.107, -2.148e-6
0.108, -2.636e-6
0.109, -1.757e-6
0.110, -2.050e-6
0.111, -2.050e-6
0.112, -1.757e-6
0.113, -1.172e-6
0.114, -1.269e-6
0.115, -1.855e-6
0.116, -1.465e-6
0.117, -9.764e-7
0.118, -9.764e-8
0.119, -1.074e-6
0.120, -1.855e-6
0.121, -8.787e-7
0.122, -1.172e-6
0.123, -1.562e-6
0.124, -6.835e-7
0.125, -9.764e-7
0.126, -9.764e-8
0.127, -4.882e-7
0.128, -9.764e-8
0.129, 3.905e-7
0.130, 1.953e-7
0.131, -7.811e-7
0.132, -4.283e-12
0.133, 4.882e-7
0.134, 3.905e-7
0.135, 1.953e-7
0.136, -4.283e-12
0.137, 4.882e-7
0.138, 3.905e-7
0.139, 2.929e-7
0.140, -4.283e-12
0.141, 6.835e-7
0.142, 1.465e-6
0.143, 7.811e-7
0.144, 8.787e-7
0.145, 1.757e-6
0.146, 7.811e-7
0.147, 6.835e-7
0.148, 9.764e-7
0.149, 7.811e-7
0.150, 1.660e-6
0.151, 1.465e-6
0.152, 1.465e-6
0.153, 6.835e-7
0.154, 1.269e-6
0.155, 1.367e-6
0.156, 1.074e-6
0.157, 1.367e-6
0.158, 1.562e-6
0.159, 1.660e-6
0.160, 1.367e-6
0.161, 2.148e-6
0.162, 1.757e-6
0.163, 1.953e-6
0.164, 2.539e-6
0.165, 1.757e-6
0.166, 1.562e-6
0.167, 2.050e-6
0.168, 2.148e-6
0.169, 2.929e-6
0.170, 2.441e-6
0.171, 2.539e-6
0.172, 2.831e-6
0.173, 2.441e-6
0.174, 2.734e-6
0.175, 1.855e-6
0.176, 2.148e-6
0.177, 3.515e-6
0.178, 2.831e-6
0.179, 3.710e-6
0.180, 3.027e-6
0.181, 3.417e-6
0.182, 3.515e-6
0.183, 2.636e-6
0.184, 2.636e-6
0.185, 3.320e-6
0.186, 3.515e-6
0.187, 3.710e-6
0.188, 3.027e-6
0.189, 3.613e-6
0.190, 3.417e-6
0.191, 4.003e-6
0.192, 4.101e-6
0.193, 4.296e-6
0.194, 4.589e-6
0.195, 4.784e-6
0.196, 4.589e-6
0.197, 4.491e-6
0.198, 4.003e-6
0.199, 4.003e-6
0.200, 4.003e-6
0.201, 4.394e-6
0.202, 4.491e-6
0.203, 4.784e-6
0.204, 4.980e-6
0.205, 4.980e-6
0.206, 4.980e-6
0.207, 5.370e-6
0.208, 5.077e-6
0.209, 5.077e-6
0.210, 5.468e-6
0.211, 5.468e-6
0.212, 5.468e-6
0.213, 6.249e-6
0.214, 5.565e-6
0.215, 6.151e-6
0.216, 6.151e-6
0.217, 6.835e-6
0.218, 5.956e-6
0.219, 6.151e-6
0.220, 7.030e-6
0.221, 7.128e-6
0.222, 6.737e-6
0.223, 6.444e-6
0.224, 7.225e-6
0.225, 7.225e-6
0.226, 7.225e-6
0.227, 8.006e-6
0.228, 8.299e-6
0.229, 8.006e-6
0.230, 7.518e-6
0.231, 7.420e-6
0.232, 7.909e-6
0.233, 7.811e-6
0.234, 8.397e-6
0.235, 8.202e-6
0.236, 9.080e-6
0.237, 8.885e-6
0.238, 8.885e-6
0.239, 9.569e-6
0.240, 9.373e-6
0.241, 9.178e-6
0.242, 9.569e-6
0.243, 9.666e-6
0.244, 1.074e-5
0.245, 1.054e-5
0.246, 1.064e-5
0.247, 1.094e-5
0.248, 1.162e-5
0.249, 1.162e-5
0.250, 1.035e-5
0.251, 1.015e-5
0.252, 1.162e-5
0.253, 1.152e-5
0.254, 1.152e-5
0.255, 1.172e-5
0.256, 1.250e-5
0.257, 1.289e-5
0.258, 1.318e-5
0.259, 1.308e-5
0.260, 1.357e-5
0.261, 1.357e-5
0.262, 1.357e-5
0.263, 1.328e-5
0.264, 1.435e-5
0.265, 1.445e-5
0.266, 1.416e-5
0.267, 1.445e-5
0.268, 1.533e-5
0.269, 1.582e-5
0.270, 1.601e-5
0.271, 1.601e-5
0.272, 1.562e-5
0.273, 1.670e-5
0.274, 1.640e-5
0.275, 1.660e-5
0.276, 1.718e-5
0.277, 1.767e-5
0.278, 1.738e-5
0.279, 1.748e-5
0.280, 1.865e-5
0.281, 1.845e-5
0.282, 1.826e-5
0.283, 1.865e-5
0.284, 1.914e-5
0.285, 1.904e-5
0.286, 1.953e-5
0.287, 1.923e-5
0.288, 2.031e-5
0.289, 2.089e-5
0.290, 2.041e-5
0.291, 2.148e-5
0.292, 2.158e-5
0.293, 2.099e-5
0.294, 2.119e-5
0.295, 2.119e-5
0.296, 2.236e-5
0.297, 2.236e-5
0.298, 2.304e-5
0.299, 2.324e-5
0.300, 2.382e-5
0.301, 2.382e-5
0.302, 2.343e-5
0.303, 2.431e-5
0.304, 2.382e-5
0.305, 2.460e-5
0.306, 2.578e-5
0.307, 2.617e-5
0.308, 2.675e-5
0.309, 2.656e-5
0.310, 2.617e-5
0.311, 2.646e-5
0.312, 2.666e-5
0.313, 2.773e-5
0.314, 2.792e-5
0.315, 2.851e-5
0.316, 2.880e-5
0.317, 2.880e-5
0.318, 2.929e-5
0.319, 2.900e-5
0.320, 2.871e-5
0.321, 2.978e-5
0.322, 3.027e-5
0.323, 3.037e-5
0.324, 3.115e-5
0.325, 3.076e-5
0.326, 3.144e-5
0.327, 3.163e-5
0.328, 3.183e-5
0.329, 3.193e-5
0.330, 3.251e-5
0.331, 3.222e-5
0.332, 3.349e-5
0.333, 3.398e-5
0.334, 3.398e-5
0.335, 3.408e-5
0.336, 3.408e-5
0.337, 3.525e-5
0.338, 3.505e-5
0.339, 3.505e-5
0.340, 3.525e-5
0.341, 3.574e-5
0.342, 3.652e-5
0.343, 3.642e-5
0.344, 3.661e-5
0.345, 3.808e-5
0.346, 3.700e-5
0.347, 3.769e-5
0.348, 3.925e-5
0.349, 3.866e-5
0.350, 3.974e-5
0.351, 3.896e-5
0.352, 4.071e-5
0.353, 4.023e-5
0.354, 4.023e-5
0.355, 4.111e-5
0.356, 4.140e-5
0.357, 4.169e-5
0.358, 4.306e-5
0.359, 4.267e-5
0.360, 4.296e-5
0.361, 4.247e-5
0.362, 4.306e-5
0.363, 4.384e-5
0.364, 4.482e-5
0.365, 4.501e-5
0.366, 4.618e-5
0.367, 4.589e-5
0.368, 4.599e-5
0.369, 4.667e-5
0.370, 4.579e-5
0.371, 4.745e-5
0.372, 4.823e-5
0.373, 4.882e-5
0.374, 4.950e-5
0.375, 4.911e-5
0.376, 5.009e-5
0.377, 5.106e-5
0.378, 5.058e-5
0.379, 5.194e-5
0.380, 5.282e-5
0.381, 5.302e-5
0.382, 5.390e-5
0.383, 5.468e-5
0.384, 5.507e-5
0.385, 5.507e-5
0.386, 5.595e-5
0.387, 5.741e-5
0.388, 5.888e-5
0.389, 5.917e-5
0.390, 6.034e-5
0.391, 6.122e-5
0.392, 6.259e-5
0.393, 6.327e-5
0.394, 6.425e-5
0.395, 6.542e-5
0.396, 6.747e-5
0.397, 6.669e-5
0.398, 6.932e-5
0.399, 7.089e-5
0.400, 7.254e-5
0.401, 7.499e-5
0.402, 7.635e-5
0.403, 7.909e-5
0.404, 8.172e-5
0.405, 8.416e-5
0.406, 8.787e-5
0.407, 9.168e-5
0.408, 9.559e-5
0.409, 9.842e-5
0.410, 9.754e-5
0.411, 1.116e-4
0.412, 1.209e-4
0.413, 1.302e-4
0.414, 1.428e-4
0.415, 1.580e-4
0.416, 1.757e-4
0.417, 1.977e-4
0.418, 2.248e-4
0.419, 2.567e-4
0.420, 2.938e-4
0.421, 3.375e-4
0.422, 3.910e-4
0.423, 4.526e-4
0.424, 5.270e-4
0.425, 6.141e-4
0.426, 7.112e-4
0.427, 8.225e-4
0.428, 9.494e-4
0.429, 1.095e-3
0.430, 1.250e-3
0.431, 1.413e-3
0.432, 1.577e-3
0.433, 1.738e-3
0.434, 1.901e-3
0.435, 2.063e-3
0.436, 2.221e-3
0.437, 2.380e-3
0.438, 2.529e-3
0.439, 2.672e-3
0.440, 2.807e-3
0.441, 2.933e-3
0.442, 3.043e-3
0.443, 3.137e-3
0.444, 3.211e-3
0.445, 3.267e-3
0.446, 3.303e-3
0.447, 3.315e-3
0.448, 3.299e-3
0.449, 3.255e-3
0.450, 3.193e-3
0.451, 3.105e-3
0.452, 2.991e-3
0.453, 2.858e-3
0.454, 2.709e-3
0.455, 2.544e-3
0.456, 2.379e-3
0.457, 2.211e-3
0.458, 2.044e-3
0.459, 1.886e-3
0.460, 1.735e-3
0.461, 1.601e-3
0.462, 1.475e-3
0.463, 1.363e-3
0.464, 1.265e-3
0.465, 1.179e-3
0.466, 1.100e-3
0.467, 1.030e-3
0.468, 9.693e-4
0.469, 9.143e-4
0.470, 8.681e-4
0.471, 8.238e-4
0.472, 7.842e-4
0.473, 7.511e-4
0.474, 7.171e-4
0.475, 6.889e-4
0.476, 6.633e-4
0.477, 6.384e-4
0.478, 6.165e-4
0.479, 5.959e-4
0.480, 5.764e-4
0.481, 5.609e-4
0.482, 5.424e-4
0.483, 5.265e-4
0.484, 5.120e-4
0.485, 4.986e-4
0.486, 4.871e-4
0.487, 4.759e-4
0.488, 4.639e-4
0.489, 4.527e-4
0.490, 4.420e-4
0.491, 4.330e-4
0.492, 4.242e-4
0.493, 4.150e-4
0.494, 4.071e-4
0.495, 3.997e-4
0.496, 3.906e-4
0.497, 3.837e-4
0.498, 3.777e-4
0.499, 3.694e-4
0.500, 3.634e-4
0.501, 3.582e-4
0.502, 3.528e-4
0.503, 3.471e-4
0.504, 3.410e-4
0.505, 3.365e-4
0.506, 3.311e-4
0.507, 3.265e-4
0.508, 3.224e-4
0.509, 3.164e-4
0.510, 3.121e-4
0.511, 3.086e-4
0.512, 3.091e-4
0.513, 3.035e-4
0.514, 2.978e-4
0.515, 2.935e-4
0.516, 2.907e-4
0.517, 2.857e-4
0.518, 2.830e-4
0.519, 2.800e-4
0.520, 2.762e-4
0.521, 2.729e-4
0.522, 2.689e-4
0.523, 2.664e-4
0.524, 2.630e-4
0.525, 2.586e-4
0.526, 2.567e-4
0.527, 2.546e-4
0.528, 2.502e-4
0.529, 2.487e-4
0.530, 2.463e-4
0.531, 2.443e-4
0.532, 2.417e-4
0.533, 2.385e-4
0.534, 2.373e-4
0.535, 2.346e-4
0.536, 2.325e-4
0.537, 2.306e-4
0.538, 2.285e-4
0.539, 2.267e-4
0.540, 2.243e-4
0.541, 2.215e-4
0.542, 2.202e-4
0.543, 2.187e-4
0.544, 2.167e-4
0.545, 2.157e-4
0.546, 2.137e-4
0.547, 2.121e-4
0.548, 2.101e-4
0.549, 2.094e-4
0.550, 2.072e-4
0.551, 2.055e-4
0.552, 2.055e-4
0.553, 2.044e-4
0.554, 2.015e-4
0.555, 2.017e-4
0.556, 2.015e-4
0.557, 2.006e-4
0.558, 1.991e-4
0.559, 1.984e-4
0.560, 1.969e-4
0.561, 1.965e-4
0.562, 1.958e-4
0.563, 1.960e-4
0.564, 1.958e-4
0.565, 1.949e-4
0.566, 1.944e-4
0.567, 1.943e-4
0.568, 1.939e-4
0.569, 1.944e-4
0.570, 1.942e-4
0.571, 1.941e-4
0.572, 1.956e-4
0.573, 1.961e-4
0.574, 1.959e-4
0.575, 1.963e-4
0.576, 1.956e-4
0.577, 1.983e-4
0.578, 1.989e-4
0.579, 1.993e-4
0.580, 2.008e-4
0.581, 2.027e-4
0.582, 2.046e-4
0.583, 2.050e-4
0.584, 2.077e-4
0.585, 2.106e-4
0.586, 2.121e-4
0.587, 2.141e-4
0.588, 2.170e-4
0.589, 2.203e-4
0.590, 2.236e-4
0.591, 2.267e-4
0.592, 2.299e-4
0.593, 2.349e-4
0.594, 2.374e-4
0.595, 2.419e-4
0.596, 2.480e-4
0.597, 2.517e-4
0.598, 2.573e-4
0.599, 2.621e-4
0.600, 2.682e-4
0.601, 2.744e-4
0.602, 2.798e-4
0.603, 2.869e-4
0.604, 2.934e-4
0.605, 3.009e-4
0.606, 3.091e-4
0.607, 3.175e-4
0.608, 3.264e-4
0.609, 3.359e-4
0.610, 3.462e-4
0.611, 3.562e-4
0.612, 3.665e-4
0.613, 3.797e-4
0.614, 3.908e-4
0.615, 4.017e-4
0.616, 4.167e-4
0.617, 4.313e-4
0.618, 4.457e-4
0.619, 4.619e-4
0.620, 4.783e-4
0.621, 4.957e-4
0.622, 5.136e-4
0.623, 5.321e-4
0.624, 5.516e-4
0.625, 5.737e-4
0.626, 5.959e-4
0.627, 6.181e-4
0.628, 6.417e-4
0.629, 6.658e-4
0.630, 6.921e-4
0.631, 7.184e-4
0.632, 7.456e-4
0.633, 7.736e-4
0.634, 8.035e-4
0.635, 8.364e-4
0.636, 8.703e-4
0.637, 9.023e-4
0.638, 9.375e-4
0.639, 9.741e-4
0.640, 1.013e-3
0.641, 1.052e-3
0.642, 1.094e-3
0.643, 1.137e-3
0.644, 1.180e-3
0.645, 1.225e-3
0.646, 1.271e-3
0.647, 1.319e-3
0.648, 1.372e-3
0.649, 1.423e-3
0.650, 1.476e-3
0.651, 1.532e-3
0.652, 1.592e-3
0.653, 1.649e-3
0.654, 1.708e-3
0.655, 1.770e-3
0.656, 1.835e-3
0.657, 1.903e-3
0.658, 1.970e-3
0.659, 2.040e-3
0.660, 2.113e-3
0.661, 2.186e-3
0.662, 2.258e-3
0.663, 2.337e-3
0.664, 2.416e-3
0.665, 2.500e-3
0.666, 2.587e-3
0.667, 2.673e-3
0.668, 2.758e-3
0.669, 2.851e-3
0.670, 2.942e-3
0.671, 3.036e-3
0.672, 3.131e-3
0.673, 3.227e-3
0.674, 3.328e-3
0.675, 3.431e-3
0.676, 3.534e-3
0.677, 3.641e-3
0.678, 3.746e-3
0.679, 3.856e-3
0.680, 3.969e-3
0.681, 4.082e-3
0.682, 4.197e-3
0.683, 4.316e-3
0.684, 4.437e-3
0.685, 4.556e-3
0.686, 4.677e-3
0.687, 4.804e-3
0.688, 4.931e-3
0.689, 5.060e-3
0.690, 5.188e-3
0.691, 5.322e-3
0.692, 5.459e-3
0.693, 5.593e-3
0.694, 5.731e-3
0.695, 5.868e-3
0.696, 6.008e-3
0.697, 6.148e-3
0.698, 6.298e-3
0.699, 6.445e-3
0.700, 6.594e-3
0.701, 6.743e-3
0.702, 6.896e-3
0.703, 7.054e-3
0.704, 7.210e-3
0.705, 7.370e-3
0.706, 7.531e-3
0.707, 7.688e-3
0.708, 7.852e-3
0.709, 8.017e-3
0.710, 8.183e-3
0.711, 8.350e-3
0.712, 8.524e-3
0.713, 8.698e-3
0.714, 8.875e-3
0.715, 9.054e-3
0.716, 9.235e-3
0.717, 9.418e-3
0.718, 9.598e-3
0.719, 9.776e-3
0.720, 9.957e-3
0.721, 1.014e-2
0.722, 1.032e-2
0.723, 1.051e-2
0.724, 1.070e-2
0.725, 1.088e-2
0.726, 1.108e-2
0.727, 1.127e-2
0.728, 1.146e-2
0.729, 1.166e-2
0.730, 1.186e-2
0.731, 1.206e-2
0.732, 1.226e-2
0.733, 1.246e-2
0.734, 1.266e-2
0.735, 1.286e-2
0.736, 1.306e-2
0.737, 1.326e-2
0.738, 1.347e-2
0.739, 1.368e-2
0.740, 1.388e-2
0.741, 1.410e-2
0.742, 1.432e-2
0.743, 1.453e-2
0.744, 1.475e-2
0.745, 1.496e-2
0.746, 1.517e-2
0.747, 1.537e-2
0.748, 1.559e-2
0.749, 1.583e-2
0.750, 1.606e-2
0.751, 1.628e-2
0.752, 1.650e-2
0.753, 1.672e-2
0.754, 1.694e-2
0.755, 1.717e-2
0.756, 1.740e-2
0.757, 1.763e-2
0.758, 1.786e-2
0.759, 1.809e-2
0.760, 1.831e-2
0.761, 1.854e-2
0.762, 1.877e-2
0.763, 1.900e-2
0.764, 1.923e-2
0.765, 1.948e-2
0.766, 1.973e-2
0.767, 1.997e-2
0.768, 2.023e-2
0.769, 2.048e-2
0.770, 2.072e-2
0.771, 2.097e-2
0.772, 2.122e-2
0.773, 2.145e-2
0.774, 2.170e-2
0.775, 2.196e-2
0.776, 2.220e-2
0.777, 2.244e-2
0.778, 2.268e-2
0.779, 2.293e-2
0.780, 2.316e-2
0.781, 2.339e-2
0.782, 2.364e-2
0.783, 2.390e-2
0.784, 2.415e-2
0.785, 2.440e-2
0.786, 2.465e-2
0.787, 2.492e-2
0.788, 2.518e-2
0.789, 2.544e-2
0.790, 2.569e-2
0.791, 2.593e-2
0.792, 2.618e-2
0.793, 2.644e-2
0.794, 2.669e-2
0.795, 2.695e-2
0.796, 2.720e-2
0.797, 2.747e-2
0.798, 2.775e-2
0.799, 2.802e-2
0.800, 2.818e-2
0.799, 2.798e-2
0.798, 2.771e-2
0.797, 2.743e-2
0.796, 2.716e-2
0.795, 2.687e-2
0.794, 2.659e-2
0.793, 2.630e-2
0.792, 2.603e-2
0.791, 2.576e-2
0.790, 2.549e-2
0.789, 2.521e-2
0.788, 2.492e-2
0.787, 2.465e-2
0.786, 2.438e-2
0.785, 2.411e-2
0.784, 2.385e-2
0.783, 2.357e-2
0.782, 2.330e-2
0.781, 2.304e-2
0.780, 2.277e-2
0.779, 2.250e-2
0.778, 2.224e-2
0.777, 2.198e-2
0.776, 2.174e-2
0.775, 2.148e-2
0.774, 2.122e-2
0.773, 2.096e-2
0.772, 2.071e-2
0.771, 2.046e-2
0.770, 2.022e-2
0.769, 1.997e-2
0.768, 1.971e-2
0.767, 1.946e-2
0.766, 1.921e-2
0.765, 1.898e-2
0.764, 1.875e-2
0.763, 1.852e-2
0.762, 1.827e-2
0.761, 1.803e-2
0.760, 1.780e-2
0.759, 1.757e-2
0.758, 1.734e-2
0.757, 1.710e-2
0.756, 1.687e-2
0.755, 1.663e-2
0.754, 1.640e-2
0.753, 1.619e-2
0.752, 1.596e-2
0.751, 1.573e-2
0.750, 1.550e-2
0.749, 1.529e-2
0.748, 1.507e-2
0.747, 1.485e-2
0.746, 1.463e-2
0.745, 1.442e-2
0.744, 1.421e-2
0.743, 1.400e-2
0.742, 1.378e-2
0.741, 1.356e-2
0.740, 1.335e-2
0.739, 1.315e-2
0.738, 1.294e-2
0.737, 1.273e-2
0.736, 1.252e-2
0.735, 1.232e-2
0.734, 1.211e-2
0.733, 1.191e-2
0.732, 1.173e-2
0.731, 1.153e-2
0.730, 1.134e-2
0.729, 1.114e-2
0.728, 1.095e-2
0.727, 1.075e-2
0.726, 1.056e-2
0.725, 1.038e-2
0.724, 1.019e-2
0.723, 1.001e-2
0.722, 9.829e-3
0.721, 9.651e-3
0.720, 9.475e-3
0.719, 9.298e-3
0.718, 9.122e-3
0.717, 8.940e-3
0.716, 8.760e-3
0.715, 8.588e-3
0.714, 8.413e-3
0.713, 8.243e-3
0.712, 8.072e-3
0.711, 7.910e-3
0.710, 7.744e-3
0.709, 7.582e-3
0.708, 7.419e-3
0.707, 7.262e-3
0.706, 7.103e-3
0.705, 6.949e-3
0.704, 6.802e-3
0.703, 6.652e-3
0.702, 6.503e-3
0.701, 6.354e-3
0.700, 6.210e-3
0.699, 6.070e-3
0.698, 5.931e-3
0.697, 5.794e-3
0.696, 5.654e-3
0.695, 5.517e-3
0.694, 5.378e-3
0.693, 5.241e-3
0.692, 5.110e-3
0.691, 4.981e-3
0.690, 4.852e-3
0.689, 4.723e-3
0.688, 4.600e-3
0.687, 4.476e-3
0.686, 4.356e-3
0.685, 4.236e-3
0.684, 4.119e-3
0.683, 4.004e-3
0.682, 3.891e-3
0.681, 3.777e-3
0.680, 3.667e-3
0.679, 3.557e-3
0.678, 3.452e-3
0.677, 3.349e-3
0.676, 3.247e-3
0.675, 3.150e-3
0.674, 3.052e-3
0.673, 2.954e-3
0.672, 2.862e-3
0.671, 2.761e-3
0.670, 2.674e-3
0.669, 2.585e-3
0.668, 2.497e-3
0.667, 2.417e-3
0.666, 2.334e-3
0.665, 2.251e-3
0.664, 2.176e-3
0.663, 2.099e-3
0.662, 2.023e-3
0.661, 1.948e-3
0.660, 1.877e-3
0.659, 1.805e-3
0.658, 1.735e-3
0.657, 1.670e-3
0.656, 1.607e-3
0.655, 1.541e-3
0.654, 1.480e-3
0.653, 1.422e-3
0.652, 1.364e-3
0.651, 1.305e-3
0.650, 1.252e-3
0.649, 1.201e-3
0.648, 1.150e-3
0.647, 1.100e-3
0.646, 1.050e-3
0.645, 1.003e-3
0.644, 9.578e-4
0.643, 9.149e-4
0.642, 8.730e-4
0.641, 8.319e-4
0.640, 7.909e-4
0.639, 7.544e-4
0.638, 7.176e-4
0.637, 6.811e-4
0.636, 6.478e-4
0.635, 6.156e-4
0.634, 5.833e-4
0.633, 5.519e-4
0.632, 5.222e-4
0.631, 4.932e-4
0.630, 4.667e-4
0.629, 4.398e-4
0.628, 4.141e-4
0.627, 3.916e-4
0.626, 3.684e-4
0.625, 3.467e-4
0.624, 3.249e-4
0.623, 3.050e-4
0.622, 2.870e-4
0.621, 2.693e-4
0.620, 2.503e-4
0.619, 2.336e-4
0.618, 2.178e-4
0.617, 2.011e-4
0.616, 1.867e-4
0.615, 1.726e-4
0.614, 1.606e-4
0.613, 1.455e-4
0.612, 1.325e-4
0.611, 1.212e-4
0.610, 1.088e-4
0.609, 9.705e-5
0.608, 8.709e-5
0.607, 7.694e-5
0.606, 6.825e-5
0.605, 5.780e-5
0.604, 4.950e-5
0.603, 4.130e-5
0.602, 3.427e-5
0.601, 2.607e-5
0.600, 2.021e-5
0.599, 1.260e-5
0.598, 5.761e-6
0.597, -6.835e-7
0.596, -5.858e-6
0.595, -1.211e-5
0.594, -1.767e-5
0.593, -2.226e-5
0.592, -2.744e-5
0.591, -3.212e-5
0.590, -3.730e-5
0.589, -4.208e-5
0.588, -4.540e-5
0.587, -4.774e-5
0.586, -5.233e-5
0.585, -5.624e-5
0.584, -5.907e-5
0.583, -6.210e-5
0.582, -6.610e-5
0.581, -6.825e-5
0.580, -7.186e-5
0.579, -7.440e-5
0.578, -7.665e-5
0.577, -7.957e-5
0.576, -8.211e-5
0.575, -8.534e-5
0.574, -8.700e-5
0.573, -8.895e-5
0.572, -9.100e-5
0.571, -9.315e-5
0.570, -9.608e-5
0.569, -9.774e-5
0.568, -9.920e-5
0.567, -1.007e-4
0.566, -1.029e-4
0.565, -1.054e-4
0.564, -1.071e-4
0.563, -1.090e-4
0.562, -1.100e-4
0.561, -1.118e-4
0.560, -1.115e-4
0.559, -1.149e-4
0.558, -1.163e-4
0.557, -1.184e-4
0.556, -1.189e-4
0.555, -1.205e-4
0.554, -1.222e-4
0.553, -1.231e-4
0.552, -1.246e-4
0.551, -1.261e-4
0.550, -1.270e-4
0.549, -1.291e-4
0.548, -1.312e-4
0.547, -1.308e-4
0.546, -1.328e-4
0.545, -1.338e-4
0.544, -1.347e-4
0.543, -1.368e-4
0.542, -1.386e-4
0.541, -1.393e-4
0.540, -1.408e-4
0.539, -1.417e-4
0.538, -1.443e-4
0.537, -1.449e-4
0.536, -1.454e-4
0.535, -1.471e-4
0.534, -1.479e-4
0.533, -1.488e-4
0.532, -1.517e-4
0.531, -1.515e-4
0.530, -1.534e-4
0.529, -1.553e-4
0.528, -1.550e-4
0.527, -1.569e-4
0.526, -1.581e-4
0.525, -1.572e-4
0.524, -1.595e-4
0.523, -1.611e-4
0.522, -1.616e-4
0.521, -1.635e-4
0.520, -1.650e-4
0.519, -1.669e-4
0.518, -1.674e-4
0.517, -1.687e-4
0.516, -1.697e-4
0.515, -1.701e-4
0.514, -1.720e-4
0.513, -1.736e-4
0.512, -1.790e-4
0.511, -1.773e-4
0.510, -1.773e-4
0.509, -1.783e-4
0.508, -1.800e-4
0.507, -1.815e-4
0.506, -1.817e-4
0.505, -1.831e-4
0.504, -1.842e-4
0.503, -1.851e-4
0.502, -1.862e-4
0.501, -1.881e-4
0.500, -1.894e-4
0.499, -1.887e-4
0.498, -1.909e-4
0.497, -1.929e-4
0.496, -1.941e-4
0.495, -1.962e-4
0.494, -1.963e-4
0.493, -1.979e-4
0.492, -1.999e-4
0.491, -2.010e-4
0.490, -2.025e-4
0.489, -2.032e-4
0.488, -2.047e-4
0.487, -2.072e-4
0.486, -2.092e-4
0.485, -2.099e-4
0.484, -2.116e-4
0.483, -2.119e-4
0.482, -2.146e-4
0.481, -2.170e-4
0.480, -2.181e-4
0.479, -2.196e-4
0.478, -2.222e-4
0.477, -2.235e-4
0.476, -2.256e-4
0.475, -2.274e-4
0.474, -2.290e-4
0.473, -2.314e-4
0.472, -2.345e-4
0.471, -2.379e-4
0.470, -2.390e-4
0.469, -2.416e-4
0.468, -2.452e-4
0.467, -2.478e-4
0.466, -2.498e-4
0.465, -2.533e-4
0.464, -2.564e-4
0.463, -2.597e-4
0.462, -2.630e-4
0.461, -2.666e-4
0.460, -2.705e-4
0.459, -2.742e-4
0.458, -2.782e-4
0.457, -2.813e-4
0.456, -2.862e-4
0.455, -2.914e-4
0.454, -2.953e-4
0.453, -2.997e-4
0.452, -3.049e-4
0.451, -3.096e-4
0.450, -3.148e-4
0.449, -3.200e-4
0.448, -3.249e-4
0.447, -3.320e-4
0.446, -3.384e-4
0.445, -3.443e-4
0.444, -3.533e-4
0.443, -3.595e-4
0.442, -3.686e-4
0.441, -3.761e-4
0.440, -3.832e-4
0.439, -3.927e-4
0.438, -3.991e-4
0.437, -4.074e-4
0.436, -4.164e-4
0.435, -4.261e-4
0.434, -4.343e-4
0.433, -4.443e-4
0.432, -4.526e-4
0.431, -4.619e-4
0.430, -4.724e-4
0.429, -4.833e-4
0.428, -4.940e-4
0.427, -5.042e-4
0.426, -5.175e-4
0.425, -5.293e-4
0.424, -5.431e-4
0.423, -5.561e-4
0.422, -5.671e-4
0.421, -5.855e-4
0.420, -6.001e-4
0.419, -6.151e-4
0.418, -6.335e-4
0.417, -6.497e-4
0.416, -6.673e-4
0.415, -6.870e-4
0.414, -7.042e-4
0.413, -7.234e-4
0.412, -7.453e-4
0.411, -7.675e-4
0.410, -7.775e-4
0.409, -7.763e-4
0.408, -8.124e-4
0.407, -8.465e-4
0.406, -8.762e-4
0.405, -9.082e-4
0.404, -9.407e-4
0.403, -9.730e-4
0.402, -1.007e-3
0.401, -1.042e-3
0.400, -1.079e-3
0.399, -1.119e-3
0.398, -1.161e-3
0.397, -1.199e-3
0.396, -1.241e-3
0.395, -1.287e-3
0.394, -1.335e-3
0.393, -1.387e-3
0.392, -1.439e-3
0.391, -1.492e-3
0.390, -1.547e-3
0.389, -1.605e-3
0.388, -1.663e-3
0.387, -1.718e-3
0.386, -1.778e-3
0.385, -1.838e-3
0.384, -1.899e-3
0.383, -1.956e-3
0.382, -2.012e-3
0.381, -2.067e-3
0.380, -2.121e-3
0.379, -2.172e-3
0.378, -2.217e-3
0.377, -2.256e-3
0.376, -2.292e-3
0.375, -2.321e-3
0.374, -2.342e-3
0.373, -2.355e-3
0.372, -2.359e-3
0.371, -2.349e-3
0.370, -2.332e-3
0.369, -2.303e-3
0.368, -2.259e-3
0.367, -2.203e-3
0.366, -2.133e-3
0.365, -2.042e-3
0.364, -1.940e-3
0.363, -1.823e-3
0.362, -1.697e-3
0.361, -1.557e-3
0.360, -1.414e-3
0.359, -1.271e-3
0.358, -1.136e-3
0.357, -1.007e-3
0.356, -8.948e-4
0.355, -7.937e-4
0.354, -7.098e-4
0.353, -6.396e-4
0.352, -5.762e-4
0.351, -5.252e-4
0.350, -4.829e-4
0.349, -4.470e-4
0.348, -4.174e-4
0.347, -3.910e-4
0.346, -3.677e-4
0.345, -3.465e-4
0.344, -3.307e-4
0.343, -3.151e-4
0.342, -3.009e-4
0.341, -2.889e-4
0.340, -2.782e-4
0.339, -2.672e-4
0.338, -2.593e-4
0.337, -2.513e-4
0.336, -2.445e-4
0.335, -2.372e-4
0.334, -2.306e-4
0.333, -2.253e-4
0.332, -2.190e-4
0.331, -2.150e-4
0.330, -2.097e-4
0.329, -2.052e-4
0.328, -2.014e-4
0.327, -1.975e-4
0.326, -1.942e-4
0.325, -1.899e-4
0.324, -1.859e-4
0.323, -1.827e-4
0.322, -1.790e-4
0.321, -1.766e-4
0.320, -1.733e-4
0.319, -1.699e-4
0.318, -1.681e-4
0.317, -1.653e-4
0.316, -1.628e-4
0.315, -1.604e-4
0.314, -1.579e-4
0.313, -1.559e-4
0.312, -1.527e-4
0.311, -1.508e-4
0.310, -1.487e-4
0.309, -1.466e-4
0.308, -1.446e-4
0.307, -1.444e-4
0.306, -1.414e-4
0.305, -1.391e-4
0.304, -1.370e-4
0.303, -1.357e-4
0.302, -1.339e-4
0.301, -1.321e-4
0.300, -1.301e-4
0.299, -1.287e-4
0.298, -1.270e-4
0.297, -1.249e-4
0.296, -1.236e-4
0.295, -1.220e-4
0.294, -1.206e-4
0.293, -1.187e-4
0.292, -1.172e-4
0.291, -1.168e-4
0.290, -1.149e-4
0.289, -1.135e-4
0.288, -1.122e-4
0.287, -1.105e-4
0.286, -1.097e-4
0.285, -1.088e-4
0.284, -1.068e-4
0.283, -1.064e-4
0.282, -1.052e-4
0.281, -1.034e-4
0.280, -1.029e-4
0.279, -1.024e-4
0.278, -1.007e-4
0.277, -9.998e-5
0.276, -9.871e-5
0.275, -9.793e-5
0.274, -9.725e-5
0.273, -9.578e-5
0.272, -9.510e-5
0.271, -9.471e-5
0.270, -9.324e-5
0.269, -9.168e-5
0.268, -9.051e-5
0.267, -9.002e-5
0.266, -9.002e-5
0.265, -8.905e-5
0.264, -8.885e-5
0.263, -8.778e-5
0.262, -8.582e-5
0.261, -8.592e-5
0.260, -8.524e-5
0.259, -8.407e-5
0.258, -8.329e-5
0.257, -8.280e-5
0.256, -8.280e-5
0.255, -8.211e-5
0.254, -8.153e-5
0.253, -8.075e-5
0.252, -8.006e-5
0.251, -7.918e-5
0.250, -7.870e-5
0.249, -7.821e-5
0.248, -7.811e-5
0.247, -7.704e-5
0.246, -7.645e-5
0.245, -7.577e-5
0.244, -7.499e-5
0.243, -7.420e-5
0.242, -7.440e-5
0.241, -7.381e-5
0.240, -7.284e-5
0.239, -7.225e-5
0.238, -7.254e-5
0.237, -7.225e-5
0.236, -7.215e-5
0.235, -7.108e-5
0.234, -7.020e-5
0.233, -7.040e-5
0.232, -7.010e-5
0.231, -6.923e-5
0.230, -6.825e-5
0.229, -6.835e-5
0.228, -6.844e-5
0.227, -6.717e-5
0.226, -6.717e-5
0.225, -6.698e-5
0.224, -6.669e-5
0.223, -6.630e-5
0.222, -6.591e-5
0.221, -6.552e-5
0.220, -6.522e-5
0.219, -6.522e-5
0.218, -6.512e-5
0.217, -6.522e-5
0.216, -6.425e-5
0.215, -6.405e-5
0.214, -6.425e-5
0.213, -6.298e-5
0.212, -6.298e-5
0.211, -6.239e-5
0.210, -6.298e-5
0.209, -6.317e-5
0.208, -6.220e-5
0.207, -6.171e-5
0.206, -6.151e-5
0.205, -6.054e-5
0.204, -6.063e-5
0.203, -5.975e-5
0.202, -6.014e-5
0.201, -5.985e-5
0.200, -6.063e-5
0.199, -5.927e-5
0.198, -5.985e-5
0.197, -5.956e-5
0.196, -5.936e-5
0.195, -5.897e-5
0.194, -5.878e-5
0.193, -5.917e-5
0.192, -5.790e-5
0.191, -5.829e-5
0.190, -5.839e-5
0.189, -5.839e-5
0.188, -5.858e-5
0.187, -5.839e-5
0.186, -5.722e-5
0.185, -5.780e-5
0.184, -5.741e-5
0.183, -5.614e-5
0.182, -5.595e-5
0.181, -5.683e-5
0.180, -5.702e-5
0.179, -5.604e-5
0.178, -5.624e-5
0.177, -5.663e-5
0.176, -5.575e-5
0.175, -5.604e-5
0.174, -5.546e-5
0.173, -5.565e-5
0.172, -5.517e-5
0.171, -5.565e-5
0.170, -5.468e-5
0.169, -5.517e-5
0.168, -5.556e-5
0.167, -5.477e-5
0.166, -5.380e-5
0.165, -5.487e-5
0.164, -5.536e-5
0.163, -5.409e-5
0.162, -5.321e-5
0.161, -5.458e-5
0.160, -5.487e-5
0.159, -5.390e-5
0.158, -5.341e-5
0.157, -5.370e-5
0.156, -5.399e-5
0.155, -5.360e-5
0.154, -5.311e-5
0.153, -5.331e-5
0.152, -5.380e-5
0.151, -5.321e-5
0.150, -5.253e-5
0.149, -5.233e-5
0.148, -5.282e-5
0.147, -5.263e-5
0.146, -5.282e-5
0.145, -5.292e-5
0.144, -5.214e-5
0.143, -5.253e-5
0.142, -5.233e-5
0.141, -5.224e-5
0.140, -5.253e-5
0.139, -5.175e-5
0.138, -5.214e-5
0.137, -5.214e-5
0.136, -5.224e-5
0.135, -5.155e-5
0.134, -5.155e-5
0.133, -5.204e-5
0.132, -5.146e-5
0.131, -5.116e-5
0.130, -5.136e-5
0.129, -5.155e-5
0.128, -5.155e-5
0.127, -5.106e-5
0.126, -5.067e-5
0.125, -5.038e-5
0.124, -5.146e-5
0.123, -5.058e-5
0.122, -5.058e-5
0.121, -5.067e-5
0.120, -5.077e-5
0.119, -5.106e-5
0.118, -5.019e-5
0.117, -5.087e-5
0.116, -5.038e-5
0.115, -5.038e-5
0.114, -5.019e-5
0.113, -5.009e-5
0.112, -4.999e-5
0.111, -5.038e-5
0.110, -5.009e-5
0.109, -5.009e-5
0.108, -4.960e-5
0.107, -4.970e-5
0.106, -4.901e-5
0.105, -4.931e-5
0.104, -4.960e-5
0.103, -5.019e-5
0.102, -4.989e-5
0.101, -4.921e-5
0.100, -4.940e-5
0.099, -4.980e-5
0.098, -4.950e-5
0.097, -4.911e-5
0.096, -4.999e-5
0.095, -4.901e-5
0.094, -4.901e-5
0.093, -4.843e-5
0.092, -4.843e-5
0.091, -4.882e-5
0.090, -4.862e-5
0.089, -4.843e-5
0.088, -4.823e-5
0.087, -4.843e-5
0.086, -4.872e-5
0.085, -4.940e-5
0.084, -4.921e-5
0.083, -4.814e-5
0.082, -4.784e-5
0.081, -4.755e-5
0.080, -4.804e-5
0.079, -4.833e-5
0.078, -4.823e-5
0.077, -4.823e-5
0.076, -4.735e-5
0.075, -4.726e-5
0.074, -4.735e-5
0.073, -4.755e-5
0.072, -4.745e-5
0.071, -4.814e-5
0.070, -4.696e-5
0.069, -4.667e-5
0.068, -4.687e-5
0.067, -4.706e-5
0.066, -4.755e-5
0.065, -4.696e-5
0.064, -4.648e-5
0.063, -4.648e-5
0.062, -4.648e-5
0.061, -4.687e-5
0.060, -4.687e-5
0.059, -4.638e-5
0.058, -4.618e-5
0.057, -4.599e-5
0.056, -4.618e-5
0.055, -4.628e-5
0.054, -4.657e-5
0.053, -4.589e-5
0.052, -4.579e-5
0.051, -4.569e-5
0.050, -4.579e-5
0.049, -4.648e-5
0.048, -4.530e-5
0.047, -4.579e-5
0.046, -4.560e-5
0.045, -4.569e-5
0.044, -4.560e-5
0.043, -4.569e-5
0.042, -4.560e-5
0.041, -4.560e-5
0.040, -4.540e-5
0.039, -4.501e-5
0.038, -4.560e-5
0.037, -4.540e-5
0.036, -4.511e-5
0.035, -4.472e-5
0.034, -4.472e-5
0.033, -4.530e-5
0.032, -4.530e-5
0.031, -4.501e-5
0.030, -4.530e-5
0.029, -4.443e-5
0.028, -4.491e-5
0.027, -4.482e-5
0.026, -4.443e-5
0.025, -4.433e-5
0.024, -4.355e-5
0.023, -4.462e-5
0.022, -4.413e-5
0.021, -4.423e-5
0.020, -4.443e-5
0.019, -4.462e-5
0.018, -4.374e-5
0.017, -4.394e-5
0.016, -4.423e-5
0.015, -4.374e-5
0.014, -4.462e-5
0.013, -4.316e-5
0.012, -4.374e-5
0.011, -4.286e-5
0.010, -4.355e-5
0.009, -4.384e-5
0.008, -4.384e-5
0.007, -4.384e-5
0.006, -4.345e-5
0.005, -4.413e-5
0.004, -4.325e-5
0.003, -4.316e-5
0.002, -4.286e-5
0.001, -4.316e-5
0.000, -3.769e-5
0.001, -2.724e-5
0.002, -2.480e-5
0.003, -2.314e-5
0.004, -2.158e-5
0.005, -2.099e-5
0.006, -1.943e-5
0.007, -1.904e-5
0.008, -1.826e-5
0.009, -1.816e-5
0.010, -1.670e-5
0.011, -1.650e-5
0.012, -1.572e-5
0.013, -1.640e-5
0.014, -1.494e-5
0.015, -1.504e-5
0.016, -1.435e-5
0.017, -1.455e-5
0.018, -1.367e-5
0.019, -1.357e-5
0.020, -1.338e-5
0.021, -1.172e-5
0.022, -1.211e-5
0.023, -1.230e-5
0.024, -1.152e-5
0.025, -1.191e-5
0.026, -1.103e-5
0.027, -1.094e-5
0.028, -1.113e-5
0.029, -1.103e-5
0.030, -9.959e-6
0.031, -1.064e-5
0.032, -1.015e-5
0.033, -9.276e-6
0.034, -9.080e-6
0.035, -9.178e-6
0.036, -8.397e-6
0.037, -8.983e-6
0.038, -9.861e-6
0.039, -8.690e-6
0.040, -8.592e-6
0.041, -8.397e-6
0.042, -8.202e-6
0.043, -8.299e-6
0.044, -7.909e-6
0.045, -8.104e-6
0.046, -8.202e-6
0.047, -6.737e-6
0.048, -7.128e-6
0.049, -7.323e-6
0.050, -7.323e-6
0.051, -6.737e-6
0.052, -7.030e-6
0.053, -6.835e-6
0.054, -6.346e-6
0.055, -6.737e-6
0.056, -6.444e-6
0.057, -6.444e-6
0.058, -6.639e-6
0.059, -6.444e-6
0.060, -6.346e-6
0.061, -6.346e-6
0.062, -5.077e-6
0.063, -5.468e-6
0.064, -5.468e-6
0.065, -5.858e-6
0.066, -5.077e-6
0.067, -5.272e-6
0.068, -4.589e-6
0.069, -5.663e-6
0.070, -4.882e-6
0.071, -4.980e-6
0.072, -5.370e-6
0.073, -4.882e-6
0.074, -4.687e-6
0.075, -4.101e-6
0.076, -4.296e-6
0.077, -4.784e-6
0.078, -4.296e-6
0.079, -4.882e-6
0.080, -4.784e-6
0.081, -4.687e-6
0.082, -4.589e-6
0.083, -4.003e-6
0.084, -3.417e-6
0.085, -3.710e-6
0.086, -4.394e-6
0.087, -3.808e-6
0.088, -3.320e-6
0.089, -3.027e-6
0.090, -3.906e-6
0.091, -3.222e-6
0.092, -3.613e-6
0.093, -3.027e-6
0.094, -3.027e-6
0.095, -2.929e-6
0.096, -2.929e-6
0.097, -2.246e-6
0.098, -2.343e-6
0.099, -3.027e-6
0.100, -3.027e-6
0.101, -2.148e-6
0.102, -2.246e-6
0.103, -1.757e-6
0.104, -2.441e-6
0.105, -1.855e-6
0.106, -2.441e-6
0.107, -1.953e-6
0.108, -2.148e-6
0.109, -2.734e-6
0.110, -1.660e-6
0.111, -1.953e-6
0.112, -8.787e-7
0.113, -9.764e-7
0.114, -1.172e-6
0.115, -1.562e-6
0.116, -1.172e-6
0.117, -1.074e-6
0.118, -4.882e-7
0.119, -4.882e-7
0.120, -8.787e-7
0.121, -1.074e-6
0.122, -7.811e-7
0.123, -8.787e-7
0.124, -7.811e-7
0.125, -9.764e-7
0.126, -8.787e-7
0.127, -3.906e-7
0.128, -4.882e-7
0.129, -2.929e-7
0.130, -2.929e-7
0.131, 2.929e-7
0.132, 1.953e-7
0.133, 3.905e-7
0.134, -1.953e-7
0.135, -1.953e-7
0.136, 7.811e-7
0.137, 3.905e-7
0.138, 5.858e-7
0.139, 9.764e-7
0.140, 8.787e-7
0.141, 9.764e-7
0.142, 5.858e-7
0.143, 5.858e-7
0.144, 1.465e-6
0.145, 1.172e-6
0.146, 1.367e-6
0.147, 9.764e-7
0.148, 6.835e-7
0.149, 1.074e-6
0.150, 1.367e-6
0.151, 1.855e-6
0.152, 1.074e-6
0.153, 1.855e-6
0.154, 2.148e-6
0.155, 1.465e-6
0.156, 1.465e-6
0.157, 1.562e-6
0.158, 2.343e-6
0.159, 1.953e-6
0.160, 1.953e-6
0.161, 2.050e-6
0.162, 1.953e-6
0.163, 2.343e-6
0.164, 1.953e-6
0.165, 1.855e-6
0.166, 2.050e-6
0.167, 2.734e-6
0.168, 2.343e-6
0.169, 3.124e-6
0.170, 2.831e-6
0.171, 3.027e-6
0.172, 3.613e-6
0.173, 2.831e-6
0.174, 2.539e-6
0.175, 3.124e-6
0.176, 3.613e-6
0.177, 3.124e-6
0.178, 2.734e-6
0.179, 3.417e-6
0.180, 3.710e-6
0.181, 3.515e-6
0.182, 2.734e-6
0.183, 3.515e-6
0.184, 3.906e-6
0.185, 4.394e-6
0.186, 3.417e-6
0.187, 4.296e-6
0.188, 4.394e-6
0.189, 4.101e-6
0.190, 4.003e-6
0.191, 3.613e-6
0.192, 4.101e-6
0.193, 4.003e-6
0.194, 4.296e-6
0.195, 5.272e-6
0.196, 5.175e-6
0.197, 4.589e-6
0.198, 4.198e-6
0.199, 4.003e-6
0.200, 4.687e-6
0.201, 4.882e-6
0.202, 4.980e-6
0.203, 5.175e-6
0.204, 5.468e-6
0.205, 5.272e-6
0.206, 5.370e-6
0.207, 5.663e-6
0.208, 5.272e-6
0.209, 5.272e-6
0.210, 5.272e-6
0.211, 5.175e-6
0.212, 6.249e-6
0.213, 6.249e-6
0.214, 5.858e-6
0.215, 5.956e-6
0.216, 6.346e-6
0.217, 6.542e-6
0.218, 6.249e-6
0.219, 7.225e-6
0.220, 6.639e-6
0.221, 5.956e-6
0.222, 6.932e-6
0.223, 6.737e-6
0.224, 7.518e-6
0.225, 7.420e-6
0.226, 7.323e-6
0.227, 7.323e-6
0.228, 7.225e-6
0.229, 7.518e-6
0.230, 8.202e-6
0.231, 8.397e-6
0.232, 7.713e-6
0.233, 8.202e-6
0.234, 8.006e-6
0.235, 8.885e-6
0.236, 8.983e-6
0.237, 9.080e-6
0.238, 9.178e-6
0.239, 8.690e-6
0.240, 9.373e-6
0.241, 9.959e-6
0.242, 9.666e-6
0.243, 1.054e-5
0.244, 1.025e-5
0.245, 1.025e-5
0.246, 1.064e-5
0.247, 1.084e-5
0.248, 1.123e-5
0.249, 1.142e-5
0.250, 1.094e-5
0.251, 1.162e-5
0.252, 1.230e-5
0.253, 1.211e-5
0.254, 1.269e-5
0.255, 1.260e-5
0.256, 1.318e-5
0.257, 1.299e-5
0.258, 1.347e-5
0.259, 1.357e-5
0.260, 1.426e-5
0.261, 1.426e-5
0.262, 1.416e-5
0.263, 1.455e-5
0.264, 1.484e-5
0.265, 1.513e-5
0.266, 1.494e-5
0.267, 1.523e-5
0.268, 1.513e-5
0.269, 1.562e-5
0.270, 1.572e-5
0.271, 1.689e-5
0.272, 1.699e-5
0.273, 1.679e-5
0.274, 1.670e-5
0.275, 1.787e-5
0.276, 1.767e-5
0.277, 1.797e-5
0.278, 1.797e-5
0.279, 1.894e-5
0.280, 1.826e-5
0.281, 1.865e-5
0.282, 1.943e-5
0.283, 1.923e-5
0.284, 1.904e-5
0.285, 1.972e-5
0.286, 2.050e-5
0.287, 2.099e-5
0.288, 2.060e-5
0.289, 2.070e-5
0.290, 2.080e-5
0.291, 2.129e-5
0.292, 2.129e-5
0.293, 2.207e-5
0.294, 2.197e-5
0.295, 2.207e-5
0.296, 2.265e-5
0.297, 2.304e-5
0.298, 2.324e-5
0.299, 2.382e-5
0.300, 2.421e-5
0.301, 2.500e-5
0.302, 2.529e-5
0.303, 2.509e-5
0.304, 2.539e-5
0.305, 2.636e-5
0.306, 2.617e-5
0.307, 2.617e-5
0.308, 2.626e-5
0.309, 2.685e-5
0.310, 2.666e-5
0.311, 2.763e-5
0.312, 2.792e-5
0.313, 2.773e-5
0.314, 2.822e-5
0.315, 2.841e-5
0.316, 2.939e-5
0.317, 2.880e-5
0.318, 2.949e-5
0.319, 3.066e-5
0.320, 3.027e-5
0.321, 3.027e-5
0.322, 3.115e-5
0.323, 3.124e-5
0.324, 3.173e-5
0.325, 3.212e-5
0.326, 3.183e-5
0.327, 3.183e-5
0.328, 3.222e-5
0.329, 3.281e-5
0.330, 3.310e-5
0.331, 3.329e-5
0.332, 3.388e-5
0.333, 3.378e-5
0.334, 3.427e-5
0.335, 3.505e-5
0.336, 3.476e-5
0.337, 3.554e-5
0.338, 3.622e-5
0.339, 3.632e-5
0.340, 3.661e-5
0.341, 3.681e-5
0.342, 3.759e-5
0.343, 3.730e-5
0.344, 3.837e-5
0.345, 3.779e-5
0.346, 3.818e-5
0.347, 3.866e-5
0.348, 3.896e-5
0.349, 3.896e-5
0.350, 3.993e-5
0.351, 3.984e-5
0.352, 4.081e-5
0.353, 4.120e-5
0.354, 4.091e-5
0.355, 4.179e-5
0.356, 4.267e-5
0.357, 4.345e-5
0.358, 4.345e-5
0.359, 4.267e-5
0.360, 4.394e-5
0.361, 4.501e-5
0.362, 4.423e-5
0.363, 4.452e-5
0.364, 4.628e-5
0.365, 4.550e-5
0.366, 4.569e-5
0.367, 4.726e-5
0.368, 4.765e-5
0.369, 4.814e-5
0.370, 4.784e-5
0.371, 4.882e-5
0.372, 4.921e-5
0.373, 4.950e-5
0.374, 5.019e-5
0.375, 5.136e-5
0.376, 5.067e-5
0.377, 5.155e-5
0.378, 5.233e-5
0.379, 5.331e-5
0.380, 5.390e-5
0.381, 5.360e-5
0.382, 5.517e-5
0.383, 5.585e-5
0.384, 5.653e-5
0.385, 5.643e-5
0.386, 5.790e-5
0.387, 5.819e-5
0.388, 5.917e-5
0.389, 6.014e-5
0.390, 6.141e-5
0.391, 6.210e-5
0.392, 6.317e-5
0.393, 6.483e-5
0.394, 6.561e-5
0.395, 6.610e-5
0.396, 6.805e-5
0.397, 6.893e-5
0.398, 7.059e-5
0.399, 7.167e-5
0.400, 7.372e-5
0.401, 7.586e-5
0.402, 7.850e-5
0.403, 8.055e-5
0.404, 8.358e-5
0.405, 8.426e-5
0.406, 8.826e-5
0.407, 9.285e-5
0.408, 9.744e-5
0.409, 1.013e-4
0.410, 9.920e-5
0.411, 1.127e-4
0.412, 1.226e-4
0.413, 1.327e-4
0.414, 1.466e-4
0.415, 1.613e-4
0.416, 1.798e-4
0.417, 2.029e-4
0.418, 2.300e-4
0.419, 2.635e-4
0.420, 3.014e-4
0.421, 3.480e-4
0.422, 4.029e-4
0.423, 4.671e-4
0.424, 5.450e-4
0.425, 6.339e-4
0.426, 7.334e-4
0.427, 8.488e-4
0.428, 9.801e-4
0.429, 1.129e-3
0.430, 1.289e-3
0.431, 1.455e-3
0.432, 1.623e-3
0.433, 1.786e-3
0.434, 1.952e-3
0.435, 2.116e-3
0.436, 2.276e-3
0.437, 2.437e-3
0.438, 2.589e-3
0.439, 2.734e-3
0.440, 2.869e-3
0.441, 2.991e-3
0.442, 3.104e-3
0.443, 3.197e-3
0.444, 3.273e-3
0.445, 3.331e-3
0.446, 3.363e-3
0.447, 3.371e-3
0.448, 3.355e-3
0.449, 3.312e-3
0.450, 3.241e-3
0.451, 3.152e-3
0.452, 3.037e-3
0.453, 2.902e-3
0.454, 2.748e-3
0.455, 2.584e-3
0.456, 2.412e-3
0.457, 2.241e-3
0.458, 2.074e-3
0.459, 1.913e-3
0.460, 1.759e-3
0.461, 1.623e-3
0.462, 1.497e-3
0.463, 1.385e-3
0.464, 1.281e-3
0.465, 1.195e-3
0.466, 1.115e-3
0.467, 1.043e-3
0.468, 9.820e-4
0.469, 9.275e-4
0.470, 8.802e-4
0.471, 8.355e-4
0.472, 7.953e-4
0.473, 7.603e-4
0.474, 7.262e-4
0.475, 6.980e-4
0.476, 6.714e-4
0.477, 6.464e-4
0.478, 6.240e-4
0.479, 6.029e-4
0.480, 5.840e-4
0.481, 5.662e-4
0.482, 5.480e-4
0.483, 5.317e-4
0.484, 5.187e-4
0.485, 5.045e-4
0.486, 4.925e-4
0.487, 4.813e-4
0.488, 4.678e-4
0.489, 4.573e-4
0.490, 4.458e-4
0.491, 4.367e-4
0.492, 4.281e-4
0.493, 4.193e-4
0.494, 4.105e-4
0.495, 4.019e-4
0.496, 3.951e-4
0.497, 3.874e-4
0.498, 3.810e-4
0.499, 3.736e-4
0.500, 3.663e-4
0.501, 3.610e-4
0.502, 3.545e-4
0.503, 3.491e-4
0.504, 3.443e-4
0.505, 3.393e-4
0.506, 3.326e-4
0.507, 3.280e-4
0.508, 3.240e-4
0.509, 3.190e-4
0.510, 3.147e-4
0.511, 3.103e-4
0.512, 3.104e-4
0.513, 3.035e-4
0.514, 2.993e-4
0.515, 2.961e-4
0.516, 2.914e-4
0.517, 2.874e-4
0.518, 2.838e-4
0.519, 2.808e-4
0.520, 2.774e-4
0.521, 2.753e-4
0.522, 2.706e-4
0.523, 2.676e-4
0.524, 2.651e-4
0.525, 2.601e-4
0.526, 2.592e-4
0.527, 2.549e-4
0.528, 2.522e-4
0.529, 2.505e-4
0.530, 2.473e-4
0.531, 2.447e-4
0.532, 2.425e-4
0.533, 2.400e-4
0.534, 2.380e-4
0.535, 2.349e-4
0.536, 2.339e-4
0.537, 2.310e-4
0.538, 2.295e-4
0.539, 2.265e-4
0.540, 2.251e-4
0.541, 2.222e-4
0.542, 2.207e-4
0.543, 2.193e-4
0.544, 2.183e-4
0.545, 2.155e-4
0.546, 2.136e-4
0.547, 2.126e-4
0.548, 2.110e-4
0.549, 2.092e-4
0.550, 2.072e-4
0.551, 2.064e-4
0.552, 2.059e-4
0.553, 2.036e-4
0.554, 2.035e-4
0.555, 2.028e-4
0.556, 2.009e-4
0.557, 2.002e-4
0.558, 2.002e-4
0.559, 1.980e-4
0.560, 1.973e-4
0.561, 1.974e-4
0.562, 1.966e-4
0.563, 1.967e-4
0.564, 1.964e-4
0.565, 1.950e-4
0.566, 1.958e-4
0.567, 1.945e-4
0.568, 1.946e-4
0.569, 1.956e-4
0.570, 1.951e-4
0.571, 1.954e-4
0.572, 1.959e-4
0.573, 1.942e-4
0.574, 1.954e-4
0.575, 1.967e-4
0.576, 1.960e-4
0.577, 1.979e-4
0.578, 1.980e-4
0.579, 1.996e-4
0.580, 2.021e-4
0.581, 2.025e-4
0.582, 2.045e-4
0.583, 2.058e-4
0.584, 2.074e-4
0.585, 2.101e-4
0.586, 2.119e-4
0.587, 2.158e-4
0.588, 2.180e-4
0.589, 2.211e-4
0.590, 2.239e-4
0.591, 2.269e-4
0.592, 2.298e-4
0.593, 2.341e-4
0.594, 2.383e-4
0.595, 2.428e-4
0.596, 2.475e-4
0.597, 2.513e-4
0.598, 2.578e-4
0.599, 2.625e-4
0.600, 2.688e-4
0.601, 2.744e-4
0.602, 2.795e-4
0.603, 2.873e-4
0.604, 2.943e-4
0.605, 3.014e-4
0.606, 3.092e-4
0.607, 3.181e-4
0.608, 3.263e-4
0.609, 3.366e-4
0.610, 3.453e-4
0.611, 3.562e-4
0.612, 3.673e-4
0.613, 3.788e-4
0.614, 3.898e-4
0.615, 4.017e-4
0.616, 4.164e-4
0.617, 4.308e-4
0.618, 4.449e-4
0.619, 4.619e-4
0.620, 4.790e-4
0.621, 4.953e-4
0.622, 5.138e-4
0.623, 5.326e-4
0.624, 5.518e-4
0.625, 5.724e-4
0.626, 5.951e-4
0.627, 6.170e-4
0.628, 6.407e-4
0.629, 6.644e-4
0.630, 6.914e-4
0.631, 7.177e-4
0.632, 7.443e-4
0.633, 7.729e-4
0.634, 8.028e-4
0.635, 8.348e-4
0.636, 8.692e-4
0.637, 9.011e-4
0.638, 9.362e-4
0.639, 9.728e-4
0.640, 1.011e-3
0.641, 1.050e-3
0.642, 1.092e-3
0.643, 1.136e-3
0.644, 1.179e-3
0.645, 1.224e-3
0.646, 1.270e-3
0.647, 1.317e-3
0.648, 1.369e-3
0.649, 1.422e-3
0.650, 1.474e-3
0.651, 1.529e-3
0.652, 1.590e-3
0.653, 1.646e-3
0.654, 1.706e-3
0.655, 1.767e-3
0.656, 1.834e-3
0.657, 1.901e-3
0.658, 1.968e-3
0.659, 2.038e-3
0.660, 2.110e-3
0.661, 2.184e-3
0.662, 2.255e-3
0.663, 2.334e-3
0.664, 2.417e-3
0.665, 2.496e-3
0.666, 2.583e-3
0.667, 2.668e-3
0.668, 2.753e-3
0.669, 2.844e-3
0.670, 2.937e-3
0.671, 3.031e-3
0.672, 3.128e-3
0.673, 3.223e-3
0.674, 3.325e-3
0.675, 3.427e-3
0.676, 3.530e-3
0.677, 3.637e-3
0.678, 3.742e-3
0.679, 3.851e-3
0.680, 3.964e-3
0.681, 4.079e-3
0.682, 4.195e-3
0.683, 4.314e-3
0.684, 4.433e-3
0.685, 4.555e-3
0.686, 4.675e-3
0.687, 4.800e-3
0.688, 4.929e-3
0.689, 5.059e-3
0.690, 5.188e-3
0.691, 5.323e-3
0.692, 5.457e-3
0.693, 5.593e-3
0.694, 5.733e-3
0.695, 5.872e-3
0.696, 6.012e-3
0.697, 6.152e-3
0.698, 6.300e-3
0.699, 6.448e-3
0.700, 6.598e-3
0.701, 6.748e-3
0.702, 6.898e-3
0.703, 7.053e-3
0.704, 7.208e-3
0.705, 7.366e-3
0.706, 7.526e-3
0.707, 7.686e-3
0.708, 7.852e-3
0.709, 8.016e-3
0.710, 8.181e-3
0.711, 8.354e-3
0.712, 8.527e-3
0.713, 8.698e-3
0.714, 8.869e-3
0.715, 9.041e-3
0.716, 9.214e-3
0.717, 9.404e-3
0.718, 9.587e-3
0.719, 9.763e-3
0.720, 9.940e-3
0.721, 1.012e-2
0.722, 1.031e-2
0.723, 1.050e-2
0.724, 1.070e-2
0.725, 1.089e-2
0.726, 1.108e-2
0.727, 1.127e-2
0.728, 1.147e-2
0.729, 1.166e-2
0.730, 1.185e-2
0.731, 1.204e-2
0.732, 1.225e-2
0.733, 1.245e-2
0.734, 1.266e-2
0.735, 1.286e-2
0.736, 1.307e-2
0.737, 1.328e-2
0.738, 1.348e-2
0.739, 1.369e-2
0.740, 1.389e-2
0.741, 1.409e-2
0.742, 1.431e-2
0.743, 1.452e-2
0.744, 1.474e-2
0.745, 1.495e-2
0.746, 1.517e-2
0.747, 1.540e-2
0.748, 1.561e-2
0.749, 1.584e-2
0.750, 1.606e-2
0.751, 1.628e-2
0.752, 1.652e-2
0.753, 1.674e-2
0.754, 1.696e-2
0.755, 1.719e-2
0.756, 1.742e-2
0.757, 1.764e-2
0.758, 1.786e-2
0.759, 1.809e-2
0.760, 1.832e-2
0.761, 1.856e-2
0.762, 1.879e-2
0.763, 1.903e-2
0.764, 1.928e-2
0.765, 1.954e-2
0.766, 1.977e-2
0.767, 1.999e-2
0.768, 2.024e-2
0.769, 2.048e-2
0.770, 2.073e-2
0.771, 2.097e-2
0.772, 2.121e-2
0.773, 2.145e-2
0.774, 2.169e-2
0.775, 2.193e-2
0.776, 2.216e-2
0.777, 2.242e-2
0.778, 2.268e-2
0.779, 2.294e-2
0.780, 2.318e-2
0.781, 2.342e-2
0.782, 2.369e-2
0.783, 2.395e-2
0.784, 2.419e-2
0.785, 2.442e-2
0.786, 2.467e-2
0.787, 2.492e-2
0.788, 2.518e-2
0.789, 2.545e-2
0.790, 2.571e-2
0.791, 2.595e-2
0.792, 2.620e-2
0.793, 2.645e-2
0.794, 2.672e-2
0.795, 2.698e-2
0.796, 2.724e-2
0.797, 2.750e-2
0.798, 2.776e-2
0.799, 2.802e-2
0.800, 2.819e-2
0.799, 2.799e-2
0.798, 2.771e-2
0.797, 2.743e-2
0.796, 2.716e-2
0.795, 2.688e-2
0.794, 2.660e-2
0.793, 2.631e-2
0.792, 2.604e-2
0.791, 2.577e-2
0.790, 2.549e-2
0.789, 2.521e-2
0.788, 2.493e-2
0.787, 2.465e-2
0.786, 2.439e-2
0.785, 2.412e-2
0.784, 2.384e-2
0.783, 2.357e-2
0.782, 2.330e-2
0.781, 2.303e-2
0.780, 2.276e-2
0.779, 2.251e-2
0.778, 2.225e-2
0.777, 2.200e-2
0.776, 2.175e-2
0.775, 2.150e-2
0.774, 2.124e-2
0.773, 2.099e-2
0.772, 2.075e-2
0.771, 2.049e-2
0.770, 2.022e-2
0.769, 1.997e-2
0.768, 1.973e-2
0.767, 1.949e-2
0.766, 1.926e-2
0.765, 1.901e-2
0.764, 1.875e-2
0.763, 1.850e-2
0.762, 1.826e-2
0.761, 1.801e-2
0.760, 1.778e-2
0.759, 1.755e-2
0.758, 1.732e-2
0.757, 1.709e-2
0.756, 1.687e-2
0.755, 1.663e-2
0.754, 1.640e-2
0.753, 1.616e-2
0.752, 1.594e-2
0.751, 1.573e-2
0.750, 1.550e-2
0.749, 1.528e-2
0.748, 1.505e-2
0.747, 1.483e-2
0.746, 1.461e-2
0.745, 1.439e-2
0.744, 1.418e-2
0.743, 1.396e-2
0.742, 1.376e-2
0.741, 1.355e-2
0.740, 1.334e-2
0.739, 1.315e-2
0.738, 1.293e-2
0.737, 1.273e-2
0.736, 1.252e-2
0.735, 1.231e-2
0.734, 1.211e-2
0.733, 1.191e-2
0.732, 1.172e-2
0.731, 1.152e-2
0.730, 1.133e-2
0.729, 1.114e-2
0.728, 1.094e-2
0.727, 1.075e-2
0.726, 1.056e-2
0.725, 1.037e-2
0.724, 1.019e-2
0.723, 1.000e-2
0.722, 9.820e-3
0.721, 9.639e-3
0.720, 9.460e-3
0.719, 9.280e-3
0.718, 9.102e-3
0.717, 8.921e-3
0.716, 8.743e-3
0.715, 8.575e-3
0.714, 8.410e-3
0.713, 8.243e-3
0.712, 8.077e-3
0.711, 7.916e-3
0.710, 7.752e-3
0.709, 7.586e-3
0.708, 7.423e-3
0.707, 7.267e-3
0.706, 7.107e-3
0.705, 6.952e-3
0.704, 6.799e-3
0.703, 6.645e-3
0.702, 6.500e-3
0.701, 6.351e-3
0.700, 6.202e-3
0.699, 6.060e-3
0.698, 5.919e-3
0.697, 5.780e-3
0.696, 5.640e-3
0.695, 5.503e-3
0.694, 5.370e-3
0.693, 5.236e-3
0.692, 5.108e-3
0.691, 4.977e-3
0.690, 4.848e-3
0.689, 4.722e-3
0.688, 4.600e-3
0.687, 4.478e-3
0.686, 4.356e-3
0.685, 4.233e-3
0.684, 4.114e-3
0.683, 3.999e-3
0.682, 3.885e-3
0.681, 3.770e-3
0.680, 3.662e-3
0.679, 3.553e-3
0.678, 3.449e-3
0.677, 3.344e-3
0.676, 3.239e-3
0.675, 3.143e-3
0.674, 3.045e-3
0.673, 2.949e-3
0.672, 2.855e-3
0.671, 2.752e-3
0.670, 2.667e-3
0.669, 2.578e-3
0.668, 2.488e-3
0.667, 2.408e-3
0.666, 2.324e-3
0.665, 2.242e-3
0.664, 2.167e-3
0.663, 2.091e-3
0.662, 2.015e-3
0.661, 1.941e-3
0.660, 1.870e-3
0.659, 1.798e-3
0.658, 1.730e-3
0.657, 1.666e-3
0.656, 1.602e-3
0.655, 1.536e-3
0.654, 1.476e-3
0.653, 1.418e-3
0.652, 1.360e-3
0.651, 1.302e-3
0.650, 1.249e-3
0.649, 1.198e-3
0.648, 1.147e-3
0.647, 1.096e-3
0.646, 1.047e-3
0.645, 1.000e-3
0.644, 9.543e-4
0.643, 9.114e-4
0.642, 8.704e-4
0.641, 8.276e-4
0.640, 7.883e-4
0.639, 7.509e-4
0.638, 7.143e-4
0.637, 6.788e-4
0.636, 6.448e-4
0.635, 6.116e-4
0.634, 5.796e-4
0.633, 5.493e-4
0.632, 5.192e-4
0.631, 4.915e-4
0.630, 4.642e-4
0.629, 4.377e-4
0.628, 4.126e-4
0.627, 3.899e-4
0.626, 3.677e-4
0.625, 3.447e-4
0.624, 3.240e-4
0.623, 3.032e-4
0.622, 2.853e-4
0.621, 2.679e-4
0.620, 2.497e-4
0.619, 2.329e-4
0.618, 2.164e-4
0.617, 2.009e-4
0.616, 1.854e-4
0.615, 1.713e-4
0.614, 1.593e-4
0.613, 1.452e-4
0.612, 1.318e-4
0.611, 1.196e-4
0.610, 1.084e-4
0.609, 9.764e-5
0.608, 8.660e-5
0.607, 7.665e-5
0.606, 6.698e-5
0.605, 5.790e-5
0.604, 4.911e-5
0.603, 4.032e-5
0.602, 3.408e-5
0.601, 2.636e-5
0.600, 1.914e-5
0.599, 1.133e-5
0.598, 5.761e-6
0.597, -7.811e-7
0.596, -7.030e-6
0.595, -1.318e-5
0.594, -1.748e-5
0.593, -2.304e-5
0.592, -2.792e-5
0.591, -3.329e-5
0.590, -3.642e-5
0.589, -4.189e-5
0.588, -4.599e-5
0.587, -4.989e-5
0.586, -5.292e-5
0.585, -5.692e-5
0.584, -6.044e-5
0.583, -6.317e-5
0.582, -6.678e-5
0.581, -6.932e-5
0.580, -7.225e-5
0.579, -7.489e-5
0.578, -7.713e-5
0.577, -8.026e-5
0.576, -8.026e-5
0.575, -8.524e-5
0.574, -8.631e-5
0.573, -8.944e-5
0.572, -9.139e-5
0.571, -9.403e-5
0.570, -9.569e-5
0.569, -9.793e-5
0.568, -9.852e-5
0.567, -1.011e-4
0.566, -1.034e-4
0.565, -1.050e-4
0.564, -1.078e-4
0.563, -1.089e-4
0.562, -1.093e-4
0.561, -1.114e-4
0.560, -1.133e-4
0.559, -1.150e-4
0.558, -1.162e-4
0.557, -1.184e-4
0.556, -1.186e-4
0.555, -1.203e-4
0.554, -1.224e-4
0.553, -1.241e-4
0.552, -1.243e-4
0.551, -1.251e-4
0.550, -1.265e-4
0.549, -1.282e-4
0.548, -1.299e-4
0.547, -1.311e-4
0.546, -1.332e-4
0.545, -1.342e-4
0.544, -1.354e-4
0.543, -1.369e-4
0.542, -1.381e-4
0.541, -1.385e-4
0.540, -1.405e-4
0.539, -1.407e-4
0.538, -1.433e-4
0.537, -1.456e-4
0.536, -1.451e-4
0.535, -1.467e-4
0.534, -1.479e-4
0.533, -1.493e-4
0.532, -1.509e-4
0.531, -1.516e-4
0.530, -1.526e-4
0.529, -1.542e-4
0.528, -1.557e-4
0.527, -1.555e-4
0.526, -1.573e-4
0.525, -1.582e-4
0.524, -1.597e-4
0.523, -1.598e-4
0.522, -1.622e-4
0.521, -1.637e-4
0.520, -1.640e-4
0.519, -1.657e-4
0.518, -1.662e-4
0.517, -1.681e-4
0.516, -1.696e-4
0.515, -1.697e-4
0.514, -1.716e-4
0.513, -1.733e-4
0.512, -1.783e-4
0.511, -1.778e-4
0.510, -1.771e-4
0.509, -1.773e-4
0.508, -1.794e-4
0.507, -1.802e-4
0.506, -1.822e-4
0.505, -1.834e-4
0.504, -1.836e-4
0.503, -1.855e-4
0.502, -1.864e-4
0.501, -1.877e-4
0.500, -1.894e-4
0.499, -1.887e-4
0.498, -1.920e-4
0.497, -1.925e-4
0.496, -1.929e-4
0.495, -1.957e-4
0.494, -1.971e-4
0.493, -1.981e-4
0.492, -1.994e-4
0.491, -2.005e-4
0.490, -2.019e-4
0.489, -2.028e-4
0.488, -2.044e-4
0.487, -2.064e-4
0.486, -2.088e-4
0.485, -2.090e-4
0.484, -2.106e-4
0.483, -2.120e-4
0.482, -2.153e-4
0.481, -2.164e-4
0.480, -2.179e-4
0.479, -2.209e-4
0.478, -2.221e-4
0.477, -2.227e-4
0.476, -2.253e-4
0.475, -2.275e-4
0.474, -2.291e-4
0.473, -2.312e-4
0.472, -2.335e-4
0.471, -2.366e-4
0.470, -2.377e-4
0.469, -2.410e-4
0.468, -2.453e-4
0.467, -2.459e-4
0.466, -2.496e-4
0.465, -2.534e-4
0.464, -2.546e-4
0.463, -2.589e-4
0.462, -2.618e-4
0.461, -2.661e-4
0.460, -2.705e-4
0.459, -2.725e-4
0.458, -2.765e-4
0.457, -2.808e-4
0.456, -2.862e-4
0.455, -2.908e-4
0.454, -2.932e-4
0.453, -2.992e-4
0.452, -3.045e-4
0.451, -3.087e-4
0.450, -3.152e-4
0.449, -3.215e-4
0.448, -3.265e-4
0.447, -3.319e-4
0.446, -3.383e-4
0.445, -3.447e-4
0.444, -3.531e-4
0.443, -3.601e-4
0.442, -3.683e-4
0.441, -3.747e-4
0.440, -3.826e-4
0.439, -3.916e-4
0.438, -3.978e-4
0.437, -4.082e-4
0.436, -4.160e-4
0.435, -4.261e-4
0.434, -4.362e-4
0.433, -4.441e-4
0.432, -4.529e-4
0.431, -4.635e-4
0.430, -4.722e-4
0.429, -4.833e-4
0.428, -4.944e-4
0.427, -5.057e-4
0.426, -5.179e-4
0.425, -5.296e-4
0.424, -5.429e-4
0.423, -5.564e-4
0.422, -5.678e-4
0.421, -5.841e-4
0.420, -6.018e-4
0.419, -6.170e-4
0.418, -6.358e-4
0.417, -6.521e-4
0.416, -6.699e-4
0.415, -6.882e-4
0.414, -7.077e-4
0.413, -7.269e-4
0.412, -7.470e-4
0.411, -7.694e-4
0.410, -7.811e-4
0.409, -7.782e-4
0.408, -8.161e-4
0.407, -8.499e-4
0.406, -8.810e-4
0.405, -9.123e-4
0.404, -9.436e-4
0.403, -9.768e-4
0.402, -1.012e-3
0.401, -1.047e-3
0.400, -1.085e-3
0.399, -1.125e-3
0.398, -1.166e-3
0.397, -1.206e-3
0.396, -1.248e-3
0.395, -1.294e-3
0.394, -1.343e-3
0.393, -1.395e-3
0.392, -1.448e-3
0.391, -1.503e-3
0.390, -1.559e-3
0.389, -1.618e-3
0.388, -1.676e-3
0.387, -1.733e-3
0.386, -1.792e-3
0.385, -1.854e-3
0.384, -1.916e-3
0.383, -1.979e-3
0.382, -2.038e-3
0.381, -2.098e-3
0.380, -2.153e-3
0.379, -2.205e-3
0.378, -2.253e-3
0.377, -2.295e-3
0.376, -2.332e-3
0.375, -2.365e-3
0.374, -2.388e-3
0.373, -2.406e-3
0.372, -2.413e-3
0.371, -2.407e-3
0.370, -2.394e-3
0.369, -2.369e-3
0.368, -2.330e-3
0.367, -2.276e-3
0.366, -2.207e-3
0.365, -2.123e-3
0.364, -2.020e-3
0.363, -1.904e-3
0.362, -1.775e-3
0.361, -1.636e-3
0.360, -1.488e-3
0.359, -1.339e-3
0.358, -1.196e-3
0.357, -1.062e-3
0.356, -9.397e-4
0.355, -8.320e-4
0.354, -7.401e-4
0.353, -6.656e-4
0.352, -6.005e-4
0.351, -5.456e-4
0.350, -4.995e-4
0.349, -4.622e-4
0.348, -4.312e-4
0.347, -4.039e-4
0.346, -3.789e-4
0.345, -3.578e-4
0.344, -3.408e-4
0.343, -3.244e-4
0.342, -3.098e-4
0.341, -2.969e-4
0.340, -2.859e-4
0.339, -2.756e-4
0.338, -2.665e-4
0.337, -2.588e-4
0.336, -2.497e-4
0.335, -2.435e-4
0.334, -2.372e-4
0.333, -2.316e-4
0.332, -2.253e-4
0.331, -2.203e-4
0.330, -2.149e-4
0.329, -2.096e-4
0.328, -2.059e-4
0.327, -2.016e-4
0.326, -1.973e-4
0.325, -1.941e-4
0.324, -1.906e-4
0.323, -1.871e-4
0.322, -1.832e-4
0.321, -1.810e-4
0.320, -1.776e-4
0.319, -1.748e-4
0.318, -1.724e-4
0.317, -1.700e-4
0.316, -1.670e-4
0.315, -1.641e-4
0.314, -1.615e-4
0.313, -1.593e-4
0.312, -1.572e-4
0.311, -1.547e-4
0.310, -1.526e-4
0.309, -1.506e-4
0.308, -1.483e-4
0.307, -1.474e-4
0.306, -1.449e-4
0.305, -1.434e-4
0.304, -1.405e-4
0.303, -1.385e-4
0.302, -1.373e-4
0.301, -1.359e-4
0.300, -1.333e-4
0.299, -1.315e-4
0.298, -1.302e-4
0.297, -1.288e-4
0.296, -1.264e-4
0.295, -1.252e-4
0.294, -1.233e-4
0.293, -1.220e-4
0.292, -1.202e-4
0.291, -1.188e-4
0.290, -1.178e-4
0.289, -1.166e-4
0.288, -1.151e-4
0.287, -1.134e-4
0.286, -1.123e-4
0.285, -1.107e-4
0.284, -1.100e-4
0.283, -1.084e-4
0.282, -1.077e-4
0.281, -1.065e-4
0.280, -1.044e-4
0.279, -1.033e-4
0.278, -1.029e-4
0.277, -1.016e-4
0.276, -1.002e-4
0.275, -9.900e-5
0.274, -9.871e-5
0.273, -9.734e-5
0.272, -9.588e-5
0.271, -9.637e-5
0.270, -9.510e-5
0.269, -9.334e-5
0.268, -9.246e-5
0.267, -9.168e-5
0.266, -9.051e-5
0.265, -9.012e-5
0.264, -8.875e-5
0.263, -8.846e-5
0.262, -8.866e-5
0.261, -8.719e-5
0.260, -8.592e-5
0.259, -8.543e-5
0.258, -8.494e-5
0.257, -8.446e-5
0.256, -8.358e-5
0.255, -8.338e-5
0.254, -8.270e-5
0.253, -8.172e-5
0.252, -8.153e-5
0.251, -8.036e-5
0.250, -7.948e-5
0.249, -7.860e-5
0.248, -7.831e-5
0.247, -7.782e-5
0.246, -7.733e-5
0.245, -7.704e-5
0.244, -7.684e-5
0.243, -7.616e-5
0.242, -7.518e-5
0.241, -7.508e-5
0.240, -7.411e-5
0.239, -7.440e-5
0.238, -7.333e-5
0.237, -7.245e-5
0.236, -7.294e-5
0.235, -7.206e-5
0.234, -7.157e-5
0.233, -7.089e-5
0.232, -7.059e-5
0.231, -7.030e-5
0.230, -6.991e-5
0.229, -6.942e-5
0.228, -6.864e-5
0.227, -6.805e-5
0.226, -6.835e-5
0.225, -6.815e-5
0.224, -6.747e-5
0.223, -6.659e-5
0.222, -6.591e-5
0.221, -6.591e-5
0.220, -6.600e-5
0.219, -6.581e-5
0.218, -6.532e-5
0.217, -6.386e-5
0.216, -6.503e-5
0.215, -6.434e-5
0.214, -6.366e-5
0.213, -6.346e-5
0.212, -6.415e-5
0.211, -6.337e-5
0.210, -6.268e-5
0.209, -6.298e-5
0.208, -6.288e-5
0.207, -6.239e-5
0.206, -6.161e-5
0.205, -6.083e-5
0.204, -6.044e-5
0.203, -6.112e-5
0.202, -6.063e-5
0.201, -6.044e-5
0.200, -6.093e-5
0.199, -6.024e-5
0.198, -5.907e-5
0.197, -6.005e-5
0.196, -5.936e-5
0.195, -5.897e-5
0.194, -5.907e-5
0.193, -5.956e-5
0.192, -5.878e-5
0.191, -5.888e-5
0.190, -5.858e-5
0.189, -5.809e-5
0.188, -5.790e-5
0.187, -5.741e-5
0.186, -5.741e-5
0.185, -5.722e-5
0.184, -5.741e-5
0.183, -5.741e-5
0.182, -5.663e-5
0.181, -5.702e-5
0.180, -5.741e-5
0.179, -5.604e-5
0.178, -5.595e-5
0.177, -5.634e-5
0.176, -5.556e-5
0.175, -5.546e-5
0.174, -5.595e-5
0.173, -5.517e-5
0.172, -5.507e-5
0.171, -5.487e-5
0.170, -5.487e-5
0.169, -5.526e-5
0.168, -5.477e-5
0.167, -5.487e-5
0.166, -5.438e-5
0.165, -5.438e-5
0.164, -5.477e-5
0.163, -5.380e-5
0.162, -5.409e-5
0.161, -5.429e-5
0.160, -5.399e-5
0.159, -5.390e-5
0.158, -5.360e-5
0.157, -5.351e-5
0.156, -5.409e-5
0.155, -5.399e-5
0.154, -5.282e-5
0.153, -5.390e-5
0.152, -5.351e-5
0.151, -5.331e-5
0.150, -5.292e-5
0.149, -5.272e-5
0.148, -5.351e-5
0.147, -5.292e-5
0.146, -5.233e-5
0.145, -5.243e-5
0.144, -5.282e-5
0.143, -5.175e-5
0.142, -5.243e-5
0.141, -5.302e-5
0.140, -5.224e-5
0.139, -5.214e-5
0.138, -5.175e-5
0.137, -5.233e-5
0.136, -5.224e-5
0.135, -5.185e-5
0.134, -5.185e-5
0.133, -5.146e-5
0.132, -5.116e-5
0.131, -5.126e-5
0.130, -5.175e-5
0.129, -5.126e-5
0.128, -5.087e-5
0.127, -5.116e-5
0.126, -5.185e-5
0.125, -5.175e-5
0.124, -5.155e-5
0.123, -5.175e-5
0.122, -5.116e-5
0.121, -5.048e-5
0.120, -5.097e-5
0.119, -5.038e-5
0.118, -5.009e-5
0.117, -5.067e-5
0.116, -5.048e-5
0.115, -5.077e-5
0.114, -5.019e-5
0.113, -4.950e-5
0.112, -5.028e-5
0.111, -4.970e-5
0.110, -5.019e-5
0.109, -5.048e-5
0.108, -4.970e-5
0.107, -4.989e-5
0.106, -4.931e-5
0.105, -5.028e-5
0.104, -5.028e-5
0.103, -4.989e-5
0.102, -4.989e-5
0.101, -4.989e-5
0.100, -4.960e-5
0.099, -4.940e-5
0.098, -4.911e-5
0.097, -4.940e-5
0.096, -4.872e-5
0.095, -4.911e-5
0.094, -4.940e-5
0.093, -4.892e-5
0.092, -4.892e-5
0.091, -4.882e-5
0.090, -4.901e-5
0.089, -4.833e-5
0.088, -4.853e-5
0.087, -4.931e-5
0.086, -4.921e-5
0.085, -4.921e-5
0.084, -4.872e-5
0.083, -4.872e-5
0.082, -4.892e-5
0.081, -4.814e-5
0.080, -4.833e-5
0.079, -4.784e-5
0.078, -4.784e-5
0.077, -4.843e-5
0.076, -4.804e-5
0.075, -4.843e-5
0.074, -4.814e-5
0.073, -4.774e-5
0.072, -4.726e-5
0.071, -4.755e-5
0.070, -4.774e-5
0.069, -4.735e-5
0.068, -4.667e-5
0.067, -4.735e-5
0.066, -4.765e-5
0.065, -4.687e-5
0.064, -4.706e-5
0.063, -4.745e-5
0.062, -4.696e-5
0.061, -4.706e-5
0.060, -4.618e-5
0.059, -4.667e-5
0.058, -4.589e-5
0.057, -4.638e-5
0.056, -4.628e-5
0.055, -4.667e-5
0.054, -4.677e-5
0.053, -4.628e-5
0.052, -4.667e-5
0.051, -4.560e-5
0.050, -4.560e-5
0.049, -4.618e-5
0.048, -4.550e-5
0.047, -4.589e-5
0.046, -4.589e-5
0.045, -4.530e-5
0.044, -4.560e-5
0.043, -4.599e-5
0.042, -4.589e-5
0.041, -4.530e-5
0.040, -4.609e-5
0.039, -4.569e-5
0.038, -4.560e-5
0.037, -4.530e-5
0.036, -4.472e-5
0.035, -4.452e-5
0.034, -4.530e-5
0.033, -4.501e-5
0.032, -4.472e-5
0.031, -4.452e-5
0.030, -4.482e-5
0.029, -4.452e-5
0.028, -4.403e-5
0.027, -4.472e-5
0.026, -4.423e-5
0.025, -4.443e-5
0.024, -4.491e-5
0.023, -4.462e-5
0.022, -4.355e-5
0.021, -4.491e-5
0.020, -4.521e-5
0.019, -4.374e-5
0.018, -4.443e-5
0.017, -4.433e-5
0.016, -4.423e-5
0.015, -4.394e-5
0.014, -4.355e-5
0.013, -4.345e-5
0.012, -4.413e-5
0.011, -4.345e-5
0.010, -4.277e-5
0.009, -4.364e-5
0.008, -4.423e-5
0.007, -4.325e-5
0.006, -4.355e-5
0.005, -4.394e-5
0.004, -4.374e-5
0.003, -4.335e-5
0.002, -4.267e-5
0.001, -4.306e-5
0.000, -3.798e-5
0.001, -2.714e-5
0.002, -2.490e-5
0.003, -2.314e-5
0.004, -2.216e-5
0.005, -2.168e-5
0.006, -1.982e-5
0.007, -1.963e-5
0.008, -1.943e-5
0.009, -1.894e-5
0.010, -1.738e-5
0.011, -1.738e-5
0.012, -1.650e-5
0.013, -1.621e-5
0.014, -1.504e-5
0.015, -1.523e-5
0.016, -1.494e-5
0.017, -1.455e-5
0.018, -1.396e-5
0.019, -1.338e-5
0.020, -1.347e-5
0.021, -1.279e-5
0.022, -1.260e-5
0.023, -1.230e-5
0.024, -1.123e-5
0.025, -1.240e-5
0.026, -1.162e-5
0.027, -1.113e-5
0.028, -1.133e-5
0.029, -1.094e-5
0.030, -1.113e-5
0.031, -9.569e-6
0.032, -1.025e-5
0.033, -1.064e-5
0.034, -1.035e-5
0.035, -9.764e-6
0.036, -9.569e-6
0.037, -9.569e-6
0.038, -9.373e-6
0.039, -8.787e-6
0.040, -9.080e-6
0.041, -9.178e-6
0.042, -8.787e-6
0.043, -8.885e-6
0.044, -7.811e-6
0.045, -8.787e-6
0.046, -8.006e-6
0.047, -7.030e-6
0.048, -7.616e-6
0.049, -8.299e-6
0.050, -7.811e-6
0.051, -7.420e-6
0.052, -7.323e-6
0.053, -7.323e-6
0.054, -7.128e-6
0.055, -7.225e-6
0.056, -6.835e-6
0.057, -6.639e-6
0.058, -6.542e-6
0.059, -6.542e-6
0.060, -6.444e-6
0.061, -6.444e-6
0.062, -6.737e-6
0.063, -5.956e-6
0.064, -5.858e-6
0.065, -5.761e-6
0.066, -6.054e-6
0.067, -5.468e-6
0.068, -6.151e-6
0.069, -5.663e-6
0.070, -5.468e-6
0.071, -5.761e-6
0.072, -5.956e-6
0.073, -5.272e-6
0.074, -5.175e-6
0.075, -4.491e-6
0.076, -4.101e-6
0.077, -4.784e-6
0.078, -4.394e-6
0.079, -3.808e-6
0.080, -4.296e-6
0.081, -4.003e-6
0.082, -3.417e-6
0.083, -4.198e-6
0.084, -3.222e-6
0.085, -3.906e-6
0.086, -4.296e-6
0.087, -4.101e-6
0.088, -3.906e-6
0.089, -3.906e-6
0.090, -3.222e-6
0.091, -2.832e-6
0.092, -3.906e-6
0.093, -3.710e-6
0.094, -4.101e-6
0.095, -3.124e-6
0.096, -2.148e-6
0.097, -2.734e-6
0.098, -3.027e-6
0.099, -3.515e-6
0.100, -2.343e-6
0.101, -3.320e-6
0.102, -2.539e-6
0.103, -2.539e-6
0.104, -2.441e-6
0.105, -2.734e-6
0.106, -2.832e-6
0.107, -2.246e-6
0.108, -1.953e-6
0.109, -2.441e-6
0.110, -2.343e-6
0.111, -1.855e-6
0.112, -2.148e-6
0.113, -2.050e-6
0.114, -1.465e-6
0.115, -1.953e-6
0.116, -1.953e-6
0.117, -1.367e-6
0.118, -8.787e-7
0.119, -1.757e-6
0.120, -2.148e-6
0.121, -1.074e-6
0.122, -6.835e-7
0.123, -1.269e-6
0.124, -1.269e-6
0.125, -1.074e-6
0.126, -6.835e-7
0.127, -5.858e-7
0.128, -5.858e-7
0.129, -2.929e-7
0.130, -4.283e-12
0.131, -7.811e-7
0.132, -8.787e-7
0.133, -5.858e-7
0.134, -3.906e-7
0.135, 2.929e-7
0.136, -2.929e-7
0.137, 2.929e-7
0.138, 9.763e-8
0.139, 3.905e-7
0.140, 3.905e-7
0.141, 2.929e-7
0.142, -9.764e-8
0.143, 5.858e-7
0.144, -9.764e-8
0.145, 9.763e-8
0.146, 8.787e-7
0.147, 6.835e-7
0.148, 7.811e-7
0.149, 1.367e-6
0.150, 1.367e-6
0.151, 1.172e-6
0.152, 8.787e-7
0.153, 1.367e-6
0.154, 1.855e-6
0.155, 1.269e-6
0.156, 1.172e-6
0.157, 1.367e-6
0.158, 1.172e-6
0.159, 1.855e-6
0.160, 1.269e-6
0.161, 1.660e-6
0.162, 1.074e-6
0.163, 1.465e-6
0.164, 1.660e-6
0.165, 2.148e-6
0.166, 1.172e-6
0.167, 1.269e-6
0.168, 2.343e-6
0.169, 1.660e-6
0.170, 1.562e-6
0.171, 1.562e-6
0.172, 2.539e-6
0.173, 1.660e-6
0.174, 1.953e-6
0.175, 2.343e-6
0.176, 2.636e-6
0.177, 2.831e-6
0.178, 2.441e-6
0.179, 2.246e-6
0.180, 2.441e-6
0.181, 3.027e-6
0.182, 3.613e-6
0.183, 2.734e-6
0.184, 3.515e-6
0.185, 2.636e-6
0.186, 3.417e-6
0.187, 3.417e-6
0.188, 3.417e-6
0.189, 3.515e-6
0.190, 3.320e-6
0.191, 3.710e-6
0.192, 3.808e-6
0.193, 3.613e-6
0.194, 3.417e-6
0.195, 4.296e-6
0.196, 4.198e-6
0.197, 4.003e-6
0.198, 3.613e-6
0.199, 4.003e-6
0.200, 4.003e-6
0.201, 4.003e-6
0.202, 4.491e-6
0.203, 4.589e-6
0.204, 4.296e-6
0.205, 4.003e-6
0.206, 4.198e-6
0.207, 4.589e-6
0.208, 5.077e-6
0.209, 5.077e-6
0.210, 5.370e-6
0.211, 5.272e-6
0.212, 5.077e-6
0.213, 5.370e-6
0.214, 5.663e-6
0.215, 5.272e-6
0.216, 5.272e-6
0.217, 5.468e-6
0.218, 5.565e-6
0.219, 5.663e-6
0.220, 5.956e-6
0.221, 6.346e-6
0.222, 6.835e-6
0.223, 6.835e-6
0.224, 7.030e-6
0.225, 7.420e-6
0.226, 7.030e-6
0.227, 7.225e-6
0.228, 7.420e-6
0.229, 7.420e-6
0.230, 6.835e-6
0.231, 7.713e-6
0.232, 7.420e-6
0.233, 7.811e-6
0.234, 8.787e-6
0.235, 8.299e-6
0.236, 8.983e-6
0.237, 8.592e-6
0.238, 8.885e-6
0.239, 9.861e-6
0.240, 8.787e-6
0.241, 9.959e-6
0.242, 9.764e-6
0.243, 8.397e-6
0.244, 9.959e-6
0.245, 1.035e-5
0.246, 1.035e-5
0.247, 1.074e-5
0.248, 1.074e-5
0.249, 1.045e-5
0.250, 1.084e-5
0.251, 1.142e-5
0.252, 1.220e-5
0.253, 1.220e-5
0.254, 1.172e-5
0.255, 1.279e-5
0.256, 1.220e-5
0.257, 1.269e-5
0.258, 1.338e-5
0.259, 1.250e-5
0.260, 1.347e-5
0.261, 1.338e-5
0.262, 1.435e-5
0.263, 1.338e-5
0.264, 1.416e-5
0.265, 1.455e-5
0.266, 1.435e-5
0.267, 1.543e-5
0.268, 1.465e-5
0.269, 1.504e-5
0.270, 1.543e-5
0.271, 1.582e-5
0.272, 1.660e-5
0.273, 1.699e-5
0.274, 1.601e-5
0.275, 1.738e-5
0.276, 1.709e-5
0.277, 1.738e-5
0.278, 1.748e-5
0.279, 1.826e-5
0.280, 1.826e-5
0.281, 1.865e-5
0.282, 1.923e-5
0.283, 1.933e-5
0.284, 1.884e-5
0.285, 1.904e-5
0.286, 1.943e-5
0.287, 2.021e-5
0.288, 2.070e-5
0.289, 2.129e-5
0.290, 2.050e-5
0.291, 2.129e-5
0.292, 2.168e-5
0.293, 2.226e-5
0.294, 2.226e-5
0.295, 2.207e-5
0.296, 2.314e-5
0.297, 2.324e-5
0.298, 2.343e-5
0.299, 2.343e-5
0.300, 2.285e-5
0.301, 2.412e-5
0.302, 2.480e-5
0.303, 2.470e-5
0.304, 2.539e-5
0.305, 2.568e-5
0.306, 2.597e-5
0.307, 2.666e-5
0.308, 2.666e-5
0.309, 2.636e-5
0.310, 2.646e-5
0.311, 2.773e-5
0.312, 2.763e-5
0.313, 2.812e-5
0.314, 2.792e-5
0.315, 2.812e-5
0.316, 2.861e-5
0.317, 2.939e-5
0.318, 3.027e-5
0.319, 2.997e-5
0.320, 2.958e-5
0.321, 3.056e-5
0.322, 3.007e-5
0.323, 3.105e-5
0.324, 3.144e-5
0.325, 3.154e-5
0.326, 3.222e-5
0.327, 3.251e-5
0.328, 3.222e-5
0.329, 3.359e-5
0.330, 3.378e-5
0.331, 3.417e-5
0.332, 3.398e-5
0.333, 3.466e-5
0.334, 3.495e-5
0.335, 3.447e-5
0.336, 3.476e-5
0.337, 3.515e-5
0.338, 3.583e-5
0.339, 3.593e-5
0.340, 3.593e-5
0.341, 3.671e-5
0.342, 3.749e-5
0.343, 3.749e-5
0.344, 3.798e-5
0.345, 3.808e-5
0.346, 3.847e-5
0.347, 3.896e-5
0.348, 3.906e-5
0.349, 3.964e-5
0.350, 4.052e-5
0.351, 4.071e-5
0.352, 4.032e-5
0.353, 4.120e-5
0.354, 4.042e-5
0.355, 4.140e-5
0.356, 4.237e-5
0.357, 4.198e-5
0.358, 4.257e-5
0.359, 4.325e-5
0.360, 4.345e-5
0.361, 4.462e-5
0.362, 4.433e-5
0.363, 4.452e-5
0.364, 4.550e-5
0.365, 4.540e-5
0.366, 4.609e-5
0.367, 4.667e-5
0.368, 4.677e-5
0.369, 4.774e-5
0.370, 4.901e-5
0.371, 4.833e-5
0.372, 4.872e-5
0.373, 4.931e-5
0.374, 4.980e-5
0.375, 5.038e-5
0.376, 5.165e-5
0.377, 5.243e-5
0.378, 5.263e-5
0.379, 5.390e-5
0.380, 5.380e-5
0.381, 5.409e-5
0.382, 5.487e-5
0.383, 5.507e-5
0.384, 5.692e-5
0.385, 5.770e-5
0.386, 5.741e-5
0.387, 5.829e-5
0.388, 6.024e-5
0.389, 6.102e-5
0.390, 6.161e-5
0.391, 6.268e-5
0.392, 6.307e-5
0.393, 6.473e-5
0.394, 6.620e-5
0.395, 6.678e-5
0.396, 6.835e-5
0.397, 6.864e-5
0.398, 7.040e-5
0.399, 7.206e-5
0.400, 7.391e-5
0.401, 7.616e-5
0.402, 7.850e-5
0.403, 8.055e-5
0.404, 8.348e-5
0.405, 8.690e-5
0.406, 8.944e-5
0.407, 9.315e-5
0.408, 9.813e-5
0.409, 1.020e-4
0.410, 9.959e-5
0.411, 1.138e-4
0.412, 1.240e-4
0.413, 1.350e-4
0.414, 1.491e-4
0.415, 1.643e-4
0.416, 1.837e-4
0.417, 2.069e-4
0.418, 2.356e-4
0.419, 2.690e-4
0.420, 3.092e-4
0.421, 3.575e-4
0.422, 4.143e-4
0.423, 4.807e-4
0.424, 5.614e-4
0.425, 6.529e-4
0.426, 7.564e-4
0.427, 8.758e-4
0.428, 1.010e-3
0.429, 1.164e-3
0.430, 1.326e-3
0.431, 1.496e-3
0.432, 1.665e-3
0.433, 1.832e-3
0.434, 1.998e-3
0.435, 2.164e-3
0.436, 2.328e-3
0.437, 2.488e-3
0.438, 2.644e-3
0.439, 2.790e-3
0.440, 2.929e-3
0.441, 3.053e-3
0.442, 3.162e-3
0.443, 3.255e-3
0.444, 3.334e-3
0.445, 3.388e-3
0.446, 3.422e-3
0.447, 3.428e-3
0.448, 3.409e-3
0.449, 3.363e-3
0.450, 3.292e-3
0.451, 3.199e-3
0.452, 3.082e-3
0.453, 2.941e-3
0.454, 2.786e-3
0.455, 2.619e-3
0.456, 2.440e-3
0.457, 2.268e-3
0.458, 2.098e-3
0.459, 1.935e-3
0.460, 1.781e-3
0.461, 1.643e-3
0.462, 1.513e-3
0.463, 1.399e-3
0.464, 1.295e-3
0.465, 1.208e-3
0.466, 1.130e-3
0.467, 1.058e-3
0.468, 9.958e-4
0.469, 9.381e-4
0.470, 8.902e-4
0.471, 8.443e-4
0.472, 8.041e-4
0.473, 7.682e-4
0.474, 7.340e-4
0.475, 7.062e-4
0.476, 6.787e-4
0.477, 6.535e-4
0.478, 6.314e-4
0.479, 6.105e-4
0.480, 5.893e-4
0.481, 5.722e-4
0.482, 5.535e-4
0.483, 5.376e-4
0.484, 5.231e-4
0.485, 5.088e-4
0.486, 4.967e-4
0.487, 4.847e-4
0.488, 4.717e-4
0.489, 4.609e-4
0.490, 4.502e-4
0.491, 4.401e-4
0.492, 4.305e-4
0.493, 4.213e-4
0.494, 4.129e-4
0.495, 4.051e-4
0.496, 3.967e-4
0.497, 3.899e-4
0.498, 3.824e-4
0.499, 3.751e-4
0.500, 3.692e-4
0.501, 3.624e-4
0.502, 3.562e-4
0.503, 3.511e-4
0.504, 3.450e-4
0.505, 3.410e-4
0.506, 3.349e-4
0.507, 3.293e-4
0.508, 3.238e-4
0.509, 3.193e-4
0.510, 3.157e-4
0.511, 3.110e-4
0.512, 3.108e-4
0.513, 3.050e-4
0.514, 3.001e-4
0.515, 2.959e-4
0.516, 2.920e-4
0.517, 2.880e-4
0.518, 2.844e-4
0.519, 2.812e-4
0.520, 2.773e-4
0.521, 2.746e-4
0.522, 2.704e-4
0.523, 2.675e-4
0.524, 2.645e-4
0.525, 2.605e-4
0.526, 2.582e-4
0.527, 2.548e-4
0.528, 2.535e-4
0.529, 2.501e-4
0.530, 2.480e-4
0.531, 2.454e-4
0.532, 2.420e-4
0.533, 2.401e-4
0.534, 2.376e-4
0.535, 2.336e-4
0.536, 2.325e-4
0.537, 2.309e-4
0.538, 2.293e-4
0.539, 2.266e-4
0.540, 2.250e-4
0.541, 2.227e-4
0.542, 2.200e-4
0.543, 2.194e-4
0.544, 2.174e-4
0.545, 2.156e-4
0.546, 2.149e-4
0.547, 2.127e-4
0.548, 2.117e-4
0.549, 2.104e-4
0.550, 2.068e-4
0.551, 2.052e-4
0.552, 2.047e-4
0.553, 2.040e-4
0.554, 2.025e-4
0.555, 2.019e-4
0.556, 2.005e-4
0.557, 1.992e-4
0.558, 1.997e-4
0.559, 1.989e-4
0.560, 1.970e-4
0.561, 1.959e-4
0.562, 1.958e-4
0.563, 1.960e-4
0.564, 1.956e-4
0.565, 1.949e-4
0.566, 1.945e-4
0.567, 1.935e-4
0.568, 1.937e-4
0.569, 1.946e-4
0.570, 1.937e-4
0.571, 1.932e-4
0.572, 1.948e-4
0.573, 1.951e-4
0.574, 1.949e-4
0.575, 1.964e-4
0.576, 1.956e-4
0.577, 1.980e-4
0.578, 1.986e-4
0.579, 1.992e-4
0.580, 2.006e-4
0.581, 2.023e-4
0.582, 2.046e-4
0.583, 2.064e-4
0.584, 2.084e-4
0.585, 2.103e-4
0.586, 2.116e-4
0.587, 2.151e-4
0.588, 2.175e-4
0.589, 2.204e-4
0.590, 2.234e-4
0.591, 2.259e-4
0.592, 2.293e-4
0.593, 2.343e-4
0.594, 2.374e-4
0.595, 2.418e-4
0.596, 2.470e-4
0.597, 2.510e-4
0.598, 2.568e-4
0.599, 2.613e-4
0.600, 2.667e-4
0.601, 2.737e-4
0.602, 2.790e-4
0.603, 2.863e-4
0.604, 2.940e-4
0.605, 3.004e-4
0.606, 3.079e-4
0.607, 3.174e-4
0.608, 3.259e-4
0.609, 3.351e-4
0.610, 3.449e-4
0.611, 3.551e-4
0.612, 3.663e-4
0.613, 3.772e-4
0.614, 3.898e-4
0.615, 4.011e-4
0.616, 4.148e-4
0.617, 4.297e-4
0.618, 4.443e-4
0.619, 4.608e-4
0.620, 4.779e-4
0.621, 4.949e-4
0.622, 5.122e-4
0.623, 5.311e-4
0.624, 5.500e-4
0.625, 5.720e-4
0.626, 5.943e-4
0.627, 6.155e-4
0.628, 6.386e-4
0.629, 6.628e-4
0.630, 6.889e-4
0.631, 7.159e-4
0.632, 7.438e-4
0.633, 7.727e-4
0.634, 8.008e-4
0.635, 8.327e-4
0.636, 8.666e-4
0.637, 8.998e-4
0.638, 9.337e-4
0.639, 9.699e-4
0.640, 1.009e-3
0.641, 1.048e-3
0.642, 1.090e-3
0.643, 1.133e-3
0.644, 1.176e-3
0.645, 1.221e-3
0.646, 1.266e-3
0.647, 1.313e-3
0.648, 1.366e-3
0.649, 1.418e-3
0.650, 1.471e-3
0.651, 1.525e-3
0.652, 1.585e-3
0.653, 1.643e-3
0.654, 1.702e-3
0.655, 1.762e-3
0.656, 1.828e-3
0.657, 1.895e-3
0.658, 1.963e-3
0.659, 2.033e-3
0.660, 2.105e-3
0.661, 2.178e-3
0.662, 2.249e-3
0.663, 2.331e-3
0.664, 2.410e-3
0.665, 2.495e-3
0.666, 2.578e-3
0.667, 2.661e-3
0.668, 2.747e-3
0.669, 2.839e-3
0.670, 2.931e-3
0.671, 3.023e-3
0.672, 3.119e-3
0.673, 3.215e-3
0.674, 3.315e-3
0.675, 3.418e-3
0.676, 3.521e-3
0.677, 3.627e-3
0.678, 3.732e-3
0.679, 3.842e-3
0.680, 3.956e-3
0.681, 4.070e-3
0.682, 4.184e-3
0.683, 4.303e-3
0.684, 4.423e-3
0.685, 4.545e-3
0.686, 4.665e-3
0.687, 4.791e-3
0.688, 4.918e-3
0.689, 5.046e-3
0.690, 5.173e-3
0.691, 5.307e-3
0.692, 5.442e-3
0.693, 5.576e-3
0.694, 5.713e-3
0.695, 5.854e-3
0.696, 5.994e-3
0.697, 6.132e-3
0.698, 6.279e-3
0.699, 6.427e-3
0.700, 6.575e-3
0.701, 6.726e-3
0.702, 6.879e-3
0.703, 7.036e-3
0.704, 7.188e-3
0.705, 7.347e-3
0.706, 7.509e-3
0.707, 7.669e-3
0.708, 7.834e-3
0.709, 8.000e-3
0.710, 8.170e-3
0.711, 8.343e-3
0.712, 8.512e-3
0.713, 8.678e-3
0.714, 8.850e-3
0.715, 9.033e-3
0.716, 9.215e-3
0.717, 9.399e-3
0.718, 9.582e-3
0.719, 9.762e-3
0.720, 9.946e-3
0.721, 1.013e-2
0.722, 1.031e-2
0.723, 1.050e-2
0.724, 1.069e-2
0.725, 1.087e-2
0.726, 1.106e-2
0.727, 1.126e-2
0.728, 1.145e-2
0.729, 1.165e-2
0.730, 1.184e-2
0.731, 1.203e-2
0.732, 1.223e-2
0.733, 1.242e-2
0.734, 1.262e-2
0.735, 1.284e-2
0.736, 1.304e-2
0.737, 1.326e-2
0.738, 1.346e-2
0.739, 1.367e-2
0.740, 1.388e-2
0.741, 1.409e-2
0.742, 1.431e-2
0.743, 1.452e-2
0.744, 1.474e-2
0.745, 1.496e-2
0.746, 1.517e-2
0.747, 1.539e-2
0.748, 1.561e-2
0.749, 1.583e-2
0.750, 1.606e-2
0.751, 1.628e-2
0.752, 1.651e-2
0.753, 1.673e-2
0.754, 1.696e-2
0.755, 1.718e-2
0.756, 1.739e-2
0.757, 1.762e-2
0.758, 1.785e-2
0.759, 1.809e-2
0.760, 1.832e-2
0.761, 1.856e-2
0.762, 1.880e-2
0.763, 1.904e-2
0.764, 1.927e-2
0.765, 1.950e-2
0.766, 1.974e-2
0.767, 1.997e-2
0.768, 2.024e-2
0.769, 2.048e-2
0.770, 2.072e-2
0.771, 2.097e-2
0.772, 2.121e-2
0.773, 2.145e-2
0.774, 2.169e-2
0.775, 2.194e-2
0.776, 2.219e-2
0.777, 2.243e-2
0.778, 2.268e-2
0.779, 2.293e-2
0.780, 2.318e-2
0.781, 2.342e-2
0.782, 2.370e-2
0.783, 2.394e-2
0.784, 2.419e-2
0.785, 2.443e-2
0.786, 2.467e-2
0.787, 2.494e-2
0.788, 2.519e-2
0.789, 2.543e-2
0.790, 2.569e-2
0.791, 2.597e-2
0.792, 2.624e-2
0.793, 2.650e-2
0.794, 2.675e-2
0.795, 2.702e-2
0.796, 2.727e-2
0.797, 2.754e-2
0.798, 2.779e-2
0.799, 2.803e-2
0.800, 2.819e-2
0.799, 2.798e-2
0.798, 2.768e-2
0.797, 2.739e-2
0.796, 2.712e-2
0.795, 2.685e-2
0.794, 2.658e-2
0.793, 2.630e-2
0.792, 2.603e-2
0.791, 2.576e-2
0.790, 2.547e-2
0.789, 2.520e-2
0.788, 2.493e-2
0.787, 2.465e-2
0.786, 2.437e-2
0.785, 2.410e-2
0.784, 2.383e-2
0.783, 2.357e-2
0.782, 2.329e-2
0.781, 2.305e-2
0.780, 2.279e-2
0.779, 2.253e-2
0.778, 2.227e-2
0.777, 2.201e-2
0.776, 2.177e-2
0.775, 2.153e-2
0.774, 2.128e-2
0.773, 2.103e-2
0.772, 2.077e-2
0.771, 2.052e-2
0.770, 2.026e-2
0.769, 2.001e-2
0.768, 1.976e-2
0.767, 1.950e-2
0.766, 1.924e-2
0.765, 1.899e-2
0.764, 1.874e-2
0.763, 1.850e-2
0.762, 1.826e-2
0.761, 1.803e-2
0.760, 1.780e-2
0.759, 1.756e-2
0.758, 1.733e-2
0.757, 1.710e-2
0.756, 1.688e-2
0.755, 1.666e-2
0.754, 1.642e-2
0.753, 1.619e-2
0.752, 1.595e-2
0.751, 1.574e-2
0.750, 1.551e-2
0.749, 1.530e-2
0.748, 1.507e-2
0.747, 1.484e-2
0.746, 1.462e-2
0.745, 1.439e-2
0.744, 1.418e-2
0.743, 1.397e-2
0.742, 1.376e-2
0.741, 1.355e-2
0.740, 1.334e-2
0.739, 1.314e-2
0.738, 1.292e-2
0.737, 1.272e-2
0.736, 1.252e-2
0.735, 1.231e-2
0.734, 1.211e-2
0.733, 1.190e-2
0.732, 1.171e-2
0.731, 1.151e-2
0.730, 1.132e-2
0.729, 1.112e-2
0.728, 1.094e-2
0.727, 1.075e-2
0.726, 1.056e-2
0.725, 1.036e-2
0.724, 1.018e-2
0.723, 9.992e-3
0.722, 9.811e-3
0.721, 9.643e-3
0.720, 9.472e-3
0.719, 9.286e-3
0.718, 9.109e-3
0.717, 8.927e-3
0.716, 8.743e-3
0.715, 8.573e-3
0.714, 8.399e-3
0.713, 8.222e-3
0.712, 8.052e-3
0.711, 7.889e-3
0.710, 7.724e-3
0.709, 7.562e-3
0.708, 7.403e-3
0.707, 7.247e-3
0.706, 7.094e-3
0.705, 6.943e-3
0.704, 6.793e-3
0.703, 6.643e-3
0.702, 6.499e-3
0.701, 6.350e-3
0.700, 6.202e-3
0.699, 6.057e-3
0.698, 5.914e-3
0.697, 5.775e-3
0.696, 5.630e-3
0.695, 5.497e-3
0.694, 5.362e-3
0.693, 5.226e-3
0.692, 5.096e-3
0.691, 4.966e-3
0.690, 4.836e-3
0.689, 4.708e-3
0.688, 4.585e-3
0.687, 4.459e-3
0.686, 4.337e-3
0.685, 4.218e-3
0.684, 4.102e-3
0.683, 3.987e-3
0.682, 3.872e-3
0.681, 3.757e-3
0.680, 3.647e-3
0.679, 3.538e-3
0.678, 3.434e-3
0.677, 3.330e-3
0.676, 3.228e-3
0.675, 3.132e-3
0.674, 3.032e-3
0.673, 2.937e-3
0.672, 2.844e-3
0.671, 2.745e-3
0.670, 2.658e-3
0.669, 2.571e-3
0.668, 2.483e-3
0.667, 2.402e-3
0.666, 2.319e-3
0.665, 2.237e-3
0.664, 2.161e-3
0.663, 2.084e-3
0.662, 2.009e-3
0.661, 1.936e-3
0.660, 1.864e-3
0.659, 1.792e-3
0.658, 1.725e-3
0.657, 1.659e-3
0.656, 1.596e-3
0.655, 1.531e-3
0.654, 1.469e-3
0.653, 1.411e-3
0.652, 1.354e-3
0.651, 1.297e-3
0.650, 1.245e-3
0.649, 1.192e-3
0.648, 1.142e-3
0.647, 1.091e-3
0.646, 1.043e-3
0.645, 9.962e-4
0.644, 9.513e-4
0.643, 9.082e-4
0.642, 8.661e-4
0.641, 8.240e-4
0.640, 7.843e-4
0.639, 7.473e-4
0.638, 7.114e-4
0.637, 6.759e-4
0.636, 6.425e-4
0.635, 6.098e-4
0.634, 5.776e-4
0.633, 5.461e-4
0.632, 5.162e-4
0.631, 4.885e-4
0.630, 4.617e-4
0.629, 4.355e-4
0.628, 4.099e-4
0.627, 3.878e-4
0.626, 3.654e-4
0.625, 3.425e-4
0.624, 3.219e-4
0.623, 3.016e-4
0.622, 2.833e-4
0.621, 2.661e-4
0.620, 2.480e-4
0.619, 2.307e-4
0.618, 2.146e-4
0.617, 1.988e-4
0.616, 1.836e-4
0.615, 1.700e-4
0.614, 1.582e-4
0.613, 1.431e-4
0.612, 1.298e-4
0.611, 1.182e-4
0.610, 1.064e-4
0.609, 9.608e-5
0.608, 8.514e-5
0.607, 7.450e-5
0.606, 6.591e-5
0.605, 5.692e-5
0.604, 4.774e-5
0.603, 3.984e-5
0.602, 3.222e-5
0.601, 2.519e-5
0.600, 1.728e-5
0.599, 1.054e-5
0.598, 4.882e-6
0.597, -2.246e-6
0.596, -7.909e-6
0.595, -1.269e-5
0.594, -1.963e-5
0.593, -2.412e-5
0.592, -2.831e-5
0.591, -3.388e-5
0.590, -3.769e-5
0.589, -4.267e-5
0.588, -4.638e-5
0.587, -5.019e-5
0.586, -5.302e-5
0.585, -5.751e-5
0.584, -6.063e-5
0.583, -6.444e-5
0.582, -6.669e-5
0.581, -6.932e-5
0.580, -7.333e-5
0.579, -7.538e-5
0.578, -7.801e-5
0.577, -8.104e-5
0.576, -8.221e-5
0.575, -8.582e-5
0.574, -8.778e-5
0.573, -9.012e-5
0.572, -9.237e-5
0.571, -9.471e-5
0.570, -9.686e-5
0.569, -9.793e-5
0.568, -9.998e-5
0.567, -1.022e-4
0.566, -1.037e-4
0.565, -1.055e-4
0.564, -1.073e-4
0.563, -1.091e-4
0.562, -1.100e-4
0.561, -1.123e-4
0.560, -1.134e-4
0.559, -1.150e-4
0.558, -1.166e-4
0.557, -1.180e-4
0.556, -1.201e-4
0.555, -1.206e-4
0.554, -1.224e-4
0.553, -1.242e-4
0.552, -1.257e-4
0.551, -1.273e-4
0.550, -1.262e-4
0.549, -1.292e-4
0.548, -1.316e-4
0.547, -1.324e-4
0.546, -1.345e-4
0.545, -1.346e-4
0.544, -1.368e-4
0.543, -1.384e-4
0.542, -1.379e-4
0.541, -1.398e-4
0.540, -1.410e-4
0.539, -1.426e-4
0.538, -1.449e-4
0.537, -1.448e-4
0.536, -1.463e-4
0.535, -1.480e-4
0.534, -1.482e-4
0.533, -1.493e-4
0.532, -1.508e-4
0.531, -1.533e-4
0.530, -1.535e-4
0.529, -1.542e-4
0.528, -1.558e-4
0.527, -1.575e-4
0.526, -1.580e-4
0.525, -1.575e-4
0.524, -1.604e-4
0.523, -1.614e-4
0.522, -1.624e-4
0.521, -1.636e-4
0.520, -1.647e-4
0.519, -1.667e-4
0.518, -1.675e-4
0.517, -1.691e-4
0.516, -1.703e-4
0.515, -1.720e-4
0.514, -1.727e-4
0.513, -1.742e-4
0.512, -1.788e-4
0.511, -1.781e-4
0.510, -1.778e-4
0.509, -1.782e-4
0.508, -1.801e-4
0.507, -1.802e-4
0.506, -1.824e-4
0.505, -1.846e-4
0.504, -1.840e-4
0.503, -1.863e-4
0.502, -1.873e-4
0.501, -1.880e-4
0.500, -1.896e-4
0.499, -1.887e-4
0.498, -1.918e-4
0.497, -1.932e-4
0.496, -1.948e-4
0.495, -1.958e-4
0.494, -1.967e-4
0.493, -1.975e-4
0.492, -1.998e-4
0.491, -2.007e-4
0.490, -2.021e-4
0.489, -2.036e-4
0.488, -2.050e-4
0.487, -2.069e-4
0.486, -2.083e-4
0.485, -2.099e-4
0.484, -2.107e-4
0.483, -2.119e-4
0.482, -2.145e-4
0.481, -2.159e-4
0.480, -2.177e-4
0.479, -2.204e-4
0.478, -2.216e-4
0.477, -2.233e-4
0.476, -2.266e-4
0.475, -2.273e-4
0.474, -2.289e-4
0.473, -2.311e-4
0.472, -2.335e-4
0.471, -2.369e-4
0.470, -2.374e-4
0.469, -2.422e-4
0.468, -2.449e-4
0.467, -2.477e-4
0.466, -2.501e-4
0.465, -2.534e-4
0.464, -2.562e-4
0.463, -2.605e-4
0.462, -2.626e-4
0.461, -2.666e-4
0.460, -2.702e-4
0.459, -2.728e-4
0.458, -2.777e-4
0.457, -2.822e-4
0.456, -2.851e-4
0.455, -2.901e-4
0.454, -2.947e-4
0.453, -2.994e-4
0.452, -3.052e-4
0.451, -3.088e-4
0.450, -3.156e-4
0.449, -3.208e-4
0.448, -3.252e-4
0.447, -3.328e-4
0.446, -3.384e-4
0.445, -3.454e-4
0.444, -3.526e-4
0.443, -3.599e-4
0.442, -3.671e-4
0.441, -3.749e-4
0.440, -3.838e-4
0.439, -3.927e-4
0.438, -4.000e-4
0.437, -4.083e-4
0.436, -4.176e-4
0.435, -4.278e-4
0.434, -4.355e-4
0.433, -4.418e-4
0.432, -4.528e-4
0.431, -4.642e-4
0.430, -4.729e-4
0.429, -4.840e-4
0.428, -4.960e-4
0.427, -5.066e-4
0.426, -5.189e-4
0.425, -5.312e-4
0.424, -5.433e-4
0.423, -5.564e-4
0.422, -5.688e-4
0.421, -5.858e-4
0.420, -6.029e-4
0.419, -6.180e-4
0.418, -6.353e-4
0.417, -6.532e-4
0.416, -6.717e-4
0.415, -6.901e-4
0.414, -7.081e-4
0.413, -7.292e-4
0.412, -7.491e-4
0.411, -7.709e-4
0.410, -7.828e-4
0.409, -7.811e-4
0.408, -8.198e-4
0.407, -8.525e-4
0.406, -8.839e-4
0.405, -9.163e-4
0.404, -9.484e-4
0.403, -9.813e-4
0.402, -1.017e-3
0.401, -1.052e-3
0.400, -1.092e-3
0.399, -1.133e-3
0.398, -1.172e-3
0.397, -1.213e-3
0.396, -1.255e-3
0.395, -1.303e-3
0.394, -1.354e-3
0.393, -1.406e-3
0.392, -1.457e-3
0.391, -1.514e-3
0.390, -1.571e-3
0.389, -1.629e-3
0.388, -1.689e-3
0.387, -1.749e-3
0.386, -1.809e-3
0.385, -1.873e-3
0.384, -1.936e-3
0.383, -2.000e-3
0.382, -2.061e-3
0.381, -2.121e-3
0.380, -2.177e-3
0.379, -2.230e-3
0.378, -2.283e-3
0.377, -2.328e-3
0.376, -2.370e-3
0.375, -2.405e-3
0.374, -2.432e-3
0.373, -2.453e-3
0.372, -2.465e-3
0.371, -2.462e-3
0.370, -2.453e-3
0.369, -2.432e-3
0.368, -2.398e-3
0.367, -2.348e-3
0.366, -2.281e-3
0.365, -2.203e-3
0.364, -2.104e-3
0.363, -1.986e-3
0.362, -1.855e-3
0.361, -1.713e-3
0.360, -1.562e-3
0.359, -1.408e-3
0.358, -1.256e-3
0.357, -1.115e-3
0.356, -9.835e-4
0.355, -8.701e-4
0.354, -7.725e-4
0.353, -6.918e-4
0.352, -6.242e-4
0.351, -5.663e-4
0.350, -5.180e-4
0.349, -4.777e-4
0.348, -4.446e-4
0.347, -4.159e-4
0.346, -3.914e-4
0.345, -3.695e-4
0.344, -3.489e-4
0.343, -3.335e-4
0.342, -3.190e-4
0.341, -3.064e-4
0.340, -2.948e-4
0.339, -2.838e-4
0.338, -2.739e-4
0.337, -2.650e-4
0.336, -2.569e-4
0.335, -2.500e-4
0.334, -2.432e-4
0.333, -2.376e-4
0.332, -2.317e-4
0.331, -2.263e-4
0.330, -2.196e-4
0.329, -2.159e-4
0.328, -2.114e-4
0.327, -2.076e-4
0.326, -2.032e-4
0.325, -1.994e-4
0.324, -1.953e-4
0.323, -1.920e-4
0.322, -1.885e-4
0.321, -1.856e-4
0.320, -1.816e-4
0.319, -1.792e-4
0.318, -1.764e-4
0.317, -1.735e-4
0.316, -1.706e-4
0.315, -1.677e-4
0.314, -1.657e-4
0.313, -1.634e-4
0.312, -1.606e-4
0.311, -1.583e-4
0.310, -1.557e-4
0.309, -1.542e-4
0.308, -1.517e-4
0.307, -1.508e-4
0.306, -1.467e-4
0.305, -1.454e-4
0.304, -1.436e-4
0.303, -1.421e-4
0.302, -1.402e-4
0.301, -1.376e-4
0.300, -1.364e-4
0.299, -1.347e-4
0.298, -1.330e-4
0.297, -1.311e-4
0.296, -1.290e-4
0.295, -1.275e-4
0.294, -1.252e-4
0.293, -1.240e-4
0.292, -1.230e-4
0.291, -1.217e-4
0.290, -1.200e-4
0.289, -1.186e-4
0.288, -1.164e-4
0.287, -1.159e-4
0.286, -1.145e-4
0.285, -1.130e-4
0.284, -1.118e-4
0.283, -1.103e-4
0.282, -1.091e-4
0.281, -1.074e-4
0.280, -1.070e-4
0.279, -1.055e-4
0.278, -1.042e-4
0.277, -1.035e-4
0.276, -1.030e-4
0.275, -1.004e-4
0.274, -1.001e-4
0.273, -9.949e-5
0.272, -9.832e-5
0.271, -9.725e-5
0.270, -9.520e-5
0.269, -9.412e-5
0.268, -9.363e-5
0.267, -9.354e-5
0.266, -9.207e-5
0.265, -9.110e-5
0.264, -9.080e-5
0.263, -9.012e-5
0.262, -8.953e-5
0.261, -8.866e-5
0.260, -8.778e-5
0.259, -8.670e-5
0.258, -8.631e-5
0.257, -8.602e-5
0.256, -8.514e-5
0.255, -8.416e-5
0.254, -8.329e-5
0.253, -8.319e-5
0.252, -8.182e-5
0.251, -8.143e-5
0.250, -8.045e-5
0.249, -7.948e-5
0.248, -7.879e-5
0.247, -7.850e-5
0.246, -7.772e-5
0.245, -7.762e-5
0.244, -7.743e-5
0.243, -7.655e-5
0.242, -7.567e-5
0.241, -7.528e-5
0.240, -7.479e-5
0.239, -7.411e-5
0.238, -7.430e-5
0.237, -7.381e-5
0.236, -7.313e-5
0.235, -7.294e-5
0.234, -7.225e-5
0.233, -7.118e-5
0.232, -7.108e-5
0.231, -7.108e-5
0.230, -7.040e-5
0.229, -6.981e-5
0.228, -6.971e-5
0.227, -6.883e-5
0.226, -6.844e-5
0.225, -6.854e-5
0.224, -6.747e-5
0.223, -6.757e-5
0.222, -6.737e-5
0.221, -6.678e-5
0.220, -6.639e-5
0.219, -6.600e-5
0.218, -6.552e-5
0.217, -6.542e-5
0.216, -6.542e-5
0.215, -6.395e-5
0.214, -6.395e-5
0.213, -6.376e-5
0.212, -6.307e-5
0.211, -6.366e-5
0.210, -6.249e-5
0.209, -6.229e-5
0.208, -6.249e-5
0.207, -6.210e-5
0.206, -6.161e-5
0.205, -6.141e-5
0.204, -6.122e-5
0.203, -6.122e-5
0.202, -6.063e-5
0.201, -6.073e-5
0.200, -5.966e-5
0.199, -5.907e-5
0.198, -5.985e-5
0.197, -6.014e-5
0.196, -5.966e-5
0.195, -5.888e-5
0.194, -5.936e-5
0.193, -5.839e-5
0.192, -5.790e-5
0.191, -5.800e-5
0.190, -5.770e-5
0.189, -5.751e-5
0.188, -5.770e-5
0.187, -5.858e-5
0.186, -5.819e-5
0.185, -5.731e-5
0.184, -5.770e-5
0.183, -5.702e-5
0.182, -5.624e-5
0.181, -5.643e-5
0.180, -5.643e-5
0.179, -5.595e-5
0.178, -5.595e-5
0.177, -5.604e-5
0.176, -5.585e-5
0.175, -5.556e-5
0.174, -5.604e-5
0.173, -5.575e-5
0.172, -5.536e-5
0.171, -5.546e-5
0.170, -5.497e-5
0.169, -5.556e-5
0.168, -5.497e-5
0.167, -5.546e-5
0.166, -5.438e-5
0.165, -5.507e-5
0.164, -5.419e-5
0.163, -5.399e-5
0.162, -5.429e-5
0.161, -5.448e-5
0.160, -5.341e-5
0.159, -5.380e-5
0.158, -5.399e-5
0.157, -5.399e-5
0.156, -5.409e-5
0.155, -5.370e-5
0.154, -5.351e-5
0.153, -5.302e-5
0.152, -5.360e-5
0.151, -5.360e-5
0.150, -5.370e-5
0.149, -5.272e-5
0.148, -5.292e-5
0.147, -5.292e-5
0.146, -5.321e-5
0.145, -5.292e-5
0.144, -5.224e-5
0.143, -5.272e-5
0.142, -5.292e-5
0.141, -5.253e-5
0.140, -5.204e-5
0.139, -5.204e-5
0.138, -5.214e-5
0.137, -5.204e-5
0.136, -5.214e-5
0.135, -5.224e-5
0.134, -5.253e-5
0.133, -5.253e-5
0.132, -5.175e-5
0.131, -5.146e-5
0.130, -5.097e-5
0.129, -5.155e-5
0.128, -5.106e-5
0.127, -5.155e-5
0.126, -5.077e-5
0.125, -5.146e-5
0.124, -5.067e-5
0.123, -5.077e-5
0.122, -5.106e-5
0.121, -5.097e-5
0.120, -5.116e-5
0.119, -5.136e-5
0.118, -5.116e-5
0.117, -5.058e-5
0.116, -5.019e-5
0.115, -5.028e-5
0.114, -5.019e-5
0.113, -5.087e-5
0.112, -5.028e-5
0.111, -5.028e-5
0.110, -5.028e-5
0.109, -4.989e-5
0.108, -5.048e-5
0.107, -4.940e-5
0.106, -4.970e-5
0.105, -5.009e-5
0.104, -4.892e-5
0.103, -4.970e-5
0.102, -4.931e-5
0.101, -4.980e-5
0.100, -4.950e-5
0.099, -4.882e-5
0.098, -4.901e-5
0.097, -4.901e-5
0.096, -4.892e-5
0.095, -4.872e-5
0.094, -4.911e-5
0.093, -4.882e-5
0.092, -4.960e-5
0.091, -4.940e-5
0.090, -4.931e-5
0.089, -4.872e-5
0.088, -4.853e-5
0.087, -4.843e-5
0.086, -4.814e-5
0.085, -4.804e-5
0.084, -4.853e-5
0.083, -4.843e-5
0.082, -4.882e-5
0.081, -4.794e-5
0.080, -4.853e-5
0.079, -4.853e-5
0.078, -4.892e-5
0.077, -4.794e-5
0.076, -4.774e-5
0.075, -4.843e-5
0.074, -4.755e-5
0.073, -4.804e-5
0.072, -4.755e-5
0.071, -4.784e-5
0.070, -4.804e-5
0.069, -4.706e-5
0.068, -4.726e-5
0.067, -4.706e-5
0.066, -4.745e-5
0.065, -4.755e-5
0.064, -4.677e-5
0.063, -4.774e-5
0.062, -4.726e-5
0.061, -4.667e-5
0.060, -4.706e-5
0.059, -4.687e-5
0.058, -4.696e-5
0.057, -4.638e-5
0.056, -4.687e-5
0.055, -4.638e-5
0.054, -4.609e-5
0.053, -4.638e-5
0.052, -4.677e-5
0.051, -4.648e-5
0.050, -4.609e-5
0.049, -4.657e-5
0.048, -4.677e-5
0.047, -4.657e-5
0.046, -4.501e-5
0.045, -4.550e-5
0.044, -4.599e-5
0.043, -4.638e-5
0.042, -4.550e-5
0.041, -4.599e-5
0.040, -4.569e-5
0.039, -4.599e-5
0.038, -4.599e-5
0.037, -4.550e-5
0.036, -4.540e-5
0.035, -4.550e-5
0.034, -4.482e-5
0.033, -4.540e-5
0.032, -4.491e-5
0.031, -4.433e-5
0.030, -4.423e-5
0.029, -4.482e-5
0.028, -4.433e-5
0.027, -4.443e-5
0.026, -4.403e-5
0.025, -4.501e-5
0.024, -4.482e-5
0.023, -4.472e-5
0.022, -4.413e-5
0.021, -4.452e-5
0.020, -4.433e-5
0.019, -4.423e-5
0.018, -4.384e-5
0.017, -4.384e-5
0.016, -4.423e-5
0.015, -4.403e-5
0.014, -4.364e-5
0.013, -4.374e-5
0.012, -4.374e-5
0.011, -4.355e-5
0.010, -4.345e-5
0.009, -4.364e-5
0.008, -4.335e-5
0.007, -4.237e-5
0.006, -4.267e-5
0.005, -4.364e-5
0.004, -4.316e-5
0.003, -4.335e-5
0.002, -4.394e-5
0.001, -4.364e-5
0.000, -3.671e-5
0.001, -2.773e-5
0.002, -2.548e-5
0.003, -2.353e-5
0.004, -2.197e-5
0.005, -2.070e-5
0.006, -1.972e-5
0.007, -1.972e-5
0.008, -1.836e-5
0.009, -1.836e-5
0.010, -1.728e-5
0.011, -1.670e-5
0.012, -1.591e-5
0.013, -1.640e-5
0.014, -1.562e-5
0.015, -1.465e-5
0.016, -1.465e-5
0.017, -1.455e-5
0.018, -1.406e-5
0.019, -1.299e-5
0.020, -1.299e-5
0.021, -1.289e-5
0.022, -1.289e-5
0.023, -1.172e-5
0.024, -1.162e-5
0.025, -1.172e-5
0.026, -1.152e-5
0.027, -1.113e-5
0.028, -1.054e-5
0.029, -1.113e-5
0.030, -1.123e-5
0.031, -1.035e-5
0.032, -1.015e-5
0.033, -1.025e-5
0.034, -9.569e-6
0.035, -9.569e-6
0.036, -9.764e-6
0.037, -9.080e-6
0.038, -9.080e-6
0.039, -9.178e-6
0.040, -8.787e-6
0.041, -8.690e-6
0.042, -8.006e-6
0.043, -8.885e-6
0.044, -8.202e-6
0.045, -8.006e-6
0.046, -7.616e-6
0.047, -7.225e-6
0.048, -7.616e-6
0.049, -7.616e-6
0.050, -7.128e-6
0.051, -7.909e-6
0.052, -7.909e-6
0.053, -6.737e-6
0.054, -6.249e-6
0.055, -6.737e-6
0.056, -6.346e-6
0.057, -6.054e-6
0.058, -6.346e-6
0.059, -5.565e-6
0.060, -6.542e-6
0.061, -6.639e-6
0.062, -5.956e-6
0.063, -5.663e-6
0.064, -5.565e-6
0.065, -5.956e-6
0.066, -5.565e-6
0.067, -5.175e-6
0.068, -5.761e-6
0.069, -5.565e-6
0.070, -5.858e-6
0.071, -4.882e-6
0.072, -4.882e-6
0.073, -5.077e-6
0.074, -4.491e-6
0.075, -4.882e-6
0.076, -4.296e-6
0.077, -4.882e-6
0.078, -5.077e-6
0.079, -3.808e-6
0.080, -4.101e-6
0.081, -4.101e-6
0.082, -3.515e-6
0.083, -3.222e-6
0.084, -4.198e-6
0.085, -3.906e-6
0.086, -3.808e-6
0.087, -4.003e-6
0.088, -4.101e-6
0.089, -3.320e-6
0.090, -3.124e-6
0.091, -2.929e-6
0.092, -3.320e-6
0.093, -2.539e-6
0.094, -2.832e-6
0.095, -2.539e-6
0.096, -2.832e-6
0.097, -2.832e-6
0.098, -2.539e-6
0.099, -2.148e-6
0.100, -2.929e-6
0.101, -2.832e-6
0.102, -2.441e-6
0.103, -2.148e-6
0.104, -2.246e-6
0.105, -3.027e-6
0.106, -2.734e-6
0.107, -1.855e-6
0.108, -2.343e-6
0.109, -1.855e-6
0.110, -2.246e-6
0.111, -1.953e-6
0.112, -2.148e-6
0.113, -1.855e-6
0.114, -1.953e-6
0.115, -1.172e-6
0.116, -1.465e-6
0.117, -1.172e-6
0.118, -1.269e-6
0.119, -7.811e-7
0.120, -1.269e-6
0.121, -1.465e-6
0.122, -1.172e-6
0.123, -1.660e-6
0.124, -9.764e-7
0.125, -8.787e-7
0.126, -2.929e-7
0.127, -6.835e-7
0.128, -9.764e-8
0.129, -4.882e-7
0.130, -6.835e-7
0.131, -6.835e-7
0.132, -6.835e-7
0.133, -1.953e-7
0.134, 1.953e-7
0.135, -4.283e-12
0.136, 4.882e-7
0.137, 7.811e-7
0.138, 1.465e-6
0.139, 5.858e-7
0.140, 1.074e-6
0.141, 3.905e-7
0.142, 1.953e-7
0.143, 9.764e-7
0.144, 1.172e-6
0.145, 9.764e-7
0.146, 5.858e-7
0.147, 9.764e-7
0.148, 5.858e-7
0.149, 6.835e-7
0.150, 1.269e-6
0.151, 1.562e-6
0.152, 1.660e-6
0.153, 1.269e-6
0.154, 1.367e-6
0.155, 1.367e-6
0.156, 1.660e-6
0.157, 7.811e-7
0.158, 1.074e-6
0.159, 2.148e-6
0.160, 2.246e-6
0.161, 1.660e-6
0.162, 1.757e-6
0.163, 2.441e-6
0.164, 2.050e-6
0.165, 2.050e-6
0.166, 2.246e-6
0.167, 2.050e-6
0.168, 2.148e-6
0.169, 2.441e-6
0.170, 3.320e-6
0.171, 2.343e-6
0.172, 2.929e-6
0.173, 2.734e-6
0.174, 2.636e-6
0.175, 2.831e-6
0.176, 2.831e-6
0.177, 3.124e-6
0.178, 3.320e-6
0.179, 3.613e-6
0.180, 3.710e-6
0.181, 3.613e-6
0.182, 3.222e-6
0.183, 3.613e-6
0.184, 3.710e-6
0.185, 3.613e-6
0.186, 4.296e-6
0.187, 3.515e-6
0.188, 4.101e-6
0.189, 3.613e-6
0.190, 3.320e-6
0.191, 3.222e-6
0.192, 4.003e-6
0.193, 4.003e-6
0.194, 4.198e-6
0.195, 4.491e-6
0.196, 4.784e-6
0.197, 4.687e-6
0.198, 5.175e-6
0.199, 5.175e-6
0.200, 4.980e-6
0.201, 4.980e-6
0.202, 5.077e-6
0.203, 4.882e-6
0.204, 4.784e-6
0.205, 4.296e-6
0.206, 5.565e-6
0.207, 5.175e-6
0.208, 5.272e-6
0.209, 5.272e-6
0.210, 5.956e-6
0.211, 6.346e-6
0.212, 5.858e-6
0.213, 5.956e-6
0.214, 6.054e-6
0.215, 6.151e-6
0.216, 5.663e-6
0.217, 6.054e-6
0.218, 6.346e-6
0.219, 6.737e-6
0.220, 6.737e-6
0.221, 6.932e-6
0.222, 7.616e-6
0.223, 7.225e-6
0.224, 7.225e-6
0.225, 7.420e-6
0.226, 6.932e-6
0.227, 7.811e-6
0.228, 7.909e-6
0.229, 8.299e-6
0.230, 8.006e-6
0.231, 8.690e-6
0.232, 8.690e-6
0.233, 8.397e-6
0.234, 8.494e-6
0.235, 8.885e-6
0.236, 8.983e-6
0.237, 9.080e-6
0.238, 9.569e-6
0.239, 1.006e-5
0.240, 9.764e-6
0.241, 1.054e-5
0.242, 1.035e-5
0.243, 1.045e-5
0.244, 1.054e-5
0.245, 1.074e-5
0.246, 1.103e-5
0.247, 1.181e-5
0.248, 1.142e-5
0.249, 1.113e-5
0.250, 1.152e-5
0.251, 1.289e-5
0.252, 1.250e-5
0.253, 1.230e-5
0.254, 1.250e-5
0.255, 1.318e-5
0.256, 1.357e-5
0.257, 1.406e-5
0.258, 1.406e-5
0.259, 1.328e-5
0.260, 1.426e-5
0.261, 1.455e-5
0.262, 1.465e-5
0.263, 1.523e-5
0.264, 1.474e-5
0.265, 1.455e-5
0.266, 1.484e-5
0.267, 1.523e-5
0.268, 1.660e-5
0.269, 1.572e-5
0.270, 1.611e-5
0.271, 1.709e-5
0.272, 1.689e-5
0.273, 1.699e-5
0.274, 1.738e-5
0.275, 1.826e-5
0.276, 1.836e-5
0.277, 1.816e-5
0.278, 1.914e-5
0.279, 1.865e-5
0.280, 1.953e-5
0.281, 1.933e-5
0.282, 1.992e-5
0.283, 1.982e-5
0.284, 2.050e-5
0.285, 2.031e-5
0.286, 2.060e-5
0.287, 2.080e-5
0.288, 2.050e-5
0.289, 2.119e-5
0.290, 2.138e-5
0.291, 2.226e-5
0.292, 2.216e-5
0.293, 2.226e-5
0.294, 2.275e-5
0.295, 2.343e-5
0.296, 2.402e-5
0.297, 2.334e-5
0.298, 2.363e-5
0.299, 2.490e-5
0.300, 2.509e-5
0.301, 2.431e-5
0.302, 2.529e-5
0.303, 2.568e-5
0.304, 2.548e-5
0.305, 2.607e-5
0.306, 2.626e-5
0.307, 2.744e-5
0.308, 2.773e-5
0.309, 2.773e-5
0.310, 2.792e-5
0.311, 2.880e-5
0.312, 2.861e-5
0.313, 2.822e-5
0.314, 2.822e-5
0.315, 2.968e-5
0.316, 3.007e-5
0.317, 3.027e-5
0.318, 2.978e-5
0.319, 3.066e-5
0.320, 3.017e-5
0.321, 3.144e-5
0.322, 3.173e-5
0.323, 3.222e-5
0.324, 3.193e-5
0.325, 3.193e-5
0.326, 3.251e-5
0.327, 3.300e-5
0.328, 3.398e-5
0.329, 3.388e-5
0.330, 3.398e-5
0.331, 3.466e-5
0.332, 3.495e-5
0.333, 3.525e-5
0.334, 3.564e-5
0.335, 3.583e-5
0.336, 3.622e-5
0.337, 3.671e-5
0.338, 3.661e-5
0.339, 3.710e-5
0.340, 3.837e-5
0.341, 3.759e-5
0.342, 3.759e-5
0.343, 3.827e-5
0.344, 3.779e-5
0.345, 3.896e-5
0.346, 3.886e-5
0.347, 3.906e-5
0.348, 4.013e-5
0.349, 4.101e-5
0.350, 4.120e-5
0.351, 4.179e-5
0.352, 4.101e-5
0.353, 4.198e-5
0.354, 4.189e-5
0.355, 4.286e-5
0.356, 4.345e-5
0.357, 4.286e-5
0.358, 4.394e-5
0.359, 4.423e-5
0.360, 4.491e-5
0.361, 4.540e-5
0.362, 4.560e-5
0.363, 4.579e-5
0.364, 4.560e-5
0.365, 4.657e-5
0.366, 4.735e-5
0.367, 4.843e-5
0.368, 4.892e-5
0.369, 4.843e-5
0.370, 4.931e-5
0.371, 4.980e-5
0.372, 4.999e-5
0.373, 5.106e-5
0.374, 5.155e-5
0.375, 5.263e-5
0.376, 5.175e-5
0.377, 5.321e-5
0.378, 5.351e-5
0.379, 5.409e-5
0.380, 5.497e-5
0.381, 5.526e-5
0.382, 5.595e-5
0.383, 5.712e-5
0.384, 5.731e-5
0.385, 5.819e-5
0.386, 5.907e-5
0.387, 5.995e-5
0.388, 6.151e-5
0.389, 6.200e-5
0.390, 6.249e-5
0.391, 6.278e-5
0.392, 6.444e-5
0.393, 6.639e-5
0.394, 6.639e-5
0.395, 6.835e-5
0.396, 7.010e-5
0.397, 7.049e-5
0.398, 7.215e-5
0.399, 7.391e-5
0.400, 7.518e-5
0.401, 7.733e-5
0.402, 7.977e-5
0.403, 8.192e-5
0.404, 8.475e-5
0.405, 8.719e-5
0.406, 9.110e-5
0.407, 9.490e-5
0.408, 1.006e-4
0.409, 1.046e-4
0.410, 1.021e-4
0.411, 1.155e-4
0.412, 1.272e-4
0.413, 1.384e-4
0.414, 1.512e-4
0.415, 1.681e-4
0.416, 1.877e-4
0.417, 2.122e-4
0.418, 2.410e-4
0.419, 2.765e-4
0.420, 3.184e-4
0.421, 3.682e-4
0.422, 4.249e-4
0.423, 4.946e-4
0.424, 5.783e-4
0.425, 6.733e-4
0.426, 7.796e-4
0.427, 9.028e-4
0.428, 1.042e-3
0.429, 1.197e-3
0.430, 1.363e-3
0.431, 1.536e-3
0.432, 1.707e-3
0.433, 1.880e-3
0.434, 2.048e-3
0.435, 2.216e-3
0.436, 2.380e-3
0.437, 2.542e-3
0.438, 2.701e-3
0.439, 2.847e-3
0.440, 2.984e-3
0.441, 3.111e-3
0.442, 3.220e-3
0.443, 3.316e-3
0.444, 3.391e-3
0.445, 3.445e-3
0.446, 3.474e-3
0.447, 3.480e-3
0.448, 3.460e-3
0.449, 3.412e-3
0.450, 3.338e-3
0.451, 3.238e-3
0.452, 3.121e-3
0.453, 2.978e-3
0.454, 2.820e-3
0.455, 2.652e-3
0.456, 2.469e-3
0.457, 2.296e-3
0.458, 2.123e-3
0.459, 1.960e-3
0.460, 1.805e-3
0.461, 1.662e-3
0.462, 1.534e-3
0.463, 1.418e-3
0.464, 1.313e-3
0.465, 1.224e-3
0.466, 1.143e-3
0.467, 1.071e-3
0.468, 1.008e-3
0.469, 9.515e-4
0.470, 9.020e-4
0.471, 8.565e-4
0.472, 8.130e-4
0.473, 7.778e-4
0.474, 7.437e-4
0.475, 7.139e-4
0.476, 6.860e-4
0.477, 6.617e-4
0.478, 6.393e-4
0.479, 6.176e-4
0.480, 5.977e-4
0.481, 5.795e-4
0.482, 5.601e-4
0.483, 5.451e-4
0.484, 5.295e-4
0.485, 5.154e-4
0.486, 5.028e-4
0.487, 4.898e-4
0.488, 4.763e-4
0.489, 4.660e-4
0.490, 4.543e-4
0.491, 4.437e-4
0.492, 4.344e-4
0.493, 4.250e-4
0.494, 4.170e-4
0.495, 4.082e-4
0.496, 4.011e-4
0.497, 3.934e-4
0.498, 3.850e-4
0.499, 3.782e-4
0.500, 3.718e-4
0.501, 3.659e-4
0.502, 3.602e-4
0.503, 3.534e-4
0.504, 3.478e-4
0.505, 3.419e-4
0.506, 3.363e-4
0.507, 3.309e-4
0.508, 3.273e-4
0.509, 3.214e-4
0.510, 3.171e-4
0.511, 3.128e-4
0.512, 3.125e-4
0.513, 3.075e-4
0.514, 3.014e-4
0.515, 2.971e-4
0.516, 2.931e-4
0.517, 2.885e-4
0.518, 2.854e-4
0.519, 2.822e-4
0.520, 2.782e-4
0.521, 2.762e-4
0.522, 2.718e-4
0.523, 2.689e-4
0.524, 2.654e-4
0.525, 2.604e-4
0.526, 2.593e-4
0.527, 2.566e-4
0.528, 2.537e-4
0.529, 2.507e-4
0.530, 2.483e-4
0.531, 2.456e-4
0.532, 2.441e-4
0.533, 2.403e-4
0.534, 2.379e-4
0.535, 2.360e-4
0.536, 2.339e-4
0.537, 2.323e-4
0.538, 2.298e-4
0.539, 2.279e-4
0.540, 2.257e-4
0.541, 2.240e-4
0.542, 2.220e-4
0.543, 2.196e-4
0.544, 2.179e-4
0.545, 2.167e-4
0.546, 2.145e-4
0.547, 2.129e-4
0.548, 2.117e-4
0.549, 2.091e-4
0.550, 2.090e-4
0.551, 2.066e-4
0.552, 2.051e-4
0.553, 2.054e-4
0.554, 2.031e-4
0.555, 2.025e-4
0.556, 2.016e-4
0.557, 2.005e-4
0.558, 1.994e-4
0.559, 1.983e-4
0.560, 1.971e-4
0.561, 1.977e-4
0.562, 1.975e-4
0.563, 1.971e-4
0.564, 1.959e-4
0.565, 1.957e-4
0.566, 1.954e-4
0.567, 1.948e-4
0.568, 1.936e-4
0.569, 1.952e-4
0.570, 1.951e-4
0.571, 1.953e-4
0.572, 1.960e-4
0.573, 1.949e-4
0.574, 1.953e-4
0.575, 1.969e-4
0.576, 1.961e-4
0.577, 1.981e-4
0.578, 1.985e-4
0.579, 2.006e-4
0.580, 2.005e-4
0.581, 2.032e-4
0.582, 2.046e-4
0.583, 2.062e-4
0.584, 2.083e-4
0.585, 2.095e-4
0.586, 2.120e-4
0.587, 2.148e-4
0.588, 2.180e-4
0.589, 2.205e-4
0.590, 2.232e-4
0.591, 2.267e-4
0.592, 2.295e-4
0.593, 2.342e-4
0.594, 2.390e-4
0.595, 2.429e-4
0.596, 2.472e-4
0.597, 2.519e-4
0.598, 2.571e-4
0.599, 2.620e-4
0.600, 2.680e-4
0.601, 2.742e-4
0.602, 2.790e-4
0.603, 2.873e-4
0.604, 2.939e-4
0.605, 3.006e-4
0.606, 3.084e-4
0.607, 3.165e-4
0.608, 3.254e-4
0.609, 3.357e-4
0.610, 3.451e-4
0.611, 3.552e-4
0.612, 3.666e-4
0.613, 3.787e-4
0.614, 3.894e-4
0.615, 4.003e-4
0.616, 4.149e-4
0.617, 4.290e-4
0.618, 4.443e-4
0.619, 4.605e-4
0.620, 4.770e-4
0.621, 4.940e-4
0.622, 5.117e-4
0.623, 5.311e-4
0.624, 5.508e-4
0.625, 5.714e-4
0.626, 5.940e-4
0.627, 6.151e-4
0.628, 6.396e-4
0.629, 6.629e-4
0.630, 6.878e-4
0.631, 7.148e-4
0.632, 7.420e-4
0.633, 7.707e-4
0.634, 8.000e-4
0.635, 8.311e-4
0.636, 8.649e-4
0.637, 8.983e-4
0.638, 9.322e-4
0.639, 9.696e-4
0.640, 1.008e-3
0.641, 1.047e-3
0.642, 1.088e-3
0.643, 1.131e-3
0.644, 1.174e-3
0.645, 1.219e-3
0.646, 1.264e-3
0.647, 1.312e-3
0.648, 1.363e-3
0.649, 1.415e-3
0.650, 1.468e-3
0.651, 1.523e-3
0.652, 1.582e-3
0.653, 1.640e-3
0.654, 1.698e-3
0.655, 1.760e-3
0.656, 1.826e-3
0.657, 1.893e-3
0.658, 1.960e-3
0.659, 2.029e-3
0.660, 2.101e-3
0.661, 2.174e-3
0.662, 2.247e-3
0.663, 2.325e-3
0.664, 2.405e-3
0.665, 2.487e-3
0.666, 2.571e-3
0.667, 2.658e-3
0.668, 2.741e-3
0.669, 2.834e-3
0.670, 2.926e-3
0.671, 3.019e-3
0.672, 3.115e-3
0.673, 3.211e-3
0.674, 3.311e-3
0.675, 3.413e-3
0.676, 3.515e-3
0.677, 3.621e-3
0.678, 3.726e-3
0.679, 3.834e-3
0.680, 3.950e-3
0.681, 4.063e-3
0.682, 4.177e-3
0.683, 4.296e-3
0.684, 4.415e-3
0.685, 4.537e-3
0.686, 4.657e-3
0.687, 4.781e-3
0.688, 4.909e-3
0.689, 5.037e-3
0.690, 5.165e-3
0.691, 5.299e-3
0.692, 5.437e-3
0.693, 5.573e-3
0.694, 5.709e-3
0.695, 5.849e-3
0.696, 5.989e-3
0.697, 6.129e-3
0.698, 6.276e-3
0.699, 6.423e-3
0.700, 6.572e-3
0.701, 6.722e-3
0.702, 6.877e-3
0.703, 7.032e-3
0.704, 7.186e-3
0.705, 7.347e-3
0.706, 7.510e-3
0.707, 7.671e-3
0.708, 7.834e-3
0.709, 8.000e-3
0.710, 8.167e-3
0.711, 8.340e-3
0.712, 8.508e-3
0.713, 8.678e-3
0.714, 8.849e-3
0.715, 9.020e-3
0.716, 9.194e-3
0.717, 9.382e-3
0.718, 9.562e-3
0.719, 9.744e-3
0.720, 9.923e-3
0.721, 1.011e-2
0.722, 1.029e-2
0.723, 1.048e-2
0.724, 1.066e-2
0.725, 1.084e-2
0.726, 1.104e-2
0.727, 1.124e-2
0.728, 1.144e-2
0.729, 1.163e-2
0.730, 1.182e-2
0.731, 1.202e-2
0.732, 1.222e-2
0.733, 1.242e-2
0.734, 1.264e-2
0.735, 1.285e-2
0.736, 1.306e-2
0.737, 1.327e-2
0.738, 1.346e-2
0.739, 1.367e-2
0.740, 1.388e-2
0.741, 1.409e-2
0.742, 1.431e-2
0.743, 1.453e-2
0.744, 1.474e-2
0.745, 1.495e-2
0.746, 1.517e-2
0.747, 1.539e-2
0.748, 1.561e-2
0.749, 1.584e-2
0.750, 1.607e-2
0.751, 1.629e-2
0.752, 1.651e-2
0.753, 1.673e-2
0.754, 1.695e-2
0.755, 1.718e-2
0.756, 1.741e-2
0.757, 1.763e-2
0.758, 1.785e-2
0.759, 1.808e-2
0.760, 1.832e-2
0.761, 1.857e-2
0.762, 1.881e-2
0.763, 1.905e-2
0.764, 1.928e-2
0.765, 1.951e-2
0.766, 1.976e-2
0.767, 2.000e-2
0.768, 2.024e-2
0.769, 2.049e-2
0.770, 2.073e-2
0.771, 2.097e-2
0.772, 2.122e-2
0.773, 2.147e-2
0.774, 2.172e-2
0.775, 2.197e-2
0.776, 2.221e-2
0.777, 2.247e-2
0.778, 2.271e-2
0.779, 2.295e-2
0.780, 2.320e-2
0.781, 2.344e-2
0.782, 2.369e-2
0.783, 2.393e-2
0.784, 2.418e-2
0.785, 2.443e-2
0.786, 2.469e-2
0.787, 2.495e-2
0.788, 2.520e-2
0.789, 2.547e-2
0.790, 2.574e-2
0.791, 2.599e-2
0.792, 2.623e-2
0.793, 2.650e-2
0.794, 2.675e-2
0.795, 2.701e-2
0.796, 2.726e-2
0.797, 2.753e-2
0.798, 2.781e-2
0.799, 2.808e-2
0.800, 2.825e-2
0.799, 2.804e-2
0.798, 2.775e-2
0.797, 2.747e-2
0.796, 2.719e-2
0.795, 2.691e-2
0.794, 2.660e-2
0.793, 2.631e-2
0.792, 2.602e-2
0.791, 2.575e-2
0.790, 2.549e-2
0.789, 2.522e-2
0.788, 2.492e-2
0.787, 2.464e-2
0.786, 2.436e-2
0.785, 2.411e-2
0.784, 2.384e-2
0.783, 2.358e-2
0.782, 2.331e-2
0.781, 2.305e-2
0.780, 2.278e-2
0.779, 2.252e-2
0.778, 2.227e-2
0.777, 2.202e-2
0.776, 2.178e-2
0.775, 2.152e-2
0.774, 2.127e-2
0.773, 2.101e-2
0.772, 2.077e-2
0.771, 2.053e-2
0.770, 2.027e-2
0.769, 2.002e-2
0.768, 1.977e-2
0.767, 1.952e-2
0.766, 1.927e-2
0.765, 1.902e-2
0.764, 1.877e-2
0.763, 1.852e-2
0.762, 1.828e-2
0.761, 1.804e-2
0.760, 1.781e-2
0.759, 1.758e-2
0.758, 1.734e-2
0.757, 1.712e-2
0.756, 1.688e-2
0.755, 1.666e-2
0.754, 1.641e-2
0.753, 1.619e-2
0.752, 1.596e-2
0.751, 1.572e-2
0.750, 1.550e-2
0.749, 1.528e-2
0.748, 1.506e-2
0.747, 1.484e-2
0.746, 1.461e-2
0.745, 1.439e-2
0.744, 1.418e-2
0.743, 1.396e-2
0.742, 1.376e-2
0.741, 1.356e-2
0.740, 1.335e-2
0.739, 1.313e-2
0.738, 1.293e-2
0.737, 1.273e-2
0.736, 1.253e-2
0.735, 1.231e-2
0.734, 1.212e-2
0.733, 1.192e-2
0.732, 1.172e-2
0.731, 1.152e-2
0.730, 1.132e-2
0.729, 1.112e-2
0.728, 1.092e-2
0.727, 1.073e-2
0.726, 1.055e-2
0.725, 1.036e-2
0.724, 1.017e-2
0.723, 9.986e-3
0.722, 9.811e-3
0.721, 9.637e-3
0.720, 9.458e-3
0.719, 9.281e-3
0.718, 9.104e-3
0.717, 8.924e-3
0.716, 8.745e-3
0.715, 8.575e-3
0.714, 8.408e-3
0.713, 8.240e-3
0.712, 8.070e-3
0.711, 7.901e-3
0.710, 7.737e-3
0.709, 7.575e-3
0.708, 7.412e-3
0.707, 7.251e-3
0.706, 7.089e-3
0.705, 6.934e-3
0.704, 6.785e-3
0.703, 6.632e-3
0.702, 6.487e-3
0.701, 6.338e-3
0.700, 6.188e-3
0.699, 6.046e-3
0.698, 5.903e-3
0.697, 5.763e-3
0.696, 5.624e-3
0.695, 5.489e-3
0.694, 5.354e-3
0.693, 5.220e-3
0.692, 5.090e-3
0.691, 4.961e-3
0.690, 4.834e-3
0.689, 4.706e-3
0.688, 4.583e-3
0.687, 4.460e-3
0.686, 4.340e-3
0.685, 4.217e-3
0.684, 4.101e-3
0.683, 3.988e-3
0.682, 3.875e-3
0.681, 3.761e-3
0.680, 3.654e-3
0.679, 3.544e-3
0.678, 3.440e-3
0.677, 3.337e-3
0.676, 3.233e-3
0.675, 3.135e-3
0.674, 3.036e-3
0.673, 2.940e-3
0.672, 2.846e-3
0.671, 2.746e-3
0.670, 2.657e-3
0.669, 2.568e-3
0.668, 2.481e-3
0.667, 2.400e-3
0.666, 2.315e-3
0.665, 2.233e-3
0.664, 2.157e-3
0.663, 2.080e-3
0.662, 2.007e-3
0.661, 1.932e-3
0.660, 1.861e-3
0.659, 1.790e-3
0.658, 1.723e-3
0.657, 1.658e-3
0.656, 1.594e-3
0.655, 1.529e-3
0.654, 1.467e-3
0.653, 1.410e-3
0.652, 1.352e-3
0.651, 1.294e-3
0.650, 1.241e-3
0.649, 1.190e-3
0.648, 1.139e-3
0.647, 1.089e-3
0.646, 1.040e-3
0.645, 9.935e-4
0.644, 9.475e-4
0.643, 9.052e-4
0.642, 8.641e-4
0.641, 8.216e-4
0.640, 7.826e-4
0.639, 7.455e-4
0.638, 7.095e-4
0.637, 6.745e-4
0.636, 6.401e-4
0.635, 6.073e-4
0.634, 5.761e-4
0.633, 5.453e-4
0.632, 5.155e-4
0.631, 4.875e-4
0.630, 4.588e-4
0.629, 4.335e-4
0.628, 4.082e-4
0.627, 3.867e-4
0.626, 3.622e-4
0.625, 3.408e-4
0.624, 3.211e-4
0.623, 3.006e-4
0.622, 2.818e-4
0.621, 2.643e-4
0.620, 2.471e-4
0.619, 2.295e-4
0.618, 2.132e-4
0.617, 1.978e-4
0.616, 1.825e-4
0.615, 1.694e-4
0.614, 1.571e-4
0.613, 1.428e-4
0.612, 1.296e-4
0.611, 1.180e-4
0.610, 1.061e-4
0.609, 9.471e-5
0.608, 8.514e-5
0.607, 7.460e-5
0.606, 6.610e-5
0.605, 5.702e-5
0.604, 4.774e-5
0.603, 3.993e-5
0.602, 3.222e-5
0.601, 2.412e-5
0.600, 1.777e-5
0.599, 1.045e-5
0.598, 4.687e-6
0.597, -2.832e-6
0.596, -7.811e-6
0.595, -1.357e-5
0.594, -1.904e-5
0.593, -2.460e-5
0.592, -2.880e-5
0.591, -3.359e-5
0.590, -3.788e-5
0.589, -4.267e-5
0.588, -4.638e-5
0.587, -5.019e-5
0.586, -5.448e-5
0.585, -5.790e-5
0.584, -6.112e-5
0.583, -6.405e-5
0.582, -6.669e-5
0.581, -6.913e-5
0.580, -7.245e-5
0.579, -7.489e-5
0.578, -7.850e-5
0.577, -8.153e-5
0.576, -8.211e-5
0.575, -8.504e-5
0.574, -8.846e-5
0.573, -8.914e-5
0.572, -9.276e-5
0.571, -9.373e-5
0.570, -9.637e-5
0.569, -9.900e-5
0.568, -9.988e-5
0.567, -1.023e-4
0.566, -1.038e-4
0.565, -1.059e-4
0.564, -1.077e-4
0.563, -1.088e-4
0.562, -1.101e-4
0.561, -1.123e-4
0.560, -1.128e-4
0.559, -1.158e-4
0.558, -1.170e-4
0.557, -1.181e-4
0.556, -1.199e-4
0.555, -1.203e-4
0.554, -1.229e-4
0.553, -1.242e-4
0.552, -1.250e-4
0.551, -1.276e-4
0.550, -1.265e-4
0.549, -1.299e-4
0.548, -1.301e-4
0.547, -1.305e-4
0.546, -1.333e-4
0.545, -1.352e-4
0.544, -1.361e-4
0.543, -1.362e-4
0.542, -1.387e-4
0.541, -1.406e-4
0.540, -1.402e-4
0.539, -1.421e-4
0.538, -1.440e-4
0.537, -1.453e-4
0.536, -1.462e-4
0.535, -1.467e-4
0.534, -1.475e-4
0.533, -1.493e-4
0.532, -1.501e-4
0.531, -1.516e-4
0.530, -1.528e-4
0.529, -1.542e-4
0.528, -1.555e-4
0.527, -1.572e-4
0.526, -1.564e-4
0.525, -1.582e-4
0.524, -1.599e-4
0.523, -1.611e-4
0.522, -1.618e-4
0.521, -1.638e-4
0.520, -1.642e-4
0.519, -1.662e-4
0.518, -1.669e-4
0.517, -1.682e-4
0.516, -1.705e-4
0.515, -1.710e-4
0.514, -1.717e-4
0.513, -1.734e-4
0.512, -1.790e-4
0.511, -1.775e-4
0.510, -1.770e-4
0.509, -1.772e-4
0.508, -1.802e-4
0.507, -1.797e-4
0.506, -1.807e-4
0.505, -1.828e-4
0.504, -1.842e-4
0.503, -1.857e-4
0.502, -1.863e-4
0.501, -1.868e-4
0.500, -1.885e-4
0.499, -1.891e-4
0.498, -1.915e-4
0.497, -1.924e-4
0.496, -1.937e-4
0.495, -1.956e-4
0.494, -1.961e-4
0.493, -1.970e-4
0.492, -1.993e-4
0.491, -2.005e-4
0.490, -2.017e-4
0.489, -2.033e-4
0.488, -2.043e-4
0.487, -2.060e-4
0.486, -2.091e-4
0.485, -2.097e-4
0.484, -2.108e-4
0.483, -2.104e-4
0.482, -2.144e-4
0.481, -2.157e-4
0.480, -2.175e-4
0.479, -2.191e-4
0.478, -2.208e-4
0.477, -2.229e-4
0.476, -2.250e-4
0.475, -2.274e-4
0.474, -2.283e-4
0.473, -2.300e-4
0.472, -2.330e-4
0.471, -2.364e-4
0.470, -2.379e-4
0.469, -2.408e-4
0.468, -2.435e-4
0.467, -2.464e-4
0.466, -2.499e-4
0.465, -2.519e-4
0.464, -2.542e-4
0.463, -2.592e-4
0.462, -2.619e-4
0.461, -2.658e-4
0.460, -2.691e-4
0.459, -2.718e-4
0.458, -2.765e-4
0.457, -2.796e-4
0.456, -2.835e-4
0.455, -2.894e-4
0.454, -2.930e-4
0.453, -2.973e-4
0.452, -3.042e-4
0.451, -3.070e-4
0.450, -3.128e-4
0.449, -3.185e-4
0.448, -3.231e-4
0.447, -3.313e-4
0.446, -3.385e-4
0.445, -3.439e-4
0.444, -3.517e-4
0.443, -3.590e-4
0.442, -3.671e-4
0.441, -3.746e-4
0.440, -3.828e-4
0.439, -3.894e-4
0.438, -3.987e-4
0.437, -4.074e-4
0.436, -4.166e-4
0.435, -4.265e-4
0.434, -4.348e-4
0.433, -4.435e-4
0.432, -4.532e-4
0.431, -4.638e-4
0.430, -4.725e-4
0.429, -4.840e-4
0.428, -4.953e-4
0.427, -5.058e-4
0.426, -5.189e-4
0.425, -5.311e-4
0.424, -5.428e-4
0.423, -5.559e-4
0.422, -5.692e-4
0.421, -5.865e-4
0.420, -6.029e-4
0.419, -6.177e-4
0.418, -6.355e-4
0.417, -6.549e-4
0.416, -6.722e-4
0.415, -6.908e-4
0.414, -7.080e-4
0.413, -7.289e-4
0.412, -7.511e-4
0.411, -7.730e-4
0.410, -7.841e-4
0.409, -7.817e-4
0.408, -8.195e-4
0.407, -8.544e-4
0.406, -8.862e-4
0.405, -9.190e-4
0.404, -9.504e-4
0.403, -9.836e-4
0.402, -1.020e-3
0.401, -1.057e-3
0.400, -1.095e-3
0.399, -1.137e-3
0.398, -1.177e-3
0.397, -1.217e-3
0.396, -1.261e-3
0.395, -1.308e-3
0.394, -1.360e-3
0.393, -1.412e-3
0.392, -1.467e-3
0.391, -1.521e-3
0.390, -1.578e-3
0.389, -1.639e-3
0.388, -1.699e-3
0.387, -1.760e-3
0.386, -1.823e-3
0.385, -1.886e-3
0.384, -1.951e-3
0.383, -2.016e-3
0.382, -2.079e-3
0.381, -2.142e-3
0.380, -2.201e-3
0.379, -2.254e-3
0.378, -2.311e-3
0.377, -2.361e-3
0.376, -2.405e-3
0.375, -2.442e-3
0.374, -2.473e-3
0.373, -2.497e-3
0.372, -2.512e-3
0.371, -2.514e-3
0.370, -2.509e-3
0.369, -2.492e-3
0.368, -2.463e-3
0.367, -2.418e-3
0.366, -2.355e-3
0.365, -2.275e-3
0.364, -2.181e-3
0.363, -2.065e-3
0.362, -1.936e-3
0.361, -1.791e-3
0.360, -1.639e-3
0.359, -1.478e-3
0.358, -1.320e-3
0.357, -1.171e-3
0.356, -1.032e-3
0.355, -9.102e-4
0.354, -8.057e-4
0.353, -7.194e-4
0.352, -6.488e-4
0.351, -5.868e-4
0.350, -5.354e-4
0.349, -4.935e-4
0.348, -4.588e-4
0.347, -4.291e-4
0.346, -4.033e-4
0.345, -3.790e-4
0.344, -3.596e-4
0.343, -3.432e-4
0.342, -3.277e-4
0.341, -3.135e-4
0.340, -3.018e-4
0.339, -2.908e-4
0.338, -2.810e-4
0.337, -2.726e-4
0.336, -2.641e-4
0.335, -2.560e-4
0.334, -2.496e-4
0.333, -2.431e-4
0.332, -2.370e-4
0.331, -2.306e-4
0.330, -2.252e-4
0.329, -2.202e-4
0.328, -2.161e-4
0.327, -2.111e-4
0.326, -2.080e-4
0.325, -2.029e-4
0.324, -1.990e-4
0.323, -1.958e-4
0.322, -1.931e-4
0.321, -1.899e-4
0.320, -1.856e-4
0.319, -1.828e-4
0.318, -1.798e-4
0.317, -1.773e-4
0.316, -1.742e-4
0.315, -1.715e-4
0.314, -1.687e-4
0.313, -1.663e-4
0.312, -1.636e-4
0.311, -1.621e-4
0.310, -1.581e-4
0.309, -1.566e-4
0.308, -1.541e-4
0.307, -1.545e-4
0.306, -1.503e-4
0.305, -1.482e-4
0.304, -1.463e-4
0.303, -1.447e-4
0.302, -1.426e-4
0.301, -1.399e-4
0.300, -1.389e-4
0.299, -1.372e-4
0.298, -1.345e-4
0.297, -1.332e-4
0.296, -1.313e-4
0.295, -1.297e-4
0.294, -1.280e-4
0.293, -1.268e-4
0.292, -1.250e-4
0.291, -1.226e-4
0.290, -1.226e-4
0.289, -1.210e-4
0.288, -1.190e-4
0.287, -1.180e-4
0.286, -1.169e-4
0.285, -1.147e-4
0.284, -1.137e-4
0.283, -1.120e-4
0.282, -1.112e-4
0.281, -1.100e-4
0.280, -1.077e-4
0.279, -1.068e-4
0.278, -1.059e-4
0.277, -1.050e-4
0.276, -1.035e-4
0.275, -1.027e-4
0.274, -1.013e-4
0.273, -1.007e-4
0.272, -9.959e-5
0.271, -9.852e-5
0.270, -9.764e-5
0.269, -9.617e-5
0.268, -9.578e-5
0.267, -9.461e-5
0.266, -9.363e-5
0.265, -9.305e-5
0.264, -9.217e-5
0.263, -9.100e-5
0.262, -8.973e-5
0.261, -8.944e-5
0.260, -8.895e-5
0.259, -8.826e-5
0.258, -8.748e-5
0.257, -8.621e-5
0.256, -8.553e-5
0.255, -8.514e-5
0.254, -8.426e-5
0.253, -8.309e-5
0.252, -8.280e-5
0.251, -8.172e-5
0.250, -8.143e-5
0.249, -8.065e-5
0.248, -8.026e-5
0.247, -7.928e-5
0.246, -7.918e-5
0.245, -7.801e-5
0.244, -7.782e-5
0.243, -7.684e-5
0.242, -7.606e-5
0.241, -7.674e-5
0.240, -7.508e-5
0.239, -7.489e-5
0.238, -7.401e-5
0.237, -7.440e-5
0.236, -7.381e-5
0.235, -7.333e-5
0.234, -7.245e-5
0.233, -7.235e-5
0.232, -7.215e-5
0.231, -7.118e-5
0.230, -7.030e-5
0.229, -6.981e-5
0.228, -6.952e-5
0.227, -6.952e-5
0.226, -6.883e-5
0.225, -6.893e-5
0.224, -6.786e-5
0.223, -6.786e-5
0.222, -6.747e-5
0.221, -6.678e-5
0.220, -6.669e-5
0.219, -6.630e-5
0.218, -6.581e-5
0.217, -6.542e-5
0.216, -6.464e-5
0.215, -6.493e-5
0.214, -6.464e-5
0.213, -6.483e-5
0.212, -6.366e-5
0.211, -6.337e-5
0.210, -6.356e-5
0.209, -6.395e-5
0.208, -6.278e-5
0.207, -6.229e-5
0.206, -6.239e-5
0.205, -6.141e-5
0.204, -6.151e-5
0.203, -6.141e-5
0.202, -6.161e-5
0.201, -6.122e-5
0.200, -6.014e-5
0.199, -5.985e-5
0.198, -5.975e-5
0.197, -5.985e-5
0.196, -5.946e-5
0.195, -5.907e-5
0.194, -5.946e-5
0.193, -5.975e-5
0.192, -5.839e-5
0.191, -5.858e-5
0.190, -5.849e-5
0.189, -5.849e-5
0.188, -5.819e-5
0.187, -5.839e-5
0.186, -5.829e-5
0.185, -5.692e-5
0.184, -5.829e-5
0.183, -5.770e-5
0.182, -5.663e-5
0.181, -5.653e-5
0.180, -5.663e-5
0.179, -5.722e-5
0.178, -5.565e-5
0.177, -5.604e-5
0.176, -5.585e-5
0.175, -5.595e-5
0.174, -5.536e-5
0.173, -5.624e-5
0.172, -5.585e-5
0.171, -5.526e-5
0.170, -5.438e-5
0.169, -5.546e-5
0.168, -5.507e-5
0.167, -5.487e-5
0.166, -5.429e-5
0.165, -5.409e-5
0.164, -5.458e-5
0.163, -5.399e-5
0.162, -5.438e-5
0.161, -5.429e-5
0.160, -5.360e-5
0.159, -5.370e-5
0.158, -5.380e-5
0.157, -5.351e-5
0.156, -5.321e-5
0.155, -5.380e-5
0.154, -5.370e-5
0.153, -5.272e-5
0.152, -5.351e-5
0.151, -5.302e-5
0.150, -5.311e-5
0.149, -5.272e-5
0.148, -5.341e-5
0.147, -5.311e-5
0.146, -5.341e-5
0.145, -5.253e-5
0.144, -5.224e-5
0.143, -5.243e-5
0.142, -5.243e-5
0.141, -5.224e-5
0.140, -5.185e-5
0.139, -5.194e-5
0.138, -5.165e-5
0.137, -5.175e-5
0.136, -5.185e-5
0.135, -5.106e-5
0.134, -5.136e-5
0.133, -5.146e-5
0.132, -5.165e-5
0.131, -5.175e-5
0.130, -5.116e-5
0.129, -5.165e-5
0.128, -5.185e-5
0.127, -5.136e-5
0.126, -5.087e-5
0.125, -5.087e-5
0.124, -5.048e-5
0.123, -5.058e-5
0.122, -5.067e-5
0.121, -5.048e-5
0.120, -5.126e-5
0.119, -5.106e-5
0.118, -5.038e-5
0.117, -5.048e-5
0.116, -4.989e-5
0.115, -5.038e-5
0.114, -5.038e-5
0.113, -4.999e-5
0.112, -4.980e-5
0.111, -5.009e-5
0.110, -4.980e-5
0.109, -5.028e-5
0.108, -4.931e-5
0.107, -4.931e-5
0.106, -4.980e-5
0.105, -4.872e-5
0.104, -4.960e-5
0.103, -4.911e-5
0.102, -4.940e-5
0.101, -4.882e-5
0.100, -5.009e-5
0.099, -4.989e-5
0.098, -4.901e-5
0.097, -4.911e-5
0.096, -4.940e-5
0.095, -4.843e-5
0.094, -4.823e-5
0.093, -4.872e-5
0.092, -4.833e-5
0.091, -4.823e-5
0.090, -4.862e-5
0.089, -4.765e-5
0.088, -4.862e-5
0.087, -4.833e-5
0.086, -4.853e-5
0.085, -4.735e-5
0.084, -4.774e-5
0.083, -4.745e-5
0.082, -4.726e-5
0.081, -4.843e-5
0.080, -4.696e-5
0.079, -4.735e-5
0.078, -4.804e-5
0.077, -4.765e-5
0.076, -4.774e-5
0.075, -4.774e-5
0.074, -4.755e-5
0.073, -4.706e-5
0.072, -4.765e-5
0.071, -4.784e-5
0.070, -4.765e-5
0.069, -4.755e-5
0.068, -4.735e-5
0.067, -4.765e-5
0.066, -4.726e-5
0.065, -4.765e-5
0.064, -4.687e-5
0.063, -4.716e-5
0.062, -4.677e-5
0.061, -4.706e-5
0.060, -4.706e-5
0.059, -4.687e-5
0.058, -4.638e-5
0.057, -4.677e-5
0.056, -4.618e-5
0.055, -4.589e-5
0.054, -4.648e-5
0.053, -4.609e-5
0.052, -4.716e-5
0.051, -4.599e-5
0.050, -4.550e-5
0.049, -4.638e-5
0.048, -4.638e-5
0.047, -4.579e-5
0.046, -4.589e-5
0.045, -4.618e-5
0.044, -4.628e-5
0.043, -4.521e-5
0.042, -4.569e-5
0.041, -4.579e-5
0.040, -4.569e-5
0.039, -4.569e-5
0.038, -4.550e-5
0.037, -4.579e-5
0.036, -4.482e-5
0.035, -4.423e-5
0.034, -4.530e-5
0.033, -4.482e-5
0.032, -4.433e-5
0.031, -4.472e-5
0.030, -4.472e-5
0.029, -4.521e-5
0.028, -4.491e-5
0.027, -4.491e-5
0.026, -4.433e-5
0.025, -4.433e-5
0.024, -4.413e-5
0.023, -4.443e-5
0.022, -4.462e-5
0.021, -4.462e-5
0.020, -4.364e-5
0.019, -4.413e-5
0.018, -4.355e-5
0.017, -4.345e-5
0.016, -4.394e-5
0.015, -4.364e-5
0.014, -4.413e-5
0.013, -4.384e-5
0.012, -4.443e-5
0.011, -4.325e-5
0.010, -4.345e-5
0.009, -4.355e-5
0.008, -4.384e-5
0.007, -4.316e-5
0.006, -4.325e-5
0.005, -4.374e-5
0.004, -4.374e-5
0.003, -4.286e-5
0.002, -4.335e-5
0.001, -4.374e-5
0.000, -3.691e-5
0.001, -2.734e-5
0.002, -2.548e-5
0.003, -2.402e-5
0.004, -2.255e-5
0.005, -2.129e-5
0.006, -2.070e-5
0.007, -1.933e-5
0.008, -1.797e-5
0.009, -1.826e-5
0.010, -1.718e-5
0.011, -1.728e-5
0.012, -1.679e-5
0.013, -1.631e-5
0.014, -1.494e-5
0.015, -1.494e-5
0.016, -1.445e-5
0.017, -1.435e-5
0.018, -1.386e-5
0.019, -1.386e-5
0.020, -1.328e-5
0.021, -1.279e-5
0.022, -1.289e-5
0.023, -1.269e-5
0.024, -1.250e-5
0.025, -1.260e-5
0.026, -1.123e-5
0.027, -1.211e-5
0.028, -1.123e-5
0.029, -1.035e-5
0.030, -1.045e-5
0.031, -1.045e-5
0.032, -1.025e-5
0.033, -9.373e-6
0.034, -1.015e-5
0.035, -9.569e-6
0.036, -1.015e-5
0.037, -9.666e-6
0.038, -8.983e-6
0.039, -9.276e-6
0.040, -9.471e-6
0.041, -8.592e-6
0.042, -8.690e-6
0.043, -8.494e-6
0.044, -8.006e-6
0.045, -8.299e-6
0.046, -8.494e-6
0.047, -8.397e-6
0.048, -7.616e-6
0.049, -7.323e-6
0.050, -7.713e-6
0.051, -7.420e-6
0.052, -7.420e-6
0.053, -7.420e-6
0.054, -7.030e-6
0.055, -7.225e-6
0.056, -7.128e-6
0.057, -7.323e-6
0.058, -6.444e-6
0.059, -7.225e-6
0.060, -6.835e-6
0.061, -6.346e-6
0.062, -5.858e-6
0.063, -5.956e-6
0.064, -5.858e-6
0.065, -6.151e-6
0.066, -5.858e-6
0.067, -6.639e-6
0.068, -5.272e-6
0.069, -5.370e-6
0.070, -5.858e-6
0.071, -5.565e-6
0.072, -5.858e-6
0.073, -5.858e-6
0.074, -5.956e-6
0.075, -5.272e-6
0.076, -4.784e-6
0.077, -5.272e-6
0.078, -5.272e-6
0.079, -4.784e-6
0.080, -4.101e-6
0.081, -3.808e-6
0.082, -4.198e-6
0.083, -4.882e-6
0.084, -4.784e-6
0.085, -4.784e-6
0.086, -4.394e-6
0.087, -3.906e-6
0.088, -3.515e-6
0.089, -3.808e-6
0.090, -4.394e-6
0.091, -4.491e-6
0.092, -3.515e-6
0.093, -3.320e-6
0.094, -3.417e-6
0.095, -3.906e-6
0.096, -3.027e-6
0.097, -4.101e-6
0.098, -3.417e-6
0.099, -3.222e-6
0.100, -2.929e-6
0.101, -3.222e-6
0.102, -3.027e-6
0.103, -2.148e-6
0.104, -3.027e-6
0.105, -2.734e-6
0.106, -3.222e-6
0.107, -2.832e-6
0.108, -2.050e-6
0.109, -2.441e-6
0.110, -2.050e-6
0.111, -1.953e-6
0.112, -1.855e-6
0.113, -1.660e-6
0.114, -2.050e-6
0.115, -2.246e-6
0.116, -1.757e-6
0.117, -1.465e-6
0.118, -1.367e-6
0.119, -1.367e-6
0.120, -1.562e-6
0.121, -1.269e-6
0.122, -9.764e-7
0.123, -9.764e-7
0.124, -1.953e-7
0.125, -6.835e-7
0.126, -7.811e-7
0.127, -7.811e-7
0.128, -1.074e-6
0.129, -3.906e-7
0.130, -5.858e-7
0.131, 1.953e-7
0.132, -3.906e-7
0.133, -1.172e-6
0.134, -5.858e-7
0.135, -1.953e-7
0.136, 4.882e-7
0.137, -2.929e-7
0.138, 5.858e-7
0.139, -1.953e-7
0.140, 3.905e-7
0.141, 5.858e-7
0.142, 2.929e-7
0.143, 7.811e-7
0.144, -1.953e-7
0.145, -1.953e-7
0.146, 4.882e-7
0.147, 8.787e-7
0.148, 1.172e-6
0.149, 7.811e-7
0.150, 8.787e-7
0.151, 1.269e-6
0.152, 1.269e-6
0.153, 1.367e-6
0.154, 1.172e-6
0.155, 1.074e-6
0.156, 1.367e-6
0.157, 1.757e-6
0.158, 1.757e-6
0.159, 1.855e-6
0.160, 1.172e-6
0.161, 1.465e-6
0.162, 2.050e-6
0.163, 1.953e-6
0.164, 1.855e-6
0.165, 1.660e-6
0.166, 1.953e-6
0.167, 2.050e-6
0.168, 1.660e-6
0.169, 2.636e-6
0.170, 2.636e-6
0.171, 2.148e-6
0.172, 2.636e-6
0.173, 2.734e-6
0.174, 2.831e-6
0.175, 3.027e-6
0.176, 2.148e-6
0.177, 3.515e-6
0.178, 2.734e-6
0.179, 2.148e-6
0.180, 1.953e-6
0.181, 3.124e-6
0.182, 2.734e-6
0.183, 3.124e-6
0.184, 2.636e-6
0.185, 3.222e-6
0.186, 3.124e-6
0.187, 3.613e-6
0.188, 3.906e-6
0.189, 3.124e-6
0.190, 3.515e-6
0.191, 3.515e-6
0.192, 3.515e-6
0.193, 4.003e-6
0.194, 4.003e-6
0.195, 3.808e-6
0.196, 3.906e-6
0.197, 4.784e-6
0.198, 3.710e-6
0.199, 4.101e-6
0.200, 4.491e-6
0.201, 3.906e-6
0.202, 4.003e-6
0.203, 4.784e-6
0.204, 5.565e-6
0.205, 5.077e-6
0.206, 5.565e-6
0.207, 4.394e-6
0.208, 4.491e-6
0.209, 5.468e-6
0.210, 5.077e-6
0.211, 5.858e-6
0.212, 5.565e-6
0.213, 5.956e-6
0.214, 5.761e-6
0.215, 6.151e-6
0.216, 6.542e-6
0.217, 6.444e-6
0.218, 6.542e-6
0.219, 6.639e-6
0.220, 7.030e-6
0.221, 6.639e-6
0.222, 6.835e-6
0.223, 7.128e-6
0.224, 7.323e-6
0.225, 7.811e-6
0.226, 8.006e-6
0.227, 7.518e-6
0.228, 8.006e-6
0.229, 8.006e-6
0.230, 8.202e-6
0.231, 7.811e-6
0.232, 8.397e-6
0.233, 9.373e-6
0.234, 8.494e-6
0.235, 8.690e-6
0.236, 8.885e-6
0.237, 8.885e-6
0.238, 9.276e-6
0.239, 9.666e-6
0.240, 9.764e-6
0.241, 9.959e-6
0.242, 1.015e-5
0.243, 9.666e-6
0.244, 9.764e-6
0.245, 1.113e-5
0.246, 1.133e-5
0.247, 1.113e-5
0.248, 1.113e-5
0.249, 1.191e-5
0.250, 1.250e-5
0.251, 1.172e-5
0.252, 1.172e-5
0.253, 1.230e-5
0.254, 1.211e-5
0.255, 1.289e-5
0.256, 1.289e-5
0.257, 1.426e-5
0.258, 1.328e-5
0.259, 1.308e-5
0.260, 1.416e-5
0.261, 1.465e-5
0.262, 1.504e-5
0.263, 1.455e-5
0.264, 1.474e-5
0.265, 1.533e-5
0.266, 1.543e-5
0.267, 1.543e-5
0.268, 1.591e-5
0.269, 1.582e-5
0.270, 1.650e-5
0.271, 1.601e-5
0.272, 1.670e-5
0.273, 1.767e-5
0.274, 1.777e-5
0.275, 1.767e-5
0.276, 1.797e-5
0.277, 1.875e-5
0.278, 1.875e-5
0.279, 1.914e-5
0.280, 1.982e-5
0.281, 1.972e-5
0.282, 1.972e-5
0.283, 1.894e-5
0.284, 1.972e-5
0.285, 2.002e-5
0.286, 2.080e-5
0.287, 2.109e-5
0.288, 2.070e-5
0.289, 2.109e-5
0.290, 2.168e-5
0.291, 2.216e-5
0.292, 2.187e-5
0.293, 2.158e-5
0.294, 2.294e-5
0.295, 2.177e-5
0.296, 2.285e-5
0.297, 2.421e-5
0.298, 2.392e-5
0.299, 2.460e-5
0.300, 2.441e-5
0.301, 2.509e-5
0.302, 2.529e-5
0.303, 2.617e-5
0.304, 2.558e-5
0.305, 2.666e-5
0.306, 2.695e-5
0.307, 2.822e-5
0.308, 2.714e-5
0.309, 2.705e-5
0.310, 2.890e-5
0.311, 2.871e-5
0.312, 2.910e-5
0.313, 2.900e-5
0.314, 2.978e-5
0.315, 2.900e-5
0.316, 2.949e-5
0.317, 2.968e-5
0.318, 3.017e-5
0.319, 3.124e-5
0.320, 3.115e-5
0.321, 3.115e-5
0.322, 3.134e-5
0.323, 3.183e-5
0.324, 3.222e-5
0.325, 3.271e-5
0.326, 3.329e-5
0.327, 3.427e-5
0.328, 3.388e-5
0.329, 3.417e-5
0.330, 3.339e-5
0.331, 3.466e-5
0.332, 3.525e-5
0.333, 3.505e-5
0.334, 3.476e-5
0.335, 3.574e-5
0.336, 3.574e-5
0.337, 3.681e-5
0.338, 3.710e-5
0.339, 3.740e-5
0.340, 3.779e-5
0.341, 3.798e-5
0.342, 3.788e-5
0.343, 3.808e-5
0.344, 3.954e-5
0.345, 4.013e-5
0.346, 3.925e-5
0.347, 3.984e-5
0.348, 4.091e-5
0.349, 3.993e-5
0.350, 4.169e-5
0.351, 4.081e-5
0.352, 4.208e-5
0.353, 4.228e-5
0.354, 4.257e-5
0.355, 4.257e-5
0.356, 4.306e-5
0.357, 4.335e-5
0.358, 4.472e-5
0.359, 4.423e-5
0.360, 4.462e-5
0.361, 4.530e-5
0.362, 4.579e-5
0.363, 4.677e-5
0.364, 4.706e-5
0.365, 4.618e-5
0.366, 4.716e-5
0.367, 4.872e-5
0.368, 4.901e-5
0.369, 4.960e-5
0.370, 4.940e-5
0.371, 4.980e-5
0.372, 5.058e-5
0.373, 5.165e-5
0.374, 5.185e-5
0.375, 5.253e-5
0.376, 5.302e-5
0.377, 5.351e-5
0.378, 5.370e-5
0.379, 5.546e-5
0.380, 5.546e-5
0.381, 5.565e-5
0.382, 5.643e-5
0.383, 5.770e-5
0.384, 5.761e-5
0.385, 5.849e-5
0.386, 5.966e-5
0.387, 6.063e-5
0.388, 6.141e-5
0.389, 6.171e-5
0.390, 6.307e-5
0.391, 6.376e-5
0.392, 6.542e-5
0.393, 6.766e-5
0.394, 6.776e-5
0.395, 6.913e-5
0.396, 7.069e-5
0.397, 7.049e-5
0.398, 7.245e-5
0.399, 7.538e-5
0.400, 7.635e-5
0.401, 7.840e-5
0.402, 8.016e-5
0.403, 8.299e-5
0.404, 8.563e-5
0.405, 8.797e-5
0.406, 9.237e-5
0.407, 9.637e-5
0.408, 1.019e-4
0.409, 1.054e-4
0.410, 1.020e-4
0.411, 1.178e-4
0.412, 1.284e-4
0.413, 1.396e-4
0.414, 1.537e-4
0.415, 1.705e-4
0.416, 1.910e-4
0.417, 2.172e-4
0.418, 2.467e-4
0.419, 2.827e-4
0.420, 3.249e-4
0.421, 3.761e-4
0.422, 4.378e-4
0.423, 5.100e-4
0.424, 5.960e-4
0.425, 6.938e-4
0.426, 8.038e-4
0.427, 9.291e-4
0.428, 1.072e-3
0.429, 1.230e-3
0.430, 1.401e-3
0.431, 1.576e-3
0.432, 1.751e-3
0.433, 1.924e-3
0.434, 2.094e-3
0.435, 2.261e-3
0.436, 2.437e-3
0.437, 2.597e-3
0.438, 2.753e-3
0.439, 2.903e-3
0.440, 3.043e-3
0.441, 3.165e-3
0.442, 3.277e-3
0.443, 3.374e-3
0.444, 3.447e-3
0.445, 3.496e-3
0.446, 3.525e-3
0.447, 3.528e-3
0.448, 3.505e-3
0.449, 3.458e-3
0.450, 3.382e-3
0.451, 3.280e-3
0.452, 3.157e-3
0.453, 3.013e-3
0.454, 2.853e-3
0.455, 2.681e-3
0.456, 2.498e-3
0.457, 2.322e-3
0.458, 2.146e-3
0.459, 1.979e-3
0.460, 1.823e-3
0.461, 1.680e-3
0.462, 1.550e-3
0.463, 1.433e-3
0.464, 1.329e-3
0.465, 1.237e-3
0.466, 1.156e-3
0.467, 1.085e-3
0.468, 1.020e-3
0.469, 9.644e-4
0.470, 9.143e-4
0.471, 8.671e-4
0.472, 8.250e-4
0.473, 7.882e-4
0.474, 7.529e-4
0.475, 7.224e-4
0.476, 6.948e-4
0.477, 6.688e-4
0.478, 6.463e-4
0.479, 6.252e-4
0.480, 6.037e-4
0.481, 5.849e-4
0.482, 5.658e-4
0.483, 5.494e-4
0.484, 5.340e-4
0.485, 5.193e-4
0.486, 5.063e-4
0.487, 4.939e-4
0.488, 4.809e-4
0.489, 4.693e-4
0.490, 4.568e-4
0.491, 4.477e-4
0.492, 4.366e-4
0.493, 4.278e-4
0.494, 4.187e-4
0.495, 4.103e-4
0.496, 4.024e-4
0.497, 3.949e-4
0.498, 3.860e-4
0.499, 3.801e-4
0.500, 3.731e-4
0.501, 3.675e-4
0.502, 3.609e-4
0.503, 3.543e-4
0.504, 3.485e-4
0.505, 3.432e-4
0.506, 3.380e-4
0.507, 3.326e-4
0.508, 3.275e-4
0.509, 3.221e-4
0.510, 3.169e-4
0.511, 3.121e-4
0.512, 3.132e-4
0.513, 3.079e-4
0.514, 3.015e-4
0.515, 2.976e-4
0.516, 2.935e-4
0.517, 2.887e-4
0.518, 2.860e-4
0.519, 2.828e-4
0.520, 2.783e-4
0.521, 2.750e-4
0.522, 2.708e-4
0.523, 2.685e-4
0.524, 2.659e-4
0.525, 2.599e-4
0.526, 2.594e-4
0.527, 2.564e-4
0.528, 2.529e-4
0.529, 2.511e-4
0.530, 2.470e-4
0.531, 2.457e-4
0.532, 2.428e-4
0.533, 2.413e-4
0.534, 2.385e-4
0.535, 2.360e-4
0.536, 2.335e-4
0.537, 2.310e-4
0.538, 2.298e-4
0.539, 2.268e-4
0.540, 2.248e-4
0.541, 2.222e-4
0.542, 2.204e-4
0.543, 2.193e-4
0.544, 2.172e-4
0.545, 2.158e-4
0.546, 2.143e-4
0.547, 2.113e-4
0.548, 2.115e-4
0.549, 2.095e-4
0.550, 2.083e-4
0.551, 2.050e-4
0.552, 2.043e-4
0.553, 2.041e-4
0.554, 2.017e-4
0.555, 2.016e-4
0.556, 2.005e-4
0.557, 1.989e-4
0.558, 1.986e-4
0.559, 1.984e-4
0.560, 1.976e-4
0.561, 1.975e-4
0.562, 1.963e-4
0.563, 1.951e-4
0.564, 1.956e-4
0.565, 1.950e-4
0.566, 1.946e-4
0.567, 1.930e-4
0.568, 1.942e-4
0.569, 1.941e-4
0.570, 1.944e-4
0.571, 1.936e-4
0.572, 1.945e-4
0.573, 1.944e-4
0.574, 1.961e-4
0.575, 1.959e-4
0.576, 1.956e-4
0.577, 1.969e-4
0.578, 1.972e-4
0.579, 1.989e-4
0.580, 2.002e-4
0.581, 2.010e-4
0.582, 2.038e-4
0.583, 2.053e-4
0.584, 2.063e-4
0.585, 2.094e-4
0.586, 2.107e-4
0.587, 2.142e-4
0.588, 2.176e-4
0.589, 2.202e-4
0.590, 2.234e-4
0.591, 2.255e-4
0.592, 2.297e-4
0.593, 2.328e-4
0.594, 2.375e-4
0.595, 2.418e-4
0.596, 2.465e-4
0.597, 2.502e-4
0.598, 2.554e-4
0.599, 2.611e-4
0.600, 2.674e-4
0.601, 2.730e-4
0.602, 2.778e-4
0.603, 2.855e-4
0.604, 2.933e-4
0.605, 2.995e-4
0.606, 3.075e-4
0.607, 3.157e-4
0.608, 3.249e-4
0.609, 3.347e-4
0.610, 3.438e-4
0.611, 3.546e-4
0.612, 3.652e-4
0.613, 3.769e-4
0.614, 3.881e-4
0.615, 3.997e-4
0.616, 4.147e-4
0.617, 4.295e-4
0.618, 4.438e-4
0.619, 4.593e-4
0.620, 4.765e-4
0.621, 4.936e-4
0.622, 5.109e-4
0.623, 5.296e-4
0.624, 5.492e-4
0.625, 5.704e-4
0.626, 5.924e-4
0.627, 6.140e-4
0.628, 6.377e-4
0.629, 6.618e-4
0.630, 6.883e-4
0.631, 7.138e-4
0.632, 7.418e-4
0.633, 7.698e-4
0.634, 7.984e-4
0.635, 8.308e-4
0.636, 8.640e-4
0.637, 8.958e-4
0.638, 9.314e-4
0.639, 9.681e-4
0.640, 1.006e-3
0.641, 1.045e-3
0.642, 1.086e-3
0.643, 1.129e-3
0.644, 1.172e-3
0.645, 1.218e-3
0.646, 1.263e-3
0.647, 1.310e-3
0.648, 1.362e-3
0.649, 1.414e-3
0.650, 1.467e-3
0.651, 1.521e-3
0.652, 1.580e-3
0.653, 1.639e-3
0.654, 1.698e-3
0.655, 1.757e-3
0.656, 1.822e-3
0.657, 1.891e-3
0.658, 1.957e-3
0.659, 2.026e-3
0.660, 2.098e-3
0.661, 2.171e-3
0.662, 2.244e-3
0.663, 2.323e-3
0.664, 2.401e-3
0.665, 2.486e-3
0.666, 2.568e-3
0.667, 2.655e-3
0.668, 2.739e-3
0.669, 2.829e-3
0.670, 2.923e-3
0.671, 3.014e-3
0.672, 3.111e-3
0.673, 3.207e-3
0.674, 3.306e-3
0.675, 3.409e-3
0.676, 3.511e-3
0.677, 3.618e-3
0.678, 3.722e-3
0.679, 3.830e-3
0.680, 3.944e-3
0.681, 4.058e-3
0.682, 4.173e-3
0.683, 4.292e-3
0.684, 4.411e-3
0.685, 4.533e-3
0.686, 4.654e-3
0.687, 4.779e-3
0.688, 4.905e-3
0.689, 5.034e-3
0.690, 5.161e-3
0.691, 5.295e-3
0.692, 5.431e-3
0.693, 5.565e-3
0.694, 5.701e-3
0.695, 5.840e-3
0.696, 5.981e-3
0.697, 6.122e-3
0.698, 6.272e-3
0.699, 6.420e-3
0.700, 6.568e-3
0.701, 6.716e-3
0.702, 6.868e-3
0.703, 7.024e-3
0.704, 7.177e-3
0.705, 7.333e-3
0.706, 7.494e-3
0.707, 7.655e-3
0.708, 7.821e-3
0.709, 7.985e-3
0.710, 8.153e-3
0.711, 8.322e-3
0.712, 8.493e-3
0.713, 8.661e-3
0.714, 8.833e-3
0.715, 9.011e-3
0.716, 9.186e-3
0.717, 9.370e-3
0.718, 9.555e-3
0.719, 9.734e-3
0.720, 9.915e-3
0.721, 1.010e-2
0.722, 1.028e-2
0.723, 1.047e-2
0.724, 1.066e-2
0.725, 1.085e-2
0.726, 1.104e-2
0.727, 1.123e-2
0.728, 1.142e-2
0.729, 1.162e-2
0.730, 1.181e-2
0.731, 1.202e-2
0.732, 1.221e-2
0.733, 1.241e-2
0.734, 1.261e-2
0.735, 1.282e-2
0.736, 1.302e-2
0.737, 1.323e-2
0.738, 1.343e-2
0.739, 1.365e-2
0.740, 1.386e-2
0.741, 1.407e-2
0.742, 1.429e-2
0.743, 1.451e-2
0.744, 1.473e-2
0.745, 1.494e-2
0.746, 1.516e-2
0.747, 1.538e-2
0.748, 1.560e-2
0.749, 1.581e-2
0.750, 1.602e-2
0.751, 1.625e-2
0.752, 1.647e-2
0.753, 1.671e-2
0.754, 1.693e-2
0.755, 1.716e-2
0.756, 1.739e-2
0.757, 1.762e-2
0.758, 1.786e-2
0.759, 1.810e-2
0.760, 1.833e-2
0.761, 1.857e-2
0.762, 1.881e-2
0.763, 1.904e-2
0.764, 1.927e-2
0.765, 1.950e-2
0.766, 1.973e-2
0.767, 1.998e-2
0.768, 2.022e-2
0.769, 2.046e-2
0.770, 2.071e-2
0.771, 2.095e-2
0.772, 2.119e-2
0.773, 2.143e-2
0.774, 2.167e-2
0.775, 2.191e-2
0.776, 2.218e-2
0.777, 2.243e-2
0.778, 2.268e-2
0.779, 2.292e-2
0.780, 2.318e-2
0.781, 2.343e-2
0.782, 2.367e-2
0.783, 2.391e-2
0.784, 2.415e-2
0.785, 2.441e-2
0.786, 2.466e-2
0.787, 2.493e-2
0.788, 2.519e-2
0.789, 2.545e-2
0.790, 2.571e-2
0.791, 2.596e-2
0.792, 2.621e-2
0.793, 2.649e-2
0.794, 2.676e-2
0.795, 2.700e-2
0.796, 2.725e-2
0.797, 2.752e-2
0.798, 2.779e-2
0.799, 2.807e-2
0.800, 2.823e-2
0.799, 2.804e-2
0.798, 2.774e-2
0.797, 2.747e-2
0.796, 2.719e-2
0.795, 2.691e-2
0.794, 2.661e-2
0.793, 2.632e-2
0.792, 2.604e-2
0.791, 2.577e-2
0.790, 2.549e-2
0.789, 2.522e-2
0.788, 2.494e-2
0.787, 2.467e-2
0.786, 2.441e-2
0.785, 2.414e-2
0.784, 2.387e-2
0.783, 2.359e-2
0.782, 2.334e-2
0.781, 2.308e-2
0.780, 2.282e-2
0.779, 2.256e-2
0.778, 2.230e-2
0.777, 2.203e-2
0.776, 2.178e-2
0.775, 2.153e-2
0.774, 2.127e-2
0.773, 2.102e-2
0.772, 2.076e-2
0.771, 2.050e-2
0.770, 2.025e-2
0.769, 2.001e-2
0.768, 1.974e-2
0.767, 1.950e-2
0.766, 1.926e-2
0.765, 1.901e-2
0.764, 1.877e-2
0.763, 1.853e-2
0.762, 1.829e-2
0.761, 1.804e-2
0.760, 1.780e-2
0.759, 1.757e-2
0.758, 1.733e-2
0.757, 1.708e-2
0.756, 1.685e-2
0.755, 1.661e-2
0.754, 1.639e-2
0.753, 1.617e-2
0.752, 1.595e-2
0.751, 1.573e-2
0.750, 1.550e-2
0.749, 1.529e-2
0.748, 1.506e-2
0.747, 1.485e-2
0.746, 1.463e-2
0.745, 1.441e-2
0.744, 1.419e-2
0.743, 1.396e-2
0.742, 1.375e-2
0.741, 1.355e-2
0.740, 1.333e-2
0.739, 1.312e-2
0.738, 1.290e-2
0.737, 1.270e-2
0.736, 1.250e-2
0.735, 1.230e-2
0.734, 1.209e-2
0.733, 1.188e-2
0.732, 1.169e-2
0.731, 1.149e-2
0.730, 1.129e-2
0.729, 1.110e-2
0.728, 1.092e-2
0.727, 1.073e-2
0.726, 1.054e-2
0.725, 1.035e-2
0.724, 1.016e-2
0.723, 9.979e-3
0.722, 9.796e-3
0.721, 9.618e-3
0.720, 9.436e-3
0.719, 9.251e-3
0.718, 9.079e-3
0.717, 8.900e-3
0.716, 8.719e-3
0.715, 8.548e-3
0.714, 8.377e-3
0.713, 8.209e-3
0.712, 8.045e-3
0.711, 7.876e-3
0.710, 7.706e-3
0.709, 7.548e-3
0.708, 7.390e-3
0.707, 7.230e-3
0.706, 7.076e-3
0.705, 6.919e-3
0.704, 6.770e-3
0.703, 6.622e-3
0.702, 6.475e-3
0.701, 6.327e-3
0.700, 6.180e-3
0.699, 6.043e-3
0.698, 5.901e-3
0.697, 5.759e-3
0.696, 5.616e-3
0.695, 5.481e-3
0.694, 5.346e-3
0.693, 5.214e-3
0.692, 5.083e-3
0.691, 4.951e-3
0.690, 4.821e-3
0.689, 4.693e-3
0.688, 4.572e-3
0.687, 4.448e-3
0.686, 4.327e-3
0.685, 4.203e-3
0.684, 4.089e-3
0.683, 3.975e-3
0.682, 3.862e-3
0.681, 3.749e-3
0.680, 3.640e-3
0.679, 3.534e-3
0.678, 3.430e-3
0.677, 3.324e-3
0.676, 3.220e-3
0.675, 3.124e-3
0.674, 3.025e-3
0.673, 2.932e-3
0.672, 2.838e-3
0.671, 2.739e-3
0.670, 2.653e-3
0.669, 2.564e-3
0.668, 2.476e-3
0.667, 2.395e-3
0.666, 2.310e-3
0.665, 2.229e-3
0.664, 2.153e-3
0.663, 2.074e-3
0.662, 2.000e-3
0.661, 1.927e-3
0.660, 1.855e-3
0.659, 1.783e-3
0.658, 1.716e-3
0.657, 1.653e-3
0.656, 1.588e-3
0.655, 1.524e-3
0.654, 1.463e-3
0.653, 1.406e-3
0.652, 1.346e-3
0.651, 1.290e-3
0.650, 1.239e-3
0.649, 1.186e-3
0.648, 1.135e-3
0.647, 1.085e-3
0.646, 1.037e-3
0.645, 9.900e-4
0.644, 9.449e-4
0.643, 9.027e-4
0.642, 8.608e-4
0.641, 8.185e-4
0.640, 7.794e-4
0.639, 7.426e-4
0.638, 7.068e-4
0.637, 6.714e-4
0.636, 6.380e-4
0.635, 6.047e-4
0.634, 5.723e-4
0.633, 5.420e-4
0.632, 5.125e-4
0.631, 4.843e-4
0.630, 4.571e-4
0.629, 4.321e-4
0.628, 4.061e-4
0.627, 3.844e-4
0.626, 3.607e-4
0.625, 3.394e-4
0.624, 3.190e-4
0.623, 2.991e-4
0.622, 2.808e-4
0.621, 2.628e-4
0.620, 2.450e-4
0.619, 2.290e-4
0.618, 2.106e-4
0.617, 1.956e-4
0.616, 1.814e-4
0.615, 1.674e-4
0.614, 1.558e-4
0.613, 1.412e-4
0.612, 1.285e-4
0.611, 1.168e-4
0.610, 1.049e-4
0.609, 9.305e-5
0.608, 8.416e-5
0.607, 7.274e-5
0.606, 6.386e-5
0.605, 5.468e-5
0.604, 4.589e-5
0.603, 3.876e-5
0.602, 3.066e-5
0.601, 2.314e-5
0.600, 1.650e-5
0.599, 8.397e-6
0.598, 2.441e-6
0.597, -4.003e-6
0.596, -9.373e-6
0.595, -1.513e-5
0.594, -2.031e-5
0.593, -2.509e-5
0.592, -3.095e-5
0.591, -3.495e-5
0.590, -3.945e-5
0.589, -4.491e-5
0.588, -4.784e-5
0.587, -5.087e-5
0.586, -5.438e-5
0.585, -5.917e-5
0.584, -6.220e-5
0.583, -6.473e-5
0.582, -6.844e-5
0.581, -7.167e-5
0.580, -7.518e-5
0.579, -7.645e-5
0.578, -7.889e-5
0.577, -8.221e-5
0.576, -8.358e-5
0.575, -8.670e-5
0.574, -8.914e-5
0.573, -9.100e-5
0.572, -9.432e-5
0.571, -9.549e-5
0.570, -9.705e-5
0.569, -9.900e-5
0.568, -1.008e-4
0.567, -1.037e-4
0.566, -1.047e-4
0.565, -1.070e-4
0.564, -1.093e-4
0.563, -1.103e-4
0.562, -1.125e-4
0.561, -1.135e-4
0.560, -1.151e-4
0.559, -1.165e-4
0.558, -1.182e-4
0.557, -1.199e-4
0.556, -1.216e-4
0.555, -1.223e-4
0.554, -1.241e-4
0.553, -1.242e-4
0.552, -1.263e-4
0.551, -1.283e-4
0.550, -1.288e-4
0.549, -1.305e-4
0.548, -1.320e-4
0.547, -1.330e-4
0.546, -1.341e-4
0.545, -1.349e-4
0.544, -1.367e-4
0.543, -1.384e-4
0.542, -1.393e-4
0.541, -1.408e-4
0.540, -1.415e-4
0.539, -1.433e-4
0.538, -1.448e-4
0.537, -1.461e-4
0.536, -1.462e-4
0.535, -1.485e-4
0.534, -1.496e-4
0.533, -1.502e-4
0.532, -1.520e-4
0.531, -1.520e-4
0.530, -1.533e-4
0.529, -1.550e-4
0.528, -1.564e-4
0.527, -1.573e-4
0.526, -1.587e-4
0.525, -1.591e-4
0.524, -1.613e-4
0.523, -1.616e-4
0.522, -1.633e-4
0.521, -1.650e-4
0.520, -1.661e-4
0.519, -1.684e-4
0.518, -1.676e-4
0.517, -1.692e-4
0.516, -1.708e-4
0.515, -1.723e-4
0.514, -1.727e-4
0.513, -1.737e-4
0.512, -1.804e-4
0.511, -1.790e-4
0.510, -1.775e-4
0.509, -1.797e-4
0.508, -1.815e-4
0.507, -1.813e-4
0.506, -1.831e-4
0.505, -1.842e-4
0.504, -1.852e-4
0.503, -1.858e-4
0.502, -1.860e-4
0.501, -1.873e-4
0.500, -1.904e-4
0.499, -1.903e-4
0.498, -1.913e-4
0.497, -1.932e-4
0.496, -1.945e-4
0.495, -1.958e-4
0.494, -1.965e-4
0.493, -1.987e-4
0.492, -2.004e-4
0.491, -2.010e-4
0.490, -2.013e-4
0.489, -2.035e-4
0.488, -2.050e-4
0.487, -2.064e-4
0.486, -2.088e-4
0.485, -2.099e-4
0.484, -2.112e-4
0.483, -2.125e-4
0.482, -2.147e-4
0.481, -2.167e-4
0.480, -2.180e-4
0.479, -2.200e-4
0.478, -2.212e-4
0.477, -2.230e-4
0.476, -2.250e-4
0.475, -2.269e-4
0.474, -2.279e-4
0.473, -2.307e-4
0.472, -2.336e-4
0.471, -2.368e-4
0.470, -2.384e-4
0.469, -2.410e-4
0.468, -2.447e-4
0.467, -2.471e-4
0.466, -2.498e-4
0.465, -2.518e-4
0.464, -2.552e-4
0.463, -2.595e-4
0.462, -2.618e-4
0.461, -2.657e-4
0.460, -2.701e-4
0.459, -2.726e-4
0.458, -2.766e-4
0.457, -2.803e-4
0.456, -2.835e-4
0.455, -2.890e-4
0.454, -2.933e-4
0.453, -2.985e-4
0.452, -3.033e-4
0.451, -3.074e-4
0.450, -3.132e-4
0.449, -3.197e-4
0.448, -3.228e-4
0.447, -3.303e-4
0.446, -3.371e-4
0.445, -3.446e-4
0.444, -3.511e-4
0.443, -3.582e-4
0.442, -3.676e-4
0.441, -3.752e-4
0.440, -3.829e-4
0.439, -3.920e-4
0.438, -3.980e-4
0.437, -4.081e-4
0.436, -4.162e-4
0.435, -4.254e-4
0.434, -4.359e-4
0.433, -4.439e-4
0.432, -4.534e-4
0.431, -4.634e-4
0.430, -4.731e-4
0.429, -4.845e-4
0.428, -4.955e-4
0.427, -5.059e-4
0.426, -5.177e-4
0.425, -5.310e-4
0.424, -5.441e-4
0.423, -5.580e-4
0.422, -5.696e-4
0.421, -5.857e-4
0.420, -6.022e-4
0.419, -6.188e-4
0.418, -6.367e-4
0.417, -6.539e-4
0.416, -6.727e-4
0.415, -6.925e-4
0.414, -7.103e-4
0.413, -7.308e-4
0.412, -7.511e-4
0.411, -7.739e-4
0.410, -7.858e-4
0.409, -7.839e-4
0.408, -8.214e-4
0.407, -8.569e-4
0.406, -8.871e-4
0.405, -9.209e-4
0.404, -9.537e-4
0.403, -9.880e-4
0.402, -1.023e-3
0.401, -1.059e-3
0.400, -1.098e-3
0.399, -1.140e-3
0.398, -1.181e-3
0.397, -1.222e-3
0.396, -1.267e-3
0.395, -1.313e-3
0.394, -1.364e-3
0.393, -1.417e-3
0.392, -1.472e-3
0.391, -1.526e-3
0.390, -1.587e-3
0.389, -1.649e-3
0.388, -1.710e-3
0.387, -1.769e-3
0.386, -1.835e-3
0.385, -1.900e-3
0.384, -1.968e-3
0.383, -2.034e-3
0.382, -2.099e-3
0.381, -2.162e-3
0.380, -2.222e-3
0.379, -2.279e-3
0.378, -2.337e-3
0.377, -2.390e-3
0.376, -2.436e-3
0.375, -2.476e-3
0.374, -2.509e-3
0.373, -2.537e-3
0.372, -2.556e-3
0.371, -2.564e-3
0.370, -2.561e-3
0.369, -2.551e-3
0.368, -2.524e-3
0.367, -2.485e-3
0.366, -2.428e-3
0.365, -2.352e-3
0.364, -2.258e-3
0.363, -2.148e-3
0.362, -2.015e-3
0.361, -1.872e-3
0.360, -1.716e-3
0.359, -1.553e-3
0.358, -1.389e-3
0.357, -1.230e-3
0.356, -1.085e-3
0.355, -9.545e-4
0.354, -8.437e-4
0.353, -7.490e-4
0.352, -6.735e-4
0.351, -6.089e-4
0.350, -5.527e-4
0.349, -5.097e-4
0.348, -4.728e-4
0.347, -4.413e-4
0.346, -4.143e-4
0.345, -3.908e-4
0.344, -3.711e-4
0.343, -3.534e-4
0.342, -3.366e-4
0.341, -3.221e-4
0.340, -3.090e-4
0.339, -2.986e-4
0.338, -2.881e-4
0.337, -2.794e-4
0.336, -2.708e-4
0.335, -2.625e-4
0.334, -2.556e-4
0.333, -2.484e-4
0.332, -2.419e-4
0.331, -2.359e-4
0.330, -2.303e-4
0.329, -2.248e-4
0.328, -2.199e-4
0.327, -2.166e-4
0.326, -2.117e-4
0.325, -2.085e-4
0.324, -2.043e-4
0.323, -1.997e-4
0.322, -1.966e-4
0.321, -1.930e-4
0.320, -1.890e-4
0.319, -1.860e-4
0.318, -1.827e-4
0.317, -1.795e-4
0.316, -1.773e-4
0.315, -1.735e-4
0.314, -1.718e-4
0.313, -1.696e-4
0.312, -1.667e-4
0.311, -1.638e-4
0.310, -1.614e-4
0.309, -1.596e-4
0.308, -1.578e-4
0.307, -1.572e-4
0.306, -1.534e-4
0.305, -1.511e-4
0.304, -1.491e-4
0.303, -1.463e-4
0.302, -1.454e-4
0.301, -1.426e-4
0.300, -1.416e-4
0.299, -1.390e-4
0.298, -1.371e-4
0.297, -1.355e-4
0.296, -1.335e-4
0.295, -1.320e-4
0.294, -1.300e-4
0.293, -1.283e-4
0.292, -1.267e-4
0.291, -1.256e-4
0.290, -1.237e-4
0.289, -1.220e-4
0.288, -1.215e-4
0.287, -1.191e-4
0.286, -1.180e-4
0.285, -1.166e-4
0.284, -1.149e-4
0.283, -1.143e-4
0.282, -1.125e-4
0.281, -1.119e-4
0.280, -1.103e-4
0.279, -1.084e-4
0.278, -1.067e-4
0.277, -1.066e-4
0.276, -1.053e-4
0.275, -1.040e-4
0.274, -1.029e-4
0.273, -1.016e-4
0.272, -1.005e-4
0.271, -1.001e-4
0.270, -9.842e-5
0.269, -9.656e-5
0.268, -9.676e-5
0.267, -9.578e-5
0.266, -9.442e-5
0.265, -9.363e-5
0.264, -9.266e-5
0.263, -9.256e-5
0.262, -9.139e-5
0.261, -8.983e-5
0.260, -8.983e-5
0.259, -8.924e-5
0.258, -8.866e-5
0.257, -8.729e-5
0.256, -8.582e-5
0.255, -8.543e-5
0.254, -8.534e-5
0.253, -8.475e-5
0.252, -8.358e-5
0.251, -8.309e-5
0.250, -8.192e-5
0.249, -8.153e-5
0.248, -8.084e-5
0.247, -7.948e-5
0.246, -7.840e-5
0.245, -7.840e-5
0.244, -7.850e-5
0.243, -7.684e-5
0.242, -7.704e-5
0.241, -7.684e-5
0.240, -7.518e-5
0.239, -7.489e-5
0.238, -7.499e-5
0.237, -7.479e-5
0.236, -7.430e-5
0.235, -7.313e-5
0.234, -7.264e-5
0.233, -7.225e-5
0.232, -7.089e-5
0.231, -7.167e-5
0.230, -7.069e-5
0.229, -7.010e-5
0.228, -6.981e-5
0.227, -6.932e-5
0.226, -6.932e-5
0.225, -6.825e-5
0.224, -6.825e-5
0.223, -6.737e-5
0.222, -6.708e-5
0.221, -6.708e-5
0.220, -6.688e-5
0.219, -6.591e-5
0.218, -6.591e-5
0.217, -6.522e-5
0.216, -6.552e-5
0.215, -6.493e-5
0.214, -6.444e-5
0.213, -6.483e-5
0.212, -6.444e-5
0.211, -6.317e-5
0.210, -6.288e-5
0.209, -6.268e-5
0.208, -6.307e-5
0.207, -6.259e-5
0.206, -6.278e-5
0.205, -6.171e-5
0.204, -6.132e-5
0.203, -6.141e-5
0.202, -6.034e-5
0.201, -6.005e-5
0.200, -5.966e-5
0.199, -5.946e-5
0.198, -5.995e-5
0.197, -5.966e-5
0.196, -5.936e-5
0.195, -5.858e-5
0.194, -5.897e-5
0.193, -5.907e-5
0.192, -5.790e-5
0.191, -5.878e-5
0.190, -5.839e-5
0.189, -5.849e-5
0.188, -5.780e-5
0.187, -5.751e-5
0.186, -5.819e-5
0.185, -5.829e-5
0.184, -5.761e-5
0.183, -5.751e-5
0.182, -5.702e-5
0.181, -5.683e-5
0.180, -5.663e-5
0.179, -5.536e-5
0.178, -5.575e-5
0.177, -5.575e-5
0.176, -5.517e-5
0.175, -5.585e-5
0.174, -5.565e-5
0.173, -5.595e-5
0.172, -5.565e-5
0.171, -5.487e-5
0.170, -5.477e-5
0.169, -5.526e-5
0.168, -5.507e-5
0.167, -5.497e-5
0.166, -5.380e-5
0.165, -5.458e-5
0.164, -5.370e-5
0.163, -5.468e-5
0.162, -5.409e-5
0.161, -5.360e-5
0.160, -5.311e-5
0.159, -5.409e-5
0.158, -5.341e-5
0.157, -5.331e-5
0.156, -5.243e-5
0.155, -5.311e-5
0.154, -5.331e-5
0.153, -5.341e-5
0.152, -5.282e-5
0.151, -5.253e-5
0.150, -5.331e-5
0.149, -5.282e-5
0.148, -5.292e-5
0.147, -5.224e-5
0.146, -5.253e-5
0.145, -5.214e-5
0.144, -5.204e-5
0.143, -5.214e-5
0.142, -5.136e-5
0.141, -5.185e-5
0.140, -5.136e-5
0.139, -5.116e-5
0.138, -5.097e-5
0.137, -5.194e-5
0.136, -5.126e-5
0.135, -5.136e-5
0.134, -5.155e-5
0.133, -5.214e-5
0.132, -5.165e-5
0.131, -5.175e-5
0.130, -5.087e-5
0.129, -5.116e-5
0.128, -5.097e-5
0.127, -5.097e-5
0.126, -5.077e-5
0.125, -5.106e-5
0.124, -5.106e-5
0.123, -5.028e-5
0.122, -5.028e-5
0.121, -5.038e-5
0.120, -5.106e-5
0.119, -5.048e-5
0.118, -5.019e-5
0.117, -5.019e-5
0.116, -5.058e-5
0.115, -5.009e-5
0.114, -4.940e-5
0.113, -5.028e-5
0.112, -5.077e-5
0.111, -4.911e-5
0.110, -4.960e-5
0.109, -4.960e-5
0.108, -4.960e-5
0.107, -4.931e-5
0.106, -4.931e-5
0.105, -4.911e-5
0.104, -4.940e-5
0.103, -4.940e-5
0.102, -4.940e-5
0.101, -4.862e-5
0.100, -4.882e-5
0.099, -4.892e-5
0.098, -4.882e-5
0.097, -4.872e-5
0.096, -4.843e-5
0.095, -4.882e-5
0.094, -4.872e-5
0.093, -4.872e-5
0.092, -4.814e-5
0.091, -4.823e-5
0.090, -4.804e-5
0.089, -4.833e-5
0.088, -4.794e-5
0.087, -4.716e-5
0.086, -4.755e-5
0.085, -4.745e-5
0.084, -4.804e-5
0.083, -4.735e-5
0.082, -4.794e-5
0.081, -4.814e-5
0.080, -4.833e-5
0.079, -4.823e-5
0.078, -4.774e-5
0.077, -4.833e-5
0.076, -4.774e-5
0.075, -4.706e-5
0.074, -4.706e-5
0.073, -4.726e-5
0.072, -4.784e-5
0.071, -4.726e-5
0.070, -4.716e-5
0.069, -4.696e-5
0.068, -4.677e-5
0.067, -4.657e-5
0.066, -4.706e-5
0.065, -4.657e-5
0.064, -4.696e-5
0.063, -4.648e-5
0.062, -4.628e-5
0.061, -4.589e-5
0.060, -4.687e-5
0.059, -4.657e-5
0.058, -4.657e-5
0.057, -4.667e-5
0.056, -4.618e-5
0.055, -4.657e-5
0.054, -4.599e-5
0.053, -4.550e-5
0.052, -4.638e-5
0.051, -4.560e-5
0.050, -4.589e-5
0.049, -4.579e-5
0.048, -4.530e-5
0.047, -4.511e-5
0.046, -4.569e-5
0.045, -4.560e-5
0.044, -4.550e-5
0.043, -4.550e-5
0.042, -4.472e-5
0.041, -4.569e-5
0.040, -4.521e-5
0.039, -4.530e-5
0.038, -4.472e-5
0.037, -4.472e-5
0.036, -4.511e-5
0.035, -4.394e-5
0.034, -4.452e-5
0.033, -4.433e-5
0.032, -4.403e-5
0.031, -4.433e-5
0.030, -4.472e-5
0.029, -4.364e-5
0.028, -4.433e-5
0.027, -4.413e-5
0.026, -4.335e-5
0.025, -4.423e-5
0.024, -4.403e-5
0.023, -4.355e-5
0.022, -4.413e-5
0.021, -4.413e-5
0.020, -4.364e-5
0.019, -4.364e-5
0.018, -4.413e-5
0.017, -4.335e-5
0.016, -4.306e-5
0.015, -4.335e-5
0.014, -4.355e-5
0.013, -4.364e-5
0.012, -4.296e-5
0.011, -4.267e-5
0.010, -4.286e-5
0.009, -4.267e-5
0.008, -4.364e-5
0.007, -4.335e-5
0.006, -4.325e-5
0.005, -4.277e-5
0.004, -4.306e-5
0.003, -4.374e-5
0.002, -4.296e-5
0.001, -4.257e-5
0.000, -3.652e-5
0.001, -2.734e-5
0.002, -2.470e-5
0.003, -2.294e-5
0.004, -2.187e-5
0.005, -2.031e-5
0.006, -1.972e-5
0.007, -1.923e-5
0.008, -1.904e-5
0.009, -1.767e-5
0.010, -1.699e-5
0.011, -1.660e-5
0.012, -1.552e-5
0.013, -1.543e-5
0.014, -1.552e-5
0.015, -1.484e-5
0.016, -1.426e-5
0.017, -1.416e-5
0.018, -1.367e-5
0.019, -1.386e-5
0.020, -1.396e-5
0.021, -1.260e-5
0.022, -1.250e-5
0.023, -1.269e-5
0.024, -1.211e-5
0.025, -1.133e-5
0.026, -1.094e-5
0.027, -1.064e-5
0.028, -1.113e-5
0.029, -1.084e-5
0.030, -9.959e-6
0.031, -1.045e-5
0.032, -1.006e-5
0.033, -9.764e-6
0.034, -9.666e-6
0.035, -9.471e-6
0.036, -8.983e-6
0.037, -9.080e-6
0.038, -8.787e-6
0.039, -8.006e-6
0.040, -8.104e-6
0.041, -8.690e-6
0.042, -9.080e-6
0.043, -9.080e-6
0.044, -8.592e-6
0.045, -8.006e-6
0.046, -7.713e-6
0.047, -7.518e-6
0.048, -7.225e-6
0.049, -7.323e-6
0.050, -6.249e-6
0.051, -6.737e-6
0.052, -7.420e-6
0.053, -7.420e-6
0.054, -7.713e-6
0.055, -7.323e-6
0.056, -7.128e-6
0.057, -7.030e-6
0.058, -6.346e-6
0.059, -6.542e-6
0.060, -6.151e-6
0.061, -6.054e-6
0.062, -5.175e-6
0.063, -5.663e-6
0.064, -5.956e-6
0.065, -5.175e-6
0.066, -6.151e-6
0.067, -5.175e-6
0.068, -5.663e-6
0.069, -6.346e-6
0.070, -5.468e-6
0.071, -5.077e-6
0.072, -4.784e-6
0.073, -5.272e-6
0.074, -5.175e-6
0.075, -4.198e-6
0.076, -4.394e-6
0.077, -4.491e-6
0.078, -4.198e-6
0.079, -4.101e-6
0.080, -4.589e-6
0.081, -4.394e-6
0.082, -3.808e-6
0.083, -3.515e-6
0.084, -4.101e-6
0.085, -3.906e-6
0.086, -3.320e-6
0.087, -4.198e-6
0.088, -4.101e-6
0.089, -3.515e-6
0.090, -3.417e-6
0.091, -3.613e-6
0.092, -3.222e-6
0.093, -2.832e-6
0.094, -2.539e-6
0.095, -3.320e-6
0.096, -3.808e-6
0.097, -3.515e-6
0.098, -2.929e-6
0.099, -2.636e-6
0.100, -3.222e-6
0.101, -3.222e-6
0.102, -3.124e-6
0.103, -2.343e-6
0.104, -3.027e-6
0.105, -1.855e-6
0.106, -2.636e-6
0.107, -1.562e-6
0.108, -1.757e-6
0.109, -1.562e-6
0.110, -2.148e-6
0.111, -2.246e-6
0.112, -2.343e-6
0.113, -1.367e-6
0.114, -1.367e-6
0.115, -1.660e-6
0.116, -1.562e-6
0.117, -1.562e-6
0.118, -1.465e-6
0.119, -1.367e-6
0.120, -1.074e-6
0.121, -8.787e-7
0.122, -4.882e-7
0.123, -5.858e-7
0.124, -4.882e-7
0.125, -2.929e-7
0.126, 9.763e-8
0.127, 2.929e-7
0.128, -4.283e-12
0.129, -4.882e-7
0.130, -6.835e-7
0.131, -4.283e-12
0.132, 1.953e-7
0.133, -1.953e-7
0.134, -2.929e-7
0.135, -1.953e-7
0.136, 3.905e-7
0.137, 7.811e-7
0.138, 4.882e-7
0.139, 2.929e-7
0.140, 7.811e-7
0.141, 3.905e-7
0.142, 1.172e-6
0.143, 4.882e-7
0.144, 9.764e-7
0.145, 2.929e-7
0.146, 1.172e-6
0.147, 9.764e-7
0.148, 1.074e-6
0.149, 1.367e-6
0.150, 1.269e-6
0.151, 8.787e-7
0.152, 1.562e-6
0.153, 1.562e-6
0.154, 1.757e-6
0.155, 6.835e-7
0.156, 1.855e-6
0.157, 1.172e-6
0.158, 1.660e-6
0.159, 1.953e-6
0.160, 1.562e-6
0.161, 1.953e-6
0.162, 2.539e-6
0.163, 1.562e-6
0.164, 1.757e-6
0.165, 1.660e-6
0.166, 2.734e-6
0.167, 2.343e-6
0.168, 2.050e-6
0.169, 2.539e-6
0.170, 2.148e-6
0.171, 3.613e-6
0.172, 3.222e-6
0.173, 3.222e-6
0.174, 2.929e-6
0.175, 3.417e-6
0.176, 2.831e-6
0.177, 3.124e-6
0.178, 2.831e-6
0.179, 2.929e-6
0.180, 3.417e-6
0.181, 3.710e-6
0.182, 3.417e-6
0.183, 3.808e-6
0.184, 3.417e-6
0.185, 3.613e-6
0.186, 3.710e-6
0.187, 2.539e-6
0.188, 3.515e-6
0.189, 3.906e-6
0.190, 4.003e-6
0.191, 4.296e-6
0.192, 4.003e-6
0.193, 4.296e-6
0.194, 4.491e-6
0.195, 4.101e-6
0.196, 4.394e-6
0.197, 4.882e-6
0.198, 4.882e-6
0.199, 5.077e-6
0.200, 4.882e-6
0.201, 5.468e-6
0.202, 4.882e-6
0.203, 5.370e-6
0.204, 5.468e-6
0.205, 4.882e-6
0.206, 4.784e-6
0.207, 5.272e-6
0.208, 4.882e-6
0.209, 5.272e-6
0.210, 5.175e-6
0.211, 6.054e-6
0.212, 5.468e-6
0.213, 5.858e-6
0.214, 6.054e-6
0.215, 5.663e-6
0.216, 6.249e-6
0.217, 6.249e-6
0.218, 6.444e-6
0.219, 7.420e-6
0.220, 6.835e-6
0.221, 6.835e-6
0.222, 6.444e-6
0.223, 6.932e-6
0.224, 7.225e-6
0.225, 7.616e-6
0.226, 7.616e-6
0.227, 7.811e-6
0.228, 8.690e-6
0.229, 8.690e-6
0.230, 8.006e-6
0.231, 8.787e-6
0.232, 8.494e-6
0.233, 9.178e-6
0.234, 9.080e-6
0.235, 9.861e-6
0.236, 1.006e-5
0.237, 9.666e-6
0.238, 9.666e-6
0.239, 1.035e-5
0.240, 1.025e-5
0.241, 9.861e-6
0.242, 1.015e-5
0.243, 1.084e-5
0.244, 1.054e-5
0.245, 1.084e-5
0.246, 1.113e-5
0.247, 1.162e-5
0.248, 1.123e-5
0.249, 1.162e-5
0.250, 1.162e-5
0.251, 1.191e-5
0.252, 1.220e-5
0.253, 1.230e-5
0.254, 1.328e-5
0.255, 1.338e-5
0.256, 1.318e-5
0.257, 1.347e-5
0.258, 1.367e-5
0.259, 1.347e-5
0.260, 1.386e-5
0.261, 1.474e-5
0.262, 1.474e-5
0.263, 1.484e-5
0.264, 1.484e-5
0.265, 1.465e-5
0.266, 1.591e-5
0.267, 1.562e-5
0.268, 1.611e-5
0.269, 1.640e-5
0.270, 1.631e-5
0.271, 1.650e-5
0.272, 1.679e-5
0.273, 1.757e-5
0.274, 1.806e-5
0.275, 1.816e-5
0.276, 1.914e-5
0.277, 1.845e-5
0.278, 1.875e-5
0.279, 1.904e-5
0.280, 1.972e-5
0.281, 1.923e-5
0.282, 1.953e-5
0.283, 2.050e-5
0.284, 2.041e-5
0.285, 2.070e-5
0.286, 2.070e-5
0.287, 2.080e-5
0.288, 2.129e-5
0.289, 2.226e-5
0.290, 2.207e-5
0.291, 2.168e-5
0.292, 2.265e-5
0.293, 2.314e-5
0.294, 2.294e-5
0.295, 2.334e-5
0.296, 2.460e-5
0.297, 2.480e-5
0.298, 2.470e-5
0.299, 2.500e-5
0.300, 2.519e-5
0.301, 2.539e-5
0.302, 2.568e-5
0.303, 2.636e-5
0.304, 2.675e-5
0.305, 2.773e-5
0.306, 2.695e-5
0.307, 2.812e-5
0.308, 2.812e-5
0.309, 2.773e-5
0.310, 2.841e-5
0.311, 2.871e-5
0.312, 2.861e-5
0.313, 3.017e-5
0.314, 2.949e-5
0.315, 2.978e-5
0.316, 3.007e-5
0.317, 3.017e-5
0.318, 3.037e-5
0.319, 3.115e-5
0.320, 3.076e-5
0.321, 3.124e-5
0.322, 3.173e-5
0.323, 3.242e-5
0.324, 3.300e-5
0.325, 3.290e-5
0.326, 3.329e-5
0.327, 3.417e-5
0.328, 3.378e-5
0.329, 3.476e-5
0.330, 3.456e-5
0.331, 3.515e-5
0.332, 3.632e-5
0.333, 3.593e-5
0.334, 3.613e-5
0.335, 3.583e-5
0.336, 3.603e-5
0.337, 3.710e-5
0.338, 3.730e-5
0.339, 3.720e-5
0.340, 3.866e-5
0.341, 3.847e-5
0.342, 3.808e-5
0.343, 3.925e-5
0.344, 3.935e-5
0.345, 4.013e-5
0.346, 3.993e-5
0.347, 4.003e-5
0.348, 4.120e-5
0.349, 4.101e-5
0.350, 4.247e-5
0.351, 4.208e-5
0.352, 4.237e-5
0.353, 4.277e-5
0.354, 4.345e-5
0.355, 4.364e-5
0.356, 4.423e-5
0.357, 4.452e-5
0.358, 4.491e-5
0.359, 4.540e-5
0.360, 4.560e-5
0.361, 4.569e-5
0.362, 4.569e-5
0.363, 4.716e-5
0.364, 4.716e-5
0.365, 4.774e-5
0.366, 4.882e-5
0.367, 4.882e-5
0.368, 4.911e-5
0.369, 4.999e-5
0.370, 5.067e-5
0.371, 5.058e-5
0.372, 5.087e-5
0.373, 5.155e-5
0.374, 5.214e-5
0.375, 5.214e-5
0.376, 5.360e-5
0.377, 5.390e-5
0.378, 5.497e-5
0.379, 5.526e-5
0.380, 5.585e-5
0.381, 5.653e-5
0.382, 5.761e-5
0.383, 5.809e-5
0.384, 5.907e-5
0.385, 5.927e-5
0.386, 6.054e-5
0.387, 6.054e-5
0.388, 6.239e-5
0.389, 6.278e-5
0.390, 6.395e-5
0.391, 6.473e-5
0.392, 6.561e-5
0.393, 6.688e-5
0.394, 6.757e-5
0.395, 6.903e-5
0.396, 7.098e-5
0.397, 7.167e-5
0.398, 7.372e-5
0.399, 7.586e-5
0.400, 7.743e-5
0.401, 7.948e-5
0.402, 8.163e-5
0.403, 8.407e-5
0.404, 8.680e-5
0.405, 8.895e-5
0.406, 9.422e-5
0.407, 9.715e-5
0.408, 1.025e-4
0.409, 1.070e-4
0.410, 1.041e-4
0.411, 1.194e-4
0.412, 1.304e-4
0.413, 1.429e-4
0.414, 1.574e-4
0.415, 1.745e-4
0.416, 1.952e-4
0.417, 2.211e-4
0.418, 2.513e-4
0.419, 2.888e-4
0.420, 3.337e-4
0.421, 3.854e-4
0.422, 4.490e-4
0.423, 5.218e-4
0.424, 6.102e-4
0.425, 7.091e-4
0.426, 8.226e-4
0.427, 9.509e-4
0.428, 1.098e-3
0.429, 1.258e-3
0.430, 1.433e-3
0.431, 1.612e-3
0.432, 1.787e-3
0.433, 1.962e-3
0.434, 2.135e-3
0.435, 2.305e-3
0.436, 2.481e-3
0.437, 2.643e-3
0.438, 2.802e-3
0.439, 2.954e-3
0.440, 3.093e-3
0.441, 3.217e-3
0.442, 3.330e-3
0.443, 3.426e-3
0.444, 3.498e-3
0.445, 3.549e-3
0.446, 3.579e-3
0.447, 3.583e-3
0.448, 3.557e-3
0.449, 3.501e-3
0.450, 3.426e-3
0.451, 3.323e-3
0.452, 3.196e-3
0.453, 3.050e-3
0.454, 2.887e-3
0.455, 2.713e-3
0.456, 2.528e-3
0.457, 2.351e-3
0.458, 2.171e-3
0.459, 2.002e-3
0.460, 1.845e-3
0.461, 1.703e-3
0.462, 1.572e-3
0.463, 1.451e-3
0.464, 1.346e-3
0.465, 1.253e-3
0.466, 1.172e-3
0.467, 1.100e-3
0.468, 1.033e-3
0.469, 9.766e-4
0.470, 9.249e-4
0.471, 8.797e-4
0.472, 8.357e-4
0.473, 7.989e-4
0.474, 7.638e-4
0.475, 7.339e-4
0.476, 7.053e-4
0.477, 6.784e-4
0.478, 6.548e-4
0.479, 6.322e-4
0.480, 6.107e-4
0.481, 5.938e-4
0.482, 5.739e-4
0.483, 5.568e-4
0.484, 5.408e-4
0.485, 5.243e-4
0.486, 5.120e-4
0.487, 4.996e-4
0.488, 4.867e-4
0.489, 4.741e-4
0.490, 4.616e-4
0.491, 4.525e-4
0.492, 4.418e-4
0.493, 4.317e-4
0.494, 4.234e-4
0.495, 4.145e-4
0.496, 4.055e-4
0.497, 3.984e-4
0.498, 3.913e-4
0.499, 3.832e-4
0.500, 3.760e-4
0.501, 3.685e-4
0.502, 3.630e-4
0.503, 3.563e-4
0.504, 3.511e-4
0.505, 3.471e-4
0.506, 3.400e-4
0.507, 3.350e-4
0.508, 3.293e-4
0.509, 3.240e-4
0.510, 3.194e-4
0.511, 3.152e-4
0.512, 3.150e-4
0.513, 3.090e-4
0.514, 3.020e-4
0.515, 2.987e-4
0.516, 2.954e-4
0.517, 2.900e-4
0.518, 2.870e-4
0.519, 2.835e-4
0.520, 2.792e-4
0.521, 2.770e-4
0.522, 2.725e-4
0.523, 2.693e-4
0.524, 2.672e-4
0.525, 2.623e-4
0.526, 2.602e-4
0.527, 2.575e-4
0.528, 2.542e-4
0.529, 2.514e-4
0.530, 2.488e-4
0.531, 2.466e-4
0.532, 2.436e-4
0.533, 2.414e-4
0.534, 2.387e-4
0.535, 2.351e-4
0.536, 2.338e-4
0.537, 2.317e-4
0.538, 2.308e-4
0.539, 2.286e-4
0.540, 2.253e-4
0.541, 2.232e-4
0.542, 2.211e-4
0.543, 2.191e-4
0.544, 2.176e-4
0.545, 2.170e-4
0.546, 2.153e-4
0.547, 2.125e-4
0.548, 2.122e-4
0.549, 2.095e-4
0.550, 2.083e-4
0.551, 2.057e-4
0.552, 2.056e-4
0.553, 2.051e-4
0.554, 2.030e-4
0.555, 2.018e-4
0.556, 2.019e-4
0.557, 2.001e-4
0.558, 1.989e-4
0.559, 1.982e-4
0.560, 1.970e-4
0.561, 1.973e-4
0.562, 1.966e-4
0.563, 1.971e-4
0.564, 1.955e-4
0.565, 1.947e-4
0.566, 1.953e-4
0.567, 1.941e-4
0.568, 1.944e-4
0.569, 1.951e-4
0.570, 1.941e-4
0.571, 1.949e-4
0.572, 1.949e-4
0.573, 1.953e-4
0.574, 1.962e-4
0.575, 1.959e-4
0.576, 1.952e-4
0.577, 1.975e-4
0.578, 1.988e-4
0.579, 1.996e-4
0.580, 2.014e-4
0.581, 2.031e-4
0.582, 2.047e-4
0.583, 2.065e-4
0.584, 2.074e-4
0.585, 2.100e-4
0.586, 2.124e-4
0.587, 2.149e-4
0.588, 2.172e-4
0.589, 2.204e-4
0.590, 2.229e-4
0.591, 2.266e-4
0.592, 2.295e-4
0.593, 2.339e-4
0.594, 2.381e-4
0.595, 2.424e-4
0.596, 2.463e-4
0.597, 2.507e-4
0.598, 2.560e-4
0.599, 2.618e-4
0.600, 2.676e-4
0.601, 2.741e-4
0.602, 2.788e-4
0.603, 2.863e-4
0.604, 2.943e-4
0.605, 3.005e-4
0.606, 3.085e-4
0.607, 3.160e-4
0.608, 3.255e-4
0.609, 3.352e-4
0.610, 3.447e-4
0.611, 3.547e-4
0.612, 3.658e-4
0.613, 3.775e-4
0.614, 3.884e-4
0.615, 4.000e-4
0.616, 4.153e-4
0.617, 4.282e-4
0.618, 4.429e-4
0.619, 4.591e-4
0.620, 4.766e-4
0.621, 4.934e-4
0.622, 5.117e-4
0.623, 5.301e-4
0.624, 5.496e-4
0.625, 5.706e-4
0.626, 5.913e-4
0.627, 6.136e-4
0.628, 6.377e-4
0.629, 6.614e-4
0.630, 6.865e-4
0.631, 7.133e-4
0.632, 7.401e-4
0.633, 7.679e-4
0.634, 7.979e-4
0.635, 8.292e-4
0.636, 8.631e-4
0.637, 8.968e-4
0.638, 9.308e-4
0.639, 9.665e-4
0.640, 1.004e-3
0.641, 1.045e-3
0.642, 1.085e-3
0.643, 1.127e-3
0.644, 1.170e-3
0.645, 1.216e-3
0.646, 1.261e-3
0.647, 1.308e-3
0.648, 1.359e-3
0.649, 1.412e-3
0.650, 1.464e-3
0.651, 1.519e-3
0.652, 1.578e-3
0.653, 1.635e-3
0.654, 1.695e-3
0.655, 1.755e-3
0.656, 1.819e-3
0.657, 1.887e-3
0.658, 1.954e-3
0.659, 2.024e-3
0.660, 2.096e-3
0.661, 2.168e-3
0.662, 2.241e-3
0.663, 2.319e-3
0.664, 2.397e-3
0.665, 2.477e-3
0.666, 2.565e-3
0.667, 2.651e-3
0.668, 2.735e-3
0.669, 2.826e-3
0.670, 2.920e-3
0.671, 3.011e-3
0.672, 3.107e-3
0.673, 3.202e-3
0.674, 3.300e-3
0.675, 3.404e-3
0.676, 3.508e-3
0.677, 3.612e-3
0.678, 3.717e-3
0.679, 3.826e-3
0.680, 3.939e-3
0.681, 4.052e-3
0.682, 4.167e-3
0.683, 4.285e-3
0.684, 4.405e-3
0.685, 4.527e-3
0.686, 4.647e-3
0.687, 4.772e-3
0.688, 4.900e-3
0.689, 5.030e-3
0.690, 5.157e-3
0.691, 5.290e-3
0.692, 5.425e-3
0.693, 5.560e-3
0.694, 5.694e-3
0.695, 5.835e-3
0.696, 5.975e-3
0.697, 6.115e-3
0.698, 6.262e-3
0.699, 6.410e-3
0.700, 6.558e-3
0.701, 6.703e-3
0.702, 6.856e-3
0.703, 7.014e-3
0.704, 7.167e-3
0.705, 7.329e-3
0.706, 7.491e-3
0.707, 7.653e-3
0.708, 7.820e-3
0.709, 7.987e-3
0.710, 8.156e-3
0.711, 8.327e-3
0.712, 8.497e-3
0.713, 8.665e-3
0.714, 8.835e-3
0.715, 9.007e-3
0.716, 9.181e-3
0.717, 9.368e-3
0.718, 9.555e-3
0.719, 9.738e-3
0.720, 9.920e-3
0.721, 1.010e-2
0.722, 1.029e-2
0.723, 1.048e-2
0.724, 1.066e-2
0.725, 1.086e-2
0.726, 1.105e-2
0.727, 1.124e-2
0.728, 1.144e-2
0.729, 1.162e-2
0.730, 1.181e-2
0.731, 1.201e-2
0.732, 1.222e-2
0.733, 1.242e-2
0.734, 1.263e-2
0.735, 1.283e-2
0.736, 1.303e-2
0.737, 1.325e-2
0.738, 1.345e-2
0.739, 1.366e-2
0.740, 1.386e-2
0.741, 1.407e-2
0.742, 1.429e-2
0.743, 1.450e-2
0.744, 1.472e-2
0.745, 1.493e-2
0.746, 1.515e-2
0.747, 1.537e-2
0.748, 1.560e-2
0.749, 1.582e-2
0.750, 1.603e-2
0.751, 1.626e-2
0.752, 1.650e-2
0.753, 1.674e-2
0.754, 1.696e-2
0.755, 1.718e-2
0.756, 1.741e-2
0.757, 1.764e-2
0.758, 1.787e-2
0.759, 1.809e-2
0.760, 1.831e-2
0.761, 1.854e-2
0.762, 1.878e-2
0.763, 1.901e-2
0.764, 1.925e-2
0.765, 1.949e-2
0.766, 1.973e-2
0.767, 1.997e-2
0.768, 2.021e-2
0.769, 2.047e-2
0.770, 2.071e-2
0.771, 2.095e-2
0.772, 2.119e-2
0.773, 2.142e-2
0.774, 2.168e-2
0.775, 2.193e-2
0.776, 2.217e-2
0.777, 2.242e-2
0.778, 2.266e-2
0.779, 2.291e-2
0.780, 2.315e-2
0.781, 2.341e-2
0.782, 2.366e-2
0.783, 2.392e-2
0.784, 2.417e-2
0.785, 2.443e-2
0.786, 2.468e-2
0.787, 2.494e-2
0.788, 2.521e-2
0.789, 2.546e-2
0.790, 2.571e-2
0.791, 2.597e-2
0.792, 2.623e-2
0.793, 2.650e-2
0.794, 2.677e-2
0.795, 2.702e-2
0.796, 2.727e-2
0.797, 2.753e-2
0.798, 2.779e-2
0.799, 2.805e-2
0.800, 2.823e-2
0.799, 2.802e-2
0.798, 2.773e-2
0.797, 2.744e-2
0.796, 2.715e-2
0.795, 2.688e-2
0.794, 2.659e-2
0.793, 2.632e-2
0.792, 2.604e-2
0.791, 2.575e-2
0.790, 2.549e-2
0.789, 2.522e-2
0.788, 2.494e-2
0.787, 2.467e-2
0.786, 2.439e-2
0.785, 2.413e-2
0.784, 2.387e-2
0.783, 2.359e-2
0.782, 2.331e-2
0.781, 2.305e-2
0.780, 2.279e-2
0.779, 2.253e-2
0.778, 2.227e-2
0.777, 2.201e-2
0.776, 2.173e-2
0.775, 2.147e-2
0.774, 2.121e-2
0.773, 2.097e-2
0.772, 2.074e-2
0.771, 2.048e-2
0.770, 2.023e-2
0.769, 1.997e-2
0.768, 1.971e-2
0.767, 1.948e-2
0.766, 1.924e-2
0.765, 1.899e-2
0.764, 1.874e-2
0.763, 1.849e-2
0.762, 1.826e-2
0.761, 1.802e-2
0.760, 1.779e-2
0.759, 1.755e-2
0.758, 1.732e-2
0.757, 1.708e-2
0.756, 1.685e-2
0.755, 1.662e-2
0.754, 1.639e-2
0.753, 1.617e-2
0.752, 1.595e-2
0.751, 1.571e-2
0.750, 1.548e-2
0.749, 1.526e-2
0.748, 1.504e-2
0.747, 1.482e-2
0.746, 1.460e-2
0.745, 1.438e-2
0.744, 1.417e-2
0.743, 1.397e-2
0.742, 1.375e-2
0.741, 1.354e-2
0.740, 1.333e-2
0.739, 1.312e-2
0.738, 1.291e-2
0.737, 1.270e-2
0.736, 1.249e-2
0.735, 1.229e-2
0.734, 1.209e-2
0.733, 1.189e-2
0.732, 1.169e-2
0.731, 1.149e-2
0.730, 1.129e-2
0.729, 1.109e-2
0.728, 1.090e-2
0.727, 1.072e-2
0.726, 1.052e-2
0.725, 1.033e-2
0.724, 1.015e-2
0.723, 9.969e-3
0.722, 9.787e-3
0.721, 9.611e-3
0.720, 9.440e-3
0.719, 9.266e-3
0.718, 9.089e-3
0.717, 8.907e-3
0.716, 8.726e-3
0.715, 8.554e-3
0.714, 8.381e-3
0.713, 8.210e-3
0.712, 8.039e-3
0.711, 7.874e-3
0.710, 7.704e-3
0.709, 7.544e-3
0.708, 7.382e-3
0.707, 7.221e-3
0.706, 7.066e-3
0.705, 6.914e-3
0.704, 6.764e-3
0.703, 6.616e-3
0.702, 6.470e-3
0.701, 6.322e-3
0.700, 6.176e-3
0.699, 6.036e-3
0.698, 5.893e-3
0.697, 5.756e-3
0.696, 5.617e-3
0.695, 5.480e-3
0.694, 5.345e-3
0.693, 5.212e-3
0.692, 5.084e-3
0.691, 4.954e-3
0.690, 4.824e-3
0.689, 4.696e-3
0.688, 4.573e-3
0.687, 4.449e-3
0.686, 4.329e-3
0.685, 4.208e-3
0.684, 4.091e-3
0.683, 3.976e-3
0.682, 3.859e-3
0.681, 3.746e-3
0.680, 3.638e-3
0.679, 3.529e-3
0.678, 3.426e-3
0.677, 3.321e-3
0.676, 3.218e-3
0.675, 3.121e-3
0.674, 3.022e-3
0.673, 2.927e-3
0.672, 2.833e-3
0.671, 2.734e-3
0.670, 2.647e-3
0.669, 2.557e-3
0.668, 2.470e-3
0.667, 2.389e-3
0.666, 2.305e-3
0.665, 2.225e-3
0.664, 2.149e-3
0.663, 2.072e-3
0.662, 1.997e-3
0.661, 1.925e-3
0.660, 1.853e-3
0.659, 1.781e-3
0.658, 1.715e-3
0.657, 1.651e-3
0.656, 1.586e-3
0.655, 1.521e-3
0.654, 1.461e-3
0.653, 1.402e-3
0.652, 1.344e-3
0.651, 1.287e-3
0.650, 1.235e-3
0.649, 1.183e-3
0.648, 1.133e-3
0.647, 1.082e-3
0.646, 1.033e-3
0.645, 9.874e-4
0.644, 9.426e-4
0.643, 9.000e-4
0.642, 8.577e-4
0.641, 8.161e-4
0.640, 7.772e-4
0.639, 7.403e-4
0.638, 7.039e-4
0.637, 6.687e-4
0.636, 6.350e-4
0.635, 6.027e-4
0.634, 5.706e-4
0.633, 5.394e-4
0.632, 5.109e-4
0.631, 4.825e-4
0.630, 4.567e-4
0.629, 4.295e-4
0.628, 4.048e-4
0.627, 3.834e-4
0.626, 3.589e-4
0.625, 3.376e-4
0.624, 3.173e-4
0.623, 2.975e-4
0.622, 2.800e-4
0.621, 2.610e-4
0.620, 2.432e-4
0.619, 2.270e-4
0.618, 2.106e-4
0.617, 1.957e-4
0.616, 1.805e-4
0.615, 1.663e-4
0.614, 1.553e-4
0.613, 1.401e-4
0.612, 1.275e-4
0.611, 1.159e-4
0.610, 1.034e-4
0.609, 9.305e-5
0.608, 8.397e-5
0.607, 7.186e-5
0.606, 6.366e-5
0.605, 5.517e-5
0.604, 4.433e-5
0.603, 3.730e-5
0.602, 3.007e-5
0.601, 2.304e-5
0.600, 1.591e-5
0.599, 8.202e-6
0.598, 2.343e-6
0.597, -4.296e-6
0.596, -1.074e-5
0.595, -1.552e-5
0.594, -2.070e-5
0.593, -2.636e-5
0.592, -3.027e-5
0.591, -3.534e-5
0.590, -3.974e-5
0.589, -4.443e-5
0.588, -4.911e-5
0.587, -5.126e-5
0.586, -5.517e-5
0.585, -5.839e-5
0.584, -6.171e-5
0.583, -6.542e-5
0.582, -6.825e-5
0.581, -7.089e-5
0.580, -7.401e-5
0.579, -7.655e-5
0.578, -7.870e-5
0.577, -8.289e-5
0.576, -8.407e-5
0.575, -8.670e-5
0.574, -8.953e-5
0.573, -9.080e-5
0.572, -9.276e-5
0.571, -9.578e-5
0.570, -9.793e-5
0.569, -9.940e-5
0.568, -1.007e-4
0.567, -1.028e-4
0.566, -1.052e-4
0.565, -1.064e-4
0.564, -1.078e-4
0.563, -1.105e-4
0.562, -1.119e-4
0.561, -1.133e-4
0.560, -1.144e-4
0.559, -1.164e-4
0.558, -1.178e-4
0.557, -1.196e-4
0.556, -1.213e-4
0.555, -1.220e-4
0.554, -1.236e-4
0.553, -1.252e-4
0.552, -1.261e-4
0.551, -1.271e-4
0.550, -1.280e-4
0.549, -1.306e-4
0.548, -1.323e-4
0.547, -1.337e-4
0.546, -1.343e-4
0.545, -1.358e-4
0.544, -1.364e-4
0.543, -1.390e-4
0.542, -1.392e-4
0.541, -1.412e-4
0.540, -1.422e-4
0.539, -1.427e-4
0.538, -1.450e-4
0.537, -1.465e-4
0.536, -1.464e-4
0.535, -1.487e-4
0.534, -1.486e-4
0.533, -1.510e-4
0.532, -1.528e-4
0.531, -1.522e-4
0.530, -1.541e-4
0.529, -1.549e-4
0.528, -1.550e-4
0.527, -1.569e-4
0.526, -1.589e-4
0.525, -1.591e-4
0.524, -1.593e-4
0.523, -1.616e-4
0.522, -1.634e-4
0.521, -1.643e-4
0.520, -1.654e-4
0.519, -1.674e-4
0.518, -1.679e-4
0.517, -1.696e-4
0.516, -1.696e-4
0.515, -1.711e-4
0.514, -1.733e-4
0.513, -1.733e-4
0.512, -1.791e-4
0.511, -1.778e-4
0.510, -1.775e-4
0.509, -1.785e-4
0.508, -1.803e-4
0.507, -1.813e-4
0.506, -1.820e-4
0.505, -1.831e-4
0.504, -1.852e-4
0.503, -1.855e-4
0.502, -1.870e-4
0.501, -1.879e-4
0.500, -1.904e-4
0.499, -1.882e-4
0.498, -1.910e-4
0.497, -1.932e-4
0.496, -1.934e-4
0.495, -1.959e-4
0.494, -1.962e-4
0.493, -1.990e-4
0.492, -1.996e-4
0.491, -2.001e-4
0.490, -2.024e-4
0.489, -2.038e-4
0.488, -2.054e-4
0.487, -2.067e-4
0.486, -2.082e-4
0.485, -2.093e-4
0.484, -2.114e-4
0.483, -2.115e-4
0.482, -2.139e-4
0.481, -2.160e-4
0.480, -2.174e-4
0.479, -2.193e-4
0.478, -2.215e-4
0.477, -2.227e-4
0.476, -2.252e-4
0.475, -2.266e-4
0.474, -2.292e-4
0.473, -2.301e-4
0.472, -2.327e-4
0.471, -2.358e-4
0.470, -2.377e-4
0.469, -2.407e-4
0.468, -2.435e-4
0.467, -2.459e-4
0.466, -2.487e-4
0.465, -2.529e-4
0.464, -2.547e-4
0.463, -2.578e-4
0.462, -2.612e-4
0.461, -2.660e-4
0.460, -2.703e-4
0.459, -2.719e-4
0.458, -2.757e-4
0.457, -2.808e-4
0.456, -2.831e-4
0.455, -2.882e-4
0.454, -2.927e-4
0.453, -2.974e-4
0.452, -3.027e-4
0.451, -3.078e-4
0.450, -3.130e-4
0.449, -3.186e-4
0.448, -3.245e-4
0.447, -3.302e-4
0.446, -3.361e-4
0.445, -3.433e-4
0.444, -3.513e-4
0.443, -3.574e-4
0.442, -3.658e-4
0.441, -3.733e-4
0.440, -3.830e-4
0.439, -3.913e-4
0.438, -3.997e-4
0.437, -4.076e-4
0.436, -4.162e-4
0.435, -4.253e-4
0.434, -4.349e-4
0.433, -4.439e-4
0.432, -4.536e-4
0.431, -4.631e-4
0.430, -4.740e-4
0.429, -4.843e-4
0.428, -4.954e-4
0.427, -5.052e-4
0.426, -5.186e-4
0.425, -5.310e-4
0.424, -5.447e-4
0.423, -5.579e-4
0.422, -5.702e-4
0.421, -5.857e-4
0.420, -6.038e-4
0.419, -6.182e-4
0.418, -6.370e-4
0.417, -6.551e-4
0.416, -6.720e-4
0.415, -6.919e-4
0.414, -7.113e-4
0.413, -7.308e-4
0.412, -7.524e-4
0.411, -7.750e-4
0.410, -7.873e-4
0.409, -7.858e-4
0.408, -8.246e-4
0.407, -8.587e-4
0.406, -8.911e-4
0.405, -9.244e-4
0.404, -9.565e-4
0.403, -9.902e-4
0.402, -1.025e-3
0.401, -1.062e-3
0.400, -1.103e-3
0.399, -1.145e-3
0.398, -1.185e-3
0.397, -1.228e-3
0.396, -1.272e-3
0.395, -1.319e-3
0.394, -1.372e-3
0.393, -1.423e-3
0.392, -1.479e-3
0.391, -1.538e-3
0.390, -1.597e-3
0.389, -1.659e-3
0.388, -1.720e-3
0.387, -1.784e-3
0.386, -1.849e-3
0.385, -1.914e-3
0.384, -1.983e-3
0.383, -2.052e-3
0.382, -2.119e-3
0.381, -2.183e-3
0.380, -2.243e-3
0.379, -2.306e-3
0.378, -2.365e-3
0.377, -2.419e-3
0.376, -2.467e-3
0.375, -2.511e-3
0.374, -2.547e-3
0.373, -2.579e-3
0.372, -2.600e-3
0.371, -2.611e-3
0.370, -2.615e-3
0.369, -2.605e-3
0.368, -2.583e-3
0.367, -2.546e-3
0.366, -2.491e-3
0.365, -2.424e-3
0.364, -2.334e-3
0.363, -2.222e-3
0.362, -2.094e-3
0.361, -1.948e-3
0.360, -1.791e-3
0.359, -1.623e-3
0.358, -1.454e-3
0.357, -1.286e-3
0.356, -1.135e-3
0.355, -9.957e-4
0.354, -8.787e-4
0.353, -7.784e-4
0.352, -6.968e-4
0.351, -6.304e-4
0.350, -5.725e-4
0.349, -5.260e-4
0.348, -4.864e-4
0.347, -4.533e-4
0.346, -4.264e-4
0.345, -4.018e-4
0.344, -3.809e-4
0.343, -3.621e-4
0.342, -3.451e-4
0.341, -3.305e-4
0.340, -3.181e-4
0.339, -3.063e-4
0.338, -2.958e-4
0.337, -2.852e-4
0.336, -2.763e-4
0.335, -2.687e-4
0.334, -2.617e-4
0.333, -2.542e-4
0.332, -2.477e-4
0.331, -2.414e-4
0.330, -2.355e-4
0.329, -2.302e-4
0.328, -2.253e-4
0.327, -2.206e-4
0.326, -2.166e-4
0.325, -2.123e-4
0.324, -2.080e-4
0.323, -2.038e-4
0.322, -2.003e-4
0.321, -1.970e-4
0.320, -1.923e-4
0.319, -1.899e-4
0.318, -1.875e-4
0.317, -1.839e-4
0.316, -1.811e-4
0.315, -1.783e-4
0.314, -1.754e-4
0.313, -1.728e-4
0.312, -1.698e-4
0.311, -1.680e-4
0.310, -1.652e-4
0.309, -1.619e-4
0.308, -1.605e-4
0.307, -1.597e-4
0.306, -1.566e-4
0.305, -1.537e-4
0.304, -1.516e-4
0.303, -1.500e-4
0.302, -1.478e-4
0.301, -1.457e-4
0.300, -1.436e-4
0.299, -1.416e-4
0.298, -1.405e-4
0.297, -1.368e-4
0.296, -1.365e-4
0.295, -1.346e-4
0.294, -1.325e-4
0.293, -1.307e-4
0.292, -1.296e-4
0.291, -1.273e-4
0.290, -1.263e-4
0.289, -1.244e-4
0.288, -1.229e-4
0.287, -1.218e-4
0.286, -1.205e-4
0.285, -1.185e-4
0.284, -1.168e-4
0.283, -1.159e-4
0.282, -1.148e-4
0.281, -1.130e-4
0.280, -1.117e-4
0.279, -1.093e-4
0.278, -1.088e-4
0.277, -1.078e-4
0.276, -1.062e-4
0.275, -1.056e-4
0.274, -1.051e-4
0.273, -1.031e-4
0.272, -1.015e-4
0.271, -1.005e-4
0.270, -9.930e-5
0.269, -9.861e-5
0.268, -9.744e-5
0.267, -9.656e-5
0.266, -9.549e-5
0.265, -9.461e-5
0.264, -9.334e-5
0.263, -9.266e-5
0.262, -9.158e-5
0.261, -9.061e-5
0.260, -8.992e-5
0.259, -8.895e-5
0.258, -8.836e-5
0.257, -8.807e-5
0.256, -8.670e-5
0.255, -8.631e-5
0.254, -8.514e-5
0.253, -8.455e-5
0.252, -8.397e-5
0.251, -8.289e-5
0.250, -8.250e-5
0.249, -8.123e-5
0.248, -8.045e-5
0.247, -8.026e-5
0.246, -8.006e-5
0.245, -7.928e-5
0.244, -7.909e-5
0.243, -7.762e-5
0.242, -7.733e-5
0.241, -7.723e-5
0.240, -7.645e-5
0.239, -7.499e-5
0.238, -7.547e-5
0.237, -7.372e-5
0.236, -7.420e-5
0.235, -7.342e-5
0.234, -7.303e-5
0.233, -7.274e-5
0.232, -7.215e-5
0.231, -7.206e-5
0.230, -7.089e-5
0.229, -6.971e-5
0.228, -7.030e-5
0.227, -7.010e-5
0.226, -6.883e-5
0.225, -6.844e-5
0.224, -6.796e-5
0.223, -6.757e-5
0.222, -6.698e-5
0.221, -6.727e-5
0.220, -6.717e-5
0.219, -6.639e-5
0.218, -6.532e-5
0.217, -6.600e-5
0.216, -6.532e-5
0.215, -6.552e-5
0.214, -6.434e-5
0.213, -6.405e-5
0.212, -6.415e-5
0.211, -6.425e-5
0.210, -6.376e-5
0.209, -6.337e-5
0.208, -6.298e-5
0.207, -6.220e-5
0.206, -6.210e-5
0.205, -6.161e-5
0.204, -6.132e-5
0.203, -6.141e-5
0.202, -6.112e-5
0.201, -6.054e-5
0.200, -5.985e-5
0.199, -6.073e-5
0.198, -6.073e-5
0.197, -6.034e-5
0.196, -5.966e-5
0.195, -5.936e-5
0.194, -5.975e-5
0.193, -5.809e-5
0.192, -5.829e-5
0.191, -5.868e-5
0.190, -5.819e-5
0.189, -5.790e-5
0.188, -5.702e-5
0.187, -5.770e-5
0.186, -5.751e-5
0.185, -5.731e-5
0.184, -5.673e-5
0.183, -5.634e-5
0.182, -5.663e-5
0.181, -5.731e-5
0.180, -5.722e-5
0.179, -5.673e-5
0.178, -5.585e-5
0.177, -5.595e-5
0.176, -5.604e-5
0.175, -5.595e-5
0.174, -5.556e-5
0.173, -5.575e-5
0.172, -5.536e-5
0.171, -5.507e-5
0.170, -5.546e-5
0.169, -5.468e-5
0.168, -5.458e-5
0.167, -5.477e-5
0.166, -5.448e-5
0.165, -5.399e-5
0.164, -5.468e-5
0.163, -5.370e-5
0.162, -5.429e-5
0.161, -5.409e-5
0.160, -5.321e-5
0.159, -5.360e-5
0.158, -5.331e-5
0.157, -5.341e-5
0.156, -5.351e-5
0.155, -5.311e-5
0.154, -5.263e-5
0.153, -5.214e-5
0.152, -5.292e-5
0.151, -5.204e-5
0.150, -5.194e-5
0.149, -5.194e-5
0.148, -5.243e-5
0.147, -5.272e-5
0.146, -5.185e-5
0.145, -5.165e-5
0.144, -5.233e-5
0.143, -5.243e-5
0.142, -5.185e-5
0.141, -5.155e-5
0.140, -5.155e-5
0.139, -5.155e-5
0.138, -5.136e-5
0.137, -5.175e-5
0.136, -5.116e-5
0.135, -5.077e-5
0.134, -5.067e-5
0.133, -5.097e-5
0.132, -5.126e-5
0.131, -5.077e-5
0.130, -5.048e-5
0.129, -5.067e-5
0.128, -5.097e-5
0.127, -5.106e-5
0.126, -5.067e-5
0.125, -5.106e-5
0.124, -5.067e-5
0.123, -5.077e-5
0.122, -5.106e-5
0.121, -5.009e-5
0.120, -5.048e-5
0.119, -5.077e-5
0.118, -5.038e-5
0.117, -5.028e-5
0.116, -5.028e-5
0.115, -5.019e-5
0.114, -5.087e-5
0.113, -4.921e-5
0.112, -4.950e-5
0.111, -4.940e-5
0.110, -4.980e-5
0.109, -4.970e-5
0.108, -4.999e-5
0.107, -4.892e-5
0.106, -4.892e-5
0.105, -4.970e-5
0.104, -4.960e-5
0.103, -4.940e-5
0.102, -4.853e-5
0.101, -4.872e-5
0.100, -4.931e-5
0.099, -4.950e-5
0.098, -4.911e-5
0.097, -4.892e-5
0.096, -4.901e-5
0.095, -4.901e-5
0.094, -4.843e-5
0.093, -4.872e-5
0.092, -4.853e-5
0.091, -4.823e-5
0.090, -4.814e-5
0.089, -4.765e-5
0.088, -4.833e-5
0.087, -4.765e-5
0.086, -4.843e-5
0.085, -4.765e-5
0.084, -4.726e-5
0.083, -4.735e-5
0.082, -4.735e-5
0.081, -4.735e-5
0.080, -4.726e-5
0.079, -4.745e-5
0.078, -4.716e-5
0.077, -4.726e-5
0.076, -4.735e-5
0.075, -4.716e-5
0.074, -4.716e-5
0.073, -4.696e-5
0.072, -4.735e-5
0.071, -4.696e-5
0.070, -4.687e-5
0.069, -4.745e-5
0.068, -4.716e-5
0.067, -4.687e-5
0.066, -4.755e-5
0.065, -4.638e-5
0.064, -4.677e-5
0.063, -4.687e-5
0.062, -4.638e-5
0.061, -4.667e-5
0.060, -4.706e-5
0.059, -4.657e-5
0.058, -4.579e-5
0.057, -4.687e-5
0.056, -4.628e-5
0.055, -4.667e-5
0.054, -4.667e-5
0.053, -4.638e-5
0.052, -4.589e-5
0.051, -4.569e-5
0.050, -4.521e-5
0.049, -4.579e-5
0.048, -4.482e-5
0.047, -4.579e-5
0.046, -4.609e-5
0.045, -4.540e-5
0.044, -4.579e-5
0.043, -4.550e-5
0.042, -4.618e-5
0.041, -4.491e-5
0.040, -4.550e-5
0.039, -4.511e-5
0.038, -4.501e-5
0.037, -4.579e-5
0.036, -4.599e-5
0.035, -4.511e-5
0.034, -4.462e-5
0.033, -4.491e-5
0.032, -4.530e-5
0.031, -4.403e-5
0.030, -4.501e-5
0.029, -4.403e-5
0.028, -4.452e-5
0.027, -4.472e-5
0.026, -4.374e-5
0.025, -4.413e-5
0.024, -4.403e-5
0.023, -4.403e-5
0.022, -4.364e-5
0.021, -4.355e-5
0.020, -4.374e-5
0.019, -4.384e-5
0.018, -4.335e-5
0.017, -4.374e-5
0.016, -4.394e-5
0.015, -4.491e-5
0.014, -4.413e-5
0.013, -4.316e-5
0.012, -4.306e-5
0.011, -4.384e-5
0.010, -4.296e-5
0.009, -4.267e-5
0.008, -4.296e-5
0.007, -4.384e-5
0.006, -4.355e-5
0.005, -4.247e-5
0.004, -4.247e-5
0.003, -4.277e-5
0.002, -4.345e-5
0.001, -4.286e-5
0.000, -3.661e-5
0.001, -2.705e-5
0.002, -2.460e-5
0.003, -2.363e-5
0.004, -2.265e-5
0.005, -2.089e-5
0.006, -2.031e-5
0.007, -1.914e-5
0.008, -1.855e-5
0.009, -1.748e-5
0.010, -1.738e-5
0.011, -1.738e-5
0.012, -1.631e-5
0.013, -1.582e-5
0.014, -1.552e-5
0.015, -1.494e-5
0.016, -1.465e-5
0.017, -1.416e-5
0.018, -1.377e-5
0.019, -1.386e-5
0.020, -1.338e-5
0.021, -1.338e-5
0.022, -1.250e-5
0.023, -1.181e-5
0.024, -1.142e-5
0.025, -1.201e-5
0.026, -1.211e-5
0.027, -1.142e-5
0.028, -1.064e-5
0.029, -1.084e-5
0.030, -1.103e-5
0.031, -9.959e-6
0.032, -1.045e-5
0.033, -9.959e-6
0.034, -9.666e-6
0.035, -9.471e-6
0.036, -1.015e-5
0.037, -9.861e-6
0.038, -9.666e-6
0.039, -9.178e-6
0.040, -8.690e-6
0.041, -8.494e-6
0.042, -7.811e-6
0.043, -7.811e-6
0.044, -8.690e-6
0.045, -7.811e-6
0.046, -8.104e-6
0.047, -8.006e-6
0.048, -7.128e-6
0.049, -7.225e-6
0.050, -8.202e-6
0.051, -7.909e-6
0.052, -7.030e-6
0.053, -7.128e-6
0.054, -7.128e-6
0.055, -7.225e-6
0.056, -6.542e-6
0.057, -6.542e-6
0.058, -5.468e-6
0.059, -6.444e-6
0.060, -6.737e-6
0.061, -6.737e-6
0.062, -6.249e-6
0.063, -6.054e-6
0.064, -6.346e-6
0.065, -6.151e-6
0.066, -6.151e-6
0.067, -5.761e-6
0.068, -5.663e-6
0.069, -6.054e-6
0.070, -5.663e-6
0.071, -5.956e-6
0.072, -5.272e-6
0.073, -5.272e-6
0.074, -5.272e-6
0.075, -5.272e-6
0.076, -5.370e-6
0.077, -4.882e-6
0.078, -5.272e-6
0.079, -4.980e-6
0.080, -4.003e-6
0.081, -4.394e-6
0.082, -4.394e-6
0.083, -4.491e-6
0.084, -4.101e-6
0.085, -4.003e-6
0.086, -4.101e-6
0.087, -3.906e-6
0.088, -4.101e-6
0.089, -3.808e-6
0.090, -3.906e-6
0.091, -3.906e-6
0.092, -3.515e-6
0.093, -3.613e-6
0.094, -3.417e-6
0.095, -3.320e-6
0.096, -3.613e-6
0.097, -2.929e-6
0.098, -2.636e-6
0.099, -2.929e-6
0.100, -2.832e-6
0.101, -2.441e-6
0.102, -2.539e-6
0.103, -2.636e-6
0.104, -3.320e-6
0.105, -2.832e-6
0.106, -2.246e-6
0.107, -1.757e-6
0.108, -1.855e-6
0.109, -2.441e-6
0.110, -2.539e-6
0.111, -1.953e-6
0.112, -1.660e-6
0.113, -1.367e-6
0.114, -2.148e-6
0.115, -2.148e-6
0.116, -1.953e-6
0.117, -2.343e-6
0.118, -1.757e-6
0.119, -1.660e-6
0.120, -1.757e-6
0.121, -1.269e-6
0.122, -7.811e-7
0.123, -6.835e-7
0.124, -9.764e-7
0.125, -9.764e-7
0.126, -1.367e-6
0.127, -6.835e-7
0.128, -7.811e-7
0.129, -3.906e-7
0.130, -7.811e-7
0.131, -9.764e-7
0.132, -4.283e-12
0.133, -5.858e-7
0.134, -1.953e-7
0.135, -9.764e-8
0.136, -1.953e-7
0.137, -9.764e-8
0.138, 3.905e-7
0.139, -3.906e-7
0.140, 1.953e-7
0.141, -4.283e-12
0.142, 3.905e-7
0.143, 1.953e-7
0.144, 1.953e-7
0.145, 1.074e-6
0.146, 6.835e-7
0.147, 4.882e-7
0.148, 7.811e-7
0.149, 1.465e-6
0.150, 1.660e-6
0.151, 8.787e-7
0.152, 6.835e-7
0.153, 1.074e-6
0.154, 1.269e-6
0.155, 1.074e-6
0.156, 1.465e-6
0.157, 1.757e-6
0.158, 1.953e-6
0.159, 1.855e-6
0.160, 1.953e-6
0.161, 1.953e-6
0.162, 1.757e-6
0.163, 1.367e-6
0.164, 2.050e-6
0.165, 2.246e-6
0.166, 2.246e-6
0.167, 2.246e-6
0.168, 1.953e-6
0.169, 2.148e-6
0.170, 2.441e-6
0.171, 2.636e-6
0.172, 2.441e-6
0.173, 2.734e-6
0.174, 2.929e-6
0.175, 3.124e-6
0.176, 2.929e-6
0.177, 3.417e-6
0.178, 3.124e-6
0.179, 2.539e-6
0.180, 2.636e-6
0.181, 3.320e-6
0.182, 3.320e-6
0.183, 3.027e-6
0.184, 2.929e-6
0.185, 3.320e-6
0.186, 3.613e-6
0.187, 4.198e-6
0.188, 3.906e-6
0.189, 3.417e-6
0.190, 3.515e-6
0.191, 4.296e-6
0.192, 4.003e-6
0.193, 3.320e-6
0.194, 4.491e-6
0.195, 4.198e-6
0.196, 4.101e-6
0.197, 3.515e-6
0.198, 4.101e-6
0.199, 4.589e-6
0.200, 4.003e-6
0.201, 4.784e-6
0.202, 4.687e-6
0.203, 4.882e-6
0.204, 5.272e-6
0.205, 4.784e-6
0.206, 5.370e-6
0.207, 5.077e-6
0.208, 4.687e-6
0.209, 5.370e-6
0.210, 5.175e-6
0.211, 5.175e-6
0.212, 5.663e-6
0.213, 6.249e-6
0.214, 6.346e-6
0.215, 6.151e-6
0.216, 5.565e-6
0.217, 6.151e-6
0.218, 6.639e-6
0.219, 7.323e-6
0.220, 6.932e-6
0.221, 6.542e-6
0.222, 7.811e-6
0.223, 7.128e-6
0.224, 7.420e-6
0.225, 7.616e-6
0.226, 8.104e-6
0.227, 8.006e-6
0.228, 7.420e-6
0.229, 8.202e-6
0.230, 7.811e-6
0.231, 8.592e-6
0.232, 8.787e-6
0.233, 8.690e-6
0.234, 9.178e-6
0.235, 9.666e-6
0.236, 9.373e-6
0.237, 9.178e-6
0.238, 9.959e-6
0.239, 9.861e-6
0.240, 1.006e-5
0.241, 1.045e-5
0.242, 1.074e-5
0.243, 1.103e-5
0.244, 1.113e-5
0.245, 1.064e-5
0.246, 1.103e-5
0.247, 1.113e-5
0.248, 1.240e-5
0.249, 1.240e-5
0.250, 1.211e-5
0.251, 1.240e-5
0.252, 1.220e-5
0.253, 1.289e-5
0.254, 1.328e-5
0.255, 1.377e-5
0.256, 1.347e-5
0.257, 1.435e-5
0.258, 1.416e-5
0.259, 1.504e-5
0.260, 1.416e-5
0.261, 1.523e-5
0.262, 1.533e-5
0.263, 1.572e-5
0.264, 1.523e-5
0.265, 1.572e-5
0.266, 1.474e-5
0.267, 1.601e-5
0.268, 1.679e-5
0.269, 1.670e-5
0.270, 1.709e-5
0.271, 1.699e-5
0.272, 1.728e-5
0.273, 1.797e-5
0.274, 1.806e-5
0.275, 1.865e-5
0.276, 1.865e-5
0.277, 1.923e-5
0.278, 1.923e-5
0.279, 1.982e-5
0.280, 1.963e-5
0.281, 1.982e-5
0.282, 2.011e-5
0.283, 2.021e-5
0.284, 2.070e-5
0.285, 2.070e-5
0.286, 2.109e-5
0.287, 2.158e-5
0.288, 2.226e-5
0.289, 2.314e-5
0.290, 2.294e-5
0.291, 2.294e-5
0.292, 2.353e-5
0.293, 2.382e-5
0.294, 2.382e-5
0.295, 2.421e-5
0.296, 2.363e-5
0.297, 2.490e-5
0.298, 2.441e-5
0.299, 2.578e-5
0.300, 2.617e-5
0.301, 2.500e-5
0.302, 2.636e-5
0.303, 2.666e-5
0.304, 2.675e-5
0.305, 2.734e-5
0.306, 2.744e-5
0.307, 2.831e-5
0.308, 2.851e-5
0.309, 2.831e-5
0.310, 2.812e-5
0.311, 2.880e-5
0.312, 2.949e-5
0.313, 2.968e-5
0.314, 3.017e-5
0.315, 3.017e-5
0.316, 3.085e-5
0.317, 3.115e-5
0.318, 3.163e-5
0.319, 3.222e-5
0.320, 3.154e-5
0.321, 3.232e-5
0.322, 3.232e-5
0.323, 3.290e-5
0.324, 3.378e-5
0.325, 3.388e-5
0.326, 3.447e-5
0.327, 3.505e-5
0.328, 3.427e-5
0.329, 3.554e-5
0.330, 3.515e-5
0.331, 3.593e-5
0.332, 3.564e-5
0.333, 3.603e-5
0.334, 3.681e-5
0.335, 3.671e-5
0.336, 3.749e-5
0.337, 3.769e-5
0.338, 3.769e-5
0.339, 3.808e-5
0.340, 3.886e-5
0.341, 3.906e-5
0.342, 3.886e-5
0.343, 3.906e-5
0.344, 3.984e-5
0.345, 4.023e-5
0.346, 3.993e-5
0.347, 4.140e-5
0.348, 4.159e-5
0.349, 4.218e-5
0.350, 4.228e-5
0.351, 4.296e-5
0.352, 4.228e-5
0.353, 4.384e-5
0.354, 4.345e-5
0.355, 4.452e-5
0.356, 4.482e-5
0.357, 4.530e-5
0.358, 4.579e-5
0.359, 4.599e-5
0.360, 4.599e-5
0.361, 4.657e-5
0.362, 4.687e-5
0.363, 4.677e-5
0.364, 4.784e-5
0.365, 4.814e-5
0.366, 4.872e-5
0.367, 4.999e-5
0.368, 4.970e-5
0.369, 5.009e-5
0.370, 5.048e-5
0.371, 5.116e-5
0.372, 5.165e-5
0.373, 5.263e-5
0.374, 5.311e-5
0.375, 5.302e-5
0.376, 5.351e-5
0.377, 5.507e-5
0.378, 5.575e-5
0.379, 5.575e-5
0.380, 5.614e-5
0.381, 5.722e-5
0.382, 5.809e-5
0.383, 5.966e-5
0.384, 6.014e-5
0.385, 6.014e-5
0.386, 6.083e-5
0.387, 6.190e-5
0.388, 6.259e-5
0.389, 6.317e-5
0.390, 6.512e-5
0.391, 6.620e-5
0.392, 6.669e-5
0.393, 6.786e-5
0.394, 6.923e-5
0.395, 7.089e-5
0.396, 7.254e-5
0.397, 7.215e-5
0.398, 7.469e-5
0.399, 7.567e-5
0.400, 7.782e-5
0.401, 8.016e-5
0.402, 8.280e-5
0.403, 8.534e-5
0.404, 8.817e-5
0.405, 9.129e-5
0.406, 9.393e-5
0.407, 9.852e-5
0.408, 1.035e-4
0.409, 1.081e-4
0.410, 1.067e-4
0.411, 1.219e-4
0.412, 1.329e-4
0.413, 1.432e-4
0.414, 1.588e-4
0.415, 1.761e-4
0.416, 1.978e-4
0.417, 2.256e-4
0.418, 2.566e-4
0.419, 2.941e-4
0.420, 3.391e-4
0.421, 3.928e-4
0.422, 4.587e-4
0.423, 5.338e-4
0.424, 6.237e-4
0.425, 7.254e-4
0.426, 8.419e-4
0.427, 9.742e-4
0.428, 1.123e-3
0.429, 1.286e-3
0.430, 1.464e-3
0.431, 1.644e-3
0.432, 1.820e-3
0.433, 1.998e-3
0.434, 2.172e-3
0.435, 2.344e-3
0.436, 2.519e-3
0.437, 2.686e-3
0.438, 2.847e-3
0.439, 2.998e-3
0.440, 3.140e-3
0.441, 3.264e-3
0.442, 3.377e-3
0.443, 3.471e-3
0.444, 3.545e-3
0.445, 3.595e-3
0.446, 3.624e-3
0.447, 3.627e-3
0.448, 3.601e-3
0.449, 3.547e-3
0.450, 3.467e-3
0.451, 3.363e-3
0.452, 3.234e-3
0.453, 3.087e-3
0.454, 2.924e-3
0.455, 2.745e-3
0.456, 2.561e-3
0.457, 2.380e-3
0.458, 2.201e-3
0.459, 2.032e-3
0.460, 1.871e-3
0.461, 1.725e-3
0.462, 1.594e-3
0.463, 1.473e-3
0.464, 1.367e-3
0.465, 1.271e-3
0.466, 1.190e-3
0.467, 1.118e-3
0.468, 1.051e-3
0.469, 9.908e-4
0.470, 9.375e-4
0.471, 8.911e-4
0.472, 8.487e-4
0.473, 8.096e-4
0.474, 7.740e-4
0.475, 7.436e-4
0.476, 7.150e-4
0.477, 6.873e-4
0.478, 6.633e-4
0.479, 6.420e-4
0.480, 6.203e-4
0.481, 6.001e-4
0.482, 5.812e-4
0.483, 5.626e-4
0.484, 5.476e-4
0.485, 5.322e-4
0.486, 5.177e-4
0.487, 5.058e-4
0.488, 4.922e-4
0.489, 4.802e-4
0.490, 4.674e-4
0.491, 4.578e-4
0.492, 4.475e-4
0.493, 4.378e-4
0.494, 4.269e-4
0.495, 4.189e-4
0.496, 4.095e-4
0.497, 4.015e-4
0.498, 3.946e-4
0.499, 3.868e-4
0.500, 3.795e-4
0.501, 3.732e-4
0.502, 3.663e-4
0.503, 3.596e-4
0.504, 3.536e-4
0.505, 3.486e-4
0.506, 3.426e-4
0.507, 3.385e-4
0.508, 3.324e-4
0.509, 3.260e-4
0.510, 3.221e-4
0.511, 3.171e-4
0.512, 3.172e-4
0.513, 3.109e-4
0.514, 3.041e-4
0.515, 3.008e-4
0.516, 2.960e-4
0.517, 2.920e-4
0.518, 2.890e-4
0.519, 2.851e-4
0.520, 2.811e-4
0.521, 2.779e-4
0.522, 2.742e-4
0.523, 2.707e-4
0.524, 2.673e-4
0.525, 2.634e-4
0.526, 2.616e-4
0.527, 2.589e-4
0.528, 2.564e-4
0.529, 2.536e-4
0.530, 2.497e-4
0.531, 2.478e-4
0.532, 2.455e-4
0.533, 2.425e-4
0.534, 2.395e-4
0.535, 2.372e-4
0.536, 2.347e-4
0.537, 2.340e-4
0.538, 2.309e-4
0.539, 2.285e-4
0.540, 2.266e-4
0.541, 2.246e-4
0.542, 2.223e-4
0.543, 2.195e-4
0.544, 2.189e-4
0.545, 2.172e-4
0.546, 2.146e-4
0.547, 2.132e-4
0.548, 2.122e-4
0.549, 2.107e-4
0.550, 2.095e-4
0.551, 2.068e-4
0.552, 2.065e-4
0.553, 2.048e-4
0.554, 2.036e-4
0.555, 2.022e-4
0.556, 2.019e-4
0.557, 2.008e-4
0.558, 2.003e-4
0.559, 1.994e-4
0.560, 1.977e-4
0.561, 1.969e-4
0.562, 1.968e-4
0.563, 1.966e-4
0.564, 1.963e-4
0.565, 1.947e-4
0.566, 1.955e-4
0.567, 1.952e-4
0.568, 1.940e-4
0.569, 1.946e-4
0.570, 1.944e-4
0.571, 1.945e-4
0.572, 1.963e-4
0.573, 1.955e-4
0.574, 1.962e-4
0.575, 1.963e-4
0.576, 1.966e-4
0.577, 1.986e-4
0.578, 1.991e-4
0.579, 1.998e-4
0.580, 2.022e-4
0.581, 2.032e-4
0.582, 2.052e-4
0.583, 2.059e-4
0.584, 2.086e-4
0.585, 2.114e-4
0.586, 2.123e-4
0.587, 2.150e-4
0.588, 2.175e-4
0.589, 2.201e-4
0.590, 2.237e-4
0.591, 2.270e-4
0.592, 2.292e-4
0.593, 2.331e-4
0.594, 2.371e-4
0.595, 2.422e-4
0.596, 2.469e-4
0.597, 2.509e-4
0.598, 2.566e-4
0.599, 2.626e-4
0.600, 2.681e-4
0.601, 2.735e-4
0.602, 2.777e-4
0.603, 2.860e-4
0.604, 2.942e-4
0.605, 3.007e-4
0.606, 3.078e-4
0.607, 3.176e-4
0.608, 3.256e-4
0.609, 3.351e-4
0.610, 3.443e-4
0.611, 3.546e-4
0.612, 3.662e-4
0.613, 3.780e-4
0.614, 3.884e-4
0.615, 3.996e-4
0.616, 4.145e-4
0.617, 4.293e-4
0.618, 4.435e-4
0.619, 4.591e-4
0.620, 4.759e-4
0.621, 4.929e-4
0.622, 5.107e-4
0.623, 5.287e-4
0.624, 5.479e-4
0.625, 5.694e-4
0.626, 5.903e-4
0.627, 6.127e-4
0.628, 6.359e-4
0.629, 6.602e-4
0.630, 6.856e-4
0.631, 7.112e-4
0.632, 7.398e-4
0.633, 7.673e-4
0.634, 7.961e-4
0.635, 8.281e-4
0.636, 8.626e-4
0.637, 8.939e-4
0.638, 9.274e-4
0.639, 9.635e-4
0.640, 1.002e-3
0.641, 1.042e-3
0.642, 1.083e-3
0.643, 1.124e-3
0.644, 1.168e-3
0.645, 1.213e-3
0.646, 1.258e-3
0.647, 1.304e-3
0.648, 1.356e-3
0.649, 1.408e-3
0.650, 1.460e-3
0.651, 1.514e-3
0.652, 1.573e-3
0.653, 1.632e-3
0.654, 1.690e-3
0.655, 1.751e-3
0.656, 1.815e-3
0.657, 1.882e-3
0.658, 1.948e-3
0.659, 2.018e-3
0.660, 2.090e-3
0.661, 2.163e-3
0.662, 2.234e-3
0.663, 2.310e-3
0.664, 2.392e-3
0.665, 2.473e-3
0.666, 2.558e-3
0.667, 2.644e-3
0.668, 2.728e-3
0.669, 2.818e-3
0.670, 2.911e-3
0.671, 3.004e-3
0.672, 3.099e-3
0.673, 3.195e-3
0.674, 3.293e-3
0.675, 3.396e-3
0.676, 3.498e-3
0.677, 3.604e-3
0.678, 3.709e-3
0.679, 3.817e-3
0.680, 3.930e-3
0.681, 4.044e-3
0.682, 4.158e-3
0.683, 4.276e-3
0.684, 4.395e-3
0.685, 4.515e-3
0.686, 4.638e-3
0.687, 4.762e-3
0.688, 4.889e-3
0.689, 5.016e-3
0.690, 5.145e-3
0.691, 5.277e-3
0.692, 5.414e-3
0.693, 5.549e-3
0.694, 5.687e-3
0.695, 5.828e-3
0.696, 5.968e-3
0.697, 6.110e-3
0.698, 6.256e-3
0.699, 6.404e-3
0.700, 6.552e-3
0.701, 6.697e-3
0.702, 6.849e-3
0.703, 7.005e-3
0.704, 7.156e-3
0.705, 7.315e-3
0.706, 7.477e-3
0.707, 7.634e-3
0.708, 7.799e-3
0.709, 7.963e-3
0.710, 8.132e-3
0.711, 8.305e-3
0.712, 8.477e-3
0.713, 8.649e-3
0.714, 8.822e-3
0.715, 8.998e-3
0.716, 9.172e-3
0.717, 9.359e-3
0.718, 9.538e-3
0.719, 9.722e-3
0.720, 9.903e-3
0.721, 1.008e-2
0.722, 1.026e-2
0.723, 1.045e-2
0.724, 1.064e-2
0.725, 1.083e-2
0.726, 1.103e-2
0.727, 1.122e-2
0.728, 1.141e-2
0.729, 1.160e-2
0.730, 1.180e-2
0.731, 1.199e-2
0.732, 1.218e-2
0.733, 1.239e-2
0.734, 1.258e-2
0.735, 1.279e-2
0.736, 1.299e-2
0.737, 1.320e-2
0.738, 1.341e-2
0.739, 1.362e-2
0.740, 1.383e-2
0.741, 1.404e-2
0.742, 1.427e-2
0.743, 1.448e-2
0.744, 1.470e-2
0.745, 1.492e-2
0.746, 1.514e-2
0.747, 1.536e-2
0.748, 1.557e-2
0.749, 1.580e-2
0.750, 1.602e-2
0.751, 1.624e-2
0.752, 1.647e-2
0.753, 1.670e-2
0.754, 1.692e-2
0.755, 1.714e-2
0.756, 1.737e-2
0.757, 1.760e-2
0.758, 1.782e-2
0.759, 1.804e-2
0.760, 1.828e-2
0.761, 1.851e-2
0.762, 1.874e-2
0.763, 1.898e-2
0.764, 1.922e-2
0.765, 1.946e-2
0.766, 1.969e-2
0.767, 1.992e-2
0.768, 2.016e-2
0.769, 2.042e-2
0.770, 2.067e-2
0.771, 2.092e-2
0.772, 2.117e-2
0.773, 2.141e-2
0.774, 2.166e-2
0.775, 2.191e-2
0.776, 2.217e-2
0.777, 2.242e-2
0.778, 2.266e-2
0.779, 2.291e-2
0.780, 2.316e-2
0.781, 2.340e-2
0.782, 2.366e-2
0.783, 2.391e-2
0.784, 2.419e-2
0.785, 2.443e-2
0.786, 2.467e-2
0.787, 2.493e-2
0.788, 2.517e-2
0.789, 2.542e-2
0.790, 2.567e-2
0.791, 2.592e-2
0.792, 2.618e-2
0.793, 2.645e-2
0.794, 2.672e-2
0.795, 2.699e-2
0.796, 2.724e-2
0.797, 2.750e-2
0.798, 2.774e-2
0.799, 2.800e-2
0.800, 2.819e-2
0.799, 2.798e-2
0.798, 2.768e-2
0.797, 2.741e-2
0.796, 2.713e-2
0.795, 2.685e-2
0.794, 2.656e-2
0.793, 2.626e-2
0.792, 2.599e-2
0.791, 2.571e-2
0.790, 2.543e-2
0.789, 2.517e-2
0.788, 2.491e-2
0.787, 2.464e-2
0.786, 2.434e-2
0.785, 2.408e-2
0.784, 2.382e-2
0.783, 2.357e-2
0.782, 2.331e-2
0.781, 2.304e-2
0.780, 2.276e-2
0.779, 2.249e-2
0.778, 2.224e-2
0.777, 2.198e-2
0.776, 2.171e-2
0.775, 2.144e-2
0.774, 2.119e-2
0.773, 2.094e-2
0.772, 2.070e-2
0.771, 2.045e-2
0.770, 2.020e-2
0.769, 1.995e-2
0.768, 1.971e-2
0.767, 1.945e-2
0.766, 1.920e-2
0.765, 1.895e-2
0.764, 1.871e-2
0.763, 1.846e-2
0.762, 1.823e-2
0.761, 1.798e-2
0.760, 1.774e-2
0.759, 1.752e-2
0.758, 1.728e-2
0.757, 1.705e-2
0.756, 1.682e-2
0.755, 1.658e-2
0.754, 1.635e-2
0.753, 1.612e-2
0.752, 1.591e-2
0.751, 1.568e-2
0.750, 1.547e-2
0.749, 1.525e-2
0.748, 1.501e-2
0.747, 1.479e-2
0.746, 1.456e-2
0.745, 1.435e-2
0.744, 1.415e-2
0.743, 1.393e-2
0.742, 1.371e-2
0.741, 1.350e-2
0.740, 1.329e-2
0.739, 1.308e-2
0.738, 1.289e-2
0.737, 1.268e-2
0.736, 1.246e-2
0.735, 1.225e-2
0.734, 1.205e-2
0.733, 1.186e-2
0.732, 1.167e-2
0.731, 1.147e-2
0.730, 1.128e-2
0.729, 1.109e-2
0.728, 1.089e-2
0.727, 1.070e-2
0.726, 1.050e-2
0.725, 1.032e-2
0.724, 1.013e-2
0.723, 9.948e-3
0.722, 9.764e-3
0.721, 9.580e-3
0.720, 9.398e-3
0.719, 9.222e-3
0.718, 9.049e-3
0.717, 8.869e-3
0.716, 8.690e-3
0.715, 8.524e-3
0.714, 8.353e-3
0.713, 8.184e-3
0.712, 8.023e-3
0.711, 7.860e-3
0.710, 7.697e-3
0.709, 7.537e-3
0.708, 7.372e-3
0.707, 7.213e-3
0.706, 7.058e-3
0.705, 6.904e-3
0.704, 6.752e-3
0.703, 6.605e-3
0.702, 6.456e-3
0.701, 6.307e-3
0.700, 6.158e-3
0.699, 6.018e-3
0.698, 5.876e-3
0.697, 5.737e-3
0.696, 5.601e-3
0.695, 5.465e-3
0.694, 5.330e-3
0.693, 5.194e-3
0.692, 5.062e-3
0.691, 4.929e-3
0.690, 4.799e-3
0.689, 4.670e-3
0.688, 4.550e-3
0.687, 4.428e-3
0.686, 4.308e-3
0.685, 4.187e-3
0.684, 4.069e-3
0.683, 3.954e-3
0.682, 3.840e-3
0.681, 3.728e-3
0.680, 3.622e-3
0.679, 3.513e-3
0.678, 3.410e-3
0.677, 3.307e-3
0.676, 3.205e-3
0.675, 3.108e-3
0.674, 3.012e-3
0.673, 2.919e-3
0.672, 2.824e-3
0.671, 2.726e-3
0.670, 2.639e-3
0.669, 2.550e-3
0.668, 2.462e-3
0.667, 2.383e-3
0.666, 2.299e-3
0.665, 2.218e-3
0.664, 2.142e-3
0.663, 2.064e-3
0.662, 1.989e-3
0.661, 1.917e-3
0.660, 1.844e-3
0.659, 1.773e-3
0.658, 1.706e-3
0.657, 1.644e-3
0.656, 1.579e-3
0.655, 1.515e-3
0.654, 1.455e-3
0.653, 1.396e-3
0.652, 1.337e-3
0.651, 1.282e-3
0.650, 1.230e-3
0.649, 1.177e-3
0.648, 1.128e-3
0.647, 1.078e-3
0.646, 1.030e-3
0.645, 9.826e-4
0.644, 9.385e-4
0.643, 8.975e-4
0.642, 8.541e-4
0.641, 8.127e-4
0.640, 7.731e-4
0.639, 7.376e-4
0.638, 7.007e-4
0.637, 6.662e-4
0.636, 6.322e-4
0.635, 6.004e-4
0.634, 5.676e-4
0.633, 5.371e-4
0.632, 5.086e-4
0.631, 4.801e-4
0.630, 4.526e-4
0.629, 4.273e-4
0.628, 4.028e-4
0.627, 3.800e-4
0.626, 3.571e-4
0.625, 3.357e-4
0.624, 3.159e-4
0.623, 2.955e-4
0.622, 2.774e-4
0.621, 2.601e-4
0.620, 2.420e-4
0.619, 2.252e-4
0.618, 2.088e-4
0.617, 1.934e-4
0.616, 1.795e-4
0.615, 1.648e-4
0.614, 1.539e-4
0.613, 1.385e-4
0.612, 1.258e-4
0.611, 1.150e-4
0.610, 1.033e-4
0.609, 9.207e-5
0.608, 8.192e-5
0.607, 7.167e-5
0.606, 6.210e-5
0.605, 5.341e-5
0.604, 4.423e-5
0.603, 3.720e-5
0.602, 2.939e-5
0.601, 2.138e-5
0.600, 1.484e-5
0.599, 8.104e-6
0.598, 1.465e-6
0.597, -4.198e-6
0.596, -1.025e-5
0.595, -1.533e-5
0.594, -2.099e-5
0.593, -2.587e-5
0.592, -3.056e-5
0.591, -3.613e-5
0.590, -3.925e-5
0.589, -4.384e-5
0.588, -4.765e-5
0.587, -5.097e-5
0.586, -5.575e-5
0.585, -5.907e-5
0.584, -6.200e-5
0.583, -6.532e-5
0.582, -6.854e-5
0.581, -7.167e-5
0.580, -7.420e-5
0.579, -7.684e-5
0.578, -7.860e-5
0.577, -8.289e-5
0.576, -8.416e-5
0.575, -8.729e-5
0.574, -8.944e-5
0.573, -9.129e-5
0.572, -9.305e-5
0.571, -9.471e-5
0.570, -9.725e-5
0.569, -9.920e-5
0.568, -1.014e-4
0.567, -1.040e-4
0.566, -1.052e-4
0.565, -1.069e-4
0.564, -1.095e-4
0.563, -1.103e-4
0.562, -1.113e-4
0.561, -1.131e-4
0.560, -1.158e-4
0.559, -1.167e-4
0.558, -1.176e-4
0.557, -1.193e-4
0.556, -1.205e-4
0.555, -1.218e-4
0.554, -1.233e-4
0.553, -1.252e-4
0.552, -1.266e-4
0.551, -1.283e-4
0.550, -1.285e-4
0.549, -1.303e-4
0.548, -1.322e-4
0.547, -1.325e-4
0.546, -1.345e-4
0.545, -1.354e-4
0.544, -1.361e-4
0.543, -1.386e-4
0.542, -1.398e-4
0.541, -1.400e-4
0.540, -1.410e-4
0.539, -1.444e-4
0.538, -1.449e-4
0.537, -1.459e-4
0.536, -1.462e-4
0.535, -1.488e-4
0.534, -1.481e-4
0.533, -1.500e-4
0.532, -1.510e-4
0.531, -1.523e-4
0.530, -1.538e-4
0.529, -1.551e-4
0.528, -1.558e-4
0.527, -1.576e-4
0.526, -1.585e-4
0.525, -1.582e-4
0.524, -1.600e-4
0.523, -1.616e-4
0.522, -1.641e-4
0.521, -1.650e-4
0.520, -1.650e-4
0.519, -1.667e-4
0.518, -1.686e-4
0.517, -1.688e-4
0.516, -1.697e-4
0.515, -1.700e-4
0.514, -1.726e-4
0.513, -1.739e-4
0.512, -1.806e-4
0.511, -1.780e-4
0.510, -1.767e-4
0.509, -1.787e-4
0.508, -1.805e-4
0.507, -1.800e-4
0.506, -1.823e-4
0.505, -1.825e-4
0.504, -1.845e-4
0.503, -1.854e-4
0.502, -1.865e-4
0.501, -1.884e-4
0.500, -1.902e-4
0.499, -1.895e-4
0.498, -1.906e-4
0.497, -1.926e-4
0.496, -1.938e-4
0.495, -1.963e-4
0.494, -1.964e-4
0.493, -1.984e-4
0.492, -1.995e-4
0.491, -2.004e-4
0.490, -2.020e-4
0.489, -2.035e-4
0.488, -2.059e-4
0.487, -2.072e-4
0.486, -2.088e-4
0.485, -2.098e-4
0.484, -2.114e-4
0.483, -2.118e-4
0.482, -2.140e-4
0.481, -2.159e-4
0.480, -2.178e-4
0.479, -2.182e-4
0.478, -2.207e-4
0.477, -2.229e-4
0.476, -2.251e-4
0.475, -2.272e-4
0.474, -2.291e-4
0.473, -2.297e-4
0.472, -2.336e-4
0.471, -2.356e-4
0.470, -2.376e-4
0.469, -2.398e-4
0.468, -2.428e-4
0.467, -2.454e-4
0.466, -2.486e-4
0.465, -2.511e-4
0.464, -2.538e-4
0.463, -2.583e-4
0.462, -2.616e-4
0.461, -2.645e-4
0.460, -2.685e-4
0.459, -2.708e-4
0.458, -2.755e-4
0.457, -2.794e-4
0.456, -2.828e-4
0.455, -2.883e-4
0.454, -2.931e-4
0.453, -2.976e-4
0.452, -3.025e-4
0.451, -3.058e-4
0.450, -3.124e-4
0.449, -3.192e-4
0.448, -3.235e-4
0.447, -3.294e-4
0.446, -3.360e-4
0.445, -3.442e-4
0.444, -3.514e-4
0.443, -3.576e-4
0.442, -3.667e-4
0.441, -3.732e-4
0.440, -3.803e-4
0.439, -3.905e-4
0.438, -3.978e-4
0.437, -4.062e-4
0.436, -4.162e-4
0.435, -4.252e-4
0.434, -4.360e-4
0.433, -4.446e-4
0.432, -4.531e-4
0.431, -4.629e-4
0.430, -4.712e-4
0.429, -4.845e-4
0.428, -4.963e-4
0.427, -5.056e-4
0.426, -5.181e-4
0.425, -5.303e-4
0.424, -5.442e-4
0.423, -5.587e-4
0.422, -5.707e-4
0.421, -5.863e-4
0.420, -6.033e-4
0.419, -6.188e-4
0.418, -6.377e-4
0.417, -6.554e-4
0.416, -6.738e-4
0.415, -6.918e-4
0.414, -7.119e-4
0.413, -7.327e-4
0.412, -7.540e-4
0.411, -7.772e-4
0.410, -7.891e-4
0.409, -7.867e-4
0.408, -8.261e-4
0.407, -8.595e-4
0.406, -8.908e-4
0.405, -9.241e-4
0.404, -9.585e-4
0.403, -9.942e-4
0.402, -1.030e-3
0.401, -1.066e-3
0.400, -1.106e-3
0.399, -1.147e-3
0.398, -1.188e-3
0.397, -1.230e-3
0.396, -1.275e-3
0.395, -1.325e-3
0.394, -1.378e-3
0.393, -1.431e-3
0.392, -1.485e-3
0.391, -1.543e-3
0.390, -1.605e-3
0.389, -1.668e-3
0.388, -1.729e-3
0.387, -1.791e-3
0.386, -1.857e-3
0.385, -1.925e-3
0.384, -1.994e-3
0.383, -2.065e-3
0.382, -2.134e-3
0.381, -2.200e-3
0.380, -2.261e-3
0.379, -2.323e-3
0.378, -2.385e-3
0.377, -2.442e-3
0.376, -2.493e-3
0.375, -2.540e-3
0.374, -2.581e-3
0.373, -2.617e-3
0.372, -2.644e-3
0.371, -2.658e-3
0.370, -2.664e-3
0.369, -2.659e-3
0.368, -2.641e-3
0.367, -2.609e-3
0.366, -2.558e-3
0.365, -2.491e-3
0.364, -2.408e-3
0.363, -2.299e-3
0.362, -2.174e-3
0.361, -2.025e-3
0.360, -1.866e-3
0.359, -1.698e-3
0.358, -1.523e-3
0.357, -1.352e-3
0.356, -1.189e-3
0.355, -1.043e-3
0.354, -9.179e-4
0.353, -8.115e-4
0.352, -7.239e-4
0.351, -6.533e-4
0.350, -5.929e-4
0.349, -5.433e-4
0.348, -5.017e-4
0.347, -4.672e-4
0.346, -4.378e-4
0.345, -4.123e-4
0.344, -3.906e-4
0.343, -3.714e-4
0.342, -3.544e-4
0.341, -3.382e-4
0.340, -3.256e-4
0.339, -3.138e-4
0.338, -3.023e-4
0.337, -2.923e-4
0.336, -2.827e-4
0.335, -2.750e-4
0.334, -2.670e-4
0.333, -2.597e-4
0.332, -2.527e-4
0.331, -2.459e-4
0.330, -2.404e-4
0.329, -2.347e-4
0.328, -2.300e-4
0.327, -2.246e-4
0.326, -2.203e-4
0.325, -2.164e-4
0.324, -2.111e-4
0.323, -2.079e-4
0.322, -2.044e-4
0.321, -2.009e-4
0.320, -1.968e-4
0.319, -1.939e-4
0.318, -1.906e-4
0.317, -1.878e-4
0.316, -1.843e-4
0.315, -1.812e-4
0.314, -1.783e-4
0.313, -1.759e-4
0.312, -1.724e-4
0.311, -1.711e-4
0.310, -1.682e-4
0.309, -1.657e-4
0.308, -1.627e-4
0.307, -1.620e-4
0.306, -1.594e-4
0.305, -1.568e-4
0.304, -1.542e-4
0.303, -1.525e-4
0.302, -1.506e-4
0.301, -1.477e-4
0.300, -1.460e-4
0.299, -1.438e-4
0.298, -1.426e-4
0.297, -1.401e-4
0.296, -1.377e-4
0.295, -1.352e-4
0.294, -1.343e-4
0.293, -1.324e-4
0.292, -1.307e-4
0.291, -1.297e-4
0.290, -1.274e-4
0.289, -1.261e-4
0.288, -1.242e-4
0.287, -1.234e-4
0.286, -1.216e-4
0.285, -1.206e-4
0.284, -1.190e-4
0.283, -1.166e-4
0.282, -1.154e-4
0.281, -1.139e-4
0.280, -1.134e-4
0.279, -1.116e-4
0.278, -1.099e-4
0.277, -1.095e-4
0.276, -1.086e-4
0.275, -1.066e-4
0.274, -1.054e-4
0.273, -1.040e-4
0.272, -1.030e-4
0.271, -1.020e-4
0.270, -1.013e-4
0.269, -9.969e-5
0.268, -9.969e-5
0.267, -9.783e-5
0.266, -9.725e-5
0.265, -9.578e-5
0.264, -9.432e-5
0.263, -9.354e-5
0.262, -9.197e-5
0.261, -9.129e-5
0.260, -9.119e-5
0.259, -8.973e-5
0.258, -8.866e-5
0.257, -8.856e-5
0.256, -8.768e-5
0.255, -8.651e-5
0.254, -8.621e-5
0.253, -8.475e-5
0.252, -8.475e-5
0.251, -8.397e-5
0.250, -8.270e-5
0.249, -8.299e-5
0.248, -8.143e-5
0.247, -8.016e-5
0.246, -8.055e-5
0.245, -8.026e-5
0.244, -7.831e-5
0.243, -7.792e-5
0.242, -7.752e-5
0.241, -7.733e-5
0.240, -7.665e-5
0.239, -7.586e-5
0.238, -7.538e-5
0.237, -7.460e-5
0.236, -7.381e-5
0.235, -7.352e-5
0.234, -7.323e-5
0.233, -7.245e-5
0.232, -7.157e-5
0.231, -7.118e-5
0.230, -7.186e-5
0.229, -7.030e-5
0.228, -7.030e-5
0.227, -6.923e-5
0.226, -6.923e-5
0.225, -6.893e-5
0.224, -6.864e-5
0.223, -6.796e-5
0.222, -6.766e-5
0.221, -6.678e-5
0.220, -6.776e-5
0.219, -6.698e-5
0.218, -6.600e-5
0.217, -6.532e-5
0.216, -6.532e-5
0.215, -6.522e-5
0.214, -6.444e-5
0.213, -6.434e-5
0.212, -6.483e-5
0.211, -6.337e-5
0.210, -6.346e-5
0.209, -6.278e-5
0.208, -6.298e-5
0.207, -6.307e-5
0.206, -6.220e-5
0.205, -6.093e-5
0.204, -6.151e-5
0.203, -6.112e-5
0.202, -6.093e-5
0.201, -6.054e-5
0.200, -6.024e-5
0.199, -6.014e-5
0.198, -5.946e-5
0.197, -5.985e-5
0.196, -5.985e-5
0.195, -5.956e-5
0.194, -5.868e-5
0.193, -5.868e-5
0.192, -5.858e-5
0.191, -5.819e-5
0.190, -5.829e-5
0.189, -5.819e-5
0.188, -5.839e-5
0.187, -5.790e-5
0.186, -5.712e-5
0.185, -5.780e-5
0.184, -5.761e-5
0.183, -5.663e-5
0.182, -5.604e-5
0.181, -5.663e-5
0.180, -5.663e-5
0.179, -5.585e-5
0.178, -5.585e-5
0.177, -5.643e-5
0.176, -5.458e-5
0.175, -5.546e-5
0.174, -5.526e-5
0.173, -5.497e-5
0.172, -5.507e-5
0.171, -5.468e-5
0.170, -5.487e-5
0.169, -5.458e-5
0.168, -5.477e-5
0.167, -5.419e-5
0.166, -5.399e-5
0.165, -5.390e-5
0.164, -5.360e-5
0.163, -5.272e-5
0.162, -5.448e-5
0.161, -5.390e-5
0.160, -5.282e-5
0.159, -5.331e-5
0.158, -5.331e-5
0.157, -5.380e-5
0.156, -5.292e-5
0.155, -5.233e-5
0.154, -5.311e-5
0.153, -5.370e-5
0.152, -5.282e-5
0.151, -5.292e-5
0.150, -5.292e-5
0.149, -5.263e-5
0.148, -5.185e-5
0.147, -5.204e-5
0.146, -5.233e-5
0.145, -5.175e-5
0.144, -5.185e-5
0.143, -5.165e-5
0.142, -5.204e-5
0.141, -5.175e-5
0.140, -5.067e-5
0.139, -5.106e-5
0.138, -5.146e-5
0.137, -5.185e-5
0.136, -5.116e-5
0.135, -5.146e-5
0.134, -5.175e-5
0.133, -5.146e-5
0.132, -5.116e-5
0.131, -5.009e-5
0.130, -5.087e-5
0.129, -5.097e-5
0.128, -5.116e-5
0.127, -5.077e-5
0.126, -5.067e-5
0.125, -5.048e-5
0.124, -4.989e-5
0.123, -4.980e-5
0.122, -5.028e-5
0.121, -4.970e-5
0.120, -5.009e-5
0.119, -5.067e-5
0.118, -5.028e-5
0.117, -4.980e-5
0.116, -4.999e-5
0.115, -5.009e-5
0.114, -4.921e-5
0.113, -4.921e-5
0.112, -4.921e-5
0.111, -4.882e-5
0.110, -4.931e-5
0.109, -4.960e-5
0.108, -4.911e-5
0.107, -4.911e-5
0.106, -4.970e-5
0.105, -4.989e-5
0.104, -4.921e-5
0.103, -4.921e-5
0.102, -4.960e-5
0.101, -4.833e-5
0.100, -4.940e-5
0.099, -4.901e-5
0.098, -4.804e-5
0.097, -4.853e-5
0.096, -4.940e-5
0.095, -4.814e-5
0.094, -4.862e-5
0.093, -4.765e-5
0.092, -4.794e-5
0.091, -4.823e-5
0.090, -4.814e-5
0.089, -4.804e-5
0.088, -4.716e-5
0.087, -4.784e-5
0.086, -4.735e-5
0.085, -4.765e-5
0.084, -4.745e-5
0.083, -4.706e-5
0.082, -4.716e-5
0.081, -4.735e-5
0.080, -4.765e-5
0.079, -4.765e-5
0.078, -4.774e-5
0.077, -4.726e-5
0.076, -4.745e-5
0.075, -4.677e-5
0.074, -4.745e-5
0.073, -4.648e-5
0.072, -4.696e-5
0.071, -4.687e-5
0.070, -4.648e-5
0.069, -4.628e-5
0.068, -4.716e-5
0.067, -4.638e-5
0.066, -4.618e-5
0.065, -4.696e-5
0.064, -4.667e-5
0.063, -4.667e-5
0.062, -4.609e-5
0.061, -4.648e-5
0.060, -4.638e-5
0.059, -4.521e-5
0.058, -4.472e-5
0.057, -4.618e-5
0.056, -4.638e-5
0.055, -4.569e-5
0.054, -4.560e-5
0.053, -4.599e-5
0.052, -4.589e-5
0.051, -4.521e-5
0.050, -4.530e-5
0.049, -4.501e-5
0.048, -4.550e-5
0.047, -4.530e-5
0.046, -4.511e-5
0.045, -4.511e-5
0.044, -4.462e-5
0.043, -4.472e-5
0.042, -4.491e-5
0.041, -4.521e-5
0.040, -4.462e-5
0.039, -4.452e-5
0.038, -4.403e-5
0.037, -4.443e-5
0.036, -4.472e-5
0.035, -4.413e-5
0.034, -4.452e-5
0.033, -4.482e-5
0.032, -4.433e-5
0.031, -4.345e-5
0.030, -4.413e-5
0.029, -4.394e-5
0.028, -4.452e-5
0.027, -4.306e-5
0.026, -4.413e-5
0.025, -4.491e-5
0.024, -4.374e-5
0.023, -4.433e-5
0.022, -4.335e-5
0.021, -4.413e-5
0.020, -4.335e-5
0.019, -4.335e-5
0.018, -4.364e-5
0.017, -4.277e-5
0.016, -4.306e-5
0.015, -4.413e-5
0.014, -4.394e-5
0.013, -4.267e-5
0.012, -4.364e-5
0.011, -4.374e-5
0.010, -4.374e-5
0.009, -4.267e-5
0.008, -4.247e-5
0.007, -4.296e-5
0.006, -4.286e-5
0.005, -4.228e-5
0.004, -4.198e-5
0.003, -4.267e-5
0.002, -4.257e-5
0.001, -4.247e-5
0.000, -3.700e-5
0.001, -2.695e-5
0.002, -2.441e-5
0.003, -2.216e-5
0.004, -2.089e-5
0.005, -1.992e-5
0.006, -1.972e-5
0.007, -1.933e-5
0.008, -1.884e-5
0.009, -1.728e-5
0.010, -1.699e-5
0.011, -1.650e-5
0.012, -1.591e-5
0.013, -1.562e-5
0.014, -1.562e-5
0.015, -1.445e-5
0.016, -1.416e-5
0.017, -1.357e-5
0.018, -1.338e-5
0.019, -1.396e-5
0.020, -1.269e-5
0.021, -1.220e-5
0.022, -1.201e-5
0.023, -1.250e-5
0.024, -1.201e-5
0.025, -1.152e-5
0.026, -1.152e-5
0.027, -1.113e-5
0.028, -1.084e-5
0.029, -1.103e-5
0.030, -9.861e-6
0.031, -9.666e-6
0.032, -9.080e-6
0.033, -9.080e-6
0.034, -9.959e-6
0.035, -9.471e-6
0.036, -9.080e-6
0.037, -8.983e-6
0.038, -8.592e-6
0.039, -7.909e-6
0.040, -8.592e-6
0.041, -8.202e-6
0.042, -8.983e-6
0.043, -7.323e-6
0.044, -8.006e-6
0.045, -7.909e-6
0.046, -7.323e-6
0.047, -7.518e-6
0.048, -8.104e-6
0.049, -7.713e-6
0.050, -7.128e-6
0.051, -7.323e-6
0.052, -7.323e-6
0.053, -7.128e-6
0.054, -5.956e-6
0.055, -6.249e-6
0.056, -6.639e-6
0.057, -6.346e-6
0.058, -6.444e-6
0.059, -6.737e-6
0.060, -6.835e-6
0.061, -5.468e-6
0.062, -5.175e-6
0.063, -6.054e-6
0.064, -5.761e-6
0.065, -5.956e-6
0.066, -5.175e-6
0.067, -4.980e-6
0.068, -4.980e-6
0.069, -5.272e-6
0.070, -5.272e-6
0.071, -5.272e-6
0.072, -4.589e-6
0.073, -4.784e-6
0.074, -4.784e-6
0.075, -4.687e-6
0.076, -3.417e-6
0.077, -3.808e-6
0.078, -4.491e-6
0.079, -3.710e-6
0.080, -4.198e-6
0.081, -4.296e-6
0.082, -4.491e-6
0.083, -3.710e-6
0.084, -3.808e-6
0.085, -4.003e-6
0.086, -3.808e-6
0.087, -2.832e-6
0.088, -3.320e-6
0.089, -3.710e-6
0.090, -3.320e-6
0.091, -3.124e-6
0.092, -3.808e-6
0.093, -3.515e-6
0.094, -2.441e-6
0.095, -2.734e-6
0.096, -2.148e-6
0.097, -2.539e-6
0.098, -2.246e-6
0.099, -2.148e-6
0.100, -2.343e-6
0.101, -2.441e-6
0.102, -2.441e-6
0.103, -2.246e-6
0.104, -2.246e-6
0.105, -2.441e-6
0.106, -2.246e-6
0.107, -2.050e-6
0.108, -1.757e-6
0.109, -1.855e-6
0.110, -1.757e-6
0.111, -1.172e-6
0.112, -1.757e-6
0.113, -1.562e-6
0.114, -2.148e-6
0.115, -1.367e-6
0.116, -7.811e-7
0.117, -1.269e-6
0.118, -8.787e-7
0.119, -1.074e-6
0.120, -6.835e-7
0.121, -3.906e-7
0.122, -1.172e-6
0.123, -5.858e-7
0.124, -2.929e-7
0.125, -2.929e-7
0.126, -2.929e-7
0.127, -4.283e-12
0.128, -1.953e-7
0.129, -1.953e-7
0.130, -4.882e-7
0.131, 1.953e-7
0.132, -1.953e-7
0.133, -9.764e-8
0.134, 1.953e-7
0.135, -4.283e-12
0.136, 5.858e-7
0.137, -4.283e-12
0.138, -9.764e-8
0.139, 1.172e-6
0.140, 3.905e-7
0.141, 8.787e-7
0.142, 3.905e-7
0.143, 8.787e-7
0.144, -9.764e-8
0.145, 8.787e-7
0.146, 1.465e-6
0.147, 1.074e-6
0.148, 1.074e-6
0.149, 8.787e-7
0.150, 1.757e-6
0.151, 1.953e-6
0.152, 2.050e-6
0.153, 1.269e-6
0.154, 2.148e-6
0.155, 1.757e-6
0.156, 2.636e-6
0.157, 2.148e-6
0.158, 1.660e-6
0.159, 2.343e-6
0.160, 2.441e-6
0.161, 1.757e-6
0.162, 2.343e-6
0.163, 1.953e-6
0.164, 1.562e-6
0.165, 2.636e-6
0.166, 2.734e-6
0.167, 2.441e-6
0.168, 2.050e-6
0.169, 3.027e-6
0.170, 3.027e-6
0.171, 2.441e-6
0.172, 3.124e-6
0.173, 4.589e-6
0.174, 3.613e-6
0.175, 3.222e-6
0.176, 3.320e-6
0.177, 3.906e-6
0.178, 4.198e-6
0.179, 4.101e-6
0.180, 3.906e-6
0.181, 3.808e-6
0.182, 4.198e-6
0.183, 3.515e-6
0.184, 3.320e-6
0.185, 4.296e-6
0.186, 3.710e-6
0.187, 3.906e-6
0.188, 4.003e-6
0.189, 4.198e-6
0.190, 3.906e-6
0.191, 4.394e-6
0.192, 4.003e-6
0.193, 4.198e-6
0.194, 4.296e-6
0.195, 4.101e-6
0.196, 4.589e-6
0.197, 5.077e-6
0.198, 4.980e-6
0.199, 5.077e-6
0.200, 5.175e-6
0.201, 4.980e-6
0.202, 5.858e-6
0.203, 5.468e-6
0.204, 6.054e-6
0.205, 5.175e-6
0.206, 5.565e-6
0.207, 5.370e-6
0.208, 5.370e-6
0.209, 6.639e-6
0.210, 5.761e-6
0.211, 5.663e-6
0.212, 6.151e-6
0.213, 6.737e-6
0.214, 6.932e-6
0.215, 6.639e-6
0.216, 6.835e-6
0.217, 6.835e-6
0.218, 7.030e-6
0.219, 7.420e-6
0.220, 7.030e-6
0.221, 7.128e-6
0.222, 7.713e-6
0.223, 7.811e-6
0.224, 7.909e-6
0.225, 8.397e-6
0.226, 7.909e-6
0.227, 8.104e-6
0.228, 7.323e-6
0.229, 8.299e-6
0.230, 8.983e-6
0.231, 8.592e-6
0.232, 9.080e-6
0.233, 9.569e-6
0.234, 8.592e-6
0.235, 9.861e-6
0.236, 1.025e-5
0.237, 9.764e-6
0.238, 9.666e-6
0.239, 1.035e-5
0.240, 1.074e-5
0.241, 1.064e-5
0.242, 1.084e-5
0.243, 1.113e-5
0.244, 1.142e-5
0.245, 1.172e-5
0.246, 1.220e-5
0.247, 1.191e-5
0.248, 1.220e-5
0.249, 1.250e-5
0.250, 1.308e-5
0.251, 1.230e-5
0.252, 1.308e-5
0.253, 1.386e-5
0.254, 1.406e-5
0.255, 1.377e-5
0.256, 1.406e-5
0.257, 1.474e-5
0.258, 1.426e-5
0.259, 1.504e-5
0.260, 1.455e-5
0.261, 1.552e-5
0.262, 1.543e-5
0.263, 1.533e-5
0.264, 1.611e-5
0.265, 1.650e-5
0.266, 1.650e-5
0.267, 1.650e-5
0.268, 1.738e-5
0.269, 1.718e-5
0.270, 1.757e-5
0.271, 1.738e-5
0.272, 1.757e-5
0.273, 1.845e-5
0.274, 1.816e-5
0.275, 1.884e-5
0.276, 1.904e-5
0.277, 2.002e-5
0.278, 1.982e-5
0.279, 1.963e-5
0.280, 2.021e-5
0.281, 2.070e-5
0.282, 2.119e-5
0.283, 2.070e-5
0.284, 2.138e-5
0.285, 2.109e-5
0.286, 2.187e-5
0.287, 2.168e-5
0.288, 2.265e-5
0.289, 2.304e-5
0.290, 2.314e-5
0.291, 2.382e-5
0.292, 2.392e-5
0.293, 2.470e-5
0.294, 2.421e-5
0.295, 2.421e-5
0.296, 2.480e-5
0.297, 2.460e-5
0.298, 2.509e-5
0.299, 2.568e-5
0.300, 2.626e-5
0.301, 2.666e-5
0.302, 2.656e-5
0.303, 2.685e-5
0.304, 2.666e-5
0.305, 2.783e-5
0.306, 2.763e-5
0.307, 2.978e-5
0.308, 2.929e-5
0.309, 2.910e-5
0.310, 2.910e-5
0.311, 2.978e-5
0.312, 3.037e-5
0.313, 3.056e-5
0.314, 3.105e-5
0.315, 3.105e-5
0.316, 3.085e-5
0.317, 3.134e-5
0.318, 3.203e-5
0.319, 3.281e-5
0.320, 3.203e-5
0.321, 3.320e-5
0.322, 3.339e-5
0.323, 3.369e-5
0.324, 3.417e-5
0.325, 3.408e-5
0.326, 3.408e-5
0.327, 3.447e-5
0.328, 3.574e-5
0.329, 3.574e-5
0.330, 3.652e-5
0.331, 3.691e-5
0.332, 3.808e-5
0.333, 3.818e-5
0.334, 3.740e-5
0.335, 3.740e-5
0.336, 3.749e-5
0.337, 3.857e-5
0.338, 3.876e-5
0.339, 3.886e-5
0.340, 3.964e-5
0.341, 3.993e-5
0.342, 4.062e-5
0.343, 4.101e-5
0.344, 4.140e-5
0.345, 4.120e-5
0.346, 4.042e-5
0.347, 4.198e-5
0.348, 4.316e-5
0.349, 4.228e-5
0.350, 4.316e-5
0.351, 4.403e-5
0.352, 4.472e-5
0.353, 4.472e-5
0.354, 4.472e-5
0.355, 4.530e-5
0.356, 4.550e-5
0.357, 4.609e-5
0.358, 4.589e-5
0.359, 4.706e-5
0.360, 4.735e-5
0.361, 4.784e-5
0.362, 4.794e-5
0.363, 4.872e-5
0.364, 4.921e-5
0.365, 4.892e-5
0.366, 4.980e-5
0.367, 5.087e-5
0.368, 5.038e-5
0.369, 5.087e-5
0.370, 5.185e-5
0.371, 5.204e-5
0.372, 5.263e-5
0.373, 5.233e-5
0.374, 5.370e-5
0.375, 5.477e-5
0.376, 5.585e-5
0.377, 5.575e-5
0.378, 5.595e-5
0.379, 5.770e-5
0.380, 5.770e-5
0.381, 5.751e-5
0.382, 5.917e-5
0.383, 5.917e-5
0.384, 6.054e-5
0.385, 6.200e-5
0.386, 6.220e-5
0.387, 6.356e-5
0.388, 6.434e-5
0.389, 6.483e-5
0.390, 6.649e-5
0.391, 6.678e-5
0.392, 6.835e-5
0.393, 6.923e-5
0.394, 6.991e-5
0.395, 7.157e-5
0.396, 7.352e-5
0.397, 7.381e-5
0.398, 7.528e-5
0.399, 7.782e-5
0.400, 7.977e-5
0.401, 8.172e-5
0.402, 8.348e-5
0.403, 8.641e-5
0.404, 9.041e-5
0.405, 9.207e-5
0.406, 9.569e-5
0.407, 1.012e-4
0.408, 1.049e-4
0.409, 1.101e-4
0.410, 1.084e-4
0.411, 1.245e-4
0.412, 1.342e-4
0.413, 1.465e-4
0.414, 1.625e-4
0.415, 1.809e-4
0.416, 2.024e-4
0.417, 2.292e-4
0.418, 2.622e-4
0.419, 2.999e-4
0.420, 3.467e-4
0.421, 4.027e-4
0.422, 4.713e-4
0.423, 5.474e-4
0.424, 6.403e-4
0.425, 7.448e-4
0.426, 8.630e-4
0.427, 9.974e-4
0.428, 1.150e-3
0.429, 1.316e-3
0.430, 1.495e-3
0.431, 1.677e-3
0.432, 1.856e-3
0.433, 2.035e-3
0.434, 2.211e-3
0.435, 2.390e-3
0.436, 2.563e-3
0.437, 2.731e-3
0.438, 2.895e-3
0.439, 3.046e-3
0.440, 3.185e-3
0.441, 3.311e-3
0.442, 3.424e-3
0.443, 3.517e-3
0.444, 3.591e-3
0.445, 3.642e-3
0.446, 3.671e-3
0.447, 3.671e-3
0.448, 3.643e-3
0.449, 3.589e-3
0.450, 3.508e-3
0.451, 3.404e-3
0.452, 3.269e-3
0.453, 3.121e-3
0.454, 2.954e-3
0.455, 2.774e-3
0.456, 2.592e-3
0.457, 2.405e-3
0.458, 2.224e-3
0.459, 2.055e-3
0.460, 1.895e-3
0.461, 1.746e-3
0.462, 1.614e-3
0.463, 1.491e-3
0.464, 1.384e-3
0.465, 1.288e-3
0.466, 1.206e-3
0.467, 1.132e-3
0.468, 1.065e-3
0.469, 1.005e-3
0.470, 9.528e-4
0.471, 9.045e-4
0.472, 8.623e-4
0.473, 8.213e-4
0.474, 7.836e-4
0.475, 7.526e-4
0.476, 7.237e-4
0.477, 6.958e-4
0.478, 6.713e-4
0.479, 6.488e-4
0.480, 6.279e-4
0.481, 6.074e-4
0.482, 5.872e-4
0.483, 5.693e-4
0.484, 5.530e-4
0.485, 5.370e-4
0.486, 5.235e-4
0.487, 5.113e-4
0.488, 4.981e-4
0.489, 4.844e-4
0.490, 4.714e-4
0.491, 4.614e-4
0.492, 4.512e-4
0.493, 4.410e-4
0.494, 4.318e-4
0.495, 4.226e-4
0.496, 4.132e-4
0.497, 4.053e-4
0.498, 3.968e-4
0.499, 3.889e-4
0.500, 3.819e-4
0.501, 3.744e-4
0.502, 3.689e-4
0.503, 3.619e-4
0.504, 3.559e-4
0.505, 3.505e-4
0.506, 3.441e-4
0.507, 3.382e-4
0.508, 3.344e-4
0.509, 3.282e-4
0.510, 3.240e-4
0.511, 3.187e-4
0.512, 3.190e-4
0.513, 3.124e-4
0.514, 3.056e-4
0.515, 3.018e-4
0.516, 2.988e-4
0.517, 2.948e-4
0.518, 2.901e-4
0.519, 2.858e-4
0.520, 2.819e-4
0.521, 2.792e-4
0.522, 2.745e-4
0.523, 2.718e-4
0.524, 2.695e-4
0.525, 2.637e-4
0.526, 2.615e-4
0.527, 2.594e-4
0.528, 2.570e-4
0.529, 2.540e-4
0.530, 2.506e-4
0.531, 2.486e-4
0.532, 2.456e-4
0.533, 2.429e-4
0.534, 2.411e-4
0.535, 2.379e-4
0.536, 2.356e-4
0.537, 2.342e-4
0.538, 2.324e-4
0.539, 2.292e-4
0.540, 2.283e-4
0.541, 2.249e-4
0.542, 2.224e-4
0.543, 2.210e-4
0.544, 2.192e-4
0.545, 2.181e-4
0.546, 2.157e-4
0.547, 2.143e-4
0.548, 2.135e-4
0.549, 2.119e-4
0.550, 2.099e-4
0.551, 2.085e-4
0.552, 2.070e-4
0.553, 2.057e-4
0.554, 2.040e-4
0.555, 2.034e-4
0.556, 2.037e-4
0.557, 2.015e-4
0.558, 2.015e-4
0.559, 2.006e-4
0.560, 1.988e-4
0.561, 1.993e-4
0.562, 1.977e-4
0.563, 1.981e-4
0.564, 1.964e-4
0.565, 1.955e-4
0.566, 1.956e-4
0.567, 1.952e-4
0.568, 1.953e-4
0.569, 1.967e-4
0.570, 1.962e-4
0.571, 1.955e-4
0.572, 1.973e-4
0.573, 1.955e-4
0.574, 1.969e-4
0.575, 1.976e-4
0.576, 1.972e-4
0.577, 1.990e-4
0.578, 2.005e-4
0.579, 2.013e-4
0.580, 2.030e-4
0.581, 2.040e-4
0.582, 2.062e-4
0.583, 2.080e-4
0.584, 2.085e-4
0.585, 2.104e-4
0.586, 2.122e-4
0.587, 2.160e-4
0.588, 2.186e-4
0.589, 2.212e-4
0.590, 2.240e-4
0.591, 2.272e-4
0.592, 2.299e-4
0.593, 2.348e-4
0.594, 2.382e-4
0.595, 2.426e-4
0.596, 2.473e-4
0.597, 2.513e-4
0.598, 2.577e-4
0.599, 2.625e-4
0.600, 2.681e-4
0.601, 2.739e-4
0.602, 2.796e-4
0.603, 2.872e-4
0.604, 2.945e-4
0.605, 3.013e-4
0.606, 3.086e-4
0.607, 3.172e-4
0.608, 3.249e-4
0.609, 3.360e-4
0.610, 3.453e-4
0.611, 3.556e-4
0.612, 3.661e-4
0.613, 3.776e-4
0.614, 3.887e-4
0.615, 3.998e-4
0.616, 4.145e-4
0.617, 4.291e-4
0.618, 4.432e-4
0.619, 4.588e-4
0.620, 4.760e-4
0.621, 4.935e-4
0.622, 5.108e-4
0.623, 5.292e-4
0.624, 5.487e-4
0.625, 5.695e-4
0.626, 5.906e-4
0.627, 6.136e-4
0.628, 6.360e-4
0.629, 6.589e-4
0.630, 6.852e-4
0.631, 7.109e-4
0.632, 7.395e-4
0.633, 7.668e-4
0.634, 7.968e-4
0.635, 8.264e-4
0.636, 8.597e-4
0.637, 8.931e-4
0.638, 9.276e-4
0.639, 9.629e-4
0.640, 1.001e-3
0.641, 1.040e-3
0.642, 1.081e-3
0.643, 1.123e-3
0.644, 1.165e-3
0.645, 1.210e-3
0.646, 1.255e-3
0.647, 1.301e-3
0.648, 1.352e-3
0.649, 1.405e-3
0.650, 1.457e-3
0.651, 1.512e-3
0.652, 1.570e-3
0.653, 1.628e-3
0.654, 1.686e-3
0.655, 1.746e-3
0.656, 1.810e-3
0.657, 1.878e-3
0.658, 1.944e-3
0.659, 2.013e-3
0.660, 2.084e-3
0.661, 2.157e-3
0.662, 2.230e-3
0.663, 2.307e-3
0.664, 2.392e-3
0.665, 2.469e-3
0.666, 2.551e-3
0.667, 2.637e-3
0.668, 2.722e-3
0.669, 2.810e-3
0.670, 2.904e-3
0.671, 2.995e-3
0.672, 3.092e-3
0.673, 3.187e-3
0.674, 3.284e-3
0.675, 3.386e-3
0.676, 3.489e-3
0.677, 3.595e-3
0.678, 3.700e-3
0.679, 3.807e-3
0.680, 3.919e-3
0.681, 4.033e-3
0.682, 4.147e-3
0.683, 4.264e-3
0.684, 4.385e-3
0.685, 4.504e-3
0.686, 4.626e-3
0.687, 4.748e-3
0.688, 4.873e-3
0.689, 5.001e-3
0.690, 5.131e-3
0.691, 5.264e-3
0.692, 5.399e-3
0.693, 5.536e-3
0.694, 5.672e-3
0.695, 5.810e-3
0.696, 5.948e-3
0.697, 6.088e-3
0.698, 6.231e-3
0.699, 6.379e-3
0.700, 6.529e-3
0.701, 6.674e-3
0.702, 6.828e-3
0.703, 6.983e-3
0.704, 7.133e-3
0.705, 7.289e-3
0.706, 7.452e-3
0.707, 7.619e-3
0.708, 7.788e-3
0.709, 7.957e-3
0.710, 8.125e-3
0.711, 8.295e-3
0.712, 8.461e-3
0.713, 8.634e-3
0.714, 8.806e-3
0.715, 8.982e-3
0.716, 9.156e-3
0.717, 9.339e-3
0.718, 9.518e-3
0.719, 9.701e-3
0.720, 9.883e-3
0.721, 1.006e-2
0.722, 1.025e-2
0.723, 1.043e-2
0.724, 1.062e-2
0.725, 1.081e-2
0.726, 1.100e-2
0.727, 1.120e-2
0.728, 1.139e-2
0.729, 1.159e-2
0.730, 1.178e-2
0.731, 1.198e-2
0.732, 1.218e-2
0.733, 1.238e-2
0.734, 1.258e-2
0.735, 1.278e-2
0.736, 1.299e-2
0.737, 1.320e-2
0.738, 1.341e-2
0.739, 1.362e-2
0.740, 1.382e-2
0.741, 1.404e-2
0.742, 1.425e-2
0.743, 1.447e-2
0.744, 1.469e-2
0.745, 1.490e-2
0.746, 1.512e-2
0.747, 1.535e-2
0.748, 1.556e-2
0.749, 1.577e-2
0.750, 1.599e-2
0.751, 1.621e-2
0.752, 1.643e-2
0.753, 1.665e-2
0.754, 1.687e-2
0.755, 1.710e-2
0.756, 1.733e-2
0.757, 1.757e-2
0.758, 1.780e-2
0.759, 1.803e-2
0.760, 1.827e-2
0.761, 1.849e-2
0.762, 1.873e-2
0.763, 1.896e-2
0.764, 1.920e-2
0.765, 1.943e-2
0.766, 1.967e-2
0.767, 1.991e-2
0.768, 2.015e-2
0.769, 2.039e-2
0.770, 2.064e-2
0.771, 2.090e-2
0.772, 2.115e-2
0.773, 2.139e-2
0.774, 2.163e-2
0.775, 2.189e-2
0.776, 2.213e-2
0.777, 2.238e-2
0.778, 2.264e-2
0.779, 2.289e-2
0.780, 2.314e-2
0.781, 2.339e-2
0.782, 2.364e-2
0.783, 2.389e-2
0.784, 2.415e-2
0.785, 2.440e-2
0.786, 2.467e-2
0.787, 2.493e-2
0.788, 2.519e-2
0.789, 2.543e-2
0.790, 2.568e-2
0.791, 2.593e-2
0.792, 2.619e-2
0.793, 2.645e-2
0.794, 2.672e-2
0.795, 2.697e-2
0.796, 2.721e-2
0.797, 2.747e-2
0.798, 2.775e-2
0.799, 2.801e-2
0.800, 2.820e-2
0.799, 2.800e-2
0.798, 2.771e-2
0.797, 2.741e-2
0.796, 2.712e-2
0.795, 2.682e-2
0.794, 2.654e-2
0.793, 2.627e-2
0.792, 2.600e-2
0.791, 2.573e-2
0.790, 2.545e-2
0.789, 2.518e-2
0.788, 2.491e-2
0.787, 2.463e-2
0.786, 2.437e-2
0.785, 2.411e-2
0.784, 2.382e-2
0.783, 2.354e-2
0.782, 2.327e-2
0.781, 2.301e-2
0.780, 2.275e-2
0.779, 2.249e-2
0.778, 2.222e-2
0.777, 2.196e-2
0.776, 2.171e-2
0.775, 2.145e-2
0.774, 2.120e-2
0.773, 2.096e-2
0.772, 2.069e-2
0.771, 2.044e-2
0.770, 2.018e-2
0.769, 1.992e-2
0.768, 1.968e-2
0.767, 1.944e-2
0.766, 1.920e-2
0.765, 1.895e-2
0.764, 1.871e-2
0.763, 1.846e-2
0.762, 1.821e-2
0.761, 1.797e-2
0.760, 1.775e-2
0.759, 1.751e-2
0.758, 1.728e-2
0.757, 1.705e-2
0.756, 1.681e-2
0.755, 1.659e-2
0.754, 1.636e-2
0.753, 1.613e-2
0.752, 1.591e-2
0.751, 1.569e-2
0.750, 1.546e-2
0.749, 1.523e-2
0.748, 1.500e-2
0.747, 1.478e-2
0.746, 1.456e-2
0.745, 1.435e-2
0.744, 1.413e-2
0.743, 1.390e-2
0.742, 1.369e-2
0.741, 1.349e-2
0.740, 1.328e-2
0.739, 1.307e-2
0.738, 1.286e-2
0.737, 1.265e-2
0.736, 1.246e-2
0.735, 1.226e-2
0.734, 1.205e-2
0.733, 1.185e-2
0.732, 1.166e-2
0.731, 1.146e-2
0.730, 1.127e-2
0.729, 1.107e-2
0.728, 1.088e-2
0.727, 1.069e-2
0.726, 1.049e-2
0.725, 1.030e-2
0.724, 1.012e-2
0.723, 9.933e-3
0.722, 9.754e-3
0.721, 9.581e-3
0.720, 9.406e-3
0.719, 9.228e-3
0.718, 9.052e-3
0.717, 8.873e-3
0.716, 8.694e-3
0.715, 8.524e-3
0.714, 8.353e-3
0.713, 8.178e-3
0.712, 8.018e-3
0.711, 7.855e-3
0.710, 7.686e-3
0.709, 7.526e-3
0.708, 7.364e-3
0.707, 7.206e-3
0.706, 7.052e-3
0.705, 6.893e-3
0.704, 6.741e-3
0.703, 6.589e-3
0.702, 6.438e-3
0.701, 6.289e-3
0.700, 6.141e-3
0.699, 6.003e-3
0.698, 5.861e-3
0.697, 5.722e-3
0.696, 5.587e-3
0.695, 5.451e-3
0.694, 5.315e-3
0.693, 5.182e-3
0.692, 5.055e-3
0.691, 4.925e-3
0.690, 4.795e-3
0.689, 4.666e-3
0.688, 4.546e-3
0.687, 4.425e-3
0.686, 4.304e-3
0.685, 4.183e-3
0.684, 4.066e-3
0.683, 3.952e-3
0.682, 3.837e-3
0.681, 3.725e-3
0.680, 3.619e-3
0.679, 3.508e-3
0.678, 3.405e-3
0.677, 3.300e-3
0.676, 3.198e-3
0.675, 3.103e-3
0.674, 3.005e-3
0.673, 2.911e-3
0.672, 2.817e-3
0.671, 2.726e-3
0.670, 2.630e-3
0.669, 2.545e-3
0.668, 2.459e-3
0.667, 2.379e-3
0.666, 2.295e-3
0.665, 2.214e-3
0.664, 2.138e-3
0.663, 2.061e-3
0.662, 1.987e-3
0.661, 1.914e-3
0.660, 1.842e-3
0.659, 1.770e-3
0.658, 1.703e-3
0.657, 1.639e-3
0.656, 1.575e-3
0.655, 1.511e-3
0.654, 1.450e-3
0.653, 1.393e-3
0.652, 1.334e-3
0.651, 1.278e-3
0.650, 1.226e-3
0.649, 1.174e-3
0.648, 1.123e-3
0.647, 1.073e-3
0.646, 1.024e-3
0.645, 9.787e-4
0.644, 9.352e-4
0.643, 8.929e-4
0.642, 8.511e-4
0.641, 8.095e-4
0.640, 7.701e-4
0.639, 7.336e-4
0.638, 6.977e-4
0.637, 6.626e-4
0.636, 6.288e-4
0.635, 5.977e-4
0.634, 5.646e-4
0.633, 5.340e-4
0.632, 5.059e-4
0.631, 4.775e-4
0.630, 4.505e-4
0.629, 4.254e-4
0.628, 4.013e-4
0.627, 3.791e-4
0.626, 3.556e-4
0.625, 3.337e-4
0.624, 3.141e-4
0.623, 2.943e-4
0.622, 2.763e-4
0.621, 2.584e-4
0.620, 2.404e-4
0.619, 2.240e-4
0.618, 2.075e-4
0.617, 1.923e-4
0.616, 1.783e-4
0.615, 1.642e-4
0.614, 1.527e-4
0.613, 1.380e-4
0.612, 1.258e-4
0.611, 1.143e-4
0.610, 1.025e-4
0.609, 9.197e-5
0.608, 8.065e-5
0.607, 7.079e-5
0.606, 6.122e-5
0.605, 5.282e-5
0.604, 4.403e-5
0.603, 3.593e-5
0.602, 2.910e-5
0.601, 2.207e-5
0.600, 1.406e-5
0.599, 7.420e-6
0.598, 1.465e-6
0.597, -4.784e-6
0.596, -1.103e-5
0.595, -1.689e-5
0.594, -2.216e-5
0.593, -2.666e-5
0.592, -3.076e-5
0.591, -3.574e-5
0.590, -4.013e-5
0.589, -4.384e-5
0.588, -4.853e-5
0.587, -5.204e-5
0.586, -5.614e-5
0.585, -5.927e-5
0.584, -6.229e-5
0.583, -6.561e-5
0.582, -6.923e-5
0.581, -7.128e-5
0.580, -7.479e-5
0.579, -7.713e-5
0.578, -7.967e-5
0.577, -8.211e-5
0.576, -8.338e-5
0.575, -8.690e-5
0.574, -8.953e-5
0.573, -9.129e-5
0.572, -9.363e-5
0.571, -9.510e-5
0.570, -9.783e-5
0.569, -9.881e-5
0.568, -1.012e-4
0.567, -1.032e-4
0.566, -1.048e-4
0.565, -1.060e-4
0.564, -1.081e-4
0.563, -1.109e-4
0.562, -1.119e-4
0.561, -1.129e-4
0.560, -1.143e-4
0.559, -1.167e-4
0.558, -1.178e-4
0.557, -1.191e-4
0.556, -1.207e-4
0.555, -1.219e-4
0.554, -1.236e-4
0.553, -1.253e-4
0.552, -1.258e-4
0.551, -1.291e-4
0.550, -1.282e-4
0.549, -1.302e-4
0.548, -1.316e-4
0.547, -1.326e-4
0.546, -1.343e-4
0.545, -1.356e-4
0.544, -1.372e-4
0.543, -1.383e-4
0.542, -1.389e-4
0.541, -1.407e-4
0.540, -1.423e-4
0.539, -1.421e-4
0.538, -1.452e-4
0.537, -1.455e-4
0.536, -1.457e-4
0.535, -1.477e-4
0.534, -1.478e-4
0.533, -1.492e-4
0.532, -1.511e-4
0.531, -1.518e-4
0.530, -1.537e-4
0.529, -1.541e-4
0.528, -1.561e-4
0.527, -1.577e-4
0.526, -1.581e-4
0.525, -1.581e-4
0.524, -1.597e-4
0.523, -1.608e-4
0.522, -1.630e-4
0.521, -1.649e-4
0.520, -1.648e-4
0.519, -1.666e-4
0.518, -1.672e-4
0.517, -1.678e-4
0.516, -1.690e-4
0.515, -1.716e-4
0.514, -1.726e-4
0.513, -1.737e-4
0.512, -1.795e-4
0.511, -1.781e-4
0.510, -1.780e-4
0.509, -1.776e-4
0.508, -1.791e-4
0.507, -1.814e-4
0.506, -1.826e-4
0.505, -1.837e-4
0.504, -1.840e-4
0.503, -1.861e-4
0.502, -1.865e-4
0.501, -1.882e-4
0.500, -1.891e-4
0.499, -1.888e-4
0.498, -1.908e-4
0.497, -1.927e-4
0.496, -1.932e-4
0.495, -1.958e-4
0.494, -1.969e-4
0.493, -1.980e-4
0.492, -1.995e-4
0.491, -2.002e-4
0.490, -2.017e-4
0.489, -2.035e-4
0.488, -2.046e-4
0.487, -2.059e-4
0.486, -2.078e-4
0.485, -2.084e-4
0.484, -2.101e-4
0.483, -2.107e-4
0.482, -2.134e-4
0.481, -2.152e-4
0.480, -2.172e-4
0.479, -2.191e-4
0.478, -2.209e-4
0.477, -2.227e-4
0.476, -2.251e-4
0.475, -2.256e-4
0.474, -2.277e-4
0.473, -2.297e-4
0.472, -2.331e-4
0.471, -2.348e-4
0.470, -2.366e-4
0.469, -2.400e-4
0.468, -2.429e-4
0.467, -2.443e-4
0.466, -2.485e-4
0.465, -2.511e-4
0.464, -2.538e-4
0.463, -2.577e-4
0.462, -2.599e-4
0.461, -2.642e-4
0.460, -2.679e-4
0.459, -2.706e-4
0.458, -2.756e-4
0.457, -2.790e-4
0.456, -2.819e-4
0.455, -2.876e-4
0.454, -2.917e-4
0.453, -2.964e-4
0.452, -3.009e-4
0.451, -3.065e-4
0.450, -3.117e-4
0.449, -3.174e-4
0.448, -3.213e-4
0.447, -3.299e-4
0.446, -3.356e-4
0.445, -3.422e-4
0.444, -3.500e-4
0.443, -3.567e-4
0.442, -3.646e-4
0.441, -3.728e-4
0.440, -3.807e-4
0.439, -3.898e-4
0.438, -3.973e-4
0.437, -4.067e-4
0.436, -4.158e-4
0.435, -4.261e-4
0.434, -4.335e-4
0.433, -4.425e-4
0.432, -4.521e-4
0.431, -4.636e-4
0.430, -4.727e-4
0.429, -4.840e-4
0.428, -4.953e-4
0.427, -5.054e-4
0.426, -5.183e-4
0.425, -5.300e-4
0.424, -5.446e-4
0.423, -5.583e-4
0.422, -5.698e-4
0.421, -5.868e-4
0.420, -6.036e-4
0.419, -6.199e-4
0.418, -6.380e-4
0.417, -6.550e-4
0.416, -6.730e-4
0.415, -6.921e-4
0.414, -7.110e-4
0.413, -7.314e-4
0.412, -7.536e-4
0.411, -7.770e-4
0.410, -7.881e-4
0.409, -7.870e-4
0.408, -8.255e-4
0.407, -8.618e-4
0.406, -8.935e-4
0.405, -9.281e-4
0.404, -9.605e-4
0.403, -9.946e-4
0.402, -1.030e-3
0.401, -1.069e-3
0.400, -1.107e-3
0.399, -1.149e-3
0.398, -1.191e-3
0.397, -1.233e-3
0.396, -1.278e-3
0.395, -1.327e-3
0.394, -1.380e-3
0.393, -1.434e-3
0.392, -1.490e-3
0.391, -1.550e-3
0.390, -1.612e-3
0.389, -1.673e-3
0.388, -1.737e-3
0.387, -1.800e-3
0.386, -1.867e-3
0.385, -1.935e-3
0.384, -2.004e-3
0.383, -2.077e-3
0.382, -2.146e-3
0.381, -2.213e-3
0.380, -2.280e-3
0.379, -2.347e-3
0.378, -2.410e-3
0.377, -2.467e-3
0.376, -2.519e-3
0.375, -2.570e-3
0.374, -2.612e-3
0.373, -2.649e-3
0.372, -2.678e-3
0.371, -2.696e-3
0.370, -2.706e-3
0.369, -2.708e-3
0.368, -2.696e-3
0.367, -2.670e-3
0.366, -2.625e-3
0.365, -2.560e-3
0.364, -2.479e-3
0.363, -2.376e-3
0.362, -2.251e-3
0.361, -2.107e-3
0.360, -1.947e-3
0.359, -1.777e-3
0.358, -1.598e-3
0.357, -1.420e-3
0.356, -1.249e-3
0.355, -1.095e-3
0.354, -9.614e-4
0.353, -8.477e-4
0.352, -7.530e-4
0.351, -6.795e-4
0.350, -6.158e-4
0.349, -5.609e-4
0.348, -5.177e-4
0.347, -4.805e-4
0.346, -4.500e-4
0.345, -4.237e-4
0.344, -4.017e-4
0.343, -3.820e-4
0.342, -3.639e-4
0.341, -3.487e-4
0.340, -3.339e-4
0.339, -3.212e-4
0.338, -3.095e-4
0.337, -3.000e-4
0.336, -2.892e-4
0.335, -2.813e-4
0.334, -2.737e-4
0.333, -2.666e-4
0.332, -2.592e-4
0.331, -2.527e-4
0.330, -2.460e-4
0.329, -2.402e-4
0.328, -2.351e-4
0.327, -2.301e-4
0.326, -2.257e-4
0.325, -2.205e-4
0.324, -2.160e-4
0.323, -2.117e-4
0.322, -2.082e-4
0.321, -2.053e-4
0.320, -2.006e-4
0.319, -1.972e-4
0.318, -1.949e-4
0.317, -1.907e-4
0.316, -1.883e-4
0.315, -1.851e-4
0.314, -1.822e-4
0.313, -1.796e-4
0.312, -1.762e-4
0.311, -1.736e-4
0.310, -1.707e-4
0.309, -1.685e-4
0.308, -1.662e-4
0.307, -1.648e-4
0.306, -1.624e-4
0.305, -1.601e-4
0.304, -1.567e-4
0.303, -1.551e-4
0.302, -1.528e-4
0.301, -1.506e-4
0.300, -1.489e-4
0.299, -1.464e-4
0.298, -1.442e-4
0.297, -1.422e-4
0.296, -1.407e-4
0.295, -1.386e-4
0.294, -1.365e-4
0.293, -1.346e-4
0.292, -1.333e-4
0.291, -1.316e-4
0.290, -1.303e-4
0.289, -1.281e-4
0.288, -1.262e-4
0.287, -1.251e-4
0.286, -1.228e-4
0.285, -1.214e-4
0.284, -1.201e-4
0.283, -1.187e-4
0.282, -1.183e-4
0.281, -1.158e-4
0.280, -1.143e-4
0.279, -1.135e-4
0.278, -1.116e-4
0.277, -1.107e-4
0.276, -1.100e-4
0.275, -1.079e-4
0.274, -1.071e-4
0.273, -1.054e-4
0.272, -1.039e-4
0.271, -1.036e-4
0.270, -1.019e-4
0.269, -1.006e-4
0.268, -9.998e-5
0.267, -9.813e-5
0.266, -9.793e-5
0.265, -9.715e-5
0.264, -9.666e-5
0.263, -9.569e-5
0.262, -9.373e-5
0.261, -9.334e-5
0.260, -9.178e-5
0.259, -9.158e-5
0.258, -9.032e-5
0.257, -8.983e-5
0.256, -8.817e-5
0.255, -8.807e-5
0.254, -8.709e-5
0.253, -8.621e-5
0.252, -8.602e-5
0.251, -8.436e-5
0.250, -8.387e-5
0.249, -8.280e-5
0.248, -8.241e-5
0.247, -8.231e-5
0.246, -8.114e-5
0.245, -8.016e-5
0.244, -8.055e-5
0.243, -7.899e-5
0.242, -7.831e-5
0.241, -7.694e-5
0.240, -7.645e-5
0.239, -7.674e-5
0.238, -7.586e-5
0.237, -7.557e-5
0.236, -7.508e-5
0.235, -7.479e-5
0.234, -7.401e-5
0.233, -7.303e-5
0.232, -7.264e-5
0.231, -7.264e-5
0.230, -7.176e-5
0.229, -7.108e-5
0.228, -7.089e-5
0.227, -7.040e-5
0.226, -6.991e-5
0.225, -6.971e-5
0.224, -6.844e-5
0.223, -6.864e-5
0.222, -6.844e-5
0.221, -6.766e-5
0.220, -6.766e-5
0.219, -6.698e-5
0.218, -6.620e-5
0.217, -6.600e-5
0.216, -6.561e-5
0.215, -6.512e-5
0.214, -6.571e-5
0.213, -6.473e-5
0.212, -6.473e-5
0.211, -6.444e-5
0.210, -6.376e-5
0.209, -6.337e-5
0.208, -6.317e-5
0.207, -6.307e-5
0.206, -6.239e-5
0.205, -6.161e-5
0.204, -6.171e-5
0.203, -6.112e-5
0.202, -6.132e-5
0.201, -6.122e-5
0.200, -6.044e-5
0.199, -6.093e-5
0.198, -6.044e-5
0.197, -5.966e-5
0.196, -5.946e-5
0.195, -5.917e-5
0.194, -5.946e-5
0.193, -5.829e-5
0.192, -5.761e-5
0.191, -5.829e-5
0.190, -5.819e-5
0.189, -5.780e-5
0.188, -5.790e-5
0.187, -5.819e-5
0.186, -5.643e-5
0.185, -5.702e-5
0.184, -5.712e-5
0.183, -5.634e-5
0.182, -5.624e-5
0.181, -5.575e-5
0.180, -5.624e-5
0.179, -5.595e-5
0.178, -5.604e-5
0.177, -5.565e-5
0.176, -5.546e-5
0.175, -5.497e-5
0.174, -5.507e-5
0.173, -5.497e-5
0.172, -5.438e-5
0.171, -5.448e-5
0.170, -5.438e-5
0.169, -5.468e-5
0.168, -5.429e-5
0.167, -5.419e-5
0.166, -5.380e-5
0.165, -5.360e-5
0.164, -5.409e-5
0.163, -5.438e-5
0.162, -5.399e-5
0.161, -5.380e-5
0.160, -5.351e-5
0.159, -5.380e-5
0.158, -5.390e-5
0.157, -5.390e-5
0.156, -5.341e-5
0.155, -5.321e-5
0.154, -5.321e-5
0.153, -5.224e-5
0.152, -5.263e-5
0.151, -5.292e-5
0.150, -5.263e-5
0.149, -5.263e-5
0.148, -5.311e-5
0.147, -5.214e-5
0.146, -5.175e-5
0.145, -5.146e-5
0.144, -5.165e-5
0.143, -5.224e-5
0.142, -5.224e-5
0.141, -5.204e-5
0.140, -5.136e-5
0.139, -5.146e-5
0.138, -5.106e-5
0.137, -5.106e-5
0.136, -5.087e-5
0.135, -5.175e-5
0.134, -5.067e-5
0.133, -5.058e-5
0.132, -4.970e-5
0.131, -5.067e-5
0.130, -5.077e-5
0.129, -5.067e-5
0.128, -4.980e-5
0.127, -5.048e-5
0.126, -5.028e-5
0.125, -4.950e-5
0.124, -5.058e-5
0.123, -5.097e-5
0.122, -4.999e-5
0.121, -5.028e-5
0.120, -5.009e-5
0.119, -5.028e-5
0.118, -5.058e-5
0.117, -5.019e-5
0.116, -5.019e-5
0.115, -4.970e-5
0.114, -4.989e-5
0.113, -4.980e-5
0.112, -4.931e-5
0.111, -4.989e-5
0.110, -4.940e-5
0.109, -4.931e-5
0.108, -4.931e-5
0.107, -4.931e-5
0.106, -4.892e-5
0.105, -4.843e-5
0.104, -4.931e-5
0.103, -4.921e-5
0.102, -4.970e-5
0.101, -4.833e-5
0.100, -4.940e-5
0.099, -4.931e-5
0.098, -4.882e-5
0.097, -4.872e-5
0.096, -4.862e-5
0.095, -4.940e-5
0.094, -4.794e-5
0.093, -4.726e-5
0.092, -4.726e-5
0.091, -4.823e-5
0.090, -4.804e-5
0.089, -4.755e-5
0.088, -4.823e-5
0.087, -4.823e-5
0.086, -4.804e-5
0.085, -4.794e-5
0.084, -4.735e-5
0.083, -4.706e-5
0.082, -4.774e-5
0.081, -4.687e-5
0.080, -4.677e-5
0.079, -4.765e-5
0.078, -4.657e-5
0.077, -4.726e-5
0.076, -4.726e-5
0.075, -4.735e-5
0.074, -4.657e-5
0.073, -4.618e-5
0.072, -4.657e-5
0.071, -4.716e-5
0.070, -4.628e-5
0.069, -4.628e-5
0.068, -4.628e-5
0.067, -4.618e-5
0.066, -4.618e-5
0.065, -4.569e-5
0.064, -4.569e-5
0.063, -4.667e-5
0.062, -4.618e-5
0.061, -4.696e-5
0.060, -4.599e-5
0.059, -4.618e-5
0.058, -4.667e-5
0.057, -4.569e-5
0.056, -4.540e-5
0.055, -4.618e-5
0.054, -4.609e-5
0.053, -4.521e-5
0.052, -4.540e-5
0.051, -4.423e-5
0.050, -4.618e-5
0.049, -4.550e-5
0.048, -4.579e-5
0.047, -4.491e-5
0.046, -4.521e-5
0.045, -4.482e-5
0.044, -4.501e-5
0.043, -4.550e-5
0.042, -4.452e-5
0.041, -4.452e-5
0.040, -4.491e-5
0.039, -4.501e-5
0.038, -4.443e-5
0.037, -4.491e-5
0.036, -4.364e-5
0.035, -4.403e-5
0.034, -4.452e-5
0.033, -4.443e-5
0.032, -4.413e-5
0.031, -4.394e-5
0.030, -4.462e-5
0.029, -4.335e-5
0.028, -4.423e-5
0.027, -4.423e-5
0.026, -4.482e-5
0.025, -4.413e-5
0.024, -4.364e-5
0.023, -4.403e-5
0.022, -4.355e-5
0.021, -4.384e-5
0.020, -4.384e-5
0.019, -4.413e-5
0.018, -4.296e-5
0.017, -4.316e-5
0.016, -4.345e-5
0.015, -4.374e-5
0.014, -4.316e-5
0.013, -4.306e-5
0.012, -4.296e-5
0.011, -4.267e-5
0.010, -4.277e-5
0.009, -4.277e-5
0.008, -4.286e-5
0.007, -4.296e-5
0.006, -4.277e-5
0.005, -4.218e-5
0.004, -4.257e-5
0.003, -4.267e-5
0.002, -4.189e-5
0.001, -4.218e-5
0.000, -3.661e-5
0.001, -2.675e-5
0.002, -2.460e-5
0.003, -2.294e-5
0.004, -2.177e-5
0.005, -2.099e-5
0.006, -1.933e-5
0.007, -1.884e-5
0.008, -1.845e-5
0.009, -1.738e-5
0.010, -1.679e-5
0.011, -1.679e-5
0.012, -1.582e-5
0.013, -1.621e-5
0.014, -1.513e-5
0.015, -1.494e-5
0.016, -1.455e-5
0.017, -1.465e-5
0.018, -1.455e-5
0.019, -1.347e-5
0.020, -1.299e-5
0.021, -1.299e-5
0.022, -1.201e-5
0.023, -1.250e-5
0.024, -1.211e-5
0.025, -1.201e-5
0.026, -1.123e-5
0.027, -1.123e-5
0.028, -1.035e-5
0.029, -1.064e-5
0.030, -9.959e-6
0.031, -9.764e-6
0.032, -1.045e-5
0.033, -9.666e-6
0.034, -9.666e-6
0.035, -8.787e-6
0.036, -8.787e-6
0.037, -9.764e-6
0.038, -9.178e-6
0.039, -8.885e-6
0.040, -8.299e-6
0.041, -7.909e-6
0.042, -8.592e-6
0.043, -7.518e-6
0.044, -7.909e-6
0.045, -8.006e-6
0.046, -7.518e-6
0.047, -6.737e-6
0.048, -7.616e-6
0.049, -7.323e-6
0.050, -7.030e-6
0.051, -7.518e-6
0.052, -6.932e-6
0.053, -6.932e-6
0.054, -6.639e-6
0.055, -6.542e-6
0.056, -6.444e-6
0.057, -5.761e-6
0.058, -6.542e-6
0.059, -6.444e-6
0.060, -6.054e-6
0.061, -5.956e-6
0.062, -5.858e-6
0.063, -5.761e-6
0.064, -5.663e-6
0.065, -5.663e-6
0.066, -6.249e-6
0.067, -5.468e-6
0.068, -5.468e-6
0.069, -5.761e-6
0.070, -5.761e-6
0.071, -5.663e-6
0.072, -4.882e-6
0.073, -4.198e-6
0.074, -4.784e-6
0.075, -4.101e-6
0.076, -4.198e-6
0.077, -4.394e-6
0.078, -4.101e-6
0.079, -4.101e-6
0.080, -4.198e-6
0.081, -4.198e-6
0.082, -4.296e-6
0.083, -4.003e-6
0.084, -3.906e-6
0.085, -3.320e-6
0.086, -3.124e-6
0.087, -3.710e-6
0.088, -3.906e-6
0.089, -2.929e-6
0.090, -2.734e-6
0.091, -3.515e-6
0.092, -2.929e-6
0.093, -3.417e-6
0.094, -3.124e-6
0.095, -2.929e-6
0.096, -2.734e-6
0.097, -2.539e-6
0.098, -2.539e-6
0.099, -2.832e-6
0.100, -2.343e-6
0.101, -2.441e-6
0.102, -2.148e-6
0.103, -2.050e-6
0.104, -2.929e-6
0.105, -2.441e-6
0.106, -2.343e-6
0.107, -1.855e-6
0.108, -2.050e-6
0.109, -2.246e-6
0.110, -2.539e-6
0.111, -1.855e-6
0.112, -1.855e-6
0.113, -2.246e-6
0.114, -1.757e-6
0.115, -1.953e-6
0.116, -1.367e-6
0.117, -2.050e-6
0.118, -1.465e-6
0.119, -1.172e-6
0.120, -1.562e-6
0.121, -9.764e-7
0.122, -1.269e-6
0.123, -8.787e-7
0.124, -2.929e-7
0.125, -4.882e-7
0.126, -3.906e-7
0.127, -5.858e-7
0.128, -3.906e-7
0.129, -3.906e-7
0.130, -3.906e-7
0.131, -4.882e-7
0.132, -5.858e-7
0.133, -6.835e-7
0.134, -9.764e-8
0.135, 1.953e-7
0.136, -3.906e-7
0.137, -4.283e-12
0.138, 9.763e-8
0.139, 4.882e-7
0.140, 6.835e-7
0.141, 1.269e-6
0.142, 9.764e-7
0.143, 5.858e-7
0.144, 7.811e-7
0.145, 3.905e-7
0.146, 5.858e-7
0.147, 7.811e-7
0.148, 1.367e-6
0.149, 1.269e-6
0.150, 9.764e-7
0.151, 1.855e-6
0.152, 8.787e-7
0.153, 9.764e-7
0.154, 1.367e-6
0.155, 1.465e-6
0.156, 8.787e-7
0.157, 9.764e-7
0.158, 1.074e-6
0.159, 2.050e-6
0.160, 1.757e-6
0.161, 1.953e-6
0.162, 2.343e-6
0.163, 2.929e-6
0.164, 2.636e-6
0.165, 2.734e-6
0.166, 2.343e-6
0.167, 2.246e-6
0.168, 1.855e-6
0.169, 1.953e-6
0.170, 2.636e-6
0.171, 2.831e-6
0.172, 2.539e-6
0.173, 2.636e-6
0.174, 2.929e-6
0.175, 3.320e-6
0.176, 3.710e-6
0.177, 3.320e-6
0.178, 3.710e-6
0.179, 4.003e-6
0.180, 3.710e-6
0.181, 3.710e-6
0.182, 2.441e-6
0.183, 3.710e-6
0.184, 4.101e-6
0.185, 3.710e-6
0.186, 3.613e-6
0.187, 4.198e-6
0.188, 4.296e-6
0.189, 4.394e-6
0.190, 4.003e-6
0.191, 4.101e-6
0.192, 3.906e-6
0.193, 4.198e-6
0.194, 3.710e-6
0.195, 4.003e-6
0.196, 4.882e-6
0.197, 5.077e-6
0.198, 4.784e-6
0.199, 5.272e-6
0.200, 5.370e-6
0.201, 5.858e-6
0.202, 5.370e-6
0.203, 4.784e-6
0.204, 5.370e-6
0.205, 4.784e-6
0.206, 5.370e-6
0.207, 4.980e-6
0.208, 6.346e-6
0.209, 5.761e-6
0.210, 5.272e-6
0.211, 6.835e-6
0.212, 6.249e-6
0.213, 6.932e-6
0.214, 7.030e-6
0.215, 6.737e-6
0.216, 6.932e-6
0.217, 7.030e-6
0.218, 6.932e-6
0.219, 5.956e-6
0.220, 6.932e-6
0.221, 7.128e-6
0.222, 7.713e-6
0.223, 8.104e-6
0.224, 8.397e-6
0.225, 8.690e-6
0.226, 8.397e-6
0.227, 7.811e-6
0.228, 8.006e-6
0.229, 9.276e-6
0.230, 9.080e-6
0.231, 8.202e-6
0.232, 8.787e-6
0.233, 9.080e-6
0.234, 8.983e-6
0.235, 1.025e-5
0.236, 1.006e-5
0.237, 9.471e-6
0.238, 1.015e-5
0.239, 1.054e-5
0.240, 1.025e-5
0.241, 1.054e-5
0.242, 1.103e-5
0.243, 1.054e-5
0.244, 1.191e-5
0.245, 1.152e-5
0.246, 1.240e-5
0.247, 1.260e-5
0.248, 1.289e-5
0.249, 1.299e-5
0.250, 1.269e-5
0.251, 1.347e-5
0.252, 1.367e-5
0.253, 1.338e-5
0.254, 1.308e-5
0.255, 1.386e-5
0.256, 1.386e-5
0.257, 1.406e-5
0.258, 1.435e-5
0.259, 1.504e-5
0.260, 1.504e-5
0.261, 1.533e-5
0.262, 1.582e-5
0.263, 1.611e-5
0.264, 1.611e-5
0.265, 1.640e-5
0.266, 1.689e-5
0.267, 1.660e-5
0.268, 1.738e-5
0.269, 1.689e-5
0.270, 1.728e-5
0.271, 1.797e-5
0.272, 1.855e-5
0.273, 1.884e-5
0.274, 1.875e-5
0.275, 1.884e-5
0.276, 2.021e-5
0.277, 1.963e-5
0.278, 1.982e-5
0.279, 1.982e-5
0.280, 2.070e-5
0.281, 2.070e-5
0.282, 2.148e-5
0.283, 2.148e-5
0.284, 2.138e-5
0.285, 2.148e-5
0.286, 2.207e-5
0.287, 2.197e-5
0.288, 2.265e-5
0.289, 2.334e-5
0.290, 2.343e-5
0.291, 2.392e-5
0.292, 2.402e-5
0.293, 2.451e-5
0.294, 2.402e-5
0.295, 2.441e-5
0.296, 2.578e-5
0.297, 2.636e-5
0.298, 2.568e-5
0.299, 2.539e-5
0.300, 2.666e-5
0.301, 2.656e-5
0.302, 2.724e-5
0.303, 2.656e-5
0.304, 2.685e-5
0.305, 2.831e-5
0.306, 2.831e-5
0.307, 2.958e-5
0.308, 3.027e-5
0.309, 2.958e-5
0.310, 2.958e-5
0.311, 3.017e-5
0.312, 3.037e-5
0.313, 3.056e-5
0.314, 3.076e-5
0.315, 3.203e-5
0.316, 3.134e-5
0.317, 3.232e-5
0.318, 3.300e-5
0.319, 3.310e-5
0.320, 3.242e-5
0.321, 3.339e-5
0.322, 3.408e-5
0.323, 3.398e-5
0.324, 3.408e-5
0.325, 3.456e-5
0.326, 3.544e-5
0.327, 3.554e-5
0.328, 3.554e-5
0.329, 3.652e-5
0.330, 3.710e-5
0.331, 3.720e-5
0.332, 3.720e-5
0.333, 3.720e-5
0.334, 3.749e-5
0.335, 3.798e-5
0.336, 3.788e-5
0.337, 3.847e-5
0.338, 3.906e-5
0.339, 3.925e-5
0.340, 3.935e-5
0.341, 4.013e-5
0.342, 4.081e-5
0.343, 4.101e-5
0.344, 4.130e-5
0.345, 4.130e-5
0.346, 4.111e-5
0.347, 4.286e-5
0.348, 4.316e-5
0.349, 4.257e-5
0.350, 4.433e-5
0.351, 4.433e-5
0.352, 4.530e-5
0.353, 4.413e-5
0.354, 4.530e-5
0.355, 4.521e-5
0.356, 4.638e-5
0.357, 4.677e-5
0.358, 4.696e-5
0.359, 4.755e-5
0.360, 4.823e-5
0.361, 4.814e-5
0.362, 4.794e-5
0.363, 4.940e-5
0.364, 5.028e-5
0.365, 4.989e-5
0.366, 5.038e-5
0.367, 5.058e-5
0.368, 5.136e-5
0.369, 5.263e-5
0.370, 5.224e-5
0.371, 5.272e-5
0.372, 5.351e-5
0.373, 5.399e-5
0.374, 5.468e-5
0.375, 5.546e-5
0.376, 5.595e-5
0.377, 5.722e-5
0.378, 5.683e-5
0.379, 5.819e-5
0.380, 5.839e-5
0.381, 5.888e-5
0.382, 5.956e-5
0.383, 5.995e-5
0.384, 6.239e-5
0.385, 6.259e-5
0.386, 6.278e-5
0.387, 6.337e-5
0.388, 6.532e-5
0.389, 6.542e-5
0.390, 6.737e-5
0.391, 6.747e-5
0.392, 6.932e-5
0.393, 7.030e-5
0.394, 7.186e-5
0.395, 7.391e-5
0.396, 7.450e-5
0.397, 7.450e-5
0.398, 7.704e-5
0.399, 7.821e-5
0.400, 8.026e-5
0.401, 8.260e-5
0.402, 8.475e-5
0.403, 8.768e-5
0.404, 9.061e-5
0.405, 9.481e-5
0.406, 9.715e-5
0.407, 1.019e-4
0.408, 1.074e-4
0.409, 1.120e-4
0.410, 1.093e-4
0.411, 1.250e-4
0.412, 1.368e-4
0.413, 1.484e-4
0.414, 1.638e-4
0.415, 1.827e-4
0.416, 2.053e-4
0.417, 2.339e-4
0.418, 2.660e-4
0.419, 3.062e-4
0.420, 3.536e-4
0.421, 4.113e-4
0.422, 4.795e-4
0.423, 5.605e-4
0.424, 6.557e-4
0.425, 7.626e-4
0.426, 8.831e-4
0.427, 1.020e-3
0.428, 1.175e-3
0.429, 1.343e-3
0.430, 1.525e-3
0.431, 1.709e-3
0.432, 1.893e-3
0.433, 2.071e-3
0.434, 2.248e-3
0.435, 2.428e-3
0.436, 2.605e-3
0.437, 2.773e-3
0.438, 2.937e-3
0.439, 3.088e-3
0.440, 3.227e-3
0.441, 3.357e-3
0.442, 3.469e-3
0.443, 3.564e-3
0.444, 3.638e-3
0.445, 3.686e-3
0.446, 3.709e-3
0.447, 3.710e-3
0.448, 3.682e-3
0.449, 3.627e-3
0.450, 3.546e-3
0.451, 3.438e-3
0.452, 3.304e-3
0.453, 3.154e-3
0.454, 2.986e-3
0.455, 2.805e-3
0.456, 2.620e-3
0.457, 2.432e-3
0.458, 2.250e-3
0.459, 2.079e-3
0.460, 1.917e-3
0.461, 1.767e-3
0.462, 1.633e-3
0.463, 1.511e-3
0.464, 1.403e-3
0.465, 1.305e-3
0.466, 1.222e-3
0.467, 1.148e-3
0.468, 1.079e-3
0.469, 1.018e-3
0.470, 9.647e-4
0.471, 9.164e-4
0.472, 8.738e-4
0.473, 8.340e-4
0.474, 7.944e-4
0.475, 7.643e-4
0.476, 7.348e-4
0.477, 7.071e-4
0.478, 6.819e-4
0.479, 6.578e-4
0.480, 6.364e-4
0.481, 6.171e-4
0.482, 5.956e-4
0.483, 5.770e-4
0.484, 5.613e-4
0.485, 5.448e-4
0.486, 5.300e-4
0.487, 5.180e-4
0.488, 5.020e-4
0.489, 4.906e-4
0.490, 4.776e-4
0.491, 4.666e-4
0.492, 4.547e-4
0.493, 4.447e-4
0.494, 4.364e-4
0.495, 4.256e-4
0.496, 4.179e-4
0.497, 4.085e-4
0.498, 4.008e-4
0.499, 3.927e-4
0.500, 3.841e-4
0.501, 3.784e-4
0.502, 3.728e-4
0.503, 3.659e-4
0.504, 3.584e-4
0.505, 3.535e-4
0.506, 3.472e-4
0.507, 3.414e-4
0.508, 3.363e-4
0.509, 3.300e-4
0.510, 3.249e-4
0.511, 3.205e-4
0.512, 3.197e-4
0.513, 3.148e-4
0.514, 3.087e-4
0.515, 3.040e-4
0.516, 2.989e-4
0.517, 2.950e-4
0.518, 2.916e-4
0.519, 2.874e-4
0.520, 2.831e-4
0.521, 2.808e-4
0.522, 2.766e-4
0.523, 2.738e-4
0.524, 2.709e-4
0.525, 2.652e-4
0.526, 2.635e-4
0.527, 2.605e-4
0.528, 2.577e-4
0.529, 2.553e-4
0.530, 2.524e-4
0.531, 2.503e-4
0.532, 2.466e-4
0.533, 2.439e-4
0.534, 2.421e-4
0.535, 2.387e-4
0.536, 2.372e-4
0.537, 2.358e-4
0.538, 2.326e-4
0.539, 2.300e-4
0.540, 2.282e-4
0.541, 2.261e-4
0.542, 2.248e-4
0.543, 2.236e-4
0.544, 2.202e-4
0.545, 2.187e-4
0.546, 2.171e-4
0.547, 2.154e-4
0.548, 2.132e-4
0.549, 2.108e-4
0.550, 2.108e-4
0.551, 2.082e-4
0.552, 2.075e-4
0.553, 2.071e-4
0.554, 2.046e-4
0.555, 2.046e-4
0.556, 2.035e-4
0.557, 2.020e-4
0.558, 2.018e-4
0.559, 2.005e-4
0.560, 1.997e-4
0.561, 1.991e-4
0.562, 1.985e-4
0.563, 1.980e-4
0.564, 1.979e-4
0.565, 1.961e-4
0.566, 1.976e-4
0.567, 1.967e-4
0.568, 1.956e-4
0.569, 1.959e-4
0.570, 1.959e-4
0.571, 1.967e-4
0.572, 1.968e-4
0.573, 1.964e-4
0.574, 1.976e-4
0.575, 1.984e-4
0.576, 1.973e-4
0.577, 2.000e-4
0.578, 1.997e-4
0.579, 2.012e-4
0.580, 2.030e-4
0.581, 2.043e-4
0.582, 2.066e-4
0.583, 2.076e-4
0.584, 2.094e-4
0.585, 2.102e-4
0.586, 2.133e-4
0.587, 2.159e-4
0.588, 2.197e-4
0.589, 2.221e-4
0.590, 2.243e-4
0.591, 2.267e-4
0.592, 2.318e-4
0.593, 2.354e-4
0.594, 2.383e-4
0.595, 2.432e-4
0.596, 2.481e-4
0.597, 2.518e-4
0.598, 2.572e-4
0.599, 2.629e-4
0.600, 2.677e-4
0.601, 2.747e-4
0.602, 2.799e-4
0.603, 2.870e-4
0.604, 2.943e-4
0.605, 3.017e-4
0.606, 3.082e-4
0.607, 3.170e-4
0.608, 3.251e-4
0.609, 3.352e-4
0.610, 3.443e-4
0.611, 3.547e-4
0.612, 3.666e-4
0.613, 3.778e-4
0.614, 3.880e-4
0.615, 3.995e-4
0.616, 4.140e-4
0.617, 4.292e-4
0.618, 4.432e-4
0.619, 4.585e-4
0.620, 4.751e-4
0.621, 4.924e-4
0.622, 5.084e-4
0.623, 5.286e-4
0.624, 5.483e-4
0.625, 5.687e-4
0.626, 5.899e-4
0.627, 6.113e-4
0.628, 6.345e-4
0.629, 6.583e-4
0.630, 6.841e-4
0.631, 7.099e-4
0.632, 7.376e-4
0.633, 7.649e-4
0.634, 7.944e-4
0.635, 8.247e-4
0.636, 8.577e-4
0.637, 8.913e-4
0.638, 9.257e-4
0.639, 9.605e-4
0.640, 9.987e-4
0.641, 1.037e-3
0.642, 1.078e-3
0.643, 1.121e-3
0.644, 1.163e-3
0.645, 1.207e-3
0.646, 1.252e-3
0.647, 1.299e-3
0.648, 1.349e-3
0.649, 1.401e-3
0.650, 1.453e-3
0.651, 1.508e-3
0.652, 1.565e-3
0.653, 1.623e-3
0.654, 1.682e-3
0.655, 1.742e-3
0.656, 1.805e-3
0.657, 1.872e-3
0.658, 1.939e-3
0.659, 2.007e-3
0.660, 2.079e-3
0.661, 2.151e-3
0.662, 2.223e-3
0.663, 2.300e-3
0.664, 2.385e-3
0.665, 2.461e-3
0.666, 2.542e-3
0.667, 2.629e-3
0.668, 2.714e-3
0.669, 2.802e-3
0.670, 2.895e-3
0.671, 2.986e-3
0.672, 3.082e-3
0.673, 3.178e-3
0.674, 3.274e-3
0.675, 3.376e-3
0.676, 3.478e-3
0.677, 3.584e-3
0.678, 3.689e-3
0.679, 3.795e-3
0.680, 3.907e-3
0.681, 4.022e-3
0.682, 4.134e-3
0.683, 4.251e-3
0.684, 4.372e-3
0.685, 4.492e-3
0.686, 4.613e-3
0.687, 4.734e-3
0.688, 4.860e-3
0.689, 4.988e-3
0.690, 5.116e-3
0.691, 5.249e-3
0.692, 5.386e-3
0.693, 5.521e-3
0.694, 5.656e-3
0.695, 5.795e-3
0.696, 5.933e-3
0.697, 6.078e-3
0.698, 6.220e-3
0.699, 6.368e-3
0.700, 6.518e-3
0.701, 6.666e-3
0.702, 6.818e-3
0.703, 6.975e-3
0.704, 7.126e-3
0.705, 7.286e-3
0.706, 7.445e-3
0.707, 7.606e-3
0.708, 7.771e-3
0.709, 7.935e-3
0.710, 8.102e-3
0.711, 8.272e-3
0.712, 8.441e-3
0.713, 8.612e-3
0.714, 8.782e-3
0.715, 8.964e-3
0.716, 9.140e-3
0.717, 9.323e-3
0.718, 9.502e-3
0.719, 9.682e-3
0.720, 9.864e-3
0.721, 1.004e-2
0.722, 1.022e-2
0.723, 1.041e-2
0.724, 1.060e-2
0.725, 1.079e-2
0.726, 1.098e-2
0.727, 1.118e-2
0.728, 1.137e-2
0.729, 1.156e-2
0.730, 1.175e-2
0.731, 1.195e-2
0.732, 1.215e-2
0.733, 1.235e-2
0.734, 1.255e-2
0.735, 1.275e-2
0.736, 1.295e-2
0.737, 1.316e-2
0.738, 1.337e-2
0.739, 1.358e-2
0.740, 1.379e-2
0.741, 1.400e-2
0.742, 1.421e-2
0.743, 1.442e-2
0.744, 1.464e-2
0.745, 1.485e-2
0.746, 1.507e-2
0.747, 1.529e-2
0.748, 1.550e-2
0.749, 1.573e-2
0.750, 1.595e-2
0.751, 1.618e-2
0.752, 1.640e-2
0.753, 1.663e-2
0.754, 1.685e-2
0.755, 1.708e-2
0.756, 1.730e-2
0.757, 1.752e-2
0.758, 1.776e-2
0.759, 1.798e-2
0.760, 1.823e-2
0.761, 1.848e-2
0.762, 1.871e-2
0.763, 1.895e-2
0.764, 1.919e-2
0.765, 1.943e-2
0.766, 1.966e-2
0.767, 1.989e-2
0.768, 2.013e-2
0.769, 2.037e-2
0.770, 2.061e-2
0.771, 2.084e-2
0.772, 2.108e-2
0.773, 2.133e-2
0.774, 2.157e-2
0.775, 2.180e-2
0.776, 2.205e-2
0.777, 2.229e-2
0.778, 2.255e-2
0.779, 2.280e-2
0.780, 2.308e-2
0.781, 2.333e-2
0.782, 2.359e-2
0.783, 2.383e-2
0.784, 2.409e-2
0.785, 2.434e-2
0.786, 2.460e-2
0.787, 2.485e-2
0.788, 2.510e-2
0.789, 2.535e-2
0.790, 2.560e-2
0.791, 2.586e-2
0.792, 2.612e-2
0.793, 2.637e-2
0.794, 2.664e-2
0.795, 2.690e-2
0.796, 2.716e-2
0.797, 2.742e-2
0.798, 2.770e-2
0.799, 2.796e-2
0.800, 2.813e-2
0.799, 2.793e-2
0.798, 2.764e-2
0.797, 2.734e-2
0.796, 2.704e-2
0.795, 2.675e-2
0.794, 2.650e-2
0.793, 2.623e-2
0.792, 2.596e-2
0.791, 2.569e-2
0.790, 2.542e-2
0.789, 2.515e-2
0.788, 2.486e-2
0.787, 2.458e-2
0.786, 2.432e-2
0.785, 2.406e-2
0.784, 2.379e-2
0.783, 2.353e-2
0.782, 2.326e-2
0.781, 2.300e-2
0.780, 2.273e-2
0.779, 2.247e-2
0.778, 2.221e-2
0.777, 2.195e-2
0.776, 2.169e-2
0.775, 2.144e-2
0.774, 2.118e-2
0.773, 2.093e-2
0.772, 2.068e-2
0.771, 2.042e-2
0.770, 2.018e-2
0.769, 1.992e-2
0.768, 1.968e-2
0.767, 1.943e-2
0.766, 1.918e-2
0.765, 1.894e-2
0.764, 1.869e-2
0.763, 1.845e-2
0.762, 1.821e-2
0.761, 1.797e-2
0.760, 1.772e-2
0.759, 1.749e-2
0.758, 1.727e-2
0.757, 1.705e-2
0.756, 1.681e-2
0.755, 1.658e-2
0.754, 1.635e-2
0.753, 1.612e-2
0.752, 1.589e-2
0.751, 1.566e-2
0.750, 1.543e-2
0.749, 1.520e-2
0.748, 1.497e-2
0.747, 1.475e-2
0.746, 1.454e-2
0.745, 1.432e-2
0.744, 1.412e-2
0.743, 1.390e-2
0.742, 1.368e-2
0.741, 1.347e-2
0.740, 1.327e-2
0.739, 1.306e-2
0.738, 1.285e-2
0.737, 1.264e-2
0.736, 1.244e-2
0.735, 1.224e-2
0.734, 1.204e-2
0.733, 1.184e-2
0.732, 1.164e-2
0.731, 1.145e-2
0.730, 1.125e-2
0.729, 1.106e-2
0.728, 1.086e-2
0.727, 1.067e-2
0.726, 1.048e-2
0.725, 1.029e-2
0.724, 1.011e-2
0.723, 9.917e-3
0.722, 9.735e-3
0.721, 9.557e-3
0.720, 9.378e-3
0.719, 9.199e-3
0.718, 9.026e-3
0.717, 8.849e-3
0.716, 8.677e-3
0.715, 8.506e-3
0.714, 8.331e-3
0.713, 8.159e-3
0.712, 7.994e-3
0.711, 7.827e-3
0.710, 7.660e-3
0.709, 7.505e-3
0.708, 7.350e-3
0.707, 7.195e-3
0.706, 7.042e-3
0.705, 6.885e-3
0.704, 6.732e-3
0.703, 6.582e-3
0.702, 6.431e-3
0.701, 6.282e-3
0.700, 6.138e-3
0.699, 5.999e-3
0.698, 5.856e-3
0.697, 5.716e-3
0.696, 5.577e-3
0.695, 5.441e-3
0.694, 5.305e-3
0.693, 5.169e-3
0.692, 5.041e-3
0.691, 4.915e-3
0.690, 4.788e-3
0.689, 4.663e-3
0.688, 4.542e-3
0.687, 4.418e-3
0.686, 4.296e-3
0.685, 4.177e-3
0.684, 4.060e-3
0.683, 3.945e-3
0.682, 3.829e-3
0.681, 3.718e-3
0.680, 3.612e-3
0.679, 3.505e-3
0.678, 3.401e-3
0.677, 3.297e-3
0.676, 3.196e-3
0.675, 3.098e-3
0.674, 2.998e-3
0.673, 2.903e-3
0.672, 2.809e-3
0.671, 2.718e-3
0.670, 2.626e-3
0.669, 2.535e-3
0.668, 2.451e-3
0.667, 2.371e-3
0.666, 2.286e-3
0.665, 2.206e-3
0.664, 2.128e-3
0.663, 2.052e-3
0.662, 1.977e-3
0.661, 1.906e-3
0.660, 1.834e-3
0.659, 1.763e-3
0.658, 1.696e-3
0.657, 1.632e-3
0.656, 1.567e-3
0.655, 1.504e-3
0.654, 1.444e-3
0.653, 1.387e-3
0.652, 1.329e-3
0.651, 1.274e-3
0.650, 1.222e-3
0.649, 1.169e-3
0.648, 1.119e-3
0.647, 1.070e-3
0.646, 1.022e-3
0.645, 9.753e-4
0.644, 9.312e-4
0.643, 8.900e-4
0.642, 8.478e-4
0.641, 8.063e-4
0.640, 7.675e-4
0.639, 7.314e-4
0.638, 6.949e-4
0.637, 6.608e-4
0.636, 6.278e-4
0.635, 5.957e-4
0.634, 5.627e-4
0.633, 5.323e-4
0.632, 5.045e-4
0.631, 4.759e-4
0.630, 4.497e-4
0.629, 4.237e-4
0.628, 3.997e-4
0.627, 3.768e-4
0.626, 3.539e-4
0.625, 3.323e-4
0.624, 3.125e-4
0.623, 2.941e-4
0.622, 2.754e-4
0.621, 2.577e-4
0.620, 2.408e-4
0.619, 2.238e-4
0.618, 2.068e-4
0.617, 1.912e-4
0.616, 1.773e-4
0.615, 1.640e-4
0.614, 1.517e-4
0.613, 1.375e-4
0.612, 1.244e-4
0.611, 1.134e-4
0.610, 1.010e-4
0.609, 8.992e-5
0.608, 8.065e-5
0.607, 7.059e-5
0.606, 6.161e-5
0.605, 5.282e-5
0.604, 4.286e-5
0.603, 3.534e-5
0.602, 2.861e-5
0.601, 2.050e-5
0.600, 1.396e-5
0.599, 6.639e-6
0.598, 2.929e-7
0.597, -5.468e-6
0.596, -1.133e-5
0.595, -1.601e-5
0.594, -2.177e-5
0.593, -2.695e-5
0.592, -3.144e-5
0.591, -3.622e-5
0.590, -4.003e-5
0.589, -4.433e-5
0.588, -4.911e-5
0.587, -5.204e-5
0.586, -5.565e-5
0.585, -5.936e-5
0.584, -6.259e-5
0.583, -6.600e-5
0.582, -6.903e-5
0.581, -7.157e-5
0.580, -7.420e-5
0.579, -7.713e-5
0.578, -8.006e-5
0.577, -8.309e-5
0.576, -8.319e-5
0.575, -8.709e-5
0.574, -8.963e-5
0.573, -9.119e-5
0.572, -9.432e-5
0.571, -9.637e-5
0.570, -9.764e-5
0.569, -9.949e-5
0.568, -1.013e-4
0.567, -1.037e-4
0.566, -1.052e-4
0.565, -1.068e-4
0.564, -1.074e-4
0.563, -1.104e-4
0.562, -1.116e-4
0.561, -1.136e-4
0.560, -1.144e-4
0.559, -1.175e-4
0.558, -1.185e-4
0.557, -1.197e-4
0.556, -1.212e-4
0.555, -1.221e-4
0.554, -1.236e-4
0.553, -1.246e-4
0.552, -1.261e-4
0.551, -1.275e-4
0.550, -1.280e-4
0.549, -1.309e-4
0.548, -1.320e-4
0.547, -1.322e-4
0.546, -1.334e-4
0.545, -1.354e-4
0.544, -1.361e-4
0.543, -1.378e-4
0.542, -1.390e-4
0.541, -1.401e-4
0.540, -1.418e-4
0.539, -1.428e-4
0.538, -1.450e-4
0.537, -1.456e-4
0.536, -1.458e-4
0.535, -1.485e-4
0.534, -1.489e-4
0.533, -1.511e-4
0.532, -1.509e-4
0.531, -1.520e-4
0.530, -1.535e-4
0.529, -1.543e-4
0.528, -1.557e-4
0.527, -1.569e-4
0.526, -1.577e-4
0.525, -1.578e-4
0.524, -1.615e-4
0.523, -1.623e-4
0.522, -1.633e-4
0.521, -1.639e-4
0.520, -1.650e-4
0.519, -1.663e-4
0.518, -1.672e-4
0.517, -1.682e-4
0.516, -1.704e-4
0.515, -1.702e-4
0.514, -1.721e-4
0.513, -1.730e-4
0.512, -1.790e-4
0.511, -1.779e-4
0.510, -1.764e-4
0.509, -1.782e-4
0.508, -1.798e-4
0.507, -1.806e-4
0.506, -1.822e-4
0.505, -1.825e-4
0.504, -1.848e-4
0.503, -1.855e-4
0.502, -1.861e-4
0.501, -1.881e-4
0.500, -1.898e-4
0.499, -1.883e-4
0.498, -1.915e-4
0.497, -1.921e-4
0.496, -1.940e-4
0.495, -1.956e-4
0.494, -1.951e-4
0.493, -1.981e-4
0.492, -1.990e-4
0.491, -1.998e-4
0.490, -2.017e-4
0.489, -2.020e-4
0.488, -2.039e-4
0.487, -2.066e-4
0.486, -2.087e-4
0.485, -2.082e-4
0.484, -2.105e-4
0.483, -2.115e-4
0.482, -2.131e-4
0.481, -2.155e-4
0.480, -2.160e-4
0.479, -2.192e-4
0.478, -2.205e-4
0.477, -2.216e-4
0.476, -2.238e-4
0.475, -2.263e-4
0.474, -2.278e-4
0.473, -2.298e-4
0.472, -2.320e-4
0.471, -2.335e-4
0.470, -2.366e-4
0.469, -2.390e-4
0.468, -2.429e-4
0.467, -2.456e-4
0.466, -2.477e-4
0.465, -2.510e-4
0.464, -2.527e-4
0.463, -2.563e-4
0.462, -2.602e-4
0.461, -2.629e-4
0.460, -2.659e-4
0.459, -2.697e-4
0.458, -2.738e-4
0.457, -2.781e-4
0.456, -2.814e-4
0.455, -2.864e-4
0.454, -2.911e-4
0.453, -2.961e-4
0.452, -3.017e-4
0.451, -3.056e-4
0.450, -3.108e-4
0.449, -3.166e-4
0.448, -3.207e-4
0.447, -3.284e-4
0.446, -3.341e-4
0.445, -3.410e-4
0.444, -3.505e-4
0.443, -3.570e-4
0.442, -3.641e-4
0.441, -3.712e-4
0.440, -3.805e-4
0.439, -3.898e-4
0.438, -3.964e-4
0.437, -4.062e-4
0.436, -4.152e-4
0.435, -4.260e-4
0.434, -4.348e-4
0.433, -4.424e-4
0.432, -4.519e-4
0.431, -4.626e-4
0.430, -4.720e-4
0.429, -4.840e-4
0.428, -4.955e-4
0.427, -5.071e-4
0.426, -5.193e-4
0.425, -5.313e-4
0.424, -5.441e-4
0.423, -5.574e-4
0.422, -5.693e-4
0.421, -5.861e-4
0.420, -6.032e-4
0.419, -6.201e-4
0.418, -6.372e-4
0.417, -6.554e-4
0.416, -6.738e-4
0.415, -6.933e-4
0.414, -7.116e-4
0.413, -7.319e-4
0.412, -7.544e-4
0.411, -7.781e-4
0.410, -7.883e-4
0.409, -7.879e-4
0.408, -8.274e-4
0.407, -8.622e-4
0.406, -8.942e-4
0.405, -9.279e-4
0.404, -9.601e-4
0.403, -9.962e-4
0.402, -1.033e-3
0.401, -1.071e-3
0.400, -1.111e-3
0.399, -1.154e-3
0.398, -1.194e-3
0.397, -1.237e-3
0.396, -1.282e-3
0.395, -1.333e-3
0.394, -1.386e-3
0.393, -1.440e-3
0.392, -1.497e-3
0.391, -1.556e-3
0.390, -1.617e-3
0.389, -1.682e-3
0.388, -1.744e-3
0.387, -1.809e-3
0.386, -1.875e-3
0.385, -1.944e-3
0.384, -2.015e-3
0.383, -2.088e-3
0.382, -2.160e-3
0.381, -2.228e-3
0.380, -2.297e-3
0.379, -2.362e-3
0.378, -2.429e-3
0.377, -2.488e-3
0.376, -2.542e-3
0.375, -2.595e-3
0.374, -2.642e-3
0.373, -2.684e-3
0.372, -2.715e-3
0.371, -2.734e-3
0.370, -2.749e-3
0.369, -2.753e-3
0.368, -2.745e-3
0.367, -2.725e-3
0.366, -2.684e-3
0.365, -2.626e-3
0.364, -2.546e-3
0.363, -2.449e-3
0.362, -2.328e-3
0.361, -2.185e-3
0.360, -2.022e-3
0.359, -1.849e-3
0.358, -1.669e-3
0.357, -1.485e-3
0.356, -1.305e-3
0.355, -1.144e-3
0.354, -1.002e-3
0.353, -8.818e-4
0.352, -7.804e-4
0.351, -7.006e-4
0.350, -6.357e-4
0.349, -5.779e-4
0.348, -5.315e-4
0.347, -4.944e-4
0.346, -4.625e-4
0.345, -4.348e-4
0.344, -4.111e-4
0.343, -3.911e-4
0.342, -3.727e-4
0.341, -3.565e-4
0.340, -3.415e-4
0.339, -3.279e-4
0.338, -3.163e-4
0.337, -3.068e-4
0.336, -2.960e-4
0.335, -2.873e-4
0.334, -2.792e-4
0.333, -2.718e-4
0.332, -2.650e-4
0.331, -2.572e-4
0.330, -2.508e-4
0.329, -2.448e-4
0.328, -2.394e-4
0.327, -2.345e-4
0.326, -2.298e-4
0.325, -2.251e-4
0.324, -2.211e-4
0.323, -2.161e-4
0.322, -2.123e-4
0.321, -2.086e-4
0.320, -2.040e-4
0.319, -2.002e-4
0.318, -1.977e-4
0.317, -1.947e-4
0.316, -1.914e-4
0.315, -1.882e-4
0.314, -1.852e-4
0.313, -1.830e-4
0.312, -1.788e-4
0.311, -1.764e-4
0.310, -1.740e-4
0.309, -1.713e-4
0.308, -1.692e-4
0.307, -1.679e-4
0.306, -1.647e-4
0.305, -1.626e-4
0.304, -1.595e-4
0.303, -1.578e-4
0.302, -1.551e-4
0.301, -1.535e-4
0.300, -1.510e-4
0.299, -1.485e-4
0.298, -1.465e-4
0.297, -1.445e-4
0.296, -1.427e-4
0.295, -1.404e-4
0.294, -1.385e-4
0.293, -1.366e-4
0.292, -1.354e-4
0.291, -1.343e-4
0.290, -1.314e-4
0.289, -1.302e-4
0.288, -1.293e-4
0.287, -1.271e-4
0.286, -1.255e-4
0.285, -1.238e-4
0.284, -1.223e-4
0.283, -1.208e-4
0.282, -1.194e-4
0.281, -1.187e-4
0.280, -1.165e-4
0.279, -1.143e-4
0.278, -1.127e-4
0.277, -1.116e-4
0.276, -1.105e-4
0.275, -1.092e-4
0.274, -1.079e-4
0.273, -1.068e-4
0.272, -1.058e-4
0.271, -1.044e-4
0.270, -1.033e-4
0.269, -1.017e-4
0.268, -1.008e-4
0.267, -9.969e-5
0.266, -9.842e-5
0.265, -9.803e-5
0.264, -9.647e-5
0.263, -9.539e-5
0.262, -9.490e-5
0.261, -9.451e-5
0.260, -9.295e-5
0.259, -9.158e-5
0.258, -9.158e-5
0.257, -9.022e-5
0.256, -8.944e-5
0.255, -8.768e-5
0.254, -8.748e-5
0.253, -8.592e-5
0.252, -8.592e-5
0.251, -8.573e-5
0.250, -8.455e-5
0.249, -8.407e-5
0.248, -8.319e-5
0.247, -8.182e-5
0.246, -8.114e-5
0.245, -8.055e-5
0.244, -8.045e-5
0.243, -7.879e-5
0.242, -7.850e-5
0.241, -7.870e-5
0.240, -7.762e-5
0.239, -7.704e-5
0.238, -7.713e-5
0.237, -7.665e-5
0.236, -7.547e-5
0.235, -7.518e-5
0.234, -7.411e-5
0.233, -7.430e-5
0.232, -7.333e-5
0.231, -7.167e-5
0.230, -7.206e-5
0.229, -7.167e-5
0.228, -7.079e-5
0.227, -7.001e-5
0.226, -7.020e-5
0.225, -7.010e-5
0.224, -6.913e-5
0.223, -6.854e-5
0.222, -6.825e-5
0.221, -6.766e-5
0.220, -6.688e-5
0.219, -6.639e-5
0.218, -6.600e-5
0.217, -6.620e-5
0.216, -6.639e-5
0.215, -6.630e-5
0.214, -6.581e-5
0.213, -6.444e-5
0.212, -6.386e-5
0.211, -6.317e-5
0.210, -6.376e-5
0.209, -6.346e-5
0.208, -6.259e-5
0.207, -6.190e-5
0.206, -6.249e-5
0.205, -6.200e-5
0.204, -6.102e-5
0.203, -6.102e-5
0.202, -6.122e-5
0.201, -6.093e-5
0.200, -5.975e-5
0.199, -6.102e-5
0.198, -6.024e-5
0.197, -6.005e-5
0.196, -5.956e-5
0.195, -5.927e-5
0.194, -5.946e-5
0.193, -5.829e-5
0.192, -5.849e-5
0.191, -5.839e-5
0.190, -5.839e-5
0.189, -5.809e-5
0.188, -5.800e-5
0.187, -5.790e-5
0.186, -5.731e-5
0.185, -5.751e-5
0.184, -5.653e-5
0.183, -5.712e-5
0.182, -5.692e-5
0.181, -5.595e-5
0.180, -5.604e-5
0.179, -5.634e-5
0.178, -5.595e-5
0.177, -5.604e-5
0.176, -5.614e-5
0.175, -5.526e-5
0.174, -5.546e-5
0.173, -5.497e-5
0.172, -5.477e-5
0.171, -5.390e-5
0.170, -5.419e-5
0.169, -5.487e-5
0.168, -5.468e-5
0.167, -5.429e-5
0.166, -5.419e-5
0.165, -5.370e-5
0.164, -5.311e-5
0.163, -5.370e-5
0.162, -5.390e-5
0.161, -5.370e-5
0.160, -5.272e-5
0.159, -5.331e-5
0.158, -5.380e-5
0.157, -5.341e-5
0.156, -5.282e-5
0.155, -5.282e-5
0.154, -5.292e-5
0.153, -5.214e-5
0.152, -5.175e-5
0.151, -5.302e-5
0.150, -5.204e-5
0.149, -5.214e-5
0.148, -5.253e-5
0.147, -5.253e-5
0.146, -5.165e-5
0.145, -5.136e-5
0.144, -5.204e-5
0.143, -5.097e-5
0.142, -5.204e-5
0.141, -5.146e-5
0.140, -5.106e-5
0.139, -5.058e-5
0.138, -5.087e-5
0.137, -5.067e-5
0.136, -5.058e-5
0.135, -5.058e-5
0.134, -5.077e-5
0.133, -5.058e-5
0.132, -5.028e-5
0.131, -5.038e-5
0.130, -5.028e-5
0.129, -5.009e-5
0.128, -5.009e-5
0.127, -5.058e-5
0.126, -5.009e-5
0.125, -4.999e-5
0.124, -4.980e-5
0.123, -4.989e-5
0.122, -4.999e-5
0.121, -5.038e-5
0.120, -4.980e-5
0.119, -4.921e-5
0.118, -4.940e-5
0.117, -4.892e-5
0.116, -4.901e-5
0.115, -4.911e-5
0.114, -4.980e-5
0.113, -4.882e-5
0.112, -4.940e-5
0.111, -4.950e-5
0.110, -4.911e-5
0.109, -4.911e-5
0.108, -4.872e-5
0.107, -4.872e-5
0.106, -4.892e-5
0.105, -4.872e-5
0.104, -4.853e-5
0.103, -4.833e-5
0.102, -4.872e-5
0.101, -4.823e-5
0.100, -4.862e-5
0.099, -4.862e-5
0.098, -4.872e-5
0.097, -4.882e-5
0.096, -4.794e-5
0.095, -4.774e-5
0.094, -4.804e-5
0.093, -4.814e-5
0.092, -4.745e-5
0.091, -4.814e-5
0.090, -4.794e-5
0.089, -4.774e-5
0.088, -4.765e-5
0.087, -4.726e-5
0.086, -4.765e-5
0.085, -4.726e-5
0.084, -4.667e-5
0.083, -4.657e-5
0.082, -4.706e-5
0.081, -4.667e-5
0.080, -4.667e-5
0.079, -4.667e-5
0.078, -4.618e-5
0.077, -4.687e-5
0.076, -4.706e-5
0.075, -4.716e-5
0.074, -4.560e-5
0.073, -4.706e-5
0.072, -4.667e-5
0.071, -4.618e-5
0.070, -4.599e-5
0.069, -4.599e-5
0.068, -4.609e-5
0.067, -4.589e-5
0.066, -4.569e-5
0.065, -4.618e-5
0.064, -4.687e-5
0.063, -4.706e-5
0.062, -4.599e-5
0.061, -4.638e-5
0.060, -4.609e-5
0.059, -4.550e-5
0.058, -4.550e-5
0.057, -4.648e-5
0.056, -4.589e-5
0.055, -4.579e-5
0.054, -4.540e-5
0.053, -4.569e-5
0.052, -4.521e-5
0.051, -4.560e-5
0.050, -4.579e-5
0.049, -4.521e-5
0.048, -4.511e-5
0.047, -4.550e-5
0.046, -4.433e-5
0.045, -4.491e-5
0.044, -4.374e-5
0.043, -4.433e-5
0.042, -4.491e-5
0.041, -4.482e-5
0.040, -4.413e-5
0.039, -4.394e-5
0.038, -4.462e-5
0.037, -4.384e-5
0.036, -4.491e-5
0.035, -4.443e-5
0.034, -4.433e-5
0.033, -4.403e-5
0.032, -4.413e-5
0.031, -4.423e-5
0.030, -4.413e-5
0.029, -4.491e-5
0.028, -4.482e-5
0.027, -4.286e-5
0.026, -4.384e-5
0.025, -4.335e-5
0.024, -4.374e-5
0.023, -4.335e-5
0.022, -4.413e-5
0.021, -4.267e-5
0.020, -4.384e-5
0.019, -4.394e-5
0.018, -4.277e-5
0.017, -4.364e-5
0.016, -4.296e-5
0.015, -4.374e-5
0.014, -4.403e-5
0.013, -4.267e-5
0.012, -4.286e-5
0.011, -4.286e-5
0.010, -4.267e-5
0.009, -4.325e-5
0.008, -4.257e-5
0.007, -4.267e-5
0.006, -4.296e-5
0.005, -4.296e-5
0.004, -4.345e-5
0.003, -4.296e-5
0.002, -4.257e-5
