unused,R2 threshold,width V,slope mV per decade,i0 A,residual A per V,start V,Tafel R2,LSV R2,reported end V
0.000000000000000000e+00,9.000000000000000222e-01,1.000000000000000021e-02,4.243409899677060082e+01,6.265266593689582507e-08,9.786083750731695776e-05,5.000000000000004441e-02,9.274103530408051022e-01,9.467603338807567548e-01,6.000000000000004635e-02
0.000000000000000000e+00,9.000000000000000222e-01,1.099999999999999936e-02,4.379008646649742786e+01,7.039699826821017465e-08,9.238050358522850985e-05,4.899999999999993250e-02,9.095818029788766967e-01,9.247428287530585767e-01,5.999999999999992839e-02
0.000000000000000000e+00,9.000000000000000222e-01,1.199999999999999852e-02,4.294504942854227636e+01,6.650335540780844681e-08,8.386014154390734584e-05,4.700000000000015277e-02,9.017800337379736630e-01,9.012855828461974195e-01,5.900000000000014955e-02
0.000000000000000000e+00,9.000000000000000222e-01,1.299999999999999767e-02,4.341147843284966967e+01,6.863103459679481611e-08,8.452052246990452279e-05,4.700000000000015277e-02,9.096208768294135050e-01,9.125751177780351275e-01,6.000000000000015044e-02
0.000000000000000000e+00,9.000000000000000222e-01,1.399999999999999682e-02,4.377865054004163881e+01,7.033094267552378145e-08,8.562643599259055129e-05,4.700000000000015277e-02,9.171015211070295825e-01,9.222374471284486841e-01,6.100000000000015132e-02
0.000000000000000000e+00,9.000000000000000222e-01,1.499999999999999598e-02,4.375766435382702468e+01,7.023284404983888348e-08,8.834390854415310980e-05,4.700000000000015277e-02,9.253847970764845776e-01,9.274219074675470464e-01,6.200000000000015221e-02
0.000000000000000000e+00,9.000000000000000222e-01,1.599999999999999339e-02,4.421681287595983889e+01,7.240196908271703766e-08,8.918050978642849441e-05,4.700000000000015277e-02,9.304319614122213977e-01,9.348997011110539157e-01,6.300000000000013922e-02
0.000000000000000000e+00,9.000000000000000222e-01,1.699999999999999428e-02,4.462131790723262270e+01,7.434152082752570975e-08,9.028911149300826889e-05,4.700000000000015277e-02,9.352063693011127832e-01,9.411396808437699768e-01,6.400000000000014011e-02
0.000000000000000000e+00,9.000000000000000222e-01,1.799999999999999517e-02,4.474586607125399240e+01,7.494548726589295303e-08,9.264021887901501776e-05,4.700000000000015277e-02,9.407333547242746619e-01,9.438619892803877809e-01,6.500000000000014100e-02
0.000000000000000000e+00,9.000000000000000222e-01,1.899999999999999259e-02,4.468848388509135816e+01,7.466539276614947312e-08,9.591025544588897779e-05,4.700000000000015277e-02,9.461062553662291652e-01,9.425876130295847144e-01,6.600000000000014189e-02
0.000000000000000000e+00,9.000000000000000222e-01,1.999999999999999001e-02,4.127046461471082495e+01,5.622223970781011106e-08,9.393110988303728602e-05,4.600000000000004086e-02,9.034364661985433420e-01,9.491246808600773965e-01,6.600000000000003086e-02
0.000000000000000000e+00,9.000000000000000222e-01,2.099999999999999090e-02,4.141935556586550149e+01,5.685724682267794738e-08,9.693409790723023299e-05,4.600000000000004086e-02,9.107464565826082215e-01,9.477593387295838445e-01,6.700000000000003175e-02
0.000000000000000000e+00,9.000000000000000222e-01,2.199999999999999178e-02,3.969388519964445550e+01,4.857246474656842289e-08,9.369600057933465435e-05,4.499999999999992895e-02,9.054041552678536720e-01,9.527474815880400127e-01,6.699999999999992073e-02
0.000000000000000000e+00,9.000000000000000222e-01,2.299999999999998920e-02,3.991345499176578926e+01,4.943775590865072333e-08,9.654339425463020455e-05,4.499999999999992895e-02,9.118817915351734582e-01,9.510615297878041163e-01,6.799999999999992162e-02
0.000000000000000000e+00,9.000000000000000222e-01,2.399999999999998662e-02,3.805217425700475076e+01,4.121130635443997973e-08,9.344838511712473127e-05,4.400000000000003908e-02,9.047975270503254563e-01,9.559621689989556970e-01,6.800000000000003264e-02
0.000000000000000000e+00,9.000000000000000222e-01,2.499999999999998751e-02,3.833337493113831584e+01,4.222357185645558032e-08,9.615610031738370525e-05,4.400000000000003908e-02,9.105723255903321878e-01,9.540159697961912988e-01,6.900000000000003353e-02
0.000000000000000000e+00,9.000000000000000222e-01,2.599999999999998840e-02,3.869783998885829135e+01,4.355801332588355135e-08,9.831175170351154455e-05,4.400000000000003908e-02,9.151302586672942496e-01,9.545484988366793599e-01,7.000000000000003442e-02
0.000000000000000000e+00,9.000000000000000222e-01,2.699999999999998929e-02,3.949466040803510936e+01,4.654965785508325074e-08,9.784170340705702115e-05,4.400000000000003908e-02,9.144346059338325228e-01,9.576662645159202958e-01,7.100000000000003531e-02
0.000000000000000000e+00,9.000000000000000222e-01,2.799999999999998324e-02,4.018394082109128362e+01,4.921453347883470086e-08,9.801605184194923600e-05,4.400000000000003908e-02,9.151033655535296685e-01,9.610034336607328198e-01,7.200000000000002232e-02
0.000000000000000000e+00,9.000000000000000222e-01,2.899999999999998412e-02,4.057518009444456197e+01,5.076107864708228233e-08,9.999857400661731673e-05,4.400000000000003908e-02,9.187380314000287429e-01,9.608099391623353691e-01,7.300000000000002320e-02
0.000000000000000000e+00,9.000000000000000222e-01,2.999999999999998501e-02,4.097718504981480692e+01,5.237829780728132008e-08,1.018910955352184664e-04,4.400000000000003908e-02,9.219515166768549319e-01,9.609002002432482925e-01,7.400000000000002409e-02
0.000000000000000000e+00,9.000000000000000222e-01,3.099999999999998590e-02,3.532670614567870615e+01,3.015704108494724665e-08,9.308558062552624952e-05,4.100000000000014744e-02,9.007605618724138230e-01,9.548548386321495940e-01,7.200000000000013334e-02
0.000000000000000000e+00,9.000000000000000222e-01,3.199999999999997985e-02,3.572840277388875307e+01,3.135136712045509477e-08,9.509433332424440755e-05,4.100000000000014744e-02,9.045062013269943302e-01,9.548674768239596711e-01,7.300000000000012035e-02
0.000000000000000000e+00,9.000000000000000222e-01,3.299999999999998074e-02,3.644250801619682534e+01,3.353569984654543678e-08,9.488900665752721000e-05,4.100000000000014744e-02,9.037283745937412238e-01,9.579941902083124461e-01,7.400000000000012124e-02
0.000000000000000000e+00,9.000000000000000222e-01,3.399999999999998163e-02,3.708032355873725550e+01,3.554987827057832045e-08,9.521511384046453682e-05,4.100000000000014744e-02,9.040783650205097555e-01,9.610559892433159224e-01,7.500000000000012212e-02
0.000000000000000000e+00,9.000000000000000222e-01,3.499999999999998251e-02,3.750053515304447416e+01,3.691107039015668443e-08,9.707628750636438199e-05,4.100000000000014744e-02,9.070825853960375884e-01,9.605320994729578121e-01,7.600000000000012301e-02
0.000000000000000000e+00,9.000000000000000222e-01,3.599999999999997646e-02,3.792667479888731918e+01,3.832092220313423483e-08,9.886890064856751492e-05,4.100000000000014744e-02,9.097620837232162083e-01,9.602929301878422308e-01,7.700000000000012390e-02
0.000000000000000000e+00,9.000000000000000222e-01,3.699999999999997735e-02,3.842704367710959446e+01,4.001331380490324854e-08,1.000857732202960470e-04,4.100000000000014744e-02,9.113616540441548119e-01,9.617769667729888505e-01,7.800000000000012479e-02
0.000000000000000000e+00,9.000000000000000222e-01,3.799999999999997824e-02,3.889376036453673890e+01,4.162743138261660884e-08,1.015394481463731516e-04,4.100000000000014744e-02,9.131928830856629320e-01,9.624288971866421516e-01,7.900000000000012568e-02
0.000000000000000000e+00,9.000000000000000222e-01,3.899999999999997913e-02,3.916236960243139009e+01,4.257332500643176716e-08,1.045646242325575957e-04,4.100000000000014744e-02,9.167796393615158523e-01,9.557237779287380830e-01,8.000000000000012657e-02
0.000000000000000000e+00,9.000000000000000222e-01,3.999999999999997308e-02,3.956456990607275515e+01,4.401364966749370321e-08,1.064599419540336313e-04,4.100000000000014744e-02,9.188795103541117504e-01,9.554800170382816704e-01,8.100000000000012745e-02
0.000000000000000000e+00,9.000000000000000222e-01,4.099999999999997397e-02,4.005921919434981504e+01,4.582102169421215683e-08,1.076039890389476303e-04,4.100000000000014744e-02,9.198012439933745954e-01,9.573331548270077596e-01,8.200000000000012834e-02
0.000000000000000000e+00,9.000000000000000222e-01,4.199999999999997485e-02,4.048028022356876221e+01,4.739058612233118264e-08,1.093300226831546152e-04,4.100000000000014744e-02,9.214238019315841299e-01,9.574236967275686627e-01,8.300000000000012923e-02
0.000000000000000000e+00,9.000000000000000222e-01,4.299999999999997574e-02,4.079770413836462239e+01,4.859410520361139646e-08,1.119275976386227951e-04,4.100000000000014744e-02,9.238850723481347726e-01,9.538901272747140059e-01,8.400000000000013012e-02
0.000000000000000000e+00,9.000000000000000222e-01,4.399999999999997663e-02,4.126952167443864994e+01,5.041461902437337912e-08,1.131913973492480762e-04,4.100000000000014744e-02,9.246560337501285032e-01,9.554764979650944845e-01,8.500000000000013101e-02
0.000000000000000000e+00,9.000000000000000222e-01,4.499999999999997058e-02,4.177033333476574484e+01,5.238573103030633625e-08,1.142139764181645693e-04,4.100000000000014744e-02,9.250159916421710760e-01,9.573539323802398027e-01,8.600000000000011802e-02
0.000000000000000000e+00,9.000000000000000222e-01,4.599999999999997147e-02,4.215223607534096573e+01,5.391641942340160379e-08,1.162392925590888080e-04,4.100000000000014744e-02,9.265505300033918257e-01,9.562683316692247582e-01,8.700000000000011890e-02
0.000000000000000000e+00,9.000000000000000222e-01,4.699999999999997236e-02,4.247602876881285283e+01,5.523444020422048212e-08,1.187806970175295479e-04,4.100000000000014744e-02,9.284829810106665082e-01,9.531312374109455199e-01,8.800000000000011979e-02
0.000000000000000000e+00,9.000000000000000222e-01,4.799999999999996630e-02,4.283898299970419288e+01,5.673427004682400486e-08,1.209503970436375908e-04,4.100000000000014744e-02,9.299386614275956253e-01,9.519287971051982877e-01,8.900000000000010680e-02
0.000000000000000000e+00,9.000000000000000222e-01,4.899999999999996719e-02,4.323688393103110172e+01,5.840478632736850364e-08,1.227908001681744853e-04,4.100000000000014744e-02,9.309612547242891445e-01,9.519721001660701454e-01,9.000000000000010769e-02
0.000000000000000000e+00,9.010000000000000231e-01,1.000000000000000021e-02,4.243409899677060082e+01,6.265266593689582507e-08,9.786083750731695776e-05,5.000000000000004441e-02,9.274103530408051022e-01,9.467603338807567548e-01,6.000000000000004635e-02
0.000000000000000000e+00,9.010000000000000231e-01,1.099999999999999936e-02,4.379008646649742786e+01,7.039699826821017465e-08,9.238050358522850985e-05,4.899999999999993250e-02,9.095818029788766967e-01,9.247428287530585767e-01,5.999999999999992839e-02
0.000000000000000000e+00,9.010000000000000231e-01,1.199999999999999852e-02,4.294504942854227636e+01,6.650335540780844681e-08,8.386014154390734584e-05,4.700000000000015277e-02,9.017800337379736630e-01,9.012855828461974195e-01,5.900000000000014955e-02
0.000000000000000000e+00,9.010000000000000231e-01,1.299999999999999767e-02,4.341147843284966967e+01,6.863103459679481611e-08,8.452052246990452279e-05,4.700000000000015277e-02,9.096208768294135050e-01,9.125751177780351275e-01,6.000000000000015044e-02
0.000000000000000000e+00,9.010000000000000231e-01,1.399999999999999682e-02,4.377865054004163881e+01,7.033094267552378145e-08,8.562643599259055129e-05,4.700000000000015277e-02,9.171015211070295825e-01,9.222374471284486841e-01,6.100000000000015132e-02
0.000000000000000000e+00,9.010000000000000231e-01,1.499999999999999598e-02,4.375766435382702468e+01,7.023284404983888348e-08,8.834390854415310980e-05,4.700000000000015277e-02,9.253847970764845776e-01,9.274219074675470464e-01,6.200000000000015221e-02
0.000000000000000000e+00,9.010000000000000231e-01,1.599999999999999339e-02,4.421681287595983889e+01,7.240196908271703766e-08,8.918050978642849441e-05,4.700000000000015277e-02,9.304319614122213977e-01,9.348997011110539157e-01,6.300000000000013922e-02
0.000000000000000000e+00,9.010000000000000231e-01,1.699999999999999428e-02,4.462131790723262270e+01,7.434152082752570975e-08,9.028911149300826889e-05,4.700000000000015277e-02,9.352063693011127832e-01,9.411396808437699768e-01,6.400000000000014011e-02
0.000000000000000000e+00,9.010000000000000231e-01,1.799999999999999517e-02,4.474586607125399240e+01,7.494548726589295303e-08,9.264021887901501776e-05,4.700000000000015277e-02,9.407333547242746619e-01,9.438619892803877809e-01,6.500000000000014100e-02
0.000000000000000000e+00,9.010000000000000231e-01,1.899999999999999259e-02,4.468848388509135816e+01,7.466539276614947312e-08,9.591025544588897779e-05,4.700000000000015277e-02,9.461062553662291652e-01,9.425876130295847144e-01,6.600000000000014189e-02
0.000000000000000000e+00,9.010000000000000231e-01,1.999999999999999001e-02,4.127046461471082495e+01,5.622223970781011106e-08,9.393110988303728602e-05,4.600000000000004086e-02,9.034364661985433420e-01,9.491246808600773965e-01,6.600000000000003086e-02
0.000000000000000000e+00,9.010000000000000231e-01,2.099999999999999090e-02,4.141935556586550149e+01,5.685724682267794738e-08,9.693409790723023299e-05,4.600000000000004086e-02,9.107464565826082215e-01,9.477593387295838445e-01,6.700000000000003175e-02
0.000000000000000000e+00,9.010000000000000231e-01,2.199999999999999178e-02,3.969388519964445550e+01,4.857246474656842289e-08,9.369600057933465435e-05,4.499999999999992895e-02,9.054041552678536720e-01,9.527474815880400127e-01,6.699999999999992073e-02
0.000000000000000000e+00,9.010000000000000231e-01,2.299999999999998920e-02,3.991345499176578926e+01,4.943775590865072333e-08,9.654339425463020455e-05,4.499999999999992895e-02,9.118817915351734582e-01,9.510615297878041163e-01,6.799999999999992162e-02
0.000000000000000000e+00,9.010000000000000231e-01,2.399999999999998662e-02,3.805217425700475076e+01,4.121130635443997973e-08,9.344838511712473127e-05,4.400000000000003908e-02,9.047975270503254563e-01,9.559621689989556970e-01,6.800000000000003264e-02
0.000000000000000000e+00,9.010000000000000231e-01,2.499999999999998751e-02,3.833337493113831584e+01,4.222357185645558032e-08,9.615610031738370525e-05,4.400000000000003908e-02,9.105723255903321878e-01,9.540159697961912988e-01,6.900000000000003353e-02
0.000000000000000000e+00,9.010000000000000231e-01,2.599999999999998840e-02,3.869783998885829135e+01,4.355801332588355135e-08,9.831175170351154455e-05,4.400000000000003908e-02,9.151302586672942496e-01,9.545484988366793599e-01,7.000000000000003442e-02
0.000000000000000000e+00,9.010000000000000231e-01,2.699999999999998929e-02,3.949466040803510936e+01,4.654965785508325074e-08,9.784170340705702115e-05,4.400000000000003908e-02,9.144346059338325228e-01,9.576662645159202958e-01,7.100000000000003531e-02
0.000000000000000000e+00,9.010000000000000231e-01,2.799999999999998324e-02,4.018394082109128362e+01,4.921453347883470086e-08,9.801605184194923600e-05,4.400000000000003908e-02,9.151033655535296685e-01,9.610034336607328198e-01,7.200000000000002232e-02
0.000000000000000000e+00,9.010000000000000231e-01,2.899999999999998412e-02,4.057518009444456197e+01,5.076107864708228233e-08,9.999857400661731673e-05,4.400000000000003908e-02,9.187380314000287429e-01,9.608099391623353691e-01,7.300000000000002320e-02
0.000000000000000000e+00,9.010000000000000231e-01,2.999999999999998501e-02,4.097718504981480692e+01,5.237829780728132008e-08,1.018910955352184664e-04,4.400000000000003908e-02,9.219515166768549319e-01,9.609002002432482925e-01,7.400000000000002409e-02
0.000000000000000000e+00,9.010000000000000231e-01,3.099999999999998590e-02,4.148128805548122244e+01,5.444486502979112364e-08,1.031062890831029402e-04,4.400000000000003908e-02,9.239405365370813028e-01,9.627299016499585305e-01,7.500000000000002498e-02
0.000000000000000000e+00,9.010000000000000231e-01,3.199999999999997985e-02,3.572840277388875307e+01,3.135136712045509477e-08,9.509433332424440755e-05,4.100000000000014744e-02,9.045062013269943302e-01,9.548674768239596711e-01,7.300000000000012035e-02
0.000000000000000000e+00,9.010000000000000231e-01,3.299999999999998074e-02,3.644250801619682534e+01,3.353569984654543678e-08,9.488900665752721000e-05,4.100000000000014744e-02,9.037283745937412238e-01,9.579941902083124461e-01,7.400000000000012124e-02
0.000000000000000000e+00,9.010000000000000231e-01,3.399999999999998163e-02,3.708032355873725550e+01,3.554987827057832045e-08,9.521511384046453682e-05,4.100000000000014744e-02,9.040783650205097555e-01,9.610559892433159224e-01,7.500000000000012212e-02
0.000000000000000000e+00,9.010000000000000231e-01,3.499999999999998251e-02,3.750053515304447416e+01,3.691107039015668443e-08,9.707628750636438199e-05,4.100000000000014744e-02,9.070825853960375884e-01,9.605320994729578121e-01,7.600000000000012301e-02
0.000000000000000000e+00,9.010000000000000231e-01,3.599999999999997646e-02,3.792667479888731918e+01,3.832092220313423483e-08,9.886890064856751492e-05,4.100000000000014744e-02,9.097620837232162083e-01,9.602929301878422308e-01,7.700000000000012390e-02
0.000000000000000000e+00,9.010000000000000231e-01,3.699999999999997735e-02,3.842704367710959446e+01,4.001331380490324854e-08,1.000857732202960470e-04,4.100000000000014744e-02,9.113616540441548119e-01,9.617769667729888505e-01,7.800000000000012479e-02
0.000000000000000000e+00,9.010000000000000231e-01,3.799999999999997824e-02,3.889376036453673890e+01,4.162743138261660884e-08,1.015394481463731516e-04,4.100000000000014744e-02,9.131928830856629320e-01,9.624288971866421516e-01,7.900000000000012568e-02
0.000000000000000000e+00,9.010000000000000231e-01,3.899999999999997913e-02,3.916236960243139009e+01,4.257332500643176716e-08,1.045646242325575957e-04,4.100000000000014744e-02,9.167796393615158523e-01,9.557237779287380830e-01,8.000000000000012657e-02
0.000000000000000000e+00,9.010000000000000231e-01,3.999999999999997308e-02,3.956456990607275515e+01,4.401364966749370321e-08,1.064599419540336313e-04,4.100000000000014744e-02,9.188795103541117504e-01,9.554800170382816704e-01,8.100000000000012745e-02
0.000000000000000000e+00,9.010000000000000231e-01,4.099999999999997397e-02,4.005921919434981504e+01,4.582102169421215683e-08,1.076039890389476303e-04,4.100000000000014744e-02,9.198012439933745954e-01,9.573331548270077596e-01,8.200000000000012834e-02
0.000000000000000000e+00,9.010000000000000231e-01,4.199999999999997485e-02,4.048028022356876221e+01,4.739058612233118264e-08,1.093300226831546152e-04,4.100000000000014744e-02,9.214238019315841299e-01,9.574236967275686627e-01,8.300000000000012923e-02
0.000000000000000000e+00,9.010000000000000231e-01,4.299999999999997574e-02,4.079770413836462239e+01,4.859410520361139646e-08,1.119275976386227951e-04,4.100000000000014744e-02,9.238850723481347726e-01,9.538901272747140059e-01,8.400000000000013012e-02
0.000000000000000000e+00,9.010000000000000231e-01,4.399999999999997663e-02,4.126952167443864994e+01,5.041461902437337912e-08,1.131913973492480762e-04,4.100000000000014744e-02,9.246560337501285032e-01,9.554764979650944845e-01,8.500000000000013101e-02
0.000000000000000000e+00,9.010000000000000231e-01,4.499999999999997058e-02,4.177033333476574484e+01,5.238573103030633625e-08,1.142139764181645693e-04,4.100000000000014744e-02,9.250159916421710760e-01,9.573539323802398027e-01,8.600000000000011802e-02
0.000000000000000000e+00,9.010000000000000231e-01,4.599999999999997147e-02,4.215223607534096573e+01,5.391641942340160379e-08,1.162392925590888080e-04,4.100000000000014744e-02,9.265505300033918257e-01,9.562683316692247582e-01,8.700000000000011890e-02
0.000000000000000000e+00,9.010000000000000231e-01,4.699999999999997236e-02,4.247602876881285283e+01,5.523444020422048212e-08,1.187806970175295479e-04,4.100000000000014744e-02,9.284829810106665082e-01,9.531312374109455199e-01,8.800000000000011979e-02
0.000000000000000000e+00,9.010000000000000231e-01,4.799999999999996630e-02,4.283898299970419288e+01,5.673427004682400486e-08,1.209503970436375908e-04,4.100000000000014744e-02,9.299386614275956253e-01,9.519287971051982877e-01,8.900000000000010680e-02
0.000000000000000000e+00,9.010000000000000231e-01,4.899999999999996719e-02,4.323688393103110172e+01,5.840478632736850364e-08,1.227908001681744853e-04,4.100000000000014744e-02,9.309612547242891445e-01,9.519721001660701454e-01,9.000000000000010769e-02
0.000000000000000000e+00,9.020000000000000240e-01,1.000000000000000021e-02,4.243409899677060082e+01,6.265266593689582507e-08,9.786083750731695776e-05,5.000000000000004441e-02,9.274103530408051022e-01,9.467603338807567548e-01,6.000000000000004635e-02
0.000000000000000000e+00,9.020000000000000240e-01,1.099999999999999936e-02,4.379008646649742786e+01,7.039699826821017465e-08,9.238050358522850985e-05,4.899999999999993250e-02,9.095818029788766967e-01,9.247428287530585767e-01,5.999999999999992839e-02
0.000000000000000000e+00,9.020000000000000240e-01,1.199999999999999852e-02,4.432239117068349543e+01,7.329609070680487490e-08,8.691622189769232477e-05,4.800000000000004263e-02,9.067464124305258943e-01,9.176828296191518186e-01,6.000000000000003941e-02
0.000000000000000000e+00,9.020000000000000240e-01,1.299999999999999767e-02,4.341147843284966967e+01,6.863103459679481611e-08,8.452052246990452279e-05,4.700000000000015277e-02,9.096208768294135050e-01,9.125751177780351275e-01,6.000000000000015044e-02
0.000000000000000000e+00,9.020000000000000240e-01,1.399999999999999682e-02,4.377865054004163881e+01,7.033094267552378145e-08,8.562643599259055129e-05,4.700000000000015277e-02,9.171015211070295825e-01,9.222374471284486841e-01,6.100000000000015132e-02
0.000000000000000000e+00,9.020000000000000240e-01,1.499999999999999598e-02,4.375766435382702468e+01,7.023284404983888348e-08,8.834390854415310980e-05,4.700000000000015277e-02,9.253847970764845776e-01,9.274219074675470464e-01,6.200000000000015221e-02
0.000000000000000000e+00,9.020000000000000240e-01,1.599999999999999339e-02,4.421681287595983889e+01,7.240196908271703766e-08,8.918050978642849441e-05,4.700000000000015277e-02,9.304319614122213977e-01,9.348997011110539157e-01,6.300000000000013922e-02
0.000000000000000000e+00,9.020000000000000240e-01,1.699999999999999428e-02,4.462131790723262270e+01,7.434152082752570975e-08,9.028911149300826889e-05,4.700000000000015277e-02,9.352063693011127832e-01,9.411396808437699768e-01,6.400000000000014011e-02
0.000000000000000000e+00,9.020000000000000240e-01,1.799999999999999517e-02,4.474586607125399240e+01,7.494548726589295303e-08,9.264021887901501776e-05,4.700000000000015277e-02,9.407333547242746619e-01,9.438619892803877809e-01,6.500000000000014100e-02
0.000000000000000000e+00,9.020000000000000240e-01,1.899999999999999259e-02,4.468848388509135816e+01,7.466539276614947312e-08,9.591025544588897779e-05,4.700000000000015277e-02,9.461062553662291652e-01,9.425876130295847144e-01,6.600000000000014189e-02
0.000000000000000000e+00,9.020000000000000240e-01,1.999999999999999001e-02,4.127046461471082495e+01,5.622223970781011106e-08,9.393110988303728602e-05,4.600000000000004086e-02,9.034364661985433420e-01,9.491246808600773965e-01,6.600000000000003086e-02
0.000000000000000000e+00,9.020000000000000240e-01,2.099999999999999090e-02,4.141935556586550149e+01,5.685724682267794738e-08,9.693409790723023299e-05,4.600000000000004086e-02,9.107464565826082215e-01,9.477593387295838445e-01,6.700000000000003175e-02
0.000000000000000000e+00,9.020000000000000240e-01,2.199999999999999178e-02,3.969388519964445550e+01,4.857246474656842289e-08,9.369600057933465435e-05,4.499999999999992895e-02,9.054041552678536720e-01,9.527474815880400127e-01,6.699999999999992073e-02
0.000000000000000000e+00,9.020000000000000240e-01,2.299999999999998920e-02,3.991345499176578926e+01,4.943775590865072333e-08,9.654339425463020455e-05,4.499999999999992895e-02,9.118817915351734582e-01,9.510615297878041163e-01,6.799999999999992162e-02
0.000000000000000000e+00,9.020000000000000240e-01,2.399999999999998662e-02,3.805217425700475076e+01,4.121130635443997973e-08,9.344838511712473127e-05,4.400000000000003908e-02,9.047975270503254563e-01,9.559621689989556970e-01,6.800000000000003264e-02
0.000000000000000000e+00,9.020000000000000240e-01,2.499999999999998751e-02,3.833337493113831584e+01,4.222357185645558032e-08,9.615610031738370525e-05,4.400000000000003908e-02,9.105723255903321878e-01,9.540159697961912988e-01,6.900000000000003353e-02
0.000000000000000000e+00,9.020000000000000240e-01,2.599999999999998840e-02,3.869783998885829135e+01,4.355801332588355135e-08,9.831175170351154455e-05,4.400000000000003908e-02,9.151302586672942496e-01,9.545484988366793599e-01,7.000000000000003442e-02
0.000000000000000000e+00,9.020000000000000240e-01,2.699999999999998929e-02,3.949466040803510936e+01,4.654965785508325074e-08,9.784170340705702115e-05,4.400000000000003908e-02,9.144346059338325228e-01,9.576662645159202958e-01,7.100000000000003531e-02
0.000000000000000000e+00,9.020000000000000240e-01,2.799999999999998324e-02,4.018394082109128362e+01,4.921453347883470086e-08,9.801605184194923600e-05,4.400000000000003908e-02,9.151033655535296685e-01,9.610034336607328198e-01,7.200000000000002232e-02
0.000000000000000000e+00,9.020000000000000240e-01,2.899999999999998412e-02,4.057518009444456197e+01,5.076107864708228233e-08,9.999857400661731673e-05,4.400000000000003908e-02,9.187380314000287429e-01,9.608099391623353691e-01,7.300000000000002320e-02
0.000000000000000000e+00,9.020000000000000240e-01,2.999999999999998501e-02,4.097718504981480692e+01,5.237829780728132008e-08,1.018910955352184664e-04,4.400000000000003908e-02,9.219515166768549319e-01,9.609002002432482925e-01,7.400000000000002409e-02
0.000000000000000000e+00,9.020000000000000240e-01,3.099999999999998590e-02,4.148128805548122244e+01,5.444486502979112364e-08,1.031062890831029402e-04,4.400000000000003908e-02,9.239405365370813028e-01,9.627299016499585305e-01,7.500000000000002498e-02
0.000000000000000000e+00,9.020000000000000240e-01,3.199999999999997985e-02,3.572840277388875307e+01,3.135136712045509477e-08,9.509433332424440755e-05,4.100000000000014744e-02,9.045062013269943302e-01,9.548674768239596711e-01,7.300000000000012035e-02
0.000000000000000000e+00,9.020000000000000240e-01,3.299999999999998074e-02,3.644250801619682534e+01,3.353569984654543678e-08,9.488900665752721000e-05,4.100000000000014744e-02,9.037283745937412238e-01,9.579941902083124461e-01,7.400000000000012124e-02
0.000000000000000000e+00,9.020000000000000240e-01,3.399999999999998163e-02,3.708032355873725550e+01,3.554987827057832045e-08,9.521511384046453682e-05,4.100000000000014744e-02,9.040783650205097555e-01,9.610559892433159224e-01,7.500000000000012212e-02
0.000000000000000000e+00,9.020000000000000240e-01,3.499999999999998251e-02,3.750053515304447416e+01,3.691107039015668443e-08,9.707628750636438199e-05,4.100000000000014744e-02,9.070825853960375884e-01,9.605320994729578121e-01,7.600000000000012301e-02
0.000000000000000000e+00,9.020000000000000240e-01,3.599999999999997646e-02,3.792667479888731918e+01,3.832092220313423483e-08,9.886890064856751492e-05,4.100000000000014744e-02,9.097620837232162083e-01,9.602929301878422308e-01,7.700000000000012390e-02
0.000000000000000000e+00,9.020000000000000240e-01,3.699999999999997735e-02,3.842704367710959446e+01,4.001331380490324854e-08,1.000857732202960470e-04,4.100000000000014744e-02,9.113616540441548119e-01,9.617769667729888505e-01,7.800000000000012479e-02
0.000000000000000000e+00,9.020000000000000240e-01,3.799999999999997824e-02,3.889376036453673890e+01,4.162743138261660884e-08,1.015394481463731516e-04,4.100000000000014744e-02,9.131928830856629320e-01,9.624288971866421516e-01,7.900000000000012568e-02
0.000000000000000000e+00,9.020000000000000240e-01,3.899999999999997913e-02,3.916236960243139009e+01,4.257332500643176716e-08,1.045646242325575957e-04,4.100000000000014744e-02,9.167796393615158523e-01,9.557237779287380830e-01,8.000000000000012657e-02
0.000000000000000000e+00,9.020000000000000240e-01,3.999999999999997308e-02,3.956456990607275515e+01,4.401364966749370321e-08,1.064599419540336313e-04,4.100000000000014744e-02,9.188795103541117504e-01,9.554800170382816704e-01,8.100000000000012745e-02
0.000000000000000000e+00,9.020000000000000240e-01,4.099999999999997397e-02,4.005921919434981504e+01,4.582102169421215683e-08,1.076039890389476303e-04,4.100000000000014744e-02,9.198012439933745954e-01,9.573331548270077596e-01,8.200000000000012834e-02
0.000000000000000000e+00,9.020000000000000240e-01,4.199999999999997485e-02,4.048028022356876221e+01,4.739058612233118264e-08,1.093300226831546152e-04,4.100000000000014744e-02,9.214238019315841299e-01,9.574236967275686627e-01,8.300000000000012923e-02
0.000000000000000000e+00,9.020000000000000240e-01,4.299999999999997574e-02,4.079770413836462239e+01,4.859410520361139646e-08,1.119275976386227951e-04,4.100000000000014744e-02,9.238850723481347726e-01,9.538901272747140059e-01,8.400000000000013012e-02
0.000000000000000000e+00,9.020000000000000240e-01,4.399999999999997663e-02,4.126952167443864994e+01,5.041461902437337912e-08,1.131913973492480762e-04,4.100000000000014744e-02,9.246560337501285032e-01,9.554764979650944845e-01,8.500000000000013101e-02
0.000000000000000000e+00,9.020000000000000240e-01,4.499999999999997058e-02,4.177033333476574484e+01,5.238573103030633625e-08,1.142139764181645693e-04,4.100000000000014744e-02,9.250159916421710760e-01,9.573539323802398027e-01,8.600000000000011802e-02
0.000000000000000000e+00,9.020000000000000240e-01,4.599999999999997147e-02,4.215223607534096573e+01,5.391641942340160379e-08,1.162392925590888080e-04,4.100000000000014744e-02,9.265505300033918257e-01,9.562683316692247582e-01,8.700000000000011890e-02
0.000000000000000000e+00,9.020000000000000240e-01,4.699999999999997236e-02,4.247602876881285283e+01,5.523444020422048212e-08,1.187806970175295479e-04,4.100000000000014744e-02,9.284829810106665082e-01,9.531312374109455199e-01,8.800000000000011979e-02
0.000000000000000000e+00,9.020000000000000240e-01,4.799999999999996630e-02,4.283898299970419288e+01,5.673427004682400486e-08,1.209503970436375908e-04,4.100000000000014744e-02,9.299386614275956253e-01,9.519287971051982877e-01,8.900000000000010680e-02
0.000000000000000000e+00,9.020000000000000240e-01,4.899999999999996719e-02,4.323688393103110172e+01,5.840478632736850364e-08,1.227908001681744853e-04,4.100000000000014744e-02,9.309612547242891445e-01,9.519721001660701454e-01,9.000000000000010769e-02
0.000000000000000000e+00,9.030000000000000249e-01,1.000000000000000021e-02,4.243409899677060082e+01,6.265266593689582507e-08,9.786083750731695776e-05,5.000000000000004441e-02,9.274103530408051022e-01,9.467603338807567548e-01,6.000000000000004635e-02
0.000000000000000000e+00,9.030000000000000249e-01,1.099999999999999936e-02,4.379008646649742786e+01,7.039699826821017465e-08,9.238050358522850985e-05,4.899999999999993250e-02,9.095818029788766967e-01,9.247428287530585767e-01,5.999999999999992839e-02
0.000000000000000000e+00,9.030000000000000249e-01,1.199999999999999852e-02,4.432239117068349543e+01,7.329609070680487490e-08,8.691622189769232477e-05,4.800000000000004263e-02,9.067464124305258943e-01,9.176828296191518186e-01,6.000000000000003941e-02
0.000000000000000000e+00,9.030000000000000249e-01,1.299999999999999767e-02,4.341147843284966967e+01,6.863103459679481611e-08,8.452052246990452279e-05,4.700000000000015277e-02,9.096208768294135050e-01,9.125751177780351275e-01,6.000000000000015044e-02
0.000000000000000000e+00,9.030000000000000249e-01,1.399999999999999682e-02,4.377865054004163881e+01,7.033094267552378145e-08,8.562643599259055129e-05,4.700000000000015277e-02,9.171015211070295825e-01,9.222374471284486841e-01,6.100000000000015132e-02
0.000000000000000000e+00,9.030000000000000249e-01,1.499999999999999598e-02,4.375766435382702468e+01,7.023284404983888348e-08,8.834390854415310980e-05,4.700000000000015277e-02,9.253847970764845776e-01,9.274219074675470464e-01,6.200000000000015221e-02
0.000000000000000000e+00,9.030000000000000249e-01,1.599999999999999339e-02,4.421681287595983889e+01,7.240196908271703766e-08,8.918050978642849441e-05,4.700000000000015277e-02,9.304319614122213977e-01,9.348997011110539157e-01,6.300000000000013922e-02
0.000000000000000000e+00,9.030000000000000249e-01,1.699999999999999428e-02,4.462131790723262270e+01,7.434152082752570975e-08,9.028911149300826889e-05,4.700000000000015277e-02,9.352063693011127832e-01,9.411396808437699768e-01,6.400000000000014011e-02
0.000000000000000000e+00,9.030000000000000249e-01,1.799999999999999517e-02,4.474586607125399240e+01,7.494548726589295303e-08,9.264021887901501776e-05,4.700000000000015277e-02,9.407333547242746619e-01,9.438619892803877809e-01,6.500000000000014100e-02
0.000000000000000000e+00,9.030000000000000249e-01,1.899999999999999259e-02,4.468848388509135816e+01,7.466539276614947312e-08,9.591025544588897779e-05,4.700000000000015277e-02,9.461062553662291652e-01,9.425876130295847144e-01,6.600000000000014189e-02
0.000000000000000000e+00,9.030000000000000249e-01,1.999999999999999001e-02,4.127046461471082495e+01,5.622223970781011106e-08,9.393110988303728602e-05,4.600000000000004086e-02,9.034364661985433420e-01,9.491246808600773965e-01,6.600000000000003086e-02
0.000000000000000000e+00,9.030000000000000249e-01,2.099999999999999090e-02,4.141935556586550149e+01,5.685724682267794738e-08,9.693409790723023299e-05,4.600000000000004086e-02,9.107464565826082215e-01,9.477593387295838445e-01,6.700000000000003175e-02
0.000000000000000000e+00,9.030000000000000249e-01,2.199999999999999178e-02,3.969388519964445550e+01,4.857246474656842289e-08,9.369600057933465435e-05,4.499999999999992895e-02,9.054041552678536720e-01,9.527474815880400127e-01,6.699999999999992073e-02
0.000000000000000000e+00,9.030000000000000249e-01,2.299999999999998920e-02,3.991345499176578926e+01,4.943775590865072333e-08,9.654339425463020455e-05,4.499999999999992895e-02,9.118817915351734582e-01,9.510615297878041163e-01,6.799999999999992162e-02
0.000000000000000000e+00,9.030000000000000249e-01,2.399999999999998662e-02,3.805217425700475076e+01,4.121130635443997973e-08,9.344838511712473127e-05,4.400000000000003908e-02,9.047975270503254563e-01,9.559621689989556970e-01,6.800000000000003264e-02
0.000000000000000000e+00,9.030000000000000249e-01,2.499999999999998751e-02,3.833337493113831584e+01,4.222357185645558032e-08,9.615610031738370525e-05,4.400000000000003908e-02,9.105723255903321878e-01,9.540159697961912988e-01,6.900000000000003353e-02
0.000000000000000000e+00,9.030000000000000249e-01,2.599999999999998840e-02,3.869783998885829135e+01,4.355801332588355135e-08,9.831175170351154455e-05,4.400000000000003908e-02,9.151302586672942496e-01,9.545484988366793599e-01,7.000000000000003442e-02
0.000000000000000000e+00,9.030000000000000249e-01,2.699999999999998929e-02,3.949466040803510936e+01,4.654965785508325074e-08,9.784170340705702115e-05,4.400000000000003908e-02,9.144346059338325228e-01,9.576662645159202958e-01,7.100000000000003531e-02
0.000000000000000000e+00,9.030000000000000249e-01,2.799999999999998324e-02,4.018394082109128362e+01,4.921453347883470086e-08,9.801605184194923600e-05,4.400000000000003908e-02,9.151033655535296685e-01,9.610034336607328198e-01,7.200000000000002232e-02
0.000000000000000000e+00,9.030000000000000249e-01,2.899999999999998412e-02,4.057518009444456197e+01,5.076107864708228233e-08,9.999857400661731673e-05,4.400000000000003908e-02,9.187380314000287429e-01,9.608099391623353691e-01,7.300000000000002320e-02
0.000000000000000000e+00,9.030000000000000249e-01,2.999999999999998501e-02,4.097718504981480692e+01,5.237829780728132008e-08,1.018910955352184664e-04,4.400000000000003908e-02,9.219515166768549319e-01,9.609002002432482925e-01,7.400000000000002409e-02
0.000000000000000000e+00,9.030000000000000249e-01,3.099999999999998590e-02,4.148128805548122244e+01,5.444486502979112364e-08,1.031062890831029402e-04,4.400000000000003908e-02,9.239405365370813028e-01,9.627299016499585305e-01,7.500000000000002498e-02
0.000000000000000000e+00,9.030000000000000249e-01,3.199999999999997985e-02,3.572840277388875307e+01,3.135136712045509477e-08,9.509433332424440755e-05,4.100000000000014744e-02,9.045062013269943302e-01,9.548674768239596711e-01,7.300000000000012035e-02
0.000000000000000000e+00,9.030000000000000249e-01,3.299999999999998074e-02,3.644250801619682534e+01,3.353569984654543678e-08,9.488900665752721000e-05,4.100000000000014744e-02,9.037283745937412238e-01,9.579941902083124461e-01,7.400000000000012124e-02
0.000000000000000000e+00,9.030000000000000249e-01,3.399999999999998163e-02,3.708032355873725550e+01,3.554987827057832045e-08,9.521511384046453682e-05,4.100000000000014744e-02,9.040783650205097555e-01,9.610559892433159224e-01,7.500000000000012212e-02
0.000000000000000000e+00,9.030000000000000249e-01,3.499999999999998251e-02,3.750053515304447416e+01,3.691107039015668443e-08,9.707628750636438199e-05,4.100000000000014744e-02,9.070825853960375884e-01,9.605320994729578121e-01,7.600000000000012301e-02
0.000000000000000000e+00,9.030000000000000249e-01,3.599999999999997646e-02,3.792667479888731918e+01,3.832092220313423483e-08,9.886890064856751492e-05,4.100000000000014744e-02,9.097620837232162083e-01,9.602929301878422308e-01,7.700000000000012390e-02
0.000000000000000000e+00,9.030000000000000249e-01,3.699999999999997735e-02,3.842704367710959446e+01,4.001331380490324854e-08,1.000857732202960470e-04,4.100000000000014744e-02,9.113616540441548119e-01,9.617769667729888505e-01,7.800000000000012479e-02
0.000000000000000000e+00,9.030000000000000249e-01,3.799999999999997824e-02,3.889376036453673890e+01,4.162743138261660884e-08,1.015394481463731516e-04,4.100000000000014744e-02,9.131928830856629320e-01,9.624288971866421516e-01,7.900000000000012568e-02
0.000000000000000000e+00,9.030000000000000249e-01,3.899999999999997913e-02,3.916236960243139009e+01,4.257332500643176716e-08,1.045646242325575957e-04,4.100000000000014744e-02,9.167796393615158523e-01,9.557237779287380830e-01,8.000000000000012657e-02
0.000000000000000000e+00,9.030000000000000249e-01,3.999999999999997308e-02,3.956456990607275515e+01,4.401364966749370321e-08,1.064599419540336313e-04,4.100000000000014744e-02,9.188795103541117504e-01,9.554800170382816704e-01,8.100000000000012745e-02
0.000000000000000000e+00,9.030000000000000249e-01,4.099999999999997397e-02,4.005921919434981504e+01,4.582102169421215683e-08,1.076039890389476303e-04,4.100000000000014744e-02,9.198012439933745954e-01,9.573331548270077596e-01,8.200000000000012834e-02
0.000000000000000000e+00,9.030000000000000249e-01,4.199999999999997485e-02,4.048028022356876221e+01,4.739058612233118264e-08,1.093300226831546152e-04,4.100000000000014744e-02,9.214238019315841299e-01,9.574236967275686627e-01,8.300000000000012923e-02
0.000000000000000000e+00,9.030000000000000249e-01,4.299999999999997574e-02,4.079770413836462239e+01,4.859410520361139646e-08,1.119275976386227951e-04,4.100000000000014744e-02,9.238850723481347726e-01,9.538901272747140059e-01,8.400000000000013012e-02
0.000000000000000000e+00,9.030000000000000249e-01,4.399999999999997663e-02,4.126952167443864994e+01,5.041461902437337912e-08,1.131913973492480762e-04,4.100000000000014744e-02,9.246560337501285032e-01,9.554764979650944845e-01,8.500000000000013101e-02
0.000000000000000000e+00,9.030000000000000249e-01,4.499999999999997058e-02,4.177033333476574484e+01,5.238573103030633625e-08,1.142139764181645693e-04,4.100000000000014744e-02,9.250159916421710760e-01,9.573539323802398027e-01,8.600000000000011802e-02
0.000000000000000000e+00,9.030000000000000249e-01,4.599999999999997147e-02,4.215223607534096573e+01,5.391641942340160379e-08,1.162392925590888080e-04,4.100000000000014744e-02,9.265505300033918257e-01,9.562683316692247582e-01,8.700000000000011890e-02
0.000000000000000000e+00,9.030000000000000249e-01,4.699999999999997236e-02,4.247602876881285283e+01,5.523444020422048212e-08,1.187806970175295479e-04,4.100000000000014744e-02,9.284829810106665082e-01,9.531312374109455199e-01,8.800000000000011979e-02
0.000000000000000000e+00,9.030000000000000249e-01,4.799999999999996630e-02,4.283898299970419288e+01,5.673427004682400486e-08,1.209503970436375908e-04,4.100000000000014744e-02,9.299386614275956253e-01,9.519287971051982877e-01,8.900000000000010680e-02
0.000000000000000000e+00,9.030000000000000249e-01,4.899999999999996719e-02,4.323688393103110172e+01,5.840478632736850364e-08,1.227908001681744853e-04,4.100000000000014744e-02,9.309612547242891445e-01,9.519721001660701454e-01,9.000000000000010769e-02
0.000000000000000000e+00,9.040000000000000258e-01,1.000000000000000021e-02,4.243409899677060082e+01,6.265266593689582507e-08,9.786083750731695776e-05,5.000000000000004441e-02,9.274103530408051022e-01,9.467603338807567548e-01,6.000000000000004635e-02
0.000000000000000000e+00,9.040000000000000258e-01,1.099999999999999936e-02,4.379008646649742786e+01,7.039699826821017465e-08,9.238050358522850985e-05,4.899999999999993250e-02,9.095818029788766967e-01,9.247428287530585767e-01,5.999999999999992839e-02
0.000000000000000000e+00,9.040000000000000258e-01,1.199999999999999852e-02,4.432239117068349543e+01,7.329609070680487490e-08,8.691622189769232477e-05,4.800000000000004263e-02,9.067464124305258943e-01,9.176828296191518186e-01,6.000000000000003941e-02
0.000000000000000000e+00,9.040000000000000258e-01,1.299999999999999767e-02,4.341147843284966967e+01,6.863103459679481611e-08,8.452052246990452279e-05,4.700000000000015277e-02,9.096208768294135050e-01,9.125751177780351275e-01,6.000000000000015044e-02
0.000000000000000000e+00,9.040000000000000258e-01,1.399999999999999682e-02,4.377865054004163881e+01,7.033094267552378145e-08,8.562643599259055129e-05,4.700000000000015277e-02,9.171015211070295825e-01,9.222374471284486841e-01,6.100000000000015132e-02
0.000000000000000000e+00,9.040000000000000258e-01,1.499999999999999598e-02,4.375766435382702468e+01,7.023284404983888348e-08,8.834390854415310980e-05,4.700000000000015277e-02,9.253847970764845776e-01,9.274219074675470464e-01,6.200000000000015221e-02
0.000000000000000000e+00,9.040000000000000258e-01,1.599999999999999339e-02,4.421681287595983889e+01,7.240196908271703766e-08,8.918050978642849441e-05,4.700000000000015277e-02,9.304319614122213977e-01,9.348997011110539157e-01,6.300000000000013922e-02
0.000000000000000000e+00,9.040000000000000258e-01,1.699999999999999428e-02,4.462131790723262270e+01,7.434152082752570975e-08,9.028911149300826889e-05,4.700000000000015277e-02,9.352063693011127832e-01,9.411396808437699768e-01,6.400000000000014011e-02
0.000000000000000000e+00,9.040000000000000258e-01,1.799999999999999517e-02,4.474586607125399240e+01,7.494548726589295303e-08,9.264021887901501776e-05,4.700000000000015277e-02,9.407333547242746619e-01,9.438619892803877809e-01,6.500000000000014100e-02
0.000000000000000000e+00,9.040000000000000258e-01,1.899999999999999259e-02,4.468848388509135816e+01,7.466539276614947312e-08,9.591025544588897779e-05,4.700000000000015277e-02,9.461062553662291652e-01,9.425876130295847144e-01,6.600000000000014189e-02
0.000000000000000000e+00,9.040000000000000258e-01,1.999999999999999001e-02,4.479991051433583493e+01,7.521280348980891164e-08,9.845493491405208925e-05,4.700000000000015277e-02,9.504746185285751769e-01,9.442808451810064119e-01,6.700000000000014277e-02
0.000000000000000000e+00,9.040000000000000258e-01,2.099999999999999090e-02,4.141935556586550149e+01,5.685724682267794738e-08,9.693409790723023299e-05,4.600000000000004086e-02,9.107464565826082215e-01,9.477593387295838445e-01,6.700000000000003175e-02
0.000000000000000000e+00,9.040000000000000258e-01,2.199999999999999178e-02,3.969388519964445550e+01,4.857246474656842289e-08,9.369600057933465435e-05,4.499999999999992895e-02,9.054041552678536720e-01,9.527474815880400127e-01,6.699999999999992073e-02
0.000000000000000000e+00,9.040000000000000258e-01,2.299999999999998920e-02,3.991345499176578926e+01,4.943775590865072333e-08,9.654339425463020455e-05,4.499999999999992895e-02,9.118817915351734582e-01,9.510615297878041163e-01,6.799999999999992162e-02
0.000000000000000000e+00,9.040000000000000258e-01,2.399999999999998662e-02,3.805217425700475076e+01,4.121130635443997973e-08,9.344838511712473127e-05,4.400000000000003908e-02,9.047975270503254563e-01,9.559621689989556970e-01,6.800000000000003264e-02
0.000000000000000000e+00,9.040000000000000258e-01,2.499999999999998751e-02,3.833337493113831584e+01,4.222357185645558032e-08,9.615610031738370525e-05,4.400000000000003908e-02,9.105723255903321878e-01,9.540159697961912988e-01,6.900000000000003353e-02
0.000000000000000000e+00,9.040000000000000258e-01,2.599999999999998840e-02,3.869783998885829135e+01,4.355801332588355135e-08,9.831175170351154455e-05,4.400000000000003908e-02,9.151302586672942496e-01,9.545484988366793599e-01,7.000000000000003442e-02
0.000000000000000000e+00,9.040000000000000258e-01,2.699999999999998929e-02,3.949466040803510936e+01,4.654965785508325074e-08,9.784170340705702115e-05,4.400000000000003908e-02,9.144346059338325228e-01,9.576662645159202958e-01,7.100000000000003531e-02
0.000000000000000000e+00,9.040000000000000258e-01,2.799999999999998324e-02,4.018394082109128362e+01,4.921453347883470086e-08,9.801605184194923600e-05,4.400000000000003908e-02,9.151033655535296685e-01,9.610034336607328198e-01,7.200000000000002232e-02
0.000000000000000000e+00,9.040000000000000258e-01,2.899999999999998412e-02,4.057518009444456197e+01,5.076107864708228233e-08,9.999857400661731673e-05,4.400000000000003908e-02,9.187380314000287429e-01,9.608099391623353691e-01,7.300000000000002320e-02
0.000000000000000000e+00,9.040000000000000258e-01,2.999999999999998501e-02,4.097718504981480692e+01,5.237829780728132008e-08,1.018910955352184664e-04,4.400000000000003908e-02,9.219515166768549319e-01,9.609002002432482925e-01,7.400000000000002409e-02
0.000000000000000000e+00,9.040000000000000258e-01,3.099999999999998590e-02,4.148128805548122244e+01,5.444486502979112364e-08,1.031062890831029402e-04,4.400000000000003908e-02,9.239405365370813028e-01,9.627299016499585305e-01,7.500000000000002498e-02
0.000000000000000000e+00,9.040000000000000258e-01,3.199999999999997985e-02,3.572840277388875307e+01,3.135136712045509477e-08,9.509433332424440755e-05,4.100000000000014744e-02,9.045062013269943302e-01,9.548674768239596711e-01,7.300000000000012035e-02
0.000000000000000000e+00,9.040000000000000258e-01,3.299999999999998074e-02,4.213893144193039575e+01,5.720571416483218572e-08,1.078940964052014969e-04,4.400000000000003908e-02,9.300796302698608464e-01,9.567788179909979540e-01,7.700000000000001288e-02
0.000000000000000000e+00,9.040000000000000258e-01,3.399999999999998163e-02,3.708032355873725550e+01,3.554987827057832045e-08,9.521511384046453682e-05,4.100000000000014744e-02,9.040783650205097555e-01,9.610559892433159224e-01,7.500000000000012212e-02
0.000000000000000000e+00,9.040000000000000258e-01,3.499999999999998251e-02,3.750053515304447416e+01,3.691107039015668443e-08,9.707628750636438199e-05,4.100000000000014744e-02,9.070825853960375884e-01,9.605320994729578121e-01,7.600000000000012301e-02
0.000000000000000000e+00,9.040000000000000258e-01,3.599999999999997646e-02,3.792667479888731918e+01,3.832092220313423483e-08,9.886890064856751492e-05,4.100000000000014744e-02,9.097620837232162083e-01,9.602929301878422308e-01,7.700000000000012390e-02
0.000000000000000000e+00,9.040000000000000258e-01,3.699999999999997735e-02,3.842704367710959446e+01,4.001331380490324854e-08,1.000857732202960470e-04,4.100000000000014744e-02,9.113616540441548119e-01,9.617769667729888505e-01,7.800000000000012479e-02
0.000000000000000000e+00,9.040000000000000258e-01,3.799999999999997824e-02,3.889376036453673890e+01,4.162743138261660884e-08,1.015394481463731516e-04,4.100000000000014744e-02,9.131928830856629320e-01,9.624288971866421516e-01,7.900000000000012568e-02
0.000000000000000000e+00,9.040000000000000258e-01,3.899999999999997913e-02,3.916236960243139009e+01,4.257332500643176716e-08,1.045646242325575957e-04,4.100000000000014744e-02,9.167796393615158523e-01,9.557237779287380830e-01,8.000000000000012657e-02
0.000000000000000000e+00,9.040000000000000258e-01,3.999999999999997308e-02,3.956456990607275515e+01,4.401364966749370321e-08,1.064599419540336313e-04,4.100000000000014744e-02,9.188795103541117504e-01,9.554800170382816704e-01,8.100000000000012745e-02
0.000000000000000000e+00,9.040000000000000258e-01,4.099999999999997397e-02,4.005921919434981504e+01,4.582102169421215683e-08,1.076039890389476303e-04,4.100000000000014744e-02,9.198012439933745954e-01,9.573331548270077596e-01,8.200000000000012834e-02
0.000000000000000000e+00,9.040000000000000258e-01,4.199999999999997485e-02,4.048028022356876221e+01,4.739058612233118264e-08,1.093300226831546152e-04,4.100000000000014744e-02,9.214238019315841299e-01,9.574236967275686627e-01,8.300000000000012923e-02
0.000000000000000000e+00,9.040000000000000258e-01,4.299999999999997574e-02,4.079770413836462239e+01,4.859410520361139646e-08,1.119275976386227951e-04,4.100000000000014744e-02,9.238850723481347726e-01,9.538901272747140059e-01,8.400000000000013012e-02
0.000000000000000000e+00,9.040000000000000258e-01,4.399999999999997663e-02,4.126952167443864994e+01,5.041461902437337912e-08,1.131913973492480762e-04,4.100000000000014744e-02,9.246560337501285032e-01,9.554764979650944845e-01,8.500000000000013101e-02
0.000000000000000000e+00,9.040000000000000258e-01,4.499999999999997058e-02,4.177033333476574484e+01,5.238573103030633625e-08,1.142139764181645693e-04,4.100000000000014744e-02,9.250159916421710760e-01,9.573539323802398027e-01,8.600000000000011802e-02
0.000000000000000000e+00,9.040000000000000258e-01,4.599999999999997147e-02,4.215223607534096573e+01,5.391641942340160379e-08,1.162392925590888080e-04,4.100000000000014744e-02,9.265505300033918257e-01,9.562683316692247582e-01,8.700000000000011890e-02
0.000000000000000000e+00,9.040000000000000258e-01,4.699999999999997236e-02,4.247602876881285283e+01,5.523444020422048212e-08,1.187806970175295479e-04,4.100000000000014744e-02,9.284829810106665082e-01,9.531312374109455199e-01,8.800000000000011979e-02
0.000000000000000000e+00,9.040000000000000258e-01,4.799999999999996630e-02,4.283898299970419288e+01,5.673427004682400486e-08,1.209503970436375908e-04,4.100000000000014744e-02,9.299386614275956253e-01,9.519287971051982877e-01,8.900000000000010680e-02
0.000000000000000000e+00,9.040000000000000258e-01,4.899999999999996719e-02,4.323688393103110172e+01,5.840478632736850364e-08,1.227908001681744853e-04,4.100000000000014744e-02,9.309612547242891445e-01,9.519721001660701454e-01,9.000000000000010769e-02
0.000000000000000000e+00,9.050000000000000266e-01,1.000000000000000021e-02,4.243409899677060082e+01,6.265266593689582507e-08,9.786083750731695776e-05,5.000000000000004441e-02,9.274103530408051022e-01,9.467603338807567548e-01,6.000000000000004635e-02
0.000000000000000000e+00,9.050000000000000266e-01,1.099999999999999936e-02,4.379008646649742786e+01,7.039699826821017465e-08,9.238050358522850985e-05,4.899999999999993250e-02,9.095818029788766967e-01,9.247428287530585767e-01,5.999999999999992839e-02
0.000000000000000000e+00,9.050000000000000266e-01,1.199999999999999852e-02,4.432239117068349543e+01,7.329609070680487490e-08,8.691622189769232477e-05,4.800000000000004263e-02,9.067464124305258943e-01,9.176828296191518186e-01,6.000000000000003941e-02
0.000000000000000000e+00,9.050000000000000266e-01,1.299999999999999767e-02,4.341147843284966967e+01,6.863103459679481611e-08,8.452052246990452279e-05,4.700000000000015277e-02,9.096208768294135050e-01,9.125751177780351275e-01,6.000000000000015044e-02
0.000000000000000000e+00,9.050000000000000266e-01,1.399999999999999682e-02,4.377865054004163881e+01,7.033094267552378145e-08,8.562643599259055129e-05,4.700000000000015277e-02,9.171015211070295825e-01,9.222374471284486841e-01,6.100000000000015132e-02
0.000000000000000000e+00,9.050000000000000266e-01,1.499999999999999598e-02,4.375766435382702468e+01,7.023284404983888348e-08,8.834390854415310980e-05,4.700000000000015277e-02,9.253847970764845776e-01,9.274219074675470464e-01,6.200000000000015221e-02
0.000000000000000000e+00,9.050000000000000266e-01,1.599999999999999339e-02,4.421681287595983889e+01,7.240196908271703766e-08,8.918050978642849441e-05,4.700000000000015277e-02,9.304319614122213977e-01,9.348997011110539157e-01,6.300000000000013922e-02
0.000000000000000000e+00,9.050000000000000266e-01,1.699999999999999428e-02,4.462131790723262270e+01,7.434152082752570975e-08,9.028911149300826889e-05,4.700000000000015277e-02,9.352063693011127832e-01,9.411396808437699768e-01,6.400000000000014011e-02
0.000000000000000000e+00,9.050000000000000266e-01,1.799999999999999517e-02,4.474586607125399240e+01,7.494548726589295303e-08,9.264021887901501776e-05,4.700000000000015277e-02,9.407333547242746619e-01,9.438619892803877809e-01,6.500000000000014100e-02
0.000000000000000000e+00,9.050000000000000266e-01,1.899999999999999259e-02,4.468848388509135816e+01,7.466539276614947312e-08,9.591025544588897779e-05,4.700000000000015277e-02,9.461062553662291652e-01,9.425876130295847144e-01,6.600000000000014189e-02
0.000000000000000000e+00,9.050000000000000266e-01,1.999999999999999001e-02,4.479991051433583493e+01,7.521280348980891164e-08,9.845493491405208925e-05,4.700000000000015277e-02,9.504746185285751769e-01,9.442808451810064119e-01,6.700000000000014277e-02
0.000000000000000000e+00,9.050000000000000266e-01,2.099999999999999090e-02,4.141935556586550149e+01,5.685724682267794738e-08,9.693409790723023299e-05,4.600000000000004086e-02,9.107464565826082215e-01,9.477593387295838445e-01,6.700000000000003175e-02
0.000000000000000000e+00,9.050000000000000266e-01,2.199999999999999178e-02,3.969388519964445550e+01,4.857246474656842289e-08,9.369600057933465435e-05,4.499999999999992895e-02,9.054041552678536720e-01,9.527474815880400127e-01,6.699999999999992073e-02
0.000000000000000000e+00,9.050000000000000266e-01,2.299999999999998920e-02,3.991345499176578926e+01,4.943775590865072333e-08,9.654339425463020455e-05,4.499999999999992895e-02,9.118817915351734582e-01,9.510615297878041163e-01,6.799999999999992162e-02
0.000000000000000000e+00,9.050000000000000266e-01,2.399999999999998662e-02,4.322595011435728907e+01,6.486940217655272765e-08,9.875826266161562121e-05,4.600000000000004086e-02,9.182664762850439866e-01,9.564939532684461065e-01,7.000000000000003442e-02
0.000000000000000000e+00,9.050000000000000266e-01,2.499999999999998751e-02,3.833337493113831584e+01,4.222357185645558032e-08,9.615610031738370525e-05,4.400000000000003908e-02,9.105723255903321878e-01,9.540159697961912988e-01,6.900000000000003353e-02
0.000000000000000000e+00,9.050000000000000266e-01,2.599999999999998840e-02,3.869783998885829135e+01,4.355801332588355135e-08,9.831175170351154455e-05,4.400000000000003908e-02,9.151302586672942496e-01,9.545484988366793599e-01,7.000000000000003442e-02
0.000000000000000000e+00,9.050000000000000266e-01,2.699999999999998929e-02,3.949466040803510936e+01,4.654965785508325074e-08,9.784170340705702115e-05,4.400000000000003908e-02,9.144346059338325228e-01,9.576662645159202958e-01,7.100000000000003531e-02
0.000000000000000000e+00,9.050000000000000266e-01,2.799999999999998324e-02,4.018394082109128362e+01,4.921453347883470086e-08,9.801605184194923600e-05,4.400000000000003908e-02,9.151033655535296685e-01,9.610034336607328198e-01,7.200000000000002232e-02
0.000000000000000000e+00,9.050000000000000266e-01,2.899999999999998412e-02,4.057518009444456197e+01,5.076107864708228233e-08,9.999857400661731673e-05,4.400000000000003908e-02,9.187380314000287429e-01,9.608099391623353691e-01,7.300000000000002320e-02
0.000000000000000000e+00,9.050000000000000266e-01,2.999999999999998501e-02,4.097718504981480692e+01,5.237829780728132008e-08,1.018910955352184664e-04,4.400000000000003908e-02,9.219515166768549319e-01,9.609002002432482925e-01,7.400000000000002409e-02
0.000000000000000000e+00,9.050000000000000266e-01,3.099999999999998590e-02,4.148128805548122244e+01,5.444486502979112364e-08,1.031062890831029402e-04,4.400000000000003908e-02,9.239405365370813028e-01,9.627299016499585305e-01,7.500000000000002498e-02
0.000000000000000000e+00,9.050000000000000266e-01,3.199999999999997985e-02,4.194109610619367601e+01,5.636656744350318419e-08,1.045950101475025186e-04,4.400000000000003908e-02,9.261471377357261003e-01,9.636773534285290044e-01,7.600000000000001199e-02
0.000000000000000000e+00,9.050000000000000266e-01,3.299999999999998074e-02,4.213893144193039575e+01,5.720571416483218572e-08,1.078940964052014969e-04,4.400000000000003908e-02,9.300796302698608464e-01,9.567788179909979540e-01,7.700000000000001288e-02
0.000000000000000000e+00,9.050000000000000266e-01,3.399999999999998163e-02,3.884158841069216805e+01,4.227489536545218243e-08,9.989947744850971047e-05,4.200000000000003730e-02,9.062132108430643873e-01,9.601913321320845185e-01,7.600000000000001199e-02
0.000000000000000000e+00,9.050000000000000266e-01,3.499999999999998251e-02,3.750053515304447416e+01,3.691107039015668443e-08,9.707628750636438199e-05,4.100000000000014744e-02,9.070825853960375884e-01,9.605320994729578121e-01,7.600000000000012301e-02
0.000000000000000000e+00,9.050000000000000266e-01,3.599999999999997646e-02,3.792667479888731918e+01,3.832092220313423483e-08,9.886890064856751492e-05,4.100000000000014744e-02,9.097620837232162083e-01,9.602929301878422308e-01,7.700000000000012390e-02
0.000000000000000000e+00,9.050000000000000266e-01,3.699999999999997735e-02,3.842704367710959446e+01,4.001331380490324854e-08,1.000857732202960470e-04,4.100000000000014744e-02,9.113616540441548119e-01,9.617769667729888505e-01,7.800000000000012479e-02
0.000000000000000000e+00,9.050000000000000266e-01,3.799999999999997824e-02,3.889376036453673890e+01,4.162743138261660884e-08,1.015394481463731516e-04,4.100000000000014744e-02,9.131928830856629320e-01,9.624288971866421516e-01,7.900000000000012568e-02
0.000000000000000000e+00,9.050000000000000266e-01,3.899999999999997913e-02,3.916236960243139009e+01,4.257332500643176716e-08,1.045646242325575957e-04,4.100000000000014744e-02,9.167796393615158523e-01,9.557237779287380830e-01,8.000000000000012657e-02
0.000000000000000000e+00,9.050000000000000266e-01,3.999999999999997308e-02,3.956456990607275515e+01,4.401364966749370321e-08,1.064599419540336313e-04,4.100000000000014744e-02,9.188795103541117504e-01,9.554800170382816704e-01,8.100000000000012745e-02
0.000000000000000000e+00,9.050000000000000266e-01,4.099999999999997397e-02,4.005921919434981504e+01,4.582102169421215683e-08,1.076039890389476303e-04,4.100000000000014744e-02,9.198012439933745954e-01,9.573331548270077596e-01,8.200000000000012834e-02
0.000000000000000000e+00,9.050000000000000266e-01,4.199999999999997485e-02,4.048028022356876221e+01,4.739058612233118264e-08,1.093300226831546152e-04,4.100000000000014744e-02,9.214238019315841299e-01,9.574236967275686627e-01,8.300000000000012923e-02
0.000000000000000000e+00,9.050000000000000266e-01,4.299999999999997574e-02,4.079770413836462239e+01,4.859410520361139646e-08,1.119275976386227951e-04,4.100000000000014744e-02,9.238850723481347726e-01,9.538901272747140059e-01,8.400000000000013012e-02
0.000000000000000000e+00,9.050000000000000266e-01,4.399999999999997663e-02,4.126952167443864994e+01,5.041461902437337912e-08,1.131913973492480762e-04,4.100000000000014744e-02,9.246560337501285032e-01,9.554764979650944845e-01,8.500000000000013101e-02
0.000000000000000000e+00,9.050000000000000266e-01,4.499999999999997058e-02,4.177033333476574484e+01,5.238573103030633625e-08,1.142139764181645693e-04,4.100000000000014744e-02,9.250159916421710760e-01,9.573539323802398027e-01,8.600000000000011802e-02
0.000000000000000000e+00,9.050000000000000266e-01,4.599999999999997147e-02,4.215223607534096573e+01,5.391641942340160379e-08,1.162392925590888080e-04,4.100000000000014744e-02,9.265505300033918257e-01,9.562683316692247582e-01,8.700000000000011890e-02
0.000000000000000000e+00,9.050000000000000266e-01,4.699999999999997236e-02,4.247602876881285283e+01,5.523444020422048212e-08,1.187806970175295479e-04,4.100000000000014744e-02,9.284829810106665082e-01,9.531312374109455199e-01,8.800000000000011979e-02
0.000000000000000000e+00,9.050000000000000266e-01,4.799999999999996630e-02,4.283898299970419288e+01,5.673427004682400486e-08,1.209503970436375908e-04,4.100000000000014744e-02,9.299386614275956253e-01,9.519287971051982877e-01,8.900000000000010680e-02
0.000000000000000000e+00,9.050000000000000266e-01,4.899999999999996719e-02,4.323688393103110172e+01,5.840478632736850364e-08,1.227908001681744853e-04,4.100000000000014744e-02,9.309612547242891445e-01,9.519721001660701454e-01,9.000000000000010769e-02
0.000000000000000000e+00,9.060000000000000275e-01,1.000000000000000021e-02,4.243409899677060082e+01,6.265266593689582507e-08,9.786083750731695776e-05,5.000000000000004441e-02,9.274103530408051022e-01,9.467603338807567548e-01,6.000000000000004635e-02
0.000000000000000000e+00,9.060000000000000275e-01,1.099999999999999936e-02,4.379008646649742786e+01,7.039699826821017465e-08,9.238050358522850985e-05,4.899999999999993250e-02,9.095818029788766967e-01,9.247428287530585767e-01,5.999999999999992839e-02
0.000000000000000000e+00,9.060000000000000275e-01,1.199999999999999852e-02,4.432239117068349543e+01,7.329609070680487490e-08,8.691622189769232477e-05,4.800000000000004263e-02,9.067464124305258943e-01,9.176828296191518186e-01,6.000000000000003941e-02
0.000000000000000000e+00,9.060000000000000275e-01,1.299999999999999767e-02,4.341147843284966967e+01,6.863103459679481611e-08,8.452052246990452279e-05,4.700000000000015277e-02,9.096208768294135050e-01,9.125751177780351275e-01,6.000000000000015044e-02
0.000000000000000000e+00,9.060000000000000275e-01,1.399999999999999682e-02,4.377865054004163881e+01,7.033094267552378145e-08,8.562643599259055129e-05,4.700000000000015277e-02,9.171015211070295825e-01,9.222374471284486841e-01,6.100000000000015132e-02
0.000000000000000000e+00,9.060000000000000275e-01,1.499999999999999598e-02,4.375766435382702468e+01,7.023284404983888348e-08,8.834390854415310980e-05,4.700000000000015277e-02,9.253847970764845776e-01,9.274219074675470464e-01,6.200000000000015221e-02
0.000000000000000000e+00,9.060000000000000275e-01,1.599999999999999339e-02,4.421681287595983889e+01,7.240196908271703766e-08,8.918050978642849441e-05,4.700000000000015277e-02,9.304319614122213977e-01,9.348997011110539157e-01,6.300000000000013922e-02
0.000000000000000000e+00,9.060000000000000275e-01,1.699999999999999428e-02,4.462131790723262270e+01,7.434152082752570975e-08,9.028911149300826889e-05,4.700000000000015277e-02,9.352063693011127832e-01,9.411396808437699768e-01,6.400000000000014011e-02
0.000000000000000000e+00,9.060000000000000275e-01,1.799999999999999517e-02,4.474586607125399240e+01,7.494548726589295303e-08,9.264021887901501776e-05,4.700000000000015277e-02,9.407333547242746619e-01,9.438619892803877809e-01,6.500000000000014100e-02
0.000000000000000000e+00,9.060000000000000275e-01,1.899999999999999259e-02,4.468848388509135816e+01,7.466539276614947312e-08,9.591025544588897779e-05,4.700000000000015277e-02,9.461062553662291652e-01,9.425876130295847144e-01,6.600000000000014189e-02
0.000000000000000000e+00,9.060000000000000275e-01,1.999999999999999001e-02,4.479991051433583493e+01,7.521280348980891164e-08,9.845493491405208925e-05,4.700000000000015277e-02,9.504746185285751769e-01,9.442808451810064119e-01,6.700000000000014277e-02
0.000000000000000000e+00,9.060000000000000275e-01,2.099999999999999090e-02,4.141935556586550149e+01,5.685724682267794738e-08,9.693409790723023299e-05,4.600000000000004086e-02,9.107464565826082215e-01,9.477593387295838445e-01,6.700000000000003175e-02
0.000000000000000000e+00,9.060000000000000275e-01,2.199999999999999178e-02,4.626982792043592241e+01,8.261343358631466659e-08,9.790976079688553345e-05,4.700000000000015277e-02,9.507937747366550507e-01,9.526186013749802228e-01,6.900000000000014455e-02
0.000000000000000000e+00,9.060000000000000275e-01,2.299999999999998920e-02,3.991345499176578926e+01,4.943775590865072333e-08,9.654339425463020455e-05,4.499999999999992895e-02,9.118817915351734582e-01,9.510615297878041163e-01,6.799999999999992162e-02
0.000000000000000000e+00,9.060000000000000275e-01,2.399999999999998662e-02,4.322595011435728907e+01,6.486940217655272765e-08,9.875826266161562121e-05,4.600000000000004086e-02,9.182664762850439866e-01,9.564939532684461065e-01,7.000000000000003442e-02
0.000000000000000000e+00,9.060000000000000275e-01,2.499999999999998751e-02,3.833337493113831584e+01,4.222357185645558032e-08,9.615610031738370525e-05,4.400000000000003908e-02,9.105723255903321878e-01,9.540159697961912988e-01,6.900000000000003353e-02
0.000000000000000000e+00,9.060000000000000275e-01,2.599999999999998840e-02,3.869783998885829135e+01,4.355801332588355135e-08,9.831175170351154455e-05,4.400000000000003908e-02,9.151302586672942496e-01,9.545484988366793599e-01,7.000000000000003442e-02
0.000000000000000000e+00,9.060000000000000275e-01,2.699999999999998929e-02,3.949466040803510936e+01,4.654965785508325074e-08,9.784170340705702115e-05,4.400000000000003908e-02,9.144346059338325228e-01,9.576662645159202958e-01,7.100000000000003531e-02
0.000000000000000000e+00,9.060000000000000275e-01,2.799999999999998324e-02,4.018394082109128362e+01,4.921453347883470086e-08,9.801605184194923600e-05,4.400000000000003908e-02,9.151033655535296685e-01,9.610034336607328198e-01,7.200000000000002232e-02
0.000000000000000000e+00,9.060000000000000275e-01,2.899999999999998412e-02,4.057518009444456197e+01,5.076107864708228233e-08,9.999857400661731673e-05,4.400000000000003908e-02,9.187380314000287429e-01,9.608099391623353691e-01,7.300000000000002320e-02
0.000000000000000000e+00,9.060000000000000275e-01,2.999999999999998501e-02,4.097718504981480692e+01,5.237829780728132008e-08,1.018910955352184664e-04,4.400000000000003908e-02,9.219515166768549319e-01,9.609002002432482925e-01,7.400000000000002409e-02
0.000000000000000000e+00,9.060000000000000275e-01,3.099999999999998590e-02,4.148128805548122244e+01,5.444486502979112364e-08,1.031062890831029402e-04,4.400000000000003908e-02,9.239405365370813028e-01,9.627299016499585305e-01,7.500000000000002498e-02
0.000000000000000000e+00,9.060000000000000275e-01,3.199999999999997985e-02,4.194109610619367601e+01,5.636656744350318419e-08,1.045950101475025186e-04,4.400000000000003908e-02,9.261471377357261003e-01,9.636773534285290044e-01,7.600000000000001199e-02
0.000000000000000000e+00,9.060000000000000275e-01,3.299999999999998074e-02,4.213893144193039575e+01,5.720571416483218572e-08,1.078940964052014969e-04,4.400000000000003908e-02,9.300796302698608464e-01,9.567788179909979540e-01,7.700000000000001288e-02
0.000000000000000000e+00,9.060000000000000275e-01,3.399999999999998163e-02,3.884158841069216805e+01,4.227489536545218243e-08,9.989947744850971047e-05,4.200000000000003730e-02,9.062132108430643873e-01,9.601913321320845185e-01,7.600000000000001199e-02
0.000000000000000000e+00,9.060000000000000275e-01,3.499999999999998251e-02,3.750053515304447416e+01,3.691107039015668443e-08,9.707628750636438199e-05,4.100000000000014744e-02,9.070825853960375884e-01,9.605320994729578121e-01,7.600000000000012301e-02
0.000000000000000000e+00,9.060000000000000275e-01,3.599999999999997646e-02,3.792667479888731918e+01,3.832092220313423483e-08,9.886890064856751492e-05,4.100000000000014744e-02,9.097620837232162083e-01,9.602929301878422308e-01,7.700000000000012390e-02
0.000000000000000000e+00,9.060000000000000275e-01,3.699999999999997735e-02,3.842704367710959446e+01,4.001331380490324854e-08,1.000857732202960470e-04,4.100000000000014744e-02,9.113616540441548119e-01,9.617769667729888505e-01,7.800000000000012479e-02
0.000000000000000000e+00,9.060000000000000275e-01,3.799999999999997824e-02,3.889376036453673890e+01,4.162743138261660884e-08,1.015394481463731516e-04,4.100000000000014744e-02,9.131928830856629320e-01,9.624288971866421516e-01,7.900000000000012568e-02
0.000000000000000000e+00,9.060000000000000275e-01,3.899999999999997913e-02,3.916236960243139009e+01,4.257332500643176716e-08,1.045646242325575957e-04,4.100000000000014744e-02,9.167796393615158523e-01,9.557237779287380830e-01,8.000000000000012657e-02
0.000000000000000000e+00,9.060000000000000275e-01,3.999999999999997308e-02,3.956456990607275515e+01,4.401364966749370321e-08,1.064599419540336313e-04,4.100000000000014744e-02,9.188795103541117504e-01,9.554800170382816704e-01,8.100000000000012745e-02
0.000000000000000000e+00,9.060000000000000275e-01,4.099999999999997397e-02,4.005921919434981504e+01,4.582102169421215683e-08,1.076039890389476303e-04,4.100000000000014744e-02,9.198012439933745954e-01,9.573331548270077596e-01,8.200000000000012834e-02
0.000000000000000000e+00,9.060000000000000275e-01,4.199999999999997485e-02,4.048028022356876221e+01,4.739058612233118264e-08,1.093300226831546152e-04,4.100000000000014744e-02,9.214238019315841299e-01,9.574236967275686627e-01,8.300000000000012923e-02
0.000000000000000000e+00,9.060000000000000275e-01,4.299999999999997574e-02,4.079770413836462239e+01,4.859410520361139646e-08,1.119275976386227951e-04,4.100000000000014744e-02,9.238850723481347726e-01,9.538901272747140059e-01,8.400000000000013012e-02
0.000000000000000000e+00,9.060000000000000275e-01,4.399999999999997663e-02,4.126952167443864994e+01,5.041461902437337912e-08,1.131913973492480762e-04,4.100000000000014744e-02,9.246560337501285032e-01,9.554764979650944845e-01,8.500000000000013101e-02
0.000000000000000000e+00,9.060000000000000275e-01,4.499999999999997058e-02,4.177033333476574484e+01,5.238573103030633625e-08,1.142139764181645693e-04,4.100000000000014744e-02,9.250159916421710760e-01,9.573539323802398027e-01,8.600000000000011802e-02
0.000000000000000000e+00,9.060000000000000275e-01,4.599999999999997147e-02,4.215223607534096573e+01,5.391641942340160379e-08,1.162392925590888080e-04,4.100000000000014744e-02,9.265505300033918257e-01,9.562683316692247582e-01,8.700000000000011890e-02
0.000000000000000000e+00,9.060000000000000275e-01,4.699999999999997236e-02,4.247602876881285283e+01,5.523444020422048212e-08,1.187806970175295479e-04,4.100000000000014744e-02,9.284829810106665082e-01,9.531312374109455199e-01,8.800000000000011979e-02
0.000000000000000000e+00,9.060000000000000275e-01,4.799999999999996630e-02,4.283898299970419288e+01,5.673427004682400486e-08,1.209503970436375908e-04,4.100000000000014744e-02,9.299386614275956253e-01,9.519287971051982877e-01,8.900000000000010680e-02
0.000000000000000000e+00,9.060000000000000275e-01,4.899999999999996719e-02,4.323688393103110172e+01,5.840478632736850364e-08,1.227908001681744853e-04,4.100000000000014744e-02,9.309612547242891445e-01,9.519721001660701454e-01,9.000000000000010769e-02
0.000000000000000000e+00,9.070000000000000284e-01,1.000000000000000021e-02,4.243409899677060082e+01,6.265266593689582507e-08,9.786083750731695776e-05,5.000000000000004441e-02,9.274103530408051022e-01,9.467603338807567548e-01,6.000000000000004635e-02
0.000000000000000000e+00,9.070000000000000284e-01,1.099999999999999936e-02,4.379008646649742786e+01,7.039699826821017465e-08,9.238050358522850985e-05,4.899999999999993250e-02,9.095818029788766967e-01,9.247428287530585767e-01,5.999999999999992839e-02
0.000000000000000000e+00,9.070000000000000284e-01,1.199999999999999852e-02,4.431884979101823774e+01,7.295988771945145497e-08,9.303075962397148091e-05,4.899999999999993250e-02,9.160240244915953678e-01,9.330958565172461361e-01,6.099999999999992928e-02
0.000000000000000000e+00,9.070000000000000284e-01,1.299999999999999767e-02,4.341147843284966967e+01,6.863103459679481611e-08,8.452052246990452279e-05,4.700000000000015277e-02,9.096208768294135050e-01,9.125751177780351275e-01,6.000000000000015044e-02
0.000000000000000000e+00,9.070000000000000284e-01,1.399999999999999682e-02,4.377865054004163881e+01,7.033094267552378145e-08,8.562643599259055129e-05,4.700000000000015277e-02,9.171015211070295825e-01,9.222374471284486841e-01,6.100000000000015132e-02
0.000000000000000000e+00,9.070000000000000284e-01,1.499999999999999598e-02,4.375766435382702468e+01,7.023284404983888348e-08,8.834390854415310980e-05,4.700000000000015277e-02,9.253847970764845776e-01,9.274219074675470464e-01,6.200000000000015221e-02
0.000000000000000000e+00,9.070000000000000284e-01,1.599999999999999339e-02,4.421681287595983889e+01,7.240196908271703766e-08,8.918050978642849441e-05,4.700000000000015277e-02,9.304319614122213977e-01,9.348997011110539157e-01,6.300000000000013922e-02
0.000000000000000000e+00,9.070000000000000284e-01,1.699999999999999428e-02,4.462131790723262270e+01,7.434152082752570975e-08,9.028911149300826889e-05,4.700000000000015277e-02,9.352063693011127832e-01,9.411396808437699768e-01,6.400000000000014011e-02
0.000000000000000000e+00,9.070000000000000284e-01,1.799999999999999517e-02,4.474586607125399240e+01,7.494548726589295303e-08,9.264021887901501776e-05,4.700000000000015277e-02,9.407333547242746619e-01,9.438619892803877809e-01,6.500000000000014100e-02
0.000000000000000000e+00,9.070000000000000284e-01,1.899999999999999259e-02,4.468848388509135816e+01,7.466539276614947312e-08,9.591025544588897779e-05,4.700000000000015277e-02,9.461062553662291652e-01,9.425876130295847144e-01,6.600000000000014189e-02
0.000000000000000000e+00,9.070000000000000284e-01,1.999999999999999001e-02,4.479991051433583493e+01,7.521280348980891164e-08,9.845493491405208925e-05,4.700000000000015277e-02,9.504746185285751769e-01,9.442808451810064119e-01,6.700000000000014277e-02
0.000000000000000000e+00,9.070000000000000284e-01,2.099999999999999090e-02,4.141935556586550149e+01,5.685724682267794738e-08,9.693409790723023299e-05,4.600000000000004086e-02,9.107464565826082215e-01,9.477593387295838445e-01,6.700000000000003175e-02
0.000000000000000000e+00,9.070000000000000284e-01,2.199999999999999178e-02,4.626982792043592241e+01,8.261343358631466659e-08,9.790976079688553345e-05,4.700000000000015277e-02,9.507937747366550507e-01,9.526186013749802228e-01,6.900000000000014455e-02
0.000000000000000000e+00,9.070000000000000284e-01,2.299999999999998920e-02,3.991345499176578926e+01,4.943775590865072333e-08,9.654339425463020455e-05,4.499999999999992895e-02,9.118817915351734582e-01,9.510615297878041163e-01,6.799999999999992162e-02
0.000000000000000000e+00,9.070000000000000284e-01,2.399999999999998662e-02,4.322595011435728907e+01,6.486940217655272765e-08,9.875826266161562121e-05,4.600000000000004086e-02,9.182664762850439866e-01,9.564939532684461065e-01,7.000000000000003442e-02
0.000000000000000000e+00,9.070000000000000284e-01,2.499999999999998751e-02,3.833337493113831584e+01,4.222357185645558032e-08,9.615610031738370525e-05,4.400000000000003908e-02,9.105723255903321878e-01,9.540159697961912988e-01,6.900000000000003353e-02
0.000000000000000000e+00,9.070000000000000284e-01,2.599999999999998840e-02,3.869783998885829135e+01,4.355801332588355135e-08,9.831175170351154455e-05,4.400000000000003908e-02,9.151302586672942496e-01,9.545484988366793599e-01,7.000000000000003442e-02
0.000000000000000000e+00,9.070000000000000284e-01,2.699999999999998929e-02,3.949466040803510936e+01,4.654965785508325074e-08,9.784170340705702115e-05,4.400000000000003908e-02,9.144346059338325228e-01,9.576662645159202958e-01,7.100000000000003531e-02
0.000000000000000000e+00,9.070000000000000284e-01,2.799999999999998324e-02,4.018394082109128362e+01,4.921453347883470086e-08,9.801605184194923600e-05,4.400000000000003908e-02,9.151033655535296685e-01,9.610034336607328198e-01,7.200000000000002232e-02
0.000000000000000000e+00,9.070000000000000284e-01,2.899999999999998412e-02,4.057518009444456197e+01,5.076107864708228233e-08,9.999857400661731673e-05,4.400000000000003908e-02,9.187380314000287429e-01,9.608099391623353691e-01,7.300000000000002320e-02
0.000000000000000000e+00,9.070000000000000284e-01,2.999999999999998501e-02,4.097718504981480692e+01,5.237829780728132008e-08,1.018910955352184664e-04,4.400000000000003908e-02,9.219515166768549319e-01,9.609002002432482925e-01,7.400000000000002409e-02
0.000000000000000000e+00,9.070000000000000284e-01,3.099999999999998590e-02,4.148128805548122244e+01,5.444486502979112364e-08,1.031062890831029402e-04,4.400000000000003908e-02,9.239405365370813028e-01,9.627299016499585305e-01,7.500000000000002498e-02
0.000000000000000000e+00,9.070000000000000284e-01,3.199999999999997985e-02,4.194109610619367601e+01,5.636656744350318419e-08,1.045950101475025186e-04,4.400000000000003908e-02,9.261471377357261003e-01,9.636773534285290044e-01,7.600000000000001199e-02
0.000000000000000000e+00,9.070000000000000284e-01,3.299999999999998074e-02,4.213893144193039575e+01,5.720571416483218572e-08,1.078940964052014969e-04,4.400000000000003908e-02,9.300796302698608464e-01,9.567788179909979540e-01,7.700000000000001288e-02
0.000000000000000000e+00,9.070000000000000284e-01,3.399999999999998163e-02,4.251801447318327121e+01,5.883565816750061484e-08,1.098739644545052284e-04,4.400000000000003908e-02,9.324677713463428441e-01,9.568363149539360624e-01,7.800000000000001377e-02
0.000000000000000000e+00,9.070000000000000284e-01,3.499999999999998251e-02,3.750053515304447416e+01,3.691107039015668443e-08,9.707628750636438199e-05,4.100000000000014744e-02,9.070825853960375884e-01,9.605320994729578121e-01,7.600000000000012301e-02
0.000000000000000000e+00,9.070000000000000284e-01,3.599999999999997646e-02,3.792667479888731918e+01,3.832092220313423483e-08,9.886890064856751492e-05,4.100000000000014744e-02,9.097620837232162083e-01,9.602929301878422308e-01,7.700000000000012390e-02
0.000000000000000000e+00,9.070000000000000284e-01,3.699999999999997735e-02,3.842704367710959446e+01,4.001331380490324854e-08,1.000857732202960470e-04,4.100000000000014744e-02,9.113616540441548119e-01,9.617769667729888505e-01,7.800000000000012479e-02
0.000000000000000000e+00,9.070000000000000284e-01,3.799999999999997824e-02,3.889376036453673890e+01,4.162743138261660884e-08,1.015394481463731516e-04,4.100000000000014744e-02,9.131928830856629320e-01,9.624288971866421516e-01,7.900000000000012568e-02
0.000000000000000000e+00,9.070000000000000284e-01,3.899999999999997913e-02,3.916236960243139009e+01,4.257332500643176716e-08,1.045646242325575957e-04,4.100000000000014744e-02,9.167796393615158523e-01,9.557237779287380830e-01,8.000000000000012657e-02
0.000000000000000000e+00,9.070000000000000284e-01,3.999999999999997308e-02,3.956456990607275515e+01,4.401364966749370321e-08,1.064599419540336313e-04,4.100000000000014744e-02,9.188795103541117504e-01,9.554800170382816704e-01,8.100000000000012745e-02
0.000000000000000000e+00,9.070000000000000284e-01,4.099999999999997397e-02,4.005921919434981504e+01,4.582102169421215683e-08,1.076039890389476303e-04,4.100000000000014744e-02,9.198012439933745954e-01,9.573331548270077596e-01,8.200000000000012834e-02
0.000000000000000000e+00,9.070000000000000284e-01,4.199999999999997485e-02,4.048028022356876221e+01,4.739058612233118264e-08,1.093300226831546152e-04,4.100000000000014744e-02,9.214238019315841299e-01,9.574236967275686627e-01,8.300000000000012923e-02
0.000000000000000000e+00,9.070000000000000284e-01,4.299999999999997574e-02,4.079770413836462239e+01,4.859410520361139646e-08,1.119275976386227951e-04,4.100000000000014744e-02,9.238850723481347726e-01,9.538901272747140059e-01,8.400000000000013012e-02
0.000000000000000000e+00,9.070000000000000284e-01,4.399999999999997663e-02,4.126952167443864994e+01,5.041461902437337912e-08,1.131913973492480762e-04,4.100000000000014744e-02,9.246560337501285032e-01,9.554764979650944845e-01,8.500000000000013101e-02
0.000000000000000000e+00,9.070000000000000284e-01,4.499999999999997058e-02,4.177033333476574484e+01,5.238573103030633625e-08,1.142139764181645693e-04,4.100000000000014744e-02,9.250159916421710760e-01,9.573539323802398027e-01,8.600000000000011802e-02
0.000000000000000000e+00,9.070000000000000284e-01,4.599999999999997147e-02,4.215223607534096573e+01,5.391641942340160379e-08,1.162392925590888080e-04,4.100000000000014744e-02,9.265505300033918257e-01,9.562683316692247582e-01,8.700000000000011890e-02
0.000000000000000000e+00,9.070000000000000284e-01,4.699999999999997236e-02,4.247602876881285283e+01,5.523444020422048212e-08,1.187806970175295479e-04,4.100000000000014744e-02,9.284829810106665082e-01,9.531312374109455199e-01,8.800000000000011979e-02
0.000000000000000000e+00,9.070000000000000284e-01,4.799999999999996630e-02,4.283898299970419288e+01,5.673427004682400486e-08,1.209503970436375908e-04,4.100000000000014744e-02,9.299386614275956253e-01,9.519287971051982877e-01,8.900000000000010680e-02
0.000000000000000000e+00,9.070000000000000284e-01,4.899999999999996719e-02,4.323688393103110172e+01,5.840478632736850364e-08,1.227908001681744853e-04,4.100000000000014744e-02,9.309612547242891445e-01,9.519721001660701454e-01,9.000000000000010769e-02
0.000000000000000000e+00,9.080000000000000293e-01,1.000000000000000021e-02,4.243409899677060082e+01,6.265266593689582507e-08,9.786083750731695776e-05,5.000000000000004441e-02,9.274103530408051022e-01,9.467603338807567548e-01,6.000000000000004635e-02
0.000000000000000000e+00,9.080000000000000293e-01,1.099999999999999936e-02,4.379008646649742786e+01,7.039699826821017465e-08,9.238050358522850985e-05,4.899999999999993250e-02,9.095818029788766967e-01,9.247428287530585767e-01,5.999999999999992839e-02
0.000000000000000000e+00,9.080000000000000293e-01,1.199999999999999852e-02,4.431884979101823774e+01,7.295988771945145497e-08,9.303075962397148091e-05,4.899999999999993250e-02,9.160240244915953678e-01,9.330958565172461361e-01,6.099999999999992928e-02
0.000000000000000000e+00,9.080000000000000293e-01,1.299999999999999767e-02,4.341147843284966967e+01,6.863103459679481611e-08,8.452052246990452279e-05,4.700000000000015277e-02,9.096208768294135050e-01,9.125751177780351275e-01,6.000000000000015044e-02
0.000000000000000000e+00,9.080000000000000293e-01,1.399999999999999682e-02,4.377865054004163881e+01,7.033094267552378145e-08,8.562643599259055129e-05,4.700000000000015277e-02,9.171015211070295825e-01,9.222374471284486841e-01,6.100000000000015132e-02
0.000000000000000000e+00,9.080000000000000293e-01,1.499999999999999598e-02,4.375766435382702468e+01,7.023284404983888348e-08,8.834390854415310980e-05,4.700000000000015277e-02,9.253847970764845776e-01,9.274219074675470464e-01,6.200000000000015221e-02
0.000000000000000000e+00,9.080000000000000293e-01,1.599999999999999339e-02,4.421681287595983889e+01,7.240196908271703766e-08,8.918050978642849441e-05,4.700000000000015277e-02,9.304319614122213977e-01,9.348997011110539157e-01,6.300000000000013922e-02
0.000000000000000000e+00,9.080000000000000293e-01,1.699999999999999428e-02,4.462131790723262270e+01,7.434152082752570975e-08,9.028911149300826889e-05,4.700000000000015277e-02,9.352063693011127832e-01,9.411396808437699768e-01,6.400000000000014011e-02
0.000000000000000000e+00,9.080000000000000293e-01,1.799999999999999517e-02,4.474586607125399240e+01,7.494548726589295303e-08,9.264021887901501776e-05,4.700000000000015277e-02,9.407333547242746619e-01,9.438619892803877809e-01,6.500000000000014100e-02
0.000000000000000000e+00,9.080000000000000293e-01,1.899999999999999259e-02,4.468848388509135816e+01,7.466539276614947312e-08,9.591025544588897779e-05,4.700000000000015277e-02,9.461062553662291652e-01,9.425876130295847144e-01,6.600000000000014189e-02
0.000000000000000000e+00,9.080000000000000293e-01,1.999999999999999001e-02,4.479991051433583493e+01,7.521280348980891164e-08,9.845493491405208925e-05,4.700000000000015277e-02,9.504746185285751769e-01,9.442808451810064119e-01,6.700000000000014277e-02
0.000000000000000000e+00,9.080000000000000293e-01,2.099999999999999090e-02,4.141935556586550149e+01,5.685724682267794738e-08,9.693409790723023299e-05,4.600000000000004086e-02,9.107464565826082215e-01,9.477593387295838445e-01,6.700000000000003175e-02
0.000000000000000000e+00,9.080000000000000293e-01,2.199999999999999178e-02,4.626982792043592241e+01,8.261343358631466659e-08,9.790976079688553345e-05,4.700000000000015277e-02,9.507937747366550507e-01,9.526186013749802228e-01,6.900000000000014455e-02
0.000000000000000000e+00,9.080000000000000293e-01,2.299999999999998920e-02,3.991345499176578926e+01,4.943775590865072333e-08,9.654339425463020455e-05,4.499999999999992895e-02,9.118817915351734582e-01,9.510615297878041163e-01,6.799999999999992162e-02
0.000000000000000000e+00,9.080000000000000293e-01,2.399999999999998662e-02,4.322595011435728907e+01,6.486940217655272765e-08,9.875826266161562121e-05,4.600000000000004086e-02,9.182664762850439866e-01,9.564939532684461065e-01,7.000000000000003442e-02
0.000000000000000000e+00,9.080000000000000293e-01,2.499999999999998751e-02,3.833337493113831584e+01,4.222357185645558032e-08,9.615610031738370525e-05,4.400000000000003908e-02,9.105723255903321878e-01,9.540159697961912988e-01,6.900000000000003353e-02
0.000000000000000000e+00,9.080000000000000293e-01,2.599999999999998840e-02,3.869783998885829135e+01,4.355801332588355135e-08,9.831175170351154455e-05,4.400000000000003908e-02,9.151302586672942496e-01,9.545484988366793599e-01,7.000000000000003442e-02
0.000000000000000000e+00,9.080000000000000293e-01,2.699999999999998929e-02,3.949466040803510936e+01,4.654965785508325074e-08,9.784170340705702115e-05,4.400000000000003908e-02,9.144346059338325228e-01,9.576662645159202958e-01,7.100000000000003531e-02
0.000000000000000000e+00,9.080000000000000293e-01,2.799999999999998324e-02,4.018394082109128362e+01,4.921453347883470086e-08,9.801605184194923600e-05,4.400000000000003908e-02,9.151033655535296685e-01,9.610034336607328198e-01,7.200000000000002232e-02
0.000000000000000000e+00,9.080000000000000293e-01,2.899999999999998412e-02,4.057518009444456197e+01,5.076107864708228233e-08,9.999857400661731673e-05,4.400000000000003908e-02,9.187380314000287429e-01,9.608099391623353691e-01,7.300000000000002320e-02
0.000000000000000000e+00,9.080000000000000293e-01,2.999999999999998501e-02,4.097718504981480692e+01,5.237829780728132008e-08,1.018910955352184664e-04,4.400000000000003908e-02,9.219515166768549319e-01,9.609002002432482925e-01,7.400000000000002409e-02
0.000000000000000000e+00,9.080000000000000293e-01,3.099999999999998590e-02,4.148128805548122244e+01,5.444486502979112364e-08,1.031062890831029402e-04,4.400000000000003908e-02,9.239405365370813028e-01,9.627299016499585305e-01,7.500000000000002498e-02
0.000000000000000000e+00,9.080000000000000293e-01,3.199999999999997985e-02,4.194109610619367601e+01,5.636656744350318419e-08,1.045950101475025186e-04,4.400000000000003908e-02,9.261471377357261003e-01,9.636773534285290044e-01,7.600000000000001199e-02
0.000000000000000000e+00,9.080000000000000293e-01,3.299999999999998074e-02,4.213893144193039575e+01,5.720571416483218572e-08,1.078940964052014969e-04,4.400000000000003908e-02,9.300796302698608464e-01,9.567788179909979540e-01,7.700000000000001288e-02
0.000000000000000000e+00,9.080000000000000293e-01,3.399999999999998163e-02,4.251801447318327121e+01,5.883565816750061484e-08,1.098739644545052284e-04,4.400000000000003908e-02,9.324677713463428441e-01,9.568363149539360624e-01,7.800000000000001377e-02
0.000000000000000000e+00,9.080000000000000293e-01,3.499999999999998251e-02,3.934607104581192516e+01,4.409081973217401510e-08,1.011160633701226925e-04,4.200000000000003730e-02,9.082330986951887564e-01,9.618171781534142761e-01,7.700000000000001288e-02
0.000000000000000000e+00,9.080000000000000293e-01,3.599999999999997646e-02,3.792667479888731918e+01,3.832092220313423483e-08,9.886890064856751492e-05,4.100000000000014744e-02,9.097620837232162083e-01,9.602929301878422308e-01,7.700000000000012390e-02
0.000000000000000000e+00,9.080000000000000293e-01,3.699999999999997735e-02,3.842704367710959446e+01,4.001331380490324854e-08,1.000857732202960470e-04,4.100000000000014744e-02,9.113616540441548119e-01,9.617769667729888505e-01,7.800000000000012479e-02
0.000000000000000000e+00,9.080000000000000293e-01,3.799999999999997824e-02,3.889376036453673890e+01,4.162743138261660884e-08,1.015394481463731516e-04,4.100000000000014744e-02,9.131928830856629320e-01,9.624288971866421516e-01,7.900000000000012568e-02
0.000000000000000000e+00,9.080000000000000293e-01,3.899999999999997913e-02,3.916236960243139009e+01,4.257332500643176716e-08,1.045646242325575957e-04,4.100000000000014744e-02,9.167796393615158523e-01,9.557237779287380830e-01,8.000000000000012657e-02
0.000000000000000000e+00,9.080000000000000293e-01,3.999999999999997308e-02,3.956456990607275515e+01,4.401364966749370321e-08,1.064599419540336313e-04,4.100000000000014744e-02,9.188795103541117504e-01,9.554800170382816704e-01,8.100000000000012745e-02
0.000000000000000000e+00,9.080000000000000293e-01,4.099999999999997397e-02,4.005921919434981504e+01,4.582102169421215683e-08,1.076039890389476303e-04,4.100000000000014744e-02,9.198012439933745954e-01,9.573331548270077596e-01,8.200000000000012834e-02
0.000000000000000000e+00,9.080000000000000293e-01,4.199999999999997485e-02,4.048028022356876221e+01,4.739058612233118264e-08,1.093300226831546152e-04,4.100000000000014744e-02,9.214238019315841299e-01,9.574236967275686627e-01,8.300000000000012923e-02
0.000000000000000000e+00,9.080000000000000293e-01,4.299999999999997574e-02,4.079770413836462239e+01,4.859410520361139646e-08,1.119275976386227951e-04,4.100000000000014744e-02,9.238850723481347726e-01,9.538901272747140059e-01,8.400000000000013012e-02
0.000000000000000000e+00,9.080000000000000293e-01,4.399999999999997663e-02,4.126952167443864994e+01,5.041461902437337912e-08,1.131913973492480762e-04,4.100000000000014744e-02,9.246560337501285032e-01,9.554764979650944845e-01,8.500000000000013101e-02
0.000000000000000000e+00,9.080000000000000293e-01,4.499999999999997058e-02,4.177033333476574484e+01,5.238573103030633625e-08,1.142139764181645693e-04,4.100000000000014744e-02,9.250159916421710760e-01,9.573539323802398027e-01,8.600000000000011802e-02
0.000000000000000000e+00,9.080000000000000293e-01,4.599999999999997147e-02,4.215223607534096573e+01,5.391641942340160379e-08,1.162392925590888080e-04,4.100000000000014744e-02,9.265505300033918257e-01,9.562683316692247582e-01,8.700000000000011890e-02
0.000000000000000000e+00,9.080000000000000293e-01,4.699999999999997236e-02,4.247602876881285283e+01,5.523444020422048212e-08,1.187806970175295479e-04,4.100000000000014744e-02,9.284829810106665082e-01,9.531312374109455199e-01,8.800000000000011979e-02
0.000000000000000000e+00,9.080000000000000293e-01,4.799999999999996630e-02,4.283898299970419288e+01,5.673427004682400486e-08,1.209503970436375908e-04,4.100000000000014744e-02,9.299386614275956253e-01,9.519287971051982877e-01,8.900000000000010680e-02
0.000000000000000000e+00,9.080000000000000293e-01,4.899999999999996719e-02,4.323688393103110172e+01,5.840478632736850364e-08,1.227908001681744853e-04,4.100000000000014744e-02,9.309612547242891445e-01,9.519721001660701454e-01,9.000000000000010769e-02
0.000000000000000000e+00,9.090000000000000302e-01,1.000000000000000021e-02,4.243409899677060082e+01,6.265266593689582507e-08,9.786083750731695776e-05,5.000000000000004441e-02,9.274103530408051022e-01,9.467603338807567548e-01,6.000000000000004635e-02
0.000000000000000000e+00,9.090000000000000302e-01,1.099999999999999936e-02,4.379008646649742786e+01,7.039699826821017465e-08,9.238050358522850985e-05,4.899999999999993250e-02,9.095818029788766967e-01,9.247428287530585767e-01,5.999999999999992839e-02
0.000000000000000000e+00,9.090000000000000302e-01,1.199999999999999852e-02,4.431884979101823774e+01,7.295988771945145497e-08,9.303075962397148091e-05,4.899999999999993250e-02,9.160240244915953678e-01,9.330958565172461361e-01,6.099999999999992928e-02
0.000000000000000000e+00,9.090000000000000302e-01,1.299999999999999767e-02,4.341147843284966967e+01,6.863103459679481611e-08,8.452052246990452279e-05,4.700000000000015277e-02,9.096208768294135050e-01,9.125751177780351275e-01,6.000000000000015044e-02
0.000000000000000000e+00,9.090000000000000302e-01,1.399999999999999682e-02,4.377865054004163881e+01,7.033094267552378145e-08,8.562643599259055129e-05,4.700000000000015277e-02,9.171015211070295825e-01,9.222374471284486841e-01,6.100000000000015132e-02
0.000000000000000000e+00,9.090000000000000302e-01,1.499999999999999598e-02,4.375766435382702468e+01,7.023284404983888348e-08,8.834390854415310980e-05,4.700000000000015277e-02,9.253847970764845776e-01,9.274219074675470464e-01,6.200000000000015221e-02
0.000000000000000000e+00,9.090000000000000302e-01,1.599999999999999339e-02,4.421681287595983889e+01,7.240196908271703766e-08,8.918050978642849441e-05,4.700000000000015277e-02,9.304319614122213977e-01,9.348997011110539157e-01,6.300000000000013922e-02
0.000000000000000000e+00,9.090000000000000302e-01,1.699999999999999428e-02,4.462131790723262270e+01,7.434152082752570975e-08,9.028911149300826889e-05,4.700000000000015277e-02,9.352063693011127832e-01,9.411396808437699768e-01,6.400000000000014011e-02
0.000000000000000000e+00,9.090000000000000302e-01,1.799999999999999517e-02,4.474586607125399240e+01,7.494548726589295303e-08,9.264021887901501776e-05,4.700000000000015277e-02,9.407333547242746619e-01,9.438619892803877809e-01,6.500000000000014100e-02
0.000000000000000000e+00,9.090000000000000302e-01,1.899999999999999259e-02,4.468848388509135816e+01,7.466539276614947312e-08,9.591025544588897779e-05,4.700000000000015277e-02,9.461062553662291652e-01,9.425876130295847144e-01,6.600000000000014189e-02
0.000000000000000000e+00,9.090000000000000302e-01,1.999999999999999001e-02,4.479991051433583493e+01,7.521280348980891164e-08,9.845493491405208925e-05,4.700000000000015277e-02,9.504746185285751769e-01,9.442808451810064119e-01,6.700000000000014277e-02
0.000000000000000000e+00,9.090000000000000302e-01,2.099999999999999090e-02,4.141935556586550149e+01,5.685724682267794738e-08,9.693409790723023299e-05,4.600000000000004086e-02,9.107464565826082215e-01,9.477593387295838445e-01,6.700000000000003175e-02
0.000000000000000000e+00,9.090000000000000302e-01,2.199999999999999178e-02,4.626982792043592241e+01,8.261343358631466659e-08,9.790976079688553345e-05,4.700000000000015277e-02,9.507937747366550507e-01,9.526186013749802228e-01,6.900000000000014455e-02
0.000000000000000000e+00,9.090000000000000302e-01,2.299999999999998920e-02,3.991345499176578926e+01,4.943775590865072333e-08,9.654339425463020455e-05,4.499999999999992895e-02,9.118817915351734582e-01,9.510615297878041163e-01,6.799999999999992162e-02
0.000000000000000000e+00,9.090000000000000302e-01,2.399999999999998662e-02,4.322595011435728907e+01,6.486940217655272765e-08,9.875826266161562121e-05,4.600000000000004086e-02,9.182664762850439866e-01,9.564939532684461065e-01,7.000000000000003442e-02
0.000000000000000000e+00,9.090000000000000302e-01,2.499999999999998751e-02,3.833337493113831584e+01,4.222357185645558032e-08,9.615610031738370525e-05,4.400000000000003908e-02,9.105723255903321878e-01,9.540159697961912988e-01,6.900000000000003353e-02
0.000000000000000000e+00,9.090000000000000302e-01,2.599999999999998840e-02,3.869783998885829135e+01,4.355801332588355135e-08,9.831175170351154455e-05,4.400000000000003908e-02,9.151302586672942496e-01,9.545484988366793599e-01,7.000000000000003442e-02
0.000000000000000000e+00,9.090000000000000302e-01,2.699999999999998929e-02,3.949466040803510936e+01,4.654965785508325074e-08,9.784170340705702115e-05,4.400000000000003908e-02,9.144346059338325228e-01,9.576662645159202958e-01,7.100000000000003531e-02
0.000000000000000000e+00,9.090000000000000302e-01,2.799999999999998324e-02,4.018394082109128362e+01,4.921453347883470086e-08,9.801605184194923600e-05,4.400000000000003908e-02,9.151033655535296685e-01,9.610034336607328198e-01,7.200000000000002232e-02
0.000000000000000000e+00,9.090000000000000302e-01,2.899999999999998412e-02,4.057518009444456197e+01,5.076107864708228233e-08,9.999857400661731673e-05,4.400000000000003908e-02,9.187380314000287429e-01,9.608099391623353691e-01,7.300000000000002320e-02
0.000000000000000000e+00,9.090000000000000302e-01,2.999999999999998501e-02,4.097718504981480692e+01,5.237829780728132008e-08,1.018910955352184664e-04,4.400000000000003908e-02,9.219515166768549319e-01,9.609002002432482925e-01,7.400000000000002409e-02
0.000000000000000000e+00,9.090000000000000302e-01,3.099999999999998590e-02,4.148128805548122244e+01,5.444486502979112364e-08,1.031062890831029402e-04,4.400000000000003908e-02,9.239405365370813028e-01,9.627299016499585305e-01,7.500000000000002498e-02
0.000000000000000000e+00,9.090000000000000302e-01,3.199999999999997985e-02,4.194109610619367601e+01,5.636656744350318419e-08,1.045950101475025186e-04,4.400000000000003908e-02,9.261471377357261003e-01,9.636773534285290044e-01,7.600000000000001199e-02
0.000000000000000000e+00,9.090000000000000302e-01,3.299999999999998074e-02,4.213893144193039575e+01,5.720571416483218572e-08,1.078940964052014969e-04,4.400000000000003908e-02,9.300796302698608464e-01,9.567788179909979540e-01,7.700000000000001288e-02
0.000000000000000000e+00,9.090000000000000302e-01,3.399999999999998163e-02,4.251801447318327121e+01,5.883565816750061484e-08,1.098739644545052284e-04,4.400000000000003908e-02,9.324677713463428441e-01,9.568363149539360624e-01,7.800000000000001377e-02
0.000000000000000000e+00,9.090000000000000302e-01,3.499999999999998251e-02,3.995969842509810377e+01,4.625093792823540002e-08,1.076117579856177638e-04,4.300000000000014921e-02,9.094676907685841361e-01,9.585598960622090381e-01,7.800000000000012479e-02
0.000000000000000000e+00,9.090000000000000302e-01,3.599999999999997646e-02,3.792667479888731918e+01,3.832092220313423483e-08,9.886890064856751492e-05,4.100000000000014744e-02,9.097620837232162083e-01,9.602929301878422308e-01,7.700000000000012390e-02
0.000000000000000000e+00,9.090000000000000302e-01,3.699999999999997735e-02,3.842704367710959446e+01,4.001331380490324854e-08,1.000857732202960470e-04,4.100000000000014744e-02,9.113616540441548119e-01,9.617769667729888505e-01,7.800000000000012479e-02
0.000000000000000000e+00,9.090000000000000302e-01,3.799999999999997824e-02,3.889376036453673890e+01,4.162743138261660884e-08,1.015394481463731516e-04,4.100000000000014744e-02,9.131928830856629320e-01,9.624288971866421516e-01,7.900000000000012568e-02
0.000000000000000000e+00,9.090000000000000302e-01,3.899999999999997913e-02,3.916236960243139009e+01,4.257332500643176716e-08,1.045646242325575957e-04,4.100000000000014744e-02,9.167796393615158523e-01,9.557237779287380830e-01,8.000000000000012657e-02
0.000000000000000000e+00,9.090000000000000302e-01,3.999999999999997308e-02,3.956456990607275515e+01,4.401364966749370321e-08,1.064599419540336313e-04,4.100000000000014744e-02,9.188795103541117504e-01,9.554800170382816704e-01,8.100000000000012745e-02
0.000000000000000000e+00,9.090000000000000302e-01,4.099999999999997397e-02,4.005921919434981504e+01,4.582102169421215683e-08,1.076039890389476303e-04,4.100000000000014744e-02,9.198012439933745954e-01,9.573331548270077596e-01,8.200000000000012834e-02
0.000000000000000000e+00,9.090000000000000302e-01,4.199999999999997485e-02,4.048028022356876221e+01,4.739058612233118264e-08,1.093300226831546152e-04,4.100000000000014744e-02,9.214238019315841299e-01,9.574236967275686627e-01,8.300000000000012923e-02
0.000000000000000000e+00,9.090000000000000302e-01,4.299999999999997574e-02,4.079770413836462239e+01,4.859410520361139646e-08,1.119275976386227951e-04,4.100000000000014744e-02,9.238850723481347726e-01,9.538901272747140059e-01,8.400000000000013012e-02
0.000000000000000000e+00,9.090000000000000302e-01,4.399999999999997663e-02,4.126952167443864994e+01,5.041461902437337912e-08,1.131913973492480762e-04,4.100000000000014744e-02,9.246560337501285032e-01,9.554764979650944845e-01,8.500000000000013101e-02
0.000000000000000000e+00,9.090000000000000302e-01,4.499999999999997058e-02,4.177033333476574484e+01,5.238573103030633625e-08,1.142139764181645693e-04,4.100000000000014744e-02,9.250159916421710760e-01,9.573539323802398027e-01,8.600000000000011802e-02
0.000000000000000000e+00,9.090000000000000302e-01,4.599999999999997147e-02,4.215223607534096573e+01,5.391641942340160379e-08,1.162392925590888080e-04,4.100000000000014744e-02,9.265505300033918257e-01,9.562683316692247582e-01,8.700000000000011890e-02
0.000000000000000000e+00,9.090000000000000302e-01,4.699999999999997236e-02,4.247602876881285283e+01,5.523444020422048212e-08,1.187806970175295479e-04,4.100000000000014744e-02,9.284829810106665082e-01,9.531312374109455199e-01,8.800000000000011979e-02
0.000000000000000000e+00,9.090000000000000302e-01,4.799999999999996630e-02,4.283898299970419288e+01,5.673427004682400486e-08,1.209503970436375908e-04,4.100000000000014744e-02,9.299386614275956253e-01,9.519287971051982877e-01,8.900000000000010680e-02
0.000000000000000000e+00,9.090000000000000302e-01,4.899999999999996719e-02,4.323688393103110172e+01,5.840478632736850364e-08,1.227908001681744853e-04,4.100000000000014744e-02,9.309612547242891445e-01,9.519721001660701454e-01,9.000000000000010769e-02
0.000000000000000000e+00,9.100000000000000311e-01,1.000000000000000021e-02,4.243409899677060082e+01,6.265266593689582507e-08,9.786083750731695776e-05,5.000000000000004441e-02,9.274103530408051022e-01,9.467603338807567548e-01,6.000000000000004635e-02
0.000000000000000000e+00,9.100000000000000311e-01,1.099999999999999936e-02,4.302988512207488014e+01,6.544318666846382920e-08,9.856620628924784124e-05,5.000000000000004441e-02,9.318631378628823292e-01,9.526506824657965389e-01,6.100000000000004030e-02
0.000000000000000000e+00,9.100000000000000311e-01,1.199999999999999852e-02,4.431884979101823774e+01,7.295988771945145497e-08,9.303075962397148091e-05,4.899999999999993250e-02,9.160240244915953678e-01,9.330958565172461361e-01,6.099999999999992928e-02
0.000000000000000000e+00,9.100000000000000311e-01,1.299999999999999767e-02,4.425696568514968732e+01,7.298153823672979011e-08,8.974275684419244297e-05,4.800000000000004263e-02,9.164518589922392433e-01,9.239186455874290882e-01,6.100000000000004030e-02
0.000000000000000000e+00,9.100000000000000311e-01,1.399999999999999682e-02,4.377865054004163881e+01,7.033094267552378145e-08,8.562643599259055129e-05,4.700000000000015277e-02,9.171015211070295825e-01,9.222374471284486841e-01,6.100000000000015132e-02
0.000000000000000000e+00,9.100000000000000311e-01,1.499999999999999598e-02,4.375766435382702468e+01,7.023284404983888348e-08,8.834390854415310980e-05,4.700000000000015277e-02,9.253847970764845776e-01,9.274219074675470464e-01,6.200000000000015221e-02
0.000000000000000000e+00,9.100000000000000311e-01,1.599999999999999339e-02,4.421681287595983889e+01,7.240196908271703766e-08,8.918050978642849441e-05,4.700000000000015277e-02,9.304319614122213977e-01,9.348997011110539157e-01,6.300000000000013922e-02
0.000000000000000000e+00,9.100000000000000311e-01,1.699999999999999428e-02,4.462131790723262270e+01,7.434152082752570975e-08,9.028911149300826889e-05,4.700000000000015277e-02,9.352063693011127832e-01,9.411396808437699768e-01,6.400000000000014011e-02
0.000000000000000000e+00,9.100000000000000311e-01,1.799999999999999517e-02,4.474586607125399240e+01,7.494548726589295303e-08,9.264021887901501776e-05,4.700000000000015277e-02,9.407333547242746619e-01,9.438619892803877809e-01,6.500000000000014100e-02
0.000000000000000000e+00,9.100000000000000311e-01,1.899999999999999259e-02,4.468848388509135816e+01,7.466539276614947312e-08,9.591025544588897779e-05,4.700000000000015277e-02,9.461062553662291652e-01,9.425876130295847144e-01,6.600000000000014189e-02
0.000000000000000000e+00,9.100000000000000311e-01,1.999999999999999001e-02,4.479991051433583493e+01,7.521280348980891164e-08,9.845493491405208925e-05,4.700000000000015277e-02,9.504746185285751769e-01,9.442808451810064119e-01,6.700000000000014277e-02
0.000000000000000000e+00,9.100000000000000311e-01,2.099999999999999090e-02,4.141935556586550149e+01,5.685724682267794738e-08,9.693409790723023299e-05,4.600000000000004086e-02,9.107464565826082215e-01,9.477593387295838445e-01,6.700000000000003175e-02
0.000000000000000000e+00,9.100000000000000311e-01,2.199999999999999178e-02,4.626982792043592241e+01,8.261343358631466659e-08,9.790976079688553345e-05,4.700000000000015277e-02,9.507937747366550507e-01,9.526186013749802228e-01,6.900000000000014455e-02
0.000000000000000000e+00,9.100000000000000311e-01,2.299999999999998920e-02,3.991345499176578926e+01,4.943775590865072333e-08,9.654339425463020455e-05,4.499999999999992895e-02,9.118817915351734582e-01,9.510615297878041163e-01,6.799999999999992162e-02
0.000000000000000000e+00,9.100000000000000311e-01,2.399999999999998662e-02,4.322595011435728907e+01,6.486940217655272765e-08,9.875826266161562121e-05,4.600000000000004086e-02,9.182664762850439866e-01,9.564939532684461065e-01,7.000000000000003442e-02
0.000000000000000000e+00,9.100000000000000311e-01,2.499999999999998751e-02,3.833337493113831584e+01,4.222357185645558032e-08,9.615610031738370525e-05,4.400000000000003908e-02,9.105723255903321878e-01,9.540159697961912988e-01,6.900000000000003353e-02
0.000000000000000000e+00,9.100000000000000311e-01,2.599999999999998840e-02,3.869783998885829135e+01,4.355801332588355135e-08,9.831175170351154455e-05,4.400000000000003908e-02,9.151302586672942496e-01,9.545484988366793599e-01,7.000000000000003442e-02
0.000000000000000000e+00,9.100000000000000311e-01,2.699999999999998929e-02,3.949466040803510936e+01,4.654965785508325074e-08,9.784170340705702115e-05,4.400000000000003908e-02,9.144346059338325228e-01,9.576662645159202958e-01,7.100000000000003531e-02
0.000000000000000000e+00,9.100000000000000311e-01,2.799999999999998324e-02,4.018394082109128362e+01,4.921453347883470086e-08,9.801605184194923600e-05,4.400000000000003908e-02,9.151033655535296685e-01,9.610034336607328198e-01,7.200000000000002232e-02
0.000000000000000000e+00,9.100000000000000311e-01,2.899999999999998412e-02,4.057518009444456197e+01,5.076107864708228233e-08,9.999857400661731673e-05,4.400000000000003908e-02,9.187380314000287429e-01,9.608099391623353691e-01,7.300000000000002320e-02
0.000000000000000000e+00,9.100000000000000311e-01,2.999999999999998501e-02,4.097718504981480692e+01,5.237829780728132008e-08,1.018910955352184664e-04,4.400000000000003908e-02,9.219515166768549319e-01,9.609002002432482925e-01,7.400000000000002409e-02
0.000000000000000000e+00,9.100000000000000311e-01,3.099999999999998590e-02,4.148128805548122244e+01,5.444486502979112364e-08,1.031062890831029402e-04,4.400000000000003908e-02,9.239405365370813028e-01,9.627299016499585305e-01,7.500000000000002498e-02
0.000000000000000000e+00,9.100000000000000311e-01,3.199999999999997985e-02,4.194109610619367601e+01,5.636656744350318419e-08,1.045950101475025186e-04,4.400000000000003908e-02,9.261471377357261003e-01,9.636773534285290044e-01,7.600000000000001199e-02
0.000000000000000000e+00,9.100000000000000311e-01,3.299999999999998074e-02,4.213893144193039575e+01,5.720571416483218572e-08,1.078940964052014969e-04,4.400000000000003908e-02,9.300796302698608464e-01,9.567788179909979540e-01,7.700000000000001288e-02
0.000000000000000000e+00,9.100000000000000311e-01,3.399999999999998163e-02,4.251801447318327121e+01,5.883565816750061484e-08,1.098739644545052284e-04,4.400000000000003908e-02,9.324677713463428441e-01,9.568363149539360624e-01,7.800000000000001377e-02
0.000000000000000000e+00,9.100000000000000311e-01,3.499999999999998251e-02,4.302050774775103292e+01,6.103431335488123474e-08,1.109855072734845522e-04,4.400000000000003908e-02,9.335695174132263574e-01,9.589730742632532889e-01,7.900000000000001465e-02
0.000000000000000000e+00,9.100000000000000311e-01,3.599999999999997646e-02,3.981371779906239539e+01,4.581062152040918195e-08,1.025807070766916279e-04,4.200000000000003730e-02,9.104716302312589882e-01,9.625938529303760260e-01,7.800000000000001377e-02
0.000000000000000000e+00,9.100000000000000311e-01,3.699999999999997735e-02,3.842704367710959446e+01,4.001331380490324854e-08,1.000857732202960470e-04,4.100000000000014744e-02,9.113616540441548119e-01,9.617769667729888505e-01,7.800000000000012479e-02
0.000000000000000000e+00,9.100000000000000311e-01,3.799999999999997824e-02,3.889376036453673890e+01,4.162743138261660884e-08,1.015394481463731516e-04,4.100000000000014744e-02,9.131928830856629320e-01,9.624288971866421516e-01,7.900000000000012568e-02
0.000000000000000000e+00,9.100000000000000311e-01,3.899999999999997913e-02,3.916236960243139009e+01,4.257332500643176716e-08,1.045646242325575957e-04,4.100000000000014744e-02,9.167796393615158523e-01,9.557237779287380830e-01,8.000000000000012657e-02
0.000000000000000000e+00,9.100000000000000311e-01,3.999999999999997308e-02,3.956456990607275515e+01,4.401364966749370321e-08,1.064599419540336313e-04,4.100000000000014744e-02,9.188795103541117504e-01,9.554800170382816704e-01,8.100000000000012745e-02
0.000000000000000000e+00,9.100000000000000311e-01,4.099999999999997397e-02,4.005921919434981504e+01,4.582102169421215683e-08,1.076039890389476303e-04,4.100000000000014744e-02,9.198012439933745954e-01,9.573331548270077596e-01,8.200000000000012834e-02
0.000000000000000000e+00,9.100000000000000311e-01,4.199999999999997485e-02,4.048028022356876221e+01,4.739058612233118264e-08,1.093300226831546152e-04,4.100000000000014744e-02,9.214238019315841299e-01,9.574236967275686627e-01,8.300000000000012923e-02
0.000000000000000000e+00,9.100000000000000311e-01,4.299999999999997574e-02,4.079770413836462239e+01,4.859410520361139646e-08,1.119275976386227951e-04,4.100000000000014744e-02,9.238850723481347726e-01,9.538901272747140059e-01,8.400000000000013012e-02
0.000000000000000000e+00,9.100000000000000311e-01,4.399999999999997663e-02,4.126952167443864994e+01,5.041461902437337912e-08,1.131913973492480762e-04,4.100000000000014744e-02,9.246560337501285032e-01,9.554764979650944845e-01,8.500000000000013101e-02
0.000000000000000000e+00,9.100000000000000311e-01,4.499999999999997058e-02,4.177033333476574484e+01,5.238573103030633625e-08,1.142139764181645693e-04,4.100000000000014744e-02,9.250159916421710760e-01,9.573539323802398027e-01,8.600000000000011802e-02
0.000000000000000000e+00,9.100000000000000311e-01,4.599999999999997147e-02,4.215223607534096573e+01,5.391641942340160379e-08,1.162392925590888080e-04,4.100000000000014744e-02,9.265505300033918257e-01,9.562683316692247582e-01,8.700000000000011890e-02
0.000000000000000000e+00,9.100000000000000311e-01,4.699999999999997236e-02,4.247602876881285283e+01,5.523444020422048212e-08,1.187806970175295479e-04,4.100000000000014744e-02,9.284829810106665082e-01,9.531312374109455199e-01,8.800000000000011979e-02
0.000000000000000000e+00,9.100000000000000311e-01,4.799999999999996630e-02,4.283898299970419288e+01,5.673427004682400486e-08,1.209503970436375908e-04,4.100000000000014744e-02,9.299386614275956253e-01,9.519287971051982877e-01,8.900000000000010680e-02
0.000000000000000000e+00,9.100000000000000311e-01,4.899999999999996719e-02,4.323688393103110172e+01,5.840478632736850364e-08,1.227908001681744853e-04,4.100000000000014744e-02,9.309612547242891445e-01,9.519721001660701454e-01,9.000000000000010769e-02
0.000000000000000000e+00,9.110000000000000320e-01,1.000000000000000021e-02,4.243409899677060082e+01,6.265266593689582507e-08,9.786083750731695776e-05,5.000000000000004441e-02,9.274103530408051022e-01,9.467603338807567548e-01,6.000000000000004635e-02
0.000000000000000000e+00,9.110000000000000320e-01,1.099999999999999936e-02,4.302988512207488014e+01,6.544318666846382920e-08,9.856620628924784124e-05,5.000000000000004441e-02,9.318631378628823292e-01,9.526506824657965389e-01,6.100000000000004030e-02
0.000000000000000000e+00,9.110000000000000320e-01,1.199999999999999852e-02,4.431884979101823774e+01,7.295988771945145497e-08,9.303075962397148091e-05,4.899999999999993250e-02,9.160240244915953678e-01,9.330958565172461361e-01,6.099999999999992928e-02
0.000000000000000000e+00,9.110000000000000320e-01,1.299999999999999767e-02,4.425696568514968732e+01,7.298153823672979011e-08,8.974275684419244297e-05,4.800000000000004263e-02,9.164518589922392433e-01,9.239186455874290882e-01,6.100000000000004030e-02
0.000000000000000000e+00,9.110000000000000320e-01,1.399999999999999682e-02,4.377865054004163881e+01,7.033094267552378145e-08,8.562643599259055129e-05,4.700000000000015277e-02,9.171015211070295825e-01,9.222374471284486841e-01,6.100000000000015132e-02
0.000000000000000000e+00,9.110000000000000320e-01,1.499999999999999598e-02,4.375766435382702468e+01,7.023284404983888348e-08,8.834390854415310980e-05,4.700000000000015277e-02,9.253847970764845776e-01,9.274219074675470464e-01,6.200000000000015221e-02
0.000000000000000000e+00,9.110000000000000320e-01,1.599999999999999339e-02,4.421681287595983889e+01,7.240196908271703766e-08,8.918050978642849441e-05,4.700000000000015277e-02,9.304319614122213977e-01,9.348997011110539157e-01,6.300000000000013922e-02
0.000000000000000000e+00,9.110000000000000320e-01,1.699999999999999428e-02,4.462131790723262270e+01,7.434152082752570975e-08,9.028911149300826889e-05,4.700000000000015277e-02,9.352063693011127832e-01,9.411396808437699768e-01,6.400000000000014011e-02
0.000000000000000000e+00,9.110000000000000320e-01,1.799999999999999517e-02,4.474586607125399240e+01,7.494548726589295303e-08,9.264021887901501776e-05,4.700000000000015277e-02,9.407333547242746619e-01,9.438619892803877809e-01,6.500000000000014100e-02
0.000000000000000000e+00,9.110000000000000320e-01,1.899999999999999259e-02,4.468848388509135816e+01,7.466539276614947312e-08,9.591025544588897779e-05,4.700000000000015277e-02,9.461062553662291652e-01,9.425876130295847144e-01,6.600000000000014189e-02
0.000000000000000000e+00,9.110000000000000320e-01,1.999999999999999001e-02,4.479991051433583493e+01,7.521280348980891164e-08,9.845493491405208925e-05,4.700000000000015277e-02,9.504746185285751769e-01,9.442808451810064119e-01,6.700000000000014277e-02
0.000000000000000000e+00,9.110000000000000320e-01,2.099999999999999090e-02,4.561852699831862168e+01,7.929703086014249098e-08,9.778703789359557345e-05,4.700000000000015277e-02,9.499286304614160681e-01,9.482256418129562103e-01,6.800000000000014366e-02
0.000000000000000000e+00,9.110000000000000320e-01,2.199999999999999178e-02,4.626982792043592241e+01,8.261343358631466659e-08,9.790976079688553345e-05,4.700000000000015277e-02,9.507937747366550507e-01,9.526186013749802228e-01,6.900000000000014455e-02
0.000000000000000000e+00,9.110000000000000320e-01,2.299999999999998920e-02,3.991345499176578926e+01,4.943775590865072333e-08,9.654339425463020455e-05,4.499999999999992895e-02,9.118817915351734582e-01,9.510615297878041163e-01,6.799999999999992162e-02
0.000000000000000000e+00,9.110000000000000320e-01,2.399999999999998662e-02,4.322595011435728907e+01,6.486940217655272765e-08,9.875826266161562121e-05,4.600000000000004086e-02,9.182664762850439866e-01,9.564939532684461065e-01,7.000000000000003442e-02
0.000000000000000000e+00,9.110000000000000320e-01,2.499999999999998751e-02,4.105085399169541915e+01,5.405878668393794355e-08,9.824393003140780391e-05,4.499999999999992895e-02,9.167057143336161396e-01,9.552573905256653841e-01,6.999999999999992339e-02
0.000000000000000000e+00,9.110000000000000320e-01,2.599999999999998840e-02,3.869783998885829135e+01,4.355801332588355135e-08,9.831175170351154455e-05,4.400000000000003908e-02,9.151302586672942496e-01,9.545484988366793599e-01,7.000000000000003442e-02
0.000000000000000000e+00,9.110000000000000320e-01,2.699999999999998929e-02,3.949466040803510936e+01,4.654965785508325074e-08,9.784170340705702115e-05,4.400000000000003908e-02,9.144346059338325228e-01,9.576662645159202958e-01,7.100000000000003531e-02
0.000000000000000000e+00,9.110000000000000320e-01,2.799999999999998324e-02,4.018394082109128362e+01,4.921453347883470086e-08,9.801605184194923600e-05,4.400000000000003908e-02,9.151033655535296685e-01,9.610034336607328198e-01,7.200000000000002232e-02
0.000000000000000000e+00,9.110000000000000320e-01,2.899999999999998412e-02,4.057518009444456197e+01,5.076107864708228233e-08,9.999857400661731673e-05,4.400000000000003908e-02,9.187380314000287429e-01,9.608099391623353691e-01,7.300000000000002320e-02
0.000000000000000000e+00,9.110000000000000320e-01,2.999999999999998501e-02,4.097718504981480692e+01,5.237829780728132008e-08,1.018910955352184664e-04,4.400000000000003908e-02,9.219515166768549319e-01,9.609002002432482925e-01,7.400000000000002409e-02
0.000000000000000000e+00,9.110000000000000320e-01,3.099999999999998590e-02,4.148128805548122244e+01,5.444486502979112364e-08,1.031062890831029402e-04,4.400000000000003908e-02,9.239405365370813028e-01,9.627299016499585305e-01,7.500000000000002498e-02
0.000000000000000000e+00,9.110000000000000320e-01,3.199999999999997985e-02,4.194109610619367601e+01,5.636656744350318419e-08,1.045950101475025186e-04,4.400000000000003908e-02,9.261471377357261003e-01,9.636773534285290044e-01,7.600000000000001199e-02
0.000000000000000000e+00,9.110000000000000320e-01,3.299999999999998074e-02,4.213893144193039575e+01,5.720571416483218572e-08,1.078940964052014969e-04,4.400000000000003908e-02,9.300796302698608464e-01,9.567788179909979540e-01,7.700000000000001288e-02
0.000000000000000000e+00,9.110000000000000320e-01,3.399999999999998163e-02,4.251801447318327121e+01,5.883565816750061484e-08,1.098739644545052284e-04,4.400000000000003908e-02,9.324677713463428441e-01,9.568363149539360624e-01,7.800000000000001377e-02
0.000000000000000000e+00,9.110000000000000320e-01,3.499999999999998251e-02,4.302050774775103292e+01,6.103431335488123474e-08,1.109855072734845522e-04,4.400000000000003908e-02,9.335695174132263574e-01,9.589730742632532889e-01,7.900000000000001465e-02
0.000000000000000000e+00,9.110000000000000320e-01,3.599999999999997646e-02,4.037872597264084362e+01,4.785455714157577524e-08,1.095336368859960456e-04,4.300000000000014921e-02,9.120707363401925338e-01,9.584337062276143682e-01,7.900000000000012568e-02
0.000000000000000000e+00,9.110000000000000320e-01,3.699999999999997735e-02,3.842704367710959446e+01,4.001331380490324854e-08,1.000857732202960470e-04,4.100000000000014744e-02,9.113616540441548119e-01,9.617769667729888505e-01,7.800000000000012479e-02
0.000000000000000000e+00,9.110000000000000320e-01,3.799999999999997824e-02,3.889376036453673890e+01,4.162743138261660884e-08,1.015394481463731516e-04,4.100000000000014744e-02,9.131928830856629320e-01,9.624288971866421516e-01,7.900000000000012568e-02
0.000000000000000000e+00,9.110000000000000320e-01,3.899999999999997913e-02,3.916236960243139009e+01,4.257332500643176716e-08,1.045646242325575957e-04,4.100000000000014744e-02,9.167796393615158523e-01,9.557237779287380830e-01,8.000000000000012657e-02
0.000000000000000000e+00,9.110000000000000320e-01,3.999999999999997308e-02,3.956456990607275515e+01,4.401364966749370321e-08,1.064599419540336313e-04,4.100000000000014744e-02,9.188795103541117504e-01,9.554800170382816704e-01,8.100000000000012745e-02
0.000000000000000000e+00,9.110000000000000320e-01,4.099999999999997397e-02,4.005921919434981504e+01,4.582102169421215683e-08,1.076039890389476303e-04,4.100000000000014744e-02,9.198012439933745954e-01,9.573331548270077596e-01,8.200000000000012834e-02
0.000000000000000000e+00,9.110000000000000320e-01,4.199999999999997485e-02,4.048028022356876221e+01,4.739058612233118264e-08,1.093300226831546152e-04,4.100000000000014744e-02,9.214238019315841299e-01,9.574236967275686627e-01,8.300000000000012923e-02
0.000000000000000000e+00,9.110000000000000320e-01,4.299999999999997574e-02,4.079770413836462239e+01,4.859410520361139646e-08,1.119275976386227951e-04,4.100000000000014744e-02,9.238850723481347726e-01,9.538901272747140059e-01,8.400000000000013012e-02
0.000000000000000000e+00,9.110000000000000320e-01,4.399999999999997663e-02,4.126952167443864994e+01,5.041461902437337912e-08,1.131913973492480762e-04,4.100000000000014744e-02,9.246560337501285032e-01,9.554764979650944845e-01,8.500000000000013101e-02
0.000000000000000000e+00,9.110000000000000320e-01,4.499999999999997058e-02,4.177033333476574484e+01,5.238573103030633625e-08,1.142139764181645693e-04,4.100000000000014744e-02,9.250159916421710760e-01,9.573539323802398027e-01,8.600000000000011802e-02
0.000000000000000000e+00,9.110000000000000320e-01,4.599999999999997147e-02,4.215223607534096573e+01,5.391641942340160379e-08,1.162392925590888080e-04,4.100000000000014744e-02,9.265505300033918257e-01,9.562683316692247582e-01,8.700000000000011890e-02
0.000000000000000000e+00,9.110000000000000320e-01,4.699999999999997236e-02,4.247602876881285283e+01,5.523444020422048212e-08,1.187806970175295479e-04,4.100000000000014744e-02,9.284829810106665082e-01,9.531312374109455199e-01,8.800000000000011979e-02
0.000000000000000000e+00,9.110000000000000320e-01,4.799999999999996630e-02,4.283898299970419288e+01,5.673427004682400486e-08,1.209503970436375908e-04,4.100000000000014744e-02,9.299386614275956253e-01,9.519287971051982877e-01,8.900000000000010680e-02
0.000000000000000000e+00,9.110000000000000320e-01,4.899999999999996719e-02,4.323688393103110172e+01,5.840478632736850364e-08,1.227908001681744853e-04,4.100000000000014744e-02,9.309612547242891445e-01,9.519721001660701454e-01,9.000000000000010769e-02
0.000000000000000000e+00,9.120000000000000329e-01,1.000000000000000021e-02,4.243409899677060082e+01,6.265266593689582507e-08,9.786083750731695776e-05,5.000000000000004441e-02,9.274103530408051022e-01,9.467603338807567548e-01,6.000000000000004635e-02
0.000000000000000000e+00,9.120000000000000329e-01,1.099999999999999936e-02,4.302988512207488014e+01,6.544318666846382920e-08,9.856620628924784124e-05,5.000000000000004441e-02,9.318631378628823292e-01,9.526506824657965389e-01,6.100000000000004030e-02
0.000000000000000000e+00,9.120000000000000329e-01,1.199999999999999852e-02,4.431884979101823774e+01,7.295988771945145497e-08,9.303075962397148091e-05,4.899999999999993250e-02,9.160240244915953678e-01,9.330958565172461361e-01,6.099999999999992928e-02
0.000000000000000000e+00,9.120000000000000329e-01,1.299999999999999767e-02,4.425696568514968732e+01,7.298153823672979011e-08,8.974275684419244297e-05,4.800000000000004263e-02,9.164518589922392433e-01,9.239186455874290882e-01,6.100000000000004030e-02
0.000000000000000000e+00,9.120000000000000329e-01,1.399999999999999682e-02,4.377865054004163881e+01,7.033094267552378145e-08,8.562643599259055129e-05,4.700000000000015277e-02,9.171015211070295825e-01,9.222374471284486841e-01,6.100000000000015132e-02
0.000000000000000000e+00,9.120000000000000329e-01,1.499999999999999598e-02,4.375766435382702468e+01,7.023284404983888348e-08,8.834390854415310980e-05,4.700000000000015277e-02,9.253847970764845776e-01,9.274219074675470464e-01,6.200000000000015221e-02
0.000000000000000000e+00,9.120000000000000329e-01,1.599999999999999339e-02,4.421681287595983889e+01,7.240196908271703766e-08,8.918050978642849441e-05,4.700000000000015277e-02,9.304319614122213977e-01,9.348997011110539157e-01,6.300000000000013922e-02
0.000000000000000000e+00,9.120000000000000329e-01,1.699999999999999428e-02,4.462131790723262270e+01,7.434152082752570975e-08,9.028911149300826889e-05,4.700000000000015277e-02,9.352063693011127832e-01,9.411396808437699768e-01,6.400000000000014011e-02
0.000000000000000000e+00,9.120000000000000329e-01,1.799999999999999517e-02,4.474586607125399240e+01,7.494548726589295303e-08,9.264021887901501776e-05,4.700000000000015277e-02,9.407333547242746619e-01,9.438619892803877809e-01,6.500000000000014100e-02
0.000000000000000000e+00,9.120000000000000329e-01,1.899999999999999259e-02,4.468848388509135816e+01,7.466539276614947312e-08,9.591025544588897779e-05,4.700000000000015277e-02,9.461062553662291652e-01,9.425876130295847144e-01,6.600000000000014189e-02
0.000000000000000000e+00,9.120000000000000329e-01,1.999999999999999001e-02,4.479991051433583493e+01,7.521280348980891164e-08,9.845493491405208925e-05,4.700000000000015277e-02,9.504746185285751769e-01,9.442808451810064119e-01,6.700000000000014277e-02
0.000000000000000000e+00,9.120000000000000329e-01,2.099999999999999090e-02,4.561852699831862168e+01,7.929703086014249098e-08,9.778703789359557345e-05,4.700000000000015277e-02,9.499286304614160681e-01,9.482256418129562103e-01,6.800000000000014366e-02
0.000000000000000000e+00,9.120000000000000329e-01,2.199999999999999178e-02,4.626982792043592241e+01,8.261343358631466659e-08,9.790976079688553345e-05,4.700000000000015277e-02,9.507937747366550507e-01,9.526186013749802228e-01,6.900000000000014455e-02
0.000000000000000000e+00,9.120000000000000329e-01,2.299999999999998920e-02,4.252751917811404780e+01,6.171398947922219666e-08,9.865268193071455045e-05,4.600000000000004086e-02,9.167122369752223054e-01,9.525768432710475242e-01,6.900000000000003353e-02
0.000000000000000000e+00,9.120000000000000329e-01,2.399999999999998662e-02,4.322595011435728907e+01,6.486940217655272765e-08,9.875826266161562121e-05,4.600000000000004086e-02,9.182664762850439866e-01,9.564939532684461065e-01,7.000000000000003442e-02
0.000000000000000000e+00,9.120000000000000329e-01,2.499999999999998751e-02,4.105085399169541915e+01,5.405878668393794355e-08,9.824393003140780391e-05,4.499999999999992895e-02,9.167057143336161396e-01,9.552573905256653841e-01,6.999999999999992339e-02
0.000000000000000000e+00,9.120000000000000329e-01,2.599999999999998840e-02,3.869783998885829135e+01,4.355801332588355135e-08,9.831175170351154455e-05,4.400000000000003908e-02,9.151302586672942496e-01,9.545484988366793599e-01,7.000000000000003442e-02
0.000000000000000000e+00,9.120000000000000329e-01,2.699999999999998929e-02,3.949466040803510936e+01,4.654965785508325074e-08,9.784170340705702115e-05,4.400000000000003908e-02,9.144346059338325228e-01,9.576662645159202958e-01,7.100000000000003531e-02
0.000000000000000000e+00,9.120000000000000329e-01,2.799999999999998324e-02,4.018394082109128362e+01,4.921453347883470086e-08,9.801605184194923600e-05,4.400000000000003908e-02,9.151033655535296685e-01,9.610034336607328198e-01,7.200000000000002232e-02
0.000000000000000000e+00,9.120000000000000329e-01,2.899999999999998412e-02,4.057518009444456197e+01,5.076107864708228233e-08,9.999857400661731673e-05,4.400000000000003908e-02,9.187380314000287429e-01,9.608099391623353691e-01,7.300000000000002320e-02
0.000000000000000000e+00,9.120000000000000329e-01,2.999999999999998501e-02,4.097718504981480692e+01,5.237829780728132008e-08,1.018910955352184664e-04,4.400000000000003908e-02,9.219515166768549319e-01,9.609002002432482925e-01,7.400000000000002409e-02
0.000000000000000000e+00,9.120000000000000329e-01,3.099999999999998590e-02,4.148128805548122244e+01,5.444486502979112364e-08,1.031062890831029402e-04,4.400000000000003908e-02,9.239405365370813028e-01,9.627299016499585305e-01,7.500000000000002498e-02
0.000000000000000000e+00,9.120000000000000329e-01,3.199999999999997985e-02,4.194109610619367601e+01,5.636656744350318419e-08,1.045950101475025186e-04,4.400000000000003908e-02,9.261471377357261003e-01,9.636773534285290044e-01,7.600000000000001199e-02
0.000000000000000000e+00,9.120000000000000329e-01,3.299999999999998074e-02,4.213893144193039575e+01,5.720571416483218572e-08,1.078940964052014969e-04,4.400000000000003908e-02,9.300796302698608464e-01,9.567788179909979540e-01,7.700000000000001288e-02
0.000000000000000000e+00,9.120000000000000329e-01,3.399999999999998163e-02,4.251801447318327121e+01,5.883565816750061484e-08,1.098739644545052284e-04,4.400000000000003908e-02,9.324677713463428441e-01,9.568363149539360624e-01,7.800000000000001377e-02
0.000000000000000000e+00,9.120000000000000329e-01,3.499999999999998251e-02,4.302050774775103292e+01,6.103431335488123474e-08,1.109855072734845522e-04,4.400000000000003908e-02,9.335695174132263574e-01,9.589730742632532889e-01,7.900000000000001465e-02
0.000000000000000000e+00,9.120000000000000329e-01,3.599999999999997646e-02,4.037872597264084362e+01,4.785455714157577524e-08,1.095336368859960456e-04,4.300000000000014921e-02,9.120707363401925338e-01,9.584337062276143682e-01,7.900000000000012568e-02
0.000000000000000000e+00,9.120000000000000329e-01,3.699999999999997735e-02,4.006472709276073374e+01,4.674964902746243175e-08,1.056905052014099074e-04,4.200000000000003730e-02,9.144999703979211914e-01,9.558713488708873163e-01,7.900000000000001465e-02
0.000000000000000000e+00,9.120000000000000329e-01,3.799999999999997824e-02,3.889376036453673890e+01,4.162743138261660884e-08,1.015394481463731516e-04,4.100000000000014744e-02,9.131928830856629320e-01,9.624288971866421516e-01,7.900000000000012568e-02
0.000000000000000000e+00,9.120000000000000329e-01,3.899999999999997913e-02,3.916236960243139009e+01,4.257332500643176716e-08,1.045646242325575957e-04,4.100000000000014744e-02,9.167796393615158523e-01,9.557237779287380830e-01,8.000000000000012657e-02
0.000000000000000000e+00,9.120000000000000329e-01,3.999999999999997308e-02,3.956456990607275515e+01,4.401364966749370321e-08,1.064599419540336313e-04,4.100000000000014744e-02,9.188795103541117504e-01,9.554800170382816704e-01,8.100000000000012745e-02
0.000000000000000000e+00,9.120000000000000329e-01,4.099999999999997397e-02,4.005921919434981504e+01,4.582102169421215683e-08,1.076039890389476303e-04,4.100000000000014744e-02,9.198012439933745954e-01,9.573331548270077596e-01,8.200000000000012834e-02
0.000000000000000000e+00,9.120000000000000329e-01,4.199999999999997485e-02,4.048028022356876221e+01,4.739058612233118264e-08,1.093300226831546152e-04,4.100000000000014744e-02,9.214238019315841299e-01,9.574236967275686627e-01,8.300000000000012923e-02
0.000000000000000000e+00,9.120000000000000329e-01,4.299999999999997574e-02,4.079770413836462239e+01,4.859410520361139646e-08,1.119275976386227951e-04,4.100000000000014744e-02,9.238850723481347726e-01,9.538901272747140059e-01,8.400000000000013012e-02
0.000000000000000000e+00,9.120000000000000329e-01,4.399999999999997663e-02,4.126952167443864994e+01,5.041461902437337912e-08,1.131913973492480762e-04,4.100000000000014744e-02,9.246560337501285032e-01,9.554764979650944845e-01,8.500000000000013101e-02
0.000000000000000000e+00,9.120000000000000329e-01,4.499999999999997058e-02,4.177033333476574484e+01,5.238573103030633625e-08,1.142139764181645693e-04,4.100000000000014744e-02,9.250159916421710760e-01,9.573539323802398027e-01,8.600000000000011802e-02
0.000000000000000000e+00,9.120000000000000329e-01,4.599999999999997147e-02,4.215223607534096573e+01,5.391641942340160379e-08,1.162392925590888080e-04,4.100000000000014744e-02,9.265505300033918257e-01,9.562683316692247582e-01,8.700000000000011890e-02
0.000000000000000000e+00,9.120000000000000329e-01,4.699999999999997236e-02,4.247602876881285283e+01,5.523444020422048212e-08,1.187806970175295479e-04,4.100000000000014744e-02,9.284829810106665082e-01,9.531312374109455199e-01,8.800000000000011979e-02
0.000000000000000000e+00,9.120000000000000329e-01,4.799999999999996630e-02,4.283898299970419288e+01,5.673427004682400486e-08,1.209503970436375908e-04,4.100000000000014744e-02,9.299386614275956253e-01,9.519287971051982877e-01,8.900000000000010680e-02
0.000000000000000000e+00,9.120000000000000329e-01,4.899999999999996719e-02,4.323688393103110172e+01,5.840478632736850364e-08,1.227908001681744853e-04,4.100000000000014744e-02,9.309612547242891445e-01,9.519721001660701454e-01,9.000000000000010769e-02
0.000000000000000000e+00,9.130000000000000338e-01,1.000000000000000021e-02,4.243409899677060082e+01,6.265266593689582507e-08,9.786083750731695776e-05,5.000000000000004441e-02,9.274103530408051022e-01,9.467603338807567548e-01,6.000000000000004635e-02
0.000000000000000000e+00,9.130000000000000338e-01,1.099999999999999936e-02,4.302988512207488014e+01,6.544318666846382920e-08,9.856620628924784124e-05,5.000000000000004441e-02,9.318631378628823292e-01,9.526506824657965389e-01,6.100000000000004030e-02
0.000000000000000000e+00,9.130000000000000338e-01,1.199999999999999852e-02,4.431884979101823774e+01,7.295988771945145497e-08,9.303075962397148091e-05,4.899999999999993250e-02,9.160240244915953678e-01,9.330958565172461361e-01,6.099999999999992928e-02
0.000000000000000000e+00,9.130000000000000338e-01,1.299999999999999767e-02,4.425696568514968732e+01,7.298153823672979011e-08,8.974275684419244297e-05,4.800000000000004263e-02,9.164518589922392433e-01,9.239186455874290882e-01,6.100000000000004030e-02
0.000000000000000000e+00,9.130000000000000338e-01,1.399999999999999682e-02,4.377865054004163881e+01,7.033094267552378145e-08,8.562643599259055129e-05,4.700000000000015277e-02,9.171015211070295825e-01,9.222374471284486841e-01,6.100000000000015132e-02
0.000000000000000000e+00,9.130000000000000338e-01,1.499999999999999598e-02,4.375766435382702468e+01,7.023284404983888348e-08,8.834390854415310980e-05,4.700000000000015277e-02,9.253847970764845776e-01,9.274219074675470464e-01,6.200000000000015221e-02
0.000000000000000000e+00,9.130000000000000338e-01,1.599999999999999339e-02,4.421681287595983889e+01,7.240196908271703766e-08,8.918050978642849441e-05,4.700000000000015277e-02,9.304319614122213977e-01,9.348997011110539157e-01,6.300000000000013922e-02
0.000000000000000000e+00,9.130000000000000338e-01,1.699999999999999428e-02,4.462131790723262270e+01,7.434152082752570975e-08,9.028911149300826889e-05,4.700000000000015277e-02,9.352063693011127832e-01,9.411396808437699768e-01,6.400000000000014011e-02
0.000000000000000000e+00,9.130000000000000338e-01,1.799999999999999517e-02,4.474586607125399240e+01,7.494548726589295303e-08,9.264021887901501776e-05,4.700000000000015277e-02,9.407333547242746619e-01,9.438619892803877809e-01,6.500000000000014100e-02
0.000000000000000000e+00,9.130000000000000338e-01,1.899999999999999259e-02,4.468848388509135816e+01,7.466539276614947312e-08,9.591025544588897779e-05,4.700000000000015277e-02,9.461062553662291652e-01,9.425876130295847144e-01,6.600000000000014189e-02
0.000000000000000000e+00,9.130000000000000338e-01,1.999999999999999001e-02,4.479991051433583493e+01,7.521280348980891164e-08,9.845493491405208925e-05,4.700000000000015277e-02,9.504746185285751769e-01,9.442808451810064119e-01,6.700000000000014277e-02
0.000000000000000000e+00,9.130000000000000338e-01,2.099999999999999090e-02,4.561852699831862168e+01,7.929703086014249098e-08,9.778703789359557345e-05,4.700000000000015277e-02,9.499286304614160681e-01,9.482256418129562103e-01,6.800000000000014366e-02
0.000000000000000000e+00,9.130000000000000338e-01,2.199999999999999178e-02,4.626982792043592241e+01,8.261343358631466659e-08,9.790976079688553345e-05,4.700000000000015277e-02,9.507937747366550507e-01,9.526186013749802228e-01,6.900000000000014455e-02
0.000000000000000000e+00,9.130000000000000338e-01,2.299999999999998920e-02,4.252751917811404780e+01,6.171398947922219666e-08,9.865268193071455045e-05,4.600000000000004086e-02,9.167122369752223054e-01,9.525768432710475242e-01,6.900000000000003353e-02
0.000000000000000000e+00,9.130000000000000338e-01,2.399999999999998662e-02,4.322595011435728907e+01,6.486940217655272765e-08,9.875826266161562121e-05,4.600000000000004086e-02,9.182664762850439866e-01,9.564939532684461065e-01,7.000000000000003442e-02
0.000000000000000000e+00,9.130000000000000338e-01,2.499999999999998751e-02,4.105085399169541915e+01,5.405878668393794355e-08,9.824393003140780391e-05,4.499999999999992895e-02,9.167057143336161396e-01,9.552573905256653841e-01,6.999999999999992339e-02
0.000000000000000000e+00,9.130000000000000338e-01,2.599999999999998840e-02,3.869783998885829135e+01,4.355801332588355135e-08,9.831175170351154455e-05,4.400000000000003908e-02,9.151302586672942496e-01,9.545484988366793599e-01,7.000000000000003442e-02
0.000000000000000000e+00,9.130000000000000338e-01,2.699999999999998929e-02,3.949466040803510936e+01,4.654965785508325074e-08,9.784170340705702115e-05,4.400000000000003908e-02,9.144346059338325228e-01,9.576662645159202958e-01,7.100000000000003531e-02
0.000000000000000000e+00,9.130000000000000338e-01,2.799999999999998324e-02,4.018394082109128362e+01,4.921453347883470086e-08,9.801605184194923600e-05,4.400000000000003908e-02,9.151033655535296685e-01,9.610034336607328198e-01,7.200000000000002232e-02
0.000000000000000000e+00,9.130000000000000338e-01,2.899999999999998412e-02,4.057518009444456197e+01,5.076107864708228233e-08,9.999857400661731673e-05,4.400000000000003908e-02,9.187380314000287429e-01,9.608099391623353691e-01,7.300000000000002320e-02
0.000000000000000000e+00,9.130000000000000338e-01,2.999999999999998501e-02,4.097718504981480692e+01,5.237829780728132008e-08,1.018910955352184664e-04,4.400000000000003908e-02,9.219515166768549319e-01,9.609002002432482925e-01,7.400000000000002409e-02
0.000000000000000000e+00,9.130000000000000338e-01,3.099999999999998590e-02,4.148128805548122244e+01,5.444486502979112364e-08,1.031062890831029402e-04,4.400000000000003908e-02,9.239405365370813028e-01,9.627299016499585305e-01,7.500000000000002498e-02
0.000000000000000000e+00,9.130000000000000338e-01,3.199999999999997985e-02,4.194109610619367601e+01,5.636656744350318419e-08,1.045950101475025186e-04,4.400000000000003908e-02,9.261471377357261003e-01,9.636773534285290044e-01,7.600000000000001199e-02
0.000000000000000000e+00,9.130000000000000338e-01,3.299999999999998074e-02,4.213893144193039575e+01,5.720571416483218572e-08,1.078940964052014969e-04,4.400000000000003908e-02,9.300796302698608464e-01,9.567788179909979540e-01,7.700000000000001288e-02
0.000000000000000000e+00,9.130000000000000338e-01,3.399999999999998163e-02,4.251801447318327121e+01,5.883565816750061484e-08,1.098739644545052284e-04,4.400000000000003908e-02,9.324677713463428441e-01,9.568363149539360624e-01,7.800000000000001377e-02
0.000000000000000000e+00,9.130000000000000338e-01,3.499999999999998251e-02,4.302050774775103292e+01,6.103431335488123474e-08,1.109855072734845522e-04,4.400000000000003908e-02,9.335695174132263574e-01,9.589730742632532889e-01,7.900000000000001465e-02
0.000000000000000000e+00,9.130000000000000338e-01,3.599999999999997646e-02,4.342709931448560923e+01,6.284478451108583856e-08,1.127641861821836904e-04,4.400000000000003908e-02,9.354008757229177462e-01,9.593128987013035402e-01,8.000000000000001554e-02
0.000000000000000000e+00,9.130000000000000338e-01,3.699999999999997735e-02,4.006472709276073374e+01,4.674964902746243175e-08,1.056905052014099074e-04,4.200000000000003730e-02,9.144999703979211914e-01,9.558713488708873163e-01,7.900000000000001465e-02
0.000000000000000000e+00,9.130000000000000338e-01,3.799999999999997824e-02,3.889376036453673890e+01,4.162743138261660884e-08,1.015394481463731516e-04,4.100000000000014744e-02,9.131928830856629320e-01,9.624288971866421516e-01,7.900000000000012568e-02
0.000000000000000000e+00,9.130000000000000338e-01,3.899999999999997913e-02,3.916236960243139009e+01,4.257332500643176716e-08,1.045646242325575957e-04,4.100000000000014744e-02,9.167796393615158523e-01,9.557237779287380830e-01,8.000000000000012657e-02
0.000000000000000000e+00,9.130000000000000338e-01,3.999999999999997308e-02,3.956456990607275515e+01,4.401364966749370321e-08,1.064599419540336313e-04,4.100000000000014744e-02,9.188795103541117504e-01,9.554800170382816704e-01,8.100000000000012745e-02
0.000000000000000000e+00,9.130000000000000338e-01,4.099999999999997397e-02,4.005921919434981504e+01,4.582102169421215683e-08,1.076039890389476303e-04,4.100000000000014744e-02,9.198012439933745954e-01,9.573331548270077596e-01,8.200000000000012834e-02
0.000000000000000000e+00,9.130000000000000338e-01,4.199999999999997485e-02,4.048028022356876221e+01,4.739058612233118264e-08,1.093300226831546152e-04,4.100000000000014744e-02,9.214238019315841299e-01,9.574236967275686627e-01,8.300000000000012923e-02
0.000000000000000000e+00,9.130000000000000338e-01,4.299999999999997574e-02,4.079770413836462239e+01,4.859410520361139646e-08,1.119275976386227951e-04,4.100000000000014744e-02,9.238850723481347726e-01,9.538901272747140059e-01,8.400000000000013012e-02
0.000000000000000000e+00,9.130000000000000338e-01,4.399999999999997663e-02,4.126952167443864994e+01,5.041461902437337912e-08,1.131913973492480762e-04,4.100000000000014744e-02,9.246560337501285032e-01,9.554764979650944845e-01,8.500000000000013101e-02
0.000000000000000000e+00,9.130000000000000338e-01,4.499999999999997058e-02,4.177033333476574484e+01,5.238573103030633625e-08,1.142139764181645693e-04,4.100000000000014744e-02,9.250159916421710760e-01,9.573539323802398027e-01,8.600000000000011802e-02
0.000000000000000000e+00,9.130000000000000338e-01,4.599999999999997147e-02,4.215223607534096573e+01,5.391641942340160379e-08,1.162392925590888080e-04,4.100000000000014744e-02,9.265505300033918257e-01,9.562683316692247582e-01,8.700000000000011890e-02
0.000000000000000000e+00,9.130000000000000338e-01,4.699999999999997236e-02,4.247602876881285283e+01,5.523444020422048212e-08,1.187806970175295479e-04,4.100000000000014744e-02,9.284829810106665082e-01,9.531312374109455199e-01,8.800000000000011979e-02
0.000000000000000000e+00,9.130000000000000338e-01,4.799999999999996630e-02,4.283898299970419288e+01,5.673427004682400486e-08,1.209503970436375908e-04,4.100000000000014744e-02,9.299386614275956253e-01,9.519287971051982877e-01,8.900000000000010680e-02
0.000000000000000000e+00,9.130000000000000338e-01,4.899999999999996719e-02,4.323688393103110172e+01,5.840478632736850364e-08,1.227908001681744853e-04,4.100000000000014744e-02,9.309612547242891445e-01,9.519721001660701454e-01,9.000000000000010769e-02
0.000000000000000000e+00,9.140000000000000346e-01,1.000000000000000021e-02,4.243409899677060082e+01,6.265266593689582507e-08,9.786083750731695776e-05,5.000000000000004441e-02,9.274103530408051022e-01,9.467603338807567548e-01,6.000000000000004635e-02
0.000000000000000000e+00,9.140000000000000346e-01,1.099999999999999936e-02,4.302988512207488014e+01,6.544318666846382920e-08,9.856620628924784124e-05,5.000000000000004441e-02,9.318631378628823292e-01,9.526506824657965389e-01,6.100000000000004030e-02
0.000000000000000000e+00,9.140000000000000346e-01,1.199999999999999852e-02,4.431884979101823774e+01,7.295988771945145497e-08,9.303075962397148091e-05,4.899999999999993250e-02,9.160240244915953678e-01,9.330958565172461361e-01,6.099999999999992928e-02
0.000000000000000000e+00,9.140000000000000346e-01,1.299999999999999767e-02,4.425696568514968732e+01,7.298153823672979011e-08,8.974275684419244297e-05,4.800000000000004263e-02,9.164518589922392433e-01,9.239186455874290882e-01,6.100000000000004030e-02
0.000000000000000000e+00,9.140000000000000346e-01,1.399999999999999682e-02,4.377865054004163881e+01,7.033094267552378145e-08,8.562643599259055129e-05,4.700000000000015277e-02,9.171015211070295825e-01,9.222374471284486841e-01,6.100000000000015132e-02
0.000000000000000000e+00,9.140000000000000346e-01,1.499999999999999598e-02,4.375766435382702468e+01,7.023284404983888348e-08,8.834390854415310980e-05,4.700000000000015277e-02,9.253847970764845776e-01,9.274219074675470464e-01,6.200000000000015221e-02
0.000000000000000000e+00,9.140000000000000346e-01,1.599999999999999339e-02,4.421681287595983889e+01,7.240196908271703766e-08,8.918050978642849441e-05,4.700000000000015277e-02,9.304319614122213977e-01,9.348997011110539157e-01,6.300000000000013922e-02
0.000000000000000000e+00,9.140000000000000346e-01,1.699999999999999428e-02,4.462131790723262270e+01,7.434152082752570975e-08,9.028911149300826889e-05,4.700000000000015277e-02,9.352063693011127832e-01,9.411396808437699768e-01,6.400000000000014011e-02
0.000000000000000000e+00,9.140000000000000346e-01,1.799999999999999517e-02,4.474586607125399240e+01,7.494548726589295303e-08,9.264021887901501776e-05,4.700000000000015277e-02,9.407333547242746619e-01,9.438619892803877809e-01,6.500000000000014100e-02
0.000000000000000000e+00,9.140000000000000346e-01,1.899999999999999259e-02,4.468848388509135816e+01,7.466539276614947312e-08,9.591025544588897779e-05,4.700000000000015277e-02,9.461062553662291652e-01,9.425876130295847144e-01,6.600000000000014189e-02
0.000000000000000000e+00,9.140000000000000346e-01,1.999999999999999001e-02,4.479991051433583493e+01,7.521280348980891164e-08,9.845493491405208925e-05,4.700000000000015277e-02,9.504746185285751769e-01,9.442808451810064119e-01,6.700000000000014277e-02
0.000000000000000000e+00,9.140000000000000346e-01,2.099999999999999090e-02,4.561852699831862168e+01,7.929703086014249098e-08,9.778703789359557345e-05,4.700000000000015277e-02,9.499286304614160681e-01,9.482256418129562103e-01,6.800000000000014366e-02
0.000000000000000000e+00,9.140000000000000346e-01,2.199999999999999178e-02,4.626982792043592241e+01,8.261343358631466659e-08,9.790976079688553345e-05,4.700000000000015277e-02,9.507937747366550507e-01,9.526186013749802228e-01,6.900000000000014455e-02
0.000000000000000000e+00,9.140000000000000346e-01,2.299999999999998920e-02,4.252751917811404780e+01,6.171398947922219666e-08,9.865268193071455045e-05,4.600000000000004086e-02,9.167122369752223054e-01,9.525768432710475242e-01,6.900000000000003353e-02
0.000000000000000000e+00,9.140000000000000346e-01,2.399999999999998662e-02,4.322595011435728907e+01,6.486940217655272765e-08,9.875826266161562121e-05,4.600000000000004086e-02,9.182664762850439866e-01,9.564939532684461065e-01,7.000000000000003442e-02
0.000000000000000000e+00,9.140000000000000346e-01,2.499999999999998751e-02,4.105085399169541915e+01,5.405878668393794355e-08,9.824393003140780391e-05,4.499999999999992895e-02,9.167057143336161396e-01,9.552573905256653841e-01,6.999999999999992339e-02
0.000000000000000000e+00,9.140000000000000346e-01,2.599999999999998840e-02,3.869783998885829135e+01,4.355801332588355135e-08,9.831175170351154455e-05,4.400000000000003908e-02,9.151302586672942496e-01,9.545484988366793599e-01,7.000000000000003442e-02
0.000000000000000000e+00,9.140000000000000346e-01,2.699999999999998929e-02,3.949466040803510936e+01,4.654965785508325074e-08,9.784170340705702115e-05,4.400000000000003908e-02,9.144346059338325228e-01,9.576662645159202958e-01,7.100000000000003531e-02
0.000000000000000000e+00,9.140000000000000346e-01,2.799999999999998324e-02,4.018394082109128362e+01,4.921453347883470086e-08,9.801605184194923600e-05,4.400000000000003908e-02,9.151033655535296685e-01,9.610034336607328198e-01,7.200000000000002232e-02
0.000000000000000000e+00,9.140000000000000346e-01,2.899999999999998412e-02,4.057518009444456197e+01,5.076107864708228233e-08,9.999857400661731673e-05,4.400000000000003908e-02,9.187380314000287429e-01,9.608099391623353691e-01,7.300000000000002320e-02
0.000000000000000000e+00,9.140000000000000346e-01,2.999999999999998501e-02,4.097718504981480692e+01,5.237829780728132008e-08,1.018910955352184664e-04,4.400000000000003908e-02,9.219515166768549319e-01,9.609002002432482925e-01,7.400000000000002409e-02
0.000000000000000000e+00,9.140000000000000346e-01,3.099999999999998590e-02,4.148128805548122244e+01,5.444486502979112364e-08,1.031062890831029402e-04,4.400000000000003908e-02,9.239405365370813028e-01,9.627299016499585305e-01,7.500000000000002498e-02
0.000000000000000000e+00,9.140000000000000346e-01,3.199999999999997985e-02,4.194109610619367601e+01,5.636656744350318419e-08,1.045950101475025186e-04,4.400000000000003908e-02,9.261471377357261003e-01,9.636773534285290044e-01,7.600000000000001199e-02
0.000000000000000000e+00,9.140000000000000346e-01,3.299999999999998074e-02,4.213893144193039575e+01,5.720571416483218572e-08,1.078940964052014969e-04,4.400000000000003908e-02,9.300796302698608464e-01,9.567788179909979540e-01,7.700000000000001288e-02
0.000000000000000000e+00,9.140000000000000346e-01,3.399999999999998163e-02,4.251801447318327121e+01,5.883565816750061484e-08,1.098739644545052284e-04,4.400000000000003908e-02,9.324677713463428441e-01,9.568363149539360624e-01,7.800000000000001377e-02
0.000000000000000000e+00,9.140000000000000346e-01,3.499999999999998251e-02,4.302050774775103292e+01,6.103431335488123474e-08,1.109855072734845522e-04,4.400000000000003908e-02,9.335695174132263574e-01,9.589730742632532889e-01,7.900000000000001465e-02
0.000000000000000000e+00,9.140000000000000346e-01,3.599999999999997646e-02,4.342709931448560923e+01,6.284478451108583856e-08,1.127641861821836904e-04,4.400000000000003908e-02,9.354008757229177462e-01,9.593128987013035402e-01,8.000000000000001554e-02
0.000000000000000000e+00,9.140000000000000346e-01,3.699999999999997735e-02,4.006472709276073374e+01,4.674964902746243175e-08,1.056905052014099074e-04,4.200000000000003730e-02,9.144999703979211914e-01,9.558713488708873163e-01,7.900000000000001465e-02
0.000000000000000000e+00,9.140000000000000346e-01,3.799999999999997824e-02,4.046280232221352691e+01,4.826265728032933904e-08,1.076123254046063222e-04,4.200000000000003730e-02,9.169629090643864888e-01,9.557486334679538009e-01,8.000000000000001554e-02
0.000000000000000000e+00,9.140000000000000346e-01,3.899999999999997913e-02,3.916236960243139009e+01,4.257332500643176716e-08,1.045646242325575957e-04,4.100000000000014744e-02,9.167796393615158523e-01,9.557237779287380830e-01,8.000000000000012657e-02
0.000000000000000000e+00,9.140000000000000346e-01,3.999999999999997308e-02,3.956456990607275515e+01,4.401364966749370321e-08,1.064599419540336313e-04,4.100000000000014744e-02,9.188795103541117504e-01,9.554800170382816704e-01,8.100000000000012745e-02
0.000000000000000000e+00,9.140000000000000346e-01,4.099999999999997397e-02,4.005921919434981504e+01,4.582102169421215683e-08,1.076039890389476303e-04,4.100000000000014744e-02,9.198012439933745954e-01,9.573331548270077596e-01,8.200000000000012834e-02
0.000000000000000000e+00,9.140000000000000346e-01,4.199999999999997485e-02,4.048028022356876221e+01,4.739058612233118264e-08,1.093300226831546152e-04,4.100000000000014744e-02,9.214238019315841299e-01,9.574236967275686627e-01,8.300000000000012923e-02
0.000000000000000000e+00,9.140000000000000346e-01,4.299999999999997574e-02,4.079770413836462239e+01,4.859410520361139646e-08,1.119275976386227951e-04,4.100000000000014744e-02,9.238850723481347726e-01,9.538901272747140059e-01,8.400000000000013012e-02
0.000000000000000000e+00,9.140000000000000346e-01,4.399999999999997663e-02,4.126952167443864994e+01,5.041461902437337912e-08,1.131913973492480762e-04,4.100000000000014744e-02,9.246560337501285032e-01,9.554764979650944845e-01,8.500000000000013101e-02
0.000000000000000000e+00,9.140000000000000346e-01,4.499999999999997058e-02,4.177033333476574484e+01,5.238573103030633625e-08,1.142139764181645693e-04,4.100000000000014744e-02,9.250159916421710760e-01,9.573539323802398027e-01,8.600000000000011802e-02
0.000000000000000000e+00,9.140000000000000346e-01,4.599999999999997147e-02,4.215223607534096573e+01,5.391641942340160379e-08,1.162392925590888080e-04,4.100000000000014744e-02,9.265505300033918257e-01,9.562683316692247582e-01,8.700000000000011890e-02
0.000000000000000000e+00,9.140000000000000346e-01,4.699999999999997236e-02,4.247602876881285283e+01,5.523444020422048212e-08,1.187806970175295479e-04,4.100000000000014744e-02,9.284829810106665082e-01,9.531312374109455199e-01,8.800000000000011979e-02
0.000000000000000000e+00,9.140000000000000346e-01,4.799999999999996630e-02,4.283898299970419288e+01,5.673427004682400486e-08,1.209503970436375908e-04,4.100000000000014744e-02,9.299386614275956253e-01,9.519287971051982877e-01,8.900000000000010680e-02
0.000000000000000000e+00,9.140000000000000346e-01,4.899999999999996719e-02,4.323688393103110172e+01,5.840478632736850364e-08,1.227908001681744853e-04,4.100000000000014744e-02,9.309612547242891445e-01,9.519721001660701454e-01,9.000000000000010769e-02
0.000000000000000000e+00,9.150000000000000355e-01,1.000000000000000021e-02,4.243409899677060082e+01,6.265266593689582507e-08,9.786083750731695776e-05,5.000000000000004441e-02,9.274103530408051022e-01,9.467603338807567548e-01,6.000000000000004635e-02
0.000000000000000000e+00,9.150000000000000355e-01,1.099999999999999936e-02,4.302988512207488014e+01,6.544318666846382920e-08,9.856620628924784124e-05,5.000000000000004441e-02,9.318631378628823292e-01,9.526506824657965389e-01,6.100000000000004030e-02
0.000000000000000000e+00,9.150000000000000355e-01,1.199999999999999852e-02,4.431884979101823774e+01,7.295988771945145497e-08,9.303075962397148091e-05,4.899999999999993250e-02,9.160240244915953678e-01,9.330958565172461361e-01,6.099999999999992928e-02
0.000000000000000000e+00,9.150000000000000355e-01,1.299999999999999767e-02,4.425696568514968732e+01,7.298153823672979011e-08,8.974275684419244297e-05,4.800000000000004263e-02,9.164518589922392433e-01,9.239186455874290882e-01,6.100000000000004030e-02
0.000000000000000000e+00,9.150000000000000355e-01,1.399999999999999682e-02,4.377865054004163881e+01,7.033094267552378145e-08,8.562643599259055129e-05,4.700000000000015277e-02,9.171015211070295825e-01,9.222374471284486841e-01,6.100000000000015132e-02
0.000000000000000000e+00,9.150000000000000355e-01,1.499999999999999598e-02,4.375766435382702468e+01,7.023284404983888348e-08,8.834390854415310980e-05,4.700000000000015277e-02,9.253847970764845776e-01,9.274219074675470464e-01,6.200000000000015221e-02
0.000000000000000000e+00,9.150000000000000355e-01,1.599999999999999339e-02,4.421681287595983889e+01,7.240196908271703766e-08,8.918050978642849441e-05,4.700000000000015277e-02,9.304319614122213977e-01,9.348997011110539157e-01,6.300000000000013922e-02
0.000000000000000000e+00,9.150000000000000355e-01,1.699999999999999428e-02,4.462131790723262270e+01,7.434152082752570975e-08,9.028911149300826889e-05,4.700000000000015277e-02,9.352063693011127832e-01,9.411396808437699768e-01,6.400000000000014011e-02
0.000000000000000000e+00,9.150000000000000355e-01,1.799999999999999517e-02,4.474586607125399240e+01,7.494548726589295303e-08,9.264021887901501776e-05,4.700000000000015277e-02,9.407333547242746619e-01,9.438619892803877809e-01,6.500000000000014100e-02
0.000000000000000000e+00,9.150000000000000355e-01,1.899999999999999259e-02,4.468848388509135816e+01,7.466539276614947312e-08,9.591025544588897779e-05,4.700000000000015277e-02,9.461062553662291652e-01,9.425876130295847144e-01,6.600000000000014189e-02
0.000000000000000000e+00,9.150000000000000355e-01,1.999999999999999001e-02,4.479991051433583493e+01,7.521280348980891164e-08,9.845493491405208925e-05,4.700000000000015277e-02,9.504746185285751769e-01,9.442808451810064119e-01,6.700000000000014277e-02
0.000000000000000000e+00,9.150000000000000355e-01,2.099999999999999090e-02,4.561852699831862168e+01,7.929703086014249098e-08,9.778703789359557345e-05,4.700000000000015277e-02,9.499286304614160681e-01,9.482256418129562103e-01,6.800000000000014366e-02
0.000000000000000000e+00,9.150000000000000355e-01,2.199999999999999178e-02,4.626982792043592241e+01,8.261343358631466659e-08,9.790976079688553345e-05,4.700000000000015277e-02,9.507937747366550507e-01,9.526186013749802228e-01,6.900000000000014455e-02
0.000000000000000000e+00,9.150000000000000355e-01,2.299999999999998920e-02,4.252751917811404780e+01,6.171398947922219666e-08,9.865268193071455045e-05,4.600000000000004086e-02,9.167122369752223054e-01,9.525768432710475242e-01,6.900000000000003353e-02
0.000000000000000000e+00,9.150000000000000355e-01,2.399999999999998662e-02,4.322595011435728907e+01,6.486940217655272765e-08,9.875826266161562121e-05,4.600000000000004086e-02,9.182664762850439866e-01,9.564939532684461065e-01,7.000000000000003442e-02
0.000000000000000000e+00,9.150000000000000355e-01,2.499999999999998751e-02,4.105085399169541915e+01,5.405878668393794355e-08,9.824393003140780391e-05,4.499999999999992895e-02,9.167057143336161396e-01,9.552573905256653841e-01,6.999999999999992339e-02
0.000000000000000000e+00,9.150000000000000355e-01,2.599999999999998840e-02,3.869783998885829135e+01,4.355801332588355135e-08,9.831175170351154455e-05,4.400000000000003908e-02,9.151302586672942496e-01,9.545484988366793599e-01,7.000000000000003442e-02
0.000000000000000000e+00,9.150000000000000355e-01,2.699999999999998929e-02,4.210120280425168460e+01,5.850187388275432435e-08,1.004422235185151776e-04,4.499999999999992895e-02,9.218501308208257861e-01,9.589089958446764816e-01,7.199999999999992517e-02
0.000000000000000000e+00,9.150000000000000355e-01,2.799999999999998324e-02,4.018394082109128362e+01,4.921453347883470086e-08,9.801605184194923600e-05,4.400000000000003908e-02,9.151033655535296685e-01,9.610034336607328198e-01,7.200000000000002232e-02
0.000000000000000000e+00,9.150000000000000355e-01,2.899999999999998412e-02,4.057518009444456197e+01,5.076107864708228233e-08,9.999857400661731673e-05,4.400000000000003908e-02,9.187380314000287429e-01,9.608099391623353691e-01,7.300000000000002320e-02
0.000000000000000000e+00,9.150000000000000355e-01,2.999999999999998501e-02,4.097718504981480692e+01,5.237829780728132008e-08,1.018910955352184664e-04,4.400000000000003908e-02,9.219515166768549319e-01,9.609002002432482925e-01,7.400000000000002409e-02
0.000000000000000000e+00,9.150000000000000355e-01,3.099999999999998590e-02,4.148128805548122244e+01,5.444486502979112364e-08,1.031062890831029402e-04,4.400000000000003908e-02,9.239405365370813028e-01,9.627299016499585305e-01,7.500000000000002498e-02
0.000000000000000000e+00,9.150000000000000355e-01,3.199999999999997985e-02,4.194109610619367601e+01,5.636656744350318419e-08,1.045950101475025186e-04,4.400000000000003908e-02,9.261471377357261003e-01,9.636773534285290044e-01,7.600000000000001199e-02
0.000000000000000000e+00,9.150000000000000355e-01,3.299999999999998074e-02,4.213893144193039575e+01,5.720571416483218572e-08,1.078940964052014969e-04,4.400000000000003908e-02,9.300796302698608464e-01,9.567788179909979540e-01,7.700000000000001288e-02
0.000000000000000000e+00,9.150000000000000355e-01,3.399999999999998163e-02,4.251801447318327121e+01,5.883565816750061484e-08,1.098739644545052284e-04,4.400000000000003908e-02,9.324677713463428441e-01,9.568363149539360624e-01,7.800000000000001377e-02
0.000000000000000000e+00,9.150000000000000355e-01,3.499999999999998251e-02,4.302050774775103292e+01,6.103431335488123474e-08,1.109855072734845522e-04,4.400000000000003908e-02,9.335695174132263574e-01,9.589730742632532889e-01,7.900000000000001465e-02
0.000000000000000000e+00,9.150000000000000355e-01,3.599999999999997646e-02,4.342709931448560923e+01,6.284478451108583856e-08,1.127641861821836904e-04,4.400000000000003908e-02,9.354008757229177462e-01,9.593128987013035402e-01,8.000000000000001554e-02
0.000000000000000000e+00,9.150000000000000355e-01,3.699999999999997735e-02,4.370028588790317770e+01,6.407879824987344498e-08,1.155327992848220080e-04,4.400000000000003908e-02,9.380435112668639164e-01,9.558540444854903839e-01,8.100000000000001643e-02
0.000000000000000000e+00,9.150000000000000355e-01,3.799999999999997824e-02,4.046280232221352691e+01,4.826265728032933904e-08,1.076123254046063222e-04,4.200000000000003730e-02,9.169629090643864888e-01,9.557486334679538009e-01,8.000000000000001554e-02
0.000000000000000000e+00,9.150000000000000355e-01,3.899999999999997913e-02,3.916236960243139009e+01,4.257332500643176716e-08,1.045646242325575957e-04,4.100000000000014744e-02,9.167796393615158523e-01,9.557237779287380830e-01,8.000000000000012657e-02
0.000000000000000000e+00,9.150000000000000355e-01,3.999999999999997308e-02,3.956456990607275515e+01,4.401364966749370321e-08,1.064599419540336313e-04,4.100000000000014744e-02,9.188795103541117504e-01,9.554800170382816704e-01,8.100000000000012745e-02
0.000000000000000000e+00,9.150000000000000355e-01,4.099999999999997397e-02,4.005921919434981504e+01,4.582102169421215683e-08,1.076039890389476303e-04,4.100000000000014744e-02,9.198012439933745954e-01,9.573331548270077596e-01,8.200000000000012834e-02
0.000000000000000000e+00,9.150000000000000355e-01,4.199999999999997485e-02,4.048028022356876221e+01,4.739058612233118264e-08,1.093300226831546152e-04,4.100000000000014744e-02,9.214238019315841299e-01,9.574236967275686627e-01,8.300000000000012923e-02
0.000000000000000000e+00,9.150000000000000355e-01,4.299999999999997574e-02,4.079770413836462239e+01,4.859410520361139646e-08,1.119275976386227951e-04,4.100000000000014744e-02,9.238850723481347726e-01,9.538901272747140059e-01,8.400000000000013012e-02
0.000000000000000000e+00,9.150000000000000355e-01,4.399999999999997663e-02,4.126952167443864994e+01,5.041461902437337912e-08,1.131913973492480762e-04,4.100000000000014744e-02,9.246560337501285032e-01,9.554764979650944845e-01,8.500000000000013101e-02
0.000000000000000000e+00,9.150000000000000355e-01,4.499999999999997058e-02,4.177033333476574484e+01,5.238573103030633625e-08,1.142139764181645693e-04,4.100000000000014744e-02,9.250159916421710760e-01,9.573539323802398027e-01,8.600000000000011802e-02
0.000000000000000000e+00,9.150000000000000355e-01,4.599999999999997147e-02,4.215223607534096573e+01,5.391641942340160379e-08,1.162392925590888080e-04,4.100000000000014744e-02,9.265505300033918257e-01,9.562683316692247582e-01,8.700000000000011890e-02
0.000000000000000000e+00,9.150000000000000355e-01,4.699999999999997236e-02,4.247602876881285283e+01,5.523444020422048212e-08,1.187806970175295479e-04,4.100000000000014744e-02,9.284829810106665082e-01,9.531312374109455199e-01,8.800000000000011979e-02
0.000000000000000000e+00,9.150000000000000355e-01,4.799999999999996630e-02,4.283898299970419288e+01,5.673427004682400486e-08,1.209503970436375908e-04,4.100000000000014744e-02,9.299386614275956253e-01,9.519287971051982877e-01,8.900000000000010680e-02
0.000000000000000000e+00,9.150000000000000355e-01,4.899999999999996719e-02,4.323688393103110172e+01,5.840478632736850364e-08,1.227908001681744853e-04,4.100000000000014744e-02,9.309612547242891445e-01,9.519721001660701454e-01,9.000000000000010769e-02
0.000000000000000000e+00,9.160000000000000364e-01,1.000000000000000021e-02,4.243409899677060082e+01,6.265266593689582507e-08,9.786083750731695776e-05,5.000000000000004441e-02,9.274103530408051022e-01,9.467603338807567548e-01,6.000000000000004635e-02
0.000000000000000000e+00,9.160000000000000364e-01,1.099999999999999936e-02,4.302988512207488014e+01,6.544318666846382920e-08,9.856620628924784124e-05,5.000000000000004441e-02,9.318631378628823292e-01,9.526506824657965389e-01,6.100000000000004030e-02
0.000000000000000000e+00,9.160000000000000364e-01,1.199999999999999852e-02,4.431884979101823774e+01,7.295988771945145497e-08,9.303075962397148091e-05,4.899999999999993250e-02,9.160240244915953678e-01,9.330958565172461361e-01,6.099999999999992928e-02
0.000000000000000000e+00,9.160000000000000364e-01,1.299999999999999767e-02,4.425696568514968732e+01,7.298153823672979011e-08,8.974275684419244297e-05,4.800000000000004263e-02,9.164518589922392433e-01,9.239186455874290882e-01,6.100000000000004030e-02
0.000000000000000000e+00,9.160000000000000364e-01,1.399999999999999682e-02,4.377865054004163881e+01,7.033094267552378145e-08,8.562643599259055129e-05,4.700000000000015277e-02,9.171015211070295825e-01,9.222374471284486841e-01,6.100000000000015132e-02
0.000000000000000000e+00,9.160000000000000364e-01,1.499999999999999598e-02,4.375766435382702468e+01,7.023284404983888348e-08,8.834390854415310980e-05,4.700000000000015277e-02,9.253847970764845776e-01,9.274219074675470464e-01,6.200000000000015221e-02
0.000000000000000000e+00,9.160000000000000364e-01,1.599999999999999339e-02,4.421681287595983889e+01,7.240196908271703766e-08,8.918050978642849441e-05,4.700000000000015277e-02,9.304319614122213977e-01,9.348997011110539157e-01,6.300000000000013922e-02
0.000000000000000000e+00,9.160000000000000364e-01,1.699999999999999428e-02,4.462131790723262270e+01,7.434152082752570975e-08,9.028911149300826889e-05,4.700000000000015277e-02,9.352063693011127832e-01,9.411396808437699768e-01,6.400000000000014011e-02
0.000000000000000000e+00,9.160000000000000364e-01,1.799999999999999517e-02,4.474586607125399240e+01,7.494548726589295303e-08,9.264021887901501776e-05,4.700000000000015277e-02,9.407333547242746619e-01,9.438619892803877809e-01,6.500000000000014100e-02
0.000000000000000000e+00,9.160000000000000364e-01,1.899999999999999259e-02,4.468848388509135816e+01,7.466539276614947312e-08,9.591025544588897779e-05,4.700000000000015277e-02,9.461062553662291652e-01,9.425876130295847144e-01,6.600000000000014189e-02
0.000000000000000000e+00,9.160000000000000364e-01,1.999999999999999001e-02,4.479991051433583493e+01,7.521280348980891164e-08,9.845493491405208925e-05,4.700000000000015277e-02,9.504746185285751769e-01,9.442808451810064119e-01,6.700000000000014277e-02
0.000000000000000000e+00,9.160000000000000364e-01,2.099999999999999090e-02,4.561852699831862168e+01,7.929703086014249098e-08,9.778703789359557345e-05,4.700000000000015277e-02,9.499286304614160681e-01,9.482256418129562103e-01,6.800000000000014366e-02
0.000000000000000000e+00,9.160000000000000364e-01,2.199999999999999178e-02,4.626982792043592241e+01,8.261343358631466659e-08,9.790976079688553345e-05,4.700000000000015277e-02,9.507937747366550507e-01,9.526186013749802228e-01,6.900000000000014455e-02
0.000000000000000000e+00,9.160000000000000364e-01,2.299999999999998920e-02,4.252751917811404780e+01,6.171398947922219666e-08,9.865268193071455045e-05,4.600000000000004086e-02,9.167122369752223054e-01,9.525768432710475242e-01,6.900000000000003353e-02
0.000000000000000000e+00,9.160000000000000364e-01,2.399999999999998662e-02,4.322595011435728907e+01,6.486940217655272765e-08,9.875826266161562121e-05,4.600000000000004086e-02,9.182664762850439866e-01,9.564939532684461065e-01,7.000000000000003442e-02
0.000000000000000000e+00,9.160000000000000364e-01,2.499999999999998751e-02,4.105085399169541915e+01,5.405878668393794355e-08,9.824393003140780391e-05,4.499999999999992895e-02,9.167057143336161396e-01,9.552573905256653841e-01,6.999999999999992339e-02
0.000000000000000000e+00,9.160000000000000364e-01,2.599999999999998840e-02,4.174509475651036183e+01,5.697547963520357569e-08,9.838498635269572615e-05,4.499999999999992895e-02,9.177808150519524144e-01,9.588692430098376684e-01,7.099999999999992428e-02
0.000000000000000000e+00,9.160000000000000364e-01,2.699999999999998929e-02,4.210120280425168460e+01,5.850187388275432435e-08,1.004422235185151776e-04,4.499999999999992895e-02,9.218501308208257861e-01,9.589089958446764816e-01,7.199999999999992517e-02
0.000000000000000000e+00,9.160000000000000364e-01,2.799999999999998324e-02,4.247222852884324595e+01,6.011694546451214756e-08,1.023983219147902798e-04,4.499999999999992895e-02,9.254364968872281771e-01,9.592277358630252326e-01,7.299999999999991218e-02
0.000000000000000000e+00,9.160000000000000364e-01,2.899999999999998412e-02,4.057518009444456197e+01,5.076107864708228233e-08,9.999857400661731673e-05,4.400000000000003908e-02,9.187380314000287429e-01,9.608099391623353691e-01,7.300000000000002320e-02
0.000000000000000000e+00,9.160000000000000364e-01,2.999999999999998501e-02,4.097718504981480692e+01,5.237829780728132008e-08,1.018910955352184664e-04,4.400000000000003908e-02,9.219515166768549319e-01,9.609002002432482925e-01,7.400000000000002409e-02
0.000000000000000000e+00,9.160000000000000364e-01,3.099999999999998590e-02,4.148128805548122244e+01,5.444486502979112364e-08,1.031062890831029402e-04,4.400000000000003908e-02,9.239405365370813028e-01,9.627299016499585305e-01,7.500000000000002498e-02
0.000000000000000000e+00,9.160000000000000364e-01,3.199999999999997985e-02,4.194109610619367601e+01,5.636656744350318419e-08,1.045950101475025186e-04,4.400000000000003908e-02,9.261471377357261003e-01,9.636773534285290044e-01,7.600000000000001199e-02
0.000000000000000000e+00,9.160000000000000364e-01,3.299999999999998074e-02,4.213893144193039575e+01,5.720571416483218572e-08,1.078940964052014969e-04,4.400000000000003908e-02,9.300796302698608464e-01,9.567788179909979540e-01,7.700000000000001288e-02
0.000000000000000000e+00,9.160000000000000364e-01,3.399999999999998163e-02,4.251801447318327121e+01,5.883565816750061484e-08,1.098739644545052284e-04,4.400000000000003908e-02,9.324677713463428441e-01,9.568363149539360624e-01,7.800000000000001377e-02
0.000000000000000000e+00,9.160000000000000364e-01,3.499999999999998251e-02,4.302050774775103292e+01,6.103431335488123474e-08,1.109855072734845522e-04,4.400000000000003908e-02,9.335695174132263574e-01,9.589730742632532889e-01,7.900000000000001465e-02
0.000000000000000000e+00,9.160000000000000364e-01,3.599999999999997646e-02,4.342709931448560923e+01,6.284478451108583856e-08,1.127641861821836904e-04,4.400000000000003908e-02,9.354008757229177462e-01,9.593128987013035402e-01,8.000000000000001554e-02
0.000000000000000000e+00,9.160000000000000364e-01,3.699999999999997735e-02,4.370028588790317770e+01,6.407879824987344498e-08,1.155327992848220080e-04,4.400000000000003908e-02,9.380435112668639164e-01,9.558540444854903839e-01,8.100000000000001643e-02
0.000000000000000000e+00,9.160000000000000364e-01,3.799999999999997824e-02,4.046280232221352691e+01,4.826265728032933904e-08,1.076123254046063222e-04,4.200000000000003730e-02,9.169629090643864888e-01,9.557486334679538009e-01,8.000000000000001554e-02
0.000000000000000000e+00,9.160000000000000364e-01,3.899999999999997913e-02,3.916236960243139009e+01,4.257332500643176716e-08,1.045646242325575957e-04,4.100000000000014744e-02,9.167796393615158523e-01,9.557237779287380830e-01,8.000000000000012657e-02
0.000000000000000000e+00,9.160000000000000364e-01,3.999999999999997308e-02,3.956456990607275515e+01,4.401364966749370321e-08,1.064599419540336313e-04,4.100000000000014744e-02,9.188795103541117504e-01,9.554800170382816704e-01,8.100000000000012745e-02
0.000000000000000000e+00,9.160000000000000364e-01,4.099999999999997397e-02,4.005921919434981504e+01,4.582102169421215683e-08,1.076039890389476303e-04,4.100000000000014744e-02,9.198012439933745954e-01,9.573331548270077596e-01,8.200000000000012834e-02
0.000000000000000000e+00,9.160000000000000364e-01,4.199999999999997485e-02,4.048028022356876221e+01,4.739058612233118264e-08,1.093300226831546152e-04,4.100000000000014744e-02,9.214238019315841299e-01,9.574236967275686627e-01,8.300000000000012923e-02
0.000000000000000000e+00,9.160000000000000364e-01,4.299999999999997574e-02,4.079770413836462239e+01,4.859410520361139646e-08,1.119275976386227951e-04,4.100000000000014744e-02,9.238850723481347726e-01,9.538901272747140059e-01,8.400000000000013012e-02
0.000000000000000000e+00,9.160000000000000364e-01,4.399999999999997663e-02,4.126952167443864994e+01,5.041461902437337912e-08,1.131913973492480762e-04,4.100000000000014744e-02,9.246560337501285032e-01,9.554764979650944845e-01,8.500000000000013101e-02
0.000000000000000000e+00,9.160000000000000364e-01,4.499999999999997058e-02,4.177033333476574484e+01,5.238573103030633625e-08,1.142139764181645693e-04,4.100000000000014744e-02,9.250159916421710760e-01,9.573539323802398027e-01,8.600000000000011802e-02
0.000000000000000000e+00,9.160000000000000364e-01,4.599999999999997147e-02,4.215223607534096573e+01,5.391641942340160379e-08,1.162392925590888080e-04,4.100000000000014744e-02,9.265505300033918257e-01,9.562683316692247582e-01,8.700000000000011890e-02
0.000000000000000000e+00,9.160000000000000364e-01,4.699999999999997236e-02,4.247602876881285283e+01,5.523444020422048212e-08,1.187806970175295479e-04,4.100000000000014744e-02,9.284829810106665082e-01,9.531312374109455199e-01,8.800000000000011979e-02
0.000000000000000000e+00,9.160000000000000364e-01,4.799999999999996630e-02,4.283898299970419288e+01,5.673427004682400486e-08,1.209503970436375908e-04,4.100000000000014744e-02,9.299386614275956253e-01,9.519287971051982877e-01,8.900000000000010680e-02
0.000000000000000000e+00,9.160000000000000364e-01,4.899999999999996719e-02,4.323688393103110172e+01,5.840478632736850364e-08,1.227908001681744853e-04,4.100000000000014744e-02,9.309612547242891445e-01,9.519721001660701454e-01,9.000000000000010769e-02
0.000000000000000000e+00,9.170000000000000373e-01,1.000000000000000021e-02,4.243409899677060082e+01,6.265266593689582507e-08,9.786083750731695776e-05,5.000000000000004441e-02,9.274103530408051022e-01,9.467603338807567548e-01,6.000000000000004635e-02
0.000000000000000000e+00,9.170000000000000373e-01,1.099999999999999936e-02,4.302988512207488014e+01,6.544318666846382920e-08,9.856620628924784124e-05,5.000000000000004441e-02,9.318631378628823292e-01,9.526506824657965389e-01,6.100000000000004030e-02
0.000000000000000000e+00,9.170000000000000373e-01,1.199999999999999852e-02,4.328553624572032277e+01,6.666088895042417887e-08,1.008388576421255842e-04,5.000000000000004441e-02,9.377722574701524705e-01,9.554738816707213367e-01,6.200000000000004119e-02
0.000000000000000000e+00,9.170000000000000373e-01,1.299999999999999767e-02,4.477806498492873999e+01,7.522307150657053313e-08,9.401458286192658183e-05,4.899999999999993250e-02,9.221248173974782025e-01,9.401761299274767891e-01,6.199999999999993017e-02
0.000000000000000000e+00,9.170000000000000373e-01,1.399999999999999682e-02,4.377865054004163881e+01,7.033094267552378145e-08,8.562643599259055129e-05,4.700000000000015277e-02,9.171015211070295825e-01,9.222374471284486841e-01,6.100000000000015132e-02
0.000000000000000000e+00,9.170000000000000373e-01,1.499999999999999598e-02,4.375766435382702468e+01,7.023284404983888348e-08,8.834390854415310980e-05,4.700000000000015277e-02,9.253847970764845776e-01,9.274219074675470464e-01,6.200000000000015221e-02
0.000000000000000000e+00,9.170000000000000373e-01,1.599999999999999339e-02,4.421681287595983889e+01,7.240196908271703766e-08,8.918050978642849441e-05,4.700000000000015277e-02,9.304319614122213977e-01,9.348997011110539157e-01,6.300000000000013922e-02
0.000000000000000000e+00,9.170000000000000373e-01,1.699999999999999428e-02,4.462131790723262270e+01,7.434152082752570975e-08,9.028911149300826889e-05,4.700000000000015277e-02,9.352063693011127832e-01,9.411396808437699768e-01,6.400000000000014011e-02
0.000000000000000000e+00,9.170000000000000373e-01,1.799999999999999517e-02,4.474586607125399240e+01,7.494548726589295303e-08,9.264021887901501776e-05,4.700000000000015277e-02,9.407333547242746619e-01,9.438619892803877809e-01,6.500000000000014100e-02
0.000000000000000000e+00,9.170000000000000373e-01,1.899999999999999259e-02,4.468848388509135816e+01,7.466539276614947312e-08,9.591025544588897779e-05,4.700000000000015277e-02,9.461062553662291652e-01,9.425876130295847144e-01,6.600000000000014189e-02
0.000000000000000000e+00,9.170000000000000373e-01,1.999999999999999001e-02,4.479991051433583493e+01,7.521280348980891164e-08,9.845493491405208925e-05,4.700000000000015277e-02,9.504746185285751769e-01,9.442808451810064119e-01,6.700000000000014277e-02
0.000000000000000000e+00,9.170000000000000373e-01,2.099999999999999090e-02,4.561852699831862168e+01,7.929703086014249098e-08,9.778703789359557345e-05,4.700000000000015277e-02,9.499286304614160681e-01,9.482256418129562103e-01,6.800000000000014366e-02
0.000000000000000000e+00,9.170000000000000373e-01,2.199999999999999178e-02,4.626982792043592241e+01,8.261343358631466659e-08,9.790976079688553345e-05,4.700000000000015277e-02,9.507937747366550507e-01,9.526186013749802228e-01,6.900000000000014455e-02
0.000000000000000000e+00,9.170000000000000373e-01,2.299999999999998920e-02,4.646533313970276424e+01,8.362283883186458737e-08,1.002009006491760303e-04,4.700000000000015277e-02,9.541637060608202381e-01,9.531602626151115532e-01,7.000000000000014544e-02
0.000000000000000000e+00,9.170000000000000373e-01,2.399999999999998662e-02,4.322595011435728907e+01,6.486940217655272765e-08,9.875826266161562121e-05,4.600000000000004086e-02,9.182664762850439866e-01,9.564939532684461065e-01,7.000000000000003442e-02
0.000000000000000000e+00,9.170000000000000373e-01,2.499999999999998751e-02,4.354269042886540575e+01,6.632667005651527203e-08,1.008977804707572156e-04,4.600000000000004086e-02,9.228470578692176129e-01,9.568033224122599600e-01,7.100000000000003531e-02
0.000000000000000000e+00,9.170000000000000373e-01,2.599999999999998840e-02,4.174509475651036183e+01,5.697547963520357569e-08,9.838498635269572615e-05,4.499999999999992895e-02,9.177808150519524144e-01,9.588692430098376684e-01,7.099999999999992428e-02
0.000000000000000000e+00,9.170000000000000373e-01,2.699999999999998929e-02,4.210120280425168460e+01,5.850187388275432435e-08,1.004422235185151776e-04,4.499999999999992895e-02,9.218501308208257861e-01,9.589089958446764816e-01,7.199999999999992517e-02
0.000000000000000000e+00,9.170000000000000373e-01,2.799999999999998324e-02,4.247222852884324595e+01,6.011694546451214756e-08,1.023983219147902798e-04,4.499999999999992895e-02,9.254364968872281771e-01,9.592277358630252326e-01,7.299999999999991218e-02
0.000000000000000000e+00,9.170000000000000373e-01,2.899999999999998412e-02,4.057518009444456197e+01,5.076107864708228233e-08,9.999857400661731673e-05,4.400000000000003908e-02,9.187380314000287429e-01,9.608099391623353691e-01,7.300000000000002320e-02
0.000000000000000000e+00,9.170000000000000373e-01,2.999999999999998501e-02,4.097718504981480692e+01,5.237829780728132008e-08,1.018910955352184664e-04,4.400000000000003908e-02,9.219515166768549319e-01,9.609002002432482925e-01,7.400000000000002409e-02
0.000000000000000000e+00,9.170000000000000373e-01,3.099999999999998590e-02,4.148128805548122244e+01,5.444486502979112364e-08,1.031062890831029402e-04,4.400000000000003908e-02,9.239405365370813028e-01,9.627299016499585305e-01,7.500000000000002498e-02
0.000000000000000000e+00,9.170000000000000373e-01,3.199999999999997985e-02,4.194109610619367601e+01,5.636656744350318419e-08,1.045950101475025186e-04,4.400000000000003908e-02,9.261471377357261003e-01,9.636773534285290044e-01,7.600000000000001199e-02
0.000000000000000000e+00,9.170000000000000373e-01,3.299999999999998074e-02,4.213893144193039575e+01,5.720571416483218572e-08,1.078940964052014969e-04,4.400000000000003908e-02,9.300796302698608464e-01,9.567788179909979540e-01,7.700000000000001288e-02
0.000000000000000000e+00,9.170000000000000373e-01,3.399999999999998163e-02,4.251801447318327121e+01,5.883565816750061484e-08,1.098739644545052284e-04,4.400000000000003908e-02,9.324677713463428441e-01,9.568363149539360624e-01,7.800000000000001377e-02
0.000000000000000000e+00,9.170000000000000373e-01,3.499999999999998251e-02,4.302050774775103292e+01,6.103431335488123474e-08,1.109855072734845522e-04,4.400000000000003908e-02,9.335695174132263574e-01,9.589730742632532889e-01,7.900000000000001465e-02
0.000000000000000000e+00,9.170000000000000373e-01,3.599999999999997646e-02,4.342709931448560923e+01,6.284478451108583856e-08,1.127641861821836904e-04,4.400000000000003908e-02,9.354008757229177462e-01,9.593128987013035402e-01,8.000000000000001554e-02
0.000000000000000000e+00,9.170000000000000373e-01,3.699999999999997735e-02,4.370028588790317770e+01,6.407879824987344498e-08,1.155327992848220080e-04,4.400000000000003908e-02,9.380435112668639164e-01,9.558540444854903839e-01,8.100000000000001643e-02
0.000000000000000000e+00,9.170000000000000373e-01,3.799999999999997824e-02,4.417625829341737642e+01,6.626144881890769213e-08,1.167726839969084556e-04,4.400000000000003908e-02,9.389175588598072109e-01,9.576776753922700003e-01,8.200000000000001732e-02
0.000000000000000000e+00,9.170000000000000373e-01,3.899999999999997913e-02,4.096214136930963434e+01,5.019763277652873621e-08,1.087467517846580235e-04,4.200000000000003730e-02,9.181763664174704687e-01,9.577110781139391849e-01,8.100000000000001643e-02
0.000000000000000000e+00,9.170000000000000373e-01,3.999999999999997308e-02,3.956456990607275515e+01,4.401364966749370321e-08,1.064599419540336313e-04,4.100000000000014744e-02,9.188795103541117504e-01,9.554800170382816704e-01,8.100000000000012745e-02
0.000000000000000000e+00,9.170000000000000373e-01,4.099999999999997397e-02,4.005921919434981504e+01,4.582102169421215683e-08,1.076039890389476303e-04,4.100000000000014744e-02,9.198012439933745954e-01,9.573331548270077596e-01,8.200000000000012834e-02
0.000000000000000000e+00,9.170000000000000373e-01,4.199999999999997485e-02,4.048028022356876221e+01,4.739058612233118264e-08,1.093300226831546152e-04,4.100000000000014744e-02,9.214238019315841299e-01,9.574236967275686627e-01,8.300000000000012923e-02
0.000000000000000000e+00,9.170000000000000373e-01,4.299999999999997574e-02,4.079770413836462239e+01,4.859410520361139646e-08,1.119275976386227951e-04,4.100000000000014744e-02,9.238850723481347726e-01,9.538901272747140059e-01,8.400000000000013012e-02
0.000000000000000000e+00,9.170000000000000373e-01,4.399999999999997663e-02,4.126952167443864994e+01,5.041461902437337912e-08,1.131913973492480762e-04,4.100000000000014744e-02,9.246560337501285032e-01,9.554764979650944845e-01,8.500000000000013101e-02
0.000000000000000000e+00,9.170000000000000373e-01,4.499999999999997058e-02,4.177033333476574484e+01,5.238573103030633625e-08,1.142139764181645693e-04,4.100000000000014744e-02,9.250159916421710760e-01,9.573539323802398027e-01,8.600000000000011802e-02
0.000000000000000000e+00,9.170000000000000373e-01,4.599999999999997147e-02,4.215223607534096573e+01,5.391641942340160379e-08,1.162392925590888080e-04,4.100000000000014744e-02,9.265505300033918257e-01,9.562683316692247582e-01,8.700000000000011890e-02
0.000000000000000000e+00,9.170000000000000373e-01,4.699999999999997236e-02,4.247602876881285283e+01,5.523444020422048212e-08,1.187806970175295479e-04,4.100000000000014744e-02,9.284829810106665082e-01,9.531312374109455199e-01,8.800000000000011979e-02
0.000000000000000000e+00,9.170000000000000373e-01,4.799999999999996630e-02,4.283898299970419288e+01,5.673427004682400486e-08,1.209503970436375908e-04,4.100000000000014744e-02,9.299386614275956253e-01,9.519287971051982877e-01,8.900000000000010680e-02
0.000000000000000000e+00,9.170000000000000373e-01,4.899999999999996719e-02,4.323688393103110172e+01,5.840478632736850364e-08,1.227908001681744853e-04,4.100000000000014744e-02,9.309612547242891445e-01,9.519721001660701454e-01,9.000000000000010769e-02
0.000000000000000000e+00,9.180000000000000382e-01,1.000000000000000021e-02,4.243409899677060082e+01,6.265266593689582507e-08,9.786083750731695776e-05,5.000000000000004441e-02,9.274103530408051022e-01,9.467603338807567548e-01,6.000000000000004635e-02
0.000000000000000000e+00,9.180000000000000382e-01,1.099999999999999936e-02,4.302988512207488014e+01,6.544318666846382920e-08,9.856620628924784124e-05,5.000000000000004441e-02,9.318631378628823292e-01,9.526506824657965389e-01,6.100000000000004030e-02
0.000000000000000000e+00,9.180000000000000382e-01,1.199999999999999852e-02,4.328553624572032277e+01,6.666088895042417887e-08,1.008388576421255842e-04,5.000000000000004441e-02,9.377722574701524705e-01,9.554738816707213367e-01,6.200000000000004119e-02
0.000000000000000000e+00,9.180000000000000382e-01,1.299999999999999767e-02,4.477806498492873999e+01,7.522307150657053313e-08,9.401458286192658183e-05,4.899999999999993250e-02,9.221248173974782025e-01,9.401761299274767891e-01,6.199999999999993017e-02
0.000000000000000000e+00,9.180000000000000382e-01,1.399999999999999682e-02,4.472366824800429441e+01,7.524813135146548072e-08,9.053214957155848741e-05,4.800000000000004263e-02,9.224670238544985246e-01,9.320670773290060662e-01,6.200000000000004119e-02
0.000000000000000000e+00,9.180000000000000382e-01,1.499999999999999598e-02,4.375766435382702468e+01,7.023284404983888348e-08,8.834390854415310980e-05,4.700000000000015277e-02,9.253847970764845776e-01,9.274219074675470464e-01,6.200000000000015221e-02
0.000000000000000000e+00,9.180000000000000382e-01,1.599999999999999339e-02,4.421681287595983889e+01,7.240196908271703766e-08,8.918050978642849441e-05,4.700000000000015277e-02,9.304319614122213977e-01,9.348997011110539157e-01,6.300000000000013922e-02
0.000000000000000000e+00,9.180000000000000382e-01,1.699999999999999428e-02,4.462131790723262270e+01,7.434152082752570975e-08,9.028911149300826889e-05,4.700000000000015277e-02,9.352063693011127832e-01,9.411396808437699768e-01,6.400000000000014011e-02
0.000000000000000000e+00,9.180000000000000382e-01,1.799999999999999517e-02,4.474586607125399240e+01,7.494548726589295303e-08,9.264021887901501776e-05,4.700000000000015277e-02,9.407333547242746619e-01,9.438619892803877809e-01,6.500000000000014100e-02
0.000000000000000000e+00,9.180000000000000382e-01,1.899999999999999259e-02,4.468848388509135816e+01,7.466539276614947312e-08,9.591025544588897779e-05,4.700000000000015277e-02,9.461062553662291652e-01,9.425876130295847144e-01,6.600000000000014189e-02
0.000000000000000000e+00,9.180000000000000382e-01,1.999999999999999001e-02,4.479991051433583493e+01,7.521280348980891164e-08,9.845493491405208925e-05,4.700000000000015277e-02,9.504746185285751769e-01,9.442808451810064119e-01,6.700000000000014277e-02
0.000000000000000000e+00,9.180000000000000382e-01,2.099999999999999090e-02,4.561852699831862168e+01,7.929703086014249098e-08,9.778703789359557345e-05,4.700000000000015277e-02,9.499286304614160681e-01,9.482256418129562103e-01,6.800000000000014366e-02
0.000000000000000000e+00,9.180000000000000382e-01,2.199999999999999178e-02,4.626982792043592241e+01,8.261343358631466659e-08,9.790976079688553345e-05,4.700000000000015277e-02,9.507937747366550507e-01,9.526186013749802228e-01,6.900000000000014455e-02
0.000000000000000000e+00,9.180000000000000382e-01,2.299999999999998920e-02,4.646533313970276424e+01,8.362283883186458737e-08,1.002009006491760303e-04,4.700000000000015277e-02,9.541637060608202381e-01,9.531602626151115532e-01,7.000000000000014544e-02
0.000000000000000000e+00,9.180000000000000382e-01,2.399999999999998662e-02,4.322595011435728907e+01,6.486940217655272765e-08,9.875826266161562121e-05,4.600000000000004086e-02,9.182664762850439866e-01,9.564939532684461065e-01,7.000000000000003442e-02
0.000000000000000000e+00,9.180000000000000382e-01,2.499999999999998751e-02,4.354269042886540575e+01,6.632667005651527203e-08,1.008977804707572156e-04,4.600000000000004086e-02,9.228470578692176129e-01,9.568033224122599600e-01,7.100000000000003531e-02
0.000000000000000000e+00,9.180000000000000382e-01,2.599999999999998840e-02,4.387935286207123653e+01,6.789681017294376074e-08,1.029234747207490426e-04,4.600000000000004086e-02,9.268736519215923231e-01,9.573826991107838857e-01,7.200000000000003619e-02
0.000000000000000000e+00,9.180000000000000382e-01,2.699999999999998929e-02,4.210120280425168460e+01,5.850187388275432435e-08,1.004422235185151776e-04,4.499999999999992895e-02,9.218501308208257861e-01,9.589089958446764816e-01,7.199999999999992517e-02
0.000000000000000000e+00,9.180000000000000382e-01,2.799999999999998324e-02,4.247222852884324595e+01,6.011694546451214756e-08,1.023983219147902798e-04,4.499999999999992895e-02,9.254364968872281771e-01,9.592277358630252326e-01,7.299999999999991218e-02
0.000000000000000000e+00,9.180000000000000382e-01,2.899999999999998412e-02,4.057518009444456197e+01,5.076107864708228233e-08,9.999857400661731673e-05,4.400000000000003908e-02,9.187380314000287429e-01,9.608099391623353691e-01,7.300000000000002320e-02
0.000000000000000000e+00,9.180000000000000382e-01,2.999999999999998501e-02,4.097718504981480692e+01,5.237829780728132008e-08,1.018910955352184664e-04,4.400000000000003908e-02,9.219515166768549319e-01,9.609002002432482925e-01,7.400000000000002409e-02
0.000000000000000000e+00,9.180000000000000382e-01,3.099999999999998590e-02,4.148128805548122244e+01,5.444486502979112364e-08,1.031062890831029402e-04,4.400000000000003908e-02,9.239405365370813028e-01,9.627299016499585305e-01,7.500000000000002498e-02
0.000000000000000000e+00,9.180000000000000382e-01,3.199999999999997985e-02,4.194109610619367601e+01,5.636656744350318419e-08,1.045950101475025186e-04,4.400000000000003908e-02,9.261471377357261003e-01,9.636773534285290044e-01,7.600000000000001199e-02
0.000000000000000000e+00,9.180000000000000382e-01,3.299999999999998074e-02,4.213893144193039575e+01,5.720571416483218572e-08,1.078940964052014969e-04,4.400000000000003908e-02,9.300796302698608464e-01,9.567788179909979540e-01,7.700000000000001288e-02
0.000000000000000000e+00,9.180000000000000382e-01,3.399999999999998163e-02,4.251801447318327121e+01,5.883565816750061484e-08,1.098739644545052284e-04,4.400000000000003908e-02,9.324677713463428441e-01,9.568363149539360624e-01,7.800000000000001377e-02
0.000000000000000000e+00,9.180000000000000382e-01,3.499999999999998251e-02,4.302050774775103292e+01,6.103431335488123474e-08,1.109855072734845522e-04,4.400000000000003908e-02,9.335695174132263574e-01,9.589730742632532889e-01,7.900000000000001465e-02
0.000000000000000000e+00,9.180000000000000382e-01,3.599999999999997646e-02,4.342709931448560923e+01,6.284478451108583856e-08,1.127641861821836904e-04,4.400000000000003908e-02,9.354008757229177462e-01,9.593128987013035402e-01,8.000000000000001554e-02
0.000000000000000000e+00,9.180000000000000382e-01,3.699999999999997735e-02,4.370028588790317770e+01,6.407879824987344498e-08,1.155327992848220080e-04,4.400000000000003908e-02,9.380435112668639164e-01,9.558540444854903839e-01,8.100000000000001643e-02
0.000000000000000000e+00,9.180000000000000382e-01,3.799999999999997824e-02,4.417625829341737642e+01,6.626144881890769213e-08,1.167726839969084556e-04,4.400000000000003908e-02,9.389175588598072109e-01,9.576776753922700003e-01,8.200000000000001732e-02
0.000000000000000000e+00,9.180000000000000382e-01,3.899999999999997913e-02,4.096214136930963434e+01,5.019763277652873621e-08,1.087467517846580235e-04,4.200000000000003730e-02,9.181763664174704687e-01,9.577110781139391849e-01,8.100000000000001643e-02
0.000000000000000000e+00,9.180000000000000382e-01,3.999999999999997308e-02,3.956456990607275515e+01,4.401364966749370321e-08,1.064599419540336313e-04,4.100000000000014744e-02,9.188795103541117504e-01,9.554800170382816704e-01,8.100000000000012745e-02
0.000000000000000000e+00,9.180000000000000382e-01,4.099999999999997397e-02,4.005921919434981504e+01,4.582102169421215683e-08,1.076039890389476303e-04,4.100000000000014744e-02,9.198012439933745954e-01,9.573331548270077596e-01,8.200000000000012834e-02
0.000000000000000000e+00,9.180000000000000382e-01,4.199999999999997485e-02,4.048028022356876221e+01,4.739058612233118264e-08,1.093300226831546152e-04,4.100000000000014744e-02,9.214238019315841299e-01,9.574236967275686627e-01,8.300000000000012923e-02
0.000000000000000000e+00,9.180000000000000382e-01,4.299999999999997574e-02,4.079770413836462239e+01,4.859410520361139646e-08,1.119275976386227951e-04,4.100000000000014744e-02,9.238850723481347726e-01,9.538901272747140059e-01,8.400000000000013012e-02
0.000000000000000000e+00,9.180000000000000382e-01,4.399999999999997663e-02,4.126952167443864994e+01,5.041461902437337912e-08,1.131913973492480762e-04,4.100000000000014744e-02,9.246560337501285032e-01,9.554764979650944845e-01,8.500000000000013101e-02
0.000000000000000000e+00,9.180000000000000382e-01,4.499999999999997058e-02,4.177033333476574484e+01,5.238573103030633625e-08,1.142139764181645693e-04,4.100000000000014744e-02,9.250159916421710760e-01,9.573539323802398027e-01,8.600000000000011802e-02
0.000000000000000000e+00,9.180000000000000382e-01,4.599999999999997147e-02,4.215223607534096573e+01,5.391641942340160379e-08,1.162392925590888080e-04,4.100000000000014744e-02,9.265505300033918257e-01,9.562683316692247582e-01,8.700000000000011890e-02
0.000000000000000000e+00,9.180000000000000382e-01,4.699999999999997236e-02,4.247602876881285283e+01,5.523444020422048212e-08,1.187806970175295479e-04,4.100000000000014744e-02,9.284829810106665082e-01,9.531312374109455199e-01,8.800000000000011979e-02
0.000000000000000000e+00,9.180000000000000382e-01,4.799999999999996630e-02,4.283898299970419288e+01,5.673427004682400486e-08,1.209503970436375908e-04,4.100000000000014744e-02,9.299386614275956253e-01,9.519287971051982877e-01,8.900000000000010680e-02
0.000000000000000000e+00,9.180000000000000382e-01,4.899999999999996719e-02,4.323688393103110172e+01,5.840478632736850364e-08,1.227908001681744853e-04,4.100000000000014744e-02,9.309612547242891445e-01,9.519721001660701454e-01,9.000000000000010769e-02
0.000000000000000000e+00,9.190000000000000391e-01,1.000000000000000021e-02,4.243409899677060082e+01,6.265266593689582507e-08,9.786083750731695776e-05,5.000000000000004441e-02,9.274103530408051022e-01,9.467603338807567548e-01,6.000000000000004635e-02
0.000000000000000000e+00,9.190000000000000391e-01,1.099999999999999936e-02,4.302988512207488014e+01,6.544318666846382920e-08,9.856620628924784124e-05,5.000000000000004441e-02,9.318631378628823292e-01,9.526506824657965389e-01,6.100000000000004030e-02
0.000000000000000000e+00,9.190000000000000391e-01,1.199999999999999852e-02,4.328553624572032277e+01,6.666088895042417887e-08,1.008388576421255842e-04,5.000000000000004441e-02,9.377722574701524705e-01,9.554738816707213367e-01,6.200000000000004119e-02
0.000000000000000000e+00,9.190000000000000391e-01,1.299999999999999767e-02,4.477806498492873999e+01,7.522307150657053313e-08,9.401458286192658183e-05,4.899999999999993250e-02,9.221248173974782025e-01,9.401761299274767891e-01,6.199999999999993017e-02
0.000000000000000000e+00,9.190000000000000391e-01,1.399999999999999682e-02,4.472366824800429441e+01,7.524813135146548072e-08,9.053214957155848741e-05,4.800000000000004263e-02,9.224670238544985246e-01,9.320670773290060662e-01,6.200000000000004119e-02
0.000000000000000000e+00,9.190000000000000391e-01,1.499999999999999598e-02,4.375766435382702468e+01,7.023284404983888348e-08,8.834390854415310980e-05,4.700000000000015277e-02,9.253847970764845776e-01,9.274219074675470464e-01,6.200000000000015221e-02
0.000000000000000000e+00,9.190000000000000391e-01,1.599999999999999339e-02,4.421681287595983889e+01,7.240196908271703766e-08,8.918050978642849441e-05,4.700000000000015277e-02,9.304319614122213977e-01,9.348997011110539157e-01,6.300000000000013922e-02
0.000000000000000000e+00,9.190000000000000391e-01,1.699999999999999428e-02,4.462131790723262270e+01,7.434152082752570975e-08,9.028911149300826889e-05,4.700000000000015277e-02,9.352063693011127832e-01,9.411396808437699768e-01,6.400000000000014011e-02
0.000000000000000000e+00,9.190000000000000391e-01,1.799999999999999517e-02,4.474586607125399240e+01,7.494548726589295303e-08,9.264021887901501776e-05,4.700000000000015277e-02,9.407333547242746619e-01,9.438619892803877809e-01,6.500000000000014100e-02
0.000000000000000000e+00,9.190000000000000391e-01,1.899999999999999259e-02,4.468848388509135816e+01,7.466539276614947312e-08,9.591025544588897779e-05,4.700000000000015277e-02,9.461062553662291652e-01,9.425876130295847144e-01,6.600000000000014189e-02
0.000000000000000000e+00,9.190000000000000391e-01,1.999999999999999001e-02,4.479991051433583493e+01,7.521280348980891164e-08,9.845493491405208925e-05,4.700000000000015277e-02,9.504746185285751769e-01,9.442808451810064119e-01,6.700000000000014277e-02
0.000000000000000000e+00,9.190000000000000391e-01,2.099999999999999090e-02,4.561852699831862168e+01,7.929703086014249098e-08,9.778703789359557345e-05,4.700000000000015277e-02,9.499286304614160681e-01,9.482256418129562103e-01,6.800000000000014366e-02
0.000000000000000000e+00,9.190000000000000391e-01,2.199999999999999178e-02,4.626982792043592241e+01,8.261343358631466659e-08,9.790976079688553345e-05,4.700000000000015277e-02,9.507937747366550507e-01,9.526186013749802228e-01,6.900000000000014455e-02
0.000000000000000000e+00,9.190000000000000391e-01,2.299999999999998920e-02,4.646533313970276424e+01,8.362283883186458737e-08,1.002009006491760303e-04,4.700000000000015277e-02,9.541637060608202381e-01,9.531602626151115532e-01,7.000000000000014544e-02
0.000000000000000000e+00,9.190000000000000391e-01,2.399999999999998662e-02,4.669476027568781973e+01,8.481900843041671099e-08,1.023580582106421694e-04,4.700000000000015277e-02,9.570692220801656491e-01,9.539966728229856141e-01,7.100000000000014633e-02
0.000000000000000000e+00,9.190000000000000391e-01,2.499999999999998751e-02,4.354269042886540575e+01,6.632667005651527203e-08,1.008977804707572156e-04,4.600000000000004086e-02,9.228470578692176129e-01,9.568033224122599600e-01,7.100000000000003531e-02
0.000000000000000000e+00,9.190000000000000391e-01,2.599999999999998840e-02,4.387935286207123653e+01,6.789681017294376074e-08,1.029234747207490426e-04,4.600000000000004086e-02,9.268736519215923231e-01,9.573826991107838857e-01,7.200000000000003619e-02
0.000000000000000000e+00,9.190000000000000391e-01,2.699999999999998929e-02,4.210120280425168460e+01,5.850187388275432435e-08,1.004422235185151776e-04,4.499999999999992895e-02,9.218501308208257861e-01,9.589089958446764816e-01,7.199999999999992517e-02
0.000000000000000000e+00,9.190000000000000391e-01,2.799999999999998324e-02,4.247222852884324595e+01,6.011694546451214756e-08,1.023983219147902798e-04,4.499999999999992895e-02,9.254364968872281771e-01,9.592277358630252326e-01,7.299999999999991218e-02
0.000000000000000000e+00,9.190000000000000391e-01,2.899999999999998412e-02,4.296072866209348717e+01,6.227968966745473217e-08,1.036344920285106716e-04,4.499999999999992895e-02,9.277434987789733301e-01,9.612999204513036355e-01,7.399999999999991307e-02
0.000000000000000000e+00,9.190000000000000391e-01,2.999999999999998501e-02,4.097718504981480692e+01,5.237829780728132008e-08,1.018910955352184664e-04,4.400000000000003908e-02,9.219515166768549319e-01,9.609002002432482925e-01,7.400000000000002409e-02
0.000000000000000000e+00,9.190000000000000391e-01,3.099999999999998590e-02,4.148128805548122244e+01,5.444486502979112364e-08,1.031062890831029402e-04,4.400000000000003908e-02,9.239405365370813028e-01,9.627299016499585305e-01,7.500000000000002498e-02
0.000000000000000000e+00,9.190000000000000391e-01,3.199999999999997985e-02,4.194109610619367601e+01,5.636656744350318419e-08,1.045950101475025186e-04,4.400000000000003908e-02,9.261471377357261003e-01,9.636773534285290044e-01,7.600000000000001199e-02
0.000000000000000000e+00,9.190000000000000391e-01,3.299999999999998074e-02,4.213893144193039575e+01,5.720571416483218572e-08,1.078940964052014969e-04,4.400000000000003908e-02,9.300796302698608464e-01,9.567788179909979540e-01,7.700000000000001288e-02
0.000000000000000000e+00,9.190000000000000391e-01,3.399999999999998163e-02,4.251801447318327121e+01,5.883565816750061484e-08,1.098739644545052284e-04,4.400000000000003908e-02,9.324677713463428441e-01,9.568363149539360624e-01,7.800000000000001377e-02
0.000000000000000000e+00,9.190000000000000391e-01,3.499999999999998251e-02,4.302050774775103292e+01,6.103431335488123474e-08,1.109855072734845522e-04,4.400000000000003908e-02,9.335695174132263574e-01,9.589730742632532889e-01,7.900000000000001465e-02
0.000000000000000000e+00,9.190000000000000391e-01,3.599999999999997646e-02,4.342709931448560923e+01,6.284478451108583856e-08,1.127641861821836904e-04,4.400000000000003908e-02,9.354008757229177462e-01,9.593128987013035402e-01,8.000000000000001554e-02
0.000000000000000000e+00,9.190000000000000391e-01,3.699999999999997735e-02,4.370028588790317770e+01,6.407879824987344498e-08,1.155327992848220080e-04,4.400000000000003908e-02,9.380435112668639164e-01,9.558540444854903839e-01,8.100000000000001643e-02
0.000000000000000000e+00,9.190000000000000391e-01,3.799999999999997824e-02,4.417625829341737642e+01,6.626144881890769213e-08,1.167726839969084556e-04,4.400000000000003908e-02,9.389175588598072109e-01,9.576776753922700003e-01,8.200000000000001732e-02
0.000000000000000000e+00,9.190000000000000391e-01,3.899999999999997913e-02,4.469010254044025743e+01,6.866001072857077451e-08,1.177393885821965633e-04,4.400000000000003908e-02,9.393404285040245494e-01,9.597389160125631147e-01,8.300000000000001821e-02
0.000000000000000000e+00,9.190000000000000391e-01,3.999999999999997308e-02,4.138131532884675323e+01,5.185358565109054838e-08,1.104894531700921961e-04,4.200000000000003730e-02,9.201028065111298559e-01,9.579008753079578664e-01,8.200000000000001732e-02
0.000000000000000000e+00,9.190000000000000391e-01,4.099999999999997397e-02,4.005921919434981504e+01,4.582102169421215683e-08,1.076039890389476303e-04,4.100000000000014744e-02,9.198012439933745954e-01,9.573331548270077596e-01,8.200000000000012834e-02
0.000000000000000000e+00,9.190000000000000391e-01,4.199999999999997485e-02,4.048028022356876221e+01,4.739058612233118264e-08,1.093300226831546152e-04,4.100000000000014744e-02,9.214238019315841299e-01,9.574236967275686627e-01,8.300000000000012923e-02
0.000000000000000000e+00,9.190000000000000391e-01,4.299999999999997574e-02,4.079770413836462239e+01,4.859410520361139646e-08,1.119275976386227951e-04,4.100000000000014744e-02,9.238850723481347726e-01,9.538901272747140059e-01,8.400000000000013012e-02
0.000000000000000000e+00,9.190000000000000391e-01,4.399999999999997663e-02,4.126952167443864994e+01,5.041461902437337912e-08,1.131913973492480762e-04,4.100000000000014744e-02,9.246560337501285032e-01,9.554764979650944845e-01,8.500000000000013101e-02
0.000000000000000000e+00,9.190000000000000391e-01,4.499999999999997058e-02,4.177033333476574484e+01,5.238573103030633625e-08,1.142139764181645693e-04,4.100000000000014744e-02,9.250159916421710760e-01,9.573539323802398027e-01,8.600000000000011802e-02
0.000000000000000000e+00,9.190000000000000391e-01,4.599999999999997147e-02,4.215223607534096573e+01,5.391641942340160379e-08,1.162392925590888080e-04,4.100000000000014744e-02,9.265505300033918257e-01,9.562683316692247582e-01,8.700000000000011890e-02
0.000000000000000000e+00,9.190000000000000391e-01,4.699999999999997236e-02,4.247602876881285283e+01,5.523444020422048212e-08,1.187806970175295479e-04,4.100000000000014744e-02,9.284829810106665082e-01,9.531312374109455199e-01,8.800000000000011979e-02
0.000000000000000000e+00,9.190000000000000391e-01,4.799999999999996630e-02,4.283898299970419288e+01,5.673427004682400486e-08,1.209503970436375908e-04,4.100000000000014744e-02,9.299386614275956253e-01,9.519287971051982877e-01,8.900000000000010680e-02
0.000000000000000000e+00,9.190000000000000391e-01,4.899999999999996719e-02,4.323688393103110172e+01,5.840478632736850364e-08,1.227908001681744853e-04,4.100000000000014744e-02,9.309612547242891445e-01,9.519721001660701454e-01,9.000000000000010769e-02
0.000000000000000000e+00,9.200000000000000400e-01,1.000000000000000021e-02,4.243409899677060082e+01,6.265266593689582507e-08,9.786083750731695776e-05,5.000000000000004441e-02,9.274103530408051022e-01,9.467603338807567548e-01,6.000000000000004635e-02
0.000000000000000000e+00,9.200000000000000400e-01,1.099999999999999936e-02,4.302988512207488014e+01,6.544318666846382920e-08,9.856620628924784124e-05,5.000000000000004441e-02,9.318631378628823292e-01,9.526506824657965389e-01,6.100000000000004030e-02
0.000000000000000000e+00,9.200000000000000400e-01,1.199999999999999852e-02,4.328553624572032277e+01,6.666088895042417887e-08,1.008388576421255842e-04,5.000000000000004441e-02,9.377722574701524705e-01,9.554738816707213367e-01,6.200000000000004119e-02
0.000000000000000000e+00,9.200000000000000400e-01,1.299999999999999767e-02,4.477806498492873999e+01,7.522307150657053313e-08,9.401458286192658183e-05,4.899999999999993250e-02,9.221248173974782025e-01,9.401761299274767891e-01,6.199999999999993017e-02
0.000000000000000000e+00,9.200000000000000400e-01,1.399999999999999682e-02,4.472366824800429441e+01,7.524813135146548072e-08,9.053214957155848741e-05,4.800000000000004263e-02,9.224670238544985246e-01,9.320670773290060662e-01,6.200000000000004119e-02
0.000000000000000000e+00,9.200000000000000400e-01,1.499999999999999598e-02,4.375766435382702468e+01,7.023284404983888348e-08,8.834390854415310980e-05,4.700000000000015277e-02,9.253847970764845776e-01,9.274219074675470464e-01,6.200000000000015221e-02
0.000000000000000000e+00,9.200000000000000400e-01,1.599999999999999339e-02,4.421681287595983889e+01,7.240196908271703766e-08,8.918050978642849441e-05,4.700000000000015277e-02,9.304319614122213977e-01,9.348997011110539157e-01,6.300000000000013922e-02
0.000000000000000000e+00,9.200000000000000400e-01,1.699999999999999428e-02,4.462131790723262270e+01,7.434152082752570975e-08,9.028911149300826889e-05,4.700000000000015277e-02,9.352063693011127832e-01,9.411396808437699768e-01,6.400000000000014011e-02
0.000000000000000000e+00,9.200000000000000400e-01,1.799999999999999517e-02,4.474586607125399240e+01,7.494548726589295303e-08,9.264021887901501776e-05,4.700000000000015277e-02,9.407333547242746619e-01,9.438619892803877809e-01,6.500000000000014100e-02
0.000000000000000000e+00,9.200000000000000400e-01,1.899999999999999259e-02,4.468848388509135816e+01,7.466539276614947312e-08,9.591025544588897779e-05,4.700000000000015277e-02,9.461062553662291652e-01,9.425876130295847144e-01,6.600000000000014189e-02
0.000000000000000000e+00,9.200000000000000400e-01,1.999999999999999001e-02,4.479991051433583493e+01,7.521280348980891164e-08,9.845493491405208925e-05,4.700000000000015277e-02,9.504746185285751769e-01,9.442808451810064119e-01,6.700000000000014277e-02
0.000000000000000000e+00,9.200000000000000400e-01,2.099999999999999090e-02,4.561852699831862168e+01,7.929703086014249098e-08,9.778703789359557345e-05,4.700000000000015277e-02,9.499286304614160681e-01,9.482256418129562103e-01,6.800000000000014366e-02
0.000000000000000000e+00,9.200000000000000400e-01,2.199999999999999178e-02,4.626982792043592241e+01,8.261343358631466659e-08,9.790976079688553345e-05,4.700000000000015277e-02,9.507937747366550507e-01,9.526186013749802228e-01,6.900000000000014455e-02
0.000000000000000000e+00,9.200000000000000400e-01,2.299999999999998920e-02,4.646533313970276424e+01,8.362283883186458737e-08,1.002009006491760303e-04,4.700000000000015277e-02,9.541637060608202381e-01,9.531602626151115532e-01,7.000000000000014544e-02
0.000000000000000000e+00,9.200000000000000400e-01,2.399999999999998662e-02,4.669476027568781973e+01,8.481900843041671099e-08,1.023580582106421694e-04,4.700000000000015277e-02,9.570692220801656491e-01,9.539966728229856141e-01,7.100000000000014633e-02
0.000000000000000000e+00,9.200000000000000400e-01,2.499999999999998751e-02,4.354269042886540575e+01,6.632667005651527203e-08,1.008977804707572156e-04,4.600000000000004086e-02,9.228470578692176129e-01,9.568033224122599600e-01,7.100000000000003531e-02
0.000000000000000000e+00,9.200000000000000400e-01,2.599999999999998840e-02,4.387935286207123653e+01,6.789681017294376074e-08,1.029234747207490426e-04,4.600000000000004086e-02,9.268736519215923231e-01,9.573826991107838857e-01,7.200000000000003619e-02
0.000000000000000000e+00,9.200000000000000400e-01,2.699999999999998929e-02,4.210120280425168460e+01,5.850187388275432435e-08,1.004422235185151776e-04,4.499999999999992895e-02,9.218501308208257861e-01,9.589089958446764816e-01,7.199999999999992517e-02
0.000000000000000000e+00,9.200000000000000400e-01,2.799999999999998324e-02,4.247222852884324595e+01,6.011694546451214756e-08,1.023983219147902798e-04,4.499999999999992895e-02,9.254364968872281771e-01,9.592277358630252326e-01,7.299999999999991218e-02
0.000000000000000000e+00,9.200000000000000400e-01,2.899999999999998412e-02,4.296072866209348717e+01,6.227968966745473217e-08,1.036344920285106716e-04,4.499999999999992895e-02,9.277434987789733301e-01,9.612999204513036355e-01,7.399999999999991307e-02
0.000000000000000000e+00,9.200000000000000400e-01,2.999999999999998501e-02,4.097718504981480692e+01,5.237829780728132008e-08,1.018910955352184664e-04,4.400000000000003908e-02,9.219515166768549319e-01,9.609002002432482925e-01,7.400000000000002409e-02
0.000000000000000000e+00,9.200000000000000400e-01,3.099999999999998590e-02,4.148128805548122244e+01,5.444486502979112364e-08,1.031062890831029402e-04,4.400000000000003908e-02,9.239405365370813028e-01,9.627299016499585305e-01,7.500000000000002498e-02
0.000000000000000000e+00,9.200000000000000400e-01,3.199999999999997985e-02,4.194109610619367601e+01,5.636656744350318419e-08,1.045950101475025186e-04,4.400000000000003908e-02,9.261471377357261003e-01,9.636773534285290044e-01,7.600000000000001199e-02
0.000000000000000000e+00,9.200000000000000400e-01,3.299999999999998074e-02,4.213893144193039575e+01,5.720571416483218572e-08,1.078940964052014969e-04,4.400000000000003908e-02,9.300796302698608464e-01,9.567788179909979540e-01,7.700000000000001288e-02
0.000000000000000000e+00,9.200000000000000400e-01,3.399999999999998163e-02,4.251801447318327121e+01,5.883565816750061484e-08,1.098739644545052284e-04,4.400000000000003908e-02,9.324677713463428441e-01,9.568363149539360624e-01,7.800000000000001377e-02
0.000000000000000000e+00,9.200000000000000400e-01,3.499999999999998251e-02,4.302050774775103292e+01,6.103431335488123474e-08,1.109855072734845522e-04,4.400000000000003908e-02,9.335695174132263574e-01,9.589730742632532889e-01,7.900000000000001465e-02
0.000000000000000000e+00,9.200000000000000400e-01,3.599999999999997646e-02,4.342709931448560923e+01,6.284478451108583856e-08,1.127641861821836904e-04,4.400000000000003908e-02,9.354008757229177462e-01,9.593128987013035402e-01,8.000000000000001554e-02
0.000000000000000000e+00,9.200000000000000400e-01,3.699999999999997735e-02,4.370028588790317770e+01,6.407879824987344498e-08,1.155327992848220080e-04,4.400000000000003908e-02,9.380435112668639164e-01,9.558540444854903839e-01,8.100000000000001643e-02
0.000000000000000000e+00,9.200000000000000400e-01,3.799999999999997824e-02,4.417625829341737642e+01,6.626144881890769213e-08,1.167726839969084556e-04,4.400000000000003908e-02,9.389175588598072109e-01,9.576776753922700003e-01,8.200000000000001732e-02
0.000000000000000000e+00,9.200000000000000400e-01,3.899999999999997913e-02,4.469010254044025743e+01,6.866001072857077451e-08,1.177393885821965633e-04,4.400000000000003908e-02,9.393404285040245494e-01,9.597389160125631147e-01,8.300000000000001821e-02
0.000000000000000000e+00,9.200000000000000400e-01,3.999999999999997308e-02,4.138131532884675323e+01,5.185358565109054838e-08,1.104894531700921961e-04,4.200000000000003730e-02,9.201028065111298559e-01,9.579008753079578664e-01,8.200000000000001732e-02
0.000000000000000000e+00,9.200000000000000400e-01,4.099999999999997397e-02,4.168803822899370459e+01,5.308509868946604540e-08,1.131404631992709086e-04,4.200000000000003730e-02,9.228719273853869254e-01,9.544140037456884107e-01,8.300000000000001821e-02
0.000000000000000000e+00,9.200000000000000400e-01,4.199999999999997485e-02,4.048028022356876221e+01,4.739058612233118264e-08,1.093300226831546152e-04,4.100000000000014744e-02,9.214238019315841299e-01,9.574236967275686627e-01,8.300000000000012923e-02
0.000000000000000000e+00,9.200000000000000400e-01,4.299999999999997574e-02,4.079770413836462239e+01,4.859410520361139646e-08,1.119275976386227951e-04,4.100000000000014744e-02,9.238850723481347726e-01,9.538901272747140059e-01,8.400000000000013012e-02
0.000000000000000000e+00,9.200000000000000400e-01,4.399999999999997663e-02,4.126952167443864994e+01,5.041461902437337912e-08,1.131913973492480762e-04,4.100000000000014744e-02,9.246560337501285032e-01,9.554764979650944845e-01,8.500000000000013101e-02
0.000000000000000000e+00,9.200000000000000400e-01,4.499999999999997058e-02,4.177033333476574484e+01,5.238573103030633625e-08,1.142139764181645693e-04,4.100000000000014744e-02,9.250159916421710760e-01,9.573539323802398027e-01,8.600000000000011802e-02
0.000000000000000000e+00,9.200000000000000400e-01,4.599999999999997147e-02,4.215223607534096573e+01,5.391641942340160379e-08,1.162392925590888080e-04,4.100000000000014744e-02,9.265505300033918257e-01,9.562683316692247582e-01,8.700000000000011890e-02
0.000000000000000000e+00,9.200000000000000400e-01,4.699999999999997236e-02,4.247602876881285283e+01,5.523444020422048212e-08,1.187806970175295479e-04,4.100000000000014744e-02,9.284829810106665082e-01,9.531312374109455199e-01,8.800000000000011979e-02
0.000000000000000000e+00,9.200000000000000400e-01,4.799999999999996630e-02,4.283898299970419288e+01,5.673427004682400486e-08,1.209503970436375908e-04,4.100000000000014744e-02,9.299386614275956253e-01,9.519287971051982877e-01,8.900000000000010680e-02
0.000000000000000000e+00,9.200000000000000400e-01,4.899999999999996719e-02,4.323688393103110172e+01,5.840478632736850364e-08,1.227908001681744853e-04,4.100000000000014744e-02,9.309612547242891445e-01,9.519721001660701454e-01,9.000000000000010769e-02
0.000000000000000000e+00,9.210000000000000409e-01,1.000000000000000021e-02,4.243409899677060082e+01,6.265266593689582507e-08,9.786083750731695776e-05,5.000000000000004441e-02,9.274103530408051022e-01,9.467603338807567548e-01,6.000000000000004635e-02
0.000000000000000000e+00,9.210000000000000409e-01,1.099999999999999936e-02,4.302988512207488014e+01,6.544318666846382920e-08,9.856620628924784124e-05,5.000000000000004441e-02,9.318631378628823292e-01,9.526506824657965389e-01,6.100000000000004030e-02
0.000000000000000000e+00,9.210000000000000409e-01,1.199999999999999852e-02,4.328553624572032277e+01,6.666088895042417887e-08,1.008388576421255842e-04,5.000000000000004441e-02,9.377722574701524705e-01,9.554738816707213367e-01,6.200000000000004119e-02
0.000000000000000000e+00,9.210000000000000409e-01,1.299999999999999767e-02,4.477806498492873999e+01,7.522307150657053313e-08,9.401458286192658183e-05,4.899999999999993250e-02,9.221248173974782025e-01,9.401761299274767891e-01,6.199999999999993017e-02
0.000000000000000000e+00,9.210000000000000409e-01,1.399999999999999682e-02,4.472366824800429441e+01,7.524813135146548072e-08,9.053214957155848741e-05,4.800000000000004263e-02,9.224670238544985246e-01,9.320670773290060662e-01,6.200000000000004119e-02
0.000000000000000000e+00,9.210000000000000409e-01,1.499999999999999598e-02,4.375766435382702468e+01,7.023284404983888348e-08,8.834390854415310980e-05,4.700000000000015277e-02,9.253847970764845776e-01,9.274219074675470464e-01,6.200000000000015221e-02
0.000000000000000000e+00,9.210000000000000409e-01,1.599999999999999339e-02,4.421681287595983889e+01,7.240196908271703766e-08,8.918050978642849441e-05,4.700000000000015277e-02,9.304319614122213977e-01,9.348997011110539157e-01,6.300000000000013922e-02
0.000000000000000000e+00,9.210000000000000409e-01,1.699999999999999428e-02,4.462131790723262270e+01,7.434152082752570975e-08,9.028911149300826889e-05,4.700000000000015277e-02,9.352063693011127832e-01,9.411396808437699768e-01,6.400000000000014011e-02
0.000000000000000000e+00,9.210000000000000409e-01,1.799999999999999517e-02,4.474586607125399240e+01,7.494548726589295303e-08,9.264021887901501776e-05,4.700000000000015277e-02,9.407333547242746619e-01,9.438619892803877809e-01,6.500000000000014100e-02
0.000000000000000000e+00,9.210000000000000409e-01,1.899999999999999259e-02,4.468848388509135816e+01,7.466539276614947312e-08,9.591025544588897779e-05,4.700000000000015277e-02,9.461062553662291652e-01,9.425876130295847144e-01,6.600000000000014189e-02
0.000000000000000000e+00,9.210000000000000409e-01,1.999999999999999001e-02,4.479991051433583493e+01,7.521280348980891164e-08,9.845493491405208925e-05,4.700000000000015277e-02,9.504746185285751769e-01,9.442808451810064119e-01,6.700000000000014277e-02
0.000000000000000000e+00,9.210000000000000409e-01,2.099999999999999090e-02,4.561852699831862168e+01,7.929703086014249098e-08,9.778703789359557345e-05,4.700000000000015277e-02,9.499286304614160681e-01,9.482256418129562103e-01,6.800000000000014366e-02
0.000000000000000000e+00,9.210000000000000409e-01,2.199999999999999178e-02,4.626982792043592241e+01,8.261343358631466659e-08,9.790976079688553345e-05,4.700000000000015277e-02,9.507937747366550507e-01,9.526186013749802228e-01,6.900000000000014455e-02
0.000000000000000000e+00,9.210000000000000409e-01,2.299999999999998920e-02,4.646533313970276424e+01,8.362283883186458737e-08,1.002009006491760303e-04,4.700000000000015277e-02,9.541637060608202381e-01,9.531602626151115532e-01,7.000000000000014544e-02
0.000000000000000000e+00,9.210000000000000409e-01,2.399999999999998662e-02,4.669476027568781973e+01,8.481900843041671099e-08,1.023580582106421694e-04,4.700000000000015277e-02,9.570692220801656491e-01,9.539966728229856141e-01,7.100000000000014633e-02
0.000000000000000000e+00,9.210000000000000409e-01,2.499999999999998751e-02,4.354269042886540575e+01,6.632667005651527203e-08,1.008977804707572156e-04,4.600000000000004086e-02,9.228470578692176129e-01,9.568033224122599600e-01,7.100000000000003531e-02
0.000000000000000000e+00,9.210000000000000409e-01,2.599999999999998840e-02,4.387935286207123653e+01,6.789681017294376074e-08,1.029234747207490426e-04,4.600000000000004086e-02,9.268736519215923231e-01,9.573826991107838857e-01,7.200000000000003619e-02
0.000000000000000000e+00,9.210000000000000409e-01,2.699999999999998929e-02,4.210120280425168460e+01,5.850187388275432435e-08,1.004422235185151776e-04,4.499999999999992895e-02,9.218501308208257861e-01,9.589089958446764816e-01,7.199999999999992517e-02
0.000000000000000000e+00,9.210000000000000409e-01,2.799999999999998324e-02,4.247222852884324595e+01,6.011694546451214756e-08,1.023983219147902798e-04,4.499999999999992895e-02,9.254364968872281771e-01,9.592277358630252326e-01,7.299999999999991218e-02
0.000000000000000000e+00,9.210000000000000409e-01,2.899999999999998412e-02,4.296072866209348717e+01,6.227968966745473217e-08,1.036344920285106716e-04,4.499999999999992895e-02,9.277434987789733301e-01,9.612999204513036355e-01,7.399999999999991307e-02
0.000000000000000000e+00,9.210000000000000409e-01,2.999999999999998501e-02,4.097718504981480692e+01,5.237829780728132008e-08,1.018910955352184664e-04,4.400000000000003908e-02,9.219515166768549319e-01,9.609002002432482925e-01,7.400000000000002409e-02
0.000000000000000000e+00,9.210000000000000409e-01,3.099999999999998590e-02,4.148128805548122244e+01,5.444486502979112364e-08,1.031062890831029402e-04,4.400000000000003908e-02,9.239405365370813028e-01,9.627299016499585305e-01,7.500000000000002498e-02
0.000000000000000000e+00,9.210000000000000409e-01,3.199999999999997985e-02,4.194109610619367601e+01,5.636656744350318419e-08,1.045950101475025186e-04,4.400000000000003908e-02,9.261471377357261003e-01,9.636773534285290044e-01,7.600000000000001199e-02
0.000000000000000000e+00,9.210000000000000409e-01,3.299999999999998074e-02,4.213893144193039575e+01,5.720571416483218572e-08,1.078940964052014969e-04,4.400000000000003908e-02,9.300796302698608464e-01,9.567788179909979540e-01,7.700000000000001288e-02
0.000000000000000000e+00,9.210000000000000409e-01,3.399999999999998163e-02,4.251801447318327121e+01,5.883565816750061484e-08,1.098739644545052284e-04,4.400000000000003908e-02,9.324677713463428441e-01,9.568363149539360624e-01,7.800000000000001377e-02
0.000000000000000000e+00,9.210000000000000409e-01,3.499999999999998251e-02,4.302050774775103292e+01,6.103431335488123474e-08,1.109855072734845522e-04,4.400000000000003908e-02,9.335695174132263574e-01,9.589730742632532889e-01,7.900000000000001465e-02
0.000000000000000000e+00,9.210000000000000409e-01,3.599999999999997646e-02,4.342709931448560923e+01,6.284478451108583856e-08,1.127641861821836904e-04,4.400000000000003908e-02,9.354008757229177462e-01,9.593128987013035402e-01,8.000000000000001554e-02
0.000000000000000000e+00,9.210000000000000409e-01,3.699999999999997735e-02,4.370028588790317770e+01,6.407879824987344498e-08,1.155327992848220080e-04,4.400000000000003908e-02,9.380435112668639164e-01,9.558540444854903839e-01,8.100000000000001643e-02
0.000000000000000000e+00,9.210000000000000409e-01,3.799999999999997824e-02,4.417625829341737642e+01,6.626144881890769213e-08,1.167726839969084556e-04,4.400000000000003908e-02,9.389175588598072109e-01,9.576776753922700003e-01,8.200000000000001732e-02
0.000000000000000000e+00,9.210000000000000409e-01,3.899999999999997913e-02,4.469010254044025743e+01,6.866001072857077451e-08,1.177393885821965633e-04,4.400000000000003908e-02,9.393404285040245494e-01,9.597389160125631147e-01,8.300000000000001821e-02
0.000000000000000000e+00,9.210000000000000409e-01,3.999999999999997308e-02,4.505113579300915916e+01,7.037255636540783795e-08,1.198440705213186158e-04,4.400000000000003908e-02,9.409910468635482861e-01,9.588047563939950946e-01,8.400000000000001910e-02
0.000000000000000000e+00,9.210000000000000409e-01,4.099999999999997397e-02,4.168803822899370459e+01,5.308509868946604540e-08,1.131404631992709086e-04,4.200000000000003730e-02,9.228719273853869254e-01,9.544140037456884107e-01,8.300000000000001821e-02
0.000000000000000000e+00,9.210000000000000409e-01,4.199999999999997485e-02,4.048028022356876221e+01,4.739058612233118264e-08,1.093300226831546152e-04,4.100000000000014744e-02,9.214238019315841299e-01,9.574236967275686627e-01,8.300000000000012923e-02
0.000000000000000000e+00,9.210000000000000409e-01,4.299999999999997574e-02,4.079770413836462239e+01,4.859410520361139646e-08,1.119275976386227951e-04,4.100000000000014744e-02,9.238850723481347726e-01,9.538901272747140059e-01,8.400000000000013012e-02
0.000000000000000000e+00,9.210000000000000409e-01,4.399999999999997663e-02,4.126952167443864994e+01,5.041461902437337912e-08,1.131913973492480762e-04,4.100000000000014744e-02,9.246560337501285032e-01,9.554764979650944845e-01,8.500000000000013101e-02
0.000000000000000000e+00,9.210000000000000409e-01,4.499999999999997058e-02,4.177033333476574484e+01,5.238573103030633625e-08,1.142139764181645693e-04,4.100000000000014744e-02,9.250159916421710760e-01,9.573539323802398027e-01,8.600000000000011802e-02
0.000000000000000000e+00,9.210000000000000409e-01,4.599999999999997147e-02,4.215223607534096573e+01,5.391641942340160379e-08,1.162392925590888080e-04,4.100000000000014744e-02,9.265505300033918257e-01,9.562683316692247582e-01,8.700000000000011890e-02
0.000000000000000000e+00,9.210000000000000409e-01,4.699999999999997236e-02,4.247602876881285283e+01,5.523444020422048212e-08,1.187806970175295479e-04,4.100000000000014744e-02,9.284829810106665082e-01,9.531312374109455199e-01,8.800000000000011979e-02
0.000000000000000000e+00,9.210000000000000409e-01,4.799999999999996630e-02,4.283898299970419288e+01,5.673427004682400486e-08,1.209503970436375908e-04,4.100000000000014744e-02,9.299386614275956253e-01,9.519287971051982877e-01,8.900000000000010680e-02
0.000000000000000000e+00,9.210000000000000409e-01,4.899999999999996719e-02,4.323688393103110172e+01,5.840478632736850364e-08,1.227908001681744853e-04,4.100000000000014744e-02,9.309612547242891445e-01,9.519721001660701454e-01,9.000000000000010769e-02
0.000000000000000000e+00,9.220000000000000417e-01,1.000000000000000021e-02,4.243409899677060082e+01,6.265266593689582507e-08,9.786083750731695776e-05,5.000000000000004441e-02,9.274103530408051022e-01,9.467603338807567548e-01,6.000000000000004635e-02
0.000000000000000000e+00,9.220000000000000417e-01,1.099999999999999936e-02,4.302988512207488014e+01,6.544318666846382920e-08,9.856620628924784124e-05,5.000000000000004441e-02,9.318631378628823292e-01,9.526506824657965389e-01,6.100000000000004030e-02
0.000000000000000000e+00,9.220000000000000417e-01,1.199999999999999852e-02,4.328553624572032277e+01,6.666088895042417887e-08,1.008388576421255842e-04,5.000000000000004441e-02,9.377722574701524705e-01,9.554738816707213367e-01,6.200000000000004119e-02
0.000000000000000000e+00,9.220000000000000417e-01,1.299999999999999767e-02,4.477806498492873999e+01,7.522307150657053313e-08,9.401458286192658183e-05,4.899999999999993250e-02,9.221248173974782025e-01,9.401761299274767891e-01,6.199999999999993017e-02
0.000000000000000000e+00,9.220000000000000417e-01,1.399999999999999682e-02,4.472366824800429441e+01,7.524813135146548072e-08,9.053214957155848741e-05,4.800000000000004263e-02,9.224670238544985246e-01,9.320670773290060662e-01,6.200000000000004119e-02
0.000000000000000000e+00,9.220000000000000417e-01,1.499999999999999598e-02,4.375766435382702468e+01,7.023284404983888348e-08,8.834390854415310980e-05,4.700000000000015277e-02,9.253847970764845776e-01,9.274219074675470464e-01,6.200000000000015221e-02
0.000000000000000000e+00,9.220000000000000417e-01,1.599999999999999339e-02,4.421681287595983889e+01,7.240196908271703766e-08,8.918050978642849441e-05,4.700000000000015277e-02,9.304319614122213977e-01,9.348997011110539157e-01,6.300000000000013922e-02
0.000000000000000000e+00,9.220000000000000417e-01,1.699999999999999428e-02,4.462131790723262270e+01,7.434152082752570975e-08,9.028911149300826889e-05,4.700000000000015277e-02,9.352063693011127832e-01,9.411396808437699768e-01,6.400000000000014011e-02
0.000000000000000000e+00,9.220000000000000417e-01,1.799999999999999517e-02,4.474586607125399240e+01,7.494548726589295303e-08,9.264021887901501776e-05,4.700000000000015277e-02,9.407333547242746619e-01,9.438619892803877809e-01,6.500000000000014100e-02
0.000000000000000000e+00,9.220000000000000417e-01,1.899999999999999259e-02,4.468848388509135816e+01,7.466539276614947312e-08,9.591025544588897779e-05,4.700000000000015277e-02,9.461062553662291652e-01,9.425876130295847144e-01,6.600000000000014189e-02
0.000000000000000000e+00,9.220000000000000417e-01,1.999999999999999001e-02,4.479991051433583493e+01,7.521280348980891164e-08,9.845493491405208925e-05,4.700000000000015277e-02,9.504746185285751769e-01,9.442808451810064119e-01,6.700000000000014277e-02
0.000000000000000000e+00,9.220000000000000417e-01,2.099999999999999090e-02,4.561852699831862168e+01,7.929703086014249098e-08,9.778703789359557345e-05,4.700000000000015277e-02,9.499286304614160681e-01,9.482256418129562103e-01,6.800000000000014366e-02
0.000000000000000000e+00,9.220000000000000417e-01,2.199999999999999178e-02,4.626982792043592241e+01,8.261343358631466659e-08,9.790976079688553345e-05,4.700000000000015277e-02,9.507937747366550507e-01,9.526186013749802228e-01,6.900000000000014455e-02
0.000000000000000000e+00,9.220000000000000417e-01,2.299999999999998920e-02,4.646533313970276424e+01,8.362283883186458737e-08,1.002009006491760303e-04,4.700000000000015277e-02,9.541637060608202381e-01,9.531602626151115532e-01,7.000000000000014544e-02
0.000000000000000000e+00,9.220000000000000417e-01,2.399999999999998662e-02,4.669476027568781973e+01,8.481900843041671099e-08,1.023580582106421694e-04,4.700000000000015277e-02,9.570692220801656491e-01,9.539966728229856141e-01,7.100000000000014633e-02
0.000000000000000000e+00,9.220000000000000417e-01,2.499999999999998751e-02,4.354269042886540575e+01,6.632667005651527203e-08,1.008977804707572156e-04,4.600000000000004086e-02,9.228470578692176129e-01,9.568033224122599600e-01,7.100000000000003531e-02
0.000000000000000000e+00,9.220000000000000417e-01,2.599999999999998840e-02,4.387935286207123653e+01,6.789681017294376074e-08,1.029234747207490426e-04,4.600000000000004086e-02,9.268736519215923231e-01,9.573826991107838857e-01,7.200000000000003619e-02
0.000000000000000000e+00,9.220000000000000417e-01,2.699999999999998929e-02,4.435045043246930163e+01,7.012773430084329148e-08,1.041826575923161710e-04,4.600000000000004086e-02,9.295562254515783440e-01,9.597241720967537582e-01,7.300000000000003708e-02
0.000000000000000000e+00,9.220000000000000417e-01,2.799999999999998324e-02,4.247222852884324595e+01,6.011694546451214756e-08,1.023983219147902798e-04,4.499999999999992895e-02,9.254364968872281771e-01,9.592277358630252326e-01,7.299999999999991218e-02
0.000000000000000000e+00,9.220000000000000417e-01,2.899999999999998412e-02,4.296072866209348717e+01,6.227968966745473217e-08,1.036344920285106716e-04,4.499999999999992895e-02,9.277434987789733301e-01,9.612999204513036355e-01,7.399999999999991307e-02
0.000000000000000000e+00,9.220000000000000417e-01,2.999999999999998501e-02,4.340075319003418031e+01,6.426220853932742072e-08,1.051571207068696396e-04,4.499999999999992895e-02,9.302321914152005267e-01,9.624540251922604206e-01,7.499999999999991396e-02
0.000000000000000000e+00,9.220000000000000417e-01,3.099999999999998590e-02,4.148128805548122244e+01,5.444486502979112364e-08,1.031062890831029402e-04,4.400000000000003908e-02,9.239405365370813028e-01,9.627299016499585305e-01,7.500000000000002498e-02
0.000000000000000000e+00,9.220000000000000417e-01,3.199999999999997985e-02,4.194109610619367601e+01,5.636656744350318419e-08,1.045950101475025186e-04,4.400000000000003908e-02,9.261471377357261003e-01,9.636773534285290044e-01,7.600000000000001199e-02
0.000000000000000000e+00,9.220000000000000417e-01,3.299999999999998074e-02,4.213893144193039575e+01,5.720571416483218572e-08,1.078940964052014969e-04,4.400000000000003908e-02,9.300796302698608464e-01,9.567788179909979540e-01,7.700000000000001288e-02
0.000000000000000000e+00,9.220000000000000417e-01,3.399999999999998163e-02,4.251801447318327121e+01,5.883565816750061484e-08,1.098739644545052284e-04,4.400000000000003908e-02,9.324677713463428441e-01,9.568363149539360624e-01,7.800000000000001377e-02
0.000000000000000000e+00,9.220000000000000417e-01,3.499999999999998251e-02,4.302050774775103292e+01,6.103431335488123474e-08,1.109855072734845522e-04,4.400000000000003908e-02,9.335695174132263574e-01,9.589730742632532889e-01,7.900000000000001465e-02
0.000000000000000000e+00,9.220000000000000417e-01,3.599999999999997646e-02,4.342709931448560923e+01,6.284478451108583856e-08,1.127641861821836904e-04,4.400000000000003908e-02,9.354008757229177462e-01,9.593128987013035402e-01,8.000000000000001554e-02
0.000000000000000000e+00,9.220000000000000417e-01,3.699999999999997735e-02,4.370028588790317770e+01,6.407879824987344498e-08,1.155327992848220080e-04,4.400000000000003908e-02,9.380435112668639164e-01,9.558540444854903839e-01,8.100000000000001643e-02
0.000000000000000000e+00,9.220000000000000417e-01,3.799999999999997824e-02,4.417625829341737642e+01,6.626144881890769213e-08,1.167726839969084556e-04,4.400000000000003908e-02,9.389175588598072109e-01,9.576776753922700003e-01,8.200000000000001732e-02
0.000000000000000000e+00,9.220000000000000417e-01,3.899999999999997913e-02,4.469010254044025743e+01,6.866001072857077451e-08,1.177393885821965633e-04,4.400000000000003908e-02,9.393404285040245494e-01,9.597389160125631147e-01,8.300000000000001821e-02
0.000000000000000000e+00,9.220000000000000417e-01,3.999999999999997308e-02,4.505113579300915916e+01,7.037255636540783795e-08,1.198440705213186158e-04,4.400000000000003908e-02,9.409910468635482861e-01,9.588047563939950946e-01,8.400000000000001910e-02
0.000000000000000000e+00,9.220000000000000417e-01,4.099999999999997397e-02,4.168803822899370459e+01,5.308509868946604540e-08,1.131404631992709086e-04,4.200000000000003730e-02,9.228719273853869254e-01,9.544140037456884107e-01,8.300000000000001821e-02
0.000000000000000000e+00,9.220000000000000417e-01,4.199999999999997485e-02,4.216313942988531238e+01,5.502496489561796284e-08,1.143972978659631867e-04,4.200000000000003730e-02,9.238769913656457167e-01,9.560900597739880880e-01,8.400000000000001910e-02
0.000000000000000000e+00,9.220000000000000417e-01,4.299999999999997574e-02,4.079770413836462239e+01,4.859410520361139646e-08,1.119275976386227951e-04,4.100000000000014744e-02,9.238850723481347726e-01,9.538901272747140059e-01,8.400000000000013012e-02
0.000000000000000000e+00,9.220000000000000417e-01,4.399999999999997663e-02,4.126952167443864994e+01,5.041461902437337912e-08,1.131913973492480762e-04,4.100000000000014744e-02,9.246560337501285032e-01,9.554764979650944845e-01,8.500000000000013101e-02
0.000000000000000000e+00,9.220000000000000417e-01,4.499999999999997058e-02,4.177033333476574484e+01,5.238573103030633625e-08,1.142139764181645693e-04,4.100000000000014744e-02,9.250159916421710760e-01,9.573539323802398027e-01,8.600000000000011802e-02
0.000000000000000000e+00,9.220000000000000417e-01,4.599999999999997147e-02,4.215223607534096573e+01,5.391641942340160379e-08,1.162392925590888080e-04,4.100000000000014744e-02,9.265505300033918257e-01,9.562683316692247582e-01,8.700000000000011890e-02
0.000000000000000000e+00,9.220000000000000417e-01,4.699999999999997236e-02,4.247602876881285283e+01,5.523444020422048212e-08,1.187806970175295479e-04,4.100000000000014744e-02,9.284829810106665082e-01,9.531312374109455199e-01,8.800000000000011979e-02
0.000000000000000000e+00,9.220000000000000417e-01,4.799999999999996630e-02,4.283898299970419288e+01,5.673427004682400486e-08,1.209503970436375908e-04,4.100000000000014744e-02,9.299386614275956253e-01,9.519287971051982877e-01,8.900000000000010680e-02
0.000000000000000000e+00,9.220000000000000417e-01,4.899999999999996719e-02,4.323688393103110172e+01,5.840478632736850364e-08,1.227908001681744853e-04,4.100000000000014744e-02,9.309612547242891445e-01,9.519721001660701454e-01,9.000000000000010769e-02
0.000000000000000000e+00,9.230000000000000426e-01,1.000000000000000021e-02,4.243409899677060082e+01,6.265266593689582507e-08,9.786083750731695776e-05,5.000000000000004441e-02,9.274103530408051022e-01,9.467603338807567548e-01,6.000000000000004635e-02
0.000000000000000000e+00,9.230000000000000426e-01,1.099999999999999936e-02,4.302988512207488014e+01,6.544318666846382920e-08,9.856620628924784124e-05,5.000000000000004441e-02,9.318631378628823292e-01,9.526506824657965389e-01,6.100000000000004030e-02
0.000000000000000000e+00,9.230000000000000426e-01,1.199999999999999852e-02,4.328553624572032277e+01,6.666088895042417887e-08,1.008388576421255842e-04,5.000000000000004441e-02,9.377722574701524705e-01,9.554738816707213367e-01,6.200000000000004119e-02
0.000000000000000000e+00,9.230000000000000426e-01,1.299999999999999767e-02,4.331930154988064885e+01,6.682323919212174560e-08,1.042384589965890146e-04,5.000000000000004441e-02,9.437607341768786684e-01,9.542343401371905509e-01,6.300000000000004208e-02
0.000000000000000000e+00,9.230000000000000426e-01,1.399999999999999682e-02,4.490921637382708553e+01,7.587732420695433823e-08,9.643668143429723707e-05,4.899999999999993250e-02,9.291659508070992946e-01,9.438182483672021839e-01,6.299999999999993106e-02
0.000000000000000000e+00,9.230000000000000426e-01,1.499999999999999598e-02,4.375766435382702468e+01,7.023284404983888348e-08,8.834390854415310980e-05,4.700000000000015277e-02,9.253847970764845776e-01,9.274219074675470464e-01,6.200000000000015221e-02
0.000000000000000000e+00,9.230000000000000426e-01,1.599999999999999339e-02,4.421681287595983889e+01,7.240196908271703766e-08,8.918050978642849441e-05,4.700000000000015277e-02,9.304319614122213977e-01,9.348997011110539157e-01,6.300000000000013922e-02
0.000000000000000000e+00,9.230000000000000426e-01,1.699999999999999428e-02,4.462131790723262270e+01,7.434152082752570975e-08,9.028911149300826889e-05,4.700000000000015277e-02,9.352063693011127832e-01,9.411396808437699768e-01,6.400000000000014011e-02
0.000000000000000000e+00,9.230000000000000426e-01,1.799999999999999517e-02,4.474586607125399240e+01,7.494548726589295303e-08,9.264021887901501776e-05,4.700000000000015277e-02,9.407333547242746619e-01,9.438619892803877809e-01,6.500000000000014100e-02
0.000000000000000000e+00,9.230000000000000426e-01,1.899999999999999259e-02,4.468848388509135816e+01,7.466539276614947312e-08,9.591025544588897779e-05,4.700000000000015277e-02,9.461062553662291652e-01,9.425876130295847144e-01,6.600000000000014189e-02
0.000000000000000000e+00,9.230000000000000426e-01,1.999999999999999001e-02,4.479991051433583493e+01,7.521280348980891164e-08,9.845493491405208925e-05,4.700000000000015277e-02,9.504746185285751769e-01,9.442808451810064119e-01,6.700000000000014277e-02
0.000000000000000000e+00,9.230000000000000426e-01,2.099999999999999090e-02,4.561852699831862168e+01,7.929703086014249098e-08,9.778703789359557345e-05,4.700000000000015277e-02,9.499286304614160681e-01,9.482256418129562103e-01,6.800000000000014366e-02
0.000000000000000000e+00,9.230000000000000426e-01,2.199999999999999178e-02,4.626982792043592241e+01,8.261343358631466659e-08,9.790976079688553345e-05,4.700000000000015277e-02,9.507937747366550507e-01,9.526186013749802228e-01,6.900000000000014455e-02
0.000000000000000000e+00,9.230000000000000426e-01,2.299999999999998920e-02,4.646533313970276424e+01,8.362283883186458737e-08,1.002009006491760303e-04,4.700000000000015277e-02,9.541637060608202381e-01,9.531602626151115532e-01,7.000000000000014544e-02
0.000000000000000000e+00,9.230000000000000426e-01,2.399999999999998662e-02,4.669476027568781973e+01,8.481900843041671099e-08,1.023580582106421694e-04,4.700000000000015277e-02,9.570692220801656491e-01,9.539966728229856141e-01,7.100000000000014633e-02
0.000000000000000000e+00,9.230000000000000426e-01,2.499999999999998751e-02,4.709252604492598238e+01,8.691709973628034387e-08,1.036896773178716188e-04,4.700000000000015277e-02,9.588935260442806863e-01,9.566779151992332864e-01,7.200000000000014722e-02
0.000000000000000000e+00,9.230000000000000426e-01,2.599999999999998840e-02,4.387935286207123653e+01,6.789681017294376074e-08,1.029234747207490426e-04,4.600000000000004086e-02,9.268736519215923231e-01,9.573826991107838857e-01,7.200000000000003619e-02
0.000000000000000000e+00,9.230000000000000426e-01,2.699999999999998929e-02,4.435045043246930163e+01,7.012773430084329148e-08,1.041826575923161710e-04,4.600000000000004086e-02,9.295562254515783440e-01,9.597241720967537582e-01,7.300000000000003708e-02
0.000000000000000000e+00,9.230000000000000426e-01,2.799999999999998324e-02,4.247222852884324595e+01,6.011694546451214756e-08,1.023983219147902798e-04,4.499999999999992895e-02,9.254364968872281771e-01,9.592277358630252326e-01,7.299999999999991218e-02
0.000000000000000000e+00,9.230000000000000426e-01,2.899999999999998412e-02,4.296072866209348717e+01,6.227968966745473217e-08,1.036344920285106716e-04,4.499999999999992895e-02,9.277434987789733301e-01,9.612999204513036355e-01,7.399999999999991307e-02
0.000000000000000000e+00,9.230000000000000426e-01,2.999999999999998501e-02,4.340075319003418031e+01,6.426220853932742072e-08,1.051571207068696396e-04,4.499999999999992895e-02,9.302321914152005267e-01,9.624540251922604206e-01,7.499999999999991396e-02
0.000000000000000000e+00,9.230000000000000426e-01,3.099999999999998590e-02,4.148128805548122244e+01,5.444486502979112364e-08,1.031062890831029402e-04,4.400000000000003908e-02,9.239405365370813028e-01,9.627299016499585305e-01,7.500000000000002498e-02
0.000000000000000000e+00,9.230000000000000426e-01,3.199999999999997985e-02,4.194109610619367601e+01,5.636656744350318419e-08,1.045950101475025186e-04,4.400000000000003908e-02,9.261471377357261003e-01,9.636773534285290044e-01,7.600000000000001199e-02
0.000000000000000000e+00,9.230000000000000426e-01,3.299999999999998074e-02,4.213893144193039575e+01,5.720571416483218572e-08,1.078940964052014969e-04,4.400000000000003908e-02,9.300796302698608464e-01,9.567788179909979540e-01,7.700000000000001288e-02
0.000000000000000000e+00,9.230000000000000426e-01,3.399999999999998163e-02,4.251801447318327121e+01,5.883565816750061484e-08,1.098739644545052284e-04,4.400000000000003908e-02,9.324677713463428441e-01,9.568363149539360624e-01,7.800000000000001377e-02
0.000000000000000000e+00,9.230000000000000426e-01,3.499999999999998251e-02,4.302050774775103292e+01,6.103431335488123474e-08,1.109855072734845522e-04,4.400000000000003908e-02,9.335695174132263574e-01,9.589730742632532889e-01,7.900000000000001465e-02
0.000000000000000000e+00,9.230000000000000426e-01,3.599999999999997646e-02,4.342709931448560923e+01,6.284478451108583856e-08,1.127641861821836904e-04,4.400000000000003908e-02,9.354008757229177462e-01,9.593128987013035402e-01,8.000000000000001554e-02
0.000000000000000000e+00,9.230000000000000426e-01,3.699999999999997735e-02,4.370028588790317770e+01,6.407879824987344498e-08,1.155327992848220080e-04,4.400000000000003908e-02,9.380435112668639164e-01,9.558540444854903839e-01,8.100000000000001643e-02
0.000000000000000000e+00,9.230000000000000426e-01,3.799999999999997824e-02,4.417625829341737642e+01,6.626144881890769213e-08,1.167726839969084556e-04,4.400000000000003908e-02,9.389175588598072109e-01,9.576776753922700003e-01,8.200000000000001732e-02
0.000000000000000000e+00,9.230000000000000426e-01,3.899999999999997913e-02,4.469010254044025743e+01,6.866001072857077451e-08,1.177393885821965633e-04,4.400000000000003908e-02,9.393404285040245494e-01,9.597389160125631147e-01,8.300000000000001821e-02
0.000000000000000000e+00,9.230000000000000426e-01,3.999999999999997308e-02,4.505113579300915916e+01,7.037255636540783795e-08,1.198440705213186158e-04,4.400000000000003908e-02,9.409910468635482861e-01,9.588047563939950946e-01,8.400000000000001910e-02
0.000000000000000000e+00,9.230000000000000426e-01,4.099999999999997397e-02,4.533938999598360198e+01,7.175805158428962627e-08,1.225262134283313222e-04,4.400000000000003908e-02,9.430107511296179634e-01,9.557328413813100942e-01,8.500000000000001998e-02
0.000000000000000000e+00,9.230000000000000426e-01,4.199999999999997485e-02,4.216313942988531238e+01,5.502496489561796284e-08,1.143972978659631867e-04,4.200000000000003730e-02,9.238769913656457167e-01,9.560900597739880880e-01,8.400000000000001910e-02
0.000000000000000000e+00,9.230000000000000426e-01,4.299999999999997574e-02,4.079770413836462239e+01,4.859410520361139646e-08,1.119275976386227951e-04,4.100000000000014744e-02,9.238850723481347726e-01,9.538901272747140059e-01,8.400000000000013012e-02
0.000000000000000000e+00,9.230000000000000426e-01,4.399999999999997663e-02,4.126952167443864994e+01,5.041461902437337912e-08,1.131913973492480762e-04,4.100000000000014744e-02,9.246560337501285032e-01,9.554764979650944845e-01,8.500000000000013101e-02
0.000000000000000000e+00,9.230000000000000426e-01,4.499999999999997058e-02,4.177033333476574484e+01,5.238573103030633625e-08,1.142139764181645693e-04,4.100000000000014744e-02,9.250159916421710760e-01,9.573539323802398027e-01,8.600000000000011802e-02
0.000000000000000000e+00,9.230000000000000426e-01,4.599999999999997147e-02,4.215223607534096573e+01,5.391641942340160379e-08,1.162392925590888080e-04,4.100000000000014744e-02,9.265505300033918257e-01,9.562683316692247582e-01,8.700000000000011890e-02
0.000000000000000000e+00,9.230000000000000426e-01,4.699999999999997236e-02,4.247602876881285283e+01,5.523444020422048212e-08,1.187806970175295479e-04,4.100000000000014744e-02,9.284829810106665082e-01,9.531312374109455199e-01,8.800000000000011979e-02
0.000000000000000000e+00,9.230000000000000426e-01,4.799999999999996630e-02,4.283898299970419288e+01,5.673427004682400486e-08,1.209503970436375908e-04,4.100000000000014744e-02,9.299386614275956253e-01,9.519287971051982877e-01,8.900000000000010680e-02
0.000000000000000000e+00,9.230000000000000426e-01,4.899999999999996719e-02,4.323688393103110172e+01,5.840478632736850364e-08,1.227908001681744853e-04,4.100000000000014744e-02,9.309612547242891445e-01,9.519721001660701454e-01,9.000000000000010769e-02
0.000000000000000000e+00,9.240000000000000435e-01,1.000000000000000021e-02,4.243409899677060082e+01,6.265266593689582507e-08,9.786083750731695776e-05,5.000000000000004441e-02,9.274103530408051022e-01,9.467603338807567548e-01,6.000000000000004635e-02
0.000000000000000000e+00,9.240000000000000435e-01,1.099999999999999936e-02,4.302988512207488014e+01,6.544318666846382920e-08,9.856620628924784124e-05,5.000000000000004441e-02,9.318631378628823292e-01,9.526506824657965389e-01,6.100000000000004030e-02
0.000000000000000000e+00,9.240000000000000435e-01,1.199999999999999852e-02,4.328553624572032277e+01,6.666088895042417887e-08,1.008388576421255842e-04,5.000000000000004441e-02,9.377722574701524705e-01,9.554738816707213367e-01,6.200000000000004119e-02
0.000000000000000000e+00,9.240000000000000435e-01,1.299999999999999767e-02,4.331930154988064885e+01,6.682323919212174560e-08,1.042384589965890146e-04,5.000000000000004441e-02,9.437607341768786684e-01,9.542343401371905509e-01,6.300000000000004208e-02
0.000000000000000000e+00,9.240000000000000435e-01,1.399999999999999682e-02,4.490921637382708553e+01,7.587732420695433823e-08,9.643668143429723707e-05,4.899999999999993250e-02,9.291659508070992946e-01,9.438182483672021839e-01,6.299999999999993106e-02
0.000000000000000000e+00,9.240000000000000435e-01,1.499999999999999598e-02,4.375766435382702468e+01,7.023284404983888348e-08,8.834390854415310980e-05,4.700000000000015277e-02,9.253847970764845776e-01,9.274219074675470464e-01,6.200000000000015221e-02
0.000000000000000000e+00,9.240000000000000435e-01,1.599999999999999339e-02,4.421681287595983889e+01,7.240196908271703766e-08,8.918050978642849441e-05,4.700000000000015277e-02,9.304319614122213977e-01,9.348997011110539157e-01,6.300000000000013922e-02
0.000000000000000000e+00,9.240000000000000435e-01,1.699999999999999428e-02,4.462131790723262270e+01,7.434152082752570975e-08,9.028911149300826889e-05,4.700000000000015277e-02,9.352063693011127832e-01,9.411396808437699768e-01,6.400000000000014011e-02
0.000000000000000000e+00,9.240000000000000435e-01,1.799999999999999517e-02,4.474586607125399240e+01,7.494548726589295303e-08,9.264021887901501776e-05,4.700000000000015277e-02,9.407333547242746619e-01,9.438619892803877809e-01,6.500000000000014100e-02
0.000000000000000000e+00,9.240000000000000435e-01,1.899999999999999259e-02,4.468848388509135816e+01,7.466539276614947312e-08,9.591025544588897779e-05,4.700000000000015277e-02,9.461062553662291652e-01,9.425876130295847144e-01,6.600000000000014189e-02
0.000000000000000000e+00,9.240000000000000435e-01,1.999999999999999001e-02,4.479991051433583493e+01,7.521280348980891164e-08,9.845493491405208925e-05,4.700000000000015277e-02,9.504746185285751769e-01,9.442808451810064119e-01,6.700000000000014277e-02
0.000000000000000000e+00,9.240000000000000435e-01,2.099999999999999090e-02,4.561852699831862168e+01,7.929703086014249098e-08,9.778703789359557345e-05,4.700000000000015277e-02,9.499286304614160681e-01,9.482256418129562103e-01,6.800000000000014366e-02
0.000000000000000000e+00,9.240000000000000435e-01,2.199999999999999178e-02,4.626982792043592241e+01,8.261343358631466659e-08,9.790976079688553345e-05,4.700000000000015277e-02,9.507937747366550507e-01,9.526186013749802228e-01,6.900000000000014455e-02
0.000000000000000000e+00,9.240000000000000435e-01,2.299999999999998920e-02,4.646533313970276424e+01,8.362283883186458737e-08,1.002009006491760303e-04,4.700000000000015277e-02,9.541637060608202381e-01,9.531602626151115532e-01,7.000000000000014544e-02
0.000000000000000000e+00,9.240000000000000435e-01,2.399999999999998662e-02,4.669476027568781973e+01,8.481900843041671099e-08,1.023580582106421694e-04,4.700000000000015277e-02,9.570692220801656491e-01,9.539966728229856141e-01,7.100000000000014633e-02
0.000000000000000000e+00,9.240000000000000435e-01,2.499999999999998751e-02,4.709252604492598238e+01,8.691709973628034387e-08,1.036896773178716188e-04,4.700000000000015277e-02,9.588935260442806863e-01,9.566779151992332864e-01,7.200000000000014722e-02
0.000000000000000000e+00,9.240000000000000435e-01,2.599999999999998840e-02,4.387935286207123653e+01,6.789681017294376074e-08,1.029234747207490426e-04,4.600000000000004086e-02,9.268736519215923231e-01,9.573826991107838857e-01,7.200000000000003619e-02
0.000000000000000000e+00,9.240000000000000435e-01,2.699999999999998929e-02,4.435045043246930163e+01,7.012773430084329148e-08,1.041826575923161710e-04,4.600000000000004086e-02,9.295562254515783440e-01,9.597241720967537582e-01,7.300000000000003708e-02
0.000000000000000000e+00,9.240000000000000435e-01,2.799999999999998324e-02,4.247222852884324595e+01,6.011694546451214756e-08,1.023983219147902798e-04,4.499999999999992895e-02,9.254364968872281771e-01,9.592277358630252326e-01,7.299999999999991218e-02
0.000000000000000000e+00,9.240000000000000435e-01,2.899999999999998412e-02,4.296072866209348717e+01,6.227968966745473217e-08,1.036344920285106716e-04,4.499999999999992895e-02,9.277434987789733301e-01,9.612999204513036355e-01,7.399999999999991307e-02
0.000000000000000000e+00,9.240000000000000435e-01,2.999999999999998501e-02,4.340075319003418031e+01,6.426220853932742072e-08,1.051571207068696396e-04,4.499999999999992895e-02,9.302321914152005267e-01,9.624540251922604206e-01,7.499999999999991396e-02
0.000000000000000000e+00,9.240000000000000435e-01,3.099999999999998590e-02,4.354871118664995322e+01,6.493757171199922060e-08,1.085825717196266764e-04,4.499999999999992895e-02,9.343436792281917258e-01,9.555218122466481168e-01,7.599999999999991485e-02
0.000000000000000000e+00,9.240000000000000435e-01,3.199999999999997985e-02,4.194109610619367601e+01,5.636656744350318419e-08,1.045950101475025186e-04,4.400000000000003908e-02,9.261471377357261003e-01,9.636773534285290044e-01,7.600000000000001199e-02
0.000000000000000000e+00,9.240000000000000435e-01,3.299999999999998074e-02,4.213893144193039575e+01,5.720571416483218572e-08,1.078940964052014969e-04,4.400000000000003908e-02,9.300796302698608464e-01,9.567788179909979540e-01,7.700000000000001288e-02
0.000000000000000000e+00,9.240000000000000435e-01,3.399999999999998163e-02,4.251801447318327121e+01,5.883565816750061484e-08,1.098739644545052284e-04,4.400000000000003908e-02,9.324677713463428441e-01,9.568363149539360624e-01,7.800000000000001377e-02
0.000000000000000000e+00,9.240000000000000435e-01,3.499999999999998251e-02,4.302050774775103292e+01,6.103431335488123474e-08,1.109855072734845522e-04,4.400000000000003908e-02,9.335695174132263574e-01,9.589730742632532889e-01,7.900000000000001465e-02
0.000000000000000000e+00,9.240000000000000435e-01,3.599999999999997646e-02,4.342709931448560923e+01,6.284478451108583856e-08,1.127641861821836904e-04,4.400000000000003908e-02,9.354008757229177462e-01,9.593128987013035402e-01,8.000000000000001554e-02
0.000000000000000000e+00,9.240000000000000435e-01,3.699999999999997735e-02,4.370028588790317770e+01,6.407879824987344498e-08,1.155327992848220080e-04,4.400000000000003908e-02,9.380435112668639164e-01,9.558540444854903839e-01,8.100000000000001643e-02
0.000000000000000000e+00,9.240000000000000435e-01,3.799999999999997824e-02,4.417625829341737642e+01,6.626144881890769213e-08,1.167726839969084556e-04,4.400000000000003908e-02,9.389175588598072109e-01,9.576776753922700003e-01,8.200000000000001732e-02
0.000000000000000000e+00,9.240000000000000435e-01,3.899999999999997913e-02,4.469010254044025743e+01,6.866001072857077451e-08,1.177393885821965633e-04,4.400000000000003908e-02,9.393404285040245494e-01,9.597389160125631147e-01,8.300000000000001821e-02
0.000000000000000000e+00,9.240000000000000435e-01,3.999999999999997308e-02,4.505113579300915916e+01,7.037255636540783795e-08,1.198440705213186158e-04,4.400000000000003908e-02,9.409910468635482861e-01,9.588047563939950946e-01,8.400000000000001910e-02
0.000000000000000000e+00,9.240000000000000435e-01,4.099999999999997397e-02,4.533938999598360198e+01,7.175805158428962627e-08,1.225262134283313222e-04,4.400000000000003908e-02,9.430107511296179634e-01,9.557328413813100942e-01,8.500000000000001998e-02
0.000000000000000000e+00,9.240000000000000435e-01,4.199999999999997485e-02,4.567974178169648525e+01,7.341511535612420917e-08,1.247808155533600420e-04,4.400000000000003908e-02,9.445320288913003903e-01,9.546843484712518313e-01,8.600000000000002087e-02
0.000000000000000000e+00,9.240000000000000435e-01,4.299999999999997574e-02,4.266976204053504773e+01,5.713372333116134298e-08,1.154029113821871435e-04,4.200000000000003730e-02,9.244423105941392826e-01,9.580385431429518928e-01,8.500000000000001998e-02
0.000000000000000000e+00,9.240000000000000435e-01,4.399999999999997663e-02,4.126952167443864994e+01,5.041461902437337912e-08,1.131913973492480762e-04,4.100000000000014744e-02,9.246560337501285032e-01,9.554764979650944845e-01,8.500000000000013101e-02
0.000000000000000000e+00,9.240000000000000435e-01,4.499999999999997058e-02,4.177033333476574484e+01,5.238573103030633625e-08,1.142139764181645693e-04,4.100000000000014744e-02,9.250159916421710760e-01,9.573539323802398027e-01,8.600000000000011802e-02
0.000000000000000000e+00,9.240000000000000435e-01,4.599999999999997147e-02,4.215223607534096573e+01,5.391641942340160379e-08,1.162392925590888080e-04,4.100000000000014744e-02,9.265505300033918257e-01,9.562683316692247582e-01,8.700000000000011890e-02
0.000000000000000000e+00,9.240000000000000435e-01,4.699999999999997236e-02,4.247602876881285283e+01,5.523444020422048212e-08,1.187806970175295479e-04,4.100000000000014744e-02,9.284829810106665082e-01,9.531312374109455199e-01,8.800000000000011979e-02
0.000000000000000000e+00,9.240000000000000435e-01,4.799999999999996630e-02,4.283898299970419288e+01,5.673427004682400486e-08,1.209503970436375908e-04,4.100000000000014744e-02,9.299386614275956253e-01,9.519287971051982877e-01,8.900000000000010680e-02
0.000000000000000000e+00,9.240000000000000435e-01,4.899999999999996719e-02,4.323688393103110172e+01,5.840478632736850364e-08,1.227908001681744853e-04,4.100000000000014744e-02,9.309612547242891445e-01,9.519721001660701454e-01,9.000000000000010769e-02
0.000000000000000000e+00,9.250000000000000444e-01,1.000000000000000021e-02,4.243409899677060082e+01,6.265266593689582507e-08,9.786083750731695776e-05,5.000000000000004441e-02,9.274103530408051022e-01,9.467603338807567548e-01,6.000000000000004635e-02
0.000000000000000000e+00,9.250000000000000444e-01,1.099999999999999936e-02,4.302988512207488014e+01,6.544318666846382920e-08,9.856620628924784124e-05,5.000000000000004441e-02,9.318631378628823292e-01,9.526506824657965389e-01,6.100000000000004030e-02
0.000000000000000000e+00,9.250000000000000444e-01,1.199999999999999852e-02,4.328553624572032277e+01,6.666088895042417887e-08,1.008388576421255842e-04,5.000000000000004441e-02,9.377722574701524705e-01,9.554738816707213367e-01,6.200000000000004119e-02
0.000000000000000000e+00,9.250000000000000444e-01,1.299999999999999767e-02,4.331930154988064885e+01,6.682323919212174560e-08,1.042384589965890146e-04,5.000000000000004441e-02,9.437607341768786684e-01,9.542343401371905509e-01,6.300000000000004208e-02
0.000000000000000000e+00,9.250000000000000444e-01,1.399999999999999682e-02,4.490921637382708553e+01,7.587732420695433823e-08,9.643668143429723707e-05,4.899999999999993250e-02,9.291659508070992946e-01,9.438182483672021839e-01,6.299999999999993106e-02
0.000000000000000000e+00,9.250000000000000444e-01,1.499999999999999598e-02,4.375766435382702468e+01,7.023284404983888348e-08,8.834390854415310980e-05,4.700000000000015277e-02,9.253847970764845776e-01,9.274219074675470464e-01,6.200000000000015221e-02
0.000000000000000000e+00,9.250000000000000444e-01,1.599999999999999339e-02,4.421681287595983889e+01,7.240196908271703766e-08,8.918050978642849441e-05,4.700000000000015277e-02,9.304319614122213977e-01,9.348997011110539157e-01,6.300000000000013922e-02
0.000000000000000000e+00,9.250000000000000444e-01,1.699999999999999428e-02,4.462131790723262270e+01,7.434152082752570975e-08,9.028911149300826889e-05,4.700000000000015277e-02,9.352063693011127832e-01,9.411396808437699768e-01,6.400000000000014011e-02
0.000000000000000000e+00,9.250000000000000444e-01,1.799999999999999517e-02,4.474586607125399240e+01,7.494548726589295303e-08,9.264021887901501776e-05,4.700000000000015277e-02,9.407333547242746619e-01,9.438619892803877809e-01,6.500000000000014100e-02
0.000000000000000000e+00,9.250000000000000444e-01,1.899999999999999259e-02,4.468848388509135816e+01,7.466539276614947312e-08,9.591025544588897779e-05,4.700000000000015277e-02,9.461062553662291652e-01,9.425876130295847144e-01,6.600000000000014189e-02
0.000000000000000000e+00,9.250000000000000444e-01,1.999999999999999001e-02,4.479991051433583493e+01,7.521280348980891164e-08,9.845493491405208925e-05,4.700000000000015277e-02,9.504746185285751769e-01,9.442808451810064119e-01,6.700000000000014277e-02
0.000000000000000000e+00,9.250000000000000444e-01,2.099999999999999090e-02,4.561852699831862168e+01,7.929703086014249098e-08,9.778703789359557345e-05,4.700000000000015277e-02,9.499286304614160681e-01,9.482256418129562103e-01,6.800000000000014366e-02
0.000000000000000000e+00,9.250000000000000444e-01,2.199999999999999178e-02,4.626982792043592241e+01,8.261343358631466659e-08,9.790976079688553345e-05,4.700000000000015277e-02,9.507937747366550507e-01,9.526186013749802228e-01,6.900000000000014455e-02
0.000000000000000000e+00,9.250000000000000444e-01,2.299999999999998920e-02,4.646533313970276424e+01,8.362283883186458737e-08,1.002009006491760303e-04,4.700000000000015277e-02,9.541637060608202381e-01,9.531602626151115532e-01,7.000000000000014544e-02
0.000000000000000000e+00,9.250000000000000444e-01,2.399999999999998662e-02,4.669476027568781973e+01,8.481900843041671099e-08,1.023580582106421694e-04,4.700000000000015277e-02,9.570692220801656491e-01,9.539966728229856141e-01,7.100000000000014633e-02
0.000000000000000000e+00,9.250000000000000444e-01,2.499999999999998751e-02,4.709252604492598238e+01,8.691709973628034387e-08,1.036896773178716188e-04,4.700000000000015277e-02,9.588935260442806863e-01,9.566779151992332864e-01,7.200000000000014722e-02
0.000000000000000000e+00,9.250000000000000444e-01,2.599999999999998840e-02,4.387935286207123653e+01,6.789681017294376074e-08,1.029234747207490426e-04,4.600000000000004086e-02,9.268736519215923231e-01,9.573826991107838857e-01,7.200000000000003619e-02
0.000000000000000000e+00,9.250000000000000444e-01,2.699999999999998929e-02,4.435045043246930163e+01,7.012773430084329148e-08,1.041826575923161710e-04,4.600000000000004086e-02,9.295562254515783440e-01,9.597241720967537582e-01,7.300000000000003708e-02
0.000000000000000000e+00,9.250000000000000444e-01,2.799999999999998324e-02,4.247222852884324595e+01,6.011694546451214756e-08,1.023983219147902798e-04,4.499999999999992895e-02,9.254364968872281771e-01,9.592277358630252326e-01,7.299999999999991218e-02
0.000000000000000000e+00,9.250000000000000444e-01,2.899999999999998412e-02,4.296072866209348717e+01,6.227968966745473217e-08,1.036344920285106716e-04,4.499999999999992895e-02,9.277434987789733301e-01,9.612999204513036355e-01,7.399999999999991307e-02
0.000000000000000000e+00,9.250000000000000444e-01,2.999999999999998501e-02,4.340075319003418031e+01,6.426220853932742072e-08,1.051571207068696396e-04,4.499999999999992895e-02,9.302321914152005267e-01,9.624540251922604206e-01,7.499999999999991396e-02
0.000000000000000000e+00,9.250000000000000444e-01,3.099999999999998590e-02,4.354871118664995322e+01,6.493757171199922060e-08,1.085825717196266764e-04,4.499999999999992895e-02,9.343436792281917258e-01,9.555218122466481168e-01,7.599999999999991485e-02
0.000000000000000000e+00,9.250000000000000444e-01,3.199999999999997985e-02,4.194109610619367601e+01,5.636656744350318419e-08,1.045950101475025186e-04,4.400000000000003908e-02,9.261471377357261003e-01,9.636773534285290044e-01,7.600000000000001199e-02
0.000000000000000000e+00,9.250000000000000444e-01,3.299999999999998074e-02,4.213893144193039575e+01,5.720571416483218572e-08,1.078940964052014969e-04,4.400000000000003908e-02,9.300796302698608464e-01,9.567788179909979540e-01,7.700000000000001288e-02
0.000000000000000000e+00,9.250000000000000444e-01,3.399999999999998163e-02,4.251801447318327121e+01,5.883565816750061484e-08,1.098739644545052284e-04,4.400000000000003908e-02,9.324677713463428441e-01,9.568363149539360624e-01,7.800000000000001377e-02
0.000000000000000000e+00,9.250000000000000444e-01,3.499999999999998251e-02,4.302050774775103292e+01,6.103431335488123474e-08,1.109855072734845522e-04,4.400000000000003908e-02,9.335695174132263574e-01,9.589730742632532889e-01,7.900000000000001465e-02
0.000000000000000000e+00,9.250000000000000444e-01,3.599999999999997646e-02,4.342709931448560923e+01,6.284478451108583856e-08,1.127641861821836904e-04,4.400000000000003908e-02,9.354008757229177462e-01,9.593128987013035402e-01,8.000000000000001554e-02
0.000000000000000000e+00,9.250000000000000444e-01,3.699999999999997735e-02,4.370028588790317770e+01,6.407879824987344498e-08,1.155327992848220080e-04,4.400000000000003908e-02,9.380435112668639164e-01,9.558540444854903839e-01,8.100000000000001643e-02
0.000000000000000000e+00,9.250000000000000444e-01,3.799999999999997824e-02,4.417625829341737642e+01,6.626144881890769213e-08,1.167726839969084556e-04,4.400000000000003908e-02,9.389175588598072109e-01,9.576776753922700003e-01,8.200000000000001732e-02
0.000000000000000000e+00,9.250000000000000444e-01,3.899999999999997913e-02,4.469010254044025743e+01,6.866001072857077451e-08,1.177393885821965633e-04,4.400000000000003908e-02,9.393404285040245494e-01,9.597389160125631147e-01,8.300000000000001821e-02
0.000000000000000000e+00,9.250000000000000444e-01,3.999999999999997308e-02,4.505113579300915916e+01,7.037255636540783795e-08,1.198440705213186158e-04,4.400000000000003908e-02,9.409910468635482861e-01,9.588047563939950946e-01,8.400000000000001910e-02
0.000000000000000000e+00,9.250000000000000444e-01,4.099999999999997397e-02,4.533938999598360198e+01,7.175805158428962627e-08,1.225262134283313222e-04,4.400000000000003908e-02,9.430107511296179634e-01,9.557328413813100942e-01,8.500000000000001998e-02
0.000000000000000000e+00,9.250000000000000444e-01,4.199999999999997485e-02,4.567974178169648525e+01,7.341511535612420917e-08,1.247808155533600420e-04,4.400000000000003908e-02,9.445320288913003903e-01,9.546843484712518313e-01,8.600000000000002087e-02
0.000000000000000000e+00,9.250000000000000444e-01,4.299999999999997574e-02,4.606596215729880583e+01,7.532172588142268288e-08,1.266597427074815565e-04,4.400000000000003908e-02,9.455965213767336675e-01,9.549021369007275606e-01,8.700000000000002176e-02
0.000000000000000000e+00,9.250000000000000444e-01,4.399999999999997663e-02,4.304744736216546386e+01,5.873364420701372806e-08,1.174532878105390751e-04,4.200000000000003730e-02,9.262115033621043381e-01,9.570155645468251260e-01,8.600000000000002087e-02
0.000000000000000000e+00,9.250000000000000444e-01,4.499999999999997058e-02,4.177033333476574484e+01,5.238573103030633625e-08,1.142139764181645693e-04,4.100000000000014744e-02,9.250159916421710760e-01,9.573539323802398027e-01,8.600000000000011802e-02
0.000000000000000000e+00,9.250000000000000444e-01,4.599999999999997147e-02,4.215223607534096573e+01,5.391641942340160379e-08,1.162392925590888080e-04,4.100000000000014744e-02,9.265505300033918257e-01,9.562683316692247582e-01,8.700000000000011890e-02
0.000000000000000000e+00,9.250000000000000444e-01,4.699999999999997236e-02,4.247602876881285283e+01,5.523444020422048212e-08,1.187806970175295479e-04,4.100000000000014744e-02,9.284829810106665082e-01,9.531312374109455199e-01,8.800000000000011979e-02
0.000000000000000000e+00,9.250000000000000444e-01,4.799999999999996630e-02,4.283898299970419288e+01,5.673427004682400486e-08,1.209503970436375908e-04,4.100000000000014744e-02,9.299386614275956253e-01,9.519287971051982877e-01,8.900000000000010680e-02
0.000000000000000000e+00,9.250000000000000444e-01,4.899999999999996719e-02,4.323688393103110172e+01,5.840478632736850364e-08,1.227908001681744853e-04,4.100000000000014744e-02,9.309612547242891445e-01,9.519721001660701454e-01,9.000000000000010769e-02
0.000000000000000000e+00,9.260000000000000453e-01,1.000000000000000021e-02,4.243409899677060082e+01,6.265266593689582507e-08,9.786083750731695776e-05,5.000000000000004441e-02,9.274103530408051022e-01,9.467603338807567548e-01,6.000000000000004635e-02
0.000000000000000000e+00,9.260000000000000453e-01,1.099999999999999936e-02,4.302988512207488014e+01,6.544318666846382920e-08,9.856620628924784124e-05,5.000000000000004441e-02,9.318631378628823292e-01,9.526506824657965389e-01,6.100000000000004030e-02
0.000000000000000000e+00,9.260000000000000453e-01,1.199999999999999852e-02,4.328553624572032277e+01,6.666088895042417887e-08,1.008388576421255842e-04,5.000000000000004441e-02,9.377722574701524705e-01,9.554738816707213367e-01,6.200000000000004119e-02
0.000000000000000000e+00,9.260000000000000453e-01,1.299999999999999767e-02,4.331930154988064885e+01,6.682323919212174560e-08,1.042384589965890146e-04,5.000000000000004441e-02,9.437607341768786684e-01,9.542343401371905509e-01,6.300000000000004208e-02
0.000000000000000000e+00,9.260000000000000453e-01,1.399999999999999682e-02,4.490921637382708553e+01,7.587732420695433823e-08,9.643668143429723707e-05,4.899999999999993250e-02,9.291659508070992946e-01,9.438182483672021839e-01,6.299999999999993106e-02
0.000000000000000000e+00,9.260000000000000453e-01,1.499999999999999598e-02,4.513008095935147423e+01,7.725131328341512497e-08,9.161830653485975387e-05,4.800000000000004263e-02,9.281205663122538141e-01,9.389152447586659456e-01,6.300000000000004208e-02
0.000000000000000000e+00,9.260000000000000453e-01,1.599999999999999339e-02,4.421681287595983889e+01,7.240196908271703766e-08,8.918050978642849441e-05,4.700000000000015277e-02,9.304319614122213977e-01,9.348997011110539157e-01,6.300000000000013922e-02
0.000000000000000000e+00,9.260000000000000453e-01,1.699999999999999428e-02,4.462131790723262270e+01,7.434152082752570975e-08,9.028911149300826889e-05,4.700000000000015277e-02,9.352063693011127832e-01,9.411396808437699768e-01,6.400000000000014011e-02
0.000000000000000000e+00,9.260000000000000453e-01,1.799999999999999517e-02,4.474586607125399240e+01,7.494548726589295303e-08,9.264021887901501776e-05,4.700000000000015277e-02,9.407333547242746619e-01,9.438619892803877809e-01,6.500000000000014100e-02
0.000000000000000000e+00,9.260000000000000453e-01,1.899999999999999259e-02,4.468848388509135816e+01,7.466539276614947312e-08,9.591025544588897779e-05,4.700000000000015277e-02,9.461062553662291652e-01,9.425876130295847144e-01,6.600000000000014189e-02
0.000000000000000000e+00,9.260000000000000453e-01,1.999999999999999001e-02,4.479991051433583493e+01,7.521280348980891164e-08,9.845493491405208925e-05,4.700000000000015277e-02,9.504746185285751769e-01,9.442808451810064119e-01,6.700000000000014277e-02
0.000000000000000000e+00,9.260000000000000453e-01,2.099999999999999090e-02,4.561852699831862168e+01,7.929703086014249098e-08,9.778703789359557345e-05,4.700000000000015277e-02,9.499286304614160681e-01,9.482256418129562103e-01,6.800000000000014366e-02
0.000000000000000000e+00,9.260000000000000453e-01,2.199999999999999178e-02,4.626982792043592241e+01,8.261343358631466659e-08,9.790976079688553345e-05,4.700000000000015277e-02,9.507937747366550507e-01,9.526186013749802228e-01,6.900000000000014455e-02
0.000000000000000000e+00,9.260000000000000453e-01,2.299999999999998920e-02,4.646533313970276424e+01,8.362283883186458737e-08,1.002009006491760303e-04,4.700000000000015277e-02,9.541637060608202381e-01,9.531602626151115532e-01,7.000000000000014544e-02
0.000000000000000000e+00,9.260000000000000453e-01,2.399999999999998662e-02,4.669476027568781973e+01,8.481900843041671099e-08,1.023580582106421694e-04,4.700000000000015277e-02,9.570692220801656491e-01,9.539966728229856141e-01,7.100000000000014633e-02
0.000000000000000000e+00,9.260000000000000453e-01,2.499999999999998751e-02,4.709252604492598238e+01,8.691709973628034387e-08,1.036896773178716188e-04,4.700000000000015277e-02,9.588935260442806863e-01,9.566779151992332864e-01,7.200000000000014722e-02
0.000000000000000000e+00,9.260000000000000453e-01,2.599999999999998840e-02,4.387935286207123653e+01,6.789681017294376074e-08,1.029234747207490426e-04,4.600000000000004086e-02,9.268736519215923231e-01,9.573826991107838857e-01,7.200000000000003619e-02
0.000000000000000000e+00,9.260000000000000453e-01,2.699999999999998929e-02,4.435045043246930163e+01,7.012773430084329148e-08,1.041826575923161710e-04,4.600000000000004086e-02,9.295562254515783440e-01,9.597241720967537582e-01,7.300000000000003708e-02
0.000000000000000000e+00,9.260000000000000453e-01,2.799999999999998324e-02,4.476879029788517528e+01,7.214070723241760184e-08,1.057421393898127127e-04,4.600000000000004086e-02,9.323796361783036613e-01,9.611082799004186938e-01,7.400000000000002409e-02
0.000000000000000000e+00,9.260000000000000453e-01,2.899999999999998412e-02,4.296072866209348717e+01,6.227968966745473217e-08,1.036344920285106716e-04,4.499999999999992895e-02,9.277434987789733301e-01,9.612999204513036355e-01,7.399999999999991307e-02
0.000000000000000000e+00,9.260000000000000453e-01,2.999999999999998501e-02,4.340075319003418031e+01,6.426220853932742072e-08,1.051571207068696396e-04,4.499999999999992895e-02,9.302321914152005267e-01,9.624540251922604206e-01,7.499999999999991396e-02
0.000000000000000000e+00,9.260000000000000453e-01,3.099999999999998590e-02,4.354871118664995322e+01,6.493757171199922060e-08,1.085825717196266764e-04,4.499999999999992895e-02,9.343436792281917258e-01,9.555218122466481168e-01,7.599999999999991485e-02
0.000000000000000000e+00,9.260000000000000453e-01,3.199999999999997985e-02,4.194109610619367601e+01,5.636656744350318419e-08,1.045950101475025186e-04,4.400000000000003908e-02,9.261471377357261003e-01,9.636773534285290044e-01,7.600000000000001199e-02
0.000000000000000000e+00,9.260000000000000453e-01,3.299999999999998074e-02,4.213893144193039575e+01,5.720571416483218572e-08,1.078940964052014969e-04,4.400000000000003908e-02,9.300796302698608464e-01,9.567788179909979540e-01,7.700000000000001288e-02
0.000000000000000000e+00,9.260000000000000453e-01,3.399999999999998163e-02,4.251801447318327121e+01,5.883565816750061484e-08,1.098739644545052284e-04,4.400000000000003908e-02,9.324677713463428441e-01,9.568363149539360624e-01,7.800000000000001377e-02
0.000000000000000000e+00,9.260000000000000453e-01,3.499999999999998251e-02,4.302050774775103292e+01,6.103431335488123474e-08,1.109855072734845522e-04,4.400000000000003908e-02,9.335695174132263574e-01,9.589730742632532889e-01,7.900000000000001465e-02
0.000000000000000000e+00,9.260000000000000453e-01,3.599999999999997646e-02,4.342709931448560923e+01,6.284478451108583856e-08,1.127641861821836904e-04,4.400000000000003908e-02,9.354008757229177462e-01,9.593128987013035402e-01,8.000000000000001554e-02
0.000000000000000000e+00,9.260000000000000453e-01,3.699999999999997735e-02,4.370028588790317770e+01,6.407879824987344498e-08,1.155327992848220080e-04,4.400000000000003908e-02,9.380435112668639164e-01,9.558540444854903839e-01,8.100000000000001643e-02
0.000000000000000000e+00,9.260000000000000453e-01,3.799999999999997824e-02,4.417625829341737642e+01,6.626144881890769213e-08,1.167726839969084556e-04,4.400000000000003908e-02,9.389175588598072109e-01,9.576776753922700003e-01,8.200000000000001732e-02
0.000000000000000000e+00,9.260000000000000453e-01,3.899999999999997913e-02,4.469010254044025743e+01,6.866001072857077451e-08,1.177393885821965633e-04,4.400000000000003908e-02,9.393404285040245494e-01,9.597389160125631147e-01,8.300000000000001821e-02
0.000000000000000000e+00,9.260000000000000453e-01,3.999999999999997308e-02,4.505113579300915916e+01,7.037255636540783795e-08,1.198440705213186158e-04,4.400000000000003908e-02,9.409910468635482861e-01,9.588047563939950946e-01,8.400000000000001910e-02
0.000000000000000000e+00,9.260000000000000453e-01,4.099999999999997397e-02,4.533938999598360198e+01,7.175805158428962627e-08,1.225262134283313222e-04,4.400000000000003908e-02,9.430107511296179634e-01,9.557328413813100942e-01,8.500000000000001998e-02
0.000000000000000000e+00,9.260000000000000453e-01,4.199999999999997485e-02,4.567974178169648525e+01,7.341511535612420917e-08,1.247808155533600420e-04,4.400000000000003908e-02,9.445320288913003903e-01,9.546843484712518313e-01,8.600000000000002087e-02
0.000000000000000000e+00,9.260000000000000453e-01,4.299999999999997574e-02,4.606596215729880583e+01,7.532172588142268288e-08,1.266597427074815565e-04,4.400000000000003908e-02,9.455965213767336675e-01,9.549021369007275606e-01,8.700000000000002176e-02
0.000000000000000000e+00,9.260000000000000453e-01,4.399999999999997663e-02,4.304744736216546386e+01,5.873364420701372806e-08,1.174532878105390751e-04,4.200000000000003730e-02,9.262115033621043381e-01,9.570155645468251260e-01,8.600000000000002087e-02
0.000000000000000000e+00,9.260000000000000453e-01,4.499999999999997058e-02,4.336258195362336210e+01,6.008848780748493414e-08,1.200389577774987009e-04,4.200000000000003730e-02,9.283713451882937839e-01,9.539140927735669795e-01,8.700000000000000788e-02
0.000000000000000000e+00,9.260000000000000453e-01,4.599999999999997147e-02,4.215223607534096573e+01,5.391641942340160379e-08,1.162392925590888080e-04,4.100000000000014744e-02,9.265505300033918257e-01,9.562683316692247582e-01,8.700000000000011890e-02
0.000000000000000000e+00,9.260000000000000453e-01,4.699999999999997236e-02,4.247602876881285283e+01,5.523444020422048212e-08,1.187806970175295479e-04,4.100000000000014744e-02,9.284829810106665082e-01,9.531312374109455199e-01,8.800000000000011979e-02
0.000000000000000000e+00,9.260000000000000453e-01,4.799999999999996630e-02,4.283898299970419288e+01,5.673427004682400486e-08,1.209503970436375908e-04,4.100000000000014744e-02,9.299386614275956253e-01,9.519287971051982877e-01,8.900000000000010680e-02
0.000000000000000000e+00,9.260000000000000453e-01,4.899999999999996719e-02,4.323688393103110172e+01,5.840478632736850364e-08,1.227908001681744853e-04,4.100000000000014744e-02,9.309612547242891445e-01,9.519721001660701454e-01,9.000000000000010769e-02
0.000000000000000000e+00,9.270000000000000462e-01,1.000000000000000021e-02,4.243409899677060082e+01,6.265266593689582507e-08,9.786083750731695776e-05,5.000000000000004441e-02,9.274103530408051022e-01,9.467603338807567548e-01,6.000000000000004635e-02
0.000000000000000000e+00,9.270000000000000462e-01,1.099999999999999936e-02,4.302988512207488014e+01,6.544318666846382920e-08,9.856620628924784124e-05,5.000000000000004441e-02,9.318631378628823292e-01,9.526506824657965389e-01,6.100000000000004030e-02
0.000000000000000000e+00,9.270000000000000462e-01,1.199999999999999852e-02,4.328553624572032277e+01,6.666088895042417887e-08,1.008388576421255842e-04,5.000000000000004441e-02,9.377722574701524705e-01,9.554738816707213367e-01,6.200000000000004119e-02
0.000000000000000000e+00,9.270000000000000462e-01,1.299999999999999767e-02,4.331930154988064885e+01,6.682323919212174560e-08,1.042384589965890146e-04,5.000000000000004441e-02,9.437607341768786684e-01,9.542343401371905509e-01,6.300000000000004208e-02
0.000000000000000000e+00,9.270000000000000462e-01,1.399999999999999682e-02,4.490921637382708553e+01,7.587732420695433823e-08,9.643668143429723707e-05,4.899999999999993250e-02,9.291659508070992946e-01,9.438182483672021839e-01,6.299999999999993106e-02
0.000000000000000000e+00,9.270000000000000462e-01,1.499999999999999598e-02,4.513008095935147423e+01,7.725131328341512497e-08,9.161830653485975387e-05,4.800000000000004263e-02,9.281205663122538141e-01,9.389152447586659456e-01,6.300000000000004208e-02
0.000000000000000000e+00,9.270000000000000462e-01,1.599999999999999339e-02,4.421681287595983889e+01,7.240196908271703766e-08,8.918050978642849441e-05,4.700000000000015277e-02,9.304319614122213977e-01,9.348997011110539157e-01,6.300000000000013922e-02
0.000000000000000000e+00,9.270000000000000462e-01,1.699999999999999428e-02,4.462131790723262270e+01,7.434152082752570975e-08,9.028911149300826889e-05,4.700000000000015277e-02,9.352063693011127832e-01,9.411396808437699768e-01,6.400000000000014011e-02
0.000000000000000000e+00,9.270000000000000462e-01,1.799999999999999517e-02,4.474586607125399240e+01,7.494548726589295303e-08,9.264021887901501776e-05,4.700000000000015277e-02,9.407333547242746619e-01,9.438619892803877809e-01,6.500000000000014100e-02
0.000000000000000000e+00,9.270000000000000462e-01,1.899999999999999259e-02,4.468848388509135816e+01,7.466539276614947312e-08,9.591025544588897779e-05,4.700000000000015277e-02,9.461062553662291652e-01,9.425876130295847144e-01,6.600000000000014189e-02
0.000000000000000000e+00,9.270000000000000462e-01,1.999999999999999001e-02,4.479991051433583493e+01,7.521280348980891164e-08,9.845493491405208925e-05,4.700000000000015277e-02,9.504746185285751769e-01,9.442808451810064119e-01,6.700000000000014277e-02
0.000000000000000000e+00,9.270000000000000462e-01,2.099999999999999090e-02,4.561852699831862168e+01,7.929703086014249098e-08,9.778703789359557345e-05,4.700000000000015277e-02,9.499286304614160681e-01,9.482256418129562103e-01,6.800000000000014366e-02
0.000000000000000000e+00,9.270000000000000462e-01,2.199999999999999178e-02,4.626982792043592241e+01,8.261343358631466659e-08,9.790976079688553345e-05,4.700000000000015277e-02,9.507937747366550507e-01,9.526186013749802228e-01,6.900000000000014455e-02
0.000000000000000000e+00,9.270000000000000462e-01,2.299999999999998920e-02,4.646533313970276424e+01,8.362283883186458737e-08,1.002009006491760303e-04,4.700000000000015277e-02,9.541637060608202381e-01,9.531602626151115532e-01,7.000000000000014544e-02
0.000000000000000000e+00,9.270000000000000462e-01,2.399999999999998662e-02,4.669476027568781973e+01,8.481900843041671099e-08,1.023580582106421694e-04,4.700000000000015277e-02,9.570692220801656491e-01,9.539966728229856141e-01,7.100000000000014633e-02
0.000000000000000000e+00,9.270000000000000462e-01,2.499999999999998751e-02,4.709252604492598238e+01,8.691709973628034387e-08,1.036896773178716188e-04,4.700000000000015277e-02,9.588935260442806863e-01,9.566779151992332864e-01,7.200000000000014722e-02
0.000000000000000000e+00,9.270000000000000462e-01,2.599999999999998840e-02,4.743358973640783915e+01,8.873882315103357583e-08,1.053339565484800891e-04,4.700000000000015277e-02,9.608217702845402997e-01,9.583349311754806310e-01,7.300000000000014810e-02
0.000000000000000000e+00,9.270000000000000462e-01,2.699999999999998929e-02,4.435045043246930163e+01,7.012773430084329148e-08,1.041826575923161710e-04,4.600000000000004086e-02,9.295562254515783440e-01,9.597241720967537582e-01,7.300000000000003708e-02
0.000000000000000000e+00,9.270000000000000462e-01,2.799999999999998324e-02,4.476879029788517528e+01,7.214070723241760184e-08,1.057421393898127127e-04,4.600000000000004086e-02,9.323796361783036613e-01,9.611082799004186938e-01,7.400000000000002409e-02
0.000000000000000000e+00,9.270000000000000462e-01,2.899999999999998412e-02,4.296072866209348717e+01,6.227968966745473217e-08,1.036344920285106716e-04,4.499999999999992895e-02,9.277434987789733301e-01,9.612999204513036355e-01,7.399999999999991307e-02
0.000000000000000000e+00,9.270000000000000462e-01,2.999999999999998501e-02,4.340075319003418031e+01,6.426220853932742072e-08,1.051571207068696396e-04,4.499999999999992895e-02,9.302321914152005267e-01,9.624540251922604206e-01,7.499999999999991396e-02
0.000000000000000000e+00,9.270000000000000462e-01,3.099999999999998590e-02,4.354871118664995322e+01,6.493757171199922060e-08,1.085825717196266764e-04,4.499999999999992895e-02,9.343436792281917258e-01,9.555218122466481168e-01,7.599999999999991485e-02
0.000000000000000000e+00,9.270000000000000462e-01,3.199999999999997985e-02,4.390255489337498318e+01,6.657206856083356794e-08,1.106122462650496708e-04,4.499999999999992895e-02,9.369311713771071304e-01,9.557721034249317960e-01,7.699999999999990186e-02
0.000000000000000000e+00,9.270000000000000462e-01,3.299999999999998074e-02,4.213893144193039575e+01,5.720571416483218572e-08,1.078940964052014969e-04,4.400000000000003908e-02,9.300796302698608464e-01,9.567788179909979540e-01,7.700000000000001288e-02
0.000000000000000000e+00,9.270000000000000462e-01,3.399999999999998163e-02,4.251801447318327121e+01,5.883565816750061484e-08,1.098739644545052284e-04,4.400000000000003908e-02,9.324677713463428441e-01,9.568363149539360624e-01,7.800000000000001377e-02
0.000000000000000000e+00,9.270000000000000462e-01,3.499999999999998251e-02,4.302050774775103292e+01,6.103431335488123474e-08,1.109855072734845522e-04,4.400000000000003908e-02,9.335695174132263574e-01,9.589730742632532889e-01,7.900000000000001465e-02
0.000000000000000000e+00,9.270000000000000462e-01,3.599999999999997646e-02,4.342709931448560923e+01,6.284478451108583856e-08,1.127641861821836904e-04,4.400000000000003908e-02,9.354008757229177462e-01,9.593128987013035402e-01,8.000000000000001554e-02
0.000000000000000000e+00,9.270000000000000462e-01,3.699999999999997735e-02,4.370028588790317770e+01,6.407879824987344498e-08,1.155327992848220080e-04,4.400000000000003908e-02,9.380435112668639164e-01,9.558540444854903839e-01,8.100000000000001643e-02
0.000000000000000000e+00,9.270000000000000462e-01,3.799999999999997824e-02,4.417625829341737642e+01,6.626144881890769213e-08,1.167726839969084556e-04,4.400000000000003908e-02,9.389175588598072109e-01,9.576776753922700003e-01,8.200000000000001732e-02
0.000000000000000000e+00,9.270000000000000462e-01,3.899999999999997913e-02,4.469010254044025743e+01,6.866001072857077451e-08,1.177393885821965633e-04,4.400000000000003908e-02,9.393404285040245494e-01,9.597389160125631147e-01,8.300000000000001821e-02
0.000000000000000000e+00,9.270000000000000462e-01,3.999999999999997308e-02,4.505113579300915916e+01,7.037255636540783795e-08,1.198440705213186158e-04,4.400000000000003908e-02,9.409910468635482861e-01,9.588047563939950946e-01,8.400000000000001910e-02
0.000000000000000000e+00,9.270000000000000462e-01,4.099999999999997397e-02,4.533938999598360198e+01,7.175805158428962627e-08,1.225262134283313222e-04,4.400000000000003908e-02,9.430107511296179634e-01,9.557328413813100942e-01,8.500000000000001998e-02
0.000000000000000000e+00,9.270000000000000462e-01,4.199999999999997485e-02,4.567974178169648525e+01,7.341511535612420917e-08,1.247808155533600420e-04,4.400000000000003908e-02,9.445320288913003903e-01,9.546843484712518313e-01,8.600000000000002087e-02
0.000000000000000000e+00,9.270000000000000462e-01,4.299999999999997574e-02,4.606596215729880583e+01,7.532172588142268288e-08,1.266597427074815565e-04,4.400000000000003908e-02,9.455965213767336675e-01,9.549021369007275606e-01,8.700000000000002176e-02
0.000000000000000000e+00,9.270000000000000462e-01,4.399999999999997663e-02,4.649284629879399944e+01,7.746019443877326655e-08,1.282081583686284221e-04,4.400000000000003908e-02,9.462449797242452609e-01,9.559022850274851990e-01,8.800000000000002265e-02
0.000000000000000000e+00,9.270000000000000462e-01,4.499999999999997058e-02,4.336258195362336210e+01,6.008848780748493414e-08,1.200389577774987009e-04,4.200000000000003730e-02,9.283713451882937839e-01,9.539140927735669795e-01,8.700000000000000788e-02
0.000000000000000000e+00,9.270000000000000462e-01,4.599999999999997147e-02,4.372057182555366950e+01,6.164987684319203631e-08,1.222356006095823028e-04,4.200000000000003730e-02,9.300287430849754067e-01,9.527723417268261219e-01,8.800000000000000877e-02
0.000000000000000000e+00,9.270000000000000462e-01,4.699999999999997236e-02,4.247602876881285283e+01,5.523444020422048212e-08,1.187806970175295479e-04,4.100000000000014744e-02,9.284829810106665082e-01,9.531312374109455199e-01,8.800000000000011979e-02
0.000000000000000000e+00,9.270000000000000462e-01,4.799999999999996630e-02,4.283898299970419288e+01,5.673427004682400486e-08,1.209503970436375908e-04,4.100000000000014744e-02,9.299386614275956253e-01,9.519287971051982877e-01,8.900000000000010680e-02
0.000000000000000000e+00,9.270000000000000462e-01,4.899999999999996719e-02,4.323688393103110172e+01,5.840478632736850364e-08,1.227908001681744853e-04,4.100000000000014744e-02,9.309612547242891445e-01,9.519721001660701454e-01,9.000000000000010769e-02
0.000000000000000000e+00,9.280000000000000471e-01,1.000000000000000021e-02,4.133788392043305748e+01,5.626227618401798036e-08,1.060588469348972750e-04,5.100000000000015632e-02,9.533924524213235330e-01,9.715715291026306710e-01,6.100000000000015826e-02
0.000000000000000000e+00,9.280000000000000471e-01,1.099999999999999936e-02,4.302988512207488014e+01,6.544318666846382920e-08,9.856620628924784124e-05,5.000000000000004441e-02,9.318631378628823292e-01,9.526506824657965389e-01,6.100000000000004030e-02
0.000000000000000000e+00,9.280000000000000471e-01,1.199999999999999852e-02,4.328553624572032277e+01,6.666088895042417887e-08,1.008388576421255842e-04,5.000000000000004441e-02,9.377722574701524705e-01,9.554738816707213367e-01,6.200000000000004119e-02
0.000000000000000000e+00,9.280000000000000471e-01,1.299999999999999767e-02,4.331930154988064885e+01,6.682323919212174560e-08,1.042384589965890146e-04,5.000000000000004441e-02,9.437607341768786684e-01,9.542343401371905509e-01,6.300000000000004208e-02
0.000000000000000000e+00,9.280000000000000471e-01,1.399999999999999682e-02,4.490921637382708553e+01,7.587732420695433823e-08,9.643668143429723707e-05,4.899999999999993250e-02,9.291659508070992946e-01,9.438182483672021839e-01,6.299999999999993106e-02
0.000000000000000000e+00,9.280000000000000471e-01,1.499999999999999598e-02,4.513008095935147423e+01,7.725131328341512497e-08,9.161830653485975387e-05,4.800000000000004263e-02,9.281205663122538141e-01,9.389152447586659456e-01,6.300000000000004208e-02
0.000000000000000000e+00,9.280000000000000471e-01,1.599999999999999339e-02,4.421681287595983889e+01,7.240196908271703766e-08,8.918050978642849441e-05,4.700000000000015277e-02,9.304319614122213977e-01,9.348997011110539157e-01,6.300000000000013922e-02
0.000000000000000000e+00,9.280000000000000471e-01,1.699999999999999428e-02,4.462131790723262270e+01,7.434152082752570975e-08,9.028911149300826889e-05,4.700000000000015277e-02,9.352063693011127832e-01,9.411396808437699768e-01,6.400000000000014011e-02
0.000000000000000000e+00,9.280000000000000471e-01,1.799999999999999517e-02,4.474586607125399240e+01,7.494548726589295303e-08,9.264021887901501776e-05,4.700000000000015277e-02,9.407333547242746619e-01,9.438619892803877809e-01,6.500000000000014100e-02
0.000000000000000000e+00,9.280000000000000471e-01,1.899999999999999259e-02,4.468848388509135816e+01,7.466539276614947312e-08,9.591025544588897779e-05,4.700000000000015277e-02,9.461062553662291652e-01,9.425876130295847144e-01,6.600000000000014189e-02
0.000000000000000000e+00,9.280000000000000471e-01,1.999999999999999001e-02,4.479991051433583493e+01,7.521280348980891164e-08,9.845493491405208925e-05,4.700000000000015277e-02,9.504746185285751769e-01,9.442808451810064119e-01,6.700000000000014277e-02
0.000000000000000000e+00,9.280000000000000471e-01,2.099999999999999090e-02,4.561852699831862168e+01,7.929703086014249098e-08,9.778703789359557345e-05,4.700000000000015277e-02,9.499286304614160681e-01,9.482256418129562103e-01,6.800000000000014366e-02
0.000000000000000000e+00,9.280000000000000471e-01,2.199999999999999178e-02,4.626982792043592241e+01,8.261343358631466659e-08,9.790976079688553345e-05,4.700000000000015277e-02,9.507937747366550507e-01,9.526186013749802228e-01,6.900000000000014455e-02
0.000000000000000000e+00,9.280000000000000471e-01,2.299999999999998920e-02,4.646533313970276424e+01,8.362283883186458737e-08,1.002009006491760303e-04,4.700000000000015277e-02,9.541637060608202381e-01,9.531602626151115532e-01,7.000000000000014544e-02
0.000000000000000000e+00,9.280000000000000471e-01,2.399999999999998662e-02,4.669476027568781973e+01,8.481900843041671099e-08,1.023580582106421694e-04,4.700000000000015277e-02,9.570692220801656491e-01,9.539966728229856141e-01,7.100000000000014633e-02
0.000000000000000000e+00,9.280000000000000471e-01,2.499999999999998751e-02,4.709252604492598238e+01,8.691709973628034387e-08,1.036896773178716188e-04,4.700000000000015277e-02,9.588935260442806863e-01,9.566779151992332864e-01,7.200000000000014722e-02
0.000000000000000000e+00,9.280000000000000471e-01,2.599999999999998840e-02,4.743358973640783915e+01,8.873882315103357583e-08,1.053339565484800891e-04,4.700000000000015277e-02,9.608217702845402997e-01,9.583349311754806310e-01,7.300000000000014810e-02
0.000000000000000000e+00,9.280000000000000471e-01,2.699999999999998929e-02,4.435045043246930163e+01,7.012773430084329148e-08,1.041826575923161710e-04,4.600000000000004086e-02,9.295562254515783440e-01,9.597241720967537582e-01,7.300000000000003708e-02
0.000000000000000000e+00,9.280000000000000471e-01,2.799999999999998324e-02,4.476879029788517528e+01,7.214070723241760184e-08,1.057421393898127127e-04,4.600000000000004086e-02,9.323796361783036613e-01,9.611082799004186938e-01,7.400000000000002409e-02
0.000000000000000000e+00,9.280000000000000471e-01,2.899999999999998412e-02,4.486317349706837376e+01,7.260011255147131963e-08,1.093039009415017887e-04,4.600000000000004086e-02,9.367173906450293464e-01,9.541537419840675494e-01,7.500000000000002498e-02
0.000000000000000000e+00,9.280000000000000471e-01,2.999999999999998501e-02,4.340075319003418031e+01,6.426220853932742072e-08,1.051571207068696396e-04,4.499999999999992895e-02,9.302321914152005267e-01,9.624540251922604206e-01,7.499999999999991396e-02
0.000000000000000000e+00,9.280000000000000471e-01,3.099999999999998590e-02,4.354871118664995322e+01,6.493757171199922060e-08,1.085825717196266764e-04,4.499999999999992895e-02,9.343436792281917258e-01,9.555218122466481168e-01,7.599999999999991485e-02
0.000000000000000000e+00,9.280000000000000471e-01,3.199999999999997985e-02,4.390255489337498318e+01,6.657206856083356794e-08,1.106122462650496708e-04,4.499999999999992895e-02,9.369311713771071304e-01,9.557721034249317960e-01,7.699999999999990186e-02
0.000000000000000000e+00,9.280000000000000471e-01,3.299999999999998074e-02,4.213893144193039575e+01,5.720571416483218572e-08,1.078940964052014969e-04,4.400000000000003908e-02,9.300796302698608464e-01,9.567788179909979540e-01,7.700000000000001288e-02
0.000000000000000000e+00,9.280000000000000471e-01,3.399999999999998163e-02,4.251801447318327121e+01,5.883565816750061484e-08,1.098739644545052284e-04,4.400000000000003908e-02,9.324677713463428441e-01,9.568363149539360624e-01,7.800000000000001377e-02
0.000000000000000000e+00,9.280000000000000471e-01,3.499999999999998251e-02,4.302050774775103292e+01,6.103431335488123474e-08,1.109855072734845522e-04,4.400000000000003908e-02,9.335695174132263574e-01,9.589730742632532889e-01,7.900000000000001465e-02
0.000000000000000000e+00,9.280000000000000471e-01,3.599999999999997646e-02,4.342709931448560923e+01,6.284478451108583856e-08,1.127641861821836904e-04,4.400000000000003908e-02,9.354008757229177462e-01,9.593128987013035402e-01,8.000000000000001554e-02
0.000000000000000000e+00,9.280000000000000471e-01,3.699999999999997735e-02,4.370028588790317770e+01,6.407879824987344498e-08,1.155327992848220080e-04,4.400000000000003908e-02,9.380435112668639164e-01,9.558540444854903839e-01,8.100000000000001643e-02
0.000000000000000000e+00,9.280000000000000471e-01,3.799999999999997824e-02,4.417625829341737642e+01,6.626144881890769213e-08,1.167726839969084556e-04,4.400000000000003908e-02,9.389175588598072109e-01,9.576776753922700003e-01,8.200000000000001732e-02
0.000000000000000000e+00,9.280000000000000471e-01,3.899999999999997913e-02,4.469010254044025743e+01,6.866001072857077451e-08,1.177393885821965633e-04,4.400000000000003908e-02,9.393404285040245494e-01,9.597389160125631147e-01,8.300000000000001821e-02
0.000000000000000000e+00,9.280000000000000471e-01,3.999999999999997308e-02,4.505113579300915916e+01,7.037255636540783795e-08,1.198440705213186158e-04,4.400000000000003908e-02,9.409910468635482861e-01,9.588047563939950946e-01,8.400000000000001910e-02
0.000000000000000000e+00,9.280000000000000471e-01,4.099999999999997397e-02,4.533938999598360198e+01,7.175805158428962627e-08,1.225262134283313222e-04,4.400000000000003908e-02,9.430107511296179634e-01,9.557328413813100942e-01,8.500000000000001998e-02
0.000000000000000000e+00,9.280000000000000471e-01,4.199999999999997485e-02,4.567974178169648525e+01,7.341511535612420917e-08,1.247808155533600420e-04,4.400000000000003908e-02,9.445320288913003903e-01,9.546843484712518313e-01,8.600000000000002087e-02
0.000000000000000000e+00,9.280000000000000471e-01,4.299999999999997574e-02,4.606596215729880583e+01,7.532172588142268288e-08,1.266597427074815565e-04,4.400000000000003908e-02,9.455965213767336675e-01,9.549021369007275606e-01,8.700000000000002176e-02
0.000000000000000000e+00,9.280000000000000471e-01,4.399999999999997663e-02,4.649284629879399944e+01,7.746019443877326655e-08,1.282081583686284221e-04,4.400000000000003908e-02,9.462449797242452609e-01,9.559022850274851990e-01,8.800000000000002265e-02
0.000000000000000000e+00,9.280000000000000471e-01,4.499999999999997058e-02,4.336258195362336210e+01,6.008848780748493414e-08,1.200389577774987009e-04,4.200000000000003730e-02,9.283713451882937839e-01,9.539140927735669795e-01,8.700000000000000788e-02
0.000000000000000000e+00,9.280000000000000471e-01,4.599999999999997147e-02,4.372057182555366950e+01,6.164987684319203631e-08,1.222356006095823028e-04,4.200000000000003730e-02,9.300287430849754067e-01,9.527723417268261219e-01,8.800000000000000877e-02
0.000000000000000000e+00,9.280000000000000471e-01,4.699999999999997236e-02,4.247602876881285283e+01,5.523444020422048212e-08,1.187806970175295479e-04,4.100000000000014744e-02,9.284829810106665082e-01,9.531312374109455199e-01,8.800000000000011979e-02
0.000000000000000000e+00,9.280000000000000471e-01,4.799999999999996630e-02,4.283898299970419288e+01,5.673427004682400486e-08,1.209503970436375908e-04,4.100000000000014744e-02,9.299386614275956253e-01,9.519287971051982877e-01,8.900000000000010680e-02
0.000000000000000000e+00,9.280000000000000471e-01,4.899999999999996719e-02,4.323688393103110172e+01,5.840478632736850364e-08,1.227908001681744853e-04,4.100000000000014744e-02,9.309612547242891445e-01,9.519721001660701454e-01,9.000000000000010769e-02
0.000000000000000000e+00,9.290000000000000480e-01,1.000000000000000021e-02,4.133788392043305748e+01,5.626227618401798036e-08,1.060588469348972750e-04,5.100000000000015632e-02,9.533924524213235330e-01,9.715715291026306710e-01,6.100000000000015826e-02
0.000000000000000000e+00,9.290000000000000480e-01,1.099999999999999936e-02,4.302988512207488014e+01,6.544318666846382920e-08,9.856620628924784124e-05,5.000000000000004441e-02,9.318631378628823292e-01,9.526506824657965389e-01,6.100000000000004030e-02
0.000000000000000000e+00,9.290000000000000480e-01,1.199999999999999852e-02,4.328553624572032277e+01,6.666088895042417887e-08,1.008388576421255842e-04,5.000000000000004441e-02,9.377722574701524705e-01,9.554738816707213367e-01,6.200000000000004119e-02
0.000000000000000000e+00,9.290000000000000480e-01,1.299999999999999767e-02,4.331930154988064885e+01,6.682323919212174560e-08,1.042384589965890146e-04,5.000000000000004441e-02,9.437607341768786684e-01,9.542343401371905509e-01,6.300000000000004208e-02
0.000000000000000000e+00,9.290000000000000480e-01,1.399999999999999682e-02,4.490921637382708553e+01,7.587732420695433823e-08,9.643668143429723707e-05,4.899999999999993250e-02,9.291659508070992946e-01,9.438182483672021839e-01,6.299999999999993106e-02
0.000000000000000000e+00,9.290000000000000480e-01,1.499999999999999598e-02,4.483094375485765681e+01,7.548438511124809940e-08,9.990035018810453657e-05,4.899999999999993250e-02,9.359799138434025112e-01,9.432621624666047699e-01,6.399999999999993194e-02
0.000000000000000000e+00,9.290000000000000480e-01,1.599999999999999339e-02,4.421681287595983889e+01,7.240196908271703766e-08,8.918050978642849441e-05,4.700000000000015277e-02,9.304319614122213977e-01,9.348997011110539157e-01,6.300000000000013922e-02
0.000000000000000000e+00,9.290000000000000480e-01,1.699999999999999428e-02,4.462131790723262270e+01,7.434152082752570975e-08,9.028911149300826889e-05,4.700000000000015277e-02,9.352063693011127832e-01,9.411396808437699768e-01,6.400000000000014011e-02
0.000000000000000000e+00,9.290000000000000480e-01,1.799999999999999517e-02,4.474586607125399240e+01,7.494548726589295303e-08,9.264021887901501776e-05,4.700000000000015277e-02,9.407333547242746619e-01,9.438619892803877809e-01,6.500000000000014100e-02
0.000000000000000000e+00,9.290000000000000480e-01,1.899999999999999259e-02,4.468848388509135816e+01,7.466539276614947312e-08,9.591025544588897779e-05,4.700000000000015277e-02,9.461062553662291652e-01,9.425876130295847144e-01,6.600000000000014189e-02
0.000000000000000000e+00,9.290000000000000480e-01,1.999999999999999001e-02,4.479991051433583493e+01,7.521280348980891164e-08,9.845493491405208925e-05,4.700000000000015277e-02,9.504746185285751769e-01,9.442808451810064119e-01,6.700000000000014277e-02
0.000000000000000000e+00,9.290000000000000480e-01,2.099999999999999090e-02,4.561852699831862168e+01,7.929703086014249098e-08,9.778703789359557345e-05,4.700000000000015277e-02,9.499286304614160681e-01,9.482256418129562103e-01,6.800000000000014366e-02
0.000000000000000000e+00,9.290000000000000480e-01,2.199999999999999178e-02,4.626982792043592241e+01,8.261343358631466659e-08,9.790976079688553345e-05,4.700000000000015277e-02,9.507937747366550507e-01,9.526186013749802228e-01,6.900000000000014455e-02
0.000000000000000000e+00,9.290000000000000480e-01,2.299999999999998920e-02,4.646533313970276424e+01,8.362283883186458737e-08,1.002009006491760303e-04,4.700000000000015277e-02,9.541637060608202381e-01,9.531602626151115532e-01,7.000000000000014544e-02
0.000000000000000000e+00,9.290000000000000480e-01,2.399999999999998662e-02,4.669476027568781973e+01,8.481900843041671099e-08,1.023580582106421694e-04,4.700000000000015277e-02,9.570692220801656491e-01,9.539966728229856141e-01,7.100000000000014633e-02
0.000000000000000000e+00,9.290000000000000480e-01,2.499999999999998751e-02,4.709252604492598238e+01,8.691709973628034387e-08,1.036896773178716188e-04,4.700000000000015277e-02,9.588935260442806863e-01,9.566779151992332864e-01,7.200000000000014722e-02
0.000000000000000000e+00,9.290000000000000480e-01,2.599999999999998840e-02,4.743358973640783915e+01,8.873882315103357583e-08,1.053339565484800891e-04,4.700000000000015277e-02,9.608217702845402997e-01,9.583349311754806310e-01,7.300000000000014810e-02
0.000000000000000000e+00,9.290000000000000480e-01,2.699999999999998929e-02,4.435045043246930163e+01,7.012773430084329148e-08,1.041826575923161710e-04,4.600000000000004086e-02,9.295562254515783440e-01,9.597241720967537582e-01,7.300000000000003708e-02
0.000000000000000000e+00,9.290000000000000480e-01,2.799999999999998324e-02,4.476879029788517528e+01,7.214070723241760184e-08,1.057421393898127127e-04,4.600000000000004086e-02,9.323796361783036613e-01,9.611082799004186938e-01,7.400000000000002409e-02
0.000000000000000000e+00,9.290000000000000480e-01,2.899999999999998412e-02,4.486317349706837376e+01,7.260011255147131963e-08,1.093039009415017887e-04,4.600000000000004086e-02,9.367173906450293464e-01,9.541537419840675494e-01,7.500000000000002498e-02
0.000000000000000000e+00,9.290000000000000480e-01,2.999999999999998501e-02,4.340075319003418031e+01,6.426220853932742072e-08,1.051571207068696396e-04,4.499999999999992895e-02,9.302321914152005267e-01,9.624540251922604206e-01,7.499999999999991396e-02
0.000000000000000000e+00,9.290000000000000480e-01,3.099999999999998590e-02,4.354871118664995322e+01,6.493757171199922060e-08,1.085825717196266764e-04,4.499999999999992895e-02,9.343436792281917258e-01,9.555218122466481168e-01,7.599999999999991485e-02
0.000000000000000000e+00,9.290000000000000480e-01,3.199999999999997985e-02,4.390255489337498318e+01,6.657206856083356794e-08,1.106122462650496708e-04,4.499999999999992895e-02,9.369311713771071304e-01,9.557721034249317960e-01,7.699999999999990186e-02
0.000000000000000000e+00,9.290000000000000480e-01,3.299999999999998074e-02,4.213893144193039575e+01,5.720571416483218572e-08,1.078940964052014969e-04,4.400000000000003908e-02,9.300796302698608464e-01,9.567788179909979540e-01,7.700000000000001288e-02
0.000000000000000000e+00,9.290000000000000480e-01,3.399999999999998163e-02,4.251801447318327121e+01,5.883565816750061484e-08,1.098739644545052284e-04,4.400000000000003908e-02,9.324677713463428441e-01,9.568363149539360624e-01,7.800000000000001377e-02
0.000000000000000000e+00,9.290000000000000480e-01,3.499999999999998251e-02,4.302050774775103292e+01,6.103431335488123474e-08,1.109855072734845522e-04,4.400000000000003908e-02,9.335695174132263574e-01,9.589730742632532889e-01,7.900000000000001465e-02
0.000000000000000000e+00,9.290000000000000480e-01,3.599999999999997646e-02,4.342709931448560923e+01,6.284478451108583856e-08,1.127641861821836904e-04,4.400000000000003908e-02,9.354008757229177462e-01,9.593128987013035402e-01,8.000000000000001554e-02
0.000000000000000000e+00,9.290000000000000480e-01,3.699999999999997735e-02,4.370028588790317770e+01,6.407879824987344498e-08,1.155327992848220080e-04,4.400000000000003908e-02,9.380435112668639164e-01,9.558540444854903839e-01,8.100000000000001643e-02
0.000000000000000000e+00,9.290000000000000480e-01,3.799999999999997824e-02,4.417625829341737642e+01,6.626144881890769213e-08,1.167726839969084556e-04,4.400000000000003908e-02,9.389175588598072109e-01,9.576776753922700003e-01,8.200000000000001732e-02
0.000000000000000000e+00,9.290000000000000480e-01,3.899999999999997913e-02,4.469010254044025743e+01,6.866001072857077451e-08,1.177393885821965633e-04,4.400000000000003908e-02,9.393404285040245494e-01,9.597389160125631147e-01,8.300000000000001821e-02
0.000000000000000000e+00,9.290000000000000480e-01,3.999999999999997308e-02,4.505113579300915916e+01,7.037255636540783795e-08,1.198440705213186158e-04,4.400000000000003908e-02,9.409910468635482861e-01,9.588047563939950946e-01,8.400000000000001910e-02
0.000000000000000000e+00,9.290000000000000480e-01,4.099999999999997397e-02,4.533938999598360198e+01,7.175805158428962627e-08,1.225262134283313222e-04,4.400000000000003908e-02,9.430107511296179634e-01,9.557328413813100942e-01,8.500000000000001998e-02
0.000000000000000000e+00,9.290000000000000480e-01,4.199999999999997485e-02,4.567974178169648525e+01,7.341511535612420917e-08,1.247808155533600420e-04,4.400000000000003908e-02,9.445320288913003903e-01,9.546843484712518313e-01,8.600000000000002087e-02
0.000000000000000000e+00,9.290000000000000480e-01,4.299999999999997574e-02,4.606596215729880583e+01,7.532172588142268288e-08,1.266597427074815565e-04,4.400000000000003908e-02,9.455965213767336675e-01,9.549021369007275606e-01,8.700000000000002176e-02
0.000000000000000000e+00,9.290000000000000480e-01,4.399999999999997663e-02,4.649284629879399944e+01,7.746019443877326655e-08,1.282081583686284221e-04,4.400000000000003908e-02,9.462449797242452609e-01,9.559022850274851990e-01,8.800000000000002265e-02
0.000000000000000000e+00,9.290000000000000480e-01,4.499999999999997058e-02,4.687621550124862324e+01,7.940858033120603391e-08,1.301139389465409127e-04,4.400000000000003908e-02,9.471687542931513937e-01,9.558717810369011803e-01,8.900000000000000966e-02
0.000000000000000000e+00,9.290000000000000480e-01,4.599999999999997147e-02,4.372057182555366950e+01,6.164987684319203631e-08,1.222356006095823028e-04,4.200000000000003730e-02,9.300287430849754067e-01,9.527723417268261219e-01,8.800000000000000877e-02
0.000000000000000000e+00,9.290000000000000480e-01,4.699999999999997236e-02,4.411664522417650858e+01,6.340391969997922690e-08,1.240884984317081063e-04,4.200000000000003730e-02,9.312296323085089700e-01,9.528809225076165790e-01,8.900000000000000966e-02
0.000000000000000000e+00,9.290000000000000480e-01,4.799999999999996630e-02,4.283898299970419288e+01,5.673427004682400486e-08,1.209503970436375908e-04,4.100000000000014744e-02,9.299386614275956253e-01,9.519287971051982877e-01,8.900000000000010680e-02
0.000000000000000000e+00,9.290000000000000480e-01,4.899999999999996719e-02,4.323688393103110172e+01,5.840478632736850364e-08,1.227908001681744853e-04,4.100000000000014744e-02,9.309612547242891445e-01,9.519721001660701454e-01,9.000000000000010769e-02
0.000000000000000000e+00,9.300000000000000488e-01,1.000000000000000021e-02,4.133788392043305748e+01,5.626227618401798036e-08,1.060588469348972750e-04,5.100000000000015632e-02,9.533924524213235330e-01,9.715715291026306710e-01,6.100000000000015826e-02
0.000000000000000000e+00,9.300000000000000488e-01,1.099999999999999936e-02,4.302988512207488014e+01,6.544318666846382920e-08,9.856620628924784124e-05,5.000000000000004441e-02,9.318631378628823292e-01,9.526506824657965389e-01,6.100000000000004030e-02
0.000000000000000000e+00,9.300000000000000488e-01,1.199999999999999852e-02,4.328553624572032277e+01,6.666088895042417887e-08,1.008388576421255842e-04,5.000000000000004441e-02,9.377722574701524705e-01,9.554738816707213367e-01,6.200000000000004119e-02
0.000000000000000000e+00,9.300000000000000488e-01,1.299999999999999767e-02,4.331930154988064885e+01,6.682323919212174560e-08,1.042384589965890146e-04,5.000000000000004441e-02,9.437607341768786684e-01,9.542343401371905509e-01,6.300000000000004208e-02
0.000000000000000000e+00,9.300000000000000488e-01,1.399999999999999682e-02,4.353743700287787988e+01,6.788150217048555594e-08,1.067456537368569069e-04,5.000000000000004441e-02,9.484055685643741906e-01,9.559677823375096750e-01,6.400000000000004297e-02
0.000000000000000000e+00,9.300000000000000488e-01,1.499999999999999598e-02,4.483094375485765681e+01,7.548438511124809940e-08,9.990035018810453657e-05,4.899999999999993250e-02,9.359799138434025112e-01,9.432621624666047699e-01,6.399999999999993194e-02
0.000000000000000000e+00,9.300000000000000488e-01,1.599999999999999339e-02,4.421681287595983889e+01,7.240196908271703766e-08,8.918050978642849441e-05,4.700000000000015277e-02,9.304319614122213977e-01,9.348997011110539157e-01,6.300000000000013922e-02
0.000000000000000000e+00,9.300000000000000488e-01,1.699999999999999428e-02,4.462131790723262270e+01,7.434152082752570975e-08,9.028911149300826889e-05,4.700000000000015277e-02,9.352063693011127832e-01,9.411396808437699768e-01,6.400000000000014011e-02
0.000000000000000000e+00,9.300000000000000488e-01,1.799999999999999517e-02,4.474586607125399240e+01,7.494548726589295303e-08,9.264021887901501776e-05,4.700000000000015277e-02,9.407333547242746619e-01,9.438619892803877809e-01,6.500000000000014100e-02
0.000000000000000000e+00,9.300000000000000488e-01,1.899999999999999259e-02,4.468848388509135816e+01,7.466539276614947312e-08,9.591025544588897779e-05,4.700000000000015277e-02,9.461062553662291652e-01,9.425876130295847144e-01,6.600000000000014189e-02
0.000000000000000000e+00,9.300000000000000488e-01,1.999999999999999001e-02,4.479991051433583493e+01,7.521280348980891164e-08,9.845493491405208925e-05,4.700000000000015277e-02,9.504746185285751769e-01,9.442808451810064119e-01,6.700000000000014277e-02
0.000000000000000000e+00,9.300000000000000488e-01,2.099999999999999090e-02,4.561852699831862168e+01,7.929703086014249098e-08,9.778703789359557345e-05,4.700000000000015277e-02,9.499286304614160681e-01,9.482256418129562103e-01,6.800000000000014366e-02
0.000000000000000000e+00,9.300000000000000488e-01,2.199999999999999178e-02,4.626982792043592241e+01,8.261343358631466659e-08,9.790976079688553345e-05,4.700000000000015277e-02,9.507937747366550507e-01,9.526186013749802228e-01,6.900000000000014455e-02
0.000000000000000000e+00,9.300000000000000488e-01,2.299999999999998920e-02,4.646533313970276424e+01,8.362283883186458737e-08,1.002009006491760303e-04,4.700000000000015277e-02,9.541637060608202381e-01,9.531602626151115532e-01,7.000000000000014544e-02
0.000000000000000000e+00,9.300000000000000488e-01,2.399999999999998662e-02,4.669476027568781973e+01,8.481900843041671099e-08,1.023580582106421694e-04,4.700000000000015277e-02,9.570692220801656491e-01,9.539966728229856141e-01,7.100000000000014633e-02
0.000000000000000000e+00,9.300000000000000488e-01,2.499999999999998751e-02,4.709252604492598238e+01,8.691709973628034387e-08,1.036896773178716188e-04,4.700000000000015277e-02,9.588935260442806863e-01,9.566779151992332864e-01,7.200000000000014722e-02
0.000000000000000000e+00,9.300000000000000488e-01,2.599999999999998840e-02,4.743358973640783915e+01,8.873882315103357583e-08,1.053339565484800891e-04,4.700000000000015277e-02,9.608217702845402997e-01,9.583349311754806310e-01,7.300000000000014810e-02
0.000000000000000000e+00,9.300000000000000488e-01,2.699999999999998929e-02,4.739997575705660182e+01,8.855775566932407432e-08,1.090918926795120595e-04,4.700000000000015277e-02,9.636972124653616634e-01,9.512337620265074456e-01,7.400000000000014899e-02
0.000000000000000000e+00,9.300000000000000488e-01,2.799999999999998324e-02,4.476879029788517528e+01,7.214070723241760184e-08,1.057421393898127127e-04,4.600000000000004086e-02,9.323796361783036613e-01,9.611082799004186938e-01,7.400000000000002409e-02
0.000000000000000000e+00,9.300000000000000488e-01,2.899999999999998412e-02,4.486317349706837376e+01,7.260011255147131963e-08,1.093039009415017887e-04,4.600000000000004086e-02,9.367173906450293464e-01,9.541537419840675494e-01,7.500000000000002498e-02
0.000000000000000000e+00,9.300000000000000488e-01,2.999999999999998501e-02,4.340075319003418031e+01,6.426220853932742072e-08,1.051571207068696396e-04,4.499999999999992895e-02,9.302321914152005267e-01,9.624540251922604206e-01,7.499999999999991396e-02
0.000000000000000000e+00,9.300000000000000488e-01,3.099999999999998590e-02,4.354871118664995322e+01,6.493757171199922060e-08,1.085825717196266764e-04,4.499999999999992895e-02,9.343436792281917258e-01,9.555218122466481168e-01,7.599999999999991485e-02
0.000000000000000000e+00,9.300000000000000488e-01,3.199999999999997985e-02,4.390255489337498318e+01,6.657206856083356794e-08,1.106122462650496708e-04,4.499999999999992895e-02,9.369311713771071304e-01,9.557721034249317960e-01,7.699999999999990186e-02
0.000000000000000000e+00,9.300000000000000488e-01,3.299999999999998074e-02,4.213893144193039575e+01,5.720571416483218572e-08,1.078940964052014969e-04,4.400000000000003908e-02,9.300796302698608464e-01,9.567788179909979540e-01,7.700000000000001288e-02
0.000000000000000000e+00,9.300000000000000488e-01,3.399999999999998163e-02,4.251801447318327121e+01,5.883565816750061484e-08,1.098739644545052284e-04,4.400000000000003908e-02,9.324677713463428441e-01,9.568363149539360624e-01,7.800000000000001377e-02
0.000000000000000000e+00,9.300000000000000488e-01,3.499999999999998251e-02,4.302050774775103292e+01,6.103431335488123474e-08,1.109855072734845522e-04,4.400000000000003908e-02,9.335695174132263574e-01,9.589730742632532889e-01,7.900000000000001465e-02
0.000000000000000000e+00,9.300000000000000488e-01,3.599999999999997646e-02,4.342709931448560923e+01,6.284478451108583856e-08,1.127641861821836904e-04,4.400000000000003908e-02,9.354008757229177462e-01,9.593128987013035402e-01,8.000000000000001554e-02
0.000000000000000000e+00,9.300000000000000488e-01,3.699999999999997735e-02,4.370028588790317770e+01,6.407879824987344498e-08,1.155327992848220080e-04,4.400000000000003908e-02,9.380435112668639164e-01,9.558540444854903839e-01,8.100000000000001643e-02
0.000000000000000000e+00,9.300000000000000488e-01,3.799999999999997824e-02,4.417625829341737642e+01,6.626144881890769213e-08,1.167726839969084556e-04,4.400000000000003908e-02,9.389175588598072109e-01,9.576776753922700003e-01,8.200000000000001732e-02
0.000000000000000000e+00,9.300000000000000488e-01,3.899999999999997913e-02,4.469010254044025743e+01,6.866001072857077451e-08,1.177393885821965633e-04,4.400000000000003908e-02,9.393404285040245494e-01,9.597389160125631147e-01,8.300000000000001821e-02
0.000000000000000000e+00,9.300000000000000488e-01,3.999999999999997308e-02,4.505113579300915916e+01,7.037255636540783795e-08,1.198440705213186158e-04,4.400000000000003908e-02,9.409910468635482861e-01,9.588047563939950946e-01,8.400000000000001910e-02
0.000000000000000000e+00,9.300000000000000488e-01,4.099999999999997397e-02,4.533938999598360198e+01,7.175805158428962627e-08,1.225262134283313222e-04,4.400000000000003908e-02,9.430107511296179634e-01,9.557328413813100942e-01,8.500000000000001998e-02
0.000000000000000000e+00,9.300000000000000488e-01,4.199999999999997485e-02,4.567974178169648525e+01,7.341511535612420917e-08,1.247808155533600420e-04,4.400000000000003908e-02,9.445320288913003903e-01,9.546843484712518313e-01,8.600000000000002087e-02
0.000000000000000000e+00,9.300000000000000488e-01,4.299999999999997574e-02,4.606596215729880583e+01,7.532172588142268288e-08,1.266597427074815565e-04,4.400000000000003908e-02,9.455965213767336675e-01,9.549021369007275606e-01,8.700000000000002176e-02
0.000000000000000000e+00,9.300000000000000488e-01,4.399999999999997663e-02,4.649284629879399944e+01,7.746019443877326655e-08,1.282081583686284221e-04,4.400000000000003908e-02,9.462449797242452609e-01,9.559022850274851990e-01,8.800000000000002265e-02
0.000000000000000000e+00,9.300000000000000488e-01,4.499999999999997058e-02,4.687621550124862324e+01,7.940858033120603391e-08,1.301139389465409127e-04,4.400000000000003908e-02,9.471687542931513937e-01,9.558717810369011803e-01,8.900000000000000966e-02
0.000000000000000000e+00,9.300000000000000488e-01,4.599999999999997147e-02,4.372057182555366950e+01,6.164987684319203631e-08,1.222356006095823028e-04,4.200000000000003730e-02,9.300287430849754067e-01,9.527723417268261219e-01,8.800000000000000877e-02
0.000000000000000000e+00,9.300000000000000488e-01,4.699999999999997236e-02,4.411664522417650858e+01,6.340391969997922690e-08,1.240884984317081063e-04,4.200000000000003730e-02,9.312296323085089700e-01,9.528809225076165790e-01,8.900000000000000966e-02
0.000000000000000000e+00,9.300000000000000488e-01,4.799999999999996630e-02,4.454677226303999049e+01,6.533939420289776942e-08,1.256373128288760068e-04,4.200000000000003730e-02,9.320171131520660346e-01,9.537798268823008963e-01,8.999999999999999667e-02
0.000000000000000000e+00,9.300000000000000488e-01,4.899999999999996719e-02,4.323688393103110172e+01,5.840478632736850364e-08,1.227908001681744853e-04,4.100000000000014744e-02,9.309612547242891445e-01,9.519721001660701454e-01,9.000000000000010769e-02
0.000000000000000000e+00,9.310000000000000497e-01,1.000000000000000021e-02,4.133788392043305748e+01,5.626227618401798036e-08,1.060588469348972750e-04,5.100000000000015632e-02,9.533924524213235330e-01,9.715715291026306710e-01,6.100000000000015826e-02
0.000000000000000000e+00,9.310000000000000497e-01,1.099999999999999936e-02,4.302988512207488014e+01,6.544318666846382920e-08,9.856620628924784124e-05,5.000000000000004441e-02,9.318631378628823292e-01,9.526506824657965389e-01,6.100000000000004030e-02
0.000000000000000000e+00,9.310000000000000497e-01,1.199999999999999852e-02,4.328553624572032277e+01,6.666088895042417887e-08,1.008388576421255842e-04,5.000000000000004441e-02,9.377722574701524705e-01,9.554738816707213367e-01,6.200000000000004119e-02
0.000000000000000000e+00,9.310000000000000497e-01,1.299999999999999767e-02,4.331930154988064885e+01,6.682323919212174560e-08,1.042384589965890146e-04,5.000000000000004441e-02,9.437607341768786684e-01,9.542343401371905509e-01,6.300000000000004208e-02
0.000000000000000000e+00,9.310000000000000497e-01,1.399999999999999682e-02,4.353743700287787988e+01,6.788150217048555594e-08,1.067456537368569069e-04,5.000000000000004441e-02,9.484055685643741906e-01,9.559677823375096750e-01,6.400000000000004297e-02
0.000000000000000000e+00,9.310000000000000497e-01,1.499999999999999598e-02,4.483094375485765681e+01,7.548438511124809940e-08,9.990035018810453657e-05,4.899999999999993250e-02,9.359799138434025112e-01,9.432621624666047699e-01,6.399999999999993194e-02
0.000000000000000000e+00,9.310000000000000497e-01,1.599999999999999339e-02,4.523062925235623055e+01,7.775235857112887422e-08,9.403766871012307670e-05,4.800000000000004263e-02,9.345294741500296265e-01,9.422175259467339137e-01,6.400000000000002909e-02
0.000000000000000000e+00,9.310000000000000497e-01,1.699999999999999428e-02,4.462131790723262270e+01,7.434152082752570975e-08,9.028911149300826889e-05,4.700000000000015277e-02,9.352063693011127832e-01,9.411396808437699768e-01,6.400000000000014011e-02
0.000000000000000000e+00,9.310000000000000497e-01,1.799999999999999517e-02,4.474586607125399240e+01,7.494548726589295303e-08,9.264021887901501776e-05,4.700000000000015277e-02,9.407333547242746619e-01,9.438619892803877809e-01,6.500000000000014100e-02
0.000000000000000000e+00,9.310000000000000497e-01,1.899999999999999259e-02,4.468848388509135816e+01,7.466539276614947312e-08,9.591025544588897779e-05,4.700000000000015277e-02,9.461062553662291652e-01,9.425876130295847144e-01,6.600000000000014189e-02
0.000000000000000000e+00,9.310000000000000497e-01,1.999999999999999001e-02,4.479991051433583493e+01,7.521280348980891164e-08,9.845493491405208925e-05,4.700000000000015277e-02,9.504746185285751769e-01,9.442808451810064119e-01,6.700000000000014277e-02
0.000000000000000000e+00,9.310000000000000497e-01,2.099999999999999090e-02,4.561852699831862168e+01,7.929703086014249098e-08,9.778703789359557345e-05,4.700000000000015277e-02,9.499286304614160681e-01,9.482256418129562103e-01,6.800000000000014366e-02
0.000000000000000000e+00,9.310000000000000497e-01,2.199999999999999178e-02,4.626982792043592241e+01,8.261343358631466659e-08,9.790976079688553345e-05,4.700000000000015277e-02,9.507937747366550507e-01,9.526186013749802228e-01,6.900000000000014455e-02
0.000000000000000000e+00,9.310000000000000497e-01,2.299999999999998920e-02,4.646533313970276424e+01,8.362283883186458737e-08,1.002009006491760303e-04,4.700000000000015277e-02,9.541637060608202381e-01,9.531602626151115532e-01,7.000000000000014544e-02
0.000000000000000000e+00,9.310000000000000497e-01,2.399999999999998662e-02,4.669476027568781973e+01,8.481900843041671099e-08,1.023580582106421694e-04,4.700000000000015277e-02,9.570692220801656491e-01,9.539966728229856141e-01,7.100000000000014633e-02
0.000000000000000000e+00,9.310000000000000497e-01,2.499999999999998751e-02,4.709252604492598238e+01,8.691709973628034387e-08,1.036896773178716188e-04,4.700000000000015277e-02,9.588935260442806863e-01,9.566779151992332864e-01,7.200000000000014722e-02
0.000000000000000000e+00,9.310000000000000497e-01,2.599999999999998840e-02,4.743358973640783915e+01,8.873882315103357583e-08,1.053339565484800891e-04,4.700000000000015277e-02,9.608217702845402997e-01,9.583349311754806310e-01,7.300000000000014810e-02
0.000000000000000000e+00,9.310000000000000497e-01,2.699999999999998929e-02,4.739997575705660182e+01,8.855775566932407432e-08,1.090918926795120595e-04,4.700000000000015277e-02,9.636972124653616634e-01,9.512337620265074456e-01,7.400000000000014899e-02
0.000000000000000000e+00,9.310000000000000497e-01,2.799999999999998324e-02,4.476879029788517528e+01,7.214070723241760184e-08,1.057421393898127127e-04,4.600000000000004086e-02,9.323796361783036613e-01,9.611082799004186938e-01,7.400000000000002409e-02
0.000000000000000000e+00,9.310000000000000497e-01,2.899999999999998412e-02,4.486317349706837376e+01,7.260011255147131963e-08,1.093039009415017887e-04,4.600000000000004086e-02,9.367173906450293464e-01,9.541537419840675494e-01,7.500000000000002498e-02
0.000000000000000000e+00,9.310000000000000497e-01,2.999999999999998501e-02,4.519015473369118752e+01,7.420838842587181064e-08,1.113867896576062246e-04,4.600000000000004086e-02,9.395488381474708106e-01,9.546171866695503105e-01,7.600000000000002587e-02
0.000000000000000000e+00,9.310000000000000497e-01,3.099999999999998590e-02,4.354871118664995322e+01,6.493757171199922060e-08,1.085825717196266764e-04,4.499999999999992895e-02,9.343436792281917258e-01,9.555218122466481168e-01,7.599999999999991485e-02
0.000000000000000000e+00,9.310000000000000497e-01,3.199999999999997985e-02,4.390255489337498318e+01,6.657206856083356794e-08,1.106122462650496708e-04,4.499999999999992895e-02,9.369311713771071304e-01,9.557721034249317960e-01,7.699999999999990186e-02
0.000000000000000000e+00,9.310000000000000497e-01,3.299999999999998074e-02,4.439565959578047227e+01,6.888653164912673596e-08,1.117263622238502327e-04,4.499999999999992895e-02,9.382045200760434911e-01,9.580998831697902229e-01,7.799999999999990274e-02
0.000000000000000000e+00,9.310000000000000497e-01,3.399999999999998163e-02,4.251801447318327121e+01,5.883565816750061484e-08,1.098739644545052284e-04,4.400000000000003908e-02,9.324677713463428441e-01,9.568363149539360624e-01,7.800000000000001377e-02
0.000000000000000000e+00,9.310000000000000497e-01,3.499999999999998251e-02,4.302050774775103292e+01,6.103431335488123474e-08,1.109855072734845522e-04,4.400000000000003908e-02,9.335695174132263574e-01,9.589730742632532889e-01,7.900000000000001465e-02
0.000000000000000000e+00,9.310000000000000497e-01,3.599999999999997646e-02,4.342709931448560923e+01,6.284478451108583856e-08,1.127641861821836904e-04,4.400000000000003908e-02,9.354008757229177462e-01,9.593128987013035402e-01,8.000000000000001554e-02
0.000000000000000000e+00,9.310000000000000497e-01,3.699999999999997735e-02,4.370028588790317770e+01,6.407879824987344498e-08,1.155327992848220080e-04,4.400000000000003908e-02,9.380435112668639164e-01,9.558540444854903839e-01,8.100000000000001643e-02
0.000000000000000000e+00,9.310000000000000497e-01,3.799999999999997824e-02,4.417625829341737642e+01,6.626144881890769213e-08,1.167726839969084556e-04,4.400000000000003908e-02,9.389175588598072109e-01,9.576776753922700003e-01,8.200000000000001732e-02
0.000000000000000000e+00,9.310000000000000497e-01,3.899999999999997913e-02,4.469010254044025743e+01,6.866001072857077451e-08,1.177393885821965633e-04,4.400000000000003908e-02,9.393404285040245494e-01,9.597389160125631147e-01,8.300000000000001821e-02
0.000000000000000000e+00,9.310000000000000497e-01,3.999999999999997308e-02,4.505113579300915916e+01,7.037255636540783795e-08,1.198440705213186158e-04,4.400000000000003908e-02,9.409910468635482861e-01,9.588047563939950946e-01,8.400000000000001910e-02
0.000000000000000000e+00,9.310000000000000497e-01,4.099999999999997397e-02,4.533938999598360198e+01,7.175805158428962627e-08,1.225262134283313222e-04,4.400000000000003908e-02,9.430107511296179634e-01,9.557328413813100942e-01,8.500000000000001998e-02
0.000000000000000000e+00,9.310000000000000497e-01,4.199999999999997485e-02,4.567974178169648525e+01,7.341511535612420917e-08,1.247808155533600420e-04,4.400000000000003908e-02,9.445320288913003903e-01,9.546843484712518313e-01,8.600000000000002087e-02
0.000000000000000000e+00,9.310000000000000497e-01,4.299999999999997574e-02,4.606596215729880583e+01,7.532172588142268288e-08,1.266597427074815565e-04,4.400000000000003908e-02,9.455965213767336675e-01,9.549021369007275606e-01,8.700000000000002176e-02
0.000000000000000000e+00,9.310000000000000497e-01,4.399999999999997663e-02,4.649284629879399944e+01,7.746019443877326655e-08,1.282081583686284221e-04,4.400000000000003908e-02,9.462449797242452609e-01,9.559022850274851990e-01,8.800000000000002265e-02
0.000000000000000000e+00,9.310000000000000497e-01,4.499999999999997058e-02,4.687621550124862324e+01,7.940858033120603391e-08,1.301139389465409127e-04,4.400000000000003908e-02,9.471687542931513937e-01,9.558717810369011803e-01,8.900000000000000966e-02
0.000000000000000000e+00,9.310000000000000497e-01,4.599999999999997147e-02,4.729851506419240081e+01,8.158548874118004290e-08,1.316944256680474578e-04,4.400000000000003908e-02,9.477063211655005759e-01,9.566491886780121856e-01,9.000000000000001055e-02
0.000000000000000000e+00,9.310000000000000497e-01,4.699999999999997236e-02,4.411664522417650858e+01,6.340391969997922690e-08,1.240884984317081063e-04,4.200000000000003730e-02,9.312296323085089700e-01,9.528809225076165790e-01,8.900000000000000966e-02
0.000000000000000000e+00,9.310000000000000497e-01,4.799999999999996630e-02,4.454677226303999049e+01,6.533939420289776942e-08,1.256373128288760068e-04,4.200000000000003730e-02,9.320171131520660346e-01,9.537798268823008963e-01,8.999999999999999667e-02
0.000000000000000000e+00,9.310000000000000497e-01,4.899999999999996719e-02,4.493930174622883555e+01,6.713357991439940219e-08,1.275176140960745887e-04,4.200000000000003730e-02,9.330765572837410593e-01,9.536633282409446855e-01,9.099999999999999756e-02
0.000000000000000000e+00,9.320000000000000506e-01,1.000000000000000021e-02,4.133788392043305748e+01,5.626227618401798036e-08,1.060588469348972750e-04,5.100000000000015632e-02,9.533924524213235330e-01,9.715715291026306710e-01,6.100000000000015826e-02
0.000000000000000000e+00,9.320000000000000506e-01,1.099999999999999936e-02,4.150942226104371713e+01,5.703596645864353651e-08,1.093303754466008770e-04,5.100000000000015632e-02,9.577124754347009494e-01,9.690867052876296350e-01,6.200000000000015221e-02
0.000000000000000000e+00,9.320000000000000506e-01,1.199999999999999852e-02,4.328553624572032277e+01,6.666088895042417887e-08,1.008388576421255842e-04,5.000000000000004441e-02,9.377722574701524705e-01,9.554738816707213367e-01,6.200000000000004119e-02
0.000000000000000000e+00,9.320000000000000506e-01,1.299999999999999767e-02,4.331930154988064885e+01,6.682323919212174560e-08,1.042384589965890146e-04,5.000000000000004441e-02,9.437607341768786684e-01,9.542343401371905509e-01,6.300000000000004208e-02
0.000000000000000000e+00,9.320000000000000506e-01,1.399999999999999682e-02,4.353743700287787988e+01,6.788150217048555594e-08,1.067456537368569069e-04,5.000000000000004441e-02,9.484055685643741906e-01,9.559677823375096750e-01,6.400000000000004297e-02
0.000000000000000000e+00,9.320000000000000506e-01,1.499999999999999598e-02,4.483094375485765681e+01,7.548438511124809940e-08,9.990035018810453657e-05,4.899999999999993250e-02,9.359799138434025112e-01,9.432621624666047699e-01,6.399999999999993194e-02
0.000000000000000000e+00,9.320000000000000506e-01,1.599999999999999339e-02,4.523062925235623055e+01,7.775235857112887422e-08,9.403766871012307670e-05,4.800000000000004263e-02,9.345294741500296265e-01,9.422175259467339137e-01,6.400000000000002909e-02
0.000000000000000000e+00,9.320000000000000506e-01,1.699999999999999428e-02,4.462131790723262270e+01,7.434152082752570975e-08,9.028911149300826889e-05,4.700000000000015277e-02,9.352063693011127832e-01,9.411396808437699768e-01,6.400000000000014011e-02
0.000000000000000000e+00,9.320000000000000506e-01,1.799999999999999517e-02,4.474586607125399240e+01,7.494548726589295303e-08,9.264021887901501776e-05,4.700000000000015277e-02,9.407333547242746619e-01,9.438619892803877809e-01,6.500000000000014100e-02
0.000000000000000000e+00,9.320000000000000506e-01,1.899999999999999259e-02,4.468848388509135816e+01,7.466539276614947312e-08,9.591025544588897779e-05,4.700000000000015277e-02,9.461062553662291652e-01,9.425876130295847144e-01,6.600000000000014189e-02
0.000000000000000000e+00,9.320000000000000506e-01,1.999999999999999001e-02,4.479991051433583493e+01,7.521280348980891164e-08,9.845493491405208925e-05,4.700000000000015277e-02,9.504746185285751769e-01,9.442808451810064119e-01,6.700000000000014277e-02
0.000000000000000000e+00,9.320000000000000506e-01,2.099999999999999090e-02,4.561852699831862168e+01,7.929703086014249098e-08,9.778703789359557345e-05,4.700000000000015277e-02,9.499286304614160681e-01,9.482256418129562103e-01,6.800000000000014366e-02
0.000000000000000000e+00,9.320000000000000506e-01,2.199999999999999178e-02,4.626982792043592241e+01,8.261343358631466659e-08,9.790976079688553345e-05,4.700000000000015277e-02,9.507937747366550507e-01,9.526186013749802228e-01,6.900000000000014455e-02
0.000000000000000000e+00,9.320000000000000506e-01,2.299999999999998920e-02,4.646533313970276424e+01,8.362283883186458737e-08,1.002009006491760303e-04,4.700000000000015277e-02,9.541637060608202381e-01,9.531602626151115532e-01,7.000000000000014544e-02
0.000000000000000000e+00,9.320000000000000506e-01,2.399999999999998662e-02,4.669476027568781973e+01,8.481900843041671099e-08,1.023580582106421694e-04,4.700000000000015277e-02,9.570692220801656491e-01,9.539966728229856141e-01,7.100000000000014633e-02
0.000000000000000000e+00,9.320000000000000506e-01,2.499999999999998751e-02,4.709252604492598238e+01,8.691709973628034387e-08,1.036896773178716188e-04,4.700000000000015277e-02,9.588935260442806863e-01,9.566779151992332864e-01,7.200000000000014722e-02
0.000000000000000000e+00,9.320000000000000506e-01,2.599999999999998840e-02,4.743358973640783915e+01,8.873882315103357583e-08,1.053339565484800891e-04,4.700000000000015277e-02,9.608217702845402997e-01,9.583349311754806310e-01,7.300000000000014810e-02
0.000000000000000000e+00,9.320000000000000506e-01,2.699999999999998929e-02,4.739997575705660182e+01,8.855775566932407432e-08,1.090918926795120595e-04,4.700000000000015277e-02,9.636972124653616634e-01,9.512337620265074456e-01,7.400000000000014899e-02
0.000000000000000000e+00,9.320000000000000506e-01,2.799999999999998324e-02,4.476879029788517528e+01,7.214070723241760184e-08,1.057421393898127127e-04,4.600000000000004086e-02,9.323796361783036613e-01,9.611082799004186938e-01,7.400000000000002409e-02
0.000000000000000000e+00,9.320000000000000506e-01,2.899999999999998412e-02,4.486317349706837376e+01,7.260011255147131963e-08,1.093039009415017887e-04,4.600000000000004086e-02,9.367173906450293464e-01,9.541537419840675494e-01,7.500000000000002498e-02
0.000000000000000000e+00,9.320000000000000506e-01,2.999999999999998501e-02,4.519015473369118752e+01,7.420838842587181064e-08,1.113867896576062246e-04,4.600000000000004086e-02,9.395488381474708106e-01,9.546171866695503105e-01,7.600000000000002587e-02
0.000000000000000000e+00,9.320000000000000506e-01,3.099999999999998590e-02,4.354871118664995322e+01,6.493757171199922060e-08,1.085825717196266764e-04,4.499999999999992895e-02,9.343436792281917258e-01,9.555218122466481168e-01,7.599999999999991485e-02
0.000000000000000000e+00,9.320000000000000506e-01,3.199999999999997985e-02,4.390255489337498318e+01,6.657206856083356794e-08,1.106122462650496708e-04,4.499999999999992895e-02,9.369311713771071304e-01,9.557721034249317960e-01,7.699999999999990186e-02
0.000000000000000000e+00,9.320000000000000506e-01,3.299999999999998074e-02,4.439565959578047227e+01,6.888653164912673596e-08,1.117263622238502327e-04,4.499999999999992895e-02,9.382045200760434911e-01,9.580998831697902229e-01,7.799999999999990274e-02
0.000000000000000000e+00,9.320000000000000506e-01,3.399999999999998163e-02,4.251801447318327121e+01,5.883565816750061484e-08,1.098739644545052284e-04,4.400000000000003908e-02,9.324677713463428441e-01,9.568363149539360624e-01,7.800000000000001377e-02
0.000000000000000000e+00,9.320000000000000506e-01,3.499999999999998251e-02,4.302050774775103292e+01,6.103431335488123474e-08,1.109855072734845522e-04,4.400000000000003908e-02,9.335695174132263574e-01,9.589730742632532889e-01,7.900000000000001465e-02
0.000000000000000000e+00,9.320000000000000506e-01,3.599999999999997646e-02,4.342709931448560923e+01,6.284478451108583856e-08,1.127641861821836904e-04,4.400000000000003908e-02,9.354008757229177462e-01,9.593128987013035402e-01,8.000000000000001554e-02
0.000000000000000000e+00,9.320000000000000506e-01,3.699999999999997735e-02,4.370028588790317770e+01,6.407879824987344498e-08,1.155327992848220080e-04,4.400000000000003908e-02,9.380435112668639164e-01,9.558540444854903839e-01,8.100000000000001643e-02
0.000000000000000000e+00,9.320000000000000506e-01,3.799999999999997824e-02,4.417625829341737642e+01,6.626144881890769213e-08,1.167726839969084556e-04,4.400000000000003908e-02,9.389175588598072109e-01,9.576776753922700003e-01,8.200000000000001732e-02
0.000000000000000000e+00,9.320000000000000506e-01,3.899999999999997913e-02,4.469010254044025743e+01,6.866001072857077451e-08,1.177393885821965633e-04,4.400000000000003908e-02,9.393404285040245494e-01,9.597389160125631147e-01,8.300000000000001821e-02
0.000000000000000000e+00,9.320000000000000506e-01,3.999999999999997308e-02,4.505113579300915916e+01,7.037255636540783795e-08,1.198440705213186158e-04,4.400000000000003908e-02,9.409910468635482861e-01,9.588047563939950946e-01,8.400000000000001910e-02
0.000000000000000000e+00,9.320000000000000506e-01,4.099999999999997397e-02,4.533938999598360198e+01,7.175805158428962627e-08,1.225262134283313222e-04,4.400000000000003908e-02,9.430107511296179634e-01,9.557328413813100942e-01,8.500000000000001998e-02
0.000000000000000000e+00,9.320000000000000506e-01,4.199999999999997485e-02,4.567974178169648525e+01,7.341511535612420917e-08,1.247808155533600420e-04,4.400000000000003908e-02,9.445320288913003903e-01,9.546843484712518313e-01,8.600000000000002087e-02
0.000000000000000000e+00,9.320000000000000506e-01,4.299999999999997574e-02,4.606596215729880583e+01,7.532172588142268288e-08,1.266597427074815565e-04,4.400000000000003908e-02,9.455965213767336675e-01,9.549021369007275606e-01,8.700000000000002176e-02
0.000000000000000000e+00,9.320000000000000506e-01,4.399999999999997663e-02,4.649284629879399944e+01,7.746019443877326655e-08,1.282081583686284221e-04,4.400000000000003908e-02,9.462449797242452609e-01,9.559022850274851990e-01,8.800000000000002265e-02
0.000000000000000000e+00,9.320000000000000506e-01,4.499999999999997058e-02,4.687621550124862324e+01,7.940858033120603391e-08,1.301139389465409127e-04,4.400000000000003908e-02,9.471687542931513937e-01,9.558717810369011803e-01,8.900000000000000966e-02
0.000000000000000000e+00,9.320000000000000506e-01,4.599999999999997147e-02,4.729851506419240081e+01,8.158548874118004290e-08,1.316944256680474578e-04,4.400000000000003908e-02,9.477063211655005759e-01,9.566491886780121856e-01,9.000000000000001055e-02
0.000000000000000000e+00,9.320000000000000506e-01,4.699999999999997236e-02,4.764842959992578386e+01,8.341404448216177496e-08,1.338909752455306340e-04,4.400000000000003908e-02,9.487337447925417999e-01,9.556161228405547492e-01,9.100000000000001144e-02
0.000000000000000000e+00,9.320000000000000506e-01,4.799999999999996630e-02,4.454677226303999049e+01,6.533939420289776942e-08,1.256373128288760068e-04,4.200000000000003730e-02,9.320171131520660346e-01,9.537798268823008963e-01,8.999999999999999667e-02
0.000000000000000000e+00,9.320000000000000506e-01,4.899999999999996719e-02,4.493930174622883555e+01,6.713357991439940219e-08,1.275176140960745887e-04,4.200000000000003730e-02,9.330765572837410593e-01,9.536633282409446855e-01,9.099999999999999756e-02
0.000000000000000000e+00,9.330000000000000515e-01,1.000000000000000021e-02,4.133788392043305748e+01,5.626227618401798036e-08,1.060588469348972750e-04,5.100000000000015632e-02,9.533924524213235330e-01,9.715715291026306710e-01,6.100000000000015826e-02
0.000000000000000000e+00,9.330000000000000515e-01,1.099999999999999936e-02,4.150942226104371713e+01,5.703596645864353651e-08,1.093303754466008770e-04,5.100000000000015632e-02,9.577124754347009494e-01,9.690867052876296350e-01,6.200000000000015221e-02
0.000000000000000000e+00,9.330000000000000515e-01,1.199999999999999852e-02,4.328553624572032277e+01,6.666088895042417887e-08,1.008388576421255842e-04,5.000000000000004441e-02,9.377722574701524705e-01,9.554738816707213367e-01,6.200000000000004119e-02
0.000000000000000000e+00,9.330000000000000515e-01,1.299999999999999767e-02,4.331930154988064885e+01,6.682323919212174560e-08,1.042384589965890146e-04,5.000000000000004441e-02,9.437607341768786684e-01,9.542343401371905509e-01,6.300000000000004208e-02
0.000000000000000000e+00,9.330000000000000515e-01,1.399999999999999682e-02,4.353743700287787988e+01,6.788150217048555594e-08,1.067456537368569069e-04,5.000000000000004441e-02,9.484055685643741906e-01,9.559677823375096750e-01,6.400000000000004297e-02
0.000000000000000000e+00,9.330000000000000515e-01,1.499999999999999598e-02,4.483094375485765681e+01,7.548438511124809940e-08,9.990035018810453657e-05,4.899999999999993250e-02,9.359799138434025112e-01,9.432621624666047699e-01,6.399999999999993194e-02
0.000000000000000000e+00,9.330000000000000515e-01,1.599999999999999339e-02,4.523062925235623055e+01,7.775235857112887422e-08,9.403766871012307670e-05,4.800000000000004263e-02,9.345294741500296265e-01,9.422175259467339137e-01,6.400000000000002909e-02
0.000000000000000000e+00,9.330000000000000515e-01,1.699999999999999428e-02,4.462131790723262270e+01,7.434152082752570975e-08,9.028911149300826889e-05,4.700000000000015277e-02,9.352063693011127832e-01,9.411396808437699768e-01,6.400000000000014011e-02
0.000000000000000000e+00,9.330000000000000515e-01,1.799999999999999517e-02,4.474586607125399240e+01,7.494548726589295303e-08,9.264021887901501776e-05,4.700000000000015277e-02,9.407333547242746619e-01,9.438619892803877809e-01,6.500000000000014100e-02
0.000000000000000000e+00,9.330000000000000515e-01,1.899999999999999259e-02,4.468848388509135816e+01,7.466539276614947312e-08,9.591025544588897779e-05,4.700000000000015277e-02,9.461062553662291652e-01,9.425876130295847144e-01,6.600000000000014189e-02
0.000000000000000000e+00,9.330000000000000515e-01,1.999999999999999001e-02,4.479991051433583493e+01,7.521280348980891164e-08,9.845493491405208925e-05,4.700000000000015277e-02,9.504746185285751769e-01,9.442808451810064119e-01,6.700000000000014277e-02
0.000000000000000000e+00,9.330000000000000515e-01,2.099999999999999090e-02,4.561852699831862168e+01,7.929703086014249098e-08,9.778703789359557345e-05,4.700000000000015277e-02,9.499286304614160681e-01,9.482256418129562103e-01,6.800000000000014366e-02
0.000000000000000000e+00,9.330000000000000515e-01,2.199999999999999178e-02,4.626982792043592241e+01,8.261343358631466659e-08,9.790976079688553345e-05,4.700000000000015277e-02,9.507937747366550507e-01,9.526186013749802228e-01,6.900000000000014455e-02
0.000000000000000000e+00,9.330000000000000515e-01,2.299999999999998920e-02,4.646533313970276424e+01,8.362283883186458737e-08,1.002009006491760303e-04,4.700000000000015277e-02,9.541637060608202381e-01,9.531602626151115532e-01,7.000000000000014544e-02
0.000000000000000000e+00,9.330000000000000515e-01,2.399999999999998662e-02,4.669476027568781973e+01,8.481900843041671099e-08,1.023580582106421694e-04,4.700000000000015277e-02,9.570692220801656491e-01,9.539966728229856141e-01,7.100000000000014633e-02
0.000000000000000000e+00,9.330000000000000515e-01,2.499999999999998751e-02,4.709252604492598238e+01,8.691709973628034387e-08,1.036896773178716188e-04,4.700000000000015277e-02,9.588935260442806863e-01,9.566779151992332864e-01,7.200000000000014722e-02
0.000000000000000000e+00,9.330000000000000515e-01,2.599999999999998840e-02,4.743358973640783915e+01,8.873882315103357583e-08,1.053339565484800891e-04,4.700000000000015277e-02,9.608217702845402997e-01,9.583349311754806310e-01,7.300000000000014810e-02
0.000000000000000000e+00,9.330000000000000515e-01,2.699999999999998929e-02,4.739997575705660182e+01,8.855775566932407432e-08,1.090918926795120595e-04,4.700000000000015277e-02,9.636972124653616634e-01,9.512337620265074456e-01,7.400000000000014899e-02
0.000000000000000000e+00,9.330000000000000515e-01,2.799999999999998324e-02,4.764773410298065670e+01,8.990255914930106747e-08,1.112715454847488681e-04,4.700000000000015277e-02,9.655995769422257569e-01,9.519506792739999002e-01,7.500000000000013600e-02
0.000000000000000000e+00,9.330000000000000515e-01,2.899999999999998412e-02,4.486317349706837376e+01,7.260011255147131963e-08,1.093039009415017887e-04,4.600000000000004086e-02,9.367173906450293464e-01,9.541537419840675494e-01,7.500000000000002498e-02
0.000000000000000000e+00,9.330000000000000515e-01,2.999999999999998501e-02,4.519015473369118752e+01,7.420838842587181064e-08,1.113867896576062246e-04,4.600000000000004086e-02,9.395488381474708106e-01,9.546171866695503105e-01,7.600000000000002587e-02
0.000000000000000000e+00,9.330000000000000515e-01,3.099999999999998590e-02,4.354871118664995322e+01,6.493757171199922060e-08,1.085825717196266764e-04,4.499999999999992895e-02,9.343436792281917258e-01,9.555218122466481168e-01,7.599999999999991485e-02
0.000000000000000000e+00,9.330000000000000515e-01,3.199999999999997985e-02,4.390255489337498318e+01,6.657206856083356794e-08,1.106122462650496708e-04,4.499999999999992895e-02,9.369311713771071304e-01,9.557721034249317960e-01,7.699999999999990186e-02
0.000000000000000000e+00,9.330000000000000515e-01,3.299999999999998074e-02,4.439565959578047227e+01,6.888653164912673596e-08,1.117263622238502327e-04,4.499999999999992895e-02,9.382045200760434911e-01,9.580998831697902229e-01,7.799999999999990274e-02
0.000000000000000000e+00,9.330000000000000515e-01,3.399999999999998163e-02,4.478294795018293684e+01,7.073385294507232155e-08,1.135398788099253013e-04,4.499999999999992895e-02,9.401878108915420196e-01,9.586021170986831486e-01,7.899999999999990363e-02
0.000000000000000000e+00,9.330000000000000515e-01,3.499999999999998251e-02,4.302050774775103292e+01,6.103431335488123474e-08,1.109855072734845522e-04,4.400000000000003908e-02,9.335695174132263574e-01,9.589730742632532889e-01,7.900000000000001465e-02
0.000000000000000000e+00,9.330000000000000515e-01,3.599999999999997646e-02,4.342709931448560923e+01,6.284478451108583856e-08,1.127641861821836904e-04,4.400000000000003908e-02,9.354008757229177462e-01,9.593128987013035402e-01,8.000000000000001554e-02
0.000000000000000000e+00,9.330000000000000515e-01,3.699999999999997735e-02,4.370028588790317770e+01,6.407879824987344498e-08,1.155327992848220080e-04,4.400000000000003908e-02,9.380435112668639164e-01,9.558540444854903839e-01,8.100000000000001643e-02
0.000000000000000000e+00,9.330000000000000515e-01,3.799999999999997824e-02,4.417625829341737642e+01,6.626144881890769213e-08,1.167726839969084556e-04,4.400000000000003908e-02,9.389175588598072109e-01,9.576776753922700003e-01,8.200000000000001732e-02
0.000000000000000000e+00,9.330000000000000515e-01,3.899999999999997913e-02,4.469010254044025743e+01,6.866001072857077451e-08,1.177393885821965633e-04,4.400000000000003908e-02,9.393404285040245494e-01,9.597389160125631147e-01,8.300000000000001821e-02
0.000000000000000000e+00,9.330000000000000515e-01,3.999999999999997308e-02,4.505113579300915916e+01,7.037255636540783795e-08,1.198440705213186158e-04,4.400000000000003908e-02,9.409910468635482861e-01,9.588047563939950946e-01,8.400000000000001910e-02
0.000000000000000000e+00,9.330000000000000515e-01,4.099999999999997397e-02,4.533938999598360198e+01,7.175805158428962627e-08,1.225262134283313222e-04,4.400000000000003908e-02,9.430107511296179634e-01,9.557328413813100942e-01,8.500000000000001998e-02
0.000000000000000000e+00,9.330000000000000515e-01,4.199999999999997485e-02,4.567974178169648525e+01,7.341511535612420917e-08,1.247808155533600420e-04,4.400000000000003908e-02,9.445320288913003903e-01,9.546843484712518313e-01,8.600000000000002087e-02
0.000000000000000000e+00,9.330000000000000515e-01,4.299999999999997574e-02,4.606596215729880583e+01,7.532172588142268288e-08,1.266597427074815565e-04,4.400000000000003908e-02,9.455965213767336675e-01,9.549021369007275606e-01,8.700000000000002176e-02
0.000000000000000000e+00,9.330000000000000515e-01,4.399999999999997663e-02,4.649284629879399944e+01,7.746019443877326655e-08,1.282081583686284221e-04,4.400000000000003908e-02,9.462449797242452609e-01,9.559022850274851990e-01,8.800000000000002265e-02
0.000000000000000000e+00,9.330000000000000515e-01,4.499999999999997058e-02,4.687621550124862324e+01,7.940858033120603391e-08,1.301139389465409127e-04,4.400000000000003908e-02,9.471687542931513937e-01,9.558717810369011803e-01,8.900000000000000966e-02
0.000000000000000000e+00,9.330000000000000515e-01,4.599999999999997147e-02,4.729851506419240081e+01,8.158548874118004290e-08,1.316944256680474578e-04,4.400000000000003908e-02,9.477063211655005759e-01,9.566491886780121856e-01,9.000000000000001055e-02
0.000000000000000000e+00,9.330000000000000515e-01,4.699999999999997236e-02,4.764842959992578386e+01,8.341404448216177496e-08,1.338909752455306340e-04,4.400000000000003908e-02,9.487337447925417999e-01,9.556161228405547492e-01,9.100000000000001144e-02
0.000000000000000000e+00,9.330000000000000515e-01,4.799999999999996630e-02,4.792412014935139553e+01,8.487206144943645290e-08,1.367569062326749784e-04,4.400000000000003908e-02,9.501639637047668563e-01,9.521940273461259041e-01,9.199999999999999845e-02
0.000000000000000000e+00,9.330000000000000515e-01,4.899999999999996719e-02,4.493930174622883555e+01,6.713357991439940219e-08,1.275176140960745887e-04,4.200000000000003730e-02,9.330765572837410593e-01,9.536633282409446855e-01,9.099999999999999756e-02
0.000000000000000000e+00,9.340000000000000524e-01,1.000000000000000021e-02,4.133788392043305748e+01,5.626227618401798036e-08,1.060588469348972750e-04,5.100000000000015632e-02,9.533924524213235330e-01,9.715715291026306710e-01,6.100000000000015826e-02
0.000000000000000000e+00,9.340000000000000524e-01,1.099999999999999936e-02,4.150942226104371713e+01,5.703596645864353651e-08,1.093303754466008770e-04,5.100000000000015632e-02,9.577124754347009494e-01,9.690867052876296350e-01,6.200000000000015221e-02
0.000000000000000000e+00,9.340000000000000524e-01,1.199999999999999852e-02,4.328553624572032277e+01,6.666088895042417887e-08,1.008388576421255842e-04,5.000000000000004441e-02,9.377722574701524705e-01,9.554738816707213367e-01,6.200000000000004119e-02
0.000000000000000000e+00,9.340000000000000524e-01,1.299999999999999767e-02,4.331930154988064885e+01,6.682323919212174560e-08,1.042384589965890146e-04,5.000000000000004441e-02,9.437607341768786684e-01,9.542343401371905509e-01,6.300000000000004208e-02
0.000000000000000000e+00,9.340000000000000524e-01,1.399999999999999682e-02,4.353743700287787988e+01,6.788150217048555594e-08,1.067456537368569069e-04,5.000000000000004441e-02,9.484055685643741906e-01,9.559677823375096750e-01,6.400000000000004297e-02
0.000000000000000000e+00,9.340000000000000524e-01,1.499999999999999598e-02,4.483094375485765681e+01,7.548438511124809940e-08,9.990035018810453657e-05,4.899999999999993250e-02,9.359799138434025112e-01,9.432621624666047699e-01,6.399999999999993194e-02
0.000000000000000000e+00,9.340000000000000524e-01,1.599999999999999339e-02,4.523062925235623055e+01,7.775235857112887422e-08,9.403766871012307670e-05,4.800000000000004263e-02,9.345294741500296265e-01,9.422175259467339137e-01,6.400000000000002909e-02
0.000000000000000000e+00,9.340000000000000524e-01,1.699999999999999428e-02,4.462131790723262270e+01,7.434152082752570975e-08,9.028911149300826889e-05,4.700000000000015277e-02,9.352063693011127832e-01,9.411396808437699768e-01,6.400000000000014011e-02
0.000000000000000000e+00,9.340000000000000524e-01,1.799999999999999517e-02,4.474586607125399240e+01,7.494548726589295303e-08,9.264021887901501776e-05,4.700000000000015277e-02,9.407333547242746619e-01,9.438619892803877809e-01,6.500000000000014100e-02
0.000000000000000000e+00,9.340000000000000524e-01,1.899999999999999259e-02,4.468848388509135816e+01,7.466539276614947312e-08,9.591025544588897779e-05,4.700000000000015277e-02,9.461062553662291652e-01,9.425876130295847144e-01,6.600000000000014189e-02
0.000000000000000000e+00,9.340000000000000524e-01,1.999999999999999001e-02,4.479991051433583493e+01,7.521280348980891164e-08,9.845493491405208925e-05,4.700000000000015277e-02,9.504746185285751769e-01,9.442808451810064119e-01,6.700000000000014277e-02
0.000000000000000000e+00,9.340000000000000524e-01,2.099999999999999090e-02,4.561852699831862168e+01,7.929703086014249098e-08,9.778703789359557345e-05,4.700000000000015277e-02,9.499286304614160681e-01,9.482256418129562103e-01,6.800000000000014366e-02
0.000000000000000000e+00,9.340000000000000524e-01,2.199999999999999178e-02,4.626982792043592241e+01,8.261343358631466659e-08,9.790976079688553345e-05,4.700000000000015277e-02,9.507937747366550507e-01,9.526186013749802228e-01,6.900000000000014455e-02
0.000000000000000000e+00,9.340000000000000524e-01,2.299999999999998920e-02,4.646533313970276424e+01,8.362283883186458737e-08,1.002009006491760303e-04,4.700000000000015277e-02,9.541637060608202381e-01,9.531602626151115532e-01,7.000000000000014544e-02
0.000000000000000000e+00,9.340000000000000524e-01,2.399999999999998662e-02,4.669476027568781973e+01,8.481900843041671099e-08,1.023580582106421694e-04,4.700000000000015277e-02,9.570692220801656491e-01,9.539966728229856141e-01,7.100000000000014633e-02
0.000000000000000000e+00,9.340000000000000524e-01,2.499999999999998751e-02,4.709252604492598238e+01,8.691709973628034387e-08,1.036896773178716188e-04,4.700000000000015277e-02,9.588935260442806863e-01,9.566779151992332864e-01,7.200000000000014722e-02
0.000000000000000000e+00,9.340000000000000524e-01,2.599999999999998840e-02,4.743358973640783915e+01,8.873882315103357583e-08,1.053339565484800891e-04,4.700000000000015277e-02,9.608217702845402997e-01,9.583349311754806310e-01,7.300000000000014810e-02
0.000000000000000000e+00,9.340000000000000524e-01,2.699999999999998929e-02,4.739997575705660182e+01,8.855775566932407432e-08,1.090918926795120595e-04,4.700000000000015277e-02,9.636972124653616634e-01,9.512337620265074456e-01,7.400000000000014899e-02
0.000000000000000000e+00,9.340000000000000524e-01,2.799999999999998324e-02,4.764773410298065670e+01,8.990255914930106747e-08,1.112715454847488681e-04,4.700000000000015277e-02,9.655995769422257569e-01,9.519506792739999002e-01,7.500000000000013600e-02
0.000000000000000000e+00,9.340000000000000524e-01,2.899999999999998412e-02,4.486317349706837376e+01,7.260011255147131963e-08,1.093039009415017887e-04,4.600000000000004086e-02,9.367173906450293464e-01,9.541537419840675494e-01,7.500000000000002498e-02
0.000000000000000000e+00,9.340000000000000524e-01,2.999999999999998501e-02,4.519015473369118752e+01,7.420838842587181064e-08,1.113867896576062246e-04,4.600000000000004086e-02,9.395488381474708106e-01,9.546171866695503105e-01,7.600000000000002587e-02
0.000000000000000000e+00,9.340000000000000524e-01,3.099999999999998590e-02,4.354871118664995322e+01,6.493757171199922060e-08,1.085825717196266764e-04,4.499999999999992895e-02,9.343436792281917258e-01,9.555218122466481168e-01,7.599999999999991485e-02
0.000000000000000000e+00,9.340000000000000524e-01,3.199999999999997985e-02,4.390255489337498318e+01,6.657206856083356794e-08,1.106122462650496708e-04,4.499999999999992895e-02,9.369311713771071304e-01,9.557721034249317960e-01,7.699999999999990186e-02
0.000000000000000000e+00,9.340000000000000524e-01,3.299999999999998074e-02,4.439565959578047227e+01,6.888653164912673596e-08,1.117263622238502327e-04,4.499999999999992895e-02,9.382045200760434911e-01,9.580998831697902229e-01,7.799999999999990274e-02
0.000000000000000000e+00,9.340000000000000524e-01,3.399999999999998163e-02,4.478294795018293684e+01,7.073385294507232155e-08,1.135398788099253013e-04,4.499999999999992895e-02,9.401878108915420196e-01,9.586021170986831486e-01,7.899999999999990363e-02
0.000000000000000000e+00,9.340000000000000524e-01,3.499999999999998251e-02,4.502361924405333582e+01,7.189679717749450009e-08,1.163881663650493520e-04,4.499999999999992895e-02,9.429308100149802474e-01,9.552203647461930958e-01,7.999999999999990452e-02
0.000000000000000000e+00,9.340000000000000524e-01,3.599999999999997646e-02,4.342709931448560923e+01,6.284478451108583856e-08,1.127641861821836904e-04,4.400000000000003908e-02,9.354008757229177462e-01,9.593128987013035402e-01,8.000000000000001554e-02
0.000000000000000000e+00,9.340000000000000524e-01,3.699999999999997735e-02,4.370028588790317770e+01,6.407879824987344498e-08,1.155327992848220080e-04,4.400000000000003908e-02,9.380435112668639164e-01,9.558540444854903839e-01,8.100000000000001643e-02
0.000000000000000000e+00,9.340000000000000524e-01,3.799999999999997824e-02,4.417625829341737642e+01,6.626144881890769213e-08,1.167726839969084556e-04,4.400000000000003908e-02,9.389175588598072109e-01,9.576776753922700003e-01,8.200000000000001732e-02
0.000000000000000000e+00,9.340000000000000524e-01,3.899999999999997913e-02,4.469010254044025743e+01,6.866001072857077451e-08,1.177393885821965633e-04,4.400000000000003908e-02,9.393404285040245494e-01,9.597389160125631147e-01,8.300000000000001821e-02
0.000000000000000000e+00,9.340000000000000524e-01,3.999999999999997308e-02,4.505113579300915916e+01,7.037255636540783795e-08,1.198440705213186158e-04,4.400000000000003908e-02,9.409910468635482861e-01,9.588047563939950946e-01,8.400000000000001910e-02
0.000000000000000000e+00,9.340000000000000524e-01,4.099999999999997397e-02,4.533938999598360198e+01,7.175805158428962627e-08,1.225262134283313222e-04,4.400000000000003908e-02,9.430107511296179634e-01,9.557328413813100942e-01,8.500000000000001998e-02
0.000000000000000000e+00,9.340000000000000524e-01,4.199999999999997485e-02,4.567974178169648525e+01,7.341511535612420917e-08,1.247808155533600420e-04,4.400000000000003908e-02,9.445320288913003903e-01,9.546843484712518313e-01,8.600000000000002087e-02
0.000000000000000000e+00,9.340000000000000524e-01,4.299999999999997574e-02,4.606596215729880583e+01,7.532172588142268288e-08,1.266597427074815565e-04,4.400000000000003908e-02,9.455965213767336675e-01,9.549021369007275606e-01,8.700000000000002176e-02
0.000000000000000000e+00,9.340000000000000524e-01,4.399999999999997663e-02,4.649284629879399944e+01,7.746019443877326655e-08,1.282081583686284221e-04,4.400000000000003908e-02,9.462449797242452609e-01,9.559022850274851990e-01,8.800000000000002265e-02
0.000000000000000000e+00,9.340000000000000524e-01,4.499999999999997058e-02,4.687621550124862324e+01,7.940858033120603391e-08,1.301139389465409127e-04,4.400000000000003908e-02,9.471687542931513937e-01,9.558717810369011803e-01,8.900000000000000966e-02
0.000000000000000000e+00,9.340000000000000524e-01,4.599999999999997147e-02,4.729851506419240081e+01,8.158548874118004290e-08,1.316944256680474578e-04,4.400000000000003908e-02,9.477063211655005759e-01,9.566491886780121856e-01,9.000000000000001055e-02
0.000000000000000000e+00,9.340000000000000524e-01,4.699999999999997236e-02,4.764842959992578386e+01,8.341404448216177496e-08,1.338909752455306340e-04,4.400000000000003908e-02,9.487337447925417999e-01,9.556161228405547492e-01,9.100000000000001144e-02
0.000000000000000000e+00,9.340000000000000524e-01,4.799999999999996630e-02,4.792412014935139553e+01,8.487206144943645290e-08,1.367569062326749784e-04,4.400000000000003908e-02,9.501639637047668563e-01,9.521940273461259041e-01,9.199999999999999845e-02
0.000000000000000000e+00,9.340000000000000524e-01,4.899999999999996719e-02,4.826006021959434378e+01,8.666967357563866709e-08,1.390715126605184177e-04,4.400000000000003908e-02,9.511122479108630179e-01,9.512004094128755360e-01,9.299999999999999933e-02
0.000000000000000000e+00,9.350000000000000533e-01,1.000000000000000021e-02,4.133788392043305748e+01,5.626227618401798036e-08,1.060588469348972750e-04,5.100000000000015632e-02,9.533924524213235330e-01,9.715715291026306710e-01,6.100000000000015826e-02
0.000000000000000000e+00,9.350000000000000533e-01,1.099999999999999936e-02,4.150942226104371713e+01,5.703596645864353651e-08,1.093303754466008770e-04,5.100000000000015632e-02,9.577124754347009494e-01,9.690867052876296350e-01,6.200000000000015221e-02
0.000000000000000000e+00,9.350000000000000533e-01,1.199999999999999852e-02,4.328553624572032277e+01,6.666088895042417887e-08,1.008388576421255842e-04,5.000000000000004441e-02,9.377722574701524705e-01,9.554738816707213367e-01,6.200000000000004119e-02
0.000000000000000000e+00,9.350000000000000533e-01,1.299999999999999767e-02,4.331930154988064885e+01,6.682323919212174560e-08,1.042384589965890146e-04,5.000000000000004441e-02,9.437607341768786684e-01,9.542343401371905509e-01,6.300000000000004208e-02
0.000000000000000000e+00,9.350000000000000533e-01,1.399999999999999682e-02,4.353743700287787988e+01,6.788150217048555594e-08,1.067456537368569069e-04,5.000000000000004441e-02,9.484055685643741906e-01,9.559677823375096750e-01,6.400000000000004297e-02
0.000000000000000000e+00,9.350000000000000533e-01,1.499999999999999598e-02,4.483094375485765681e+01,7.548438511124809940e-08,9.990035018810453657e-05,4.899999999999993250e-02,9.359799138434025112e-01,9.432621624666047699e-01,6.399999999999993194e-02
0.000000000000000000e+00,9.350000000000000533e-01,1.599999999999999339e-02,4.494777626724631148e+01,7.607453102843337799e-08,1.025193734481347739e-04,4.899999999999993250e-02,9.414728237661534882e-01,9.456314683500652851e-01,6.499999999999991895e-02
0.000000000000000000e+00,9.350000000000000533e-01,1.699999999999999428e-02,4.462131790723262270e+01,7.434152082752570975e-08,9.028911149300826889e-05,4.700000000000015277e-02,9.352063693011127832e-01,9.411396808437699768e-01,6.400000000000014011e-02
0.000000000000000000e+00,9.350000000000000533e-01,1.799999999999999517e-02,4.474586607125399240e+01,7.494548726589295303e-08,9.264021887901501776e-05,4.700000000000015277e-02,9.407333547242746619e-01,9.438619892803877809e-01,6.500000000000014100e-02
0.000000000000000000e+00,9.350000000000000533e-01,1.899999999999999259e-02,4.468848388509135816e+01,7.466539276614947312e-08,9.591025544588897779e-05,4.700000000000015277e-02,9.461062553662291652e-01,9.425876130295847144e-01,6.600000000000014189e-02
0.000000000000000000e+00,9.350000000000000533e-01,1.999999999999999001e-02,4.479991051433583493e+01,7.521280348980891164e-08,9.845493491405208925e-05,4.700000000000015277e-02,9.504746185285751769e-01,9.442808451810064119e-01,6.700000000000014277e-02
0.000000000000000000e+00,9.350000000000000533e-01,2.099999999999999090e-02,4.561852699831862168e+01,7.929703086014249098e-08,9.778703789359557345e-05,4.700000000000015277e-02,9.499286304614160681e-01,9.482256418129562103e-01,6.800000000000014366e-02
0.000000000000000000e+00,9.350000000000000533e-01,2.199999999999999178e-02,4.626982792043592241e+01,8.261343358631466659e-08,9.790976079688553345e-05,4.700000000000015277e-02,9.507937747366550507e-01,9.526186013749802228e-01,6.900000000000014455e-02
0.000000000000000000e+00,9.350000000000000533e-01,2.299999999999998920e-02,4.646533313970276424e+01,8.362283883186458737e-08,1.002009006491760303e-04,4.700000000000015277e-02,9.541637060608202381e-01,9.531602626151115532e-01,7.000000000000014544e-02
0.000000000000000000e+00,9.350000000000000533e-01,2.399999999999998662e-02,4.669476027568781973e+01,8.481900843041671099e-08,1.023580582106421694e-04,4.700000000000015277e-02,9.570692220801656491e-01,9.539966728229856141e-01,7.100000000000014633e-02
0.000000000000000000e+00,9.350000000000000533e-01,2.499999999999998751e-02,4.709252604492598238e+01,8.691709973628034387e-08,1.036896773178716188e-04,4.700000000000015277e-02,9.588935260442806863e-01,9.566779151992332864e-01,7.200000000000014722e-02
0.000000000000000000e+00,9.350000000000000533e-01,2.599999999999998840e-02,4.743358973640783915e+01,8.873882315103357583e-08,1.053339565484800891e-04,4.700000000000015277e-02,9.608217702845402997e-01,9.583349311754806310e-01,7.300000000000014810e-02
0.000000000000000000e+00,9.350000000000000533e-01,2.699999999999998929e-02,4.739997575705660182e+01,8.855775566932407432e-08,1.090918926795120595e-04,4.700000000000015277e-02,9.636972124653616634e-01,9.512337620265074456e-01,7.400000000000014899e-02
0.000000000000000000e+00,9.350000000000000533e-01,2.799999999999998324e-02,4.764773410298065670e+01,8.990255914930106747e-08,1.112715454847488681e-04,4.700000000000015277e-02,9.655995769422257569e-01,9.519506792739999002e-01,7.500000000000013600e-02
0.000000000000000000e+00,9.350000000000000533e-01,2.899999999999998412e-02,4.486317349706837376e+01,7.260011255147131963e-08,1.093039009415017887e-04,4.600000000000004086e-02,9.367173906450293464e-01,9.541537419840675494e-01,7.500000000000002498e-02
0.000000000000000000e+00,9.350000000000000533e-01,2.999999999999998501e-02,4.519015473369118752e+01,7.420838842587181064e-08,1.113867896576062246e-04,4.600000000000004086e-02,9.395488381474708106e-01,9.546171866695503105e-01,7.600000000000002587e-02
0.000000000000000000e+00,9.350000000000000533e-01,3.099999999999998590e-02,4.567340776737111696e+01,7.662051069045774656e-08,1.125031709855545489e-04,4.600000000000004086e-02,9.410317261253141607e-01,9.571505792355425868e-01,7.700000000000002676e-02
0.000000000000000000e+00,9.350000000000000533e-01,3.199999999999997985e-02,4.390255489337498318e+01,6.657206856083356794e-08,1.106122462650496708e-04,4.499999999999992895e-02,9.369311713771071304e-01,9.557721034249317960e-01,7.699999999999990186e-02
0.000000000000000000e+00,9.350000000000000533e-01,3.299999999999998074e-02,4.439565959578047227e+01,6.888653164912673596e-08,1.117263622238502327e-04,4.499999999999992895e-02,9.382045200760434911e-01,9.580998831697902229e-01,7.799999999999990274e-02
0.000000000000000000e+00,9.350000000000000533e-01,3.399999999999998163e-02,4.478294795018293684e+01,7.073385294507232155e-08,1.135398788099253013e-04,4.499999999999992895e-02,9.401878108915420196e-01,9.586021170986831486e-01,7.899999999999990363e-02
0.000000000000000000e+00,9.350000000000000533e-01,3.499999999999998251e-02,4.502361924405333582e+01,7.189679717749450009e-08,1.163881663650493520e-04,4.499999999999992895e-02,9.429308100149802474e-01,9.552203647461930958e-01,7.999999999999990452e-02
0.000000000000000000e+00,9.350000000000000533e-01,3.599999999999997646e-02,4.342709931448560923e+01,6.284478451108583856e-08,1.127641861821836904e-04,4.400000000000003908e-02,9.354008757229177462e-01,9.593128987013035402e-01,8.000000000000001554e-02
0.000000000000000000e+00,9.350000000000000533e-01,3.699999999999997735e-02,4.370028588790317770e+01,6.407879824987344498e-08,1.155327992848220080e-04,4.400000000000003908e-02,9.380435112668639164e-01,9.558540444854903839e-01,8.100000000000001643e-02
0.000000000000000000e+00,9.350000000000000533e-01,3.799999999999997824e-02,4.417625829341737642e+01,6.626144881890769213e-08,1.167726839969084556e-04,4.400000000000003908e-02,9.389175588598072109e-01,9.576776753922700003e-01,8.200000000000001732e-02
0.000000000000000000e+00,9.350000000000000533e-01,3.899999999999997913e-02,4.469010254044025743e+01,6.866001072857077451e-08,1.177393885821965633e-04,4.400000000000003908e-02,9.393404285040245494e-01,9.597389160125631147e-01,8.300000000000001821e-02
0.000000000000000000e+00,9.350000000000000533e-01,3.999999999999997308e-02,4.505113579300915916e+01,7.037255636540783795e-08,1.198440705213186158e-04,4.400000000000003908e-02,9.409910468635482861e-01,9.588047563939950946e-01,8.400000000000001910e-02
0.000000000000000000e+00,9.350000000000000533e-01,4.099999999999997397e-02,4.533938999598360198e+01,7.175805158428962627e-08,1.225262134283313222e-04,4.400000000000003908e-02,9.430107511296179634e-01,9.557328413813100942e-01,8.500000000000001998e-02
0.000000000000000000e+00,9.350000000000000533e-01,4.199999999999997485e-02,4.567974178169648525e+01,7.341511535612420917e-08,1.247808155533600420e-04,4.400000000000003908e-02,9.445320288913003903e-01,9.546843484712518313e-01,8.600000000000002087e-02
0.000000000000000000e+00,9.350000000000000533e-01,4.299999999999997574e-02,4.606596215729880583e+01,7.532172588142268288e-08,1.266597427074815565e-04,4.400000000000003908e-02,9.455965213767336675e-01,9.549021369007275606e-01,8.700000000000002176e-02
0.000000000000000000e+00,9.350000000000000533e-01,4.399999999999997663e-02,4.649284629879399944e+01,7.746019443877326655e-08,1.282081583686284221e-04,4.400000000000003908e-02,9.462449797242452609e-01,9.559022850274851990e-01,8.800000000000002265e-02
0.000000000000000000e+00,9.350000000000000533e-01,4.499999999999997058e-02,4.687621550124862324e+01,7.940858033120603391e-08,1.301139389465409127e-04,4.400000000000003908e-02,9.471687542931513937e-01,9.558717810369011803e-01,8.900000000000000966e-02
0.000000000000000000e+00,9.350000000000000533e-01,4.599999999999997147e-02,4.729851506419240081e+01,8.158548874118004290e-08,1.316944256680474578e-04,4.400000000000003908e-02,9.477063211655005759e-01,9.566491886780121856e-01,9.000000000000001055e-02
0.000000000000000000e+00,9.350000000000000533e-01,4.699999999999997236e-02,4.764842959992578386e+01,8.341404448216177496e-08,1.338909752455306340e-04,4.400000000000003908e-02,9.487337447925417999e-01,9.556161228405547492e-01,9.100000000000001144e-02
0.000000000000000000e+00,9.350000000000000533e-01,4.799999999999996630e-02,4.792412014935139553e+01,8.487206144943645290e-08,1.367569062326749784e-04,4.400000000000003908e-02,9.501639637047668563e-01,9.521940273461259041e-01,9.199999999999999845e-02
0.000000000000000000e+00,9.350000000000000533e-01,4.899999999999996719e-02,4.826006021959434378e+01,8.666967357563866709e-08,1.390715126605184177e-04,4.400000000000003908e-02,9.511122479108630179e-01,9.512004094128755360e-01,9.299999999999999933e-02
0.000000000000000000e+00,9.360000000000000542e-01,1.000000000000000021e-02,4.133788392043305748e+01,5.626227618401798036e-08,1.060588469348972750e-04,5.100000000000015632e-02,9.533924524213235330e-01,9.715715291026306710e-01,6.100000000000015826e-02
0.000000000000000000e+00,9.360000000000000542e-01,1.099999999999999936e-02,4.150942226104371713e+01,5.703596645864353651e-08,1.093303754466008770e-04,5.100000000000015632e-02,9.577124754347009494e-01,9.690867052876296350e-01,6.200000000000015221e-02
0.000000000000000000e+00,9.360000000000000542e-01,1.199999999999999852e-02,4.328553624572032277e+01,6.666088895042417887e-08,1.008388576421255842e-04,5.000000000000004441e-02,9.377722574701524705e-01,9.554738816707213367e-01,6.200000000000004119e-02
0.000000000000000000e+00,9.360000000000000542e-01,1.299999999999999767e-02,4.331930154988064885e+01,6.682323919212174560e-08,1.042384589965890146e-04,5.000000000000004441e-02,9.437607341768786684e-01,9.542343401371905509e-01,6.300000000000004208e-02
0.000000000000000000e+00,9.360000000000000542e-01,1.399999999999999682e-02,4.353743700287787988e+01,6.788150217048555594e-08,1.067456537368569069e-04,5.000000000000004441e-02,9.484055685643741906e-01,9.559677823375096750e-01,6.400000000000004297e-02
0.000000000000000000e+00,9.360000000000000542e-01,1.499999999999999598e-02,4.455742474184412316e+01,7.293706702528512933e-08,1.053889959468000485e-04,5.000000000000004441e-02,9.464421470315361740e-01,9.582574153216281143e-01,6.500000000000004385e-02
0.000000000000000000e+00,9.360000000000000542e-01,1.599999999999999339e-02,4.494777626724631148e+01,7.607453102843337799e-08,1.025193734481347739e-04,4.899999999999993250e-02,9.414728237661534882e-01,9.456314683500652851e-01,6.499999999999991895e-02
0.000000000000000000e+00,9.360000000000000542e-01,1.699999999999999428e-02,4.513554054974705565e+01,7.727573056760914914e-08,9.743217747832732081e-05,4.800000000000004263e-02,9.406869140971532151e-01,9.413858469615649094e-01,6.500000000000002998e-02
0.000000000000000000e+00,9.360000000000000542e-01,1.799999999999999517e-02,4.474586607125399240e+01,7.494548726589295303e-08,9.264021887901501776e-05,4.700000000000015277e-02,9.407333547242746619e-01,9.438619892803877809e-01,6.500000000000014100e-02
0.000000000000000000e+00,9.360000000000000542e-01,1.899999999999999259e-02,4.468848388509135816e+01,7.466539276614947312e-08,9.591025544588897779e-05,4.700000000000015277e-02,9.461062553662291652e-01,9.425876130295847144e-01,6.600000000000014189e-02
0.000000000000000000e+00,9.360000000000000542e-01,1.999999999999999001e-02,4.479991051433583493e+01,7.521280348980891164e-08,9.845493491405208925e-05,4.700000000000015277e-02,9.504746185285751769e-01,9.442808451810064119e-01,6.700000000000014277e-02
0.000000000000000000e+00,9.360000000000000542e-01,2.099999999999999090e-02,4.561852699831862168e+01,7.929703086014249098e-08,9.778703789359557345e-05,4.700000000000015277e-02,9.499286304614160681e-01,9.482256418129562103e-01,6.800000000000014366e-02
0.000000000000000000e+00,9.360000000000000542e-01,2.199999999999999178e-02,4.626982792043592241e+01,8.261343358631466659e-08,9.790976079688553345e-05,4.700000000000015277e-02,9.507937747366550507e-01,9.526186013749802228e-01,6.900000000000014455e-02
0.000000000000000000e+00,9.360000000000000542e-01,2.299999999999998920e-02,4.646533313970276424e+01,8.362283883186458737e-08,1.002009006491760303e-04,4.700000000000015277e-02,9.541637060608202381e-01,9.531602626151115532e-01,7.000000000000014544e-02
0.000000000000000000e+00,9.360000000000000542e-01,2.399999999999998662e-02,4.669476027568781973e+01,8.481900843041671099e-08,1.023580582106421694e-04,4.700000000000015277e-02,9.570692220801656491e-01,9.539966728229856141e-01,7.100000000000014633e-02
0.000000000000000000e+00,9.360000000000000542e-01,2.499999999999998751e-02,4.709252604492598238e+01,8.691709973628034387e-08,1.036896773178716188e-04,4.700000000000015277e-02,9.588935260442806863e-01,9.566779151992332864e-01,7.200000000000014722e-02
0.000000000000000000e+00,9.360000000000000542e-01,2.599999999999998840e-02,4.743358973640783915e+01,8.873882315103357583e-08,1.053339565484800891e-04,4.700000000000015277e-02,9.608217702845402997e-01,9.583349311754806310e-01,7.300000000000014810e-02
0.000000000000000000e+00,9.360000000000000542e-01,2.699999999999998929e-02,4.739997575705660182e+01,8.855775566932407432e-08,1.090918926795120595e-04,4.700000000000015277e-02,9.636972124653616634e-01,9.512337620265074456e-01,7.400000000000014899e-02
0.000000000000000000e+00,9.360000000000000542e-01,2.799999999999998324e-02,4.764773410298065670e+01,8.990255914930106747e-08,1.112715454847488681e-04,4.700000000000015277e-02,9.655995769422257569e-01,9.519506792739999002e-01,7.500000000000013600e-02
0.000000000000000000e+00,9.360000000000000542e-01,2.899999999999998412e-02,4.486317349706837376e+01,7.260011255147131963e-08,1.093039009415017887e-04,4.600000000000004086e-02,9.367173906450293464e-01,9.541537419840675494e-01,7.500000000000002498e-02
0.000000000000000000e+00,9.360000000000000542e-01,2.999999999999998501e-02,4.519015473369118752e+01,7.420838842587181064e-08,1.113867896576062246e-04,4.600000000000004086e-02,9.395488381474708106e-01,9.546171866695503105e-01,7.600000000000002587e-02
0.000000000000000000e+00,9.360000000000000542e-01,3.099999999999998590e-02,4.567340776737111696e+01,7.662051069045774656e-08,1.125031709855545489e-04,4.600000000000004086e-02,9.410317261253141607e-01,9.571505792355425868e-01,7.700000000000002676e-02
0.000000000000000000e+00,9.360000000000000542e-01,3.199999999999997985e-02,4.390255489337498318e+01,6.657206856083356794e-08,1.106122462650496708e-04,4.499999999999992895e-02,9.369311713771071304e-01,9.557721034249317960e-01,7.699999999999990186e-02
0.000000000000000000e+00,9.360000000000000542e-01,3.299999999999998074e-02,4.439565959578047227e+01,6.888653164912673596e-08,1.117263622238502327e-04,4.499999999999992895e-02,9.382045200760434911e-01,9.580998831697902229e-01,7.799999999999990274e-02
0.000000000000000000e+00,9.360000000000000542e-01,3.399999999999998163e-02,4.478294795018293684e+01,7.073385294507232155e-08,1.135398788099253013e-04,4.499999999999992895e-02,9.401878108915420196e-01,9.586021170986831486e-01,7.899999999999990363e-02
0.000000000000000000e+00,9.360000000000000542e-01,3.499999999999998251e-02,4.502361924405333582e+01,7.189679717749450009e-08,1.163881663650493520e-04,4.499999999999992895e-02,9.429308100149802474e-01,9.552203647461930958e-01,7.999999999999990452e-02
0.000000000000000000e+00,9.360000000000000542e-01,3.599999999999997646e-02,4.549065781462493874e+01,7.418485904583862090e-08,1.176308904031167268e-04,4.499999999999992895e-02,9.439129007038317143e-01,9.571988825073459717e-01,8.099999999999990541e-02
0.000000000000000000e+00,9.360000000000000542e-01,3.699999999999997735e-02,4.370028588790317770e+01,6.407879824987344498e-08,1.155327992848220080e-04,4.400000000000003908e-02,9.380435112668639164e-01,9.558540444854903839e-01,8.100000000000001643e-02
0.000000000000000000e+00,9.360000000000000542e-01,3.799999999999997824e-02,4.417625829341737642e+01,6.626144881890769213e-08,1.167726839969084556e-04,4.400000000000003908e-02,9.389175588598072109e-01,9.576776753922700003e-01,8.200000000000001732e-02
0.000000000000000000e+00,9.360000000000000542e-01,3.899999999999997913e-02,4.469010254044025743e+01,6.866001072857077451e-08,1.177393885821965633e-04,4.400000000000003908e-02,9.393404285040245494e-01,9.597389160125631147e-01,8.300000000000001821e-02
0.000000000000000000e+00,9.360000000000000542e-01,3.999999999999997308e-02,4.505113579300915916e+01,7.037255636540783795e-08,1.198440705213186158e-04,4.400000000000003908e-02,9.409910468635482861e-01,9.588047563939950946e-01,8.400000000000001910e-02
0.000000000000000000e+00,9.360000000000000542e-01,4.099999999999997397e-02,4.533938999598360198e+01,7.175805158428962627e-08,1.225262134283313222e-04,4.400000000000003908e-02,9.430107511296179634e-01,9.557328413813100942e-01,8.500000000000001998e-02
0.000000000000000000e+00,9.360000000000000542e-01,4.199999999999997485e-02,4.567974178169648525e+01,7.341511535612420917e-08,1.247808155533600420e-04,4.400000000000003908e-02,9.445320288913003903e-01,9.546843484712518313e-01,8.600000000000002087e-02
0.000000000000000000e+00,9.360000000000000542e-01,4.299999999999997574e-02,4.606596215729880583e+01,7.532172588142268288e-08,1.266597427074815565e-04,4.400000000000003908e-02,9.455965213767336675e-01,9.549021369007275606e-01,8.700000000000002176e-02
0.000000000000000000e+00,9.360000000000000542e-01,4.399999999999997663e-02,4.649284629879399944e+01,7.746019443877326655e-08,1.282081583686284221e-04,4.400000000000003908e-02,9.462449797242452609e-01,9.559022850274851990e-01,8.800000000000002265e-02
0.000000000000000000e+00,9.360000000000000542e-01,4.499999999999997058e-02,4.687621550124862324e+01,7.940858033120603391e-08,1.301139389465409127e-04,4.400000000000003908e-02,9.471687542931513937e-01,9.558717810369011803e-01,8.900000000000000966e-02
0.000000000000000000e+00,9.360000000000000542e-01,4.599999999999997147e-02,4.729851506419240081e+01,8.158548874118004290e-08,1.316944256680474578e-04,4.400000000000003908e-02,9.477063211655005759e-01,9.566491886780121856e-01,9.000000000000001055e-02
0.000000000000000000e+00,9.360000000000000542e-01,4.699999999999997236e-02,4.764842959992578386e+01,8.341404448216177496e-08,1.338909752455306340e-04,4.400000000000003908e-02,9.487337447925417999e-01,9.556161228405547492e-01,9.100000000000001144e-02
0.000000000000000000e+00,9.360000000000000542e-01,4.799999999999996630e-02,4.792412014935139553e+01,8.487206144943645290e-08,1.367569062326749784e-04,4.400000000000003908e-02,9.501639637047668563e-01,9.521940273461259041e-01,9.199999999999999845e-02
0.000000000000000000e+00,9.360000000000000542e-01,4.899999999999996719e-02,4.826006021959434378e+01,8.666967357563866709e-08,1.390715126605184177e-04,4.400000000000003908e-02,9.511122479108630179e-01,9.512004094128755360e-01,9.299999999999999933e-02
0.000000000000000000e+00,9.370000000000000551e-01,1.000000000000000021e-02,4.133788392043305748e+01,5.626227618401798036e-08,1.060588469348972750e-04,5.100000000000015632e-02,9.533924524213235330e-01,9.715715291026306710e-01,6.100000000000015826e-02
0.000000000000000000e+00,9.370000000000000551e-01,1.099999999999999936e-02,4.150942226104371713e+01,5.703596645864353651e-08,1.093303754466008770e-04,5.100000000000015632e-02,9.577124754347009494e-01,9.690867052876296350e-01,6.200000000000015221e-02
0.000000000000000000e+00,9.370000000000000551e-01,1.199999999999999852e-02,4.328553624572032277e+01,6.666088895042417887e-08,1.008388576421255842e-04,5.000000000000004441e-02,9.377722574701524705e-01,9.554738816707213367e-01,6.200000000000004119e-02
0.000000000000000000e+00,9.370000000000000551e-01,1.299999999999999767e-02,4.331930154988064885e+01,6.682323919212174560e-08,1.042384589965890146e-04,5.000000000000004441e-02,9.437607341768786684e-01,9.542343401371905509e-01,6.300000000000004208e-02
0.000000000000000000e+00,9.370000000000000551e-01,1.399999999999999682e-02,4.353743700287787988e+01,6.788150217048555594e-08,1.067456537368569069e-04,5.000000000000004441e-02,9.484055685643741906e-01,9.559677823375096750e-01,6.400000000000004297e-02
0.000000000000000000e+00,9.370000000000000551e-01,1.499999999999999598e-02,4.455742474184412316e+01,7.293706702528512933e-08,1.053889959468000485e-04,5.000000000000004441e-02,9.464421470315361740e-01,9.582574153216281143e-01,6.500000000000004385e-02
0.000000000000000000e+00,9.370000000000000551e-01,1.599999999999999339e-02,4.494777626724631148e+01,7.607453102843337799e-08,1.025193734481347739e-04,4.899999999999993250e-02,9.414728237661534882e-01,9.456314683500652851e-01,6.499999999999991895e-02
0.000000000000000000e+00,9.370000000000000551e-01,1.699999999999999428e-02,4.513554054974705565e+01,7.727573056760914914e-08,9.743217747832732081e-05,4.800000000000004263e-02,9.406869140971532151e-01,9.413858469615649094e-01,6.500000000000002998e-02
0.000000000000000000e+00,9.370000000000000551e-01,1.799999999999999517e-02,4.474586607125399240e+01,7.494548726589295303e-08,9.264021887901501776e-05,4.700000000000015277e-02,9.407333547242746619e-01,9.438619892803877809e-01,6.500000000000014100e-02
0.000000000000000000e+00,9.370000000000000551e-01,1.899999999999999259e-02,4.468848388509135816e+01,7.466539276614947312e-08,9.591025544588897779e-05,4.700000000000015277e-02,9.461062553662291652e-01,9.425876130295847144e-01,6.600000000000014189e-02
0.000000000000000000e+00,9.370000000000000551e-01,1.999999999999999001e-02,4.479991051433583493e+01,7.521280348980891164e-08,9.845493491405208925e-05,4.700000000000015277e-02,9.504746185285751769e-01,9.442808451810064119e-01,6.700000000000014277e-02
0.000000000000000000e+00,9.370000000000000551e-01,2.099999999999999090e-02,4.561852699831862168e+01,7.929703086014249098e-08,9.778703789359557345e-05,4.700000000000015277e-02,9.499286304614160681e-01,9.482256418129562103e-01,6.800000000000014366e-02
0.000000000000000000e+00,9.370000000000000551e-01,2.199999999999999178e-02,4.626982792043592241e+01,8.261343358631466659e-08,9.790976079688553345e-05,4.700000000000015277e-02,9.507937747366550507e-01,9.526186013749802228e-01,6.900000000000014455e-02
0.000000000000000000e+00,9.370000000000000551e-01,2.299999999999998920e-02,4.646533313970276424e+01,8.362283883186458737e-08,1.002009006491760303e-04,4.700000000000015277e-02,9.541637060608202381e-01,9.531602626151115532e-01,7.000000000000014544e-02
0.000000000000000000e+00,9.370000000000000551e-01,2.399999999999998662e-02,4.669476027568781973e+01,8.481900843041671099e-08,1.023580582106421694e-04,4.700000000000015277e-02,9.570692220801656491e-01,9.539966728229856141e-01,7.100000000000014633e-02
0.000000000000000000e+00,9.370000000000000551e-01,2.499999999999998751e-02,4.709252604492598238e+01,8.691709973628034387e-08,1.036896773178716188e-04,4.700000000000015277e-02,9.588935260442806863e-01,9.566779151992332864e-01,7.200000000000014722e-02
0.000000000000000000e+00,9.370000000000000551e-01,2.599999999999998840e-02,4.743358973640783915e+01,8.873882315103357583e-08,1.053339565484800891e-04,4.700000000000015277e-02,9.608217702845402997e-01,9.583349311754806310e-01,7.300000000000014810e-02
0.000000000000000000e+00,9.370000000000000551e-01,2.699999999999998929e-02,4.739997575705660182e+01,8.855775566932407432e-08,1.090918926795120595e-04,4.700000000000015277e-02,9.636972124653616634e-01,9.512337620265074456e-01,7.400000000000014899e-02
0.000000000000000000e+00,9.370000000000000551e-01,2.799999999999998324e-02,4.764773410298065670e+01,8.990255914930106747e-08,1.112715454847488681e-04,4.700000000000015277e-02,9.655995769422257569e-01,9.519506792739999002e-01,7.500000000000013600e-02
0.000000000000000000e+00,9.370000000000000551e-01,2.899999999999998412e-02,4.808275765113207711e+01,9.229218010354480940e-08,1.124232366564402170e-04,4.700000000000015277e-02,9.663967249685244676e-01,9.547752797418672666e-01,7.600000000000013689e-02
0.000000000000000000e+00,9.370000000000000551e-01,2.999999999999998501e-02,4.519015473369118752e+01,7.420838842587181064e-08,1.113867896576062246e-04,4.600000000000004086e-02,9.395488381474708106e-01,9.546171866695503105e-01,7.600000000000002587e-02
0.000000000000000000e+00,9.370000000000000551e-01,3.099999999999998590e-02,4.567340776737111696e+01,7.662051069045774656e-08,1.125031709855545489e-04,4.600000000000004086e-02,9.410317261253141607e-01,9.571505792355425868e-01,7.700000000000002676e-02
0.000000000000000000e+00,9.370000000000000551e-01,3.199999999999997985e-02,4.604045095530021570e+01,7.848013167015209677e-08,1.143535754828570275e-04,4.600000000000004086e-02,9.432042097014845528e-01,9.578297547151581881e-01,7.800000000000001377e-02
0.000000000000000000e+00,9.370000000000000551e-01,3.299999999999998074e-02,4.439565959578047227e+01,6.888653164912673596e-08,1.117263622238502327e-04,4.499999999999992895e-02,9.382045200760434911e-01,9.580998831697902229e-01,7.799999999999990274e-02
0.000000000000000000e+00,9.370000000000000551e-01,3.399999999999998163e-02,4.478294795018293684e+01,7.073385294507232155e-08,1.135398788099253013e-04,4.499999999999992895e-02,9.401878108915420196e-01,9.586021170986831486e-01,7.899999999999990363e-02
0.000000000000000000e+00,9.370000000000000551e-01,3.499999999999998251e-02,4.502361924405333582e+01,7.189679717749450009e-08,1.163881663650493520e-04,4.499999999999992895e-02,9.429308100149802474e-01,9.552203647461930958e-01,7.999999999999990452e-02
0.000000000000000000e+00,9.370000000000000551e-01,3.599999999999997646e-02,4.549065781462493874e+01,7.418485904583862090e-08,1.176308904031167268e-04,4.499999999999992895e-02,9.439129007038317143e-01,9.571988825073459717e-01,8.099999999999990541e-02
0.000000000000000000e+00,9.370000000000000551e-01,3.699999999999997735e-02,4.370028588790317770e+01,6.407879824987344498e-08,1.155327992848220080e-04,4.400000000000003908e-02,9.380435112668639164e-01,9.558540444854903839e-01,8.100000000000001643e-02
0.000000000000000000e+00,9.370000000000000551e-01,3.799999999999997824e-02,4.417625829341737642e+01,6.626144881890769213e-08,1.167726839969084556e-04,4.400000000000003908e-02,9.389175588598072109e-01,9.576776753922700003e-01,8.200000000000001732e-02
0.000000000000000000e+00,9.370000000000000551e-01,3.899999999999997913e-02,4.469010254044025743e+01,6.866001072857077451e-08,1.177393885821965633e-04,4.400000000000003908e-02,9.393404285040245494e-01,9.597389160125631147e-01,8.300000000000001821e-02
0.000000000000000000e+00,9.370000000000000551e-01,3.999999999999997308e-02,4.505113579300915916e+01,7.037255636540783795e-08,1.198440705213186158e-04,4.400000000000003908e-02,9.409910468635482861e-01,9.588047563939950946e-01,8.400000000000001910e-02
0.000000000000000000e+00,9.370000000000000551e-01,4.099999999999997397e-02,4.533938999598360198e+01,7.175805158428962627e-08,1.225262134283313222e-04,4.400000000000003908e-02,9.430107511296179634e-01,9.557328413813100942e-01,8.500000000000001998e-02
0.000000000000000000e+00,9.370000000000000551e-01,4.199999999999997485e-02,4.567974178169648525e+01,7.341511535612420917e-08,1.247808155533600420e-04,4.400000000000003908e-02,9.445320288913003903e-01,9.546843484712518313e-01,8.600000000000002087e-02
0.000000000000000000e+00,9.370000000000000551e-01,4.299999999999997574e-02,4.606596215729880583e+01,7.532172588142268288e-08,1.266597427074815565e-04,4.400000000000003908e-02,9.455965213767336675e-01,9.549021369007275606e-01,8.700000000000002176e-02
0.000000000000000000e+00,9.370000000000000551e-01,4.399999999999997663e-02,4.649284629879399944e+01,7.746019443877326655e-08,1.282081583686284221e-04,4.400000000000003908e-02,9.462449797242452609e-01,9.559022850274851990e-01,8.800000000000002265e-02
0.000000000000000000e+00,9.370000000000000551e-01,4.499999999999997058e-02,4.687621550124862324e+01,7.940858033120603391e-08,1.301139389465409127e-04,4.400000000000003908e-02,9.471687542931513937e-01,9.558717810369011803e-01,8.900000000000000966e-02
0.000000000000000000e+00,9.370000000000000551e-01,4.599999999999997147e-02,4.729851506419240081e+01,8.158548874118004290e-08,1.316944256680474578e-04,4.400000000000003908e-02,9.477063211655005759e-01,9.566491886780121856e-01,9.000000000000001055e-02
0.000000000000000000e+00,9.370000000000000551e-01,4.699999999999997236e-02,4.764842959992578386e+01,8.341404448216177496e-08,1.338909752455306340e-04,4.400000000000003908e-02,9.487337447925417999e-01,9.556161228405547492e-01,9.100000000000001144e-02
0.000000000000000000e+00,9.370000000000000551e-01,4.799999999999996630e-02,4.792412014935139553e+01,8.487206144943645290e-08,1.367569062326749784e-04,4.400000000000003908e-02,9.501639637047668563e-01,9.521940273461259041e-01,9.199999999999999845e-02
0.000000000000000000e+00,9.370000000000000551e-01,4.899999999999996719e-02,4.826006021959434378e+01,8.666967357563866709e-08,1.390715126605184177e-04,4.400000000000003908e-02,9.511122479108630179e-01,9.512004094128755360e-01,9.299999999999999933e-02
0.000000000000000000e+00,9.380000000000000560e-01,1.000000000000000021e-02,4.133788392043305748e+01,5.626227618401798036e-08,1.060588469348972750e-04,5.100000000000015632e-02,9.533924524213235330e-01,9.715715291026306710e-01,6.100000000000015826e-02
0.000000000000000000e+00,9.380000000000000560e-01,1.099999999999999936e-02,4.150942226104371713e+01,5.703596645864353651e-08,1.093303754466008770e-04,5.100000000000015632e-02,9.577124754347009494e-01,9.690867052876296350e-01,6.200000000000015221e-02
0.000000000000000000e+00,9.380000000000000560e-01,1.199999999999999852e-02,4.542138316710085633e+01,7.743343421526564339e-08,1.093313343672437595e-04,5.200000000000004619e-02,9.587781292268051647e-01,9.702607512059583383e-01,6.400000000000004297e-02
0.000000000000000000e+00,9.380000000000000560e-01,1.299999999999999767e-02,4.331930154988064885e+01,6.682323919212174560e-08,1.042384589965890146e-04,5.000000000000004441e-02,9.437607341768786684e-01,9.542343401371905509e-01,6.300000000000004208e-02
0.000000000000000000e+00,9.380000000000000560e-01,1.399999999999999682e-02,4.353743700287787988e+01,6.788150217048555594e-08,1.067456537368569069e-04,5.000000000000004441e-02,9.484055685643741906e-01,9.559677823375096750e-01,6.400000000000004297e-02
0.000000000000000000e+00,9.380000000000000560e-01,1.499999999999999598e-02,4.455742474184412316e+01,7.293706702528512933e-08,1.053889959468000485e-04,5.000000000000004441e-02,9.464421470315361740e-01,9.582574153216281143e-01,6.500000000000004385e-02
0.000000000000000000e+00,9.380000000000000560e-01,1.599999999999999339e-02,4.494777626724631148e+01,7.607453102843337799e-08,1.025193734481347739e-04,4.899999999999993250e-02,9.414728237661534882e-01,9.456314683500652851e-01,6.499999999999991895e-02
0.000000000000000000e+00,9.380000000000000560e-01,1.699999999999999428e-02,4.513554054974705565e+01,7.727573056760914914e-08,9.743217747832732081e-05,4.800000000000004263e-02,9.406869140971532151e-01,9.413858469615649094e-01,6.500000000000002998e-02
0.000000000000000000e+00,9.380000000000000560e-01,1.799999999999999517e-02,4.474586607125399240e+01,7.494548726589295303e-08,9.264021887901501776e-05,4.700000000000015277e-02,9.407333547242746619e-01,9.438619892803877809e-01,6.500000000000014100e-02
0.000000000000000000e+00,9.380000000000000560e-01,1.899999999999999259e-02,4.468848388509135816e+01,7.466539276614947312e-08,9.591025544588897779e-05,4.700000000000015277e-02,9.461062553662291652e-01,9.425876130295847144e-01,6.600000000000014189e-02
0.000000000000000000e+00,9.380000000000000560e-01,1.999999999999999001e-02,4.479991051433583493e+01,7.521280348980891164e-08,9.845493491405208925e-05,4.700000000000015277e-02,9.504746185285751769e-01,9.442808451810064119e-01,6.700000000000014277e-02
0.000000000000000000e+00,9.380000000000000560e-01,2.099999999999999090e-02,4.561852699831862168e+01,7.929703086014249098e-08,9.778703789359557345e-05,4.700000000000015277e-02,9.499286304614160681e-01,9.482256418129562103e-01,6.800000000000014366e-02
0.000000000000000000e+00,9.380000000000000560e-01,2.199999999999999178e-02,4.626982792043592241e+01,8.261343358631466659e-08,9.790976079688553345e-05,4.700000000000015277e-02,9.507937747366550507e-01,9.526186013749802228e-01,6.900000000000014455e-02
0.000000000000000000e+00,9.380000000000000560e-01,2.299999999999998920e-02,4.646533313970276424e+01,8.362283883186458737e-08,1.002009006491760303e-04,4.700000000000015277e-02,9.541637060608202381e-01,9.531602626151115532e-01,7.000000000000014544e-02
0.000000000000000000e+00,9.380000000000000560e-01,2.399999999999998662e-02,4.669476027568781973e+01,8.481900843041671099e-08,1.023580582106421694e-04,4.700000000000015277e-02,9.570692220801656491e-01,9.539966728229856141e-01,7.100000000000014633e-02
0.000000000000000000e+00,9.380000000000000560e-01,2.499999999999998751e-02,4.709252604492598238e+01,8.691709973628034387e-08,1.036896773178716188e-04,4.700000000000015277e-02,9.588935260442806863e-01,9.566779151992332864e-01,7.200000000000014722e-02
0.000000000000000000e+00,9.380000000000000560e-01,2.599999999999998840e-02,4.743358973640783915e+01,8.873882315103357583e-08,1.053339565484800891e-04,4.700000000000015277e-02,9.608217702845402997e-01,9.583349311754806310e-01,7.300000000000014810e-02
0.000000000000000000e+00,9.380000000000000560e-01,2.699999999999998929e-02,4.739997575705660182e+01,8.855775566932407432e-08,1.090918926795120595e-04,4.700000000000015277e-02,9.636972124653616634e-01,9.512337620265074456e-01,7.400000000000014899e-02
0.000000000000000000e+00,9.380000000000000560e-01,2.799999999999998324e-02,4.764773410298065670e+01,8.990255914930106747e-08,1.112715454847488681e-04,4.700000000000015277e-02,9.655995769422257569e-01,9.519506792739999002e-01,7.500000000000013600e-02
0.000000000000000000e+00,9.380000000000000560e-01,2.899999999999998412e-02,4.808275765113207711e+01,9.229218010354480940e-08,1.124232366564402170e-04,4.700000000000015277e-02,9.663967249685244676e-01,9.547752797418672666e-01,7.600000000000013689e-02
0.000000000000000000e+00,9.380000000000000560e-01,2.999999999999998501e-02,4.519015473369118752e+01,7.420838842587181064e-08,1.113867896576062246e-04,4.600000000000004086e-02,9.395488381474708106e-01,9.546171866695503105e-01,7.600000000000002587e-02
0.000000000000000000e+00,9.380000000000000560e-01,3.099999999999998590e-02,4.567340776737111696e+01,7.662051069045774656e-08,1.125031709855545489e-04,4.600000000000004086e-02,9.410317261253141607e-01,9.571505792355425868e-01,7.700000000000002676e-02
0.000000000000000000e+00,9.380000000000000560e-01,3.199999999999997985e-02,4.604045095530021570e+01,7.848013167015209677e-08,1.143535754828570275e-04,4.600000000000004086e-02,9.432042097014845528e-01,9.578297547151581881e-01,7.800000000000001377e-02
0.000000000000000000e+00,9.380000000000000560e-01,3.299999999999998074e-02,4.439565959578047227e+01,6.888653164912673596e-08,1.117263622238502327e-04,4.499999999999992895e-02,9.382045200760434911e-01,9.580998831697902229e-01,7.799999999999990274e-02
0.000000000000000000e+00,9.380000000000000560e-01,3.399999999999998163e-02,4.478294795018293684e+01,7.073385294507232155e-08,1.135398788099253013e-04,4.499999999999992895e-02,9.401878108915420196e-01,9.586021170986831486e-01,7.899999999999990363e-02
0.000000000000000000e+00,9.380000000000000560e-01,3.499999999999998251e-02,4.502361924405333582e+01,7.189679717749450009e-08,1.163881663650493520e-04,4.499999999999992895e-02,9.429308100149802474e-01,9.552203647461930958e-01,7.999999999999990452e-02
0.000000000000000000e+00,9.380000000000000560e-01,3.599999999999997646e-02,4.549065781462493874e+01,7.418485904583862090e-08,1.176308904031167268e-04,4.499999999999992895e-02,9.439129007038317143e-01,9.571988825073459717e-01,8.099999999999990541e-02
0.000000000000000000e+00,9.380000000000000560e-01,3.699999999999997735e-02,4.370028588790317770e+01,6.407879824987344498e-08,1.155327992848220080e-04,4.400000000000003908e-02,9.380435112668639164e-01,9.558540444854903839e-01,8.100000000000001643e-02
0.000000000000000000e+00,9.380000000000000560e-01,3.799999999999997824e-02,4.417625829341737642e+01,6.626144881890769213e-08,1.167726839969084556e-04,4.400000000000003908e-02,9.389175588598072109e-01,9.576776753922700003e-01,8.200000000000001732e-02
0.000000000000000000e+00,9.380000000000000560e-01,3.899999999999997913e-02,4.469010254044025743e+01,6.866001072857077451e-08,1.177393885821965633e-04,4.400000000000003908e-02,9.393404285040245494e-01,9.597389160125631147e-01,8.300000000000001821e-02
0.000000000000000000e+00,9.380000000000000560e-01,3.999999999999997308e-02,4.505113579300915916e+01,7.037255636540783795e-08,1.198440705213186158e-04,4.400000000000003908e-02,9.409910468635482861e-01,9.588047563939950946e-01,8.400000000000001910e-02
0.000000000000000000e+00,9.380000000000000560e-01,4.099999999999997397e-02,4.533938999598360198e+01,7.175805158428962627e-08,1.225262134283313222e-04,4.400000000000003908e-02,9.430107511296179634e-01,9.557328413813100942e-01,8.500000000000001998e-02
0.000000000000000000e+00,9.380000000000000560e-01,4.199999999999997485e-02,4.567974178169648525e+01,7.341511535612420917e-08,1.247808155533600420e-04,4.400000000000003908e-02,9.445320288913003903e-01,9.546843484712518313e-01,8.600000000000002087e-02
0.000000000000000000e+00,9.380000000000000560e-01,4.299999999999997574e-02,4.606596215729880583e+01,7.532172588142268288e-08,1.266597427074815565e-04,4.400000000000003908e-02,9.455965213767336675e-01,9.549021369007275606e-01,8.700000000000002176e-02
0.000000000000000000e+00,9.380000000000000560e-01,4.399999999999997663e-02,4.649284629879399944e+01,7.746019443877326655e-08,1.282081583686284221e-04,4.400000000000003908e-02,9.462449797242452609e-01,9.559022850274851990e-01,8.800000000000002265e-02
0.000000000000000000e+00,9.380000000000000560e-01,4.499999999999997058e-02,4.687621550124862324e+01,7.940858033120603391e-08,1.301139389465409127e-04,4.400000000000003908e-02,9.471687542931513937e-01,9.558717810369011803e-01,8.900000000000000966e-02
0.000000000000000000e+00,9.380000000000000560e-01,4.599999999999997147e-02,4.729851506419240081e+01,8.158548874118004290e-08,1.316944256680474578e-04,4.400000000000003908e-02,9.477063211655005759e-01,9.566491886780121856e-01,9.000000000000001055e-02
0.000000000000000000e+00,9.380000000000000560e-01,4.699999999999997236e-02,4.764842959992578386e+01,8.341404448216177496e-08,1.338909752455306340e-04,4.400000000000003908e-02,9.487337447925417999e-01,9.556161228405547492e-01,9.100000000000001144e-02
0.000000000000000000e+00,9.380000000000000560e-01,4.799999999999996630e-02,4.792412014935139553e+01,8.487206144943645290e-08,1.367569062326749784e-04,4.400000000000003908e-02,9.501639637047668563e-01,9.521940273461259041e-01,9.199999999999999845e-02
0.000000000000000000e+00,9.380000000000000560e-01,4.899999999999996719e-02,4.826006021959434378e+01,8.666967357563866709e-08,1.390715126605184177e-04,4.400000000000003908e-02,9.511122479108630179e-01,9.512004094128755360e-01,9.299999999999999933e-02
0.000000000000000000e+00,9.390000000000000568e-01,1.000000000000000021e-02,4.133788392043305748e+01,5.626227618401798036e-08,1.060588469348972750e-04,5.100000000000015632e-02,9.533924524213235330e-01,9.715715291026306710e-01,6.100000000000015826e-02
0.000000000000000000e+00,9.390000000000000568e-01,1.099999999999999936e-02,4.150942226104371713e+01,5.703596645864353651e-08,1.093303754466008770e-04,5.100000000000015632e-02,9.577124754347009494e-01,9.690867052876296350e-01,6.200000000000015221e-02
0.000000000000000000e+00,9.390000000000000568e-01,1.199999999999999852e-02,4.542138316710085633e+01,7.743343421526564339e-08,1.093313343672437595e-04,5.200000000000004619e-02,9.587781292268051647e-01,9.702607512059583383e-01,6.400000000000004297e-02
0.000000000000000000e+00,9.390000000000000568e-01,1.299999999999999767e-02,4.331930154988064885e+01,6.682323919212174560e-08,1.042384589965890146e-04,5.000000000000004441e-02,9.437607341768786684e-01,9.542343401371905509e-01,6.300000000000004208e-02
0.000000000000000000e+00,9.390000000000000568e-01,1.399999999999999682e-02,4.353743700287787988e+01,6.788150217048555594e-08,1.067456537368569069e-04,5.000000000000004441e-02,9.484055685643741906e-01,9.559677823375096750e-01,6.400000000000004297e-02
0.000000000000000000e+00,9.390000000000000568e-01,1.499999999999999598e-02,4.455742474184412316e+01,7.293706702528512933e-08,1.053889959468000485e-04,5.000000000000004441e-02,9.464421470315361740e-01,9.582574153216281143e-01,6.500000000000004385e-02
0.000000000000000000e+00,9.390000000000000568e-01,1.599999999999999339e-02,4.494777626724631148e+01,7.607453102843337799e-08,1.025193734481347739e-04,4.899999999999993250e-02,9.414728237661534882e-01,9.456314683500652851e-01,6.499999999999991895e-02
0.000000000000000000e+00,9.390000000000000568e-01,1.699999999999999428e-02,4.513554054974705565e+01,7.727573056760914914e-08,9.743217747832732081e-05,4.800000000000004263e-02,9.406869140971532151e-01,9.413858469615649094e-01,6.500000000000002998e-02
0.000000000000000000e+00,9.390000000000000568e-01,1.799999999999999517e-02,4.474586607125399240e+01,7.494548726589295303e-08,9.264021887901501776e-05,4.700000000000015277e-02,9.407333547242746619e-01,9.438619892803877809e-01,6.500000000000014100e-02
0.000000000000000000e+00,9.390000000000000568e-01,1.899999999999999259e-02,4.468848388509135816e+01,7.466539276614947312e-08,9.591025544588897779e-05,4.700000000000015277e-02,9.461062553662291652e-01,9.425876130295847144e-01,6.600000000000014189e-02
0.000000000000000000e+00,9.390000000000000568e-01,1.999999999999999001e-02,4.479991051433583493e+01,7.521280348980891164e-08,9.845493491405208925e-05,4.700000000000015277e-02,9.504746185285751769e-01,9.442808451810064119e-01,6.700000000000014277e-02
0.000000000000000000e+00,9.390000000000000568e-01,2.099999999999999090e-02,4.561852699831862168e+01,7.929703086014249098e-08,9.778703789359557345e-05,4.700000000000015277e-02,9.499286304614160681e-01,9.482256418129562103e-01,6.800000000000014366e-02
0.000000000000000000e+00,9.390000000000000568e-01,2.199999999999999178e-02,4.626982792043592241e+01,8.261343358631466659e-08,9.790976079688553345e-05,4.700000000000015277e-02,9.507937747366550507e-01,9.526186013749802228e-01,6.900000000000014455e-02
0.000000000000000000e+00,9.390000000000000568e-01,2.299999999999998920e-02,4.646533313970276424e+01,8.362283883186458737e-08,1.002009006491760303e-04,4.700000000000015277e-02,9.541637060608202381e-01,9.531602626151115532e-01,7.000000000000014544e-02
0.000000000000000000e+00,9.390000000000000568e-01,2.399999999999998662e-02,4.669476027568781973e+01,8.481900843041671099e-08,1.023580582106421694e-04,4.700000000000015277e-02,9.570692220801656491e-01,9.539966728229856141e-01,7.100000000000014633e-02
0.000000000000000000e+00,9.390000000000000568e-01,2.499999999999998751e-02,4.709252604492598238e+01,8.691709973628034387e-08,1.036896773178716188e-04,4.700000000000015277e-02,9.588935260442806863e-01,9.566779151992332864e-01,7.200000000000014722e-02
0.000000000000000000e+00,9.390000000000000568e-01,2.599999999999998840e-02,4.743358973640783915e+01,8.873882315103357583e-08,1.053339565484800891e-04,4.700000000000015277e-02,9.608217702845402997e-01,9.583349311754806310e-01,7.300000000000014810e-02
0.000000000000000000e+00,9.390000000000000568e-01,2.699999999999998929e-02,4.739997575705660182e+01,8.855775566932407432e-08,1.090918926795120595e-04,4.700000000000015277e-02,9.636972124653616634e-01,9.512337620265074456e-01,7.400000000000014899e-02
0.000000000000000000e+00,9.390000000000000568e-01,2.799999999999998324e-02,4.764773410298065670e+01,8.990255914930106747e-08,1.112715454847488681e-04,4.700000000000015277e-02,9.655995769422257569e-01,9.519506792739999002e-01,7.500000000000013600e-02
0.000000000000000000e+00,9.390000000000000568e-01,2.899999999999998412e-02,4.808275765113207711e+01,9.229218010354480940e-08,1.124232366564402170e-04,4.700000000000015277e-02,9.663967249685244676e-01,9.547752797418672666e-01,7.600000000000013689e-02
0.000000000000000000e+00,9.390000000000000568e-01,2.999999999999998501e-02,4.519015473369118752e+01,7.420838842587181064e-08,1.113867896576062246e-04,4.600000000000004086e-02,9.395488381474708106e-01,9.546171866695503105e-01,7.600000000000002587e-02
0.000000000000000000e+00,9.390000000000000568e-01,3.099999999999998590e-02,4.567340776737111696e+01,7.662051069045774656e-08,1.125031709855545489e-04,4.600000000000004086e-02,9.410317261253141607e-01,9.571505792355425868e-01,7.700000000000002676e-02
0.000000000000000000e+00,9.390000000000000568e-01,3.199999999999997985e-02,4.604045095530021570e+01,7.848013167015209677e-08,1.143535754828570275e-04,4.600000000000004086e-02,9.432042097014845528e-01,9.578297547151581881e-01,7.800000000000001377e-02
0.000000000000000000e+00,9.390000000000000568e-01,3.299999999999998074e-02,4.624712850409047604e+01,7.953965584284173765e-08,1.172865887872797432e-04,4.600000000000004086e-02,9.460834226159448024e-01,9.545363014318747341e-01,7.900000000000001465e-02
0.000000000000000000e+00,9.390000000000000568e-01,3.399999999999998163e-02,4.478294795018293684e+01,7.073385294507232155e-08,1.135398788099253013e-04,4.499999999999992895e-02,9.401878108915420196e-01,9.586021170986831486e-01,7.899999999999990363e-02
0.000000000000000000e+00,9.390000000000000568e-01,3.499999999999998251e-02,4.502361924405333582e+01,7.189679717749450009e-08,1.163881663650493520e-04,4.499999999999992895e-02,9.429308100149802474e-01,9.552203647461930958e-01,7.999999999999990452e-02
0.000000000000000000e+00,9.390000000000000568e-01,3.599999999999997646e-02,4.549065781462493874e+01,7.418485904583862090e-08,1.176308904031167268e-04,4.499999999999992895e-02,9.439129007038317143e-01,9.571988825073459717e-01,8.099999999999990541e-02
0.000000000000000000e+00,9.390000000000000568e-01,3.699999999999997735e-02,4.600023793934258975e+01,7.672313249709389191e-08,1.185873673179686658e-04,4.499999999999992895e-02,9.444268229942747173e-01,9.593911533230926603e-01,8.199999999999990630e-02
0.000000000000000000e+00,9.390000000000000568e-01,3.799999999999997824e-02,4.634182296253074185e+01,7.845019390015591856e-08,1.207333570666109632e-04,4.499999999999992895e-02,9.461547267553117591e-01,9.585610035315336175e-01,8.299999999999990719e-02
0.000000000000000000e+00,9.390000000000000568e-01,3.899999999999997913e-02,4.469010254044025743e+01,6.866001072857077451e-08,1.177393885821965633e-04,4.400000000000003908e-02,9.393404285040245494e-01,9.597389160125631147e-01,8.300000000000001821e-02
0.000000000000000000e+00,9.390000000000000568e-01,3.999999999999997308e-02,4.505113579300915916e+01,7.037255636540783795e-08,1.198440705213186158e-04,4.400000000000003908e-02,9.409910468635482861e-01,9.588047563939950946e-01,8.400000000000001910e-02
0.000000000000000000e+00,9.390000000000000568e-01,4.099999999999997397e-02,4.533938999598360198e+01,7.175805158428962627e-08,1.225262134283313222e-04,4.400000000000003908e-02,9.430107511296179634e-01,9.557328413813100942e-01,8.500000000000001998e-02
0.000000000000000000e+00,9.390000000000000568e-01,4.199999999999997485e-02,4.567974178169648525e+01,7.341511535612420917e-08,1.247808155533600420e-04,4.400000000000003908e-02,9.445320288913003903e-01,9.546843484712518313e-01,8.600000000000002087e-02
0.000000000000000000e+00,9.390000000000000568e-01,4.299999999999997574e-02,4.606596215729880583e+01,7.532172588142268288e-08,1.266597427074815565e-04,4.400000000000003908e-02,9.455965213767336675e-01,9.549021369007275606e-01,8.700000000000002176e-02
0.000000000000000000e+00,9.390000000000000568e-01,4.399999999999997663e-02,4.649284629879399944e+01,7.746019443877326655e-08,1.282081583686284221e-04,4.400000000000003908e-02,9.462449797242452609e-01,9.559022850274851990e-01,8.800000000000002265e-02
0.000000000000000000e+00,9.390000000000000568e-01,4.499999999999997058e-02,4.687621550124862324e+01,7.940858033120603391e-08,1.301139389465409127e-04,4.400000000000003908e-02,9.471687542931513937e-01,9.558717810369011803e-01,8.900000000000000966e-02
0.000000000000000000e+00,9.390000000000000568e-01,4.599999999999997147e-02,4.729851506419240081e+01,8.158548874118004290e-08,1.316944256680474578e-04,4.400000000000003908e-02,9.477063211655005759e-01,9.566491886780121856e-01,9.000000000000001055e-02
0.000000000000000000e+00,9.390000000000000568e-01,4.699999999999997236e-02,4.764842959992578386e+01,8.341404448216177496e-08,1.338909752455306340e-04,4.400000000000003908e-02,9.487337447925417999e-01,9.556161228405547492e-01,9.100000000000001144e-02
0.000000000000000000e+00,9.390000000000000568e-01,4.799999999999996630e-02,4.792412014935139553e+01,8.487206144943645290e-08,1.367569062326749784e-04,4.400000000000003908e-02,9.501639637047668563e-01,9.521940273461259041e-01,9.199999999999999845e-02
0.000000000000000000e+00,9.390000000000000568e-01,4.899999999999996719e-02,4.826006021959434378e+01,8.666967357563866709e-08,1.390715126605184177e-04,4.400000000000003908e-02,9.511122479108630179e-01,9.512004094128755360e-01,9.299999999999999933e-02
0.000000000000000000e+00,9.400000000000000577e-01,1.000000000000000021e-02,4.133788392043305748e+01,5.626227618401798036e-08,1.060588469348972750e-04,5.100000000000015632e-02,9.533924524213235330e-01,9.715715291026306710e-01,6.100000000000015826e-02
0.000000000000000000e+00,9.400000000000000577e-01,1.099999999999999936e-02,4.150942226104371713e+01,5.703596645864353651e-08,1.093303754466008770e-04,5.100000000000015632e-02,9.577124754347009494e-01,9.690867052876296350e-01,6.200000000000015221e-02
0.000000000000000000e+00,9.400000000000000577e-01,1.199999999999999852e-02,4.542138316710085633e+01,7.743343421526564339e-08,1.093313343672437595e-04,5.200000000000004619e-02,9.587781292268051647e-01,9.702607512059583383e-01,6.400000000000004297e-02
0.000000000000000000e+00,9.400000000000000577e-01,1.299999999999999767e-02,4.331930154988064885e+01,6.682323919212174560e-08,1.042384589965890146e-04,5.000000000000004441e-02,9.437607341768786684e-01,9.542343401371905509e-01,6.300000000000004208e-02
0.000000000000000000e+00,9.400000000000000577e-01,1.399999999999999682e-02,4.353743700287787988e+01,6.788150217048555594e-08,1.067456537368569069e-04,5.000000000000004441e-02,9.484055685643741906e-01,9.559677823375096750e-01,6.400000000000004297e-02
0.000000000000000000e+00,9.400000000000000577e-01,1.499999999999999598e-02,4.455742474184412316e+01,7.293706702528512933e-08,1.053889959468000485e-04,5.000000000000004441e-02,9.464421470315361740e-01,9.582574153216281143e-01,6.500000000000004385e-02
0.000000000000000000e+00,9.400000000000000577e-01,1.599999999999999339e-02,4.494777626724631148e+01,7.607453102843337799e-08,1.025193734481347739e-04,4.899999999999993250e-02,9.414728237661534882e-01,9.456314683500652851e-01,6.499999999999991895e-02
0.000000000000000000e+00,9.400000000000000577e-01,1.699999999999999428e-02,4.513554054974705565e+01,7.727573056760914914e-08,9.743217747832732081e-05,4.800000000000004263e-02,9.406869140971532151e-01,9.413858469615649094e-01,6.500000000000002998e-02
0.000000000000000000e+00,9.400000000000000577e-01,1.799999999999999517e-02,4.474586607125399240e+01,7.494548726589295303e-08,9.264021887901501776e-05,4.700000000000015277e-02,9.407333547242746619e-01,9.438619892803877809e-01,6.500000000000014100e-02
0.000000000000000000e+00,9.400000000000000577e-01,1.899999999999999259e-02,4.468848388509135816e+01,7.466539276614947312e-08,9.591025544588897779e-05,4.700000000000015277e-02,9.461062553662291652e-01,9.425876130295847144e-01,6.600000000000014189e-02
0.000000000000000000e+00,9.400000000000000577e-01,1.999999999999999001e-02,4.479991051433583493e+01,7.521280348980891164e-08,9.845493491405208925e-05,4.700000000000015277e-02,9.504746185285751769e-01,9.442808451810064119e-01,6.700000000000014277e-02
0.000000000000000000e+00,9.400000000000000577e-01,2.099999999999999090e-02,4.561852699831862168e+01,7.929703086014249098e-08,9.778703789359557345e-05,4.700000000000015277e-02,9.499286304614160681e-01,9.482256418129562103e-01,6.800000000000014366e-02
0.000000000000000000e+00,9.400000000000000577e-01,2.199999999999999178e-02,4.626982792043592241e+01,8.261343358631466659e-08,9.790976079688553345e-05,4.700000000000015277e-02,9.507937747366550507e-01,9.526186013749802228e-01,6.900000000000014455e-02
0.000000000000000000e+00,9.400000000000000577e-01,2.299999999999998920e-02,4.646533313970276424e+01,8.362283883186458737e-08,1.002009006491760303e-04,4.700000000000015277e-02,9.541637060608202381e-01,9.531602626151115532e-01,7.000000000000014544e-02
0.000000000000000000e+00,9.400000000000000577e-01,2.399999999999998662e-02,4.669476027568781973e+01,8.481900843041671099e-08,1.023580582106421694e-04,4.700000000000015277e-02,9.570692220801656491e-01,9.539966728229856141e-01,7.100000000000014633e-02
0.000000000000000000e+00,9.400000000000000577e-01,2.499999999999998751e-02,4.709252604492598238e+01,8.691709973628034387e-08,1.036896773178716188e-04,4.700000000000015277e-02,9.588935260442806863e-01,9.566779151992332864e-01,7.200000000000014722e-02
0.000000000000000000e+00,9.400000000000000577e-01,2.599999999999998840e-02,4.743358973640783915e+01,8.873882315103357583e-08,1.053339565484800891e-04,4.700000000000015277e-02,9.608217702845402997e-01,9.583349311754806310e-01,7.300000000000014810e-02
0.000000000000000000e+00,9.400000000000000577e-01,2.699999999999998929e-02,4.739997575705660182e+01,8.855775566932407432e-08,1.090918926795120595e-04,4.700000000000015277e-02,9.636972124653616634e-01,9.512337620265074456e-01,7.400000000000014899e-02
0.000000000000000000e+00,9.400000000000000577e-01,2.799999999999998324e-02,4.764773410298065670e+01,8.990255914930106747e-08,1.112715454847488681e-04,4.700000000000015277e-02,9.655995769422257569e-01,9.519506792739999002e-01,7.500000000000013600e-02
0.000000000000000000e+00,9.400000000000000577e-01,2.899999999999998412e-02,4.808275765113207711e+01,9.229218010354480940e-08,1.124232366564402170e-04,4.700000000000015277e-02,9.663967249685244676e-01,9.547752797418672666e-01,7.600000000000013689e-02
0.000000000000000000e+00,9.400000000000000577e-01,2.999999999999998501e-02,4.838664534022461794e+01,9.398216321176414927e-08,1.143462314243116456e-04,4.700000000000015277e-02,9.677839103339768156e-01,9.556785784873202960e-01,7.700000000000013778e-02
0.000000000000000000e+00,9.400000000000000577e-01,3.099999999999998590e-02,4.567340776737111696e+01,7.662051069045774656e-08,1.125031709855545489e-04,4.600000000000004086e-02,9.410317261253141607e-01,9.571505792355425868e-01,7.700000000000002676e-02
0.000000000000000000e+00,9.400000000000000577e-01,3.199999999999997985e-02,4.604045095530021570e+01,7.848013167015209677e-08,1.143535754828570275e-04,4.600000000000004086e-02,9.432042097014845528e-01,9.578297547151581881e-01,7.800000000000001377e-02
0.000000000000000000e+00,9.400000000000000577e-01,3.299999999999998074e-02,4.624712850409047604e+01,7.953965584284173765e-08,1.172865887872797432e-04,4.600000000000004086e-02,9.460834226159448024e-01,9.545363014318747341e-01,7.900000000000001465e-02
0.000000000000000000e+00,9.400000000000000577e-01,3.399999999999998163e-02,4.478294795018293684e+01,7.073385294507232155e-08,1.135398788099253013e-04,4.499999999999992895e-02,9.401878108915420196e-01,9.586021170986831486e-01,7.899999999999990363e-02
0.000000000000000000e+00,9.400000000000000577e-01,3.499999999999998251e-02,4.502361924405333582e+01,7.189679717749450009e-08,1.163881663650493520e-04,4.499999999999992895e-02,9.429308100149802474e-01,9.552203647461930958e-01,7.999999999999990452e-02
0.000000000000000000e+00,9.400000000000000577e-01,3.599999999999997646e-02,4.549065781462493874e+01,7.418485904583862090e-08,1.176308904031167268e-04,4.499999999999992895e-02,9.439129007038317143e-01,9.571988825073459717e-01,8.099999999999990541e-02
0.000000000000000000e+00,9.400000000000000577e-01,3.699999999999997735e-02,4.600023793934258975e+01,7.672313249709389191e-08,1.185873673179686658e-04,4.499999999999992895e-02,9.444268229942747173e-01,9.593911533230926603e-01,8.199999999999990630e-02
0.000000000000000000e+00,9.400000000000000577e-01,3.799999999999997824e-02,4.634182296253074185e+01,7.845019390015591856e-08,1.207333570666109632e-04,4.499999999999992895e-02,9.461547267553117591e-01,9.585610035315336175e-01,8.299999999999990719e-02
0.000000000000000000e+00,9.400000000000000577e-01,3.899999999999997913e-02,4.660455208025551599e+01,7.979469706392860090e-08,1.234794830941641065e-04,4.499999999999992895e-02,9.482206559245428545e-01,9.555523456598176146e-01,8.399999999999990807e-02
0.000000000000000000e+00,9.400000000000000577e-01,3.999999999999997308e-02,4.505113579300915916e+01,7.037255636540783795e-08,1.198440705213186158e-04,4.400000000000003908e-02,9.409910468635482861e-01,9.588047563939950946e-01,8.400000000000001910e-02
0.000000000000000000e+00,9.400000000000000577e-01,4.099999999999997397e-02,4.533938999598360198e+01,7.175805158428962627e-08,1.225262134283313222e-04,4.400000000000003908e-02,9.430107511296179634e-01,9.557328413813100942e-01,8.500000000000001998e-02
0.000000000000000000e+00,9.400000000000000577e-01,4.199999999999997485e-02,4.567974178169648525e+01,7.341511535612420917e-08,1.247808155533600420e-04,4.400000000000003908e-02,9.445320288913003903e-01,9.546843484712518313e-01,8.600000000000002087e-02
0.000000000000000000e+00,9.400000000000000577e-01,4.299999999999997574e-02,4.606596215729880583e+01,7.532172588142268288e-08,1.266597427074815565e-04,4.400000000000003908e-02,9.455965213767336675e-01,9.549021369007275606e-01,8.700000000000002176e-02
0.000000000000000000e+00,9.400000000000000577e-01,4.399999999999997663e-02,4.649284629879399944e+01,7.746019443877326655e-08,1.282081583686284221e-04,4.400000000000003908e-02,9.462449797242452609e-01,9.559022850274851990e-01,8.800000000000002265e-02
0.000000000000000000e+00,9.400000000000000577e-01,4.499999999999997058e-02,4.687621550124862324e+01,7.940858033120603391e-08,1.301139389465409127e-04,4.400000000000003908e-02,9.471687542931513937e-01,9.558717810369011803e-01,8.900000000000000966e-02
0.000000000000000000e+00,9.400000000000000577e-01,4.599999999999997147e-02,4.729851506419240081e+01,8.158548874118004290e-08,1.316944256680474578e-04,4.400000000000003908e-02,9.477063211655005759e-01,9.566491886780121856e-01,9.000000000000001055e-02
0.000000000000000000e+00,9.400000000000000577e-01,4.699999999999997236e-02,4.764842959992578386e+01,8.341404448216177496e-08,1.338909752455306340e-04,4.400000000000003908e-02,9.487337447925417999e-01,9.556161228405547492e-01,9.100000000000001144e-02
0.000000000000000000e+00,9.400000000000000577e-01,4.799999999999996630e-02,4.792412014935139553e+01,8.487206144943645290e-08,1.367569062326749784e-04,4.400000000000003908e-02,9.501639637047668563e-01,9.521940273461259041e-01,9.199999999999999845e-02
0.000000000000000000e+00,9.400000000000000577e-01,4.899999999999996719e-02,4.826006021959434378e+01,8.666967357563866709e-08,1.390715126605184177e-04,4.400000000000003908e-02,9.511122479108630179e-01,9.512004094128755360e-01,9.299999999999999933e-02
0.000000000000000000e+00,9.410000000000000586e-01,1.000000000000000021e-02,4.133788392043305748e+01,5.626227618401798036e-08,1.060588469348972750e-04,5.100000000000015632e-02,9.533924524213235330e-01,9.715715291026306710e-01,6.100000000000015826e-02
0.000000000000000000e+00,9.410000000000000586e-01,1.099999999999999936e-02,4.150942226104371713e+01,5.703596645864353651e-08,1.093303754466008770e-04,5.100000000000015632e-02,9.577124754347009494e-01,9.690867052876296350e-01,6.200000000000015221e-02
0.000000000000000000e+00,9.410000000000000586e-01,1.199999999999999852e-02,4.542138316710085633e+01,7.743343421526564339e-08,1.093313343672437595e-04,5.200000000000004619e-02,9.587781292268051647e-01,9.702607512059583383e-01,6.400000000000004297e-02
0.000000000000000000e+00,9.410000000000000586e-01,1.299999999999999767e-02,4.331930154988064885e+01,6.682323919212174560e-08,1.042384589965890146e-04,5.000000000000004441e-02,9.437607341768786684e-01,9.542343401371905509e-01,6.300000000000004208e-02
0.000000000000000000e+00,9.410000000000000586e-01,1.399999999999999682e-02,4.353743700287787988e+01,6.788150217048555594e-08,1.067456537368569069e-04,5.000000000000004441e-02,9.484055685643741906e-01,9.559677823375096750e-01,6.400000000000004297e-02
0.000000000000000000e+00,9.410000000000000586e-01,1.499999999999999598e-02,4.455742474184412316e+01,7.293706702528512933e-08,1.053889959468000485e-04,5.000000000000004441e-02,9.464421470315361740e-01,9.582574153216281143e-01,6.500000000000004385e-02
0.000000000000000000e+00,9.410000000000000586e-01,1.599999999999999339e-02,4.494777626724631148e+01,7.607453102843337799e-08,1.025193734481347739e-04,4.899999999999993250e-02,9.414728237661534882e-01,9.456314683500652851e-01,6.499999999999991895e-02
0.000000000000000000e+00,9.410000000000000586e-01,1.699999999999999428e-02,4.565102452233925590e+01,7.853658924295650019e-08,1.073267769575788087e-04,5.000000000000004441e-02,9.503072144131144983e-01,9.624545417411415338e-01,6.700000000000003175e-02
0.000000000000000000e+00,9.410000000000000586e-01,1.799999999999999517e-02,4.522729537965884106e+01,7.773831388774221249e-08,1.000409297485637669e-04,4.800000000000004263e-02,9.457031666849607943e-01,9.435191110120790814e-01,6.600000000000003086e-02
0.000000000000000000e+00,9.410000000000000586e-01,1.899999999999999259e-02,4.468848388509135816e+01,7.466539276614947312e-08,9.591025544588897779e-05,4.700000000000015277e-02,9.461062553662291652e-01,9.425876130295847144e-01,6.600000000000014189e-02
0.000000000000000000e+00,9.410000000000000586e-01,1.999999999999999001e-02,4.479991051433583493e+01,7.521280348980891164e-08,9.845493491405208925e-05,4.700000000000015277e-02,9.504746185285751769e-01,9.442808451810064119e-01,6.700000000000014277e-02
0.000000000000000000e+00,9.410000000000000586e-01,2.099999999999999090e-02,4.561852699831862168e+01,7.929703086014249098e-08,9.778703789359557345e-05,4.700000000000015277e-02,9.499286304614160681e-01,9.482256418129562103e-01,6.800000000000014366e-02
0.000000000000000000e+00,9.410000000000000586e-01,2.199999999999999178e-02,4.626982792043592241e+01,8.261343358631466659e-08,9.790976079688553345e-05,4.700000000000015277e-02,9.507937747366550507e-01,9.526186013749802228e-01,6.900000000000014455e-02
0.000000000000000000e+00,9.410000000000000586e-01,2.299999999999998920e-02,4.646533313970276424e+01,8.362283883186458737e-08,1.002009006491760303e-04,4.700000000000015277e-02,9.541637060608202381e-01,9.531602626151115532e-01,7.000000000000014544e-02
0.000000000000000000e+00,9.410000000000000586e-01,2.399999999999998662e-02,4.669476027568781973e+01,8.481900843041671099e-08,1.023580582106421694e-04,4.700000000000015277e-02,9.570692220801656491e-01,9.539966728229856141e-01,7.100000000000014633e-02
0.000000000000000000e+00,9.410000000000000586e-01,2.499999999999998751e-02,4.709252604492598238e+01,8.691709973628034387e-08,1.036896773178716188e-04,4.700000000000015277e-02,9.588935260442806863e-01,9.566779151992332864e-01,7.200000000000014722e-02
0.000000000000000000e+00,9.410000000000000586e-01,2.599999999999998840e-02,4.743358973640783915e+01,8.873882315103357583e-08,1.053339565484800891e-04,4.700000000000015277e-02,9.608217702845402997e-01,9.583349311754806310e-01,7.300000000000014810e-02
0.000000000000000000e+00,9.410000000000000586e-01,2.699999999999998929e-02,4.739997575705660182e+01,8.855775566932407432e-08,1.090918926795120595e-04,4.700000000000015277e-02,9.636972124653616634e-01,9.512337620265074456e-01,7.400000000000014899e-02
0.000000000000000000e+00,9.410000000000000586e-01,2.799999999999998324e-02,4.764773410298065670e+01,8.990255914930106747e-08,1.112715454847488681e-04,4.700000000000015277e-02,9.655995769422257569e-01,9.519506792739999002e-01,7.500000000000013600e-02
0.000000000000000000e+00,9.410000000000000586e-01,2.899999999999998412e-02,4.808275765113207711e+01,9.229218010354480940e-08,1.124232366564402170e-04,4.700000000000015277e-02,9.663967249685244676e-01,9.547752797418672666e-01,7.600000000000013689e-02
0.000000000000000000e+00,9.410000000000000586e-01,2.999999999999998501e-02,4.838664534022461794e+01,9.398216321176414927e-08,1.143462314243116456e-04,4.700000000000015277e-02,9.677839103339768156e-01,9.556785784873202960e-01,7.700000000000013778e-02
0.000000000000000000e+00,9.410000000000000586e-01,3.099999999999998590e-02,4.567340776737111696e+01,7.662051069045774656e-08,1.125031709855545489e-04,4.600000000000004086e-02,9.410317261253141607e-01,9.571505792355425868e-01,7.700000000000002676e-02
0.000000000000000000e+00,9.410000000000000586e-01,3.199999999999997985e-02,4.604045095530021570e+01,7.848013167015209677e-08,1.143535754828570275e-04,4.600000000000004086e-02,9.432042097014845528e-01,9.578297547151581881e-01,7.800000000000001377e-02
0.000000000000000000e+00,9.410000000000000586e-01,3.299999999999998074e-02,4.624712850409047604e+01,7.953965584284173765e-08,1.172865887872797432e-04,4.600000000000004086e-02,9.460834226159448024e-01,9.545363014318747341e-01,7.900000000000001465e-02
0.000000000000000000e+00,9.410000000000000586e-01,3.399999999999998163e-02,4.670514788548562990e+01,8.191761031170871435e-08,1.185316291104518372e-04,4.600000000000004086e-02,9.472039477988534184e-01,9.566791963708652924e-01,8.000000000000001554e-02
0.000000000000000000e+00,9.410000000000000586e-01,3.499999999999998251e-02,4.502361924405333582e+01,7.189679717749450009e-08,1.163881663650493520e-04,4.499999999999992895e-02,9.429308100149802474e-01,9.552203647461930958e-01,7.999999999999990452e-02
0.000000000000000000e+00,9.410000000000000586e-01,3.599999999999997646e-02,4.549065781462493874e+01,7.418485904583862090e-08,1.176308904031167268e-04,4.499999999999992895e-02,9.439129007038317143e-01,9.571988825073459717e-01,8.099999999999990541e-02
0.000000000000000000e+00,9.410000000000000586e-01,3.699999999999997735e-02,4.600023793934258975e+01,7.672313249709389191e-08,1.185873673179686658e-04,4.499999999999992895e-02,9.444268229942747173e-01,9.593911533230926603e-01,8.199999999999990630e-02
0.000000000000000000e+00,9.410000000000000586e-01,3.799999999999997824e-02,4.634182296253074185e+01,7.845019390015591856e-08,1.207333570666109632e-04,4.499999999999992895e-02,9.461547267553117591e-01,9.585610035315336175e-01,8.299999999999990719e-02
0.000000000000000000e+00,9.410000000000000586e-01,3.899999999999997913e-02,4.660455208025551599e+01,7.979469706392860090e-08,1.234794830941641065e-04,4.499999999999992895e-02,9.482206559245428545e-01,9.555523456598176146e-01,8.399999999999990807e-02
0.000000000000000000e+00,9.410000000000000586e-01,3.999999999999997308e-02,4.692594384963129528e+01,8.145888695755512815e-08,1.257757496100272705e-04,4.499999999999992895e-02,9.497876819110859792e-01,9.546036924657484990e-01,8.499999999999990896e-02
0.000000000000000000e+00,9.410000000000000586e-01,4.099999999999997397e-02,4.533938999598360198e+01,7.175805158428962627e-08,1.225262134283313222e-04,4.400000000000003908e-02,9.430107511296179634e-01,9.557328413813100942e-01,8.500000000000001998e-02
0.000000000000000000e+00,9.410000000000000586e-01,4.199999999999997485e-02,4.567974178169648525e+01,7.341511535612420917e-08,1.247808155533600420e-04,4.400000000000003908e-02,9.445320288913003903e-01,9.546843484712518313e-01,8.600000000000002087e-02
0.000000000000000000e+00,9.410000000000000586e-01,4.299999999999997574e-02,4.606596215729880583e+01,7.532172588142268288e-08,1.266597427074815565e-04,4.400000000000003908e-02,9.455965213767336675e-01,9.549021369007275606e-01,8.700000000000002176e-02
0.000000000000000000e+00,9.410000000000000586e-01,4.399999999999997663e-02,4.649284629879399944e+01,7.746019443877326655e-08,1.282081583686284221e-04,4.400000000000003908e-02,9.462449797242452609e-01,9.559022850274851990e-01,8.800000000000002265e-02
0.000000000000000000e+00,9.410000000000000586e-01,4.499999999999997058e-02,4.687621550124862324e+01,7.940858033120603391e-08,1.301139389465409127e-04,4.400000000000003908e-02,9.471687542931513937e-01,9.558717810369011803e-01,8.900000000000000966e-02
0.000000000000000000e+00,9.410000000000000586e-01,4.599999999999997147e-02,4.729851506419240081e+01,8.158548874118004290e-08,1.316944256680474578e-04,4.400000000000003908e-02,9.477063211655005759e-01,9.566491886780121856e-01,9.000000000000001055e-02
0.000000000000000000e+00,9.410000000000000586e-01,4.699999999999997236e-02,4.764842959992578386e+01,8.341404448216177496e-08,1.338909752455306340e-04,4.400000000000003908e-02,9.487337447925417999e-01,9.556161228405547492e-01,9.100000000000001144e-02
0.000000000000000000e+00,9.410000000000000586e-01,4.799999999999996630e-02,4.792412014935139553e+01,8.487206144943645290e-08,1.367569062326749784e-04,4.400000000000003908e-02,9.501639637047668563e-01,9.521940273461259041e-01,9.199999999999999845e-02
0.000000000000000000e+00,9.410000000000000586e-01,4.899999999999996719e-02,4.826006021959434378e+01,8.666967357563866709e-08,1.390715126605184177e-04,4.400000000000003908e-02,9.511122479108630179e-01,9.512004094128755360e-01,9.299999999999999933e-02
0.000000000000000000e+00,9.420000000000000595e-01,1.000000000000000021e-02,4.133788392043305748e+01,5.626227618401798036e-08,1.060588469348972750e-04,5.100000000000015632e-02,9.533924524213235330e-01,9.715715291026306710e-01,6.100000000000015826e-02
0.000000000000000000e+00,9.420000000000000595e-01,1.099999999999999936e-02,4.150942226104371713e+01,5.703596645864353651e-08,1.093303754466008770e-04,5.100000000000015632e-02,9.577124754347009494e-01,9.690867052876296350e-01,6.200000000000015221e-02
0.000000000000000000e+00,9.420000000000000595e-01,1.199999999999999852e-02,4.542138316710085633e+01,7.743343421526564339e-08,1.093313343672437595e-04,5.200000000000004619e-02,9.587781292268051647e-01,9.702607512059583383e-01,6.400000000000004297e-02
0.000000000000000000e+00,9.420000000000000595e-01,1.299999999999999767e-02,4.331930154988064885e+01,6.682323919212174560e-08,1.042384589965890146e-04,5.000000000000004441e-02,9.437607341768786684e-01,9.542343401371905509e-01,6.300000000000004208e-02
0.000000000000000000e+00,9.420000000000000595e-01,1.399999999999999682e-02,4.353743700287787988e+01,6.788150217048555594e-08,1.067456537368569069e-04,5.000000000000004441e-02,9.484055685643741906e-01,9.559677823375096750e-01,6.400000000000004297e-02
0.000000000000000000e+00,9.420000000000000595e-01,1.499999999999999598e-02,4.455742474184412316e+01,7.293706702528512933e-08,1.053889959468000485e-04,5.000000000000004441e-02,9.464421470315361740e-01,9.582574153216281143e-01,6.500000000000004385e-02
0.000000000000000000e+00,9.420000000000000595e-01,1.599999999999999339e-02,4.537243800946036032e+01,7.709072435538816109e-08,1.050443601459060371e-04,5.000000000000004441e-02,9.466013942508912926e-01,9.618754792602464132e-01,6.600000000000003086e-02
0.000000000000000000e+00,9.420000000000000595e-01,1.699999999999999428e-02,4.565102452233925590e+01,7.853658924295650019e-08,1.073267769575788087e-04,5.000000000000004441e-02,9.503072144131144983e-01,9.624545417411415338e-01,6.700000000000003175e-02
0.000000000000000000e+00,9.420000000000000595e-01,1.799999999999999517e-02,4.522729537965884106e+01,7.773831388774221249e-08,1.000409297485637669e-04,4.800000000000004263e-02,9.457031666849607943e-01,9.435191110120790814e-01,6.600000000000003086e-02
0.000000000000000000e+00,9.420000000000000595e-01,1.899999999999999259e-02,4.468848388509135816e+01,7.466539276614947312e-08,9.591025544588897779e-05,4.700000000000015277e-02,9.461062553662291652e-01,9.425876130295847144e-01,6.600000000000014189e-02
0.000000000000000000e+00,9.420000000000000595e-01,1.999999999999999001e-02,4.479991051433583493e+01,7.521280348980891164e-08,9.845493491405208925e-05,4.700000000000015277e-02,9.504746185285751769e-01,9.442808451810064119e-01,6.700000000000014277e-02
0.000000000000000000e+00,9.420000000000000595e-01,2.099999999999999090e-02,4.561852699831862168e+01,7.929703086014249098e-08,9.778703789359557345e-05,4.700000000000015277e-02,9.499286304614160681e-01,9.482256418129562103e-01,6.800000000000014366e-02
0.000000000000000000e+00,9.420000000000000595e-01,2.199999999999999178e-02,4.626982792043592241e+01,8.261343358631466659e-08,9.790976079688553345e-05,4.700000000000015277e-02,9.507937747366550507e-01,9.526186013749802228e-01,6.900000000000014455e-02
0.000000000000000000e+00,9.420000000000000595e-01,2.299999999999998920e-02,4.646533313970276424e+01,8.362283883186458737e-08,1.002009006491760303e-04,4.700000000000015277e-02,9.541637060608202381e-01,9.531602626151115532e-01,7.000000000000014544e-02
0.000000000000000000e+00,9.420000000000000595e-01,2.399999999999998662e-02,4.669476027568781973e+01,8.481900843041671099e-08,1.023580582106421694e-04,4.700000000000015277e-02,9.570692220801656491e-01,9.539966728229856141e-01,7.100000000000014633e-02
0.000000000000000000e+00,9.420000000000000595e-01,2.499999999999998751e-02,4.709252604492598238e+01,8.691709973628034387e-08,1.036896773178716188e-04,4.700000000000015277e-02,9.588935260442806863e-01,9.566779151992332864e-01,7.200000000000014722e-02
0.000000000000000000e+00,9.420000000000000595e-01,2.599999999999998840e-02,4.743358973640783915e+01,8.873882315103357583e-08,1.053339565484800891e-04,4.700000000000015277e-02,9.608217702845402997e-01,9.583349311754806310e-01,7.300000000000014810e-02
0.000000000000000000e+00,9.420000000000000595e-01,2.699999999999998929e-02,4.739997575705660182e+01,8.855775566932407432e-08,1.090918926795120595e-04,4.700000000000015277e-02,9.636972124653616634e-01,9.512337620265074456e-01,7.400000000000014899e-02
0.000000000000000000e+00,9.420000000000000595e-01,2.799999999999998324e-02,4.764773410298065670e+01,8.990255914930106747e-08,1.112715454847488681e-04,4.700000000000015277e-02,9.655995769422257569e-01,9.519506792739999002e-01,7.500000000000013600e-02
0.000000000000000000e+00,9.420000000000000595e-01,2.899999999999998412e-02,4.808275765113207711e+01,9.229218010354480940e-08,1.124232366564402170e-04,4.700000000000015277e-02,9.663967249685244676e-01,9.547752797418672666e-01,7.600000000000013689e-02
0.000000000000000000e+00,9.420000000000000595e-01,2.999999999999998501e-02,4.838664534022461794e+01,9.398216321176414927e-08,1.143462314243116456e-04,4.700000000000015277e-02,9.677839103339768156e-01,9.556785784873202960e-01,7.700000000000013778e-02
0.000000000000000000e+00,9.420000000000000595e-01,3.099999999999998590e-02,4.851010183172378731e+01,9.467521213275998079e-08,1.174039151788503599e-04,4.700000000000015277e-02,9.696816413564216530e-01,9.524679509233807684e-01,7.800000000000013867e-02
0.000000000000000000e+00,9.420000000000000595e-01,3.199999999999997985e-02,4.604045095530021570e+01,7.848013167015209677e-08,1.143535754828570275e-04,4.600000000000004086e-02,9.432042097014845528e-01,9.578297547151581881e-01,7.800000000000001377e-02
0.000000000000000000e+00,9.420000000000000595e-01,3.299999999999998074e-02,4.624712850409047604e+01,7.953965584284173765e-08,1.172865887872797432e-04,4.600000000000004086e-02,9.460834226159448024e-01,9.545363014318747341e-01,7.900000000000001465e-02
0.000000000000000000e+00,9.420000000000000595e-01,3.399999999999998163e-02,4.670514788548562990e+01,8.191761031170871435e-08,1.185316291104518372e-04,4.600000000000004086e-02,9.472039477988534184e-01,9.566791963708652924e-01,8.000000000000001554e-02
0.000000000000000000e+00,9.420000000000000595e-01,3.499999999999998251e-02,4.502361924405333582e+01,7.189679717749450009e-08,1.163881663650493520e-04,4.499999999999992895e-02,9.429308100149802474e-01,9.552203647461930958e-01,7.999999999999990452e-02
0.000000000000000000e+00,9.420000000000000595e-01,3.599999999999997646e-02,4.549065781462493874e+01,7.418485904583862090e-08,1.176308904031167268e-04,4.499999999999992895e-02,9.439129007038317143e-01,9.571988825073459717e-01,8.099999999999990541e-02
0.000000000000000000e+00,9.420000000000000595e-01,3.699999999999997735e-02,4.600023793934258975e+01,7.672313249709389191e-08,1.185873673179686658e-04,4.499999999999992895e-02,9.444268229942747173e-01,9.593911533230926603e-01,8.199999999999990630e-02
0.000000000000000000e+00,9.420000000000000595e-01,3.799999999999997824e-02,4.634182296253074185e+01,7.845019390015591856e-08,1.207333570666109632e-04,4.499999999999992895e-02,9.461547267553117591e-01,9.585610035315336175e-01,8.299999999999990719e-02
0.000000000000000000e+00,9.420000000000000595e-01,3.899999999999997913e-02,4.660455208025551599e+01,7.979469706392860090e-08,1.234794830941641065e-04,4.499999999999992895e-02,9.482206559245428545e-01,9.555523456598176146e-01,8.399999999999990807e-02
0.000000000000000000e+00,9.420000000000000595e-01,3.999999999999997308e-02,4.692594384963129528e+01,8.145888695755512815e-08,1.257757496100272705e-04,4.499999999999992895e-02,9.497876819110859792e-01,9.546036924657484990e-01,8.499999999999990896e-02
0.000000000000000000e+00,9.420000000000000595e-01,4.099999999999997397e-02,4.533938999598360198e+01,7.175805158428962627e-08,1.225262134283313222e-04,4.400000000000003908e-02,9.430107511296179634e-01,9.557328413813100942e-01,8.500000000000001998e-02
0.000000000000000000e+00,9.420000000000000595e-01,4.199999999999997485e-02,4.567974178169648525e+01,7.341511535612420917e-08,1.247808155533600420e-04,4.400000000000003908e-02,9.445320288913003903e-01,9.546843484712518313e-01,8.600000000000002087e-02
0.000000000000000000e+00,9.420000000000000595e-01,4.299999999999997574e-02,4.606596215729880583e+01,7.532172588142268288e-08,1.266597427074815565e-04,4.400000000000003908e-02,9.455965213767336675e-01,9.549021369007275606e-01,8.700000000000002176e-02
0.000000000000000000e+00,9.420000000000000595e-01,4.399999999999997663e-02,4.649284629879399944e+01,7.746019443877326655e-08,1.282081583686284221e-04,4.400000000000003908e-02,9.462449797242452609e-01,9.559022850274851990e-01,8.800000000000002265e-02
0.000000000000000000e+00,9.420000000000000595e-01,4.499999999999997058e-02,4.687621550124862324e+01,7.940858033120603391e-08,1.301139389465409127e-04,4.400000000000003908e-02,9.471687542931513937e-01,9.558717810369011803e-01,8.900000000000000966e-02
0.000000000000000000e+00,9.420000000000000595e-01,4.599999999999997147e-02,4.729851506419240081e+01,8.158548874118004290e-08,1.316944256680474578e-04,4.400000000000003908e-02,9.477063211655005759e-01,9.566491886780121856e-01,9.000000000000001055e-02
0.000000000000000000e+00,9.420000000000000595e-01,4.699999999999997236e-02,4.764842959992578386e+01,8.341404448216177496e-08,1.338909752455306340e-04,4.400000000000003908e-02,9.487337447925417999e-01,9.556161228405547492e-01,9.100000000000001144e-02
0.000000000000000000e+00,9.420000000000000595e-01,4.799999999999996630e-02,4.792412014935139553e+01,8.487206144943645290e-08,1.367569062326749784e-04,4.400000000000003908e-02,9.501639637047668563e-01,9.521940273461259041e-01,9.199999999999999845e-02
0.000000000000000000e+00,9.420000000000000595e-01,4.899999999999996719e-02,4.826006021959434378e+01,8.666967357563866709e-08,1.390715126605184177e-04,4.400000000000003908e-02,9.511122479108630179e-01,9.512004094128755360e-01,9.299999999999999933e-02
0.000000000000000000e+00,9.430000000000000604e-01,1.000000000000000021e-02,4.133788392043305748e+01,5.626227618401798036e-08,1.060588469348972750e-04,5.100000000000015632e-02,9.533924524213235330e-01,9.715715291026306710e-01,6.100000000000015826e-02
0.000000000000000000e+00,9.430000000000000604e-01,1.099999999999999936e-02,4.150942226104371713e+01,5.703596645864353651e-08,1.093303754466008770e-04,5.100000000000015632e-02,9.577124754347009494e-01,9.690867052876296350e-01,6.200000000000015221e-02
0.000000000000000000e+00,9.430000000000000604e-01,1.199999999999999852e-02,4.542138316710085633e+01,7.743343421526564339e-08,1.093313343672437595e-04,5.200000000000004619e-02,9.587781292268051647e-01,9.702607512059583383e-01,6.400000000000004297e-02
0.000000000000000000e+00,9.430000000000000604e-01,1.299999999999999767e-02,4.331930154988064885e+01,6.682323919212174560e-08,1.042384589965890146e-04,5.000000000000004441e-02,9.437607341768786684e-01,9.542343401371905509e-01,6.300000000000004208e-02
0.000000000000000000e+00,9.430000000000000604e-01,1.399999999999999682e-02,4.353743700287787988e+01,6.788150217048555594e-08,1.067456537368569069e-04,5.000000000000004441e-02,9.484055685643741906e-01,9.559677823375096750e-01,6.400000000000004297e-02
0.000000000000000000e+00,9.430000000000000604e-01,1.499999999999999598e-02,4.455742474184412316e+01,7.293706702528512933e-08,1.053889959468000485e-04,5.000000000000004441e-02,9.464421470315361740e-01,9.582574153216281143e-01,6.500000000000004385e-02
0.000000000000000000e+00,9.430000000000000604e-01,1.599999999999999339e-02,4.537243800946036032e+01,7.709072435538816109e-08,1.050443601459060371e-04,5.000000000000004441e-02,9.466013942508912926e-01,9.618754792602464132e-01,6.600000000000003086e-02
0.000000000000000000e+00,9.430000000000000604e-01,1.699999999999999428e-02,4.565102452233925590e+01,7.853658924295650019e-08,1.073267769575788087e-04,5.000000000000004441e-02,9.503072144131144983e-01,9.624545417411415338e-01,6.700000000000003175e-02
0.000000000000000000e+00,9.430000000000000604e-01,1.799999999999999517e-02,4.522729537965884106e+01,7.773831388774221249e-08,1.000409297485637669e-04,4.800000000000004263e-02,9.457031666849607943e-01,9.435191110120790814e-01,6.600000000000003086e-02
0.000000000000000000e+00,9.430000000000000604e-01,1.899999999999999259e-02,4.608690961091082983e+01,8.213999795357289234e-08,9.922344980544267081e-05,4.800000000000004263e-02,9.453491829835886096e-01,9.474191229380343193e-01,6.700000000000003175e-02
0.000000000000000000e+00,9.430000000000000604e-01,1.999999999999999001e-02,4.479991051433583493e+01,7.521280348980891164e-08,9.845493491405208925e-05,4.700000000000015277e-02,9.504746185285751769e-01,9.442808451810064119e-01,6.700000000000014277e-02
0.000000000000000000e+00,9.430000000000000604e-01,2.099999999999999090e-02,4.561852699831862168e+01,7.929703086014249098e-08,9.778703789359557345e-05,4.700000000000015277e-02,9.499286304614160681e-01,9.482256418129562103e-01,6.800000000000014366e-02
0.000000000000000000e+00,9.430000000000000604e-01,2.199999999999999178e-02,4.626982792043592241e+01,8.261343358631466659e-08,9.790976079688553345e-05,4.700000000000015277e-02,9.507937747366550507e-01,9.526186013749802228e-01,6.900000000000014455e-02
0.000000000000000000e+00,9.430000000000000604e-01,2.299999999999998920e-02,4.646533313970276424e+01,8.362283883186458737e-08,1.002009006491760303e-04,4.700000000000015277e-02,9.541637060608202381e-01,9.531602626151115532e-01,7.000000000000014544e-02
0.000000000000000000e+00,9.430000000000000604e-01,2.399999999999998662e-02,4.669476027568781973e+01,8.481900843041671099e-08,1.023580582106421694e-04,4.700000000000015277e-02,9.570692220801656491e-01,9.539966728229856141e-01,7.100000000000014633e-02
0.000000000000000000e+00,9.430000000000000604e-01,2.499999999999998751e-02,4.709252604492598238e+01,8.691709973628034387e-08,1.036896773178716188e-04,4.700000000000015277e-02,9.588935260442806863e-01,9.566779151992332864e-01,7.200000000000014722e-02
0.000000000000000000e+00,9.430000000000000604e-01,2.599999999999998840e-02,4.743358973640783915e+01,8.873882315103357583e-08,1.053339565484800891e-04,4.700000000000015277e-02,9.608217702845402997e-01,9.583349311754806310e-01,7.300000000000014810e-02
0.000000000000000000e+00,9.430000000000000604e-01,2.699999999999998929e-02,4.739997575705660182e+01,8.855775566932407432e-08,1.090918926795120595e-04,4.700000000000015277e-02,9.636972124653616634e-01,9.512337620265074456e-01,7.400000000000014899e-02
0.000000000000000000e+00,9.430000000000000604e-01,2.799999999999998324e-02,4.764773410298065670e+01,8.990255914930106747e-08,1.112715454847488681e-04,4.700000000000015277e-02,9.655995769422257569e-01,9.519506792739999002e-01,7.500000000000013600e-02
0.000000000000000000e+00,9.430000000000000604e-01,2.899999999999998412e-02,4.808275765113207711e+01,9.229218010354480940e-08,1.124232366564402170e-04,4.700000000000015277e-02,9.663967249685244676e-01,9.547752797418672666e-01,7.600000000000013689e-02
0.000000000000000000e+00,9.430000000000000604e-01,2.999999999999998501e-02,4.838664534022461794e+01,9.398216321176414927e-08,1.143462314243116456e-04,4.700000000000015277e-02,9.677839103339768156e-01,9.556785784873202960e-01,7.700000000000013778e-02
0.000000000000000000e+00,9.430000000000000604e-01,3.099999999999998590e-02,4.851010183172378731e+01,9.467521213275998079e-08,1.174039151788503599e-04,4.700000000000015277e-02,9.696816413564216530e-01,9.524679509233807684e-01,7.800000000000013867e-02
0.000000000000000000e+00,9.430000000000000604e-01,3.199999999999997985e-02,4.604045095530021570e+01,7.848013167015209677e-08,1.143535754828570275e-04,4.600000000000004086e-02,9.432042097014845528e-01,9.578297547151581881e-01,7.800000000000001377e-02
0.000000000000000000e+00,9.430000000000000604e-01,3.299999999999998074e-02,4.624712850409047604e+01,7.953965584284173765e-08,1.172865887872797432e-04,4.600000000000004086e-02,9.460834226159448024e-01,9.545363014318747341e-01,7.900000000000001465e-02
0.000000000000000000e+00,9.430000000000000604e-01,3.399999999999998163e-02,4.670514788548562990e+01,8.191761031170871435e-08,1.185316291104518372e-04,4.600000000000004086e-02,9.472039477988534184e-01,9.566791963708652924e-01,8.000000000000001554e-02
0.000000000000000000e+00,9.430000000000000604e-01,3.499999999999998251e-02,4.721064443800187860e+01,8.458342008460243028e-08,1.194765334904791213e-04,4.600000000000004086e-02,9.478360846880456991e-01,9.590091646520069180e-01,8.100000000000001643e-02
0.000000000000000000e+00,9.430000000000000604e-01,3.599999999999997646e-02,4.549065781462493874e+01,7.418485904583862090e-08,1.176308904031167268e-04,4.499999999999992895e-02,9.439129007038317143e-01,9.571988825073459717e-01,8.099999999999990541e-02
0.000000000000000000e+00,9.430000000000000604e-01,3.699999999999997735e-02,4.600023793934258975e+01,7.672313249709389191e-08,1.185873673179686658e-04,4.499999999999992895e-02,9.444268229942747173e-01,9.593911533230926603e-01,8.199999999999990630e-02
0.000000000000000000e+00,9.430000000000000604e-01,3.799999999999997824e-02,4.634182296253074185e+01,7.845019390015591856e-08,1.207333570666109632e-04,4.499999999999992895e-02,9.461547267553117591e-01,9.585610035315336175e-01,8.299999999999990719e-02
0.000000000000000000e+00,9.430000000000000604e-01,3.899999999999997913e-02,4.660455208025551599e+01,7.979469706392860090e-08,1.234794830941641065e-04,4.499999999999992895e-02,9.482206559245428545e-01,9.555523456598176146e-01,8.399999999999990807e-02
0.000000000000000000e+00,9.430000000000000604e-01,3.999999999999997308e-02,4.692594384963129528e+01,8.145888695755512815e-08,1.257757496100272705e-04,4.499999999999992895e-02,9.497876819110859792e-01,9.546036924657484990e-01,8.499999999999990896e-02
0.000000000000000000e+00,9.430000000000000604e-01,4.099999999999997397e-02,4.533938999598360198e+01,7.175805158428962627e-08,1.225262134283313222e-04,4.400000000000003908e-02,9.430107511296179634e-01,9.557328413813100942e-01,8.500000000000001998e-02
0.000000000000000000e+00,9.430000000000000604e-01,4.199999999999997485e-02,4.567974178169648525e+01,7.341511535612420917e-08,1.247808155533600420e-04,4.400000000000003908e-02,9.445320288913003903e-01,9.546843484712518313e-01,8.600000000000002087e-02
0.000000000000000000e+00,9.430000000000000604e-01,4.299999999999997574e-02,4.606596215729880583e+01,7.532172588142268288e-08,1.266597427074815565e-04,4.400000000000003908e-02,9.455965213767336675e-01,9.549021369007275606e-01,8.700000000000002176e-02
0.000000000000000000e+00,9.430000000000000604e-01,4.399999999999997663e-02,4.649284629879399944e+01,7.746019443877326655e-08,1.282081583686284221e-04,4.400000000000003908e-02,9.462449797242452609e-01,9.559022850274851990e-01,8.800000000000002265e-02
0.000000000000000000e+00,9.430000000000000604e-01,4.499999999999997058e-02,4.687621550124862324e+01,7.940858033120603391e-08,1.301139389465409127e-04,4.400000000000003908e-02,9.471687542931513937e-01,9.558717810369011803e-01,8.900000000000000966e-02
0.000000000000000000e+00,9.430000000000000604e-01,4.599999999999997147e-02,4.729851506419240081e+01,8.158548874118004290e-08,1.316944256680474578e-04,4.400000000000003908e-02,9.477063211655005759e-01,9.566491886780121856e-01,9.000000000000001055e-02
0.000000000000000000e+00,9.430000000000000604e-01,4.699999999999997236e-02,4.764842959992578386e+01,8.341404448216177496e-08,1.338909752455306340e-04,4.400000000000003908e-02,9.487337447925417999e-01,9.556161228405547492e-01,9.100000000000001144e-02
0.000000000000000000e+00,9.430000000000000604e-01,4.799999999999996630e-02,4.792412014935139553e+01,8.487206144943645290e-08,1.367569062326749784e-04,4.400000000000003908e-02,9.501639637047668563e-01,9.521940273461259041e-01,9.199999999999999845e-02
0.000000000000000000e+00,9.430000000000000604e-01,4.899999999999996719e-02,4.826006021959434378e+01,8.666967357563866709e-08,1.390715126605184177e-04,4.400000000000003908e-02,9.511122479108630179e-01,9.512004094128755360e-01,9.299999999999999933e-02
0.000000000000000000e+00,9.440000000000000613e-01,1.000000000000000021e-02,4.133788392043305748e+01,5.626227618401798036e-08,1.060588469348972750e-04,5.100000000000015632e-02,9.533924524213235330e-01,9.715715291026306710e-01,6.100000000000015826e-02
0.000000000000000000e+00,9.440000000000000613e-01,1.099999999999999936e-02,4.150942226104371713e+01,5.703596645864353651e-08,1.093303754466008770e-04,5.100000000000015632e-02,9.577124754347009494e-01,9.690867052876296350e-01,6.200000000000015221e-02
0.000000000000000000e+00,9.440000000000000613e-01,1.199999999999999852e-02,4.542138316710085633e+01,7.743343421526564339e-08,1.093313343672437595e-04,5.200000000000004619e-02,9.587781292268051647e-01,9.702607512059583383e-01,6.400000000000004297e-02
0.000000000000000000e+00,9.440000000000000613e-01,1.299999999999999767e-02,4.297533242960870581e+01,6.388350375927133607e-08,1.099043414884092427e-04,5.100000000000015632e-02,9.567052945329267422e-01,9.703046483487934859e-01,6.400000000000015399e-02
0.000000000000000000e+00,9.440000000000000613e-01,1.399999999999999682e-02,4.353743700287787988e+01,6.788150217048555594e-08,1.067456537368569069e-04,5.000000000000004441e-02,9.484055685643741906e-01,9.559677823375096750e-01,6.400000000000004297e-02
0.000000000000000000e+00,9.440000000000000613e-01,1.499999999999999598e-02,4.455742474184412316e+01,7.293706702528512933e-08,1.053889959468000485e-04,5.000000000000004441e-02,9.464421470315361740e-01,9.582574153216281143e-01,6.500000000000004385e-02
0.000000000000000000e+00,9.440000000000000613e-01,1.599999999999999339e-02,4.537243800946036032e+01,7.709072435538816109e-08,1.050443601459060371e-04,5.000000000000004441e-02,9.466013942508912926e-01,9.618754792602464132e-01,6.600000000000003086e-02
0.000000000000000000e+00,9.440000000000000613e-01,1.699999999999999428e-02,4.565102452233925590e+01,7.853658924295650019e-08,1.073267769575788087e-04,5.000000000000004441e-02,9.503072144131144983e-01,9.624545417411415338e-01,6.700000000000003175e-02
0.000000000000000000e+00,9.440000000000000613e-01,1.799999999999999517e-02,4.596183970183415823e+01,8.016954982407764074e-08,1.094504091080686337e-04,5.000000000000004441e-02,9.534635508655920910e-01,9.632979976517465071e-01,6.800000000000003264e-02
0.000000000000000000e+00,9.440000000000000613e-01,1.899999999999999259e-02,4.608690961091082983e+01,8.213999795357289234e-08,9.922344980544267081e-05,4.800000000000004263e-02,9.453491829835886096e-01,9.474191229380343193e-01,6.700000000000003175e-02
0.000000000000000000e+00,9.440000000000000613e-01,1.999999999999999001e-02,4.479991051433583493e+01,7.521280348980891164e-08,9.845493491405208925e-05,4.700000000000015277e-02,9.504746185285751769e-01,9.442808451810064119e-01,6.700000000000014277e-02
0.000000000000000000e+00,9.440000000000000613e-01,2.099999999999999090e-02,4.561852699831862168e+01,7.929703086014249098e-08,9.778703789359557345e-05,4.700000000000015277e-02,9.499286304614160681e-01,9.482256418129562103e-01,6.800000000000014366e-02
0.000000000000000000e+00,9.440000000000000613e-01,2.199999999999999178e-02,4.626982792043592241e+01,8.261343358631466659e-08,9.790976079688553345e-05,4.700000000000015277e-02,9.507937747366550507e-01,9.526186013749802228e-01,6.900000000000014455e-02
0.000000000000000000e+00,9.440000000000000613e-01,2.299999999999998920e-02,4.646533313970276424e+01,8.362283883186458737e-08,1.002009006491760303e-04,4.700000000000015277e-02,9.541637060608202381e-01,9.531602626151115532e-01,7.000000000000014544e-02
0.000000000000000000e+00,9.440000000000000613e-01,2.399999999999998662e-02,4.669476027568781973e+01,8.481900843041671099e-08,1.023580582106421694e-04,4.700000000000015277e-02,9.570692220801656491e-01,9.539966728229856141e-01,7.100000000000014633e-02
0.000000000000000000e+00,9.440000000000000613e-01,2.499999999999998751e-02,4.709252604492598238e+01,8.691709973628034387e-08,1.036896773178716188e-04,4.700000000000015277e-02,9.588935260442806863e-01,9.566779151992332864e-01,7.200000000000014722e-02
0.000000000000000000e+00,9.440000000000000613e-01,2.599999999999998840e-02,4.743358973640783915e+01,8.873882315103357583e-08,1.053339565484800891e-04,4.700000000000015277e-02,9.608217702845402997e-01,9.583349311754806310e-01,7.300000000000014810e-02
0.000000000000000000e+00,9.440000000000000613e-01,2.699999999999998929e-02,4.739997575705660182e+01,8.855775566932407432e-08,1.090918926795120595e-04,4.700000000000015277e-02,9.636972124653616634e-01,9.512337620265074456e-01,7.400000000000014899e-02
0.000000000000000000e+00,9.440000000000000613e-01,2.799999999999998324e-02,4.764773410298065670e+01,8.990255914930106747e-08,1.112715454847488681e-04,4.700000000000015277e-02,9.655995769422257569e-01,9.519506792739999002e-01,7.500000000000013600e-02
0.000000000000000000e+00,9.440000000000000613e-01,2.899999999999998412e-02,4.808275765113207711e+01,9.229218010354480940e-08,1.124232366564402170e-04,4.700000000000015277e-02,9.663967249685244676e-01,9.547752797418672666e-01,7.600000000000013689e-02
0.000000000000000000e+00,9.440000000000000613e-01,2.999999999999998501e-02,4.838664534022461794e+01,9.398216321176414927e-08,1.143462314243116456e-04,4.700000000000015277e-02,9.677839103339768156e-01,9.556785784873202960e-01,7.700000000000013778e-02
0.000000000000000000e+00,9.440000000000000613e-01,3.099999999999998590e-02,4.851010183172378731e+01,9.467521213275998079e-08,1.174039151788503599e-04,4.700000000000015277e-02,9.696816413564216530e-01,9.524679509233807684e-01,7.800000000000013867e-02
0.000000000000000000e+00,9.440000000000000613e-01,3.199999999999997985e-02,4.892744561035532058e+01,9.704257634792577243e-08,1.186776677576217962e-04,4.700000000000015277e-02,9.701933535135601749e-01,9.548478146710596137e-01,7.900000000000012568e-02
0.000000000000000000e+00,9.440000000000000613e-01,3.299999999999998074e-02,4.624712850409047604e+01,7.953965584284173765e-08,1.172865887872797432e-04,4.600000000000004086e-02,9.460834226159448024e-01,9.545363014318747341e-01,7.900000000000001465e-02
0.000000000000000000e+00,9.440000000000000613e-01,3.399999999999998163e-02,4.670514788548562990e+01,8.191761031170871435e-08,1.185316291104518372e-04,4.600000000000004086e-02,9.472039477988534184e-01,9.566791963708652924e-01,8.000000000000001554e-02
0.000000000000000000e+00,9.440000000000000613e-01,3.499999999999998251e-02,4.721064443800187860e+01,8.458342008460243028e-08,1.194765334904791213e-04,4.600000000000004086e-02,9.478360846880456991e-01,9.590091646520069180e-01,8.100000000000001643e-02
0.000000000000000000e+00,9.440000000000000613e-01,3.599999999999997646e-02,4.753230263169682246e+01,8.630360759866670768e-08,1.216659407506299112e-04,4.600000000000004086e-02,9.496704714311504647e-01,9.582912085425615567e-01,8.200000000000001732e-02
0.000000000000000000e+00,9.440000000000000613e-01,3.699999999999997735e-02,4.600023793934258975e+01,7.672313249709389191e-08,1.185873673179686658e-04,4.499999999999992895e-02,9.444268229942747173e-01,9.593911533230926603e-01,8.199999999999990630e-02
0.000000000000000000e+00,9.440000000000000613e-01,3.799999999999997824e-02,4.634182296253074185e+01,7.845019390015591856e-08,1.207333570666109632e-04,4.499999999999992895e-02,9.461547267553117591e-01,9.585610035315336175e-01,8.299999999999990719e-02
0.000000000000000000e+00,9.440000000000000613e-01,3.899999999999997913e-02,4.660455208025551599e+01,7.979469706392860090e-08,1.234794830941641065e-04,4.499999999999992895e-02,9.482206559245428545e-01,9.555523456598176146e-01,8.399999999999990807e-02
0.000000000000000000e+00,9.440000000000000613e-01,3.999999999999997308e-02,4.692594384963129528e+01,8.145888695755512815e-08,1.257757496100272705e-04,4.499999999999992895e-02,9.497876819110859792e-01,9.546036924657484990e-01,8.499999999999990896e-02
0.000000000000000000e+00,9.440000000000000613e-01,4.099999999999997397e-02,4.729869081031512934e+01,8.341396012888841985e-08,1.276778917846451843e-04,4.499999999999992895e-02,9.508939286802446933e-01,9.549291919709121945e-01,8.599999999999990985e-02
0.000000000000000000e+00,9.440000000000000613e-01,4.199999999999997485e-02,4.567974178169648525e+01,7.341511535612420917e-08,1.247808155533600420e-04,4.400000000000003908e-02,9.445320288913003903e-01,9.546843484712518313e-01,8.600000000000002087e-02
0.000000000000000000e+00,9.440000000000000613e-01,4.299999999999997574e-02,4.606596215729880583e+01,7.532172588142268288e-08,1.266597427074815565e-04,4.400000000000003908e-02,9.455965213767336675e-01,9.549021369007275606e-01,8.700000000000002176e-02
0.000000000000000000e+00,9.440000000000000613e-01,4.399999999999997663e-02,4.649284629879399944e+01,7.746019443877326655e-08,1.282081583686284221e-04,4.400000000000003908e-02,9.462449797242452609e-01,9.559022850274851990e-01,8.800000000000002265e-02
0.000000000000000000e+00,9.440000000000000613e-01,4.499999999999997058e-02,4.687621550124862324e+01,7.940858033120603391e-08,1.301139389465409127e-04,4.400000000000003908e-02,9.471687542931513937e-01,9.558717810369011803e-01,8.900000000000000966e-02
0.000000000000000000e+00,9.440000000000000613e-01,4.599999999999997147e-02,4.729851506419240081e+01,8.158548874118004290e-08,1.316944256680474578e-04,4.400000000000003908e-02,9.477063211655005759e-01,9.566491886780121856e-01,9.000000000000001055e-02
0.000000000000000000e+00,9.440000000000000613e-01,4.699999999999997236e-02,4.764842959992578386e+01,8.341404448216177496e-08,1.338909752455306340e-04,4.400000000000003908e-02,9.487337447925417999e-01,9.556161228405547492e-01,9.100000000000001144e-02
0.000000000000000000e+00,9.440000000000000613e-01,4.799999999999996630e-02,4.792412014935139553e+01,8.487206144943645290e-08,1.367569062326749784e-04,4.400000000000003908e-02,9.501639637047668563e-01,9.521940273461259041e-01,9.199999999999999845e-02
0.000000000000000000e+00,9.440000000000000613e-01,4.899999999999996719e-02,4.826006021959434378e+01,8.666967357563866709e-08,1.390715126605184177e-04,4.400000000000003908e-02,9.511122479108630179e-01,9.512004094128755360e-01,9.299999999999999933e-02
0.000000000000000000e+00,9.450000000000000622e-01,1.000000000000000021e-02,4.133788392043305748e+01,5.626227618401798036e-08,1.060588469348972750e-04,5.100000000000015632e-02,9.533924524213235330e-01,9.715715291026306710e-01,6.100000000000015826e-02
0.000000000000000000e+00,9.450000000000000622e-01,1.099999999999999936e-02,4.150942226104371713e+01,5.703596645864353651e-08,1.093303754466008770e-04,5.100000000000015632e-02,9.577124754347009494e-01,9.690867052876296350e-01,6.200000000000015221e-02
0.000000000000000000e+00,9.450000000000000622e-01,1.199999999999999852e-02,4.542138316710085633e+01,7.743343421526564339e-08,1.093313343672437595e-04,5.200000000000004619e-02,9.587781292268051647e-01,9.702607512059583383e-01,6.400000000000004297e-02
0.000000000000000000e+00,9.450000000000000622e-01,1.299999999999999767e-02,4.297533242960870581e+01,6.388350375927133607e-08,1.099043414884092427e-04,5.100000000000015632e-02,9.567052945329267422e-01,9.703046483487934859e-01,6.400000000000015399e-02
0.000000000000000000e+00,9.450000000000000622e-01,1.399999999999999682e-02,4.353743700287787988e+01,6.788150217048555594e-08,1.067456537368569069e-04,5.000000000000004441e-02,9.484055685643741906e-01,9.559677823375096750e-01,6.400000000000004297e-02
0.000000000000000000e+00,9.450000000000000622e-01,1.499999999999999598e-02,4.455742474184412316e+01,7.293706702528512933e-08,1.053889959468000485e-04,5.000000000000004441e-02,9.464421470315361740e-01,9.582574153216281143e-01,6.500000000000004385e-02
0.000000000000000000e+00,9.450000000000000622e-01,1.599999999999999339e-02,4.537243800946036032e+01,7.709072435538816109e-08,1.050443601459060371e-04,5.000000000000004441e-02,9.466013942508912926e-01,9.618754792602464132e-01,6.600000000000003086e-02
0.000000000000000000e+00,9.450000000000000622e-01,1.699999999999999428e-02,4.565102452233925590e+01,7.853658924295650019e-08,1.073267769575788087e-04,5.000000000000004441e-02,9.503072144131144983e-01,9.624545417411415338e-01,6.700000000000003175e-02
0.000000000000000000e+00,9.450000000000000622e-01,1.799999999999999517e-02,4.596183970183415823e+01,8.016954982407764074e-08,1.094504091080686337e-04,5.000000000000004441e-02,9.534635508655920910e-01,9.632979976517465071e-01,6.800000000000003264e-02
0.000000000000000000e+00,9.450000000000000622e-01,1.899999999999999259e-02,4.608690961091082983e+01,8.213999795357289234e-08,9.922344980544267081e-05,4.800000000000004263e-02,9.453491829835886096e-01,9.474191229380343193e-01,6.700000000000003175e-02
0.000000000000000000e+00,9.450000000000000622e-01,1.999999999999999001e-02,4.676311673080608955e+01,8.567564878723386310e-08,9.925900815603977401e-05,4.800000000000004263e-02,9.465287458072473292e-01,9.519644816190857561e-01,6.800000000000003264e-02
0.000000000000000000e+00,9.450000000000000622e-01,2.099999999999999090e-02,4.561852699831862168e+01,7.929703086014249098e-08,9.778703789359557345e-05,4.700000000000015277e-02,9.499286304614160681e-01,9.482256418129562103e-01,6.800000000000014366e-02
0.000000000000000000e+00,9.450000000000000622e-01,2.199999999999999178e-02,4.626982792043592241e+01,8.261343358631466659e-08,9.790976079688553345e-05,4.700000000000015277e-02,9.507937747366550507e-01,9.526186013749802228e-01,6.900000000000014455e-02
0.000000000000000000e+00,9.450000000000000622e-01,2.299999999999998920e-02,4.646533313970276424e+01,8.362283883186458737e-08,1.002009006491760303e-04,4.700000000000015277e-02,9.541637060608202381e-01,9.531602626151115532e-01,7.000000000000014544e-02
0.000000000000000000e+00,9.450000000000000622e-01,2.399999999999998662e-02,4.669476027568781973e+01,8.481900843041671099e-08,1.023580582106421694e-04,4.700000000000015277e-02,9.570692220801656491e-01,9.539966728229856141e-01,7.100000000000014633e-02
0.000000000000000000e+00,9.450000000000000622e-01,2.499999999999998751e-02,4.709252604492598238e+01,8.691709973628034387e-08,1.036896773178716188e-04,4.700000000000015277e-02,9.588935260442806863e-01,9.566779151992332864e-01,7.200000000000014722e-02
0.000000000000000000e+00,9.450000000000000622e-01,2.599999999999998840e-02,4.743358973640783915e+01,8.873882315103357583e-08,1.053339565484800891e-04,4.700000000000015277e-02,9.608217702845402997e-01,9.583349311754806310e-01,7.300000000000014810e-02
0.000000000000000000e+00,9.450000000000000622e-01,2.699999999999998929e-02,4.739997575705660182e+01,8.855775566932407432e-08,1.090918926795120595e-04,4.700000000000015277e-02,9.636972124653616634e-01,9.512337620265074456e-01,7.400000000000014899e-02
0.000000000000000000e+00,9.450000000000000622e-01,2.799999999999998324e-02,4.764773410298065670e+01,8.990255914930106747e-08,1.112715454847488681e-04,4.700000000000015277e-02,9.655995769422257569e-01,9.519506792739999002e-01,7.500000000000013600e-02
0.000000000000000000e+00,9.450000000000000622e-01,2.899999999999998412e-02,4.808275765113207711e+01,9.229218010354480940e-08,1.124232366564402170e-04,4.700000000000015277e-02,9.663967249685244676e-01,9.547752797418672666e-01,7.600000000000013689e-02
0.000000000000000000e+00,9.450000000000000622e-01,2.999999999999998501e-02,4.838664534022461794e+01,9.398216321176414927e-08,1.143462314243116456e-04,4.700000000000015277e-02,9.677839103339768156e-01,9.556785784873202960e-01,7.700000000000013778e-02
0.000000000000000000e+00,9.450000000000000622e-01,3.099999999999998590e-02,4.851010183172378731e+01,9.467521213275998079e-08,1.174039151788503599e-04,4.700000000000015277e-02,9.696816413564216530e-01,9.524679509233807684e-01,7.800000000000013867e-02
0.000000000000000000e+00,9.450000000000000622e-01,3.199999999999997985e-02,4.892744561035532058e+01,9.704257634792577243e-08,1.186776677576217962e-04,4.700000000000015277e-02,9.701933535135601749e-01,9.548478146710596137e-01,7.900000000000012568e-02
0.000000000000000000e+00,9.450000000000000622e-01,3.299999999999998074e-02,4.624712850409047604e+01,7.953965584284173765e-08,1.172865887872797432e-04,4.600000000000004086e-02,9.460834226159448024e-01,9.545363014318747341e-01,7.900000000000001465e-02
0.000000000000000000e+00,9.450000000000000622e-01,3.399999999999998163e-02,4.670514788548562990e+01,8.191761031170871435e-08,1.185316291104518372e-04,4.600000000000004086e-02,9.472039477988534184e-01,9.566791963708652924e-01,8.000000000000001554e-02
0.000000000000000000e+00,9.450000000000000622e-01,3.499999999999998251e-02,4.721064443800187860e+01,8.458342008460243028e-08,1.194765334904791213e-04,4.600000000000004086e-02,9.478360846880456991e-01,9.590091646520069180e-01,8.100000000000001643e-02
0.000000000000000000e+00,9.450000000000000622e-01,3.599999999999997646e-02,4.753230263169682246e+01,8.630360759866670768e-08,1.216659407506299112e-04,4.600000000000004086e-02,9.496704714311504647e-01,9.582912085425615567e-01,8.200000000000001732e-02
0.000000000000000000e+00,9.450000000000000622e-01,3.699999999999997735e-02,4.776889146818297149e+01,8.758299116820810857e-08,1.244794689323779665e-04,4.600000000000004086e-02,9.518112078985125901e-01,9.553522733955130963e-01,8.300000000000001821e-02
0.000000000000000000e+00,9.450000000000000622e-01,3.799999999999997824e-02,4.634182296253074185e+01,7.845019390015591856e-08,1.207333570666109632e-04,4.499999999999992895e-02,9.461547267553117591e-01,9.585610035315336175e-01,8.299999999999990719e-02
0.000000000000000000e+00,9.450000000000000622e-01,3.899999999999997913e-02,4.660455208025551599e+01,7.979469706392860090e-08,1.234794830941641065e-04,4.499999999999992895e-02,9.482206559245428545e-01,9.555523456598176146e-01,8.399999999999990807e-02
0.000000000000000000e+00,9.450000000000000622e-01,3.999999999999997308e-02,4.692594384963129528e+01,8.145888695755512815e-08,1.257757496100272705e-04,4.499999999999992895e-02,9.497876819110859792e-01,9.546036924657484990e-01,8.499999999999990896e-02
0.000000000000000000e+00,9.450000000000000622e-01,4.099999999999997397e-02,4.729869081031512934e+01,8.341396012888841985e-08,1.276778917846451843e-04,4.499999999999992895e-02,9.508939286802446933e-01,9.549291919709121945e-01,8.599999999999990985e-02
0.000000000000000000e+00,9.450000000000000622e-01,4.199999999999997485e-02,4.771672652905962764e+01,8.563687112219938830e-08,1.292342886114167374e-04,4.499999999999992895e-02,9.515782238750137845e-01,9.560307844083303364e-01,8.699999999999991074e-02
0.000000000000000000e+00,9.450000000000000622e-01,4.299999999999997574e-02,4.606596215729880583e+01,7.532172588142268288e-08,1.266597427074815565e-04,4.400000000000003908e-02,9.455965213767336675e-01,9.549021369007275606e-01,8.700000000000002176e-02
0.000000000000000000e+00,9.450000000000000622e-01,4.399999999999997663e-02,4.649284629879399944e+01,7.746019443877326655e-08,1.282081583686284221e-04,4.400000000000003908e-02,9.462449797242452609e-01,9.559022850274851990e-01,8.800000000000002265e-02
0.000000000000000000e+00,9.450000000000000622e-01,4.499999999999997058e-02,4.687621550124862324e+01,7.940858033120603391e-08,1.301139389465409127e-04,4.400000000000003908e-02,9.471687542931513937e-01,9.558717810369011803e-01,8.900000000000000966e-02
0.000000000000000000e+00,9.450000000000000622e-01,4.599999999999997147e-02,4.729851506419240081e+01,8.158548874118004290e-08,1.316944256680474578e-04,4.400000000000003908e-02,9.477063211655005759e-01,9.566491886780121856e-01,9.000000000000001055e-02
0.000000000000000000e+00,9.450000000000000622e-01,4.699999999999997236e-02,4.764842959992578386e+01,8.341404448216177496e-08,1.338909752455306340e-04,4.400000000000003908e-02,9.487337447925417999e-01,9.556161228405547492e-01,9.100000000000001144e-02
0.000000000000000000e+00,9.450000000000000622e-01,4.799999999999996630e-02,4.792412014935139553e+01,8.487206144943645290e-08,1.367569062326749784e-04,4.400000000000003908e-02,9.501639637047668563e-01,9.521940273461259041e-01,9.199999999999999845e-02
0.000000000000000000e+00,9.450000000000000622e-01,4.899999999999996719e-02,4.826006021959434378e+01,8.666967357563866709e-08,1.390715126605184177e-04,4.400000000000003908e-02,9.511122479108630179e-01,9.512004094128755360e-01,9.299999999999999933e-02
0.000000000000000000e+00,9.460000000000000631e-01,1.000000000000000021e-02,4.133788392043305748e+01,5.626227618401798036e-08,1.060588469348972750e-04,5.100000000000015632e-02,9.533924524213235330e-01,9.715715291026306710e-01,6.100000000000015826e-02
0.000000000000000000e+00,9.460000000000000631e-01,1.099999999999999936e-02,4.150942226104371713e+01,5.703596645864353651e-08,1.093303754466008770e-04,5.100000000000015632e-02,9.577124754347009494e-01,9.690867052876296350e-01,6.200000000000015221e-02
0.000000000000000000e+00,9.460000000000000631e-01,1.199999999999999852e-02,4.542138316710085633e+01,7.743343421526564339e-08,1.093313343672437595e-04,5.200000000000004619e-02,9.587781292268051647e-01,9.702607512059583383e-01,6.400000000000004297e-02
0.000000000000000000e+00,9.460000000000000631e-01,1.299999999999999767e-02,4.297533242960870581e+01,6.388350375927133607e-08,1.099043414884092427e-04,5.100000000000015632e-02,9.567052945329267422e-01,9.703046483487934859e-01,6.400000000000015399e-02
0.000000000000000000e+00,9.460000000000000631e-01,1.399999999999999682e-02,4.353743700287787988e+01,6.788150217048555594e-08,1.067456537368569069e-04,5.000000000000004441e-02,9.484055685643741906e-01,9.559677823375096750e-01,6.400000000000004297e-02
0.000000000000000000e+00,9.460000000000000631e-01,1.499999999999999598e-02,4.455742474184412316e+01,7.293706702528512933e-08,1.053889959468000485e-04,5.000000000000004441e-02,9.464421470315361740e-01,9.582574153216281143e-01,6.500000000000004385e-02
0.000000000000000000e+00,9.460000000000000631e-01,1.599999999999999339e-02,4.537243800946036032e+01,7.709072435538816109e-08,1.050443601459060371e-04,5.000000000000004441e-02,9.466013942508912926e-01,9.618754792602464132e-01,6.600000000000003086e-02
0.000000000000000000e+00,9.460000000000000631e-01,1.699999999999999428e-02,4.565102452233925590e+01,7.853658924295650019e-08,1.073267769575788087e-04,5.000000000000004441e-02,9.503072144131144983e-01,9.624545417411415338e-01,6.700000000000003175e-02
0.000000000000000000e+00,9.460000000000000631e-01,1.799999999999999517e-02,4.596183970183415823e+01,8.016954982407764074e-08,1.094504091080686337e-04,5.000000000000004441e-02,9.534635508655920910e-01,9.632979976517465071e-01,6.800000000000003264e-02
0.000000000000000000e+00,9.460000000000000631e-01,1.899999999999999259e-02,4.679915793721458073e+01,8.571342293899109586e-08,1.037449786675427864e-04,4.899999999999993250e-02,9.463944406070659010e-01,9.545811780685338199e-01,6.799999999999992162e-02
0.000000000000000000e+00,9.460000000000000631e-01,1.999999999999999001e-02,4.676311673080608955e+01,8.567564878723386310e-08,9.925900815603977401e-05,4.800000000000004263e-02,9.465287458072473292e-01,9.519644816190857561e-01,6.800000000000003264e-02
0.000000000000000000e+00,9.460000000000000631e-01,2.099999999999999090e-02,4.561852699831862168e+01,7.929703086014249098e-08,9.778703789359557345e-05,4.700000000000015277e-02,9.499286304614160681e-01,9.482256418129562103e-01,6.800000000000014366e-02
0.000000000000000000e+00,9.460000000000000631e-01,2.199999999999999178e-02,4.626982792043592241e+01,8.261343358631466659e-08,9.790976079688553345e-05,4.700000000000015277e-02,9.507937747366550507e-01,9.526186013749802228e-01,6.900000000000014455e-02
0.000000000000000000e+00,9.460000000000000631e-01,2.299999999999998920e-02,4.646533313970276424e+01,8.362283883186458737e-08,1.002009006491760303e-04,4.700000000000015277e-02,9.541637060608202381e-01,9.531602626151115532e-01,7.000000000000014544e-02
0.000000000000000000e+00,9.460000000000000631e-01,2.399999999999998662e-02,4.669476027568781973e+01,8.481900843041671099e-08,1.023580582106421694e-04,4.700000000000015277e-02,9.570692220801656491e-01,9.539966728229856141e-01,7.100000000000014633e-02
0.000000000000000000e+00,9.460000000000000631e-01,2.499999999999998751e-02,4.709252604492598238e+01,8.691709973628034387e-08,1.036896773178716188e-04,4.700000000000015277e-02,9.588935260442806863e-01,9.566779151992332864e-01,7.200000000000014722e-02
0.000000000000000000e+00,9.460000000000000631e-01,2.599999999999998840e-02,4.743358973640783915e+01,8.873882315103357583e-08,1.053339565484800891e-04,4.700000000000015277e-02,9.608217702845402997e-01,9.583349311754806310e-01,7.300000000000014810e-02
0.000000000000000000e+00,9.460000000000000631e-01,2.699999999999998929e-02,4.739997575705660182e+01,8.855775566932407432e-08,1.090918926795120595e-04,4.700000000000015277e-02,9.636972124653616634e-01,9.512337620265074456e-01,7.400000000000014899e-02
0.000000000000000000e+00,9.460000000000000631e-01,2.799999999999998324e-02,4.764773410298065670e+01,8.990255914930106747e-08,1.112715454847488681e-04,4.700000000000015277e-02,9.655995769422257569e-01,9.519506792739999002e-01,7.500000000000013600e-02
0.000000000000000000e+00,9.460000000000000631e-01,2.899999999999998412e-02,4.808275765113207711e+01,9.229218010354480940e-08,1.124232366564402170e-04,4.700000000000015277e-02,9.663967249685244676e-01,9.547752797418672666e-01,7.600000000000013689e-02
0.000000000000000000e+00,9.460000000000000631e-01,2.999999999999998501e-02,4.838664534022461794e+01,9.398216321176414927e-08,1.143462314243116456e-04,4.700000000000015277e-02,9.677839103339768156e-01,9.556785784873202960e-01,7.700000000000013778e-02
0.000000000000000000e+00,9.460000000000000631e-01,3.099999999999998590e-02,4.851010183172378731e+01,9.467521213275998079e-08,1.174039151788503599e-04,4.700000000000015277e-02,9.696816413564216530e-01,9.524679509233807684e-01,7.800000000000013867e-02
0.000000000000000000e+00,9.460000000000000631e-01,3.199999999999997985e-02,4.892744561035532058e+01,9.704257634792577243e-08,1.186776677576217962e-04,4.700000000000015277e-02,9.701933535135601749e-01,9.548478146710596137e-01,7.900000000000012568e-02
0.000000000000000000e+00,9.460000000000000631e-01,3.299999999999998074e-02,4.624712850409047604e+01,7.953965584284173765e-08,1.172865887872797432e-04,4.600000000000004086e-02,9.460834226159448024e-01,9.545363014318747341e-01,7.900000000000001465e-02
0.000000000000000000e+00,9.460000000000000631e-01,3.399999999999998163e-02,4.670514788548562990e+01,8.191761031170871435e-08,1.185316291104518372e-04,4.600000000000004086e-02,9.472039477988534184e-01,9.566791963708652924e-01,8.000000000000001554e-02
0.000000000000000000e+00,9.460000000000000631e-01,3.499999999999998251e-02,4.721064443800187860e+01,8.458342008460243028e-08,1.194765334904791213e-04,4.600000000000004086e-02,9.478360846880456991e-01,9.590091646520069180e-01,8.100000000000001643e-02
0.000000000000000000e+00,9.460000000000000631e-01,3.599999999999997646e-02,4.753230263169682246e+01,8.630360759866670768e-08,1.216659407506299112e-04,4.600000000000004086e-02,9.496704714311504647e-01,9.582912085425615567e-01,8.200000000000001732e-02
0.000000000000000000e+00,9.460000000000000631e-01,3.699999999999997735e-02,4.776889146818297149e+01,8.758299116820810857e-08,1.244794689323779665e-04,4.600000000000004086e-02,9.518112078985125901e-01,9.553522733955130963e-01,8.300000000000001821e-02
0.000000000000000000e+00,9.460000000000000631e-01,3.799999999999997824e-02,4.634182296253074185e+01,7.845019390015591856e-08,1.207333570666109632e-04,4.499999999999992895e-02,9.461547267553117591e-01,9.585610035315336175e-01,8.299999999999990719e-02
0.000000000000000000e+00,9.460000000000000631e-01,3.899999999999997913e-02,4.660455208025551599e+01,7.979469706392860090e-08,1.234794830941641065e-04,4.499999999999992895e-02,9.482206559245428545e-01,9.555523456598176146e-01,8.399999999999990807e-02
0.000000000000000000e+00,9.460000000000000631e-01,3.999999999999997308e-02,4.692594384963129528e+01,8.145888695755512815e-08,1.257757496100272705e-04,4.499999999999992895e-02,9.497876819110859792e-01,9.546036924657484990e-01,8.499999999999990896e-02
0.000000000000000000e+00,9.460000000000000631e-01,4.099999999999997397e-02,4.729869081031512934e+01,8.341396012888841985e-08,1.276778917846451843e-04,4.499999999999992895e-02,9.508939286802446933e-01,9.549291919709121945e-01,8.599999999999990985e-02
0.000000000000000000e+00,9.460000000000000631e-01,4.199999999999997485e-02,4.771672652905962764e+01,8.563687112219938830e-08,1.292342886114167374e-04,4.499999999999992895e-02,9.515782238750137845e-01,9.560307844083303364e-01,8.699999999999991074e-02
0.000000000000000000e+00,9.460000000000000631e-01,4.299999999999997574e-02,4.808782011586504268e+01,8.763705081128511475e-08,1.311619037338131806e-04,4.499999999999992895e-02,9.525284808033032125e-01,9.560885091882274089e-01,8.799999999999991163e-02
0.000000000000000000e+00,9.460000000000000631e-01,4.399999999999997663e-02,4.649284629879399944e+01,7.746019443877326655e-08,1.282081583686284221e-04,4.400000000000003908e-02,9.462449797242452609e-01,9.559022850274851990e-01,8.800000000000002265e-02
0.000000000000000000e+00,9.460000000000000631e-01,4.499999999999997058e-02,4.687621550124862324e+01,7.940858033120603391e-08,1.301139389465409127e-04,4.400000000000003908e-02,9.471687542931513937e-01,9.558717810369011803e-01,8.900000000000000966e-02
0.000000000000000000e+00,9.460000000000000631e-01,4.599999999999997147e-02,4.729851506419240081e+01,8.158548874118004290e-08,1.316944256680474578e-04,4.400000000000003908e-02,9.477063211655005759e-01,9.566491886780121856e-01,9.000000000000001055e-02
0.000000000000000000e+00,9.460000000000000631e-01,4.699999999999997236e-02,4.764842959992578386e+01,8.341404448216177496e-08,1.338909752455306340e-04,4.400000000000003908e-02,9.487337447925417999e-01,9.556161228405547492e-01,9.100000000000001144e-02
0.000000000000000000e+00,9.460000000000000631e-01,4.799999999999996630e-02,4.792412014935139553e+01,8.487206144943645290e-08,1.367569062326749784e-04,4.400000000000003908e-02,9.501639637047668563e-01,9.521940273461259041e-01,9.199999999999999845e-02
0.000000000000000000e+00,9.460000000000000631e-01,4.899999999999996719e-02,4.826006021959434378e+01,8.666967357563866709e-08,1.390715126605184177e-04,4.400000000000003908e-02,9.511122479108630179e-01,9.512004094128755360e-01,9.299999999999999933e-02
0.000000000000000000e+00,9.470000000000000639e-01,1.000000000000000021e-02,4.133788392043305748e+01,5.626227618401798036e-08,1.060588469348972750e-04,5.100000000000015632e-02,9.533924524213235330e-01,9.715715291026306710e-01,6.100000000000015826e-02
0.000000000000000000e+00,9.470000000000000639e-01,1.099999999999999936e-02,4.150942226104371713e+01,5.703596645864353651e-08,1.093303754466008770e-04,5.100000000000015632e-02,9.577124754347009494e-01,9.690867052876296350e-01,6.200000000000015221e-02
0.000000000000000000e+00,9.470000000000000639e-01,1.199999999999999852e-02,4.542138316710085633e+01,7.743343421526564339e-08,1.093313343672437595e-04,5.200000000000004619e-02,9.587781292268051647e-01,9.702607512059583383e-01,6.400000000000004297e-02
0.000000000000000000e+00,9.470000000000000639e-01,1.299999999999999767e-02,4.297533242960870581e+01,6.388350375927133607e-08,1.099043414884092427e-04,5.100000000000015632e-02,9.567052945329267422e-01,9.703046483487934859e-01,6.400000000000015399e-02
0.000000000000000000e+00,9.470000000000000639e-01,1.399999999999999682e-02,4.353743700287787988e+01,6.788150217048555594e-08,1.067456537368569069e-04,5.000000000000004441e-02,9.484055685643741906e-01,9.559677823375096750e-01,6.400000000000004297e-02
0.000000000000000000e+00,9.470000000000000639e-01,1.499999999999999598e-02,4.426173851829041439e+01,7.018673576413507347e-08,1.114265464077871534e-04,5.100000000000015632e-02,9.579599227646821147e-01,9.726255736646245431e-01,6.600000000000015576e-02
0.000000000000000000e+00,9.470000000000000639e-01,1.599999999999999339e-02,4.465778606374372828e+01,7.219004364353112145e-08,1.134367130960649338e-04,5.100000000000015632e-02,9.602336031342185718e-01,9.728541754048164458e-01,6.700000000000014277e-02
0.000000000000000000e+00,9.470000000000000639e-01,1.699999999999999428e-02,4.565102452233925590e+01,7.853658924295650019e-08,1.073267769575788087e-04,5.000000000000004441e-02,9.503072144131144983e-01,9.624545417411415338e-01,6.700000000000003175e-02
0.000000000000000000e+00,9.470000000000000639e-01,1.799999999999999517e-02,4.596183970183415823e+01,8.016954982407764074e-08,1.094504091080686337e-04,5.000000000000004441e-02,9.534635508655920910e-01,9.632979976517465071e-01,6.800000000000003264e-02
0.000000000000000000e+00,9.470000000000000639e-01,1.899999999999999259e-02,4.645978063433158667e+01,8.282397848790254554e-08,1.106016206752687700e-04,5.000000000000004441e-02,9.552481885684747098e-01,9.658397481489708891e-01,6.900000000000003353e-02
0.000000000000000000e+00,9.470000000000000639e-01,1.999999999999999001e-02,4.703902112183618556e+01,8.700618405674216550e-08,1.059454702845032782e-04,4.899999999999993250e-02,9.500291481484676170e-01,9.557958369926239373e-01,6.899999999999992251e-02
0.000000000000000000e+00,9.470000000000000639e-01,2.099999999999999090e-02,4.561852699831862168e+01,7.929703086014249098e-08,9.778703789359557345e-05,4.700000000000015277e-02,9.499286304614160681e-01,9.482256418129562103e-01,6.800000000000014366e-02
0.000000000000000000e+00,9.470000000000000639e-01,2.199999999999999178e-02,4.626982792043592241e+01,8.261343358631466659e-08,9.790976079688553345e-05,4.700000000000015277e-02,9.507937747366550507e-01,9.526186013749802228e-01,6.900000000000014455e-02
0.000000000000000000e+00,9.470000000000000639e-01,2.299999999999998920e-02,4.646533313970276424e+01,8.362283883186458737e-08,1.002009006491760303e-04,4.700000000000015277e-02,9.541637060608202381e-01,9.531602626151115532e-01,7.000000000000014544e-02
0.000000000000000000e+00,9.470000000000000639e-01,2.399999999999998662e-02,4.669476027568781973e+01,8.481900843041671099e-08,1.023580582106421694e-04,4.700000000000015277e-02,9.570692220801656491e-01,9.539966728229856141e-01,7.100000000000014633e-02
0.000000000000000000e+00,9.470000000000000639e-01,2.499999999999998751e-02,4.709252604492598238e+01,8.691709973628034387e-08,1.036896773178716188e-04,4.700000000000015277e-02,9.588935260442806863e-01,9.566779151992332864e-01,7.200000000000014722e-02
0.000000000000000000e+00,9.470000000000000639e-01,2.599999999999998840e-02,4.743358973640783915e+01,8.873882315103357583e-08,1.053339565484800891e-04,4.700000000000015277e-02,9.608217702845402997e-01,9.583349311754806310e-01,7.300000000000014810e-02
0.000000000000000000e+00,9.470000000000000639e-01,2.699999999999998929e-02,4.739997575705660182e+01,8.855775566932407432e-08,1.090918926795120595e-04,4.700000000000015277e-02,9.636972124653616634e-01,9.512337620265074456e-01,7.400000000000014899e-02
0.000000000000000000e+00,9.470000000000000639e-01,2.799999999999998324e-02,4.764773410298065670e+01,8.990255914930106747e-08,1.112715454847488681e-04,4.700000000000015277e-02,9.655995769422257569e-01,9.519506792739999002e-01,7.500000000000013600e-02
0.000000000000000000e+00,9.470000000000000639e-01,2.899999999999998412e-02,4.808275765113207711e+01,9.229218010354480940e-08,1.124232366564402170e-04,4.700000000000015277e-02,9.663967249685244676e-01,9.547752797418672666e-01,7.600000000000013689e-02
0.000000000000000000e+00,9.470000000000000639e-01,2.999999999999998501e-02,4.838664534022461794e+01,9.398216321176414927e-08,1.143462314243116456e-04,4.700000000000015277e-02,9.677839103339768156e-01,9.556785784873202960e-01,7.700000000000013778e-02
0.000000000000000000e+00,9.470000000000000639e-01,3.099999999999998590e-02,4.851010183172378731e+01,9.467521213275998079e-08,1.174039151788503599e-04,4.700000000000015277e-02,9.696816413564216530e-01,9.524679509233807684e-01,7.800000000000013867e-02
0.000000000000000000e+00,9.470000000000000639e-01,3.199999999999997985e-02,4.892744561035532058e+01,9.704257634792577243e-08,1.186776677576217962e-04,4.700000000000015277e-02,9.701933535135601749e-01,9.548478146710596137e-01,7.900000000000012568e-02
0.000000000000000000e+00,9.470000000000000639e-01,3.299999999999998074e-02,4.940172766602167087e+01,9.976934240950263915e-08,1.196337318860191812e-04,4.700000000000015277e-02,9.702849684557642851e-01,9.573885509820603268e-01,8.000000000000012657e-02
0.000000000000000000e+00,9.470000000000000639e-01,3.399999999999998163e-02,4.670514788548562990e+01,8.191761031170871435e-08,1.185316291104518372e-04,4.600000000000004086e-02,9.472039477988534184e-01,9.566791963708652924e-01,8.000000000000001554e-02
0.000000000000000000e+00,9.470000000000000639e-01,3.499999999999998251e-02,4.721064443800187860e+01,8.458342008460243028e-08,1.194765334904791213e-04,4.600000000000004086e-02,9.478360846880456991e-01,9.590091646520069180e-01,8.100000000000001643e-02
0.000000000000000000e+00,9.470000000000000639e-01,3.599999999999997646e-02,4.753230263169682246e+01,8.630360759866670768e-08,1.216659407506299112e-04,4.600000000000004086e-02,9.496704714311504647e-01,9.582912085425615567e-01,8.200000000000001732e-02
0.000000000000000000e+00,9.470000000000000639e-01,3.699999999999997735e-02,4.776889146818297149e+01,8.758299116820810857e-08,1.244794689323779665e-04,4.600000000000004086e-02,9.518112078985125901e-01,9.553522733955130963e-01,8.300000000000001821e-02
0.000000000000000000e+00,9.470000000000000639e-01,3.799999999999997824e-02,4.807110610076668422e+01,8.923509148645118428e-08,1.268192237386482342e-04,4.600000000000004086e-02,9.534506689003686697e-01,9.545101673988467539e-01,8.400000000000001910e-02
0.000000000000000000e+00,9.470000000000000639e-01,3.899999999999997913e-02,4.660455208025551599e+01,7.979469706392860090e-08,1.234794830941641065e-04,4.499999999999992895e-02,9.482206559245428545e-01,9.555523456598176146e-01,8.399999999999990807e-02
0.000000000000000000e+00,9.470000000000000639e-01,3.999999999999997308e-02,4.692594384963129528e+01,8.145888695755512815e-08,1.257757496100272705e-04,4.499999999999992895e-02,9.497876819110859792e-01,9.546036924657484990e-01,8.499999999999990896e-02
0.000000000000000000e+00,9.470000000000000639e-01,4.099999999999997397e-02,4.729869081031512934e+01,8.341396012888841985e-08,1.276778917846451843e-04,4.499999999999992895e-02,9.508939286802446933e-01,9.549291919709121945e-01,8.599999999999990985e-02
0.000000000000000000e+00,9.470000000000000639e-01,4.199999999999997485e-02,4.771672652905962764e+01,8.563687112219938830e-08,1.292342886114167374e-04,4.499999999999992895e-02,9.515782238750137845e-01,9.560307844083303364e-01,8.699999999999991074e-02
0.000000000000000000e+00,9.470000000000000639e-01,4.299999999999997574e-02,4.808782011586504268e+01,8.763705081128511475e-08,1.311619037338131806e-04,4.499999999999992895e-02,9.525284808033032125e-01,9.560885091882274089e-01,8.799999999999991163e-02
0.000000000000000000e+00,9.470000000000000639e-01,4.399999999999997663e-02,4.850208106397111862e+01,8.989986940693492250e-08,1.327498341016208200e-04,4.499999999999992895e-02,9.530883698340221200e-01,9.569504866522590136e-01,8.899999999999991251e-02
0.000000000000000000e+00,9.470000000000000639e-01,4.499999999999997058e-02,4.687621550124862324e+01,7.940858033120603391e-08,1.301139389465409127e-04,4.400000000000003908e-02,9.471687542931513937e-01,9.558717810369011803e-01,8.900000000000000966e-02
0.000000000000000000e+00,9.470000000000000639e-01,4.599999999999997147e-02,4.729851506419240081e+01,8.158548874118004290e-08,1.316944256680474578e-04,4.400000000000003908e-02,9.477063211655005759e-01,9.566491886780121856e-01,9.000000000000001055e-02
0.000000000000000000e+00,9.470000000000000639e-01,4.699999999999997236e-02,4.764842959992578386e+01,8.341404448216177496e-08,1.338909752455306340e-04,4.400000000000003908e-02,9.487337447925417999e-01,9.556161228405547492e-01,9.100000000000001144e-02
0.000000000000000000e+00,9.470000000000000639e-01,4.799999999999996630e-02,4.792412014935139553e+01,8.487206144943645290e-08,1.367569062326749784e-04,4.400000000000003908e-02,9.501639637047668563e-01,9.521940273461259041e-01,9.199999999999999845e-02
0.000000000000000000e+00,9.470000000000000639e-01,4.899999999999996719e-02,4.826006021959434378e+01,8.666967357563866709e-08,1.390715126605184177e-04,4.400000000000003908e-02,9.511122479108630179e-01,9.512004094128755360e-01,9.299999999999999933e-02
0.000000000000000000e+00,9.480000000000000648e-01,1.000000000000000021e-02,4.133788392043305748e+01,5.626227618401798036e-08,1.060588469348972750e-04,5.100000000000015632e-02,9.533924524213235330e-01,9.715715291026306710e-01,6.100000000000015826e-02
0.000000000000000000e+00,9.480000000000000648e-01,1.099999999999999936e-02,4.150942226104371713e+01,5.703596645864353651e-08,1.093303754466008770e-04,5.100000000000015632e-02,9.577124754347009494e-01,9.690867052876296350e-01,6.200000000000015221e-02
0.000000000000000000e+00,9.480000000000000648e-01,1.199999999999999852e-02,4.542138316710085633e+01,7.743343421526564339e-08,1.093313343672437595e-04,5.200000000000004619e-02,9.587781292268051647e-01,9.702607512059583383e-01,6.400000000000004297e-02
0.000000000000000000e+00,9.480000000000000648e-01,1.299999999999999767e-02,4.297533242960870581e+01,6.388350375927133607e-08,1.099043414884092427e-04,5.100000000000015632e-02,9.567052945329267422e-01,9.703046483487934859e-01,6.400000000000015399e-02
0.000000000000000000e+00,9.480000000000000648e-01,1.399999999999999682e-02,4.353743700287787988e+01,6.788150217048555594e-08,1.067456537368569069e-04,5.000000000000004441e-02,9.484055685643741906e-01,9.559677823375096750e-01,6.400000000000004297e-02
0.000000000000000000e+00,9.480000000000000648e-01,1.499999999999999598e-02,4.426173851829041439e+01,7.018673576413507347e-08,1.114265464077871534e-04,5.100000000000015632e-02,9.579599227646821147e-01,9.726255736646245431e-01,6.600000000000015576e-02
0.000000000000000000e+00,9.480000000000000648e-01,1.599999999999999339e-02,4.465778606374372828e+01,7.219004364353112145e-08,1.134367130960649338e-04,5.100000000000015632e-02,9.602336031342185718e-01,9.728541754048164458e-01,6.700000000000014277e-02
0.000000000000000000e+00,9.480000000000000648e-01,1.699999999999999428e-02,4.565102452233925590e+01,7.853658924295650019e-08,1.073267769575788087e-04,5.000000000000004441e-02,9.503072144131144983e-01,9.624545417411415338e-01,6.700000000000003175e-02
0.000000000000000000e+00,9.480000000000000648e-01,1.799999999999999517e-02,4.596183970183415823e+01,8.016954982407764074e-08,1.094504091080686337e-04,5.000000000000004441e-02,9.534635508655920910e-01,9.632979976517465071e-01,6.800000000000003264e-02
0.000000000000000000e+00,9.480000000000000648e-01,1.899999999999999259e-02,4.645978063433158667e+01,8.282397848790254554e-08,1.106016206752687700e-04,5.000000000000004441e-02,9.552481885684747098e-01,9.658397481489708891e-01,6.900000000000003353e-02
0.000000000000000000e+00,9.480000000000000648e-01,1.999999999999999001e-02,4.703902112183618556e+01,8.700618405674216550e-08,1.059454702845032782e-04,4.899999999999993250e-02,9.500291481484676170e-01,9.557958369926239373e-01,6.899999999999992251e-02
0.000000000000000000e+00,9.480000000000000648e-01,2.099999999999999090e-02,4.561852699831862168e+01,7.929703086014249098e-08,9.778703789359557345e-05,4.700000000000015277e-02,9.499286304614160681e-01,9.482256418129562103e-01,6.800000000000014366e-02
0.000000000000000000e+00,9.480000000000000648e-01,2.199999999999999178e-02,4.626982792043592241e+01,8.261343358631466659e-08,9.790976079688553345e-05,4.700000000000015277e-02,9.507937747366550507e-01,9.526186013749802228e-01,6.900000000000014455e-02
0.000000000000000000e+00,9.480000000000000648e-01,2.299999999999998920e-02,4.646533313970276424e+01,8.362283883186458737e-08,1.002009006491760303e-04,4.700000000000015277e-02,9.541637060608202381e-01,9.531602626151115532e-01,7.000000000000014544e-02
0.000000000000000000e+00,9.480000000000000648e-01,2.399999999999998662e-02,4.669476027568781973e+01,8.481900843041671099e-08,1.023580582106421694e-04,4.700000000000015277e-02,9.570692220801656491e-01,9.539966728229856141e-01,7.100000000000014633e-02
0.000000000000000000e+00,9.480000000000000648e-01,2.499999999999998751e-02,4.709252604492598238e+01,8.691709973628034387e-08,1.036896773178716188e-04,4.700000000000015277e-02,9.588935260442806863e-01,9.566779151992332864e-01,7.200000000000014722e-02
0.000000000000000000e+00,9.480000000000000648e-01,2.599999999999998840e-02,4.743358973640783915e+01,8.873882315103357583e-08,1.053339565484800891e-04,4.700000000000015277e-02,9.608217702845402997e-01,9.583349311754806310e-01,7.300000000000014810e-02
0.000000000000000000e+00,9.480000000000000648e-01,2.699999999999998929e-02,4.739997575705660182e+01,8.855775566932407432e-08,1.090918926795120595e-04,4.700000000000015277e-02,9.636972124653616634e-01,9.512337620265074456e-01,7.400000000000014899e-02
0.000000000000000000e+00,9.480000000000000648e-01,2.799999999999998324e-02,4.764773410298065670e+01,8.990255914930106747e-08,1.112715454847488681e-04,4.700000000000015277e-02,9.655995769422257569e-01,9.519506792739999002e-01,7.500000000000013600e-02
0.000000000000000000e+00,9.480000000000000648e-01,2.899999999999998412e-02,4.808275765113207711e+01,9.229218010354480940e-08,1.124232366564402170e-04,4.700000000000015277e-02,9.663967249685244676e-01,9.547752797418672666e-01,7.600000000000013689e-02
0.000000000000000000e+00,9.480000000000000648e-01,2.999999999999998501e-02,4.838664534022461794e+01,9.398216321176414927e-08,1.143462314243116456e-04,4.700000000000015277e-02,9.677839103339768156e-01,9.556785784873202960e-01,7.700000000000013778e-02
0.000000000000000000e+00,9.480000000000000648e-01,3.099999999999998590e-02,4.851010183172378731e+01,9.467521213275998079e-08,1.174039151788503599e-04,4.700000000000015277e-02,9.696816413564216530e-01,9.524679509233807684e-01,7.800000000000013867e-02
0.000000000000000000e+00,9.480000000000000648e-01,3.199999999999997985e-02,4.892744561035532058e+01,9.704257634792577243e-08,1.186776677576217962e-04,4.700000000000015277e-02,9.701933535135601749e-01,9.548478146710596137e-01,7.900000000000012568e-02
0.000000000000000000e+00,9.480000000000000648e-01,3.299999999999998074e-02,4.940172766602167087e+01,9.976934240950263915e-08,1.196337318860191812e-04,4.700000000000015277e-02,9.702849684557642851e-01,9.573885509820603268e-01,8.000000000000012657e-02
0.000000000000000000e+00,9.480000000000000648e-01,3.399999999999998163e-02,4.966850899103830841e+01,1.013215583008891419e-07,1.218949609301531390e-04,4.700000000000015277e-02,9.714316781206494555e-01,9.568139831831853348e-01,8.100000000000012745e-02
0.000000000000000000e+00,9.480000000000000648e-01,3.499999999999998251e-02,4.984211724756391959e+01,1.023410361575253522e-07,1.248056076928879491e-04,4.700000000000015277e-02,9.728130118522897440e-01,9.539569340453012414e-01,8.200000000000012834e-02
0.000000000000000000e+00,9.480000000000000648e-01,3.599999999999997646e-02,4.753230263169682246e+01,8.630360759866670768e-08,1.216659407506299112e-04,4.600000000000004086e-02,9.496704714311504647e-01,9.582912085425615567e-01,8.200000000000001732e-02
0.000000000000000000e+00,9.480000000000000648e-01,3.699999999999997735e-02,4.776889146818297149e+01,8.758299116820810857e-08,1.244794689323779665e-04,4.600000000000004086e-02,9.518112078985125901e-01,9.553522733955130963e-01,8.300000000000001821e-02
0.000000000000000000e+00,9.480000000000000648e-01,3.799999999999997824e-02,4.807110610076668422e+01,8.923509148645118428e-08,1.268192237386482342e-04,4.600000000000004086e-02,9.534506689003686697e-01,9.545101673988467539e-01,8.400000000000001910e-02
0.000000000000000000e+00,9.480000000000000648e-01,3.899999999999997913e-02,4.660455208025551599e+01,7.979469706392860090e-08,1.234794830941641065e-04,4.499999999999992895e-02,9.482206559245428545e-01,9.555523456598176146e-01,8.399999999999990807e-02
0.000000000000000000e+00,9.480000000000000648e-01,3.999999999999997308e-02,4.692594384963129528e+01,8.145888695755512815e-08,1.257757496100272705e-04,4.499999999999992895e-02,9.497876819110859792e-01,9.546036924657484990e-01,8.499999999999990896e-02
0.000000000000000000e+00,9.480000000000000648e-01,4.099999999999997397e-02,4.729869081031512934e+01,8.341396012888841985e-08,1.276778917846451843e-04,4.499999999999992895e-02,9.508939286802446933e-01,9.549291919709121945e-01,8.599999999999990985e-02
0.000000000000000000e+00,9.480000000000000648e-01,4.199999999999997485e-02,4.771672652905962764e+01,8.563687112219938830e-08,1.292342886114167374e-04,4.499999999999992895e-02,9.515782238750137845e-01,9.560307844083303364e-01,8.699999999999991074e-02
0.000000000000000000e+00,9.480000000000000648e-01,4.299999999999997574e-02,4.808782011586504268e+01,8.763705081128511475e-08,1.311619037338131806e-04,4.499999999999992895e-02,9.525284808033032125e-01,9.560885091882274089e-01,8.799999999999991163e-02
0.000000000000000000e+00,9.480000000000000648e-01,4.399999999999997663e-02,4.850208106397111862e+01,8.989986940693492250e-08,1.327498341016208200e-04,4.499999999999992895e-02,9.530883698340221200e-01,9.569504866522590136e-01,8.899999999999991251e-02
0.000000000000000000e+00,9.480000000000000648e-01,4.499999999999997058e-02,4.883804112776950035e+01,9.175866650207522000e-08,1.349773410985211650e-04,4.499999999999992895e-02,9.541265068552834405e-01,9.559834281082165708e-01,8.999999999999989952e-02
0.000000000000000000e+00,9.480000000000000648e-01,4.599999999999997147e-02,4.909407619939785405e+01,9.319112994109874389e-08,1.378980990527960897e-04,4.499999999999992895e-02,9.555459778706387741e-01,9.525944689004403054e-01,9.099999999999990041e-02
0.000000000000000000e+00,9.480000000000000648e-01,4.699999999999997236e-02,4.764842959992578386e+01,8.341404448216177496e-08,1.338909752455306340e-04,4.400000000000003908e-02,9.487337447925417999e-01,9.556161228405547492e-01,9.100000000000001144e-02
0.000000000000000000e+00,9.480000000000000648e-01,4.799999999999996630e-02,4.792412014935139553e+01,8.487206144943645290e-08,1.367569062326749784e-04,4.400000000000003908e-02,9.501639637047668563e-01,9.521940273461259041e-01,9.199999999999999845e-02
0.000000000000000000e+00,9.480000000000000648e-01,4.899999999999996719e-02,4.826006021959434378e+01,8.666967357563866709e-08,1.390715126605184177e-04,4.400000000000003908e-02,9.511122479108630179e-01,9.512004094128755360e-01,9.299999999999999933e-02
0.000000000000000000e+00,9.490000000000000657e-01,1.000000000000000021e-02,4.133788392043305748e+01,5.626227618401798036e-08,1.060588469348972750e-04,5.100000000000015632e-02,9.533924524213235330e-01,9.715715291026306710e-01,6.100000000000015826e-02
0.000000000000000000e+00,9.490000000000000657e-01,1.099999999999999936e-02,4.150942226104371713e+01,5.703596645864353651e-08,1.093303754466008770e-04,5.100000000000015632e-02,9.577124754347009494e-01,9.690867052876296350e-01,6.200000000000015221e-02
0.000000000000000000e+00,9.490000000000000657e-01,1.199999999999999852e-02,4.542138316710085633e+01,7.743343421526564339e-08,1.093313343672437595e-04,5.200000000000004619e-02,9.587781292268051647e-01,9.702607512059583383e-01,6.400000000000004297e-02
0.000000000000000000e+00,9.490000000000000657e-01,1.299999999999999767e-02,4.297533242960870581e+01,6.388350375927133607e-08,1.099043414884092427e-04,5.100000000000015632e-02,9.567052945329267422e-01,9.703046483487934859e-01,6.400000000000015399e-02
0.000000000000000000e+00,9.490000000000000657e-01,1.399999999999999682e-02,4.389031633487515904e+01,6.833702028678443637e-08,1.092587027916660256e-04,5.100000000000015632e-02,9.552335398124762733e-01,9.727261304409222653e-01,6.500000000000015488e-02
0.000000000000000000e+00,9.490000000000000657e-01,1.499999999999999598e-02,4.426173851829041439e+01,7.018673576413507347e-08,1.114265464077871534e-04,5.100000000000015632e-02,9.579599227646821147e-01,9.726255736646245431e-01,6.600000000000015576e-02
0.000000000000000000e+00,9.490000000000000657e-01,1.599999999999999339e-02,4.465778606374372828e+01,7.219004364353112145e-08,1.134367130960649338e-04,5.100000000000015632e-02,9.602336031342185718e-01,9.728541754048164458e-01,6.700000000000014277e-02
0.000000000000000000e+00,9.490000000000000657e-01,1.699999999999999428e-02,4.565102452233925590e+01,7.853658924295650019e-08,1.073267769575788087e-04,5.000000000000004441e-02,9.503072144131144983e-01,9.624545417411415338e-01,6.700000000000003175e-02
0.000000000000000000e+00,9.490000000000000657e-01,1.799999999999999517e-02,4.596183970183415823e+01,8.016954982407764074e-08,1.094504091080686337e-04,5.000000000000004441e-02,9.534635508655920910e-01,9.632979976517465071e-01,6.800000000000003264e-02
0.000000000000000000e+00,9.490000000000000657e-01,1.899999999999999259e-02,4.645978063433158667e+01,8.282397848790254554e-08,1.106016206752687700e-04,5.000000000000004441e-02,9.552481885684747098e-01,9.658397481489708891e-01,6.900000000000003353e-02
0.000000000000000000e+00,9.490000000000000657e-01,1.999999999999999001e-02,4.703902112183618556e+01,8.700618405674216550e-08,1.059454702845032782e-04,4.899999999999993250e-02,9.500291481484676170e-01,9.557958369926239373e-01,6.899999999999992251e-02
0.000000000000000000e+00,9.490000000000000657e-01,2.099999999999999090e-02,4.694504867634805123e+01,8.664017369865549173e-08,1.016025484496156726e-04,4.800000000000004263e-02,9.503771031387703294e-01,9.527888487749033297e-01,6.900000000000003353e-02
0.000000000000000000e+00,9.490000000000000657e-01,2.199999999999999178e-02,4.626982792043592241e+01,8.261343358631466659e-08,9.790976079688553345e-05,4.700000000000015277e-02,9.507937747366550507e-01,9.526186013749802228e-01,6.900000000000014455e-02
0.000000000000000000e+00,9.490000000000000657e-01,2.299999999999998920e-02,4.646533313970276424e+01,8.362283883186458737e-08,1.002009006491760303e-04,4.700000000000015277e-02,9.541637060608202381e-01,9.531602626151115532e-01,7.000000000000014544e-02
0.000000000000000000e+00,9.490000000000000657e-01,2.399999999999998662e-02,4.669476027568781973e+01,8.481900843041671099e-08,1.023580582106421694e-04,4.700000000000015277e-02,9.570692220801656491e-01,9.539966728229856141e-01,7.100000000000014633e-02
0.000000000000000000e+00,9.490000000000000657e-01,2.499999999999998751e-02,4.709252604492598238e+01,8.691709973628034387e-08,1.036896773178716188e-04,4.700000000000015277e-02,9.588935260442806863e-01,9.566779151992332864e-01,7.200000000000014722e-02
0.000000000000000000e+00,9.490000000000000657e-01,2.599999999999998840e-02,4.743358973640783915e+01,8.873882315103357583e-08,1.053339565484800891e-04,4.700000000000015277e-02,9.608217702845402997e-01,9.583349311754806310e-01,7.300000000000014810e-02
0.000000000000000000e+00,9.490000000000000657e-01,2.699999999999998929e-02,4.739997575705660182e+01,8.855775566932407432e-08,1.090918926795120595e-04,4.700000000000015277e-02,9.636972124653616634e-01,9.512337620265074456e-01,7.400000000000014899e-02
0.000000000000000000e+00,9.490000000000000657e-01,2.799999999999998324e-02,4.764773410298065670e+01,8.990255914930106747e-08,1.112715454847488681e-04,4.700000000000015277e-02,9.655995769422257569e-01,9.519506792739999002e-01,7.500000000000013600e-02
0.000000000000000000e+00,9.490000000000000657e-01,2.899999999999998412e-02,4.808275765113207711e+01,9.229218010354480940e-08,1.124232366564402170e-04,4.700000000000015277e-02,9.663967249685244676e-01,9.547752797418672666e-01,7.600000000000013689e-02
0.000000000000000000e+00,9.490000000000000657e-01,2.999999999999998501e-02,4.838664534022461794e+01,9.398216321176414927e-08,1.143462314243116456e-04,4.700000000000015277e-02,9.677839103339768156e-01,9.556785784873202960e-01,7.700000000000013778e-02
0.000000000000000000e+00,9.490000000000000657e-01,3.099999999999998590e-02,4.851010183172378731e+01,9.467521213275998079e-08,1.174039151788503599e-04,4.700000000000015277e-02,9.696816413564216530e-01,9.524679509233807684e-01,7.800000000000013867e-02
0.000000000000000000e+00,9.490000000000000657e-01,3.199999999999997985e-02,4.892744561035532058e+01,9.704257634792577243e-08,1.186776677576217962e-04,4.700000000000015277e-02,9.701933535135601749e-01,9.548478146710596137e-01,7.900000000000012568e-02
0.000000000000000000e+00,9.490000000000000657e-01,3.299999999999998074e-02,4.940172766602167087e+01,9.976934240950263915e-08,1.196337318860191812e-04,4.700000000000015277e-02,9.702849684557642851e-01,9.573885509820603268e-01,8.000000000000012657e-02
0.000000000000000000e+00,9.490000000000000657e-01,3.399999999999998163e-02,4.966850899103830841e+01,1.013215583008891419e-07,1.218949609301531390e-04,4.700000000000015277e-02,9.714316781206494555e-01,9.568139831831853348e-01,8.100000000000012745e-02
0.000000000000000000e+00,9.490000000000000657e-01,3.499999999999998251e-02,4.984211724756391959e+01,1.023410361575253522e-07,1.248056076928879491e-04,4.700000000000015277e-02,9.728130118522897440e-01,9.539569340453012414e-01,8.200000000000012834e-02
0.000000000000000000e+00,9.490000000000000657e-01,3.599999999999997646e-02,4.753230263169682246e+01,8.630360759866670768e-08,1.216659407506299112e-04,4.600000000000004086e-02,9.496704714311504647e-01,9.582912085425615567e-01,8.200000000000001732e-02
0.000000000000000000e+00,9.490000000000000657e-01,3.699999999999997735e-02,4.776889146818297149e+01,8.758299116820810857e-08,1.244794689323779665e-04,4.600000000000004086e-02,9.518112078985125901e-01,9.553522733955130963e-01,8.300000000000001821e-02
0.000000000000000000e+00,9.490000000000000657e-01,3.799999999999997824e-02,4.807110610076668422e+01,8.923509148645118428e-08,1.268192237386482342e-04,4.600000000000004086e-02,9.534506689003686697e-01,9.545101673988467539e-01,8.400000000000001910e-02
0.000000000000000000e+00,9.490000000000000657e-01,3.899999999999997913e-02,4.843045024594872672e+01,9.122322091395045556e-08,1.287451814596717666e-04,4.600000000000004086e-02,9.546232268564758261e-01,9.549489760886719081e-01,8.500000000000001998e-02
0.000000000000000000e+00,9.490000000000000657e-01,3.999999999999997308e-02,4.692594384963129528e+01,8.145888695755512815e-08,1.257757496100272705e-04,4.499999999999992895e-02,9.497876819110859792e-01,9.546036924657484990e-01,8.499999999999990896e-02
0.000000000000000000e+00,9.490000000000000657e-01,4.099999999999997397e-02,4.729869081031512934e+01,8.341396012888841985e-08,1.276778917846451843e-04,4.499999999999992895e-02,9.508939286802446933e-01,9.549291919709121945e-01,8.599999999999990985e-02
0.000000000000000000e+00,9.490000000000000657e-01,4.199999999999997485e-02,4.771672652905962764e+01,8.563687112219938830e-08,1.292342886114167374e-04,4.499999999999992895e-02,9.515782238750137845e-01,9.560307844083303364e-01,8.699999999999991074e-02
0.000000000000000000e+00,9.490000000000000657e-01,4.299999999999997574e-02,4.808782011586504268e+01,8.763705081128511475e-08,1.311619037338131806e-04,4.499999999999992895e-02,9.525284808033032125e-01,9.560885091882274089e-01,8.799999999999991163e-02
0.000000000000000000e+00,9.490000000000000657e-01,4.399999999999997663e-02,4.850208106397111862e+01,8.989986940693492250e-08,1.327498341016208200e-04,4.499999999999992895e-02,9.530883698340221200e-01,9.569504866522590136e-01,8.899999999999991251e-02
0.000000000000000000e+00,9.490000000000000657e-01,4.499999999999997058e-02,4.883804112776950035e+01,9.175866650207522000e-08,1.349773410985211650e-04,4.499999999999992895e-02,9.541265068552834405e-01,9.559834281082165708e-01,8.999999999999989952e-02
0.000000000000000000e+00,9.490000000000000657e-01,4.599999999999997147e-02,4.909407619939785405e+01,9.319112994109874389e-08,1.378980990527960897e-04,4.499999999999992895e-02,9.555459778706387741e-01,9.525944689004403054e-01,9.099999999999990041e-02
0.000000000000000000e+00,9.490000000000000657e-01,4.699999999999997236e-02,4.941649904716088315e+01,9.501486879303150495e-08,1.402437804627435511e-04,4.499999999999992895e-02,9.564912207110096709e-01,9.516670831182845181e-01,9.199999999999990130e-02
0.000000000000000000e+00,9.490000000000000657e-01,4.799999999999996630e-02,4.792412014935139553e+01,8.487206144943645290e-08,1.367569062326749784e-04,4.400000000000003908e-02,9.501639637047668563e-01,9.521940273461259041e-01,9.199999999999999845e-02
0.000000000000000000e+00,9.490000000000000657e-01,4.899999999999996719e-02,4.826006021959434378e+01,8.666967357563866709e-08,1.390715126605184177e-04,4.400000000000003908e-02,9.511122479108630179e-01,9.512004094128755360e-01,9.299999999999999933e-02
0.000000000000000000e+00,9.500000000000000666e-01,1.000000000000000021e-02,4.133788392043305748e+01,5.626227618401798036e-08,1.060588469348972750e-04,5.100000000000015632e-02,9.533924524213235330e-01,9.715715291026306710e-01,6.100000000000015826e-02
0.000000000000000000e+00,9.500000000000000666e-01,1.099999999999999936e-02,4.150942226104371713e+01,5.703596645864353651e-08,1.093303754466008770e-04,5.100000000000015632e-02,9.577124754347009494e-01,9.690867052876296350e-01,6.200000000000015221e-02
0.000000000000000000e+00,9.500000000000000666e-01,1.199999999999999852e-02,4.542138316710085633e+01,7.743343421526564339e-08,1.093313343672437595e-04,5.200000000000004619e-02,9.587781292268051647e-01,9.702607512059583383e-01,6.400000000000004297e-02
0.000000000000000000e+00,9.500000000000000666e-01,1.299999999999999767e-02,4.297533242960870581e+01,6.388350375927133607e-08,1.099043414884092427e-04,5.100000000000015632e-02,9.567052945329267422e-01,9.703046483487934859e-01,6.400000000000015399e-02
0.000000000000000000e+00,9.500000000000000666e-01,1.399999999999999682e-02,4.389031633487515904e+01,6.833702028678443637e-08,1.092587027916660256e-04,5.100000000000015632e-02,9.552335398124762733e-01,9.727261304409222653e-01,6.500000000000015488e-02
0.000000000000000000e+00,9.500000000000000666e-01,1.499999999999999598e-02,4.426173851829041439e+01,7.018673576413507347e-08,1.114265464077871534e-04,5.100000000000015632e-02,9.579599227646821147e-01,9.726255736646245431e-01,6.600000000000015576e-02
0.000000000000000000e+00,9.500000000000000666e-01,1.599999999999999339e-02,4.465778606374372828e+01,7.219004364353112145e-08,1.134367130960649338e-04,5.100000000000015632e-02,9.602336031342185718e-01,9.728541754048164458e-01,6.700000000000014277e-02
0.000000000000000000e+00,9.500000000000000666e-01,1.699999999999999428e-02,4.565102452233925590e+01,7.853658924295650019e-08,1.073267769575788087e-04,5.000000000000004441e-02,9.503072144131144983e-01,9.624545417411415338e-01,6.700000000000003175e-02
0.000000000000000000e+00,9.500000000000000666e-01,1.799999999999999517e-02,4.596183970183415823e+01,8.016954982407764074e-08,1.094504091080686337e-04,5.000000000000004441e-02,9.534635508655920910e-01,9.632979976517465071e-01,6.800000000000003264e-02
0.000000000000000000e+00,9.500000000000000666e-01,1.899999999999999259e-02,4.645978063433158667e+01,8.282397848790254554e-08,1.106016206752687700e-04,5.000000000000004441e-02,9.552481885684747098e-01,9.658397481489708891e-01,6.900000000000003353e-02
0.000000000000000000e+00,9.500000000000000666e-01,1.999999999999999001e-02,4.703902112183618556e+01,8.700618405674216550e-08,1.059454702845032782e-04,4.899999999999993250e-02,9.500291481484676170e-01,9.557958369926239373e-01,6.899999999999992251e-02
0.000000000000000000e+00,9.500000000000000666e-01,2.099999999999999090e-02,4.694504867634805123e+01,8.664017369865549173e-08,1.016025484496156726e-04,4.800000000000004263e-02,9.503771031387703294e-01,9.527888487749033297e-01,6.900000000000003353e-02
0.000000000000000000e+00,9.500000000000000666e-01,2.199999999999999178e-02,4.626982792043592241e+01,8.261343358631466659e-08,9.790976079688553345e-05,4.700000000000015277e-02,9.507937747366550507e-01,9.526186013749802228e-01,6.900000000000014455e-02
0.000000000000000000e+00,9.500000000000000666e-01,2.299999999999998920e-02,4.646533313970276424e+01,8.362283883186458737e-08,1.002009006491760303e-04,4.700000000000015277e-02,9.541637060608202381e-01,9.531602626151115532e-01,7.000000000000014544e-02
0.000000000000000000e+00,9.500000000000000666e-01,2.399999999999998662e-02,4.669476027568781973e+01,8.481900843041671099e-08,1.023580582106421694e-04,4.700000000000015277e-02,9.570692220801656491e-01,9.539966728229856141e-01,7.100000000000014633e-02
0.000000000000000000e+00,9.500000000000000666e-01,2.499999999999998751e-02,4.709252604492598238e+01,8.691709973628034387e-08,1.036896773178716188e-04,4.700000000000015277e-02,9.588935260442806863e-01,9.566779151992332864e-01,7.200000000000014722e-02
0.000000000000000000e+00,9.500000000000000666e-01,2.599999999999998840e-02,4.743358973640783915e+01,8.873882315103357583e-08,1.053339565484800891e-04,4.700000000000015277e-02,9.608217702845402997e-01,9.583349311754806310e-01,7.300000000000014810e-02
0.000000000000000000e+00,9.500000000000000666e-01,2.699999999999998929e-02,4.739997575705660182e+01,8.855775566932407432e-08,1.090918926795120595e-04,4.700000000000015277e-02,9.636972124653616634e-01,9.512337620265074456e-01,7.400000000000014899e-02
0.000000000000000000e+00,9.500000000000000666e-01,2.799999999999998324e-02,4.764773410298065670e+01,8.990255914930106747e-08,1.112715454847488681e-04,4.700000000000015277e-02,9.655995769422257569e-01,9.519506792739999002e-01,7.500000000000013600e-02
0.000000000000000000e+00,9.500000000000000666e-01,2.899999999999998412e-02,4.808275765113207711e+01,9.229218010354480940e-08,1.124232366564402170e-04,4.700000000000015277e-02,9.663967249685244676e-01,9.547752797418672666e-01,7.600000000000013689e-02
0.000000000000000000e+00,9.500000000000000666e-01,2.999999999999998501e-02,4.838664534022461794e+01,9.398216321176414927e-08,1.143462314243116456e-04,4.700000000000015277e-02,9.677839103339768156e-01,9.556785784873202960e-01,7.700000000000013778e-02
0.000000000000000000e+00,9.500000000000000666e-01,3.099999999999998590e-02,4.851010183172378731e+01,9.467521213275998079e-08,1.174039151788503599e-04,4.700000000000015277e-02,9.696816413564216530e-01,9.524679509233807684e-01,7.800000000000013867e-02
0.000000000000000000e+00,9.500000000000000666e-01,3.199999999999997985e-02,4.892744561035532058e+01,9.704257634792577243e-08,1.186776677576217962e-04,4.700000000000015277e-02,9.701933535135601749e-01,9.548478146710596137e-01,7.900000000000012568e-02
0.000000000000000000e+00,9.500000000000000666e-01,3.299999999999998074e-02,4.940172766602167087e+01,9.976934240950263915e-08,1.196337318860191812e-04,4.700000000000015277e-02,9.702849684557642851e-01,9.573885509820603268e-01,8.000000000000012657e-02
0.000000000000000000e+00,9.500000000000000666e-01,3.399999999999998163e-02,4.966850899103830841e+01,1.013215583008891419e-07,1.218949609301531390e-04,4.700000000000015277e-02,9.714316781206494555e-01,9.568139831831853348e-01,8.100000000000012745e-02
0.000000000000000000e+00,9.500000000000000666e-01,3.499999999999998251e-02,4.984211724756391959e+01,1.023410361575253522e-07,1.248056076928879491e-04,4.700000000000015277e-02,9.728130118522897440e-01,9.539569340453012414e-01,8.200000000000012834e-02
0.000000000000000000e+00,9.500000000000000666e-01,3.599999999999997646e-02,5.009381958129673507e+01,1.038325874215603815e-07,1.272139939620622775e-04,4.700000000000015277e-02,9.738118271064721831e-01,9.532555752206339772e-01,8.300000000000012923e-02
0.000000000000000000e+00,9.500000000000000666e-01,3.699999999999997735e-02,4.776889146818297149e+01,8.758299116820810857e-08,1.244794689323779665e-04,4.600000000000004086e-02,9.518112078985125901e-01,9.553522733955130963e-01,8.300000000000001821e-02
0.000000000000000000e+00,9.500000000000000666e-01,3.799999999999997824e-02,4.807110610076668422e+01,8.923509148645118428e-08,1.268192237386482342e-04,4.600000000000004086e-02,9.534506689003686697e-01,9.545101673988467539e-01,8.400000000000001910e-02
0.000000000000000000e+00,9.500000000000000666e-01,3.899999999999997913e-02,4.843045024594872672e+01,9.122322091395045556e-08,1.287451814596717666e-04,4.600000000000004086e-02,9.546232268564758261e-01,9.549489760886719081e-01,8.500000000000001998e-02
0.000000000000000000e+00,9.500000000000000666e-01,3.999999999999997308e-02,4.883991616520842882e+01,9.351816572756212015e-08,1.303092295316650255e-04,4.600000000000004086e-02,9.553657759650382442e-01,9.561561108943598120e-01,8.600000000000002087e-02
0.000000000000000000e+00,9.500000000000000666e-01,4.099999999999997397e-02,4.729869081031512934e+01,8.341396012888841985e-08,1.276778917846451843e-04,4.499999999999992895e-02,9.508939286802446933e-01,9.549291919709121945e-01,8.599999999999990985e-02
0.000000000000000000e+00,9.500000000000000666e-01,4.199999999999997485e-02,4.771672652905962764e+01,8.563687112219938830e-08,1.292342886114167374e-04,4.499999999999992895e-02,9.515782238750137845e-01,9.560307844083303364e-01,8.699999999999991074e-02
0.000000000000000000e+00,9.500000000000000666e-01,4.299999999999997574e-02,4.808782011586504268e+01,8.763705081128511475e-08,1.311619037338131806e-04,4.499999999999992895e-02,9.525284808033032125e-01,9.560885091882274089e-01,8.799999999999991163e-02
0.000000000000000000e+00,9.500000000000000666e-01,4.399999999999997663e-02,4.850208106397111862e+01,8.989986940693492250e-08,1.327498341016208200e-04,4.499999999999992895e-02,9.530883698340221200e-01,9.569504866522590136e-01,8.899999999999991251e-02
0.000000000000000000e+00,9.500000000000000666e-01,4.499999999999997058e-02,4.883804112776950035e+01,9.175866650207522000e-08,1.349773410985211650e-04,4.499999999999992895e-02,9.541265068552834405e-01,9.559834281082165708e-01,8.999999999999989952e-02
0.000000000000000000e+00,9.500000000000000666e-01,4.599999999999997147e-02,4.909407619939785405e+01,9.319112994109874389e-08,1.378980990527960897e-04,4.499999999999992895e-02,9.555459778706387741e-01,9.525944689004403054e-01,9.099999999999990041e-02
0.000000000000000000e+00,9.500000000000000666e-01,4.699999999999997236e-02,4.941649904716088315e+01,9.501486879303150495e-08,1.402437804627435511e-04,4.499999999999992895e-02,9.564912207110096709e-01,9.516670831182845181e-01,9.199999999999990130e-02
0.000000000000000000e+00,9.500000000000000666e-01,4.799999999999996630e-02,4.792412014935139553e+01,8.487206144943645290e-08,1.367569062326749784e-04,4.400000000000003908e-02,9.501639637047668563e-01,9.521940273461259041e-01,9.199999999999999845e-02
0.000000000000000000e+00,9.500000000000000666e-01,4.899999999999996719e-02,4.826006021959434378e+01,8.666967357563866709e-08,1.390715126605184177e-04,4.400000000000003908e-02,9.511122479108630179e-01,9.512004094128755360e-01,9.299999999999999933e-02
0.000000000000000000e+00,9.510000000000000675e-01,1.000000000000000021e-02,4.133788392043305748e+01,5.626227618401798036e-08,1.060588469348972750e-04,5.100000000000015632e-02,9.533924524213235330e-01,9.715715291026306710e-01,6.100000000000015826e-02
0.000000000000000000e+00,9.510000000000000675e-01,1.099999999999999936e-02,4.150942226104371713e+01,5.703596645864353651e-08,1.093303754466008770e-04,5.100000000000015632e-02,9.577124754347009494e-01,9.690867052876296350e-01,6.200000000000015221e-02
0.000000000000000000e+00,9.510000000000000675e-01,1.199999999999999852e-02,4.542138316710085633e+01,7.743343421526564339e-08,1.093313343672437595e-04,5.200000000000004619e-02,9.587781292268051647e-01,9.702607512059583383e-01,6.400000000000004297e-02
0.000000000000000000e+00,9.510000000000000675e-01,1.299999999999999767e-02,4.297533242960870581e+01,6.388350375927133607e-08,1.099043414884092427e-04,5.100000000000015632e-02,9.567052945329267422e-01,9.703046483487934859e-01,6.400000000000015399e-02
0.000000000000000000e+00,9.510000000000000675e-01,1.399999999999999682e-02,4.389031633487515904e+01,6.833702028678443637e-08,1.092587027916660256e-04,5.100000000000015632e-02,9.552335398124762733e-01,9.727261304409222653e-01,6.500000000000015488e-02
0.000000000000000000e+00,9.510000000000000675e-01,1.499999999999999598e-02,4.426173851829041439e+01,7.018673576413507347e-08,1.114265464077871534e-04,5.100000000000015632e-02,9.579599227646821147e-01,9.726255736646245431e-01,6.600000000000015576e-02
0.000000000000000000e+00,9.510000000000000675e-01,1.599999999999999339e-02,4.465778606374372828e+01,7.219004364353112145e-08,1.134367130960649338e-04,5.100000000000015632e-02,9.602336031342185718e-01,9.728541754048164458e-01,6.700000000000014277e-02
0.000000000000000000e+00,9.510000000000000675e-01,1.699999999999999428e-02,4.523517981728017645e+01,7.516364594150818970e-08,1.144289848531923891e-04,5.100000000000015632e-02,9.611048167515054974e-01,9.747670426888512818e-01,6.800000000000014366e-02
0.000000000000000000e+00,9.510000000000000675e-01,1.799999999999999517e-02,4.596183970183415823e+01,8.016954982407764074e-08,1.094504091080686337e-04,5.000000000000004441e-02,9.534635508655920910e-01,9.632979976517465071e-01,6.800000000000003264e-02
0.000000000000000000e+00,9.510000000000000675e-01,1.899999999999999259e-02,4.645978063433158667e+01,8.282397848790254554e-08,1.106016206752687700e-04,5.000000000000004441e-02,9.552481885684747098e-01,9.658397481489708891e-01,6.900000000000003353e-02
0.000000000000000000e+00,9.510000000000000675e-01,1.999999999999999001e-02,4.688565897934910964e+01,8.512991147934005102e-08,1.121352178110810301e-04,5.000000000000004441e-02,9.572496712563342003e-01,9.674059324918501401e-01,7.000000000000003442e-02
0.000000000000000000e+00,9.510000000000000675e-01,2.099999999999999090e-02,4.746896923421908099e+01,8.935178644542534767e-08,1.072187924468648849e-04,4.899999999999993250e-02,9.523624183734145099e-01,9.587463043490089820e-01,6.999999999999992339e-02
0.000000000000000000e+00,9.510000000000000675e-01,2.199999999999999178e-02,4.716473127863653048e+01,8.781589862691773539e-08,1.037995661054744823e-04,4.800000000000004263e-02,9.536955739237230611e-01,9.538775906531781201e-01,7.000000000000003442e-02
0.000000000000000000e+00,9.510000000000000675e-01,2.299999999999998920e-02,4.646533313970276424e+01,8.362283883186458737e-08,1.002009006491760303e-04,4.700000000000015277e-02,9.541637060608202381e-01,9.531602626151115532e-01,7.000000000000014544e-02
0.000000000000000000e+00,9.510000000000000675e-01,2.399999999999998662e-02,4.669476027568781973e+01,8.481900843041671099e-08,1.023580582106421694e-04,4.700000000000015277e-02,9.570692220801656491e-01,9.539966728229856141e-01,7.100000000000014633e-02
0.000000000000000000e+00,9.510000000000000675e-01,2.499999999999998751e-02,4.709252604492598238e+01,8.691709973628034387e-08,1.036896773178716188e-04,4.700000000000015277e-02,9.588935260442806863e-01,9.566779151992332864e-01,7.200000000000014722e-02
0.000000000000000000e+00,9.510000000000000675e-01,2.599999999999998840e-02,4.743358973640783915e+01,8.873882315103357583e-08,1.053339565484800891e-04,4.700000000000015277e-02,9.608217702845402997e-01,9.583349311754806310e-01,7.300000000000014810e-02
0.000000000000000000e+00,9.510000000000000675e-01,2.699999999999998929e-02,4.739997575705660182e+01,8.855775566932407432e-08,1.090918926795120595e-04,4.700000000000015277e-02,9.636972124653616634e-01,9.512337620265074456e-01,7.400000000000014899e-02
0.000000000000000000e+00,9.510000000000000675e-01,2.799999999999998324e-02,4.764773410298065670e+01,8.990255914930106747e-08,1.112715454847488681e-04,4.700000000000015277e-02,9.655995769422257569e-01,9.519506792739999002e-01,7.500000000000013600e-02
0.000000000000000000e+00,9.510000000000000675e-01,2.899999999999998412e-02,4.808275765113207711e+01,9.229218010354480940e-08,1.124232366564402170e-04,4.700000000000015277e-02,9.663967249685244676e-01,9.547752797418672666e-01,7.600000000000013689e-02
0.000000000000000000e+00,9.510000000000000675e-01,2.999999999999998501e-02,4.838664534022461794e+01,9.398216321176414927e-08,1.143462314243116456e-04,4.700000000000015277e-02,9.677839103339768156e-01,9.556785784873202960e-01,7.700000000000013778e-02
0.000000000000000000e+00,9.510000000000000675e-01,3.099999999999998590e-02,4.851010183172378731e+01,9.467521213275998079e-08,1.174039151788503599e-04,4.700000000000015277e-02,9.696816413564216530e-01,9.524679509233807684e-01,7.800000000000013867e-02
0.000000000000000000e+00,9.510000000000000675e-01,3.199999999999997985e-02,4.892744561035532058e+01,9.704257634792577243e-08,1.186776677576217962e-04,4.700000000000015277e-02,9.701933535135601749e-01,9.548478146710596137e-01,7.900000000000012568e-02
0.000000000000000000e+00,9.510000000000000675e-01,3.299999999999998074e-02,4.940172766602167087e+01,9.976934240950263915e-08,1.196337318860191812e-04,4.700000000000015277e-02,9.702849684557642851e-01,9.573885509820603268e-01,8.000000000000012657e-02
0.000000000000000000e+00,9.510000000000000675e-01,3.399999999999998163e-02,4.966850899103830841e+01,1.013215583008891419e-07,1.218949609301531390e-04,4.700000000000015277e-02,9.714316781206494555e-01,9.568139831831853348e-01,8.100000000000012745e-02
0.000000000000000000e+00,9.510000000000000675e-01,3.499999999999998251e-02,4.984211724756391959e+01,1.023410361575253522e-07,1.248056076928879491e-04,4.700000000000015277e-02,9.728130118522897440e-01,9.539569340453012414e-01,8.200000000000012834e-02
0.000000000000000000e+00,9.510000000000000675e-01,3.599999999999997646e-02,5.009381958129673507e+01,1.038325874215603815e-07,1.272139939620622775e-04,4.700000000000015277e-02,9.738118271064721831e-01,9.532555752206339772e-01,8.300000000000012923e-02
0.000000000000000000e+00,9.510000000000000675e-01,3.699999999999997735e-02,4.776889146818297149e+01,8.758299116820810857e-08,1.244794689323779665e-04,4.600000000000004086e-02,9.518112078985125901e-01,9.553522733955130963e-01,8.300000000000001821e-02
0.000000000000000000e+00,9.510000000000000675e-01,3.799999999999997824e-02,4.807110610076668422e+01,8.923509148645118428e-08,1.268192237386482342e-04,4.600000000000004086e-02,9.534506689003686697e-01,9.545101673988467539e-01,8.400000000000001910e-02
0.000000000000000000e+00,9.510000000000000675e-01,3.899999999999997913e-02,4.843045024594872672e+01,9.122322091395045556e-08,1.287451814596717666e-04,4.600000000000004086e-02,9.546232268564758261e-01,9.549489760886719081e-01,8.500000000000001998e-02
0.000000000000000000e+00,9.510000000000000675e-01,3.999999999999997308e-02,4.883991616520842882e+01,9.351816572756212015e-08,1.303092295316650255e-04,4.600000000000004086e-02,9.553657759650382442e-01,9.561561108943598120e-01,8.600000000000002087e-02
0.000000000000000000e+00,9.510000000000000675e-01,4.099999999999997397e-02,4.919892589653613157e+01,9.555621103166120144e-08,1.322591814815037839e-04,4.600000000000004086e-02,9.563649687695140456e-01,9.563059909771479683e-01,8.700000000000002176e-02
0.000000000000000000e+00,9.510000000000000675e-01,4.199999999999997485e-02,4.771672652905962764e+01,8.563687112219938830e-08,1.292342886114167374e-04,4.499999999999992895e-02,9.515782238750137845e-01,9.560307844083303364e-01,8.699999999999991074e-02
0.000000000000000000e+00,9.510000000000000675e-01,4.299999999999997574e-02,4.808782011586504268e+01,8.763705081128511475e-08,1.311619037338131806e-04,4.499999999999992895e-02,9.525284808033032125e-01,9.560885091882274089e-01,8.799999999999991163e-02
0.000000000000000000e+00,9.510000000000000675e-01,4.399999999999997663e-02,4.850208106397111862e+01,8.989986940693492250e-08,1.327498341016208200e-04,4.499999999999992895e-02,9.530883698340221200e-01,9.569504866522590136e-01,8.899999999999991251e-02
0.000000000000000000e+00,9.510000000000000675e-01,4.499999999999997058e-02,4.883804112776950035e+01,9.175866650207522000e-08,1.349773410985211650e-04,4.499999999999992895e-02,9.541265068552834405e-01,9.559834281082165708e-01,8.999999999999989952e-02
0.000000000000000000e+00,9.510000000000000675e-01,4.599999999999997147e-02,4.909407619939785405e+01,9.319112994109874389e-08,1.378980990527960897e-04,4.499999999999992895e-02,9.555459778706387741e-01,9.525944689004403054e-01,9.099999999999990041e-02
0.000000000000000000e+00,9.510000000000000675e-01,4.699999999999997236e-02,4.941649904716088315e+01,9.501486879303150495e-08,1.402437804627435511e-04,4.499999999999992895e-02,9.564912207110096709e-01,9.516670831182845181e-01,9.199999999999990130e-02
0.000000000000000000e+00,9.510000000000000675e-01,4.799999999999996630e-02,1.003110002311697571e+02,5.253210473382183313e-07,1.542176197767445578e-01,3.240000000000000657e-01,9.513717028806508713e-01,9.573672981048743091e-01,3.720000000000000528e-01
0.000000000000000000e+00,9.510000000000000675e-01,4.899999999999996719e-02,4.826006021959434378e+01,8.666967357563866709e-08,1.390715126605184177e-04,4.400000000000003908e-02,9.511122479108630179e-01,9.512004094128755360e-01,9.299999999999999933e-02
0.000000000000000000e+00,9.520000000000000684e-01,1.000000000000000021e-02,4.133788392043305748e+01,5.626227618401798036e-08,1.060588469348972750e-04,5.100000000000015632e-02,9.533924524213235330e-01,9.715715291026306710e-01,6.100000000000015826e-02
0.000000000000000000e+00,9.520000000000000684e-01,1.099999999999999936e-02,4.150942226104371713e+01,5.703596645864353651e-08,1.093303754466008770e-04,5.100000000000015632e-02,9.577124754347009494e-01,9.690867052876296350e-01,6.200000000000015221e-02
0.000000000000000000e+00,9.520000000000000684e-01,1.199999999999999852e-02,4.542138316710085633e+01,7.743343421526564339e-08,1.093313343672437595e-04,5.200000000000004619e-02,9.587781292268051647e-01,9.702607512059583383e-01,6.400000000000004297e-02
0.000000000000000000e+00,9.520000000000000684e-01,1.299999999999999767e-02,4.297533242960870581e+01,6.388350375927133607e-08,1.099043414884092427e-04,5.100000000000015632e-02,9.567052945329267422e-01,9.703046483487934859e-01,6.400000000000015399e-02
0.000000000000000000e+00,9.520000000000000684e-01,1.399999999999999682e-02,4.389031633487515904e+01,6.833702028678443637e-08,1.092587027916660256e-04,5.100000000000015632e-02,9.552335398124762733e-01,9.727261304409222653e-01,6.500000000000015488e-02
0.000000000000000000e+00,9.520000000000000684e-01,1.499999999999999598e-02,4.426173851829041439e+01,7.018673576413507347e-08,1.114265464077871534e-04,5.100000000000015632e-02,9.579599227646821147e-01,9.726255736646245431e-01,6.600000000000015576e-02
0.000000000000000000e+00,9.520000000000000684e-01,1.599999999999999339e-02,4.465778606374372828e+01,7.219004364353112145e-08,1.134367130960649338e-04,5.100000000000015632e-02,9.602336031342185718e-01,9.728541754048164458e-01,6.700000000000014277e-02
0.000000000000000000e+00,9.520000000000000684e-01,1.699999999999999428e-02,4.523517981728017645e+01,7.516364594150818970e-08,1.144289848531923891e-04,5.100000000000015632e-02,9.611048167515054974e-01,9.747670426888512818e-01,6.800000000000014366e-02
0.000000000000000000e+00,9.520000000000000684e-01,1.799999999999999517e-02,4.596183970183415823e+01,8.016954982407764074e-08,1.094504091080686337e-04,5.000000000000004441e-02,9.534635508655920910e-01,9.632979976517465071e-01,6.800000000000003264e-02
0.000000000000000000e+00,9.520000000000000684e-01,1.899999999999999259e-02,4.645978063433158667e+01,8.282397848790254554e-08,1.106016206752687700e-04,5.000000000000004441e-02,9.552481885684747098e-01,9.658397481489708891e-01,6.900000000000003353e-02
0.000000000000000000e+00,9.520000000000000684e-01,1.999999999999999001e-02,4.688565897934910964e+01,8.512991147934005102e-08,1.121352178110810301e-04,5.000000000000004441e-02,9.572496712563342003e-01,9.674059324918501401e-01,7.000000000000003442e-02
0.000000000000000000e+00,9.520000000000000684e-01,2.099999999999999090e-02,4.746896923421908099e+01,8.935178644542534767e-08,1.072187924468648849e-04,4.899999999999993250e-02,9.523624183734145099e-01,9.587463043490089820e-01,6.999999999999992339e-02
0.000000000000000000e+00,9.520000000000000684e-01,2.199999999999999178e-02,4.716473127863653048e+01,8.781589862691773539e-08,1.037995661054744823e-04,4.800000000000004263e-02,9.536955739237230611e-01,9.538775906531781201e-01,7.000000000000003442e-02
0.000000000000000000e+00,9.520000000000000684e-01,2.299999999999998920e-02,4.646533313970276424e+01,8.362283883186458737e-08,1.002009006491760303e-04,4.700000000000015277e-02,9.541637060608202381e-01,9.531602626151115532e-01,7.000000000000014544e-02
0.000000000000000000e+00,9.520000000000000684e-01,2.399999999999998662e-02,4.669476027568781973e+01,8.481900843041671099e-08,1.023580582106421694e-04,4.700000000000015277e-02,9.570692220801656491e-01,9.539966728229856141e-01,7.100000000000014633e-02
0.000000000000000000e+00,9.520000000000000684e-01,2.499999999999998751e-02,4.709252604492598238e+01,8.691709973628034387e-08,1.036896773178716188e-04,4.700000000000015277e-02,9.588935260442806863e-01,9.566779151992332864e-01,7.200000000000014722e-02
0.000000000000000000e+00,9.520000000000000684e-01,2.599999999999998840e-02,4.743358973640783915e+01,8.873882315103357583e-08,1.053339565484800891e-04,4.700000000000015277e-02,9.608217702845402997e-01,9.583349311754806310e-01,7.300000000000014810e-02
0.000000000000000000e+00,9.520000000000000684e-01,2.699999999999998929e-02,4.853096644555908767e+01,9.536269039329193474e-08,1.139835022416615723e-04,4.800000000000004263e-02,9.643839982991905257e-01,9.553762160319042573e-01,7.500000000000003886e-02
0.000000000000000000e+00,9.520000000000000684e-01,2.799999999999998324e-02,4.883341384297001753e+01,9.708747959539609977e-08,1.159201454533529768e-04,4.800000000000004263e-02,9.659716554751819340e-01,9.564114977257182071e-01,7.600000000000002587e-02
0.000000000000000000e+00,9.520000000000000684e-01,2.899999999999998412e-02,4.808275765113207711e+01,9.229218010354480940e-08,1.124232366564402170e-04,4.700000000000015277e-02,9.663967249685244676e-01,9.547752797418672666e-01,7.600000000000013689e-02
0.000000000000000000e+00,9.520000000000000684e-01,2.999999999999998501e-02,4.838664534022461794e+01,9.398216321176414927e-08,1.143462314243116456e-04,4.700000000000015277e-02,9.677839103339768156e-01,9.556785784873202960e-01,7.700000000000013778e-02
0.000000000000000000e+00,9.520000000000000684e-01,3.099999999999998590e-02,4.851010183172378731e+01,9.467521213275998079e-08,1.174039151788503599e-04,4.700000000000015277e-02,9.696816413564216530e-01,9.524679509233807684e-01,7.800000000000013867e-02
0.000000000000000000e+00,9.520000000000000684e-01,3.199999999999997985e-02,4.892744561035532058e+01,9.704257634792577243e-08,1.186776677576217962e-04,4.700000000000015277e-02,9.701933535135601749e-01,9.548478146710596137e-01,7.900000000000012568e-02
0.000000000000000000e+00,9.520000000000000684e-01,3.299999999999998074e-02,4.940172766602167087e+01,9.976934240950263915e-08,1.196337318860191812e-04,4.700000000000015277e-02,9.702849684557642851e-01,9.573885509820603268e-01,8.000000000000012657e-02
0.000000000000000000e+00,9.520000000000000684e-01,3.399999999999998163e-02,4.966850899103830841e+01,1.013215583008891419e-07,1.218949609301531390e-04,4.700000000000015277e-02,9.714316781206494555e-01,9.568139831831853348e-01,8.100000000000012745e-02
0.000000000000000000e+00,9.520000000000000684e-01,3.499999999999998251e-02,4.984211724756391959e+01,1.023410361575253522e-07,1.248056076928879491e-04,4.700000000000015277e-02,9.728130118522897440e-01,9.539569340453012414e-01,8.200000000000012834e-02
0.000000000000000000e+00,9.520000000000000684e-01,3.599999999999997646e-02,5.009381958129673507e+01,1.038325874215603815e-07,1.272139939620622775e-04,4.700000000000015277e-02,9.738118271064721831e-01,9.532555752206339772e-01,8.300000000000012923e-02
0.000000000000000000e+00,9.520000000000000684e-01,3.699999999999997735e-02,5.041294087075745978e+01,1.057432369700909312e-07,1.291851340553799735e-04,4.700000000000015277e-02,9.744330285443166817e-01,9.538523958569021799e-01,8.400000000000013012e-02
0.000000000000000000e+00,9.520000000000000684e-01,3.799999999999997824e-02,4.807110610076668422e+01,8.923509148645118428e-08,1.268192237386482342e-04,4.600000000000004086e-02,9.534506689003686697e-01,9.545101673988467539e-01,8.400000000000001910e-02
0.000000000000000000e+00,9.520000000000000684e-01,3.899999999999997913e-02,4.843045024594872672e+01,9.122322091395045556e-08,1.287451814596717666e-04,4.600000000000004086e-02,9.546232268564758261e-01,9.549489760886719081e-01,8.500000000000001998e-02
0.000000000000000000e+00,9.520000000000000684e-01,3.999999999999997308e-02,4.883991616520842882e+01,9.351816572756212015e-08,1.303092295316650255e-04,4.600000000000004086e-02,9.553657759650382442e-01,9.561561108943598120e-01,8.600000000000002087e-02
0.000000000000000000e+00,9.520000000000000684e-01,4.099999999999997397e-02,4.919892589653613157e+01,9.555621103166120144e-08,1.322591814815037839e-04,4.600000000000004086e-02,9.563649687695140456e-01,9.563059909771479683e-01,8.700000000000002176e-02
0.000000000000000000e+00,9.520000000000000684e-01,4.199999999999997485e-02,4.960550661550424678e+01,9.789362012989076963e-08,1.338542191647496720e-04,4.600000000000004086e-02,9.569677457737070236e-01,9.572553583329765914e-01,8.800000000000002265e-02
0.000000000000000000e+00,9.520000000000000684e-01,4.299999999999997574e-02,4.808782011586504268e+01,8.763705081128511475e-08,1.311619037338131806e-04,4.499999999999992895e-02,9.525284808033032125e-01,9.560885091882274089e-01,8.799999999999991163e-02
0.000000000000000000e+00,9.520000000000000684e-01,4.399999999999997663e-02,4.850208106397111862e+01,8.989986940693492250e-08,1.327498341016208200e-04,4.499999999999992895e-02,9.530883698340221200e-01,9.569504866522590136e-01,8.899999999999991251e-02
0.000000000000000000e+00,9.520000000000000684e-01,4.499999999999997058e-02,4.883804112776950035e+01,9.175866650207522000e-08,1.349773410985211650e-04,4.499999999999992895e-02,9.541265068552834405e-01,9.559834281082165708e-01,8.999999999999989952e-02
0.000000000000000000e+00,9.520000000000000684e-01,4.599999999999997147e-02,4.909407619939785405e+01,9.319112994109874389e-08,1.378980990527960897e-04,4.499999999999992895e-02,9.555459778706387741e-01,9.525944689004403054e-01,9.099999999999990041e-02
0.000000000000000000e+00,9.520000000000000684e-01,4.699999999999997236e-02,1.015301068706153558e+02,5.921543701299353721e-07,1.558326661824957771e-01,3.260000000000000675e-01,9.522299747275186910e-01,9.594999433340132278e-01,3.730000000000000537e-01
0.000000000000000000e+00,9.520000000000000684e-01,4.799999999999996630e-02,1.015301068706153558e+02,5.921543701299353721e-07,1.558326661824957771e-01,3.260000000000000675e-01,9.522299747275186910e-01,9.594999433340132278e-01,3.740000000000000546e-01
0.000000000000000000e+00,9.520000000000000684e-01,4.899999999999996719e-02,1.015301068706153558e+02,5.921543701299353721e-07,1.558326661824957771e-01,3.260000000000000675e-01,9.522299747275186910e-01,9.594999433340132278e-01,3.750000000000000555e-01
0.000000000000000000e+00,9.530000000000000693e-01,1.000000000000000021e-02,4.133788392043305748e+01,5.626227618401798036e-08,1.060588469348972750e-04,5.100000000000015632e-02,9.533924524213235330e-01,9.715715291026306710e-01,6.100000000000015826e-02
0.000000000000000000e+00,9.530000000000000693e-01,1.099999999999999936e-02,4.150942226104371713e+01,5.703596645864353651e-08,1.093303754466008770e-04,5.100000000000015632e-02,9.577124754347009494e-01,9.690867052876296350e-01,6.200000000000015221e-02
0.000000000000000000e+00,9.530000000000000693e-01,1.199999999999999852e-02,4.542138316710085633e+01,7.743343421526564339e-08,1.093313343672437595e-04,5.200000000000004619e-02,9.587781292268051647e-01,9.702607512059583383e-01,6.400000000000004297e-02
0.000000000000000000e+00,9.530000000000000693e-01,1.299999999999999767e-02,4.297533242960870581e+01,6.388350375927133607e-08,1.099043414884092427e-04,5.100000000000015632e-02,9.567052945329267422e-01,9.703046483487934859e-01,6.400000000000015399e-02
0.000000000000000000e+00,9.530000000000000693e-01,1.399999999999999682e-02,4.389031633487515904e+01,6.833702028678443637e-08,1.092587027916660256e-04,5.100000000000015632e-02,9.552335398124762733e-01,9.727261304409222653e-01,6.500000000000015488e-02
0.000000000000000000e+00,9.530000000000000693e-01,1.499999999999999598e-02,4.426173851829041439e+01,7.018673576413507347e-08,1.114265464077871534e-04,5.100000000000015632e-02,9.579599227646821147e-01,9.726255736646245431e-01,6.600000000000015576e-02
0.000000000000000000e+00,9.530000000000000693e-01,1.599999999999999339e-02,4.465778606374372828e+01,7.219004364353112145e-08,1.134367130960649338e-04,5.100000000000015632e-02,9.602336031342185718e-01,9.728541754048164458e-01,6.700000000000014277e-02
0.000000000000000000e+00,9.530000000000000693e-01,1.699999999999999428e-02,4.523517981728017645e+01,7.516364594150818970e-08,1.144289848531923891e-04,5.100000000000015632e-02,9.611048167515054974e-01,9.747670426888512818e-01,6.800000000000014366e-02
0.000000000000000000e+00,9.530000000000000693e-01,1.799999999999999517e-02,4.596183970183415823e+01,8.016954982407764074e-08,1.094504091080686337e-04,5.000000000000004441e-02,9.534635508655920910e-01,9.632979976517465071e-01,6.800000000000003264e-02
0.000000000000000000e+00,9.530000000000000693e-01,1.899999999999999259e-02,4.645978063433158667e+01,8.282397848790254554e-08,1.106016206752687700e-04,5.000000000000004441e-02,9.552481885684747098e-01,9.658397481489708891e-01,6.900000000000003353e-02
0.000000000000000000e+00,9.530000000000000693e-01,1.999999999999999001e-02,4.688565897934910964e+01,8.512991147934005102e-08,1.121352178110810301e-04,5.000000000000004441e-02,9.572496712563342003e-01,9.674059324918501401e-01,7.000000000000003442e-02
0.000000000000000000e+00,9.530000000000000693e-01,2.099999999999999090e-02,4.687599065650884000e+01,8.507704015348636790e-08,1.161524204470439293e-04,5.000000000000004441e-02,9.605944433104619540e-01,9.599648033055395713e-01,7.100000000000003531e-02
0.000000000000000000e+00,9.530000000000000693e-01,2.199999999999999178e-02,4.716473127863653048e+01,8.781589862691773539e-08,1.037995661054744823e-04,4.800000000000004263e-02,9.536955739237230611e-01,9.538775906531781201e-01,7.000000000000003442e-02
0.000000000000000000e+00,9.530000000000000693e-01,2.299999999999998920e-02,4.646533313970276424e+01,8.362283883186458737e-08,1.002009006491760303e-04,4.700000000000015277e-02,9.541637060608202381e-01,9.531602626151115532e-01,7.000000000000014544e-02
0.000000000000000000e+00,9.530000000000000693e-01,2.399999999999998662e-02,4.669476027568781973e+01,8.481900843041671099e-08,1.023580582106421694e-04,4.700000000000015277e-02,9.570692220801656491e-01,9.539966728229856141e-01,7.100000000000014633e-02
0.000000000000000000e+00,9.530000000000000693e-01,2.499999999999998751e-02,4.709252604492598238e+01,8.691709973628034387e-08,1.036896773178716188e-04,4.700000000000015277e-02,9.588935260442806863e-01,9.566779151992332864e-01,7.200000000000014722e-02
0.000000000000000000e+00,9.530000000000000693e-01,2.599999999999998840e-02,4.743358973640783915e+01,8.873882315103357583e-08,1.053339565484800891e-04,4.700000000000015277e-02,9.608217702845402997e-01,9.583349311754806310e-01,7.300000000000014810e-02
0.000000000000000000e+00,9.530000000000000693e-01,2.699999999999998929e-02,4.853096644555908767e+01,9.536269039329193474e-08,1.139835022416615723e-04,4.800000000000004263e-02,9.643839982991905257e-01,9.553762160319042573e-01,7.500000000000003886e-02
0.000000000000000000e+00,9.530000000000000693e-01,2.799999999999998324e-02,4.883341384297001753e+01,9.708747959539609977e-08,1.159201454533529768e-04,4.800000000000004263e-02,9.659716554751819340e-01,9.564114977257182071e-01,7.600000000000002587e-02
0.000000000000000000e+00,9.530000000000000693e-01,2.899999999999998412e-02,4.808275765113207711e+01,9.229218010354480940e-08,1.124232366564402170e-04,4.700000000000015277e-02,9.663967249685244676e-01,9.547752797418672666e-01,7.600000000000013689e-02
0.000000000000000000e+00,9.530000000000000693e-01,2.999999999999998501e-02,4.838664534022461794e+01,9.398216321176414927e-08,1.143462314243116456e-04,4.700000000000015277e-02,9.677839103339768156e-01,9.556785784873202960e-01,7.700000000000013778e-02
0.000000000000000000e+00,9.530000000000000693e-01,3.099999999999998590e-02,4.985216866696788429e+01,1.030432099229971867e-07,1.212177472110996773e-04,4.800000000000004263e-02,9.689104827912954354e-01,9.583578357838660189e-01,7.900000000000002853e-02
0.000000000000000000e+00,9.530000000000000693e-01,3.199999999999997985e-02,4.892744561035532058e+01,9.704257634792577243e-08,1.186776677576217962e-04,4.700000000000015277e-02,9.701933535135601749e-01,9.548478146710596137e-01,7.900000000000012568e-02
0.000000000000000000e+00,9.530000000000000693e-01,3.299999999999998074e-02,4.940172766602167087e+01,9.976934240950263915e-08,1.196337318860191812e-04,4.700000000000015277e-02,9.702849684557642851e-01,9.573885509820603268e-01,8.000000000000012657e-02
0.000000000000000000e+00,9.530000000000000693e-01,3.399999999999998163e-02,4.966850899103830841e+01,1.013215583008891419e-07,1.218949609301531390e-04,4.700000000000015277e-02,9.714316781206494555e-01,9.568139831831853348e-01,8.100000000000012745e-02
0.000000000000000000e+00,9.530000000000000693e-01,3.499999999999998251e-02,4.984211724756391959e+01,1.023410361575253522e-07,1.248056076928879491e-04,4.700000000000015277e-02,9.728130118522897440e-01,9.539569340453012414e-01,8.200000000000012834e-02
0.000000000000000000e+00,9.530000000000000693e-01,3.599999999999997646e-02,5.009381958129673507e+01,1.038325874215603815e-07,1.272139939620622775e-04,4.700000000000015277e-02,9.738118271064721831e-01,9.532555752206339772e-01,8.300000000000012923e-02
0.000000000000000000e+00,9.530000000000000693e-01,3.699999999999997735e-02,5.041294087075745978e+01,1.057432369700909312e-07,1.291851340553799735e-04,4.700000000000015277e-02,9.744330285443166817e-01,9.538523958569021799e-01,8.400000000000013012e-02
0.000000000000000000e+00,9.530000000000000693e-01,3.799999999999997824e-02,4.807110610076668422e+01,8.923509148645118428e-08,1.268192237386482342e-04,4.600000000000004086e-02,9.534506689003686697e-01,9.545101673988467539e-01,8.400000000000001910e-02
0.000000000000000000e+00,9.530000000000000693e-01,3.899999999999997913e-02,4.843045024594872672e+01,9.122322091395045556e-08,1.287451814596717666e-04,4.600000000000004086e-02,9.546232268564758261e-01,9.549489760886719081e-01,8.500000000000001998e-02
0.000000000000000000e+00,9.530000000000000693e-01,3.999999999999997308e-02,4.883991616520842882e+01,9.351816572756212015e-08,1.303092295316650255e-04,4.600000000000004086e-02,9.553657759650382442e-01,9.561561108943598120e-01,8.600000000000002087e-02
0.000000000000000000e+00,9.530000000000000693e-01,4.099999999999997397e-02,4.919892589653613157e+01,9.555621103166120144e-08,1.322591814815037839e-04,4.600000000000004086e-02,9.563649687695140456e-01,9.563059909771479683e-01,8.700000000000002176e-02
0.000000000000000000e+00,9.530000000000000693e-01,4.199999999999997485e-02,4.960550661550424678e+01,9.789362012989076963e-08,1.338542191647496720e-04,4.600000000000004086e-02,9.569677457737070236e-01,9.572553583329765914e-01,8.800000000000002265e-02
0.000000000000000000e+00,9.530000000000000693e-01,4.299999999999997574e-02,4.992771742102095089e+01,9.976860249314468334e-08,1.361136830509237269e-04,4.600000000000004086e-02,9.580379883680033570e-01,9.563570940378002261e-01,8.900000000000002354e-02
0.000000000000000000e+00,9.530000000000000693e-01,4.399999999999997663e-02,4.850208106397111862e+01,8.989986940693492250e-08,1.327498341016208200e-04,4.499999999999992895e-02,9.530883698340221200e-01,9.569504866522590136e-01,8.899999999999991251e-02
0.000000000000000000e+00,9.530000000000000693e-01,4.499999999999997058e-02,4.883804112776950035e+01,9.175866650207522000e-08,1.349773410985211650e-04,4.499999999999992895e-02,9.541265068552834405e-01,9.559834281082165708e-01,8.999999999999989952e-02
0.000000000000000000e+00,9.530000000000000693e-01,4.599999999999997147e-02,1.027757462879867347e+02,6.673937922420645334e-07,1.574478161553834465e-01,3.280000000000000693e-01,9.531370125227708323e-01,9.615615289734520399e-01,3.740000000000000546e-01
0.000000000000000000e+00,9.530000000000000693e-01,4.699999999999997236e-02,1.027757462879867347e+02,6.673937922420645334e-07,1.574478161553834465e-01,3.280000000000000693e-01,9.531370125227708323e-01,9.615615289734520399e-01,3.750000000000000555e-01
0.000000000000000000e+00,9.530000000000000693e-01,4.799999999999996630e-02,1.027757462879867347e+02,6.673937922420645334e-07,1.574478161553834465e-01,3.280000000000000693e-01,9.531370125227708323e-01,9.615615289734520399e-01,3.760000000000000564e-01
0.000000000000000000e+00,9.530000000000000693e-01,4.899999999999996719e-02,1.027757462879867347e+02,6.673937922420645334e-07,1.574478161553834465e-01,3.280000000000000693e-01,9.531370125227708323e-01,9.615615289734520399e-01,3.770000000000000573e-01
0.000000000000000000e+00,9.540000000000000702e-01,1.000000000000000021e-02,4.711417533674023872e+01,8.812344926856685911e-08,1.091682788541461634e-04,5.299999999999993605e-02,9.638471581823839784e-01,9.672622229996452603e-01,6.299999999999993106e-02
0.000000000000000000e+00,9.540000000000000702e-01,1.099999999999999936e-02,4.150942226104371713e+01,5.703596645864353651e-08,1.093303754466008770e-04,5.100000000000015632e-02,9.577124754347009494e-01,9.690867052876296350e-01,6.200000000000015221e-02
0.000000000000000000e+00,9.540000000000000702e-01,1.199999999999999852e-02,4.542138316710085633e+01,7.743343421526564339e-08,1.093313343672437595e-04,5.200000000000004619e-02,9.587781292268051647e-01,9.702607512059583383e-01,6.400000000000004297e-02
0.000000000000000000e+00,9.540000000000000702e-01,1.299999999999999767e-02,4.297533242960870581e+01,6.388350375927133607e-08,1.099043414884092427e-04,5.100000000000015632e-02,9.567052945329267422e-01,9.703046483487934859e-01,6.400000000000015399e-02
0.000000000000000000e+00,9.540000000000000702e-01,1.399999999999999682e-02,4.389031633487515904e+01,6.833702028678443637e-08,1.092587027916660256e-04,5.100000000000015632e-02,9.552335398124762733e-01,9.727261304409222653e-01,6.500000000000015488e-02
0.000000000000000000e+00,9.540000000000000702e-01,1.499999999999999598e-02,4.426173851829041439e+01,7.018673576413507347e-08,1.114265464077871534e-04,5.100000000000015632e-02,9.579599227646821147e-01,9.726255736646245431e-01,6.600000000000015576e-02
0.000000000000000000e+00,9.540000000000000702e-01,1.599999999999999339e-02,4.465778606374372828e+01,7.219004364353112145e-08,1.134367130960649338e-04,5.100000000000015632e-02,9.602336031342185718e-01,9.728541754048164458e-01,6.700000000000014277e-02
0.000000000000000000e+00,9.540000000000000702e-01,1.699999999999999428e-02,4.523517981728017645e+01,7.516364594150818970e-08,1.144289848531923891e-04,5.100000000000015632e-02,9.611048167515054974e-01,9.747670426888512818e-01,6.800000000000014366e-02
0.000000000000000000e+00,9.540000000000000702e-01,1.799999999999999517e-02,4.573435366378483735e+01,7.778344428505020938e-08,1.158384424957929483e-04,5.100000000000015632e-02,9.623523217917051564e-01,9.758039847325098437e-01,6.900000000000014455e-02
0.000000000000000000e+00,9.540000000000000702e-01,1.899999999999999259e-02,4.645978063433158667e+01,8.282397848790254554e-08,1.106016206752687700e-04,5.000000000000004441e-02,9.552481885684747098e-01,9.658397481489708891e-01,6.900000000000003353e-02
0.000000000000000000e+00,9.540000000000000702e-01,1.999999999999999001e-02,4.688565897934910964e+01,8.512991147934005102e-08,1.121352178110810301e-04,5.000000000000004441e-02,9.572496712563342003e-01,9.674059324918501401e-01,7.000000000000003442e-02
0.000000000000000000e+00,9.540000000000000702e-01,2.099999999999999090e-02,4.687599065650884000e+01,8.507704015348636790e-08,1.161524204470439293e-04,5.000000000000004441e-02,9.605944433104619540e-01,9.599648033055395713e-01,7.100000000000003531e-02
0.000000000000000000e+00,9.540000000000000702e-01,2.199999999999999178e-02,4.783272945274143950e+01,9.136272289854335639e-08,1.088451198896062778e-04,4.899999999999993250e-02,9.548021307593490548e-01,9.606541824787394601e-01,7.099999999999992428e-02
0.000000000000000000e+00,9.540000000000000702e-01,2.299999999999998920e-02,4.756649232144126671e+01,8.999090474882057299e-08,1.051200563918415915e-04,4.800000000000004263e-02,9.558387048943611797e-01,9.567658642255630896e-01,7.100000000000003531e-02
0.000000000000000000e+00,9.540000000000000702e-01,2.399999999999998662e-02,4.790717251932960608e+01,9.185839811009320215e-08,1.067714045421861791e-04,4.800000000000004263e-02,9.580706778972783999e-01,9.586086371005748674e-01,7.200000000000003619e-02
0.000000000000000000e+00,9.540000000000000702e-01,2.499999999999998751e-02,4.709252604492598238e+01,8.691709973628034387e-08,1.036896773178716188e-04,4.700000000000015277e-02,9.588935260442806863e-01,9.566779151992332864e-01,7.200000000000014722e-02
0.000000000000000000e+00,9.540000000000000702e-01,2.599999999999998840e-02,4.743358973640783915e+01,8.873882315103357583e-08,1.053339565484800891e-04,4.700000000000015277e-02,9.608217702845402997e-01,9.583349311754806310e-01,7.300000000000014810e-02
0.000000000000000000e+00,9.540000000000000702e-01,2.699999999999998929e-02,4.853096644555908767e+01,9.536269039329193474e-08,1.139835022416615723e-04,4.800000000000004263e-02,9.643839982991905257e-01,9.553762160319042573e-01,7.500000000000003886e-02
0.000000000000000000e+00,9.540000000000000702e-01,2.799999999999998324e-02,4.883341384297001753e+01,9.708747959539609977e-08,1.159201454533529768e-04,4.800000000000004263e-02,9.659716554751819340e-01,9.564114977257182071e-01,7.600000000000002587e-02
0.000000000000000000e+00,9.540000000000000702e-01,2.899999999999998412e-02,4.808275765113207711e+01,9.229218010354480940e-08,1.124232366564402170e-04,4.700000000000015277e-02,9.663967249685244676e-01,9.547752797418672666e-01,7.600000000000013689e-02
0.000000000000000000e+00,9.540000000000000702e-01,2.999999999999998501e-02,4.838664534022461794e+01,9.398216321176414927e-08,1.143462314243116456e-04,4.700000000000015277e-02,9.677839103339768156e-01,9.556785784873202960e-01,7.700000000000013778e-02
0.000000000000000000e+00,9.540000000000000702e-01,3.099999999999998590e-02,4.985216866696788429e+01,1.030432099229971867e-07,1.212177472110996773e-04,4.800000000000004263e-02,9.689104827912954354e-01,9.583578357838660189e-01,7.900000000000002853e-02
0.000000000000000000e+00,9.540000000000000702e-01,3.199999999999997985e-02,4.892744561035532058e+01,9.704257634792577243e-08,1.186776677576217962e-04,4.700000000000015277e-02,9.701933535135601749e-01,9.548478146710596137e-01,7.900000000000012568e-02
0.000000000000000000e+00,9.540000000000000702e-01,3.299999999999998074e-02,4.940172766602167087e+01,9.976934240950263915e-08,1.196337318860191812e-04,4.700000000000015277e-02,9.702849684557642851e-01,9.573885509820603268e-01,8.000000000000012657e-02
0.000000000000000000e+00,9.540000000000000702e-01,3.399999999999998163e-02,4.966850899103830841e+01,1.013215583008891419e-07,1.218949609301531390e-04,4.700000000000015277e-02,9.714316781206494555e-01,9.568139831831853348e-01,8.100000000000012745e-02
0.000000000000000000e+00,9.540000000000000702e-01,3.499999999999998251e-02,5.084821756806579884e+01,1.090746202947450460e-07,1.308846098529184117e-04,4.800000000000004263e-02,9.735637194766554314e-01,9.550866428178409473e-01,8.300000000000001821e-02
0.000000000000000000e+00,9.540000000000000702e-01,3.599999999999997646e-02,5.123022962117724433e+01,1.114449195858091778e-07,1.324651117006914343e-04,4.800000000000004263e-02,9.739050779853010154e-01,9.565045349098901806e-01,8.400000000000001910e-02
0.000000000000000000e+00,9.540000000000000702e-01,3.699999999999997735e-02,5.155416036678483493e+01,1.134775047458775656e-07,1.344638747544088856e-04,4.800000000000004263e-02,9.744901875223649368e-01,9.568374473847104378e-01,8.500000000000001998e-02
0.000000000000000000e+00,9.540000000000000702e-01,3.799999999999997824e-02,5.079075897425534691e+01,1.080310533375352345e-07,1.307750610458839450e-04,4.700000000000015277e-02,9.746925039880530717e-01,9.552141898106785156e-01,8.500000000000013101e-02
0.000000000000000000e+00,9.540000000000000702e-01,3.899999999999997913e-02,4.843045024594872672e+01,9.122322091395045556e-08,1.287451814596717666e-04,4.600000000000004086e-02,9.546232268564758261e-01,9.549489760886719081e-01,8.500000000000001998e-02
0.000000000000000000e+00,9.540000000000000702e-01,3.999999999999997308e-02,4.883991616520842882e+01,9.351816572756212015e-08,1.303092295316650255e-04,4.600000000000004086e-02,9.553657759650382442e-01,9.561561108943598120e-01,8.600000000000002087e-02
0.000000000000000000e+00,9.540000000000000702e-01,4.099999999999997397e-02,4.919892589653613157e+01,9.555621103166120144e-08,1.322591814815037839e-04,4.600000000000004086e-02,9.563649687695140456e-01,9.563059909771479683e-01,8.700000000000002176e-02
0.000000000000000000e+00,9.540000000000000702e-01,4.199999999999997485e-02,4.960550661550424678e+01,9.789362012989076963e-08,1.338542191647496720e-04,4.600000000000004086e-02,9.569677457737070236e-01,9.572553583329765914e-01,8.800000000000002265e-02
0.000000000000000000e+00,9.540000000000000702e-01,4.299999999999997574e-02,4.992771742102095089e+01,9.976860249314468334e-08,1.361136830509237269e-04,4.600000000000004086e-02,9.580379883680033570e-01,9.563570940378002261e-01,8.900000000000002354e-02
0.000000000000000000e+00,9.540000000000000702e-01,4.399999999999997663e-02,1.040436192238692428e+02,7.517237343813707113e-07,1.590624824904968149e-01,3.300000000000000711e-01,9.540709588376314887e-01,9.635531846331373274e-01,3.740000000000000546e-01
0.000000000000000000e+00,9.540000000000000702e-01,4.499999999999997058e-02,4.883804112776950035e+01,9.175866650207522000e-08,1.349773410985211650e-04,4.499999999999992895e-02,9.541265068552834405e-01,9.559834281082165708e-01,8.999999999999989952e-02
0.000000000000000000e+00,9.540000000000000702e-01,4.599999999999997147e-02,1.040436192238692428e+02,7.517237343813707113e-07,1.590624824904968149e-01,3.300000000000000711e-01,9.540709588376314887e-01,9.635531846331373274e-01,3.760000000000000564e-01
0.000000000000000000e+00,9.540000000000000702e-01,4.699999999999997236e-02,1.040436192238692428e+02,7.517237343813707113e-07,1.590624824904968149e-01,3.300000000000000711e-01,9.540709588376314887e-01,9.635531846331373274e-01,3.770000000000000573e-01
0.000000000000000000e+00,9.540000000000000702e-01,4.799999999999996630e-02,1.040436192238692428e+02,7.517237343813707113e-07,1.590624824904968149e-01,3.300000000000000711e-01,9.540709588376314887e-01,9.635531846331373274e-01,3.780000000000000582e-01
0.000000000000000000e+00,9.540000000000000702e-01,4.899999999999996719e-02,1.040436192238692428e+02,7.517237343813707113e-07,1.590624824904968149e-01,3.300000000000000711e-01,9.540709588376314887e-01,9.635531846331373274e-01,3.790000000000000591e-01
0.000000000000000000e+00,9.550000000000000711e-01,1.000000000000000021e-02,4.711417533674023872e+01,8.812344926856685911e-08,1.091682788541461634e-04,5.299999999999993605e-02,9.638471581823839784e-01,9.672622229996452603e-01,6.299999999999993106e-02
0.000000000000000000e+00,9.550000000000000711e-01,1.099999999999999936e-02,4.150942226104371713e+01,5.703596645864353651e-08,1.093303754466008770e-04,5.100000000000015632e-02,9.577124754347009494e-01,9.690867052876296350e-01,6.200000000000015221e-02
0.000000000000000000e+00,9.550000000000000711e-01,1.199999999999999852e-02,4.542138316710085633e+01,7.743343421526564339e-08,1.093313343672437595e-04,5.200000000000004619e-02,9.587781292268051647e-01,9.702607512059583383e-01,6.400000000000004297e-02
0.000000000000000000e+00,9.550000000000000711e-01,1.299999999999999767e-02,4.297533242960870581e+01,6.388350375927133607e-08,1.099043414884092427e-04,5.100000000000015632e-02,9.567052945329267422e-01,9.703046483487934859e-01,6.400000000000015399e-02
0.000000000000000000e+00,9.550000000000000711e-01,1.399999999999999682e-02,4.389031633487515904e+01,6.833702028678443637e-08,1.092587027916660256e-04,5.100000000000015632e-02,9.552335398124762733e-01,9.727261304409222653e-01,6.500000000000015488e-02
0.000000000000000000e+00,9.550000000000000711e-01,1.499999999999999598e-02,4.426173851829041439e+01,7.018673576413507347e-08,1.114265464077871534e-04,5.100000000000015632e-02,9.579599227646821147e-01,9.726255736646245431e-01,6.600000000000015576e-02
0.000000000000000000e+00,9.550000000000000711e-01,1.599999999999999339e-02,4.465778606374372828e+01,7.219004364353112145e-08,1.134367130960649338e-04,5.100000000000015632e-02,9.602336031342185718e-01,9.728541754048164458e-01,6.700000000000014277e-02
0.000000000000000000e+00,9.550000000000000711e-01,1.699999999999999428e-02,4.523517981728017645e+01,7.516364594150818970e-08,1.144289848531923891e-04,5.100000000000015632e-02,9.611048167515054974e-01,9.747670426888512818e-01,6.800000000000014366e-02
0.000000000000000000e+00,9.550000000000000711e-01,1.799999999999999517e-02,4.573435366378483735e+01,7.778344428505020938e-08,1.158384424957929483e-04,5.100000000000015632e-02,9.623523217917051564e-01,9.758039847325098437e-01,6.900000000000014455e-02
0.000000000000000000e+00,9.550000000000000711e-01,1.899999999999999259e-02,4.645978063433158667e+01,8.282397848790254554e-08,1.106016206752687700e-04,5.000000000000004441e-02,9.552481885684747098e-01,9.658397481489708891e-01,6.900000000000003353e-02
0.000000000000000000e+00,9.550000000000000711e-01,1.999999999999999001e-02,4.688565897934910964e+01,8.512991147934005102e-08,1.121352178110810301e-04,5.000000000000004441e-02,9.572496712563342003e-01,9.674059324918501401e-01,7.000000000000003442e-02
0.000000000000000000e+00,9.550000000000000711e-01,2.099999999999999090e-02,4.687599065650884000e+01,8.507704015348636790e-08,1.161524204470439293e-04,5.000000000000004441e-02,9.605944433104619540e-01,9.599648033055395713e-01,7.100000000000003531e-02
0.000000000000000000e+00,9.550000000000000711e-01,2.199999999999999178e-02,4.718607903760973699e+01,8.678756510983189654e-08,1.183071831413592463e-04,5.000000000000004441e-02,9.626533531057865911e-01,9.606971328229915175e-01,7.200000000000003619e-02
0.000000000000000000e+00,9.550000000000000711e-01,2.299999999999998920e-02,4.756649232144126671e+01,8.999090474882057299e-08,1.051200563918415915e-04,4.800000000000004263e-02,9.558387048943611797e-01,9.567658642255630896e-01,7.100000000000003531e-02
0.000000000000000000e+00,9.550000000000000711e-01,2.399999999999998662e-02,4.790717251932960608e+01,9.185839811009320215e-08,1.067714045421861791e-04,4.800000000000004263e-02,9.580706778972783999e-01,9.586086371005748674e-01,7.200000000000003619e-02
0.000000000000000000e+00,9.550000000000000711e-01,2.499999999999998751e-02,4.709252604492598238e+01,8.691709973628034387e-08,1.036896773178716188e-04,4.700000000000015277e-02,9.588935260442806863e-01,9.566779151992332864e-01,7.200000000000014722e-02
0.000000000000000000e+00,9.550000000000000711e-01,2.599999999999998840e-02,4.743358973640783915e+01,8.873882315103357583e-08,1.053339565484800891e-04,4.700000000000015277e-02,9.608217702845402997e-01,9.583349311754806310e-01,7.300000000000014810e-02
0.000000000000000000e+00,9.550000000000000711e-01,2.699999999999998929e-02,4.853096644555908767e+01,9.536269039329193474e-08,1.139835022416615723e-04,4.800000000000004263e-02,9.643839982991905257e-01,9.553762160319042573e-01,7.500000000000003886e-02
0.000000000000000000e+00,9.550000000000000711e-01,2.799999999999998324e-02,4.883341384297001753e+01,9.708747959539609977e-08,1.159201454533529768e-04,4.800000000000004263e-02,9.659716554751819340e-01,9.564114977257182071e-01,7.600000000000002587e-02
0.000000000000000000e+00,9.550000000000000711e-01,2.899999999999998412e-02,4.988511397952359516e+01,1.032855217066886525e-07,1.232749951803226293e-04,4.899999999999993250e-02,9.667272513535897227e-01,9.605165134273980776e-01,7.799999999999991662e-02
0.000000000000000000e+00,9.550000000000000711e-01,2.999999999999998501e-02,4.838664534022461794e+01,9.398216321176414927e-08,1.143462314243116456e-04,4.700000000000015277e-02,9.677839103339768156e-01,9.556785784873202960e-01,7.700000000000013778e-02
0.000000000000000000e+00,9.550000000000000711e-01,3.099999999999998590e-02,4.985216866696788429e+01,1.030432099229971867e-07,1.212177472110996773e-04,4.800000000000004263e-02,9.689104827912954354e-01,9.583578357838660189e-01,7.900000000000002853e-02
0.000000000000000000e+00,9.550000000000000711e-01,3.199999999999997985e-02,5.011556952196848869e+01,1.046143173832147103e-07,1.235052959002921067e-04,4.800000000000004263e-02,9.702027532137145194e-01,9.578607011676814054e-01,8.000000000000001554e-02
0.000000000000000000e+00,9.550000000000000711e-01,3.299999999999998074e-02,4.940172766602167087e+01,9.976934240950263915e-08,1.196337318860191812e-04,4.700000000000015277e-02,9.702849684557642851e-01,9.573885509820603268e-01,8.000000000000012657e-02
0.000000000000000000e+00,9.550000000000000711e-01,3.399999999999998163e-02,4.966850899103830841e+01,1.013215583008891419e-07,1.218949609301531390e-04,4.700000000000015277e-02,9.714316781206494555e-01,9.568139831831853348e-01,8.100000000000012745e-02
0.000000000000000000e+00,9.550000000000000711e-01,3.499999999999998251e-02,5.084821756806579884e+01,1.090746202947450460e-07,1.308846098529184117e-04,4.800000000000004263e-02,9.735637194766554314e-01,9.550866428178409473e-01,8.300000000000001821e-02
0.000000000000000000e+00,9.550000000000000711e-01,3.599999999999997646e-02,5.123022962117724433e+01,1.114449195858091778e-07,1.324651117006914343e-04,4.800000000000004263e-02,9.739050779853010154e-01,9.565045349098901806e-01,8.400000000000001910e-02
0.000000000000000000e+00,9.550000000000000711e-01,3.699999999999997735e-02,5.155416036678483493e+01,1.134775047458775656e-07,1.344638747544088856e-04,4.800000000000004263e-02,9.744901875223649368e-01,9.568374473847104378e-01,8.500000000000001998e-02
0.000000000000000000e+00,9.550000000000000711e-01,3.799999999999997824e-02,5.079075897425534691e+01,1.080310533375352345e-07,1.307750610458839450e-04,4.700000000000015277e-02,9.746925039880530717e-01,9.552141898106785156e-01,8.500000000000013101e-02
0.000000000000000000e+00,9.550000000000000711e-01,3.899999999999997913e-02,5.111378546468138495e+01,1.100091986412151704e-07,1.327662107583973971e-04,4.700000000000015277e-02,9.751916075004382067e-01,9.554954053976708606e-01,8.600000000000013189e-02
0.000000000000000000e+00,9.550000000000000711e-01,3.999999999999997308e-02,4.883991616520842882e+01,9.351816572756212015e-08,1.303092295316650255e-04,4.600000000000004086e-02,9.553657759650382442e-01,9.561561108943598120e-01,8.600000000000002087e-02
0.000000000000000000e+00,9.550000000000000711e-01,4.099999999999997397e-02,4.919892589653613157e+01,9.555621103166120144e-08,1.322591814815037839e-04,4.600000000000004086e-02,9.563649687695140456e-01,9.563059909771479683e-01,8.700000000000002176e-02
0.000000000000000000e+00,9.550000000000000711e-01,4.199999999999997485e-02,4.960550661550424678e+01,9.789362012989076963e-08,1.338542191647496720e-04,4.600000000000004086e-02,9.569677457737070236e-01,9.572553583329765914e-01,8.800000000000002265e-02
0.000000000000000000e+00,9.550000000000000711e-01,4.299999999999997574e-02,4.992771742102095089e+01,9.976860249314468334e-08,1.361136830509237269e-04,4.600000000000004086e-02,9.580379883680033570e-01,9.563570940378002261e-01,8.900000000000002354e-02
0.000000000000000000e+00,9.550000000000000711e-01,4.399999999999997663e-02,1.053349155910670731e+02,8.462310358820101904e-07,1.606753847144000713e-01,3.320000000000000728e-01,9.550367868133864402e-01,9.654737334459010389e-01,3.760000000000000564e-01
0.000000000000000000e+00,9.550000000000000711e-01,4.499999999999997058e-02,1.053349155910670731e+02,8.462310358820101904e-07,1.606753847144000713e-01,3.320000000000000728e-01,9.550367868133864402e-01,9.654737334459010389e-01,3.770000000000000573e-01
0.000000000000000000e+00,9.550000000000000711e-01,4.599999999999997147e-02,1.053349155910670731e+02,8.462310358820101904e-07,1.606753847144000713e-01,3.320000000000000728e-01,9.550367868133864402e-01,9.654737334459010389e-01,3.780000000000000582e-01
0.000000000000000000e+00,9.550000000000000711e-01,4.699999999999997236e-02,1.053349155910670731e+02,8.462310358820101904e-07,1.606753847144000713e-01,3.320000000000000728e-01,9.550367868133864402e-01,9.654737334459010389e-01,3.790000000000000591e-01
0.000000000000000000e+00,9.550000000000000711e-01,4.799999999999996630e-02,1.053349155910670731e+02,8.462310358820101904e-07,1.606753847144000713e-01,3.320000000000000728e-01,9.550367868133864402e-01,9.654737334459010389e-01,3.800000000000000600e-01
0.000000000000000000e+00,9.550000000000000711e-01,4.899999999999996719e-02,1.053349155910670731e+02,8.462310358820101904e-07,1.606753847144000713e-01,3.320000000000000728e-01,9.550367868133864402e-01,9.654737334459010389e-01,3.810000000000000608e-01
0.000000000000000000e+00,9.560000000000000719e-01,1.000000000000000021e-02,4.711417533674023872e+01,8.812344926856685911e-08,1.091682788541461634e-04,5.299999999999993605e-02,9.638471581823839784e-01,9.672622229996452603e-01,6.299999999999993106e-02
0.000000000000000000e+00,9.560000000000000719e-01,1.099999999999999936e-02,4.150942226104371713e+01,5.703596645864353651e-08,1.093303754466008770e-04,5.100000000000015632e-02,9.577124754347009494e-01,9.690867052876296350e-01,6.200000000000015221e-02
0.000000000000000000e+00,9.560000000000000719e-01,1.199999999999999852e-02,4.542138316710085633e+01,7.743343421526564339e-08,1.093313343672437595e-04,5.200000000000004619e-02,9.587781292268051647e-01,9.702607512059583383e-01,6.400000000000004297e-02
0.000000000000000000e+00,9.560000000000000719e-01,1.299999999999999767e-02,4.297533242960870581e+01,6.388350375927133607e-08,1.099043414884092427e-04,5.100000000000015632e-02,9.567052945329267422e-01,9.703046483487934859e-01,6.400000000000015399e-02
0.000000000000000000e+00,9.560000000000000719e-01,1.399999999999999682e-02,4.608910789627379501e+01,8.101154690865744491e-08,1.137398802658145348e-04,5.200000000000004619e-02,9.641140846734443937e-01,9.708647721836654032e-01,6.600000000000004474e-02
0.000000000000000000e+00,9.560000000000000719e-01,1.499999999999999598e-02,4.426173851829041439e+01,7.018673576413507347e-08,1.114265464077871534e-04,5.100000000000015632e-02,9.579599227646821147e-01,9.726255736646245431e-01,6.600000000000015576e-02
0.000000000000000000e+00,9.560000000000000719e-01,1.599999999999999339e-02,4.465778606374372828e+01,7.219004364353112145e-08,1.134367130960649338e-04,5.100000000000015632e-02,9.602336031342185718e-01,9.728541754048164458e-01,6.700000000000014277e-02
0.000000000000000000e+00,9.560000000000000719e-01,1.699999999999999428e-02,4.523517981728017645e+01,7.516364594150818970e-08,1.144289848531923891e-04,5.100000000000015632e-02,9.611048167515054974e-01,9.747670426888512818e-01,6.800000000000014366e-02
0.000000000000000000e+00,9.560000000000000719e-01,1.799999999999999517e-02,4.573435366378483735e+01,7.778344428505020938e-08,1.158384424957929483e-04,5.100000000000015632e-02,9.623523217917051564e-01,9.758039847325098437e-01,6.900000000000014455e-02
0.000000000000000000e+00,9.560000000000000719e-01,1.899999999999999259e-02,4.578886493757589449e+01,7.807303568002623535e-08,1.198765299831397604e-04,5.100000000000015632e-02,9.652867472415365135e-01,9.678793215846692721e-01,7.000000000000014544e-02
0.000000000000000000e+00,9.560000000000000719e-01,1.999999999999999001e-02,4.688565897934910964e+01,8.512991147934005102e-08,1.121352178110810301e-04,5.000000000000004441e-02,9.572496712563342003e-01,9.674059324918501401e-01,7.000000000000003442e-02
0.000000000000000000e+00,9.560000000000000719e-01,2.099999999999999090e-02,4.687599065650884000e+01,8.507704015348636790e-08,1.161524204470439293e-04,5.000000000000004441e-02,9.605944433104619540e-01,9.599648033055395713e-01,7.100000000000003531e-02
0.000000000000000000e+00,9.560000000000000719e-01,2.199999999999999178e-02,4.718607903760973699e+01,8.678756510983189654e-08,1.183071831413592463e-04,5.000000000000004441e-02,9.626533531057865911e-01,9.606971328229915175e-01,7.200000000000003619e-02
0.000000000000000000e+00,9.560000000000000719e-01,2.299999999999998920e-02,4.770596700234464294e+01,8.969672277320683587e-08,1.192688163066941395e-04,5.000000000000004441e-02,9.633341167668463267e-01,9.633661186431944357e-01,7.300000000000003708e-02
0.000000000000000000e+00,9.560000000000000719e-01,2.399999999999998662e-02,4.790717251932960608e+01,9.185839811009320215e-08,1.067714045421861791e-04,4.800000000000004263e-02,9.580706778972783999e-01,9.586086371005748674e-01,7.200000000000003619e-02
0.000000000000000000e+00,9.560000000000000719e-01,2.499999999999998751e-02,4.709252604492598238e+01,8.691709973628034387e-08,1.036896773178716188e-04,4.700000000000015277e-02,9.588935260442806863e-01,9.566779151992332864e-01,7.200000000000014722e-02
0.000000000000000000e+00,9.560000000000000719e-01,2.599999999999998840e-02,4.743358973640783915e+01,8.873882315103357583e-08,1.053339565484800891e-04,4.700000000000015277e-02,9.608217702845402997e-01,9.583349311754806310e-01,7.300000000000014810e-02
0.000000000000000000e+00,9.560000000000000719e-01,2.699999999999998929e-02,4.926319340268391755e+01,9.873444013910247420e-08,1.262057419738067243e-04,5.000000000000004441e-02,9.673598510821295182e-01,9.655163921847167430e-01,7.700000000000004063e-02
0.000000000000000000e+00,9.560000000000000719e-01,2.799999999999998324e-02,4.883341384297001753e+01,9.708747959539609977e-08,1.159201454533529768e-04,4.800000000000004263e-02,9.659716554751819340e-01,9.564114977257182071e-01,7.600000000000002587e-02
0.000000000000000000e+00,9.560000000000000719e-01,2.899999999999998412e-02,4.988511397952359516e+01,1.032855217066886525e-07,1.232749951803226293e-04,4.899999999999993250e-02,9.667272513535897227e-01,9.605165134273980776e-01,7.799999999999991662e-02
0.000000000000000000e+00,9.560000000000000719e-01,2.999999999999998501e-02,5.015940385970279891e+01,1.049410618440931435e-07,1.255720602488899528e-04,4.899999999999993250e-02,9.681471030483832507e-01,9.600384847993503890e-01,7.899999999999991751e-02
0.000000000000000000e+00,9.560000000000000719e-01,3.099999999999998590e-02,4.985216866696788429e+01,1.030432099229971867e-07,1.212177472110996773e-04,4.800000000000004263e-02,9.689104827912954354e-01,9.583578357838660189e-01,7.900000000000002853e-02
0.000000000000000000e+00,9.560000000000000719e-01,3.199999999999997985e-02,5.011556952196848869e+01,1.046143173832147103e-07,1.235052959002921067e-04,4.800000000000004263e-02,9.702027532137145194e-01,9.578607011676814054e-01,8.000000000000001554e-02
0.000000000000000000e+00,9.560000000000000719e-01,3.299999999999998074e-02,4.940172766602167087e+01,9.976934240950263915e-08,1.196337318860191812e-04,4.700000000000015277e-02,9.702849684557642851e-01,9.573885509820603268e-01,8.000000000000012657e-02
0.000000000000000000e+00,9.560000000000000719e-01,3.399999999999998163e-02,4.966850899103830841e+01,1.013215583008891419e-07,1.218949609301531390e-04,4.700000000000015277e-02,9.714316781206494555e-01,9.568139831831853348e-01,8.100000000000012745e-02
0.000000000000000000e+00,9.560000000000000719e-01,3.499999999999998251e-02,5.164987620418110481e+01,1.142408445557574811e-07,1.365467142905967804e-04,4.899999999999993250e-02,9.728965864822967102e-01,9.590580997757278681e-01,8.399999999999990807e-02
0.000000000000000000e+00,9.560000000000000719e-01,3.599999999999997646e-02,5.123022962117724433e+01,1.114449195858091778e-07,1.324651117006914343e-04,4.800000000000004263e-02,9.739050779853010154e-01,9.565045349098901806e-01,8.400000000000001910e-02
0.000000000000000000e+00,9.560000000000000719e-01,3.699999999999997735e-02,5.155416036678483493e+01,1.134775047458775656e-07,1.344638747544088856e-04,4.800000000000004263e-02,9.744901875223649368e-01,9.568374473847104378e-01,8.500000000000001998e-02
0.000000000000000000e+00,9.560000000000000719e-01,3.799999999999997824e-02,5.193650776512676259e+01,1.159034702742931572e-07,1.360739323122962764e-04,4.800000000000004263e-02,9.747225367850209654e-01,9.579598148183807726e-01,8.600000000000002087e-02
0.000000000000000000e+00,9.560000000000000719e-01,3.899999999999997913e-02,5.222091782114353009e+01,1.177274303629915134e-07,1.384030195894531568e-04,4.800000000000004263e-02,9.753875051832062715e-01,9.571957469441870758e-01,8.700000000000002176e-02
0.000000000000000000e+00,9.560000000000000719e-01,3.999999999999997308e-02,5.149203805902585174e+01,1.123515043012392340e-07,1.343844454437739138e-04,4.700000000000015277e-02,9.753540051668615485e-01,9.565752763125128233e-01,8.700000000000013278e-02
0.000000000000000000e+00,9.560000000000000719e-01,4.099999999999997397e-02,4.919892589653613157e+01,9.555621103166120144e-08,1.322591814815037839e-04,4.600000000000004086e-02,9.563649687695140456e-01,9.563059909771479683e-01,8.700000000000002176e-02
0.000000000000000000e+00,9.560000000000000719e-01,4.199999999999997485e-02,4.960550661550424678e+01,9.789362012989076963e-08,1.338542191647496720e-04,4.600000000000004086e-02,9.569677457737070236e-01,9.572553583329765914e-01,8.800000000000002265e-02
0.000000000000000000e+00,9.560000000000000719e-01,4.299999999999997574e-02,4.992771742102095089e+01,9.976860249314468334e-08,1.361136830509237269e-04,4.600000000000004086e-02,9.580379883680033570e-01,9.563570940378002261e-01,8.900000000000002354e-02
0.000000000000000000e+00,9.560000000000000719e-01,4.399999999999997663e-02,1.066503522627257894e+02,9.520912068018390062e-07,1.622852940698719382e-01,3.340000000000000746e-01,9.560381426807122995e-01,9.673224157304509685e-01,3.780000000000000582e-01
0.000000000000000000e+00,9.560000000000000719e-01,4.499999999999997058e-02,1.066503522627257894e+02,9.520912068018390062e-07,1.622852940698719382e-01,3.340000000000000746e-01,9.560381426807122995e-01,9.673224157304509685e-01,3.790000000000000591e-01
0.000000000000000000e+00,9.560000000000000719e-01,4.599999999999997147e-02,1.066503522627257894e+02,9.520912068018390062e-07,1.622852940698719382e-01,3.340000000000000746e-01,9.560381426807122995e-01,9.673224157304509685e-01,3.800000000000000600e-01
0.000000000000000000e+00,9.560000000000000719e-01,4.699999999999997236e-02,1.066503522627257894e+02,9.520912068018390062e-07,1.622852940698719382e-01,3.340000000000000746e-01,9.560381426807122995e-01,9.673224157304509685e-01,3.810000000000000608e-01
0.000000000000000000e+00,9.560000000000000719e-01,4.799999999999996630e-02,1.066503522627257894e+02,9.520912068018390062e-07,1.622852940698719382e-01,3.340000000000000746e-01,9.560381426807122995e-01,9.673224157304509685e-01,3.820000000000000617e-01
0.000000000000000000e+00,9.560000000000000719e-01,4.899999999999996719e-02,1.066503522627257894e+02,9.520912068018390062e-07,1.622852940698719382e-01,3.340000000000000746e-01,9.560381426807122995e-01,9.673224157304509685e-01,3.830000000000000626e-01
0.000000000000000000e+00,9.570000000000000728e-01,1.000000000000000021e-02,4.711417533674023872e+01,8.812344926856685911e-08,1.091682788541461634e-04,5.299999999999993605e-02,9.638471581823839784e-01,9.672622229996452603e-01,6.299999999999993106e-02
0.000000000000000000e+00,9.570000000000000728e-01,1.099999999999999936e-02,4.150942226104371713e+01,5.703596645864353651e-08,1.093303754466008770e-04,5.100000000000015632e-02,9.577124754347009494e-01,9.690867052876296350e-01,6.200000000000015221e-02
0.000000000000000000e+00,9.570000000000000728e-01,1.199999999999999852e-02,4.542138316710085633e+01,7.743343421526564339e-08,1.093313343672437595e-04,5.200000000000004619e-02,9.587781292268051647e-01,9.702607512059583383e-01,6.400000000000004297e-02
0.000000000000000000e+00,9.570000000000000728e-01,1.299999999999999767e-02,4.573869889958672985e+01,7.912185468959584505e-08,1.116261129983469176e-04,5.200000000000004619e-02,9.616924843381799981e-01,9.703937682223419126e-01,6.500000000000004385e-02
0.000000000000000000e+00,9.570000000000000728e-01,1.399999999999999682e-02,4.608910789627379501e+01,8.101154690865744491e-08,1.137398802658145348e-04,5.200000000000004619e-02,9.641140846734443937e-01,9.708647721836654032e-01,6.600000000000004474e-02
0.000000000000000000e+00,9.570000000000000728e-01,1.499999999999999598e-02,4.426173851829041439e+01,7.018673576413507347e-08,1.114265464077871534e-04,5.100000000000015632e-02,9.579599227646821147e-01,9.726255736646245431e-01,6.600000000000015576e-02
0.000000000000000000e+00,9.570000000000000728e-01,1.599999999999999339e-02,4.465778606374372828e+01,7.219004364353112145e-08,1.134367130960649338e-04,5.100000000000015632e-02,9.602336031342185718e-01,9.728541754048164458e-01,6.700000000000014277e-02
0.000000000000000000e+00,9.570000000000000728e-01,1.699999999999999428e-02,4.523517981728017645e+01,7.516364594150818970e-08,1.144289848531923891e-04,5.100000000000015632e-02,9.611048167515054974e-01,9.747670426888512818e-01,6.800000000000014366e-02
0.000000000000000000e+00,9.570000000000000728e-01,1.799999999999999517e-02,4.573435366378483735e+01,7.778344428505020938e-08,1.158384424957929483e-04,5.100000000000015632e-02,9.623523217917051564e-01,9.758039847325098437e-01,6.900000000000014455e-02
0.000000000000000000e+00,9.570000000000000728e-01,1.899999999999999259e-02,4.578886493757589449e+01,7.807303568002623535e-08,1.198765299831397604e-04,5.100000000000015632e-02,9.652867472415365135e-01,9.678793215846692721e-01,7.000000000000014544e-02
0.000000000000000000e+00,9.570000000000000728e-01,1.999999999999999001e-02,4.688565897934910964e+01,8.512991147934005102e-08,1.121352178110810301e-04,5.000000000000004441e-02,9.572496712563342003e-01,9.674059324918501401e-01,7.000000000000003442e-02
0.000000000000000000e+00,9.570000000000000728e-01,2.099999999999999090e-02,4.687599065650884000e+01,8.507704015348636790e-08,1.161524204470439293e-04,5.000000000000004441e-02,9.605944433104619540e-01,9.599648033055395713e-01,7.100000000000003531e-02
0.000000000000000000e+00,9.570000000000000728e-01,2.199999999999999178e-02,4.718607903760973699e+01,8.678756510983189654e-08,1.183071831413592463e-04,5.000000000000004441e-02,9.626533531057865911e-01,9.606971328229915175e-01,7.200000000000003619e-02
0.000000000000000000e+00,9.570000000000000728e-01,2.299999999999998920e-02,4.770596700234464294e+01,8.969672277320683587e-08,1.192688163066941395e-04,5.000000000000004441e-02,9.633341167668463267e-01,9.633661186431944357e-01,7.300000000000003708e-02
0.000000000000000000e+00,9.570000000000000728e-01,2.399999999999998662e-02,4.790717251932960608e+01,9.185839811009320215e-08,1.067714045421861791e-04,4.800000000000004263e-02,9.580706778972783999e-01,9.586086371005748674e-01,7.200000000000003619e-02
0.000000000000000000e+00,9.570000000000000728e-01,2.499999999999998751e-02,4.849817811926957489e+01,9.513558104084414160e-08,1.161023661940083652e-04,4.899999999999993250e-02,9.617355074237041723e-01,9.574846952373157194e-01,7.399999999999992695e-02
0.000000000000000000e+00,9.570000000000000728e-01,2.599999999999998840e-02,4.743358973640783915e+01,8.873882315103357583e-08,1.053339565484800891e-04,4.700000000000015277e-02,9.608217702845402997e-01,9.583349311754806310e-01,7.300000000000014810e-02
0.000000000000000000e+00,9.570000000000000728e-01,2.699999999999998929e-02,4.926319340268391755e+01,9.873444013910247420e-08,1.262057419738067243e-04,5.000000000000004441e-02,9.673598510821295182e-01,9.655163921847167430e-01,7.700000000000004063e-02
0.000000000000000000e+00,9.570000000000000728e-01,2.799999999999998324e-02,4.937815529679006232e+01,1.002633042610345706e-07,1.224119921880016302e-04,4.899999999999993250e-02,9.664873721070390555e-01,9.579312381258812126e-01,7.699999999999991573e-02
0.000000000000000000e+00,9.570000000000000728e-01,2.899999999999998412e-02,4.988511397952359516e+01,1.032855217066886525e-07,1.232749951803226293e-04,4.899999999999993250e-02,9.667272513535897227e-01,9.605165134273980776e-01,7.799999999999991662e-02
0.000000000000000000e+00,9.570000000000000728e-01,2.999999999999998501e-02,5.015940385970279891e+01,1.049410618440931435e-07,1.255720602488899528e-04,4.899999999999993250e-02,9.681471030483832507e-01,9.600384847993503890e-01,7.899999999999991751e-02
0.000000000000000000e+00,9.570000000000000728e-01,3.099999999999998590e-02,4.985216866696788429e+01,1.030432099229971867e-07,1.212177472110996773e-04,4.800000000000004263e-02,9.689104827912954354e-01,9.583578357838660189e-01,7.900000000000002853e-02
0.000000000000000000e+00,9.570000000000000728e-01,3.199999999999997985e-02,5.011556952196848869e+01,1.046143173832147103e-07,1.235052959002921067e-04,4.800000000000004263e-02,9.702027532137145194e-01,9.578607011676814054e-01,8.000000000000001554e-02
0.000000000000000000e+00,9.570000000000000728e-01,3.299999999999998074e-02,4.940172766602167087e+01,9.976934240950263915e-08,1.196337318860191812e-04,4.700000000000015277e-02,9.702849684557642851e-01,9.573885509820603268e-01,8.000000000000012657e-02
0.000000000000000000e+00,9.570000000000000728e-01,3.399999999999998163e-02,5.131502824983615341e+01,1.121118583929076603e-07,1.345532078610529793e-04,4.899999999999993250e-02,9.722394974741450646e-01,9.587195084164223946e-01,8.299999999999990719e-02
0.000000000000000000e+00,9.570000000000000728e-01,3.499999999999998251e-02,5.164987620418110481e+01,1.142408445557574811e-07,1.365467142905967804e-04,4.899999999999993250e-02,9.728965864822967102e-01,9.590580997757278681e-01,8.399999999999990807e-02
0.000000000000000000e+00,9.570000000000000728e-01,3.599999999999997646e-02,5.204522457368987176e+01,1.167833906557269623e-07,1.381358772999626884e-04,4.899999999999993250e-02,9.731790838677738531e-01,9.601768466025893956e-01,8.499999999999990896e-02
0.000000000000000000e+00,9.570000000000000728e-01,3.699999999999997735e-02,5.233777308329791822e+01,1.186855480597651985e-07,1.404738099412741054e-04,4.899999999999993250e-02,9.739194629652386803e-01,9.594103087636087768e-01,8.599999999999990985e-02
0.000000000000000000e+00,9.570000000000000728e-01,3.799999999999997824e-02,5.193650776512676259e+01,1.159034702742931572e-07,1.360739323122962764e-04,4.800000000000004263e-02,9.747225367850209654e-01,9.579598148183807726e-01,8.600000000000002087e-02
0.000000000000000000e+00,9.570000000000000728e-01,3.899999999999997913e-02,5.222091782114353009e+01,1.177274303629915134e-07,1.384030195894531568e-04,4.800000000000004263e-02,9.753875051832062715e-01,9.571957469441870758e-01,8.700000000000002176e-02
0.000000000000000000e+00,9.570000000000000728e-01,3.999999999999997308e-02,1.079912223934319258e+02,1.070661244133219217e-06,1.638908115758037631e-01,3.360000000000000764e-01,9.570804869781244228e-01,9.690982547592198459e-01,3.760000000000000564e-01
0.000000000000000000e+00,9.570000000000000728e-01,4.099999999999997397e-02,1.079912223934319258e+02,1.070661244133219217e-06,1.638908115758037631e-01,3.360000000000000764e-01,9.570804869781244228e-01,9.690982547592198459e-01,3.770000000000000573e-01
0.000000000000000000e+00,9.570000000000000728e-01,4.199999999999997485e-02,1.079912223934319258e+02,1.070661244133219217e-06,1.638908115758037631e-01,3.360000000000000764e-01,9.570804869781244228e-01,9.690982547592198459e-01,3.780000000000000582e-01
0.000000000000000000e+00,9.570000000000000728e-01,4.299999999999997574e-02,1.079912223934319258e+02,1.070661244133219217e-06,1.638908115758037631e-01,3.360000000000000764e-01,9.570804869781244228e-01,9.690982547592198459e-01,3.790000000000000591e-01
0.000000000000000000e+00,9.570000000000000728e-01,4.399999999999997663e-02,1.079912223934319258e+02,1.070661244133219217e-06,1.638908115758037631e-01,3.360000000000000764e-01,9.570804869781244228e-01,9.690982547592198459e-01,3.800000000000000600e-01
0.000000000000000000e+00,9.570000000000000728e-01,4.499999999999997058e-02,1.079912223934319258e+02,1.070661244133219217e-06,1.638908115758037631e-01,3.360000000000000764e-01,9.570804869781244228e-01,9.690982547592198459e-01,3.810000000000000608e-01
0.000000000000000000e+00,9.570000000000000728e-01,4.599999999999997147e-02,1.079912223934319258e+02,1.070661244133219217e-06,1.638908115758037631e-01,3.360000000000000764e-01,9.570804869781244228e-01,9.690982547592198459e-01,3.820000000000000617e-01
0.000000000000000000e+00,9.570000000000000728e-01,4.699999999999997236e-02,1.079912223934319258e+02,1.070661244133219217e-06,1.638908115758037631e-01,3.360000000000000764e-01,9.570804869781244228e-01,9.690982547592198459e-01,3.830000000000000626e-01
0.000000000000000000e+00,9.570000000000000728e-01,4.799999999999996630e-02,1.079912223934319258e+02,1.070661244133219217e-06,1.638908115758037631e-01,3.360000000000000764e-01,9.570804869781244228e-01,9.690982547592198459e-01,3.840000000000000635e-01
0.000000000000000000e+00,9.570000000000000728e-01,4.899999999999996719e-02,1.079912223934319258e+02,1.070661244133219217e-06,1.638908115758037631e-01,3.360000000000000764e-01,9.570804869781244228e-01,9.690982547592198459e-01,3.850000000000000644e-01
0.000000000000000000e+00,9.580000000000000737e-01,1.000000000000000021e-02,4.711417533674023872e+01,8.812344926856685911e-08,1.091682788541461634e-04,5.299999999999993605e-02,9.638471581823839784e-01,9.672622229996452603e-01,6.299999999999993106e-02
0.000000000000000000e+00,9.580000000000000737e-01,1.099999999999999936e-02,4.448359143801273774e+01,7.254644964198067767e-08,1.100609670837699307e-04,5.200000000000004619e-02,9.601017481996015901e-01,9.675778748559935583e-01,6.300000000000004208e-02
0.000000000000000000e+00,9.580000000000000737e-01,1.199999999999999852e-02,4.542138316710085633e+01,7.743343421526564339e-08,1.093313343672437595e-04,5.200000000000004619e-02,9.587781292268051647e-01,9.702607512059583383e-01,6.400000000000004297e-02
0.000000000000000000e+00,9.580000000000000737e-01,1.299999999999999767e-02,4.573869889958672985e+01,7.912185468959584505e-08,1.116261129983469176e-04,5.200000000000004619e-02,9.616924843381799981e-01,9.703937682223419126e-01,6.500000000000004385e-02
0.000000000000000000e+00,9.580000000000000737e-01,1.399999999999999682e-02,4.608910789627379501e+01,8.101154690865744491e-08,1.137398802658145348e-04,5.200000000000004619e-02,9.641140846734443937e-01,9.708647721836654032e-01,6.600000000000004474e-02
0.000000000000000000e+00,9.580000000000000737e-01,1.499999999999999598e-02,4.664858888526324421e+01,8.407770655488954911e-08,1.147570796918147512e-04,5.200000000000004619e-02,9.651224503425739343e-01,9.730583565430425130e-01,6.700000000000004563e-02
0.000000000000000000e+00,9.580000000000000737e-01,1.599999999999999339e-02,4.465778606374372828e+01,7.219004364353112145e-08,1.134367130960649338e-04,5.100000000000015632e-02,9.602336031342185718e-01,9.728541754048164458e-01,6.700000000000014277e-02
0.000000000000000000e+00,9.580000000000000737e-01,1.699999999999999428e-02,4.523517981728017645e+01,7.516364594150818970e-08,1.144289848531923891e-04,5.100000000000015632e-02,9.611048167515054974e-01,9.747670426888512818e-01,6.800000000000014366e-02
0.000000000000000000e+00,9.580000000000000737e-01,1.799999999999999517e-02,4.573435366378483735e+01,7.778344428505020938e-08,1.158384424957929483e-04,5.100000000000015632e-02,9.623523217917051564e-01,9.758039847325098437e-01,6.900000000000014455e-02
0.000000000000000000e+00,9.580000000000000737e-01,1.899999999999999259e-02,4.578886493757589449e+01,7.807303568002623535e-08,1.198765299831397604e-04,5.100000000000015632e-02,9.652867472415365135e-01,9.678793215846692721e-01,7.000000000000014544e-02
0.000000000000000000e+00,9.580000000000000737e-01,1.999999999999999001e-02,4.616111937891777472e+01,8.007170689487213349e-08,1.219518692023792466e-04,5.100000000000015632e-02,9.668053669933284189e-01,9.682276646486043248e-01,7.100000000000014633e-02
0.000000000000000000e+00,9.580000000000000737e-01,2.099999999999999090e-02,4.687599065650884000e+01,8.507704015348636790e-08,1.161524204470439293e-04,5.000000000000004441e-02,9.605944433104619540e-01,9.599648033055395713e-01,7.100000000000003531e-02
0.000000000000000000e+00,9.580000000000000737e-01,2.199999999999999178e-02,4.718607903760973699e+01,8.678756510983189654e-08,1.183071831413592463e-04,5.000000000000004441e-02,9.626533531057865911e-01,9.606971328229915175e-01,7.200000000000003619e-02
0.000000000000000000e+00,9.580000000000000737e-01,2.299999999999998920e-02,4.770596700234464294e+01,8.969672277320683587e-08,1.192688163066941395e-04,5.000000000000004441e-02,9.633341167668463267e-01,9.633661186431944357e-01,7.300000000000003708e-02
0.000000000000000000e+00,9.580000000000000737e-01,2.399999999999998662e-02,4.790717251932960608e+01,9.185839811009320215e-08,1.067714045421861791e-04,4.800000000000004263e-02,9.580706778972783999e-01,9.586086371005748674e-01,7.200000000000003619e-02
0.000000000000000000e+00,9.580000000000000737e-01,2.499999999999998751e-02,4.822632212607537383e+01,9.266102545918676123e-08,1.243196307456723398e-04,5.000000000000004441e-02,9.669756282364522226e-01,9.609091339867742443e-01,7.500000000000003886e-02
0.000000000000000000e+00,9.580000000000000737e-01,2.599999999999998840e-02,4.743358973640783915e+01,8.873882315103357583e-08,1.053339565484800891e-04,4.700000000000015277e-02,9.608217702845402997e-01,9.583349311754806310e-01,7.300000000000014810e-02
0.000000000000000000e+00,9.580000000000000737e-01,2.699999999999998929e-02,4.926319340268391755e+01,9.873444013910247420e-08,1.262057419738067243e-04,5.000000000000004441e-02,9.673598510821295182e-01,9.655163921847167430e-01,7.700000000000004063e-02
0.000000000000000000e+00,9.580000000000000737e-01,2.799999999999998324e-02,4.957208820689008633e+01,1.005823469594343167e-07,1.284771480187605480e-04,5.000000000000004441e-02,9.686414238939200505e-01,9.648838893708070463e-01,7.800000000000002764e-02
0.000000000000000000e+00,9.580000000000000737e-01,2.899999999999998412e-02,4.988511397952359516e+01,1.032855217066886525e-07,1.232749951803226293e-04,4.899999999999993250e-02,9.667272513535897227e-01,9.605165134273980776e-01,7.799999999999991662e-02
0.000000000000000000e+00,9.580000000000000737e-01,2.999999999999998501e-02,5.015940385970279891e+01,1.049410618440931435e-07,1.255720602488899528e-04,4.899999999999993250e-02,9.681471030483832507e-01,9.600384847993503890e-01,7.899999999999991751e-02
0.000000000000000000e+00,9.580000000000000737e-01,3.099999999999998590e-02,4.985216866696788429e+01,1.030432099229971867e-07,1.212177472110996773e-04,4.800000000000004263e-02,9.689104827912954354e-01,9.583578357838660189e-01,7.900000000000002853e-02
0.000000000000000000e+00,9.580000000000000737e-01,3.199999999999997985e-02,5.084875600192214762e+01,1.084517955126393429e-07,1.373599568134644072e-04,5.000000000000004441e-02,9.722740997215321146e-01,9.630279441492256565e-01,8.200000000000001732e-02
0.000000000000000000e+00,9.580000000000000737e-01,3.299999999999998074e-02,5.121083719803315404e+01,1.107442522944753086e-07,1.393226570637146272e-04,5.000000000000004441e-02,9.728282029452497426e-01,9.632527339516111509e-01,8.300000000000001821e-02
0.000000000000000000e+00,9.580000000000000737e-01,3.399999999999998163e-02,5.131502824983615341e+01,1.121118583929076603e-07,1.345532078610529793e-04,4.899999999999993250e-02,9.722394974741450646e-01,9.587195084164223946e-01,8.299999999999990719e-02
0.000000000000000000e+00,9.580000000000000737e-01,3.499999999999998251e-02,5.164987620418110481e+01,1.142408445557574811e-07,1.365467142905967804e-04,4.899999999999993250e-02,9.728965864822967102e-01,9.590580997757278681e-01,8.399999999999990807e-02
0.000000000000000000e+00,9.580000000000000737e-01,3.599999999999997646e-02,5.204522457368987176e+01,1.167833906557269623e-07,1.381358772999626884e-04,4.899999999999993250e-02,9.731790838677738531e-01,9.601768466025893956e-01,8.499999999999990896e-02
0.000000000000000000e+00,9.580000000000000737e-01,3.699999999999997735e-02,5.233777308329791822e+01,1.186855480597651985e-07,1.404738099412741054e-04,4.899999999999993250e-02,9.739194629652386803e-01,9.594103087636087768e-01,8.599999999999990985e-02
0.000000000000000000e+00,9.580000000000000737e-01,3.799999999999997824e-02,1.093535863351271189e+02,1.202927000289444561e-06,1.654914181318015431e-01,3.380000000000000782e-01,9.581458382157068687e-01,9.708032309383481939e-01,3.760000000000000564e-01
0.000000000000000000e+00,9.580000000000000737e-01,3.899999999999997913e-02,1.093535863351271189e+02,1.202927000289444561e-06,1.654914181318015431e-01,3.380000000000000782e-01,9.581458382157068687e-01,9.708032309383481939e-01,3.770000000000000573e-01
0.000000000000000000e+00,9.580000000000000737e-01,3.999999999999997308e-02,1.093535863351271189e+02,1.202927000289444561e-06,1.654914181318015431e-01,3.380000000000000782e-01,9.581458382157068687e-01,9.708032309383481939e-01,3.780000000000000582e-01
0.000000000000000000e+00,9.580000000000000737e-01,4.099999999999997397e-02,1.093535863351271189e+02,1.202927000289444561e-06,1.654914181318015431e-01,3.380000000000000782e-01,9.581458382157068687e-01,9.708032309383481939e-01,3.790000000000000591e-01
0.000000000000000000e+00,9.580000000000000737e-01,4.199999999999997485e-02,1.093535863351271189e+02,1.202927000289444561e-06,1.654914181318015431e-01,3.380000000000000782e-01,9.581458382157068687e-01,9.708032309383481939e-01,3.800000000000000600e-01
0.000000000000000000e+00,9.580000000000000737e-01,4.299999999999997574e-02,1.093535863351271189e+02,1.202927000289444561e-06,1.654914181318015431e-01,3.380000000000000782e-01,9.581458382157068687e-01,9.708032309383481939e-01,3.810000000000000608e-01
0.000000000000000000e+00,9.580000000000000737e-01,4.399999999999997663e-02,1.093535863351271189e+02,1.202927000289444561e-06,1.654914181318015431e-01,3.380000000000000782e-01,9.581458382157068687e-01,9.708032309383481939e-01,3.820000000000000617e-01
0.000000000000000000e+00,9.580000000000000737e-01,4.499999999999997058e-02,1.093535863351271189e+02,1.202927000289444561e-06,1.654914181318015431e-01,3.380000000000000782e-01,9.581458382157068687e-01,9.708032309383481939e-01,3.830000000000000626e-01
0.000000000000000000e+00,9.580000000000000737e-01,4.599999999999997147e-02,1.093535863351271189e+02,1.202927000289444561e-06,1.654914181318015431e-01,3.380000000000000782e-01,9.581458382157068687e-01,9.708032309383481939e-01,3.840000000000000635e-01
0.000000000000000000e+00,9.580000000000000737e-01,4.699999999999997236e-02,1.093535863351271189e+02,1.202927000289444561e-06,1.654914181318015431e-01,3.380000000000000782e-01,9.581458382157068687e-01,9.708032309383481939e-01,3.850000000000000644e-01
0.000000000000000000e+00,9.580000000000000737e-01,4.799999999999996630e-02,1.093535863351271189e+02,1.202927000289444561e-06,1.654914181318015431e-01,3.380000000000000782e-01,9.581458382157068687e-01,9.708032309383481939e-01,3.860000000000000653e-01
0.000000000000000000e+00,9.580000000000000737e-01,4.899999999999996719e-02,1.093535863351271189e+02,1.202927000289444561e-06,1.654914181318015431e-01,3.380000000000000782e-01,9.581458382157068687e-01,9.708032309383481939e-01,3.870000000000000662e-01
0.000000000000000000e+00,9.590000000000000746e-01,1.000000000000000021e-02,4.711417533674023872e+01,8.812344926856685911e-08,1.091682788541461634e-04,5.299999999999993605e-02,9.638471581823839784e-01,9.672622229996452603e-01,6.299999999999993106e-02
0.000000000000000000e+00,9.590000000000000746e-01,1.099999999999999936e-02,4.448359143801273774e+01,7.254644964198067767e-08,1.100609670837699307e-04,5.200000000000004619e-02,9.601017481996015901e-01,9.675778748559935583e-01,6.300000000000004208e-02
0.000000000000000000e+00,9.590000000000000746e-01,1.199999999999999852e-02,4.184958304210987734e+01,5.859120712173131503e-08,1.116639458048428695e-04,5.100000000000015632e-02,9.607804920027450679e-01,9.697092501004334064e-01,6.300000000000015310e-02
0.000000000000000000e+00,9.590000000000000746e-01,1.299999999999999767e-02,4.573869889958672985e+01,7.912185468959584505e-08,1.116261129983469176e-04,5.200000000000004619e-02,9.616924843381799981e-01,9.703937682223419126e-01,6.500000000000004385e-02
0.000000000000000000e+00,9.590000000000000746e-01,1.399999999999999682e-02,4.608910789627379501e+01,8.101154690865744491e-08,1.137398802658145348e-04,5.200000000000004619e-02,9.641140846734443937e-01,9.708647721836654032e-01,6.600000000000004474e-02
0.000000000000000000e+00,9.590000000000000746e-01,1.499999999999999598e-02,4.664858888526324421e+01,8.407770655488954911e-08,1.147570796918147512e-04,5.200000000000004619e-02,9.651224503425739343e-01,9.730583565430425130e-01,6.700000000000004563e-02
0.000000000000000000e+00,9.590000000000000746e-01,1.599999999999999339e-02,4.465778606374372828e+01,7.219004364353112145e-08,1.134367130960649338e-04,5.100000000000015632e-02,9.602336031342185718e-01,9.728541754048164458e-01,6.700000000000014277e-02
0.000000000000000000e+00,9.590000000000000746e-01,1.699999999999999428e-02,4.523517981728017645e+01,7.516364594150818970e-08,1.144289848531923891e-04,5.100000000000015632e-02,9.611048167515054974e-01,9.747670426888512818e-01,6.800000000000014366e-02
0.000000000000000000e+00,9.590000000000000746e-01,1.799999999999999517e-02,4.573435366378483735e+01,7.778344428505020938e-08,1.158384424957929483e-04,5.100000000000015632e-02,9.623523217917051564e-01,9.758039847325098437e-01,6.900000000000014455e-02
0.000000000000000000e+00,9.590000000000000746e-01,1.899999999999999259e-02,4.578886493757589449e+01,7.807303568002623535e-08,1.198765299831397604e-04,5.100000000000015632e-02,9.652867472415365135e-01,9.678793215846692721e-01,7.000000000000014544e-02
0.000000000000000000e+00,9.590000000000000746e-01,1.999999999999999001e-02,4.616111937891777472e+01,8.007170689487213349e-08,1.219518692023792466e-04,5.100000000000015632e-02,9.668053669933284189e-01,9.682276646486043248e-01,7.100000000000014633e-02
0.000000000000000000e+00,9.590000000000000746e-01,2.099999999999999090e-02,4.687599065650884000e+01,8.507704015348636790e-08,1.161524204470439293e-04,5.000000000000004441e-02,9.605944433104619540e-01,9.599648033055395713e-01,7.100000000000003531e-02
0.000000000000000000e+00,9.590000000000000746e-01,2.199999999999999178e-02,4.718607903760973699e+01,8.678756510983189654e-08,1.183071831413592463e-04,5.000000000000004441e-02,9.626533531057865911e-01,9.606971328229915175e-01,7.200000000000003619e-02
0.000000000000000000e+00,9.590000000000000746e-01,2.299999999999998920e-02,4.770596700234464294e+01,8.969672277320683587e-08,1.192688163066941395e-04,5.000000000000004441e-02,9.633341167668463267e-01,9.633661186431944357e-01,7.300000000000003708e-02
0.000000000000000000e+00,9.590000000000000746e-01,2.399999999999998662e-02,4.807097073318053049e+01,9.176936500429470183e-08,1.211376505926162683e-04,5.000000000000004441e-02,9.648136114080601011e-01,9.642282767092641427e-01,7.400000000000003797e-02
0.000000000000000000e+00,9.590000000000000746e-01,2.499999999999998751e-02,4.822632212607537383e+01,9.266102545918676123e-08,1.243196307456723398e-04,5.000000000000004441e-02,9.669756282364522226e-01,9.609091339867742443e-01,7.500000000000003886e-02
0.000000000000000000e+00,9.590000000000000746e-01,2.599999999999998840e-02,4.871422500495310715e+01,9.549505978147231730e-08,1.254397297945567121e-04,5.000000000000004441e-02,9.674096296728086353e-01,9.631678956966545080e-01,7.600000000000003975e-02
0.000000000000000000e+00,9.590000000000000746e-01,2.699999999999998929e-02,4.926319340268391755e+01,9.873444013910247420e-08,1.262057419738067243e-04,5.000000000000004441e-02,9.673598510821295182e-01,9.655163921847167430e-01,7.700000000000004063e-02
0.000000000000000000e+00,9.590000000000000746e-01,2.799999999999998324e-02,4.957208820689008633e+01,1.005823469594343167e-07,1.284771480187605480e-04,5.000000000000004441e-02,9.686414238939200505e-01,9.648838893708070463e-01,7.800000000000002764e-02
0.000000000000000000e+00,9.590000000000000746e-01,2.899999999999998412e-02,4.988511397952359516e+01,1.032855217066886525e-07,1.232749951803226293e-04,4.899999999999993250e-02,9.667272513535897227e-01,9.605165134273980776e-01,7.799999999999991662e-02
0.000000000000000000e+00,9.590000000000000746e-01,2.999999999999998501e-02,5.015940385970279891e+01,1.049410618440931435e-07,1.255720602488899528e-04,4.899999999999993250e-02,9.681471030483832507e-01,9.600384847993503890e-01,7.899999999999991751e-02
0.000000000000000000e+00,9.590000000000000746e-01,3.099999999999998590e-02,5.042237206449602382e+01,1.057857385709435186e-07,1.358550402172550018e-04,5.000000000000004441e-02,9.720207305313317558e-01,9.617398722926024934e-01,8.100000000000003031e-02
0.000000000000000000e+00,9.590000000000000746e-01,3.199999999999997985e-02,5.084875600192214762e+01,1.084517955126393429e-07,1.373599568134644072e-04,5.000000000000004441e-02,9.722740997215321146e-01,9.630279441492256565e-01,8.200000000000001732e-02
0.000000000000000000e+00,9.590000000000000746e-01,3.299999999999998074e-02,5.121083719803315404e+01,1.107442522944753086e-07,1.393226570637146272e-04,5.000000000000004441e-02,9.728282029452497426e-01,9.632527339516111509e-01,8.300000000000001821e-02
0.000000000000000000e+00,9.590000000000000746e-01,3.399999999999998163e-02,5.163351131649153558e+01,1.134535264127002789e-07,1.408665393154247736e-04,5.000000000000004441e-02,9.729923496209791356e-01,9.642535297026040286e-01,8.400000000000001910e-02
0.000000000000000000e+00,9.590000000000000746e-01,3.499999999999998251e-02,5.164987620418110481e+01,1.142408445557574811e-07,1.365467142905967804e-04,4.899999999999993250e-02,9.728965864822967102e-01,9.590580997757278681e-01,8.399999999999990807e-02
0.000000000000000000e+00,9.590000000000000746e-01,3.599999999999997646e-02,5.204522457368987176e+01,1.167833906557269623e-07,1.381358772999626884e-04,4.899999999999993250e-02,9.731790838677738531e-01,9.601768466025893956e-01,8.499999999999990896e-02
0.000000000000000000e+00,9.590000000000000746e-01,3.699999999999997735e-02,5.233777308329791822e+01,1.186855480597651985e-07,1.404738099412741054e-04,4.899999999999993250e-02,9.739194629652386803e-01,9.594103087636087768e-01,8.599999999999990985e-02
0.000000000000000000e+00,9.590000000000000746e-01,3.799999999999997824e-02,1.107371560701709967e+02,1.350256215625194280e-06,1.670859817143668102e-01,3.400000000000000799e-01,9.592318727608798445e-01,9.724375879701435688e-01,3.780000000000000582e-01
0.000000000000000000e+00,9.590000000000000746e-01,3.899999999999997913e-02,1.107371560701709967e+02,1.350256215625194280e-06,1.670859817143668102e-01,3.400000000000000799e-01,9.592318727608798445e-01,9.724375879701435688e-01,3.790000000000000591e-01
0.000000000000000000e+00,9.590000000000000746e-01,3.999999999999997308e-02,1.107371560701709967e+02,1.350256215625194280e-06,1.670859817143668102e-01,3.400000000000000799e-01,9.592318727608798445e-01,9.724375879701435688e-01,3.800000000000000600e-01
0.000000000000000000e+00,9.590000000000000746e-01,4.099999999999997397e-02,1.107371560701709967e+02,1.350256215625194280e-06,1.670859817143668102e-01,3.400000000000000799e-01,9.592318727608798445e-01,9.724375879701435688e-01,3.810000000000000608e-01
0.000000000000000000e+00,9.590000000000000746e-01,4.199999999999997485e-02,1.107371560701709967e+02,1.350256215625194280e-06,1.670859817143668102e-01,3.400000000000000799e-01,9.592318727608798445e-01,9.724375879701435688e-01,3.820000000000000617e-01
0.000000000000000000e+00,9.590000000000000746e-01,4.299999999999997574e-02,1.107371560701709967e+02,1.350256215625194280e-06,1.670859817143668102e-01,3.400000000000000799e-01,9.592318727608798445e-01,9.724375879701435688e-01,3.830000000000000626e-01
0.000000000000000000e+00,9.590000000000000746e-01,4.399999999999997663e-02,1.107371560701709967e+02,1.350256215625194280e-06,1.670859817143668102e-01,3.400000000000000799e-01,9.592318727608798445e-01,9.724375879701435688e-01,3.840000000000000635e-01
0.000000000000000000e+00,9.590000000000000746e-01,4.499999999999997058e-02,1.107371560701709967e+02,1.350256215625194280e-06,1.670859817143668102e-01,3.400000000000000799e-01,9.592318727608798445e-01,9.724375879701435688e-01,3.850000000000000644e-01
0.000000000000000000e+00,9.590000000000000746e-01,4.599999999999997147e-02,1.107371560701709967e+02,1.350256215625194280e-06,1.670859817143668102e-01,3.400000000000000799e-01,9.592318727608798445e-01,9.724375879701435688e-01,3.860000000000000653e-01
0.000000000000000000e+00,9.590000000000000746e-01,4.699999999999997236e-02,1.107371560701709967e+02,1.350256215625194280e-06,1.670859817143668102e-01,3.400000000000000799e-01,9.592318727608798445e-01,9.724375879701435688e-01,3.870000000000000662e-01
0.000000000000000000e+00,9.590000000000000746e-01,4.799999999999996630e-02,1.107371560701709967e+02,1.350256215625194280e-06,1.670859817143668102e-01,3.400000000000000799e-01,9.592318727608798445e-01,9.724375879701435688e-01,3.880000000000000671e-01
0.000000000000000000e+00,9.590000000000000746e-01,4.899999999999996719e-02,1.107371560701709967e+02,1.350256215625194280e-06,1.670859817143668102e-01,3.400000000000000799e-01,9.592318727608798445e-01,9.724375879701435688e-01,3.890000000000000679e-01
0.000000000000000000e+00,9.600000000000000755e-01,1.000000000000000021e-02,4.711417533674023872e+01,8.812344926856685911e-08,1.091682788541461634e-04,5.299999999999993605e-02,9.638471581823839784e-01,9.672622229996452603e-01,6.299999999999993106e-02
0.000000000000000000e+00,9.600000000000000755e-01,1.099999999999999936e-02,4.448359143801273774e+01,7.254644964198067767e-08,1.100609670837699307e-04,5.200000000000004619e-02,9.601017481996015901e-01,9.675778748559935583e-01,6.300000000000004208e-02
0.000000000000000000e+00,9.600000000000000755e-01,1.199999999999999852e-02,4.184958304210987734e+01,5.859120712173131503e-08,1.116639458048428695e-04,5.100000000000015632e-02,9.607804920027450679e-01,9.697092501004334064e-01,6.300000000000015310e-02
0.000000000000000000e+00,9.600000000000000755e-01,1.299999999999999767e-02,4.573869889958672985e+01,7.912185468959584505e-08,1.116261129983469176e-04,5.200000000000004619e-02,9.616924843381799981e-01,9.703937682223419126e-01,6.500000000000004385e-02
0.000000000000000000e+00,9.600000000000000755e-01,1.399999999999999682e-02,4.608910789627379501e+01,8.101154690865744491e-08,1.137398802658145348e-04,5.200000000000004619e-02,9.641140846734443937e-01,9.708647721836654032e-01,6.600000000000004474e-02
0.000000000000000000e+00,9.600000000000000755e-01,1.499999999999999598e-02,4.664858888526324421e+01,8.407770655488954911e-08,1.147570796918147512e-04,5.200000000000004619e-02,9.651224503425739343e-01,9.730583565430425130e-01,6.700000000000004563e-02
0.000000000000000000e+00,9.600000000000000755e-01,1.599999999999999339e-02,4.465778606374372828e+01,7.219004364353112145e-08,1.134367130960649338e-04,5.100000000000015632e-02,9.602336031342185718e-01,9.728541754048164458e-01,6.700000000000014277e-02
0.000000000000000000e+00,9.600000000000000755e-01,1.699999999999999428e-02,4.523517981728017645e+01,7.516364594150818970e-08,1.144289848531923891e-04,5.100000000000015632e-02,9.611048167515054974e-01,9.747670426888512818e-01,6.800000000000014366e-02
0.000000000000000000e+00,9.600000000000000755e-01,1.799999999999999517e-02,4.573435366378483735e+01,7.778344428505020938e-08,1.158384424957929483e-04,5.100000000000015632e-02,9.623523217917051564e-01,9.758039847325098437e-01,6.900000000000014455e-02
0.000000000000000000e+00,9.600000000000000755e-01,1.899999999999999259e-02,4.578886493757589449e+01,7.807303568002623535e-08,1.198765299831397604e-04,5.100000000000015632e-02,9.652867472415365135e-01,9.678793215846692721e-01,7.000000000000014544e-02
0.000000000000000000e+00,9.600000000000000755e-01,1.999999999999999001e-02,4.616111937891777472e+01,8.007170689487213349e-08,1.219518692023792466e-04,5.100000000000015632e-02,9.668053669933284189e-01,9.682276646486043248e-01,7.100000000000014633e-02
0.000000000000000000e+00,9.600000000000000755e-01,2.099999999999999090e-02,4.674124620657885032e+01,8.323930160050369207e-08,1.227788425643260440e-04,5.100000000000015632e-02,9.668690393492868074e-01,9.704637719297128928e-01,7.200000000000014722e-02
0.000000000000000000e+00,9.600000000000000755e-01,2.199999999999999178e-02,4.718607903760973699e+01,8.678756510983189654e-08,1.183071831413592463e-04,5.000000000000004441e-02,9.626533531057865911e-01,9.606971328229915175e-01,7.200000000000003619e-02
0.000000000000000000e+00,9.600000000000000755e-01,2.299999999999998920e-02,4.770596700234464294e+01,8.969672277320683587e-08,1.192688163066941395e-04,5.000000000000004441e-02,9.633341167668463267e-01,9.633661186431944357e-01,7.300000000000003708e-02
0.000000000000000000e+00,9.600000000000000755e-01,2.399999999999998662e-02,4.807097073318053049e+01,9.176936500429470183e-08,1.211376505926162683e-04,5.000000000000004441e-02,9.648136114080601011e-01,9.642282767092641427e-01,7.400000000000003797e-02
0.000000000000000000e+00,9.600000000000000755e-01,2.499999999999998751e-02,4.822632212607537383e+01,9.266102545918676123e-08,1.243196307456723398e-04,5.000000000000004441e-02,9.669756282364522226e-01,9.609091339867742443e-01,7.500000000000003886e-02
0.000000000000000000e+00,9.600000000000000755e-01,2.599999999999998840e-02,4.871422500495310715e+01,9.549505978147231730e-08,1.254397297945567121e-04,5.000000000000004441e-02,9.674096296728086353e-01,9.631678956966545080e-01,7.600000000000003975e-02
0.000000000000000000e+00,9.600000000000000755e-01,2.699999999999998929e-02,4.926319340268391755e+01,9.873444013910247420e-08,1.262057419738067243e-04,5.000000000000004441e-02,9.673598510821295182e-01,9.655163921847167430e-01,7.700000000000004063e-02
0.000000000000000000e+00,9.600000000000000755e-01,2.799999999999998324e-02,4.957208820689008633e+01,1.005823469594343167e-07,1.284771480187605480e-04,5.000000000000004441e-02,9.686414238939200505e-01,9.648838893708070463e-01,7.800000000000002764e-02
0.000000000000000000e+00,9.600000000000000755e-01,2.899999999999998412e-02,4.988511397952359516e+01,1.032855217066886525e-07,1.232749951803226293e-04,4.899999999999993250e-02,9.667272513535897227e-01,9.605165134273980776e-01,7.799999999999991662e-02
0.000000000000000000e+00,9.600000000000000755e-01,2.999999999999998501e-02,5.015940385970279891e+01,1.049410618440931435e-07,1.255720602488899528e-04,4.899999999999993250e-02,9.681471030483832507e-01,9.600384847993503890e-01,7.899999999999991751e-02
0.000000000000000000e+00,9.600000000000000755e-01,3.099999999999998590e-02,5.042237206449602382e+01,1.057857385709435186e-07,1.358550402172550018e-04,5.000000000000004441e-02,9.720207305313317558e-01,9.617398722926024934e-01,8.100000000000003031e-02
0.000000000000000000e+00,9.600000000000000755e-01,3.199999999999997985e-02,5.084875600192214762e+01,1.084517955126393429e-07,1.373599568134644072e-04,5.000000000000004441e-02,9.722740997215321146e-01,9.630279441492256565e-01,8.200000000000001732e-02
0.000000000000000000e+00,9.600000000000000755e-01,3.299999999999998074e-02,5.121083719803315404e+01,1.107442522944753086e-07,1.393226570637146272e-04,5.000000000000004441e-02,9.728282029452497426e-01,9.632527339516111509e-01,8.300000000000001821e-02
0.000000000000000000e+00,9.600000000000000755e-01,3.399999999999998163e-02,5.163351131649153558e+01,1.134535264127002789e-07,1.408665393154247736e-04,5.000000000000004441e-02,9.729923496209791356e-01,9.642535297026040286e-01,8.400000000000001910e-02
0.000000000000000000e+00,9.600000000000000755e-01,3.499999999999998251e-02,5.194955425062676824e+01,1.155032920416263481e-07,1.431912053606058043e-04,5.000000000000004441e-02,9.736673980985676158e-01,9.633860738786849121e-01,8.500000000000001998e-02
0.000000000000000000e+00,9.600000000000000755e-01,3.599999999999997646e-02,5.204522457368987176e+01,1.167833906557269623e-07,1.381358772999626884e-04,4.899999999999993250e-02,9.731790838677738531e-01,9.601768466025893956e-01,8.499999999999990896e-02
0.000000000000000000e+00,9.600000000000000755e-01,3.699999999999997735e-02,1.121424059345723521e+02,1.514214421791062652e-06,1.686732936787260773e-01,3.420000000000000817e-01,9.603413351188451186e-01,9.740014141466820652e-01,3.790000000000000591e-01
0.000000000000000000e+00,9.600000000000000755e-01,3.799999999999997824e-02,1.121424059345723521e+02,1.514214421791062652e-06,1.686732936787260773e-01,3.420000000000000817e-01,9.603413351188451186e-01,9.740014141466820652e-01,3.800000000000000600e-01
0.000000000000000000e+00,9.600000000000000755e-01,3.899999999999997913e-02,1.121424059345723521e+02,1.514214421791062652e-06,1.686732936787260773e-01,3.420000000000000817e-01,9.603413351188451186e-01,9.740014141466820652e-01,3.810000000000000608e-01
0.000000000000000000e+00,9.600000000000000755e-01,3.999999999999997308e-02,1.121424059345723521e+02,1.514214421791062652e-06,1.686732936787260773e-01,3.420000000000000817e-01,9.603413351188451186e-01,9.740014141466820652e-01,3.820000000000000617e-01
0.000000000000000000e+00,9.600000000000000755e-01,4.099999999999997397e-02,1.121424059345723521e+02,1.514214421791062652e-06,1.686732936787260773e-01,3.420000000000000817e-01,9.603413351188451186e-01,9.740014141466820652e-01,3.830000000000000626e-01
0.000000000000000000e+00,9.600000000000000755e-01,4.199999999999997485e-02,1.121424059345723521e+02,1.514214421791062652e-06,1.686732936787260773e-01,3.420000000000000817e-01,9.603413351188451186e-01,9.740014141466820652e-01,3.840000000000000635e-01
0.000000000000000000e+00,9.600000000000000755e-01,4.299999999999997574e-02,1.121424059345723521e+02,1.514214421791062652e-06,1.686732936787260773e-01,3.420000000000000817e-01,9.603413351188451186e-01,9.740014141466820652e-01,3.850000000000000644e-01
0.000000000000000000e+00,9.600000000000000755e-01,4.399999999999997663e-02,1.121424059345723521e+02,1.514214421791062652e-06,1.686732936787260773e-01,3.420000000000000817e-01,9.603413351188451186e-01,9.740014141466820652e-01,3.860000000000000653e-01
0.000000000000000000e+00,9.600000000000000755e-01,4.499999999999997058e-02,1.121424059345723521e+02,1.514214421791062652e-06,1.686732936787260773e-01,3.420000000000000817e-01,9.603413351188451186e-01,9.740014141466820652e-01,3.870000000000000662e-01
0.000000000000000000e+00,9.600000000000000755e-01,4.599999999999997147e-02,1.121424059345723521e+02,1.514214421791062652e-06,1.686732936787260773e-01,3.420000000000000817e-01,9.603413351188451186e-01,9.740014141466820652e-01,3.880000000000000671e-01
0.000000000000000000e+00,9.600000000000000755e-01,4.699999999999997236e-02,1.121424059345723521e+02,1.514214421791062652e-06,1.686732936787260773e-01,3.420000000000000817e-01,9.603413351188451186e-01,9.740014141466820652e-01,3.890000000000000679e-01
0.000000000000000000e+00,9.600000000000000755e-01,4.799999999999996630e-02,1.121424059345723521e+02,1.514214421791062652e-06,1.686732936787260773e-01,3.420000000000000817e-01,9.603413351188451186e-01,9.740014141466820652e-01,3.900000000000000688e-01
0.000000000000000000e+00,9.600000000000000755e-01,4.899999999999996719e-02,1.121424059345723521e+02,1.514214421791062652e-06,1.686732936787260773e-01,3.420000000000000817e-01,9.603413351188451186e-01,9.740014141466820652e-01,3.910000000000000697e-01
0.000000000000000000e+00,9.610000000000000764e-01,1.000000000000000021e-02,4.711417533674023872e+01,8.812344926856685911e-08,1.091682788541461634e-04,5.299999999999993605e-02,9.638471581823839784e-01,9.672622229996452603e-01,6.299999999999993106e-02
0.000000000000000000e+00,9.610000000000000764e-01,1.099999999999999936e-02,4.735674444186821574e+01,8.950185014554952417e-08,1.116202546744847127e-04,5.299999999999993605e-02,9.667953405634293063e-01,9.676672136079870201e-01,6.399999999999993194e-02
0.000000000000000000e+00,9.610000000000000764e-01,1.199999999999999852e-02,4.764443173173576440e+01,9.115485717134738882e-08,1.138622868201715513e-04,5.299999999999993605e-02,9.692328211171145069e-01,9.684228145421260869e-01,6.499999999999993283e-02
0.000000000000000000e+00,9.610000000000000764e-01,1.299999999999999767e-02,4.573869889958672985e+01,7.912185468959584505e-08,1.116261129983469176e-04,5.200000000000004619e-02,9.616924843381799981e-01,9.703937682223419126e-01,6.500000000000004385e-02
0.000000000000000000e+00,9.610000000000000764e-01,1.399999999999999682e-02,4.608910789627379501e+01,8.101154690865744491e-08,1.137398802658145348e-04,5.200000000000004619e-02,9.641140846734443937e-01,9.708647721836654032e-01,6.600000000000004474e-02
0.000000000000000000e+00,9.610000000000000764e-01,1.499999999999999598e-02,4.664858888526324421e+01,8.407770655488954911e-08,1.147570796918147512e-04,5.200000000000004619e-02,9.651224503425739343e-01,9.730583565430425130e-01,6.700000000000004563e-02
0.000000000000000000e+00,9.610000000000000764e-01,1.599999999999999339e-02,4.712188822528314347e+01,8.671658593424409306e-08,1.162162104127251124e-04,5.200000000000004619e-02,9.664776712285956251e-01,9.743228596182947898e-01,6.800000000000003264e-02
0.000000000000000000e+00,9.610000000000000764e-01,1.699999999999999428e-02,4.523517981728017645e+01,7.516364594150818970e-08,1.144289848531923891e-04,5.100000000000015632e-02,9.611048167515054974e-01,9.747670426888512818e-01,6.800000000000014366e-02
0.000000000000000000e+00,9.610000000000000764e-01,1.799999999999999517e-02,4.573435366378483735e+01,7.778344428505020938e-08,1.158384424957929483e-04,5.100000000000015632e-02,9.623523217917051564e-01,9.758039847325098437e-01,6.900000000000014455e-02
0.000000000000000000e+00,9.610000000000000764e-01,1.899999999999999259e-02,4.578886493757589449e+01,7.807303568002623535e-08,1.198765299831397604e-04,5.100000000000015632e-02,9.652867472415365135e-01,9.678793215846692721e-01,7.000000000000014544e-02
0.000000000000000000e+00,9.610000000000000764e-01,1.999999999999999001e-02,4.616111937891777472e+01,8.007170689487213349e-08,1.219518692023792466e-04,5.100000000000015632e-02,9.668053669933284189e-01,9.682276646486043248e-01,7.100000000000014633e-02
0.000000000000000000e+00,9.610000000000000764e-01,2.099999999999999090e-02,4.674124620657885032e+01,8.323930160050369207e-08,1.227788425643260440e-04,5.100000000000015632e-02,9.668690393492868074e-01,9.704637719297128928e-01,7.200000000000014722e-02
0.000000000000000000e+00,9.610000000000000764e-01,2.199999999999999178e-02,4.716075758799180306e+01,8.556930162017746993e-08,1.245688864681740980e-04,5.100000000000015632e-02,9.678974152257335817e-01,9.709960441208166371e-01,7.300000000000014810e-02
0.000000000000000000e+00,9.610000000000000764e-01,2.299999999999998920e-02,4.770596700234464294e+01,8.969672277320683587e-08,1.192688163066941395e-04,5.000000000000004441e-02,9.633341167668463267e-01,9.633661186431944357e-01,7.300000000000003708e-02
0.000000000000000000e+00,9.610000000000000764e-01,2.399999999999998662e-02,4.807097073318053049e+01,9.176936500429470183e-08,1.211376505926162683e-04,5.000000000000004441e-02,9.648136114080601011e-01,9.642282767092641427e-01,7.400000000000003797e-02
0.000000000000000000e+00,9.610000000000000764e-01,2.499999999999998751e-02,4.849849378068447692e+01,9.324169906871030889e-08,1.294057523872860444e-04,5.100000000000015632e-02,9.692730288074734579e-01,9.713495942680666628e-01,7.600000000000015077e-02
0.000000000000000000e+00,9.610000000000000764e-01,2.599999999999998840e-02,4.871422500495310715e+01,9.549505978147231730e-08,1.254397297945567121e-04,5.000000000000004441e-02,9.674096296728086353e-01,9.631678956966545080e-01,7.600000000000003975e-02
0.000000000000000000e+00,9.610000000000000764e-01,2.699999999999998929e-02,4.926319340268391755e+01,9.873444013910247420e-08,1.262057419738067243e-04,5.000000000000004441e-02,9.673598510821295182e-01,9.655163921847167430e-01,7.700000000000004063e-02
0.000000000000000000e+00,9.610000000000000764e-01,2.799999999999998324e-02,4.957208820689008633e+01,1.005823469594343167e-07,1.284771480187605480e-04,5.000000000000004441e-02,9.686414238939200505e-01,9.648838893708070463e-01,7.800000000000002764e-02
0.000000000000000000e+00,9.610000000000000764e-01,2.899999999999998412e-02,4.977269066633080996e+01,1.017947015187763730e-07,1.314880336912467584e-04,5.000000000000004441e-02,9.702240011299144706e-01,9.619228162582217356e-01,7.900000000000002853e-02
0.000000000000000000e+00,9.610000000000000764e-01,2.999999999999998501e-02,5.006030363608623190e+01,1.035502754272038487e-07,1.339205603962926759e-04,5.000000000000004441e-02,9.713458515065412913e-01,9.611838227480199448e-01,8.000000000000002942e-02
0.000000000000000000e+00,9.610000000000000764e-01,3.099999999999998590e-02,5.042237206449602382e+01,1.057857385709435186e-07,1.358550402172550018e-04,5.000000000000004441e-02,9.720207305313317558e-01,9.617398722926024934e-01,8.100000000000003031e-02
0.000000000000000000e+00,9.610000000000000764e-01,3.199999999999997985e-02,5.084875600192214762e+01,1.084517955126393429e-07,1.373599568134644072e-04,5.000000000000004441e-02,9.722740997215321146e-01,9.630279441492256565e-01,8.200000000000001732e-02
0.000000000000000000e+00,9.610000000000000764e-01,3.299999999999998074e-02,5.121083719803315404e+01,1.107442522944753086e-07,1.393226570637146272e-04,5.000000000000004441e-02,9.728282029452497426e-01,9.632527339516111509e-01,8.300000000000001821e-02
0.000000000000000000e+00,9.610000000000000764e-01,3.399999999999998163e-02,5.163351131649153558e+01,1.134535264127002789e-07,1.408665393154247736e-04,5.000000000000004441e-02,9.729923496209791356e-01,9.642535297026040286e-01,8.400000000000001910e-02
0.000000000000000000e+00,9.610000000000000764e-01,3.499999999999998251e-02,5.194955425062676824e+01,1.155032920416263481e-07,1.431912053606058043e-04,5.000000000000004441e-02,9.736673980985676158e-01,9.633860738786849121e-01,8.500000000000001998e-02
0.000000000000000000e+00,9.610000000000000764e-01,3.599999999999997646e-02,1.135630072843771643e+02,1.695604639579078213e-06,1.702534716408216631e-01,3.440000000000000835e-01,9.614459086844752145e-01,9.754987440090225892e-01,3.800000000000000600e-01
0.000000000000000000e+00,9.610000000000000764e-01,3.699999999999997735e-02,1.135630072843771643e+02,1.695604639579078213e-06,1.702534716408216631e-01,3.440000000000000835e-01,9.614459086844752145e-01,9.754987440090225892e-01,3.810000000000000608e-01
0.000000000000000000e+00,9.610000000000000764e-01,3.799999999999997824e-02,1.135630072843771643e+02,1.695604639579078213e-06,1.702534716408216631e-01,3.440000000000000835e-01,9.614459086844752145e-01,9.754987440090225892e-01,3.820000000000000617e-01
0.000000000000000000e+00,9.610000000000000764e-01,3.899999999999997913e-02,1.135630072843771643e+02,1.695604639579078213e-06,1.702534716408216631e-01,3.440000000000000835e-01,9.614459086844752145e-01,9.754987440090225892e-01,3.830000000000000626e-01
0.000000000000000000e+00,9.610000000000000764e-01,3.999999999999997308e-02,1.135630072843771643e+02,1.695604639579078213e-06,1.702534716408216631e-01,3.440000000000000835e-01,9.614459086844752145e-01,9.754987440090225892e-01,3.840000000000000635e-01
0.000000000000000000e+00,9.610000000000000764e-01,4.099999999999997397e-02,1.135630072843771643e+02,1.695604639579078213e-06,1.702534716408216631e-01,3.440000000000000835e-01,9.614459086844752145e-01,9.754987440090225892e-01,3.850000000000000644e-01
0.000000000000000000e+00,9.610000000000000764e-01,4.199999999999997485e-02,1.135630072843771643e+02,1.695604639579078213e-06,1.702534716408216631e-01,3.440000000000000835e-01,9.614459086844752145e-01,9.754987440090225892e-01,3.860000000000000653e-01
0.000000000000000000e+00,9.610000000000000764e-01,4.299999999999997574e-02,1.135630072843771643e+02,1.695604639579078213e-06,1.702534716408216631e-01,3.440000000000000835e-01,9.614459086844752145e-01,9.754987440090225892e-01,3.870000000000000662e-01
0.000000000000000000e+00,9.610000000000000764e-01,4.399999999999997663e-02,1.135630072843771643e+02,1.695604639579078213e-06,1.702534716408216631e-01,3.440000000000000835e-01,9.614459086844752145e-01,9.754987440090225892e-01,3.880000000000000671e-01
0.000000000000000000e+00,9.610000000000000764e-01,4.499999999999997058e-02,1.135630072843771643e+02,1.695604639579078213e-06,1.702534716408216631e-01,3.440000000000000835e-01,9.614459086844752145e-01,9.754987440090225892e-01,3.890000000000000679e-01
0.000000000000000000e+00,9.610000000000000764e-01,4.599999999999997147e-02,1.135630072843771643e+02,1.695604639579078213e-06,1.702534716408216631e-01,3.440000000000000835e-01,9.614459086844752145e-01,9.754987440090225892e-01,3.900000000000000688e-01
0.000000000000000000e+00,9.610000000000000764e-01,4.699999999999997236e-02,1.135630072843771643e+02,1.695604639579078213e-06,1.702534716408216631e-01,3.440000000000000835e-01,9.614459086844752145e-01,9.754987440090225892e-01,3.910000000000000697e-01
0.000000000000000000e+00,9.610000000000000764e-01,4.799999999999996630e-02,1.135630072843771643e+02,1.695604639579078213e-06,1.702534716408216631e-01,3.440000000000000835e-01,9.614459086844752145e-01,9.754987440090225892e-01,3.920000000000000706e-01
0.000000000000000000e+00,9.610000000000000764e-01,4.899999999999996719e-02,1.135630072843771643e+02,1.695604639579078213e-06,1.702534716408216631e-01,3.440000000000000835e-01,9.614459086844752145e-01,9.754987440090225892e-01,3.930000000000000715e-01
0.000000000000000000e+00,9.620000000000000773e-01,1.000000000000000021e-02,4.711417533674023872e+01,8.812344926856685911e-08,1.091682788541461634e-04,5.299999999999993605e-02,9.638471581823839784e-01,9.672622229996452603e-01,6.299999999999993106e-02
0.000000000000000000e+00,9.620000000000000773e-01,1.099999999999999936e-02,4.735674444186821574e+01,8.950185014554952417e-08,1.116202546744847127e-04,5.299999999999993605e-02,9.667953405634293063e-01,9.676672136079870201e-01,6.399999999999993194e-02
0.000000000000000000e+00,9.620000000000000773e-01,1.199999999999999852e-02,4.764443173173576440e+01,9.115485717134738882e-08,1.138622868201715513e-04,5.299999999999993605e-02,9.692328211171145069e-01,9.684228145421260869e-01,6.499999999999993283e-02
0.000000000000000000e+00,9.620000000000000773e-01,1.299999999999999767e-02,4.817537169818471909e+01,9.424877228533159062e-08,1.149180320357877594e-04,5.299999999999993605e-02,9.702962729870697745e-01,9.709499074208169933e-01,6.599999999999993372e-02
0.000000000000000000e+00,9.620000000000000773e-01,1.399999999999999682e-02,4.608910789627379501e+01,8.101154690865744491e-08,1.137398802658145348e-04,5.200000000000004619e-02,9.641140846734443937e-01,9.708647721836654032e-01,6.600000000000004474e-02
0.000000000000000000e+00,9.620000000000000773e-01,1.499999999999999598e-02,4.664858888526324421e+01,8.407770655488954911e-08,1.147570796918147512e-04,5.200000000000004619e-02,9.651224503425739343e-01,9.730583565430425130e-01,6.700000000000004563e-02
0.000000000000000000e+00,9.620000000000000773e-01,1.599999999999999339e-02,4.712188822528314347e+01,8.671658593424409306e-08,1.162162104127251124e-04,5.200000000000004619e-02,9.664776712285956251e-01,9.743228596182947898e-01,6.800000000000003264e-02
0.000000000000000000e+00,9.620000000000000773e-01,1.699999999999999428e-02,4.709900360758975069e+01,8.658765988712382531e-08,1.204660492199867509e-04,5.200000000000004619e-02,9.692892624194771045e-01,9.661904610471727661e-01,6.900000000000003353e-02
0.000000000000000000e+00,9.620000000000000773e-01,1.799999999999999517e-02,4.573435366378483735e+01,7.778344428505020938e-08,1.158384424957929483e-04,5.100000000000015632e-02,9.623523217917051564e-01,9.758039847325098437e-01,6.900000000000014455e-02
0.000000000000000000e+00,9.620000000000000773e-01,1.899999999999999259e-02,4.578886493757589449e+01,7.807303568002623535e-08,1.198765299831397604e-04,5.100000000000015632e-02,9.652867472415365135e-01,9.678793215846692721e-01,7.000000000000014544e-02
0.000000000000000000e+00,9.620000000000000773e-01,1.999999999999999001e-02,4.616111937891777472e+01,8.007170689487213349e-08,1.219518692023792466e-04,5.100000000000015632e-02,9.668053669933284189e-01,9.682276646486043248e-01,7.100000000000014633e-02
0.000000000000000000e+00,9.620000000000000773e-01,2.099999999999999090e-02,4.674124620657885032e+01,8.323930160050369207e-08,1.227788425643260440e-04,5.100000000000015632e-02,9.668690393492868074e-01,9.704637719297128928e-01,7.200000000000014722e-02
0.000000000000000000e+00,9.620000000000000773e-01,2.199999999999999178e-02,4.716075758799180306e+01,8.556930162017746993e-08,1.245688864681740980e-04,5.100000000000015632e-02,9.678974152257335817e-01,9.709960441208166371e-01,7.300000000000014810e-02
0.000000000000000000e+00,9.620000000000000773e-01,2.299999999999998920e-02,4.770596700234464294e+01,8.969672277320683587e-08,1.192688163066941395e-04,5.000000000000004441e-02,9.633341167668463267e-01,9.633661186431944357e-01,7.300000000000003708e-02
0.000000000000000000e+00,9.620000000000000773e-01,2.399999999999998662e-02,4.807097073318053049e+01,9.176936500429470183e-08,1.211376505926162683e-04,5.000000000000004441e-02,9.648136114080601011e-01,9.642282767092641427e-01,7.400000000000003797e-02
0.000000000000000000e+00,9.620000000000000773e-01,2.499999999999998751e-02,4.849849378068447692e+01,9.324169906871030889e-08,1.294057523872860444e-04,5.100000000000015632e-02,9.692730288074734579e-01,9.713495942680666628e-01,7.600000000000015077e-02
0.000000000000000000e+00,9.620000000000000773e-01,2.599999999999998840e-02,4.871422500495310715e+01,9.549505978147231730e-08,1.254397297945567121e-04,5.000000000000004441e-02,9.674096296728086353e-01,9.631678956966545080e-01,7.600000000000003975e-02
0.000000000000000000e+00,9.620000000000000773e-01,2.699999999999998929e-02,4.926319340268391755e+01,9.873444013910247420e-08,1.262057419738067243e-04,5.000000000000004441e-02,9.673598510821295182e-01,9.655163921847167430e-01,7.700000000000004063e-02
0.000000000000000000e+00,9.620000000000000773e-01,2.799999999999998324e-02,4.957208820689008633e+01,1.005823469594343167e-07,1.284771480187605480e-04,5.000000000000004441e-02,9.686414238939200505e-01,9.648838893708070463e-01,7.800000000000002764e-02
0.000000000000000000e+00,9.620000000000000773e-01,2.899999999999998412e-02,4.980700928181502718e+01,1.010981308331650772e-07,1.389364799844052347e-04,5.100000000000015632e-02,9.730769977218391986e-01,9.667809414571332249e-01,8.000000000000014044e-02
0.000000000000000000e+00,9.620000000000000773e-01,2.999999999999998501e-02,5.026815662467252821e+01,1.039532322722740018e-07,1.403780277502633808e-04,5.100000000000015632e-02,9.731024767801278452e-01,9.678887728222698161e-01,8.100000000000014133e-02
0.000000000000000000e+00,9.620000000000000773e-01,3.099999999999998590e-02,5.066195110345113051e+01,1.064249858303526718e-07,1.423001626571280989e-04,5.100000000000015632e-02,9.734808485856885074e-01,9.679580802146774410e-01,8.200000000000014222e-02
0.000000000000000000e+00,9.620000000000000773e-01,3.199999999999997985e-02,5.084875600192214762e+01,1.084517955126393429e-07,1.373599568134644072e-04,5.000000000000004441e-02,9.722740997215321146e-01,9.630279441492256565e-01,8.200000000000001732e-02
0.000000000000000000e+00,9.620000000000000773e-01,3.299999999999998074e-02,5.121083719803315404e+01,1.107442522944753086e-07,1.393226570637146272e-04,5.000000000000004441e-02,9.728282029452497426e-01,9.632527339516111509e-01,8.300000000000001821e-02
0.000000000000000000e+00,9.620000000000000773e-01,3.399999999999998163e-02,5.163351131649153558e+01,1.134535264127002789e-07,1.408665393154247736e-04,5.000000000000004441e-02,9.729923496209791356e-01,9.642535297026040286e-01,8.400000000000001910e-02
0.000000000000000000e+00,9.620000000000000773e-01,3.499999999999998251e-02,5.194955425062676824e+01,1.155032920416263481e-07,1.431912053606058043e-04,5.000000000000004441e-02,9.736673980985676158e-01,9.633860738786849121e-01,8.500000000000001998e-02
0.000000000000000000e+00,9.620000000000000773e-01,3.599999999999997646e-02,1.142810056207550815e+02,1.793586886410939453e-06,1.710401433476281818e-01,3.450000000000001954e-01,9.620045790209782455e-01,9.762215730644170364e-01,3.810000000000001719e-01
0.000000000000000000e+00,9.620000000000000773e-01,3.699999999999997735e-02,1.142810056207550815e+02,1.793586886410939453e-06,1.710401433476281818e-01,3.450000000000001954e-01,9.620045790209782455e-01,9.762215730644170364e-01,3.820000000000001728e-01
0.000000000000000000e+00,9.620000000000000773e-01,3.799999999999997824e-02,1.142810056207550815e+02,1.793586886410939453e-06,1.710401433476281818e-01,3.450000000000001954e-01,9.620045790209782455e-01,9.762215730644170364e-01,3.830000000000001736e-01
0.000000000000000000e+00,9.620000000000000773e-01,3.899999999999997913e-02,1.142810056207550815e+02,1.793586886410939453e-06,1.710401433476281818e-01,3.450000000000001954e-01,9.620045790209782455e-01,9.762215730644170364e-01,3.840000000000001745e-01
0.000000000000000000e+00,9.620000000000000773e-01,3.999999999999997308e-02,1.142810056207550815e+02,1.793586886410939453e-06,1.710401433476281818e-01,3.450000000000001954e-01,9.620045790209782455e-01,9.762215730644170364e-01,3.850000000000001754e-01
0.000000000000000000e+00,9.620000000000000773e-01,4.099999999999997397e-02,1.142810056207550815e+02,1.793586886410939453e-06,1.710401433476281818e-01,3.450000000000001954e-01,9.620045790209782455e-01,9.762215730644170364e-01,3.860000000000001763e-01
0.000000000000000000e+00,9.620000000000000773e-01,4.199999999999997485e-02,1.142810056207550815e+02,1.793586886410939453e-06,1.710401433476281818e-01,3.450000000000001954e-01,9.620045790209782455e-01,9.762215730644170364e-01,3.870000000000001772e-01
0.000000000000000000e+00,9.620000000000000773e-01,4.299999999999997574e-02,1.142810056207550815e+02,1.793586886410939453e-06,1.710401433476281818e-01,3.450000000000001954e-01,9.620045790209782455e-01,9.762215730644170364e-01,3.880000000000001781e-01
0.000000000000000000e+00,9.620000000000000773e-01,4.399999999999997663e-02,1.142810056207550815e+02,1.793586886410939453e-06,1.710401433476281818e-01,3.450000000000001954e-01,9.620045790209782455e-01,9.762215730644170364e-01,3.890000000000001790e-01
0.000000000000000000e+00,9.620000000000000773e-01,4.499999999999997058e-02,1.142810056207550815e+02,1.793586886410939453e-06,1.710401433476281818e-01,3.450000000000001954e-01,9.620045790209782455e-01,9.762215730644170364e-01,3.900000000000001799e-01
0.000000000000000000e+00,9.620000000000000773e-01,4.599999999999997147e-02,1.142810056207550815e+02,1.793586886410939453e-06,1.710401433476281818e-01,3.450000000000001954e-01,9.620045790209782455e-01,9.762215730644170364e-01,3.910000000000001807e-01
0.000000000000000000e+00,9.620000000000000773e-01,4.699999999999997236e-02,1.142810056207550815e+02,1.793586886410939453e-06,1.710401433476281818e-01,3.450000000000001954e-01,9.620045790209782455e-01,9.762215730644170364e-01,3.920000000000001816e-01
0.000000000000000000e+00,9.620000000000000773e-01,4.799999999999996630e-02,1.142810056207550815e+02,1.793586886410939453e-06,1.710401433476281818e-01,3.450000000000001954e-01,9.620045790209782455e-01,9.762215730644170364e-01,3.930000000000001825e-01
0.000000000000000000e+00,9.620000000000000773e-01,4.899999999999996719e-02,1.142810056207550815e+02,1.793586886410939453e-06,1.710401433476281818e-01,3.450000000000001954e-01,9.620045790209782455e-01,9.762215730644170364e-01,3.940000000000001834e-01
0.000000000000000000e+00,9.630000000000000782e-01,1.000000000000000021e-02,4.711417533674023872e+01,8.812344926856685911e-08,1.091682788541461634e-04,5.299999999999993605e-02,9.638471581823839784e-01,9.672622229996452603e-01,6.299999999999993106e-02
0.000000000000000000e+00,9.630000000000000782e-01,1.099999999999999936e-02,4.735674444186821574e+01,8.950185014554952417e-08,1.116202546744847127e-04,5.299999999999993605e-02,9.667953405634293063e-01,9.676672136079870201e-01,6.399999999999993194e-02
0.000000000000000000e+00,9.630000000000000782e-01,1.199999999999999852e-02,4.764443173173576440e+01,9.115485717134738882e-08,1.138622868201715513e-04,5.299999999999993605e-02,9.692328211171145069e-01,9.684228145421260869e-01,6.499999999999993283e-02
0.000000000000000000e+00,9.630000000000000782e-01,1.299999999999999767e-02,4.817537169818471909e+01,9.424877228533159062e-08,1.149180320357877594e-04,5.299999999999993605e-02,9.702962729870697745e-01,9.709499074208169933e-01,6.599999999999993372e-02
0.000000000000000000e+00,9.630000000000000782e-01,1.399999999999999682e-02,4.608910789627379501e+01,8.101154690865744491e-08,1.137398802658145348e-04,5.200000000000004619e-02,9.641140846734443937e-01,9.708647721836654032e-01,6.600000000000004474e-02
0.000000000000000000e+00,9.630000000000000782e-01,1.499999999999999598e-02,4.664858888526324421e+01,8.407770655488954911e-08,1.147570796918147512e-04,5.200000000000004619e-02,9.651224503425739343e-01,9.730583565430425130e-01,6.700000000000004563e-02
0.000000000000000000e+00,9.630000000000000782e-01,1.599999999999999339e-02,4.712188822528314347e+01,8.671658593424409306e-08,1.162162104127251124e-04,5.200000000000004619e-02,9.664776712285956251e-01,9.743228596182947898e-01,6.800000000000003264e-02
0.000000000000000000e+00,9.630000000000000782e-01,1.699999999999999428e-02,4.709900360758975069e+01,8.658765988712382531e-08,1.204660492199867509e-04,5.200000000000004619e-02,9.692892624194771045e-01,9.661904610471727661e-01,6.900000000000003353e-02
0.000000000000000000e+00,9.630000000000000782e-01,1.799999999999999517e-02,4.743742093556623729e+01,8.851124766998764288e-08,1.226145194217299948e-04,5.200000000000004619e-02,9.708452961678770698e-01,9.667650426349542192e-01,7.000000000000003442e-02
0.000000000000000000e+00,9.630000000000000782e-01,1.899999999999999259e-02,4.578886493757589449e+01,7.807303568002623535e-08,1.198765299831397604e-04,5.100000000000015632e-02,9.652867472415365135e-01,9.678793215846692721e-01,7.000000000000014544e-02
0.000000000000000000e+00,9.630000000000000782e-01,1.999999999999999001e-02,4.616111937891777472e+01,8.007170689487213349e-08,1.219518692023792466e-04,5.100000000000015632e-02,9.668053669933284189e-01,9.682276646486043248e-01,7.100000000000014633e-02
0.000000000000000000e+00,9.630000000000000782e-01,2.099999999999999090e-02,4.674124620657885032e+01,8.323930160050369207e-08,1.227788425643260440e-04,5.100000000000015632e-02,9.668690393492868074e-01,9.704637719297128928e-01,7.200000000000014722e-02
0.000000000000000000e+00,9.630000000000000782e-01,2.199999999999999178e-02,4.716075758799180306e+01,8.556930162017746993e-08,1.245688864681740980e-04,5.100000000000015632e-02,9.678974152257335817e-01,9.709960441208166371e-01,7.300000000000014810e-02
0.000000000000000000e+00,9.630000000000000782e-01,2.299999999999998920e-02,4.770596700234464294e+01,8.969672277320683587e-08,1.192688163066941395e-04,5.000000000000004441e-02,9.633341167668463267e-01,9.633661186431944357e-01,7.300000000000003708e-02
0.000000000000000000e+00,9.630000000000000782e-01,2.399999999999998662e-02,4.807097073318053049e+01,9.176936500429470183e-08,1.211376505926162683e-04,5.000000000000004441e-02,9.648136114080601011e-01,9.642282767092641427e-01,7.400000000000003797e-02
0.000000000000000000e+00,9.630000000000000782e-01,2.499999999999998751e-02,4.849849378068447692e+01,9.324169906871030889e-08,1.294057523872860444e-04,5.100000000000015632e-02,9.692730288074734579e-01,9.713495942680666628e-01,7.600000000000015077e-02
0.000000000000000000e+00,9.630000000000000782e-01,2.599999999999998840e-02,4.871422500495310715e+01,9.549505978147231730e-08,1.254397297945567121e-04,5.000000000000004441e-02,9.674096296728086353e-01,9.631678956966545080e-01,7.600000000000003975e-02
0.000000000000000000e+00,9.630000000000000782e-01,2.699999999999998929e-02,4.926319340268391755e+01,9.873444013910247420e-08,1.262057419738067243e-04,5.000000000000004441e-02,9.673598510821295182e-01,9.655163921847167430e-01,7.700000000000004063e-02
0.000000000000000000e+00,9.630000000000000782e-01,2.799999999999998324e-02,4.957208820689008633e+01,1.005823469594343167e-07,1.284771480187605480e-04,5.000000000000004441e-02,9.686414238939200505e-01,9.648838893708070463e-01,7.800000000000002764e-02
0.000000000000000000e+00,9.630000000000000782e-01,2.899999999999998412e-02,4.980700928181502718e+01,1.010981308331650772e-07,1.389364799844052347e-04,5.100000000000015632e-02,9.730769977218391986e-01,9.667809414571332249e-01,8.000000000000014044e-02
0.000000000000000000e+00,9.630000000000000782e-01,2.999999999999998501e-02,5.026815662467252821e+01,1.039532322722740018e-07,1.403780277502633808e-04,5.100000000000015632e-02,9.731024767801278452e-01,9.678887728222698161e-01,8.100000000000014133e-02
0.000000000000000000e+00,9.630000000000000782e-01,3.099999999999998590e-02,5.066195110345113051e+01,1.064249858303526718e-07,1.423001626571280989e-04,5.100000000000015632e-02,9.734808485856885074e-01,9.679580802146774410e-01,8.200000000000014222e-02
0.000000000000000000e+00,9.630000000000000782e-01,3.199999999999997985e-02,5.084875600192214762e+01,1.084517955126393429e-07,1.373599568134644072e-04,5.000000000000004441e-02,9.722740997215321146e-01,9.630279441492256565e-01,8.200000000000001732e-02
0.000000000000000000e+00,9.630000000000000782e-01,3.299999999999998074e-02,5.121083719803315404e+01,1.107442522944753086e-07,1.393226570637146272e-04,5.000000000000004441e-02,9.728282029452497426e-01,9.632527339516111509e-01,8.300000000000001821e-02
0.000000000000000000e+00,9.630000000000000782e-01,3.399999999999998163e-02,5.163351131649153558e+01,1.134535264127002789e-07,1.408665393154247736e-04,5.000000000000004441e-02,9.729923496209791356e-01,9.642535297026040286e-01,8.400000000000001910e-02
0.000000000000000000e+00,9.630000000000000782e-01,3.499999999999998251e-02,5.194955425062676824e+01,1.155032920416263481e-07,1.431912053606058043e-04,5.000000000000004441e-02,9.736673980985676158e-01,9.633860738786849121e-01,8.500000000000001998e-02
0.000000000000000000e+00,9.630000000000000782e-01,3.599999999999997646e-02,1.157334119556486911e+02,2.005418448104098551e-06,1.726057289344887780e-01,3.469999999999999751e-01,9.631393859980345029e-01,9.776154457670523934e-01,3.829999999999999516e-01
0.000000000000000000e+00,9.630000000000000782e-01,3.699999999999997735e-02,1.157334119556486911e+02,2.005418448104098551e-06,1.726057289344887780e-01,3.469999999999999751e-01,9.631393859980345029e-01,9.776154457670523934e-01,3.839999999999999525e-01
0.000000000000000000e+00,9.630000000000000782e-01,3.799999999999997824e-02,1.157334119556486911e+02,2.005418448104098551e-06,1.726057289344887780e-01,3.469999999999999751e-01,9.631393859980345029e-01,9.776154457670523934e-01,3.849999999999999534e-01
0.000000000000000000e+00,9.630000000000000782e-01,3.899999999999997913e-02,1.157334119556486911e+02,2.005418448104098551e-06,1.726057289344887780e-01,3.469999999999999751e-01,9.631393859980345029e-01,9.776154457670523934e-01,3.859999999999999543e-01
0.000000000000000000e+00,9.630000000000000782e-01,3.999999999999997308e-02,1.157334119556486911e+02,2.005418448104098551e-06,1.726057289344887780e-01,3.469999999999999751e-01,9.631393859980345029e-01,9.776154457670523934e-01,3.869999999999999551e-01
0.000000000000000000e+00,9.630000000000000782e-01,4.099999999999997397e-02,1.157334119556486911e+02,2.005418448104098551e-06,1.726057289344887780e-01,3.469999999999999751e-01,9.631393859980345029e-01,9.776154457670523934e-01,3.879999999999999560e-01
0.000000000000000000e+00,9.630000000000000782e-01,4.199999999999997485e-02,1.157334119556486911e+02,2.005418448104098551e-06,1.726057289344887780e-01,3.469999999999999751e-01,9.631393859980345029e-01,9.776154457670523934e-01,3.889999999999999569e-01
0.000000000000000000e+00,9.630000000000000782e-01,4.299999999999997574e-02,1.157334119556486911e+02,2.005418448104098551e-06,1.726057289344887780e-01,3.469999999999999751e-01,9.631393859980345029e-01,9.776154457670523934e-01,3.899999999999999578e-01
0.000000000000000000e+00,9.630000000000000782e-01,4.399999999999997663e-02,1.157334119556486911e+02,2.005418448104098551e-06,1.726057289344887780e-01,3.469999999999999751e-01,9.631393859980345029e-01,9.776154457670523934e-01,3.909999999999999587e-01
0.000000000000000000e+00,9.630000000000000782e-01,4.499999999999997058e-02,1.157334119556486911e+02,2.005418448104098551e-06,1.726057289344887780e-01,3.469999999999999751e-01,9.631393859980345029e-01,9.776154457670523934e-01,3.919999999999999596e-01
0.000000000000000000e+00,9.630000000000000782e-01,4.599999999999997147e-02,1.157334119556486911e+02,2.005418448104098551e-06,1.726057289344887780e-01,3.469999999999999751e-01,9.631393859980345029e-01,9.776154457670523934e-01,3.929999999999999605e-01
0.000000000000000000e+00,9.630000000000000782e-01,4.699999999999997236e-02,1.157334119556486911e+02,2.005418448104098551e-06,1.726057289344887780e-01,3.469999999999999751e-01,9.631393859980345029e-01,9.776154457670523934e-01,3.939999999999999614e-01
0.000000000000000000e+00,9.630000000000000782e-01,4.799999999999996630e-02,1.157334119556486911e+02,2.005418448104098551e-06,1.726057289344887780e-01,3.469999999999999751e-01,9.631393859980345029e-01,9.776154457670523934e-01,3.949999999999999623e-01
0.000000000000000000e+00,9.630000000000000782e-01,4.899999999999996719e-02,1.157334119556486911e+02,2.005418448104098551e-06,1.726057289344887780e-01,3.469999999999999751e-01,9.631393859980345029e-01,9.776154457670523934e-01,3.959999999999999631e-01
0.000000000000000000e+00,9.640000000000000790e-01,1.000000000000000021e-02,4.330204621392378783e+01,6.658913514818514668e-08,1.120045810537733001e-04,5.200000000000004619e-02,9.642255636613535907e-01,9.670011844348944674e-01,6.200000000000004813e-02
0.000000000000000000e+00,9.640000000000000790e-01,1.099999999999999936e-02,4.735674444186821574e+01,8.950185014554952417e-08,1.116202546744847127e-04,5.299999999999993605e-02,9.667953405634293063e-01,9.676672136079870201e-01,6.399999999999993194e-02
0.000000000000000000e+00,9.640000000000000790e-01,1.199999999999999852e-02,4.764443173173576440e+01,9.115485717134738882e-08,1.138622868201715513e-04,5.299999999999993605e-02,9.692328211171145069e-01,9.684228145421260869e-01,6.499999999999993283e-02
0.000000000000000000e+00,9.640000000000000790e-01,1.299999999999999767e-02,4.817537169818471909e+01,9.424877228533159062e-08,1.149180320357877594e-04,5.299999999999993605e-02,9.702962729870697745e-01,9.709499074208169933e-01,6.599999999999993372e-02
0.000000000000000000e+00,9.640000000000000790e-01,1.399999999999999682e-02,4.608910789627379501e+01,8.101154690865744491e-08,1.137398802658145348e-04,5.200000000000004619e-02,9.641140846734443937e-01,9.708647721836654032e-01,6.600000000000004474e-02
0.000000000000000000e+00,9.640000000000000790e-01,1.499999999999999598e-02,4.664858888526324421e+01,8.407770655488954911e-08,1.147570796918147512e-04,5.200000000000004619e-02,9.651224503425739343e-01,9.730583565430425130e-01,6.700000000000004563e-02
0.000000000000000000e+00,9.640000000000000790e-01,1.599999999999999339e-02,4.712188822528314347e+01,8.671658593424409306e-08,1.162162104127251124e-04,5.200000000000004619e-02,9.664776712285956251e-01,9.743228596182947898e-01,6.800000000000003264e-02
0.000000000000000000e+00,9.640000000000000790e-01,1.699999999999999428e-02,4.709900360758975069e+01,8.658765988712382531e-08,1.204660492199867509e-04,5.200000000000004619e-02,9.692892624194771045e-01,9.661904610471727661e-01,6.900000000000003353e-02
0.000000000000000000e+00,9.640000000000000790e-01,1.799999999999999517e-02,4.743742093556623729e+01,8.851124766998764288e-08,1.226145194217299948e-04,5.200000000000004619e-02,9.708452961678770698e-01,9.667650426349542192e-01,7.000000000000003442e-02
0.000000000000000000e+00,9.640000000000000790e-01,1.899999999999999259e-02,4.578886493757589449e+01,7.807303568002623535e-08,1.198765299831397604e-04,5.100000000000015632e-02,9.652867472415365135e-01,9.678793215846692721e-01,7.000000000000014544e-02
0.000000000000000000e+00,9.640000000000000790e-01,1.999999999999999001e-02,4.616111937891777472e+01,8.007170689487213349e-08,1.219518692023792466e-04,5.100000000000015632e-02,9.668053669933284189e-01,9.682276646486043248e-01,7.100000000000014633e-02
0.000000000000000000e+00,9.640000000000000790e-01,2.099999999999999090e-02,4.674124620657885032e+01,8.323930160050369207e-08,1.227788425643260440e-04,5.100000000000015632e-02,9.668690393492868074e-01,9.704637719297128928e-01,7.200000000000014722e-02
0.000000000000000000e+00,9.640000000000000790e-01,2.199999999999999178e-02,4.716075758799180306e+01,8.556930162017746993e-08,1.245688864681740980e-04,5.100000000000015632e-02,9.678974152257335817e-01,9.709960441208166371e-01,7.300000000000014810e-02
0.000000000000000000e+00,9.640000000000000790e-01,2.299999999999998920e-02,4.736410996302650034e+01,8.671289373763633853e-08,1.277425100573509808e-04,5.100000000000015632e-02,9.697682080403869920e-01,9.673825801145276015e-01,7.400000000000014899e-02
0.000000000000000000e+00,9.640000000000000790e-01,2.399999999999998662e-02,4.807097073318053049e+01,9.176936500429470183e-08,1.211376505926162683e-04,5.000000000000004441e-02,9.648136114080601011e-01,9.642282767092641427e-01,7.400000000000003797e-02
0.000000000000000000e+00,9.640000000000000790e-01,2.499999999999998751e-02,4.849849378068447692e+01,9.324169906871030889e-08,1.294057523872860444e-04,5.100000000000015632e-02,9.692730288074734579e-01,9.713495942680666628e-01,7.600000000000015077e-02
0.000000000000000000e+00,9.640000000000000790e-01,2.599999999999998840e-02,4.884853238282420307e+01,9.530498529968135914e-08,1.316382532611336926e-04,5.100000000000015632e-02,9.702980792795941056e-01,9.704949034610341752e-01,7.700000000000015166e-02
0.000000000000000000e+00,9.640000000000000790e-01,2.699999999999998929e-02,4.926319340268391755e+01,9.873444013910247420e-08,1.262057419738067243e-04,5.000000000000004441e-02,9.673598510821295182e-01,9.655163921847167430e-01,7.700000000000004063e-02
0.000000000000000000e+00,9.640000000000000790e-01,2.799999999999998324e-02,4.957208820689008633e+01,1.005823469594343167e-07,1.284771480187605480e-04,5.000000000000004441e-02,9.686414238939200505e-01,9.648838893708070463e-01,7.800000000000002764e-02
0.000000000000000000e+00,9.640000000000000790e-01,2.899999999999998412e-02,4.980700928181502718e+01,1.010981308331650772e-07,1.389364799844052347e-04,5.100000000000015632e-02,9.730769977218391986e-01,9.667809414571332249e-01,8.000000000000014044e-02
0.000000000000000000e+00,9.640000000000000790e-01,2.999999999999998501e-02,5.026815662467252821e+01,1.039532322722740018e-07,1.403780277502633808e-04,5.100000000000015632e-02,9.731024767801278452e-01,9.678887728222698161e-01,8.100000000000014133e-02
0.000000000000000000e+00,9.640000000000000790e-01,3.099999999999998590e-02,5.066195110345113051e+01,1.064249858303526718e-07,1.423001626571280989e-04,5.100000000000015632e-02,9.734808485856885074e-01,9.679580802146774410e-01,8.200000000000014222e-02
0.000000000000000000e+00,9.640000000000000790e-01,3.199999999999997985e-02,5.111597972485652264e+01,1.093134279854481179e-07,1.437888132715451869e-04,5.100000000000015632e-02,9.734580145012140528e-01,9.688017595423755735e-01,8.300000000000012923e-02
0.000000000000000000e+00,9.640000000000000790e-01,3.299999999999998074e-02,5.145960667955591816e+01,1.115276636275622898e-07,1.460925794754093716e-04,5.100000000000015632e-02,9.740100161469713580e-01,9.677996693966697261e-01,8.400000000000013012e-02
0.000000000000000000e+00,9.640000000000000790e-01,3.399999999999998163e-02,5.163351131649153558e+01,1.134535264127002789e-07,1.408665393154247736e-04,5.000000000000004441e-02,9.729923496209791356e-01,9.642535297026040286e-01,8.400000000000001910e-02
0.000000000000000000e+00,9.640000000000000790e-01,3.499999999999998251e-02,1.172060274728938936e+02,2.239792104668563823e-06,1.741604377424010308e-01,3.490000000000001990e-01,9.642913886329779194e-01,9.789420018789064537e-01,3.840000000000001745e-01
0.000000000000000000e+00,9.640000000000000790e-01,3.599999999999997646e-02,1.172060274728938936e+02,2.239792104668563823e-06,1.741604377424010308e-01,3.490000000000001990e-01,9.642913886329779194e-01,9.789420018789064537e-01,3.850000000000001754e-01
0.000000000000000000e+00,9.640000000000000790e-01,3.699999999999997735e-02,1.172060274728938936e+02,2.239792104668563823e-06,1.741604377424010308e-01,3.490000000000001990e-01,9.642913886329779194e-01,9.789420018789064537e-01,3.860000000000001763e-01
0.000000000000000000e+00,9.640000000000000790e-01,3.799999999999997824e-02,1.172060274728938936e+02,2.239792104668563823e-06,1.741604377424010308e-01,3.490000000000001990e-01,9.642913886329779194e-01,9.789420018789064537e-01,3.870000000000001772e-01
0.000000000000000000e+00,9.640000000000000790e-01,3.899999999999997913e-02,1.172060274728938936e+02,2.239792104668563823e-06,1.741604377424010308e-01,3.490000000000001990e-01,9.642913886329779194e-01,9.789420018789064537e-01,3.880000000000001781e-01
0.000000000000000000e+00,9.640000000000000790e-01,3.999999999999997308e-02,1.172060274728938936e+02,2.239792104668563823e-06,1.741604377424010308e-01,3.490000000000001990e-01,9.642913886329779194e-01,9.789420018789064537e-01,3.890000000000001790e-01
0.000000000000000000e+00,9.640000000000000790e-01,4.099999999999997397e-02,1.172060274728938936e+02,2.239792104668563823e-06,1.741604377424010308e-01,3.490000000000001990e-01,9.642913886329779194e-01,9.789420018789064537e-01,3.900000000000001799e-01
0.000000000000000000e+00,9.640000000000000790e-01,4.199999999999997485e-02,1.172060274728938936e+02,2.239792104668563823e-06,1.741604377424010308e-01,3.490000000000001990e-01,9.642913886329779194e-01,9.789420018789064537e-01,3.910000000000001807e-01
0.000000000000000000e+00,9.640000000000000790e-01,4.299999999999997574e-02,1.172060274728938936e+02,2.239792104668563823e-06,1.741604377424010308e-01,3.490000000000001990e-01,9.642913886329779194e-01,9.789420018789064537e-01,3.920000000000001816e-01
0.000000000000000000e+00,9.640000000000000790e-01,4.399999999999997663e-02,1.172060274728938936e+02,2.239792104668563823e-06,1.741604377424010308e-01,3.490000000000001990e-01,9.642913886329779194e-01,9.789420018789064537e-01,3.930000000000001825e-01
0.000000000000000000e+00,9.640000000000000790e-01,4.499999999999997058e-02,1.172060274728938936e+02,2.239792104668563823e-06,1.741604377424010308e-01,3.490000000000001990e-01,9.642913886329779194e-01,9.789420018789064537e-01,3.940000000000001834e-01
0.000000000000000000e+00,9.640000000000000790e-01,4.599999999999997147e-02,1.172060274728938936e+02,2.239792104668563823e-06,1.741604377424010308e-01,3.490000000000001990e-01,9.642913886329779194e-01,9.789420018789064537e-01,3.950000000000001843e-01
0.000000000000000000e+00,9.640000000000000790e-01,4.699999999999997236e-02,1.172060274728938936e+02,2.239792104668563823e-06,1.741604377424010308e-01,3.490000000000001990e-01,9.642913886329779194e-01,9.789420018789064537e-01,3.960000000000001852e-01
0.000000000000000000e+00,9.640000000000000790e-01,4.799999999999996630e-02,1.172060274728938936e+02,2.239792104668563823e-06,1.741604377424010308e-01,3.490000000000001990e-01,9.642913886329779194e-01,9.789420018789064537e-01,3.970000000000001861e-01
0.000000000000000000e+00,9.640000000000000790e-01,4.899999999999996719e-02,1.172060274728938936e+02,2.239792104668563823e-06,1.741604377424010308e-01,3.490000000000001990e-01,9.642913886329779194e-01,9.789420018789064537e-01,3.980000000000001870e-01
0.000000000000000000e+00,9.650000000000000799e-01,1.000000000000000021e-02,4.769916247327024195e+01,9.152291365707843081e-08,1.159313423484674578e-04,5.400000000000004796e-02,9.659855907002837805e-01,9.692604585864835753e-01,6.400000000000004297e-02
0.000000000000000000e+00,9.650000000000000799e-01,1.099999999999999936e-02,4.735674444186821574e+01,8.950185014554952417e-08,1.116202546744847127e-04,5.299999999999993605e-02,9.667953405634293063e-01,9.676672136079870201e-01,6.399999999999993194e-02
0.000000000000000000e+00,9.650000000000000799e-01,1.199999999999999852e-02,4.764443173173576440e+01,9.115485717134738882e-08,1.138622868201715513e-04,5.299999999999993605e-02,9.692328211171145069e-01,9.684228145421260869e-01,6.499999999999993283e-02
0.000000000000000000e+00,9.650000000000000799e-01,1.299999999999999767e-02,4.817537169818471909e+01,9.424877228533159062e-08,1.149180320357877594e-04,5.299999999999993605e-02,9.702962729870697745e-01,9.709499074208169933e-01,6.599999999999993372e-02
0.000000000000000000e+00,9.650000000000000799e-01,1.399999999999999682e-02,4.861169103119870272e+01,9.683075071571798038e-08,1.164419077248980195e-04,5.299999999999993605e-02,9.716693209967975919e-01,9.724819602326806312e-01,6.699999999999993461e-02
0.000000000000000000e+00,9.650000000000000799e-01,1.499999999999999598e-02,4.664858888526324421e+01,8.407770655488954911e-08,1.147570796918147512e-04,5.200000000000004619e-02,9.651224503425739343e-01,9.730583565430425130e-01,6.700000000000004563e-02
0.000000000000000000e+00,9.650000000000000799e-01,1.599999999999999339e-02,4.712188822528314347e+01,8.671658593424409306e-08,1.162162104127251124e-04,5.200000000000004619e-02,9.664776712285956251e-01,9.743228596182947898e-01,6.800000000000003264e-02
0.000000000000000000e+00,9.650000000000000799e-01,1.699999999999999428e-02,4.709900360758975069e+01,8.658765988712382531e-08,1.204660492199867509e-04,5.200000000000004619e-02,9.692892624194771045e-01,9.661904610471727661e-01,6.900000000000003353e-02
0.000000000000000000e+00,9.650000000000000799e-01,1.799999999999999517e-02,4.743742093556623729e+01,8.851124766998764288e-08,1.226145194217299948e-04,5.200000000000004619e-02,9.708452961678770698e-01,9.667650426349542192e-01,7.000000000000003442e-02
0.000000000000000000e+00,9.650000000000000799e-01,1.899999999999999259e-02,4.578886493757589449e+01,7.807303568002623535e-08,1.198765299831397604e-04,5.100000000000015632e-02,9.652867472415365135e-01,9.678793215846692721e-01,7.000000000000014544e-02
0.000000000000000000e+00,9.650000000000000799e-01,1.999999999999999001e-02,4.616111937891777472e+01,8.007170689487213349e-08,1.219518692023792466e-04,5.100000000000015632e-02,9.668053669933284189e-01,9.682276646486043248e-01,7.100000000000014633e-02
0.000000000000000000e+00,9.650000000000000799e-01,2.099999999999999090e-02,4.674124620657885032e+01,8.323930160050369207e-08,1.227788425643260440e-04,5.100000000000015632e-02,9.668690393492868074e-01,9.704637719297128928e-01,7.200000000000014722e-02
0.000000000000000000e+00,9.650000000000000799e-01,2.199999999999999178e-02,4.716075758799180306e+01,8.556930162017746993e-08,1.245688864681740980e-04,5.100000000000015632e-02,9.678974152257335817e-01,9.709960441208166371e-01,7.300000000000014810e-02
0.000000000000000000e+00,9.650000000000000799e-01,2.299999999999998920e-02,4.736410996302650034e+01,8.671289373763633853e-08,1.277425100573509808e-04,5.100000000000015632e-02,9.697682080403869920e-01,9.673825801145276015e-01,7.400000000000014899e-02
0.000000000000000000e+00,9.650000000000000799e-01,2.399999999999998662e-02,4.790167698580383870e+01,8.977773736452671409e-08,1.287557198893548975e-04,5.100000000000015632e-02,9.697586221276192076e-01,9.693230091839216689e-01,7.500000000000014988e-02
0.000000000000000000e+00,9.650000000000000799e-01,2.499999999999998751e-02,4.849849378068447692e+01,9.324169906871030889e-08,1.294057523872860444e-04,5.100000000000015632e-02,9.692730288074734579e-01,9.713495942680666628e-01,7.600000000000015077e-02
0.000000000000000000e+00,9.650000000000000799e-01,2.599999999999998840e-02,4.884853238282420307e+01,9.530498529968135914e-08,1.316382532611336926e-04,5.100000000000015632e-02,9.702980792795941056e-01,9.704949034610341752e-01,7.700000000000015166e-02
0.000000000000000000e+00,9.650000000000000799e-01,2.699999999999998929e-02,4.926319340268391755e+01,9.873444013910247420e-08,1.262057419738067243e-04,5.000000000000004441e-02,9.673598510821295182e-01,9.655163921847167430e-01,7.700000000000004063e-02
0.000000000000000000e+00,9.650000000000000799e-01,2.799999999999998324e-02,4.940954363858951837e+01,9.867137198819477944e-08,1.370501703915375739e-04,5.100000000000015632e-02,9.726195403527085892e-01,9.664019974664951329e-01,7.900000000000013956e-02
0.000000000000000000e+00,9.650000000000000799e-01,2.899999999999998412e-02,4.980700928181502718e+01,1.010981308331650772e-07,1.389364799844052347e-04,5.100000000000015632e-02,9.730769977218391986e-01,9.667809414571332249e-01,8.000000000000014044e-02
0.000000000000000000e+00,9.650000000000000799e-01,2.999999999999998501e-02,5.026815662467252821e+01,1.039532322722740018e-07,1.403780277502633808e-04,5.100000000000015632e-02,9.731024767801278452e-01,9.678887728222698161e-01,8.100000000000014133e-02
0.000000000000000000e+00,9.650000000000000799e-01,3.099999999999998590e-02,5.066195110345113051e+01,1.064249858303526718e-07,1.423001626571280989e-04,5.100000000000015632e-02,9.734808485856885074e-01,9.679580802146774410e-01,8.200000000000014222e-02
0.000000000000000000e+00,9.650000000000000799e-01,3.199999999999997985e-02,5.111597972485652264e+01,1.093134279854481179e-07,1.437888132715451869e-04,5.100000000000015632e-02,9.734580145012140528e-01,9.688017595423755735e-01,8.300000000000012923e-02
0.000000000000000000e+00,9.650000000000000799e-01,3.299999999999998074e-02,5.145960667955591816e+01,1.115276636275622898e-07,1.460925794754093716e-04,5.100000000000015632e-02,9.740100161469713580e-01,9.677996693966697261e-01,8.400000000000013012e-02
0.000000000000000000e+00,9.650000000000000799e-01,3.399999999999998163e-02,1.186932945781692865e+02,2.497758144102446343e-06,1.757044709571221608e-01,3.509999999999999787e-01,9.654367100219956033e-01,9.802055267357647761e-01,3.849999999999999534e-01
0.000000000000000000e+00,9.650000000000000799e-01,3.499999999999998251e-02,1.186932945781692865e+02,2.497758144102446343e-06,1.757044709571221608e-01,3.509999999999999787e-01,9.654367100219956033e-01,9.802055267357647761e-01,3.859999999999999543e-01
0.000000000000000000e+00,9.650000000000000799e-01,3.599999999999997646e-02,1.186932945781692865e+02,2.497758144102446343e-06,1.757044709571221608e-01,3.509999999999999787e-01,9.654367100219956033e-01,9.802055267357647761e-01,3.869999999999999551e-01
0.000000000000000000e+00,9.650000000000000799e-01,3.699999999999997735e-02,1.186932945781692865e+02,2.497758144102446343e-06,1.757044709571221608e-01,3.509999999999999787e-01,9.654367100219956033e-01,9.802055267357647761e-01,3.879999999999999560e-01
0.000000000000000000e+00,9.650000000000000799e-01,3.799999999999997824e-02,1.186932945781692865e+02,2.497758144102446343e-06,1.757044709571221608e-01,3.509999999999999787e-01,9.654367100219956033e-01,9.802055267357647761e-01,3.889999999999999569e-01
0.000000000000000000e+00,9.650000000000000799e-01,3.899999999999997913e-02,1.186932945781692865e+02,2.497758144102446343e-06,1.757044709571221608e-01,3.509999999999999787e-01,9.654367100219956033e-01,9.802055267357647761e-01,3.899999999999999578e-01
0.000000000000000000e+00,9.650000000000000799e-01,3.999999999999997308e-02,1.186932945781692865e+02,2.497758144102446343e-06,1.757044709571221608e-01,3.509999999999999787e-01,9.654367100219956033e-01,9.802055267357647761e-01,3.909999999999999587e-01
0.000000000000000000e+00,9.650000000000000799e-01,4.099999999999997397e-02,1.186932945781692865e+02,2.497758144102446343e-06,1.757044709571221608e-01,3.509999999999999787e-01,9.654367100219956033e-01,9.802055267357647761e-01,3.919999999999999596e-01
0.000000000000000000e+00,9.650000000000000799e-01,4.199999999999997485e-02,1.186932945781692865e+02,2.497758144102446343e-06,1.757044709571221608e-01,3.509999999999999787e-01,9.654367100219956033e-01,9.802055267357647761e-01,3.929999999999999605e-01
0.000000000000000000e+00,9.650000000000000799e-01,4.299999999999997574e-02,1.186932945781692865e+02,2.497758144102446343e-06,1.757044709571221608e-01,3.509999999999999787e-01,9.654367100219956033e-01,9.802055267357647761e-01,3.939999999999999614e-01
0.000000000000000000e+00,9.650000000000000799e-01,4.399999999999997663e-02,1.186932945781692865e+02,2.497758144102446343e-06,1.757044709571221608e-01,3.509999999999999787e-01,9.654367100219956033e-01,9.802055267357647761e-01,3.949999999999999623e-01
0.000000000000000000e+00,9.650000000000000799e-01,4.499999999999997058e-02,1.186932945781692865e+02,2.497758144102446343e-06,1.757044709571221608e-01,3.509999999999999787e-01,9.654367100219956033e-01,9.802055267357647761e-01,3.959999999999999631e-01
0.000000000000000000e+00,9.650000000000000799e-01,4.599999999999997147e-02,1.186932945781692865e+02,2.497758144102446343e-06,1.757044709571221608e-01,3.509999999999999787e-01,9.654367100219956033e-01,9.802055267357647761e-01,3.969999999999999640e-01
0.000000000000000000e+00,9.650000000000000799e-01,4.699999999999997236e-02,1.186932945781692865e+02,2.497758144102446343e-06,1.757044709571221608e-01,3.509999999999999787e-01,9.654367100219956033e-01,9.802055267357647761e-01,3.979999999999999649e-01
0.000000000000000000e+00,9.650000000000000799e-01,4.799999999999996630e-02,1.186932945781692865e+02,2.497758144102446343e-06,1.757044709571221608e-01,3.509999999999999787e-01,9.654367100219956033e-01,9.802055267357647761e-01,3.989999999999999658e-01
0.000000000000000000e+00,9.650000000000000799e-01,4.899999999999996719e-02,1.186932945781692865e+02,2.497758144102446343e-06,1.757044709571221608e-01,3.509999999999999787e-01,9.654367100219956033e-01,9.802055267357647761e-01,3.999999999999999667e-01
0.000000000000000000e+00,9.660000000000000808e-01,1.000000000000000021e-02,4.920159635487011940e+01,1.010022388220020879e-07,1.198558131224121182e-04,5.500000000000015987e-02,9.660306444371508094e-01,9.732422783492632457e-01,6.500000000000015488e-02
0.000000000000000000e+00,9.660000000000000808e-01,1.099999999999999936e-02,4.735674444186821574e+01,8.950185014554952417e-08,1.116202546744847127e-04,5.299999999999993605e-02,9.667953405634293063e-01,9.676672136079870201e-01,6.399999999999993194e-02
0.000000000000000000e+00,9.660000000000000808e-01,1.199999999999999852e-02,4.764443173173576440e+01,9.115485717134738882e-08,1.138622868201715513e-04,5.299999999999993605e-02,9.692328211171145069e-01,9.684228145421260869e-01,6.499999999999993283e-02
0.000000000000000000e+00,9.660000000000000808e-01,1.299999999999999767e-02,4.817537169818471909e+01,9.424877228533159062e-08,1.149180320357877594e-04,5.299999999999993605e-02,9.702962729870697745e-01,9.709499074208169933e-01,6.599999999999993372e-02
0.000000000000000000e+00,9.660000000000000808e-01,1.399999999999999682e-02,4.861169103119870272e+01,9.683075071571798038e-08,1.164419077248980195e-04,5.299999999999993605e-02,9.716693209967975919e-01,9.724819602326806312e-01,6.699999999999993461e-02
0.000000000000000000e+00,9.660000000000000808e-01,1.499999999999999598e-02,4.948717402610647298e+01,1.023257196748697013e-07,1.260353397560854435e-04,5.400000000000004796e-02,9.735736696461571027e-01,9.688183687887091944e-01,6.900000000000004741e-02
0.000000000000000000e+00,9.660000000000000808e-01,1.599999999999999339e-02,4.712188822528314347e+01,8.671658593424409306e-08,1.162162104127251124e-04,5.200000000000004619e-02,9.664776712285956251e-01,9.743228596182947898e-01,6.800000000000003264e-02
0.000000000000000000e+00,9.660000000000000808e-01,1.699999999999999428e-02,4.709900360758975069e+01,8.658765988712382531e-08,1.204660492199867509e-04,5.200000000000004619e-02,9.692892624194771045e-01,9.661904610471727661e-01,6.900000000000003353e-02
0.000000000000000000e+00,9.660000000000000808e-01,1.799999999999999517e-02,4.743742093556623729e+01,8.851124766998764288e-08,1.226145194217299948e-04,5.200000000000004619e-02,9.708452961678770698e-01,9.667650426349542192e-01,7.000000000000003442e-02
0.000000000000000000e+00,9.660000000000000808e-01,1.899999999999999259e-02,4.801004438312831013e+01,9.181683552775008948e-08,1.234335566458149680e-04,5.200000000000004619e-02,9.709520434452454385e-01,9.692242527659609141e-01,7.100000000000003531e-02
0.000000000000000000e+00,9.660000000000000808e-01,1.999999999999999001e-02,4.616111937891777472e+01,8.007170689487213349e-08,1.219518692023792466e-04,5.100000000000015632e-02,9.668053669933284189e-01,9.682276646486043248e-01,7.100000000000014633e-02
0.000000000000000000e+00,9.660000000000000808e-01,2.099999999999999090e-02,4.674124620657885032e+01,8.323930160050369207e-08,1.227788425643260440e-04,5.100000000000015632e-02,9.668690393492868074e-01,9.704637719297128928e-01,7.200000000000014722e-02
0.000000000000000000e+00,9.660000000000000808e-01,2.199999999999999178e-02,4.716075758799180306e+01,8.556930162017746993e-08,1.245688864681740980e-04,5.100000000000015632e-02,9.678974152257335817e-01,9.709960441208166371e-01,7.300000000000014810e-02
0.000000000000000000e+00,9.660000000000000808e-01,2.299999999999998920e-02,4.736410996302650034e+01,8.671289373763633853e-08,1.277425100573509808e-04,5.100000000000015632e-02,9.697682080403869920e-01,9.673825801145276015e-01,7.400000000000014899e-02
0.000000000000000000e+00,9.660000000000000808e-01,2.399999999999998662e-02,4.790167698580383870e+01,8.977773736452671409e-08,1.287557198893548975e-04,5.100000000000015632e-02,9.697586221276192076e-01,9.693230091839216689e-01,7.500000000000014988e-02
0.000000000000000000e+00,9.660000000000000808e-01,2.499999999999998751e-02,4.849849378068447692e+01,9.324169906871030889e-08,1.294057523872860444e-04,5.100000000000015632e-02,9.692730288074734579e-01,9.713495942680666628e-01,7.600000000000015077e-02
0.000000000000000000e+00,9.660000000000000808e-01,2.599999999999998840e-02,4.884853238282420307e+01,9.530498529968135914e-08,1.316382532611336926e-04,5.100000000000015632e-02,9.702980792795941056e-01,9.704949034610341752e-01,7.700000000000015166e-02
0.000000000000000000e+00,9.660000000000000808e-01,2.699999999999998929e-02,4.908587006583980639e+01,9.672004523263901474e-08,1.346460785460071937e-04,5.100000000000015632e-02,9.716997517389897032e-01,9.673239207077767299e-01,7.800000000000015254e-02
0.000000000000000000e+00,9.660000000000000808e-01,2.799999999999998324e-02,4.940954363858951837e+01,9.867137198819477944e-08,1.370501703915375739e-04,5.100000000000015632e-02,9.726195403527085892e-01,9.664019974664951329e-01,7.900000000000013956e-02
0.000000000000000000e+00,9.660000000000000808e-01,2.899999999999998412e-02,4.980700928181502718e+01,1.010981308331650772e-07,1.389364799844052347e-04,5.100000000000015632e-02,9.730769977218391986e-01,9.667809414571332249e-01,8.000000000000014044e-02
0.000000000000000000e+00,9.660000000000000808e-01,2.999999999999998501e-02,5.026815662467252821e+01,1.039532322722740018e-07,1.403780277502633808e-04,5.100000000000015632e-02,9.731024767801278452e-01,9.678887728222698161e-01,8.100000000000014133e-02
0.000000000000000000e+00,9.660000000000000808e-01,3.099999999999998590e-02,5.066195110345113051e+01,1.064249858303526718e-07,1.423001626571280989e-04,5.100000000000015632e-02,9.734808485856885074e-01,9.679580802146774410e-01,8.200000000000014222e-02
0.000000000000000000e+00,9.660000000000000808e-01,3.199999999999997985e-02,5.111597972485652264e+01,1.093134279854481179e-07,1.437888132715451869e-04,5.100000000000015632e-02,9.734580145012140528e-01,9.688017595423755735e-01,8.300000000000012923e-02
0.000000000000000000e+00,9.660000000000000808e-01,3.299999999999998074e-02,5.145960667955591816e+01,1.115276636275622898e-07,1.460925794754093716e-04,5.100000000000015632e-02,9.740100161469713580e-01,9.677996693966697261e-01,8.400000000000013012e-02
0.000000000000000000e+00,9.660000000000000808e-01,3.399999999999998163e-02,1.194431720450898951e+02,2.636330545345352076e-06,1.764720029827870906e-01,3.520000000000000906e-01,9.660102560398750038e-01,9.808135758757233758e-01,3.860000000000000653e-01
0.000000000000000000e+00,9.660000000000000808e-01,3.499999999999998251e-02,1.194431720450898951e+02,2.636330545345352076e-06,1.764720029827870906e-01,3.520000000000000906e-01,9.660102560398750038e-01,9.808135758757233758e-01,3.870000000000000662e-01
0.000000000000000000e+00,9.660000000000000808e-01,3.599999999999997646e-02,1.194431720450898951e+02,2.636330545345352076e-06,1.764720029827870906e-01,3.520000000000000906e-01,9.660102560398750038e-01,9.808135758757233758e-01,3.880000000000000671e-01
0.000000000000000000e+00,9.660000000000000808e-01,3.699999999999997735e-02,1.194431720450898951e+02,2.636330545345352076e-06,1.764720029827870906e-01,3.520000000000000906e-01,9.660102560398750038e-01,9.808135758757233758e-01,3.890000000000000679e-01
0.000000000000000000e+00,9.660000000000000808e-01,3.799999999999997824e-02,1.194431720450898951e+02,2.636330545345352076e-06,1.764720029827870906e-01,3.520000000000000906e-01,9.660102560398750038e-01,9.808135758757233758e-01,3.900000000000000688e-01
0.000000000000000000e+00,9.660000000000000808e-01,3.899999999999997913e-02,1.194431720450898951e+02,2.636330545345352076e-06,1.764720029827870906e-01,3.520000000000000906e-01,9.660102560398750038e-01,9.808135758757233758e-01,3.910000000000000697e-01
0.000000000000000000e+00,9.660000000000000808e-01,3.999999999999997308e-02,1.194431720450898951e+02,2.636330545345352076e-06,1.764720029827870906e-01,3.520000000000000906e-01,9.660102560398750038e-01,9.808135758757233758e-01,3.920000000000000706e-01
0.000000000000000000e+00,9.660000000000000808e-01,4.099999999999997397e-02,1.194431720450898951e+02,2.636330545345352076e-06,1.764720029827870906e-01,3.520000000000000906e-01,9.660102560398750038e-01,9.808135758757233758e-01,3.930000000000000715e-01
0.000000000000000000e+00,9.660000000000000808e-01,4.199999999999997485e-02,1.194431720450898951e+02,2.636330545345352076e-06,1.764720029827870906e-01,3.520000000000000906e-01,9.660102560398750038e-01,9.808135758757233758e-01,3.940000000000000724e-01
0.000000000000000000e+00,9.660000000000000808e-01,4.299999999999997574e-02,1.194431720450898951e+02,2.636330545345352076e-06,1.764720029827870906e-01,3.520000000000000906e-01,9.660102560398750038e-01,9.808135758757233758e-01,3.950000000000000733e-01
0.000000000000000000e+00,9.660000000000000808e-01,4.399999999999997663e-02,1.194431720450898951e+02,2.636330545345352076e-06,1.764720029827870906e-01,3.520000000000000906e-01,9.660102560398750038e-01,9.808135758757233758e-01,3.960000000000000742e-01
0.000000000000000000e+00,9.660000000000000808e-01,4.499999999999997058e-02,1.194431720450898951e+02,2.636330545345352076e-06,1.764720029827870906e-01,3.520000000000000906e-01,9.660102560398750038e-01,9.808135758757233758e-01,3.970000000000000751e-01
0.000000000000000000e+00,9.660000000000000808e-01,4.599999999999997147e-02,1.194431720450898951e+02,2.636330545345352076e-06,1.764720029827870906e-01,3.520000000000000906e-01,9.660102560398750038e-01,9.808135758757233758e-01,3.980000000000000759e-01
0.000000000000000000e+00,9.660000000000000808e-01,4.699999999999997236e-02,1.194431720450898951e+02,2.636330545345352076e-06,1.764720029827870906e-01,3.520000000000000906e-01,9.660102560398750038e-01,9.808135758757233758e-01,3.990000000000000768e-01
0.000000000000000000e+00,9.660000000000000808e-01,4.799999999999996630e-02,1.194431720450898951e+02,2.636330545345352076e-06,1.764720029827870906e-01,3.520000000000000906e-01,9.660102560398750038e-01,9.808135758757233758e-01,4.000000000000000777e-01
0.000000000000000000e+00,9.660000000000000808e-01,4.899999999999996719e-02,1.194431720450898951e+02,2.636330545345352076e-06,1.764720029827870906e-01,3.520000000000000906e-01,9.660102560398750038e-01,9.808135758757233758e-01,4.010000000000000786e-01
0.000000000000000000e+00,9.670000000000000817e-01,1.000000000000000021e-02,5.009094801020350474e+01,1.063609561138882991e-07,1.346320906680887946e-04,5.699999999999993960e-02,9.707414301453001215e-01,9.744000324855067730e-01,6.699999999999993461e-02
0.000000000000000000e+00,9.670000000000000817e-01,1.099999999999999936e-02,4.826348996470338193e+01,9.485384186310755719e-08,1.169173437847447909e-04,5.400000000000004796e-02,9.672415442431993027e-01,9.718947372070988466e-01,6.500000000000004385e-02
0.000000000000000000e+00,9.670000000000000817e-01,1.199999999999999852e-02,4.764443173173576440e+01,9.115485717134738882e-08,1.138622868201715513e-04,5.299999999999993605e-02,9.692328211171145069e-01,9.684228145421260869e-01,6.499999999999993283e-02
0.000000000000000000e+00,9.670000000000000817e-01,1.299999999999999767e-02,4.817537169818471909e+01,9.424877228533159062e-08,1.149180320357877594e-04,5.299999999999993605e-02,9.702962729870697745e-01,9.709499074208169933e-01,6.599999999999993372e-02
0.000000000000000000e+00,9.670000000000000817e-01,1.399999999999999682e-02,4.861169103119870272e+01,9.683075071571798038e-08,1.164419077248980195e-04,5.299999999999993605e-02,9.716693209967975919e-01,9.724819602326806312e-01,6.699999999999993461e-02
0.000000000000000000e+00,9.670000000000000817e-01,1.499999999999999598e-02,4.948717402610647298e+01,1.023257196748697013e-07,1.260353397560854435e-04,5.400000000000004796e-02,9.735736696461571027e-01,9.688183687887091944e-01,6.900000000000004741e-02
0.000000000000000000e+00,9.670000000000000817e-01,1.599999999999999339e-02,4.986550973637022821e+01,1.047008668972758936e-07,1.279213318605598357e-04,5.400000000000004796e-02,9.747477023900920079e-01,9.698402131258458958e-01,7.000000000000003442e-02
0.000000000000000000e+00,9.670000000000000817e-01,1.699999999999999428e-02,4.934714253726129130e+01,1.013040559669627469e-07,1.239858364127894381e-04,5.299999999999993605e-02,9.757724198719684994e-01,9.676728327570470745e-01,6.999999999999992339e-02
0.000000000000000000e+00,9.670000000000000817e-01,1.799999999999999517e-02,4.971050911507503400e+01,1.035514892329492796e-07,1.258828275516859357e-04,5.299999999999993605e-02,9.767840828287562838e-01,9.686044198700067831e-01,7.099999999999992428e-02
0.000000000000000000e+00,9.670000000000000817e-01,1.899999999999999259e-02,4.801004438312831013e+01,9.181683552775008948e-08,1.234335566458149680e-04,5.200000000000004619e-02,9.709520434452454385e-01,9.692242527659609141e-01,7.100000000000003531e-02
0.000000000000000000e+00,9.670000000000000817e-01,1.999999999999999001e-02,4.840519489779714490e+01,9.413429751634380009e-08,1.252720913311624706e-04,5.200000000000004619e-02,9.720053695208900058e-01,9.699417519278732414e-01,7.200000000000003619e-02
0.000000000000000000e+00,9.670000000000000817e-01,2.099999999999999090e-02,5.092446674235171855e+01,1.112730520249695353e-07,1.309233340027570586e-04,5.299999999999993605e-02,9.778972977658436649e-01,9.697530352818254373e-01,7.399999999999992695e-02
0.000000000000000000e+00,9.670000000000000817e-01,2.199999999999999178e-02,4.716075758799180306e+01,8.556930162017746993e-08,1.245688864681740980e-04,5.100000000000015632e-02,9.678974152257335817e-01,9.709960441208166371e-01,7.300000000000014810e-02
0.000000000000000000e+00,9.670000000000000817e-01,2.299999999999998920e-02,4.736410996302650034e+01,8.671289373763633853e-08,1.277425100573509808e-04,5.100000000000015632e-02,9.697682080403869920e-01,9.673825801145276015e-01,7.400000000000014899e-02
0.000000000000000000e+00,9.670000000000000817e-01,2.399999999999998662e-02,4.790167698580383870e+01,8.977773736452671409e-08,1.287557198893548975e-04,5.100000000000015632e-02,9.697586221276192076e-01,9.693230091839216689e-01,7.500000000000014988e-02
0.000000000000000000e+00,9.670000000000000817e-01,2.499999999999998751e-02,4.849849378068447692e+01,9.324169906871030889e-08,1.294057523872860444e-04,5.100000000000015632e-02,9.692730288074734579e-01,9.713495942680666628e-01,7.600000000000015077e-02
0.000000000000000000e+00,9.670000000000000817e-01,2.599999999999998840e-02,4.884853238282420307e+01,9.530498529968135914e-08,1.316382532611336926e-04,5.100000000000015632e-02,9.702980792795941056e-01,9.704949034610341752e-01,7.700000000000015166e-02
0.000000000000000000e+00,9.670000000000000817e-01,2.699999999999998929e-02,4.908587006583980639e+01,9.672004523263901474e-08,1.346460785460071937e-04,5.100000000000015632e-02,9.716997517389897032e-01,9.673239207077767299e-01,7.800000000000015254e-02
0.000000000000000000e+00,9.670000000000000817e-01,2.799999999999998324e-02,5.135305972908942351e+01,1.124657323398009417e-07,1.414178804336260070e-04,5.200000000000004619e-02,9.770239611726518891e-01,9.677013550979616241e-01,8.000000000000002942e-02
0.000000000000000000e+00,9.670000000000000817e-01,2.899999999999998412e-02,5.173317596653975414e+01,1.149632219251069546e-07,1.433669541004958705e-04,5.200000000000004619e-02,9.773776043498692001e-01,9.678682585235831581e-01,8.100000000000003031e-02
0.000000000000000000e+00,9.670000000000000817e-01,2.999999999999998501e-02,5.026815662467252821e+01,1.039532322722740018e-07,1.403780277502633808e-04,5.100000000000015632e-02,9.731024767801278452e-01,9.678887728222698161e-01,8.100000000000014133e-02
0.000000000000000000e+00,9.670000000000000817e-01,3.099999999999998590e-02,5.066195110345113051e+01,1.064249858303526718e-07,1.423001626571280989e-04,5.100000000000015632e-02,9.734808485856885074e-01,9.679580802146774410e-01,8.200000000000014222e-02
0.000000000000000000e+00,9.670000000000000817e-01,3.199999999999997985e-02,5.111597972485652264e+01,1.093134279854481179e-07,1.437888132715451869e-04,5.100000000000015632e-02,9.734580145012140528e-01,9.688017595423755735e-01,8.300000000000012923e-02
0.000000000000000000e+00,9.670000000000000817e-01,3.299999999999998074e-02,5.145960667955591816e+01,1.115276636275622898e-07,1.460925794754093716e-04,5.100000000000015632e-02,9.740100161469713580e-01,9.677996693966697261e-01,8.400000000000013012e-02
0.000000000000000000e+00,9.670000000000000817e-01,3.399999999999998163e-02,1.209521224468795708e+02,2.933305715468070850e-06,1.779983255547633869e-01,3.540000000000000924e-01,9.671457718369462775e-01,9.819850277139018369e-01,3.880000000000000671e-01
0.000000000000000000e+00,9.670000000000000817e-01,3.499999999999998251e-02,1.209521224468795708e+02,2.933305715468070850e-06,1.779983255547633869e-01,3.540000000000000924e-01,9.671457718369462775e-01,9.819850277139018369e-01,3.890000000000000679e-01
0.000000000000000000e+00,9.670000000000000817e-01,3.599999999999997646e-02,1.209521224468795708e+02,2.933305715468070850e-06,1.779983255547633869e-01,3.540000000000000924e-01,9.671457718369462775e-01,9.819850277139018369e-01,3.900000000000000688e-01
0.000000000000000000e+00,9.670000000000000817e-01,3.699999999999997735e-02,1.209521224468795708e+02,2.933305715468070850e-06,1.779983255547633869e-01,3.540000000000000924e-01,9.671457718369462775e-01,9.819850277139018369e-01,3.910000000000000697e-01
0.000000000000000000e+00,9.670000000000000817e-01,3.799999999999997824e-02,1.209521224468795708e+02,2.933305715468070850e-06,1.779983255547633869e-01,3.540000000000000924e-01,9.671457718369462775e-01,9.819850277139018369e-01,3.920000000000000706e-01
0.000000000000000000e+00,9.670000000000000817e-01,3.899999999999997913e-02,1.209521224468795708e+02,2.933305715468070850e-06,1.779983255547633869e-01,3.540000000000000924e-01,9.671457718369462775e-01,9.819850277139018369e-01,3.930000000000000715e-01
0.000000000000000000e+00,9.670000000000000817e-01,3.999999999999997308e-02,1.209521224468795708e+02,2.933305715468070850e-06,1.779983255547633869e-01,3.540000000000000924e-01,9.671457718369462775e-01,9.819850277139018369e-01,3.940000000000000724e-01
0.000000000000000000e+00,9.670000000000000817e-01,4.099999999999997397e-02,1.209521224468795708e+02,2.933305715468070850e-06,1.779983255547633869e-01,3.540000000000000924e-01,9.671457718369462775e-01,9.819850277139018369e-01,3.950000000000000733e-01
0.000000000000000000e+00,9.670000000000000817e-01,4.199999999999997485e-02,1.209521224468795708e+02,2.933305715468070850e-06,1.779983255547633869e-01,3.540000000000000924e-01,9.671457718369462775e-01,9.819850277139018369e-01,3.960000000000000742e-01
0.000000000000000000e+00,9.670000000000000817e-01,4.299999999999997574e-02,1.209521224468795708e+02,2.933305715468070850e-06,1.779983255547633869e-01,3.540000000000000924e-01,9.671457718369462775e-01,9.819850277139018369e-01,3.970000000000000751e-01
0.000000000000000000e+00,9.670000000000000817e-01,4.399999999999997663e-02,1.209521224468795708e+02,2.933305715468070850e-06,1.779983255547633869e-01,3.540000000000000924e-01,9.671457718369462775e-01,9.819850277139018369e-01,3.980000000000000759e-01
0.000000000000000000e+00,9.670000000000000817e-01,4.499999999999997058e-02,1.209521224468795708e+02,2.933305715468070850e-06,1.779983255547633869e-01,3.540000000000000924e-01,9.671457718369462775e-01,9.819850277139018369e-01,3.990000000000000768e-01
0.000000000000000000e+00,9.670000000000000817e-01,4.599999999999997147e-02,1.209521224468795708e+02,2.933305715468070850e-06,1.779983255547633869e-01,3.540000000000000924e-01,9.671457718369462775e-01,9.819850277139018369e-01,4.000000000000000777e-01
0.000000000000000000e+00,9.670000000000000817e-01,4.699999999999997236e-02,1.209521224468795708e+02,2.933305715468070850e-06,1.779983255547633869e-01,3.540000000000000924e-01,9.671457718369462775e-01,9.819850277139018369e-01,4.010000000000000786e-01
0.000000000000000000e+00,9.670000000000000817e-01,4.799999999999996630e-02,1.209521224468795708e+02,2.933305715468070850e-06,1.779983255547633869e-01,3.540000000000000924e-01,9.671457718369462775e-01,9.819850277139018369e-01,4.020000000000000795e-01
0.000000000000000000e+00,9.670000000000000817e-01,4.899999999999996719e-02,1.209521224468795708e+02,2.933305715468070850e-06,1.779983255547633869e-01,3.540000000000000924e-01,9.671457718369462775e-01,9.819850277139018369e-01,4.030000000000000804e-01
0.000000000000000000e+00,9.680000000000000826e-01,1.000000000000000021e-02,5.009094801020350474e+01,1.063609561138882991e-07,1.346320906680887946e-04,5.699999999999993960e-02,9.707414301453001215e-01,9.744000324855067730e-01,6.699999999999993461e-02
0.000000000000000000e+00,9.680000000000000826e-01,1.099999999999999936e-02,5.037186393040101251e+01,1.089263636394552535e-07,1.293076123930604702e-04,5.600000000000004974e-02,9.691814714506336026e-01,9.686367072666419720e-01,6.700000000000004563e-02
0.000000000000000000e+00,9.680000000000000826e-01,1.199999999999999852e-02,4.764443173173576440e+01,9.115485717134738882e-08,1.138622868201715513e-04,5.299999999999993605e-02,9.692328211171145069e-01,9.684228145421260869e-01,6.499999999999993283e-02
0.000000000000000000e+00,9.680000000000000826e-01,1.299999999999999767e-02,4.817537169818471909e+01,9.424877228533159062e-08,1.149180320357877594e-04,5.299999999999993605e-02,9.702962729870697745e-01,9.709499074208169933e-01,6.599999999999993372e-02
0.000000000000000000e+00,9.680000000000000826e-01,1.399999999999999682e-02,4.861169103119870272e+01,9.683075071571798038e-08,1.164419077248980195e-04,5.299999999999993605e-02,9.716693209967975919e-01,9.724819602326806312e-01,6.699999999999993461e-02
0.000000000000000000e+00,9.680000000000000826e-01,1.499999999999999598e-02,4.948717402610647298e+01,1.023257196748697013e-07,1.260353397560854435e-04,5.400000000000004796e-02,9.735736696461571027e-01,9.688183687887091944e-01,6.900000000000004741e-02
0.000000000000000000e+00,9.680000000000000826e-01,1.599999999999999339e-02,4.986550973637022821e+01,1.047008668972758936e-07,1.279213318605598357e-04,5.400000000000004796e-02,9.747477023900920079e-01,9.698402131258458958e-01,7.000000000000003442e-02
0.000000000000000000e+00,9.680000000000000826e-01,1.699999999999999428e-02,5.159955330047114330e+01,1.165897187651846001e-07,1.345097116445945673e-04,5.500000000000015987e-02,9.748165085519695516e-01,9.714508898455823660e-01,7.200000000000014722e-02
0.000000000000000000e+00,9.680000000000000826e-01,1.799999999999999517e-02,4.971050911507503400e+01,1.035514892329492796e-07,1.258828275516859357e-04,5.299999999999993605e-02,9.767840828287562838e-01,9.686044198700067831e-01,7.099999999999992428e-02
0.000000000000000000e+00,9.680000000000000826e-01,1.899999999999999259e-02,4.801004438312831013e+01,9.181683552775008948e-08,1.234335566458149680e-04,5.200000000000004619e-02,9.709520434452454385e-01,9.692242527659609141e-01,7.100000000000003531e-02
0.000000000000000000e+00,9.680000000000000826e-01,1.999999999999999001e-02,4.840519489779714490e+01,9.413429751634380009e-08,1.252720913311624706e-04,5.200000000000004619e-02,9.720053695208900058e-01,9.699417519278732414e-01,7.200000000000003619e-02
0.000000000000000000e+00,9.680000000000000826e-01,2.099999999999999090e-02,5.092446674235171855e+01,1.112730520249695353e-07,1.309233340027570586e-04,5.299999999999993605e-02,9.778972977658436649e-01,9.697530352818254373e-01,7.399999999999992695e-02
0.000000000000000000e+00,9.680000000000000826e-01,2.199999999999999178e-02,4.909314069242007861e+01,9.825387801705288589e-08,1.295758481344372662e-04,5.200000000000004619e-02,9.738181355918867910e-01,9.684924582471475807e-01,7.400000000000003797e-02
0.000000000000000000e+00,9.680000000000000826e-01,2.299999999999998920e-02,4.968935891732087384e+01,1.018954885421368439e-07,1.302004144607700595e-04,5.200000000000004619e-02,9.733348174306373224e-01,9.706634244061013161e-01,7.500000000000003886e-02
0.000000000000000000e+00,9.680000000000000826e-01,2.399999999999998662e-02,4.790167698580383870e+01,8.977773736452671409e-08,1.287557198893548975e-04,5.100000000000015632e-02,9.697586221276192076e-01,9.693230091839216689e-01,7.500000000000014988e-02
0.000000000000000000e+00,9.680000000000000826e-01,2.499999999999998751e-02,4.849849378068447692e+01,9.324169906871030889e-08,1.294057523872860444e-04,5.100000000000015632e-02,9.692730288074734579e-01,9.713495942680666628e-01,7.600000000000015077e-02
0.000000000000000000e+00,9.680000000000000826e-01,2.599999999999998840e-02,4.884853238282420307e+01,9.530498529968135914e-08,1.316382532611336926e-04,5.100000000000015632e-02,9.702980792795941056e-01,9.704949034610341752e-01,7.700000000000015166e-02
0.000000000000000000e+00,9.680000000000000826e-01,2.699999999999998929e-02,5.383313049308202380e+01,1.315131915911282259e-07,1.502994575557635470e-04,5.400000000000004796e-02,9.808971784866955534e-01,9.693715839554111202e-01,8.100000000000004419e-02
0.000000000000000000e+00,9.680000000000000826e-01,2.799999999999998324e-02,5.325988544033765493e+01,1.270289805001827218e-07,1.458994438790841577e-04,5.299999999999993605e-02,9.814347733503073767e-01,9.686760445606836800e-01,8.099999999999991929e-02
0.000000000000000000e+00,9.680000000000000826e-01,2.899999999999998412e-02,1.224820455528149665e+02,3.260331613802831116e-06,1.795098508170115403e-01,3.560000000000000941e-01,9.683010343597634462e-01,9.830927138483294137e-01,3.850000000000000644e-01
0.000000000000000000e+00,9.680000000000000826e-01,2.999999999999998501e-02,5.217964220241410089e+01,1.179343424103959322e-07,1.448607598102787596e-04,5.200000000000004619e-02,9.773329692449114203e-01,9.688059463092717483e-01,8.200000000000003120e-02
0.000000000000000000e+00,9.680000000000000826e-01,3.099999999999998590e-02,1.224820455528149665e+02,3.260331613802831116e-06,1.795098508170115403e-01,3.560000000000000941e-01,9.683010343597634462e-01,9.830927138483294137e-01,3.870000000000000662e-01
0.000000000000000000e+00,9.680000000000000826e-01,3.199999999999997985e-02,5.111597972485652264e+01,1.093134279854481179e-07,1.437888132715451869e-04,5.100000000000015632e-02,9.734580145012140528e-01,9.688017595423755735e-01,8.300000000000012923e-02
0.000000000000000000e+00,9.680000000000000826e-01,3.299999999999998074e-02,1.224820455528149665e+02,3.260331613802831116e-06,1.795098508170115403e-01,3.560000000000000941e-01,9.683010343597634462e-01,9.830927138483294137e-01,3.890000000000000679e-01
0.000000000000000000e+00,9.680000000000000826e-01,3.399999999999998163e-02,1.224820455528149665e+02,3.260331613802831116e-06,1.795098508170115403e-01,3.560000000000000941e-01,9.683010343597634462e-01,9.830927138483294137e-01,3.900000000000000688e-01
0.000000000000000000e+00,9.680000000000000826e-01,3.499999999999998251e-02,1.224820455528149665e+02,3.260331613802831116e-06,1.795098508170115403e-01,3.560000000000000941e-01,9.683010343597634462e-01,9.830927138483294137e-01,3.910000000000000697e-01
0.000000000000000000e+00,9.680000000000000826e-01,3.599999999999997646e-02,1.224820455528149665e+02,3.260331613802831116e-06,1.795098508170115403e-01,3.560000000000000941e-01,9.683010343597634462e-01,9.830927138483294137e-01,3.920000000000000706e-01
0.000000000000000000e+00,9.680000000000000826e-01,3.699999999999997735e-02,1.224820455528149665e+02,3.260331613802831116e-06,1.795098508170115403e-01,3.560000000000000941e-01,9.683010343597634462e-01,9.830927138483294137e-01,3.930000000000000715e-01
0.000000000000000000e+00,9.680000000000000826e-01,3.799999999999997824e-02,1.224820455528149665e+02,3.260331613802831116e-06,1.795098508170115403e-01,3.560000000000000941e-01,9.683010343597634462e-01,9.830927138483294137e-01,3.940000000000000724e-01
0.000000000000000000e+00,9.680000000000000826e-01,3.899999999999997913e-02,1.224820455528149665e+02,3.260331613802831116e-06,1.795098508170115403e-01,3.560000000000000941e-01,9.683010343597634462e-01,9.830927138483294137e-01,3.950000000000000733e-01
0.000000000000000000e+00,9.680000000000000826e-01,3.999999999999997308e-02,1.224820455528149665e+02,3.260331613802831116e-06,1.795098508170115403e-01,3.560000000000000941e-01,9.683010343597634462e-01,9.830927138483294137e-01,3.960000000000000742e-01
0.000000000000000000e+00,9.680000000000000826e-01,4.099999999999997397e-02,1.224820455528149665e+02,3.260331613802831116e-06,1.795098508170115403e-01,3.560000000000000941e-01,9.683010343597634462e-01,9.830927138483294137e-01,3.970000000000000751e-01
0.000000000000000000e+00,9.680000000000000826e-01,4.199999999999997485e-02,1.224820455528149665e+02,3.260331613802831116e-06,1.795098508170115403e-01,3.560000000000000941e-01,9.683010343597634462e-01,9.830927138483294137e-01,3.980000000000000759e-01
0.000000000000000000e+00,9.680000000000000826e-01,4.299999999999997574e-02,1.224820455528149665e+02,3.260331613802831116e-06,1.795098508170115403e-01,3.560000000000000941e-01,9.683010343597634462e-01,9.830927138483294137e-01,3.990000000000000768e-01
0.000000000000000000e+00,9.680000000000000826e-01,4.399999999999997663e-02,1.224820455528149665e+02,3.260331613802831116e-06,1.795098508170115403e-01,3.560000000000000941e-01,9.683010343597634462e-01,9.830927138483294137e-01,4.000000000000000777e-01
0.000000000000000000e+00,9.680000000000000826e-01,4.499999999999997058e-02,1.224820455528149665e+02,3.260331613802831116e-06,1.795098508170115403e-01,3.560000000000000941e-01,9.683010343597634462e-01,9.830927138483294137e-01,4.010000000000000786e-01
0.000000000000000000e+00,9.680000000000000826e-01,4.599999999999997147e-02,1.224820455528149665e+02,3.260331613802831116e-06,1.795098508170115403e-01,3.560000000000000941e-01,9.683010343597634462e-01,9.830927138483294137e-01,4.020000000000000795e-01
0.000000000000000000e+00,9.680000000000000826e-01,4.699999999999997236e-02,1.224820455528149665e+02,3.260331613802831116e-06,1.795098508170115403e-01,3.560000000000000941e-01,9.683010343597634462e-01,9.830927138483294137e-01,4.030000000000000804e-01
0.000000000000000000e+00,9.680000000000000826e-01,4.799999999999996630e-02,1.224820455528149665e+02,3.260331613802831116e-06,1.795098508170115403e-01,3.560000000000000941e-01,9.683010343597634462e-01,9.830927138483294137e-01,4.040000000000000813e-01
0.000000000000000000e+00,9.680000000000000826e-01,4.899999999999996719e-02,1.224820455528149665e+02,3.260331613802831116e-06,1.795098508170115403e-01,3.560000000000000941e-01,9.683010343597634462e-01,9.830927138483294137e-01,4.050000000000000822e-01
0.000000000000000000e+00,9.690000000000000835e-01,1.000000000000000021e-02,5.009094801020350474e+01,1.063609561138882991e-07,1.346320906680887946e-04,5.699999999999993960e-02,9.707414301453001215e-01,9.744000324855067730e-01,6.699999999999993461e-02
0.000000000000000000e+00,9.690000000000000835e-01,1.099999999999999936e-02,5.019501429968974549e+01,1.070456752484909225e-07,1.383837260874581769e-04,5.699999999999993960e-02,9.731035245519145116e-01,9.709157173342527480e-01,6.799999999999993550e-02
0.000000000000000000e+00,9.690000000000000835e-01,1.199999999999999852e-02,5.075622559239815956e+01,1.114564708242069180e-07,1.312137132493457941e-04,5.600000000000004974e-02,9.708374438053950506e-01,9.700110640900779790e-01,6.800000000000004652e-02
0.000000000000000000e+00,9.690000000000000835e-01,1.299999999999999767e-02,4.817537169818471909e+01,9.424877228533159062e-08,1.149180320357877594e-04,5.299999999999993605e-02,9.702962729870697745e-01,9.709499074208169933e-01,6.599999999999993372e-02
0.000000000000000000e+00,9.690000000000000835e-01,1.399999999999999682e-02,4.861169103119870272e+01,9.683075071571798038e-08,1.164419077248980195e-04,5.299999999999993605e-02,9.716693209967975919e-01,9.724819602326806312e-01,6.699999999999993461e-02
0.000000000000000000e+00,9.690000000000000835e-01,1.499999999999999598e-02,5.205555317504162360e+01,1.202619906745704336e-07,1.361469963857092581e-04,5.600000000000004974e-02,9.731818976209181127e-01,9.717441907063349982e-01,7.100000000000004918e-02
0.000000000000000000e+00,9.690000000000000835e-01,1.599999999999999339e-02,4.986550973637022821e+01,1.047008668972758936e-07,1.279213318605598357e-04,5.400000000000004796e-02,9.747477023900920079e-01,9.698402131258458958e-01,7.000000000000003442e-02
0.000000000000000000e+00,9.690000000000000835e-01,1.699999999999999428e-02,5.159955330047114330e+01,1.165897187651846001e-07,1.345097116445945673e-04,5.500000000000015987e-02,9.748165085519695516e-01,9.714508898455823660e-01,7.200000000000014722e-02
0.000000000000000000e+00,9.690000000000000835e-01,1.799999999999999517e-02,5.189790439263552457e+01,1.186109698290025366e-07,1.369222182465201006e-04,5.500000000000015987e-02,9.760624623682823131e-01,9.709697001350812151e-01,7.300000000000014810e-02
0.000000000000000000e+00,9.690000000000000835e-01,1.899999999999999259e-02,4.801004438312831013e+01,9.181683552775008948e-08,1.234335566458149680e-04,5.200000000000004619e-02,9.709520434452454385e-01,9.692242527659609141e-01,7.100000000000003531e-02
0.000000000000000000e+00,9.690000000000000835e-01,1.999999999999999001e-02,4.840519489779714490e+01,9.413429751634380009e-08,1.252720913311624706e-04,5.200000000000004619e-02,9.720053695208900058e-01,9.699417519278732414e-01,7.200000000000003619e-02
0.000000000000000000e+00,9.690000000000000835e-01,2.099999999999999090e-02,5.092446674235171855e+01,1.112730520249695353e-07,1.309233340027570586e-04,5.299999999999993605e-02,9.778972977658436649e-01,9.697530352818254373e-01,7.399999999999992695e-02
0.000000000000000000e+00,9.690000000000000835e-01,2.199999999999999178e-02,5.121918554677075264e+01,1.131904600605738382e-07,1.332828832899630382e-04,5.299999999999993605e-02,9.788414835356938903e-01,9.691295620645553610e-01,7.499999999999992784e-02
0.000000000000000000e+00,9.690000000000000835e-01,2.299999999999998920e-02,4.968935891732087384e+01,1.018954885421368439e-07,1.302004144607700595e-04,5.200000000000004619e-02,9.733348174306373224e-01,9.706634244061013161e-01,7.500000000000003886e-02
0.000000000000000000e+00,9.690000000000000835e-01,2.399999999999998662e-02,4.790167698580383870e+01,8.977773736452671409e-08,1.287557198893548975e-04,5.100000000000015632e-02,9.697586221276192076e-01,9.693230091839216689e-01,7.500000000000014988e-02
0.000000000000000000e+00,9.690000000000000835e-01,2.499999999999998751e-02,4.849849378068447692e+01,9.324169906871030889e-08,1.294057523872860444e-04,5.100000000000015632e-02,9.692730288074734579e-01,9.713495942680666628e-01,7.600000000000015077e-02
0.000000000000000000e+00,9.690000000000000835e-01,2.599999999999998840e-02,4.884853238282420307e+01,9.530498529968135914e-08,1.316382532611336926e-04,5.100000000000015632e-02,9.702980792795941056e-01,9.704949034610341752e-01,7.700000000000015166e-02
0.000000000000000000e+00,9.690000000000000835e-01,2.699999999999998929e-02,5.383313049308202380e+01,1.315131915911282259e-07,1.502994575557635470e-04,5.400000000000004796e-02,9.808971784866955534e-01,9.693715839554111202e-01,8.100000000000004419e-02
0.000000000000000000e+00,9.690000000000000835e-01,2.799999999999998324e-02,1.240099421157768234e+02,3.614448806676317566e-06,1.810122640681301742e-01,3.580000000000000959e-01,9.693883234932404447e-01,9.841523734116214284e-01,3.860000000000000653e-01
0.000000000000000000e+00,9.690000000000000835e-01,2.899999999999998412e-02,1.240099421157768234e+02,3.614448806676317566e-06,1.810122640681301742e-01,3.580000000000000959e-01,9.693883234932404447e-01,9.841523734116214284e-01,3.870000000000000662e-01
0.000000000000000000e+00,9.690000000000000835e-01,2.999999999999998501e-02,1.240099421157768234e+02,3.614448806676317566e-06,1.810122640681301742e-01,3.580000000000000959e-01,9.693883234932404447e-01,9.841523734116214284e-01,3.880000000000000671e-01
0.000000000000000000e+00,9.690000000000000835e-01,3.099999999999998590e-02,1.240099421157768234e+02,3.614448806676317566e-06,1.810122640681301742e-01,3.580000000000000959e-01,9.693883234932404447e-01,9.841523734116214284e-01,3.890000000000000679e-01
0.000000000000000000e+00,9.690000000000000835e-01,3.199999999999997985e-02,1.240099421157768234e+02,3.614448806676317566e-06,1.810122640681301742e-01,3.580000000000000959e-01,9.693883234932404447e-01,9.841523734116214284e-01,3.900000000000000688e-01
0.000000000000000000e+00,9.690000000000000835e-01,3.299999999999998074e-02,1.240099421157768234e+02,3.614448806676317566e-06,1.810122640681301742e-01,3.580000000000000959e-01,9.693883234932404447e-01,9.841523734116214284e-01,3.910000000000000697e-01
0.000000000000000000e+00,9.690000000000000835e-01,3.399999999999998163e-02,1.240099421157768234e+02,3.614448806676317566e-06,1.810122640681301742e-01,3.580000000000000959e-01,9.693883234932404447e-01,9.841523734116214284e-01,3.920000000000000706e-01
0.000000000000000000e+00,9.690000000000000835e-01,3.499999999999998251e-02,1.240099421157768234e+02,3.614448806676317566e-06,1.810122640681301742e-01,3.580000000000000959e-01,9.693883234932404447e-01,9.841523734116214284e-01,3.930000000000000715e-01
0.000000000000000000e+00,9.690000000000000835e-01,3.599999999999997646e-02,1.240099421157768234e+02,3.614448806676317566e-06,1.810122640681301742e-01,3.580000000000000959e-01,9.693883234932404447e-01,9.841523734116214284e-01,3.940000000000000724e-01
0.000000000000000000e+00,9.690000000000000835e-01,3.699999999999997735e-02,1.240099421157768234e+02,3.614448806676317566e-06,1.810122640681301742e-01,3.580000000000000959e-01,9.693883234932404447e-01,9.841523734116214284e-01,3.950000000000000733e-01
0.000000000000000000e+00,9.690000000000000835e-01,3.799999999999997824e-02,1.240099421157768234e+02,3.614448806676317566e-06,1.810122640681301742e-01,3.580000000000000959e-01,9.693883234932404447e-01,9.841523734116214284e-01,3.960000000000000742e-01
0.000000000000000000e+00,9.690000000000000835e-01,3.899999999999997913e-02,1.240099421157768234e+02,3.614448806676317566e-06,1.810122640681301742e-01,3.580000000000000959e-01,9.693883234932404447e-01,9.841523734116214284e-01,3.970000000000000751e-01
0.000000000000000000e+00,9.690000000000000835e-01,3.999999999999997308e-02,1.240099421157768234e+02,3.614448806676317566e-06,1.810122640681301742e-01,3.580000000000000959e-01,9.693883234932404447e-01,9.841523734116214284e-01,3.980000000000000759e-01
0.000000000000000000e+00,9.690000000000000835e-01,4.099999999999997397e-02,1.240099421157768234e+02,3.614448806676317566e-06,1.810122640681301742e-01,3.580000000000000959e-01,9.693883234932404447e-01,9.841523734116214284e-01,3.990000000000000768e-01
0.000000000000000000e+00,9.690000000000000835e-01,4.199999999999997485e-02,1.240099421157768234e+02,3.614448806676317566e-06,1.810122640681301742e-01,3.580000000000000959e-01,9.693883234932404447e-01,9.841523734116214284e-01,4.000000000000000777e-01
0.000000000000000000e+00,9.690000000000000835e-01,4.299999999999997574e-02,1.240099421157768234e+02,3.614448806676317566e-06,1.810122640681301742e-01,3.580000000000000959e-01,9.693883234932404447e-01,9.841523734116214284e-01,4.010000000000000786e-01
0.000000000000000000e+00,9.690000000000000835e-01,4.399999999999997663e-02,1.240099421157768234e+02,3.614448806676317566e-06,1.810122640681301742e-01,3.580000000000000959e-01,9.693883234932404447e-01,9.841523734116214284e-01,4.020000000000000795e-01
0.000000000000000000e+00,9.690000000000000835e-01,4.499999999999997058e-02,1.240099421157768234e+02,3.614448806676317566e-06,1.810122640681301742e-01,3.580000000000000959e-01,9.693883234932404447e-01,9.841523734116214284e-01,4.030000000000000804e-01
0.000000000000000000e+00,9.690000000000000835e-01,4.599999999999997147e-02,1.240099421157768234e+02,3.614448806676317566e-06,1.810122640681301742e-01,3.580000000000000959e-01,9.693883234932404447e-01,9.841523734116214284e-01,4.040000000000000813e-01
0.000000000000000000e+00,9.690000000000000835e-01,4.699999999999997236e-02,1.240099421157768234e+02,3.614448806676317566e-06,1.810122640681301742e-01,3.580000000000000959e-01,9.693883234932404447e-01,9.841523734116214284e-01,4.050000000000000822e-01
0.000000000000000000e+00,9.690000000000000835e-01,4.799999999999996630e-02,1.240099421157768234e+02,3.614448806676317566e-06,1.810122640681301742e-01,3.580000000000000959e-01,9.693883234932404447e-01,9.841523734116214284e-01,4.060000000000000830e-01
0.000000000000000000e+00,9.690000000000000835e-01,4.899999999999996719e-02,1.240099421157768234e+02,3.614448806676317566e-06,1.810122640681301742e-01,3.580000000000000959e-01,9.693883234932404447e-01,9.841523734116214284e-01,4.070000000000000839e-01
0.000000000000000000e+00,9.700000000000000844e-01,1.000000000000000021e-02,5.009094801020350474e+01,1.063609561138882991e-07,1.346320906680887946e-04,5.699999999999993960e-02,9.707414301453001215e-01,9.744000324855067730e-01,6.699999999999993461e-02
0.000000000000000000e+00,9.700000000000000844e-01,1.099999999999999936e-02,5.019501429968974549e+01,1.070456752484909225e-07,1.383837260874581769e-04,5.699999999999993960e-02,9.731035245519145116e-01,9.709157173342527480e-01,6.799999999999993550e-02
0.000000000000000000e+00,9.700000000000000844e-01,1.199999999999999852e-02,5.075622559239815956e+01,1.114564708242069180e-07,1.312137132493457941e-04,5.600000000000004974e-02,9.708374438053950506e-01,9.700110640900779790e-01,6.800000000000004652e-02
0.000000000000000000e+00,9.700000000000000844e-01,1.299999999999999767e-02,4.817537169818471909e+01,9.424877228533159062e-08,1.149180320357877594e-04,5.299999999999993605e-02,9.702962729870697745e-01,9.709499074208169933e-01,6.599999999999993372e-02
0.000000000000000000e+00,9.700000000000000844e-01,1.399999999999999682e-02,4.861169103119870272e+01,9.683075071571798038e-08,1.164419077248980195e-04,5.299999999999993605e-02,9.716693209967975919e-01,9.724819602326806312e-01,6.699999999999993461e-02
0.000000000000000000e+00,9.700000000000000844e-01,1.499999999999999598e-02,5.205555317504162360e+01,1.202619906745704336e-07,1.361469963857092581e-04,5.600000000000004974e-02,9.731818976209181127e-01,9.717441907063349982e-01,7.100000000000004918e-02
0.000000000000000000e+00,9.700000000000000844e-01,1.599999999999999339e-02,5.235057028400901658e+01,1.223077071681448363e-07,1.385969033328991230e-04,5.600000000000004974e-02,9.746163156840755848e-01,9.713668357726313873e-01,7.200000000000003619e-02
0.000000000000000000e+00,9.700000000000000844e-01,1.699999999999999428e-02,5.159955330047114330e+01,1.165897187651846001e-07,1.345097116445945673e-04,5.500000000000015987e-02,9.748165085519695516e-01,9.714508898455823660e-01,7.200000000000014722e-02
0.000000000000000000e+00,9.700000000000000844e-01,1.799999999999999517e-02,5.189790439263552457e+01,1.186109698290025366e-07,1.369222182465201006e-04,5.500000000000015987e-02,9.760624623682823131e-01,9.709697001350812151e-01,7.300000000000014810e-02
0.000000000000000000e+00,9.700000000000000844e-01,1.899999999999999259e-02,5.112689814841168356e+01,1.128512451986452647e-07,1.328946180497423714e-04,5.400000000000004796e-02,9.761632155368882291e-01,9.710572465505064033e-01,7.300000000000003708e-02
0.000000000000000000e+00,9.700000000000000844e-01,1.999999999999999001e-02,5.142875119863859368e+01,1.148474591764497545e-07,1.352716461859050905e-04,5.400000000000004796e-02,9.772450041083478034e-01,9.704822370489949446e-01,7.400000000000003797e-02
0.000000000000000000e+00,9.700000000000000844e-01,2.099999999999999090e-02,5.398596606779459961e+01,1.340495269196902030e-07,1.499514895918822009e-04,5.600000000000004974e-02,9.789641968584767984e-01,9.707877859059504955e-01,7.700000000000004063e-02
0.000000000000000000e+00,9.700000000000000844e-01,2.199999999999999178e-02,5.445062846043398963e+01,1.374920554667547120e-07,1.513843613168574143e-04,5.600000000000004974e-02,9.790662399067008304e-01,9.719594337333514744e-01,7.800000000000004152e-02
0.000000000000000000e+00,9.700000000000000844e-01,2.299999999999998920e-02,4.968935891732087384e+01,1.018954885421368439e-07,1.302004144607700595e-04,5.200000000000004619e-02,9.733348174306373224e-01,9.706634244061013161e-01,7.500000000000003886e-02
0.000000000000000000e+00,9.700000000000000844e-01,2.399999999999998662e-02,5.399220796245609222e+01,1.334072628030534570e-07,1.496278190123778782e-04,5.500000000000015987e-02,9.798026984609289336e-01,9.711150694963356367e-01,7.900000000000015343e-02
0.000000000000000000e+00,9.700000000000000844e-01,2.499999999999998751e-02,5.430389111996137075e+01,1.356906468951585339e-07,1.520571226644890919e-04,5.500000000000015987e-02,9.804209534280304839e-01,9.703150336028939504e-01,8.000000000000015432e-02
0.000000000000000000e+00,9.700000000000000844e-01,2.599999999999998840e-02,4.884853238282420307e+01,9.530498529968135914e-08,1.316382532611336926e-04,5.100000000000015632e-02,9.702980792795941056e-01,9.704949034610341752e-01,7.700000000000015166e-02
0.000000000000000000e+00,9.700000000000000844e-01,2.699999999999998929e-02,1.255571097818058206e+02,4.002606314872241755e-06,1.824984465421361501e-01,3.600000000000000977e-01,9.704869678216327955e-01,9.851521593597917237e-01,3.870000000000000662e-01
0.000000000000000000e+00,9.700000000000000844e-01,2.799999999999998324e-02,1.255571097818058206e+02,4.002606314872241755e-06,1.824984465421361501e-01,3.600000000000000977e-01,9.704869678216327955e-01,9.851521593597917237e-01,3.880000000000000671e-01
0.000000000000000000e+00,9.700000000000000844e-01,2.899999999999998412e-02,1.255571097818058206e+02,4.002606314872241755e-06,1.824984465421361501e-01,3.600000000000000977e-01,9.704869678216327955e-01,9.851521593597917237e-01,3.890000000000000679e-01
0.000000000000000000e+00,9.700000000000000844e-01,2.999999999999998501e-02,1.255571097818058206e+02,4.002606314872241755e-06,1.824984465421361501e-01,3.600000000000000977e-01,9.704869678216327955e-01,9.851521593597917237e-01,3.900000000000000688e-01
0.000000000000000000e+00,9.700000000000000844e-01,3.099999999999998590e-02,1.255571097818058206e+02,4.002606314872241755e-06,1.824984465421361501e-01,3.600000000000000977e-01,9.704869678216327955e-01,9.851521593597917237e-01,3.910000000000000697e-01
0.000000000000000000e+00,9.700000000000000844e-01,3.199999999999997985e-02,1.255571097818058206e+02,4.002606314872241755e-06,1.824984465421361501e-01,3.600000000000000977e-01,9.704869678216327955e-01,9.851521593597917237e-01,3.920000000000000706e-01
0.000000000000000000e+00,9.700000000000000844e-01,3.299999999999998074e-02,1.255571097818058206e+02,4.002606314872241755e-06,1.824984465421361501e-01,3.600000000000000977e-01,9.704869678216327955e-01,9.851521593597917237e-01,3.930000000000000715e-01
0.000000000000000000e+00,9.700000000000000844e-01,3.399999999999998163e-02,1.255571097818058206e+02,4.002606314872241755e-06,1.824984465421361501e-01,3.600000000000000977e-01,9.704869678216327955e-01,9.851521593597917237e-01,3.940000000000000724e-01
0.000000000000000000e+00,9.700000000000000844e-01,3.499999999999998251e-02,1.255571097818058206e+02,4.002606314872241755e-06,1.824984465421361501e-01,3.600000000000000977e-01,9.704869678216327955e-01,9.851521593597917237e-01,3.950000000000000733e-01
0.000000000000000000e+00,9.700000000000000844e-01,3.599999999999997646e-02,1.255571097818058206e+02,4.002606314872241755e-06,1.824984465421361501e-01,3.600000000000000977e-01,9.704869678216327955e-01,9.851521593597917237e-01,3.960000000000000742e-01
0.000000000000000000e+00,9.700000000000000844e-01,3.699999999999997735e-02,1.255571097818058206e+02,4.002606314872241755e-06,1.824984465421361501e-01,3.600000000000000977e-01,9.704869678216327955e-01,9.851521593597917237e-01,3.970000000000000751e-01
0.000000000000000000e+00,9.700000000000000844e-01,3.799999999999997824e-02,1.255571097818058206e+02,4.002606314872241755e-06,1.824984465421361501e-01,3.600000000000000977e-01,9.704869678216327955e-01,9.851521593597917237e-01,3.980000000000000759e-01
0.000000000000000000e+00,9.700000000000000844e-01,3.899999999999997913e-02,1.255571097818058206e+02,4.002606314872241755e-06,1.824984465421361501e-01,3.600000000000000977e-01,9.704869678216327955e-01,9.851521593597917237e-01,3.990000000000000768e-01
0.000000000000000000e+00,9.700000000000000844e-01,3.999999999999997308e-02,1.255571097818058206e+02,4.002606314872241755e-06,1.824984465421361501e-01,3.600000000000000977e-01,9.704869678216327955e-01,9.851521593597917237e-01,4.000000000000000777e-01
0.000000000000000000e+00,9.700000000000000844e-01,4.099999999999997397e-02,1.255571097818058206e+02,4.002606314872241755e-06,1.824984465421361501e-01,3.600000000000000977e-01,9.704869678216327955e-01,9.851521593597917237e-01,4.010000000000000786e-01
0.000000000000000000e+00,9.700000000000000844e-01,4.199999999999997485e-02,1.255571097818058206e+02,4.002606314872241755e-06,1.824984465421361501e-01,3.600000000000000977e-01,9.704869678216327955e-01,9.851521593597917237e-01,4.020000000000000795e-01
0.000000000000000000e+00,9.700000000000000844e-01,4.299999999999997574e-02,1.255571097818058206e+02,4.002606314872241755e-06,1.824984465421361501e-01,3.600000000000000977e-01,9.704869678216327955e-01,9.851521593597917237e-01,4.030000000000000804e-01
0.000000000000000000e+00,9.700000000000000844e-01,4.399999999999997663e-02,1.255571097818058206e+02,4.002606314872241755e-06,1.824984465421361501e-01,3.600000000000000977e-01,9.704869678216327955e-01,9.851521593597917237e-01,4.040000000000000813e-01
0.000000000000000000e+00,9.700000000000000844e-01,4.499999999999997058e-02,1.255571097818058206e+02,4.002606314872241755e-06,1.824984465421361501e-01,3.600000000000000977e-01,9.704869678216327955e-01,9.851521593597917237e-01,4.050000000000000822e-01
0.000000000000000000e+00,9.700000000000000844e-01,4.599999999999997147e-02,1.255571097818058206e+02,4.002606314872241755e-06,1.824984465421361501e-01,3.600000000000000977e-01,9.704869678216327955e-01,9.851521593597917237e-01,4.060000000000000830e-01
0.000000000000000000e+00,9.700000000000000844e-01,4.699999999999997236e-02,1.255571097818058206e+02,4.002606314872241755e-06,1.824984465421361501e-01,3.600000000000000977e-01,9.704869678216327955e-01,9.851521593597917237e-01,4.070000000000000839e-01
0.000000000000000000e+00,9.700000000000000844e-01,4.799999999999996630e-02,1.255571097818058206e+02,4.002606314872241755e-06,1.824984465421361501e-01,3.600000000000000977e-01,9.704869678216327955e-01,9.851521593597917237e-01,4.080000000000000848e-01
0.000000000000000000e+00,9.700000000000000844e-01,4.899999999999996719e-02,1.255571097818058206e+02,4.002606314872241755e-06,1.824984465421361501e-01,3.600000000000000977e-01,9.704869678216327955e-01,9.851521593597917237e-01,4.090000000000000857e-01
0.000000000000000000e+00,9.710000000000000853e-01,1.000000000000000021e-02,5.188833055850250275e+01,1.197456736255286673e-07,1.398630217693750657e-04,5.800000000000005151e-02,9.743105519911915424e-01,9.719743090851127310e-01,6.800000000000004652e-02
0.000000000000000000e+00,9.710000000000000853e-01,1.099999999999999936e-02,5.261601055579502884e+01,1.248998283316825890e-07,1.400190490678501407e-04,5.800000000000005151e-02,9.738184040170385636e-01,9.743765074685309946e-01,6.900000000000004741e-02
0.000000000000000000e+00,9.710000000000000853e-01,1.199999999999999852e-02,5.082637303623655356e+01,1.112537728525150288e-07,1.390698218097714855e-04,5.699999999999993960e-02,9.731431604891424003e-01,9.732927344497714905e-01,6.899999999999993638e-02
0.000000000000000000e+00,9.710000000000000853e-01,1.299999999999999767e-02,5.154445772184142527e+01,1.161323879195489448e-07,1.392795045586283232e-04,5.699999999999993960e-02,9.725604253223999462e-01,9.755155156412325113e-01,6.999999999999993727e-02
0.000000000000000000e+00,9.710000000000000853e-01,1.399999999999999682e-02,4.861169103119870272e+01,9.683075071571798038e-08,1.164419077248980195e-04,5.299999999999993605e-02,9.716693209967975919e-01,9.724819602326806312e-01,6.699999999999993461e-02
0.000000000000000000e+00,9.710000000000000853e-01,1.499999999999999598e-02,5.205555317504162360e+01,1.202619906745704336e-07,1.361469963857092581e-04,5.600000000000004974e-02,9.731818976209181127e-01,9.717441907063349982e-01,7.100000000000004918e-02
0.000000000000000000e+00,9.710000000000000853e-01,1.599999999999999339e-02,5.235057028400901658e+01,1.223077071681448363e-07,1.385969033328991230e-04,5.600000000000004974e-02,9.746163156840755848e-01,9.713668357726313873e-01,7.200000000000003619e-02
0.000000000000000000e+00,9.710000000000000853e-01,1.699999999999999428e-02,5.159955330047114330e+01,1.165897187651846001e-07,1.345097116445945673e-04,5.500000000000015987e-02,9.748165085519695516e-01,9.714508898455823660e-01,7.200000000000014722e-02
0.000000000000000000e+00,9.710000000000000853e-01,1.799999999999999517e-02,5.326934343415012307e+01,1.283413081408719055e-07,1.509263528308925253e-04,5.699999999999993960e-02,9.775987543381685629e-01,9.736346342702072443e-01,7.499999999999992784e-02
0.000000000000000000e+00,9.710000000000000853e-01,1.899999999999999259e-02,5.112689814841168356e+01,1.128512451986452647e-07,1.328946180497423714e-04,5.400000000000004796e-02,9.761632155368882291e-01,9.710572465505064033e-01,7.300000000000003708e-02
0.000000000000000000e+00,9.710000000000000853e-01,1.999999999999999001e-02,5.417364826733982852e+01,1.350077961292412018e-07,1.542291514312116221e-04,5.699999999999993960e-02,9.781544053833952646e-01,9.750774006484823619e-01,7.699999999999992961e-02
0.000000000000000000e+00,9.710000000000000853e-01,2.099999999999999090e-02,5.450808072180740282e+01,1.375188522900394282e-07,1.566675041818714465e-04,5.699999999999993960e-02,9.788669277941898228e-01,9.742541256594769994e-01,7.799999999999993050e-02
0.000000000000000000e+00,9.710000000000000853e-01,2.199999999999999178e-02,5.445062846043398963e+01,1.374920554667547120e-07,1.513843613168574143e-04,5.600000000000004974e-02,9.790662399067008304e-01,9.719594337333514744e-01,7.800000000000004152e-02
0.000000000000000000e+00,9.710000000000000853e-01,2.299999999999998920e-02,5.476087714481725044e+01,1.398173329341383750e-07,1.538393428302424276e-04,5.600000000000004974e-02,9.797788394027453496e-01,9.712055452436854086e-01,7.900000000000004241e-02
0.000000000000000000e+00,9.710000000000000853e-01,2.399999999999998662e-02,5.399220796245609222e+01,1.334072628030534570e-07,1.496278190123778782e-04,5.500000000000015987e-02,9.798026984609289336e-01,9.711150694963356367e-01,7.900000000000015343e-02
0.000000000000000000e+00,9.710000000000000853e-01,2.499999999999998751e-02,1.263370438823972108e+02,4.210060749721823225e-06,1.832354216921279755e-01,3.610000000000002096e-01,9.710376235448783255e-01,9.856306221512682875e-01,3.860000000000001763e-01
0.000000000000000000e+00,9.710000000000000853e-01,2.599999999999998840e-02,1.263370438823972108e+02,4.210060749721823225e-06,1.832354216921279755e-01,3.610000000000002096e-01,9.710376235448783255e-01,9.856306221512682875e-01,3.870000000000001772e-01
0.000000000000000000e+00,9.710000000000000853e-01,2.699999999999998929e-02,1.263370438823972108e+02,4.210060749721823225e-06,1.832354216921279755e-01,3.610000000000002096e-01,9.710376235448783255e-01,9.856306221512682875e-01,3.880000000000001781e-01
0.000000000000000000e+00,9.710000000000000853e-01,2.799999999999998324e-02,1.263370438823972108e+02,4.210060749721823225e-06,1.832354216921279755e-01,3.610000000000002096e-01,9.710376235448783255e-01,9.856306221512682875e-01,3.890000000000001790e-01
0.000000000000000000e+00,9.710000000000000853e-01,2.899999999999998412e-02,1.263370438823972108e+02,4.210060749721823225e-06,1.832354216921279755e-01,3.610000000000002096e-01,9.710376235448783255e-01,9.856306221512682875e-01,3.900000000000001799e-01
0.000000000000000000e+00,9.710000000000000853e-01,2.999999999999998501e-02,1.263370438823972108e+02,4.210060749721823225e-06,1.832354216921279755e-01,3.610000000000002096e-01,9.710376235448783255e-01,9.856306221512682875e-01,3.910000000000001807e-01
0.000000000000000000e+00,9.710000000000000853e-01,3.099999999999998590e-02,1.263370438823972108e+02,4.210060749721823225e-06,1.832354216921279755e-01,3.610000000000002096e-01,9.710376235448783255e-01,9.856306221512682875e-01,3.920000000000001816e-01
0.000000000000000000e+00,9.710000000000000853e-01,3.199999999999997985e-02,1.263370438823972108e+02,4.210060749721823225e-06,1.832354216921279755e-01,3.610000000000002096e-01,9.710376235448783255e-01,9.856306221512682875e-01,3.930000000000001825e-01
0.000000000000000000e+00,9.710000000000000853e-01,3.299999999999998074e-02,1.263370438823972108e+02,4.210060749721823225e-06,1.832354216921279755e-01,3.610000000000002096e-01,9.710376235448783255e-01,9.856306221512682875e-01,3.940000000000001834e-01
0.000000000000000000e+00,9.710000000000000853e-01,3.399999999999998163e-02,1.263370438823972108e+02,4.210060749721823225e-06,1.832354216921279755e-01,3.610000000000002096e-01,9.710376235448783255e-01,9.856306221512682875e-01,3.950000000000001843e-01
0.000000000000000000e+00,9.710000000000000853e-01,3.499999999999998251e-02,1.263370438823972108e+02,4.210060749721823225e-06,1.832354216921279755e-01,3.610000000000002096e-01,9.710376235448783255e-01,9.856306221512682875e-01,3.960000000000001852e-01
0.000000000000000000e+00,9.710000000000000853e-01,3.599999999999997646e-02,1.263370438823972108e+02,4.210060749721823225e-06,1.832354216921279755e-01,3.610000000000002096e-01,9.710376235448783255e-01,9.856306221512682875e-01,3.970000000000001861e-01
0.000000000000000000e+00,9.710000000000000853e-01,3.699999999999997735e-02,1.263370438823972108e+02,4.210060749721823225e-06,1.832354216921279755e-01,3.610000000000002096e-01,9.710376235448783255e-01,9.856306221512682875e-01,3.980000000000001870e-01
0.000000000000000000e+00,9.710000000000000853e-01,3.799999999999997824e-02,1.263370438823972108e+02,4.210060749721823225e-06,1.832354216921279755e-01,3.610000000000002096e-01,9.710376235448783255e-01,9.856306221512682875e-01,3.990000000000001878e-01
0.000000000000000000e+00,9.710000000000000853e-01,3.899999999999997913e-02,1.263370438823972108e+02,4.210060749721823225e-06,1.832354216921279755e-01,3.610000000000002096e-01,9.710376235448783255e-01,9.856306221512682875e-01,4.000000000000001887e-01
0.000000000000000000e+00,9.710000000000000853e-01,3.999999999999997308e-02,1.263370438823972108e+02,4.210060749721823225e-06,1.832354216921279755e-01,3.610000000000002096e-01,9.710376235448783255e-01,9.856306221512682875e-01,4.010000000000001896e-01
0.000000000000000000e+00,9.710000000000000853e-01,4.099999999999997397e-02,1.263370438823972108e+02,4.210060749721823225e-06,1.832354216921279755e-01,3.610000000000002096e-01,9.710376235448783255e-01,9.856306221512682875e-01,4.020000000000001905e-01
0.000000000000000000e+00,9.710000000000000853e-01,4.199999999999997485e-02,1.263370438823972108e+02,4.210060749721823225e-06,1.832354216921279755e-01,3.610000000000002096e-01,9.710376235448783255e-01,9.856306221512682875e-01,4.030000000000001914e-01
0.000000000000000000e+00,9.710000000000000853e-01,4.299999999999997574e-02,1.263370438823972108e+02,4.210060749721823225e-06,1.832354216921279755e-01,3.610000000000002096e-01,9.710376235448783255e-01,9.856306221512682875e-01,4.040000000000001923e-01
0.000000000000000000e+00,9.710000000000000853e-01,4.399999999999997663e-02,1.263370438823972108e+02,4.210060749721823225e-06,1.832354216921279755e-01,3.610000000000002096e-01,9.710376235448783255e-01,9.856306221512682875e-01,4.050000000000001932e-01
0.000000000000000000e+00,9.710000000000000853e-01,4.499999999999997058e-02,1.263370438823972108e+02,4.210060749721823225e-06,1.832354216921279755e-01,3.610000000000002096e-01,9.710376235448783255e-01,9.856306221512682875e-01,4.060000000000001941e-01
0.000000000000000000e+00,9.710000000000000853e-01,4.599999999999997147e-02,1.263370438823972108e+02,4.210060749721823225e-06,1.832354216921279755e-01,3.610000000000002096e-01,9.710376235448783255e-01,9.856306221512682875e-01,4.070000000000001950e-01
0.000000000000000000e+00,9.710000000000000853e-01,4.699999999999997236e-02,1.263370438823972108e+02,4.210060749721823225e-06,1.832354216921279755e-01,3.610000000000002096e-01,9.710376235448783255e-01,9.856306221512682875e-01,4.080000000000001958e-01
0.000000000000000000e+00,9.710000000000000853e-01,4.799999999999996630e-02,1.263370438823972108e+02,4.210060749721823225e-06,1.832354216921279755e-01,3.610000000000002096e-01,9.710376235448783255e-01,9.856306221512682875e-01,4.090000000000001967e-01
0.000000000000000000e+00,9.710000000000000853e-01,4.899999999999996719e-02,1.263370438823972108e+02,4.210060749721823225e-06,1.832354216921279755e-01,3.610000000000002096e-01,9.710376235448783255e-01,9.856306221512682875e-01,4.100000000000001976e-01
0.000000000000000000e+00,9.720000000000000862e-01,1.000000000000000021e-02,5.371270779884443414e+01,1.338693800258892390e-07,1.436832091695414149e-04,5.900000000000016342e-02,9.749017491275431269e-01,9.733216337712264909e-01,6.900000000000015843e-02
0.000000000000000000e+00,9.720000000000000862e-01,1.099999999999999936e-02,5.261601055579502884e+01,1.248998283316825890e-07,1.400190490678501407e-04,5.800000000000005151e-02,9.738184040170385636e-01,9.743765074685309946e-01,6.900000000000004741e-02
0.000000000000000000e+00,9.720000000000000862e-01,1.199999999999999852e-02,5.082637303623655356e+01,1.112537728525150288e-07,1.390698218097714855e-04,5.699999999999993960e-02,9.731431604891424003e-01,9.732927344497714905e-01,6.899999999999993638e-02
0.000000000000000000e+00,9.720000000000000862e-01,1.299999999999999767e-02,5.154445772184142527e+01,1.161323879195489448e-07,1.392795045586283232e-04,5.699999999999993960e-02,9.725604253223999462e-01,9.755155156412325113e-01,6.999999999999993727e-02
0.000000000000000000e+00,9.720000000000000862e-01,1.399999999999999682e-02,5.187832313557514397e+01,1.184363642684976779e-07,1.416948482982459000e-04,5.699999999999993960e-02,9.739577541112066639e-01,9.750353333697050484e-01,7.099999999999993816e-02
0.000000000000000000e+00,9.720000000000000862e-01,1.499999999999999598e-02,5.534201172258359236e+01,1.463883173177084651e-07,1.553663802931040715e-04,5.900000000000016342e-02,9.799446798682880377e-01,9.735348593971373532e-01,7.400000000000016287e-02
0.000000000000000000e+00,9.720000000000000862e-01,1.599999999999999339e-02,5.422228004252182387e+01,1.367287396795311091e-07,1.520013823231753400e-04,5.800000000000005151e-02,9.791993476809527364e-01,9.731365921144874420e-01,7.400000000000003797e-02
0.000000000000000000e+00,9.720000000000000862e-01,1.699999999999999428e-02,5.276055582355830609e+01,1.246679235905537799e-07,1.496337134422128141e-04,5.699999999999993960e-02,9.775105860632407051e-01,9.722138134385877040e-01,7.399999999999992695e-02
0.000000000000000000e+00,9.720000000000000862e-01,1.799999999999999517e-02,5.326934343415012307e+01,1.283413081408719055e-07,1.509263528308925253e-04,5.699999999999993960e-02,9.775987543381685629e-01,9.736346342702072443e-01,7.499999999999992784e-02
0.000000000000000000e+00,9.720000000000000862e-01,1.899999999999999259e-02,5.367735710426872231e+01,1.313273115840003768e-07,1.528645633192232233e-04,5.699999999999993960e-02,9.781216877865778203e-01,9.739986077595047531e-01,7.599999999999992872e-02
0.000000000000000000e+00,9.720000000000000862e-01,1.999999999999999001e-02,5.417364826733982852e+01,1.350077961292412018e-07,1.542291514312116221e-04,5.699999999999993960e-02,9.781544053833952646e-01,9.750774006484823619e-01,7.699999999999992961e-02
0.000000000000000000e+00,9.720000000000000862e-01,2.099999999999999090e-02,5.450808072180740282e+01,1.375188522900394282e-07,1.566675041818714465e-04,5.699999999999993960e-02,9.788669277941898228e-01,9.742541256594769994e-01,7.799999999999993050e-02
0.000000000000000000e+00,9.720000000000000862e-01,2.199999999999999178e-02,1.279112410574888798e+02,4.653888070756873654e-06,1.846960408637005890e-01,3.629999999999999893e-01,9.721481318878456568e-01,9.865446332111911243e-01,3.850000000000000089e-01
0.000000000000000000e+00,9.720000000000000862e-01,2.299999999999998920e-02,1.279112410574888798e+02,4.653888070756873654e-06,1.846960408637005890e-01,3.629999999999999893e-01,9.721481318878456568e-01,9.865446332111911243e-01,3.859999999999999543e-01
0.000000000000000000e+00,9.720000000000000862e-01,2.399999999999998662e-02,1.279112410574888798e+02,4.653888070756873654e-06,1.846960408637005890e-01,3.629999999999999893e-01,9.721481318878456568e-01,9.865446332111911243e-01,3.869999999999999551e-01
0.000000000000000000e+00,9.720000000000000862e-01,2.499999999999998751e-02,1.279112410574888798e+02,4.653888070756873654e-06,1.846960408637005890e-01,3.629999999999999893e-01,9.721481318878456568e-01,9.865446332111911243e-01,3.879999999999999560e-01
0.000000000000000000e+00,9.720000000000000862e-01,2.599999999999998840e-02,1.279112410574888798e+02,4.653888070756873654e-06,1.846960408637005890e-01,3.629999999999999893e-01,9.721481318878456568e-01,9.865446332111911243e-01,3.889999999999999569e-01
0.000000000000000000e+00,9.720000000000000862e-01,2.699999999999998929e-02,1.279112410574888798e+02,4.653888070756873654e-06,1.846960408637005890e-01,3.629999999999999893e-01,9.721481318878456568e-01,9.865446332111911243e-01,3.899999999999999578e-01
0.000000000000000000e+00,9.720000000000000862e-01,2.799999999999998324e-02,1.279112410574888798e+02,4.653888070756873654e-06,1.846960408637005890e-01,3.629999999999999893e-01,9.721481318878456568e-01,9.865446332111911243e-01,3.909999999999999587e-01
0.000000000000000000e+00,9.720000000000000862e-01,2.899999999999998412e-02,1.279112410574888798e+02,4.653888070756873654e-06,1.846960408637005890e-01,3.629999999999999893e-01,9.721481318878456568e-01,9.865446332111911243e-01,3.919999999999999596e-01
0.000000000000000000e+00,9.720000000000000862e-01,2.999999999999998501e-02,1.279112410574888798e+02,4.653888070756873654e-06,1.846960408637005890e-01,3.629999999999999893e-01,9.721481318878456568e-01,9.865446332111911243e-01,3.929999999999999605e-01
0.000000000000000000e+00,9.720000000000000862e-01,3.099999999999998590e-02,1.279112410574888798e+02,4.653888070756873654e-06,1.846960408637005890e-01,3.629999999999999893e-01,9.721481318878456568e-01,9.865446332111911243e-01,3.939999999999999614e-01
0.000000000000000000e+00,9.720000000000000862e-01,3.199999999999997985e-02,1.279112410574888798e+02,4.653888070756873654e-06,1.846960408637005890e-01,3.629999999999999893e-01,9.721481318878456568e-01,9.865446332111911243e-01,3.949999999999999623e-01
0.000000000000000000e+00,9.720000000000000862e-01,3.299999999999998074e-02,1.279112410574888798e+02,4.653888070756873654e-06,1.846960408637005890e-01,3.629999999999999893e-01,9.721481318878456568e-01,9.865446332111911243e-01,3.959999999999999631e-01
0.000000000000000000e+00,9.720000000000000862e-01,3.399999999999998163e-02,1.279112410574888798e+02,4.653888070756873654e-06,1.846960408637005890e-01,3.629999999999999893e-01,9.721481318878456568e-01,9.865446332111911243e-01,3.969999999999999640e-01
0.000000000000000000e+00,9.720000000000000862e-01,3.499999999999998251e-02,1.279112410574888798e+02,4.653888070756873654e-06,1.846960408637005890e-01,3.629999999999999893e-01,9.721481318878456568e-01,9.865446332111911243e-01,3.979999999999999649e-01
0.000000000000000000e+00,9.720000000000000862e-01,3.599999999999997646e-02,1.279112410574888798e+02,4.653888070756873654e-06,1.846960408637005890e-01,3.629999999999999893e-01,9.721481318878456568e-01,9.865446332111911243e-01,3.989999999999999658e-01
0.000000000000000000e+00,9.720000000000000862e-01,3.699999999999997735e-02,1.279112410574888798e+02,4.653888070756873654e-06,1.846960408637005890e-01,3.629999999999999893e-01,9.721481318878456568e-01,9.865446332111911243e-01,3.999999999999999667e-01
0.000000000000000000e+00,9.720000000000000862e-01,3.799999999999997824e-02,1.279112410574888798e+02,4.653888070756873654e-06,1.846960408637005890e-01,3.629999999999999893e-01,9.721481318878456568e-01,9.865446332111911243e-01,4.009999999999999676e-01
0.000000000000000000e+00,9.720000000000000862e-01,3.899999999999997913e-02,1.279112410574888798e+02,4.653888070756873654e-06,1.846960408637005890e-01,3.629999999999999893e-01,9.721481318878456568e-01,9.865446332111911243e-01,4.019999999999999685e-01
0.000000000000000000e+00,9.720000000000000862e-01,3.999999999999997308e-02,1.279112410574888798e+02,4.653888070756873654e-06,1.846960408637005890e-01,3.629999999999999893e-01,9.721481318878456568e-01,9.865446332111911243e-01,4.029999999999999694e-01
0.000000000000000000e+00,9.720000000000000862e-01,4.099999999999997397e-02,1.279112410574888798e+02,4.653888070756873654e-06,1.846960408637005890e-01,3.629999999999999893e-01,9.721481318878456568e-01,9.865446332111911243e-01,4.039999999999999702e-01
0.000000000000000000e+00,9.720000000000000862e-01,4.199999999999997485e-02,1.279112410574888798e+02,4.653888070756873654e-06,1.846960408637005890e-01,3.629999999999999893e-01,9.721481318878456568e-01,9.865446332111911243e-01,4.049999999999999711e-01
0.000000000000000000e+00,9.720000000000000862e-01,4.299999999999997574e-02,1.279112410574888798e+02,4.653888070756873654e-06,1.846960408637005890e-01,3.629999999999999893e-01,9.721481318878456568e-01,9.865446332111911243e-01,4.059999999999999720e-01
0.000000000000000000e+00,9.720000000000000862e-01,4.399999999999997663e-02,1.279112410574888798e+02,4.653888070756873654e-06,1.846960408637005890e-01,3.629999999999999893e-01,9.721481318878456568e-01,9.865446332111911243e-01,4.069999999999999729e-01
0.000000000000000000e+00,9.720000000000000862e-01,4.499999999999997058e-02,1.279112410574888798e+02,4.653888070756873654e-06,1.846960408637005890e-01,3.629999999999999893e-01,9.721481318878456568e-01,9.865446332111911243e-01,4.079999999999999738e-01
0.000000000000000000e+00,9.720000000000000862e-01,4.599999999999997147e-02,1.279112410574888798e+02,4.653888070756873654e-06,1.846960408637005890e-01,3.629999999999999893e-01,9.721481318878456568e-01,9.865446332111911243e-01,4.089999999999999747e-01
0.000000000000000000e+00,9.720000000000000862e-01,4.699999999999997236e-02,1.279112410574888798e+02,4.653888070756873654e-06,1.846960408637005890e-01,3.629999999999999893e-01,9.721481318878456568e-01,9.865446332111911243e-01,4.099999999999999756e-01
0.000000000000000000e+00,9.720000000000000862e-01,4.799999999999996630e-02,1.279112410574888798e+02,4.653888070756873654e-06,1.846960408637005890e-01,3.629999999999999893e-01,9.721481318878456568e-01,9.865446332111911243e-01,4.109999999999999765e-01
0.000000000000000000e+00,9.720000000000000862e-01,4.899999999999996719e-02,1.279112410574888798e+02,4.653888070756873654e-06,1.846960408637005890e-01,3.629999999999999893e-01,9.721481318878456568e-01,9.865446332111911243e-01,4.119999999999999774e-01
0.000000000000000000e+00,9.730000000000000870e-01,1.000000000000000021e-02,5.371270779884443414e+01,1.338693800258892390e-07,1.436832091695414149e-04,5.900000000000016342e-02,9.749017491275431269e-01,9.733216337712264909e-01,6.900000000000015843e-02
0.000000000000000000e+00,9.730000000000000870e-01,1.099999999999999936e-02,5.261601055579502884e+01,1.248998283316825890e-07,1.400190490678501407e-04,5.800000000000005151e-02,9.738184040170385636e-01,9.743765074685309946e-01,6.900000000000004741e-02
0.000000000000000000e+00,9.730000000000000870e-01,1.199999999999999852e-02,5.082637303623655356e+01,1.112537728525150288e-07,1.390698218097714855e-04,5.699999999999993960e-02,9.731431604891424003e-01,9.732927344497714905e-01,6.899999999999993638e-02
0.000000000000000000e+00,9.730000000000000870e-01,1.299999999999999767e-02,5.756511541379880725e+01,1.666887146021177507e-07,1.621664204866334058e-04,6.099999999999994316e-02,9.826455189230589582e-01,9.742371635619290204e-01,7.399999999999994083e-02
0.000000000000000000e+00,9.730000000000000870e-01,1.399999999999999682e-02,5.187832313557514397e+01,1.184363642684976779e-07,1.416948482982459000e-04,5.699999999999993960e-02,9.739577541112066639e-01,9.750353333697050484e-01,7.099999999999993816e-02
0.000000000000000000e+00,9.730000000000000870e-01,1.499999999999999598e-02,5.534201172258359236e+01,1.463883173177084651e-07,1.553663802931040715e-04,5.900000000000016342e-02,9.799446798682880377e-01,9.735348593971373532e-01,7.400000000000016287e-02
0.000000000000000000e+00,9.730000000000000870e-01,1.599999999999999339e-02,5.422228004252182387e+01,1.367287396795311091e-07,1.520013823231753400e-04,5.800000000000005151e-02,9.791993476809527364e-01,9.731365921144874420e-01,7.400000000000003797e-02
0.000000000000000000e+00,9.730000000000000870e-01,1.699999999999999428e-02,5.461714080436168217e+01,1.397275359364306834e-07,1.539715488684997022e-04,5.800000000000005151e-02,9.797699996743275408e-01,9.736227600906386392e-01,7.500000000000003886e-02
0.000000000000000000e+00,9.730000000000000870e-01,1.799999999999999517e-02,5.326934343415012307e+01,1.283413081408719055e-07,1.509263528308925253e-04,5.699999999999993960e-02,9.775987543381685629e-01,9.736346342702072443e-01,7.499999999999992784e-02
0.000000000000000000e+00,9.730000000000000870e-01,1.899999999999999259e-02,5.367735710426872231e+01,1.313273115840003768e-07,1.528645633192232233e-04,5.699999999999993960e-02,9.781216877865778203e-01,9.739986077595047531e-01,7.599999999999992872e-02
0.000000000000000000e+00,9.730000000000000870e-01,1.999999999999999001e-02,5.417364826733982852e+01,1.350077961292412018e-07,1.542291514312116221e-04,5.699999999999993960e-02,9.781544053833952646e-01,9.750774006484823619e-01,7.699999999999992961e-02
0.000000000000000000e+00,9.730000000000000870e-01,2.099999999999999090e-02,5.450808072180740282e+01,1.375188522900394282e-07,1.566675041818714465e-04,5.699999999999993960e-02,9.788669277941898228e-01,9.742541256594769994e-01,7.799999999999993050e-02
0.000000000000000000e+00,9.730000000000000870e-01,2.199999999999999178e-02,1.294934911505090724e+02,5.135272244255927927e-06,1.861418927547411617e-01,3.650000000000002132e-01,9.732323910538362988e-01,9.874097891125431792e-01,3.870000000000002327e-01
0.000000000000000000e+00,9.730000000000000870e-01,2.299999999999998920e-02,1.294934911505090724e+02,5.135272244255927927e-06,1.861418927547411617e-01,3.650000000000002132e-01,9.732323910538362988e-01,9.874097891125431792e-01,3.880000000000001781e-01
0.000000000000000000e+00,9.730000000000000870e-01,2.399999999999998662e-02,1.294934911505090724e+02,5.135272244255927927e-06,1.861418927547411617e-01,3.650000000000002132e-01,9.732323910538362988e-01,9.874097891125431792e-01,3.890000000000001790e-01
0.000000000000000000e+00,9.730000000000000870e-01,2.499999999999998751e-02,1.294934911505090724e+02,5.135272244255927927e-06,1.861418927547411617e-01,3.650000000000002132e-01,9.732323910538362988e-01,9.874097891125431792e-01,3.900000000000001799e-01
0.000000000000000000e+00,9.730000000000000870e-01,2.599999999999998840e-02,1.294934911505090724e+02,5.135272244255927927e-06,1.861418927547411617e-01,3.650000000000002132e-01,9.732323910538362988e-01,9.874097891125431792e-01,3.910000000000001807e-01
0.000000000000000000e+00,9.730000000000000870e-01,2.699999999999998929e-02,1.294934911505090724e+02,5.135272244255927927e-06,1.861418927547411617e-01,3.650000000000002132e-01,9.732323910538362988e-01,9.874097891125431792e-01,3.920000000000001816e-01
0.000000000000000000e+00,9.730000000000000870e-01,2.799999999999998324e-02,1.294934911505090724e+02,5.135272244255927927e-06,1.861418927547411617e-01,3.650000000000002132e-01,9.732323910538362988e-01,9.874097891125431792e-01,3.930000000000001825e-01
0.000000000000000000e+00,9.730000000000000870e-01,2.899999999999998412e-02,1.294934911505090724e+02,5.135272244255927927e-06,1.861418927547411617e-01,3.650000000000002132e-01,9.732323910538362988e-01,9.874097891125431792e-01,3.940000000000001834e-01
0.000000000000000000e+00,9.730000000000000870e-01,2.999999999999998501e-02,1.294934911505090724e+02,5.135272244255927927e-06,1.861418927547411617e-01,3.650000000000002132e-01,9.732323910538362988e-01,9.874097891125431792e-01,3.950000000000001843e-01
0.000000000000000000e+00,9.730000000000000870e-01,3.099999999999998590e-02,1.294934911505090724e+02,5.135272244255927927e-06,1.861418927547411617e-01,3.650000000000002132e-01,9.732323910538362988e-01,9.874097891125431792e-01,3.960000000000001852e-01
0.000000000000000000e+00,9.730000000000000870e-01,3.199999999999997985e-02,1.294934911505090724e+02,5.135272244255927927e-06,1.861418927547411617e-01,3.650000000000002132e-01,9.732323910538362988e-01,9.874097891125431792e-01,3.970000000000001861e-01
0.000000000000000000e+00,9.730000000000000870e-01,3.299999999999998074e-02,1.294934911505090724e+02,5.135272244255927927e-06,1.861418927547411617e-01,3.650000000000002132e-01,9.732323910538362988e-01,9.874097891125431792e-01,3.980000000000001870e-01
0.000000000000000000e+00,9.730000000000000870e-01,3.399999999999998163e-02,1.294934911505090724e+02,5.135272244255927927e-06,1.861418927547411617e-01,3.650000000000002132e-01,9.732323910538362988e-01,9.874097891125431792e-01,3.990000000000001878e-01
0.000000000000000000e+00,9.730000000000000870e-01,3.499999999999998251e-02,1.294934911505090724e+02,5.135272244255927927e-06,1.861418927547411617e-01,3.650000000000002132e-01,9.732323910538362988e-01,9.874097891125431792e-01,4.000000000000001887e-01
0.000000000000000000e+00,9.730000000000000870e-01,3.599999999999997646e-02,1.294934911505090724e+02,5.135272244255927927e-06,1.861418927547411617e-01,3.650000000000002132e-01,9.732323910538362988e-01,9.874097891125431792e-01,4.010000000000001896e-01
0.000000000000000000e+00,9.730000000000000870e-01,3.699999999999997735e-02,1.294934911505090724e+02,5.135272244255927927e-06,1.861418927547411617e-01,3.650000000000002132e-01,9.732323910538362988e-01,9.874097891125431792e-01,4.020000000000001905e-01
0.000000000000000000e+00,9.730000000000000870e-01,3.799999999999997824e-02,1.294934911505090724e+02,5.135272244255927927e-06,1.861418927547411617e-01,3.650000000000002132e-01,9.732323910538362988e-01,9.874097891125431792e-01,4.030000000000001914e-01
0.000000000000000000e+00,9.730000000000000870e-01,3.899999999999997913e-02,1.294934911505090724e+02,5.135272244255927927e-06,1.861418927547411617e-01,3.650000000000002132e-01,9.732323910538362988e-01,9.874097891125431792e-01,4.040000000000001923e-01
0.000000000000000000e+00,9.730000000000000870e-01,3.999999999999997308e-02,1.294934911505090724e+02,5.135272244255927927e-06,1.861418927547411617e-01,3.650000000000002132e-01,9.732323910538362988e-01,9.874097891125431792e-01,4.050000000000001932e-01
0.000000000000000000e+00,9.730000000000000870e-01,4.099999999999997397e-02,1.294934911505090724e+02,5.135272244255927927e-06,1.861418927547411617e-01,3.650000000000002132e-01,9.732323910538362988e-01,9.874097891125431792e-01,4.060000000000001941e-01
0.000000000000000000e+00,9.730000000000000870e-01,4.199999999999997485e-02,1.294934911505090724e+02,5.135272244255927927e-06,1.861418927547411617e-01,3.650000000000002132e-01,9.732323910538362988e-01,9.874097891125431792e-01,4.070000000000001950e-01
0.000000000000000000e+00,9.730000000000000870e-01,4.299999999999997574e-02,1.294934911505090724e+02,5.135272244255927927e-06,1.861418927547411617e-01,3.650000000000002132e-01,9.732323910538362988e-01,9.874097891125431792e-01,4.080000000000001958e-01
0.000000000000000000e+00,9.730000000000000870e-01,4.399999999999997663e-02,1.294934911505090724e+02,5.135272244255927927e-06,1.861418927547411617e-01,3.650000000000002132e-01,9.732323910538362988e-01,9.874097891125431792e-01,4.090000000000001967e-01
0.000000000000000000e+00,9.730000000000000870e-01,4.499999999999997058e-02,1.294934911505090724e+02,5.135272244255927927e-06,1.861418927547411617e-01,3.650000000000002132e-01,9.732323910538362988e-01,9.874097891125431792e-01,4.100000000000001976e-01
0.000000000000000000e+00,9.730000000000000870e-01,4.599999999999997147e-02,1.294934911505090724e+02,5.135272244255927927e-06,1.861418927547411617e-01,3.650000000000002132e-01,9.732323910538362988e-01,9.874097891125431792e-01,4.110000000000001985e-01
0.000000000000000000e+00,9.730000000000000870e-01,4.699999999999997236e-02,1.294934911505090724e+02,5.135272244255927927e-06,1.861418927547411617e-01,3.650000000000002132e-01,9.732323910538362988e-01,9.874097891125431792e-01,4.120000000000001994e-01
0.000000000000000000e+00,9.730000000000000870e-01,4.799999999999996630e-02,1.294934911505090724e+02,5.135272244255927927e-06,1.861418927547411617e-01,3.650000000000002132e-01,9.732323910538362988e-01,9.874097891125431792e-01,4.130000000000002003e-01
0.000000000000000000e+00,9.730000000000000870e-01,4.899999999999996719e-02,1.294934911505090724e+02,5.135272244255927927e-06,1.861418927547411617e-01,3.650000000000002132e-01,9.732323910538362988e-01,9.874097891125431792e-01,4.140000000000002012e-01
0.000000000000000000e+00,9.740000000000000879e-01,1.000000000000000021e-02,1.310883480329494546e+02,5.658090730594808689e-06,1.875707128662897349e-01,3.669999999999999929e-01,9.743071282472883787e-01,9.882248391438038793e-01,3.770000000000000018e-01
0.000000000000000000e+00,9.740000000000000879e-01,1.099999999999999936e-02,1.310883480329494546e+02,5.658090730594808689e-06,1.875707128662897349e-01,3.669999999999999929e-01,9.743071282472883787e-01,9.882248391438038793e-01,3.780000000000000027e-01
0.000000000000000000e+00,9.740000000000000879e-01,1.199999999999999852e-02,5.292066363299560550e+01,1.270899545887359149e-07,1.425200339134613785e-04,5.800000000000005151e-02,9.753242523157281685e-01,9.740408409536490675e-01,7.000000000000004829e-02
0.000000000000000000e+00,9.740000000000000879e-01,1.299999999999999767e-02,5.756511541379880725e+01,1.666887146021177507e-07,1.621664204866334058e-04,6.099999999999994316e-02,9.826455189230589582e-01,9.742371635619290204e-01,7.399999999999994083e-02
0.000000000000000000e+00,9.740000000000000879e-01,1.399999999999999682e-02,5.693723231701038401e+01,1.608890690453763932e-07,1.575588716722361798e-04,6.000000000000005329e-02,9.828356403702632749e-01,9.740690278131630686e-01,7.400000000000005185e-02
0.000000000000000000e+00,9.740000000000000879e-01,1.499999999999999598e-02,1.310883480329494546e+02,5.658090730594808689e-06,1.875707128662897349e-01,3.669999999999999929e-01,9.743071282472883787e-01,9.882248391438038793e-01,3.820000000000000062e-01
0.000000000000000000e+00,9.740000000000000879e-01,1.599999999999999339e-02,5.583497982781090485e+01,1.502933624833315556e-07,1.567182805003382339e-04,5.900000000000016342e-02,9.800916346388468536e-01,9.748323562418107491e-01,7.500000000000014988e-02
0.000000000000000000e+00,9.740000000000000879e-01,1.699999999999999428e-02,5.613991214025240595e+01,1.527369063633928339e-07,1.592572168879614447e-04,5.900000000000016342e-02,9.809151495122839792e-01,9.741652955244282097e-01,7.600000000000015077e-02
0.000000000000000000e+00,9.740000000000000879e-01,1.799999999999999517e-02,5.510883111526197098e+01,1.435094325927622561e-07,1.553355680431837418e-04,5.800000000000005151e-02,9.798415134563214224e-01,9.748156947050623522e-01,7.600000000000003975e-02
0.000000000000000000e+00,9.740000000000000879e-01,1.899999999999999259e-02,5.542567509123173153e+01,1.459755113950680608e-07,1.578278295713173528e-04,5.800000000000005151e-02,9.805850899418616651e-01,9.740713555358293529e-01,7.700000000000004063e-02
0.000000000000000000e+00,9.740000000000000879e-01,1.999999999999999001e-02,5.417364826733982852e+01,1.350077961292412018e-07,1.542291514312116221e-04,5.699999999999993960e-02,9.781544053833952646e-01,9.750774006484823619e-01,7.699999999999992961e-02
0.000000000000000000e+00,9.740000000000000879e-01,2.099999999999999090e-02,5.450808072180740282e+01,1.375188522900394282e-07,1.566675041818714465e-04,5.699999999999993960e-02,9.788669277941898228e-01,9.742541256594769994e-01,7.799999999999993050e-02
0.000000000000000000e+00,9.740000000000000879e-01,2.199999999999999178e-02,1.310883480329494546e+02,5.658090730594808689e-06,1.875707128662897349e-01,3.669999999999999929e-01,9.743071282472883787e-01,9.882248391438038793e-01,3.890000000000000124e-01
0.000000000000000000e+00,9.740000000000000879e-01,2.299999999999998920e-02,1.310883480329494546e+02,5.658090730594808689e-06,1.875707128662897349e-01,3.669999999999999929e-01,9.743071282472883787e-01,9.882248391438038793e-01,3.899999999999999578e-01
0.000000000000000000e+00,9.740000000000000879e-01,2.399999999999998662e-02,1.310883480329494546e+02,5.658090730594808689e-06,1.875707128662897349e-01,3.669999999999999929e-01,9.743071282472883787e-01,9.882248391438038793e-01,3.909999999999999587e-01
0.000000000000000000e+00,9.740000000000000879e-01,2.499999999999998751e-02,1.310883480329494546e+02,5.658090730594808689e-06,1.875707128662897349e-01,3.669999999999999929e-01,9.743071282472883787e-01,9.882248391438038793e-01,3.919999999999999596e-01
0.000000000000000000e+00,9.740000000000000879e-01,2.599999999999998840e-02,1.310883480329494546e+02,5.658090730594808689e-06,1.875707128662897349e-01,3.669999999999999929e-01,9.743071282472883787e-01,9.882248391438038793e-01,3.929999999999999605e-01
0.000000000000000000e+00,9.740000000000000879e-01,2.699999999999998929e-02,1.310883480329494546e+02,5.658090730594808689e-06,1.875707128662897349e-01,3.669999999999999929e-01,9.743071282472883787e-01,9.882248391438038793e-01,3.939999999999999614e-01
0.000000000000000000e+00,9.740000000000000879e-01,2.799999999999998324e-02,1.310883480329494546e+02,5.658090730594808689e-06,1.875707128662897349e-01,3.669999999999999929e-01,9.743071282472883787e-01,9.882248391438038793e-01,3.949999999999999623e-01
0.000000000000000000e+00,9.740000000000000879e-01,2.899999999999998412e-02,1.310883480329494546e+02,5.658090730594808689e-06,1.875707128662897349e-01,3.669999999999999929e-01,9.743071282472883787e-01,9.882248391438038793e-01,3.959999999999999631e-01
0.000000000000000000e+00,9.740000000000000879e-01,2.999999999999998501e-02,1.310883480329494546e+02,5.658090730594808689e-06,1.875707128662897349e-01,3.669999999999999929e-01,9.743071282472883787e-01,9.882248391438038793e-01,3.969999999999999640e-01
0.000000000000000000e+00,9.740000000000000879e-01,3.099999999999998590e-02,1.310883480329494546e+02,5.658090730594808689e-06,1.875707128662897349e-01,3.669999999999999929e-01,9.743071282472883787e-01,9.882248391438038793e-01,3.979999999999999649e-01
0.000000000000000000e+00,9.740000000000000879e-01,3.199999999999997985e-02,1.310883480329494546e+02,5.658090730594808689e-06,1.875707128662897349e-01,3.669999999999999929e-01,9.743071282472883787e-01,9.882248391438038793e-01,3.989999999999999658e-01
0.000000000000000000e+00,9.740000000000000879e-01,3.299999999999998074e-02,1.310883480329494546e+02,5.658090730594808689e-06,1.875707128662897349e-01,3.669999999999999929e-01,9.743071282472883787e-01,9.882248391438038793e-01,3.999999999999999667e-01
0.000000000000000000e+00,9.740000000000000879e-01,3.399999999999998163e-02,1.310883480329494546e+02,5.658090730594808689e-06,1.875707128662897349e-01,3.669999999999999929e-01,9.743071282472883787e-01,9.882248391438038793e-01,4.009999999999999676e-01
0.000000000000000000e+00,9.740000000000000879e-01,3.499999999999998251e-02,1.310883480329494546e+02,5.658090730594808689e-06,1.875707128662897349e-01,3.669999999999999929e-01,9.743071282472883787e-01,9.882248391438038793e-01,4.019999999999999685e-01
0.000000000000000000e+00,9.740000000000000879e-01,3.599999999999997646e-02,1.310883480329494546e+02,5.658090730594808689e-06,1.875707128662897349e-01,3.669999999999999929e-01,9.743071282472883787e-01,9.882248391438038793e-01,4.029999999999999694e-01
0.000000000000000000e+00,9.740000000000000879e-01,3.699999999999997735e-02,1.310883480329494546e+02,5.658090730594808689e-06,1.875707128662897349e-01,3.669999999999999929e-01,9.743071282472883787e-01,9.882248391438038793e-01,4.039999999999999702e-01
0.000000000000000000e+00,9.740000000000000879e-01,3.799999999999997824e-02,1.310883480329494546e+02,5.658090730594808689e-06,1.875707128662897349e-01,3.669999999999999929e-01,9.743071282472883787e-01,9.882248391438038793e-01,4.049999999999999711e-01
0.000000000000000000e+00,9.740000000000000879e-01,3.899999999999997913e-02,1.310883480329494546e+02,5.658090730594808689e-06,1.875707128662897349e-01,3.669999999999999929e-01,9.743071282472883787e-01,9.882248391438038793e-01,4.059999999999999720e-01
0.000000000000000000e+00,9.740000000000000879e-01,3.999999999999997308e-02,1.310883480329494546e+02,5.658090730594808689e-06,1.875707128662897349e-01,3.669999999999999929e-01,9.743071282472883787e-01,9.882248391438038793e-01,4.069999999999999729e-01
0.000000000000000000e+00,9.740000000000000879e-01,4.099999999999997397e-02,1.310883480329494546e+02,5.658090730594808689e-06,1.875707128662897349e-01,3.669999999999999929e-01,9.743071282472883787e-01,9.882248391438038793e-01,4.079999999999999738e-01
0.000000000000000000e+00,9.740000000000000879e-01,4.199999999999997485e-02,1.310883480329494546e+02,5.658090730594808689e-06,1.875707128662897349e-01,3.669999999999999929e-01,9.743071282472883787e-01,9.882248391438038793e-01,4.089999999999999747e-01
0.000000000000000000e+00,9.740000000000000879e-01,4.299999999999997574e-02,1.310883480329494546e+02,5.658090730594808689e-06,1.875707128662897349e-01,3.669999999999999929e-01,9.743071282472883787e-01,9.882248391438038793e-01,4.099999999999999756e-01
0.000000000000000000e+00,9.740000000000000879e-01,4.399999999999997663e-02,1.310883480329494546e+02,5.658090730594808689e-06,1.875707128662897349e-01,3.669999999999999929e-01,9.743071282472883787e-01,9.882248391438038793e-01,4.109999999999999765e-01
0.000000000000000000e+00,9.740000000000000879e-01,4.499999999999997058e-02,1.310883480329494546e+02,5.658090730594808689e-06,1.875707128662897349e-01,3.669999999999999929e-01,9.743071282472883787e-01,9.882248391438038793e-01,4.119999999999999774e-01
0.000000000000000000e+00,9.740000000000000879e-01,4.599999999999997147e-02,1.310883480329494546e+02,5.658090730594808689e-06,1.875707128662897349e-01,3.669999999999999929e-01,9.743071282472883787e-01,9.882248391438038793e-01,4.129999999999999782e-01
0.000000000000000000e+00,9.740000000000000879e-01,4.699999999999997236e-02,1.310883480329494546e+02,5.658090730594808689e-06,1.875707128662897349e-01,3.669999999999999929e-01,9.743071282472883787e-01,9.882248391438038793e-01,4.139999999999999791e-01
0.000000000000000000e+00,9.740000000000000879e-01,4.799999999999996630e-02,1.310883480329494546e+02,5.658090730594808689e-06,1.875707128662897349e-01,3.669999999999999929e-01,9.743071282472883787e-01,9.882248391438038793e-01,4.149999999999999800e-01
0.000000000000000000e+00,9.740000000000000879e-01,4.899999999999996719e-02,1.310883480329494546e+02,5.658090730594808689e-06,1.875707128662897349e-01,3.669999999999999929e-01,9.743071282472883787e-01,9.882248391438038793e-01,4.159999999999999809e-01
0.000000000000000000e+00,9.750000000000000888e-01,1.000000000000000021e-02,1.326971165543263567e+02,6.225580539939445064e-06,1.889812606693347108e-01,3.690000000000002167e-01,9.753773651830355274e-01,9.889906173523421717e-01,3.790000000000002256e-01
0.000000000000000000e+00,9.750000000000000888e-01,1.099999999999999936e-02,1.326971165543263567e+02,6.225580539939445064e-06,1.889812606693347108e-01,3.690000000000002167e-01,9.753773651830355274e-01,9.889906173523421717e-01,3.800000000000002265e-01
0.000000000000000000e+00,9.750000000000000888e-01,1.199999999999999852e-02,1.326971165543263567e+02,6.225580539939445064e-06,1.889812606693347108e-01,3.690000000000002167e-01,9.753773651830355274e-01,9.889906173523421717e-01,3.810000000000002274e-01
0.000000000000000000e+00,9.750000000000000888e-01,1.299999999999999767e-02,1.326971165543263567e+02,6.225580539939445064e-06,1.889812606693347108e-01,3.690000000000002167e-01,9.753773651830355274e-01,9.889906173523421717e-01,3.820000000000002283e-01
0.000000000000000000e+00,9.750000000000000888e-01,1.399999999999999682e-02,1.326971165543263567e+02,6.225580539939445064e-06,1.889812606693347108e-01,3.690000000000002167e-01,9.753773651830355274e-01,9.889906173523421717e-01,3.830000000000002292e-01
0.000000000000000000e+00,9.750000000000000888e-01,1.499999999999999598e-02,1.326971165543263567e+02,6.225580539939445064e-06,1.889812606693347108e-01,3.690000000000002167e-01,9.753773651830355274e-01,9.889906173523421717e-01,3.840000000000002300e-01
0.000000000000000000e+00,9.750000000000000888e-01,1.599999999999999339e-02,1.326971165543263567e+02,6.225580539939445064e-06,1.889812606693347108e-01,3.690000000000002167e-01,9.753773651830355274e-01,9.889906173523421717e-01,3.850000000000002309e-01
0.000000000000000000e+00,9.750000000000000888e-01,1.699999999999999428e-02,1.326971165543263567e+02,6.225580539939445064e-06,1.889812606693347108e-01,3.690000000000002167e-01,9.753773651830355274e-01,9.889906173523421717e-01,3.860000000000002318e-01
0.000000000000000000e+00,9.750000000000000888e-01,1.799999999999999517e-02,1.326971165543263567e+02,6.225580539939445064e-06,1.889812606693347108e-01,3.690000000000002167e-01,9.753773651830355274e-01,9.889906173523421717e-01,3.870000000000002327e-01
0.000000000000000000e+00,9.750000000000000888e-01,1.899999999999999259e-02,1.326971165543263567e+02,6.225580539939445064e-06,1.889812606693347108e-01,3.690000000000002167e-01,9.753773651830355274e-01,9.889906173523421717e-01,3.880000000000002336e-01
0.000000000000000000e+00,9.750000000000000888e-01,1.999999999999999001e-02,5.417364826733982852e+01,1.350077961292412018e-07,1.542291514312116221e-04,5.699999999999993960e-02,9.781544053833952646e-01,9.750774006484823619e-01,7.699999999999992961e-02
0.000000000000000000e+00,9.750000000000000888e-01,2.099999999999999090e-02,1.326971165543263567e+02,6.225580539939445064e-06,1.889812606693347108e-01,3.690000000000002167e-01,9.753773651830355274e-01,9.889906173523421717e-01,3.900000000000002354e-01
0.000000000000000000e+00,9.750000000000000888e-01,2.199999999999999178e-02,1.326971165543263567e+02,6.225580539939445064e-06,1.889812606693347108e-01,3.690000000000002167e-01,9.753773651830355274e-01,9.889906173523421717e-01,3.910000000000002363e-01
0.000000000000000000e+00,9.750000000000000888e-01,2.299999999999998920e-02,1.326971165543263567e+02,6.225580539939445064e-06,1.889812606693347108e-01,3.690000000000002167e-01,9.753773651830355274e-01,9.889906173523421717e-01,3.920000000000001816e-01
0.000000000000000000e+00,9.750000000000000888e-01,2.399999999999998662e-02,1.326971165543263567e+02,6.225580539939445064e-06,1.889812606693347108e-01,3.690000000000002167e-01,9.753773651830355274e-01,9.889906173523421717e-01,3.930000000000001825e-01
0.000000000000000000e+00,9.750000000000000888e-01,2.499999999999998751e-02,1.326971165543263567e+02,6.225580539939445064e-06,1.889812606693347108e-01,3.690000000000002167e-01,9.753773651830355274e-01,9.889906173523421717e-01,3.940000000000001834e-01
0.000000000000000000e+00,9.750000000000000888e-01,2.599999999999998840e-02,1.326971165543263567e+02,6.225580539939445064e-06,1.889812606693347108e-01,3.690000000000002167e-01,9.753773651830355274e-01,9.889906173523421717e-01,3.950000000000001843e-01
0.000000000000000000e+00,9.750000000000000888e-01,2.699999999999998929e-02,1.326971165543263567e+02,6.225580539939445064e-06,1.889812606693347108e-01,3.690000000000002167e-01,9.753773651830355274e-01,9.889906173523421717e-01,3.960000000000001852e-01
0.000000000000000000e+00,9.750000000000000888e-01,2.799999999999998324e-02,1.326971165543263567e+02,6.225580539939445064e-06,1.889812606693347108e-01,3.690000000000002167e-01,9.753773651830355274e-01,9.889906173523421717e-01,3.970000000000001861e-01
0.000000000000000000e+00,9.750000000000000888e-01,2.899999999999998412e-02,1.326971165543263567e+02,6.225580539939445064e-06,1.889812606693347108e-01,3.690000000000002167e-01,9.753773651830355274e-01,9.889906173523421717e-01,3.980000000000001870e-01
0.000000000000000000e+00,9.750000000000000888e-01,2.999999999999998501e-02,1.326971165543263567e+02,6.225580539939445064e-06,1.889812606693347108e-01,3.690000000000002167e-01,9.753773651830355274e-01,9.889906173523421717e-01,3.990000000000001878e-01
0.000000000000000000e+00,9.750000000000000888e-01,3.099999999999998590e-02,1.326971165543263567e+02,6.225580539939445064e-06,1.889812606693347108e-01,3.690000000000002167e-01,9.753773651830355274e-01,9.889906173523421717e-01,4.000000000000001887e-01
0.000000000000000000e+00,9.750000000000000888e-01,3.199999999999997985e-02,1.326971165543263567e+02,6.225580539939445064e-06,1.889812606693347108e-01,3.690000000000002167e-01,9.753773651830355274e-01,9.889906173523421717e-01,4.010000000000001896e-01
0.000000000000000000e+00,9.750000000000000888e-01,3.299999999999998074e-02,1.326971165543263567e+02,6.225580539939445064e-06,1.889812606693347108e-01,3.690000000000002167e-01,9.753773651830355274e-01,9.889906173523421717e-01,4.020000000000001905e-01
0.000000000000000000e+00,9.750000000000000888e-01,3.399999999999998163e-02,1.326971165543263567e+02,6.225580539939445064e-06,1.889812606693347108e-01,3.690000000000002167e-01,9.753773651830355274e-01,9.889906173523421717e-01,4.030000000000001914e-01
0.000000000000000000e+00,9.750000000000000888e-01,3.499999999999998251e-02,1.326971165543263567e+02,6.225580539939445064e-06,1.889812606693347108e-01,3.690000000000002167e-01,9.753773651830355274e-01,9.889906173523421717e-01,4.040000000000001923e-01
0.000000000000000000e+00,9.750000000000000888e-01,3.599999999999997646e-02,1.326971165543263567e+02,6.225580539939445064e-06,1.889812606693347108e-01,3.690000000000002167e-01,9.753773651830355274e-01,9.889906173523421717e-01,4.050000000000001932e-01
0.000000000000000000e+00,9.750000000000000888e-01,3.699999999999997735e-02,1.326971165543263567e+02,6.225580539939445064e-06,1.889812606693347108e-01,3.690000000000002167e-01,9.753773651830355274e-01,9.889906173523421717e-01,4.060000000000001941e-01
0.000000000000000000e+00,9.750000000000000888e-01,3.799999999999997824e-02,1.326971165543263567e+02,6.225580539939445064e-06,1.889812606693347108e-01,3.690000000000002167e-01,9.753773651830355274e-01,9.889906173523421717e-01,4.070000000000001950e-01
0.000000000000000000e+00,9.750000000000000888e-01,3.899999999999997913e-02,1.326971165543263567e+02,6.225580539939445064e-06,1.889812606693347108e-01,3.690000000000002167e-01,9.753773651830355274e-01,9.889906173523421717e-01,4.080000000000001958e-01
0.000000000000000000e+00,9.750000000000000888e-01,3.999999999999997308e-02,1.326971165543263567e+02,6.225580539939445064e-06,1.889812606693347108e-01,3.690000000000002167e-01,9.753773651830355274e-01,9.889906173523421717e-01,4.090000000000001967e-01
0.000000000000000000e+00,9.750000000000000888e-01,4.099999999999997397e-02,1.326971165543263567e+02,6.225580539939445064e-06,1.889812606693347108e-01,3.690000000000002167e-01,9.753773651830355274e-01,9.889906173523421717e-01,4.100000000000001976e-01
0.000000000000000000e+00,9.750000000000000888e-01,4.199999999999997485e-02,1.326971165543263567e+02,6.225580539939445064e-06,1.889812606693347108e-01,3.690000000000002167e-01,9.753773651830355274e-01,9.889906173523421717e-01,4.110000000000001985e-01
0.000000000000000000e+00,9.750000000000000888e-01,4.299999999999997574e-02,1.326971165543263567e+02,6.225580539939445064e-06,1.889812606693347108e-01,3.690000000000002167e-01,9.753773651830355274e-01,9.889906173523421717e-01,4.120000000000001994e-01
0.000000000000000000e+00,9.750000000000000888e-01,4.399999999999997663e-02,1.326971165543263567e+02,6.225580539939445064e-06,1.889812606693347108e-01,3.690000000000002167e-01,9.753773651830355274e-01,9.889906173523421717e-01,4.130000000000002003e-01
0.000000000000000000e+00,9.750000000000000888e-01,4.499999999999997058e-02,1.326971165543263567e+02,6.225580539939445064e-06,1.889812606693347108e-01,3.690000000000002167e-01,9.753773651830355274e-01,9.889906173523421717e-01,4.140000000000002012e-01
0.000000000000000000e+00,9.750000000000000888e-01,4.599999999999997147e-02,1.326971165543263567e+02,6.225580539939445064e-06,1.889812606693347108e-01,3.690000000000002167e-01,9.753773651830355274e-01,9.889906173523421717e-01,4.150000000000002021e-01
0.000000000000000000e+00,9.750000000000000888e-01,4.699999999999997236e-02,1.326971165543263567e+02,6.225580539939445064e-06,1.889812606693347108e-01,3.690000000000002167e-01,9.753773651830355274e-01,9.889906173523421717e-01,4.160000000000002029e-01
0.000000000000000000e+00,9.750000000000000888e-01,4.799999999999996630e-02,1.326971165543263567e+02,6.225580539939445064e-06,1.889812606693347108e-01,3.690000000000002167e-01,9.753773651830355274e-01,9.889906173523421717e-01,4.170000000000002038e-01
0.000000000000000000e+00,9.750000000000000888e-01,4.899999999999996719e-02,1.326971165543263567e+02,6.225580539939445064e-06,1.889812606693347108e-01,3.690000000000002167e-01,9.753773651830355274e-01,9.889906173523421717e-01,4.180000000000002047e-01
0.000000000000000000e+00,9.760000000000000897e-01,1.000000000000000021e-02,1.343077293650249828e+02,6.835991349434534810e-06,1.903775618909913092e-01,3.709999999999999964e-01,9.764052967170956387e-01,9.897164745733049163e-01,3.810000000000000053e-01
0.000000000000000000e+00,9.760000000000000897e-01,1.099999999999999936e-02,1.343077293650249828e+02,6.835991349434534810e-06,1.903775618909913092e-01,3.709999999999999964e-01,9.764052967170956387e-01,9.897164745733049163e-01,3.820000000000000062e-01
0.000000000000000000e+00,9.760000000000000897e-01,1.199999999999999852e-02,1.343077293650249828e+02,6.835991349434534810e-06,1.903775618909913092e-01,3.709999999999999964e-01,9.764052967170956387e-01,9.897164745733049163e-01,3.830000000000000071e-01
0.000000000000000000e+00,9.760000000000000897e-01,1.299999999999999767e-02,1.343077293650249828e+02,6.835991349434534810e-06,1.903775618909913092e-01,3.709999999999999964e-01,9.764052967170956387e-01,9.897164745733049163e-01,3.840000000000000080e-01
0.000000000000000000e+00,9.760000000000000897e-01,1.399999999999999682e-02,1.343077293650249828e+02,6.835991349434534810e-06,1.903775618909913092e-01,3.709999999999999964e-01,9.764052967170956387e-01,9.897164745733049163e-01,3.850000000000000089e-01
0.000000000000000000e+00,9.760000000000000897e-01,1.499999999999999598e-02,1.343077293650249828e+02,6.835991349434534810e-06,1.903775618909913092e-01,3.709999999999999964e-01,9.764052967170956387e-01,9.897164745733049163e-01,3.860000000000000098e-01
0.000000000000000000e+00,9.760000000000000897e-01,1.599999999999999339e-02,1.343077293650249828e+02,6.835991349434534810e-06,1.903775618909913092e-01,3.709999999999999964e-01,9.764052967170956387e-01,9.897164745733049163e-01,3.870000000000000107e-01
0.000000000000000000e+00,9.760000000000000897e-01,1.699999999999999428e-02,1.343077293650249828e+02,6.835991349434534810e-06,1.903775618909913092e-01,3.709999999999999964e-01,9.764052967170956387e-01,9.897164745733049163e-01,3.880000000000000115e-01
0.000000000000000000e+00,9.760000000000000897e-01,1.799999999999999517e-02,1.343077293650249828e+02,6.835991349434534810e-06,1.903775618909913092e-01,3.709999999999999964e-01,9.764052967170956387e-01,9.897164745733049163e-01,3.890000000000000124e-01
0.000000000000000000e+00,9.760000000000000897e-01,1.899999999999999259e-02,1.343077293650249828e+02,6.835991349434534810e-06,1.903775618909913092e-01,3.709999999999999964e-01,9.764052967170956387e-01,9.897164745733049163e-01,3.900000000000000133e-01
0.000000000000000000e+00,9.760000000000000897e-01,1.999999999999999001e-02,1.343077293650249828e+02,6.835991349434534810e-06,1.903775618909913092e-01,3.709999999999999964e-01,9.764052967170956387e-01,9.897164745733049163e-01,3.910000000000000142e-01
0.000000000000000000e+00,9.760000000000000897e-01,2.099999999999999090e-02,1.343077293650249828e+02,6.835991349434534810e-06,1.903775618909913092e-01,3.709999999999999964e-01,9.764052967170956387e-01,9.897164745733049163e-01,3.920000000000000151e-01
0.000000000000000000e+00,9.760000000000000897e-01,2.199999999999999178e-02,1.343077293650249828e+02,6.835991349434534810e-06,1.903775618909913092e-01,3.709999999999999964e-01,9.764052967170956387e-01,9.897164745733049163e-01,3.930000000000000160e-01
0.000000000000000000e+00,9.760000000000000897e-01,2.299999999999998920e-02,1.343077293650249828e+02,6.835991349434534810e-06,1.903775618909913092e-01,3.709999999999999964e-01,9.764052967170956387e-01,9.897164745733049163e-01,3.939999999999999614e-01
0.000000000000000000e+00,9.760000000000000897e-01,2.399999999999998662e-02,1.343077293650249828e+02,6.835991349434534810e-06,1.903775618909913092e-01,3.709999999999999964e-01,9.764052967170956387e-01,9.897164745733049163e-01,3.949999999999999623e-01
0.000000000000000000e+00,9.760000000000000897e-01,2.499999999999998751e-02,1.343077293650249828e+02,6.835991349434534810e-06,1.903775618909913092e-01,3.709999999999999964e-01,9.764052967170956387e-01,9.897164745733049163e-01,3.959999999999999631e-01
0.000000000000000000e+00,9.760000000000000897e-01,2.599999999999998840e-02,1.343077293650249828e+02,6.835991349434534810e-06,1.903775618909913092e-01,3.709999999999999964e-01,9.764052967170956387e-01,9.897164745733049163e-01,3.969999999999999640e-01
0.000000000000000000e+00,9.760000000000000897e-01,2.699999999999998929e-02,1.343077293650249828e+02,6.835991349434534810e-06,1.903775618909913092e-01,3.709999999999999964e-01,9.764052967170956387e-01,9.897164745733049163e-01,3.979999999999999649e-01
0.000000000000000000e+00,9.760000000000000897e-01,2.799999999999998324e-02,1.343077293650249828e+02,6.835991349434534810e-06,1.903775618909913092e-01,3.709999999999999964e-01,9.764052967170956387e-01,9.897164745733049163e-01,3.989999999999999658e-01
0.000000000000000000e+00,9.760000000000000897e-01,2.899999999999998412e-02,1.343077293650249828e+02,6.835991349434534810e-06,1.903775618909913092e-01,3.709999999999999964e-01,9.764052967170956387e-01,9.897164745733049163e-01,3.999999999999999667e-01
0.000000000000000000e+00,9.760000000000000897e-01,2.999999999999998501e-02,1.343077293650249828e+02,6.835991349434534810e-06,1.903775618909913092e-01,3.709999999999999964e-01,9.764052967170956387e-01,9.897164745733049163e-01,4.009999999999999676e-01
0.000000000000000000e+00,9.760000000000000897e-01,3.099999999999998590e-02,1.343077293650249828e+02,6.835991349434534810e-06,1.903775618909913092e-01,3.709999999999999964e-01,9.764052967170956387e-01,9.897164745733049163e-01,4.019999999999999685e-01
0.000000000000000000e+00,9.760000000000000897e-01,3.199999999999997985e-02,1.343077293650249828e+02,6.835991349434534810e-06,1.903775618909913092e-01,3.709999999999999964e-01,9.764052967170956387e-01,9.897164745733049163e-01,4.029999999999999694e-01
0.000000000000000000e+00,9.760000000000000897e-01,3.299999999999998074e-02,1.343077293650249828e+02,6.835991349434534810e-06,1.903775618909913092e-01,3.709999999999999964e-01,9.764052967170956387e-01,9.897164745733049163e-01,4.039999999999999702e-01
0.000000000000000000e+00,9.760000000000000897e-01,3.399999999999998163e-02,1.343077293650249828e+02,6.835991349434534810e-06,1.903775618909913092e-01,3.709999999999999964e-01,9.764052967170956387e-01,9.897164745733049163e-01,4.049999999999999711e-01
0.000000000000000000e+00,9.760000000000000897e-01,3.499999999999998251e-02,1.343077293650249828e+02,6.835991349434534810e-06,1.903775618909913092e-01,3.709999999999999964e-01,9.764052967170956387e-01,9.897164745733049163e-01,4.059999999999999720e-01
0.000000000000000000e+00,9.760000000000000897e-01,3.599999999999997646e-02,1.343077293650249828e+02,6.835991349434534810e-06,1.903775618909913092e-01,3.709999999999999964e-01,9.764052967170956387e-01,9.897164745733049163e-01,4.069999999999999729e-01
0.000000000000000000e+00,9.760000000000000897e-01,3.699999999999997735e-02,1.343077293650249828e+02,6.835991349434534810e-06,1.903775618909913092e-01,3.709999999999999964e-01,9.764052967170956387e-01,9.897164745733049163e-01,4.079999999999999738e-01
0.000000000000000000e+00,9.760000000000000897e-01,3.799999999999997824e-02,1.343077293650249828e+02,6.835991349434534810e-06,1.903775618909913092e-01,3.709999999999999964e-01,9.764052967170956387e-01,9.897164745733049163e-01,4.089999999999999747e-01
0.000000000000000000e+00,9.760000000000000897e-01,3.899999999999997913e-02,1.343077293650249828e+02,6.835991349434534810e-06,1.903775618909913092e-01,3.709999999999999964e-01,9.764052967170956387e-01,9.897164745733049163e-01,4.099999999999999756e-01
0.000000000000000000e+00,9.760000000000000897e-01,3.999999999999997308e-02,1.343077293650249828e+02,6.835991349434534810e-06,1.903775618909913092e-01,3.709999999999999964e-01,9.764052967170956387e-01,9.897164745733049163e-01,4.109999999999999765e-01
0.000000000000000000e+00,9.760000000000000897e-01,4.099999999999997397e-02,1.343077293650249828e+02,6.835991349434534810e-06,1.903775618909913092e-01,3.709999999999999964e-01,9.764052967170956387e-01,9.897164745733049163e-01,4.119999999999999774e-01
0.000000000000000000e+00,9.760000000000000897e-01,4.199999999999997485e-02,1.343077293650249828e+02,6.835991349434534810e-06,1.903775618909913092e-01,3.709999999999999964e-01,9.764052967170956387e-01,9.897164745733049163e-01,4.129999999999999782e-01
0.000000000000000000e+00,9.760000000000000897e-01,4.299999999999997574e-02,1.343077293650249828e+02,6.835991349434534810e-06,1.903775618909913092e-01,3.709999999999999964e-01,9.764052967170956387e-01,9.897164745733049163e-01,4.139999999999999791e-01
0.000000000000000000e+00,9.760000000000000897e-01,4.399999999999997663e-02,1.343077293650249828e+02,6.835991349434534810e-06,1.903775618909913092e-01,3.709999999999999964e-01,9.764052967170956387e-01,9.897164745733049163e-01,4.149999999999999800e-01
0.000000000000000000e+00,9.760000000000000897e-01,4.499999999999997058e-02,1.343077293650249828e+02,6.835991349434534810e-06,1.903775618909913092e-01,3.709999999999999964e-01,9.764052967170956387e-01,9.897164745733049163e-01,4.159999999999999809e-01
0.000000000000000000e+00,9.760000000000000897e-01,4.599999999999997147e-02,1.343077293650249828e+02,6.835991349434534810e-06,1.903775618909913092e-01,3.709999999999999964e-01,9.764052967170956387e-01,9.897164745733049163e-01,4.169999999999999818e-01
0.000000000000000000e+00,9.760000000000000897e-01,4.699999999999997236e-02,1.343077293650249828e+02,6.835991349434534810e-06,1.903775618909913092e-01,3.709999999999999964e-01,9.764052967170956387e-01,9.897164745733049163e-01,4.179999999999999827e-01
0.000000000000000000e+00,9.760000000000000897e-01,4.799999999999996630e-02,1.343077293650249828e+02,6.835991349434534810e-06,1.903775618909913092e-01,3.709999999999999964e-01,9.764052967170956387e-01,9.897164745733049163e-01,4.189999999999999836e-01
0.000000000000000000e+00,9.760000000000000897e-01,4.899999999999996719e-02,1.343077293650249828e+02,6.835991349434534810e-06,1.903775618909913092e-01,3.709999999999999964e-01,9.764052967170956387e-01,9.897164745733049163e-01,4.199999999999999845e-01
0.000000000000000000e+00,9.770000000000000906e-01,1.000000000000000021e-02,1.359243048605973456e+02,7.493151962789633458e-06,1.917575088479477607e-01,3.730000000000002203e-01,9.774046142353486344e-01,9.904014555452321789e-01,3.830000000000002292e-01
0.000000000000000000e+00,9.770000000000000906e-01,1.099999999999999936e-02,1.359243048605973456e+02,7.493151962789633458e-06,1.917575088479477607e-01,3.730000000000002203e-01,9.774046142353486344e-01,9.904014555452321789e-01,3.840000000000002300e-01
0.000000000000000000e+00,9.770000000000000906e-01,1.199999999999999852e-02,1.359243048605973456e+02,7.493151962789633458e-06,1.917575088479477607e-01,3.730000000000002203e-01,9.774046142353486344e-01,9.904014555452321789e-01,3.850000000000002309e-01
0.000000000000000000e+00,9.770000000000000906e-01,1.299999999999999767e-02,1.359243048605973456e+02,7.493151962789633458e-06,1.917575088479477607e-01,3.730000000000002203e-01,9.774046142353486344e-01,9.904014555452321789e-01,3.860000000000002318e-01
0.000000000000000000e+00,9.770000000000000906e-01,1.399999999999999682e-02,1.359243048605973456e+02,7.493151962789633458e-06,1.917575088479477607e-01,3.730000000000002203e-01,9.774046142353486344e-01,9.904014555452321789e-01,3.870000000000002327e-01
0.000000000000000000e+00,9.770000000000000906e-01,1.499999999999999598e-02,1.359243048605973456e+02,7.493151962789633458e-06,1.917575088479477607e-01,3.730000000000002203e-01,9.774046142353486344e-01,9.904014555452321789e-01,3.880000000000002336e-01
0.000000000000000000e+00,9.770000000000000906e-01,1.599999999999999339e-02,1.359243048605973456e+02,7.493151962789633458e-06,1.917575088479477607e-01,3.730000000000002203e-01,9.774046142353486344e-01,9.904014555452321789e-01,3.890000000000002345e-01
0.000000000000000000e+00,9.770000000000000906e-01,1.699999999999999428e-02,1.359243048605973456e+02,7.493151962789633458e-06,1.917575088479477607e-01,3.730000000000002203e-01,9.774046142353486344e-01,9.904014555452321789e-01,3.900000000000002354e-01
0.000000000000000000e+00,9.770000000000000906e-01,1.799999999999999517e-02,1.359243048605973456e+02,7.493151962789633458e-06,1.917575088479477607e-01,3.730000000000002203e-01,9.774046142353486344e-01,9.904014555452321789e-01,3.910000000000002363e-01
0.000000000000000000e+00,9.770000000000000906e-01,1.899999999999999259e-02,1.359243048605973456e+02,7.493151962789633458e-06,1.917575088479477607e-01,3.730000000000002203e-01,9.774046142353486344e-01,9.904014555452321789e-01,3.920000000000002371e-01
0.000000000000000000e+00,9.770000000000000906e-01,1.999999999999999001e-02,1.359243048605973456e+02,7.493151962789633458e-06,1.917575088479477607e-01,3.730000000000002203e-01,9.774046142353486344e-01,9.904014555452321789e-01,3.930000000000002380e-01
0.000000000000000000e+00,9.770000000000000906e-01,2.099999999999999090e-02,1.359243048605973456e+02,7.493151962789633458e-06,1.917575088479477607e-01,3.730000000000002203e-01,9.774046142353486344e-01,9.904014555452321789e-01,3.940000000000002389e-01
0.000000000000000000e+00,9.770000000000000906e-01,2.199999999999999178e-02,1.359243048605973456e+02,7.493151962789633458e-06,1.917575088479477607e-01,3.730000000000002203e-01,9.774046142353486344e-01,9.904014555452321789e-01,3.950000000000002398e-01
0.000000000000000000e+00,9.770000000000000906e-01,2.299999999999998920e-02,1.359243048605973456e+02,7.493151962789633458e-06,1.917575088479477607e-01,3.730000000000002203e-01,9.774046142353486344e-01,9.904014555452321789e-01,3.960000000000001852e-01
0.000000000000000000e+00,9.770000000000000906e-01,2.399999999999998662e-02,1.359243048605973456e+02,7.493151962789633458e-06,1.917575088479477607e-01,3.730000000000002203e-01,9.774046142353486344e-01,9.904014555452321789e-01,3.970000000000001861e-01
0.000000000000000000e+00,9.770000000000000906e-01,2.499999999999998751e-02,1.359243048605973456e+02,7.493151962789633458e-06,1.917575088479477607e-01,3.730000000000002203e-01,9.774046142353486344e-01,9.904014555452321789e-01,3.980000000000001870e-01
0.000000000000000000e+00,9.770000000000000906e-01,2.599999999999998840e-02,1.359243048605973456e+02,7.493151962789633458e-06,1.917575088479477607e-01,3.730000000000002203e-01,9.774046142353486344e-01,9.904014555452321789e-01,3.990000000000001878e-01
0.000000000000000000e+00,9.770000000000000906e-01,2.699999999999998929e-02,1.359243048605973456e+02,7.493151962789633458e-06,1.917575088479477607e-01,3.730000000000002203e-01,9.774046142353486344e-01,9.904014555452321789e-01,4.000000000000001887e-01
0.000000000000000000e+00,9.770000000000000906e-01,2.799999999999998324e-02,1.359243048605973456e+02,7.493151962789633458e-06,1.917575088479477607e-01,3.730000000000002203e-01,9.774046142353486344e-01,9.904014555452321789e-01,4.010000000000001896e-01
0.000000000000000000e+00,9.770000000000000906e-01,2.899999999999998412e-02,1.359243048605973456e+02,7.493151962789633458e-06,1.917575088479477607e-01,3.730000000000002203e-01,9.774046142353486344e-01,9.904014555452321789e-01,4.020000000000001905e-01
0.000000000000000000e+00,9.770000000000000906e-01,2.999999999999998501e-02,1.359243048605973456e+02,7.493151962789633458e-06,1.917575088479477607e-01,3.730000000000002203e-01,9.774046142353486344e-01,9.904014555452321789e-01,4.030000000000001914e-01
0.000000000000000000e+00,9.770000000000000906e-01,3.099999999999998590e-02,1.359243048605973456e+02,7.493151962789633458e-06,1.917575088479477607e-01,3.730000000000002203e-01,9.774046142353486344e-01,9.904014555452321789e-01,4.040000000000001923e-01
0.000000000000000000e+00,9.770000000000000906e-01,3.199999999999997985e-02,1.359243048605973456e+02,7.493151962789633458e-06,1.917575088479477607e-01,3.730000000000002203e-01,9.774046142353486344e-01,9.904014555452321789e-01,4.050000000000001932e-01
0.000000000000000000e+00,9.770000000000000906e-01,3.299999999999998074e-02,1.359243048605973456e+02,7.493151962789633458e-06,1.917575088479477607e-01,3.730000000000002203e-01,9.774046142353486344e-01,9.904014555452321789e-01,4.060000000000001941e-01
0.000000000000000000e+00,9.770000000000000906e-01,3.399999999999998163e-02,1.359243048605973456e+02,7.493151962789633458e-06,1.917575088479477607e-01,3.730000000000002203e-01,9.774046142353486344e-01,9.904014555452321789e-01,4.070000000000001950e-01
0.000000000000000000e+00,9.770000000000000906e-01,3.499999999999998251e-02,1.359243048605973456e+02,7.493151962789633458e-06,1.917575088479477607e-01,3.730000000000002203e-01,9.774046142353486344e-01,9.904014555452321789e-01,4.080000000000001958e-01
0.000000000000000000e+00,9.770000000000000906e-01,3.599999999999997646e-02,1.359243048605973456e+02,7.493151962789633458e-06,1.917575088479477607e-01,3.730000000000002203e-01,9.774046142353486344e-01,9.904014555452321789e-01,4.090000000000001967e-01
0.000000000000000000e+00,9.770000000000000906e-01,3.699999999999997735e-02,1.359243048605973456e+02,7.493151962789633458e-06,1.917575088479477607e-01,3.730000000000002203e-01,9.774046142353486344e-01,9.904014555452321789e-01,4.100000000000001976e-01
0.000000000000000000e+00,9.770000000000000906e-01,3.799999999999997824e-02,1.359243048605973456e+02,7.493151962789633458e-06,1.917575088479477607e-01,3.730000000000002203e-01,9.774046142353486344e-01,9.904014555452321789e-01,4.110000000000001985e-01
0.000000000000000000e+00,9.770000000000000906e-01,3.899999999999997913e-02,1.359243048605973456e+02,7.493151962789633458e-06,1.917575088479477607e-01,3.730000000000002203e-01,9.774046142353486344e-01,9.904014555452321789e-01,4.120000000000001994e-01
0.000000000000000000e+00,9.770000000000000906e-01,3.999999999999997308e-02,1.359243048605973456e+02,7.493151962789633458e-06,1.917575088479477607e-01,3.730000000000002203e-01,9.774046142353486344e-01,9.904014555452321789e-01,4.130000000000002003e-01
0.000000000000000000e+00,9.770000000000000906e-01,4.099999999999997397e-02,1.359243048605973456e+02,7.493151962789633458e-06,1.917575088479477607e-01,3.730000000000002203e-01,9.774046142353486344e-01,9.904014555452321789e-01,4.140000000000002012e-01
0.000000000000000000e+00,9.770000000000000906e-01,4.199999999999997485e-02,1.359243048605973456e+02,7.493151962789633458e-06,1.917575088479477607e-01,3.730000000000002203e-01,9.774046142353486344e-01,9.904014555452321789e-01,4.150000000000002021e-01
0.000000000000000000e+00,9.770000000000000906e-01,4.299999999999997574e-02,1.359243048605973456e+02,7.493151962789633458e-06,1.917575088479477607e-01,3.730000000000002203e-01,9.774046142353486344e-01,9.904014555452321789e-01,4.160000000000002029e-01
0.000000000000000000e+00,9.770000000000000906e-01,4.399999999999997663e-02,1.359243048605973456e+02,7.493151962789633458e-06,1.917575088479477607e-01,3.730000000000002203e-01,9.774046142353486344e-01,9.904014555452321789e-01,4.170000000000002038e-01
0.000000000000000000e+00,9.770000000000000906e-01,4.499999999999997058e-02,1.359243048605973456e+02,7.493151962789633458e-06,1.917575088479477607e-01,3.730000000000002203e-01,9.774046142353486344e-01,9.904014555452321789e-01,4.180000000000002047e-01
0.000000000000000000e+00,9.770000000000000906e-01,4.599999999999997147e-02,1.359243048605973456e+02,7.493151962789633458e-06,1.917575088479477607e-01,3.730000000000002203e-01,9.774046142353486344e-01,9.904014555452321789e-01,4.190000000000002056e-01
0.000000000000000000e+00,9.770000000000000906e-01,4.699999999999997236e-02,1.359243048605973456e+02,7.493151962789633458e-06,1.917575088479477607e-01,3.730000000000002203e-01,9.774046142353486344e-01,9.904014555452321789e-01,4.200000000000002065e-01
0.000000000000000000e+00,9.770000000000000906e-01,4.799999999999996630e-02,1.359243048605973456e+02,7.493151962789633458e-06,1.917575088479477607e-01,3.730000000000002203e-01,9.774046142353486344e-01,9.904014555452321789e-01,4.210000000000002074e-01
0.000000000000000000e+00,9.770000000000000906e-01,4.899999999999996719e-02,1.359243048605973456e+02,7.493151962789633458e-06,1.917575088479477607e-01,3.730000000000002203e-01,9.774046142353486344e-01,9.904014555452321789e-01,4.220000000000002083e-01
0.000000000000000000e+00,9.780000000000000915e-01,1.000000000000000021e-02,1.375445090130639869e+02,8.198504711593985436e-06,1.931215968800468752e-01,3.750000000000000000e-01,9.783691141334883712e-01,9.910486780911126337e-01,3.850000000000000089e-01
0.000000000000000000e+00,9.780000000000000915e-01,1.099999999999999936e-02,1.375445090130639869e+02,8.198504711593985436e-06,1.931215968800468752e-01,3.750000000000000000e-01,9.783691141334883712e-01,9.910486780911126337e-01,3.860000000000000098e-01
0.000000000000000000e+00,9.780000000000000915e-01,1.199999999999999852e-02,1.375445090130639869e+02,8.198504711593985436e-06,1.931215968800468752e-01,3.750000000000000000e-01,9.783691141334883712e-01,9.910486780911126337e-01,3.870000000000000107e-01
0.000000000000000000e+00,9.780000000000000915e-01,1.299999999999999767e-02,1.375445090130639869e+02,8.198504711593985436e-06,1.931215968800468752e-01,3.750000000000000000e-01,9.783691141334883712e-01,9.910486780911126337e-01,3.880000000000000115e-01
0.000000000000000000e+00,9.780000000000000915e-01,1.399999999999999682e-02,1.375445090130639869e+02,8.198504711593985436e-06,1.931215968800468752e-01,3.750000000000000000e-01,9.783691141334883712e-01,9.910486780911126337e-01,3.890000000000000124e-01
0.000000000000000000e+00,9.780000000000000915e-01,1.499999999999999598e-02,1.375445090130639869e+02,8.198504711593985436e-06,1.931215968800468752e-01,3.750000000000000000e-01,9.783691141334883712e-01,9.910486780911126337e-01,3.900000000000000133e-01
0.000000000000000000e+00,9.780000000000000915e-01,1.599999999999999339e-02,1.375445090130639869e+02,8.198504711593985436e-06,1.931215968800468752e-01,3.750000000000000000e-01,9.783691141334883712e-01,9.910486780911126337e-01,3.910000000000000142e-01
0.000000000000000000e+00,9.780000000000000915e-01,1.699999999999999428e-02,1.375445090130639869e+02,8.198504711593985436e-06,1.931215968800468752e-01,3.750000000000000000e-01,9.783691141334883712e-01,9.910486780911126337e-01,3.920000000000000151e-01
0.000000000000000000e+00,9.780000000000000915e-01,1.799999999999999517e-02,1.375445090130639869e+02,8.198504711593985436e-06,1.931215968800468752e-01,3.750000000000000000e-01,9.783691141334883712e-01,9.910486780911126337e-01,3.930000000000000160e-01
0.000000000000000000e+00,9.780000000000000915e-01,1.899999999999999259e-02,1.375445090130639869e+02,8.198504711593985436e-06,1.931215968800468752e-01,3.750000000000000000e-01,9.783691141334883712e-01,9.910486780911126337e-01,3.940000000000000169e-01
0.000000000000000000e+00,9.780000000000000915e-01,1.999999999999999001e-02,1.375445090130639869e+02,8.198504711593985436e-06,1.931215968800468752e-01,3.750000000000000000e-01,9.783691141334883712e-01,9.910486780911126337e-01,3.950000000000000178e-01
0.000000000000000000e+00,9.780000000000000915e-01,2.099999999999999090e-02,1.375445090130639869e+02,8.198504711593985436e-06,1.931215968800468752e-01,3.750000000000000000e-01,9.783691141334883712e-01,9.910486780911126337e-01,3.960000000000000187e-01
0.000000000000000000e+00,9.780000000000000915e-01,2.199999999999999178e-02,1.375445090130639869e+02,8.198504711593985436e-06,1.931215968800468752e-01,3.750000000000000000e-01,9.783691141334883712e-01,9.910486780911126337e-01,3.970000000000000195e-01
0.000000000000000000e+00,9.780000000000000915e-01,2.299999999999998920e-02,1.375445090130639869e+02,8.198504711593985436e-06,1.931215968800468752e-01,3.750000000000000000e-01,9.783691141334883712e-01,9.910486780911126337e-01,3.979999999999999649e-01
0.000000000000000000e+00,9.780000000000000915e-01,2.399999999999998662e-02,1.375445090130639869e+02,8.198504711593985436e-06,1.931215968800468752e-01,3.750000000000000000e-01,9.783691141334883712e-01,9.910486780911126337e-01,3.989999999999999658e-01
0.000000000000000000e+00,9.780000000000000915e-01,2.499999999999998751e-02,1.375445090130639869e+02,8.198504711593985436e-06,1.931215968800468752e-01,3.750000000000000000e-01,9.783691141334883712e-01,9.910486780911126337e-01,3.999999999999999667e-01
0.000000000000000000e+00,9.780000000000000915e-01,2.599999999999998840e-02,1.375445090130639869e+02,8.198504711593985436e-06,1.931215968800468752e-01,3.750000000000000000e-01,9.783691141334883712e-01,9.910486780911126337e-01,4.009999999999999676e-01
0.000000000000000000e+00,9.780000000000000915e-01,2.699999999999998929e-02,1.375445090130639869e+02,8.198504711593985436e-06,1.931215968800468752e-01,3.750000000000000000e-01,9.783691141334883712e-01,9.910486780911126337e-01,4.019999999999999685e-01
0.000000000000000000e+00,9.780000000000000915e-01,2.799999999999998324e-02,1.375445090130639869e+02,8.198504711593985436e-06,1.931215968800468752e-01,3.750000000000000000e-01,9.783691141334883712e-01,9.910486780911126337e-01,4.029999999999999694e-01
0.000000000000000000e+00,9.780000000000000915e-01,2.899999999999998412e-02,1.375445090130639869e+02,8.198504711593985436e-06,1.931215968800468752e-01,3.750000000000000000e-01,9.783691141334883712e-01,9.910486780911126337e-01,4.039999999999999702e-01
0.000000000000000000e+00,9.780000000000000915e-01,2.999999999999998501e-02,1.375445090130639869e+02,8.198504711593985436e-06,1.931215968800468752e-01,3.750000000000000000e-01,9.783691141334883712e-01,9.910486780911126337e-01,4.049999999999999711e-01
0.000000000000000000e+00,9.780000000000000915e-01,3.099999999999998590e-02,1.375445090130639869e+02,8.198504711593985436e-06,1.931215968800468752e-01,3.750000000000000000e-01,9.783691141334883712e-01,9.910486780911126337e-01,4.059999999999999720e-01
0.000000000000000000e+00,9.780000000000000915e-01,3.199999999999997985e-02,1.375445090130639869e+02,8.198504711593985436e-06,1.931215968800468752e-01,3.750000000000000000e-01,9.783691141334883712e-01,9.910486780911126337e-01,4.069999999999999729e-01
0.000000000000000000e+00,9.780000000000000915e-01,3.299999999999998074e-02,1.375445090130639869e+02,8.198504711593985436e-06,1.931215968800468752e-01,3.750000000000000000e-01,9.783691141334883712e-01,9.910486780911126337e-01,4.079999999999999738e-01
0.000000000000000000e+00,9.780000000000000915e-01,3.399999999999998163e-02,1.375445090130639869e+02,8.198504711593985436e-06,1.931215968800468752e-01,3.750000000000000000e-01,9.783691141334883712e-01,9.910486780911126337e-01,4.089999999999999747e-01
0.000000000000000000e+00,9.780000000000000915e-01,3.499999999999998251e-02,1.375445090130639869e+02,8.198504711593985436e-06,1.931215968800468752e-01,3.750000000000000000e-01,9.783691141334883712e-01,9.910486780911126337e-01,4.099999999999999756e-01
0.000000000000000000e+00,9.780000000000000915e-01,3.599999999999997646e-02,1.375445090130639869e+02,8.198504711593985436e-06,1.931215968800468752e-01,3.750000000000000000e-01,9.783691141334883712e-01,9.910486780911126337e-01,4.109999999999999765e-01
0.000000000000000000e+00,9.780000000000000915e-01,3.699999999999997735e-02,1.375445090130639869e+02,8.198504711593985436e-06,1.931215968800468752e-01,3.750000000000000000e-01,9.783691141334883712e-01,9.910486780911126337e-01,4.119999999999999774e-01
0.000000000000000000e+00,9.780000000000000915e-01,3.799999999999997824e-02,1.375445090130639869e+02,8.198504711593985436e-06,1.931215968800468752e-01,3.750000000000000000e-01,9.783691141334883712e-01,9.910486780911126337e-01,4.129999999999999782e-01
0.000000000000000000e+00,9.780000000000000915e-01,3.899999999999997913e-02,1.375445090130639869e+02,8.198504711593985436e-06,1.931215968800468752e-01,3.750000000000000000e-01,9.783691141334883712e-01,9.910486780911126337e-01,4.139999999999999791e-01
0.000000000000000000e+00,9.780000000000000915e-01,3.999999999999997308e-02,1.375445090130639869e+02,8.198504711593985436e-06,1.931215968800468752e-01,3.750000000000000000e-01,9.783691141334883712e-01,9.910486780911126337e-01,4.149999999999999800e-01
0.000000000000000000e+00,9.780000000000000915e-01,4.099999999999997397e-02,1.375445090130639869e+02,8.198504711593985436e-06,1.931215968800468752e-01,3.750000000000000000e-01,9.783691141334883712e-01,9.910486780911126337e-01,4.159999999999999809e-01
0.000000000000000000e+00,9.780000000000000915e-01,4.199999999999997485e-02,1.375445090130639869e+02,8.198504711593985436e-06,1.931215968800468752e-01,3.750000000000000000e-01,9.783691141334883712e-01,9.910486780911126337e-01,4.169999999999999818e-01
0.000000000000000000e+00,9.780000000000000915e-01,4.299999999999997574e-02,1.375445090130639869e+02,8.198504711593985436e-06,1.931215968800468752e-01,3.750000000000000000e-01,9.783691141334883712e-01,9.910486780911126337e-01,4.179999999999999827e-01
0.000000000000000000e+00,9.780000000000000915e-01,4.399999999999997663e-02,1.375445090130639869e+02,8.198504711593985436e-06,1.931215968800468752e-01,3.750000000000000000e-01,9.783691141334883712e-01,9.910486780911126337e-01,4.189999999999999836e-01
0.000000000000000000e+00,9.780000000000000915e-01,4.499999999999997058e-02,1.375445090130639869e+02,8.198504711593985436e-06,1.931215968800468752e-01,3.750000000000000000e-01,9.783691141334883712e-01,9.910486780911126337e-01,4.199999999999999845e-01
0.000000000000000000e+00,9.780000000000000915e-01,4.599999999999997147e-02,1.375445090130639869e+02,8.198504711593985436e-06,1.931215968800468752e-01,3.750000000000000000e-01,9.783691141334883712e-01,9.910486780911126337e-01,4.209999999999999853e-01
0.000000000000000000e+00,9.780000000000000915e-01,4.699999999999997236e-02,1.375445090130639869e+02,8.198504711593985436e-06,1.931215968800468752e-01,3.750000000000000000e-01,9.783691141334883712e-01,9.910486780911126337e-01,4.219999999999999862e-01
0.000000000000000000e+00,9.780000000000000915e-01,4.799999999999996630e-02,1.375445090130639869e+02,8.198504711593985436e-06,1.931215968800468752e-01,3.750000000000000000e-01,9.783691141334883712e-01,9.910486780911126337e-01,4.229999999999999871e-01
0.000000000000000000e+00,9.780000000000000915e-01,4.899999999999996719e-02,1.375445090130639869e+02,8.198504711593985436e-06,1.931215968800468752e-01,3.750000000000000000e-01,9.783691141334883712e-01,9.910486780911126337e-01,4.239999999999999880e-01
0.000000000000000000e+00,9.790000000000000924e-01,1.000000000000000021e-02,1.391714361792011516e+02,8.955878405332802210e-06,1.944680235774690069e-01,3.770000000000002238e-01,9.793085390534614909e-01,9.916577992933547359e-01,3.870000000000002327e-01
0.000000000000000000e+00,9.790000000000000924e-01,1.099999999999999936e-02,1.391714361792011516e+02,8.955878405332802210e-06,1.944680235774690069e-01,3.770000000000002238e-01,9.793085390534614909e-01,9.916577992933547359e-01,3.880000000000002336e-01
0.000000000000000000e+00,9.790000000000000924e-01,1.199999999999999852e-02,1.391714361792011516e+02,8.955878405332802210e-06,1.944680235774690069e-01,3.770000000000002238e-01,9.793085390534614909e-01,9.916577992933547359e-01,3.890000000000002345e-01
0.000000000000000000e+00,9.790000000000000924e-01,1.299999999999999767e-02,1.391714361792011516e+02,8.955878405332802210e-06,1.944680235774690069e-01,3.770000000000002238e-01,9.793085390534614909e-01,9.916577992933547359e-01,3.900000000000002354e-01
0.000000000000000000e+00,9.790000000000000924e-01,1.399999999999999682e-02,1.391714361792011516e+02,8.955878405332802210e-06,1.944680235774690069e-01,3.770000000000002238e-01,9.793085390534614909e-01,9.916577992933547359e-01,3.910000000000002363e-01
0.000000000000000000e+00,9.790000000000000924e-01,1.499999999999999598e-02,1.391714361792011516e+02,8.955878405332802210e-06,1.944680235774690069e-01,3.770000000000002238e-01,9.793085390534614909e-01,9.916577992933547359e-01,3.920000000000002371e-01
0.000000000000000000e+00,9.790000000000000924e-01,1.599999999999999339e-02,1.391714361792011516e+02,8.955878405332802210e-06,1.944680235774690069e-01,3.770000000000002238e-01,9.793085390534614909e-01,9.916577992933547359e-01,3.930000000000002380e-01
0.000000000000000000e+00,9.790000000000000924e-01,1.699999999999999428e-02,1.391714361792011516e+02,8.955878405332802210e-06,1.944680235774690069e-01,3.770000000000002238e-01,9.793085390534614909e-01,9.916577992933547359e-01,3.940000000000002389e-01
0.000000000000000000e+00,9.790000000000000924e-01,1.799999999999999517e-02,1.391714361792011516e+02,8.955878405332802210e-06,1.944680235774690069e-01,3.770000000000002238e-01,9.793085390534614909e-01,9.916577992933547359e-01,3.950000000000002398e-01
0.000000000000000000e+00,9.790000000000000924e-01,1.899999999999999259e-02,1.391714361792011516e+02,8.955878405332802210e-06,1.944680235774690069e-01,3.770000000000002238e-01,9.793085390534614909e-01,9.916577992933547359e-01,3.960000000000002407e-01
0.000000000000000000e+00,9.790000000000000924e-01,1.999999999999999001e-02,1.391714361792011516e+02,8.955878405332802210e-06,1.944680235774690069e-01,3.770000000000002238e-01,9.793085390534614909e-01,9.916577992933547359e-01,3.970000000000002416e-01
0.000000000000000000e+00,9.790000000000000924e-01,2.099999999999999090e-02,1.391714361792011516e+02,8.955878405332802210e-06,1.944680235774690069e-01,3.770000000000002238e-01,9.793085390534614909e-01,9.916577992933547359e-01,3.980000000000002425e-01
0.000000000000000000e+00,9.790000000000000924e-01,2.199999999999999178e-02,1.391714361792011516e+02,8.955878405332802210e-06,1.944680235774690069e-01,3.770000000000002238e-01,9.793085390534614909e-01,9.916577992933547359e-01,3.990000000000002434e-01
0.000000000000000000e+00,9.790000000000000924e-01,2.299999999999998920e-02,1.391714361792011516e+02,8.955878405332802210e-06,1.944680235774690069e-01,3.770000000000002238e-01,9.793085390534614909e-01,9.916577992933547359e-01,4.000000000000001887e-01
0.000000000000000000e+00,9.790000000000000924e-01,2.399999999999998662e-02,1.391714361792011516e+02,8.955878405332802210e-06,1.944680235774690069e-01,3.770000000000002238e-01,9.793085390534614909e-01,9.916577992933547359e-01,4.010000000000001896e-01
0.000000000000000000e+00,9.790000000000000924e-01,2.499999999999998751e-02,1.391714361792011516e+02,8.955878405332802210e-06,1.944680235774690069e-01,3.770000000000002238e-01,9.793085390534614909e-01,9.916577992933547359e-01,4.020000000000001905e-01
0.000000000000000000e+00,9.790000000000000924e-01,2.599999999999998840e-02,1.391714361792011516e+02,8.955878405332802210e-06,1.944680235774690069e-01,3.770000000000002238e-01,9.793085390534614909e-01,9.916577992933547359e-01,4.030000000000001914e-01
0.000000000000000000e+00,9.790000000000000924e-01,2.699999999999998929e-02,1.391714361792011516e+02,8.955878405332802210e-06,1.944680235774690069e-01,3.770000000000002238e-01,9.793085390534614909e-01,9.916577992933547359e-01,4.040000000000001923e-01
0.000000000000000000e+00,9.790000000000000924e-01,2.799999999999998324e-02,1.391714361792011516e+02,8.955878405332802210e-06,1.944680235774690069e-01,3.770000000000002238e-01,9.793085390534614909e-01,9.916577992933547359e-01,4.050000000000001932e-01
0.000000000000000000e+00,9.790000000000000924e-01,2.899999999999998412e-02,1.391714361792011516e+02,8.955878405332802210e-06,1.944680235774690069e-01,3.770000000000002238e-01,9.793085390534614909e-01,9.916577992933547359e-01,4.060000000000001941e-01
0.000000000000000000e+00,9.790000000000000924e-01,2.999999999999998501e-02,1.391714361792011516e+02,8.955878405332802210e-06,1.944680235774690069e-01,3.770000000000002238e-01,9.793085390534614909e-01,9.916577992933547359e-01,4.070000000000001950e-01
0.000000000000000000e+00,9.790000000000000924e-01,3.099999999999998590e-02,1.391714361792011516e+02,8.955878405332802210e-06,1.944680235774690069e-01,3.770000000000002238e-01,9.793085390534614909e-01,9.916577992933547359e-01,4.080000000000001958e-01
0.000000000000000000e+00,9.790000000000000924e-01,3.199999999999997985e-02,1.391714361792011516e+02,8.955878405332802210e-06,1.944680235774690069e-01,3.770000000000002238e-01,9.793085390534614909e-01,9.916577992933547359e-01,4.090000000000001967e-01
0.000000000000000000e+00,9.790000000000000924e-01,3.299999999999998074e-02,1.391714361792011516e+02,8.955878405332802210e-06,1.944680235774690069e-01,3.770000000000002238e-01,9.793085390534614909e-01,9.916577992933547359e-01,4.100000000000001976e-01
0.000000000000000000e+00,9.790000000000000924e-01,3.399999999999998163e-02,1.391714361792011516e+02,8.955878405332802210e-06,1.944680235774690069e-01,3.770000000000002238e-01,9.793085390534614909e-01,9.916577992933547359e-01,4.110000000000001985e-01
0.000000000000000000e+00,9.790000000000000924e-01,3.499999999999998251e-02,1.391714361792011516e+02,8.955878405332802210e-06,1.944680235774690069e-01,3.770000000000002238e-01,9.793085390534614909e-01,9.916577992933547359e-01,4.120000000000001994e-01
0.000000000000000000e+00,9.790000000000000924e-01,3.599999999999997646e-02,1.391714361792011516e+02,8.955878405332802210e-06,1.944680235774690069e-01,3.770000000000002238e-01,9.793085390534614909e-01,9.916577992933547359e-01,4.130000000000002003e-01
0.000000000000000000e+00,9.790000000000000924e-01,3.699999999999997735e-02,1.391714361792011516e+02,8.955878405332802210e-06,1.944680235774690069e-01,3.770000000000002238e-01,9.793085390534614909e-01,9.916577992933547359e-01,4.140000000000002012e-01
0.000000000000000000e+00,9.790000000000000924e-01,3.799999999999997824e-02,1.391714361792011516e+02,8.955878405332802210e-06,1.944680235774690069e-01,3.770000000000002238e-01,9.793085390534614909e-01,9.916577992933547359e-01,4.150000000000002021e-01
0.000000000000000000e+00,9.790000000000000924e-01,3.899999999999997913e-02,1.391714361792011516e+02,8.955878405332802210e-06,1.944680235774690069e-01,3.770000000000002238e-01,9.793085390534614909e-01,9.916577992933547359e-01,4.160000000000002029e-01
0.000000000000000000e+00,9.790000000000000924e-01,3.999999999999997308e-02,1.391714361792011516e+02,8.955878405332802210e-06,1.944680235774690069e-01,3.770000000000002238e-01,9.793085390534614909e-01,9.916577992933547359e-01,4.170000000000002038e-01
0.000000000000000000e+00,9.790000000000000924e-01,4.099999999999997397e-02,1.391714361792011516e+02,8.955878405332802210e-06,1.944680235774690069e-01,3.770000000000002238e-01,9.793085390534614909e-01,9.916577992933547359e-01,4.180000000000002047e-01
0.000000000000000000e+00,9.790000000000000924e-01,4.199999999999997485e-02,1.391714361792011516e+02,8.955878405332802210e-06,1.944680235774690069e-01,3.770000000000002238e-01,9.793085390534614909e-01,9.916577992933547359e-01,4.190000000000002056e-01
0.000000000000000000e+00,9.790000000000000924e-01,4.299999999999997574e-02,1.391714361792011516e+02,8.955878405332802210e-06,1.944680235774690069e-01,3.770000000000002238e-01,9.793085390534614909e-01,9.916577992933547359e-01,4.200000000000002065e-01
0.000000000000000000e+00,9.790000000000000924e-01,4.399999999999997663e-02,1.391714361792011516e+02,8.955878405332802210e-06,1.944680235774690069e-01,3.770000000000002238e-01,9.793085390534614909e-01,9.916577992933547359e-01,4.210000000000002074e-01
0.000000000000000000e+00,9.790000000000000924e-01,4.499999999999997058e-02,1.391714361792011516e+02,8.955878405332802210e-06,1.944680235774690069e-01,3.770000000000002238e-01,9.793085390534614909e-01,9.916577992933547359e-01,4.220000000000002083e-01
0.000000000000000000e+00,9.790000000000000924e-01,4.599999999999997147e-02,1.391714361792011516e+02,8.955878405332802210e-06,1.944680235774690069e-01,3.770000000000002238e-01,9.793085390534614909e-01,9.916577992933547359e-01,4.230000000000002092e-01
0.000000000000000000e+00,9.790000000000000924e-01,4.699999999999997236e-02,1.391714361792011516e+02,8.955878405332802210e-06,1.944680235774690069e-01,3.770000000000002238e-01,9.793085390534614909e-01,9.916577992933547359e-01,4.240000000000002101e-01
0.000000000000000000e+00,9.790000000000000924e-01,4.799999999999996630e-02,1.391714361792011516e+02,8.955878405332802210e-06,1.944680235774690069e-01,3.770000000000002238e-01,9.793085390534614909e-01,9.916577992933547359e-01,4.250000000000002109e-01
0.000000000000000000e+00,9.790000000000000924e-01,4.899999999999996719e-02,1.391714361792011516e+02,8.955878405332802210e-06,1.944680235774690069e-01,3.770000000000002238e-01,9.793085390534614909e-01,9.916577992933547359e-01,4.260000000000002118e-01
0.000000000000000000e+00,9.800000000000000933e-01,1.000000000000000021e-02,1.408185922232483733e+02,9.774883607313316361e-06,1.957900804406783046e-01,3.790000000000000036e-01,9.802617010109107021e-01,9.922219933582345774e-01,3.890000000000000124e-01
0.000000000000000000e+00,9.800000000000000933e-01,1.099999999999999936e-02,1.408185922232483733e+02,9.774883607313316361e-06,1.957900804406783046e-01,3.790000000000000036e-01,9.802617010109107021e-01,9.922219933582345774e-01,3.900000000000000133e-01
0.000000000000000000e+00,9.800000000000000933e-01,1.199999999999999852e-02,1.408185922232483733e+02,9.774883607313316361e-06,1.957900804406783046e-01,3.790000000000000036e-01,9.802617010109107021e-01,9.922219933582345774e-01,3.910000000000000142e-01
0.000000000000000000e+00,9.800000000000000933e-01,1.299999999999999767e-02,1.408185922232483733e+02,9.774883607313316361e-06,1.957900804406783046e-01,3.790000000000000036e-01,9.802617010109107021e-01,9.922219933582345774e-01,3.920000000000000151e-01
0.000000000000000000e+00,9.800000000000000933e-01,1.399999999999999682e-02,1.408185922232483733e+02,9.774883607313316361e-06,1.957900804406783046e-01,3.790000000000000036e-01,9.802617010109107021e-01,9.922219933582345774e-01,3.930000000000000160e-01
0.000000000000000000e+00,9.800000000000000933e-01,1.499999999999999598e-02,1.408185922232483733e+02,9.774883607313316361e-06,1.957900804406783046e-01,3.790000000000000036e-01,9.802617010109107021e-01,9.922219933582345774e-01,3.940000000000000169e-01
0.000000000000000000e+00,9.800000000000000933e-01,1.599999999999999339e-02,1.408185922232483733e+02,9.774883607313316361e-06,1.957900804406783046e-01,3.790000000000000036e-01,9.802617010109107021e-01,9.922219933582345774e-01,3.950000000000000178e-01
0.000000000000000000e+00,9.800000000000000933e-01,1.699999999999999428e-02,1.408185922232483733e+02,9.774883607313316361e-06,1.957900804406783046e-01,3.790000000000000036e-01,9.802617010109107021e-01,9.922219933582345774e-01,3.960000000000000187e-01
0.000000000000000000e+00,9.800000000000000933e-01,1.799999999999999517e-02,1.408185922232483733e+02,9.774883607313316361e-06,1.957900804406783046e-01,3.790000000000000036e-01,9.802617010109107021e-01,9.922219933582345774e-01,3.970000000000000195e-01
0.000000000000000000e+00,9.800000000000000933e-01,1.899999999999999259e-02,1.408185922232483733e+02,9.774883607313316361e-06,1.957900804406783046e-01,3.790000000000000036e-01,9.802617010109107021e-01,9.922219933582345774e-01,3.980000000000000204e-01
0.000000000000000000e+00,9.800000000000000933e-01,1.999999999999999001e-02,1.408185922232483733e+02,9.774883607313316361e-06,1.957900804406783046e-01,3.790000000000000036e-01,9.802617010109107021e-01,9.922219933582345774e-01,3.990000000000000213e-01
0.000000000000000000e+00,9.800000000000000933e-01,2.099999999999999090e-02,1.408185922232483733e+02,9.774883607313316361e-06,1.957900804406783046e-01,3.790000000000000036e-01,9.802617010109107021e-01,9.922219933582345774e-01,4.000000000000000222e-01
0.000000000000000000e+00,9.800000000000000933e-01,2.199999999999999178e-02,1.408185922232483733e+02,9.774883607313316361e-06,1.957900804406783046e-01,3.790000000000000036e-01,9.802617010109107021e-01,9.922219933582345774e-01,4.010000000000000231e-01
0.000000000000000000e+00,9.800000000000000933e-01,2.299999999999998920e-02,1.408185922232483733e+02,9.774883607313316361e-06,1.957900804406783046e-01,3.790000000000000036e-01,9.802617010109107021e-01,9.922219933582345774e-01,4.019999999999999685e-01
0.000000000000000000e+00,9.800000000000000933e-01,2.399999999999998662e-02,1.408185922232483733e+02,9.774883607313316361e-06,1.957900804406783046e-01,3.790000000000000036e-01,9.802617010109107021e-01,9.922219933582345774e-01,4.029999999999999694e-01
0.000000000000000000e+00,9.800000000000000933e-01,2.499999999999998751e-02,1.408185922232483733e+02,9.774883607313316361e-06,1.957900804406783046e-01,3.790000000000000036e-01,9.802617010109107021e-01,9.922219933582345774e-01,4.039999999999999702e-01
0.000000000000000000e+00,9.800000000000000933e-01,2.599999999999998840e-02,1.408185922232483733e+02,9.774883607313316361e-06,1.957900804406783046e-01,3.790000000000000036e-01,9.802617010109107021e-01,9.922219933582345774e-01,4.049999999999999711e-01
0.000000000000000000e+00,9.800000000000000933e-01,2.699999999999998929e-02,1.408185922232483733e+02,9.774883607313316361e-06,1.957900804406783046e-01,3.790000000000000036e-01,9.802617010109107021e-01,9.922219933582345774e-01,4.059999999999999720e-01
0.000000000000000000e+00,9.800000000000000933e-01,2.799999999999998324e-02,1.408185922232483733e+02,9.774883607313316361e-06,1.957900804406783046e-01,3.790000000000000036e-01,9.802617010109107021e-01,9.922219933582345774e-01,4.069999999999999729e-01
0.000000000000000000e+00,9.800000000000000933e-01,2.899999999999998412e-02,1.408185922232483733e+02,9.774883607313316361e-06,1.957900804406783046e-01,3.790000000000000036e-01,9.802617010109107021e-01,9.922219933582345774e-01,4.079999999999999738e-01
0.000000000000000000e+00,9.800000000000000933e-01,2.999999999999998501e-02,1.408185922232483733e+02,9.774883607313316361e-06,1.957900804406783046e-01,3.790000000000000036e-01,9.802617010109107021e-01,9.922219933582345774e-01,4.089999999999999747e-01
0.000000000000000000e+00,9.800000000000000933e-01,3.099999999999998590e-02,1.408185922232483733e+02,9.774883607313316361e-06,1.957900804406783046e-01,3.790000000000000036e-01,9.802617010109107021e-01,9.922219933582345774e-01,4.099999999999999756e-01
0.000000000000000000e+00,9.800000000000000933e-01,3.199999999999997985e-02,1.408185922232483733e+02,9.774883607313316361e-06,1.957900804406783046e-01,3.790000000000000036e-01,9.802617010109107021e-01,9.922219933582345774e-01,4.109999999999999765e-01
0.000000000000000000e+00,9.800000000000000933e-01,3.299999999999998074e-02,1.408185922232483733e+02,9.774883607313316361e-06,1.957900804406783046e-01,3.790000000000000036e-01,9.802617010109107021e-01,9.922219933582345774e-01,4.119999999999999774e-01
0.000000000000000000e+00,9.800000000000000933e-01,3.399999999999998163e-02,1.408185922232483733e+02,9.774883607313316361e-06,1.957900804406783046e-01,3.790000000000000036e-01,9.802617010109107021e-01,9.922219933582345774e-01,4.129999999999999782e-01
0.000000000000000000e+00,9.800000000000000933e-01,3.499999999999998251e-02,1.408185922232483733e+02,9.774883607313316361e-06,1.957900804406783046e-01,3.790000000000000036e-01,9.802617010109107021e-01,9.922219933582345774e-01,4.139999999999999791e-01
0.000000000000000000e+00,9.800000000000000933e-01,3.599999999999997646e-02,1.408185922232483733e+02,9.774883607313316361e-06,1.957900804406783046e-01,3.790000000000000036e-01,9.802617010109107021e-01,9.922219933582345774e-01,4.149999999999999800e-01
0.000000000000000000e+00,9.800000000000000933e-01,3.699999999999997735e-02,1.408185922232483733e+02,9.774883607313316361e-06,1.957900804406783046e-01,3.790000000000000036e-01,9.802617010109107021e-01,9.922219933582345774e-01,4.159999999999999809e-01
0.000000000000000000e+00,9.800000000000000933e-01,3.799999999999997824e-02,1.408185922232483733e+02,9.774883607313316361e-06,1.957900804406783046e-01,3.790000000000000036e-01,9.802617010109107021e-01,9.922219933582345774e-01,4.169999999999999818e-01
0.000000000000000000e+00,9.800000000000000933e-01,3.899999999999997913e-02,1.408185922232483733e+02,9.774883607313316361e-06,1.957900804406783046e-01,3.790000000000000036e-01,9.802617010109107021e-01,9.922219933582345774e-01,4.179999999999999827e-01
0.000000000000000000e+00,9.800000000000000933e-01,3.999999999999997308e-02,1.408185922232483733e+02,9.774883607313316361e-06,1.957900804406783046e-01,3.790000000000000036e-01,9.802617010109107021e-01,9.922219933582345774e-01,4.189999999999999836e-01
0.000000000000000000e+00,9.800000000000000933e-01,4.099999999999997397e-02,1.408185922232483733e+02,9.774883607313316361e-06,1.957900804406783046e-01,3.790000000000000036e-01,9.802617010109107021e-01,9.922219933582345774e-01,4.199999999999999845e-01
0.000000000000000000e+00,9.800000000000000933e-01,4.199999999999997485e-02,1.408185922232483733e+02,9.774883607313316361e-06,1.957900804406783046e-01,3.790000000000000036e-01,9.802617010109107021e-01,9.922219933582345774e-01,4.209999999999999853e-01
0.000000000000000000e+00,9.800000000000000933e-01,4.299999999999997574e-02,1.408185922232483733e+02,9.774883607313316361e-06,1.957900804406783046e-01,3.790000000000000036e-01,9.802617010109107021e-01,9.922219933582345774e-01,4.219999999999999862e-01
0.000000000000000000e+00,9.800000000000000933e-01,4.399999999999997663e-02,1.408185922232483733e+02,9.774883607313316361e-06,1.957900804406783046e-01,3.790000000000000036e-01,9.802617010109107021e-01,9.922219933582345774e-01,4.229999999999999871e-01
0.000000000000000000e+00,9.800000000000000933e-01,4.499999999999997058e-02,1.408185922232483733e+02,9.774883607313316361e-06,1.957900804406783046e-01,3.790000000000000036e-01,9.802617010109107021e-01,9.922219933582345774e-01,4.239999999999999880e-01
0.000000000000000000e+00,9.800000000000000933e-01,4.599999999999997147e-02,1.408185922232483733e+02,9.774883607313316361e-06,1.957900804406783046e-01,3.790000000000000036e-01,9.802617010109107021e-01,9.922219933582345774e-01,4.249999999999999889e-01
0.000000000000000000e+00,9.800000000000000933e-01,4.699999999999997236e-02,1.408185922232483733e+02,9.774883607313316361e-06,1.957900804406783046e-01,3.790000000000000036e-01,9.802617010109107021e-01,9.922219933582345774e-01,4.259999999999999898e-01
0.000000000000000000e+00,9.800000000000000933e-01,4.799999999999996630e-02,1.408185922232483733e+02,9.774883607313316361e-06,1.957900804406783046e-01,3.790000000000000036e-01,9.802617010109107021e-01,9.922219933582345774e-01,4.269999999999999907e-01
0.000000000000000000e+00,9.800000000000000933e-01,4.899999999999996719e-02,1.408185922232483733e+02,9.774883607313316361e-06,1.957900804406783046e-01,3.790000000000000036e-01,9.802617010109107021e-01,9.922219933582345774e-01,4.279999999999999916e-01
0.000000000000000000e+00,9.810000000000000941e-01,1.000000000000000021e-02,1.424683465799818123e+02,1.064998253635916723e-05,1.970954845104613273e-01,3.810000000000002274e-01,9.811820284541284964e-01,9.927537549969174258e-01,3.910000000000002363e-01
0.000000000000000000e+00,9.810000000000000941e-01,1.099999999999999936e-02,1.424683465799818123e+02,1.064998253635916723e-05,1.970954845104613273e-01,3.810000000000002274e-01,9.811820284541284964e-01,9.927537549969174258e-01,3.920000000000002371e-01
0.000000000000000000e+00,9.810000000000000941e-01,1.199999999999999852e-02,1.424683465799818123e+02,1.064998253635916723e-05,1.970954845104613273e-01,3.810000000000002274e-01,9.811820284541284964e-01,9.927537549969174258e-01,3.930000000000002380e-01
0.000000000000000000e+00,9.810000000000000941e-01,1.299999999999999767e-02,1.424683465799818123e+02,1.064998253635916723e-05,1.970954845104613273e-01,3.810000000000002274e-01,9.811820284541284964e-01,9.927537549969174258e-01,3.940000000000002389e-01
0.000000000000000000e+00,9.810000000000000941e-01,1.399999999999999682e-02,1.424683465799818123e+02,1.064998253635916723e-05,1.970954845104613273e-01,3.810000000000002274e-01,9.811820284541284964e-01,9.927537549969174258e-01,3.950000000000002398e-01
0.000000000000000000e+00,9.810000000000000941e-01,1.499999999999999598e-02,1.424683465799818123e+02,1.064998253635916723e-05,1.970954845104613273e-01,3.810000000000002274e-01,9.811820284541284964e-01,9.927537549969174258e-01,3.960000000000002407e-01
0.000000000000000000e+00,9.810000000000000941e-01,1.599999999999999339e-02,1.424683465799818123e+02,1.064998253635916723e-05,1.970954845104613273e-01,3.810000000000002274e-01,9.811820284541284964e-01,9.927537549969174258e-01,3.970000000000002416e-01
0.000000000000000000e+00,9.810000000000000941e-01,1.699999999999999428e-02,1.424683465799818123e+02,1.064998253635916723e-05,1.970954845104613273e-01,3.810000000000002274e-01,9.811820284541284964e-01,9.927537549969174258e-01,3.980000000000002425e-01
0.000000000000000000e+00,9.810000000000000941e-01,1.799999999999999517e-02,1.424683465799818123e+02,1.064998253635916723e-05,1.970954845104613273e-01,3.810000000000002274e-01,9.811820284541284964e-01,9.927537549969174258e-01,3.990000000000002434e-01
0.000000000000000000e+00,9.810000000000000941e-01,1.899999999999999259e-02,1.424683465799818123e+02,1.064998253635916723e-05,1.970954845104613273e-01,3.810000000000002274e-01,9.811820284541284964e-01,9.927537549969174258e-01,4.000000000000002442e-01
0.000000000000000000e+00,9.810000000000000941e-01,1.999999999999999001e-02,1.424683465799818123e+02,1.064998253635916723e-05,1.970954845104613273e-01,3.810000000000002274e-01,9.811820284541284964e-01,9.927537549969174258e-01,4.010000000000002451e-01
0.000000000000000000e+00,9.810000000000000941e-01,2.099999999999999090e-02,1.424683465799818123e+02,1.064998253635916723e-05,1.970954845104613273e-01,3.810000000000002274e-01,9.811820284541284964e-01,9.927537549969174258e-01,4.020000000000002460e-01
0.000000000000000000e+00,9.810000000000000941e-01,2.199999999999999178e-02,1.424683465799818123e+02,1.064998253635916723e-05,1.970954845104613273e-01,3.810000000000002274e-01,9.811820284541284964e-01,9.927537549969174258e-01,4.030000000000002469e-01
0.000000000000000000e+00,9.810000000000000941e-01,2.299999999999998920e-02,1.424683465799818123e+02,1.064998253635916723e-05,1.970954845104613273e-01,3.810000000000002274e-01,9.811820284541284964e-01,9.927537549969174258e-01,4.040000000000001923e-01
0.000000000000000000e+00,9.810000000000000941e-01,2.399999999999998662e-02,1.424683465799818123e+02,1.064998253635916723e-05,1.970954845104613273e-01,3.810000000000002274e-01,9.811820284541284964e-01,9.927537549969174258e-01,4.050000000000001932e-01
0.000000000000000000e+00,9.810000000000000941e-01,2.499999999999998751e-02,1.424683465799818123e+02,1.064998253635916723e-05,1.970954845104613273e-01,3.810000000000002274e-01,9.811820284541284964e-01,9.927537549969174258e-01,4.060000000000001941e-01
0.000000000000000000e+00,9.810000000000000941e-01,2.599999999999998840e-02,1.424683465799818123e+02,1.064998253635916723e-05,1.970954845104613273e-01,3.810000000000002274e-01,9.811820284541284964e-01,9.927537549969174258e-01,4.070000000000001950e-01
0.000000000000000000e+00,9.810000000000000941e-01,2.699999999999998929e-02,1.424683465799818123e+02,1.064998253635916723e-05,1.970954845104613273e-01,3.810000000000002274e-01,9.811820284541284964e-01,9.927537549969174258e-01,4.080000000000001958e-01
0.000000000000000000e+00,9.810000000000000941e-01,2.799999999999998324e-02,1.424683465799818123e+02,1.064998253635916723e-05,1.970954845104613273e-01,3.810000000000002274e-01,9.811820284541284964e-01,9.927537549969174258e-01,4.090000000000001967e-01
0.000000000000000000e+00,9.810000000000000941e-01,2.899999999999998412e-02,1.424683465799818123e+02,1.064998253635916723e-05,1.970954845104613273e-01,3.810000000000002274e-01,9.811820284541284964e-01,9.927537549969174258e-01,4.100000000000001976e-01
0.000000000000000000e+00,9.810000000000000941e-01,2.999999999999998501e-02,1.424683465799818123e+02,1.064998253635916723e-05,1.970954845104613273e-01,3.810000000000002274e-01,9.811820284541284964e-01,9.927537549969174258e-01,4.110000000000001985e-01
0.000000000000000000e+00,9.810000000000000941e-01,3.099999999999998590e-02,1.424683465799818123e+02,1.064998253635916723e-05,1.970954845104613273e-01,3.810000000000002274e-01,9.811820284541284964e-01,9.927537549969174258e-01,4.120000000000001994e-01
0.000000000000000000e+00,9.810000000000000941e-01,3.199999999999997985e-02,1.424683465799818123e+02,1.064998253635916723e-05,1.970954845104613273e-01,3.810000000000002274e-01,9.811820284541284964e-01,9.927537549969174258e-01,4.130000000000002003e-01
0.000000000000000000e+00,9.810000000000000941e-01,3.299999999999998074e-02,1.424683465799818123e+02,1.064998253635916723e-05,1.970954845104613273e-01,3.810000000000002274e-01,9.811820284541284964e-01,9.927537549969174258e-01,4.140000000000002012e-01
0.000000000000000000e+00,9.810000000000000941e-01,3.399999999999998163e-02,1.424683465799818123e+02,1.064998253635916723e-05,1.970954845104613273e-01,3.810000000000002274e-01,9.811820284541284964e-01,9.927537549969174258e-01,4.150000000000002021e-01
0.000000000000000000e+00,9.810000000000000941e-01,3.499999999999998251e-02,1.424683465799818123e+02,1.064998253635916723e-05,1.970954845104613273e-01,3.810000000000002274e-01,9.811820284541284964e-01,9.927537549969174258e-01,4.160000000000002029e-01
0.000000000000000000e+00,9.810000000000000941e-01,3.599999999999997646e-02,1.424683465799818123e+02,1.064998253635916723e-05,1.970954845104613273e-01,3.810000000000002274e-01,9.811820284541284964e-01,9.927537549969174258e-01,4.170000000000002038e-01
0.000000000000000000e+00,9.810000000000000941e-01,3.699999999999997735e-02,1.424683465799818123e+02,1.064998253635916723e-05,1.970954845104613273e-01,3.810000000000002274e-01,9.811820284541284964e-01,9.927537549969174258e-01,4.180000000000002047e-01
0.000000000000000000e+00,9.810000000000000941e-01,3.799999999999997824e-02,1.424683465799818123e+02,1.064998253635916723e-05,1.970954845104613273e-01,3.810000000000002274e-01,9.811820284541284964e-01,9.927537549969174258e-01,4.190000000000002056e-01
0.000000000000000000e+00,9.810000000000000941e-01,3.899999999999997913e-02,1.424683465799818123e+02,1.064998253635916723e-05,1.970954845104613273e-01,3.810000000000002274e-01,9.811820284541284964e-01,9.927537549969174258e-01,4.200000000000002065e-01
0.000000000000000000e+00,9.810000000000000941e-01,3.999999999999997308e-02,1.424683465799818123e+02,1.064998253635916723e-05,1.970954845104613273e-01,3.810000000000002274e-01,9.811820284541284964e-01,9.927537549969174258e-01,4.210000000000002074e-01
0.000000000000000000e+00,9.810000000000000941e-01,4.099999999999997397e-02,1.424683465799818123e+02,1.064998253635916723e-05,1.970954845104613273e-01,3.810000000000002274e-01,9.811820284541284964e-01,9.927537549969174258e-01,4.220000000000002083e-01
0.000000000000000000e+00,9.810000000000000941e-01,4.199999999999997485e-02,1.424683465799818123e+02,1.064998253635916723e-05,1.970954845104613273e-01,3.810000000000002274e-01,9.811820284541284964e-01,9.927537549969174258e-01,4.230000000000002092e-01
0.000000000000000000e+00,9.810000000000000941e-01,4.299999999999997574e-02,1.424683465799818123e+02,1.064998253635916723e-05,1.970954845104613273e-01,3.810000000000002274e-01,9.811820284541284964e-01,9.927537549969174258e-01,4.240000000000002101e-01
0.000000000000000000e+00,9.810000000000000941e-01,4.399999999999997663e-02,1.424683465799818123e+02,1.064998253635916723e-05,1.970954845104613273e-01,3.810000000000002274e-01,9.811820284541284964e-01,9.927537549969174258e-01,4.250000000000002109e-01
0.000000000000000000e+00,9.810000000000000941e-01,4.499999999999997058e-02,1.424683465799818123e+02,1.064998253635916723e-05,1.970954845104613273e-01,3.810000000000002274e-01,9.811820284541284964e-01,9.927537549969174258e-01,4.260000000000002118e-01
0.000000000000000000e+00,9.810000000000000941e-01,4.599999999999997147e-02,1.424683465799818123e+02,1.064998253635916723e-05,1.970954845104613273e-01,3.810000000000002274e-01,9.811820284541284964e-01,9.927537549969174258e-01,4.270000000000002127e-01
0.000000000000000000e+00,9.810000000000000941e-01,4.699999999999997236e-02,1.424683465799818123e+02,1.064998253635916723e-05,1.970954845104613273e-01,3.810000000000002274e-01,9.811820284541284964e-01,9.927537549969174258e-01,4.280000000000002136e-01
0.000000000000000000e+00,9.810000000000000941e-01,4.799999999999996630e-02,1.424683465799818123e+02,1.064998253635916723e-05,1.970954845104613273e-01,3.810000000000002274e-01,9.811820284541284964e-01,9.927537549969174258e-01,4.290000000000002145e-01
0.000000000000000000e+00,9.810000000000000941e-01,4.899999999999996719e-02,1.424683465799818123e+02,1.064998253635916723e-05,1.970954845104613273e-01,3.810000000000002274e-01,9.811820284541284964e-01,9.927537549969174258e-01,4.300000000000002154e-01
0.000000000000000000e+00,9.820000000000000950e-01,1.000000000000000021e-02,1.441145258947740331e+02,1.158001582087300921e-05,1.983869851670045092e-01,3.830000000000000071e-01,9.820542345392886396e-01,9.932583717257279510e-01,3.930000000000000160e-01
0.000000000000000000e+00,9.820000000000000950e-01,1.099999999999999936e-02,1.441145258947740331e+02,1.158001582087300921e-05,1.983869851670045092e-01,3.830000000000000071e-01,9.820542345392886396e-01,9.932583717257279510e-01,3.940000000000000169e-01
0.000000000000000000e+00,9.820000000000000950e-01,1.199999999999999852e-02,1.441145258947740331e+02,1.158001582087300921e-05,1.983869851670045092e-01,3.830000000000000071e-01,9.820542345392886396e-01,9.932583717257279510e-01,3.950000000000000178e-01
0.000000000000000000e+00,9.820000000000000950e-01,1.299999999999999767e-02,1.441145258947740331e+02,1.158001582087300921e-05,1.983869851670045092e-01,3.830000000000000071e-01,9.820542345392886396e-01,9.932583717257279510e-01,3.960000000000000187e-01
0.000000000000000000e+00,9.820000000000000950e-01,1.399999999999999682e-02,1.441145258947740331e+02,1.158001582087300921e-05,1.983869851670045092e-01,3.830000000000000071e-01,9.820542345392886396e-01,9.932583717257279510e-01,3.970000000000000195e-01
0.000000000000000000e+00,9.820000000000000950e-01,1.499999999999999598e-02,1.441145258947740331e+02,1.158001582087300921e-05,1.983869851670045092e-01,3.830000000000000071e-01,9.820542345392886396e-01,9.932583717257279510e-01,3.980000000000000204e-01
0.000000000000000000e+00,9.820000000000000950e-01,1.599999999999999339e-02,1.441145258947740331e+02,1.158001582087300921e-05,1.983869851670045092e-01,3.830000000000000071e-01,9.820542345392886396e-01,9.932583717257279510e-01,3.990000000000000213e-01
0.000000000000000000e+00,9.820000000000000950e-01,1.699999999999999428e-02,1.441145258947740331e+02,1.158001582087300921e-05,1.983869851670045092e-01,3.830000000000000071e-01,9.820542345392886396e-01,9.932583717257279510e-01,4.000000000000000222e-01
0.000000000000000000e+00,9.820000000000000950e-01,1.799999999999999517e-02,1.441145258947740331e+02,1.158001582087300921e-05,1.983869851670045092e-01,3.830000000000000071e-01,9.820542345392886396e-01,9.932583717257279510e-01,4.010000000000000231e-01
0.000000000000000000e+00,9.820000000000000950e-01,1.899999999999999259e-02,1.441145258947740331e+02,1.158001582087300921e-05,1.983869851670045092e-01,3.830000000000000071e-01,9.820542345392886396e-01,9.932583717257279510e-01,4.020000000000000240e-01
0.000000000000000000e+00,9.820000000000000950e-01,1.999999999999999001e-02,1.441145258947740331e+02,1.158001582087300921e-05,1.983869851670045092e-01,3.830000000000000071e-01,9.820542345392886396e-01,9.932583717257279510e-01,4.030000000000000249e-01
0.000000000000000000e+00,9.820000000000000950e-01,2.099999999999999090e-02,1.441145258947740331e+02,1.158001582087300921e-05,1.983869851670045092e-01,3.830000000000000071e-01,9.820542345392886396e-01,9.932583717257279510e-01,4.040000000000000258e-01
0.000000000000000000e+00,9.820000000000000950e-01,2.199999999999999178e-02,1.441145258947740331e+02,1.158001582087300921e-05,1.983869851670045092e-01,3.830000000000000071e-01,9.820542345392886396e-01,9.932583717257279510e-01,4.050000000000000266e-01
0.000000000000000000e+00,9.820000000000000950e-01,2.299999999999998920e-02,1.441145258947740331e+02,1.158001582087300921e-05,1.983869851670045092e-01,3.830000000000000071e-01,9.820542345392886396e-01,9.932583717257279510e-01,4.059999999999999720e-01
0.000000000000000000e+00,9.820000000000000950e-01,2.399999999999998662e-02,1.441145258947740331e+02,1.158001582087300921e-05,1.983869851670045092e-01,3.830000000000000071e-01,9.820542345392886396e-01,9.932583717257279510e-01,4.069999999999999729e-01
0.000000000000000000e+00,9.820000000000000950e-01,2.499999999999998751e-02,1.441145258947740331e+02,1.158001582087300921e-05,1.983869851670045092e-01,3.830000000000000071e-01,9.820542345392886396e-01,9.932583717257279510e-01,4.079999999999999738e-01
0.000000000000000000e+00,9.820000000000000950e-01,2.599999999999998840e-02,1.441145258947740331e+02,1.158001582087300921e-05,1.983869851670045092e-01,3.830000000000000071e-01,9.820542345392886396e-01,9.932583717257279510e-01,4.089999999999999747e-01
0.000000000000000000e+00,9.820000000000000950e-01,2.699999999999998929e-02,1.441145258947740331e+02,1.158001582087300921e-05,1.983869851670045092e-01,3.830000000000000071e-01,9.820542345392886396e-01,9.932583717257279510e-01,4.099999999999999756e-01
0.000000000000000000e+00,9.820000000000000950e-01,2.799999999999998324e-02,1.441145258947740331e+02,1.158001582087300921e-05,1.983869851670045092e-01,3.830000000000000071e-01,9.820542345392886396e-01,9.932583717257279510e-01,4.109999999999999765e-01
0.000000000000000000e+00,9.820000000000000950e-01,2.899999999999998412e-02,1.441145258947740331e+02,1.158001582087300921e-05,1.983869851670045092e-01,3.830000000000000071e-01,9.820542345392886396e-01,9.932583717257279510e-01,4.119999999999999774e-01
0.000000000000000000e+00,9.820000000000000950e-01,2.999999999999998501e-02,1.441145258947740331e+02,1.158001582087300921e-05,1.983869851670045092e-01,3.830000000000000071e-01,9.820542345392886396e-01,9.932583717257279510e-01,4.129999999999999782e-01
0.000000000000000000e+00,9.820000000000000950e-01,3.099999999999998590e-02,1.441145258947740331e+02,1.158001582087300921e-05,1.983869851670045092e-01,3.830000000000000071e-01,9.820542345392886396e-01,9.932583717257279510e-01,4.139999999999999791e-01
0.000000000000000000e+00,9.820000000000000950e-01,3.199999999999997985e-02,1.441145258947740331e+02,1.158001582087300921e-05,1.983869851670045092e-01,3.830000000000000071e-01,9.820542345392886396e-01,9.932583717257279510e-01,4.149999999999999800e-01
0.000000000000000000e+00,9.820000000000000950e-01,3.299999999999998074e-02,1.441145258947740331e+02,1.158001582087300921e-05,1.983869851670045092e-01,3.830000000000000071e-01,9.820542345392886396e-01,9.932583717257279510e-01,4.159999999999999809e-01
0.000000000000000000e+00,9.820000000000000950e-01,3.399999999999998163e-02,1.441145258947740331e+02,1.158001582087300921e-05,1.983869851670045092e-01,3.830000000000000071e-01,9.820542345392886396e-01,9.932583717257279510e-01,4.169999999999999818e-01
0.000000000000000000e+00,9.820000000000000950e-01,3.499999999999998251e-02,1.441145258947740331e+02,1.158001582087300921e-05,1.983869851670045092e-01,3.830000000000000071e-01,9.820542345392886396e-01,9.932583717257279510e-01,4.179999999999999827e-01
0.000000000000000000e+00,9.820000000000000950e-01,3.599999999999997646e-02,1.441145258947740331e+02,1.158001582087300921e-05,1.983869851670045092e-01,3.830000000000000071e-01,9.820542345392886396e-01,9.932583717257279510e-01,4.189999999999999836e-01
0.000000000000000000e+00,9.820000000000000950e-01,3.699999999999997735e-02,1.441145258947740331e+02,1.158001582087300921e-05,1.983869851670045092e-01,3.830000000000000071e-01,9.820542345392886396e-01,9.932583717257279510e-01,4.199999999999999845e-01
0.000000000000000000e+00,9.820000000000000950e-01,3.799999999999997824e-02,1.441145258947740331e+02,1.158001582087300921e-05,1.983869851670045092e-01,3.830000000000000071e-01,9.820542345392886396e-01,9.932583717257279510e-01,4.209999999999999853e-01
0.000000000000000000e+00,9.820000000000000950e-01,3.899999999999997913e-02,1.441145258947740331e+02,1.158001582087300921e-05,1.983869851670045092e-01,3.830000000000000071e-01,9.820542345392886396e-01,9.932583717257279510e-01,4.219999999999999862e-01
0.000000000000000000e+00,9.820000000000000950e-01,3.999999999999997308e-02,1.441145258947740331e+02,1.158001582087300921e-05,1.983869851670045092e-01,3.830000000000000071e-01,9.820542345392886396e-01,9.932583717257279510e-01,4.229999999999999871e-01
0.000000000000000000e+00,9.820000000000000950e-01,4.099999999999997397e-02,1.441145258947740331e+02,1.158001582087300921e-05,1.983869851670045092e-01,3.830000000000000071e-01,9.820542345392886396e-01,9.932583717257279510e-01,4.239999999999999880e-01
0.000000000000000000e+00,9.820000000000000950e-01,4.199999999999997485e-02,1.441145258947740331e+02,1.158001582087300921e-05,1.983869851670045092e-01,3.830000000000000071e-01,9.820542345392886396e-01,9.932583717257279510e-01,4.249999999999999889e-01
0.000000000000000000e+00,9.820000000000000950e-01,4.299999999999997574e-02,1.441145258947740331e+02,1.158001582087300921e-05,1.983869851670045092e-01,3.830000000000000071e-01,9.820542345392886396e-01,9.932583717257279510e-01,4.259999999999999898e-01
0.000000000000000000e+00,9.820000000000000950e-01,4.399999999999997663e-02,1.441145258947740331e+02,1.158001582087300921e-05,1.983869851670045092e-01,3.830000000000000071e-01,9.820542345392886396e-01,9.932583717257279510e-01,4.269999999999999907e-01
0.000000000000000000e+00,9.820000000000000950e-01,4.499999999999997058e-02,1.441145258947740331e+02,1.158001582087300921e-05,1.983869851670045092e-01,3.830000000000000071e-01,9.820542345392886396e-01,9.932583717257279510e-01,4.279999999999999916e-01
0.000000000000000000e+00,9.820000000000000950e-01,4.599999999999997147e-02,1.441145258947740331e+02,1.158001582087300921e-05,1.983869851670045092e-01,3.830000000000000071e-01,9.820542345392886396e-01,9.932583717257279510e-01,4.289999999999999925e-01
0.000000000000000000e+00,9.820000000000000950e-01,4.699999999999997236e-02,1.441145258947740331e+02,1.158001582087300921e-05,1.983869851670045092e-01,3.830000000000000071e-01,9.820542345392886396e-01,9.932583717257279510e-01,4.299999999999999933e-01
0.000000000000000000e+00,9.820000000000000950e-01,4.799999999999996630e-02,1.441145258947740331e+02,1.158001582087300921e-05,1.983869851670045092e-01,3.830000000000000071e-01,9.820542345392886396e-01,9.932583717257279510e-01,4.309999999999999942e-01
0.000000000000000000e+00,9.820000000000000950e-01,4.899999999999996719e-02,1.441145258947740331e+02,1.158001582087300921e-05,1.983869851670045092e-01,3.830000000000000071e-01,9.820542345392886396e-01,9.932583717257279510e-01,4.319999999999999951e-01
0.000000000000000000e+00,9.830000000000000959e-01,1.000000000000000021e-02,1.465707411831554623e+02,1.307794484802286886e-05,2.003010368604871416e-01,3.860000000000001208e-01,9.832575310968660887e-01,9.939714252448511589e-01,3.960000000000001297e-01
0.000000000000000000e+00,9.830000000000000959e-01,1.099999999999999936e-02,1.465707411831554623e+02,1.307794484802286886e-05,2.003010368604871416e-01,3.860000000000001208e-01,9.832575310968660887e-01,9.939714252448511589e-01,3.970000000000001306e-01
0.000000000000000000e+00,9.830000000000000959e-01,1.199999999999999852e-02,1.465707411831554623e+02,1.307794484802286886e-05,2.003010368604871416e-01,3.860000000000001208e-01,9.832575310968660887e-01,9.939714252448511589e-01,3.980000000000001315e-01
0.000000000000000000e+00,9.830000000000000959e-01,1.299999999999999767e-02,1.465707411831554623e+02,1.307794484802286886e-05,2.003010368604871416e-01,3.860000000000001208e-01,9.832575310968660887e-01,9.939714252448511589e-01,3.990000000000001323e-01
0.000000000000000000e+00,9.830000000000000959e-01,1.399999999999999682e-02,1.465707411831554623e+02,1.307794484802286886e-05,2.003010368604871416e-01,3.860000000000001208e-01,9.832575310968660887e-01,9.939714252448511589e-01,4.000000000000001332e-01
0.000000000000000000e+00,9.830000000000000959e-01,1.499999999999999598e-02,1.465707411831554623e+02,1.307794484802286886e-05,2.003010368604871416e-01,3.860000000000001208e-01,9.832575310968660887e-01,9.939714252448511589e-01,4.010000000000001341e-01
0.000000000000000000e+00,9.830000000000000959e-01,1.599999999999999339e-02,1.465707411831554623e+02,1.307794484802286886e-05,2.003010368604871416e-01,3.860000000000001208e-01,9.832575310968660887e-01,9.939714252448511589e-01,4.020000000000001350e-01
0.000000000000000000e+00,9.830000000000000959e-01,1.699999999999999428e-02,1.465707411831554623e+02,1.307794484802286886e-05,2.003010368604871416e-01,3.860000000000001208e-01,9.832575310968660887e-01,9.939714252448511589e-01,4.030000000000001359e-01
0.000000000000000000e+00,9.830000000000000959e-01,1.799999999999999517e-02,1.465707411831554623e+02,1.307794484802286886e-05,2.003010368604871416e-01,3.860000000000001208e-01,9.832575310968660887e-01,9.939714252448511589e-01,4.040000000000001368e-01
0.000000000000000000e+00,9.830000000000000959e-01,1.899999999999999259e-02,1.465707411831554623e+02,1.307794484802286886e-05,2.003010368604871416e-01,3.860000000000001208e-01,9.832575310968660887e-01,9.939714252448511589e-01,4.050000000000001377e-01
0.000000000000000000e+00,9.830000000000000959e-01,1.999999999999999001e-02,1.465707411831554623e+02,1.307794484802286886e-05,2.003010368604871416e-01,3.860000000000001208e-01,9.832575310968660887e-01,9.939714252448511589e-01,4.060000000000001386e-01
0.000000000000000000e+00,9.830000000000000959e-01,2.099999999999999090e-02,1.465707411831554623e+02,1.307794484802286886e-05,2.003010368604871416e-01,3.860000000000001208e-01,9.832575310968660887e-01,9.939714252448511589e-01,4.070000000000001394e-01
0.000000000000000000e+00,9.830000000000000959e-01,2.199999999999999178e-02,1.465707411831554623e+02,1.307794484802286886e-05,2.003010368604871416e-01,3.860000000000001208e-01,9.832575310968660887e-01,9.939714252448511589e-01,4.080000000000001403e-01
0.000000000000000000e+00,9.830000000000000959e-01,2.299999999999998920e-02,1.465707411831554623e+02,1.307794484802286886e-05,2.003010368604871416e-01,3.860000000000001208e-01,9.832575310968660887e-01,9.939714252448511589e-01,4.090000000000000857e-01
0.000000000000000000e+00,9.830000000000000959e-01,2.399999999999998662e-02,1.465707411831554623e+02,1.307794484802286886e-05,2.003010368604871416e-01,3.860000000000001208e-01,9.832575310968660887e-01,9.939714252448511589e-01,4.100000000000000866e-01
0.000000000000000000e+00,9.830000000000000959e-01,2.499999999999998751e-02,1.465707411831554623e+02,1.307794484802286886e-05,2.003010368604871416e-01,3.860000000000001208e-01,9.832575310968660887e-01,9.939714252448511589e-01,4.110000000000000875e-01
0.000000000000000000e+00,9.830000000000000959e-01,2.599999999999998840e-02,1.465707411831554623e+02,1.307794484802286886e-05,2.003010368604871416e-01,3.860000000000001208e-01,9.832575310968660887e-01,9.939714252448511589e-01,4.120000000000000884e-01
0.000000000000000000e+00,9.830000000000000959e-01,2.699999999999998929e-02,1.465707411831554623e+02,1.307794484802286886e-05,2.003010368604871416e-01,3.860000000000001208e-01,9.832575310968660887e-01,9.939714252448511589e-01,4.130000000000000893e-01
0.000000000000000000e+00,9.830000000000000959e-01,2.799999999999998324e-02,1.465707411831554623e+02,1.307794484802286886e-05,2.003010368604871416e-01,3.860000000000001208e-01,9.832575310968660887e-01,9.939714252448511589e-01,4.140000000000000902e-01
0.000000000000000000e+00,9.830000000000000959e-01,2.899999999999998412e-02,1.465707411831554623e+02,1.307794484802286886e-05,2.003010368604871416e-01,3.860000000000001208e-01,9.832575310968660887e-01,9.939714252448511589e-01,4.150000000000000910e-01
0.000000000000000000e+00,9.830000000000000959e-01,2.999999999999998501e-02,1.465707411831554623e+02,1.307794484802286886e-05,2.003010368604871416e-01,3.860000000000001208e-01,9.832575310968660887e-01,9.939714252448511589e-01,4.160000000000000919e-01
0.000000000000000000e+00,9.830000000000000959e-01,3.099999999999998590e-02,1.465707411831554623e+02,1.307794484802286886e-05,2.003010368604871416e-01,3.860000000000001208e-01,9.832575310968660887e-01,9.939714252448511589e-01,4.170000000000000928e-01
0.000000000000000000e+00,9.830000000000000959e-01,3.199999999999997985e-02,1.465707411831554623e+02,1.307794484802286886e-05,2.003010368604871416e-01,3.860000000000001208e-01,9.832575310968660887e-01,9.939714252448511589e-01,4.180000000000000937e-01
0.000000000000000000e+00,9.830000000000000959e-01,3.299999999999998074e-02,1.465707411831554623e+02,1.307794484802286886e-05,2.003010368604871416e-01,3.860000000000001208e-01,9.832575310968660887e-01,9.939714252448511589e-01,4.190000000000000946e-01
0.000000000000000000e+00,9.830000000000000959e-01,3.399999999999998163e-02,1.465707411831554623e+02,1.307794484802286886e-05,2.003010368604871416e-01,3.860000000000001208e-01,9.832575310968660887e-01,9.939714252448511589e-01,4.200000000000000955e-01
0.000000000000000000e+00,9.830000000000000959e-01,3.499999999999998251e-02,1.465707411831554623e+02,1.307794484802286886e-05,2.003010368604871416e-01,3.860000000000001208e-01,9.832575310968660887e-01,9.939714252448511589e-01,4.210000000000000964e-01
0.000000000000000000e+00,9.830000000000000959e-01,3.599999999999997646e-02,1.465707411831554623e+02,1.307794484802286886e-05,2.003010368604871416e-01,3.860000000000001208e-01,9.832575310968660887e-01,9.939714252448511589e-01,4.220000000000000973e-01
0.000000000000000000e+00,9.830000000000000959e-01,3.699999999999997735e-02,1.465707411831554623e+02,1.307794484802286886e-05,2.003010368604871416e-01,3.860000000000001208e-01,9.832575310968660887e-01,9.939714252448511589e-01,4.230000000000000981e-01
0.000000000000000000e+00,9.830000000000000959e-01,3.799999999999997824e-02,1.465707411831554623e+02,1.307794484802286886e-05,2.003010368604871416e-01,3.860000000000001208e-01,9.832575310968660887e-01,9.939714252448511589e-01,4.240000000000000990e-01
0.000000000000000000e+00,9.830000000000000959e-01,3.899999999999997913e-02,1.465707411831554623e+02,1.307794484802286886e-05,2.003010368604871416e-01,3.860000000000001208e-01,9.832575310968660887e-01,9.939714252448511589e-01,4.250000000000000999e-01
0.000000000000000000e+00,9.830000000000000959e-01,3.999999999999997308e-02,1.465707411831554623e+02,1.307794484802286886e-05,2.003010368604871416e-01,3.860000000000001208e-01,9.832575310968660887e-01,9.939714252448511589e-01,4.260000000000001008e-01
0.000000000000000000e+00,9.830000000000000959e-01,4.099999999999997397e-02,1.465707411831554623e+02,1.307794484802286886e-05,2.003010368604871416e-01,3.860000000000001208e-01,9.832575310968660887e-01,9.939714252448511589e-01,4.270000000000001017e-01
0.000000000000000000e+00,9.830000000000000959e-01,4.199999999999997485e-02,1.465707411831554623e+02,1.307794484802286886e-05,2.003010368604871416e-01,3.860000000000001208e-01,9.832575310968660887e-01,9.939714252448511589e-01,4.280000000000001026e-01
0.000000000000000000e+00,9.830000000000000959e-01,4.299999999999997574e-02,1.465707411831554623e+02,1.307794484802286886e-05,2.003010368604871416e-01,3.860000000000001208e-01,9.832575310968660887e-01,9.939714252448511589e-01,4.290000000000001035e-01
0.000000000000000000e+00,9.830000000000000959e-01,4.399999999999997663e-02,1.465707411831554623e+02,1.307794484802286886e-05,2.003010368604871416e-01,3.860000000000001208e-01,9.832575310968660887e-01,9.939714252448511589e-01,4.300000000000001044e-01
0.000000000000000000e+00,9.830000000000000959e-01,4.499999999999997058e-02,1.465707411831554623e+02,1.307794484802286886e-05,2.003010368604871416e-01,3.860000000000001208e-01,9.832575310968660887e-01,9.939714252448511589e-01,4.310000000000001052e-01
0.000000000000000000e+00,9.830000000000000959e-01,4.599999999999997147e-02,1.465707411831554623e+02,1.307794484802286886e-05,2.003010368604871416e-01,3.860000000000001208e-01,9.832575310968660887e-01,9.939714252448511589e-01,4.320000000000001061e-01
0.000000000000000000e+00,9.830000000000000959e-01,4.699999999999997236e-02,1.465707411831554623e+02,1.307794484802286886e-05,2.003010368604871416e-01,3.860000000000001208e-01,9.832575310968660887e-01,9.939714252448511589e-01,4.330000000000001070e-01
0.000000000000000000e+00,9.830000000000000959e-01,4.799999999999996630e-02,1.465707411831554623e+02,1.307794484802286886e-05,2.003010368604871416e-01,3.860000000000001208e-01,9.832575310968660887e-01,9.939714252448511589e-01,4.340000000000001079e-01
0.000000000000000000e+00,9.830000000000000959e-01,4.899999999999996719e-02,1.465707411831554623e+02,1.307794484802286886e-05,2.003010368604871416e-01,3.860000000000001208e-01,9.832575310968660887e-01,9.939714252448511589e-01,4.350000000000001088e-01
0.000000000000000000e+00,9.840000000000000968e-01,1.000000000000000021e-02,1.482154650952054169e+02,1.415793933840165856e-05,2.015529220304601299e-01,3.879999999999999005e-01,9.840289759261734437e-01,9.944099797630214788e-01,3.979999999999999094e-01
0.000000000000000000e+00,9.840000000000000968e-01,1.099999999999999936e-02,1.482154650952054169e+02,1.415793933840165856e-05,2.015529220304601299e-01,3.879999999999999005e-01,9.840289759261734437e-01,9.944099797630214788e-01,3.989999999999999103e-01
0.000000000000000000e+00,9.840000000000000968e-01,1.199999999999999852e-02,1.482154650952054169e+02,1.415793933840165856e-05,2.015529220304601299e-01,3.879999999999999005e-01,9.840289759261734437e-01,9.944099797630214788e-01,3.999999999999999112e-01
0.000000000000000000e+00,9.840000000000000968e-01,1.299999999999999767e-02,1.482154650952054169e+02,1.415793933840165856e-05,2.015529220304601299e-01,3.879999999999999005e-01,9.840289759261734437e-01,9.944099797630214788e-01,4.009999999999999121e-01
0.000000000000000000e+00,9.840000000000000968e-01,1.399999999999999682e-02,1.482154650952054169e+02,1.415793933840165856e-05,2.015529220304601299e-01,3.879999999999999005e-01,9.840289759261734437e-01,9.944099797630214788e-01,4.019999999999999130e-01
0.000000000000000000e+00,9.840000000000000968e-01,1.499999999999999598e-02,1.482154650952054169e+02,1.415793933840165856e-05,2.015529220304601299e-01,3.879999999999999005e-01,9.840289759261734437e-01,9.944099797630214788e-01,4.029999999999999138e-01
0.000000000000000000e+00,9.840000000000000968e-01,1.599999999999999339e-02,1.482154650952054169e+02,1.415793933840165856e-05,2.015529220304601299e-01,3.879999999999999005e-01,9.840289759261734437e-01,9.944099797630214788e-01,4.039999999999999147e-01
0.000000000000000000e+00,9.840000000000000968e-01,1.699999999999999428e-02,1.482154650952054169e+02,1.415793933840165856e-05,2.015529220304601299e-01,3.879999999999999005e-01,9.840289759261734437e-01,9.944099797630214788e-01,4.049999999999999156e-01
0.000000000000000000e+00,9.840000000000000968e-01,1.799999999999999517e-02,1.482154650952054169e+02,1.415793933840165856e-05,2.015529220304601299e-01,3.879999999999999005e-01,9.840289759261734437e-01,9.944099797630214788e-01,4.059999999999999165e-01
0.000000000000000000e+00,9.840000000000000968e-01,1.899999999999999259e-02,1.482154650952054169e+02,1.415793933840165856e-05,2.015529220304601299e-01,3.879999999999999005e-01,9.840289759261734437e-01,9.944099797630214788e-01,4.069999999999999174e-01
0.000000000000000000e+00,9.840000000000000968e-01,1.999999999999999001e-02,1.482154650952054169e+02,1.415793933840165856e-05,2.015529220304601299e-01,3.879999999999999005e-01,9.840289759261734437e-01,9.944099797630214788e-01,4.079999999999999183e-01
0.000000000000000000e+00,9.840000000000000968e-01,2.099999999999999090e-02,1.482154650952054169e+02,1.415793933840165856e-05,2.015529220304601299e-01,3.879999999999999005e-01,9.840289759261734437e-01,9.944099797630214788e-01,4.089999999999999192e-01
0.000000000000000000e+00,9.840000000000000968e-01,2.199999999999999178e-02,1.482154650952054169e+02,1.415793933840165856e-05,2.015529220304601299e-01,3.879999999999999005e-01,9.840289759261734437e-01,9.944099797630214788e-01,4.099999999999999201e-01
0.000000000000000000e+00,9.840000000000000968e-01,2.299999999999998920e-02,1.482154650952054169e+02,1.415793933840165856e-05,2.015529220304601299e-01,3.879999999999999005e-01,9.840289759261734437e-01,9.944099797630214788e-01,4.109999999999998654e-01
0.000000000000000000e+00,9.840000000000000968e-01,2.399999999999998662e-02,1.482154650952054169e+02,1.415793933840165856e-05,2.015529220304601299e-01,3.879999999999999005e-01,9.840289759261734437e-01,9.944099797630214788e-01,4.119999999999998663e-01
0.000000000000000000e+00,9.840000000000000968e-01,2.499999999999998751e-02,1.482154650952054169e+02,1.415793933840165856e-05,2.015529220304601299e-01,3.879999999999999005e-01,9.840289759261734437e-01,9.944099797630214788e-01,4.129999999999998672e-01
0.000000000000000000e+00,9.840000000000000968e-01,2.599999999999998840e-02,1.482154650952054169e+02,1.415793933840165856e-05,2.015529220304601299e-01,3.879999999999999005e-01,9.840289759261734437e-01,9.944099797630214788e-01,4.139999999999998681e-01
0.000000000000000000e+00,9.840000000000000968e-01,2.699999999999998929e-02,1.482154650952054169e+02,1.415793933840165856e-05,2.015529220304601299e-01,3.879999999999999005e-01,9.840289759261734437e-01,9.944099797630214788e-01,4.149999999999998690e-01
0.000000000000000000e+00,9.840000000000000968e-01,2.799999999999998324e-02,1.482154650952054169e+02,1.415793933840165856e-05,2.015529220304601299e-01,3.879999999999999005e-01,9.840289759261734437e-01,9.944099797630214788e-01,4.159999999999998699e-01
0.000000000000000000e+00,9.840000000000000968e-01,2.899999999999998412e-02,1.482154650952054169e+02,1.415793933840165856e-05,2.015529220304601299e-01,3.879999999999999005e-01,9.840289759261734437e-01,9.944099797630214788e-01,4.169999999999998708e-01
0.000000000000000000e+00,9.840000000000000968e-01,2.999999999999998501e-02,1.482154650952054169e+02,1.415793933840165856e-05,2.015529220304601299e-01,3.879999999999999005e-01,9.840289759261734437e-01,9.944099797630214788e-01,4.179999999999998717e-01
0.000000000000000000e+00,9.840000000000000968e-01,3.099999999999998590e-02,1.482154650952054169e+02,1.415793933840165856e-05,2.015529220304601299e-01,3.879999999999999005e-01,9.840289759261734437e-01,9.944099797630214788e-01,4.189999999999998725e-01
0.000000000000000000e+00,9.840000000000000968e-01,3.199999999999997985e-02,1.482154650952054169e+02,1.415793933840165856e-05,2.015529220304601299e-01,3.879999999999999005e-01,9.840289759261734437e-01,9.944099797630214788e-01,4.199999999999998734e-01
0.000000000000000000e+00,9.840000000000000968e-01,3.299999999999998074e-02,1.482154650952054169e+02,1.415793933840165856e-05,2.015529220304601299e-01,3.879999999999999005e-01,9.840289759261734437e-01,9.944099797630214788e-01,4.209999999999998743e-01
0.000000000000000000e+00,9.840000000000000968e-01,3.399999999999998163e-02,1.482154650952054169e+02,1.415793933840165856e-05,2.015529220304601299e-01,3.879999999999999005e-01,9.840289759261734437e-01,9.944099797630214788e-01,4.219999999999998752e-01
0.000000000000000000e+00,9.840000000000000968e-01,3.499999999999998251e-02,1.482154650952054169e+02,1.415793933840165856e-05,2.015529220304601299e-01,3.879999999999999005e-01,9.840289759261734437e-01,9.944099797630214788e-01,4.229999999999998761e-01
0.000000000000000000e+00,9.840000000000000968e-01,3.599999999999997646e-02,1.482154650952054169e+02,1.415793933840165856e-05,2.015529220304601299e-01,3.879999999999999005e-01,9.840289759261734437e-01,9.944099797630214788e-01,4.239999999999998770e-01
0.000000000000000000e+00,9.840000000000000968e-01,3.699999999999997735e-02,1.482154650952054169e+02,1.415793933840165856e-05,2.015529220304601299e-01,3.879999999999999005e-01,9.840289759261734437e-01,9.944099797630214788e-01,4.249999999999998779e-01
0.000000000000000000e+00,9.840000000000000968e-01,3.799999999999997824e-02,1.482154650952054169e+02,1.415793933840165856e-05,2.015529220304601299e-01,3.879999999999999005e-01,9.840289759261734437e-01,9.944099797630214788e-01,4.259999999999998788e-01
0.000000000000000000e+00,9.840000000000000968e-01,3.899999999999997913e-02,1.482154650952054169e+02,1.415793933840165856e-05,2.015529220304601299e-01,3.879999999999999005e-01,9.840289759261734437e-01,9.944099797630214788e-01,4.269999999999998797e-01
0.000000000000000000e+00,9.840000000000000968e-01,3.999999999999997308e-02,1.482154650952054169e+02,1.415793933840165856e-05,2.015529220304601299e-01,3.879999999999999005e-01,9.840289759261734437e-01,9.944099797630214788e-01,4.279999999999998805e-01
0.000000000000000000e+00,9.840000000000000968e-01,4.099999999999997397e-02,1.482154650952054169e+02,1.415793933840165856e-05,2.015529220304601299e-01,3.879999999999999005e-01,9.840289759261734437e-01,9.944099797630214788e-01,4.289999999999998814e-01
0.000000000000000000e+00,9.840000000000000968e-01,4.199999999999997485e-02,1.482154650952054169e+02,1.415793933840165856e-05,2.015529220304601299e-01,3.879999999999999005e-01,9.840289759261734437e-01,9.944099797630214788e-01,4.299999999999998823e-01
0.000000000000000000e+00,9.840000000000000968e-01,4.299999999999997574e-02,1.482154650952054169e+02,1.415793933840165856e-05,2.015529220304601299e-01,3.879999999999999005e-01,9.840289759261734437e-01,9.944099797630214788e-01,4.309999999999998832e-01
0.000000000000000000e+00,9.840000000000000968e-01,4.399999999999997663e-02,1.482154650952054169e+02,1.415793933840165856e-05,2.015529220304601299e-01,3.879999999999999005e-01,9.840289759261734437e-01,9.944099797630214788e-01,4.319999999999998841e-01
0.000000000000000000e+00,9.840000000000000968e-01,4.499999999999997058e-02,1.482154650952054169e+02,1.415793933840165856e-05,2.015529220304601299e-01,3.879999999999999005e-01,9.840289759261734437e-01,9.944099797630214788e-01,4.329999999999998850e-01
0.000000000000000000e+00,9.840000000000000968e-01,4.599999999999997147e-02,1.482154650952054169e+02,1.415793933840165856e-05,2.015529220304601299e-01,3.879999999999999005e-01,9.840289759261734437e-01,9.944099797630214788e-01,4.339999999999998859e-01
0.000000000000000000e+00,9.840000000000000968e-01,4.699999999999997236e-02,1.482154650952054169e+02,1.415793933840165856e-05,2.015529220304601299e-01,3.879999999999999005e-01,9.840289759261734437e-01,9.944099797630214788e-01,4.349999999999998868e-01
0.000000000000000000e+00,9.840000000000000968e-01,4.799999999999996630e-02,1.482154650952054169e+02,1.415793933840165856e-05,2.015529220304601299e-01,3.879999999999999005e-01,9.840289759261734437e-01,9.944099797630214788e-01,4.359999999999998876e-01
0.000000000000000000e+00,9.840000000000000968e-01,4.899999999999996719e-02,1.482154650952054169e+02,1.415793933840165856e-05,2.015529220304601299e-01,3.879999999999999005e-01,9.840289759261734437e-01,9.944099797630214788e-01,4.369999999999998885e-01
0.000000000000000000e+00,9.850000000000000977e-01,1.000000000000000021e-02,1.507179454231294642e+02,1.592512917051595227e-05,2.033800000705350552e-01,3.910000000000000142e-01,9.851991682240198722e-01,9.950016760080822031e-01,4.010000000000000231e-01
0.000000000000000000e+00,9.850000000000000977e-01,1.099999999999999936e-02,1.507179454231294642e+02,1.592512917051595227e-05,2.033800000705350552e-01,3.910000000000000142e-01,9.851991682240198722e-01,9.950016760080822031e-01,4.020000000000000240e-01
0.000000000000000000e+00,9.850000000000000977e-01,1.199999999999999852e-02,1.507179454231294642e+02,1.592512917051595227e-05,2.033800000705350552e-01,3.910000000000000142e-01,9.851991682240198722e-01,9.950016760080822031e-01,4.030000000000000249e-01
0.000000000000000000e+00,9.850000000000000977e-01,1.299999999999999767e-02,1.507179454231294642e+02,1.592512917051595227e-05,2.033800000705350552e-01,3.910000000000000142e-01,9.851991682240198722e-01,9.950016760080822031e-01,4.040000000000000258e-01
0.000000000000000000e+00,9.850000000000000977e-01,1.399999999999999682e-02,1.507179454231294642e+02,1.592512917051595227e-05,2.033800000705350552e-01,3.910000000000000142e-01,9.851991682240198722e-01,9.950016760080822031e-01,4.050000000000000266e-01
0.000000000000000000e+00,9.850000000000000977e-01,1.499999999999999598e-02,1.507179454231294642e+02,1.592512917051595227e-05,2.033800000705350552e-01,3.910000000000000142e-01,9.851991682240198722e-01,9.950016760080822031e-01,4.060000000000000275e-01
0.000000000000000000e+00,9.850000000000000977e-01,1.599999999999999339e-02,1.507179454231294642e+02,1.592512917051595227e-05,2.033800000705350552e-01,3.910000000000000142e-01,9.851991682240198722e-01,9.950016760080822031e-01,4.070000000000000284e-01
0.000000000000000000e+00,9.850000000000000977e-01,1.699999999999999428e-02,1.507179454231294642e+02,1.592512917051595227e-05,2.033800000705350552e-01,3.910000000000000142e-01,9.851991682240198722e-01,9.950016760080822031e-01,4.080000000000000293e-01
0.000000000000000000e+00,9.850000000000000977e-01,1.799999999999999517e-02,1.507179454231294642e+02,1.592512917051595227e-05,2.033800000705350552e-01,3.910000000000000142e-01,9.851991682240198722e-01,9.950016760080822031e-01,4.090000000000000302e-01
0.000000000000000000e+00,9.850000000000000977e-01,1.899999999999999259e-02,1.507179454231294642e+02,1.592512917051595227e-05,2.033800000705350552e-01,3.910000000000000142e-01,9.851991682240198722e-01,9.950016760080822031e-01,4.100000000000000311e-01
0.000000000000000000e+00,9.850000000000000977e-01,1.999999999999999001e-02,1.507179454231294642e+02,1.592512917051595227e-05,2.033800000705350552e-01,3.910000000000000142e-01,9.851991682240198722e-01,9.950016760080822031e-01,4.110000000000000320e-01
0.000000000000000000e+00,9.850000000000000977e-01,2.099999999999999090e-02,1.507179454231294642e+02,1.592512917051595227e-05,2.033800000705350552e-01,3.910000000000000142e-01,9.851991682240198722e-01,9.950016760080822031e-01,4.120000000000000329e-01
0.000000000000000000e+00,9.850000000000000977e-01,2.199999999999999178e-02,1.507179454231294642e+02,1.592512917051595227e-05,2.033800000705350552e-01,3.910000000000000142e-01,9.851991682240198722e-01,9.950016760080822031e-01,4.130000000000000338e-01
0.000000000000000000e+00,9.850000000000000977e-01,2.299999999999998920e-02,1.507179454231294642e+02,1.592512917051595227e-05,2.033800000705350552e-01,3.910000000000000142e-01,9.851991682240198722e-01,9.950016760080822031e-01,4.139999999999999791e-01
0.000000000000000000e+00,9.850000000000000977e-01,2.399999999999998662e-02,1.507179454231294642e+02,1.592512917051595227e-05,2.033800000705350552e-01,3.910000000000000142e-01,9.851991682240198722e-01,9.950016760080822031e-01,4.149999999999999800e-01
0.000000000000000000e+00,9.850000000000000977e-01,2.499999999999998751e-02,1.507179454231294642e+02,1.592512917051595227e-05,2.033800000705350552e-01,3.910000000000000142e-01,9.851991682240198722e-01,9.950016760080822031e-01,4.159999999999999809e-01
0.000000000000000000e+00,9.850000000000000977e-01,2.599999999999998840e-02,1.507179454231294642e+02,1.592512917051595227e-05,2.033800000705350552e-01,3.910000000000000142e-01,9.851991682240198722e-01,9.950016760080822031e-01,4.169999999999999818e-01
0.000000000000000000e+00,9.850000000000000977e-01,2.699999999999998929e-02,1.507179454231294642e+02,1.592512917051595227e-05,2.033800000705350552e-01,3.910000000000000142e-01,9.851991682240198722e-01,9.950016760080822031e-01,4.179999999999999827e-01
0.000000000000000000e+00,9.850000000000000977e-01,2.799999999999998324e-02,1.507179454231294642e+02,1.592512917051595227e-05,2.033800000705350552e-01,3.910000000000000142e-01,9.851991682240198722e-01,9.950016760080822031e-01,4.189999999999999836e-01
0.000000000000000000e+00,9.850000000000000977e-01,2.899999999999998412e-02,1.507179454231294642e+02,1.592512917051595227e-05,2.033800000705350552e-01,3.910000000000000142e-01,9.851991682240198722e-01,9.950016760080822031e-01,4.199999999999999845e-01
0.000000000000000000e+00,9.850000000000000977e-01,2.999999999999998501e-02,1.507179454231294642e+02,1.592512917051595227e-05,2.033800000705350552e-01,3.910000000000000142e-01,9.851991682240198722e-01,9.950016760080822031e-01,4.209999999999999853e-01
0.000000000000000000e+00,9.850000000000000977e-01,3.099999999999998590e-02,1.507179454231294642e+02,1.592512917051595227e-05,2.033800000705350552e-01,3.910000000000000142e-01,9.851991682240198722e-01,9.950016760080822031e-01,4.219999999999999862e-01
0.000000000000000000e+00,9.850000000000000977e-01,3.199999999999997985e-02,1.507179454231294642e+02,1.592512917051595227e-05,2.033800000705350552e-01,3.910000000000000142e-01,9.851991682240198722e-01,9.950016760080822031e-01,4.229999999999999871e-01
0.000000000000000000e+00,9.850000000000000977e-01,3.299999999999998074e-02,1.507179454231294642e+02,1.592512917051595227e-05,2.033800000705350552e-01,3.910000000000000142e-01,9.851991682240198722e-01,9.950016760080822031e-01,4.239999999999999880e-01
0.000000000000000000e+00,9.850000000000000977e-01,3.399999999999998163e-02,1.507179454231294642e+02,1.592512917051595227e-05,2.033800000705350552e-01,3.910000000000000142e-01,9.851991682240198722e-01,9.950016760080822031e-01,4.249999999999999889e-01
0.000000000000000000e+00,9.850000000000000977e-01,3.499999999999998251e-02,1.507179454231294642e+02,1.592512917051595227e-05,2.033800000705350552e-01,3.910000000000000142e-01,9.851991682240198722e-01,9.950016760080822031e-01,4.259999999999999898e-01
0.000000000000000000e+00,9.850000000000000977e-01,3.599999999999997646e-02,1.507179454231294642e+02,1.592512917051595227e-05,2.033800000705350552e-01,3.910000000000000142e-01,9.851991682240198722e-01,9.950016760080822031e-01,4.269999999999999907e-01
0.000000000000000000e+00,9.850000000000000977e-01,3.699999999999997735e-02,1.507179454231294642e+02,1.592512917051595227e-05,2.033800000705350552e-01,3.910000000000000142e-01,9.851991682240198722e-01,9.950016760080822031e-01,4.279999999999999916e-01
0.000000000000000000e+00,9.850000000000000977e-01,3.799999999999997824e-02,1.507179454231294642e+02,1.592512917051595227e-05,2.033800000705350552e-01,3.910000000000000142e-01,9.851991682240198722e-01,9.950016760080822031e-01,4.289999999999999925e-01
0.000000000000000000e+00,9.850000000000000977e-01,3.899999999999997913e-02,1.507179454231294642e+02,1.592512917051595227e-05,2.033800000705350552e-01,3.910000000000000142e-01,9.851991682240198722e-01,9.950016760080822031e-01,4.299999999999999933e-01
0.000000000000000000e+00,9.850000000000000977e-01,3.999999999999997308e-02,1.507179454231294642e+02,1.592512917051595227e-05,2.033800000705350552e-01,3.910000000000000142e-01,9.851991682240198722e-01,9.950016760080822031e-01,4.309999999999999942e-01
0.000000000000000000e+00,9.850000000000000977e-01,4.099999999999997397e-02,1.507179454231294642e+02,1.592512917051595227e-05,2.033800000705350552e-01,3.910000000000000142e-01,9.851991682240198722e-01,9.950016760080822031e-01,4.319999999999999951e-01
0.000000000000000000e+00,9.850000000000000977e-01,4.199999999999997485e-02,1.507179454231294642e+02,1.592512917051595227e-05,2.033800000705350552e-01,3.910000000000000142e-01,9.851991682240198722e-01,9.950016760080822031e-01,4.329999999999999960e-01
0.000000000000000000e+00,9.850000000000000977e-01,4.299999999999997574e-02,1.507179454231294642e+02,1.592512917051595227e-05,2.033800000705350552e-01,3.910000000000000142e-01,9.851991682240198722e-01,9.950016760080822031e-01,4.339999999999999969e-01
0.000000000000000000e+00,9.850000000000000977e-01,4.399999999999997663e-02,1.507179454231294642e+02,1.592512917051595227e-05,2.033800000705350552e-01,3.910000000000000142e-01,9.851991682240198722e-01,9.950016760080822031e-01,4.349999999999999978e-01
0.000000000000000000e+00,9.850000000000000977e-01,4.499999999999997058e-02,1.507179454231294642e+02,1.592512917051595227e-05,2.033800000705350552e-01,3.910000000000000142e-01,9.851991682240198722e-01,9.950016760080822031e-01,4.359999999999999987e-01
0.000000000000000000e+00,9.850000000000000977e-01,4.599999999999997147e-02,1.507179454231294642e+02,1.592512917051595227e-05,2.033800000705350552e-01,3.910000000000000142e-01,9.851991682240198722e-01,9.950016760080822031e-01,4.369999999999999996e-01
0.000000000000000000e+00,9.850000000000000977e-01,4.699999999999997236e-02,1.507179454231294642e+02,1.592512917051595227e-05,2.033800000705350552e-01,3.910000000000000142e-01,9.851991682240198722e-01,9.950016760080822031e-01,4.380000000000000004e-01
0.000000000000000000e+00,9.850000000000000977e-01,4.799999999999996630e-02,1.507179454231294642e+02,1.592512917051595227e-05,2.033800000705350552e-01,3.910000000000000142e-01,9.851991682240198722e-01,9.950016760080822031e-01,4.390000000000000013e-01
0.000000000000000000e+00,9.850000000000000977e-01,4.899999999999996719e-02,1.507179454231294642e+02,1.592512917051595227e-05,2.033800000705350552e-01,3.910000000000000142e-01,9.851991682240198722e-01,9.950016760080822031e-01,4.400000000000000022e-01
0.000000000000000000e+00,9.860000000000000986e-01,1.000000000000000021e-02,1.532212771401456735e+02,1.784933615081212629e-05,2.051687115634782954e-01,3.940000000000001279e-01,9.862963083130042996e-01,9.955418447814353700e-01,4.040000000000001368e-01
0.000000000000000000e+00,9.860000000000000986e-01,1.099999999999999936e-02,1.532212771401456735e+02,1.784933615081212629e-05,2.051687115634782954e-01,3.940000000000001279e-01,9.862963083130042996e-01,9.955418447814353700e-01,4.050000000000001377e-01
0.000000000000000000e+00,9.860000000000000986e-01,1.199999999999999852e-02,1.532212771401456735e+02,1.784933615081212629e-05,2.051687115634782954e-01,3.940000000000001279e-01,9.862963083130042996e-01,9.955418447814353700e-01,4.060000000000001386e-01
0.000000000000000000e+00,9.860000000000000986e-01,1.299999999999999767e-02,1.532212771401456735e+02,1.784933615081212629e-05,2.051687115634782954e-01,3.940000000000001279e-01,9.862963083130042996e-01,9.955418447814353700e-01,4.070000000000001394e-01
0.000000000000000000e+00,9.860000000000000986e-01,1.399999999999999682e-02,1.532212771401456735e+02,1.784933615081212629e-05,2.051687115634782954e-01,3.940000000000001279e-01,9.862963083130042996e-01,9.955418447814353700e-01,4.080000000000001403e-01
0.000000000000000000e+00,9.860000000000000986e-01,1.499999999999999598e-02,1.532212771401456735e+02,1.784933615081212629e-05,2.051687115634782954e-01,3.940000000000001279e-01,9.862963083130042996e-01,9.955418447814353700e-01,4.090000000000001412e-01
0.000000000000000000e+00,9.860000000000000986e-01,1.599999999999999339e-02,1.532212771401456735e+02,1.784933615081212629e-05,2.051687115634782954e-01,3.940000000000001279e-01,9.862963083130042996e-01,9.955418447814353700e-01,4.100000000000001421e-01
0.000000000000000000e+00,9.860000000000000986e-01,1.699999999999999428e-02,1.532212771401456735e+02,1.784933615081212629e-05,2.051687115634782954e-01,3.940000000000001279e-01,9.862963083130042996e-01,9.955418447814353700e-01,4.110000000000001430e-01
0.000000000000000000e+00,9.860000000000000986e-01,1.799999999999999517e-02,1.532212771401456735e+02,1.784933615081212629e-05,2.051687115634782954e-01,3.940000000000001279e-01,9.862963083130042996e-01,9.955418447814353700e-01,4.120000000000001439e-01
0.000000000000000000e+00,9.860000000000000986e-01,1.899999999999999259e-02,1.532212771401456735e+02,1.784933615081212629e-05,2.051687115634782954e-01,3.940000000000001279e-01,9.862963083130042996e-01,9.955418447814353700e-01,4.130000000000001448e-01
0.000000000000000000e+00,9.860000000000000986e-01,1.999999999999999001e-02,1.532212771401456735e+02,1.784933615081212629e-05,2.051687115634782954e-01,3.940000000000001279e-01,9.862963083130042996e-01,9.955418447814353700e-01,4.140000000000001457e-01
0.000000000000000000e+00,9.860000000000000986e-01,2.099999999999999090e-02,1.532212771401456735e+02,1.784933615081212629e-05,2.051687115634782954e-01,3.940000000000001279e-01,9.862963083130042996e-01,9.955418447814353700e-01,4.150000000000001465e-01
0.000000000000000000e+00,9.860000000000000986e-01,2.199999999999999178e-02,1.532212771401456735e+02,1.784933615081212629e-05,2.051687115634782954e-01,3.940000000000001279e-01,9.862963083130042996e-01,9.955418447814353700e-01,4.160000000000001474e-01
0.000000000000000000e+00,9.860000000000000986e-01,2.299999999999998920e-02,1.532212771401456735e+02,1.784933615081212629e-05,2.051687115634782954e-01,3.940000000000001279e-01,9.862963083130042996e-01,9.955418447814353700e-01,4.170000000000000928e-01
0.000000000000000000e+00,9.860000000000000986e-01,2.399999999999998662e-02,1.532212771401456735e+02,1.784933615081212629e-05,2.051687115634782954e-01,3.940000000000001279e-01,9.862963083130042996e-01,9.955418447814353700e-01,4.180000000000000937e-01
0.000000000000000000e+00,9.860000000000000986e-01,2.499999999999998751e-02,1.532212771401456735e+02,1.784933615081212629e-05,2.051687115634782954e-01,3.940000000000001279e-01,9.862963083130042996e-01,9.955418447814353700e-01,4.190000000000000946e-01
0.000000000000000000e+00,9.860000000000000986e-01,2.599999999999998840e-02,1.532212771401456735e+02,1.784933615081212629e-05,2.051687115634782954e-01,3.940000000000001279e-01,9.862963083130042996e-01,9.955418447814353700e-01,4.200000000000000955e-01
0.000000000000000000e+00,9.860000000000000986e-01,2.699999999999998929e-02,1.532212771401456735e+02,1.784933615081212629e-05,2.051687115634782954e-01,3.940000000000001279e-01,9.862963083130042996e-01,9.955418447814353700e-01,4.210000000000000964e-01
0.000000000000000000e+00,9.860000000000000986e-01,2.799999999999998324e-02,1.532212771401456735e+02,1.784933615081212629e-05,2.051687115634782954e-01,3.940000000000001279e-01,9.862963083130042996e-01,9.955418447814353700e-01,4.220000000000000973e-01
0.000000000000000000e+00,9.860000000000000986e-01,2.899999999999998412e-02,1.532212771401456735e+02,1.784933615081212629e-05,2.051687115634782954e-01,3.940000000000001279e-01,9.862963083130042996e-01,9.955418447814353700e-01,4.230000000000000981e-01
0.000000000000000000e+00,9.860000000000000986e-01,2.999999999999998501e-02,1.532212771401456735e+02,1.784933615081212629e-05,2.051687115634782954e-01,3.940000000000001279e-01,9.862963083130042996e-01,9.955418447814353700e-01,4.240000000000000990e-01
0.000000000000000000e+00,9.860000000000000986e-01,3.099999999999998590e-02,1.532212771401456735e+02,1.784933615081212629e-05,2.051687115634782954e-01,3.940000000000001279e-01,9.862963083130042996e-01,9.955418447814353700e-01,4.250000000000000999e-01
0.000000000000000000e+00,9.860000000000000986e-01,3.199999999999997985e-02,1.532212771401456735e+02,1.784933615081212629e-05,2.051687115634782954e-01,3.940000000000001279e-01,9.862963083130042996e-01,9.955418447814353700e-01,4.260000000000001008e-01
0.000000000000000000e+00,9.860000000000000986e-01,3.299999999999998074e-02,1.532212771401456735e+02,1.784933615081212629e-05,2.051687115634782954e-01,3.940000000000001279e-01,9.862963083130042996e-01,9.955418447814353700e-01,4.270000000000001017e-01
0.000000000000000000e+00,9.860000000000000986e-01,3.399999999999998163e-02,1.532212771401456735e+02,1.784933615081212629e-05,2.051687115634782954e-01,3.940000000000001279e-01,9.862963083130042996e-01,9.955418447814353700e-01,4.280000000000001026e-01
0.000000000000000000e+00,9.860000000000000986e-01,3.499999999999998251e-02,1.532212771401456735e+02,1.784933615081212629e-05,2.051687115634782954e-01,3.940000000000001279e-01,9.862963083130042996e-01,9.955418447814353700e-01,4.290000000000001035e-01
0.000000000000000000e+00,9.860000000000000986e-01,3.599999999999997646e-02,1.532212771401456735e+02,1.784933615081212629e-05,2.051687115634782954e-01,3.940000000000001279e-01,9.862963083130042996e-01,9.955418447814353700e-01,4.300000000000001044e-01
0.000000000000000000e+00,9.860000000000000986e-01,3.699999999999997735e-02,1.532212771401456735e+02,1.784933615081212629e-05,2.051687115634782954e-01,3.940000000000001279e-01,9.862963083130042996e-01,9.955418447814353700e-01,4.310000000000001052e-01
0.000000000000000000e+00,9.860000000000000986e-01,3.799999999999997824e-02,1.532212771401456735e+02,1.784933615081212629e-05,2.051687115634782954e-01,3.940000000000001279e-01,9.862963083130042996e-01,9.955418447814353700e-01,4.320000000000001061e-01
0.000000000000000000e+00,9.860000000000000986e-01,3.899999999999997913e-02,1.532212771401456735e+02,1.784933615081212629e-05,2.051687115634782954e-01,3.940000000000001279e-01,9.862963083130042996e-01,9.955418447814353700e-01,4.330000000000001070e-01
0.000000000000000000e+00,9.860000000000000986e-01,3.999999999999997308e-02,1.532212771401456735e+02,1.784933615081212629e-05,2.051687115634782954e-01,3.940000000000001279e-01,9.862963083130042996e-01,9.955418447814353700e-01,4.340000000000001079e-01
0.000000000000000000e+00,9.860000000000000986e-01,4.099999999999997397e-02,1.532212771401456735e+02,1.784933615081212629e-05,2.051687115634782954e-01,3.940000000000001279e-01,9.862963083130042996e-01,9.955418447814353700e-01,4.350000000000001088e-01
0.000000000000000000e+00,9.860000000000000986e-01,4.199999999999997485e-02,1.532212771401456735e+02,1.784933615081212629e-05,2.051687115634782954e-01,3.940000000000001279e-01,9.862963083130042996e-01,9.955418447814353700e-01,4.360000000000001097e-01
0.000000000000000000e+00,9.860000000000000986e-01,4.299999999999997574e-02,1.532212771401456735e+02,1.784933615081212629e-05,2.051687115634782954e-01,3.940000000000001279e-01,9.862963083130042996e-01,9.955418447814353700e-01,4.370000000000001106e-01
0.000000000000000000e+00,9.860000000000000986e-01,4.399999999999997663e-02,1.532212771401456735e+02,1.784933615081212629e-05,2.051687115634782954e-01,3.940000000000001279e-01,9.862963083130042996e-01,9.955418447814353700e-01,4.380000000000001115e-01
0.000000000000000000e+00,9.860000000000000986e-01,4.499999999999997058e-02,1.532212771401456735e+02,1.784933615081212629e-05,2.051687115634782954e-01,3.940000000000001279e-01,9.862963083130042996e-01,9.955418447814353700e-01,4.390000000000001124e-01
0.000000000000000000e+00,9.860000000000000986e-01,4.599999999999997147e-02,1.532212771401456735e+02,1.784933615081212629e-05,2.051687115634782954e-01,3.940000000000001279e-01,9.862963083130042996e-01,9.955418447814353700e-01,4.400000000000001132e-01
0.000000000000000000e+00,9.860000000000000986e-01,4.699999999999997236e-02,1.532212771401456735e+02,1.784933615081212629e-05,2.051687115634782954e-01,3.940000000000001279e-01,9.862963083130042996e-01,9.955418447814353700e-01,4.410000000000001141e-01
0.000000000000000000e+00,9.860000000000000986e-01,4.799999999999996630e-02,1.532212771401456735e+02,1.784933615081212629e-05,2.051687115634782954e-01,3.940000000000001279e-01,9.862963083130042996e-01,9.955418447814353700e-01,4.420000000000001150e-01
0.000000000000000000e+00,9.860000000000000986e-01,4.899999999999996719e-02,1.532212771401456735e+02,1.784933615081212629e-05,2.051687115634782954e-01,3.940000000000001279e-01,9.862963083130042996e-01,9.955418447814353700e-01,4.430000000000001159e-01
0.000000000000000000e+00,9.870000000000000995e-01,1.000000000000000021e-02,1.557353768808496000e+02,1.994697042200291914e-05,2.069121915375699283e-01,3.970000000000000195e-01,9.873412088242765616e-01,9.960293588677932020e-01,4.070000000000000284e-01
0.000000000000000000e+00,9.870000000000000995e-01,1.099999999999999936e-02,1.557353768808496000e+02,1.994697042200291914e-05,2.069121915375699283e-01,3.970000000000000195e-01,9.873412088242765616e-01,9.960293588677932020e-01,4.080000000000000293e-01
0.000000000000000000e+00,9.870000000000000995e-01,1.199999999999999852e-02,1.557353768808496000e+02,1.994697042200291914e-05,2.069121915375699283e-01,3.970000000000000195e-01,9.873412088242765616e-01,9.960293588677932020e-01,4.090000000000000302e-01
0.000000000000000000e+00,9.870000000000000995e-01,1.299999999999999767e-02,1.557353768808496000e+02,1.994697042200291914e-05,2.069121915375699283e-01,3.970000000000000195e-01,9.873412088242765616e-01,9.960293588677932020e-01,4.100000000000000311e-01
0.000000000000000000e+00,9.870000000000000995e-01,1.399999999999999682e-02,1.557353768808496000e+02,1.994697042200291914e-05,2.069121915375699283e-01,3.970000000000000195e-01,9.873412088242765616e-01,9.960293588677932020e-01,4.110000000000000320e-01
0.000000000000000000e+00,9.870000000000000995e-01,1.499999999999999598e-02,1.557353768808496000e+02,1.994697042200291914e-05,2.069121915375699283e-01,3.970000000000000195e-01,9.873412088242765616e-01,9.960293588677932020e-01,4.120000000000000329e-01
0.000000000000000000e+00,9.870000000000000995e-01,1.599999999999999339e-02,1.557353768808496000e+02,1.994697042200291914e-05,2.069121915375699283e-01,3.970000000000000195e-01,9.873412088242765616e-01,9.960293588677932020e-01,4.130000000000000338e-01
0.000000000000000000e+00,9.870000000000000995e-01,1.699999999999999428e-02,1.557353768808496000e+02,1.994697042200291914e-05,2.069121915375699283e-01,3.970000000000000195e-01,9.873412088242765616e-01,9.960293588677932020e-01,4.140000000000000346e-01
0.000000000000000000e+00,9.870000000000000995e-01,1.799999999999999517e-02,1.557353768808496000e+02,1.994697042200291914e-05,2.069121915375699283e-01,3.970000000000000195e-01,9.873412088242765616e-01,9.960293588677932020e-01,4.150000000000000355e-01
0.000000000000000000e+00,9.870000000000000995e-01,1.899999999999999259e-02,1.557353768808496000e+02,1.994697042200291914e-05,2.069121915375699283e-01,3.970000000000000195e-01,9.873412088242765616e-01,9.960293588677932020e-01,4.160000000000000364e-01
0.000000000000000000e+00,9.870000000000000995e-01,1.999999999999999001e-02,1.557353768808496000e+02,1.994697042200291914e-05,2.069121915375699283e-01,3.970000000000000195e-01,9.873412088242765616e-01,9.960293588677932020e-01,4.170000000000000373e-01
0.000000000000000000e+00,9.870000000000000995e-01,2.099999999999999090e-02,1.557353768808496000e+02,1.994697042200291914e-05,2.069121915375699283e-01,3.970000000000000195e-01,9.873412088242765616e-01,9.960293588677932020e-01,4.180000000000000382e-01
0.000000000000000000e+00,9.870000000000000995e-01,2.199999999999999178e-02,1.557353768808496000e+02,1.994697042200291914e-05,2.069121915375699283e-01,3.970000000000000195e-01,9.873412088242765616e-01,9.960293588677932020e-01,4.190000000000000391e-01
0.000000000000000000e+00,9.870000000000000995e-01,2.299999999999998920e-02,1.557353768808496000e+02,1.994697042200291914e-05,2.069121915375699283e-01,3.970000000000000195e-01,9.873412088242765616e-01,9.960293588677932020e-01,4.199999999999999845e-01
0.000000000000000000e+00,9.870000000000000995e-01,2.399999999999998662e-02,1.557353768808496000e+02,1.994697042200291914e-05,2.069121915375699283e-01,3.970000000000000195e-01,9.873412088242765616e-01,9.960293588677932020e-01,4.209999999999999853e-01
0.000000000000000000e+00,9.870000000000000995e-01,2.499999999999998751e-02,1.557353768808496000e+02,1.994697042200291914e-05,2.069121915375699283e-01,3.970000000000000195e-01,9.873412088242765616e-01,9.960293588677932020e-01,4.219999999999999862e-01
0.000000000000000000e+00,9.870000000000000995e-01,2.599999999999998840e-02,1.557353768808496000e+02,1.994697042200291914e-05,2.069121915375699283e-01,3.970000000000000195e-01,9.873412088242765616e-01,9.960293588677932020e-01,4.229999999999999871e-01
0.000000000000000000e+00,9.870000000000000995e-01,2.699999999999998929e-02,1.557353768808496000e+02,1.994697042200291914e-05,2.069121915375699283e-01,3.970000000000000195e-01,9.873412088242765616e-01,9.960293588677932020e-01,4.239999999999999880e-01
0.000000000000000000e+00,9.870000000000000995e-01,2.799999999999998324e-02,1.557353768808496000e+02,1.994697042200291914e-05,2.069121915375699283e-01,3.970000000000000195e-01,9.873412088242765616e-01,9.960293588677932020e-01,4.249999999999999889e-01
0.000000000000000000e+00,9.870000000000000995e-01,2.899999999999998412e-02,1.557353768808496000e+02,1.994697042200291914e-05,2.069121915375699283e-01,3.970000000000000195e-01,9.873412088242765616e-01,9.960293588677932020e-01,4.259999999999999898e-01
0.000000000000000000e+00,9.870000000000000995e-01,2.999999999999998501e-02,1.557353768808496000e+02,1.994697042200291914e-05,2.069121915375699283e-01,3.970000000000000195e-01,9.873412088242765616e-01,9.960293588677932020e-01,4.269999999999999907e-01
0.000000000000000000e+00,9.870000000000000995e-01,3.099999999999998590e-02,1.557353768808496000e+02,1.994697042200291914e-05,2.069121915375699283e-01,3.970000000000000195e-01,9.873412088242765616e-01,9.960293588677932020e-01,4.279999999999999916e-01
0.000000000000000000e+00,9.870000000000000995e-01,3.199999999999997985e-02,1.557353768808496000e+02,1.994697042200291914e-05,2.069121915375699283e-01,3.970000000000000195e-01,9.873412088242765616e-01,9.960293588677932020e-01,4.289999999999999925e-01
0.000000000000000000e+00,9.870000000000000995e-01,3.299999999999998074e-02,1.557353768808496000e+02,1.994697042200291914e-05,2.069121915375699283e-01,3.970000000000000195e-01,9.873412088242765616e-01,9.960293588677932020e-01,4.299999999999999933e-01
0.000000000000000000e+00,9.870000000000000995e-01,3.399999999999998163e-02,1.557353768808496000e+02,1.994697042200291914e-05,2.069121915375699283e-01,3.970000000000000195e-01,9.873412088242765616e-01,9.960293588677932020e-01,4.309999999999999942e-01
0.000000000000000000e+00,9.870000000000000995e-01,3.499999999999998251e-02,1.557353768808496000e+02,1.994697042200291914e-05,2.069121915375699283e-01,3.970000000000000195e-01,9.873412088242765616e-01,9.960293588677932020e-01,4.319999999999999951e-01
0.000000000000000000e+00,9.870000000000000995e-01,3.599999999999997646e-02,1.557353768808496000e+02,1.994697042200291914e-05,2.069121915375699283e-01,3.970000000000000195e-01,9.873412088242765616e-01,9.960293588677932020e-01,4.329999999999999960e-01
0.000000000000000000e+00,9.870000000000000995e-01,3.699999999999997735e-02,1.557353768808496000e+02,1.994697042200291914e-05,2.069121915375699283e-01,3.970000000000000195e-01,9.873412088242765616e-01,9.960293588677932020e-01,4.339999999999999969e-01
0.000000000000000000e+00,9.870000000000000995e-01,3.799999999999997824e-02,1.557353768808496000e+02,1.994697042200291914e-05,2.069121915375699283e-01,3.970000000000000195e-01,9.873412088242765616e-01,9.960293588677932020e-01,4.349999999999999978e-01
0.000000000000000000e+00,9.870000000000000995e-01,3.899999999999997913e-02,1.557353768808496000e+02,1.994697042200291914e-05,2.069121915375699283e-01,3.970000000000000195e-01,9.873412088242765616e-01,9.960293588677932020e-01,4.359999999999999987e-01
0.000000000000000000e+00,9.870000000000000995e-01,3.999999999999997308e-02,1.557353768808496000e+02,1.994697042200291914e-05,2.069121915375699283e-01,3.970000000000000195e-01,9.873412088242765616e-01,9.960293588677932020e-01,4.369999999999999996e-01
0.000000000000000000e+00,9.870000000000000995e-01,4.099999999999997397e-02,1.557353768808496000e+02,1.994697042200291914e-05,2.069121915375699283e-01,3.970000000000000195e-01,9.873412088242765616e-01,9.960293588677932020e-01,4.380000000000000004e-01
0.000000000000000000e+00,9.870000000000000995e-01,4.199999999999997485e-02,1.557353768808496000e+02,1.994697042200291914e-05,2.069121915375699283e-01,3.970000000000000195e-01,9.873412088242765616e-01,9.960293588677932020e-01,4.390000000000000013e-01
0.000000000000000000e+00,9.870000000000000995e-01,4.299999999999997574e-02,1.557353768808496000e+02,1.994697042200291914e-05,2.069121915375699283e-01,3.970000000000000195e-01,9.873412088242765616e-01,9.960293588677932020e-01,4.400000000000000022e-01
0.000000000000000000e+00,9.870000000000000995e-01,4.399999999999997663e-02,1.557353768808496000e+02,1.994697042200291914e-05,2.069121915375699283e-01,3.970000000000000195e-01,9.873412088242765616e-01,9.960293588677932020e-01,4.410000000000000031e-01
0.000000000000000000e+00,9.870000000000000995e-01,4.499999999999997058e-02,1.557353768808496000e+02,1.994697042200291914e-05,2.069121915375699283e-01,3.970000000000000195e-01,9.873412088242765616e-01,9.960293588677932020e-01,4.420000000000000040e-01
0.000000000000000000e+00,9.870000000000000995e-01,4.599999999999997147e-02,1.557353768808496000e+02,1.994697042200291914e-05,2.069121915375699283e-01,3.970000000000000195e-01,9.873412088242765616e-01,9.960293588677932020e-01,4.430000000000000049e-01
0.000000000000000000e+00,9.870000000000000995e-01,4.699999999999997236e-02,1.557353768808496000e+02,1.994697042200291914e-05,2.069121915375699283e-01,3.970000000000000195e-01,9.873412088242765616e-01,9.960293588677932020e-01,4.440000000000000058e-01
0.000000000000000000e+00,9.870000000000000995e-01,4.799999999999996630e-02,1.557353768808496000e+02,1.994697042200291914e-05,2.069121915375699283e-01,3.970000000000000195e-01,9.873412088242765616e-01,9.960293588677932020e-01,4.450000000000000067e-01
0.000000000000000000e+00,9.870000000000000995e-01,4.899999999999996719e-02,1.557353768808496000e+02,1.994697042200291914e-05,2.069121915375699283e-01,3.970000000000000195e-01,9.873412088242765616e-01,9.960293588677932020e-01,4.460000000000000075e-01
0.000000000000000000e+00,9.880000000000001004e-01,1.000000000000000021e-02,1.574298388866647826e+02,2.145794177446258175e-05,2.080414189205573305e-01,3.990000000000000213e-01,9.880364549430241672e-01,9.963202009480630617e-01,4.090000000000000302e-01
0.000000000000000000e+00,9.880000000000001004e-01,1.099999999999999936e-02,1.574298388866647826e+02,2.145794177446258175e-05,2.080414189205573305e-01,3.990000000000000213e-01,9.880364549430241672e-01,9.963202009480630617e-01,4.100000000000000311e-01
0.000000000000000000e+00,9.880000000000001004e-01,1.199999999999999852e-02,1.574298388866647826e+02,2.145794177446258175e-05,2.080414189205573305e-01,3.990000000000000213e-01,9.880364549430241672e-01,9.963202009480630617e-01,4.110000000000000320e-01
0.000000000000000000e+00,9.880000000000001004e-01,1.299999999999999767e-02,1.574298388866647826e+02,2.145794177446258175e-05,2.080414189205573305e-01,3.990000000000000213e-01,9.880364549430241672e-01,9.963202009480630617e-01,4.120000000000000329e-01
0.000000000000000000e+00,9.880000000000001004e-01,1.399999999999999682e-02,1.574298388866647826e+02,2.145794177446258175e-05,2.080414189205573305e-01,3.990000000000000213e-01,9.880364549430241672e-01,9.963202009480630617e-01,4.130000000000000338e-01
0.000000000000000000e+00,9.880000000000001004e-01,1.499999999999999598e-02,1.574298388866647826e+02,2.145794177446258175e-05,2.080414189205573305e-01,3.990000000000000213e-01,9.880364549430241672e-01,9.963202009480630617e-01,4.140000000000000346e-01
0.000000000000000000e+00,9.880000000000001004e-01,1.599999999999999339e-02,1.574298388866647826e+02,2.145794177446258175e-05,2.080414189205573305e-01,3.990000000000000213e-01,9.880364549430241672e-01,9.963202009480630617e-01,4.150000000000000355e-01
0.000000000000000000e+00,9.880000000000001004e-01,1.699999999999999428e-02,1.574298388866647826e+02,2.145794177446258175e-05,2.080414189205573305e-01,3.990000000000000213e-01,9.880364549430241672e-01,9.963202009480630617e-01,4.160000000000000364e-01
0.000000000000000000e+00,9.880000000000001004e-01,1.799999999999999517e-02,1.574298388866647826e+02,2.145794177446258175e-05,2.080414189205573305e-01,3.990000000000000213e-01,9.880364549430241672e-01,9.963202009480630617e-01,4.170000000000000373e-01
0.000000000000000000e+00,9.880000000000001004e-01,1.899999999999999259e-02,1.574298388866647826e+02,2.145794177446258175e-05,2.080414189205573305e-01,3.990000000000000213e-01,9.880364549430241672e-01,9.963202009480630617e-01,4.180000000000000382e-01
0.000000000000000000e+00,9.880000000000001004e-01,1.999999999999999001e-02,1.574298388866647826e+02,2.145794177446258175e-05,2.080414189205573305e-01,3.990000000000000213e-01,9.880364549430241672e-01,9.963202009480630617e-01,4.190000000000000391e-01
0.000000000000000000e+00,9.880000000000001004e-01,2.099999999999999090e-02,1.574298388866647826e+02,2.145794177446258175e-05,2.080414189205573305e-01,3.990000000000000213e-01,9.880364549430241672e-01,9.963202009480630617e-01,4.200000000000000400e-01
0.000000000000000000e+00,9.880000000000001004e-01,2.199999999999999178e-02,1.574298388866647826e+02,2.145794177446258175e-05,2.080414189205573305e-01,3.990000000000000213e-01,9.880364549430241672e-01,9.963202009480630617e-01,4.210000000000000409e-01
0.000000000000000000e+00,9.880000000000001004e-01,2.299999999999998920e-02,1.574298388866647826e+02,2.145794177446258175e-05,2.080414189205573305e-01,3.990000000000000213e-01,9.880364549430241672e-01,9.963202009480630617e-01,4.219999999999999862e-01
0.000000000000000000e+00,9.880000000000001004e-01,2.399999999999998662e-02,1.574298388866647826e+02,2.145794177446258175e-05,2.080414189205573305e-01,3.990000000000000213e-01,9.880364549430241672e-01,9.963202009480630617e-01,4.229999999999999871e-01
0.000000000000000000e+00,9.880000000000001004e-01,2.499999999999998751e-02,1.574298388866647826e+02,2.145794177446258175e-05,2.080414189205573305e-01,3.990000000000000213e-01,9.880364549430241672e-01,9.963202009480630617e-01,4.239999999999999880e-01
0.000000000000000000e+00,9.880000000000001004e-01,2.599999999999998840e-02,1.574298388866647826e+02,2.145794177446258175e-05,2.080414189205573305e-01,3.990000000000000213e-01,9.880364549430241672e-01,9.963202009480630617e-01,4.249999999999999889e-01
0.000000000000000000e+00,9.880000000000001004e-01,2.699999999999998929e-02,1.574298388866647826e+02,2.145794177446258175e-05,2.080414189205573305e-01,3.990000000000000213e-01,9.880364549430241672e-01,9.963202009480630617e-01,4.259999999999999898e-01
0.000000000000000000e+00,9.880000000000001004e-01,2.799999999999998324e-02,1.574298388866647826e+02,2.145794177446258175e-05,2.080414189205573305e-01,3.990000000000000213e-01,9.880364549430241672e-01,9.963202009480630617e-01,4.269999999999999907e-01
0.000000000000000000e+00,9.880000000000001004e-01,2.899999999999998412e-02,1.574298388866647826e+02,2.145794177446258175e-05,2.080414189205573305e-01,3.990000000000000213e-01,9.880364549430241672e-01,9.963202009480630617e-01,4.279999999999999916e-01
0.000000000000000000e+00,9.880000000000001004e-01,2.999999999999998501e-02,1.574298388866647826e+02,2.145794177446258175e-05,2.080414189205573305e-01,3.990000000000000213e-01,9.880364549430241672e-01,9.963202009480630617e-01,4.289999999999999925e-01
0.000000000000000000e+00,9.880000000000001004e-01,3.099999999999998590e-02,1.574298388866647826e+02,2.145794177446258175e-05,2.080414189205573305e-01,3.990000000000000213e-01,9.880364549430241672e-01,9.963202009480630617e-01,4.299999999999999933e-01
0.000000000000000000e+00,9.880000000000001004e-01,3.199999999999997985e-02,1.574298388866647826e+02,2.145794177446258175e-05,2.080414189205573305e-01,3.990000000000000213e-01,9.880364549430241672e-01,9.963202009480630617e-01,4.309999999999999942e-01
0.000000000000000000e+00,9.880000000000001004e-01,3.299999999999998074e-02,1.574298388866647826e+02,2.145794177446258175e-05,2.080414189205573305e-01,3.990000000000000213e-01,9.880364549430241672e-01,9.963202009480630617e-01,4.319999999999999951e-01
0.000000000000000000e+00,9.880000000000001004e-01,3.399999999999998163e-02,1.574298388866647826e+02,2.145794177446258175e-05,2.080414189205573305e-01,3.990000000000000213e-01,9.880364549430241672e-01,9.963202009480630617e-01,4.329999999999999960e-01
0.000000000000000000e+00,9.880000000000001004e-01,3.499999999999998251e-02,1.574298388866647826e+02,2.145794177446258175e-05,2.080414189205573305e-01,3.990000000000000213e-01,9.880364549430241672e-01,9.963202009480630617e-01,4.339999999999999969e-01
0.000000000000000000e+00,9.880000000000001004e-01,3.599999999999997646e-02,1.574298388866647826e+02,2.145794177446258175e-05,2.080414189205573305e-01,3.990000000000000213e-01,9.880364549430241672e-01,9.963202009480630617e-01,4.349999999999999978e-01
0.000000000000000000e+00,9.880000000000001004e-01,3.699999999999997735e-02,1.574298388866647826e+02,2.145794177446258175e-05,2.080414189205573305e-01,3.990000000000000213e-01,9.880364549430241672e-01,9.963202009480630617e-01,4.359999999999999987e-01
0.000000000000000000e+00,9.880000000000001004e-01,3.799999999999997824e-02,1.574298388866647826e+02,2.145794177446258175e-05,2.080414189205573305e-01,3.990000000000000213e-01,9.880364549430241672e-01,9.963202009480630617e-01,4.369999999999999996e-01
0.000000000000000000e+00,9.880000000000001004e-01,3.899999999999997913e-02,1.574298388866647826e+02,2.145794177446258175e-05,2.080414189205573305e-01,3.990000000000000213e-01,9.880364549430241672e-01,9.963202009480630617e-01,4.380000000000000004e-01
0.000000000000000000e+00,9.880000000000001004e-01,3.999999999999997308e-02,1.574298388866647826e+02,2.145794177446258175e-05,2.080414189205573305e-01,3.990000000000000213e-01,9.880364549430241672e-01,9.963202009480630617e-01,4.390000000000000013e-01
0.000000000000000000e+00,9.880000000000001004e-01,4.099999999999997397e-02,1.574298388866647826e+02,2.145794177446258175e-05,2.080414189205573305e-01,3.990000000000000213e-01,9.880364549430241672e-01,9.963202009480630617e-01,4.400000000000000022e-01
0.000000000000000000e+00,9.880000000000001004e-01,4.199999999999997485e-02,1.574298388866647826e+02,2.145794177446258175e-05,2.080414189205573305e-01,3.990000000000000213e-01,9.880364549430241672e-01,9.963202009480630617e-01,4.410000000000000031e-01
0.000000000000000000e+00,9.880000000000001004e-01,4.299999999999997574e-02,1.574298388866647826e+02,2.145794177446258175e-05,2.080414189205573305e-01,3.990000000000000213e-01,9.880364549430241672e-01,9.963202009480630617e-01,4.420000000000000040e-01
0.000000000000000000e+00,9.880000000000001004e-01,4.399999999999997663e-02,1.574298388866647826e+02,2.145794177446258175e-05,2.080414189205573305e-01,3.990000000000000213e-01,9.880364549430241672e-01,9.963202009480630617e-01,4.430000000000000049e-01
0.000000000000000000e+00,9.880000000000001004e-01,4.499999999999997058e-02,1.574298388866647826e+02,2.145794177446258175e-05,2.080414189205573305e-01,3.990000000000000213e-01,9.880364549430241672e-01,9.963202009480630617e-01,4.440000000000000058e-01
0.000000000000000000e+00,9.880000000000001004e-01,4.599999999999997147e-02,1.574298388866647826e+02,2.145794177446258175e-05,2.080414189205573305e-01,3.990000000000000213e-01,9.880364549430241672e-01,9.963202009480630617e-01,4.450000000000000067e-01
0.000000000000000000e+00,9.880000000000001004e-01,4.699999999999997236e-02,1.574298388866647826e+02,2.145794177446258175e-05,2.080414189205573305e-01,3.990000000000000213e-01,9.880364549430241672e-01,9.963202009480630617e-01,4.460000000000000075e-01
0.000000000000000000e+00,9.880000000000001004e-01,4.799999999999996630e-02,1.574298388866647826e+02,2.145794177446258175e-05,2.080414189205573305e-01,3.990000000000000213e-01,9.880364549430241672e-01,9.963202009480630617e-01,4.470000000000000084e-01
0.000000000000000000e+00,9.880000000000001004e-01,4.899999999999996719e-02,1.574298388866647826e+02,2.145794177446258175e-05,2.080414189205573305e-01,3.990000000000000213e-01,9.880364549430241672e-01,9.963202009480630617e-01,4.480000000000000093e-01
0.000000000000000000e+00,9.890000000000001013e-01,1.000000000000000021e-02,1.599769980225785559e+02,2.388235741001097301e-05,2.096990223814254040e-01,4.020000000000001350e-01,9.890375044988801712e-01,9.967197464061144929e-01,4.120000000000001439e-01
0.000000000000000000e+00,9.890000000000001013e-01,1.099999999999999936e-02,1.599769980225785559e+02,2.388235741001097301e-05,2.096990223814254040e-01,4.020000000000001350e-01,9.890375044988801712e-01,9.967197464061144929e-01,4.130000000000001448e-01
0.000000000000000000e+00,9.890000000000001013e-01,1.199999999999999852e-02,1.599769980225785559e+02,2.388235741001097301e-05,2.096990223814254040e-01,4.020000000000001350e-01,9.890375044988801712e-01,9.967197464061144929e-01,4.140000000000001457e-01
0.000000000000000000e+00,9.890000000000001013e-01,1.299999999999999767e-02,1.599769980225785559e+02,2.388235741001097301e-05,2.096990223814254040e-01,4.020000000000001350e-01,9.890375044988801712e-01,9.967197464061144929e-01,4.150000000000001465e-01
0.000000000000000000e+00,9.890000000000001013e-01,1.399999999999999682e-02,1.599769980225785559e+02,2.388235741001097301e-05,2.096990223814254040e-01,4.020000000000001350e-01,9.890375044988801712e-01,9.967197464061144929e-01,4.160000000000001474e-01
0.000000000000000000e+00,9.890000000000001013e-01,1.499999999999999598e-02,1.599769980225785559e+02,2.388235741001097301e-05,2.096990223814254040e-01,4.020000000000001350e-01,9.890375044988801712e-01,9.967197464061144929e-01,4.170000000000001483e-01
0.000000000000000000e+00,9.890000000000001013e-01,1.599999999999999339e-02,1.599769980225785559e+02,2.388235741001097301e-05,2.096990223814254040e-01,4.020000000000001350e-01,9.890375044988801712e-01,9.967197464061144929e-01,4.180000000000001492e-01
0.000000000000000000e+00,9.890000000000001013e-01,1.699999999999999428e-02,1.599769980225785559e+02,2.388235741001097301e-05,2.096990223814254040e-01,4.020000000000001350e-01,9.890375044988801712e-01,9.967197464061144929e-01,4.190000000000001501e-01
0.000000000000000000e+00,9.890000000000001013e-01,1.799999999999999517e-02,1.599769980225785559e+02,2.388235741001097301e-05,2.096990223814254040e-01,4.020000000000001350e-01,9.890375044988801712e-01,9.967197464061144929e-01,4.200000000000001510e-01
0.000000000000000000e+00,9.890000000000001013e-01,1.899999999999999259e-02,1.599769980225785559e+02,2.388235741001097301e-05,2.096990223814254040e-01,4.020000000000001350e-01,9.890375044988801712e-01,9.967197464061144929e-01,4.210000000000001519e-01
0.000000000000000000e+00,9.890000000000001013e-01,1.999999999999999001e-02,1.599769980225785559e+02,2.388235741001097301e-05,2.096990223814254040e-01,4.020000000000001350e-01,9.890375044988801712e-01,9.967197464061144929e-01,4.220000000000001528e-01
0.000000000000000000e+00,9.890000000000001013e-01,2.099999999999999090e-02,1.599769980225785559e+02,2.388235741001097301e-05,2.096990223814254040e-01,4.020000000000001350e-01,9.890375044988801712e-01,9.967197464061144929e-01,4.230000000000001537e-01
0.000000000000000000e+00,9.890000000000001013e-01,2.199999999999999178e-02,1.599769980225785559e+02,2.388235741001097301e-05,2.096990223814254040e-01,4.020000000000001350e-01,9.890375044988801712e-01,9.967197464061144929e-01,4.240000000000001545e-01
0.000000000000000000e+00,9.890000000000001013e-01,2.299999999999998920e-02,1.599769980225785559e+02,2.388235741001097301e-05,2.096990223814254040e-01,4.020000000000001350e-01,9.890375044988801712e-01,9.967197464061144929e-01,4.250000000000000999e-01
0.000000000000000000e+00,9.890000000000001013e-01,2.399999999999998662e-02,1.599769980225785559e+02,2.388235741001097301e-05,2.096990223814254040e-01,4.020000000000001350e-01,9.890375044988801712e-01,9.967197464061144929e-01,4.260000000000001008e-01
0.000000000000000000e+00,9.890000000000001013e-01,2.499999999999998751e-02,1.599769980225785559e+02,2.388235741001097301e-05,2.096990223814254040e-01,4.020000000000001350e-01,9.890375044988801712e-01,9.967197464061144929e-01,4.270000000000001017e-01
0.000000000000000000e+00,9.890000000000001013e-01,2.599999999999998840e-02,1.599769980225785559e+02,2.388235741001097301e-05,2.096990223814254040e-01,4.020000000000001350e-01,9.890375044988801712e-01,9.967197464061144929e-01,4.280000000000001026e-01
0.000000000000000000e+00,9.890000000000001013e-01,2.699999999999998929e-02,1.599769980225785559e+02,2.388235741001097301e-05,2.096990223814254040e-01,4.020000000000001350e-01,9.890375044988801712e-01,9.967197464061144929e-01,4.290000000000001035e-01
0.000000000000000000e+00,9.890000000000001013e-01,2.799999999999998324e-02,1.599769980225785559e+02,2.388235741001097301e-05,2.096990223814254040e-01,4.020000000000001350e-01,9.890375044988801712e-01,9.967197464061144929e-01,4.300000000000001044e-01
0.000000000000000000e+00,9.890000000000001013e-01,2.899999999999998412e-02,1.599769980225785559e+02,2.388235741001097301e-05,2.096990223814254040e-01,4.020000000000001350e-01,9.890375044988801712e-01,9.967197464061144929e-01,4.310000000000001052e-01
0.000000000000000000e+00,9.890000000000001013e-01,2.999999999999998501e-02,1.599769980225785559e+02,2.388235741001097301e-05,2.096990223814254040e-01,4.020000000000001350e-01,9.890375044988801712e-01,9.967197464061144929e-01,4.320000000000001061e-01
0.000000000000000000e+00,9.890000000000001013e-01,3.099999999999998590e-02,1.599769980225785559e+02,2.388235741001097301e-05,2.096990223814254040e-01,4.020000000000001350e-01,9.890375044988801712e-01,9.967197464061144929e-01,4.330000000000001070e-01
0.000000000000000000e+00,9.890000000000001013e-01,3.199999999999997985e-02,1.599769980225785559e+02,2.388235741001097301e-05,2.096990223814254040e-01,4.020000000000001350e-01,9.890375044988801712e-01,9.967197464061144929e-01,4.340000000000001079e-01
0.000000000000000000e+00,9.890000000000001013e-01,3.299999999999998074e-02,1.599769980225785559e+02,2.388235741001097301e-05,2.096990223814254040e-01,4.020000000000001350e-01,9.890375044988801712e-01,9.967197464061144929e-01,4.350000000000001088e-01
0.000000000000000000e+00,9.890000000000001013e-01,3.399999999999998163e-02,1.599769980225785559e+02,2.388235741001097301e-05,2.096990223814254040e-01,4.020000000000001350e-01,9.890375044988801712e-01,9.967197464061144929e-01,4.360000000000001097e-01
0.000000000000000000e+00,9.890000000000001013e-01,3.499999999999998251e-02,1.599769980225785559e+02,2.388235741001097301e-05,2.096990223814254040e-01,4.020000000000001350e-01,9.890375044988801712e-01,9.967197464061144929e-01,4.370000000000001106e-01
0.000000000000000000e+00,9.890000000000001013e-01,3.599999999999997646e-02,1.599769980225785559e+02,2.388235741001097301e-05,2.096990223814254040e-01,4.020000000000001350e-01,9.890375044988801712e-01,9.967197464061144929e-01,4.380000000000001115e-01
0.000000000000000000e+00,9.890000000000001013e-01,3.699999999999997735e-02,1.599769980225785559e+02,2.388235741001097301e-05,2.096990223814254040e-01,4.020000000000001350e-01,9.890375044988801712e-01,9.967197464061144929e-01,4.390000000000001124e-01
0.000000000000000000e+00,9.890000000000001013e-01,3.799999999999997824e-02,1.599769980225785559e+02,2.388235741001097301e-05,2.096990223814254040e-01,4.020000000000001350e-01,9.890375044988801712e-01,9.967197464061144929e-01,4.400000000000001132e-01
0.000000000000000000e+00,9.890000000000001013e-01,3.899999999999997913e-02,1.599769980225785559e+02,2.388235741001097301e-05,2.096990223814254040e-01,4.020000000000001350e-01,9.890375044988801712e-01,9.967197464061144929e-01,4.410000000000001141e-01
0.000000000000000000e+00,9.890000000000001013e-01,3.999999999999997308e-02,1.599769980225785559e+02,2.388235741001097301e-05,2.096990223814254040e-01,4.020000000000001350e-01,9.890375044988801712e-01,9.967197464061144929e-01,4.420000000000001150e-01
0.000000000000000000e+00,9.890000000000001013e-01,4.099999999999997397e-02,1.599769980225785559e+02,2.388235741001097301e-05,2.096990223814254040e-01,4.020000000000001350e-01,9.890375044988801712e-01,9.967197464061144929e-01,4.430000000000001159e-01
0.000000000000000000e+00,9.890000000000001013e-01,4.199999999999997485e-02,1.599769980225785559e+02,2.388235741001097301e-05,2.096990223814254040e-01,4.020000000000001350e-01,9.890375044988801712e-01,9.967197464061144929e-01,4.440000000000001168e-01
0.000000000000000000e+00,9.890000000000001013e-01,4.299999999999997574e-02,1.599769980225785559e+02,2.388235741001097301e-05,2.096990223814254040e-01,4.020000000000001350e-01,9.890375044988801712e-01,9.967197464061144929e-01,4.450000000000001177e-01
0.000000000000000000e+00,9.890000000000001013e-01,4.399999999999997663e-02,1.599769980225785559e+02,2.388235741001097301e-05,2.096990223814254040e-01,4.020000000000001350e-01,9.890375044988801712e-01,9.967197464061144929e-01,4.460000000000001186e-01
0.000000000000000000e+00,9.890000000000001013e-01,4.499999999999997058e-02,1.599769980225785559e+02,2.388235741001097301e-05,2.096990223814254040e-01,4.020000000000001350e-01,9.890375044988801712e-01,9.967197464061144929e-01,4.470000000000001195e-01
0.000000000000000000e+00,9.890000000000001013e-01,4.599999999999997147e-02,1.599769980225785559e+02,2.388235741001097301e-05,2.096990223814254040e-01,4.020000000000001350e-01,9.890375044988801712e-01,9.967197464061144929e-01,4.480000000000001203e-01
0.000000000000000000e+00,9.890000000000001013e-01,4.699999999999997236e-02,1.599769980225785559e+02,2.388235741001097301e-05,2.096990223814254040e-01,4.020000000000001350e-01,9.890375044988801712e-01,9.967197464061144929e-01,4.490000000000001212e-01
0.000000000000000000e+00,9.890000000000001013e-01,4.799999999999996630e-02,1.599769980225785559e+02,2.388235741001097301e-05,2.096990223814254040e-01,4.020000000000001350e-01,9.890375044988801712e-01,9.967197464061144929e-01,4.500000000000001221e-01
0.000000000000000000e+00,9.890000000000001013e-01,4.899999999999996719e-02,1.599769980225785559e+02,2.388235741001097301e-05,2.096990223814254040e-01,4.020000000000001350e-01,9.890375044988801712e-01,9.967197464061144929e-01,4.510000000000001230e-01
0.000000000000000000e+00,9.900000000000001021e-01,1.000000000000000021e-02,1.633882563204048779e+02,2.742958070538083673e-05,2.118372164181007711e-01,4.060000000000001386e-01,9.903039276947763758e-01,9.971872506999471808e-01,4.160000000000001474e-01
0.000000000000000000e+00,9.900000000000001021e-01,1.099999999999999936e-02,1.633882563204048779e+02,2.742958070538083673e-05,2.118372164181007711e-01,4.060000000000001386e-01,9.903039276947763758e-01,9.971872506999471808e-01,4.170000000000001483e-01
0.000000000000000000e+00,9.900000000000001021e-01,1.199999999999999852e-02,1.633882563204048779e+02,2.742958070538083673e-05,2.118372164181007711e-01,4.060000000000001386e-01,9.903039276947763758e-01,9.971872506999471808e-01,4.180000000000001492e-01
0.000000000000000000e+00,9.900000000000001021e-01,1.299999999999999767e-02,1.633882563204048779e+02,2.742958070538083673e-05,2.118372164181007711e-01,4.060000000000001386e-01,9.903039276947763758e-01,9.971872506999471808e-01,4.190000000000001501e-01
0.000000000000000000e+00,9.900000000000001021e-01,1.399999999999999682e-02,1.633882563204048779e+02,2.742958070538083673e-05,2.118372164181007711e-01,4.060000000000001386e-01,9.903039276947763758e-01,9.971872506999471808e-01,4.200000000000001510e-01
0.000000000000000000e+00,9.900000000000001021e-01,1.499999999999999598e-02,1.633882563204048779e+02,2.742958070538083673e-05,2.118372164181007711e-01,4.060000000000001386e-01,9.903039276947763758e-01,9.971872506999471808e-01,4.210000000000001519e-01
0.000000000000000000e+00,9.900000000000001021e-01,1.599999999999999339e-02,1.633882563204048779e+02,2.742958070538083673e-05,2.118372164181007711e-01,4.060000000000001386e-01,9.903039276947763758e-01,9.971872506999471808e-01,4.220000000000001528e-01
0.000000000000000000e+00,9.900000000000001021e-01,1.699999999999999428e-02,1.633882563204048779e+02,2.742958070538083673e-05,2.118372164181007711e-01,4.060000000000001386e-01,9.903039276947763758e-01,9.971872506999471808e-01,4.230000000000001537e-01
0.000000000000000000e+00,9.900000000000001021e-01,1.799999999999999517e-02,1.633882563204048779e+02,2.742958070538083673e-05,2.118372164181007711e-01,4.060000000000001386e-01,9.903039276947763758e-01,9.971872506999471808e-01,4.240000000000001545e-01
0.000000000000000000e+00,9.900000000000001021e-01,1.899999999999999259e-02,1.633882563204048779e+02,2.742958070538083673e-05,2.118372164181007711e-01,4.060000000000001386e-01,9.903039276947763758e-01,9.971872506999471808e-01,4.250000000000001554e-01
0.000000000000000000e+00,9.900000000000001021e-01,1.999999999999999001e-02,1.633882563204048779e+02,2.742958070538083673e-05,2.118372164181007711e-01,4.060000000000001386e-01,9.903039276947763758e-01,9.971872506999471808e-01,4.260000000000001563e-01
0.000000000000000000e+00,9.900000000000001021e-01,2.099999999999999090e-02,1.633882563204048779e+02,2.742958070538083673e-05,2.118372164181007711e-01,4.060000000000001386e-01,9.903039276947763758e-01,9.971872506999471808e-01,4.270000000000001572e-01
0.000000000000000000e+00,9.900000000000001021e-01,2.199999999999999178e-02,1.633882563204048779e+02,2.742958070538083673e-05,2.118372164181007711e-01,4.060000000000001386e-01,9.903039276947763758e-01,9.971872506999471808e-01,4.280000000000001581e-01
0.000000000000000000e+00,9.900000000000001021e-01,2.299999999999998920e-02,1.633882563204048779e+02,2.742958070538083673e-05,2.118372164181007711e-01,4.060000000000001386e-01,9.903039276947763758e-01,9.971872506999471808e-01,4.290000000000001035e-01
0.000000000000000000e+00,9.900000000000001021e-01,2.399999999999998662e-02,1.633882563204048779e+02,2.742958070538083673e-05,2.118372164181007711e-01,4.060000000000001386e-01,9.903039276947763758e-01,9.971872506999471808e-01,4.300000000000001044e-01
0.000000000000000000e+00,9.900000000000001021e-01,2.499999999999998751e-02,1.633882563204048779e+02,2.742958070538083673e-05,2.118372164181007711e-01,4.060000000000001386e-01,9.903039276947763758e-01,9.971872506999471808e-01,4.310000000000001052e-01
0.000000000000000000e+00,9.900000000000001021e-01,2.599999999999998840e-02,1.633882563204048779e+02,2.742958070538083673e-05,2.118372164181007711e-01,4.060000000000001386e-01,9.903039276947763758e-01,9.971872506999471808e-01,4.320000000000001061e-01
0.000000000000000000e+00,9.900000000000001021e-01,2.699999999999998929e-02,1.633882563204048779e+02,2.742958070538083673e-05,2.118372164181007711e-01,4.060000000000001386e-01,9.903039276947763758e-01,9.971872506999471808e-01,4.330000000000001070e-01
0.000000000000000000e+00,9.900000000000001021e-01,2.799999999999998324e-02,1.633882563204048779e+02,2.742958070538083673e-05,2.118372164181007711e-01,4.060000000000001386e-01,9.903039276947763758e-01,9.971872506999471808e-01,4.340000000000001079e-01
0.000000000000000000e+00,9.900000000000001021e-01,2.899999999999998412e-02,1.633882563204048779e+02,2.742958070538083673e-05,2.118372164181007711e-01,4.060000000000001386e-01,9.903039276947763758e-01,9.971872506999471808e-01,4.350000000000001088e-01
0.000000000000000000e+00,9.900000000000001021e-01,2.999999999999998501e-02,1.633882563204048779e+02,2.742958070538083673e-05,2.118372164181007711e-01,4.060000000000001386e-01,9.903039276947763758e-01,9.971872506999471808e-01,4.360000000000001097e-01
0.000000000000000000e+00,9.900000000000001021e-01,3.099999999999998590e-02,1.633882563204048779e+02,2.742958070538083673e-05,2.118372164181007711e-01,4.060000000000001386e-01,9.903039276947763758e-01,9.971872506999471808e-01,4.370000000000001106e-01
0.000000000000000000e+00,9.900000000000001021e-01,3.199999999999997985e-02,1.633882563204048779e+02,2.742958070538083673e-05,2.118372164181007711e-01,4.060000000000001386e-01,9.903039276947763758e-01,9.971872506999471808e-01,4.380000000000001115e-01
0.000000000000000000e+00,9.900000000000001021e-01,3.299999999999998074e-02,1.633882563204048779e+02,2.742958070538083673e-05,2.118372164181007711e-01,4.060000000000001386e-01,9.903039276947763758e-01,9.971872506999471808e-01,4.390000000000001124e-01
0.000000000000000000e+00,9.900000000000001021e-01,3.399999999999998163e-02,1.633882563204048779e+02,2.742958070538083673e-05,2.118372164181007711e-01,4.060000000000001386e-01,9.903039276947763758e-01,9.971872506999471808e-01,4.400000000000001132e-01
0.000000000000000000e+00,9.900000000000001021e-01,3.499999999999998251e-02,1.633882563204048779e+02,2.742958070538083673e-05,2.118372164181007711e-01,4.060000000000001386e-01,9.903039276947763758e-01,9.971872506999471808e-01,4.410000000000001141e-01
0.000000000000000000e+00,9.900000000000001021e-01,3.599999999999997646e-02,1.633882563204048779e+02,2.742958070538083673e-05,2.118372164181007711e-01,4.060000000000001386e-01,9.903039276947763758e-01,9.971872506999471808e-01,4.420000000000001150e-01
0.000000000000000000e+00,9.900000000000001021e-01,3.699999999999997735e-02,1.633882563204048779e+02,2.742958070538083673e-05,2.118372164181007711e-01,4.060000000000001386e-01,9.903039276947763758e-01,9.971872506999471808e-01,4.430000000000001159e-01
0.000000000000000000e+00,9.900000000000001021e-01,3.799999999999997824e-02,1.633882563204048779e+02,2.742958070538083673e-05,2.118372164181007711e-01,4.060000000000001386e-01,9.903039276947763758e-01,9.971872506999471808e-01,4.440000000000001168e-01
0.000000000000000000e+00,9.900000000000001021e-01,3.899999999999997913e-02,1.633882563204048779e+02,2.742958070538083673e-05,2.118372164181007711e-01,4.060000000000001386e-01,9.903039276947763758e-01,9.971872506999471808e-01,4.450000000000001177e-01
0.000000000000000000e+00,9.900000000000001021e-01,3.999999999999997308e-02,1.633882563204048779e+02,2.742958070538083673e-05,2.118372164181007711e-01,4.060000000000001386e-01,9.903039276947763758e-01,9.971872506999471808e-01,4.460000000000001186e-01
0.000000000000000000e+00,9.900000000000001021e-01,4.099999999999997397e-02,1.633882563204048779e+02,2.742958070538083673e-05,2.118372164181007711e-01,4.060000000000001386e-01,9.903039276947763758e-01,9.971872506999471808e-01,4.470000000000001195e-01
0.000000000000000000e+00,9.900000000000001021e-01,4.199999999999997485e-02,1.633882563204048779e+02,2.742958070538083673e-05,2.118372164181007711e-01,4.060000000000001386e-01,9.903039276947763758e-01,9.971872506999471808e-01,4.480000000000001203e-01
0.000000000000000000e+00,9.900000000000001021e-01,4.299999999999997574e-02,1.633882563204048779e+02,2.742958070538083673e-05,2.118372164181007711e-01,4.060000000000001386e-01,9.903039276947763758e-01,9.971872506999471808e-01,4.490000000000001212e-01
0.000000000000000000e+00,9.900000000000001021e-01,4.399999999999997663e-02,1.633882563204048779e+02,2.742958070538083673e-05,2.118372164181007711e-01,4.060000000000001386e-01,9.903039276947763758e-01,9.971872506999471808e-01,4.500000000000001221e-01
0.000000000000000000e+00,9.900000000000001021e-01,4.499999999999997058e-02,1.633882563204048779e+02,2.742958070538083673e-05,2.118372164181007711e-01,4.060000000000001386e-01,9.903039276947763758e-01,9.971872506999471808e-01,4.510000000000001230e-01
0.000000000000000000e+00,9.900000000000001021e-01,4.599999999999997147e-02,1.633882563204048779e+02,2.742958070538083673e-05,2.118372164181007711e-01,4.060000000000001386e-01,9.903039276947763758e-01,9.971872506999471808e-01,4.520000000000001239e-01
0.000000000000000000e+00,9.900000000000001021e-01,4.699999999999997236e-02,1.633882563204048779e+02,2.742958070538083673e-05,2.118372164181007711e-01,4.060000000000001386e-01,9.903039276947763758e-01,9.971872506999471808e-01,4.530000000000001248e-01
0.000000000000000000e+00,9.900000000000001021e-01,4.799999999999996630e-02,1.633882563204048779e+02,2.742958070538083673e-05,2.118372164181007711e-01,4.060000000000001386e-01,9.903039276947763758e-01,9.971872506999471808e-01,4.540000000000001257e-01
0.000000000000000000e+00,9.900000000000001021e-01,4.899999999999996719e-02,1.633882563204048779e+02,2.742958070538083673e-05,2.118372164181007711e-01,4.060000000000001386e-01,9.903039276947763758e-01,9.971872506999471808e-01,4.550000000000001266e-01
0.000000000000000000e+00,9.910000000000001030e-01,1.000000000000000021e-02,1.659489822636475083e+02,3.032852941615015545e-05,2.133933792892625525e-01,4.090000000000000302e-01,9.911956316284638024e-01,9.974968176017682264e-01,4.190000000000000391e-01
0.000000000000000000e+00,9.910000000000001030e-01,1.099999999999999936e-02,1.659489822636475083e+02,3.032852941615015545e-05,2.133933792892625525e-01,4.090000000000000302e-01,9.911956316284638024e-01,9.974968176017682264e-01,4.200000000000000400e-01
0.000000000000000000e+00,9.910000000000001030e-01,1.199999999999999852e-02,1.659489822636475083e+02,3.032852941615015545e-05,2.133933792892625525e-01,4.090000000000000302e-01,9.911956316284638024e-01,9.974968176017682264e-01,4.210000000000000409e-01
0.000000000000000000e+00,9.910000000000001030e-01,1.299999999999999767e-02,1.659489822636475083e+02,3.032852941615015545e-05,2.133933792892625525e-01,4.090000000000000302e-01,9.911956316284638024e-01,9.974968176017682264e-01,4.220000000000000417e-01
0.000000000000000000e+00,9.910000000000001030e-01,1.399999999999999682e-02,1.659489822636475083e+02,3.032852941615015545e-05,2.133933792892625525e-01,4.090000000000000302e-01,9.911956316284638024e-01,9.974968176017682264e-01,4.230000000000000426e-01
0.000000000000000000e+00,9.910000000000001030e-01,1.499999999999999598e-02,1.659489822636475083e+02,3.032852941615015545e-05,2.133933792892625525e-01,4.090000000000000302e-01,9.911956316284638024e-01,9.974968176017682264e-01,4.240000000000000435e-01
0.000000000000000000e+00,9.910000000000001030e-01,1.599999999999999339e-02,1.659489822636475083e+02,3.032852941615015545e-05,2.133933792892625525e-01,4.090000000000000302e-01,9.911956316284638024e-01,9.974968176017682264e-01,4.250000000000000444e-01
0.000000000000000000e+00,9.910000000000001030e-01,1.699999999999999428e-02,1.659489822636475083e+02,3.032852941615015545e-05,2.133933792892625525e-01,4.090000000000000302e-01,9.911956316284638024e-01,9.974968176017682264e-01,4.260000000000000453e-01
0.000000000000000000e+00,9.910000000000001030e-01,1.799999999999999517e-02,1.659489822636475083e+02,3.032852941615015545e-05,2.133933792892625525e-01,4.090000000000000302e-01,9.911956316284638024e-01,9.974968176017682264e-01,4.270000000000000462e-01
0.000000000000000000e+00,9.910000000000001030e-01,1.899999999999999259e-02,1.659489822636475083e+02,3.032852941615015545e-05,2.133933792892625525e-01,4.090000000000000302e-01,9.911956316284638024e-01,9.974968176017682264e-01,4.280000000000000471e-01
0.000000000000000000e+00,9.910000000000001030e-01,1.999999999999999001e-02,1.659489822636475083e+02,3.032852941615015545e-05,2.133933792892625525e-01,4.090000000000000302e-01,9.911956316284638024e-01,9.974968176017682264e-01,4.290000000000000480e-01
0.000000000000000000e+00,9.910000000000001030e-01,2.099999999999999090e-02,1.659489822636475083e+02,3.032852941615015545e-05,2.133933792892625525e-01,4.090000000000000302e-01,9.911956316284638024e-01,9.974968176017682264e-01,4.300000000000000488e-01
0.000000000000000000e+00,9.910000000000001030e-01,2.199999999999999178e-02,1.659489822636475083e+02,3.032852941615015545e-05,2.133933792892625525e-01,4.090000000000000302e-01,9.911956316284638024e-01,9.974968176017682264e-01,4.310000000000000497e-01
0.000000000000000000e+00,9.910000000000001030e-01,2.299999999999998920e-02,1.659489822636475083e+02,3.032852941615015545e-05,2.133933792892625525e-01,4.090000000000000302e-01,9.911956316284638024e-01,9.974968176017682264e-01,4.319999999999999951e-01
0.000000000000000000e+00,9.910000000000001030e-01,2.399999999999998662e-02,1.659489822636475083e+02,3.032852941615015545e-05,2.133933792892625525e-01,4.090000000000000302e-01,9.911956316284638024e-01,9.974968176017682264e-01,4.329999999999999960e-01
0.000000000000000000e+00,9.910000000000001030e-01,2.499999999999998751e-02,1.659489822636475083e+02,3.032852941615015545e-05,2.133933792892625525e-01,4.090000000000000302e-01,9.911956316284638024e-01,9.974968176017682264e-01,4.339999999999999969e-01
0.000000000000000000e+00,9.910000000000001030e-01,2.599999999999998840e-02,1.659489822636475083e+02,3.032852941615015545e-05,2.133933792892625525e-01,4.090000000000000302e-01,9.911956316284638024e-01,9.974968176017682264e-01,4.349999999999999978e-01
0.000000000000000000e+00,9.910000000000001030e-01,2.699999999999998929e-02,1.659489822636475083e+02,3.032852941615015545e-05,2.133933792892625525e-01,4.090000000000000302e-01,9.911956316284638024e-01,9.974968176017682264e-01,4.359999999999999987e-01
0.000000000000000000e+00,9.910000000000001030e-01,2.799999999999998324e-02,1.659489822636475083e+02,3.032852941615015545e-05,2.133933792892625525e-01,4.090000000000000302e-01,9.911956316284638024e-01,9.974968176017682264e-01,4.369999999999999996e-01
0.000000000000000000e+00,9.910000000000001030e-01,2.899999999999998412e-02,1.659489822636475083e+02,3.032852941615015545e-05,2.133933792892625525e-01,4.090000000000000302e-01,9.911956316284638024e-01,9.974968176017682264e-01,4.380000000000000004e-01
0.000000000000000000e+00,9.910000000000001030e-01,2.999999999999998501e-02,1.659489822636475083e+02,3.032852941615015545e-05,2.133933792892625525e-01,4.090000000000000302e-01,9.911956316284638024e-01,9.974968176017682264e-01,4.390000000000000013e-01
0.000000000000000000e+00,9.910000000000001030e-01,3.099999999999998590e-02,1.659489822636475083e+02,3.032852941615015545e-05,2.133933792892625525e-01,4.090000000000000302e-01,9.911956316284638024e-01,9.974968176017682264e-01,4.400000000000000022e-01
0.000000000000000000e+00,9.910000000000001030e-01,3.199999999999997985e-02,1.659489822636475083e+02,3.032852941615015545e-05,2.133933792892625525e-01,4.090000000000000302e-01,9.911956316284638024e-01,9.974968176017682264e-01,4.410000000000000031e-01
0.000000000000000000e+00,9.910000000000001030e-01,3.299999999999998074e-02,1.659489822636475083e+02,3.032852941615015545e-05,2.133933792892625525e-01,4.090000000000000302e-01,9.911956316284638024e-01,9.974968176017682264e-01,4.420000000000000040e-01
0.000000000000000000e+00,9.910000000000001030e-01,3.399999999999998163e-02,1.659489822636475083e+02,3.032852941615015545e-05,2.133933792892625525e-01,4.090000000000000302e-01,9.911956316284638024e-01,9.974968176017682264e-01,4.430000000000000049e-01
0.000000000000000000e+00,9.910000000000001030e-01,3.499999999999998251e-02,1.659489822636475083e+02,3.032852941615015545e-05,2.133933792892625525e-01,4.090000000000000302e-01,9.911956316284638024e-01,9.974968176017682264e-01,4.440000000000000058e-01
0.000000000000000000e+00,9.910000000000001030e-01,3.599999999999997646e-02,1.659489822636475083e+02,3.032852941615015545e-05,2.133933792892625525e-01,4.090000000000000302e-01,9.911956316284638024e-01,9.974968176017682264e-01,4.450000000000000067e-01
0.000000000000000000e+00,9.910000000000001030e-01,3.699999999999997735e-02,1.659489822636475083e+02,3.032852941615015545e-05,2.133933792892625525e-01,4.090000000000000302e-01,9.911956316284638024e-01,9.974968176017682264e-01,4.460000000000000075e-01
0.000000000000000000e+00,9.910000000000001030e-01,3.799999999999997824e-02,1.659489822636475083e+02,3.032852941615015545e-05,2.133933792892625525e-01,4.090000000000000302e-01,9.911956316284638024e-01,9.974968176017682264e-01,4.470000000000000084e-01
0.000000000000000000e+00,9.910000000000001030e-01,3.899999999999997913e-02,1.659489822636475083e+02,3.032852941615015545e-05,2.133933792892625525e-01,4.090000000000000302e-01,9.911956316284638024e-01,9.974968176017682264e-01,4.480000000000000093e-01
0.000000000000000000e+00,9.910000000000001030e-01,3.999999999999997308e-02,1.659489822636475083e+02,3.032852941615015545e-05,2.133933792892625525e-01,4.090000000000000302e-01,9.911956316284638024e-01,9.974968176017682264e-01,4.490000000000000102e-01
0.000000000000000000e+00,9.910000000000001030e-01,4.099999999999997397e-02,1.659489822636475083e+02,3.032852941615015545e-05,2.133933792892625525e-01,4.090000000000000302e-01,9.911956316284638024e-01,9.974968176017682264e-01,4.500000000000000111e-01
0.000000000000000000e+00,9.910000000000001030e-01,4.199999999999997485e-02,1.659489822636475083e+02,3.032852941615015545e-05,2.133933792892625525e-01,4.090000000000000302e-01,9.911956316284638024e-01,9.974968176017682264e-01,4.510000000000000120e-01
0.000000000000000000e+00,9.910000000000001030e-01,4.299999999999997574e-02,1.659489822636475083e+02,3.032852941615015545e-05,2.133933792892625525e-01,4.090000000000000302e-01,9.911956316284638024e-01,9.974968176017682264e-01,4.520000000000000129e-01
0.000000000000000000e+00,9.910000000000001030e-01,4.399999999999997663e-02,1.659489822636475083e+02,3.032852941615015545e-05,2.133933792892625525e-01,4.090000000000000302e-01,9.911956316284638024e-01,9.974968176017682264e-01,4.530000000000000138e-01
0.000000000000000000e+00,9.910000000000001030e-01,4.499999999999997058e-02,1.659489822636475083e+02,3.032852941615015545e-05,2.133933792892625525e-01,4.090000000000000302e-01,9.911956316284638024e-01,9.974968176017682264e-01,4.540000000000000147e-01
0.000000000000000000e+00,9.910000000000001030e-01,4.599999999999997147e-02,1.659489822636475083e+02,3.032852941615015545e-05,2.133933792892625525e-01,4.090000000000000302e-01,9.911956316284638024e-01,9.974968176017682264e-01,4.550000000000000155e-01
0.000000000000000000e+00,9.910000000000001030e-01,4.699999999999997236e-02,1.659489822636475083e+02,3.032852941615015545e-05,2.133933792892625525e-01,4.090000000000000302e-01,9.911956316284638024e-01,9.974968176017682264e-01,4.560000000000000164e-01
0.000000000000000000e+00,9.910000000000001030e-01,4.799999999999996630e-02,1.659489822636475083e+02,3.032852941615015545e-05,2.133933792892625525e-01,4.090000000000000302e-01,9.911956316284638024e-01,9.974968176017682264e-01,4.570000000000000173e-01
0.000000000000000000e+00,9.910000000000001030e-01,4.899999999999996719e-02,1.659489822636475083e+02,3.032852941615015545e-05,2.133933792892625525e-01,4.090000000000000302e-01,9.911956316284638024e-01,9.974968176017682264e-01,4.580000000000000182e-01
0.000000000000000000e+00,9.920000000000001039e-01,1.000000000000000021e-02,1.693236003113050003e+02,3.447272835345085968e-05,2.154360188995822489e-01,4.130000000000000338e-01,9.922441922196656439e-01,9.978800115391621706e-01,4.230000000000000426e-01
0.000000000000000000e+00,9.920000000000001039e-01,1.099999999999999936e-02,1.693236003113050003e+02,3.447272835345085968e-05,2.154360188995822489e-01,4.130000000000000338e-01,9.922441922196656439e-01,9.978800115391621706e-01,4.240000000000000435e-01
0.000000000000000000e+00,9.920000000000001039e-01,1.199999999999999852e-02,1.693236003113050003e+02,3.447272835345085968e-05,2.154360188995822489e-01,4.130000000000000338e-01,9.922441922196656439e-01,9.978800115391621706e-01,4.250000000000000444e-01
0.000000000000000000e+00,9.920000000000001039e-01,1.299999999999999767e-02,1.693236003113050003e+02,3.447272835345085968e-05,2.154360188995822489e-01,4.130000000000000338e-01,9.922441922196656439e-01,9.978800115391621706e-01,4.260000000000000453e-01
0.000000000000000000e+00,9.920000000000001039e-01,1.399999999999999682e-02,1.693236003113050003e+02,3.447272835345085968e-05,2.154360188995822489e-01,4.130000000000000338e-01,9.922441922196656439e-01,9.978800115391621706e-01,4.270000000000000462e-01
0.000000000000000000e+00,9.920000000000001039e-01,1.499999999999999598e-02,1.693236003113050003e+02,3.447272835345085968e-05,2.154360188995822489e-01,4.130000000000000338e-01,9.922441922196656439e-01,9.978800115391621706e-01,4.280000000000000471e-01
0.000000000000000000e+00,9.920000000000001039e-01,1.599999999999999339e-02,1.693236003113050003e+02,3.447272835345085968e-05,2.154360188995822489e-01,4.130000000000000338e-01,9.922441922196656439e-01,9.978800115391621706e-01,4.290000000000000480e-01
0.000000000000000000e+00,9.920000000000001039e-01,1.699999999999999428e-02,1.693236003113050003e+02,3.447272835345085968e-05,2.154360188995822489e-01,4.130000000000000338e-01,9.922441922196656439e-01,9.978800115391621706e-01,4.300000000000000488e-01
0.000000000000000000e+00,9.920000000000001039e-01,1.799999999999999517e-02,1.693236003113050003e+02,3.447272835345085968e-05,2.154360188995822489e-01,4.130000000000000338e-01,9.922441922196656439e-01,9.978800115391621706e-01,4.310000000000000497e-01
0.000000000000000000e+00,9.920000000000001039e-01,1.899999999999999259e-02,1.693236003113050003e+02,3.447272835345085968e-05,2.154360188995822489e-01,4.130000000000000338e-01,9.922441922196656439e-01,9.978800115391621706e-01,4.320000000000000506e-01
0.000000000000000000e+00,9.920000000000001039e-01,1.999999999999999001e-02,1.693236003113050003e+02,3.447272835345085968e-05,2.154360188995822489e-01,4.130000000000000338e-01,9.922441922196656439e-01,9.978800115391621706e-01,4.330000000000000515e-01
0.000000000000000000e+00,9.920000000000001039e-01,2.099999999999999090e-02,1.693236003113050003e+02,3.447272835345085968e-05,2.154360188995822489e-01,4.130000000000000338e-01,9.922441922196656439e-01,9.978800115391621706e-01,4.340000000000000524e-01
0.000000000000000000e+00,9.920000000000001039e-01,2.199999999999999178e-02,1.693236003113050003e+02,3.447272835345085968e-05,2.154360188995822489e-01,4.130000000000000338e-01,9.922441922196656439e-01,9.978800115391621706e-01,4.350000000000000533e-01
0.000000000000000000e+00,9.920000000000001039e-01,2.299999999999998920e-02,1.693236003113050003e+02,3.447272835345085968e-05,2.154360188995822489e-01,4.130000000000000338e-01,9.922441922196656439e-01,9.978800115391621706e-01,4.359999999999999987e-01
0.000000000000000000e+00,9.920000000000001039e-01,2.399999999999998662e-02,1.693236003113050003e+02,3.447272835345085968e-05,2.154360188995822489e-01,4.130000000000000338e-01,9.922441922196656439e-01,9.978800115391621706e-01,4.369999999999999996e-01
0.000000000000000000e+00,9.920000000000001039e-01,2.499999999999998751e-02,1.693236003113050003e+02,3.447272835345085968e-05,2.154360188995822489e-01,4.130000000000000338e-01,9.922441922196656439e-01,9.978800115391621706e-01,4.380000000000000004e-01
0.000000000000000000e+00,9.920000000000001039e-01,2.599999999999998840e-02,1.693236003113050003e+02,3.447272835345085968e-05,2.154360188995822489e-01,4.130000000000000338e-01,9.922441922196656439e-01,9.978800115391621706e-01,4.390000000000000013e-01
0.000000000000000000e+00,9.920000000000001039e-01,2.699999999999998929e-02,1.693236003113050003e+02,3.447272835345085968e-05,2.154360188995822489e-01,4.130000000000000338e-01,9.922441922196656439e-01,9.978800115391621706e-01,4.400000000000000022e-01
0.000000000000000000e+00,9.920000000000001039e-01,2.799999999999998324e-02,1.693236003113050003e+02,3.447272835345085968e-05,2.154360188995822489e-01,4.130000000000000338e-01,9.922441922196656439e-01,9.978800115391621706e-01,4.410000000000000031e-01
0.000000000000000000e+00,9.920000000000001039e-01,2.899999999999998412e-02,1.693236003113050003e+02,3.447272835345085968e-05,2.154360188995822489e-01,4.130000000000000338e-01,9.922441922196656439e-01,9.978800115391621706e-01,4.420000000000000040e-01
0.000000000000000000e+00,9.920000000000001039e-01,2.999999999999998501e-02,1.693236003113050003e+02,3.447272835345085968e-05,2.154360188995822489e-01,4.130000000000000338e-01,9.922441922196656439e-01,9.978800115391621706e-01,4.430000000000000049e-01
0.000000000000000000e+00,9.920000000000001039e-01,3.099999999999998590e-02,1.693236003113050003e+02,3.447272835345085968e-05,2.154360188995822489e-01,4.130000000000000338e-01,9.922441922196656439e-01,9.978800115391621706e-01,4.440000000000000058e-01
0.000000000000000000e+00,9.920000000000001039e-01,3.199999999999997985e-02,1.693236003113050003e+02,3.447272835345085968e-05,2.154360188995822489e-01,4.130000000000000338e-01,9.922441922196656439e-01,9.978800115391621706e-01,4.450000000000000067e-01
0.000000000000000000e+00,9.920000000000001039e-01,3.299999999999998074e-02,1.693236003113050003e+02,3.447272835345085968e-05,2.154360188995822489e-01,4.130000000000000338e-01,9.922441922196656439e-01,9.978800115391621706e-01,4.460000000000000075e-01
0.000000000000000000e+00,9.920000000000001039e-01,3.399999999999998163e-02,1.693236003113050003e+02,3.447272835345085968e-05,2.154360188995822489e-01,4.130000000000000338e-01,9.922441922196656439e-01,9.978800115391621706e-01,4.470000000000000084e-01
0.000000000000000000e+00,9.920000000000001039e-01,3.499999999999998251e-02,1.693236003113050003e+02,3.447272835345085968e-05,2.154360188995822489e-01,4.130000000000000338e-01,9.922441922196656439e-01,9.978800115391621706e-01,4.480000000000000093e-01
0.000000000000000000e+00,9.920000000000001039e-01,3.599999999999997646e-02,1.693236003113050003e+02,3.447272835345085968e-05,2.154360188995822489e-01,4.130000000000000338e-01,9.922441922196656439e-01,9.978800115391621706e-01,4.490000000000000102e-01
0.000000000000000000e+00,9.920000000000001039e-01,3.699999999999997735e-02,1.693236003113050003e+02,3.447272835345085968e-05,2.154360188995822489e-01,4.130000000000000338e-01,9.922441922196656439e-01,9.978800115391621706e-01,4.500000000000000111e-01
0.000000000000000000e+00,9.920000000000001039e-01,3.799999999999997824e-02,1.693236003113050003e+02,3.447272835345085968e-05,2.154360188995822489e-01,4.130000000000000338e-01,9.922441922196656439e-01,9.978800115391621706e-01,4.510000000000000120e-01
0.000000000000000000e+00,9.920000000000001039e-01,3.899999999999997913e-02,1.693236003113050003e+02,3.447272835345085968e-05,2.154360188995822489e-01,4.130000000000000338e-01,9.922441922196656439e-01,9.978800115391621706e-01,4.520000000000000129e-01
0.000000000000000000e+00,9.920000000000001039e-01,3.999999999999997308e-02,1.693236003113050003e+02,3.447272835345085968e-05,2.154360188995822489e-01,4.130000000000000338e-01,9.922441922196656439e-01,9.978800115391621706e-01,4.530000000000000138e-01
0.000000000000000000e+00,9.920000000000001039e-01,4.099999999999997397e-02,1.693236003113050003e+02,3.447272835345085968e-05,2.154360188995822489e-01,4.130000000000000338e-01,9.922441922196656439e-01,9.978800115391621706e-01,4.540000000000000147e-01
0.000000000000000000e+00,9.920000000000001039e-01,4.199999999999997485e-02,1.693236003113050003e+02,3.447272835345085968e-05,2.154360188995822489e-01,4.130000000000000338e-01,9.922441922196656439e-01,9.978800115391621706e-01,4.550000000000000155e-01
0.000000000000000000e+00,9.920000000000001039e-01,4.299999999999997574e-02,1.693236003113050003e+02,3.447272835345085968e-05,2.154360188995822489e-01,4.130000000000000338e-01,9.922441922196656439e-01,9.978800115391621706e-01,4.560000000000000164e-01
0.000000000000000000e+00,9.920000000000001039e-01,4.399999999999997663e-02,1.693236003113050003e+02,3.447272835345085968e-05,2.154360188995822489e-01,4.130000000000000338e-01,9.922441922196656439e-01,9.978800115391621706e-01,4.570000000000000173e-01
0.000000000000000000e+00,9.920000000000001039e-01,4.499999999999997058e-02,1.693236003113050003e+02,3.447272835345085968e-05,2.154360188995822489e-01,4.130000000000000338e-01,9.922441922196656439e-01,9.978800115391621706e-01,4.580000000000000182e-01
0.000000000000000000e+00,9.920000000000001039e-01,4.599999999999997147e-02,1.693236003113050003e+02,3.447272835345085968e-05,2.154360188995822489e-01,4.130000000000000338e-01,9.922441922196656439e-01,9.978800115391621706e-01,4.590000000000000191e-01
0.000000000000000000e+00,9.920000000000001039e-01,4.699999999999997236e-02,1.693236003113050003e+02,3.447272835345085968e-05,2.154360188995822489e-01,4.130000000000000338e-01,9.922441922196656439e-01,9.978800115391621706e-01,4.600000000000000200e-01
0.000000000000000000e+00,9.920000000000001039e-01,4.799999999999996630e-02,1.693236003113050003e+02,3.447272835345085968e-05,2.154360188995822489e-01,4.130000000000000338e-01,9.922441922196656439e-01,9.978800115391621706e-01,4.610000000000000209e-01
0.000000000000000000e+00,9.920000000000001039e-01,4.899999999999996719e-02,1.693236003113050003e+02,3.447272835345085968e-05,2.154360188995822489e-01,4.130000000000000338e-01,9.922441922196656439e-01,9.978800115391621706e-01,4.620000000000000218e-01
0.000000000000000000e+00,9.930000000000001048e-01,1.000000000000000021e-02,1.726878096386896289e+02,3.898681077353938635e-05,2.174170622980002299e-01,4.170000000000000373e-01,9.931906636885474704e-01,9.982189532870677784e-01,4.270000000000000462e-01
0.000000000000000000e+00,9.930000000000001048e-01,1.099999999999999936e-02,1.726878096386896289e+02,3.898681077353938635e-05,2.174170622980002299e-01,4.170000000000000373e-01,9.931906636885474704e-01,9.982189532870677784e-01,4.280000000000000471e-01
0.000000000000000000e+00,9.930000000000001048e-01,1.199999999999999852e-02,1.726878096386896289e+02,3.898681077353938635e-05,2.174170622980002299e-01,4.170000000000000373e-01,9.931906636885474704e-01,9.982189532870677784e-01,4.290000000000000480e-01
0.000000000000000000e+00,9.930000000000001048e-01,1.299999999999999767e-02,1.726878096386896289e+02,3.898681077353938635e-05,2.174170622980002299e-01,4.170000000000000373e-01,9.931906636885474704e-01,9.982189532870677784e-01,4.300000000000000488e-01
0.000000000000000000e+00,9.930000000000001048e-01,1.399999999999999682e-02,1.726878096386896289e+02,3.898681077353938635e-05,2.174170622980002299e-01,4.170000000000000373e-01,9.931906636885474704e-01,9.982189532870677784e-01,4.310000000000000497e-01
0.000000000000000000e+00,9.930000000000001048e-01,1.499999999999999598e-02,1.726878096386896289e+02,3.898681077353938635e-05,2.174170622980002299e-01,4.170000000000000373e-01,9.931906636885474704e-01,9.982189532870677784e-01,4.320000000000000506e-01
0.000000000000000000e+00,9.930000000000001048e-01,1.599999999999999339e-02,1.726878096386896289e+02,3.898681077353938635e-05,2.174170622980002299e-01,4.170000000000000373e-01,9.931906636885474704e-01,9.982189532870677784e-01,4.330000000000000515e-01
0.000000000000000000e+00,9.930000000000001048e-01,1.699999999999999428e-02,1.726878096386896289e+02,3.898681077353938635e-05,2.174170622980002299e-01,4.170000000000000373e-01,9.931906636885474704e-01,9.982189532870677784e-01,4.340000000000000524e-01
0.000000000000000000e+00,9.930000000000001048e-01,1.799999999999999517e-02,1.726878096386896289e+02,3.898681077353938635e-05,2.174170622980002299e-01,4.170000000000000373e-01,9.931906636885474704e-01,9.982189532870677784e-01,4.350000000000000533e-01
0.000000000000000000e+00,9.930000000000001048e-01,1.899999999999999259e-02,1.726878096386896289e+02,3.898681077353938635e-05,2.174170622980002299e-01,4.170000000000000373e-01,9.931906636885474704e-01,9.982189532870677784e-01,4.360000000000000542e-01
0.000000000000000000e+00,9.930000000000001048e-01,1.999999999999999001e-02,1.726878096386896289e+02,3.898681077353938635e-05,2.174170622980002299e-01,4.170000000000000373e-01,9.931906636885474704e-01,9.982189532870677784e-01,4.370000000000000551e-01
0.000000000000000000e+00,9.930000000000001048e-01,2.099999999999999090e-02,1.726878096386896289e+02,3.898681077353938635e-05,2.174170622980002299e-01,4.170000000000000373e-01,9.931906636885474704e-01,9.982189532870677784e-01,4.380000000000000560e-01
0.000000000000000000e+00,9.930000000000001048e-01,2.199999999999999178e-02,1.726878096386896289e+02,3.898681077353938635e-05,2.174170622980002299e-01,4.170000000000000373e-01,9.931906636885474704e-01,9.982189532870677784e-01,4.390000000000000568e-01
0.000000000000000000e+00,9.930000000000001048e-01,2.299999999999998920e-02,1.726878096386896289e+02,3.898681077353938635e-05,2.174170622980002299e-01,4.170000000000000373e-01,9.931906636885474704e-01,9.982189532870677784e-01,4.400000000000000022e-01
0.000000000000000000e+00,9.930000000000001048e-01,2.399999999999998662e-02,1.726878096386896289e+02,3.898681077353938635e-05,2.174170622980002299e-01,4.170000000000000373e-01,9.931906636885474704e-01,9.982189532870677784e-01,4.410000000000000031e-01
0.000000000000000000e+00,9.930000000000001048e-01,2.499999999999998751e-02,1.726878096386896289e+02,3.898681077353938635e-05,2.174170622980002299e-01,4.170000000000000373e-01,9.931906636885474704e-01,9.982189532870677784e-01,4.420000000000000040e-01
0.000000000000000000e+00,9.930000000000001048e-01,2.599999999999998840e-02,1.726878096386896289e+02,3.898681077353938635e-05,2.174170622980002299e-01,4.170000000000000373e-01,9.931906636885474704e-01,9.982189532870677784e-01,4.430000000000000049e-01
0.000000000000000000e+00,9.930000000000001048e-01,2.699999999999998929e-02,1.726878096386896289e+02,3.898681077353938635e-05,2.174170622980002299e-01,4.170000000000000373e-01,9.931906636885474704e-01,9.982189532870677784e-01,4.440000000000000058e-01
0.000000000000000000e+00,9.930000000000001048e-01,2.799999999999998324e-02,1.726878096386896289e+02,3.898681077353938635e-05,2.174170622980002299e-01,4.170000000000000373e-01,9.931906636885474704e-01,9.982189532870677784e-01,4.450000000000000067e-01
0.000000000000000000e+00,9.930000000000001048e-01,2.899999999999998412e-02,1.726878096386896289e+02,3.898681077353938635e-05,2.174170622980002299e-01,4.170000000000000373e-01,9.931906636885474704e-01,9.982189532870677784e-01,4.460000000000000075e-01
0.000000000000000000e+00,9.930000000000001048e-01,2.999999999999998501e-02,1.726878096386896289e+02,3.898681077353938635e-05,2.174170622980002299e-01,4.170000000000000373e-01,9.931906636885474704e-01,9.982189532870677784e-01,4.470000000000000084e-01
0.000000000000000000e+00,9.930000000000001048e-01,3.099999999999998590e-02,1.726878096386896289e+02,3.898681077353938635e-05,2.174170622980002299e-01,4.170000000000000373e-01,9.931906636885474704e-01,9.982189532870677784e-01,4.480000000000000093e-01
0.000000000000000000e+00,9.930000000000001048e-01,3.199999999999997985e-02,1.726878096386896289e+02,3.898681077353938635e-05,2.174170622980002299e-01,4.170000000000000373e-01,9.931906636885474704e-01,9.982189532870677784e-01,4.490000000000000102e-01
0.000000000000000000e+00,9.930000000000001048e-01,3.299999999999998074e-02,1.726878096386896289e+02,3.898681077353938635e-05,2.174170622980002299e-01,4.170000000000000373e-01,9.931906636885474704e-01,9.982189532870677784e-01,4.500000000000000111e-01
0.000000000000000000e+00,9.930000000000001048e-01,3.399999999999998163e-02,1.726878096386896289e+02,3.898681077353938635e-05,2.174170622980002299e-01,4.170000000000000373e-01,9.931906636885474704e-01,9.982189532870677784e-01,4.510000000000000120e-01
0.000000000000000000e+00,9.930000000000001048e-01,3.499999999999998251e-02,1.726878096386896289e+02,3.898681077353938635e-05,2.174170622980002299e-01,4.170000000000000373e-01,9.931906636885474704e-01,9.982189532870677784e-01,4.520000000000000129e-01
0.000000000000000000e+00,9.930000000000001048e-01,3.599999999999997646e-02,1.726878096386896289e+02,3.898681077353938635e-05,2.174170622980002299e-01,4.170000000000000373e-01,9.931906636885474704e-01,9.982189532870677784e-01,4.530000000000000138e-01
0.000000000000000000e+00,9.930000000000001048e-01,3.699999999999997735e-02,1.726878096386896289e+02,3.898681077353938635e-05,2.174170622980002299e-01,4.170000000000000373e-01,9.931906636885474704e-01,9.982189532870677784e-01,4.540000000000000147e-01
0.000000000000000000e+00,9.930000000000001048e-01,3.799999999999997824e-02,1.726878096386896289e+02,3.898681077353938635e-05,2.174170622980002299e-01,4.170000000000000373e-01,9.931906636885474704e-01,9.982189532870677784e-01,4.550000000000000155e-01
0.000000000000000000e+00,9.930000000000001048e-01,3.899999999999997913e-02,1.726878096386896289e+02,3.898681077353938635e-05,2.174170622980002299e-01,4.170000000000000373e-01,9.931906636885474704e-01,9.982189532870677784e-01,4.560000000000000164e-01
0.000000000000000000e+00,9.930000000000001048e-01,3.999999999999997308e-02,1.726878096386896289e+02,3.898681077353938635e-05,2.174170622980002299e-01,4.170000000000000373e-01,9.931906636885474704e-01,9.982189532870677784e-01,4.570000000000000173e-01
0.000000000000000000e+00,9.930000000000001048e-01,4.099999999999997397e-02,1.726878096386896289e+02,3.898681077353938635e-05,2.174170622980002299e-01,4.170000000000000373e-01,9.931906636885474704e-01,9.982189532870677784e-01,4.580000000000000182e-01
0.000000000000000000e+00,9.930000000000001048e-01,4.199999999999997485e-02,1.726878096386896289e+02,3.898681077353938635e-05,2.174170622980002299e-01,4.170000000000000373e-01,9.931906636885474704e-01,9.982189532870677784e-01,4.590000000000000191e-01
0.000000000000000000e+00,9.930000000000001048e-01,4.299999999999997574e-02,1.726878096386896289e+02,3.898681077353938635e-05,2.174170622980002299e-01,4.170000000000000373e-01,9.931906636885474704e-01,9.982189532870677784e-01,4.600000000000000200e-01
0.000000000000000000e+00,9.930000000000001048e-01,4.399999999999997663e-02,1.726878096386896289e+02,3.898681077353938635e-05,2.174170622980002299e-01,4.170000000000000373e-01,9.931906636885474704e-01,9.982189532870677784e-01,4.610000000000000209e-01
0.000000000000000000e+00,9.930000000000001048e-01,4.499999999999997058e-02,1.726878096386896289e+02,3.898681077353938635e-05,2.174170622980002299e-01,4.170000000000000373e-01,9.931906636885474704e-01,9.982189532870677784e-01,4.620000000000000218e-01
0.000000000000000000e+00,9.930000000000001048e-01,4.599999999999997147e-02,1.726878096386896289e+02,3.898681077353938635e-05,2.174170622980002299e-01,4.170000000000000373e-01,9.931906636885474704e-01,9.982189532870677784e-01,4.630000000000000226e-01
0.000000000000000000e+00,9.930000000000001048e-01,4.699999999999997236e-02,1.726878096386896289e+02,3.898681077353938635e-05,2.174170622980002299e-01,4.170000000000000373e-01,9.931906636885474704e-01,9.982189532870677784e-01,4.640000000000000235e-01
0.000000000000000000e+00,9.930000000000001048e-01,4.799999999999996630e-02,1.726878096386896289e+02,3.898681077353938635e-05,2.174170622980002299e-01,4.170000000000000373e-01,9.931906636885474704e-01,9.982189532870677784e-01,4.650000000000000244e-01
0.000000000000000000e+00,9.930000000000001048e-01,4.899999999999996719e-02,1.726878096386896289e+02,3.898681077353938635e-05,2.174170622980002299e-01,4.170000000000000373e-01,9.931906636885474704e-01,9.982189532870677784e-01,4.660000000000000253e-01
0.000000000000000000e+00,9.940000000000001057e-01,1.000000000000000021e-02,1.760457095224294619e+02,4.389048329560539416e-05,2.193329391810269202e-01,4.210000000000000409e-01,9.940414533317799561e-01,9.985180847345064281e-01,4.310000000000000497e-01
0.000000000000000000e+00,9.940000000000001057e-01,1.099999999999999936e-02,1.760457095224294619e+02,4.389048329560539416e-05,2.193329391810269202e-01,4.210000000000000409e-01,9.940414533317799561e-01,9.985180847345064281e-01,4.320000000000000506e-01
0.000000000000000000e+00,9.940000000000001057e-01,1.199999999999999852e-02,1.760457095224294619e+02,4.389048329560539416e-05,2.193329391810269202e-01,4.210000000000000409e-01,9.940414533317799561e-01,9.985180847345064281e-01,4.330000000000000515e-01
0.000000000000000000e+00,9.940000000000001057e-01,1.299999999999999767e-02,1.760457095224294619e+02,4.389048329560539416e-05,2.193329391810269202e-01,4.210000000000000409e-01,9.940414533317799561e-01,9.985180847345064281e-01,4.340000000000000524e-01
0.000000000000000000e+00,9.940000000000001057e-01,1.399999999999999682e-02,1.760457095224294619e+02,4.389048329560539416e-05,2.193329391810269202e-01,4.210000000000000409e-01,9.940414533317799561e-01,9.985180847345064281e-01,4.350000000000000533e-01
0.000000000000000000e+00,9.940000000000001057e-01,1.499999999999999598e-02,1.760457095224294619e+02,4.389048329560539416e-05,2.193329391810269202e-01,4.210000000000000409e-01,9.940414533317799561e-01,9.985180847345064281e-01,4.360000000000000542e-01
0.000000000000000000e+00,9.940000000000001057e-01,1.599999999999999339e-02,1.760457095224294619e+02,4.389048329560539416e-05,2.193329391810269202e-01,4.210000000000000409e-01,9.940414533317799561e-01,9.985180847345064281e-01,4.370000000000000551e-01
0.000000000000000000e+00,9.940000000000001057e-01,1.699999999999999428e-02,1.760457095224294619e+02,4.389048329560539416e-05,2.193329391810269202e-01,4.210000000000000409e-01,9.940414533317799561e-01,9.985180847345064281e-01,4.380000000000000560e-01
0.000000000000000000e+00,9.940000000000001057e-01,1.799999999999999517e-02,1.760457095224294619e+02,4.389048329560539416e-05,2.193329391810269202e-01,4.210000000000000409e-01,9.940414533317799561e-01,9.985180847345064281e-01,4.390000000000000568e-01
0.000000000000000000e+00,9.940000000000001057e-01,1.899999999999999259e-02,1.760457095224294619e+02,4.389048329560539416e-05,2.193329391810269202e-01,4.210000000000000409e-01,9.940414533317799561e-01,9.985180847345064281e-01,4.400000000000000577e-01
0.000000000000000000e+00,9.940000000000001057e-01,1.999999999999999001e-02,1.760457095224294619e+02,4.389048329560539416e-05,2.193329391810269202e-01,4.210000000000000409e-01,9.940414533317799561e-01,9.985180847345064281e-01,4.410000000000000586e-01
0.000000000000000000e+00,9.940000000000001057e-01,2.099999999999999090e-02,1.760457095224294619e+02,4.389048329560539416e-05,2.193329391810269202e-01,4.210000000000000409e-01,9.940414533317799561e-01,9.985180847345064281e-01,4.420000000000000595e-01
0.000000000000000000e+00,9.940000000000001057e-01,2.199999999999999178e-02,1.760457095224294619e+02,4.389048329560539416e-05,2.193329391810269202e-01,4.210000000000000409e-01,9.940414533317799561e-01,9.985180847345064281e-01,4.430000000000000604e-01
0.000000000000000000e+00,9.940000000000001057e-01,2.299999999999998920e-02,1.760457095224294619e+02,4.389048329560539416e-05,2.193329391810269202e-01,4.210000000000000409e-01,9.940414533317799561e-01,9.985180847345064281e-01,4.440000000000000058e-01
0.000000000000000000e+00,9.940000000000001057e-01,2.399999999999998662e-02,1.760457095224294619e+02,4.389048329560539416e-05,2.193329391810269202e-01,4.210000000000000409e-01,9.940414533317799561e-01,9.985180847345064281e-01,4.450000000000000067e-01
0.000000000000000000e+00,9.940000000000001057e-01,2.499999999999998751e-02,1.760457095224294619e+02,4.389048329560539416e-05,2.193329391810269202e-01,4.210000000000000409e-01,9.940414533317799561e-01,9.985180847345064281e-01,4.460000000000000075e-01
0.000000000000000000e+00,9.940000000000001057e-01,2.599999999999998840e-02,1.760457095224294619e+02,4.389048329560539416e-05,2.193329391810269202e-01,4.210000000000000409e-01,9.940414533317799561e-01,9.985180847345064281e-01,4.470000000000000084e-01
0.000000000000000000e+00,9.940000000000001057e-01,2.699999999999998929e-02,1.760457095224294619e+02,4.389048329560539416e-05,2.193329391810269202e-01,4.210000000000000409e-01,9.940414533317799561e-01,9.985180847345064281e-01,4.480000000000000093e-01
0.000000000000000000e+00,9.940000000000001057e-01,2.799999999999998324e-02,1.760457095224294619e+02,4.389048329560539416e-05,2.193329391810269202e-01,4.210000000000000409e-01,9.940414533317799561e-01,9.985180847345064281e-01,4.490000000000000102e-01
0.000000000000000000e+00,9.940000000000001057e-01,2.899999999999998412e-02,1.760457095224294619e+02,4.389048329560539416e-05,2.193329391810269202e-01,4.210000000000000409e-01,9.940414533317799561e-01,9.985180847345064281e-01,4.500000000000000111e-01
0.000000000000000000e+00,9.940000000000001057e-01,2.999999999999998501e-02,1.760457095224294619e+02,4.389048329560539416e-05,2.193329391810269202e-01,4.210000000000000409e-01,9.940414533317799561e-01,9.985180847345064281e-01,4.510000000000000120e-01
0.000000000000000000e+00,9.940000000000001057e-01,3.099999999999998590e-02,1.760457095224294619e+02,4.389048329560539416e-05,2.193329391810269202e-01,4.210000000000000409e-01,9.940414533317799561e-01,9.985180847345064281e-01,4.520000000000000129e-01
0.000000000000000000e+00,9.940000000000001057e-01,3.199999999999997985e-02,1.760457095224294619e+02,4.389048329560539416e-05,2.193329391810269202e-01,4.210000000000000409e-01,9.940414533317799561e-01,9.985180847345064281e-01,4.530000000000000138e-01
0.000000000000000000e+00,9.940000000000001057e-01,3.299999999999998074e-02,1.760457095224294619e+02,4.389048329560539416e-05,2.193329391810269202e-01,4.210000000000000409e-01,9.940414533317799561e-01,9.985180847345064281e-01,4.540000000000000147e-01
0.000000000000000000e+00,9.940000000000001057e-01,3.399999999999998163e-02,1.760457095224294619e+02,4.389048329560539416e-05,2.193329391810269202e-01,4.210000000000000409e-01,9.940414533317799561e-01,9.985180847345064281e-01,4.550000000000000155e-01
0.000000000000000000e+00,9.940000000000001057e-01,3.499999999999998251e-02,1.760457095224294619e+02,4.389048329560539416e-05,2.193329391810269202e-01,4.210000000000000409e-01,9.940414533317799561e-01,9.985180847345064281e-01,4.560000000000000164e-01
0.000000000000000000e+00,9.940000000000001057e-01,3.599999999999997646e-02,1.760457095224294619e+02,4.389048329560539416e-05,2.193329391810269202e-01,4.210000000000000409e-01,9.940414533317799561e-01,9.985180847345064281e-01,4.570000000000000173e-01
0.000000000000000000e+00,9.940000000000001057e-01,3.699999999999997735e-02,1.760457095224294619e+02,4.389048329560539416e-05,2.193329391810269202e-01,4.210000000000000409e-01,9.940414533317799561e-01,9.985180847345064281e-01,4.580000000000000182e-01
0.000000000000000000e+00,9.940000000000001057e-01,3.799999999999997824e-02,1.760457095224294619e+02,4.389048329560539416e-05,2.193329391810269202e-01,4.210000000000000409e-01,9.940414533317799561e-01,9.985180847345064281e-01,4.590000000000000191e-01
0.000000000000000000e+00,9.940000000000001057e-01,3.899999999999997913e-02,1.760457095224294619e+02,4.389048329560539416e-05,2.193329391810269202e-01,4.210000000000000409e-01,9.940414533317799561e-01,9.985180847345064281e-01,4.600000000000000200e-01
0.000000000000000000e+00,9.940000000000001057e-01,3.999999999999997308e-02,1.760457095224294619e+02,4.389048329560539416e-05,2.193329391810269202e-01,4.210000000000000409e-01,9.940414533317799561e-01,9.985180847345064281e-01,4.610000000000000209e-01
0.000000000000000000e+00,9.940000000000001057e-01,4.099999999999997397e-02,1.760457095224294619e+02,4.389048329560539416e-05,2.193329391810269202e-01,4.210000000000000409e-01,9.940414533317799561e-01,9.985180847345064281e-01,4.620000000000000218e-01
0.000000000000000000e+00,9.940000000000001057e-01,4.199999999999997485e-02,1.760457095224294619e+02,4.389048329560539416e-05,2.193329391810269202e-01,4.210000000000000409e-01,9.940414533317799561e-01,9.985180847345064281e-01,4.630000000000000226e-01
0.000000000000000000e+00,9.940000000000001057e-01,4.299999999999997574e-02,1.760457095224294619e+02,4.389048329560539416e-05,2.193329391810269202e-01,4.210000000000000409e-01,9.940414533317799561e-01,9.985180847345064281e-01,4.640000000000000235e-01
0.000000000000000000e+00,9.940000000000001057e-01,4.399999999999997663e-02,1.760457095224294619e+02,4.389048329560539416e-05,2.193329391810269202e-01,4.210000000000000409e-01,9.940414533317799561e-01,9.985180847345064281e-01,4.650000000000000244e-01
0.000000000000000000e+00,9.940000000000001057e-01,4.499999999999997058e-02,1.760457095224294619e+02,4.389048329560539416e-05,2.193329391810269202e-01,4.210000000000000409e-01,9.940414533317799561e-01,9.985180847345064281e-01,4.660000000000000253e-01
0.000000000000000000e+00,9.940000000000001057e-01,4.599999999999997147e-02,1.760457095224294619e+02,4.389048329560539416e-05,2.193329391810269202e-01,4.210000000000000409e-01,9.940414533317799561e-01,9.985180847345064281e-01,4.670000000000000262e-01
0.000000000000000000e+00,9.940000000000001057e-01,4.699999999999997236e-02,1.760457095224294619e+02,4.389048329560539416e-05,2.193329391810269202e-01,4.210000000000000409e-01,9.940414533317799561e-01,9.985180847345064281e-01,4.680000000000000271e-01
0.000000000000000000e+00,9.940000000000001057e-01,4.799999999999996630e-02,1.760457095224294619e+02,4.389048329560539416e-05,2.193329391810269202e-01,4.210000000000000409e-01,9.940414533317799561e-01,9.985180847345064281e-01,4.690000000000000280e-01
0.000000000000000000e+00,9.940000000000001057e-01,4.899999999999996719e-02,1.760457095224294619e+02,4.389048329560539416e-05,2.193329391810269202e-01,4.210000000000000409e-01,9.940414533317799561e-01,9.985180847345064281e-01,4.700000000000000289e-01
0.000000000000000000e+00,9.950000000000001066e-01,1.000000000000000021e-02,1.810463331149551038e+02,5.196574988748648550e-05,2.221056544029913482e-01,4.270000000000000462e-01,9.951225265478358395e-01,9.989117884299718586e-01,4.370000000000000551e-01
0.000000000000000000e+00,9.950000000000001066e-01,1.099999999999999936e-02,1.810463331149551038e+02,5.196574988748648550e-05,2.221056544029913482e-01,4.270000000000000462e-01,9.951225265478358395e-01,9.989117884299718586e-01,4.380000000000000560e-01
0.000000000000000000e+00,9.950000000000001066e-01,1.199999999999999852e-02,1.810463331149551038e+02,5.196574988748648550e-05,2.221056544029913482e-01,4.270000000000000462e-01,9.951225265478358395e-01,9.989117884299718586e-01,4.390000000000000568e-01
0.000000000000000000e+00,9.950000000000001066e-01,1.299999999999999767e-02,1.810463331149551038e+02,5.196574988748648550e-05,2.221056544029913482e-01,4.270000000000000462e-01,9.951225265478358395e-01,9.989117884299718586e-01,4.400000000000000577e-01
0.000000000000000000e+00,9.950000000000001066e-01,1.399999999999999682e-02,1.810463331149551038e+02,5.196574988748648550e-05,2.221056544029913482e-01,4.270000000000000462e-01,9.951225265478358395e-01,9.989117884299718586e-01,4.410000000000000586e-01
0.000000000000000000e+00,9.950000000000001066e-01,1.499999999999999598e-02,1.810463331149551038e+02,5.196574988748648550e-05,2.221056544029913482e-01,4.270000000000000462e-01,9.951225265478358395e-01,9.989117884299718586e-01,4.420000000000000595e-01
0.000000000000000000e+00,9.950000000000001066e-01,1.599999999999999339e-02,1.810463331149551038e+02,5.196574988748648550e-05,2.221056544029913482e-01,4.270000000000000462e-01,9.951225265478358395e-01,9.989117884299718586e-01,4.430000000000000604e-01
0.000000000000000000e+00,9.950000000000001066e-01,1.699999999999999428e-02,1.810463331149551038e+02,5.196574988748648550e-05,2.221056544029913482e-01,4.270000000000000462e-01,9.951225265478358395e-01,9.989117884299718586e-01,4.440000000000000613e-01
0.000000000000000000e+00,9.950000000000001066e-01,1.799999999999999517e-02,1.810463331149551038e+02,5.196574988748648550e-05,2.221056544029913482e-01,4.270000000000000462e-01,9.951225265478358395e-01,9.989117884299718586e-01,4.450000000000000622e-01
0.000000000000000000e+00,9.950000000000001066e-01,1.899999999999999259e-02,1.810463331149551038e+02,5.196574988748648550e-05,2.221056544029913482e-01,4.270000000000000462e-01,9.951225265478358395e-01,9.989117884299718586e-01,4.460000000000000631e-01
0.000000000000000000e+00,9.950000000000001066e-01,1.999999999999999001e-02,1.810463331149551038e+02,5.196574988748648550e-05,2.221056544029913482e-01,4.270000000000000462e-01,9.951225265478358395e-01,9.989117884299718586e-01,4.470000000000000639e-01
0.000000000000000000e+00,9.950000000000001066e-01,2.099999999999999090e-02,1.810463331149551038e+02,5.196574988748648550e-05,2.221056544029913482e-01,4.270000000000000462e-01,9.951225265478358395e-01,9.989117884299718586e-01,4.480000000000000648e-01
0.000000000000000000e+00,9.950000000000001066e-01,2.199999999999999178e-02,1.810463331149551038e+02,5.196574988748648550e-05,2.221056544029913482e-01,4.270000000000000462e-01,9.951225265478358395e-01,9.989117884299718586e-01,4.490000000000000657e-01
0.000000000000000000e+00,9.950000000000001066e-01,2.299999999999998920e-02,1.810463331149551038e+02,5.196574988748648550e-05,2.221056544029913482e-01,4.270000000000000462e-01,9.951225265478358395e-01,9.989117884299718586e-01,4.500000000000000111e-01
0.000000000000000000e+00,9.950000000000001066e-01,2.399999999999998662e-02,1.810463331149551038e+02,5.196574988748648550e-05,2.221056544029913482e-01,4.270000000000000462e-01,9.951225265478358395e-01,9.989117884299718586e-01,4.510000000000000120e-01
0.000000000000000000e+00,9.950000000000001066e-01,2.499999999999998751e-02,1.810463331149551038e+02,5.196574988748648550e-05,2.221056544029913482e-01,4.270000000000000462e-01,9.951225265478358395e-01,9.989117884299718586e-01,4.520000000000000129e-01
0.000000000000000000e+00,9.950000000000001066e-01,2.599999999999998840e-02,1.810463331149551038e+02,5.196574988748648550e-05,2.221056544029913482e-01,4.270000000000000462e-01,9.951225265478358395e-01,9.989117884299718586e-01,4.530000000000000138e-01
0.000000000000000000e+00,9.950000000000001066e-01,2.699999999999998929e-02,1.810463331149551038e+02,5.196574988748648550e-05,2.221056544029913482e-01,4.270000000000000462e-01,9.951225265478358395e-01,9.989117884299718586e-01,4.540000000000000147e-01
0.000000000000000000e+00,9.950000000000001066e-01,2.799999999999998324e-02,1.810463331149551038e+02,5.196574988748648550e-05,2.221056544029913482e-01,4.270000000000000462e-01,9.951225265478358395e-01,9.989117884299718586e-01,4.550000000000000155e-01
0.000000000000000000e+00,9.950000000000001066e-01,2.899999999999998412e-02,1.810463331149551038e+02,5.196574988748648550e-05,2.221056544029913482e-01,4.270000000000000462e-01,9.951225265478358395e-01,9.989117884299718586e-01,4.560000000000000164e-01
0.000000000000000000e+00,9.950000000000001066e-01,2.999999999999998501e-02,1.810463331149551038e+02,5.196574988748648550e-05,2.221056544029913482e-01,4.270000000000000462e-01,9.951225265478358395e-01,9.989117884299718586e-01,4.570000000000000173e-01
0.000000000000000000e+00,9.950000000000001066e-01,3.099999999999998590e-02,1.810463331149551038e+02,5.196574988748648550e-05,2.221056544029913482e-01,4.270000000000000462e-01,9.951225265478358395e-01,9.989117884299718586e-01,4.580000000000000182e-01
0.000000000000000000e+00,9.950000000000001066e-01,3.199999999999997985e-02,1.810463331149551038e+02,5.196574988748648550e-05,2.221056544029913482e-01,4.270000000000000462e-01,9.951225265478358395e-01,9.989117884299718586e-01,4.590000000000000191e-01
0.000000000000000000e+00,9.950000000000001066e-01,3.299999999999998074e-02,1.810463331149551038e+02,5.196574988748648550e-05,2.221056544029913482e-01,4.270000000000000462e-01,9.951225265478358395e-01,9.989117884299718586e-01,4.600000000000000200e-01
0.000000000000000000e+00,9.950000000000001066e-01,3.399999999999998163e-02,1.810463331149551038e+02,5.196574988748648550e-05,2.221056544029913482e-01,4.270000000000000462e-01,9.951225265478358395e-01,9.989117884299718586e-01,4.610000000000000209e-01
0.000000000000000000e+00,9.950000000000001066e-01,3.499999999999998251e-02,1.810463331149551038e+02,5.196574988748648550e-05,2.221056544029913482e-01,4.270000000000000462e-01,9.951225265478358395e-01,9.989117884299718586e-01,4.620000000000000218e-01
0.000000000000000000e+00,9.950000000000001066e-01,3.599999999999997646e-02,1.810463331149551038e+02,5.196574988748648550e-05,2.221056544029913482e-01,4.270000000000000462e-01,9.951225265478358395e-01,9.989117884299718586e-01,4.630000000000000226e-01
0.000000000000000000e+00,9.950000000000001066e-01,3.699999999999997735e-02,1.810463331149551038e+02,5.196574988748648550e-05,2.221056544029913482e-01,4.270000000000000462e-01,9.951225265478358395e-01,9.989117884299718586e-01,4.640000000000000235e-01
0.000000000000000000e+00,9.950000000000001066e-01,3.799999999999997824e-02,1.810463331149551038e+02,5.196574988748648550e-05,2.221056544029913482e-01,4.270000000000000462e-01,9.951225265478358395e-01,9.989117884299718586e-01,4.650000000000000244e-01
0.000000000000000000e+00,9.950000000000001066e-01,3.899999999999997913e-02,1.810463331149551038e+02,5.196574988748648550e-05,2.221056544029913482e-01,4.270000000000000462e-01,9.951225265478358395e-01,9.989117884299718586e-01,4.660000000000000253e-01
0.000000000000000000e+00,9.950000000000001066e-01,3.999999999999997308e-02,1.810463331149551038e+02,5.196574988748648550e-05,2.221056544029913482e-01,4.270000000000000462e-01,9.951225265478358395e-01,9.989117884299718586e-01,4.670000000000000262e-01
0.000000000000000000e+00,9.950000000000001066e-01,4.099999999999997397e-02,1.810463331149551038e+02,5.196574988748648550e-05,2.221056544029913482e-01,4.270000000000000462e-01,9.951225265478358395e-01,9.989117884299718586e-01,4.680000000000000271e-01
0.000000000000000000e+00,9.950000000000001066e-01,4.199999999999997485e-02,1.810463331149551038e+02,5.196574988748648550e-05,2.221056544029913482e-01,4.270000000000000462e-01,9.951225265478358395e-01,9.989117884299718586e-01,4.690000000000000280e-01
0.000000000000000000e+00,9.950000000000001066e-01,4.299999999999997574e-02,1.810463331149551038e+02,5.196574988748648550e-05,2.221056544029913482e-01,4.270000000000000462e-01,9.951225265478358395e-01,9.989117884299718586e-01,4.700000000000000289e-01
0.000000000000000000e+00,9.950000000000001066e-01,4.399999999999997663e-02,1.810463331149551038e+02,5.196574988748648550e-05,2.221056544029913482e-01,4.270000000000000462e-01,9.951225265478358395e-01,9.989117884299718586e-01,4.710000000000000298e-01
0.000000000000000000e+00,9.950000000000001066e-01,4.499999999999997058e-02,1.810463331149551038e+02,5.196574988748648550e-05,2.221056544029913482e-01,4.270000000000000462e-01,9.951225265478358395e-01,9.989117884299718586e-01,4.720000000000000306e-01
0.000000000000000000e+00,9.950000000000001066e-01,4.599999999999997147e-02,1.810463331149551038e+02,5.196574988748648550e-05,2.221056544029913482e-01,4.270000000000000462e-01,9.951225265478358395e-01,9.989117884299718586e-01,4.730000000000000315e-01
0.000000000000000000e+00,9.950000000000001066e-01,4.699999999999997236e-02,1.810463331149551038e+02,5.196574988748648550e-05,2.221056544029913482e-01,4.270000000000000462e-01,9.951225265478358395e-01,9.989117884299718586e-01,4.740000000000000324e-01
0.000000000000000000e+00,9.950000000000001066e-01,4.799999999999996630e-02,1.810463331149551038e+02,5.196574988748648550e-05,2.221056544029913482e-01,4.270000000000000462e-01,9.951225265478358395e-01,9.989117884299718586e-01,4.750000000000000333e-01
0.000000000000000000e+00,9.950000000000001066e-01,4.899999999999996719e-02,1.810463331149551038e+02,5.196574988748648550e-05,2.221056544029913482e-01,4.270000000000000462e-01,9.951225265478358395e-01,9.989117884299718586e-01,4.760000000000000342e-01
0.000000000000000000e+00,9.960000000000001075e-01,1.000000000000000021e-02,1.868637366755255016e+02,6.258601157436656027e-05,2.251521420411095042e-01,4.340000000000001634e-01,9.961237068144717099e-01,9.992947242661093243e-01,4.440000000000001723e-01
0.000000000000000000e+00,9.960000000000001075e-01,1.099999999999999936e-02,1.868637366755255016e+02,6.258601157436656027e-05,2.251521420411095042e-01,4.340000000000001634e-01,9.961237068144717099e-01,9.992947242661093243e-01,4.450000000000001732e-01
0.000000000000000000e+00,9.960000000000001075e-01,1.199999999999999852e-02,1.868637366755255016e+02,6.258601157436656027e-05,2.251521420411095042e-01,4.340000000000001634e-01,9.961237068144717099e-01,9.992947242661093243e-01,4.460000000000001741e-01
0.000000000000000000e+00,9.960000000000001075e-01,1.299999999999999767e-02,1.868637366755255016e+02,6.258601157436656027e-05,2.251521420411095042e-01,4.340000000000001634e-01,9.961237068144717099e-01,9.992947242661093243e-01,4.470000000000001750e-01
0.000000000000000000e+00,9.960000000000001075e-01,1.399999999999999682e-02,1.868637366755255016e+02,6.258601157436656027e-05,2.251521420411095042e-01,4.340000000000001634e-01,9.961237068144717099e-01,9.992947242661093243e-01,4.480000000000001759e-01
0.000000000000000000e+00,9.960000000000001075e-01,1.499999999999999598e-02,1.868637366755255016e+02,6.258601157436656027e-05,2.251521420411095042e-01,4.340000000000001634e-01,9.961237068144717099e-01,9.992947242661093243e-01,4.490000000000001767e-01
0.000000000000000000e+00,9.960000000000001075e-01,1.599999999999999339e-02,1.868637366755255016e+02,6.258601157436656027e-05,2.251521420411095042e-01,4.340000000000001634e-01,9.961237068144717099e-01,9.992947242661093243e-01,4.500000000000001776e-01
0.000000000000000000e+00,9.960000000000001075e-01,1.699999999999999428e-02,1.868637366755255016e+02,6.258601157436656027e-05,2.251521420411095042e-01,4.340000000000001634e-01,9.961237068144717099e-01,9.992947242661093243e-01,4.510000000000001785e-01
0.000000000000000000e+00,9.960000000000001075e-01,1.799999999999999517e-02,1.868637366755255016e+02,6.258601157436656027e-05,2.251521420411095042e-01,4.340000000000001634e-01,9.961237068144717099e-01,9.992947242661093243e-01,4.520000000000001794e-01
0.000000000000000000e+00,9.960000000000001075e-01,1.899999999999999259e-02,1.868637366755255016e+02,6.258601157436656027e-05,2.251521420411095042e-01,4.340000000000001634e-01,9.961237068144717099e-01,9.992947242661093243e-01,4.530000000000001803e-01
0.000000000000000000e+00,9.960000000000001075e-01,1.999999999999999001e-02,1.868637366755255016e+02,6.258601157436656027e-05,2.251521420411095042e-01,4.340000000000001634e-01,9.961237068144717099e-01,9.992947242661093243e-01,4.540000000000001812e-01
0.000000000000000000e+00,9.960000000000001075e-01,2.099999999999999090e-02,1.868637366755255016e+02,6.258601157436656027e-05,2.251521420411095042e-01,4.340000000000001634e-01,9.961237068144717099e-01,9.992947242661093243e-01,4.550000000000001821e-01
0.000000000000000000e+00,9.960000000000001075e-01,2.199999999999999178e-02,1.868637366755255016e+02,6.258601157436656027e-05,2.251521420411095042e-01,4.340000000000001634e-01,9.961237068144717099e-01,9.992947242661093243e-01,4.560000000000001830e-01
0.000000000000000000e+00,9.960000000000001075e-01,2.299999999999998920e-02,1.868637366755255016e+02,6.258601157436656027e-05,2.251521420411095042e-01,4.340000000000001634e-01,9.961237068144717099e-01,9.992947242661093243e-01,4.570000000000001283e-01
0.000000000000000000e+00,9.960000000000001075e-01,2.399999999999998662e-02,1.868637366755255016e+02,6.258601157436656027e-05,2.251521420411095042e-01,4.340000000000001634e-01,9.961237068144717099e-01,9.992947242661093243e-01,4.580000000000001292e-01
0.000000000000000000e+00,9.960000000000001075e-01,2.499999999999998751e-02,1.868637366755255016e+02,6.258601157436656027e-05,2.251521420411095042e-01,4.340000000000001634e-01,9.961237068144717099e-01,9.992947242661093243e-01,4.590000000000001301e-01
0.000000000000000000e+00,9.960000000000001075e-01,2.599999999999998840e-02,1.868637366755255016e+02,6.258601157436656027e-05,2.251521420411095042e-01,4.340000000000001634e-01,9.961237068144717099e-01,9.992947242661093243e-01,4.600000000000001310e-01
0.000000000000000000e+00,9.960000000000001075e-01,2.699999999999998929e-02,1.868637366755255016e+02,6.258601157436656027e-05,2.251521420411095042e-01,4.340000000000001634e-01,9.961237068144717099e-01,9.992947242661093243e-01,4.610000000000001319e-01
0.000000000000000000e+00,9.960000000000001075e-01,2.799999999999998324e-02,1.868637366755255016e+02,6.258601157436656027e-05,2.251521420411095042e-01,4.340000000000001634e-01,9.961237068144717099e-01,9.992947242661093243e-01,4.620000000000001328e-01
0.000000000000000000e+00,9.960000000000001075e-01,2.899999999999998412e-02,1.868637366755255016e+02,6.258601157436656027e-05,2.251521420411095042e-01,4.340000000000001634e-01,9.961237068144717099e-01,9.992947242661093243e-01,4.630000000000001337e-01
0.000000000000000000e+00,9.960000000000001075e-01,2.999999999999998501e-02,1.868637366755255016e+02,6.258601157436656027e-05,2.251521420411095042e-01,4.340000000000001634e-01,9.961237068144717099e-01,9.992947242661093243e-01,4.640000000000001346e-01
0.000000000000000000e+00,9.960000000000001075e-01,3.099999999999998590e-02,1.868637366755255016e+02,6.258601157436656027e-05,2.251521420411095042e-01,4.340000000000001634e-01,9.961237068144717099e-01,9.992947242661093243e-01,4.650000000000001354e-01
0.000000000000000000e+00,9.960000000000001075e-01,3.199999999999997985e-02,1.868637366755255016e+02,6.258601157436656027e-05,2.251521420411095042e-01,4.340000000000001634e-01,9.961237068144717099e-01,9.992947242661093243e-01,4.660000000000001363e-01
0.000000000000000000e+00,9.960000000000001075e-01,3.299999999999998074e-02,1.868637366755255016e+02,6.258601157436656027e-05,2.251521420411095042e-01,4.340000000000001634e-01,9.961237068144717099e-01,9.992947242661093243e-01,4.670000000000001372e-01
0.000000000000000000e+00,9.960000000000001075e-01,3.399999999999998163e-02,1.868637366755255016e+02,6.258601157436656027e-05,2.251521420411095042e-01,4.340000000000001634e-01,9.961237068144717099e-01,9.992947242661093243e-01,4.680000000000001381e-01
0.000000000000000000e+00,9.960000000000001075e-01,3.499999999999998251e-02,1.868637366755255016e+02,6.258601157436656027e-05,2.251521420411095042e-01,4.340000000000001634e-01,9.961237068144717099e-01,9.992947242661093243e-01,4.690000000000001390e-01
0.000000000000000000e+00,9.960000000000001075e-01,3.599999999999997646e-02,1.868637366755255016e+02,6.258601157436656027e-05,2.251521420411095042e-01,4.340000000000001634e-01,9.961237068144717099e-01,9.992947242661093243e-01,4.700000000000001399e-01
0.000000000000000000e+00,9.960000000000001075e-01,3.699999999999997735e-02,1.868637366755255016e+02,6.258601157436656027e-05,2.251521420411095042e-01,4.340000000000001634e-01,9.961237068144717099e-01,9.992947242661093243e-01,4.710000000000001408e-01
0.000000000000000000e+00,9.960000000000001075e-01,3.799999999999997824e-02,1.868637366755255016e+02,6.258601157436656027e-05,2.251521420411095042e-01,4.340000000000001634e-01,9.961237068144717099e-01,9.992947242661093243e-01,4.720000000000001417e-01
0.000000000000000000e+00,9.960000000000001075e-01,3.899999999999997913e-02,1.868637366755255016e+02,6.258601157436656027e-05,2.251521420411095042e-01,4.340000000000001634e-01,9.961237068144717099e-01,9.992947242661093243e-01,4.730000000000001426e-01
0.000000000000000000e+00,9.960000000000001075e-01,3.999999999999997308e-02,1.868637366755255016e+02,6.258601157436656027e-05,2.251521420411095042e-01,4.340000000000001634e-01,9.961237068144717099e-01,9.992947242661093243e-01,4.740000000000001434e-01
0.000000000000000000e+00,9.960000000000001075e-01,4.099999999999997397e-02,1.868637366755255016e+02,6.258601157436656027e-05,2.251521420411095042e-01,4.340000000000001634e-01,9.961237068144717099e-01,9.992947242661093243e-01,4.750000000000001443e-01
0.000000000000000000e+00,9.960000000000001075e-01,4.199999999999997485e-02,1.868637366755255016e+02,6.258601157436656027e-05,2.251521420411095042e-01,4.340000000000001634e-01,9.961237068144717099e-01,9.992947242661093243e-01,4.760000000000001452e-01
0.000000000000000000e+00,9.960000000000001075e-01,4.299999999999997574e-02,1.868637366755255016e+02,6.258601157436656027e-05,2.251521420411095042e-01,4.340000000000001634e-01,9.961237068144717099e-01,9.992947242661093243e-01,4.770000000000001461e-01
0.000000000000000000e+00,9.960000000000001075e-01,4.399999999999997663e-02,1.868637366755255016e+02,6.258601157436656027e-05,2.251521420411095042e-01,4.340000000000001634e-01,9.961237068144717099e-01,9.992947242661093243e-01,4.780000000000001470e-01
0.000000000000000000e+00,9.960000000000001075e-01,4.499999999999997058e-02,1.868637366755255016e+02,6.258601157436656027e-05,2.251521420411095042e-01,4.340000000000001634e-01,9.961237068144717099e-01,9.992947242661093243e-01,4.790000000000001479e-01
0.000000000000000000e+00,9.960000000000001075e-01,4.599999999999997147e-02,1.868637366755255016e+02,6.258601157436656027e-05,2.251521420411095042e-01,4.340000000000001634e-01,9.961237068144717099e-01,9.992947242661093243e-01,4.800000000000001488e-01
0.000000000000000000e+00,9.960000000000001075e-01,4.699999999999997236e-02,1.868637366755255016e+02,6.258601157436656027e-05,2.251521420411095042e-01,4.340000000000001634e-01,9.961237068144717099e-01,9.992947242661093243e-01,4.810000000000001497e-01
0.000000000000000000e+00,9.960000000000001075e-01,4.799999999999996630e-02,1.868637366755255016e+02,6.258601157436656027e-05,2.251521420411095042e-01,4.340000000000001634e-01,9.961237068144717099e-01,9.992947242661093243e-01,4.820000000000001505e-01
0.000000000000000000e+00,9.960000000000001075e-01,4.899999999999996719e-02,1.868637366755255016e+02,6.258601157436656027e-05,2.251521420411095042e-01,4.340000000000001634e-01,9.961237068144717099e-01,9.992947242661093243e-01,4.830000000000001514e-01
0.000000000000000000e+00,9.970000000000001084e-01,1.000000000000000021e-02,1.937639357890742815e+02,7.699482880086570792e-05,2.281224185737322219e-01,4.420000000000001705e-01,9.971533215441890086e-01,9.995876153511802364e-01,4.520000000000001794e-01
0.000000000000000000e+00,9.970000000000001084e-01,1.099999999999999936e-02,1.937639357890742815e+02,7.699482880086570792e-05,2.281224185737322219e-01,4.420000000000001705e-01,9.971533215441890086e-01,9.995876153511802364e-01,4.530000000000001803e-01
0.000000000000000000e+00,9.970000000000001084e-01,1.199999999999999852e-02,1.937639357890742815e+02,7.699482880086570792e-05,2.281224185737322219e-01,4.420000000000001705e-01,9.971533215441890086e-01,9.995876153511802364e-01,4.540000000000001812e-01
0.000000000000000000e+00,9.970000000000001084e-01,1.299999999999999767e-02,1.937639357890742815e+02,7.699482880086570792e-05,2.281224185737322219e-01,4.420000000000001705e-01,9.971533215441890086e-01,9.995876153511802364e-01,4.550000000000001821e-01
0.000000000000000000e+00,9.970000000000001084e-01,1.399999999999999682e-02,1.937639357890742815e+02,7.699482880086570792e-05,2.281224185737322219e-01,4.420000000000001705e-01,9.971533215441890086e-01,9.995876153511802364e-01,4.560000000000001830e-01
0.000000000000000000e+00,9.970000000000001084e-01,1.499999999999999598e-02,1.937639357890742815e+02,7.699482880086570792e-05,2.281224185737322219e-01,4.420000000000001705e-01,9.971533215441890086e-01,9.995876153511802364e-01,4.570000000000001839e-01
0.000000000000000000e+00,9.970000000000001084e-01,1.599999999999999339e-02,1.937639357890742815e+02,7.699482880086570792e-05,2.281224185737322219e-01,4.420000000000001705e-01,9.971533215441890086e-01,9.995876153511802364e-01,4.580000000000001847e-01
0.000000000000000000e+00,9.970000000000001084e-01,1.699999999999999428e-02,1.937639357890742815e+02,7.699482880086570792e-05,2.281224185737322219e-01,4.420000000000001705e-01,9.971533215441890086e-01,9.995876153511802364e-01,4.590000000000001856e-01
0.000000000000000000e+00,9.970000000000001084e-01,1.799999999999999517e-02,1.937639357890742815e+02,7.699482880086570792e-05,2.281224185737322219e-01,4.420000000000001705e-01,9.971533215441890086e-01,9.995876153511802364e-01,4.600000000000001865e-01
0.000000000000000000e+00,9.970000000000001084e-01,1.899999999999999259e-02,1.937639357890742815e+02,7.699482880086570792e-05,2.281224185737322219e-01,4.420000000000001705e-01,9.971533215441890086e-01,9.995876153511802364e-01,4.610000000000001874e-01
0.000000000000000000e+00,9.970000000000001084e-01,1.999999999999999001e-02,1.937639357890742815e+02,7.699482880086570792e-05,2.281224185737322219e-01,4.420000000000001705e-01,9.971533215441890086e-01,9.995876153511802364e-01,4.620000000000001883e-01
0.000000000000000000e+00,9.970000000000001084e-01,2.099999999999999090e-02,1.937639357890742815e+02,7.699482880086570792e-05,2.281224185737322219e-01,4.420000000000001705e-01,9.971533215441890086e-01,9.995876153511802364e-01,4.630000000000001892e-01
0.000000000000000000e+00,9.970000000000001084e-01,2.199999999999999178e-02,1.937639357890742815e+02,7.699482880086570792e-05,2.281224185737322219e-01,4.420000000000001705e-01,9.971533215441890086e-01,9.995876153511802364e-01,4.640000000000001901e-01
0.000000000000000000e+00,9.970000000000001084e-01,2.299999999999998920e-02,1.937639357890742815e+02,7.699482880086570792e-05,2.281224185737322219e-01,4.420000000000001705e-01,9.971533215441890086e-01,9.995876153511802364e-01,4.650000000000001354e-01
0.000000000000000000e+00,9.970000000000001084e-01,2.399999999999998662e-02,1.937639357890742815e+02,7.699482880086570792e-05,2.281224185737322219e-01,4.420000000000001705e-01,9.971533215441890086e-01,9.995876153511802364e-01,4.660000000000001363e-01
0.000000000000000000e+00,9.970000000000001084e-01,2.499999999999998751e-02,1.937639357890742815e+02,7.699482880086570792e-05,2.281224185737322219e-01,4.420000000000001705e-01,9.971533215441890086e-01,9.995876153511802364e-01,4.670000000000001372e-01
0.000000000000000000e+00,9.970000000000001084e-01,2.599999999999998840e-02,1.937639357890742815e+02,7.699482880086570792e-05,2.281224185737322219e-01,4.420000000000001705e-01,9.971533215441890086e-01,9.995876153511802364e-01,4.680000000000001381e-01
0.000000000000000000e+00,9.970000000000001084e-01,2.699999999999998929e-02,1.937639357890742815e+02,7.699482880086570792e-05,2.281224185737322219e-01,4.420000000000001705e-01,9.971533215441890086e-01,9.995876153511802364e-01,4.690000000000001390e-01
0.000000000000000000e+00,9.970000000000001084e-01,2.799999999999998324e-02,1.937639357890742815e+02,7.699482880086570792e-05,2.281224185737322219e-01,4.420000000000001705e-01,9.971533215441890086e-01,9.995876153511802364e-01,4.700000000000001399e-01
0.000000000000000000e+00,9.970000000000001084e-01,2.899999999999998412e-02,1.937639357890742815e+02,7.699482880086570792e-05,2.281224185737322219e-01,4.420000000000001705e-01,9.971533215441890086e-01,9.995876153511802364e-01,4.710000000000001408e-01
0.000000000000000000e+00,9.970000000000001084e-01,2.999999999999998501e-02,1.937639357890742815e+02,7.699482880086570792e-05,2.281224185737322219e-01,4.420000000000001705e-01,9.971533215441890086e-01,9.995876153511802364e-01,4.720000000000001417e-01
0.000000000000000000e+00,9.970000000000001084e-01,3.099999999999998590e-02,1.937639357890742815e+02,7.699482880086570792e-05,2.281224185737322219e-01,4.420000000000001705e-01,9.971533215441890086e-01,9.995876153511802364e-01,4.730000000000001426e-01
0.000000000000000000e+00,9.970000000000001084e-01,3.199999999999997985e-02,1.937639357890742815e+02,7.699482880086570792e-05,2.281224185737322219e-01,4.420000000000001705e-01,9.971533215441890086e-01,9.995876153511802364e-01,4.740000000000001434e-01
0.000000000000000000e+00,9.970000000000001084e-01,3.299999999999998074e-02,1.937639357890742815e+02,7.699482880086570792e-05,2.281224185737322219e-01,4.420000000000001705e-01,9.971533215441890086e-01,9.995876153511802364e-01,4.750000000000001443e-01
0.000000000000000000e+00,9.970000000000001084e-01,3.399999999999998163e-02,1.937639357890742815e+02,7.699482880086570792e-05,2.281224185737322219e-01,4.420000000000001705e-01,9.971533215441890086e-01,9.995876153511802364e-01,4.760000000000001452e-01
0.000000000000000000e+00,9.970000000000001084e-01,3.499999999999998251e-02,1.937639357890742815e+02,7.699482880086570792e-05,2.281224185737322219e-01,4.420000000000001705e-01,9.971533215441890086e-01,9.995876153511802364e-01,4.770000000000001461e-01
0.000000000000000000e+00,9.970000000000001084e-01,3.599999999999997646e-02,1.937639357890742815e+02,7.699482880086570792e-05,2.281224185737322219e-01,4.420000000000001705e-01,9.971533215441890086e-01,9.995876153511802364e-01,4.780000000000001470e-01
0.000000000000000000e+00,9.970000000000001084e-01,3.699999999999997735e-02,1.937639357890742815e+02,7.699482880086570792e-05,2.281224185737322219e-01,4.420000000000001705e-01,9.971533215441890086e-01,9.995876153511802364e-01,4.790000000000001479e-01
0.000000000000000000e+00,9.970000000000001084e-01,3.799999999999997824e-02,1.937639357890742815e+02,7.699482880086570792e-05,2.281224185737322219e-01,4.420000000000001705e-01,9.971533215441890086e-01,9.995876153511802364e-01,4.800000000000001488e-01
0.000000000000000000e+00,9.970000000000001084e-01,3.899999999999997913e-02,1.937639357890742815e+02,7.699482880086570792e-05,2.281224185737322219e-01,4.420000000000001705e-01,9.971533215441890086e-01,9.995876153511802364e-01,4.810000000000001497e-01
0.000000000000000000e+00,9.970000000000001084e-01,3.999999999999997308e-02,1.937639357890742815e+02,7.699482880086570792e-05,2.281224185737322219e-01,4.420000000000001705e-01,9.971533215441890086e-01,9.995876153511802364e-01,4.820000000000001505e-01
0.000000000000000000e+00,9.970000000000001084e-01,4.099999999999997397e-02,1.937639357890742815e+02,7.699482880086570792e-05,2.281224185737322219e-01,4.420000000000001705e-01,9.971533215441890086e-01,9.995876153511802364e-01,4.830000000000001514e-01
0.000000000000000000e+00,9.970000000000001084e-01,4.199999999999997485e-02,1.937639357890742815e+02,7.699482880086570792e-05,2.281224185737322219e-01,4.420000000000001705e-01,9.971533215441890086e-01,9.995876153511802364e-01,4.840000000000001523e-01
0.000000000000000000e+00,9.970000000000001084e-01,4.299999999999997574e-02,1.937639357890742815e+02,7.699482880086570792e-05,2.281224185737322219e-01,4.420000000000001705e-01,9.971533215441890086e-01,9.995876153511802364e-01,4.850000000000001532e-01
0.000000000000000000e+00,9.970000000000001084e-01,4.399999999999997663e-02,1.937639357890742815e+02,7.699482880086570792e-05,2.281224185737322219e-01,4.420000000000001705e-01,9.971533215441890086e-01,9.995876153511802364e-01,4.860000000000001541e-01
0.000000000000000000e+00,9.970000000000001084e-01,4.499999999999997058e-02,1.937639357890742815e+02,7.699482880086570792e-05,2.281224185737322219e-01,4.420000000000001705e-01,9.971533215441890086e-01,9.995876153511802364e-01,4.870000000000001550e-01
0.000000000000000000e+00,9.970000000000001084e-01,4.599999999999997147e-02,1.937639357890742815e+02,7.699482880086570792e-05,2.281224185737322219e-01,4.420000000000001705e-01,9.971533215441890086e-01,9.995876153511802364e-01,4.880000000000001559e-01
0.000000000000000000e+00,9.980000000000001092e-01,1.000000000000000021e-02,2.008609761021456848e+02,9.398239025730934708e-05,2.306042298245421507e-01,4.500000000000001776e-01,9.980450130359600491e-01,9.997636349929226451e-01,4.600000000000001865e-01
0.000000000000000000e+00,9.980000000000001092e-01,1.099999999999999936e-02,2.008609761021456848e+02,9.398239025730934708e-05,2.306042298245421507e-01,4.500000000000001776e-01,9.980450130359600491e-01,9.997636349929226451e-01,4.610000000000001874e-01
0.000000000000000000e+00,9.980000000000001092e-01,1.199999999999999852e-02,2.008609761021456848e+02,9.398239025730934708e-05,2.306042298245421507e-01,4.500000000000001776e-01,9.980450130359600491e-01,9.997636349929226451e-01,4.620000000000001883e-01
0.000000000000000000e+00,9.980000000000001092e-01,1.299999999999999767e-02,2.008609761021456848e+02,9.398239025730934708e-05,2.306042298245421507e-01,4.500000000000001776e-01,9.980450130359600491e-01,9.997636349929226451e-01,4.630000000000001892e-01
0.000000000000000000e+00,9.980000000000001092e-01,1.399999999999999682e-02,2.008609761021456848e+02,9.398239025730934708e-05,2.306042298245421507e-01,4.500000000000001776e-01,9.980450130359600491e-01,9.997636349929226451e-01,4.640000000000001901e-01
0.000000000000000000e+00,9.980000000000001092e-01,1.499999999999999598e-02,2.008609761021456848e+02,9.398239025730934708e-05,2.306042298245421507e-01,4.500000000000001776e-01,9.980450130359600491e-01,9.997636349929226451e-01,4.650000000000001910e-01
0.000000000000000000e+00,9.980000000000001092e-01,1.599999999999999339e-02,2.008609761021456848e+02,9.398239025730934708e-05,2.306042298245421507e-01,4.500000000000001776e-01,9.980450130359600491e-01,9.997636349929226451e-01,4.660000000000001918e-01
0.000000000000000000e+00,9.980000000000001092e-01,1.699999999999999428e-02,2.008609761021456848e+02,9.398239025730934708e-05,2.306042298245421507e-01,4.500000000000001776e-01,9.980450130359600491e-01,9.997636349929226451e-01,4.670000000000001927e-01
0.000000000000000000e+00,9.980000000000001092e-01,1.799999999999999517e-02,2.008609761021456848e+02,9.398239025730934708e-05,2.306042298245421507e-01,4.500000000000001776e-01,9.980450130359600491e-01,9.997636349929226451e-01,4.680000000000001936e-01
0.000000000000000000e+00,9.980000000000001092e-01,1.899999999999999259e-02,2.008609761021456848e+02,9.398239025730934708e-05,2.306042298245421507e-01,4.500000000000001776e-01,9.980450130359600491e-01,9.997636349929226451e-01,4.690000000000001945e-01
0.000000000000000000e+00,9.980000000000001092e-01,1.999999999999999001e-02,2.008609761021456848e+02,9.398239025730934708e-05,2.306042298245421507e-01,4.500000000000001776e-01,9.980450130359600491e-01,9.997636349929226451e-01,4.700000000000001954e-01
0.000000000000000000e+00,9.980000000000001092e-01,2.099999999999999090e-02,2.008609761021456848e+02,9.398239025730934708e-05,2.306042298245421507e-01,4.500000000000001776e-01,9.980450130359600491e-01,9.997636349929226451e-01,4.710000000000001963e-01
0.000000000000000000e+00,9.980000000000001092e-01,2.199999999999999178e-02,2.008609761021456848e+02,9.398239025730934708e-05,2.306042298245421507e-01,4.500000000000001776e-01,9.980450130359600491e-01,9.997636349929226451e-01,4.720000000000001972e-01
0.000000000000000000e+00,9.980000000000001092e-01,2.299999999999998920e-02,2.008609761021456848e+02,9.398239025730934708e-05,2.306042298245421507e-01,4.500000000000001776e-01,9.980450130359600491e-01,9.997636349929226451e-01,4.730000000000001426e-01
0.000000000000000000e+00,9.980000000000001092e-01,2.399999999999998662e-02,2.008609761021456848e+02,9.398239025730934708e-05,2.306042298245421507e-01,4.500000000000001776e-01,9.980450130359600491e-01,9.997636349929226451e-01,4.740000000000001434e-01
0.000000000000000000e+00,9.980000000000001092e-01,2.499999999999998751e-02,2.008609761021456848e+02,9.398239025730934708e-05,2.306042298245421507e-01,4.500000000000001776e-01,9.980450130359600491e-01,9.997636349929226451e-01,4.750000000000001443e-01
0.000000000000000000e+00,9.980000000000001092e-01,2.599999999999998840e-02,2.008609761021456848e+02,9.398239025730934708e-05,2.306042298245421507e-01,4.500000000000001776e-01,9.980450130359600491e-01,9.997636349929226451e-01,4.760000000000001452e-01
0.000000000000000000e+00,9.980000000000001092e-01,2.699999999999998929e-02,2.008609761021456848e+02,9.398239025730934708e-05,2.306042298245421507e-01,4.500000000000001776e-01,9.980450130359600491e-01,9.997636349929226451e-01,4.770000000000001461e-01
0.000000000000000000e+00,9.980000000000001092e-01,2.799999999999998324e-02,2.008609761021456848e+02,9.398239025730934708e-05,2.306042298245421507e-01,4.500000000000001776e-01,9.980450130359600491e-01,9.997636349929226451e-01,4.780000000000001470e-01
0.000000000000000000e+00,9.980000000000001092e-01,2.899999999999998412e-02,2.008609761021456848e+02,9.398239025730934708e-05,2.306042298245421507e-01,4.500000000000001776e-01,9.980450130359600491e-01,9.997636349929226451e-01,4.790000000000001479e-01
0.000000000000000000e+00,9.980000000000001092e-01,2.999999999999998501e-02,2.008609761021456848e+02,9.398239025730934708e-05,2.306042298245421507e-01,4.500000000000001776e-01,9.980450130359600491e-01,9.997636349929226451e-01,4.800000000000001488e-01
0.000000000000000000e+00,9.980000000000001092e-01,3.099999999999998590e-02,2.008609761021456848e+02,9.398239025730934708e-05,2.306042298245421507e-01,4.500000000000001776e-01,9.980450130359600491e-01,9.997636349929226451e-01,4.810000000000001497e-01
0.000000000000000000e+00,9.980000000000001092e-01,3.199999999999997985e-02,2.008609761021456848e+02,9.398239025730934708e-05,2.306042298245421507e-01,4.500000000000001776e-01,9.980450130359600491e-01,9.997636349929226451e-01,4.820000000000001505e-01
0.000000000000000000e+00,9.980000000000001092e-01,3.299999999999998074e-02,2.008609761021456848e+02,9.398239025730934708e-05,2.306042298245421507e-01,4.500000000000001776e-01,9.980450130359600491e-01,9.997636349929226451e-01,4.830000000000001514e-01
0.000000000000000000e+00,9.980000000000001092e-01,3.399999999999998163e-02,2.008609761021456848e+02,9.398239025730934708e-05,2.306042298245421507e-01,4.500000000000001776e-01,9.980450130359600491e-01,9.997636349929226451e-01,4.840000000000001523e-01
0.000000000000000000e+00,9.980000000000001092e-01,3.499999999999998251e-02,2.008609761021456848e+02,9.398239025730934708e-05,2.306042298245421507e-01,4.500000000000001776e-01,9.980450130359600491e-01,9.997636349929226451e-01,4.850000000000001532e-01
0.000000000000000000e+00,9.980000000000001092e-01,3.599999999999997646e-02,2.008609761021456848e+02,9.398239025730934708e-05,2.306042298245421507e-01,4.500000000000001776e-01,9.980450130359600491e-01,9.997636349929226451e-01,4.860000000000001541e-01
0.000000000000000000e+00,9.980000000000001092e-01,3.699999999999997735e-02,2.008609761021456848e+02,9.398239025730934708e-05,2.306042298245421507e-01,4.500000000000001776e-01,9.980450130359600491e-01,9.997636349929226451e-01,4.870000000000001550e-01
0.000000000000000000e+00,9.980000000000001092e-01,3.799999999999997824e-02,2.008609761021456848e+02,9.398239025730934708e-05,2.306042298245421507e-01,4.500000000000001776e-01,9.980450130359600491e-01,9.997636349929226451e-01,4.880000000000001559e-01
0.000000000000000000e+00,9.990000000000001101e-01,1.000000000000000021e-02,2.109100983926201991e+02,1.220199265880160571e-04,2.332264470583300109e-01,4.610000000000000764e-01,9.990318459413414232e-01,9.998907185673350240e-01,4.710000000000000853e-01
0.000000000000000000e+00,9.990000000000001101e-01,1.099999999999999936e-02,2.109100983926201991e+02,1.220199265880160571e-04,2.332264470583300109e-01,4.610000000000000764e-01,9.990318459413414232e-01,9.998907185673350240e-01,4.720000000000000862e-01
0.000000000000000000e+00,9.990000000000001101e-01,1.199999999999999852e-02,2.109100983926201991e+02,1.220199265880160571e-04,2.332264470583300109e-01,4.610000000000000764e-01,9.990318459413414232e-01,9.998907185673350240e-01,4.730000000000000870e-01
0.000000000000000000e+00,9.990000000000001101e-01,1.299999999999999767e-02,2.109100983926201991e+02,1.220199265880160571e-04,2.332264470583300109e-01,4.610000000000000764e-01,9.990318459413414232e-01,9.998907185673350240e-01,4.740000000000000879e-01
0.000000000000000000e+00,9.990000000000001101e-01,1.399999999999999682e-02,2.109100983926201991e+02,1.220199265880160571e-04,2.332264470583300109e-01,4.610000000000000764e-01,9.990318459413414232e-01,9.998907185673350240e-01,4.750000000000000888e-01
0.000000000000000000e+00,9.990000000000001101e-01,1.499999999999999598e-02,2.109100983926201991e+02,1.220199265880160571e-04,2.332264470583300109e-01,4.610000000000000764e-01,9.990318459413414232e-01,9.998907185673350240e-01,4.760000000000000897e-01
0.000000000000000000e+00,9.990000000000001101e-01,1.599999999999999339e-02,2.109100983926201991e+02,1.220199265880160571e-04,2.332264470583300109e-01,4.610000000000000764e-01,9.990318459413414232e-01,9.998907185673350240e-01,4.770000000000000906e-01
0.000000000000000000e+00,9.990000000000001101e-01,1.699999999999999428e-02,2.109100983926201991e+02,1.220199265880160571e-04,2.332264470583300109e-01,4.610000000000000764e-01,9.990318459413414232e-01,9.998907185673350240e-01,4.780000000000000915e-01
0.000000000000000000e+00,9.990000000000001101e-01,1.799999999999999517e-02,2.109100983926201991e+02,1.220199265880160571e-04,2.332264470583300109e-01,4.610000000000000764e-01,9.990318459413414232e-01,9.998907185673350240e-01,4.790000000000000924e-01
0.000000000000000000e+00,9.990000000000001101e-01,1.899999999999999259e-02,2.109100983926201991e+02,1.220199265880160571e-04,2.332264470583300109e-01,4.610000000000000764e-01,9.990318459413414232e-01,9.998907185673350240e-01,4.800000000000000933e-01
0.000000000000000000e+00,9.990000000000001101e-01,1.999999999999999001e-02,2.109100983926201991e+02,1.220199265880160571e-04,2.332264470583300109e-01,4.610000000000000764e-01,9.990318459413414232e-01,9.998907185673350240e-01,4.810000000000000941e-01
0.000000000000000000e+00,9.990000000000001101e-01,2.099999999999999090e-02,2.109100983926201991e+02,1.220199265880160571e-04,2.332264470583300109e-01,4.610000000000000764e-01,9.990318459413414232e-01,9.998907185673350240e-01,4.820000000000000950e-01
0.000000000000000000e+00,9.990000000000001101e-01,2.199999999999999178e-02,2.109100983926201991e+02,1.220199265880160571e-04,2.332264470583300109e-01,4.610000000000000764e-01,9.990318459413414232e-01,9.998907185673350240e-01,4.830000000000000959e-01
0.000000000000000000e+00,9.990000000000001101e-01,2.299999999999998920e-02,2.109100983926201991e+02,1.220199265880160571e-04,2.332264470583300109e-01,4.610000000000000764e-01,9.990318459413414232e-01,9.998907185673350240e-01,4.840000000000000413e-01
0.000000000000000000e+00,9.990000000000001101e-01,2.399999999999998662e-02,2.109100983926201991e+02,1.220199265880160571e-04,2.332264470583300109e-01,4.610000000000000764e-01,9.990318459413414232e-01,9.998907185673350240e-01,4.850000000000000422e-01
0.000000000000000000e+00,9.990000000000001101e-01,2.499999999999998751e-02,2.109100983926201991e+02,1.220199265880160571e-04,2.332264470583300109e-01,4.610000000000000764e-01,9.990318459413414232e-01,9.998907185673350240e-01,4.860000000000000431e-01
0.000000000000000000e+00,9.990000000000001101e-01,2.599999999999998840e-02,2.109100983926201991e+02,1.220199265880160571e-04,2.332264470583300109e-01,4.610000000000000764e-01,9.990318459413414232e-01,9.998907185673350240e-01,4.870000000000000440e-01
0.000000000000000000e+00,9.990000000000001101e-01,2.699999999999998929e-02,2.109100983926201991e+02,1.220199265880160571e-04,2.332264470583300109e-01,4.610000000000000764e-01,9.990318459413414232e-01,9.998907185673350240e-01,4.880000000000000449e-01
0.000000000000000000e+00,9.990000000000001101e-01,2.799999999999998324e-02,2.109100983926201991e+02,1.220199265880160571e-04,2.332264470583300109e-01,4.610000000000000764e-01,9.990318459413414232e-01,9.998907185673350240e-01,4.890000000000000457e-01
