start,stop,width_mv,slope_mv,i0_a,log_i0_a,residue,tafel_r2,lsv_r2,threshold
221,232,10.0,354.1277088565747,1.1535519121149242e-05,-4.937962856593464,4.709325942121916e-05,0.945554666586209,0.9431330531989021,0.9
221,232,10.0,354.1277088565747,1.1535519121149242e-05,-4.937962856593464,4.709325942121916e-05,0.945554666586209,0.9431330531989021,0.901
221,232,10.0,354.1277088565747,1.1535519121149242e-05,-4.937962856593464,4.709325942121916e-05,0.945554666586209,0.9431330531989021,0.902
221,232,10.0,354.1277088565747,1.1535519121149242e-05,-4.937962856593464,4.709325942121916e-05,0.945554666586209,0.9431330531989021,0.903
221,232,10.0,354.1277088565747,1.1535519121149242e-05,-4.937962856593464,4.709325942121916e-05,0.945554666586209,0.9431330531989021,0.904
221,232,10.0,354.1277088565747,1.1535519121149242e-05,-4.937962856593464,4.709325942121916e-05,0.945554666586209,0.9431330531989021,0.905
221,232,10.0,354.1277088565747,1.1535519121149242e-05,-4.937962856593464,4.709325942121916e-05,0.945554666586209,0.9431330531989021,0.906
221,232,10.0,354.1277088565747,1.1535519121149242e-05,-4.937962856593464,4.709325942121916e-05,0.945554666586209,0.9431330531989021,0.907
221,232,10.0,354.1277088565747,1.1535519121149242e-05,-4.937962856593464,4.709325942121916e-05,0.945554666586209,0.9431330531989021,0.908
221,232,10.0,354.1277088565747,1.1535519121149242e-05,-4.937962856593464,4.709325942121916e-05,0.945554666586209,0.9431330531989021,0.909
221,232,10.0,354.1277088565747,1.1535519121149242e-05,-4.937962856593464,4.709325942121916e-05,0.945554666586209,0.9431330531989021,0.91
221,232,10.0,354.1277088565747,1.1535519121149242e-05,-4.937962856593464,4.709325942121916e-05,0.945554666586209,0.9431330531989021,0.911
221,232,10.0,354.1277088565747,1.1535519121149242e-05,-4.937962856593464,4.709325942121916e-05,0.945554666586209,0.9431330531989021,0.912
221,232,10.0,354.1277088565747,1.1535519121149242e-05,-4.937962856593464,4.709325942121916e-05,0.945554666586209,0.9431330531989021,0.913
221,232,10.0,354.1277088565747,1.1535519121149242e-05,-4.937962856593464,4.709325942121916e-05,0.945554666586209,0.9431330531989021,0.914
221,232,10.0,354.1277088565747,1.1535519121149242e-05,-4.937962856593464,4.709325942121916e-05,0.945554666586209,0.9431330531989021,0.915
221,232,10.0,354.1277088565747,1.1535519121149242e-05,-4.937962856593464,4.709325942121916e-05,0.945554666586209,0.9431330531989021,0.916
221,232,10.0,354.1277088565747,1.1535519121149242e-05,-4.937962856593464,4.709325942121916e-05,0.945554666586209,0.9431330531989021,0.917
221,232,10.0,354.1277088565747,1.1535519121149242e-05,-4.937962856593464,4.709325942121916e-05,0.945554666586209,0.9431330531989021,0.918
221,232,10.0,354.1277088565747,1.1535519121149242e-05,-4.937962856593464,4.709325942121916e-05,0.945554666586209,0.9431330531989021,0.919
221,232,10.0,354.1277088565747,1.1535519121149242e-05,-4.937962856593464,4.709325942121916e-05,0.945554666586209,0.9431330531989021,0.92
221,232,10.0,354.1277088565747,1.1535519121149242e-05,-4.937962856593464,4.709325942121916e-05,0.945554666586209,0.9431330531989021,0.921
221,232,10.0,354.1277088565747,1.1535519121149242e-05,-4.937962856593464,4.709325942121916e-05,0.945554666586209,0.9431330531989021,0.922
221,232,10.0,354.1277088565747,1.1535519121149242e-05,-4.937962856593464,4.709325942121916e-05,0.945554666586209,0.9431330531989021,0.923
221,232,10.0,354.1277088565747,1.1535519121149242e-05,-4.937962856593464,4.709325942121916e-05,0.945554666586209,0.9431330531989021,0.924
221,232,10.0,354.1277088565747,1.1535519121149242e-05,-4.937962856593464,4.709325942121916e-05,0.945554666586209,0.9431330531989021,0.925
221,232,10.0,354.1277088565747,1.1535519121149242e-05,-4.937962856593464,4.709325942121916e-05,0.945554666586209,0.9431330531989021,0.926
221,232,10.0,354.1277088565747,1.1535519121149242e-05,-4.937962856593464,4.709325942121916e-05,0.945554666586209,0.9431330531989021,0.927
221,232,10.0,354.1277088565747,1.1535519121149242e-05,-4.937962856593464,4.709325942121916e-05,0.945554666586209,0.9431330531989021,0.928
221,232,10.0,354.1277088565747,1.1535519121149242e-05,-4.937962856593464,4.709325942121916e-05,0.945554666586209,0.9431330531989021,0.929
221,232,10.0,354.1277088565747,1.1535519121149242e-05,-4.937962856593464,4.709325942121916e-05,0.945554666586209,0.9431330531989021,0.93
221,232,10.0,354.1277088565747,1.1535519121149242e-05,-4.937962856593464,4.709325942121916e-05,0.945554666586209,0.9431330531989021,0.931
221,232,10.0,354.1277088565747,1.1535519121149242e-05,-4.937962856593464,4.709325942121916e-05,0.945554666586209,0.9431330531989021,0.932
221,232,10.0,354.1277088565747,1.1535519121149242e-05,-4.937962856593464,4.709325942121916e-05,0.945554666586209,0.9431330531989021,0.933
221,232,10.0,354.1277088565747,1.1535519121149242e-05,-4.937962856593464,4.709325942121916e-05,0.945554666586209,0.9431330531989021,0.934
221,232,10.0,354.1277088565747,1.1535519121149242e-05,-4.937962856593464,4.709325942121916e-05,0.945554666586209,0.9431330531989021,0.935
221,232,10.0,354.1277088565747,1.1535519121149242e-05,-4.937962856593464,4.709325942121916e-05,0.945554666586209,0.9431330531989021,0.936
221,232,10.0,354.1277088565747,1.1535519121149242e-05,-4.937962856593464,4.709325942121916e-05,0.945554666586209,0.9431330531989021,0.937
221,232,10.0,354.1277088565747,1.1535519121149242e-05,-4.937962856593464,4.709325942121916e-05,0.945554666586209,0.9431330531989021,0.9380000000000001
221,232,10.0,354.1277088565747,1.1535519121149242e-05,-4.937962856593464,4.709325942121916e-05,0.945554666586209,0.9431330531989021,0.9390000000000001
221,232,10.0,354.1277088565747,1.1535519121149242e-05,-4.937962856593464,4.709325942121916e-05,0.945554666586209,0.9431330531989021,0.9400000000000001
221,232,10.0,354.1277088565747,1.1535519121149242e-05,-4.937962856593464,4.709325942121916e-05,0.945554666586209,0.9431330531989021,0.9410000000000001
221,232,10.0,354.1277088565747,1.1535519121149242e-05,-4.937962856593464,4.709325942121916e-05,0.945554666586209,0.9431330531989021,0.9420000000000001
221,232,10.0,354.1277088565747,1.1535519121149242e-05,-4.937962856593464,4.709325942121916e-05,0.945554666586209,0.9431330531989021,0.9430000000000001
33,44,10.0,47.55083319305637,9.249402916511509e-08,-7.033886301686246,0.0001519389410089892,0.9636284776581386,0.9542356978252166,0.9440000000000001
33,44,10.0,47.55083319305637,9.249402916511509e-08,-7.033886301686246,0.0001519389410089892,0.9636284776581386,0.9542356978252166,0.9450000000000001
33,44,10.0,47.55083319305637,9.249402916511509e-08,-7.033886301686246,0.0001519389410089892,0.9636284776581386,0.9542356978252166,0.9460000000000001
33,44,10.0,47.55083319305637,9.249402916511509e-08,-7.033886301686246,0.0001519389410089892,0.9636284776581386,0.9542356978252166,0.9470000000000001
33,44,10.0,47.55083319305637,9.249402916511509e-08,-7.033886301686246,0.0001519389410089892,0.9636284776581386,0.9542356978252166,0.9480000000000001
33,44,10.0,47.55083319305637,9.249402916511509e-08,-7.033886301686246,0.0001519389410089892,0.9636284776581386,0.9542356978252166,0.9490000000000001
33,44,10.0,47.55083319305637,9.249402916511509e-08,-7.033886301686246,0.0001519389410089892,0.9636284776581386,0.9542356978252166,0.9500000000000001
33,44,10.0,47.55083319305637,9.249402916511509e-08,-7.033886301686246,0.0001519389410089892,0.9636284776581386,0.9542356978252166,0.9510000000000001
33,44,10.0,47.55083319305637,9.249402916511509e-08,-7.033886301686246,0.0001519389410089892,0.9636284776581386,0.9542356978252166,0.9520000000000001
33,44,10.0,47.55083319305637,9.249402916511509e-08,-7.033886301686246,0.0001519389410089892,0.9636284776581386,0.9542356978252166,0.9530000000000001
33,44,10.0,47.55083319305637,9.249402916511509e-08,-7.033886301686246,0.0001519389410089892,0.9636284776581386,0.9542356978252166,0.9540000000000001
60,71,10.0,48.606297959442195,7.799625003579555e-08,-7.107926277154532,0.0004254193823689569,0.9713154649005316,0.9577594314297634,0.9550000000000001
60,71,10.0,48.606297959442195,7.799625003579555e-08,-7.107926277154532,0.0004254193823689569,0.9713154649005316,0.9577594314297634,0.9560000000000001
60,71,10.0,48.606297959442195,7.799625003579555e-08,-7.107926277154532,0.0004254193823689569,0.9713154649005316,0.9577594314297634,0.9570000000000001
61,72,10.0,45.4329264847485,5.582760827580179e-08,-7.253150977466982,0.00047703013174683483,0.9795675710781874,0.9682644566278584,0.9580000000000001
61,72,10.0,45.4329264847485,5.582760827580179e-08,-7.253150977466982,0.00047703013174683483,0.9795675710781874,0.9682644566278584,0.9590000000000001
61,72,10.0,45.4329264847485,5.582760827580179e-08,-7.253150977466982,0.00047703013174683483,0.9795675710781874,0.9682644566278584,0.96
61,72,10.0,45.4329264847485,5.582760827580179e-08,-7.253150977466982,0.00047703013174683483,0.9795675710781874,0.9682644566278584,0.9610000000000001
61,72,10.0,45.4329264847485,5.582760827580179e-08,-7.253150977466982,0.00047703013174683483,0.9795675710781874,0.9682644566278584,0.962
61,72,10.0,45.4329264847485,5.582760827580179e-08,-7.253150977466982,0.00047703013174683483,0.9795675710781874,0.9682644566278584,0.9630000000000001
61,72,10.0,45.4329264847485,5.582760827580179e-08,-7.253150977466982,0.00047703013174683483,0.9795675710781874,0.9682644566278584,0.964
61,72,10.0,45.4329264847485,5.582760827580179e-08,-7.253150977466982,0.00047703013174683483,0.9795675710781874,0.9682644566278584,0.9650000000000001
61,72,10.0,45.4329264847485,5.582760827580179e-08,-7.253150977466982,0.00047703013174683483,0.9795675710781874,0.9682644566278584,0.966
61,72,10.0,45.4329264847485,5.582760827580179e-08,-7.253150977466982,0.00047703013174683483,0.9795675710781874,0.9682644566278584,0.9670000000000001
61,72,10.0,45.4329264847485,5.582760827580179e-08,-7.253150977466982,0.00047703013174683483,0.9795675710781874,0.9682644566278584,0.968
227,238,10.0,198.20381701675666,2.992988589016783e-06,-5.523894938935449,0.0006558440545794159,0.9725378546841151,0.9707706028474675,0.9690000000000001
227,238,10.0,198.20381701675666,2.992988589016783e-06,-5.523894938935449,0.0006558440545794159,0.9725378546841151,0.9707706028474675,0.97
228,239,10.0,177.86250725659664,2.097040387615442e-06,-5.678393205228687,0.0007895829006836679,0.9858042631986126,0.9834589747715929,0.9710000000000001
228,239,10.0,177.86250725659664,2.097040387615442e-06,-5.678393205228687,0.0007895829006836679,0.9858042631986126,0.9834589747715929,0.972
228,239,10.0,177.86250725659664,2.097040387615442e-06,-5.678393205228687,0.0007895829006836679,0.9858042631986126,0.9834589747715929,0.973
228,239,10.0,177.86250725659664,2.097040387615442e-06,-5.678393205228687,0.0007895829006836679,0.9858042631986126,0.9834589747715929,0.974
228,239,10.0,177.86250725659664,2.097040387615442e-06,-5.678393205228687,0.0007895829006836679,0.9858042631986126,0.9834589747715929,0.975
228,239,10.0,177.86250725659664,2.097040387615442e-06,-5.678393205228687,0.0007895829006836679,0.9858042631986126,0.9834589747715929,0.976
228,239,10.0,177.86250725659664,2.097040387615442e-06,-5.678393205228687,0.0007895829006836679,0.9858042631986126,0.9834589747715929,0.977
228,239,10.0,177.86250725659664,2.097040387615442e-06,-5.678393205228687,0.0007895829006836679,0.9858042631986126,0.9834589747715929,0.978
228,239,10.0,177.86250725659664,2.097040387615442e-06,-5.678393205228687,0.0007895829006836679,0.9858042631986126,0.9834589747715929,0.979
228,239,10.0,177.86250725659664,2.097040387615442e-06,-5.678393205228687,0.0007895829006836679,0.9858042631986126,0.9834589747715929,0.98
228,239,10.0,177.86250725659664,2.097040387615442e-06,-5.678393205228687,0.0007895829006836679,0.9858042631986126,0.9834589747715929,0.981
228,239,10.0,177.86250725659664,2.097040387615442e-06,-5.678393205228687,0.0007895829006836679,0.9858042631986126,0.9834589747715929,0.982
228,239,10.0,177.86250725659664,2.097040387615442e-06,-5.678393205228687,0.0007895829006836679,0.9858042631986126,0.9834589747715929,0.983
230,241,10.0,158.05604288964872,1.3557628629838635e-06,-5.867816266445218,0.0009557422216625684,0.9883895615758999,0.985835610636734,0.984
230,241,10.0,158.05604288964872,1.3557628629838635e-06,-5.867816266445218,0.0009557422216625684,0.9883895615758999,0.985835610636734,0.985
235,246,10.0,117.6085857465484,3.4613993408300386e-07,-6.460748293362872,0.0014648455957807236,0.9930840707193392,0.9894934266271053,0.986
235,246,10.0,117.6085857465484,3.4613993408300386e-07,-6.460748293362872,0.0014648455957807236,0.9930840707193392,0.9894934266271053,0.987
235,246,10.0,117.6085857465484,3.4613993408300386e-07,-6.460748293362872,0.0014648455957807236,0.9930840707193392,0.9894934266271053,0.988
235,246,10.0,117.6085857465484,3.4613993408300386e-07,-6.460748293362872,0.0014648455957807236,0.9930840707193392,0.9894934266271053,0.989
236,247,10.0,111.2035895233657,2.5366801136685516e-07,-6.5957342957375635,0.0015842462396463734,0.9955065345553596,0.9919863254411673,0.99
236,247,10.0,111.2035895233657,2.5366801136685516e-07,-6.5957342957375635,0.0015842462396463734,0.9955065345553596,0.9919863254411673,0.991
244,255,10.0,79.06157656135453,2.40631249913001e-08,-7.618647973074784,0.0027391200265713175,0.9976310252825399,0.9929743191423448,0.992
245,256,10.0,75.6443323126263,1.655188172222121e-08,-7.781152625747964,0.0029493062231904844,0.9981985025837531,0.9930148594994782,0.993
252,263,10.0,62.96429878036744,2.826010206917902e-09,-8.548826273909924,0.004470671565111608,0.9992571519173707,0.9947582525265192,0.994
260,271,10.0,55.63765972356243,6.81062773880029e-10,-9.166812857113245,0.006895633677266049,0.9996484613616209,0.9950019892320572,0.995
268,279,10.0,51.1631440368178,2.272387941170996e-10,-9.643517524049237,0.01053303512902326,0.9999517808378856,0.9962857691019514,0.996
291,302,10.0,47.80781866727537,8.412316371250732e-11,-10.075084402687482,0.03192980323169347,0.9999055591129885,0.9970227120259264,0.997
315,327,10.0,52.802107757983336,3.9955121264109344e-10,-9.398427546908259,0.07990494521413033,0.9997174477230422,0.998063100665454,0.998
342,356,10.0,62.922139003562854,5.0901750801582515e-09,-8.293267279541642,0.16457075787122916,0.9993964215008768,0.9993249572042794,0.999
221,233,11.0,327.2348235505699,1.004347083581221e-05,-4.998116177195754,4.834035319556385e-05,0.9460178579788655,0.9422665515031599,0.9
221,233,11.0,327.2348235505699,1.004347083581221e-05,-4.998116177195754,4.834035319556385e-05,0.9460178579788655,0.9422665515031599,0.901
221,233,11.0,327.2348235505699,1.004347083581221e-05,-4.998116177195754,4.834035319556385e-05,0.9460178579788655,0.9422665515031599,0.902
221,233,11.0,327.2348235505699,1.004347083581221e-05,-4.998116177195754,4.834035319556385e-05,0.9460178579788655,0.9422665515031599,0.903
221,233,11.0,327.2348235505699,1.004347083581221e-05,-4.998116177195754,4.834035319556385e-05,0.9460178579788655,0.9422665515031599,0.904
221,233,11.0,327.2348235505699,1.004347083581221e-05,-4.998116177195754,4.834035319556385e-05,0.9460178579788655,0.9422665515031599,0.905
221,233,11.0,327.2348235505699,1.004347083581221e-05,-4.998116177195754,4.834035319556385e-05,0.9460178579788655,0.9422665515031599,0.906
221,233,11.0,327.2348235505699,1.004347083581221e-05,-4.998116177195754,4.834035319556385e-05,0.9460178579788655,0.9422665515031599,0.907
221,233,11.0,327.2348235505699,1.004347083581221e-05,-4.998116177195754,4.834035319556385e-05,0.9460178579788655,0.9422665515031599,0.908
221,233,11.0,327.2348235505699,1.004347083581221e-05,-4.998116177195754,4.834035319556385e-05,0.9460178579788655,0.9422665515031599,0.909
221,233,11.0,327.2348235505699,1.004347083581221e-05,-4.998116177195754,4.834035319556385e-05,0.9460178579788655,0.9422665515031599,0.91
221,233,11.0,327.2348235505699,1.004347083581221e-05,-4.998116177195754,4.834035319556385e-05,0.9460178579788655,0.9422665515031599,0.911
221,233,11.0,327.2348235505699,1.004347083581221e-05,-4.998116177195754,4.834035319556385e-05,0.9460178579788655,0.9422665515031599,0.912
221,233,11.0,327.2348235505699,1.004347083581221e-05,-4.998116177195754,4.834035319556385e-05,0.9460178579788655,0.9422665515031599,0.913
221,233,11.0,327.2348235505699,1.004347083581221e-05,-4.998116177195754,4.834035319556385e-05,0.9460178579788655,0.9422665515031599,0.914
221,233,11.0,327.2348235505699,1.004347083581221e-05,-4.998116177195754,4.834035319556385e-05,0.9460178579788655,0.9422665515031599,0.915
221,233,11.0,327.2348235505699,1.004347083581221e-05,-4.998116177195754,4.834035319556385e-05,0.9460178579788655,0.9422665515031599,0.916
221,233,11.0,327.2348235505699,1.004347083581221e-05,-4.998116177195754,4.834035319556385e-05,0.9460178579788655,0.9422665515031599,0.917
221,233,11.0,327.2348235505699,1.004347083581221e-05,-4.998116177195754,4.834035319556385e-05,0.9460178579788655,0.9422665515031599,0.918
221,233,11.0,327.2348235505699,1.004347083581221e-05,-4.998116177195754,4.834035319556385e-05,0.9460178579788655,0.9422665515031599,0.919
221,233,11.0,327.2348235505699,1.004347083581221e-05,-4.998116177195754,4.834035319556385e-05,0.9460178579788655,0.9422665515031599,0.92
221,233,11.0,327.2348235505699,1.004347083581221e-05,-4.998116177195754,4.834035319556385e-05,0.9460178579788655,0.9422665515031599,0.921
221,233,11.0,327.2348235505699,1.004347083581221e-05,-4.998116177195754,4.834035319556385e-05,0.9460178579788655,0.9422665515031599,0.922
221,233,11.0,327.2348235505699,1.004347083581221e-05,-4.998116177195754,4.834035319556385e-05,0.9460178579788655,0.9422665515031599,0.923
221,233,11.0,327.2348235505699,1.004347083581221e-05,-4.998116177195754,4.834035319556385e-05,0.9460178579788655,0.9422665515031599,0.924
221,233,11.0,327.2348235505699,1.004347083581221e-05,-4.998116177195754,4.834035319556385e-05,0.9460178579788655,0.9422665515031599,0.925
221,233,11.0,327.2348235505699,1.004347083581221e-05,-4.998116177195754,4.834035319556385e-05,0.9460178579788655,0.9422665515031599,0.926
221,233,11.0,327.2348235505699,1.004347083581221e-05,-4.998116177195754,4.834035319556385e-05,0.9460178579788655,0.9422665515031599,0.927
221,233,11.0,327.2348235505699,1.004347083581221e-05,-4.998116177195754,4.834035319556385e-05,0.9460178579788655,0.9422665515031599,0.928
221,233,11.0,327.2348235505699,1.004347083581221e-05,-4.998116177195754,4.834035319556385e-05,0.9460178579788655,0.9422665515031599,0.929
221,233,11.0,327.2348235505699,1.004347083581221e-05,-4.998116177195754,4.834035319556385e-05,0.9460178579788655,0.9422665515031599,0.93
221,233,11.0,327.2348235505699,1.004347083581221e-05,-4.998116177195754,4.834035319556385e-05,0.9460178579788655,0.9422665515031599,0.931
221,233,11.0,327.2348235505699,1.004347083581221e-05,-4.998116177195754,4.834035319556385e-05,0.9460178579788655,0.9422665515031599,0.932
221,233,11.0,327.2348235505699,1.004347083581221e-05,-4.998116177195754,4.834035319556385e-05,0.9460178579788655,0.9422665515031599,0.933
221,233,11.0,327.2348235505699,1.004347083581221e-05,-4.998116177195754,4.834035319556385e-05,0.9460178579788655,0.9422665515031599,0.934
221,233,11.0,327.2348235505699,1.004347083581221e-05,-4.998116177195754,4.834035319556385e-05,0.9460178579788655,0.9422665515031599,0.935
221,233,11.0,327.2348235505699,1.004347083581221e-05,-4.998116177195754,4.834035319556385e-05,0.9460178579788655,0.9422665515031599,0.936
221,233,11.0,327.2348235505699,1.004347083581221e-05,-4.998116177195754,4.834035319556385e-05,0.9460178579788655,0.9422665515031599,0.937
221,233,11.0,327.2348235505699,1.004347083581221e-05,-4.998116177195754,4.834035319556385e-05,0.9460178579788655,0.9422665515031599,0.9380000000000001
221,233,11.0,327.2348235505699,1.004347083581221e-05,-4.998116177195754,4.834035319556385e-05,0.9460178579788655,0.9422665515031599,0.9390000000000001
221,233,11.0,327.2348235505699,1.004347083581221e-05,-4.998116177195754,4.834035319556385e-05,0.9460178579788655,0.9422665515031599,0.9400000000000001
221,233,11.0,327.2348235505699,1.004347083581221e-05,-4.998116177195754,4.834035319556385e-05,0.9460178579788655,0.9422665515031599,0.9410000000000001
221,233,11.0,327.2348235505699,1.004347083581221e-05,-4.998116177195754,4.834035319556385e-05,0.9460178579788655,0.9422665515031599,0.9420000000000001
220,232,11.0,369.60176221477144,1.2390115992755745e-05,-4.906924627863003,9.891854994640979e-05,0.9482206494016219,0.9454048487504357,0.9430000000000001
220,232,11.0,369.60176221477144,1.2390115992755745e-05,-4.906924627863003,9.891854994640979e-05,0.9482206494016219,0.9454048487504357,0.9440000000000001
220,232,11.0,369.60176221477144,1.2390115992755745e-05,-4.906924627863003,9.891854994640979e-05,0.9482206494016219,0.9454048487504357,0.9450000000000001
32,44,11.0,49.63174992610911,1.0763246844020325e-07,-6.968056699511943,0.00014273402606690787,0.9633795632178239,0.9498862261196168,0.9460000000000001
32,44,11.0,49.63174992610911,1.0763246844020325e-07,-6.968056699511943,0.00014273402606690787,0.9633795632178239,0.9498862261196168,0.9470000000000001
32,44,11.0,49.63174992610911,1.0763246844020325e-07,-6.968056699511943,0.00014273402606690787,0.9633795632178239,0.9498862261196168,0.9480000000000001
32,44,11.0,49.63174992610911,1.0763246844020325e-07,-6.968056699511943,0.00014273402606690787,0.9633795632178239,0.9498862261196168,0.9490000000000001
55,67,11.0,62.788376022844055,2.2263599613421798e-07,-6.652404616916787,0.00026232398528545795,0.9554357334146101,0.9564132009535977,0.9500000000000001
55,67,11.0,62.788376022844055,2.2263599613421798e-07,-6.652404616916787,0.00026232398528545795,0.9554357334146101,0.9564132009535977,0.9510000000000001
55,67,11.0,62.788376022844055,2.2263599613421798e-07,-6.652404616916787,0.00026232398528545795,0.9554357334146101,0.9564132009535977,0.9520000000000001
55,67,11.0,62.788376022844055,2.2263599613421798e-07,-6.652404616916787,0.00026232398528545795,0.9554357334146101,0.9564132009535977,0.9530000000000001
55,67,11.0,62.788376022844055,2.2263599613421798e-07,-6.652404616916787,0.00026232398528545795,0.9554357334146101,0.9564132009535977,0.9540000000000001
55,67,11.0,62.788376022844055,2.2263599613421798e-07,-6.652404616916787,0.00026232398528545795,0.9554357334146101,0.9564132009535977,0.9550000000000001
60,72,11.0,47.39488543234702,6.92426389871554e-08,-7.159626388576554,0.00044982515529585766,0.9768754274078981,0.9616844782153825,0.9560000000000001
60,72,11.0,47.39488543234702,6.92426389871554e-08,-7.159626388576554,0.00044982515529585766,0.9768754274078981,0.9616844782153825,0.9570000000000001
60,72,11.0,47.39488543234702,6.92426389871554e-08,-7.159626388576554,0.00044982515529585766,0.9768754274078981,0.9616844782153825,0.9580000000000001
60,72,11.0,47.39488543234702,6.92426389871554e-08,-7.159626388576554,0.00044982515529585766,0.9768754274078981,0.9616844782153825,0.9590000000000001
60,72,11.0,47.39488543234702,6.92426389871554e-08,-7.159626388576554,0.00044982515529585766,0.9768754274078981,0.9616844782153825,0.96
60,72,11.0,47.39488543234702,6.92426389871554e-08,-7.159626388576554,0.00044982515529585766,0.9768754274078981,0.9616844782153825,0.9610000000000001
61,73,11.0,43.9564700827575,4.714378146522921e-08,-7.32657558507821,0.0005113919128556468,0.9817938703390138,0.9646592572723584,0.962
61,73,11.0,43.9564700827575,4.714378146522921e-08,-7.32657558507821,0.0005113919128556468,0.9817938703390138,0.9646592572723584,0.9630000000000001
61,73,11.0,43.9564700827575,4.714378146522921e-08,-7.32657558507821,0.0005113919128556468,0.9817938703390138,0.9646592572723584,0.964
227,239,11.0,189.3609064544487,2.59192211590356e-06,-5.586378052624554,0.0007146628751503927,0.9742126220569474,0.9708731239595266,0.9650000000000001
227,239,11.0,189.3609064544487,2.59192211590356e-06,-5.586378052624554,0.0007146628751503927,0.9742126220569474,0.9708731239595266,0.966
227,239,11.0,189.3609064544487,2.59192211590356e-06,-5.586378052624554,0.0007146628751503927,0.9742126220569474,0.9708731239595266,0.9670000000000001
227,239,11.0,189.3609064544487,2.59192211590356e-06,-5.586378052624554,0.0007146628751503927,0.9742126220569474,0.9708731239595266,0.968
227,239,11.0,189.3609064544487,2.59192211590356e-06,-5.586378052624554,0.0007146628751503927,0.9742126220569474,0.9708731239595266,0.9690000000000001
227,239,11.0,189.3609064544487,2.59192211590356e-06,-5.586378052624554,0.0007146628751503927,0.9742126220569474,0.9708731239595266,0.97
228,240,11.0,169.8872280457592,1.7838061817123054e-06,-5.748652335377844,0.000851770737227223,0.983462146534658,0.9791452840307532,0.9710000000000001
228,240,11.0,169.8872280457592,1.7838061817123054e-06,-5.748652335377844,0.000851770737227223,0.983462146534658,0.9791452840307532,0.972
228,240,11.0,169.8872280457592,1.7838061817123054e-06,-5.748652335377844,0.000851770737227223,0.983462146534658,0.9791452840307532,0.973
228,240,11.0,169.8872280457592,1.7838061817123054e-06,-5.748652335377844,0.000851770737227223,0.983462146534658,0.9791452840307532,0.974
228,240,11.0,169.8872280457592,1.7838061817123054e-06,-5.748652335377844,0.000851770737227223,0.983462146534658,0.9791452840307532,0.975
228,240,11.0,169.8872280457592,1.7838061817123054e-06,-5.748652335377844,0.000851770737227223,0.983462146534658,0.9791452840307532,0.976
228,240,11.0,169.8872280457592,1.7838061817123054e-06,-5.748652335377844,0.000851770737227223,0.983462146534658,0.9791452840307532,0.977
228,240,11.0,169.8872280457592,1.7838061817123054e-06,-5.748652335377844,0.000851770737227223,0.983462146534658,0.9791452840307532,0.978
228,240,11.0,169.8872280457592,1.7838061817123054e-06,-5.748652335377844,0.000851770737227223,0.983462146534658,0.9791452840307532,0.979
229,241,11.0,164.51175238909482,1.5834182757478336e-06,-5.800404346758545,0.000902637587980809,0.9848879201406132,0.9813255607345787,0.98
229,241,11.0,164.51175238909482,1.5834182757478336e-06,-5.800404346758545,0.000902637587980809,0.9848879201406132,0.9813255607345787,0.981
230,242,11.0,152.40084371084887,1.172786882300456e-06,-5.930780900288544,0.0010109962110837292,0.9874850071080187,0.9833328464755455,0.982
230,242,11.0,152.40084371084887,1.172786882300456e-06,-5.930780900288544,0.0010109962110837292,0.9874850071080187,0.9833328464755455,0.983
234,246,11.0,121.98800055419635,4.203931161067598e-07,-6.37634440411222,0.0013994184049545687,0.9897278462260859,0.984847604224308,0.984
235,247,11.0,114.74676757058917,3.0291466622903664e-07,-6.518679698908335,0.001521715249822432,0.9929734373440803,0.9882320286406319,0.985
235,247,11.0,114.74676757058917,3.0291466622903664e-07,-6.518679698908335,0.001521715249822432,0.9929734373440803,0.9882320286406319,0.986
235,247,11.0,114.74676757058917,3.0291466622903664e-07,-6.518679698908335,0.001521715249822432,0.9929734373440803,0.9882320286406319,0.987
235,247,11.0,114.74676757058917,3.0291466622903664e-07,-6.518679698908335,0.001521715249822432,0.9929734373440803,0.9882320286406319,0.988
236,248,11.0,108.72169229755686,2.2283427316563187e-07,-6.652018011424784,0.0016425849247907094,0.9950429716665089,0.9903100773980295,0.989
236,248,11.0,108.72169229755686,2.2283427316563187e-07,-6.652018011424784,0.0016425849247907094,0.9950429716665089,0.9903100773980295,0.99
245,257,11.0,74.83067648221963,1.5071202376321493e-08,-7.821852098410575,0.0030318136401170396,0.9982577859074004,0.992466899290644,0.991
245,257,11.0,74.83067648221963,1.5071202376321493e-08,-7.821852098410575,0.0030318136401170396,0.9982577859074004,0.992466899290644,0.992
253,265,11.0,61.174765646339765,2.0682545569633474e-09,-8.684396010123104,0.004874149246039851,0.9991416185528446,0.9931105598829939,0.993
267,279,11.0,51.514332888270786,2.4984712158104253e-10,-9.602325649578091,0.010259076362494107,0.9998061740762807,0.9946436229603173,0.994
268,280,11.0,51.19460966429978,2.291696118884956e-10,-9.639842970753934,0.010770253043089258,0.999961560672552,0.9956497489060876,0.995
289,301,11.0,47.55931380226008,7.743855408583968e-11,-10.111042764666651,0.03002240902290391,0.9999382455681309,0.9960128250190682,0.996
313,326,11.0,52.29754401389175,3.4471501806972857e-10,-9.462539795435298,0.07631702653110843,0.9998501768426884,0.9970411074018899,0.997
329,343,11.0,57.67374765958383,1.4901604773658024e-09,-8.826766959318222,0.12258271328271608,0.9997797158193545,0.9981650280098304,0.998
342,357,11.0,63.22154371401074,5.429613911060596e-09,-8.265231051121527,0.1659817822079592,0.999402357589545,0.9991382156406687,0.999
220,233,12.0,342.3015242141286,1.0896487547962538e-05,-4.962713473102662,6.048486387969865e-06,0.9462311642595481,0.9420580275443458,0.9
220,233,12.0,342.3015242141286,1.0896487547962538e-05,-4.962713473102662,6.048486387969865e-06,0.9462311642595481,0.9420580275443458,0.901
220,233,12.0,342.3015242141286,1.0896487547962538e-05,-4.962713473102662,6.048486387969865e-06,0.9462311642595481,0.9420580275443458,0.902
220,233,12.0,342.3015242141286,1.0896487547962538e-05,-4.962713473102662,6.048486387969865e-06,0.9462311642595481,0.9420580275443458,0.903
220,233,12.0,342.3015242141286,1.0896487547962538e-05,-4.962713473102662,6.048486387969865e-06,0.9462311642595481,0.9420580275443458,0.904
220,233,12.0,342.3015242141286,1.0896487547962538e-05,-4.962713473102662,6.048486387969865e-06,0.9462311642595481,0.9420580275443458,0.905
220,233,12.0,342.3015242141286,1.0896487547962538e-05,-4.962713473102662,6.048486387969865e-06,0.9462311642595481,0.9420580275443458,0.906
220,233,12.0,342.3015242141286,1.0896487547962538e-05,-4.962713473102662,6.048486387969865e-06,0.9462311642595481,0.9420580275443458,0.907
220,233,12.0,342.3015242141286,1.0896487547962538e-05,-4.962713473102662,6.048486387969865e-06,0.9462311642595481,0.9420580275443458,0.908
220,233,12.0,342.3015242141286,1.0896487547962538e-05,-4.962713473102662,6.048486387969865e-06,0.9462311642595481,0.9420580275443458,0.909
220,233,12.0,342.3015242141286,1.0896487547962538e-05,-4.962713473102662,6.048486387969865e-06,0.9462311642595481,0.9420580275443458,0.91
220,233,12.0,342.3015242141286,1.0896487547962538e-05,-4.962713473102662,6.048486387969865e-06,0.9462311642595481,0.9420580275443458,0.911
220,233,12.0,342.3015242141286,1.0896487547962538e-05,-4.962713473102662,6.048486387969865e-06,0.9462311642595481,0.9420580275443458,0.912
220,233,12.0,342.3015242141286,1.0896487547962538e-05,-4.962713473102662,6.048486387969865e-06,0.9462311642595481,0.9420580275443458,0.913
220,233,12.0,342.3015242141286,1.0896487547962538e-05,-4.962713473102662,6.048486387969865e-06,0.9462311642595481,0.9420580275443458,0.914
220,233,12.0,342.3015242141286,1.0896487547962538e-05,-4.962713473102662,6.048486387969865e-06,0.9462311642595481,0.9420580275443458,0.915
220,233,12.0,342.3015242141286,1.0896487547962538e-05,-4.962713473102662,6.048486387969865e-06,0.9462311642595481,0.9420580275443458,0.916
220,233,12.0,342.3015242141286,1.0896487547962538e-05,-4.962713473102662,6.048486387969865e-06,0.9462311642595481,0.9420580275443458,0.917
220,233,12.0,342.3015242141286,1.0896487547962538e-05,-4.962713473102662,6.048486387969865e-06,0.9462311642595481,0.9420580275443458,0.918
220,233,12.0,342.3015242141286,1.0896487547962538e-05,-4.962713473102662,6.048486387969865e-06,0.9462311642595481,0.9420580275443458,0.919
220,233,12.0,342.3015242141286,1.0896487547962538e-05,-4.962713473102662,6.048486387969865e-06,0.9462311642595481,0.9420580275443458,0.92
220,233,12.0,342.3015242141286,1.0896487547962538e-05,-4.962713473102662,6.048486387969865e-06,0.9462311642595481,0.9420580275443458,0.921
220,233,12.0,342.3015242141286,1.0896487547962538e-05,-4.962713473102662,6.048486387969865e-06,0.9462311642595481,0.9420580275443458,0.922
220,233,12.0,342.3015242141286,1.0896487547962538e-05,-4.962713473102662,6.048486387969865e-06,0.9462311642595481,0.9420580275443458,0.923
220,233,12.0,342.3015242141286,1.0896487547962538e-05,-4.962713473102662,6.048486387969865e-06,0.9462311642595481,0.9420580275443458,0.924
220,233,12.0,342.3015242141286,1.0896487547962538e-05,-4.962713473102662,6.048486387969865e-06,0.9462311642595481,0.9420580275443458,0.925
220,233,12.0,342.3015242141286,1.0896487547962538e-05,-4.962713473102662,6.048486387969865e-06,0.9462311642595481,0.9420580275443458,0.926
220,233,12.0,342.3015242141286,1.0896487547962538e-05,-4.962713473102662,6.048486387969865e-06,0.9462311642595481,0.9420580275443458,0.927
220,233,12.0,342.3015242141286,1.0896487547962538e-05,-4.962713473102662,6.048486387969865e-06,0.9462311642595481,0.9420580275443458,0.928
220,233,12.0,342.3015242141286,1.0896487547962538e-05,-4.962713473102662,6.048486387969865e-06,0.9462311642595481,0.9420580275443458,0.929
220,233,12.0,342.3015242141286,1.0896487547962538e-05,-4.962713473102662,6.048486387969865e-06,0.9462311642595481,0.9420580275443458,0.93
220,233,12.0,342.3015242141286,1.0896487547962538e-05,-4.962713473102662,6.048486387969865e-06,0.9462311642595481,0.9420580275443458,0.931
220,233,12.0,342.3015242141286,1.0896487547962538e-05,-4.962713473102662,6.048486387969865e-06,0.9462311642595481,0.9420580275443458,0.932
220,233,12.0,342.3015242141286,1.0896487547962538e-05,-4.962713473102662,6.048486387969865e-06,0.9462311642595481,0.9420580275443458,0.933
220,233,12.0,342.3015242141286,1.0896487547962538e-05,-4.962713473102662,6.048486387969865e-06,0.9462311642595481,0.9420580275443458,0.934
220,233,12.0,342.3015242141286,1.0896487547962538e-05,-4.962713473102662,6.048486387969865e-06,0.9462311642595481,0.9420580275443458,0.935
220,233,12.0,342.3015242141286,1.0896487547962538e-05,-4.962713473102662,6.048486387969865e-06,0.9462311642595481,0.9420580275443458,0.936
220,233,12.0,342.3015242141286,1.0896487547962538e-05,-4.962713473102662,6.048486387969865e-06,0.9462311642595481,0.9420580275443458,0.937
220,233,12.0,342.3015242141286,1.0896487547962538e-05,-4.962713473102662,6.048486387969865e-06,0.9462311642595481,0.9420580275443458,0.9380000000000001
220,233,12.0,342.3015242141286,1.0896487547962538e-05,-4.962713473102662,6.048486387969865e-06,0.9462311642595481,0.9420580275443458,0.9390000000000001
220,233,12.0,342.3015242141286,1.0896487547962538e-05,-4.962713473102662,6.048486387969865e-06,0.9462311642595481,0.9420580275443458,0.9400000000000001
220,233,12.0,342.3015242141286,1.0896487547962538e-05,-4.962713473102662,6.048486387969865e-06,0.9462311642595481,0.9420580275443458,0.9410000000000001
220,233,12.0,342.3015242141286,1.0896487547962538e-05,-4.962713473102662,6.048486387969865e-06,0.9462311642595481,0.9420580275443458,0.9420000000000001
52,65,12.0,67.11648568218239,2.783374834911507e-07,-6.5554283036293475,0.00022000425803310139,0.9449208344580545,0.9528958477325128,0.9430000000000001
52,65,12.0,67.11648568218239,2.783374834911507e-07,-6.5554283036293475,0.00022000425803310139,0.9449208344580545,0.9528958477325128,0.9440000000000001
218,231,12.0,441.1135126744724,1.6108256913629845e-05,-4.792951452364706,0.00031266510552070833,0.9473323959879977,0.9459710782767482,0.9450000000000001
59,72,12.0,49.98196964024071,8.955902022885829e-08,-7.047890666226637,0.0004205417951533387,0.9693659796947648,0.9504153776727123,0.9460000000000001
59,72,12.0,49.98196964024071,8.955902022885829e-08,-7.047890666226637,0.0004205417951533387,0.9693659796947648,0.9504153776727123,0.9470000000000001
59,72,12.0,49.98196964024071,8.955902022885829e-08,-7.047890666226637,0.0004205417951533387,0.9693659796947648,0.9504153776727123,0.9480000000000001
59,72,12.0,49.98196964024071,8.955902022885829e-08,-7.047890666226637,0.0004205417951533387,0.9693659796947648,0.9504153776727123,0.9490000000000001
59,72,12.0,49.98196964024071,8.955902022885829e-08,-7.047890666226637,0.0004205417951533387,0.9693659796947648,0.9504153776727123,0.9500000000000001
224,237,12.0,235.52436935004047,4.892250838251908e-06,-5.310491283672578,0.0004462821181262825,0.9647839018327673,0.9616352078914788,0.9510000000000001
224,237,12.0,235.52436935004047,4.892250838251908e-06,-5.310491283672578,0.0004462821181262825,0.9647839018327673,0.9616352078914788,0.9520000000000001
224,237,12.0,235.52436935004047,4.892250838251908e-06,-5.310491283672578,0.0004462821181262825,0.9647839018327673,0.9616352078914788,0.9530000000000001
224,237,12.0,235.52436935004047,4.892250838251908e-06,-5.310491283672578,0.0004462821181262825,0.9647839018327673,0.9616352078914788,0.9540000000000001
224,237,12.0,235.52436935004047,4.892250838251908e-06,-5.310491283672578,0.0004462821181262825,0.9647839018327673,0.9616352078914788,0.9550000000000001
224,237,12.0,235.52436935004047,4.892250838251908e-06,-5.310491283672578,0.0004462821181262825,0.9647839018327673,0.9616352078914788,0.9560000000000001
224,237,12.0,235.52436935004047,4.892250838251908e-06,-5.310491283672578,0.0004462821181262825,0.9647839018327673,0.9616352078914788,0.9570000000000001
224,237,12.0,235.52436935004047,4.892250838251908e-06,-5.310491283672578,0.0004462821181262825,0.9647839018327673,0.9616352078914788,0.9580000000000001
224,237,12.0,235.52436935004047,4.892250838251908e-06,-5.310491283672578,0.0004462821181262825,0.9647839018327673,0.9616352078914788,0.9590000000000001
224,237,12.0,235.52436935004047,4.892250838251908e-06,-5.310491283672578,0.0004462821181262825,0.9647839018327673,0.9616352078914788,0.96
224,237,12.0,235.52436935004047,4.892250838251908e-06,-5.310491283672578,0.0004462821181262825,0.9647839018327673,0.9616352078914788,0.9610000000000001
227,240,12.0,179.99046754357505,2.1908874262358644e-06,-5.659379937099543,0.0007811062476794627,0.9729692115506315,0.967711081890351,0.962
227,240,12.0,179.99046754357505,2.1908874262358644e-06,-5.659379937099543,0.0007811062476794627,0.9729692115506315,0.967711081890351,0.9630000000000001
227,240,12.0,179.99046754357505,2.1908874262358644e-06,-5.659379937099543,0.0007811062476794627,0.9729692115506315,0.967711081890351,0.964
227,240,12.0,179.99046754357505,2.1908874262358644e-06,-5.659379937099543,0.0007811062476794627,0.9729692115506315,0.967711081890351,0.9650000000000001
227,240,12.0,179.99046754357505,2.1908874262358644e-06,-5.659379937099543,0.0007811062476794627,0.9729692115506315,0.967711081890351,0.966
227,240,12.0,179.99046754357505,2.1908874262358644e-06,-5.659379937099543,0.0007811062476794627,0.9729692115506315,0.967711081890351,0.9670000000000001
228,241,12.0,167.4030334164047,1.6906993885017256e-06,-5.771933604419202,0.0008759416013552449,0.9865685002103903,0.9825614385443329,0.968
228,241,12.0,167.4030334164047,1.6906993885017256e-06,-5.771933604419202,0.0008759416013552449,0.9865685002103903,0.9825614385443329,0.9690000000000001
228,241,12.0,167.4030334164047,1.6906993885017256e-06,-5.771933604419202,0.0008759416013552449,0.9865685002103903,0.9825614385443329,0.97
228,241,12.0,167.4030334164047,1.6906993885017256e-06,-5.771933604419202,0.0008759416013552449,0.9865685002103903,0.9825614385443329,0.9710000000000001
228,241,12.0,167.4030334164047,1.6906993885017256e-06,-5.771933604419202,0.0008759416013552449,0.9865685002103903,0.9825614385443329,0.972
228,241,12.0,167.4030334164047,1.6906993885017256e-06,-5.771933604419202,0.0008759416013552449,0.9865685002103903,0.9825614385443329,0.973
228,241,12.0,167.4030334164047,1.6906993885017256e-06,-5.771933604419202,0.0008759416013552449,0.9865685002103903,0.9825614385443329,0.974
228,241,12.0,167.4030334164047,1.6906993885017256e-06,-5.771933604419202,0.0008759416013552449,0.9865685002103903,0.9825614385443329,0.975
228,241,12.0,167.4030334164047,1.6906993885017256e-06,-5.771933604419202,0.0008759416013552449,0.9865685002103903,0.9825614385443329,0.976
228,241,12.0,167.4030334164047,1.6906993885017256e-06,-5.771933604419202,0.0008759416013552449,0.9865685002103903,0.9825614385443329,0.977
228,241,12.0,167.4030334164047,1.6906993885017256e-06,-5.771933604419202,0.0008759416013552449,0.9865685002103903,0.9825614385443329,0.978
228,241,12.0,167.4030334164047,1.6906993885017256e-06,-5.771933604419202,0.0008759416013552449,0.9865685002103903,0.9825614385443329,0.979
228,241,12.0,167.4030334164047,1.6906993885017256e-06,-5.771933604419202,0.0008759416013552449,0.9865685002103903,0.9825614385443329,0.98
228,241,12.0,167.4030334164047,1.6906993885017256e-06,-5.771933604419202,0.0008759416013552449,0.9865685002103903,0.9825614385443329,0.981
228,241,12.0,167.4030334164047,1.6906993885017256e-06,-5.771933604419202,0.0008759416013552449,0.9865685002103903,0.9825614385443329,0.982
234,247,12.0,118.72491970188416,3.649695114510416e-07,-6.437743413794531,0.0014578018814006464,0.9897535569202748,0.9837362982678227,0.983
235,248,12.0,111.97708625941823,2.644616890408252e-07,-6.5776372326769925,0.0015808341053269032,0.9926202219211975,0.9866777753390916,0.984
235,248,12.0,111.97708625941823,2.644616890408252e-07,-6.5776372326769925,0.0015808341053269032,0.9926202219211975,0.9866777753390916,0.985
235,248,12.0,111.97708625941823,2.644616890408252e-07,-6.5776372326769925,0.0015808341053269032,0.9926202219211975,0.9866777753390916,0.986
240,253,12.0,88.05556433622101,5.5861718604204665e-08,-7.252885707216445,0.0022742732216070954,0.9953910412259561,0.9882630740852261,0.987
240,253,12.0,88.05556433622101,5.5861718604204665e-08,-7.252885707216445,0.0022742732216070954,0.9953910412259561,0.9882630740852261,0.988
242,255,12.0,82.08800119125965,3.2688835915739574e-08,-7.485600544833285,0.00257624761653951,0.9962244593777357,0.9891671658754232,0.989
245,258,12.0,73.63149881887261,1.30753323142e-08,-7.883547264572405,0.003138006887267449,0.9977333459298806,0.9903247246180908,0.99
250,263,12.0,64.5164664842844,3.6578480371697814e-09,-8.436774340956237,0.004229890802227776,0.99860414542648,0.991532966198846,0.991
254,267,12.0,59.59934388739914,1.5445916341970927e-09,-8.811186321713029,0.00530491074829975,0.9992132607281355,0.9920298508892003,0.992
266,279,12.0,51.71589243695024,2.6365645744235134e-10,-9.578961587513867,0.010016454729160419,0.9997908021019754,0.9934671523965932,0.993
267,280,12.0,51.4913271979951,2.483288188899358e-10,-9.604972877068057,0.010501242144290197,0.9998469540175894,0.9940346053158191,0.994
288,301,12.0,47.458922744498715,7.486571384741005e-11,-10.12571703004416,0.029428830042283326,0.9999356330658115,0.9952807017674649,0.995
306,320,12.0,50.829761284483176,2.2145182753246557e-10,-9.654720731346753,0.060938319330116446,0.9998852459594284,0.996000941798483,0.996
318,333,12.0,54.47154091577537,6.403127564927516e-10,-9.193607845951524,0.09122000329831662,0.9997076205332109,0.9971311008101631,0.997
339,355,12.0,62.13008687366117,4.275852527386385e-09,-8.36897728186522,0.15778811757771669,0.9996545606961508,0.9982139849509523,0.998
368,387,12.0,75.2423920948915,5.0517639230029264e-08,-7.296556952917324,0.2658092989304262,0.9995948370488228,0.9991737516537584,0.999
220,234,13.0,316.3177143596105,9.444162167499942e-06,-5.024836564176359,8.94026606281109e-05,0.9417147163306685,0.9360653056239876,0.9
220,234,13.0,316.3177143596105,9.444162167499942e-06,-5.024836564176359,8.94026606281109e-05,0.9417147163306685,0.9360653056239876,0.901
220,234,13.0,316.3177143596105,9.444162167499942e-06,-5.024836564176359,8.94026606281109e-05,0.9417147163306685,0.9360653056239876,0.902
220,234,13.0,316.3177143596105,9.444162167499942e-06,-5.024836564176359,8.94026606281109e-05,0.9417147163306685,0.9360653056239876,0.903
220,234,13.0,316.3177143596105,9.444162167499942e-06,-5.024836564176359,8.94026606281109e-05,0.9417147163306685,0.9360653056239876,0.904
220,234,13.0,316.3177143596105,9.444162167499942e-06,-5.024836564176359,8.94026606281109e-05,0.9417147163306685,0.9360653056239876,0.905
220,234,13.0,316.3177143596105,9.444162167499942e-06,-5.024836564176359,8.94026606281109e-05,0.9417147163306685,0.9360653056239876,0.906
220,234,13.0,316.3177143596105,9.444162167499942e-06,-5.024836564176359,8.94026606281109e-05,0.9417147163306685,0.9360653056239876,0.907
220,234,13.0,316.3177143596105,9.444162167499942e-06,-5.024836564176359,8.94026606281109e-05,0.9417147163306685,0.9360653056239876,0.908
220,234,13.0,316.3177143596105,9.444162167499942e-06,-5.024836564176359,8.94026606281109e-05,0.9417147163306685,0.9360653056239876,0.909
220,234,13.0,316.3177143596105,9.444162167499942e-06,-5.024836564176359,8.94026606281109e-05,0.9417147163306685,0.9360653056239876,0.91
220,234,13.0,316.3177143596105,9.444162167499942e-06,-5.024836564176359,8.94026606281109e-05,0.9417147163306685,0.9360653056239876,0.911
220,234,13.0,316.3177143596105,9.444162167499942e-06,-5.024836564176359,8.94026606281109e-05,0.9417147163306685,0.9360653056239876,0.912
220,234,13.0,316.3177143596105,9.444162167499942e-06,-5.024836564176359,8.94026606281109e-05,0.9417147163306685,0.9360653056239876,0.913
220,234,13.0,316.3177143596105,9.444162167499942e-06,-5.024836564176359,8.94026606281109e-05,0.9417147163306685,0.9360653056239876,0.914
220,234,13.0,316.3177143596105,9.444162167499942e-06,-5.024836564176359,8.94026606281109e-05,0.9417147163306685,0.9360653056239876,0.915
220,234,13.0,316.3177143596105,9.444162167499942e-06,-5.024836564176359,8.94026606281109e-05,0.9417147163306685,0.9360653056239876,0.916
220,234,13.0,316.3177143596105,9.444162167499942e-06,-5.024836564176359,8.94026606281109e-05,0.9417147163306685,0.9360653056239876,0.917
220,234,13.0,316.3177143596105,9.444162167499942e-06,-5.024836564176359,8.94026606281109e-05,0.9417147163306685,0.9360653056239876,0.918
220,234,13.0,316.3177143596105,9.444162167499942e-06,-5.024836564176359,8.94026606281109e-05,0.9417147163306685,0.9360653056239876,0.919
220,234,13.0,316.3177143596105,9.444162167499942e-06,-5.024836564176359,8.94026606281109e-05,0.9417147163306685,0.9360653056239876,0.92
220,234,13.0,316.3177143596105,9.444162167499942e-06,-5.024836564176359,8.94026606281109e-05,0.9417147163306685,0.9360653056239876,0.921
220,234,13.0,316.3177143596105,9.444162167499942e-06,-5.024836564176359,8.94026606281109e-05,0.9417147163306685,0.9360653056239876,0.922
220,234,13.0,316.3177143596105,9.444162167499942e-06,-5.024836564176359,8.94026606281109e-05,0.9417147163306685,0.9360653056239876,0.923
220,234,13.0,316.3177143596105,9.444162167499942e-06,-5.024836564176359,8.94026606281109e-05,0.9417147163306685,0.9360653056239876,0.924
220,234,13.0,316.3177143596105,9.444162167499942e-06,-5.024836564176359,8.94026606281109e-05,0.9417147163306685,0.9360653056239876,0.925
220,234,13.0,316.3177143596105,9.444162167499942e-06,-5.024836564176359,8.94026606281109e-05,0.9417147163306685,0.9360653056239876,0.926
220,234,13.0,316.3177143596105,9.444162167499942e-06,-5.024836564176359,8.94026606281109e-05,0.9417147163306685,0.9360653056239876,0.927
220,234,13.0,316.3177143596105,9.444162167499942e-06,-5.024836564176359,8.94026606281109e-05,0.9417147163306685,0.9360653056239876,0.928
220,234,13.0,316.3177143596105,9.444162167499942e-06,-5.024836564176359,8.94026606281109e-05,0.9417147163306685,0.9360653056239876,0.929
220,234,13.0,316.3177143596105,9.444162167499942e-06,-5.024836564176359,8.94026606281109e-05,0.9417147163306685,0.9360653056239876,0.93
220,234,13.0,316.3177143596105,9.444162167499942e-06,-5.024836564176359,8.94026606281109e-05,0.9417147163306685,0.9360653056239876,0.931
220,234,13.0,316.3177143596105,9.444162167499942e-06,-5.024836564176359,8.94026606281109e-05,0.9417147163306685,0.9360653056239876,0.932
220,234,13.0,316.3177143596105,9.444162167499942e-06,-5.024836564176359,8.94026606281109e-05,0.9417147163306685,0.9360653056239876,0.933
220,234,13.0,316.3177143596105,9.444162167499942e-06,-5.024836564176359,8.94026606281109e-05,0.9417147163306685,0.9360653056239876,0.934
220,234,13.0,316.3177143596105,9.444162167499942e-06,-5.024836564176359,8.94026606281109e-05,0.9417147163306685,0.9360653056239876,0.935
220,234,13.0,316.3177143596105,9.444162167499942e-06,-5.024836564176359,8.94026606281109e-05,0.9417147163306685,0.9360653056239876,0.936
28,42,13.0,56.121312578345055,1.5790158657333862e-07,-6.801613506238796,0.00010656638461475606,0.9392749369075271,0.9382556155535609,0.937
28,42,13.0,56.121312578345055,1.5790158657333862e-07,-6.801613506238796,0.00010656638461475606,0.9392749369075271,0.9382556155535609,0.9380000000000001
22,36,13.0,36.5091795356632,3.611188354912501e-08,-7.4423498587441035,0.00012237777192559165,0.9417217111273388,0.9482750719522068,0.9390000000000001
22,36,13.0,36.5091795356632,3.611188354912501e-08,-7.4423498587441035,0.00012237777192559165,0.9417217111273388,0.9482750719522068,0.9400000000000001
22,36,13.0,36.5091795356632,3.611188354912501e-08,-7.4423498587441035,0.00012237777192559165,0.9417217111273388,0.9482750719522068,0.9410000000000001
51,65,13.0,67.8755673528319,2.886680695069888e-07,-6.539601252156136,0.00021424805196337607,0.9540136024985889,0.9581421242180861,0.9420000000000001
51,65,13.0,67.8755673528319,2.886680695069888e-07,-6.539601252156136,0.00021424805196337607,0.9540136024985889,0.9581421242180861,0.9430000000000001
51,65,13.0,67.8755673528319,2.886680695069888e-07,-6.539601252156136,0.00021424805196337607,0.9540136024985889,0.9581421242180861,0.9440000000000001
51,65,13.0,67.8755673528319,2.886680695069888e-07,-6.539601252156136,0.00021424805196337607,0.9540136024985889,0.9581421242180861,0.9450000000000001
51,65,13.0,67.8755673528319,2.886680695069888e-07,-6.539601252156136,0.00021424805196337607,0.9540136024985889,0.9581421242180861,0.9460000000000001
51,65,13.0,67.8755673528319,2.886680695069888e-07,-6.539601252156136,0.00021424805196337607,0.9540136024985889,0.9581421242180861,0.9470000000000001
51,65,13.0,67.8755673528319,2.886680695069888e-07,-6.539601252156136,0.00021424805196337607,0.9540136024985889,0.9581421242180861,0.9480000000000001
51,65,13.0,67.8755673528319,2.886680695069888e-07,-6.539601252156136,0.00021424805196337607,0.9540136024985889,0.9581421242180861,0.9490000000000001
51,65,13.0,67.8755673528319,2.886680695069888e-07,-6.539601252156136,0.00021424805196337607,0.9540136024985889,0.9581421242180861,0.9500000000000001
51,65,13.0,67.8755673528319,2.886680695069888e-07,-6.539601252156136,0.00021424805196337607,0.9540136024985889,0.9581421242180861,0.9510000000000001
51,65,13.0,67.8755673528319,2.886680695069888e-07,-6.539601252156136,0.00021424805196337607,0.9540136024985889,0.9581421242180861,0.9520000000000001
51,65,13.0,67.8755673528319,2.886680695069888e-07,-6.539601252156136,0.00021424805196337607,0.9540136024985889,0.9581421242180861,0.9530000000000001
51,65,13.0,67.8755673528319,2.886680695069888e-07,-6.539601252156136,0.00021424805196337607,0.9540136024985889,0.9581421242180861,0.9540000000000001
224,238,13.0,224.89846551835888,4.332874220777686e-06,-5.363223917938863,0.0005035176194221289,0.9663914647520438,0.962002965197332,0.9550000000000001
224,238,13.0,224.89846551835888,4.332874220777686e-06,-5.363223917938863,0.0005035176194221289,0.9663914647520438,0.962002965197332,0.9560000000000001
224,238,13.0,224.89846551835888,4.332874220777686e-06,-5.363223917938863,0.0005035176194221289,0.9663914647520438,0.962002965197332,0.9570000000000001
224,238,13.0,224.89846551835888,4.332874220777686e-06,-5.363223917938863,0.0005035176194221289,0.9663914647520438,0.962002965197332,0.9580000000000001
224,238,13.0,224.89846551835888,4.332874220777686e-06,-5.363223917938863,0.0005035176194221289,0.9663914647520438,0.962002965197332,0.9590000000000001
224,238,13.0,224.89846551835888,4.332874220777686e-06,-5.363223917938863,0.0005035176194221289,0.9663914647520438,0.962002965197332,0.96
224,238,13.0,224.89846551835888,4.332874220777686e-06,-5.363223917938863,0.0005035176194221289,0.9663914647520438,0.962002965197332,0.9610000000000001
224,238,13.0,224.89846551835888,4.332874220777686e-06,-5.363223917938863,0.0005035176194221289,0.9663914647520438,0.962002965197332,0.962
227,241,13.0,176.19342392892466,2.036047922977763e-06,-5.691212004115308,0.0008122580122516475,0.9774398852252673,0.972419404571106,0.9630000000000001
227,241,13.0,176.19342392892466,2.036047922977763e-06,-5.691212004115308,0.0008122580122516475,0.9774398852252673,0.972419404571106,0.964
227,241,13.0,176.19342392892466,2.036047922977763e-06,-5.691212004115308,0.0008122580122516475,0.9774398852252673,0.972419404571106,0.9650000000000001
227,241,13.0,176.19342392892466,2.036047922977763e-06,-5.691212004115308,0.0008122580122516475,0.9774398852252673,0.972419404571106,0.966
227,241,13.0,176.19342392892466,2.036047922977763e-06,-5.691212004115308,0.0008122580122516475,0.9774398852252673,0.972419404571106,0.9670000000000001
227,241,13.0,176.19342392892466,2.036047922977763e-06,-5.691212004115308,0.0008122580122516475,0.9774398852252673,0.972419404571106,0.968
227,241,13.0,176.19342392892466,2.036047922977763e-06,-5.691212004115308,0.0008122580122516475,0.9774398852252673,0.972419404571106,0.9690000000000001
227,241,13.0,176.19342392892466,2.036047922977763e-06,-5.691212004115308,0.0008122580122516475,0.9774398852252673,0.972419404571106,0.97
227,241,13.0,176.19342392892466,2.036047922977763e-06,-5.691212004115308,0.0008122580122516475,0.9774398852252673,0.972419404571106,0.9710000000000001
227,241,13.0,176.19342392892466,2.036047922977763e-06,-5.691212004115308,0.0008122580122516475,0.9774398852252673,0.972419404571106,0.972
228,242,13.0,161.4810243018917,1.4777632533061097e-06,-5.830395136995553,0.0009284753138747154,0.9850792816780273,0.9794768562992223,0.973
228,242,13.0,161.4810243018917,1.4777632533061097e-06,-5.830395136995553,0.0009284753138747154,0.9850792816780273,0.9794768562992223,0.974
228,242,13.0,161.4810243018917,1.4777632533061097e-06,-5.830395136995553,0.0009284753138747154,0.9850792816780273,0.9794768562992223,0.975
228,242,13.0,161.4810243018917,1.4777632533061097e-06,-5.830395136995553,0.0009284753138747154,0.9850792816780273,0.9794768562992223,0.976
228,242,13.0,161.4810243018917,1.4777632533061097e-06,-5.830395136995553,0.0009284753138747154,0.9850792816780273,0.9794768562992223,0.977
228,242,13.0,161.4810243018917,1.4777632533061097e-06,-5.830395136995553,0.0009284753138747154,0.9850792816780273,0.9794768562992223,0.978
228,242,13.0,161.4810243018917,1.4777632533061097e-06,-5.830395136995553,0.0009284753138747154,0.9850792816780273,0.9794768562992223,0.979
230,244,13.0,143.21017379969888,9.037854928847301e-07,-6.043934634027914,0.0011125651841561717,0.9865545482297058,0.9800337076865622,0.98
234,248,13.0,115.62685485157365,3.1672372646504937e-07,-6.499319401462699,0.0015178063434685854,0.9895265879202945,0.982303814140209,0.981
234,248,13.0,115.62685485157365,3.1672372646504937e-07,-6.499319401462699,0.0015178063434685854,0.9895265879202945,0.982303814140209,0.982
236,250,13.0,102.61139810059107,1.575939397700999e-07,-6.802460487195505,0.0017939547515569408,0.9918021163105075,0.9832023071423313,0.983
239,253,13.0,90.59049946932711,6.870456685413456e-08,-7.163014394037524,0.0021897737161439414,0.9928234013835381,0.9841557138380553,0.984
240,254,13.0,86.40908515704895,4.861589393482419e-08,-7.313221724158906,0.0023546803872281615,0.9950555806268455,0.9866797614659201,0.985
240,254,13.0,86.40908515704895,4.861589393482419e-08,-7.313221724158906,0.0023546803872281615,0.9950555806268455,0.9866797614659201,0.986
243,257,13.0,77.8867721889461,2.1311607139518125e-08,-7.6713837982676765,0.0028439279236427443,0.9959843494068885,0.9873097589301337,0.987
245,259,13.0,72.48284505545884,1.1359821761871814e-08,-7.944628482748486,0.0032476706822540287,0.9972698561231812,0.9882743347041418,0.988
249,263,13.0,65.52048084286953,4.292939488796688e-09,-8.36724523308285,0.004105530947406639,0.9978854936295892,0.9892108713510362,0.989
252,266,13.0,61.20412622040301,2.0822528897550186e-09,-8.681466526527924,0.0048933598266286266,0.998900058673215,0.9904526842502144,0.99
256,270,13.0,57.4598227646818,1.0094654901624146e-09,-8.995908523365427,0.006074762607850085,0.9994028801604341,0.9913978040767425,0.991
265,279,13.0,51.9454701719538,2.8015695485294354e-10,-9.552598591769447,0.009777310750925429,0.9997528961148567,0.9921646824445993,0.992
267,281,13.0,51.4500064515612,2.4561868001542856e-10,-9.60973860691556,0.010755563788460498,0.9998750412431014,0.9932169773428264,0.993
287,301,13.0,47.39690518501485,7.331543993779727e-11,-10.134804555049689,0.028829705286870545,0.9999420093171436,0.9943808302775181,0.994
301,316,13.0,49.749360833916874,1.5801294047490744e-10,-9.801307345028393,0.051817824389262,0.9998754384407903,0.9950312401122573,0.995
312,328,13.0,52.52251290889269,3.6785173378482014e-10,-9.434327192669176,0.07740608187570075,0.9997289778750262,0.9961200643795797,0.996
327,344,13.0,57.630969934451066,1.4729467334909715e-09,-8.831812958363903,0.12068348978914878,0.9997252621742095,0.997141933176999,0.997
340,358,13.0,63.08791053171697,5.2714227991158064e-09,-8.278072149416028,0.16402786201811706,0.9995357564412981,0.9980984312147496,0.998
370,391,13.0,76.84601930297163,6.4980626844024e-08,-7.18721610349292,0.27566742779277875,0.9995294304592353,0.9990534838129534,0.999
219,234,14.0,338.1221892061897,1.068782306955575e-05,-4.9711107442913995,9.661451597144013e-06,0.927618764185629,0.9216204032246021,0.9
219,234,14.0,338.1221892061897,1.068782306955575e-05,-4.9711107442913995,9.661451597144013e-06,0.927618764185629,0.9216204032246021,0.901
219,234,14.0,338.1221892061897,1.068782306955575e-05,-4.9711107442913995,9.661451597144013e-06,0.927618764185629,0.9216204032246021,0.902
219,234,14.0,338.1221892061897,1.068782306955575e-05,-4.9711107442913995,9.661451597144013e-06,0.927618764185629,0.9216204032246021,0.903
219,234,14.0,338.1221892061897,1.068782306955575e-05,-4.9711107442913995,9.661451597144013e-06,0.927618764185629,0.9216204032246021,0.904
219,234,14.0,338.1221892061897,1.068782306955575e-05,-4.9711107442913995,9.661451597144013e-06,0.927618764185629,0.9216204032246021,0.905
219,234,14.0,338.1221892061897,1.068782306955575e-05,-4.9711107442913995,9.661451597144013e-06,0.927618764185629,0.9216204032246021,0.906
219,234,14.0,338.1221892061897,1.068782306955575e-05,-4.9711107442913995,9.661451597144013e-06,0.927618764185629,0.9216204032246021,0.907
219,234,14.0,338.1221892061897,1.068782306955575e-05,-4.9711107442913995,9.661451597144013e-06,0.927618764185629,0.9216204032246021,0.908
219,234,14.0,338.1221892061897,1.068782306955575e-05,-4.9711107442913995,9.661451597144013e-06,0.927618764185629,0.9216204032246021,0.909
219,234,14.0,338.1221892061897,1.068782306955575e-05,-4.9711107442913995,9.661451597144013e-06,0.927618764185629,0.9216204032246021,0.91
219,234,14.0,338.1221892061897,1.068782306955575e-05,-4.9711107442913995,9.661451597144013e-06,0.927618764185629,0.9216204032246021,0.911
219,234,14.0,338.1221892061897,1.068782306955575e-05,-4.9711107442913995,9.661451597144013e-06,0.927618764185629,0.9216204032246021,0.912
219,234,14.0,338.1221892061897,1.068782306955575e-05,-4.9711107442913995,9.661451597144013e-06,0.927618764185629,0.9216204032246021,0.913
219,234,14.0,338.1221892061897,1.068782306955575e-05,-4.9711107442913995,9.661451597144013e-06,0.927618764185629,0.9216204032246021,0.914
219,234,14.0,338.1221892061897,1.068782306955575e-05,-4.9711107442913995,9.661451597144013e-06,0.927618764185629,0.9216204032246021,0.915
219,234,14.0,338.1221892061897,1.068782306955575e-05,-4.9711107442913995,9.661451597144013e-06,0.927618764185629,0.9216204032246021,0.916
219,234,14.0,338.1221892061897,1.068782306955575e-05,-4.9711107442913995,9.661451597144013e-06,0.927618764185629,0.9216204032246021,0.917
219,234,14.0,338.1221892061897,1.068782306955575e-05,-4.9711107442913995,9.661451597144013e-06,0.927618764185629,0.9216204032246021,0.918
219,234,14.0,338.1221892061897,1.068782306955575e-05,-4.9711107442913995,9.661451597144013e-06,0.927618764185629,0.9216204032246021,0.919
219,234,14.0,338.1221892061897,1.068782306955575e-05,-4.9711107442913995,9.661451597144013e-06,0.927618764185629,0.9216204032246021,0.92
219,234,14.0,338.1221892061897,1.068782306955575e-05,-4.9711107442913995,9.661451597144013e-06,0.927618764185629,0.9216204032246021,0.921
27,42,14.0,52.543518407816535,1.2925304231011178e-07,-6.888559225851474,0.00011095362974516856,0.9401515597008646,0.9488406999483523,0.922
27,42,14.0,52.543518407816535,1.2925304231011178e-07,-6.888559225851474,0.00011095362974516856,0.9401515597008646,0.9488406999483523,0.923
27,42,14.0,52.543518407816535,1.2925304231011178e-07,-6.888559225851474,0.00011095362974516856,0.9401515597008646,0.9488406999483523,0.924
27,42,14.0,52.543518407816535,1.2925304231011178e-07,-6.888559225851474,0.00011095362974516856,0.9401515597008646,0.9488406999483523,0.925
27,42,14.0,52.543518407816535,1.2925304231011178e-07,-6.888559225851474,0.00011095362974516856,0.9401515597008646,0.9488406999483523,0.926
27,42,14.0,52.543518407816535,1.2925304231011178e-07,-6.888559225851474,0.00011095362974516856,0.9401515597008646,0.9488406999483523,0.927
27,42,14.0,52.543518407816535,1.2925304231011178e-07,-6.888559225851474,0.00011095362974516856,0.9401515597008646,0.9488406999483523,0.928
27,42,14.0,52.543518407816535,1.2925304231011178e-07,-6.888559225851474,0.00011095362974516856,0.9401515597008646,0.9488406999483523,0.929
27,42,14.0,52.543518407816535,1.2925304231011178e-07,-6.888559225851474,0.00011095362974516856,0.9401515597008646,0.9488406999483523,0.93
27,42,14.0,52.543518407816535,1.2925304231011178e-07,-6.888559225851474,0.00011095362974516856,0.9401515597008646,0.9488406999483523,0.931
27,42,14.0,52.543518407816535,1.2925304231011178e-07,-6.888559225851474,0.00011095362974516856,0.9401515597008646,0.9488406999483523,0.932
27,42,14.0,52.543518407816535,1.2925304231011178e-07,-6.888559225851474,0.00011095362974516856,0.9401515597008646,0.9488406999483523,0.933
27,42,14.0,52.543518407816535,1.2925304231011178e-07,-6.888559225851474,0.00011095362974516856,0.9401515597008646,0.9488406999483523,0.934
27,42,14.0,52.543518407816535,1.2925304231011178e-07,-6.888559225851474,0.00011095362974516856,0.9401515597008646,0.9488406999483523,0.935
27,42,14.0,52.543518407816535,1.2925304231011178e-07,-6.888559225851474,0.00011095362974516856,0.9401515597008646,0.9488406999483523,0.936
27,42,14.0,52.543518407816535,1.2925304231011178e-07,-6.888559225851474,0.00011095362974516856,0.9401515597008646,0.9488406999483523,0.937
27,42,14.0,52.543518407816535,1.2925304231011178e-07,-6.888559225851474,0.00011095362974516856,0.9401515597008646,0.9488406999483523,0.9380000000000001
27,42,14.0,52.543518407816535,1.2925304231011178e-07,-6.888559225851474,0.00011095362974516856,0.9401515597008646,0.9488406999483523,0.9390000000000001
27,42,14.0,52.543518407816535,1.2925304231011178e-07,-6.888559225851474,0.00011095362974516856,0.9401515597008646,0.9488406999483523,0.9400000000000001
49,64,14.0,70.03550406658297,3.1824684624181015e-07,-6.497235891418425,0.0001958484828178937,0.9430584239014297,0.9488635398296517,0.9410000000000001
49,64,14.0,70.03550406658297,3.1824684624181015e-07,-6.497235891418425,0.0001958484828178937,0.9430584239014297,0.9488635398296517,0.9420000000000001
49,64,14.0,70.03550406658297,3.1824684624181015e-07,-6.497235891418425,0.0001958484828178937,0.9430584239014297,0.9488635398296517,0.9430000000000001
47,62,14.0,65.30554077516815,2.5646299186892166e-07,-6.590975295607522,0.0001985384510099937,0.9466542846403535,0.94796187953886,0.9440000000000001
47,62,14.0,65.30554077516815,2.5646299186892166e-07,-6.590975295607522,0.0001985384510099937,0.9466542846403535,0.94796187953886,0.9450000000000001
47,62,14.0,65.30554077516815,2.5646299186892166e-07,-6.590975295607522,0.0001985384510099937,0.9466542846403535,0.94796187953886,0.9460000000000001
46,61,14.0,63.6931435421926,2.3754153215182207e-07,-6.624260446639365,0.0001987444908426708,0.9520131865964837,0.947351089493427,0.9470000000000001
51,66,14.0,65.6455004948118,2.601321448209613e-07,-6.584805978231718,0.00022973586902336782,0.9603241348679634,0.9552136883816146,0.9480000000000001
51,66,14.0,65.6455004948118,2.601321448209613e-07,-6.584805978231718,0.00022973586902336782,0.9603241348679634,0.9552136883816146,0.9490000000000001
51,66,14.0,65.6455004948118,2.601321448209613e-07,-6.584805978231718,0.00022973586902336782,0.9603241348679634,0.9552136883816146,0.9500000000000001
51,66,14.0,65.6455004948118,2.601321448209613e-07,-6.584805978231718,0.00022973586902336782,0.9603241348679634,0.9552136883816146,0.9510000000000001
51,66,14.0,65.6455004948118,2.601321448209613e-07,-6.584805978231718,0.00022973586902336782,0.9603241348679634,0.9552136883816146,0.9520000000000001
51,66,14.0,65.6455004948118,2.601321448209613e-07,-6.584805978231718,0.00022973586902336782,0.9603241348679634,0.9552136883816146,0.9530000000000001
51,66,14.0,65.6455004948118,2.601321448209613e-07,-6.584805978231718,0.00022973586902336782,0.9603241348679634,0.9552136883816146,0.9540000000000001
51,66,14.0,65.6455004948118,2.601321448209613e-07,-6.584805978231718,0.00022973586902336782,0.9603241348679634,0.9552136883816146,0.9550000000000001
52,67,14.0,64.86056938044065,2.4970703975091105e-07,-6.602569213828556,0.00024078481085526343,0.9619882548503574,0.9605569993555959,0.9560000000000001
52,67,14.0,64.86056938044065,2.4970703975091105e-07,-6.602569213828556,0.00024078481085526343,0.9619882548503574,0.9605569993555959,0.9570000000000001
52,67,14.0,64.86056938044065,2.4970703975091105e-07,-6.602569213828556,0.00024078481085526343,0.9619882548503574,0.9605569993555959,0.9580000000000001
52,67,14.0,64.86056938044065,2.4970703975091105e-07,-6.602569213828556,0.00024078481085526343,0.9619882548503574,0.9605569993555959,0.9590000000000001
52,67,14.0,64.86056938044065,2.4970703975091105e-07,-6.602569213828556,0.00024078481085526343,0.9619882548503574,0.9605569993555959,0.96
226,241,14.0,184.94970790895997,2.4070129265930223e-06,-5.61852157738889,0.0007524904087208553,0.9696016362288183,0.9635841428178386,0.9610000000000001
226,241,14.0,184.94970790895997,2.4070129265930223e-06,-5.61852157738889,0.0007524904087208553,0.9696016362288183,0.9635841428178386,0.962
226,241,14.0,184.94970790895997,2.4070129265930223e-06,-5.61852157738889,0.0007524904087208553,0.9696016362288183,0.9635841428178386,0.9630000000000001
227,242,14.0,169.36341533634712,1.7695408491876907e-06,-5.752139407385305,0.0008676410186862595,0.9767068568642281,0.9701101243866486,0.964
227,242,14.0,169.36341533634712,1.7695408491876907e-06,-5.752139407385305,0.0008676410186862595,0.9767068568642281,0.9701101243866486,0.9650000000000001
227,242,14.0,169.36341533634712,1.7695408491876907e-06,-5.752139407385305,0.0008676410186862595,0.9767068568642281,0.9701101243866486,0.966
227,242,14.0,169.36341533634712,1.7695408491876907e-06,-5.752139407385305,0.0008676410186862595,0.9767068568642281,0.9701101243866486,0.9670000000000001
227,242,14.0,169.36341533634712,1.7695408491876907e-06,-5.752139407385305,0.0008676410186862595,0.9767068568642281,0.9701101243866486,0.968
227,242,14.0,169.36341533634712,1.7695408491876907e-06,-5.752139407385305,0.0008676410186862595,0.9767068568642281,0.9701101243866486,0.9690000000000001
227,242,14.0,169.36341533634712,1.7695408491876907e-06,-5.752139407385305,0.0008676410186862595,0.9767068568642281,0.9701101243866486,0.97
228,243,14.0,156.75952988803056,1.317552623184725e-06,-5.880232030003579,0.0009741594228745491,0.9849235422566771,0.9783599678183424,0.9710000000000001
228,243,14.0,156.75952988803056,1.317552623184725e-06,-5.880232030003579,0.0009741594228745491,0.9849235422566771,0.9783599678183424,0.972
228,243,14.0,156.75952988803056,1.317552623184725e-06,-5.880232030003579,0.0009741594228745491,0.9849235422566771,0.9783599678183424,0.973
228,243,14.0,156.75952988803056,1.317552623184725e-06,-5.880232030003579,0.0009741594228745491,0.9849235422566771,0.9783599678183424,0.974
228,243,14.0,156.75952988803056,1.317552623184725e-06,-5.880232030003579,0.0009741594228745491,0.9849235422566771,0.9783599678183424,0.975
228,243,14.0,156.75952988803056,1.317552623184725e-06,-5.880232030003579,0.0009741594228745491,0.9849235422566771,0.9783599678183424,0.976
228,243,14.0,156.75952988803056,1.317552623184725e-06,-5.880232030003579,0.0009741594228745491,0.9849235422566771,0.9783599678183424,0.977
228,243,14.0,156.75952988803056,1.317552623184725e-06,-5.880232030003579,0.0009741594228745491,0.9849235422566771,0.9783599678183424,0.978
235,250,14.0,105.52535496336056,1.8739315540567398e-07,-6.727246275901992,0.0017291704329572646,0.9895204485100865,0.9797028478498937,0.979
236,251,14.0,100.51409685382289,1.3854265628786046e-07,-6.858416489861437,0.001857435040667607,0.9918090604491795,0.9824291166306337,0.98
236,251,14.0,100.51409685382289,1.3854265628786046e-07,-6.858416489861437,0.001857435040667607,0.9918090604491795,0.9824291166306337,0.981
236,251,14.0,100.51409685382289,1.3854265628786046e-07,-6.858416489861437,0.001857435040667607,0.9918090604491795,0.9824291166306337,0.982
240,255,14.0,85.0256139081664,4.307360469081666e-08,-7.365788782014435,0.002431094055312545,0.9950021367330499,0.98565529723522,0.983
240,255,14.0,85.0256139081664,4.307360469081666e-08,-7.365788782014435,0.002431094055312545,0.9950021367330499,0.98565529723522,0.984
240,255,14.0,85.0256139081664,4.307360469081666e-08,-7.365788782014435,0.002431094055312545,0.9950021367330499,0.98565529723522,0.985
245,260,14.0,71.3763505996604,9.876485209557697e-09,-8.00539758230256,0.0033613783493534983,0.9968397309731195,0.9862240690466564,0.986
248,263,14.0,66.44426687856708,4.9522401458858426e-09,-8.305198303506456,0.003990620811245983,0.9973779104416884,0.9872088166064147,0.987
250,265,14.0,63.1760322143542,2.939065934237644e-09,-8.531790670969109,0.004500010085171503,0.9983245107247183,0.9884137825378277,0.988
252,267,14.0,60.70224776494298,1.902006923225778e-09,-8.720787906581949,0.005038880387640662,0.99882846701649,0.9891042682571392,0.989
256,271,14.0,57.13077471397167,9.43012809520525e-10,-9.02548240793468,0.006245329719052057,0.9993775107568386,0.990178498474625,0.99
265,280,14.0,51.87544756203488,2.7510858685390867e-10,-9.560495853939399,0.010018637377175234,0.9997916512216712,0.9914295450128136,0.991
267,282,14.0,51.36441718764823,2.400794800854706e-10,-9.619644958087434,0.011030045203128534,0.9998866326574105,0.9920817710602914,0.992
286,301,14.0,47.36538511552109,7.253908650324486e-11,-10.139427917863635,0.028229946384850074,0.9999511621689744,0.993335592950778,0.993
299,315,14.0,49.40109760699302,1.4139124130263863e-10,-9.849577492743844,0.04903924062744926,0.9998843694072717,0.994065011775295,0.994
310,327,14.0,52.07251660048989,3.221011525717591e-10,-9.492007721145352,0.07380680820626892,0.9997833686931538,0.9951042818955057,0.995
316,333,14.0,54.111990168455016,5.791768377294944e-10,-9.237188814641382,0.08861987604283222,0.9997051283083512,0.9960932361063187,0.996
329,347,14.0,58.59787931461596,1.8724512627352124e-09,-8.727589477554062,0.12831734533560604,0.9996528722318725,0.9971373124595211,0.997
343,363,14.0,64.97879708589576,7.850579752997879e-09,-8.105098270104339,0.1769149743030241,0.9994105185966146,0.9980427032414607,0.998
377,400,14.0,81.28957386764476,1.2474180243715496e-07,-6.903987984969391,0.30136203649516324,0.9995370968040547,0.9990409521070394,0.999
218,234,15.0,348.86183766826855,1.1294127378007834e-05,-4.947147318489173,2.883354138384593e-05,0.9318722276020946,0.9254538971836199,0.9
218,234,15.0,348.86183766826855,1.1294127378007834e-05,-4.947147318489173,2.883354138384593e-05,0.9318722276020946,0.9254538971836199,0.901
218,234,15.0,348.86183766826855,1.1294127378007834e-05,-4.947147318489173,2.883354138384593e-05,0.9318722276020946,0.9254538971836199,0.902
218,234,15.0,348.86183766826855,1.1294127378007834e-05,-4.947147318489173,2.883354138384593e-05,0.9318722276020946,0.9254538971836199,0.903
218,234,15.0,348.86183766826855,1.1294127378007834e-05,-4.947147318489173,2.883354138384593e-05,0.9318722276020946,0.9254538971836199,0.904
218,234,15.0,348.86183766826855,1.1294127378007834e-05,-4.947147318489173,2.883354138384593e-05,0.9318722276020946,0.9254538971836199,0.905
218,234,15.0,348.86183766826855,1.1294127378007834e-05,-4.947147318489173,2.883354138384593e-05,0.9318722276020946,0.9254538971836199,0.906
218,234,15.0,348.86183766826855,1.1294127378007834e-05,-4.947147318489173,2.883354138384593e-05,0.9318722276020946,0.9254538971836199,0.907
218,234,15.0,348.86183766826855,1.1294127378007834e-05,-4.947147318489173,2.883354138384593e-05,0.9318722276020946,0.9254538971836199,0.908
218,234,15.0,348.86183766826855,1.1294127378007834e-05,-4.947147318489173,2.883354138384593e-05,0.9318722276020946,0.9254538971836199,0.909
218,234,15.0,348.86183766826855,1.1294127378007834e-05,-4.947147318489173,2.883354138384593e-05,0.9318722276020946,0.9254538971836199,0.91
218,234,15.0,348.86183766826855,1.1294127378007834e-05,-4.947147318489173,2.883354138384593e-05,0.9318722276020946,0.9254538971836199,0.911
218,234,15.0,348.86183766826855,1.1294127378007834e-05,-4.947147318489173,2.883354138384593e-05,0.9318722276020946,0.9254538971836199,0.912
218,234,15.0,348.86183766826855,1.1294127378007834e-05,-4.947147318489173,2.883354138384593e-05,0.9318722276020946,0.9254538971836199,0.913
218,234,15.0,348.86183766826855,1.1294127378007834e-05,-4.947147318489173,2.883354138384593e-05,0.9318722276020946,0.9254538971836199,0.914
218,234,15.0,348.86183766826855,1.1294127378007834e-05,-4.947147318489173,2.883354138384593e-05,0.9318722276020946,0.9254538971836199,0.915
218,234,15.0,348.86183766826855,1.1294127378007834e-05,-4.947147318489173,2.883354138384593e-05,0.9318722276020946,0.9254538971836199,0.916
218,234,15.0,348.86183766826855,1.1294127378007834e-05,-4.947147318489173,2.883354138384593e-05,0.9318722276020946,0.9254538971836199,0.917
218,234,15.0,348.86183766826855,1.1294127378007834e-05,-4.947147318489173,2.883354138384593e-05,0.9318722276020946,0.9254538971836199,0.918
218,234,15.0,348.86183766826855,1.1294127378007834e-05,-4.947147318489173,2.883354138384593e-05,0.9318722276020946,0.9254538971836199,0.919
218,234,15.0,348.86183766826855,1.1294127378007834e-05,-4.947147318489173,2.883354138384593e-05,0.9318722276020946,0.9254538971836199,0.92
218,234,15.0,348.86183766826855,1.1294127378007834e-05,-4.947147318489173,2.883354138384593e-05,0.9318722276020946,0.9254538971836199,0.921
218,234,15.0,348.86183766826855,1.1294127378007834e-05,-4.947147318489173,2.883354138384593e-05,0.9318722276020946,0.9254538971836199,0.922
218,234,15.0,348.86183766826855,1.1294127378007834e-05,-4.947147318489173,2.883354138384593e-05,0.9318722276020946,0.9254538971836199,0.923
218,234,15.0,348.86183766826855,1.1294127378007834e-05,-4.947147318489173,2.883354138384593e-05,0.9318722276020946,0.9254538971836199,0.924
218,234,15.0,348.86183766826855,1.1294127378007834e-05,-4.947147318489173,2.883354138384593e-05,0.9318722276020946,0.9254538971836199,0.925
25,41,15.0,48.165614143481974,9.731648187272996e-08,-7.011813599811889,0.0001114071180248046,0.9288058728029879,0.9526279868288864,0.926
25,41,15.0,48.165614143481974,9.731648187272996e-08,-7.011813599811889,0.0001114071180248046,0.9288058728029879,0.9526279868288864,0.927
25,41,15.0,48.165614143481974,9.731648187272996e-08,-7.011813599811889,0.0001114071180248046,0.9288058728029879,0.9526279868288864,0.928
22,38,15.0,39.820406002851186,4.984844913930521e-08,-7.302348348700753,0.00011578985661900096,0.9381637141255778,0.9560805615759845,0.929
22,38,15.0,39.820406002851186,4.984844913930521e-08,-7.302348348700753,0.00011578985661900096,0.9381637141255778,0.9560805615759845,0.93
22,38,15.0,39.820406002851186,4.984844913930521e-08,-7.302348348700753,0.00011578985661900096,0.9381637141255778,0.9560805615759845,0.931
22,38,15.0,39.820406002851186,4.984844913930521e-08,-7.302348348700753,0.00011578985661900096,0.9381637141255778,0.9560805615759845,0.932
22,38,15.0,39.820406002851186,4.984844913930521e-08,-7.302348348700753,0.00011578985661900096,0.9381637141255778,0.9560805615759845,0.933
22,38,15.0,39.820406002851186,4.984844913930521e-08,-7.302348348700753,0.00011578985661900096,0.9381637141255778,0.9560805615759845,0.934
22,38,15.0,39.820406002851186,4.984844913930521e-08,-7.302348348700753,0.00011578985661900096,0.9381637141255778,0.9560805615759845,0.935
22,38,15.0,39.820406002851186,4.984844913930521e-08,-7.302348348700753,0.00011578985661900096,0.9381637141255778,0.9560805615759845,0.936
22,38,15.0,39.820406002851186,4.984844913930521e-08,-7.302348348700753,0.00011578985661900096,0.9381637141255778,0.9560805615759845,0.937
22,38,15.0,39.820406002851186,4.984844913930521e-08,-7.302348348700753,0.00011578985661900096,0.9381637141255778,0.9560805615759845,0.9380000000000001
27,43,15.0,51.145233776769935,1.1933159590203361e-07,-6.923244551223714,0.00011901982963044097,0.9496870520942851,0.9460606646623384,0.9390000000000001
27,43,15.0,51.145233776769935,1.1933159590203361e-07,-6.923244551223714,0.00011901982963044097,0.9496870520942851,0.9460606646623384,0.9400000000000001
27,43,15.0,51.145233776769935,1.1933159590203361e-07,-6.923244551223714,0.00011901982963044097,0.9496870520942851,0.9460606646623384,0.9410000000000001
27,43,15.0,51.145233776769935,1.1933159590203361e-07,-6.923244551223714,0.00011901982963044097,0.9496870520942851,0.9460606646623384,0.9420000000000001
27,43,15.0,51.145233776769935,1.1933159590203361e-07,-6.923244551223714,0.00011901982963044097,0.9496870520942851,0.9460606646623384,0.9430000000000001
27,43,15.0,51.145233776769935,1.1933159590203361e-07,-6.923244551223714,0.00011901982963044097,0.9496870520942851,0.9460606646623384,0.9440000000000001
27,43,15.0,51.145233776769935,1.1933159590203361e-07,-6.923244551223714,0.00011901982963044097,0.9496870520942851,0.9460606646623384,0.9450000000000001
27,43,15.0,51.145233776769935,1.1933159590203361e-07,-6.923244551223714,0.00011901982963044097,0.9496870520942851,0.9460606646623384,0.9460000000000001
46,62,15.0,65.24423425790351,2.556882388380384e-07,-6.592289248216189,0.00019553012911186553,0.9557270519740853,0.9545885656661547,0.9470000000000001
46,62,15.0,65.24423425790351,2.556882388380384e-07,-6.592289248216189,0.00019553012911186553,0.9557270519740853,0.9545885656661547,0.9480000000000001
46,62,15.0,65.24423425790351,2.556882388380384e-07,-6.592289248216189,0.00019553012911186553,0.9557270519740853,0.9545885656661547,0.9490000000000001
46,62,15.0,65.24423425790351,2.556882388380384e-07,-6.592289248216189,0.00019553012911186553,0.9557270519740853,0.9545885656661547,0.9500000000000001
46,62,15.0,65.24423425790351,2.556882388380384e-07,-6.592289248216189,0.00019553012911186553,0.9557270519740853,0.9545885656661547,0.9510000000000001
46,62,15.0,65.24423425790351,2.556882388380384e-07,-6.592289248216189,0.00019553012911186553,0.9557270519740853,0.9545885656661547,0.9520000000000001
46,62,15.0,65.24423425790351,2.556882388380384e-07,-6.592289248216189,0.00019553012911186553,0.9557270519740853,0.9545885656661547,0.9530000000000001
46,62,15.0,65.24423425790351,2.556882388380384e-07,-6.592289248216189,0.00019553012911186553,0.9557270519740853,0.9545885656661547,0.9540000000000001
51,67,15.0,65.65085993525962,2.601996791631951e-07,-6.584693243276892,0.00023404420209212796,0.9670895793264422,0.9627278912130917,0.9550000000000001
51,67,15.0,65.65085993525962,2.601996791631951e-07,-6.584693243276892,0.00023404420209212796,0.9670895793264422,0.9627278912130917,0.9560000000000001
51,67,15.0,65.65085993525962,2.601996791631951e-07,-6.584693243276892,0.00023404420209212796,0.9670895793264422,0.9627278912130917,0.9570000000000001
51,67,15.0,65.65085993525962,2.601996791631951e-07,-6.584693243276892,0.00023404420209212796,0.9670895793264422,0.9627278912130917,0.9580000000000001
51,67,15.0,65.65085993525962,2.601996791631951e-07,-6.584693243276892,0.00023404420209212796,0.9670895793264422,0.9627278912130917,0.9590000000000001
51,67,15.0,65.65085993525962,2.601996791631951e-07,-6.584693243276892,0.00023404420209212796,0.9670895793264422,0.9627278912130917,0.96
51,67,15.0,65.65085993525962,2.601996791631951e-07,-6.584693243276892,0.00023404420209212796,0.9670895793264422,0.9627278912130917,0.9610000000000001
51,67,15.0,65.65085993525962,2.601996791631951e-07,-6.584693243276892,0.00023404420209212796,0.9670895793264422,0.9627278912130917,0.962
227,243,15.0,163.85661338573388,1.5666513946324747e-06,-5.805027630353629,0.0009161753910796631,0.9772066193478779,0.9696252917092429,0.9630000000000001
227,243,15.0,163.85661338573388,1.5666513946324747e-06,-5.805027630353629,0.0009161753910796631,0.9772066193478779,0.9696252917092429,0.964
227,243,15.0,163.85661338573388,1.5666513946324747e-06,-5.805027630353629,0.0009161753910796631,0.9772066193478779,0.9696252917092429,0.9650000000000001
227,243,15.0,163.85661338573388,1.5666513946324747e-06,-5.805027630353629,0.0009161753910796631,0.9772066193478779,0.9696252917092429,0.966
227,243,15.0,163.85661338573388,1.5666513946324747e-06,-5.805027630353629,0.0009161753910796631,0.9772066193478779,0.9696252917092429,0.9670000000000001
227,243,15.0,163.85661338573388,1.5666513946324747e-06,-5.805027630353629,0.0009161753910796631,0.9772066193478779,0.9696252917092429,0.968
227,243,15.0,163.85661338573388,1.5666513946324747e-06,-5.805027630353629,0.0009161753910796631,0.9772066193478779,0.9696252917092429,0.9690000000000001
228,244,15.0,151.4931541862291,1.1493203128277027e-06,-5.939558917606817,0.001027651315360222,0.9832375348303436,0.9750778325885759,0.97
228,244,15.0,151.4931541862291,1.1493203128277027e-06,-5.939558917606817,0.001027651315360222,0.9832375348303436,0.9750778325885759,0.9710000000000001
228,244,15.0,151.4931541862291,1.1493203128277027e-06,-5.939558917606817,0.001027651315360222,0.9832375348303436,0.9750778325885759,0.972
228,244,15.0,151.4931541862291,1.1493203128277027e-06,-5.939558917606817,0.001027651315360222,0.9832375348303436,0.9750778325885759,0.973
228,244,15.0,151.4931541862291,1.1493203128277027e-06,-5.939558917606817,0.001027651315360222,0.9832375348303436,0.9750778325885759,0.974
228,244,15.0,151.4931541862291,1.1493203128277027e-06,-5.939558917606817,0.001027651315360222,0.9832375348303436,0.9750778325885759,0.975
230,246,15.0,135.35084950604553,7.028520378300788e-07,-6.153136091647699,0.001213359193255126,0.9859383746210462,0.9775172214684066,0.976
230,246,15.0,135.35084950604553,7.028520378300788e-07,-6.153136091647699,0.001213359193255126,0.9859383746210462,0.9775172214684066,0.977
235,251,15.0,103.22679465280096,1.6399438270037344e-07,-6.78517102758652,0.001792906883721517,0.9895450965073159,0.9788665324070821,0.978
236,252,15.0,98.13571012694472,1.1889242597700601e-07,-6.924845811160651,0.0019318372860650296,0.990979632192848,0.9800163124897299,0.979
236,252,15.0,98.13571012694472,1.1889242597700601e-07,-6.924845811160651,0.0019318372860650296,0.990979632192848,0.9800163124897299,0.98
239,255,15.0,87.18692698826852,5.212561745869374e-08,-7.282948787513337,0.0023480294734751113,0.9926961140271497,0.9817320274316486,0.981
240,256,15.0,83.25845684434007,3.6681065679073454e-08,-7.435558055449727,0.0025264163357013917,0.9940473608427635,0.9825883444725142,0.982
242,258,15.0,77.80269737154478,2.1172208563560467e-08,-7.67423383650406,0.002863837883526471,0.9949146179565056,0.9832582639531642,0.983
245,261,15.0,70.45611879709135,8.760897472412207e-09,-8.057451402125118,0.0034701788331735818,0.9966882596498994,0.984840456275367,0.984
247,263,15.0,67.20138234190489,5.550422132628236e-09,-8.255673985724279,0.00388823999894886,0.9971897033733668,0.9857453725983245,0.985
249,265,15.0,64.0704924269766,3.4134125298837915e-09,-8.466811221646498,0.004373083230236237,0.997652015146822,0.9860621352735919,0.986
251,267,15.0,61.405278311835474,2.1629489123550855e-09,-8.6649537382328,0.004904157167017145,0.9983907057810848,0.9870870433326505,0.987
254,270,15.0,58.361816576741674,1.2149723675339682e-09,-8.915433599237673,0.005778653658592339,0.9990891671254034,0.9884130235466457,0.988
263,279,15.0,52.449392475622226,3.1942165978718155e-10,-9.495635637956106,0.0093157139285728,0.999630215874404,0.9892771173722685,0.989
264,280,15.0,52.07787015151692,2.9016340512492927e-10,-9.537357360866105,0.009786702396076834,0.9997565836521415,0.9900396832292472,0.99
284,300,15.0,47.33118377053949,7.173980663166543e-11,-10.144239798261026,0.0264363785828346,0.9999722654188585,0.9914074331967669,0.991
285,301,15.0,47.367211279511714,7.25838255179634e-11,-10.139160146116735,0.027629570018399312,0.9999598645859678,0.9921335014083367,0.992
297,314,15.0,49.15870204571929,1.3078532167696066e-10,-9.883440995097457,0.04628821892408517,0.9998923988523726,0.9930428770901878,0.993
304,321,15.0,50.66796077522599,2.1049756905145183e-10,-9.676752915285018,0.05996320694701089,0.9998372093515939,0.9942366366273666,0.994
312,330,15.0,52.85796671799008,4.0533676226368527e-10,-9.392184005870368,0.0798582726885237,0.9997022490756653,0.9951275377274995,0.995
325,344,15.0,57.26567698871969,1.341875939213124e-09,-8.872287634245808,0.11760144164813062,0.9997100737916965,0.996174527640875,0.996
336,356,15.0,61.80909295537589,3.975571162961003e-09,-8.40060046823953,0.15405437025482005,0.9996006048461836,0.997090391005009,0.997
361,384,15.0,72.88537342874542,3.4242807336821565e-08,-7.465430637659848,0.24771871124979283,0.9996805944722753,0.9980242363559418,0.998
382,407,15.0,84.58628896354627,1.9450012182899905e-07,-6.711080122309248,0.32027940226581036,0.9993902116549878,0.999111406515219,0.999
218,235,16.0,327.1766951013299,1.0089282753212025e-05,-4.996139706646543,4.92439613296355e-05,0.9320311009913191,0.9248542725171505,0.9
218,235,16.0,327.1766951013299,1.0089282753212025e-05,-4.996139706646543,4.92439613296355e-05,0.9320311009913191,0.9248542725171505,0.901
218,235,16.0,327.1766951013299,1.0089282753212025e-05,-4.996139706646543,4.92439613296355e-05,0.9320311009913191,0.9248542725171505,0.902
218,235,16.0,327.1766951013299,1.0089282753212025e-05,-4.996139706646543,4.92439613296355e-05,0.9320311009913191,0.9248542725171505,0.903
218,235,16.0,327.1766951013299,1.0089282753212025e-05,-4.996139706646543,4.92439613296355e-05,0.9320311009913191,0.9248542725171505,0.904
218,235,16.0,327.1766951013299,1.0089282753212025e-05,-4.996139706646543,4.92439613296355e-05,0.9320311009913191,0.9248542725171505,0.905
218,235,16.0,327.1766951013299,1.0089282753212025e-05,-4.996139706646543,4.92439613296355e-05,0.9320311009913191,0.9248542725171505,0.906
218,235,16.0,327.1766951013299,1.0089282753212025e-05,-4.996139706646543,4.92439613296355e-05,0.9320311009913191,0.9248542725171505,0.907
218,235,16.0,327.1766951013299,1.0089282753212025e-05,-4.996139706646543,4.92439613296355e-05,0.9320311009913191,0.9248542725171505,0.908
218,235,16.0,327.1766951013299,1.0089282753212025e-05,-4.996139706646543,4.92439613296355e-05,0.9320311009913191,0.9248542725171505,0.909
218,235,16.0,327.1766951013299,1.0089282753212025e-05,-4.996139706646543,4.92439613296355e-05,0.9320311009913191,0.9248542725171505,0.91
218,235,16.0,327.1766951013299,1.0089282753212025e-05,-4.996139706646543,4.92439613296355e-05,0.9320311009913191,0.9248542725171505,0.911
218,235,16.0,327.1766951013299,1.0089282753212025e-05,-4.996139706646543,4.92439613296355e-05,0.9320311009913191,0.9248542725171505,0.912
218,235,16.0,327.1766951013299,1.0089282753212025e-05,-4.996139706646543,4.92439613296355e-05,0.9320311009913191,0.9248542725171505,0.913
218,235,16.0,327.1766951013299,1.0089282753212025e-05,-4.996139706646543,4.92439613296355e-05,0.9320311009913191,0.9248542725171505,0.914
218,235,16.0,327.1766951013299,1.0089282753212025e-05,-4.996139706646543,4.92439613296355e-05,0.9320311009913191,0.9248542725171505,0.915
218,235,16.0,327.1766951013299,1.0089282753212025e-05,-4.996139706646543,4.92439613296355e-05,0.9320311009913191,0.9248542725171505,0.916
218,235,16.0,327.1766951013299,1.0089282753212025e-05,-4.996139706646543,4.92439613296355e-05,0.9320311009913191,0.9248542725171505,0.917
218,235,16.0,327.1766951013299,1.0089282753212025e-05,-4.996139706646543,4.92439613296355e-05,0.9320311009913191,0.9248542725171505,0.918
218,235,16.0,327.1766951013299,1.0089282753212025e-05,-4.996139706646543,4.92439613296355e-05,0.9320311009913191,0.9248542725171505,0.919
218,235,16.0,327.1766951013299,1.0089282753212025e-05,-4.996139706646543,4.92439613296355e-05,0.9320311009913191,0.9248542725171505,0.92
218,235,16.0,327.1766951013299,1.0089282753212025e-05,-4.996139706646543,4.92439613296355e-05,0.9320311009913191,0.9248542725171505,0.921
218,235,16.0,327.1766951013299,1.0089282753212025e-05,-4.996139706646543,4.92439613296355e-05,0.9320311009913191,0.9248542725171505,0.922
218,235,16.0,327.1766951013299,1.0089282753212025e-05,-4.996139706646543,4.92439613296355e-05,0.9320311009913191,0.9248542725171505,0.923
218,235,16.0,327.1766951013299,1.0089282753212025e-05,-4.996139706646543,4.92439613296355e-05,0.9320311009913191,0.9248542725171505,0.924
19,36,16.0,40.50323123138993,5.431833232138489e-08,-7.26505357220948,0.00010488522567443692,0.930696230863658,0.9270083852193056,0.925
19,36,16.0,40.50323123138993,5.431833232138489e-08,-7.26505357220948,0.00010488522567443692,0.930696230863658,0.9270083852193056,0.926
19,36,16.0,40.50323123138993,5.431833232138489e-08,-7.26505357220948,0.00010488522567443692,0.930696230863658,0.9270083852193056,0.927
28,45,16.0,56.15370903188047,1.5837246669352877e-07,-6.800320318973984,0.0001141818720403661,0.9439176572730273,0.9332417205242672,0.928
28,45,16.0,56.15370903188047,1.5837246669352877e-07,-6.800320318973984,0.0001141818720403661,0.9439176572730273,0.9332417205242672,0.929
28,45,16.0,56.15370903188047,1.5837246669352877e-07,-6.800320318973984,0.0001141818720403661,0.9439176572730273,0.9332417205242672,0.93
28,45,16.0,56.15370903188047,1.5837246669352877e-07,-6.800320318973984,0.0001141818720403661,0.9439176572730273,0.9332417205242672,0.931
28,45,16.0,56.15370903188047,1.5837246669352877e-07,-6.800320318973984,0.0001141818720403661,0.9439176572730273,0.9332417205242672,0.932
28,45,16.0,56.15370903188047,1.5837246669352877e-07,-6.800320318973984,0.0001141818720403661,0.9439176572730273,0.9332417205242672,0.933
25,42,16.0,48.21723713540436,9.764075446638354e-08,-7.010368873464996,0.00011487155153870271,0.9398322238203749,0.9584629124490794,0.934
25,42,16.0,48.21723713540436,9.764075446638354e-08,-7.010368873464996,0.00011487155153870271,0.9398322238203749,0.9584629124490794,0.935
25,42,16.0,48.21723713540436,9.764075446638354e-08,-7.010368873464996,0.00011487155153870271,0.9398322238203749,0.9584629124490794,0.936
25,42,16.0,48.21723713540436,9.764075446638354e-08,-7.010368873464996,0.00011487155153870271,0.9398322238203749,0.9584629124490794,0.937
25,42,16.0,48.21723713540436,9.764075446638354e-08,-7.010368873464996,0.00011487155153870271,0.9398322238203749,0.9584629124490794,0.9380000000000001
25,42,16.0,48.21723713540436,9.764075446638354e-08,-7.010368873464996,0.00011487155153870271,0.9398322238203749,0.9584629124490794,0.9390000000000001
22,39,16.0,40.28304602499817,5.194361142604215e-08,-7.284467858944728,0.00011820433953971887,0.9461758929917671,0.9625897185111075,0.9400000000000001
22,39,16.0,40.28304602499817,5.194361142604215e-08,-7.284467858944728,0.00011820433953971887,0.9461758929917671,0.9625897185111075,0.9410000000000001
22,39,16.0,40.28304602499817,5.194361142604215e-08,-7.284467858944728,0.00011820433953971887,0.9461758929917671,0.9625897185111075,0.9420000000000001
22,39,16.0,40.28304602499817,5.194361142604215e-08,-7.284467858944728,0.00011820433953971887,0.9461758929917671,0.9625897185111075,0.9430000000000001
22,39,16.0,40.28304602499817,5.194361142604215e-08,-7.284467858944728,0.00011820433953971887,0.9461758929917671,0.9625897185111075,0.9440000000000001
22,39,16.0,40.28304602499817,5.194361142604215e-08,-7.284467858944728,0.00011820433953971887,0.9461758929917671,0.9625897185111075,0.9450000000000001
22,39,16.0,40.28304602499817,5.194361142604215e-08,-7.284467858944728,0.00011820433953971887,0.9461758929917671,0.9625897185111075,0.9460000000000001
27,44,16.0,50.78457183361148,1.1680269293366745e-07,-6.932547144271994,0.000123489526579935,0.9580584038303089,0.9522502050770052,0.9470000000000001
27,44,16.0,50.78457183361148,1.1680269293366745e-07,-6.932547144271994,0.000123489526579935,0.9580584038303089,0.9522502050770052,0.9480000000000001
27,44,16.0,50.78457183361148,1.1680269293366745e-07,-6.932547144271994,0.000123489526579935,0.9580584038303089,0.9522502050770052,0.9490000000000001
27,44,16.0,50.78457183361148,1.1680269293366745e-07,-6.932547144271994,0.000123489526579935,0.9580584038303089,0.9522502050770052,0.9500000000000001
27,44,16.0,50.78457183361148,1.1680269293366745e-07,-6.932547144271994,0.000123489526579935,0.9580584038303089,0.9522502050770052,0.9510000000000001
27,44,16.0,50.78457183361148,1.1680269293366745e-07,-6.932547144271994,0.000123489526579935,0.9580584038303089,0.9522502050770052,0.9520000000000001
33,50,16.0,56.76287690305756,1.6220711177007738e-07,-6.789930108603333,0.00013760669645188772,0.9558597956232934,0.9538443454420366,0.9530000000000001
46,63,16.0,65.73545163910003,2.6155277879189415e-07,-6.582440661575848,0.0001972241802023803,0.9620283411258024,0.9621475105275331,0.9540000000000001
46,63,16.0,65.73545163910003,2.6155277879189415e-07,-6.582440661575848,0.0001972241802023803,0.9620283411258024,0.9621475105275331,0.9550000000000001
46,63,16.0,65.73545163910003,2.6155277879189415e-07,-6.582440661575848,0.0001972241802023803,0.9620283411258024,0.9621475105275331,0.9560000000000001
46,63,16.0,65.73545163910003,2.6155277879189415e-07,-6.582440661575848,0.0001972241802023803,0.9620283411258024,0.9621475105275331,0.9570000000000001
46,63,16.0,65.73545163910003,2.6155277879189415e-07,-6.582440661575848,0.0001972241802023803,0.9620283411258024,0.9621475105275331,0.9580000000000001
46,63,16.0,65.73545163910003,2.6155277879189415e-07,-6.582440661575848,0.0001972241802023803,0.9620283411258024,0.9621475105275331,0.9590000000000001
46,63,16.0,65.73545163910003,2.6155277879189415e-07,-6.582440661575848,0.0001972241802023803,0.9620283411258024,0.9621475105275331,0.96
46,63,16.0,65.73545163910003,2.6155277879189415e-07,-6.582440661575848,0.0001972241802023803,0.9620283411258024,0.9621475105275331,0.9610000000000001
46,63,16.0,65.73545163910003,2.6155277879189415e-07,-6.582440661575848,0.0001972241802023803,0.9620283411258024,0.9621475105275331,0.962
227,244,16.0,157.96141723003177,1.3620448752112243e-06,-5.865808583513136,0.0009712401444434664,0.9760410211460543,0.9668591547141429,0.9630000000000001
227,244,16.0,157.96141723003177,1.3620448752112243e-06,-5.865808583513136,0.0009712401444434664,0.9760410211460543,0.9668591547141429,0.964
227,244,16.0,157.96141723003177,1.3620448752112243e-06,-5.865808583513136,0.0009712401444434664,0.9760410211460543,0.9668591547141429,0.9650000000000001
227,244,16.0,157.96141723003177,1.3620448752112243e-06,-5.865808583513136,0.0009712401444434664,0.9760410211460543,0.9668591547141429,0.966
228,245,16.0,146.41453183989165,9.979547561946478e-07,-6.000889147670955,0.0010831003214288708,0.9814514327371479,0.971644582032552,0.9670000000000001
228,245,16.0,146.41453183989165,9.979547561946478e-07,-6.000889147670955,0.0010831003214288708,0.9814514327371479,0.971644582032552,0.968
228,245,16.0,146.41453183989165,9.979547561946478e-07,-6.000889147670955,0.0010831003214288708,0.9814514327371479,0.971644582032552,0.9690000000000001
228,245,16.0,146.41453183989165,9.979547561946478e-07,-6.000889147670955,0.0010831003214288708,0.9814514327371479,0.971644582032552,0.97
228,245,16.0,146.41453183989165,9.979547561946478e-07,-6.000889147670955,0.0010831003214288708,0.9814514327371479,0.971644582032552,0.9710000000000001
229,246,16.0,139.70478799709562,8.13107213533123e-07,-6.089852186046871,0.0011637808695324826,0.9824844979074076,0.9729742140885675,0.972
230,247,16.0,131.54303820793788,6.153901123845119e-07,-6.210849485942546,0.0012675886999003738,0.985036835898171,0.9752071254293356,0.973
230,247,16.0,131.54303820793788,6.153901123845119e-07,-6.210849485942546,0.0012675886999003738,0.985036835898171,0.9752071254293356,0.974
230,247,16.0,131.54303820793788,6.153901123845119e-07,-6.210849485942546,0.0012675886999003738,0.985036835898171,0.9752071254293356,0.975
235,252,16.0,100.69784800254679,1.4059259153623598e-07,-6.852037563666848,0.0018663122244629439,0.9887409685324556,0.9764293301634057,0.976
236,253,16.0,96.15875224893819,1.0407979849584561e-07,-6.9826335572634095,0.002001367385763108,0.990768486402539,0.9786957308240446,0.977
236,253,16.0,96.15875224893819,1.0407979849584561e-07,-6.9826335572634095,0.002001367385763108,0.990768486402539,0.9786957308240446,0.978
240,257,16.0,81.96270620443782,3.245709155746792e-08,-7.488690399393777,0.002609396611730567,0.9939851109941821,0.9814593049291458,0.979
240,257,16.0,81.96270620443782,3.245709155746792e-08,-7.488690399393777,0.002609396611730567,0.9939851109941821,0.9814593049291458,0.98
240,257,16.0,81.96270620443782,3.245709155746792e-08,-7.488690399393777,0.002609396611730567,0.9939851109941821,0.9814593049291458,0.981
244,261,16.0,71.71341583165352,1.034313498817807e-08,-7.985347807304917,0.003367188809131621,0.9955641107062315,0.982051326765451,0.982
245,262,16.0,69.52668826682277,7.735940130258467e-09,-8.111486899990075,0.0035857174239900796,0.9964424590710471,0.9830698936647112,0.983
249,266,16.0,63.42146407661036,3.0694878175503254e-09,-8.512934085945899,0.00451051914261284,0.9975683009942278,0.9845085344570684,0.984
250,267,16.0,62.01466601160012,2.4119390154814788e-09,-8.617633677284251,0.004780229756449688,0.9981431811750304,0.9853984578199266,0.985
252,269,16.0,59.740182296913076,1.5917175624744228e-09,-8.79813399183755,0.005345132138958875,0.9986670544398494,0.9862154410719401,0.986
254,271,16.0,57.998740453014676,1.1299546604034986e-09,-8.94693898229677,0.0059440732371286,0.9990557873163127,0.987043049066463,0.987
262,279,16.0,52.60669819782669,3.3257966679972236e-10,-9.478104306128575,0.00910748538377029,0.999645519988921,0.9881004834984362,0.988
264,281,16.0,51.987229804852575,2.8345170090967943e-10,-9.547520932592674,0.010035123521991545,0.9997824142250236,0.989056496475058,0.989
284,301,16.0,47.410882452709245,7.36598912541194e-11,-10.13276892664009,0.027026503159479066,0.9999623804299143,0.9907424737797679,0.99
285,302,16.0,47.45020391505136,7.461067892274349e-11,-10.127199008113074,0.02824452539261747,0.9999507821528849,0.9913327582756924,0.991
296,314,16.0,49.070540385222664,1.2709266693076498e-10,-9.895879506907669,0.045429359093409165,0.9998931991961125,0.9920902401085182,0.992
302,320,16.0,50.33840754991805,1.9001841374297793e-10,-9.721204311681488,0.056850583288454604,0.9998650802698272,0.9930862677918378,0.993
310,329,16.0,52.3951708121638,3.54048225905636e-10,-9.450937577470821,0.07620312686952771,0.9997419780665232,0.9940837217095733,0.994
315,334,16.0,54.073452562675584,5.725614995687177e-10,-9.242177858352507,0.08868088246341552,0.999670705022021,0.9950557850524598,0.995
332,353,16.0,60.136888105129984,2.7079237392208604e-09,-8.56736357045289,0.14318821217266842,0.9996846246538443,0.9960194270544479,0.996
340,362,16.0,63.99360243081901,6.3894001540986124e-09,-8.19453991210656,0.1703839313163505,0.9994450277512456,0.9972035418208358,0.997
363,388,16.0,74.34257913172507,4.361322004581282e-08,-7.3603818473668925,0.2580083627716361,0.9995408955094733,0.9980703230517847,0.998
404,434,16.0,94.57278472408791,6.338237818328419e-07,-6.198031469587175,0.4097881925949374,0.9994622202138823,0.999007169230967,0.999
217,235,17.0,341.27438358624096,1.0892651300081777e-05,-4.9628663989539,2.0135753639595293e-06,0.9287560201359021,0.9210845977057034,0.9
217,235,17.0,341.27438358624096,1.0892651300081777e-05,-4.9628663989539,2.0135753639595293e-06,0.9287560201359021,0.9210845977057034,0.901
217,235,17.0,341.27438358624096,1.0892651300081777e-05,-4.9628663989539,2.0135753639595293e-06,0.9287560201359021,0.9210845977057034,0.902
217,235,17.0,341.27438358624096,1.0892651300081777e-05,-4.9628663989539,2.0135753639595293e-06,0.9287560201359021,0.9210845977057034,0.903
217,235,17.0,341.27438358624096,1.0892651300081777e-05,-4.9628663989539,2.0135753639595293e-06,0.9287560201359021,0.9210845977057034,0.904
217,235,17.0,341.27438358624096,1.0892651300081777e-05,-4.9628663989539,2.0135753639595293e-06,0.9287560201359021,0.9210845977057034,0.905
217,235,17.0,341.27438358624096,1.0892651300081777e-05,-4.9628663989539,2.0135753639595293e-06,0.9287560201359021,0.9210845977057034,0.906
217,235,17.0,341.27438358624096,1.0892651300081777e-05,-4.9628663989539,2.0135753639595293e-06,0.9287560201359021,0.9210845977057034,0.907
217,235,17.0,341.27438358624096,1.0892651300081777e-05,-4.9628663989539,2.0135753639595293e-06,0.9287560201359021,0.9210845977057034,0.908
217,235,17.0,341.27438358624096,1.0892651300081777e-05,-4.9628663989539,2.0135753639595293e-06,0.9287560201359021,0.9210845977057034,0.909
217,235,17.0,341.27438358624096,1.0892651300081777e-05,-4.9628663989539,2.0135753639595293e-06,0.9287560201359021,0.9210845977057034,0.91
217,235,17.0,341.27438358624096,1.0892651300081777e-05,-4.9628663989539,2.0135753639595293e-06,0.9287560201359021,0.9210845977057034,0.911
217,235,17.0,341.27438358624096,1.0892651300081777e-05,-4.9628663989539,2.0135753639595293e-06,0.9287560201359021,0.9210845977057034,0.912
217,235,17.0,341.27438358624096,1.0892651300081777e-05,-4.9628663989539,2.0135753639595293e-06,0.9287560201359021,0.9210845977057034,0.913
217,235,17.0,341.27438358624096,1.0892651300081777e-05,-4.9628663989539,2.0135753639595293e-06,0.9287560201359021,0.9210845977057034,0.914
217,235,17.0,341.27438358624096,1.0892651300081777e-05,-4.9628663989539,2.0135753639595293e-06,0.9287560201359021,0.9210845977057034,0.915
217,235,17.0,341.27438358624096,1.0892651300081777e-05,-4.9628663989539,2.0135753639595293e-06,0.9287560201359021,0.9210845977057034,0.916
217,235,17.0,341.27438358624096,1.0892651300081777e-05,-4.9628663989539,2.0135753639595293e-06,0.9287560201359021,0.9210845977057034,0.917
217,235,17.0,341.27438358624096,1.0892651300081777e-05,-4.9628663989539,2.0135753639595293e-06,0.9287560201359021,0.9210845977057034,0.918
217,235,17.0,341.27438358624096,1.0892651300081777e-05,-4.9628663989539,2.0135753639595293e-06,0.9287560201359021,0.9210845977057034,0.919
217,235,17.0,341.27438358624096,1.0892651300081777e-05,-4.9628663989539,2.0135753639595293e-06,0.9287560201359021,0.9210845977057034,0.92
217,235,17.0,341.27438358624096,1.0892651300081777e-05,-4.9628663989539,2.0135753639595293e-06,0.9287560201359021,0.9210845977057034,0.921
16,34,17.0,36.00774818543243,3.4954572732041435e-08,-7.456496002110307,9.995436439002802e-05,0.9242017950903014,0.9267926945552839,0.922
16,34,17.0,36.00774818543243,3.4954572732041435e-08,-7.456496002110307,9.995436439002802e-05,0.9242017950903014,0.9267926945552839,0.923
16,34,17.0,36.00774818543243,3.4954572732041435e-08,-7.456496002110307,9.995436439002802e-05,0.9242017950903014,0.9267926945552839,0.924
18,36,17.0,41.25098725680719,5.806113412968147e-08,-7.236114485186194,0.00010097258892995204,0.9373299440061901,0.9273745156408681,0.925
18,36,17.0,41.25098725680719,5.806113412968147e-08,-7.236114485186194,0.00010097258892995204,0.9373299440061901,0.9273745156408681,0.926
18,36,17.0,41.25098725680719,5.806113412968147e-08,-7.236114485186194,0.00010097258892995204,0.9373299440061901,0.9273745156408681,0.927
19,37,17.0,41.649856120797416,5.960368472041009e-08,-7.224726891194725,0.00010341632925595798,0.9340719589637835,0.9357593556420549,0.928
19,37,17.0,41.649856120797416,5.960368472041009e-08,-7.224726891194725,0.00010341632925595798,0.9340719589637835,0.9357593556420549,0.929
19,37,17.0,41.649856120797416,5.960368472041009e-08,-7.224726891194725,0.00010341632925595798,0.9340719589637835,0.9357593556420549,0.93
19,37,17.0,41.649856120797416,5.960368472041009e-08,-7.224726891194725,0.00010341632925595798,0.9340719589637835,0.9357593556420549,0.931
19,37,17.0,41.649856120797416,5.960368472041009e-08,-7.224726891194725,0.00010341632925595798,0.9340719589637835,0.9357593556420549,0.932
19,37,17.0,41.649856120797416,5.960368472041009e-08,-7.224726891194725,0.00010341632925595798,0.9340719589637835,0.9357593556420549,0.933
19,37,17.0,41.649856120797416,5.960368472041009e-08,-7.224726891194725,0.00010341632925595798,0.9340719589637835,0.9357593556420549,0.934
28,46,17.0,58.009502310904026,1.732234267285125e-07,-6.761393374380343,0.00011094842369345044,0.9440918413241314,0.9383833501724771,0.935
28,46,17.0,58.009502310904026,1.732234267285125e-07,-6.761393374380343,0.00011094842369345044,0.9440918413241314,0.9383833501724771,0.936
28,46,17.0,58.009502310904026,1.732234267285125e-07,-6.761393374380343,0.00011094842369345044,0.9440918413241314,0.9383833501724771,0.937
28,46,17.0,58.009502310904026,1.732234267285125e-07,-6.761393374380343,0.00011094842369345044,0.9440918413241314,0.9383833501724771,0.9380000000000001
23,41,17.0,44.35163779601342,7.301120685371229e-08,-7.1366104727402035,0.00011460130942494684,0.9417780298721274,0.9656578005661522,0.9390000000000001
23,41,17.0,44.35163779601342,7.301120685371229e-08,-7.1366104727402035,0.00011460130942494684,0.9417780298721274,0.9656578005661522,0.9400000000000001
23,41,17.0,44.35163779601342,7.301120685371229e-08,-7.1366104727402035,0.00011460130942494684,0.9417780298721274,0.9656578005661522,0.9410000000000001
22,40,17.0,41.66169520167553,5.8443236382130025e-08,-7.233265742361583,0.00011622007849110155,0.9456397079071264,0.9663517505405184,0.9420000000000001
22,40,17.0,41.66169520167553,5.8443236382130025e-08,-7.233265742361583,0.00011622007849110155,0.9456397079071264,0.9663517505405184,0.9430000000000001
22,40,17.0,41.66169520167553,5.8443236382130025e-08,-7.233265742361583,0.00011622007849110155,0.9456397079071264,0.9663517505405184,0.9440000000000001
22,40,17.0,41.66169520167553,5.8443236382130025e-08,-7.233265742361583,0.00011622007849110155,0.9456397079071264,0.9663517505405184,0.9450000000000001
25,43,17.0,47.655973777374626,9.411832682911014e-08,-7.0263258020160295,0.00012086135110661861,0.9493182014468472,0.9570203370025748,0.9460000000000001
25,43,17.0,47.655973777374626,9.411832682911014e-08,-7.0263258020160295,0.00012086135110661861,0.9493182014468472,0.9570203370025748,0.9470000000000001
25,43,17.0,47.655973777374626,9.411832682911014e-08,-7.0263258020160295,0.00012086135110661861,0.9493182014468472,0.9570203370025748,0.9480000000000001
25,43,17.0,47.655973777374626,9.411832682911014e-08,-7.0263258020160295,0.00012086135110661861,0.9493182014468472,0.9570203370025748,0.9490000000000001
32,50,17.0,57.19660944228727,1.6617977817967084e-07,-6.779421825072365,0.00013421391502449484,0.96172841868416,0.9565180740627781,0.9500000000000001
32,50,17.0,57.19660944228727,1.6617977817967084e-07,-6.779421825072365,0.00013421391502449484,0.96172841868416,0.9565180740627781,0.9510000000000001
32,50,17.0,57.19660944228727,1.6617977817967084e-07,-6.779421825072365,0.00013421391502449484,0.96172841868416,0.9565180740627781,0.9520000000000001
32,50,17.0,57.19660944228727,1.6617977817967084e-07,-6.779421825072365,0.00013421391502449484,0.96172841868416,0.9565180740627781,0.9530000000000001
32,50,17.0,57.19660944228727,1.6617977817967084e-07,-6.779421825072365,0.00013421391502449484,0.96172841868416,0.9565180740627781,0.9540000000000001
32,50,17.0,57.19660944228727,1.6617977817967084e-07,-6.779421825072365,0.00013421391502449484,0.96172841868416,0.9565180740627781,0.9550000000000001
32,50,17.0,57.19660944228727,1.6617977817967084e-07,-6.779421825072365,0.00013421391502449484,0.96172841868416,0.9565180740627781,0.9560000000000001
46,64,17.0,66.92698866789264,2.7601868475128074e-07,-6.559061517899587,0.00019572930182032878,0.9650588051578214,0.9675558289389705,0.9570000000000001
46,64,17.0,66.92698866789264,2.7601868475128074e-07,-6.559061517899587,0.00019572930182032878,0.9650588051578214,0.9675558289389705,0.9580000000000001
46,64,17.0,66.92698866789264,2.7601868475128074e-07,-6.559061517899587,0.00019572930182032878,0.9650588051578214,0.9675558289389705,0.9590000000000001
46,64,17.0,66.92698866789264,2.7601868475128074e-07,-6.559061517899587,0.00019572930182032878,0.9650588051578214,0.9675558289389705,0.96
46,64,17.0,66.92698866789264,2.7601868475128074e-07,-6.559061517899587,0.00019572930182032878,0.9650588051578214,0.9675558289389705,0.9610000000000001
46,64,17.0,66.92698866789264,2.7601868475128074e-07,-6.559061517899587,0.00019572930182032878,0.9650588051578214,0.9675558289389705,0.962
46,64,17.0,66.92698866789264,2.7601868475128074e-07,-6.559061517899587,0.00019572930182032878,0.9650588051578214,0.9675558289389705,0.9630000000000001
46,64,17.0,66.92698866789264,2.7601868475128074e-07,-6.559061517899587,0.00019572930182032878,0.9650588051578214,0.9675558289389705,0.964
46,64,17.0,66.92698866789264,2.7601868475128074e-07,-6.559061517899587,0.00019572930182032878,0.9650588051578214,0.9675558289389705,0.9650000000000001
228,246,17.0,142.82752689805855,8.976528529086169e-07,-6.046891584507248,0.001126899083395522,0.9819790266725203,0.9716374147957004,0.966
228,246,17.0,142.82752689805855,8.976528529086169e-07,-6.046891584507248,0.001126899083395522,0.9819790266725203,0.9716374147957004,0.9670000000000001
228,246,17.0,142.82752689805855,8.976528529086169e-07,-6.046891584507248,0.001126899083395522,0.9819790266725203,0.9716374147957004,0.968
228,246,17.0,142.82752689805855,8.976528529086169e-07,-6.046891584507248,0.001126899083395522,0.9819790266725203,0.9716374147957004,0.9690000000000001
228,246,17.0,142.82752689805855,8.976528529086169e-07,-6.046891584507248,0.001126899083395522,0.9819790266725203,0.9716374147957004,0.97
228,246,17.0,142.82752689805855,8.976528529086169e-07,-6.046891584507248,0.001126899083395522,0.9819790266725203,0.9716374147957004,0.9710000000000001
230,248,17.0,127.90791312341285,5.379930386690825e-07,-6.26922334382648,0.001323415087361789,0.9840816132818294,0.9727740722254486,0.972
235,253,17.0,98.56723132410133,1.2271385139481652e-07,-6.9111064132728615,0.0019354915359156347,0.9885503401105742,0.9750605652077793,0.973
235,253,17.0,98.56723132410133,1.2271385139481652e-07,-6.9111064132728615,0.0019354915359156347,0.9885503401105742,0.9750605652077793,0.974
235,253,17.0,98.56723132410133,1.2271385139481652e-07,-6.9111064132728615,0.0019354915359156347,0.9885503401105742,0.9750605652077793,0.975
236,254,17.0,94.13554731469003,9.029001399555915e-08,-7.044360279658179,0.002076877111796817,0.990209190815678,0.9765844196477523,0.976
239,257,17.0,83.86598482697264,3.893577320400447e-08,-7.40965119646807,0.002525125078815041,0.9918637621898546,0.9776492637735756,0.977
240,258,17.0,80.49097958700541,2.8106879836734022e-08,-7.551187363033607,0.0027049721767628803,0.9934035475030135,0.9789932370224272,0.978
243,261,17.0,72.94141257636923,1.2094786877937114e-08,-7.917401779931399,0.0032701094325915093,0.9945893523789187,0.9794401826853802,0.979
244,262,17.0,70.72020795682238,9.099311416997095e-09,-8.040991471317732,0.0034813545855059435,0.9953450841039034,0.9802462886031398,0.98
245,263,17.0,68.83833838465813,7.038912031584641e-09,-8.1524944623342,0.003690699109875739,0.9965392584507896,0.9822994603277567,0.981
245,263,17.0,68.83833838465813,7.038912031584641e-09,-8.1524944623342,0.003690699109875739,0.9965392584507896,0.9822994603277567,0.982
250,268,17.0,61.40167072094557,2.166042028843932e-09,-8.664333120786454,0.004934302356662759,0.9979443382463142,0.9833435539659522,0.983
251,269,17.0,60.379436385517025,1.7970582675142548e-09,-8.74543784117168,0.00520649617449601,0.9982470770925436,0.9840914222217036,0.984
253,271,17.0,58.476176383979144,1.2450786999092554e-09,-8.904803196475001,0.005798367305194803,0.9988327668938715,0.9852558586591252,0.985
261,279,17.0,52.91637793695665,3.598053606500876e-10,-9.44393237049739,0.008887811284463712,0.9995145858919301,0.9863109077727074,0.986
262,280,17.0,52.49078576576658,3.2301394109971256e-10,-9.490778733359239,0.009342608504181785,0.9996764693148773,0.9871229767398186,0.987
282,300,17.0,47.495453797214786,7.580483589999596e-11,-10.120303088065947,0.025261336078480846,0.9999525463271581,0.9884395241606931,0.988
283,301,17.0,47.482110980329225,7.544318247989161e-11,-10.122379999694065,0.02642780194643661,0.999956438777984,0.9892107210905511,0.989
292,311,17.0,48.44808756669243,1.0380801028363571e-10,-9.98376913311803,0.03963138735104419,0.9999370508776186,0.9901117284965129,0.99
296,315,17.0,49.155520103518185,1.305922530814102e-10,-9.884082585264506,0.04636281678080389,0.9998911791224019,0.9911958961751185,0.991
300,319,17.0,49.92314860702985,1.667640484893089e-10,-9.77789757015869,0.05393541312526511,0.9998509192866747,0.9920382945705782,0.992
309,329,17.0,52.27549970335459,3.4169851431267694e-10,-9.466356909486894,0.07497665966830326,0.9997504474750143,0.9932418105761629,0.993
312,332,17.0,53.19287780876726,4.460933373545001e-10,-9.35057426313315,0.0823532400923066,0.9996663932878941,0.9940702697582895,0.994
325,347,17.0,57.843535602839836,1.551068191139514e-09,-8.809369108450355,0.12204122177922143,0.999613301981347,0.995115978404555,0.995
334,357,17.0,61.58835384947592,3.778914131873131e-09,-8.42263297642841,0.15227548425192136,0.999507700544839,0.9961169538708405,0.996
342,366,17.0,65.41516967634749,8.570369337042495e-09,-8.06700046190606,0.18000530579120344,0.999289213154058,0.9971453173661938,0.997
365,392,17.0,75.79108470006027,5.5023163874405285e-08,-7.259454440960324,0.2683286180611274,0.9994248010889959,0.998037325280957,0.998
406,438,17.0,96.02920305147482,7.396715848361407e-07,-6.130961064799377,0.41934705204500144,0.9993923039238065,0.9990185047707111,0.999
216,235,18.0,352.35615800846654,1.1518316949210855e-05,-4.938610975172369,4.1323248921135613e-05,0.9298222561485705,0.9216942997156555,0.9
216,235,18.0,352.35615800846654,1.1518316949210855e-05,-4.938610975172369,4.1323248921135613e-05,0.9298222561485705,0.9216942997156555,0.901
216,235,18.0,352.35615800846654,1.1518316949210855e-05,-4.938610975172369,4.1323248921135613e-05,0.9298222561485705,0.9216942997156555,0.902
216,235,18.0,352.35615800846654,1.1518316949210855e-05,-4.938610975172369,4.1323248921135613e-05,0.9298222561485705,0.9216942997156555,0.903
216,235,18.0,352.35615800846654,1.1518316949210855e-05,-4.938610975172369,4.1323248921135613e-05,0.9298222561485705,0.9216942997156555,0.904
216,235,18.0,352.35615800846654,1.1518316949210855e-05,-4.938610975172369,4.1323248921135613e-05,0.9298222561485705,0.9216942997156555,0.905
216,235,18.0,352.35615800846654,1.1518316949210855e-05,-4.938610975172369,4.1323248921135613e-05,0.9298222561485705,0.9216942997156555,0.906
216,235,18.0,352.35615800846654,1.1518316949210855e-05,-4.938610975172369,4.1323248921135613e-05,0.9298222561485705,0.9216942997156555,0.907
216,235,18.0,352.35615800846654,1.1518316949210855e-05,-4.938610975172369,4.1323248921135613e-05,0.9298222561485705,0.9216942997156555,0.908
216,235,18.0,352.35615800846654,1.1518316949210855e-05,-4.938610975172369,4.1323248921135613e-05,0.9298222561485705,0.9216942997156555,0.909
216,235,18.0,352.35615800846654,1.1518316949210855e-05,-4.938610975172369,4.1323248921135613e-05,0.9298222561485705,0.9216942997156555,0.91
216,235,18.0,352.35615800846654,1.1518316949210855e-05,-4.938610975172369,4.1323248921135613e-05,0.9298222561485705,0.9216942997156555,0.911
216,235,18.0,352.35615800846654,1.1518316949210855e-05,-4.938610975172369,4.1323248921135613e-05,0.9298222561485705,0.9216942997156555,0.912
216,235,18.0,352.35615800846654,1.1518316949210855e-05,-4.938610975172369,4.1323248921135613e-05,0.9298222561485705,0.9216942997156555,0.913
216,235,18.0,352.35615800846654,1.1518316949210855e-05,-4.938610975172369,4.1323248921135613e-05,0.9298222561485705,0.9216942997156555,0.914
216,235,18.0,352.35615800846654,1.1518316949210855e-05,-4.938610975172369,4.1323248921135613e-05,0.9298222561485705,0.9216942997156555,0.915
216,235,18.0,352.35615800846654,1.1518316949210855e-05,-4.938610975172369,4.1323248921135613e-05,0.9298222561485705,0.9216942997156555,0.916
216,235,18.0,352.35615800846654,1.1518316949210855e-05,-4.938610975172369,4.1323248921135613e-05,0.9298222561485705,0.9216942997156555,0.917
216,235,18.0,352.35615800846654,1.1518316949210855e-05,-4.938610975172369,4.1323248921135613e-05,0.9298222561485705,0.9216942997156555,0.918
216,235,18.0,352.35615800846654,1.1518316949210855e-05,-4.938610975172369,4.1323248921135613e-05,0.9298222561485705,0.9216942997156555,0.919
216,235,18.0,352.35615800846654,1.1518316949210855e-05,-4.938610975172369,4.1323248921135613e-05,0.9298222561485705,0.9216942997156555,0.92
216,235,18.0,352.35615800846654,1.1518316949210855e-05,-4.938610975172369,4.1323248921135613e-05,0.9298222561485705,0.9216942997156555,0.921
217,236,18.0,323.33773027491094,9.89171132576933e-06,-5.004728566335689,6.399236670321886e-05,0.9309253966730479,0.9228288068155657,0.922
18,37,18.0,42.238868995102976,6.268242296049543e-08,-7.2028542244236915,0.00010003241967439243,0.940879477165921,0.9364507338195316,0.923
18,37,18.0,42.238868995102976,6.268242296049543e-08,-7.2028542244236915,0.00010003241967439243,0.940879477165921,0.9364507338195316,0.924
18,37,18.0,42.238868995102976,6.268242296049543e-08,-7.2028542244236915,0.00010003241967439243,0.940879477165921,0.9364507338195316,0.925
18,37,18.0,42.238868995102976,6.268242296049543e-08,-7.2028542244236915,0.00010003241967439243,0.940879477165921,0.9364507338195316,0.926
18,37,18.0,42.238868995102976,6.268242296049543e-08,-7.2028542244236915,0.00010003241967439243,0.940879477165921,0.9364507338195316,0.927
18,37,18.0,42.238868995102976,6.268242296049543e-08,-7.2028542244236915,0.00010003241967439243,0.940879477165921,0.9364507338195316,0.928
18,37,18.0,42.238868995102976,6.268242296049543e-08,-7.2028542244236915,0.00010003241967439243,0.940879477165921,0.9364507338195316,0.929
18,37,18.0,42.238868995102976,6.268242296049543e-08,-7.2028542244236915,0.00010003241967439243,0.940879477165921,0.9364507338195316,0.93
18,37,18.0,42.238868995102976,6.268242296049543e-08,-7.2028542244236915,0.00010003241967439243,0.940879477165921,0.9364507338195316,0.931
18,37,18.0,42.238868995102976,6.268242296049543e-08,-7.2028542244236915,0.00010003241967439243,0.940879477165921,0.9364507338195316,0.932
18,37,18.0,42.238868995102976,6.268242296049543e-08,-7.2028542244236915,0.00010003241967439243,0.940879477165921,0.9364507338195316,0.933
18,37,18.0,42.238868995102976,6.268242296049543e-08,-7.2028542244236915,0.00010003241967439243,0.940879477165921,0.9364507338195316,0.934
18,37,18.0,42.238868995102976,6.268242296049543e-08,-7.2028542244236915,0.00010003241967439243,0.940879477165921,0.9364507338195316,0.935
18,37,18.0,42.238868995102976,6.268242296049543e-08,-7.2028542244236915,0.00010003241967439243,0.940879477165921,0.9364507338195316,0.936
19,38,18.0,42.52707197141897,6.380012344228625e-08,-7.195178480992758,0.00010314226715346109,0.9389128617464764,0.9447525188760898,0.937
19,38,18.0,42.52707197141897,6.380012344228625e-08,-7.195178480992758,0.00010314226715346109,0.9389128617464764,0.9447525188760898,0.9380000000000001
27,46,18.0,55.333639064809525,1.5019156873779812e-07,-6.823354446515768,0.0001135794628545729,0.9453066157444922,0.9475154508238874,0.9390000000000001
27,46,18.0,55.333639064809525,1.5019156873779812e-07,-6.823354446515768,0.0001135794628545729,0.9453066157444922,0.9475154508238874,0.9400000000000001
27,46,18.0,55.333639064809525,1.5019156873779812e-07,-6.823354446515768,0.0001135794628545729,0.9453066157444922,0.9475154508238874,0.9410000000000001
27,46,18.0,55.333639064809525,1.5019156873779812e-07,-6.823354446515768,0.0001135794628545729,0.9453066157444922,0.9475154508238874,0.9420000000000001
27,46,18.0,55.333639064809525,1.5019156873779812e-07,-6.823354446515768,0.0001135794628545729,0.9453066157444922,0.9475154508238874,0.9430000000000001
27,46,18.0,55.333639064809525,1.5019156873779812e-07,-6.823354446515768,0.0001135794628545729,0.9453066157444922,0.9475154508238874,0.9440000000000001
27,46,18.0,55.333639064809525,1.5019156873779812e-07,-6.823354446515768,0.0001135794628545729,0.9453066157444922,0.9475154508238874,0.9450000000000001
22,41,18.0,42.804389844589714,6.41042582504864e-08,-7.193113120664262,0.00011535215079497628,0.9471110911026264,0.970789092386647,0.9460000000000001
22,41,18.0,42.804389844589714,6.41042582504864e-08,-7.193113120664262,0.00011535215079497628,0.9471110911026264,0.970789092386647,0.9470000000000001
23,42,18.0,44.727966296437,7.507002688356828e-08,-7.124533428606996,0.00011711007284414205,0.9488996181937507,0.969390381737413,0.9480000000000001
24,43,18.0,45.476752312768795,7.979077695643163e-08,-7.098047305997876,0.00012254847303158327,0.9495106881152212,0.9634411212189954,0.9490000000000001
25,44,18.0,47.70942726539423,9.445346891026128e-08,-7.024782087494187,0.00012430042317497657,0.9564901457638668,0.9612952332811826,0.9500000000000001
25,44,18.0,47.70942726539423,9.445346891026128e-08,-7.024782087494187,0.00012430042317497657,0.9564901457638668,0.9612952332811826,0.9510000000000001
25,44,18.0,47.70942726539423,9.445346891026128e-08,-7.024782087494187,0.00012430042317497657,0.9564901457638668,0.9612952332811826,0.9520000000000001
25,44,18.0,47.70942726539423,9.445346891026128e-08,-7.024782087494187,0.00012430042317497657,0.9564901457638668,0.9612952332811826,0.9530000000000001
25,44,18.0,47.70942726539423,9.445346891026128e-08,-7.024782087494187,0.00012430042317497657,0.9564901457638668,0.9612952332811826,0.9540000000000001
25,44,18.0,47.70942726539423,9.445346891026128e-08,-7.024782087494187,0.00012430042317497657,0.9564901457638668,0.9612952332811826,0.9550000000000001
25,44,18.0,47.70942726539423,9.445346891026128e-08,-7.024782087494187,0.00012430042317497657,0.9564901457638668,0.9612952332811826,0.9560000000000001
46,65,18.0,66.77180134740891,2.741127577006252e-07,-6.562070751144024,0.0002005244290140031,0.9702484404272651,0.9708082042078472,0.9570000000000001
46,65,18.0,66.77180134740891,2.741127577006252e-07,-6.562070751144024,0.0002005244290140031,0.9702484404272651,0.9708082042078472,0.9580000000000001
46,65,18.0,66.77180134740891,2.741127577006252e-07,-6.562070751144024,0.0002005244290140031,0.9702484404272651,0.9708082042078472,0.9590000000000001
46,65,18.0,66.77180134740891,2.741127577006252e-07,-6.562070751144024,0.0002005244290140031,0.9702484404272651,0.9708082042078472,0.96
46,65,18.0,66.77180134740891,2.741127577006252e-07,-6.562070751144024,0.0002005244290140031,0.9702484404272651,0.9708082042078472,0.9610000000000001
46,65,18.0,66.77180134740891,2.741127577006252e-07,-6.562070751144024,0.0002005244290140031,0.9702484404272651,0.9708082042078472,0.962
46,65,18.0,66.77180134740891,2.741127577006252e-07,-6.562070751144024,0.0002005244290140031,0.9702484404272651,0.9708082042078472,0.9630000000000001
46,65,18.0,66.77180134740891,2.741127577006252e-07,-6.562070751144024,0.0002005244290140031,0.9702484404272651,0.9708082042078472,0.964
46,65,18.0,66.77180134740891,2.741127577006252e-07,-6.562070751144024,0.0002005244290140031,0.9702484404272651,0.9708082042078472,0.9650000000000001
46,65,18.0,66.77180134740891,2.741127577006252e-07,-6.562070751144024,0.0002005244290140031,0.9702484404272651,0.9708082042078472,0.966
46,65,18.0,66.77180134740891,2.741127577006252e-07,-6.562070751144024,0.0002005244290140031,0.9702484404272651,0.9708082042078472,0.9670000000000001
46,65,18.0,66.77180134740891,2.741127577006252e-07,-6.562070751144024,0.0002005244290140031,0.9702484404272651,0.9708082042078472,0.968
46,65,18.0,66.77180134740891,2.741127577006252e-07,-6.562070751144024,0.0002005244290140031,0.9702484404272651,0.9708082042078472,0.9690000000000001
46,65,18.0,66.77180134740891,2.741127577006252e-07,-6.562070751144024,0.0002005244290140031,0.9702484404272651,0.9708082042078472,0.97
235,254,18.0,96.41484753499199,1.062907293319565e-07,-6.973504612951324,0.002010098849945331,0.9880152306530868,0.9729195417620119,0.9710000000000001
235,254,18.0,96.41484753499199,1.062907293319565e-07,-6.973504612951324,0.002010098849945331,0.9880152306530868,0.9729195417620119,0.972
236,255,18.0,92.35303462661125,7.924051999452059e-08,-7.101052683183845,0.0021505463875214495,0.9899739769590875,0.9750496528221909,0.973
236,255,18.0,92.35303462661125,7.924051999452059e-08,-7.101052683183845,0.0021505463875214495,0.9899739769590875,0.9750496528221909,0.974
236,255,18.0,92.35303462661125,7.924051999452059e-08,-7.101052683183845,0.0021505463875214495,0.9899739769590875,0.9750496528221909,0.975
240,259,18.0,79.08301524191414,2.4365369418986437e-08,-7.613226999615702,0.0028038941913036794,0.992862032936461,0.9765336468096392,0.976
242,261,18.0,74.09969977902044,1.3949295699329939e-08,-7.855447719387966,0.003179837997256321,0.9938424191921027,0.9771267212490017,0.977
244,263,18.0,69.96018661834916,8.228318014100585e-09,-8.084688931719645,0.0035862246506509344,0.9954723565808035,0.979427312535843,0.978
244,263,18.0,69.96018661834916,8.228318014100585e-09,-8.084688931719645,0.0035862246506509344,0.9954723565808035,0.979427312535843,0.979
245,264,18.0,67.97174248409137,6.232138858629215e-09,-8.205362878688414,0.0038145161347014306,0.9962336766954578,0.9800722782933201,0.98
250,269,18.0,60.95311194877309,1.9992170040824882e-09,-8.699140063030171,0.0050771231765367525,0.9979740776263746,0.9822137974576939,0.981
250,269,18.0,60.95311194877309,1.9992170040824882e-09,-8.699140063030171,0.0050771231765367525,0.9979740776263746,0.9822137974576939,0.982
252,271,18.0,58.950683641362474,1.3688393744247776e-09,-8.8636475108826,0.005658055694785127,0.9986212858615955,0.983456008216231,0.983
260,279,18.0,53.20390391121691,3.8672777986695343e-10,-9.412594630074349,0.008677817721624173,0.9994170402657157,0.9845775548974931,0.984
261,280,18.0,52.780036138187164,3.478243165799609e-10,-9.458640059517492,0.009121137745172182,0.9995512754593708,0.9852762933717806,0.985
263,282,18.0,52.101281256797044,2.922625585812145e-10,-9.534226818043495,0.010060877420822312,0.9997115575157653,0.9860529589504465,0.986
282,301,18.0,47.54403643790409,7.702257505542683e-11,-10.11338196593053,0.0258478084767367,0.999953466963934,0.9876737347345054,0.987
285,305,18.0,47.61025370044624,7.866836546575001e-11,-10.104199873303347,0.03024791745819225,0.9999455355674084,0.9881131237062899,0.988
291,311,18.0,48.366689819892805,1.0104733260478309e-10,-9.99547514627845,0.03887681299775394,0.9999297805218975,0.9890358084193229,0.989
295,315,18.0,49.09426960432725,1.28018295364851e-10,-9.89272795997547,0.04549030394025145,0.9998981576679263,0.9900600558948529,0.99
304,325,18.0,51.02788677078682,2.3491520754037143e-10,-9.629088867696277,0.06462703323577859,0.9998298767719703,0.9910497258684033,0.991
307,328,18.0,51.90634507619574,3.062180699007853e-10,-9.513969185203237,0.0713582149463272,0.9997702192464182,0.9920997013758106,0.992
310,331,18.0,52.73195416189865,3.903601084679515e-10,-9.408534569994668,0.07861636447239308,0.999682540712862,0.9930614687562231,0.993
323,346,18.0,57.348357181796096,1.368543501878841e-09,-8.863741393120018,0.11737075839185655,0.9996406890177939,0.9942296332752006,0.994
331,355,18.0,60.42040635538997,2.8900449802240377e-09,-8.539095397897059,0.14442650971336202,0.9995024185503298,0.9952980478821257,0.995
337,362,18.0,63.33283350718885,5.54441975267862e-09,-8.256143897918014,0.1652301072699101,0.9994120184398468,0.9960009466756651,0.996
359,387,18.0,73.2962279331537,3.664982028330521e-08,-7.43592815063159,0.2484125165424689,0.9995398402082616,0.9971348183976256,0.997
368,397,18.0,77.75267525323912,7.447785546466796e-08,-7.127972837038391,0.2820125400032744,0.9993003677566286,0.9980939072756047,0.998
410,445,18.0,99.06277601901839,1.0073905105534274e-06,-5.996802144438893,0.43508009229721584,0.9993143786035217,0.9990542809633527,0.999
216,236,19.0,334.01587232239694,1.0504133725642989e-05,-4.9786397579830135,2.4078357738076055e-05,0.9307464283924647,0.9221210894381087,0.9
216,236,19.0,334.01587232239694,1.0504133725642989e-05,-4.9786397579830135,2.4078357738076055e-05,0.9307464283924647,0.9221210894381087,0.901
216,236,19.0,334.01587232239694,1.0504133725642989e-05,-4.9786397579830135,2.4078357738076055e-05,0.9307464283924647,0.9221210894381087,0.902
216,236,19.0,334.01587232239694,1.0504133725642989e-05,-4.9786397579830135,2.4078357738076055e-05,0.9307464283924647,0.9221210894381087,0.903
216,236,19.0,334.01587232239694,1.0504133725642989e-05,-4.9786397579830135,2.4078357738076055e-05,0.9307464283924647,0.9221210894381087,0.904
216,236,19.0,334.01587232239694,1.0504133725642989e-05,-4.9786397579830135,2.4078357738076055e-05,0.9307464283924647,0.9221210894381087,0.905
216,236,19.0,334.01587232239694,1.0504133725642989e-05,-4.9786397579830135,2.4078357738076055e-05,0.9307464283924647,0.9221210894381087,0.906
216,236,19.0,334.01587232239694,1.0504133725642989e-05,-4.9786397579830135,2.4078357738076055e-05,0.9307464283924647,0.9221210894381087,0.907
216,236,19.0,334.01587232239694,1.0504133725642989e-05,-4.9786397579830135,2.4078357738076055e-05,0.9307464283924647,0.9221210894381087,0.908
216,236,19.0,334.01587232239694,1.0504133725642989e-05,-4.9786397579830135,2.4078357738076055e-05,0.9307464283924647,0.9221210894381087,0.909
216,236,19.0,334.01587232239694,1.0504133725642989e-05,-4.9786397579830135,2.4078357738076055e-05,0.9307464283924647,0.9221210894381087,0.91
216,236,19.0,334.01587232239694,1.0504133725642989e-05,-4.9786397579830135,2.4078357738076055e-05,0.9307464283924647,0.9221210894381087,0.911
216,236,19.0,334.01587232239694,1.0504133725642989e-05,-4.9786397579830135,2.4078357738076055e-05,0.9307464283924647,0.9221210894381087,0.912
216,236,19.0,334.01587232239694,1.0504133725642989e-05,-4.9786397579830135,2.4078357738076055e-05,0.9307464283924647,0.9221210894381087,0.913
216,236,19.0,334.01587232239694,1.0504133725642989e-05,-4.9786397579830135,2.4078357738076055e-05,0.9307464283924647,0.9221210894381087,0.914
216,236,19.0,334.01587232239694,1.0504133725642989e-05,-4.9786397579830135,2.4078357738076055e-05,0.9307464283924647,0.9221210894381087,0.915
216,236,19.0,334.01587232239694,1.0504133725642989e-05,-4.9786397579830135,2.4078357738076055e-05,0.9307464283924647,0.9221210894381087,0.916
216,236,19.0,334.01587232239694,1.0504133725642989e-05,-4.9786397579830135,2.4078357738076055e-05,0.9307464283924647,0.9221210894381087,0.917
216,236,19.0,334.01587232239694,1.0504133725642989e-05,-4.9786397579830135,2.4078357738076055e-05,0.9307464283924647,0.9221210894381087,0.918
216,236,19.0,334.01587232239694,1.0504133725642989e-05,-4.9786397579830135,2.4078357738076055e-05,0.9307464283924647,0.9221210894381087,0.919
216,236,19.0,334.01587232239694,1.0504133725642989e-05,-4.9786397579830135,2.4078357738076055e-05,0.9307464283924647,0.9221210894381087,0.92
216,236,19.0,334.01587232239694,1.0504133725642989e-05,-4.9786397579830135,2.4078357738076055e-05,0.9307464283924647,0.9221210894381087,0.921
216,236,19.0,334.01587232239694,1.0504133725642989e-05,-4.9786397579830135,2.4078357738076055e-05,0.9307464283924647,0.9221210894381087,0.922
18,38,19.0,42.99469858016608,6.63284534836067e-08,-7.178300128607937,0.00010010109814161514,0.9454253803127246,0.9452223794680541,0.923
18,38,19.0,42.99469858016608,6.63284534836067e-08,-7.178300128607937,0.00010010109814161514,0.9454253803127246,0.9452223794680541,0.924
18,38,19.0,42.99469858016608,6.63284534836067e-08,-7.178300128607937,0.00010010109814161514,0.9454253803127246,0.9452223794680541,0.925
18,38,19.0,42.99469858016608,6.63284534836067e-08,-7.178300128607937,0.00010010109814161514,0.9454253803127246,0.9452223794680541,0.926
18,38,19.0,42.99469858016608,6.63284534836067e-08,-7.178300128607937,0.00010010109814161514,0.9454253803127246,0.9452223794680541,0.927
18,38,19.0,42.99469858016608,6.63284534836067e-08,-7.178300128607937,0.00010010109814161514,0.9454253803127246,0.9452223794680541,0.928
18,38,19.0,42.99469858016608,6.63284534836067e-08,-7.178300128607937,0.00010010109814161514,0.9454253803127246,0.9452223794680541,0.929
18,38,19.0,42.99469858016608,6.63284534836067e-08,-7.178300128607937,0.00010010109814161514,0.9454253803127246,0.9452223794680541,0.93
18,38,19.0,42.99469858016608,6.63284534836067e-08,-7.178300128607937,0.00010010109814161514,0.9454253803127246,0.9452223794680541,0.931
18,38,19.0,42.99469858016608,6.63284534836067e-08,-7.178300128607937,0.00010010109814161514,0.9454253803127246,0.9452223794680541,0.932
18,38,19.0,42.99469858016608,6.63284534836067e-08,-7.178300128607937,0.00010010109814161514,0.9454253803127246,0.9452223794680541,0.933
18,38,19.0,42.99469858016608,6.63284534836067e-08,-7.178300128607937,0.00010010109814161514,0.9454253803127246,0.9452223794680541,0.934
18,38,19.0,42.99469858016608,6.63284534836067e-08,-7.178300128607937,0.00010010109814161514,0.9454253803127246,0.9452223794680541,0.935
18,38,19.0,42.99469858016608,6.63284534836067e-08,-7.178300128607937,0.00010010109814161514,0.9454253803127246,0.9452223794680541,0.936
18,38,19.0,42.99469858016608,6.63284534836067e-08,-7.178300128607937,0.00010010109814161514,0.9454253803127246,0.9452223794680541,0.937
18,38,19.0,42.99469858016608,6.63284534836067e-08,-7.178300128607937,0.00010010109814161514,0.9454253803127246,0.9452223794680541,0.9380000000000001
18,38,19.0,42.99469858016608,6.63284534836067e-08,-7.178300128607937,0.00010010109814161514,0.9454253803127246,0.9452223794680541,0.9390000000000001
18,38,19.0,42.99469858016608,6.63284534836067e-08,-7.178300128607937,0.00010010109814161514,0.9454253803127246,0.9452223794680541,0.9400000000000001
18,38,19.0,42.99469858016608,6.63284534836067e-08,-7.178300128607937,0.00010010109814161514,0.9454253803127246,0.9452223794680541,0.9410000000000001
18,38,19.0,42.99469858016608,6.63284534836067e-08,-7.178300128607937,0.00010010109814161514,0.9454253803127246,0.9452223794680541,0.9420000000000001
18,38,19.0,42.99469858016608,6.63284534836067e-08,-7.178300128607937,0.00010010109814161514,0.9454253803127246,0.9452223794680541,0.9430000000000001
18,38,19.0,42.99469858016608,6.63284534836067e-08,-7.178300128607937,0.00010010109814161514,0.9454253803127246,0.9452223794680541,0.9440000000000001
18,38,19.0,42.99469858016608,6.63284534836067e-08,-7.178300128607937,0.00010010109814161514,0.9454253803127246,0.9452223794680541,0.9450000000000001
19,39,19.0,42.66211266986214,6.44595304375336e-08,-7.190712862477591,0.00010600097791449973,0.9468056587131385,0.9508109058140879,0.9460000000000001
22,42,19.0,43.26599805820165,6.646434118699299e-08,-7.17741129573888,0.00011756438247422551,0.9527429053149106,0.9736912947110943,0.9470000000000001
22,42,19.0,43.26599805820165,6.646434118699299e-08,-7.17741129573888,0.00011756438247422551,0.9527429053149106,0.9736912947110943,0.9480000000000001
22,42,19.0,43.26599805820165,6.646434118699299e-08,-7.17741129573888,0.00011756438247422551,0.9527429053149106,0.9736912947110943,0.9490000000000001
22,42,19.0,43.26599805820165,6.646434118699299e-08,-7.17741129573888,0.00011756438247422551,0.9527429053149106,0.9736912947110943,0.9500000000000001
22,42,19.0,43.26599805820165,6.646434118699299e-08,-7.17741129573888,0.00011756438247422551,0.9527429053149106,0.9736912947110943,0.9510000000000001
22,42,19.0,43.26599805820165,6.646434118699299e-08,-7.17741129573888,0.00011756438247422551,0.9527429053149106,0.9736912947110943,0.9520000000000001
23,43,19.0,44.627595976358286,7.451585294301123e-08,-7.127751323046897,0.00012177684758554641,0.956038259748394,0.967670758570581,0.9530000000000001
23,43,19.0,44.627595976358286,7.451585294301123e-08,-7.127751323046897,0.00012177684758554641,0.956038259748394,0.967670758570581,0.9540000000000001
23,43,19.0,44.627595976358286,7.451585294301123e-08,-7.127751323046897,0.00012177684758554641,0.956038259748394,0.967670758570581,0.9550000000000001
23,43,19.0,44.627595976358286,7.451585294301123e-08,-7.127751323046897,0.00012177684758554641,0.956038259748394,0.967670758570581,0.9560000000000001
36,56,19.0,57.281927626874044,1.675548586241237e-07,-6.775842974316008,0.00016648775176584033,0.9639471751251429,0.9571497115974771,0.9570000000000001
43,63,19.0,61.26395442978552,2.0691815131804387e-07,-6.684201410390342,0.00020011881006460057,0.9604597956289448,0.9689602405271741,0.9580000000000001
43,63,19.0,61.26395442978552,2.0691815131804387e-07,-6.684201410390342,0.00020011881006460057,0.9604597956289448,0.9689602405271741,0.9590000000000001
43,63,19.0,61.26395442978552,2.0691815131804387e-07,-6.684201410390342,0.00020011881006460057,0.9604597956289448,0.9689602405271741,0.96
45,65,19.0,64.07022054452617,2.394469236880101e-07,-6.620790738215878,0.00020471421261370238,0.9670968513690421,0.9745273197048736,0.9610000000000001
45,65,19.0,64.07022054452617,2.394469236880101e-07,-6.620790738215878,0.00020471421261370238,0.9670968513690421,0.9745273197048736,0.962
45,65,19.0,64.07022054452617,2.394469236880101e-07,-6.620790738215878,0.00020471421261370238,0.9670968513690421,0.9745273197048736,0.9630000000000001
45,65,19.0,64.07022054452617,2.394469236880101e-07,-6.620790738215878,0.00020471421261370238,0.9670968513690421,0.9745273197048736,0.964
45,65,19.0,64.07022054452617,2.394469236880101e-07,-6.620790738215878,0.00020471421261370238,0.9670968513690421,0.9745273197048736,0.9650000000000001
45,65,19.0,64.07022054452617,2.394469236880101e-07,-6.620790738215878,0.00020471421261370238,0.9670968513690421,0.9745273197048736,0.966
45,65,19.0,64.07022054452617,2.394469236880101e-07,-6.620790738215878,0.00020471421261370238,0.9670968513690421,0.9745273197048736,0.9670000000000001
47,67,19.0,65.71752841532972,2.612940049220031e-07,-6.582870554525108,0.00021791037994147965,0.9735220398946675,0.9682359121555865,0.968
235,255,19.0,94.50730906788269,9.30572592505505e-08,-7.031249742581716,0.0020831555867881126,0.9878041310181611,0.9713467624070168,0.9690000000000001
235,255,19.0,94.50730906788269,9.30572592505505e-08,-7.031249742581716,0.0020831555867881126,0.9878041310181611,0.9713467624070168,0.97
235,255,19.0,94.50730906788269,9.30572592505505e-08,-7.031249742581716,0.0020831555867881126,0.9878041310181611,0.9713467624070168,0.9710000000000001
238,258,19.0,83.93773916980284,3.9327863397122476e-08,-7.405299647285782,0.0025421708397690874,0.9899267757633564,0.9721729793281872,0.972
240,260,19.0,77.73202870857754,2.1137733777771766e-08,-7.674941576184985,0.0029065030267465706,0.9923468209424929,0.9740360704284965,0.973
240,260,19.0,77.73202870857754,2.1137733777771766e-08,-7.674941576184985,0.0029065030267465706,0.9923468209424929,0.9740360704284965,0.974
242,262,19.0,73.01272790849265,1.223865983330835e-08,-7.912266136019267,0.0032900970886643563,0.9935878821967216,0.9751327023263053,0.975
243,263,19.0,71.07252693392014,9.557722875605646e-09,-8.019645565920275,0.003486768288792801,0.994496197829805,0.9766588489481128,0.976
244,264,19.0,69.04418923086126,7.266157530193434e-09,-8.138695190872957,0.003708140270786517,0.9951920570250664,0.9771808209959253,0.977
245,265,19.0,67.2090810630239,5.58375552459441e-09,-8.253073604826856,0.003936896549286561,0.9960875686840381,0.9782962496844139,0.978
249,269,19.0,61.683214052324914,2.2828233965971175e-09,-8.641527685027516,0.004943710710906203,0.9973683857349567,0.979706937950287,0.979
250,270,19.0,60.508856276217514,1.8443299643083928e-09,-8.734161377827547,0.0052260514106218835,0.997968232550088,0.9808236494498579,0.98
251,271,19.0,59.530913695991984,1.5336690746842865e-09,-8.814268339567487,0.005515886886925318,0.9982181787422663,0.9812267551839772,0.981
259,279,19.0,53.53785613359819,4.2008981787526254e-10,-9.37665784475141,0.008469743512812662,0.9992597093838634,0.9826252848549263,0.982
260,280,19.0,53.05202092296292,3.7258785943250854e-10,-9.428771300452578,0.008908681903820558,0.9994534904113772,0.9834703990894997,0.983
261,281,19.0,52.648461819036356,3.3657269487489924e-10,-9.472921119929318,0.009361575432164084,0.999579381509556,0.98410050716002,0.984
280,300,19.0,47.620107885042245,7.901589649319152e-11,-10.102285528142778,0.024161753523120718,0.9999467207854498,0.985419985808029,0.985
284,305,19.0,47.6186858118232,7.889177259304509e-11,-10.102968285811489,0.029620589388626925,0.9999528651386954,0.9865839726294807,0.986
285,306,19.0,47.67611567518182,8.039615092159881e-11,-10.094764743210819,0.030934028214321327,0.9999403445227915,0.9870321178471292,0.987
291,312,19.0,48.46906258659922,1.044651101026491e-10,-9.981028733667499,0.03968118861712041,0.9999098851782129,0.9882586398123939,0.988
295,316,19.0,49.19896198056172,1.3236456806690642e-10,-9.878228253207434,0.04639905772717926,0.9998818243158223,0.9892611609033065,0.989
303,325,19.0,50.929426939799924,2.278732878591606e-10,-9.642306581424679,0.06352238383420121,0.9998291580065128,0.9900485051426748,0.99
306,328,19.0,51.76007007548297,2.930185383205186e-10,-9.533104902391226,0.07021739216752577,0.9997508237989948,0.9912492942080794,0.991
311,334,19.0,53.36557761425159,4.680860480491264e-10,-9.329674303426238,0.08361454973667559,0.9995935427131515,0.9922343847969137,0.992
320,344,19.0,56.50555749755457,1.1016764268052991e-09,-8.957945943313518,0.10985492160743701,0.9996620912014527,0.9930006667718759,0.993
328,353,19.0,59.369683196061146,2.253462075807542e-09,-8.647149746404233,0.13652840690756796,0.9995908287019003,0.9940670523519405,0.994
331,356,19.0,60.65477596876734,3.050308794514924e-09,-8.515656193123535,0.1459007271217251,0.999434163842552,0.9950938648264764,0.995
339,365,19.0,64.48343090102189,7.0697978834255e-09,-8.150593001955254,0.17329979980841606,0.999309657975859,0.9961604092912776,0.996
360,390,19.0,74.11754070293121,4.197536405682063e-08,-7.377005528491101,0.2556535859194234,0.9994264156383939,0.9970238272689874,0.997
369,400,19.0,78.87114355492388,8.795604895657093e-08,-7.055734287666164,0.2881629818165137,0.9991548786689146,0.9980554167324944,0.998
410,447,19.0,99.67703187828593,1.0698532925592079e-06,-5.970675772408539,0.43736834427947274,0.9991908928942085,0.999045574237094,0.999
216,237,20.0,322.34810024519356,9.851171093951953e-06,-5.006512138090296,6.797676621964863e-05,0.9366927461270641,0.9283874014801811,0.9
216,237,20.0,322.34810024519356,9.851171093951953e-06,-5.006512138090296,6.797676621964863e-05,0.9366927461270641,0.9283874014801811,0.901
216,237,20.0,322.34810024519356,9.851171093951953e-06,-5.006512138090296,6.797676621964863e-05,0.9366927461270641,0.9283874014801811,0.902
216,237,20.0,322.34810024519356,9.851171093951953e-06,-5.006512138090296,6.797676621964863e-05,0.9366927461270641,0.9283874014801811,0.903
216,237,20.0,322.34810024519356,9.851171093951953e-06,-5.006512138090296,6.797676621964863e-05,0.9366927461270641,0.9283874014801811,0.904
216,237,20.0,322.34810024519356,9.851171093951953e-06,-5.006512138090296,6.797676621964863e-05,0.9366927461270641,0.9283874014801811,0.905
216,237,20.0,322.34810024519356,9.851171093951953e-06,-5.006512138090296,6.797676621964863e-05,0.9366927461270641,0.9283874014801811,0.906
216,237,20.0,322.34810024519356,9.851171093951953e-06,-5.006512138090296,6.797676621964863e-05,0.9366927461270641,0.9283874014801811,0.907
216,237,20.0,322.34810024519356,9.851171093951953e-06,-5.006512138090296,6.797676621964863e-05,0.9366927461270641,0.9283874014801811,0.908
216,237,20.0,322.34810024519356,9.851171093951953e-06,-5.006512138090296,6.797676621964863e-05,0.9366927461270641,0.9283874014801811,0.909
216,237,20.0,322.34810024519356,9.851171093951953e-06,-5.006512138090296,6.797676621964863e-05,0.9366927461270641,0.9283874014801811,0.91
216,237,20.0,322.34810024519356,9.851171093951953e-06,-5.006512138090296,6.797676621964863e-05,0.9366927461270641,0.9283874014801811,0.911
216,237,20.0,322.34810024519356,9.851171093951953e-06,-5.006512138090296,6.797676621964863e-05,0.9366927461270641,0.9283874014801811,0.912
216,237,20.0,322.34810024519356,9.851171093951953e-06,-5.006512138090296,6.797676621964863e-05,0.9366927461270641,0.9283874014801811,0.913
216,237,20.0,322.34810024519356,9.851171093951953e-06,-5.006512138090296,6.797676621964863e-05,0.9366927461270641,0.9283874014801811,0.914
216,237,20.0,322.34810024519356,9.851171093951953e-06,-5.006512138090296,6.797676621964863e-05,0.9366927461270641,0.9283874014801811,0.915
216,237,20.0,322.34810024519356,9.851171093951953e-06,-5.006512138090296,6.797676621964863e-05,0.9366927461270641,0.9283874014801811,0.916
216,237,20.0,322.34810024519356,9.851171093951953e-06,-5.006512138090296,6.797676621964863e-05,0.9366927461270641,0.9283874014801811,0.917
216,237,20.0,322.34810024519356,9.851171093951953e-06,-5.006512138090296,6.797676621964863e-05,0.9366927461270641,0.9283874014801811,0.918
216,237,20.0,322.34810024519356,9.851171093951953e-06,-5.006512138090296,6.797676621964863e-05,0.9366927461270641,0.9283874014801811,0.919
216,237,20.0,322.34810024519356,9.851171093951953e-06,-5.006512138090296,6.797676621964863e-05,0.9366927461270641,0.9283874014801811,0.92
216,237,20.0,322.34810024519356,9.851171093951953e-06,-5.006512138090296,6.797676621964863e-05,0.9366927461270641,0.9283874014801811,0.921
216,237,20.0,322.34810024519356,9.851171093951953e-06,-5.006512138090296,6.797676621964863e-05,0.9366927461270641,0.9283874014801811,0.922
216,237,20.0,322.34810024519356,9.851171093951953e-06,-5.006512138090296,6.797676621964863e-05,0.9366927461270641,0.9283874014801811,0.923
216,237,20.0,322.34810024519356,9.851171093951953e-06,-5.006512138090296,6.797676621964863e-05,0.9366927461270641,0.9283874014801811,0.924
216,237,20.0,322.34810024519356,9.851171093951953e-06,-5.006512138090296,6.797676621964863e-05,0.9366927461270641,0.9283874014801811,0.925
216,237,20.0,322.34810024519356,9.851171093951953e-06,-5.006512138090296,6.797676621964863e-05,0.9366927461270641,0.9283874014801811,0.926
216,237,20.0,322.34810024519356,9.851171093951953e-06,-5.006512138090296,6.797676621964863e-05,0.9366927461270641,0.9283874014801811,0.927
216,237,20.0,322.34810024519356,9.851171093951953e-06,-5.006512138090296,6.797676621964863e-05,0.9366927461270641,0.9283874014801811,0.928
17,38,20.0,40.78488796543707,5.4821694120542305e-08,-7.2610475478582694,0.00010110945885494912,0.9419819885637786,0.9526560326344289,0.929
17,38,20.0,40.78488796543707,5.4821694120542305e-08,-7.2610475478582694,0.00010110945885494912,0.9419819885637786,0.9526560326344289,0.93
17,38,20.0,40.78488796543707,5.4821694120542305e-08,-7.2610475478582694,0.00010110945885494912,0.9419819885637786,0.9526560326344289,0.931
17,38,20.0,40.78488796543707,5.4821694120542305e-08,-7.2610475478582694,0.00010110945885494912,0.9419819885637786,0.9526560326344289,0.932
17,38,20.0,40.78488796543707,5.4821694120542305e-08,-7.2610475478582694,0.00010110945885494912,0.9419819885637786,0.9526560326344289,0.933
17,38,20.0,40.78488796543707,5.4821694120542305e-08,-7.2610475478582694,0.00010110945885494912,0.9419819885637786,0.9526560326344289,0.934
17,38,20.0,40.78488796543707,5.4821694120542305e-08,-7.2610475478582694,0.00010110945885494912,0.9419819885637786,0.9526560326344289,0.935
17,38,20.0,40.78488796543707,5.4821694120542305e-08,-7.2610475478582694,0.00010110945885494912,0.9419819885637786,0.9526560326344289,0.936
17,38,20.0,40.78488796543707,5.4821694120542305e-08,-7.2610475478582694,0.00010110945885494912,0.9419819885637786,0.9526560326344289,0.937
17,38,20.0,40.78488796543707,5.4821694120542305e-08,-7.2610475478582694,0.00010110945885494912,0.9419819885637786,0.9526560326344289,0.9380000000000001
17,38,20.0,40.78488796543707,5.4821694120542305e-08,-7.2610475478582694,0.00010110945885494912,0.9419819885637786,0.9526560326344289,0.9390000000000001
17,38,20.0,40.78488796543707,5.4821694120542305e-08,-7.2610475478582694,0.00010110945885494912,0.9419819885637786,0.9526560326344289,0.9400000000000001
17,38,20.0,40.78488796543707,5.4821694120542305e-08,-7.2610475478582694,0.00010110945885494912,0.9419819885637786,0.9526560326344289,0.9410000000000001
18,39,20.0,43.07696085929456,6.67321427994036e-08,-7.175664929532331,0.00010297500381742035,0.9523191949747964,0.9504884335887337,0.9420000000000001
18,39,20.0,43.07696085929456,6.67321427994036e-08,-7.175664929532331,0.00010297500381742035,0.9523191949747964,0.9504884335887337,0.9430000000000001
18,39,20.0,43.07696085929456,6.67321427994036e-08,-7.175664929532331,0.00010297500381742035,0.9523191949747964,0.9504884335887337,0.9440000000000001
18,39,20.0,43.07696085929456,6.67321427994036e-08,-7.175664929532331,0.00010297500381742035,0.9523191949747964,0.9504884335887337,0.9450000000000001
18,39,20.0,43.07696085929456,6.67321427994036e-08,-7.175664929532331,0.00010297500381742035,0.9523191949747964,0.9504884335887337,0.9460000000000001
18,39,20.0,43.07696085929456,6.67321427994036e-08,-7.175664929532331,0.00010297500381742035,0.9523191949747964,0.9504884335887337,0.9470000000000001
18,39,20.0,43.07696085929456,6.67321427994036e-08,-7.175664929532331,0.00010297500381742035,0.9523191949747964,0.9504884335887337,0.9480000000000001
18,39,20.0,43.07696085929456,6.67321427994036e-08,-7.175664929532331,0.00010297500381742035,0.9523191949747964,0.9504884335887337,0.9490000000000001
18,39,20.0,43.07696085929456,6.67321427994036e-08,-7.175664929532331,0.00010297500381742035,0.9523191949747964,0.9504884335887337,0.9500000000000001
28,49,20.0,57.325500855667286,1.6770009723712876e-07,-6.775466685577956,0.00012142290990582506,0.9636758675050607,0.95520951912586,0.9510000000000001
28,49,20.0,57.325500855667286,1.6770009723712876e-07,-6.775466685577956,0.00012142290990582506,0.9636758675050607,0.95520951912586,0.9520000000000001
28,49,20.0,57.325500855667286,1.6770009723712876e-07,-6.775466685577956,0.00012142290990582506,0.9636758675050607,0.95520951912586,0.9530000000000001
28,49,20.0,57.325500855667286,1.6770009723712876e-07,-6.775466685577956,0.00012142290990582506,0.9636758675050607,0.95520951912586,0.9540000000000001
28,49,20.0,57.325500855667286,1.6770009723712876e-07,-6.775466685577956,0.00012142290990582506,0.9636758675050607,0.95520951912586,0.9550000000000001
22,43,20.0,43.30901391969726,6.668720390371053e-08,-7.175957491527914,0.00012176781835925173,0.9588375420800621,0.9717763639051731,0.9560000000000001
22,43,20.0,43.30901391969726,6.668720390371053e-08,-7.175957491527914,0.00012176781835925173,0.9588375420800621,0.9717763639051731,0.9570000000000001
22,43,20.0,43.30901391969726,6.668720390371053e-08,-7.175957491527914,0.00012176781835925173,0.9588375420800621,0.9717763639051731,0.9580000000000001
23,44,20.0,44.91709228382961,7.612705855733701e-08,-7.1184609504115555,0.00012454483447856527,0.9610794496926398,0.9702064128739538,0.9590000000000001
23,44,20.0,44.91709228382961,7.612705855733701e-08,-7.1184609504115555,0.00012454483447856527,0.9610794496926398,0.9702064128739538,0.96
23,44,20.0,44.91709228382961,7.612705855733701e-08,-7.1184609504115555,0.00012454483447856527,0.9610794496926398,0.9702064128739538,0.9610000000000001
43,64,20.0,62.37933957077679,2.1898246871458135e-07,-6.6595906524899275,0.00019893968073113157,0.9625012279229219,0.9728334172256058,0.962
44,65,20.0,61.64169232125018,2.100081028609626e-07,-6.677763948314107,0.00020823700508454916,0.964973339187859,0.9776739328657411,0.9630000000000001
44,65,20.0,61.64169232125018,2.100081028609626e-07,-6.677763948314107,0.00020823700508454916,0.964973339187859,0.9776739328657411,0.964
45,66,20.0,63.34705771721407,2.311152774988728e-07,-6.6361713452428415,0.0002132912825669491,0.9713154700970534,0.9712135945119027,0.9650000000000001
45,66,20.0,63.34705771721407,2.311152774988728e-07,-6.6361713452428415,0.0002132912825669491,0.9713154700970534,0.9712135945119027,0.966
45,66,20.0,63.34705771721407,2.311152774988728e-07,-6.6361713452428415,0.0002132912825669491,0.9713154700970534,0.9712135945119027,0.9670000000000001
45,66,20.0,63.34705771721407,2.311152774988728e-07,-6.6361713452428415,0.0002132912825669491,0.9713154700970534,0.9712135945119027,0.968
45,66,20.0,63.34705771721407,2.311152774988728e-07,-6.6361713452428415,0.0002132912825669491,0.9713154700970534,0.9712135945119027,0.9690000000000001
45,66,20.0,63.34705771721407,2.311152774988728e-07,-6.6361713452428415,0.0002132912825669491,0.9713154700970534,0.9712135945119027,0.97
45,66,20.0,63.34705771721407,2.311152774988728e-07,-6.6361713452428415,0.0002132912825669491,0.9713154700970534,0.9712135945119027,0.9710000000000001
240,261,20.0,76.53634578061421,1.8558990414977364e-08,-7.731445652531482,0.0030075891577404285,0.9920999087808298,0.9721301916266221,0.972
242,263,20.0,72.14084555939753,1.098667712244316e-08,-7.959133638385979,0.0033932286189658108,0.9936906467693992,0.9741113601324416,0.973
242,263,20.0,72.14084555939753,1.098667712244316e-08,-7.959133638385979,0.0033932286189658108,0.9936906467693992,0.9741113601324416,0.974
244,265,20.0,68.23187306445426,6.488456506273343e-09,-8.187858602203049,0.0038290047570046356,0.995067790753799,0.9753682835598887,0.975
245,266,20.0,66.46413374769332,5.002783825859358e-09,-8.300788262910068,0.004064386850276603,0.9959165131668716,0.9763344136892735,0.976
248,269,20.0,62.399902155469974,2.5921101392988696e-09,-8.58634654914654,0.004816307029141433,0.9968275737248783,0.9772767898386729,0.977
249,270,20.0,61.20359244271305,2.097098346247705e-09,-8.678381202233188,0.005091130594263294,0.9973774712876408,0.9782713145086017,0.978
250,271,20.0,60.06495157424513,1.6993677818283536e-09,-8.769712619757662,0.005381813994850888,0.9979281577361798,0.9791808967864235,0.979
258,279,20.0,53.86013962674359,4.545315460103556e-10,-9.34243596990562,0.008269763375170866,0.999125609527894,0.9806933422303786,0.98
259,280,20.0,53.36790460928198,4.0318058141003937e-10,-9.39450039320329,0.008698299277133071,0.9992998800942687,0.9814554545109284,0.981
260,281,20.0,52.90664888416343,3.594525920254439e-10,-9.444358380328177,0.009146324461210395,0.999482261268978,0.9822311382287724,0.982
278,299,20.0,47.82613158777261,8.456124659591434e-11,-10.072828623314914,0.022529951586048865,0.9998998545417735,0.9830788641993737,0.983
282,304,20.0,47.626928287369175,7.91432969416324e-11,-10.101585861907571,0.027750430927678375,0.9999634932361049,0.984237182763082,0.984
284,306,20.0,47.67801692842645,8.044753447761272e-11,-10.09448726143662,0.030299548465930096,0.9999482385113176,0.9854666464032299,0.985
286,308,20.0,47.842086241199155,8.492695908433811e-11,-10.070954426092268,0.03300506886666378,0.999923093534567,0.9862089783983711,0.986
290,312,20.0,48.39321677787917,1.018743671536054e-10,-9.991935076092956,0.03892916060715023,0.9999061382441006,0.9870328359906118,0.987
294,316,20.0,49.12114940423793,1.2906102586545127e-10,-9.889204887145103,0.045542292504569405,0.999881623634316,0.9880752883601281,0.988
302,325,20.0,50.827275515504596,2.2076883405802857e-10,-9.656062235978883,0.06243818650515026,0.9998244119551638,0.989009263061403,0.989
305,328,20.0,51.622411169968906,2.810623611408608e-10,-9.55119730965155,0.06908419831164331,0.9997360888358772,0.9903235213403682,0.99
309,333,20.0,52.92366144549756,4.121628603066917e-10,-9.384931144751258,0.07983497897639495,0.9996208223266214,0.9910174430651066,0.991
318,343,20.0,55.91730701094497,9.435979501663654e-10,-9.025213011229006,0.10560001434698149,0.9996224543839387,0.9920801748282965,0.992
322,347,20.0,57.381772019407364,1.3792361160587397e-09,-8.86036137912982,0.11728171877376332,0.9996142111644373,0.9930624935399267,0.993
329,355,20.0,59.999853762647255,2.6164787973048976e-09,-8.582282780225212,0.14114349174314297,0.9994471334548702,0.9942739752860653,0.994
335,362,20.0,62.86675892632966,5.008390072259335e-09,-8.300301853992394,0.16186598491231566,0.9993453500881764,0.9951465458454145,0.995
354,384,20.0,71.5406043790247,2.712774019146363e-08,-7.56658638254706,0.23369974437361113,0.9995340915417202,0.9961072011825621,0.996
361,392,20.0,74.78912906400798,4.681524323601732e-08,-7.3296127158273,0.26092542432763066,0.9993075131420145,0.9971431419812566,0.997
374,407,20.0,82.22728664316325,1.4163965145759258e-07,-6.848815150610838,0.30708520588933447,0.9991175885488346,0.9981064398563106,0.998
411,450,20.0,100.82313637128722,1.1953243601636746e-06,-5.922514229682591,0.4425930913532655,0.9990876343532541,0.9990395285292459,0.999
215,237,21.0,343.62065024962266,1.1072023928851874e-05,-4.955772984289314,8.926656540404266e-06,0.9125899746405564,0.9044064709890905,0.9
215,237,21.0,343.62065024962266,1.1072023928851874e-05,-4.955772984289314,8.926656540404266e-06,0.9125899746405564,0.9044064709890905,0.901
215,237,21.0,343.62065024962266,1.1072023928851874e-05,-4.955772984289314,8.926656540404266e-06,0.9125899746405564,0.9044064709890905,0.902
215,237,21.0,343.62065024962266,1.1072023928851874e-05,-4.955772984289314,8.926656540404266e-06,0.9125899746405564,0.9044064709890905,0.903
215,237,21.0,343.62065024962266,1.1072023928851874e-05,-4.955772984289314,8.926656540404266e-06,0.9125899746405564,0.9044064709890905,0.904
15,37,21.0,40.981373667061476,5.6119577066693465e-08,-7.250885610599725,9.437989066704204e-05,0.9069592638608286,0.9248227730416596,0.905
15,37,21.0,40.981373667061476,5.6119577066693465e-08,-7.250885610599725,9.437989066704204e-05,0.9069592638608286,0.9248227730416596,0.906
16,38,21.0,38.962953123052294,4.613726540362219e-08,-7.335948150068763,0.00010156998079162998,0.9414569393896883,0.9586572085950559,0.907
16,38,21.0,38.962953123052294,4.613726540362219e-08,-7.335948150068763,0.00010156998079162998,0.9414569393896883,0.9586572085950559,0.908
16,38,21.0,38.962953123052294,4.613726540362219e-08,-7.335948150068763,0.00010156998079162998,0.9414569393896883,0.9586572085950559,0.909
16,38,21.0,38.962953123052294,4.613726540362219e-08,-7.335948150068763,0.00010156998079162998,0.9414569393896883,0.9586572085950559,0.91
16,38,21.0,38.962953123052294,4.613726540362219e-08,-7.335948150068763,0.00010156998079162998,0.9414569393896883,0.9586572085950559,0.911
16,38,21.0,38.962953123052294,4.613726540362219e-08,-7.335948150068763,0.00010156998079162998,0.9414569393896883,0.9586572085950559,0.912
16,38,21.0,38.962953123052294,4.613726540362219e-08,-7.335948150068763,0.00010156998079162998,0.9414569393896883,0.9586572085950559,0.913
16,38,21.0,38.962953123052294,4.613726540362219e-08,-7.335948150068763,0.00010156998079162998,0.9414569393896883,0.9586572085950559,0.914
16,38,21.0,38.962953123052294,4.613726540362219e-08,-7.335948150068763,0.00010156998079162998,0.9414569393896883,0.9586572085950559,0.915
16,38,21.0,38.962953123052294,4.613726540362219e-08,-7.335948150068763,0.00010156998079162998,0.9414569393896883,0.9586572085950559,0.916
16,38,21.0,38.962953123052294,4.613726540362219e-08,-7.335948150068763,0.00010156998079162998,0.9414569393896883,0.9586572085950559,0.917
16,38,21.0,38.962953123052294,4.613726540362219e-08,-7.335948150068763,0.00010156998079162998,0.9414569393896883,0.9586572085950559,0.918
16,38,21.0,38.962953123052294,4.613726540362219e-08,-7.335948150068763,0.00010156998079162998,0.9414569393896883,0.9586572085950559,0.919
16,38,21.0,38.962953123052294,4.613726540362219e-08,-7.335948150068763,0.00010156998079162998,0.9414569393896883,0.9586572085950559,0.92
16,38,21.0,38.962953123052294,4.613726540362219e-08,-7.335948150068763,0.00010156998079162998,0.9414569393896883,0.9586572085950559,0.921
16,38,21.0,38.962953123052294,4.613726540362219e-08,-7.335948150068763,0.00010156998079162998,0.9414569393896883,0.9586572085950559,0.922
16,38,21.0,38.962953123052294,4.613726540362219e-08,-7.335948150068763,0.00010156998079162998,0.9414569393896883,0.9586572085950559,0.923
16,38,21.0,38.962953123052294,4.613726540362219e-08,-7.335948150068763,0.00010156998079162998,0.9414569393896883,0.9586572085950559,0.924
16,38,21.0,38.962953123052294,4.613726540362219e-08,-7.335948150068763,0.00010156998079162998,0.9414569393896883,0.9586572085950559,0.925
16,38,21.0,38.962953123052294,4.613726540362219e-08,-7.335948150068763,0.00010156998079162998,0.9414569393896883,0.9586572085950559,0.926
16,38,21.0,38.962953123052294,4.613726540362219e-08,-7.335948150068763,0.00010156998079162998,0.9414569393896883,0.9586572085950559,0.927
16,38,21.0,38.962953123052294,4.613726540362219e-08,-7.335948150068763,0.00010156998079162998,0.9414569393896883,0.9586572085950559,0.928
16,38,21.0,38.962953123052294,4.613726540362219e-08,-7.335948150068763,0.00010156998079162998,0.9414569393896883,0.9586572085950559,0.929
16,38,21.0,38.962953123052294,4.613726540362219e-08,-7.335948150068763,0.00010156998079162998,0.9414569393896883,0.9586572085950559,0.93
16,38,21.0,38.962953123052294,4.613726540362219e-08,-7.335948150068763,0.00010156998079162998,0.9414569393896883,0.9586572085950559,0.931
16,38,21.0,38.962953123052294,4.613726540362219e-08,-7.335948150068763,0.00010156998079162998,0.9414569393896883,0.9586572085950559,0.932
16,38,21.0,38.962953123052294,4.613726540362219e-08,-7.335948150068763,0.00010156998079162998,0.9414569393896883,0.9586572085950559,0.933
16,38,21.0,38.962953123052294,4.613726540362219e-08,-7.335948150068763,0.00010156998079162998,0.9414569393896883,0.9586572085950559,0.934
16,38,21.0,38.962953123052294,4.613726540362219e-08,-7.335948150068763,0.00010156998079162998,0.9414569393896883,0.9586572085950559,0.935
16,38,21.0,38.962953123052294,4.613726540362219e-08,-7.335948150068763,0.00010156998079162998,0.9414569393896883,0.9586572085950559,0.936
16,38,21.0,38.962953123052294,4.613726540362219e-08,-7.335948150068763,0.00010156998079162998,0.9414569393896883,0.9586572085950559,0.937
16,38,21.0,38.962953123052294,4.613726540362219e-08,-7.335948150068763,0.00010156998079162998,0.9414569393896883,0.9586572085950559,0.9380000000000001
16,38,21.0,38.962953123052294,4.613726540362219e-08,-7.335948150068763,0.00010156998079162998,0.9414569393896883,0.9586572085950559,0.9390000000000001
16,38,21.0,38.962953123052294,4.613726540362219e-08,-7.335948150068763,0.00010156998079162998,0.9414569393896883,0.9586572085950559,0.9400000000000001
16,38,21.0,38.962953123052294,4.613726540362219e-08,-7.335948150068763,0.00010156998079162998,0.9414569393896883,0.9586572085950559,0.9410000000000001
18,40,21.0,43.89506681790804,7.081888066871088e-08,-7.149850941786379,0.00010280556276468718,0.9545523790023717,0.9566606327794633,0.9420000000000001
18,40,21.0,43.89506681790804,7.081888066871088e-08,-7.149850941786379,0.00010280556276468718,0.9545523790023717,0.9566606327794633,0.9430000000000001
18,40,21.0,43.89506681790804,7.081888066871088e-08,-7.149850941786379,0.00010280556276468718,0.9545523790023717,0.9566606327794633,0.9440000000000001
18,40,21.0,43.89506681790804,7.081888066871088e-08,-7.149850941786379,0.00010280556276468718,0.9545523790023717,0.9566606327794633,0.9450000000000001
18,40,21.0,43.89506681790804,7.081888066871088e-08,-7.149850941786379,0.00010280556276468718,0.9545523790023717,0.9566606327794633,0.9460000000000001
18,40,21.0,43.89506681790804,7.081888066871088e-08,-7.149850941786379,0.00010280556276468718,0.9545523790023717,0.9566606327794633,0.9470000000000001
18,40,21.0,43.89506681790804,7.081888066871088e-08,-7.149850941786379,0.00010280556276468718,0.9545523790023717,0.9566606327794633,0.9480000000000001
18,40,21.0,43.89506681790804,7.081888066871088e-08,-7.149850941786379,0.00010280556276468718,0.9545523790023717,0.9566606327794633,0.9490000000000001
18,40,21.0,43.89506681790804,7.081888066871088e-08,-7.149850941786379,0.00010280556276468718,0.9545523790023717,0.9566606327794633,0.9500000000000001
18,40,21.0,43.89506681790804,7.081888066871088e-08,-7.149850941786379,0.00010280556276468718,0.9545523790023717,0.9566606327794633,0.9510000000000001
18,40,21.0,43.89506681790804,7.081888066871088e-08,-7.149850941786379,0.00010280556276468718,0.9545523790023717,0.9566606327794633,0.9520000000000001
18,40,21.0,43.89506681790804,7.081888066871088e-08,-7.149850941786379,0.00010280556276468718,0.9545523790023717,0.9566606327794633,0.9530000000000001
18,40,21.0,43.89506681790804,7.081888066871088e-08,-7.149850941786379,0.00010280556276468718,0.9545523790023717,0.9566606327794633,0.9540000000000001
27,49,21.0,55.38742199241822,1.5064138321933375e-07,-6.82205570519422,0.00012255211428562624,0.9631886799079897,0.9610114115384293,0.9550000000000001
27,49,21.0,55.38742199241822,1.5064138321933375e-07,-6.82205570519422,0.00012255211428562624,0.9631886799079897,0.9610114115384293,0.9560000000000001
27,49,21.0,55.38742199241822,1.5064138321933375e-07,-6.82205570519422,0.00012255211428562624,0.9631886799079897,0.9610114115384293,0.9570000000000001
27,49,21.0,55.38742199241822,1.5064138321933375e-07,-6.82205570519422,0.00012255211428562624,0.9631886799079897,0.9610114115384293,0.9580000000000001
27,49,21.0,55.38742199241822,1.5064138321933375e-07,-6.82205570519422,0.00012255211428562624,0.9631886799079897,0.9610114115384293,0.9590000000000001
27,49,21.0,55.38742199241822,1.5064138321933375e-07,-6.82205570519422,0.00012255211428562624,0.9631886799079897,0.9610114115384293,0.96
27,49,21.0,55.38742199241822,1.5064138321933375e-07,-6.82205570519422,0.00012255211428562624,0.9631886799079897,0.9610114115384293,0.9610000000000001
22,44,21.0,43.67059873220242,6.858252468073692e-08,-7.163786531546376,0.00012430605341367577,0.9630004424674862,0.9736634715671348,0.962
22,44,21.0,43.67059873220242,6.858252468073692e-08,-7.163786531546376,0.00012430605341367577,0.9630004424674862,0.9736634715671348,0.9630000000000001
36,58,21.0,58.805677562770626,1.8161072483840062e-07,-6.74085850823451,0.0001671946847419141,0.9678687293939836,0.9643058953100716,0.964
39,61,21.0,59.76866578556539,1.9175471096149795e-07,-6.71725395765564,0.0001861177307334412,0.9684748077798472,0.9652175351971165,0.9650000000000001
40,62,21.0,61.49084688486953,2.101145741887446e-07,-6.677543822557262,0.00018675986245965173,0.9663118860240938,0.9661026041489631,0.966
44,66,21.0,61.22942769725385,2.0553222669159884e-07,-6.687120072683175,0.000215739414817831,0.9695165007896999,0.9749265610283434,0.9670000000000001
44,66,21.0,61.22942769725385,2.0553222669159884e-07,-6.687120072683175,0.000215739414817831,0.9695165007896999,0.9749265610283434,0.968
44,66,21.0,61.22942769725385,2.0553222669159884e-07,-6.687120072683175,0.000215739414817831,0.9695165007896999,0.9749265610283434,0.9690000000000001
45,67,21.0,63.562240777100406,2.3359291904522038e-07,-6.631540326226577,0.00021674845135906647,0.9747237062857125,0.9740707672970083,0.97
45,67,21.0,63.562240777100406,2.3359291904522038e-07,-6.631540326226577,0.00021674845135906647,0.9747237062857125,0.9740707672970083,0.9710000000000001
45,67,21.0,63.562240777100406,2.3359291904522038e-07,-6.631540326226577,0.00021674845135906647,0.9747237062857125,0.9740707672970083,0.972
45,67,21.0,63.562240777100406,2.3359291904522038e-07,-6.631540326226577,0.00021674845135906647,0.9747237062857125,0.9740707672970083,0.973
45,67,21.0,63.562240777100406,2.3359291904522038e-07,-6.631540326226577,0.00021674845135906647,0.9747237062857125,0.9740707672970083,0.974
247,269,21.0,63.054090621571746,2.9031699411240675e-09,-8.537127541387663,0.004697096095013432,0.9964582282987529,0.9751106698074047,0.975
249,271,21.0,60.72889655734524,1.925433786727049e-09,-8.71547141163149,0.0052449768997453895,0.997351501688688,0.9765889305945068,0.976
253,275,21.0,56.796281773011,8.842223421659329e-10,-9.05343851571742,0.006548625058859807,0.9983641718831576,0.9771217451183343,0.977
256,278,21.0,54.69029571659998,5.53499977383333e-10,-9.256882392531047,0.007677926239313449,0.9988921039888179,0.9782404125669258,0.978
258,280,21.0,53.6753060685189,4.3493843234784276e-10,-9.361572215192462,0.008495608218226819,0.9991651421647558,0.9794506841435116,0.979
259,281,21.0,53.20634327707748,3.8762669471830643e-10,-9.411586321998861,0.008933324266113117,0.9993327741972454,0.980161036618771,0.98
264,286,21.0,51.28640907444527,2.357345175156552e-10,-9.627576821086155,0.011483390127309019,0.9997272462551983,0.9810531468419087,0.981
280,303,21.0,47.683320123757596,8.065655104170274e-11,-10.09336035281664,0.025958895675470488,0.9999605967392226,0.9821340739551012,0.982
282,305,21.0,47.68005865893528,8.05322734520273e-11,-10.094030040461359,0.028392800793742137,0.9999590149235273,0.9832098925062877,0.983
284,307,21.0,47.741399444681754,8.214066804832353e-11,-10.085441769360127,0.030989455871217104,0.9999418239740022,0.9843343596436469,0.984
287,310,21.0,48.00791005141678,8.970923308311514e-11,-10.047162856056378,0.03521064587567202,0.9999193802814266,0.9850811952101143,0.985
290,313,21.0,48.50421542463394,1.0560714779417352e-10,-9.97630668651326,0.039725838763971094,0.9998794991162137,0.9862337309574399,0.986
297,321,21.0,49.893133483439605,1.64927846684725e-10,-9.782706011180823,0.05304387699636317,0.9997997485995136,0.9873021061377762,0.987
301,325,21.0,50.69617686875518,2.1194248309611098e-10,-9.673781981821737,0.0613939923179313,0.9997996005791074,0.98801347236843,0.988
306,331,21.0,52.19643302357368,3.331769361494049e-10,-9.477325069839464,0.07377835683854819,0.9996619882799159,0.9893165846649947,0.989
309,334,21.0,53.07944857108379,4.3090582608181744e-10,-9.365617633973644,0.0810896674273447,0.9995920192975454,0.9903774494730242,0.99
317,343,21.0,55.75525678351414,9.035037038449796e-10,-9.044070062742076,0.10414192569079338,0.9996037011766716,0.9913146275272081,0.991
319,345,21.0,56.476525230955644,1.092324254169421e-09,-8.96164842308447,0.10984842144532979,0.9995532460467538,0.9920210006745089,0.992
327,354,21.0,59.37817645819179,2.256059766106217e-09,-8.64664939948199,0.13640662683442914,0.9994977305060385,0.9932404330889579,0.993
331,359,21.0,61.28218275483832,3.517959515628054e-09,-8.453709162672903,0.1505620583419669,0.9993026530945692,0.994154569250878,0.994
337,366,21.0,64.24678523689244,6.719830083575602e-09,-8.172641708300112,0.17143441200177278,0.9992058827930541,0.9950567202437234,0.995
356,388,21.0,72.87351015397361,3.4091935382276386e-08,-7.467348343388755,0.24427110322955412,0.9994353361127736,0.9960920833716932,0.996
363,396,21.0,76.22945249691092,5.884227983060188e-08,-7.230310508978687,0.27121823859575556,0.9992038207504753,0.997090219532272,0.997
398,437,21.0,94.0753674291215,5.997150928211744e-07,-6.222055021286497,0.40266072543097187,0.9993884574474018,0.9980674150595494,0.998
413,454,21.0,102.47136782796899,1.396866598023216e-06,-5.854845067406764,0.4508061991458726,0.9990048459474025,0.9990341623601775,0.999
214,237,22.0,354.78493975437556,1.1705526966384578e-05,-4.9316090301996125,4.842757673212915e-05,0.9118060716948349,0.9029834640011459,0.9
214,237,22.0,354.78493975437556,1.1705526966384578e-05,-4.9316090301996125,4.842757673212915e-05,0.9118060716948349,0.9029834640011459,0.901
214,237,22.0,354.78493975437556,1.1705526966384578e-05,-4.9316090301996125,4.842757673212915e-05,0.9118060716948349,0.9029834640011459,0.902
215,238,22.0,324.92316449503704,1.0027907684290617e-05,-4.998789672758069,6.008972841408712e-05,0.9126667918581409,0.9031083643520347,0.903
15,38,22.0,41.60035465567616,5.8858397187494813e-08,-7.230191568639811,9.493132986897124e-05,0.9140004338150663,0.934153607137925,0.904
15,38,22.0,41.60035465567616,5.8858397187494813e-08,-7.230191568639811,9.493132986897124e-05,0.9140004338150663,0.934153607137925,0.905
15,38,22.0,41.60035465567616,5.8858397187494813e-08,-7.230191568639811,9.493132986897124e-05,0.9140004338150663,0.934153607137925,0.906
15,38,22.0,41.60035465567616,5.8858397187494813e-08,-7.230191568639811,9.493132986897124e-05,0.9140004338150663,0.934153607137925,0.907
15,38,22.0,41.60035465567616,5.8858397187494813e-08,-7.230191568639811,9.493132986897124e-05,0.9140004338150663,0.934153607137925,0.908
15,38,22.0,41.60035465567616,5.8858397187494813e-08,-7.230191568639811,9.493132986897124e-05,0.9140004338150663,0.934153607137925,0.909
15,38,22.0,41.60035465567616,5.8858397187494813e-08,-7.230191568639811,9.493132986897124e-05,0.9140004338150663,0.934153607137925,0.91
15,38,22.0,41.60035465567616,5.8858397187494813e-08,-7.230191568639811,9.493132986897124e-05,0.9140004338150663,0.934153607137925,0.911
15,38,22.0,41.60035465567616,5.8858397187494813e-08,-7.230191568639811,9.493132986897124e-05,0.9140004338150663,0.934153607137925,0.912
15,38,22.0,41.60035465567616,5.8858397187494813e-08,-7.230191568639811,9.493132986897124e-05,0.9140004338150663,0.934153607137925,0.913
15,38,22.0,41.60035465567616,5.8858397187494813e-08,-7.230191568639811,9.493132986897124e-05,0.9140004338150663,0.934153607137925,0.914
18,41,22.0,44.58444951308534,7.43503963546691e-08,-7.128716711954578,0.0001032081247580644,0.9572074987290768,0.9620762000809183,0.915
18,41,22.0,44.58444951308534,7.43503963546691e-08,-7.128716711954578,0.0001032081247580644,0.9572074987290768,0.9620762000809183,0.916
18,41,22.0,44.58444951308534,7.43503963546691e-08,-7.128716711954578,0.0001032081247580644,0.9572074987290768,0.9620762000809183,0.917
18,41,22.0,44.58444951308534,7.43503963546691e-08,-7.128716711954578,0.0001032081247580644,0.9572074987290768,0.9620762000809183,0.918
18,41,22.0,44.58444951308534,7.43503963546691e-08,-7.128716711954578,0.0001032081247580644,0.9572074987290768,0.9620762000809183,0.919
18,41,22.0,44.58444951308534,7.43503963546691e-08,-7.128716711954578,0.0001032081247580644,0.9572074987290768,0.9620762000809183,0.92
18,41,22.0,44.58444951308534,7.43503963546691e-08,-7.128716711954578,0.0001032081247580644,0.9572074987290768,0.9620762000809183,0.921
18,41,22.0,44.58444951308534,7.43503963546691e-08,-7.128716711954578,0.0001032081247580644,0.9572074987290768,0.9620762000809183,0.922
18,41,22.0,44.58444951308534,7.43503963546691e-08,-7.128716711954578,0.0001032081247580644,0.9572074987290768,0.9620762000809183,0.923
18,41,22.0,44.58444951308534,7.43503963546691e-08,-7.128716711954578,0.0001032081247580644,0.9572074987290768,0.9620762000809183,0.924
18,41,22.0,44.58444951308534,7.43503963546691e-08,-7.128716711954578,0.0001032081247580644,0.9572074987290768,0.9620762000809183,0.925
18,41,22.0,44.58444951308534,7.43503963546691e-08,-7.128716711954578,0.0001032081247580644,0.9572074987290768,0.9620762000809183,0.926
18,41,22.0,44.58444951308534,7.43503963546691e-08,-7.128716711954578,0.0001032081247580644,0.9572074987290768,0.9620762000809183,0.927
18,41,22.0,44.58444951308534,7.43503963546691e-08,-7.128716711954578,0.0001032081247580644,0.9572074987290768,0.9620762000809183,0.928
18,41,22.0,44.58444951308534,7.43503963546691e-08,-7.128716711954578,0.0001032081247580644,0.9572074987290768,0.9620762000809183,0.929
18,41,22.0,44.58444951308534,7.43503963546691e-08,-7.128716711954578,0.0001032081247580644,0.9572074987290768,0.9620762000809183,0.93
18,41,22.0,44.58444951308534,7.43503963546691e-08,-7.128716711954578,0.0001032081247580644,0.9572074987290768,0.9620762000809183,0.931
18,41,22.0,44.58444951308534,7.43503963546691e-08,-7.128716711954578,0.0001032081247580644,0.9572074987290768,0.9620762000809183,0.932
18,41,22.0,44.58444951308534,7.43503963546691e-08,-7.128716711954578,0.0001032081247580644,0.9572074987290768,0.9620762000809183,0.933
18,41,22.0,44.58444951308534,7.43503963546691e-08,-7.128716711954578,0.0001032081247580644,0.9572074987290768,0.9620762000809183,0.934
18,41,22.0,44.58444951308534,7.43503963546691e-08,-7.128716711954578,0.0001032081247580644,0.9572074987290768,0.9620762000809183,0.935
18,41,22.0,44.58444951308534,7.43503963546691e-08,-7.128716711954578,0.0001032081247580644,0.9572074987290768,0.9620762000809183,0.936
18,41,22.0,44.58444951308534,7.43503963546691e-08,-7.128716711954578,0.0001032081247580644,0.9572074987290768,0.9620762000809183,0.937
18,41,22.0,44.58444951308534,7.43503963546691e-08,-7.128716711954578,0.0001032081247580644,0.9572074987290768,0.9620762000809183,0.9380000000000001
18,41,22.0,44.58444951308534,7.43503963546691e-08,-7.128716711954578,0.0001032081247580644,0.9572074987290768,0.9620762000809183,0.9390000000000001
18,41,22.0,44.58444951308534,7.43503963546691e-08,-7.128716711954578,0.0001032081247580644,0.9572074987290768,0.9620762000809183,0.9400000000000001
18,41,22.0,44.58444951308534,7.43503963546691e-08,-7.128716711954578,0.0001032081247580644,0.9572074987290768,0.9620762000809183,0.9410000000000001
18,41,22.0,44.58444951308534,7.43503963546691e-08,-7.128716711954578,0.0001032081247580644,0.9572074987290768,0.9620762000809183,0.9420000000000001
18,41,22.0,44.58444951308534,7.43503963546691e-08,-7.128716711954578,0.0001032081247580644,0.9572074987290768,0.9620762000809183,0.9430000000000001
18,41,22.0,44.58444951308534,7.43503963546691e-08,-7.128716711954578,0.0001032081247580644,0.9572074987290768,0.9620762000809183,0.9440000000000001
18,41,22.0,44.58444951308534,7.43503963546691e-08,-7.128716711954578,0.0001032081247580644,0.9572074987290768,0.9620762000809183,0.9450000000000001
18,41,22.0,44.58444951308534,7.43503963546691e-08,-7.128716711954578,0.0001032081247580644,0.9572074987290768,0.9620762000809183,0.9460000000000001
18,41,22.0,44.58444951308534,7.43503963546691e-08,-7.128716711954578,0.0001032081247580644,0.9572074987290768,0.9620762000809183,0.9470000000000001
18,41,22.0,44.58444951308534,7.43503963546691e-08,-7.128716711954578,0.0001032081247580644,0.9572074987290768,0.9620762000809183,0.9480000000000001
18,41,22.0,44.58444951308534,7.43503963546691e-08,-7.128716711954578,0.0001032081247580644,0.9572074987290768,0.9620762000809183,0.9490000000000001
18,41,22.0,44.58444951308534,7.43503963546691e-08,-7.128716711954578,0.0001032081247580644,0.9572074987290768,0.9620762000809183,0.9500000000000001
18,41,22.0,44.58444951308534,7.43503963546691e-08,-7.128716711954578,0.0001032081247580644,0.9572074987290768,0.9620762000809183,0.9510000000000001
18,41,22.0,44.58444951308534,7.43503963546691e-08,-7.128716711954578,0.0001032081247580644,0.9572074987290768,0.9620762000809183,0.9520000000000001
18,41,22.0,44.58444951308534,7.43503963546691e-08,-7.128716711954578,0.0001032081247580644,0.9572074987290768,0.9620762000809183,0.9530000000000001
18,41,22.0,44.58444951308534,7.43503963546691e-08,-7.128716711954578,0.0001032081247580644,0.9572074987290768,0.9620762000809183,0.9540000000000001
18,41,22.0,44.58444951308534,7.43503963546691e-08,-7.128716711954578,0.0001032081247580644,0.9572074987290768,0.9620762000809183,0.9550000000000001
18,41,22.0,44.58444951308534,7.43503963546691e-08,-7.128716711954578,0.0001032081247580644,0.9572074987290768,0.9620762000809183,0.9560000000000001
18,41,22.0,44.58444951308534,7.43503963546691e-08,-7.128716711954578,0.0001032081247580644,0.9572074987290768,0.9620762000809183,0.9570000000000001
27,50,22.0,55.697285180706835,1.53064460322388e-07,-6.815125635412834,0.0001244964551624527,0.9670847756214037,0.9651502019935861,0.9580000000000001
27,50,22.0,55.697285180706835,1.53064460322388e-07,-6.815125635412834,0.0001244964551624527,0.9670847756214037,0.9651502019935861,0.9590000000000001
27,50,22.0,55.697285180706835,1.53064460322388e-07,-6.815125635412834,0.0001244964551624527,0.9670847756214037,0.9651502019935861,0.96
27,50,22.0,55.697285180706835,1.53064460322388e-07,-6.815125635412834,0.0001244964551624527,0.9670847756214037,0.9651502019935861,0.9610000000000001
27,50,22.0,55.697285180706835,1.53064460322388e-07,-6.815125635412834,0.0001244964551624527,0.9670847756214037,0.9651502019935861,0.962
27,50,22.0,55.697285180706835,1.53064460322388e-07,-6.815125635412834,0.0001244964551624527,0.9670847756214037,0.9651502019935861,0.9630000000000001
27,50,22.0,55.697285180706835,1.53064460322388e-07,-6.815125635412834,0.0001244964551624527,0.9670847756214037,0.9651502019935861,0.964
27,50,22.0,55.697285180706835,1.53064460322388e-07,-6.815125635412834,0.0001244964551624527,0.9670847756214037,0.9651502019935861,0.9650000000000001
39,62,22.0,60.670459151198536,2.0085726571489524e-07,-6.6971124536867865,0.0001856684204206378,0.9699867059590759,0.9694038838233805,0.966
39,62,22.0,60.670459151198536,2.0085726571489524e-07,-6.6971124536867865,0.0001856684204206378,0.9699867059590759,0.9694038838233805,0.9670000000000001
39,62,22.0,60.670459151198536,2.0085726571489524e-07,-6.6971124536867865,0.0001856684204206378,0.9699867059590759,0.9694038838233805,0.968
39,62,22.0,60.670459151198536,2.0085726571489524e-07,-6.6971124536867865,0.0001856684204206378,0.9699867059590759,0.9694038838233805,0.9690000000000001
43,66,22.0,62.14395377705891,2.16385720758983e-07,-6.664771401607008,0.00020971241597578716,0.9709677345872908,0.9725039774520731,0.97
44,67,22.0,61.58569796223204,2.094132414557207e-07,-6.6789958608169835,0.00021872518619361369,0.9726962352857371,0.9773026009623874,0.9710000000000001
44,67,22.0,61.58569796223204,2.094132414557207e-07,-6.6789958608169835,0.00021872518619361369,0.9726962352857371,0.9773026009623874,0.972
247,270,22.0,62.52255944271449,2.6542371506380673e-09,-8.576060276417989,0.004840398958959437,0.9964531988462362,0.9735136420477668,0.973
248,271,22.0,61.388096264340845,2.173516842035721e-09,-8.66283699022132,0.0051135906388382535,0.9968158893324981,0.9740361255905656,0.974
252,275,22.0,57.23326149613823,9.707477742210602e-10,-9.012893596552834,0.006393037771480265,0.9981362972911567,0.9750317350892738,0.975
256,279,22.0,54.466768088280524,5.257523216368043e-10,-9.279218800863559,0.007892828367703247,0.9989199975793169,0.9768870800287676,0.976
257,280,22.0,53.98471595403725,4.689832916824922e-10,-9.3288426294797,0.008299272943150323,0.999030839485615,0.9774082009153908,0.977
258,281,22.0,53.50011635241164,4.170115053185246e-10,-9.379851962706296,0.008727702321924137,0.9991984720947066,0.9780918923584029,0.978
262,285,22.0,51.76968198391533,2.68425909587222e-10,-9.57117556656684,0.010687881938796943,0.9996450960070076,0.9791620912424863,0.979
279,303,22.0,47.74489641346843,8.232268588755841e-11,-10.084480468577054,0.025404474889831954,0.9999533008867523,0.9802879714188653,0.98
281,305,22.0,47.70408742227707,8.118169904878136e-11,-10.090541863590444,0.027803234206023996,0.9999621524279878,0.9814786204188629,0.981
282,306,22.0,47.72533685781418,8.173385842338874e-11,-10.087597998787873,0.02905774035645595,0.9999570110772434,0.9820189223719668,0.982
284,308,22.0,47.79855639748183,8.369555980553516e-11,-10.07729758147036,0.03170067457327862,0.9999377814906637,0.983091469407315,0.983
288,312,22.0,48.24410264258809,9.695133953882271e-11,-10.013446186066451,0.03746828928054497,0.9998962917228286,0.9843937219544894,0.984
290,314,22.0,48.58345655858734,1.0834696559990007e-10,-9.965183247165324,0.04057656974447856,0.9998731497141865,0.9850996849435926,0.985
296,321,22.0,49.79227908917797,1.597017841620552e-10,-9.796690231967922,0.05211216555554484,0.9997937781665176,0.9860708956221964,0.986
301,326,22.0,50.826744327425445,2.2054945664910344e-10,-9.65649400782249,0.062489285561586796,0.9997684145638113,0.9873212674718175,0.987
305,331,22.0,52.05300330070806,3.191886640256078e-10,-9.495952541000968,0.07261692953389356,0.99964424044698,0.9882988936160582,0.988
307,333,22.0,52.65439512753894,3.808876841838131e-10,-9.419203069810786,0.07737501231678116,0.999612506626175,0.989012550131383,0.989
315,342,22.0,55.21023803783901,7.802715568608143e-10,-9.107754224077082,0.09995464297376924,0.9995791848213571,0.9902028560100464,0.99
319,347,22.0,56.81142552774949,1.1903157067929976e-09,-8.924337835637955,0.11278798169113928,0.9994854049300068,0.9910292883969727,0.991
326,355,22.0,59.40029437385858,2.265702784740551e-09,-8.64479706155693,0.13622584111821645,0.9993644865004025,0.9924579447652127,0.992
328,357,22.0,60.243987005743534,2.7670477943846885e-09,-8.55798333935624,0.14247146102477407,0.9993075390174045,0.9931027172914099,0.993
334,364,22.0,63.07916103588777,5.237249249541113e-09,-8.28089675679845,0.16327539343109584,0.9991894581627262,0.9941710075423839,0.994
342,373,22.0,66.83381334985825,1.1347076534415685e-08,-7.945116015872902,0.19174998614813343,0.9991716000586596,0.9950588462813643,0.995
358,392,22.0,74.17783696126169,4.2338936362604705e-08,-7.373260056511548,0.25494157076154694,0.9992914323407138,0.9961469960807376,0.996
364,399,22.0,77.2401004849154,6.875396564690458e-08,-7.1627022471864565,0.27775078972969497,0.9990576634636608,0.9970317119478742,0.997
399,440,22.0,94.99872641294799,6.621201561426752e-07,-6.17906319120296,0.4090824669685168,0.9992755028050524,0.9980839494232983,0.998
214,238,23.0,335.57155029198094,1.064251872928487e-05,-4.972955576855039,2.0274855347843473e-05,0.911009717362511,0.9007989815453398,0.9
12,36,23.0,42.93806530540003,6.648161173982305e-08,-7.1772984603246295,8.387477366151542e-05,0.9017504298278188,0.9012502255118633,0.901
15,39,23.0,41.74681037742947,5.951728618268437e-08,-7.225356879591797,9.75717196798151e-05,0.9229551482821534,0.9398622620156996,0.902
15,39,23.0,41.74681037742947,5.951728618268437e-08,-7.225356879591797,9.75717196798151e-05,0.9229551482821534,0.9398622620156996,0.903
15,39,23.0,41.74681037742947,5.951728618268437e-08,-7.225356879591797,9.75717196798151e-05,0.9229551482821534,0.9398622620156996,0.904
15,39,23.0,41.74681037742947,5.951728618268437e-08,-7.225356879591797,9.75717196798151e-05,0.9229551482821534,0.9398622620156996,0.905
15,39,23.0,41.74681037742947,5.951728618268437e-08,-7.225356879591797,9.75717196798151e-05,0.9229551482821534,0.9398622620156996,0.906
15,39,23.0,41.74681037742947,5.951728618268437e-08,-7.225356879591797,9.75717196798151e-05,0.9229551482821534,0.9398622620156996,0.907
15,39,23.0,41.74681037742947,5.951728618268437e-08,-7.225356879591797,9.75717196798151e-05,0.9229551482821534,0.9398622620156996,0.908
15,39,23.0,41.74681037742947,5.951728618268437e-08,-7.225356879591797,9.75717196798151e-05,0.9229551482821534,0.9398622620156996,0.909
15,39,23.0,41.74681037742947,5.951728618268437e-08,-7.225356879591797,9.75717196798151e-05,0.9229551482821534,0.9398622620156996,0.91
15,39,23.0,41.74681037742947,5.951728618268437e-08,-7.225356879591797,9.75717196798151e-05,0.9229551482821534,0.9398622620156996,0.911
15,39,23.0,41.74681037742947,5.951728618268437e-08,-7.225356879591797,9.75717196798151e-05,0.9229551482821534,0.9398622620156996,0.912
15,39,23.0,41.74681037742947,5.951728618268437e-08,-7.225356879591797,9.75717196798151e-05,0.9229551482821534,0.9398622620156996,0.913
15,39,23.0,41.74681037742947,5.951728618268437e-08,-7.225356879591797,9.75717196798151e-05,0.9229551482821534,0.9398622620156996,0.914
15,39,23.0,41.74681037742947,5.951728618268437e-08,-7.225356879591797,9.75717196798151e-05,0.9229551482821534,0.9398622620156996,0.915
15,39,23.0,41.74681037742947,5.951728618268437e-08,-7.225356879591797,9.75717196798151e-05,0.9229551482821534,0.9398622620156996,0.916
15,39,23.0,41.74681037742947,5.951728618268437e-08,-7.225356879591797,9.75717196798151e-05,0.9229551482821534,0.9398622620156996,0.917
15,39,23.0,41.74681037742947,5.951728618268437e-08,-7.225356879591797,9.75717196798151e-05,0.9229551482821534,0.9398622620156996,0.918
15,39,23.0,41.74681037742947,5.951728618268437e-08,-7.225356879591797,9.75717196798151e-05,0.9229551482821534,0.9398622620156996,0.919
15,39,23.0,41.74681037742947,5.951728618268437e-08,-7.225356879591797,9.75717196798151e-05,0.9229551482821534,0.9398622620156996,0.92
15,39,23.0,41.74681037742947,5.951728618268437e-08,-7.225356879591797,9.75717196798151e-05,0.9229551482821534,0.9398622620156996,0.921
15,39,23.0,41.74681037742947,5.951728618268437e-08,-7.225356879591797,9.75717196798151e-05,0.9229551482821534,0.9398622620156996,0.922
16,40,23.0,40.17066839970782,5.116616053381311e-08,-7.291017170902403,0.00010371868216740709,0.9479862442649684,0.9663418689478434,0.923
16,40,23.0,40.17066839970782,5.116616053381311e-08,-7.291017170902403,0.00010371868216740709,0.9479862442649684,0.9663418689478434,0.924
16,40,23.0,40.17066839970782,5.116616053381311e-08,-7.291017170902403,0.00010371868216740709,0.9479862442649684,0.9663418689478434,0.925
16,40,23.0,40.17066839970782,5.116616053381311e-08,-7.291017170902403,0.00010371868216740709,0.9479862442649684,0.9663418689478434,0.926
16,40,23.0,40.17066839970782,5.116616053381311e-08,-7.291017170902403,0.00010371868216740709,0.9479862442649684,0.9663418689478434,0.927
16,40,23.0,40.17066839970782,5.116616053381311e-08,-7.291017170902403,0.00010371868216740709,0.9479862442649684,0.9663418689478434,0.928
16,40,23.0,40.17066839970782,5.116616053381311e-08,-7.291017170902403,0.00010371868216740709,0.9479862442649684,0.9663418689478434,0.929
16,40,23.0,40.17066839970782,5.116616053381311e-08,-7.291017170902403,0.00010371868216740709,0.9479862442649684,0.9663418689478434,0.93
16,40,23.0,40.17066839970782,5.116616053381311e-08,-7.291017170902403,0.00010371868216740709,0.9479862442649684,0.9663418689478434,0.931
16,40,23.0,40.17066839970782,5.116616053381311e-08,-7.291017170902403,0.00010371868216740709,0.9479862442649684,0.9663418689478434,0.932
16,40,23.0,40.17066839970782,5.116616053381311e-08,-7.291017170902403,0.00010371868216740709,0.9479862442649684,0.9663418689478434,0.933
16,40,23.0,40.17066839970782,5.116616053381311e-08,-7.291017170902403,0.00010371868216740709,0.9479862442649684,0.9663418689478434,0.934
16,40,23.0,40.17066839970782,5.116616053381311e-08,-7.291017170902403,0.00010371868216740709,0.9479862442649684,0.9663418689478434,0.935
16,40,23.0,40.17066839970782,5.116616053381311e-08,-7.291017170902403,0.00010371868216740709,0.9479862442649684,0.9663418689478434,0.936
16,40,23.0,40.17066839970782,5.116616053381311e-08,-7.291017170902403,0.00010371868216740709,0.9479862442649684,0.9663418689478434,0.937
16,40,23.0,40.17066839970782,5.116616053381311e-08,-7.291017170902403,0.00010371868216740709,0.9479862442649684,0.9663418689478434,0.9380000000000001
16,40,23.0,40.17066839970782,5.116616053381311e-08,-7.291017170902403,0.00010371868216740709,0.9479862442649684,0.9663418689478434,0.9390000000000001
16,40,23.0,40.17066839970782,5.116616053381311e-08,-7.291017170902403,0.00010371868216740709,0.9479862442649684,0.9663418689478434,0.9400000000000001
16,40,23.0,40.17066839970782,5.116616053381311e-08,-7.291017170902403,0.00010371868216740709,0.9479862442649684,0.9663418689478434,0.9410000000000001
16,40,23.0,40.17066839970782,5.116616053381311e-08,-7.291017170902403,0.00010371868216740709,0.9479862442649684,0.9663418689478434,0.9420000000000001
16,40,23.0,40.17066839970782,5.116616053381311e-08,-7.291017170902403,0.00010371868216740709,0.9479862442649684,0.9663418689478434,0.9430000000000001
16,40,23.0,40.17066839970782,5.116616053381311e-08,-7.291017170902403,0.00010371868216740709,0.9479862442649684,0.9663418689478434,0.9440000000000001
16,40,23.0,40.17066839970782,5.116616053381311e-08,-7.291017170902403,0.00010371868216740709,0.9479862442649684,0.9663418689478434,0.9450000000000001
16,40,23.0,40.17066839970782,5.116616053381311e-08,-7.291017170902403,0.00010371868216740709,0.9479862442649684,0.9663418689478434,0.9460000000000001
16,40,23.0,40.17066839970782,5.116616053381311e-08,-7.291017170902403,0.00010371868216740709,0.9479862442649684,0.9663418689478434,0.9470000000000001
17,41,23.0,42.61789679787714,6.327838082961532e-08,-7.198744642117206,0.00010381743510944613,0.9521864865784481,0.9665608090628338,0.9480000000000001
17,41,23.0,42.61789679787714,6.327838082961532e-08,-7.198744642117206,0.00010381743510944613,0.9521864865784481,0.9665608090628338,0.9490000000000001
17,41,23.0,42.61789679787714,6.327838082961532e-08,-7.198744642117206,0.00010381743510944613,0.9521864865784481,0.9665608090628338,0.9500000000000001
17,41,23.0,42.61789679787714,6.327838082961532e-08,-7.198744642117206,0.00010381743510944613,0.9521864865784481,0.9665608090628338,0.9510000000000001
17,41,23.0,42.61789679787714,6.327838082961532e-08,-7.198744642117206,0.00010381743510944613,0.9521864865784481,0.9665608090628338,0.9520000000000001
18,42,23.0,44.8033940165124,7.549111655615248e-08,-7.122104151120904,0.00010564015067469135,0.9616258346463772,0.9643772480887928,0.9530000000000001
18,42,23.0,44.8033940165124,7.549111655615248e-08,-7.122104151120904,0.00010564015067469135,0.9616258346463772,0.9643772480887928,0.9540000000000001
18,42,23.0,44.8033940165124,7.549111655615248e-08,-7.122104151120904,0.00010564015067469135,0.9616258346463772,0.9643772480887928,0.9550000000000001
18,42,23.0,44.8033940165124,7.549111655615248e-08,-7.122104151120904,0.00010564015067469135,0.9616258346463772,0.9643772480887928,0.9560000000000001
18,42,23.0,44.8033940165124,7.549111655615248e-08,-7.122104151120904,0.00010564015067469135,0.9616258346463772,0.9643772480887928,0.9570000000000001
18,42,23.0,44.8033940165124,7.549111655615248e-08,-7.122104151120904,0.00010564015067469135,0.9616258346463772,0.9643772480887928,0.9580000000000001
18,42,23.0,44.8033940165124,7.549111655615248e-08,-7.122104151120904,0.00010564015067469135,0.9616258346463772,0.9643772480887928,0.9590000000000001
18,42,23.0,44.8033940165124,7.549111655615248e-08,-7.122104151120904,0.00010564015067469135,0.9616258346463772,0.9643772480887928,0.96
18,42,23.0,44.8033940165124,7.549111655615248e-08,-7.122104151120904,0.00010564015067469135,0.9616258346463772,0.9643772480887928,0.9610000000000001
19,43,23.0,44.547152981807805,7.401405179251319e-08,-7.1306858203148,0.00011209190270834771,0.9621578375332022,0.9632651100247633,0.962
32,56,23.0,56.9010346187266,1.6386656840073189e-07,-6.7855096409387246,0.00015544957088355318,0.9769212046816872,0.9642631708494617,0.9630000000000001
32,56,23.0,56.9010346187266,1.6386656840073189e-07,-6.7855096409387246,0.00015544957088355318,0.9769212046816872,0.9642631708494617,0.964
33,57,23.0,57.81563811779602,1.7175339706685488e-07,-6.765094664383116,0.0001572083095993124,0.9734598769829657,0.9675029425922805,0.9650000000000001
33,57,23.0,57.81563811779602,1.7175339706685488e-07,-6.765094664383116,0.0001572083095993124,0.9734598769829657,0.9675029425922805,0.966
33,57,23.0,57.81563811779602,1.7175339706685488e-07,-6.765094664383116,0.0001572083095993124,0.9734598769829657,0.9675029425922805,0.9670000000000001
38,62,23.0,61.04130534872891,2.050052907010722e-07,-6.688234930687507,0.00018166360861833762,0.9729175429726933,0.9690748057188733,0.968
38,62,23.0,61.04130534872891,2.050052907010722e-07,-6.688234930687507,0.00018166360861833762,0.9729175429726933,0.9690748057188733,0.9690000000000001
39,63,23.0,61.15583868853981,2.05838279233793e-07,-6.686473857396194,0.00018737884614792105,0.9726340067811795,0.9728257002914117,0.97
39,63,23.0,61.15583868853981,2.05838279233793e-07,-6.686473857396194,0.00018737884614792105,0.9726340067811795,0.9728257002914117,0.9710000000000001
39,63,23.0,61.15583868853981,2.05838279233793e-07,-6.686473857396194,0.00018737884614792105,0.9726340067811795,0.9728257002914117,0.972
43,67,23.0,62.406484225468,2.1928272413053913e-07,-6.658995582231817,0.00021293368512980405,0.974026281569136,0.9748494765016587,0.973
43,67,23.0,62.406484225468,2.1928272413053913e-07,-6.658995582231817,0.00021293368512980405,0.974026281569136,0.9748494765016587,0.974
256,280,23.0,54.26012238829238,5.011240023392453e-10,-9.300054795354027,0.008112397615748453,0.9989496842127974,0.97547762311524,0.975
258,282,23.0,53.31981993558703,3.991989951249329e-10,-9.398810560601715,0.008969923522000574,0.9992147907227574,0.976494896281973,0.976
261,285,23.0,52.00154337772012,2.8550629496923417e-10,-9.544384311795495,0.010447257631750953,0.9995393751774349,0.9770968646479459,0.977
278,303,23.0,47.82239715854164,8.44602858583257e-11,-10.073347453026155,0.02485948965030255,0.9999388134242196,0.9783258485055238,0.978
280,305,23.0,47.73637414501491,8.206067118004255e-11,-10.085864935229248,0.02722519948924752,0.9999631055882103,0.9796621681756085,0.979
281,306,23.0,47.74404573405225,8.224663198138706e-11,-10.084881877473396,0.02846049156297087,0.9999608751842571,0.9802436200723755,0.98
283,308,23.0,47.80987958146265,8.401382046581646e-11,-10.07564926562466,0.03105726549257064,0.9999446503298369,0.9813226161500654,0.981
285,310,23.0,47.91473837418619,8.695217607326482e-11,-10.060719544831073,0.03385334218211197,0.9999247685865522,0.982087050684777,0.982
288,313,23.0,48.34840493652712,1.0029419689205631e-10,-9.998724194902499,0.03824970414321815,0.9998707978233095,0.9834939677004783,0.983
294,320,23.0,49.510774666676966,1.4602013884737754e-10,-9.835587242933848,0.04931525879821757,0.9998177522148067,0.9842744020900692,0.984
298,324,23.0,50.26093488648833,1.8502001734932168e-10,-9.732781282656099,0.05723958378206201,0.9997979507568604,0.9852699820097429,0.985
300,326,23.0,50.698774513935746,2.119319055733449e-10,-9.673803656921216,0.06144795092990136,0.9997469493885289,0.9862116515784056,0.986
304,331,23.0,51.90454251057347,3.0526310152530977e-10,-9.515325687586053,0.07147529498745915,0.9996202077239171,0.9872503379257433,0.987
306,333,23.0,52.50010395926007,3.639350927623941e-10,-9.438976065166045,0.07618674993961268,0.9995887074830038,0.9880077473534176,0.988
313,341,23.0,54.72848246949704,6.840273845927556e-10,-9.164926511233896,0.09576561435506528,0.9995584858422607,0.989055175131118,0.989
318,347,23.0,56.62107317152236,1.1325410570596687e-09,-8.945946044916676,0.11131534436149997,0.9994460143841333,0.9902719833075845,0.99
324,354,23.0,58.815357140087166,1.9661868846742115e-09,-8.70637520515831,0.1315028842124469,0.999417752536155,0.9912402085464342,0.991
326,356,23.0,59.61345556955558,2.3828864495032478e-09,-8.622896652378309,0.13770763648966838,0.9992927613002442,0.9921754232357809,0.992
331,362,23.0,61.90668150481102,4.044172882068685e-09,-8.39317028727401,0.15524555565131387,0.9991506893161737,0.9931980240596191,0.993
337,369,23.0,64.83620143994256,7.587195315659463e-09,-8.119918735835588,0.17640144828729684,0.9991233690444246,0.9940230316209742,0.994
353,388,23.0,72.17918299174319,3.0250335416611256e-08,-7.519269805514791,0.23855512764029013,0.9993060860818569,0.9951631640888365,0.995
359,395,23.0,75.06994475833754,4.890471461170249e-08,-7.310649271118742,0.2618821308470019,0.999155708194366,0.9960568076356723,0.996
367,404,23.0,79.27274212888224,9.311348469388745e-08,-7.0309874199416615,0.2910583124803385,0.9989443918702677,0.99709167674616,0.997
400,443,23.0,95.9426450400167,7.314050011347496e-07,-6.135842074408421,0.4153899184989169,0.999201054924921,0.998035205917164,0.998
12,37,24.0,43.404270596382226,6.860815903506873e-08,-7.163624233955002,8.453565361770468e-05,0.909594407640961,0.9125435344101909,0.9
12,37,24.0,43.404270596382226,6.860815903506873e-08,-7.163624233955002,8.453565361770468e-05,0.909594407640961,0.9125435344101909,0.901
12,37,24.0,43.404270596382226,6.860815903506873e-08,-7.163624233955002,8.453565361770468e-05,0.909594407640961,0.9125435344101909,0.902
12,37,24.0,43.404270596382226,6.860815903506873e-08,-7.163624233955002,8.453565361770468e-05,0.909594407640961,0.9125435344101909,0.903
12,37,24.0,43.404270596382226,6.860815903506873e-08,-7.163624233955002,8.453565361770468e-05,0.909594407640961,0.9125435344101909,0.904
12,37,24.0,43.404270596382226,6.860815903506873e-08,-7.163624233955002,8.453565361770468e-05,0.909594407640961,0.9125435344101909,0.905
12,37,24.0,43.404270596382226,6.860815903506873e-08,-7.163624233955002,8.453565361770468e-05,0.909594407640961,0.9125435344101909,0.906
12,37,24.0,43.404270596382226,6.860815903506873e-08,-7.163624233955002,8.453565361770468e-05,0.909594407640961,0.9125435344101909,0.907
12,37,24.0,43.404270596382226,6.860815903506873e-08,-7.163624233955002,8.453565361770468e-05,0.909594407640961,0.9125435344101909,0.908
12,37,24.0,43.404270596382226,6.860815903506873e-08,-7.163624233955002,8.453565361770468e-05,0.909594407640961,0.9125435344101909,0.909
15,40,24.0,42.42572126445839,6.262483910411334e-08,-7.203253376913688,9.788159342564624e-05,0.927391285611442,0.9467382104637464,0.91
15,40,24.0,42.42572126445839,6.262483910411334e-08,-7.203253376913688,9.788159342564624e-05,0.927391285611442,0.9467382104637464,0.911
15,40,24.0,42.42572126445839,6.262483910411334e-08,-7.203253376913688,9.788159342564624e-05,0.927391285611442,0.9467382104637464,0.912
15,40,24.0,42.42572126445839,6.262483910411334e-08,-7.203253376913688,9.788159342564624e-05,0.927391285611442,0.9467382104637464,0.913
15,40,24.0,42.42572126445839,6.262483910411334e-08,-7.203253376913688,9.788159342564624e-05,0.927391285611442,0.9467382104637464,0.914
15,40,24.0,42.42572126445839,6.262483910411334e-08,-7.203253376913688,9.788159342564624e-05,0.927391285611442,0.9467382104637464,0.915
15,40,24.0,42.42572126445839,6.262483910411334e-08,-7.203253376913688,9.788159342564624e-05,0.927391285611442,0.9467382104637464,0.916
15,40,24.0,42.42572126445839,6.262483910411334e-08,-7.203253376913688,9.788159342564624e-05,0.927391285611442,0.9467382104637464,0.917
15,40,24.0,42.42572126445839,6.262483910411334e-08,-7.203253376913688,9.788159342564624e-05,0.927391285611442,0.9467382104637464,0.918
15,40,24.0,42.42572126445839,6.262483910411334e-08,-7.203253376913688,9.788159342564624e-05,0.927391285611442,0.9467382104637464,0.919
15,40,24.0,42.42572126445839,6.262483910411334e-08,-7.203253376913688,9.788159342564624e-05,0.927391285611442,0.9467382104637464,0.92
15,40,24.0,42.42572126445839,6.262483910411334e-08,-7.203253376913688,9.788159342564624e-05,0.927391285611442,0.9467382104637464,0.921
15,40,24.0,42.42572126445839,6.262483910411334e-08,-7.203253376913688,9.788159342564624e-05,0.927391285611442,0.9467382104637464,0.922
15,40,24.0,42.42572126445839,6.262483910411334e-08,-7.203253376913688,9.788159342564624e-05,0.927391285611442,0.9467382104637464,0.923
15,40,24.0,42.42572126445839,6.262483910411334e-08,-7.203253376913688,9.788159342564624e-05,0.927391285611442,0.9467382104637464,0.924
15,40,24.0,42.42572126445839,6.262483910411334e-08,-7.203253376913688,9.788159342564624e-05,0.927391285611442,0.9467382104637464,0.925
15,40,24.0,42.42572126445839,6.262483910411334e-08,-7.203253376913688,9.788159342564624e-05,0.927391285611442,0.9467382104637464,0.926
15,40,24.0,42.42572126445839,6.262483910411334e-08,-7.203253376913688,9.788159342564624e-05,0.927391285611442,0.9467382104637464,0.927
16,41,24.0,40.924012987335956,5.44334117953156e-08,-7.264134443977213,0.00010404027976860183,0.9496037868664211,0.9702250121183537,0.928
16,41,24.0,40.924012987335956,5.44334117953156e-08,-7.264134443977213,0.00010404027976860183,0.9496037868664211,0.9702250121183537,0.929
16,41,24.0,40.924012987335956,5.44334117953156e-08,-7.264134443977213,0.00010404027976860183,0.9496037868664211,0.9702250121183537,0.93
16,41,24.0,40.924012987335956,5.44334117953156e-08,-7.264134443977213,0.00010404027976860183,0.9496037868664211,0.9702250121183537,0.931
16,41,24.0,40.924012987335956,5.44334117953156e-08,-7.264134443977213,0.00010404027976860183,0.9496037868664211,0.9702250121183537,0.932
16,41,24.0,40.924012987335956,5.44334117953156e-08,-7.264134443977213,0.00010404027976860183,0.9496037868664211,0.9702250121183537,0.933
16,41,24.0,40.924012987335956,5.44334117953156e-08,-7.264134443977213,0.00010404027976860183,0.9496037868664211,0.9702250121183537,0.934
16,41,24.0,40.924012987335956,5.44334117953156e-08,-7.264134443977213,0.00010404027976860183,0.9496037868664211,0.9702250121183537,0.935
16,41,24.0,40.924012987335956,5.44334117953156e-08,-7.264134443977213,0.00010404027976860183,0.9496037868664211,0.9702250121183537,0.936
16,41,24.0,40.924012987335956,5.44334117953156e-08,-7.264134443977213,0.00010404027976860183,0.9496037868664211,0.9702250121183537,0.937
16,41,24.0,40.924012987335956,5.44334117953156e-08,-7.264134443977213,0.00010404027976860183,0.9496037868664211,0.9702250121183537,0.9380000000000001
16,41,24.0,40.924012987335956,5.44334117953156e-08,-7.264134443977213,0.00010404027976860183,0.9496037868664211,0.9702250121183537,0.9390000000000001
16,41,24.0,40.924012987335956,5.44334117953156e-08,-7.264134443977213,0.00010404027976860183,0.9496037868664211,0.9702250121183537,0.9400000000000001
16,41,24.0,40.924012987335956,5.44334117953156e-08,-7.264134443977213,0.00010404027976860183,0.9496037868664211,0.9702250121183537,0.9410000000000001
16,41,24.0,40.924012987335956,5.44334117953156e-08,-7.264134443977213,0.00010404027976860183,0.9496037868664211,0.9702250121183537,0.9420000000000001
16,41,24.0,40.924012987335956,5.44334117953156e-08,-7.264134443977213,0.00010404027976860183,0.9496037868664211,0.9702250121183537,0.9430000000000001
16,41,24.0,40.924012987335956,5.44334117953156e-08,-7.264134443977213,0.00010404027976860183,0.9496037868664211,0.9702250121183537,0.9440000000000001
16,41,24.0,40.924012987335956,5.44334117953156e-08,-7.264134443977213,0.00010404027976860183,0.9496037868664211,0.9702250121183537,0.9450000000000001
16,41,24.0,40.924012987335956,5.44334117953156e-08,-7.264134443977213,0.00010404027976860183,0.9496037868664211,0.9702250121183537,0.9460000000000001
16,41,24.0,40.924012987335956,5.44334117953156e-08,-7.264134443977213,0.00010404027976860183,0.9496037868664211,0.9702250121183537,0.9470000000000001
16,41,24.0,40.924012987335956,5.44334117953156e-08,-7.264134443977213,0.00010404027976860183,0.9496037868664211,0.9702250121183537,0.9480000000000001
16,41,24.0,40.924012987335956,5.44334117953156e-08,-7.264134443977213,0.00010404027976860183,0.9496037868664211,0.9702250121183537,0.9490000000000001
17,42,24.0,42.948798308225605,6.486962245111855e-08,-7.187958629707711,0.00010602793008490533,0.9564110018695576,0.9683382846271201,0.9500000000000001
17,42,24.0,42.948798308225605,6.486962245111855e-08,-7.187958629707711,0.00010602793008490533,0.9564110018695576,0.9683382846271201,0.9510000000000001
17,42,24.0,42.948798308225605,6.486962245111855e-08,-7.187958629707711,0.00010602793008490533,0.9564110018695576,0.9683382846271201,0.9520000000000001
17,42,24.0,42.948798308225605,6.486962245111855e-08,-7.187958629707711,0.00010602793008490533,0.9564110018695576,0.9683382846271201,0.9530000000000001
17,42,24.0,42.948798308225605,6.486962245111855e-08,-7.187958629707711,0.00010602793008490533,0.9564110018695576,0.9683382846271201,0.9540000000000001
17,42,24.0,42.948798308225605,6.486962245111855e-08,-7.187958629707711,0.00010602793008490533,0.9564110018695576,0.9683382846271201,0.9550000000000001
17,42,24.0,42.948798308225605,6.486962245111855e-08,-7.187958629707711,0.00010602793008490533,0.9564110018695576,0.9683382846271201,0.9560000000000001
18,43,24.0,44.729612648419014,7.510389671159267e-08,-7.124337529354832,0.00010947135308461658,0.9659911198318963,0.962161184020879,0.9570000000000001
18,43,24.0,44.729612648419014,7.510389671159267e-08,-7.124337529354832,0.00010947135308461658,0.9659911198318963,0.962161184020879,0.9580000000000001
18,43,24.0,44.729612648419014,7.510389671159267e-08,-7.124337529354832,0.00010947135308461658,0.9659911198318963,0.962161184020879,0.9590000000000001
18,43,24.0,44.729612648419014,7.510389671159267e-08,-7.124337529354832,0.00010947135308461658,0.9659911198318963,0.962161184020879,0.96
18,43,24.0,44.729612648419014,7.510389671159267e-08,-7.124337529354832,0.00010947135308461658,0.9659911198318963,0.962161184020879,0.9610000000000001
18,43,24.0,44.729612648419014,7.510389671159267e-08,-7.124337529354832,0.00010947135308461658,0.9659911198318963,0.962161184020879,0.962
19,44,24.0,44.75587862351604,7.512243253924232e-08,-7.1242303576260575,0.00011476466734997204,0.9659148866668037,0.964991040321939,0.9630000000000001
19,44,24.0,44.75587862351604,7.512243253924232e-08,-7.1242303576260575,0.00011476466734997204,0.9659148866668037,0.964991040321939,0.964
32,57,24.0,57.94768425639678,1.730570850242959e-07,-6.761810615821061,0.0001542155119797442,0.9763070987641985,0.9677134873232506,0.9650000000000001
32,57,24.0,57.94768425639678,1.730570850242959e-07,-6.761810615821061,0.0001542155119797442,0.9763070987641985,0.9677134873232506,0.966
32,57,24.0,57.94768425639678,1.730570850242959e-07,-6.761810615821061,0.0001542155119797442,0.9763070987641985,0.9677134873232506,0.9670000000000001
33,58,24.0,57.934088746934506,1.7281479408441993e-07,-6.762419081798041,0.00016047778116096077,0.9763247744196829,0.9694128655453109,0.968
33,58,24.0,57.934088746934506,1.7281479408441993e-07,-6.762419081798041,0.00016047778116096077,0.9763247744196829,0.9694128655453109,0.9690000000000001
37,62,24.0,60.403575707878055,1.9791964402735185e-07,-6.7035110988239675,0.0001800936845400783,0.9756581219534333,0.9713153890628544,0.97
37,62,24.0,60.403575707878055,1.9791964402735185e-07,-6.7035110988239675,0.0001800936845400783,0.9756581219534333,0.9713153890628544,0.9710000000000001
38,63,24.0,61.46546492409935,2.093550618234484e-07,-6.6791165341975605,0.00018354767787326248,0.9752878838213233,0.9722810861540024,0.972
39,64,24.0,61.9613084050495,2.142316125255014e-07,-6.66911644325028,0.00018744649548776832,0.9738241494855524,0.9759511147081735,0.973
40,65,24.0,62.94868158933315,2.2564933837191384e-07,-6.646565935540016,0.0001918712065652981,0.9742537538738356,0.975252990031661,0.974
260,285,24.0,52.22786591903974,3.0304719244822424e-10,-9.51848973511509,0.010214527644646506,0.9994454319290533,0.9750217130880761,0.975
277,303,24.0,47.92874988103588,8.746951820761789e-11,-10.058143265613065,0.024320427598678643,0.9999066664292717,0.976192225355777,0.976
279,305,24.0,47.785313488035904,8.340754822122087e-11,-10.078794644776089,0.026656059097506894,0.9999589685492822,0.9777253057329677,0.977
280,306,24.0,47.77102155343753,8.299022236714899e-11,-10.080973071745976,0.02787475504547567,0.9999627603780824,0.9783832375264667,0.978
282,308,24.0,47.8219166140514,8.435298354032038e-11,-10.073899551934577,0.03042832108942085,0.9999503992408193,0.9795029823707337,0.979
284,310,24.0,47.899077476045086,8.649678977650497e-11,-10.0630000105493,0.033183919210012666,0.9999325083765912,0.9803809677601008,0.98
286,312,24.0,48.112934609727226,9.280147307663771e-11,-10.032445129988275,0.036057919221636134,0.9998928058956665,0.981442092107192,0.981
287,313,24.0,48.27393723620449,9.784191663949921e-11,-10.009475048430833,0.03753192981085975,0.9998673050857033,0.9820221965054291,0.982
294,321,24.0,49.62046046467733,1.511426783441165e-10,-9.8206128860764,0.050278142076978845,0.9997936455876782,0.9833450488013625,0.983
297,324,24.0,50.153406256592426,1.788289216681424e-10,-9.747562242222807,0.05625539466942223,0.9997841449606457,0.9840232683965078,0.984
301,329,24.0,51.239909318447125,2.498736320384061e-10,-9.602279570461812,0.06581779181818899,0.9996598631561407,0.9851577129251711,0.985
303,331,24.0,51.78197565595267,2.941778302205363e-10,-9.531390059601952,0.07032734502170783,0.9996160515295134,0.9860664632972221,0.986
306,334,24.0,52.64870494357272,3.79884146272335e-10,-9.420348830504533,0.07741492236698154,0.9995550541592911,0.9872990293930753,0.987
312,341,24.0,54.53914171047136,6.489576878558616e-10,-9.187783618345641,0.09442948528444119,0.9995042995256287,0.988221909196559,0.988
316,346,24.0,56.096632319878275,9.86946417395508e-10,-9.005706425102543,0.10693503438636774,0.9994208288179408,0.9891407836977598,0.989
323,354,24.0,58.64484213436445,1.8850845498834292e-09,-8.724669166028834,0.12986349597948754,0.9994013488638107,0.9904654475139164,0.99
324,355,24.0,59.03226948216682,2.07142646967053e-09,-8.683730478432846,0.1329449267218095,0.9993276619724599,0.9910113660725198,0.991
329,361,24.0,61.22829973065192,3.4682961206779318e-09,-8.459883829856091,0.1504306411112041,0.9991500084594432,0.9922482261108986,0.992
333,366,24.0,63.26604630956975,5.444326281082864e-09,-8.264055855212344,0.16472175213848408,0.9990128174940003,0.9931116630411186,0.993
342,376,24.0,67.38678463704103,1.2622503380759334e-08,-7.898854504312815,0.19696511094956656,0.9991213068208343,0.9940469685010618,0.994
354,391,24.0,73.0301366364433,3.494063613397531e-08,-7.456669192456685,0.24558645279360372,0.9991715030481586,0.9950516017750005,0.995
360,398,24.0,75.9843346602561,5.651661683897802e-08,-7.247823843499685,0.26871488947407063,0.9989897986630986,0.9960199179067584,0.996
368,407,24.0,80.36503970518147,1.0893035062646268e-07,-6.962851098452336,0.2971640272408525,0.9987347450776369,0.9971309908512731,0.997
401,446,24.0,96.97018148372155,8.134356288169702e-07,-6.0896768092369005,0.4212259048074339,0.9990255118547267,0.9981244478663208,0.998
12,38,25.0,43.77120224367781,7.030686204754111e-08,-7.1530022851659005,8.56421860020253e-05,0.9170779001738665,0.9222089764633637,0.9
12,38,25.0,43.77120224367781,7.030686204754111e-08,-7.1530022851659005,8.56421860020253e-05,0.9170779001738665,0.9222089764633637,0.901
12,38,25.0,43.77120224367781,7.030686204754111e-08,-7.1530022851659005,8.56421860020253e-05,0.9170779001738665,0.9222089764633637,0.902
12,38,25.0,43.77120224367781,7.030686204754111e-08,-7.1530022851659005,8.56421860020253e-05,0.9170779001738665,0.9222089764633637,0.903
12,38,25.0,43.77120224367781,7.030686204754111e-08,-7.1530022851659005,8.56421860020253e-05,0.9170779001738665,0.9222089764633637,0.904
12,38,25.0,43.77120224367781,7.030686204754111e-08,-7.1530022851659005,8.56421860020253e-05,0.9170779001738665,0.9222089764633637,0.905
12,38,25.0,43.77120224367781,7.030686204754111e-08,-7.1530022851659005,8.56421860020253e-05,0.9170779001738665,0.9222089764633637,0.906
12,38,25.0,43.77120224367781,7.030686204754111e-08,-7.1530022851659005,8.56421860020253e-05,0.9170779001738665,0.9222089764633637,0.907
12,38,25.0,43.77120224367781,7.030686204754111e-08,-7.1530022851659005,8.56421860020253e-05,0.9170779001738665,0.9222089764633637,0.908
12,38,25.0,43.77120224367781,7.030686204754111e-08,-7.1530022851659005,8.56421860020253e-05,0.9170779001738665,0.9222089764633637,0.909
12,38,25.0,43.77120224367781,7.030686204754111e-08,-7.1530022851659005,8.56421860020253e-05,0.9170779001738665,0.9222089764633637,0.91
12,38,25.0,43.77120224367781,7.030686204754111e-08,-7.1530022851659005,8.56421860020253e-05,0.9170779001738665,0.9222089764633637,0.911
12,38,25.0,43.77120224367781,7.030686204754111e-08,-7.1530022851659005,8.56421860020253e-05,0.9170779001738665,0.9222089764633637,0.912
12,38,25.0,43.77120224367781,7.030686204754111e-08,-7.1530022851659005,8.56421860020253e-05,0.9170779001738665,0.9222089764633637,0.913
12,38,25.0,43.77120224367781,7.030686204754111e-08,-7.1530022851659005,8.56421860020253e-05,0.9170779001738665,0.9222089764633637,0.914
12,38,25.0,43.77120224367781,7.030686204754111e-08,-7.1530022851659005,8.56421860020253e-05,0.9170779001738665,0.9222089764633637,0.915
12,38,25.0,43.77120224367781,7.030686204754111e-08,-7.1530022851659005,8.56421860020253e-05,0.9170779001738665,0.9222089764633637,0.916
12,38,25.0,43.77120224367781,7.030686204754111e-08,-7.1530022851659005,8.56421860020253e-05,0.9170779001738665,0.9222089764633637,0.917
15,41,25.0,43.021265302213735,6.541393439675439e-08,-7.184329728938459,9.858747747367114e-05,0.9318462221401412,0.9526308466996866,0.918
15,41,25.0,43.021265302213735,6.541393439675439e-08,-7.184329728938459,9.858747747367114e-05,0.9318462221401412,0.9526308466996866,0.919
15,41,25.0,43.021265302213735,6.541393439675439e-08,-7.184329728938459,9.858747747367114e-05,0.9318462221401412,0.9526308466996866,0.92
15,41,25.0,43.021265302213735,6.541393439675439e-08,-7.184329728938459,9.858747747367114e-05,0.9318462221401412,0.9526308466996866,0.921
15,41,25.0,43.021265302213735,6.541393439675439e-08,-7.184329728938459,9.858747747367114e-05,0.9318462221401412,0.9526308466996866,0.922
15,41,25.0,43.021265302213735,6.541393439675439e-08,-7.184329728938459,9.858747747367114e-05,0.9318462221401412,0.9526308466996866,0.923
15,41,25.0,43.021265302213735,6.541393439675439e-08,-7.184329728938459,9.858747747367114e-05,0.9318462221401412,0.9526308466996866,0.924
15,41,25.0,43.021265302213735,6.541393439675439e-08,-7.184329728938459,9.858747747367114e-05,0.9318462221401412,0.9526308466996866,0.925
15,41,25.0,43.021265302213735,6.541393439675439e-08,-7.184329728938459,9.858747747367114e-05,0.9318462221401412,0.9526308466996866,0.926
15,41,25.0,43.021265302213735,6.541393439675439e-08,-7.184329728938459,9.858747747367114e-05,0.9318462221401412,0.9526308466996866,0.927
15,41,25.0,43.021265302213735,6.541393439675439e-08,-7.184329728938459,9.858747747367114e-05,0.9318462221401412,0.9526308466996866,0.928
15,41,25.0,43.021265302213735,6.541393439675439e-08,-7.184329728938459,9.858747747367114e-05,0.9318462221401412,0.9526308466996866,0.929
15,41,25.0,43.021265302213735,6.541393439675439e-08,-7.184329728938459,9.858747747367114e-05,0.9318462221401412,0.9526308466996866,0.93
15,41,25.0,43.021265302213735,6.541393439675439e-08,-7.184329728938459,9.858747747367114e-05,0.9318462221401412,0.9526308466996866,0.931
16,42,25.0,41.328794937897776,5.6232185134943664e-08,-7.2500150398480665,0.00010608358879521996,0.9533842836484222,0.9715587801248505,0.932
16,42,25.0,41.328794937897776,5.6232185134943664e-08,-7.2500150398480665,0.00010608358879521996,0.9533842836484222,0.9715587801248505,0.933
16,42,25.0,41.328794937897776,5.6232185134943664e-08,-7.2500150398480665,0.00010608358879521996,0.9533842836484222,0.9715587801248505,0.934
16,42,25.0,41.328794937897776,5.6232185134943664e-08,-7.2500150398480665,0.00010608358879521996,0.9533842836484222,0.9715587801248505,0.935
16,42,25.0,41.328794937897776,5.6232185134943664e-08,-7.2500150398480665,0.00010608358879521996,0.9533842836484222,0.9715587801248505,0.936
16,42,25.0,41.328794937897776,5.6232185134943664e-08,-7.2500150398480665,0.00010608358879521996,0.9533842836484222,0.9715587801248505,0.937
16,42,25.0,41.328794937897776,5.6232185134943664e-08,-7.2500150398480665,0.00010608358879521996,0.9533842836484222,0.9715587801248505,0.9380000000000001
16,42,25.0,41.328794937897776,5.6232185134943664e-08,-7.2500150398480665,0.00010608358879521996,0.9533842836484222,0.9715587801248505,0.9390000000000001
16,42,25.0,41.328794937897776,5.6232185134943664e-08,-7.2500150398480665,0.00010608358879521996,0.9533842836484222,0.9715587801248505,0.9400000000000001
16,42,25.0,41.328794937897776,5.6232185134943664e-08,-7.2500150398480665,0.00010608358879521996,0.9533842836484222,0.9715587801248505,0.9410000000000001
16,42,25.0,41.328794937897776,5.6232185134943664e-08,-7.2500150398480665,0.00010608358879521996,0.9533842836484222,0.9715587801248505,0.9420000000000001
16,42,25.0,41.328794937897776,5.6232185134943664e-08,-7.2500150398480665,0.00010608358879521996,0.9533842836484222,0.9715587801248505,0.9430000000000001
16,42,25.0,41.328794937897776,5.6232185134943664e-08,-7.2500150398480665,0.00010608358879521996,0.9533842836484222,0.9715587801248505,0.9440000000000001
16,42,25.0,41.328794937897776,5.6232185134943664e-08,-7.2500150398480665,0.00010608358879521996,0.9533842836484222,0.9715587801248505,0.9450000000000001
16,42,25.0,41.328794937897776,5.6232185134943664e-08,-7.2500150398480665,0.00010608358879521996,0.9533842836484222,0.9715587801248505,0.9460000000000001
16,42,25.0,41.328794937897776,5.6232185134943664e-08,-7.2500150398480665,0.00010608358879521996,0.9533842836484222,0.9715587801248505,0.9470000000000001
16,42,25.0,41.328794937897776,5.6232185134943664e-08,-7.2500150398480665,0.00010608358879521996,0.9533842836484222,0.9715587801248505,0.9480000000000001
16,42,25.0,41.328794937897776,5.6232185134943664e-08,-7.2500150398480665,0.00010608358879521996,0.9533842836484222,0.9715587801248505,0.9490000000000001
16,42,25.0,41.328794937897776,5.6232185134943664e-08,-7.2500150398480665,0.00010608358879521996,0.9533842836484222,0.9715587801248505,0.9500000000000001
16,42,25.0,41.328794937897776,5.6232185134943664e-08,-7.2500150398480665,0.00010608358879521996,0.9533842836484222,0.9715587801248505,0.9510000000000001
16,42,25.0,41.328794937897776,5.6232185134943664e-08,-7.2500150398480665,0.00010608358879521996,0.9533842836484222,0.9715587801248505,0.9520000000000001
16,42,25.0,41.328794937897776,5.6232185134943664e-08,-7.2500150398480665,0.00010608358879521996,0.9533842836484222,0.9715587801248505,0.9530000000000001
17,43,25.0,43.01769877811964,6.520468334487426e-08,-7.185721209823456,0.00010955031021704268,0.9609259546239086,0.9659828471922071,0.9540000000000001
17,43,25.0,43.01769877811964,6.520468334487426e-08,-7.185721209823456,0.00010955031021704268,0.9609259546239086,0.9659828471922071,0.9550000000000001
17,43,25.0,43.01769877811964,6.520468334487426e-08,-7.185721209823456,0.00010955031021704268,0.9609259546239086,0.9659828471922071,0.9560000000000001
17,43,25.0,43.01769877811964,6.520468334487426e-08,-7.185721209823456,0.00010955031021704268,0.9609259546239086,0.9659828471922071,0.9570000000000001
17,43,25.0,43.01769877811964,6.520468334487426e-08,-7.185721209823456,0.00010955031021704268,0.9609259546239086,0.9659828471922071,0.9580000000000001
17,43,25.0,43.01769877811964,6.520468334487426e-08,-7.185721209823456,0.00010955031021704268,0.9609259546239086,0.9659828471922071,0.9590000000000001
17,43,25.0,43.01769877811964,6.520468334487426e-08,-7.185721209823456,0.00010955031021704268,0.9609259546239086,0.9659828471922071,0.96
18,44,25.0,44.910714143836266,7.606088986161473e-08,-7.118838597939316,0.00011213976092822428,0.9692929585900946,0.9636204369067296,0.9610000000000001
18,44,25.0,44.910714143836266,7.606088986161473e-08,-7.118838597939316,0.00011213976092822428,0.9692929585900946,0.9636204369067296,0.962
18,44,25.0,44.910714143836266,7.606088986161473e-08,-7.118838597939316,0.00011213976092822428,0.9692929585900946,0.9636204369067296,0.9630000000000001
32,58,25.0,58.048007164783215,1.7395063379614438e-07,-6.759573984544063,0.0001574641486251058,0.9787891700916387,0.9692945360033641,0.964
32,58,25.0,58.048007164783215,1.7395063379614438e-07,-6.759573984544063,0.0001574641486251058,0.9787891700916387,0.9692945360033641,0.9650000000000001
32,58,25.0,58.048007164783215,1.7395063379614438e-07,-6.759573984544063,0.0001574641486251058,0.9787891700916387,0.9692945360033641,0.966
32,58,25.0,58.048007164783215,1.7395063379614438e-07,-6.759573984544063,0.0001574641486251058,0.9787891700916387,0.9692945360033641,0.9670000000000001
32,58,25.0,58.048007164783215,1.7395063379614438e-07,-6.759573984544063,0.0001574641486251058,0.9787891700916387,0.9692945360033641,0.968
32,58,25.0,58.048007164783215,1.7395063379614438e-07,-6.759573984544063,0.0001574641486251058,0.9787891700916387,0.9692945360033641,0.9690000000000001
35,61,25.0,58.92631183559196,1.8276542234759678e-07,-6.738105965626691,0.000175442032916716,0.9795256885085397,0.9702711090051843,0.97
36,62,25.0,59.70042061594251,1.9025329990491023e-07,-6.720667801742333,0.0001786696740155034,0.9777583379195195,0.9733039949325144,0.9710000000000001
36,62,25.0,59.70042061594251,1.9025329990491023e-07,-6.720667801742333,0.0001786696740155034,0.9777583379195195,0.9733039949325144,0.972
36,62,25.0,59.70042061594251,1.9025329990491023e-07,-6.720667801742333,0.0001786696740155034,0.9777583379195195,0.9733039949325144,0.973
37,63,25.0,60.835302965398114,2.0224920640923879e-07,-6.69411317380847,0.00018196329116270434,0.9776087456602436,0.974076762656457,0.974
38,64,25.0,62.194534146099855,2.169349985756588e-07,-6.663670376698954,0.0001838913764517605,0.9763851190145658,0.9753606309652132,0.975
39,65,25.0,62.16791761819733,2.1641195338198206e-07,-6.66471875491268,0.0001906782736646443,0.9764273485633128,0.9771357303433877,0.976
280,307,25.0,47.811028629020086,8.40760205710029e-11,-10.075327852224271,0.028534819060394387,0.9999606193284502,0.9770938608571432,0.977
283,310,25.0,47.90164709292886,8.657129508751025e-11,-10.062626085484302,0.032522304409076865,0.9999398633907816,0.9785477427379792,0.978
284,311,25.0,47.96389172097778,8.8348498136658e-11,-10.053800828800181,0.03393300638442122,0.9999237186775546,0.9791333251791937,0.979
286,313,25.0,48.21072707997037,9.580358594776695e-11,-10.018618234886162,0.036823614213995666,0.9998682210335258,0.9804486874047412,0.98
291,319,25.0,49.1135105910264,1.284846497181174e-10,-9.891148755141504,0.04582111754991757,0.9998122835442432,0.9810140029611879,0.981
294,322,25.0,49.69419281680462,1.5467661244046482e-10,-9.810575347941896,0.05131318115477745,0.9997938390817092,0.9820295175939515,0.982
299,328,25.0,50.86781921194232,2.2293736425936627e-10,-9.651817137747853,0.06255943775507795,0.9996579811355893,0.9835108604776375,0.983
301,330,25.0,51.38027067014048,2.605981725544905e-10,-9.584028634104184,0.06694758505625721,0.9996205254375409,0.9844136986251966,0.984
303,332,25.0,51.922061816245616,3.0657670780968707e-10,-9.513460843786875,0.0715094353319009,0.9995823099462221,0.9852969043286965,0.985
308,338,25.0,53.50960386025462,4.862182212903084e-10,-9.313168769767564,0.08504743979425664,0.9995081960911656,0.9862839914194909,0.986
311,341,25.0,54.368384326582905,6.187034712426013e-10,-9.208517447359217,0.09308687659819975,0.9994698917481577,0.9872845646443309,0.987
315,346,25.0,55.90763093534713,9.383599102191618e-10,-9.027630554965967,0.10550858918544409,0.9993768991743962,0.9882876240676046,0.988
321,353,25.0,58.14258227897308,1.664827229417845e-09,-8.778630829547266,0.1250901562954725,0.9994402156860386,0.989139371558075,0.989
323,355,25.0,58.85653158532919,1.983932254234587e-09,-8.702473161876608,0.13130786892059892,0.9993119563887515,0.9902201186404669,0.99
326,359,25.0,60.20710375337601,2.7375381618267197e-09,-8.562639817958129,0.1423102159422702,0.9991300881495079,0.991053440839055,0.991
329,362,25.0,61.453534547975316,3.648220498747292e-09,-8.43791892075611,0.15191878489720828,0.9990681047336439,0.9920000142616884,0.992
337,372,25.0,65.45372382940974,8.598090422354976e-09,-8.06559799190995,0.18127241978886574,0.9989923033814299,0.9931111417633115,0.993
351,389,25.0,71.96367830574259,2.9115791388812022e-08,-7.535871400949289,0.23636297310867108,0.9992262844229466,0.9941267402545346,0.994
356,395,25.0,74.38081688440103,4.3688356146348925e-08,-7.359634296100703,0.25607878576543674,0.9990652575671278,0.9950442350524424,0.995
361,401,25.0,76.94429902229967,6.557131936621372e-08,-7.183286077768568,0.2753508969011876,0.9987984382714877,0.9960223884809762,0.996
392,438,25.0,92.9968898997421,5.320003895735732e-07,-6.2740880496794045,0.392675076266339,0.9992569285317703,0.9970516641598551,0.997
401,448,25.0,97.4806765507573,8.5670983490753e-07,-6.0671662474314125,0.42395446374330237,0.9989216194178377,0.9980515780099207,0.998
12,39,26.0,43.749914214137064,7.020735853176236e-08,-7.153617366470524,8.836074213678712e-05,0.9253634847572166,0.9273945191349049,0.9
12,39,26.0,43.749914214137064,7.020735853176236e-08,-7.153617366470524,8.836074213678712e-05,0.9253634847572166,0.9273945191349049,0.901
12,39,26.0,43.749914214137064,7.020735853176236e-08,-7.153617366470524,8.836074213678712e-05,0.9253634847572166,0.9273945191349049,0.902
12,39,26.0,43.749914214137064,7.020735853176236e-08,-7.153617366470524,8.836074213678712e-05,0.9253634847572166,0.9273945191349049,0.903
12,39,26.0,43.749914214137064,7.020735853176236e-08,-7.153617366470524,8.836074213678712e-05,0.9253634847572166,0.9273945191349049,0.904
12,39,26.0,43.749914214137064,7.020735853176236e-08,-7.153617366470524,8.836074213678712e-05,0.9253634847572166,0.9273945191349049,0.905
12,39,26.0,43.749914214137064,7.020735853176236e-08,-7.153617366470524,8.836074213678712e-05,0.9253634847572166,0.9273945191349049,0.906
12,39,26.0,43.749914214137064,7.020735853176236e-08,-7.153617366470524,8.836074213678712e-05,0.9253634847572166,0.9273945191349049,0.907
12,39,26.0,43.749914214137064,7.020735853176236e-08,-7.153617366470524,8.836074213678712e-05,0.9253634847572166,0.9273945191349049,0.908
12,39,26.0,43.749914214137064,7.020735853176236e-08,-7.153617366470524,8.836074213678712e-05,0.9253634847572166,0.9273945191349049,0.909
12,39,26.0,43.749914214137064,7.020735853176236e-08,-7.153617366470524,8.836074213678712e-05,0.9253634847572166,0.9273945191349049,0.91
12,39,26.0,43.749914214137064,7.020735853176236e-08,-7.153617366470524,8.836074213678712e-05,0.9253634847572166,0.9273945191349049,0.911
12,39,26.0,43.749914214137064,7.020735853176236e-08,-7.153617366470524,8.836074213678712e-05,0.9253634847572166,0.9273945191349049,0.912
12,39,26.0,43.749914214137064,7.020735853176236e-08,-7.153617366470524,8.836074213678712e-05,0.9253634847572166,0.9273945191349049,0.913
12,39,26.0,43.749914214137064,7.020735853176236e-08,-7.153617366470524,8.836074213678712e-05,0.9253634847572166,0.9273945191349049,0.914
12,39,26.0,43.749914214137064,7.020735853176236e-08,-7.153617366470524,8.836074213678712e-05,0.9253634847572166,0.9273945191349049,0.915
12,39,26.0,43.749914214137064,7.020735853176236e-08,-7.153617366470524,8.836074213678712e-05,0.9253634847572166,0.9273945191349049,0.916
12,39,26.0,43.749914214137064,7.020735853176236e-08,-7.153617366470524,8.836074213678712e-05,0.9253634847572166,0.9273945191349049,0.917
12,39,26.0,43.749914214137064,7.020735853176236e-08,-7.153617366470524,8.836074213678712e-05,0.9253634847572166,0.9273945191349049,0.918
12,39,26.0,43.749914214137064,7.020735853176236e-08,-7.153617366470524,8.836074213678712e-05,0.9253634847572166,0.9273945191349049,0.919
12,39,26.0,43.749914214137064,7.020735853176236e-08,-7.153617366470524,8.836074213678712e-05,0.9253634847572166,0.9273945191349049,0.92
12,39,26.0,43.749914214137064,7.020735853176236e-08,-7.153617366470524,8.836074213678712e-05,0.9253634847572166,0.9273945191349049,0.921
12,39,26.0,43.749914214137064,7.020735853176236e-08,-7.153617366470524,8.836074213678712e-05,0.9253634847572166,0.9273945191349049,0.922
12,39,26.0,43.749914214137064,7.020735853176236e-08,-7.153617366470524,8.836074213678712e-05,0.9253634847572166,0.9273945191349049,0.923
12,39,26.0,43.749914214137064,7.020735853176236e-08,-7.153617366470524,8.836074213678712e-05,0.9253634847572166,0.9273945191349049,0.924
12,39,26.0,43.749914214137064,7.020735853176236e-08,-7.153617366470524,8.836074213678712e-05,0.9253634847572166,0.9273945191349049,0.925
15,42,26.0,43.27660696529535,6.66300312045762e-08,-7.176329983340417,0.00010086119534640615,0.9377574140282977,0.9554548005102522,0.926
15,42,26.0,43.27660696529535,6.66300312045762e-08,-7.176329983340417,0.00010086119534640615,0.9377574140282977,0.9554548005102522,0.927
15,42,26.0,43.27660696529535,6.66300312045762e-08,-7.176329983340417,0.00010086119534640615,0.9377574140282977,0.9554548005102522,0.928
15,42,26.0,43.27660696529535,6.66300312045762e-08,-7.176329983340417,0.00010086119534640615,0.9377574140282977,0.9554548005102522,0.929
15,42,26.0,43.27660696529535,6.66300312045762e-08,-7.176329983340417,0.00010086119534640615,0.9377574140282977,0.9554548005102522,0.93
15,42,26.0,43.27660696529535,6.66300312045762e-08,-7.176329983340417,0.00010086119534640615,0.9377574140282977,0.9554548005102522,0.931
15,42,26.0,43.27660696529535,6.66300312045762e-08,-7.176329983340417,0.00010086119534640615,0.9377574140282977,0.9554548005102522,0.932
15,42,26.0,43.27660696529535,6.66300312045762e-08,-7.176329983340417,0.00010086119534640615,0.9377574140282977,0.9554548005102522,0.933
15,42,26.0,43.27660696529535,6.66300312045762e-08,-7.176329983340417,0.00010086119534640615,0.9377574140282977,0.9554548005102522,0.934
15,42,26.0,43.27660696529535,6.66300312045762e-08,-7.176329983340417,0.00010086119534640615,0.9377574140282977,0.9554548005102522,0.935
15,42,26.0,43.27660696529535,6.66300312045762e-08,-7.176329983340417,0.00010086119534640615,0.9377574140282977,0.9554548005102522,0.936
15,42,26.0,43.27660696529535,6.66300312045762e-08,-7.176329983340417,0.00010086119534640615,0.9377574140282977,0.9554548005102522,0.937
16,43,26.0,41.49998363552238,5.700417395132524e-08,-7.244093343315909,0.00010935657583362299,0.9577055708781373,0.9690724190737602,0.9380000000000001
16,43,26.0,41.49998363552238,5.700417395132524e-08,-7.244093343315909,0.00010935657583362299,0.9577055708781373,0.9690724190737602,0.9390000000000001
16,43,26.0,41.49998363552238,5.700417395132524e-08,-7.244093343315909,0.00010935657583362299,0.9577055708781373,0.9690724190737602,0.9400000000000001
16,43,26.0,41.49998363552238,5.700417395132524e-08,-7.244093343315909,0.00010935657583362299,0.9577055708781373,0.9690724190737602,0.9410000000000001
16,43,26.0,41.49998363552238,5.700417395132524e-08,-7.244093343315909,0.00010935657583362299,0.9577055708781373,0.9690724190737602,0.9420000000000001
16,43,26.0,41.49998363552238,5.700417395132524e-08,-7.244093343315909,0.00010935657583362299,0.9577055708781373,0.9690724190737602,0.9430000000000001
16,43,26.0,41.49998363552238,5.700417395132524e-08,-7.244093343315909,0.00010935657583362299,0.9577055708781373,0.9690724190737602,0.9440000000000001
16,43,26.0,41.49998363552238,5.700417395132524e-08,-7.244093343315909,0.00010935657583362299,0.9577055708781373,0.9690724190737602,0.9450000000000001
16,43,26.0,41.49998363552238,5.700417395132524e-08,-7.244093343315909,0.00010935657583362299,0.9577055708781373,0.9690724190737602,0.9460000000000001
16,43,26.0,41.49998363552238,5.700417395132524e-08,-7.244093343315909,0.00010935657583362299,0.9577055708781373,0.9690724190737602,0.9470000000000001
16,43,26.0,41.49998363552238,5.700417395132524e-08,-7.244093343315909,0.00010935657583362299,0.9577055708781373,0.9690724190737602,0.9480000000000001
16,43,26.0,41.49998363552238,5.700417395132524e-08,-7.244093343315909,0.00010935657583362299,0.9577055708781373,0.9690724190737602,0.9490000000000001
16,43,26.0,41.49998363552238,5.700417395132524e-08,-7.244093343315909,0.00010935657583362299,0.9577055708781373,0.9690724190737602,0.9500000000000001
16,43,26.0,41.49998363552238,5.700417395132524e-08,-7.244093343315909,0.00010935657583362299,0.9577055708781373,0.9690724190737602,0.9510000000000001
16,43,26.0,41.49998363552238,5.700417395132524e-08,-7.244093343315909,0.00010935657583362299,0.9577055708781373,0.9690724190737602,0.9520000000000001
16,43,26.0,41.49998363552238,5.700417395132524e-08,-7.244093343315909,0.00010935657583362299,0.9577055708781373,0.9690724190737602,0.9530000000000001
16,43,26.0,41.49998363552238,5.700417395132524e-08,-7.244093343315909,0.00010935657583362299,0.9577055708781373,0.9690724190737602,0.9540000000000001
16,43,26.0,41.49998363552238,5.700417395132524e-08,-7.244093343315909,0.00010935657583362299,0.9577055708781373,0.9690724190737602,0.9550000000000001
16,43,26.0,41.49998363552238,5.700417395132524e-08,-7.244093343315909,0.00010935657583362299,0.9577055708781373,0.9690724190737602,0.9560000000000001
16,43,26.0,41.49998363552238,5.700417395132524e-08,-7.244093343315909,0.00010935657583362299,0.9577055708781373,0.9690724190737602,0.9570000000000001
18,45,26.0,46.14889339399747,8.275615498839452e-08,-7.082199695702233,0.00011000374324394393,0.9650645227345813,0.9642243252898286,0.9580000000000001
18,45,26.0,46.14889339399747,8.275615498839452e-08,-7.082199695702233,0.00011000374324394393,0.9650645227345813,0.9642243252898286,0.9590000000000001
18,45,26.0,46.14889339399747,8.275615498839452e-08,-7.082199695702233,0.00011000374324394393,0.9650645227345813,0.9642243252898286,0.96
18,45,26.0,46.14889339399747,8.275615498839452e-08,-7.082199695702233,0.00011000374324394393,0.9650645227345813,0.9642243252898286,0.9610000000000001
18,45,26.0,46.14889339399747,8.275615498839452e-08,-7.082199695702233,0.00011000374324394393,0.9650645227345813,0.9642243252898286,0.962
18,45,26.0,46.14889339399747,8.275615498839452e-08,-7.082199695702233,0.00011000374324394393,0.9650645227345813,0.9642243252898286,0.9630000000000001
18,45,26.0,46.14889339399747,8.275615498839452e-08,-7.082199695702233,0.00011000374324394393,0.9650645227345813,0.9642243252898286,0.964
26,53,26.0,53.43942717646407,1.336859317869211e-07,-6.873914292579254,0.00013623424624400367,0.9679304306934636,0.9657580009024184,0.9650000000000001
32,59,26.0,57.79624728225739,1.71701266885645e-07,-6.765226500416166,0.00016257931846331398,0.9810285224571302,0.9671460505105066,0.966
32,59,26.0,57.79624728225739,1.71701266885645e-07,-6.765226500416166,0.00016257931846331398,0.9810285224571302,0.9671460505105066,0.9670000000000001
33,60,26.0,57.7992117338403,1.716060739620012e-07,-6.765467344450623,0.00016907487853475229,0.9810243220804732,0.9690618461121403,0.968
33,60,26.0,57.7992117338403,1.716060739620012e-07,-6.765467344450623,0.00016907487853475229,0.9810243220804732,0.9690618461121403,0.9690000000000001
35,62,26.0,59.62296982901221,1.8941961119014193e-07,-6.722575059172503,0.00017585308812693754,0.9801312843491085,0.9734549596340003,0.97
35,62,26.0,59.62296982901221,1.8941961119014193e-07,-6.722575059172503,0.00017585308812693754,0.9801312843491085,0.9734549596340003,0.9710000000000001
35,62,26.0,59.62296982901221,1.8941961119014193e-07,-6.722575059172503,0.00017585308812693754,0.9801312843491085,0.9734549596340003,0.972
35,62,26.0,59.62296982901221,1.8941961119014193e-07,-6.722575059172503,0.00017585308812693754,0.9801312843491085,0.9734549596340003,0.973
36,63,26.0,60.1421312333081,1.9457669871102344e-07,-6.710909169345832,0.00018051711815055357,0.9793663087654295,0.9756803714921716,0.974
36,63,26.0,60.1421312333081,1.9457669871102344e-07,-6.710909169345832,0.00018051711815055357,0.9793663087654295,0.9756803714921716,0.975
37,64,26.0,61.543404298103326,2.0944908761338903e-07,-6.6789215271401146,0.00018240931597002257,0.9784180207811567,0.9768463522988244,0.976
283,311,26.0,47.96171883299363,8.828424883521166e-11,-10.054116773819361,0.03326297926253587,0.9999317749515545,0.9772654752590317,0.977
284,312,26.0,48.04381003527552,9.068147832796775e-11,-10.04248140843474,0.03467973565222673,0.999906433323949,0.9780146956825906,0.978
289,318,26.0,48.85430068533511,1.18129219244396e-10,-9.927642666424822,0.04329065829949328,0.9998210959291678,0.9790298946499633,0.979
291,320,26.0,49.221072207259354,1.3294681935323884e-10,-9.876322048357693,0.04673531540079204,0.9997850243173577,0.9800379003360796,0.98
297,327,26.0,50.52238231665891,2.0033830517613819e-10,-9.698236004594952,0.05941684193266035,0.9996817533807038,0.9815675374136121,0.981
298,328,26.0,50.766567094598614,2.1602070413703323e-10,-9.665504622638164,0.06151094785395962,0.9996579309933061,0.9821136771486713,0.982
300,330,26.0,51.24498215779483,2.5000311096555006e-10,-9.6020545870609,0.065868716575889,0.9995982275452392,0.9831664313322191,0.983
302,332,26.0,51.79675552002371,2.9519821901692335e-10,-9.52988626701653,0.07036862991864443,0.9995739694715605,0.9840437593545992,0.984
307,338,26.0,53.35581446230021,4.6514215563846607e-10,-9.332414298778055,0.0837834418366213,0.9994826421846925,0.9851933973816251,0.985
311,343,26.0,54.690240482430816,6.754009580286246e-10,-9.170438327671217,0.09579806230858845,0.9993785984730497,0.9861148185914511,0.986
314,346,26.0,55.73373250146411,8.955329534635771e-10,-9.047918428526202,0.1040771897569006,0.9993480214228784,0.9873479443846066,0.987
319,352,26.0,57.564060410683375,1.439260985222468e-09,-8.841860447088536,0.12050011281247411,0.9993625585667706,0.9880696426302822,0.988
322,356,26.0,58.88854177984553,1.9973463317504725e-09,-8.699546623698579,0.131145938052161,0.9992292185161663,0.9890285187192314,0.989
325,359,26.0,60.00792017419923,2.6109179712142285e-09,-8.583206772454586,0.14065819886600037,0.9991041902530355,0.9903045594549281,0.99
328,363,26.0,61.459136056080716,3.6487675730604886e-09,-8.437853800365746,0.1517486848450521,0.998970142245628,0.9910080753925575,0.991
332,367,26.0,63.20096944495525,5.362686860074834e-09,-8.270617561774955,0.16470743220034617,0.9989156567323145,0.9921617650081738,0.992
346,384,26.0,69.87881341333862,2.0118477275225203e-08,-7.696404893198274,0.218147373248987,0.9992348455744477,0.9931100529981589,0.993
352,392,26.0,72.80047605915114,3.3570928354721934e-08,-7.474036648809829,0.24338275569784756,0.9990674292504247,0.9940683806491313,0.994
358,399,26.0,75.76118999189889,5.4497295099559213e-08,-7.26362505281488,0.2664245467129741,0.9988824454585331,0.9951948279731995,0.995
363,405,26.0,78.43044024884485,8.206446960823948e-08,-7.085844833051139,0.2853520636768587,0.9986788213484499,0.9960150271412177,0.996
393,441,26.0,93.88392001081478,5.861518663388583e-07,-6.231989847858876,0.39922684264852376,0.9991341220403541,0.9970717226779111,0.997
402,452,26.0,98.73714480634318,9.717189813530904e-07,-6.0124593137707345,0.4311504368181028,0.9987100975389631,0.9980608818373901,0.998
12,40,27.0,44.208841418232566,7.237530355563811e-08,-7.140409601747932,8.919786327122087e-05,0.9304128711689681,0.9348748858369428,0.9
12,40,27.0,44.208841418232566,7.237530355563811e-08,-7.140409601747932,8.919786327122087e-05,0.9304128711689681,0.9348748858369428,0.901
12,40,27.0,44.208841418232566,7.237530355563811e-08,-7.140409601747932,8.919786327122087e-05,0.9304128711689681,0.9348748858369428,0.902
12,40,27.0,44.208841418232566,7.237530355563811e-08,-7.140409601747932,8.919786327122087e-05,0.9304128711689681,0.9348748858369428,0.903
12,40,27.0,44.208841418232566,7.237530355563811e-08,-7.140409601747932,8.919786327122087e-05,0.9304128711689681,0.9348748858369428,0.904
12,40,27.0,44.208841418232566,7.237530355563811e-08,-7.140409601747932,8.919786327122087e-05,0.9304128711689681,0.9348748858369428,0.905
12,40,27.0,44.208841418232566,7.237530355563811e-08,-7.140409601747932,8.919786327122087e-05,0.9304128711689681,0.9348748858369428,0.906
12,40,27.0,44.208841418232566,7.237530355563811e-08,-7.140409601747932,8.919786327122087e-05,0.9304128711689681,0.9348748858369428,0.907
12,40,27.0,44.208841418232566,7.237530355563811e-08,-7.140409601747932,8.919786327122087e-05,0.9304128711689681,0.9348748858369428,0.908
12,40,27.0,44.208841418232566,7.237530355563811e-08,-7.140409601747932,8.919786327122087e-05,0.9304128711689681,0.9348748858369428,0.909
12,40,27.0,44.208841418232566,7.237530355563811e-08,-7.140409601747932,8.919786327122087e-05,0.9304128711689681,0.9348748858369428,0.91
12,40,27.0,44.208841418232566,7.237530355563811e-08,-7.140409601747932,8.919786327122087e-05,0.9304128711689681,0.9348748858369428,0.911
12,40,27.0,44.208841418232566,7.237530355563811e-08,-7.140409601747932,8.919786327122087e-05,0.9304128711689681,0.9348748858369428,0.912
12,40,27.0,44.208841418232566,7.237530355563811e-08,-7.140409601747932,8.919786327122087e-05,0.9304128711689681,0.9348748858369428,0.913
12,40,27.0,44.208841418232566,7.237530355563811e-08,-7.140409601747932,8.919786327122087e-05,0.9304128711689681,0.9348748858369428,0.914
12,40,27.0,44.208841418232566,7.237530355563811e-08,-7.140409601747932,8.919786327122087e-05,0.9304128711689681,0.9348748858369428,0.915
12,40,27.0,44.208841418232566,7.237530355563811e-08,-7.140409601747932,8.919786327122087e-05,0.9304128711689681,0.9348748858369428,0.916
12,40,27.0,44.208841418232566,7.237530355563811e-08,-7.140409601747932,8.919786327122087e-05,0.9304128711689681,0.9348748858369428,0.917
12,40,27.0,44.208841418232566,7.237530355563811e-08,-7.140409601747932,8.919786327122087e-05,0.9304128711689681,0.9348748858369428,0.918
12,40,27.0,44.208841418232566,7.237530355563811e-08,-7.140409601747932,8.919786327122087e-05,0.9304128711689681,0.9348748858369428,0.919
12,40,27.0,44.208841418232566,7.237530355563811e-08,-7.140409601747932,8.919786327122087e-05,0.9304128711689681,0.9348748858369428,0.92
12,40,27.0,44.208841418232566,7.237530355563811e-08,-7.140409601747932,8.919786327122087e-05,0.9304128711689681,0.9348748858369428,0.921
12,40,27.0,44.208841418232566,7.237530355563811e-08,-7.140409601747932,8.919786327122087e-05,0.9304128711689681,0.9348748858369428,0.922
12,40,27.0,44.208841418232566,7.237530355563811e-08,-7.140409601747932,8.919786327122087e-05,0.9304128711689681,0.9348748858369428,0.923
12,40,27.0,44.208841418232566,7.237530355563811e-08,-7.140409601747932,8.919786327122087e-05,0.9304128711689681,0.9348748858369428,0.924
12,40,27.0,44.208841418232566,7.237530355563811e-08,-7.140409601747932,8.919786327122087e-05,0.9304128711689681,0.9348748858369428,0.925
12,40,27.0,44.208841418232566,7.237530355563811e-08,-7.140409601747932,8.919786327122087e-05,0.9304128711689681,0.9348748858369428,0.926
12,40,27.0,44.208841418232566,7.237530355563811e-08,-7.140409601747932,8.919786327122087e-05,0.9304128711689681,0.9348748858369428,0.927
12,40,27.0,44.208841418232566,7.237530355563811e-08,-7.140409601747932,8.919786327122087e-05,0.9304128711689681,0.9348748858369428,0.928
12,40,27.0,44.208841418232566,7.237530355563811e-08,-7.140409601747932,8.919786327122087e-05,0.9304128711689681,0.9348748858369428,0.929
12,40,27.0,44.208841418232566,7.237530355563811e-08,-7.140409601747932,8.919786327122087e-05,0.9304128711689681,0.9348748858369428,0.93
15,43,27.0,43.31002261167324,6.679068141625667e-08,-7.175284125725106,0.00010426224627681925,0.9437474203159852,0.9542140820330499,0.931
15,43,27.0,43.31002261167324,6.679068141625667e-08,-7.175284125725106,0.00010426224627681925,0.9437474203159852,0.9542140820330499,0.932
15,43,27.0,43.31002261167324,6.679068141625667e-08,-7.175284125725106,0.00010426224627681925,0.9437474203159852,0.9542140820330499,0.933
15,43,27.0,43.31002261167324,6.679068141625667e-08,-7.175284125725106,0.00010426224627681925,0.9437474203159852,0.9542140820330499,0.934
15,43,27.0,43.31002261167324,6.679068141625667e-08,-7.175284125725106,0.00010426224627681925,0.9437474203159852,0.9542140820330499,0.935
15,43,27.0,43.31002261167324,6.679068141625667e-08,-7.175284125725106,0.00010426224627681925,0.9437474203159852,0.9542140820330499,0.936
15,43,27.0,43.31002261167324,6.679068141625667e-08,-7.175284125725106,0.00010426224627681925,0.9437474203159852,0.9542140820330499,0.937
15,43,27.0,43.31002261167324,6.679068141625667e-08,-7.175284125725106,0.00010426224627681925,0.9437474203159852,0.9542140820330499,0.9380000000000001
15,43,27.0,43.31002261167324,6.679068141625667e-08,-7.175284125725106,0.00010426224627681925,0.9437474203159852,0.9542140820330499,0.9390000000000001
15,43,27.0,43.31002261167324,6.679068141625667e-08,-7.175284125725106,0.00010426224627681925,0.9437474203159852,0.9542140820330499,0.9400000000000001
15,43,27.0,43.31002261167324,6.679068141625667e-08,-7.175284125725106,0.00010426224627681925,0.9437474203159852,0.9542140820330499,0.9410000000000001
15,43,27.0,43.31002261167324,6.679068141625667e-08,-7.175284125725106,0.00010426224627681925,0.9437474203159852,0.9542140820330499,0.9420000000000001
15,43,27.0,43.31002261167324,6.679068141625667e-08,-7.175284125725106,0.00010426224627681925,0.9437474203159852,0.9542140820330499,0.9430000000000001
18,46,27.0,47.10342591384867,8.807999186338379e-08,-7.055122734155375,0.00010919536090574321,0.9638374303609999,0.9672469486211742,0.9440000000000001
18,46,27.0,47.10342591384867,8.807999186338379e-08,-7.055122734155375,0.00010919536090574321,0.9638374303609999,0.9672469486211742,0.9450000000000001
18,46,27.0,47.10342591384867,8.807999186338379e-08,-7.055122734155375,0.00010919536090574321,0.9638374303609999,0.9672469486211742,0.9460000000000001
18,46,27.0,47.10342591384867,8.807999186338379e-08,-7.055122734155375,0.00010919536090574321,0.9638374303609999,0.9672469486211742,0.9470000000000001
18,46,27.0,47.10342591384867,8.807999186338379e-08,-7.055122734155375,0.00010919536090574321,0.9638374303609999,0.9672469486211742,0.9480000000000001
18,46,27.0,47.10342591384867,8.807999186338379e-08,-7.055122734155375,0.00010919536090574321,0.9638374303609999,0.9672469486211742,0.9490000000000001
18,46,27.0,47.10342591384867,8.807999186338379e-08,-7.055122734155375,0.00010919536090574321,0.9638374303609999,0.9672469486211742,0.9500000000000001
18,46,27.0,47.10342591384867,8.807999186338379e-08,-7.055122734155375,0.00010919536090574321,0.9638374303609999,0.9672469486211742,0.9510000000000001
18,46,27.0,47.10342591384867,8.807999186338379e-08,-7.055122734155375,0.00010919536090574321,0.9638374303609999,0.9672469486211742,0.9520000000000001
18,46,27.0,47.10342591384867,8.807999186338379e-08,-7.055122734155375,0.00010919536090574321,0.9638374303609999,0.9672469486211742,0.9530000000000001
18,46,27.0,47.10342591384867,8.807999186338379e-08,-7.055122734155375,0.00010919536090574321,0.9638374303609999,0.9672469486211742,0.9540000000000001
18,46,27.0,47.10342591384867,8.807999186338379e-08,-7.055122734155375,0.00010919536090574321,0.9638374303609999,0.9672469486211742,0.9550000000000001
18,46,27.0,47.10342591384867,8.807999186338379e-08,-7.055122734155375,0.00010919536090574321,0.9638374303609999,0.9672469486211742,0.9560000000000001
18,46,27.0,47.10342591384867,8.807999186338379e-08,-7.055122734155375,0.00010919536090574321,0.9638374303609999,0.9672469486211742,0.9570000000000001
18,46,27.0,47.10342591384867,8.807999186338379e-08,-7.055122734155375,0.00010919536090574321,0.9638374303609999,0.9672469486211742,0.9580000000000001
18,46,27.0,47.10342591384867,8.807999186338379e-08,-7.055122734155375,0.00010919536090574321,0.9638374303609999,0.9672469486211742,0.9590000000000001
18,46,27.0,47.10342591384867,8.807999186338379e-08,-7.055122734155375,0.00010919536090574321,0.9638374303609999,0.9672469486211742,0.96
18,46,27.0,47.10342591384867,8.807999186338379e-08,-7.055122734155375,0.00010919536090574321,0.9638374303609999,0.9672469486211742,0.9610000000000001
18,46,27.0,47.10342591384867,8.807999186338379e-08,-7.055122734155375,0.00010919536090574321,0.9638374303609999,0.9672469486211742,0.962
18,46,27.0,47.10342591384867,8.807999186338379e-08,-7.055122734155375,0.00010919536090574321,0.9638374303609999,0.9672469486211742,0.9630000000000001
23,51,27.0,49.74637312236284,1.0525275854756028e-07,-6.977766513009786,0.00013072295401451154,0.9672241919426247,0.9665758773499178,0.964
23,51,27.0,49.74637312236284,1.0525275854756028e-07,-6.977766513009786,0.00013072295401451154,0.9672241919426247,0.9665758773499178,0.9650000000000001
23,51,27.0,49.74637312236284,1.0525275854756028e-07,-6.977766513009786,0.00013072295401451154,0.9672241919426247,0.9665758773499178,0.966
26,54,27.0,53.79130392511543,1.3633672705831007e-07,-6.865387136020245,0.00013829457702244034,0.9704279755936396,0.9682362241628677,0.9670000000000001
26,54,27.0,53.79130392511543,1.3633672705831007e-07,-6.865387136020245,0.00013829457702244034,0.9704279755936396,0.9682362241628677,0.968
33,61,27.0,58.215000837842,1.7539024693407668e-07,-6.755994560459596,0.00017089538796342206,0.9822788852252174,0.9717638115106018,0.9690000000000001
33,61,27.0,58.215000837842,1.7539024693407668e-07,-6.755994560459596,0.00017089538796342206,0.9822788852252174,0.9717638115106018,0.97
33,61,27.0,58.215000837842,1.7539024693407668e-07,-6.755994560459596,0.00017089538796342206,0.9822788852252174,0.9717638115106018,0.9710000000000001
34,62,27.0,59.68074437238894,1.9003899327406797e-07,-6.721157278908879,0.00017276889636644787,0.9821083632663384,0.9729707994953088,0.972
35,63,27.0,60.03834327625193,1.9344262624519043e-07,-6.71344782030851,0.0001777697053602775,0.981499353749647,0.9756191226603372,0.973
35,63,27.0,60.03834327625193,1.9344262624519043e-07,-6.71344782030851,0.0001777697053602775,0.981499353749647,0.9756191226603372,0.974
35,63,27.0,60.03834327625193,1.9344262624519043e-07,-6.71344782030851,0.0001777697053602775,0.981499353749647,0.9756191226603372,0.975
36,64,27.0,60.8341749425338,2.0144575867928338e-07,-6.695841871991533,0.00018104650592472754,0.9799370174515497,0.9781729891292288,0.976
36,64,27.0,60.8341749425338,2.0144575867928338e-07,-6.695841871991533,0.00018104650592472754,0.9799370174515497,0.9781729891292288,0.977
36,64,27.0,60.8341749425338,2.0144575867928338e-07,-6.695841871991533,0.00018104650592472754,0.9799370174515497,0.9781729891292288,0.978
292,322,27.0,49.49702074544971,1.4516144225637658e-10,-9.83814872550266,0.049530890832036455,0.999768232356799,0.9791340949581204,0.979
296,327,27.0,50.41514795047277,1.936940162759941e-10,-9.71288379558681,0.05841625119229641,0.9996719834591968,0.9801325705660493,0.98
298,329,27.0,50.88803146164485,2.2412528813658295e-10,-9.64950913909826,0.06262268986875097,0.9996294038302888,0.9811858497103827,0.981
300,331,27.0,51.38154437518672,2.6042543647225843e-10,-9.584316599289592,0.06700558830069464,0.9995606427614514,0.9823485146868096,0.982
304,336,27.0,52.61888421805926,3.7581871777591325e-10,-9.425021593516082,0.07754773651679958,0.9994525278670007,0.9833656801220263,0.983
306,338,27.0,53.198526611431255,4.4442992237969764e-10,-9.352196708761518,0.08253791599856088,0.9994516520111243,0.9840689277880799,0.984
310,343,27.0,54.53315537170635,6.464832872288246e-10,-9.189442697942315,0.09443444433100641,0.9993584486192348,0.9850321414257935,0.985
312,345,27.0,55.206806990212776,7.769876668946151e-10,-9.109585874689591,0.09987591510672399,0.9993035273082249,0.986040671836795,0.986
318,352,27.0,57.37537897354499,1.3713033885023703e-09,-8.862866450844312,0.11896568776042674,0.9993158492157495,0.9872213440647093,0.987
321,356,27.0,58.718177849261686,1.915131738189217e-09,-8.717801346394682,0.1295172436591637,0.9992147444673007,0.9881356526899754,0.988
323,358,27.0,59.437695628862926,2.2789383496642146e-09,-8.642267423289475,0.1358268968906089,0.9991182646320119,0.9890923667153243,0.989
327,363,27.0,61.236912577208635,3.467157685760914e-09,-8.46002640625288,0.15008818599379617,0.9989263368616821,0.99031239444893,0.99
329,365,27.0,62.09036665134541,4.201493321911327e-09,-8.376596322412162,0.1565144098806592,0.9988713087792288,0.99103210092453,0.991
338,376,27.0,66.4424242372849,1.047142670868115e-08,-7.979994142629159,0.18980452566114206,0.9989321285983901,0.9921446735946139,0.992
348,388,27.0,71.14529562988065,2.521904347481636e-08,-7.598271389669638,0.22872768519836578,0.9991616261210908,0.9930701956865305,0.993
353,394,27.0,73.43551059681941,3.7340461156278816e-08,-7.427820322798551,0.24871803386645974,0.9989846659562789,0.9941280088138836,0.994
359,402,27.0,76.69266707580671,6.299869907994625e-08,-7.200668418613627,0.2731543015417761,0.9987280445517064,0.9951155775887873,0.995
364,408,27.0,79.4816638917127,9.571425923326262e-08,-7.0190233574685745,0.29159733489908457,0.9984919781870054,0.9960076725499838,0.996
394,444,27.0,94.78187617170828,6.455502447338294e-07,-6.190069949894178,0.40569068165534233,0.9990124542784545,0.9970821226870265,0.997
403,455,27.0,99.76028212197852,1.0745626964810142e-06,-5.968768240068881,0.4368430228472983,0.9985536899630724,0.9980971940069089,0.998
12,41,28.0,44.61311301327436,7.431361413809536e-08,-7.128931616879625,9.030706429887744e-05,0.9351893198059601,0.9411169551151234,0.9
12,41,28.0,44.61311301327436,7.431361413809536e-08,-7.128931616879625,9.030706429887744e-05,0.9351893198059601,0.9411169551151234,0.901
12,41,28.0,44.61311301327436,7.431361413809536e-08,-7.128931616879625,9.030706429887744e-05,0.9351893198059601,0.9411169551151234,0.902
12,41,28.0,44.61311301327436,7.431361413809536e-08,-7.128931616879625,9.030706429887744e-05,0.9351893198059601,0.9411169551151234,0.903
12,41,28.0,44.61311301327436,7.431361413809536e-08,-7.128931616879625,9.030706429887744e-05,0.9351893198059601,0.9411169551151234,0.904
12,41,28.0,44.61311301327436,7.431361413809536e-08,-7.128931616879625,9.030706429887744e-05,0.9351893198059601,0.9411169551151234,0.905
12,41,28.0,44.61311301327436,7.431361413809536e-08,-7.128931616879625,9.030706429887744e-05,0.9351893198059601,0.9411169551151234,0.906
12,41,28.0,44.61311301327436,7.431361413809536e-08,-7.128931616879625,9.030706429887744e-05,0.9351893198059601,0.9411169551151234,0.907
12,41,28.0,44.61311301327436,7.431361413809536e-08,-7.128931616879625,9.030706429887744e-05,0.9351893198059601,0.9411169551151234,0.908
12,41,28.0,44.61311301327436,7.431361413809536e-08,-7.128931616879625,9.030706429887744e-05,0.9351893198059601,0.9411169551151234,0.909
12,41,28.0,44.61311301327436,7.431361413809536e-08,-7.128931616879625,9.030706429887744e-05,0.9351893198059601,0.9411169551151234,0.91
12,41,28.0,44.61311301327436,7.431361413809536e-08,-7.128931616879625,9.030706429887744e-05,0.9351893198059601,0.9411169551151234,0.911
12,41,28.0,44.61311301327436,7.431361413809536e-08,-7.128931616879625,9.030706429887744e-05,0.9351893198059601,0.9411169551151234,0.912
12,41,28.0,44.61311301327436,7.431361413809536e-08,-7.128931616879625,9.030706429887744e-05,0.9351893198059601,0.9411169551151234,0.913
12,41,28.0,44.61311301327436,7.431361413809536e-08,-7.128931616879625,9.030706429887744e-05,0.9351893198059601,0.9411169551151234,0.914
12,41,28.0,44.61311301327436,7.431361413809536e-08,-7.128931616879625,9.030706429887744e-05,0.9351893198059601,0.9411169551151234,0.915
12,41,28.0,44.61311301327436,7.431361413809536e-08,-7.128931616879625,9.030706429887744e-05,0.9351893198059601,0.9411169551151234,0.916
12,41,28.0,44.61311301327436,7.431361413809536e-08,-7.128931616879625,9.030706429887744e-05,0.9351893198059601,0.9411169551151234,0.917
12,41,28.0,44.61311301327436,7.431361413809536e-08,-7.128931616879625,9.030706429887744e-05,0.9351893198059601,0.9411169551151234,0.918
12,41,28.0,44.61311301327436,7.431361413809536e-08,-7.128931616879625,9.030706429887744e-05,0.9351893198059601,0.9411169551151234,0.919
12,41,28.0,44.61311301327436,7.431361413809536e-08,-7.128931616879625,9.030706429887744e-05,0.9351893198059601,0.9411169551151234,0.92
12,41,28.0,44.61311301327436,7.431361413809536e-08,-7.128931616879625,9.030706429887744e-05,0.9351893198059601,0.9411169551151234,0.921
12,41,28.0,44.61311301327436,7.431361413809536e-08,-7.128931616879625,9.030706429887744e-05,0.9351893198059601,0.9411169551151234,0.922
12,41,28.0,44.61311301327436,7.431361413809536e-08,-7.128931616879625,9.030706429887744e-05,0.9351893198059601,0.9411169551151234,0.923
12,41,28.0,44.61311301327436,7.431361413809536e-08,-7.128931616879625,9.030706429887744e-05,0.9351893198059601,0.9411169551151234,0.924
12,41,28.0,44.61311301327436,7.431361413809536e-08,-7.128931616879625,9.030706429887744e-05,0.9351893198059601,0.9411169551151234,0.925
12,41,28.0,44.61311301327436,7.431361413809536e-08,-7.128931616879625,9.030706429887744e-05,0.9351893198059601,0.9411169551151234,0.926
12,41,28.0,44.61311301327436,7.431361413809536e-08,-7.128931616879625,9.030706429887744e-05,0.9351893198059601,0.9411169551151234,0.927
12,41,28.0,44.61311301327436,7.431361413809536e-08,-7.128931616879625,9.030706429887744e-05,0.9351893198059601,0.9411169551151234,0.928
12,41,28.0,44.61311301327436,7.431361413809536e-08,-7.128931616879625,9.030706429887744e-05,0.9351893198059601,0.9411169551151234,0.929
12,41,28.0,44.61311301327436,7.431361413809536e-08,-7.128931616879625,9.030706429887744e-05,0.9351893198059601,0.9411169551151234,0.93
12,41,28.0,44.61311301327436,7.431361413809536e-08,-7.128931616879625,9.030706429887744e-05,0.9351893198059601,0.9411169551151234,0.931
12,41,28.0,44.61311301327436,7.431361413809536e-08,-7.128931616879625,9.030706429887744e-05,0.9351893198059601,0.9411169551151234,0.932
12,41,28.0,44.61311301327436,7.431361413809536e-08,-7.128931616879625,9.030706429887744e-05,0.9351893198059601,0.9411169551151234,0.933
12,41,28.0,44.61311301327436,7.431361413809536e-08,-7.128931616879625,9.030706429887744e-05,0.9351893198059601,0.9411169551151234,0.934
12,41,28.0,44.61311301327436,7.431361413809536e-08,-7.128931616879625,9.030706429887744e-05,0.9351893198059601,0.9411169551151234,0.935
15,44,28.0,43.5278418905171,6.784727998929879e-08,-7.16846755860582,0.00010677064076907644,0.9483939198822127,0.9559478265420458,0.936
15,44,28.0,43.5278418905171,6.784727998929879e-08,-7.16846755860582,0.00010677064076907644,0.9483939198822127,0.9559478265420458,0.937
15,44,28.0,43.5278418905171,6.784727998929879e-08,-7.16846755860582,0.00010677064076907644,0.9483939198822127,0.9559478265420458,0.9380000000000001
15,44,28.0,43.5278418905171,6.784727998929879e-08,-7.16846755860582,0.00010677064076907644,0.9483939198822127,0.9559478265420458,0.9390000000000001
15,44,28.0,43.5278418905171,6.784727998929879e-08,-7.16846755860582,0.00010677064076907644,0.9483939198822127,0.9559478265420458,0.9400000000000001
15,44,28.0,43.5278418905171,6.784727998929879e-08,-7.16846755860582,0.00010677064076907644,0.9483939198822127,0.9559478265420458,0.9410000000000001
15,44,28.0,43.5278418905171,6.784727998929879e-08,-7.16846755860582,0.00010677064076907644,0.9483939198822127,0.9559478265420458,0.9420000000000001
15,44,28.0,43.5278418905171,6.784727998929879e-08,-7.16846755860582,0.00010677064076907644,0.9483939198822127,0.9559478265420458,0.9430000000000001
15,44,28.0,43.5278418905171,6.784727998929879e-08,-7.16846755860582,0.00010677064076907644,0.9483939198822127,0.9559478265420458,0.9440000000000001
15,44,28.0,43.5278418905171,6.784727998929879e-08,-7.16846755860582,0.00010677064076907644,0.9483939198822127,0.9559478265420458,0.9450000000000001
15,44,28.0,43.5278418905171,6.784727998929879e-08,-7.16846755860582,0.00010677064076907644,0.9483939198822127,0.9559478265420458,0.9460000000000001
15,44,28.0,43.5278418905171,6.784727998929879e-08,-7.16846755860582,0.00010677064076907644,0.9483939198822127,0.9559478265420458,0.9470000000000001
15,44,28.0,43.5278418905171,6.784727998929879e-08,-7.16846755860582,0.00010677064076907644,0.9483939198822127,0.9559478265420458,0.9480000000000001
17,46,28.0,45.411006198877985,7.73937478998212e-08,-7.1112941215170835,0.0001093582368224417,0.9587700673055367,0.9702469079116699,0.9490000000000001
17,46,28.0,45.411006198877985,7.73937478998212e-08,-7.1112941215170835,0.0001093582368224417,0.9587700673055367,0.9702469079116699,0.9500000000000001
17,46,28.0,45.411006198877985,7.73937478998212e-08,-7.1112941215170835,0.0001093582368224417,0.9587700673055367,0.9702469079116699,0.9510000000000001
17,46,28.0,45.411006198877985,7.73937478998212e-08,-7.1112941215170835,0.0001093582368224417,0.9587700673055367,0.9702469079116699,0.9520000000000001
17,46,28.0,45.411006198877985,7.73937478998212e-08,-7.1112941215170835,0.0001093582368224417,0.9587700673055367,0.9702469079116699,0.9530000000000001
17,46,28.0,45.411006198877985,7.73937478998212e-08,-7.1112941215170835,0.0001093582368224417,0.9587700673055367,0.9702469079116699,0.9540000000000001
17,46,28.0,45.411006198877985,7.73937478998212e-08,-7.1112941215170835,0.0001093582368224417,0.9587700673055367,0.9702469079116699,0.9550000000000001
17,46,28.0,45.411006198877985,7.73937478998212e-08,-7.1112941215170835,0.0001093582368224417,0.9587700673055367,0.9702469079116699,0.9560000000000001
17,46,28.0,45.411006198877985,7.73937478998212e-08,-7.1112941215170835,0.0001093582368224417,0.9587700673055367,0.9702469079116699,0.9570000000000001
17,46,28.0,45.411006198877985,7.73937478998212e-08,-7.1112941215170835,0.0001093582368224417,0.9587700673055367,0.9702469079116699,0.9580000000000001
18,47,28.0,47.345659795824616,8.945633988157024e-08,-7.048388875018218,0.000111648571936822,0.9667869782456519,0.9676517924258125,0.9590000000000001
18,47,28.0,47.345659795824616,8.945633988157024e-08,-7.048388875018218,0.000111648571936822,0.9667869782456519,0.9676517924258125,0.96
18,47,28.0,47.345659795824616,8.945633988157024e-08,-7.048388875018218,0.000111648571936822,0.9667869782456519,0.9676517924258125,0.9610000000000001
18,47,28.0,47.345659795824616,8.945633988157024e-08,-7.048388875018218,0.000111648571936822,0.9667869782456519,0.9676517924258125,0.962
18,47,28.0,47.345659795824616,8.945633988157024e-08,-7.048388875018218,0.000111648571936822,0.9667869782456519,0.9676517924258125,0.9630000000000001
18,47,28.0,47.345659795824616,8.945633988157024e-08,-7.048388875018218,0.000111648571936822,0.9667869782456519,0.9676517924258125,0.964
18,47,28.0,47.345659795824616,8.945633988157024e-08,-7.048388875018218,0.000111648571936822,0.9667869782456519,0.9676517924258125,0.9650000000000001
18,47,28.0,47.345659795824616,8.945633988157024e-08,-7.048388875018218,0.000111648571936822,0.9667869782456519,0.9676517924258125,0.966
23,52,28.0,50.07613159775143,1.0742413322191498e-07,-6.9688981418419464,0.00013304616083927782,0.9696506132850199,0.9682314044617193,0.9670000000000001
23,52,28.0,50.07613159775143,1.0742413322191498e-07,-6.9688981418419464,0.00013304616083927782,0.9696506132850199,0.9682314044617193,0.968
32,61,28.0,58.28798258904807,1.7613873819093342e-07,-6.754145119146871,0.00016780046812878065,0.9839697462211499,0.9710209307101926,0.9690000000000001
32,61,28.0,58.28798258904807,1.7613873819093342e-07,-6.754145119146871,0.00016780046812878065,0.9839697462211499,0.9710209307101926,0.97
32,61,28.0,58.28798258904807,1.7613873819093342e-07,-6.754145119146871,0.00016780046812878065,0.9839697462211499,0.9710209307101926,0.9710000000000001
33,62,28.0,58.85294573821804,1.8127643797441017e-07,-6.741658641148246,0.0001715635927329668,0.9826315636692973,0.9745478730717707,0.972
33,62,28.0,58.85294573821804,1.8127643797441017e-07,-6.741658641148246,0.0001715635927329668,0.9826315636692973,0.9745478730717707,0.973
33,62,28.0,58.85294573821804,1.8127643797441017e-07,-6.741658641148246,0.0001715635927329668,0.9826315636692973,0.9745478730717707,0.974
35,64,28.0,60.68856922843096,1.9982442599378165e-07,-6.699351425890132,0.00017845110722793442,0.9819424487849512,0.9780023251548244,0.975
35,64,28.0,60.68856922843096,1.9982442599378165e-07,-6.699351425890132,0.00017845110722793442,0.9819424487849512,0.9780023251548244,0.976
35,64,28.0,60.68856922843096,1.9982442599378165e-07,-6.699351425890132,0.00017845110722793442,0.9819424487849512,0.9780023251548244,0.977
35,64,28.0,60.68856922843096,1.9982442599378165e-07,-6.699351425890132,0.00017845110722793442,0.9819424487849512,0.9780023251548244,0.978
296,328,28.0,50.540976564125536,2.0129895828780214e-10,-9.696158472558091,0.05947911930761662,0.9996340555949909,0.9792568954687826,0.979
298,330,28.0,51.02081602765359,2.3329464052884905e-10,-9.632095238126446,0.06372571108727408,0.999588738408021,0.9803559939483464,0.98
301,334,28.0,51.939898115280194,3.075443359474627e-10,-9.51209226698006,0.0715926378876362,0.9994626692265943,0.9812186293075212,0.981
303,336,28.0,52.48465273157625,3.6117857727160857e-10,-9.4422780170757,0.07635286432821911,0.9994413765773731,0.9820710489657009,0.982
306,339,28.0,53.333454439213476,4.616856145245794e-10,-9.335653657244237,0.08385288299055142,0.9994250161605371,0.9832347477999088,0.983
310,344,28.0,54.70212300381371,6.768195183598269e-10,-9.169527125451095,0.09576931382673647,0.9992989099525647,0.9844827787899507,0.984
311,345,28.0,55.029540046149684,7.400863156523588e-10,-9.130717625910332,0.09849992293920615,0.9992661372306211,0.985009939126961,0.985
317,352,28.0,57.19989158193758,1.3106501633534352e-09,-8.882513214030821,0.11742698157056132,0.9992829838996892,0.9862942278510333,0.986
320,356,28.0,58.50866822543936,1.8181087536226839e-09,-8.740380142189089,0.12795465434743952,0.9991515910346672,0.9873253383631214,0.987
322,358,28.0,59.262349136041195,2.1838663136294466e-09,-8.660773950688025,0.13417735617856522,0.9991063215182354,0.9882038533639288,0.988
325,362,28.0,60.595757955498875,2.9903596513953796e-09,-8.524276575814948,0.14526718618533216,0.998919018684161,0.9891448470526772,0.989
329,367,28.0,62.49304121701069,4.587712823279992e-09,-8.338403775419478,0.15965515958276738,0.9987632179472318,0.990263114055388,0.99
332,370,28.0,63.80559114791179,6.093870223908059e-09,-8.215106798823674,0.16950232235237433,0.9987698245732552,0.9910824223713393,0.991
344,385,28.0,69.5675009762949,1.8978790394805187e-08,-7.721731470602178,0.21619041883597095,0.9989997999434891,0.9921459028849599,0.992
350,392,28.0,72.37777926955415,3.1213359084590654e-08,-7.505659491398696,0.239437133454128,0.9990137713320842,0.993180094470088,0.993
354,397,28.0,74.3115635572829,4.312177695861149e-08,-7.36530335108155,0.25563071234234025,0.9988378979742681,0.9940329117338215,0.994
360,405,28.0,77.63735768556369,7.274748253522654e-08,-7.138182031070258,0.2798021898342638,0.9985499184519259,0.9950864414073156,0.995
384,434,28.0,90.26925781233746,3.8969294539957406e-07,-6.409277456156934,0.3710861088075259,0.9990593768347393,0.9960629888052956,0.996
394,446,28.0,95.27654518741136,6.801387385971971e-07,-6.167402488380008,0.40848151003311745,0.9988754932376385,0.9970301555777489,0.997
403,457,28.0,100.28474835316486,1.130326860030833e-06,-5.946795952108435,0.4394015179903424,0.9984442905990463,0.9980132687136594,0.998
12,42,29.0,44.73737412816627,7.491614761365447e-08,-7.1254245632929045,9.265915683342202e-05,0.9407180616611835,0.9438397623166751,0.9
12,42,29.0,44.73737412816627,7.491614761365447e-08,-7.1254245632929045,9.265915683342202e-05,0.9407180616611835,0.9438397623166751,0.901
12,42,29.0,44.73737412816627,7.491614761365447e-08,-7.1254245632929045,9.265915683342202e-05,0.9407180616611835,0.9438397623166751,0.902
12,42,29.0,44.73737412816627,7.491614761365447e-08,-7.1254245632929045,9.265915683342202e-05,0.9407180616611835,0.9438397623166751,0.903
12,42,29.0,44.73737412816627,7.491614761365447e-08,-7.1254245632929045,9.265915683342202e-05,0.9407180616611835,0.9438397623166751,0.904
12,42,29.0,44.73737412816627,7.491614761365447e-08,-7.1254245632929045,9.265915683342202e-05,0.9407180616611835,0.9438397623166751,0.905
12,42,29.0,44.73737412816627,7.491614761365447e-08,-7.1254245632929045,9.265915683342202e-05,0.9407180616611835,0.9438397623166751,0.906
12,42,29.0,44.73737412816627,7.491614761365447e-08,-7.1254245632929045,9.265915683342202e-05,0.9407180616611835,0.9438397623166751,0.907
12,42,29.0,44.73737412816627,7.491614761365447e-08,-7.1254245632929045,9.265915683342202e-05,0.9407180616611835,0.9438397623166751,0.908
12,42,29.0,44.73737412816627,7.491614761365447e-08,-7.1254245632929045,9.265915683342202e-05,0.9407180616611835,0.9438397623166751,0.909
12,42,29.0,44.73737412816627,7.491614761365447e-08,-7.1254245632929045,9.265915683342202e-05,0.9407180616611835,0.9438397623166751,0.91
12,42,29.0,44.73737412816627,7.491614761365447e-08,-7.1254245632929045,9.265915683342202e-05,0.9407180616611835,0.9438397623166751,0.911
12,42,29.0,44.73737412816627,7.491614761365447e-08,-7.1254245632929045,9.265915683342202e-05,0.9407180616611835,0.9438397623166751,0.912
12,42,29.0,44.73737412816627,7.491614761365447e-08,-7.1254245632929045,9.265915683342202e-05,0.9407180616611835,0.9438397623166751,0.913
12,42,29.0,44.73737412816627,7.491614761365447e-08,-7.1254245632929045,9.265915683342202e-05,0.9407180616611835,0.9438397623166751,0.914
12,42,29.0,44.73737412816627,7.491614761365447e-08,-7.1254245632929045,9.265915683342202e-05,0.9407180616611835,0.9438397623166751,0.915
12,42,29.0,44.73737412816627,7.491614761365447e-08,-7.1254245632929045,9.265915683342202e-05,0.9407180616611835,0.9438397623166751,0.916
12,42,29.0,44.73737412816627,7.491614761365447e-08,-7.1254245632929045,9.265915683342202e-05,0.9407180616611835,0.9438397623166751,0.917
12,42,29.0,44.73737412816627,7.491614761365447e-08,-7.1254245632929045,9.265915683342202e-05,0.9407180616611835,0.9438397623166751,0.918
12,42,29.0,44.73737412816627,7.491614761365447e-08,-7.1254245632929045,9.265915683342202e-05,0.9407180616611835,0.9438397623166751,0.919
12,42,29.0,44.73737412816627,7.491614761365447e-08,-7.1254245632929045,9.265915683342202e-05,0.9407180616611835,0.9438397623166751,0.92
12,42,29.0,44.73737412816627,7.491614761365447e-08,-7.1254245632929045,9.265915683342202e-05,0.9407180616611835,0.9438397623166751,0.921
12,42,29.0,44.73737412816627,7.491614761365447e-08,-7.1254245632929045,9.265915683342202e-05,0.9407180616611835,0.9438397623166751,0.922
12,42,29.0,44.73737412816627,7.491614761365447e-08,-7.1254245632929045,9.265915683342202e-05,0.9407180616611835,0.9438397623166751,0.923
12,42,29.0,44.73737412816627,7.491614761365447e-08,-7.1254245632929045,9.265915683342202e-05,0.9407180616611835,0.9438397623166751,0.924
12,42,29.0,44.73737412816627,7.491614761365447e-08,-7.1254245632929045,9.265915683342202e-05,0.9407180616611835,0.9438397623166751,0.925
12,42,29.0,44.73737412816627,7.491614761365447e-08,-7.1254245632929045,9.265915683342202e-05,0.9407180616611835,0.9438397623166751,0.926
12,42,29.0,44.73737412816627,7.491614761365447e-08,-7.1254245632929045,9.265915683342202e-05,0.9407180616611835,0.9438397623166751,0.927
12,42,29.0,44.73737412816627,7.491614761365447e-08,-7.1254245632929045,9.265915683342202e-05,0.9407180616611835,0.9438397623166751,0.928
12,42,29.0,44.73737412816627,7.491614761365447e-08,-7.1254245632929045,9.265915683342202e-05,0.9407180616611835,0.9438397623166751,0.929
12,42,29.0,44.73737412816627,7.491614761365447e-08,-7.1254245632929045,9.265915683342202e-05,0.9407180616611835,0.9438397623166751,0.93
12,42,29.0,44.73737412816627,7.491614761365447e-08,-7.1254245632929045,9.265915683342202e-05,0.9407180616611835,0.9438397623166751,0.931
12,42,29.0,44.73737412816627,7.491614761365447e-08,-7.1254245632929045,9.265915683342202e-05,0.9407180616611835,0.9438397623166751,0.932
12,42,29.0,44.73737412816627,7.491614761365447e-08,-7.1254245632929045,9.265915683342202e-05,0.9407180616611835,0.9438397623166751,0.933
12,42,29.0,44.73737412816627,7.491614761365447e-08,-7.1254245632929045,9.265915683342202e-05,0.9407180616611835,0.9438397623166751,0.934
12,42,29.0,44.73737412816627,7.491614761365447e-08,-7.1254245632929045,9.265915683342202e-05,0.9407180616611835,0.9438397623166751,0.935
12,42,29.0,44.73737412816627,7.491614761365447e-08,-7.1254245632929045,9.265915683342202e-05,0.9407180616611835,0.9438397623166751,0.936
12,42,29.0,44.73737412816627,7.491614761365447e-08,-7.1254245632929045,9.265915683342202e-05,0.9407180616611835,0.9438397623166751,0.937
12,42,29.0,44.73737412816627,7.491614761365447e-08,-7.1254245632929045,9.265915683342202e-05,0.9407180616611835,0.9438397623166751,0.9380000000000001
12,42,29.0,44.73737412816627,7.491614761365447e-08,-7.1254245632929045,9.265915683342202e-05,0.9407180616611835,0.9438397623166751,0.9390000000000001
12,42,29.0,44.73737412816627,7.491614761365447e-08,-7.1254245632929045,9.265915683342202e-05,0.9407180616611835,0.9438397623166751,0.9400000000000001
14,44,29.0,44.93832451224765,7.60400323885612e-08,-7.118957706822765,0.00010254244833315864,0.9414574415476495,0.9456077068890691,0.9410000000000001
15,45,29.0,44.54771413169091,7.290169885510775e-08,-7.137262351040021,0.00010541359016881966,0.946430410452045,0.9582386971837079,0.9420000000000001
15,45,29.0,44.54771413169091,7.290169885510775e-08,-7.137262351040021,0.00010541359016881966,0.946430410452045,0.9582386971837079,0.9430000000000001
15,45,29.0,44.54771413169091,7.290169885510775e-08,-7.137262351040021,0.00010541359016881966,0.946430410452045,0.9582386971837079,0.9440000000000001
15,45,29.0,44.54771413169091,7.290169885510775e-08,-7.137262351040021,0.00010541359016881966,0.946430410452045,0.9582386971837079,0.9450000000000001
15,45,29.0,44.54771413169091,7.290169885510775e-08,-7.137262351040021,0.00010541359016881966,0.946430410452045,0.9582386971837079,0.9460000000000001
16,46,29.0,43.880292638297725,6.83008023209967e-08,-7.165574194685451,0.00010928534361925346,0.955227068217719,0.9727134836639291,0.9470000000000001
16,46,29.0,43.880292638297725,6.83008023209967e-08,-7.165574194685451,0.00010928534361925346,0.955227068217719,0.9727134836639291,0.9480000000000001
16,46,29.0,43.880292638297725,6.83008023209967e-08,-7.165574194685451,0.00010928534361925346,0.955227068217719,0.9727134836639291,0.9490000000000001
16,46,29.0,43.880292638297725,6.83008023209967e-08,-7.165574194685451,0.00010928534361925346,0.955227068217719,0.9727134836639291,0.9500000000000001
16,46,29.0,43.880292638297725,6.83008023209967e-08,-7.165574194685451,0.00010928534361925346,0.955227068217719,0.9727134836639291,0.9510000000000001
16,46,29.0,43.880292638297725,6.83008023209967e-08,-7.165574194685451,0.00010928534361925346,0.955227068217719,0.9727134836639291,0.9520000000000001
16,46,29.0,43.880292638297725,6.83008023209967e-08,-7.165574194685451,0.00010928534361925346,0.955227068217719,0.9727134836639291,0.9530000000000001
16,46,29.0,43.880292638297725,6.83008023209967e-08,-7.165574194685451,0.00010928534361925346,0.955227068217719,0.9727134836639291,0.9540000000000001
16,46,29.0,43.880292638297725,6.83008023209967e-08,-7.165574194685451,0.00010928534361925346,0.955227068217719,0.9727134836639291,0.9550000000000001
17,47,29.0,45.72799387321652,7.908021340838482e-08,-7.101932167355851,0.00011165417301080474,0.9616857424292943,0.970379697176706,0.9560000000000001
17,47,29.0,45.72799387321652,7.908021340838482e-08,-7.101932167355851,0.00011165417301080474,0.9616857424292943,0.970379697176706,0.9570000000000001
17,47,29.0,45.72799387321652,7.908021340838482e-08,-7.101932167355851,0.00011165417301080474,0.9616857424292943,0.970379697176706,0.9580000000000001
17,47,29.0,45.72799387321652,7.908021340838482e-08,-7.101932167355851,0.00011165417301080474,0.9616857424292943,0.970379697176706,0.9590000000000001
17,47,29.0,45.72799387321652,7.908021340838482e-08,-7.101932167355851,0.00011165417301080474,0.9616857424292943,0.970379697176706,0.96
17,47,29.0,45.72799387321652,7.908021340838482e-08,-7.101932167355851,0.00011165417301080474,0.9616857424292943,0.970379697176706,0.9610000000000001
18,48,29.0,47.633020469404954,9.110728635779484e-08,-7.040446888686258,0.000113891782653981,0.9692257278885527,0.9684074518696579,0.962
18,48,29.0,47.633020469404954,9.110728635779484e-08,-7.040446888686258,0.000113891782653981,0.9692257278885527,0.9684074518696579,0.9630000000000001
18,48,29.0,47.633020469404954,9.110728635779484e-08,-7.040446888686258,0.000113891782653981,0.9692257278885527,0.9684074518696579,0.964
18,48,29.0,47.633020469404954,9.110728635779484e-08,-7.040446888686258,0.000113891782653981,0.9692257278885527,0.9684074518696579,0.9650000000000001
18,48,29.0,47.633020469404954,9.110728635779484e-08,-7.040446888686258,0.000113891782653981,0.9692257278885527,0.9684074518696579,0.966
18,48,29.0,47.633020469404954,9.110728635779484e-08,-7.040446888686258,0.000113891782653981,0.9692257278885527,0.9684074518696579,0.9670000000000001
18,48,29.0,47.633020469404954,9.110728635779484e-08,-7.040446888686258,0.000113891782653981,0.9692257278885527,0.9684074518696579,0.968
22,52,29.0,48.931157740687446,9.891920289077727e-08,-7.004719391921857,0.00013245345910475997,0.9691129792545264,0.9704266365436134,0.9690000000000001
24,54,29.0,52.033393442223286,1.216679941899876e-07,-6.91482365163655,0.00013632914731094982,0.9705190686064952,0.9714178794788727,0.97
32,62,29.0,58.88103525097467,1.8156986614774544e-07,-6.740956226584029,0.00016862629286438783,0.9842693279515549,0.9737431681310648,0.9710000000000001
32,62,29.0,58.88103525097467,1.8156986614774544e-07,-6.740956226584029,0.00016862629286438783,0.9842693279515549,0.9737431681310648,0.972
32,62,29.0,58.88103525097467,1.8156986614774544e-07,-6.740956226584029,0.00016862629286438783,0.9842693279515549,0.9737431681310648,0.973
33,63,29.0,59.25575149940938,1.8504302170660486e-07,-6.732727288258462,0.00017351788778459257,0.9836501784102264,0.9762699570761493,0.974
33,63,29.0,59.25575149940938,1.8504302170660486e-07,-6.732727288258462,0.00017351788778459257,0.9836501784102264,0.9762699570761493,0.975
33,63,29.0,59.25575149940938,1.8504302170660486e-07,-6.732727288258462,0.00017351788778459257,0.9836501784102264,0.9762699570761493,0.976
34,64,29.0,60.67171999111401,1.9963785372842062e-07,-6.699757107804683,0.00017559727169336338,0.9836698190569516,0.9773042674534226,0.977
35,65,29.0,60.91619169935948,2.0208433167975215e-07,-6.694467357582234,0.0001814497687368354,0.9834134147836201,0.9783402054970297,0.978
298,331,29.0,51.15224650876158,2.4269815749311844e-10,-9.61493352071631,0.0648442421022674,0.9995496757111959,0.9794877264193792,0.979
301,335,29.0,52.07219298194919,3.1968469334071225e-10,-9.495278157462462,0.0728002985036398,0.9994311972980652,0.9803042498725788,0.98
303,337,29.0,52.61922596745893,3.754554287889858e-10,-9.42544161173547,0.07760591312022753,0.9994103751877135,0.9811960687588914,0.981
307,342,29.0,53.9155069144417,5.438310847048492e-10,-9.264535972309458,0.0891114539774618,0.9993534398914385,0.9820998560988142,0.982
309,344,29.0,54.54401649925267,6.476494347472782e-10,-9.188660009179676,0.09441195110694893,0.9992770974792036,0.9833324115774184,0.983
312,348,29.0,55.67750929379321,8.801510793953321e-10,-9.05544277408152,0.10412821834722072,0.9991856589152999,0.9840480765665716,0.984
315,351,29.0,56.66742065918977,1.1420954764316578e-09,-8.942297588599637,0.11292670519576525,0.9992246187083784,0.9850066033305789,0.985
319,356,29.0,58.29997895355357,1.7257770920509896e-09,-8.76301530012949,0.12640178197292443,0.9990887691641204,0.9864759380665289,0.986
322,360,29.0,59.62823010101114,2.3809926710246528e-09,-8.623241941402533,0.1372493909992024,0.9989913395816271,0.9873098329354423,0.987
324,362,29.0,60.394713582216724,2.8520970208477857e-09,-8.544835705011566,0.14360393442895508,0.9988905461913854,0.988320000970878,0.988
327,366,29.0,61.85619547895906,3.980234788945495e-09,-8.400091308696183,0.1546807805541513,0.9987196526616894,0.9892622472459687,0.989
330,369,29.0,63.123908485684254,5.261971506095622e-09,-8.278851507975695,0.16452011886469461,0.9987149980519451,0.9901532582575161,0.99
338,379,29.0,66.98353066105669,1.1631998221909883e-08,-7.934345672872141,0.19496497534465304,0.9988394749364259,0.9910456894497527,0.991
347,390,29.0,71.29538826964618,2.585977229608965e-08,-7.587375303546389,0.23028146603576713,0.9990010093280096,0.9921954741990255,0.992
351,395,29.0,73.21496412964835,3.5940418135840094e-08,-7.444416874555045,0.2464344504409678,0.9988632008806867,0.993088655584669,0.993
355,400,29.0,75.26517805065795,5.02706822994008e-08,-7.298685220265184,0.2622562841582216,0.9986669616556454,0.9940136816733488,0.994
361,408,29.0,78.6373196251957,8.443147702248222e-08,-7.073495613224673,0.2861962566854749,0.9983249955393089,0.9951386144896509,0.995
386,438,29.0,91.5792320498783,4.5296075627329766e-07,-6.343939422870694,0.38133839284078436,0.9990167388528475,0.9960317903876638,0.996
395,449,29.0,96.2505853102132,7.531305758413626e-07,-6.123129720411366,0.4145177836709219,0.9987155792671946,0.9970875838298996,0.997
405,461,29.0,101.86962453847629,1.3149378351925986e-06,-5.8810947783308665,0.44784242601308516,0.9983508775054973,0.9980242878182823,0.998
11,42,30.0,41.26256549259279,5.619803557577467e-08,-7.2502788650984105,9.395016798307105e-05,0.9034226469617783,0.9491044217915859,0.9
11,42,30.0,41.26256549259279,5.619803557577467e-08,-7.2502788650984105,9.395016798307105e-05,0.9034226469617783,0.9491044217915859,0.901
11,42,30.0,41.26256549259279,5.619803557577467e-08,-7.2502788650984105,9.395016798307105e-05,0.9034226469617783,0.9491044217915859,0.902
11,42,30.0,41.26256549259279,5.619803557577467e-08,-7.2502788650984105,9.395016798307105e-05,0.9034226469617783,0.9491044217915859,0.903
12,43,30.0,44.679670645345595,7.463450636869396e-08,-7.127060335252548,9.593045998007139e-05,0.9460921759562297,0.9425641064320515,0.904
12,43,30.0,44.679670645345595,7.463450636869396e-08,-7.127060335252548,9.593045998007139e-05,0.9460921759562297,0.9425641064320515,0.905
12,43,30.0,44.679670645345595,7.463450636869396e-08,-7.127060335252548,9.593045998007139e-05,0.9460921759562297,0.9425641064320515,0.906
12,43,30.0,44.679670645345595,7.463450636869396e-08,-7.127060335252548,9.593045998007139e-05,0.9460921759562297,0.9425641064320515,0.907
12,43,30.0,44.679670645345595,7.463450636869396e-08,-7.127060335252548,9.593045998007139e-05,0.9460921759562297,0.9425641064320515,0.908
12,43,30.0,44.679670645345595,7.463450636869396e-08,-7.127060335252548,9.593045998007139e-05,0.9460921759562297,0.9425641064320515,0.909
12,43,30.0,44.679670645345595,7.463450636869396e-08,-7.127060335252548,9.593045998007139e-05,0.9460921759562297,0.9425641064320515,0.91
12,43,30.0,44.679670645345595,7.463450636869396e-08,-7.127060335252548,9.593045998007139e-05,0.9460921759562297,0.9425641064320515,0.911
12,43,30.0,44.679670645345595,7.463450636869396e-08,-7.127060335252548,9.593045998007139e-05,0.9460921759562297,0.9425641064320515,0.912
12,43,30.0,44.679670645345595,7.463450636869396e-08,-7.127060335252548,9.593045998007139e-05,0.9460921759562297,0.9425641064320515,0.913
12,43,30.0,44.679670645345595,7.463450636869396e-08,-7.127060335252548,9.593045998007139e-05,0.9460921759562297,0.9425641064320515,0.914
12,43,30.0,44.679670645345595,7.463450636869396e-08,-7.127060335252548,9.593045998007139e-05,0.9460921759562297,0.9425641064320515,0.915
12,43,30.0,44.679670645345595,7.463450636869396e-08,-7.127060335252548,9.593045998007139e-05,0.9460921759562297,0.9425641064320515,0.916
12,43,30.0,44.679670645345595,7.463450636869396e-08,-7.127060335252548,9.593045998007139e-05,0.9460921759562297,0.9425641064320515,0.917
12,43,30.0,44.679670645345595,7.463450636869396e-08,-7.127060335252548,9.593045998007139e-05,0.9460921759562297,0.9425641064320515,0.918
12,43,30.0,44.679670645345595,7.463450636869396e-08,-7.127060335252548,9.593045998007139e-05,0.9460921759562297,0.9425641064320515,0.919
12,43,30.0,44.679670645345595,7.463450636869396e-08,-7.127060335252548,9.593045998007139e-05,0.9460921759562297,0.9425641064320515,0.92
12,43,30.0,44.679670645345595,7.463450636869396e-08,-7.127060335252548,9.593045998007139e-05,0.9460921759562297,0.9425641064320515,0.921
12,43,30.0,44.679670645345595,7.463450636869396e-08,-7.127060335252548,9.593045998007139e-05,0.9460921759562297,0.9425641064320515,0.922
12,43,30.0,44.679670645345595,7.463450636869396e-08,-7.127060335252548,9.593045998007139e-05,0.9460921759562297,0.9425641064320515,0.923
12,43,30.0,44.679670645345595,7.463450636869396e-08,-7.127060335252548,9.593045998007139e-05,0.9460921759562297,0.9425641064320515,0.924
12,43,30.0,44.679670645345595,7.463450636869396e-08,-7.127060335252548,9.593045998007139e-05,0.9460921759562297,0.9425641064320515,0.925
12,43,30.0,44.679670645345595,7.463450636869396e-08,-7.127060335252548,9.593045998007139e-05,0.9460921759562297,0.9425641064320515,0.926
12,43,30.0,44.679670645345595,7.463450636869396e-08,-7.127060335252548,9.593045998007139e-05,0.9460921759562297,0.9425641064320515,0.927
12,43,30.0,44.679670645345595,7.463450636869396e-08,-7.127060335252548,9.593045998007139e-05,0.9460921759562297,0.9425641064320515,0.928
12,43,30.0,44.679670645345595,7.463450636869396e-08,-7.127060335252548,9.593045998007139e-05,0.9460921759562297,0.9425641064320515,0.929
12,43,30.0,44.679670645345595,7.463450636869396e-08,-7.127060335252548,9.593045998007139e-05,0.9460921759562297,0.9425641064320515,0.93
12,43,30.0,44.679670645345595,7.463450636869396e-08,-7.127060335252548,9.593045998007139e-05,0.9460921759562297,0.9425641064320515,0.931
12,43,30.0,44.679670645345595,7.463450636869396e-08,-7.127060335252548,9.593045998007139e-05,0.9460921759562297,0.9425641064320515,0.932
12,43,30.0,44.679670645345595,7.463450636869396e-08,-7.127060335252548,9.593045998007139e-05,0.9460921759562297,0.9425641064320515,0.933
12,43,30.0,44.679670645345595,7.463450636869396e-08,-7.127060335252548,9.593045998007139e-05,0.9460921759562297,0.9425641064320515,0.934
12,43,30.0,44.679670645345595,7.463450636869396e-08,-7.127060335252548,9.593045998007139e-05,0.9460921759562297,0.9425641064320515,0.935
12,43,30.0,44.679670645345595,7.463450636869396e-08,-7.127060335252548,9.593045998007139e-05,0.9460921759562297,0.9425641064320515,0.936
12,43,30.0,44.679670645345595,7.463450636869396e-08,-7.127060335252548,9.593045998007139e-05,0.9460921759562297,0.9425641064320515,0.937
12,43,30.0,44.679670645345595,7.463450636869396e-08,-7.127060335252548,9.593045998007139e-05,0.9460921759562297,0.9425641064320515,0.9380000000000001
12,43,30.0,44.679670645345595,7.463450636869396e-08,-7.127060335252548,9.593045998007139e-05,0.9460921759562297,0.9425641064320515,0.9390000000000001
12,43,30.0,44.679670645345595,7.463450636869396e-08,-7.127060335252548,9.593045998007139e-05,0.9460921759562297,0.9425641064320515,0.9400000000000001
12,43,30.0,44.679670645345595,7.463450636869396e-08,-7.127060335252548,9.593045998007139e-05,0.9460921759562297,0.9425641064320515,0.9410000000000001
12,43,30.0,44.679670645345595,7.463450636869396e-08,-7.127060335252548,9.593045998007139e-05,0.9460921759562297,0.9425641064320515,0.9420000000000001
13,44,30.0,45.21799174391819,7.770450832173449e-08,-7.109553783226728,0.00010006294214019727,0.9456885087461626,0.9434949908502891,0.9430000000000001
15,46,30.0,45.362547976988225,7.705400759506928e-08,-7.1132047686112045,0.00010506902429619225,0.9465904367931045,0.9618584119702523,0.9440000000000001
15,46,30.0,45.362547976988225,7.705400759506928e-08,-7.1132047686112045,0.00010506902429619225,0.9465904367931045,0.9618584119702523,0.9450000000000001
15,46,30.0,45.362547976988225,7.705400759506928e-08,-7.1132047686112045,0.00010506902429619225,0.9465904367931045,0.9618584119702523,0.9460000000000001
16,47,30.0,44.25139496722833,7.014866660252665e-08,-7.153980579698608,0.00011145427724751639,0.9579547184076509,0.9726126260988149,0.9470000000000001
16,47,30.0,44.25139496722833,7.014866660252665e-08,-7.153980579698608,0.00011145427724751639,0.9579547184076509,0.9726126260988149,0.9480000000000001
16,47,30.0,44.25139496722833,7.014866660252665e-08,-7.153980579698608,0.00011145427724751639,0.9579547184076509,0.9726126260988149,0.9490000000000001
16,47,30.0,44.25139496722833,7.014866660252665e-08,-7.153980579698608,0.00011145427724751639,0.9579547184076509,0.9726126260988149,0.9500000000000001
16,47,30.0,44.25139496722833,7.014866660252665e-08,-7.153980579698608,0.00011145427724751639,0.9579547184076509,0.9726126260988149,0.9510000000000001
16,47,30.0,44.25139496722833,7.014866660252665e-08,-7.153980579698608,0.00011145427724751639,0.9579547184076509,0.9726126260988149,0.9520000000000001
16,47,30.0,44.25139496722833,7.014866660252665e-08,-7.153980579698608,0.00011145427724751639,0.9579547184076509,0.9726126260988149,0.9530000000000001
16,47,30.0,44.25139496722833,7.014866660252665e-08,-7.153980579698608,0.00011145427724751639,0.9579547184076509,0.9726126260988149,0.9540000000000001
16,47,30.0,44.25139496722833,7.014866660252665e-08,-7.153980579698608,0.00011145427724751639,0.9579547184076509,0.9726126260988149,0.9550000000000001
16,47,30.0,44.25139496722833,7.014866660252665e-08,-7.153980579698608,0.00011145427724751639,0.9579547184076509,0.9726126260988149,0.9560000000000001
16,47,30.0,44.25139496722833,7.014866660252665e-08,-7.153980579698608,0.00011145427724751639,0.9579547184076509,0.9726126260988149,0.9570000000000001
17,48,30.0,46.078082575384315,8.096793825942307e-08,-7.091686919312875,0.00011376904981963869,0.9641085593951643,0.9708506608148701,0.9580000000000001
17,48,30.0,46.078082575384315,8.096793825942307e-08,-7.091686919312875,0.00011376904981963869,0.9641085593951643,0.9708506608148701,0.9590000000000001
17,48,30.0,46.078082575384315,8.096793825942307e-08,-7.091686919312875,0.00011376904981963869,0.9641085593951643,0.9708506608148701,0.96
17,48,30.0,46.078082575384315,8.096793825942307e-08,-7.091686919312875,0.00011376904981963869,0.9641085593951643,0.9708506608148701,0.9610000000000001
17,48,30.0,46.078082575384315,8.096793825942307e-08,-7.091686919312875,0.00011376904981963869,0.9641085593951643,0.9708506608148701,0.962
17,48,30.0,46.078082575384315,8.096793825942307e-08,-7.091686919312875,0.00011376904981963869,0.9641085593951643,0.9708506608148701,0.9630000000000001
17,48,30.0,46.078082575384315,8.096793825942307e-08,-7.091686919312875,0.00011376904981963869,0.9641085593951643,0.9708506608148701,0.964
18,49,30.0,48.16368836663764,9.419927435460702e-08,-7.025952442695486,0.00011494823892609401,0.9702902759267739,0.9709356323924256,0.9650000000000001
18,49,30.0,48.16368836663764,9.419927435460702e-08,-7.025952442695486,0.00011494823892609401,0.9702902759267739,0.9709356323924256,0.966
18,49,30.0,48.16368836663764,9.419927435460702e-08,-7.025952442695486,0.00011494823892609401,0.9702902759267739,0.9709356323924256,0.9670000000000001
18,49,30.0,48.16368836663764,9.419927435460702e-08,-7.025952442695486,0.00011494823892609401,0.9702902759267739,0.9709356323924256,0.968
18,49,30.0,48.16368836663764,9.419927435460702e-08,-7.025952442695486,0.00011494823892609401,0.9702902759267739,0.9709356323924256,0.9690000000000001
18,49,30.0,48.16368836663764,9.419927435460702e-08,-7.025952442695486,0.00011494823892609401,0.9702902759267739,0.9709356323924256,0.97
23,54,30.0,51.198410673491324,1.1498127100283866e-07,-6.939372894972802,0.00013530194441388254,0.9716839585132993,0.9727773524124111,0.9710000000000001
32,63,30.0,59.25708369346051,1.850571380265944e-07,-6.732694158632776,0.00017064300652446266,0.9851597396491658,0.9753564846235893,0.972
32,63,30.0,59.25708369346051,1.850571380265944e-07,-6.732694158632776,0.00017064300652446266,0.9851597396491658,0.9753564846235893,0.973
32,63,30.0,59.25708369346051,1.850571380265944e-07,-6.732694158632776,0.00017064300652446266,0.9851597396491658,0.9753564846235893,0.974
32,63,30.0,59.25708369346051,1.850571380265944e-07,-6.732694158632776,0.00017064300652446266,0.9851597396491658,0.9753564846235893,0.975
33,64,30.0,59.85969982501994,1.907635949624344e-07,-6.719504501830346,0.0001743910652143333,0.9838876223626298,0.9783626571758494,0.976
33,64,30.0,59.85969982501994,1.907635949624344e-07,-6.719504501830346,0.0001743910652143333,0.9838876223626298,0.9783626571758494,0.977
33,64,30.0,59.85969982501994,1.907635949624344e-07,-6.719504501830346,0.0001743910652143333,0.9838876223626298,0.9783626571758494,0.978
301,336,30.0,52.20445371258244,3.322462616271956e-10,-9.478539896958035,0.07401992220360312,0.9993987703952201,0.9793869565265201,0.979
305,341,30.0,53.456925401310336,4.774068098553278e-10,-9.32111139039525,0.0852276729634566,0.9993280266734964,0.980383547919096,0.98
307,343,30.0,54.074870446150776,5.682921242251168e-10,-9.2454283626589,0.09042057844981877,0.9992947477699896,0.9814889356080447,0.981
308,344,30.0,54.39730768956325,6.215857239965228e-10,-9.206498968564818,0.09305839654237696,0.9992649067686543,0.9821018802627232,0.982
312,349,30.0,55.826848285411835,9.153139997781654e-10,-9.03842989502905,0.10558252624398615,0.999152681547464,0.9833257480576516,0.983
316,354,30.0,57.35337945961736,1.3604082410031824e-09,-8.86633074588709,0.11886583216351691,0.999118024247121,0.9843688835625746,0.984
318,356,30.0,58.10353574539911,1.642650033552914e-09,-8.784454953111645,0.12484400051977752,0.9990411576826007,0.9855528324076154,0.985
321,360,30.0,59.44692334902695,2.2788018004696287e-09,-8.642293446081377,0.13560246868238504,0.9989711631971728,0.9863733332123892,0.986
323,362,30.0,60.198668407891184,2.722691608951281e-09,-8.565001547097607,0.14194252479334615,0.9988645387360228,0.9874508452112429,0.987
325,365,30.0,61.20465684703393,3.4331435547870157e-09,-8.464308036437817,0.14982708180496354,0.9987018148157506,0.9880565410873849,0.988
328,368,30.0,62.46336272167317,4.552436147330453e-09,-8.34175613692382,0.15955354644347755,0.9986796255792659,0.9891019589455761,0.989
335,377,30.0,65.88693401388332,9.351654221748834e-09,-8.029111559626656,0.18622674966255864,0.9987118473859385,0.9900978292050248,0.99
342,386,30.0,69.24233968153244,1.7847473851487523e-08,-7.748423245658092,0.21425775050051832,0.9987677715294244,0.9910245499505712,0.991
348,393,30.0,72.135588230617,2.990168627748356e-08,-7.524304319355977,0.23723657698093736,0.998874450950382,0.99205441279386,0.992
352,398,30.0,74.07751117377146,4.1440012949741916e-08,-7.382580117548524,0.25333728290320273,0.9986894559975378,0.9930500147696529,0.993
357,404,30.0,76.6545982792976,6.25175288953445e-08,-7.20399819649299,0.27253939131762545,0.9985298974046809,0.9940830620692755,0.994
364,413,30.0,80.5624741019965,1.1159201797207756e-07,-6.952366868791424,0.29979789392533873,0.9983240066464996,0.9950669808684471,0.995
388,443,30.0,93.1320716669416,5.386716389470424e-07,-6.26867588944948,0.3929182285494329,0.9988710675359874,0.9960306891032263,0.996
396,452,30.0,97.20380991522453,8.30682315391154e-07,-6.080565035242949,0.4205937017321212,0.9985662437410553,0.997121048989534,0.997
10,42,31.0,39.68627701899709,4.85506835943531e-08,-7.313804650840109,9.371483877826347e-05,0.9053928164973292,0.9527287704724143,0.9
10,42,31.0,39.68627701899709,4.85506835943531e-08,-7.313804650840109,9.371483877826347e-05,0.9053928164973292,0.9527287704724143,0.901
10,42,31.0,39.68627701899709,4.85506835943531e-08,-7.313804650840109,9.371483877826347e-05,0.9053928164973292,0.9527287704724143,0.902
10,42,31.0,39.68627701899709,4.85506835943531e-08,-7.313804650840109,9.371483877826347e-05,0.9053928164973292,0.9527287704724143,0.903
10,42,31.0,39.68627701899709,4.85506835943531e-08,-7.313804650840109,9.371483877826347e-05,0.9053928164973292,0.9527287704724143,0.904
10,42,31.0,39.68627701899709,4.85506835943531e-08,-7.313804650840109,9.371483877826347e-05,0.9053928164973292,0.9527287704724143,0.905
11,43,31.0,41.41113121063437,5.6831585832745836e-08,-7.245410225201062,9.695434171965162e-05,0.9107341578558867,0.9477378806665031,0.906
11,43,31.0,41.41113121063437,5.6831585832745836e-08,-7.245410225201062,9.695434171965162e-05,0.9107341578558867,0.9477378806665031,0.907
11,43,31.0,41.41113121063437,5.6831585832745836e-08,-7.245410225201062,9.695434171965162e-05,0.9107341578558867,0.9477378806665031,0.908
11,43,31.0,41.41113121063437,5.6831585832745836e-08,-7.245410225201062,9.695434171965162e-05,0.9107341578558867,0.9477378806665031,0.909
11,43,31.0,41.41113121063437,5.6831585832745836e-08,-7.245410225201062,9.695434171965162e-05,0.9107341578558867,0.9477378806665031,0.91
12,44,31.0,44.79080183638092,7.518042065466616e-08,-7.12389524862102,9.847623861723041e-05,0.9504619794188186,0.9442574394841828,0.911
12,44,31.0,44.79080183638092,7.518042065466616e-08,-7.12389524862102,9.847623861723041e-05,0.9504619794188186,0.9442574394841828,0.912
12,44,31.0,44.79080183638092,7.518042065466616e-08,-7.12389524862102,9.847623861723041e-05,0.9504619794188186,0.9442574394841828,0.913
12,44,31.0,44.79080183638092,7.518042065466616e-08,-7.12389524862102,9.847623861723041e-05,0.9504619794188186,0.9442574394841828,0.914
12,44,31.0,44.79080183638092,7.518042065466616e-08,-7.12389524862102,9.847623861723041e-05,0.9504619794188186,0.9442574394841828,0.915
12,44,31.0,44.79080183638092,7.518042065466616e-08,-7.12389524862102,9.847623861723041e-05,0.9504619794188186,0.9442574394841828,0.916
12,44,31.0,44.79080183638092,7.518042065466616e-08,-7.12389524862102,9.847623861723041e-05,0.9504619794188186,0.9442574394841828,0.917
12,44,31.0,44.79080183638092,7.518042065466616e-08,-7.12389524862102,9.847623861723041e-05,0.9504619794188186,0.9442574394841828,0.918
12,44,31.0,44.79080183638092,7.518042065466616e-08,-7.12389524862102,9.847623861723041e-05,0.9504619794188186,0.9442574394841828,0.919
12,44,31.0,44.79080183638092,7.518042065466616e-08,-7.12389524862102,9.847623861723041e-05,0.9504619794188186,0.9442574394841828,0.92
12,44,31.0,44.79080183638092,7.518042065466616e-08,-7.12389524862102,9.847623861723041e-05,0.9504619794188186,0.9442574394841828,0.921
12,44,31.0,44.79080183638092,7.518042065466616e-08,-7.12389524862102,9.847623861723041e-05,0.9504619794188186,0.9442574394841828,0.922
12,44,31.0,44.79080183638092,7.518042065466616e-08,-7.12389524862102,9.847623861723041e-05,0.9504619794188186,0.9442574394841828,0.923
12,44,31.0,44.79080183638092,7.518042065466616e-08,-7.12389524862102,9.847623861723041e-05,0.9504619794188186,0.9442574394841828,0.924
12,44,31.0,44.79080183638092,7.518042065466616e-08,-7.12389524862102,9.847623861723041e-05,0.9504619794188186,0.9442574394841828,0.925
12,44,31.0,44.79080183638092,7.518042065466616e-08,-7.12389524862102,9.847623861723041e-05,0.9504619794188186,0.9442574394841828,0.926
12,44,31.0,44.79080183638092,7.518042065466616e-08,-7.12389524862102,9.847623861723041e-05,0.9504619794188186,0.9442574394841828,0.927
12,44,31.0,44.79080183638092,7.518042065466616e-08,-7.12389524862102,9.847623861723041e-05,0.9504619794188186,0.9442574394841828,0.928
12,44,31.0,44.79080183638092,7.518042065466616e-08,-7.12389524862102,9.847623861723041e-05,0.9504619794188186,0.9442574394841828,0.929
12,44,31.0,44.79080183638092,7.518042065466616e-08,-7.12389524862102,9.847623861723041e-05,0.9504619794188186,0.9442574394841828,0.93
12,44,31.0,44.79080183638092,7.518042065466616e-08,-7.12389524862102,9.847623861723041e-05,0.9504619794188186,0.9442574394841828,0.931
12,44,31.0,44.79080183638092,7.518042065466616e-08,-7.12389524862102,9.847623861723041e-05,0.9504619794188186,0.9442574394841828,0.932
12,44,31.0,44.79080183638092,7.518042065466616e-08,-7.12389524862102,9.847623861723041e-05,0.9504619794188186,0.9442574394841828,0.933
12,44,31.0,44.79080183638092,7.518042065466616e-08,-7.12389524862102,9.847623861723041e-05,0.9504619794188186,0.9442574394841828,0.934
12,44,31.0,44.79080183638092,7.518042065466616e-08,-7.12389524862102,9.847623861723041e-05,0.9504619794188186,0.9442574394841828,0.935
12,44,31.0,44.79080183638092,7.518042065466616e-08,-7.12389524862102,9.847623861723041e-05,0.9504619794188186,0.9442574394841828,0.936
12,44,31.0,44.79080183638092,7.518042065466616e-08,-7.12389524862102,9.847623861723041e-05,0.9504619794188186,0.9442574394841828,0.937
12,44,31.0,44.79080183638092,7.518042065466616e-08,-7.12389524862102,9.847623861723041e-05,0.9504619794188186,0.9442574394841828,0.9380000000000001
12,44,31.0,44.79080183638092,7.518042065466616e-08,-7.12389524862102,9.847623861723041e-05,0.9504619794188186,0.9442574394841828,0.9390000000000001
12,44,31.0,44.79080183638092,7.518042065466616e-08,-7.12389524862102,9.847623861723041e-05,0.9504619794188186,0.9442574394841828,0.9400000000000001
12,44,31.0,44.79080183638092,7.518042065466616e-08,-7.12389524862102,9.847623861723041e-05,0.9504619794188186,0.9442574394841828,0.9410000000000001
12,44,31.0,44.79080183638092,7.518042065466616e-08,-7.12389524862102,9.847623861723041e-05,0.9504619794188186,0.9442574394841828,0.9420000000000001
12,44,31.0,44.79080183638092,7.518042065466616e-08,-7.12389524862102,9.847623861723041e-05,0.9504619794188186,0.9442574394841828,0.9430000000000001
12,44,31.0,44.79080183638092,7.518042065466616e-08,-7.12389524862102,9.847623861723041e-05,0.9504619794188186,0.9442574394841828,0.9440000000000001
13,45,31.0,46.07747586462112,8.210519436151456e-08,-7.085629366495877,9.924533784074343e-05,0.9453351309240349,0.9473968083572436,0.9450000000000001
15,47,31.0,45.64081656153476,7.849806732147583e-08,-7.105141035763677,0.00010735254471192053,0.9502977177341612,0.9624373697606907,0.9460000000000001
15,47,31.0,45.64081656153476,7.849806732147583e-08,-7.105141035763677,0.00010735254471192053,0.9502977177341612,0.9624373697606907,0.9470000000000001
15,47,31.0,45.64081656153476,7.849806732147583e-08,-7.105141035763677,0.00010735254471192053,0.9502977177341612,0.9624373697606907,0.9480000000000001
15,47,31.0,45.64081656153476,7.849806732147583e-08,-7.105141035763677,0.00010735254471192053,0.9502977177341612,0.9624373697606907,0.9490000000000001
15,47,31.0,45.64081656153476,7.849806732147583e-08,-7.105141035763677,0.00010735254471192053,0.9502977177341612,0.9624373697606907,0.9500000000000001
16,48,31.0,44.64712948500772,7.215010678367697e-08,-7.141763021805035,0.00011346549330019754,0.9602295614840906,0.9728411009694375,0.9510000000000001
16,48,31.0,44.64712948500772,7.215010678367697e-08,-7.141763021805035,0.00011346549330019754,0.9602295614840906,0.9728411009694375,0.9520000000000001
16,48,31.0,44.64712948500772,7.215010678367697e-08,-7.141763021805035,0.00011346549330019754,0.9602295614840906,0.9728411009694375,0.9530000000000001
16,48,31.0,44.64712948500772,7.215010678367697e-08,-7.141763021805035,0.00011346549330019754,0.9602295614840906,0.9728411009694375,0.9540000000000001
16,48,31.0,44.64712948500772,7.215010678367697e-08,-7.141763021805035,0.00011346549330019754,0.9602295614840906,0.9728411009694375,0.9550000000000001
16,48,31.0,44.64712948500772,7.215010678367697e-08,-7.141763021805035,0.00011346549330019754,0.9602295614840906,0.9728411009694375,0.9560000000000001
16,48,31.0,44.64712948500772,7.215010678367697e-08,-7.141763021805035,0.00011346549330019754,0.9602295614840906,0.9728411009694375,0.9570000000000001
16,48,31.0,44.64712948500772,7.215010678367697e-08,-7.141763021805035,0.00011346549330019754,0.9602295614840906,0.9728411009694375,0.9580000000000001
16,48,31.0,44.64712948500772,7.215010678367697e-08,-7.141763021805035,0.00011346549330019754,0.9602295614840906,0.9728411009694375,0.9590000000000001
16,48,31.0,44.64712948500772,7.215010678367697e-08,-7.141763021805035,0.00011346549330019754,0.9602295614840906,0.9728411009694375,0.96
17,49,31.0,46.63729575430329,8.403224537229956e-08,-7.075554031794492,0.00011478692625879409,0.9651179134310276,0.9730451805186175,0.9610000000000001
17,49,31.0,46.63729575430329,8.403224537229956e-08,-7.075554031794492,0.00011478692625879409,0.9651179134310276,0.9730451805186175,0.962
17,49,31.0,46.63729575430329,8.403224537229956e-08,-7.075554031794492,0.00011478692625879409,0.9651179134310276,0.9730451805186175,0.9630000000000001
17,49,31.0,46.63729575430329,8.403224537229956e-08,-7.075554031794492,0.00011478692625879409,0.9651179134310276,0.9730451805186175,0.964
17,49,31.0,46.63729575430329,8.403224537229956e-08,-7.075554031794492,0.00011478692625879409,0.9651179134310276,0.9730451805186175,0.9650000000000001
18,50,31.0,48.599711017065495,9.677921163047658e-08,-7.014217920003054,0.00011647302373375538,0.9716644044478964,0.9724682526492042,0.966
18,50,31.0,48.599711017065495,9.677921163047658e-08,-7.014217920003054,0.00011647302373375538,0.9716644044478964,0.9724682526492042,0.9670000000000001
18,50,31.0,48.599711017065495,9.677921163047658e-08,-7.014217920003054,0.00011647302373375538,0.9716644044478964,0.9724682526492042,0.968
18,50,31.0,48.599711017065495,9.677921163047658e-08,-7.014217920003054,0.00011647302373375538,0.9716644044478964,0.9724682526492042,0.9690000000000001
18,50,31.0,48.599711017065495,9.677921163047658e-08,-7.014217920003054,0.00011647302373375538,0.9716644044478964,0.9724682526492042,0.97
18,50,31.0,48.599711017065495,9.677921163047658e-08,-7.014217920003054,0.00011647302373375538,0.9716644044478964,0.9724682526492042,0.9710000000000001
32,64,31.0,59.824017191952215,1.9037887811342943e-07,-6.720381236768925,0.00017163951509036493,0.9853448401979488,0.9774073495551538,0.972
32,64,31.0,59.824017191952215,1.9037887811342943e-07,-6.720381236768925,0.00017163951509036493,0.9853448401979488,0.9774073495551538,0.973
32,64,31.0,59.824017191952215,1.9037887811342943e-07,-6.720381236768925,0.00017163951509036493,0.9853448401979488,0.9774073495551538,0.974
32,64,31.0,59.824017191952215,1.9037887811342943e-07,-6.720381236768925,0.00017163951509036493,0.9853448401979488,0.9774073495551538,0.975
32,64,31.0,59.824017191952215,1.9037887811342943e-07,-6.720381236768925,0.00017163951509036493,0.9853448401979488,0.9774073495551538,0.976
32,64,31.0,59.824017191952215,1.9037887811342943e-07,-6.720381236768925,0.00017163951509036493,0.9853448401979488,0.9774073495551538,0.977
33,65,31.0,60.10450089290866,1.9310882487448564e-07,-6.714197878956398,0.00017728019949905772,0.9850499368330987,0.9784132764478709,0.978
304,341,31.0,53.30009128256364,4.562271566307547e-10,-9.340818867187686,0.08397634741867936,0.9992923691638081,0.9790932625551384,0.979
306,343,31.0,53.91333387423006,5.428032223427682e-10,-9.265357582822306,0.08912128641860086,0.9992588406931152,0.9802517719177393,0.98
309,347,31.0,55.019414552268735,7.362585955632687e-10,-9.132969621938077,0.09850854646791592,0.9991260669636344,0.9813490204259255,0.981
311,349,31.0,55.64674732767333,8.71874904364279e-10,-9.05954582268395,0.10416472532242883,0.9991092173832394,0.9822247353388291,0.982
315,354,31.0,57.161966790083405,1.2947631836999134e-09,-8.887809658159867,0.11735380430438708,0.9990650537662,0.9833681074296743,0.983
317,357,31.0,58.099190806035146,1.638750297778378e-09,-8.78548721638592,0.12475788584583718,0.9989369089455725,0.98409702667622,0.984
319,359,31.0,58.843791181761425,1.968431638297326e-09,-8.70587966323381,0.13090473960419446,0.9988981546488669,0.9850921704512375,0.985
322,363,31.0,60.20949505976147,2.7261488512173954e-09,-8.564450434819229,0.14177736461866258,0.9987656358767304,0.9861561929141619,0.986
324,365,31.0,60.99592454475207,3.271048069761175e-09,-8.485313073643704,0.14815462670027474,0.9986684400357934,0.9872039551121142,0.987
328,370,31.0,62.86343360274133,4.963189796534096e-09,-8.304239116700446,0.16268588054170102,0.9985533133322045,0.9883548676962979,0.988
330,372,31.0,63.725454450663776,5.976219163714042e-09,-8.223573484176871,0.16927295950499135,0.9985417549948816,0.9890499431771396,0.989
340,385,31.0,68.57496042483648,1.5750956623161556e-08,-7.802693064506517,0.20884832728971559,0.9986971775204148,0.9902361962092631,0.99
345,391,31.0,71.0014234534033,2.4514269308898808e-08,-7.610581047139098,0.2281947495082992,0.9987597655069588,0.9911680550578775,0.991
350,397,31.0,73.40770694265952,3.7068198444241896e-08,-7.430998520653392,0.24780651897155168,0.9987032230251853,0.9922502072695254,0.992
353,401,31.0,74.98204196190859,4.796628830133955e-08,-7.319063886550016,0.2600812669985083,0.99849665569953,0.9930553739677302,0.993
358,407,31.0,77.64150020353286,7.265501303483842e-08,-7.138734414975629,0.27896891362495135,0.9982977334280626,0.9941686035486931,0.994
377,431,31.0,87.89659093093051,2.931099522103528e-07,-6.532969435343002,0.3530464868427211,0.998734192747242,0.9950945159976115,0.995
389,446,31.0,94.05945168862557,5.958921930674353e-07,-6.224832304338501,0.39920429642959565,0.9987023666805805,0.996112569337415,0.996
397,456,31.0,98.43980805245788,9.407669942946597e-07,-6.026517927712608,0.4278053525060998,0.998351775169049,0.9971091689537127,0.997
9,42,32.0,38.044875058307674,4.1192014621482917e-08,-7.38518696702399,9.346699079350815e-05,0.9047884862190502,0.9559448291882949,0.9
9,42,32.0,38.044875058307674,4.1192014621482917e-08,-7.38518696702399,9.346699079350815e-05,0.9047884862190502,0.9559448291882949,0.901
9,42,32.0,38.044875058307674,4.1192014621482917e-08,-7.38518696702399,9.346699079350815e-05,0.9047884862190502,0.9559448291882949,0.902
9,42,32.0,38.044875058307674,4.1192014621482917e-08,-7.38518696702399,9.346699079350815e-05,0.9047884862190502,0.9559448291882949,0.903
9,42,32.0,38.044875058307674,4.1192014621482917e-08,-7.38518696702399,9.346699079350815e-05,0.9047884862190502,0.9559448291882949,0.904
10,43,32.0,39.905532254313584,4.941462648323372e-08,-7.306144483044868,9.656334899803654e-05,0.9118719432453875,0.9510415668839941,0.905
10,43,32.0,39.905532254313584,4.941462648323372e-08,-7.306144483044868,9.656334899803654e-05,0.9118719432453875,0.9510415668839941,0.906
10,43,32.0,39.905532254313584,4.941462648323372e-08,-7.306144483044868,9.656334899803654e-05,0.9118719432453875,0.9510415668839941,0.907
10,43,32.0,39.905532254313584,4.941462648323372e-08,-7.306144483044868,9.656334899803654e-05,0.9118719432453875,0.9510415668839941,0.908
10,43,32.0,39.905532254313584,4.941462648323372e-08,-7.306144483044868,9.656334899803654e-05,0.9118719432453875,0.9510415668839941,0.909
10,43,32.0,39.905532254313584,4.941462648323372e-08,-7.306144483044868,9.656334899803654e-05,0.9118719432453875,0.9510415668839941,0.91
10,43,32.0,39.905532254313584,4.941462648323372e-08,-7.306144483044868,9.656334899803654e-05,0.9118719432453875,0.9510415668839941,0.911
12,45,32.0,45.60928698862005,7.926368568542556e-08,-7.100925737255086,9.78082718223425e-05,0.9499165268572302,0.9482040017349266,0.912
12,45,32.0,45.60928698862005,7.926368568542556e-08,-7.100925737255086,9.78082718223425e-05,0.9499165268572302,0.9482040017349266,0.913
12,45,32.0,45.60928698862005,7.926368568542556e-08,-7.100925737255086,9.78082718223425e-05,0.9499165268572302,0.9482040017349266,0.914
12,45,32.0,45.60928698862005,7.926368568542556e-08,-7.100925737255086,9.78082718223425e-05,0.9499165268572302,0.9482040017349266,0.915
12,45,32.0,45.60928698862005,7.926368568542556e-08,-7.100925737255086,9.78082718223425e-05,0.9499165268572302,0.9482040017349266,0.916
12,45,32.0,45.60928698862005,7.926368568542556e-08,-7.100925737255086,9.78082718223425e-05,0.9499165268572302,0.9482040017349266,0.917
12,45,32.0,45.60928698862005,7.926368568542556e-08,-7.100925737255086,9.78082718223425e-05,0.9499165268572302,0.9482040017349266,0.918
12,45,32.0,45.60928698862005,7.926368568542556e-08,-7.100925737255086,9.78082718223425e-05,0.9499165268572302,0.9482040017349266,0.919
12,45,32.0,45.60928698862005,7.926368568542556e-08,-7.100925737255086,9.78082718223425e-05,0.9499165268572302,0.9482040017349266,0.92
12,45,32.0,45.60928698862005,7.926368568542556e-08,-7.100925737255086,9.78082718223425e-05,0.9499165268572302,0.9482040017349266,0.921
12,45,32.0,45.60928698862005,7.926368568542556e-08,-7.100925737255086,9.78082718223425e-05,0.9499165268572302,0.9482040017349266,0.922
12,45,32.0,45.60928698862005,7.926368568542556e-08,-7.100925737255086,9.78082718223425e-05,0.9499165268572302,0.9482040017349266,0.923
12,45,32.0,45.60928698862005,7.926368568542556e-08,-7.100925737255086,9.78082718223425e-05,0.9499165268572302,0.9482040017349266,0.924
12,45,32.0,45.60928698862005,7.926368568542556e-08,-7.100925737255086,9.78082718223425e-05,0.9499165268572302,0.9482040017349266,0.925
12,45,32.0,45.60928698862005,7.926368568542556e-08,-7.100925737255086,9.78082718223425e-05,0.9499165268572302,0.9482040017349266,0.926
12,45,32.0,45.60928698862005,7.926368568542556e-08,-7.100925737255086,9.78082718223425e-05,0.9499165268572302,0.9482040017349266,0.927
12,45,32.0,45.60928698862005,7.926368568542556e-08,-7.100925737255086,9.78082718223425e-05,0.9499165268572302,0.9482040017349266,0.928
12,45,32.0,45.60928698862005,7.926368568542556e-08,-7.100925737255086,9.78082718223425e-05,0.9499165268572302,0.9482040017349266,0.929
12,45,32.0,45.60928698862005,7.926368568542556e-08,-7.100925737255086,9.78082718223425e-05,0.9499165268572302,0.9482040017349266,0.93
12,45,32.0,45.60928698862005,7.926368568542556e-08,-7.100925737255086,9.78082718223425e-05,0.9499165268572302,0.9482040017349266,0.931
12,45,32.0,45.60928698862005,7.926368568542556e-08,-7.100925737255086,9.78082718223425e-05,0.9499165268572302,0.9482040017349266,0.932
12,45,32.0,45.60928698862005,7.926368568542556e-08,-7.100925737255086,9.78082718223425e-05,0.9499165268572302,0.9482040017349266,0.933
12,45,32.0,45.60928698862005,7.926368568542556e-08,-7.100925737255086,9.78082718223425e-05,0.9499165268572302,0.9482040017349266,0.934
12,45,32.0,45.60928698862005,7.926368568542556e-08,-7.100925737255086,9.78082718223425e-05,0.9499165268572302,0.9482040017349266,0.935
12,45,32.0,45.60928698862005,7.926368568542556e-08,-7.100925737255086,9.78082718223425e-05,0.9499165268572302,0.9482040017349266,0.936
12,45,32.0,45.60928698862005,7.926368568542556e-08,-7.100925737255086,9.78082718223425e-05,0.9499165268572302,0.9482040017349266,0.937
12,45,32.0,45.60928698862005,7.926368568542556e-08,-7.100925737255086,9.78082718223425e-05,0.9499165268572302,0.9482040017349266,0.9380000000000001
12,45,32.0,45.60928698862005,7.926368568542556e-08,-7.100925737255086,9.78082718223425e-05,0.9499165268572302,0.9482040017349266,0.9390000000000001
12,45,32.0,45.60928698862005,7.926368568542556e-08,-7.100925737255086,9.78082718223425e-05,0.9499165268572302,0.9482040017349266,0.9400000000000001
12,45,32.0,45.60928698862005,7.926368568542556e-08,-7.100925737255086,9.78082718223425e-05,0.9499165268572302,0.9482040017349266,0.9410000000000001
12,45,32.0,45.60928698862005,7.926368568542556e-08,-7.100925737255086,9.78082718223425e-05,0.9499165268572302,0.9482040017349266,0.9420000000000001
12,45,32.0,45.60928698862005,7.926368568542556e-08,-7.100925737255086,9.78082718223425e-05,0.9499165268572302,0.9482040017349266,0.9430000000000001
12,45,32.0,45.60928698862005,7.926368568542556e-08,-7.100925737255086,9.78082718223425e-05,0.9499165268572302,0.9482040017349266,0.9440000000000001
12,45,32.0,45.60928698862005,7.926368568542556e-08,-7.100925737255086,9.78082718223425e-05,0.9499165268572302,0.9482040017349266,0.9450000000000001
12,45,32.0,45.60928698862005,7.926368568542556e-08,-7.100925737255086,9.78082718223425e-05,0.9499165268572302,0.9482040017349266,0.9460000000000001
12,45,32.0,45.60928698862005,7.926368568542556e-08,-7.100925737255086,9.78082718223425e-05,0.9499165268572302,0.9482040017349266,0.9470000000000001
12,45,32.0,45.60928698862005,7.926368568542556e-08,-7.100925737255086,9.78082718223425e-05,0.9499165268572302,0.9482040017349266,0.9480000000000001
15,48,32.0,45.95132056602512,8.012921224726098e-08,-7.096209126800327,0.00010947724348442496,0.9534554118500287,0.9632808787042884,0.9490000000000001
15,48,32.0,45.95132056602512,8.012921224726098e-08,-7.096209126800327,0.00010947724348442496,0.9534554118500287,0.9632808787042884,0.9500000000000001
15,48,32.0,45.95132056602512,8.012921224726098e-08,-7.096209126800327,0.00010947724348442496,0.9534554118500287,0.9632808787042884,0.9510000000000001
15,48,32.0,45.95132056602512,8.012921224726098e-08,-7.096209126800327,0.00010947724348442496,0.9534554118500287,0.9632808787042884,0.9520000000000001
15,48,32.0,45.95132056602512,8.012921224726098e-08,-7.096209126800327,0.00010947724348442496,0.9534554118500287,0.9632808787042884,0.9530000000000001
16,49,32.0,45.224260351685615,7.512193962452608e-08,-7.124233207252146,0.00011445841399252258,0.961101670886267,0.9747547735148416,0.9540000000000001
16,49,32.0,45.224260351685615,7.512193962452608e-08,-7.124233207252146,0.00011445841399252258,0.961101670886267,0.9747547735148416,0.9550000000000001
16,49,32.0,45.224260351685615,7.512193962452608e-08,-7.124233207252146,0.00011445841399252258,0.961101670886267,0.9747547735148416,0.9560000000000001
16,49,32.0,45.224260351685615,7.512193962452608e-08,-7.124233207252146,0.00011445841399252258,0.961101670886267,0.9747547735148416,0.9570000000000001
16,49,32.0,45.224260351685615,7.512193962452608e-08,-7.124233207252146,0.00011445841399252258,0.961101670886267,0.9747547735148416,0.9580000000000001
16,49,32.0,45.224260351685615,7.512193962452608e-08,-7.124233207252146,0.00011445841399252258,0.961101670886267,0.9747547735148416,0.9590000000000001
16,49,32.0,45.224260351685615,7.512193962452608e-08,-7.124233207252146,0.00011445841399252258,0.961101670886267,0.9747547735148416,0.96
16,49,32.0,45.224260351685615,7.512193962452608e-08,-7.124233207252146,0.00011445841399252258,0.961101670886267,0.9747547735148416,0.9610000000000001
17,50,32.0,47.11030325650658,8.666916765438813e-08,-7.062135374254671,0.00011624692166889722,0.9664741427984709,0.9743101356646876,0.962
17,50,32.0,47.11030325650658,8.666916765438813e-08,-7.062135374254671,0.00011624692166889722,0.9664741427984709,0.9743101356646876,0.9630000000000001
17,50,32.0,47.11030325650658,8.666916765438813e-08,-7.062135374254671,0.00011624692166889722,0.9664741427984709,0.9743101356646876,0.964
17,50,32.0,47.11030325650658,8.666916765438813e-08,-7.062135374254671,0.00011624692166889722,0.9664741427984709,0.9743101356646876,0.9650000000000001
17,50,32.0,47.11030325650658,8.666916765438813e-08,-7.062135374254671,0.00011624692166889722,0.9664741427984709,0.9743101356646876,0.966
20,53,32.0,49.92651078609741,1.0561221741432631e-07,-6.976285838916677,0.0001276945488697559,0.9715694988802477,0.9687821758164972,0.9670000000000001
20,53,32.0,49.92651078609741,1.0561221741432631e-07,-6.976285838916677,0.0001276945488697559,0.9715694988802477,0.9687821758164972,0.968
21,54,32.0,50.742105731351906,1.1138869225711352e-07,-6.953158894796016,0.00013125327268891993,0.9708324736424404,0.969994218283277,0.9690000000000001
22,55,32.0,50.18026852171819,1.0697434500067401e-07,-6.970720364002373,0.00013842737424372268,0.9731006837916867,0.9708985366798059,0.97
23,56,32.0,51.87289282258913,1.1966701087517574e-07,-6.922025556941,0.00013990814871023163,0.9743070163848883,0.9719575235580552,0.9710000000000001
24,57,32.0,53.41300785720645,1.3167826197488486e-07,-6.880485914359162,0.00014115309586572644,0.9731975265958286,0.9734816635939407,0.972
24,57,32.0,53.41300785720645,1.3167826197488486e-07,-6.880485914359162,0.00014115309586572644,0.9731975265958286,0.9734816635939407,0.973
32,65,32.0,60.05619966336326,1.9258206076023862e-07,-6.715384170356307,0.00017452157174665096,0.986366347734911,0.9773829331146113,0.974
32,65,32.0,60.05619966336326,1.9258206076023862e-07,-6.715384170356307,0.00017452157174665096,0.986366347734911,0.9773829331146113,0.975
32,65,32.0,60.05619966336326,1.9258206076023862e-07,-6.715384170356307,0.00017452157174665096,0.986366347734911,0.9773829331146113,0.976
32,65,32.0,60.05619966336326,1.9258206076023862e-07,-6.715384170356307,0.00017452157174665096,0.986366347734911,0.9773829331146113,0.977
304,342,32.0,53.44246324434283,4.748426861139591e-10,-9.323450246940558,0.08527946754749605,0.9992492832201981,0.9782993589761279,0.978
307,346,32.0,54.547340205509876,6.466215462691325e-10,-9.189349828227575,0.09441683754839662,0.9991263656230532,0.9795102133013762,0.979
308,347,32.0,54.866046981266834,7.057013816736318e-10,-9.151379032271624,0.09713001865410456,0.9991098475120288,0.9800709762780784,0.98
310,349,32.0,55.4793249843459,8.331383116750013e-10,-9.079282894138315,0.1027477230348952,0.9990801213651912,0.9810402138739792,0.981
314,354,32.0,56.98077744913473,1.2352107319608952e-09,-8.90825894368325,0.11584273012288722,0.9990243150041347,0.9822954810402874,0.982
316,357,32.0,57.90350798518892,1.559592432970235e-09,-8.806988880644377,0.12321417713041691,0.9988869285399182,0.9830793956534785,0.983
318,359,32.0,58.642681745978045,1.872784978548851e-09,-8.727512082737055,0.12932697762733794,0.9988475612849914,0.9841267641974003,0.984
321,363,32.0,60.01972896634045,2.605636499249601e-09,-8.58408617088789,0.14012012561978107,0.9987420480826799,0.9851897729995811,0.985
323,365,32.0,60.792034596837375,3.1192087096684464e-09,-8.505955565151545,0.1464836727901334,0.9986377890436704,0.986307638803049,0.986
326,369,32.0,62.19883717220164,4.285234519387513e-09,-8.36802540531865,0.15774868500040856,0.998498305808213,0.9872064843161601,0.987
330,374,32.0,64.10452946861862,6.468196071758519e-09,-8.189216823708101,0.17252029096833252,0.9984480741020778,0.9882120119645585,0.988
337,383,32.0,67.47499915991085,1.27640541219572e-08,-7.8940113629854585,0.19997112239325843,0.998603495721676,0.9891106856417532,0.989
342,389,32.0,69.81768245188218,1.9804683158129817e-08,-7.703232101190845,0.2193505748779553,0.9986138621921402,0.990205234010327,0.99
347,395,32.0,72.30405990806348,3.0734063635202295e-08,-7.512380013851384,0.2386599336445275,0.9986800574961505,0.9912033894996624,0.991
351,400,32.0,74.29970555620528,4.2915106517103825e-08,-7.367389805200503,0.2545620722918874,0.9984960301455749,0.9922998187667783,0.992
355,405,32.0,76.37296129877011,5.974777076360264e-08,-7.223678293946806,0.27031145416543917,0.9983342152452694,0.9932081103811747,0.993
361,413,32.0,79.71461972727515,9.866023923741633e-08,-7.005857835768629,0.2943521669752839,0.9981214264567327,0.9941673904163125,0.994
381,438,32.0,90.32261016390233,3.9126417199393817e-07,-6.407529918564226,0.3719970960563382,0.9987393737724031,0.9950654435951475,0.995
389,448,32.0,94.5157281579244,6.256385443746768e-07,-6.203676503085081,0.4021278739545278,0.9985796597705503,0.996003653035206,0.996
397,458,32.0,98.93352767476664,9.876976770845866e-07,-6.00537596762507,0.4304731741541082,0.9982306184120658,0.9970121407120203,0.997
9,43,33.0,38.32577145771126,4.2203039779098476e-08,-7.374656266769519,9.617575949384927e-05,0.9105647617857792,0.9539973402581632,0.9
9,43,33.0,38.32577145771126,4.2203039779098476e-08,-7.374656266769519,9.617575949384927e-05,0.9105647617857792,0.9539973402581632,0.901
9,43,33.0,38.32577145771126,4.2203039779098476e-08,-7.374656266769519,9.617575949384927e-05,0.9105647617857792,0.9539973402581632,0.902
9,43,33.0,38.32577145771126,4.2203039779098476e-08,-7.374656266769519,9.617575949384927e-05,0.9105647617857792,0.9539973402581632,0.903
9,43,33.0,38.32577145771126,4.2203039779098476e-08,-7.374656266769519,9.617575949384927e-05,0.9105647617857792,0.9539973402581632,0.904
9,43,33.0,38.32577145771126,4.2203039779098476e-08,-7.374656266769519,9.617575949384927e-05,0.9105647617857792,0.9539973402581632,0.905
9,43,33.0,38.32577145771126,4.2203039779098476e-08,-7.374656266769519,9.617575949384927e-05,0.9105647617857792,0.9539973402581632,0.906
9,43,33.0,38.32577145771126,4.2203039779098476e-08,-7.374656266769519,9.617575949384927e-05,0.9105647617857792,0.9539973402581632,0.907
9,43,33.0,38.32577145771126,4.2203039779098476e-08,-7.374656266769519,9.617575949384927e-05,0.9105647617857792,0.9539973402581632,0.908
9,43,33.0,38.32577145771126,4.2203039779098476e-08,-7.374656266769519,9.617575949384927e-05,0.9105647617857792,0.9539973402581632,0.909
9,43,33.0,38.32577145771126,4.2203039779098476e-08,-7.374656266769519,9.617575949384927e-05,0.9105647617857792,0.9539973402581632,0.91
12,46,33.0,46.26040652975605,8.257892939581723e-08,-7.083130751886394,9.793124323287264e-05,0.9507826927219405,0.9525987475388593,0.911
12,46,33.0,46.26040652975605,8.257892939581723e-08,-7.083130751886394,9.793124323287264e-05,0.9507826927219405,0.9525987475388593,0.912
12,46,33.0,46.26040652975605,8.257892939581723e-08,-7.083130751886394,9.793124323287264e-05,0.9507826927219405,0.9525987475388593,0.913
12,46,33.0,46.26040652975605,8.257892939581723e-08,-7.083130751886394,9.793124323287264e-05,0.9507826927219405,0.9525987475388593,0.914
12,46,33.0,46.26040652975605,8.257892939581723e-08,-7.083130751886394,9.793124323287264e-05,0.9507826927219405,0.9525987475388593,0.915
12,46,33.0,46.26040652975605,8.257892939581723e-08,-7.083130751886394,9.793124323287264e-05,0.9507826927219405,0.9525987475388593,0.916
12,46,33.0,46.26040652975605,8.257892939581723e-08,-7.083130751886394,9.793124323287264e-05,0.9507826927219405,0.9525987475388593,0.917
12,46,33.0,46.26040652975605,8.257892939581723e-08,-7.083130751886394,9.793124323287264e-05,0.9507826927219405,0.9525987475388593,0.918
12,46,33.0,46.26040652975605,8.257892939581723e-08,-7.083130751886394,9.793124323287264e-05,0.9507826927219405,0.9525987475388593,0.919
12,46,33.0,46.26040652975605,8.257892939581723e-08,-7.083130751886394,9.793124323287264e-05,0.9507826927219405,0.9525987475388593,0.92
12,46,33.0,46.26040652975605,8.257892939581723e-08,-7.083130751886394,9.793124323287264e-05,0.9507826927219405,0.9525987475388593,0.921
12,46,33.0,46.26040652975605,8.257892939581723e-08,-7.083130751886394,9.793124323287264e-05,0.9507826927219405,0.9525987475388593,0.922
12,46,33.0,46.26040652975605,8.257892939581723e-08,-7.083130751886394,9.793124323287264e-05,0.9507826927219405,0.9525987475388593,0.923
12,46,33.0,46.26040652975605,8.257892939581723e-08,-7.083130751886394,9.793124323287264e-05,0.9507826927219405,0.9525987475388593,0.924
12,46,33.0,46.26040652975605,8.257892939581723e-08,-7.083130751886394,9.793124323287264e-05,0.9507826927219405,0.9525987475388593,0.925
12,46,33.0,46.26040652975605,8.257892939581723e-08,-7.083130751886394,9.793124323287264e-05,0.9507826927219405,0.9525987475388593,0.926
12,46,33.0,46.26040652975605,8.257892939581723e-08,-7.083130751886394,9.793124323287264e-05,0.9507826927219405,0.9525987475388593,0.927
12,46,33.0,46.26040652975605,8.257892939581723e-08,-7.083130751886394,9.793124323287264e-05,0.9507826927219405,0.9525987475388593,0.928
12,46,33.0,46.26040652975605,8.257892939581723e-08,-7.083130751886394,9.793124323287264e-05,0.9507826927219405,0.9525987475388593,0.929
12,46,33.0,46.26040652975605,8.257892939581723e-08,-7.083130751886394,9.793124323287264e-05,0.9507826927219405,0.9525987475388593,0.93
12,46,33.0,46.26040652975605,8.257892939581723e-08,-7.083130751886394,9.793124323287264e-05,0.9507826927219405,0.9525987475388593,0.931
12,46,33.0,46.26040652975605,8.257892939581723e-08,-7.083130751886394,9.793124323287264e-05,0.9507826927219405,0.9525987475388593,0.932
12,46,33.0,46.26040652975605,8.257892939581723e-08,-7.083130751886394,9.793124323287264e-05,0.9507826927219405,0.9525987475388593,0.933
12,46,33.0,46.26040652975605,8.257892939581723e-08,-7.083130751886394,9.793124323287264e-05,0.9507826927219405,0.9525987475388593,0.934
12,46,33.0,46.26040652975605,8.257892939581723e-08,-7.083130751886394,9.793124323287264e-05,0.9507826927219405,0.9525987475388593,0.935
12,46,33.0,46.26040652975605,8.257892939581723e-08,-7.083130751886394,9.793124323287264e-05,0.9507826927219405,0.9525987475388593,0.936
12,46,33.0,46.26040652975605,8.257892939581723e-08,-7.083130751886394,9.793124323287264e-05,0.9507826927219405,0.9525987475388593,0.937
12,46,33.0,46.26040652975605,8.257892939581723e-08,-7.083130751886394,9.793124323287264e-05,0.9507826927219405,0.9525987475388593,0.9380000000000001
12,46,33.0,46.26040652975605,8.257892939581723e-08,-7.083130751886394,9.793124323287264e-05,0.9507826927219405,0.9525987475388593,0.9390000000000001
12,46,33.0,46.26040652975605,8.257892939581723e-08,-7.083130751886394,9.793124323287264e-05,0.9507826927219405,0.9525987475388593,0.9400000000000001
12,46,33.0,46.26040652975605,8.257892939581723e-08,-7.083130751886394,9.793124323287264e-05,0.9507826927219405,0.9525987475388593,0.9410000000000001
12,46,33.0,46.26040652975605,8.257892939581723e-08,-7.083130751886394,9.793124323287264e-05,0.9507826927219405,0.9525987475388593,0.9420000000000001
12,46,33.0,46.26040652975605,8.257892939581723e-08,-7.083130751886394,9.793124323287264e-05,0.9507826927219405,0.9525987475388593,0.9430000000000001
12,46,33.0,46.26040652975605,8.257892939581723e-08,-7.083130751886394,9.793124323287264e-05,0.9507826927219405,0.9525987475388593,0.9440000000000001
12,46,33.0,46.26040652975605,8.257892939581723e-08,-7.083130751886394,9.793124323287264e-05,0.9507826927219405,0.9525987475388593,0.9450000000000001
12,46,33.0,46.26040652975605,8.257892939581723e-08,-7.083130751886394,9.793124323287264e-05,0.9507826927219405,0.9525987475388593,0.9460000000000001
12,46,33.0,46.26040652975605,8.257892939581723e-08,-7.083130751886394,9.793124323287264e-05,0.9507826927219405,0.9525987475388593,0.9470000000000001
12,46,33.0,46.26040652975605,8.257892939581723e-08,-7.083130751886394,9.793124323287264e-05,0.9507826927219405,0.9525987475388593,0.9480000000000001
12,46,33.0,46.26040652975605,8.257892939581723e-08,-7.083130751886394,9.793124323287264e-05,0.9507826927219405,0.9525987475388593,0.9490000000000001
12,46,33.0,46.26040652975605,8.257892939581723e-08,-7.083130751886394,9.793124323287264e-05,0.9507826927219405,0.9525987475388593,0.9500000000000001
15,49,33.0,46.4489977186167,8.278194272957014e-08,-7.082064385777348,0.00011062916166953295,0.9552412267090402,0.9658236369476617,0.9510000000000001
15,49,33.0,46.4489977186167,8.278194272957014e-08,-7.082064385777348,0.00011062916166953295,0.9552412267090402,0.9658236369476617,0.9520000000000001
15,49,33.0,46.4489977186167,8.278194272957014e-08,-7.082064385777348,0.00011062916166953295,0.9552412267090402,0.9658236369476617,0.9530000000000001
15,49,33.0,46.4489977186167,8.278194272957014e-08,-7.082064385777348,0.00011062916166953295,0.9552412267090402,0.9658236369476617,0.9540000000000001
15,49,33.0,46.4489977186167,8.278194272957014e-08,-7.082064385777348,0.00011062916166953295,0.9552412267090402,0.9658236369476617,0.9550000000000001
16,50,33.0,45.723147924649915,7.773987196442515e-08,-7.109356178976034,0.00011586869799509508,0.9623501197793861,0.9757920680640735,0.9560000000000001
16,50,33.0,45.723147924649915,7.773987196442515e-08,-7.109356178976034,0.00011586869799509508,0.9623501197793861,0.9757920680640735,0.9570000000000001
16,50,33.0,45.723147924649915,7.773987196442515e-08,-7.109356178976034,0.00011586869799509508,0.9623501197793861,0.9757920680640735,0.9580000000000001
16,50,33.0,45.723147924649915,7.773987196442515e-08,-7.109356178976034,0.00011586869799509508,0.9623501197793861,0.9757920680640735,0.9590000000000001
16,50,33.0,45.723147924649915,7.773987196442515e-08,-7.109356178976034,0.00011586869799509508,0.9623501197793861,0.9757920680640735,0.96
16,50,33.0,45.723147924649915,7.773987196442515e-08,-7.109356178976034,0.00011586869799509508,0.9623501197793861,0.9757920680640735,0.9610000000000001
16,50,33.0,45.723147924649915,7.773987196442515e-08,-7.109356178976034,0.00011586869799509508,0.9623501197793861,0.9757920680640735,0.962
17,51,33.0,47.08700519878102,8.653793023037181e-08,-7.062793496244734,0.000120498661645774,0.9692859395247349,0.9661731126274402,0.9630000000000001
17,51,33.0,47.08700519878102,8.653793023037181e-08,-7.062793496244734,0.000120498661645774,0.9692859395247349,0.9661731126274402,0.964
17,51,33.0,47.08700519878102,8.653793023037181e-08,-7.062793496244734,0.000120498661645774,0.9692859395247349,0.9661731126274402,0.9650000000000001
17,51,33.0,47.08700519878102,8.653793023037181e-08,-7.062793496244734,0.000120498661645774,0.9692859395247349,0.9661731126274402,0.966
19,53,33.0,49.47394339652692,1.0226564305345545e-07,-6.990270246428971,0.00012607159841632488,0.9735699178860129,0.9688015687611466,0.9670000000000001
19,53,33.0,49.47394339652692,1.0226564305345545e-07,-6.990270246428971,0.00012607159841632488,0.9735699178860129,0.9688015687611466,0.968
20,54,33.0,50.30703493286591,1.0805928820141729e-07,-6.966337897533588,0.000129592063855554,0.9729675296103251,0.9699712472871447,0.9690000000000001
22,56,33.0,50.81133451844675,1.1117983299027643e-07,-6.953973982676087,0.00013911416938249465,0.9731409915191924,0.973276863568903,0.97
22,56,33.0,50.81133451844675,1.1117983299027643e-07,-6.953973982676087,0.00013911416938249465,0.9731409915191924,0.973276863568903,0.9710000000000001
22,56,33.0,50.81133451844675,1.1117983299027643e-07,-6.953973982676087,0.00013911416938249465,0.9731409915191924,0.973276863568903,0.972
22,56,33.0,50.81133451844675,1.1117983299027643e-07,-6.953973982676087,0.00013911416938249465,0.9731409915191924,0.973276863568903,0.973
33,67,33.0,60.2610658304847,1.9462993678323596e-07,-6.7107903584159825,0.0001851139237246944,0.9872631063633911,0.9750975840573174,0.974
33,67,33.0,60.2610658304847,1.9462993678323596e-07,-6.7107903584159825,0.0001851139237246944,0.9872631063633911,0.9750975840573174,0.975
302,341,33.0,53.0185779140186,4.2029838320781764e-10,-9.376442280623337,0.08149440320036201,0.9992533029319544,0.9762619688073592,0.976
305,345,33.0,54.06889011731762,5.658206624376631e-10,-9.247321197178055,0.09044177044020199,0.999105241215474,0.9776145921915529,0.977
306,346,33.0,54.38115697672805,6.171794874023495e-10,-9.209588516594646,0.09309089028911327,0.9990883862964867,0.9782139554135709,0.978
308,348,33.0,55.01185531932546,7.338397842899824e-10,-9.13439874716001,0.09853280966048807,0.9990708494154814,0.9792854240274704,0.979
311,352,33.0,56.094602138253336,9.800585991742483e-10,-9.008747956412424,0.10853850298698245,0.9989931964521198,0.9800606349078542,0.98
313,354,33.0,56.79978296444582,1.1781455819034529e-09,-8.928801041033779,0.11434478165663498,0.998981792460247,0.9811833239844272,0.981
315,357,33.0,57.70647721709071,1.483303812380916e-09,-8.828769887051752,0.12168412338321889,0.9988330072538456,0.9820287987430465,0.982
317,359,33.0,58.45192221956148,1.7858557421489304e-09,-8.748153625469314,0.12774748558863017,0.9988091806291065,0.9830938549654225,0.983
320,363,33.0,59.80166937250016,2.472934089397322e-09,-8.60678745864578,0.13851181496703197,0.9986748487264328,0.9842762711371943,0.984
322,365,33.0,60.59690260443124,2.9797003930022146e-09,-8.525827401765115,0.14480937419018433,0.9986150127131089,0.985355474600456,0.985
325,369,33.0,61.97843227011794,4.077299313074944e-09,-8.389627405975993,0.15605555197515555,0.9984530148135595,0.986366602558239,0.986
328,373,33.0,63.445412497153846,5.617955866216327e-09,-8.250421676870646,0.16745174964235515,0.9983797225690428,0.9871429460659072,0.987
333,379,33.0,65.75826665292054,9.090388548111725e-09,-8.041417553445301,0.1860539119321668,0.9984678076031221,0.9881178382382908,0.988
339,387,33.0,68.72305128807007,1.6167418516524036e-08,-7.791359319211101,0.21034117992240903,0.9985145816458539,0.9891239170666568,0.989
344,393,33.0,71.13062161471905,2.504001533829454e-08,-7.601365409433867,0.22972354610491427,0.9985492599980578,0.9902299043607354,0.99
348,398,33.0,73.16433784768049,3.553251015336061e-08,-7.4493741111921725,0.24552324086356386,0.99853096716833,0.9911224875262836,0.991
352,403,33.0,75.15967211322334,4.9284563739560934e-08,-7.307289083409811,0.26145522143683675,0.9983450584291041,0.9921906051312264,0.992
355,407,33.0,76.85594132658332,6.432911887315184e-08,-7.191592397164046,0.27332887957725693,0.9981412261019345,0.993003997064172,0.993
362,416,33.0,80.66606255022997,1.1298278259388871e-07,-6.946987733456217,0.3009182566661781,0.9980276106087592,0.9940038742411911,0.994
382,441,33.0,91.19505415575158,4.3250738696005964e-07,-6.3640064706532815,0.3786193867428916,0.9986323382056667,0.9950331245234464,0.995
390,451,33.0,95.46999993480996,6.922890552390326e-07,-6.15971253432366,0.40822966249923653,0.9984229964967601,0.9960548373400446,0.996
399,462,33.0,100.44698644027729,1.14517000342014e-06,-5.941130036409893,0.43924991124381285,0.9980907679881116,0.9971053452619179,0.997
10,45,34.0,41.04250708837722,5.403337954235221e-08,-7.2673378684649785,9.826480568132315e-05,0.9166975264257389,0.9552387900709525,0.9
10,45,34.0,41.04250708837722,5.403337954235221e-08,-7.2673378684649785,9.826480568132315e-05,0.9166975264257389,0.9552387900709525,0.901
10,45,34.0,41.04250708837722,5.403337954235221e-08,-7.2673378684649785,9.826480568132315e-05,0.9166975264257389,0.9552387900709525,0.902
10,45,34.0,41.04250708837722,5.403337954235221e-08,-7.2673378684649785,9.826480568132315e-05,0.9166975264257389,0.9552387900709525,0.903
10,45,34.0,41.04250708837722,5.403337954235221e-08,-7.2673378684649785,9.826480568132315e-05,0.9166975264257389,0.9552387900709525,0.904
10,45,34.0,41.04250708837722,5.403337954235221e-08,-7.2673378684649785,9.826480568132315e-05,0.9166975264257389,0.9552387900709525,0.905
10,45,34.0,41.04250708837722,5.403337954235221e-08,-7.2673378684649785,9.826480568132315e-05,0.9166975264257389,0.9552387900709525,0.906
10,45,34.0,41.04250708837722,5.403337954235221e-08,-7.2673378684649785,9.826480568132315e-05,0.9166975264257389,0.9552387900709525,0.907
10,45,34.0,41.04250708837722,5.403337954235221e-08,-7.2673378684649785,9.826480568132315e-05,0.9166975264257389,0.9552387900709525,0.908
10,45,34.0,41.04250708837722,5.403337954235221e-08,-7.2673378684649785,9.826480568132315e-05,0.9166975264257389,0.9552387900709525,0.909
10,45,34.0,41.04250708837722,5.403337954235221e-08,-7.2673378684649785,9.826480568132315e-05,0.9166975264257389,0.9552387900709525,0.91
10,45,34.0,41.04250708837722,5.403337954235221e-08,-7.2673378684649785,9.826480568132315e-05,0.9166975264257389,0.9552387900709525,0.911
10,45,34.0,41.04250708837722,5.403337954235221e-08,-7.2673378684649785,9.826480568132315e-05,0.9166975264257389,0.9552387900709525,0.912
10,45,34.0,41.04250708837722,5.403337954235221e-08,-7.2673378684649785,9.826480568132315e-05,0.9166975264257389,0.9552387900709525,0.913
10,45,34.0,41.04250708837722,5.403337954235221e-08,-7.2673378684649785,9.826480568132315e-05,0.9166975264257389,0.9552387900709525,0.914
10,45,34.0,41.04250708837722,5.403337954235221e-08,-7.2673378684649785,9.826480568132315e-05,0.9166975264257389,0.9552387900709525,0.915
10,45,34.0,41.04250708837722,5.403337954235221e-08,-7.2673378684649785,9.826480568132315e-05,0.9166975264257389,0.9552387900709525,0.916
11,46,34.0,43.21710873200119,6.484018486157761e-08,-7.1881557556333835,9.877968980575653e-05,0.9182569095795751,0.9564756970147269,0.917
11,46,34.0,43.21710873200119,6.484018486157761e-08,-7.1881557556333835,9.877968980575653e-05,0.9182569095795751,0.9564756970147269,0.918
12,47,34.0,46.45561579953447,8.358673014117664e-08,-7.077862663755896,0.00010022339843017715,0.9541538962652046,0.9531401834206344,0.919
12,47,34.0,46.45561579953447,8.358673014117664e-08,-7.077862663755896,0.00010022339843017715,0.9541538962652046,0.9531401834206344,0.92
12,47,34.0,46.45561579953447,8.358673014117664e-08,-7.077862663755896,0.00010022339843017715,0.9541538962652046,0.9531401834206344,0.921
12,47,34.0,46.45561579953447,8.358673014117664e-08,-7.077862663755896,0.00010022339843017715,0.9541538962652046,0.9531401834206344,0.922
12,47,34.0,46.45561579953447,8.358673014117664e-08,-7.077862663755896,0.00010022339843017715,0.9541538962652046,0.9531401834206344,0.923
12,47,34.0,46.45561579953447,8.358673014117664e-08,-7.077862663755896,0.00010022339843017715,0.9541538962652046,0.9531401834206344,0.924
12,47,34.0,46.45561579953447,8.358673014117664e-08,-7.077862663755896,0.00010022339843017715,0.9541538962652046,0.9531401834206344,0.925
12,47,34.0,46.45561579953447,8.358673014117664e-08,-7.077862663755896,0.00010022339843017715,0.9541538962652046,0.9531401834206344,0.926
12,47,34.0,46.45561579953447,8.358673014117664e-08,-7.077862663755896,0.00010022339843017715,0.9541538962652046,0.9531401834206344,0.927
12,47,34.0,46.45561579953447,8.358673014117664e-08,-7.077862663755896,0.00010022339843017715,0.9541538962652046,0.9531401834206344,0.928
12,47,34.0,46.45561579953447,8.358673014117664e-08,-7.077862663755896,0.00010022339843017715,0.9541538962652046,0.9531401834206344,0.929
12,47,34.0,46.45561579953447,8.358673014117664e-08,-7.077862663755896,0.00010022339843017715,0.9541538962652046,0.9531401834206344,0.93
12,47,34.0,46.45561579953447,8.358673014117664e-08,-7.077862663755896,0.00010022339843017715,0.9541538962652046,0.9531401834206344,0.931
12,47,34.0,46.45561579953447,8.358673014117664e-08,-7.077862663755896,0.00010022339843017715,0.9541538962652046,0.9531401834206344,0.932
12,47,34.0,46.45561579953447,8.358673014117664e-08,-7.077862663755896,0.00010022339843017715,0.9541538962652046,0.9531401834206344,0.933
12,47,34.0,46.45561579953447,8.358673014117664e-08,-7.077862663755896,0.00010022339843017715,0.9541538962652046,0.9531401834206344,0.934
12,47,34.0,46.45561579953447,8.358673014117664e-08,-7.077862663755896,0.00010022339843017715,0.9541538962652046,0.9531401834206344,0.935
12,47,34.0,46.45561579953447,8.358673014117664e-08,-7.077862663755896,0.00010022339843017715,0.9541538962652046,0.9531401834206344,0.936
12,47,34.0,46.45561579953447,8.358673014117664e-08,-7.077862663755896,0.00010022339843017715,0.9541538962652046,0.9531401834206344,0.937
12,47,34.0,46.45561579953447,8.358673014117664e-08,-7.077862663755896,0.00010022339843017715,0.9541538962652046,0.9531401834206344,0.9380000000000001
12,47,34.0,46.45561579953447,8.358673014117664e-08,-7.077862663755896,0.00010022339843017715,0.9541538962652046,0.9531401834206344,0.9390000000000001
12,47,34.0,46.45561579953447,8.358673014117664e-08,-7.077862663755896,0.00010022339843017715,0.9541538962652046,0.9531401834206344,0.9400000000000001
12,47,34.0,46.45561579953447,8.358673014117664e-08,-7.077862663755896,0.00010022339843017715,0.9541538962652046,0.9531401834206344,0.9410000000000001
12,47,34.0,46.45561579953447,8.358673014117664e-08,-7.077862663755896,0.00010022339843017715,0.9541538962652046,0.9531401834206344,0.9420000000000001
12,47,34.0,46.45561579953447,8.358673014117664e-08,-7.077862663755896,0.00010022339843017715,0.9541538962652046,0.9531401834206344,0.9430000000000001
12,47,34.0,46.45561579953447,8.358673014117664e-08,-7.077862663755896,0.00010022339843017715,0.9541538962652046,0.9531401834206344,0.9440000000000001
12,47,34.0,46.45561579953447,8.358673014117664e-08,-7.077862663755896,0.00010022339843017715,0.9541538962652046,0.9531401834206344,0.9450000000000001
12,47,34.0,46.45561579953447,8.358673014117664e-08,-7.077862663755896,0.00010022339843017715,0.9541538962652046,0.9531401834206344,0.9460000000000001
12,47,34.0,46.45561579953447,8.358673014117664e-08,-7.077862663755896,0.00010022339843017715,0.9541538962652046,0.9531401834206344,0.9470000000000001
12,47,34.0,46.45561579953447,8.358673014117664e-08,-7.077862663755896,0.00010022339843017715,0.9541538962652046,0.9531401834206344,0.9480000000000001
12,47,34.0,46.45561579953447,8.358673014117664e-08,-7.077862663755896,0.00010022339843017715,0.9541538962652046,0.9531401834206344,0.9490000000000001
12,47,34.0,46.45561579953447,8.358673014117664e-08,-7.077862663755896,0.00010022339843017715,0.9541538962652046,0.9531401834206344,0.9500000000000001
12,47,34.0,46.45561579953447,8.358673014117664e-08,-7.077862663755896,0.00010022339843017715,0.9541538962652046,0.9531401834206344,0.9510000000000001
12,47,34.0,46.45561579953447,8.358673014117664e-08,-7.077862663755896,0.00010022339843017715,0.9541538962652046,0.9531401834206344,0.9520000000000001
12,47,34.0,46.45561579953447,8.358673014117664e-08,-7.077862663755896,0.00010022339843017715,0.9541538962652046,0.9531401834206344,0.9530000000000001
15,50,34.0,46.874590817239984,8.508607619999707e-08,-7.070141503655254,0.00011216362020526657,0.957243866908429,0.9673903405353342,0.9540000000000001
15,50,34.0,46.874590817239984,8.508607619999707e-08,-7.070141503655254,0.00011216362020526657,0.957243866908429,0.9673903405353342,0.9550000000000001
15,50,34.0,46.874590817239984,8.508607619999707e-08,-7.070141503655254,0.00011216362020526657,0.957243866908429,0.9673903405353342,0.9560000000000001
15,50,34.0,46.874590817239984,8.508607619999707e-08,-7.070141503655254,0.00011216362020526657,0.957243866908429,0.9673903405353342,0.9570000000000001
16,51,34.0,45.777252706127086,7.802726101137659e-08,-7.107753637843184,0.00011990858785123983,0.9652849316321002,0.967862963084416,0.9580000000000001
16,51,34.0,45.777252706127086,7.802726101137659e-08,-7.107753637843184,0.00011990858785123983,0.9652849316321002,0.967862963084416,0.9590000000000001
16,51,34.0,45.777252706127086,7.802726101137659e-08,-7.107753637843184,0.00011990858785123983,0.9652849316321002,0.967862963084416,0.96
16,51,34.0,45.777252706127086,7.802726101137659e-08,-7.107753637843184,0.00011990858785123983,0.9652849316321002,0.967862963084416,0.9610000000000001
16,51,34.0,45.777252706127086,7.802726101137659e-08,-7.107753637843184,0.00011990858785123983,0.9652849316321002,0.967862963084416,0.962
16,51,34.0,45.777252706127086,7.802726101137659e-08,-7.107753637843184,0.00011990858785123983,0.9652849316321002,0.967862963084416,0.9630000000000001
16,51,34.0,45.777252706127086,7.802726101137659e-08,-7.107753637843184,0.00011990858785123983,0.9652849316321002,0.967862963084416,0.964
16,51,34.0,45.777252706127086,7.802726101137659e-08,-7.107753637843184,0.00011990858785123983,0.9652849316321002,0.967862963084416,0.9650000000000001
17,52,34.0,47.42509436578734,8.845938638823908e-08,-7.05325607750458,0.00012264834737943682,0.9708429300459034,0.9667476827130009,0.966
18,53,34.0,49.33414802541003,1.0124586057326262e-07,-6.994622723836156,0.00012402089840589758,0.9757692454148397,0.9676556954722451,0.9670000000000001
19,54,34.0,49.85194905626876,1.0463841009801592e-07,-6.980308867747867,0.0001279587636585768,0.9747449047772292,0.969823716212106,0.968
19,54,34.0,49.85194905626876,1.0463841009801592e-07,-6.980308867747867,0.0001279587636585768,0.9747449047772292,0.969823716212106,0.9690000000000001
22,57,34.0,51.52915302025872,1.1605590943241059e-07,-6.935332740873328,0.00013932428472957992,0.9725586624274618,0.9755009247736528,0.97
22,57,34.0,51.52915302025872,1.1605590943241059e-07,-6.935332740873328,0.00013932428472957992,0.9725586624274618,0.9755009247736528,0.9710000000000001
22,57,34.0,51.52915302025872,1.1605590943241059e-07,-6.935332740873328,0.00013932428472957992,0.9725586624274618,0.9755009247736528,0.972
23,58,34.0,52.90455839797063,1.2700548550284723e-07,-6.8961775209954705,0.00014256721910003317,0.9753220930859404,0.9740249760397499,0.973
23,58,34.0,52.90455839797063,1.2700548550284723e-07,-6.8961775209954705,0.00014256721910003317,0.9753220930859404,0.9740249760397499,0.974
302,342,34.0,53.15784057450927,4.3718909876645496e-10,-9.359330675644108,0.08277747169447247,0.9992080123508148,0.9754303164428373,0.975
304,345,34.0,53.906215147237866,5.402282622128358e-10,-9.26742269930071,0.0891535939426331,0.9990672442338426,0.9762409812645332,0.976
306,347,34.0,54.53302820549419,6.431883193763651e-10,-9.191661851194388,0.09444247093416709,0.9990363405916642,0.9774805136552731,0.977
309,351,34.0,55.60431779587528,8.598456477776947e-10,-9.065579502634076,0.10422149172422866,0.9989736883019849,0.9782621286034959,0.978
311,353,34.0,56.255377893318034,1.0216859569902148e-09,-8.990682575928542,0.10997770850167657,0.9989358429136496,0.9794518511052479,0.979
313,356,34.0,57.157902056327295,1.289766976588771e-09,-8.889488747005496,0.11719144994774386,0.9988192453430202,0.9802717095880756,0.98
315,358,34.0,57.87934174671463,1.5479883865868264e-09,-8.810232301831535,0.123164326193787,0.9987687174168869,0.9814945024648377,0.981
317,361,34.0,58.80083456219396,1.942613884421403e-09,-8.711613511561282,0.1307669293258067,0.9986840729435867,0.9820533880020931,0.982
319,363,34.0,59.58445206615891,2.34665933411158e-09,-8.629549952605897,0.13691218257163723,0.99860724739902,0.9833258243781452,0.983
322,367,34.0,60.974794721709586,3.2465633671976344e-09,-8.488576116045286,0.14788230072649305,0.998476877871425,0.9844761135039781,0.984
324,369,34.0,61.76261520078671,3.882268709541477e-09,-8.410914408403512,0.15436318305223282,0.9984110266718554,0.9854839584378384,0.985
326,372,34.0,62.78525480027089,4.865881169040588e-09,-8.31283850129507,0.16244033447944112,0.9983007024948423,0.986005334318209,0.986
331,378,34.0,65.0727126654487,7.899223187767997e-09,-8.102415615273305,0.18089418029133317,0.9983557184882437,0.9871524420660591,0.987
337,386,34.0,68.04501406474317,1.4214647487556966e-08,-7.8472639060127305,0.20498545265815055,0.9984329101026042,0.9882006980665681,0.988
341,391,34.0,69.97699575500663,2.035212320675511e-08,-7.691390276911598,0.22077919734282236,0.9984095316745017,0.9891955270302415,0.989
345,396,34.0,71.99136100138281,2.907376921315622e-08,-7.536498661302818,0.23657803116676016,0.9984487286556006,0.990037688870719,0.99
349,401,34.0,74.04928583556068,4.112388184451673e-08,-7.385905897318153,0.2522825083699663,0.9983485365300522,0.9911226534737143,0.991
353,406,34.0,76.07933961158729,5.697215468801494e-08,-7.244337355206836,0.2681020693997763,0.9981404125662738,0.9922268319531169,0.992
358,413,34.0,78.93435495167067,8.789847148385083e-08,-7.056018677052518,0.2886753961414198,0.9979863951243555,0.9930328070251094,0.993
371,429,34.0,85.82007774824449,2.2578646678397786e-07,-6.646302092425123,0.33889422465581237,0.9983292054183381,0.9940342569097037,0.994
384,446,34.0,92.7887307960665,5.172949206559413e-07,-6.286261785928684,0.38995432819945547,0.9984468306618326,0.9951061026549447,0.995
391,455,34.0,96.66897160893059,7.84116457235378e-07,-6.105619430965205,0.41564808157227945,0.9982269588289587,0.9960117348004125,0.996
9,45,35.0,39.48664210782772,4.652698774050591e-08,-7.3322950637363125,9.78622509586725e-05,0.9144285231674133,0.9576487881699126,0.9
9,45,35.0,39.48664210782772,4.652698774050591e-08,-7.3322950637363125,9.78622509586725e-05,0.9144285231674133,0.9576487881699126,0.901
9,45,35.0,39.48664210782772,4.652698774050591e-08,-7.3322950637363125,9.78622509586725e-05,0.9144285231674133,0.9576487881699126,0.902
9,45,35.0,39.48664210782772,4.652698774050591e-08,-7.3322950637363125,9.78622509586725e-05,0.9144285231674133,0.9576487881699126,0.903
9,45,35.0,39.48664210782772,4.652698774050591e-08,-7.3322950637363125,9.78622509586725e-05,0.9144285231674133,0.9576487881699126,0.904
9,45,35.0,39.48664210782772,4.652698774050591e-08,-7.3322950637363125,9.78622509586725e-05,0.9144285231674133,0.9576487881699126,0.905
9,45,35.0,39.48664210782772,4.652698774050591e-08,-7.3322950637363125,9.78622509586725e-05,0.9144285231674133,0.9576487881699126,0.906
9,45,35.0,39.48664210782772,4.652698774050591e-08,-7.3322950637363125,9.78622509586725e-05,0.9144285231674133,0.9576487881699126,0.907
9,45,35.0,39.48664210782772,4.652698774050591e-08,-7.3322950637363125,9.78622509586725e-05,0.9144285231674133,0.9576487881699126,0.908
9,45,35.0,39.48664210782772,4.652698774050591e-08,-7.3322950637363125,9.78622509586725e-05,0.9144285231674133,0.9576487881699126,0.909
9,45,35.0,39.48664210782772,4.652698774050591e-08,-7.3322950637363125,9.78622509586725e-05,0.9144285231674133,0.9576487881699126,0.91
9,45,35.0,39.48664210782772,4.652698774050591e-08,-7.3322950637363125,9.78622509586725e-05,0.9144285231674133,0.9576487881699126,0.911
9,45,35.0,39.48664210782772,4.652698774050591e-08,-7.3322950637363125,9.78622509586725e-05,0.9144285231674133,0.9576487881699126,0.912
9,45,35.0,39.48664210782772,4.652698774050591e-08,-7.3322950637363125,9.78622509586725e-05,0.9144285231674133,0.9576487881699126,0.913
9,45,35.0,39.48664210782772,4.652698774050591e-08,-7.3322950637363125,9.78622509586725e-05,0.9144285231674133,0.9576487881699126,0.914
10,46,35.0,41.7365680517007,5.694898241904836e-08,-7.2445140316154415,9.840608878030873e-05,0.91777334172124,0.9588521003554606,0.915
10,46,35.0,41.7365680517007,5.694898241904836e-08,-7.2445140316154415,9.840608878030873e-05,0.91777334172124,0.9588521003554606,0.916
10,46,35.0,41.7365680517007,5.694898241904836e-08,-7.2445140316154415,9.840608878030873e-05,0.91777334172124,0.9588521003554606,0.917
11,47,35.0,43.533552916191034,6.629593793000216e-08,-7.178513080775165,0.00010092016425662534,0.9228388552967899,0.9567848027902238,0.918
11,47,35.0,43.533552916191034,6.629593793000216e-08,-7.178513080775165,0.00010092016425662534,0.9228388552967899,0.9567848027902238,0.919
11,47,35.0,43.533552916191034,6.629593793000216e-08,-7.178513080775165,0.00010092016425662534,0.9228388552967899,0.9567848027902238,0.92
11,47,35.0,43.533552916191034,6.629593793000216e-08,-7.178513080775165,0.00010092016425662534,0.9228388552967899,0.9567848027902238,0.921
11,47,35.0,43.533552916191034,6.629593793000216e-08,-7.178513080775165,0.00010092016425662534,0.9228388552967899,0.9567848027902238,0.922
12,48,35.0,46.68475158186426,8.478128562303836e-08,-7.071700002078272,0.00010238154897959042,0.9570606242266628,0.9539765320477169,0.923
12,48,35.0,46.68475158186426,8.478128562303836e-08,-7.071700002078272,0.00010238154897959042,0.9570606242266628,0.9539765320477169,0.924
12,48,35.0,46.68475158186426,8.478128562303836e-08,-7.071700002078272,0.00010238154897959042,0.9570606242266628,0.9539765320477169,0.925
12,48,35.0,46.68475158186426,8.478128562303836e-08,-7.071700002078272,0.00010238154897959042,0.9570606242266628,0.9539765320477169,0.926
12,48,35.0,46.68475158186426,8.478128562303836e-08,-7.071700002078272,0.00010238154897959042,0.9570606242266628,0.9539765320477169,0.927
12,48,35.0,46.68475158186426,8.478128562303836e-08,-7.071700002078272,0.00010238154897959042,0.9570606242266628,0.9539765320477169,0.928
12,48,35.0,46.68475158186426,8.478128562303836e-08,-7.071700002078272,0.00010238154897959042,0.9570606242266628,0.9539765320477169,0.929
12,48,35.0,46.68475158186426,8.478128562303836e-08,-7.071700002078272,0.00010238154897959042,0.9570606242266628,0.9539765320477169,0.93
12,48,35.0,46.68475158186426,8.478128562303836e-08,-7.071700002078272,0.00010238154897959042,0.9570606242266628,0.9539765320477169,0.931
12,48,35.0,46.68475158186426,8.478128562303836e-08,-7.071700002078272,0.00010238154897959042,0.9570606242266628,0.9539765320477169,0.932
12,48,35.0,46.68475158186426,8.478128562303836e-08,-7.071700002078272,0.00010238154897959042,0.9570606242266628,0.9539765320477169,0.933
12,48,35.0,46.68475158186426,8.478128562303836e-08,-7.071700002078272,0.00010238154897959042,0.9570606242266628,0.9539765320477169,0.934
12,48,35.0,46.68475158186426,8.478128562303836e-08,-7.071700002078272,0.00010238154897959042,0.9570606242266628,0.9539765320477169,0.935
12,48,35.0,46.68475158186426,8.478128562303836e-08,-7.071700002078272,0.00010238154897959042,0.9570606242266628,0.9539765320477169,0.936
12,48,35.0,46.68475158186426,8.478128562303836e-08,-7.071700002078272,0.00010238154897959042,0.9570606242266628,0.9539765320477169,0.937
12,48,35.0,46.68475158186426,8.478128562303836e-08,-7.071700002078272,0.00010238154897959042,0.9570606242266628,0.9539765320477169,0.9380000000000001
12,48,35.0,46.68475158186426,8.478128562303836e-08,-7.071700002078272,0.00010238154897959042,0.9570606242266628,0.9539765320477169,0.9390000000000001
12,48,35.0,46.68475158186426,8.478128562303836e-08,-7.071700002078272,0.00010238154897959042,0.9570606242266628,0.9539765320477169,0.9400000000000001
12,48,35.0,46.68475158186426,8.478128562303836e-08,-7.071700002078272,0.00010238154897959042,0.9570606242266628,0.9539765320477169,0.9410000000000001
12,48,35.0,46.68475158186426,8.478128562303836e-08,-7.071700002078272,0.00010238154897959042,0.9570606242266628,0.9539765320477169,0.9420000000000001
12,48,35.0,46.68475158186426,8.478128562303836e-08,-7.071700002078272,0.00010238154897959042,0.9570606242266628,0.9539765320477169,0.9430000000000001
12,48,35.0,46.68475158186426,8.478128562303836e-08,-7.071700002078272,0.00010238154897959042,0.9570606242266628,0.9539765320477169,0.9440000000000001
12,48,35.0,46.68475158186426,8.478128562303836e-08,-7.071700002078272,0.00010238154897959042,0.9570606242266628,0.9539765320477169,0.9450000000000001
12,48,35.0,46.68475158186426,8.478128562303836e-08,-7.071700002078272,0.00010238154897959042,0.9570606242266628,0.9539765320477169,0.9460000000000001
12,48,35.0,46.68475158186426,8.478128562303836e-08,-7.071700002078272,0.00010238154897959042,0.9570606242266628,0.9539765320477169,0.9470000000000001
12,48,35.0,46.68475158186426,8.478128562303836e-08,-7.071700002078272,0.00010238154897959042,0.9570606242266628,0.9539765320477169,0.9480000000000001
12,48,35.0,46.68475158186426,8.478128562303836e-08,-7.071700002078272,0.00010238154897959042,0.9570606242266628,0.9539765320477169,0.9490000000000001
12,48,35.0,46.68475158186426,8.478128562303836e-08,-7.071700002078272,0.00010238154897959042,0.9570606242266628,0.9539765320477169,0.9500000000000001
12,48,35.0,46.68475158186426,8.478128562303836e-08,-7.071700002078272,0.00010238154897959042,0.9570606242266628,0.9539765320477169,0.9510000000000001
12,48,35.0,46.68475158186426,8.478128562303836e-08,-7.071700002078272,0.00010238154897959042,0.9570606242266628,0.9539765320477169,0.9520000000000001
12,48,35.0,46.68475158186426,8.478128562303836e-08,-7.071700002078272,0.00010238154897959042,0.9570606242266628,0.9539765320477169,0.9530000000000001
13,49,35.0,47.55601294307014,8.994993770885416e-08,-7.045999133071184,0.00010514500185337445,0.9558297848838601,0.9567464044472904,0.9540000000000001
13,49,35.0,47.55601294307014,8.994993770885416e-08,-7.045999133071184,0.00010514500185337445,0.9558297848838601,0.9567464044472904,0.9550000000000001
15,51,35.0,46.86452457378134,8.503103553150614e-08,-7.070422531932735,0.00011618255987518385,0.960589053928286,0.9599449858036552,0.9560000000000001
15,51,35.0,46.86452457378134,8.503103553150614e-08,-7.070422531932735,0.00011618255987518385,0.960589053928286,0.9599449858036552,0.9570000000000001
15,51,35.0,46.86452457378134,8.503103553150614e-08,-7.070422531932735,0.00011618255987518385,0.960589053928286,0.9599449858036552,0.9580000000000001
15,51,35.0,46.86452457378134,8.503103553150614e-08,-7.070422531932735,0.00011618255987518385,0.960589053928286,0.9599449858036552,0.9590000000000001
16,52,35.0,46.1491847152981,8.002389926873406e-08,-7.096780290877083,0.00012198508912193526,0.966804476934051,0.9682111999394127,0.96
16,52,35.0,46.1491847152981,8.002389926873406e-08,-7.096780290877083,0.00012198508912193526,0.966804476934051,0.9682111999394127,0.9610000000000001
16,52,35.0,46.1491847152981,8.002389926873406e-08,-7.096780290877083,0.00012198508912193526,0.966804476934051,0.9682111999394127,0.962
16,52,35.0,46.1491847152981,8.002389926873406e-08,-7.096780290877083,0.00012198508912193526,0.966804476934051,0.9682111999394127,0.9630000000000001
16,52,35.0,46.1491847152981,8.002389926873406e-08,-7.096780290877083,0.00012198508912193526,0.966804476934051,0.9682111999394127,0.964
16,52,35.0,46.1491847152981,8.002389926873406e-08,-7.096780290877083,0.00012198508912193526,0.966804476934051,0.9682111999394127,0.9650000000000001
16,52,35.0,46.1491847152981,8.002389926873406e-08,-7.096780290877083,0.00012198508912193526,0.966804476934051,0.9682111999394127,0.966
17,53,35.0,47.99745759798605,9.176302478480213e-08,-7.03733227922081,0.00012346802950079369,0.9709503652036013,0.9692080562507045,0.9670000000000001
17,53,35.0,47.99745759798605,9.176302478480213e-08,-7.03733227922081,0.00012346802950079369,0.9709503652036013,0.9692080562507045,0.968
17,53,35.0,47.99745759798605,9.176302478480213e-08,-7.03733227922081,0.00012346802950079369,0.9709503652036013,0.9692080562507045,0.9690000000000001
21,57,35.0,52.04044921164473,1.2018641629367216e-07,-6.92014461438042,0.00013618986876670958,0.9731789155421378,0.9717277000390515,0.97
21,57,35.0,52.04044921164473,1.2018641629367216e-07,-6.92014461438042,0.00013618986876670958,0.9731789155421378,0.9717277000390515,0.9710000000000001
22,58,35.0,51.86262684282143,1.1835683341625754e-07,-6.926806662709128,0.00014174119513054136,0.9739568631948385,0.9750201970541391,0.972
22,58,35.0,51.86262684282143,1.1835683341625754e-07,-6.926806662709128,0.00014174119513054136,0.9739568631948385,0.9750201970541391,0.973
302,344,35.0,53.45926470712162,4.75822520598942e-10,-9.322555006728367,0.08531524442615374,0.9990833022895771,0.974004690635476,0.974
304,346,35.0,54.05503903578449,5.628351133439554e-10,-9.249618816255365,0.09047850391041255,0.9990147181652546,0.9754698799835001,0.975
305,347,35.0,54.3694611931522,6.143212149031544e-10,-9.211604486542258,0.09311847829337883,0.9990005795377248,0.9761108501623922,0.976
309,352,35.0,55.75574163667001,8.946826108598415e-10,-9.04833100356539,0.10565479906245125,0.9989246714788556,0.9775580717434044,0.977
311,355,35.0,56.59937211566128,1.1160110920884305e-09,-8.952331488903047,0.11280778981969035,0.998783823505292,0.978428799077729,0.978
312,356,35.0,56.960641378540984,1.2252120630836065e-09,-8.911788735906557,0.1157078343342226,0.9987559303899493,0.9791279565201956,0.979
314,358,35.0,57.69012133601384,1.475105135255279e-09,-8.831177025086475,0.12162833506058097,0.9987251879165581,0.9803639338387267,0.98
317,362,35.0,58.991066179204466,2.0330486879443055e-09,-8.691852220647572,0.13223089179078978,0.9985944075491041,0.9816596884963092,0.981
318,363,35.0,59.3767935527601,2.231255704609357e-09,-8.651450656189805,0.13531038465745804,0.9985527208047442,0.9823115636569049,0.982
320,366,35.0,60.37381707887109,2.8229219744133253e-09,-8.549301125590254,0.14302528089602062,0.9984362429241324,0.9830328365773459,0.983
323,370,35.0,61.743091003319755,3.8598019686624975e-09,-8.41343497670735,0.15421620895812152,0.998299129403296,0.984143810306727,0.984
325,372,35.0,62.56019246162231,4.62841594392602e-09,-8.334567619029993,0.16073264581103927,0.9982492398063811,0.9851433375788882,0.985
329,377,35.0,64.40910430212008,6.877939600153951e-09,-8.162541642331252,0.1757278985652051,0.9982479422339996,0.9861369866237734,0.986
335,385,35.0,67.36479974760017,1.2463966517272377e-08,-7.9043437263421925,0.19966186144694334,0.9983306777643949,0.9872535903582599,0.987
339,390,35.0,69.29014308025013,1.7935372362647354e-08,-7.746289602352147,0.21539495230291586,0.9983475831956703,0.988235951178417,0.988
343,395,35.0,71.26853251223699,2.561136280331952e-08,-7.591567311722329,0.2311818479793363,0.9983159968914471,0.9892907519526911,0.989
347,400,35.0,73.34913738769603,3.658991879648387e-08,-7.436638554336243,0.24681445879414618,0.9982975988604936,0.9903113767211172,0.99
350,404,35.0,74.90774410605695,4.725138091696443e-08,-7.32558549475569,0.2591360629021015,0.9981810396583982,0.9910605187909237,0.991
353,408,35.0,76.55345343958275,6.12838769504649e-08,-7.212653768099115,0.2711260623077004,0.9979447767658358,0.9920020560350375,0.992
360,417,35.0,80.31363420648373,1.072930541927416e-07,-6.969428391952061,0.29889231968235075,0.9978769398444572,0.9930701539525255,0.993
377,439,35.0,89.4791247886031,3.5363804883552266e-07,-6.451441014274556,0.36613321592293757,0.9983924596133101,0.9941291959382486,0.994
385,449,35.0,93.7317013986066,5.735914382186681e-07,-6.241397339840498,0.39615889595036036,0.998311622781398,0.9951320696382674,0.995
392,458,35.0,97.63375078927454,8.651719491135424e-07,-6.062897569841694,0.4215879183796554,0.9980684909711977,0.9960559997380012,0.996
6,43,36.0,35.31989503158661,3.014185487248852e-08,-7.520830025541641,9.310370539598727e-05,0.9007563183182741,0.9548372125367387,0.9
9,46,36.0,40.17574615466502,4.9190833132354334e-08,-7.308115821845627,9.803682500420945e-05,0.9150978770289224,0.9609872897543019,0.901
9,46,36.0,40.17574615466502,4.9190833132354334e-08,-7.308115821845627,9.803682500420945e-05,0.9150978770289224,0.9609872897543019,0.902
9,46,36.0,40.17574615466502,4.9190833132354334e-08,-7.308115821845627,9.803682500420945e-05,0.9150978770289224,0.9609872897543019,0.903
9,46,36.0,40.17574615466502,4.9190833132354334e-08,-7.308115821845627,9.803682500420945e-05,0.9150978770289224,0.9609872897543019,0.904
9,46,36.0,40.17574615466502,4.9190833132354334e-08,-7.308115821845627,9.803682500420945e-05,0.9150978770289224,0.9609872897543019,0.905
9,46,36.0,40.17574615466502,4.9190833132354334e-08,-7.308115821845627,9.803682500420945e-05,0.9150978770289224,0.9609872897543019,0.906
9,46,36.0,40.17574615466502,4.9190833132354334e-08,-7.308115821845627,9.803682500420945e-05,0.9150978770289224,0.9609872897543019,0.907
9,46,36.0,40.17574615466502,4.9190833132354334e-08,-7.308115821845627,9.803682500420945e-05,0.9150978770289224,0.9609872897543019,0.908
9,46,36.0,40.17574615466502,4.9190833132354334e-08,-7.308115821845627,9.803682500420945e-05,0.9150978770289224,0.9609872897543019,0.909
9,46,36.0,40.17574615466502,4.9190833132354334e-08,-7.308115821845627,9.803682500420945e-05,0.9150978770289224,0.9609872897543019,0.91
9,46,36.0,40.17574615466502,4.9190833132354334e-08,-7.308115821845627,9.803682500420945e-05,0.9150978770289224,0.9609872897543019,0.911
9,46,36.0,40.17574615466502,4.9190833132354334e-08,-7.308115821845627,9.803682500420945e-05,0.9150978770289224,0.9609872897543019,0.912
9,46,36.0,40.17574615466502,4.9190833132354334e-08,-7.308115821845627,9.803682500420945e-05,0.9150978770289224,0.9609872897543019,0.913
9,46,36.0,40.17574615466502,4.9190833132354334e-08,-7.308115821845627,9.803682500420945e-05,0.9150978770289224,0.9609872897543019,0.914
9,46,36.0,40.17574615466502,4.9190833132354334e-08,-7.308115821845627,9.803682500420945e-05,0.9150978770289224,0.9609872897543019,0.915
10,47,36.0,42.0923882615163,5.8473962458158406e-08,-7.233037475422087,0.00010046423605323142,0.921843962286983,0.9588915092795093,0.916
10,47,36.0,42.0923882615163,5.8473962458158406e-08,-7.233037475422087,0.00010046423605323142,0.921843962286983,0.9588915092795093,0.917
10,47,36.0,42.0923882615163,5.8473962458158406e-08,-7.233037475422087,0.00010046423605323142,0.921843962286983,0.9588915092795093,0.918
10,47,36.0,42.0923882615163,5.8473962458158406e-08,-7.233037475422087,0.00010046423605323142,0.921843962286983,0.9588915092795093,0.919
10,47,36.0,42.0923882615163,5.8473962458158406e-08,-7.233037475422087,0.00010046423605323142,0.921843962286983,0.9588915092795093,0.92
10,47,36.0,42.0923882615163,5.8473962458158406e-08,-7.233037475422087,0.00010046423605323142,0.921843962286983,0.9588915092795093,0.921
11,48,36.0,43.86992395267686,6.786455024450719e-08,-7.168357024740561,0.00010294679645556422,0.9268667279114995,0.9573640592702076,0.922
11,48,36.0,43.86992395267686,6.786455024450719e-08,-7.168357024740561,0.00010294679645556422,0.9268667279114995,0.9573640592702076,0.923
11,48,36.0,43.86992395267686,6.786455024450719e-08,-7.168357024740561,0.00010294679645556422,0.9268667279114995,0.9573640592702076,0.924
11,48,36.0,43.86992395267686,6.786455024450719e-08,-7.168357024740561,0.00010294679645556422,0.9268667279114995,0.9573640592702076,0.925
11,48,36.0,43.86992395267686,6.786455024450719e-08,-7.168357024740561,0.00010294679645556422,0.9268667279114995,0.9573640592702076,0.926
12,49,36.0,47.08226544166062,8.687788113200382e-08,-7.0610907796509474,0.00010371388995211969,0.9588860824487929,0.9566586943967534,0.927
12,49,36.0,47.08226544166062,8.687788113200382e-08,-7.0610907796509474,0.00010371388995211969,0.9588860824487929,0.9566586943967534,0.928
12,49,36.0,47.08226544166062,8.687788113200382e-08,-7.0610907796509474,0.00010371388995211969,0.9588860824487929,0.9566586943967534,0.929
12,49,36.0,47.08226544166062,8.687788113200382e-08,-7.0610907796509474,0.00010371388995211969,0.9588860824487929,0.9566586943967534,0.93
12,49,36.0,47.08226544166062,8.687788113200382e-08,-7.0610907796509474,0.00010371388995211969,0.9588860824487929,0.9566586943967534,0.931
12,49,36.0,47.08226544166062,8.687788113200382e-08,-7.0610907796509474,0.00010371388995211969,0.9588860824487929,0.9566586943967534,0.932
12,49,36.0,47.08226544166062,8.687788113200382e-08,-7.0610907796509474,0.00010371388995211969,0.9588860824487929,0.9566586943967534,0.933
12,49,36.0,47.08226544166062,8.687788113200382e-08,-7.0610907796509474,0.00010371388995211969,0.9588860824487929,0.9566586943967534,0.934
12,49,36.0,47.08226544166062,8.687788113200382e-08,-7.0610907796509474,0.00010371388995211969,0.9588860824487929,0.9566586943967534,0.935
12,49,36.0,47.08226544166062,8.687788113200382e-08,-7.0610907796509474,0.00010371388995211969,0.9588860824487929,0.9566586943967534,0.936
12,49,36.0,47.08226544166062,8.687788113200382e-08,-7.0610907796509474,0.00010371388995211969,0.9588860824487929,0.9566586943967534,0.937
12,49,36.0,47.08226544166062,8.687788113200382e-08,-7.0610907796509474,0.00010371388995211969,0.9588860824487929,0.9566586943967534,0.9380000000000001
12,49,36.0,47.08226544166062,8.687788113200382e-08,-7.0610907796509474,0.00010371388995211969,0.9588860824487929,0.9566586943967534,0.9390000000000001
12,49,36.0,47.08226544166062,8.687788113200382e-08,-7.0610907796509474,0.00010371388995211969,0.9588860824487929,0.9566586943967534,0.9400000000000001
12,49,36.0,47.08226544166062,8.687788113200382e-08,-7.0610907796509474,0.00010371388995211969,0.9588860824487929,0.9566586943967534,0.9410000000000001
12,49,36.0,47.08226544166062,8.687788113200382e-08,-7.0610907796509474,0.00010371388995211969,0.9588860824487929,0.9566586943967534,0.9420000000000001
12,49,36.0,47.08226544166062,8.687788113200382e-08,-7.0610907796509474,0.00010371388995211969,0.9588860824487929,0.9566586943967534,0.9430000000000001
12,49,36.0,47.08226544166062,8.687788113200382e-08,-7.0610907796509474,0.00010371388995211969,0.9588860824487929,0.9566586943967534,0.9440000000000001
12,49,36.0,47.08226544166062,8.687788113200382e-08,-7.0610907796509474,0.00010371388995211969,0.9588860824487929,0.9566586943967534,0.9450000000000001
12,49,36.0,47.08226544166062,8.687788113200382e-08,-7.0610907796509474,0.00010371388995211969,0.9588860824487929,0.9566586943967534,0.9460000000000001
12,49,36.0,47.08226544166062,8.687788113200382e-08,-7.0610907796509474,0.00010371388995211969,0.9588860824487929,0.9566586943967534,0.9470000000000001
12,49,36.0,47.08226544166062,8.687788113200382e-08,-7.0610907796509474,0.00010371388995211969,0.9588860824487929,0.9566586943967534,0.9480000000000001
12,49,36.0,47.08226544166062,8.687788113200382e-08,-7.0610907796509474,0.00010371388995211969,0.9588860824487929,0.9566586943967534,0.9490000000000001
12,49,36.0,47.08226544166062,8.687788113200382e-08,-7.0610907796509474,0.00010371388995211969,0.9588860824487929,0.9566586943967534,0.9500000000000001
12,49,36.0,47.08226544166062,8.687788113200382e-08,-7.0610907796509474,0.00010371388995211969,0.9588860824487929,0.9566586943967534,0.9510000000000001
12,49,36.0,47.08226544166062,8.687788113200382e-08,-7.0610907796509474,0.00010371388995211969,0.9588860824487929,0.9566586943967534,0.9520000000000001
12,49,36.0,47.08226544166062,8.687788113200382e-08,-7.0610907796509474,0.00010371388995211969,0.9588860824487929,0.9566586943967534,0.9530000000000001
12,49,36.0,47.08226544166062,8.687788113200382e-08,-7.0610907796509474,0.00010371388995211969,0.9588860824487929,0.9566586943967534,0.9540000000000001
12,49,36.0,47.08226544166062,8.687788113200382e-08,-7.0610907796509474,0.00010371388995211969,0.9588860824487929,0.9566586943967534,0.9550000000000001
12,49,36.0,47.08226544166062,8.687788113200382e-08,-7.0610907796509474,0.00010371388995211969,0.9588860824487929,0.9566586943967534,0.9560000000000001
13,50,36.0,47.8964165264047,9.181576250530615e-08,-7.037082754730849,0.0001067972135783669,0.9580629557201632,0.9585897109060695,0.9570000000000001
13,50,36.0,47.8964165264047,9.181576250530615e-08,-7.037082754730849,0.0001067972135783669,0.9580629557201632,0.9585897109060695,0.9580000000000001
15,52,36.0,47.17429363337856,8.67395874060319e-08,-7.061782647989768,0.000118338488600302,0.9626490291685865,0.9606773159233811,0.9590000000000001
15,52,36.0,47.17429363337856,8.67395874060319e-08,-7.061782647989768,0.000118338488600302,0.9626490291685865,0.9606773159233811,0.96
16,53,36.0,46.72905444032954,8.318962321863784e-08,-7.079930842698954,0.00012281269311079622,0.9668687683017317,0.9704483494338585,0.9610000000000001
16,53,36.0,46.72905444032954,8.318962321863784e-08,-7.079930842698954,0.00012281269311079622,0.9668687683017317,0.9704483494338585,0.962
16,53,36.0,46.72905444032954,8.318962321863784e-08,-7.079930842698954,0.00012281269311079622,0.9668687683017317,0.9704483494338585,0.9630000000000001
16,53,36.0,46.72905444032954,8.318962321863784e-08,-7.079930842698954,0.00012281269311079622,0.9668687683017317,0.9704483494338585,0.964
16,53,36.0,46.72905444032954,8.318962321863784e-08,-7.079930842698954,0.00012281269311079622,0.9668687683017317,0.9704483494338585,0.9650000000000001
16,53,36.0,46.72905444032954,8.318962321863784e-08,-7.079930842698954,0.00012281269311079622,0.9668687683017317,0.9704483494338585,0.966
17,54,36.0,48.39228954782259,9.407830220434673e-08,-7.026510528746007,0.00012530766736552359,0.9720045552774453,0.9699256926128805,0.9670000000000001
17,54,36.0,48.39228954782259,9.407830220434673e-08,-7.026510528746007,0.00012530766736552359,0.9720045552774453,0.9699256926128805,0.968
17,54,36.0,48.39228954782259,9.407830220434673e-08,-7.026510528746007,0.00012530766736552359,0.9720045552774453,0.9699256926128805,0.9690000000000001
20,57,36.0,51.58474572709739,1.165171299296693e-07,-6.933610221530284,0.00013455145070734813,0.9748145167139669,0.9714344388906289,0.97
20,57,36.0,51.58474572709739,1.165171299296693e-07,-6.933610221530284,0.00013455145070734813,0.9748145167139669,0.9714344388906289,0.9710000000000001
26,63,36.0,56.77637883448633,1.6009692683086238e-07,-6.795617004577941,0.00015825902537687332,0.9815030785740028,0.9731927532537532,0.972
26,63,36.0,56.77637883448633,1.6009692683086238e-07,-6.795617004577941,0.00015825902537687332,0.9815030785740028,0.9731927532537532,0.973
305,349,36.0,54.656100067919404,6.639604665800914e-10,-9.177857778549525,0.09586875049535182,0.998912884927657,0.9744531874164324,0.974
307,351,36.0,55.27705345315468,7.863859261530476e-10,-9.104364267618399,0.10140680851501531,0.9989097542027087,0.9755946304672433,0.975
308,352,36.0,55.59577067248267,8.56715399430586e-10,-9.067163426600239,0.10422572119416379,0.9988996244438437,0.9762137280647372,0.976
310,355,36.0,56.42350933397454,1.0652670854167962e-09,-8.97254149158634,0.11133722917231355,0.9987472655542003,0.9771557647285974,0.977
312,357,36.0,57.13311709387049,1.2796447356625852e-09,-8.892910585630915,0.11714792026480461,0.9986826792422353,0.9785948138864735,0.978
314,360,36.0,58.03309032627967,1.6050764898762158e-09,-8.794504266474299,0.12458747940462712,0.9985914341804271,0.9792690273900674,0.979
316,362,36.0,58.788068101770904,1.933599900763003e-09,-8.713633384889443,0.13065268378035982,0.9985393304263029,0.9805789808482175,0.98
318,365,36.0,59.750118299355584,2.435516649026567e-09,-8.613408897274452,0.1383009355849243,0.998393438247249,0.9814268566410117,0.981
319,366,36.0,60.152266978478764,2.6781302916633336e-09,-8.5721682982822,0.14140882934354074,0.9983659505681484,0.9820486623449785,0.982
322,370,36.0,61.53762570927755,3.6825662843062816e-09,-8.433849427336824,0.15251852546149794,0.9982663101271614,0.9831580180454161,0.983
324,372,36.0,62.33942529400323,4.405348211622162e-09,-8.356019757987644,0.15902587061686055,0.9982011921960285,0.9842393977790426,0.984
327,376,36.0,63.762440082081525,5.9956615629887945e-09,-8.222162889745487,0.17058672597453942,0.9981593747753884,0.9850124658024602,0.985
333,384,36.0,66.67410951175111,1.0880861404072929e-08,-7.9633367215287505,0.19440538377793487,0.9982205459844999,0.9862313602444449,0.986
337,389,36.0,68.61016916713783,1.5790610777349327e-08,-7.801601071251847,0.2100073311285393,0.998259675275203,0.9872727728904778,0.987
340,393,36.0,70.12158015548768,2.0855743649214195e-08,-7.680774319987787,0.22223681133579426,0.9982190064874129,0.988064890159785,0.988
344,398,36.0,72.14112972299242,2.9781891633969413e-08,-7.526047720952412,0.23796638971594436,0.9981966730827556,0.9891561005779947,0.989
348,403,36.0,74.20765715973603,4.214032060350577e-08,-7.3753021646034815,0.25366754631265637,0.9981627749368173,0.9901862454432225,0.99
351,407,36.0,75.83541119541444,5.473162137426232e-08,-7.261761686089814,0.2656989230515677,0.9979368268092685,0.9911920591374261,0.991
356,414,36.0,78.61708153798564,8.373533613283954e-08,-7.077091231982867,0.2864962476039085,0.9978044099139521,0.9920553187108936,0.992
364,424,36.0,82.83329645965131,1.5224484953425574e-07,-6.8174573906930345,0.31786206732746913,0.9979015794456702,0.9930085466309768,0.993
378,442,36.0,90.34935235734322,3.9146301496838245e-07,-6.407309263373343,0.37276907280622107,0.9983102468999377,0.9940459682846876,0.994
385,451,36.0,94.17946920241116,6.018074672189534e-07,-6.22054242784242,0.3990694142124546,0.9981809202082788,0.9950045739182904,0.995
393,461,36.0,98.59371591245024,9.525437653956901e-07,-6.0211150611818,0.42750618081149594,0.9979259122392417,0.9960723685131628,0.996
6,44,37.0,35.72133581658111,3.133521503616342e-08,-7.503967320632153,9.511326935745353e-05,0.904503273760458,0.9548494712679678,0.9
6,44,37.0,35.72133581658111,3.133521503616342e-08,-7.503967320632153,9.511326935745353e-05,0.904503273760458,0.9548494712679678,0.901
6,44,37.0,35.72133581658111,3.133521503616342e-08,-7.503967320632153,9.511326935745353e-05,0.904503273760458,0.9548494712679678,0.902
6,44,37.0,35.72133581658111,3.133521503616342e-08,-7.503967320632153,9.511326935745353e-05,0.904503273760458,0.9548494712679678,0.903
6,44,37.0,35.72133581658111,3.133521503616342e-08,-7.503967320632153,9.511326935745353e-05,0.904503273760458,0.9548494712679678,0.904
9,47,37.0,40.566705670489796,5.07360655043708e-08,-7.294683214607265,0.0001000202141964976,0.9187338036387807,0.9607933833517789,0.905
9,47,37.0,40.566705670489796,5.07360655043708e-08,-7.294683214607265,0.0001000202141964976,0.9187338036387807,0.9607933833517789,0.906
9,47,37.0,40.566705670489796,5.07360655043708e-08,-7.294683214607265,0.0001000202141964976,0.9187338036387807,0.9607933833517789,0.907
9,47,37.0,40.566705670489796,5.07360655043708e-08,-7.294683214607265,0.0001000202141964976,0.9187338036387807,0.9607933833517789,0.908
9,47,37.0,40.566705670489796,5.07360655043708e-08,-7.294683214607265,0.0001000202141964976,0.9187338036387807,0.9607933833517789,0.909
9,47,37.0,40.566705670489796,5.07360655043708e-08,-7.294683214607265,0.0001000202141964976,0.9187338036387807,0.9607933833517789,0.91
9,47,37.0,40.566705670489796,5.07360655043708e-08,-7.294683214607265,0.0001000202141964976,0.9187338036387807,0.9607933833517789,0.911
9,47,37.0,40.566705670489796,5.07360655043708e-08,-7.294683214607265,0.0001000202141964976,0.9187338036387807,0.9607933833517789,0.912
9,47,37.0,40.566705670489796,5.07360655043708e-08,-7.294683214607265,0.0001000202141964976,0.9187338036387807,0.9607933833517789,0.913
9,47,37.0,40.566705670489796,5.07360655043708e-08,-7.294683214607265,0.0001000202141964976,0.9187338036387807,0.9607933833517789,0.914
9,47,37.0,40.566705670489796,5.07360655043708e-08,-7.294683214607265,0.0001000202141964976,0.9187338036387807,0.9607933833517789,0.915
9,47,37.0,40.566705670489796,5.07360655043708e-08,-7.294683214607265,0.0001000202141964976,0.9187338036387807,0.9607933833517789,0.916
9,47,37.0,40.566705670489796,5.07360655043708e-08,-7.294683214607265,0.0001000202141964976,0.9187338036387807,0.9607933833517789,0.917
9,47,37.0,40.566705670489796,5.07360655043708e-08,-7.294683214607265,0.0001000202141964976,0.9187338036387807,0.9607933833517789,0.918
10,48,37.0,42.46313015795638,6.008760361111182e-08,-7.221215115993809,0.00010242122936014837,0.9254315487698705,0.9592100437414446,0.919
10,48,37.0,42.46313015795638,6.008760361111182e-08,-7.221215115993809,0.00010242122936014837,0.9254315487698705,0.9592100437414446,0.92
10,48,37.0,42.46313015795638,6.008760361111182e-08,-7.221215115993809,0.00010242122936014837,0.9254315487698705,0.9592100437414446,0.921
10,48,37.0,42.46313015795638,6.008760361111182e-08,-7.221215115993809,0.00010242122936014837,0.9254315487698705,0.9592100437414446,0.922
10,48,37.0,42.46313015795638,6.008760361111182e-08,-7.221215115993809,0.00010242122936014837,0.9254315487698705,0.9592100437414446,0.923
10,48,37.0,42.46313015795638,6.008760361111182e-08,-7.221215115993809,0.00010242122936014837,0.9254315487698705,0.9592100437414446,0.924
10,48,37.0,42.46313015795638,6.008760361111182e-08,-7.221215115993809,0.00010242122936014837,0.9254315487698705,0.9592100437414446,0.925
11,49,37.0,44.3407695438835,7.009404290455617e-08,-7.154318889930815,0.00010420666243601462,0.9295504149137807,0.9597063315207515,0.926
11,49,37.0,44.3407695438835,7.009404290455617e-08,-7.154318889930815,0.00010420666243601462,0.9295504149137807,0.9597063315207515,0.927
11,49,37.0,44.3407695438835,7.009404290455617e-08,-7.154318889930815,0.00010420666243601462,0.9295504149137807,0.9597063315207515,0.928
11,49,37.0,44.3407695438835,7.009404290455617e-08,-7.154318889930815,0.00010420666243601462,0.9295504149137807,0.9597063315207515,0.929
12,50,37.0,47.42305871685904,8.869801181279228e-08,-7.052086114874142,0.00010535900890103848,0.9608154289498191,0.9583161492726315,0.93
12,50,37.0,47.42305871685904,8.869801181279228e-08,-7.052086114874142,0.00010535900890103848,0.9608154289498191,0.9583161492726315,0.931
12,50,37.0,47.42305871685904,8.869801181279228e-08,-7.052086114874142,0.00010535900890103848,0.9608154289498191,0.9583161492726315,0.932
12,50,37.0,47.42305871685904,8.869801181279228e-08,-7.052086114874142,0.00010535900890103848,0.9608154289498191,0.9583161492726315,0.933
12,50,37.0,47.42305871685904,8.869801181279228e-08,-7.052086114874142,0.00010535900890103848,0.9608154289498191,0.9583161492726315,0.934
12,50,37.0,47.42305871685904,8.869801181279228e-08,-7.052086114874142,0.00010535900890103848,0.9608154289498191,0.9583161492726315,0.935
12,50,37.0,47.42305871685904,8.869801181279228e-08,-7.052086114874142,0.00010535900890103848,0.9608154289498191,0.9583161492726315,0.936
12,50,37.0,47.42305871685904,8.869801181279228e-08,-7.052086114874142,0.00010535900890103848,0.9608154289498191,0.9583161492726315,0.937
12,50,37.0,47.42305871685904,8.869801181279228e-08,-7.052086114874142,0.00010535900890103848,0.9608154289498191,0.9583161492726315,0.9380000000000001
12,50,37.0,47.42305871685904,8.869801181279228e-08,-7.052086114874142,0.00010535900890103848,0.9608154289498191,0.9583161492726315,0.9390000000000001
12,50,37.0,47.42305871685904,8.869801181279228e-08,-7.052086114874142,0.00010535900890103848,0.9608154289498191,0.9583161492726315,0.9400000000000001
12,50,37.0,47.42305871685904,8.869801181279228e-08,-7.052086114874142,0.00010535900890103848,0.9608154289498191,0.9583161492726315,0.9410000000000001
12,50,37.0,47.42305871685904,8.869801181279228e-08,-7.052086114874142,0.00010535900890103848,0.9608154289498191,0.9583161492726315,0.9420000000000001
12,50,37.0,47.42305871685904,8.869801181279228e-08,-7.052086114874142,0.00010535900890103848,0.9608154289498191,0.9583161492726315,0.9430000000000001
12,50,37.0,47.42305871685904,8.869801181279228e-08,-7.052086114874142,0.00010535900890103848,0.9608154289498191,0.9583161492726315,0.9440000000000001
12,50,37.0,47.42305871685904,8.869801181279228e-08,-7.052086114874142,0.00010535900890103848,0.9608154289498191,0.9583161492726315,0.9450000000000001
12,50,37.0,47.42305871685904,8.869801181279228e-08,-7.052086114874142,0.00010535900890103848,0.9608154289498191,0.9583161492726315,0.9460000000000001
12,50,37.0,47.42305871685904,8.869801181279228e-08,-7.052086114874142,0.00010535900890103848,0.9608154289498191,0.9583161492726315,0.9470000000000001
12,50,37.0,47.42305871685904,8.869801181279228e-08,-7.052086114874142,0.00010535900890103848,0.9608154289498191,0.9583161492726315,0.9480000000000001
12,50,37.0,47.42305871685904,8.869801181279228e-08,-7.052086114874142,0.00010535900890103848,0.9608154289498191,0.9583161492726315,0.9490000000000001
12,50,37.0,47.42305871685904,8.869801181279228e-08,-7.052086114874142,0.00010535900890103848,0.9608154289498191,0.9583161492726315,0.9500000000000001
12,50,37.0,47.42305871685904,8.869801181279228e-08,-7.052086114874142,0.00010535900890103848,0.9608154289498191,0.9583161492726315,0.9510000000000001
12,50,37.0,47.42305871685904,8.869801181279228e-08,-7.052086114874142,0.00010535900890103848,0.9608154289498191,0.9583161492726315,0.9520000000000001
12,50,37.0,47.42305871685904,8.869801181279228e-08,-7.052086114874142,0.00010535900890103848,0.9608154289498191,0.9583161492726315,0.9530000000000001
12,50,37.0,47.42305871685904,8.869801181279228e-08,-7.052086114874142,0.00010535900890103848,0.9608154289498191,0.9583161492726315,0.9540000000000001
12,50,37.0,47.42305871685904,8.869801181279228e-08,-7.052086114874142,0.00010535900890103848,0.9608154289498191,0.9583161492726315,0.9550000000000001
12,50,37.0,47.42305871685904,8.869801181279228e-08,-7.052086114874142,0.00010535900890103848,0.9608154289498191,0.9583161492726315,0.9560000000000001
12,50,37.0,47.42305871685904,8.869801181279228e-08,-7.052086114874142,0.00010535900890103848,0.9608154289498191,0.9583161492726315,0.9570000000000001
12,50,37.0,47.42305871685904,8.869801181279228e-08,-7.052086114874142,0.00010535900890103848,0.9608154289498191,0.9583161492726315,0.9580000000000001
15,53,37.0,47.69392419555547,8.964695182138822e-08,-7.047464472746046,0.00011930080502969026,0.9633306465325129,0.9633474840238012,0.9590000000000001
15,53,37.0,47.69392419555547,8.964695182138822e-08,-7.047464472746046,0.00011930080502969026,0.9633306465325129,0.9633474840238012,0.96
15,53,37.0,47.69392419555547,8.964695182138822e-08,-7.047464472746046,0.00011930080502969026,0.9633306465325129,0.9633474840238012,0.9610000000000001
15,53,37.0,47.69392419555547,8.964695182138822e-08,-7.047464472746046,0.00011930080502969026,0.9633306465325129,0.9633474840238012,0.962
15,53,37.0,47.69392419555547,8.964695182138822e-08,-7.047464472746046,0.00011930080502969026,0.9633306465325129,0.9633474840238012,0.9630000000000001
16,54,37.0,47.14825240031174,8.551753709286336e-08,-7.067944815310754,0.00012460379811406492,0.9678979749292412,0.9709806733532145,0.964
16,54,37.0,47.14825240031174,8.551753709286336e-08,-7.067944815310754,0.00012460379811406492,0.9678979749292412,0.9709806733532145,0.9650000000000001
16,54,37.0,47.14825240031174,8.551753709286336e-08,-7.067944815310754,0.00012460379811406492,0.9678979749292412,0.9709806733532145,0.966
16,54,37.0,47.14825240031174,8.551753709286336e-08,-7.067944815310754,0.00012460379811406492,0.9678979749292412,0.9709806733532145,0.9670000000000001
19,57,37.0,51.11238784740041,1.1278161727339825e-07,-6.9477616819778785,0.00013293524484574973,0.9761621745324821,0.9710407802126151,0.968
19,57,37.0,51.11238784740041,1.1278161727339825e-07,-6.9477616819778785,0.00013293524484574973,0.9761621745324821,0.9710407802126151,0.9690000000000001
19,57,37.0,51.11238784740041,1.1278161727339825e-07,-6.9477616819778785,0.00013293524484574973,0.9761621745324821,0.9710407802126151,0.97
19,57,37.0,51.11238784740041,1.1278161727339825e-07,-6.9477616819778785,0.00013293524484574973,0.9761621745324821,0.9710407802126151,0.9710000000000001
24,62,37.0,54.93593621479097,1.4325032499250043e-07,-6.843904384074084,0.00015342934689269386,0.9792773822684155,0.9729122635134915,0.972
26,64,37.0,57.26968204878367,1.6423167744524724e-07,-6.784543071255493,0.00015958389143293372,0.9817343214921626,0.9747184863689583,0.973
26,64,37.0,57.26968204878367,1.6423167744524724e-07,-6.784543071255493,0.00015958389143293372,0.9817343214921626,0.9747184863689583,0.974
309,355,37.0,56.2494019738227,1.0170470808685545e-09,-8.992658942369147,0.10987896802085756,0.9987106346394012,0.975837565423121,0.975
310,356,37.0,56.594925813371404,1.1130212523213465e-09,-8.95349654305274,0.11274991411302364,0.9986684125501668,0.9766274180714748,0.976
312,359,37.0,57.4720408102323,1.3928217002331178e-09,-8.85610447550784,0.12006260744165297,0.998544403945386,0.977462647053097,0.977
313,360,37.0,57.841490996024454,1.5288281817161979e-09,-8.815641320294338,0.12304849129078697,0.9985437699524291,0.9780763609929168,0.978
315,363,37.0,58.76796172261321,1.9210634794667954e-09,-8.716458284109338,0.13055260574405558,0.998394320433066,0.9790169275876294,0.979
317,365,37.0,59.54785909668616,2.319213630923433e-09,-8.634659245127432,0.13668758912734974,0.9983480300771621,0.9803307213279494,0.98
318,366,37.0,59.93949427891368,2.5452308740575085e-09,-8.594272817342349,0.13979085826240328,0.9983081103263559,0.9810038487103072,0.981
321,370,37.0,61.3328493460985,3.5130371399538208e-09,-8.454317258806967,0.15082904426791108,0.9982306081291441,0.9821397576436312,0.982
324,374,37.0,62.708268129573604,4.771006001085961e-09,-8.321390037174698,0.16219518974314626,0.998080175579747,0.9833186911506674,0.983
327,378,37.0,64.11759076759832,6.455696524267282e-09,-8.190056893548363,0.17386977309631194,0.9980658608757249,0.9840638700949662,0.984
331,383,37.0,65.99150864592731,9.490474756305369e-09,-8.022712061662649,0.18915912897090853,0.9980949348268707,0.9851882256232396,0.985
335,388,37.0,67.932196027452,1.387622597837842e-08,-7.857728636160358,0.20463401366193604,0.998145353779335,0.9863074200969295,0.986
338,392,37.0,69.43981330094223,1.840270251005599e-08,-7.735118394435017,0.21681442983602572,0.998133947087197,0.987095433061001,0.987
342,397,37.0,71.4058860074007,2.6189185737780583e-08,-7.581878004250831,0.2326158103848946,0.9980854299049237,0.9882830830676054,0.988
345,401,37.0,73.03443640025753,3.464194161474143e-08,-7.46039777459531,0.24466680694798754,0.9980485419123772,0.9891067304343647,0.989
349,406,37.0,75.10753923607619,4.8713990448106904e-08,-7.312346293367875,0.26033725160848037,0.9979651958543454,0.9902311592654807,0.99
352,410,37.0,76.71349505136037,6.272480787232153e-08,-7.202560660266335,0.27247196607362095,0.9977856413445962,0.9910854778500572,0.991
358,418,37.0,79.9778462399973,1.0208803151271018e-07,-6.991025170280031,0.29678076454852576,0.9977289527090737,0.9920530769544742,0.992
368,431,37.0,85.36368993907894,2.1247425145835037e-07,-6.672693692094125,0.3366704527456913,0.9979386898550957,0.9930151628067423,0.993
379,445,37.0,91.25525085365899,4.343627371471118e-07,-6.362147438818658,0.3792129071254729,0.9982103626270855,0.9940127691150332,0.994
386,454,37.0,95.11807042960191,6.652183690767504e-07,-6.1770357668510085,0.4052131321323572,0.9980429612114063,0.9950265511984604,0.995
393,463,37.0,99.09879473133316,1.0009443867706728e-06,-5.999590051581192,0.4300415881702591,0.9977574788921653,0.9960125125927137,0.996
6,45,38.0,36.4353076482811,3.351878645381035e-08,-7.474711713369752,9.490799256629358e-05,0.9037255052728328,0.9579774527190449,0.9
6,45,38.0,36.4353076482811,3.351878645381035e-08,-7.474711713369752,9.490799256629358e-05,0.9037255052728328,0.9579774527190449,0.901
6,45,38.0,36.4353076482811,3.351878645381035e-08,-7.474711713369752,9.490799256629358e-05,0.9037255052728328,0.9579774527190449,0.902
6,45,38.0,36.4353076482811,3.351878645381035e-08,-7.474711713369752,9.490799256629358e-05,0.9037255052728328,0.9579774527190449,0.903
9,48,38.0,40.968434221890874,5.235195305384911e-08,-7.281067111794351,0.00010191359057125383,0.9219484659932553,0.9608833656467756,0.904
9,48,38.0,40.968434221890874,5.235195305384911e-08,-7.281067111794351,0.00010191359057125383,0.9219484659932553,0.9608833656467756,0.905
9,48,38.0,40.968434221890874,5.235195305384911e-08,-7.281067111794351,0.00010191359057125383,0.9219484659932553,0.9608833656467756,0.906
9,48,38.0,40.968434221890874,5.235195305384911e-08,-7.281067111794351,0.00010191359057125383,0.9219484659932553,0.9608833656467756,0.907
9,48,38.0,40.968434221890874,5.235195305384911e-08,-7.281067111794351,0.00010191359057125383,0.9219484659932553,0.9608833656467756,0.908
9,48,38.0,40.968434221890874,5.235195305384911e-08,-7.281067111794351,0.00010191359057125383,0.9219484659932553,0.9608833656467756,0.909
9,48,38.0,40.968434221890874,5.235195305384911e-08,-7.281067111794351,0.00010191359057125383,0.9219484659932553,0.9608833656467756,0.91
9,48,38.0,40.968434221890874,5.235195305384911e-08,-7.281067111794351,0.00010191359057125383,0.9219484659932553,0.9608833656467756,0.911
9,48,38.0,40.968434221890874,5.235195305384911e-08,-7.281067111794351,0.00010191359057125383,0.9219484659932553,0.9608833656467756,0.912
9,48,38.0,40.968434221890874,5.235195305384911e-08,-7.281067111794351,0.00010191359057125383,0.9219484659932553,0.9608833656467756,0.913
9,48,38.0,40.968434221890874,5.235195305384911e-08,-7.281067111794351,0.00010191359057125383,0.9219484659932553,0.9608833656467756,0.914
9,48,38.0,40.968434221890874,5.235195305384911e-08,-7.281067111794351,0.00010191359057125383,0.9219484659932553,0.9608833656467756,0.915
9,48,38.0,40.968434221890874,5.235195305384911e-08,-7.281067111794351,0.00010191359057125383,0.9219484659932553,0.9608833656467756,0.916
9,48,38.0,40.968434221890874,5.235195305384911e-08,-7.281067111794351,0.00010191359057125383,0.9219484659932553,0.9608833656467756,0.917
9,48,38.0,40.968434221890874,5.235195305384911e-08,-7.281067111794351,0.00010191359057125383,0.9219484659932553,0.9608833656467756,0.918
9,48,38.0,40.968434221890874,5.235195305384911e-08,-7.281067111794351,0.00010191359057125383,0.9219484659932553,0.9608833656467756,0.919
9,48,38.0,40.968434221890874,5.235195305384911e-08,-7.281067111794351,0.00010191359057125383,0.9219484659932553,0.9608833656467756,0.92
9,48,38.0,40.968434221890874,5.235195305384911e-08,-7.281067111794351,0.00010191359057125383,0.9219484659932553,0.9608833656467756,0.921
10,49,38.0,42.95138403189547,6.224899899982117e-08,-7.205867627884425,0.00010365805726246115,0.9277395778467185,0.9612829155814385,0.922
10,49,38.0,42.95138403189547,6.224899899982117e-08,-7.205867627884425,0.00010365805726246115,0.9277395778467185,0.9612829155814385,0.923
10,49,38.0,42.95138403189547,6.224899899982117e-08,-7.205867627884425,0.00010365805726246115,0.9277395778467185,0.9612829155814385,0.924
10,49,38.0,42.95138403189547,6.224899899982117e-08,-7.205867627884425,0.00010365805726246115,0.9277395778467185,0.9612829155814385,0.925
10,49,38.0,42.95138403189547,6.224899899982117e-08,-7.205867627884425,0.00010365805726246115,0.9277395778467185,0.9612829155814385,0.926
10,49,38.0,42.95138403189547,6.224899899982117e-08,-7.205867627884425,0.00010365805726246115,0.9277395778467185,0.9612829155814385,0.927
11,50,38.0,44.758839244678796,7.210549887096679e-08,-7.142031614084258,0.00010576694128538025,0.9323749303855738,0.9610907883199445,0.928
11,50,38.0,44.758839244678796,7.210549887096679e-08,-7.142031614084258,0.00010576694128538025,0.9323749303855738,0.9610907883199445,0.929
11,50,38.0,44.758839244678796,7.210549887096679e-08,-7.142031614084258,0.00010576694128538025,0.9323749303855738,0.9610907883199445,0.93
11,50,38.0,44.758839244678796,7.210549887096679e-08,-7.142031614084258,0.00010576694128538025,0.9323749303855738,0.9610907883199445,0.931
11,50,38.0,44.758839244678796,7.210549887096679e-08,-7.142031614084258,0.00010576694128538025,0.9323749303855738,0.9610907883199445,0.932
12,51,38.0,47.38907559957538,8.851497280938125e-08,-7.05298325971477,0.00010911846369166095,0.9636912017607204,0.9512110212946647,0.933
12,51,38.0,47.38907559957538,8.851497280938125e-08,-7.05298325971477,0.00010911846369166095,0.9636912017607204,0.9512110212946647,0.934
12,51,38.0,47.38907559957538,8.851497280938125e-08,-7.05298325971477,0.00010911846369166095,0.9636912017607204,0.9512110212946647,0.935
12,51,38.0,47.38907559957538,8.851497280938125e-08,-7.05298325971477,0.00010911846369166095,0.9636912017607204,0.9512110212946647,0.936
12,51,38.0,47.38907559957538,8.851497280938125e-08,-7.05298325971477,0.00010911846369166095,0.9636912017607204,0.9512110212946647,0.937
12,51,38.0,47.38907559957538,8.851497280938125e-08,-7.05298325971477,0.00010911846369166095,0.9636912017607204,0.9512110212946647,0.9380000000000001
12,51,38.0,47.38907559957538,8.851497280938125e-08,-7.05298325971477,0.00010911846369166095,0.9636912017607204,0.9512110212946647,0.9390000000000001
12,51,38.0,47.38907559957538,8.851497280938125e-08,-7.05298325971477,0.00010911846369166095,0.9636912017607204,0.9512110212946647,0.9400000000000001
12,51,38.0,47.38907559957538,8.851497280938125e-08,-7.05298325971477,0.00010911846369166095,0.9636912017607204,0.9512110212946647,0.9410000000000001
12,51,38.0,47.38907559957538,8.851497280938125e-08,-7.05298325971477,0.00010911846369166095,0.9636912017607204,0.9512110212946647,0.9420000000000001
12,51,38.0,47.38907559957538,8.851497280938125e-08,-7.05298325971477,0.00010911846369166095,0.9636912017607204,0.9512110212946647,0.9430000000000001
12,51,38.0,47.38907559957538,8.851497280938125e-08,-7.05298325971477,0.00010911846369166095,0.9636912017607204,0.9512110212946647,0.9440000000000001
12,51,38.0,47.38907559957538,8.851497280938125e-08,-7.05298325971477,0.00010911846369166095,0.9636912017607204,0.9512110212946647,0.9450000000000001
12,51,38.0,47.38907559957538,8.851497280938125e-08,-7.05298325971477,0.00010911846369166095,0.9636912017607204,0.9512110212946647,0.9460000000000001
12,51,38.0,47.38907559957538,8.851497280938125e-08,-7.05298325971477,0.00010911846369166095,0.9636912017607204,0.9512110212946647,0.9470000000000001
12,51,38.0,47.38907559957538,8.851497280938125e-08,-7.05298325971477,0.00010911846369166095,0.9636912017607204,0.9512110212946647,0.9480000000000001
12,51,38.0,47.38907559957538,8.851497280938125e-08,-7.05298325971477,0.00010911846369166095,0.9636912017607204,0.9512110212946647,0.9490000000000001
12,51,38.0,47.38907559957538,8.851497280938125e-08,-7.05298325971477,0.00010911846369166095,0.9636912017607204,0.9512110212946647,0.9500000000000001
12,51,38.0,47.38907559957538,8.851497280938125e-08,-7.05298325971477,0.00010911846369166095,0.9636912017607204,0.9512110212946647,0.9510000000000001
13,52,38.0,48.07665656395003,9.282145474788992e-08,-7.03235162936635,0.00011288742376734803,0.9633987649988155,0.952400595603503,0.9520000000000001
14,53,38.0,48.48628707204776,9.508606142645813e-08,-7.021883141203885,0.0001161327268230755,0.9617298421213192,0.9574635887301882,0.9530000000000001
14,53,38.0,48.48628707204776,9.508606142645813e-08,-7.021883141203885,0.0001161327268230755,0.9617298421213192,0.9574635887301882,0.9540000000000001
14,53,38.0,48.48628707204776,9.508606142645813e-08,-7.021883141203885,0.0001161327268230755,0.9617298421213192,0.9574635887301882,0.9550000000000001
14,53,38.0,48.48628707204776,9.508606142645813e-08,-7.021883141203885,0.0001161327268230755,0.9617298421213192,0.9574635887301882,0.9560000000000001
14,53,38.0,48.48628707204776,9.508606142645813e-08,-7.021883141203885,0.0001161327268230755,0.9617298421213192,0.9574635887301882,0.9570000000000001
15,54,38.0,48.05861746165989,9.171757545480508e-08,-7.037547434322787,0.00012117071074795015,0.9648111072531858,0.9642097915019412,0.9580000000000001
15,54,38.0,48.05861746165989,9.171757545480508e-08,-7.037547434322787,0.00012117071074795015,0.9648111072531858,0.9642097915019412,0.9590000000000001
15,54,38.0,48.05861746165989,9.171757545480508e-08,-7.037547434322787,0.00012117071074795015,0.9648111072531858,0.9642097915019412,0.96
15,54,38.0,48.05861746165989,9.171757545480508e-08,-7.037547434322787,0.00012117071074795015,0.9648111072531858,0.9642097915019412,0.9610000000000001
15,54,38.0,48.05861746165989,9.171757545480508e-08,-7.037547434322787,0.00012117071074795015,0.9648111072531858,0.9642097915019412,0.962
15,54,38.0,48.05861746165989,9.171757545480508e-08,-7.037547434322787,0.00012117071074795015,0.9648111072531858,0.9642097915019412,0.9630000000000001
15,54,38.0,48.05861746165989,9.171757545480508e-08,-7.037547434322787,0.00012117071074795015,0.9648111072531858,0.9642097915019412,0.964
16,55,38.0,47.35121947068788,8.665878490538978e-08,-7.062187404761416,0.00012777905276967108,0.9697694159400807,0.9673648593694376,0.9650000000000001
16,55,38.0,47.35121947068788,8.665878490538978e-08,-7.062187404761416,0.00012777905276967108,0.9697694159400807,0.9673648593694376,0.966
16,55,38.0,47.35121947068788,8.665878490538978e-08,-7.062187404761416,0.00012777905276967108,0.9697694159400807,0.9673648593694376,0.9670000000000001
17,56,38.0,49.07956735265069,9.819331838690711e-08,-7.007918062991268,0.00012961389930863065,0.973818535806823,0.9684750414770957,0.968
18,57,38.0,50.91021568467481,1.1120570006580691e-07,-6.953872951569772,0.0001309627043500769,0.9778967389157202,0.9697360818347945,0.9690000000000001
19,58,38.0,51.41387282557644,1.1477513008935348e-07,-6.940152206320109,0.00013531372240702582,0.9772447578864599,0.9704651431750138,0.97
22,61,38.0,52.743641094455135,1.2457880604231399e-07,-6.904555835700756,0.00014968526180377559,0.9775118243467105,0.9721960239071388,0.9710000000000001
22,61,38.0,52.743641094455135,1.2457880604231399e-07,-6.904555835700756,0.00014968526180377559,0.9775118243467105,0.9721960239071388,0.972
23,62,38.0,54.2045933396002,1.366311496319276e-07,-6.864450277440359,0.00015205509839413787,0.9792000097401196,0.9731190766228629,0.973
25,64,38.0,56.91792024901312,1.607731830836678e-07,-6.793786389729619,0.00015761757520413953,0.9828353378198742,0.9740514202485221,0.974
309,356,38.0,56.41885092227413,1.0623154774264027e-09,-8.97374649101407,0.11128469495615664,0.9986310561650471,0.9752961859647951,0.975
311,359,38.0,57.27992567611688,1.3253958603864106e-09,-8.877654390176298,0.11855899938250117,0.9984912016257799,0.9762106609471563,0.976
313,361,38.0,58.011217462813384,1.5938844381425856e-09,-8.797543169575002,0.12452852286312209,0.9984748937766349,0.9775156826784468,0.977
315,364,38.0,58.949215054532445,2.0061398767262753e-09,-8.69763878937516,0.13203001414664206,0.9983122552639208,0.9785425412840772,0.978
316,365,38.0,59.33978638641099,2.204673156640922e-09,-8.656655785692088,0.13509214375391781,0.9982900288074326,0.9792183828730703,0.979
319,369,38.0,60.69525763273952,3.0325670383680914e-09,-8.51818958977828,0.14601197678349415,0.9981587948725973,0.9805802047047788,0.98
320,370,38.0,61.10636201229137,3.333502318246446e-09,-8.477099238513132,0.1491779652192994,0.9981554994785424,0.9811549348623669,0.981
323,374,38.0,62.48916764122228,4.543432549964744e-09,-8.342615914930832,0.16047810642906546,0.9980308480523241,0.9823606352048824,0.982
326,378,38.0,63.87762452966489,6.131253760401869e-09,-8.212450708915727,0.17212997617222892,0.9979854971820579,0.983222549779009,0.983
329,382,38.0,65.31855509363179,8.273848628870337e-09,-8.082292428841484,0.183945878955686,0.9979866301419963,0.9840327204955246,0.984
333,387,38.0,67.24461299126096,1.2143497025047126e-08,-7.915656229242592,0.19932400828280997,0.9980218678331302,0.9852714790373537,0.985
336,391,38.0,68.75311349894478,1.6187764031670618e-08,-7.790813134926028,0.21142939225092727,0.9980298539925605,0.9860891901770349,0.986
340,396,38.0,70.71031033656618,2.3140753092677858e-08,-7.635622511474489,0.22718634196282872,0.9980109751168728,0.9873060238907765,0.987
343,400,38.0,72.29480646706419,3.052142249992178e-08,-7.51539522925353,0.23929972105489836,0.997925126430358,0.988262849768659,0.988
347,406,38.0,74.60043026369814,4.4825258999333795e-08,-7.348477192414825,0.25649673585438143,0.9978301456093946,0.9891844014775716,0.989
350,410,38.0,76.2136997247689,5.795889388097196e-08,-7.236879911433681,0.26860119697350565,0.9976876139991049,0.9900670547708136,0.99
354,415,38.0,78.27521981193168,7.943952471832848e-08,-7.099963362861426,0.2843560267158413,0.9975880989006985,0.9910287394380306,0.991
361,424,38.0,81.98197772701116,1.3527924396587255e-07,-6.868768832541947,0.31231128535901026,0.9976400062128176,0.9920257896242533,0.992
372,438,38.0,87.89326460504378,2.916123894691313e-07,-6.535194028489269,0.35535093626601155,0.9980299040215187,0.9930002529035385,0.993
381,450,38.0,92.89826109614944,5.222211381577643e-07,-6.282145553042609,0.3902513299436077,0.9979995029566552,0.9941554581725348,0.994
387,458,38.0,96.30497863476296,7.530500566309392e-07,-6.123176154481826,0.4126187674162939,0.9978292341521213,0.995001204232428,0.995
6,46,39.0,37.07295575563869,3.553212264926959e-08,-7.449378847469046,9.523435173696886e-05,0.9040759949249542,0.9610404062647957,0.9
6,46,39.0,37.07295575563869,3.553212264926959e-08,-7.449378847469046,9.523435173696886e-05,0.9040759949249542,0.9610404062647957,0.901
6,46,39.0,37.07295575563869,3.553212264926959e-08,-7.449378847469046,9.523435173696886e-05,0.9040759949249542,0.9610404062647957,0.902
6,46,39.0,37.07295575563869,3.553212264926959e-08,-7.449378847469046,9.523435173696886e-05,0.9040759949249542,0.9610404062647957,0.903
6,46,39.0,37.07295575563869,3.553212264926959e-08,-7.449378847469046,9.523435173696886e-05,0.9040759949249542,0.9610404062647957,0.904
9,49,39.0,41.47229660995205,5.441725643270082e-08,-7.264263357928821,0.00010312941797281708,0.92393844131418,0.9627136545768219,0.905
9,49,39.0,41.47229660995205,5.441725643270082e-08,-7.264263357928821,0.00010312941797281708,0.92393844131418,0.9627136545768219,0.906
9,49,39.0,41.47229660995205,5.441725643270082e-08,-7.264263357928821,0.00010312941797281708,0.92393844131418,0.9627136545768219,0.907
9,49,39.0,41.47229660995205,5.441725643270082e-08,-7.264263357928821,0.00010312941797281708,0.92393844131418,0.9627136545768219,0.908
9,49,39.0,41.47229660995205,5.441725643270082e-08,-7.264263357928821,0.00010312941797281708,0.92393844131418,0.9627136545768219,0.909
9,49,39.0,41.47229660995205,5.441725643270082e-08,-7.264263357928821,0.00010312941797281708,0.92393844131418,0.9627136545768219,0.91
9,49,39.0,41.47229660995205,5.441725643270082e-08,-7.264263357928821,0.00010312941797281708,0.92393844131418,0.9627136545768219,0.911
9,49,39.0,41.47229660995205,5.441725643270082e-08,-7.264263357928821,0.00010312941797281708,0.92393844131418,0.9627136545768219,0.912
9,49,39.0,41.47229660995205,5.441725643270082e-08,-7.264263357928821,0.00010312941797281708,0.92393844131418,0.9627136545768219,0.913
9,49,39.0,41.47229660995205,5.441725643270082e-08,-7.264263357928821,0.00010312941797281708,0.92393844131418,0.9627136545768219,0.914
9,49,39.0,41.47229660995205,5.441725643270082e-08,-7.264263357928821,0.00010312941797281708,0.92393844131418,0.9627136545768219,0.915
9,49,39.0,41.47229660995205,5.441725643270082e-08,-7.264263357928821,0.00010312941797281708,0.92393844131418,0.9627136545768219,0.916
9,49,39.0,41.47229660995205,5.441725643270082e-08,-7.264263357928821,0.00010312941797281708,0.92393844131418,0.9627136545768219,0.917
9,49,39.0,41.47229660995205,5.441725643270082e-08,-7.264263357928821,0.00010312941797281708,0.92393844131418,0.9627136545768219,0.918
9,49,39.0,41.47229660995205,5.441725643270082e-08,-7.264263357928821,0.00010312941797281708,0.92393844131418,0.9627136545768219,0.919
9,49,39.0,41.47229660995205,5.441725643270082e-08,-7.264263357928821,0.00010312941797281708,0.92393844131418,0.9627136545768219,0.92
9,49,39.0,41.47229660995205,5.441725643270082e-08,-7.264263357928821,0.00010312941797281708,0.92393844131418,0.9627136545768219,0.921
9,49,39.0,41.47229660995205,5.441725643270082e-08,-7.264263357928821,0.00010312941797281708,0.92393844131418,0.9627136545768219,0.922
9,49,39.0,41.47229660995205,5.441725643270082e-08,-7.264263357928821,0.00010312941797281708,0.92393844131418,0.9627136545768219,0.923
10,50,39.0,43.39114450258338,6.423008983107628e-08,-7.192261470588835,0.00010518145215197777,0.9302293103641557,0.962437278389361,0.924
10,50,39.0,43.39114450258338,6.423008983107628e-08,-7.192261470588835,0.00010518145215197777,0.9302293103641557,0.962437278389361,0.925
10,50,39.0,43.39114450258338,6.423008983107628e-08,-7.192261470588835,0.00010518145215197777,0.9302293103641557,0.962437278389361,0.926
10,50,39.0,43.39114450258338,6.423008983107628e-08,-7.192261470588835,0.00010518145215197777,0.9302293103641557,0.962437278389361,0.927
10,50,39.0,43.39114450258338,6.423008983107628e-08,-7.192261470588835,0.00010518145215197777,0.9302293103641557,0.962437278389361,0.928
10,50,39.0,43.39114450258338,6.423008983107628e-08,-7.192261470588835,0.00010518145215197777,0.9302293103641557,0.962437278389361,0.929
10,50,39.0,43.39114450258338,6.423008983107628e-08,-7.192261470588835,0.00010518145215197777,0.9302293103641557,0.962437278389361,0.93
11,51,39.0,44.852852094353885,7.25630474333244e-08,-7.139284486481517,0.00010933014891507584,0.9367133697930607,0.9541324426656416,0.931
11,51,39.0,44.852852094353885,7.25630474333244e-08,-7.139284486481517,0.00010933014891507584,0.9367133697930607,0.9541324426656416,0.932
11,51,39.0,44.852852094353885,7.25630474333244e-08,-7.139284486481517,0.00010933014891507584,0.9367133697930607,0.9541324426656416,0.933
11,51,39.0,44.852852094353885,7.25630474333244e-08,-7.139284486481517,0.00010933014891507584,0.9367133697930607,0.9541324426656416,0.934
11,51,39.0,44.852852094353885,7.25630474333244e-08,-7.139284486481517,0.00010933014891507584,0.9367133697930607,0.9541324426656416,0.935
11,51,39.0,44.852852094353885,7.25630474333244e-08,-7.139284486481517,0.00010933014891507584,0.9367133697930607,0.9541324426656416,0.936
12,52,39.0,47.63653201234958,8.985801119563082e-08,-7.0464431977652655,0.00011129920524861329,0.9655945567281093,0.9519278283645832,0.937
12,52,39.0,47.63653201234958,8.985801119563082e-08,-7.0464431977652655,0.00011129920524861329,0.9655945567281093,0.9519278283645832,0.9380000000000001
12,52,39.0,47.63653201234958,8.985801119563082e-08,-7.0464431977652655,0.00011129920524861329,0.9655945567281093,0.9519278283645832,0.9390000000000001
12,52,39.0,47.63653201234958,8.985801119563082e-08,-7.0464431977652655,0.00011129920524861329,0.9655945567281093,0.9519278283645832,0.9400000000000001
12,52,39.0,47.63653201234958,8.985801119563082e-08,-7.0464431977652655,0.00011129920524861329,0.9655945567281093,0.9519278283645832,0.9410000000000001
12,52,39.0,47.63653201234958,8.985801119563082e-08,-7.0464431977652655,0.00011129920524861329,0.9655945567281093,0.9519278283645832,0.9420000000000001
12,52,39.0,47.63653201234958,8.985801119563082e-08,-7.0464431977652655,0.00011129920524861329,0.9655945567281093,0.9519278283645832,0.9430000000000001
12,52,39.0,47.63653201234958,8.985801119563082e-08,-7.0464431977652655,0.00011129920524861329,0.9655945567281093,0.9519278283645832,0.9440000000000001
12,52,39.0,47.63653201234958,8.985801119563082e-08,-7.0464431977652655,0.00011129920524861329,0.9655945567281093,0.9519278283645832,0.9450000000000001
12,52,39.0,47.63653201234958,8.985801119563082e-08,-7.0464431977652655,0.00011129920524861329,0.9655945567281093,0.9519278283645832,0.9460000000000001
12,52,39.0,47.63653201234958,8.985801119563082e-08,-7.0464431977652655,0.00011129920524861329,0.9655945567281093,0.9519278283645832,0.9470000000000001
12,52,39.0,47.63653201234958,8.985801119563082e-08,-7.0464431977652655,0.00011129920524861329,0.9655945567281093,0.9519278283645832,0.9480000000000001
12,52,39.0,47.63653201234958,8.985801119563082e-08,-7.0464431977652655,0.00011129920524861329,0.9655945567281093,0.9519278283645832,0.9490000000000001
12,52,39.0,47.63653201234958,8.985801119563082e-08,-7.0464431977652655,0.00011129920524861329,0.9655945567281093,0.9519278283645832,0.9500000000000001
12,52,39.0,47.63653201234958,8.985801119563082e-08,-7.0464431977652655,0.00011129920524861329,0.9655945567281093,0.9519278283645832,0.9510000000000001
13,53,39.0,48.51927076959555,9.531449435269802e-08,-7.020841051735768,0.0001140127520801587,0.964378657147643,0.9553544528530126,0.9520000000000001
13,53,39.0,48.51927076959555,9.531449435269802e-08,-7.020841051735768,0.0001140127520801587,0.964378657147643,0.9553544528530126,0.9530000000000001
13,53,39.0,48.51927076959555,9.531449435269802e-08,-7.020841051735768,0.0001140127520801587,0.964378657147643,0.9553544528530126,0.9540000000000001
13,53,39.0,48.51927076959555,9.531449435269802e-08,-7.020841051735768,0.0001140127520801587,0.964378657147643,0.9553544528530126,0.9550000000000001
14,54,39.0,48.80487846167347,9.692116560572217e-08,-7.0135813715352615,0.00011806074743578695,0.963470146291797,0.9585450652324845,0.9560000000000001
14,54,39.0,48.80487846167347,9.692116560572217e-08,-7.0135813715352615,0.00011806074743578695,0.963470146291797,0.9585450652324845,0.9570000000000001
14,54,39.0,48.80487846167347,9.692116560572217e-08,-7.0135813715352615,0.00011806074743578695,0.963470146291797,0.9585450652324845,0.9580000000000001
15,55,39.0,48.213590238993056,9.260694614212708e-08,-7.033356437097135,0.00012435428121842937,0.9669738214129368,0.9608884125280576,0.9590000000000001
15,55,39.0,48.213590238993056,9.260694614212708e-08,-7.033356437097135,0.00012435428121842937,0.9669738214129368,0.9608884125280576,0.96
16,56,39.0,47.888513381505646,8.972160717118077e-08,-7.0471029555602716,0.00012879301493993315,0.9697604093423946,0.9693061984381206,0.9610000000000001
16,56,39.0,47.888513381505646,8.972160717118077e-08,-7.0471029555602716,0.00012879301493993315,0.9697604093423946,0.9693061984381206,0.962
16,56,39.0,47.888513381505646,8.972160717118077e-08,-7.0471029555602716,0.00012879301493993315,0.9697604093423946,0.9693061984381206,0.9630000000000001
16,56,39.0,47.888513381505646,8.972160717118077e-08,-7.0471029555602716,0.00012879301493993315,0.9697604093423946,0.9693061984381206,0.964
16,56,39.0,47.888513381505646,8.972160717118077e-08,-7.0471029555602716,0.00012879301493993315,0.9697604093423946,0.9693061984381206,0.9650000000000001
16,56,39.0,47.888513381505646,8.972160717118077e-08,-7.0471029555602716,0.00012879301493993315,0.9697604093423946,0.9693061984381206,0.966
16,56,39.0,47.888513381505646,8.972160717118077e-08,-7.0471029555602716,0.00012879301493993315,0.9697604093423946,0.9693061984381206,0.9670000000000001
16,56,39.0,47.888513381505646,8.972160717118077e-08,-7.0471029555602716,0.00012879301493993315,0.9697604093423946,0.9693061984381206,0.968
16,56,39.0,47.888513381505646,8.972160717118077e-08,-7.0471029555602716,0.00012879301493993315,0.9697604093423946,0.9693061984381206,0.9690000000000001
17,57,39.0,49.675530122451434,1.018328730152106e-07,-6.992112003290737,0.00013023904445017337,0.9733356693714439,0.9706471142501162,0.97
22,62,39.0,53.25208980802527,1.2824915152382232e-07,-6.8919454994305,0.000150978994655661,0.9776006243003913,0.9736175972605698,0.9710000000000001
22,62,39.0,53.25208980802527,1.2824915152382232e-07,-6.8919454994305,0.000150978994655661,0.9776006243003913,0.9736175972605698,0.972
22,62,39.0,53.25208980802527,1.2824915152382232e-07,-6.8919454994305,0.000150978994655661,0.9776006243003913,0.9736175972605698,0.973
24,64,39.0,55.81615078040094,1.5018403314540385e-07,-6.82337623700857,0.00015677594203954845,0.9800926146201895,0.9748153984292248,0.974
311,360,39.0,57.44642518322782,1.38158894796982e-09,-8.859621149568362,0.12002132464370996,0.9984226835172982,0.9756156831692566,0.975
313,363,39.0,58.37345603538258,1.7408932335272502e-09,-8.759227862720568,0.12742566467403843,0.9982949632401936,0.9766056110320513,0.976
314,364,39.0,58.7498287386884,1.9094749440780646e-09,-8.719086036018094,0.13045490829456888,0.9982622123595872,0.9773466378915218,0.977
315,365,39.0,59.13111953816236,2.0948137737495962e-09,-8.678854579202584,0.13350836774276562,0.998228405943605,0.9780727285704093,0.978
318,369,39.0,60.47883596167172,2.8816615292845187e-09,-8.540357031362598,0.1443740348360592,0.9980961918969945,0.9795105294176883,0.979
320,372,39.0,61.4766329247726,3.6208711526938147e-09,-8.441186929109994,0.1522510429960717,0.9980024289818547,0.9802627634129042,0.98
322,374,39.0,62.27707706449797,4.33220799711412e-09,-8.363290700285319,0.15875934836868194,0.9979895776634209,0.9813516867832447,0.981
325,378,39.0,63.64748520243001,5.83349061516599e-09,-8.23407149648288,0.17038180815071555,0.997920212716143,0.9823233464501027,0.982
328,382,39.0,65.08321014151791,7.878102925844859e-09,-8.103578349518948,0.18215671537321565,0.9979157828687244,0.9832027562862923,0.983
331,386,39.0,66.55229339753467,1.0591848239415862e-08,-7.97502825045502,0.19407301407336122,0.997902959548358,0.9841338513623601,0.984
335,392,39.0,68.69189984386057,1.5981157540373576e-08,-7.796391767250424,0.21122917360077823,0.997875465486463,0.9850998051906626,0.985
338,395,39.0,70.0221828621609,2.043061092752865e-08,-7.6897186466574405,0.22175397297842558,0.9979224349011526,0.9862958319525714,0.986
341,399,39.0,71.56631156367351,2.688344146814499e-08,-7.570515136103515,0.23394095682725835,0.9978436399080839,0.9872729750466719,0.987
344,403,39.0,73.16380836635551,3.5339859741414426e-08,-7.451735178475283,0.24608100847130285,0.9978141484519301,0.9881089196152664,0.988
347,407,39.0,74.83363594566926,4.652207488148846e-08,-7.332340924006228,0.2579896348145442,0.9977103624802569,0.9890968250904119,0.989
352,414,39.0,77.54578600256187,7.111628203586543e-08,-7.148030956389852,0.278911655639175,0.9975289091912813,0.9902792998125461,0.99
357,421,39.0,80.31492009937094,1.0693179070504086e-07,-6.9708931603175195,0.29977322522103356,0.9975110901641483,0.9910340694673432,0.991
365,431,39.0,84.5201943794029,1.9013355662466753e-07,-6.720941227843574,0.3311010935581386,0.9976738123219342,0.9921078041796674,0.992
375,444,39.0,89.95630320637736,3.730710536775864e-07,-6.428208446257427,0.3702871389023558,0.9979603996041296,0.9931048741398829,0.993
382,453,39.0,93.81943746100256,5.775298411536813e-07,-6.238425570719711,0.3964858407482832,0.9978524845338225,0.9941930465274692,0.994
388,461,39.0,97.25174343501529,8.298931288945756e-07,-6.080977831141672,0.41861393680373166,0.9976874617554496,0.9950239739929498,0.995
6,47,40.0,37.49291030492694,3.689226609476374e-08,-7.4330646675646,9.709629761350904e-05,0.9070814117975977,0.960515993760777,0.9
6,47,40.0,37.49291030492694,3.689226609476374e-08,-7.4330646675646,9.709629761350904e-05,0.9070814117975977,0.960515993760777,0.901
6,47,40.0,37.49291030492694,3.689226609476374e-08,-7.4330646675646,9.709629761350904e-05,0.9070814117975977,0.960515993760777,0.902
6,47,40.0,37.49291030492694,3.689226609476374e-08,-7.4330646675646,9.709629761350904e-05,0.9070814117975977,0.960515993760777,0.903
6,47,40.0,37.49291030492694,3.689226609476374e-08,-7.4330646675646,9.709629761350904e-05,0.9070814117975977,0.960515993760777,0.904
6,47,40.0,37.49291030492694,3.689226609476374e-08,-7.4330646675646,9.709629761350904e-05,0.9070814117975977,0.960515993760777,0.905
6,47,40.0,37.49291030492694,3.689226609476374e-08,-7.4330646675646,9.709629761350904e-05,0.9070814117975977,0.960515993760777,0.906
6,47,40.0,37.49291030492694,3.689226609476374e-08,-7.4330646675646,9.709629761350904e-05,0.9070814117975977,0.960515993760777,0.907
9,50,40.0,41.931846656379854,5.633762197165262e-08,-7.249201488666991,0.00010461887612785617,0.9261460305833112,0.9636612839084852,0.908
9,50,40.0,41.931846656379854,5.633762197165262e-08,-7.249201488666991,0.00010461887612785617,0.9261460305833112,0.9636612839084852,0.909
9,50,40.0,41.931846656379854,5.633762197165262e-08,-7.249201488666991,0.00010461887612785617,0.9261460305833112,0.9636612839084852,0.91
9,50,40.0,41.931846656379854,5.633762197165262e-08,-7.249201488666991,0.00010461887612785617,0.9261460305833112,0.9636612839084852,0.911
9,50,40.0,41.931846656379854,5.633762197165262e-08,-7.249201488666991,0.00010461887612785617,0.9261460305833112,0.9636612839084852,0.912
9,50,40.0,41.931846656379854,5.633762197165262e-08,-7.249201488666991,0.00010461887612785617,0.9261460305833112,0.9636612839084852,0.913
9,50,40.0,41.931846656379854,5.633762197165262e-08,-7.249201488666991,0.00010461887612785617,0.9261460305833112,0.9636612839084852,0.914
9,50,40.0,41.931846656379854,5.633762197165262e-08,-7.249201488666991,0.00010461887612785617,0.9261460305833112,0.9636612839084852,0.915
9,50,40.0,41.931846656379854,5.633762197165262e-08,-7.249201488666991,0.00010461887612785617,0.9261460305833112,0.9636612839084852,0.916
9,50,40.0,41.931846656379854,5.633762197165262e-08,-7.249201488666991,0.00010461887612785617,0.9261460305833112,0.9636612839084852,0.917
9,50,40.0,41.931846656379854,5.633762197165262e-08,-7.249201488666991,0.00010461887612785617,0.9261460305833112,0.9636612839084852,0.918
9,50,40.0,41.931846656379854,5.633762197165262e-08,-7.249201488666991,0.00010461887612785617,0.9261460305833112,0.9636612839084852,0.919
9,50,40.0,41.931846656379854,5.633762197165262e-08,-7.249201488666991,0.00010461887612785617,0.9261460305833112,0.9636612839084852,0.92
9,50,40.0,41.931846656379854,5.633762197165262e-08,-7.249201488666991,0.00010461887612785617,0.9261460305833112,0.9636612839084852,0.921
9,50,40.0,41.931846656379854,5.633762197165262e-08,-7.249201488666991,0.00010461887612785617,0.9261460305833112,0.9636612839084852,0.922
9,50,40.0,41.931846656379854,5.633762197165262e-08,-7.249201488666991,0.00010461887612785617,0.9261460305833112,0.9636612839084852,0.923
9,50,40.0,41.931846656379854,5.633762197165262e-08,-7.249201488666991,0.00010461887612785617,0.9261460305833112,0.9636612839084852,0.924
9,50,40.0,41.931846656379854,5.633762197165262e-08,-7.249201488666991,0.00010461887612785617,0.9261460305833112,0.9636612839084852,0.925
9,50,40.0,41.931846656379854,5.633762197165262e-08,-7.249201488666991,0.00010461887612785617,0.9261460305833112,0.9636612839084852,0.926
10,51,40.0,43.53874017201057,6.490371131641713e-08,-7.187730468713395,0.00010860828243406412,0.934341574299736,0.955501337341397,0.927
10,51,40.0,43.53874017201057,6.490371131641713e-08,-7.187730468713395,0.00010860828243406412,0.934341574299736,0.955501337341397,0.928
10,51,40.0,43.53874017201057,6.490371131641713e-08,-7.187730468713395,0.00010860828243406412,0.934341574299736,0.955501337341397,0.929
10,51,40.0,43.53874017201057,6.490371131641713e-08,-7.187730468713395,0.00010860828243406412,0.934341574299736,0.955501337341397,0.93
10,51,40.0,43.53874017201057,6.490371131641713e-08,-7.187730468713395,0.00010860828243406412,0.934341574299736,0.955501337341397,0.931
10,51,40.0,43.53874017201057,6.490371131641713e-08,-7.187730468713395,0.00010860828243406412,0.934341574299736,0.955501337341397,0.932
10,51,40.0,43.53874017201057,6.490371131641713e-08,-7.187730468713395,0.00010860828243406412,0.934341574299736,0.955501337341397,0.933
10,51,40.0,43.53874017201057,6.490371131641713e-08,-7.187730468713395,0.00010860828243406412,0.934341574299736,0.955501337341397,0.934
11,52,40.0,45.17953201636461,7.416964953960223e-08,-7.129773773076334,0.00011141407559591083,0.939545856985768,0.9545956990675106,0.935
11,52,40.0,45.17953201636461,7.416964953960223e-08,-7.129773773076334,0.00011141407559591083,0.939545856985768,0.9545956990675106,0.936
11,52,40.0,45.17953201636461,7.416964953960223e-08,-7.129773773076334,0.00011141407559591083,0.939545856985768,0.9545956990675106,0.937
11,52,40.0,45.17953201636461,7.416964953960223e-08,-7.129773773076334,0.00011141407559591083,0.939545856985768,0.9545956990675106,0.9380000000000001
11,52,40.0,45.17953201636461,7.416964953960223e-08,-7.129773773076334,0.00011141407559591083,0.939545856985768,0.9545956990675106,0.9390000000000001
12,53,40.0,48.07130664494471,9.224604425996743e-08,-7.035052248398198,0.00011245161114157426,0.9663926088044119,0.9547535386090994,0.9400000000000001
12,53,40.0,48.07130664494471,9.224604425996743e-08,-7.035052248398198,0.00011245161114157426,0.9663926088044119,0.9547535386090994,0.9410000000000001
12,53,40.0,48.07130664494471,9.224604425996743e-08,-7.035052248398198,0.00011245161114157426,0.9663926088044119,0.9547535386090994,0.9420000000000001
12,53,40.0,48.07130664494471,9.224604425996743e-08,-7.035052248398198,0.00011245161114157426,0.9663926088044119,0.9547535386090994,0.9430000000000001
12,53,40.0,48.07130664494471,9.224604425996743e-08,-7.035052248398198,0.00011245161114157426,0.9663926088044119,0.9547535386090994,0.9440000000000001
12,53,40.0,48.07130664494471,9.224604425996743e-08,-7.035052248398198,0.00011245161114157426,0.9663926088044119,0.9547535386090994,0.9450000000000001
12,53,40.0,48.07130664494471,9.224604425996743e-08,-7.035052248398198,0.00011245161114157426,0.9663926088044119,0.9547535386090994,0.9460000000000001
12,53,40.0,48.07130664494471,9.224604425996743e-08,-7.035052248398198,0.00011245161114157426,0.9663926088044119,0.9547535386090994,0.9470000000000001
12,53,40.0,48.07130664494471,9.224604425996743e-08,-7.035052248398198,0.00011245161114157426,0.9663926088044119,0.9547535386090994,0.9480000000000001
12,53,40.0,48.07130664494471,9.224604425996743e-08,-7.035052248398198,0.00011245161114157426,0.9663926088044119,0.9547535386090994,0.9490000000000001
12,53,40.0,48.07130664494471,9.224604425996743e-08,-7.035052248398198,0.00011245161114157426,0.9663926088044119,0.9547535386090994,0.9500000000000001
12,53,40.0,48.07130664494471,9.224604425996743e-08,-7.035052248398198,0.00011245161114157426,0.9663926088044119,0.9547535386090994,0.9510000000000001
12,53,40.0,48.07130664494471,9.224604425996743e-08,-7.035052248398198,0.00011245161114157426,0.9663926088044119,0.9547535386090994,0.9520000000000001
12,53,40.0,48.07130664494471,9.224604425996743e-08,-7.035052248398198,0.00011245161114157426,0.9663926088044119,0.9547535386090994,0.9530000000000001
12,53,40.0,48.07130664494471,9.224604425996743e-08,-7.035052248398198,0.00011245161114157426,0.9663926088044119,0.9547535386090994,0.9540000000000001
13,54,40.0,48.821417319112015,9.703740197160842e-08,-7.013060839557998,0.0001159504429983459,0.9659673062433581,0.9563898773846901,0.9550000000000001
13,54,40.0,48.821417319112015,9.703740197160842e-08,-7.013060839557998,0.0001159504429983459,0.9659673062433581,0.9563898773846901,0.9560000000000001
15,56,40.0,48.70122087482975,9.543903697535732e-08,-7.020273951550606,0.00012547517044702176,0.9674085834212495,0.9631481835041072,0.9570000000000001
15,56,40.0,48.70122087482975,9.543903697535732e-08,-7.020273951550606,0.00012547517044702176,0.9674085834212495,0.9631481835041072,0.9580000000000001
15,56,40.0,48.70122087482975,9.543903697535732e-08,-7.020273951550606,0.00012547517044702176,0.9674085834212495,0.9631481835041072,0.9590000000000001
15,56,40.0,48.70122087482975,9.543903697535732e-08,-7.020273951550606,0.00012547517044702176,0.9674085834212495,0.9631481835041072,0.96
15,56,40.0,48.70122087482975,9.543903697535732e-08,-7.020273951550606,0.00012547517044702176,0.9674085834212495,0.9631481835041072,0.9610000000000001
15,56,40.0,48.70122087482975,9.543903697535732e-08,-7.020273951550606,0.00012547517044702176,0.9674085834212495,0.9631481835041072,0.962
15,56,40.0,48.70122087482975,9.543903697535732e-08,-7.020273951550606,0.00012547517044702176,0.9674085834212495,0.9631481835041072,0.9630000000000001
16,57,40.0,48.48507700806936,9.318359103101473e-08,-7.030660557089096,0.00012944362265153588,0.9692752199937347,0.9713338006190108,0.964
16,57,40.0,48.48507700806936,9.318359103101473e-08,-7.030660557089096,0.00012944362265153588,0.9692752199937347,0.9713338006190108,0.9650000000000001
16,57,40.0,48.48507700806936,9.318359103101473e-08,-7.030660557089096,0.00012944362265153588,0.9692752199937347,0.9713338006190108,0.966
16,57,40.0,48.48507700806936,9.318359103101473e-08,-7.030660557089096,0.00012944362265153588,0.9692752199937347,0.9713338006190108,0.9670000000000001
16,57,40.0,48.48507700806936,9.318359103101473e-08,-7.030660557089096,0.00012944362265153588,0.9692752199937347,0.9713338006190108,0.968
16,57,40.0,48.48507700806936,9.318359103101473e-08,-7.030660557089096,0.00012944362265153588,0.9692752199937347,0.9713338006190108,0.9690000000000001
21,62,40.0,53.591157386872766,1.3119416700641818e-07,-6.882085473597855,0.00014801863016537125,0.9784022710626011,0.9703257248962175,0.97
22,63,40.0,53.65972338105334,1.3123188915389785e-07,-6.881960619222886,0.00015291865480107527,0.978124267680003,0.9739815843598225,0.9710000000000001
22,63,40.0,53.65972338105334,1.3123188915389785e-07,-6.881960619222886,0.00015291865480107527,0.978124267680003,0.9739815843598225,0.972
22,63,40.0,53.65972338105334,1.3123188915389785e-07,-6.881960619222886,0.00015291865480107527,0.978124267680003,0.9739815843598225,0.973
23,64,40.0,55.09040578167538,1.4340515581197202e-07,-6.8434352342997595,0.00015539195221882886,0.9798435441482567,0.974798898017058,0.974
312,363,40.0,58.167604246333354,1.6529109473010897e-09,-8.781750543970931,0.12588953371400727,0.9982261715773851,0.9753727810753577,0.975
313,364,40.0,58.55129145012103,1.8173082042256094e-09,-8.740571412789018,0.12889071295883048,0.9982106985950152,0.9761122794742795,0.976
315,367,40.0,59.488520667594585,2.279055667241872e-09,-8.642245066798251,0.13649608107999808,0.9980707235086448,0.9770693964145787,0.977
317,369,40.0,60.27030798070264,2.7425134864332277e-09,-8.561851228085382,0.14273635507038882,0.9980445168234602,0.9783830950348907,0.978
319,372,40.0,61.248780806349195,3.435264229460292e-09,-8.4640398527869,0.1505955234579579,0.9979240474648575,0.9792257057084152,0.979
322,376,40.0,62.633342097865345,4.679242420866472e-09,-8.329824454419414,0.16193553669331645,0.9978655951699358,0.9803805590909828,0.98
325,380,40.0,64.01159041723169,6.293675807545619e-09,-8.20109563171517,0.17359496675234914,0.9977924946833436,0.9814637648329685,0.981
328,384,40.0,65.44802472626586,8.476969758980796e-09,-8.071759366156268,0.185419774805156,0.9977910049137307,0.9824122202959151,0.982
330,387,40.0,66.49425494441023,1.0455083093660286e-08,-7.980672511198797,0.19388593292981868,0.9977425181276478,0.9830202443932909,0.983
334,392,40.0,68.44082582333863,1.5232259324002404e-08,-7.817235675181727,0.20937656556045647,0.9977836527159427,0.9843897091590244,0.984
337,396,40.0,69.9628037814048,2.0183908495864828e-08,-7.694994731368358,0.22152292933660786,0.9977661566931589,0.9853522923418921,0.985
339,398,40.0,70.86350151846285,2.373366863749184e-08,-7.624635125420567,0.22852974557788006,0.9977696076843389,0.9862201567077407,0.986
343,404,40.0,73.10369090768386,3.493662129723946e-08,-7.456719097719317,0.24578760837278463,0.9976214756674786,0.9873758173477616,0.987
345,406,40.0,74.06798742178955,4.102967320604627e-08,-7.3869019420966024,0.2527090203656767,0.9976476394900889,0.9881230177315045,0.988
349,412,40.0,76.37344945530968,5.932202555138581e-08,-7.226784028399369,0.26988828810543386,0.997501797772025,0.9891049270456307,0.989
353,417,40.0,78.42458882055391,8.109457934213207e-08,-7.091008174648017,0.2856530181212538,0.9973977398055996,0.9901622092424147,0.99
359,425,40.0,81.63798454765168,1.2877813824565746e-07,-6.890157857823505,0.3101643752728241,0.997474639725946,0.9910067235341968,0.991
368,437,40.0,86.54586502892641,2.463224072104379e-07,-6.608496079897723,0.3464022102136472,0.9976654099962897,0.9920732357077726,0.992
376,448,40.0,91.09441655593662,4.253148101538726e-07,-6.371289494182013,0.3781139899965586,0.9977696433290371,0.9930355321174278,0.993
382,455,40.0,94.26050198926482,6.054186601285336e-07,-6.217944197409901,0.3993713086959421,0.9977159376574953,0.9940493433264554,0.994
6,48,41.0,37.918794751901174,3.8301047717117395e-08,-7.416789345834532,9.888967736166355e-05,0.9097620312364856,0.9602764228309992,0.9
6,48,41.0,37.918794751901174,3.8301047717117395e-08,-7.416789345834532,9.888967736166355e-05,0.9097620312364856,0.9602764228309992,0.901
6,48,41.0,37.918794751901174,3.8301047717117395e-08,-7.416789345834532,9.888967736166355e-05,0.9097620312364856,0.9602764228309992,0.902
6,48,41.0,37.918794751901174,3.8301047717117395e-08,-7.416789345834532,9.888967736166355e-05,0.9097620312364856,0.9602764228309992,0.903
6,48,41.0,37.918794751901174,3.8301047717117395e-08,-7.416789345834532,9.888967736166355e-05,0.9097620312364856,0.9602764228309992,0.904
6,48,41.0,37.918794751901174,3.8301047717117395e-08,-7.416789345834532,9.888967736166355e-05,0.9097620312364856,0.9602764228309992,0.905
6,48,41.0,37.918794751901174,3.8301047717117395e-08,-7.416789345834532,9.888967736166355e-05,0.9097620312364856,0.9602764228309992,0.906
6,48,41.0,37.918794751901174,3.8301047717117395e-08,-7.416789345834532,9.888967736166355e-05,0.9097620312364856,0.9602764228309992,0.907
6,48,41.0,37.918794751901174,3.8301047717117395e-08,-7.416789345834532,9.888967736166355e-05,0.9097620312364856,0.9602764228309992,0.908
6,48,41.0,37.918794751901174,3.8301047717117395e-08,-7.416789345834532,9.888967736166355e-05,0.9097620312364856,0.9602764228309992,0.909
9,51,41.0,42.12932778863295,5.7175145314914353e-08,-7.242792722927856,0.0001079192791327757,0.9300793976963714,0.9567590998352477,0.91
9,51,41.0,42.12932778863295,5.7175145314914353e-08,-7.242792722927856,0.0001079192791327757,0.9300793976963714,0.9567590998352477,0.911
9,51,41.0,42.12932778863295,5.7175145314914353e-08,-7.242792722927856,0.0001079192791327757,0.9300793976963714,0.9567590998352477,0.912
9,51,41.0,42.12932778863295,5.7175145314914353e-08,-7.242792722927856,0.0001079192791327757,0.9300793976963714,0.9567590998352477,0.913
9,51,41.0,42.12932778863295,5.7175145314914353e-08,-7.242792722927856,0.0001079192791327757,0.9300793976963714,0.9567590998352477,0.914
9,51,41.0,42.12932778863295,5.7175145314914353e-08,-7.242792722927856,0.0001079192791327757,0.9300793976963714,0.9567590998352477,0.915
9,51,41.0,42.12932778863295,5.7175145314914353e-08,-7.242792722927856,0.0001079192791327757,0.9300793976963714,0.9567590998352477,0.916
9,51,41.0,42.12932778863295,5.7175145314914353e-08,-7.242792722927856,0.0001079192791327757,0.9300793976963714,0.9567590998352477,0.917
9,51,41.0,42.12932778863295,5.7175145314914353e-08,-7.242792722927856,0.0001079192791327757,0.9300793976963714,0.9567590998352477,0.918
9,51,41.0,42.12932778863295,5.7175145314914353e-08,-7.242792722927856,0.0001079192791327757,0.9300793976963714,0.9567590998352477,0.919
9,51,41.0,42.12932778863295,5.7175145314914353e-08,-7.242792722927856,0.0001079192791327757,0.9300793976963714,0.9567590998352477,0.92
9,51,41.0,42.12932778863295,5.7175145314914353e-08,-7.242792722927856,0.0001079192791327757,0.9300793976963714,0.9567590998352477,0.921
9,51,41.0,42.12932778863295,5.7175145314914353e-08,-7.242792722927856,0.0001079192791327757,0.9300793976963714,0.9567590998352477,0.922
9,51,41.0,42.12932778863295,5.7175145314914353e-08,-7.242792722927856,0.0001079192791327757,0.9300793976963714,0.9567590998352477,0.923
9,51,41.0,42.12932778863295,5.7175145314914353e-08,-7.242792722927856,0.0001079192791327757,0.9300793976963714,0.9567590998352477,0.924
9,51,41.0,42.12932778863295,5.7175145314914353e-08,-7.242792722927856,0.0001079192791327757,0.9300793976963714,0.9567590998352477,0.925
9,51,41.0,42.12932778863295,5.7175145314914353e-08,-7.242792722927856,0.0001079192791327757,0.9300793976963714,0.9567590998352477,0.926
9,51,41.0,42.12932778863295,5.7175145314914353e-08,-7.242792722927856,0.0001079192791327757,0.9300793976963714,0.9567590998352477,0.927
9,51,41.0,42.12932778863295,5.7175145314914353e-08,-7.242792722927856,0.0001079192791327757,0.9300793976963714,0.9567590998352477,0.928
9,51,41.0,42.12932778863295,5.7175145314914353e-08,-7.242792722927856,0.0001079192791327757,0.9300793976963714,0.9567590998352477,0.929
9,51,41.0,42.12932778863295,5.7175145314914353e-08,-7.242792722927856,0.0001079192791327757,0.9300793976963714,0.9567590998352477,0.93
10,52,41.0,43.8922888361829,6.653663127128895e-08,-7.176939191103592,0.0001106389540906922,0.9369300720325859,0.9557513599801082,0.931
10,52,41.0,43.8922888361829,6.653663127128895e-08,-7.176939191103592,0.0001106389540906922,0.9369300720325859,0.9557513599801082,0.932
10,52,41.0,43.8922888361829,6.653663127128895e-08,-7.176939191103592,0.0001106389540906922,0.9369300720325859,0.9557513599801082,0.933
10,52,41.0,43.8922888361829,6.653663127128895e-08,-7.176939191103592,0.0001106389540906922,0.9369300720325859,0.9557513599801082,0.934
10,52,41.0,43.8922888361829,6.653663127128895e-08,-7.176939191103592,0.0001106389540906922,0.9369300720325859,0.9557513599801082,0.935
10,52,41.0,43.8922888361829,6.653663127128895e-08,-7.176939191103592,0.0001106389540906922,0.9369300720325859,0.9557513599801082,0.936
11,53,41.0,45.66253620224134,7.658024762507007e-08,-7.115883233678751,0.00011253114261429369,0.941029592174357,0.9571300759826888,0.937
11,53,41.0,45.66253620224134,7.658024762507007e-08,-7.115883233678751,0.00011253114261429369,0.941029592174357,0.9571300759826888,0.9380000000000001
11,53,41.0,45.66253620224134,7.658024762507007e-08,-7.115883233678751,0.00011253114261429369,0.941029592174357,0.9571300759826888,0.9390000000000001
11,53,41.0,45.66253620224134,7.658024762507007e-08,-7.115883233678751,0.00011253114261429369,0.941029592174357,0.9571300759826888,0.9400000000000001
11,53,41.0,45.66253620224134,7.658024762507007e-08,-7.115883233678751,0.00011253114261429369,0.941029592174357,0.9571300759826888,0.9410000000000001
12,54,41.0,48.374899279095324,9.393422513197535e-08,-7.027176142794543,0.00011437562444726587,0.9677807234165774,0.9556569062052447,0.9420000000000001
12,54,41.0,48.374899279095324,9.393422513197535e-08,-7.027176142794543,0.00011437562444726587,0.9677807234165774,0.9556569062052447,0.9430000000000001
12,54,41.0,48.374899279095324,9.393422513197535e-08,-7.027176142794543,0.00011437562444726587,0.9677807234165774,0.9556569062052447,0.9440000000000001
12,54,41.0,48.374899279095324,9.393422513197535e-08,-7.027176142794543,0.00011437562444726587,0.9677807234165774,0.9556569062052447,0.9450000000000001
12,54,41.0,48.374899279095324,9.393422513197535e-08,-7.027176142794543,0.00011437562444726587,0.9677807234165774,0.9556569062052447,0.9460000000000001
12,54,41.0,48.374899279095324,9.393422513197535e-08,-7.027176142794543,0.00011437562444726587,0.9677807234165774,0.9556569062052447,0.9470000000000001
12,54,41.0,48.374899279095324,9.393422513197535e-08,-7.027176142794543,0.00011437562444726587,0.9677807234165774,0.9556569062052447,0.9480000000000001
12,54,41.0,48.374899279095324,9.393422513197535e-08,-7.027176142794543,0.00011437562444726587,0.9677807234165774,0.9556569062052447,0.9490000000000001
12,54,41.0,48.374899279095324,9.393422513197535e-08,-7.027176142794543,0.00011437562444726587,0.9677807234165774,0.9556569062052447,0.9500000000000001
12,54,41.0,48.374899279095324,9.393422513197535e-08,-7.027176142794543,0.00011437562444726587,0.9677807234165774,0.9556569062052447,0.9510000000000001
12,54,41.0,48.374899279095324,9.393422513197535e-08,-7.027176142794543,0.00011437562444726587,0.9677807234165774,0.9556569062052447,0.9520000000000001
12,54,41.0,48.374899279095324,9.393422513197535e-08,-7.027176142794543,0.00011437562444726587,0.9677807234165774,0.9556569062052447,0.9530000000000001
12,54,41.0,48.374899279095324,9.393422513197535e-08,-7.027176142794543,0.00011437562444726587,0.9677807234165774,0.9556569062052447,0.9540000000000001
12,54,41.0,48.374899279095324,9.393422513197535e-08,-7.027176142794543,0.00011437562444726587,0.9677807234165774,0.9556569062052447,0.9550000000000001
14,56,41.0,49.365315326467396,1.0020771669697031e-07,-6.999098833460072,0.00012244578114873833,0.9664843213887518,0.9579092181620039,0.9560000000000001
14,56,41.0,49.365315326467396,1.0020771669697031e-07,-6.999098833460072,0.00012244578114873833,0.9664843213887518,0.9579092181620039,0.9570000000000001
15,57,41.0,49.249936244997734,9.867652152707321e-08,-7.005786168345495,0.00012624180717222302,0.9673594051882447,0.9654978091037714,0.9580000000000001
15,57,41.0,49.249936244997734,9.867652152707321e-08,-7.005786168345495,0.00012624180717222302,0.9673594051882447,0.9654978091037714,0.9590000000000001
15,57,41.0,49.249936244997734,9.867652152707321e-08,-7.005786168345495,0.00012624180717222302,0.9673594051882447,0.9654978091037714,0.96
15,57,41.0,49.249936244997734,9.867652152707321e-08,-7.005786168345495,0.00012624180717222302,0.9673594051882447,0.9654978091037714,0.9610000000000001
15,57,41.0,49.249936244997734,9.867652152707321e-08,-7.005786168345495,0.00012624180717222302,0.9673594051882447,0.9654978091037714,0.962
15,57,41.0,49.249936244997734,9.867652152707321e-08,-7.005786168345495,0.00012624180717222302,0.9673594051882447,0.9654978091037714,0.9630000000000001
15,57,41.0,49.249936244997734,9.867652152707321e-08,-7.005786168345495,0.00012624180717222302,0.9673594051882447,0.9654978091037714,0.964
15,57,41.0,49.249936244997734,9.867652152707321e-08,-7.005786168345495,0.00012624180717222302,0.9673594051882447,0.9654978091037714,0.9650000000000001
16,58,41.0,48.834765741017385,9.524450496777129e-08,-7.0211600710960775,0.00013167743122634916,0.9703010290699119,0.9704783557445907,0.966
16,58,41.0,48.834765741017385,9.524450496777129e-08,-7.0211600710960775,0.00013167743122634916,0.9703010290699119,0.9704783557445907,0.9670000000000001
16,58,41.0,48.834765741017385,9.524450496777129e-08,-7.0211600710960775,0.00013167743122634916,0.9703010290699119,0.9704783557445907,0.968
16,58,41.0,48.834765741017385,9.524450496777129e-08,-7.0211600710960775,0.00013167743122634916,0.9703010290699119,0.9704783557445907,0.9690000000000001
16,58,41.0,48.834765741017385,9.524450496777129e-08,-7.0211600710960775,0.00013167743122634916,0.9703010290699119,0.9704783557445907,0.97
22,64,41.0,54.15566562546975,1.3490919689664145e-07,-6.869958443024049,0.0001542843945379479,0.9781575817083633,0.9750609275530827,0.9710000000000001
22,64,41.0,54.15566562546975,1.3490919689664145e-07,-6.869958443024049,0.0001542843945379479,0.9781575817083633,0.9750609275530827,0.972
22,64,41.0,54.15566562546975,1.3490919689664145e-07,-6.869958443024049,0.0001542843945379479,0.9781575817083633,0.9750609275530827,0.973
22,64,41.0,54.15566562546975,1.3490919689664145e-07,-6.869958443024049,0.0001542843945379479,0.9781575817083633,0.9750609275530827,0.974
22,64,41.0,54.15566562546975,1.3490919689664145e-07,-6.869958443024049,0.0001542843945379479,0.9781575817083633,0.9750609275530827,0.975
315,368,41.0,59.663182610343235,2.374131840646734e-09,-8.62449516740522,0.1380081843669851,0.9979978467291238,0.9765362198550015,0.976
317,371,41.0,60.63483174091936,2.980580907325423e-09,-8.52569908482995,0.14576240078505623,0.9978806579283278,0.9774591003196953,0.977
318,372,41.0,61.02835544140636,3.263663488528428e-09,-8.486294627065647,0.1489397820585584,0.9978570901737787,0.9781331041002934,0.978
321,376,41.0,62.4196175994986,4.4606816433593705e-09,-8.35059877103455,0.1602116748756612,0.9978176889321774,0.9793282787462559,0.979
324,380,41.0,63.78304243836476,5.9908409246572096e-09,-8.222512212117328,0.17183658265131832,0.9977268340995209,0.9805121889941273,0.98
326,383,41.0,64.78242609920635,7.386187655156334e-09,-8.131579662760911,0.18023146547077057,0.9976802757624214,0.9810826888466603,0.981
329,387,41.0,66.24708092805831,9.94525889595721e-09,-8.002383906795744,0.1920771415428819,0.9976516736823758,0.9822069552292291,0.982
332,391,41.0,67.74034216734269,1.3317828434781724e-08,-7.875566584150451,0.20406439491703957,0.9976449028148062,0.9832504050269003,0.983
335,395,41.0,69.26670952642455,1.7750756326131772e-08,-7.750783137748733,0.2161351452175021,0.9976543380969661,0.9842448479592762,0.984
337,397,41.0,70.15873068093487,2.0899774060588534e-08,-7.679858408854019,0.22314767092378032,0.9976873096035954,0.9850995790385513,0.985
341,403,41.0,72.37126615847153,3.0823369296288855e-08,-7.5111198903804635,0.24040930450404202,0.9975290040013202,0.9863605255731703,0.986
343,406,41.0,73.52367501047124,3.743581235207655e-08,-7.426712738302035,0.24894299178914378,0.9974397247626947,0.9870114443321706,0.987
347,411,41.0,75.65170876867717,5.291126635516797e-08,-7.276451844128874,0.2644228950553053,0.9974184629498906,0.9882507238564174,0.988
350,415,41.0,77.23939046472987,6.774601061596442e-08,-7.1691162741581325,0.27664589662074646,0.9973487905322638,0.9890374511203013,0.989
356,423,41.0,80.43438672001083,1.0859711970097871e-07,-6.964181693297445,0.301149681350064,0.9973317483044626,0.9901874043231509,0.99
362,431,41.0,83.66609141969745,1.6954622095045655e-07,-6.770711885854365,0.32550979805460883,0.9973877441630857,0.9911057283453227,0.991
371,443,41.0,88.61896985479308,3.176498914680135e-07,-6.498051288714839,0.36138074136885806,0.9976435988409111,0.992137899019468,0.992
377,451,41.0,92.01730351936754,4.720953372653312e-07,-6.325970288935272,0.3843835773826874,0.9976279427360126,0.9930768119058883,0.993
383,459,41.0,95.4330605323945,6.85632653034187e-07,-6.16390850745756,0.4068204670728656,0.9974917919551558,0.994034094053503,0.994
6,49,42.0,38.41893906669662,3.999241202718948e-08,-7.398022401855261,0.00010010713943670876,0.911362477954699,0.9617608730750781,0.9
6,49,42.0,38.41893906669662,3.999241202718948e-08,-7.398022401855261,0.00010010713943670876,0.911362477954699,0.9617608730750781,0.901
6,49,42.0,38.41893906669662,3.999241202718948e-08,-7.398022401855261,0.00010010713943670876,0.911362477954699,0.9617608730750781,0.902
6,49,42.0,38.41893906669662,3.999241202718948e-08,-7.398022401855261,0.00010010713943670876,0.911362477954699,0.9617608730750781,0.903
6,49,42.0,38.41893906669662,3.999241202718948e-08,-7.398022401855261,0.00010010713943670876,0.911362477954699,0.9617608730750781,0.904
6,49,42.0,38.41893906669662,3.999241202718948e-08,-7.398022401855261,0.00010010713943670876,0.911362477954699,0.9617608730750781,0.905
6,49,42.0,38.41893906669662,3.999241202718948e-08,-7.398022401855261,0.00010010713943670876,0.911362477954699,0.9617608730750781,0.906
6,49,42.0,38.41893906669662,3.999241202718948e-08,-7.398022401855261,0.00010010713943670876,0.911362477954699,0.9617608730750781,0.907
6,49,42.0,38.41893906669662,3.999241202718948e-08,-7.398022401855261,0.00010010713943670876,0.911362477954699,0.9617608730750781,0.908
6,49,42.0,38.41893906669662,3.999241202718948e-08,-7.398022401855261,0.00010010713943670876,0.911362477954699,0.9617608730750781,0.909
6,49,42.0,38.41893906669662,3.999241202718948e-08,-7.398022401855261,0.00010010713943670876,0.911362477954699,0.9617608730750781,0.91
6,49,42.0,38.41893906669662,3.999241202718948e-08,-7.398022401855261,0.00010010713943670876,0.911362477954699,0.9617608730750781,0.911
9,52,42.0,42.5081220574242,5.8803612027785034e-08,-7.230595996448417,0.00010990010562211975,0.9324685224610676,0.9568162574468911,0.912
9,52,42.0,42.5081220574242,5.8803612027785034e-08,-7.230595996448417,0.00010990010562211975,0.9324685224610676,0.9568162574468911,0.913
9,52,42.0,42.5081220574242,5.8803612027785034e-08,-7.230595996448417,0.00010990010562211975,0.9324685224610676,0.9568162574468911,0.914
9,52,42.0,42.5081220574242,5.8803612027785034e-08,-7.230595996448417,0.00010990010562211975,0.9324685224610676,0.9568162574468911,0.915
9,52,42.0,42.5081220574242,5.8803612027785034e-08,-7.230595996448417,0.00010990010562211975,0.9324685224610676,0.9568162574468911,0.916
9,52,42.0,42.5081220574242,5.8803612027785034e-08,-7.230595996448417,0.00010990010562211975,0.9324685224610676,0.9568162574468911,0.917
9,52,42.0,42.5081220574242,5.8803612027785034e-08,-7.230595996448417,0.00010990010562211975,0.9324685224610676,0.9568162574468911,0.918
9,52,42.0,42.5081220574242,5.8803612027785034e-08,-7.230595996448417,0.00010990010562211975,0.9324685224610676,0.9568162574468911,0.919
9,52,42.0,42.5081220574242,5.8803612027785034e-08,-7.230595996448417,0.00010990010562211975,0.9324685224610676,0.9568162574468911,0.92
9,52,42.0,42.5081220574242,5.8803612027785034e-08,-7.230595996448417,0.00010990010562211975,0.9324685224610676,0.9568162574468911,0.921
9,52,42.0,42.5081220574242,5.8803612027785034e-08,-7.230595996448417,0.00010990010562211975,0.9324685224610676,0.9568162574468911,0.922
9,52,42.0,42.5081220574242,5.8803612027785034e-08,-7.230595996448417,0.00010990010562211975,0.9324685224610676,0.9568162574468911,0.923
9,52,42.0,42.5081220574242,5.8803612027785034e-08,-7.230595996448417,0.00010990010562211975,0.9324685224610676,0.9568162574468911,0.924
9,52,42.0,42.5081220574242,5.8803612027785034e-08,-7.230595996448417,0.00010990010562211975,0.9324685224610676,0.9568162574468911,0.925
9,52,42.0,42.5081220574242,5.8803612027785034e-08,-7.230595996448417,0.00010990010562211975,0.9324685224610676,0.9568162574468911,0.926
9,52,42.0,42.5081220574242,5.8803612027785034e-08,-7.230595996448417,0.00010990010562211975,0.9324685224610676,0.9568162574468911,0.927
9,52,42.0,42.5081220574242,5.8803612027785034e-08,-7.230595996448417,0.00010990010562211975,0.9324685224610676,0.9568162574468911,0.928
9,52,42.0,42.5081220574242,5.8803612027785034e-08,-7.230595996448417,0.00010990010562211975,0.9324685224610676,0.9568162574468911,0.929
9,52,42.0,42.5081220574242,5.8803612027785034e-08,-7.230595996448417,0.00010990010562211975,0.9324685224610676,0.9568162574468911,0.93
9,52,42.0,42.5081220574242,5.8803612027785034e-08,-7.230595996448417,0.00010990010562211975,0.9324685224610676,0.9568162574468911,0.931
9,52,42.0,42.5081220574242,5.8803612027785034e-08,-7.230595996448417,0.00010990010562211975,0.9324685224610676,0.9568162574468911,0.932
10,53,42.0,44.385148909085174,6.884964914681336e-08,-7.162098268536922,0.00011175373775468465,0.9382042018022672,0.9580800221688793,0.933
10,53,42.0,44.385148909085174,6.884964914681336e-08,-7.162098268536922,0.00011175373775468465,0.9382042018022672,0.9580800221688793,0.934
10,53,42.0,44.385148909085174,6.884964914681336e-08,-7.162098268536922,0.00011175373775468465,0.9382042018022672,0.9580800221688793,0.935
10,53,42.0,44.385148909085174,6.884964914681336e-08,-7.162098268536922,0.00011175373775468465,0.9382042018022672,0.9580800221688793,0.936
10,53,42.0,44.385148909085174,6.884964914681336e-08,-7.162098268536922,0.00011175373775468465,0.9382042018022672,0.9580800221688793,0.937
10,53,42.0,44.385148909085174,6.884964914681336e-08,-7.162098268536922,0.00011175373775468465,0.9382042018022672,0.9580800221688793,0.9380000000000001
11,54,42.0,46.02928535240674,7.84381566137536e-08,-7.105472621300556,0.00011438252224184942,0.9432030258091603,0.9578092402923934,0.9390000000000001
11,54,42.0,46.02928535240674,7.84381566137536e-08,-7.105472621300556,0.00011438252224184942,0.9432030258091603,0.9578092402923934,0.9400000000000001
11,54,42.0,46.02928535240674,7.84381566137536e-08,-7.105472621300556,0.00011438252224184942,0.9432030258091603,0.9578092402923934,0.9410000000000001
11,54,42.0,46.02928535240674,7.84381566137536e-08,-7.105472621300556,0.00011438252224184942,0.9432030258091603,0.9578092402923934,0.9420000000000001
11,54,42.0,46.02928535240674,7.84381566137536e-08,-7.105472621300556,0.00011438252224184942,0.9432030258091603,0.9578092402923934,0.9430000000000001
12,55,42.0,48.497999969676684,9.462520521580638e-08,-7.023993165626659,0.00011743474003483147,0.9696790897394425,0.9524441011748548,0.9440000000000001
12,55,42.0,48.497999969676684,9.462520521580638e-08,-7.023993165626659,0.00011743474003483147,0.9696790897394425,0.9524441011748548,0.9450000000000001
12,55,42.0,48.497999969676684,9.462520521580638e-08,-7.023993165626659,0.00011743474003483147,0.9696790897394425,0.9524441011748548,0.9460000000000001
12,55,42.0,48.497999969676684,9.462520521580638e-08,-7.023993165626659,0.00011743474003483147,0.9696790897394425,0.9524441011748548,0.9470000000000001
12,55,42.0,48.497999969676684,9.462520521580638e-08,-7.023993165626659,0.00011743474003483147,0.9696790897394425,0.9524441011748548,0.9480000000000001
12,55,42.0,48.497999969676684,9.462520521580638e-08,-7.023993165626659,0.00011743474003483147,0.9696790897394425,0.9524441011748548,0.9490000000000001
12,55,42.0,48.497999969676684,9.462520521580638e-08,-7.023993165626659,0.00011743474003483147,0.9696790897394425,0.9524441011748548,0.9500000000000001
12,55,42.0,48.497999969676684,9.462520521580638e-08,-7.023993165626659,0.00011743474003483147,0.9696790897394425,0.9524441011748548,0.9510000000000001
12,55,42.0,48.497999969676684,9.462520521580638e-08,-7.023993165626659,0.00011743474003483147,0.9696790897394425,0.9524441011748548,0.9520000000000001
13,56,42.0,49.3550677535383,1.0013367266109735e-07,-6.999419854670563,0.00012033031672579486,0.9687102521135662,0.955729901070119,0.9530000000000001
13,56,42.0,49.3550677535383,1.0013367266109735e-07,-6.999419854670563,0.00012033031672579486,0.9687102521135662,0.955729901070119,0.9540000000000001
13,56,42.0,49.3550677535383,1.0013367266109735e-07,-6.999419854670563,0.00012033031672579486,0.9687102521135662,0.955729901070119,0.9550000000000001
14,57,42.0,49.87202185217261,1.0322811032716771e-07,-6.9862020226932655,0.00012330944353024982,0.9667249307077223,0.960495685902586,0.9560000000000001
14,57,42.0,49.87202185217261,1.0322811032716771e-07,-6.9862020226932655,0.00012330944353024982,0.9667249307077223,0.960495685902586,0.9570000000000001
14,57,42.0,49.87202185217261,1.0322811032716771e-07,-6.9862020226932655,0.00012330944353024982,0.9667249307077223,0.960495685902586,0.9580000000000001
14,57,42.0,49.87202185217261,1.0322811032716771e-07,-6.9862020226932655,0.00012330944353024982,0.9667249307077223,0.960495685902586,0.9590000000000001
14,57,42.0,49.87202185217261,1.0322811032716771e-07,-6.9862020226932655,0.00012330944353024982,0.9667249307077223,0.960495685902586,0.96
15,58,42.0,49.558486016439744,1.0052212637272365e-07,-6.997738333229352,0.0001285145084453552,0.9686418108797586,0.964864624305009,0.9610000000000001
15,58,42.0,49.558486016439744,1.0052212637272365e-07,-6.997738333229352,0.0001285145084453552,0.9686418108797586,0.964864624305009,0.962
15,58,42.0,49.558486016439744,1.0052212637272365e-07,-6.997738333229352,0.0001285145084453552,0.9686418108797586,0.964864624305009,0.9630000000000001
15,58,42.0,49.558486016439744,1.0052212637272365e-07,-6.997738333229352,0.0001285145084453552,0.9686418108797586,0.964864624305009,0.964
16,59,42.0,49.07170932315221,9.665699382308336e-08,-7.014766716194333,0.00013468690863054365,0.9717033359092563,0.9673051797518399,0.9650000000000001
16,59,42.0,49.07170932315221,9.665699382308336e-08,-7.014766716194333,0.00013468690863054365,0.9717033359092563,0.9673051797518399,0.966
16,59,42.0,49.07170932315221,9.665699382308336e-08,-7.014766716194333,0.00013468690863054365,0.9717033359092563,0.9673051797518399,0.9670000000000001
19,62,42.0,52.681484411908926,1.2340627458510199e-07,-6.908662758062841,0.00014449504552972904,0.9800319763422529,0.9688280980692308,0.968
20,63,42.0,53.518534541605014,1.3001050056613456e-07,-6.886021569587305,0.00014822402859734758,0.9797785536207879,0.9699814678130118,0.9690000000000001
21,64,42.0,54.432890684302286,1.3739516831355354e-07,-6.862028539559275,0.000151437614548895,0.9790684390232751,0.9719412188991242,0.97
21,64,42.0,54.432890684302286,1.3739516831355354e-07,-6.862028539559275,0.000151437614548895,0.9790684390232751,0.9719412188991242,0.9710000000000001
22,65,42.0,54.48968210168912,1.3741671946529114e-07,-6.861960423537271,0.00015672448676335736,0.9788707756379974,0.9742368376389968,0.972
22,65,42.0,54.48968210168912,1.3741671946529114e-07,-6.861960423537271,0.00015672448676335736,0.9788707756379974,0.9742368376389968,0.973
22,65,42.0,54.48968210168912,1.3741671946529114e-07,-6.861960423537271,0.00015672448676335736,0.9788707756379974,0.9742368376389968,0.974
315,370,42.0,60.02275171491575,2.5808226408925915e-09,-8.588241839984722,0.14100363482293227,0.9978295853418608,0.9755810907549265,0.975
316,371,42.0,60.418621423616756,2.8319594187000734e-09,-8.547912974273547,0.1441289183909374,0.9978144506987526,0.9762980059634472,0.976
318,374,42.0,61.38343866475371,3.5333074042772112e-09,-8.451818576498471,0.1520327740705063,0.9977132496320422,0.9771360573048573,0.977
320,376,42.0,62.18788954122014,4.233805772442645e-09,-8.373269069295162,0.15852039537611845,0.9977335982183285,0.9782980325169106,0.978
323,380,42.0,63.557926956622005,5.70501223248678e-09,-8.2437434200458,0.1700806758662758,0.9976645521457671,0.9795205923944,0.979
325,383,42.0,64.5481212930349,7.0290051552318e-09,-8.153106138161835,0.1784521531462355,0.9976054312511224,0.9801530154618964,0.98
328,387,42.0,66.00720822844117,9.471185993786547e-09,-8.023595634691887,0.19026169999660603,0.9975726828184037,0.9813455488617446,0.981
331,391,42.0,67.48992883285918,1.26799837936582e-08,-7.896881301527576,0.20222734082472738,0.9975513768433072,0.982467550665298,0.982
333,394,42.0,68.56308659727198,1.555328049701311e-08,-7.808177995608776,0.21080059441445637,0.9975350085104512,0.9830558894502478,0.983
336,398,42.0,70.10471606952173,2.066611536060693e-08,-7.6847411506588195,0.2228672608594244,0.9975067304085522,0.9841752406714515,0.984
339,402,42.0,71.66518102177693,2.7258604624299406e-08,-7.564496379590026,0.23496951166198332,0.9974384520641126,0.9853005959968986,0.985
342,406,42.0,73.25369864626478,3.5755199052785524e-08,-7.446660799855366,0.24705427315115785,0.9973382676143632,0.9864199770493114,0.986
344,409,42.0,74.43518389439248,4.34585868339997e-08,-7.361924399970725,0.2555075613363997,0.9972622959847244,0.9870577715807501,0.987
348,414,42.0,76.52073088666157,6.05881247047893e-08,-7.217612489374501,0.271168871608003,0.9972849636558662,0.9881565837338581,0.988
353,421,42.0,79.21590105597073,9.096511817055616e-08,-7.041125111967025,0.2921749381562551,0.9971781715754193,0.9892758717194625,0.989
357,426,42.0,81.30960200305327,1.227923773872719e-07,-6.9108285921638695,0.307888782145195,0.9972432387294936,0.9900412442836223,0.99
365,437,42.0,85.70017006575114,2.2090421224663819e-07,-6.655796002833726,0.3407880613796034,0.9973809841854004,0.9911163494750237,0.991
372,446,42.0,89.54395446301906,3.54503285250411e-07,-6.450379735771425,0.36773783674151217,0.9975351948475975,0.9921375195104314,0.992
378,454,42.0,92.93887421013753,5.229983586712881e-07,-6.28149967407942,0.39061952654526877,0.9974920990225248,0.9931056831257288,0.993
384,462,42.0,96.36851809762128,7.558781794573603e-07,-6.121548191605274,0.41286814613379225,0.9973562980873485,0.9940537246784091,0.994
6,50,43.0,38.88541533674692,4.160544261211946e-08,-7.380849853464591,0.00010156149059501501,0.9131946386616441,0.962412841778132,0.9
6,50,43.0,38.88541533674692,4.160544261211946e-08,-7.380849853464591,0.00010156149059501501,0.9131946386616441,0.962412841778132,0.901
6,50,43.0,38.88541533674692,4.160544261211946e-08,-7.380849853464591,0.00010156149059501501,0.9131946386616441,0.962412841778132,0.902
6,50,43.0,38.88541533674692,4.160544261211946e-08,-7.380849853464591,0.00010156149059501501,0.9131946386616441,0.962412841778132,0.903
6,50,43.0,38.88541533674692,4.160544261211946e-08,-7.380849853464591,0.00010156149059501501,0.9131946386616441,0.962412841778132,0.904
6,50,43.0,38.88541533674692,4.160544261211946e-08,-7.380849853464591,0.00010156149059501501,0.9131946386616441,0.962412841778132,0.905
6,50,43.0,38.88541533674692,4.160544261211946e-08,-7.380849853464591,0.00010156149059501501,0.9131946386616441,0.962412841778132,0.906
6,50,43.0,38.88541533674692,4.160544261211946e-08,-7.380849853464591,0.00010156149059501501,0.9131946386616441,0.962412841778132,0.907
6,50,43.0,38.88541533674692,4.160544261211946e-08,-7.380849853464591,0.00010156149059501501,0.9131946386616441,0.962412841778132,0.908
6,50,43.0,38.88541533674692,4.160544261211946e-08,-7.380849853464591,0.00010156149059501501,0.9131946386616441,0.962412841778132,0.909
6,50,43.0,38.88541533674692,4.160544261211946e-08,-7.380849853464591,0.00010156149059501501,0.9131946386616441,0.962412841778132,0.91
6,50,43.0,38.88541533674692,4.160544261211946e-08,-7.380849853464591,0.00010156149059501501,0.9131946386616441,0.962412841778132,0.911
6,50,43.0,38.88541533674692,4.160544261211946e-08,-7.380849853464591,0.00010156149059501501,0.9131946386616441,0.962412841778132,0.912
6,50,43.0,38.88541533674692,4.160544261211946e-08,-7.380849853464591,0.00010156149059501501,0.9131946386616441,0.962412841778132,0.913
7,51,43.0,40.05577891330066,4.672426283143104e-08,-7.330457541757952,0.00010571433547501574,0.9145013098492054,0.955851695270914,0.914
9,53,43.0,43.01037498214958,6.100090412847875e-08,-7.214663728020391,0.00011101229845312816,0.9335709942078014,0.958953805942243,0.915
9,53,43.0,43.01037498214958,6.100090412847875e-08,-7.214663728020391,0.00011101229845312816,0.9335709942078014,0.958953805942243,0.916
9,53,43.0,43.01037498214958,6.100090412847875e-08,-7.214663728020391,0.00011101229845312816,0.9335709942078014,0.958953805942243,0.917
9,53,43.0,43.01037498214958,6.100090412847875e-08,-7.214663728020391,0.00011101229845312816,0.9335709942078014,0.958953805942243,0.918
9,53,43.0,43.01037498214958,6.100090412847875e-08,-7.214663728020391,0.00011101229845312816,0.9335709942078014,0.958953805942243,0.919
9,53,43.0,43.01037498214958,6.100090412847875e-08,-7.214663728020391,0.00011101229845312816,0.9335709942078014,0.958953805942243,0.92
9,53,43.0,43.01037498214958,6.100090412847875e-08,-7.214663728020391,0.00011101229845312816,0.9335709942078014,0.958953805942243,0.921
9,53,43.0,43.01037498214958,6.100090412847875e-08,-7.214663728020391,0.00011101229845312816,0.9335709942078014,0.958953805942243,0.922
9,53,43.0,43.01037498214958,6.100090412847875e-08,-7.214663728020391,0.00011101229845312816,0.9335709942078014,0.958953805942243,0.923
9,53,43.0,43.01037498214958,6.100090412847875e-08,-7.214663728020391,0.00011101229845312816,0.9335709942078014,0.958953805942243,0.924
9,53,43.0,43.01037498214958,6.100090412847875e-08,-7.214663728020391,0.00011101229845312816,0.9335709942078014,0.958953805942243,0.925
9,53,43.0,43.01037498214958,6.100090412847875e-08,-7.214663728020391,0.00011101229845312816,0.9335709942078014,0.958953805942243,0.926
9,53,43.0,43.01037498214958,6.100090412847875e-08,-7.214663728020391,0.00011101229845312816,0.9335709942078014,0.958953805942243,0.927
9,53,43.0,43.01037498214958,6.100090412847875e-08,-7.214663728020391,0.00011101229845312816,0.9335709942078014,0.958953805942243,0.928
9,53,43.0,43.01037498214958,6.100090412847875e-08,-7.214663728020391,0.00011101229845312816,0.9335709942078014,0.958953805942243,0.929
9,53,43.0,43.01037498214958,6.100090412847875e-08,-7.214663728020391,0.00011101229845312816,0.9335709942078014,0.958953805942243,0.93
9,53,43.0,43.01037498214958,6.100090412847875e-08,-7.214663728020391,0.00011101229845312816,0.9335709942078014,0.958953805942243,0.931
9,53,43.0,43.01037498214958,6.100090412847875e-08,-7.214663728020391,0.00011101229845312816,0.9335709942078014,0.958953805942243,0.932
9,53,43.0,43.01037498214958,6.100090412847875e-08,-7.214663728020391,0.00011101229845312816,0.9335709942078014,0.958953805942243,0.933
10,54,43.0,44.772148877111555,7.069535348824442e-08,-7.150609129636339,0.00011356819535262831,0.9401884075262356,0.9585821705780401,0.934
10,54,43.0,44.772148877111555,7.069535348824442e-08,-7.150609129636339,0.00011356819535262831,0.9401884075262356,0.9585821705780401,0.935
10,54,43.0,44.772148877111555,7.069535348824442e-08,-7.150609129636339,0.00011356819535262831,0.9401884075262356,0.9585821705780401,0.936
10,54,43.0,44.772148877111555,7.069535348824442e-08,-7.150609129636339,0.00011356819535262831,0.9401884075262356,0.9585821705780401,0.937
10,54,43.0,44.772148877111555,7.069535348824442e-08,-7.150609129636339,0.00011356819535262831,0.9401884075262356,0.9585821705780401,0.9380000000000001
10,54,43.0,44.772148877111555,7.069535348824442e-08,-7.150609129636339,0.00011356819535262831,0.9401884075262356,0.9585821705780401,0.9390000000000001
10,54,43.0,44.772148877111555,7.069535348824442e-08,-7.150609129636339,0.00011356819535262831,0.9401884075262356,0.9585821705780401,0.9400000000000001
11,55,43.0,46.23560828793326,7.949572852532601e-08,-7.099656206283382,0.00011731690529176087,0.9460830412947707,0.9545136245068045,0.9410000000000001
11,55,43.0,46.23560828793326,7.949572852532601e-08,-7.099656206283382,0.00011731690529176087,0.9460830412947707,0.9545136245068045,0.9420000000000001
11,55,43.0,46.23560828793326,7.949572852532601e-08,-7.099656206283382,0.00011731690529176087,0.9460830412947707,0.9545136245068045,0.9430000000000001
11,55,43.0,46.23560828793326,7.949572852532601e-08,-7.099656206283382,0.00011731690529176087,0.9460830412947707,0.9545136245068045,0.9440000000000001
11,55,43.0,46.23560828793326,7.949572852532601e-08,-7.099656206283382,0.00011731690529176087,0.9460830412947707,0.9545136245068045,0.9450000000000001
11,55,43.0,46.23560828793326,7.949572852532601e-08,-7.099656206283382,0.00011731690529176087,0.9460830412947707,0.9545136245068045,0.9460000000000001
12,56,43.0,48.91508067577526,9.699083980725352e-08,-7.013269280259697,0.00011870929732905949,0.9701916119003918,0.9548249032191303,0.9470000000000001
12,56,43.0,48.91508067577526,9.699083980725352e-08,-7.013269280259697,0.00011870929732905949,0.9701916119003918,0.9548249032191303,0.9480000000000001
12,56,43.0,48.91508067577526,9.699083980725352e-08,-7.013269280259697,0.00011870929732905949,0.9701916119003918,0.9548249032191303,0.9490000000000001
12,56,43.0,48.91508067577526,9.699083980725352e-08,-7.013269280259697,0.00011870929732905949,0.9701916119003918,0.9548249032191303,0.9500000000000001
12,56,43.0,48.91508067577526,9.699083980725352e-08,-7.013269280259697,0.00011870929732905949,0.9701916119003918,0.9548249032191303,0.9510000000000001
12,56,43.0,48.91508067577526,9.699083980725352e-08,-7.013269280259697,0.00011870929732905949,0.9701916119003918,0.9548249032191303,0.9520000000000001
12,56,43.0,48.91508067577526,9.699083980725352e-08,-7.013269280259697,0.00011870929732905949,0.9701916119003918,0.9548249032191303,0.9530000000000001
12,56,43.0,48.91508067577526,9.699083980725352e-08,-7.013269280259697,0.00011870929732905949,0.9701916119003918,0.9548249032191303,0.9540000000000001
13,57,43.0,49.839292483107194,1.0298742049649615e-07,-6.987215819397719,0.0001212510181996818,0.9689083898316092,0.9583362261608908,0.9550000000000001
13,57,43.0,49.839292483107194,1.0298742049649615e-07,-6.987215819397719,0.0001212510181996818,0.9689083898316092,0.9583362261608908,0.9560000000000001
13,57,43.0,49.839292483107194,1.0298742049649615e-07,-6.987215819397719,0.0001212510181996818,0.9689083898316092,0.9583362261608908,0.9570000000000001
13,57,43.0,49.839292483107194,1.0298742049649615e-07,-6.987215819397719,0.0001212510181996818,0.9689083898316092,0.9583362261608908,0.9580000000000001
14,58,43.0,50.1459718582903,1.0488141504506565e-07,-6.979301461839349,0.00012560778465187268,0.9681456508407529,0.9600170139324999,0.9590000000000001
14,58,43.0,50.1459718582903,1.0488141504506565e-07,-6.979301461839349,0.00012560778465187268,0.9681456508407529,0.9600170139324999,0.96
15,59,43.0,49.758701068637315,1.0173197563784539e-07,-6.992542521409229,0.00013152700728016035,0.9702250601229714,0.9619014441258641,0.9610000000000001
16,60,43.0,49.39501782708381,9.860580974586035e-08,-7.006097496151724,0.0001370924460866956,0.9726238331595256,0.9663823823109028,0.962
16,60,43.0,49.39501782708381,9.860580974586035e-08,-7.006097496151724,0.0001370924460866956,0.9726238331595256,0.9663823823109028,0.9630000000000001
16,60,43.0,49.39501782708381,9.860580974586035e-08,-7.006097496151724,0.0001370924460866956,0.9726238331595256,0.9663823823109028,0.964
16,60,43.0,49.39501782708381,9.860580974586035e-08,-7.006097496151724,0.0001370924460866956,0.9726238331595256,0.9663823823109028,0.9650000000000001
16,60,43.0,49.39501782708381,9.860580974586035e-08,-7.006097496151724,0.0001370924460866956,0.9726238331595256,0.9663823823109028,0.966
18,62,43.0,52.44354805708575,1.2141607495898922e-07,-6.915723810758118,0.00014246530665137144,0.9812285695007867,0.9673377983791872,0.9670000000000001
19,63,43.0,53.05372610977939,1.2600649328446615e-07,-6.89960707452567,0.0001464706574429338,0.9804061287425716,0.9691344251983335,0.968
19,63,43.0,53.05372610977939,1.2600649328446615e-07,-6.89960707452567,0.0001464706574429338,0.9804061287425716,0.9691344251983335,0.9690000000000001
20,64,43.0,53.97481317424973,1.3331418956984528e-07,-6.875123623099898,0.00014967967525802387,0.9798056524380812,0.9710965357953425,0.97
20,64,43.0,53.97481317424973,1.3331418956984528e-07,-6.875123623099898,0.00014967967525802387,0.9798056524380812,0.9710965357953425,0.9710000000000001
311,366,43.0,58.49757375076298,1.7870513571976684e-09,-8.747862966337637,0.1287118037115623,0.9979024728105896,0.9725725441428615,0.972
312,367,43.0,58.870153852356474,1.9578154402246963e-09,-8.708228250770793,0.13175486457638655,0.997888742976764,0.9733191870098636,0.973
314,370,43.0,59.81430509416762,2.4545015976122214e-09,-8.610036680885788,0.1393902427335052,0.99777134442834,0.9743385790272078,0.974
315,371,43.0,60.202133898304574,2.6896803300197975e-09,-8.570299333067544,0.14250609264228617,0.9977449498968685,0.9751036070911432,0.975
318,375,43.0,61.55670831982961,3.671780598427874e-09,-8.43512327729074,0.1535973958782498,0.9976473441292177,0.9766087421261832,0.976
320,378,43.0,62.532728001451986,4.562122675045033e-09,-8.340833040765023,0.161702689049316,0.9976098045940837,0.9772696020550321,0.977
322,381,43.0,63.51613741138854,5.6450567957516725e-09,-8.24833168421599,0.16991925329704655,0.9975410171604965,0.9780323517368837,0.978
324,383,43.0,64.31697225246194,6.691413170152393e-09,-8.174482153205705,0.1766750270054765,0.9975340026819387,0.9791846386782491,0.979
327,387,43.0,65.76289511371712,9.008550992610737e-09,-8.045345058801312,0.188458669908339,0.9974830723741585,0.980468252513932,0.98
329,390,43.0,66.79762405236627,1.1067756728011663e-08,-7.9559403953246575,0.1969707958272432,0.9974464674264346,0.9811155645053803,0.981
332,394,43.0,68.3040281478511,1.4798304548891485e-08,-7.82978803914827,0.2089572166294885,0.9974262370311507,0.9822993383052039,0.982
335,398,43.0,69.8490822909294,1.9712419748498454e-08,-7.705260061721645,0.2209891249847384,0.9974112009363805,0.9834534262812467,0.983
337,401,43.0,70.96049939897343,2.4060199107255202e-08,-7.618700783030071,0.2295426413733446,0.997333955966794,0.9841937623411472,0.984
340,405,43.0,72.53021417609311,3.160657208319269e-08,-7.500222603372106,0.24165224854129758,0.9972596036753775,0.9853291569699597,0.985
342,408,43.0,73.68546169154767,3.837526955950585e-08,-7.415948560888183,0.2501308734634912,0.9971279098392936,0.9861109014153943,0.986
346,413,43.0,75.77906659524871,5.388650005468304e-08,-7.2685200230526945,0.26575303516731286,0.9971824415723683,0.9872576925684561,0.987
349,417,43.0,77.38931094996609,6.919082619248835e-08,-7.159951483550337,0.27790491868173794,0.9971491619010633,0.9880724055736116,0.988
354,424,43.0,80.07345203525564,1.0293182390274723e-07,-6.987450331665234,0.29897583482191287,0.9970894689790434,0.9891068373729371,0.989
360,432,43.0,83.30345335185518,1.6124019525665863e-07,-6.792526684602104,0.3233418653661197,0.9971636636534784,0.9901553663653556,0.99
366,440,43.0,86.5939190269086,2.4720111733822435e-07,-6.606949570586747,0.34736533216186083,0.9973147004209661,0.991013697704788,0.991
373,450,43.0,90.68148862549724,4.045324371360914e-07,-6.39304664907171,0.37552890418425267,0.9973418408506596,0.9920671290632951,0.992
379,458,43.0,94.10062286624562,5.934319759977711e-07,-6.226629056224029,0.39814906208898126,0.997281443866101,0.9930715364292412,0.993
6,51,44.0,39.15369632075614,4.255002167748697e-08,-7.371100214324151,0.00010458782430626323,0.916782448680534,0.9557042954575696,0.9
6,51,44.0,39.15369632075614,4.255002167748697e-08,-7.371100214324151,0.00010458782430626323,0.916782448680534,0.9557042954575696,0.901
6,51,44.0,39.15369632075614,4.255002167748697e-08,-7.371100214324151,0.00010458782430626323,0.916782448680534,0.9557042954575696,0.902
6,51,44.0,39.15369632075614,4.255002167748697e-08,-7.371100214324151,0.00010458782430626323,0.916782448680534,0.9557042954575696,0.903
6,51,44.0,39.15369632075614,4.255002167748697e-08,-7.371100214324151,0.00010458782430626323,0.916782448680534,0.9557042954575696,0.904
6,51,44.0,39.15369632075614,4.255002167748697e-08,-7.371100214324151,0.00010458782430626323,0.916782448680534,0.9557042954575696,0.905
6,51,44.0,39.15369632075614,4.255002167748697e-08,-7.371100214324151,0.00010458782430626323,0.916782448680534,0.9557042954575696,0.906
6,51,44.0,39.15369632075614,4.255002167748697e-08,-7.371100214324151,0.00010458782430626323,0.916782448680534,0.9557042954575696,0.907
6,51,44.0,39.15369632075614,4.255002167748697e-08,-7.371100214324151,0.00010458782430626323,0.916782448680534,0.9557042954575696,0.908
6,51,44.0,39.15369632075614,4.255002167748697e-08,-7.371100214324151,0.00010458782430626323,0.916782448680534,0.9557042954575696,0.909
6,51,44.0,39.15369632075614,4.255002167748697e-08,-7.371100214324151,0.00010458782430626323,0.916782448680534,0.9557042954575696,0.91
6,51,44.0,39.15369632075614,4.255002167748697e-08,-7.371100214324151,0.00010458782430626323,0.916782448680534,0.9557042954575696,0.911
6,51,44.0,39.15369632075614,4.255002167748697e-08,-7.371100214324151,0.00010458782430626323,0.916782448680534,0.9557042954575696,0.912
6,51,44.0,39.15369632075614,4.255002167748697e-08,-7.371100214324151,0.00010458782430626323,0.916782448680534,0.9557042954575696,0.913
6,51,44.0,39.15369632075614,4.255002167748697e-08,-7.371100214324151,0.00010458782430626323,0.916782448680534,0.9557042954575696,0.914
6,51,44.0,39.15369632075614,4.255002167748697e-08,-7.371100214324151,0.00010458782430626323,0.916782448680534,0.9557042954575696,0.915
6,51,44.0,39.15369632075614,4.255002167748697e-08,-7.371100214324151,0.00010458782430626323,0.916782448680534,0.9557042954575696,0.916
9,54,44.0,43.41668385280544,6.280985625759206e-08,-7.201972200491899,0.00011279188574057394,0.9354032427571102,0.959293478072829,0.917
9,54,44.0,43.41668385280544,6.280985625759206e-08,-7.201972200491899,0.00011279188574057394,0.9354032427571102,0.959293478072829,0.918
9,54,44.0,43.41668385280544,6.280985625759206e-08,-7.201972200491899,0.00011279188574057394,0.9354032427571102,0.959293478072829,0.919
9,54,44.0,43.41668385280544,6.280985625759206e-08,-7.201972200491899,0.00011279188574057394,0.9354032427571102,0.959293478072829,0.92
9,54,44.0,43.41668385280544,6.280985625759206e-08,-7.201972200491899,0.00011279188574057394,0.9354032427571102,0.959293478072829,0.921
9,54,44.0,43.41668385280544,6.280985625759206e-08,-7.201972200491899,0.00011279188574057394,0.9354032427571102,0.959293478072829,0.922
9,54,44.0,43.41668385280544,6.280985625759206e-08,-7.201972200491899,0.00011279188574057394,0.9354032427571102,0.959293478072829,0.923
9,54,44.0,43.41668385280544,6.280985625759206e-08,-7.201972200491899,0.00011279188574057394,0.9354032427571102,0.959293478072829,0.924
9,54,44.0,43.41668385280544,6.280985625759206e-08,-7.201972200491899,0.00011279188574057394,0.9354032427571102,0.959293478072829,0.925
9,54,44.0,43.41668385280544,6.280985625759206e-08,-7.201972200491899,0.00011279188574057394,0.9354032427571102,0.959293478072829,0.926
9,54,44.0,43.41668385280544,6.280985625759206e-08,-7.201972200491899,0.00011279188574057394,0.9354032427571102,0.959293478072829,0.927
9,54,44.0,43.41668385280544,6.280985625759206e-08,-7.201972200491899,0.00011279188574057394,0.9354032427571102,0.959293478072829,0.928
9,54,44.0,43.41668385280544,6.280985625759206e-08,-7.201972200491899,0.00011279188574057394,0.9354032427571102,0.959293478072829,0.929
9,54,44.0,43.41668385280544,6.280985625759206e-08,-7.201972200491899,0.00011279188574057394,0.9354032427571102,0.959293478072829,0.93
9,54,44.0,43.41668385280544,6.280985625759206e-08,-7.201972200491899,0.00011279188574057394,0.9354032427571102,0.959293478072829,0.931
9,54,44.0,43.41668385280544,6.280985625759206e-08,-7.201972200491899,0.00011279188574057394,0.9354032427571102,0.959293478072829,0.932
9,54,44.0,43.41668385280544,6.280985625759206e-08,-7.201972200491899,0.00011279188574057394,0.9354032427571102,0.959293478072829,0.933
9,54,44.0,43.41668385280544,6.280985625759206e-08,-7.201972200491899,0.00011279188574057394,0.9354032427571102,0.959293478072829,0.934
9,54,44.0,43.41668385280544,6.280985625759206e-08,-7.201972200491899,0.00011279188574057394,0.9354032427571102,0.959293478072829,0.935
10,55,44.0,45.01247248516087,7.18564574967206e-08,-7.1435341972002435,0.00011641779756563587,0.9429322424582889,0.955198251860713,0.936
10,55,44.0,45.01247248516087,7.18564574967206e-08,-7.1435341972002435,0.00011641779756563587,0.9429322424582889,0.955198251860713,0.937
10,55,44.0,45.01247248516087,7.18564574967206e-08,-7.1435341972002435,0.00011641779756563587,0.9429322424582889,0.955198251860713,0.9380000000000001
10,55,44.0,45.01247248516087,7.18564574967206e-08,-7.1435341972002435,0.00011641779756563587,0.9429322424582889,0.955198251860713,0.9390000000000001
10,55,44.0,45.01247248516087,7.18564574967206e-08,-7.1435341972002435,0.00011641779756563587,0.9429322424582889,0.955198251860713,0.9400000000000001
10,55,44.0,45.01247248516087,7.18564574967206e-08,-7.1435341972002435,0.00011641779756563587,0.9429322424582889,0.955198251860713,0.9410000000000001
10,55,44.0,45.01247248516087,7.18564574967206e-08,-7.1435341972002435,0.00011641779756563587,0.9429322424582889,0.955198251860713,0.9420000000000001
11,56,44.0,46.69336519468988,8.187202712195191e-08,-7.086864456502111,0.00011856272223240242,0.947204332989168,0.9566573479334379,0.9430000000000001
11,56,44.0,46.69336519468988,8.187202712195191e-08,-7.086864456502111,0.00011856272223240242,0.947204332989168,0.9566573479334379,0.9440000000000001
11,56,44.0,46.69336519468988,8.187202712195191e-08,-7.086864456502111,0.00011856272223240242,0.947204332989168,0.9566573479334379,0.9450000000000001
11,56,44.0,46.69336519468988,8.187202712195191e-08,-7.086864456502111,0.00011856272223240242,0.947204332989168,0.9566573479334379,0.9460000000000001
11,56,44.0,46.69336519468988,8.187202712195191e-08,-7.086864456502111,0.00011856272223240242,0.947204332989168,0.9566573479334379,0.9470000000000001
12,57,44.0,49.389116448513825,9.971592223557848e-08,-7.001235489763097,0.00011966603183807847,0.9702839184739864,0.9573667409079367,0.9480000000000001
12,57,44.0,49.389116448513825,9.971592223557848e-08,-7.001235489763097,0.00011966603183807847,0.9702839184739864,0.9573667409079367,0.9490000000000001
12,57,44.0,49.389116448513825,9.971592223557848e-08,-7.001235489763097,0.00011966603183807847,0.9702839184739864,0.9573667409079367,0.9500000000000001
12,57,44.0,49.389116448513825,9.971592223557848e-08,-7.001235489763097,0.00011966603183807847,0.9702839184739864,0.9573667409079367,0.9510000000000001
12,57,44.0,49.389116448513825,9.971592223557848e-08,-7.001235489763097,0.00011966603183807847,0.9702839184739864,0.9573667409079367,0.9520000000000001
12,57,44.0,49.389116448513825,9.971592223557848e-08,-7.001235489763097,0.00011966603183807847,0.9702839184739864,0.9573667409079367,0.9530000000000001
12,57,44.0,49.389116448513825,9.971592223557848e-08,-7.001235489763097,0.00011966603183807847,0.9702839184739864,0.9573667409079367,0.9540000000000001
12,57,44.0,49.389116448513825,9.971592223557848e-08,-7.001235489763097,0.00011966603183807847,0.9702839184739864,0.9573667409079367,0.9550000000000001
12,57,44.0,49.389116448513825,9.971592223557848e-08,-7.001235489763097,0.00011966603183807847,0.9702839184739864,0.9573667409079367,0.9560000000000001
12,57,44.0,49.389116448513825,9.971592223557848e-08,-7.001235489763097,0.00011966603183807847,0.9702839184739864,0.9573667409079367,0.9570000000000001
15,60,44.0,50.0459540967125,1.0348511034965535e-07,-6.9851221328946576,0.0001339609596856899,0.9713476815595086,0.9611616334174047,0.9580000000000001
15,60,44.0,50.0459540967125,1.0348511034965535e-07,-6.9851221328946576,0.0001339609596856899,0.9713476815595086,0.9611616334174047,0.9590000000000001
15,60,44.0,50.0459540967125,1.0348511034965535e-07,-6.9851221328946576,0.0001339609596856899,0.9713476815595086,0.9611616334174047,0.96
15,60,44.0,50.0459540967125,1.0348511034965535e-07,-6.9851221328946576,0.0001339609596856899,0.9713476815595086,0.9611616334174047,0.9610000000000001
16,61,44.0,49.792145011770415,1.0103011606092705e-07,-6.995549148103607,0.00013897999418851812,0.9730819656544127,0.9667612746609591,0.962
16,61,44.0,49.792145011770415,1.0103011606092705e-07,-6.995549148103607,0.00013897999418851812,0.9730819656544127,0.9667612746609591,0.9630000000000001
16,61,44.0,49.792145011770415,1.0103011606092705e-07,-6.995549148103607,0.00013897999418851812,0.9730819656544127,0.9667612746609591,0.964
16,61,44.0,49.792145011770415,1.0103011606092705e-07,-6.995549148103607,0.00013897999418851812,0.9730819656544127,0.9667612746609591,0.9650000000000001
16,61,44.0,49.792145011770415,1.0103011606092705e-07,-6.995549148103607,0.00013897999418851812,0.9730819656544127,0.9667612746609591,0.966
17,62,44.0,51.337443362113916,1.1239025196927143e-07,-6.949271355133007,0.0001414634232484593,0.9770281524361607,0.9676818408611885,0.9670000000000001
19,64,44.0,53.50279134762296,1.291821652488664e-07,-6.888797440432644,0.00014794550885708475,0.9803663883778307,0.9701956766147389,0.968
19,64,44.0,53.50279134762296,1.291821652488664e-07,-6.888797440432644,0.00014794550885708475,0.9803663883778307,0.9701956766147389,0.9690000000000001
19,64,44.0,53.50279134762296,1.291821652488664e-07,-6.888797440432644,0.00014794550885708475,0.9803663883778307,0.9701956766147389,0.97
310,366,44.0,58.30268384868768,1.7015974882591682e-09,-8.7691431641702,0.12716473486111146,0.9978541242976406,0.9711896516813521,0.9710000000000001
312,369,44.0,59.21675258017646,2.1255721925474944e-09,-8.67252414014754,0.13472261852912162,0.9977239485160393,0.9722628738494886,0.972
313,370,44.0,59.60686352659428,2.3341990105738975e-09,-8.631862119366243,0.13778693370997763,0.9977119272657798,0.9730583176782824,0.973
315,373,44.0,60.5543317476294,2.9151077919200394e-09,-8.535345381704094,0.1455409414654288,0.9975858570260719,0.9740954586878842,0.974
318,377,44.0,61.90334701190604,3.963044610204164e-09,-8.401971038981364,0.1567304685678315,0.9975109351398195,0.97558084928107,0.975
319,378,44.0,62.300574535188424,4.330107350328332e-09,-8.363501336654185,0.1600039334029228,0.997521665239325,0.9761920993791744,0.976
322,382,44.0,63.688911378708376,5.853061484983779e-09,-8.232616913704216,0.1715323441944953,0.9974788400055435,0.9775517165601798,0.977
324,385,44.0,64.67963297135026,7.20676164479118e-09,-8.142259841484854,0.1798734636371022,0.9973853326054767,0.9783891120184453,0.978
326,388,44.0,65.69837362831582,8.877053345514367e-09,-8.051731170274834,0.18827924201103338,0.9973169285427627,0.9791802167860489,0.979
328,390,44.0,66.5552626360293,1.0541663942032139e-08,-7.977090832785011,0.19513971886264272,0.9973626731139602,0.9802377983904093,0.98
331,394,44.0,68.05135105018464,1.4092535164276827e-08,-7.851010872836862,0.20710645738591718,0.9973288601769739,0.9814994654941174,0.981
333,397,44.0,69.13603069915207,1.7273628952766366e-08,-7.762616413527021,0.2156584108935431,0.9972967673440597,0.9821966883213956,0.982
336,401,44.0,70.70230879559523,2.2961291614718574e-08,-7.6390036857266885,0.2276542614622383,0.9972386197950533,0.9834786554550339,0.983
338,404,44.0,71.80759765308605,2.788299620910455e-08,-7.554660560302685,0.23626960243029607,0.997181655170773,0.9841522852137249,0.984
340,407,44.0,72.95480829162594,3.3922758400128e-08,-7.469508840694578,0.24474183072816746,0.9970476487479744,0.9850035943065579,0.985
344,412,44.0,75.02945846437059,4.77651169357204e-08,-7.320889154702987,0.26035182880430296,0.9970486650002188,0.9863438705486588,0.986
347,416,44.0,76.66667683120275,6.185776639813075e-08,-7.208605765847224,0.2724076619429637,0.9970412329523187,0.9872236962485472,0.987
351,422,44.0,78.88568558071117,8.648900481482888e-08,-7.06303910007001,0.28991546989877615,0.9969797348111835,0.9880349378567477,0.988
357,430,44.0,82.09198406190754,1.366141119280305e-07,-6.864504436701926,0.31436110154295716,0.9970258168916348,0.9892549185459918,0.989
362,437,44.0,84.84321508447843,1.9741720126155069e-07,-6.7046150092777825,0.3351528170462419,0.997074455463314,0.9900663615668907,0.99
368,445,44.0,88.16756914144113,2.9994886056562693e-07,-6.522952783504825,0.3588879267724049,0.9971852444680166,0.9910481721938449,0.991
374,453,44.0,91.60754328400874,4.4957229947139644e-07,-6.3472004557960515,0.381780092246591,0.9972234173540817,0.9920830708971433,0.992
380,461,44.0,95.0361920930594,6.558210853685602e-07,-6.1832146243973565,0.4042259388224438,0.9971476635512764,0.9931010606617154,0.993
6,52,45.0,39.55562686063151,4.3989139188996005e-08,-7.356654536525679,0.00010648400970025332,0.9188832922411113,0.9554600672264921,0.9
6,52,45.0,39.55562686063151,4.3989139188996005e-08,-7.356654536525679,0.00010648400970025332,0.9188832922411113,0.9554600672264921,0.901
6,52,45.0,39.55562686063151,4.3989139188996005e-08,-7.356654536525679,0.00010648400970025332,0.9188832922411113,0.9554600672264921,0.902
6,52,45.0,39.55562686063151,4.3989139188996005e-08,-7.356654536525679,0.00010648400970025332,0.9188832922411113,0.9554600672264921,0.903
6,52,45.0,39.55562686063151,4.3989139188996005e-08,-7.356654536525679,0.00010648400970025332,0.9188832922411113,0.9554600672264921,0.904
6,52,45.0,39.55562686063151,4.3989139188996005e-08,-7.356654536525679,0.00010648400970025332,0.9188832922411113,0.9554600672264921,0.905
6,52,45.0,39.55562686063151,4.3989139188996005e-08,-7.356654536525679,0.00010648400970025332,0.9188832922411113,0.9554600672264921,0.906
6,52,45.0,39.55562686063151,4.3989139188996005e-08,-7.356654536525679,0.00010648400970025332,0.9188832922411113,0.9554600672264921,0.907
6,52,45.0,39.55562686063151,4.3989139188996005e-08,-7.356654536525679,0.00010648400970025332,0.9188832922411113,0.9554600672264921,0.908
6,52,45.0,39.55562686063151,4.3989139188996005e-08,-7.356654536525679,0.00010648400970025332,0.9188832922411113,0.9554600672264921,0.909
6,52,45.0,39.55562686063151,4.3989139188996005e-08,-7.356654536525679,0.00010648400970025332,0.9188832922411113,0.9554600672264921,0.91
6,52,45.0,39.55562686063151,4.3989139188996005e-08,-7.356654536525679,0.00010648400970025332,0.9188832922411113,0.9554600672264921,0.911
6,52,45.0,39.55562686063151,4.3989139188996005e-08,-7.356654536525679,0.00010648400970025332,0.9188832922411113,0.9554600672264921,0.912
6,52,45.0,39.55562686063151,4.3989139188996005e-08,-7.356654536525679,0.00010648400970025332,0.9188832922411113,0.9554600672264921,0.913
6,52,45.0,39.55562686063151,4.3989139188996005e-08,-7.356654536525679,0.00010648400970025332,0.9188832922411113,0.9554600672264921,0.914
6,52,45.0,39.55562686063151,4.3989139188996005e-08,-7.356654536525679,0.00010648400970025332,0.9188832922411113,0.9554600672264921,0.915
6,52,45.0,39.55562686063151,4.3989139188996005e-08,-7.356654536525679,0.00010648400970025332,0.9188832922411113,0.9554600672264921,0.916
6,52,45.0,39.55562686063151,4.3989139188996005e-08,-7.356654536525679,0.00010648400970025332,0.9188832922411113,0.9554600672264921,0.917
6,52,45.0,39.55562686063151,4.3989139188996005e-08,-7.356654536525679,0.00010648400970025332,0.9188832922411113,0.9554600672264921,0.918
9,55,45.0,43.68952974301666,6.404214526609614e-08,-7.193534128632453,0.00011556176133961796,0.9380467567803057,0.9558324575946239,0.919
9,55,45.0,43.68952974301666,6.404214526609614e-08,-7.193534128632453,0.00011556176133961796,0.9380467567803057,0.9558324575946239,0.92
9,55,45.0,43.68952974301666,6.404214526609614e-08,-7.193534128632453,0.00011556176133961796,0.9380467567803057,0.9558324575946239,0.921
9,55,45.0,43.68952974301666,6.404214526609614e-08,-7.193534128632453,0.00011556176133961796,0.9380467567803057,0.9558324575946239,0.922
9,55,45.0,43.68952974301666,6.404214526609614e-08,-7.193534128632453,0.00011556176133961796,0.9380467567803057,0.9558324575946239,0.923
9,55,45.0,43.68952974301666,6.404214526609614e-08,-7.193534128632453,0.00011556176133961796,0.9380467567803057,0.9558324575946239,0.924
9,55,45.0,43.68952974301666,6.404214526609614e-08,-7.193534128632453,0.00011556176133961796,0.9380467567803057,0.9558324575946239,0.925
9,55,45.0,43.68952974301666,6.404214526609614e-08,-7.193534128632453,0.00011556176133961796,0.9380467567803057,0.9558324575946239,0.926
9,55,45.0,43.68952974301666,6.404214526609614e-08,-7.193534128632453,0.00011556176133961796,0.9380467567803057,0.9558324575946239,0.927
9,55,45.0,43.68952974301666,6.404214526609614e-08,-7.193534128632453,0.00011556176133961796,0.9380467567803057,0.9558324575946239,0.928
9,55,45.0,43.68952974301666,6.404214526609614e-08,-7.193534128632453,0.00011556176133961796,0.9380467567803057,0.9558324575946239,0.929
9,55,45.0,43.68952974301666,6.404214526609614e-08,-7.193534128632453,0.00011556176133961796,0.9380467567803057,0.9558324575946239,0.93
9,55,45.0,43.68952974301666,6.404214526609614e-08,-7.193534128632453,0.00011556176133961796,0.9380467567803057,0.9558324575946239,0.931
9,55,45.0,43.68952974301666,6.404214526609614e-08,-7.193534128632453,0.00011556176133961796,0.9380467567803057,0.9558324575946239,0.932
9,55,45.0,43.68952974301666,6.404214526609614e-08,-7.193534128632453,0.00011556176133961796,0.9380467567803057,0.9558324575946239,0.933
9,55,45.0,43.68952974301666,6.404214526609614e-08,-7.193534128632453,0.00011556176133961796,0.9380467567803057,0.9558324575946239,0.934
9,55,45.0,43.68952974301666,6.404214526609614e-08,-7.193534128632453,0.00011556176133961796,0.9380467567803057,0.9558324575946239,0.935
9,55,45.0,43.68952974301666,6.404214526609614e-08,-7.193534128632453,0.00011556176133961796,0.9380467567803057,0.9558324575946239,0.936
9,55,45.0,43.68952974301666,6.404214526609614e-08,-7.193534128632453,0.00011556176133961796,0.9380467567803057,0.9558324575946239,0.937
9,55,45.0,43.68952974301666,6.404214526609614e-08,-7.193534128632453,0.00011556176133961796,0.9380467567803057,0.9558324575946239,0.9380000000000001
10,56,45.0,45.47925264093376,7.414294708115981e-08,-7.12993015534924,0.00011766127936957632,0.9439150498763909,0.9571775102018485,0.9390000000000001
10,56,45.0,45.47925264093376,7.414294708115981e-08,-7.12993015534924,0.00011766127936957632,0.9439150498763909,0.9571775102018485,0.9400000000000001
10,56,45.0,45.47925264093376,7.414294708115981e-08,-7.12993015534924,0.00011766127936957632,0.9439150498763909,0.9571775102018485,0.9410000000000001
10,56,45.0,45.47925264093376,7.414294708115981e-08,-7.12993015534924,0.00011766127936957632,0.9439150498763909,0.9571775102018485,0.9420000000000001
10,56,45.0,45.47925264093376,7.414294708115981e-08,-7.12993015534924,0.00011766127936957632,0.9439150498763909,0.9571775102018485,0.9430000000000001
11,57,45.0,47.198615779126484,8.453621828909644e-08,-7.072957184149686,0.00011950827722744048,0.94783710391474,0.9589883129023776,0.9440000000000001
11,57,45.0,47.198615779126484,8.453621828909644e-08,-7.072957184149686,0.00011950827722744048,0.94783710391474,0.9589883129023776,0.9450000000000001
11,57,45.0,47.198615779126484,8.453621828909644e-08,-7.072957184149686,0.00011950827722744048,0.94783710391474,0.9589883129023776,0.9460000000000001
11,57,45.0,47.198615779126484,8.453621828909644e-08,-7.072957184149686,0.00011950827722744048,0.94783710391474,0.9589883129023776,0.9470000000000001
12,58,45.0,49.65557038213616,1.0126607245324831e-07,-6.994536033557271,0.00012192846818326127,0.9714314284187923,0.9567914634325678,0.9480000000000001
12,58,45.0,49.65557038213616,1.0126607245324831e-07,-6.994536033557271,0.00012192846818326127,0.9714314284187923,0.9567914634325678,0.9490000000000001
12,58,45.0,49.65557038213616,1.0126607245324831e-07,-6.994536033557271,0.00012192846818326127,0.9714314284187923,0.9567914634325678,0.9500000000000001
12,58,45.0,49.65557038213616,1.0126607245324831e-07,-6.994536033557271,0.00012192846818326127,0.9714314284187923,0.9567914634325678,0.9510000000000001
12,58,45.0,49.65557038213616,1.0126607245324831e-07,-6.994536033557271,0.00012192846818326127,0.9714314284187923,0.9567914634325678,0.9520000000000001
12,58,45.0,49.65557038213616,1.0126607245324831e-07,-6.994536033557271,0.00012192846818326127,0.9714314284187923,0.9567914634325678,0.9530000000000001
12,58,45.0,49.65557038213616,1.0126607245324831e-07,-6.994536033557271,0.00012192846818326127,0.9714314284187923,0.9567914634325678,0.9540000000000001
12,58,45.0,49.65557038213616,1.0126607245324831e-07,-6.994536033557271,0.00012192846818326127,0.9714314284187923,0.9567914634325678,0.9550000000000001
12,58,45.0,49.65557038213616,1.0126607245324831e-07,-6.994536033557271,0.00012192846818326127,0.9714314284187923,0.9567914634325678,0.9560000000000001
15,61,45.0,50.407687906992706,1.057181976024742e-07,-6.975850249796593,0.00013589667520556804,0.972023320975292,0.9617176801139689,0.9570000000000001
15,61,45.0,50.407687906992706,1.057181976024742e-07,-6.975850249796593,0.00013589667520556804,0.972023320975292,0.9617176801139689,0.9580000000000001
15,61,45.0,50.407687906992706,1.057181976024742e-07,-6.975850249796593,0.00013589667520556804,0.972023320975292,0.9617176801139689,0.9590000000000001
15,61,45.0,50.407687906992706,1.057181976024742e-07,-6.975850249796593,0.00013589667520556804,0.972023320975292,0.9617176801139689,0.96
15,61,45.0,50.407687906992706,1.057181976024742e-07,-6.975850249796593,0.00013589667520556804,0.972023320975292,0.9617176801139689,0.9610000000000001
16,62,45.0,50.25297807588426,1.0388282225765652e-07,-6.983456260098983,0.00014042258071301388,0.9731080214254787,0.9678695550408767,0.962
16,62,45.0,50.25297807588426,1.0388282225765652e-07,-6.983456260098983,0.00014042258071301388,0.9731080214254787,0.9678695550408767,0.9630000000000001
16,62,45.0,50.25297807588426,1.0388282225765652e-07,-6.983456260098983,0.00014042258071301388,0.9731080214254787,0.9678695550408767,0.964
16,62,45.0,50.25297807588426,1.0388282225765652e-07,-6.983456260098983,0.00014042258071301388,0.9731080214254787,0.9678695550408767,0.9650000000000001
16,62,45.0,50.25297807588426,1.0388282225765652e-07,-6.983456260098983,0.00014042258071301388,0.9731080214254787,0.9678695550408767,0.966
16,62,45.0,50.25297807588426,1.0388282225765652e-07,-6.983456260098983,0.00014042258071301388,0.9731080214254787,0.9678695550408767,0.9670000000000001
18,64,45.0,53.24313567618315,1.2694269313542154e-07,-6.896392292208878,0.0001459484645311166,0.9814388311556022,0.9686564626390658,0.968
19,65,45.0,53.81568202438617,1.314207156367942e-07,-6.881336172237083,0.000150351570076403,0.9809015375071779,0.9693518558468024,0.9690000000000001
310,368,45.0,58.63845739123137,1.844969503111959e-09,-8.734010808225602,0.13011704847908767,0.997696977502943,0.9700325677369375,0.97
312,370,45.0,59.39233552681679,2.215249991610586e-09,-8.654577256415768,0.1362024693817951,0.9976356356705914,0.9717649271253151,0.9710000000000001
313,372,45.0,59.958628979802526,2.5328681007804093e-09,-8.596387425525172,0.1407737201016096,0.9975388592625954,0.9720676668195668,0.972
315,374,45.0,60.72852099706444,3.03256079764201e-09,-8.518190483514726,0.14706819832896317,0.9975083461481128,0.9735821078901478,0.973
317,377,45.0,61.68481172562769,3.769765634250021e-09,-8.423685648976127,0.15504135309582742,0.997445318303675,0.9744052803322784,0.974
318,378,45.0,62.0747472389572,4.114345296038923e-09,-8.385699262988535,0.15830612493805346,0.9974440831453991,0.9750631695063341,0.975
321,382,45.0,63.46858334953915,5.5785717038144894e-09,-8.253476980373133,0.16977047320871383,0.9974188493112386,0.9764699823964994,0.976
323,385,45.0,64.44951546195843,6.86296939355964e-09,-8.163487937906327,0.1780881851376686,0.9973139077764457,0.9773711234586777,0.977
325,388,45.0,65.45933085640186,8.448768553029367e-09,-8.073206586860694,0.18647326107202258,0.9972340315573006,0.9782225025242373,0.978
327,391,45.0,66.49835508466573,1.0405866576483953e-08,-7.982721746907045,0.19490712981061273,0.997179906071451,0.9790365947325046,0.979
329,393,45.0,67.35948275895348,1.23242189552987e-08,-7.909240594497153,0.20180586846304902,0.9972099640006635,0.9801398745756784,0.98
332,397,45.0,68.87481228174401,1.643933671276102e-08,-7.784115709168172,0.21380275243100158,0.9971849849242609,0.9814228896514916,0.981
334,400,45.0,69.98943355897177,2.0175801793718795e-08,-7.695169197241901,0.22228794809852628,0.9971261480348477,0.982240616174436,0.982
337,404,45.0,71.54746411376541,2.6625034284988698e-08,-7.57470982431295,0.23437002648284555,0.997086280196639,0.9834450619586783,0.983
339,407,45.0,72.6928376859653,3.2422615424104035e-08,-7.489151954988991,0.2428346985376729,0.9969584121676446,0.9843217786287308,0.984
342,411,45.0,74.2801774019485,4.2249868412769725e-08,-7.374174639322502,0.2549513107049141,0.9969025987870089,0.9853882127448188,0.985
345,415,45.0,75.90739838749535,5.488023194623367e-08,-7.260584061791893,0.267039767122707,0.9969290056821538,0.9862643391660798,0.986
349,421,45.0,78.16759310521815,7.765918830618552e-08,-7.109807153012053,0.2843993470342863,0.996900126486781,0.9871575924005336,0.987
353,426,45.0,80.20080207390122,1.0464640354663491e-07,-6.980275692759507,0.30024796443064417,0.9968796601069786,0.9882356978366883,0.988
358,433,45.0,82.94640850231478,1.5339033656653645e-07,-6.814201999630995,0.32112960826515974,0.9969499557261382,0.9891092128159782,0.989
364,442,45.0,86.4125146731922,2.410923051387937e-07,-6.617816650630802,0.34676936018683885,0.9969771543605509,0.9900533625714174,0.99
369,448,45.0,89.08963272781929,3.3495668927378724e-07,-6.475011344680807,0.3652306474894612,0.9970690746996173,0.9910659280436653,0.991
375,456,45.0,92.5327207181714,4.986447601297605e-07,-6.302208740262896,0.38798452641292225,0.9970921045333389,0.9921178282909,0.992
380,463,45.0,95.49856787486803,6.882374423090581e-07,-6.162261704069229,0.40691219251472155,0.9969657592174801,0.9930099220092256,0.993
6,53,46.0,40.05004881833338,4.57953840045598e-08,-7.339178294973812,0.00010762867336048476,0.9198057057016007,0.9573138205462576,0.9
6,53,46.0,40.05004881833338,4.57953840045598e-08,-7.339178294973812,0.00010762867336048476,0.9198057057016007,0.9573138205462576,0.901
6,53,46.0,40.05004881833338,4.57953840045598e-08,-7.339178294973812,0.00010762867336048476,0.9198057057016007,0.9573138205462576,0.902
6,53,46.0,40.05004881833338,4.57953840045598e-08,-7.339178294973812,0.00010762867336048476,0.9198057057016007,0.9573138205462576,0.903
6,53,46.0,40.05004881833338,4.57953840045598e-08,-7.339178294973812,0.00010762867336048476,0.9198057057016007,0.9573138205462576,0.904
6,53,46.0,40.05004881833338,4.57953840045598e-08,-7.339178294973812,0.00010762867336048476,0.9198057057016007,0.9573138205462576,0.905
6,53,46.0,40.05004881833338,4.57953840045598e-08,-7.339178294973812,0.00010762867336048476,0.9198057057016007,0.9573138205462576,0.906
6,53,46.0,40.05004881833338,4.57953840045598e-08,-7.339178294973812,0.00010762867336048476,0.9198057057016007,0.9573138205462576,0.907
6,53,46.0,40.05004881833338,4.57953840045598e-08,-7.339178294973812,0.00010762867336048476,0.9198057057016007,0.9573138205462576,0.908
6,53,46.0,40.05004881833338,4.57953840045598e-08,-7.339178294973812,0.00010762867336048476,0.9198057057016007,0.9573138205462576,0.909
6,53,46.0,40.05004881833338,4.57953840045598e-08,-7.339178294973812,0.00010762867336048476,0.9198057057016007,0.9573138205462576,0.91
6,53,46.0,40.05004881833338,4.57953840045598e-08,-7.339178294973812,0.00010762867336048476,0.9198057057016007,0.9573138205462576,0.911
6,53,46.0,40.05004881833338,4.57953840045598e-08,-7.339178294973812,0.00010762867336048476,0.9198057057016007,0.9573138205462576,0.912
6,53,46.0,40.05004881833338,4.57953840045598e-08,-7.339178294973812,0.00010762867336048476,0.9198057057016007,0.9573138205462576,0.913
6,53,46.0,40.05004881833338,4.57953840045598e-08,-7.339178294973812,0.00010762867336048476,0.9198057057016007,0.9573138205462576,0.914
6,53,46.0,40.05004881833338,4.57953840045598e-08,-7.339178294973812,0.00010762867336048476,0.9198057057016007,0.9573138205462576,0.915
6,53,46.0,40.05004881833338,4.57953840045598e-08,-7.339178294973812,0.00010762867336048476,0.9198057057016007,0.9573138205462576,0.916
6,53,46.0,40.05004881833338,4.57953840045598e-08,-7.339178294973812,0.00010762867336048476,0.9198057057016007,0.9573138205462576,0.917
6,53,46.0,40.05004881833338,4.57953840045598e-08,-7.339178294973812,0.00010762867336048476,0.9198057057016007,0.9573138205462576,0.918
6,53,46.0,40.05004881833338,4.57953840045598e-08,-7.339178294973812,0.00010762867336048476,0.9198057057016007,0.9573138205462576,0.919
7,54,46.0,41.37158608522065,5.1824362712318e-08,-7.285466029749787,0.00011051566581836071,0.920106761831271,0.9578812533651668,0.92
9,56,46.0,44.16524788973283,6.622331040378273e-08,-7.178989113312716,0.00011680238509237037,0.9389214799755677,0.95765674767097,0.921
9,56,46.0,44.16524788973283,6.622331040378273e-08,-7.178989113312716,0.00011680238509237037,0.9389214799755677,0.95765674767097,0.922
9,56,46.0,44.16524788973283,6.622331040378273e-08,-7.178989113312716,0.00011680238509237037,0.9389214799755677,0.95765674767097,0.923
9,56,46.0,44.16524788973283,6.622331040378273e-08,-7.178989113312716,0.00011680238509237037,0.9389214799755677,0.95765674767097,0.924
9,56,46.0,44.16524788973283,6.622331040378273e-08,-7.178989113312716,0.00011680238509237037,0.9389214799755677,0.95765674767097,0.925
9,56,46.0,44.16524788973283,6.622331040378273e-08,-7.178989113312716,0.00011680238509237037,0.9389214799755677,0.95765674767097,0.926
9,56,46.0,44.16524788973283,6.622331040378273e-08,-7.178989113312716,0.00011680238509237037,0.9389214799755677,0.95765674767097,0.927
9,56,46.0,44.16524788973283,6.622331040378273e-08,-7.178989113312716,0.00011680238509237037,0.9389214799755677,0.95765674767097,0.928
9,56,46.0,44.16524788973283,6.622331040378273e-08,-7.178989113312716,0.00011680238509237037,0.9389214799755677,0.95765674767097,0.929
9,56,46.0,44.16524788973283,6.622331040378273e-08,-7.178989113312716,0.00011680238509237037,0.9389214799755677,0.95765674767097,0.93
9,56,46.0,44.16524788973283,6.622331040378273e-08,-7.178989113312716,0.00011680238509237037,0.9389214799755677,0.95765674767097,0.931
9,56,46.0,44.16524788973283,6.622331040378273e-08,-7.178989113312716,0.00011680238509237037,0.9389214799755677,0.95765674767097,0.932
9,56,46.0,44.16524788973283,6.622331040378273e-08,-7.178989113312716,0.00011680238509237037,0.9389214799755677,0.95765674767097,0.933
9,56,46.0,44.16524788973283,6.622331040378273e-08,-7.178989113312716,0.00011680238509237037,0.9389214799755677,0.95765674767097,0.934
9,56,46.0,44.16524788973283,6.622331040378273e-08,-7.178989113312716,0.00011680238509237037,0.9389214799755677,0.95765674767097,0.935
9,56,46.0,44.16524788973283,6.622331040378273e-08,-7.178989113312716,0.00011680238509237037,0.9389214799755677,0.95765674767097,0.936
9,56,46.0,44.16524788973283,6.622331040378273e-08,-7.178989113312716,0.00011680238509237037,0.9389214799755677,0.95765674767097,0.937
9,56,46.0,44.16524788973283,6.622331040378273e-08,-7.178989113312716,0.00011680238509237037,0.9389214799755677,0.95765674767097,0.9380000000000001
10,57,46.0,45.988590167017605,7.667967968951074e-08,-7.115319709948494,0.00011861839606917872,0.9444295560921653,0.9593706978634008,0.9390000000000001
10,57,46.0,45.988590167017605,7.667967968951074e-08,-7.115319709948494,0.00011861839606917872,0.9444295560921653,0.9593706978634008,0.9400000000000001
10,57,46.0,45.988590167017605,7.667967968951074e-08,-7.115319709948494,0.00011861839606917872,0.9444295560921653,0.9593706978634008,0.9410000000000001
10,57,46.0,45.988590167017605,7.667967968951074e-08,-7.115319709948494,0.00011861839606917872,0.9444295560921653,0.9593706978634008,0.9420000000000001
10,57,46.0,45.988590167017605,7.667967968951074e-08,-7.115319709948494,0.00011861839606917872,0.9444295560921653,0.9593706978634008,0.9430000000000001
10,57,46.0,45.988590167017605,7.667967968951074e-08,-7.115319709948494,0.00011861839606917872,0.9444295560921653,0.9593706978634008,0.9440000000000001
11,58,46.0,47.51994863929659,8.625444994575392e-08,-7.06421849002822,0.00012169884547021464,0.9496723423713986,0.9582696014612523,0.9450000000000001
11,58,46.0,47.51994863929659,8.625444994575392e-08,-7.06421849002822,0.00012169884547021464,0.9496723423713986,0.9582696014612523,0.9460000000000001
11,58,46.0,47.51994863929659,8.625444994575392e-08,-7.06421849002822,0.00012169884547021464,0.9496723423713986,0.9582696014612523,0.9470000000000001
11,58,46.0,47.51994863929659,8.625444994575392e-08,-7.06421849002822,0.00012169884547021464,0.9496723423713986,0.9582696014612523,0.9480000000000001
11,58,46.0,47.51994863929659,8.625444994575392e-08,-7.06421849002822,0.00012169884547021464,0.9496723423713986,0.9582696014612523,0.9490000000000001
12,59,46.0,49.8288126277332,1.0228328869059013e-07,-6.9901953166526,0.0001248405830881695,0.972813399370411,0.9539323615124524,0.9500000000000001
12,59,46.0,49.8288126277332,1.0228328869059013e-07,-6.9901953166526,0.0001248405830881695,0.972813399370411,0.9539323615124524,0.9510000000000001
12,59,46.0,49.8288126277332,1.0228328869059013e-07,-6.9901953166526,0.0001248405830881695,0.972813399370411,0.9539323615124524,0.9520000000000001
12,59,46.0,49.8288126277332,1.0228328869059013e-07,-6.9901953166526,0.0001248405830881695,0.972813399370411,0.9539323615124524,0.9530000000000001
13,60,46.0,50.514469826185646,1.0704991447543503e-07,-6.970413675336955,0.00012894354244311795,0.9728421230695172,0.954395345697755,0.9540000000000001
14,61,46.0,50.90435925274827,1.0955512047515474e-07,-6.96036731922482,0.00013303650366861536,0.9718427376412124,0.9572746560338452,0.9550000000000001
14,61,46.0,50.90435925274827,1.0955512047515474e-07,-6.96036731922482,0.00013303650366861536,0.9718427376412124,0.9572746560338452,0.9560000000000001
14,61,46.0,50.90435925274827,1.0955512047515474e-07,-6.96036731922482,0.00013303650366861536,0.9718427376412124,0.9572746560338452,0.9570000000000001
15,62,46.0,50.8337603514578,1.083819399743637e-07,-6.965043079632718,0.00013740264257090302,0.9722773718330877,0.963006252367706,0.9580000000000001
15,62,46.0,50.8337603514578,1.083819399743637e-07,-6.965043079632718,0.00013740264257090302,0.9722773718330877,0.963006252367706,0.9590000000000001
15,62,46.0,50.8337603514578,1.083819399743637e-07,-6.965043079632718,0.00013740264257090302,0.9722773718330877,0.963006252367706,0.96
15,62,46.0,50.8337603514578,1.083819399743637e-07,-6.965043079632718,0.00013740264257090302,0.9722773718330877,0.963006252367706,0.9610000000000001
15,62,46.0,50.8337603514578,1.083819399743637e-07,-6.965043079632718,0.00013740264257090302,0.9722773718330877,0.963006252367706,0.962
15,62,46.0,50.8337603514578,1.083819399743637e-07,-6.965043079632718,0.00013740264257090302,0.9722773718330877,0.963006252367706,0.9630000000000001
16,63,46.0,50.64642488029061,1.0635200060366008e-07,-6.973254336104854,0.00014234599709960456,0.9734870461802579,0.9679386357080944,0.964
16,63,46.0,50.64642488029061,1.0635200060366008e-07,-6.973254336104854,0.00014234599709960456,0.9734870461802579,0.9679386357080944,0.9650000000000001
16,63,46.0,50.64642488029061,1.0635200060366008e-07,-6.973254336104854,0.00014234599709960456,0.9734870461802579,0.9679386357080944,0.966
16,63,46.0,50.64642488029061,1.0635200060366008e-07,-6.973254336104854,0.00014234599709960456,0.9734870461802579,0.9679386357080944,0.9670000000000001
17,64,46.0,52.16334608549787,1.1785355279419098e-07,-6.928657320770923,0.00014490872971515269,0.977338403060406,0.9687866264174918,0.968
310,369,46.0,58.81111084587499,1.922723863152656e-09,-8.716083083582781,0.13158106639148826,0.9976069913300427,0.969518270372765,0.9690000000000001
312,372,46.0,59.74174962002071,2.4035871470407596e-09,-8.619140127002034,0.13917582230850445,0.9974601543182483,0.9707606554229713,0.97
313,373,46.0,60.130483048061926,2.6351787769314796e-09,-8.579189915858999,0.1422852062534785,0.9974592306936647,0.9715362507327325,0.9710000000000001
315,376,46.0,61.07178309900575,3.2761396980404874e-09,-8.484637587743554,0.1501469750110318,0.9973596002737322,0.9725277322658691,0.972
316,377,46.0,61.462498099462216,3.5816344123487365e-09,-8.44591874590254,0.15336644045564127,0.9973691846487361,0.9732081553955925,0.973
318,380,46.0,62.42477932140558,4.439006124245614e-09,-8.352714255802693,0.16143255711151222,0.9972919516306364,0.9741223656663466,0.974
321,384,46.0,63.82074321295337,6.004752281485782e-09,-8.221504904164965,0.1729507602635764,0.9972697804737204,0.9756002461607796,0.975
322,385,46.0,64.22479240946063,6.541068846826521e-09,-8.18435127975666,0.1763029558870527,0.9972501708730033,0.9763077541294738,0.976
324,388,46.0,65.22312529636696,8.043263094200262e-09,-8.094567725343131,0.18466957094769912,0.9971544146866576,0.9772276760049066,0.977
326,391,46.0,66.24940023386803,9.893678727511835e-09,-8.004642196370682,0.1930911719444613,0.9970799150040605,0.978112097562238,0.978
329,395,46.0,67.73497483739212,1.3230721277205328e-08,-7.878416479457876,0.20501697230000418,0.9970446823828263,0.9795161355060968,0.979
330,396,46.0,68.17460881054082,1.4392784056121883e-08,-7.841855190548255,0.20848091289059617,0.9970676144026497,0.9800563806060267,0.98
333,401,46.0,69.92057328204228,1.9892344828690972e-08,-7.701314020991206,0.22201419191806956,0.9969287462626636,0.9812090290574697,0.981
335,403,46.0,70.82532685302621,2.3417582442417277e-08,-7.630457942146313,0.22900368102764546,0.9969823076818503,0.9821873644098252,0.982
337,406,46.0,71.9520906105564,2.85259416806616e-08,-7.544760010013527,0.23751449801802016,0.9968929610797534,0.9830312263016843,0.983
340,410,46.0,73.55053899430804,3.741469656801041e-08,-7.426957772540988,0.2495310937228346,0.9968043820791975,0.9842902783533829,0.984
343,414,46.0,75.15077380084062,4.860394638462899e-08,-7.313328466879962,0.2616459904216266,0.9967795627560135,0.9853123397822063,0.985
347,420,46.0,77.42741022511312,6.937365342412259e-08,-7.158805433651591,0.2789560001770324,0.9968061822622296,0.9862114722709173,0.986
350,424,46.0,79.00841602601103,8.790775833490765e-08,-7.055972794398915,0.2912095234468796,0.9967851390767928,0.9870485099273445,0.987
355,431,46.0,81.73009061996056,1.296949154789264e-07,-6.887077049534495,0.31212760550795776,0.9967712819015071,0.988179877117317,0.988
360,438,46.0,84.4766253306398,1.8784788934014625e-07,-6.726193680308222,0.33293211228042746,0.9968268045119343,0.9891073632035703,0.989
365,445,46.0,87.31128520905847,2.695202593525684e-07,-6.569408584116076,0.35325303651779183,0.9968800119825025,0.9900291343537323,0.99
371,453,46.0,90.73547361631992,4.060385869021896e-07,-6.391432692328255,0.3762809070737548,0.9969116284530476,0.9912085456473723,0.991
376,460,46.0,93.68944682025612,5.660190658700605e-07,-6.2471689397256815,0.39550039819864924,0.996878093492556,0.9920909816885549,0.992
6,54,47.0,40.470844514410615,4.736369864741802e-08,-7.324554390756332,0.00010935553904675471,0.9214291414609229,0.9574040880642577,0.9
6,54,47.0,40.470844514410615,4.736369864741802e-08,-7.324554390756332,0.00010935553904675471,0.9214291414609229,0.9574040880642577,0.901
6,54,47.0,40.470844514410615,4.736369864741802e-08,-7.324554390756332,0.00010935553904675471,0.9214291414609229,0.9574040880642577,0.902
6,54,47.0,40.470844514410615,4.736369864741802e-08,-7.324554390756332,0.00010935553904675471,0.9214291414609229,0.9574040880642577,0.903
6,54,47.0,40.470844514410615,4.736369864741802e-08,-7.324554390756332,0.00010935553904675471,0.9214291414609229,0.9574040880642577,0.904
6,54,47.0,40.470844514410615,4.736369864741802e-08,-7.324554390756332,0.00010935553904675471,0.9214291414609229,0.9574040880642577,0.905
6,54,47.0,40.470844514410615,4.736369864741802e-08,-7.324554390756332,0.00010935553904675471,0.9214291414609229,0.9574040880642577,0.906
6,54,47.0,40.470844514410615,4.736369864741802e-08,-7.324554390756332,0.00010935553904675471,0.9214291414609229,0.9574040880642577,0.907
6,54,47.0,40.470844514410615,4.736369864741802e-08,-7.324554390756332,0.00010935553904675471,0.9214291414609229,0.9574040880642577,0.908
6,54,47.0,40.470844514410615,4.736369864741802e-08,-7.324554390756332,0.00010935553904675471,0.9214291414609229,0.9574040880642577,0.909
6,54,47.0,40.470844514410615,4.736369864741802e-08,-7.324554390756332,0.00010935553904675471,0.9214291414609229,0.9574040880642577,0.91
6,54,47.0,40.470844514410615,4.736369864741802e-08,-7.324554390756332,0.00010935553904675471,0.9214291414609229,0.9574040880642577,0.911
6,54,47.0,40.470844514410615,4.736369864741802e-08,-7.324554390756332,0.00010935553904675471,0.9214291414609229,0.9574040880642577,0.912
6,54,47.0,40.470844514410615,4.736369864741802e-08,-7.324554390756332,0.00010935553904675471,0.9214291414609229,0.9574040880642577,0.913
6,54,47.0,40.470844514410615,4.736369864741802e-08,-7.324554390756332,0.00010935553904675471,0.9214291414609229,0.9574040880642577,0.914
6,54,47.0,40.470844514410615,4.736369864741802e-08,-7.324554390756332,0.00010935553904675471,0.9214291414609229,0.9574040880642577,0.915
6,54,47.0,40.470844514410615,4.736369864741802e-08,-7.324554390756332,0.00010935553904675471,0.9214291414609229,0.9574040880642577,0.916
6,54,47.0,40.470844514410615,4.736369864741802e-08,-7.324554390756332,0.00010935553904675471,0.9214291414609229,0.9574040880642577,0.917
6,54,47.0,40.470844514410615,4.736369864741802e-08,-7.324554390756332,0.00010935553904675471,0.9214291414609229,0.9574040880642577,0.918
6,54,47.0,40.470844514410615,4.736369864741802e-08,-7.324554390756332,0.00010935553904675471,0.9214291414609229,0.9574040880642577,0.919
6,54,47.0,40.470844514410615,4.736369864741802e-08,-7.324554390756332,0.00010935553904675471,0.9214291414609229,0.9574040880642577,0.92
6,54,47.0,40.470844514410615,4.736369864741802e-08,-7.324554390756332,0.00010935553904675471,0.9214291414609229,0.9574040880642577,0.921
7,55,47.0,41.67798229500552,5.305435979705097e-08,-7.275278921696631,0.00011316784801226152,0.9228768515284403,0.9543922467450969,0.922
9,57,47.0,44.67885302590489,6.862041258162257e-08,-7.163546675067614,0.00011776971815874775,0.9393448905814172,0.959718830441411,0.923
9,57,47.0,44.67885302590489,6.862041258162257e-08,-7.163546675067614,0.00011776971815874775,0.9393448905814172,0.959718830441411,0.924
9,57,47.0,44.67885302590489,6.862041258162257e-08,-7.163546675067614,0.00011776971815874775,0.9393448905814172,0.959718830441411,0.925
9,57,47.0,44.67885302590489,6.862041258162257e-08,-7.163546675067614,0.00011776971815874775,0.9393448905814172,0.959718830441411,0.926
9,57,47.0,44.67885302590489,6.862041258162257e-08,-7.163546675067614,0.00011776971815874775,0.9393448905814172,0.959718830441411,0.927
9,57,47.0,44.67885302590489,6.862041258162257e-08,-7.163546675067614,0.00011776971815874775,0.9393448905814172,0.959718830441411,0.928
9,57,47.0,44.67885302590489,6.862041258162257e-08,-7.163546675067614,0.00011776971815874775,0.9393448905814172,0.959718830441411,0.929
9,57,47.0,44.67885302590489,6.862041258162257e-08,-7.163546675067614,0.00011776971815874775,0.9393448905814172,0.959718830441411,0.93
9,57,47.0,44.67885302590489,6.862041258162257e-08,-7.163546675067614,0.00011776971815874775,0.9393448905814172,0.959718830441411,0.931
9,57,47.0,44.67885302590489,6.862041258162257e-08,-7.163546675067614,0.00011776971815874775,0.9393448905814172,0.959718830441411,0.932
9,57,47.0,44.67885302590489,6.862041258162257e-08,-7.163546675067614,0.00011776971815874775,0.9393448905814172,0.959718830441411,0.933
9,57,47.0,44.67885302590489,6.862041258162257e-08,-7.163546675067614,0.00011776971815874775,0.9393448905814172,0.959718830441411,0.934
9,57,47.0,44.67885302590489,6.862041258162257e-08,-7.163546675067614,0.00011776971815874775,0.9393448905814172,0.959718830441411,0.935
9,57,47.0,44.67885302590489,6.862041258162257e-08,-7.163546675067614,0.00011776971815874775,0.9393448905814172,0.959718830441411,0.936
9,57,47.0,44.67885302590489,6.862041258162257e-08,-7.163546675067614,0.00011776971815874775,0.9393448905814172,0.959718830441411,0.937
9,57,47.0,44.67885302590489,6.862041258162257e-08,-7.163546675067614,0.00011776971815874775,0.9393448905814172,0.959718830441411,0.9380000000000001
9,57,47.0,44.67885302590489,6.862041258162257e-08,-7.163546675067614,0.00011776971815874775,0.9393448905814172,0.959718830441411,0.9390000000000001
10,58,47.0,46.329855737215766,7.840489136130472e-08,-7.105656842609448,0.00012076550777083127,0.9461583039068386,0.9585397497309762,0.9400000000000001
10,58,47.0,46.329855737215766,7.840489136130472e-08,-7.105656842609448,0.00012076550777083127,0.9461583039068386,0.9585397497309762,0.9410000000000001
10,58,47.0,46.329855737215766,7.840489136130472e-08,-7.105656842609448,0.00012076550777083127,0.9461583039068386,0.9585397497309762,0.9420000000000001
10,58,47.0,46.329855737215766,7.840489136130472e-08,-7.105656842609448,0.00012076550777083127,0.9461583039068386,0.9585397497309762,0.9430000000000001
10,58,47.0,46.329855737215766,7.840489136130472e-08,-7.105656842609448,0.00012076550777083127,0.9461583039068386,0.9585397497309762,0.9440000000000001
10,58,47.0,46.329855737215766,7.840489136130472e-08,-7.105656842609448,0.00012076550777083127,0.9461583039068386,0.9585397497309762,0.9450000000000001
10,58,47.0,46.329855737215766,7.840489136130472e-08,-7.105656842609448,0.00012076550777083127,0.9461583039068386,0.9585397497309762,0.9460000000000001
11,59,47.0,47.75617383430312,8.753169844060077e-08,-7.057834644522063,0.00012451378435859961,0.9518138381349605,0.9553286139868621,0.9470000000000001
11,59,47.0,47.75617383430312,8.753169844060077e-08,-7.057834644522063,0.00012451378435859961,0.9518138381349605,0.9553286139868621,0.9480000000000001
11,59,47.0,47.75617383430312,8.753169844060077e-08,-7.057834644522063,0.00012451378435859961,0.9518138381349605,0.9553286139868621,0.9490000000000001
11,59,47.0,47.75617383430312,8.753169844060077e-08,-7.057834644522063,0.00012451378435859961,0.9518138381349605,0.9553286139868621,0.9500000000000001
11,59,47.0,47.75617383430312,8.753169844060077e-08,-7.057834644522063,0.00012451378435859961,0.9518138381349605,0.9553286139868621,0.9510000000000001
12,60,47.0,50.080172677554856,1.037726436138927e-07,-6.983917119448864,0.00012725029357028874,0.9738129632367236,0.9532301504978258,0.9520000000000001
12,60,47.0,50.080172677554856,1.037726436138927e-07,-6.983917119448864,0.00012725029357028874,0.9738129632367236,0.9532301504978258,0.9530000000000001
13,61,47.0,50.833961163212095,1.0900981402124567e-07,-6.962534401294172,0.0001309232120877419,0.9735646936135697,0.9550614923120959,0.9540000000000001
13,61,47.0,50.833961163212095,1.0900981402124567e-07,-6.962534401294172,0.0001309232120877419,0.9735646936135697,0.9550614923120959,0.9550000000000001
14,62,47.0,51.30022214760113,1.1204285602646123e-07,-6.95061582933148,0.00013459418432256316,0.9722410900216995,0.9586957441541952,0.9560000000000001
14,62,47.0,51.30022214760113,1.1204285602646123e-07,-6.95061582933148,0.00013459418432256316,0.9722410900216995,0.9586957441541952,0.9570000000000001
14,62,47.0,51.30022214760113,1.1204285602646123e-07,-6.95061582933148,0.00013459418432256316,0.9722410900216995,0.9586957441541952,0.9580000000000001
15,63,47.0,51.19549802296202,1.1067190128539673e-07,-6.9559626290373275,0.00013936661821709284,0.9728322014042865,0.9632308613760956,0.9590000000000001
15,63,47.0,51.19549802296202,1.1067190128539673e-07,-6.9559626290373275,0.00013936661821709284,0.9728322014042865,0.9632308613760956,0.96
15,63,47.0,51.19549802296202,1.1067190128539673e-07,-6.9559626290373275,0.00013936661821709284,0.9728322014042865,0.9632308613760956,0.9610000000000001
15,63,47.0,51.19549802296202,1.1067190128539673e-07,-6.9559626290373275,0.00013936661821709284,0.9728322014042865,0.9632308613760956,0.962
15,63,47.0,51.19549802296202,1.1067190128539673e-07,-6.9559626290373275,0.00013936661821709284,0.9728322014042865,0.9632308613760956,0.9630000000000001
16,64,47.0,51.10013002352205,1.0923793040525847e-07,-6.9616265364899235,0.00014383573292950673,0.973464772583774,0.9687826197780622,0.964
16,64,47.0,51.10013002352205,1.0923793040525847e-07,-6.9616265364899235,0.00014383573292950673,0.973464772583774,0.9687826197780622,0.9650000000000001
16,64,47.0,51.10013002352205,1.0923793040525847e-07,-6.9616265364899235,0.00014383573292950673,0.973464772583774,0.9687826197780622,0.966
16,64,47.0,51.10013002352205,1.0923793040525847e-07,-6.9616265364899235,0.00014383573292950673,0.973464772583774,0.9687826197780622,0.9670000000000001
16,64,47.0,51.10013002352205,1.0923793040525847e-07,-6.9616265364899235,0.00014383573292950673,0.973464772583774,0.9687826197780622,0.968
311,372,47.0,59.53125605342512,2.2836765240411164e-09,-8.641365412586023,0.13758275540098783,0.9973920704537492,0.9693988930770964,0.9690000000000001
312,373,47.0,59.91260461133932,2.500660360198574e-09,-8.601945290159989,0.14068010369727493,0.9973791136381652,0.9702232320694366,0.97
314,376,47.0,60.85603403703176,3.114650721740438e-09,-8.506590648242605,0.1484933845428913,0.9972917028527352,0.9712512618898677,0.9710000000000001
316,379,47.0,61.80622107082329,3.863665328242536e-09,-8.413000499335295,0.15647313948065256,0.9972177068056397,0.9722075899063494,0.972
318,382,47.0,62.7684935138233,4.7792367918578606e-09,-8.320641451410657,0.1645867286617564,0.997147239910401,0.9731500827757719,0.973
320,384,47.0,63.58354766358222,5.7027992391273275e-09,-8.243911917012802,0.17120460691328987,0.9971735908752238,0.9745208528346377,0.974
322,387,47.0,64.58417502267925,7.040752993810546e-09,-8.152380891487278,0.17947382092266081,0.9970876278934566,0.9755236149621233,0.975
323,388,47.0,64.98981896738486,7.659402295173972e-09,-8.115805119406,0.18286859338943523,0.9970780799135046,0.9761953077368668,0.976
325,391,47.0,66.00744256498773,9.41692212953082e-09,-8.026091020835992,0.19127053530526164,0.9969925504852998,0.977139503044563,0.977
327,394,47.0,67.0499141157494,1.1572803066192922e-08,-7.936561437181418,0.199730439719094,0.9969410368394217,0.9780062071072422,0.978
330,398,47.0,68.55758986833926,1.5450149131777863e-08,-7.81106732421354,0.2116639187583887,0.9968871464226856,0.9795038938728704,0.979
331,399,47.0,69.00677879389708,1.6808030849025867e-08,-7.774483163508493,0.2151157007970969,0.9968996736163672,0.9800842820243364,0.98
334,404,47.0,70.76252381230194,2.3119200996354213e-08,-7.636027179285702,0.22868888309912092,0.9967811879020375,0.9811964561986475,0.981
336,406,47.0,71.68870131538543,2.72264710460322e-08,-7.565008646010567,0.23561489484226464,0.9967922529599585,0.9822954547867598,0.982
338,409,47.0,72.83020203606821,3.311363998737541e-08,-7.479993077189862,0.24408976134095103,0.9966902935279502,0.9831612997385162,0.983
341,413,47.0,74.40580034497665,4.3035576240471283e-08,-7.366172377515761,0.25624076280393876,0.996657228254758,0.9842530062909848,0.984
345,419,47.0,76.68328399305578,6.18101354200653e-08,-7.208940304909668,0.2734941942582459,0.9966547754083337,0.9853074176027358,0.985
348,423,47.0,78.28363674789266,7.887070477815873e-08,-7.103084278358738,0.2856991436764351,0.9966877190941553,0.9861398669897897,0.986
352,429,47.0,80.50585367374782,1.0905693969118824e-07,-6.962346693462673,0.30316514959978313,0.9966275884923055,0.9870700235893022,0.987
357,436,47.0,83.2585091729895,1.5962884460416128e-07,-6.796888629773852,0.323966337494438,0.996673952745284,0.9881445446519738,0.988
362,443,47.0,86.03613962707841,2.2946080914761478e-07,-6.639291479296,0.3445491240717651,0.9966995892424713,0.9891667511902156,0.989
366,448,47.0,88.23070944735773,3.014507876509255e-07,-6.520783577043267,0.359610175388511,0.9967667744922002,0.990053185486022,0.99
371,455,47.0,91.15788441987179,4.2590156025141935e-07,-6.370690768925217,0.3792041806994271,0.9967611272426243,0.9910223713970178,0.991
377,463,47.0,94.63757339352554,6.268212645213327e-07,-6.202856278783495,0.4014894563326663,0.9967095459143678,0.9921867616526446,0.992
6,55,48.0,40.78794983774773,4.8565801866608295e-08,-7.313669436262724,0.00011195424372701733,0.9238913872388655,0.9538683859129837,0.9
6,55,48.0,40.78794983774773,4.8565801866608295e-08,-7.313669436262724,0.00011195424372701733,0.9238913872388655,0.9538683859129837,0.901
6,55,48.0,40.78794983774773,4.8565801866608295e-08,-7.313669436262724,0.00011195424372701733,0.9238913872388655,0.9538683859129837,0.902
6,55,48.0,40.78794983774773,4.8565801866608295e-08,-7.313669436262724,0.00011195424372701733,0.9238913872388655,0.9538683859129837,0.903
6,55,48.0,40.78794983774773,4.8565801866608295e-08,-7.313669436262724,0.00011195424372701733,0.9238913872388655,0.9538683859129837,0.904
6,55,48.0,40.78794983774773,4.8565801866608295e-08,-7.313669436262724,0.00011195424372701733,0.9238913872388655,0.9538683859129837,0.905
6,55,48.0,40.78794983774773,4.8565801866608295e-08,-7.313669436262724,0.00011195424372701733,0.9238913872388655,0.9538683859129837,0.906
6,55,48.0,40.78794983774773,4.8565801866608295e-08,-7.313669436262724,0.00011195424372701733,0.9238913872388655,0.9538683859129837,0.907
6,55,48.0,40.78794983774773,4.8565801866608295e-08,-7.313669436262724,0.00011195424372701733,0.9238913872388655,0.9538683859129837,0.908
6,55,48.0,40.78794983774773,4.8565801866608295e-08,-7.313669436262724,0.00011195424372701733,0.9238913872388655,0.9538683859129837,0.909
6,55,48.0,40.78794983774773,4.8565801866608295e-08,-7.313669436262724,0.00011195424372701733,0.9238913872388655,0.9538683859129837,0.91
6,55,48.0,40.78794983774773,4.8565801866608295e-08,-7.313669436262724,0.00011195424372701733,0.9238913872388655,0.9538683859129837,0.911
6,55,48.0,40.78794983774773,4.8565801866608295e-08,-7.313669436262724,0.00011195424372701733,0.9238913872388655,0.9538683859129837,0.912
6,55,48.0,40.78794983774773,4.8565801866608295e-08,-7.313669436262724,0.00011195424372701733,0.9238913872388655,0.9538683859129837,0.913
6,55,48.0,40.78794983774773,4.8565801866608295e-08,-7.313669436262724,0.00011195424372701733,0.9238913872388655,0.9538683859129837,0.914
6,55,48.0,40.78794983774773,4.8565801866608295e-08,-7.313669436262724,0.00011195424372701733,0.9238913872388655,0.9538683859129837,0.915
6,55,48.0,40.78794983774773,4.8565801866608295e-08,-7.313669436262724,0.00011195424372701733,0.9238913872388655,0.9538683859129837,0.916
6,55,48.0,40.78794983774773,4.8565801866608295e-08,-7.313669436262724,0.00011195424372701733,0.9238913872388655,0.9538683859129837,0.917
6,55,48.0,40.78794983774773,4.8565801866608295e-08,-7.313669436262724,0.00011195424372701733,0.9238913872388655,0.9538683859129837,0.918
6,55,48.0,40.78794983774773,4.8565801866608295e-08,-7.313669436262724,0.00011195424372701733,0.9238913872388655,0.9538683859129837,0.919
6,55,48.0,40.78794983774773,4.8565801866608295e-08,-7.313669436262724,0.00011195424372701733,0.9238913872388655,0.9538683859129837,0.92
6,55,48.0,40.78794983774773,4.8565801866608295e-08,-7.313669436262724,0.00011195424372701733,0.9238913872388655,0.9538683859129837,0.921
6,55,48.0,40.78794983774773,4.8565801866608295e-08,-7.313669436262724,0.00011195424372701733,0.9238913872388655,0.9538683859129837,0.922
6,55,48.0,40.78794983774773,4.8565801866608295e-08,-7.313669436262724,0.00011195424372701733,0.9238913872388655,0.9538683859129837,0.923
9,58,48.0,45.039572773741874,7.033121775606517e-08,-7.15285186289143,0.00011987548456503422,0.9409963537178633,0.9587838339956769,0.924
9,58,48.0,45.039572773741874,7.033121775606517e-08,-7.15285186289143,0.00011987548456503422,0.9409963537178633,0.9587838339956769,0.925
9,58,48.0,45.039572773741874,7.033121775606517e-08,-7.15285186289143,0.00011987548456503422,0.9409963537178633,0.9587838339956769,0.926
9,58,48.0,45.039572773741874,7.033121775606517e-08,-7.15285186289143,0.00011987548456503422,0.9409963537178633,0.9587838339956769,0.927
9,58,48.0,45.039572773741874,7.033121775606517e-08,-7.15285186289143,0.00011987548456503422,0.9409963537178633,0.9587838339956769,0.928
9,58,48.0,45.039572773741874,7.033121775606517e-08,-7.15285186289143,0.00011987548456503422,0.9409963537178633,0.9587838339956769,0.929
9,58,48.0,45.039572773741874,7.033121775606517e-08,-7.15285186289143,0.00011987548456503422,0.9409963537178633,0.9587838339956769,0.93
9,58,48.0,45.039572773741874,7.033121775606517e-08,-7.15285186289143,0.00011987548456503422,0.9409963537178633,0.9587838339956769,0.931
9,58,48.0,45.039572773741874,7.033121775606517e-08,-7.15285186289143,0.00011987548456503422,0.9409963537178633,0.9587838339956769,0.932
9,58,48.0,45.039572773741874,7.033121775606517e-08,-7.15285186289143,0.00011987548456503422,0.9409963537178633,0.9587838339956769,0.933
9,58,48.0,45.039572773741874,7.033121775606517e-08,-7.15285186289143,0.00011987548456503422,0.9409963537178633,0.9587838339956769,0.934
9,58,48.0,45.039572773741874,7.033121775606517e-08,-7.15285186289143,0.00011987548456503422,0.9409963537178633,0.9587838339956769,0.935
9,58,48.0,45.039572773741874,7.033121775606517e-08,-7.15285186289143,0.00011987548456503422,0.9409963537178633,0.9587838339956769,0.936
9,58,48.0,45.039572773741874,7.033121775606517e-08,-7.15285186289143,0.00011987548456503422,0.9409963537178633,0.9587838339956769,0.937
9,58,48.0,45.039572773741874,7.033121775606517e-08,-7.15285186289143,0.00011987548456503422,0.9409963537178633,0.9587838339956769,0.9380000000000001
9,58,48.0,45.039572773741874,7.033121775606517e-08,-7.15285186289143,0.00011987548456503422,0.9409963537178633,0.9587838339956769,0.9390000000000001
9,58,48.0,45.039572773741874,7.033121775606517e-08,-7.15285186289143,0.00011987548456503422,0.9409963537178633,0.9587838339956769,0.9400000000000001
10,59,48.0,46.592227797248874,7.974737656088308e-08,-7.098283594965105,0.00012351299337106977,0.9482250207605561,0.9555290332302001,0.9410000000000001
10,59,48.0,46.592227797248874,7.974737656088308e-08,-7.098283594965105,0.00012351299337106977,0.9482250207605561,0.9555290332302001,0.9420000000000001
10,59,48.0,46.592227797248874,7.974737656088308e-08,-7.098283594965105,0.00012351299337106977,0.9482250207605561,0.9555290332302001,0.9430000000000001
10,59,48.0,46.592227797248874,7.974737656088308e-08,-7.098283594965105,0.00012351299337106977,0.9482250207605561,0.9555290332302001,0.9440000000000001
10,59,48.0,46.592227797248874,7.974737656088308e-08,-7.098283594965105,0.00012351299337106977,0.9482250207605561,0.9555290332302001,0.9450000000000001
10,59,48.0,46.592227797248874,7.974737656088308e-08,-7.098283594965105,0.00012351299337106977,0.9482250207605561,0.9555290332302001,0.9460000000000001
10,59,48.0,46.592227797248874,7.974737656088308e-08,-7.098283594965105,0.00012351299337106977,0.9482250207605561,0.9555290332302001,0.9470000000000001
10,59,48.0,46.592227797248874,7.974737656088308e-08,-7.098283594965105,0.00012351299337106977,0.9482250207605561,0.9555290332302001,0.9480000000000001
11,60,48.0,48.05804855493704,8.918171935996342e-08,-7.049724159017736,0.00012685481485255598,0.9534541021765017,0.9544856084287093,0.9490000000000001
11,60,48.0,48.05804855493704,8.918171935996342e-08,-7.049724159017736,0.00012685481485255598,0.9534541021765017,0.9544856084287093,0.9500000000000001
11,60,48.0,48.05804855493704,8.918171935996342e-08,-7.049724159017736,0.00012685481485255598,0.9534541021765017,0.9544856084287093,0.9510000000000001
11,60,48.0,48.05804855493704,8.918171935996342e-08,-7.049724159017736,0.00012685481485255598,0.9534541021765017,0.9544856084287093,0.9520000000000001
11,60,48.0,48.05804855493704,8.918171935996342e-08,-7.049724159017736,0.00012685481485255598,0.9534541021765017,0.9544856084287093,0.9530000000000001
13,62,48.0,51.21566900942161,1.1137795462923984e-07,-6.953200761858281,0.00013250475796006744,0.9739067955478734,0.9564798766292196,0.9540000000000001
13,62,48.0,51.21566900942161,1.1137795462923984e-07,-6.953200761858281,0.00013250475796006744,0.9739067955478734,0.9564798766292196,0.9550000000000001
13,62,48.0,51.21566900942161,1.1137795462923984e-07,-6.953200761858281,0.00013250475796006744,0.9739067955478734,0.9564798766292196,0.9560000000000001
14,63,48.0,51.63473091213513,1.1416942209682074e-07,-6.942450197253228,0.00013658895429168033,0.9728989498307842,0.9590341779392842,0.9570000000000001
14,63,48.0,51.63473091213513,1.1416942209682074e-07,-6.942450197253228,0.00013658895429168033,0.9728989498307842,0.9590341779392842,0.9580000000000001
14,63,48.0,51.63473091213513,1.1416942209682074e-07,-6.942450197253228,0.00013658895429168033,0.9728989498307842,0.9590341779392842,0.9590000000000001
15,64,48.0,51.61785178226126,1.1337874609898337e-07,-6.945468350355312,0.000140911593725134,0.9729970000084194,0.9642320082375342,0.96
15,64,48.0,51.61785178226126,1.1337874609898337e-07,-6.945468350355312,0.000140911593725134,0.9729970000084194,0.9642320082375342,0.9610000000000001
15,64,48.0,51.61785178226126,1.1337874609898337e-07,-6.945468350355312,0.000140911593725134,0.9729970000084194,0.9642320082375342,0.962
15,64,48.0,51.61785178226126,1.1337874609898337e-07,-6.945468350355312,0.000140911593725134,0.9729970000084194,0.9642320082375342,0.9630000000000001
15,64,48.0,51.61785178226126,1.1337874609898337e-07,-6.945468350355312,0.000140911593725134,0.9729970000084194,0.9642320082375342,0.964
16,65,48.0,51.44337845813483,1.1144937033894349e-07,-6.95292238083197,0.00014614099031919257,0.9740174306993815,0.967779595767917,0.9650000000000001
16,65,48.0,51.44337845813483,1.1144937033894349e-07,-6.95292238083197,0.00014614099031919257,0.9740174306993815,0.967779595767917,0.966
16,65,48.0,51.44337845813483,1.1144937033894349e-07,-6.95292238083197,0.00014614099031919257,0.9740174306993815,0.967779595767917,0.9670000000000001
311,374,48.0,59.87069568846202,2.4711423458213964e-09,-8.607102237105325,0.14057935343633718,0.9972258493741272,0.9683211601975845,0.968
312,375,48.0,60.251019282410006,2.7030798541704413e-09,-8.568141124218657,0.14370742971303527,0.9972205325582353,0.9691342846666838,0.9690000000000001
314,378,48.0,61.19124520392606,3.3576472792452487e-09,-8.473964928425243,0.1515874137220182,0.997146449739844,0.9701595144883024,0.97
316,380,48.0,61.97807758441704,4.011781039089566e-09,-8.396662778570409,0.1580281972656872,0.997140141778881,0.9717188657559327,0.9710000000000001
318,383,48.0,62.94263867898031,4.9601011127840576e-09,-8.304509470228234,0.16615560175367647,0.9970679935201222,0.9727001758215658,0.972
319,385,48.0,63.52525645353036,5.6214370936753165e-09,-8.250152644916797,0.17102829012952656,0.9969895319771,0.9730085228913667,0.973
321,387,48.0,64.35792716361809,6.709153102538651e-09,-8.173332297432667,0.17768501080766175,0.9970193192639963,0.974419112652473,0.974
323,390,48.0,65.34667680112393,8.22818575334294e-09,-8.084695912560537,0.18606612639626605,0.9969211813696047,0.9754121437353132,0.975
324,391,48.0,65.76816562994644,8.96512764844516e-09,-8.047443522429663,0.18945217827983957,0.9969083768775547,0.9761306982073246,0.976
326,394,48.0,66.79855255017863,1.1005182840066685e-08,-7.958402737683791,0.19789983733035862,0.9968370367461852,0.9770668338933465,0.977
329,398,48.0,68.3014551289273,1.4706619552449056e-08,-7.832487142257777,0.2098053997337841,0.9967822474083768,0.9786304512654825,0.978
331,401,48.0,69.39605463604765,1.8036635086569458e-08,-7.743844481186672,0.21827257582129275,0.9967082750316618,0.9795806521319658,0.979
333,404,48.0,70.49668984836485,2.2025327329370385e-08,-7.657077628601137,0.22680631987050698,0.9966674568416092,0.9804100448757563,0.98
335,407,48.0,71.63640817710525,2.6933744946142095e-08,-7.5697032568235825,0.2352298061757134,0.9965647103366643,0.9813970503736651,0.981
337,410,48.0,72.7540001026318,3.263678366613248e-08,-7.486292647248967,0.24379580672912143,0.9965145327094119,0.9821579710485613,0.982
339,412,48.0,73.67669088114106,3.812423763103111e-08,-7.418798832129007,0.250807429160309,0.9965482937634966,0.9831132949222632,0.983
342,417,48.0,75.46448050753526,5.09621882528026e-08,-7.292751932208939,0.2645142017220037,0.9964317923750634,0.9840065936344187,0.984
346,422,48.0,77.54410208710112,7.047375560609712e-08,-7.15197258396543,0.2802162795286932,0.9965462772852635,0.9852318586311783,0.985
350,428,48.0,79.7825063879645,9.820153344532949e-08,-7.007881730526235,0.2976284682469511,0.9965218862568676,0.9862088905472165,0.986
353,432,48.0,81.36274025684409,1.229724285154986e-07,-6.910192250234016,0.3098833238099101,0.9965137254143854,0.9870177532622506,0.987
358,439,48.0,84.12583708064629,1.7903301597371603e-07,-6.747066872187689,0.3306148448521082,0.9965700953474245,0.9881042318641511,0.988
363,446,48.0,86.94403330204842,2.570197533601276e-07,-6.590033497502825,0.35097084353897917,0.9965787887182612,0.9892016798905218,0.989
368,453,48.0,89.85081604570779,3.6549697619992786e-07,-6.4371162116613,0.37075549430831056,0.9965755298993348,0.9902597220745074,0.99
373,460,48.0,92.81678136762947,5.131530420690088e-07,-6.289753092171186,0.39002759126175857,0.9965823908442702,0.9912091941453424,0.991
6,56,49.0,41.25952608795193,5.0385078770667206e-08,-7.297698058137896,0.00011321874263892476,0.924662997353994,0.955455258176272,0.9
6,56,49.0,41.25952608795193,5.0385078770667206e-08,-7.297698058137896,0.00011321874263892476,0.924662997353994,0.955455258176272,0.901
6,56,49.0,41.25952608795193,5.0385078770667206e-08,-7.297698058137896,0.00011321874263892476,0.924662997353994,0.955455258176272,0.902
6,56,49.0,41.25952608795193,5.0385078770667206e-08,-7.297698058137896,0.00011321874263892476,0.924662997353994,0.955455258176272,0.903
6,56,49.0,41.25952608795193,5.0385078770667206e-08,-7.297698058137896,0.00011321874263892476,0.924662997353994,0.955455258176272,0.904
6,56,49.0,41.25952608795193,5.0385078770667206e-08,-7.297698058137896,0.00011321874263892476,0.924662997353994,0.955455258176272,0.905
6,56,49.0,41.25952608795193,5.0385078770667206e-08,-7.297698058137896,0.00011321874263892476,0.924662997353994,0.955455258176272,0.906
6,56,49.0,41.25952608795193,5.0385078770667206e-08,-7.297698058137896,0.00011321874263892476,0.924662997353994,0.955455258176272,0.907
6,56,49.0,41.25952608795193,5.0385078770667206e-08,-7.297698058137896,0.00011321874263892476,0.924662997353994,0.955455258176272,0.908
6,56,49.0,41.25952608795193,5.0385078770667206e-08,-7.297698058137896,0.00011321874263892476,0.924662997353994,0.955455258176272,0.909
6,56,49.0,41.25952608795193,5.0385078770667206e-08,-7.297698058137896,0.00011321874263892476,0.924662997353994,0.955455258176272,0.91
6,56,49.0,41.25952608795193,5.0385078770667206e-08,-7.297698058137896,0.00011321874263892476,0.924662997353994,0.955455258176272,0.911
6,56,49.0,41.25952608795193,5.0385078770667206e-08,-7.297698058137896,0.00011321874263892476,0.924662997353994,0.955455258176272,0.912
6,56,49.0,41.25952608795193,5.0385078770667206e-08,-7.297698058137896,0.00011321874263892476,0.924662997353994,0.955455258176272,0.913
6,56,49.0,41.25952608795193,5.0385078770667206e-08,-7.297698058137896,0.00011321874263892476,0.924662997353994,0.955455258176272,0.914
6,56,49.0,41.25952608795193,5.0385078770667206e-08,-7.297698058137896,0.00011321874263892476,0.924662997353994,0.955455258176272,0.915
6,56,49.0,41.25952608795193,5.0385078770667206e-08,-7.297698058137896,0.00011321874263892476,0.924662997353994,0.955455258176272,0.916
6,56,49.0,41.25952608795193,5.0385078770667206e-08,-7.297698058137896,0.00011321874263892476,0.924662997353994,0.955455258176272,0.917
6,56,49.0,41.25952608795193,5.0385078770667206e-08,-7.297698058137896,0.00011321874263892476,0.924662997353994,0.955455258176272,0.918
6,56,49.0,41.25952608795193,5.0385078770667206e-08,-7.297698058137896,0.00011321874263892476,0.924662997353994,0.955455258176272,0.919
6,56,49.0,41.25952608795193,5.0385078770667206e-08,-7.297698058137896,0.00011321874263892476,0.924662997353994,0.955455258176272,0.92
6,56,49.0,41.25952608795193,5.0385078770667206e-08,-7.297698058137896,0.00011321874263892476,0.924662997353994,0.955455258176272,0.921
6,56,49.0,41.25952608795193,5.0385078770667206e-08,-7.297698058137896,0.00011321874263892476,0.924662997353994,0.955455258176272,0.922
6,56,49.0,41.25952608795193,5.0385078770667206e-08,-7.297698058137896,0.00011321874263892476,0.924662997353994,0.955455258176272,0.923
6,56,49.0,41.25952608795193,5.0385078770667206e-08,-7.297698058137896,0.00011321874263892476,0.924662997353994,0.955455258176272,0.924
9,59,49.0,45.32747658704297,7.171481572269803e-08,-7.144391113203604,0.00012255893820191109,0.9430168823259449,0.9557098568339926,0.925
9,59,49.0,45.32747658704297,7.171481572269803e-08,-7.144391113203604,0.00012255893820191109,0.9430168823259449,0.9557098568339926,0.926
9,59,49.0,45.32747658704297,7.171481572269803e-08,-7.144391113203604,0.00012255893820191109,0.9430168823259449,0.9557098568339926,0.927
9,59,49.0,45.32747658704297,7.171481572269803e-08,-7.144391113203604,0.00012255893820191109,0.9430168823259449,0.9557098568339926,0.928
9,59,49.0,45.32747658704297,7.171481572269803e-08,-7.144391113203604,0.00012255893820191109,0.9430168823259449,0.9557098568339926,0.929
9,59,49.0,45.32747658704297,7.171481572269803e-08,-7.144391113203604,0.00012255893820191109,0.9430168823259449,0.9557098568339926,0.93
9,59,49.0,45.32747658704297,7.171481572269803e-08,-7.144391113203604,0.00012255893820191109,0.9430168823259449,0.9557098568339926,0.931
9,59,49.0,45.32747658704297,7.171481572269803e-08,-7.144391113203604,0.00012255893820191109,0.9430168823259449,0.9557098568339926,0.932
9,59,49.0,45.32747658704297,7.171481572269803e-08,-7.144391113203604,0.00012255893820191109,0.9430168823259449,0.9557098568339926,0.933
9,59,49.0,45.32747658704297,7.171481572269803e-08,-7.144391113203604,0.00012255893820191109,0.9430168823259449,0.9557098568339926,0.934
9,59,49.0,45.32747658704297,7.171481572269803e-08,-7.144391113203604,0.00012255893820191109,0.9430168823259449,0.9557098568339926,0.935
9,59,49.0,45.32747658704297,7.171481572269803e-08,-7.144391113203604,0.00012255893820191109,0.9430168823259449,0.9557098568339926,0.936
9,59,49.0,45.32747658704297,7.171481572269803e-08,-7.144391113203604,0.00012255893820191109,0.9430168823259449,0.9557098568339926,0.937
9,59,49.0,45.32747658704297,7.171481572269803e-08,-7.144391113203604,0.00012255893820191109,0.9430168823259449,0.9557098568339926,0.9380000000000001
9,59,49.0,45.32747658704297,7.171481572269803e-08,-7.144391113203604,0.00012255893820191109,0.9430168823259449,0.9557098568339926,0.9390000000000001
9,59,49.0,45.32747658704297,7.171481572269803e-08,-7.144391113203604,0.00012255893820191109,0.9430168823259449,0.9557098568339926,0.9400000000000001
9,59,49.0,45.32747658704297,7.171481572269803e-08,-7.144391113203604,0.00012255893820191109,0.9430168823259449,0.9557098568339926,0.9410000000000001
9,59,49.0,45.32747658704297,7.171481572269803e-08,-7.144391113203604,0.00012255893820191109,0.9430168823259449,0.9557098568339926,0.9420000000000001
9,59,49.0,45.32747658704297,7.171481572269803e-08,-7.144391113203604,0.00012255893820191109,0.9430168823259449,0.9557098568339926,0.9430000000000001
10,60,49.0,46.913285468702604,8.140959731796474e-08,-7.0893243934334205,0.000125810493794807,0.9497928499732597,0.954579438182228,0.9440000000000001
10,60,49.0,46.913285468702604,8.140959731796474e-08,-7.0893243934334205,0.000125810493794807,0.9497928499732597,0.954579438182228,0.9450000000000001
10,60,49.0,46.913285468702604,8.140959731796474e-08,-7.0893243934334205,0.000125810493794807,0.9497928499732597,0.954579438182228,0.9460000000000001
10,60,49.0,46.913285468702604,8.140959731796474e-08,-7.0893243934334205,0.000125810493794807,0.9497928499732597,0.954579438182228,0.9470000000000001
10,60,49.0,46.913285468702604,8.140959731796474e-08,-7.0893243934334205,0.000125810493794807,0.9497928499732597,0.954579438182228,0.9480000000000001
10,60,49.0,46.913285468702604,8.140959731796474e-08,-7.0893243934334205,0.000125810493794807,0.9497928499732597,0.954579438182228,0.9490000000000001
11,61,49.0,48.417074603593,9.116782156570703e-08,-7.040158422443959,0.0001287819083170344,0.9546274339749224,0.954924279821021,0.9500000000000001
11,61,49.0,48.417074603593,9.116782156570703e-08,-7.040158422443959,0.0001287819083170344,0.9546274339749224,0.954924279821021,0.9510000000000001
11,61,49.0,48.417074603593,9.116782156570703e-08,-7.040158422443959,0.0001287819083170344,0.9546274339749224,0.954924279821021,0.9520000000000001
11,61,49.0,48.417074603593,9.116782156570703e-08,-7.040158422443959,0.0001287819083170344,0.9546274339749224,0.954924279821021,0.9530000000000001
11,61,49.0,48.417074603593,9.116782156570703e-08,-7.040158422443959,0.0001287819083170344,0.9546274339749224,0.954924279821021,0.9540000000000001
12,62,49.0,50.776491833447665,1.0796689960650858e-07,-6.966709369713078,0.00013081356257867502,0.9746951188905136,0.9551891387262439,0.9550000000000001
13,63,49.0,51.539265758096406,1.1340820576989582e-07,-6.945355520472618,0.00013450476104423016,0.9744926638942104,0.9568126059726394,0.9560000000000001
14,64,49.0,52.029762268493144,1.1670961646303742e-07,-6.932893358138276,0.00013817921179041655,0.9731821597879593,0.960153299585494,0.9570000000000001
14,64,49.0,52.029762268493144,1.1670961646303742e-07,-6.932893358138276,0.00013817921179041655,0.9731821597879593,0.960153299585494,0.9580000000000001
14,64,49.0,52.029762268493144,1.1670961646303742e-07,-6.932893358138276,0.00013817921179041655,0.9731821597879593,0.960153299585494,0.9590000000000001
14,64,49.0,52.029762268493144,1.1670961646303742e-07,-6.932893358138276,0.00013817921179041655,0.9731821597879593,0.960153299585494,0.96
15,65,49.0,51.93352141549744,1.1542579753440646e-07,-6.937697116009264,0.0001432377306496916,0.9736727544852778,0.9633636651472413,0.9610000000000001
15,65,49.0,51.93352141549744,1.1542579753440646e-07,-6.937697116009264,0.0001432377306496916,0.9736727544852778,0.9633636651472413,0.962
15,65,49.0,51.93352141549744,1.1542579753440646e-07,-6.937697116009264,0.0001432377306496916,0.9736727544852778,0.9633636651472413,0.9630000000000001
16,66,49.0,51.67598661798843,1.1296386482918239e-07,-6.947060457534532,0.00014931497802357608,0.97498043302853,0.9642197657129301,0.964
308,371,49.0,58.76200834151706,1.8924266035587324e-09,-8.722980955308769,0.1313826941014542,0.997323993133087,0.9655364627924969,0.9650000000000001
309,372,49.0,59.126177292100714,2.0675939522063305e-09,-8.684534746830938,0.1344166911946077,0.9972790492984482,0.9665216892642947,0.966
311,375,49.0,60.03728345597614,2.5679601609850267e-09,-8.59041171814157,0.14209273188844962,0.9971477931940824,0.967757458297715,0.9670000000000001
312,376,49.0,60.420639414998625,2.8098091046968845e-09,-8.55132318457639,0.14522246032780728,0.9971384241401321,0.968608559666787,0.968
314,379,49.0,61.36322059195799,3.4886037901546206e-09,-8.45734835170995,0.15311970716835271,0.9970624390587571,0.969676735998216,0.9690000000000001
316,382,49.0,62.318194220467504,4.319526215904809e-09,-8.364563885847625,0.16115525519682286,0.9969886727832044,0.970728097895998,0.97
317,383,49.0,62.71810723832507,4.717986400376356e-09,-8.326243315305026,0.16442701170388654,0.9969920279864798,0.9714959159951312,0.9710000000000001
319,386,49.0,63.70117907700038,5.831934035439082e-09,-8.23418739693405,0.17260044493188886,0.9969064473289158,0.9725906891868865,0.972
321,389,49.0,64.70856145774935,7.20655986939655e-09,-8.142272001061034,0.18087023195888413,0.9968622579320752,0.9735896303386069,0.973
322,390,49.0,65.1162901082525,7.841151978086784e-09,-8.105620128517845,0.18425495824776916,0.9968490165205401,0.9743280306238178,0.974
324,393,49.0,66.1294329444159,9.625212201761288e-09,-8.016589687062257,0.192644237069388,0.9967435979947161,0.975403574350799,0.975
325,394,49.0,66.55375054230426,1.0475655090277723e-08,-7.979818809106586,0.19606501588663178,0.9967452176423548,0.9760811358246593,0.976
327,397,49.0,67.60709443038218,1.2864332595734933e-08,-7.890612740157725,0.204515606760055,0.9966810328377294,0.9770573434121319,0.977
329,400,49.0,68.68746723047569,1.5791446990446033e-08,-7.801578073210595,0.21295088444811267,0.9965858523933414,0.9781140295437962,0.978
332,404,49.0,70.22928452092405,2.0970058839838743e-08,-7.678400350947082,0.2249286352042564,0.9965488734192618,0.9796030240956878,0.979
334,407,49.0,71.37037396126166,2.568423930060042e-08,-7.590333292405826,0.23333515879946845,0.9964577256835063,0.9806136894823825,0.98
336,410,49.0,72.48621331835703,3.115232527378993e-08,-7.506509531159349,0.2418894284328451,0.9964093707883186,0.9814090769045154,0.981
338,413,49.0,73.60444660725136,3.760931788710299e-08,-7.4247045432208765,0.250478791699009,0.996367389940792,0.982152070858506,0.982
341,417,49.0,75.19284942616308,4.875316309028749e-08,-7.311997202158396,0.2625886450565137,0.9963315641530712,0.9833399065303443,0.983
344,421,49.0,76.79164072476391,6.272332830613589e-08,-7.202570904618298,0.27477092343854237,0.9963856165487938,0.984275047234747,0.984
348,427,49.0,79.05762010587448,8.825696143323902e-08,-7.054251028797885,0.2920939593839457,0.9964064373016949,0.9853010645717809,0.985
351,431,49.0,80.63071525720838,1.108031130250405e-07,-6.955448037887327,0.30436865536121677,0.996403140152073,0.9861639657390892,0.986
355,437,49.0,82.88845552721752,1.5154537594342263e-07,-6.819457310585657,0.32169692735515576,0.996401397897506,0.9870500573988857,0.987
360,444,49.0,85.6709114026792,2.186020714383788e-07,-6.660345727061544,0.34225145582254446,0.996420624257068,0.9882236264662637,0.988
364,450,49.0,88.06230188602568,2.9462916509135756e-07,-6.53072426492275,0.3588266819870175,0.9963739966028465,0.9891410219306872,0.989
368,455,49.0,90.26947388129935,3.835156138609789e-07,-6.416216950161867,0.37368251771132455,0.9964210802975582,0.9900612540403814,0.99
373,462,49.0,93.23882119254047,5.372234660608177e-07,-6.269845025493,0.3928911937869498,0.996433095600459,0.9910265672778485,0.991
6,57,50.0,41.76010969439544,5.2354968273897663e-08,-7.281042099246707,0.00011424192997191925,0.925023471326196,0.9573333937483801,0.9
6,57,50.0,41.76010969439544,5.2354968273897663e-08,-7.281042099246707,0.00011424192997191925,0.925023471326196,0.9573333937483801,0.901
6,57,50.0,41.76010969439544,5.2354968273897663e-08,-7.281042099246707,0.00011424192997191925,0.925023471326196,0.9573333937483801,0.902
6,57,50.0,41.76010969439544,5.2354968273897663e-08,-7.281042099246707,0.00011424192997191925,0.925023471326196,0.9573333937483801,0.903
6,57,50.0,41.76010969439544,5.2354968273897663e-08,-7.281042099246707,0.00011424192997191925,0.925023471326196,0.9573333937483801,0.904
6,57,50.0,41.76010969439544,5.2354968273897663e-08,-7.281042099246707,0.00011424192997191925,0.925023471326196,0.9573333937483801,0.905
6,57,50.0,41.76010969439544,5.2354968273897663e-08,-7.281042099246707,0.00011424192997191925,0.925023471326196,0.9573333937483801,0.906
6,57,50.0,41.76010969439544,5.2354968273897663e-08,-7.281042099246707,0.00011424192997191925,0.925023471326196,0.9573333937483801,0.907
6,57,50.0,41.76010969439544,5.2354968273897663e-08,-7.281042099246707,0.00011424192997191925,0.925023471326196,0.9573333937483801,0.908
6,57,50.0,41.76010969439544,5.2354968273897663e-08,-7.281042099246707,0.00011424192997191925,0.925023471326196,0.9573333937483801,0.909
6,57,50.0,41.76010969439544,5.2354968273897663e-08,-7.281042099246707,0.00011424192997191925,0.925023471326196,0.9573333937483801,0.91
6,57,50.0,41.76010969439544,5.2354968273897663e-08,-7.281042099246707,0.00011424192997191925,0.925023471326196,0.9573333937483801,0.911
6,57,50.0,41.76010969439544,5.2354968273897663e-08,-7.281042099246707,0.00011424192997191925,0.925023471326196,0.9573333937483801,0.912
6,57,50.0,41.76010969439544,5.2354968273897663e-08,-7.281042099246707,0.00011424192997191925,0.925023471326196,0.9573333937483801,0.913
6,57,50.0,41.76010969439544,5.2354968273897663e-08,-7.281042099246707,0.00011424192997191925,0.925023471326196,0.9573333937483801,0.914
6,57,50.0,41.76010969439544,5.2354968273897663e-08,-7.281042099246707,0.00011424192997191925,0.925023471326196,0.9573333937483801,0.915
6,57,50.0,41.76010969439544,5.2354968273897663e-08,-7.281042099246707,0.00011424192997191925,0.925023471326196,0.9573333937483801,0.916
6,57,50.0,41.76010969439544,5.2354968273897663e-08,-7.281042099246707,0.00011424192997191925,0.925023471326196,0.9573333937483801,0.917
6,57,50.0,41.76010969439544,5.2354968273897663e-08,-7.281042099246707,0.00011424192997191925,0.925023471326196,0.9573333937483801,0.918
6,57,50.0,41.76010969439544,5.2354968273897663e-08,-7.281042099246707,0.00011424192997191925,0.925023471326196,0.9573333937483801,0.919
6,57,50.0,41.76010969439544,5.2354968273897663e-08,-7.281042099246707,0.00011424192997191925,0.925023471326196,0.9573333937483801,0.92
6,57,50.0,41.76010969439544,5.2354968273897663e-08,-7.281042099246707,0.00011424192997191925,0.925023471326196,0.9573333937483801,0.921
6,57,50.0,41.76010969439544,5.2354968273897663e-08,-7.281042099246707,0.00011424192997191925,0.925023471326196,0.9573333937483801,0.922
6,57,50.0,41.76010969439544,5.2354968273897663e-08,-7.281042099246707,0.00011424192997191925,0.925023471326196,0.9573333937483801,0.923
6,57,50.0,41.76010969439544,5.2354968273897663e-08,-7.281042099246707,0.00011424192997191925,0.925023471326196,0.9573333937483801,0.924
6,57,50.0,41.76010969439544,5.2354968273897663e-08,-7.281042099246707,0.00011424192997191925,0.925023471326196,0.9573333937483801,0.925
7,58,50.0,43.03661107661775,5.8698747503997935e-08,-7.231371165496944,0.00011748302245855777,0.9262185198275842,0.9569942413131947,0.926
9,60,50.0,45.66750017500728,7.33700240809221e-08,-7.134481338384544,0.00012481473399477273,0.9445389715524685,0.9546603838974255,0.927
9,60,50.0,45.66750017500728,7.33700240809221e-08,-7.134481338384544,0.00012481473399477273,0.9445389715524685,0.9546603838974255,0.928
9,60,50.0,45.66750017500728,7.33700240809221e-08,-7.134481338384544,0.00012481473399477273,0.9445389715524685,0.9546603838974255,0.929
9,60,50.0,45.66750017500728,7.33700240809221e-08,-7.134481338384544,0.00012481473399477273,0.9445389715524685,0.9546603838974255,0.93
9,60,50.0,45.66750017500728,7.33700240809221e-08,-7.134481338384544,0.00012481473399477273,0.9445389715524685,0.9546603838974255,0.931
9,60,50.0,45.66750017500728,7.33700240809221e-08,-7.134481338384544,0.00012481473399477273,0.9445389715524685,0.9546603838974255,0.932
9,60,50.0,45.66750017500728,7.33700240809221e-08,-7.134481338384544,0.00012481473399477273,0.9445389715524685,0.9546603838974255,0.933
9,60,50.0,45.66750017500728,7.33700240809221e-08,-7.134481338384544,0.00012481473399477273,0.9445389715524685,0.9546603838974255,0.934
9,60,50.0,45.66750017500728,7.33700240809221e-08,-7.134481338384544,0.00012481473399477273,0.9445389715524685,0.9546603838974255,0.935
9,60,50.0,45.66750017500728,7.33700240809221e-08,-7.134481338384544,0.00012481473399477273,0.9445389715524685,0.9546603838974255,0.936
9,60,50.0,45.66750017500728,7.33700240809221e-08,-7.134481338384544,0.00012481473399477273,0.9445389715524685,0.9546603838974255,0.937
9,60,50.0,45.66750017500728,7.33700240809221e-08,-7.134481338384544,0.00012481473399477273,0.9445389715524685,0.9546603838974255,0.9380000000000001
9,60,50.0,45.66750017500728,7.33700240809221e-08,-7.134481338384544,0.00012481473399477273,0.9445389715524685,0.9546603838974255,0.9390000000000001
9,60,50.0,45.66750017500728,7.33700240809221e-08,-7.134481338384544,0.00012481473399477273,0.9445389715524685,0.9546603838974255,0.9400000000000001
9,60,50.0,45.66750017500728,7.33700240809221e-08,-7.134481338384544,0.00012481473399477273,0.9445389715524685,0.9546603838974255,0.9410000000000001
9,60,50.0,45.66750017500728,7.33700240809221e-08,-7.134481338384544,0.00012481473399477273,0.9445389715524685,0.9546603838974255,0.9420000000000001
9,60,50.0,45.66750017500728,7.33700240809221e-08,-7.134481338384544,0.00012481473399477273,0.9445389715524685,0.9546603838974255,0.9430000000000001
9,60,50.0,45.66750017500728,7.33700240809221e-08,-7.134481338384544,0.00012481473399477273,0.9445389715524685,0.9546603838974255,0.9440000000000001
10,61,50.0,47.285719384377956,8.336274694919766e-08,-7.079027983041397,0.00012771373927492115,0.9508998541127792,0.9549047419251585,0.9450000000000001
10,61,50.0,47.285719384377956,8.336274694919766e-08,-7.079027983041397,0.00012771373927492115,0.9508998541127792,0.9549047419251585,0.9460000000000001
10,61,50.0,47.285719384377956,8.336274694919766e-08,-7.079027983041397,0.00012771373927492115,0.9508998541127792,0.9549047419251585,0.9470000000000001
10,61,50.0,47.285719384377956,8.336274694919766e-08,-7.079027983041397,0.00012771373927492115,0.9508998541127792,0.9549047419251585,0.9480000000000001
10,61,50.0,47.285719384377956,8.336274694919766e-08,-7.079027983041397,0.00012771373927492115,0.9508998541127792,0.9549047419251585,0.9490000000000001
10,61,50.0,47.285719384377956,8.336274694919766e-08,-7.079027983041397,0.00012771373927492115,0.9508998541127792,0.9549047419251585,0.9500000000000001
11,62,50.0,48.826242372333624,9.346078870328904e-08,-7.029370558342296,0.00013034695297456096,0.9553706810157068,0.9561317757156172,0.9510000000000001
11,62,50.0,48.826242372333624,9.346078870328904e-08,-7.029370558342296,0.00013034695297456096,0.9553706810157068,0.9561317757156172,0.9520000000000001
11,62,50.0,48.826242372333624,9.346078870328904e-08,-7.029370558342296,0.00013034695297456096,0.9553706810157068,0.9561317757156172,0.9530000000000001
11,62,50.0,48.826242372333624,9.346078870328904e-08,-7.029370558342296,0.00013034695297456096,0.9553706810157068,0.9561317757156172,0.9540000000000001
11,62,50.0,48.826242372333624,9.346078870328904e-08,-7.029370558342296,0.00013034695297456096,0.9553706810157068,0.9561317757156172,0.9550000000000001
13,64,50.0,51.92130039739508,1.1583190380191631e-07,-6.936171805575721,0.00013611590120973398,0.9747257222332419,0.9579353221584133,0.9560000000000001
13,64,50.0,51.92130039739508,1.1583190380191631e-07,-6.936171805575721,0.00013611590120973398,0.9747257222332419,0.9579353221584133,0.9570000000000001
14,65,50.0,52.32194275614368,1.1860913802268485e-07,-6.925881850263939,0.00014051859117331374,0.973923273192815,0.9593859026170979,0.9580000000000001
14,65,50.0,52.32194275614368,1.1860913802268485e-07,-6.925881850263939,0.00014051859117331374,0.973923273192815,0.9593859026170979,0.9590000000000001
16,67,50.0,52.002211183198746,1.151099340783679e-07,-6.938887194795506,0.00015175021218801545,0.9754777586868825,0.9633022135788358,0.96
16,67,50.0,52.002211183198746,1.151099340783679e-07,-6.938887194795506,0.00015175021218801545,0.9754777586868825,0.9633022135788358,0.9610000000000001
16,67,50.0,52.002211183198746,1.151099340783679e-07,-6.938887194795506,0.00015175021218801545,0.9754777586868825,0.9633022135788358,0.962
16,67,50.0,52.002211183198746,1.151099340783679e-07,-6.938887194795506,0.00015175021218801545,0.9754777586868825,0.9633022135788358,0.9630000000000001
307,371,50.0,58.56323076243328,1.8006035416035128e-09,-8.744581899977714,0.12983558296148215,0.9972647866470846,0.9640080592730192,0.964
308,372,50.0,58.93052761597297,1.9698139555377648e-09,-8.705574790030699,0.13284583313115675,0.9972315229195307,0.965009729439174,0.9650000000000001
310,375,50.0,59.83013384835078,2.4426862488054813e-09,-8.612132312462949,0.14048314338054688,0.9970861043428147,0.9663262905740277,0.966
312,378,50.0,60.75236669649117,3.0292049283617478e-09,-8.518671345271903,0.1482866715934455,0.9969865410850417,0.9674985541512471,0.9670000000000001
313,379,50.0,61.1455146469824,3.316234221349913e-09,-8.479354803378847,0.15145440224113224,0.9969886427302919,0.9683501293750789,0.968
315,382,50.0,62.09131357550943,4.102868460075014e-09,-8.386912406498679,0.15945586845376253,0.9969017241744692,0.9694734239280294,0.9690000000000001
317,385,50.0,63.06642828386137,5.0812250187638385e-09,-8.294031572213578,0.16754512863798057,0.9968220565421659,0.9706300763172372,0.97
318,386,50.0,63.46806743970749,5.542286961178081e-09,-8.256310991648382,0.17085182839399765,0.9968165445805446,0.9714206394453507,0.9710000000000001
320,389,50.0,64.46718292787251,6.845742962492468e-09,-8.164579411372086,0.1790949668661203,0.9967595594047106,0.9724845309568149,0.972
322,392,50.0,65.47816933138942,8.429374062844489e-09,-8.074204673435212,0.1874091442321457,0.9966694704972974,0.9736209432342582,0.973
323,393,50.0,65.89086051717443,9.165721919415572e-09,-8.037833323034429,0.190818822166458,0.9966595259962391,0.9743504111421382,0.974
325,396,50.0,66.92046813519308,1.1242545118686237e-08,-7.949135360841884,0.1992436739988116,0.9965696943225617,0.9754192526775406,0.975
327,399,50.0,67.98581102086118,1.3811312360271676e-08,-7.859765052504291,0.20766503827815352,0.9964876857003466,0.9764988616252394,0.976
328,400,50.0,68.43462498779485,1.5042748275345824e-08,-7.8226728118972755,0.2110817936424156,0.9964888580340957,0.9771907726129805,0.977
330,403,50.0,69.51072669807888,1.837530203206389e-08,-7.735765513752302,0.21959957224423,0.9964310187020675,0.9781265967477095,0.978
332,406,50.0,70.62279725559284,2.2471451078537482e-08,-7.648368882407129,0.22805406089829594,0.9963460656632893,0.979149489865474,0.979
334,409,50.0,71.76118060564455,2.7458417761489363e-08,-7.56132449176248,0.236480886757552,0.9962702551869612,0.9801322785569442,0.98
337,413,50.0,73.33477175091565,3.591976063018542e-08,-7.444666566139922,0.2485631741176108,0.9962614752551064,0.9814154530643054,0.981
339,416,50.0,74.46491541872824,4.3287273169219276e-08,-7.363639771194478,0.25711575883741733,0.9961984701836323,0.9822202252139244,0.982
342,420,50.0,76.02910678079556,5.562422466970468e-08,-7.254736029476462,0.26937048930042096,0.9962318578280748,0.9832173558281944,0.983
346,426,50.0,78.31129679313078,7.892511799691256e-08,-7.102784760143763,0.286619499156529,0.9962621014685821,0.9843502535315232,0.984
349,430,50.0,79.9006060024568,9.970020194005183e-08,-7.001303962035773,0.2988539441371,0.9963021081755515,0.985231000508589,0.985
353,436,50.0,82.13156076451322,1.3652159368790914e-07,-6.864798650617359,0.31624629590324077,0.9962555440266223,0.9862509370959078,0.986
356,440,50.0,83.75999439229368,1.7021538666230204e-07,-6.769001184319013,0.32831570775951824,0.9963009004839101,0.9870274165631214,0.987
361,447,50.0,86.56703408518165,2.446926633301805e-07,-6.611379051992653,0.3486878947411526,0.9962722381081981,0.9883059478697339,0.988
365,453,50.0,88.97687781980795,3.287973708008689e-07,-6.483071663915563,0.3651379049783747,0.9962524657769921,0.9891888681973214,0.989
369,459,50.0,91.41424692604637,4.371708330024927e-07,-6.359348820850011,0.3812770817193747,0.9962074059024233,0.9900399547253058,0.99
