Source file,Ni_foil_CP 10 mA cm2.txt
Reference electrode potential (V vs. RHE),
Working area (cm^2),2
Solution resistance (ohm),,Compensation level (%),

Mode,Current (A),Time (s),Current density (mA/cm^2),Time (sec),Original Potential (V),Potential / V
Chronopotentiometry,0.02,1800,10,0.1,0.5983,0.5983
Chronopotentiometry,0.02,1800,10,0.2,0.7553,0.7553
Chronopotentiometry,0.02,1800,10,0.3,0.7628,0.7628
Chronopotentiometry,0.02,1800,10,0.4,0.7645,0.7645
Chronopotentiometry,0.02,1800,10,0.5,0.7655,0.7655
Chronopotentiometry,0.02,1800,10,0.6,0.7662,0.7662
Chronopotentiometry,0.02,1800,10,0.7,0.7666,0.7666
Chronopotentiometry,0.02,1800,10,0.8,0.767,0.767
Chronopotentiometry,0.02,1800,10,0.9,0.7673,0.7673
Chronopotentiometry,0.02,1800,10,1.0,0.7676,0.7676
Chronopotentiometry,0.02,1800,10,1.1,0.7678,0.7678
Chronopotentiometry,0.02,1800,10,1.2,0.7681,0.7681
Chronopotentiometry,0.02,1800,10,1.3,0.7683,0.7683
Chronopotentiometry,0.02,1800,10,1.4,0.7685,0.7685
Chronopotentiometry,0.02,1800,10,1.5,0.7687,0.7687
Chronopotentiometry,0.02,1800,10,1.6,0.7689,0.7689
Chronopotentiometry,0.02,1800,10,1.7,0.7691,0.7691
Chronopotentiometry,0.02,1800,10,1.8,0.7692,0.7692
Chronopotentiometry,0.02,1800,10,1.9,0.7693,0.7693
Chronopotentiometry,0.02,1800,10,2.0,0.7695,0.7695
Chronopotentiometry,0.02,1800,10,2.1,0.7697,0.7697
Chronopotentiometry,0.02,1800,10,2.2,0.7699,0.7699
Chronopotentiometry,0.02,1800,10,2.3,0.77,0.77
Chronopotentiometry,0.02,1800,10,2.4,0.7701,0.7701
Chronopotentiometry,0.02,1800,10,2.5,0.7703,0.7703
Chronopotentiometry,0.02,1800,10,2.6,0.7705,0.7705
Chronopotentiometry,0.02,1800,10,2.7,0.7707,0.7707
Chronopotentiometry,0.02,1800,10,2.8,0.7708,0.7708
Chronopotentiometry,0.02,1800,10,2.9,0.7709,0.7709
Chronopotentiometry,0.02,1800,10,3.0,0.7709,0.7709
Chronopotentiometry,0.02,1800,10,3.1,0.771,0.771
Chronopotentiometry,0.02,1800,10,3.2,0.7711,0.7711
Chronopotentiometry,0.02,1800,10,3.3,0.7712,0.7712
Chronopotentiometry,0.02,1800,10,3.4,0.7712,0.7712
Chronopotentiometry,0.02,1800,10,3.5,0.7713,0.7713
Chronopotentiometry,0.02,1800,10,3.6,0.7714,0.7714
Chronopotentiometry,0.02,1800,10,3.7,0.7714,0.7714
Chronopotentiometry,0.02,1800,10,3.8,0.7716,0.7716
Chronopotentiometry,0.02,1800,10,3.9,0.7716,0.7716
Chronopotentiometry,0.02,1800,10,4.0,0.7717,0.7717
Chronopotentiometry,0.02,1800,10,4.1,0.7717,0.7717
Chronopotentiometry,0.02,1800,10,4.2,0.7718,0.7718
Chronopotentiometry,0.02,1800,10,4.3,0.7719,0.7719
Chronopotentiometry,0.02,1800,10,4.4,0.772,0.772
Chronopotentiometry,0.02,1800,10,4.5,0.7721,0.7721
Chronopotentiometry,0.02,1800,10,4.6,0.7721,0.7721
Chronopotentiometry,0.02,1800,10,4.7,0.7721,0.7721
Chronopotentiometry,0.02,1800,10,4.8,0.7723,0.7723
Chronopotentiometry,0.02,1800,10,4.9,0.7723,0.7723
Chronopotentiometry,0.02,1800,10,5.0,0.7724,0.7724
Chronopotentiometry,0.02,1800,10,5.1,0.7725,0.7725
Chronopotentiometry,0.02,1800,10,5.2,0.7726,0.7726
Chronopotentiometry,0.02,1800,10,5.3,0.7726,0.7726
Chronopotentiometry,0.02,1800,10,5.4,0.7726,0.7726
Chronopotentiometry,0.02,1800,10,5.5,0.7728,0.7728
Chronopotentiometry,0.02,1800,10,5.6,0.7729,0.7729
Chronopotentiometry,0.02,1800,10,5.7,0.7729,0.7729
Chronopotentiometry,0.02,1800,10,5.8,0.7729,0.7729
Chronopotentiometry,0.02,1800,10,5.9,0.773,0.773
Chronopotentiometry,0.02,1800,10,6.0,0.7731,0.7731
Chronopotentiometry,0.02,1800,10,6.1,0.7732,0.7732
Chronopotentiometry,0.02,1800,10,6.2,0.7733,0.7733
Chronopotentiometry,0.02,1800,10,6.3,0.7733,0.7733
Chronopotentiometry,0.02,1800,10,6.4,0.7733,0.7733
Chronopotentiometry,0.02,1800,10,6.5,0.7733,0.7733
Chronopotentiometry,0.02,1800,10,6.6,0.7733,0.7733
Chronopotentiometry,0.02,1800,10,6.7,0.7735,0.7735
Chronopotentiometry,0.02,1800,10,6.8,0.7735,0.7735
Chronopotentiometry,0.02,1800,10,6.9,0.7735,0.7735
Chronopotentiometry,0.02,1800,10,7.0,0.7736,0.7736
Chronopotentiometry,0.02,1800,10,7.1,0.7737,0.7737
Chronopotentiometry,0.02,1800,10,7.2,0.7737,0.7737
Chronopotentiometry,0.02,1800,10,7.3,0.7737,0.7737
Chronopotentiometry,0.02,1800,10,7.4,0.7738,0.7738
Chronopotentiometry,0.02,1800,10,7.5,0.7739,0.7739
Chronopotentiometry,0.02,1800,10,7.6,0.774,0.774
Chronopotentiometry,0.02,1800,10,7.7,0.774,0.774
Chronopotentiometry,0.02,1800,10,7.8,0.774,0.774
Chronopotentiometry,0.02,1800,10,7.9,0.774,0.774
Chronopotentiometry,0.02,1800,10,8.0,0.774,0.774
Chronopotentiometry,0.02,1800,10,8.1,0.7741,0.7741
Chronopotentiometry,0.02,1800,10,8.2,0.7742,0.7742
Chronopotentiometry,0.02,1800,10,8.3,0.7743,0.7743
Chronopotentiometry,0.02,1800,10,8.4,0.7743,0.7743
Chronopotentiometry,0.02,1800,10,8.5,0.7743,0.7743
Chronopotentiometry,0.02,1800,10,8.6,0.7744,0.7744
Chronopotentiometry,0.02,1800,10,8.7,0.7744,0.7744
Chronopotentiometry,0.02,1800,10,8.8,0.7745,0.7745
Chronopotentiometry,0.02,1800,10,8.9,0.7745,0.7745
Chronopotentiometry,0.02,1800,10,9.0,0.7745,0.7745
Chronopotentiometry,0.02,1800,10,9.1,0.7746,0.7746
Chronopotentiometry,0.02,1800,10,9.2,0.7747,0.7747
Chronopotentiometry,0.02,1800,10,9.3,0.7747,0.7747
Chronopotentiometry,0.02,1800,10,9.4,0.7747,0.7747
Chronopotentiometry,0.02,1800,10,9.5,0.7747,0.7747
Chronopotentiometry,0.02,1800,10,9.6,0.7748,0.7748
Chronopotentiometry,0.02,1800,10,9.7,0.7749,0.7749
Chronopotentiometry,0.02,1800,10,9.8,0.7749,0.7749
Chronopotentiometry,0.02,1800,10,9.9,0.775,0.775
Chronopotentiometry,0.02,1800,10,10.0,0.7749,0.7749
Chronopotentiometry,0.02,1800,10,10.1,0.775,0.775
Chronopotentiometry,0.02,1800,10,10.2,0.7751,0.7751
Chronopotentiometry,0.02,1800,10,10.3,0.7751,0.7751
Chronopotentiometry,0.02,1800,10,10.4,0.7752,0.7752
Chronopotentiometry,0.02,1800,10,10.5,0.7752,0.7752
Chronopotentiometry,0.02,1800,10,10.6,0.7751,0.7751
Chronopotentiometry,0.02,1800,10,10.7,0.7752,0.7752
Chronopotentiometry,0.02,1800,10,10.8,0.7753,0.7753
Chronopotentiometry,0.02,1800,10,10.9,0.7753,0.7753
Chronopotentiometry,0.02,1800,10,11.0,0.7753,0.7753
Chronopotentiometry,0.02,1800,10,11.1,0.7754,0.7754
Chronopotentiometry,0.02,1800,10,11.2,0.7754,0.7754
Chronopotentiometry,0.02,1800,10,11.3,0.7756,0.7756
Chronopotentiometry,0.02,1800,10,11.4,0.7755,0.7755
Chronopotentiometry,0.02,1800,10,11.5,0.7755,0.7755
Chronopotentiometry,0.02,1800,10,11.6,0.7756,0.7756
Chronopotentiometry,0.02,1800,10,11.7,0.7757,0.7757
Chronopotentiometry,0.02,1800,10,11.8,0.7757,0.7757
Chronopotentiometry,0.02,1800,10,11.9,0.7757,0.7757
Chronopotentiometry,0.02,1800,10,12.0,0.7758,0.7758
Chronopotentiometry,0.02,1800,10,12.1,0.7757,0.7757
Chronopotentiometry,0.02,1800,10,12.2,0.7758,0.7758
Chronopotentiometry,0.02,1800,10,12.3,0.7758,0.7758
Chronopotentiometry,0.02,1800,10,12.4,0.7759,0.7759
Chronopotentiometry,0.02,1800,10,12.5,0.7759,0.7759
Chronopotentiometry,0.02,1800,10,12.6,0.7759,0.7759
Chronopotentiometry,0.02,1800,10,12.7,0.776,0.776
Chronopotentiometry,0.02,1800,10,12.8,0.776,0.776
Chronopotentiometry,0.02,1800,10,12.9,0.776,0.776
Chronopotentiometry,0.02,1800,10,13.0,0.776,0.776
Chronopotentiometry,0.02,1800,10,13.1,0.776,0.776
Chronopotentiometry,0.02,1800,10,13.2,0.776,0.776
Chronopotentiometry,0.02,1800,10,13.3,0.7761,0.7761
Chronopotentiometry,0.02,1800,10,13.4,0.7761,0.7761
Chronopotentiometry,0.02,1800,10,13.5,0.7762,0.7762
Chronopotentiometry,0.02,1800,10,13.6,0.7763,0.7763
Chronopotentiometry,0.02,1800,10,13.7,0.7762,0.7762
Chronopotentiometry,0.02,1800,10,13.8,0.7762,0.7762
Chronopotentiometry,0.02,1800,10,13.9,0.7762,0.7762
Chronopotentiometry,0.02,1800,10,14.0,0.7763,0.7763
Chronopotentiometry,0.02,1800,10,14.1,0.7763,0.7763
Chronopotentiometry,0.02,1800,10,14.2,0.7764,0.7764
Chronopotentiometry,0.02,1800,10,14.3,0.7765,0.7765
Chronopotentiometry,0.02,1800,10,14.4,0.7764,0.7764
Chronopotentiometry,0.02,1800,10,14.5,0.7765,0.7765
Chronopotentiometry,0.02,1800,10,14.6,0.7765,0.7765
Chronopotentiometry,0.02,1800,10,14.7,0.7765,0.7765
Chronopotentiometry,0.02,1800,10,14.8,0.7765,0.7765
Chronopotentiometry,0.02,1800,10,14.9,0.7765,0.7765
Chronopotentiometry,0.02,1800,10,15.0,0.7766,0.7766
Chronopotentiometry,0.02,1800,10,15.1,0.7766,0.7766
Chronopotentiometry,0.02,1800,10,15.2,0.7767,0.7767
Chronopotentiometry,0.02,1800,10,15.3,0.7767,0.7767
Chronopotentiometry,0.02,1800,10,15.4,0.7768,0.7768
Chronopotentiometry,0.02,1800,10,15.5,0.7768,0.7768
Chronopotentiometry,0.02,1800,10,15.6,0.7769,0.7769
Chronopotentiometry,0.02,1800,10,15.7,0.7769,0.7769
Chronopotentiometry,0.02,1800,10,15.8,0.7768,0.7768
Chronopotentiometry,0.02,1800,10,15.9,0.7768,0.7768
Chronopotentiometry,0.02,1800,10,16.0,0.7768,0.7768
Chronopotentiometry,0.02,1800,10,16.1,0.7769,0.7769
Chronopotentiometry,0.02,1800,10,16.2,0.7769,0.7769
Chronopotentiometry,0.02,1800,10,16.3,0.7771,0.7771
Chronopotentiometry,0.02,1800,10,16.4,0.777,0.777
Chronopotentiometry,0.02,1800,10,16.5,0.777,0.777
Chronopotentiometry,0.02,1800,10,16.6,0.777,0.777
Chronopotentiometry,0.02,1800,10,16.7,0.7771,0.7771
Chronopotentiometry,0.02,1800,10,16.8,0.7772,0.7772
Chronopotentiometry,0.02,1800,10,16.9,0.7771,0.7771
Chronopotentiometry,0.02,1800,10,17.0,0.7772,0.7772
Chronopotentiometry,0.02,1800,10,17.1,0.7772,0.7772
Chronopotentiometry,0.02,1800,10,17.2,0.7773,0.7773
Chronopotentiometry,0.02,1800,10,17.3,0.7773,0.7773
Chronopotentiometry,0.02,1800,10,17.4,0.7774,0.7774
Chronopotentiometry,0.02,1800,10,17.5,0.7773,0.7773
Chronopotentiometry,0.02,1800,10,17.6,0.7774,0.7774
Chronopotentiometry,0.02,1800,10,17.7,0.7775,0.7775
Chronopotentiometry,0.02,1800,10,17.8,0.7774,0.7774
Chronopotentiometry,0.02,1800,10,17.9,0.7775,0.7775
Chronopotentiometry,0.02,1800,10,18.0,0.7775,0.7775
Chronopotentiometry,0.02,1800,10,18.1,0.7776,0.7776
Chronopotentiometry,0.02,1800,10,18.2,0.7777,0.7777
Chronopotentiometry,0.02,1800,10,18.3,0.7776,0.7776
Chronopotentiometry,0.02,1800,10,18.4,0.7776,0.7776
Chronopotentiometry,0.02,1800,10,18.5,0.7776,0.7776
Chronopotentiometry,0.02,1800,10,18.6,0.7777,0.7777
Chronopotentiometry,0.02,1800,10,18.7,0.7777,0.7777
Chronopotentiometry,0.02,1800,10,18.8,0.7778,0.7778
Chronopotentiometry,0.02,1800,10,18.9,0.7777,0.7777
Chronopotentiometry,0.02,1800,10,19.0,0.7779,0.7779
Chronopotentiometry,0.02,1800,10,19.1,0.7778,0.7778
Chronopotentiometry,0.02,1800,10,19.2,0.7779,0.7779
Chronopotentiometry,0.02,1800,10,19.3,0.7778,0.7778
Chronopotentiometry,0.02,1800,10,19.4,0.7778,0.7778
Chronopotentiometry,0.02,1800,10,19.5,0.7779,0.7779
Chronopotentiometry,0.02,1800,10,19.6,0.7779,0.7779
Chronopotentiometry,0.02,1800,10,19.7,0.7779,0.7779
Chronopotentiometry,0.02,1800,10,19.8,0.778,0.778
Chronopotentiometry,0.02,1800,10,19.9,0.7779,0.7779
Chronopotentiometry,0.02,1800,10,20.0,0.778,0.778
Chronopotentiometry,0.02,1800,10,20.1,0.778,0.778
Chronopotentiometry,0.02,1800,10,20.2,0.778,0.778
Chronopotentiometry,0.02,1800,10,20.3,0.7781,0.7781
Chronopotentiometry,0.02,1800,10,20.4,0.7781,0.7781
Chronopotentiometry,0.02,1800,10,20.5,0.7781,0.7781
Chronopotentiometry,0.02,1800,10,20.6,0.7781,0.7781
Chronopotentiometry,0.02,1800,10,20.7,0.7781,0.7781
Chronopotentiometry,0.02,1800,10,20.8,0.7781,0.7781
Chronopotentiometry,0.02,1800,10,20.9,0.7781,0.7781
Chronopotentiometry,0.02,1800,10,21.0,0.7782,0.7782
Chronopotentiometry,0.02,1800,10,21.1,0.7782,0.7782
Chronopotentiometry,0.02,1800,10,21.2,0.7782,0.7782
Chronopotentiometry,0.02,1800,10,21.3,0.7782,0.7782
Chronopotentiometry,0.02,1800,10,21.4,0.7783,0.7783
Chronopotentiometry,0.02,1800,10,21.5,0.7783,0.7783
Chronopotentiometry,0.02,1800,10,21.6,0.7783,0.7783
Chronopotentiometry,0.02,1800,10,21.7,0.7783,0.7783
Chronopotentiometry,0.02,1800,10,21.8,0.7785,0.7785
Chronopotentiometry,0.02,1800,10,21.9,0.7785,0.7785
Chronopotentiometry,0.02,1800,10,22.0,0.7784,0.7784
Chronopotentiometry,0.02,1800,10,22.1,0.7785,0.7785
Chronopotentiometry,0.02,1800,10,22.2,0.7786,0.7786
Chronopotentiometry,0.02,1800,10,22.3,0.7785,0.7785
Chronopotentiometry,0.02,1800,10,22.4,0.7786,0.7786
Chronopotentiometry,0.02,1800,10,22.5,0.7786,0.7786
Chronopotentiometry,0.02,1800,10,22.6,0.7786,0.7786
Chronopotentiometry,0.02,1800,10,22.7,0.7786,0.7786
Chronopotentiometry,0.02,1800,10,22.8,0.7786,0.7786
Chronopotentiometry,0.02,1800,10,22.9,0.7787,0.7787
Chronopotentiometry,0.02,1800,10,23.0,0.7787,0.7787
Chronopotentiometry,0.02,1800,10,23.1,0.7787,0.7787
Chronopotentiometry,0.02,1800,10,23.2,0.7788,0.7788
Chronopotentiometry,0.02,1800,10,23.3,0.7788,0.7788
Chronopotentiometry,0.02,1800,10,23.4,0.7788,0.7788
Chronopotentiometry,0.02,1800,10,23.5,0.7789,0.7789
Chronopotentiometry,0.02,1800,10,23.6,0.7787,0.7787
Chronopotentiometry,0.02,1800,10,23.7,0.7787,0.7787
Chronopotentiometry,0.02,1800,10,23.8,0.7787,0.7787
Chronopotentiometry,0.02,1800,10,23.9,0.7788,0.7788
Chronopotentiometry,0.02,1800,10,24.0,0.7787,0.7787
Chronopotentiometry,0.02,1800,10,24.1,0.7787,0.7787
Chronopotentiometry,0.02,1800,10,24.2,0.7788,0.7788
Chronopotentiometry,0.02,1800,10,24.3,0.7788,0.7788
Chronopotentiometry,0.02,1800,10,24.4,0.7789,0.7789
Chronopotentiometry,0.02,1800,10,24.5,0.779,0.779
Chronopotentiometry,0.02,1800,10,24.6,0.7789,0.7789
Chronopotentiometry,0.02,1800,10,24.7,0.779,0.779
Chronopotentiometry,0.02,1800,10,24.8,0.779,0.779
Chronopotentiometry,0.02,1800,10,24.9,0.779,0.779
Chronopotentiometry,0.02,1800,10,25.0,0.779,0.779
Chronopotentiometry,0.02,1800,10,25.1,0.779,0.779
Chronopotentiometry,0.02,1800,10,25.2,0.7791,0.7791
Chronopotentiometry,0.02,1800,10,25.3,0.7791,0.7791
Chronopotentiometry,0.02,1800,10,25.4,0.7792,0.7792
Chronopotentiometry,0.02,1800,10,25.5,0.7792,0.7792
Chronopotentiometry,0.02,1800,10,25.6,0.7792,0.7792
Chronopotentiometry,0.02,1800,10,25.7,0.7791,0.7791
Chronopotentiometry,0.02,1800,10,25.8,0.7792,0.7792
Chronopotentiometry,0.02,1800,10,25.9,0.7792,0.7792
Chronopotentiometry,0.02,1800,10,26.0,0.7792,0.7792
Chronopotentiometry,0.02,1800,10,26.1,0.7793,0.7793
Chronopotentiometry,0.02,1800,10,26.2,0.7793,0.7793
Chronopotentiometry,0.02,1800,10,26.3,0.7794,0.7794
Chronopotentiometry,0.02,1800,10,26.4,0.7794,0.7794
Chronopotentiometry,0.02,1800,10,26.5,0.7794,0.7794
Chronopotentiometry,0.02,1800,10,26.6,0.7794,0.7794
Chronopotentiometry,0.02,1800,10,26.7,0.7794,0.7794
Chronopotentiometry,0.02,1800,10,26.8,0.7794,0.7794
Chronopotentiometry,0.02,1800,10,26.9,0.7794,0.7794
Chronopotentiometry,0.02,1800,10,27.0,0.7794,0.7794
Chronopotentiometry,0.02,1800,10,27.1,0.7795,0.7795
Chronopotentiometry,0.02,1800,10,27.2,0.7795,0.7795
Chronopotentiometry,0.02,1800,10,27.3,0.7795,0.7795
Chronopotentiometry,0.02,1800,10,27.4,0.7794,0.7794
Chronopotentiometry,0.02,1800,10,27.5,0.7795,0.7795
Chronopotentiometry,0.02,1800,10,27.6,0.7795,0.7795
Chronopotentiometry,0.02,1800,10,27.7,0.7795,0.7795
Chronopotentiometry,0.02,1800,10,27.8,0.7796,0.7796
Chronopotentiometry,0.02,1800,10,27.9,0.7796,0.7796
Chronopotentiometry,0.02,1800,10,28.0,0.7796,0.7796
Chronopotentiometry,0.02,1800,10,28.1,0.7796,0.7796
Chronopotentiometry,0.02,1800,10,28.2,0.7797,0.7797
Chronopotentiometry,0.02,1800,10,28.3,0.7797,0.7797
Chronopotentiometry,0.02,1800,10,28.4,0.7797,0.7797
Chronopotentiometry,0.02,1800,10,28.5,0.7799,0.7799
Chronopotentiometry,0.02,1800,10,28.6,0.7799,0.7799
Chronopotentiometry,0.02,1800,10,28.7,0.7798,0.7798
Chronopotentiometry,0.02,1800,10,28.8,0.7799,0.7799
Chronopotentiometry,0.02,1800,10,28.9,0.7799,0.7799
Chronopotentiometry,0.02,1800,10,29.0,0.7799,0.7799
Chronopotentiometry,0.02,1800,10,29.1,0.7799,0.7799
Chronopotentiometry,0.02,1800,10,29.2,0.7799,0.7799
Chronopotentiometry,0.02,1800,10,29.3,0.78,0.78
Chronopotentiometry,0.02,1800,10,29.4,0.78,0.78
Chronopotentiometry,0.02,1800,10,29.5,0.7799,0.7799
Chronopotentiometry,0.02,1800,10,29.6,0.78,0.78
Chronopotentiometry,0.02,1800,10,29.7,0.7801,0.7801
Chronopotentiometry,0.02,1800,10,29.8,0.7801,0.7801
Chronopotentiometry,0.02,1800,10,29.9,0.7801,0.7801
Chronopotentiometry,0.02,1800,10,30.0,0.78,0.78
Chronopotentiometry,0.02,1800,10,30.1,0.7799,0.7799
Chronopotentiometry,0.02,1800,10,30.2,0.7799,0.7799
Chronopotentiometry,0.02,1800,10,30.3,0.7799,0.7799
Chronopotentiometry,0.02,1800,10,30.4,0.78,0.78
Chronopotentiometry,0.02,1800,10,30.5,0.7801,0.7801
Chronopotentiometry,0.02,1800,10,30.6,0.7801,0.7801
Chronopotentiometry,0.02,1800,10,30.7,0.7801,0.7801
Chronopotentiometry,0.02,1800,10,30.8,0.7801,0.7801
Chronopotentiometry,0.02,1800,10,30.9,0.7801,0.7801
Chronopotentiometry,0.02,1800,10,31.0,0.7802,0.7802
Chronopotentiometry,0.02,1800,10,31.1,0.7803,0.7803
Chronopotentiometry,0.02,1800,10,31.2,0.7803,0.7803
Chronopotentiometry,0.02,1800,10,31.3,0.7802,0.7802
Chronopotentiometry,0.02,1800,10,31.4,0.7804,0.7804
Chronopotentiometry,0.02,1800,10,31.5,0.7803,0.7803
Chronopotentiometry,0.02,1800,10,31.6,0.7804,0.7804
Chronopotentiometry,0.02,1800,10,31.7,0.7804,0.7804
Chronopotentiometry,0.02,1800,10,31.8,0.7804,0.7804
Chronopotentiometry,0.02,1800,10,31.9,0.7804,0.7804
Chronopotentiometry,0.02,1800,10,32.0,0.7804,0.7804
Chronopotentiometry,0.02,1800,10,32.1,0.7804,0.7804
Chronopotentiometry,0.02,1800,10,32.2,0.7804,0.7804
Chronopotentiometry,0.02,1800,10,32.3,0.7805,0.7805
Chronopotentiometry,0.02,1800,10,32.4,0.7805,0.7805
Chronopotentiometry,0.02,1800,10,32.5,0.7805,0.7805
Chronopotentiometry,0.02,1800,10,32.6,0.7805,0.7805
Chronopotentiometry,0.02,1800,10,32.7,0.7806,0.7806
Chronopotentiometry,0.02,1800,10,32.8,0.7806,0.7806
Chronopotentiometry,0.02,1800,10,32.9,0.7806,0.7806
Chronopotentiometry,0.02,1800,10,33.0,0.7807,0.7807
Chronopotentiometry,0.02,1800,10,33.1,0.7807,0.7807
Chronopotentiometry,0.02,1800,10,33.2,0.7806,0.7806
Chronopotentiometry,0.02,1800,10,33.3,0.7807,0.7807
Chronopotentiometry,0.02,1800,10,33.4,0.7807,0.7807
Chronopotentiometry,0.02,1800,10,33.5,0.7807,0.7807
Chronopotentiometry,0.02,1800,10,33.6,0.7807,0.7807
Chronopotentiometry,0.02,1800,10,33.7,0.7807,0.7807
Chronopotentiometry,0.02,1800,10,33.8,0.7807,0.7807
Chronopotentiometry,0.02,1800,10,33.9,0.7807,0.7807
Chronopotentiometry,0.02,1800,10,34.0,0.7807,0.7807
Chronopotentiometry,0.02,1800,10,34.1,0.7808,0.7808
Chronopotentiometry,0.02,1800,10,34.2,0.7809,0.7809
Chronopotentiometry,0.02,1800,10,34.3,0.7809,0.7809
Chronopotentiometry,0.02,1800,10,34.4,0.7809,0.7809
Chronopotentiometry,0.02,1800,10,34.5,0.7809,0.7809
Chronopotentiometry,0.02,1800,10,34.6,0.7809,0.7809
Chronopotentiometry,0.02,1800,10,34.7,0.7809,0.7809
Chronopotentiometry,0.02,1800,10,34.8,0.7809,0.7809
Chronopotentiometry,0.02,1800,10,34.9,0.7809,0.7809
Chronopotentiometry,0.02,1800,10,35.0,0.7809,0.7809
Chronopotentiometry,0.02,1800,10,35.1,0.7809,0.7809
Chronopotentiometry,0.02,1800,10,35.2,0.7809,0.7809
Chronopotentiometry,0.02,1800,10,35.3,0.781,0.781
Chronopotentiometry,0.02,1800,10,35.4,0.781,0.781
Chronopotentiometry,0.02,1800,10,35.5,0.781,0.781
Chronopotentiometry,0.02,1800,10,35.6,0.7811,0.7811
Chronopotentiometry,0.02,1800,10,35.7,0.7811,0.7811
Chronopotentiometry,0.02,1800,10,35.8,0.781,0.781
Chronopotentiometry,0.02,1800,10,35.9,0.781,0.781
Chronopotentiometry,0.02,1800,10,36.0,0.7811,0.7811
Chronopotentiometry,0.02,1800,10,36.1,0.7812,0.7812
Chronopotentiometry,0.02,1800,10,36.2,0.7812,0.7812
Chronopotentiometry,0.02,1800,10,36.3,0.7813,0.7813
Chronopotentiometry,0.02,1800,10,36.4,0.7812,0.7812
Chronopotentiometry,0.02,1800,10,36.5,0.7812,0.7812
Chronopotentiometry,0.02,1800,10,36.6,0.7812,0.7812
Chronopotentiometry,0.02,1800,10,36.7,0.7812,0.7812
Chronopotentiometry,0.02,1800,10,36.8,0.7812,0.7812
Chronopotentiometry,0.02,1800,10,36.9,0.7813,0.7813
Chronopotentiometry,0.02,1800,10,37.0,0.7813,0.7813
Chronopotentiometry,0.02,1800,10,37.1,0.7813,0.7813
Chronopotentiometry,0.02,1800,10,37.2,0.7813,0.7813
Chronopotentiometry,0.02,1800,10,37.3,0.7814,0.7814
Chronopotentiometry,0.02,1800,10,37.4,0.7814,0.7814
Chronopotentiometry,0.02,1800,10,37.5,0.7814,0.7814
Chronopotentiometry,0.02,1800,10,37.6,0.7815,0.7815
Chronopotentiometry,0.02,1800,10,37.7,0.7814,0.7814
Chronopotentiometry,0.02,1800,10,37.8,0.7813,0.7813
Chronopotentiometry,0.02,1800,10,37.9,0.7814,0.7814
Chronopotentiometry,0.02,1800,10,38.0,0.7815,0.7815
Chronopotentiometry,0.02,1800,10,38.1,0.7814,0.7814
Chronopotentiometry,0.02,1800,10,38.2,0.7815,0.7815
Chronopotentiometry,0.02,1800,10,38.3,0.7815,0.7815
Chronopotentiometry,0.02,1800,10,38.4,0.7816,0.7816
Chronopotentiometry,0.02,1800,10,38.5,0.7815,0.7815
Chronopotentiometry,0.02,1800,10,38.6,0.7816,0.7816
Chronopotentiometry,0.02,1800,10,38.7,0.7816,0.7816
Chronopotentiometry,0.02,1800,10,38.8,0.7816,0.7816
Chronopotentiometry,0.02,1800,10,38.9,0.7816,0.7816
Chronopotentiometry,0.02,1800,10,39.0,0.7816,0.7816
Chronopotentiometry,0.02,1800,10,39.1,0.7816,0.7816
Chronopotentiometry,0.02,1800,10,39.2,0.7817,0.7817
Chronopotentiometry,0.02,1800,10,39.3,0.7817,0.7817
Chronopotentiometry,0.02,1800,10,39.4,0.7817,0.7817
Chronopotentiometry,0.02,1800,10,39.5,0.7817,0.7817
Chronopotentiometry,0.02,1800,10,39.6,0.7817,0.7817
Chronopotentiometry,0.02,1800,10,39.7,0.7818,0.7818
Chronopotentiometry,0.02,1800,10,39.8,0.7818,0.7818
Chronopotentiometry,0.02,1800,10,39.9,0.7819,0.7819
Chronopotentiometry,0.02,1800,10,40.0,0.7819,0.7819
Chronopotentiometry,0.02,1800,10,40.1,0.7819,0.7819
Chronopotentiometry,0.02,1800,10,40.2,0.7819,0.7819
Chronopotentiometry,0.02,1800,10,40.3,0.7819,0.7819
Chronopotentiometry,0.02,1800,10,40.4,0.7819,0.7819
Chronopotentiometry,0.02,1800,10,40.5,0.782,0.782
Chronopotentiometry,0.02,1800,10,40.6,0.782,0.782
Chronopotentiometry,0.02,1800,10,40.7,0.7819,0.7819
Chronopotentiometry,0.02,1800,10,40.8,0.782,0.782
Chronopotentiometry,0.02,1800,10,40.9,0.782,0.782
Chronopotentiometry,0.02,1800,10,41.0,0.782,0.782
Chronopotentiometry,0.02,1800,10,41.1,0.782,0.782
Chronopotentiometry,0.02,1800,10,41.2,0.782,0.782
Chronopotentiometry,0.02,1800,10,41.3,0.782,0.782
Chronopotentiometry,0.02,1800,10,41.4,0.7821,0.7821
Chronopotentiometry,0.02,1800,10,41.5,0.7821,0.7821
Chronopotentiometry,0.02,1800,10,41.6,0.7822,0.7822
Chronopotentiometry,0.02,1800,10,41.7,0.7822,0.7822
Chronopotentiometry,0.02,1800,10,41.8,0.7821,0.7821
Chronopotentiometry,0.02,1800,10,41.9,0.7822,0.7822
Chronopotentiometry,0.02,1800,10,42.0,0.7823,0.7823
Chronopotentiometry,0.02,1800,10,42.1,0.7822,0.7822
Chronopotentiometry,0.02,1800,10,42.2,0.7822,0.7822
Chronopotentiometry,0.02,1800,10,42.3,0.7822,0.7822
Chronopotentiometry,0.02,1800,10,42.4,0.7822,0.7822
Chronopotentiometry,0.02,1800,10,42.5,0.7823,0.7823
Chronopotentiometry,0.02,1800,10,42.6,0.7824,0.7824
Chronopotentiometry,0.02,1800,10,42.7,0.7823,0.7823
Chronopotentiometry,0.02,1800,10,42.8,0.7824,0.7824
Chronopotentiometry,0.02,1800,10,42.9,0.7825,0.7825
Chronopotentiometry,0.02,1800,10,43.0,0.7825,0.7825
Chronopotentiometry,0.02,1800,10,43.1,0.7824,0.7824
Chronopotentiometry,0.02,1800,10,43.2,0.7824,0.7824
Chronopotentiometry,0.02,1800,10,43.3,0.7824,0.7824
Chronopotentiometry,0.02,1800,10,43.4,0.7824,0.7824
Chronopotentiometry,0.02,1800,10,43.5,0.7824,0.7824
Chronopotentiometry,0.02,1800,10,43.6,0.7824,0.7824
Chronopotentiometry,0.02,1800,10,43.7,0.7824,0.7824
Chronopotentiometry,0.02,1800,10,43.8,0.7825,0.7825
Chronopotentiometry,0.02,1800,10,43.9,0.7824,0.7824
Chronopotentiometry,0.02,1800,10,44.0,0.7824,0.7824
Chronopotentiometry,0.02,1800,10,44.1,0.7825,0.7825
Chronopotentiometry,0.02,1800,10,44.2,0.7824,0.7824
Chronopotentiometry,0.02,1800,10,44.3,0.7825,0.7825
Chronopotentiometry,0.02,1800,10,44.4,0.7825,0.7825
Chronopotentiometry,0.02,1800,10,44.5,0.7826,0.7826
Chronopotentiometry,0.02,1800,10,44.6,0.7826,0.7826
Chronopotentiometry,0.02,1800,10,44.7,0.7825,0.7825
Chronopotentiometry,0.02,1800,10,44.8,0.7826,0.7826
Chronopotentiometry,0.02,1800,10,44.9,0.7827,0.7827
Chronopotentiometry,0.02,1800,10,45.0,0.7827,0.7827
Chronopotentiometry,0.02,1800,10,45.1,0.7827,0.7827
Chronopotentiometry,0.02,1800,10,45.2,0.7827,0.7827
Chronopotentiometry,0.02,1800,10,45.3,0.7827,0.7827
Chronopotentiometry,0.02,1800,10,45.4,0.7828,0.7828
Chronopotentiometry,0.02,1800,10,45.5,0.7828,0.7828
Chronopotentiometry,0.02,1800,10,45.6,0.7828,0.7828
Chronopotentiometry,0.02,1800,10,45.7,0.7828,0.7828
Chronopotentiometry,0.02,1800,10,45.8,0.7829,0.7829
Chronopotentiometry,0.02,1800,10,45.9,0.7829,0.7829
Chronopotentiometry,0.02,1800,10,46.0,0.7829,0.7829
Chronopotentiometry,0.02,1800,10,46.1,0.7828,0.7828
Chronopotentiometry,0.02,1800,10,46.2,0.7828,0.7828
Chronopotentiometry,0.02,1800,10,46.3,0.7829,0.7829
Chronopotentiometry,0.02,1800,10,46.4,0.7829,0.7829
Chronopotentiometry,0.02,1800,10,46.5,0.783,0.783
Chronopotentiometry,0.02,1800,10,46.6,0.7829,0.7829
Chronopotentiometry,0.02,1800,10,46.7,0.7829,0.7829
Chronopotentiometry,0.02,1800,10,46.8,0.783,0.783
Chronopotentiometry,0.02,1800,10,46.9,0.7829,0.7829
Chronopotentiometry,0.02,1800,10,47.0,0.7829,0.7829
Chronopotentiometry,0.02,1800,10,47.1,0.783,0.783
Chronopotentiometry,0.02,1800,10,47.2,0.783,0.783
Chronopotentiometry,0.02,1800,10,47.3,0.783,0.783
Chronopotentiometry,0.02,1800,10,47.4,0.7831,0.7831
Chronopotentiometry,0.02,1800,10,47.5,0.783,0.783
Chronopotentiometry,0.02,1800,10,47.6,0.7831,0.7831
Chronopotentiometry,0.02,1800,10,47.7,0.7831,0.7831
Chronopotentiometry,0.02,1800,10,47.8,0.7831,0.7831
Chronopotentiometry,0.02,1800,10,47.9,0.7831,0.7831
Chronopotentiometry,0.02,1800,10,48.0,0.7831,0.7831
Chronopotentiometry,0.02,1800,10,48.1,0.7831,0.7831
Chronopotentiometry,0.02,1800,10,48.2,0.7832,0.7832
Chronopotentiometry,0.02,1800,10,48.3,0.7831,0.7831
Chronopotentiometry,0.02,1800,10,48.4,0.7831,0.7831
Chronopotentiometry,0.02,1800,10,48.5,0.7831,0.7831
Chronopotentiometry,0.02,1800,10,48.6,0.7832,0.7832
Chronopotentiometry,0.02,1800,10,48.7,0.7832,0.7832
Chronopotentiometry,0.02,1800,10,48.8,0.7833,0.7833
Chronopotentiometry,0.02,1800,10,48.9,0.7832,0.7832
Chronopotentiometry,0.02,1800,10,49.0,0.7832,0.7832
Chronopotentiometry,0.02,1800,10,49.1,0.7833,0.7833
Chronopotentiometry,0.02,1800,10,49.2,0.7833,0.7833
Chronopotentiometry,0.02,1800,10,49.3,0.7833,0.7833
Chronopotentiometry,0.02,1800,10,49.4,0.7834,0.7834
Chronopotentiometry,0.02,1800,10,49.5,0.7834,0.7834
Chronopotentiometry,0.02,1800,10,49.6,0.7834,0.7834
Chronopotentiometry,0.02,1800,10,49.7,0.7834,0.7834
Chronopotentiometry,0.02,1800,10,49.8,0.7834,0.7834
Chronopotentiometry,0.02,1800,10,49.9,0.7833,0.7833
Chronopotentiometry,0.02,1800,10,50.0,0.7832,0.7832
Chronopotentiometry,0.02,1800,10,50.1,0.7833,0.7833
Chronopotentiometry,0.02,1800,10,50.2,0.7834,0.7834
Chronopotentiometry,0.02,1800,10,50.3,0.7834,0.7834
Chronopotentiometry,0.02,1800,10,50.4,0.7834,0.7834
Chronopotentiometry,0.02,1800,10,50.5,0.7834,0.7834
Chronopotentiometry,0.02,1800,10,50.6,0.7834,0.7834
Chronopotentiometry,0.02,1800,10,50.7,0.7834,0.7834
Chronopotentiometry,0.02,1800,10,50.8,0.7835,0.7835
Chronopotentiometry,0.02,1800,10,50.9,0.7836,0.7836
Chronopotentiometry,0.02,1800,10,51.0,0.7835,0.7835
Chronopotentiometry,0.02,1800,10,51.1,0.7834,0.7834
Chronopotentiometry,0.02,1800,10,51.2,0.7836,0.7836
Chronopotentiometry,0.02,1800,10,51.3,0.7836,0.7836
Chronopotentiometry,0.02,1800,10,51.4,0.7836,0.7836
Chronopotentiometry,0.02,1800,10,51.5,0.7836,0.7836
Chronopotentiometry,0.02,1800,10,51.6,0.7836,0.7836
Chronopotentiometry,0.02,1800,10,51.7,0.7836,0.7836
Chronopotentiometry,0.02,1800,10,51.8,0.7836,0.7836
Chronopotentiometry,0.02,1800,10,51.9,0.7837,0.7837
Chronopotentiometry,0.02,1800,10,52.0,0.7837,0.7837
Chronopotentiometry,0.02,1800,10,52.1,0.7837,0.7837
Chronopotentiometry,0.02,1800,10,52.2,0.7837,0.7837
Chronopotentiometry,0.02,1800,10,52.3,0.7837,0.7837
Chronopotentiometry,0.02,1800,10,52.4,0.7837,0.7837
Chronopotentiometry,0.02,1800,10,52.5,0.7837,0.7837
Chronopotentiometry,0.02,1800,10,52.6,0.7838,0.7838
Chronopotentiometry,0.02,1800,10,52.7,0.7838,0.7838
Chronopotentiometry,0.02,1800,10,52.8,0.7838,0.7838
Chronopotentiometry,0.02,1800,10,52.9,0.7838,0.7838
Chronopotentiometry,0.02,1800,10,53.0,0.7838,0.7838
Chronopotentiometry,0.02,1800,10,53.1,0.7839,0.7839
Chronopotentiometry,0.02,1800,10,53.2,0.7839,0.7839
Chronopotentiometry,0.02,1800,10,53.3,0.7839,0.7839
Chronopotentiometry,0.02,1800,10,53.4,0.7837,0.7837
Chronopotentiometry,0.02,1800,10,53.5,0.7839,0.7839
Chronopotentiometry,0.02,1800,10,53.6,0.7839,0.7839
Chronopotentiometry,0.02,1800,10,53.7,0.7839,0.7839
Chronopotentiometry,0.02,1800,10,53.8,0.7839,0.7839
Chronopotentiometry,0.02,1800,10,53.9,0.7839,0.7839
Chronopotentiometry,0.02,1800,10,54.0,0.7839,0.7839
Chronopotentiometry,0.02,1800,10,54.1,0.784,0.784
Chronopotentiometry,0.02,1800,10,54.2,0.784,0.784
Chronopotentiometry,0.02,1800,10,54.3,0.7839,0.7839
Chronopotentiometry,0.02,1800,10,54.4,0.784,0.784
Chronopotentiometry,0.02,1800,10,54.5,0.7841,0.7841
Chronopotentiometry,0.02,1800,10,54.6,0.7841,0.7841
Chronopotentiometry,0.02,1800,10,54.7,0.7841,0.7841
Chronopotentiometry,0.02,1800,10,54.8,0.784,0.784
Chronopotentiometry,0.02,1800,10,54.9,0.7841,0.7841
Chronopotentiometry,0.02,1800,10,55.0,0.7841,0.7841
Chronopotentiometry,0.02,1800,10,55.1,0.7842,0.7842
Chronopotentiometry,0.02,1800,10,55.2,0.7842,0.7842
Chronopotentiometry,0.02,1800,10,55.3,0.7842,0.7842
Chronopotentiometry,0.02,1800,10,55.4,0.7842,0.7842
Chronopotentiometry,0.02,1800,10,55.5,0.7842,0.7842
Chronopotentiometry,0.02,1800,10,55.6,0.7843,0.7843
Chronopotentiometry,0.02,1800,10,55.7,0.7842,0.7842
Chronopotentiometry,0.02,1800,10,55.8,0.7843,0.7843
Chronopotentiometry,0.02,1800,10,55.9,0.7843,0.7843
Chronopotentiometry,0.02,1800,10,56.0,0.7843,0.7843
Chronopotentiometry,0.02,1800,10,56.1,0.7844,0.7844
Chronopotentiometry,0.02,1800,10,56.2,0.7843,0.7843
Chronopotentiometry,0.02,1800,10,56.3,0.7844,0.7844
Chronopotentiometry,0.02,1800,10,56.4,0.7843,0.7843
Chronopotentiometry,0.02,1800,10,56.5,0.7843,0.7843
Chronopotentiometry,0.02,1800,10,56.6,0.7844,0.7844
Chronopotentiometry,0.02,1800,10,56.7,0.7843,0.7843
Chronopotentiometry,0.02,1800,10,56.8,0.7843,0.7843
Chronopotentiometry,0.02,1800,10,56.9,0.7844,0.7844
Chronopotentiometry,0.02,1800,10,57.0,0.7844,0.7844
Chronopotentiometry,0.02,1800,10,57.1,0.7842,0.7842
Chronopotentiometry,0.02,1800,10,57.2,0.7843,0.7843
Chronopotentiometry,0.02,1800,10,57.3,0.7843,0.7843
Chronopotentiometry,0.02,1800,10,57.4,0.7844,0.7844
Chronopotentiometry,0.02,1800,10,57.5,0.7844,0.7844
Chronopotentiometry,0.02,1800,10,57.6,0.7844,0.7844
Chronopotentiometry,0.02,1800,10,57.7,0.7844,0.7844
Chronopotentiometry,0.02,1800,10,57.8,0.7845,0.7845
Chronopotentiometry,0.02,1800,10,57.9,0.7845,0.7845
Chronopotentiometry,0.02,1800,10,58.0,0.7844,0.7844
Chronopotentiometry,0.02,1800,10,58.1,0.7845,0.7845
Chronopotentiometry,0.02,1800,10,58.2,0.7845,0.7845
Chronopotentiometry,0.02,1800,10,58.3,0.7845,0.7845
Chronopotentiometry,0.02,1800,10,58.4,0.7845,0.7845
Chronopotentiometry,0.02,1800,10,58.5,0.7846,0.7846
Chronopotentiometry,0.02,1800,10,58.6,0.7846,0.7846
Chronopotentiometry,0.02,1800,10,58.7,0.7846,0.7846
Chronopotentiometry,0.02,1800,10,58.8,0.7846,0.7846
Chronopotentiometry,0.02,1800,10,58.9,0.7846,0.7846
Chronopotentiometry,0.02,1800,10,59.0,0.7846,0.7846
Chronopotentiometry,0.02,1800,10,59.1,0.7847,0.7847
Chronopotentiometry,0.02,1800,10,59.2,0.7847,0.7847
Chronopotentiometry,0.02,1800,10,59.3,0.7848,0.7848
Chronopotentiometry,0.02,1800,10,59.4,0.7847,0.7847
Chronopotentiometry,0.02,1800,10,59.5,0.7847,0.7847
Chronopotentiometry,0.02,1800,10,59.6,0.7847,0.7847
Chronopotentiometry,0.02,1800,10,59.7,0.7848,0.7848
Chronopotentiometry,0.02,1800,10,59.8,0.7847,0.7847
Chronopotentiometry,0.02,1800,10,59.9,0.7847,0.7847
Chronopotentiometry,0.02,1800,10,60.0,0.7847,0.7847
Chronopotentiometry,0.02,1800,10,60.1,0.7848,0.7848
Chronopotentiometry,0.02,1800,10,60.2,0.7848,0.7848
Chronopotentiometry,0.02,1800,10,60.3,0.7848,0.7848
Chronopotentiometry,0.02,1800,10,60.4,0.7848,0.7848
Chronopotentiometry,0.02,1800,10,60.5,0.7849,0.7849
Chronopotentiometry,0.02,1800,10,60.6,0.7849,0.7849
Chronopotentiometry,0.02,1800,10,60.7,0.7849,0.7849
Chronopotentiometry,0.02,1800,10,60.8,0.7848,0.7848
Chronopotentiometry,0.02,1800,10,60.9,0.7849,0.7849
Chronopotentiometry,0.02,1800,10,61.0,0.7849,0.7849
Chronopotentiometry,0.02,1800,10,61.1,0.785,0.785
Chronopotentiometry,0.02,1800,10,61.2,0.785,0.785
Chronopotentiometry,0.02,1800,10,61.3,0.785,0.785
Chronopotentiometry,0.02,1800,10,61.4,0.7851,0.7851
Chronopotentiometry,0.02,1800,10,61.5,0.785,0.785
Chronopotentiometry,0.02,1800,10,61.6,0.7849,0.7849
Chronopotentiometry,0.02,1800,10,61.7,0.785,0.785
Chronopotentiometry,0.02,1800,10,61.8,0.785,0.785
Chronopotentiometry,0.02,1800,10,61.9,0.7851,0.7851
Chronopotentiometry,0.02,1800,10,62.0,0.7851,0.7851
Chronopotentiometry,0.02,1800,10,62.1,0.7851,0.7851
Chronopotentiometry,0.02,1800,10,62.2,0.7851,0.7851
Chronopotentiometry,0.02,1800,10,62.3,0.7851,0.7851
Chronopotentiometry,0.02,1800,10,62.4,0.7852,0.7852
Chronopotentiometry,0.02,1800,10,62.5,0.7851,0.7851
Chronopotentiometry,0.02,1800,10,62.6,0.785,0.785
Chronopotentiometry,0.02,1800,10,62.7,0.7851,0.7851
Chronopotentiometry,0.02,1800,10,62.8,0.7851,0.7851
Chronopotentiometry,0.02,1800,10,62.9,0.7852,0.7852
Chronopotentiometry,0.02,1800,10,63.0,0.7852,0.7852
Chronopotentiometry,0.02,1800,10,63.1,0.7853,0.7853
Chronopotentiometry,0.02,1800,10,63.2,0.7853,0.7853
Chronopotentiometry,0.02,1800,10,63.3,0.7852,0.7852
Chronopotentiometry,0.02,1800,10,63.4,0.7853,0.7853
Chronopotentiometry,0.02,1800,10,63.5,0.7853,0.7853
Chronopotentiometry,0.02,1800,10,63.6,0.7853,0.7853
Chronopotentiometry,0.02,1800,10,63.7,0.7853,0.7853
Chronopotentiometry,0.02,1800,10,63.8,0.7854,0.7854
Chronopotentiometry,0.02,1800,10,63.9,0.7854,0.7854
Chronopotentiometry,0.02,1800,10,64.0,0.7853,0.7853
Chronopotentiometry,0.02,1800,10,64.1,0.7854,0.7854
Chronopotentiometry,0.02,1800,10,64.2,0.7853,0.7853
Chronopotentiometry,0.02,1800,10,64.3,0.7854,0.7854
Chronopotentiometry,0.02,1800,10,64.4,0.7854,0.7854
Chronopotentiometry,0.02,1800,10,64.5,0.7855,0.7855
Chronopotentiometry,0.02,1800,10,64.6,0.7855,0.7855
Chronopotentiometry,0.02,1800,10,64.7,0.7855,0.7855
Chronopotentiometry,0.02,1800,10,64.8,0.7855,0.7855
Chronopotentiometry,0.02,1800,10,64.9,0.7855,0.7855
Chronopotentiometry,0.02,1800,10,65.0,0.7855,0.7855
Chronopotentiometry,0.02,1800,10,65.1,0.7855,0.7855
Chronopotentiometry,0.02,1800,10,65.2,0.7855,0.7855
Chronopotentiometry,0.02,1800,10,65.3,0.7855,0.7855
Chronopotentiometry,0.02,1800,10,65.4,0.7855,0.7855
Chronopotentiometry,0.02,1800,10,65.5,0.7855,0.7855
Chronopotentiometry,0.02,1800,10,65.6,0.7856,0.7856
Chronopotentiometry,0.02,1800,10,65.7,0.7855,0.7855
Chronopotentiometry,0.02,1800,10,65.8,0.7855,0.7855
Chronopotentiometry,0.02,1800,10,65.9,0.7855,0.7855
Chronopotentiometry,0.02,1800,10,66.0,0.7856,0.7856
Chronopotentiometry,0.02,1800,10,66.1,0.7856,0.7856
Chronopotentiometry,0.02,1800,10,66.2,0.7857,0.7857
Chronopotentiometry,0.02,1800,10,66.3,0.7857,0.7857
Chronopotentiometry,0.02,1800,10,66.4,0.7856,0.7856
Chronopotentiometry,0.02,1800,10,66.5,0.7857,0.7857
Chronopotentiometry,0.02,1800,10,66.6,0.7857,0.7857
Chronopotentiometry,0.02,1800,10,66.7,0.7857,0.7857
Chronopotentiometry,0.02,1800,10,66.8,0.7857,0.7857
Chronopotentiometry,0.02,1800,10,66.9,0.7858,0.7858
Chronopotentiometry,0.02,1800,10,67.0,0.7857,0.7857
Chronopotentiometry,0.02,1800,10,67.1,0.7857,0.7857
Chronopotentiometry,0.02,1800,10,67.2,0.7858,0.7858
Chronopotentiometry,0.02,1800,10,67.3,0.7858,0.7858
Chronopotentiometry,0.02,1800,10,67.4,0.7858,0.7858
Chronopotentiometry,0.02,1800,10,67.5,0.7858,0.7858
Chronopotentiometry,0.02,1800,10,67.6,0.7858,0.7858
Chronopotentiometry,0.02,1800,10,67.7,0.7858,0.7858
Chronopotentiometry,0.02,1800,10,67.8,0.7858,0.7858
Chronopotentiometry,0.02,1800,10,67.9,0.7858,0.7858
Chronopotentiometry,0.02,1800,10,68.0,0.7858,0.7858
Chronopotentiometry,0.02,1800,10,68.1,0.7859,0.7859
Chronopotentiometry,0.02,1800,10,68.2,0.7858,0.7858
Chronopotentiometry,0.02,1800,10,68.3,0.7859,0.7859
Chronopotentiometry,0.02,1800,10,68.4,0.7859,0.7859
Chronopotentiometry,0.02,1800,10,68.5,0.786,0.786
Chronopotentiometry,0.02,1800,10,68.6,0.786,0.786
Chronopotentiometry,0.02,1800,10,68.7,0.7859,0.7859
Chronopotentiometry,0.02,1800,10,68.8,0.7859,0.7859
Chronopotentiometry,0.02,1800,10,68.9,0.7859,0.7859
Chronopotentiometry,0.02,1800,10,69.0,0.7859,0.7859
Chronopotentiometry,0.02,1800,10,69.1,0.7859,0.7859
Chronopotentiometry,0.02,1800,10,69.2,0.786,0.786
Chronopotentiometry,0.02,1800,10,69.3,0.786,0.786
Chronopotentiometry,0.02,1800,10,69.4,0.786,0.786
Chronopotentiometry,0.02,1800,10,69.5,0.7861,0.7861
Chronopotentiometry,0.02,1800,10,69.6,0.7861,0.7861
Chronopotentiometry,0.02,1800,10,69.7,0.7861,0.7861
Chronopotentiometry,0.02,1800,10,69.8,0.7861,0.7861
Chronopotentiometry,0.02,1800,10,69.9,0.7861,0.7861
Chronopotentiometry,0.02,1800,10,70.0,0.7861,0.7861
Chronopotentiometry,0.02,1800,10,70.1,0.7862,0.7862
Chronopotentiometry,0.02,1800,10,70.2,0.7862,0.7862
Chronopotentiometry,0.02,1800,10,70.3,0.7861,0.7861
Chronopotentiometry,0.02,1800,10,70.4,0.7862,0.7862
Chronopotentiometry,0.02,1800,10,70.5,0.7862,0.7862
Chronopotentiometry,0.02,1800,10,70.6,0.7861,0.7861
Chronopotentiometry,0.02,1800,10,70.7,0.7861,0.7861
Chronopotentiometry,0.02,1800,10,70.8,0.7862,0.7862
Chronopotentiometry,0.02,1800,10,70.9,0.7863,0.7863
Chronopotentiometry,0.02,1800,10,71.0,0.7863,0.7863
Chronopotentiometry,0.02,1800,10,71.1,0.7863,0.7863
Chronopotentiometry,0.02,1800,10,71.2,0.7863,0.7863
Chronopotentiometry,0.02,1800,10,71.3,0.7863,0.7863
Chronopotentiometry,0.02,1800,10,71.4,0.7863,0.7863
Chronopotentiometry,0.02,1800,10,71.5,0.7863,0.7863
Chronopotentiometry,0.02,1800,10,71.6,0.7863,0.7863
Chronopotentiometry,0.02,1800,10,71.7,0.7864,0.7864
Chronopotentiometry,0.02,1800,10,71.8,0.7864,0.7864
Chronopotentiometry,0.02,1800,10,71.9,0.7864,0.7864
Chronopotentiometry,0.02,1800,10,72.0,0.7864,0.7864
Chronopotentiometry,0.02,1800,10,72.1,0.7864,0.7864
Chronopotentiometry,0.02,1800,10,72.2,0.7864,0.7864
Chronopotentiometry,0.02,1800,10,72.3,0.7864,0.7864
Chronopotentiometry,0.02,1800,10,72.4,0.7864,0.7864
Chronopotentiometry,0.02,1800,10,72.5,0.7865,0.7865
Chronopotentiometry,0.02,1800,10,72.6,0.7865,0.7865
Chronopotentiometry,0.02,1800,10,72.7,0.7865,0.7865
Chronopotentiometry,0.02,1800,10,72.8,0.7864,0.7864
Chronopotentiometry,0.02,1800,10,72.9,0.7865,0.7865
Chronopotentiometry,0.02,1800,10,73.0,0.7865,0.7865
Chronopotentiometry,0.02,1800,10,73.1,0.7866,0.7866
Chronopotentiometry,0.02,1800,10,73.2,0.7866,0.7866
Chronopotentiometry,0.02,1800,10,73.3,0.7865,0.7865
Chronopotentiometry,0.02,1800,10,73.4,0.7866,0.7866
Chronopotentiometry,0.02,1800,10,73.5,0.7866,0.7866
Chronopotentiometry,0.02,1800,10,73.6,0.7866,0.7866
Chronopotentiometry,0.02,1800,10,73.7,0.7866,0.7866
Chronopotentiometry,0.02,1800,10,73.8,0.7866,0.7866
Chronopotentiometry,0.02,1800,10,73.9,0.7866,0.7866
Chronopotentiometry,0.02,1800,10,74.0,0.7866,0.7866
Chronopotentiometry,0.02,1800,10,74.1,0.7867,0.7867
Chronopotentiometry,0.02,1800,10,74.2,0.7868,0.7868
Chronopotentiometry,0.02,1800,10,74.3,0.7868,0.7868
Chronopotentiometry,0.02,1800,10,74.4,0.7867,0.7867
Chronopotentiometry,0.02,1800,10,74.5,0.7867,0.7867
Chronopotentiometry,0.02,1800,10,74.6,0.7867,0.7867
Chronopotentiometry,0.02,1800,10,74.7,0.7868,0.7868
Chronopotentiometry,0.02,1800,10,74.8,0.7868,0.7868
Chronopotentiometry,0.02,1800,10,74.9,0.7868,0.7868
Chronopotentiometry,0.02,1800,10,75.0,0.7869,0.7869
Chronopotentiometry,0.02,1800,10,75.1,0.7869,0.7869
Chronopotentiometry,0.02,1800,10,75.2,0.7868,0.7868
Chronopotentiometry,0.02,1800,10,75.3,0.7869,0.7869
Chronopotentiometry,0.02,1800,10,75.4,0.7868,0.7868
Chronopotentiometry,0.02,1800,10,75.5,0.7868,0.7868
Chronopotentiometry,0.02,1800,10,75.6,0.7867,0.7867
Chronopotentiometry,0.02,1800,10,75.7,0.7868,0.7868
Chronopotentiometry,0.02,1800,10,75.8,0.7869,0.7869
Chronopotentiometry,0.02,1800,10,75.9,0.7868,0.7868
Chronopotentiometry,0.02,1800,10,76.0,0.7869,0.7869
Chronopotentiometry,0.02,1800,10,76.1,0.7869,0.7869
Chronopotentiometry,0.02,1800,10,76.2,0.7868,0.7868
Chronopotentiometry,0.02,1800,10,76.3,0.7868,0.7868
Chronopotentiometry,0.02,1800,10,76.4,0.7869,0.7869
Chronopotentiometry,0.02,1800,10,76.5,0.7869,0.7869
Chronopotentiometry,0.02,1800,10,76.6,0.7869,0.7869
Chronopotentiometry,0.02,1800,10,76.7,0.7869,0.7869
Chronopotentiometry,0.02,1800,10,76.8,0.7869,0.7869
Chronopotentiometry,0.02,1800,10,76.9,0.787,0.787
Chronopotentiometry,0.02,1800,10,77.0,0.787,0.787
Chronopotentiometry,0.02,1800,10,77.1,0.787,0.787
Chronopotentiometry,0.02,1800,10,77.2,0.7869,0.7869
Chronopotentiometry,0.02,1800,10,77.3,0.787,0.787
Chronopotentiometry,0.02,1800,10,77.4,0.787,0.787
Chronopotentiometry,0.02,1800,10,77.5,0.787,0.787
Chronopotentiometry,0.02,1800,10,77.6,0.787,0.787
Chronopotentiometry,0.02,1800,10,77.7,0.7871,0.7871
Chronopotentiometry,0.02,1800,10,77.8,0.787,0.787
Chronopotentiometry,0.02,1800,10,77.9,0.7871,0.7871
Chronopotentiometry,0.02,1800,10,78.0,0.7871,0.7871
Chronopotentiometry,0.02,1800,10,78.1,0.7871,0.7871
Chronopotentiometry,0.02,1800,10,78.2,0.787,0.787
Chronopotentiometry,0.02,1800,10,78.3,0.7871,0.7871
Chronopotentiometry,0.02,1800,10,78.4,0.7872,0.7872
Chronopotentiometry,0.02,1800,10,78.5,0.7872,0.7872
Chronopotentiometry,0.02,1800,10,78.6,0.7872,0.7872
Chronopotentiometry,0.02,1800,10,78.7,0.7871,0.7871
Chronopotentiometry,0.02,1800,10,78.8,0.7871,0.7871
Chronopotentiometry,0.02,1800,10,78.9,0.7871,0.7871
Chronopotentiometry,0.02,1800,10,79.0,0.7872,0.7872
Chronopotentiometry,0.02,1800,10,79.1,0.7872,0.7872
Chronopotentiometry,0.02,1800,10,79.2,0.7873,0.7873
Chronopotentiometry,0.02,1800,10,79.3,0.7872,0.7872
Chronopotentiometry,0.02,1800,10,79.4,0.7873,0.7873
Chronopotentiometry,0.02,1800,10,79.5,0.7873,0.7873
Chronopotentiometry,0.02,1800,10,79.6,0.7873,0.7873
Chronopotentiometry,0.02,1800,10,79.7,0.7874,0.7874
Chronopotentiometry,0.02,1800,10,79.8,0.7874,0.7874
Chronopotentiometry,0.02,1800,10,79.9,0.7873,0.7873
Chronopotentiometry,0.02,1800,10,80.0,0.7873,0.7873
Chronopotentiometry,0.02,1800,10,80.1,0.7874,0.7874
Chronopotentiometry,0.02,1800,10,80.2,0.7875,0.7875
Chronopotentiometry,0.02,1800,10,80.3,0.7875,0.7875
Chronopotentiometry,0.02,1800,10,80.4,0.7875,0.7875
Chronopotentiometry,0.02,1800,10,80.5,0.7875,0.7875
Chronopotentiometry,0.02,1800,10,80.6,0.7876,0.7876
Chronopotentiometry,0.02,1800,10,80.7,0.7876,0.7876
Chronopotentiometry,0.02,1800,10,80.8,0.7876,0.7876
Chronopotentiometry,0.02,1800,10,80.9,0.7875,0.7875
Chronopotentiometry,0.02,1800,10,81.0,0.7875,0.7875
Chronopotentiometry,0.02,1800,10,81.1,0.7875,0.7875
Chronopotentiometry,0.02,1800,10,81.2,0.7875,0.7875
Chronopotentiometry,0.02,1800,10,81.3,0.7875,0.7875
Chronopotentiometry,0.02,1800,10,81.4,0.7875,0.7875
Chronopotentiometry,0.02,1800,10,81.5,0.7876,0.7876
Chronopotentiometry,0.02,1800,10,81.6,0.7875,0.7875
Chronopotentiometry,0.02,1800,10,81.7,0.7875,0.7875
Chronopotentiometry,0.02,1800,10,81.8,0.7876,0.7876
Chronopotentiometry,0.02,1800,10,81.9,0.7876,0.7876
Chronopotentiometry,0.02,1800,10,82.0,0.7876,0.7876
Chronopotentiometry,0.02,1800,10,82.1,0.7876,0.7876
Chronopotentiometry,0.02,1800,10,82.2,0.7876,0.7876
Chronopotentiometry,0.02,1800,10,82.3,0.7877,0.7877
Chronopotentiometry,0.02,1800,10,82.4,0.7877,0.7877
Chronopotentiometry,0.02,1800,10,82.5,0.7877,0.7877
Chronopotentiometry,0.02,1800,10,82.6,0.7877,0.7877
Chronopotentiometry,0.02,1800,10,82.7,0.7877,0.7877
Chronopotentiometry,0.02,1800,10,82.8,0.7877,0.7877
Chronopotentiometry,0.02,1800,10,82.9,0.7877,0.7877
Chronopotentiometry,0.02,1800,10,83.0,0.7877,0.7877
Chronopotentiometry,0.02,1800,10,83.1,0.7878,0.7878
Chronopotentiometry,0.02,1800,10,83.2,0.7878,0.7878
Chronopotentiometry,0.02,1800,10,83.3,0.7878,0.7878
Chronopotentiometry,0.02,1800,10,83.4,0.7879,0.7879
Chronopotentiometry,0.02,1800,10,83.5,0.7878,0.7878
Chronopotentiometry,0.02,1800,10,83.6,0.7877,0.7877
Chronopotentiometry,0.02,1800,10,83.7,0.7878,0.7878
Chronopotentiometry,0.02,1800,10,83.8,0.7878,0.7878
Chronopotentiometry,0.02,1800,10,83.9,0.7879,0.7879
Chronopotentiometry,0.02,1800,10,84.0,0.7879,0.7879
Chronopotentiometry,0.02,1800,10,84.1,0.7879,0.7879
Chronopotentiometry,0.02,1800,10,84.2,0.7879,0.7879
Chronopotentiometry,0.02,1800,10,84.3,0.7879,0.7879
Chronopotentiometry,0.02,1800,10,84.4,0.7878,0.7878
Chronopotentiometry,0.02,1800,10,84.5,0.7879,0.7879
Chronopotentiometry,0.02,1800,10,84.6,0.788,0.788
Chronopotentiometry,0.02,1800,10,84.7,0.788,0.788
Chronopotentiometry,0.02,1800,10,84.8,0.7879,0.7879
Chronopotentiometry,0.02,1800,10,84.9,0.7879,0.7879
Chronopotentiometry,0.02,1800,10,85.0,0.7879,0.7879
Chronopotentiometry,0.02,1800,10,85.1,0.7879,0.7879
Chronopotentiometry,0.02,1800,10,85.2,0.7879,0.7879
Chronopotentiometry,0.02,1800,10,85.3,0.7879,0.7879
Chronopotentiometry,0.02,1800,10,85.4,0.7879,0.7879
Chronopotentiometry,0.02,1800,10,85.5,0.788,0.788
Chronopotentiometry,0.02,1800,10,85.6,0.7879,0.7879
Chronopotentiometry,0.02,1800,10,85.7,0.7879,0.7879
Chronopotentiometry,0.02,1800,10,85.8,0.788,0.788
Chronopotentiometry,0.02,1800,10,85.9,0.788,0.788
Chronopotentiometry,0.02,1800,10,86.0,0.788,0.788
Chronopotentiometry,0.02,1800,10,86.1,0.7879,0.7879
Chronopotentiometry,0.02,1800,10,86.2,0.788,0.788
Chronopotentiometry,0.02,1800,10,86.3,0.788,0.788
Chronopotentiometry,0.02,1800,10,86.4,0.788,0.788
Chronopotentiometry,0.02,1800,10,86.5,0.788,0.788
Chronopotentiometry,0.02,1800,10,86.6,0.788,0.788
Chronopotentiometry,0.02,1800,10,86.7,0.7881,0.7881
Chronopotentiometry,0.02,1800,10,86.8,0.7881,0.7881
Chronopotentiometry,0.02,1800,10,86.9,0.7881,0.7881
Chronopotentiometry,0.02,1800,10,87.0,0.7881,0.7881
Chronopotentiometry,0.02,1800,10,87.1,0.7882,0.7882
Chronopotentiometry,0.02,1800,10,87.2,0.7882,0.7882
Chronopotentiometry,0.02,1800,10,87.3,0.7882,0.7882
Chronopotentiometry,0.02,1800,10,87.4,0.7881,0.7881
Chronopotentiometry,0.02,1800,10,87.5,0.7881,0.7881
Chronopotentiometry,0.02,1800,10,87.6,0.7882,0.7882
Chronopotentiometry,0.02,1800,10,87.7,0.7881,0.7881
Chronopotentiometry,0.02,1800,10,87.8,0.7881,0.7881
Chronopotentiometry,0.02,1800,10,87.9,0.7882,0.7882
Chronopotentiometry,0.02,1800,10,88.0,0.7882,0.7882
Chronopotentiometry,0.02,1800,10,88.1,0.7883,0.7883
Chronopotentiometry,0.02,1800,10,88.2,0.7882,0.7882
Chronopotentiometry,0.02,1800,10,88.3,0.7882,0.7882
Chronopotentiometry,0.02,1800,10,88.4,0.7882,0.7882
Chronopotentiometry,0.02,1800,10,88.5,0.7882,0.7882
Chronopotentiometry,0.02,1800,10,88.6,0.7883,0.7883
Chronopotentiometry,0.02,1800,10,88.7,0.7883,0.7883
Chronopotentiometry,0.02,1800,10,88.8,0.7883,0.7883
Chronopotentiometry,0.02,1800,10,88.9,0.7883,0.7883
Chronopotentiometry,0.02,1800,10,89.0,0.7883,0.7883
Chronopotentiometry,0.02,1800,10,89.1,0.7884,0.7884
Chronopotentiometry,0.02,1800,10,89.2,0.7883,0.7883
Chronopotentiometry,0.02,1800,10,89.3,0.7884,0.7884
Chronopotentiometry,0.02,1800,10,89.4,0.7884,0.7884
Chronopotentiometry,0.02,1800,10,89.5,0.7884,0.7884
Chronopotentiometry,0.02,1800,10,89.6,0.7884,0.7884
Chronopotentiometry,0.02,1800,10,89.7,0.7884,0.7884
Chronopotentiometry,0.02,1800,10,89.8,0.7885,0.7885
Chronopotentiometry,0.02,1800,10,89.9,0.7884,0.7884
Chronopotentiometry,0.02,1800,10,90.0,0.7885,0.7885
Chronopotentiometry,0.02,1800,10,90.1,0.7885,0.7885
Chronopotentiometry,0.02,1800,10,90.2,0.7885,0.7885
Chronopotentiometry,0.02,1800,10,90.3,0.7885,0.7885
Chronopotentiometry,0.02,1800,10,90.4,0.7884,0.7884
Chronopotentiometry,0.02,1800,10,90.5,0.7885,0.7885
Chronopotentiometry,0.02,1800,10,90.6,0.7885,0.7885
Chronopotentiometry,0.02,1800,10,90.7,0.7886,0.7886
Chronopotentiometry,0.02,1800,10,90.8,0.7885,0.7885
Chronopotentiometry,0.02,1800,10,90.9,0.7886,0.7886
Chronopotentiometry,0.02,1800,10,91.0,0.7885,0.7885
Chronopotentiometry,0.02,1800,10,91.1,0.7885,0.7885
Chronopotentiometry,0.02,1800,10,91.2,0.7886,0.7886
Chronopotentiometry,0.02,1800,10,91.3,0.7886,0.7886
Chronopotentiometry,0.02,1800,10,91.4,0.7887,0.7887
Chronopotentiometry,0.02,1800,10,91.5,0.7887,0.7887
Chronopotentiometry,0.02,1800,10,91.6,0.7888,0.7888
Chronopotentiometry,0.02,1800,10,91.7,0.7887,0.7887
Chronopotentiometry,0.02,1800,10,91.8,0.7887,0.7887
Chronopotentiometry,0.02,1800,10,91.9,0.7887,0.7887
Chronopotentiometry,0.02,1800,10,92.0,0.7888,0.7888
Chronopotentiometry,0.02,1800,10,92.1,0.7888,0.7888
Chronopotentiometry,0.02,1800,10,92.2,0.7888,0.7888
Chronopotentiometry,0.02,1800,10,92.3,0.7888,0.7888
Chronopotentiometry,0.02,1800,10,92.4,0.7889,0.7889
Chronopotentiometry,0.02,1800,10,92.5,0.7888,0.7888
Chronopotentiometry,0.02,1800,10,92.6,0.7888,0.7888
Chronopotentiometry,0.02,1800,10,92.7,0.7888,0.7888
Chronopotentiometry,0.02,1800,10,92.8,0.7889,0.7889
Chronopotentiometry,0.02,1800,10,92.9,0.7889,0.7889
Chronopotentiometry,0.02,1800,10,93.0,0.7889,0.7889
Chronopotentiometry,0.02,1800,10,93.1,0.7889,0.7889
Chronopotentiometry,0.02,1800,10,93.2,0.7889,0.7889
Chronopotentiometry,0.02,1800,10,93.3,0.7889,0.7889
Chronopotentiometry,0.02,1800,10,93.4,0.789,0.789
Chronopotentiometry,0.02,1800,10,93.5,0.789,0.789
Chronopotentiometry,0.02,1800,10,93.6,0.789,0.789
Chronopotentiometry,0.02,1800,10,93.7,0.789,0.789
Chronopotentiometry,0.02,1800,10,93.8,0.7889,0.7889
Chronopotentiometry,0.02,1800,10,93.9,0.7889,0.7889
Chronopotentiometry,0.02,1800,10,94.0,0.7889,0.7889
Chronopotentiometry,0.02,1800,10,94.1,0.7889,0.7889
Chronopotentiometry,0.02,1800,10,94.2,0.789,0.789
Chronopotentiometry,0.02,1800,10,94.3,0.789,0.789
Chronopotentiometry,0.02,1800,10,94.4,0.789,0.789
Chronopotentiometry,0.02,1800,10,94.5,0.7891,0.7891
Chronopotentiometry,0.02,1800,10,94.6,0.7891,0.7891
Chronopotentiometry,0.02,1800,10,94.7,0.789,0.789
Chronopotentiometry,0.02,1800,10,94.8,0.7891,0.7891
Chronopotentiometry,0.02,1800,10,94.9,0.789,0.789
Chronopotentiometry,0.02,1800,10,95.0,0.7891,0.7891
Chronopotentiometry,0.02,1800,10,95.1,0.7891,0.7891
Chronopotentiometry,0.02,1800,10,95.2,0.7891,0.7891
Chronopotentiometry,0.02,1800,10,95.3,0.7892,0.7892
Chronopotentiometry,0.02,1800,10,95.4,0.7892,0.7892
Chronopotentiometry,0.02,1800,10,95.5,0.7892,0.7892
Chronopotentiometry,0.02,1800,10,95.6,0.7892,0.7892
Chronopotentiometry,0.02,1800,10,95.7,0.7892,0.7892
Chronopotentiometry,0.02,1800,10,95.8,0.7892,0.7892
Chronopotentiometry,0.02,1800,10,95.9,0.7892,0.7892
Chronopotentiometry,0.02,1800,10,96.0,0.7892,0.7892
Chronopotentiometry,0.02,1800,10,96.1,0.7892,0.7892
Chronopotentiometry,0.02,1800,10,96.2,0.7893,0.7893
Chronopotentiometry,0.02,1800,10,96.3,0.7892,0.7892
Chronopotentiometry,0.02,1800,10,96.4,0.7893,0.7893
Chronopotentiometry,0.02,1800,10,96.5,0.7893,0.7893
Chronopotentiometry,0.02,1800,10,96.6,0.7892,0.7892
Chronopotentiometry,0.02,1800,10,96.7,0.7893,0.7893
Chronopotentiometry,0.02,1800,10,96.8,0.7893,0.7893
Chronopotentiometry,0.02,1800,10,96.9,0.7893,0.7893
Chronopotentiometry,0.02,1800,10,97.0,0.7893,0.7893
Chronopotentiometry,0.02,1800,10,97.1,0.7894,0.7894
Chronopotentiometry,0.02,1800,10,97.2,0.7894,0.7894
Chronopotentiometry,0.02,1800,10,97.3,0.7894,0.7894
Chronopotentiometry,0.02,1800,10,97.4,0.7894,0.7894
Chronopotentiometry,0.02,1800,10,97.5,0.7895,0.7895
Chronopotentiometry,0.02,1800,10,97.6,0.7894,0.7894
Chronopotentiometry,0.02,1800,10,97.7,0.7894,0.7894
Chronopotentiometry,0.02,1800,10,97.8,0.7894,0.7894
Chronopotentiometry,0.02,1800,10,97.9,0.7894,0.7894
Chronopotentiometry,0.02,1800,10,98.0,0.7895,0.7895
Chronopotentiometry,0.02,1800,10,98.1,0.7894,0.7894
Chronopotentiometry,0.02,1800,10,98.2,0.7894,0.7894
Chronopotentiometry,0.02,1800,10,98.3,0.7894,0.7894
Chronopotentiometry,0.02,1800,10,98.4,0.7895,0.7895
Chronopotentiometry,0.02,1800,10,98.5,0.7894,0.7894
Chronopotentiometry,0.02,1800,10,98.6,0.7895,0.7895
Chronopotentiometry,0.02,1800,10,98.7,0.7895,0.7895
Chronopotentiometry,0.02,1800,10,98.8,0.7895,0.7895
Chronopotentiometry,0.02,1800,10,98.9,0.7896,0.7896
Chronopotentiometry,0.02,1800,10,99.0,0.7895,0.7895
Chronopotentiometry,0.02,1800,10,99.1,0.7895,0.7895
Chronopotentiometry,0.02,1800,10,99.2,0.7895,0.7895
Chronopotentiometry,0.02,1800,10,99.3,0.7896,0.7896
Chronopotentiometry,0.02,1800,10,99.4,0.7896,0.7896
Chronopotentiometry,0.02,1800,10,99.5,0.7896,0.7896
Chronopotentiometry,0.02,1800,10,99.6,0.7896,0.7896
Chronopotentiometry,0.02,1800,10,99.7,0.7896,0.7896
Chronopotentiometry,0.02,1800,10,99.8,0.7897,0.7897
Chronopotentiometry,0.02,1800,10,99.9,0.7896,0.7896
Chronopotentiometry,0.02,1800,10,100.0,0.7897,0.7897
Chronopotentiometry,0.02,1800,10,100.1,0.7897,0.7897
Chronopotentiometry,0.02,1800,10,100.2,0.7897,0.7897
Chronopotentiometry,0.02,1800,10,100.3,0.7897,0.7897
Chronopotentiometry,0.02,1800,10,100.4,0.7898,0.7898
Chronopotentiometry,0.02,1800,10,100.5,0.7897,0.7897
Chronopotentiometry,0.02,1800,10,100.6,0.7898,0.7898
Chronopotentiometry,0.02,1800,10,100.7,0.7898,0.7898
Chronopotentiometry,0.02,1800,10,100.8,0.7899,0.7899
Chronopotentiometry,0.02,1800,10,100.9,0.79,0.79
Chronopotentiometry,0.02,1800,10,101.0,0.7898,0.7898
Chronopotentiometry,0.02,1800,10,101.1,0.7898,0.7898
Chronopotentiometry,0.02,1800,10,101.2,0.7898,0.7898
Chronopotentiometry,0.02,1800,10,101.3,0.7898,0.7898
Chronopotentiometry,0.02,1800,10,101.4,0.7898,0.7898
Chronopotentiometry,0.02,1800,10,101.5,0.7898,0.7898
Chronopotentiometry,0.02,1800,10,101.6,0.7899,0.7899
Chronopotentiometry,0.02,1800,10,101.7,0.7898,0.7898
Chronopotentiometry,0.02,1800,10,101.8,0.7899,0.7899
Chronopotentiometry,0.02,1800,10,101.9,0.7898,0.7898
Chronopotentiometry,0.02,1800,10,102.0,0.7898,0.7898
Chronopotentiometry,0.02,1800,10,102.1,0.7898,0.7898
Chronopotentiometry,0.02,1800,10,102.2,0.7899,0.7899
Chronopotentiometry,0.02,1800,10,102.3,0.7899,0.7899
Chronopotentiometry,0.02,1800,10,102.4,0.79,0.79
Chronopotentiometry,0.02,1800,10,102.5,0.7899,0.7899
Chronopotentiometry,0.02,1800,10,102.6,0.7899,0.7899
Chronopotentiometry,0.02,1800,10,102.7,0.7899,0.7899
Chronopotentiometry,0.02,1800,10,102.8,0.79,0.79
Chronopotentiometry,0.02,1800,10,102.9,0.79,0.79
Chronopotentiometry,0.02,1800,10,103.0,0.7901,0.7901
Chronopotentiometry,0.02,1800,10,103.1,0.79,0.79
Chronopotentiometry,0.02,1800,10,103.2,0.79,0.79
Chronopotentiometry,0.02,1800,10,103.3,0.79,0.79
Chronopotentiometry,0.02,1800,10,103.4,0.7901,0.7901
Chronopotentiometry,0.02,1800,10,103.5,0.79,0.79
Chronopotentiometry,0.02,1800,10,103.6,0.79,0.79
Chronopotentiometry,0.02,1800,10,103.7,0.7901,0.7901
Chronopotentiometry,0.02,1800,10,103.8,0.7902,0.7902
Chronopotentiometry,0.02,1800,10,103.9,0.7902,0.7902
Chronopotentiometry,0.02,1800,10,104.0,0.7901,0.7901
Chronopotentiometry,0.02,1800,10,104.1,0.7902,0.7902
Chronopotentiometry,0.02,1800,10,104.2,0.7901,0.7901
Chronopotentiometry,0.02,1800,10,104.3,0.7901,0.7901
Chronopotentiometry,0.02,1800,10,104.4,0.7902,0.7902
Chronopotentiometry,0.02,1800,10,104.5,0.7901,0.7901
Chronopotentiometry,0.02,1800,10,104.6,0.7902,0.7902
Chronopotentiometry,0.02,1800,10,104.7,0.7902,0.7902
Chronopotentiometry,0.02,1800,10,104.8,0.7903,0.7903
Chronopotentiometry,0.02,1800,10,104.9,0.7903,0.7903
Chronopotentiometry,0.02,1800,10,105.0,0.7903,0.7903
Chronopotentiometry,0.02,1800,10,105.1,0.7902,0.7902
Chronopotentiometry,0.02,1800,10,105.2,0.7902,0.7902
Chronopotentiometry,0.02,1800,10,105.3,0.7902,0.7902
Chronopotentiometry,0.02,1800,10,105.4,0.7903,0.7903
Chronopotentiometry,0.02,1800,10,105.5,0.7903,0.7903
Chronopotentiometry,0.02,1800,10,105.6,0.7903,0.7903
Chronopotentiometry,0.02,1800,10,105.7,0.7903,0.7903
Chronopotentiometry,0.02,1800,10,105.8,0.7904,0.7904
Chronopotentiometry,0.02,1800,10,105.9,0.7904,0.7904
Chronopotentiometry,0.02,1800,10,106.0,0.7904,0.7904
Chronopotentiometry,0.02,1800,10,106.1,0.7904,0.7904
Chronopotentiometry,0.02,1800,10,106.2,0.7904,0.7904
Chronopotentiometry,0.02,1800,10,106.3,0.7904,0.7904
Chronopotentiometry,0.02,1800,10,106.4,0.7903,0.7903
Chronopotentiometry,0.02,1800,10,106.5,0.7904,0.7904
Chronopotentiometry,0.02,1800,10,106.6,0.7904,0.7904
Chronopotentiometry,0.02,1800,10,106.7,0.7905,0.7905
Chronopotentiometry,0.02,1800,10,106.8,0.7904,0.7904
Chronopotentiometry,0.02,1800,10,106.9,0.7904,0.7904
Chronopotentiometry,0.02,1800,10,107.0,0.7904,0.7904
Chronopotentiometry,0.02,1800,10,107.1,0.7904,0.7904
Chronopotentiometry,0.02,1800,10,107.2,0.7904,0.7904
Chronopotentiometry,0.02,1800,10,107.3,0.7905,0.7905
Chronopotentiometry,0.02,1800,10,107.4,0.7904,0.7904
Chronopotentiometry,0.02,1800,10,107.5,0.7905,0.7905
Chronopotentiometry,0.02,1800,10,107.6,0.7905,0.7905
Chronopotentiometry,0.02,1800,10,107.7,0.7905,0.7905
Chronopotentiometry,0.02,1800,10,107.8,0.7905,0.7905
Chronopotentiometry,0.02,1800,10,107.9,0.7905,0.7905
Chronopotentiometry,0.02,1800,10,108.0,0.7906,0.7906
Chronopotentiometry,0.02,1800,10,108.1,0.7905,0.7905
Chronopotentiometry,0.02,1800,10,108.2,0.7905,0.7905
Chronopotentiometry,0.02,1800,10,108.3,0.7905,0.7905
Chronopotentiometry,0.02,1800,10,108.4,0.7906,0.7906
Chronopotentiometry,0.02,1800,10,108.5,0.7906,0.7906
Chronopotentiometry,0.02,1800,10,108.6,0.7905,0.7905
Chronopotentiometry,0.02,1800,10,108.7,0.7905,0.7905
Chronopotentiometry,0.02,1800,10,108.8,0.7905,0.7905
Chronopotentiometry,0.02,1800,10,108.9,0.7905,0.7905
Chronopotentiometry,0.02,1800,10,109.0,0.7906,0.7906
Chronopotentiometry,0.02,1800,10,109.1,0.7906,0.7906
Chronopotentiometry,0.02,1800,10,109.2,0.7906,0.7906
Chronopotentiometry,0.02,1800,10,109.3,0.7906,0.7906
Chronopotentiometry,0.02,1800,10,109.4,0.7906,0.7906
Chronopotentiometry,0.02,1800,10,109.5,0.7907,0.7907
Chronopotentiometry,0.02,1800,10,109.6,0.7907,0.7907
Chronopotentiometry,0.02,1800,10,109.7,0.7907,0.7907
Chronopotentiometry,0.02,1800,10,109.8,0.7907,0.7907
Chronopotentiometry,0.02,1800,10,109.9,0.7907,0.7907
Chronopotentiometry,0.02,1800,10,110.0,0.7907,0.7907
Chronopotentiometry,0.02,1800,10,110.1,0.7907,0.7907
Chronopotentiometry,0.02,1800,10,110.2,0.7907,0.7907
Chronopotentiometry,0.02,1800,10,110.3,0.7907,0.7907
Chronopotentiometry,0.02,1800,10,110.4,0.7907,0.7907
Chronopotentiometry,0.02,1800,10,110.5,0.7907,0.7907
Chronopotentiometry,0.02,1800,10,110.6,0.7908,0.7908
Chronopotentiometry,0.02,1800,10,110.7,0.7908,0.7908
Chronopotentiometry,0.02,1800,10,110.8,0.7909,0.7909
Chronopotentiometry,0.02,1800,10,110.9,0.791,0.791
Chronopotentiometry,0.02,1800,10,111.0,0.7909,0.7909
Chronopotentiometry,0.02,1800,10,111.1,0.7909,0.7909
Chronopotentiometry,0.02,1800,10,111.2,0.7909,0.7909
Chronopotentiometry,0.02,1800,10,111.3,0.791,0.791
Chronopotentiometry,0.02,1800,10,111.4,0.791,0.791
Chronopotentiometry,0.02,1800,10,111.5,0.791,0.791
Chronopotentiometry,0.02,1800,10,111.6,0.7909,0.7909
Chronopotentiometry,0.02,1800,10,111.7,0.791,0.791
Chronopotentiometry,0.02,1800,10,111.8,0.7908,0.7908
Chronopotentiometry,0.02,1800,10,111.9,0.7908,0.7908
Chronopotentiometry,0.02,1800,10,112.0,0.7909,0.7909
Chronopotentiometry,0.02,1800,10,112.1,0.7909,0.7909
Chronopotentiometry,0.02,1800,10,112.2,0.7909,0.7909
Chronopotentiometry,0.02,1800,10,112.3,0.7909,0.7909
Chronopotentiometry,0.02,1800,10,112.4,0.791,0.791
Chronopotentiometry,0.02,1800,10,112.5,0.791,0.791
Chronopotentiometry,0.02,1800,10,112.6,0.791,0.791
Chronopotentiometry,0.02,1800,10,112.7,0.791,0.791
Chronopotentiometry,0.02,1800,10,112.8,0.791,0.791
Chronopotentiometry,0.02,1800,10,112.9,0.791,0.791
Chronopotentiometry,0.02,1800,10,113.0,0.791,0.791
Chronopotentiometry,0.02,1800,10,113.1,0.7911,0.7911
Chronopotentiometry,0.02,1800,10,113.2,0.791,0.791
Chronopotentiometry,0.02,1800,10,113.3,0.791,0.791
Chronopotentiometry,0.02,1800,10,113.4,0.7911,0.7911
Chronopotentiometry,0.02,1800,10,113.5,0.791,0.791
Chronopotentiometry,0.02,1800,10,113.6,0.791,0.791
Chronopotentiometry,0.02,1800,10,113.7,0.791,0.791
Chronopotentiometry,0.02,1800,10,113.8,0.791,0.791
Chronopotentiometry,0.02,1800,10,113.9,0.7911,0.7911
Chronopotentiometry,0.02,1800,10,114.0,0.7911,0.7911
Chronopotentiometry,0.02,1800,10,114.1,0.7911,0.7911
Chronopotentiometry,0.02,1800,10,114.2,0.7911,0.7911
Chronopotentiometry,0.02,1800,10,114.3,0.7911,0.7911
Chronopotentiometry,0.02,1800,10,114.4,0.7912,0.7912
Chronopotentiometry,0.02,1800,10,114.5,0.7912,0.7912
Chronopotentiometry,0.02,1800,10,114.6,0.7911,0.7911
Chronopotentiometry,0.02,1800,10,114.7,0.7912,0.7912
Chronopotentiometry,0.02,1800,10,114.8,0.7912,0.7912
Chronopotentiometry,0.02,1800,10,114.9,0.7912,0.7912
Chronopotentiometry,0.02,1800,10,115.0,0.7912,0.7912
Chronopotentiometry,0.02,1800,10,115.1,0.7912,0.7912
Chronopotentiometry,0.02,1800,10,115.2,0.7912,0.7912
Chronopotentiometry,0.02,1800,10,115.3,0.7912,0.7912
Chronopotentiometry,0.02,1800,10,115.4,0.7913,0.7913
Chronopotentiometry,0.02,1800,10,115.5,0.7912,0.7912
Chronopotentiometry,0.02,1800,10,115.6,0.7913,0.7913
Chronopotentiometry,0.02,1800,10,115.7,0.7913,0.7913
Chronopotentiometry,0.02,1800,10,115.8,0.7913,0.7913
Chronopotentiometry,0.02,1800,10,115.9,0.7913,0.7913
Chronopotentiometry,0.02,1800,10,116.0,0.7913,0.7913
Chronopotentiometry,0.02,1800,10,116.1,0.7913,0.7913
Chronopotentiometry,0.02,1800,10,116.2,0.7913,0.7913
Chronopotentiometry,0.02,1800,10,116.3,0.7913,0.7913
Chronopotentiometry,0.02,1800,10,116.4,0.7913,0.7913
Chronopotentiometry,0.02,1800,10,116.5,0.7913,0.7913
Chronopotentiometry,0.02,1800,10,116.6,0.7913,0.7913
Chronopotentiometry,0.02,1800,10,116.7,0.7913,0.7913
Chronopotentiometry,0.02,1800,10,116.8,0.7913,0.7913
Chronopotentiometry,0.02,1800,10,116.9,0.7913,0.7913
Chronopotentiometry,0.02,1800,10,117.0,0.7914,0.7914
Chronopotentiometry,0.02,1800,10,117.1,0.7914,0.7914
Chronopotentiometry,0.02,1800,10,117.2,0.7914,0.7914
Chronopotentiometry,0.02,1800,10,117.3,0.7914,0.7914
Chronopotentiometry,0.02,1800,10,117.4,0.7914,0.7914
Chronopotentiometry,0.02,1800,10,117.5,0.7914,0.7914
Chronopotentiometry,0.02,1800,10,117.6,0.7914,0.7914
Chronopotentiometry,0.02,1800,10,117.7,0.7915,0.7915
Chronopotentiometry,0.02,1800,10,117.8,0.7915,0.7915
Chronopotentiometry,0.02,1800,10,117.9,0.7914,0.7914
Chronopotentiometry,0.02,1800,10,118.0,0.7913,0.7913
Chronopotentiometry,0.02,1800,10,118.1,0.7913,0.7913
Chronopotentiometry,0.02,1800,10,118.2,0.7914,0.7914
Chronopotentiometry,0.02,1800,10,118.3,0.7914,0.7914
Chronopotentiometry,0.02,1800,10,118.4,0.7914,0.7914
Chronopotentiometry,0.02,1800,10,118.5,0.7913,0.7913
Chronopotentiometry,0.02,1800,10,118.6,0.7914,0.7914
Chronopotentiometry,0.02,1800,10,118.7,0.7915,0.7915
Chronopotentiometry,0.02,1800,10,118.8,0.7915,0.7915
Chronopotentiometry,0.02,1800,10,118.9,0.7915,0.7915
Chronopotentiometry,0.02,1800,10,119.0,0.7915,0.7915
Chronopotentiometry,0.02,1800,10,119.1,0.7915,0.7915
Chronopotentiometry,0.02,1800,10,119.2,0.7916,0.7916
Chronopotentiometry,0.02,1800,10,119.3,0.7915,0.7915
Chronopotentiometry,0.02,1800,10,119.4,0.7915,0.7915
Chronopotentiometry,0.02,1800,10,119.5,0.7915,0.7915
Chronopotentiometry,0.02,1800,10,119.6,0.7916,0.7916
Chronopotentiometry,0.02,1800,10,119.7,0.7916,0.7916
Chronopotentiometry,0.02,1800,10,119.8,0.7916,0.7916
Chronopotentiometry,0.02,1800,10,119.9,0.7915,0.7915
Chronopotentiometry,0.02,1800,10,120.0,0.7916,0.7916
Chronopotentiometry,0.02,1800,10,120.1,0.7915,0.7915
Chronopotentiometry,0.02,1800,10,120.2,0.7915,0.7915
Chronopotentiometry,0.02,1800,10,120.3,0.7915,0.7915
Chronopotentiometry,0.02,1800,10,120.4,0.7915,0.7915
Chronopotentiometry,0.02,1800,10,120.5,0.7916,0.7916
Chronopotentiometry,0.02,1800,10,120.6,0.7916,0.7916
Chronopotentiometry,0.02,1800,10,120.7,0.7916,0.7916
Chronopotentiometry,0.02,1800,10,120.8,0.7916,0.7916
Chronopotentiometry,0.02,1800,10,120.9,0.7916,0.7916
Chronopotentiometry,0.02,1800,10,121.0,0.7916,0.7916
Chronopotentiometry,0.02,1800,10,121.1,0.7916,0.7916
Chronopotentiometry,0.02,1800,10,121.2,0.7916,0.7916
Chronopotentiometry,0.02,1800,10,121.3,0.7917,0.7917
Chronopotentiometry,0.02,1800,10,121.4,0.7917,0.7917
Chronopotentiometry,0.02,1800,10,121.5,0.7917,0.7917
Chronopotentiometry,0.02,1800,10,121.6,0.7917,0.7917
Chronopotentiometry,0.02,1800,10,121.7,0.7917,0.7917
Chronopotentiometry,0.02,1800,10,121.8,0.7917,0.7917
Chronopotentiometry,0.02,1800,10,121.9,0.7918,0.7918
Chronopotentiometry,0.02,1800,10,122.0,0.7917,0.7917
Chronopotentiometry,0.02,1800,10,122.1,0.7918,0.7918
Chronopotentiometry,0.02,1800,10,122.2,0.7918,0.7918
Chronopotentiometry,0.02,1800,10,122.3,0.7918,0.7918
Chronopotentiometry,0.02,1800,10,122.4,0.7918,0.7918
Chronopotentiometry,0.02,1800,10,122.5,0.7919,0.7919
Chronopotentiometry,0.02,1800,10,122.6,0.7918,0.7918
Chronopotentiometry,0.02,1800,10,122.7,0.7918,0.7918
Chronopotentiometry,0.02,1800,10,122.8,0.7918,0.7918
Chronopotentiometry,0.02,1800,10,122.9,0.7918,0.7918
Chronopotentiometry,0.02,1800,10,123.0,0.7918,0.7918
Chronopotentiometry,0.02,1800,10,123.1,0.7919,0.7919
Chronopotentiometry,0.02,1800,10,123.2,0.7919,0.7919
Chronopotentiometry,0.02,1800,10,123.3,0.7919,0.7919
Chronopotentiometry,0.02,1800,10,123.4,0.7918,0.7918
Chronopotentiometry,0.02,1800,10,123.5,0.7919,0.7919
Chronopotentiometry,0.02,1800,10,123.6,0.7919,0.7919
Chronopotentiometry,0.02,1800,10,123.7,0.7919,0.7919
Chronopotentiometry,0.02,1800,10,123.8,0.7919,0.7919
Chronopotentiometry,0.02,1800,10,123.9,0.7919,0.7919
Chronopotentiometry,0.02,1800,10,124.0,0.7919,0.7919
Chronopotentiometry,0.02,1800,10,124.1,0.7919,0.7919
Chronopotentiometry,0.02,1800,10,124.2,0.792,0.792
Chronopotentiometry,0.02,1800,10,124.3,0.792,0.792
Chronopotentiometry,0.02,1800,10,124.4,0.792,0.792
Chronopotentiometry,0.02,1800,10,124.5,0.7919,0.7919
Chronopotentiometry,0.02,1800,10,124.6,0.792,0.792
Chronopotentiometry,0.02,1800,10,124.7,0.792,0.792
Chronopotentiometry,0.02,1800,10,124.8,0.792,0.792
Chronopotentiometry,0.02,1800,10,124.9,0.792,0.792
Chronopotentiometry,0.02,1800,10,125.0,0.792,0.792
Chronopotentiometry,0.02,1800,10,125.1,0.792,0.792
Chronopotentiometry,0.02,1800,10,125.2,0.792,0.792
Chronopotentiometry,0.02,1800,10,125.3,0.7921,0.7921
Chronopotentiometry,0.02,1800,10,125.4,0.7921,0.7921
Chronopotentiometry,0.02,1800,10,125.5,0.7921,0.7921
Chronopotentiometry,0.02,1800,10,125.6,0.7921,0.7921
Chronopotentiometry,0.02,1800,10,125.7,0.7921,0.7921
Chronopotentiometry,0.02,1800,10,125.8,0.7921,0.7921
Chronopotentiometry,0.02,1800,10,125.9,0.7922,0.7922
Chronopotentiometry,0.02,1800,10,126.0,0.7921,0.7921
Chronopotentiometry,0.02,1800,10,126.1,0.7921,0.7921
Chronopotentiometry,0.02,1800,10,126.2,0.7922,0.7922
Chronopotentiometry,0.02,1800,10,126.3,0.7921,0.7921
Chronopotentiometry,0.02,1800,10,126.4,0.7922,0.7922
Chronopotentiometry,0.02,1800,10,126.5,0.7922,0.7922
Chronopotentiometry,0.02,1800,10,126.6,0.7922,0.7922
Chronopotentiometry,0.02,1800,10,126.7,0.7923,0.7923
Chronopotentiometry,0.02,1800,10,126.8,0.7922,0.7922
Chronopotentiometry,0.02,1800,10,126.9,0.7922,0.7922
Chronopotentiometry,0.02,1800,10,127.0,0.7923,0.7923
Chronopotentiometry,0.02,1800,10,127.1,0.7923,0.7923
Chronopotentiometry,0.02,1800,10,127.2,0.7924,0.7924
Chronopotentiometry,0.02,1800,10,127.3,0.7923,0.7923
Chronopotentiometry,0.02,1800,10,127.4,0.7924,0.7924
Chronopotentiometry,0.02,1800,10,127.5,0.7924,0.7924
Chronopotentiometry,0.02,1800,10,127.6,0.7924,0.7924
Chronopotentiometry,0.02,1800,10,127.7,0.7924,0.7924
Chronopotentiometry,0.02,1800,10,127.8,0.7924,0.7924
Chronopotentiometry,0.02,1800,10,127.9,0.7924,0.7924
Chronopotentiometry,0.02,1800,10,128.0,0.7923,0.7923
Chronopotentiometry,0.02,1800,10,128.1,0.7924,0.7924
Chronopotentiometry,0.02,1800,10,128.2,0.7924,0.7924
Chronopotentiometry,0.02,1800,10,128.3,0.7924,0.7924
Chronopotentiometry,0.02,1800,10,128.4,0.7925,0.7925
Chronopotentiometry,0.02,1800,10,128.5,0.7924,0.7924
Chronopotentiometry,0.02,1800,10,128.6,0.7924,0.7924
Chronopotentiometry,0.02,1800,10,128.7,0.7925,0.7925
Chronopotentiometry,0.02,1800,10,128.8,0.7925,0.7925
Chronopotentiometry,0.02,1800,10,128.9,0.7924,0.7924
Chronopotentiometry,0.02,1800,10,129.0,0.7924,0.7924
Chronopotentiometry,0.02,1800,10,129.1,0.7924,0.7924
Chronopotentiometry,0.02,1800,10,129.2,0.7924,0.7924
Chronopotentiometry,0.02,1800,10,129.3,0.7925,0.7925
Chronopotentiometry,0.02,1800,10,129.4,0.7925,0.7925
Chronopotentiometry,0.02,1800,10,129.5,0.7925,0.7925
Chronopotentiometry,0.02,1800,10,129.6,0.7925,0.7925
Chronopotentiometry,0.02,1800,10,129.7,0.7925,0.7925
Chronopotentiometry,0.02,1800,10,129.8,0.7925,0.7925
Chronopotentiometry,0.02,1800,10,129.9,0.7926,0.7926
Chronopotentiometry,0.02,1800,10,130.0,0.7926,0.7926
Chronopotentiometry,0.02,1800,10,130.1,0.7927,0.7927
Chronopotentiometry,0.02,1800,10,130.2,0.7926,0.7926
Chronopotentiometry,0.02,1800,10,130.3,0.7926,0.7926
Chronopotentiometry,0.02,1800,10,130.4,0.7926,0.7926
Chronopotentiometry,0.02,1800,10,130.5,0.7927,0.7927
Chronopotentiometry,0.02,1800,10,130.6,0.7927,0.7927
Chronopotentiometry,0.02,1800,10,130.7,0.7927,0.7927
Chronopotentiometry,0.02,1800,10,130.8,0.7926,0.7926
Chronopotentiometry,0.02,1800,10,130.9,0.7926,0.7926
Chronopotentiometry,0.02,1800,10,131.0,0.7926,0.7926
Chronopotentiometry,0.02,1800,10,131.1,0.7926,0.7926
Chronopotentiometry,0.02,1800,10,131.2,0.7927,0.7927
Chronopotentiometry,0.02,1800,10,131.3,0.7927,0.7927
Chronopotentiometry,0.02,1800,10,131.4,0.7927,0.7927
Chronopotentiometry,0.02,1800,10,131.5,0.7927,0.7927
Chronopotentiometry,0.02,1800,10,131.6,0.7927,0.7927
Chronopotentiometry,0.02,1800,10,131.7,0.7927,0.7927
Chronopotentiometry,0.02,1800,10,131.8,0.7927,0.7927
Chronopotentiometry,0.02,1800,10,131.9,0.7928,0.7928
Chronopotentiometry,0.02,1800,10,132.0,0.7927,0.7927
Chronopotentiometry,0.02,1800,10,132.1,0.7927,0.7927
Chronopotentiometry,0.02,1800,10,132.2,0.7927,0.7927
Chronopotentiometry,0.02,1800,10,132.3,0.7927,0.7927
Chronopotentiometry,0.02,1800,10,132.4,0.7928,0.7928
Chronopotentiometry,0.02,1800,10,132.5,0.7928,0.7928
Chronopotentiometry,0.02,1800,10,132.6,0.7928,0.7928
Chronopotentiometry,0.02,1800,10,132.7,0.7927,0.7927
Chronopotentiometry,0.02,1800,10,132.8,0.7927,0.7927
Chronopotentiometry,0.02,1800,10,132.9,0.7928,0.7928
Chronopotentiometry,0.02,1800,10,133.0,0.7929,0.7929
Chronopotentiometry,0.02,1800,10,133.1,0.7929,0.7929
Chronopotentiometry,0.02,1800,10,133.2,0.7928,0.7928
Chronopotentiometry,0.02,1800,10,133.3,0.7929,0.7929
Chronopotentiometry,0.02,1800,10,133.4,0.7929,0.7929
Chronopotentiometry,0.02,1800,10,133.5,0.7929,0.7929
Chronopotentiometry,0.02,1800,10,133.6,0.793,0.793
Chronopotentiometry,0.02,1800,10,133.7,0.7929,0.7929
Chronopotentiometry,0.02,1800,10,133.8,0.7929,0.7929
Chronopotentiometry,0.02,1800,10,133.9,0.7929,0.7929
Chronopotentiometry,0.02,1800,10,134.0,0.7929,0.7929
Chronopotentiometry,0.02,1800,10,134.1,0.793,0.793
Chronopotentiometry,0.02,1800,10,134.2,0.793,0.793
Chronopotentiometry,0.02,1800,10,134.3,0.793,0.793
Chronopotentiometry,0.02,1800,10,134.4,0.7929,0.7929
Chronopotentiometry,0.02,1800,10,134.5,0.7929,0.7929
Chronopotentiometry,0.02,1800,10,134.6,0.793,0.793
Chronopotentiometry,0.02,1800,10,134.7,0.7929,0.7929
Chronopotentiometry,0.02,1800,10,134.8,0.793,0.793
Chronopotentiometry,0.02,1800,10,134.9,0.7931,0.7931
Chronopotentiometry,0.02,1800,10,135.0,0.793,0.793
Chronopotentiometry,0.02,1800,10,135.1,0.793,0.793
Chronopotentiometry,0.02,1800,10,135.2,0.793,0.793
Chronopotentiometry,0.02,1800,10,135.3,0.7929,0.7929
Chronopotentiometry,0.02,1800,10,135.4,0.793,0.793
Chronopotentiometry,0.02,1800,10,135.5,0.793,0.793
Chronopotentiometry,0.02,1800,10,135.6,0.793,0.793
Chronopotentiometry,0.02,1800,10,135.7,0.793,0.793
Chronopotentiometry,0.02,1800,10,135.8,0.793,0.793
Chronopotentiometry,0.02,1800,10,135.9,0.7931,0.7931
Chronopotentiometry,0.02,1800,10,136.0,0.7931,0.7931
Chronopotentiometry,0.02,1800,10,136.1,0.793,0.793
Chronopotentiometry,0.02,1800,10,136.2,0.7931,0.7931
Chronopotentiometry,0.02,1800,10,136.3,0.7931,0.7931
Chronopotentiometry,0.02,1800,10,136.4,0.7931,0.7931
Chronopotentiometry,0.02,1800,10,136.5,0.7932,0.7932
Chronopotentiometry,0.02,1800,10,136.6,0.7932,0.7932
Chronopotentiometry,0.02,1800,10,136.7,0.7931,0.7931
Chronopotentiometry,0.02,1800,10,136.8,0.7932,0.7932
Chronopotentiometry,0.02,1800,10,136.9,0.7932,0.7932
Chronopotentiometry,0.02,1800,10,137.0,0.7932,0.7932
Chronopotentiometry,0.02,1800,10,137.1,0.7932,0.7932
Chronopotentiometry,0.02,1800,10,137.2,0.7933,0.7933
Chronopotentiometry,0.02,1800,10,137.3,0.7932,0.7932
Chronopotentiometry,0.02,1800,10,137.4,0.7932,0.7932
Chronopotentiometry,0.02,1800,10,137.5,0.7932,0.7932
Chronopotentiometry,0.02,1800,10,137.6,0.7932,0.7932
Chronopotentiometry,0.02,1800,10,137.7,0.7932,0.7932
Chronopotentiometry,0.02,1800,10,137.8,0.7933,0.7933
Chronopotentiometry,0.02,1800,10,137.9,0.7933,0.7933
Chronopotentiometry,0.02,1800,10,138.0,0.7932,0.7932
Chronopotentiometry,0.02,1800,10,138.1,0.7933,0.7933
Chronopotentiometry,0.02,1800,10,138.2,0.7934,0.7934
Chronopotentiometry,0.02,1800,10,138.3,0.7934,0.7934
Chronopotentiometry,0.02,1800,10,138.4,0.7934,0.7934
Chronopotentiometry,0.02,1800,10,138.5,0.7933,0.7933
Chronopotentiometry,0.02,1800,10,138.6,0.7934,0.7934
Chronopotentiometry,0.02,1800,10,138.7,0.7933,0.7933
Chronopotentiometry,0.02,1800,10,138.8,0.7934,0.7934
Chronopotentiometry,0.02,1800,10,138.9,0.7934,0.7934
Chronopotentiometry,0.02,1800,10,139.0,0.7934,0.7934
Chronopotentiometry,0.02,1800,10,139.1,0.7934,0.7934
Chronopotentiometry,0.02,1800,10,139.2,0.7934,0.7934
Chronopotentiometry,0.02,1800,10,139.3,0.7934,0.7934
Chronopotentiometry,0.02,1800,10,139.4,0.7934,0.7934
Chronopotentiometry,0.02,1800,10,139.5,0.7934,0.7934
Chronopotentiometry,0.02,1800,10,139.6,0.7934,0.7934
Chronopotentiometry,0.02,1800,10,139.7,0.7934,0.7934
Chronopotentiometry,0.02,1800,10,139.8,0.7934,0.7934
Chronopotentiometry,0.02,1800,10,139.9,0.7934,0.7934
Chronopotentiometry,0.02,1800,10,140.0,0.7934,0.7934
Chronopotentiometry,0.02,1800,10,140.1,0.7933,0.7933
Chronopotentiometry,0.02,1800,10,140.2,0.7934,0.7934
Chronopotentiometry,0.02,1800,10,140.3,0.7934,0.7934
Chronopotentiometry,0.02,1800,10,140.4,0.7934,0.7934
Chronopotentiometry,0.02,1800,10,140.5,0.7934,0.7934
Chronopotentiometry,0.02,1800,10,140.6,0.7934,0.7934
Chronopotentiometry,0.02,1800,10,140.7,0.7934,0.7934
Chronopotentiometry,0.02,1800,10,140.8,0.7934,0.7934
Chronopotentiometry,0.02,1800,10,140.9,0.7935,0.7935
Chronopotentiometry,0.02,1800,10,141.0,0.7935,0.7935
Chronopotentiometry,0.02,1800,10,141.1,0.7935,0.7935
Chronopotentiometry,0.02,1800,10,141.2,0.7936,0.7936
Chronopotentiometry,0.02,1800,10,141.3,0.7936,0.7936
Chronopotentiometry,0.02,1800,10,141.4,0.7936,0.7936
Chronopotentiometry,0.02,1800,10,141.5,0.7936,0.7936
Chronopotentiometry,0.02,1800,10,141.6,0.7936,0.7936
Chronopotentiometry,0.02,1800,10,141.7,0.7936,0.7936
Chronopotentiometry,0.02,1800,10,141.8,0.7935,0.7935
Chronopotentiometry,0.02,1800,10,141.9,0.7936,0.7936
Chronopotentiometry,0.02,1800,10,142.0,0.7936,0.7936
Chronopotentiometry,0.02,1800,10,142.1,0.7935,0.7935
Chronopotentiometry,0.02,1800,10,142.2,0.7935,0.7935
Chronopotentiometry,0.02,1800,10,142.3,0.7936,0.7936
Chronopotentiometry,0.02,1800,10,142.4,0.7936,0.7936
Chronopotentiometry,0.02,1800,10,142.5,0.7936,0.7936
Chronopotentiometry,0.02,1800,10,142.6,0.7936,0.7936
Chronopotentiometry,0.02,1800,10,142.7,0.7937,0.7937
Chronopotentiometry,0.02,1800,10,142.8,0.7937,0.7937
Chronopotentiometry,0.02,1800,10,142.9,0.7937,0.7937
Chronopotentiometry,0.02,1800,10,143.0,0.7936,0.7936
Chronopotentiometry,0.02,1800,10,143.1,0.7936,0.7936
Chronopotentiometry,0.02,1800,10,143.2,0.7936,0.7936
Chronopotentiometry,0.02,1800,10,143.3,0.7936,0.7936
Chronopotentiometry,0.02,1800,10,143.4,0.7935,0.7935
Chronopotentiometry,0.02,1800,10,143.5,0.7936,0.7936
Chronopotentiometry,0.02,1800,10,143.6,0.7936,0.7936
Chronopotentiometry,0.02,1800,10,143.7,0.7936,0.7936
Chronopotentiometry,0.02,1800,10,143.8,0.7937,0.7937
Chronopotentiometry,0.02,1800,10,143.9,0.7937,0.7937
Chronopotentiometry,0.02,1800,10,144.0,0.7937,0.7937
Chronopotentiometry,0.02,1800,10,144.1,0.7938,0.7938
Chronopotentiometry,0.02,1800,10,144.2,0.7937,0.7937
Chronopotentiometry,0.02,1800,10,144.3,0.7938,0.7938
Chronopotentiometry,0.02,1800,10,144.4,0.7937,0.7937
Chronopotentiometry,0.02,1800,10,144.5,0.7937,0.7937
Chronopotentiometry,0.02,1800,10,144.6,0.7938,0.7938
Chronopotentiometry,0.02,1800,10,144.7,0.7938,0.7938
Chronopotentiometry,0.02,1800,10,144.8,0.7938,0.7938
Chronopotentiometry,0.02,1800,10,144.9,0.7938,0.7938
Chronopotentiometry,0.02,1800,10,145.0,0.7939,0.7939
Chronopotentiometry,0.02,1800,10,145.1,0.7939,0.7939
Chronopotentiometry,0.02,1800,10,145.2,0.7939,0.7939
Chronopotentiometry,0.02,1800,10,145.3,0.7939,0.7939
Chronopotentiometry,0.02,1800,10,145.4,0.7939,0.7939
Chronopotentiometry,0.02,1800,10,145.5,0.7938,0.7938
Chronopotentiometry,0.02,1800,10,145.6,0.7938,0.7938
Chronopotentiometry,0.02,1800,10,145.7,0.7939,0.7939
Chronopotentiometry,0.02,1800,10,145.8,0.7939,0.7939
Chronopotentiometry,0.02,1800,10,145.9,0.7939,0.7939
Chronopotentiometry,0.02,1800,10,146.0,0.7939,0.7939
Chronopotentiometry,0.02,1800,10,146.1,0.794,0.794
Chronopotentiometry,0.02,1800,10,146.2,0.794,0.794
Chronopotentiometry,0.02,1800,10,146.3,0.794,0.794
Chronopotentiometry,0.02,1800,10,146.4,0.794,0.794
Chronopotentiometry,0.02,1800,10,146.5,0.794,0.794
Chronopotentiometry,0.02,1800,10,146.6,0.794,0.794
Chronopotentiometry,0.02,1800,10,146.7,0.794,0.794
Chronopotentiometry,0.02,1800,10,146.8,0.794,0.794
Chronopotentiometry,0.02,1800,10,146.9,0.794,0.794
Chronopotentiometry,0.02,1800,10,147.0,0.794,0.794
Chronopotentiometry,0.02,1800,10,147.1,0.7941,0.7941
Chronopotentiometry,0.02,1800,10,147.2,0.7941,0.7941
Chronopotentiometry,0.02,1800,10,147.3,0.7941,0.7941
Chronopotentiometry,0.02,1800,10,147.4,0.794,0.794
Chronopotentiometry,0.02,1800,10,147.5,0.794,0.794
Chronopotentiometry,0.02,1800,10,147.6,0.794,0.794
Chronopotentiometry,0.02,1800,10,147.7,0.794,0.794
Chronopotentiometry,0.02,1800,10,147.8,0.7941,0.7941
Chronopotentiometry,0.02,1800,10,147.9,0.7941,0.7941
Chronopotentiometry,0.02,1800,10,148.0,0.7941,0.7941
Chronopotentiometry,0.02,1800,10,148.1,0.7941,0.7941
Chronopotentiometry,0.02,1800,10,148.2,0.7941,0.7941
Chronopotentiometry,0.02,1800,10,148.3,0.7941,0.7941
Chronopotentiometry,0.02,1800,10,148.4,0.7941,0.7941
Chronopotentiometry,0.02,1800,10,148.5,0.7941,0.7941
Chronopotentiometry,0.02,1800,10,148.6,0.7941,0.7941
Chronopotentiometry,0.02,1800,10,148.7,0.7942,0.7942
Chronopotentiometry,0.02,1800,10,148.8,0.7942,0.7942
Chronopotentiometry,0.02,1800,10,148.9,0.7942,0.7942
Chronopotentiometry,0.02,1800,10,149.0,0.7942,0.7942
Chronopotentiometry,0.02,1800,10,149.1,0.7942,0.7942
Chronopotentiometry,0.02,1800,10,149.2,0.7942,0.7942
Chronopotentiometry,0.02,1800,10,149.3,0.7943,0.7943
Chronopotentiometry,0.02,1800,10,149.4,0.7942,0.7942
Chronopotentiometry,0.02,1800,10,149.5,0.7943,0.7943
Chronopotentiometry,0.02,1800,10,149.6,0.7944,0.7944
Chronopotentiometry,0.02,1800,10,149.7,0.7943,0.7943
Chronopotentiometry,0.02,1800,10,149.8,0.7943,0.7943
Chronopotentiometry,0.02,1800,10,149.9,0.7942,0.7942
Chronopotentiometry,0.02,1800,10,150.0,0.7942,0.7942
Chronopotentiometry,0.02,1800,10,150.1,0.7942,0.7942
Chronopotentiometry,0.02,1800,10,150.2,0.7942,0.7942
Chronopotentiometry,0.02,1800,10,150.3,0.7942,0.7942
Chronopotentiometry,0.02,1800,10,150.4,0.7943,0.7943
Chronopotentiometry,0.02,1800,10,150.5,0.7943,0.7943
Chronopotentiometry,0.02,1800,10,150.6,0.7943,0.7943
Chronopotentiometry,0.02,1800,10,150.7,0.7943,0.7943
Chronopotentiometry,0.02,1800,10,150.8,0.7943,0.7943
Chronopotentiometry,0.02,1800,10,150.9,0.7944,0.7944
Chronopotentiometry,0.02,1800,10,151.0,0.7944,0.7944
Chronopotentiometry,0.02,1800,10,151.1,0.7944,0.7944
Chronopotentiometry,0.02,1800,10,151.2,0.7944,0.7944
Chronopotentiometry,0.02,1800,10,151.3,0.7945,0.7945
Chronopotentiometry,0.02,1800,10,151.4,0.7944,0.7944
Chronopotentiometry,0.02,1800,10,151.5,0.7944,0.7944
Chronopotentiometry,0.02,1800,10,151.6,0.7944,0.7944
Chronopotentiometry,0.02,1800,10,151.7,0.7944,0.7944
Chronopotentiometry,0.02,1800,10,151.8,0.7944,0.7944
Chronopotentiometry,0.02,1800,10,151.9,0.7945,0.7945
Chronopotentiometry,0.02,1800,10,152.0,0.7945,0.7945
Chronopotentiometry,0.02,1800,10,152.1,0.7946,0.7946
Chronopotentiometry,0.02,1800,10,152.2,0.7945,0.7945
Chronopotentiometry,0.02,1800,10,152.3,0.7945,0.7945
Chronopotentiometry,0.02,1800,10,152.4,0.7946,0.7946
Chronopotentiometry,0.02,1800,10,152.5,0.7946,0.7946
Chronopotentiometry,0.02,1800,10,152.6,0.7944,0.7944
Chronopotentiometry,0.02,1800,10,152.7,0.7945,0.7945
Chronopotentiometry,0.02,1800,10,152.8,0.7945,0.7945
Chronopotentiometry,0.02,1800,10,152.9,0.7945,0.7945
Chronopotentiometry,0.02,1800,10,153.0,0.7945,0.7945
Chronopotentiometry,0.02,1800,10,153.1,0.7946,0.7946
Chronopotentiometry,0.02,1800,10,153.2,0.7946,0.7946
Chronopotentiometry,0.02,1800,10,153.3,0.7947,0.7947
Chronopotentiometry,0.02,1800,10,153.4,0.7947,0.7947
Chronopotentiometry,0.02,1800,10,153.5,0.7946,0.7946
Chronopotentiometry,0.02,1800,10,153.6,0.7945,0.7945
Chronopotentiometry,0.02,1800,10,153.7,0.7946,0.7946
Chronopotentiometry,0.02,1800,10,153.8,0.7945,0.7945
Chronopotentiometry,0.02,1800,10,153.9,0.7945,0.7945
Chronopotentiometry,0.02,1800,10,154.0,0.7946,0.7946
Chronopotentiometry,0.02,1800,10,154.1,0.7946,0.7946
Chronopotentiometry,0.02,1800,10,154.2,0.7946,0.7946
Chronopotentiometry,0.02,1800,10,154.3,0.7946,0.7946
Chronopotentiometry,0.02,1800,10,154.4,0.7946,0.7946
Chronopotentiometry,0.02,1800,10,154.5,0.7947,0.7947
Chronopotentiometry,0.02,1800,10,154.6,0.7947,0.7947
Chronopotentiometry,0.02,1800,10,154.7,0.7947,0.7947
Chronopotentiometry,0.02,1800,10,154.8,0.7947,0.7947
Chronopotentiometry,0.02,1800,10,154.9,0.7947,0.7947
Chronopotentiometry,0.02,1800,10,155.0,0.7948,0.7948
Chronopotentiometry,0.02,1800,10,155.1,0.7948,0.7948
Chronopotentiometry,0.02,1800,10,155.2,0.7948,0.7948
Chronopotentiometry,0.02,1800,10,155.3,0.7949,0.7949
Chronopotentiometry,0.02,1800,10,155.4,0.7948,0.7948
Chronopotentiometry,0.02,1800,10,155.5,0.7947,0.7947
Chronopotentiometry,0.02,1800,10,155.6,0.7947,0.7947
Chronopotentiometry,0.02,1800,10,155.7,0.7948,0.7948
Chronopotentiometry,0.02,1800,10,155.8,0.7948,0.7948
Chronopotentiometry,0.02,1800,10,155.9,0.7948,0.7948
Chronopotentiometry,0.02,1800,10,156.0,0.7948,0.7948
Chronopotentiometry,0.02,1800,10,156.1,0.7949,0.7949
Chronopotentiometry,0.02,1800,10,156.2,0.7949,0.7949
Chronopotentiometry,0.02,1800,10,156.3,0.7949,0.7949
Chronopotentiometry,0.02,1800,10,156.4,0.7949,0.7949
Chronopotentiometry,0.02,1800,10,156.5,0.7949,0.7949
Chronopotentiometry,0.02,1800,10,156.6,0.7948,0.7948
Chronopotentiometry,0.02,1800,10,156.7,0.7947,0.7947
Chronopotentiometry,0.02,1800,10,156.8,0.7948,0.7948
Chronopotentiometry,0.02,1800,10,156.9,0.7948,0.7948
Chronopotentiometry,0.02,1800,10,157.0,0.7948,0.7948
Chronopotentiometry,0.02,1800,10,157.1,0.7948,0.7948
Chronopotentiometry,0.02,1800,10,157.2,0.7949,0.7949
Chronopotentiometry,0.02,1800,10,157.3,0.7949,0.7949
Chronopotentiometry,0.02,1800,10,157.4,0.7948,0.7948
Chronopotentiometry,0.02,1800,10,157.5,0.7949,0.7949
Chronopotentiometry,0.02,1800,10,157.6,0.7949,0.7949
Chronopotentiometry,0.02,1800,10,157.7,0.7948,0.7948
Chronopotentiometry,0.02,1800,10,157.8,0.795,0.795
Chronopotentiometry,0.02,1800,10,157.9,0.795,0.795
Chronopotentiometry,0.02,1800,10,158.0,0.795,0.795
Chronopotentiometry,0.02,1800,10,158.1,0.7949,0.7949
Chronopotentiometry,0.02,1800,10,158.2,0.795,0.795
Chronopotentiometry,0.02,1800,10,158.3,0.795,0.795
Chronopotentiometry,0.02,1800,10,158.4,0.795,0.795
Chronopotentiometry,0.02,1800,10,158.5,0.795,0.795
Chronopotentiometry,0.02,1800,10,158.6,0.795,0.795
Chronopotentiometry,0.02,1800,10,158.7,0.795,0.795
Chronopotentiometry,0.02,1800,10,158.8,0.795,0.795
Chronopotentiometry,0.02,1800,10,158.9,0.795,0.795
Chronopotentiometry,0.02,1800,10,159.0,0.7951,0.7951
Chronopotentiometry,0.02,1800,10,159.1,0.7951,0.7951
Chronopotentiometry,0.02,1800,10,159.2,0.795,0.795
Chronopotentiometry,0.02,1800,10,159.3,0.7951,0.7951
Chronopotentiometry,0.02,1800,10,159.4,0.7951,0.7951
Chronopotentiometry,0.02,1800,10,159.5,0.7951,0.7951
Chronopotentiometry,0.02,1800,10,159.6,0.7951,0.7951
Chronopotentiometry,0.02,1800,10,159.7,0.7951,0.7951
Chronopotentiometry,0.02,1800,10,159.8,0.7951,0.7951
Chronopotentiometry,0.02,1800,10,159.9,0.795,0.795
Chronopotentiometry,0.02,1800,10,160.0,0.795,0.795
Chronopotentiometry,0.02,1800,10,160.1,0.795,0.795
Chronopotentiometry,0.02,1800,10,160.2,0.7951,0.7951
Chronopotentiometry,0.02,1800,10,160.3,0.795,0.795
Chronopotentiometry,0.02,1800,10,160.4,0.7951,0.7951
Chronopotentiometry,0.02,1800,10,160.5,0.7951,0.7951
Chronopotentiometry,0.02,1800,10,160.6,0.7951,0.7951
Chronopotentiometry,0.02,1800,10,160.7,0.7951,0.7951
Chronopotentiometry,0.02,1800,10,160.8,0.7951,0.7951
Chronopotentiometry,0.02,1800,10,160.9,0.7952,0.7952
Chronopotentiometry,0.02,1800,10,161.0,0.7952,0.7952
Chronopotentiometry,0.02,1800,10,161.1,0.7952,0.7952
Chronopotentiometry,0.02,1800,10,161.2,0.7952,0.7952
Chronopotentiometry,0.02,1800,10,161.3,0.7952,0.7952
Chronopotentiometry,0.02,1800,10,161.4,0.7953,0.7953
Chronopotentiometry,0.02,1800,10,161.5,0.7953,0.7953
Chronopotentiometry,0.02,1800,10,161.6,0.7952,0.7952
Chronopotentiometry,0.02,1800,10,161.7,0.7952,0.7952
Chronopotentiometry,0.02,1800,10,161.8,0.7952,0.7952
Chronopotentiometry,0.02,1800,10,161.9,0.7952,0.7952
Chronopotentiometry,0.02,1800,10,162.0,0.7953,0.7953
Chronopotentiometry,0.02,1800,10,162.1,0.7954,0.7954
Chronopotentiometry,0.02,1800,10,162.2,0.7954,0.7954
Chronopotentiometry,0.02,1800,10,162.3,0.7953,0.7953
Chronopotentiometry,0.02,1800,10,162.4,0.7953,0.7953
Chronopotentiometry,0.02,1800,10,162.5,0.7953,0.7953
Chronopotentiometry,0.02,1800,10,162.6,0.7954,0.7954
Chronopotentiometry,0.02,1800,10,162.7,0.7954,0.7954
Chronopotentiometry,0.02,1800,10,162.8,0.7954,0.7954
Chronopotentiometry,0.02,1800,10,162.9,0.7954,0.7954
Chronopotentiometry,0.02,1800,10,163.0,0.7954,0.7954
Chronopotentiometry,0.02,1800,10,163.1,0.7954,0.7954
Chronopotentiometry,0.02,1800,10,163.2,0.7954,0.7954
Chronopotentiometry,0.02,1800,10,163.3,0.7954,0.7954
Chronopotentiometry,0.02,1800,10,163.4,0.7955,0.7955
Chronopotentiometry,0.02,1800,10,163.5,0.7954,0.7954
Chronopotentiometry,0.02,1800,10,163.6,0.7955,0.7955
Chronopotentiometry,0.02,1800,10,163.7,0.7954,0.7954
Chronopotentiometry,0.02,1800,10,163.8,0.7955,0.7955
Chronopotentiometry,0.02,1800,10,163.9,0.7953,0.7953
Chronopotentiometry,0.02,1800,10,164.0,0.7954,0.7954
Chronopotentiometry,0.02,1800,10,164.1,0.7955,0.7955
Chronopotentiometry,0.02,1800,10,164.2,0.7955,0.7955
Chronopotentiometry,0.02,1800,10,164.3,0.7954,0.7954
Chronopotentiometry,0.02,1800,10,164.4,0.7954,0.7954
Chronopotentiometry,0.02,1800,10,164.5,0.7954,0.7954
Chronopotentiometry,0.02,1800,10,164.6,0.7954,0.7954
Chronopotentiometry,0.02,1800,10,164.7,0.7955,0.7955
Chronopotentiometry,0.02,1800,10,164.8,0.7955,0.7955
Chronopotentiometry,0.02,1800,10,164.9,0.7955,0.7955
Chronopotentiometry,0.02,1800,10,165.0,0.7955,0.7955
Chronopotentiometry,0.02,1800,10,165.1,0.7955,0.7955
Chronopotentiometry,0.02,1800,10,165.2,0.7955,0.7955
Chronopotentiometry,0.02,1800,10,165.3,0.7956,0.7956
Chronopotentiometry,0.02,1800,10,165.4,0.7956,0.7956
Chronopotentiometry,0.02,1800,10,165.5,0.7956,0.7956
Chronopotentiometry,0.02,1800,10,165.6,0.7956,0.7956
Chronopotentiometry,0.02,1800,10,165.7,0.7955,0.7955
Chronopotentiometry,0.02,1800,10,165.8,0.7955,0.7955
Chronopotentiometry,0.02,1800,10,165.9,0.7956,0.7956
Chronopotentiometry,0.02,1800,10,166.0,0.7956,0.7956
Chronopotentiometry,0.02,1800,10,166.1,0.7956,0.7956
Chronopotentiometry,0.02,1800,10,166.2,0.7956,0.7956
Chronopotentiometry,0.02,1800,10,166.3,0.7956,0.7956
Chronopotentiometry,0.02,1800,10,166.4,0.7956,0.7956
Chronopotentiometry,0.02,1800,10,166.5,0.7956,0.7956
Chronopotentiometry,0.02,1800,10,166.6,0.7956,0.7956
Chronopotentiometry,0.02,1800,10,166.7,0.7956,0.7956
Chronopotentiometry,0.02,1800,10,166.8,0.7956,0.7956
Chronopotentiometry,0.02,1800,10,166.9,0.7956,0.7956
Chronopotentiometry,0.02,1800,10,167.0,0.7956,0.7956
Chronopotentiometry,0.02,1800,10,167.1,0.7956,0.7956
Chronopotentiometry,0.02,1800,10,167.2,0.7957,0.7957
Chronopotentiometry,0.02,1800,10,167.3,0.7957,0.7957
Chronopotentiometry,0.02,1800,10,167.4,0.7957,0.7957
Chronopotentiometry,0.02,1800,10,167.5,0.7956,0.7956
Chronopotentiometry,0.02,1800,10,167.6,0.7956,0.7956
Chronopotentiometry,0.02,1800,10,167.7,0.7957,0.7957
Chronopotentiometry,0.02,1800,10,167.8,0.7957,0.7957
Chronopotentiometry,0.02,1800,10,167.9,0.7958,0.7958
Chronopotentiometry,0.02,1800,10,168.0,0.7957,0.7957
Chronopotentiometry,0.02,1800,10,168.1,0.7957,0.7957
Chronopotentiometry,0.02,1800,10,168.2,0.7957,0.7957
Chronopotentiometry,0.02,1800,10,168.3,0.7957,0.7957
Chronopotentiometry,0.02,1800,10,168.4,0.7957,0.7957
Chronopotentiometry,0.02,1800,10,168.5,0.7957,0.7957
Chronopotentiometry,0.02,1800,10,168.6,0.7957,0.7957
Chronopotentiometry,0.02,1800,10,168.7,0.7957,0.7957
Chronopotentiometry,0.02,1800,10,168.8,0.7958,0.7958
Chronopotentiometry,0.02,1800,10,168.9,0.7958,0.7958
Chronopotentiometry,0.02,1800,10,169.0,0.7958,0.7958
Chronopotentiometry,0.02,1800,10,169.1,0.7957,0.7957
Chronopotentiometry,0.02,1800,10,169.2,0.7958,0.7958
Chronopotentiometry,0.02,1800,10,169.3,0.7958,0.7958
Chronopotentiometry,0.02,1800,10,169.4,0.7958,0.7958
Chronopotentiometry,0.02,1800,10,169.5,0.7958,0.7958
Chronopotentiometry,0.02,1800,10,169.6,0.7958,0.7958
Chronopotentiometry,0.02,1800,10,169.7,0.7958,0.7958
Chronopotentiometry,0.02,1800,10,169.8,0.7958,0.7958
Chronopotentiometry,0.02,1800,10,169.9,0.7959,0.7959
Chronopotentiometry,0.02,1800,10,170.0,0.7959,0.7959
Chronopotentiometry,0.02,1800,10,170.1,0.7959,0.7959
Chronopotentiometry,0.02,1800,10,170.2,0.7959,0.7959
Chronopotentiometry,0.02,1800,10,170.3,0.7958,0.7958
Chronopotentiometry,0.02,1800,10,170.4,0.7959,0.7959
Chronopotentiometry,0.02,1800,10,170.5,0.796,0.796
Chronopotentiometry,0.02,1800,10,170.6,0.796,0.796
Chronopotentiometry,0.02,1800,10,170.7,0.7959,0.7959
Chronopotentiometry,0.02,1800,10,170.8,0.7959,0.7959
Chronopotentiometry,0.02,1800,10,170.9,0.7959,0.7959
Chronopotentiometry,0.02,1800,10,171.0,0.796,0.796
Chronopotentiometry,0.02,1800,10,171.1,0.796,0.796
Chronopotentiometry,0.02,1800,10,171.2,0.796,0.796
Chronopotentiometry,0.02,1800,10,171.3,0.796,0.796
Chronopotentiometry,0.02,1800,10,171.4,0.7959,0.7959
Chronopotentiometry,0.02,1800,10,171.5,0.7959,0.7959
Chronopotentiometry,0.02,1800,10,171.6,0.7959,0.7959
Chronopotentiometry,0.02,1800,10,171.7,0.796,0.796
Chronopotentiometry,0.02,1800,10,171.8,0.7961,0.7961
Chronopotentiometry,0.02,1800,10,171.9,0.796,0.796
Chronopotentiometry,0.02,1800,10,172.0,0.796,0.796
Chronopotentiometry,0.02,1800,10,172.1,0.796,0.796
Chronopotentiometry,0.02,1800,10,172.2,0.7961,0.7961
Chronopotentiometry,0.02,1800,10,172.3,0.7961,0.7961
Chronopotentiometry,0.02,1800,10,172.4,0.796,0.796
Chronopotentiometry,0.02,1800,10,172.5,0.7961,0.7961
Chronopotentiometry,0.02,1800,10,172.6,0.7961,0.7961
Chronopotentiometry,0.02,1800,10,172.7,0.7961,0.7961
Chronopotentiometry,0.02,1800,10,172.8,0.7961,0.7961
Chronopotentiometry,0.02,1800,10,172.9,0.7961,0.7961
Chronopotentiometry,0.02,1800,10,173.0,0.7961,0.7961
Chronopotentiometry,0.02,1800,10,173.1,0.7961,0.7961
Chronopotentiometry,0.02,1800,10,173.2,0.7962,0.7962
Chronopotentiometry,0.02,1800,10,173.3,0.7961,0.7961
Chronopotentiometry,0.02,1800,10,173.4,0.7961,0.7961
Chronopotentiometry,0.02,1800,10,173.5,0.7961,0.7961
Chronopotentiometry,0.02,1800,10,173.6,0.7962,0.7962
Chronopotentiometry,0.02,1800,10,173.7,0.7962,0.7962
Chronopotentiometry,0.02,1800,10,173.8,0.7962,0.7962
Chronopotentiometry,0.02,1800,10,173.9,0.7961,0.7961
Chronopotentiometry,0.02,1800,10,174.0,0.7962,0.7962
Chronopotentiometry,0.02,1800,10,174.1,0.7961,0.7961
Chronopotentiometry,0.02,1800,10,174.2,0.7962,0.7962
Chronopotentiometry,0.02,1800,10,174.3,0.7963,0.7963
Chronopotentiometry,0.02,1800,10,174.4,0.7962,0.7962
Chronopotentiometry,0.02,1800,10,174.5,0.7962,0.7962
Chronopotentiometry,0.02,1800,10,174.6,0.7962,0.7962
Chronopotentiometry,0.02,1800,10,174.7,0.7963,0.7963
Chronopotentiometry,0.02,1800,10,174.8,0.7963,0.7963
Chronopotentiometry,0.02,1800,10,174.9,0.7963,0.7963
Chronopotentiometry,0.02,1800,10,175.0,0.7962,0.7962
Chronopotentiometry,0.02,1800,10,175.1,0.7962,0.7962
Chronopotentiometry,0.02,1800,10,175.2,0.7962,0.7962
Chronopotentiometry,0.02,1800,10,175.3,0.7963,0.7963
Chronopotentiometry,0.02,1800,10,175.4,0.7963,0.7963
Chronopotentiometry,0.02,1800,10,175.5,0.7963,0.7963
Chronopotentiometry,0.02,1800,10,175.6,0.7963,0.7963
Chronopotentiometry,0.02,1800,10,175.7,0.7963,0.7963
Chronopotentiometry,0.02,1800,10,175.8,0.7963,0.7963
Chronopotentiometry,0.02,1800,10,175.9,0.7963,0.7963
Chronopotentiometry,0.02,1800,10,176.0,0.7963,0.7963
Chronopotentiometry,0.02,1800,10,176.1,0.7963,0.7963
Chronopotentiometry,0.02,1800,10,176.2,0.7964,0.7964
Chronopotentiometry,0.02,1800,10,176.3,0.7964,0.7964
Chronopotentiometry,0.02,1800,10,176.4,0.7964,0.7964
Chronopotentiometry,0.02,1800,10,176.5,0.7964,0.7964
Chronopotentiometry,0.02,1800,10,176.6,0.7964,0.7964
Chronopotentiometry,0.02,1800,10,176.7,0.7964,0.7964
Chronopotentiometry,0.02,1800,10,176.8,0.7965,0.7965
Chronopotentiometry,0.02,1800,10,176.9,0.7965,0.7965
Chronopotentiometry,0.02,1800,10,177.0,0.7965,0.7965
Chronopotentiometry,0.02,1800,10,177.1,0.7964,0.7964
Chronopotentiometry,0.02,1800,10,177.2,0.7964,0.7964
Chronopotentiometry,0.02,1800,10,177.3,0.7964,0.7964
Chronopotentiometry,0.02,1800,10,177.4,0.7965,0.7965
Chronopotentiometry,0.02,1800,10,177.5,0.7965,0.7965
Chronopotentiometry,0.02,1800,10,177.6,0.7964,0.7964
Chronopotentiometry,0.02,1800,10,177.7,0.7964,0.7964
Chronopotentiometry,0.02,1800,10,177.8,0.7964,0.7964
Chronopotentiometry,0.02,1800,10,177.9,0.7965,0.7965
Chronopotentiometry,0.02,1800,10,178.0,0.7965,0.7965
Chronopotentiometry,0.02,1800,10,178.1,0.7965,0.7965
Chronopotentiometry,0.02,1800,10,178.2,0.7965,0.7965
Chronopotentiometry,0.02,1800,10,178.3,0.7965,0.7965
Chronopotentiometry,0.02,1800,10,178.4,0.7965,0.7965
Chronopotentiometry,0.02,1800,10,178.5,0.7965,0.7965
Chronopotentiometry,0.02,1800,10,178.6,0.7965,0.7965
Chronopotentiometry,0.02,1800,10,178.7,0.7965,0.7965
Chronopotentiometry,0.02,1800,10,178.8,0.7966,0.7966
Chronopotentiometry,0.02,1800,10,178.9,0.7966,0.7966
Chronopotentiometry,0.02,1800,10,179.0,0.7966,0.7966
Chronopotentiometry,0.02,1800,10,179.1,0.7965,0.7965
Chronopotentiometry,0.02,1800,10,179.2,0.7966,0.7966
Chronopotentiometry,0.02,1800,10,179.3,0.7966,0.7966
Chronopotentiometry,0.02,1800,10,179.4,0.7966,0.7966
Chronopotentiometry,0.02,1800,10,179.5,0.7966,0.7966
Chronopotentiometry,0.02,1800,10,179.6,0.7966,0.7966
Chronopotentiometry,0.02,1800,10,179.7,0.7966,0.7966
Chronopotentiometry,0.02,1800,10,179.8,0.7966,0.7966
Chronopotentiometry,0.02,1800,10,179.9,0.7966,0.7966
Chronopotentiometry,0.02,1800,10,180.0,0.7966,0.7966
Chronopotentiometry,0.02,1800,10,180.1,0.7966,0.7966
Chronopotentiometry,0.02,1800,10,180.2,0.7966,0.7966
Chronopotentiometry,0.02,1800,10,180.3,0.7967,0.7967
Chronopotentiometry,0.02,1800,10,180.4,0.7967,0.7967
Chronopotentiometry,0.02,1800,10,180.5,0.7967,0.7967
Chronopotentiometry,0.02,1800,10,180.6,0.7967,0.7967
Chronopotentiometry,0.02,1800,10,180.7,0.7967,0.7967
Chronopotentiometry,0.02,1800,10,180.8,0.7967,0.7967
Chronopotentiometry,0.02,1800,10,180.9,0.7967,0.7967
Chronopotentiometry,0.02,1800,10,181.0,0.7967,0.7967
Chronopotentiometry,0.02,1800,10,181.1,0.7967,0.7967
Chronopotentiometry,0.02,1800,10,181.2,0.7966,0.7966
Chronopotentiometry,0.02,1800,10,181.3,0.7967,0.7967
Chronopotentiometry,0.02,1800,10,181.4,0.7967,0.7967
Chronopotentiometry,0.02,1800,10,181.5,0.7967,0.7967
Chronopotentiometry,0.02,1800,10,181.6,0.7967,0.7967
Chronopotentiometry,0.02,1800,10,181.7,0.7967,0.7967
Chronopotentiometry,0.02,1800,10,181.8,0.7967,0.7967
Chronopotentiometry,0.02,1800,10,181.9,0.7967,0.7967
Chronopotentiometry,0.02,1800,10,182.0,0.7967,0.7967
Chronopotentiometry,0.02,1800,10,182.1,0.7967,0.7967
Chronopotentiometry,0.02,1800,10,182.2,0.7968,0.7968
Chronopotentiometry,0.02,1800,10,182.3,0.7967,0.7967
Chronopotentiometry,0.02,1800,10,182.4,0.7967,0.7967
Chronopotentiometry,0.02,1800,10,182.5,0.7967,0.7967
Chronopotentiometry,0.02,1800,10,182.6,0.7968,0.7968
Chronopotentiometry,0.02,1800,10,182.7,0.7969,0.7969
Chronopotentiometry,0.02,1800,10,182.8,0.7968,0.7968
Chronopotentiometry,0.02,1800,10,182.9,0.7968,0.7968
Chronopotentiometry,0.02,1800,10,183.0,0.7967,0.7967
Chronopotentiometry,0.02,1800,10,183.1,0.7968,0.7968
Chronopotentiometry,0.02,1800,10,183.2,0.7968,0.7968
Chronopotentiometry,0.02,1800,10,183.3,0.7968,0.7968
Chronopotentiometry,0.02,1800,10,183.4,0.7969,0.7969
Chronopotentiometry,0.02,1800,10,183.5,0.7968,0.7968
Chronopotentiometry,0.02,1800,10,183.6,0.7969,0.7969
Chronopotentiometry,0.02,1800,10,183.7,0.7969,0.7969
Chronopotentiometry,0.02,1800,10,183.8,0.7969,0.7969
Chronopotentiometry,0.02,1800,10,183.9,0.7969,0.7969
Chronopotentiometry,0.02,1800,10,184.0,0.797,0.797
Chronopotentiometry,0.02,1800,10,184.1,0.797,0.797
Chronopotentiometry,0.02,1800,10,184.2,0.7969,0.7969
Chronopotentiometry,0.02,1800,10,184.3,0.7969,0.7969
Chronopotentiometry,0.02,1800,10,184.4,0.7969,0.7969
Chronopotentiometry,0.02,1800,10,184.5,0.797,0.797
Chronopotentiometry,0.02,1800,10,184.6,0.7969,0.7969
Chronopotentiometry,0.02,1800,10,184.7,0.7969,0.7969
Chronopotentiometry,0.02,1800,10,184.8,0.797,0.797
Chronopotentiometry,0.02,1800,10,184.9,0.797,0.797
Chronopotentiometry,0.02,1800,10,185.0,0.7969,0.7969
Chronopotentiometry,0.02,1800,10,185.1,0.7969,0.7969
Chronopotentiometry,0.02,1800,10,185.2,0.797,0.797
Chronopotentiometry,0.02,1800,10,185.3,0.797,0.797
Chronopotentiometry,0.02,1800,10,185.4,0.797,0.797
Chronopotentiometry,0.02,1800,10,185.5,0.797,0.797
Chronopotentiometry,0.02,1800,10,185.6,0.7971,0.7971
Chronopotentiometry,0.02,1800,10,185.7,0.7971,0.7971
Chronopotentiometry,0.02,1800,10,185.8,0.797,0.797
Chronopotentiometry,0.02,1800,10,185.9,0.7971,0.7971
Chronopotentiometry,0.02,1800,10,186.0,0.7971,0.7971
Chronopotentiometry,0.02,1800,10,186.1,0.7971,0.7971
Chronopotentiometry,0.02,1800,10,186.2,0.7971,0.7971
Chronopotentiometry,0.02,1800,10,186.3,0.7972,0.7972
Chronopotentiometry,0.02,1800,10,186.4,0.7972,0.7972
Chronopotentiometry,0.02,1800,10,186.5,0.7971,0.7971
Chronopotentiometry,0.02,1800,10,186.6,0.7971,0.7971
Chronopotentiometry,0.02,1800,10,186.7,0.7971,0.7971
Chronopotentiometry,0.02,1800,10,186.8,0.7971,0.7971
Chronopotentiometry,0.02,1800,10,186.9,0.7971,0.7971
Chronopotentiometry,0.02,1800,10,187.0,0.7971,0.7971
Chronopotentiometry,0.02,1800,10,187.1,0.7971,0.7971
Chronopotentiometry,0.02,1800,10,187.2,0.7972,0.7972
Chronopotentiometry,0.02,1800,10,187.3,0.7971,0.7971
Chronopotentiometry,0.02,1800,10,187.4,0.7972,0.7972
Chronopotentiometry,0.02,1800,10,187.5,0.7972,0.7972
Chronopotentiometry,0.02,1800,10,187.6,0.7972,0.7972
Chronopotentiometry,0.02,1800,10,187.7,0.7972,0.7972
Chronopotentiometry,0.02,1800,10,187.8,0.7971,0.7971
Chronopotentiometry,0.02,1800,10,187.9,0.7971,0.7971
Chronopotentiometry,0.02,1800,10,188.0,0.7972,0.7972
Chronopotentiometry,0.02,1800,10,188.1,0.7971,0.7971
Chronopotentiometry,0.02,1800,10,188.2,0.7971,0.7971
Chronopotentiometry,0.02,1800,10,188.3,0.7971,0.7971
Chronopotentiometry,0.02,1800,10,188.4,0.7971,0.7971
Chronopotentiometry,0.02,1800,10,188.5,0.7971,0.7971
Chronopotentiometry,0.02,1800,10,188.6,0.7972,0.7972
Chronopotentiometry,0.02,1800,10,188.7,0.7972,0.7972
Chronopotentiometry,0.02,1800,10,188.8,0.7972,0.7972
Chronopotentiometry,0.02,1800,10,188.9,0.7972,0.7972
Chronopotentiometry,0.02,1800,10,189.0,0.7972,0.7972
Chronopotentiometry,0.02,1800,10,189.1,0.7972,0.7972
Chronopotentiometry,0.02,1800,10,189.2,0.7972,0.7972
Chronopotentiometry,0.02,1800,10,189.3,0.7972,0.7972
Chronopotentiometry,0.02,1800,10,189.4,0.7972,0.7972
Chronopotentiometry,0.02,1800,10,189.5,0.7973,0.7973
Chronopotentiometry,0.02,1800,10,189.6,0.7972,0.7972
Chronopotentiometry,0.02,1800,10,189.7,0.7973,0.7973
Chronopotentiometry,0.02,1800,10,189.8,0.7974,0.7974
Chronopotentiometry,0.02,1800,10,189.9,0.7973,0.7973
Chronopotentiometry,0.02,1800,10,190.0,0.7973,0.7973
Chronopotentiometry,0.02,1800,10,190.1,0.7973,0.7973
Chronopotentiometry,0.02,1800,10,190.2,0.7973,0.7973
Chronopotentiometry,0.02,1800,10,190.3,0.7973,0.7973
Chronopotentiometry,0.02,1800,10,190.4,0.7974,0.7974
Chronopotentiometry,0.02,1800,10,190.5,0.7974,0.7974
Chronopotentiometry,0.02,1800,10,190.6,0.7974,0.7974
Chronopotentiometry,0.02,1800,10,190.7,0.7974,0.7974
Chronopotentiometry,0.02,1800,10,190.8,0.7974,0.7974
Chronopotentiometry,0.02,1800,10,190.9,0.7974,0.7974
Chronopotentiometry,0.02,1800,10,191.0,0.7975,0.7975
Chronopotentiometry,0.02,1800,10,191.1,0.7974,0.7974
Chronopotentiometry,0.02,1800,10,191.2,0.7973,0.7973
Chronopotentiometry,0.02,1800,10,191.3,0.7974,0.7974
Chronopotentiometry,0.02,1800,10,191.4,0.7974,0.7974
Chronopotentiometry,0.02,1800,10,191.5,0.7974,0.7974
Chronopotentiometry,0.02,1800,10,191.6,0.7974,0.7974
Chronopotentiometry,0.02,1800,10,191.7,0.7975,0.7975
Chronopotentiometry,0.02,1800,10,191.8,0.7975,0.7975
Chronopotentiometry,0.02,1800,10,191.9,0.7974,0.7974
Chronopotentiometry,0.02,1800,10,192.0,0.7975,0.7975
Chronopotentiometry,0.02,1800,10,192.1,0.7975,0.7975
Chronopotentiometry,0.02,1800,10,192.2,0.7976,0.7976
Chronopotentiometry,0.02,1800,10,192.3,0.7976,0.7976
Chronopotentiometry,0.02,1800,10,192.4,0.7975,0.7975
Chronopotentiometry,0.02,1800,10,192.5,0.7975,0.7975
Chronopotentiometry,0.02,1800,10,192.6,0.7975,0.7975
Chronopotentiometry,0.02,1800,10,192.7,0.7975,0.7975
Chronopotentiometry,0.02,1800,10,192.8,0.7976,0.7976
Chronopotentiometry,0.02,1800,10,192.9,0.7976,0.7976
Chronopotentiometry,0.02,1800,10,193.0,0.7976,0.7976
Chronopotentiometry,0.02,1800,10,193.1,0.7976,0.7976
Chronopotentiometry,0.02,1800,10,193.2,0.7976,0.7976
Chronopotentiometry,0.02,1800,10,193.3,0.7977,0.7977
Chronopotentiometry,0.02,1800,10,193.4,0.7976,0.7976
Chronopotentiometry,0.02,1800,10,193.5,0.7976,0.7976
Chronopotentiometry,0.02,1800,10,193.6,0.7976,0.7976
Chronopotentiometry,0.02,1800,10,193.7,0.7976,0.7976
Chronopotentiometry,0.02,1800,10,193.8,0.7976,0.7976
Chronopotentiometry,0.02,1800,10,193.9,0.7976,0.7976
Chronopotentiometry,0.02,1800,10,194.0,0.7976,0.7976
Chronopotentiometry,0.02,1800,10,194.1,0.7976,0.7976
Chronopotentiometry,0.02,1800,10,194.2,0.7976,0.7976
Chronopotentiometry,0.02,1800,10,194.3,0.7977,0.7977
Chronopotentiometry,0.02,1800,10,194.4,0.7977,0.7977
Chronopotentiometry,0.02,1800,10,194.5,0.7977,0.7977
Chronopotentiometry,0.02,1800,10,194.6,0.7976,0.7976
Chronopotentiometry,0.02,1800,10,194.7,0.7976,0.7976
Chronopotentiometry,0.02,1800,10,194.8,0.7977,0.7977
Chronopotentiometry,0.02,1800,10,194.9,0.7977,0.7977
Chronopotentiometry,0.02,1800,10,195.0,0.7977,0.7977
Chronopotentiometry,0.02,1800,10,195.1,0.7977,0.7977
Chronopotentiometry,0.02,1800,10,195.2,0.7977,0.7977
Chronopotentiometry,0.02,1800,10,195.3,0.7977,0.7977
Chronopotentiometry,0.02,1800,10,195.4,0.7977,0.7977
Chronopotentiometry,0.02,1800,10,195.5,0.7978,0.7978
Chronopotentiometry,0.02,1800,10,195.6,0.7977,0.7977
Chronopotentiometry,0.02,1800,10,195.7,0.7977,0.7977
Chronopotentiometry,0.02,1800,10,195.8,0.7977,0.7977
Chronopotentiometry,0.02,1800,10,195.9,0.7978,0.7978
Chronopotentiometry,0.02,1800,10,196.0,0.7978,0.7978
Chronopotentiometry,0.02,1800,10,196.1,0.7978,0.7978
Chronopotentiometry,0.02,1800,10,196.2,0.7978,0.7978
Chronopotentiometry,0.02,1800,10,196.3,0.7978,0.7978
Chronopotentiometry,0.02,1800,10,196.4,0.7977,0.7977
Chronopotentiometry,0.02,1800,10,196.5,0.7977,0.7977
Chronopotentiometry,0.02,1800,10,196.6,0.7978,0.7978
Chronopotentiometry,0.02,1800,10,196.7,0.7978,0.7978
Chronopotentiometry,0.02,1800,10,196.8,0.7978,0.7978
Chronopotentiometry,0.02,1800,10,196.9,0.7978,0.7978
Chronopotentiometry,0.02,1800,10,197.0,0.7978,0.7978
Chronopotentiometry,0.02,1800,10,197.1,0.7979,0.7979
Chronopotentiometry,0.02,1800,10,197.2,0.7979,0.7979
Chronopotentiometry,0.02,1800,10,197.3,0.7979,0.7979
Chronopotentiometry,0.02,1800,10,197.4,0.7978,0.7978
Chronopotentiometry,0.02,1800,10,197.5,0.7978,0.7978
Chronopotentiometry,0.02,1800,10,197.6,0.7979,0.7979
Chronopotentiometry,0.02,1800,10,197.7,0.7979,0.7979
Chronopotentiometry,0.02,1800,10,197.8,0.7979,0.7979
Chronopotentiometry,0.02,1800,10,197.9,0.798,0.798
Chronopotentiometry,0.02,1800,10,198.0,0.798,0.798
Chronopotentiometry,0.02,1800,10,198.1,0.7979,0.7979
Chronopotentiometry,0.02,1800,10,198.2,0.7979,0.7979
Chronopotentiometry,0.02,1800,10,198.3,0.7979,0.7979
Chronopotentiometry,0.02,1800,10,198.4,0.798,0.798
Chronopotentiometry,0.02,1800,10,198.5,0.798,0.798
Chronopotentiometry,0.02,1800,10,198.6,0.798,0.798
Chronopotentiometry,0.02,1800,10,198.7,0.798,0.798
Chronopotentiometry,0.02,1800,10,198.8,0.798,0.798
Chronopotentiometry,0.02,1800,10,198.9,0.798,0.798
Chronopotentiometry,0.02,1800,10,199.0,0.798,0.798
Chronopotentiometry,0.02,1800,10,199.1,0.798,0.798
Chronopotentiometry,0.02,1800,10,199.2,0.7981,0.7981
Chronopotentiometry,0.02,1800,10,199.3,0.7981,0.7981
Chronopotentiometry,0.02,1800,10,199.4,0.798,0.798
Chronopotentiometry,0.02,1800,10,199.5,0.798,0.798
Chronopotentiometry,0.02,1800,10,199.6,0.798,0.798
Chronopotentiometry,0.02,1800,10,199.7,0.798,0.798
Chronopotentiometry,0.02,1800,10,199.8,0.798,0.798
Chronopotentiometry,0.02,1800,10,199.9,0.798,0.798
Chronopotentiometry,0.02,1800,10,200.0,0.798,0.798
Chronopotentiometry,0.02,1800,10,200.1,0.798,0.798
Chronopotentiometry,0.02,1800,10,200.2,0.798,0.798
Chronopotentiometry,0.02,1800,10,200.3,0.798,0.798
Chronopotentiometry,0.02,1800,10,200.4,0.7981,0.7981
Chronopotentiometry,0.02,1800,10,200.5,0.7981,0.7981
Chronopotentiometry,0.02,1800,10,200.6,0.7981,0.7981
Chronopotentiometry,0.02,1800,10,200.7,0.798,0.798
Chronopotentiometry,0.02,1800,10,200.8,0.798,0.798
Chronopotentiometry,0.02,1800,10,200.9,0.7981,0.7981
Chronopotentiometry,0.02,1800,10,201.0,0.7981,0.7981
Chronopotentiometry,0.02,1800,10,201.1,0.7981,0.7981
Chronopotentiometry,0.02,1800,10,201.2,0.7981,0.7981
Chronopotentiometry,0.02,1800,10,201.3,0.7982,0.7982
Chronopotentiometry,0.02,1800,10,201.4,0.7981,0.7981
Chronopotentiometry,0.02,1800,10,201.5,0.7981,0.7981
Chronopotentiometry,0.02,1800,10,201.6,0.7981,0.7981
Chronopotentiometry,0.02,1800,10,201.7,0.7982,0.7982
Chronopotentiometry,0.02,1800,10,201.8,0.7982,0.7982
Chronopotentiometry,0.02,1800,10,201.9,0.7982,0.7982
Chronopotentiometry,0.02,1800,10,202.0,0.7981,0.7981
Chronopotentiometry,0.02,1800,10,202.1,0.7981,0.7981
Chronopotentiometry,0.02,1800,10,202.2,0.7982,0.7982
Chronopotentiometry,0.02,1800,10,202.3,0.7982,0.7982
Chronopotentiometry,0.02,1800,10,202.4,0.7982,0.7982
Chronopotentiometry,0.02,1800,10,202.5,0.7982,0.7982
Chronopotentiometry,0.02,1800,10,202.6,0.7982,0.7982
Chronopotentiometry,0.02,1800,10,202.7,0.7982,0.7982
Chronopotentiometry,0.02,1800,10,202.8,0.7982,0.7982
Chronopotentiometry,0.02,1800,10,202.9,0.7982,0.7982
Chronopotentiometry,0.02,1800,10,203.0,0.7982,0.7982
Chronopotentiometry,0.02,1800,10,203.1,0.7983,0.7983
Chronopotentiometry,0.02,1800,10,203.2,0.7983,0.7983
Chronopotentiometry,0.02,1800,10,203.3,0.7982,0.7982
Chronopotentiometry,0.02,1800,10,203.4,0.7983,0.7983
Chronopotentiometry,0.02,1800,10,203.5,0.7983,0.7983
Chronopotentiometry,0.02,1800,10,203.6,0.7983,0.7983
Chronopotentiometry,0.02,1800,10,203.7,0.7983,0.7983
Chronopotentiometry,0.02,1800,10,203.8,0.7983,0.7983
Chronopotentiometry,0.02,1800,10,203.9,0.7983,0.7983
Chronopotentiometry,0.02,1800,10,204.0,0.7983,0.7983
Chronopotentiometry,0.02,1800,10,204.1,0.7983,0.7983
Chronopotentiometry,0.02,1800,10,204.2,0.7983,0.7983
Chronopotentiometry,0.02,1800,10,204.3,0.7983,0.7983
Chronopotentiometry,0.02,1800,10,204.4,0.7984,0.7984
Chronopotentiometry,0.02,1800,10,204.5,0.7983,0.7983
Chronopotentiometry,0.02,1800,10,204.6,0.7983,0.7983
Chronopotentiometry,0.02,1800,10,204.7,0.7983,0.7983
Chronopotentiometry,0.02,1800,10,204.8,0.7984,0.7984
Chronopotentiometry,0.02,1800,10,204.9,0.7984,0.7984
Chronopotentiometry,0.02,1800,10,205.0,0.7983,0.7983
Chronopotentiometry,0.02,1800,10,205.1,0.7984,0.7984
Chronopotentiometry,0.02,1800,10,205.2,0.7985,0.7985
Chronopotentiometry,0.02,1800,10,205.3,0.7984,0.7984
Chronopotentiometry,0.02,1800,10,205.4,0.7985,0.7985
Chronopotentiometry,0.02,1800,10,205.5,0.7985,0.7985
Chronopotentiometry,0.02,1800,10,205.6,0.7985,0.7985
Chronopotentiometry,0.02,1800,10,205.7,0.7986,0.7986
Chronopotentiometry,0.02,1800,10,205.8,0.7986,0.7986
Chronopotentiometry,0.02,1800,10,205.9,0.7985,0.7985
Chronopotentiometry,0.02,1800,10,206.0,0.7985,0.7985
Chronopotentiometry,0.02,1800,10,206.1,0.7985,0.7985
Chronopotentiometry,0.02,1800,10,206.2,0.7985,0.7985
Chronopotentiometry,0.02,1800,10,206.3,0.7985,0.7985
Chronopotentiometry,0.02,1800,10,206.4,0.7986,0.7986
Chronopotentiometry,0.02,1800,10,206.5,0.7985,0.7985
Chronopotentiometry,0.02,1800,10,206.6,0.7986,0.7986
Chronopotentiometry,0.02,1800,10,206.7,0.7985,0.7985
Chronopotentiometry,0.02,1800,10,206.8,0.7985,0.7985
Chronopotentiometry,0.02,1800,10,206.9,0.7985,0.7985
Chronopotentiometry,0.02,1800,10,207.0,0.7984,0.7984
Chronopotentiometry,0.02,1800,10,207.1,0.7985,0.7985
Chronopotentiometry,0.02,1800,10,207.2,0.7985,0.7985
Chronopotentiometry,0.02,1800,10,207.3,0.7985,0.7985
Chronopotentiometry,0.02,1800,10,207.4,0.7986,0.7986
Chronopotentiometry,0.02,1800,10,207.5,0.7985,0.7985
Chronopotentiometry,0.02,1800,10,207.6,0.7986,0.7986
Chronopotentiometry,0.02,1800,10,207.7,0.7986,0.7986
Chronopotentiometry,0.02,1800,10,207.8,0.7985,0.7985
Chronopotentiometry,0.02,1800,10,207.9,0.7986,0.7986
Chronopotentiometry,0.02,1800,10,208.0,0.7986,0.7986
Chronopotentiometry,0.02,1800,10,208.1,0.7986,0.7986
Chronopotentiometry,0.02,1800,10,208.2,0.7986,0.7986
Chronopotentiometry,0.02,1800,10,208.3,0.7986,0.7986
Chronopotentiometry,0.02,1800,10,208.4,0.7986,0.7986
Chronopotentiometry,0.02,1800,10,208.5,0.7987,0.7987
Chronopotentiometry,0.02,1800,10,208.6,0.7986,0.7986
Chronopotentiometry,0.02,1800,10,208.7,0.7986,0.7986
Chronopotentiometry,0.02,1800,10,208.8,0.7986,0.7986
Chronopotentiometry,0.02,1800,10,208.9,0.7987,0.7987
Chronopotentiometry,0.02,1800,10,209.0,0.7986,0.7986
Chronopotentiometry,0.02,1800,10,209.1,0.7987,0.7987
Chronopotentiometry,0.02,1800,10,209.2,0.7987,0.7987
Chronopotentiometry,0.02,1800,10,209.3,0.7987,0.7987
Chronopotentiometry,0.02,1800,10,209.4,0.7988,0.7988
Chronopotentiometry,0.02,1800,10,209.5,0.7987,0.7987
Chronopotentiometry,0.02,1800,10,209.6,0.7987,0.7987
Chronopotentiometry,0.02,1800,10,209.7,0.7987,0.7987
Chronopotentiometry,0.02,1800,10,209.8,0.7987,0.7987
Chronopotentiometry,0.02,1800,10,209.9,0.7987,0.7987
Chronopotentiometry,0.02,1800,10,210.0,0.7988,0.7988
Chronopotentiometry,0.02,1800,10,210.1,0.7988,0.7988
Chronopotentiometry,0.02,1800,10,210.2,0.7988,0.7988
Chronopotentiometry,0.02,1800,10,210.3,0.7988,0.7988
Chronopotentiometry,0.02,1800,10,210.4,0.7988,0.7988
Chronopotentiometry,0.02,1800,10,210.5,0.7988,0.7988
Chronopotentiometry,0.02,1800,10,210.6,0.7988,0.7988
Chronopotentiometry,0.02,1800,10,210.7,0.7988,0.7988
Chronopotentiometry,0.02,1800,10,210.8,0.7988,0.7988
Chronopotentiometry,0.02,1800,10,210.9,0.7989,0.7989
Chronopotentiometry,0.02,1800,10,211.0,0.7988,0.7988
Chronopotentiometry,0.02,1800,10,211.1,0.7989,0.7989
Chronopotentiometry,0.02,1800,10,211.2,0.7988,0.7988
Chronopotentiometry,0.02,1800,10,211.3,0.7988,0.7988
Chronopotentiometry,0.02,1800,10,211.4,0.7988,0.7988
Chronopotentiometry,0.02,1800,10,211.5,0.7987,0.7987
Chronopotentiometry,0.02,1800,10,211.6,0.7988,0.7988
Chronopotentiometry,0.02,1800,10,211.7,0.7988,0.7988
Chronopotentiometry,0.02,1800,10,211.8,0.7988,0.7988
Chronopotentiometry,0.02,1800,10,211.9,0.7989,0.7989
Chronopotentiometry,0.02,1800,10,212.0,0.7989,0.7989
Chronopotentiometry,0.02,1800,10,212.1,0.7988,0.7988
Chronopotentiometry,0.02,1800,10,212.2,0.7988,0.7988
Chronopotentiometry,0.02,1800,10,212.3,0.7988,0.7988
Chronopotentiometry,0.02,1800,10,212.4,0.7989,0.7989
Chronopotentiometry,0.02,1800,10,212.5,0.7989,0.7989
Chronopotentiometry,0.02,1800,10,212.6,0.7989,0.7989
Chronopotentiometry,0.02,1800,10,212.7,0.7988,0.7988
Chronopotentiometry,0.02,1800,10,212.8,0.7988,0.7988
Chronopotentiometry,0.02,1800,10,212.9,0.7989,0.7989
Chronopotentiometry,0.02,1800,10,213.0,0.799,0.799
Chronopotentiometry,0.02,1800,10,213.1,0.799,0.799
Chronopotentiometry,0.02,1800,10,213.2,0.7989,0.7989
Chronopotentiometry,0.02,1800,10,213.3,0.799,0.799
Chronopotentiometry,0.02,1800,10,213.4,0.799,0.799
Chronopotentiometry,0.02,1800,10,213.5,0.799,0.799
Chronopotentiometry,0.02,1800,10,213.6,0.799,0.799
Chronopotentiometry,0.02,1800,10,213.7,0.799,0.799
Chronopotentiometry,0.02,1800,10,213.8,0.799,0.799
Chronopotentiometry,0.02,1800,10,213.9,0.799,0.799
Chronopotentiometry,0.02,1800,10,214.0,0.799,0.799
Chronopotentiometry,0.02,1800,10,214.1,0.7989,0.7989
Chronopotentiometry,0.02,1800,10,214.2,0.7989,0.7989
Chronopotentiometry,0.02,1800,10,214.3,0.7989,0.7989
Chronopotentiometry,0.02,1800,10,214.4,0.799,0.799
Chronopotentiometry,0.02,1800,10,214.5,0.799,0.799
Chronopotentiometry,0.02,1800,10,214.6,0.7989,0.7989
Chronopotentiometry,0.02,1800,10,214.7,0.7989,0.7989
Chronopotentiometry,0.02,1800,10,214.8,0.799,0.799
Chronopotentiometry,0.02,1800,10,214.9,0.7989,0.7989
Chronopotentiometry,0.02,1800,10,215.0,0.7989,0.7989
Chronopotentiometry,0.02,1800,10,215.1,0.799,0.799
Chronopotentiometry,0.02,1800,10,215.2,0.799,0.799
Chronopotentiometry,0.02,1800,10,215.3,0.799,0.799
Chronopotentiometry,0.02,1800,10,215.4,0.799,0.799
Chronopotentiometry,0.02,1800,10,215.5,0.7991,0.7991
Chronopotentiometry,0.02,1800,10,215.6,0.7991,0.7991
Chronopotentiometry,0.02,1800,10,215.7,0.7991,0.7991
Chronopotentiometry,0.02,1800,10,215.8,0.7991,0.7991
Chronopotentiometry,0.02,1800,10,215.9,0.7991,0.7991
Chronopotentiometry,0.02,1800,10,216.0,0.7991,0.7991
Chronopotentiometry,0.02,1800,10,216.1,0.799,0.799
Chronopotentiometry,0.02,1800,10,216.2,0.7991,0.7991
Chronopotentiometry,0.02,1800,10,216.3,0.7991,0.7991
Chronopotentiometry,0.02,1800,10,216.4,0.7991,0.7991
Chronopotentiometry,0.02,1800,10,216.5,0.7991,0.7991
Chronopotentiometry,0.02,1800,10,216.6,0.7991,0.7991
Chronopotentiometry,0.02,1800,10,216.7,0.7991,0.7991
Chronopotentiometry,0.02,1800,10,216.8,0.7991,0.7991
Chronopotentiometry,0.02,1800,10,216.9,0.7991,0.7991
Chronopotentiometry,0.02,1800,10,217.0,0.7991,0.7991
Chronopotentiometry,0.02,1800,10,217.1,0.7991,0.7991
Chronopotentiometry,0.02,1800,10,217.2,0.7991,0.7991
Chronopotentiometry,0.02,1800,10,217.3,0.7991,0.7991
Chronopotentiometry,0.02,1800,10,217.4,0.7991,0.7991
Chronopotentiometry,0.02,1800,10,217.5,0.7992,0.7992
Chronopotentiometry,0.02,1800,10,217.6,0.7991,0.7991
Chronopotentiometry,0.02,1800,10,217.7,0.7991,0.7991
Chronopotentiometry,0.02,1800,10,217.8,0.7992,0.7992
Chronopotentiometry,0.02,1800,10,217.9,0.7993,0.7993
Chronopotentiometry,0.02,1800,10,218.0,0.7992,0.7992
Chronopotentiometry,0.02,1800,10,218.1,0.7992,0.7992
Chronopotentiometry,0.02,1800,10,218.2,0.7993,0.7993
Chronopotentiometry,0.02,1800,10,218.3,0.7993,0.7993
Chronopotentiometry,0.02,1800,10,218.4,0.7993,0.7993
Chronopotentiometry,0.02,1800,10,218.5,0.7993,0.7993
Chronopotentiometry,0.02,1800,10,218.6,0.7993,0.7993
Chronopotentiometry,0.02,1800,10,218.7,0.7993,0.7993
Chronopotentiometry,0.02,1800,10,218.8,0.7993,0.7993
Chronopotentiometry,0.02,1800,10,218.9,0.7993,0.7993
Chronopotentiometry,0.02,1800,10,219.0,0.7993,0.7993
Chronopotentiometry,0.02,1800,10,219.1,0.7994,0.7994
Chronopotentiometry,0.02,1800,10,219.2,0.7993,0.7993
Chronopotentiometry,0.02,1800,10,219.3,0.7993,0.7993
Chronopotentiometry,0.02,1800,10,219.4,0.7993,0.7993
Chronopotentiometry,0.02,1800,10,219.5,0.7993,0.7993
Chronopotentiometry,0.02,1800,10,219.6,0.7994,0.7994
Chronopotentiometry,0.02,1800,10,219.7,0.7993,0.7993
Chronopotentiometry,0.02,1800,10,219.8,0.7994,0.7994
Chronopotentiometry,0.02,1800,10,219.9,0.7995,0.7995
Chronopotentiometry,0.02,1800,10,220.0,0.7994,0.7994
Chronopotentiometry,0.02,1800,10,220.1,0.7994,0.7994
Chronopotentiometry,0.02,1800,10,220.2,0.7994,0.7994
Chronopotentiometry,0.02,1800,10,220.3,0.7993,0.7993
Chronopotentiometry,0.02,1800,10,220.4,0.7994,0.7994
Chronopotentiometry,0.02,1800,10,220.5,0.7994,0.7994
Chronopotentiometry,0.02,1800,10,220.6,0.7995,0.7995
Chronopotentiometry,0.02,1800,10,220.7,0.7995,0.7995
Chronopotentiometry,0.02,1800,10,220.8,0.7994,0.7994
Chronopotentiometry,0.02,1800,10,220.9,0.7995,0.7995
Chronopotentiometry,0.02,1800,10,221.0,0.7994,0.7994
Chronopotentiometry,0.02,1800,10,221.1,0.7994,0.7994
Chronopotentiometry,0.02,1800,10,221.2,0.7995,0.7995
Chronopotentiometry,0.02,1800,10,221.3,0.7995,0.7995
Chronopotentiometry,0.02,1800,10,221.4,0.7995,0.7995
Chronopotentiometry,0.02,1800,10,221.5,0.7994,0.7994
Chronopotentiometry,0.02,1800,10,221.6,0.7994,0.7994
Chronopotentiometry,0.02,1800,10,221.7,0.7995,0.7995
Chronopotentiometry,0.02,1800,10,221.8,0.7995,0.7995
Chronopotentiometry,0.02,1800,10,221.9,0.7995,0.7995
Chronopotentiometry,0.02,1800,10,222.0,0.7995,0.7995
Chronopotentiometry,0.02,1800,10,222.1,0.7995,0.7995
Chronopotentiometry,0.02,1800,10,222.2,0.7995,0.7995
Chronopotentiometry,0.02,1800,10,222.3,0.7995,0.7995
Chronopotentiometry,0.02,1800,10,222.4,0.7995,0.7995
Chronopotentiometry,0.02,1800,10,222.5,0.7995,0.7995
Chronopotentiometry,0.02,1800,10,222.6,0.7995,0.7995
Chronopotentiometry,0.02,1800,10,222.7,0.7995,0.7995
Chronopotentiometry,0.02,1800,10,222.8,0.7995,0.7995
Chronopotentiometry,0.02,1800,10,222.9,0.7995,0.7995
Chronopotentiometry,0.02,1800,10,223.0,0.7995,0.7995
Chronopotentiometry,0.02,1800,10,223.1,0.7996,0.7996
Chronopotentiometry,0.02,1800,10,223.2,0.7996,0.7996
Chronopotentiometry,0.02,1800,10,223.3,0.7996,0.7996
Chronopotentiometry,0.02,1800,10,223.4,0.7996,0.7996
Chronopotentiometry,0.02,1800,10,223.5,0.7996,0.7996
Chronopotentiometry,0.02,1800,10,223.6,0.7996,0.7996
Chronopotentiometry,0.02,1800,10,223.7,0.7997,0.7997
Chronopotentiometry,0.02,1800,10,223.8,0.7998,0.7998
Chronopotentiometry,0.02,1800,10,223.9,0.7997,0.7997
Chronopotentiometry,0.02,1800,10,224.0,0.7997,0.7997
Chronopotentiometry,0.02,1800,10,224.1,0.7997,0.7997
Chronopotentiometry,0.02,1800,10,224.2,0.7997,0.7997
Chronopotentiometry,0.02,1800,10,224.3,0.7998,0.7998
Chronopotentiometry,0.02,1800,10,224.4,0.7997,0.7997
Chronopotentiometry,0.02,1800,10,224.5,0.7997,0.7997
Chronopotentiometry,0.02,1800,10,224.6,0.7997,0.7997
Chronopotentiometry,0.02,1800,10,224.7,0.7997,0.7997
Chronopotentiometry,0.02,1800,10,224.8,0.7997,0.7997
Chronopotentiometry,0.02,1800,10,224.9,0.7996,0.7996
Chronopotentiometry,0.02,1800,10,225.0,0.7997,0.7997
Chronopotentiometry,0.02,1800,10,225.1,0.7997,0.7997
Chronopotentiometry,0.02,1800,10,225.2,0.7997,0.7997
Chronopotentiometry,0.02,1800,10,225.3,0.7997,0.7997
Chronopotentiometry,0.02,1800,10,225.4,0.7997,0.7997
Chronopotentiometry,0.02,1800,10,225.5,0.7997,0.7997
Chronopotentiometry,0.02,1800,10,225.6,0.7998,0.7998
Chronopotentiometry,0.02,1800,10,225.7,0.7998,0.7998
Chronopotentiometry,0.02,1800,10,225.8,0.7998,0.7998
Chronopotentiometry,0.02,1800,10,225.9,0.7998,0.7998
Chronopotentiometry,0.02,1800,10,226.0,0.7998,0.7998
Chronopotentiometry,0.02,1800,10,226.1,0.7998,0.7998
Chronopotentiometry,0.02,1800,10,226.2,0.7999,0.7999
Chronopotentiometry,0.02,1800,10,226.3,0.7998,0.7998
Chronopotentiometry,0.02,1800,10,226.4,0.7999,0.7999
Chronopotentiometry,0.02,1800,10,226.5,0.7999,0.7999
Chronopotentiometry,0.02,1800,10,226.6,0.7999,0.7999
Chronopotentiometry,0.02,1800,10,226.7,0.7999,0.7999
Chronopotentiometry,0.02,1800,10,226.8,0.7999,0.7999
Chronopotentiometry,0.02,1800,10,226.9,0.8,0.8
Chronopotentiometry,0.02,1800,10,227.0,0.8,0.8
Chronopotentiometry,0.02,1800,10,227.1,0.8,0.8
Chronopotentiometry,0.02,1800,10,227.2,0.8,0.8
Chronopotentiometry,0.02,1800,10,227.3,0.8,0.8
Chronopotentiometry,0.02,1800,10,227.4,0.8,0.8
Chronopotentiometry,0.02,1800,10,227.5,0.8,0.8
Chronopotentiometry,0.02,1800,10,227.6,0.7999,0.7999
Chronopotentiometry,0.02,1800,10,227.7,0.7999,0.7999
Chronopotentiometry,0.02,1800,10,227.8,0.8,0.8
Chronopotentiometry,0.02,1800,10,227.9,0.8,0.8
Chronopotentiometry,0.02,1800,10,228.0,0.8,0.8
Chronopotentiometry,0.02,1800,10,228.1,0.8,0.8
Chronopotentiometry,0.02,1800,10,228.2,0.8,0.8
Chronopotentiometry,0.02,1800,10,228.3,0.8,0.8
Chronopotentiometry,0.02,1800,10,228.4,0.8,0.8
Chronopotentiometry,0.02,1800,10,228.5,0.8,0.8
Chronopotentiometry,0.02,1800,10,228.6,0.7999,0.7999
Chronopotentiometry,0.02,1800,10,228.7,0.8,0.8
Chronopotentiometry,0.02,1800,10,228.8,0.8,0.8
Chronopotentiometry,0.02,1800,10,228.9,0.8,0.8
Chronopotentiometry,0.02,1800,10,229.0,0.8,0.8
Chronopotentiometry,0.02,1800,10,229.1,0.8,0.8
Chronopotentiometry,0.02,1800,10,229.2,0.8001,0.8001
Chronopotentiometry,0.02,1800,10,229.3,0.8001,0.8001
Chronopotentiometry,0.02,1800,10,229.4,0.8,0.8
Chronopotentiometry,0.02,1800,10,229.5,0.8,0.8
Chronopotentiometry,0.02,1800,10,229.6,0.8001,0.8001
Chronopotentiometry,0.02,1800,10,229.7,0.8002,0.8002
Chronopotentiometry,0.02,1800,10,229.8,0.8001,0.8001
Chronopotentiometry,0.02,1800,10,229.9,0.8001,0.8001
Chronopotentiometry,0.02,1800,10,230.0,0.8001,0.8001
Chronopotentiometry,0.02,1800,10,230.1,0.8001,0.8001
Chronopotentiometry,0.02,1800,10,230.2,0.8001,0.8001
Chronopotentiometry,0.02,1800,10,230.3,0.8001,0.8001
Chronopotentiometry,0.02,1800,10,230.4,0.8001,0.8001
Chronopotentiometry,0.02,1800,10,230.5,0.8001,0.8001
Chronopotentiometry,0.02,1800,10,230.6,0.8001,0.8001
Chronopotentiometry,0.02,1800,10,230.7,0.8001,0.8001
Chronopotentiometry,0.02,1800,10,230.8,0.8001,0.8001
Chronopotentiometry,0.02,1800,10,230.9,0.8001,0.8001
Chronopotentiometry,0.02,1800,10,231.0,0.8002,0.8002
Chronopotentiometry,0.02,1800,10,231.1,0.8001,0.8001
Chronopotentiometry,0.02,1800,10,231.2,0.8002,0.8002
Chronopotentiometry,0.02,1800,10,231.3,0.8001,0.8001
Chronopotentiometry,0.02,1800,10,231.4,0.8001,0.8001
Chronopotentiometry,0.02,1800,10,231.5,0.8002,0.8002
Chronopotentiometry,0.02,1800,10,231.6,0.8002,0.8002
Chronopotentiometry,0.02,1800,10,231.7,0.8001,0.8001
Chronopotentiometry,0.02,1800,10,231.8,0.8001,0.8001
Chronopotentiometry,0.02,1800,10,231.9,0.8001,0.8001
Chronopotentiometry,0.02,1800,10,232.0,0.8001,0.8001
Chronopotentiometry,0.02,1800,10,232.1,0.8001,0.8001
Chronopotentiometry,0.02,1800,10,232.2,0.8002,0.8002
Chronopotentiometry,0.02,1800,10,232.3,0.8002,0.8002
Chronopotentiometry,0.02,1800,10,232.4,0.8002,0.8002
Chronopotentiometry,0.02,1800,10,232.5,0.8002,0.8002
Chronopotentiometry,0.02,1800,10,232.6,0.8001,0.8001
Chronopotentiometry,0.02,1800,10,232.7,0.8002,0.8002
Chronopotentiometry,0.02,1800,10,232.8,0.8002,0.8002
Chronopotentiometry,0.02,1800,10,232.9,0.8002,0.8002
Chronopotentiometry,0.02,1800,10,233.0,0.8002,0.8002
Chronopotentiometry,0.02,1800,10,233.1,0.8003,0.8003
Chronopotentiometry,0.02,1800,10,233.2,0.8003,0.8003
Chronopotentiometry,0.02,1800,10,233.3,0.8002,0.8002
Chronopotentiometry,0.02,1800,10,233.4,0.8002,0.8002
Chronopotentiometry,0.02,1800,10,233.5,0.8002,0.8002
Chronopotentiometry,0.02,1800,10,233.6,0.8002,0.8002
Chronopotentiometry,0.02,1800,10,233.7,0.8002,0.8002
Chronopotentiometry,0.02,1800,10,233.8,0.8002,0.8002
Chronopotentiometry,0.02,1800,10,233.9,0.8002,0.8002
Chronopotentiometry,0.02,1800,10,234.0,0.8003,0.8003
Chronopotentiometry,0.02,1800,10,234.1,0.8004,0.8004
Chronopotentiometry,0.02,1800,10,234.2,0.8003,0.8003
Chronopotentiometry,0.02,1800,10,234.3,0.8003,0.8003
Chronopotentiometry,0.02,1800,10,234.4,0.8003,0.8003
Chronopotentiometry,0.02,1800,10,234.5,0.8003,0.8003
Chronopotentiometry,0.02,1800,10,234.6,0.8003,0.8003
Chronopotentiometry,0.02,1800,10,234.7,0.8003,0.8003
Chronopotentiometry,0.02,1800,10,234.8,0.8003,0.8003
Chronopotentiometry,0.02,1800,10,234.9,0.8004,0.8004
Chronopotentiometry,0.02,1800,10,235.0,0.8004,0.8004
Chronopotentiometry,0.02,1800,10,235.1,0.8004,0.8004
Chronopotentiometry,0.02,1800,10,235.2,0.8004,0.8004
Chronopotentiometry,0.02,1800,10,235.3,0.8004,0.8004
Chronopotentiometry,0.02,1800,10,235.4,0.8004,0.8004
Chronopotentiometry,0.02,1800,10,235.5,0.8004,0.8004
Chronopotentiometry,0.02,1800,10,235.6,0.8004,0.8004
Chronopotentiometry,0.02,1800,10,235.7,0.8005,0.8005
Chronopotentiometry,0.02,1800,10,235.8,0.8005,0.8005
Chronopotentiometry,0.02,1800,10,235.9,0.8004,0.8004
Chronopotentiometry,0.02,1800,10,236.0,0.8004,0.8004
Chronopotentiometry,0.02,1800,10,236.1,0.8005,0.8005
Chronopotentiometry,0.02,1800,10,236.2,0.8005,0.8005
Chronopotentiometry,0.02,1800,10,236.3,0.8005,0.8005
Chronopotentiometry,0.02,1800,10,236.4,0.8005,0.8005
Chronopotentiometry,0.02,1800,10,236.5,0.8004,0.8004
Chronopotentiometry,0.02,1800,10,236.6,0.8005,0.8005
Chronopotentiometry,0.02,1800,10,236.7,0.8005,0.8005
Chronopotentiometry,0.02,1800,10,236.8,0.8004,0.8004
Chronopotentiometry,0.02,1800,10,236.9,0.8005,0.8005
Chronopotentiometry,0.02,1800,10,237.0,0.8005,0.8005
Chronopotentiometry,0.02,1800,10,237.1,0.8005,0.8005
Chronopotentiometry,0.02,1800,10,237.2,0.8005,0.8005
Chronopotentiometry,0.02,1800,10,237.3,0.8005,0.8005
Chronopotentiometry,0.02,1800,10,237.4,0.8005,0.8005
Chronopotentiometry,0.02,1800,10,237.5,0.8005,0.8005
Chronopotentiometry,0.02,1800,10,237.6,0.8005,0.8005
Chronopotentiometry,0.02,1800,10,237.7,0.8005,0.8005
Chronopotentiometry,0.02,1800,10,237.8,0.8005,0.8005
Chronopotentiometry,0.02,1800,10,237.9,0.8006,0.8006
Chronopotentiometry,0.02,1800,10,238.0,0.8006,0.8006
Chronopotentiometry,0.02,1800,10,238.1,0.8006,0.8006
Chronopotentiometry,0.02,1800,10,238.2,0.8005,0.8005
Chronopotentiometry,0.02,1800,10,238.3,0.8005,0.8005
Chronopotentiometry,0.02,1800,10,238.4,0.8006,0.8006
Chronopotentiometry,0.02,1800,10,238.5,0.8007,0.8007
Chronopotentiometry,0.02,1800,10,238.6,0.8007,0.8007
Chronopotentiometry,0.02,1800,10,238.7,0.8007,0.8007
Chronopotentiometry,0.02,1800,10,238.8,0.8007,0.8007
Chronopotentiometry,0.02,1800,10,238.9,0.8007,0.8007
Chronopotentiometry,0.02,1800,10,239.0,0.8006,0.8006
Chronopotentiometry,0.02,1800,10,239.1,0.8007,0.8007
Chronopotentiometry,0.02,1800,10,239.2,0.8007,0.8007
Chronopotentiometry,0.02,1800,10,239.3,0.8007,0.8007
Chronopotentiometry,0.02,1800,10,239.4,0.8008,0.8008
Chronopotentiometry,0.02,1800,10,239.5,0.8007,0.8007
Chronopotentiometry,0.02,1800,10,239.6,0.8006,0.8006
Chronopotentiometry,0.02,1800,10,239.7,0.8007,0.8007
Chronopotentiometry,0.02,1800,10,239.8,0.8007,0.8007
Chronopotentiometry,0.02,1800,10,239.9,0.8007,0.8007
Chronopotentiometry,0.02,1800,10,240.0,0.8007,0.8007
Chronopotentiometry,0.02,1800,10,240.1,0.8007,0.8007
Chronopotentiometry,0.02,1800,10,240.2,0.8007,0.8007
Chronopotentiometry,0.02,1800,10,240.3,0.8007,0.8007
Chronopotentiometry,0.02,1800,10,240.4,0.8007,0.8007
Chronopotentiometry,0.02,1800,10,240.5,0.8007,0.8007
Chronopotentiometry,0.02,1800,10,240.6,0.8007,0.8007
Chronopotentiometry,0.02,1800,10,240.7,0.8008,0.8008
Chronopotentiometry,0.02,1800,10,240.8,0.8007,0.8007
Chronopotentiometry,0.02,1800,10,240.9,0.8008,0.8008
Chronopotentiometry,0.02,1800,10,241.0,0.8007,0.8007
Chronopotentiometry,0.02,1800,10,241.1,0.8007,0.8007
Chronopotentiometry,0.02,1800,10,241.2,0.8008,0.8008
Chronopotentiometry,0.02,1800,10,241.3,0.8008,0.8008
Chronopotentiometry,0.02,1800,10,241.4,0.8008,0.8008
Chronopotentiometry,0.02,1800,10,241.5,0.8008,0.8008
Chronopotentiometry,0.02,1800,10,241.6,0.8008,0.8008
Chronopotentiometry,0.02,1800,10,241.7,0.8008,0.8008
Chronopotentiometry,0.02,1800,10,241.8,0.8009,0.8009
Chronopotentiometry,0.02,1800,10,241.9,0.8009,0.8009
Chronopotentiometry,0.02,1800,10,242.0,0.8008,0.8008
Chronopotentiometry,0.02,1800,10,242.1,0.8008,0.8008
Chronopotentiometry,0.02,1800,10,242.2,0.8008,0.8008
Chronopotentiometry,0.02,1800,10,242.3,0.8009,0.8009
Chronopotentiometry,0.02,1800,10,242.4,0.8008,0.8008
Chronopotentiometry,0.02,1800,10,242.5,0.8008,0.8008
Chronopotentiometry,0.02,1800,10,242.6,0.8008,0.8008
Chronopotentiometry,0.02,1800,10,242.7,0.8008,0.8008
Chronopotentiometry,0.02,1800,10,242.8,0.8009,0.8009
Chronopotentiometry,0.02,1800,10,242.9,0.8009,0.8009
Chronopotentiometry,0.02,1800,10,243.0,0.8009,0.8009
Chronopotentiometry,0.02,1800,10,243.1,0.8008,0.8008
Chronopotentiometry,0.02,1800,10,243.2,0.8008,0.8008
Chronopotentiometry,0.02,1800,10,243.3,0.8009,0.8009
Chronopotentiometry,0.02,1800,10,243.4,0.8009,0.8009
Chronopotentiometry,0.02,1800,10,243.5,0.8008,0.8008
Chronopotentiometry,0.02,1800,10,243.6,0.8007,0.8007
Chronopotentiometry,0.02,1800,10,243.7,0.8008,0.8008
Chronopotentiometry,0.02,1800,10,243.8,0.8008,0.8008
Chronopotentiometry,0.02,1800,10,243.9,0.8009,0.8009
Chronopotentiometry,0.02,1800,10,244.0,0.8009,0.8009
Chronopotentiometry,0.02,1800,10,244.1,0.8009,0.8009
Chronopotentiometry,0.02,1800,10,244.2,0.8009,0.8009
Chronopotentiometry,0.02,1800,10,244.3,0.8009,0.8009
Chronopotentiometry,0.02,1800,10,244.4,0.8009,0.8009
Chronopotentiometry,0.02,1800,10,244.5,0.8009,0.8009
Chronopotentiometry,0.02,1800,10,244.6,0.801,0.801
Chronopotentiometry,0.02,1800,10,244.7,0.8009,0.8009
Chronopotentiometry,0.02,1800,10,244.8,0.8009,0.8009
Chronopotentiometry,0.02,1800,10,244.9,0.801,0.801
Chronopotentiometry,0.02,1800,10,245.0,0.801,0.801
Chronopotentiometry,0.02,1800,10,245.1,0.801,0.801
Chronopotentiometry,0.02,1800,10,245.2,0.8009,0.8009
Chronopotentiometry,0.02,1800,10,245.3,0.801,0.801
Chronopotentiometry,0.02,1800,10,245.4,0.801,0.801
Chronopotentiometry,0.02,1800,10,245.5,0.8011,0.8011
Chronopotentiometry,0.02,1800,10,245.6,0.801,0.801
Chronopotentiometry,0.02,1800,10,245.7,0.801,0.801
Chronopotentiometry,0.02,1800,10,245.8,0.8011,0.8011
Chronopotentiometry,0.02,1800,10,245.9,0.8011,0.8011
Chronopotentiometry,0.02,1800,10,246.0,0.8011,0.8011
Chronopotentiometry,0.02,1800,10,246.1,0.8011,0.8011
Chronopotentiometry,0.02,1800,10,246.2,0.8011,0.8011
Chronopotentiometry,0.02,1800,10,246.3,0.8011,0.8011
Chronopotentiometry,0.02,1800,10,246.4,0.8011,0.8011
Chronopotentiometry,0.02,1800,10,246.5,0.801,0.801
Chronopotentiometry,0.02,1800,10,246.6,0.801,0.801
Chronopotentiometry,0.02,1800,10,246.7,0.8011,0.8011
Chronopotentiometry,0.02,1800,10,246.8,0.8011,0.8011
Chronopotentiometry,0.02,1800,10,246.9,0.8011,0.8011
Chronopotentiometry,0.02,1800,10,247.0,0.801,0.801
Chronopotentiometry,0.02,1800,10,247.1,0.801,0.801
Chronopotentiometry,0.02,1800,10,247.2,0.801,0.801
Chronopotentiometry,0.02,1800,10,247.3,0.8011,0.8011
Chronopotentiometry,0.02,1800,10,247.4,0.801,0.801
Chronopotentiometry,0.02,1800,10,247.5,0.801,0.801
Chronopotentiometry,0.02,1800,10,247.6,0.801,0.801
Chronopotentiometry,0.02,1800,10,247.7,0.8011,0.8011
Chronopotentiometry,0.02,1800,10,247.8,0.8011,0.8011
Chronopotentiometry,0.02,1800,10,247.9,0.801,0.801
Chronopotentiometry,0.02,1800,10,248.0,0.8011,0.8011
Chronopotentiometry,0.02,1800,10,248.1,0.8012,0.8012
Chronopotentiometry,0.02,1800,10,248.2,0.8011,0.8011
Chronopotentiometry,0.02,1800,10,248.3,0.8012,0.8012
Chronopotentiometry,0.02,1800,10,248.4,0.8012,0.8012
Chronopotentiometry,0.02,1800,10,248.5,0.8012,0.8012
Chronopotentiometry,0.02,1800,10,248.6,0.8012,0.8012
Chronopotentiometry,0.02,1800,10,248.7,0.8012,0.8012
Chronopotentiometry,0.02,1800,10,248.8,0.8011,0.8011
Chronopotentiometry,0.02,1800,10,248.9,0.8012,0.8012
Chronopotentiometry,0.02,1800,10,249.0,0.8012,0.8012
Chronopotentiometry,0.02,1800,10,249.1,0.8012,0.8012
Chronopotentiometry,0.02,1800,10,249.2,0.8012,0.8012
Chronopotentiometry,0.02,1800,10,249.3,0.8012,0.8012
Chronopotentiometry,0.02,1800,10,249.4,0.8013,0.8013
Chronopotentiometry,0.02,1800,10,249.5,0.8012,0.8012
Chronopotentiometry,0.02,1800,10,249.6,0.8012,0.8012
Chronopotentiometry,0.02,1800,10,249.7,0.8012,0.8012
Chronopotentiometry,0.02,1800,10,249.8,0.8011,0.8011
Chronopotentiometry,0.02,1800,10,249.9,0.8012,0.8012
Chronopotentiometry,0.02,1800,10,250.0,0.8013,0.8013
Chronopotentiometry,0.02,1800,10,250.1,0.8013,0.8013
Chronopotentiometry,0.02,1800,10,250.2,0.8012,0.8012
Chronopotentiometry,0.02,1800,10,250.3,0.8012,0.8012
Chronopotentiometry,0.02,1800,10,250.4,0.8012,0.8012
Chronopotentiometry,0.02,1800,10,250.5,0.8013,0.8013
Chronopotentiometry,0.02,1800,10,250.6,0.8012,0.8012
Chronopotentiometry,0.02,1800,10,250.7,0.8013,0.8013
Chronopotentiometry,0.02,1800,10,250.8,0.8013,0.8013
Chronopotentiometry,0.02,1800,10,250.9,0.8012,0.8012
Chronopotentiometry,0.02,1800,10,251.0,0.8013,0.8013
Chronopotentiometry,0.02,1800,10,251.1,0.8013,0.8013
Chronopotentiometry,0.02,1800,10,251.2,0.8013,0.8013
Chronopotentiometry,0.02,1800,10,251.3,0.8013,0.8013
Chronopotentiometry,0.02,1800,10,251.4,0.8013,0.8013
Chronopotentiometry,0.02,1800,10,251.5,0.8013,0.8013
Chronopotentiometry,0.02,1800,10,251.6,0.8014,0.8014
Chronopotentiometry,0.02,1800,10,251.7,0.8014,0.8014
Chronopotentiometry,0.02,1800,10,251.8,0.8014,0.8014
Chronopotentiometry,0.02,1800,10,251.9,0.8013,0.8013
Chronopotentiometry,0.02,1800,10,252.0,0.8015,0.8015
Chronopotentiometry,0.02,1800,10,252.1,0.8015,0.8015
Chronopotentiometry,0.02,1800,10,252.2,0.8014,0.8014
Chronopotentiometry,0.02,1800,10,252.3,0.8014,0.8014
Chronopotentiometry,0.02,1800,10,252.4,0.8015,0.8015
Chronopotentiometry,0.02,1800,10,252.5,0.8015,0.8015
Chronopotentiometry,0.02,1800,10,252.6,0.8015,0.8015
Chronopotentiometry,0.02,1800,10,252.7,0.8015,0.8015
Chronopotentiometry,0.02,1800,10,252.8,0.8015,0.8015
Chronopotentiometry,0.02,1800,10,252.9,0.8015,0.8015
Chronopotentiometry,0.02,1800,10,253.0,0.8014,0.8014
Chronopotentiometry,0.02,1800,10,253.1,0.8015,0.8015
Chronopotentiometry,0.02,1800,10,253.2,0.8015,0.8015
Chronopotentiometry,0.02,1800,10,253.3,0.8015,0.8015
Chronopotentiometry,0.02,1800,10,253.4,0.8015,0.8015
Chronopotentiometry,0.02,1800,10,253.5,0.8015,0.8015
Chronopotentiometry,0.02,1800,10,253.6,0.8015,0.8015
Chronopotentiometry,0.02,1800,10,253.7,0.8015,0.8015
Chronopotentiometry,0.02,1800,10,253.8,0.8015,0.8015
Chronopotentiometry,0.02,1800,10,253.9,0.8015,0.8015
Chronopotentiometry,0.02,1800,10,254.0,0.8015,0.8015
Chronopotentiometry,0.02,1800,10,254.1,0.8015,0.8015
Chronopotentiometry,0.02,1800,10,254.2,0.8016,0.8016
Chronopotentiometry,0.02,1800,10,254.3,0.8016,0.8016
Chronopotentiometry,0.02,1800,10,254.4,0.8015,0.8015
Chronopotentiometry,0.02,1800,10,254.5,0.8015,0.8015
Chronopotentiometry,0.02,1800,10,254.6,0.8016,0.8016
Chronopotentiometry,0.02,1800,10,254.7,0.8016,0.8016
Chronopotentiometry,0.02,1800,10,254.8,0.8017,0.8017
Chronopotentiometry,0.02,1800,10,254.9,0.8016,0.8016
Chronopotentiometry,0.02,1800,10,255.0,0.8016,0.8016
Chronopotentiometry,0.02,1800,10,255.1,0.8017,0.8017
Chronopotentiometry,0.02,1800,10,255.2,0.8017,0.8017
Chronopotentiometry,0.02,1800,10,255.3,0.8016,0.8016
Chronopotentiometry,0.02,1800,10,255.4,0.8016,0.8016
Chronopotentiometry,0.02,1800,10,255.5,0.8016,0.8016
Chronopotentiometry,0.02,1800,10,255.6,0.8017,0.8017
Chronopotentiometry,0.02,1800,10,255.7,0.8016,0.8016
Chronopotentiometry,0.02,1800,10,255.8,0.8016,0.8016
Chronopotentiometry,0.02,1800,10,255.9,0.8017,0.8017
Chronopotentiometry,0.02,1800,10,256.0,0.8017,0.8017
Chronopotentiometry,0.02,1800,10,256.1,0.8017,0.8017
Chronopotentiometry,0.02,1800,10,256.2,0.8017,0.8017
Chronopotentiometry,0.02,1800,10,256.3,0.8017,0.8017
Chronopotentiometry,0.02,1800,10,256.4,0.8018,0.8018
Chronopotentiometry,0.02,1800,10,256.5,0.8018,0.8018
Chronopotentiometry,0.02,1800,10,256.6,0.8018,0.8018
Chronopotentiometry,0.02,1800,10,256.7,0.8018,0.8018
Chronopotentiometry,0.02,1800,10,256.8,0.8018,0.8018
Chronopotentiometry,0.02,1800,10,256.9,0.8018,0.8018
Chronopotentiometry,0.02,1800,10,257.0,0.8018,0.8018
Chronopotentiometry,0.02,1800,10,257.1,0.8018,0.8018
Chronopotentiometry,0.02,1800,10,257.2,0.8019,0.8019
Chronopotentiometry,0.02,1800,10,257.3,0.8019,0.8019
Chronopotentiometry,0.02,1800,10,257.4,0.8019,0.8019
Chronopotentiometry,0.02,1800,10,257.5,0.8019,0.8019
Chronopotentiometry,0.02,1800,10,257.6,0.8019,0.8019
Chronopotentiometry,0.02,1800,10,257.7,0.8018,0.8018
Chronopotentiometry,0.02,1800,10,257.8,0.8019,0.8019
Chronopotentiometry,0.02,1800,10,257.9,0.8019,0.8019
Chronopotentiometry,0.02,1800,10,258.0,0.8019,0.8019
Chronopotentiometry,0.02,1800,10,258.1,0.8019,0.8019
Chronopotentiometry,0.02,1800,10,258.2,0.8019,0.8019
Chronopotentiometry,0.02,1800,10,258.3,0.8019,0.8019
Chronopotentiometry,0.02,1800,10,258.4,0.8018,0.8018
Chronopotentiometry,0.02,1800,10,258.5,0.8017,0.8017
Chronopotentiometry,0.02,1800,10,258.6,0.8018,0.8018
Chronopotentiometry,0.02,1800,10,258.7,0.8018,0.8018
Chronopotentiometry,0.02,1800,10,258.8,0.8019,0.8019
Chronopotentiometry,0.02,1800,10,258.9,0.8019,0.8019
Chronopotentiometry,0.02,1800,10,259.0,0.8019,0.8019
Chronopotentiometry,0.02,1800,10,259.1,0.8019,0.8019
Chronopotentiometry,0.02,1800,10,259.2,0.8018,0.8018
Chronopotentiometry,0.02,1800,10,259.3,0.8018,0.8018
Chronopotentiometry,0.02,1800,10,259.4,0.8018,0.8018
Chronopotentiometry,0.02,1800,10,259.5,0.8018,0.8018
Chronopotentiometry,0.02,1800,10,259.6,0.8018,0.8018
Chronopotentiometry,0.02,1800,10,259.7,0.8019,0.8019
Chronopotentiometry,0.02,1800,10,259.8,0.8019,0.8019
Chronopotentiometry,0.02,1800,10,259.9,0.8019,0.8019
Chronopotentiometry,0.02,1800,10,260.0,0.8019,0.8019
Chronopotentiometry,0.02,1800,10,260.1,0.802,0.802
Chronopotentiometry,0.02,1800,10,260.2,0.802,0.802
Chronopotentiometry,0.02,1800,10,260.3,0.802,0.802
Chronopotentiometry,0.02,1800,10,260.4,0.802,0.802
Chronopotentiometry,0.02,1800,10,260.5,0.802,0.802
Chronopotentiometry,0.02,1800,10,260.6,0.8021,0.8021
Chronopotentiometry,0.02,1800,10,260.7,0.8021,0.8021
Chronopotentiometry,0.02,1800,10,260.8,0.8021,0.8021
Chronopotentiometry,0.02,1800,10,260.9,0.8021,0.8021
Chronopotentiometry,0.02,1800,10,261.0,0.8021,0.8021
Chronopotentiometry,0.02,1800,10,261.1,0.802,0.802
Chronopotentiometry,0.02,1800,10,261.2,0.802,0.802
Chronopotentiometry,0.02,1800,10,261.3,0.8021,0.8021
Chronopotentiometry,0.02,1800,10,261.4,0.8021,0.8021
Chronopotentiometry,0.02,1800,10,261.5,0.802,0.802
Chronopotentiometry,0.02,1800,10,261.6,0.8021,0.8021
Chronopotentiometry,0.02,1800,10,261.7,0.8022,0.8022
Chronopotentiometry,0.02,1800,10,261.8,0.8022,0.8022
Chronopotentiometry,0.02,1800,10,261.9,0.8022,0.8022
Chronopotentiometry,0.02,1800,10,262.0,0.8021,0.8021
Chronopotentiometry,0.02,1800,10,262.1,0.8021,0.8021
Chronopotentiometry,0.02,1800,10,262.2,0.8022,0.8022
Chronopotentiometry,0.02,1800,10,262.3,0.8022,0.8022
Chronopotentiometry,0.02,1800,10,262.4,0.8022,0.8022
Chronopotentiometry,0.02,1800,10,262.5,0.8021,0.8021
Chronopotentiometry,0.02,1800,10,262.6,0.8022,0.8022
Chronopotentiometry,0.02,1800,10,262.7,0.8023,0.8023
Chronopotentiometry,0.02,1800,10,262.8,0.8023,0.8023
Chronopotentiometry,0.02,1800,10,262.9,0.8022,0.8022
Chronopotentiometry,0.02,1800,10,263.0,0.8022,0.8022
Chronopotentiometry,0.02,1800,10,263.1,0.8022,0.8022
Chronopotentiometry,0.02,1800,10,263.2,0.8022,0.8022
Chronopotentiometry,0.02,1800,10,263.3,0.8023,0.8023
Chronopotentiometry,0.02,1800,10,263.4,0.8023,0.8023
Chronopotentiometry,0.02,1800,10,263.5,0.8023,0.8023
Chronopotentiometry,0.02,1800,10,263.6,0.8023,0.8023
Chronopotentiometry,0.02,1800,10,263.7,0.8023,0.8023
Chronopotentiometry,0.02,1800,10,263.8,0.8023,0.8023
Chronopotentiometry,0.02,1800,10,263.9,0.8023,0.8023
Chronopotentiometry,0.02,1800,10,264.0,0.8023,0.8023
Chronopotentiometry,0.02,1800,10,264.1,0.8023,0.8023
Chronopotentiometry,0.02,1800,10,264.2,0.8023,0.8023
Chronopotentiometry,0.02,1800,10,264.3,0.8022,0.8022
Chronopotentiometry,0.02,1800,10,264.4,0.8022,0.8022
Chronopotentiometry,0.02,1800,10,264.5,0.8022,0.8022
Chronopotentiometry,0.02,1800,10,264.6,0.8022,0.8022
Chronopotentiometry,0.02,1800,10,264.7,0.8022,0.8022
Chronopotentiometry,0.02,1800,10,264.8,0.8023,0.8023
Chronopotentiometry,0.02,1800,10,264.9,0.8023,0.8023
Chronopotentiometry,0.02,1800,10,265.0,0.8023,0.8023
Chronopotentiometry,0.02,1800,10,265.1,0.8023,0.8023
Chronopotentiometry,0.02,1800,10,265.2,0.8023,0.8023
Chronopotentiometry,0.02,1800,10,265.3,0.8024,0.8024
Chronopotentiometry,0.02,1800,10,265.4,0.8024,0.8024
Chronopotentiometry,0.02,1800,10,265.5,0.8024,0.8024
Chronopotentiometry,0.02,1800,10,265.6,0.8023,0.8023
Chronopotentiometry,0.02,1800,10,265.7,0.8023,0.8023
Chronopotentiometry,0.02,1800,10,265.8,0.8024,0.8024
Chronopotentiometry,0.02,1800,10,265.9,0.8024,0.8024
Chronopotentiometry,0.02,1800,10,266.0,0.8024,0.8024
Chronopotentiometry,0.02,1800,10,266.1,0.8024,0.8024
Chronopotentiometry,0.02,1800,10,266.2,0.8023,0.8023
Chronopotentiometry,0.02,1800,10,266.3,0.8023,0.8023
Chronopotentiometry,0.02,1800,10,266.4,0.8023,0.8023
Chronopotentiometry,0.02,1800,10,266.5,0.8023,0.8023
Chronopotentiometry,0.02,1800,10,266.6,0.8023,0.8023
Chronopotentiometry,0.02,1800,10,266.7,0.8024,0.8024
Chronopotentiometry,0.02,1800,10,266.8,0.8024,0.8024
Chronopotentiometry,0.02,1800,10,266.9,0.8025,0.8025
Chronopotentiometry,0.02,1800,10,267.0,0.8024,0.8024
Chronopotentiometry,0.02,1800,10,267.1,0.8024,0.8024
Chronopotentiometry,0.02,1800,10,267.2,0.8024,0.8024
Chronopotentiometry,0.02,1800,10,267.3,0.8024,0.8024
Chronopotentiometry,0.02,1800,10,267.4,0.8025,0.8025
Chronopotentiometry,0.02,1800,10,267.5,0.8025,0.8025
Chronopotentiometry,0.02,1800,10,267.6,0.8025,0.8025
Chronopotentiometry,0.02,1800,10,267.7,0.8025,0.8025
Chronopotentiometry,0.02,1800,10,267.8,0.8026,0.8026
Chronopotentiometry,0.02,1800,10,267.9,0.8025,0.8025
Chronopotentiometry,0.02,1800,10,268.0,0.8025,0.8025
Chronopotentiometry,0.02,1800,10,268.1,0.8024,0.8024
Chronopotentiometry,0.02,1800,10,268.2,0.8025,0.8025
Chronopotentiometry,0.02,1800,10,268.3,0.8025,0.8025
Chronopotentiometry,0.02,1800,10,268.4,0.8025,0.8025
Chronopotentiometry,0.02,1800,10,268.5,0.8025,0.8025
Chronopotentiometry,0.02,1800,10,268.6,0.8025,0.8025
Chronopotentiometry,0.02,1800,10,268.7,0.8026,0.8026
Chronopotentiometry,0.02,1800,10,268.8,0.8026,0.8026
Chronopotentiometry,0.02,1800,10,268.9,0.8026,0.8026
Chronopotentiometry,0.02,1800,10,269.0,0.8026,0.8026
Chronopotentiometry,0.02,1800,10,269.1,0.8026,0.8026
Chronopotentiometry,0.02,1800,10,269.2,0.8027,0.8027
Chronopotentiometry,0.02,1800,10,269.3,0.8026,0.8026
Chronopotentiometry,0.02,1800,10,269.4,0.8026,0.8026
Chronopotentiometry,0.02,1800,10,269.5,0.8026,0.8026
Chronopotentiometry,0.02,1800,10,269.6,0.8026,0.8026
Chronopotentiometry,0.02,1800,10,269.7,0.8026,0.8026
Chronopotentiometry,0.02,1800,10,269.8,0.8027,0.8027
Chronopotentiometry,0.02,1800,10,269.9,0.8027,0.8027
Chronopotentiometry,0.02,1800,10,270.0,0.8026,0.8026
Chronopotentiometry,0.02,1800,10,270.1,0.8026,0.8026
Chronopotentiometry,0.02,1800,10,270.2,0.8026,0.8026
Chronopotentiometry,0.02,1800,10,270.3,0.8025,0.8025
Chronopotentiometry,0.02,1800,10,270.4,0.8026,0.8026
Chronopotentiometry,0.02,1800,10,270.5,0.8026,0.8026
Chronopotentiometry,0.02,1800,10,270.6,0.8027,0.8027
Chronopotentiometry,0.02,1800,10,270.7,0.8027,0.8027
Chronopotentiometry,0.02,1800,10,270.8,0.8026,0.8026
Chronopotentiometry,0.02,1800,10,270.9,0.8026,0.8026
Chronopotentiometry,0.02,1800,10,271.0,0.8026,0.8026
Chronopotentiometry,0.02,1800,10,271.1,0.8027,0.8027
Chronopotentiometry,0.02,1800,10,271.2,0.8028,0.8028
Chronopotentiometry,0.02,1800,10,271.3,0.8027,0.8027
Chronopotentiometry,0.02,1800,10,271.4,0.8027,0.8027
Chronopotentiometry,0.02,1800,10,271.5,0.8027,0.8027
Chronopotentiometry,0.02,1800,10,271.6,0.8027,0.8027
Chronopotentiometry,0.02,1800,10,271.7,0.8027,0.8027
Chronopotentiometry,0.02,1800,10,271.8,0.8028,0.8028
Chronopotentiometry,0.02,1800,10,271.9,0.8027,0.8027
Chronopotentiometry,0.02,1800,10,272.0,0.8027,0.8027
Chronopotentiometry,0.02,1800,10,272.1,0.8027,0.8027
Chronopotentiometry,0.02,1800,10,272.2,0.8027,0.8027
Chronopotentiometry,0.02,1800,10,272.3,0.8028,0.8028
Chronopotentiometry,0.02,1800,10,272.4,0.8028,0.8028
Chronopotentiometry,0.02,1800,10,272.5,0.8027,0.8027
Chronopotentiometry,0.02,1800,10,272.6,0.8027,0.8027
Chronopotentiometry,0.02,1800,10,272.7,0.8028,0.8028
Chronopotentiometry,0.02,1800,10,272.8,0.8028,0.8028
Chronopotentiometry,0.02,1800,10,272.9,0.8028,0.8028
Chronopotentiometry,0.02,1800,10,273.0,0.8028,0.8028
Chronopotentiometry,0.02,1800,10,273.1,0.8028,0.8028
Chronopotentiometry,0.02,1800,10,273.2,0.8028,0.8028
Chronopotentiometry,0.02,1800,10,273.3,0.8028,0.8028
Chronopotentiometry,0.02,1800,10,273.4,0.8028,0.8028
Chronopotentiometry,0.02,1800,10,273.5,0.8028,0.8028
Chronopotentiometry,0.02,1800,10,273.6,0.8029,0.8029
Chronopotentiometry,0.02,1800,10,273.7,0.8028,0.8028
Chronopotentiometry,0.02,1800,10,273.8,0.8029,0.8029
Chronopotentiometry,0.02,1800,10,273.9,0.8029,0.8029
Chronopotentiometry,0.02,1800,10,274.0,0.8029,0.8029
Chronopotentiometry,0.02,1800,10,274.1,0.8029,0.8029
Chronopotentiometry,0.02,1800,10,274.2,0.8028,0.8028
Chronopotentiometry,0.02,1800,10,274.3,0.8028,0.8028
Chronopotentiometry,0.02,1800,10,274.4,0.8028,0.8028
Chronopotentiometry,0.02,1800,10,274.5,0.8028,0.8028
Chronopotentiometry,0.02,1800,10,274.6,0.8028,0.8028
Chronopotentiometry,0.02,1800,10,274.7,0.8028,0.8028
Chronopotentiometry,0.02,1800,10,274.8,0.8028,0.8028
Chronopotentiometry,0.02,1800,10,274.9,0.8029,0.8029
Chronopotentiometry,0.02,1800,10,275.0,0.8029,0.8029
Chronopotentiometry,0.02,1800,10,275.1,0.8029,0.8029
Chronopotentiometry,0.02,1800,10,275.2,0.8029,0.8029
Chronopotentiometry,0.02,1800,10,275.3,0.8029,0.8029
Chronopotentiometry,0.02,1800,10,275.4,0.8029,0.8029
Chronopotentiometry,0.02,1800,10,275.5,0.8029,0.8029
Chronopotentiometry,0.02,1800,10,275.6,0.803,0.803
Chronopotentiometry,0.02,1800,10,275.7,0.803,0.803
Chronopotentiometry,0.02,1800,10,275.8,0.803,0.803
Chronopotentiometry,0.02,1800,10,275.9,0.8029,0.8029
Chronopotentiometry,0.02,1800,10,276.0,0.803,0.803
Chronopotentiometry,0.02,1800,10,276.1,0.803,0.803
Chronopotentiometry,0.02,1800,10,276.2,0.803,0.803
Chronopotentiometry,0.02,1800,10,276.3,0.8031,0.8031
Chronopotentiometry,0.02,1800,10,276.4,0.803,0.803
Chronopotentiometry,0.02,1800,10,276.5,0.803,0.803
Chronopotentiometry,0.02,1800,10,276.6,0.8029,0.8029
Chronopotentiometry,0.02,1800,10,276.7,0.803,0.803
Chronopotentiometry,0.02,1800,10,276.8,0.8029,0.8029
Chronopotentiometry,0.02,1800,10,276.9,0.8029,0.8029
Chronopotentiometry,0.02,1800,10,277.0,0.803,0.803
Chronopotentiometry,0.02,1800,10,277.1,0.803,0.803
Chronopotentiometry,0.02,1800,10,277.2,0.803,0.803
Chronopotentiometry,0.02,1800,10,277.3,0.803,0.803
Chronopotentiometry,0.02,1800,10,277.4,0.803,0.803
Chronopotentiometry,0.02,1800,10,277.5,0.803,0.803
Chronopotentiometry,0.02,1800,10,277.6,0.803,0.803
Chronopotentiometry,0.02,1800,10,277.7,0.803,0.803
Chronopotentiometry,0.02,1800,10,277.8,0.8029,0.8029
Chronopotentiometry,0.02,1800,10,277.9,0.803,0.803
Chronopotentiometry,0.02,1800,10,278.0,0.8029,0.8029
Chronopotentiometry,0.02,1800,10,278.1,0.803,0.803
Chronopotentiometry,0.02,1800,10,278.2,0.803,0.803
Chronopotentiometry,0.02,1800,10,278.3,0.803,0.803
Chronopotentiometry,0.02,1800,10,278.4,0.803,0.803
Chronopotentiometry,0.02,1800,10,278.5,0.803,0.803
Chronopotentiometry,0.02,1800,10,278.6,0.803,0.803
Chronopotentiometry,0.02,1800,10,278.7,0.803,0.803
Chronopotentiometry,0.02,1800,10,278.8,0.803,0.803
Chronopotentiometry,0.02,1800,10,278.9,0.803,0.803
Chronopotentiometry,0.02,1800,10,279.0,0.803,0.803
Chronopotentiometry,0.02,1800,10,279.1,0.8031,0.8031
Chronopotentiometry,0.02,1800,10,279.2,0.8031,0.8031
Chronopotentiometry,0.02,1800,10,279.3,0.8031,0.8031
Chronopotentiometry,0.02,1800,10,279.4,0.8031,0.8031
Chronopotentiometry,0.02,1800,10,279.5,0.803,0.803
Chronopotentiometry,0.02,1800,10,279.6,0.8031,0.8031
Chronopotentiometry,0.02,1800,10,279.7,0.8031,0.8031
Chronopotentiometry,0.02,1800,10,279.8,0.8031,0.8031
Chronopotentiometry,0.02,1800,10,279.9,0.8031,0.8031
Chronopotentiometry,0.02,1800,10,280.0,0.8032,0.8032
Chronopotentiometry,0.02,1800,10,280.1,0.8031,0.8031
Chronopotentiometry,0.02,1800,10,280.2,0.8032,0.8032
Chronopotentiometry,0.02,1800,10,280.3,0.8032,0.8032
Chronopotentiometry,0.02,1800,10,280.4,0.8032,0.8032
Chronopotentiometry,0.02,1800,10,280.5,0.8032,0.8032
Chronopotentiometry,0.02,1800,10,280.6,0.8032,0.8032
Chronopotentiometry,0.02,1800,10,280.7,0.8033,0.8033
Chronopotentiometry,0.02,1800,10,280.8,0.8032,0.8032
Chronopotentiometry,0.02,1800,10,280.9,0.8033,0.8033
Chronopotentiometry,0.02,1800,10,281.0,0.8033,0.8033
Chronopotentiometry,0.02,1800,10,281.1,0.8033,0.8033
Chronopotentiometry,0.02,1800,10,281.2,0.8032,0.8032
Chronopotentiometry,0.02,1800,10,281.3,0.8031,0.8031
Chronopotentiometry,0.02,1800,10,281.4,0.8032,0.8032
Chronopotentiometry,0.02,1800,10,281.5,0.8032,0.8032
Chronopotentiometry,0.02,1800,10,281.6,0.8032,0.8032
Chronopotentiometry,0.02,1800,10,281.7,0.8032,0.8032
Chronopotentiometry,0.02,1800,10,281.8,0.8033,0.8033
Chronopotentiometry,0.02,1800,10,281.9,0.8033,0.8033
Chronopotentiometry,0.02,1800,10,282.0,0.8033,0.8033
Chronopotentiometry,0.02,1800,10,282.1,0.8033,0.8033
Chronopotentiometry,0.02,1800,10,282.2,0.8033,0.8033
Chronopotentiometry,0.02,1800,10,282.3,0.8034,0.8034
Chronopotentiometry,0.02,1800,10,282.4,0.8033,0.8033
Chronopotentiometry,0.02,1800,10,282.5,0.8033,0.8033
Chronopotentiometry,0.02,1800,10,282.6,0.8033,0.8033
Chronopotentiometry,0.02,1800,10,282.7,0.8034,0.8034
Chronopotentiometry,0.02,1800,10,282.8,0.8033,0.8033
Chronopotentiometry,0.02,1800,10,282.9,0.8033,0.8033
Chronopotentiometry,0.02,1800,10,283.0,0.8032,0.8032
Chronopotentiometry,0.02,1800,10,283.1,0.8033,0.8033
Chronopotentiometry,0.02,1800,10,283.2,0.8033,0.8033
Chronopotentiometry,0.02,1800,10,283.3,0.8034,0.8034
Chronopotentiometry,0.02,1800,10,283.4,0.8034,0.8034
Chronopotentiometry,0.02,1800,10,283.5,0.8034,0.8034
Chronopotentiometry,0.02,1800,10,283.6,0.8033,0.8033
Chronopotentiometry,0.02,1800,10,283.7,0.8033,0.8033
Chronopotentiometry,0.02,1800,10,283.8,0.8034,0.8034
Chronopotentiometry,0.02,1800,10,283.9,0.8034,0.8034
Chronopotentiometry,0.02,1800,10,284.0,0.8035,0.8035
Chronopotentiometry,0.02,1800,10,284.1,0.8034,0.8034
Chronopotentiometry,0.02,1800,10,284.2,0.8034,0.8034
Chronopotentiometry,0.02,1800,10,284.3,0.8034,0.8034
Chronopotentiometry,0.02,1800,10,284.4,0.8035,0.8035
Chronopotentiometry,0.02,1800,10,284.5,0.8034,0.8034
Chronopotentiometry,0.02,1800,10,284.6,0.8034,0.8034
Chronopotentiometry,0.02,1800,10,284.7,0.8034,0.8034
Chronopotentiometry,0.02,1800,10,284.8,0.8034,0.8034
Chronopotentiometry,0.02,1800,10,284.9,0.8035,0.8035
Chronopotentiometry,0.02,1800,10,285.0,0.8034,0.8034
Chronopotentiometry,0.02,1800,10,285.1,0.8035,0.8035
Chronopotentiometry,0.02,1800,10,285.2,0.8035,0.8035
Chronopotentiometry,0.02,1800,10,285.3,0.8036,0.8036
Chronopotentiometry,0.02,1800,10,285.4,0.8036,0.8036
Chronopotentiometry,0.02,1800,10,285.5,0.8035,0.8035
Chronopotentiometry,0.02,1800,10,285.6,0.8036,0.8036
Chronopotentiometry,0.02,1800,10,285.7,0.8036,0.8036
Chronopotentiometry,0.02,1800,10,285.8,0.8036,0.8036
Chronopotentiometry,0.02,1800,10,285.9,0.8036,0.8036
Chronopotentiometry,0.02,1800,10,286.0,0.8036,0.8036
Chronopotentiometry,0.02,1800,10,286.1,0.8036,0.8036
Chronopotentiometry,0.02,1800,10,286.2,0.8036,0.8036
Chronopotentiometry,0.02,1800,10,286.3,0.8037,0.8037
Chronopotentiometry,0.02,1800,10,286.4,0.8036,0.8036
Chronopotentiometry,0.02,1800,10,286.5,0.8037,0.8037
Chronopotentiometry,0.02,1800,10,286.6,0.8037,0.8037
Chronopotentiometry,0.02,1800,10,286.7,0.8037,0.8037
Chronopotentiometry,0.02,1800,10,286.8,0.8037,0.8037
Chronopotentiometry,0.02,1800,10,286.9,0.8038,0.8038
Chronopotentiometry,0.02,1800,10,287.0,0.8037,0.8037
Chronopotentiometry,0.02,1800,10,287.1,0.8037,0.8037
Chronopotentiometry,0.02,1800,10,287.2,0.8037,0.8037
Chronopotentiometry,0.02,1800,10,287.3,0.8038,0.8038
Chronopotentiometry,0.02,1800,10,287.4,0.8039,0.8039
Chronopotentiometry,0.02,1800,10,287.5,0.8038,0.8038
Chronopotentiometry,0.02,1800,10,287.6,0.8036,0.8036
Chronopotentiometry,0.02,1800,10,287.7,0.8037,0.8037
Chronopotentiometry,0.02,1800,10,287.8,0.8037,0.8037
Chronopotentiometry,0.02,1800,10,287.9,0.8038,0.8038
Chronopotentiometry,0.02,1800,10,288.0,0.8038,0.8038
Chronopotentiometry,0.02,1800,10,288.1,0.8038,0.8038
Chronopotentiometry,0.02,1800,10,288.2,0.8038,0.8038
Chronopotentiometry,0.02,1800,10,288.3,0.8038,0.8038
Chronopotentiometry,0.02,1800,10,288.4,0.8038,0.8038
Chronopotentiometry,0.02,1800,10,288.5,0.8038,0.8038
Chronopotentiometry,0.02,1800,10,288.6,0.8039,0.8039
Chronopotentiometry,0.02,1800,10,288.7,0.8039,0.8039
Chronopotentiometry,0.02,1800,10,288.8,0.8039,0.8039
Chronopotentiometry,0.02,1800,10,288.9,0.8039,0.8039
Chronopotentiometry,0.02,1800,10,289.0,0.8039,0.8039
Chronopotentiometry,0.02,1800,10,289.1,0.8039,0.8039
Chronopotentiometry,0.02,1800,10,289.2,0.804,0.804
Chronopotentiometry,0.02,1800,10,289.3,0.8039,0.8039
Chronopotentiometry,0.02,1800,10,289.4,0.8039,0.8039
Chronopotentiometry,0.02,1800,10,289.5,0.804,0.804
Chronopotentiometry,0.02,1800,10,289.6,0.8039,0.8039
Chronopotentiometry,0.02,1800,10,289.7,0.8039,0.8039
Chronopotentiometry,0.02,1800,10,289.8,0.8039,0.8039
Chronopotentiometry,0.02,1800,10,289.9,0.804,0.804
Chronopotentiometry,0.02,1800,10,290.0,0.8039,0.8039
Chronopotentiometry,0.02,1800,10,290.1,0.8039,0.8039
Chronopotentiometry,0.02,1800,10,290.2,0.8039,0.8039
Chronopotentiometry,0.02,1800,10,290.3,0.8039,0.8039
Chronopotentiometry,0.02,1800,10,290.4,0.8039,0.8039
Chronopotentiometry,0.02,1800,10,290.5,0.804,0.804
Chronopotentiometry,0.02,1800,10,290.6,0.8039,0.8039
Chronopotentiometry,0.02,1800,10,290.7,0.804,0.804
Chronopotentiometry,0.02,1800,10,290.8,0.804,0.804
Chronopotentiometry,0.02,1800,10,290.9,0.804,0.804
Chronopotentiometry,0.02,1800,10,291.0,0.8039,0.8039
Chronopotentiometry,0.02,1800,10,291.1,0.8039,0.8039
Chronopotentiometry,0.02,1800,10,291.2,0.8039,0.8039
Chronopotentiometry,0.02,1800,10,291.3,0.804,0.804
Chronopotentiometry,0.02,1800,10,291.4,0.804,0.804
Chronopotentiometry,0.02,1800,10,291.5,0.804,0.804
Chronopotentiometry,0.02,1800,10,291.6,0.804,0.804
Chronopotentiometry,0.02,1800,10,291.7,0.804,0.804
Chronopotentiometry,0.02,1800,10,291.8,0.804,0.804
Chronopotentiometry,0.02,1800,10,291.9,0.804,0.804
Chronopotentiometry,0.02,1800,10,292.0,0.8041,0.8041
Chronopotentiometry,0.02,1800,10,292.1,0.804,0.804
Chronopotentiometry,0.02,1800,10,292.2,0.804,0.804
Chronopotentiometry,0.02,1800,10,292.3,0.8041,0.8041
Chronopotentiometry,0.02,1800,10,292.4,0.8041,0.8041
Chronopotentiometry,0.02,1800,10,292.5,0.8041,0.8041
Chronopotentiometry,0.02,1800,10,292.6,0.8041,0.8041
Chronopotentiometry,0.02,1800,10,292.7,0.8041,0.8041
Chronopotentiometry,0.02,1800,10,292.8,0.8041,0.8041
Chronopotentiometry,0.02,1800,10,292.9,0.804,0.804
Chronopotentiometry,0.02,1800,10,293.0,0.8041,0.8041
Chronopotentiometry,0.02,1800,10,293.1,0.8041,0.8041
Chronopotentiometry,0.02,1800,10,293.2,0.8042,0.8042
Chronopotentiometry,0.02,1800,10,293.3,0.8041,0.8041
Chronopotentiometry,0.02,1800,10,293.4,0.8041,0.8041
Chronopotentiometry,0.02,1800,10,293.5,0.8042,0.8042
Chronopotentiometry,0.02,1800,10,293.6,0.8041,0.8041
Chronopotentiometry,0.02,1800,10,293.7,0.8042,0.8042
Chronopotentiometry,0.02,1800,10,293.8,0.8041,0.8041
Chronopotentiometry,0.02,1800,10,293.9,0.804,0.804
Chronopotentiometry,0.02,1800,10,294.0,0.8041,0.8041
Chronopotentiometry,0.02,1800,10,294.1,0.8042,0.8042
Chronopotentiometry,0.02,1800,10,294.2,0.8041,0.8041
Chronopotentiometry,0.02,1800,10,294.3,0.8041,0.8041
Chronopotentiometry,0.02,1800,10,294.4,0.8042,0.8042
Chronopotentiometry,0.02,1800,10,294.5,0.8042,0.8042
Chronopotentiometry,0.02,1800,10,294.6,0.8042,0.8042
Chronopotentiometry,0.02,1800,10,294.7,0.8042,0.8042
Chronopotentiometry,0.02,1800,10,294.8,0.8042,0.8042
Chronopotentiometry,0.02,1800,10,294.9,0.8041,0.8041
Chronopotentiometry,0.02,1800,10,295.0,0.8041,0.8041
Chronopotentiometry,0.02,1800,10,295.1,0.8042,0.8042
Chronopotentiometry,0.02,1800,10,295.2,0.8042,0.8042
Chronopotentiometry,0.02,1800,10,295.3,0.8042,0.8042
Chronopotentiometry,0.02,1800,10,295.4,0.8043,0.8043
Chronopotentiometry,0.02,1800,10,295.5,0.8042,0.8042
Chronopotentiometry,0.02,1800,10,295.6,0.8042,0.8042
Chronopotentiometry,0.02,1800,10,295.7,0.8041,0.8041
Chronopotentiometry,0.02,1800,10,295.8,0.8042,0.8042
Chronopotentiometry,0.02,1800,10,295.9,0.8043,0.8043
Chronopotentiometry,0.02,1800,10,296.0,0.8043,0.8043
Chronopotentiometry,0.02,1800,10,296.1,0.8043,0.8043
Chronopotentiometry,0.02,1800,10,296.2,0.8043,0.8043
Chronopotentiometry,0.02,1800,10,296.3,0.8043,0.8043
Chronopotentiometry,0.02,1800,10,296.4,0.8042,0.8042
Chronopotentiometry,0.02,1800,10,296.5,0.8043,0.8043
Chronopotentiometry,0.02,1800,10,296.6,0.8043,0.8043
Chronopotentiometry,0.02,1800,10,296.7,0.8043,0.8043
Chronopotentiometry,0.02,1800,10,296.8,0.8043,0.8043
Chronopotentiometry,0.02,1800,10,296.9,0.8043,0.8043
Chronopotentiometry,0.02,1800,10,297.0,0.8043,0.8043
Chronopotentiometry,0.02,1800,10,297.1,0.8043,0.8043
Chronopotentiometry,0.02,1800,10,297.2,0.8043,0.8043
Chronopotentiometry,0.02,1800,10,297.3,0.8043,0.8043
Chronopotentiometry,0.02,1800,10,297.4,0.8043,0.8043
Chronopotentiometry,0.02,1800,10,297.5,0.8043,0.8043
Chronopotentiometry,0.02,1800,10,297.6,0.8043,0.8043
Chronopotentiometry,0.02,1800,10,297.7,0.8043,0.8043
Chronopotentiometry,0.02,1800,10,297.8,0.8043,0.8043
Chronopotentiometry,0.02,1800,10,297.9,0.8043,0.8043
Chronopotentiometry,0.02,1800,10,298.0,0.8044,0.8044
Chronopotentiometry,0.02,1800,10,298.1,0.8044,0.8044
Chronopotentiometry,0.02,1800,10,298.2,0.8044,0.8044
Chronopotentiometry,0.02,1800,10,298.3,0.8043,0.8043
Chronopotentiometry,0.02,1800,10,298.4,0.8043,0.8043
Chronopotentiometry,0.02,1800,10,298.5,0.8044,0.8044
Chronopotentiometry,0.02,1800,10,298.6,0.8044,0.8044
Chronopotentiometry,0.02,1800,10,298.7,0.8044,0.8044
Chronopotentiometry,0.02,1800,10,298.8,0.8044,0.8044
Chronopotentiometry,0.02,1800,10,298.9,0.8044,0.8044
Chronopotentiometry,0.02,1800,10,299.0,0.8044,0.8044
Chronopotentiometry,0.02,1800,10,299.1,0.8044,0.8044
Chronopotentiometry,0.02,1800,10,299.2,0.8044,0.8044
Chronopotentiometry,0.02,1800,10,299.3,0.8045,0.8045
Chronopotentiometry,0.02,1800,10,299.4,0.8046,0.8046
Chronopotentiometry,0.02,1800,10,299.5,0.8045,0.8045
Chronopotentiometry,0.02,1800,10,299.6,0.8045,0.8045
Chronopotentiometry,0.02,1800,10,299.7,0.8046,0.8046
Chronopotentiometry,0.02,1800,10,299.8,0.8045,0.8045
Chronopotentiometry,0.02,1800,10,299.9,0.8045,0.8045
Chronopotentiometry,0.02,1800,10,300.0,0.8045,0.8045
Chronopotentiometry,0.02,1800,10,300.1,0.8045,0.8045
Chronopotentiometry,0.02,1800,10,300.2,0.8045,0.8045
Chronopotentiometry,0.02,1800,10,300.3,0.8045,0.8045
Chronopotentiometry,0.02,1800,10,300.4,0.8045,0.8045
Chronopotentiometry,0.02,1800,10,300.5,0.8045,0.8045
Chronopotentiometry,0.02,1800,10,300.6,0.8046,0.8046
Chronopotentiometry,0.02,1800,10,300.7,0.8046,0.8046
Chronopotentiometry,0.02,1800,10,300.8,0.8045,0.8045
Chronopotentiometry,0.02,1800,10,300.9,0.8046,0.8046
Chronopotentiometry,0.02,1800,10,301.0,0.8046,0.8046
Chronopotentiometry,0.02,1800,10,301.1,0.8046,0.8046
Chronopotentiometry,0.02,1800,10,301.2,0.8046,0.8046
Chronopotentiometry,0.02,1800,10,301.3,0.8046,0.8046
Chronopotentiometry,0.02,1800,10,301.4,0.8046,0.8046
Chronopotentiometry,0.02,1800,10,301.5,0.8047,0.8047
Chronopotentiometry,0.02,1800,10,301.6,0.8047,0.8047
Chronopotentiometry,0.02,1800,10,301.7,0.8047,0.8047
Chronopotentiometry,0.02,1800,10,301.8,0.8047,0.8047
Chronopotentiometry,0.02,1800,10,301.9,0.8046,0.8046
Chronopotentiometry,0.02,1800,10,302.0,0.8046,0.8046
Chronopotentiometry,0.02,1800,10,302.1,0.8047,0.8047
Chronopotentiometry,0.02,1800,10,302.2,0.8047,0.8047
Chronopotentiometry,0.02,1800,10,302.3,0.8047,0.8047
Chronopotentiometry,0.02,1800,10,302.4,0.8046,0.8046
Chronopotentiometry,0.02,1800,10,302.5,0.8046,0.8046
Chronopotentiometry,0.02,1800,10,302.6,0.8047,0.8047
Chronopotentiometry,0.02,1800,10,302.7,0.8046,0.8046
Chronopotentiometry,0.02,1800,10,302.8,0.8047,0.8047
Chronopotentiometry,0.02,1800,10,302.9,0.8048,0.8048
Chronopotentiometry,0.02,1800,10,303.0,0.8048,0.8048
Chronopotentiometry,0.02,1800,10,303.1,0.8048,0.8048
Chronopotentiometry,0.02,1800,10,303.2,0.8047,0.8047
Chronopotentiometry,0.02,1800,10,303.3,0.8047,0.8047
Chronopotentiometry,0.02,1800,10,303.4,0.8047,0.8047
Chronopotentiometry,0.02,1800,10,303.5,0.8047,0.8047
Chronopotentiometry,0.02,1800,10,303.6,0.8048,0.8048
Chronopotentiometry,0.02,1800,10,303.7,0.8047,0.8047
Chronopotentiometry,0.02,1800,10,303.8,0.8048,0.8048
Chronopotentiometry,0.02,1800,10,303.9,0.8048,0.8048
Chronopotentiometry,0.02,1800,10,304.0,0.8048,0.8048
Chronopotentiometry,0.02,1800,10,304.1,0.8048,0.8048
Chronopotentiometry,0.02,1800,10,304.2,0.8048,0.8048
Chronopotentiometry,0.02,1800,10,304.3,0.8048,0.8048
Chronopotentiometry,0.02,1800,10,304.4,0.8048,0.8048
Chronopotentiometry,0.02,1800,10,304.5,0.8048,0.8048
Chronopotentiometry,0.02,1800,10,304.6,0.8048,0.8048
Chronopotentiometry,0.02,1800,10,304.7,0.8049,0.8049
Chronopotentiometry,0.02,1800,10,304.8,0.8049,0.8049
Chronopotentiometry,0.02,1800,10,304.9,0.8048,0.8048
Chronopotentiometry,0.02,1800,10,305.0,0.8048,0.8048
Chronopotentiometry,0.02,1800,10,305.1,0.8049,0.8049
Chronopotentiometry,0.02,1800,10,305.2,0.8048,0.8048
Chronopotentiometry,0.02,1800,10,305.3,0.8048,0.8048
Chronopotentiometry,0.02,1800,10,305.4,0.8048,0.8048
Chronopotentiometry,0.02,1800,10,305.5,0.8049,0.8049
Chronopotentiometry,0.02,1800,10,305.6,0.8048,0.8048
Chronopotentiometry,0.02,1800,10,305.7,0.8048,0.8048
Chronopotentiometry,0.02,1800,10,305.8,0.8048,0.8048
Chronopotentiometry,0.02,1800,10,305.9,0.8049,0.8049
Chronopotentiometry,0.02,1800,10,306.0,0.8048,0.8048
Chronopotentiometry,0.02,1800,10,306.1,0.8049,0.8049
Chronopotentiometry,0.02,1800,10,306.2,0.8049,0.8049
Chronopotentiometry,0.02,1800,10,306.3,0.8048,0.8048
Chronopotentiometry,0.02,1800,10,306.4,0.8048,0.8048
Chronopotentiometry,0.02,1800,10,306.5,0.8049,0.8049
Chronopotentiometry,0.02,1800,10,306.6,0.8049,0.8049
Chronopotentiometry,0.02,1800,10,306.7,0.8049,0.8049
Chronopotentiometry,0.02,1800,10,306.8,0.805,0.805
Chronopotentiometry,0.02,1800,10,306.9,0.805,0.805
Chronopotentiometry,0.02,1800,10,307.0,0.8049,0.8049
Chronopotentiometry,0.02,1800,10,307.1,0.8049,0.8049
Chronopotentiometry,0.02,1800,10,307.2,0.805,0.805
Chronopotentiometry,0.02,1800,10,307.3,0.8049,0.8049
Chronopotentiometry,0.02,1800,10,307.4,0.8049,0.8049
Chronopotentiometry,0.02,1800,10,307.5,0.805,0.805
Chronopotentiometry,0.02,1800,10,307.6,0.805,0.805
Chronopotentiometry,0.02,1800,10,307.7,0.805,0.805
Chronopotentiometry,0.02,1800,10,307.8,0.805,0.805
Chronopotentiometry,0.02,1800,10,307.9,0.805,0.805
Chronopotentiometry,0.02,1800,10,308.0,0.805,0.805
Chronopotentiometry,0.02,1800,10,308.1,0.8049,0.8049
Chronopotentiometry,0.02,1800,10,308.2,0.805,0.805
Chronopotentiometry,0.02,1800,10,308.3,0.8051,0.8051
Chronopotentiometry,0.02,1800,10,308.4,0.8051,0.8051
Chronopotentiometry,0.02,1800,10,308.5,0.8051,0.8051
Chronopotentiometry,0.02,1800,10,308.6,0.805,0.805
Chronopotentiometry,0.02,1800,10,308.7,0.8051,0.8051
Chronopotentiometry,0.02,1800,10,308.8,0.805,0.805
Chronopotentiometry,0.02,1800,10,308.9,0.805,0.805
Chronopotentiometry,0.02,1800,10,309.0,0.805,0.805
Chronopotentiometry,0.02,1800,10,309.1,0.805,0.805
Chronopotentiometry,0.02,1800,10,309.2,0.805,0.805
Chronopotentiometry,0.02,1800,10,309.3,0.8051,0.8051
Chronopotentiometry,0.02,1800,10,309.4,0.805,0.805
Chronopotentiometry,0.02,1800,10,309.5,0.805,0.805
Chronopotentiometry,0.02,1800,10,309.6,0.8051,0.8051
Chronopotentiometry,0.02,1800,10,309.7,0.805,0.805
Chronopotentiometry,0.02,1800,10,309.8,0.805,0.805
Chronopotentiometry,0.02,1800,10,309.9,0.8051,0.8051
Chronopotentiometry,0.02,1800,10,310.0,0.8051,0.8051
Chronopotentiometry,0.02,1800,10,310.1,0.8051,0.8051
Chronopotentiometry,0.02,1800,10,310.2,0.8052,0.8052
Chronopotentiometry,0.02,1800,10,310.3,0.8052,0.8052
Chronopotentiometry,0.02,1800,10,310.4,0.8051,0.8051
Chronopotentiometry,0.02,1800,10,310.5,0.8051,0.8051
Chronopotentiometry,0.02,1800,10,310.6,0.8051,0.8051
Chronopotentiometry,0.02,1800,10,310.7,0.8051,0.8051
Chronopotentiometry,0.02,1800,10,310.8,0.8051,0.8051
Chronopotentiometry,0.02,1800,10,310.9,0.8051,0.8051
Chronopotentiometry,0.02,1800,10,311.0,0.8052,0.8052
Chronopotentiometry,0.02,1800,10,311.1,0.8052,0.8052
Chronopotentiometry,0.02,1800,10,311.2,0.8052,0.8052
Chronopotentiometry,0.02,1800,10,311.3,0.8052,0.8052
Chronopotentiometry,0.02,1800,10,311.4,0.8052,0.8052
Chronopotentiometry,0.02,1800,10,311.5,0.8051,0.8051
Chronopotentiometry,0.02,1800,10,311.6,0.8051,0.8051
Chronopotentiometry,0.02,1800,10,311.7,0.8052,0.8052
Chronopotentiometry,0.02,1800,10,311.8,0.8052,0.8052
Chronopotentiometry,0.02,1800,10,311.9,0.8052,0.8052
Chronopotentiometry,0.02,1800,10,312.0,0.8052,0.8052
Chronopotentiometry,0.02,1800,10,312.1,0.8051,0.8051
Chronopotentiometry,0.02,1800,10,312.2,0.8052,0.8052
Chronopotentiometry,0.02,1800,10,312.3,0.8052,0.8052
Chronopotentiometry,0.02,1800,10,312.4,0.8052,0.8052
Chronopotentiometry,0.02,1800,10,312.5,0.8052,0.8052
Chronopotentiometry,0.02,1800,10,312.6,0.8052,0.8052
Chronopotentiometry,0.02,1800,10,312.7,0.8053,0.8053
Chronopotentiometry,0.02,1800,10,312.8,0.8053,0.8053
Chronopotentiometry,0.02,1800,10,312.9,0.8053,0.8053
Chronopotentiometry,0.02,1800,10,313.0,0.8052,0.8052
Chronopotentiometry,0.02,1800,10,313.1,0.8052,0.8052
Chronopotentiometry,0.02,1800,10,313.2,0.8053,0.8053
Chronopotentiometry,0.02,1800,10,313.3,0.8052,0.8052
Chronopotentiometry,0.02,1800,10,313.4,0.8052,0.8052
Chronopotentiometry,0.02,1800,10,313.5,0.8052,0.8052
Chronopotentiometry,0.02,1800,10,313.6,0.8052,0.8052
Chronopotentiometry,0.02,1800,10,313.7,0.8053,0.8053
Chronopotentiometry,0.02,1800,10,313.8,0.8052,0.8052
Chronopotentiometry,0.02,1800,10,313.9,0.8052,0.8052
Chronopotentiometry,0.02,1800,10,314.0,0.8052,0.8052
Chronopotentiometry,0.02,1800,10,314.1,0.8053,0.8053
Chronopotentiometry,0.02,1800,10,314.2,0.8052,0.8052
Chronopotentiometry,0.02,1800,10,314.3,0.8053,0.8053
Chronopotentiometry,0.02,1800,10,314.4,0.8054,0.8054
Chronopotentiometry,0.02,1800,10,314.5,0.8053,0.8053
Chronopotentiometry,0.02,1800,10,314.6,0.8053,0.8053
Chronopotentiometry,0.02,1800,10,314.7,0.8053,0.8053
Chronopotentiometry,0.02,1800,10,314.8,0.8053,0.8053
Chronopotentiometry,0.02,1800,10,314.9,0.8054,0.8054
Chronopotentiometry,0.02,1800,10,315.0,0.8053,0.8053
Chronopotentiometry,0.02,1800,10,315.1,0.8053,0.8053
Chronopotentiometry,0.02,1800,10,315.2,0.8053,0.8053
Chronopotentiometry,0.02,1800,10,315.3,0.8053,0.8053
Chronopotentiometry,0.02,1800,10,315.4,0.8054,0.8054
Chronopotentiometry,0.02,1800,10,315.5,0.8054,0.8054
Chronopotentiometry,0.02,1800,10,315.6,0.8055,0.8055
Chronopotentiometry,0.02,1800,10,315.7,0.8054,0.8054
Chronopotentiometry,0.02,1800,10,315.8,0.8053,0.8053
Chronopotentiometry,0.02,1800,10,315.9,0.8054,0.8054
Chronopotentiometry,0.02,1800,10,316.0,0.8053,0.8053
Chronopotentiometry,0.02,1800,10,316.1,0.8055,0.8055
Chronopotentiometry,0.02,1800,10,316.2,0.8055,0.8055
Chronopotentiometry,0.02,1800,10,316.3,0.8055,0.8055
Chronopotentiometry,0.02,1800,10,316.4,0.8055,0.8055
Chronopotentiometry,0.02,1800,10,316.5,0.8054,0.8054
Chronopotentiometry,0.02,1800,10,316.6,0.8054,0.8054
Chronopotentiometry,0.02,1800,10,316.7,0.8054,0.8054
Chronopotentiometry,0.02,1800,10,316.8,0.8054,0.8054
Chronopotentiometry,0.02,1800,10,316.9,0.8054,0.8054
Chronopotentiometry,0.02,1800,10,317.0,0.8055,0.8055
Chronopotentiometry,0.02,1800,10,317.1,0.8055,0.8055
Chronopotentiometry,0.02,1800,10,317.2,0.8054,0.8054
Chronopotentiometry,0.02,1800,10,317.3,0.8055,0.8055
Chronopotentiometry,0.02,1800,10,317.4,0.8056,0.8056
Chronopotentiometry,0.02,1800,10,317.5,0.8056,0.8056
Chronopotentiometry,0.02,1800,10,317.6,0.8055,0.8055
Chronopotentiometry,0.02,1800,10,317.7,0.8055,0.8055
Chronopotentiometry,0.02,1800,10,317.8,0.8055,0.8055
Chronopotentiometry,0.02,1800,10,317.9,0.8054,0.8054
Chronopotentiometry,0.02,1800,10,318.0,0.8055,0.8055
Chronopotentiometry,0.02,1800,10,318.1,0.8055,0.8055
Chronopotentiometry,0.02,1800,10,318.2,0.8055,0.8055
Chronopotentiometry,0.02,1800,10,318.3,0.8055,0.8055
Chronopotentiometry,0.02,1800,10,318.4,0.8055,0.8055
Chronopotentiometry,0.02,1800,10,318.5,0.8056,0.8056
Chronopotentiometry,0.02,1800,10,318.6,0.8056,0.8056
Chronopotentiometry,0.02,1800,10,318.7,0.8056,0.8056
Chronopotentiometry,0.02,1800,10,318.8,0.8055,0.8055
Chronopotentiometry,0.02,1800,10,318.9,0.8055,0.8055
Chronopotentiometry,0.02,1800,10,319.0,0.8056,0.8056
Chronopotentiometry,0.02,1800,10,319.1,0.8056,0.8056
Chronopotentiometry,0.02,1800,10,319.2,0.8056,0.8056
Chronopotentiometry,0.02,1800,10,319.3,0.8056,0.8056
Chronopotentiometry,0.02,1800,10,319.4,0.8056,0.8056
Chronopotentiometry,0.02,1800,10,319.5,0.8056,0.8056
Chronopotentiometry,0.02,1800,10,319.6,0.8055,0.8055
Chronopotentiometry,0.02,1800,10,319.7,0.8055,0.8055
Chronopotentiometry,0.02,1800,10,319.8,0.8056,0.8056
Chronopotentiometry,0.02,1800,10,319.9,0.8056,0.8056
Chronopotentiometry,0.02,1800,10,320.0,0.8056,0.8056
Chronopotentiometry,0.02,1800,10,320.1,0.8056,0.8056
Chronopotentiometry,0.02,1800,10,320.2,0.8055,0.8055
Chronopotentiometry,0.02,1800,10,320.3,0.8055,0.8055
Chronopotentiometry,0.02,1800,10,320.4,0.8056,0.8056
Chronopotentiometry,0.02,1800,10,320.5,0.8056,0.8056
Chronopotentiometry,0.02,1800,10,320.6,0.8055,0.8055
Chronopotentiometry,0.02,1800,10,320.7,0.8056,0.8056
Chronopotentiometry,0.02,1800,10,320.8,0.8056,0.8056
Chronopotentiometry,0.02,1800,10,320.9,0.8056,0.8056
Chronopotentiometry,0.02,1800,10,321.0,0.8056,0.8056
Chronopotentiometry,0.02,1800,10,321.1,0.8056,0.8056
Chronopotentiometry,0.02,1800,10,321.2,0.8056,0.8056
Chronopotentiometry,0.02,1800,10,321.3,0.8056,0.8056
Chronopotentiometry,0.02,1800,10,321.4,0.8057,0.8057
Chronopotentiometry,0.02,1800,10,321.5,0.8056,0.8056
Chronopotentiometry,0.02,1800,10,321.6,0.8057,0.8057
Chronopotentiometry,0.02,1800,10,321.7,0.8056,0.8056
Chronopotentiometry,0.02,1800,10,321.8,0.8057,0.8057
Chronopotentiometry,0.02,1800,10,321.9,0.8056,0.8056
Chronopotentiometry,0.02,1800,10,322.0,0.8057,0.8057
Chronopotentiometry,0.02,1800,10,322.1,0.8057,0.8057
Chronopotentiometry,0.02,1800,10,322.2,0.8058,0.8058
Chronopotentiometry,0.02,1800,10,322.3,0.8057,0.8057
Chronopotentiometry,0.02,1800,10,322.4,0.8058,0.8058
Chronopotentiometry,0.02,1800,10,322.5,0.8058,0.8058
Chronopotentiometry,0.02,1800,10,322.6,0.8058,0.8058
Chronopotentiometry,0.02,1800,10,322.7,0.8057,0.8057
Chronopotentiometry,0.02,1800,10,322.8,0.8057,0.8057
Chronopotentiometry,0.02,1800,10,322.9,0.8058,0.8058
Chronopotentiometry,0.02,1800,10,323.0,0.8058,0.8058
Chronopotentiometry,0.02,1800,10,323.1,0.8058,0.8058
Chronopotentiometry,0.02,1800,10,323.2,0.8058,0.8058
Chronopotentiometry,0.02,1800,10,323.3,0.8058,0.8058
Chronopotentiometry,0.02,1800,10,323.4,0.8058,0.8058
Chronopotentiometry,0.02,1800,10,323.5,0.8058,0.8058
Chronopotentiometry,0.02,1800,10,323.6,0.8059,0.8059
Chronopotentiometry,0.02,1800,10,323.7,0.8058,0.8058
Chronopotentiometry,0.02,1800,10,323.8,0.8058,0.8058
Chronopotentiometry,0.02,1800,10,323.9,0.8058,0.8058
Chronopotentiometry,0.02,1800,10,324.0,0.8058,0.8058
Chronopotentiometry,0.02,1800,10,324.1,0.8059,0.8059
Chronopotentiometry,0.02,1800,10,324.2,0.8058,0.8058
Chronopotentiometry,0.02,1800,10,324.3,0.8058,0.8058
Chronopotentiometry,0.02,1800,10,324.4,0.8059,0.8059
Chronopotentiometry,0.02,1800,10,324.5,0.8059,0.8059
Chronopotentiometry,0.02,1800,10,324.6,0.8059,0.8059
Chronopotentiometry,0.02,1800,10,324.7,0.8059,0.8059
Chronopotentiometry,0.02,1800,10,324.8,0.8059,0.8059
Chronopotentiometry,0.02,1800,10,324.9,0.8059,0.8059
Chronopotentiometry,0.02,1800,10,325.0,0.8059,0.8059
Chronopotentiometry,0.02,1800,10,325.1,0.8059,0.8059
Chronopotentiometry,0.02,1800,10,325.2,0.8059,0.8059
Chronopotentiometry,0.02,1800,10,325.3,0.806,0.806
Chronopotentiometry,0.02,1800,10,325.4,0.806,0.806
Chronopotentiometry,0.02,1800,10,325.5,0.8059,0.8059
Chronopotentiometry,0.02,1800,10,325.6,0.806,0.806
Chronopotentiometry,0.02,1800,10,325.7,0.806,0.806
Chronopotentiometry,0.02,1800,10,325.8,0.8059,0.8059
Chronopotentiometry,0.02,1800,10,325.9,0.8059,0.8059
Chronopotentiometry,0.02,1800,10,326.0,0.8059,0.8059
Chronopotentiometry,0.02,1800,10,326.1,0.8059,0.8059
Chronopotentiometry,0.02,1800,10,326.2,0.8059,0.8059
Chronopotentiometry,0.02,1800,10,326.3,0.806,0.806
Chronopotentiometry,0.02,1800,10,326.4,0.806,0.806
Chronopotentiometry,0.02,1800,10,326.5,0.806,0.806
Chronopotentiometry,0.02,1800,10,326.6,0.806,0.806
Chronopotentiometry,0.02,1800,10,326.7,0.806,0.806
Chronopotentiometry,0.02,1800,10,326.8,0.806,0.806
Chronopotentiometry,0.02,1800,10,326.9,0.8061,0.8061
Chronopotentiometry,0.02,1800,10,327.0,0.8061,0.8061
Chronopotentiometry,0.02,1800,10,327.1,0.8061,0.8061
Chronopotentiometry,0.02,1800,10,327.2,0.8061,0.8061
Chronopotentiometry,0.02,1800,10,327.3,0.806,0.806
Chronopotentiometry,0.02,1800,10,327.4,0.8061,0.8061
Chronopotentiometry,0.02,1800,10,327.5,0.806,0.806
Chronopotentiometry,0.02,1800,10,327.6,0.8061,0.8061
Chronopotentiometry,0.02,1800,10,327.7,0.8061,0.8061
Chronopotentiometry,0.02,1800,10,327.8,0.8061,0.8061
Chronopotentiometry,0.02,1800,10,327.9,0.8061,0.8061
Chronopotentiometry,0.02,1800,10,328.0,0.8061,0.8061
Chronopotentiometry,0.02,1800,10,328.1,0.8061,0.8061
Chronopotentiometry,0.02,1800,10,328.2,0.8062,0.8062
Chronopotentiometry,0.02,1800,10,328.3,0.8062,0.8062
Chronopotentiometry,0.02,1800,10,328.4,0.8061,0.8061
Chronopotentiometry,0.02,1800,10,328.5,0.8062,0.8062
Chronopotentiometry,0.02,1800,10,328.6,0.8062,0.8062
Chronopotentiometry,0.02,1800,10,328.7,0.8061,0.8061
Chronopotentiometry,0.02,1800,10,328.8,0.8062,0.8062
Chronopotentiometry,0.02,1800,10,328.9,0.8062,0.8062
Chronopotentiometry,0.02,1800,10,329.0,0.8062,0.8062
Chronopotentiometry,0.02,1800,10,329.1,0.8062,0.8062
Chronopotentiometry,0.02,1800,10,329.2,0.8061,0.8061
Chronopotentiometry,0.02,1800,10,329.3,0.8062,0.8062
Chronopotentiometry,0.02,1800,10,329.4,0.8062,0.8062
Chronopotentiometry,0.02,1800,10,329.5,0.8062,0.8062
Chronopotentiometry,0.02,1800,10,329.6,0.8062,0.8062
Chronopotentiometry,0.02,1800,10,329.7,0.8062,0.8062
Chronopotentiometry,0.02,1800,10,329.8,0.8062,0.8062
Chronopotentiometry,0.02,1800,10,329.9,0.8062,0.8062
Chronopotentiometry,0.02,1800,10,330.0,0.8063,0.8063
Chronopotentiometry,0.02,1800,10,330.1,0.8063,0.8063
Chronopotentiometry,0.02,1800,10,330.2,0.8062,0.8062
Chronopotentiometry,0.02,1800,10,330.3,0.8062,0.8062
Chronopotentiometry,0.02,1800,10,330.4,0.8063,0.8063
Chronopotentiometry,0.02,1800,10,330.5,0.8063,0.8063
Chronopotentiometry,0.02,1800,10,330.6,0.8062,0.8062
Chronopotentiometry,0.02,1800,10,330.7,0.8063,0.8063
Chronopotentiometry,0.02,1800,10,330.8,0.8063,0.8063
Chronopotentiometry,0.02,1800,10,330.9,0.8063,0.8063
Chronopotentiometry,0.02,1800,10,331.0,0.8063,0.8063
Chronopotentiometry,0.02,1800,10,331.1,0.8063,0.8063
Chronopotentiometry,0.02,1800,10,331.2,0.8064,0.8064
Chronopotentiometry,0.02,1800,10,331.3,0.8064,0.8064
Chronopotentiometry,0.02,1800,10,331.4,0.8064,0.8064
Chronopotentiometry,0.02,1800,10,331.5,0.8063,0.8063
Chronopotentiometry,0.02,1800,10,331.6,0.8064,0.8064
Chronopotentiometry,0.02,1800,10,331.7,0.8064,0.8064
Chronopotentiometry,0.02,1800,10,331.8,0.8064,0.8064
Chronopotentiometry,0.02,1800,10,331.9,0.8064,0.8064
Chronopotentiometry,0.02,1800,10,332.0,0.8065,0.8065
Chronopotentiometry,0.02,1800,10,332.1,0.8064,0.8064
Chronopotentiometry,0.02,1800,10,332.2,0.8064,0.8064
Chronopotentiometry,0.02,1800,10,332.3,0.8063,0.8063
Chronopotentiometry,0.02,1800,10,332.4,0.8063,0.8063
Chronopotentiometry,0.02,1800,10,332.5,0.8063,0.8063
Chronopotentiometry,0.02,1800,10,332.6,0.8064,0.8064
Chronopotentiometry,0.02,1800,10,332.7,0.8064,0.8064
Chronopotentiometry,0.02,1800,10,332.8,0.8065,0.8065
Chronopotentiometry,0.02,1800,10,332.9,0.8065,0.8065
Chronopotentiometry,0.02,1800,10,333.0,0.8065,0.8065
Chronopotentiometry,0.02,1800,10,333.1,0.8065,0.8065
Chronopotentiometry,0.02,1800,10,333.2,0.8065,0.8065
Chronopotentiometry,0.02,1800,10,333.3,0.8064,0.8064
Chronopotentiometry,0.02,1800,10,333.4,0.8065,0.8065
Chronopotentiometry,0.02,1800,10,333.5,0.8065,0.8065
Chronopotentiometry,0.02,1800,10,333.6,0.8064,0.8064
Chronopotentiometry,0.02,1800,10,333.7,0.8064,0.8064
Chronopotentiometry,0.02,1800,10,333.8,0.8065,0.8065
Chronopotentiometry,0.02,1800,10,333.9,0.8065,0.8065
Chronopotentiometry,0.02,1800,10,334.0,0.8064,0.8064
Chronopotentiometry,0.02,1800,10,334.1,0.8065,0.8065
Chronopotentiometry,0.02,1800,10,334.2,0.8065,0.8065
Chronopotentiometry,0.02,1800,10,334.3,0.8065,0.8065
Chronopotentiometry,0.02,1800,10,334.4,0.8065,0.8065
Chronopotentiometry,0.02,1800,10,334.5,0.8065,0.8065
Chronopotentiometry,0.02,1800,10,334.6,0.8065,0.8065
Chronopotentiometry,0.02,1800,10,334.7,0.8065,0.8065
Chronopotentiometry,0.02,1800,10,334.8,0.8065,0.8065
Chronopotentiometry,0.02,1800,10,334.9,0.8066,0.8066
Chronopotentiometry,0.02,1800,10,335.0,0.8066,0.8066
Chronopotentiometry,0.02,1800,10,335.1,0.8066,0.8066
Chronopotentiometry,0.02,1800,10,335.2,0.8066,0.8066
Chronopotentiometry,0.02,1800,10,335.3,0.8067,0.8067
Chronopotentiometry,0.02,1800,10,335.4,0.8067,0.8067
Chronopotentiometry,0.02,1800,10,335.5,0.8065,0.8065
Chronopotentiometry,0.02,1800,10,335.6,0.8065,0.8065
Chronopotentiometry,0.02,1800,10,335.7,0.8065,0.8065
Chronopotentiometry,0.02,1800,10,335.8,0.8066,0.8066
Chronopotentiometry,0.02,1800,10,335.9,0.8066,0.8066
Chronopotentiometry,0.02,1800,10,336.0,0.8066,0.8066
Chronopotentiometry,0.02,1800,10,336.1,0.8066,0.8066
Chronopotentiometry,0.02,1800,10,336.2,0.8067,0.8067
Chronopotentiometry,0.02,1800,10,336.3,0.8067,0.8067
Chronopotentiometry,0.02,1800,10,336.4,0.8067,0.8067
Chronopotentiometry,0.02,1800,10,336.5,0.8066,0.8066
Chronopotentiometry,0.02,1800,10,336.6,0.8067,0.8067
Chronopotentiometry,0.02,1800,10,336.7,0.8066,0.8066
Chronopotentiometry,0.02,1800,10,336.8,0.8066,0.8066
Chronopotentiometry,0.02,1800,10,336.9,0.8066,0.8066
Chronopotentiometry,0.02,1800,10,337.0,0.8067,0.8067
Chronopotentiometry,0.02,1800,10,337.1,0.8067,0.8067
Chronopotentiometry,0.02,1800,10,337.2,0.8067,0.8067
Chronopotentiometry,0.02,1800,10,337.3,0.8067,0.8067
Chronopotentiometry,0.02,1800,10,337.4,0.8067,0.8067
Chronopotentiometry,0.02,1800,10,337.5,0.8067,0.8067
Chronopotentiometry,0.02,1800,10,337.6,0.8067,0.8067
Chronopotentiometry,0.02,1800,10,337.7,0.8067,0.8067
Chronopotentiometry,0.02,1800,10,337.8,0.8067,0.8067
Chronopotentiometry,0.02,1800,10,337.9,0.8067,0.8067
Chronopotentiometry,0.02,1800,10,338.0,0.8067,0.8067
Chronopotentiometry,0.02,1800,10,338.1,0.8068,0.8068
Chronopotentiometry,0.02,1800,10,338.2,0.8067,0.8067
Chronopotentiometry,0.02,1800,10,338.3,0.8068,0.8068
Chronopotentiometry,0.02,1800,10,338.4,0.8067,0.8067
Chronopotentiometry,0.02,1800,10,338.5,0.8068,0.8068
Chronopotentiometry,0.02,1800,10,338.6,0.8068,0.8068
Chronopotentiometry,0.02,1800,10,338.7,0.8068,0.8068
Chronopotentiometry,0.02,1800,10,338.8,0.8068,0.8068
Chronopotentiometry,0.02,1800,10,338.9,0.8068,0.8068
Chronopotentiometry,0.02,1800,10,339.0,0.8067,0.8067
Chronopotentiometry,0.02,1800,10,339.1,0.8067,0.8067
Chronopotentiometry,0.02,1800,10,339.2,0.8068,0.8068
Chronopotentiometry,0.02,1800,10,339.3,0.8068,0.8068
Chronopotentiometry,0.02,1800,10,339.4,0.8067,0.8067
Chronopotentiometry,0.02,1800,10,339.5,0.8067,0.8067
Chronopotentiometry,0.02,1800,10,339.6,0.8066,0.8066
Chronopotentiometry,0.02,1800,10,339.7,0.8067,0.8067
Chronopotentiometry,0.02,1800,10,339.8,0.8068,0.8068
Chronopotentiometry,0.02,1800,10,339.9,0.8067,0.8067
Chronopotentiometry,0.02,1800,10,340.0,0.8066,0.8066
Chronopotentiometry,0.02,1800,10,340.1,0.8067,0.8067
Chronopotentiometry,0.02,1800,10,340.2,0.8068,0.8068
Chronopotentiometry,0.02,1800,10,340.3,0.8068,0.8068
Chronopotentiometry,0.02,1800,10,340.4,0.8067,0.8067
Chronopotentiometry,0.02,1800,10,340.5,0.8068,0.8068
Chronopotentiometry,0.02,1800,10,340.6,0.8068,0.8068
Chronopotentiometry,0.02,1800,10,340.7,0.8069,0.8069
Chronopotentiometry,0.02,1800,10,340.8,0.8068,0.8068
Chronopotentiometry,0.02,1800,10,340.9,0.8068,0.8068
Chronopotentiometry,0.02,1800,10,341.0,0.8069,0.8069
Chronopotentiometry,0.02,1800,10,341.1,0.8069,0.8069
Chronopotentiometry,0.02,1800,10,341.2,0.8069,0.8069
Chronopotentiometry,0.02,1800,10,341.3,0.8068,0.8068
Chronopotentiometry,0.02,1800,10,341.4,0.8069,0.8069
Chronopotentiometry,0.02,1800,10,341.5,0.8069,0.8069
Chronopotentiometry,0.02,1800,10,341.6,0.807,0.807
Chronopotentiometry,0.02,1800,10,341.7,0.807,0.807
Chronopotentiometry,0.02,1800,10,341.8,0.8068,0.8068
Chronopotentiometry,0.02,1800,10,341.9,0.8069,0.8069
Chronopotentiometry,0.02,1800,10,342.0,0.8068,0.8068
Chronopotentiometry,0.02,1800,10,342.1,0.8069,0.8069
Chronopotentiometry,0.02,1800,10,342.2,0.8069,0.8069
Chronopotentiometry,0.02,1800,10,342.3,0.8069,0.8069
Chronopotentiometry,0.02,1800,10,342.4,0.8069,0.8069
Chronopotentiometry,0.02,1800,10,342.5,0.8069,0.8069
Chronopotentiometry,0.02,1800,10,342.6,0.807,0.807
Chronopotentiometry,0.02,1800,10,342.7,0.807,0.807
Chronopotentiometry,0.02,1800,10,342.8,0.807,0.807
Chronopotentiometry,0.02,1800,10,342.9,0.807,0.807
Chronopotentiometry,0.02,1800,10,343.0,0.807,0.807
Chronopotentiometry,0.02,1800,10,343.1,0.807,0.807
Chronopotentiometry,0.02,1800,10,343.2,0.8071,0.8071
Chronopotentiometry,0.02,1800,10,343.3,0.807,0.807
Chronopotentiometry,0.02,1800,10,343.4,0.807,0.807
Chronopotentiometry,0.02,1800,10,343.5,0.807,0.807
Chronopotentiometry,0.02,1800,10,343.6,0.807,0.807
Chronopotentiometry,0.02,1800,10,343.7,0.807,0.807
Chronopotentiometry,0.02,1800,10,343.8,0.807,0.807
Chronopotentiometry,0.02,1800,10,343.9,0.807,0.807
Chronopotentiometry,0.02,1800,10,344.0,0.807,0.807
Chronopotentiometry,0.02,1800,10,344.1,0.8071,0.8071
Chronopotentiometry,0.02,1800,10,344.2,0.8071,0.8071
Chronopotentiometry,0.02,1800,10,344.3,0.8071,0.8071
Chronopotentiometry,0.02,1800,10,344.4,0.8071,0.8071
Chronopotentiometry,0.02,1800,10,344.5,0.8071,0.8071
Chronopotentiometry,0.02,1800,10,344.6,0.8071,0.8071
Chronopotentiometry,0.02,1800,10,344.7,0.8071,0.8071
Chronopotentiometry,0.02,1800,10,344.8,0.8071,0.8071
Chronopotentiometry,0.02,1800,10,344.9,0.8071,0.8071
Chronopotentiometry,0.02,1800,10,345.0,0.8072,0.8072
Chronopotentiometry,0.02,1800,10,345.1,0.8072,0.8072
Chronopotentiometry,0.02,1800,10,345.2,0.8071,0.8071
Chronopotentiometry,0.02,1800,10,345.3,0.8072,0.8072
Chronopotentiometry,0.02,1800,10,345.4,0.8072,0.8072
Chronopotentiometry,0.02,1800,10,345.5,0.8072,0.8072
Chronopotentiometry,0.02,1800,10,345.6,0.8072,0.8072
Chronopotentiometry,0.02,1800,10,345.7,0.8071,0.8071
Chronopotentiometry,0.02,1800,10,345.8,0.8072,0.8072
Chronopotentiometry,0.02,1800,10,345.9,0.8072,0.8072
Chronopotentiometry,0.02,1800,10,346.0,0.8072,0.8072
Chronopotentiometry,0.02,1800,10,346.1,0.8072,0.8072
Chronopotentiometry,0.02,1800,10,346.2,0.8072,0.8072
Chronopotentiometry,0.02,1800,10,346.3,0.8072,0.8072
Chronopotentiometry,0.02,1800,10,346.4,0.8072,0.8072
Chronopotentiometry,0.02,1800,10,346.5,0.8072,0.8072
Chronopotentiometry,0.02,1800,10,346.6,0.8073,0.8073
Chronopotentiometry,0.02,1800,10,346.7,0.8073,0.8073
Chronopotentiometry,0.02,1800,10,346.8,0.8073,0.8073
Chronopotentiometry,0.02,1800,10,346.9,0.8073,0.8073
Chronopotentiometry,0.02,1800,10,347.0,0.8072,0.8072
Chronopotentiometry,0.02,1800,10,347.1,0.8073,0.8073
Chronopotentiometry,0.02,1800,10,347.2,0.8073,0.8073
Chronopotentiometry,0.02,1800,10,347.3,0.8072,0.8072
Chronopotentiometry,0.02,1800,10,347.4,0.8072,0.8072
Chronopotentiometry,0.02,1800,10,347.5,0.8073,0.8073
Chronopotentiometry,0.02,1800,10,347.6,0.8073,0.8073
Chronopotentiometry,0.02,1800,10,347.7,0.8073,0.8073
Chronopotentiometry,0.02,1800,10,347.8,0.8073,0.8073
Chronopotentiometry,0.02,1800,10,347.9,0.8073,0.8073
Chronopotentiometry,0.02,1800,10,348.0,0.8073,0.8073
Chronopotentiometry,0.02,1800,10,348.1,0.8073,0.8073
Chronopotentiometry,0.02,1800,10,348.2,0.8074,0.8074
Chronopotentiometry,0.02,1800,10,348.3,0.8074,0.8074
Chronopotentiometry,0.02,1800,10,348.4,0.8074,0.8074
Chronopotentiometry,0.02,1800,10,348.5,0.8074,0.8074
Chronopotentiometry,0.02,1800,10,348.6,0.8073,0.8073
Chronopotentiometry,0.02,1800,10,348.7,0.8073,0.8073
Chronopotentiometry,0.02,1800,10,348.8,0.8074,0.8074
Chronopotentiometry,0.02,1800,10,348.9,0.8074,0.8074
Chronopotentiometry,0.02,1800,10,349.0,0.8074,0.8074
Chronopotentiometry,0.02,1800,10,349.1,0.8075,0.8075
Chronopotentiometry,0.02,1800,10,349.2,0.8075,0.8075
Chronopotentiometry,0.02,1800,10,349.3,0.8074,0.8074
Chronopotentiometry,0.02,1800,10,349.4,0.8074,0.8074
Chronopotentiometry,0.02,1800,10,349.5,0.8074,0.8074
Chronopotentiometry,0.02,1800,10,349.6,0.8074,0.8074
Chronopotentiometry,0.02,1800,10,349.7,0.8075,0.8075
Chronopotentiometry,0.02,1800,10,349.8,0.8074,0.8074
Chronopotentiometry,0.02,1800,10,349.9,0.8074,0.8074
Chronopotentiometry,0.02,1800,10,350.0,0.8074,0.8074
Chronopotentiometry,0.02,1800,10,350.1,0.8074,0.8074
Chronopotentiometry,0.02,1800,10,350.2,0.8074,0.8074
Chronopotentiometry,0.02,1800,10,350.3,0.8074,0.8074
Chronopotentiometry,0.02,1800,10,350.4,0.8074,0.8074
Chronopotentiometry,0.02,1800,10,350.5,0.8075,0.8075
Chronopotentiometry,0.02,1800,10,350.6,0.8075,0.8075
Chronopotentiometry,0.02,1800,10,350.7,0.8075,0.8075
Chronopotentiometry,0.02,1800,10,350.8,0.8074,0.8074
Chronopotentiometry,0.02,1800,10,350.9,0.8075,0.8075
Chronopotentiometry,0.02,1800,10,351.0,0.8076,0.8076
Chronopotentiometry,0.02,1800,10,351.1,0.8076,0.8076
Chronopotentiometry,0.02,1800,10,351.2,0.8076,0.8076
Chronopotentiometry,0.02,1800,10,351.3,0.8075,0.8075
Chronopotentiometry,0.02,1800,10,351.4,0.8075,0.8075
Chronopotentiometry,0.02,1800,10,351.5,0.8076,0.8076
Chronopotentiometry,0.02,1800,10,351.6,0.8076,0.8076
Chronopotentiometry,0.02,1800,10,351.7,0.8076,0.8076
Chronopotentiometry,0.02,1800,10,351.8,0.8076,0.8076
Chronopotentiometry,0.02,1800,10,351.9,0.8077,0.8077
Chronopotentiometry,0.02,1800,10,352.0,0.8077,0.8077
Chronopotentiometry,0.02,1800,10,352.1,0.8077,0.8077
Chronopotentiometry,0.02,1800,10,352.2,0.8076,0.8076
Chronopotentiometry,0.02,1800,10,352.3,0.8076,0.8076
Chronopotentiometry,0.02,1800,10,352.4,0.8077,0.8077
Chronopotentiometry,0.02,1800,10,352.5,0.8077,0.8077
Chronopotentiometry,0.02,1800,10,352.6,0.8077,0.8077
Chronopotentiometry,0.02,1800,10,352.7,0.8077,0.8077
Chronopotentiometry,0.02,1800,10,352.8,0.8077,0.8077
Chronopotentiometry,0.02,1800,10,352.9,0.8077,0.8077
Chronopotentiometry,0.02,1800,10,353.0,0.8077,0.8077
Chronopotentiometry,0.02,1800,10,353.1,0.8077,0.8077
Chronopotentiometry,0.02,1800,10,353.2,0.8076,0.8076
Chronopotentiometry,0.02,1800,10,353.3,0.8076,0.8076
Chronopotentiometry,0.02,1800,10,353.4,0.8077,0.8077
Chronopotentiometry,0.02,1800,10,353.5,0.8077,0.8077
Chronopotentiometry,0.02,1800,10,353.6,0.8077,0.8077
Chronopotentiometry,0.02,1800,10,353.7,0.8077,0.8077
Chronopotentiometry,0.02,1800,10,353.8,0.8078,0.8078
Chronopotentiometry,0.02,1800,10,353.9,0.8077,0.8077
Chronopotentiometry,0.02,1800,10,354.0,0.8077,0.8077
Chronopotentiometry,0.02,1800,10,354.1,0.8077,0.8077
Chronopotentiometry,0.02,1800,10,354.2,0.8077,0.8077
Chronopotentiometry,0.02,1800,10,354.3,0.8077,0.8077
Chronopotentiometry,0.02,1800,10,354.4,0.8077,0.8077
Chronopotentiometry,0.02,1800,10,354.5,0.8077,0.8077
Chronopotentiometry,0.02,1800,10,354.6,0.8077,0.8077
Chronopotentiometry,0.02,1800,10,354.7,0.8077,0.8077
Chronopotentiometry,0.02,1800,10,354.8,0.8077,0.8077
Chronopotentiometry,0.02,1800,10,354.9,0.8077,0.8077
Chronopotentiometry,0.02,1800,10,355.0,0.8078,0.8078
Chronopotentiometry,0.02,1800,10,355.1,0.8078,0.8078
Chronopotentiometry,0.02,1800,10,355.2,0.8078,0.8078
Chronopotentiometry,0.02,1800,10,355.3,0.8078,0.8078
Chronopotentiometry,0.02,1800,10,355.4,0.8078,0.8078
Chronopotentiometry,0.02,1800,10,355.5,0.8078,0.8078
Chronopotentiometry,0.02,1800,10,355.6,0.8079,0.8079
Chronopotentiometry,0.02,1800,10,355.7,0.8078,0.8078
Chronopotentiometry,0.02,1800,10,355.8,0.8078,0.8078
Chronopotentiometry,0.02,1800,10,355.9,0.8078,0.8078
Chronopotentiometry,0.02,1800,10,356.0,0.8078,0.8078
Chronopotentiometry,0.02,1800,10,356.1,0.8078,0.8078
Chronopotentiometry,0.02,1800,10,356.2,0.8078,0.8078
Chronopotentiometry,0.02,1800,10,356.3,0.8078,0.8078
Chronopotentiometry,0.02,1800,10,356.4,0.8079,0.8079
Chronopotentiometry,0.02,1800,10,356.5,0.8079,0.8079
Chronopotentiometry,0.02,1800,10,356.6,0.8079,0.8079
Chronopotentiometry,0.02,1800,10,356.7,0.8078,0.8078
Chronopotentiometry,0.02,1800,10,356.8,0.8078,0.8078
Chronopotentiometry,0.02,1800,10,356.9,0.8079,0.8079
Chronopotentiometry,0.02,1800,10,357.0,0.808,0.808
Chronopotentiometry,0.02,1800,10,357.1,0.8079,0.8079
Chronopotentiometry,0.02,1800,10,357.2,0.8078,0.8078
Chronopotentiometry,0.02,1800,10,357.3,0.808,0.808
Chronopotentiometry,0.02,1800,10,357.4,0.8079,0.8079
Chronopotentiometry,0.02,1800,10,357.5,0.808,0.808
Chronopotentiometry,0.02,1800,10,357.6,0.808,0.808
Chronopotentiometry,0.02,1800,10,357.7,0.8079,0.8079
Chronopotentiometry,0.02,1800,10,357.8,0.8079,0.8079
Chronopotentiometry,0.02,1800,10,357.9,0.808,0.808
Chronopotentiometry,0.02,1800,10,358.0,0.8079,0.8079
Chronopotentiometry,0.02,1800,10,358.1,0.808,0.808
Chronopotentiometry,0.02,1800,10,358.2,0.8079,0.8079
Chronopotentiometry,0.02,1800,10,358.3,0.808,0.808
Chronopotentiometry,0.02,1800,10,358.4,0.8081,0.8081
Chronopotentiometry,0.02,1800,10,358.5,0.808,0.808
Chronopotentiometry,0.02,1800,10,358.6,0.808,0.808
Chronopotentiometry,0.02,1800,10,358.7,0.808,0.808
Chronopotentiometry,0.02,1800,10,358.8,0.808,0.808
Chronopotentiometry,0.02,1800,10,358.9,0.808,0.808
Chronopotentiometry,0.02,1800,10,359.0,0.808,0.808
Chronopotentiometry,0.02,1800,10,359.1,0.8079,0.8079
Chronopotentiometry,0.02,1800,10,359.2,0.808,0.808
Chronopotentiometry,0.02,1800,10,359.3,0.808,0.808
Chronopotentiometry,0.02,1800,10,359.4,0.8079,0.8079
Chronopotentiometry,0.02,1800,10,359.5,0.808,0.808
Chronopotentiometry,0.02,1800,10,359.6,0.808,0.808
Chronopotentiometry,0.02,1800,10,359.7,0.808,0.808
Chronopotentiometry,0.02,1800,10,359.8,0.8081,0.8081
Chronopotentiometry,0.02,1800,10,359.9,0.808,0.808
Chronopotentiometry,0.02,1800,10,360.0,0.808,0.808
Chronopotentiometry,0.02,1800,10,360.1,0.808,0.808
Chronopotentiometry,0.02,1800,10,360.2,0.8081,0.8081
Chronopotentiometry,0.02,1800,10,360.3,0.8081,0.8081
Chronopotentiometry,0.02,1800,10,360.4,0.8081,0.8081
Chronopotentiometry,0.02,1800,10,360.5,0.8081,0.8081
Chronopotentiometry,0.02,1800,10,360.6,0.8081,0.8081
Chronopotentiometry,0.02,1800,10,360.7,0.8082,0.8082
Chronopotentiometry,0.02,1800,10,360.8,0.8082,0.8082
Chronopotentiometry,0.02,1800,10,360.9,0.8081,0.8081
Chronopotentiometry,0.02,1800,10,361.0,0.8082,0.8082
Chronopotentiometry,0.02,1800,10,361.1,0.8081,0.8081
Chronopotentiometry,0.02,1800,10,361.2,0.8082,0.8082
Chronopotentiometry,0.02,1800,10,361.3,0.8082,0.8082
Chronopotentiometry,0.02,1800,10,361.4,0.8082,0.8082
Chronopotentiometry,0.02,1800,10,361.5,0.8082,0.8082
Chronopotentiometry,0.02,1800,10,361.6,0.8082,0.8082
Chronopotentiometry,0.02,1800,10,361.7,0.8081,0.8081
Chronopotentiometry,0.02,1800,10,361.8,0.8082,0.8082
Chronopotentiometry,0.02,1800,10,361.9,0.8082,0.8082
Chronopotentiometry,0.02,1800,10,362.0,0.8082,0.8082
Chronopotentiometry,0.02,1800,10,362.1,0.8081,0.8081
Chronopotentiometry,0.02,1800,10,362.2,0.8081,0.8081
Chronopotentiometry,0.02,1800,10,362.3,0.8081,0.8081
Chronopotentiometry,0.02,1800,10,362.4,0.8082,0.8082
Chronopotentiometry,0.02,1800,10,362.5,0.8083,0.8083
Chronopotentiometry,0.02,1800,10,362.6,0.8082,0.8082
Chronopotentiometry,0.02,1800,10,362.7,0.8082,0.8082
Chronopotentiometry,0.02,1800,10,362.8,0.8082,0.8082
Chronopotentiometry,0.02,1800,10,362.9,0.8082,0.8082
Chronopotentiometry,0.02,1800,10,363.0,0.8082,0.8082
Chronopotentiometry,0.02,1800,10,363.1,0.8082,0.8082
Chronopotentiometry,0.02,1800,10,363.2,0.8082,0.8082
Chronopotentiometry,0.02,1800,10,363.3,0.8082,0.8082
Chronopotentiometry,0.02,1800,10,363.4,0.8082,0.8082
Chronopotentiometry,0.02,1800,10,363.5,0.8082,0.8082
Chronopotentiometry,0.02,1800,10,363.6,0.8082,0.8082
Chronopotentiometry,0.02,1800,10,363.7,0.8083,0.8083
Chronopotentiometry,0.02,1800,10,363.8,0.8083,0.8083
Chronopotentiometry,0.02,1800,10,363.9,0.8082,0.8082
Chronopotentiometry,0.02,1800,10,364.0,0.8082,0.8082
Chronopotentiometry,0.02,1800,10,364.1,0.8082,0.8082
Chronopotentiometry,0.02,1800,10,364.2,0.8082,0.8082
Chronopotentiometry,0.02,1800,10,364.3,0.8083,0.8083
Chronopotentiometry,0.02,1800,10,364.4,0.8083,0.8083
Chronopotentiometry,0.02,1800,10,364.5,0.8083,0.8083
Chronopotentiometry,0.02,1800,10,364.6,0.8083,0.8083
Chronopotentiometry,0.02,1800,10,364.7,0.8084,0.8084
Chronopotentiometry,0.02,1800,10,364.8,0.8083,0.8083
Chronopotentiometry,0.02,1800,10,364.9,0.8083,0.8083
Chronopotentiometry,0.02,1800,10,365.0,0.8083,0.8083
Chronopotentiometry,0.02,1800,10,365.1,0.8083,0.8083
Chronopotentiometry,0.02,1800,10,365.2,0.8083,0.8083
Chronopotentiometry,0.02,1800,10,365.3,0.8083,0.8083
Chronopotentiometry,0.02,1800,10,365.4,0.8084,0.8084
Chronopotentiometry,0.02,1800,10,365.5,0.8083,0.8083
Chronopotentiometry,0.02,1800,10,365.6,0.8084,0.8084
Chronopotentiometry,0.02,1800,10,365.7,0.8084,0.8084
Chronopotentiometry,0.02,1800,10,365.8,0.8083,0.8083
Chronopotentiometry,0.02,1800,10,365.9,0.8084,0.8084
Chronopotentiometry,0.02,1800,10,366.0,0.8084,0.8084
Chronopotentiometry,0.02,1800,10,366.1,0.8083,0.8083
Chronopotentiometry,0.02,1800,10,366.2,0.8083,0.8083
Chronopotentiometry,0.02,1800,10,366.3,0.8083,0.8083
Chronopotentiometry,0.02,1800,10,366.4,0.8084,0.8084
Chronopotentiometry,0.02,1800,10,366.5,0.8084,0.8084
Chronopotentiometry,0.02,1800,10,366.6,0.8084,0.8084
Chronopotentiometry,0.02,1800,10,366.7,0.8084,0.8084
Chronopotentiometry,0.02,1800,10,366.8,0.8084,0.8084
Chronopotentiometry,0.02,1800,10,366.9,0.8084,0.8084
Chronopotentiometry,0.02,1800,10,367.0,0.8084,0.8084
Chronopotentiometry,0.02,1800,10,367.1,0.8084,0.8084
Chronopotentiometry,0.02,1800,10,367.2,0.8085,0.8085
Chronopotentiometry,0.02,1800,10,367.3,0.8085,0.8085
Chronopotentiometry,0.02,1800,10,367.4,0.8084,0.8084
Chronopotentiometry,0.02,1800,10,367.5,0.8084,0.8084
Chronopotentiometry,0.02,1800,10,367.6,0.8085,0.8085
Chronopotentiometry,0.02,1800,10,367.7,0.8084,0.8084
Chronopotentiometry,0.02,1800,10,367.8,0.8084,0.8084
Chronopotentiometry,0.02,1800,10,367.9,0.8084,0.8084
Chronopotentiometry,0.02,1800,10,368.0,0.8084,0.8084
Chronopotentiometry,0.02,1800,10,368.1,0.8084,0.8084
Chronopotentiometry,0.02,1800,10,368.2,0.8084,0.8084
Chronopotentiometry,0.02,1800,10,368.3,0.8085,0.8085
Chronopotentiometry,0.02,1800,10,368.4,0.8085,0.8085
Chronopotentiometry,0.02,1800,10,368.5,0.8084,0.8084
Chronopotentiometry,0.02,1800,10,368.6,0.8085,0.8085
Chronopotentiometry,0.02,1800,10,368.7,0.8084,0.8084
Chronopotentiometry,0.02,1800,10,368.8,0.8084,0.8084
Chronopotentiometry,0.02,1800,10,368.9,0.8084,0.8084
Chronopotentiometry,0.02,1800,10,369.0,0.8084,0.8084
Chronopotentiometry,0.02,1800,10,369.1,0.8085,0.8085
Chronopotentiometry,0.02,1800,10,369.2,0.8085,0.8085
Chronopotentiometry,0.02,1800,10,369.3,0.8086,0.8086
Chronopotentiometry,0.02,1800,10,369.4,0.8086,0.8086
Chronopotentiometry,0.02,1800,10,369.5,0.8085,0.8085
Chronopotentiometry,0.02,1800,10,369.6,0.8085,0.8085
Chronopotentiometry,0.02,1800,10,369.7,0.8085,0.8085
Chronopotentiometry,0.02,1800,10,369.8,0.8085,0.8085
Chronopotentiometry,0.02,1800,10,369.9,0.8083,0.8083
Chronopotentiometry,0.02,1800,10,370.0,0.8084,0.8084
Chronopotentiometry,0.02,1800,10,370.1,0.8084,0.8084
Chronopotentiometry,0.02,1800,10,370.2,0.8084,0.8084
Chronopotentiometry,0.02,1800,10,370.3,0.8084,0.8084
Chronopotentiometry,0.02,1800,10,370.4,0.8084,0.8084
Chronopotentiometry,0.02,1800,10,370.5,0.8084,0.8084
Chronopotentiometry,0.02,1800,10,370.6,0.8084,0.8084
Chronopotentiometry,0.02,1800,10,370.7,0.8084,0.8084
Chronopotentiometry,0.02,1800,10,370.8,0.8084,0.8084
Chronopotentiometry,0.02,1800,10,370.9,0.8084,0.8084
Chronopotentiometry,0.02,1800,10,371.0,0.8085,0.8085
Chronopotentiometry,0.02,1800,10,371.1,0.8085,0.8085
Chronopotentiometry,0.02,1800,10,371.2,0.8085,0.8085
Chronopotentiometry,0.02,1800,10,371.3,0.8085,0.8085
Chronopotentiometry,0.02,1800,10,371.4,0.8085,0.8085
Chronopotentiometry,0.02,1800,10,371.5,0.8085,0.8085
Chronopotentiometry,0.02,1800,10,371.6,0.8085,0.8085
Chronopotentiometry,0.02,1800,10,371.7,0.8085,0.8085
Chronopotentiometry,0.02,1800,10,371.8,0.8085,0.8085
Chronopotentiometry,0.02,1800,10,371.9,0.8085,0.8085
Chronopotentiometry,0.02,1800,10,372.0,0.8086,0.8086
Chronopotentiometry,0.02,1800,10,372.1,0.8084,0.8084
Chronopotentiometry,0.02,1800,10,372.2,0.8085,0.8085
Chronopotentiometry,0.02,1800,10,372.3,0.8085,0.8085
Chronopotentiometry,0.02,1800,10,372.4,0.8085,0.8085
Chronopotentiometry,0.02,1800,10,372.5,0.8086,0.8086
Chronopotentiometry,0.02,1800,10,372.6,0.8086,0.8086
Chronopotentiometry,0.02,1800,10,372.7,0.8086,0.8086
Chronopotentiometry,0.02,1800,10,372.8,0.8086,0.8086
Chronopotentiometry,0.02,1800,10,372.9,0.8086,0.8086
Chronopotentiometry,0.02,1800,10,373.0,0.8087,0.8087
Chronopotentiometry,0.02,1800,10,373.1,0.8086,0.8086
Chronopotentiometry,0.02,1800,10,373.2,0.8086,0.8086
Chronopotentiometry,0.02,1800,10,373.3,0.8086,0.8086
Chronopotentiometry,0.02,1800,10,373.4,0.8086,0.8086
Chronopotentiometry,0.02,1800,10,373.5,0.8086,0.8086
Chronopotentiometry,0.02,1800,10,373.6,0.8086,0.8086
Chronopotentiometry,0.02,1800,10,373.7,0.8086,0.8086
Chronopotentiometry,0.02,1800,10,373.8,0.8087,0.8087
Chronopotentiometry,0.02,1800,10,373.9,0.8086,0.8086
Chronopotentiometry,0.02,1800,10,374.0,0.8087,0.8087
Chronopotentiometry,0.02,1800,10,374.1,0.8087,0.8087
Chronopotentiometry,0.02,1800,10,374.2,0.8087,0.8087
Chronopotentiometry,0.02,1800,10,374.3,0.8087,0.8087
Chronopotentiometry,0.02,1800,10,374.4,0.8087,0.8087
Chronopotentiometry,0.02,1800,10,374.5,0.8087,0.8087
Chronopotentiometry,0.02,1800,10,374.6,0.8087,0.8087
Chronopotentiometry,0.02,1800,10,374.7,0.8088,0.8088
Chronopotentiometry,0.02,1800,10,374.8,0.8087,0.8087
Chronopotentiometry,0.02,1800,10,374.9,0.8087,0.8087
Chronopotentiometry,0.02,1800,10,375.0,0.8087,0.8087
Chronopotentiometry,0.02,1800,10,375.1,0.8088,0.8088
Chronopotentiometry,0.02,1800,10,375.2,0.8088,0.8088
Chronopotentiometry,0.02,1800,10,375.3,0.8088,0.8088
Chronopotentiometry,0.02,1800,10,375.4,0.8088,0.8088
Chronopotentiometry,0.02,1800,10,375.5,0.8087,0.8087
Chronopotentiometry,0.02,1800,10,375.6,0.8087,0.8087
Chronopotentiometry,0.02,1800,10,375.7,0.8088,0.8088
Chronopotentiometry,0.02,1800,10,375.8,0.8088,0.8088
Chronopotentiometry,0.02,1800,10,375.9,0.8088,0.8088
Chronopotentiometry,0.02,1800,10,376.0,0.8088,0.8088
Chronopotentiometry,0.02,1800,10,376.1,0.8088,0.8088
Chronopotentiometry,0.02,1800,10,376.2,0.8088,0.8088
Chronopotentiometry,0.02,1800,10,376.3,0.8088,0.8088
Chronopotentiometry,0.02,1800,10,376.4,0.8088,0.8088
Chronopotentiometry,0.02,1800,10,376.5,0.8089,0.8089
Chronopotentiometry,0.02,1800,10,376.6,0.8089,0.8089
Chronopotentiometry,0.02,1800,10,376.7,0.8089,0.8089
Chronopotentiometry,0.02,1800,10,376.8,0.8089,0.8089
Chronopotentiometry,0.02,1800,10,376.9,0.8088,0.8088
Chronopotentiometry,0.02,1800,10,377.0,0.8088,0.8088
Chronopotentiometry,0.02,1800,10,377.1,0.8088,0.8088
Chronopotentiometry,0.02,1800,10,377.2,0.8088,0.8088
Chronopotentiometry,0.02,1800,10,377.3,0.8089,0.8089
Chronopotentiometry,0.02,1800,10,377.4,0.8089,0.8089
Chronopotentiometry,0.02,1800,10,377.5,0.8089,0.8089
Chronopotentiometry,0.02,1800,10,377.6,0.8089,0.8089
Chronopotentiometry,0.02,1800,10,377.7,0.8089,0.8089
Chronopotentiometry,0.02,1800,10,377.8,0.809,0.809
Chronopotentiometry,0.02,1800,10,377.9,0.809,0.809
Chronopotentiometry,0.02,1800,10,378.0,0.809,0.809
Chronopotentiometry,0.02,1800,10,378.1,0.809,0.809
Chronopotentiometry,0.02,1800,10,378.2,0.809,0.809
Chronopotentiometry,0.02,1800,10,378.3,0.8089,0.8089
Chronopotentiometry,0.02,1800,10,378.4,0.8089,0.8089
Chronopotentiometry,0.02,1800,10,378.5,0.809,0.809
Chronopotentiometry,0.02,1800,10,378.6,0.809,0.809
Chronopotentiometry,0.02,1800,10,378.7,0.809,0.809
Chronopotentiometry,0.02,1800,10,378.8,0.809,0.809
Chronopotentiometry,0.02,1800,10,378.9,0.809,0.809
Chronopotentiometry,0.02,1800,10,379.0,0.809,0.809
Chronopotentiometry,0.02,1800,10,379.1,0.809,0.809
Chronopotentiometry,0.02,1800,10,379.2,0.809,0.809
Chronopotentiometry,0.02,1800,10,379.3,0.8091,0.8091
Chronopotentiometry,0.02,1800,10,379.4,0.809,0.809
Chronopotentiometry,0.02,1800,10,379.5,0.809,0.809
Chronopotentiometry,0.02,1800,10,379.6,0.809,0.809
Chronopotentiometry,0.02,1800,10,379.7,0.8091,0.8091
Chronopotentiometry,0.02,1800,10,379.8,0.8092,0.8092
Chronopotentiometry,0.02,1800,10,379.9,0.809,0.809
Chronopotentiometry,0.02,1800,10,380.0,0.8091,0.8091
Chronopotentiometry,0.02,1800,10,380.1,0.8091,0.8091
Chronopotentiometry,0.02,1800,10,380.2,0.8091,0.8091
Chronopotentiometry,0.02,1800,10,380.3,0.8091,0.8091
Chronopotentiometry,0.02,1800,10,380.4,0.8092,0.8092
Chronopotentiometry,0.02,1800,10,380.5,0.8092,0.8092
Chronopotentiometry,0.02,1800,10,380.6,0.8091,0.8091
Chronopotentiometry,0.02,1800,10,380.7,0.8091,0.8091
Chronopotentiometry,0.02,1800,10,380.8,0.8092,0.8092
Chronopotentiometry,0.02,1800,10,380.9,0.8092,0.8092
Chronopotentiometry,0.02,1800,10,381.0,0.8092,0.8092
Chronopotentiometry,0.02,1800,10,381.1,0.8092,0.8092
Chronopotentiometry,0.02,1800,10,381.2,0.8092,0.8092
Chronopotentiometry,0.02,1800,10,381.3,0.8092,0.8092
Chronopotentiometry,0.02,1800,10,381.4,0.8092,0.8092
Chronopotentiometry,0.02,1800,10,381.5,0.8092,0.8092
Chronopotentiometry,0.02,1800,10,381.6,0.8092,0.8092
Chronopotentiometry,0.02,1800,10,381.7,0.8092,0.8092
Chronopotentiometry,0.02,1800,10,381.8,0.8093,0.8093
Chronopotentiometry,0.02,1800,10,381.9,0.8093,0.8093
Chronopotentiometry,0.02,1800,10,382.0,0.8093,0.8093
Chronopotentiometry,0.02,1800,10,382.1,0.8093,0.8093
Chronopotentiometry,0.02,1800,10,382.2,0.8093,0.8093
Chronopotentiometry,0.02,1800,10,382.3,0.8092,0.8092
Chronopotentiometry,0.02,1800,10,382.4,0.8092,0.8092
Chronopotentiometry,0.02,1800,10,382.5,0.8092,0.8092
Chronopotentiometry,0.02,1800,10,382.6,0.8092,0.8092
Chronopotentiometry,0.02,1800,10,382.7,0.8092,0.8092
Chronopotentiometry,0.02,1800,10,382.8,0.8092,0.8092
Chronopotentiometry,0.02,1800,10,382.9,0.8092,0.8092
Chronopotentiometry,0.02,1800,10,383.0,0.8091,0.8091
Chronopotentiometry,0.02,1800,10,383.1,0.8091,0.8091
Chronopotentiometry,0.02,1800,10,383.2,0.8092,0.8092
Chronopotentiometry,0.02,1800,10,383.3,0.8092,0.8092
Chronopotentiometry,0.02,1800,10,383.4,0.8092,0.8092
Chronopotentiometry,0.02,1800,10,383.5,0.8092,0.8092
Chronopotentiometry,0.02,1800,10,383.6,0.8092,0.8092
Chronopotentiometry,0.02,1800,10,383.7,0.8092,0.8092
Chronopotentiometry,0.02,1800,10,383.8,0.8092,0.8092
Chronopotentiometry,0.02,1800,10,383.9,0.8093,0.8093
Chronopotentiometry,0.02,1800,10,384.0,0.8092,0.8092
Chronopotentiometry,0.02,1800,10,384.1,0.8092,0.8092
Chronopotentiometry,0.02,1800,10,384.2,0.8093,0.8093
Chronopotentiometry,0.02,1800,10,384.3,0.8093,0.8093
Chronopotentiometry,0.02,1800,10,384.4,0.8093,0.8093
Chronopotentiometry,0.02,1800,10,384.5,0.8093,0.8093
Chronopotentiometry,0.02,1800,10,384.6,0.8093,0.8093
Chronopotentiometry,0.02,1800,10,384.7,0.8093,0.8093
Chronopotentiometry,0.02,1800,10,384.8,0.8093,0.8093
Chronopotentiometry,0.02,1800,10,384.9,0.8093,0.8093
Chronopotentiometry,0.02,1800,10,385.0,0.8093,0.8093
Chronopotentiometry,0.02,1800,10,385.1,0.8093,0.8093
Chronopotentiometry,0.02,1800,10,385.2,0.8093,0.8093
Chronopotentiometry,0.02,1800,10,385.3,0.8093,0.8093
Chronopotentiometry,0.02,1800,10,385.4,0.8093,0.8093
Chronopotentiometry,0.02,1800,10,385.5,0.8093,0.8093
Chronopotentiometry,0.02,1800,10,385.6,0.8093,0.8093
Chronopotentiometry,0.02,1800,10,385.7,0.8093,0.8093
Chronopotentiometry,0.02,1800,10,385.8,0.8093,0.8093
Chronopotentiometry,0.02,1800,10,385.9,0.8094,0.8094
Chronopotentiometry,0.02,1800,10,386.0,0.8094,0.8094
Chronopotentiometry,0.02,1800,10,386.1,0.8094,0.8094
Chronopotentiometry,0.02,1800,10,386.2,0.8093,0.8093
Chronopotentiometry,0.02,1800,10,386.3,0.8093,0.8093
Chronopotentiometry,0.02,1800,10,386.4,0.8093,0.8093
Chronopotentiometry,0.02,1800,10,386.5,0.8093,0.8093
Chronopotentiometry,0.02,1800,10,386.6,0.8092,0.8092
Chronopotentiometry,0.02,1800,10,386.7,0.8092,0.8092
Chronopotentiometry,0.02,1800,10,386.8,0.8093,0.8093
Chronopotentiometry,0.02,1800,10,386.9,0.8093,0.8093
Chronopotentiometry,0.02,1800,10,387.0,0.8094,0.8094
Chronopotentiometry,0.02,1800,10,387.1,0.8094,0.8094
Chronopotentiometry,0.02,1800,10,387.2,0.8094,0.8094
Chronopotentiometry,0.02,1800,10,387.3,0.8094,0.8094
Chronopotentiometry,0.02,1800,10,387.4,0.8093,0.8093
Chronopotentiometry,0.02,1800,10,387.5,0.8093,0.8093
Chronopotentiometry,0.02,1800,10,387.6,0.8094,0.8094
Chronopotentiometry,0.02,1800,10,387.7,0.8094,0.8094
Chronopotentiometry,0.02,1800,10,387.8,0.8094,0.8094
Chronopotentiometry,0.02,1800,10,387.9,0.8094,0.8094
Chronopotentiometry,0.02,1800,10,388.0,0.8094,0.8094
Chronopotentiometry,0.02,1800,10,388.1,0.8095,0.8095
Chronopotentiometry,0.02,1800,10,388.2,0.8095,0.8095
Chronopotentiometry,0.02,1800,10,388.3,0.8094,0.8094
Chronopotentiometry,0.02,1800,10,388.4,0.8095,0.8095
Chronopotentiometry,0.02,1800,10,388.5,0.8095,0.8095
Chronopotentiometry,0.02,1800,10,388.6,0.8095,0.8095
Chronopotentiometry,0.02,1800,10,388.7,0.8095,0.8095
Chronopotentiometry,0.02,1800,10,388.8,0.8095,0.8095
Chronopotentiometry,0.02,1800,10,388.9,0.8095,0.8095
Chronopotentiometry,0.02,1800,10,389.0,0.8095,0.8095
Chronopotentiometry,0.02,1800,10,389.1,0.8095,0.8095
Chronopotentiometry,0.02,1800,10,389.2,0.8095,0.8095
Chronopotentiometry,0.02,1800,10,389.3,0.8096,0.8096
Chronopotentiometry,0.02,1800,10,389.4,0.8095,0.8095
Chronopotentiometry,0.02,1800,10,389.5,0.8095,0.8095
Chronopotentiometry,0.02,1800,10,389.6,0.8095,0.8095
Chronopotentiometry,0.02,1800,10,389.7,0.8095,0.8095
Chronopotentiometry,0.02,1800,10,389.8,0.8095,0.8095
Chronopotentiometry,0.02,1800,10,389.9,0.8095,0.8095
Chronopotentiometry,0.02,1800,10,390.0,0.8096,0.8096
Chronopotentiometry,0.02,1800,10,390.1,0.8096,0.8096
Chronopotentiometry,0.02,1800,10,390.2,0.8096,0.8096
Chronopotentiometry,0.02,1800,10,390.3,0.8096,0.8096
Chronopotentiometry,0.02,1800,10,390.4,0.8096,0.8096
Chronopotentiometry,0.02,1800,10,390.5,0.8096,0.8096
Chronopotentiometry,0.02,1800,10,390.6,0.8096,0.8096
Chronopotentiometry,0.02,1800,10,390.7,0.8096,0.8096
Chronopotentiometry,0.02,1800,10,390.8,0.8097,0.8097
Chronopotentiometry,0.02,1800,10,390.9,0.8097,0.8097
Chronopotentiometry,0.02,1800,10,391.0,0.8097,0.8097
Chronopotentiometry,0.02,1800,10,391.1,0.8097,0.8097
Chronopotentiometry,0.02,1800,10,391.2,0.8098,0.8098
Chronopotentiometry,0.02,1800,10,391.3,0.8098,0.8098
Chronopotentiometry,0.02,1800,10,391.4,0.8098,0.8098
Chronopotentiometry,0.02,1800,10,391.5,0.8098,0.8098
Chronopotentiometry,0.02,1800,10,391.6,0.8098,0.8098
Chronopotentiometry,0.02,1800,10,391.7,0.8099,0.8099
Chronopotentiometry,0.02,1800,10,391.8,0.8099,0.8099
Chronopotentiometry,0.02,1800,10,391.9,0.8098,0.8098
Chronopotentiometry,0.02,1800,10,392.0,0.8098,0.8098
Chronopotentiometry,0.02,1800,10,392.1,0.8098,0.8098
Chronopotentiometry,0.02,1800,10,392.2,0.8098,0.8098
Chronopotentiometry,0.02,1800,10,392.3,0.8099,0.8099
Chronopotentiometry,0.02,1800,10,392.4,0.8099,0.8099
Chronopotentiometry,0.02,1800,10,392.5,0.8099,0.8099
Chronopotentiometry,0.02,1800,10,392.6,0.8099,0.8099
Chronopotentiometry,0.02,1800,10,392.7,0.8099,0.8099
Chronopotentiometry,0.02,1800,10,392.8,0.8099,0.8099
Chronopotentiometry,0.02,1800,10,392.9,0.8099,0.8099
Chronopotentiometry,0.02,1800,10,393.0,0.8099,0.8099
Chronopotentiometry,0.02,1800,10,393.1,0.8098,0.8098
Chronopotentiometry,0.02,1800,10,393.2,0.8099,0.8099
Chronopotentiometry,0.02,1800,10,393.3,0.8098,0.8098
Chronopotentiometry,0.02,1800,10,393.4,0.8099,0.8099
Chronopotentiometry,0.02,1800,10,393.5,0.8099,0.8099
Chronopotentiometry,0.02,1800,10,393.6,0.8099,0.8099
Chronopotentiometry,0.02,1800,10,393.7,0.8099,0.8099
Chronopotentiometry,0.02,1800,10,393.8,0.81,0.81
Chronopotentiometry,0.02,1800,10,393.9,0.81,0.81
Chronopotentiometry,0.02,1800,10,394.0,0.81,0.81
Chronopotentiometry,0.02,1800,10,394.1,0.8099,0.8099
Chronopotentiometry,0.02,1800,10,394.2,0.81,0.81
Chronopotentiometry,0.02,1800,10,394.3,0.8099,0.8099
Chronopotentiometry,0.02,1800,10,394.4,0.8099,0.8099
Chronopotentiometry,0.02,1800,10,394.5,0.81,0.81
Chronopotentiometry,0.02,1800,10,394.6,0.81,0.81
Chronopotentiometry,0.02,1800,10,394.7,0.81,0.81
Chronopotentiometry,0.02,1800,10,394.8,0.8101,0.8101
Chronopotentiometry,0.02,1800,10,394.9,0.8101,0.8101
Chronopotentiometry,0.02,1800,10,395.0,0.81,0.81
Chronopotentiometry,0.02,1800,10,395.1,0.81,0.81
Chronopotentiometry,0.02,1800,10,395.2,0.81,0.81
Chronopotentiometry,0.02,1800,10,395.3,0.81,0.81
Chronopotentiometry,0.02,1800,10,395.4,0.8101,0.8101
Chronopotentiometry,0.02,1800,10,395.5,0.81,0.81
Chronopotentiometry,0.02,1800,10,395.6,0.81,0.81
Chronopotentiometry,0.02,1800,10,395.7,0.81,0.81
Chronopotentiometry,0.02,1800,10,395.8,0.8101,0.8101
Chronopotentiometry,0.02,1800,10,395.9,0.8101,0.8101
Chronopotentiometry,0.02,1800,10,396.0,0.8101,0.8101
Chronopotentiometry,0.02,1800,10,396.1,0.8101,0.8101
Chronopotentiometry,0.02,1800,10,396.2,0.8102,0.8102
Chronopotentiometry,0.02,1800,10,396.3,0.8102,0.8102
Chronopotentiometry,0.02,1800,10,396.4,0.8101,0.8101
Chronopotentiometry,0.02,1800,10,396.5,0.8101,0.8101
Chronopotentiometry,0.02,1800,10,396.6,0.81,0.81
Chronopotentiometry,0.02,1800,10,396.7,0.81,0.81
Chronopotentiometry,0.02,1800,10,396.8,0.81,0.81
Chronopotentiometry,0.02,1800,10,396.9,0.8101,0.8101
Chronopotentiometry,0.02,1800,10,397.0,0.8101,0.8101
Chronopotentiometry,0.02,1800,10,397.1,0.8101,0.8101
Chronopotentiometry,0.02,1800,10,397.2,0.8101,0.8101
Chronopotentiometry,0.02,1800,10,397.3,0.8101,0.8101
Chronopotentiometry,0.02,1800,10,397.4,0.8101,0.8101
Chronopotentiometry,0.02,1800,10,397.5,0.8101,0.8101
Chronopotentiometry,0.02,1800,10,397.6,0.8101,0.8101
Chronopotentiometry,0.02,1800,10,397.7,0.8101,0.8101
Chronopotentiometry,0.02,1800,10,397.8,0.8101,0.8101
Chronopotentiometry,0.02,1800,10,397.9,0.8101,0.8101
Chronopotentiometry,0.02,1800,10,398.0,0.8101,0.8101
Chronopotentiometry,0.02,1800,10,398.1,0.8101,0.8101
Chronopotentiometry,0.02,1800,10,398.2,0.8101,0.8101
Chronopotentiometry,0.02,1800,10,398.3,0.8101,0.8101
Chronopotentiometry,0.02,1800,10,398.4,0.8102,0.8102
Chronopotentiometry,0.02,1800,10,398.5,0.8102,0.8102
Chronopotentiometry,0.02,1800,10,398.6,0.8103,0.8103
Chronopotentiometry,0.02,1800,10,398.7,0.8103,0.8103
Chronopotentiometry,0.02,1800,10,398.8,0.8103,0.8103
Chronopotentiometry,0.02,1800,10,398.9,0.8103,0.8103
Chronopotentiometry,0.02,1800,10,399.0,0.8102,0.8102
Chronopotentiometry,0.02,1800,10,399.1,0.8102,0.8102
Chronopotentiometry,0.02,1800,10,399.2,0.8103,0.8103
Chronopotentiometry,0.02,1800,10,399.3,0.8102,0.8102
Chronopotentiometry,0.02,1800,10,399.4,0.8102,0.8102
Chronopotentiometry,0.02,1800,10,399.5,0.8102,0.8102
Chronopotentiometry,0.02,1800,10,399.6,0.8102,0.8102
Chronopotentiometry,0.02,1800,10,399.7,0.8103,0.8103
Chronopotentiometry,0.02,1800,10,399.8,0.8103,0.8103
Chronopotentiometry,0.02,1800,10,399.9,0.8103,0.8103
Chronopotentiometry,0.02,1800,10,400.0,0.8104,0.8104
Chronopotentiometry,0.02,1800,10,400.1,0.8103,0.8103
Chronopotentiometry,0.02,1800,10,400.2,0.8103,0.8103
Chronopotentiometry,0.02,1800,10,400.3,0.8103,0.8103
Chronopotentiometry,0.02,1800,10,400.4,0.8103,0.8103
Chronopotentiometry,0.02,1800,10,400.5,0.8102,0.8102
Chronopotentiometry,0.02,1800,10,400.6,0.8103,0.8103
Chronopotentiometry,0.02,1800,10,400.7,0.8103,0.8103
Chronopotentiometry,0.02,1800,10,400.8,0.8104,0.8104
Chronopotentiometry,0.02,1800,10,400.9,0.8103,0.8103
Chronopotentiometry,0.02,1800,10,401.0,0.8104,0.8104
Chronopotentiometry,0.02,1800,10,401.1,0.8103,0.8103
Chronopotentiometry,0.02,1800,10,401.2,0.8103,0.8103
Chronopotentiometry,0.02,1800,10,401.3,0.8103,0.8103
Chronopotentiometry,0.02,1800,10,401.4,0.8103,0.8103
Chronopotentiometry,0.02,1800,10,401.5,0.8103,0.8103
Chronopotentiometry,0.02,1800,10,401.6,0.8103,0.8103
Chronopotentiometry,0.02,1800,10,401.7,0.8103,0.8103
Chronopotentiometry,0.02,1800,10,401.8,0.8104,0.8104
Chronopotentiometry,0.02,1800,10,401.9,0.8104,0.8104
Chronopotentiometry,0.02,1800,10,402.0,0.8104,0.8104
Chronopotentiometry,0.02,1800,10,402.1,0.8103,0.8103
Chronopotentiometry,0.02,1800,10,402.2,0.8103,0.8103
Chronopotentiometry,0.02,1800,10,402.3,0.8103,0.8103
Chronopotentiometry,0.02,1800,10,402.4,0.8103,0.8103
Chronopotentiometry,0.02,1800,10,402.5,0.8104,0.8104
Chronopotentiometry,0.02,1800,10,402.6,0.8103,0.8103
Chronopotentiometry,0.02,1800,10,402.7,0.8104,0.8104
Chronopotentiometry,0.02,1800,10,402.8,0.8104,0.8104
Chronopotentiometry,0.02,1800,10,402.9,0.8104,0.8104
Chronopotentiometry,0.02,1800,10,403.0,0.8104,0.8104
Chronopotentiometry,0.02,1800,10,403.1,0.8104,0.8104
Chronopotentiometry,0.02,1800,10,403.2,0.8104,0.8104
Chronopotentiometry,0.02,1800,10,403.3,0.8104,0.8104
Chronopotentiometry,0.02,1800,10,403.4,0.8104,0.8104
Chronopotentiometry,0.02,1800,10,403.5,0.8104,0.8104
Chronopotentiometry,0.02,1800,10,403.6,0.8104,0.8104
Chronopotentiometry,0.02,1800,10,403.7,0.8104,0.8104
Chronopotentiometry,0.02,1800,10,403.8,0.8104,0.8104
Chronopotentiometry,0.02,1800,10,403.9,0.8103,0.8103
Chronopotentiometry,0.02,1800,10,404.0,0.8103,0.8103
Chronopotentiometry,0.02,1800,10,404.1,0.8104,0.8104
Chronopotentiometry,0.02,1800,10,404.2,0.8104,0.8104
Chronopotentiometry,0.02,1800,10,404.3,0.8104,0.8104
Chronopotentiometry,0.02,1800,10,404.4,0.8104,0.8104
Chronopotentiometry,0.02,1800,10,404.5,0.8105,0.8105
Chronopotentiometry,0.02,1800,10,404.6,0.8105,0.8105
Chronopotentiometry,0.02,1800,10,404.7,0.8105,0.8105
Chronopotentiometry,0.02,1800,10,404.8,0.8105,0.8105
Chronopotentiometry,0.02,1800,10,404.9,0.8105,0.8105
Chronopotentiometry,0.02,1800,10,405.0,0.8106,0.8106
Chronopotentiometry,0.02,1800,10,405.1,0.8106,0.8106
Chronopotentiometry,0.02,1800,10,405.2,0.8105,0.8105
Chronopotentiometry,0.02,1800,10,405.3,0.8106,0.8106
Chronopotentiometry,0.02,1800,10,405.4,0.8106,0.8106
Chronopotentiometry,0.02,1800,10,405.5,0.8105,0.8105
Chronopotentiometry,0.02,1800,10,405.6,0.8106,0.8106
Chronopotentiometry,0.02,1800,10,405.7,0.8106,0.8106
Chronopotentiometry,0.02,1800,10,405.8,0.8106,0.8106
Chronopotentiometry,0.02,1800,10,405.9,0.8105,0.8105
Chronopotentiometry,0.02,1800,10,406.0,0.8105,0.8105
Chronopotentiometry,0.02,1800,10,406.1,0.8106,0.8106
Chronopotentiometry,0.02,1800,10,406.2,0.8106,0.8106
Chronopotentiometry,0.02,1800,10,406.3,0.8106,0.8106
Chronopotentiometry,0.02,1800,10,406.4,0.8106,0.8106
Chronopotentiometry,0.02,1800,10,406.5,0.8106,0.8106
Chronopotentiometry,0.02,1800,10,406.6,0.8106,0.8106
Chronopotentiometry,0.02,1800,10,406.7,0.8106,0.8106
Chronopotentiometry,0.02,1800,10,406.8,0.8107,0.8107
Chronopotentiometry,0.02,1800,10,406.9,0.8107,0.8107
Chronopotentiometry,0.02,1800,10,407.0,0.8107,0.8107
Chronopotentiometry,0.02,1800,10,407.1,0.8106,0.8106
Chronopotentiometry,0.02,1800,10,407.2,0.8107,0.8107
Chronopotentiometry,0.02,1800,10,407.3,0.8106,0.8106
Chronopotentiometry,0.02,1800,10,407.4,0.8106,0.8106
Chronopotentiometry,0.02,1800,10,407.5,0.8107,0.8107
Chronopotentiometry,0.02,1800,10,407.6,0.8107,0.8107
Chronopotentiometry,0.02,1800,10,407.7,0.8107,0.8107
Chronopotentiometry,0.02,1800,10,407.8,0.8107,0.8107
Chronopotentiometry,0.02,1800,10,407.9,0.8107,0.8107
Chronopotentiometry,0.02,1800,10,408.0,0.8107,0.8107
Chronopotentiometry,0.02,1800,10,408.1,0.8107,0.8107
Chronopotentiometry,0.02,1800,10,408.2,0.8107,0.8107
Chronopotentiometry,0.02,1800,10,408.3,0.8107,0.8107
Chronopotentiometry,0.02,1800,10,408.4,0.8107,0.8107
Chronopotentiometry,0.02,1800,10,408.5,0.8108,0.8108
Chronopotentiometry,0.02,1800,10,408.6,0.8108,0.8108
Chronopotentiometry,0.02,1800,10,408.7,0.8107,0.8107
Chronopotentiometry,0.02,1800,10,408.8,0.8108,0.8108
Chronopotentiometry,0.02,1800,10,408.9,0.8108,0.8108
Chronopotentiometry,0.02,1800,10,409.0,0.8107,0.8107
Chronopotentiometry,0.02,1800,10,409.1,0.8107,0.8107
Chronopotentiometry,0.02,1800,10,409.2,0.8107,0.8107
Chronopotentiometry,0.02,1800,10,409.3,0.8108,0.8108
Chronopotentiometry,0.02,1800,10,409.4,0.8107,0.8107
Chronopotentiometry,0.02,1800,10,409.5,0.8108,0.8108
Chronopotentiometry,0.02,1800,10,409.6,0.8108,0.8108
Chronopotentiometry,0.02,1800,10,409.7,0.8108,0.8108
Chronopotentiometry,0.02,1800,10,409.8,0.8108,0.8108
Chronopotentiometry,0.02,1800,10,409.9,0.8108,0.8108
Chronopotentiometry,0.02,1800,10,410.0,0.8108,0.8108
Chronopotentiometry,0.02,1800,10,410.1,0.8108,0.8108
Chronopotentiometry,0.02,1800,10,410.2,0.8109,0.8109
Chronopotentiometry,0.02,1800,10,410.3,0.8109,0.8109
Chronopotentiometry,0.02,1800,10,410.4,0.8108,0.8108
Chronopotentiometry,0.02,1800,10,410.5,0.8109,0.8109
Chronopotentiometry,0.02,1800,10,410.6,0.8108,0.8108
Chronopotentiometry,0.02,1800,10,410.7,0.8109,0.8109
Chronopotentiometry,0.02,1800,10,410.8,0.8109,0.8109
Chronopotentiometry,0.02,1800,10,410.9,0.8109,0.8109
Chronopotentiometry,0.02,1800,10,411.0,0.8108,0.8108
Chronopotentiometry,0.02,1800,10,411.1,0.8109,0.8109
Chronopotentiometry,0.02,1800,10,411.2,0.8109,0.8109
Chronopotentiometry,0.02,1800,10,411.3,0.8109,0.8109
Chronopotentiometry,0.02,1800,10,411.4,0.811,0.811
Chronopotentiometry,0.02,1800,10,411.5,0.8109,0.8109
Chronopotentiometry,0.02,1800,10,411.6,0.8109,0.8109
Chronopotentiometry,0.02,1800,10,411.7,0.8109,0.8109
Chronopotentiometry,0.02,1800,10,411.8,0.8109,0.8109
Chronopotentiometry,0.02,1800,10,411.9,0.8109,0.8109
Chronopotentiometry,0.02,1800,10,412.0,0.811,0.811
Chronopotentiometry,0.02,1800,10,412.1,0.811,0.811
Chronopotentiometry,0.02,1800,10,412.2,0.8109,0.8109
Chronopotentiometry,0.02,1800,10,412.3,0.811,0.811
Chronopotentiometry,0.02,1800,10,412.4,0.8109,0.8109
Chronopotentiometry,0.02,1800,10,412.5,0.8109,0.8109
Chronopotentiometry,0.02,1800,10,412.6,0.8109,0.8109
Chronopotentiometry,0.02,1800,10,412.7,0.811,0.811
Chronopotentiometry,0.02,1800,10,412.8,0.811,0.811
Chronopotentiometry,0.02,1800,10,412.9,0.811,0.811
Chronopotentiometry,0.02,1800,10,413.0,0.8109,0.8109
Chronopotentiometry,0.02,1800,10,413.1,0.8109,0.8109
Chronopotentiometry,0.02,1800,10,413.2,0.811,0.811
Chronopotentiometry,0.02,1800,10,413.3,0.811,0.811
Chronopotentiometry,0.02,1800,10,413.4,0.8109,0.8109
Chronopotentiometry,0.02,1800,10,413.5,0.8109,0.8109
Chronopotentiometry,0.02,1800,10,413.6,0.811,0.811
Chronopotentiometry,0.02,1800,10,413.7,0.811,0.811
Chronopotentiometry,0.02,1800,10,413.8,0.811,0.811
Chronopotentiometry,0.02,1800,10,413.9,0.811,0.811
Chronopotentiometry,0.02,1800,10,414.0,0.811,0.811
Chronopotentiometry,0.02,1800,10,414.1,0.8111,0.8111
Chronopotentiometry,0.02,1800,10,414.2,0.8111,0.8111
Chronopotentiometry,0.02,1800,10,414.3,0.811,0.811
Chronopotentiometry,0.02,1800,10,414.4,0.811,0.811
Chronopotentiometry,0.02,1800,10,414.5,0.8109,0.8109
Chronopotentiometry,0.02,1800,10,414.6,0.811,0.811
Chronopotentiometry,0.02,1800,10,414.7,0.811,0.811
Chronopotentiometry,0.02,1800,10,414.8,0.811,0.811
Chronopotentiometry,0.02,1800,10,414.9,0.811,0.811
Chronopotentiometry,0.02,1800,10,415.0,0.811,0.811
Chronopotentiometry,0.02,1800,10,415.1,0.8111,0.8111
Chronopotentiometry,0.02,1800,10,415.2,0.8111,0.8111
Chronopotentiometry,0.02,1800,10,415.3,0.811,0.811
Chronopotentiometry,0.02,1800,10,415.4,0.811,0.811
Chronopotentiometry,0.02,1800,10,415.5,0.8111,0.8111
Chronopotentiometry,0.02,1800,10,415.6,0.8111,0.8111
Chronopotentiometry,0.02,1800,10,415.7,0.811,0.811
Chronopotentiometry,0.02,1800,10,415.8,0.8111,0.8111
Chronopotentiometry,0.02,1800,10,415.9,0.8111,0.8111
Chronopotentiometry,0.02,1800,10,416.0,0.8111,0.8111
Chronopotentiometry,0.02,1800,10,416.1,0.8111,0.8111
Chronopotentiometry,0.02,1800,10,416.2,0.8111,0.8111
Chronopotentiometry,0.02,1800,10,416.3,0.8111,0.8111
Chronopotentiometry,0.02,1800,10,416.4,0.8111,0.8111
Chronopotentiometry,0.02,1800,10,416.5,0.8112,0.8112
Chronopotentiometry,0.02,1800,10,416.6,0.8111,0.8111
Chronopotentiometry,0.02,1800,10,416.7,0.8111,0.8111
Chronopotentiometry,0.02,1800,10,416.8,0.8111,0.8111
Chronopotentiometry,0.02,1800,10,416.9,0.8112,0.8112
Chronopotentiometry,0.02,1800,10,417.0,0.8111,0.8111
Chronopotentiometry,0.02,1800,10,417.1,0.8111,0.8111
Chronopotentiometry,0.02,1800,10,417.2,0.8112,0.8112
Chronopotentiometry,0.02,1800,10,417.3,0.8112,0.8112
Chronopotentiometry,0.02,1800,10,417.4,0.8112,0.8112
Chronopotentiometry,0.02,1800,10,417.5,0.8111,0.8111
Chronopotentiometry,0.02,1800,10,417.6,0.8112,0.8112
Chronopotentiometry,0.02,1800,10,417.7,0.8112,0.8112
Chronopotentiometry,0.02,1800,10,417.8,0.8112,0.8112
Chronopotentiometry,0.02,1800,10,417.9,0.8112,0.8112
Chronopotentiometry,0.02,1800,10,418.0,0.8112,0.8112
Chronopotentiometry,0.02,1800,10,418.1,0.8112,0.8112
Chronopotentiometry,0.02,1800,10,418.2,0.8113,0.8113
Chronopotentiometry,0.02,1800,10,418.3,0.8113,0.8113
Chronopotentiometry,0.02,1800,10,418.4,0.8112,0.8112
Chronopotentiometry,0.02,1800,10,418.5,0.8112,0.8112
Chronopotentiometry,0.02,1800,10,418.6,0.8112,0.8112
Chronopotentiometry,0.02,1800,10,418.7,0.8113,0.8113
Chronopotentiometry,0.02,1800,10,418.8,0.8113,0.8113
Chronopotentiometry,0.02,1800,10,418.9,0.8112,0.8112
Chronopotentiometry,0.02,1800,10,419.0,0.8113,0.8113
Chronopotentiometry,0.02,1800,10,419.1,0.8113,0.8113
Chronopotentiometry,0.02,1800,10,419.2,0.8112,0.8112
Chronopotentiometry,0.02,1800,10,419.3,0.8113,0.8113
Chronopotentiometry,0.02,1800,10,419.4,0.8114,0.8114
Chronopotentiometry,0.02,1800,10,419.5,0.8113,0.8113
Chronopotentiometry,0.02,1800,10,419.6,0.8113,0.8113
Chronopotentiometry,0.02,1800,10,419.7,0.8112,0.8112
Chronopotentiometry,0.02,1800,10,419.8,0.8112,0.8112
Chronopotentiometry,0.02,1800,10,419.9,0.8113,0.8113
Chronopotentiometry,0.02,1800,10,420.0,0.8113,0.8113
Chronopotentiometry,0.02,1800,10,420.1,0.8113,0.8113
Chronopotentiometry,0.02,1800,10,420.2,0.8113,0.8113
Chronopotentiometry,0.02,1800,10,420.3,0.8113,0.8113
Chronopotentiometry,0.02,1800,10,420.4,0.8113,0.8113
Chronopotentiometry,0.02,1800,10,420.5,0.8113,0.8113
Chronopotentiometry,0.02,1800,10,420.6,0.8114,0.8114
Chronopotentiometry,0.02,1800,10,420.7,0.8113,0.8113
Chronopotentiometry,0.02,1800,10,420.8,0.8114,0.8114
Chronopotentiometry,0.02,1800,10,420.9,0.8114,0.8114
Chronopotentiometry,0.02,1800,10,421.0,0.8114,0.8114
Chronopotentiometry,0.02,1800,10,421.1,0.8115,0.8115
Chronopotentiometry,0.02,1800,10,421.2,0.8113,0.8113
Chronopotentiometry,0.02,1800,10,421.3,0.8114,0.8114
Chronopotentiometry,0.02,1800,10,421.4,0.8114,0.8114
Chronopotentiometry,0.02,1800,10,421.5,0.8114,0.8114
Chronopotentiometry,0.02,1800,10,421.6,0.8113,0.8113
Chronopotentiometry,0.02,1800,10,421.7,0.8114,0.8114
Chronopotentiometry,0.02,1800,10,421.8,0.8114,0.8114
Chronopotentiometry,0.02,1800,10,421.9,0.8114,0.8114
Chronopotentiometry,0.02,1800,10,422.0,0.8114,0.8114
Chronopotentiometry,0.02,1800,10,422.1,0.8115,0.8115
Chronopotentiometry,0.02,1800,10,422.2,0.8115,0.8115
Chronopotentiometry,0.02,1800,10,422.3,0.8115,0.8115
Chronopotentiometry,0.02,1800,10,422.4,0.8114,0.8114
Chronopotentiometry,0.02,1800,10,422.5,0.8114,0.8114
Chronopotentiometry,0.02,1800,10,422.6,0.8114,0.8114
Chronopotentiometry,0.02,1800,10,422.7,0.8114,0.8114
Chronopotentiometry,0.02,1800,10,422.8,0.8114,0.8114
Chronopotentiometry,0.02,1800,10,422.9,0.8114,0.8114
Chronopotentiometry,0.02,1800,10,423.0,0.8114,0.8114
Chronopotentiometry,0.02,1800,10,423.1,0.8115,0.8115
Chronopotentiometry,0.02,1800,10,423.2,0.8115,0.8115
Chronopotentiometry,0.02,1800,10,423.3,0.8114,0.8114
Chronopotentiometry,0.02,1800,10,423.4,0.8114,0.8114
Chronopotentiometry,0.02,1800,10,423.5,0.8114,0.8114
Chronopotentiometry,0.02,1800,10,423.6,0.8114,0.8114
Chronopotentiometry,0.02,1800,10,423.7,0.8115,0.8115
Chronopotentiometry,0.02,1800,10,423.8,0.8115,0.8115
Chronopotentiometry,0.02,1800,10,423.9,0.8115,0.8115
Chronopotentiometry,0.02,1800,10,424.0,0.8114,0.8114
Chronopotentiometry,0.02,1800,10,424.1,0.8115,0.8115
Chronopotentiometry,0.02,1800,10,424.2,0.8114,0.8114
Chronopotentiometry,0.02,1800,10,424.3,0.8115,0.8115
Chronopotentiometry,0.02,1800,10,424.4,0.8116,0.8116
Chronopotentiometry,0.02,1800,10,424.5,0.8115,0.8115
Chronopotentiometry,0.02,1800,10,424.6,0.8115,0.8115
Chronopotentiometry,0.02,1800,10,424.7,0.8115,0.8115
Chronopotentiometry,0.02,1800,10,424.8,0.8115,0.8115
Chronopotentiometry,0.02,1800,10,424.9,0.8116,0.8116
Chronopotentiometry,0.02,1800,10,425.0,0.8116,0.8116
Chronopotentiometry,0.02,1800,10,425.1,0.8116,0.8116
Chronopotentiometry,0.02,1800,10,425.2,0.8116,0.8116
Chronopotentiometry,0.02,1800,10,425.3,0.8116,0.8116
Chronopotentiometry,0.02,1800,10,425.4,0.8117,0.8117
Chronopotentiometry,0.02,1800,10,425.5,0.8116,0.8116
Chronopotentiometry,0.02,1800,10,425.6,0.8117,0.8117
Chronopotentiometry,0.02,1800,10,425.7,0.8117,0.8117
Chronopotentiometry,0.02,1800,10,425.8,0.8117,0.8117
Chronopotentiometry,0.02,1800,10,425.9,0.8116,0.8116
Chronopotentiometry,0.02,1800,10,426.0,0.8116,0.8116
Chronopotentiometry,0.02,1800,10,426.1,0.8117,0.8117
Chronopotentiometry,0.02,1800,10,426.2,0.8117,0.8117
Chronopotentiometry,0.02,1800,10,426.3,0.8117,0.8117
Chronopotentiometry,0.02,1800,10,426.4,0.8117,0.8117
Chronopotentiometry,0.02,1800,10,426.5,0.8115,0.8115
Chronopotentiometry,0.02,1800,10,426.6,0.8116,0.8116
Chronopotentiometry,0.02,1800,10,426.7,0.8116,0.8116
Chronopotentiometry,0.02,1800,10,426.8,0.8116,0.8116
Chronopotentiometry,0.02,1800,10,426.9,0.8116,0.8116
Chronopotentiometry,0.02,1800,10,427.0,0.8117,0.8117
Chronopotentiometry,0.02,1800,10,427.1,0.8117,0.8117
Chronopotentiometry,0.02,1800,10,427.2,0.8117,0.8117
Chronopotentiometry,0.02,1800,10,427.3,0.8118,0.8118
Chronopotentiometry,0.02,1800,10,427.4,0.8117,0.8117
Chronopotentiometry,0.02,1800,10,427.5,0.8117,0.8117
Chronopotentiometry,0.02,1800,10,427.6,0.8117,0.8117
Chronopotentiometry,0.02,1800,10,427.7,0.8117,0.8117
Chronopotentiometry,0.02,1800,10,427.8,0.8118,0.8118
Chronopotentiometry,0.02,1800,10,427.9,0.8118,0.8118
Chronopotentiometry,0.02,1800,10,428.0,0.8117,0.8117
Chronopotentiometry,0.02,1800,10,428.1,0.8118,0.8118
Chronopotentiometry,0.02,1800,10,428.2,0.8118,0.8118
Chronopotentiometry,0.02,1800,10,428.3,0.8118,0.8118
Chronopotentiometry,0.02,1800,10,428.4,0.8118,0.8118
Chronopotentiometry,0.02,1800,10,428.5,0.8118,0.8118
Chronopotentiometry,0.02,1800,10,428.6,0.8118,0.8118
Chronopotentiometry,0.02,1800,10,428.7,0.8118,0.8118
Chronopotentiometry,0.02,1800,10,428.8,0.8118,0.8118
Chronopotentiometry,0.02,1800,10,428.9,0.8119,0.8119
Chronopotentiometry,0.02,1800,10,429.0,0.8119,0.8119
Chronopotentiometry,0.02,1800,10,429.1,0.812,0.812
Chronopotentiometry,0.02,1800,10,429.2,0.8119,0.8119
Chronopotentiometry,0.02,1800,10,429.3,0.8118,0.8118
Chronopotentiometry,0.02,1800,10,429.4,0.8119,0.8119
Chronopotentiometry,0.02,1800,10,429.5,0.8119,0.8119
Chronopotentiometry,0.02,1800,10,429.6,0.812,0.812
Chronopotentiometry,0.02,1800,10,429.7,0.8119,0.8119
Chronopotentiometry,0.02,1800,10,429.8,0.8118,0.8118
Chronopotentiometry,0.02,1800,10,429.9,0.8118,0.8118
Chronopotentiometry,0.02,1800,10,430.0,0.8118,0.8118
Chronopotentiometry,0.02,1800,10,430.1,0.8118,0.8118
Chronopotentiometry,0.02,1800,10,430.2,0.8118,0.8118
Chronopotentiometry,0.02,1800,10,430.3,0.8118,0.8118
Chronopotentiometry,0.02,1800,10,430.4,0.8119,0.8119
Chronopotentiometry,0.02,1800,10,430.5,0.8119,0.8119
Chronopotentiometry,0.02,1800,10,430.6,0.8119,0.8119
Chronopotentiometry,0.02,1800,10,430.7,0.8119,0.8119
Chronopotentiometry,0.02,1800,10,430.8,0.8119,0.8119
Chronopotentiometry,0.02,1800,10,430.9,0.812,0.812
Chronopotentiometry,0.02,1800,10,431.0,0.8119,0.8119
Chronopotentiometry,0.02,1800,10,431.1,0.8119,0.8119
Chronopotentiometry,0.02,1800,10,431.2,0.8118,0.8118
Chronopotentiometry,0.02,1800,10,431.3,0.8119,0.8119
Chronopotentiometry,0.02,1800,10,431.4,0.8119,0.8119
Chronopotentiometry,0.02,1800,10,431.5,0.8119,0.8119
Chronopotentiometry,0.02,1800,10,431.6,0.812,0.812
Chronopotentiometry,0.02,1800,10,431.7,0.812,0.812
Chronopotentiometry,0.02,1800,10,431.8,0.8119,0.8119
Chronopotentiometry,0.02,1800,10,431.9,0.8119,0.8119
Chronopotentiometry,0.02,1800,10,432.0,0.812,0.812
Chronopotentiometry,0.02,1800,10,432.1,0.812,0.812
Chronopotentiometry,0.02,1800,10,432.2,0.812,0.812
Chronopotentiometry,0.02,1800,10,432.3,0.8119,0.8119
Chronopotentiometry,0.02,1800,10,432.4,0.8119,0.8119
Chronopotentiometry,0.02,1800,10,432.5,0.812,0.812
Chronopotentiometry,0.02,1800,10,432.6,0.812,0.812
Chronopotentiometry,0.02,1800,10,432.7,0.812,0.812
Chronopotentiometry,0.02,1800,10,432.8,0.812,0.812
Chronopotentiometry,0.02,1800,10,432.9,0.812,0.812
Chronopotentiometry,0.02,1800,10,433.0,0.812,0.812
Chronopotentiometry,0.02,1800,10,433.1,0.812,0.812
Chronopotentiometry,0.02,1800,10,433.2,0.812,0.812
Chronopotentiometry,0.02,1800,10,433.3,0.8119,0.8119
Chronopotentiometry,0.02,1800,10,433.4,0.812,0.812
Chronopotentiometry,0.02,1800,10,433.5,0.812,0.812
Chronopotentiometry,0.02,1800,10,433.6,0.812,0.812
Chronopotentiometry,0.02,1800,10,433.7,0.812,0.812
Chronopotentiometry,0.02,1800,10,433.8,0.812,0.812
Chronopotentiometry,0.02,1800,10,433.9,0.812,0.812
Chronopotentiometry,0.02,1800,10,434.0,0.8121,0.8121
Chronopotentiometry,0.02,1800,10,434.1,0.8121,0.8121
Chronopotentiometry,0.02,1800,10,434.2,0.812,0.812
Chronopotentiometry,0.02,1800,10,434.3,0.812,0.812
Chronopotentiometry,0.02,1800,10,434.4,0.812,0.812
Chronopotentiometry,0.02,1800,10,434.5,0.812,0.812
Chronopotentiometry,0.02,1800,10,434.6,0.8121,0.8121
Chronopotentiometry,0.02,1800,10,434.7,0.8121,0.8121
Chronopotentiometry,0.02,1800,10,434.8,0.8121,0.8121
Chronopotentiometry,0.02,1800,10,434.9,0.812,0.812
Chronopotentiometry,0.02,1800,10,435.0,0.812,0.812
Chronopotentiometry,0.02,1800,10,435.1,0.8121,0.8121
Chronopotentiometry,0.02,1800,10,435.2,0.8121,0.8121
Chronopotentiometry,0.02,1800,10,435.3,0.8121,0.8121
Chronopotentiometry,0.02,1800,10,435.4,0.8121,0.8121
Chronopotentiometry,0.02,1800,10,435.5,0.8121,0.8121
Chronopotentiometry,0.02,1800,10,435.6,0.8122,0.8122
Chronopotentiometry,0.02,1800,10,435.7,0.8122,0.8122
Chronopotentiometry,0.02,1800,10,435.8,0.8122,0.8122
Chronopotentiometry,0.02,1800,10,435.9,0.8121,0.8121
Chronopotentiometry,0.02,1800,10,436.0,0.8122,0.8122
Chronopotentiometry,0.02,1800,10,436.1,0.8122,0.8122
Chronopotentiometry,0.02,1800,10,436.2,0.8122,0.8122
Chronopotentiometry,0.02,1800,10,436.3,0.8122,0.8122
Chronopotentiometry,0.02,1800,10,436.4,0.8122,0.8122
Chronopotentiometry,0.02,1800,10,436.5,0.8122,0.8122
Chronopotentiometry,0.02,1800,10,436.6,0.8122,0.8122
Chronopotentiometry,0.02,1800,10,436.7,0.8122,0.8122
Chronopotentiometry,0.02,1800,10,436.8,0.8121,0.8121
Chronopotentiometry,0.02,1800,10,436.9,0.8122,0.8122
Chronopotentiometry,0.02,1800,10,437.0,0.8123,0.8123
Chronopotentiometry,0.02,1800,10,437.1,0.8122,0.8122
Chronopotentiometry,0.02,1800,10,437.2,0.8122,0.8122
Chronopotentiometry,0.02,1800,10,437.3,0.8122,0.8122
Chronopotentiometry,0.02,1800,10,437.4,0.8122,0.8122
Chronopotentiometry,0.02,1800,10,437.5,0.8122,0.8122
Chronopotentiometry,0.02,1800,10,437.6,0.8122,0.8122
Chronopotentiometry,0.02,1800,10,437.7,0.8122,0.8122
Chronopotentiometry,0.02,1800,10,437.8,0.8122,0.8122
Chronopotentiometry,0.02,1800,10,437.9,0.8122,0.8122
Chronopotentiometry,0.02,1800,10,438.0,0.8122,0.8122
Chronopotentiometry,0.02,1800,10,438.1,0.8122,0.8122
Chronopotentiometry,0.02,1800,10,438.2,0.8122,0.8122
Chronopotentiometry,0.02,1800,10,438.3,0.8122,0.8122
Chronopotentiometry,0.02,1800,10,438.4,0.8122,0.8122
Chronopotentiometry,0.02,1800,10,438.5,0.8123,0.8123
Chronopotentiometry,0.02,1800,10,438.6,0.8123,0.8123
Chronopotentiometry,0.02,1800,10,438.7,0.8123,0.8123
Chronopotentiometry,0.02,1800,10,438.8,0.8122,0.8122
Chronopotentiometry,0.02,1800,10,438.9,0.8122,0.8122
Chronopotentiometry,0.02,1800,10,439.0,0.8123,0.8123
Chronopotentiometry,0.02,1800,10,439.1,0.8123,0.8123
Chronopotentiometry,0.02,1800,10,439.2,0.8123,0.8123
Chronopotentiometry,0.02,1800,10,439.3,0.8123,0.8123
Chronopotentiometry,0.02,1800,10,439.4,0.8123,0.8123
Chronopotentiometry,0.02,1800,10,439.5,0.8123,0.8123
Chronopotentiometry,0.02,1800,10,439.6,0.8124,0.8124
Chronopotentiometry,0.02,1800,10,439.7,0.8123,0.8123
Chronopotentiometry,0.02,1800,10,439.8,0.8124,0.8124
Chronopotentiometry,0.02,1800,10,439.9,0.8123,0.8123
Chronopotentiometry,0.02,1800,10,440.0,0.8123,0.8123
Chronopotentiometry,0.02,1800,10,440.1,0.8123,0.8123
Chronopotentiometry,0.02,1800,10,440.2,0.8123,0.8123
Chronopotentiometry,0.02,1800,10,440.3,0.8123,0.8123
Chronopotentiometry,0.02,1800,10,440.4,0.8124,0.8124
Chronopotentiometry,0.02,1800,10,440.5,0.8124,0.8124
Chronopotentiometry,0.02,1800,10,440.6,0.8124,0.8124
Chronopotentiometry,0.02,1800,10,440.7,0.8123,0.8123
Chronopotentiometry,0.02,1800,10,440.8,0.8124,0.8124
Chronopotentiometry,0.02,1800,10,440.9,0.8123,0.8123
Chronopotentiometry,0.02,1800,10,441.0,0.8123,0.8123
Chronopotentiometry,0.02,1800,10,441.1,0.8124,0.8124
Chronopotentiometry,0.02,1800,10,441.2,0.8123,0.8123
Chronopotentiometry,0.02,1800,10,441.3,0.8124,0.8124
Chronopotentiometry,0.02,1800,10,441.4,0.8124,0.8124
Chronopotentiometry,0.02,1800,10,441.5,0.8124,0.8124
Chronopotentiometry,0.02,1800,10,441.6,0.8124,0.8124
Chronopotentiometry,0.02,1800,10,441.7,0.8124,0.8124
Chronopotentiometry,0.02,1800,10,441.8,0.8125,0.8125
Chronopotentiometry,0.02,1800,10,441.9,0.8124,0.8124
Chronopotentiometry,0.02,1800,10,442.0,0.8125,0.8125
Chronopotentiometry,0.02,1800,10,442.1,0.8125,0.8125
Chronopotentiometry,0.02,1800,10,442.2,0.8125,0.8125
Chronopotentiometry,0.02,1800,10,442.3,0.8125,0.8125
Chronopotentiometry,0.02,1800,10,442.4,0.8126,0.8126
Chronopotentiometry,0.02,1800,10,442.5,0.8125,0.8125
Chronopotentiometry,0.02,1800,10,442.6,0.8125,0.8125
Chronopotentiometry,0.02,1800,10,442.7,0.8124,0.8124
Chronopotentiometry,0.02,1800,10,442.8,0.8125,0.8125
Chronopotentiometry,0.02,1800,10,442.9,0.8125,0.8125
Chronopotentiometry,0.02,1800,10,443.0,0.8125,0.8125
Chronopotentiometry,0.02,1800,10,443.1,0.8125,0.8125
Chronopotentiometry,0.02,1800,10,443.2,0.8126,0.8126
Chronopotentiometry,0.02,1800,10,443.3,0.8127,0.8127
Chronopotentiometry,0.02,1800,10,443.4,0.8126,0.8126
Chronopotentiometry,0.02,1800,10,443.5,0.8125,0.8125
Chronopotentiometry,0.02,1800,10,443.6,0.8125,0.8125
Chronopotentiometry,0.02,1800,10,443.7,0.8125,0.8125
Chronopotentiometry,0.02,1800,10,443.8,0.8125,0.8125
Chronopotentiometry,0.02,1800,10,443.9,0.8125,0.8125
Chronopotentiometry,0.02,1800,10,444.0,0.8125,0.8125
Chronopotentiometry,0.02,1800,10,444.1,0.8125,0.8125
Chronopotentiometry,0.02,1800,10,444.2,0.8125,0.8125
Chronopotentiometry,0.02,1800,10,444.3,0.8125,0.8125
Chronopotentiometry,0.02,1800,10,444.4,0.8124,0.8124
Chronopotentiometry,0.02,1800,10,444.5,0.8125,0.8125
Chronopotentiometry,0.02,1800,10,444.6,0.8124,0.8124
Chronopotentiometry,0.02,1800,10,444.7,0.8125,0.8125
Chronopotentiometry,0.02,1800,10,444.8,0.8125,0.8125
Chronopotentiometry,0.02,1800,10,444.9,0.8124,0.8124
Chronopotentiometry,0.02,1800,10,445.0,0.8124,0.8124
Chronopotentiometry,0.02,1800,10,445.1,0.8124,0.8124
Chronopotentiometry,0.02,1800,10,445.2,0.8124,0.8124
Chronopotentiometry,0.02,1800,10,445.3,0.8124,0.8124
Chronopotentiometry,0.02,1800,10,445.4,0.8125,0.8125
Chronopotentiometry,0.02,1800,10,445.5,0.8124,0.8124
Chronopotentiometry,0.02,1800,10,445.6,0.8124,0.8124
Chronopotentiometry,0.02,1800,10,445.7,0.8125,0.8125
Chronopotentiometry,0.02,1800,10,445.8,0.8125,0.8125
Chronopotentiometry,0.02,1800,10,445.9,0.8126,0.8126
Chronopotentiometry,0.02,1800,10,446.0,0.8126,0.8126
Chronopotentiometry,0.02,1800,10,446.1,0.8126,0.8126
Chronopotentiometry,0.02,1800,10,446.2,0.8125,0.8125
Chronopotentiometry,0.02,1800,10,446.3,0.8126,0.8126
Chronopotentiometry,0.02,1800,10,446.4,0.8126,0.8126
Chronopotentiometry,0.02,1800,10,446.5,0.8125,0.8125
Chronopotentiometry,0.02,1800,10,446.6,0.8126,0.8126
Chronopotentiometry,0.02,1800,10,446.7,0.8126,0.8126
Chronopotentiometry,0.02,1800,10,446.8,0.8126,0.8126
Chronopotentiometry,0.02,1800,10,446.9,0.8126,0.8126
Chronopotentiometry,0.02,1800,10,447.0,0.8126,0.8126
Chronopotentiometry,0.02,1800,10,447.1,0.8127,0.8127
Chronopotentiometry,0.02,1800,10,447.2,0.8127,0.8127
Chronopotentiometry,0.02,1800,10,447.3,0.8126,0.8126
Chronopotentiometry,0.02,1800,10,447.4,0.8126,0.8126
Chronopotentiometry,0.02,1800,10,447.5,0.8125,0.8125
Chronopotentiometry,0.02,1800,10,447.6,0.8126,0.8126
Chronopotentiometry,0.02,1800,10,447.7,0.8126,0.8126
Chronopotentiometry,0.02,1800,10,447.8,0.8126,0.8126
Chronopotentiometry,0.02,1800,10,447.9,0.8126,0.8126
Chronopotentiometry,0.02,1800,10,448.0,0.8127,0.8127
Chronopotentiometry,0.02,1800,10,448.1,0.8128,0.8128
Chronopotentiometry,0.02,1800,10,448.2,0.8128,0.8128
Chronopotentiometry,0.02,1800,10,448.3,0.8127,0.8127
Chronopotentiometry,0.02,1800,10,448.4,0.8127,0.8127
Chronopotentiometry,0.02,1800,10,448.5,0.8127,0.8127
Chronopotentiometry,0.02,1800,10,448.6,0.8127,0.8127
Chronopotentiometry,0.02,1800,10,448.7,0.8127,0.8127
Chronopotentiometry,0.02,1800,10,448.8,0.8127,0.8127
Chronopotentiometry,0.02,1800,10,448.9,0.8128,0.8128
Chronopotentiometry,0.02,1800,10,449.0,0.8128,0.8128
Chronopotentiometry,0.02,1800,10,449.1,0.8127,0.8127
Chronopotentiometry,0.02,1800,10,449.2,0.8128,0.8128
Chronopotentiometry,0.02,1800,10,449.3,0.8127,0.8127
Chronopotentiometry,0.02,1800,10,449.4,0.8127,0.8127
Chronopotentiometry,0.02,1800,10,449.5,0.8127,0.8127
Chronopotentiometry,0.02,1800,10,449.6,0.8128,0.8128
Chronopotentiometry,0.02,1800,10,449.7,0.8128,0.8128
Chronopotentiometry,0.02,1800,10,449.8,0.8127,0.8127
Chronopotentiometry,0.02,1800,10,449.9,0.8128,0.8128
Chronopotentiometry,0.02,1800,10,450.0,0.8128,0.8128
Chronopotentiometry,0.02,1800,10,450.1,0.8128,0.8128
Chronopotentiometry,0.02,1800,10,450.2,0.8128,0.8128
Chronopotentiometry,0.02,1800,10,450.3,0.8128,0.8128
Chronopotentiometry,0.02,1800,10,450.4,0.8128,0.8128
Chronopotentiometry,0.02,1800,10,450.5,0.8129,0.8129
Chronopotentiometry,0.02,1800,10,450.6,0.8129,0.8129
Chronopotentiometry,0.02,1800,10,450.7,0.8128,0.8128
Chronopotentiometry,0.02,1800,10,450.8,0.8127,0.8127
Chronopotentiometry,0.02,1800,10,450.9,0.8128,0.8128
Chronopotentiometry,0.02,1800,10,451.0,0.8127,0.8127
Chronopotentiometry,0.02,1800,10,451.1,0.8128,0.8128
Chronopotentiometry,0.02,1800,10,451.2,0.8127,0.8127
Chronopotentiometry,0.02,1800,10,451.3,0.8128,0.8128
Chronopotentiometry,0.02,1800,10,451.4,0.8128,0.8128
Chronopotentiometry,0.02,1800,10,451.5,0.8128,0.8128
Chronopotentiometry,0.02,1800,10,451.6,0.8129,0.8129
Chronopotentiometry,0.02,1800,10,451.7,0.8128,0.8128
Chronopotentiometry,0.02,1800,10,451.8,0.8129,0.8129
Chronopotentiometry,0.02,1800,10,451.9,0.8128,0.8128
Chronopotentiometry,0.02,1800,10,452.0,0.8128,0.8128
Chronopotentiometry,0.02,1800,10,452.1,0.8129,0.8129
Chronopotentiometry,0.02,1800,10,452.2,0.8129,0.8129
Chronopotentiometry,0.02,1800,10,452.3,0.8128,0.8128
Chronopotentiometry,0.02,1800,10,452.4,0.8128,0.8128
Chronopotentiometry,0.02,1800,10,452.5,0.8129,0.8129
Chronopotentiometry,0.02,1800,10,452.6,0.8129,0.8129
Chronopotentiometry,0.02,1800,10,452.7,0.8129,0.8129
Chronopotentiometry,0.02,1800,10,452.8,0.8129,0.8129
Chronopotentiometry,0.02,1800,10,452.9,0.813,0.813
Chronopotentiometry,0.02,1800,10,453.0,0.813,0.813
Chronopotentiometry,0.02,1800,10,453.1,0.8129,0.8129
Chronopotentiometry,0.02,1800,10,453.2,0.813,0.813
Chronopotentiometry,0.02,1800,10,453.3,0.813,0.813
Chronopotentiometry,0.02,1800,10,453.4,0.813,0.813
Chronopotentiometry,0.02,1800,10,453.5,0.8131,0.8131
Chronopotentiometry,0.02,1800,10,453.6,0.813,0.813
Chronopotentiometry,0.02,1800,10,453.7,0.813,0.813
Chronopotentiometry,0.02,1800,10,453.8,0.813,0.813
Chronopotentiometry,0.02,1800,10,453.9,0.813,0.813
Chronopotentiometry,0.02,1800,10,454.0,0.813,0.813
Chronopotentiometry,0.02,1800,10,454.1,0.813,0.813
Chronopotentiometry,0.02,1800,10,454.2,0.813,0.813
Chronopotentiometry,0.02,1800,10,454.3,0.813,0.813
Chronopotentiometry,0.02,1800,10,454.4,0.813,0.813
Chronopotentiometry,0.02,1800,10,454.5,0.8131,0.8131
Chronopotentiometry,0.02,1800,10,454.6,0.8131,0.8131
Chronopotentiometry,0.02,1800,10,454.7,0.8131,0.8131
Chronopotentiometry,0.02,1800,10,454.8,0.813,0.813
Chronopotentiometry,0.02,1800,10,454.9,0.8131,0.8131
Chronopotentiometry,0.02,1800,10,455.0,0.8131,0.8131
Chronopotentiometry,0.02,1800,10,455.1,0.8131,0.8131
Chronopotentiometry,0.02,1800,10,455.2,0.8131,0.8131
Chronopotentiometry,0.02,1800,10,455.3,0.8131,0.8131
Chronopotentiometry,0.02,1800,10,455.4,0.8131,0.8131
Chronopotentiometry,0.02,1800,10,455.5,0.8131,0.8131
Chronopotentiometry,0.02,1800,10,455.6,0.8132,0.8132
Chronopotentiometry,0.02,1800,10,455.7,0.8132,0.8132
Chronopotentiometry,0.02,1800,10,455.8,0.8133,0.8133
Chronopotentiometry,0.02,1800,10,455.9,0.8132,0.8132
Chronopotentiometry,0.02,1800,10,456.0,0.8131,0.8131
Chronopotentiometry,0.02,1800,10,456.1,0.8132,0.8132
Chronopotentiometry,0.02,1800,10,456.2,0.8132,0.8132
Chronopotentiometry,0.02,1800,10,456.3,0.8132,0.8132
Chronopotentiometry,0.02,1800,10,456.4,0.8132,0.8132
Chronopotentiometry,0.02,1800,10,456.5,0.8133,0.8133
Chronopotentiometry,0.02,1800,10,456.6,0.8133,0.8133
Chronopotentiometry,0.02,1800,10,456.7,0.8133,0.8133
Chronopotentiometry,0.02,1800,10,456.8,0.8133,0.8133
Chronopotentiometry,0.02,1800,10,456.9,0.8133,0.8133
Chronopotentiometry,0.02,1800,10,457.0,0.8132,0.8132
Chronopotentiometry,0.02,1800,10,457.1,0.8133,0.8133
Chronopotentiometry,0.02,1800,10,457.2,0.8133,0.8133
Chronopotentiometry,0.02,1800,10,457.3,0.8133,0.8133
Chronopotentiometry,0.02,1800,10,457.4,0.8133,0.8133
Chronopotentiometry,0.02,1800,10,457.5,0.8133,0.8133
Chronopotentiometry,0.02,1800,10,457.6,0.8132,0.8132
Chronopotentiometry,0.02,1800,10,457.7,0.8131,0.8131
Chronopotentiometry,0.02,1800,10,457.8,0.8132,0.8132
Chronopotentiometry,0.02,1800,10,457.9,0.8133,0.8133
Chronopotentiometry,0.02,1800,10,458.0,0.8133,0.8133
Chronopotentiometry,0.02,1800,10,458.1,0.8133,0.8133
Chronopotentiometry,0.02,1800,10,458.2,0.8133,0.8133
Chronopotentiometry,0.02,1800,10,458.3,0.8133,0.8133
Chronopotentiometry,0.02,1800,10,458.4,0.8133,0.8133
Chronopotentiometry,0.02,1800,10,458.5,0.8133,0.8133
Chronopotentiometry,0.02,1800,10,458.6,0.8133,0.8133
Chronopotentiometry,0.02,1800,10,458.7,0.8133,0.8133
Chronopotentiometry,0.02,1800,10,458.8,0.8133,0.8133
Chronopotentiometry,0.02,1800,10,458.9,0.8134,0.8134
Chronopotentiometry,0.02,1800,10,459.0,0.8134,0.8134
Chronopotentiometry,0.02,1800,10,459.1,0.8134,0.8134
Chronopotentiometry,0.02,1800,10,459.2,0.8134,0.8134
Chronopotentiometry,0.02,1800,10,459.3,0.8134,0.8134
Chronopotentiometry,0.02,1800,10,459.4,0.8134,0.8134
Chronopotentiometry,0.02,1800,10,459.5,0.8134,0.8134
Chronopotentiometry,0.02,1800,10,459.6,0.8134,0.8134
Chronopotentiometry,0.02,1800,10,459.7,0.8133,0.8133
Chronopotentiometry,0.02,1800,10,459.8,0.8134,0.8134
Chronopotentiometry,0.02,1800,10,459.9,0.8135,0.8135
Chronopotentiometry,0.02,1800,10,460.0,0.8135,0.8135
Chronopotentiometry,0.02,1800,10,460.1,0.8135,0.8135
Chronopotentiometry,0.02,1800,10,460.2,0.8135,0.8135
Chronopotentiometry,0.02,1800,10,460.3,0.8135,0.8135
Chronopotentiometry,0.02,1800,10,460.4,0.8135,0.8135
Chronopotentiometry,0.02,1800,10,460.5,0.8135,0.8135
Chronopotentiometry,0.02,1800,10,460.6,0.8135,0.8135
Chronopotentiometry,0.02,1800,10,460.7,0.8135,0.8135
Chronopotentiometry,0.02,1800,10,460.8,0.8135,0.8135
Chronopotentiometry,0.02,1800,10,460.9,0.8135,0.8135
Chronopotentiometry,0.02,1800,10,461.0,0.8135,0.8135
Chronopotentiometry,0.02,1800,10,461.1,0.8136,0.8136
Chronopotentiometry,0.02,1800,10,461.2,0.8135,0.8135
Chronopotentiometry,0.02,1800,10,461.3,0.8135,0.8135
Chronopotentiometry,0.02,1800,10,461.4,0.8135,0.8135
Chronopotentiometry,0.02,1800,10,461.5,0.8134,0.8134
Chronopotentiometry,0.02,1800,10,461.6,0.8135,0.8135
Chronopotentiometry,0.02,1800,10,461.7,0.8135,0.8135
Chronopotentiometry,0.02,1800,10,461.8,0.8135,0.8135
Chronopotentiometry,0.02,1800,10,461.9,0.8135,0.8135
Chronopotentiometry,0.02,1800,10,462.0,0.8135,0.8135
Chronopotentiometry,0.02,1800,10,462.1,0.8135,0.8135
Chronopotentiometry,0.02,1800,10,462.2,0.8135,0.8135
Chronopotentiometry,0.02,1800,10,462.3,0.8135,0.8135
Chronopotentiometry,0.02,1800,10,462.4,0.8136,0.8136
Chronopotentiometry,0.02,1800,10,462.5,0.8135,0.8135
Chronopotentiometry,0.02,1800,10,462.6,0.8136,0.8136
Chronopotentiometry,0.02,1800,10,462.7,0.8136,0.8136
Chronopotentiometry,0.02,1800,10,462.8,0.8136,0.8136
Chronopotentiometry,0.02,1800,10,462.9,0.8136,0.8136
Chronopotentiometry,0.02,1800,10,463.0,0.8136,0.8136
Chronopotentiometry,0.02,1800,10,463.1,0.8136,0.8136
Chronopotentiometry,0.02,1800,10,463.2,0.8136,0.8136
Chronopotentiometry,0.02,1800,10,463.3,0.8136,0.8136
Chronopotentiometry,0.02,1800,10,463.4,0.8136,0.8136
Chronopotentiometry,0.02,1800,10,463.5,0.8137,0.8137
Chronopotentiometry,0.02,1800,10,463.6,0.8137,0.8137
Chronopotentiometry,0.02,1800,10,463.7,0.8137,0.8137
Chronopotentiometry,0.02,1800,10,463.8,0.8137,0.8137
Chronopotentiometry,0.02,1800,10,463.9,0.8136,0.8136
Chronopotentiometry,0.02,1800,10,464.0,0.8136,0.8136
Chronopotentiometry,0.02,1800,10,464.1,0.8137,0.8137
Chronopotentiometry,0.02,1800,10,464.2,0.8137,0.8137
Chronopotentiometry,0.02,1800,10,464.3,0.8138,0.8138
Chronopotentiometry,0.02,1800,10,464.4,0.8137,0.8137
Chronopotentiometry,0.02,1800,10,464.5,0.8137,0.8137
Chronopotentiometry,0.02,1800,10,464.6,0.8137,0.8137
Chronopotentiometry,0.02,1800,10,464.7,0.8138,0.8138
Chronopotentiometry,0.02,1800,10,464.8,0.8137,0.8137
Chronopotentiometry,0.02,1800,10,464.9,0.8137,0.8137
Chronopotentiometry,0.02,1800,10,465.0,0.8136,0.8136
Chronopotentiometry,0.02,1800,10,465.1,0.8137,0.8137
Chronopotentiometry,0.02,1800,10,465.2,0.8137,0.8137
Chronopotentiometry,0.02,1800,10,465.3,0.8136,0.8136
Chronopotentiometry,0.02,1800,10,465.4,0.8137,0.8137
Chronopotentiometry,0.02,1800,10,465.5,0.8137,0.8137
Chronopotentiometry,0.02,1800,10,465.6,0.8137,0.8137
Chronopotentiometry,0.02,1800,10,465.7,0.8137,0.8137
Chronopotentiometry,0.02,1800,10,465.8,0.8137,0.8137
Chronopotentiometry,0.02,1800,10,465.9,0.8137,0.8137
Chronopotentiometry,0.02,1800,10,466.0,0.8138,0.8138
Chronopotentiometry,0.02,1800,10,466.1,0.8137,0.8137
Chronopotentiometry,0.02,1800,10,466.2,0.8137,0.8137
Chronopotentiometry,0.02,1800,10,466.3,0.8138,0.8138
Chronopotentiometry,0.02,1800,10,466.4,0.8137,0.8137
Chronopotentiometry,0.02,1800,10,466.5,0.8137,0.8137
Chronopotentiometry,0.02,1800,10,466.6,0.8138,0.8138
Chronopotentiometry,0.02,1800,10,466.7,0.8138,0.8138
Chronopotentiometry,0.02,1800,10,466.8,0.8138,0.8138
Chronopotentiometry,0.02,1800,10,466.9,0.8138,0.8138
Chronopotentiometry,0.02,1800,10,467.0,0.8139,0.8139
Chronopotentiometry,0.02,1800,10,467.1,0.8138,0.8138
Chronopotentiometry,0.02,1800,10,467.2,0.8139,0.8139
Chronopotentiometry,0.02,1800,10,467.3,0.8139,0.8139
Chronopotentiometry,0.02,1800,10,467.4,0.8138,0.8138
Chronopotentiometry,0.02,1800,10,467.5,0.8139,0.8139
Chronopotentiometry,0.02,1800,10,467.6,0.8139,0.8139
Chronopotentiometry,0.02,1800,10,467.7,0.8139,0.8139
Chronopotentiometry,0.02,1800,10,467.8,0.8139,0.8139
Chronopotentiometry,0.02,1800,10,467.9,0.8139,0.8139
Chronopotentiometry,0.02,1800,10,468.0,0.8139,0.8139
Chronopotentiometry,0.02,1800,10,468.1,0.8139,0.8139
Chronopotentiometry,0.02,1800,10,468.2,0.8139,0.8139
Chronopotentiometry,0.02,1800,10,468.3,0.8139,0.8139
Chronopotentiometry,0.02,1800,10,468.4,0.8139,0.8139
Chronopotentiometry,0.02,1800,10,468.5,0.8139,0.8139
Chronopotentiometry,0.02,1800,10,468.6,0.8139,0.8139
Chronopotentiometry,0.02,1800,10,468.7,0.8139,0.8139
Chronopotentiometry,0.02,1800,10,468.8,0.8139,0.8139
Chronopotentiometry,0.02,1800,10,468.9,0.8139,0.8139
Chronopotentiometry,0.02,1800,10,469.0,0.8139,0.8139
Chronopotentiometry,0.02,1800,10,469.1,0.8139,0.8139
Chronopotentiometry,0.02,1800,10,469.2,0.8139,0.8139
Chronopotentiometry,0.02,1800,10,469.3,0.8139,0.8139
Chronopotentiometry,0.02,1800,10,469.4,0.8139,0.8139
Chronopotentiometry,0.02,1800,10,469.5,0.8139,0.8139
Chronopotentiometry,0.02,1800,10,469.6,0.8139,0.8139
Chronopotentiometry,0.02,1800,10,469.7,0.8139,0.8139
Chronopotentiometry,0.02,1800,10,469.8,0.8139,0.8139
Chronopotentiometry,0.02,1800,10,469.9,0.8139,0.8139
Chronopotentiometry,0.02,1800,10,470.0,0.8139,0.8139
Chronopotentiometry,0.02,1800,10,470.1,0.814,0.814
Chronopotentiometry,0.02,1800,10,470.2,0.8139,0.8139
Chronopotentiometry,0.02,1800,10,470.3,0.814,0.814
Chronopotentiometry,0.02,1800,10,470.4,0.814,0.814
Chronopotentiometry,0.02,1800,10,470.5,0.8139,0.8139
Chronopotentiometry,0.02,1800,10,470.6,0.814,0.814
Chronopotentiometry,0.02,1800,10,470.7,0.814,0.814
Chronopotentiometry,0.02,1800,10,470.8,0.814,0.814
Chronopotentiometry,0.02,1800,10,470.9,0.8141,0.8141
Chronopotentiometry,0.02,1800,10,471.0,0.8141,0.8141
Chronopotentiometry,0.02,1800,10,471.1,0.8141,0.8141
Chronopotentiometry,0.02,1800,10,471.2,0.8141,0.8141
Chronopotentiometry,0.02,1800,10,471.3,0.8141,0.8141
Chronopotentiometry,0.02,1800,10,471.4,0.8141,0.8141
Chronopotentiometry,0.02,1800,10,471.5,0.8141,0.8141
Chronopotentiometry,0.02,1800,10,471.6,0.8141,0.8141
Chronopotentiometry,0.02,1800,10,471.7,0.8141,0.8141
Chronopotentiometry,0.02,1800,10,471.8,0.8141,0.8141
Chronopotentiometry,0.02,1800,10,471.9,0.8141,0.8141
Chronopotentiometry,0.02,1800,10,472.0,0.8141,0.8141
Chronopotentiometry,0.02,1800,10,472.1,0.814,0.814
Chronopotentiometry,0.02,1800,10,472.2,0.814,0.814
Chronopotentiometry,0.02,1800,10,472.3,0.8141,0.8141
Chronopotentiometry,0.02,1800,10,472.4,0.814,0.814
Chronopotentiometry,0.02,1800,10,472.5,0.8141,0.8141
Chronopotentiometry,0.02,1800,10,472.6,0.8141,0.8141
Chronopotentiometry,0.02,1800,10,472.7,0.8141,0.8141
Chronopotentiometry,0.02,1800,10,472.8,0.8141,0.8141
Chronopotentiometry,0.02,1800,10,472.9,0.8142,0.8142
Chronopotentiometry,0.02,1800,10,473.0,0.8142,0.8142
Chronopotentiometry,0.02,1800,10,473.1,0.8142,0.8142
Chronopotentiometry,0.02,1800,10,473.2,0.8142,0.8142
Chronopotentiometry,0.02,1800,10,473.3,0.8142,0.8142
Chronopotentiometry,0.02,1800,10,473.4,0.8141,0.8141
Chronopotentiometry,0.02,1800,10,473.5,0.8142,0.8142
Chronopotentiometry,0.02,1800,10,473.6,0.8142,0.8142
Chronopotentiometry,0.02,1800,10,473.7,0.8142,0.8142
Chronopotentiometry,0.02,1800,10,473.8,0.8142,0.8142
Chronopotentiometry,0.02,1800,10,473.9,0.8142,0.8142
Chronopotentiometry,0.02,1800,10,474.0,0.8142,0.8142
Chronopotentiometry,0.02,1800,10,474.1,0.8142,0.8142
Chronopotentiometry,0.02,1800,10,474.2,0.8143,0.8143
Chronopotentiometry,0.02,1800,10,474.3,0.8143,0.8143
Chronopotentiometry,0.02,1800,10,474.4,0.8143,0.8143
Chronopotentiometry,0.02,1800,10,474.5,0.8143,0.8143
Chronopotentiometry,0.02,1800,10,474.6,0.8143,0.8143
Chronopotentiometry,0.02,1800,10,474.7,0.8144,0.8144
Chronopotentiometry,0.02,1800,10,474.8,0.8143,0.8143
Chronopotentiometry,0.02,1800,10,474.9,0.8143,0.8143
Chronopotentiometry,0.02,1800,10,475.0,0.8143,0.8143
Chronopotentiometry,0.02,1800,10,475.1,0.8144,0.8144
Chronopotentiometry,0.02,1800,10,475.2,0.8144,0.8144
Chronopotentiometry,0.02,1800,10,475.3,0.8144,0.8144
Chronopotentiometry,0.02,1800,10,475.4,0.8144,0.8144
Chronopotentiometry,0.02,1800,10,475.5,0.8143,0.8143
Chronopotentiometry,0.02,1800,10,475.6,0.8142,0.8142
Chronopotentiometry,0.02,1800,10,475.7,0.8142,0.8142
Chronopotentiometry,0.02,1800,10,475.8,0.8143,0.8143
Chronopotentiometry,0.02,1800,10,475.9,0.8143,0.8143
Chronopotentiometry,0.02,1800,10,476.0,0.8143,0.8143
Chronopotentiometry,0.02,1800,10,476.1,0.8143,0.8143
Chronopotentiometry,0.02,1800,10,476.2,0.8143,0.8143
Chronopotentiometry,0.02,1800,10,476.3,0.8142,0.8142
Chronopotentiometry,0.02,1800,10,476.4,0.8143,0.8143
Chronopotentiometry,0.02,1800,10,476.5,0.8142,0.8142
Chronopotentiometry,0.02,1800,10,476.6,0.8143,0.8143
Chronopotentiometry,0.02,1800,10,476.7,0.8143,0.8143
Chronopotentiometry,0.02,1800,10,476.8,0.8143,0.8143
Chronopotentiometry,0.02,1800,10,476.9,0.8143,0.8143
Chronopotentiometry,0.02,1800,10,477.0,0.8143,0.8143
Chronopotentiometry,0.02,1800,10,477.1,0.8142,0.8142
Chronopotentiometry,0.02,1800,10,477.2,0.8143,0.8143
Chronopotentiometry,0.02,1800,10,477.3,0.8143,0.8143
Chronopotentiometry,0.02,1800,10,477.4,0.8143,0.8143
Chronopotentiometry,0.02,1800,10,477.5,0.8143,0.8143
Chronopotentiometry,0.02,1800,10,477.6,0.8143,0.8143
Chronopotentiometry,0.02,1800,10,477.7,0.8144,0.8144
Chronopotentiometry,0.02,1800,10,477.8,0.8144,0.8144
Chronopotentiometry,0.02,1800,10,477.9,0.8144,0.8144
Chronopotentiometry,0.02,1800,10,478.0,0.8144,0.8144
Chronopotentiometry,0.02,1800,10,478.1,0.8144,0.8144
Chronopotentiometry,0.02,1800,10,478.2,0.8144,0.8144
Chronopotentiometry,0.02,1800,10,478.3,0.8143,0.8143
Chronopotentiometry,0.02,1800,10,478.4,0.8144,0.8144
Chronopotentiometry,0.02,1800,10,478.5,0.8144,0.8144
Chronopotentiometry,0.02,1800,10,478.6,0.8144,0.8144
Chronopotentiometry,0.02,1800,10,478.7,0.8144,0.8144
Chronopotentiometry,0.02,1800,10,478.8,0.8144,0.8144
Chronopotentiometry,0.02,1800,10,478.9,0.8144,0.8144
Chronopotentiometry,0.02,1800,10,479.0,0.8144,0.8144
Chronopotentiometry,0.02,1800,10,479.1,0.8144,0.8144
Chronopotentiometry,0.02,1800,10,479.2,0.8144,0.8144
Chronopotentiometry,0.02,1800,10,479.3,0.8143,0.8143
Chronopotentiometry,0.02,1800,10,479.4,0.8143,0.8143
Chronopotentiometry,0.02,1800,10,479.5,0.8143,0.8143
Chronopotentiometry,0.02,1800,10,479.6,0.8143,0.8143
Chronopotentiometry,0.02,1800,10,479.7,0.8144,0.8144
Chronopotentiometry,0.02,1800,10,479.8,0.8144,0.8144
Chronopotentiometry,0.02,1800,10,479.9,0.8144,0.8144
Chronopotentiometry,0.02,1800,10,480.0,0.8144,0.8144
Chronopotentiometry,0.02,1800,10,480.1,0.8144,0.8144
Chronopotentiometry,0.02,1800,10,480.2,0.8144,0.8144
Chronopotentiometry,0.02,1800,10,480.3,0.8144,0.8144
Chronopotentiometry,0.02,1800,10,480.4,0.8145,0.8145
Chronopotentiometry,0.02,1800,10,480.5,0.8145,0.8145
Chronopotentiometry,0.02,1800,10,480.6,0.8145,0.8145
Chronopotentiometry,0.02,1800,10,480.7,0.8145,0.8145
Chronopotentiometry,0.02,1800,10,480.8,0.8145,0.8145
Chronopotentiometry,0.02,1800,10,480.9,0.8145,0.8145
Chronopotentiometry,0.02,1800,10,481.0,0.8145,0.8145
Chronopotentiometry,0.02,1800,10,481.1,0.8145,0.8145
Chronopotentiometry,0.02,1800,10,481.2,0.8145,0.8145
Chronopotentiometry,0.02,1800,10,481.3,0.8145,0.8145
Chronopotentiometry,0.02,1800,10,481.4,0.8145,0.8145
Chronopotentiometry,0.02,1800,10,481.5,0.8145,0.8145
Chronopotentiometry,0.02,1800,10,481.6,0.8146,0.8146
Chronopotentiometry,0.02,1800,10,481.7,0.8146,0.8146
Chronopotentiometry,0.02,1800,10,481.8,0.8146,0.8146
Chronopotentiometry,0.02,1800,10,481.9,0.8146,0.8146
Chronopotentiometry,0.02,1800,10,482.0,0.8146,0.8146
Chronopotentiometry,0.02,1800,10,482.1,0.8146,0.8146
Chronopotentiometry,0.02,1800,10,482.2,0.8145,0.8145
Chronopotentiometry,0.02,1800,10,482.3,0.8146,0.8146
Chronopotentiometry,0.02,1800,10,482.4,0.8147,0.8147
Chronopotentiometry,0.02,1800,10,482.5,0.8146,0.8146
Chronopotentiometry,0.02,1800,10,482.6,0.8147,0.8147
Chronopotentiometry,0.02,1800,10,482.7,0.8147,0.8147
Chronopotentiometry,0.02,1800,10,482.8,0.8147,0.8147
Chronopotentiometry,0.02,1800,10,482.9,0.8147,0.8147
Chronopotentiometry,0.02,1800,10,483.0,0.8147,0.8147
Chronopotentiometry,0.02,1800,10,483.1,0.8147,0.8147
Chronopotentiometry,0.02,1800,10,483.2,0.8147,0.8147
Chronopotentiometry,0.02,1800,10,483.3,0.8147,0.8147
Chronopotentiometry,0.02,1800,10,483.4,0.8147,0.8147
Chronopotentiometry,0.02,1800,10,483.5,0.8147,0.8147
Chronopotentiometry,0.02,1800,10,483.6,0.8147,0.8147
Chronopotentiometry,0.02,1800,10,483.7,0.8147,0.8147
Chronopotentiometry,0.02,1800,10,483.8,0.8147,0.8147
Chronopotentiometry,0.02,1800,10,483.9,0.8147,0.8147
Chronopotentiometry,0.02,1800,10,484.0,0.8147,0.8147
Chronopotentiometry,0.02,1800,10,484.1,0.8148,0.8148
Chronopotentiometry,0.02,1800,10,484.2,0.8147,0.8147
Chronopotentiometry,0.02,1800,10,484.3,0.8148,0.8148
Chronopotentiometry,0.02,1800,10,484.4,0.8147,0.8147
Chronopotentiometry,0.02,1800,10,484.5,0.8147,0.8147
Chronopotentiometry,0.02,1800,10,484.6,0.8148,0.8148
Chronopotentiometry,0.02,1800,10,484.7,0.8148,0.8148
Chronopotentiometry,0.02,1800,10,484.8,0.8148,0.8148
Chronopotentiometry,0.02,1800,10,484.9,0.8148,0.8148
Chronopotentiometry,0.02,1800,10,485.0,0.8148,0.8148
Chronopotentiometry,0.02,1800,10,485.1,0.8148,0.8148
Chronopotentiometry,0.02,1800,10,485.2,0.8148,0.8148
Chronopotentiometry,0.02,1800,10,485.3,0.8148,0.8148
Chronopotentiometry,0.02,1800,10,485.4,0.8148,0.8148
Chronopotentiometry,0.02,1800,10,485.5,0.8149,0.8149
Chronopotentiometry,0.02,1800,10,485.6,0.8149,0.8149
Chronopotentiometry,0.02,1800,10,485.7,0.8149,0.8149
Chronopotentiometry,0.02,1800,10,485.8,0.8149,0.8149
Chronopotentiometry,0.02,1800,10,485.9,0.8148,0.8148
Chronopotentiometry,0.02,1800,10,486.0,0.8148,0.8148
Chronopotentiometry,0.02,1800,10,486.1,0.8148,0.8148
Chronopotentiometry,0.02,1800,10,486.2,0.8149,0.8149
Chronopotentiometry,0.02,1800,10,486.3,0.8149,0.8149
Chronopotentiometry,0.02,1800,10,486.4,0.8149,0.8149
Chronopotentiometry,0.02,1800,10,486.5,0.8148,0.8148
Chronopotentiometry,0.02,1800,10,486.6,0.8148,0.8148
Chronopotentiometry,0.02,1800,10,486.7,0.8149,0.8149
Chronopotentiometry,0.02,1800,10,486.8,0.8149,0.8149
Chronopotentiometry,0.02,1800,10,486.9,0.8149,0.8149
Chronopotentiometry,0.02,1800,10,487.0,0.8149,0.8149
Chronopotentiometry,0.02,1800,10,487.1,0.8149,0.8149
Chronopotentiometry,0.02,1800,10,487.2,0.8149,0.8149
Chronopotentiometry,0.02,1800,10,487.3,0.8149,0.8149
Chronopotentiometry,0.02,1800,10,487.4,0.8149,0.8149
Chronopotentiometry,0.02,1800,10,487.5,0.8149,0.8149
Chronopotentiometry,0.02,1800,10,487.6,0.815,0.815
Chronopotentiometry,0.02,1800,10,487.7,0.815,0.815
Chronopotentiometry,0.02,1800,10,487.8,0.815,0.815
Chronopotentiometry,0.02,1800,10,487.9,0.815,0.815
Chronopotentiometry,0.02,1800,10,488.0,0.815,0.815
Chronopotentiometry,0.02,1800,10,488.1,0.815,0.815
Chronopotentiometry,0.02,1800,10,488.2,0.815,0.815
Chronopotentiometry,0.02,1800,10,488.3,0.815,0.815
Chronopotentiometry,0.02,1800,10,488.4,0.815,0.815
Chronopotentiometry,0.02,1800,10,488.5,0.8149,0.8149
Chronopotentiometry,0.02,1800,10,488.6,0.815,0.815
Chronopotentiometry,0.02,1800,10,488.7,0.815,0.815
Chronopotentiometry,0.02,1800,10,488.8,0.815,0.815
Chronopotentiometry,0.02,1800,10,488.9,0.815,0.815
Chronopotentiometry,0.02,1800,10,489.0,0.815,0.815
Chronopotentiometry,0.02,1800,10,489.1,0.815,0.815
Chronopotentiometry,0.02,1800,10,489.2,0.815,0.815
Chronopotentiometry,0.02,1800,10,489.3,0.815,0.815
Chronopotentiometry,0.02,1800,10,489.4,0.815,0.815
Chronopotentiometry,0.02,1800,10,489.5,0.815,0.815
Chronopotentiometry,0.02,1800,10,489.6,0.815,0.815
Chronopotentiometry,0.02,1800,10,489.7,0.8151,0.8151
Chronopotentiometry,0.02,1800,10,489.8,0.8151,0.8151
Chronopotentiometry,0.02,1800,10,489.9,0.815,0.815
Chronopotentiometry,0.02,1800,10,490.0,0.8151,0.8151
Chronopotentiometry,0.02,1800,10,490.1,0.8151,0.8151
Chronopotentiometry,0.02,1800,10,490.2,0.8151,0.8151
Chronopotentiometry,0.02,1800,10,490.3,0.8152,0.8152
Chronopotentiometry,0.02,1800,10,490.4,0.8152,0.8152
Chronopotentiometry,0.02,1800,10,490.5,0.8152,0.8152
Chronopotentiometry,0.02,1800,10,490.6,0.8153,0.8153
Chronopotentiometry,0.02,1800,10,490.7,0.8152,0.8152
Chronopotentiometry,0.02,1800,10,490.8,0.8152,0.8152
Chronopotentiometry,0.02,1800,10,490.9,0.8152,0.8152
Chronopotentiometry,0.02,1800,10,491.0,0.8151,0.8151
Chronopotentiometry,0.02,1800,10,491.1,0.8152,0.8152
Chronopotentiometry,0.02,1800,10,491.2,0.8152,0.8152
Chronopotentiometry,0.02,1800,10,491.3,0.8152,0.8152
Chronopotentiometry,0.02,1800,10,491.4,0.8153,0.8153
Chronopotentiometry,0.02,1800,10,491.5,0.8152,0.8152
Chronopotentiometry,0.02,1800,10,491.6,0.8152,0.8152
Chronopotentiometry,0.02,1800,10,491.7,0.8152,0.8152
Chronopotentiometry,0.02,1800,10,491.8,0.8151,0.8151
Chronopotentiometry,0.02,1800,10,491.9,0.8151,0.8151
Chronopotentiometry,0.02,1800,10,492.0,0.8151,0.8151
Chronopotentiometry,0.02,1800,10,492.1,0.8152,0.8152
Chronopotentiometry,0.02,1800,10,492.2,0.8152,0.8152
Chronopotentiometry,0.02,1800,10,492.3,0.8151,0.8151
Chronopotentiometry,0.02,1800,10,492.4,0.8152,0.8152
Chronopotentiometry,0.02,1800,10,492.5,0.8152,0.8152
Chronopotentiometry,0.02,1800,10,492.6,0.8152,0.8152
Chronopotentiometry,0.02,1800,10,492.7,0.8152,0.8152
Chronopotentiometry,0.02,1800,10,492.8,0.8152,0.8152
Chronopotentiometry,0.02,1800,10,492.9,0.8152,0.8152
Chronopotentiometry,0.02,1800,10,493.0,0.8152,0.8152
Chronopotentiometry,0.02,1800,10,493.1,0.8153,0.8153
Chronopotentiometry,0.02,1800,10,493.2,0.8152,0.8152
Chronopotentiometry,0.02,1800,10,493.3,0.8151,0.8151
Chronopotentiometry,0.02,1800,10,493.4,0.8152,0.8152
Chronopotentiometry,0.02,1800,10,493.5,0.8153,0.8153
Chronopotentiometry,0.02,1800,10,493.6,0.8153,0.8153
Chronopotentiometry,0.02,1800,10,493.7,0.8152,0.8152
Chronopotentiometry,0.02,1800,10,493.8,0.8152,0.8152
Chronopotentiometry,0.02,1800,10,493.9,0.8152,0.8152
Chronopotentiometry,0.02,1800,10,494.0,0.8152,0.8152
Chronopotentiometry,0.02,1800,10,494.1,0.8152,0.8152
Chronopotentiometry,0.02,1800,10,494.2,0.8152,0.8152
Chronopotentiometry,0.02,1800,10,494.3,0.8152,0.8152
Chronopotentiometry,0.02,1800,10,494.4,0.8153,0.8153
Chronopotentiometry,0.02,1800,10,494.5,0.8153,0.8153
Chronopotentiometry,0.02,1800,10,494.6,0.8153,0.8153
Chronopotentiometry,0.02,1800,10,494.7,0.8153,0.8153
Chronopotentiometry,0.02,1800,10,494.8,0.8154,0.8154
Chronopotentiometry,0.02,1800,10,494.9,0.8153,0.8153
Chronopotentiometry,0.02,1800,10,495.0,0.8153,0.8153
Chronopotentiometry,0.02,1800,10,495.1,0.8153,0.8153
Chronopotentiometry,0.02,1800,10,495.2,0.8153,0.8153
Chronopotentiometry,0.02,1800,10,495.3,0.8153,0.8153
Chronopotentiometry,0.02,1800,10,495.4,0.8153,0.8153
Chronopotentiometry,0.02,1800,10,495.5,0.8153,0.8153
Chronopotentiometry,0.02,1800,10,495.6,0.8154,0.8154
Chronopotentiometry,0.02,1800,10,495.7,0.8153,0.8153
Chronopotentiometry,0.02,1800,10,495.8,0.8153,0.8153
Chronopotentiometry,0.02,1800,10,495.9,0.8153,0.8153
Chronopotentiometry,0.02,1800,10,496.0,0.8153,0.8153
Chronopotentiometry,0.02,1800,10,496.1,0.8154,0.8154
Chronopotentiometry,0.02,1800,10,496.2,0.8153,0.8153
Chronopotentiometry,0.02,1800,10,496.3,0.8153,0.8153
Chronopotentiometry,0.02,1800,10,496.4,0.8154,0.8154
Chronopotentiometry,0.02,1800,10,496.5,0.8154,0.8154
Chronopotentiometry,0.02,1800,10,496.6,0.8154,0.8154
Chronopotentiometry,0.02,1800,10,496.7,0.8154,0.8154
Chronopotentiometry,0.02,1800,10,496.8,0.8154,0.8154
Chronopotentiometry,0.02,1800,10,496.9,0.8154,0.8154
Chronopotentiometry,0.02,1800,10,497.0,0.8154,0.8154
Chronopotentiometry,0.02,1800,10,497.1,0.8154,0.8154
Chronopotentiometry,0.02,1800,10,497.2,0.8154,0.8154
Chronopotentiometry,0.02,1800,10,497.3,0.8155,0.8155
Chronopotentiometry,0.02,1800,10,497.4,0.8155,0.8155
Chronopotentiometry,0.02,1800,10,497.5,0.8155,0.8155
Chronopotentiometry,0.02,1800,10,497.6,0.8155,0.8155
Chronopotentiometry,0.02,1800,10,497.7,0.8155,0.8155
Chronopotentiometry,0.02,1800,10,497.8,0.8154,0.8154
Chronopotentiometry,0.02,1800,10,497.9,0.8155,0.8155
Chronopotentiometry,0.02,1800,10,498.0,0.8155,0.8155
Chronopotentiometry,0.02,1800,10,498.1,0.8155,0.8155
Chronopotentiometry,0.02,1800,10,498.2,0.8155,0.8155
Chronopotentiometry,0.02,1800,10,498.3,0.8155,0.8155
Chronopotentiometry,0.02,1800,10,498.4,0.8155,0.8155
Chronopotentiometry,0.02,1800,10,498.5,0.8154,0.8154
Chronopotentiometry,0.02,1800,10,498.6,0.8154,0.8154
Chronopotentiometry,0.02,1800,10,498.7,0.8154,0.8154
Chronopotentiometry,0.02,1800,10,498.8,0.8154,0.8154
Chronopotentiometry,0.02,1800,10,498.9,0.8154,0.8154
Chronopotentiometry,0.02,1800,10,499.0,0.8155,0.8155
Chronopotentiometry,0.02,1800,10,499.1,0.8155,0.8155
Chronopotentiometry,0.02,1800,10,499.2,0.8155,0.8155
Chronopotentiometry,0.02,1800,10,499.3,0.8155,0.8155
Chronopotentiometry,0.02,1800,10,499.4,0.8156,0.8156
Chronopotentiometry,0.02,1800,10,499.5,0.8156,0.8156
Chronopotentiometry,0.02,1800,10,499.6,0.8155,0.8155
Chronopotentiometry,0.02,1800,10,499.7,0.8155,0.8155
Chronopotentiometry,0.02,1800,10,499.8,0.8155,0.8155
Chronopotentiometry,0.02,1800,10,499.9,0.8154,0.8154
Chronopotentiometry,0.02,1800,10,500.0,0.8155,0.8155
Chronopotentiometry,0.02,1800,10,500.1,0.8155,0.8155
Chronopotentiometry,0.02,1800,10,500.2,0.8155,0.8155
Chronopotentiometry,0.02,1800,10,500.3,0.8155,0.8155
Chronopotentiometry,0.02,1800,10,500.4,0.8155,0.8155
Chronopotentiometry,0.02,1800,10,500.5,0.8155,0.8155
Chronopotentiometry,0.02,1800,10,500.6,0.8155,0.8155
Chronopotentiometry,0.02,1800,10,500.7,0.8155,0.8155
Chronopotentiometry,0.02,1800,10,500.8,0.8155,0.8155
Chronopotentiometry,0.02,1800,10,500.9,0.8155,0.8155
Chronopotentiometry,0.02,1800,10,501.0,0.8155,0.8155
Chronopotentiometry,0.02,1800,10,501.1,0.8156,0.8156
Chronopotentiometry,0.02,1800,10,501.2,0.8155,0.8155
Chronopotentiometry,0.02,1800,10,501.3,0.8156,0.8156
Chronopotentiometry,0.02,1800,10,501.4,0.8157,0.8157
Chronopotentiometry,0.02,1800,10,501.5,0.8156,0.8156
Chronopotentiometry,0.02,1800,10,501.6,0.8156,0.8156
Chronopotentiometry,0.02,1800,10,501.7,0.8157,0.8157
Chronopotentiometry,0.02,1800,10,501.8,0.8156,0.8156
Chronopotentiometry,0.02,1800,10,501.9,0.8155,0.8155
Chronopotentiometry,0.02,1800,10,502.0,0.8156,0.8156
Chronopotentiometry,0.02,1800,10,502.1,0.8156,0.8156
Chronopotentiometry,0.02,1800,10,502.2,0.8156,0.8156
Chronopotentiometry,0.02,1800,10,502.3,0.8156,0.8156
Chronopotentiometry,0.02,1800,10,502.4,0.8156,0.8156
Chronopotentiometry,0.02,1800,10,502.5,0.8155,0.8155
Chronopotentiometry,0.02,1800,10,502.6,0.8155,0.8155
Chronopotentiometry,0.02,1800,10,502.7,0.8155,0.8155
Chronopotentiometry,0.02,1800,10,502.8,0.8155,0.8155
Chronopotentiometry,0.02,1800,10,502.9,0.8155,0.8155
Chronopotentiometry,0.02,1800,10,503.0,0.8155,0.8155
Chronopotentiometry,0.02,1800,10,503.1,0.8155,0.8155
Chronopotentiometry,0.02,1800,10,503.2,0.8156,0.8156
Chronopotentiometry,0.02,1800,10,503.3,0.8156,0.8156
Chronopotentiometry,0.02,1800,10,503.4,0.8156,0.8156
Chronopotentiometry,0.02,1800,10,503.5,0.8156,0.8156
Chronopotentiometry,0.02,1800,10,503.6,0.8157,0.8157
Chronopotentiometry,0.02,1800,10,503.7,0.8157,0.8157
Chronopotentiometry,0.02,1800,10,503.8,0.8157,0.8157
Chronopotentiometry,0.02,1800,10,503.9,0.8157,0.8157
Chronopotentiometry,0.02,1800,10,504.0,0.8157,0.8157
Chronopotentiometry,0.02,1800,10,504.1,0.8157,0.8157
Chronopotentiometry,0.02,1800,10,504.2,0.8157,0.8157
Chronopotentiometry,0.02,1800,10,504.3,0.8157,0.8157
Chronopotentiometry,0.02,1800,10,504.4,0.8157,0.8157
Chronopotentiometry,0.02,1800,10,504.5,0.8157,0.8157
Chronopotentiometry,0.02,1800,10,504.6,0.8157,0.8157
Chronopotentiometry,0.02,1800,10,504.7,0.8157,0.8157
Chronopotentiometry,0.02,1800,10,504.8,0.8158,0.8158
Chronopotentiometry,0.02,1800,10,504.9,0.8158,0.8158
Chronopotentiometry,0.02,1800,10,505.0,0.8158,0.8158
Chronopotentiometry,0.02,1800,10,505.1,0.8158,0.8158
Chronopotentiometry,0.02,1800,10,505.2,0.8157,0.8157
Chronopotentiometry,0.02,1800,10,505.3,0.8157,0.8157
Chronopotentiometry,0.02,1800,10,505.4,0.8158,0.8158
Chronopotentiometry,0.02,1800,10,505.5,0.8158,0.8158
Chronopotentiometry,0.02,1800,10,505.6,0.8158,0.8158
Chronopotentiometry,0.02,1800,10,505.7,0.8158,0.8158
Chronopotentiometry,0.02,1800,10,505.8,0.8158,0.8158
Chronopotentiometry,0.02,1800,10,505.9,0.8158,0.8158
Chronopotentiometry,0.02,1800,10,506.0,0.8158,0.8158
Chronopotentiometry,0.02,1800,10,506.1,0.8158,0.8158
Chronopotentiometry,0.02,1800,10,506.2,0.8157,0.8157
Chronopotentiometry,0.02,1800,10,506.3,0.8157,0.8157
Chronopotentiometry,0.02,1800,10,506.4,0.8158,0.8158
Chronopotentiometry,0.02,1800,10,506.5,0.8158,0.8158
Chronopotentiometry,0.02,1800,10,506.6,0.8158,0.8158
Chronopotentiometry,0.02,1800,10,506.7,0.8158,0.8158
Chronopotentiometry,0.02,1800,10,506.8,0.8158,0.8158
Chronopotentiometry,0.02,1800,10,506.9,0.8158,0.8158
Chronopotentiometry,0.02,1800,10,507.0,0.8158,0.8158
Chronopotentiometry,0.02,1800,10,507.1,0.8158,0.8158
Chronopotentiometry,0.02,1800,10,507.2,0.8157,0.8157
Chronopotentiometry,0.02,1800,10,507.3,0.8158,0.8158
Chronopotentiometry,0.02,1800,10,507.4,0.8158,0.8158
Chronopotentiometry,0.02,1800,10,507.5,0.8158,0.8158
Chronopotentiometry,0.02,1800,10,507.6,0.8158,0.8158
Chronopotentiometry,0.02,1800,10,507.7,0.8159,0.8159
Chronopotentiometry,0.02,1800,10,507.8,0.8158,0.8158
Chronopotentiometry,0.02,1800,10,507.9,0.8159,0.8159
Chronopotentiometry,0.02,1800,10,508.0,0.8159,0.8159
Chronopotentiometry,0.02,1800,10,508.1,0.8159,0.8159
Chronopotentiometry,0.02,1800,10,508.2,0.8159,0.8159
Chronopotentiometry,0.02,1800,10,508.3,0.8159,0.8159
Chronopotentiometry,0.02,1800,10,508.4,0.8158,0.8158
Chronopotentiometry,0.02,1800,10,508.5,0.8159,0.8159
Chronopotentiometry,0.02,1800,10,508.6,0.8159,0.8159
Chronopotentiometry,0.02,1800,10,508.7,0.816,0.816
Chronopotentiometry,0.02,1800,10,508.8,0.816,0.816
Chronopotentiometry,0.02,1800,10,508.9,0.816,0.816
Chronopotentiometry,0.02,1800,10,509.0,0.8159,0.8159
Chronopotentiometry,0.02,1800,10,509.1,0.8159,0.8159
Chronopotentiometry,0.02,1800,10,509.2,0.8159,0.8159
Chronopotentiometry,0.02,1800,10,509.3,0.8159,0.8159
Chronopotentiometry,0.02,1800,10,509.4,0.8159,0.8159
Chronopotentiometry,0.02,1800,10,509.5,0.816,0.816
Chronopotentiometry,0.02,1800,10,509.6,0.8159,0.8159
Chronopotentiometry,0.02,1800,10,509.7,0.8159,0.8159
Chronopotentiometry,0.02,1800,10,509.8,0.8159,0.8159
Chronopotentiometry,0.02,1800,10,509.9,0.8159,0.8159
Chronopotentiometry,0.02,1800,10,510.0,0.816,0.816
Chronopotentiometry,0.02,1800,10,510.1,0.816,0.816
Chronopotentiometry,0.02,1800,10,510.2,0.8159,0.8159
Chronopotentiometry,0.02,1800,10,510.3,0.816,0.816
Chronopotentiometry,0.02,1800,10,510.4,0.816,0.816
Chronopotentiometry,0.02,1800,10,510.5,0.816,0.816
Chronopotentiometry,0.02,1800,10,510.6,0.8161,0.8161
Chronopotentiometry,0.02,1800,10,510.7,0.816,0.816
Chronopotentiometry,0.02,1800,10,510.8,0.816,0.816
Chronopotentiometry,0.02,1800,10,510.9,0.816,0.816
Chronopotentiometry,0.02,1800,10,511.0,0.816,0.816
Chronopotentiometry,0.02,1800,10,511.1,0.816,0.816
Chronopotentiometry,0.02,1800,10,511.2,0.8161,0.8161
Chronopotentiometry,0.02,1800,10,511.3,0.8161,0.8161
Chronopotentiometry,0.02,1800,10,511.4,0.8161,0.8161
Chronopotentiometry,0.02,1800,10,511.5,0.8161,0.8161
Chronopotentiometry,0.02,1800,10,511.6,0.8162,0.8162
Chronopotentiometry,0.02,1800,10,511.7,0.8162,0.8162
Chronopotentiometry,0.02,1800,10,511.8,0.8162,0.8162
Chronopotentiometry,0.02,1800,10,511.9,0.8161,0.8161
Chronopotentiometry,0.02,1800,10,512.0,0.8162,0.8162
Chronopotentiometry,0.02,1800,10,512.1,0.8162,0.8162
Chronopotentiometry,0.02,1800,10,512.2,0.8162,0.8162
Chronopotentiometry,0.02,1800,10,512.3,0.8162,0.8162
Chronopotentiometry,0.02,1800,10,512.4,0.8162,0.8162
Chronopotentiometry,0.02,1800,10,512.5,0.8162,0.8162
Chronopotentiometry,0.02,1800,10,512.6,0.8161,0.8161
Chronopotentiometry,0.02,1800,10,512.7,0.8162,0.8162
Chronopotentiometry,0.02,1800,10,512.8,0.8162,0.8162
Chronopotentiometry,0.02,1800,10,512.9,0.8161,0.8161
Chronopotentiometry,0.02,1800,10,513.0,0.8162,0.8162
Chronopotentiometry,0.02,1800,10,513.1,0.8162,0.8162
Chronopotentiometry,0.02,1800,10,513.2,0.8162,0.8162
Chronopotentiometry,0.02,1800,10,513.3,0.8161,0.8161
Chronopotentiometry,0.02,1800,10,513.4,0.8161,0.8161
Chronopotentiometry,0.02,1800,10,513.5,0.8162,0.8162
Chronopotentiometry,0.02,1800,10,513.6,0.8162,0.8162
Chronopotentiometry,0.02,1800,10,513.7,0.8162,0.8162
Chronopotentiometry,0.02,1800,10,513.8,0.8161,0.8161
Chronopotentiometry,0.02,1800,10,513.9,0.8162,0.8162
Chronopotentiometry,0.02,1800,10,514.0,0.8162,0.8162
Chronopotentiometry,0.02,1800,10,514.1,0.8162,0.8162
Chronopotentiometry,0.02,1800,10,514.2,0.8161,0.8161
Chronopotentiometry,0.02,1800,10,514.3,0.8161,0.8161
Chronopotentiometry,0.02,1800,10,514.4,0.8162,0.8162
Chronopotentiometry,0.02,1800,10,514.5,0.8162,0.8162
Chronopotentiometry,0.02,1800,10,514.6,0.8162,0.8162
Chronopotentiometry,0.02,1800,10,514.7,0.8162,0.8162
Chronopotentiometry,0.02,1800,10,514.8,0.8162,0.8162
Chronopotentiometry,0.02,1800,10,514.9,0.8162,0.8162
Chronopotentiometry,0.02,1800,10,515.0,0.8163,0.8163
Chronopotentiometry,0.02,1800,10,515.1,0.8163,0.8163
Chronopotentiometry,0.02,1800,10,515.2,0.8162,0.8162
Chronopotentiometry,0.02,1800,10,515.3,0.8163,0.8163
Chronopotentiometry,0.02,1800,10,515.4,0.8164,0.8164
Chronopotentiometry,0.02,1800,10,515.5,0.8163,0.8163
Chronopotentiometry,0.02,1800,10,515.6,0.8163,0.8163
Chronopotentiometry,0.02,1800,10,515.7,0.8163,0.8163
Chronopotentiometry,0.02,1800,10,515.8,0.8163,0.8163
Chronopotentiometry,0.02,1800,10,515.9,0.8163,0.8163
Chronopotentiometry,0.02,1800,10,516.0,0.8164,0.8164
Chronopotentiometry,0.02,1800,10,516.1,0.8164,0.8164
Chronopotentiometry,0.02,1800,10,516.2,0.8163,0.8163
Chronopotentiometry,0.02,1800,10,516.3,0.8164,0.8164
Chronopotentiometry,0.02,1800,10,516.4,0.8164,0.8164
Chronopotentiometry,0.02,1800,10,516.5,0.8164,0.8164
Chronopotentiometry,0.02,1800,10,516.6,0.8163,0.8163
Chronopotentiometry,0.02,1800,10,516.7,0.8163,0.8163
Chronopotentiometry,0.02,1800,10,516.8,0.8164,0.8164
Chronopotentiometry,0.02,1800,10,516.9,0.8163,0.8163
Chronopotentiometry,0.02,1800,10,517.0,0.8162,0.8162
Chronopotentiometry,0.02,1800,10,517.1,0.8162,0.8162
Chronopotentiometry,0.02,1800,10,517.2,0.8163,0.8163
Chronopotentiometry,0.02,1800,10,517.3,0.8164,0.8164
Chronopotentiometry,0.02,1800,10,517.4,0.8163,0.8163
Chronopotentiometry,0.02,1800,10,517.5,0.8163,0.8163
Chronopotentiometry,0.02,1800,10,517.6,0.8163,0.8163
Chronopotentiometry,0.02,1800,10,517.7,0.8164,0.8164
Chronopotentiometry,0.02,1800,10,517.8,0.8164,0.8164
Chronopotentiometry,0.02,1800,10,517.9,0.8164,0.8164
Chronopotentiometry,0.02,1800,10,518.0,0.8164,0.8164
Chronopotentiometry,0.02,1800,10,518.1,0.8165,0.8165
Chronopotentiometry,0.02,1800,10,518.2,0.8165,0.8165
Chronopotentiometry,0.02,1800,10,518.3,0.8164,0.8164
Chronopotentiometry,0.02,1800,10,518.4,0.8164,0.8164
Chronopotentiometry,0.02,1800,10,518.5,0.8164,0.8164
Chronopotentiometry,0.02,1800,10,518.6,0.8164,0.8164
Chronopotentiometry,0.02,1800,10,518.7,0.8164,0.8164
Chronopotentiometry,0.02,1800,10,518.8,0.8164,0.8164
Chronopotentiometry,0.02,1800,10,518.9,0.8165,0.8165
Chronopotentiometry,0.02,1800,10,519.0,0.8165,0.8165
Chronopotentiometry,0.02,1800,10,519.1,0.8165,0.8165
Chronopotentiometry,0.02,1800,10,519.2,0.8165,0.8165
Chronopotentiometry,0.02,1800,10,519.3,0.8165,0.8165
Chronopotentiometry,0.02,1800,10,519.4,0.8165,0.8165
Chronopotentiometry,0.02,1800,10,519.5,0.8164,0.8164
Chronopotentiometry,0.02,1800,10,519.6,0.8165,0.8165
Chronopotentiometry,0.02,1800,10,519.7,0.8165,0.8165
Chronopotentiometry,0.02,1800,10,519.8,0.8165,0.8165
Chronopotentiometry,0.02,1800,10,519.9,0.8166,0.8166
Chronopotentiometry,0.02,1800,10,520.0,0.8165,0.8165
Chronopotentiometry,0.02,1800,10,520.1,0.8165,0.8165
Chronopotentiometry,0.02,1800,10,520.2,0.8165,0.8165
Chronopotentiometry,0.02,1800,10,520.3,0.8165,0.8165
Chronopotentiometry,0.02,1800,10,520.4,0.8165,0.8165
Chronopotentiometry,0.02,1800,10,520.5,0.8165,0.8165
Chronopotentiometry,0.02,1800,10,520.6,0.8165,0.8165
Chronopotentiometry,0.02,1800,10,520.7,0.8165,0.8165
Chronopotentiometry,0.02,1800,10,520.8,0.8165,0.8165
Chronopotentiometry,0.02,1800,10,520.9,0.8166,0.8166
Chronopotentiometry,0.02,1800,10,521.0,0.8166,0.8166
Chronopotentiometry,0.02,1800,10,521.1,0.8165,0.8165
Chronopotentiometry,0.02,1800,10,521.2,0.8165,0.8165
Chronopotentiometry,0.02,1800,10,521.3,0.8165,0.8165
Chronopotentiometry,0.02,1800,10,521.4,0.8166,0.8166
Chronopotentiometry,0.02,1800,10,521.5,0.8166,0.8166
Chronopotentiometry,0.02,1800,10,521.6,0.8166,0.8166
Chronopotentiometry,0.02,1800,10,521.7,0.8166,0.8166
Chronopotentiometry,0.02,1800,10,521.8,0.8166,0.8166
Chronopotentiometry,0.02,1800,10,521.9,0.8166,0.8166
Chronopotentiometry,0.02,1800,10,522.0,0.8167,0.8167
Chronopotentiometry,0.02,1800,10,522.1,0.8167,0.8167
Chronopotentiometry,0.02,1800,10,522.2,0.8166,0.8166
Chronopotentiometry,0.02,1800,10,522.3,0.8167,0.8167
Chronopotentiometry,0.02,1800,10,522.4,0.8167,0.8167
Chronopotentiometry,0.02,1800,10,522.5,0.8167,0.8167
Chronopotentiometry,0.02,1800,10,522.6,0.8167,0.8167
Chronopotentiometry,0.02,1800,10,522.7,0.8167,0.8167
Chronopotentiometry,0.02,1800,10,522.8,0.8166,0.8166
Chronopotentiometry,0.02,1800,10,522.9,0.8167,0.8167
Chronopotentiometry,0.02,1800,10,523.0,0.8167,0.8167
Chronopotentiometry,0.02,1800,10,523.1,0.8167,0.8167
Chronopotentiometry,0.02,1800,10,523.2,0.8167,0.8167
Chronopotentiometry,0.02,1800,10,523.3,0.8166,0.8166
Chronopotentiometry,0.02,1800,10,523.4,0.8168,0.8168
Chronopotentiometry,0.02,1800,10,523.5,0.8168,0.8168
Chronopotentiometry,0.02,1800,10,523.6,0.8168,0.8168
Chronopotentiometry,0.02,1800,10,523.7,0.8167,0.8167
Chronopotentiometry,0.02,1800,10,523.8,0.8167,0.8167
Chronopotentiometry,0.02,1800,10,523.9,0.8167,0.8167
Chronopotentiometry,0.02,1800,10,524.0,0.8167,0.8167
Chronopotentiometry,0.02,1800,10,524.1,0.8167,0.8167
Chronopotentiometry,0.02,1800,10,524.2,0.8167,0.8167
Chronopotentiometry,0.02,1800,10,524.3,0.8168,0.8168
Chronopotentiometry,0.02,1800,10,524.4,0.8168,0.8168
Chronopotentiometry,0.02,1800,10,524.5,0.8168,0.8168
Chronopotentiometry,0.02,1800,10,524.6,0.8168,0.8168
Chronopotentiometry,0.02,1800,10,524.7,0.8168,0.8168
Chronopotentiometry,0.02,1800,10,524.8,0.8168,0.8168
Chronopotentiometry,0.02,1800,10,524.9,0.8169,0.8169
Chronopotentiometry,0.02,1800,10,525.0,0.8169,0.8169
Chronopotentiometry,0.02,1800,10,525.1,0.8169,0.8169
Chronopotentiometry,0.02,1800,10,525.2,0.8168,0.8168
Chronopotentiometry,0.02,1800,10,525.3,0.8169,0.8169
Chronopotentiometry,0.02,1800,10,525.4,0.8168,0.8168
Chronopotentiometry,0.02,1800,10,525.5,0.8169,0.8169
Chronopotentiometry,0.02,1800,10,525.6,0.8168,0.8168
Chronopotentiometry,0.02,1800,10,525.7,0.8169,0.8169
Chronopotentiometry,0.02,1800,10,525.8,0.8169,0.8169
Chronopotentiometry,0.02,1800,10,525.9,0.8169,0.8169
Chronopotentiometry,0.02,1800,10,526.0,0.8169,0.8169
Chronopotentiometry,0.02,1800,10,526.1,0.817,0.817
Chronopotentiometry,0.02,1800,10,526.2,0.8169,0.8169
Chronopotentiometry,0.02,1800,10,526.3,0.8169,0.8169
Chronopotentiometry,0.02,1800,10,526.4,0.8169,0.8169
Chronopotentiometry,0.02,1800,10,526.5,0.8169,0.8169
Chronopotentiometry,0.02,1800,10,526.6,0.817,0.817
Chronopotentiometry,0.02,1800,10,526.7,0.8169,0.8169
Chronopotentiometry,0.02,1800,10,526.8,0.8169,0.8169
Chronopotentiometry,0.02,1800,10,526.9,0.8169,0.8169
Chronopotentiometry,0.02,1800,10,527.0,0.8169,0.8169
Chronopotentiometry,0.02,1800,10,527.1,0.8169,0.8169
Chronopotentiometry,0.02,1800,10,527.2,0.8169,0.8169
Chronopotentiometry,0.02,1800,10,527.3,0.817,0.817
Chronopotentiometry,0.02,1800,10,527.4,0.817,0.817
Chronopotentiometry,0.02,1800,10,527.5,0.817,0.817
Chronopotentiometry,0.02,1800,10,527.6,0.817,0.817
Chronopotentiometry,0.02,1800,10,527.7,0.817,0.817
Chronopotentiometry,0.02,1800,10,527.8,0.8171,0.8171
Chronopotentiometry,0.02,1800,10,527.9,0.8171,0.8171
Chronopotentiometry,0.02,1800,10,528.0,0.8171,0.8171
Chronopotentiometry,0.02,1800,10,528.1,0.8171,0.8171
Chronopotentiometry,0.02,1800,10,528.2,0.817,0.817
Chronopotentiometry,0.02,1800,10,528.3,0.817,0.817
Chronopotentiometry,0.02,1800,10,528.4,0.8171,0.8171
Chronopotentiometry,0.02,1800,10,528.5,0.8171,0.8171
Chronopotentiometry,0.02,1800,10,528.6,0.817,0.817
Chronopotentiometry,0.02,1800,10,528.7,0.8171,0.8171
Chronopotentiometry,0.02,1800,10,528.8,0.8171,0.8171
Chronopotentiometry,0.02,1800,10,528.9,0.817,0.817
Chronopotentiometry,0.02,1800,10,529.0,0.8171,0.8171
Chronopotentiometry,0.02,1800,10,529.1,0.8171,0.8171
Chronopotentiometry,0.02,1800,10,529.2,0.8171,0.8171
Chronopotentiometry,0.02,1800,10,529.3,0.8171,0.8171
Chronopotentiometry,0.02,1800,10,529.4,0.8172,0.8172
Chronopotentiometry,0.02,1800,10,529.5,0.8172,0.8172
Chronopotentiometry,0.02,1800,10,529.6,0.8172,0.8172
Chronopotentiometry,0.02,1800,10,529.7,0.8172,0.8172
Chronopotentiometry,0.02,1800,10,529.8,0.8172,0.8172
Chronopotentiometry,0.02,1800,10,529.9,0.8172,0.8172
Chronopotentiometry,0.02,1800,10,530.0,0.8171,0.8171
Chronopotentiometry,0.02,1800,10,530.1,0.8171,0.8171
Chronopotentiometry,0.02,1800,10,530.2,0.8172,0.8172
Chronopotentiometry,0.02,1800,10,530.3,0.8172,0.8172
Chronopotentiometry,0.02,1800,10,530.4,0.8172,0.8172
Chronopotentiometry,0.02,1800,10,530.5,0.8172,0.8172
Chronopotentiometry,0.02,1800,10,530.6,0.8172,0.8172
Chronopotentiometry,0.02,1800,10,530.7,0.8172,0.8172
Chronopotentiometry,0.02,1800,10,530.8,0.8172,0.8172
Chronopotentiometry,0.02,1800,10,530.9,0.8172,0.8172
Chronopotentiometry,0.02,1800,10,531.0,0.8172,0.8172
Chronopotentiometry,0.02,1800,10,531.1,0.8172,0.8172
Chronopotentiometry,0.02,1800,10,531.2,0.8173,0.8173
Chronopotentiometry,0.02,1800,10,531.3,0.8172,0.8172
Chronopotentiometry,0.02,1800,10,531.4,0.8172,0.8172
Chronopotentiometry,0.02,1800,10,531.5,0.8172,0.8172
Chronopotentiometry,0.02,1800,10,531.6,0.8172,0.8172
Chronopotentiometry,0.02,1800,10,531.7,0.8173,0.8173
Chronopotentiometry,0.02,1800,10,531.8,0.8173,0.8173
Chronopotentiometry,0.02,1800,10,531.9,0.8173,0.8173
Chronopotentiometry,0.02,1800,10,532.0,0.8172,0.8172
Chronopotentiometry,0.02,1800,10,532.1,0.8173,0.8173
Chronopotentiometry,0.02,1800,10,532.2,0.8173,0.8173
Chronopotentiometry,0.02,1800,10,532.3,0.8173,0.8173
Chronopotentiometry,0.02,1800,10,532.4,0.8172,0.8172
Chronopotentiometry,0.02,1800,10,532.5,0.8172,0.8172
Chronopotentiometry,0.02,1800,10,532.6,0.8173,0.8173
Chronopotentiometry,0.02,1800,10,532.7,0.8173,0.8173
Chronopotentiometry,0.02,1800,10,532.8,0.8173,0.8173
Chronopotentiometry,0.02,1800,10,532.9,0.8174,0.8174
Chronopotentiometry,0.02,1800,10,533.0,0.8173,0.8173
Chronopotentiometry,0.02,1800,10,533.1,0.8172,0.8172
Chronopotentiometry,0.02,1800,10,533.2,0.8174,0.8174
Chronopotentiometry,0.02,1800,10,533.3,0.8173,0.8173
Chronopotentiometry,0.02,1800,10,533.4,0.8174,0.8174
Chronopotentiometry,0.02,1800,10,533.5,0.8173,0.8173
Chronopotentiometry,0.02,1800,10,533.6,0.8173,0.8173
Chronopotentiometry,0.02,1800,10,533.7,0.8172,0.8172
Chronopotentiometry,0.02,1800,10,533.8,0.8173,0.8173
Chronopotentiometry,0.02,1800,10,533.9,0.8173,0.8173
Chronopotentiometry,0.02,1800,10,534.0,0.8173,0.8173
Chronopotentiometry,0.02,1800,10,534.1,0.8172,0.8172
Chronopotentiometry,0.02,1800,10,534.2,0.8173,0.8173
Chronopotentiometry,0.02,1800,10,534.3,0.8173,0.8173
Chronopotentiometry,0.02,1800,10,534.4,0.8173,0.8173
Chronopotentiometry,0.02,1800,10,534.5,0.8173,0.8173
Chronopotentiometry,0.02,1800,10,534.6,0.8174,0.8174
Chronopotentiometry,0.02,1800,10,534.7,0.8174,0.8174
Chronopotentiometry,0.02,1800,10,534.8,0.8174,0.8174
Chronopotentiometry,0.02,1800,10,534.9,0.8174,0.8174
Chronopotentiometry,0.02,1800,10,535.0,0.8173,0.8173
Chronopotentiometry,0.02,1800,10,535.1,0.8174,0.8174
Chronopotentiometry,0.02,1800,10,535.2,0.8174,0.8174
Chronopotentiometry,0.02,1800,10,535.3,0.8175,0.8175
Chronopotentiometry,0.02,1800,10,535.4,0.8174,0.8174
Chronopotentiometry,0.02,1800,10,535.5,0.8174,0.8174
Chronopotentiometry,0.02,1800,10,535.6,0.8174,0.8174
Chronopotentiometry,0.02,1800,10,535.7,0.8174,0.8174
Chronopotentiometry,0.02,1800,10,535.8,0.8174,0.8174
Chronopotentiometry,0.02,1800,10,535.9,0.8174,0.8174
Chronopotentiometry,0.02,1800,10,536.0,0.8174,0.8174
Chronopotentiometry,0.02,1800,10,536.1,0.8174,0.8174
Chronopotentiometry,0.02,1800,10,536.2,0.8176,0.8176
Chronopotentiometry,0.02,1800,10,536.3,0.8175,0.8175
Chronopotentiometry,0.02,1800,10,536.4,0.8175,0.8175
Chronopotentiometry,0.02,1800,10,536.5,0.8174,0.8174
Chronopotentiometry,0.02,1800,10,536.6,0.8175,0.8175
Chronopotentiometry,0.02,1800,10,536.7,0.8175,0.8175
Chronopotentiometry,0.02,1800,10,536.8,0.8175,0.8175
Chronopotentiometry,0.02,1800,10,536.9,0.8175,0.8175
Chronopotentiometry,0.02,1800,10,537.0,0.8175,0.8175
Chronopotentiometry,0.02,1800,10,537.1,0.8175,0.8175
Chronopotentiometry,0.02,1800,10,537.2,0.8175,0.8175
Chronopotentiometry,0.02,1800,10,537.3,0.8176,0.8176
Chronopotentiometry,0.02,1800,10,537.4,0.8175,0.8175
Chronopotentiometry,0.02,1800,10,537.5,0.8176,0.8176
Chronopotentiometry,0.02,1800,10,537.6,0.8176,0.8176
Chronopotentiometry,0.02,1800,10,537.7,0.8176,0.8176
Chronopotentiometry,0.02,1800,10,537.8,0.8176,0.8176
Chronopotentiometry,0.02,1800,10,537.9,0.8175,0.8175
Chronopotentiometry,0.02,1800,10,538.0,0.8175,0.8175
Chronopotentiometry,0.02,1800,10,538.1,0.8175,0.8175
Chronopotentiometry,0.02,1800,10,538.2,0.8175,0.8175
Chronopotentiometry,0.02,1800,10,538.3,0.8176,0.8176
Chronopotentiometry,0.02,1800,10,538.4,0.8176,0.8176
Chronopotentiometry,0.02,1800,10,538.5,0.8175,0.8175
Chronopotentiometry,0.02,1800,10,538.6,0.8176,0.8176
Chronopotentiometry,0.02,1800,10,538.7,0.8176,0.8176
Chronopotentiometry,0.02,1800,10,538.8,0.8176,0.8176
Chronopotentiometry,0.02,1800,10,538.9,0.8177,0.8177
Chronopotentiometry,0.02,1800,10,539.0,0.8177,0.8177
Chronopotentiometry,0.02,1800,10,539.1,0.8176,0.8176
Chronopotentiometry,0.02,1800,10,539.2,0.8176,0.8176
Chronopotentiometry,0.02,1800,10,539.3,0.8176,0.8176
Chronopotentiometry,0.02,1800,10,539.4,0.8176,0.8176
Chronopotentiometry,0.02,1800,10,539.5,0.8176,0.8176
Chronopotentiometry,0.02,1800,10,539.6,0.8177,0.8177
Chronopotentiometry,0.02,1800,10,539.7,0.8177,0.8177
Chronopotentiometry,0.02,1800,10,539.8,0.8177,0.8177
Chronopotentiometry,0.02,1800,10,539.9,0.8176,0.8176
Chronopotentiometry,0.02,1800,10,540.0,0.8177,0.8177
Chronopotentiometry,0.02,1800,10,540.1,0.8177,0.8177
Chronopotentiometry,0.02,1800,10,540.2,0.8178,0.8178
Chronopotentiometry,0.02,1800,10,540.3,0.8178,0.8178
Chronopotentiometry,0.02,1800,10,540.4,0.8178,0.8178
Chronopotentiometry,0.02,1800,10,540.5,0.8178,0.8178
Chronopotentiometry,0.02,1800,10,540.6,0.8178,0.8178
Chronopotentiometry,0.02,1800,10,540.7,0.8178,0.8178
Chronopotentiometry,0.02,1800,10,540.8,0.8178,0.8178
Chronopotentiometry,0.02,1800,10,540.9,0.8178,0.8178
Chronopotentiometry,0.02,1800,10,541.0,0.8178,0.8178
Chronopotentiometry,0.02,1800,10,541.1,0.8177,0.8177
Chronopotentiometry,0.02,1800,10,541.2,0.8177,0.8177
Chronopotentiometry,0.02,1800,10,541.3,0.8178,0.8178
Chronopotentiometry,0.02,1800,10,541.4,0.8177,0.8177
Chronopotentiometry,0.02,1800,10,541.5,0.8177,0.8177
Chronopotentiometry,0.02,1800,10,541.6,0.8178,0.8178
Chronopotentiometry,0.02,1800,10,541.7,0.8178,0.8178
Chronopotentiometry,0.02,1800,10,541.8,0.8178,0.8178
Chronopotentiometry,0.02,1800,10,541.9,0.8177,0.8177
Chronopotentiometry,0.02,1800,10,542.0,0.8177,0.8177
Chronopotentiometry,0.02,1800,10,542.1,0.8177,0.8177
Chronopotentiometry,0.02,1800,10,542.2,0.8178,0.8178
Chronopotentiometry,0.02,1800,10,542.3,0.8178,0.8178
Chronopotentiometry,0.02,1800,10,542.4,0.8178,0.8178
Chronopotentiometry,0.02,1800,10,542.5,0.8179,0.8179
Chronopotentiometry,0.02,1800,10,542.6,0.818,0.818
Chronopotentiometry,0.02,1800,10,542.7,0.8179,0.8179
Chronopotentiometry,0.02,1800,10,542.8,0.8178,0.8178
Chronopotentiometry,0.02,1800,10,542.9,0.8178,0.8178
Chronopotentiometry,0.02,1800,10,543.0,0.8178,0.8178
Chronopotentiometry,0.02,1800,10,543.1,0.8179,0.8179
Chronopotentiometry,0.02,1800,10,543.2,0.8179,0.8179
Chronopotentiometry,0.02,1800,10,543.3,0.8179,0.8179
Chronopotentiometry,0.02,1800,10,543.4,0.8179,0.8179
Chronopotentiometry,0.02,1800,10,543.5,0.8179,0.8179
Chronopotentiometry,0.02,1800,10,543.6,0.8178,0.8178
Chronopotentiometry,0.02,1800,10,543.7,0.8179,0.8179
Chronopotentiometry,0.02,1800,10,543.8,0.8179,0.8179
Chronopotentiometry,0.02,1800,10,543.9,0.8179,0.8179
Chronopotentiometry,0.02,1800,10,544.0,0.818,0.818
Chronopotentiometry,0.02,1800,10,544.1,0.8179,0.8179
Chronopotentiometry,0.02,1800,10,544.2,0.8179,0.8179
Chronopotentiometry,0.02,1800,10,544.3,0.8179,0.8179
Chronopotentiometry,0.02,1800,10,544.4,0.8179,0.8179
Chronopotentiometry,0.02,1800,10,544.5,0.8179,0.8179
Chronopotentiometry,0.02,1800,10,544.6,0.818,0.818
Chronopotentiometry,0.02,1800,10,544.7,0.8179,0.8179
Chronopotentiometry,0.02,1800,10,544.8,0.8179,0.8179
Chronopotentiometry,0.02,1800,10,544.9,0.8178,0.8178
Chronopotentiometry,0.02,1800,10,545.0,0.8179,0.8179
Chronopotentiometry,0.02,1800,10,545.1,0.8179,0.8179
Chronopotentiometry,0.02,1800,10,545.2,0.8179,0.8179
Chronopotentiometry,0.02,1800,10,545.3,0.8179,0.8179
Chronopotentiometry,0.02,1800,10,545.4,0.818,0.818
Chronopotentiometry,0.02,1800,10,545.5,0.818,0.818
Chronopotentiometry,0.02,1800,10,545.6,0.818,0.818
Chronopotentiometry,0.02,1800,10,545.7,0.8179,0.8179
Chronopotentiometry,0.02,1800,10,545.8,0.818,0.818
Chronopotentiometry,0.02,1800,10,545.9,0.818,0.818
Chronopotentiometry,0.02,1800,10,546.0,0.818,0.818
Chronopotentiometry,0.02,1800,10,546.1,0.818,0.818
Chronopotentiometry,0.02,1800,10,546.2,0.818,0.818
Chronopotentiometry,0.02,1800,10,546.3,0.818,0.818
Chronopotentiometry,0.02,1800,10,546.4,0.8181,0.8181
Chronopotentiometry,0.02,1800,10,546.5,0.818,0.818
Chronopotentiometry,0.02,1800,10,546.6,0.8181,0.8181
Chronopotentiometry,0.02,1800,10,546.7,0.8181,0.8181
Chronopotentiometry,0.02,1800,10,546.8,0.8181,0.8181
Chronopotentiometry,0.02,1800,10,546.9,0.8181,0.8181
Chronopotentiometry,0.02,1800,10,547.0,0.818,0.818
Chronopotentiometry,0.02,1800,10,547.1,0.818,0.818
Chronopotentiometry,0.02,1800,10,547.2,0.8181,0.8181
Chronopotentiometry,0.02,1800,10,547.3,0.8181,0.8181
Chronopotentiometry,0.02,1800,10,547.4,0.8181,0.8181
Chronopotentiometry,0.02,1800,10,547.5,0.8181,0.8181
Chronopotentiometry,0.02,1800,10,547.6,0.8181,0.8181
Chronopotentiometry,0.02,1800,10,547.7,0.8181,0.8181
Chronopotentiometry,0.02,1800,10,547.8,0.8181,0.8181
Chronopotentiometry,0.02,1800,10,547.9,0.8181,0.8181
Chronopotentiometry,0.02,1800,10,548.0,0.8181,0.8181
Chronopotentiometry,0.02,1800,10,548.1,0.8181,0.8181
Chronopotentiometry,0.02,1800,10,548.2,0.8181,0.8181
Chronopotentiometry,0.02,1800,10,548.3,0.8181,0.8181
Chronopotentiometry,0.02,1800,10,548.4,0.8182,0.8182
Chronopotentiometry,0.02,1800,10,548.5,0.8182,0.8182
Chronopotentiometry,0.02,1800,10,548.6,0.8182,0.8182
Chronopotentiometry,0.02,1800,10,548.7,0.8181,0.8181
Chronopotentiometry,0.02,1800,10,548.8,0.8182,0.8182
Chronopotentiometry,0.02,1800,10,548.9,0.8181,0.8181
Chronopotentiometry,0.02,1800,10,549.0,0.8182,0.8182
Chronopotentiometry,0.02,1800,10,549.1,0.8182,0.8182
Chronopotentiometry,0.02,1800,10,549.2,0.8183,0.8183
Chronopotentiometry,0.02,1800,10,549.3,0.8182,0.8182
Chronopotentiometry,0.02,1800,10,549.4,0.8182,0.8182
Chronopotentiometry,0.02,1800,10,549.5,0.8182,0.8182
Chronopotentiometry,0.02,1800,10,549.6,0.8183,0.8183
Chronopotentiometry,0.02,1800,10,549.7,0.8183,0.8183
Chronopotentiometry,0.02,1800,10,549.8,0.8182,0.8182
Chronopotentiometry,0.02,1800,10,549.9,0.8183,0.8183
Chronopotentiometry,0.02,1800,10,550.0,0.8183,0.8183
Chronopotentiometry,0.02,1800,10,550.1,0.8183,0.8183
Chronopotentiometry,0.02,1800,10,550.2,0.8183,0.8183
Chronopotentiometry,0.02,1800,10,550.3,0.8183,0.8183
Chronopotentiometry,0.02,1800,10,550.4,0.8183,0.8183
Chronopotentiometry,0.02,1800,10,550.5,0.8183,0.8183
Chronopotentiometry,0.02,1800,10,550.6,0.8183,0.8183
Chronopotentiometry,0.02,1800,10,550.7,0.8183,0.8183
Chronopotentiometry,0.02,1800,10,550.8,0.8183,0.8183
Chronopotentiometry,0.02,1800,10,550.9,0.8183,0.8183
Chronopotentiometry,0.02,1800,10,551.0,0.8184,0.8184
Chronopotentiometry,0.02,1800,10,551.1,0.8184,0.8184
Chronopotentiometry,0.02,1800,10,551.2,0.8183,0.8183
Chronopotentiometry,0.02,1800,10,551.3,0.8183,0.8183
Chronopotentiometry,0.02,1800,10,551.4,0.8183,0.8183
Chronopotentiometry,0.02,1800,10,551.5,0.8183,0.8183
Chronopotentiometry,0.02,1800,10,551.6,0.8183,0.8183
Chronopotentiometry,0.02,1800,10,551.7,0.8183,0.8183
Chronopotentiometry,0.02,1800,10,551.8,0.8183,0.8183
Chronopotentiometry,0.02,1800,10,551.9,0.8183,0.8183
Chronopotentiometry,0.02,1800,10,552.0,0.8183,0.8183
Chronopotentiometry,0.02,1800,10,552.1,0.8183,0.8183
Chronopotentiometry,0.02,1800,10,552.2,0.8183,0.8183
Chronopotentiometry,0.02,1800,10,552.3,0.8183,0.8183
Chronopotentiometry,0.02,1800,10,552.4,0.8184,0.8184
Chronopotentiometry,0.02,1800,10,552.5,0.8184,0.8184
Chronopotentiometry,0.02,1800,10,552.6,0.8184,0.8184
Chronopotentiometry,0.02,1800,10,552.7,0.8183,0.8183
Chronopotentiometry,0.02,1800,10,552.8,0.8184,0.8184
Chronopotentiometry,0.02,1800,10,552.9,0.8184,0.8184
Chronopotentiometry,0.02,1800,10,553.0,0.8184,0.8184
Chronopotentiometry,0.02,1800,10,553.1,0.8184,0.8184
Chronopotentiometry,0.02,1800,10,553.2,0.8184,0.8184
Chronopotentiometry,0.02,1800,10,553.3,0.8184,0.8184
Chronopotentiometry,0.02,1800,10,553.4,0.8184,0.8184
Chronopotentiometry,0.02,1800,10,553.5,0.8184,0.8184
Chronopotentiometry,0.02,1800,10,553.6,0.8184,0.8184
Chronopotentiometry,0.02,1800,10,553.7,0.8184,0.8184
Chronopotentiometry,0.02,1800,10,553.8,0.8184,0.8184
Chronopotentiometry,0.02,1800,10,553.9,0.8185,0.8185
Chronopotentiometry,0.02,1800,10,554.0,0.8184,0.8184
Chronopotentiometry,0.02,1800,10,554.1,0.8184,0.8184
Chronopotentiometry,0.02,1800,10,554.2,0.8184,0.8184
Chronopotentiometry,0.02,1800,10,554.3,0.8184,0.8184
Chronopotentiometry,0.02,1800,10,554.4,0.8184,0.8184
Chronopotentiometry,0.02,1800,10,554.5,0.8185,0.8185
Chronopotentiometry,0.02,1800,10,554.6,0.8185,0.8185
Chronopotentiometry,0.02,1800,10,554.7,0.8185,0.8185
Chronopotentiometry,0.02,1800,10,554.8,0.8185,0.8185
Chronopotentiometry,0.02,1800,10,554.9,0.8185,0.8185
Chronopotentiometry,0.02,1800,10,555.0,0.8185,0.8185
Chronopotentiometry,0.02,1800,10,555.1,0.8184,0.8184
Chronopotentiometry,0.02,1800,10,555.2,0.8184,0.8184
Chronopotentiometry,0.02,1800,10,555.3,0.8185,0.8185
Chronopotentiometry,0.02,1800,10,555.4,0.8184,0.8184
Chronopotentiometry,0.02,1800,10,555.5,0.8185,0.8185
Chronopotentiometry,0.02,1800,10,555.6,0.8185,0.8185
Chronopotentiometry,0.02,1800,10,555.7,0.8186,0.8186
Chronopotentiometry,0.02,1800,10,555.8,0.8186,0.8186
Chronopotentiometry,0.02,1800,10,555.9,0.8185,0.8185
Chronopotentiometry,0.02,1800,10,556.0,0.8186,0.8186
Chronopotentiometry,0.02,1800,10,556.1,0.8185,0.8185
Chronopotentiometry,0.02,1800,10,556.2,0.8186,0.8186
Chronopotentiometry,0.02,1800,10,556.3,0.8185,0.8185
Chronopotentiometry,0.02,1800,10,556.4,0.8185,0.8185
Chronopotentiometry,0.02,1800,10,556.5,0.8185,0.8185
Chronopotentiometry,0.02,1800,10,556.6,0.8186,0.8186
Chronopotentiometry,0.02,1800,10,556.7,0.8186,0.8186
Chronopotentiometry,0.02,1800,10,556.8,0.8186,0.8186
Chronopotentiometry,0.02,1800,10,556.9,0.8186,0.8186
Chronopotentiometry,0.02,1800,10,557.0,0.8185,0.8185
Chronopotentiometry,0.02,1800,10,557.1,0.8185,0.8185
Chronopotentiometry,0.02,1800,10,557.2,0.8185,0.8185
Chronopotentiometry,0.02,1800,10,557.3,0.8185,0.8185
Chronopotentiometry,0.02,1800,10,557.4,0.8186,0.8186
Chronopotentiometry,0.02,1800,10,557.5,0.8186,0.8186
Chronopotentiometry,0.02,1800,10,557.6,0.8186,0.8186
Chronopotentiometry,0.02,1800,10,557.7,0.8186,0.8186
Chronopotentiometry,0.02,1800,10,557.8,0.8186,0.8186
Chronopotentiometry,0.02,1800,10,557.9,0.8186,0.8186
Chronopotentiometry,0.02,1800,10,558.0,0.8187,0.8187
Chronopotentiometry,0.02,1800,10,558.1,0.8186,0.8186
Chronopotentiometry,0.02,1800,10,558.2,0.8186,0.8186
Chronopotentiometry,0.02,1800,10,558.3,0.8187,0.8187
Chronopotentiometry,0.02,1800,10,558.4,0.8187,0.8187
Chronopotentiometry,0.02,1800,10,558.5,0.8186,0.8186
Chronopotentiometry,0.02,1800,10,558.6,0.8186,0.8186
Chronopotentiometry,0.02,1800,10,558.7,0.8186,0.8186
Chronopotentiometry,0.02,1800,10,558.8,0.8187,0.8187
Chronopotentiometry,0.02,1800,10,558.9,0.8187,0.8187
Chronopotentiometry,0.02,1800,10,559.0,0.8187,0.8187
Chronopotentiometry,0.02,1800,10,559.1,0.8187,0.8187
Chronopotentiometry,0.02,1800,10,559.2,0.8188,0.8188
Chronopotentiometry,0.02,1800,10,559.3,0.8187,0.8187
Chronopotentiometry,0.02,1800,10,559.4,0.8187,0.8187
Chronopotentiometry,0.02,1800,10,559.5,0.8187,0.8187
Chronopotentiometry,0.02,1800,10,559.6,0.8186,0.8186
Chronopotentiometry,0.02,1800,10,559.7,0.8186,0.8186
Chronopotentiometry,0.02,1800,10,559.8,0.8187,0.8187
Chronopotentiometry,0.02,1800,10,559.9,0.8187,0.8187
Chronopotentiometry,0.02,1800,10,560.0,0.8187,0.8187
Chronopotentiometry,0.02,1800,10,560.1,0.8187,0.8187
Chronopotentiometry,0.02,1800,10,560.2,0.8188,0.8188
Chronopotentiometry,0.02,1800,10,560.3,0.8187,0.8187
Chronopotentiometry,0.02,1800,10,560.4,0.8188,0.8188
Chronopotentiometry,0.02,1800,10,560.5,0.8188,0.8188
Chronopotentiometry,0.02,1800,10,560.6,0.8187,0.8187
Chronopotentiometry,0.02,1800,10,560.7,0.8187,0.8187
Chronopotentiometry,0.02,1800,10,560.8,0.8187,0.8187
Chronopotentiometry,0.02,1800,10,560.9,0.8188,0.8188
Chronopotentiometry,0.02,1800,10,561.0,0.8188,0.8188
Chronopotentiometry,0.02,1800,10,561.1,0.8187,0.8187
Chronopotentiometry,0.02,1800,10,561.2,0.8188,0.8188
Chronopotentiometry,0.02,1800,10,561.3,0.8188,0.8188
Chronopotentiometry,0.02,1800,10,561.4,0.8188,0.8188
Chronopotentiometry,0.02,1800,10,561.5,0.8189,0.8189
Chronopotentiometry,0.02,1800,10,561.6,0.8188,0.8188
Chronopotentiometry,0.02,1800,10,561.7,0.8189,0.8189
Chronopotentiometry,0.02,1800,10,561.8,0.819,0.819
Chronopotentiometry,0.02,1800,10,561.9,0.8189,0.8189
Chronopotentiometry,0.02,1800,10,562.0,0.8188,0.8188
Chronopotentiometry,0.02,1800,10,562.1,0.8189,0.8189
Chronopotentiometry,0.02,1800,10,562.2,0.8189,0.8189
Chronopotentiometry,0.02,1800,10,562.3,0.8189,0.8189
Chronopotentiometry,0.02,1800,10,562.4,0.8189,0.8189
Chronopotentiometry,0.02,1800,10,562.5,0.8189,0.8189
Chronopotentiometry,0.02,1800,10,562.6,0.8189,0.8189
Chronopotentiometry,0.02,1800,10,562.7,0.8189,0.8189
Chronopotentiometry,0.02,1800,10,562.8,0.8189,0.8189
Chronopotentiometry,0.02,1800,10,562.9,0.8188,0.8188
Chronopotentiometry,0.02,1800,10,563.0,0.8189,0.8189
Chronopotentiometry,0.02,1800,10,563.1,0.8189,0.8189
Chronopotentiometry,0.02,1800,10,563.2,0.819,0.819
Chronopotentiometry,0.02,1800,10,563.3,0.8189,0.8189
Chronopotentiometry,0.02,1800,10,563.4,0.8189,0.8189
Chronopotentiometry,0.02,1800,10,563.5,0.8189,0.8189
Chronopotentiometry,0.02,1800,10,563.6,0.8188,0.8188
Chronopotentiometry,0.02,1800,10,563.7,0.819,0.819
Chronopotentiometry,0.02,1800,10,563.8,0.819,0.819
Chronopotentiometry,0.02,1800,10,563.9,0.819,0.819
Chronopotentiometry,0.02,1800,10,564.0,0.819,0.819
Chronopotentiometry,0.02,1800,10,564.1,0.819,0.819
Chronopotentiometry,0.02,1800,10,564.2,0.8189,0.8189
Chronopotentiometry,0.02,1800,10,564.3,0.819,0.819
Chronopotentiometry,0.02,1800,10,564.4,0.8191,0.8191
Chronopotentiometry,0.02,1800,10,564.5,0.819,0.819
Chronopotentiometry,0.02,1800,10,564.6,0.819,0.819
Chronopotentiometry,0.02,1800,10,564.7,0.819,0.819
Chronopotentiometry,0.02,1800,10,564.8,0.8191,0.8191
Chronopotentiometry,0.02,1800,10,564.9,0.8191,0.8191
Chronopotentiometry,0.02,1800,10,565.0,0.8191,0.8191
Chronopotentiometry,0.02,1800,10,565.1,0.819,0.819
Chronopotentiometry,0.02,1800,10,565.2,0.8191,0.8191
Chronopotentiometry,0.02,1800,10,565.3,0.8191,0.8191
Chronopotentiometry,0.02,1800,10,565.4,0.819,0.819
Chronopotentiometry,0.02,1800,10,565.5,0.8191,0.8191
Chronopotentiometry,0.02,1800,10,565.6,0.8191,0.8191
Chronopotentiometry,0.02,1800,10,565.7,0.8192,0.8192
Chronopotentiometry,0.02,1800,10,565.8,0.8192,0.8192
Chronopotentiometry,0.02,1800,10,565.9,0.8191,0.8191
Chronopotentiometry,0.02,1800,10,566.0,0.8191,0.8191
Chronopotentiometry,0.02,1800,10,566.1,0.8192,0.8192
Chronopotentiometry,0.02,1800,10,566.2,0.8191,0.8191
Chronopotentiometry,0.02,1800,10,566.3,0.8191,0.8191
Chronopotentiometry,0.02,1800,10,566.4,0.8191,0.8191
Chronopotentiometry,0.02,1800,10,566.5,0.8192,0.8192
Chronopotentiometry,0.02,1800,10,566.6,0.8191,0.8191
Chronopotentiometry,0.02,1800,10,566.7,0.8191,0.8191
Chronopotentiometry,0.02,1800,10,566.8,0.8191,0.8191
Chronopotentiometry,0.02,1800,10,566.9,0.8192,0.8192
Chronopotentiometry,0.02,1800,10,567.0,0.8193,0.8193
Chronopotentiometry,0.02,1800,10,567.1,0.8191,0.8191
Chronopotentiometry,0.02,1800,10,567.2,0.8192,0.8192
Chronopotentiometry,0.02,1800,10,567.3,0.8193,0.8193
Chronopotentiometry,0.02,1800,10,567.4,0.8193,0.8193
Chronopotentiometry,0.02,1800,10,567.5,0.8193,0.8193
Chronopotentiometry,0.02,1800,10,567.6,0.8192,0.8192
Chronopotentiometry,0.02,1800,10,567.7,0.8193,0.8193
Chronopotentiometry,0.02,1800,10,567.8,0.8193,0.8193
Chronopotentiometry,0.02,1800,10,567.9,0.8192,0.8192
Chronopotentiometry,0.02,1800,10,568.0,0.8192,0.8192
Chronopotentiometry,0.02,1800,10,568.1,0.8192,0.8192
Chronopotentiometry,0.02,1800,10,568.2,0.8193,0.8193
Chronopotentiometry,0.02,1800,10,568.3,0.8193,0.8193
Chronopotentiometry,0.02,1800,10,568.4,0.8193,0.8193
Chronopotentiometry,0.02,1800,10,568.5,0.8193,0.8193
Chronopotentiometry,0.02,1800,10,568.6,0.8193,0.8193
Chronopotentiometry,0.02,1800,10,568.7,0.8193,0.8193
Chronopotentiometry,0.02,1800,10,568.8,0.8194,0.8194
Chronopotentiometry,0.02,1800,10,568.9,0.8195,0.8195
Chronopotentiometry,0.02,1800,10,569.0,0.8193,0.8193
Chronopotentiometry,0.02,1800,10,569.1,0.8192,0.8192
Chronopotentiometry,0.02,1800,10,569.2,0.8192,0.8192
Chronopotentiometry,0.02,1800,10,569.3,0.8192,0.8192
Chronopotentiometry,0.02,1800,10,569.4,0.8192,0.8192
Chronopotentiometry,0.02,1800,10,569.5,0.8192,0.8192
Chronopotentiometry,0.02,1800,10,569.6,0.8193,0.8193
Chronopotentiometry,0.02,1800,10,569.7,0.8193,0.8193
Chronopotentiometry,0.02,1800,10,569.8,0.8193,0.8193
Chronopotentiometry,0.02,1800,10,569.9,0.8193,0.8193
Chronopotentiometry,0.02,1800,10,570.0,0.8193,0.8193
Chronopotentiometry,0.02,1800,10,570.1,0.8193,0.8193
Chronopotentiometry,0.02,1800,10,570.2,0.8194,0.8194
Chronopotentiometry,0.02,1800,10,570.3,0.8193,0.8193
Chronopotentiometry,0.02,1800,10,570.4,0.8193,0.8193
Chronopotentiometry,0.02,1800,10,570.5,0.8193,0.8193
Chronopotentiometry,0.02,1800,10,570.6,0.8193,0.8193
Chronopotentiometry,0.02,1800,10,570.7,0.8193,0.8193
Chronopotentiometry,0.02,1800,10,570.8,0.8194,0.8194
Chronopotentiometry,0.02,1800,10,570.9,0.8193,0.8193
Chronopotentiometry,0.02,1800,10,571.0,0.8194,0.8194
Chronopotentiometry,0.02,1800,10,571.1,0.8194,0.8194
Chronopotentiometry,0.02,1800,10,571.2,0.8194,0.8194
Chronopotentiometry,0.02,1800,10,571.3,0.8193,0.8193
Chronopotentiometry,0.02,1800,10,571.4,0.8193,0.8193
Chronopotentiometry,0.02,1800,10,571.5,0.8193,0.8193
Chronopotentiometry,0.02,1800,10,571.6,0.8193,0.8193
Chronopotentiometry,0.02,1800,10,571.7,0.8193,0.8193
Chronopotentiometry,0.02,1800,10,571.8,0.8193,0.8193
Chronopotentiometry,0.02,1800,10,571.9,0.8194,0.8194
Chronopotentiometry,0.02,1800,10,572.0,0.8194,0.8194
Chronopotentiometry,0.02,1800,10,572.1,0.8194,0.8194
Chronopotentiometry,0.02,1800,10,572.2,0.8194,0.8194
Chronopotentiometry,0.02,1800,10,572.3,0.8194,0.8194
Chronopotentiometry,0.02,1800,10,572.4,0.8194,0.8194
Chronopotentiometry,0.02,1800,10,572.5,0.8195,0.8195
Chronopotentiometry,0.02,1800,10,572.6,0.8195,0.8195
Chronopotentiometry,0.02,1800,10,572.7,0.8195,0.8195
Chronopotentiometry,0.02,1800,10,572.8,0.8195,0.8195
Chronopotentiometry,0.02,1800,10,572.9,0.8194,0.8194
Chronopotentiometry,0.02,1800,10,573.0,0.8194,0.8194
Chronopotentiometry,0.02,1800,10,573.1,0.8195,0.8195
Chronopotentiometry,0.02,1800,10,573.2,0.8195,0.8195
Chronopotentiometry,0.02,1800,10,573.3,0.8195,0.8195
Chronopotentiometry,0.02,1800,10,573.4,0.8195,0.8195
Chronopotentiometry,0.02,1800,10,573.5,0.8195,0.8195
Chronopotentiometry,0.02,1800,10,573.6,0.8196,0.8196
Chronopotentiometry,0.02,1800,10,573.7,0.8195,0.8195
Chronopotentiometry,0.02,1800,10,573.8,0.8195,0.8195
Chronopotentiometry,0.02,1800,10,573.9,0.8196,0.8196
Chronopotentiometry,0.02,1800,10,574.0,0.8196,0.8196
Chronopotentiometry,0.02,1800,10,574.1,0.8196,0.8196
Chronopotentiometry,0.02,1800,10,574.2,0.8196,0.8196
Chronopotentiometry,0.02,1800,10,574.3,0.8196,0.8196
Chronopotentiometry,0.02,1800,10,574.4,0.8196,0.8196
Chronopotentiometry,0.02,1800,10,574.5,0.8196,0.8196
Chronopotentiometry,0.02,1800,10,574.6,0.8196,0.8196
Chronopotentiometry,0.02,1800,10,574.7,0.8196,0.8196
Chronopotentiometry,0.02,1800,10,574.8,0.8196,0.8196
Chronopotentiometry,0.02,1800,10,574.9,0.8196,0.8196
Chronopotentiometry,0.02,1800,10,575.0,0.8194,0.8194
Chronopotentiometry,0.02,1800,10,575.1,0.8195,0.8195
Chronopotentiometry,0.02,1800,10,575.2,0.8196,0.8196
Chronopotentiometry,0.02,1800,10,575.3,0.8196,0.8196
Chronopotentiometry,0.02,1800,10,575.4,0.8195,0.8195
Chronopotentiometry,0.02,1800,10,575.5,0.8195,0.8195
Chronopotentiometry,0.02,1800,10,575.6,0.8196,0.8196
Chronopotentiometry,0.02,1800,10,575.7,0.8196,0.8196
Chronopotentiometry,0.02,1800,10,575.8,0.8196,0.8196
Chronopotentiometry,0.02,1800,10,575.9,0.8196,0.8196
Chronopotentiometry,0.02,1800,10,576.0,0.8195,0.8195
Chronopotentiometry,0.02,1800,10,576.1,0.8196,0.8196
Chronopotentiometry,0.02,1800,10,576.2,0.8196,0.8196
Chronopotentiometry,0.02,1800,10,576.3,0.8196,0.8196
Chronopotentiometry,0.02,1800,10,576.4,0.8197,0.8197
Chronopotentiometry,0.02,1800,10,576.5,0.8197,0.8197
Chronopotentiometry,0.02,1800,10,576.6,0.8196,0.8196
Chronopotentiometry,0.02,1800,10,576.7,0.8197,0.8197
Chronopotentiometry,0.02,1800,10,576.8,0.8197,0.8197
Chronopotentiometry,0.02,1800,10,576.9,0.8197,0.8197
Chronopotentiometry,0.02,1800,10,577.0,0.8198,0.8198
Chronopotentiometry,0.02,1800,10,577.1,0.8197,0.8197
Chronopotentiometry,0.02,1800,10,577.2,0.8197,0.8197
Chronopotentiometry,0.02,1800,10,577.3,0.8198,0.8198
Chronopotentiometry,0.02,1800,10,577.4,0.8198,0.8198
Chronopotentiometry,0.02,1800,10,577.5,0.8197,0.8197
Chronopotentiometry,0.02,1800,10,577.6,0.8197,0.8197
Chronopotentiometry,0.02,1800,10,577.7,0.8198,0.8198
Chronopotentiometry,0.02,1800,10,577.8,0.8197,0.8197
Chronopotentiometry,0.02,1800,10,577.9,0.8196,0.8196
Chronopotentiometry,0.02,1800,10,578.0,0.8197,0.8197
Chronopotentiometry,0.02,1800,10,578.1,0.8197,0.8197
Chronopotentiometry,0.02,1800,10,578.2,0.8196,0.8196
Chronopotentiometry,0.02,1800,10,578.3,0.8197,0.8197
Chronopotentiometry,0.02,1800,10,578.4,0.8197,0.8197
Chronopotentiometry,0.02,1800,10,578.5,0.8197,0.8197
Chronopotentiometry,0.02,1800,10,578.6,0.8197,0.8197
Chronopotentiometry,0.02,1800,10,578.7,0.8198,0.8198
Chronopotentiometry,0.02,1800,10,578.8,0.8198,0.8198
Chronopotentiometry,0.02,1800,10,578.9,0.8197,0.8197
Chronopotentiometry,0.02,1800,10,579.0,0.8196,0.8196
Chronopotentiometry,0.02,1800,10,579.1,0.8196,0.8196
Chronopotentiometry,0.02,1800,10,579.2,0.8196,0.8196
Chronopotentiometry,0.02,1800,10,579.3,0.8197,0.8197
Chronopotentiometry,0.02,1800,10,579.4,0.8197,0.8197
Chronopotentiometry,0.02,1800,10,579.5,0.8197,0.8197
Chronopotentiometry,0.02,1800,10,579.6,0.8196,0.8196
Chronopotentiometry,0.02,1800,10,579.7,0.8197,0.8197
Chronopotentiometry,0.02,1800,10,579.8,0.8197,0.8197
Chronopotentiometry,0.02,1800,10,579.9,0.8197,0.8197
Chronopotentiometry,0.02,1800,10,580.0,0.8198,0.8198
Chronopotentiometry,0.02,1800,10,580.1,0.8197,0.8197
Chronopotentiometry,0.02,1800,10,580.2,0.8198,0.8198
Chronopotentiometry,0.02,1800,10,580.3,0.8198,0.8198
Chronopotentiometry,0.02,1800,10,580.4,0.8197,0.8197
Chronopotentiometry,0.02,1800,10,580.5,0.8198,0.8198
Chronopotentiometry,0.02,1800,10,580.6,0.8198,0.8198
Chronopotentiometry,0.02,1800,10,580.7,0.8198,0.8198
Chronopotentiometry,0.02,1800,10,580.8,0.8197,0.8197
Chronopotentiometry,0.02,1800,10,580.9,0.8198,0.8198
Chronopotentiometry,0.02,1800,10,581.0,0.8198,0.8198
Chronopotentiometry,0.02,1800,10,581.1,0.8198,0.8198
Chronopotentiometry,0.02,1800,10,581.2,0.8198,0.8198
Chronopotentiometry,0.02,1800,10,581.3,0.8197,0.8197
Chronopotentiometry,0.02,1800,10,581.4,0.8197,0.8197
Chronopotentiometry,0.02,1800,10,581.5,0.8198,0.8198
Chronopotentiometry,0.02,1800,10,581.6,0.8198,0.8198
Chronopotentiometry,0.02,1800,10,581.7,0.8198,0.8198
Chronopotentiometry,0.02,1800,10,581.8,0.8198,0.8198
Chronopotentiometry,0.02,1800,10,581.9,0.8198,0.8198
Chronopotentiometry,0.02,1800,10,582.0,0.8199,0.8199
Chronopotentiometry,0.02,1800,10,582.1,0.8198,0.8198
Chronopotentiometry,0.02,1800,10,582.2,0.8196,0.8196
Chronopotentiometry,0.02,1800,10,582.3,0.8196,0.8196
Chronopotentiometry,0.02,1800,10,582.4,0.8196,0.8196
Chronopotentiometry,0.02,1800,10,582.5,0.8196,0.8196
Chronopotentiometry,0.02,1800,10,582.6,0.8197,0.8197
Chronopotentiometry,0.02,1800,10,582.7,0.8196,0.8196
Chronopotentiometry,0.02,1800,10,582.8,0.8196,0.8196
Chronopotentiometry,0.02,1800,10,582.9,0.8196,0.8196
Chronopotentiometry,0.02,1800,10,583.0,0.8197,0.8197
Chronopotentiometry,0.02,1800,10,583.1,0.8196,0.8196
Chronopotentiometry,0.02,1800,10,583.2,0.8197,0.8197
Chronopotentiometry,0.02,1800,10,583.3,0.8198,0.8198
Chronopotentiometry,0.02,1800,10,583.4,0.8198,0.8198
Chronopotentiometry,0.02,1800,10,583.5,0.8197,0.8197
Chronopotentiometry,0.02,1800,10,583.6,0.8197,0.8197
Chronopotentiometry,0.02,1800,10,583.7,0.8198,0.8198
Chronopotentiometry,0.02,1800,10,583.8,0.8198,0.8198
Chronopotentiometry,0.02,1800,10,583.9,0.8198,0.8198
Chronopotentiometry,0.02,1800,10,584.0,0.8199,0.8199
Chronopotentiometry,0.02,1800,10,584.1,0.8198,0.8198
Chronopotentiometry,0.02,1800,10,584.2,0.8197,0.8197
Chronopotentiometry,0.02,1800,10,584.3,0.8197,0.8197
Chronopotentiometry,0.02,1800,10,584.4,0.8198,0.8198
Chronopotentiometry,0.02,1800,10,584.5,0.8198,0.8198
Chronopotentiometry,0.02,1800,10,584.6,0.8198,0.8198
Chronopotentiometry,0.02,1800,10,584.7,0.8197,0.8197
Chronopotentiometry,0.02,1800,10,584.8,0.8198,0.8198
Chronopotentiometry,0.02,1800,10,584.9,0.8197,0.8197
Chronopotentiometry,0.02,1800,10,585.0,0.8198,0.8198
Chronopotentiometry,0.02,1800,10,585.1,0.8198,0.8198
Chronopotentiometry,0.02,1800,10,585.2,0.8198,0.8198
Chronopotentiometry,0.02,1800,10,585.3,0.8198,0.8198
Chronopotentiometry,0.02,1800,10,585.4,0.8198,0.8198
Chronopotentiometry,0.02,1800,10,585.5,0.8198,0.8198
Chronopotentiometry,0.02,1800,10,585.6,0.8198,0.8198
Chronopotentiometry,0.02,1800,10,585.7,0.8199,0.8199
Chronopotentiometry,0.02,1800,10,585.8,0.8199,0.8199
Chronopotentiometry,0.02,1800,10,585.9,0.8199,0.8199
Chronopotentiometry,0.02,1800,10,586.0,0.8199,0.8199
Chronopotentiometry,0.02,1800,10,586.1,0.8199,0.8199
Chronopotentiometry,0.02,1800,10,586.2,0.8199,0.8199
Chronopotentiometry,0.02,1800,10,586.3,0.8199,0.8199
Chronopotentiometry,0.02,1800,10,586.4,0.82,0.82
Chronopotentiometry,0.02,1800,10,586.5,0.8199,0.8199
Chronopotentiometry,0.02,1800,10,586.6,0.8199,0.8199
Chronopotentiometry,0.02,1800,10,586.7,0.82,0.82
Chronopotentiometry,0.02,1800,10,586.8,0.82,0.82
Chronopotentiometry,0.02,1800,10,586.9,0.82,0.82
Chronopotentiometry,0.02,1800,10,587.0,0.82,0.82
Chronopotentiometry,0.02,1800,10,587.1,0.8199,0.8199
Chronopotentiometry,0.02,1800,10,587.2,0.82,0.82
Chronopotentiometry,0.02,1800,10,587.3,0.82,0.82
Chronopotentiometry,0.02,1800,10,587.4,0.82,0.82
Chronopotentiometry,0.02,1800,10,587.5,0.8201,0.8201
Chronopotentiometry,0.02,1800,10,587.6,0.82,0.82
Chronopotentiometry,0.02,1800,10,587.7,0.82,0.82
Chronopotentiometry,0.02,1800,10,587.8,0.82,0.82
Chronopotentiometry,0.02,1800,10,587.9,0.82,0.82
Chronopotentiometry,0.02,1800,10,588.0,0.8201,0.8201
Chronopotentiometry,0.02,1800,10,588.1,0.8201,0.8201
Chronopotentiometry,0.02,1800,10,588.2,0.8201,0.8201
Chronopotentiometry,0.02,1800,10,588.3,0.8201,0.8201
Chronopotentiometry,0.02,1800,10,588.4,0.8201,0.8201
Chronopotentiometry,0.02,1800,10,588.5,0.82,0.82
Chronopotentiometry,0.02,1800,10,588.6,0.82,0.82
Chronopotentiometry,0.02,1800,10,588.7,0.82,0.82
Chronopotentiometry,0.02,1800,10,588.8,0.8201,0.8201
Chronopotentiometry,0.02,1800,10,588.9,0.82,0.82
Chronopotentiometry,0.02,1800,10,589.0,0.82,0.82
Chronopotentiometry,0.02,1800,10,589.1,0.82,0.82
Chronopotentiometry,0.02,1800,10,589.2,0.82,0.82
Chronopotentiometry,0.02,1800,10,589.3,0.8201,0.8201
Chronopotentiometry,0.02,1800,10,589.4,0.8201,0.8201
Chronopotentiometry,0.02,1800,10,589.5,0.82,0.82
Chronopotentiometry,0.02,1800,10,589.6,0.8201,0.8201
Chronopotentiometry,0.02,1800,10,589.7,0.82,0.82
Chronopotentiometry,0.02,1800,10,589.8,0.82,0.82
Chronopotentiometry,0.02,1800,10,589.9,0.8199,0.8199
Chronopotentiometry,0.02,1800,10,590.0,0.82,0.82
Chronopotentiometry,0.02,1800,10,590.1,0.82,0.82
Chronopotentiometry,0.02,1800,10,590.2,0.8201,0.8201
Chronopotentiometry,0.02,1800,10,590.3,0.8201,0.8201
Chronopotentiometry,0.02,1800,10,590.4,0.8201,0.8201
Chronopotentiometry,0.02,1800,10,590.5,0.82,0.82
Chronopotentiometry,0.02,1800,10,590.6,0.82,0.82
Chronopotentiometry,0.02,1800,10,590.7,0.82,0.82
Chronopotentiometry,0.02,1800,10,590.8,0.82,0.82
Chronopotentiometry,0.02,1800,10,590.9,0.8201,0.8201
Chronopotentiometry,0.02,1800,10,591.0,0.8201,0.8201
Chronopotentiometry,0.02,1800,10,591.1,0.8201,0.8201
Chronopotentiometry,0.02,1800,10,591.2,0.8201,0.8201
Chronopotentiometry,0.02,1800,10,591.3,0.8201,0.8201
Chronopotentiometry,0.02,1800,10,591.4,0.8201,0.8201
Chronopotentiometry,0.02,1800,10,591.5,0.8201,0.8201
Chronopotentiometry,0.02,1800,10,591.6,0.8201,0.8201
Chronopotentiometry,0.02,1800,10,591.7,0.8201,0.8201
Chronopotentiometry,0.02,1800,10,591.8,0.8201,0.8201
Chronopotentiometry,0.02,1800,10,591.9,0.8201,0.8201
Chronopotentiometry,0.02,1800,10,592.0,0.8202,0.8202
Chronopotentiometry,0.02,1800,10,592.1,0.8201,0.8201
Chronopotentiometry,0.02,1800,10,592.2,0.8201,0.8201
Chronopotentiometry,0.02,1800,10,592.3,0.8201,0.8201
Chronopotentiometry,0.02,1800,10,592.4,0.8202,0.8202
Chronopotentiometry,0.02,1800,10,592.5,0.8203,0.8203
Chronopotentiometry,0.02,1800,10,592.6,0.8202,0.8202
Chronopotentiometry,0.02,1800,10,592.7,0.8202,0.8202
Chronopotentiometry,0.02,1800,10,592.8,0.8202,0.8202
Chronopotentiometry,0.02,1800,10,592.9,0.8201,0.8201
Chronopotentiometry,0.02,1800,10,593.0,0.8201,0.8201
Chronopotentiometry,0.02,1800,10,593.1,0.8201,0.8201
Chronopotentiometry,0.02,1800,10,593.2,0.8201,0.8201
Chronopotentiometry,0.02,1800,10,593.3,0.8201,0.8201
Chronopotentiometry,0.02,1800,10,593.4,0.8201,0.8201
Chronopotentiometry,0.02,1800,10,593.5,0.8201,0.8201
Chronopotentiometry,0.02,1800,10,593.6,0.8202,0.8202
Chronopotentiometry,0.02,1800,10,593.7,0.8202,0.8202
Chronopotentiometry,0.02,1800,10,593.8,0.8202,0.8202
Chronopotentiometry,0.02,1800,10,593.9,0.8203,0.8203
Chronopotentiometry,0.02,1800,10,594.0,0.8202,0.8202
Chronopotentiometry,0.02,1800,10,594.1,0.8203,0.8203
Chronopotentiometry,0.02,1800,10,594.2,0.8202,0.8202
Chronopotentiometry,0.02,1800,10,594.3,0.8203,0.8203
Chronopotentiometry,0.02,1800,10,594.4,0.8203,0.8203
Chronopotentiometry,0.02,1800,10,594.5,0.8203,0.8203
Chronopotentiometry,0.02,1800,10,594.6,0.8204,0.8204
Chronopotentiometry,0.02,1800,10,594.7,0.8204,0.8204
Chronopotentiometry,0.02,1800,10,594.8,0.8203,0.8203
Chronopotentiometry,0.02,1800,10,594.9,0.8202,0.8202
Chronopotentiometry,0.02,1800,10,595.0,0.8203,0.8203
Chronopotentiometry,0.02,1800,10,595.1,0.8203,0.8203
Chronopotentiometry,0.02,1800,10,595.2,0.8203,0.8203
Chronopotentiometry,0.02,1800,10,595.3,0.8203,0.8203
Chronopotentiometry,0.02,1800,10,595.4,0.8202,0.8202
Chronopotentiometry,0.02,1800,10,595.5,0.8203,0.8203
Chronopotentiometry,0.02,1800,10,595.6,0.8202,0.8202
Chronopotentiometry,0.02,1800,10,595.7,0.8202,0.8202
Chronopotentiometry,0.02,1800,10,595.8,0.8203,0.8203
Chronopotentiometry,0.02,1800,10,595.9,0.8203,0.8203
Chronopotentiometry,0.02,1800,10,596.0,0.8203,0.8203
Chronopotentiometry,0.02,1800,10,596.1,0.8203,0.8203
Chronopotentiometry,0.02,1800,10,596.2,0.8203,0.8203
Chronopotentiometry,0.02,1800,10,596.3,0.8203,0.8203
Chronopotentiometry,0.02,1800,10,596.4,0.8203,0.8203
Chronopotentiometry,0.02,1800,10,596.5,0.8204,0.8204
Chronopotentiometry,0.02,1800,10,596.6,0.8203,0.8203
Chronopotentiometry,0.02,1800,10,596.7,0.8203,0.8203
Chronopotentiometry,0.02,1800,10,596.8,0.8203,0.8203
Chronopotentiometry,0.02,1800,10,596.9,0.8204,0.8204
Chronopotentiometry,0.02,1800,10,597.0,0.8204,0.8204
Chronopotentiometry,0.02,1800,10,597.1,0.8204,0.8204
Chronopotentiometry,0.02,1800,10,597.2,0.8204,0.8204
Chronopotentiometry,0.02,1800,10,597.3,0.8204,0.8204
Chronopotentiometry,0.02,1800,10,597.4,0.8204,0.8204
Chronopotentiometry,0.02,1800,10,597.5,0.8204,0.8204
Chronopotentiometry,0.02,1800,10,597.6,0.8204,0.8204
Chronopotentiometry,0.02,1800,10,597.7,0.8204,0.8204
Chronopotentiometry,0.02,1800,10,597.8,0.8204,0.8204
Chronopotentiometry,0.02,1800,10,597.9,0.8204,0.8204
Chronopotentiometry,0.02,1800,10,598.0,0.8205,0.8205
Chronopotentiometry,0.02,1800,10,598.1,0.8204,0.8204
Chronopotentiometry,0.02,1800,10,598.2,0.8204,0.8204
Chronopotentiometry,0.02,1800,10,598.3,0.8204,0.8204
Chronopotentiometry,0.02,1800,10,598.4,0.8205,0.8205
Chronopotentiometry,0.02,1800,10,598.5,0.8205,0.8205
Chronopotentiometry,0.02,1800,10,598.6,0.8205,0.8205
Chronopotentiometry,0.02,1800,10,598.7,0.8205,0.8205
Chronopotentiometry,0.02,1800,10,598.8,0.8205,0.8205
Chronopotentiometry,0.02,1800,10,598.9,0.8205,0.8205
Chronopotentiometry,0.02,1800,10,599.0,0.8205,0.8205
Chronopotentiometry,0.02,1800,10,599.1,0.8205,0.8205
Chronopotentiometry,0.02,1800,10,599.2,0.8204,0.8204
Chronopotentiometry,0.02,1800,10,599.3,0.8204,0.8204
Chronopotentiometry,0.02,1800,10,599.4,0.8205,0.8205
Chronopotentiometry,0.02,1800,10,599.5,0.8205,0.8205
Chronopotentiometry,0.02,1800,10,599.6,0.8205,0.8205
Chronopotentiometry,0.02,1800,10,599.7,0.8205,0.8205
Chronopotentiometry,0.02,1800,10,599.8,0.8206,0.8206
Chronopotentiometry,0.02,1800,10,599.9,0.8206,0.8206
Chronopotentiometry,0.02,1800,10,600.0,0.8206,0.8206
Chronopotentiometry,0.02,1800,10,600.1,0.8206,0.8206
Chronopotentiometry,0.02,1800,10,600.2,0.8205,0.8205
Chronopotentiometry,0.02,1800,10,600.3,0.8206,0.8206
Chronopotentiometry,0.02,1800,10,600.4,0.8206,0.8206
Chronopotentiometry,0.02,1800,10,600.5,0.8206,0.8206
Chronopotentiometry,0.02,1800,10,600.6,0.8205,0.8205
Chronopotentiometry,0.02,1800,10,600.7,0.8206,0.8206
Chronopotentiometry,0.02,1800,10,600.8,0.8206,0.8206
Chronopotentiometry,0.02,1800,10,600.9,0.8205,0.8205
Chronopotentiometry,0.02,1800,10,601.0,0.8205,0.8205
Chronopotentiometry,0.02,1800,10,601.1,0.8205,0.8205
Chronopotentiometry,0.02,1800,10,601.2,0.8205,0.8205
Chronopotentiometry,0.02,1800,10,601.3,0.8205,0.8205
Chronopotentiometry,0.02,1800,10,601.4,0.8206,0.8206
Chronopotentiometry,0.02,1800,10,601.5,0.8206,0.8206
Chronopotentiometry,0.02,1800,10,601.6,0.8205,0.8205
Chronopotentiometry,0.02,1800,10,601.7,0.8206,0.8206
Chronopotentiometry,0.02,1800,10,601.8,0.8206,0.8206
Chronopotentiometry,0.02,1800,10,601.9,0.8206,0.8206
Chronopotentiometry,0.02,1800,10,602.0,0.8206,0.8206
Chronopotentiometry,0.02,1800,10,602.1,0.8206,0.8206
Chronopotentiometry,0.02,1800,10,602.2,0.8206,0.8206
Chronopotentiometry,0.02,1800,10,602.3,0.8206,0.8206
Chronopotentiometry,0.02,1800,10,602.4,0.8206,0.8206
Chronopotentiometry,0.02,1800,10,602.5,0.8205,0.8205
Chronopotentiometry,0.02,1800,10,602.6,0.8205,0.8205
Chronopotentiometry,0.02,1800,10,602.7,0.8205,0.8205
Chronopotentiometry,0.02,1800,10,602.8,0.8205,0.8205
Chronopotentiometry,0.02,1800,10,602.9,0.8205,0.8205
Chronopotentiometry,0.02,1800,10,603.0,0.8205,0.8205
Chronopotentiometry,0.02,1800,10,603.1,0.8205,0.8205
Chronopotentiometry,0.02,1800,10,603.2,0.8206,0.8206
Chronopotentiometry,0.02,1800,10,603.3,0.8206,0.8206
Chronopotentiometry,0.02,1800,10,603.4,0.8206,0.8206
Chronopotentiometry,0.02,1800,10,603.5,0.8206,0.8206
Chronopotentiometry,0.02,1800,10,603.6,0.8207,0.8207
Chronopotentiometry,0.02,1800,10,603.7,0.8206,0.8206
Chronopotentiometry,0.02,1800,10,603.8,0.8206,0.8206
Chronopotentiometry,0.02,1800,10,603.9,0.8206,0.8206
Chronopotentiometry,0.02,1800,10,604.0,0.8207,0.8207
Chronopotentiometry,0.02,1800,10,604.1,0.8207,0.8207
Chronopotentiometry,0.02,1800,10,604.2,0.8207,0.8207
Chronopotentiometry,0.02,1800,10,604.3,0.8207,0.8207
Chronopotentiometry,0.02,1800,10,604.4,0.8206,0.8206
Chronopotentiometry,0.02,1800,10,604.5,0.8206,0.8206
Chronopotentiometry,0.02,1800,10,604.6,0.8206,0.8206
Chronopotentiometry,0.02,1800,10,604.7,0.8206,0.8206
Chronopotentiometry,0.02,1800,10,604.8,0.8207,0.8207
Chronopotentiometry,0.02,1800,10,604.9,0.8207,0.8207
Chronopotentiometry,0.02,1800,10,605.0,0.8207,0.8207
Chronopotentiometry,0.02,1800,10,605.1,0.8207,0.8207
Chronopotentiometry,0.02,1800,10,605.2,0.8208,0.8208
Chronopotentiometry,0.02,1800,10,605.3,0.8208,0.8208
Chronopotentiometry,0.02,1800,10,605.4,0.8208,0.8208
Chronopotentiometry,0.02,1800,10,605.5,0.8207,0.8207
Chronopotentiometry,0.02,1800,10,605.6,0.8208,0.8208
Chronopotentiometry,0.02,1800,10,605.7,0.8208,0.8208
Chronopotentiometry,0.02,1800,10,605.8,0.8208,0.8208
Chronopotentiometry,0.02,1800,10,605.9,0.8209,0.8209
Chronopotentiometry,0.02,1800,10,606.0,0.8209,0.8209
Chronopotentiometry,0.02,1800,10,606.1,0.8208,0.8208
Chronopotentiometry,0.02,1800,10,606.2,0.8208,0.8208
Chronopotentiometry,0.02,1800,10,606.3,0.8208,0.8208
Chronopotentiometry,0.02,1800,10,606.4,0.8209,0.8209
Chronopotentiometry,0.02,1800,10,606.5,0.8208,0.8208
Chronopotentiometry,0.02,1800,10,606.6,0.8208,0.8208
Chronopotentiometry,0.02,1800,10,606.7,0.8209,0.8209
Chronopotentiometry,0.02,1800,10,606.8,0.8209,0.8209
Chronopotentiometry,0.02,1800,10,606.9,0.8209,0.8209
Chronopotentiometry,0.02,1800,10,607.0,0.8209,0.8209
Chronopotentiometry,0.02,1800,10,607.1,0.8209,0.8209
Chronopotentiometry,0.02,1800,10,607.2,0.8209,0.8209
Chronopotentiometry,0.02,1800,10,607.3,0.8209,0.8209
Chronopotentiometry,0.02,1800,10,607.4,0.821,0.821
Chronopotentiometry,0.02,1800,10,607.5,0.8208,0.8208
Chronopotentiometry,0.02,1800,10,607.6,0.8208,0.8208
Chronopotentiometry,0.02,1800,10,607.7,0.8209,0.8209
Chronopotentiometry,0.02,1800,10,607.8,0.8209,0.8209
Chronopotentiometry,0.02,1800,10,607.9,0.8209,0.8209
Chronopotentiometry,0.02,1800,10,608.0,0.821,0.821
Chronopotentiometry,0.02,1800,10,608.1,0.8209,0.8209
Chronopotentiometry,0.02,1800,10,608.2,0.8208,0.8208
Chronopotentiometry,0.02,1800,10,608.3,0.8209,0.8209
Chronopotentiometry,0.02,1800,10,608.4,0.821,0.821
Chronopotentiometry,0.02,1800,10,608.5,0.821,0.821
Chronopotentiometry,0.02,1800,10,608.6,0.821,0.821
Chronopotentiometry,0.02,1800,10,608.7,0.8209,0.8209
Chronopotentiometry,0.02,1800,10,608.8,0.8209,0.8209
Chronopotentiometry,0.02,1800,10,608.9,0.8209,0.8209
Chronopotentiometry,0.02,1800,10,609.0,0.821,0.821
Chronopotentiometry,0.02,1800,10,609.1,0.8209,0.8209
Chronopotentiometry,0.02,1800,10,609.2,0.821,0.821
Chronopotentiometry,0.02,1800,10,609.3,0.821,0.821
Chronopotentiometry,0.02,1800,10,609.4,0.821,0.821
Chronopotentiometry,0.02,1800,10,609.5,0.821,0.821
Chronopotentiometry,0.02,1800,10,609.6,0.821,0.821
Chronopotentiometry,0.02,1800,10,609.7,0.8211,0.8211
Chronopotentiometry,0.02,1800,10,609.8,0.821,0.821
Chronopotentiometry,0.02,1800,10,609.9,0.821,0.821
Chronopotentiometry,0.02,1800,10,610.0,0.821,0.821
Chronopotentiometry,0.02,1800,10,610.1,0.8211,0.8211
Chronopotentiometry,0.02,1800,10,610.2,0.8212,0.8212
Chronopotentiometry,0.02,1800,10,610.3,0.8211,0.8211
Chronopotentiometry,0.02,1800,10,610.4,0.8212,0.8212
Chronopotentiometry,0.02,1800,10,610.5,0.8212,0.8212
Chronopotentiometry,0.02,1800,10,610.6,0.8212,0.8212
Chronopotentiometry,0.02,1800,10,610.7,0.8211,0.8211
Chronopotentiometry,0.02,1800,10,610.8,0.8212,0.8212
Chronopotentiometry,0.02,1800,10,610.9,0.821,0.821
Chronopotentiometry,0.02,1800,10,611.0,0.8211,0.8211
Chronopotentiometry,0.02,1800,10,611.1,0.8211,0.8211
Chronopotentiometry,0.02,1800,10,611.2,0.8212,0.8212
Chronopotentiometry,0.02,1800,10,611.3,0.8212,0.8212
Chronopotentiometry,0.02,1800,10,611.4,0.8212,0.8212
Chronopotentiometry,0.02,1800,10,611.5,0.8212,0.8212
Chronopotentiometry,0.02,1800,10,611.6,0.8212,0.8212
Chronopotentiometry,0.02,1800,10,611.7,0.8212,0.8212
Chronopotentiometry,0.02,1800,10,611.8,0.8212,0.8212
Chronopotentiometry,0.02,1800,10,611.9,0.8212,0.8212
Chronopotentiometry,0.02,1800,10,612.0,0.8212,0.8212
Chronopotentiometry,0.02,1800,10,612.1,0.8212,0.8212
Chronopotentiometry,0.02,1800,10,612.2,0.8213,0.8213
Chronopotentiometry,0.02,1800,10,612.3,0.8213,0.8213
Chronopotentiometry,0.02,1800,10,612.4,0.8213,0.8213
Chronopotentiometry,0.02,1800,10,612.5,0.8213,0.8213
Chronopotentiometry,0.02,1800,10,612.6,0.8213,0.8213
Chronopotentiometry,0.02,1800,10,612.7,0.8213,0.8213
Chronopotentiometry,0.02,1800,10,612.8,0.8213,0.8213
Chronopotentiometry,0.02,1800,10,612.9,0.8212,0.8212
Chronopotentiometry,0.02,1800,10,613.0,0.8212,0.8212
Chronopotentiometry,0.02,1800,10,613.1,0.8213,0.8213
Chronopotentiometry,0.02,1800,10,613.2,0.8213,0.8213
Chronopotentiometry,0.02,1800,10,613.3,0.8213,0.8213
Chronopotentiometry,0.02,1800,10,613.4,0.8213,0.8213
Chronopotentiometry,0.02,1800,10,613.5,0.8213,0.8213
Chronopotentiometry,0.02,1800,10,613.6,0.8213,0.8213
Chronopotentiometry,0.02,1800,10,613.7,0.8213,0.8213
Chronopotentiometry,0.02,1800,10,613.8,0.8213,0.8213
Chronopotentiometry,0.02,1800,10,613.9,0.8213,0.8213
Chronopotentiometry,0.02,1800,10,614.0,0.8213,0.8213
Chronopotentiometry,0.02,1800,10,614.1,0.8213,0.8213
Chronopotentiometry,0.02,1800,10,614.2,0.8214,0.8214
Chronopotentiometry,0.02,1800,10,614.3,0.8214,0.8214
Chronopotentiometry,0.02,1800,10,614.4,0.8214,0.8214
Chronopotentiometry,0.02,1800,10,614.5,0.8214,0.8214
Chronopotentiometry,0.02,1800,10,614.6,0.8213,0.8213
Chronopotentiometry,0.02,1800,10,614.7,0.8214,0.8214
Chronopotentiometry,0.02,1800,10,614.8,0.8214,0.8214
Chronopotentiometry,0.02,1800,10,614.9,0.8215,0.8215
Chronopotentiometry,0.02,1800,10,615.0,0.8215,0.8215
Chronopotentiometry,0.02,1800,10,615.1,0.8214,0.8214
Chronopotentiometry,0.02,1800,10,615.2,0.8214,0.8214
Chronopotentiometry,0.02,1800,10,615.3,0.8214,0.8214
Chronopotentiometry,0.02,1800,10,615.4,0.8215,0.8215
Chronopotentiometry,0.02,1800,10,615.5,0.8215,0.8215
Chronopotentiometry,0.02,1800,10,615.6,0.8214,0.8214
Chronopotentiometry,0.02,1800,10,615.7,0.8215,0.8215
Chronopotentiometry,0.02,1800,10,615.8,0.8215,0.8215
Chronopotentiometry,0.02,1800,10,615.9,0.8215,0.8215
Chronopotentiometry,0.02,1800,10,616.0,0.8215,0.8215
Chronopotentiometry,0.02,1800,10,616.1,0.8215,0.8215
Chronopotentiometry,0.02,1800,10,616.2,0.8215,0.8215
Chronopotentiometry,0.02,1800,10,616.3,0.8215,0.8215
Chronopotentiometry,0.02,1800,10,616.4,0.8215,0.8215
Chronopotentiometry,0.02,1800,10,616.5,0.8214,0.8214
Chronopotentiometry,0.02,1800,10,616.6,0.8214,0.8214
Chronopotentiometry,0.02,1800,10,616.7,0.8214,0.8214
Chronopotentiometry,0.02,1800,10,616.8,0.8214,0.8214
Chronopotentiometry,0.02,1800,10,616.9,0.8214,0.8214
Chronopotentiometry,0.02,1800,10,617.0,0.8214,0.8214
Chronopotentiometry,0.02,1800,10,617.1,0.8214,0.8214
Chronopotentiometry,0.02,1800,10,617.2,0.8214,0.8214
Chronopotentiometry,0.02,1800,10,617.3,0.8213,0.8213
Chronopotentiometry,0.02,1800,10,617.4,0.8214,0.8214
Chronopotentiometry,0.02,1800,10,617.5,0.8214,0.8214
Chronopotentiometry,0.02,1800,10,617.6,0.8215,0.8215
Chronopotentiometry,0.02,1800,10,617.7,0.8214,0.8214
Chronopotentiometry,0.02,1800,10,617.8,0.8215,0.8215
Chronopotentiometry,0.02,1800,10,617.9,0.8214,0.8214
Chronopotentiometry,0.02,1800,10,618.0,0.8214,0.8214
Chronopotentiometry,0.02,1800,10,618.1,0.8214,0.8214
Chronopotentiometry,0.02,1800,10,618.2,0.8214,0.8214
Chronopotentiometry,0.02,1800,10,618.3,0.8215,0.8215
Chronopotentiometry,0.02,1800,10,618.4,0.8215,0.8215
Chronopotentiometry,0.02,1800,10,618.5,0.8214,0.8214
Chronopotentiometry,0.02,1800,10,618.6,0.8215,0.8215
Chronopotentiometry,0.02,1800,10,618.7,0.8215,0.8215
Chronopotentiometry,0.02,1800,10,618.8,0.8215,0.8215
Chronopotentiometry,0.02,1800,10,618.9,0.8215,0.8215
Chronopotentiometry,0.02,1800,10,619.0,0.8215,0.8215
Chronopotentiometry,0.02,1800,10,619.1,0.8215,0.8215
Chronopotentiometry,0.02,1800,10,619.2,0.8214,0.8214
Chronopotentiometry,0.02,1800,10,619.3,0.8215,0.8215
Chronopotentiometry,0.02,1800,10,619.4,0.8215,0.8215
Chronopotentiometry,0.02,1800,10,619.5,0.8215,0.8215
Chronopotentiometry,0.02,1800,10,619.6,0.8214,0.8214
Chronopotentiometry,0.02,1800,10,619.7,0.8214,0.8214
Chronopotentiometry,0.02,1800,10,619.8,0.8215,0.8215
Chronopotentiometry,0.02,1800,10,619.9,0.8214,0.8214
Chronopotentiometry,0.02,1800,10,620.0,0.8215,0.8215
Chronopotentiometry,0.02,1800,10,620.1,0.8215,0.8215
Chronopotentiometry,0.02,1800,10,620.2,0.8215,0.8215
Chronopotentiometry,0.02,1800,10,620.3,0.8215,0.8215
Chronopotentiometry,0.02,1800,10,620.4,0.8216,0.8216
Chronopotentiometry,0.02,1800,10,620.5,0.8216,0.8216
Chronopotentiometry,0.02,1800,10,620.6,0.8215,0.8215
Chronopotentiometry,0.02,1800,10,620.7,0.8216,0.8216
Chronopotentiometry,0.02,1800,10,620.8,0.8216,0.8216
Chronopotentiometry,0.02,1800,10,620.9,0.8216,0.8216
Chronopotentiometry,0.02,1800,10,621.0,0.8216,0.8216
Chronopotentiometry,0.02,1800,10,621.1,0.8215,0.8215
Chronopotentiometry,0.02,1800,10,621.2,0.8216,0.8216
Chronopotentiometry,0.02,1800,10,621.3,0.8217,0.8217
Chronopotentiometry,0.02,1800,10,621.4,0.8216,0.8216
Chronopotentiometry,0.02,1800,10,621.5,0.8216,0.8216
Chronopotentiometry,0.02,1800,10,621.6,0.8217,0.8217
Chronopotentiometry,0.02,1800,10,621.7,0.8217,0.8217
Chronopotentiometry,0.02,1800,10,621.8,0.8217,0.8217
Chronopotentiometry,0.02,1800,10,621.9,0.8217,0.8217
Chronopotentiometry,0.02,1800,10,622.0,0.8218,0.8218
Chronopotentiometry,0.02,1800,10,622.1,0.8217,0.8217
Chronopotentiometry,0.02,1800,10,622.2,0.8217,0.8217
Chronopotentiometry,0.02,1800,10,622.3,0.8218,0.8218
Chronopotentiometry,0.02,1800,10,622.4,0.8218,0.8218
Chronopotentiometry,0.02,1800,10,622.5,0.8217,0.8217
Chronopotentiometry,0.02,1800,10,622.6,0.8218,0.8218
Chronopotentiometry,0.02,1800,10,622.7,0.8218,0.8218
Chronopotentiometry,0.02,1800,10,622.8,0.8218,0.8218
Chronopotentiometry,0.02,1800,10,622.9,0.8218,0.8218
Chronopotentiometry,0.02,1800,10,623.0,0.8218,0.8218
Chronopotentiometry,0.02,1800,10,623.1,0.8218,0.8218
Chronopotentiometry,0.02,1800,10,623.2,0.8218,0.8218
Chronopotentiometry,0.02,1800,10,623.3,0.8217,0.8217
Chronopotentiometry,0.02,1800,10,623.4,0.8217,0.8217
Chronopotentiometry,0.02,1800,10,623.5,0.8217,0.8217
Chronopotentiometry,0.02,1800,10,623.6,0.8217,0.8217
Chronopotentiometry,0.02,1800,10,623.7,0.8218,0.8218
Chronopotentiometry,0.02,1800,10,623.8,0.8218,0.8218
Chronopotentiometry,0.02,1800,10,623.9,0.8218,0.8218
Chronopotentiometry,0.02,1800,10,624.0,0.8218,0.8218
Chronopotentiometry,0.02,1800,10,624.1,0.8217,0.8217
Chronopotentiometry,0.02,1800,10,624.2,0.8218,0.8218
Chronopotentiometry,0.02,1800,10,624.3,0.8218,0.8218
Chronopotentiometry,0.02,1800,10,624.4,0.8218,0.8218
Chronopotentiometry,0.02,1800,10,624.5,0.8218,0.8218
Chronopotentiometry,0.02,1800,10,624.6,0.8218,0.8218
Chronopotentiometry,0.02,1800,10,624.7,0.8218,0.8218
Chronopotentiometry,0.02,1800,10,624.8,0.8218,0.8218
Chronopotentiometry,0.02,1800,10,624.9,0.8219,0.8219
Chronopotentiometry,0.02,1800,10,625.0,0.8219,0.8219
Chronopotentiometry,0.02,1800,10,625.1,0.8219,0.8219
Chronopotentiometry,0.02,1800,10,625.2,0.8219,0.8219
Chronopotentiometry,0.02,1800,10,625.3,0.8219,0.8219
Chronopotentiometry,0.02,1800,10,625.4,0.8219,0.8219
Chronopotentiometry,0.02,1800,10,625.5,0.8219,0.8219
Chronopotentiometry,0.02,1800,10,625.6,0.822,0.822
Chronopotentiometry,0.02,1800,10,625.7,0.8219,0.8219
Chronopotentiometry,0.02,1800,10,625.8,0.8219,0.8219
Chronopotentiometry,0.02,1800,10,625.9,0.8219,0.8219
Chronopotentiometry,0.02,1800,10,626.0,0.8219,0.8219
Chronopotentiometry,0.02,1800,10,626.1,0.8219,0.8219
Chronopotentiometry,0.02,1800,10,626.2,0.8219,0.8219
Chronopotentiometry,0.02,1800,10,626.3,0.8219,0.8219
Chronopotentiometry,0.02,1800,10,626.4,0.8219,0.8219
Chronopotentiometry,0.02,1800,10,626.5,0.822,0.822
Chronopotentiometry,0.02,1800,10,626.6,0.822,0.822
Chronopotentiometry,0.02,1800,10,626.7,0.8219,0.8219
Chronopotentiometry,0.02,1800,10,626.8,0.8218,0.8218
Chronopotentiometry,0.02,1800,10,626.9,0.8218,0.8218
Chronopotentiometry,0.02,1800,10,627.0,0.8219,0.8219
Chronopotentiometry,0.02,1800,10,627.1,0.8219,0.8219
Chronopotentiometry,0.02,1800,10,627.2,0.8219,0.8219
Chronopotentiometry,0.02,1800,10,627.3,0.8218,0.8218
Chronopotentiometry,0.02,1800,10,627.4,0.8219,0.8219
Chronopotentiometry,0.02,1800,10,627.5,0.8219,0.8219
Chronopotentiometry,0.02,1800,10,627.6,0.822,0.822
Chronopotentiometry,0.02,1800,10,627.7,0.822,0.822
Chronopotentiometry,0.02,1800,10,627.8,0.822,0.822
Chronopotentiometry,0.02,1800,10,627.9,0.822,0.822
Chronopotentiometry,0.02,1800,10,628.0,0.8221,0.8221
Chronopotentiometry,0.02,1800,10,628.1,0.8221,0.8221
Chronopotentiometry,0.02,1800,10,628.2,0.8221,0.8221
Chronopotentiometry,0.02,1800,10,628.3,0.8221,0.8221
Chronopotentiometry,0.02,1800,10,628.4,0.822,0.822
Chronopotentiometry,0.02,1800,10,628.5,0.822,0.822
Chronopotentiometry,0.02,1800,10,628.6,0.8221,0.8221
Chronopotentiometry,0.02,1800,10,628.7,0.8221,0.8221
Chronopotentiometry,0.02,1800,10,628.8,0.8221,0.8221
Chronopotentiometry,0.02,1800,10,628.9,0.8221,0.8221
Chronopotentiometry,0.02,1800,10,629.0,0.8222,0.8222
Chronopotentiometry,0.02,1800,10,629.1,0.8221,0.8221
Chronopotentiometry,0.02,1800,10,629.2,0.8221,0.8221
Chronopotentiometry,0.02,1800,10,629.3,0.8222,0.8222
Chronopotentiometry,0.02,1800,10,629.4,0.8222,0.8222
Chronopotentiometry,0.02,1800,10,629.5,0.8222,0.8222
Chronopotentiometry,0.02,1800,10,629.6,0.8221,0.8221
Chronopotentiometry,0.02,1800,10,629.7,0.8222,0.8222
Chronopotentiometry,0.02,1800,10,629.8,0.8222,0.8222
Chronopotentiometry,0.02,1800,10,629.9,0.8221,0.8221
Chronopotentiometry,0.02,1800,10,630.0,0.8221,0.8221
Chronopotentiometry,0.02,1800,10,630.1,0.8222,0.8222
Chronopotentiometry,0.02,1800,10,630.2,0.8222,0.8222
Chronopotentiometry,0.02,1800,10,630.3,0.8221,0.8221
Chronopotentiometry,0.02,1800,10,630.4,0.822,0.822
Chronopotentiometry,0.02,1800,10,630.5,0.822,0.822
Chronopotentiometry,0.02,1800,10,630.6,0.8221,0.8221
Chronopotentiometry,0.02,1800,10,630.7,0.8222,0.8222
Chronopotentiometry,0.02,1800,10,630.8,0.8222,0.8222
Chronopotentiometry,0.02,1800,10,630.9,0.8222,0.8222
Chronopotentiometry,0.02,1800,10,631.0,0.8222,0.8222
Chronopotentiometry,0.02,1800,10,631.1,0.8223,0.8223
Chronopotentiometry,0.02,1800,10,631.2,0.8222,0.8222
Chronopotentiometry,0.02,1800,10,631.3,0.8222,0.8222
Chronopotentiometry,0.02,1800,10,631.4,0.8222,0.8222
Chronopotentiometry,0.02,1800,10,631.5,0.8222,0.8222
Chronopotentiometry,0.02,1800,10,631.6,0.8223,0.8223
Chronopotentiometry,0.02,1800,10,631.7,0.8223,0.8223
Chronopotentiometry,0.02,1800,10,631.8,0.8223,0.8223
Chronopotentiometry,0.02,1800,10,631.9,0.8222,0.8222
Chronopotentiometry,0.02,1800,10,632.0,0.8223,0.8223
Chronopotentiometry,0.02,1800,10,632.1,0.8223,0.8223
Chronopotentiometry,0.02,1800,10,632.2,0.8224,0.8224
Chronopotentiometry,0.02,1800,10,632.3,0.8223,0.8223
Chronopotentiometry,0.02,1800,10,632.4,0.8223,0.8223
Chronopotentiometry,0.02,1800,10,632.5,0.8223,0.8223
Chronopotentiometry,0.02,1800,10,632.6,0.8223,0.8223
Chronopotentiometry,0.02,1800,10,632.7,0.8224,0.8224
Chronopotentiometry,0.02,1800,10,632.8,0.8224,0.8224
Chronopotentiometry,0.02,1800,10,632.9,0.8223,0.8223
Chronopotentiometry,0.02,1800,10,633.0,0.8224,0.8224
Chronopotentiometry,0.02,1800,10,633.1,0.8224,0.8224
Chronopotentiometry,0.02,1800,10,633.2,0.8224,0.8224
Chronopotentiometry,0.02,1800,10,633.3,0.8224,0.8224
Chronopotentiometry,0.02,1800,10,633.4,0.8224,0.8224
Chronopotentiometry,0.02,1800,10,633.5,0.8224,0.8224
Chronopotentiometry,0.02,1800,10,633.6,0.8224,0.8224
Chronopotentiometry,0.02,1800,10,633.7,0.8223,0.8223
Chronopotentiometry,0.02,1800,10,633.8,0.8223,0.8223
Chronopotentiometry,0.02,1800,10,633.9,0.8222,0.8222
Chronopotentiometry,0.02,1800,10,634.0,0.8223,0.8223
Chronopotentiometry,0.02,1800,10,634.1,0.8223,0.8223
Chronopotentiometry,0.02,1800,10,634.2,0.8223,0.8223
Chronopotentiometry,0.02,1800,10,634.3,0.8224,0.8224
Chronopotentiometry,0.02,1800,10,634.4,0.8224,0.8224
Chronopotentiometry,0.02,1800,10,634.5,0.8223,0.8223
Chronopotentiometry,0.02,1800,10,634.6,0.8224,0.8224
Chronopotentiometry,0.02,1800,10,634.7,0.8224,0.8224
Chronopotentiometry,0.02,1800,10,634.8,0.8224,0.8224
Chronopotentiometry,0.02,1800,10,634.9,0.8224,0.8224
Chronopotentiometry,0.02,1800,10,635.0,0.8224,0.8224
Chronopotentiometry,0.02,1800,10,635.1,0.8224,0.8224
Chronopotentiometry,0.02,1800,10,635.2,0.8224,0.8224
Chronopotentiometry,0.02,1800,10,635.3,0.8224,0.8224
Chronopotentiometry,0.02,1800,10,635.4,0.8225,0.8225
Chronopotentiometry,0.02,1800,10,635.5,0.8224,0.8224
Chronopotentiometry,0.02,1800,10,635.6,0.8224,0.8224
Chronopotentiometry,0.02,1800,10,635.7,0.8224,0.8224
Chronopotentiometry,0.02,1800,10,635.8,0.8224,0.8224
Chronopotentiometry,0.02,1800,10,635.9,0.8224,0.8224
Chronopotentiometry,0.02,1800,10,636.0,0.8223,0.8223
Chronopotentiometry,0.02,1800,10,636.1,0.8224,0.8224
Chronopotentiometry,0.02,1800,10,636.2,0.8224,0.8224
Chronopotentiometry,0.02,1800,10,636.3,0.8224,0.8224
Chronopotentiometry,0.02,1800,10,636.4,0.8223,0.8223
Chronopotentiometry,0.02,1800,10,636.5,0.8223,0.8223
Chronopotentiometry,0.02,1800,10,636.6,0.8224,0.8224
Chronopotentiometry,0.02,1800,10,636.7,0.8224,0.8224
Chronopotentiometry,0.02,1800,10,636.8,0.8224,0.8224
Chronopotentiometry,0.02,1800,10,636.9,0.8224,0.8224
Chronopotentiometry,0.02,1800,10,637.0,0.8223,0.8223
Chronopotentiometry,0.02,1800,10,637.1,0.8223,0.8223
Chronopotentiometry,0.02,1800,10,637.2,0.8224,0.8224
Chronopotentiometry,0.02,1800,10,637.3,0.8224,0.8224
Chronopotentiometry,0.02,1800,10,637.4,0.8224,0.8224
Chronopotentiometry,0.02,1800,10,637.5,0.8224,0.8224
Chronopotentiometry,0.02,1800,10,637.6,0.8224,0.8224
Chronopotentiometry,0.02,1800,10,637.7,0.8224,0.8224
Chronopotentiometry,0.02,1800,10,637.8,0.8225,0.8225
Chronopotentiometry,0.02,1800,10,637.9,0.8225,0.8225
Chronopotentiometry,0.02,1800,10,638.0,0.8224,0.8224
Chronopotentiometry,0.02,1800,10,638.1,0.8222,0.8222
Chronopotentiometry,0.02,1800,10,638.2,0.8223,0.8223
Chronopotentiometry,0.02,1800,10,638.3,0.8223,0.8223
Chronopotentiometry,0.02,1800,10,638.4,0.8223,0.8223
Chronopotentiometry,0.02,1800,10,638.5,0.8223,0.8223
Chronopotentiometry,0.02,1800,10,638.6,0.8224,0.8224
Chronopotentiometry,0.02,1800,10,638.7,0.8224,0.8224
Chronopotentiometry,0.02,1800,10,638.8,0.8224,0.8224
Chronopotentiometry,0.02,1800,10,638.9,0.8223,0.8223
Chronopotentiometry,0.02,1800,10,639.0,0.8223,0.8223
Chronopotentiometry,0.02,1800,10,639.1,0.8223,0.8223
Chronopotentiometry,0.02,1800,10,639.2,0.8224,0.8224
Chronopotentiometry,0.02,1800,10,639.3,0.8225,0.8225
Chronopotentiometry,0.02,1800,10,639.4,0.8224,0.8224
Chronopotentiometry,0.02,1800,10,639.5,0.8224,0.8224
Chronopotentiometry,0.02,1800,10,639.6,0.8224,0.8224
Chronopotentiometry,0.02,1800,10,639.7,0.8224,0.8224
Chronopotentiometry,0.02,1800,10,639.8,0.8224,0.8224
Chronopotentiometry,0.02,1800,10,639.9,0.8225,0.8225
Chronopotentiometry,0.02,1800,10,640.0,0.8224,0.8224
Chronopotentiometry,0.02,1800,10,640.1,0.8224,0.8224
Chronopotentiometry,0.02,1800,10,640.2,0.8223,0.8223
Chronopotentiometry,0.02,1800,10,640.3,0.8224,0.8224
Chronopotentiometry,0.02,1800,10,640.4,0.8224,0.8224
Chronopotentiometry,0.02,1800,10,640.5,0.8225,0.8225
Chronopotentiometry,0.02,1800,10,640.6,0.8224,0.8224
Chronopotentiometry,0.02,1800,10,640.7,0.8225,0.8225
Chronopotentiometry,0.02,1800,10,640.8,0.8224,0.8224
Chronopotentiometry,0.02,1800,10,640.9,0.8225,0.8225
Chronopotentiometry,0.02,1800,10,641.0,0.8224,0.8224
Chronopotentiometry,0.02,1800,10,641.1,0.8224,0.8224
Chronopotentiometry,0.02,1800,10,641.2,0.8224,0.8224
Chronopotentiometry,0.02,1800,10,641.3,0.8225,0.8225
Chronopotentiometry,0.02,1800,10,641.4,0.8225,0.8225
Chronopotentiometry,0.02,1800,10,641.5,0.8226,0.8226
Chronopotentiometry,0.02,1800,10,641.6,0.8225,0.8225
Chronopotentiometry,0.02,1800,10,641.7,0.8225,0.8225
Chronopotentiometry,0.02,1800,10,641.8,0.8225,0.8225
Chronopotentiometry,0.02,1800,10,641.9,0.8224,0.8224
Chronopotentiometry,0.02,1800,10,642.0,0.8224,0.8224
Chronopotentiometry,0.02,1800,10,642.1,0.8224,0.8224
Chronopotentiometry,0.02,1800,10,642.2,0.8225,0.8225
Chronopotentiometry,0.02,1800,10,642.3,0.8225,0.8225
Chronopotentiometry,0.02,1800,10,642.4,0.8225,0.8225
Chronopotentiometry,0.02,1800,10,642.5,0.8225,0.8225
Chronopotentiometry,0.02,1800,10,642.6,0.8226,0.8226
Chronopotentiometry,0.02,1800,10,642.7,0.8226,0.8226
Chronopotentiometry,0.02,1800,10,642.8,0.8225,0.8225
Chronopotentiometry,0.02,1800,10,642.9,0.8225,0.8225
Chronopotentiometry,0.02,1800,10,643.0,0.8226,0.8226
Chronopotentiometry,0.02,1800,10,643.1,0.8226,0.8226
Chronopotentiometry,0.02,1800,10,643.2,0.8226,0.8226
Chronopotentiometry,0.02,1800,10,643.3,0.8226,0.8226
Chronopotentiometry,0.02,1800,10,643.4,0.8225,0.8225
Chronopotentiometry,0.02,1800,10,643.5,0.8226,0.8226
Chronopotentiometry,0.02,1800,10,643.6,0.8226,0.8226
Chronopotentiometry,0.02,1800,10,643.7,0.8226,0.8226
Chronopotentiometry,0.02,1800,10,643.8,0.8226,0.8226
Chronopotentiometry,0.02,1800,10,643.9,0.8226,0.8226
Chronopotentiometry,0.02,1800,10,644.0,0.8225,0.8225
Chronopotentiometry,0.02,1800,10,644.1,0.8225,0.8225
Chronopotentiometry,0.02,1800,10,644.2,0.8225,0.8225
Chronopotentiometry,0.02,1800,10,644.3,0.8225,0.8225
Chronopotentiometry,0.02,1800,10,644.4,0.8226,0.8226
Chronopotentiometry,0.02,1800,10,644.5,0.8226,0.8226
Chronopotentiometry,0.02,1800,10,644.6,0.8226,0.8226
Chronopotentiometry,0.02,1800,10,644.7,0.8227,0.8227
Chronopotentiometry,0.02,1800,10,644.8,0.8226,0.8226
Chronopotentiometry,0.02,1800,10,644.9,0.8226,0.8226
Chronopotentiometry,0.02,1800,10,645.0,0.8227,0.8227
Chronopotentiometry,0.02,1800,10,645.1,0.8226,0.8226
Chronopotentiometry,0.02,1800,10,645.2,0.8227,0.8227
Chronopotentiometry,0.02,1800,10,645.3,0.8227,0.8227
Chronopotentiometry,0.02,1800,10,645.4,0.8227,0.8227
Chronopotentiometry,0.02,1800,10,645.5,0.8227,0.8227
Chronopotentiometry,0.02,1800,10,645.6,0.8227,0.8227
Chronopotentiometry,0.02,1800,10,645.7,0.8228,0.8228
Chronopotentiometry,0.02,1800,10,645.8,0.8228,0.8228
Chronopotentiometry,0.02,1800,10,645.9,0.8228,0.8228
Chronopotentiometry,0.02,1800,10,646.0,0.8228,0.8228
Chronopotentiometry,0.02,1800,10,646.1,0.8228,0.8228
Chronopotentiometry,0.02,1800,10,646.2,0.8228,0.8228
Chronopotentiometry,0.02,1800,10,646.3,0.8227,0.8227
Chronopotentiometry,0.02,1800,10,646.4,0.8228,0.8228
Chronopotentiometry,0.02,1800,10,646.5,0.8228,0.8228
Chronopotentiometry,0.02,1800,10,646.6,0.8227,0.8227
Chronopotentiometry,0.02,1800,10,646.7,0.8228,0.8228
Chronopotentiometry,0.02,1800,10,646.8,0.8228,0.8228
Chronopotentiometry,0.02,1800,10,646.9,0.8228,0.8228
Chronopotentiometry,0.02,1800,10,647.0,0.8228,0.8228
Chronopotentiometry,0.02,1800,10,647.1,0.8229,0.8229
Chronopotentiometry,0.02,1800,10,647.2,0.8227,0.8227
Chronopotentiometry,0.02,1800,10,647.3,0.8227,0.8227
Chronopotentiometry,0.02,1800,10,647.4,0.8228,0.8228
Chronopotentiometry,0.02,1800,10,647.5,0.8228,0.8228
Chronopotentiometry,0.02,1800,10,647.6,0.8227,0.8227
Chronopotentiometry,0.02,1800,10,647.7,0.8227,0.8227
Chronopotentiometry,0.02,1800,10,647.8,0.8228,0.8228
Chronopotentiometry,0.02,1800,10,647.9,0.8228,0.8228
Chronopotentiometry,0.02,1800,10,648.0,0.8228,0.8228
Chronopotentiometry,0.02,1800,10,648.1,0.8229,0.8229
Chronopotentiometry,0.02,1800,10,648.2,0.8229,0.8229
Chronopotentiometry,0.02,1800,10,648.3,0.8229,0.8229
Chronopotentiometry,0.02,1800,10,648.4,0.8229,0.8229
Chronopotentiometry,0.02,1800,10,648.5,0.8229,0.8229
Chronopotentiometry,0.02,1800,10,648.6,0.8229,0.8229
Chronopotentiometry,0.02,1800,10,648.7,0.8229,0.8229
Chronopotentiometry,0.02,1800,10,648.8,0.8229,0.8229
Chronopotentiometry,0.02,1800,10,648.9,0.8229,0.8229
Chronopotentiometry,0.02,1800,10,649.0,0.823,0.823
Chronopotentiometry,0.02,1800,10,649.1,0.823,0.823
Chronopotentiometry,0.02,1800,10,649.2,0.8229,0.8229
Chronopotentiometry,0.02,1800,10,649.3,0.8229,0.8229
Chronopotentiometry,0.02,1800,10,649.4,0.823,0.823
Chronopotentiometry,0.02,1800,10,649.5,0.823,0.823
Chronopotentiometry,0.02,1800,10,649.6,0.8229,0.8229
Chronopotentiometry,0.02,1800,10,649.7,0.8229,0.8229
Chronopotentiometry,0.02,1800,10,649.8,0.8229,0.8229
Chronopotentiometry,0.02,1800,10,649.9,0.823,0.823
Chronopotentiometry,0.02,1800,10,650.0,0.823,0.823
Chronopotentiometry,0.02,1800,10,650.1,0.823,0.823
Chronopotentiometry,0.02,1800,10,650.2,0.823,0.823
Chronopotentiometry,0.02,1800,10,650.3,0.8229,0.8229
Chronopotentiometry,0.02,1800,10,650.4,0.8229,0.8229
Chronopotentiometry,0.02,1800,10,650.5,0.8229,0.8229
Chronopotentiometry,0.02,1800,10,650.6,0.8229,0.8229
Chronopotentiometry,0.02,1800,10,650.7,0.8229,0.8229
Chronopotentiometry,0.02,1800,10,650.8,0.8229,0.8229
Chronopotentiometry,0.02,1800,10,650.9,0.823,0.823
Chronopotentiometry,0.02,1800,10,651.0,0.8229,0.8229
Chronopotentiometry,0.02,1800,10,651.1,0.8229,0.8229
Chronopotentiometry,0.02,1800,10,651.2,0.823,0.823
Chronopotentiometry,0.02,1800,10,651.3,0.823,0.823
Chronopotentiometry,0.02,1800,10,651.4,0.823,0.823
Chronopotentiometry,0.02,1800,10,651.5,0.823,0.823
Chronopotentiometry,0.02,1800,10,651.6,0.823,0.823
Chronopotentiometry,0.02,1800,10,651.7,0.823,0.823
Chronopotentiometry,0.02,1800,10,651.8,0.823,0.823
Chronopotentiometry,0.02,1800,10,651.9,0.823,0.823
Chronopotentiometry,0.02,1800,10,652.0,0.823,0.823
Chronopotentiometry,0.02,1800,10,652.1,0.8231,0.8231
Chronopotentiometry,0.02,1800,10,652.2,0.823,0.823
Chronopotentiometry,0.02,1800,10,652.3,0.823,0.823
Chronopotentiometry,0.02,1800,10,652.4,0.823,0.823
Chronopotentiometry,0.02,1800,10,652.5,0.8231,0.8231
Chronopotentiometry,0.02,1800,10,652.6,0.823,0.823
Chronopotentiometry,0.02,1800,10,652.7,0.823,0.823
Chronopotentiometry,0.02,1800,10,652.8,0.8231,0.8231
Chronopotentiometry,0.02,1800,10,652.9,0.823,0.823
Chronopotentiometry,0.02,1800,10,653.0,0.8231,0.8231
Chronopotentiometry,0.02,1800,10,653.1,0.8231,0.8231
Chronopotentiometry,0.02,1800,10,653.2,0.8231,0.8231
Chronopotentiometry,0.02,1800,10,653.3,0.8232,0.8232
Chronopotentiometry,0.02,1800,10,653.4,0.8231,0.8231
Chronopotentiometry,0.02,1800,10,653.5,0.823,0.823
Chronopotentiometry,0.02,1800,10,653.6,0.8231,0.8231
Chronopotentiometry,0.02,1800,10,653.7,0.8231,0.8231
Chronopotentiometry,0.02,1800,10,653.8,0.8231,0.8231
Chronopotentiometry,0.02,1800,10,653.9,0.8231,0.8231
Chronopotentiometry,0.02,1800,10,654.0,0.8231,0.8231
Chronopotentiometry,0.02,1800,10,654.1,0.8231,0.8231
Chronopotentiometry,0.02,1800,10,654.2,0.8231,0.8231
Chronopotentiometry,0.02,1800,10,654.3,0.8231,0.8231
Chronopotentiometry,0.02,1800,10,654.4,0.8232,0.8232
Chronopotentiometry,0.02,1800,10,654.5,0.8231,0.8231
Chronopotentiometry,0.02,1800,10,654.6,0.8231,0.8231
Chronopotentiometry,0.02,1800,10,654.7,0.8232,0.8232
Chronopotentiometry,0.02,1800,10,654.8,0.8231,0.8231
Chronopotentiometry,0.02,1800,10,654.9,0.8231,0.8231
Chronopotentiometry,0.02,1800,10,655.0,0.8231,0.8231
Chronopotentiometry,0.02,1800,10,655.1,0.8231,0.8231
Chronopotentiometry,0.02,1800,10,655.2,0.8232,0.8232
Chronopotentiometry,0.02,1800,10,655.3,0.8231,0.8231
Chronopotentiometry,0.02,1800,10,655.4,0.8231,0.8231
Chronopotentiometry,0.02,1800,10,655.5,0.8231,0.8231
Chronopotentiometry,0.02,1800,10,655.6,0.8231,0.8231
Chronopotentiometry,0.02,1800,10,655.7,0.823,0.823
Chronopotentiometry,0.02,1800,10,655.8,0.823,0.823
Chronopotentiometry,0.02,1800,10,655.9,0.8231,0.8231
Chronopotentiometry,0.02,1800,10,656.0,0.8231,0.8231
Chronopotentiometry,0.02,1800,10,656.1,0.823,0.823
Chronopotentiometry,0.02,1800,10,656.2,0.823,0.823
Chronopotentiometry,0.02,1800,10,656.3,0.8231,0.8231
Chronopotentiometry,0.02,1800,10,656.4,0.8231,0.8231
Chronopotentiometry,0.02,1800,10,656.5,0.8232,0.8232
Chronopotentiometry,0.02,1800,10,656.6,0.8231,0.8231
Chronopotentiometry,0.02,1800,10,656.7,0.8231,0.8231
Chronopotentiometry,0.02,1800,10,656.8,0.8232,0.8232
Chronopotentiometry,0.02,1800,10,656.9,0.8231,0.8231
Chronopotentiometry,0.02,1800,10,657.0,0.8231,0.8231
Chronopotentiometry,0.02,1800,10,657.1,0.8232,0.8232
Chronopotentiometry,0.02,1800,10,657.2,0.8232,0.8232
Chronopotentiometry,0.02,1800,10,657.3,0.8231,0.8231
Chronopotentiometry,0.02,1800,10,657.4,0.8231,0.8231
Chronopotentiometry,0.02,1800,10,657.5,0.8232,0.8232
Chronopotentiometry,0.02,1800,10,657.6,0.8232,0.8232
Chronopotentiometry,0.02,1800,10,657.7,0.8233,0.8233
Chronopotentiometry,0.02,1800,10,657.8,0.8233,0.8233
Chronopotentiometry,0.02,1800,10,657.9,0.8232,0.8232
Chronopotentiometry,0.02,1800,10,658.0,0.8232,0.8232
Chronopotentiometry,0.02,1800,10,658.1,0.8232,0.8232
Chronopotentiometry,0.02,1800,10,658.2,0.8233,0.8233
Chronopotentiometry,0.02,1800,10,658.3,0.8233,0.8233
Chronopotentiometry,0.02,1800,10,658.4,0.8233,0.8233
Chronopotentiometry,0.02,1800,10,658.5,0.8232,0.8232
Chronopotentiometry,0.02,1800,10,658.6,0.8233,0.8233
Chronopotentiometry,0.02,1800,10,658.7,0.8234,0.8234
Chronopotentiometry,0.02,1800,10,658.8,0.8234,0.8234
Chronopotentiometry,0.02,1800,10,658.9,0.8233,0.8233
Chronopotentiometry,0.02,1800,10,659.0,0.8233,0.8233
Chronopotentiometry,0.02,1800,10,659.1,0.8233,0.8233
Chronopotentiometry,0.02,1800,10,659.2,0.8233,0.8233
Chronopotentiometry,0.02,1800,10,659.3,0.8233,0.8233
Chronopotentiometry,0.02,1800,10,659.4,0.8234,0.8234
Chronopotentiometry,0.02,1800,10,659.5,0.8234,0.8234
Chronopotentiometry,0.02,1800,10,659.6,0.8234,0.8234
Chronopotentiometry,0.02,1800,10,659.7,0.8234,0.8234
Chronopotentiometry,0.02,1800,10,659.8,0.8235,0.8235
Chronopotentiometry,0.02,1800,10,659.9,0.8235,0.8235
Chronopotentiometry,0.02,1800,10,660.0,0.8234,0.8234
Chronopotentiometry,0.02,1800,10,660.1,0.8234,0.8234
Chronopotentiometry,0.02,1800,10,660.2,0.8234,0.8234
Chronopotentiometry,0.02,1800,10,660.3,0.8234,0.8234
Chronopotentiometry,0.02,1800,10,660.4,0.8233,0.8233
Chronopotentiometry,0.02,1800,10,660.5,0.8234,0.8234
Chronopotentiometry,0.02,1800,10,660.6,0.8234,0.8234
Chronopotentiometry,0.02,1800,10,660.7,0.8233,0.8233
Chronopotentiometry,0.02,1800,10,660.8,0.8233,0.8233
Chronopotentiometry,0.02,1800,10,660.9,0.8233,0.8233
Chronopotentiometry,0.02,1800,10,661.0,0.8234,0.8234
Chronopotentiometry,0.02,1800,10,661.1,0.8233,0.8233
Chronopotentiometry,0.02,1800,10,661.2,0.8234,0.8234
Chronopotentiometry,0.02,1800,10,661.3,0.8234,0.8234
Chronopotentiometry,0.02,1800,10,661.4,0.8234,0.8234
Chronopotentiometry,0.02,1800,10,661.5,0.8234,0.8234
Chronopotentiometry,0.02,1800,10,661.6,0.8234,0.8234
Chronopotentiometry,0.02,1800,10,661.7,0.8235,0.8235
Chronopotentiometry,0.02,1800,10,661.8,0.8236,0.8236
Chronopotentiometry,0.02,1800,10,661.9,0.8236,0.8236
Chronopotentiometry,0.02,1800,10,662.0,0.8234,0.8234
Chronopotentiometry,0.02,1800,10,662.1,0.8234,0.8234
Chronopotentiometry,0.02,1800,10,662.2,0.8234,0.8234
Chronopotentiometry,0.02,1800,10,662.3,0.8234,0.8234
Chronopotentiometry,0.02,1800,10,662.4,0.8235,0.8235
Chronopotentiometry,0.02,1800,10,662.5,0.8235,0.8235
Chronopotentiometry,0.02,1800,10,662.6,0.8235,0.8235
Chronopotentiometry,0.02,1800,10,662.7,0.8236,0.8236
Chronopotentiometry,0.02,1800,10,662.8,0.8236,0.8236
Chronopotentiometry,0.02,1800,10,662.9,0.8236,0.8236
Chronopotentiometry,0.02,1800,10,663.0,0.8235,0.8235
Chronopotentiometry,0.02,1800,10,663.1,0.8235,0.8235
Chronopotentiometry,0.02,1800,10,663.2,0.8235,0.8235
Chronopotentiometry,0.02,1800,10,663.3,0.8236,0.8236
Chronopotentiometry,0.02,1800,10,663.4,0.8235,0.8235
Chronopotentiometry,0.02,1800,10,663.5,0.8235,0.8235
Chronopotentiometry,0.02,1800,10,663.6,0.8235,0.8235
Chronopotentiometry,0.02,1800,10,663.7,0.8235,0.8235
Chronopotentiometry,0.02,1800,10,663.8,0.8235,0.8235
Chronopotentiometry,0.02,1800,10,663.9,0.8235,0.8235
Chronopotentiometry,0.02,1800,10,664.0,0.8234,0.8234
Chronopotentiometry,0.02,1800,10,664.1,0.8234,0.8234
Chronopotentiometry,0.02,1800,10,664.2,0.8235,0.8235
Chronopotentiometry,0.02,1800,10,664.3,0.8235,0.8235
Chronopotentiometry,0.02,1800,10,664.4,0.8235,0.8235
Chronopotentiometry,0.02,1800,10,664.5,0.8235,0.8235
Chronopotentiometry,0.02,1800,10,664.6,0.8235,0.8235
Chronopotentiometry,0.02,1800,10,664.7,0.8235,0.8235
Chronopotentiometry,0.02,1800,10,664.8,0.8236,0.8236
Chronopotentiometry,0.02,1800,10,664.9,0.8236,0.8236
Chronopotentiometry,0.02,1800,10,665.0,0.8235,0.8235
Chronopotentiometry,0.02,1800,10,665.1,0.8235,0.8235
Chronopotentiometry,0.02,1800,10,665.2,0.8235,0.8235
Chronopotentiometry,0.02,1800,10,665.3,0.8236,0.8236
Chronopotentiometry,0.02,1800,10,665.4,0.8236,0.8236
Chronopotentiometry,0.02,1800,10,665.5,0.8235,0.8235
Chronopotentiometry,0.02,1800,10,665.6,0.8235,0.8235
Chronopotentiometry,0.02,1800,10,665.7,0.8235,0.8235
Chronopotentiometry,0.02,1800,10,665.8,0.8236,0.8236
Chronopotentiometry,0.02,1800,10,665.9,0.8237,0.8237
Chronopotentiometry,0.02,1800,10,666.0,0.8237,0.8237
Chronopotentiometry,0.02,1800,10,666.1,0.8237,0.8237
Chronopotentiometry,0.02,1800,10,666.2,0.8236,0.8236
Chronopotentiometry,0.02,1800,10,666.3,0.8236,0.8236
Chronopotentiometry,0.02,1800,10,666.4,0.8236,0.8236
Chronopotentiometry,0.02,1800,10,666.5,0.8237,0.8237
Chronopotentiometry,0.02,1800,10,666.6,0.8237,0.8237
Chronopotentiometry,0.02,1800,10,666.7,0.8236,0.8236
Chronopotentiometry,0.02,1800,10,666.8,0.8236,0.8236
Chronopotentiometry,0.02,1800,10,666.9,0.8236,0.8236
Chronopotentiometry,0.02,1800,10,667.0,0.8237,0.8237
Chronopotentiometry,0.02,1800,10,667.1,0.8237,0.8237
Chronopotentiometry,0.02,1800,10,667.2,0.8237,0.8237
Chronopotentiometry,0.02,1800,10,667.3,0.8237,0.8237
Chronopotentiometry,0.02,1800,10,667.4,0.8237,0.8237
Chronopotentiometry,0.02,1800,10,667.5,0.8237,0.8237
Chronopotentiometry,0.02,1800,10,667.6,0.8238,0.8238
Chronopotentiometry,0.02,1800,10,667.7,0.8237,0.8237
Chronopotentiometry,0.02,1800,10,667.8,0.8238,0.8238
Chronopotentiometry,0.02,1800,10,667.9,0.8237,0.8237
Chronopotentiometry,0.02,1800,10,668.0,0.8237,0.8237
Chronopotentiometry,0.02,1800,10,668.1,0.8237,0.8237
Chronopotentiometry,0.02,1800,10,668.2,0.8237,0.8237
Chronopotentiometry,0.02,1800,10,668.3,0.8238,0.8238
Chronopotentiometry,0.02,1800,10,668.4,0.8238,0.8238
Chronopotentiometry,0.02,1800,10,668.5,0.8237,0.8237
Chronopotentiometry,0.02,1800,10,668.6,0.8237,0.8237
Chronopotentiometry,0.02,1800,10,668.7,0.8236,0.8236
Chronopotentiometry,0.02,1800,10,668.8,0.8237,0.8237
Chronopotentiometry,0.02,1800,10,668.9,0.8237,0.8237
Chronopotentiometry,0.02,1800,10,669.0,0.8238,0.8238
Chronopotentiometry,0.02,1800,10,669.1,0.8238,0.8238
Chronopotentiometry,0.02,1800,10,669.2,0.8238,0.8238
Chronopotentiometry,0.02,1800,10,669.3,0.8238,0.8238
Chronopotentiometry,0.02,1800,10,669.4,0.8238,0.8238
Chronopotentiometry,0.02,1800,10,669.5,0.8238,0.8238
Chronopotentiometry,0.02,1800,10,669.6,0.8238,0.8238
Chronopotentiometry,0.02,1800,10,669.7,0.8237,0.8237
Chronopotentiometry,0.02,1800,10,669.8,0.8238,0.8238
Chronopotentiometry,0.02,1800,10,669.9,0.8238,0.8238
Chronopotentiometry,0.02,1800,10,670.0,0.8239,0.8239
Chronopotentiometry,0.02,1800,10,670.1,0.8239,0.8239
Chronopotentiometry,0.02,1800,10,670.2,0.8239,0.8239
Chronopotentiometry,0.02,1800,10,670.3,0.8239,0.8239
Chronopotentiometry,0.02,1800,10,670.4,0.8239,0.8239
Chronopotentiometry,0.02,1800,10,670.5,0.8238,0.8238
Chronopotentiometry,0.02,1800,10,670.6,0.8238,0.8238
Chronopotentiometry,0.02,1800,10,670.7,0.8239,0.8239
Chronopotentiometry,0.02,1800,10,670.8,0.8239,0.8239
Chronopotentiometry,0.02,1800,10,670.9,0.8239,0.8239
Chronopotentiometry,0.02,1800,10,671.0,0.8239,0.8239
Chronopotentiometry,0.02,1800,10,671.1,0.8239,0.8239
Chronopotentiometry,0.02,1800,10,671.2,0.8239,0.8239
Chronopotentiometry,0.02,1800,10,671.3,0.8239,0.8239
Chronopotentiometry,0.02,1800,10,671.4,0.8239,0.8239
Chronopotentiometry,0.02,1800,10,671.5,0.8239,0.8239
Chronopotentiometry,0.02,1800,10,671.6,0.8238,0.8238
Chronopotentiometry,0.02,1800,10,671.7,0.8238,0.8238
Chronopotentiometry,0.02,1800,10,671.8,0.8239,0.8239
Chronopotentiometry,0.02,1800,10,671.9,0.8239,0.8239
Chronopotentiometry,0.02,1800,10,672.0,0.8238,0.8238
Chronopotentiometry,0.02,1800,10,672.1,0.8239,0.8239
Chronopotentiometry,0.02,1800,10,672.2,0.8239,0.8239
Chronopotentiometry,0.02,1800,10,672.3,0.8239,0.8239
Chronopotentiometry,0.02,1800,10,672.4,0.8239,0.8239
Chronopotentiometry,0.02,1800,10,672.5,0.824,0.824
Chronopotentiometry,0.02,1800,10,672.6,0.824,0.824
Chronopotentiometry,0.02,1800,10,672.7,0.824,0.824
Chronopotentiometry,0.02,1800,10,672.8,0.824,0.824
Chronopotentiometry,0.02,1800,10,672.9,0.824,0.824
Chronopotentiometry,0.02,1800,10,673.0,0.824,0.824
Chronopotentiometry,0.02,1800,10,673.1,0.824,0.824
Chronopotentiometry,0.02,1800,10,673.2,0.824,0.824
Chronopotentiometry,0.02,1800,10,673.3,0.824,0.824
Chronopotentiometry,0.02,1800,10,673.4,0.824,0.824
Chronopotentiometry,0.02,1800,10,673.5,0.824,0.824
Chronopotentiometry,0.02,1800,10,673.6,0.824,0.824
Chronopotentiometry,0.02,1800,10,673.7,0.8241,0.8241
Chronopotentiometry,0.02,1800,10,673.8,0.8241,0.8241
Chronopotentiometry,0.02,1800,10,673.9,0.824,0.824
Chronopotentiometry,0.02,1800,10,674.0,0.824,0.824
Chronopotentiometry,0.02,1800,10,674.1,0.8241,0.8241
Chronopotentiometry,0.02,1800,10,674.2,0.8241,0.8241
Chronopotentiometry,0.02,1800,10,674.3,0.8241,0.8241
Chronopotentiometry,0.02,1800,10,674.4,0.8241,0.8241
Chronopotentiometry,0.02,1800,10,674.5,0.8241,0.8241
Chronopotentiometry,0.02,1800,10,674.6,0.8241,0.8241
Chronopotentiometry,0.02,1800,10,674.7,0.824,0.824
Chronopotentiometry,0.02,1800,10,674.8,0.8241,0.8241
Chronopotentiometry,0.02,1800,10,674.9,0.824,0.824
Chronopotentiometry,0.02,1800,10,675.0,0.8239,0.8239
Chronopotentiometry,0.02,1800,10,675.1,0.824,0.824
Chronopotentiometry,0.02,1800,10,675.2,0.824,0.824
Chronopotentiometry,0.02,1800,10,675.3,0.824,0.824
Chronopotentiometry,0.02,1800,10,675.4,0.8241,0.8241
Chronopotentiometry,0.02,1800,10,675.5,0.8241,0.8241
Chronopotentiometry,0.02,1800,10,675.6,0.8241,0.8241
Chronopotentiometry,0.02,1800,10,675.7,0.8241,0.8241
Chronopotentiometry,0.02,1800,10,675.8,0.8242,0.8242
Chronopotentiometry,0.02,1800,10,675.9,0.8242,0.8242
Chronopotentiometry,0.02,1800,10,676.0,0.8242,0.8242
Chronopotentiometry,0.02,1800,10,676.1,0.8241,0.8241
Chronopotentiometry,0.02,1800,10,676.2,0.8242,0.8242
Chronopotentiometry,0.02,1800,10,676.3,0.8242,0.8242
Chronopotentiometry,0.02,1800,10,676.4,0.8242,0.8242
Chronopotentiometry,0.02,1800,10,676.5,0.8242,0.8242
Chronopotentiometry,0.02,1800,10,676.6,0.8242,0.8242
Chronopotentiometry,0.02,1800,10,676.7,0.8243,0.8243
Chronopotentiometry,0.02,1800,10,676.8,0.8242,0.8242
Chronopotentiometry,0.02,1800,10,676.9,0.8242,0.8242
Chronopotentiometry,0.02,1800,10,677.0,0.8241,0.8241
Chronopotentiometry,0.02,1800,10,677.1,0.8242,0.8242
Chronopotentiometry,0.02,1800,10,677.2,0.8242,0.8242
Chronopotentiometry,0.02,1800,10,677.3,0.8242,0.8242
Chronopotentiometry,0.02,1800,10,677.4,0.8242,0.8242
Chronopotentiometry,0.02,1800,10,677.5,0.8241,0.8241
Chronopotentiometry,0.02,1800,10,677.6,0.8242,0.8242
Chronopotentiometry,0.02,1800,10,677.7,0.8243,0.8243
Chronopotentiometry,0.02,1800,10,677.8,0.8243,0.8243
Chronopotentiometry,0.02,1800,10,677.9,0.8243,0.8243
Chronopotentiometry,0.02,1800,10,678.0,0.8243,0.8243
Chronopotentiometry,0.02,1800,10,678.1,0.8243,0.8243
Chronopotentiometry,0.02,1800,10,678.2,0.8242,0.8242
Chronopotentiometry,0.02,1800,10,678.3,0.8242,0.8242
Chronopotentiometry,0.02,1800,10,678.4,0.8241,0.8241
Chronopotentiometry,0.02,1800,10,678.5,0.8242,0.8242
Chronopotentiometry,0.02,1800,10,678.6,0.8242,0.8242
Chronopotentiometry,0.02,1800,10,678.7,0.8242,0.8242
Chronopotentiometry,0.02,1800,10,678.8,0.8243,0.8243
Chronopotentiometry,0.02,1800,10,678.9,0.8242,0.8242
Chronopotentiometry,0.02,1800,10,679.0,0.8242,0.8242
Chronopotentiometry,0.02,1800,10,679.1,0.8242,0.8242
Chronopotentiometry,0.02,1800,10,679.2,0.8242,0.8242
Chronopotentiometry,0.02,1800,10,679.3,0.8243,0.8243
Chronopotentiometry,0.02,1800,10,679.4,0.8243,0.8243
Chronopotentiometry,0.02,1800,10,679.5,0.8243,0.8243
Chronopotentiometry,0.02,1800,10,679.6,0.8243,0.8243
Chronopotentiometry,0.02,1800,10,679.7,0.8242,0.8242
Chronopotentiometry,0.02,1800,10,679.8,0.8242,0.8242
Chronopotentiometry,0.02,1800,10,679.9,0.8243,0.8243
Chronopotentiometry,0.02,1800,10,680.0,0.8243,0.8243
Chronopotentiometry,0.02,1800,10,680.1,0.8244,0.8244
Chronopotentiometry,0.02,1800,10,680.2,0.8244,0.8244
Chronopotentiometry,0.02,1800,10,680.3,0.8244,0.8244
Chronopotentiometry,0.02,1800,10,680.4,0.8244,0.8244
Chronopotentiometry,0.02,1800,10,680.5,0.8243,0.8243
Chronopotentiometry,0.02,1800,10,680.6,0.8243,0.8243
Chronopotentiometry,0.02,1800,10,680.7,0.8243,0.8243
Chronopotentiometry,0.02,1800,10,680.8,0.8242,0.8242
Chronopotentiometry,0.02,1800,10,680.9,0.8242,0.8242
Chronopotentiometry,0.02,1800,10,681.0,0.8242,0.8242
Chronopotentiometry,0.02,1800,10,681.1,0.8242,0.8242
Chronopotentiometry,0.02,1800,10,681.2,0.8242,0.8242
Chronopotentiometry,0.02,1800,10,681.3,0.8242,0.8242
Chronopotentiometry,0.02,1800,10,681.4,0.8243,0.8243
Chronopotentiometry,0.02,1800,10,681.5,0.8242,0.8242
Chronopotentiometry,0.02,1800,10,681.6,0.8241,0.8241
Chronopotentiometry,0.02,1800,10,681.7,0.8242,0.8242
Chronopotentiometry,0.02,1800,10,681.8,0.8241,0.8241
Chronopotentiometry,0.02,1800,10,681.9,0.8242,0.8242
Chronopotentiometry,0.02,1800,10,682.0,0.8242,0.8242
Chronopotentiometry,0.02,1800,10,682.1,0.8241,0.8241
Chronopotentiometry,0.02,1800,10,682.2,0.8241,0.8241
Chronopotentiometry,0.02,1800,10,682.3,0.8242,0.8242
Chronopotentiometry,0.02,1800,10,682.4,0.8242,0.8242
Chronopotentiometry,0.02,1800,10,682.5,0.8242,0.8242
Chronopotentiometry,0.02,1800,10,682.6,0.8242,0.8242
Chronopotentiometry,0.02,1800,10,682.7,0.8242,0.8242
Chronopotentiometry,0.02,1800,10,682.8,0.8243,0.8243
Chronopotentiometry,0.02,1800,10,682.9,0.8243,0.8243
Chronopotentiometry,0.02,1800,10,683.0,0.8242,0.8242
Chronopotentiometry,0.02,1800,10,683.1,0.8243,0.8243
Chronopotentiometry,0.02,1800,10,683.2,0.8243,0.8243
Chronopotentiometry,0.02,1800,10,683.3,0.8243,0.8243
Chronopotentiometry,0.02,1800,10,683.4,0.8243,0.8243
Chronopotentiometry,0.02,1800,10,683.5,0.8243,0.8243
Chronopotentiometry,0.02,1800,10,683.6,0.8243,0.8243
Chronopotentiometry,0.02,1800,10,683.7,0.8243,0.8243
Chronopotentiometry,0.02,1800,10,683.8,0.8243,0.8243
Chronopotentiometry,0.02,1800,10,683.9,0.8242,0.8242
Chronopotentiometry,0.02,1800,10,684.0,0.8243,0.8243
Chronopotentiometry,0.02,1800,10,684.1,0.8243,0.8243
Chronopotentiometry,0.02,1800,10,684.2,0.8244,0.8244
Chronopotentiometry,0.02,1800,10,684.3,0.8244,0.8244
Chronopotentiometry,0.02,1800,10,684.4,0.8244,0.8244
Chronopotentiometry,0.02,1800,10,684.5,0.8244,0.8244
Chronopotentiometry,0.02,1800,10,684.6,0.8244,0.8244
Chronopotentiometry,0.02,1800,10,684.7,0.8243,0.8243
Chronopotentiometry,0.02,1800,10,684.8,0.8243,0.8243
Chronopotentiometry,0.02,1800,10,684.9,0.8243,0.8243
Chronopotentiometry,0.02,1800,10,685.0,0.8243,0.8243
Chronopotentiometry,0.02,1800,10,685.1,0.8243,0.8243
Chronopotentiometry,0.02,1800,10,685.2,0.8244,0.8244
Chronopotentiometry,0.02,1800,10,685.3,0.8244,0.8244
Chronopotentiometry,0.02,1800,10,685.4,0.8244,0.8244
Chronopotentiometry,0.02,1800,10,685.5,0.8245,0.8245
Chronopotentiometry,0.02,1800,10,685.6,0.8244,0.8244
Chronopotentiometry,0.02,1800,10,685.7,0.8243,0.8243
Chronopotentiometry,0.02,1800,10,685.8,0.8244,0.8244
Chronopotentiometry,0.02,1800,10,685.9,0.8244,0.8244
Chronopotentiometry,0.02,1800,10,686.0,0.8244,0.8244
Chronopotentiometry,0.02,1800,10,686.1,0.8244,0.8244
Chronopotentiometry,0.02,1800,10,686.2,0.8245,0.8245
Chronopotentiometry,0.02,1800,10,686.3,0.8245,0.8245
Chronopotentiometry,0.02,1800,10,686.4,0.8244,0.8244
Chronopotentiometry,0.02,1800,10,686.5,0.8244,0.8244
Chronopotentiometry,0.02,1800,10,686.6,0.8245,0.8245
Chronopotentiometry,0.02,1800,10,686.7,0.8245,0.8245
Chronopotentiometry,0.02,1800,10,686.8,0.8245,0.8245
Chronopotentiometry,0.02,1800,10,686.9,0.8245,0.8245
Chronopotentiometry,0.02,1800,10,687.0,0.8245,0.8245
Chronopotentiometry,0.02,1800,10,687.1,0.8244,0.8244
Chronopotentiometry,0.02,1800,10,687.2,0.8244,0.8244
Chronopotentiometry,0.02,1800,10,687.3,0.8245,0.8245
Chronopotentiometry,0.02,1800,10,687.4,0.8245,0.8245
Chronopotentiometry,0.02,1800,10,687.5,0.8245,0.8245
Chronopotentiometry,0.02,1800,10,687.6,0.8245,0.8245
Chronopotentiometry,0.02,1800,10,687.7,0.8245,0.8245
Chronopotentiometry,0.02,1800,10,687.8,0.8245,0.8245
Chronopotentiometry,0.02,1800,10,687.9,0.8245,0.8245
Chronopotentiometry,0.02,1800,10,688.0,0.8245,0.8245
Chronopotentiometry,0.02,1800,10,688.1,0.8245,0.8245
Chronopotentiometry,0.02,1800,10,688.2,0.8245,0.8245
Chronopotentiometry,0.02,1800,10,688.3,0.8246,0.8246
Chronopotentiometry,0.02,1800,10,688.4,0.8246,0.8246
Chronopotentiometry,0.02,1800,10,688.5,0.8246,0.8246
Chronopotentiometry,0.02,1800,10,688.6,0.8246,0.8246
Chronopotentiometry,0.02,1800,10,688.7,0.8245,0.8245
Chronopotentiometry,0.02,1800,10,688.8,0.8246,0.8246
Chronopotentiometry,0.02,1800,10,688.9,0.8246,0.8246
Chronopotentiometry,0.02,1800,10,689.0,0.8246,0.8246
Chronopotentiometry,0.02,1800,10,689.1,0.8246,0.8246
Chronopotentiometry,0.02,1800,10,689.2,0.8246,0.8246
Chronopotentiometry,0.02,1800,10,689.3,0.8246,0.8246
Chronopotentiometry,0.02,1800,10,689.4,0.8245,0.8245
Chronopotentiometry,0.02,1800,10,689.5,0.8246,0.8246
Chronopotentiometry,0.02,1800,10,689.6,0.8246,0.8246
Chronopotentiometry,0.02,1800,10,689.7,0.8246,0.8246
Chronopotentiometry,0.02,1800,10,689.8,0.8247,0.8247
Chronopotentiometry,0.02,1800,10,689.9,0.8247,0.8247
Chronopotentiometry,0.02,1800,10,690.0,0.8246,0.8246
Chronopotentiometry,0.02,1800,10,690.1,0.8246,0.8246
Chronopotentiometry,0.02,1800,10,690.2,0.8247,0.8247
Chronopotentiometry,0.02,1800,10,690.3,0.8247,0.8247
Chronopotentiometry,0.02,1800,10,690.4,0.8247,0.8247
Chronopotentiometry,0.02,1800,10,690.5,0.8247,0.8247
Chronopotentiometry,0.02,1800,10,690.6,0.8247,0.8247
Chronopotentiometry,0.02,1800,10,690.7,0.8248,0.8248
Chronopotentiometry,0.02,1800,10,690.8,0.8247,0.8247
Chronopotentiometry,0.02,1800,10,690.9,0.8248,0.8248
Chronopotentiometry,0.02,1800,10,691.0,0.8248,0.8248
Chronopotentiometry,0.02,1800,10,691.1,0.8248,0.8248
Chronopotentiometry,0.02,1800,10,691.2,0.8248,0.8248
Chronopotentiometry,0.02,1800,10,691.3,0.8247,0.8247
Chronopotentiometry,0.02,1800,10,691.4,0.8248,0.8248
Chronopotentiometry,0.02,1800,10,691.5,0.8248,0.8248
Chronopotentiometry,0.02,1800,10,691.6,0.8249,0.8249
Chronopotentiometry,0.02,1800,10,691.7,0.8247,0.8247
Chronopotentiometry,0.02,1800,10,691.8,0.8248,0.8248
Chronopotentiometry,0.02,1800,10,691.9,0.8249,0.8249
Chronopotentiometry,0.02,1800,10,692.0,0.8249,0.8249
Chronopotentiometry,0.02,1800,10,692.1,0.8249,0.8249
Chronopotentiometry,0.02,1800,10,692.2,0.8249,0.8249
Chronopotentiometry,0.02,1800,10,692.3,0.8248,0.8248
Chronopotentiometry,0.02,1800,10,692.4,0.8248,0.8248
Chronopotentiometry,0.02,1800,10,692.5,0.8248,0.8248
Chronopotentiometry,0.02,1800,10,692.6,0.8248,0.8248
Chronopotentiometry,0.02,1800,10,692.7,0.8248,0.8248
Chronopotentiometry,0.02,1800,10,692.8,0.8248,0.8248
Chronopotentiometry,0.02,1800,10,692.9,0.8248,0.8248
Chronopotentiometry,0.02,1800,10,693.0,0.8249,0.8249
Chronopotentiometry,0.02,1800,10,693.1,0.8248,0.8248
Chronopotentiometry,0.02,1800,10,693.2,0.8249,0.8249
Chronopotentiometry,0.02,1800,10,693.3,0.8249,0.8249
Chronopotentiometry,0.02,1800,10,693.4,0.8249,0.8249
Chronopotentiometry,0.02,1800,10,693.5,0.8249,0.8249
Chronopotentiometry,0.02,1800,10,693.6,0.8249,0.8249
Chronopotentiometry,0.02,1800,10,693.7,0.8249,0.8249
Chronopotentiometry,0.02,1800,10,693.8,0.8249,0.8249
Chronopotentiometry,0.02,1800,10,693.9,0.825,0.825
Chronopotentiometry,0.02,1800,10,694.0,0.8249,0.8249
Chronopotentiometry,0.02,1800,10,694.1,0.8248,0.8248
Chronopotentiometry,0.02,1800,10,694.2,0.8248,0.8248
Chronopotentiometry,0.02,1800,10,694.3,0.8248,0.8248
Chronopotentiometry,0.02,1800,10,694.4,0.8248,0.8248
Chronopotentiometry,0.02,1800,10,694.5,0.8249,0.8249
Chronopotentiometry,0.02,1800,10,694.6,0.8249,0.8249
Chronopotentiometry,0.02,1800,10,694.7,0.8249,0.8249
Chronopotentiometry,0.02,1800,10,694.8,0.8248,0.8248
Chronopotentiometry,0.02,1800,10,694.9,0.8249,0.8249
Chronopotentiometry,0.02,1800,10,695.0,0.8249,0.8249
Chronopotentiometry,0.02,1800,10,695.1,0.8248,0.8248
Chronopotentiometry,0.02,1800,10,695.2,0.8249,0.8249
Chronopotentiometry,0.02,1800,10,695.3,0.8249,0.8249
Chronopotentiometry,0.02,1800,10,695.4,0.8249,0.8249
Chronopotentiometry,0.02,1800,10,695.5,0.8248,0.8248
Chronopotentiometry,0.02,1800,10,695.6,0.8249,0.8249
Chronopotentiometry,0.02,1800,10,695.7,0.8249,0.8249
Chronopotentiometry,0.02,1800,10,695.8,0.825,0.825
Chronopotentiometry,0.02,1800,10,695.9,0.825,0.825
Chronopotentiometry,0.02,1800,10,696.0,0.825,0.825
Chronopotentiometry,0.02,1800,10,696.1,0.8249,0.8249
Chronopotentiometry,0.02,1800,10,696.2,0.825,0.825
Chronopotentiometry,0.02,1800,10,696.3,0.8249,0.8249
Chronopotentiometry,0.02,1800,10,696.4,0.8249,0.8249
Chronopotentiometry,0.02,1800,10,696.5,0.8248,0.8248
Chronopotentiometry,0.02,1800,10,696.6,0.8247,0.8247
Chronopotentiometry,0.02,1800,10,696.7,0.8248,0.8248
Chronopotentiometry,0.02,1800,10,696.8,0.8249,0.8249
Chronopotentiometry,0.02,1800,10,696.9,0.8249,0.8249
Chronopotentiometry,0.02,1800,10,697.0,0.8249,0.8249
Chronopotentiometry,0.02,1800,10,697.1,0.8249,0.8249
Chronopotentiometry,0.02,1800,10,697.2,0.8249,0.8249
Chronopotentiometry,0.02,1800,10,697.3,0.825,0.825
Chronopotentiometry,0.02,1800,10,697.4,0.825,0.825
Chronopotentiometry,0.02,1800,10,697.5,0.825,0.825
Chronopotentiometry,0.02,1800,10,697.6,0.8249,0.8249
Chronopotentiometry,0.02,1800,10,697.7,0.8249,0.8249
Chronopotentiometry,0.02,1800,10,697.8,0.8249,0.8249
Chronopotentiometry,0.02,1800,10,697.9,0.8249,0.8249
Chronopotentiometry,0.02,1800,10,698.0,0.825,0.825
Chronopotentiometry,0.02,1800,10,698.1,0.825,0.825
Chronopotentiometry,0.02,1800,10,698.2,0.825,0.825
Chronopotentiometry,0.02,1800,10,698.3,0.825,0.825
Chronopotentiometry,0.02,1800,10,698.4,0.825,0.825
Chronopotentiometry,0.02,1800,10,698.5,0.8251,0.8251
Chronopotentiometry,0.02,1800,10,698.6,0.8251,0.8251
Chronopotentiometry,0.02,1800,10,698.7,0.8251,0.8251
Chronopotentiometry,0.02,1800,10,698.8,0.8251,0.8251
Chronopotentiometry,0.02,1800,10,698.9,0.825,0.825
Chronopotentiometry,0.02,1800,10,699.0,0.825,0.825
Chronopotentiometry,0.02,1800,10,699.1,0.8251,0.8251
Chronopotentiometry,0.02,1800,10,699.2,0.8251,0.8251
Chronopotentiometry,0.02,1800,10,699.3,0.825,0.825
Chronopotentiometry,0.02,1800,10,699.4,0.8251,0.8251
Chronopotentiometry,0.02,1800,10,699.5,0.8251,0.8251
Chronopotentiometry,0.02,1800,10,699.6,0.8251,0.8251
Chronopotentiometry,0.02,1800,10,699.7,0.8251,0.8251
Chronopotentiometry,0.02,1800,10,699.8,0.8251,0.8251
Chronopotentiometry,0.02,1800,10,699.9,0.8251,0.8251
Chronopotentiometry,0.02,1800,10,700.0,0.8251,0.8251
Chronopotentiometry,0.02,1800,10,700.1,0.8251,0.8251
Chronopotentiometry,0.02,1800,10,700.2,0.8252,0.8252
Chronopotentiometry,0.02,1800,10,700.3,0.8251,0.8251
Chronopotentiometry,0.02,1800,10,700.4,0.8251,0.8251
Chronopotentiometry,0.02,1800,10,700.5,0.8252,0.8252
Chronopotentiometry,0.02,1800,10,700.6,0.8251,0.8251
Chronopotentiometry,0.02,1800,10,700.7,0.8251,0.8251
Chronopotentiometry,0.02,1800,10,700.8,0.825,0.825
Chronopotentiometry,0.02,1800,10,700.9,0.825,0.825
Chronopotentiometry,0.02,1800,10,701.0,0.8251,0.8251
Chronopotentiometry,0.02,1800,10,701.1,0.8251,0.8251
Chronopotentiometry,0.02,1800,10,701.2,0.8252,0.8252
Chronopotentiometry,0.02,1800,10,701.3,0.8251,0.8251
Chronopotentiometry,0.02,1800,10,701.4,0.8251,0.8251
Chronopotentiometry,0.02,1800,10,701.5,0.8251,0.8251
Chronopotentiometry,0.02,1800,10,701.6,0.8251,0.8251
Chronopotentiometry,0.02,1800,10,701.7,0.8252,0.8252
Chronopotentiometry,0.02,1800,10,701.8,0.8251,0.8251
Chronopotentiometry,0.02,1800,10,701.9,0.8252,0.8252
Chronopotentiometry,0.02,1800,10,702.0,0.8252,0.8252
Chronopotentiometry,0.02,1800,10,702.1,0.8252,0.8252
Chronopotentiometry,0.02,1800,10,702.2,0.8252,0.8252
Chronopotentiometry,0.02,1800,10,702.3,0.8252,0.8252
Chronopotentiometry,0.02,1800,10,702.4,0.8252,0.8252
Chronopotentiometry,0.02,1800,10,702.5,0.8252,0.8252
Chronopotentiometry,0.02,1800,10,702.6,0.8252,0.8252
Chronopotentiometry,0.02,1800,10,702.7,0.8252,0.8252
Chronopotentiometry,0.02,1800,10,702.8,0.8253,0.8253
Chronopotentiometry,0.02,1800,10,702.9,0.8253,0.8253
Chronopotentiometry,0.02,1800,10,703.0,0.8252,0.8252
Chronopotentiometry,0.02,1800,10,703.1,0.8252,0.8252
Chronopotentiometry,0.02,1800,10,703.2,0.8253,0.8253
Chronopotentiometry,0.02,1800,10,703.3,0.8253,0.8253
Chronopotentiometry,0.02,1800,10,703.4,0.8253,0.8253
Chronopotentiometry,0.02,1800,10,703.5,0.8253,0.8253
Chronopotentiometry,0.02,1800,10,703.6,0.8253,0.8253
Chronopotentiometry,0.02,1800,10,703.7,0.8254,0.8254
Chronopotentiometry,0.02,1800,10,703.8,0.8253,0.8253
Chronopotentiometry,0.02,1800,10,703.9,0.8253,0.8253
Chronopotentiometry,0.02,1800,10,704.0,0.8253,0.8253
Chronopotentiometry,0.02,1800,10,704.1,0.8254,0.8254
Chronopotentiometry,0.02,1800,10,704.2,0.8254,0.8254
Chronopotentiometry,0.02,1800,10,704.3,0.8253,0.8253
Chronopotentiometry,0.02,1800,10,704.4,0.8254,0.8254
Chronopotentiometry,0.02,1800,10,704.5,0.8254,0.8254
Chronopotentiometry,0.02,1800,10,704.6,0.8254,0.8254
Chronopotentiometry,0.02,1800,10,704.7,0.8254,0.8254
Chronopotentiometry,0.02,1800,10,704.8,0.8254,0.8254
Chronopotentiometry,0.02,1800,10,704.9,0.8254,0.8254
Chronopotentiometry,0.02,1800,10,705.0,0.8253,0.8253
Chronopotentiometry,0.02,1800,10,705.1,0.8253,0.8253
Chronopotentiometry,0.02,1800,10,705.2,0.8254,0.8254
Chronopotentiometry,0.02,1800,10,705.3,0.8253,0.8253
Chronopotentiometry,0.02,1800,10,705.4,0.8254,0.8254
Chronopotentiometry,0.02,1800,10,705.5,0.8254,0.8254
Chronopotentiometry,0.02,1800,10,705.6,0.8253,0.8253
Chronopotentiometry,0.02,1800,10,705.7,0.8254,0.8254
Chronopotentiometry,0.02,1800,10,705.8,0.8254,0.8254
Chronopotentiometry,0.02,1800,10,705.9,0.8254,0.8254
Chronopotentiometry,0.02,1800,10,706.0,0.8254,0.8254
Chronopotentiometry,0.02,1800,10,706.1,0.8254,0.8254
Chronopotentiometry,0.02,1800,10,706.2,0.8255,0.8255
Chronopotentiometry,0.02,1800,10,706.3,0.8255,0.8255
Chronopotentiometry,0.02,1800,10,706.4,0.8254,0.8254
Chronopotentiometry,0.02,1800,10,706.5,0.8254,0.8254
Chronopotentiometry,0.02,1800,10,706.6,0.8254,0.8254
Chronopotentiometry,0.02,1800,10,706.7,0.8254,0.8254
Chronopotentiometry,0.02,1800,10,706.8,0.8256,0.8256
Chronopotentiometry,0.02,1800,10,706.9,0.8256,0.8256
Chronopotentiometry,0.02,1800,10,707.0,0.8256,0.8256
Chronopotentiometry,0.02,1800,10,707.1,0.8257,0.8257
Chronopotentiometry,0.02,1800,10,707.2,0.8256,0.8256
Chronopotentiometry,0.02,1800,10,707.3,0.8255,0.8255
Chronopotentiometry,0.02,1800,10,707.4,0.8256,0.8256
Chronopotentiometry,0.02,1800,10,707.5,0.8255,0.8255
Chronopotentiometry,0.02,1800,10,707.6,0.8255,0.8255
Chronopotentiometry,0.02,1800,10,707.7,0.8255,0.8255
Chronopotentiometry,0.02,1800,10,707.8,0.8255,0.8255
Chronopotentiometry,0.02,1800,10,707.9,0.8255,0.8255
Chronopotentiometry,0.02,1800,10,708.0,0.8256,0.8256
Chronopotentiometry,0.02,1800,10,708.1,0.8255,0.8255
Chronopotentiometry,0.02,1800,10,708.2,0.8255,0.8255
Chronopotentiometry,0.02,1800,10,708.3,0.8255,0.8255
Chronopotentiometry,0.02,1800,10,708.4,0.8255,0.8255
Chronopotentiometry,0.02,1800,10,708.5,0.8255,0.8255
Chronopotentiometry,0.02,1800,10,708.6,0.8255,0.8255
Chronopotentiometry,0.02,1800,10,708.7,0.8255,0.8255
Chronopotentiometry,0.02,1800,10,708.8,0.8255,0.8255
Chronopotentiometry,0.02,1800,10,708.9,0.8255,0.8255
Chronopotentiometry,0.02,1800,10,709.0,0.8255,0.8255
Chronopotentiometry,0.02,1800,10,709.1,0.8255,0.8255
Chronopotentiometry,0.02,1800,10,709.2,0.8255,0.8255
Chronopotentiometry,0.02,1800,10,709.3,0.8256,0.8256
Chronopotentiometry,0.02,1800,10,709.4,0.8254,0.8254
Chronopotentiometry,0.02,1800,10,709.5,0.8255,0.8255
Chronopotentiometry,0.02,1800,10,709.6,0.8255,0.8255
Chronopotentiometry,0.02,1800,10,709.7,0.8255,0.8255
Chronopotentiometry,0.02,1800,10,709.8,0.8256,0.8256
Chronopotentiometry,0.02,1800,10,709.9,0.8255,0.8255
Chronopotentiometry,0.02,1800,10,710.0,0.8255,0.8255
Chronopotentiometry,0.02,1800,10,710.1,0.8256,0.8256
Chronopotentiometry,0.02,1800,10,710.2,0.8256,0.8256
Chronopotentiometry,0.02,1800,10,710.3,0.8256,0.8256
Chronopotentiometry,0.02,1800,10,710.4,0.8256,0.8256
Chronopotentiometry,0.02,1800,10,710.5,0.8256,0.8256
Chronopotentiometry,0.02,1800,10,710.6,0.8256,0.8256
Chronopotentiometry,0.02,1800,10,710.7,0.8257,0.8257
Chronopotentiometry,0.02,1800,10,710.8,0.8256,0.8256
Chronopotentiometry,0.02,1800,10,710.9,0.8257,0.8257
Chronopotentiometry,0.02,1800,10,711.0,0.8256,0.8256
Chronopotentiometry,0.02,1800,10,711.1,0.8256,0.8256
Chronopotentiometry,0.02,1800,10,711.2,0.8256,0.8256
Chronopotentiometry,0.02,1800,10,711.3,0.8256,0.8256
Chronopotentiometry,0.02,1800,10,711.4,0.8255,0.8255
Chronopotentiometry,0.02,1800,10,711.5,0.8256,0.8256
Chronopotentiometry,0.02,1800,10,711.6,0.8256,0.8256
Chronopotentiometry,0.02,1800,10,711.7,0.8256,0.8256
Chronopotentiometry,0.02,1800,10,711.8,0.8256,0.8256
Chronopotentiometry,0.02,1800,10,711.9,0.8256,0.8256
Chronopotentiometry,0.02,1800,10,712.0,0.8256,0.8256
Chronopotentiometry,0.02,1800,10,712.1,0.8256,0.8256
Chronopotentiometry,0.02,1800,10,712.2,0.8256,0.8256
Chronopotentiometry,0.02,1800,10,712.3,0.8256,0.8256
Chronopotentiometry,0.02,1800,10,712.4,0.8257,0.8257
Chronopotentiometry,0.02,1800,10,712.5,0.8257,0.8257
Chronopotentiometry,0.02,1800,10,712.6,0.8257,0.8257
Chronopotentiometry,0.02,1800,10,712.7,0.8256,0.8256
Chronopotentiometry,0.02,1800,10,712.8,0.8257,0.8257
Chronopotentiometry,0.02,1800,10,712.9,0.8258,0.8258
Chronopotentiometry,0.02,1800,10,713.0,0.8257,0.8257
Chronopotentiometry,0.02,1800,10,713.1,0.8257,0.8257
Chronopotentiometry,0.02,1800,10,713.2,0.8257,0.8257
Chronopotentiometry,0.02,1800,10,713.3,0.8257,0.8257
Chronopotentiometry,0.02,1800,10,713.4,0.8256,0.8256
Chronopotentiometry,0.02,1800,10,713.5,0.8257,0.8257
Chronopotentiometry,0.02,1800,10,713.6,0.8257,0.8257
Chronopotentiometry,0.02,1800,10,713.7,0.8258,0.8258
Chronopotentiometry,0.02,1800,10,713.8,0.8257,0.8257
Chronopotentiometry,0.02,1800,10,713.9,0.8258,0.8258
Chronopotentiometry,0.02,1800,10,714.0,0.8258,0.8258
Chronopotentiometry,0.02,1800,10,714.1,0.8258,0.8258
Chronopotentiometry,0.02,1800,10,714.2,0.8258,0.8258
Chronopotentiometry,0.02,1800,10,714.3,0.8257,0.8257
Chronopotentiometry,0.02,1800,10,714.4,0.8258,0.8258
Chronopotentiometry,0.02,1800,10,714.5,0.8258,0.8258
Chronopotentiometry,0.02,1800,10,714.6,0.8258,0.8258
Chronopotentiometry,0.02,1800,10,714.7,0.8259,0.8259
Chronopotentiometry,0.02,1800,10,714.8,0.8258,0.8258
Chronopotentiometry,0.02,1800,10,714.9,0.8258,0.8258
Chronopotentiometry,0.02,1800,10,715.0,0.8259,0.8259
Chronopotentiometry,0.02,1800,10,715.1,0.8259,0.8259
Chronopotentiometry,0.02,1800,10,715.2,0.8258,0.8258
Chronopotentiometry,0.02,1800,10,715.3,0.8258,0.8258
Chronopotentiometry,0.02,1800,10,715.4,0.8259,0.8259
Chronopotentiometry,0.02,1800,10,715.5,0.8258,0.8258
Chronopotentiometry,0.02,1800,10,715.6,0.8258,0.8258
Chronopotentiometry,0.02,1800,10,715.7,0.8258,0.8258
Chronopotentiometry,0.02,1800,10,715.8,0.8258,0.8258
Chronopotentiometry,0.02,1800,10,715.9,0.8258,0.8258
Chronopotentiometry,0.02,1800,10,716.0,0.8258,0.8258
Chronopotentiometry,0.02,1800,10,716.1,0.8258,0.8258
Chronopotentiometry,0.02,1800,10,716.2,0.8258,0.8258
Chronopotentiometry,0.02,1800,10,716.3,0.8257,0.8257
Chronopotentiometry,0.02,1800,10,716.4,0.8258,0.8258
Chronopotentiometry,0.02,1800,10,716.5,0.8258,0.8258
Chronopotentiometry,0.02,1800,10,716.6,0.8258,0.8258
Chronopotentiometry,0.02,1800,10,716.7,0.8258,0.8258
Chronopotentiometry,0.02,1800,10,716.8,0.8258,0.8258
Chronopotentiometry,0.02,1800,10,716.9,0.8257,0.8257
Chronopotentiometry,0.02,1800,10,717.0,0.8257,0.8257
Chronopotentiometry,0.02,1800,10,717.1,0.8258,0.8258
Chronopotentiometry,0.02,1800,10,717.2,0.8258,0.8258
Chronopotentiometry,0.02,1800,10,717.3,0.8258,0.8258
Chronopotentiometry,0.02,1800,10,717.4,0.8258,0.8258
Chronopotentiometry,0.02,1800,10,717.5,0.8258,0.8258
Chronopotentiometry,0.02,1800,10,717.6,0.8259,0.8259
Chronopotentiometry,0.02,1800,10,717.7,0.8259,0.8259
Chronopotentiometry,0.02,1800,10,717.8,0.8259,0.8259
Chronopotentiometry,0.02,1800,10,717.9,0.8258,0.8258
Chronopotentiometry,0.02,1800,10,718.0,0.8258,0.8258
Chronopotentiometry,0.02,1800,10,718.1,0.8259,0.8259
Chronopotentiometry,0.02,1800,10,718.2,0.826,0.826
Chronopotentiometry,0.02,1800,10,718.3,0.8259,0.8259
Chronopotentiometry,0.02,1800,10,718.4,0.8258,0.8258
Chronopotentiometry,0.02,1800,10,718.5,0.8259,0.8259
Chronopotentiometry,0.02,1800,10,718.6,0.8259,0.8259
Chronopotentiometry,0.02,1800,10,718.7,0.8259,0.8259
Chronopotentiometry,0.02,1800,10,718.8,0.8258,0.8258
Chronopotentiometry,0.02,1800,10,718.9,0.8259,0.8259
Chronopotentiometry,0.02,1800,10,719.0,0.8259,0.8259
Chronopotentiometry,0.02,1800,10,719.1,0.8259,0.8259
Chronopotentiometry,0.02,1800,10,719.2,0.8259,0.8259
Chronopotentiometry,0.02,1800,10,719.3,0.826,0.826
Chronopotentiometry,0.02,1800,10,719.4,0.8258,0.8258
Chronopotentiometry,0.02,1800,10,719.5,0.8258,0.8258
Chronopotentiometry,0.02,1800,10,719.6,0.8258,0.8258
Chronopotentiometry,0.02,1800,10,719.7,0.8258,0.8258
Chronopotentiometry,0.02,1800,10,719.8,0.8258,0.8258
Chronopotentiometry,0.02,1800,10,719.9,0.8259,0.8259
Chronopotentiometry,0.02,1800,10,720.0,0.8259,0.8259
Chronopotentiometry,0.02,1800,10,720.1,0.8258,0.8258
Chronopotentiometry,0.02,1800,10,720.2,0.8259,0.8259
Chronopotentiometry,0.02,1800,10,720.3,0.8259,0.8259
Chronopotentiometry,0.02,1800,10,720.4,0.826,0.826
Chronopotentiometry,0.02,1800,10,720.5,0.826,0.826
Chronopotentiometry,0.02,1800,10,720.6,0.826,0.826
Chronopotentiometry,0.02,1800,10,720.7,0.8259,0.8259
Chronopotentiometry,0.02,1800,10,720.8,0.8259,0.8259
Chronopotentiometry,0.02,1800,10,720.9,0.826,0.826
Chronopotentiometry,0.02,1800,10,721.0,0.826,0.826
Chronopotentiometry,0.02,1800,10,721.1,0.826,0.826
Chronopotentiometry,0.02,1800,10,721.2,0.826,0.826
Chronopotentiometry,0.02,1800,10,721.3,0.826,0.826
Chronopotentiometry,0.02,1800,10,721.4,0.8261,0.8261
Chronopotentiometry,0.02,1800,10,721.5,0.826,0.826
Chronopotentiometry,0.02,1800,10,721.6,0.8261,0.8261
Chronopotentiometry,0.02,1800,10,721.7,0.826,0.826
Chronopotentiometry,0.02,1800,10,721.8,0.8261,0.8261
Chronopotentiometry,0.02,1800,10,721.9,0.826,0.826
Chronopotentiometry,0.02,1800,10,722.0,0.8261,0.8261
Chronopotentiometry,0.02,1800,10,722.1,0.8261,0.8261
Chronopotentiometry,0.02,1800,10,722.2,0.8261,0.8261
Chronopotentiometry,0.02,1800,10,722.3,0.8261,0.8261
Chronopotentiometry,0.02,1800,10,722.4,0.8261,0.8261
Chronopotentiometry,0.02,1800,10,722.5,0.8261,0.8261
Chronopotentiometry,0.02,1800,10,722.6,0.8262,0.8262
Chronopotentiometry,0.02,1800,10,722.7,0.826,0.826
Chronopotentiometry,0.02,1800,10,722.8,0.826,0.826
Chronopotentiometry,0.02,1800,10,722.9,0.826,0.826
Chronopotentiometry,0.02,1800,10,723.0,0.826,0.826
Chronopotentiometry,0.02,1800,10,723.1,0.8261,0.8261
Chronopotentiometry,0.02,1800,10,723.2,0.8261,0.8261
Chronopotentiometry,0.02,1800,10,723.3,0.8261,0.8261
Chronopotentiometry,0.02,1800,10,723.4,0.8262,0.8262
Chronopotentiometry,0.02,1800,10,723.5,0.8261,0.8261
Chronopotentiometry,0.02,1800,10,723.6,0.8261,0.8261
Chronopotentiometry,0.02,1800,10,723.7,0.8261,0.8261
Chronopotentiometry,0.02,1800,10,723.8,0.8261,0.8261
Chronopotentiometry,0.02,1800,10,723.9,0.8261,0.8261
Chronopotentiometry,0.02,1800,10,724.0,0.8261,0.8261
Chronopotentiometry,0.02,1800,10,724.1,0.8261,0.8261
Chronopotentiometry,0.02,1800,10,724.2,0.8262,0.8262
Chronopotentiometry,0.02,1800,10,724.3,0.8262,0.8262
Chronopotentiometry,0.02,1800,10,724.4,0.8262,0.8262
Chronopotentiometry,0.02,1800,10,724.5,0.8262,0.8262
Chronopotentiometry,0.02,1800,10,724.6,0.8262,0.8262
Chronopotentiometry,0.02,1800,10,724.7,0.8262,0.8262
Chronopotentiometry,0.02,1800,10,724.8,0.8262,0.8262
Chronopotentiometry,0.02,1800,10,724.9,0.8263,0.8263
Chronopotentiometry,0.02,1800,10,725.0,0.8263,0.8263
Chronopotentiometry,0.02,1800,10,725.1,0.8262,0.8262
Chronopotentiometry,0.02,1800,10,725.2,0.8262,0.8262
Chronopotentiometry,0.02,1800,10,725.3,0.8262,0.8262
Chronopotentiometry,0.02,1800,10,725.4,0.8262,0.8262
Chronopotentiometry,0.02,1800,10,725.5,0.8262,0.8262
Chronopotentiometry,0.02,1800,10,725.6,0.8263,0.8263
Chronopotentiometry,0.02,1800,10,725.7,0.8262,0.8262
Chronopotentiometry,0.02,1800,10,725.8,0.8263,0.8263
Chronopotentiometry,0.02,1800,10,725.9,0.8263,0.8263
Chronopotentiometry,0.02,1800,10,726.0,0.8263,0.8263
Chronopotentiometry,0.02,1800,10,726.1,0.8263,0.8263
Chronopotentiometry,0.02,1800,10,726.2,0.8264,0.8264
Chronopotentiometry,0.02,1800,10,726.3,0.8264,0.8264
Chronopotentiometry,0.02,1800,10,726.4,0.8264,0.8264
Chronopotentiometry,0.02,1800,10,726.5,0.8264,0.8264
Chronopotentiometry,0.02,1800,10,726.6,0.8264,0.8264
Chronopotentiometry,0.02,1800,10,726.7,0.8264,0.8264
Chronopotentiometry,0.02,1800,10,726.8,0.8263,0.8263
Chronopotentiometry,0.02,1800,10,726.9,0.8263,0.8263
Chronopotentiometry,0.02,1800,10,727.0,0.8263,0.8263
Chronopotentiometry,0.02,1800,10,727.1,0.8264,0.8264
Chronopotentiometry,0.02,1800,10,727.2,0.8264,0.8264
Chronopotentiometry,0.02,1800,10,727.3,0.8264,0.8264
Chronopotentiometry,0.02,1800,10,727.4,0.8264,0.8264
Chronopotentiometry,0.02,1800,10,727.5,0.8264,0.8264
Chronopotentiometry,0.02,1800,10,727.6,0.8265,0.8265
Chronopotentiometry,0.02,1800,10,727.7,0.8264,0.8264
Chronopotentiometry,0.02,1800,10,727.8,0.8264,0.8264
Chronopotentiometry,0.02,1800,10,727.9,0.8263,0.8263
Chronopotentiometry,0.02,1800,10,728.0,0.8263,0.8263
Chronopotentiometry,0.02,1800,10,728.1,0.8263,0.8263
Chronopotentiometry,0.02,1800,10,728.2,0.8264,0.8264
Chronopotentiometry,0.02,1800,10,728.3,0.8264,0.8264
Chronopotentiometry,0.02,1800,10,728.4,0.8263,0.8263
Chronopotentiometry,0.02,1800,10,728.5,0.8264,0.8264
Chronopotentiometry,0.02,1800,10,728.6,0.8264,0.8264
Chronopotentiometry,0.02,1800,10,728.7,0.8264,0.8264
Chronopotentiometry,0.02,1800,10,728.8,0.8264,0.8264
Chronopotentiometry,0.02,1800,10,728.9,0.8265,0.8265
Chronopotentiometry,0.02,1800,10,729.0,0.8265,0.8265
Chronopotentiometry,0.02,1800,10,729.1,0.8265,0.8265
Chronopotentiometry,0.02,1800,10,729.2,0.8265,0.8265
Chronopotentiometry,0.02,1800,10,729.3,0.8265,0.8265
Chronopotentiometry,0.02,1800,10,729.4,0.8265,0.8265
Chronopotentiometry,0.02,1800,10,729.5,0.8265,0.8265
Chronopotentiometry,0.02,1800,10,729.6,0.8265,0.8265
Chronopotentiometry,0.02,1800,10,729.7,0.8265,0.8265
Chronopotentiometry,0.02,1800,10,729.8,0.8265,0.8265
Chronopotentiometry,0.02,1800,10,729.9,0.8265,0.8265
Chronopotentiometry,0.02,1800,10,730.0,0.8264,0.8264
Chronopotentiometry,0.02,1800,10,730.1,0.8264,0.8264
Chronopotentiometry,0.02,1800,10,730.2,0.8264,0.8264
Chronopotentiometry,0.02,1800,10,730.3,0.8265,0.8265
Chronopotentiometry,0.02,1800,10,730.4,0.8265,0.8265
Chronopotentiometry,0.02,1800,10,730.5,0.8265,0.8265
Chronopotentiometry,0.02,1800,10,730.6,0.8266,0.8266
Chronopotentiometry,0.02,1800,10,730.7,0.8266,0.8266
Chronopotentiometry,0.02,1800,10,730.8,0.8266,0.8266
Chronopotentiometry,0.02,1800,10,730.9,0.8266,0.8266
Chronopotentiometry,0.02,1800,10,731.0,0.8266,0.8266
Chronopotentiometry,0.02,1800,10,731.1,0.8265,0.8265
Chronopotentiometry,0.02,1800,10,731.2,0.8265,0.8265
Chronopotentiometry,0.02,1800,10,731.3,0.8265,0.8265
Chronopotentiometry,0.02,1800,10,731.4,0.8265,0.8265
Chronopotentiometry,0.02,1800,10,731.5,0.8266,0.8266
Chronopotentiometry,0.02,1800,10,731.6,0.8266,0.8266
Chronopotentiometry,0.02,1800,10,731.7,0.8265,0.8265
Chronopotentiometry,0.02,1800,10,731.8,0.8265,0.8265
Chronopotentiometry,0.02,1800,10,731.9,0.8266,0.8266
Chronopotentiometry,0.02,1800,10,732.0,0.8267,0.8267
Chronopotentiometry,0.02,1800,10,732.1,0.8267,0.8267
Chronopotentiometry,0.02,1800,10,732.2,0.8267,0.8267
Chronopotentiometry,0.02,1800,10,732.3,0.8266,0.8266
Chronopotentiometry,0.02,1800,10,732.4,0.8266,0.8266
Chronopotentiometry,0.02,1800,10,732.5,0.8266,0.8266
Chronopotentiometry,0.02,1800,10,732.6,0.8267,0.8267
Chronopotentiometry,0.02,1800,10,732.7,0.8267,0.8267
Chronopotentiometry,0.02,1800,10,732.8,0.8267,0.8267
Chronopotentiometry,0.02,1800,10,732.9,0.8267,0.8267
Chronopotentiometry,0.02,1800,10,733.0,0.8267,0.8267
Chronopotentiometry,0.02,1800,10,733.1,0.8268,0.8268
Chronopotentiometry,0.02,1800,10,733.2,0.8268,0.8268
Chronopotentiometry,0.02,1800,10,733.3,0.8267,0.8267
Chronopotentiometry,0.02,1800,10,733.4,0.8268,0.8268
Chronopotentiometry,0.02,1800,10,733.5,0.8267,0.8267
Chronopotentiometry,0.02,1800,10,733.6,0.8267,0.8267
Chronopotentiometry,0.02,1800,10,733.7,0.8267,0.8267
Chronopotentiometry,0.02,1800,10,733.8,0.8268,0.8268
Chronopotentiometry,0.02,1800,10,733.9,0.8269,0.8269
Chronopotentiometry,0.02,1800,10,734.0,0.8267,0.8267
Chronopotentiometry,0.02,1800,10,734.1,0.8268,0.8268
Chronopotentiometry,0.02,1800,10,734.2,0.8268,0.8268
Chronopotentiometry,0.02,1800,10,734.3,0.8268,0.8268
Chronopotentiometry,0.02,1800,10,734.4,0.8267,0.8267
Chronopotentiometry,0.02,1800,10,734.5,0.8267,0.8267
Chronopotentiometry,0.02,1800,10,734.6,0.8267,0.8267
Chronopotentiometry,0.02,1800,10,734.7,0.8268,0.8268
Chronopotentiometry,0.02,1800,10,734.8,0.8267,0.8267
Chronopotentiometry,0.02,1800,10,734.9,0.8268,0.8268
Chronopotentiometry,0.02,1800,10,735.0,0.8268,0.8268
Chronopotentiometry,0.02,1800,10,735.1,0.8268,0.8268
Chronopotentiometry,0.02,1800,10,735.2,0.8268,0.8268
Chronopotentiometry,0.02,1800,10,735.3,0.8268,0.8268
Chronopotentiometry,0.02,1800,10,735.4,0.8268,0.8268
Chronopotentiometry,0.02,1800,10,735.5,0.8268,0.8268
Chronopotentiometry,0.02,1800,10,735.6,0.8269,0.8269
Chronopotentiometry,0.02,1800,10,735.7,0.8269,0.8269
Chronopotentiometry,0.02,1800,10,735.8,0.8269,0.8269
Chronopotentiometry,0.02,1800,10,735.9,0.8269,0.8269
Chronopotentiometry,0.02,1800,10,736.0,0.8269,0.8269
Chronopotentiometry,0.02,1800,10,736.1,0.8269,0.8269
Chronopotentiometry,0.02,1800,10,736.2,0.8269,0.8269
Chronopotentiometry,0.02,1800,10,736.3,0.8269,0.8269
Chronopotentiometry,0.02,1800,10,736.4,0.8269,0.8269
Chronopotentiometry,0.02,1800,10,736.5,0.8269,0.8269
Chronopotentiometry,0.02,1800,10,736.6,0.827,0.827
Chronopotentiometry,0.02,1800,10,736.7,0.827,0.827
Chronopotentiometry,0.02,1800,10,736.8,0.8269,0.8269
Chronopotentiometry,0.02,1800,10,736.9,0.8269,0.8269
Chronopotentiometry,0.02,1800,10,737.0,0.8269,0.8269
Chronopotentiometry,0.02,1800,10,737.1,0.827,0.827
Chronopotentiometry,0.02,1800,10,737.2,0.827,0.827
Chronopotentiometry,0.02,1800,10,737.3,0.827,0.827
Chronopotentiometry,0.02,1800,10,737.4,0.827,0.827
Chronopotentiometry,0.02,1800,10,737.5,0.8269,0.8269
Chronopotentiometry,0.02,1800,10,737.6,0.8269,0.8269
Chronopotentiometry,0.02,1800,10,737.7,0.8269,0.8269
Chronopotentiometry,0.02,1800,10,737.8,0.8268,0.8268
Chronopotentiometry,0.02,1800,10,737.9,0.8269,0.8269
Chronopotentiometry,0.02,1800,10,738.0,0.8269,0.8269
Chronopotentiometry,0.02,1800,10,738.1,0.8269,0.8269
Chronopotentiometry,0.02,1800,10,738.2,0.8269,0.8269
Chronopotentiometry,0.02,1800,10,738.3,0.8268,0.8268
Chronopotentiometry,0.02,1800,10,738.4,0.8268,0.8268
Chronopotentiometry,0.02,1800,10,738.5,0.8268,0.8268
Chronopotentiometry,0.02,1800,10,738.6,0.8269,0.8269
Chronopotentiometry,0.02,1800,10,738.7,0.8269,0.8269
Chronopotentiometry,0.02,1800,10,738.8,0.8269,0.8269
Chronopotentiometry,0.02,1800,10,738.9,0.8269,0.8269
Chronopotentiometry,0.02,1800,10,739.0,0.8269,0.8269
Chronopotentiometry,0.02,1800,10,739.1,0.8269,0.8269
Chronopotentiometry,0.02,1800,10,739.2,0.8269,0.8269
Chronopotentiometry,0.02,1800,10,739.3,0.8269,0.8269
Chronopotentiometry,0.02,1800,10,739.4,0.827,0.827
Chronopotentiometry,0.02,1800,10,739.5,0.8269,0.8269
Chronopotentiometry,0.02,1800,10,739.6,0.827,0.827
Chronopotentiometry,0.02,1800,10,739.7,0.827,0.827
Chronopotentiometry,0.02,1800,10,739.8,0.827,0.827
Chronopotentiometry,0.02,1800,10,739.9,0.827,0.827
Chronopotentiometry,0.02,1800,10,740.0,0.827,0.827
Chronopotentiometry,0.02,1800,10,740.1,0.827,0.827
Chronopotentiometry,0.02,1800,10,740.2,0.827,0.827
Chronopotentiometry,0.02,1800,10,740.3,0.827,0.827
Chronopotentiometry,0.02,1800,10,740.4,0.827,0.827
Chronopotentiometry,0.02,1800,10,740.5,0.827,0.827
Chronopotentiometry,0.02,1800,10,740.6,0.827,0.827
Chronopotentiometry,0.02,1800,10,740.7,0.8271,0.8271
Chronopotentiometry,0.02,1800,10,740.8,0.827,0.827
Chronopotentiometry,0.02,1800,10,740.9,0.8269,0.8269
Chronopotentiometry,0.02,1800,10,741.0,0.8269,0.8269
Chronopotentiometry,0.02,1800,10,741.1,0.8269,0.8269
Chronopotentiometry,0.02,1800,10,741.2,0.827,0.827
Chronopotentiometry,0.02,1800,10,741.3,0.827,0.827
Chronopotentiometry,0.02,1800,10,741.4,0.827,0.827
Chronopotentiometry,0.02,1800,10,741.5,0.827,0.827
Chronopotentiometry,0.02,1800,10,741.6,0.827,0.827
Chronopotentiometry,0.02,1800,10,741.7,0.827,0.827
Chronopotentiometry,0.02,1800,10,741.8,0.827,0.827
Chronopotentiometry,0.02,1800,10,741.9,0.827,0.827
Chronopotentiometry,0.02,1800,10,742.0,0.8271,0.8271
Chronopotentiometry,0.02,1800,10,742.1,0.8271,0.8271
Chronopotentiometry,0.02,1800,10,742.2,0.8271,0.8271
Chronopotentiometry,0.02,1800,10,742.3,0.827,0.827
Chronopotentiometry,0.02,1800,10,742.4,0.8271,0.8271
Chronopotentiometry,0.02,1800,10,742.5,0.8271,0.8271
Chronopotentiometry,0.02,1800,10,742.6,0.8271,0.8271
Chronopotentiometry,0.02,1800,10,742.7,0.8271,0.8271
Chronopotentiometry,0.02,1800,10,742.8,0.8271,0.8271
Chronopotentiometry,0.02,1800,10,742.9,0.8272,0.8272
Chronopotentiometry,0.02,1800,10,743.0,0.8272,0.8272
Chronopotentiometry,0.02,1800,10,743.1,0.8271,0.8271
Chronopotentiometry,0.02,1800,10,743.2,0.8272,0.8272
Chronopotentiometry,0.02,1800,10,743.3,0.8271,0.8271
Chronopotentiometry,0.02,1800,10,743.4,0.8271,0.8271
Chronopotentiometry,0.02,1800,10,743.5,0.8271,0.8271
Chronopotentiometry,0.02,1800,10,743.6,0.8271,0.8271
Chronopotentiometry,0.02,1800,10,743.7,0.8271,0.8271
Chronopotentiometry,0.02,1800,10,743.8,0.8271,0.8271
Chronopotentiometry,0.02,1800,10,743.9,0.827,0.827
Chronopotentiometry,0.02,1800,10,744.0,0.8271,0.8271
Chronopotentiometry,0.02,1800,10,744.1,0.8271,0.8271
Chronopotentiometry,0.02,1800,10,744.2,0.8271,0.8271
Chronopotentiometry,0.02,1800,10,744.3,0.8272,0.8272
Chronopotentiometry,0.02,1800,10,744.4,0.8272,0.8272
Chronopotentiometry,0.02,1800,10,744.5,0.8271,0.8271
Chronopotentiometry,0.02,1800,10,744.6,0.8271,0.8271
Chronopotentiometry,0.02,1800,10,744.7,0.8271,0.8271
Chronopotentiometry,0.02,1800,10,744.8,0.8272,0.8272
Chronopotentiometry,0.02,1800,10,744.9,0.8272,0.8272
Chronopotentiometry,0.02,1800,10,745.0,0.8271,0.8271
Chronopotentiometry,0.02,1800,10,745.1,0.8271,0.8271
Chronopotentiometry,0.02,1800,10,745.2,0.8271,0.8271
Chronopotentiometry,0.02,1800,10,745.3,0.8271,0.8271
Chronopotentiometry,0.02,1800,10,745.4,0.8271,0.8271
Chronopotentiometry,0.02,1800,10,745.5,0.8272,0.8272
Chronopotentiometry,0.02,1800,10,745.6,0.8271,0.8271
Chronopotentiometry,0.02,1800,10,745.7,0.8271,0.8271
Chronopotentiometry,0.02,1800,10,745.8,0.8272,0.8272
Chronopotentiometry,0.02,1800,10,745.9,0.8273,0.8273
Chronopotentiometry,0.02,1800,10,746.0,0.8273,0.8273
Chronopotentiometry,0.02,1800,10,746.1,0.8273,0.8273
Chronopotentiometry,0.02,1800,10,746.2,0.8272,0.8272
Chronopotentiometry,0.02,1800,10,746.3,0.8272,0.8272
Chronopotentiometry,0.02,1800,10,746.4,0.8272,0.8272
Chronopotentiometry,0.02,1800,10,746.5,0.8274,0.8274
Chronopotentiometry,0.02,1800,10,746.6,0.8275,0.8275
Chronopotentiometry,0.02,1800,10,746.7,0.8274,0.8274
Chronopotentiometry,0.02,1800,10,746.8,0.8274,0.8274
Chronopotentiometry,0.02,1800,10,746.9,0.8273,0.8273
Chronopotentiometry,0.02,1800,10,747.0,0.8273,0.8273
Chronopotentiometry,0.02,1800,10,747.1,0.8274,0.8274
Chronopotentiometry,0.02,1800,10,747.2,0.8272,0.8272
Chronopotentiometry,0.02,1800,10,747.3,0.8273,0.8273
Chronopotentiometry,0.02,1800,10,747.4,0.8272,0.8272
Chronopotentiometry,0.02,1800,10,747.5,0.8272,0.8272
Chronopotentiometry,0.02,1800,10,747.6,0.8272,0.8272
Chronopotentiometry,0.02,1800,10,747.7,0.8273,0.8273
Chronopotentiometry,0.02,1800,10,747.8,0.8273,0.8273
Chronopotentiometry,0.02,1800,10,747.9,0.8273,0.8273
Chronopotentiometry,0.02,1800,10,748.0,0.8273,0.8273
Chronopotentiometry,0.02,1800,10,748.1,0.8272,0.8272
Chronopotentiometry,0.02,1800,10,748.2,0.8273,0.8273
Chronopotentiometry,0.02,1800,10,748.3,0.8273,0.8273
Chronopotentiometry,0.02,1800,10,748.4,0.8273,0.8273
Chronopotentiometry,0.02,1800,10,748.5,0.8272,0.8272
Chronopotentiometry,0.02,1800,10,748.6,0.8272,0.8272
Chronopotentiometry,0.02,1800,10,748.7,0.8272,0.8272
Chronopotentiometry,0.02,1800,10,748.8,0.8273,0.8273
Chronopotentiometry,0.02,1800,10,748.9,0.8273,0.8273
Chronopotentiometry,0.02,1800,10,749.0,0.8272,0.8272
Chronopotentiometry,0.02,1800,10,749.1,0.8273,0.8273
Chronopotentiometry,0.02,1800,10,749.2,0.8274,0.8274
Chronopotentiometry,0.02,1800,10,749.3,0.8274,0.8274
Chronopotentiometry,0.02,1800,10,749.4,0.8273,0.8273
Chronopotentiometry,0.02,1800,10,749.5,0.8273,0.8273
Chronopotentiometry,0.02,1800,10,749.6,0.8272,0.8272
Chronopotentiometry,0.02,1800,10,749.7,0.8271,0.8271
Chronopotentiometry,0.02,1800,10,749.8,0.8272,0.8272
Chronopotentiometry,0.02,1800,10,749.9,0.8273,0.8273
Chronopotentiometry,0.02,1800,10,750.0,0.8272,0.8272
Chronopotentiometry,0.02,1800,10,750.1,0.8272,0.8272
Chronopotentiometry,0.02,1800,10,750.2,0.8273,0.8273
Chronopotentiometry,0.02,1800,10,750.3,0.8273,0.8273
Chronopotentiometry,0.02,1800,10,750.4,0.8272,0.8272
Chronopotentiometry,0.02,1800,10,750.5,0.8273,0.8273
Chronopotentiometry,0.02,1800,10,750.6,0.8273,0.8273
Chronopotentiometry,0.02,1800,10,750.7,0.8273,0.8273
Chronopotentiometry,0.02,1800,10,750.8,0.8274,0.8274
Chronopotentiometry,0.02,1800,10,750.9,0.8273,0.8273
Chronopotentiometry,0.02,1800,10,751.0,0.8274,0.8274
Chronopotentiometry,0.02,1800,10,751.1,0.8273,0.8273
Chronopotentiometry,0.02,1800,10,751.2,0.8274,0.8274
Chronopotentiometry,0.02,1800,10,751.3,0.8274,0.8274
Chronopotentiometry,0.02,1800,10,751.4,0.8273,0.8273
Chronopotentiometry,0.02,1800,10,751.5,0.8273,0.8273
Chronopotentiometry,0.02,1800,10,751.6,0.8273,0.8273
Chronopotentiometry,0.02,1800,10,751.7,0.8273,0.8273
Chronopotentiometry,0.02,1800,10,751.8,0.8272,0.8272
Chronopotentiometry,0.02,1800,10,751.9,0.8273,0.8273
Chronopotentiometry,0.02,1800,10,752.0,0.8273,0.8273
Chronopotentiometry,0.02,1800,10,752.1,0.8274,0.8274
Chronopotentiometry,0.02,1800,10,752.2,0.8274,0.8274
Chronopotentiometry,0.02,1800,10,752.3,0.8274,0.8274
Chronopotentiometry,0.02,1800,10,752.4,0.8273,0.8273
Chronopotentiometry,0.02,1800,10,752.5,0.8273,0.8273
Chronopotentiometry,0.02,1800,10,752.6,0.8274,0.8274
Chronopotentiometry,0.02,1800,10,752.7,0.8274,0.8274
Chronopotentiometry,0.02,1800,10,752.8,0.8274,0.8274
Chronopotentiometry,0.02,1800,10,752.9,0.8274,0.8274
Chronopotentiometry,0.02,1800,10,753.0,0.8274,0.8274
Chronopotentiometry,0.02,1800,10,753.1,0.8274,0.8274
Chronopotentiometry,0.02,1800,10,753.2,0.8274,0.8274
Chronopotentiometry,0.02,1800,10,753.3,0.8275,0.8275
Chronopotentiometry,0.02,1800,10,753.4,0.8274,0.8274
Chronopotentiometry,0.02,1800,10,753.5,0.8274,0.8274
Chronopotentiometry,0.02,1800,10,753.6,0.8275,0.8275
Chronopotentiometry,0.02,1800,10,753.7,0.8275,0.8275
Chronopotentiometry,0.02,1800,10,753.8,0.8275,0.8275
Chronopotentiometry,0.02,1800,10,753.9,0.8274,0.8274
Chronopotentiometry,0.02,1800,10,754.0,0.8274,0.8274
Chronopotentiometry,0.02,1800,10,754.1,0.8275,0.8275
Chronopotentiometry,0.02,1800,10,754.2,0.8276,0.8276
Chronopotentiometry,0.02,1800,10,754.3,0.8276,0.8276
Chronopotentiometry,0.02,1800,10,754.4,0.8275,0.8275
Chronopotentiometry,0.02,1800,10,754.5,0.8275,0.8275
Chronopotentiometry,0.02,1800,10,754.6,0.8274,0.8274
Chronopotentiometry,0.02,1800,10,754.7,0.8275,0.8275
Chronopotentiometry,0.02,1800,10,754.8,0.8275,0.8275
Chronopotentiometry,0.02,1800,10,754.9,0.8275,0.8275
Chronopotentiometry,0.02,1800,10,755.0,0.8275,0.8275
Chronopotentiometry,0.02,1800,10,755.1,0.8274,0.8274
Chronopotentiometry,0.02,1800,10,755.2,0.8274,0.8274
Chronopotentiometry,0.02,1800,10,755.3,0.8275,0.8275
Chronopotentiometry,0.02,1800,10,755.4,0.8275,0.8275
Chronopotentiometry,0.02,1800,10,755.5,0.8275,0.8275
Chronopotentiometry,0.02,1800,10,755.6,0.8275,0.8275
Chronopotentiometry,0.02,1800,10,755.7,0.8276,0.8276
Chronopotentiometry,0.02,1800,10,755.8,0.8277,0.8277
Chronopotentiometry,0.02,1800,10,755.9,0.8276,0.8276
Chronopotentiometry,0.02,1800,10,756.0,0.8276,0.8276
Chronopotentiometry,0.02,1800,10,756.1,0.8277,0.8277
Chronopotentiometry,0.02,1800,10,756.2,0.8277,0.8277
Chronopotentiometry,0.02,1800,10,756.3,0.8276,0.8276
Chronopotentiometry,0.02,1800,10,756.4,0.8276,0.8276
Chronopotentiometry,0.02,1800,10,756.5,0.8277,0.8277
Chronopotentiometry,0.02,1800,10,756.6,0.8278,0.8278
Chronopotentiometry,0.02,1800,10,756.7,0.8278,0.8278
Chronopotentiometry,0.02,1800,10,756.8,0.8277,0.8277
Chronopotentiometry,0.02,1800,10,756.9,0.8277,0.8277
Chronopotentiometry,0.02,1800,10,757.0,0.8276,0.8276
Chronopotentiometry,0.02,1800,10,757.1,0.8277,0.8277
Chronopotentiometry,0.02,1800,10,757.2,0.8278,0.8278
Chronopotentiometry,0.02,1800,10,757.3,0.8276,0.8276
Chronopotentiometry,0.02,1800,10,757.4,0.8277,0.8277
Chronopotentiometry,0.02,1800,10,757.5,0.8277,0.8277
Chronopotentiometry,0.02,1800,10,757.6,0.8278,0.8278
Chronopotentiometry,0.02,1800,10,757.7,0.8277,0.8277
Chronopotentiometry,0.02,1800,10,757.8,0.8277,0.8277
Chronopotentiometry,0.02,1800,10,757.9,0.8276,0.8276
Chronopotentiometry,0.02,1800,10,758.0,0.8276,0.8276
Chronopotentiometry,0.02,1800,10,758.1,0.8276,0.8276
Chronopotentiometry,0.02,1800,10,758.2,0.8276,0.8276
Chronopotentiometry,0.02,1800,10,758.3,0.8277,0.8277
Chronopotentiometry,0.02,1800,10,758.4,0.8278,0.8278
Chronopotentiometry,0.02,1800,10,758.5,0.8277,0.8277
Chronopotentiometry,0.02,1800,10,758.6,0.8277,0.8277
Chronopotentiometry,0.02,1800,10,758.7,0.8277,0.8277
Chronopotentiometry,0.02,1800,10,758.8,0.8277,0.8277
Chronopotentiometry,0.02,1800,10,758.9,0.8278,0.8278
Chronopotentiometry,0.02,1800,10,759.0,0.8277,0.8277
Chronopotentiometry,0.02,1800,10,759.1,0.8277,0.8277
Chronopotentiometry,0.02,1800,10,759.2,0.8277,0.8277
Chronopotentiometry,0.02,1800,10,759.3,0.8277,0.8277
Chronopotentiometry,0.02,1800,10,759.4,0.8277,0.8277
Chronopotentiometry,0.02,1800,10,759.5,0.8277,0.8277
Chronopotentiometry,0.02,1800,10,759.6,0.8278,0.8278
Chronopotentiometry,0.02,1800,10,759.7,0.8278,0.8278
Chronopotentiometry,0.02,1800,10,759.8,0.8277,0.8277
Chronopotentiometry,0.02,1800,10,759.9,0.8277,0.8277
Chronopotentiometry,0.02,1800,10,760.0,0.8277,0.8277
Chronopotentiometry,0.02,1800,10,760.1,0.8277,0.8277
Chronopotentiometry,0.02,1800,10,760.2,0.8277,0.8277
Chronopotentiometry,0.02,1800,10,760.3,0.8277,0.8277
Chronopotentiometry,0.02,1800,10,760.4,0.8278,0.8278
Chronopotentiometry,0.02,1800,10,760.5,0.8278,0.8278
Chronopotentiometry,0.02,1800,10,760.6,0.8277,0.8277
Chronopotentiometry,0.02,1800,10,760.7,0.8278,0.8278
Chronopotentiometry,0.02,1800,10,760.8,0.8278,0.8278
Chronopotentiometry,0.02,1800,10,760.9,0.8278,0.8278
Chronopotentiometry,0.02,1800,10,761.0,0.8277,0.8277
Chronopotentiometry,0.02,1800,10,761.1,0.8278,0.8278
Chronopotentiometry,0.02,1800,10,761.2,0.8277,0.8277
Chronopotentiometry,0.02,1800,10,761.3,0.8277,0.8277
Chronopotentiometry,0.02,1800,10,761.4,0.8277,0.8277
Chronopotentiometry,0.02,1800,10,761.5,0.8277,0.8277
Chronopotentiometry,0.02,1800,10,761.6,0.8278,0.8278
Chronopotentiometry,0.02,1800,10,761.7,0.8277,0.8277
Chronopotentiometry,0.02,1800,10,761.8,0.8277,0.8277
Chronopotentiometry,0.02,1800,10,761.9,0.8277,0.8277
Chronopotentiometry,0.02,1800,10,762.0,0.8277,0.8277
Chronopotentiometry,0.02,1800,10,762.1,0.8277,0.8277
Chronopotentiometry,0.02,1800,10,762.2,0.8277,0.8277
Chronopotentiometry,0.02,1800,10,762.3,0.8277,0.8277
Chronopotentiometry,0.02,1800,10,762.4,0.8277,0.8277
Chronopotentiometry,0.02,1800,10,762.5,0.8278,0.8278
Chronopotentiometry,0.02,1800,10,762.6,0.8278,0.8278
Chronopotentiometry,0.02,1800,10,762.7,0.8278,0.8278
Chronopotentiometry,0.02,1800,10,762.8,0.8277,0.8277
Chronopotentiometry,0.02,1800,10,762.9,0.8277,0.8277
Chronopotentiometry,0.02,1800,10,763.0,0.8278,0.8278
Chronopotentiometry,0.02,1800,10,763.1,0.8278,0.8278
Chronopotentiometry,0.02,1800,10,763.2,0.8279,0.8279
Chronopotentiometry,0.02,1800,10,763.3,0.8278,0.8278
Chronopotentiometry,0.02,1800,10,763.4,0.8278,0.8278
Chronopotentiometry,0.02,1800,10,763.5,0.8279,0.8279
Chronopotentiometry,0.02,1800,10,763.6,0.8279,0.8279
Chronopotentiometry,0.02,1800,10,763.7,0.8279,0.8279
Chronopotentiometry,0.02,1800,10,763.8,0.8279,0.8279
Chronopotentiometry,0.02,1800,10,763.9,0.828,0.828
Chronopotentiometry,0.02,1800,10,764.0,0.8279,0.8279
Chronopotentiometry,0.02,1800,10,764.1,0.828,0.828
Chronopotentiometry,0.02,1800,10,764.2,0.828,0.828
Chronopotentiometry,0.02,1800,10,764.3,0.8279,0.8279
Chronopotentiometry,0.02,1800,10,764.4,0.8279,0.8279
Chronopotentiometry,0.02,1800,10,764.5,0.8279,0.8279
Chronopotentiometry,0.02,1800,10,764.6,0.8279,0.8279
Chronopotentiometry,0.02,1800,10,764.7,0.8279,0.8279
Chronopotentiometry,0.02,1800,10,764.8,0.8279,0.8279
Chronopotentiometry,0.02,1800,10,764.9,0.8279,0.8279
Chronopotentiometry,0.02,1800,10,765.0,0.8279,0.8279
Chronopotentiometry,0.02,1800,10,765.1,0.8279,0.8279
Chronopotentiometry,0.02,1800,10,765.2,0.8279,0.8279
Chronopotentiometry,0.02,1800,10,765.3,0.8279,0.8279
Chronopotentiometry,0.02,1800,10,765.4,0.8279,0.8279
Chronopotentiometry,0.02,1800,10,765.5,0.8279,0.8279
Chronopotentiometry,0.02,1800,10,765.6,0.8279,0.8279
Chronopotentiometry,0.02,1800,10,765.7,0.8279,0.8279
Chronopotentiometry,0.02,1800,10,765.8,0.8279,0.8279
Chronopotentiometry,0.02,1800,10,765.9,0.828,0.828
Chronopotentiometry,0.02,1800,10,766.0,0.828,0.828
Chronopotentiometry,0.02,1800,10,766.1,0.828,0.828
Chronopotentiometry,0.02,1800,10,766.2,0.828,0.828
Chronopotentiometry,0.02,1800,10,766.3,0.828,0.828
Chronopotentiometry,0.02,1800,10,766.4,0.8279,0.8279
Chronopotentiometry,0.02,1800,10,766.5,0.828,0.828
Chronopotentiometry,0.02,1800,10,766.6,0.8279,0.8279
Chronopotentiometry,0.02,1800,10,766.7,0.8279,0.8279
Chronopotentiometry,0.02,1800,10,766.8,0.8279,0.8279
Chronopotentiometry,0.02,1800,10,766.9,0.828,0.828
Chronopotentiometry,0.02,1800,10,767.0,0.8281,0.8281
Chronopotentiometry,0.02,1800,10,767.1,0.8279,0.8279
Chronopotentiometry,0.02,1800,10,767.2,0.828,0.828
Chronopotentiometry,0.02,1800,10,767.3,0.8281,0.8281
Chronopotentiometry,0.02,1800,10,767.4,0.8281,0.8281
Chronopotentiometry,0.02,1800,10,767.5,0.8281,0.8281
Chronopotentiometry,0.02,1800,10,767.6,0.828,0.828
Chronopotentiometry,0.02,1800,10,767.7,0.8281,0.8281
Chronopotentiometry,0.02,1800,10,767.8,0.828,0.828
Chronopotentiometry,0.02,1800,10,767.9,0.828,0.828
Chronopotentiometry,0.02,1800,10,768.0,0.828,0.828
Chronopotentiometry,0.02,1800,10,768.1,0.8281,0.8281
Chronopotentiometry,0.02,1800,10,768.2,0.828,0.828
Chronopotentiometry,0.02,1800,10,768.3,0.8281,0.8281
Chronopotentiometry,0.02,1800,10,768.4,0.8281,0.8281
Chronopotentiometry,0.02,1800,10,768.5,0.8281,0.8281
Chronopotentiometry,0.02,1800,10,768.6,0.8282,0.8282
Chronopotentiometry,0.02,1800,10,768.7,0.8281,0.8281
Chronopotentiometry,0.02,1800,10,768.8,0.8282,0.8282
Chronopotentiometry,0.02,1800,10,768.9,0.8281,0.8281
Chronopotentiometry,0.02,1800,10,769.0,0.8281,0.8281
Chronopotentiometry,0.02,1800,10,769.1,0.828,0.828
Chronopotentiometry,0.02,1800,10,769.2,0.8281,0.8281
Chronopotentiometry,0.02,1800,10,769.3,0.8282,0.8282
Chronopotentiometry,0.02,1800,10,769.4,0.8281,0.8281
Chronopotentiometry,0.02,1800,10,769.5,0.8281,0.8281
Chronopotentiometry,0.02,1800,10,769.6,0.8281,0.8281
Chronopotentiometry,0.02,1800,10,769.7,0.8281,0.8281
Chronopotentiometry,0.02,1800,10,769.8,0.8282,0.8282
Chronopotentiometry,0.02,1800,10,769.9,0.8282,0.8282
Chronopotentiometry,0.02,1800,10,770.0,0.8283,0.8283
Chronopotentiometry,0.02,1800,10,770.1,0.8282,0.8282
Chronopotentiometry,0.02,1800,10,770.2,0.8283,0.8283
Chronopotentiometry,0.02,1800,10,770.3,0.8282,0.8282
Chronopotentiometry,0.02,1800,10,770.4,0.8282,0.8282
Chronopotentiometry,0.02,1800,10,770.5,0.8282,0.8282
Chronopotentiometry,0.02,1800,10,770.6,0.8282,0.8282
Chronopotentiometry,0.02,1800,10,770.7,0.8282,0.8282
Chronopotentiometry,0.02,1800,10,770.8,0.8282,0.8282
Chronopotentiometry,0.02,1800,10,770.9,0.8282,0.8282
Chronopotentiometry,0.02,1800,10,771.0,0.8282,0.8282
Chronopotentiometry,0.02,1800,10,771.1,0.8282,0.8282
Chronopotentiometry,0.02,1800,10,771.2,0.8281,0.8281
Chronopotentiometry,0.02,1800,10,771.3,0.8282,0.8282
Chronopotentiometry,0.02,1800,10,771.4,0.8282,0.8282
Chronopotentiometry,0.02,1800,10,771.5,0.8283,0.8283
Chronopotentiometry,0.02,1800,10,771.6,0.8282,0.8282
Chronopotentiometry,0.02,1800,10,771.7,0.8282,0.8282
Chronopotentiometry,0.02,1800,10,771.8,0.8282,0.8282
Chronopotentiometry,0.02,1800,10,771.9,0.8283,0.8283
Chronopotentiometry,0.02,1800,10,772.0,0.8283,0.8283
Chronopotentiometry,0.02,1800,10,772.1,0.8283,0.8283
Chronopotentiometry,0.02,1800,10,772.2,0.8282,0.8282
Chronopotentiometry,0.02,1800,10,772.3,0.8281,0.8281
Chronopotentiometry,0.02,1800,10,772.4,0.8282,0.8282
Chronopotentiometry,0.02,1800,10,772.5,0.8282,0.8282
Chronopotentiometry,0.02,1800,10,772.6,0.8282,0.8282
Chronopotentiometry,0.02,1800,10,772.7,0.8282,0.8282
Chronopotentiometry,0.02,1800,10,772.8,0.8282,0.8282
Chronopotentiometry,0.02,1800,10,772.9,0.8282,0.8282
Chronopotentiometry,0.02,1800,10,773.0,0.8283,0.8283
Chronopotentiometry,0.02,1800,10,773.1,0.8282,0.8282
Chronopotentiometry,0.02,1800,10,773.2,0.8283,0.8283
Chronopotentiometry,0.02,1800,10,773.3,0.8283,0.8283
Chronopotentiometry,0.02,1800,10,773.4,0.8283,0.8283
Chronopotentiometry,0.02,1800,10,773.5,0.8283,0.8283
Chronopotentiometry,0.02,1800,10,773.6,0.8282,0.8282
Chronopotentiometry,0.02,1800,10,773.7,0.8282,0.8282
Chronopotentiometry,0.02,1800,10,773.8,0.8282,0.8282
Chronopotentiometry,0.02,1800,10,773.9,0.8283,0.8283
Chronopotentiometry,0.02,1800,10,774.0,0.8283,0.8283
Chronopotentiometry,0.02,1800,10,774.1,0.8283,0.8283
Chronopotentiometry,0.02,1800,10,774.2,0.8283,0.8283
Chronopotentiometry,0.02,1800,10,774.3,0.8283,0.8283
Chronopotentiometry,0.02,1800,10,774.4,0.8283,0.8283
Chronopotentiometry,0.02,1800,10,774.5,0.8283,0.8283
Chronopotentiometry,0.02,1800,10,774.6,0.8282,0.8282
Chronopotentiometry,0.02,1800,10,774.7,0.8282,0.8282
Chronopotentiometry,0.02,1800,10,774.8,0.8282,0.8282
Chronopotentiometry,0.02,1800,10,774.9,0.8283,0.8283
Chronopotentiometry,0.02,1800,10,775.0,0.8284,0.8284
Chronopotentiometry,0.02,1800,10,775.1,0.8284,0.8284
Chronopotentiometry,0.02,1800,10,775.2,0.8284,0.8284
Chronopotentiometry,0.02,1800,10,775.3,0.8283,0.8283
Chronopotentiometry,0.02,1800,10,775.4,0.8283,0.8283
Chronopotentiometry,0.02,1800,10,775.5,0.8283,0.8283
Chronopotentiometry,0.02,1800,10,775.6,0.8284,0.8284
Chronopotentiometry,0.02,1800,10,775.7,0.8285,0.8285
Chronopotentiometry,0.02,1800,10,775.8,0.8284,0.8284
Chronopotentiometry,0.02,1800,10,775.9,0.8284,0.8284
Chronopotentiometry,0.02,1800,10,776.0,0.8284,0.8284
Chronopotentiometry,0.02,1800,10,776.1,0.8284,0.8284
Chronopotentiometry,0.02,1800,10,776.2,0.8284,0.8284
Chronopotentiometry,0.02,1800,10,776.3,0.8283,0.8283
Chronopotentiometry,0.02,1800,10,776.4,0.8282,0.8282
Chronopotentiometry,0.02,1800,10,776.5,0.8283,0.8283
Chronopotentiometry,0.02,1800,10,776.6,0.8283,0.8283
Chronopotentiometry,0.02,1800,10,776.7,0.8282,0.8282
Chronopotentiometry,0.02,1800,10,776.8,0.8282,0.8282
Chronopotentiometry,0.02,1800,10,776.9,0.8283,0.8283
Chronopotentiometry,0.02,1800,10,777.0,0.8284,0.8284
Chronopotentiometry,0.02,1800,10,777.1,0.8284,0.8284
Chronopotentiometry,0.02,1800,10,777.2,0.8283,0.8283
Chronopotentiometry,0.02,1800,10,777.3,0.8283,0.8283
Chronopotentiometry,0.02,1800,10,777.4,0.8282,0.8282
Chronopotentiometry,0.02,1800,10,777.5,0.8283,0.8283
Chronopotentiometry,0.02,1800,10,777.6,0.8284,0.8284
Chronopotentiometry,0.02,1800,10,777.7,0.8283,0.8283
Chronopotentiometry,0.02,1800,10,777.8,0.8282,0.8282
Chronopotentiometry,0.02,1800,10,777.9,0.8283,0.8283
Chronopotentiometry,0.02,1800,10,778.0,0.8283,0.8283
Chronopotentiometry,0.02,1800,10,778.1,0.8284,0.8284
Chronopotentiometry,0.02,1800,10,778.2,0.8283,0.8283
Chronopotentiometry,0.02,1800,10,778.3,0.8283,0.8283
Chronopotentiometry,0.02,1800,10,778.4,0.8284,0.8284
Chronopotentiometry,0.02,1800,10,778.5,0.8284,0.8284
Chronopotentiometry,0.02,1800,10,778.6,0.8283,0.8283
Chronopotentiometry,0.02,1800,10,778.7,0.8283,0.8283
Chronopotentiometry,0.02,1800,10,778.8,0.8283,0.8283
Chronopotentiometry,0.02,1800,10,778.9,0.8284,0.8284
Chronopotentiometry,0.02,1800,10,779.0,0.8284,0.8284
Chronopotentiometry,0.02,1800,10,779.1,0.8283,0.8283
Chronopotentiometry,0.02,1800,10,779.2,0.8283,0.8283
Chronopotentiometry,0.02,1800,10,779.3,0.8283,0.8283
Chronopotentiometry,0.02,1800,10,779.4,0.8284,0.8284
Chronopotentiometry,0.02,1800,10,779.5,0.8284,0.8284
Chronopotentiometry,0.02,1800,10,779.6,0.8284,0.8284
Chronopotentiometry,0.02,1800,10,779.7,0.8284,0.8284
Chronopotentiometry,0.02,1800,10,779.8,0.8284,0.8284
Chronopotentiometry,0.02,1800,10,779.9,0.8285,0.8285
Chronopotentiometry,0.02,1800,10,780.0,0.8285,0.8285
Chronopotentiometry,0.02,1800,10,780.1,0.8285,0.8285
Chronopotentiometry,0.02,1800,10,780.2,0.8284,0.8284
Chronopotentiometry,0.02,1800,10,780.3,0.8284,0.8284
Chronopotentiometry,0.02,1800,10,780.4,0.8284,0.8284
Chronopotentiometry,0.02,1800,10,780.5,0.8284,0.8284
Chronopotentiometry,0.02,1800,10,780.6,0.8284,0.8284
Chronopotentiometry,0.02,1800,10,780.7,0.8284,0.8284
Chronopotentiometry,0.02,1800,10,780.8,0.8284,0.8284
Chronopotentiometry,0.02,1800,10,780.9,0.8284,0.8284
Chronopotentiometry,0.02,1800,10,781.0,0.8285,0.8285
Chronopotentiometry,0.02,1800,10,781.1,0.8285,0.8285
Chronopotentiometry,0.02,1800,10,781.2,0.8285,0.8285
Chronopotentiometry,0.02,1800,10,781.3,0.8285,0.8285
Chronopotentiometry,0.02,1800,10,781.4,0.8285,0.8285
Chronopotentiometry,0.02,1800,10,781.5,0.8285,0.8285
Chronopotentiometry,0.02,1800,10,781.6,0.8285,0.8285
Chronopotentiometry,0.02,1800,10,781.7,0.8286,0.8286
Chronopotentiometry,0.02,1800,10,781.8,0.8285,0.8285
Chronopotentiometry,0.02,1800,10,781.9,0.8285,0.8285
Chronopotentiometry,0.02,1800,10,782.0,0.8285,0.8285
Chronopotentiometry,0.02,1800,10,782.1,0.8285,0.8285
Chronopotentiometry,0.02,1800,10,782.2,0.8285,0.8285
Chronopotentiometry,0.02,1800,10,782.3,0.8285,0.8285
Chronopotentiometry,0.02,1800,10,782.4,0.8286,0.8286
Chronopotentiometry,0.02,1800,10,782.5,0.8285,0.8285
Chronopotentiometry,0.02,1800,10,782.6,0.8286,0.8286
Chronopotentiometry,0.02,1800,10,782.7,0.8285,0.8285
Chronopotentiometry,0.02,1800,10,782.8,0.8286,0.8286
Chronopotentiometry,0.02,1800,10,782.9,0.8286,0.8286
Chronopotentiometry,0.02,1800,10,783.0,0.8287,0.8287
Chronopotentiometry,0.02,1800,10,783.1,0.8287,0.8287
Chronopotentiometry,0.02,1800,10,783.2,0.8286,0.8286
Chronopotentiometry,0.02,1800,10,783.3,0.8286,0.8286
Chronopotentiometry,0.02,1800,10,783.4,0.8286,0.8286
Chronopotentiometry,0.02,1800,10,783.5,0.8286,0.8286
Chronopotentiometry,0.02,1800,10,783.6,0.8286,0.8286
Chronopotentiometry,0.02,1800,10,783.7,0.8285,0.8285
Chronopotentiometry,0.02,1800,10,783.8,0.8287,0.8287
Chronopotentiometry,0.02,1800,10,783.9,0.8287,0.8287
Chronopotentiometry,0.02,1800,10,784.0,0.8287,0.8287
Chronopotentiometry,0.02,1800,10,784.1,0.8286,0.8286
Chronopotentiometry,0.02,1800,10,784.2,0.8286,0.8286
Chronopotentiometry,0.02,1800,10,784.3,0.8286,0.8286
Chronopotentiometry,0.02,1800,10,784.4,0.8287,0.8287
Chronopotentiometry,0.02,1800,10,784.5,0.8288,0.8288
Chronopotentiometry,0.02,1800,10,784.6,0.8288,0.8288
Chronopotentiometry,0.02,1800,10,784.7,0.8287,0.8287
Chronopotentiometry,0.02,1800,10,784.8,0.8288,0.8288
Chronopotentiometry,0.02,1800,10,784.9,0.8288,0.8288
Chronopotentiometry,0.02,1800,10,785.0,0.8287,0.8287
Chronopotentiometry,0.02,1800,10,785.1,0.8287,0.8287
Chronopotentiometry,0.02,1800,10,785.2,0.8287,0.8287
Chronopotentiometry,0.02,1800,10,785.3,0.8287,0.8287
Chronopotentiometry,0.02,1800,10,785.4,0.8288,0.8288
Chronopotentiometry,0.02,1800,10,785.5,0.8288,0.8288
Chronopotentiometry,0.02,1800,10,785.6,0.8288,0.8288
Chronopotentiometry,0.02,1800,10,785.7,0.8287,0.8287
Chronopotentiometry,0.02,1800,10,785.8,0.8287,0.8287
Chronopotentiometry,0.02,1800,10,785.9,0.8288,0.8288
Chronopotentiometry,0.02,1800,10,786.0,0.8288,0.8288
Chronopotentiometry,0.02,1800,10,786.1,0.8287,0.8287
Chronopotentiometry,0.02,1800,10,786.2,0.8286,0.8286
Chronopotentiometry,0.02,1800,10,786.3,0.8285,0.8285
Chronopotentiometry,0.02,1800,10,786.4,0.8286,0.8286
Chronopotentiometry,0.02,1800,10,786.5,0.8286,0.8286
Chronopotentiometry,0.02,1800,10,786.6,0.8287,0.8287
Chronopotentiometry,0.02,1800,10,786.7,0.8286,0.8286
Chronopotentiometry,0.02,1800,10,786.8,0.8285,0.8285
Chronopotentiometry,0.02,1800,10,786.9,0.8286,0.8286
Chronopotentiometry,0.02,1800,10,787.0,0.8286,0.8286
Chronopotentiometry,0.02,1800,10,787.1,0.8286,0.8286
Chronopotentiometry,0.02,1800,10,787.2,0.8286,0.8286
Chronopotentiometry,0.02,1800,10,787.3,0.8287,0.8287
Chronopotentiometry,0.02,1800,10,787.4,0.8287,0.8287
Chronopotentiometry,0.02,1800,10,787.5,0.8287,0.8287
Chronopotentiometry,0.02,1800,10,787.6,0.8287,0.8287
Chronopotentiometry,0.02,1800,10,787.7,0.8287,0.8287
Chronopotentiometry,0.02,1800,10,787.8,0.8287,0.8287
Chronopotentiometry,0.02,1800,10,787.9,0.8287,0.8287
Chronopotentiometry,0.02,1800,10,788.0,0.8287,0.8287
Chronopotentiometry,0.02,1800,10,788.1,0.8287,0.8287
Chronopotentiometry,0.02,1800,10,788.2,0.8287,0.8287
Chronopotentiometry,0.02,1800,10,788.3,0.8287,0.8287
Chronopotentiometry,0.02,1800,10,788.4,0.8287,0.8287
Chronopotentiometry,0.02,1800,10,788.5,0.8288,0.8288
Chronopotentiometry,0.02,1800,10,788.6,0.8288,0.8288
Chronopotentiometry,0.02,1800,10,788.7,0.8287,0.8287
Chronopotentiometry,0.02,1800,10,788.8,0.8288,0.8288
Chronopotentiometry,0.02,1800,10,788.9,0.8288,0.8288
Chronopotentiometry,0.02,1800,10,789.0,0.8288,0.8288
Chronopotentiometry,0.02,1800,10,789.1,0.8289,0.8289
Chronopotentiometry,0.02,1800,10,789.2,0.8288,0.8288
Chronopotentiometry,0.02,1800,10,789.3,0.8288,0.8288
Chronopotentiometry,0.02,1800,10,789.4,0.8288,0.8288
Chronopotentiometry,0.02,1800,10,789.5,0.8288,0.8288
Chronopotentiometry,0.02,1800,10,789.6,0.8288,0.8288
Chronopotentiometry,0.02,1800,10,789.7,0.8288,0.8288
Chronopotentiometry,0.02,1800,10,789.8,0.8288,0.8288
Chronopotentiometry,0.02,1800,10,789.9,0.8288,0.8288
Chronopotentiometry,0.02,1800,10,790.0,0.8288,0.8288
Chronopotentiometry,0.02,1800,10,790.1,0.8288,0.8288
Chronopotentiometry,0.02,1800,10,790.2,0.8288,0.8288
Chronopotentiometry,0.02,1800,10,790.3,0.8288,0.8288
Chronopotentiometry,0.02,1800,10,790.4,0.8288,0.8288
Chronopotentiometry,0.02,1800,10,790.5,0.8289,0.8289
Chronopotentiometry,0.02,1800,10,790.6,0.8288,0.8288
Chronopotentiometry,0.02,1800,10,790.7,0.8289,0.8289
Chronopotentiometry,0.02,1800,10,790.8,0.829,0.829
Chronopotentiometry,0.02,1800,10,790.9,0.829,0.829
Chronopotentiometry,0.02,1800,10,791.0,0.8289,0.8289
Chronopotentiometry,0.02,1800,10,791.1,0.8289,0.8289
Chronopotentiometry,0.02,1800,10,791.2,0.8289,0.8289
Chronopotentiometry,0.02,1800,10,791.3,0.829,0.829
Chronopotentiometry,0.02,1800,10,791.4,0.8289,0.8289
Chronopotentiometry,0.02,1800,10,791.5,0.8289,0.8289
Chronopotentiometry,0.02,1800,10,791.6,0.8289,0.8289
Chronopotentiometry,0.02,1800,10,791.7,0.829,0.829
Chronopotentiometry,0.02,1800,10,791.8,0.8289,0.8289
Chronopotentiometry,0.02,1800,10,791.9,0.8288,0.8288
Chronopotentiometry,0.02,1800,10,792.0,0.8289,0.8289
Chronopotentiometry,0.02,1800,10,792.1,0.829,0.829
Chronopotentiometry,0.02,1800,10,792.2,0.8289,0.8289
Chronopotentiometry,0.02,1800,10,792.3,0.829,0.829
Chronopotentiometry,0.02,1800,10,792.4,0.8289,0.8289
Chronopotentiometry,0.02,1800,10,792.5,0.8289,0.8289
Chronopotentiometry,0.02,1800,10,792.6,0.8289,0.8289
Chronopotentiometry,0.02,1800,10,792.7,0.8288,0.8288
Chronopotentiometry,0.02,1800,10,792.8,0.8289,0.8289
Chronopotentiometry,0.02,1800,10,792.9,0.8289,0.8289
Chronopotentiometry,0.02,1800,10,793.0,0.8289,0.8289
Chronopotentiometry,0.02,1800,10,793.1,0.8289,0.8289
Chronopotentiometry,0.02,1800,10,793.2,0.829,0.829
Chronopotentiometry,0.02,1800,10,793.3,0.8289,0.8289
Chronopotentiometry,0.02,1800,10,793.4,0.8289,0.8289
Chronopotentiometry,0.02,1800,10,793.5,0.829,0.829
Chronopotentiometry,0.02,1800,10,793.6,0.8291,0.8291
Chronopotentiometry,0.02,1800,10,793.7,0.8289,0.8289
Chronopotentiometry,0.02,1800,10,793.8,0.829,0.829
Chronopotentiometry,0.02,1800,10,793.9,0.8289,0.8289
Chronopotentiometry,0.02,1800,10,794.0,0.8289,0.8289
Chronopotentiometry,0.02,1800,10,794.1,0.8289,0.8289
Chronopotentiometry,0.02,1800,10,794.2,0.829,0.829
Chronopotentiometry,0.02,1800,10,794.3,0.829,0.829
Chronopotentiometry,0.02,1800,10,794.4,0.8289,0.8289
Chronopotentiometry,0.02,1800,10,794.5,0.8289,0.8289
Chronopotentiometry,0.02,1800,10,794.6,0.829,0.829
Chronopotentiometry,0.02,1800,10,794.7,0.829,0.829
Chronopotentiometry,0.02,1800,10,794.8,0.829,0.829
Chronopotentiometry,0.02,1800,10,794.9,0.829,0.829
Chronopotentiometry,0.02,1800,10,795.0,0.8289,0.8289
Chronopotentiometry,0.02,1800,10,795.1,0.8289,0.8289
Chronopotentiometry,0.02,1800,10,795.2,0.8289,0.8289
Chronopotentiometry,0.02,1800,10,795.3,0.8289,0.8289
Chronopotentiometry,0.02,1800,10,795.4,0.829,0.829
Chronopotentiometry,0.02,1800,10,795.5,0.829,0.829
Chronopotentiometry,0.02,1800,10,795.6,0.829,0.829
Chronopotentiometry,0.02,1800,10,795.7,0.8291,0.8291
Chronopotentiometry,0.02,1800,10,795.8,0.829,0.829
Chronopotentiometry,0.02,1800,10,795.9,0.8289,0.8289
Chronopotentiometry,0.02,1800,10,796.0,0.829,0.829
Chronopotentiometry,0.02,1800,10,796.1,0.829,0.829
Chronopotentiometry,0.02,1800,10,796.2,0.829,0.829
Chronopotentiometry,0.02,1800,10,796.3,0.829,0.829
Chronopotentiometry,0.02,1800,10,796.4,0.829,0.829
Chronopotentiometry,0.02,1800,10,796.5,0.8291,0.8291
Chronopotentiometry,0.02,1800,10,796.6,0.829,0.829
Chronopotentiometry,0.02,1800,10,796.7,0.8291,0.8291
Chronopotentiometry,0.02,1800,10,796.8,0.8291,0.8291
Chronopotentiometry,0.02,1800,10,796.9,0.8291,0.8291
Chronopotentiometry,0.02,1800,10,797.0,0.8291,0.8291
Chronopotentiometry,0.02,1800,10,797.1,0.8291,0.8291
Chronopotentiometry,0.02,1800,10,797.2,0.8291,0.8291
Chronopotentiometry,0.02,1800,10,797.3,0.829,0.829
Chronopotentiometry,0.02,1800,10,797.4,0.829,0.829
Chronopotentiometry,0.02,1800,10,797.5,0.8291,0.8291
Chronopotentiometry,0.02,1800,10,797.6,0.8291,0.8291
Chronopotentiometry,0.02,1800,10,797.7,0.829,0.829
Chronopotentiometry,0.02,1800,10,797.8,0.8291,0.8291
Chronopotentiometry,0.02,1800,10,797.9,0.8291,0.8291
Chronopotentiometry,0.02,1800,10,798.0,0.8292,0.8292
Chronopotentiometry,0.02,1800,10,798.1,0.8291,0.8291
Chronopotentiometry,0.02,1800,10,798.2,0.8291,0.8291
Chronopotentiometry,0.02,1800,10,798.3,0.8292,0.8292
Chronopotentiometry,0.02,1800,10,798.4,0.8291,0.8291
Chronopotentiometry,0.02,1800,10,798.5,0.8292,0.8292
Chronopotentiometry,0.02,1800,10,798.6,0.8292,0.8292
Chronopotentiometry,0.02,1800,10,798.7,0.8293,0.8293
Chronopotentiometry,0.02,1800,10,798.8,0.8292,0.8292
Chronopotentiometry,0.02,1800,10,798.9,0.8292,0.8292
Chronopotentiometry,0.02,1800,10,799.0,0.8292,0.8292
Chronopotentiometry,0.02,1800,10,799.1,0.8292,0.8292
Chronopotentiometry,0.02,1800,10,799.2,0.8292,0.8292
Chronopotentiometry,0.02,1800,10,799.3,0.8291,0.8291
Chronopotentiometry,0.02,1800,10,799.4,0.8291,0.8291
Chronopotentiometry,0.02,1800,10,799.5,0.8292,0.8292
Chronopotentiometry,0.02,1800,10,799.6,0.8291,0.8291
Chronopotentiometry,0.02,1800,10,799.7,0.8292,0.8292
Chronopotentiometry,0.02,1800,10,799.8,0.8292,0.8292
Chronopotentiometry,0.02,1800,10,799.9,0.8292,0.8292
Chronopotentiometry,0.02,1800,10,800.0,0.8292,0.8292
Chronopotentiometry,0.02,1800,10,800.1,0.8292,0.8292
Chronopotentiometry,0.02,1800,10,800.2,0.8292,0.8292
Chronopotentiometry,0.02,1800,10,800.3,0.8293,0.8293
Chronopotentiometry,0.02,1800,10,800.4,0.8292,0.8292
Chronopotentiometry,0.02,1800,10,800.5,0.8291,0.8291
Chronopotentiometry,0.02,1800,10,800.6,0.8291,0.8291
Chronopotentiometry,0.02,1800,10,800.7,0.8292,0.8292
Chronopotentiometry,0.02,1800,10,800.8,0.8292,0.8292
Chronopotentiometry,0.02,1800,10,800.9,0.8292,0.8292
Chronopotentiometry,0.02,1800,10,801.0,0.8292,0.8292
Chronopotentiometry,0.02,1800,10,801.1,0.8292,0.8292
Chronopotentiometry,0.02,1800,10,801.2,0.8292,0.8292
Chronopotentiometry,0.02,1800,10,801.3,0.8292,0.8292
Chronopotentiometry,0.02,1800,10,801.4,0.8292,0.8292
Chronopotentiometry,0.02,1800,10,801.5,0.8292,0.8292
Chronopotentiometry,0.02,1800,10,801.6,0.8292,0.8292
Chronopotentiometry,0.02,1800,10,801.7,0.8293,0.8293
Chronopotentiometry,0.02,1800,10,801.8,0.8293,0.8293
Chronopotentiometry,0.02,1800,10,801.9,0.8293,0.8293
Chronopotentiometry,0.02,1800,10,802.0,0.8294,0.8294
Chronopotentiometry,0.02,1800,10,802.1,0.8293,0.8293
Chronopotentiometry,0.02,1800,10,802.2,0.8293,0.8293
Chronopotentiometry,0.02,1800,10,802.3,0.8293,0.8293
Chronopotentiometry,0.02,1800,10,802.4,0.8293,0.8293
Chronopotentiometry,0.02,1800,10,802.5,0.8294,0.8294
Chronopotentiometry,0.02,1800,10,802.6,0.8293,0.8293
Chronopotentiometry,0.02,1800,10,802.7,0.8294,0.8294
Chronopotentiometry,0.02,1800,10,802.8,0.8294,0.8294
Chronopotentiometry,0.02,1800,10,802.9,0.8294,0.8294
Chronopotentiometry,0.02,1800,10,803.0,0.8294,0.8294
Chronopotentiometry,0.02,1800,10,803.1,0.8293,0.8293
Chronopotentiometry,0.02,1800,10,803.2,0.8293,0.8293
Chronopotentiometry,0.02,1800,10,803.3,0.8293,0.8293
Chronopotentiometry,0.02,1800,10,803.4,0.8294,0.8294
Chronopotentiometry,0.02,1800,10,803.5,0.8294,0.8294
Chronopotentiometry,0.02,1800,10,803.6,0.8294,0.8294
Chronopotentiometry,0.02,1800,10,803.7,0.8294,0.8294
Chronopotentiometry,0.02,1800,10,803.8,0.8294,0.8294
Chronopotentiometry,0.02,1800,10,803.9,0.8294,0.8294
Chronopotentiometry,0.02,1800,10,804.0,0.8295,0.8295
Chronopotentiometry,0.02,1800,10,804.1,0.8295,0.8295
Chronopotentiometry,0.02,1800,10,804.2,0.8294,0.8294
Chronopotentiometry,0.02,1800,10,804.3,0.8294,0.8294
Chronopotentiometry,0.02,1800,10,804.4,0.8293,0.8293
Chronopotentiometry,0.02,1800,10,804.5,0.8293,0.8293
Chronopotentiometry,0.02,1800,10,804.6,0.8294,0.8294
Chronopotentiometry,0.02,1800,10,804.7,0.8294,0.8294
Chronopotentiometry,0.02,1800,10,804.8,0.8293,0.8293
Chronopotentiometry,0.02,1800,10,804.9,0.8294,0.8294
Chronopotentiometry,0.02,1800,10,805.0,0.8294,0.8294
Chronopotentiometry,0.02,1800,10,805.1,0.8294,0.8294
Chronopotentiometry,0.02,1800,10,805.2,0.8294,0.8294
Chronopotentiometry,0.02,1800,10,805.3,0.8294,0.8294
Chronopotentiometry,0.02,1800,10,805.4,0.8294,0.8294
Chronopotentiometry,0.02,1800,10,805.5,0.8295,0.8295
Chronopotentiometry,0.02,1800,10,805.6,0.8295,0.8295
Chronopotentiometry,0.02,1800,10,805.7,0.8295,0.8295
Chronopotentiometry,0.02,1800,10,805.8,0.8295,0.8295
Chronopotentiometry,0.02,1800,10,805.9,0.8295,0.8295
Chronopotentiometry,0.02,1800,10,806.0,0.8295,0.8295
Chronopotentiometry,0.02,1800,10,806.1,0.8294,0.8294
Chronopotentiometry,0.02,1800,10,806.2,0.8294,0.8294
Chronopotentiometry,0.02,1800,10,806.3,0.8294,0.8294
Chronopotentiometry,0.02,1800,10,806.4,0.8295,0.8295
Chronopotentiometry,0.02,1800,10,806.5,0.8295,0.8295
Chronopotentiometry,0.02,1800,10,806.6,0.8295,0.8295
Chronopotentiometry,0.02,1800,10,806.7,0.8295,0.8295
Chronopotentiometry,0.02,1800,10,806.8,0.8294,0.8294
Chronopotentiometry,0.02,1800,10,806.9,0.8295,0.8295
Chronopotentiometry,0.02,1800,10,807.0,0.8296,0.8296
Chronopotentiometry,0.02,1800,10,807.1,0.8296,0.8296
Chronopotentiometry,0.02,1800,10,807.2,0.8295,0.8295
Chronopotentiometry,0.02,1800,10,807.3,0.8295,0.8295
Chronopotentiometry,0.02,1800,10,807.4,0.8295,0.8295
Chronopotentiometry,0.02,1800,10,807.5,0.8295,0.8295
Chronopotentiometry,0.02,1800,10,807.6,0.8295,0.8295
Chronopotentiometry,0.02,1800,10,807.7,0.8296,0.8296
Chronopotentiometry,0.02,1800,10,807.8,0.8295,0.8295
Chronopotentiometry,0.02,1800,10,807.9,0.8295,0.8295
Chronopotentiometry,0.02,1800,10,808.0,0.8295,0.8295
Chronopotentiometry,0.02,1800,10,808.1,0.8294,0.8294
Chronopotentiometry,0.02,1800,10,808.2,0.8294,0.8294
Chronopotentiometry,0.02,1800,10,808.3,0.8294,0.8294
Chronopotentiometry,0.02,1800,10,808.4,0.8295,0.8295
Chronopotentiometry,0.02,1800,10,808.5,0.8294,0.8294
Chronopotentiometry,0.02,1800,10,808.6,0.8294,0.8294
Chronopotentiometry,0.02,1800,10,808.7,0.8295,0.8295
Chronopotentiometry,0.02,1800,10,808.8,0.8295,0.8295
Chronopotentiometry,0.02,1800,10,808.9,0.8295,0.8295
Chronopotentiometry,0.02,1800,10,809.0,0.8295,0.8295
Chronopotentiometry,0.02,1800,10,809.1,0.8295,0.8295
Chronopotentiometry,0.02,1800,10,809.2,0.8294,0.8294
Chronopotentiometry,0.02,1800,10,809.3,0.8295,0.8295
Chronopotentiometry,0.02,1800,10,809.4,0.8295,0.8295
Chronopotentiometry,0.02,1800,10,809.5,0.8296,0.8296
Chronopotentiometry,0.02,1800,10,809.6,0.8295,0.8295
Chronopotentiometry,0.02,1800,10,809.7,0.8295,0.8295
Chronopotentiometry,0.02,1800,10,809.8,0.8295,0.8295
Chronopotentiometry,0.02,1800,10,809.9,0.8295,0.8295
Chronopotentiometry,0.02,1800,10,810.0,0.8295,0.8295
Chronopotentiometry,0.02,1800,10,810.1,0.8296,0.8296
Chronopotentiometry,0.02,1800,10,810.2,0.8295,0.8295
Chronopotentiometry,0.02,1800,10,810.3,0.8295,0.8295
Chronopotentiometry,0.02,1800,10,810.4,0.8296,0.8296
Chronopotentiometry,0.02,1800,10,810.5,0.8295,0.8295
Chronopotentiometry,0.02,1800,10,810.6,0.8295,0.8295
Chronopotentiometry,0.02,1800,10,810.7,0.8295,0.8295
Chronopotentiometry,0.02,1800,10,810.8,0.8296,0.8296
Chronopotentiometry,0.02,1800,10,810.9,0.8296,0.8296
Chronopotentiometry,0.02,1800,10,811.0,0.8296,0.8296
Chronopotentiometry,0.02,1800,10,811.1,0.8295,0.8295
Chronopotentiometry,0.02,1800,10,811.2,0.8295,0.8295
Chronopotentiometry,0.02,1800,10,811.3,0.8295,0.8295
Chronopotentiometry,0.02,1800,10,811.4,0.8295,0.8295
Chronopotentiometry,0.02,1800,10,811.5,0.8296,0.8296
Chronopotentiometry,0.02,1800,10,811.6,0.8296,0.8296
Chronopotentiometry,0.02,1800,10,811.7,0.8295,0.8295
Chronopotentiometry,0.02,1800,10,811.8,0.8296,0.8296
Chronopotentiometry,0.02,1800,10,811.9,0.8296,0.8296
Chronopotentiometry,0.02,1800,10,812.0,0.8296,0.8296
Chronopotentiometry,0.02,1800,10,812.1,0.8296,0.8296
Chronopotentiometry,0.02,1800,10,812.2,0.8296,0.8296
Chronopotentiometry,0.02,1800,10,812.3,0.8295,0.8295
Chronopotentiometry,0.02,1800,10,812.4,0.8296,0.8296
Chronopotentiometry,0.02,1800,10,812.5,0.8297,0.8297
Chronopotentiometry,0.02,1800,10,812.6,0.8297,0.8297
Chronopotentiometry,0.02,1800,10,812.7,0.8295,0.8295
Chronopotentiometry,0.02,1800,10,812.8,0.8296,0.8296
Chronopotentiometry,0.02,1800,10,812.9,0.8296,0.8296
Chronopotentiometry,0.02,1800,10,813.0,0.8296,0.8296
Chronopotentiometry,0.02,1800,10,813.1,0.8296,0.8296
Chronopotentiometry,0.02,1800,10,813.2,0.8296,0.8296
Chronopotentiometry,0.02,1800,10,813.3,0.8297,0.8297
Chronopotentiometry,0.02,1800,10,813.4,0.8298,0.8298
Chronopotentiometry,0.02,1800,10,813.5,0.8297,0.8297
Chronopotentiometry,0.02,1800,10,813.6,0.8298,0.8298
Chronopotentiometry,0.02,1800,10,813.7,0.8297,0.8297
Chronopotentiometry,0.02,1800,10,813.8,0.8297,0.8297
Chronopotentiometry,0.02,1800,10,813.9,0.8297,0.8297
Chronopotentiometry,0.02,1800,10,814.0,0.8297,0.8297
Chronopotentiometry,0.02,1800,10,814.1,0.8296,0.8296
Chronopotentiometry,0.02,1800,10,814.2,0.8296,0.8296
Chronopotentiometry,0.02,1800,10,814.3,0.8297,0.8297
Chronopotentiometry,0.02,1800,10,814.4,0.8297,0.8297
Chronopotentiometry,0.02,1800,10,814.5,0.8297,0.8297
Chronopotentiometry,0.02,1800,10,814.6,0.8297,0.8297
Chronopotentiometry,0.02,1800,10,814.7,0.8298,0.8298
Chronopotentiometry,0.02,1800,10,814.8,0.8298,0.8298
Chronopotentiometry,0.02,1800,10,814.9,0.8299,0.8299
Chronopotentiometry,0.02,1800,10,815.0,0.8297,0.8297
Chronopotentiometry,0.02,1800,10,815.1,0.8296,0.8296
Chronopotentiometry,0.02,1800,10,815.2,0.8297,0.8297
Chronopotentiometry,0.02,1800,10,815.3,0.8298,0.8298
Chronopotentiometry,0.02,1800,10,815.4,0.8298,0.8298
Chronopotentiometry,0.02,1800,10,815.5,0.8298,0.8298
Chronopotentiometry,0.02,1800,10,815.6,0.8298,0.8298
Chronopotentiometry,0.02,1800,10,815.7,0.8298,0.8298
Chronopotentiometry,0.02,1800,10,815.8,0.8298,0.8298
Chronopotentiometry,0.02,1800,10,815.9,0.8297,0.8297
Chronopotentiometry,0.02,1800,10,816.0,0.8298,0.8298
Chronopotentiometry,0.02,1800,10,816.1,0.8297,0.8297
Chronopotentiometry,0.02,1800,10,816.2,0.8298,0.8298
Chronopotentiometry,0.02,1800,10,816.3,0.8298,0.8298
Chronopotentiometry,0.02,1800,10,816.4,0.8297,0.8297
Chronopotentiometry,0.02,1800,10,816.5,0.8297,0.8297
Chronopotentiometry,0.02,1800,10,816.6,0.8297,0.8297
Chronopotentiometry,0.02,1800,10,816.7,0.8298,0.8298
Chronopotentiometry,0.02,1800,10,816.8,0.8299,0.8299
Chronopotentiometry,0.02,1800,10,816.9,0.8299,0.8299
Chronopotentiometry,0.02,1800,10,817.0,0.8298,0.8298
Chronopotentiometry,0.02,1800,10,817.1,0.8298,0.8298
Chronopotentiometry,0.02,1800,10,817.2,0.8298,0.8298
Chronopotentiometry,0.02,1800,10,817.3,0.8299,0.8299
Chronopotentiometry,0.02,1800,10,817.4,0.8299,0.8299
Chronopotentiometry,0.02,1800,10,817.5,0.8299,0.8299
Chronopotentiometry,0.02,1800,10,817.6,0.8299,0.8299
Chronopotentiometry,0.02,1800,10,817.7,0.8298,0.8298
Chronopotentiometry,0.02,1800,10,817.8,0.8299,0.8299
Chronopotentiometry,0.02,1800,10,817.9,0.8299,0.8299
Chronopotentiometry,0.02,1800,10,818.0,0.8299,0.8299
Chronopotentiometry,0.02,1800,10,818.1,0.83,0.83
Chronopotentiometry,0.02,1800,10,818.2,0.8301,0.8301
Chronopotentiometry,0.02,1800,10,818.3,0.8299,0.8299
Chronopotentiometry,0.02,1800,10,818.4,0.8299,0.8299
Chronopotentiometry,0.02,1800,10,818.5,0.83,0.83
Chronopotentiometry,0.02,1800,10,818.6,0.83,0.83
Chronopotentiometry,0.02,1800,10,818.7,0.83,0.83
Chronopotentiometry,0.02,1800,10,818.8,0.83,0.83
Chronopotentiometry,0.02,1800,10,818.9,0.8299,0.8299
Chronopotentiometry,0.02,1800,10,819.0,0.83,0.83
Chronopotentiometry,0.02,1800,10,819.1,0.83,0.83
Chronopotentiometry,0.02,1800,10,819.2,0.83,0.83
Chronopotentiometry,0.02,1800,10,819.3,0.8301,0.8301
Chronopotentiometry,0.02,1800,10,819.4,0.83,0.83
Chronopotentiometry,0.02,1800,10,819.5,0.83,0.83
Chronopotentiometry,0.02,1800,10,819.6,0.83,0.83
Chronopotentiometry,0.02,1800,10,819.7,0.83,0.83
Chronopotentiometry,0.02,1800,10,819.8,0.8301,0.8301
Chronopotentiometry,0.02,1800,10,819.9,0.83,0.83
Chronopotentiometry,0.02,1800,10,820.0,0.8299,0.8299
Chronopotentiometry,0.02,1800,10,820.1,0.83,0.83
Chronopotentiometry,0.02,1800,10,820.2,0.8301,0.8301
Chronopotentiometry,0.02,1800,10,820.3,0.8301,0.8301
Chronopotentiometry,0.02,1800,10,820.4,0.83,0.83
Chronopotentiometry,0.02,1800,10,820.5,0.83,0.83
Chronopotentiometry,0.02,1800,10,820.6,0.8301,0.8301
Chronopotentiometry,0.02,1800,10,820.7,0.8301,0.8301
Chronopotentiometry,0.02,1800,10,820.8,0.83,0.83
Chronopotentiometry,0.02,1800,10,820.9,0.8301,0.8301
Chronopotentiometry,0.02,1800,10,821.0,0.8301,0.8301
Chronopotentiometry,0.02,1800,10,821.1,0.8302,0.8302
Chronopotentiometry,0.02,1800,10,821.2,0.83,0.83
Chronopotentiometry,0.02,1800,10,821.3,0.83,0.83
Chronopotentiometry,0.02,1800,10,821.4,0.83,0.83
Chronopotentiometry,0.02,1800,10,821.5,0.83,0.83
Chronopotentiometry,0.02,1800,10,821.6,0.8301,0.8301
Chronopotentiometry,0.02,1800,10,821.7,0.8301,0.8301
Chronopotentiometry,0.02,1800,10,821.8,0.8301,0.8301
Chronopotentiometry,0.02,1800,10,821.9,0.8301,0.8301
Chronopotentiometry,0.02,1800,10,822.0,0.83,0.83
Chronopotentiometry,0.02,1800,10,822.1,0.8299,0.8299
Chronopotentiometry,0.02,1800,10,822.2,0.83,0.83
Chronopotentiometry,0.02,1800,10,822.3,0.83,0.83
Chronopotentiometry,0.02,1800,10,822.4,0.83,0.83
Chronopotentiometry,0.02,1800,10,822.5,0.83,0.83
Chronopotentiometry,0.02,1800,10,822.6,0.83,0.83
Chronopotentiometry,0.02,1800,10,822.7,0.83,0.83
Chronopotentiometry,0.02,1800,10,822.8,0.83,0.83
Chronopotentiometry,0.02,1800,10,822.9,0.8301,0.8301
Chronopotentiometry,0.02,1800,10,823.0,0.8301,0.8301
Chronopotentiometry,0.02,1800,10,823.1,0.8301,0.8301
Chronopotentiometry,0.02,1800,10,823.2,0.8301,0.8301
Chronopotentiometry,0.02,1800,10,823.3,0.8301,0.8301
Chronopotentiometry,0.02,1800,10,823.4,0.8301,0.8301
Chronopotentiometry,0.02,1800,10,823.5,0.8301,0.8301
Chronopotentiometry,0.02,1800,10,823.6,0.8301,0.8301
Chronopotentiometry,0.02,1800,10,823.7,0.8302,0.8302
Chronopotentiometry,0.02,1800,10,823.8,0.8302,0.8302
Chronopotentiometry,0.02,1800,10,823.9,0.8301,0.8301
Chronopotentiometry,0.02,1800,10,824.0,0.8302,0.8302
Chronopotentiometry,0.02,1800,10,824.1,0.8302,0.8302
Chronopotentiometry,0.02,1800,10,824.2,0.8302,0.8302
Chronopotentiometry,0.02,1800,10,824.3,0.8302,0.8302
Chronopotentiometry,0.02,1800,10,824.4,0.8302,0.8302
Chronopotentiometry,0.02,1800,10,824.5,0.8302,0.8302
Chronopotentiometry,0.02,1800,10,824.6,0.8302,0.8302
Chronopotentiometry,0.02,1800,10,824.7,0.8301,0.8301
Chronopotentiometry,0.02,1800,10,824.8,0.8301,0.8301
Chronopotentiometry,0.02,1800,10,824.9,0.8301,0.8301
Chronopotentiometry,0.02,1800,10,825.0,0.8301,0.8301
Chronopotentiometry,0.02,1800,10,825.1,0.8302,0.8302
Chronopotentiometry,0.02,1800,10,825.2,0.8302,0.8302
Chronopotentiometry,0.02,1800,10,825.3,0.8302,0.8302
Chronopotentiometry,0.02,1800,10,825.4,0.8301,0.8301
Chronopotentiometry,0.02,1800,10,825.5,0.8302,0.8302
Chronopotentiometry,0.02,1800,10,825.6,0.8302,0.8302
Chronopotentiometry,0.02,1800,10,825.7,0.8302,0.8302
Chronopotentiometry,0.02,1800,10,825.8,0.8302,0.8302
Chronopotentiometry,0.02,1800,10,825.9,0.8302,0.8302
Chronopotentiometry,0.02,1800,10,826.0,0.8302,0.8302
Chronopotentiometry,0.02,1800,10,826.1,0.8303,0.8303
Chronopotentiometry,0.02,1800,10,826.2,0.8302,0.8302
Chronopotentiometry,0.02,1800,10,826.3,0.8302,0.8302
Chronopotentiometry,0.02,1800,10,826.4,0.8303,0.8303
Chronopotentiometry,0.02,1800,10,826.5,0.8303,0.8303
Chronopotentiometry,0.02,1800,10,826.6,0.8303,0.8303
Chronopotentiometry,0.02,1800,10,826.7,0.8303,0.8303
Chronopotentiometry,0.02,1800,10,826.8,0.8303,0.8303
Chronopotentiometry,0.02,1800,10,826.9,0.8302,0.8302
Chronopotentiometry,0.02,1800,10,827.0,0.8303,0.8303
Chronopotentiometry,0.02,1800,10,827.1,0.8303,0.8303
Chronopotentiometry,0.02,1800,10,827.2,0.8304,0.8304
Chronopotentiometry,0.02,1800,10,827.3,0.8303,0.8303
Chronopotentiometry,0.02,1800,10,827.4,0.8303,0.8303
Chronopotentiometry,0.02,1800,10,827.5,0.8304,0.8304
Chronopotentiometry,0.02,1800,10,827.6,0.8304,0.8304
Chronopotentiometry,0.02,1800,10,827.7,0.8304,0.8304
Chronopotentiometry,0.02,1800,10,827.8,0.8303,0.8303
Chronopotentiometry,0.02,1800,10,827.9,0.8304,0.8304
Chronopotentiometry,0.02,1800,10,828.0,0.8304,0.8304
Chronopotentiometry,0.02,1800,10,828.1,0.8303,0.8303
Chronopotentiometry,0.02,1800,10,828.2,0.8302,0.8302
Chronopotentiometry,0.02,1800,10,828.3,0.8304,0.8304
Chronopotentiometry,0.02,1800,10,828.4,0.8304,0.8304
Chronopotentiometry,0.02,1800,10,828.5,0.8304,0.8304
Chronopotentiometry,0.02,1800,10,828.6,0.8304,0.8304
Chronopotentiometry,0.02,1800,10,828.7,0.8304,0.8304
Chronopotentiometry,0.02,1800,10,828.8,0.8304,0.8304
Chronopotentiometry,0.02,1800,10,828.9,0.8305,0.8305
Chronopotentiometry,0.02,1800,10,829.0,0.8304,0.8304
Chronopotentiometry,0.02,1800,10,829.1,0.8304,0.8304
Chronopotentiometry,0.02,1800,10,829.2,0.8305,0.8305
Chronopotentiometry,0.02,1800,10,829.3,0.8304,0.8304
Chronopotentiometry,0.02,1800,10,829.4,0.8303,0.8303
Chronopotentiometry,0.02,1800,10,829.5,0.8304,0.8304
Chronopotentiometry,0.02,1800,10,829.6,0.8304,0.8304
Chronopotentiometry,0.02,1800,10,829.7,0.8305,0.8305
Chronopotentiometry,0.02,1800,10,829.8,0.8305,0.8305
Chronopotentiometry,0.02,1800,10,829.9,0.8304,0.8304
Chronopotentiometry,0.02,1800,10,830.0,0.8305,0.8305
Chronopotentiometry,0.02,1800,10,830.1,0.8305,0.8305
Chronopotentiometry,0.02,1800,10,830.2,0.8304,0.8304
Chronopotentiometry,0.02,1800,10,830.3,0.8304,0.8304
Chronopotentiometry,0.02,1800,10,830.4,0.8305,0.8305
Chronopotentiometry,0.02,1800,10,830.5,0.8305,0.8305
Chronopotentiometry,0.02,1800,10,830.6,0.8305,0.8305
Chronopotentiometry,0.02,1800,10,830.7,0.8305,0.8305
Chronopotentiometry,0.02,1800,10,830.8,0.8305,0.8305
Chronopotentiometry,0.02,1800,10,830.9,0.8305,0.8305
Chronopotentiometry,0.02,1800,10,831.0,0.8304,0.8304
Chronopotentiometry,0.02,1800,10,831.1,0.8304,0.8304
Chronopotentiometry,0.02,1800,10,831.2,0.8303,0.8303
Chronopotentiometry,0.02,1800,10,831.3,0.8304,0.8304
Chronopotentiometry,0.02,1800,10,831.4,0.8305,0.8305
Chronopotentiometry,0.02,1800,10,831.5,0.8305,0.8305
Chronopotentiometry,0.02,1800,10,831.6,0.8305,0.8305
Chronopotentiometry,0.02,1800,10,831.7,0.8304,0.8304
Chronopotentiometry,0.02,1800,10,831.8,0.8306,0.8306
Chronopotentiometry,0.02,1800,10,831.9,0.8305,0.8305
Chronopotentiometry,0.02,1800,10,832.0,0.8305,0.8305
Chronopotentiometry,0.02,1800,10,832.1,0.8306,0.8306
Chronopotentiometry,0.02,1800,10,832.2,0.8305,0.8305
Chronopotentiometry,0.02,1800,10,832.3,0.8306,0.8306
Chronopotentiometry,0.02,1800,10,832.4,0.8306,0.8306
Chronopotentiometry,0.02,1800,10,832.5,0.8305,0.8305
Chronopotentiometry,0.02,1800,10,832.6,0.8305,0.8305
Chronopotentiometry,0.02,1800,10,832.7,0.8305,0.8305
Chronopotentiometry,0.02,1800,10,832.8,0.8306,0.8306
Chronopotentiometry,0.02,1800,10,832.9,0.8305,0.8305
Chronopotentiometry,0.02,1800,10,833.0,0.8306,0.8306
Chronopotentiometry,0.02,1800,10,833.1,0.8306,0.8306
Chronopotentiometry,0.02,1800,10,833.2,0.8306,0.8306
Chronopotentiometry,0.02,1800,10,833.3,0.8306,0.8306
Chronopotentiometry,0.02,1800,10,833.4,0.8307,0.8307
Chronopotentiometry,0.02,1800,10,833.5,0.8306,0.8306
Chronopotentiometry,0.02,1800,10,833.6,0.8304,0.8304
Chronopotentiometry,0.02,1800,10,833.7,0.8304,0.8304
Chronopotentiometry,0.02,1800,10,833.8,0.8304,0.8304
Chronopotentiometry,0.02,1800,10,833.9,0.8305,0.8305
Chronopotentiometry,0.02,1800,10,834.0,0.8304,0.8304
Chronopotentiometry,0.02,1800,10,834.1,0.8305,0.8305
Chronopotentiometry,0.02,1800,10,834.2,0.8305,0.8305
Chronopotentiometry,0.02,1800,10,834.3,0.8305,0.8305
Chronopotentiometry,0.02,1800,10,834.4,0.8305,0.8305
Chronopotentiometry,0.02,1800,10,834.5,0.8305,0.8305
Chronopotentiometry,0.02,1800,10,834.6,0.8305,0.8305
Chronopotentiometry,0.02,1800,10,834.7,0.8306,0.8306
Chronopotentiometry,0.02,1800,10,834.8,0.8305,0.8305
Chronopotentiometry,0.02,1800,10,834.9,0.8306,0.8306
Chronopotentiometry,0.02,1800,10,835.0,0.8305,0.8305
Chronopotentiometry,0.02,1800,10,835.1,0.8305,0.8305
Chronopotentiometry,0.02,1800,10,835.2,0.8307,0.8307
Chronopotentiometry,0.02,1800,10,835.3,0.8307,0.8307
Chronopotentiometry,0.02,1800,10,835.4,0.8306,0.8306
Chronopotentiometry,0.02,1800,10,835.5,0.8305,0.8305
Chronopotentiometry,0.02,1800,10,835.6,0.8307,0.8307
Chronopotentiometry,0.02,1800,10,835.7,0.8307,0.8307
Chronopotentiometry,0.02,1800,10,835.8,0.8307,0.8307
Chronopotentiometry,0.02,1800,10,835.9,0.8306,0.8306
Chronopotentiometry,0.02,1800,10,836.0,0.8306,0.8306
Chronopotentiometry,0.02,1800,10,836.1,0.8306,0.8306
Chronopotentiometry,0.02,1800,10,836.2,0.8306,0.8306
Chronopotentiometry,0.02,1800,10,836.3,0.8307,0.8307
Chronopotentiometry,0.02,1800,10,836.4,0.8306,0.8306
Chronopotentiometry,0.02,1800,10,836.5,0.8307,0.8307
Chronopotentiometry,0.02,1800,10,836.6,0.8307,0.8307
Chronopotentiometry,0.02,1800,10,836.7,0.8306,0.8306
Chronopotentiometry,0.02,1800,10,836.8,0.8306,0.8306
Chronopotentiometry,0.02,1800,10,836.9,0.8306,0.8306
Chronopotentiometry,0.02,1800,10,837.0,0.8306,0.8306
Chronopotentiometry,0.02,1800,10,837.1,0.8306,0.8306
Chronopotentiometry,0.02,1800,10,837.2,0.8306,0.8306
Chronopotentiometry,0.02,1800,10,837.3,0.8307,0.8307
Chronopotentiometry,0.02,1800,10,837.4,0.8307,0.8307
Chronopotentiometry,0.02,1800,10,837.5,0.8307,0.8307
Chronopotentiometry,0.02,1800,10,837.6,0.8307,0.8307
Chronopotentiometry,0.02,1800,10,837.7,0.8307,0.8307
Chronopotentiometry,0.02,1800,10,837.8,0.8307,0.8307
Chronopotentiometry,0.02,1800,10,837.9,0.8308,0.8308
Chronopotentiometry,0.02,1800,10,838.0,0.8307,0.8307
Chronopotentiometry,0.02,1800,10,838.1,0.8308,0.8308
Chronopotentiometry,0.02,1800,10,838.2,0.8307,0.8307
Chronopotentiometry,0.02,1800,10,838.3,0.8307,0.8307
Chronopotentiometry,0.02,1800,10,838.4,0.8307,0.8307
Chronopotentiometry,0.02,1800,10,838.5,0.8307,0.8307
Chronopotentiometry,0.02,1800,10,838.6,0.8308,0.8308
Chronopotentiometry,0.02,1800,10,838.7,0.8308,0.8308
Chronopotentiometry,0.02,1800,10,838.8,0.8308,0.8308
Chronopotentiometry,0.02,1800,10,838.9,0.8308,0.8308
Chronopotentiometry,0.02,1800,10,839.0,0.8308,0.8308
Chronopotentiometry,0.02,1800,10,839.1,0.8308,0.8308
Chronopotentiometry,0.02,1800,10,839.2,0.8308,0.8308
Chronopotentiometry,0.02,1800,10,839.3,0.8308,0.8308
Chronopotentiometry,0.02,1800,10,839.4,0.8308,0.8308
Chronopotentiometry,0.02,1800,10,839.5,0.8309,0.8309
Chronopotentiometry,0.02,1800,10,839.6,0.8309,0.8309
Chronopotentiometry,0.02,1800,10,839.7,0.8308,0.8308
Chronopotentiometry,0.02,1800,10,839.8,0.8307,0.8307
Chronopotentiometry,0.02,1800,10,839.9,0.8308,0.8308
Chronopotentiometry,0.02,1800,10,840.0,0.8308,0.8308
Chronopotentiometry,0.02,1800,10,840.1,0.8308,0.8308
Chronopotentiometry,0.02,1800,10,840.2,0.8308,0.8308
Chronopotentiometry,0.02,1800,10,840.3,0.8307,0.8307
Chronopotentiometry,0.02,1800,10,840.4,0.8308,0.8308
Chronopotentiometry,0.02,1800,10,840.5,0.8308,0.8308
Chronopotentiometry,0.02,1800,10,840.6,0.8308,0.8308
Chronopotentiometry,0.02,1800,10,840.7,0.8309,0.8309
Chronopotentiometry,0.02,1800,10,840.8,0.8309,0.8309
Chronopotentiometry,0.02,1800,10,840.9,0.8309,0.8309
Chronopotentiometry,0.02,1800,10,841.0,0.8309,0.8309
Chronopotentiometry,0.02,1800,10,841.1,0.8308,0.8308
Chronopotentiometry,0.02,1800,10,841.2,0.8308,0.8308
Chronopotentiometry,0.02,1800,10,841.3,0.8308,0.8308
Chronopotentiometry,0.02,1800,10,841.4,0.8308,0.8308
Chronopotentiometry,0.02,1800,10,841.5,0.8308,0.8308
Chronopotentiometry,0.02,1800,10,841.6,0.8308,0.8308
Chronopotentiometry,0.02,1800,10,841.7,0.8308,0.8308
Chronopotentiometry,0.02,1800,10,841.8,0.8309,0.8309
Chronopotentiometry,0.02,1800,10,841.9,0.8308,0.8308
Chronopotentiometry,0.02,1800,10,842.0,0.8309,0.8309
Chronopotentiometry,0.02,1800,10,842.1,0.8308,0.8308
Chronopotentiometry,0.02,1800,10,842.2,0.8308,0.8308
Chronopotentiometry,0.02,1800,10,842.3,0.8308,0.8308
Chronopotentiometry,0.02,1800,10,842.4,0.8309,0.8309
Chronopotentiometry,0.02,1800,10,842.5,0.8309,0.8309
Chronopotentiometry,0.02,1800,10,842.6,0.831,0.831
Chronopotentiometry,0.02,1800,10,842.7,0.831,0.831
Chronopotentiometry,0.02,1800,10,842.8,0.8309,0.8309
Chronopotentiometry,0.02,1800,10,842.9,0.8309,0.8309
Chronopotentiometry,0.02,1800,10,843.0,0.8309,0.8309
Chronopotentiometry,0.02,1800,10,843.1,0.8309,0.8309
Chronopotentiometry,0.02,1800,10,843.2,0.8311,0.8311
Chronopotentiometry,0.02,1800,10,843.3,0.831,0.831
Chronopotentiometry,0.02,1800,10,843.4,0.8311,0.8311
Chronopotentiometry,0.02,1800,10,843.5,0.831,0.831
Chronopotentiometry,0.02,1800,10,843.6,0.8309,0.8309
Chronopotentiometry,0.02,1800,10,843.7,0.831,0.831
Chronopotentiometry,0.02,1800,10,843.8,0.831,0.831
Chronopotentiometry,0.02,1800,10,843.9,0.831,0.831
Chronopotentiometry,0.02,1800,10,844.0,0.8311,0.8311
Chronopotentiometry,0.02,1800,10,844.1,0.8311,0.8311
Chronopotentiometry,0.02,1800,10,844.2,0.8311,0.8311
Chronopotentiometry,0.02,1800,10,844.3,0.831,0.831
Chronopotentiometry,0.02,1800,10,844.4,0.831,0.831
Chronopotentiometry,0.02,1800,10,844.5,0.8312,0.8312
Chronopotentiometry,0.02,1800,10,844.6,0.8312,0.8312
Chronopotentiometry,0.02,1800,10,844.7,0.831,0.831
Chronopotentiometry,0.02,1800,10,844.8,0.8309,0.8309
Chronopotentiometry,0.02,1800,10,844.9,0.8309,0.8309
Chronopotentiometry,0.02,1800,10,845.0,0.8309,0.8309
Chronopotentiometry,0.02,1800,10,845.1,0.8309,0.8309
Chronopotentiometry,0.02,1800,10,845.2,0.831,0.831
Chronopotentiometry,0.02,1800,10,845.3,0.8309,0.8309
Chronopotentiometry,0.02,1800,10,845.4,0.831,0.831
Chronopotentiometry,0.02,1800,10,845.5,0.8311,0.8311
Chronopotentiometry,0.02,1800,10,845.6,0.8311,0.8311
Chronopotentiometry,0.02,1800,10,845.7,0.831,0.831
Chronopotentiometry,0.02,1800,10,845.8,0.8309,0.8309
Chronopotentiometry,0.02,1800,10,845.9,0.8309,0.8309
Chronopotentiometry,0.02,1800,10,846.0,0.831,0.831
Chronopotentiometry,0.02,1800,10,846.1,0.8311,0.8311
Chronopotentiometry,0.02,1800,10,846.2,0.8311,0.8311
Chronopotentiometry,0.02,1800,10,846.3,0.8311,0.8311
Chronopotentiometry,0.02,1800,10,846.4,0.8311,0.8311
Chronopotentiometry,0.02,1800,10,846.5,0.8311,0.8311
Chronopotentiometry,0.02,1800,10,846.6,0.8312,0.8312
Chronopotentiometry,0.02,1800,10,846.7,0.8312,0.8312
Chronopotentiometry,0.02,1800,10,846.8,0.8312,0.8312
Chronopotentiometry,0.02,1800,10,846.9,0.8312,0.8312
Chronopotentiometry,0.02,1800,10,847.0,0.8311,0.8311
Chronopotentiometry,0.02,1800,10,847.1,0.8311,0.8311
Chronopotentiometry,0.02,1800,10,847.2,0.8312,0.8312
Chronopotentiometry,0.02,1800,10,847.3,0.8312,0.8312
Chronopotentiometry,0.02,1800,10,847.4,0.8312,0.8312
Chronopotentiometry,0.02,1800,10,847.5,0.8312,0.8312
Chronopotentiometry,0.02,1800,10,847.6,0.8312,0.8312
Chronopotentiometry,0.02,1800,10,847.7,0.8313,0.8313
Chronopotentiometry,0.02,1800,10,847.8,0.8312,0.8312
Chronopotentiometry,0.02,1800,10,847.9,0.8313,0.8313
Chronopotentiometry,0.02,1800,10,848.0,0.8312,0.8312
Chronopotentiometry,0.02,1800,10,848.1,0.8312,0.8312
Chronopotentiometry,0.02,1800,10,848.2,0.8312,0.8312
Chronopotentiometry,0.02,1800,10,848.3,0.8311,0.8311
Chronopotentiometry,0.02,1800,10,848.4,0.8312,0.8312
Chronopotentiometry,0.02,1800,10,848.5,0.8312,0.8312
Chronopotentiometry,0.02,1800,10,848.6,0.8312,0.8312
Chronopotentiometry,0.02,1800,10,848.7,0.8311,0.8311
Chronopotentiometry,0.02,1800,10,848.8,0.8312,0.8312
Chronopotentiometry,0.02,1800,10,848.9,0.8312,0.8312
Chronopotentiometry,0.02,1800,10,849.0,0.8312,0.8312
Chronopotentiometry,0.02,1800,10,849.1,0.8313,0.8313
Chronopotentiometry,0.02,1800,10,849.2,0.8311,0.8311
Chronopotentiometry,0.02,1800,10,849.3,0.8312,0.8312
Chronopotentiometry,0.02,1800,10,849.4,0.8312,0.8312
Chronopotentiometry,0.02,1800,10,849.5,0.8311,0.8311
Chronopotentiometry,0.02,1800,10,849.6,0.8312,0.8312
Chronopotentiometry,0.02,1800,10,849.7,0.8313,0.8313
Chronopotentiometry,0.02,1800,10,849.8,0.8313,0.8313
Chronopotentiometry,0.02,1800,10,849.9,0.8312,0.8312
Chronopotentiometry,0.02,1800,10,850.0,0.8311,0.8311
Chronopotentiometry,0.02,1800,10,850.1,0.8311,0.8311
Chronopotentiometry,0.02,1800,10,850.2,0.8312,0.8312
Chronopotentiometry,0.02,1800,10,850.3,0.8312,0.8312
Chronopotentiometry,0.02,1800,10,850.4,0.8311,0.8311
Chronopotentiometry,0.02,1800,10,850.5,0.8312,0.8312
Chronopotentiometry,0.02,1800,10,850.6,0.8311,0.8311
Chronopotentiometry,0.02,1800,10,850.7,0.8312,0.8312
Chronopotentiometry,0.02,1800,10,850.8,0.8313,0.8313
Chronopotentiometry,0.02,1800,10,850.9,0.8312,0.8312
Chronopotentiometry,0.02,1800,10,851.0,0.8312,0.8312
Chronopotentiometry,0.02,1800,10,851.1,0.8312,0.8312
Chronopotentiometry,0.02,1800,10,851.2,0.8313,0.8313
Chronopotentiometry,0.02,1800,10,851.3,0.8313,0.8313
Chronopotentiometry,0.02,1800,10,851.4,0.8313,0.8313
Chronopotentiometry,0.02,1800,10,851.5,0.8313,0.8313
Chronopotentiometry,0.02,1800,10,851.6,0.8313,0.8313
Chronopotentiometry,0.02,1800,10,851.7,0.8313,0.8313
Chronopotentiometry,0.02,1800,10,851.8,0.8314,0.8314
Chronopotentiometry,0.02,1800,10,851.9,0.8313,0.8313
Chronopotentiometry,0.02,1800,10,852.0,0.8313,0.8313
Chronopotentiometry,0.02,1800,10,852.1,0.8313,0.8313
Chronopotentiometry,0.02,1800,10,852.2,0.8314,0.8314
Chronopotentiometry,0.02,1800,10,852.3,0.8313,0.8313
Chronopotentiometry,0.02,1800,10,852.4,0.8313,0.8313
Chronopotentiometry,0.02,1800,10,852.5,0.8313,0.8313
Chronopotentiometry,0.02,1800,10,852.6,0.8313,0.8313
Chronopotentiometry,0.02,1800,10,852.7,0.8313,0.8313
Chronopotentiometry,0.02,1800,10,852.8,0.8314,0.8314
Chronopotentiometry,0.02,1800,10,852.9,0.8314,0.8314
Chronopotentiometry,0.02,1800,10,853.0,0.8313,0.8313
Chronopotentiometry,0.02,1800,10,853.1,0.8313,0.8313
Chronopotentiometry,0.02,1800,10,853.2,0.8314,0.8314
Chronopotentiometry,0.02,1800,10,853.3,0.8313,0.8313
Chronopotentiometry,0.02,1800,10,853.4,0.8314,0.8314
Chronopotentiometry,0.02,1800,10,853.5,0.8314,0.8314
Chronopotentiometry,0.02,1800,10,853.6,0.8314,0.8314
Chronopotentiometry,0.02,1800,10,853.7,0.8314,0.8314
Chronopotentiometry,0.02,1800,10,853.8,0.8313,0.8313
Chronopotentiometry,0.02,1800,10,853.9,0.8313,0.8313
Chronopotentiometry,0.02,1800,10,854.0,0.8313,0.8313
Chronopotentiometry,0.02,1800,10,854.1,0.8313,0.8313
Chronopotentiometry,0.02,1800,10,854.2,0.8312,0.8312
Chronopotentiometry,0.02,1800,10,854.3,0.8314,0.8314
Chronopotentiometry,0.02,1800,10,854.4,0.8314,0.8314
Chronopotentiometry,0.02,1800,10,854.5,0.8314,0.8314
Chronopotentiometry,0.02,1800,10,854.6,0.8314,0.8314
Chronopotentiometry,0.02,1800,10,854.7,0.8315,0.8315
Chronopotentiometry,0.02,1800,10,854.8,0.8314,0.8314
Chronopotentiometry,0.02,1800,10,854.9,0.8315,0.8315
Chronopotentiometry,0.02,1800,10,855.0,0.8315,0.8315
Chronopotentiometry,0.02,1800,10,855.1,0.8315,0.8315
Chronopotentiometry,0.02,1800,10,855.2,0.8314,0.8314
Chronopotentiometry,0.02,1800,10,855.3,0.8314,0.8314
Chronopotentiometry,0.02,1800,10,855.4,0.8314,0.8314
Chronopotentiometry,0.02,1800,10,855.5,0.8313,0.8313
Chronopotentiometry,0.02,1800,10,855.6,0.8315,0.8315
Chronopotentiometry,0.02,1800,10,855.7,0.8315,0.8315
Chronopotentiometry,0.02,1800,10,855.8,0.8315,0.8315
Chronopotentiometry,0.02,1800,10,855.9,0.8316,0.8316
Chronopotentiometry,0.02,1800,10,856.0,0.8315,0.8315
Chronopotentiometry,0.02,1800,10,856.1,0.8314,0.8314
Chronopotentiometry,0.02,1800,10,856.2,0.8315,0.8315
Chronopotentiometry,0.02,1800,10,856.3,0.8315,0.8315
Chronopotentiometry,0.02,1800,10,856.4,0.8316,0.8316
Chronopotentiometry,0.02,1800,10,856.5,0.8316,0.8316
Chronopotentiometry,0.02,1800,10,856.6,0.8315,0.8315
Chronopotentiometry,0.02,1800,10,856.7,0.8315,0.8315
Chronopotentiometry,0.02,1800,10,856.8,0.8316,0.8316
Chronopotentiometry,0.02,1800,10,856.9,0.8315,0.8315
Chronopotentiometry,0.02,1800,10,857.0,0.8315,0.8315
Chronopotentiometry,0.02,1800,10,857.1,0.8314,0.8314
Chronopotentiometry,0.02,1800,10,857.2,0.8315,0.8315
Chronopotentiometry,0.02,1800,10,857.3,0.8315,0.8315
Chronopotentiometry,0.02,1800,10,857.4,0.8315,0.8315
Chronopotentiometry,0.02,1800,10,857.5,0.8315,0.8315
Chronopotentiometry,0.02,1800,10,857.6,0.8315,0.8315
Chronopotentiometry,0.02,1800,10,857.7,0.8315,0.8315
Chronopotentiometry,0.02,1800,10,857.8,0.8315,0.8315
Chronopotentiometry,0.02,1800,10,857.9,0.8315,0.8315
Chronopotentiometry,0.02,1800,10,858.0,0.8315,0.8315
Chronopotentiometry,0.02,1800,10,858.1,0.8315,0.8315
Chronopotentiometry,0.02,1800,10,858.2,0.8316,0.8316
Chronopotentiometry,0.02,1800,10,858.3,0.8316,0.8316
Chronopotentiometry,0.02,1800,10,858.4,0.8316,0.8316
Chronopotentiometry,0.02,1800,10,858.5,0.8316,0.8316
Chronopotentiometry,0.02,1800,10,858.6,0.8315,0.8315
Chronopotentiometry,0.02,1800,10,858.7,0.8315,0.8315
Chronopotentiometry,0.02,1800,10,858.8,0.8316,0.8316
Chronopotentiometry,0.02,1800,10,858.9,0.8316,0.8316
Chronopotentiometry,0.02,1800,10,859.0,0.8317,0.8317
Chronopotentiometry,0.02,1800,10,859.1,0.8316,0.8316
Chronopotentiometry,0.02,1800,10,859.2,0.8317,0.8317
Chronopotentiometry,0.02,1800,10,859.3,0.8318,0.8318
Chronopotentiometry,0.02,1800,10,859.4,0.8317,0.8317
Chronopotentiometry,0.02,1800,10,859.5,0.8316,0.8316
Chronopotentiometry,0.02,1800,10,859.6,0.8317,0.8317
Chronopotentiometry,0.02,1800,10,859.7,0.8317,0.8317
Chronopotentiometry,0.02,1800,10,859.8,0.8317,0.8317
Chronopotentiometry,0.02,1800,10,859.9,0.8317,0.8317
Chronopotentiometry,0.02,1800,10,860.0,0.8316,0.8316
Chronopotentiometry,0.02,1800,10,860.1,0.8316,0.8316
Chronopotentiometry,0.02,1800,10,860.2,0.8316,0.8316
Chronopotentiometry,0.02,1800,10,860.3,0.8317,0.8317
Chronopotentiometry,0.02,1800,10,860.4,0.8317,0.8317
Chronopotentiometry,0.02,1800,10,860.5,0.8316,0.8316
Chronopotentiometry,0.02,1800,10,860.6,0.8316,0.8316
Chronopotentiometry,0.02,1800,10,860.7,0.8317,0.8317
Chronopotentiometry,0.02,1800,10,860.8,0.8317,0.8317
Chronopotentiometry,0.02,1800,10,860.9,0.8317,0.8317
Chronopotentiometry,0.02,1800,10,861.0,0.8316,0.8316
Chronopotentiometry,0.02,1800,10,861.1,0.8317,0.8317
Chronopotentiometry,0.02,1800,10,861.2,0.8317,0.8317
Chronopotentiometry,0.02,1800,10,861.3,0.8317,0.8317
Chronopotentiometry,0.02,1800,10,861.4,0.8317,0.8317
Chronopotentiometry,0.02,1800,10,861.5,0.8317,0.8317
Chronopotentiometry,0.02,1800,10,861.6,0.8318,0.8318
Chronopotentiometry,0.02,1800,10,861.7,0.8318,0.8318
Chronopotentiometry,0.02,1800,10,861.8,0.8317,0.8317
Chronopotentiometry,0.02,1800,10,861.9,0.8317,0.8317
Chronopotentiometry,0.02,1800,10,862.0,0.8316,0.8316
Chronopotentiometry,0.02,1800,10,862.1,0.8316,0.8316
Chronopotentiometry,0.02,1800,10,862.2,0.8317,0.8317
Chronopotentiometry,0.02,1800,10,862.3,0.8317,0.8317
Chronopotentiometry,0.02,1800,10,862.4,0.8317,0.8317
Chronopotentiometry,0.02,1800,10,862.5,0.8317,0.8317
Chronopotentiometry,0.02,1800,10,862.6,0.8317,0.8317
Chronopotentiometry,0.02,1800,10,862.7,0.8317,0.8317
Chronopotentiometry,0.02,1800,10,862.8,0.8317,0.8317
Chronopotentiometry,0.02,1800,10,862.9,0.8318,0.8318
Chronopotentiometry,0.02,1800,10,863.0,0.8318,0.8318
Chronopotentiometry,0.02,1800,10,863.1,0.8318,0.8318
Chronopotentiometry,0.02,1800,10,863.2,0.8318,0.8318
Chronopotentiometry,0.02,1800,10,863.3,0.8317,0.8317
Chronopotentiometry,0.02,1800,10,863.4,0.8318,0.8318
Chronopotentiometry,0.02,1800,10,863.5,0.8318,0.8318
Chronopotentiometry,0.02,1800,10,863.6,0.8318,0.8318
Chronopotentiometry,0.02,1800,10,863.7,0.8318,0.8318
Chronopotentiometry,0.02,1800,10,863.8,0.8318,0.8318
Chronopotentiometry,0.02,1800,10,863.9,0.8318,0.8318
Chronopotentiometry,0.02,1800,10,864.0,0.8318,0.8318
Chronopotentiometry,0.02,1800,10,864.1,0.8319,0.8319
Chronopotentiometry,0.02,1800,10,864.2,0.8318,0.8318
Chronopotentiometry,0.02,1800,10,864.3,0.8318,0.8318
Chronopotentiometry,0.02,1800,10,864.4,0.8318,0.8318
Chronopotentiometry,0.02,1800,10,864.5,0.8318,0.8318
Chronopotentiometry,0.02,1800,10,864.6,0.8318,0.8318
Chronopotentiometry,0.02,1800,10,864.7,0.8317,0.8317
Chronopotentiometry,0.02,1800,10,864.8,0.8317,0.8317
Chronopotentiometry,0.02,1800,10,864.9,0.8318,0.8318
Chronopotentiometry,0.02,1800,10,865.0,0.8318,0.8318
Chronopotentiometry,0.02,1800,10,865.1,0.8318,0.8318
Chronopotentiometry,0.02,1800,10,865.2,0.8318,0.8318
Chronopotentiometry,0.02,1800,10,865.3,0.8318,0.8318
Chronopotentiometry,0.02,1800,10,865.4,0.8318,0.8318
Chronopotentiometry,0.02,1800,10,865.5,0.8318,0.8318
Chronopotentiometry,0.02,1800,10,865.6,0.8318,0.8318
Chronopotentiometry,0.02,1800,10,865.7,0.8318,0.8318
Chronopotentiometry,0.02,1800,10,865.8,0.8317,0.8317
Chronopotentiometry,0.02,1800,10,865.9,0.8318,0.8318
Chronopotentiometry,0.02,1800,10,866.0,0.8318,0.8318
Chronopotentiometry,0.02,1800,10,866.1,0.8318,0.8318
Chronopotentiometry,0.02,1800,10,866.2,0.8319,0.8319
Chronopotentiometry,0.02,1800,10,866.3,0.8318,0.8318
Chronopotentiometry,0.02,1800,10,866.4,0.8318,0.8318
Chronopotentiometry,0.02,1800,10,866.5,0.8318,0.8318
Chronopotentiometry,0.02,1800,10,866.6,0.8319,0.8319
Chronopotentiometry,0.02,1800,10,866.7,0.8319,0.8319
Chronopotentiometry,0.02,1800,10,866.8,0.8319,0.8319
Chronopotentiometry,0.02,1800,10,866.9,0.8319,0.8319
Chronopotentiometry,0.02,1800,10,867.0,0.8319,0.8319
Chronopotentiometry,0.02,1800,10,867.1,0.8319,0.8319
Chronopotentiometry,0.02,1800,10,867.2,0.8319,0.8319
Chronopotentiometry,0.02,1800,10,867.3,0.8319,0.8319
Chronopotentiometry,0.02,1800,10,867.4,0.8319,0.8319
Chronopotentiometry,0.02,1800,10,867.5,0.832,0.832
Chronopotentiometry,0.02,1800,10,867.6,0.832,0.832
Chronopotentiometry,0.02,1800,10,867.7,0.8319,0.8319
Chronopotentiometry,0.02,1800,10,867.8,0.8318,0.8318
Chronopotentiometry,0.02,1800,10,867.9,0.8319,0.8319
Chronopotentiometry,0.02,1800,10,868.0,0.8319,0.8319
Chronopotentiometry,0.02,1800,10,868.1,0.8319,0.8319
Chronopotentiometry,0.02,1800,10,868.2,0.8319,0.8319
Chronopotentiometry,0.02,1800,10,868.3,0.8319,0.8319
Chronopotentiometry,0.02,1800,10,868.4,0.8319,0.8319
Chronopotentiometry,0.02,1800,10,868.5,0.8319,0.8319
Chronopotentiometry,0.02,1800,10,868.6,0.832,0.832
Chronopotentiometry,0.02,1800,10,868.7,0.832,0.832
Chronopotentiometry,0.02,1800,10,868.8,0.8319,0.8319
Chronopotentiometry,0.02,1800,10,868.9,0.8318,0.8318
Chronopotentiometry,0.02,1800,10,869.0,0.8318,0.8318
Chronopotentiometry,0.02,1800,10,869.1,0.8318,0.8318
Chronopotentiometry,0.02,1800,10,869.2,0.8317,0.8317
Chronopotentiometry,0.02,1800,10,869.3,0.8318,0.8318
Chronopotentiometry,0.02,1800,10,869.4,0.8318,0.8318
Chronopotentiometry,0.02,1800,10,869.5,0.8318,0.8318
Chronopotentiometry,0.02,1800,10,869.6,0.8318,0.8318
Chronopotentiometry,0.02,1800,10,869.7,0.8318,0.8318
Chronopotentiometry,0.02,1800,10,869.8,0.8318,0.8318
Chronopotentiometry,0.02,1800,10,869.9,0.8317,0.8317
Chronopotentiometry,0.02,1800,10,870.0,0.8318,0.8318
Chronopotentiometry,0.02,1800,10,870.1,0.8319,0.8319
Chronopotentiometry,0.02,1800,10,870.2,0.8319,0.8319
Chronopotentiometry,0.02,1800,10,870.3,0.8319,0.8319
Chronopotentiometry,0.02,1800,10,870.4,0.8318,0.8318
Chronopotentiometry,0.02,1800,10,870.5,0.8318,0.8318
Chronopotentiometry,0.02,1800,10,870.6,0.8319,0.8319
Chronopotentiometry,0.02,1800,10,870.7,0.8318,0.8318
Chronopotentiometry,0.02,1800,10,870.8,0.8318,0.8318
Chronopotentiometry,0.02,1800,10,870.9,0.8318,0.8318
Chronopotentiometry,0.02,1800,10,871.0,0.8319,0.8319
Chronopotentiometry,0.02,1800,10,871.1,0.8319,0.8319
Chronopotentiometry,0.02,1800,10,871.2,0.8318,0.8318
Chronopotentiometry,0.02,1800,10,871.3,0.8318,0.8318
Chronopotentiometry,0.02,1800,10,871.4,0.8318,0.8318
Chronopotentiometry,0.02,1800,10,871.5,0.8319,0.8319
Chronopotentiometry,0.02,1800,10,871.6,0.8318,0.8318
Chronopotentiometry,0.02,1800,10,871.7,0.8318,0.8318
Chronopotentiometry,0.02,1800,10,871.8,0.8318,0.8318
Chronopotentiometry,0.02,1800,10,871.9,0.8318,0.8318
Chronopotentiometry,0.02,1800,10,872.0,0.8318,0.8318
Chronopotentiometry,0.02,1800,10,872.1,0.8319,0.8319
Chronopotentiometry,0.02,1800,10,872.2,0.8319,0.8319
Chronopotentiometry,0.02,1800,10,872.3,0.8319,0.8319
Chronopotentiometry,0.02,1800,10,872.4,0.8318,0.8318
Chronopotentiometry,0.02,1800,10,872.5,0.8319,0.8319
Chronopotentiometry,0.02,1800,10,872.6,0.8319,0.8319
Chronopotentiometry,0.02,1800,10,872.7,0.8319,0.8319
Chronopotentiometry,0.02,1800,10,872.8,0.8319,0.8319
Chronopotentiometry,0.02,1800,10,872.9,0.8319,0.8319
Chronopotentiometry,0.02,1800,10,873.0,0.832,0.832
Chronopotentiometry,0.02,1800,10,873.1,0.832,0.832
Chronopotentiometry,0.02,1800,10,873.2,0.832,0.832
Chronopotentiometry,0.02,1800,10,873.3,0.832,0.832
Chronopotentiometry,0.02,1800,10,873.4,0.8319,0.8319
Chronopotentiometry,0.02,1800,10,873.5,0.832,0.832
Chronopotentiometry,0.02,1800,10,873.6,0.832,0.832
Chronopotentiometry,0.02,1800,10,873.7,0.832,0.832
Chronopotentiometry,0.02,1800,10,873.8,0.8319,0.8319
Chronopotentiometry,0.02,1800,10,873.9,0.832,0.832
Chronopotentiometry,0.02,1800,10,874.0,0.8321,0.8321
Chronopotentiometry,0.02,1800,10,874.1,0.832,0.832
Chronopotentiometry,0.02,1800,10,874.2,0.832,0.832
Chronopotentiometry,0.02,1800,10,874.3,0.832,0.832
Chronopotentiometry,0.02,1800,10,874.4,0.832,0.832
Chronopotentiometry,0.02,1800,10,874.5,0.832,0.832
Chronopotentiometry,0.02,1800,10,874.6,0.8319,0.8319
Chronopotentiometry,0.02,1800,10,874.7,0.832,0.832
Chronopotentiometry,0.02,1800,10,874.8,0.832,0.832
Chronopotentiometry,0.02,1800,10,874.9,0.832,0.832
Chronopotentiometry,0.02,1800,10,875.0,0.832,0.832
Chronopotentiometry,0.02,1800,10,875.1,0.832,0.832
Chronopotentiometry,0.02,1800,10,875.2,0.8321,0.8321
Chronopotentiometry,0.02,1800,10,875.3,0.8321,0.8321
Chronopotentiometry,0.02,1800,10,875.4,0.8321,0.8321
Chronopotentiometry,0.02,1800,10,875.5,0.8321,0.8321
Chronopotentiometry,0.02,1800,10,875.6,0.8321,0.8321
Chronopotentiometry,0.02,1800,10,875.7,0.832,0.832
Chronopotentiometry,0.02,1800,10,875.8,0.8321,0.8321
Chronopotentiometry,0.02,1800,10,875.9,0.8321,0.8321
Chronopotentiometry,0.02,1800,10,876.0,0.8322,0.8322
Chronopotentiometry,0.02,1800,10,876.1,0.8321,0.8321
Chronopotentiometry,0.02,1800,10,876.2,0.832,0.832
Chronopotentiometry,0.02,1800,10,876.3,0.8321,0.8321
Chronopotentiometry,0.02,1800,10,876.4,0.8321,0.8321
Chronopotentiometry,0.02,1800,10,876.5,0.8321,0.8321
Chronopotentiometry,0.02,1800,10,876.6,0.8322,0.8322
Chronopotentiometry,0.02,1800,10,876.7,0.8322,0.8322
Chronopotentiometry,0.02,1800,10,876.8,0.8322,0.8322
Chronopotentiometry,0.02,1800,10,876.9,0.8322,0.8322
Chronopotentiometry,0.02,1800,10,877.0,0.8321,0.8321
Chronopotentiometry,0.02,1800,10,877.1,0.8322,0.8322
Chronopotentiometry,0.02,1800,10,877.2,0.8322,0.8322
Chronopotentiometry,0.02,1800,10,877.3,0.8321,0.8321
Chronopotentiometry,0.02,1800,10,877.4,0.8322,0.8322
Chronopotentiometry,0.02,1800,10,877.5,0.8322,0.8322
Chronopotentiometry,0.02,1800,10,877.6,0.8321,0.8321
Chronopotentiometry,0.02,1800,10,877.7,0.8322,0.8322
Chronopotentiometry,0.02,1800,10,877.8,0.8322,0.8322
Chronopotentiometry,0.02,1800,10,877.9,0.8323,0.8323
Chronopotentiometry,0.02,1800,10,878.0,0.8322,0.8322
Chronopotentiometry,0.02,1800,10,878.1,0.8321,0.8321
Chronopotentiometry,0.02,1800,10,878.2,0.8321,0.8321
Chronopotentiometry,0.02,1800,10,878.3,0.8321,0.8321
Chronopotentiometry,0.02,1800,10,878.4,0.832,0.832
Chronopotentiometry,0.02,1800,10,878.5,0.8321,0.8321
Chronopotentiometry,0.02,1800,10,878.6,0.832,0.832
Chronopotentiometry,0.02,1800,10,878.7,0.832,0.832
Chronopotentiometry,0.02,1800,10,878.8,0.832,0.832
Chronopotentiometry,0.02,1800,10,878.9,0.8321,0.8321
Chronopotentiometry,0.02,1800,10,879.0,0.8321,0.8321
Chronopotentiometry,0.02,1800,10,879.1,0.8321,0.8321
Chronopotentiometry,0.02,1800,10,879.2,0.8322,0.8322
Chronopotentiometry,0.02,1800,10,879.3,0.8322,0.8322
Chronopotentiometry,0.02,1800,10,879.4,0.8322,0.8322
Chronopotentiometry,0.02,1800,10,879.5,0.8322,0.8322
Chronopotentiometry,0.02,1800,10,879.6,0.8322,0.8322
Chronopotentiometry,0.02,1800,10,879.7,0.8322,0.8322
Chronopotentiometry,0.02,1800,10,879.8,0.8322,0.8322
Chronopotentiometry,0.02,1800,10,879.9,0.8321,0.8321
Chronopotentiometry,0.02,1800,10,880.0,0.8322,0.8322
Chronopotentiometry,0.02,1800,10,880.1,0.8322,0.8322
Chronopotentiometry,0.02,1800,10,880.2,0.8321,0.8321
Chronopotentiometry,0.02,1800,10,880.3,0.8321,0.8321
Chronopotentiometry,0.02,1800,10,880.4,0.8322,0.8322
Chronopotentiometry,0.02,1800,10,880.5,0.8322,0.8322
Chronopotentiometry,0.02,1800,10,880.6,0.8322,0.8322
Chronopotentiometry,0.02,1800,10,880.7,0.8322,0.8322
Chronopotentiometry,0.02,1800,10,880.8,0.8323,0.8323
Chronopotentiometry,0.02,1800,10,880.9,0.8322,0.8322
Chronopotentiometry,0.02,1800,10,881.0,0.8322,0.8322
Chronopotentiometry,0.02,1800,10,881.1,0.8322,0.8322
Chronopotentiometry,0.02,1800,10,881.2,0.8321,0.8321
Chronopotentiometry,0.02,1800,10,881.3,0.8321,0.8321
Chronopotentiometry,0.02,1800,10,881.4,0.8321,0.8321
Chronopotentiometry,0.02,1800,10,881.5,0.8322,0.8322
Chronopotentiometry,0.02,1800,10,881.6,0.8321,0.8321
Chronopotentiometry,0.02,1800,10,881.7,0.832,0.832
Chronopotentiometry,0.02,1800,10,881.8,0.8322,0.8322
Chronopotentiometry,0.02,1800,10,881.9,0.8322,0.8322
Chronopotentiometry,0.02,1800,10,882.0,0.8322,0.8322
Chronopotentiometry,0.02,1800,10,882.1,0.8322,0.8322
Chronopotentiometry,0.02,1800,10,882.2,0.8322,0.8322
Chronopotentiometry,0.02,1800,10,882.3,0.8321,0.8321
Chronopotentiometry,0.02,1800,10,882.4,0.8322,0.8322
Chronopotentiometry,0.02,1800,10,882.5,0.8322,0.8322
Chronopotentiometry,0.02,1800,10,882.6,0.8322,0.8322
Chronopotentiometry,0.02,1800,10,882.7,0.8322,0.8322
Chronopotentiometry,0.02,1800,10,882.8,0.8322,0.8322
Chronopotentiometry,0.02,1800,10,882.9,0.8323,0.8323
Chronopotentiometry,0.02,1800,10,883.0,0.8323,0.8323
Chronopotentiometry,0.02,1800,10,883.1,0.8323,0.8323
Chronopotentiometry,0.02,1800,10,883.2,0.8323,0.8323
Chronopotentiometry,0.02,1800,10,883.3,0.8323,0.8323
Chronopotentiometry,0.02,1800,10,883.4,0.8322,0.8322
Chronopotentiometry,0.02,1800,10,883.5,0.8323,0.8323
Chronopotentiometry,0.02,1800,10,883.6,0.8323,0.8323
Chronopotentiometry,0.02,1800,10,883.7,0.8323,0.8323
Chronopotentiometry,0.02,1800,10,883.8,0.8323,0.8323
Chronopotentiometry,0.02,1800,10,883.9,0.8323,0.8323
Chronopotentiometry,0.02,1800,10,884.0,0.8323,0.8323
Chronopotentiometry,0.02,1800,10,884.1,0.8323,0.8323
Chronopotentiometry,0.02,1800,10,884.2,0.8323,0.8323
Chronopotentiometry,0.02,1800,10,884.3,0.8322,0.8322
Chronopotentiometry,0.02,1800,10,884.4,0.8323,0.8323
Chronopotentiometry,0.02,1800,10,884.5,0.8322,0.8322
Chronopotentiometry,0.02,1800,10,884.6,0.8322,0.8322
Chronopotentiometry,0.02,1800,10,884.7,0.8323,0.8323
Chronopotentiometry,0.02,1800,10,884.8,0.8322,0.8322
Chronopotentiometry,0.02,1800,10,884.9,0.8323,0.8323
Chronopotentiometry,0.02,1800,10,885.0,0.8323,0.8323
Chronopotentiometry,0.02,1800,10,885.1,0.8323,0.8323
Chronopotentiometry,0.02,1800,10,885.2,0.8323,0.8323
Chronopotentiometry,0.02,1800,10,885.3,0.8323,0.8323
Chronopotentiometry,0.02,1800,10,885.4,0.8323,0.8323
Chronopotentiometry,0.02,1800,10,885.5,0.8323,0.8323
Chronopotentiometry,0.02,1800,10,885.6,0.8322,0.8322
Chronopotentiometry,0.02,1800,10,885.7,0.8323,0.8323
Chronopotentiometry,0.02,1800,10,885.8,0.8323,0.8323
Chronopotentiometry,0.02,1800,10,885.9,0.8324,0.8324
Chronopotentiometry,0.02,1800,10,886.0,0.8323,0.8323
Chronopotentiometry,0.02,1800,10,886.1,0.8324,0.8324
Chronopotentiometry,0.02,1800,10,886.2,0.8323,0.8323
Chronopotentiometry,0.02,1800,10,886.3,0.8324,0.8324
Chronopotentiometry,0.02,1800,10,886.4,0.8325,0.8325
Chronopotentiometry,0.02,1800,10,886.5,0.8325,0.8325
Chronopotentiometry,0.02,1800,10,886.6,0.8324,0.8324
Chronopotentiometry,0.02,1800,10,886.7,0.8322,0.8322
Chronopotentiometry,0.02,1800,10,886.8,0.8322,0.8322
Chronopotentiometry,0.02,1800,10,886.9,0.8323,0.8323
Chronopotentiometry,0.02,1800,10,887.0,0.8323,0.8323
Chronopotentiometry,0.02,1800,10,887.1,0.8323,0.8323
Chronopotentiometry,0.02,1800,10,887.2,0.8324,0.8324
Chronopotentiometry,0.02,1800,10,887.3,0.8323,0.8323
Chronopotentiometry,0.02,1800,10,887.4,0.8323,0.8323
Chronopotentiometry,0.02,1800,10,887.5,0.8324,0.8324
Chronopotentiometry,0.02,1800,10,887.6,0.8323,0.8323
Chronopotentiometry,0.02,1800,10,887.7,0.8324,0.8324
Chronopotentiometry,0.02,1800,10,887.8,0.8324,0.8324
Chronopotentiometry,0.02,1800,10,887.9,0.8323,0.8323
Chronopotentiometry,0.02,1800,10,888.0,0.8323,0.8323
Chronopotentiometry,0.02,1800,10,888.1,0.8324,0.8324
Chronopotentiometry,0.02,1800,10,888.2,0.8324,0.8324
Chronopotentiometry,0.02,1800,10,888.3,0.8324,0.8324
Chronopotentiometry,0.02,1800,10,888.4,0.8324,0.8324
Chronopotentiometry,0.02,1800,10,888.5,0.8324,0.8324
Chronopotentiometry,0.02,1800,10,888.6,0.8323,0.8323
Chronopotentiometry,0.02,1800,10,888.7,0.8322,0.8322
Chronopotentiometry,0.02,1800,10,888.8,0.8323,0.8323
Chronopotentiometry,0.02,1800,10,888.9,0.8323,0.8323
Chronopotentiometry,0.02,1800,10,889.0,0.8323,0.8323
Chronopotentiometry,0.02,1800,10,889.1,0.8323,0.8323
Chronopotentiometry,0.02,1800,10,889.2,0.8325,0.8325
Chronopotentiometry,0.02,1800,10,889.3,0.8324,0.8324
Chronopotentiometry,0.02,1800,10,889.4,0.8324,0.8324
Chronopotentiometry,0.02,1800,10,889.5,0.8324,0.8324
Chronopotentiometry,0.02,1800,10,889.6,0.8324,0.8324
Chronopotentiometry,0.02,1800,10,889.7,0.8324,0.8324
Chronopotentiometry,0.02,1800,10,889.8,0.8324,0.8324
Chronopotentiometry,0.02,1800,10,889.9,0.8324,0.8324
Chronopotentiometry,0.02,1800,10,890.0,0.8324,0.8324
Chronopotentiometry,0.02,1800,10,890.1,0.8324,0.8324
Chronopotentiometry,0.02,1800,10,890.2,0.8325,0.8325
Chronopotentiometry,0.02,1800,10,890.3,0.8325,0.8325
Chronopotentiometry,0.02,1800,10,890.4,0.8324,0.8324
Chronopotentiometry,0.02,1800,10,890.5,0.8325,0.8325
Chronopotentiometry,0.02,1800,10,890.6,0.8325,0.8325
Chronopotentiometry,0.02,1800,10,890.7,0.8325,0.8325
Chronopotentiometry,0.02,1800,10,890.8,0.8324,0.8324
Chronopotentiometry,0.02,1800,10,890.9,0.8325,0.8325
Chronopotentiometry,0.02,1800,10,891.0,0.8324,0.8324
Chronopotentiometry,0.02,1800,10,891.1,0.8325,0.8325
Chronopotentiometry,0.02,1800,10,891.2,0.8325,0.8325
Chronopotentiometry,0.02,1800,10,891.3,0.8325,0.8325
Chronopotentiometry,0.02,1800,10,891.4,0.8325,0.8325
Chronopotentiometry,0.02,1800,10,891.5,0.8325,0.8325
Chronopotentiometry,0.02,1800,10,891.6,0.8325,0.8325
Chronopotentiometry,0.02,1800,10,891.7,0.8325,0.8325
Chronopotentiometry,0.02,1800,10,891.8,0.8324,0.8324
Chronopotentiometry,0.02,1800,10,891.9,0.8323,0.8323
Chronopotentiometry,0.02,1800,10,892.0,0.8324,0.8324
Chronopotentiometry,0.02,1800,10,892.1,0.8324,0.8324
Chronopotentiometry,0.02,1800,10,892.2,0.8325,0.8325
Chronopotentiometry,0.02,1800,10,892.3,0.8325,0.8325
Chronopotentiometry,0.02,1800,10,892.4,0.8324,0.8324
Chronopotentiometry,0.02,1800,10,892.5,0.8325,0.8325
Chronopotentiometry,0.02,1800,10,892.6,0.8325,0.8325
Chronopotentiometry,0.02,1800,10,892.7,0.8325,0.8325
Chronopotentiometry,0.02,1800,10,892.8,0.8326,0.8326
Chronopotentiometry,0.02,1800,10,892.9,0.8325,0.8325
Chronopotentiometry,0.02,1800,10,893.0,0.8325,0.8325
Chronopotentiometry,0.02,1800,10,893.1,0.8326,0.8326
Chronopotentiometry,0.02,1800,10,893.2,0.8326,0.8326
Chronopotentiometry,0.02,1800,10,893.3,0.8327,0.8327
Chronopotentiometry,0.02,1800,10,893.4,0.8326,0.8326
Chronopotentiometry,0.02,1800,10,893.5,0.8326,0.8326
Chronopotentiometry,0.02,1800,10,893.6,0.8326,0.8326
Chronopotentiometry,0.02,1800,10,893.7,0.8326,0.8326
Chronopotentiometry,0.02,1800,10,893.8,0.8326,0.8326
Chronopotentiometry,0.02,1800,10,893.9,0.8326,0.8326
Chronopotentiometry,0.02,1800,10,894.0,0.8326,0.8326
Chronopotentiometry,0.02,1800,10,894.1,0.8326,0.8326
Chronopotentiometry,0.02,1800,10,894.2,0.8326,0.8326
Chronopotentiometry,0.02,1800,10,894.3,0.8326,0.8326
Chronopotentiometry,0.02,1800,10,894.4,0.8326,0.8326
Chronopotentiometry,0.02,1800,10,894.5,0.8325,0.8325
Chronopotentiometry,0.02,1800,10,894.6,0.8325,0.8325
Chronopotentiometry,0.02,1800,10,894.7,0.8326,0.8326
Chronopotentiometry,0.02,1800,10,894.8,0.8327,0.8327
Chronopotentiometry,0.02,1800,10,894.9,0.8326,0.8326
Chronopotentiometry,0.02,1800,10,895.0,0.8327,0.8327
Chronopotentiometry,0.02,1800,10,895.1,0.8326,0.8326
Chronopotentiometry,0.02,1800,10,895.2,0.8326,0.8326
Chronopotentiometry,0.02,1800,10,895.3,0.8327,0.8327
Chronopotentiometry,0.02,1800,10,895.4,0.8326,0.8326
Chronopotentiometry,0.02,1800,10,895.5,0.8327,0.8327
Chronopotentiometry,0.02,1800,10,895.6,0.8327,0.8327
Chronopotentiometry,0.02,1800,10,895.7,0.8326,0.8326
Chronopotentiometry,0.02,1800,10,895.8,0.8326,0.8326
Chronopotentiometry,0.02,1800,10,895.9,0.8326,0.8326
Chronopotentiometry,0.02,1800,10,896.0,0.8327,0.8327
Chronopotentiometry,0.02,1800,10,896.1,0.8327,0.8327
Chronopotentiometry,0.02,1800,10,896.2,0.8327,0.8327
Chronopotentiometry,0.02,1800,10,896.3,0.8327,0.8327
Chronopotentiometry,0.02,1800,10,896.4,0.8328,0.8328
Chronopotentiometry,0.02,1800,10,896.5,0.8327,0.8327
Chronopotentiometry,0.02,1800,10,896.6,0.8327,0.8327
Chronopotentiometry,0.02,1800,10,896.7,0.8327,0.8327
Chronopotentiometry,0.02,1800,10,896.8,0.8327,0.8327
Chronopotentiometry,0.02,1800,10,896.9,0.8328,0.8328
Chronopotentiometry,0.02,1800,10,897.0,0.8328,0.8328
Chronopotentiometry,0.02,1800,10,897.1,0.8328,0.8328
Chronopotentiometry,0.02,1800,10,897.2,0.8327,0.8327
Chronopotentiometry,0.02,1800,10,897.3,0.8326,0.8326
Chronopotentiometry,0.02,1800,10,897.4,0.8327,0.8327
Chronopotentiometry,0.02,1800,10,897.5,0.8327,0.8327
Chronopotentiometry,0.02,1800,10,897.6,0.8327,0.8327
Chronopotentiometry,0.02,1800,10,897.7,0.8328,0.8328
Chronopotentiometry,0.02,1800,10,897.8,0.8327,0.8327
Chronopotentiometry,0.02,1800,10,897.9,0.8326,0.8326
Chronopotentiometry,0.02,1800,10,898.0,0.8327,0.8327
Chronopotentiometry,0.02,1800,10,898.1,0.8327,0.8327
Chronopotentiometry,0.02,1800,10,898.2,0.8327,0.8327
Chronopotentiometry,0.02,1800,10,898.3,0.8327,0.8327
Chronopotentiometry,0.02,1800,10,898.4,0.8327,0.8327
Chronopotentiometry,0.02,1800,10,898.5,0.8328,0.8328
Chronopotentiometry,0.02,1800,10,898.6,0.8327,0.8327
Chronopotentiometry,0.02,1800,10,898.7,0.8327,0.8327
Chronopotentiometry,0.02,1800,10,898.8,0.8328,0.8328
Chronopotentiometry,0.02,1800,10,898.9,0.8328,0.8328
Chronopotentiometry,0.02,1800,10,899.0,0.8328,0.8328
Chronopotentiometry,0.02,1800,10,899.1,0.8328,0.8328
Chronopotentiometry,0.02,1800,10,899.2,0.8328,0.8328
Chronopotentiometry,0.02,1800,10,899.3,0.8328,0.8328
Chronopotentiometry,0.02,1800,10,899.4,0.8328,0.8328
Chronopotentiometry,0.02,1800,10,899.5,0.8329,0.8329
Chronopotentiometry,0.02,1800,10,899.6,0.8328,0.8328
Chronopotentiometry,0.02,1800,10,899.7,0.8328,0.8328
Chronopotentiometry,0.02,1800,10,899.8,0.8328,0.8328
Chronopotentiometry,0.02,1800,10,899.9,0.8328,0.8328
Chronopotentiometry,0.02,1800,10,900.0,0.8327,0.8327
Chronopotentiometry,0.02,1800,10,900.1,0.8327,0.8327
Chronopotentiometry,0.02,1800,10,900.2,0.8327,0.8327
Chronopotentiometry,0.02,1800,10,900.3,0.8328,0.8328
Chronopotentiometry,0.02,1800,10,900.4,0.8328,0.8328
Chronopotentiometry,0.02,1800,10,900.5,0.8328,0.8328
Chronopotentiometry,0.02,1800,10,900.6,0.8328,0.8328
Chronopotentiometry,0.02,1800,10,900.7,0.8328,0.8328
Chronopotentiometry,0.02,1800,10,900.8,0.8328,0.8328
Chronopotentiometry,0.02,1800,10,900.9,0.8327,0.8327
Chronopotentiometry,0.02,1800,10,901.0,0.8328,0.8328
Chronopotentiometry,0.02,1800,10,901.1,0.8328,0.8328
Chronopotentiometry,0.02,1800,10,901.2,0.8328,0.8328
Chronopotentiometry,0.02,1800,10,901.3,0.8328,0.8328
Chronopotentiometry,0.02,1800,10,901.4,0.8328,0.8328
Chronopotentiometry,0.02,1800,10,901.5,0.8328,0.8328
Chronopotentiometry,0.02,1800,10,901.6,0.8328,0.8328
Chronopotentiometry,0.02,1800,10,901.7,0.8328,0.8328
Chronopotentiometry,0.02,1800,10,901.8,0.8329,0.8329
Chronopotentiometry,0.02,1800,10,901.9,0.8329,0.8329
Chronopotentiometry,0.02,1800,10,902.0,0.8329,0.8329
Chronopotentiometry,0.02,1800,10,902.1,0.833,0.833
Chronopotentiometry,0.02,1800,10,902.2,0.833,0.833
Chronopotentiometry,0.02,1800,10,902.3,0.8329,0.8329
Chronopotentiometry,0.02,1800,10,902.4,0.8329,0.8329
Chronopotentiometry,0.02,1800,10,902.5,0.8329,0.8329
Chronopotentiometry,0.02,1800,10,902.6,0.8329,0.8329
Chronopotentiometry,0.02,1800,10,902.7,0.8329,0.8329
Chronopotentiometry,0.02,1800,10,902.8,0.833,0.833
Chronopotentiometry,0.02,1800,10,902.9,0.833,0.833
Chronopotentiometry,0.02,1800,10,903.0,0.8329,0.8329
Chronopotentiometry,0.02,1800,10,903.1,0.8328,0.8328
Chronopotentiometry,0.02,1800,10,903.2,0.8329,0.8329
Chronopotentiometry,0.02,1800,10,903.3,0.833,0.833
Chronopotentiometry,0.02,1800,10,903.4,0.8329,0.8329
Chronopotentiometry,0.02,1800,10,903.5,0.8329,0.8329
Chronopotentiometry,0.02,1800,10,903.6,0.833,0.833
Chronopotentiometry,0.02,1800,10,903.7,0.8331,0.8331
Chronopotentiometry,0.02,1800,10,903.8,0.833,0.833
Chronopotentiometry,0.02,1800,10,903.9,0.833,0.833
Chronopotentiometry,0.02,1800,10,904.0,0.833,0.833
Chronopotentiometry,0.02,1800,10,904.1,0.8329,0.8329
Chronopotentiometry,0.02,1800,10,904.2,0.833,0.833
Chronopotentiometry,0.02,1800,10,904.3,0.833,0.833
Chronopotentiometry,0.02,1800,10,904.4,0.833,0.833
Chronopotentiometry,0.02,1800,10,904.5,0.833,0.833
Chronopotentiometry,0.02,1800,10,904.6,0.833,0.833
Chronopotentiometry,0.02,1800,10,904.7,0.833,0.833
Chronopotentiometry,0.02,1800,10,904.8,0.8331,0.8331
Chronopotentiometry,0.02,1800,10,904.9,0.8332,0.8332
Chronopotentiometry,0.02,1800,10,905.0,0.833,0.833
Chronopotentiometry,0.02,1800,10,905.1,0.833,0.833
Chronopotentiometry,0.02,1800,10,905.2,0.833,0.833
Chronopotentiometry,0.02,1800,10,905.3,0.8331,0.8331
Chronopotentiometry,0.02,1800,10,905.4,0.833,0.833
Chronopotentiometry,0.02,1800,10,905.5,0.833,0.833
Chronopotentiometry,0.02,1800,10,905.6,0.8331,0.8331
Chronopotentiometry,0.02,1800,10,905.7,0.8331,0.8331
Chronopotentiometry,0.02,1800,10,905.8,0.8331,0.8331
Chronopotentiometry,0.02,1800,10,905.9,0.8331,0.8331
Chronopotentiometry,0.02,1800,10,906.0,0.8331,0.8331
Chronopotentiometry,0.02,1800,10,906.1,0.8331,0.8331
Chronopotentiometry,0.02,1800,10,906.2,0.833,0.833
Chronopotentiometry,0.02,1800,10,906.3,0.833,0.833
Chronopotentiometry,0.02,1800,10,906.4,0.833,0.833
Chronopotentiometry,0.02,1800,10,906.5,0.833,0.833
Chronopotentiometry,0.02,1800,10,906.6,0.833,0.833
Chronopotentiometry,0.02,1800,10,906.7,0.833,0.833
Chronopotentiometry,0.02,1800,10,906.8,0.8331,0.8331
Chronopotentiometry,0.02,1800,10,906.9,0.8331,0.8331
Chronopotentiometry,0.02,1800,10,907.0,0.8331,0.8331
Chronopotentiometry,0.02,1800,10,907.1,0.8331,0.8331
Chronopotentiometry,0.02,1800,10,907.2,0.8331,0.8331
Chronopotentiometry,0.02,1800,10,907.3,0.8331,0.8331
Chronopotentiometry,0.02,1800,10,907.4,0.833,0.833
Chronopotentiometry,0.02,1800,10,907.5,0.8331,0.8331
Chronopotentiometry,0.02,1800,10,907.6,0.8332,0.8332
Chronopotentiometry,0.02,1800,10,907.7,0.8331,0.8331
Chronopotentiometry,0.02,1800,10,907.8,0.8331,0.8331
Chronopotentiometry,0.02,1800,10,907.9,0.8331,0.8331
Chronopotentiometry,0.02,1800,10,908.0,0.8332,0.8332
Chronopotentiometry,0.02,1800,10,908.1,0.8332,0.8332
Chronopotentiometry,0.02,1800,10,908.2,0.8332,0.8332
Chronopotentiometry,0.02,1800,10,908.3,0.8333,0.8333
Chronopotentiometry,0.02,1800,10,908.4,0.8333,0.8333
Chronopotentiometry,0.02,1800,10,908.5,0.8331,0.8331
Chronopotentiometry,0.02,1800,10,908.6,0.8332,0.8332
Chronopotentiometry,0.02,1800,10,908.7,0.8332,0.8332
Chronopotentiometry,0.02,1800,10,908.8,0.8332,0.8332
Chronopotentiometry,0.02,1800,10,908.9,0.8332,0.8332
Chronopotentiometry,0.02,1800,10,909.0,0.8332,0.8332
Chronopotentiometry,0.02,1800,10,909.1,0.8332,0.8332
Chronopotentiometry,0.02,1800,10,909.2,0.8332,0.8332
Chronopotentiometry,0.02,1800,10,909.3,0.8332,0.8332
Chronopotentiometry,0.02,1800,10,909.4,0.8333,0.8333
Chronopotentiometry,0.02,1800,10,909.5,0.8332,0.8332
Chronopotentiometry,0.02,1800,10,909.6,0.8333,0.8333
Chronopotentiometry,0.02,1800,10,909.7,0.8333,0.8333
Chronopotentiometry,0.02,1800,10,909.8,0.8332,0.8332
Chronopotentiometry,0.02,1800,10,909.9,0.8332,0.8332
Chronopotentiometry,0.02,1800,10,910.0,0.8331,0.8331
Chronopotentiometry,0.02,1800,10,910.1,0.8331,0.8331
Chronopotentiometry,0.02,1800,10,910.2,0.8332,0.8332
Chronopotentiometry,0.02,1800,10,910.3,0.8332,0.8332
Chronopotentiometry,0.02,1800,10,910.4,0.8332,0.8332
Chronopotentiometry,0.02,1800,10,910.5,0.8332,0.8332
Chronopotentiometry,0.02,1800,10,910.6,0.8333,0.8333
Chronopotentiometry,0.02,1800,10,910.7,0.8332,0.8332
Chronopotentiometry,0.02,1800,10,910.8,0.8332,0.8332
Chronopotentiometry,0.02,1800,10,910.9,0.8333,0.8333
Chronopotentiometry,0.02,1800,10,911.0,0.8333,0.8333
Chronopotentiometry,0.02,1800,10,911.1,0.8333,0.8333
Chronopotentiometry,0.02,1800,10,911.2,0.8333,0.8333
Chronopotentiometry,0.02,1800,10,911.3,0.8333,0.8333
Chronopotentiometry,0.02,1800,10,911.4,0.8333,0.8333
Chronopotentiometry,0.02,1800,10,911.5,0.8333,0.8333
Chronopotentiometry,0.02,1800,10,911.6,0.8332,0.8332
Chronopotentiometry,0.02,1800,10,911.7,0.8331,0.8331
Chronopotentiometry,0.02,1800,10,911.8,0.8332,0.8332
Chronopotentiometry,0.02,1800,10,911.9,0.8333,0.8333
Chronopotentiometry,0.02,1800,10,912.0,0.8333,0.8333
Chronopotentiometry,0.02,1800,10,912.1,0.8333,0.8333
Chronopotentiometry,0.02,1800,10,912.2,0.8333,0.8333
Chronopotentiometry,0.02,1800,10,912.3,0.8333,0.8333
Chronopotentiometry,0.02,1800,10,912.4,0.8333,0.8333
Chronopotentiometry,0.02,1800,10,912.5,0.8333,0.8333
Chronopotentiometry,0.02,1800,10,912.6,0.8334,0.8334
Chronopotentiometry,0.02,1800,10,912.7,0.8334,0.8334
Chronopotentiometry,0.02,1800,10,912.8,0.8333,0.8333
Chronopotentiometry,0.02,1800,10,912.9,0.8334,0.8334
Chronopotentiometry,0.02,1800,10,913.0,0.8334,0.8334
Chronopotentiometry,0.02,1800,10,913.1,0.8335,0.8335
Chronopotentiometry,0.02,1800,10,913.2,0.8334,0.8334
Chronopotentiometry,0.02,1800,10,913.3,0.8334,0.8334
Chronopotentiometry,0.02,1800,10,913.4,0.8333,0.8333
Chronopotentiometry,0.02,1800,10,913.5,0.8334,0.8334
Chronopotentiometry,0.02,1800,10,913.6,0.8333,0.8333
Chronopotentiometry,0.02,1800,10,913.7,0.8334,0.8334
Chronopotentiometry,0.02,1800,10,913.8,0.8334,0.8334
Chronopotentiometry,0.02,1800,10,913.9,0.8334,0.8334
Chronopotentiometry,0.02,1800,10,914.0,0.8334,0.8334
Chronopotentiometry,0.02,1800,10,914.1,0.8333,0.8333
Chronopotentiometry,0.02,1800,10,914.2,0.8333,0.8333
Chronopotentiometry,0.02,1800,10,914.3,0.8333,0.8333
Chronopotentiometry,0.02,1800,10,914.4,0.8333,0.8333
Chronopotentiometry,0.02,1800,10,914.5,0.8333,0.8333
Chronopotentiometry,0.02,1800,10,914.6,0.8334,0.8334
Chronopotentiometry,0.02,1800,10,914.7,0.8334,0.8334
Chronopotentiometry,0.02,1800,10,914.8,0.8334,0.8334
Chronopotentiometry,0.02,1800,10,914.9,0.8334,0.8334
Chronopotentiometry,0.02,1800,10,915.0,0.8334,0.8334
Chronopotentiometry,0.02,1800,10,915.1,0.8334,0.8334
Chronopotentiometry,0.02,1800,10,915.2,0.8335,0.8335
Chronopotentiometry,0.02,1800,10,915.3,0.8335,0.8335
Chronopotentiometry,0.02,1800,10,915.4,0.8335,0.8335
Chronopotentiometry,0.02,1800,10,915.5,0.8335,0.8335
Chronopotentiometry,0.02,1800,10,915.6,0.8334,0.8334
Chronopotentiometry,0.02,1800,10,915.7,0.8335,0.8335
Chronopotentiometry,0.02,1800,10,915.8,0.8335,0.8335
Chronopotentiometry,0.02,1800,10,915.9,0.8336,0.8336
Chronopotentiometry,0.02,1800,10,916.0,0.8335,0.8335
Chronopotentiometry,0.02,1800,10,916.1,0.8334,0.8334
Chronopotentiometry,0.02,1800,10,916.2,0.8334,0.8334
Chronopotentiometry,0.02,1800,10,916.3,0.8334,0.8334
Chronopotentiometry,0.02,1800,10,916.4,0.8334,0.8334
Chronopotentiometry,0.02,1800,10,916.5,0.8335,0.8335
Chronopotentiometry,0.02,1800,10,916.6,0.8335,0.8335
Chronopotentiometry,0.02,1800,10,916.7,0.8334,0.8334
Chronopotentiometry,0.02,1800,10,916.8,0.8334,0.8334
Chronopotentiometry,0.02,1800,10,916.9,0.8333,0.8333
Chronopotentiometry,0.02,1800,10,917.0,0.8334,0.8334
Chronopotentiometry,0.02,1800,10,917.1,0.8334,0.8334
Chronopotentiometry,0.02,1800,10,917.2,0.8334,0.8334
Chronopotentiometry,0.02,1800,10,917.3,0.8334,0.8334
Chronopotentiometry,0.02,1800,10,917.4,0.8335,0.8335
Chronopotentiometry,0.02,1800,10,917.5,0.8334,0.8334
Chronopotentiometry,0.02,1800,10,917.6,0.8334,0.8334
Chronopotentiometry,0.02,1800,10,917.7,0.8335,0.8335
Chronopotentiometry,0.02,1800,10,917.8,0.8336,0.8336
Chronopotentiometry,0.02,1800,10,917.9,0.8336,0.8336
Chronopotentiometry,0.02,1800,10,918.0,0.8335,0.8335
Chronopotentiometry,0.02,1800,10,918.1,0.8335,0.8335
Chronopotentiometry,0.02,1800,10,918.2,0.8334,0.8334
Chronopotentiometry,0.02,1800,10,918.3,0.8334,0.8334
Chronopotentiometry,0.02,1800,10,918.4,0.8334,0.8334
Chronopotentiometry,0.02,1800,10,918.5,0.8335,0.8335
Chronopotentiometry,0.02,1800,10,918.6,0.8335,0.8335
Chronopotentiometry,0.02,1800,10,918.7,0.8335,0.8335
Chronopotentiometry,0.02,1800,10,918.8,0.8335,0.8335
Chronopotentiometry,0.02,1800,10,918.9,0.8335,0.8335
Chronopotentiometry,0.02,1800,10,919.0,0.8336,0.8336
Chronopotentiometry,0.02,1800,10,919.1,0.8336,0.8336
Chronopotentiometry,0.02,1800,10,919.2,0.8336,0.8336
Chronopotentiometry,0.02,1800,10,919.3,0.8336,0.8336
Chronopotentiometry,0.02,1800,10,919.4,0.8336,0.8336
Chronopotentiometry,0.02,1800,10,919.5,0.8337,0.8337
Chronopotentiometry,0.02,1800,10,919.6,0.8337,0.8337
Chronopotentiometry,0.02,1800,10,919.7,0.8336,0.8336
Chronopotentiometry,0.02,1800,10,919.8,0.8334,0.8334
Chronopotentiometry,0.02,1800,10,919.9,0.8334,0.8334
Chronopotentiometry,0.02,1800,10,920.0,0.8334,0.8334
Chronopotentiometry,0.02,1800,10,920.1,0.8335,0.8335
Chronopotentiometry,0.02,1800,10,920.2,0.8334,0.8334
Chronopotentiometry,0.02,1800,10,920.3,0.8333,0.8333
Chronopotentiometry,0.02,1800,10,920.4,0.8333,0.8333
Chronopotentiometry,0.02,1800,10,920.5,0.8334,0.8334
Chronopotentiometry,0.02,1800,10,920.6,0.8334,0.8334
Chronopotentiometry,0.02,1800,10,920.7,0.8334,0.8334
Chronopotentiometry,0.02,1800,10,920.8,0.8334,0.8334
Chronopotentiometry,0.02,1800,10,920.9,0.8334,0.8334
Chronopotentiometry,0.02,1800,10,921.0,0.8334,0.8334
Chronopotentiometry,0.02,1800,10,921.1,0.8333,0.8333
Chronopotentiometry,0.02,1800,10,921.2,0.8333,0.8333
Chronopotentiometry,0.02,1800,10,921.3,0.8334,0.8334
Chronopotentiometry,0.02,1800,10,921.4,0.8334,0.8334
Chronopotentiometry,0.02,1800,10,921.5,0.8334,0.8334
Chronopotentiometry,0.02,1800,10,921.6,0.8334,0.8334
Chronopotentiometry,0.02,1800,10,921.7,0.8334,0.8334
Chronopotentiometry,0.02,1800,10,921.8,0.8334,0.8334
Chronopotentiometry,0.02,1800,10,921.9,0.8335,0.8335
Chronopotentiometry,0.02,1800,10,922.0,0.8335,0.8335
Chronopotentiometry,0.02,1800,10,922.1,0.8335,0.8335
Chronopotentiometry,0.02,1800,10,922.2,0.8335,0.8335
Chronopotentiometry,0.02,1800,10,922.3,0.8336,0.8336
Chronopotentiometry,0.02,1800,10,922.4,0.8335,0.8335
Chronopotentiometry,0.02,1800,10,922.5,0.8335,0.8335
Chronopotentiometry,0.02,1800,10,922.6,0.8335,0.8335
Chronopotentiometry,0.02,1800,10,922.7,0.8336,0.8336
Chronopotentiometry,0.02,1800,10,922.8,0.8336,0.8336
Chronopotentiometry,0.02,1800,10,922.9,0.8335,0.8335
Chronopotentiometry,0.02,1800,10,923.0,0.8334,0.8334
Chronopotentiometry,0.02,1800,10,923.1,0.8334,0.8334
Chronopotentiometry,0.02,1800,10,923.2,0.8335,0.8335
Chronopotentiometry,0.02,1800,10,923.3,0.8334,0.8334
Chronopotentiometry,0.02,1800,10,923.4,0.8334,0.8334
Chronopotentiometry,0.02,1800,10,923.5,0.8334,0.8334
Chronopotentiometry,0.02,1800,10,923.6,0.8335,0.8335
Chronopotentiometry,0.02,1800,10,923.7,0.8336,0.8336
Chronopotentiometry,0.02,1800,10,923.8,0.8335,0.8335
Chronopotentiometry,0.02,1800,10,923.9,0.8335,0.8335
Chronopotentiometry,0.02,1800,10,924.0,0.8335,0.8335
Chronopotentiometry,0.02,1800,10,924.1,0.8335,0.8335
Chronopotentiometry,0.02,1800,10,924.2,0.8336,0.8336
Chronopotentiometry,0.02,1800,10,924.3,0.8337,0.8337
Chronopotentiometry,0.02,1800,10,924.4,0.8336,0.8336
Chronopotentiometry,0.02,1800,10,924.5,0.8336,0.8336
Chronopotentiometry,0.02,1800,10,924.6,0.8336,0.8336
Chronopotentiometry,0.02,1800,10,924.7,0.8336,0.8336
Chronopotentiometry,0.02,1800,10,924.8,0.8336,0.8336
Chronopotentiometry,0.02,1800,10,924.9,0.8335,0.8335
Chronopotentiometry,0.02,1800,10,925.0,0.8336,0.8336
Chronopotentiometry,0.02,1800,10,925.1,0.8337,0.8337
Chronopotentiometry,0.02,1800,10,925.2,0.8337,0.8337
Chronopotentiometry,0.02,1800,10,925.3,0.8337,0.8337
Chronopotentiometry,0.02,1800,10,925.4,0.8336,0.8336
Chronopotentiometry,0.02,1800,10,925.5,0.8336,0.8336
Chronopotentiometry,0.02,1800,10,925.6,0.8336,0.8336
Chronopotentiometry,0.02,1800,10,925.7,0.8337,0.8337
Chronopotentiometry,0.02,1800,10,925.8,0.8336,0.8336
Chronopotentiometry,0.02,1800,10,925.9,0.8336,0.8336
Chronopotentiometry,0.02,1800,10,926.0,0.8336,0.8336
Chronopotentiometry,0.02,1800,10,926.1,0.8336,0.8336
Chronopotentiometry,0.02,1800,10,926.2,0.8337,0.8337
Chronopotentiometry,0.02,1800,10,926.3,0.8337,0.8337
Chronopotentiometry,0.02,1800,10,926.4,0.8337,0.8337
Chronopotentiometry,0.02,1800,10,926.5,0.8338,0.8338
Chronopotentiometry,0.02,1800,10,926.6,0.8336,0.8336
Chronopotentiometry,0.02,1800,10,926.7,0.8336,0.8336
Chronopotentiometry,0.02,1800,10,926.8,0.8337,0.8337
Chronopotentiometry,0.02,1800,10,926.9,0.8337,0.8337
Chronopotentiometry,0.02,1800,10,927.0,0.8338,0.8338
Chronopotentiometry,0.02,1800,10,927.1,0.8338,0.8338
Chronopotentiometry,0.02,1800,10,927.2,0.8338,0.8338
Chronopotentiometry,0.02,1800,10,927.3,0.8336,0.8336
Chronopotentiometry,0.02,1800,10,927.4,0.8337,0.8337
Chronopotentiometry,0.02,1800,10,927.5,0.8337,0.8337
Chronopotentiometry,0.02,1800,10,927.6,0.8338,0.8338
Chronopotentiometry,0.02,1800,10,927.7,0.8339,0.8339
Chronopotentiometry,0.02,1800,10,927.8,0.8338,0.8338
Chronopotentiometry,0.02,1800,10,927.9,0.8337,0.8337
Chronopotentiometry,0.02,1800,10,928.0,0.8337,0.8337
Chronopotentiometry,0.02,1800,10,928.1,0.8338,0.8338
Chronopotentiometry,0.02,1800,10,928.2,0.8338,0.8338
Chronopotentiometry,0.02,1800,10,928.3,0.8338,0.8338
Chronopotentiometry,0.02,1800,10,928.4,0.8337,0.8337
Chronopotentiometry,0.02,1800,10,928.5,0.8337,0.8337
Chronopotentiometry,0.02,1800,10,928.6,0.8337,0.8337
Chronopotentiometry,0.02,1800,10,928.7,0.8337,0.8337
Chronopotentiometry,0.02,1800,10,928.8,0.8338,0.8338
Chronopotentiometry,0.02,1800,10,928.9,0.8337,0.8337
Chronopotentiometry,0.02,1800,10,929.0,0.8339,0.8339
Chronopotentiometry,0.02,1800,10,929.1,0.8339,0.8339
Chronopotentiometry,0.02,1800,10,929.2,0.8339,0.8339
Chronopotentiometry,0.02,1800,10,929.3,0.8336,0.8336
Chronopotentiometry,0.02,1800,10,929.4,0.8337,0.8337
Chronopotentiometry,0.02,1800,10,929.5,0.8337,0.8337
Chronopotentiometry,0.02,1800,10,929.6,0.8336,0.8336
Chronopotentiometry,0.02,1800,10,929.7,0.8337,0.8337
Chronopotentiometry,0.02,1800,10,929.8,0.8337,0.8337
Chronopotentiometry,0.02,1800,10,929.9,0.8337,0.8337
Chronopotentiometry,0.02,1800,10,930.0,0.8337,0.8337
Chronopotentiometry,0.02,1800,10,930.1,0.8338,0.8338
Chronopotentiometry,0.02,1800,10,930.2,0.8337,0.8337
Chronopotentiometry,0.02,1800,10,930.3,0.8338,0.8338
Chronopotentiometry,0.02,1800,10,930.4,0.8338,0.8338
Chronopotentiometry,0.02,1800,10,930.5,0.8338,0.8338
Chronopotentiometry,0.02,1800,10,930.6,0.8338,0.8338
Chronopotentiometry,0.02,1800,10,930.7,0.8339,0.8339
Chronopotentiometry,0.02,1800,10,930.8,0.8339,0.8339
Chronopotentiometry,0.02,1800,10,930.9,0.8339,0.8339
Chronopotentiometry,0.02,1800,10,931.0,0.8339,0.8339
Chronopotentiometry,0.02,1800,10,931.1,0.8338,0.8338
Chronopotentiometry,0.02,1800,10,931.2,0.8338,0.8338
Chronopotentiometry,0.02,1800,10,931.3,0.8338,0.8338
Chronopotentiometry,0.02,1800,10,931.4,0.8338,0.8338
Chronopotentiometry,0.02,1800,10,931.5,0.8339,0.8339
Chronopotentiometry,0.02,1800,10,931.6,0.8339,0.8339
Chronopotentiometry,0.02,1800,10,931.7,0.8338,0.8338
Chronopotentiometry,0.02,1800,10,931.8,0.8339,0.8339
Chronopotentiometry,0.02,1800,10,931.9,0.8339,0.8339
Chronopotentiometry,0.02,1800,10,932.0,0.8339,0.8339
Chronopotentiometry,0.02,1800,10,932.1,0.8339,0.8339
Chronopotentiometry,0.02,1800,10,932.2,0.8339,0.8339
Chronopotentiometry,0.02,1800,10,932.3,0.8339,0.8339
Chronopotentiometry,0.02,1800,10,932.4,0.8338,0.8338
Chronopotentiometry,0.02,1800,10,932.5,0.8338,0.8338
Chronopotentiometry,0.02,1800,10,932.6,0.8337,0.8337
Chronopotentiometry,0.02,1800,10,932.7,0.8338,0.8338
Chronopotentiometry,0.02,1800,10,932.8,0.8338,0.8338
Chronopotentiometry,0.02,1800,10,932.9,0.8339,0.8339
Chronopotentiometry,0.02,1800,10,933.0,0.8339,0.8339
Chronopotentiometry,0.02,1800,10,933.1,0.8339,0.8339
Chronopotentiometry,0.02,1800,10,933.2,0.8339,0.8339
Chronopotentiometry,0.02,1800,10,933.3,0.8339,0.8339
Chronopotentiometry,0.02,1800,10,933.4,0.8338,0.8338
Chronopotentiometry,0.02,1800,10,933.5,0.8339,0.8339
Chronopotentiometry,0.02,1800,10,933.6,0.8339,0.8339
Chronopotentiometry,0.02,1800,10,933.7,0.834,0.834
Chronopotentiometry,0.02,1800,10,933.8,0.834,0.834
Chronopotentiometry,0.02,1800,10,933.9,0.8339,0.8339
Chronopotentiometry,0.02,1800,10,934.0,0.834,0.834
Chronopotentiometry,0.02,1800,10,934.1,0.8339,0.8339
Chronopotentiometry,0.02,1800,10,934.2,0.8339,0.8339
Chronopotentiometry,0.02,1800,10,934.3,0.834,0.834
Chronopotentiometry,0.02,1800,10,934.4,0.8341,0.8341
Chronopotentiometry,0.02,1800,10,934.5,0.834,0.834
Chronopotentiometry,0.02,1800,10,934.6,0.8339,0.8339
Chronopotentiometry,0.02,1800,10,934.7,0.834,0.834
Chronopotentiometry,0.02,1800,10,934.8,0.8339,0.8339
Chronopotentiometry,0.02,1800,10,934.9,0.8339,0.8339
Chronopotentiometry,0.02,1800,10,935.0,0.834,0.834
Chronopotentiometry,0.02,1800,10,935.1,0.834,0.834
Chronopotentiometry,0.02,1800,10,935.2,0.834,0.834
Chronopotentiometry,0.02,1800,10,935.3,0.834,0.834
Chronopotentiometry,0.02,1800,10,935.4,0.834,0.834
Chronopotentiometry,0.02,1800,10,935.5,0.834,0.834
Chronopotentiometry,0.02,1800,10,935.6,0.834,0.834
Chronopotentiometry,0.02,1800,10,935.7,0.8339,0.8339
Chronopotentiometry,0.02,1800,10,935.8,0.834,0.834
Chronopotentiometry,0.02,1800,10,935.9,0.834,0.834
Chronopotentiometry,0.02,1800,10,936.0,0.834,0.834
Chronopotentiometry,0.02,1800,10,936.1,0.834,0.834
Chronopotentiometry,0.02,1800,10,936.2,0.834,0.834
Chronopotentiometry,0.02,1800,10,936.3,0.834,0.834
Chronopotentiometry,0.02,1800,10,936.4,0.834,0.834
Chronopotentiometry,0.02,1800,10,936.5,0.8341,0.8341
Chronopotentiometry,0.02,1800,10,936.6,0.834,0.834
Chronopotentiometry,0.02,1800,10,936.7,0.834,0.834
Chronopotentiometry,0.02,1800,10,936.8,0.8339,0.8339
Chronopotentiometry,0.02,1800,10,936.9,0.8339,0.8339
Chronopotentiometry,0.02,1800,10,937.0,0.834,0.834
Chronopotentiometry,0.02,1800,10,937.1,0.834,0.834
Chronopotentiometry,0.02,1800,10,937.2,0.834,0.834
Chronopotentiometry,0.02,1800,10,937.3,0.8341,0.8341
Chronopotentiometry,0.02,1800,10,937.4,0.8341,0.8341
Chronopotentiometry,0.02,1800,10,937.5,0.834,0.834
Chronopotentiometry,0.02,1800,10,937.6,0.834,0.834
Chronopotentiometry,0.02,1800,10,937.7,0.834,0.834
Chronopotentiometry,0.02,1800,10,937.8,0.8341,0.8341
Chronopotentiometry,0.02,1800,10,937.9,0.8341,0.8341
Chronopotentiometry,0.02,1800,10,938.0,0.834,0.834
Chronopotentiometry,0.02,1800,10,938.1,0.834,0.834
Chronopotentiometry,0.02,1800,10,938.2,0.8339,0.8339
Chronopotentiometry,0.02,1800,10,938.3,0.8339,0.8339
Chronopotentiometry,0.02,1800,10,938.4,0.834,0.834
Chronopotentiometry,0.02,1800,10,938.5,0.834,0.834
Chronopotentiometry,0.02,1800,10,938.6,0.834,0.834
Chronopotentiometry,0.02,1800,10,938.7,0.8341,0.8341
Chronopotentiometry,0.02,1800,10,938.8,0.8342,0.8342
Chronopotentiometry,0.02,1800,10,938.9,0.8341,0.8341
Chronopotentiometry,0.02,1800,10,939.0,0.8341,0.8341
Chronopotentiometry,0.02,1800,10,939.1,0.8341,0.8341
Chronopotentiometry,0.02,1800,10,939.2,0.8341,0.8341
Chronopotentiometry,0.02,1800,10,939.3,0.8341,0.8341
Chronopotentiometry,0.02,1800,10,939.4,0.8341,0.8341
Chronopotentiometry,0.02,1800,10,939.5,0.834,0.834
Chronopotentiometry,0.02,1800,10,939.6,0.834,0.834
Chronopotentiometry,0.02,1800,10,939.7,0.834,0.834
Chronopotentiometry,0.02,1800,10,939.8,0.8341,0.8341
Chronopotentiometry,0.02,1800,10,939.9,0.8341,0.8341
Chronopotentiometry,0.02,1800,10,940.0,0.8341,0.8341
Chronopotentiometry,0.02,1800,10,940.1,0.8341,0.8341
Chronopotentiometry,0.02,1800,10,940.2,0.834,0.834
Chronopotentiometry,0.02,1800,10,940.3,0.834,0.834
Chronopotentiometry,0.02,1800,10,940.4,0.834,0.834
Chronopotentiometry,0.02,1800,10,940.5,0.834,0.834
Chronopotentiometry,0.02,1800,10,940.6,0.8341,0.8341
Chronopotentiometry,0.02,1800,10,940.7,0.8341,0.8341
Chronopotentiometry,0.02,1800,10,940.8,0.8342,0.8342
Chronopotentiometry,0.02,1800,10,940.9,0.834,0.834
Chronopotentiometry,0.02,1800,10,941.0,0.8341,0.8341
Chronopotentiometry,0.02,1800,10,941.1,0.834,0.834
Chronopotentiometry,0.02,1800,10,941.2,0.834,0.834
Chronopotentiometry,0.02,1800,10,941.3,0.834,0.834
Chronopotentiometry,0.02,1800,10,941.4,0.8341,0.8341
Chronopotentiometry,0.02,1800,10,941.5,0.8342,0.8342
Chronopotentiometry,0.02,1800,10,941.6,0.8342,0.8342
Chronopotentiometry,0.02,1800,10,941.7,0.8341,0.8341
Chronopotentiometry,0.02,1800,10,941.8,0.8341,0.8341
Chronopotentiometry,0.02,1800,10,941.9,0.8341,0.8341
Chronopotentiometry,0.02,1800,10,942.0,0.8341,0.8341
Chronopotentiometry,0.02,1800,10,942.1,0.8341,0.8341
Chronopotentiometry,0.02,1800,10,942.2,0.8341,0.8341
Chronopotentiometry,0.02,1800,10,942.3,0.8342,0.8342
Chronopotentiometry,0.02,1800,10,942.4,0.8342,0.8342
Chronopotentiometry,0.02,1800,10,942.5,0.8342,0.8342
Chronopotentiometry,0.02,1800,10,942.6,0.8341,0.8341
Chronopotentiometry,0.02,1800,10,942.7,0.8341,0.8341
Chronopotentiometry,0.02,1800,10,942.8,0.8341,0.8341
Chronopotentiometry,0.02,1800,10,942.9,0.8341,0.8341
Chronopotentiometry,0.02,1800,10,943.0,0.8341,0.8341
Chronopotentiometry,0.02,1800,10,943.1,0.8341,0.8341
Chronopotentiometry,0.02,1800,10,943.2,0.8341,0.8341
Chronopotentiometry,0.02,1800,10,943.3,0.8342,0.8342
Chronopotentiometry,0.02,1800,10,943.4,0.8342,0.8342
Chronopotentiometry,0.02,1800,10,943.5,0.8342,0.8342
Chronopotentiometry,0.02,1800,10,943.6,0.8341,0.8341
Chronopotentiometry,0.02,1800,10,943.7,0.8342,0.8342
Chronopotentiometry,0.02,1800,10,943.8,0.8342,0.8342
Chronopotentiometry,0.02,1800,10,943.9,0.8342,0.8342
Chronopotentiometry,0.02,1800,10,944.0,0.8341,0.8341
Chronopotentiometry,0.02,1800,10,944.1,0.8341,0.8341
Chronopotentiometry,0.02,1800,10,944.2,0.8342,0.8342
Chronopotentiometry,0.02,1800,10,944.3,0.8342,0.8342
Chronopotentiometry,0.02,1800,10,944.4,0.8341,0.8341
Chronopotentiometry,0.02,1800,10,944.5,0.8341,0.8341
Chronopotentiometry,0.02,1800,10,944.6,0.8342,0.8342
Chronopotentiometry,0.02,1800,10,944.7,0.8341,0.8341
Chronopotentiometry,0.02,1800,10,944.8,0.8341,0.8341
Chronopotentiometry,0.02,1800,10,944.9,0.8342,0.8342
Chronopotentiometry,0.02,1800,10,945.0,0.8342,0.8342
Chronopotentiometry,0.02,1800,10,945.1,0.8342,0.8342
Chronopotentiometry,0.02,1800,10,945.2,0.8342,0.8342
Chronopotentiometry,0.02,1800,10,945.3,0.8342,0.8342
Chronopotentiometry,0.02,1800,10,945.4,0.8341,0.8341
Chronopotentiometry,0.02,1800,10,945.5,0.8341,0.8341
Chronopotentiometry,0.02,1800,10,945.6,0.8342,0.8342
Chronopotentiometry,0.02,1800,10,945.7,0.8342,0.8342
Chronopotentiometry,0.02,1800,10,945.8,0.8342,0.8342
Chronopotentiometry,0.02,1800,10,945.9,0.8342,0.8342
Chronopotentiometry,0.02,1800,10,946.0,0.8342,0.8342
Chronopotentiometry,0.02,1800,10,946.1,0.8342,0.8342
Chronopotentiometry,0.02,1800,10,946.2,0.8342,0.8342
Chronopotentiometry,0.02,1800,10,946.3,0.8342,0.8342
Chronopotentiometry,0.02,1800,10,946.4,0.8343,0.8343
Chronopotentiometry,0.02,1800,10,946.5,0.8343,0.8343
Chronopotentiometry,0.02,1800,10,946.6,0.8342,0.8342
Chronopotentiometry,0.02,1800,10,946.7,0.8343,0.8343
Chronopotentiometry,0.02,1800,10,946.8,0.8343,0.8343
Chronopotentiometry,0.02,1800,10,946.9,0.8343,0.8343
Chronopotentiometry,0.02,1800,10,947.0,0.8343,0.8343
Chronopotentiometry,0.02,1800,10,947.1,0.8342,0.8342
Chronopotentiometry,0.02,1800,10,947.2,0.8343,0.8343
Chronopotentiometry,0.02,1800,10,947.3,0.8343,0.8343
Chronopotentiometry,0.02,1800,10,947.4,0.8343,0.8343
Chronopotentiometry,0.02,1800,10,947.5,0.8342,0.8342
Chronopotentiometry,0.02,1800,10,947.6,0.8342,0.8342
Chronopotentiometry,0.02,1800,10,947.7,0.8342,0.8342
Chronopotentiometry,0.02,1800,10,947.8,0.8343,0.8343
Chronopotentiometry,0.02,1800,10,947.9,0.8343,0.8343
Chronopotentiometry,0.02,1800,10,948.0,0.8344,0.8344
Chronopotentiometry,0.02,1800,10,948.1,0.8343,0.8343
Chronopotentiometry,0.02,1800,10,948.2,0.8344,0.8344
Chronopotentiometry,0.02,1800,10,948.3,0.8343,0.8343
Chronopotentiometry,0.02,1800,10,948.4,0.8342,0.8342
Chronopotentiometry,0.02,1800,10,948.5,0.8342,0.8342
Chronopotentiometry,0.02,1800,10,948.6,0.8343,0.8343
Chronopotentiometry,0.02,1800,10,948.7,0.8343,0.8343
Chronopotentiometry,0.02,1800,10,948.8,0.8344,0.8344
Chronopotentiometry,0.02,1800,10,948.9,0.8343,0.8343
Chronopotentiometry,0.02,1800,10,949.0,0.8343,0.8343
Chronopotentiometry,0.02,1800,10,949.1,0.8343,0.8343
Chronopotentiometry,0.02,1800,10,949.2,0.8343,0.8343
Chronopotentiometry,0.02,1800,10,949.3,0.8344,0.8344
Chronopotentiometry,0.02,1800,10,949.4,0.8344,0.8344
Chronopotentiometry,0.02,1800,10,949.5,0.8344,0.8344
Chronopotentiometry,0.02,1800,10,949.6,0.8344,0.8344
Chronopotentiometry,0.02,1800,10,949.7,0.8343,0.8343
Chronopotentiometry,0.02,1800,10,949.8,0.8343,0.8343
Chronopotentiometry,0.02,1800,10,949.9,0.8343,0.8343
Chronopotentiometry,0.02,1800,10,950.0,0.8344,0.8344
Chronopotentiometry,0.02,1800,10,950.1,0.8344,0.8344
Chronopotentiometry,0.02,1800,10,950.2,0.8345,0.8345
Chronopotentiometry,0.02,1800,10,950.3,0.8344,0.8344
Chronopotentiometry,0.02,1800,10,950.4,0.8344,0.8344
Chronopotentiometry,0.02,1800,10,950.5,0.8345,0.8345
Chronopotentiometry,0.02,1800,10,950.6,0.8344,0.8344
Chronopotentiometry,0.02,1800,10,950.7,0.8345,0.8345
Chronopotentiometry,0.02,1800,10,950.8,0.8345,0.8345
Chronopotentiometry,0.02,1800,10,950.9,0.8344,0.8344
Chronopotentiometry,0.02,1800,10,951.0,0.8344,0.8344
Chronopotentiometry,0.02,1800,10,951.1,0.8344,0.8344
Chronopotentiometry,0.02,1800,10,951.2,0.8344,0.8344
Chronopotentiometry,0.02,1800,10,951.3,0.8345,0.8345
Chronopotentiometry,0.02,1800,10,951.4,0.8344,0.8344
Chronopotentiometry,0.02,1800,10,951.5,0.8345,0.8345
Chronopotentiometry,0.02,1800,10,951.6,0.8345,0.8345
Chronopotentiometry,0.02,1800,10,951.7,0.8345,0.8345
Chronopotentiometry,0.02,1800,10,951.8,0.8344,0.8344
Chronopotentiometry,0.02,1800,10,951.9,0.8344,0.8344
Chronopotentiometry,0.02,1800,10,952.0,0.8344,0.8344
Chronopotentiometry,0.02,1800,10,952.1,0.8344,0.8344
Chronopotentiometry,0.02,1800,10,952.2,0.8344,0.8344
Chronopotentiometry,0.02,1800,10,952.3,0.8344,0.8344
Chronopotentiometry,0.02,1800,10,952.4,0.8345,0.8345
Chronopotentiometry,0.02,1800,10,952.5,0.8344,0.8344
Chronopotentiometry,0.02,1800,10,952.6,0.8344,0.8344
Chronopotentiometry,0.02,1800,10,952.7,0.8345,0.8345
Chronopotentiometry,0.02,1800,10,952.8,0.8345,0.8345
Chronopotentiometry,0.02,1800,10,952.9,0.8345,0.8345
Chronopotentiometry,0.02,1800,10,953.0,0.8345,0.8345
Chronopotentiometry,0.02,1800,10,953.1,0.8346,0.8346
Chronopotentiometry,0.02,1800,10,953.2,0.8344,0.8344
Chronopotentiometry,0.02,1800,10,953.3,0.8345,0.8345
Chronopotentiometry,0.02,1800,10,953.4,0.8345,0.8345
Chronopotentiometry,0.02,1800,10,953.5,0.8345,0.8345
Chronopotentiometry,0.02,1800,10,953.6,0.8346,0.8346
Chronopotentiometry,0.02,1800,10,953.7,0.8346,0.8346
Chronopotentiometry,0.02,1800,10,953.8,0.8346,0.8346
Chronopotentiometry,0.02,1800,10,953.9,0.8345,0.8345
Chronopotentiometry,0.02,1800,10,954.0,0.8345,0.8345
Chronopotentiometry,0.02,1800,10,954.1,0.8346,0.8346
Chronopotentiometry,0.02,1800,10,954.2,0.8345,0.8345
Chronopotentiometry,0.02,1800,10,954.3,0.8345,0.8345
Chronopotentiometry,0.02,1800,10,954.4,0.8345,0.8345
Chronopotentiometry,0.02,1800,10,954.5,0.8345,0.8345
Chronopotentiometry,0.02,1800,10,954.6,0.8345,0.8345
Chronopotentiometry,0.02,1800,10,954.7,0.8344,0.8344
Chronopotentiometry,0.02,1800,10,954.8,0.8344,0.8344
Chronopotentiometry,0.02,1800,10,954.9,0.8345,0.8345
Chronopotentiometry,0.02,1800,10,955.0,0.8345,0.8345
Chronopotentiometry,0.02,1800,10,955.1,0.8345,0.8345
Chronopotentiometry,0.02,1800,10,955.2,0.8344,0.8344
Chronopotentiometry,0.02,1800,10,955.3,0.8345,0.8345
Chronopotentiometry,0.02,1800,10,955.4,0.8345,0.8345
Chronopotentiometry,0.02,1800,10,955.5,0.8345,0.8345
Chronopotentiometry,0.02,1800,10,955.6,0.8345,0.8345
Chronopotentiometry,0.02,1800,10,955.7,0.8346,0.8346
Chronopotentiometry,0.02,1800,10,955.8,0.8345,0.8345
Chronopotentiometry,0.02,1800,10,955.9,0.8345,0.8345
Chronopotentiometry,0.02,1800,10,956.0,0.8346,0.8346
Chronopotentiometry,0.02,1800,10,956.1,0.8345,0.8345
Chronopotentiometry,0.02,1800,10,956.2,0.8345,0.8345
Chronopotentiometry,0.02,1800,10,956.3,0.8345,0.8345
Chronopotentiometry,0.02,1800,10,956.4,0.8345,0.8345
Chronopotentiometry,0.02,1800,10,956.5,0.8345,0.8345
Chronopotentiometry,0.02,1800,10,956.6,0.8345,0.8345
Chronopotentiometry,0.02,1800,10,956.7,0.8346,0.8346
Chronopotentiometry,0.02,1800,10,956.8,0.8346,0.8346
Chronopotentiometry,0.02,1800,10,956.9,0.8345,0.8345
Chronopotentiometry,0.02,1800,10,957.0,0.8346,0.8346
Chronopotentiometry,0.02,1800,10,957.1,0.8346,0.8346
Chronopotentiometry,0.02,1800,10,957.2,0.8347,0.8347
Chronopotentiometry,0.02,1800,10,957.3,0.8347,0.8347
Chronopotentiometry,0.02,1800,10,957.4,0.8347,0.8347
Chronopotentiometry,0.02,1800,10,957.5,0.8346,0.8346
Chronopotentiometry,0.02,1800,10,957.6,0.8345,0.8345
Chronopotentiometry,0.02,1800,10,957.7,0.8346,0.8346
Chronopotentiometry,0.02,1800,10,957.8,0.8346,0.8346
Chronopotentiometry,0.02,1800,10,957.9,0.8344,0.8344
Chronopotentiometry,0.02,1800,10,958.0,0.8345,0.8345
Chronopotentiometry,0.02,1800,10,958.1,0.8346,0.8346
Chronopotentiometry,0.02,1800,10,958.2,0.8346,0.8346
Chronopotentiometry,0.02,1800,10,958.3,0.8346,0.8346
Chronopotentiometry,0.02,1800,10,958.4,0.8345,0.8345
Chronopotentiometry,0.02,1800,10,958.5,0.8345,0.8345
Chronopotentiometry,0.02,1800,10,958.6,0.8345,0.8345
Chronopotentiometry,0.02,1800,10,958.7,0.8346,0.8346
Chronopotentiometry,0.02,1800,10,958.8,0.8345,0.8345
Chronopotentiometry,0.02,1800,10,958.9,0.8345,0.8345
Chronopotentiometry,0.02,1800,10,959.0,0.8346,0.8346
Chronopotentiometry,0.02,1800,10,959.1,0.8345,0.8345
Chronopotentiometry,0.02,1800,10,959.2,0.8346,0.8346
Chronopotentiometry,0.02,1800,10,959.3,0.8346,0.8346
Chronopotentiometry,0.02,1800,10,959.4,0.8346,0.8346
Chronopotentiometry,0.02,1800,10,959.5,0.8346,0.8346
Chronopotentiometry,0.02,1800,10,959.6,0.8347,0.8347
Chronopotentiometry,0.02,1800,10,959.7,0.8347,0.8347
Chronopotentiometry,0.02,1800,10,959.8,0.8347,0.8347
Chronopotentiometry,0.02,1800,10,959.9,0.8347,0.8347
Chronopotentiometry,0.02,1800,10,960.0,0.8347,0.8347
Chronopotentiometry,0.02,1800,10,960.1,0.8348,0.8348
Chronopotentiometry,0.02,1800,10,960.2,0.8347,0.8347
Chronopotentiometry,0.02,1800,10,960.3,0.8347,0.8347
Chronopotentiometry,0.02,1800,10,960.4,0.8348,0.8348
Chronopotentiometry,0.02,1800,10,960.5,0.8347,0.8347
Chronopotentiometry,0.02,1800,10,960.6,0.8346,0.8346
Chronopotentiometry,0.02,1800,10,960.7,0.8346,0.8346
Chronopotentiometry,0.02,1800,10,960.8,0.8346,0.8346
Chronopotentiometry,0.02,1800,10,960.9,0.8346,0.8346
Chronopotentiometry,0.02,1800,10,961.0,0.8346,0.8346
Chronopotentiometry,0.02,1800,10,961.1,0.8347,0.8347
Chronopotentiometry,0.02,1800,10,961.2,0.8347,0.8347
Chronopotentiometry,0.02,1800,10,961.3,0.8348,0.8348
Chronopotentiometry,0.02,1800,10,961.4,0.8348,0.8348
Chronopotentiometry,0.02,1800,10,961.5,0.8347,0.8347
Chronopotentiometry,0.02,1800,10,961.6,0.8347,0.8347
Chronopotentiometry,0.02,1800,10,961.7,0.8347,0.8347
Chronopotentiometry,0.02,1800,10,961.8,0.8346,0.8346
Chronopotentiometry,0.02,1800,10,961.9,0.8346,0.8346
Chronopotentiometry,0.02,1800,10,962.0,0.8346,0.8346
Chronopotentiometry,0.02,1800,10,962.1,0.8346,0.8346
Chronopotentiometry,0.02,1800,10,962.2,0.8346,0.8346
Chronopotentiometry,0.02,1800,10,962.3,0.8346,0.8346
Chronopotentiometry,0.02,1800,10,962.4,0.8347,0.8347
Chronopotentiometry,0.02,1800,10,962.5,0.8348,0.8348
Chronopotentiometry,0.02,1800,10,962.6,0.8348,0.8348
Chronopotentiometry,0.02,1800,10,962.7,0.8348,0.8348
Chronopotentiometry,0.02,1800,10,962.8,0.8348,0.8348
Chronopotentiometry,0.02,1800,10,962.9,0.8348,0.8348
Chronopotentiometry,0.02,1800,10,963.0,0.8348,0.8348
Chronopotentiometry,0.02,1800,10,963.1,0.8347,0.8347
Chronopotentiometry,0.02,1800,10,963.2,0.8348,0.8348
Chronopotentiometry,0.02,1800,10,963.3,0.8347,0.8347
Chronopotentiometry,0.02,1800,10,963.4,0.8347,0.8347
Chronopotentiometry,0.02,1800,10,963.5,0.8347,0.8347
Chronopotentiometry,0.02,1800,10,963.6,0.8348,0.8348
Chronopotentiometry,0.02,1800,10,963.7,0.8347,0.8347
Chronopotentiometry,0.02,1800,10,963.8,0.8347,0.8347
Chronopotentiometry,0.02,1800,10,963.9,0.8347,0.8347
Chronopotentiometry,0.02,1800,10,964.0,0.8347,0.8347
Chronopotentiometry,0.02,1800,10,964.1,0.8348,0.8348
Chronopotentiometry,0.02,1800,10,964.2,0.8347,0.8347
Chronopotentiometry,0.02,1800,10,964.3,0.8347,0.8347
Chronopotentiometry,0.02,1800,10,964.4,0.8348,0.8348
Chronopotentiometry,0.02,1800,10,964.5,0.8348,0.8348
Chronopotentiometry,0.02,1800,10,964.6,0.8348,0.8348
Chronopotentiometry,0.02,1800,10,964.7,0.8347,0.8347
Chronopotentiometry,0.02,1800,10,964.8,0.8348,0.8348
Chronopotentiometry,0.02,1800,10,964.9,0.8348,0.8348
Chronopotentiometry,0.02,1800,10,965.0,0.8349,0.8349
Chronopotentiometry,0.02,1800,10,965.1,0.8348,0.8348
Chronopotentiometry,0.02,1800,10,965.2,0.8347,0.8347
Chronopotentiometry,0.02,1800,10,965.3,0.8347,0.8347
Chronopotentiometry,0.02,1800,10,965.4,0.8347,0.8347
Chronopotentiometry,0.02,1800,10,965.5,0.8348,0.8348
Chronopotentiometry,0.02,1800,10,965.6,0.8348,0.8348
Chronopotentiometry,0.02,1800,10,965.7,0.8348,0.8348
Chronopotentiometry,0.02,1800,10,965.8,0.8347,0.8347
Chronopotentiometry,0.02,1800,10,965.9,0.8347,0.8347
Chronopotentiometry,0.02,1800,10,966.0,0.8348,0.8348
Chronopotentiometry,0.02,1800,10,966.1,0.8348,0.8348
Chronopotentiometry,0.02,1800,10,966.2,0.8348,0.8348
Chronopotentiometry,0.02,1800,10,966.3,0.8348,0.8348
Chronopotentiometry,0.02,1800,10,966.4,0.8348,0.8348
Chronopotentiometry,0.02,1800,10,966.5,0.8348,0.8348
Chronopotentiometry,0.02,1800,10,966.6,0.8347,0.8347
Chronopotentiometry,0.02,1800,10,966.7,0.8348,0.8348
Chronopotentiometry,0.02,1800,10,966.8,0.8349,0.8349
Chronopotentiometry,0.02,1800,10,966.9,0.8349,0.8349
Chronopotentiometry,0.02,1800,10,967.0,0.8349,0.8349
Chronopotentiometry,0.02,1800,10,967.1,0.835,0.835
Chronopotentiometry,0.02,1800,10,967.2,0.8349,0.8349
Chronopotentiometry,0.02,1800,10,967.3,0.8349,0.8349
Chronopotentiometry,0.02,1800,10,967.4,0.8349,0.8349
Chronopotentiometry,0.02,1800,10,967.5,0.8349,0.8349
Chronopotentiometry,0.02,1800,10,967.6,0.835,0.835
Chronopotentiometry,0.02,1800,10,967.7,0.8349,0.8349
Chronopotentiometry,0.02,1800,10,967.8,0.8349,0.8349
Chronopotentiometry,0.02,1800,10,967.9,0.835,0.835
Chronopotentiometry,0.02,1800,10,968.0,0.8349,0.8349
Chronopotentiometry,0.02,1800,10,968.1,0.8349,0.8349
Chronopotentiometry,0.02,1800,10,968.2,0.8349,0.8349
Chronopotentiometry,0.02,1800,10,968.3,0.8349,0.8349
Chronopotentiometry,0.02,1800,10,968.4,0.835,0.835
Chronopotentiometry,0.02,1800,10,968.5,0.835,0.835
Chronopotentiometry,0.02,1800,10,968.6,0.835,0.835
Chronopotentiometry,0.02,1800,10,968.7,0.835,0.835
Chronopotentiometry,0.02,1800,10,968.8,0.8349,0.8349
Chronopotentiometry,0.02,1800,10,968.9,0.835,0.835
Chronopotentiometry,0.02,1800,10,969.0,0.835,0.835
Chronopotentiometry,0.02,1800,10,969.1,0.835,0.835
Chronopotentiometry,0.02,1800,10,969.2,0.8348,0.8348
Chronopotentiometry,0.02,1800,10,969.3,0.8348,0.8348
Chronopotentiometry,0.02,1800,10,969.4,0.8349,0.8349
Chronopotentiometry,0.02,1800,10,969.5,0.8349,0.8349
Chronopotentiometry,0.02,1800,10,969.6,0.835,0.835
Chronopotentiometry,0.02,1800,10,969.7,0.8349,0.8349
Chronopotentiometry,0.02,1800,10,969.8,0.8348,0.8348
Chronopotentiometry,0.02,1800,10,969.9,0.8349,0.8349
Chronopotentiometry,0.02,1800,10,970.0,0.8349,0.8349
Chronopotentiometry,0.02,1800,10,970.1,0.8349,0.8349
Chronopotentiometry,0.02,1800,10,970.2,0.835,0.835
Chronopotentiometry,0.02,1800,10,970.3,0.835,0.835
Chronopotentiometry,0.02,1800,10,970.4,0.835,0.835
Chronopotentiometry,0.02,1800,10,970.5,0.835,0.835
Chronopotentiometry,0.02,1800,10,970.6,0.835,0.835
Chronopotentiometry,0.02,1800,10,970.7,0.835,0.835
Chronopotentiometry,0.02,1800,10,970.8,0.8348,0.8348
Chronopotentiometry,0.02,1800,10,970.9,0.8348,0.8348
Chronopotentiometry,0.02,1800,10,971.0,0.8348,0.8348
Chronopotentiometry,0.02,1800,10,971.1,0.8349,0.8349
Chronopotentiometry,0.02,1800,10,971.2,0.8349,0.8349
Chronopotentiometry,0.02,1800,10,971.3,0.8349,0.8349
Chronopotentiometry,0.02,1800,10,971.4,0.835,0.835
Chronopotentiometry,0.02,1800,10,971.5,0.8349,0.8349
Chronopotentiometry,0.02,1800,10,971.6,0.8349,0.8349
Chronopotentiometry,0.02,1800,10,971.7,0.8349,0.8349
Chronopotentiometry,0.02,1800,10,971.8,0.835,0.835
Chronopotentiometry,0.02,1800,10,971.9,0.8351,0.8351
Chronopotentiometry,0.02,1800,10,972.0,0.8351,0.8351
Chronopotentiometry,0.02,1800,10,972.1,0.8351,0.8351
Chronopotentiometry,0.02,1800,10,972.2,0.8351,0.8351
Chronopotentiometry,0.02,1800,10,972.3,0.8351,0.8351
Chronopotentiometry,0.02,1800,10,972.4,0.835,0.835
Chronopotentiometry,0.02,1800,10,972.5,0.835,0.835
Chronopotentiometry,0.02,1800,10,972.6,0.835,0.835
Chronopotentiometry,0.02,1800,10,972.7,0.835,0.835
Chronopotentiometry,0.02,1800,10,972.8,0.835,0.835
Chronopotentiometry,0.02,1800,10,972.9,0.8351,0.8351
Chronopotentiometry,0.02,1800,10,973.0,0.8352,0.8352
Chronopotentiometry,0.02,1800,10,973.1,0.835,0.835
Chronopotentiometry,0.02,1800,10,973.2,0.835,0.835
Chronopotentiometry,0.02,1800,10,973.3,0.835,0.835
Chronopotentiometry,0.02,1800,10,973.4,0.835,0.835
Chronopotentiometry,0.02,1800,10,973.5,0.835,0.835
Chronopotentiometry,0.02,1800,10,973.6,0.835,0.835
Chronopotentiometry,0.02,1800,10,973.7,0.835,0.835
Chronopotentiometry,0.02,1800,10,973.8,0.8351,0.8351
Chronopotentiometry,0.02,1800,10,973.9,0.835,0.835
Chronopotentiometry,0.02,1800,10,974.0,0.8351,0.8351
Chronopotentiometry,0.02,1800,10,974.1,0.835,0.835
Chronopotentiometry,0.02,1800,10,974.2,0.835,0.835
Chronopotentiometry,0.02,1800,10,974.3,0.8351,0.8351
Chronopotentiometry,0.02,1800,10,974.4,0.8351,0.8351
Chronopotentiometry,0.02,1800,10,974.5,0.8351,0.8351
Chronopotentiometry,0.02,1800,10,974.6,0.835,0.835
Chronopotentiometry,0.02,1800,10,974.7,0.8351,0.8351
Chronopotentiometry,0.02,1800,10,974.8,0.8351,0.8351
Chronopotentiometry,0.02,1800,10,974.9,0.8352,0.8352
Chronopotentiometry,0.02,1800,10,975.0,0.835,0.835
Chronopotentiometry,0.02,1800,10,975.1,0.835,0.835
Chronopotentiometry,0.02,1800,10,975.2,0.8351,0.8351
Chronopotentiometry,0.02,1800,10,975.3,0.8351,0.8351
Chronopotentiometry,0.02,1800,10,975.4,0.8351,0.8351
Chronopotentiometry,0.02,1800,10,975.5,0.835,0.835
Chronopotentiometry,0.02,1800,10,975.6,0.8351,0.8351
Chronopotentiometry,0.02,1800,10,975.7,0.8351,0.8351
Chronopotentiometry,0.02,1800,10,975.8,0.8351,0.8351
Chronopotentiometry,0.02,1800,10,975.9,0.8351,0.8351
Chronopotentiometry,0.02,1800,10,976.0,0.8351,0.8351
Chronopotentiometry,0.02,1800,10,976.1,0.8351,0.8351
Chronopotentiometry,0.02,1800,10,976.2,0.835,0.835
Chronopotentiometry,0.02,1800,10,976.3,0.8351,0.8351
Chronopotentiometry,0.02,1800,10,976.4,0.8351,0.8351
Chronopotentiometry,0.02,1800,10,976.5,0.8351,0.8351
Chronopotentiometry,0.02,1800,10,976.6,0.8351,0.8351
Chronopotentiometry,0.02,1800,10,976.7,0.835,0.835
Chronopotentiometry,0.02,1800,10,976.8,0.8351,0.8351
Chronopotentiometry,0.02,1800,10,976.9,0.8351,0.8351
Chronopotentiometry,0.02,1800,10,977.0,0.8351,0.8351
Chronopotentiometry,0.02,1800,10,977.1,0.8351,0.8351
Chronopotentiometry,0.02,1800,10,977.2,0.8351,0.8351
Chronopotentiometry,0.02,1800,10,977.3,0.8351,0.8351
Chronopotentiometry,0.02,1800,10,977.4,0.8351,0.8351
Chronopotentiometry,0.02,1800,10,977.5,0.8351,0.8351
Chronopotentiometry,0.02,1800,10,977.6,0.8352,0.8352
Chronopotentiometry,0.02,1800,10,977.7,0.8351,0.8351
Chronopotentiometry,0.02,1800,10,977.8,0.8352,0.8352
Chronopotentiometry,0.02,1800,10,977.9,0.8352,0.8352
Chronopotentiometry,0.02,1800,10,978.0,0.8352,0.8352
Chronopotentiometry,0.02,1800,10,978.1,0.8352,0.8352
Chronopotentiometry,0.02,1800,10,978.2,0.8352,0.8352
Chronopotentiometry,0.02,1800,10,978.3,0.8352,0.8352
Chronopotentiometry,0.02,1800,10,978.4,0.8352,0.8352
Chronopotentiometry,0.02,1800,10,978.5,0.8353,0.8353
Chronopotentiometry,0.02,1800,10,978.6,0.8353,0.8353
Chronopotentiometry,0.02,1800,10,978.7,0.8352,0.8352
Chronopotentiometry,0.02,1800,10,978.8,0.8353,0.8353
Chronopotentiometry,0.02,1800,10,978.9,0.8353,0.8353
Chronopotentiometry,0.02,1800,10,979.0,0.8353,0.8353
Chronopotentiometry,0.02,1800,10,979.1,0.8352,0.8352
Chronopotentiometry,0.02,1800,10,979.2,0.8352,0.8352
Chronopotentiometry,0.02,1800,10,979.3,0.8352,0.8352
Chronopotentiometry,0.02,1800,10,979.4,0.8353,0.8353
Chronopotentiometry,0.02,1800,10,979.5,0.8352,0.8352
Chronopotentiometry,0.02,1800,10,979.6,0.8352,0.8352
Chronopotentiometry,0.02,1800,10,979.7,0.8352,0.8352
Chronopotentiometry,0.02,1800,10,979.8,0.8352,0.8352
Chronopotentiometry,0.02,1800,10,979.9,0.8353,0.8353
Chronopotentiometry,0.02,1800,10,980.0,0.8353,0.8353
Chronopotentiometry,0.02,1800,10,980.1,0.8353,0.8353
Chronopotentiometry,0.02,1800,10,980.2,0.8353,0.8353
Chronopotentiometry,0.02,1800,10,980.3,0.8354,0.8354
Chronopotentiometry,0.02,1800,10,980.4,0.8353,0.8353
Chronopotentiometry,0.02,1800,10,980.5,0.8351,0.8351
Chronopotentiometry,0.02,1800,10,980.6,0.8352,0.8352
Chronopotentiometry,0.02,1800,10,980.7,0.8352,0.8352
Chronopotentiometry,0.02,1800,10,980.8,0.8353,0.8353
Chronopotentiometry,0.02,1800,10,980.9,0.8352,0.8352
Chronopotentiometry,0.02,1800,10,981.0,0.8353,0.8353
Chronopotentiometry,0.02,1800,10,981.1,0.8353,0.8353
Chronopotentiometry,0.02,1800,10,981.2,0.8353,0.8353
Chronopotentiometry,0.02,1800,10,981.3,0.8353,0.8353
Chronopotentiometry,0.02,1800,10,981.4,0.8353,0.8353
Chronopotentiometry,0.02,1800,10,981.5,0.8352,0.8352
Chronopotentiometry,0.02,1800,10,981.6,0.8352,0.8352
Chronopotentiometry,0.02,1800,10,981.7,0.8351,0.8351
Chronopotentiometry,0.02,1800,10,981.8,0.835,0.835
Chronopotentiometry,0.02,1800,10,981.9,0.8352,0.8352
Chronopotentiometry,0.02,1800,10,982.0,0.8352,0.8352
Chronopotentiometry,0.02,1800,10,982.1,0.8352,0.8352
Chronopotentiometry,0.02,1800,10,982.2,0.8352,0.8352
Chronopotentiometry,0.02,1800,10,982.3,0.8352,0.8352
Chronopotentiometry,0.02,1800,10,982.4,0.8352,0.8352
Chronopotentiometry,0.02,1800,10,982.5,0.8352,0.8352
Chronopotentiometry,0.02,1800,10,982.6,0.8353,0.8353
Chronopotentiometry,0.02,1800,10,982.7,0.8353,0.8353
Chronopotentiometry,0.02,1800,10,982.8,0.8352,0.8352
Chronopotentiometry,0.02,1800,10,982.9,0.8351,0.8351
Chronopotentiometry,0.02,1800,10,983.0,0.8351,0.8351
Chronopotentiometry,0.02,1800,10,983.1,0.8351,0.8351
Chronopotentiometry,0.02,1800,10,983.2,0.8351,0.8351
Chronopotentiometry,0.02,1800,10,983.3,0.835,0.835
Chronopotentiometry,0.02,1800,10,983.4,0.8351,0.8351
Chronopotentiometry,0.02,1800,10,983.5,0.8351,0.8351
Chronopotentiometry,0.02,1800,10,983.6,0.8351,0.8351
Chronopotentiometry,0.02,1800,10,983.7,0.8351,0.8351
Chronopotentiometry,0.02,1800,10,983.8,0.835,0.835
Chronopotentiometry,0.02,1800,10,983.9,0.8351,0.8351
Chronopotentiometry,0.02,1800,10,984.0,0.8351,0.8351
Chronopotentiometry,0.02,1800,10,984.1,0.8352,0.8352
Chronopotentiometry,0.02,1800,10,984.2,0.8352,0.8352
Chronopotentiometry,0.02,1800,10,984.3,0.8352,0.8352
Chronopotentiometry,0.02,1800,10,984.4,0.8351,0.8351
Chronopotentiometry,0.02,1800,10,984.5,0.8352,0.8352
Chronopotentiometry,0.02,1800,10,984.6,0.8352,0.8352
Chronopotentiometry,0.02,1800,10,984.7,0.8351,0.8351
Chronopotentiometry,0.02,1800,10,984.8,0.8352,0.8352
Chronopotentiometry,0.02,1800,10,984.9,0.8352,0.8352
Chronopotentiometry,0.02,1800,10,985.0,0.8352,0.8352
Chronopotentiometry,0.02,1800,10,985.1,0.8352,0.8352
Chronopotentiometry,0.02,1800,10,985.2,0.8353,0.8353
Chronopotentiometry,0.02,1800,10,985.3,0.8353,0.8353
Chronopotentiometry,0.02,1800,10,985.4,0.8353,0.8353
Chronopotentiometry,0.02,1800,10,985.5,0.8352,0.8352
Chronopotentiometry,0.02,1800,10,985.6,0.8352,0.8352
Chronopotentiometry,0.02,1800,10,985.7,0.8352,0.8352
Chronopotentiometry,0.02,1800,10,985.8,0.8353,0.8353
Chronopotentiometry,0.02,1800,10,985.9,0.8353,0.8353
Chronopotentiometry,0.02,1800,10,986.0,0.8352,0.8352
Chronopotentiometry,0.02,1800,10,986.1,0.8353,0.8353
Chronopotentiometry,0.02,1800,10,986.2,0.8353,0.8353
Chronopotentiometry,0.02,1800,10,986.3,0.8353,0.8353
Chronopotentiometry,0.02,1800,10,986.4,0.8352,0.8352
Chronopotentiometry,0.02,1800,10,986.5,0.8351,0.8351
Chronopotentiometry,0.02,1800,10,986.6,0.8352,0.8352
Chronopotentiometry,0.02,1800,10,986.7,0.8352,0.8352
Chronopotentiometry,0.02,1800,10,986.8,0.8352,0.8352
Chronopotentiometry,0.02,1800,10,986.9,0.8352,0.8352
Chronopotentiometry,0.02,1800,10,987.0,0.8352,0.8352
Chronopotentiometry,0.02,1800,10,987.1,0.8352,0.8352
Chronopotentiometry,0.02,1800,10,987.2,0.8353,0.8353
Chronopotentiometry,0.02,1800,10,987.3,0.8353,0.8353
Chronopotentiometry,0.02,1800,10,987.4,0.8353,0.8353
Chronopotentiometry,0.02,1800,10,987.5,0.8353,0.8353
Chronopotentiometry,0.02,1800,10,987.6,0.8353,0.8353
Chronopotentiometry,0.02,1800,10,987.7,0.8353,0.8353
Chronopotentiometry,0.02,1800,10,987.8,0.8354,0.8354
Chronopotentiometry,0.02,1800,10,987.9,0.8353,0.8353
Chronopotentiometry,0.02,1800,10,988.0,0.8353,0.8353
Chronopotentiometry,0.02,1800,10,988.1,0.8353,0.8353
Chronopotentiometry,0.02,1800,10,988.2,0.8353,0.8353
Chronopotentiometry,0.02,1800,10,988.3,0.8353,0.8353
Chronopotentiometry,0.02,1800,10,988.4,0.8354,0.8354
Chronopotentiometry,0.02,1800,10,988.5,0.8353,0.8353
Chronopotentiometry,0.02,1800,10,988.6,0.8352,0.8352
Chronopotentiometry,0.02,1800,10,988.7,0.8353,0.8353
Chronopotentiometry,0.02,1800,10,988.8,0.8354,0.8354
Chronopotentiometry,0.02,1800,10,988.9,0.8354,0.8354
Chronopotentiometry,0.02,1800,10,989.0,0.8354,0.8354
Chronopotentiometry,0.02,1800,10,989.1,0.8353,0.8353
Chronopotentiometry,0.02,1800,10,989.2,0.8353,0.8353
Chronopotentiometry,0.02,1800,10,989.3,0.8353,0.8353
Chronopotentiometry,0.02,1800,10,989.4,0.8353,0.8353
Chronopotentiometry,0.02,1800,10,989.5,0.8352,0.8352
Chronopotentiometry,0.02,1800,10,989.6,0.8353,0.8353
Chronopotentiometry,0.02,1800,10,989.7,0.8352,0.8352
Chronopotentiometry,0.02,1800,10,989.8,0.8353,0.8353
Chronopotentiometry,0.02,1800,10,989.9,0.8354,0.8354
Chronopotentiometry,0.02,1800,10,990.0,0.8354,0.8354
Chronopotentiometry,0.02,1800,10,990.1,0.8353,0.8353
Chronopotentiometry,0.02,1800,10,990.2,0.8355,0.8355
Chronopotentiometry,0.02,1800,10,990.3,0.8354,0.8354
Chronopotentiometry,0.02,1800,10,990.4,0.8353,0.8353
Chronopotentiometry,0.02,1800,10,990.5,0.8353,0.8353
Chronopotentiometry,0.02,1800,10,990.6,0.8354,0.8354
Chronopotentiometry,0.02,1800,10,990.7,0.8353,0.8353
Chronopotentiometry,0.02,1800,10,990.8,0.8354,0.8354
Chronopotentiometry,0.02,1800,10,990.9,0.8354,0.8354
Chronopotentiometry,0.02,1800,10,991.0,0.8354,0.8354
Chronopotentiometry,0.02,1800,10,991.1,0.8354,0.8354
Chronopotentiometry,0.02,1800,10,991.2,0.8353,0.8353
Chronopotentiometry,0.02,1800,10,991.3,0.8354,0.8354
Chronopotentiometry,0.02,1800,10,991.4,0.8354,0.8354
Chronopotentiometry,0.02,1800,10,991.5,0.8354,0.8354
Chronopotentiometry,0.02,1800,10,991.6,0.8354,0.8354
Chronopotentiometry,0.02,1800,10,991.7,0.8353,0.8353
Chronopotentiometry,0.02,1800,10,991.8,0.8353,0.8353
Chronopotentiometry,0.02,1800,10,991.9,0.8354,0.8354
Chronopotentiometry,0.02,1800,10,992.0,0.8354,0.8354
Chronopotentiometry,0.02,1800,10,992.1,0.8354,0.8354
Chronopotentiometry,0.02,1800,10,992.2,0.8354,0.8354
Chronopotentiometry,0.02,1800,10,992.3,0.8355,0.8355
Chronopotentiometry,0.02,1800,10,992.4,0.8355,0.8355
Chronopotentiometry,0.02,1800,10,992.5,0.8354,0.8354
Chronopotentiometry,0.02,1800,10,992.6,0.8353,0.8353
Chronopotentiometry,0.02,1800,10,992.7,0.8354,0.8354
Chronopotentiometry,0.02,1800,10,992.8,0.8354,0.8354
Chronopotentiometry,0.02,1800,10,992.9,0.8353,0.8353
Chronopotentiometry,0.02,1800,10,993.0,0.8354,0.8354
Chronopotentiometry,0.02,1800,10,993.1,0.8355,0.8355
Chronopotentiometry,0.02,1800,10,993.2,0.8355,0.8355
Chronopotentiometry,0.02,1800,10,993.3,0.8354,0.8354
Chronopotentiometry,0.02,1800,10,993.4,0.8354,0.8354
Chronopotentiometry,0.02,1800,10,993.5,0.8354,0.8354
Chronopotentiometry,0.02,1800,10,993.6,0.8353,0.8353
Chronopotentiometry,0.02,1800,10,993.7,0.8354,0.8354
Chronopotentiometry,0.02,1800,10,993.8,0.8354,0.8354
Chronopotentiometry,0.02,1800,10,993.9,0.8354,0.8354
Chronopotentiometry,0.02,1800,10,994.0,0.8354,0.8354
Chronopotentiometry,0.02,1800,10,994.1,0.8354,0.8354
Chronopotentiometry,0.02,1800,10,994.2,0.8354,0.8354
Chronopotentiometry,0.02,1800,10,994.3,0.8354,0.8354
Chronopotentiometry,0.02,1800,10,994.4,0.8354,0.8354
Chronopotentiometry,0.02,1800,10,994.5,0.8353,0.8353
Chronopotentiometry,0.02,1800,10,994.6,0.8353,0.8353
Chronopotentiometry,0.02,1800,10,994.7,0.8354,0.8354
Chronopotentiometry,0.02,1800,10,994.8,0.8354,0.8354
Chronopotentiometry,0.02,1800,10,994.9,0.8354,0.8354
Chronopotentiometry,0.02,1800,10,995.0,0.8354,0.8354
Chronopotentiometry,0.02,1800,10,995.1,0.8354,0.8354
Chronopotentiometry,0.02,1800,10,995.2,0.8353,0.8353
Chronopotentiometry,0.02,1800,10,995.3,0.8354,0.8354
Chronopotentiometry,0.02,1800,10,995.4,0.8355,0.8355
Chronopotentiometry,0.02,1800,10,995.5,0.8354,0.8354
Chronopotentiometry,0.02,1800,10,995.6,0.8354,0.8354
Chronopotentiometry,0.02,1800,10,995.7,0.8354,0.8354
Chronopotentiometry,0.02,1800,10,995.8,0.8353,0.8353
Chronopotentiometry,0.02,1800,10,995.9,0.8355,0.8355
Chronopotentiometry,0.02,1800,10,996.0,0.8354,0.8354
Chronopotentiometry,0.02,1800,10,996.1,0.8354,0.8354
Chronopotentiometry,0.02,1800,10,996.2,0.8355,0.8355
Chronopotentiometry,0.02,1800,10,996.3,0.8355,0.8355
Chronopotentiometry,0.02,1800,10,996.4,0.8355,0.8355
Chronopotentiometry,0.02,1800,10,996.5,0.8354,0.8354
Chronopotentiometry,0.02,1800,10,996.6,0.8354,0.8354
Chronopotentiometry,0.02,1800,10,996.7,0.8355,0.8355
Chronopotentiometry,0.02,1800,10,996.8,0.8355,0.8355
Chronopotentiometry,0.02,1800,10,996.9,0.8355,0.8355
Chronopotentiometry,0.02,1800,10,997.0,0.8355,0.8355
Chronopotentiometry,0.02,1800,10,997.1,0.8354,0.8354
Chronopotentiometry,0.02,1800,10,997.2,0.8355,0.8355
Chronopotentiometry,0.02,1800,10,997.3,0.8355,0.8355
Chronopotentiometry,0.02,1800,10,997.4,0.8355,0.8355
Chronopotentiometry,0.02,1800,10,997.5,0.8355,0.8355
Chronopotentiometry,0.02,1800,10,997.6,0.8354,0.8354
Chronopotentiometry,0.02,1800,10,997.7,0.8354,0.8354
Chronopotentiometry,0.02,1800,10,997.8,0.8355,0.8355
Chronopotentiometry,0.02,1800,10,997.9,0.8354,0.8354
Chronopotentiometry,0.02,1800,10,998.0,0.8354,0.8354
Chronopotentiometry,0.02,1800,10,998.1,0.8354,0.8354
Chronopotentiometry,0.02,1800,10,998.2,0.8355,0.8355
Chronopotentiometry,0.02,1800,10,998.3,0.8355,0.8355
Chronopotentiometry,0.02,1800,10,998.4,0.8354,0.8354
Chronopotentiometry,0.02,1800,10,998.5,0.8355,0.8355
Chronopotentiometry,0.02,1800,10,998.6,0.8354,0.8354
Chronopotentiometry,0.02,1800,10,998.7,0.8355,0.8355
Chronopotentiometry,0.02,1800,10,998.8,0.8356,0.8356
Chronopotentiometry,0.02,1800,10,998.9,0.8355,0.8355
Chronopotentiometry,0.02,1800,10,999.0,0.8355,0.8355
Chronopotentiometry,0.02,1800,10,999.1,0.8355,0.8355
Chronopotentiometry,0.02,1800,10,999.2,0.8356,0.8356
Chronopotentiometry,0.02,1800,10,999.3,0.8356,0.8356
Chronopotentiometry,0.02,1800,10,999.4,0.8356,0.8356
Chronopotentiometry,0.02,1800,10,999.5,0.8356,0.8356
Chronopotentiometry,0.02,1800,10,999.6,0.8356,0.8356
Chronopotentiometry,0.02,1800,10,999.7,0.8356,0.8356
Chronopotentiometry,0.02,1800,10,999.8,0.8355,0.8355
Chronopotentiometry,0.02,1800,10,999.9,0.8356,0.8356
Chronopotentiometry,0.02,1800,10,1000.0,0.8357,0.8357
Chronopotentiometry,0.02,1800,10,1000.0,0.8357,0.8357
Chronopotentiometry,0.02,1800,10,1000.0,0.8356,0.8356
Chronopotentiometry,0.02,1800,10,1000.0,0.8357,0.8357
Chronopotentiometry,0.02,1800,10,1000.0,0.8356,0.8356
Chronopotentiometry,0.02,1800,10,1001.0,0.8356,0.8356
Chronopotentiometry,0.02,1800,10,1001.0,0.8357,0.8357
Chronopotentiometry,0.02,1800,10,1001.0,0.8356,0.8356
Chronopotentiometry,0.02,1800,10,1001.0,0.8355,0.8355
Chronopotentiometry,0.02,1800,10,1001.0,0.8355,0.8355
Chronopotentiometry,0.02,1800,10,1001.0,0.8356,0.8356
Chronopotentiometry,0.02,1800,10,1001.0,0.8355,0.8355
Chronopotentiometry,0.02,1800,10,1001.0,0.8355,0.8355
Chronopotentiometry,0.02,1800,10,1001.0,0.8356,0.8356
Chronopotentiometry,0.02,1800,10,1001.0,0.8355,0.8355
Chronopotentiometry,0.02,1800,10,1002.0,0.8356,0.8356
Chronopotentiometry,0.02,1800,10,1002.0,0.8356,0.8356
Chronopotentiometry,0.02,1800,10,1002.0,0.8356,0.8356
Chronopotentiometry,0.02,1800,10,1002.0,0.8356,0.8356
Chronopotentiometry,0.02,1800,10,1002.0,0.8356,0.8356
Chronopotentiometry,0.02,1800,10,1002.0,0.8356,0.8356
Chronopotentiometry,0.02,1800,10,1002.0,0.8356,0.8356
Chronopotentiometry,0.02,1800,10,1002.0,0.8357,0.8357
Chronopotentiometry,0.02,1800,10,1002.0,0.8356,0.8356
Chronopotentiometry,0.02,1800,10,1002.0,0.8356,0.8356
Chronopotentiometry,0.02,1800,10,1003.0,0.8356,0.8356
Chronopotentiometry,0.02,1800,10,1003.0,0.8356,0.8356
Chronopotentiometry,0.02,1800,10,1003.0,0.8357,0.8357
Chronopotentiometry,0.02,1800,10,1003.0,0.8357,0.8357
Chronopotentiometry,0.02,1800,10,1003.0,0.8357,0.8357
Chronopotentiometry,0.02,1800,10,1003.0,0.8357,0.8357
Chronopotentiometry,0.02,1800,10,1003.0,0.8357,0.8357
Chronopotentiometry,0.02,1800,10,1003.0,0.8357,0.8357
Chronopotentiometry,0.02,1800,10,1003.0,0.8357,0.8357
Chronopotentiometry,0.02,1800,10,1003.0,0.8357,0.8357
Chronopotentiometry,0.02,1800,10,1004.0,0.8356,0.8356
Chronopotentiometry,0.02,1800,10,1004.0,0.8357,0.8357
Chronopotentiometry,0.02,1800,10,1004.0,0.8357,0.8357
Chronopotentiometry,0.02,1800,10,1004.0,0.8356,0.8356
Chronopotentiometry,0.02,1800,10,1004.0,0.8357,0.8357
Chronopotentiometry,0.02,1800,10,1004.0,0.8357,0.8357
Chronopotentiometry,0.02,1800,10,1004.0,0.8357,0.8357
Chronopotentiometry,0.02,1800,10,1004.0,0.8357,0.8357
Chronopotentiometry,0.02,1800,10,1004.0,0.8357,0.8357
Chronopotentiometry,0.02,1800,10,1004.0,0.8358,0.8358
Chronopotentiometry,0.02,1800,10,1005.0,0.8358,0.8358
Chronopotentiometry,0.02,1800,10,1005.0,0.8358,0.8358
Chronopotentiometry,0.02,1800,10,1005.0,0.8358,0.8358
Chronopotentiometry,0.02,1800,10,1005.0,0.8358,0.8358
Chronopotentiometry,0.02,1800,10,1005.0,0.8358,0.8358
Chronopotentiometry,0.02,1800,10,1005.0,0.8359,0.8359
Chronopotentiometry,0.02,1800,10,1005.0,0.8358,0.8358
Chronopotentiometry,0.02,1800,10,1005.0,0.8358,0.8358
Chronopotentiometry,0.02,1800,10,1005.0,0.8359,0.8359
Chronopotentiometry,0.02,1800,10,1005.0,0.8358,0.8358
Chronopotentiometry,0.02,1800,10,1006.0,0.8358,0.8358
Chronopotentiometry,0.02,1800,10,1006.0,0.8359,0.8359
Chronopotentiometry,0.02,1800,10,1006.0,0.8358,0.8358
Chronopotentiometry,0.02,1800,10,1006.0,0.8358,0.8358
Chronopotentiometry,0.02,1800,10,1006.0,0.8358,0.8358
Chronopotentiometry,0.02,1800,10,1006.0,0.8358,0.8358
Chronopotentiometry,0.02,1800,10,1006.0,0.8358,0.8358
Chronopotentiometry,0.02,1800,10,1006.0,0.8358,0.8358
Chronopotentiometry,0.02,1800,10,1006.0,0.8358,0.8358
Chronopotentiometry,0.02,1800,10,1006.0,0.8357,0.8357
Chronopotentiometry,0.02,1800,10,1007.0,0.8358,0.8358
Chronopotentiometry,0.02,1800,10,1007.0,0.8358,0.8358
Chronopotentiometry,0.02,1800,10,1007.0,0.8358,0.8358
Chronopotentiometry,0.02,1800,10,1007.0,0.8358,0.8358
Chronopotentiometry,0.02,1800,10,1007.0,0.8358,0.8358
Chronopotentiometry,0.02,1800,10,1007.0,0.8358,0.8358
Chronopotentiometry,0.02,1800,10,1007.0,0.8358,0.8358
Chronopotentiometry,0.02,1800,10,1007.0,0.8357,0.8357
Chronopotentiometry,0.02,1800,10,1007.0,0.8358,0.8358
Chronopotentiometry,0.02,1800,10,1007.0,0.8358,0.8358
Chronopotentiometry,0.02,1800,10,1008.0,0.8358,0.8358
Chronopotentiometry,0.02,1800,10,1008.0,0.8358,0.8358
Chronopotentiometry,0.02,1800,10,1008.0,0.8358,0.8358
Chronopotentiometry,0.02,1800,10,1008.0,0.8358,0.8358
Chronopotentiometry,0.02,1800,10,1008.0,0.8358,0.8358
Chronopotentiometry,0.02,1800,10,1008.0,0.8358,0.8358
Chronopotentiometry,0.02,1800,10,1008.0,0.8358,0.8358
Chronopotentiometry,0.02,1800,10,1008.0,0.8359,0.8359
Chronopotentiometry,0.02,1800,10,1008.0,0.836,0.836
Chronopotentiometry,0.02,1800,10,1008.0,0.8359,0.8359
Chronopotentiometry,0.02,1800,10,1009.0,0.8358,0.8358
Chronopotentiometry,0.02,1800,10,1009.0,0.8359,0.8359
Chronopotentiometry,0.02,1800,10,1009.0,0.8358,0.8358
Chronopotentiometry,0.02,1800,10,1009.0,0.8358,0.8358
Chronopotentiometry,0.02,1800,10,1009.0,0.8358,0.8358
Chronopotentiometry,0.02,1800,10,1009.0,0.8357,0.8357
Chronopotentiometry,0.02,1800,10,1009.0,0.8357,0.8357
Chronopotentiometry,0.02,1800,10,1009.0,0.8358,0.8358
Chronopotentiometry,0.02,1800,10,1009.0,0.8357,0.8357
Chronopotentiometry,0.02,1800,10,1009.0,0.8356,0.8356
Chronopotentiometry,0.02,1800,10,1010.0,0.8357,0.8357
Chronopotentiometry,0.02,1800,10,1010.0,0.8357,0.8357
Chronopotentiometry,0.02,1800,10,1010.0,0.8358,0.8358
Chronopotentiometry,0.02,1800,10,1010.0,0.8359,0.8359
Chronopotentiometry,0.02,1800,10,1010.0,0.8358,0.8358
Chronopotentiometry,0.02,1800,10,1010.0,0.8358,0.8358
Chronopotentiometry,0.02,1800,10,1010.0,0.8358,0.8358
Chronopotentiometry,0.02,1800,10,1010.0,0.8358,0.8358
Chronopotentiometry,0.02,1800,10,1010.0,0.8358,0.8358
Chronopotentiometry,0.02,1800,10,1010.0,0.8359,0.8359
Chronopotentiometry,0.02,1800,10,1011.0,0.8359,0.8359
Chronopotentiometry,0.02,1800,10,1011.0,0.8358,0.8358
Chronopotentiometry,0.02,1800,10,1011.0,0.8358,0.8358
Chronopotentiometry,0.02,1800,10,1011.0,0.8358,0.8358
Chronopotentiometry,0.02,1800,10,1011.0,0.8357,0.8357
Chronopotentiometry,0.02,1800,10,1011.0,0.8358,0.8358
Chronopotentiometry,0.02,1800,10,1011.0,0.8358,0.8358
Chronopotentiometry,0.02,1800,10,1011.0,0.8359,0.8359
Chronopotentiometry,0.02,1800,10,1011.0,0.8359,0.8359
Chronopotentiometry,0.02,1800,10,1011.0,0.8358,0.8358
Chronopotentiometry,0.02,1800,10,1012.0,0.8358,0.8358
Chronopotentiometry,0.02,1800,10,1012.0,0.8358,0.8358
Chronopotentiometry,0.02,1800,10,1012.0,0.8358,0.8358
Chronopotentiometry,0.02,1800,10,1012.0,0.8359,0.8359
Chronopotentiometry,0.02,1800,10,1012.0,0.8359,0.8359
Chronopotentiometry,0.02,1800,10,1012.0,0.8358,0.8358
Chronopotentiometry,0.02,1800,10,1012.0,0.8358,0.8358
Chronopotentiometry,0.02,1800,10,1012.0,0.8358,0.8358
Chronopotentiometry,0.02,1800,10,1012.0,0.8357,0.8357
Chronopotentiometry,0.02,1800,10,1012.0,0.8357,0.8357
Chronopotentiometry,0.02,1800,10,1013.0,0.8358,0.8358
Chronopotentiometry,0.02,1800,10,1013.0,0.8358,0.8358
Chronopotentiometry,0.02,1800,10,1013.0,0.8358,0.8358
Chronopotentiometry,0.02,1800,10,1013.0,0.8358,0.8358
Chronopotentiometry,0.02,1800,10,1013.0,0.8357,0.8357
Chronopotentiometry,0.02,1800,10,1013.0,0.8357,0.8357
Chronopotentiometry,0.02,1800,10,1013.0,0.8357,0.8357
Chronopotentiometry,0.02,1800,10,1013.0,0.8359,0.8359
Chronopotentiometry,0.02,1800,10,1013.0,0.8359,0.8359
Chronopotentiometry,0.02,1800,10,1013.0,0.8358,0.8358
Chronopotentiometry,0.02,1800,10,1014.0,0.8358,0.8358
Chronopotentiometry,0.02,1800,10,1014.0,0.8358,0.8358
Chronopotentiometry,0.02,1800,10,1014.0,0.8358,0.8358
Chronopotentiometry,0.02,1800,10,1014.0,0.8358,0.8358
Chronopotentiometry,0.02,1800,10,1014.0,0.8358,0.8358
Chronopotentiometry,0.02,1800,10,1014.0,0.8359,0.8359
Chronopotentiometry,0.02,1800,10,1014.0,0.8359,0.8359
Chronopotentiometry,0.02,1800,10,1014.0,0.8359,0.8359
Chronopotentiometry,0.02,1800,10,1014.0,0.8359,0.8359
Chronopotentiometry,0.02,1800,10,1014.0,0.8359,0.8359
Chronopotentiometry,0.02,1800,10,1015.0,0.8359,0.8359
Chronopotentiometry,0.02,1800,10,1015.0,0.8359,0.8359
Chronopotentiometry,0.02,1800,10,1015.0,0.8359,0.8359
Chronopotentiometry,0.02,1800,10,1015.0,0.8358,0.8358
Chronopotentiometry,0.02,1800,10,1015.0,0.8359,0.8359
Chronopotentiometry,0.02,1800,10,1015.0,0.8359,0.8359
Chronopotentiometry,0.02,1800,10,1015.0,0.836,0.836
Chronopotentiometry,0.02,1800,10,1015.0,0.836,0.836
Chronopotentiometry,0.02,1800,10,1015.0,0.8359,0.8359
Chronopotentiometry,0.02,1800,10,1015.0,0.8359,0.8359
Chronopotentiometry,0.02,1800,10,1016.0,0.8358,0.8358
Chronopotentiometry,0.02,1800,10,1016.0,0.8358,0.8358
Chronopotentiometry,0.02,1800,10,1016.0,0.8358,0.8358
Chronopotentiometry,0.02,1800,10,1016.0,0.8358,0.8358
Chronopotentiometry,0.02,1800,10,1016.0,0.8359,0.8359
Chronopotentiometry,0.02,1800,10,1016.0,0.836,0.836
Chronopotentiometry,0.02,1800,10,1016.0,0.8358,0.8358
Chronopotentiometry,0.02,1800,10,1016.0,0.8359,0.8359
Chronopotentiometry,0.02,1800,10,1016.0,0.8359,0.8359
Chronopotentiometry,0.02,1800,10,1016.0,0.8359,0.8359
Chronopotentiometry,0.02,1800,10,1017.0,0.8359,0.8359
Chronopotentiometry,0.02,1800,10,1017.0,0.8359,0.8359
Chronopotentiometry,0.02,1800,10,1017.0,0.836,0.836
Chronopotentiometry,0.02,1800,10,1017.0,0.8359,0.8359
Chronopotentiometry,0.02,1800,10,1017.0,0.8359,0.8359
Chronopotentiometry,0.02,1800,10,1017.0,0.836,0.836
Chronopotentiometry,0.02,1800,10,1017.0,0.836,0.836
Chronopotentiometry,0.02,1800,10,1017.0,0.8359,0.8359
Chronopotentiometry,0.02,1800,10,1017.0,0.836,0.836
Chronopotentiometry,0.02,1800,10,1017.0,0.836,0.836
Chronopotentiometry,0.02,1800,10,1018.0,0.836,0.836
Chronopotentiometry,0.02,1800,10,1018.0,0.836,0.836
Chronopotentiometry,0.02,1800,10,1018.0,0.8359,0.8359
Chronopotentiometry,0.02,1800,10,1018.0,0.836,0.836
Chronopotentiometry,0.02,1800,10,1018.0,0.836,0.836
Chronopotentiometry,0.02,1800,10,1018.0,0.8359,0.8359
Chronopotentiometry,0.02,1800,10,1018.0,0.836,0.836
Chronopotentiometry,0.02,1800,10,1018.0,0.8359,0.8359
Chronopotentiometry,0.02,1800,10,1018.0,0.8359,0.8359
Chronopotentiometry,0.02,1800,10,1018.0,0.836,0.836
Chronopotentiometry,0.02,1800,10,1019.0,0.836,0.836
Chronopotentiometry,0.02,1800,10,1019.0,0.8361,0.8361
Chronopotentiometry,0.02,1800,10,1019.0,0.8362,0.8362
Chronopotentiometry,0.02,1800,10,1019.0,0.8359,0.8359
Chronopotentiometry,0.02,1800,10,1019.0,0.8359,0.8359
Chronopotentiometry,0.02,1800,10,1019.0,0.8359,0.8359
Chronopotentiometry,0.02,1800,10,1019.0,0.836,0.836
Chronopotentiometry,0.02,1800,10,1019.0,0.836,0.836
Chronopotentiometry,0.02,1800,10,1019.0,0.836,0.836
Chronopotentiometry,0.02,1800,10,1019.0,0.8361,0.8361
Chronopotentiometry,0.02,1800,10,1020.0,0.8361,0.8361
Chronopotentiometry,0.02,1800,10,1020.0,0.8361,0.8361
Chronopotentiometry,0.02,1800,10,1020.0,0.8361,0.8361
Chronopotentiometry,0.02,1800,10,1020.0,0.8361,0.8361
Chronopotentiometry,0.02,1800,10,1020.0,0.836,0.836
Chronopotentiometry,0.02,1800,10,1020.0,0.836,0.836
Chronopotentiometry,0.02,1800,10,1020.0,0.836,0.836
Chronopotentiometry,0.02,1800,10,1020.0,0.8361,0.8361
Chronopotentiometry,0.02,1800,10,1020.0,0.836,0.836
Chronopotentiometry,0.02,1800,10,1020.0,0.8361,0.8361
Chronopotentiometry,0.02,1800,10,1021.0,0.8362,0.8362
Chronopotentiometry,0.02,1800,10,1021.0,0.8362,0.8362
Chronopotentiometry,0.02,1800,10,1021.0,0.8362,0.8362
Chronopotentiometry,0.02,1800,10,1021.0,0.8362,0.8362
Chronopotentiometry,0.02,1800,10,1021.0,0.8361,0.8361
Chronopotentiometry,0.02,1800,10,1021.0,0.8361,0.8361
Chronopotentiometry,0.02,1800,10,1021.0,0.8361,0.8361
Chronopotentiometry,0.02,1800,10,1021.0,0.8362,0.8362
Chronopotentiometry,0.02,1800,10,1021.0,0.8361,0.8361
Chronopotentiometry,0.02,1800,10,1021.0,0.8361,0.8361
Chronopotentiometry,0.02,1800,10,1022.0,0.8361,0.8361
Chronopotentiometry,0.02,1800,10,1022.0,0.8361,0.8361
Chronopotentiometry,0.02,1800,10,1022.0,0.8362,0.8362
Chronopotentiometry,0.02,1800,10,1022.0,0.8362,0.8362
Chronopotentiometry,0.02,1800,10,1022.0,0.8362,0.8362
Chronopotentiometry,0.02,1800,10,1022.0,0.8361,0.8361
Chronopotentiometry,0.02,1800,10,1022.0,0.8361,0.8361
Chronopotentiometry,0.02,1800,10,1022.0,0.8361,0.8361
Chronopotentiometry,0.02,1800,10,1022.0,0.8362,0.8362
Chronopotentiometry,0.02,1800,10,1022.0,0.8361,0.8361
Chronopotentiometry,0.02,1800,10,1023.0,0.8361,0.8361
Chronopotentiometry,0.02,1800,10,1023.0,0.8361,0.8361
Chronopotentiometry,0.02,1800,10,1023.0,0.8361,0.8361
Chronopotentiometry,0.02,1800,10,1023.0,0.8361,0.8361
Chronopotentiometry,0.02,1800,10,1023.0,0.8362,0.8362
Chronopotentiometry,0.02,1800,10,1023.0,0.8362,0.8362
Chronopotentiometry,0.02,1800,10,1023.0,0.8361,0.8361
Chronopotentiometry,0.02,1800,10,1023.0,0.836,0.836
Chronopotentiometry,0.02,1800,10,1023.0,0.836,0.836
Chronopotentiometry,0.02,1800,10,1023.0,0.8362,0.8362
Chronopotentiometry,0.02,1800,10,1024.0,0.8363,0.8363
Chronopotentiometry,0.02,1800,10,1024.0,0.8362,0.8362
Chronopotentiometry,0.02,1800,10,1024.0,0.8362,0.8362
Chronopotentiometry,0.02,1800,10,1024.0,0.8361,0.8361
Chronopotentiometry,0.02,1800,10,1024.0,0.8361,0.8361
Chronopotentiometry,0.02,1800,10,1024.0,0.8362,0.8362
Chronopotentiometry,0.02,1800,10,1024.0,0.8362,0.8362
Chronopotentiometry,0.02,1800,10,1024.0,0.8362,0.8362
Chronopotentiometry,0.02,1800,10,1024.0,0.8362,0.8362
Chronopotentiometry,0.02,1800,10,1024.0,0.8362,0.8362
Chronopotentiometry,0.02,1800,10,1025.0,0.8363,0.8363
Chronopotentiometry,0.02,1800,10,1025.0,0.8362,0.8362
Chronopotentiometry,0.02,1800,10,1025.0,0.8363,0.8363
Chronopotentiometry,0.02,1800,10,1025.0,0.8363,0.8363
Chronopotentiometry,0.02,1800,10,1025.0,0.8362,0.8362
Chronopotentiometry,0.02,1800,10,1025.0,0.8363,0.8363
Chronopotentiometry,0.02,1800,10,1025.0,0.8363,0.8363
Chronopotentiometry,0.02,1800,10,1025.0,0.8363,0.8363
Chronopotentiometry,0.02,1800,10,1025.0,0.8363,0.8363
Chronopotentiometry,0.02,1800,10,1025.0,0.8364,0.8364
Chronopotentiometry,0.02,1800,10,1026.0,0.8364,0.8364
Chronopotentiometry,0.02,1800,10,1026.0,0.8363,0.8363
Chronopotentiometry,0.02,1800,10,1026.0,0.8364,0.8364
Chronopotentiometry,0.02,1800,10,1026.0,0.8363,0.8363
Chronopotentiometry,0.02,1800,10,1026.0,0.8364,0.8364
Chronopotentiometry,0.02,1800,10,1026.0,0.8363,0.8363
Chronopotentiometry,0.02,1800,10,1026.0,0.8363,0.8363
Chronopotentiometry,0.02,1800,10,1026.0,0.8363,0.8363
Chronopotentiometry,0.02,1800,10,1026.0,0.8363,0.8363
Chronopotentiometry,0.02,1800,10,1026.0,0.8364,0.8364
Chronopotentiometry,0.02,1800,10,1027.0,0.8364,0.8364
Chronopotentiometry,0.02,1800,10,1027.0,0.8363,0.8363
Chronopotentiometry,0.02,1800,10,1027.0,0.8363,0.8363
Chronopotentiometry,0.02,1800,10,1027.0,0.8362,0.8362
Chronopotentiometry,0.02,1800,10,1027.0,0.8363,0.8363
Chronopotentiometry,0.02,1800,10,1027.0,0.8363,0.8363
Chronopotentiometry,0.02,1800,10,1027.0,0.8364,0.8364
Chronopotentiometry,0.02,1800,10,1027.0,0.8363,0.8363
Chronopotentiometry,0.02,1800,10,1027.0,0.8363,0.8363
Chronopotentiometry,0.02,1800,10,1027.0,0.8363,0.8363
Chronopotentiometry,0.02,1800,10,1028.0,0.8363,0.8363
Chronopotentiometry,0.02,1800,10,1028.0,0.8364,0.8364
Chronopotentiometry,0.02,1800,10,1028.0,0.8364,0.8364
Chronopotentiometry,0.02,1800,10,1028.0,0.8364,0.8364
Chronopotentiometry,0.02,1800,10,1028.0,0.8364,0.8364
Chronopotentiometry,0.02,1800,10,1028.0,0.8363,0.8363
Chronopotentiometry,0.02,1800,10,1028.0,0.8364,0.8364
Chronopotentiometry,0.02,1800,10,1028.0,0.8364,0.8364
Chronopotentiometry,0.02,1800,10,1028.0,0.8363,0.8363
Chronopotentiometry,0.02,1800,10,1028.0,0.8362,0.8362
Chronopotentiometry,0.02,1800,10,1029.0,0.8363,0.8363
Chronopotentiometry,0.02,1800,10,1029.0,0.8364,0.8364
Chronopotentiometry,0.02,1800,10,1029.0,0.8364,0.8364
Chronopotentiometry,0.02,1800,10,1029.0,0.8364,0.8364
Chronopotentiometry,0.02,1800,10,1029.0,0.8365,0.8365
Chronopotentiometry,0.02,1800,10,1029.0,0.8364,0.8364
Chronopotentiometry,0.02,1800,10,1029.0,0.8363,0.8363
Chronopotentiometry,0.02,1800,10,1029.0,0.8364,0.8364
Chronopotentiometry,0.02,1800,10,1029.0,0.8364,0.8364
Chronopotentiometry,0.02,1800,10,1029.0,0.8364,0.8364
Chronopotentiometry,0.02,1800,10,1030.0,0.8364,0.8364
Chronopotentiometry,0.02,1800,10,1030.0,0.8364,0.8364
Chronopotentiometry,0.02,1800,10,1030.0,0.8364,0.8364
Chronopotentiometry,0.02,1800,10,1030.0,0.8364,0.8364
Chronopotentiometry,0.02,1800,10,1030.0,0.8365,0.8365
Chronopotentiometry,0.02,1800,10,1030.0,0.8364,0.8364
Chronopotentiometry,0.02,1800,10,1030.0,0.8364,0.8364
Chronopotentiometry,0.02,1800,10,1030.0,0.8365,0.8365
Chronopotentiometry,0.02,1800,10,1030.0,0.8364,0.8364
Chronopotentiometry,0.02,1800,10,1030.0,0.8364,0.8364
Chronopotentiometry,0.02,1800,10,1031.0,0.8365,0.8365
Chronopotentiometry,0.02,1800,10,1031.0,0.8365,0.8365
Chronopotentiometry,0.02,1800,10,1031.0,0.8365,0.8365
Chronopotentiometry,0.02,1800,10,1031.0,0.8365,0.8365
Chronopotentiometry,0.02,1800,10,1031.0,0.8365,0.8365
Chronopotentiometry,0.02,1800,10,1031.0,0.8364,0.8364
Chronopotentiometry,0.02,1800,10,1031.0,0.8363,0.8363
Chronopotentiometry,0.02,1800,10,1031.0,0.8363,0.8363
Chronopotentiometry,0.02,1800,10,1031.0,0.8363,0.8363
Chronopotentiometry,0.02,1800,10,1031.0,0.8364,0.8364
Chronopotentiometry,0.02,1800,10,1032.0,0.8364,0.8364
Chronopotentiometry,0.02,1800,10,1032.0,0.8364,0.8364
Chronopotentiometry,0.02,1800,10,1032.0,0.8364,0.8364
Chronopotentiometry,0.02,1800,10,1032.0,0.8363,0.8363
Chronopotentiometry,0.02,1800,10,1032.0,0.8364,0.8364
Chronopotentiometry,0.02,1800,10,1032.0,0.8364,0.8364
Chronopotentiometry,0.02,1800,10,1032.0,0.8364,0.8364
Chronopotentiometry,0.02,1800,10,1032.0,0.8363,0.8363
Chronopotentiometry,0.02,1800,10,1032.0,0.8363,0.8363
Chronopotentiometry,0.02,1800,10,1032.0,0.8364,0.8364
Chronopotentiometry,0.02,1800,10,1033.0,0.8365,0.8365
Chronopotentiometry,0.02,1800,10,1033.0,0.8365,0.8365
Chronopotentiometry,0.02,1800,10,1033.0,0.8364,0.8364
Chronopotentiometry,0.02,1800,10,1033.0,0.8364,0.8364
Chronopotentiometry,0.02,1800,10,1033.0,0.8364,0.8364
Chronopotentiometry,0.02,1800,10,1033.0,0.8365,0.8365
Chronopotentiometry,0.02,1800,10,1033.0,0.8365,0.8365
Chronopotentiometry,0.02,1800,10,1033.0,0.8365,0.8365
Chronopotentiometry,0.02,1800,10,1033.0,0.8366,0.8366
Chronopotentiometry,0.02,1800,10,1033.0,0.8366,0.8366
Chronopotentiometry,0.02,1800,10,1034.0,0.8366,0.8366
Chronopotentiometry,0.02,1800,10,1034.0,0.8365,0.8365
Chronopotentiometry,0.02,1800,10,1034.0,0.8365,0.8365
Chronopotentiometry,0.02,1800,10,1034.0,0.8364,0.8364
Chronopotentiometry,0.02,1800,10,1034.0,0.8364,0.8364
Chronopotentiometry,0.02,1800,10,1034.0,0.8365,0.8365
Chronopotentiometry,0.02,1800,10,1034.0,0.8365,0.8365
Chronopotentiometry,0.02,1800,10,1034.0,0.8364,0.8364
Chronopotentiometry,0.02,1800,10,1034.0,0.8364,0.8364
Chronopotentiometry,0.02,1800,10,1034.0,0.8365,0.8365
Chronopotentiometry,0.02,1800,10,1035.0,0.8364,0.8364
Chronopotentiometry,0.02,1800,10,1035.0,0.8364,0.8364
Chronopotentiometry,0.02,1800,10,1035.0,0.8364,0.8364
Chronopotentiometry,0.02,1800,10,1035.0,0.8365,0.8365
Chronopotentiometry,0.02,1800,10,1035.0,0.8365,0.8365
Chronopotentiometry,0.02,1800,10,1035.0,0.8365,0.8365
Chronopotentiometry,0.02,1800,10,1035.0,0.8364,0.8364
Chronopotentiometry,0.02,1800,10,1035.0,0.8363,0.8363
Chronopotentiometry,0.02,1800,10,1035.0,0.8364,0.8364
Chronopotentiometry,0.02,1800,10,1035.0,0.8365,0.8365
Chronopotentiometry,0.02,1800,10,1036.0,0.8365,0.8365
Chronopotentiometry,0.02,1800,10,1036.0,0.8366,0.8366
Chronopotentiometry,0.02,1800,10,1036.0,0.8365,0.8365
Chronopotentiometry,0.02,1800,10,1036.0,0.8365,0.8365
Chronopotentiometry,0.02,1800,10,1036.0,0.8364,0.8364
Chronopotentiometry,0.02,1800,10,1036.0,0.8365,0.8365
Chronopotentiometry,0.02,1800,10,1036.0,0.8366,0.8366
Chronopotentiometry,0.02,1800,10,1036.0,0.8365,0.8365
Chronopotentiometry,0.02,1800,10,1036.0,0.8365,0.8365
Chronopotentiometry,0.02,1800,10,1036.0,0.8365,0.8365
Chronopotentiometry,0.02,1800,10,1037.0,0.8365,0.8365
Chronopotentiometry,0.02,1800,10,1037.0,0.8365,0.8365
Chronopotentiometry,0.02,1800,10,1037.0,0.8364,0.8364
Chronopotentiometry,0.02,1800,10,1037.0,0.8365,0.8365
Chronopotentiometry,0.02,1800,10,1037.0,0.8365,0.8365
Chronopotentiometry,0.02,1800,10,1037.0,0.8365,0.8365
Chronopotentiometry,0.02,1800,10,1037.0,0.8365,0.8365
Chronopotentiometry,0.02,1800,10,1037.0,0.8365,0.8365
Chronopotentiometry,0.02,1800,10,1037.0,0.8365,0.8365
Chronopotentiometry,0.02,1800,10,1037.0,0.8366,0.8366
Chronopotentiometry,0.02,1800,10,1038.0,0.8366,0.8366
Chronopotentiometry,0.02,1800,10,1038.0,0.8365,0.8365
Chronopotentiometry,0.02,1800,10,1038.0,0.8366,0.8366
Chronopotentiometry,0.02,1800,10,1038.0,0.8366,0.8366
Chronopotentiometry,0.02,1800,10,1038.0,0.8365,0.8365
Chronopotentiometry,0.02,1800,10,1038.0,0.8364,0.8364
Chronopotentiometry,0.02,1800,10,1038.0,0.8365,0.8365
Chronopotentiometry,0.02,1800,10,1038.0,0.8365,0.8365
Chronopotentiometry,0.02,1800,10,1038.0,0.8366,0.8366
Chronopotentiometry,0.02,1800,10,1038.0,0.8366,0.8366
Chronopotentiometry,0.02,1800,10,1039.0,0.8366,0.8366
Chronopotentiometry,0.02,1800,10,1039.0,0.8366,0.8366
Chronopotentiometry,0.02,1800,10,1039.0,0.8365,0.8365
Chronopotentiometry,0.02,1800,10,1039.0,0.8366,0.8366
Chronopotentiometry,0.02,1800,10,1039.0,0.8366,0.8366
Chronopotentiometry,0.02,1800,10,1039.0,0.8365,0.8365
Chronopotentiometry,0.02,1800,10,1039.0,0.8365,0.8365
Chronopotentiometry,0.02,1800,10,1039.0,0.8366,0.8366
Chronopotentiometry,0.02,1800,10,1039.0,0.8366,0.8366
Chronopotentiometry,0.02,1800,10,1039.0,0.8367,0.8367
Chronopotentiometry,0.02,1800,10,1040.0,0.8366,0.8366
Chronopotentiometry,0.02,1800,10,1040.0,0.8366,0.8366
Chronopotentiometry,0.02,1800,10,1040.0,0.8366,0.8366
Chronopotentiometry,0.02,1800,10,1040.0,0.8365,0.8365
Chronopotentiometry,0.02,1800,10,1040.0,0.8366,0.8366
Chronopotentiometry,0.02,1800,10,1040.0,0.8366,0.8366
Chronopotentiometry,0.02,1800,10,1040.0,0.8365,0.8365
Chronopotentiometry,0.02,1800,10,1040.0,0.8366,0.8366
Chronopotentiometry,0.02,1800,10,1040.0,0.8367,0.8367
Chronopotentiometry,0.02,1800,10,1040.0,0.8367,0.8367
Chronopotentiometry,0.02,1800,10,1041.0,0.8366,0.8366
Chronopotentiometry,0.02,1800,10,1041.0,0.8366,0.8366
Chronopotentiometry,0.02,1800,10,1041.0,0.8367,0.8367
Chronopotentiometry,0.02,1800,10,1041.0,0.8367,0.8367
Chronopotentiometry,0.02,1800,10,1041.0,0.8366,0.8366
Chronopotentiometry,0.02,1800,10,1041.0,0.8367,0.8367
Chronopotentiometry,0.02,1800,10,1041.0,0.8366,0.8366
Chronopotentiometry,0.02,1800,10,1041.0,0.8367,0.8367
Chronopotentiometry,0.02,1800,10,1041.0,0.8367,0.8367
Chronopotentiometry,0.02,1800,10,1041.0,0.8367,0.8367
Chronopotentiometry,0.02,1800,10,1042.0,0.8366,0.8366
Chronopotentiometry,0.02,1800,10,1042.0,0.8367,0.8367
Chronopotentiometry,0.02,1800,10,1042.0,0.8367,0.8367
Chronopotentiometry,0.02,1800,10,1042.0,0.8366,0.8366
Chronopotentiometry,0.02,1800,10,1042.0,0.8367,0.8367
Chronopotentiometry,0.02,1800,10,1042.0,0.8366,0.8366
Chronopotentiometry,0.02,1800,10,1042.0,0.8367,0.8367
Chronopotentiometry,0.02,1800,10,1042.0,0.8367,0.8367
Chronopotentiometry,0.02,1800,10,1042.0,0.8366,0.8366
Chronopotentiometry,0.02,1800,10,1042.0,0.8366,0.8366
Chronopotentiometry,0.02,1800,10,1043.0,0.8366,0.8366
Chronopotentiometry,0.02,1800,10,1043.0,0.8367,0.8367
Chronopotentiometry,0.02,1800,10,1043.0,0.8367,0.8367
Chronopotentiometry,0.02,1800,10,1043.0,0.8366,0.8366
Chronopotentiometry,0.02,1800,10,1043.0,0.8366,0.8366
Chronopotentiometry,0.02,1800,10,1043.0,0.8366,0.8366
Chronopotentiometry,0.02,1800,10,1043.0,0.8366,0.8366
Chronopotentiometry,0.02,1800,10,1043.0,0.8366,0.8366
Chronopotentiometry,0.02,1800,10,1043.0,0.8366,0.8366
Chronopotentiometry,0.02,1800,10,1043.0,0.8367,0.8367
Chronopotentiometry,0.02,1800,10,1044.0,0.8367,0.8367
Chronopotentiometry,0.02,1800,10,1044.0,0.8367,0.8367
Chronopotentiometry,0.02,1800,10,1044.0,0.8367,0.8367
Chronopotentiometry,0.02,1800,10,1044.0,0.8367,0.8367
Chronopotentiometry,0.02,1800,10,1044.0,0.8367,0.8367
Chronopotentiometry,0.02,1800,10,1044.0,0.8367,0.8367
Chronopotentiometry,0.02,1800,10,1044.0,0.8367,0.8367
Chronopotentiometry,0.02,1800,10,1044.0,0.8367,0.8367
Chronopotentiometry,0.02,1800,10,1044.0,0.8368,0.8368
Chronopotentiometry,0.02,1800,10,1044.0,0.8367,0.8367
Chronopotentiometry,0.02,1800,10,1045.0,0.8367,0.8367
Chronopotentiometry,0.02,1800,10,1045.0,0.8367,0.8367
Chronopotentiometry,0.02,1800,10,1045.0,0.8367,0.8367
Chronopotentiometry,0.02,1800,10,1045.0,0.8367,0.8367
Chronopotentiometry,0.02,1800,10,1045.0,0.8367,0.8367
Chronopotentiometry,0.02,1800,10,1045.0,0.8367,0.8367
Chronopotentiometry,0.02,1800,10,1045.0,0.8366,0.8366
Chronopotentiometry,0.02,1800,10,1045.0,0.8366,0.8366
Chronopotentiometry,0.02,1800,10,1045.0,0.8366,0.8366
Chronopotentiometry,0.02,1800,10,1045.0,0.8367,0.8367
Chronopotentiometry,0.02,1800,10,1046.0,0.8366,0.8366
Chronopotentiometry,0.02,1800,10,1046.0,0.8366,0.8366
Chronopotentiometry,0.02,1800,10,1046.0,0.8367,0.8367
Chronopotentiometry,0.02,1800,10,1046.0,0.8367,0.8367
Chronopotentiometry,0.02,1800,10,1046.0,0.8367,0.8367
Chronopotentiometry,0.02,1800,10,1046.0,0.8368,0.8368
Chronopotentiometry,0.02,1800,10,1046.0,0.8367,0.8367
Chronopotentiometry,0.02,1800,10,1046.0,0.8368,0.8368
Chronopotentiometry,0.02,1800,10,1046.0,0.8368,0.8368
Chronopotentiometry,0.02,1800,10,1046.0,0.8368,0.8368
Chronopotentiometry,0.02,1800,10,1047.0,0.8368,0.8368
Chronopotentiometry,0.02,1800,10,1047.0,0.8367,0.8367
Chronopotentiometry,0.02,1800,10,1047.0,0.8368,0.8368
Chronopotentiometry,0.02,1800,10,1047.0,0.8368,0.8368
Chronopotentiometry,0.02,1800,10,1047.0,0.8369,0.8369
Chronopotentiometry,0.02,1800,10,1047.0,0.8368,0.8368
Chronopotentiometry,0.02,1800,10,1047.0,0.8368,0.8368
Chronopotentiometry,0.02,1800,10,1047.0,0.8368,0.8368
Chronopotentiometry,0.02,1800,10,1047.0,0.8367,0.8367
Chronopotentiometry,0.02,1800,10,1047.0,0.8368,0.8368
Chronopotentiometry,0.02,1800,10,1048.0,0.8368,0.8368
Chronopotentiometry,0.02,1800,10,1048.0,0.8368,0.8368
Chronopotentiometry,0.02,1800,10,1048.0,0.8368,0.8368
Chronopotentiometry,0.02,1800,10,1048.0,0.8368,0.8368
Chronopotentiometry,0.02,1800,10,1048.0,0.8368,0.8368
Chronopotentiometry,0.02,1800,10,1048.0,0.8369,0.8369
Chronopotentiometry,0.02,1800,10,1048.0,0.8368,0.8368
Chronopotentiometry,0.02,1800,10,1048.0,0.8369,0.8369
Chronopotentiometry,0.02,1800,10,1048.0,0.8369,0.8369
Chronopotentiometry,0.02,1800,10,1048.0,0.8367,0.8367
Chronopotentiometry,0.02,1800,10,1049.0,0.8368,0.8368
Chronopotentiometry,0.02,1800,10,1049.0,0.8368,0.8368
Chronopotentiometry,0.02,1800,10,1049.0,0.8368,0.8368
Chronopotentiometry,0.02,1800,10,1049.0,0.8368,0.8368
Chronopotentiometry,0.02,1800,10,1049.0,0.8368,0.8368
Chronopotentiometry,0.02,1800,10,1049.0,0.8367,0.8367
Chronopotentiometry,0.02,1800,10,1049.0,0.8368,0.8368
Chronopotentiometry,0.02,1800,10,1049.0,0.8368,0.8368
Chronopotentiometry,0.02,1800,10,1049.0,0.8369,0.8369
Chronopotentiometry,0.02,1800,10,1049.0,0.8368,0.8368
Chronopotentiometry,0.02,1800,10,1050.0,0.8369,0.8369
Chronopotentiometry,0.02,1800,10,1050.0,0.8368,0.8368
Chronopotentiometry,0.02,1800,10,1050.0,0.8368,0.8368
Chronopotentiometry,0.02,1800,10,1050.0,0.8368,0.8368
Chronopotentiometry,0.02,1800,10,1050.0,0.8369,0.8369
Chronopotentiometry,0.02,1800,10,1050.0,0.8369,0.8369
Chronopotentiometry,0.02,1800,10,1050.0,0.8369,0.8369
Chronopotentiometry,0.02,1800,10,1050.0,0.8369,0.8369
Chronopotentiometry,0.02,1800,10,1050.0,0.8369,0.8369
Chronopotentiometry,0.02,1800,10,1050.0,0.8369,0.8369
Chronopotentiometry,0.02,1800,10,1051.0,0.8369,0.8369
Chronopotentiometry,0.02,1800,10,1051.0,0.8369,0.8369
Chronopotentiometry,0.02,1800,10,1051.0,0.8369,0.8369
Chronopotentiometry,0.02,1800,10,1051.0,0.8369,0.8369
Chronopotentiometry,0.02,1800,10,1051.0,0.8369,0.8369
Chronopotentiometry,0.02,1800,10,1051.0,0.8369,0.8369
Chronopotentiometry,0.02,1800,10,1051.0,0.8369,0.8369
Chronopotentiometry,0.02,1800,10,1051.0,0.837,0.837
Chronopotentiometry,0.02,1800,10,1051.0,0.8369,0.8369
Chronopotentiometry,0.02,1800,10,1051.0,0.8369,0.8369
Chronopotentiometry,0.02,1800,10,1052.0,0.8369,0.8369
Chronopotentiometry,0.02,1800,10,1052.0,0.8368,0.8368
Chronopotentiometry,0.02,1800,10,1052.0,0.8368,0.8368
Chronopotentiometry,0.02,1800,10,1052.0,0.8368,0.8368
Chronopotentiometry,0.02,1800,10,1052.0,0.8368,0.8368
Chronopotentiometry,0.02,1800,10,1052.0,0.8369,0.8369
Chronopotentiometry,0.02,1800,10,1052.0,0.8369,0.8369
Chronopotentiometry,0.02,1800,10,1052.0,0.8368,0.8368
Chronopotentiometry,0.02,1800,10,1052.0,0.8369,0.8369
Chronopotentiometry,0.02,1800,10,1052.0,0.8369,0.8369
Chronopotentiometry,0.02,1800,10,1053.0,0.8369,0.8369
Chronopotentiometry,0.02,1800,10,1053.0,0.837,0.837
Chronopotentiometry,0.02,1800,10,1053.0,0.837,0.837
Chronopotentiometry,0.02,1800,10,1053.0,0.8369,0.8369
Chronopotentiometry,0.02,1800,10,1053.0,0.8369,0.8369
Chronopotentiometry,0.02,1800,10,1053.0,0.8369,0.8369
Chronopotentiometry,0.02,1800,10,1053.0,0.8369,0.8369
Chronopotentiometry,0.02,1800,10,1053.0,0.8369,0.8369
Chronopotentiometry,0.02,1800,10,1053.0,0.8369,0.8369
Chronopotentiometry,0.02,1800,10,1053.0,0.837,0.837
Chronopotentiometry,0.02,1800,10,1054.0,0.837,0.837
Chronopotentiometry,0.02,1800,10,1054.0,0.8369,0.8369
Chronopotentiometry,0.02,1800,10,1054.0,0.837,0.837
Chronopotentiometry,0.02,1800,10,1054.0,0.837,0.837
Chronopotentiometry,0.02,1800,10,1054.0,0.8369,0.8369
Chronopotentiometry,0.02,1800,10,1054.0,0.837,0.837
Chronopotentiometry,0.02,1800,10,1054.0,0.837,0.837
Chronopotentiometry,0.02,1800,10,1054.0,0.8371,0.8371
Chronopotentiometry,0.02,1800,10,1054.0,0.837,0.837
Chronopotentiometry,0.02,1800,10,1054.0,0.837,0.837
Chronopotentiometry,0.02,1800,10,1055.0,0.837,0.837
Chronopotentiometry,0.02,1800,10,1055.0,0.837,0.837
Chronopotentiometry,0.02,1800,10,1055.0,0.8369,0.8369
Chronopotentiometry,0.02,1800,10,1055.0,0.8369,0.8369
Chronopotentiometry,0.02,1800,10,1055.0,0.837,0.837
Chronopotentiometry,0.02,1800,10,1055.0,0.837,0.837
Chronopotentiometry,0.02,1800,10,1055.0,0.837,0.837
Chronopotentiometry,0.02,1800,10,1055.0,0.8369,0.8369
Chronopotentiometry,0.02,1800,10,1055.0,0.837,0.837
Chronopotentiometry,0.02,1800,10,1055.0,0.8369,0.8369
Chronopotentiometry,0.02,1800,10,1056.0,0.8369,0.8369
Chronopotentiometry,0.02,1800,10,1056.0,0.837,0.837
Chronopotentiometry,0.02,1800,10,1056.0,0.837,0.837
Chronopotentiometry,0.02,1800,10,1056.0,0.837,0.837
Chronopotentiometry,0.02,1800,10,1056.0,0.837,0.837
Chronopotentiometry,0.02,1800,10,1056.0,0.837,0.837
Chronopotentiometry,0.02,1800,10,1056.0,0.837,0.837
Chronopotentiometry,0.02,1800,10,1056.0,0.837,0.837
Chronopotentiometry,0.02,1800,10,1056.0,0.8371,0.8371
Chronopotentiometry,0.02,1800,10,1056.0,0.8371,0.8371
Chronopotentiometry,0.02,1800,10,1057.0,0.837,0.837
Chronopotentiometry,0.02,1800,10,1057.0,0.837,0.837
Chronopotentiometry,0.02,1800,10,1057.0,0.8371,0.8371
Chronopotentiometry,0.02,1800,10,1057.0,0.8371,0.8371
Chronopotentiometry,0.02,1800,10,1057.0,0.837,0.837
Chronopotentiometry,0.02,1800,10,1057.0,0.837,0.837
Chronopotentiometry,0.02,1800,10,1057.0,0.837,0.837
Chronopotentiometry,0.02,1800,10,1057.0,0.837,0.837
Chronopotentiometry,0.02,1800,10,1057.0,0.837,0.837
Chronopotentiometry,0.02,1800,10,1057.0,0.8369,0.8369
Chronopotentiometry,0.02,1800,10,1058.0,0.8369,0.8369
Chronopotentiometry,0.02,1800,10,1058.0,0.837,0.837
Chronopotentiometry,0.02,1800,10,1058.0,0.8369,0.8369
Chronopotentiometry,0.02,1800,10,1058.0,0.8369,0.8369
Chronopotentiometry,0.02,1800,10,1058.0,0.8369,0.8369
Chronopotentiometry,0.02,1800,10,1058.0,0.8369,0.8369
Chronopotentiometry,0.02,1800,10,1058.0,0.837,0.837
Chronopotentiometry,0.02,1800,10,1058.0,0.837,0.837
Chronopotentiometry,0.02,1800,10,1058.0,0.837,0.837
Chronopotentiometry,0.02,1800,10,1058.0,0.837,0.837
Chronopotentiometry,0.02,1800,10,1059.0,0.8369,0.8369
Chronopotentiometry,0.02,1800,10,1059.0,0.837,0.837
Chronopotentiometry,0.02,1800,10,1059.0,0.837,0.837
Chronopotentiometry,0.02,1800,10,1059.0,0.837,0.837
Chronopotentiometry,0.02,1800,10,1059.0,0.837,0.837
Chronopotentiometry,0.02,1800,10,1059.0,0.837,0.837
Chronopotentiometry,0.02,1800,10,1059.0,0.8371,0.8371
Chronopotentiometry,0.02,1800,10,1059.0,0.837,0.837
Chronopotentiometry,0.02,1800,10,1059.0,0.837,0.837
Chronopotentiometry,0.02,1800,10,1059.0,0.8369,0.8369
Chronopotentiometry,0.02,1800,10,1060.0,0.837,0.837
Chronopotentiometry,0.02,1800,10,1060.0,0.837,0.837
Chronopotentiometry,0.02,1800,10,1060.0,0.837,0.837
Chronopotentiometry,0.02,1800,10,1060.0,0.837,0.837
Chronopotentiometry,0.02,1800,10,1060.0,0.8369,0.8369
Chronopotentiometry,0.02,1800,10,1060.0,0.837,0.837
Chronopotentiometry,0.02,1800,10,1060.0,0.8371,0.8371
Chronopotentiometry,0.02,1800,10,1060.0,0.8371,0.8371
Chronopotentiometry,0.02,1800,10,1060.0,0.8371,0.8371
Chronopotentiometry,0.02,1800,10,1060.0,0.8371,0.8371
Chronopotentiometry,0.02,1800,10,1061.0,0.8371,0.8371
Chronopotentiometry,0.02,1800,10,1061.0,0.8371,0.8371
Chronopotentiometry,0.02,1800,10,1061.0,0.837,0.837
Chronopotentiometry,0.02,1800,10,1061.0,0.837,0.837
Chronopotentiometry,0.02,1800,10,1061.0,0.8371,0.8371
Chronopotentiometry,0.02,1800,10,1061.0,0.8371,0.8371
Chronopotentiometry,0.02,1800,10,1061.0,0.8371,0.8371
Chronopotentiometry,0.02,1800,10,1061.0,0.8371,0.8371
Chronopotentiometry,0.02,1800,10,1061.0,0.837,0.837
Chronopotentiometry,0.02,1800,10,1061.0,0.837,0.837
Chronopotentiometry,0.02,1800,10,1062.0,0.837,0.837
Chronopotentiometry,0.02,1800,10,1062.0,0.837,0.837
Chronopotentiometry,0.02,1800,10,1062.0,0.837,0.837
Chronopotentiometry,0.02,1800,10,1062.0,0.837,0.837
Chronopotentiometry,0.02,1800,10,1062.0,0.837,0.837
Chronopotentiometry,0.02,1800,10,1062.0,0.837,0.837
Chronopotentiometry,0.02,1800,10,1062.0,0.837,0.837
Chronopotentiometry,0.02,1800,10,1062.0,0.8371,0.8371
Chronopotentiometry,0.02,1800,10,1062.0,0.8371,0.8371
Chronopotentiometry,0.02,1800,10,1062.0,0.837,0.837
Chronopotentiometry,0.02,1800,10,1063.0,0.837,0.837
Chronopotentiometry,0.02,1800,10,1063.0,0.837,0.837
Chronopotentiometry,0.02,1800,10,1063.0,0.837,0.837
Chronopotentiometry,0.02,1800,10,1063.0,0.837,0.837
Chronopotentiometry,0.02,1800,10,1063.0,0.8371,0.8371
Chronopotentiometry,0.02,1800,10,1063.0,0.8372,0.8372
Chronopotentiometry,0.02,1800,10,1063.0,0.8371,0.8371
Chronopotentiometry,0.02,1800,10,1063.0,0.837,0.837
Chronopotentiometry,0.02,1800,10,1063.0,0.837,0.837
Chronopotentiometry,0.02,1800,10,1063.0,0.837,0.837
Chronopotentiometry,0.02,1800,10,1064.0,0.8371,0.8371
Chronopotentiometry,0.02,1800,10,1064.0,0.8371,0.8371
Chronopotentiometry,0.02,1800,10,1064.0,0.8371,0.8371
Chronopotentiometry,0.02,1800,10,1064.0,0.8371,0.8371
Chronopotentiometry,0.02,1800,10,1064.0,0.8371,0.8371
Chronopotentiometry,0.02,1800,10,1064.0,0.8371,0.8371
Chronopotentiometry,0.02,1800,10,1064.0,0.8372,0.8372
Chronopotentiometry,0.02,1800,10,1064.0,0.8372,0.8372
Chronopotentiometry,0.02,1800,10,1064.0,0.8372,0.8372
Chronopotentiometry,0.02,1800,10,1064.0,0.8372,0.8372
Chronopotentiometry,0.02,1800,10,1065.0,0.8372,0.8372
Chronopotentiometry,0.02,1800,10,1065.0,0.8371,0.8371
Chronopotentiometry,0.02,1800,10,1065.0,0.8372,0.8372
Chronopotentiometry,0.02,1800,10,1065.0,0.8371,0.8371
Chronopotentiometry,0.02,1800,10,1065.0,0.8372,0.8372
Chronopotentiometry,0.02,1800,10,1065.0,0.8372,0.8372
Chronopotentiometry,0.02,1800,10,1065.0,0.8373,0.8373
Chronopotentiometry,0.02,1800,10,1065.0,0.8372,0.8372
Chronopotentiometry,0.02,1800,10,1065.0,0.8372,0.8372
Chronopotentiometry,0.02,1800,10,1065.0,0.8373,0.8373
Chronopotentiometry,0.02,1800,10,1066.0,0.8372,0.8372
Chronopotentiometry,0.02,1800,10,1066.0,0.8372,0.8372
Chronopotentiometry,0.02,1800,10,1066.0,0.8372,0.8372
Chronopotentiometry,0.02,1800,10,1066.0,0.8372,0.8372
Chronopotentiometry,0.02,1800,10,1066.0,0.8372,0.8372
Chronopotentiometry,0.02,1800,10,1066.0,0.8372,0.8372
Chronopotentiometry,0.02,1800,10,1066.0,0.8372,0.8372
Chronopotentiometry,0.02,1800,10,1066.0,0.8371,0.8371
Chronopotentiometry,0.02,1800,10,1066.0,0.8372,0.8372
Chronopotentiometry,0.02,1800,10,1066.0,0.8372,0.8372
Chronopotentiometry,0.02,1800,10,1067.0,0.8372,0.8372
Chronopotentiometry,0.02,1800,10,1067.0,0.8372,0.8372
Chronopotentiometry,0.02,1800,10,1067.0,0.8371,0.8371
Chronopotentiometry,0.02,1800,10,1067.0,0.8371,0.8371
Chronopotentiometry,0.02,1800,10,1067.0,0.8372,0.8372
Chronopotentiometry,0.02,1800,10,1067.0,0.8371,0.8371
Chronopotentiometry,0.02,1800,10,1067.0,0.8372,0.8372
Chronopotentiometry,0.02,1800,10,1067.0,0.8371,0.8371
Chronopotentiometry,0.02,1800,10,1067.0,0.8371,0.8371
Chronopotentiometry,0.02,1800,10,1067.0,0.8372,0.8372
Chronopotentiometry,0.02,1800,10,1068.0,0.8372,0.8372
Chronopotentiometry,0.02,1800,10,1068.0,0.8372,0.8372
Chronopotentiometry,0.02,1800,10,1068.0,0.8372,0.8372
Chronopotentiometry,0.02,1800,10,1068.0,0.8371,0.8371
Chronopotentiometry,0.02,1800,10,1068.0,0.8371,0.8371
Chronopotentiometry,0.02,1800,10,1068.0,0.8372,0.8372
Chronopotentiometry,0.02,1800,10,1068.0,0.8373,0.8373
Chronopotentiometry,0.02,1800,10,1068.0,0.8372,0.8372
Chronopotentiometry,0.02,1800,10,1068.0,0.8373,0.8373
Chronopotentiometry,0.02,1800,10,1068.0,0.8373,0.8373
Chronopotentiometry,0.02,1800,10,1069.0,0.8372,0.8372
Chronopotentiometry,0.02,1800,10,1069.0,0.8372,0.8372
Chronopotentiometry,0.02,1800,10,1069.0,0.8372,0.8372
Chronopotentiometry,0.02,1800,10,1069.0,0.8372,0.8372
Chronopotentiometry,0.02,1800,10,1069.0,0.8371,0.8371
Chronopotentiometry,0.02,1800,10,1069.0,0.8371,0.8371
Chronopotentiometry,0.02,1800,10,1069.0,0.8372,0.8372
Chronopotentiometry,0.02,1800,10,1069.0,0.8373,0.8373
Chronopotentiometry,0.02,1800,10,1069.0,0.8373,0.8373
Chronopotentiometry,0.02,1800,10,1069.0,0.8373,0.8373
Chronopotentiometry,0.02,1800,10,1070.0,0.8372,0.8372
Chronopotentiometry,0.02,1800,10,1070.0,0.8372,0.8372
Chronopotentiometry,0.02,1800,10,1070.0,0.8373,0.8373
Chronopotentiometry,0.02,1800,10,1070.0,0.8373,0.8373
Chronopotentiometry,0.02,1800,10,1070.0,0.8373,0.8373
Chronopotentiometry,0.02,1800,10,1070.0,0.8373,0.8373
Chronopotentiometry,0.02,1800,10,1070.0,0.8373,0.8373
Chronopotentiometry,0.02,1800,10,1070.0,0.8373,0.8373
Chronopotentiometry,0.02,1800,10,1070.0,0.8373,0.8373
Chronopotentiometry,0.02,1800,10,1070.0,0.8373,0.8373
Chronopotentiometry,0.02,1800,10,1071.0,0.8373,0.8373
Chronopotentiometry,0.02,1800,10,1071.0,0.8373,0.8373
Chronopotentiometry,0.02,1800,10,1071.0,0.8373,0.8373
Chronopotentiometry,0.02,1800,10,1071.0,0.8374,0.8374
Chronopotentiometry,0.02,1800,10,1071.0,0.8374,0.8374
Chronopotentiometry,0.02,1800,10,1071.0,0.8374,0.8374
Chronopotentiometry,0.02,1800,10,1071.0,0.8375,0.8375
Chronopotentiometry,0.02,1800,10,1071.0,0.8374,0.8374
Chronopotentiometry,0.02,1800,10,1071.0,0.8374,0.8374
Chronopotentiometry,0.02,1800,10,1071.0,0.8374,0.8374
Chronopotentiometry,0.02,1800,10,1072.0,0.8374,0.8374
Chronopotentiometry,0.02,1800,10,1072.0,0.8373,0.8373
Chronopotentiometry,0.02,1800,10,1072.0,0.8374,0.8374
Chronopotentiometry,0.02,1800,10,1072.0,0.8373,0.8373
Chronopotentiometry,0.02,1800,10,1072.0,0.8372,0.8372
Chronopotentiometry,0.02,1800,10,1072.0,0.8373,0.8373
Chronopotentiometry,0.02,1800,10,1072.0,0.8374,0.8374
Chronopotentiometry,0.02,1800,10,1072.0,0.8374,0.8374
Chronopotentiometry,0.02,1800,10,1072.0,0.8374,0.8374
Chronopotentiometry,0.02,1800,10,1072.0,0.8374,0.8374
Chronopotentiometry,0.02,1800,10,1073.0,0.8373,0.8373
Chronopotentiometry,0.02,1800,10,1073.0,0.8373,0.8373
Chronopotentiometry,0.02,1800,10,1073.0,0.8373,0.8373
Chronopotentiometry,0.02,1800,10,1073.0,0.8374,0.8374
Chronopotentiometry,0.02,1800,10,1073.0,0.8374,0.8374
Chronopotentiometry,0.02,1800,10,1073.0,0.8374,0.8374
Chronopotentiometry,0.02,1800,10,1073.0,0.8374,0.8374
Chronopotentiometry,0.02,1800,10,1073.0,0.8375,0.8375
Chronopotentiometry,0.02,1800,10,1073.0,0.8374,0.8374
Chronopotentiometry,0.02,1800,10,1073.0,0.8373,0.8373
Chronopotentiometry,0.02,1800,10,1074.0,0.8374,0.8374
Chronopotentiometry,0.02,1800,10,1074.0,0.8374,0.8374
Chronopotentiometry,0.02,1800,10,1074.0,0.8374,0.8374
Chronopotentiometry,0.02,1800,10,1074.0,0.8374,0.8374
Chronopotentiometry,0.02,1800,10,1074.0,0.8374,0.8374
Chronopotentiometry,0.02,1800,10,1074.0,0.8374,0.8374
Chronopotentiometry,0.02,1800,10,1074.0,0.8373,0.8373
Chronopotentiometry,0.02,1800,10,1074.0,0.8373,0.8373
Chronopotentiometry,0.02,1800,10,1074.0,0.8374,0.8374
Chronopotentiometry,0.02,1800,10,1074.0,0.8374,0.8374
Chronopotentiometry,0.02,1800,10,1075.0,0.8374,0.8374
Chronopotentiometry,0.02,1800,10,1075.0,0.8374,0.8374
Chronopotentiometry,0.02,1800,10,1075.0,0.8374,0.8374
Chronopotentiometry,0.02,1800,10,1075.0,0.8375,0.8375
Chronopotentiometry,0.02,1800,10,1075.0,0.8374,0.8374
Chronopotentiometry,0.02,1800,10,1075.0,0.8375,0.8375
Chronopotentiometry,0.02,1800,10,1075.0,0.8375,0.8375
Chronopotentiometry,0.02,1800,10,1075.0,0.8375,0.8375
Chronopotentiometry,0.02,1800,10,1075.0,0.8375,0.8375
Chronopotentiometry,0.02,1800,10,1075.0,0.8375,0.8375
Chronopotentiometry,0.02,1800,10,1076.0,0.8374,0.8374
Chronopotentiometry,0.02,1800,10,1076.0,0.8375,0.8375
Chronopotentiometry,0.02,1800,10,1076.0,0.8375,0.8375
Chronopotentiometry,0.02,1800,10,1076.0,0.8376,0.8376
Chronopotentiometry,0.02,1800,10,1076.0,0.8375,0.8375
Chronopotentiometry,0.02,1800,10,1076.0,0.8375,0.8375
Chronopotentiometry,0.02,1800,10,1076.0,0.8376,0.8376
Chronopotentiometry,0.02,1800,10,1076.0,0.8376,0.8376
Chronopotentiometry,0.02,1800,10,1076.0,0.8376,0.8376
Chronopotentiometry,0.02,1800,10,1076.0,0.8376,0.8376
Chronopotentiometry,0.02,1800,10,1077.0,0.8375,0.8375
Chronopotentiometry,0.02,1800,10,1077.0,0.8375,0.8375
Chronopotentiometry,0.02,1800,10,1077.0,0.8376,0.8376
Chronopotentiometry,0.02,1800,10,1077.0,0.8375,0.8375
Chronopotentiometry,0.02,1800,10,1077.0,0.8375,0.8375
Chronopotentiometry,0.02,1800,10,1077.0,0.8376,0.8376
Chronopotentiometry,0.02,1800,10,1077.0,0.8375,0.8375
Chronopotentiometry,0.02,1800,10,1077.0,0.8376,0.8376
Chronopotentiometry,0.02,1800,10,1077.0,0.8375,0.8375
Chronopotentiometry,0.02,1800,10,1077.0,0.8374,0.8374
Chronopotentiometry,0.02,1800,10,1078.0,0.8374,0.8374
Chronopotentiometry,0.02,1800,10,1078.0,0.8375,0.8375
Chronopotentiometry,0.02,1800,10,1078.0,0.8376,0.8376
Chronopotentiometry,0.02,1800,10,1078.0,0.8376,0.8376
Chronopotentiometry,0.02,1800,10,1078.0,0.8375,0.8375
Chronopotentiometry,0.02,1800,10,1078.0,0.8375,0.8375
Chronopotentiometry,0.02,1800,10,1078.0,0.8375,0.8375
Chronopotentiometry,0.02,1800,10,1078.0,0.8375,0.8375
Chronopotentiometry,0.02,1800,10,1078.0,0.8375,0.8375
Chronopotentiometry,0.02,1800,10,1078.0,0.8375,0.8375
Chronopotentiometry,0.02,1800,10,1079.0,0.8375,0.8375
Chronopotentiometry,0.02,1800,10,1079.0,0.8375,0.8375
Chronopotentiometry,0.02,1800,10,1079.0,0.8376,0.8376
Chronopotentiometry,0.02,1800,10,1079.0,0.8376,0.8376
Chronopotentiometry,0.02,1800,10,1079.0,0.8376,0.8376
Chronopotentiometry,0.02,1800,10,1079.0,0.8376,0.8376
Chronopotentiometry,0.02,1800,10,1079.0,0.8376,0.8376
Chronopotentiometry,0.02,1800,10,1079.0,0.8376,0.8376
Chronopotentiometry,0.02,1800,10,1079.0,0.8375,0.8375
Chronopotentiometry,0.02,1800,10,1079.0,0.8376,0.8376
Chronopotentiometry,0.02,1800,10,1080.0,0.8375,0.8375
Chronopotentiometry,0.02,1800,10,1080.0,0.8376,0.8376
Chronopotentiometry,0.02,1800,10,1080.0,0.8376,0.8376
Chronopotentiometry,0.02,1800,10,1080.0,0.8377,0.8377
Chronopotentiometry,0.02,1800,10,1080.0,0.8376,0.8376
Chronopotentiometry,0.02,1800,10,1080.0,0.8376,0.8376
Chronopotentiometry,0.02,1800,10,1080.0,0.8376,0.8376
Chronopotentiometry,0.02,1800,10,1080.0,0.8375,0.8375
Chronopotentiometry,0.02,1800,10,1080.0,0.8375,0.8375
Chronopotentiometry,0.02,1800,10,1080.0,0.8376,0.8376
Chronopotentiometry,0.02,1800,10,1081.0,0.8376,0.8376
Chronopotentiometry,0.02,1800,10,1081.0,0.8377,0.8377
Chronopotentiometry,0.02,1800,10,1081.0,0.8377,0.8377
Chronopotentiometry,0.02,1800,10,1081.0,0.8376,0.8376
Chronopotentiometry,0.02,1800,10,1081.0,0.8375,0.8375
Chronopotentiometry,0.02,1800,10,1081.0,0.8376,0.8376
Chronopotentiometry,0.02,1800,10,1081.0,0.8376,0.8376
Chronopotentiometry,0.02,1800,10,1081.0,0.8376,0.8376
Chronopotentiometry,0.02,1800,10,1081.0,0.8376,0.8376
Chronopotentiometry,0.02,1800,10,1081.0,0.8376,0.8376
Chronopotentiometry,0.02,1800,10,1082.0,0.8376,0.8376
Chronopotentiometry,0.02,1800,10,1082.0,0.8375,0.8375
Chronopotentiometry,0.02,1800,10,1082.0,0.8376,0.8376
Chronopotentiometry,0.02,1800,10,1082.0,0.8376,0.8376
Chronopotentiometry,0.02,1800,10,1082.0,0.8376,0.8376
Chronopotentiometry,0.02,1800,10,1082.0,0.8376,0.8376
Chronopotentiometry,0.02,1800,10,1082.0,0.8376,0.8376
Chronopotentiometry,0.02,1800,10,1082.0,0.8377,0.8377
Chronopotentiometry,0.02,1800,10,1082.0,0.8377,0.8377
Chronopotentiometry,0.02,1800,10,1082.0,0.8377,0.8377
Chronopotentiometry,0.02,1800,10,1083.0,0.8376,0.8376
Chronopotentiometry,0.02,1800,10,1083.0,0.8376,0.8376
Chronopotentiometry,0.02,1800,10,1083.0,0.8376,0.8376
Chronopotentiometry,0.02,1800,10,1083.0,0.8376,0.8376
Chronopotentiometry,0.02,1800,10,1083.0,0.8377,0.8377
Chronopotentiometry,0.02,1800,10,1083.0,0.8377,0.8377
Chronopotentiometry,0.02,1800,10,1083.0,0.8377,0.8377
Chronopotentiometry,0.02,1800,10,1083.0,0.8377,0.8377
Chronopotentiometry,0.02,1800,10,1083.0,0.8378,0.8378
Chronopotentiometry,0.02,1800,10,1083.0,0.8377,0.8377
Chronopotentiometry,0.02,1800,10,1084.0,0.8377,0.8377
Chronopotentiometry,0.02,1800,10,1084.0,0.8377,0.8377
Chronopotentiometry,0.02,1800,10,1084.0,0.8378,0.8378
Chronopotentiometry,0.02,1800,10,1084.0,0.8378,0.8378
Chronopotentiometry,0.02,1800,10,1084.0,0.8377,0.8377
Chronopotentiometry,0.02,1800,10,1084.0,0.8376,0.8376
Chronopotentiometry,0.02,1800,10,1084.0,0.8376,0.8376
Chronopotentiometry,0.02,1800,10,1084.0,0.8376,0.8376
Chronopotentiometry,0.02,1800,10,1084.0,0.8376,0.8376
Chronopotentiometry,0.02,1800,10,1084.0,0.8377,0.8377
Chronopotentiometry,0.02,1800,10,1085.0,0.8377,0.8377
Chronopotentiometry,0.02,1800,10,1085.0,0.8377,0.8377
Chronopotentiometry,0.02,1800,10,1085.0,0.8376,0.8376
Chronopotentiometry,0.02,1800,10,1085.0,0.8377,0.8377
Chronopotentiometry,0.02,1800,10,1085.0,0.8377,0.8377
Chronopotentiometry,0.02,1800,10,1085.0,0.8377,0.8377
Chronopotentiometry,0.02,1800,10,1085.0,0.8377,0.8377
Chronopotentiometry,0.02,1800,10,1085.0,0.8377,0.8377
Chronopotentiometry,0.02,1800,10,1085.0,0.8378,0.8378
Chronopotentiometry,0.02,1800,10,1085.0,0.8377,0.8377
Chronopotentiometry,0.02,1800,10,1086.0,0.8377,0.8377
Chronopotentiometry,0.02,1800,10,1086.0,0.8377,0.8377
Chronopotentiometry,0.02,1800,10,1086.0,0.8378,0.8378
Chronopotentiometry,0.02,1800,10,1086.0,0.8378,0.8378
Chronopotentiometry,0.02,1800,10,1086.0,0.8377,0.8377
Chronopotentiometry,0.02,1800,10,1086.0,0.8376,0.8376
Chronopotentiometry,0.02,1800,10,1086.0,0.8376,0.8376
Chronopotentiometry,0.02,1800,10,1086.0,0.8377,0.8377
Chronopotentiometry,0.02,1800,10,1086.0,0.8377,0.8377
Chronopotentiometry,0.02,1800,10,1086.0,0.8376,0.8376
Chronopotentiometry,0.02,1800,10,1087.0,0.8377,0.8377
Chronopotentiometry,0.02,1800,10,1087.0,0.8377,0.8377
Chronopotentiometry,0.02,1800,10,1087.0,0.8377,0.8377
Chronopotentiometry,0.02,1800,10,1087.0,0.8377,0.8377
Chronopotentiometry,0.02,1800,10,1087.0,0.8377,0.8377
Chronopotentiometry,0.02,1800,10,1087.0,0.8377,0.8377
Chronopotentiometry,0.02,1800,10,1087.0,0.8377,0.8377
Chronopotentiometry,0.02,1800,10,1087.0,0.8377,0.8377
Chronopotentiometry,0.02,1800,10,1087.0,0.8377,0.8377
Chronopotentiometry,0.02,1800,10,1087.0,0.8377,0.8377
Chronopotentiometry,0.02,1800,10,1088.0,0.8378,0.8378
Chronopotentiometry,0.02,1800,10,1088.0,0.8378,0.8378
Chronopotentiometry,0.02,1800,10,1088.0,0.8378,0.8378
Chronopotentiometry,0.02,1800,10,1088.0,0.8377,0.8377
Chronopotentiometry,0.02,1800,10,1088.0,0.8377,0.8377
Chronopotentiometry,0.02,1800,10,1088.0,0.8377,0.8377
Chronopotentiometry,0.02,1800,10,1088.0,0.8377,0.8377
Chronopotentiometry,0.02,1800,10,1088.0,0.8377,0.8377
Chronopotentiometry,0.02,1800,10,1088.0,0.8378,0.8378
Chronopotentiometry,0.02,1800,10,1088.0,0.8377,0.8377
Chronopotentiometry,0.02,1800,10,1089.0,0.8378,0.8378
Chronopotentiometry,0.02,1800,10,1089.0,0.8377,0.8377
Chronopotentiometry,0.02,1800,10,1089.0,0.8377,0.8377
Chronopotentiometry,0.02,1800,10,1089.0,0.8377,0.8377
Chronopotentiometry,0.02,1800,10,1089.0,0.8378,0.8378
Chronopotentiometry,0.02,1800,10,1089.0,0.8378,0.8378
Chronopotentiometry,0.02,1800,10,1089.0,0.8377,0.8377
Chronopotentiometry,0.02,1800,10,1089.0,0.8377,0.8377
Chronopotentiometry,0.02,1800,10,1089.0,0.8377,0.8377
Chronopotentiometry,0.02,1800,10,1089.0,0.8377,0.8377
Chronopotentiometry,0.02,1800,10,1090.0,0.8377,0.8377
Chronopotentiometry,0.02,1800,10,1090.0,0.8378,0.8378
Chronopotentiometry,0.02,1800,10,1090.0,0.8379,0.8379
Chronopotentiometry,0.02,1800,10,1090.0,0.8378,0.8378
Chronopotentiometry,0.02,1800,10,1090.0,0.8378,0.8378
Chronopotentiometry,0.02,1800,10,1090.0,0.8378,0.8378
Chronopotentiometry,0.02,1800,10,1090.0,0.8378,0.8378
Chronopotentiometry,0.02,1800,10,1090.0,0.8377,0.8377
Chronopotentiometry,0.02,1800,10,1090.0,0.8377,0.8377
Chronopotentiometry,0.02,1800,10,1090.0,0.8376,0.8376
Chronopotentiometry,0.02,1800,10,1091.0,0.8377,0.8377
Chronopotentiometry,0.02,1800,10,1091.0,0.8376,0.8376
Chronopotentiometry,0.02,1800,10,1091.0,0.8377,0.8377
Chronopotentiometry,0.02,1800,10,1091.0,0.8378,0.8378
Chronopotentiometry,0.02,1800,10,1091.0,0.8378,0.8378
Chronopotentiometry,0.02,1800,10,1091.0,0.8378,0.8378
Chronopotentiometry,0.02,1800,10,1091.0,0.8378,0.8378
Chronopotentiometry,0.02,1800,10,1091.0,0.8378,0.8378
Chronopotentiometry,0.02,1800,10,1091.0,0.8377,0.8377
Chronopotentiometry,0.02,1800,10,1091.0,0.8378,0.8378
Chronopotentiometry,0.02,1800,10,1092.0,0.8378,0.8378
Chronopotentiometry,0.02,1800,10,1092.0,0.8378,0.8378
Chronopotentiometry,0.02,1800,10,1092.0,0.8378,0.8378
Chronopotentiometry,0.02,1800,10,1092.0,0.8378,0.8378
Chronopotentiometry,0.02,1800,10,1092.0,0.8379,0.8379
Chronopotentiometry,0.02,1800,10,1092.0,0.838,0.838
Chronopotentiometry,0.02,1800,10,1092.0,0.8379,0.8379
Chronopotentiometry,0.02,1800,10,1092.0,0.8379,0.8379
Chronopotentiometry,0.02,1800,10,1092.0,0.8378,0.8378
Chronopotentiometry,0.02,1800,10,1092.0,0.8379,0.8379
Chronopotentiometry,0.02,1800,10,1093.0,0.8379,0.8379
Chronopotentiometry,0.02,1800,10,1093.0,0.8379,0.8379
Chronopotentiometry,0.02,1800,10,1093.0,0.838,0.838
Chronopotentiometry,0.02,1800,10,1093.0,0.8379,0.8379
Chronopotentiometry,0.02,1800,10,1093.0,0.8379,0.8379
Chronopotentiometry,0.02,1800,10,1093.0,0.8379,0.8379
Chronopotentiometry,0.02,1800,10,1093.0,0.8379,0.8379
Chronopotentiometry,0.02,1800,10,1093.0,0.8378,0.8378
Chronopotentiometry,0.02,1800,10,1093.0,0.8379,0.8379
Chronopotentiometry,0.02,1800,10,1093.0,0.838,0.838
Chronopotentiometry,0.02,1800,10,1094.0,0.838,0.838
Chronopotentiometry,0.02,1800,10,1094.0,0.8378,0.8378
Chronopotentiometry,0.02,1800,10,1094.0,0.8379,0.8379
Chronopotentiometry,0.02,1800,10,1094.0,0.8379,0.8379
Chronopotentiometry,0.02,1800,10,1094.0,0.8379,0.8379
Chronopotentiometry,0.02,1800,10,1094.0,0.838,0.838
Chronopotentiometry,0.02,1800,10,1094.0,0.8379,0.8379
Chronopotentiometry,0.02,1800,10,1094.0,0.8379,0.8379
Chronopotentiometry,0.02,1800,10,1094.0,0.8379,0.8379
Chronopotentiometry,0.02,1800,10,1094.0,0.8379,0.8379
Chronopotentiometry,0.02,1800,10,1095.0,0.8379,0.8379
Chronopotentiometry,0.02,1800,10,1095.0,0.8379,0.8379
Chronopotentiometry,0.02,1800,10,1095.0,0.8379,0.8379
Chronopotentiometry,0.02,1800,10,1095.0,0.8379,0.8379
Chronopotentiometry,0.02,1800,10,1095.0,0.8378,0.8378
Chronopotentiometry,0.02,1800,10,1095.0,0.8379,0.8379
Chronopotentiometry,0.02,1800,10,1095.0,0.8379,0.8379
Chronopotentiometry,0.02,1800,10,1095.0,0.838,0.838
Chronopotentiometry,0.02,1800,10,1095.0,0.8379,0.8379
Chronopotentiometry,0.02,1800,10,1095.0,0.838,0.838
Chronopotentiometry,0.02,1800,10,1096.0,0.8379,0.8379
Chronopotentiometry,0.02,1800,10,1096.0,0.8379,0.8379
Chronopotentiometry,0.02,1800,10,1096.0,0.8379,0.8379
Chronopotentiometry,0.02,1800,10,1096.0,0.8379,0.8379
Chronopotentiometry,0.02,1800,10,1096.0,0.8379,0.8379
Chronopotentiometry,0.02,1800,10,1096.0,0.838,0.838
Chronopotentiometry,0.02,1800,10,1096.0,0.8379,0.8379
Chronopotentiometry,0.02,1800,10,1096.0,0.8379,0.8379
Chronopotentiometry,0.02,1800,10,1096.0,0.838,0.838
Chronopotentiometry,0.02,1800,10,1096.0,0.838,0.838
Chronopotentiometry,0.02,1800,10,1097.0,0.838,0.838
Chronopotentiometry,0.02,1800,10,1097.0,0.838,0.838
Chronopotentiometry,0.02,1800,10,1097.0,0.838,0.838
Chronopotentiometry,0.02,1800,10,1097.0,0.838,0.838
Chronopotentiometry,0.02,1800,10,1097.0,0.838,0.838
Chronopotentiometry,0.02,1800,10,1097.0,0.838,0.838
Chronopotentiometry,0.02,1800,10,1097.0,0.838,0.838
Chronopotentiometry,0.02,1800,10,1097.0,0.838,0.838
Chronopotentiometry,0.02,1800,10,1097.0,0.838,0.838
Chronopotentiometry,0.02,1800,10,1097.0,0.838,0.838
Chronopotentiometry,0.02,1800,10,1098.0,0.838,0.838
Chronopotentiometry,0.02,1800,10,1098.0,0.838,0.838
Chronopotentiometry,0.02,1800,10,1098.0,0.838,0.838
Chronopotentiometry,0.02,1800,10,1098.0,0.838,0.838
Chronopotentiometry,0.02,1800,10,1098.0,0.838,0.838
Chronopotentiometry,0.02,1800,10,1098.0,0.8381,0.8381
Chronopotentiometry,0.02,1800,10,1098.0,0.8381,0.8381
Chronopotentiometry,0.02,1800,10,1098.0,0.8381,0.8381
Chronopotentiometry,0.02,1800,10,1098.0,0.838,0.838
Chronopotentiometry,0.02,1800,10,1098.0,0.8381,0.8381
Chronopotentiometry,0.02,1800,10,1099.0,0.8381,0.8381
Chronopotentiometry,0.02,1800,10,1099.0,0.8382,0.8382
Chronopotentiometry,0.02,1800,10,1099.0,0.838,0.838
Chronopotentiometry,0.02,1800,10,1099.0,0.838,0.838
Chronopotentiometry,0.02,1800,10,1099.0,0.838,0.838
Chronopotentiometry,0.02,1800,10,1099.0,0.838,0.838
Chronopotentiometry,0.02,1800,10,1099.0,0.838,0.838
Chronopotentiometry,0.02,1800,10,1099.0,0.838,0.838
Chronopotentiometry,0.02,1800,10,1099.0,0.8379,0.8379
Chronopotentiometry,0.02,1800,10,1099.0,0.838,0.838
Chronopotentiometry,0.02,1800,10,1100.0,0.8381,0.8381
Chronopotentiometry,0.02,1800,10,1100.0,0.8381,0.8381
Chronopotentiometry,0.02,1800,10,1100.0,0.838,0.838
Chronopotentiometry,0.02,1800,10,1100.0,0.838,0.838
Chronopotentiometry,0.02,1800,10,1100.0,0.838,0.838
Chronopotentiometry,0.02,1800,10,1100.0,0.838,0.838
Chronopotentiometry,0.02,1800,10,1100.0,0.838,0.838
Chronopotentiometry,0.02,1800,10,1100.0,0.838,0.838
Chronopotentiometry,0.02,1800,10,1100.0,0.838,0.838
Chronopotentiometry,0.02,1800,10,1100.0,0.838,0.838
Chronopotentiometry,0.02,1800,10,1101.0,0.8381,0.8381
Chronopotentiometry,0.02,1800,10,1101.0,0.8381,0.8381
Chronopotentiometry,0.02,1800,10,1101.0,0.838,0.838
Chronopotentiometry,0.02,1800,10,1101.0,0.838,0.838
Chronopotentiometry,0.02,1800,10,1101.0,0.8381,0.8381
Chronopotentiometry,0.02,1800,10,1101.0,0.8381,0.8381
Chronopotentiometry,0.02,1800,10,1101.0,0.8381,0.8381
Chronopotentiometry,0.02,1800,10,1101.0,0.838,0.838
Chronopotentiometry,0.02,1800,10,1101.0,0.8381,0.8381
Chronopotentiometry,0.02,1800,10,1101.0,0.8381,0.8381
Chronopotentiometry,0.02,1800,10,1102.0,0.8381,0.8381
Chronopotentiometry,0.02,1800,10,1102.0,0.8381,0.8381
Chronopotentiometry,0.02,1800,10,1102.0,0.8381,0.8381
Chronopotentiometry,0.02,1800,10,1102.0,0.8381,0.8381
Chronopotentiometry,0.02,1800,10,1102.0,0.838,0.838
Chronopotentiometry,0.02,1800,10,1102.0,0.8381,0.8381
Chronopotentiometry,0.02,1800,10,1102.0,0.8381,0.8381
Chronopotentiometry,0.02,1800,10,1102.0,0.8381,0.8381
Chronopotentiometry,0.02,1800,10,1102.0,0.8381,0.8381
Chronopotentiometry,0.02,1800,10,1102.0,0.838,0.838
Chronopotentiometry,0.02,1800,10,1103.0,0.838,0.838
Chronopotentiometry,0.02,1800,10,1103.0,0.838,0.838
Chronopotentiometry,0.02,1800,10,1103.0,0.838,0.838
Chronopotentiometry,0.02,1800,10,1103.0,0.8379,0.8379
Chronopotentiometry,0.02,1800,10,1103.0,0.8379,0.8379
Chronopotentiometry,0.02,1800,10,1103.0,0.838,0.838
Chronopotentiometry,0.02,1800,10,1103.0,0.838,0.838
Chronopotentiometry,0.02,1800,10,1103.0,0.838,0.838
Chronopotentiometry,0.02,1800,10,1103.0,0.838,0.838
Chronopotentiometry,0.02,1800,10,1103.0,0.838,0.838
Chronopotentiometry,0.02,1800,10,1104.0,0.838,0.838
Chronopotentiometry,0.02,1800,10,1104.0,0.838,0.838
Chronopotentiometry,0.02,1800,10,1104.0,0.838,0.838
Chronopotentiometry,0.02,1800,10,1104.0,0.838,0.838
Chronopotentiometry,0.02,1800,10,1104.0,0.838,0.838
Chronopotentiometry,0.02,1800,10,1104.0,0.838,0.838
Chronopotentiometry,0.02,1800,10,1104.0,0.8379,0.8379
Chronopotentiometry,0.02,1800,10,1104.0,0.838,0.838
Chronopotentiometry,0.02,1800,10,1104.0,0.8381,0.8381
Chronopotentiometry,0.02,1800,10,1104.0,0.8381,0.8381
Chronopotentiometry,0.02,1800,10,1105.0,0.8381,0.8381
Chronopotentiometry,0.02,1800,10,1105.0,0.8381,0.8381
Chronopotentiometry,0.02,1800,10,1105.0,0.838,0.838
Chronopotentiometry,0.02,1800,10,1105.0,0.8381,0.8381
Chronopotentiometry,0.02,1800,10,1105.0,0.8381,0.8381
Chronopotentiometry,0.02,1800,10,1105.0,0.8381,0.8381
Chronopotentiometry,0.02,1800,10,1105.0,0.838,0.838
Chronopotentiometry,0.02,1800,10,1105.0,0.8381,0.8381
Chronopotentiometry,0.02,1800,10,1105.0,0.8381,0.8381
Chronopotentiometry,0.02,1800,10,1105.0,0.8381,0.8381
Chronopotentiometry,0.02,1800,10,1106.0,0.838,0.838
Chronopotentiometry,0.02,1800,10,1106.0,0.838,0.838
Chronopotentiometry,0.02,1800,10,1106.0,0.838,0.838
Chronopotentiometry,0.02,1800,10,1106.0,0.8381,0.8381
Chronopotentiometry,0.02,1800,10,1106.0,0.8381,0.8381
Chronopotentiometry,0.02,1800,10,1106.0,0.8381,0.8381
Chronopotentiometry,0.02,1800,10,1106.0,0.8382,0.8382
Chronopotentiometry,0.02,1800,10,1106.0,0.8383,0.8383
Chronopotentiometry,0.02,1800,10,1106.0,0.8382,0.8382
Chronopotentiometry,0.02,1800,10,1106.0,0.838,0.838
Chronopotentiometry,0.02,1800,10,1107.0,0.8381,0.8381
Chronopotentiometry,0.02,1800,10,1107.0,0.8381,0.8381
Chronopotentiometry,0.02,1800,10,1107.0,0.8381,0.8381
Chronopotentiometry,0.02,1800,10,1107.0,0.8381,0.8381
Chronopotentiometry,0.02,1800,10,1107.0,0.8381,0.8381
Chronopotentiometry,0.02,1800,10,1107.0,0.8381,0.8381
Chronopotentiometry,0.02,1800,10,1107.0,0.8382,0.8382
Chronopotentiometry,0.02,1800,10,1107.0,0.8382,0.8382
Chronopotentiometry,0.02,1800,10,1107.0,0.8381,0.8381
Chronopotentiometry,0.02,1800,10,1107.0,0.8382,0.8382
Chronopotentiometry,0.02,1800,10,1108.0,0.8381,0.8381
Chronopotentiometry,0.02,1800,10,1108.0,0.8381,0.8381
Chronopotentiometry,0.02,1800,10,1108.0,0.8381,0.8381
Chronopotentiometry,0.02,1800,10,1108.0,0.8381,0.8381
Chronopotentiometry,0.02,1800,10,1108.0,0.8381,0.8381
Chronopotentiometry,0.02,1800,10,1108.0,0.8381,0.8381
Chronopotentiometry,0.02,1800,10,1108.0,0.8381,0.8381
Chronopotentiometry,0.02,1800,10,1108.0,0.8381,0.8381
Chronopotentiometry,0.02,1800,10,1108.0,0.8382,0.8382
Chronopotentiometry,0.02,1800,10,1108.0,0.8381,0.8381
Chronopotentiometry,0.02,1800,10,1109.0,0.8382,0.8382
Chronopotentiometry,0.02,1800,10,1109.0,0.8381,0.8381
Chronopotentiometry,0.02,1800,10,1109.0,0.8382,0.8382
Chronopotentiometry,0.02,1800,10,1109.0,0.8382,0.8382
Chronopotentiometry,0.02,1800,10,1109.0,0.8382,0.8382
Chronopotentiometry,0.02,1800,10,1109.0,0.8382,0.8382
Chronopotentiometry,0.02,1800,10,1109.0,0.8382,0.8382
Chronopotentiometry,0.02,1800,10,1109.0,0.8381,0.8381
Chronopotentiometry,0.02,1800,10,1109.0,0.8381,0.8381
Chronopotentiometry,0.02,1800,10,1109.0,0.8381,0.8381
Chronopotentiometry,0.02,1800,10,1110.0,0.8382,0.8382
Chronopotentiometry,0.02,1800,10,1110.0,0.8382,0.8382
Chronopotentiometry,0.02,1800,10,1110.0,0.8382,0.8382
Chronopotentiometry,0.02,1800,10,1110.0,0.8381,0.8381
Chronopotentiometry,0.02,1800,10,1110.0,0.8381,0.8381
Chronopotentiometry,0.02,1800,10,1110.0,0.8382,0.8382
Chronopotentiometry,0.02,1800,10,1110.0,0.8382,0.8382
Chronopotentiometry,0.02,1800,10,1110.0,0.8382,0.8382
Chronopotentiometry,0.02,1800,10,1110.0,0.8382,0.8382
Chronopotentiometry,0.02,1800,10,1110.0,0.8382,0.8382
Chronopotentiometry,0.02,1800,10,1111.0,0.8382,0.8382
Chronopotentiometry,0.02,1800,10,1111.0,0.8382,0.8382
Chronopotentiometry,0.02,1800,10,1111.0,0.8382,0.8382
Chronopotentiometry,0.02,1800,10,1111.0,0.8381,0.8381
Chronopotentiometry,0.02,1800,10,1111.0,0.8382,0.8382
Chronopotentiometry,0.02,1800,10,1111.0,0.8382,0.8382
Chronopotentiometry,0.02,1800,10,1111.0,0.8382,0.8382
Chronopotentiometry,0.02,1800,10,1111.0,0.8381,0.8381
Chronopotentiometry,0.02,1800,10,1111.0,0.8383,0.8383
Chronopotentiometry,0.02,1800,10,1111.0,0.8382,0.8382
Chronopotentiometry,0.02,1800,10,1112.0,0.8381,0.8381
Chronopotentiometry,0.02,1800,10,1112.0,0.8382,0.8382
Chronopotentiometry,0.02,1800,10,1112.0,0.8381,0.8381
Chronopotentiometry,0.02,1800,10,1112.0,0.8382,0.8382
Chronopotentiometry,0.02,1800,10,1112.0,0.8382,0.8382
Chronopotentiometry,0.02,1800,10,1112.0,0.8382,0.8382
Chronopotentiometry,0.02,1800,10,1112.0,0.8382,0.8382
Chronopotentiometry,0.02,1800,10,1112.0,0.8382,0.8382
Chronopotentiometry,0.02,1800,10,1112.0,0.8382,0.8382
Chronopotentiometry,0.02,1800,10,1112.0,0.8383,0.8383
Chronopotentiometry,0.02,1800,10,1113.0,0.8382,0.8382
Chronopotentiometry,0.02,1800,10,1113.0,0.8381,0.8381
Chronopotentiometry,0.02,1800,10,1113.0,0.8382,0.8382
Chronopotentiometry,0.02,1800,10,1113.0,0.8382,0.8382
Chronopotentiometry,0.02,1800,10,1113.0,0.8381,0.8381
Chronopotentiometry,0.02,1800,10,1113.0,0.8382,0.8382
Chronopotentiometry,0.02,1800,10,1113.0,0.8381,0.8381
Chronopotentiometry,0.02,1800,10,1113.0,0.8381,0.8381
Chronopotentiometry,0.02,1800,10,1113.0,0.8382,0.8382
Chronopotentiometry,0.02,1800,10,1113.0,0.8383,0.8383
Chronopotentiometry,0.02,1800,10,1114.0,0.8382,0.8382
Chronopotentiometry,0.02,1800,10,1114.0,0.8383,0.8383
Chronopotentiometry,0.02,1800,10,1114.0,0.8382,0.8382
Chronopotentiometry,0.02,1800,10,1114.0,0.8382,0.8382
Chronopotentiometry,0.02,1800,10,1114.0,0.8383,0.8383
Chronopotentiometry,0.02,1800,10,1114.0,0.8383,0.8383
Chronopotentiometry,0.02,1800,10,1114.0,0.8383,0.8383
Chronopotentiometry,0.02,1800,10,1114.0,0.8383,0.8383
Chronopotentiometry,0.02,1800,10,1114.0,0.8383,0.8383
Chronopotentiometry,0.02,1800,10,1114.0,0.8384,0.8384
Chronopotentiometry,0.02,1800,10,1115.0,0.8384,0.8384
Chronopotentiometry,0.02,1800,10,1115.0,0.8383,0.8383
Chronopotentiometry,0.02,1800,10,1115.0,0.8383,0.8383
Chronopotentiometry,0.02,1800,10,1115.0,0.8383,0.8383
Chronopotentiometry,0.02,1800,10,1115.0,0.8383,0.8383
Chronopotentiometry,0.02,1800,10,1115.0,0.8383,0.8383
Chronopotentiometry,0.02,1800,10,1115.0,0.8384,0.8384
Chronopotentiometry,0.02,1800,10,1115.0,0.8384,0.8384
Chronopotentiometry,0.02,1800,10,1115.0,0.8383,0.8383
Chronopotentiometry,0.02,1800,10,1115.0,0.8383,0.8383
Chronopotentiometry,0.02,1800,10,1116.0,0.8384,0.8384
Chronopotentiometry,0.02,1800,10,1116.0,0.8383,0.8383
Chronopotentiometry,0.02,1800,10,1116.0,0.8382,0.8382
Chronopotentiometry,0.02,1800,10,1116.0,0.8382,0.8382
Chronopotentiometry,0.02,1800,10,1116.0,0.8383,0.8383
Chronopotentiometry,0.02,1800,10,1116.0,0.8383,0.8383
Chronopotentiometry,0.02,1800,10,1116.0,0.8383,0.8383
Chronopotentiometry,0.02,1800,10,1116.0,0.8383,0.8383
Chronopotentiometry,0.02,1800,10,1116.0,0.8384,0.8384
Chronopotentiometry,0.02,1800,10,1116.0,0.8383,0.8383
Chronopotentiometry,0.02,1800,10,1117.0,0.8383,0.8383
Chronopotentiometry,0.02,1800,10,1117.0,0.8384,0.8384
Chronopotentiometry,0.02,1800,10,1117.0,0.8384,0.8384
Chronopotentiometry,0.02,1800,10,1117.0,0.8383,0.8383
Chronopotentiometry,0.02,1800,10,1117.0,0.8385,0.8385
Chronopotentiometry,0.02,1800,10,1117.0,0.8385,0.8385
Chronopotentiometry,0.02,1800,10,1117.0,0.8384,0.8384
Chronopotentiometry,0.02,1800,10,1117.0,0.8384,0.8384
Chronopotentiometry,0.02,1800,10,1117.0,0.8383,0.8383
Chronopotentiometry,0.02,1800,10,1117.0,0.8384,0.8384
Chronopotentiometry,0.02,1800,10,1118.0,0.8385,0.8385
Chronopotentiometry,0.02,1800,10,1118.0,0.8384,0.8384
Chronopotentiometry,0.02,1800,10,1118.0,0.8384,0.8384
Chronopotentiometry,0.02,1800,10,1118.0,0.8383,0.8383
Chronopotentiometry,0.02,1800,10,1118.0,0.8384,0.8384
Chronopotentiometry,0.02,1800,10,1118.0,0.8384,0.8384
Chronopotentiometry,0.02,1800,10,1118.0,0.8384,0.8384
Chronopotentiometry,0.02,1800,10,1118.0,0.8383,0.8383
Chronopotentiometry,0.02,1800,10,1118.0,0.8383,0.8383
Chronopotentiometry,0.02,1800,10,1118.0,0.8383,0.8383
Chronopotentiometry,0.02,1800,10,1119.0,0.8383,0.8383
Chronopotentiometry,0.02,1800,10,1119.0,0.8384,0.8384
Chronopotentiometry,0.02,1800,10,1119.0,0.8384,0.8384
Chronopotentiometry,0.02,1800,10,1119.0,0.8383,0.8383
Chronopotentiometry,0.02,1800,10,1119.0,0.8384,0.8384
Chronopotentiometry,0.02,1800,10,1119.0,0.8384,0.8384
Chronopotentiometry,0.02,1800,10,1119.0,0.8384,0.8384
Chronopotentiometry,0.02,1800,10,1119.0,0.8384,0.8384
Chronopotentiometry,0.02,1800,10,1119.0,0.8384,0.8384
Chronopotentiometry,0.02,1800,10,1119.0,0.8384,0.8384
Chronopotentiometry,0.02,1800,10,1120.0,0.8384,0.8384
Chronopotentiometry,0.02,1800,10,1120.0,0.8384,0.8384
Chronopotentiometry,0.02,1800,10,1120.0,0.8384,0.8384
Chronopotentiometry,0.02,1800,10,1120.0,0.8383,0.8383
Chronopotentiometry,0.02,1800,10,1120.0,0.8384,0.8384
Chronopotentiometry,0.02,1800,10,1120.0,0.8384,0.8384
Chronopotentiometry,0.02,1800,10,1120.0,0.8383,0.8383
Chronopotentiometry,0.02,1800,10,1120.0,0.8384,0.8384
Chronopotentiometry,0.02,1800,10,1120.0,0.8384,0.8384
Chronopotentiometry,0.02,1800,10,1120.0,0.8384,0.8384
Chronopotentiometry,0.02,1800,10,1121.0,0.8384,0.8384
Chronopotentiometry,0.02,1800,10,1121.0,0.8384,0.8384
Chronopotentiometry,0.02,1800,10,1121.0,0.8384,0.8384
Chronopotentiometry,0.02,1800,10,1121.0,0.8384,0.8384
Chronopotentiometry,0.02,1800,10,1121.0,0.8385,0.8385
Chronopotentiometry,0.02,1800,10,1121.0,0.8385,0.8385
Chronopotentiometry,0.02,1800,10,1121.0,0.8385,0.8385
Chronopotentiometry,0.02,1800,10,1121.0,0.8384,0.8384
Chronopotentiometry,0.02,1800,10,1121.0,0.8384,0.8384
Chronopotentiometry,0.02,1800,10,1121.0,0.8384,0.8384
Chronopotentiometry,0.02,1800,10,1122.0,0.8384,0.8384
Chronopotentiometry,0.02,1800,10,1122.0,0.8384,0.8384
Chronopotentiometry,0.02,1800,10,1122.0,0.8384,0.8384
Chronopotentiometry,0.02,1800,10,1122.0,0.8383,0.8383
Chronopotentiometry,0.02,1800,10,1122.0,0.8384,0.8384
Chronopotentiometry,0.02,1800,10,1122.0,0.8384,0.8384
Chronopotentiometry,0.02,1800,10,1122.0,0.8384,0.8384
Chronopotentiometry,0.02,1800,10,1122.0,0.8385,0.8385
Chronopotentiometry,0.02,1800,10,1122.0,0.8384,0.8384
Chronopotentiometry,0.02,1800,10,1122.0,0.8383,0.8383
Chronopotentiometry,0.02,1800,10,1123.0,0.8384,0.8384
Chronopotentiometry,0.02,1800,10,1123.0,0.8385,0.8385
Chronopotentiometry,0.02,1800,10,1123.0,0.8384,0.8384
Chronopotentiometry,0.02,1800,10,1123.0,0.8384,0.8384
Chronopotentiometry,0.02,1800,10,1123.0,0.8384,0.8384
Chronopotentiometry,0.02,1800,10,1123.0,0.8385,0.8385
Chronopotentiometry,0.02,1800,10,1123.0,0.8385,0.8385
Chronopotentiometry,0.02,1800,10,1123.0,0.8384,0.8384
Chronopotentiometry,0.02,1800,10,1123.0,0.8384,0.8384
Chronopotentiometry,0.02,1800,10,1123.0,0.8385,0.8385
Chronopotentiometry,0.02,1800,10,1124.0,0.8385,0.8385
Chronopotentiometry,0.02,1800,10,1124.0,0.8384,0.8384
Chronopotentiometry,0.02,1800,10,1124.0,0.8384,0.8384
Chronopotentiometry,0.02,1800,10,1124.0,0.8385,0.8385
Chronopotentiometry,0.02,1800,10,1124.0,0.8385,0.8385
Chronopotentiometry,0.02,1800,10,1124.0,0.8384,0.8384
Chronopotentiometry,0.02,1800,10,1124.0,0.8385,0.8385
Chronopotentiometry,0.02,1800,10,1124.0,0.8385,0.8385
Chronopotentiometry,0.02,1800,10,1124.0,0.8385,0.8385
Chronopotentiometry,0.02,1800,10,1124.0,0.8385,0.8385
Chronopotentiometry,0.02,1800,10,1125.0,0.8384,0.8384
Chronopotentiometry,0.02,1800,10,1125.0,0.8385,0.8385
Chronopotentiometry,0.02,1800,10,1125.0,0.8385,0.8385
Chronopotentiometry,0.02,1800,10,1125.0,0.8386,0.8386
Chronopotentiometry,0.02,1800,10,1125.0,0.8386,0.8386
Chronopotentiometry,0.02,1800,10,1125.0,0.8385,0.8385
Chronopotentiometry,0.02,1800,10,1125.0,0.8385,0.8385
Chronopotentiometry,0.02,1800,10,1125.0,0.8386,0.8386
Chronopotentiometry,0.02,1800,10,1125.0,0.8386,0.8386
Chronopotentiometry,0.02,1800,10,1125.0,0.8386,0.8386
Chronopotentiometry,0.02,1800,10,1126.0,0.8386,0.8386
Chronopotentiometry,0.02,1800,10,1126.0,0.8386,0.8386
Chronopotentiometry,0.02,1800,10,1126.0,0.8386,0.8386
Chronopotentiometry,0.02,1800,10,1126.0,0.8386,0.8386
Chronopotentiometry,0.02,1800,10,1126.0,0.8386,0.8386
Chronopotentiometry,0.02,1800,10,1126.0,0.8386,0.8386
Chronopotentiometry,0.02,1800,10,1126.0,0.8384,0.8384
Chronopotentiometry,0.02,1800,10,1126.0,0.8384,0.8384
Chronopotentiometry,0.02,1800,10,1126.0,0.8385,0.8385
Chronopotentiometry,0.02,1800,10,1126.0,0.8386,0.8386
Chronopotentiometry,0.02,1800,10,1127.0,0.8385,0.8385
Chronopotentiometry,0.02,1800,10,1127.0,0.8385,0.8385
Chronopotentiometry,0.02,1800,10,1127.0,0.8384,0.8384
Chronopotentiometry,0.02,1800,10,1127.0,0.8384,0.8384
Chronopotentiometry,0.02,1800,10,1127.0,0.8385,0.8385
Chronopotentiometry,0.02,1800,10,1127.0,0.8385,0.8385
Chronopotentiometry,0.02,1800,10,1127.0,0.8385,0.8385
Chronopotentiometry,0.02,1800,10,1127.0,0.8385,0.8385
Chronopotentiometry,0.02,1800,10,1127.0,0.8386,0.8386
Chronopotentiometry,0.02,1800,10,1127.0,0.8386,0.8386
Chronopotentiometry,0.02,1800,10,1128.0,0.8385,0.8385
Chronopotentiometry,0.02,1800,10,1128.0,0.8385,0.8385
Chronopotentiometry,0.02,1800,10,1128.0,0.8385,0.8385
Chronopotentiometry,0.02,1800,10,1128.0,0.8385,0.8385
Chronopotentiometry,0.02,1800,10,1128.0,0.8384,0.8384
Chronopotentiometry,0.02,1800,10,1128.0,0.8385,0.8385
Chronopotentiometry,0.02,1800,10,1128.0,0.8386,0.8386
Chronopotentiometry,0.02,1800,10,1128.0,0.8386,0.8386
Chronopotentiometry,0.02,1800,10,1128.0,0.8385,0.8385
Chronopotentiometry,0.02,1800,10,1128.0,0.8385,0.8385
Chronopotentiometry,0.02,1800,10,1129.0,0.8385,0.8385
Chronopotentiometry,0.02,1800,10,1129.0,0.8385,0.8385
Chronopotentiometry,0.02,1800,10,1129.0,0.8386,0.8386
Chronopotentiometry,0.02,1800,10,1129.0,0.8386,0.8386
Chronopotentiometry,0.02,1800,10,1129.0,0.8385,0.8385
Chronopotentiometry,0.02,1800,10,1129.0,0.8386,0.8386
Chronopotentiometry,0.02,1800,10,1129.0,0.8386,0.8386
Chronopotentiometry,0.02,1800,10,1129.0,0.8386,0.8386
Chronopotentiometry,0.02,1800,10,1129.0,0.8387,0.8387
Chronopotentiometry,0.02,1800,10,1129.0,0.8386,0.8386
Chronopotentiometry,0.02,1800,10,1130.0,0.8387,0.8387
Chronopotentiometry,0.02,1800,10,1130.0,0.8386,0.8386
Chronopotentiometry,0.02,1800,10,1130.0,0.8386,0.8386
Chronopotentiometry,0.02,1800,10,1130.0,0.8387,0.8387
Chronopotentiometry,0.02,1800,10,1130.0,0.8386,0.8386
Chronopotentiometry,0.02,1800,10,1130.0,0.8386,0.8386
Chronopotentiometry,0.02,1800,10,1130.0,0.8386,0.8386
Chronopotentiometry,0.02,1800,10,1130.0,0.8387,0.8387
Chronopotentiometry,0.02,1800,10,1130.0,0.8387,0.8387
Chronopotentiometry,0.02,1800,10,1130.0,0.8387,0.8387
Chronopotentiometry,0.02,1800,10,1131.0,0.8387,0.8387
Chronopotentiometry,0.02,1800,10,1131.0,0.8386,0.8386
Chronopotentiometry,0.02,1800,10,1131.0,0.8386,0.8386
Chronopotentiometry,0.02,1800,10,1131.0,0.8386,0.8386
Chronopotentiometry,0.02,1800,10,1131.0,0.8387,0.8387
Chronopotentiometry,0.02,1800,10,1131.0,0.8387,0.8387
Chronopotentiometry,0.02,1800,10,1131.0,0.8386,0.8386
Chronopotentiometry,0.02,1800,10,1131.0,0.8387,0.8387
Chronopotentiometry,0.02,1800,10,1131.0,0.8387,0.8387
Chronopotentiometry,0.02,1800,10,1131.0,0.8386,0.8386
Chronopotentiometry,0.02,1800,10,1132.0,0.8386,0.8386
Chronopotentiometry,0.02,1800,10,1132.0,0.8387,0.8387
Chronopotentiometry,0.02,1800,10,1132.0,0.8387,0.8387
Chronopotentiometry,0.02,1800,10,1132.0,0.8386,0.8386
Chronopotentiometry,0.02,1800,10,1132.0,0.8386,0.8386
Chronopotentiometry,0.02,1800,10,1132.0,0.8386,0.8386
Chronopotentiometry,0.02,1800,10,1132.0,0.8387,0.8387
Chronopotentiometry,0.02,1800,10,1132.0,0.8387,0.8387
Chronopotentiometry,0.02,1800,10,1132.0,0.8386,0.8386
Chronopotentiometry,0.02,1800,10,1132.0,0.8387,0.8387
Chronopotentiometry,0.02,1800,10,1133.0,0.8386,0.8386
Chronopotentiometry,0.02,1800,10,1133.0,0.8387,0.8387
Chronopotentiometry,0.02,1800,10,1133.0,0.8386,0.8386
Chronopotentiometry,0.02,1800,10,1133.0,0.8387,0.8387
Chronopotentiometry,0.02,1800,10,1133.0,0.8387,0.8387
Chronopotentiometry,0.02,1800,10,1133.0,0.8387,0.8387
Chronopotentiometry,0.02,1800,10,1133.0,0.8388,0.8388
Chronopotentiometry,0.02,1800,10,1133.0,0.8388,0.8388
Chronopotentiometry,0.02,1800,10,1133.0,0.8387,0.8387
Chronopotentiometry,0.02,1800,10,1133.0,0.8386,0.8386
Chronopotentiometry,0.02,1800,10,1134.0,0.8387,0.8387
Chronopotentiometry,0.02,1800,10,1134.0,0.8388,0.8388
Chronopotentiometry,0.02,1800,10,1134.0,0.8389,0.8389
Chronopotentiometry,0.02,1800,10,1134.0,0.8387,0.8387
Chronopotentiometry,0.02,1800,10,1134.0,0.8386,0.8386
Chronopotentiometry,0.02,1800,10,1134.0,0.8387,0.8387
Chronopotentiometry,0.02,1800,10,1134.0,0.8387,0.8387
Chronopotentiometry,0.02,1800,10,1134.0,0.8387,0.8387
Chronopotentiometry,0.02,1800,10,1134.0,0.8388,0.8388
Chronopotentiometry,0.02,1800,10,1134.0,0.8388,0.8388
Chronopotentiometry,0.02,1800,10,1135.0,0.8388,0.8388
Chronopotentiometry,0.02,1800,10,1135.0,0.8388,0.8388
Chronopotentiometry,0.02,1800,10,1135.0,0.8388,0.8388
Chronopotentiometry,0.02,1800,10,1135.0,0.8388,0.8388
Chronopotentiometry,0.02,1800,10,1135.0,0.8387,0.8387
Chronopotentiometry,0.02,1800,10,1135.0,0.8387,0.8387
Chronopotentiometry,0.02,1800,10,1135.0,0.8387,0.8387
Chronopotentiometry,0.02,1800,10,1135.0,0.8387,0.8387
Chronopotentiometry,0.02,1800,10,1135.0,0.8387,0.8387
Chronopotentiometry,0.02,1800,10,1135.0,0.8388,0.8388
Chronopotentiometry,0.02,1800,10,1136.0,0.8387,0.8387
Chronopotentiometry,0.02,1800,10,1136.0,0.8387,0.8387
Chronopotentiometry,0.02,1800,10,1136.0,0.8387,0.8387
Chronopotentiometry,0.02,1800,10,1136.0,0.8388,0.8388
Chronopotentiometry,0.02,1800,10,1136.0,0.8388,0.8388
Chronopotentiometry,0.02,1800,10,1136.0,0.8387,0.8387
Chronopotentiometry,0.02,1800,10,1136.0,0.8387,0.8387
Chronopotentiometry,0.02,1800,10,1136.0,0.8388,0.8388
Chronopotentiometry,0.02,1800,10,1136.0,0.8388,0.8388
Chronopotentiometry,0.02,1800,10,1136.0,0.8388,0.8388
Chronopotentiometry,0.02,1800,10,1137.0,0.8388,0.8388
Chronopotentiometry,0.02,1800,10,1137.0,0.8389,0.8389
Chronopotentiometry,0.02,1800,10,1137.0,0.8389,0.8389
Chronopotentiometry,0.02,1800,10,1137.0,0.8389,0.8389
Chronopotentiometry,0.02,1800,10,1137.0,0.8387,0.8387
Chronopotentiometry,0.02,1800,10,1137.0,0.8388,0.8388
Chronopotentiometry,0.02,1800,10,1137.0,0.8388,0.8388
Chronopotentiometry,0.02,1800,10,1137.0,0.8387,0.8387
Chronopotentiometry,0.02,1800,10,1137.0,0.8388,0.8388
Chronopotentiometry,0.02,1800,10,1137.0,0.8388,0.8388
Chronopotentiometry,0.02,1800,10,1138.0,0.8387,0.8387
Chronopotentiometry,0.02,1800,10,1138.0,0.8387,0.8387
Chronopotentiometry,0.02,1800,10,1138.0,0.8387,0.8387
Chronopotentiometry,0.02,1800,10,1138.0,0.8387,0.8387
Chronopotentiometry,0.02,1800,10,1138.0,0.8387,0.8387
Chronopotentiometry,0.02,1800,10,1138.0,0.8388,0.8388
Chronopotentiometry,0.02,1800,10,1138.0,0.8387,0.8387
Chronopotentiometry,0.02,1800,10,1138.0,0.8387,0.8387
Chronopotentiometry,0.02,1800,10,1138.0,0.8388,0.8388
Chronopotentiometry,0.02,1800,10,1138.0,0.8389,0.8389
Chronopotentiometry,0.02,1800,10,1139.0,0.8388,0.8388
Chronopotentiometry,0.02,1800,10,1139.0,0.8388,0.8388
Chronopotentiometry,0.02,1800,10,1139.0,0.8389,0.8389
Chronopotentiometry,0.02,1800,10,1139.0,0.8389,0.8389
Chronopotentiometry,0.02,1800,10,1139.0,0.8389,0.8389
Chronopotentiometry,0.02,1800,10,1139.0,0.8389,0.8389
Chronopotentiometry,0.02,1800,10,1139.0,0.8389,0.8389
Chronopotentiometry,0.02,1800,10,1139.0,0.8389,0.8389
Chronopotentiometry,0.02,1800,10,1139.0,0.8388,0.8388
Chronopotentiometry,0.02,1800,10,1139.0,0.8389,0.8389
Chronopotentiometry,0.02,1800,10,1140.0,0.8389,0.8389
Chronopotentiometry,0.02,1800,10,1140.0,0.8389,0.8389
Chronopotentiometry,0.02,1800,10,1140.0,0.8389,0.8389
Chronopotentiometry,0.02,1800,10,1140.0,0.8389,0.8389
Chronopotentiometry,0.02,1800,10,1140.0,0.839,0.839
Chronopotentiometry,0.02,1800,10,1140.0,0.8388,0.8388
Chronopotentiometry,0.02,1800,10,1140.0,0.8389,0.8389
Chronopotentiometry,0.02,1800,10,1140.0,0.8389,0.8389
Chronopotentiometry,0.02,1800,10,1140.0,0.8389,0.8389
Chronopotentiometry,0.02,1800,10,1140.0,0.8389,0.8389
Chronopotentiometry,0.02,1800,10,1141.0,0.8389,0.8389
Chronopotentiometry,0.02,1800,10,1141.0,0.839,0.839
Chronopotentiometry,0.02,1800,10,1141.0,0.8389,0.8389
Chronopotentiometry,0.02,1800,10,1141.0,0.8387,0.8387
Chronopotentiometry,0.02,1800,10,1141.0,0.8388,0.8388
Chronopotentiometry,0.02,1800,10,1141.0,0.8389,0.8389
Chronopotentiometry,0.02,1800,10,1141.0,0.8389,0.8389
Chronopotentiometry,0.02,1800,10,1141.0,0.8389,0.8389
Chronopotentiometry,0.02,1800,10,1141.0,0.8389,0.8389
Chronopotentiometry,0.02,1800,10,1141.0,0.8388,0.8388
Chronopotentiometry,0.02,1800,10,1142.0,0.8388,0.8388
Chronopotentiometry,0.02,1800,10,1142.0,0.8388,0.8388
Chronopotentiometry,0.02,1800,10,1142.0,0.8389,0.8389
Chronopotentiometry,0.02,1800,10,1142.0,0.8388,0.8388
Chronopotentiometry,0.02,1800,10,1142.0,0.8389,0.8389
Chronopotentiometry,0.02,1800,10,1142.0,0.8389,0.8389
Chronopotentiometry,0.02,1800,10,1142.0,0.8389,0.8389
Chronopotentiometry,0.02,1800,10,1142.0,0.8389,0.8389
Chronopotentiometry,0.02,1800,10,1142.0,0.8389,0.8389
Chronopotentiometry,0.02,1800,10,1142.0,0.8389,0.8389
Chronopotentiometry,0.02,1800,10,1143.0,0.839,0.839
Chronopotentiometry,0.02,1800,10,1143.0,0.839,0.839
Chronopotentiometry,0.02,1800,10,1143.0,0.8389,0.8389
Chronopotentiometry,0.02,1800,10,1143.0,0.8389,0.8389
Chronopotentiometry,0.02,1800,10,1143.0,0.839,0.839
Chronopotentiometry,0.02,1800,10,1143.0,0.839,0.839
Chronopotentiometry,0.02,1800,10,1143.0,0.839,0.839
Chronopotentiometry,0.02,1800,10,1143.0,0.8389,0.8389
Chronopotentiometry,0.02,1800,10,1143.0,0.839,0.839
Chronopotentiometry,0.02,1800,10,1143.0,0.8389,0.8389
Chronopotentiometry,0.02,1800,10,1144.0,0.8389,0.8389
Chronopotentiometry,0.02,1800,10,1144.0,0.8389,0.8389
Chronopotentiometry,0.02,1800,10,1144.0,0.8389,0.8389
Chronopotentiometry,0.02,1800,10,1144.0,0.8389,0.8389
Chronopotentiometry,0.02,1800,10,1144.0,0.8389,0.8389
Chronopotentiometry,0.02,1800,10,1144.0,0.8388,0.8388
Chronopotentiometry,0.02,1800,10,1144.0,0.8389,0.8389
Chronopotentiometry,0.02,1800,10,1144.0,0.8389,0.8389
Chronopotentiometry,0.02,1800,10,1144.0,0.839,0.839
Chronopotentiometry,0.02,1800,10,1144.0,0.839,0.839
Chronopotentiometry,0.02,1800,10,1145.0,0.839,0.839
Chronopotentiometry,0.02,1800,10,1145.0,0.8389,0.8389
Chronopotentiometry,0.02,1800,10,1145.0,0.839,0.839
Chronopotentiometry,0.02,1800,10,1145.0,0.839,0.839
Chronopotentiometry,0.02,1800,10,1145.0,0.839,0.839
Chronopotentiometry,0.02,1800,10,1145.0,0.8391,0.8391
Chronopotentiometry,0.02,1800,10,1145.0,0.839,0.839
Chronopotentiometry,0.02,1800,10,1145.0,0.839,0.839
Chronopotentiometry,0.02,1800,10,1145.0,0.839,0.839
Chronopotentiometry,0.02,1800,10,1145.0,0.839,0.839
Chronopotentiometry,0.02,1800,10,1146.0,0.8391,0.8391
Chronopotentiometry,0.02,1800,10,1146.0,0.8389,0.8389
Chronopotentiometry,0.02,1800,10,1146.0,0.839,0.839
Chronopotentiometry,0.02,1800,10,1146.0,0.8389,0.8389
Chronopotentiometry,0.02,1800,10,1146.0,0.839,0.839
Chronopotentiometry,0.02,1800,10,1146.0,0.839,0.839
Chronopotentiometry,0.02,1800,10,1146.0,0.8391,0.8391
Chronopotentiometry,0.02,1800,10,1146.0,0.8391,0.8391
Chronopotentiometry,0.02,1800,10,1146.0,0.8391,0.8391
Chronopotentiometry,0.02,1800,10,1146.0,0.839,0.839
Chronopotentiometry,0.02,1800,10,1147.0,0.839,0.839
Chronopotentiometry,0.02,1800,10,1147.0,0.839,0.839
Chronopotentiometry,0.02,1800,10,1147.0,0.839,0.839
Chronopotentiometry,0.02,1800,10,1147.0,0.839,0.839
Chronopotentiometry,0.02,1800,10,1147.0,0.839,0.839
Chronopotentiometry,0.02,1800,10,1147.0,0.8391,0.8391
Chronopotentiometry,0.02,1800,10,1147.0,0.839,0.839
Chronopotentiometry,0.02,1800,10,1147.0,0.839,0.839
Chronopotentiometry,0.02,1800,10,1147.0,0.839,0.839
Chronopotentiometry,0.02,1800,10,1147.0,0.8391,0.8391
Chronopotentiometry,0.02,1800,10,1148.0,0.8391,0.8391
Chronopotentiometry,0.02,1800,10,1148.0,0.8391,0.8391
Chronopotentiometry,0.02,1800,10,1148.0,0.8391,0.8391
Chronopotentiometry,0.02,1800,10,1148.0,0.839,0.839
Chronopotentiometry,0.02,1800,10,1148.0,0.8391,0.8391
Chronopotentiometry,0.02,1800,10,1148.0,0.8391,0.8391
Chronopotentiometry,0.02,1800,10,1148.0,0.8391,0.8391
Chronopotentiometry,0.02,1800,10,1148.0,0.8392,0.8392
Chronopotentiometry,0.02,1800,10,1148.0,0.8391,0.8391
Chronopotentiometry,0.02,1800,10,1148.0,0.8391,0.8391
Chronopotentiometry,0.02,1800,10,1149.0,0.8391,0.8391
Chronopotentiometry,0.02,1800,10,1149.0,0.8391,0.8391
Chronopotentiometry,0.02,1800,10,1149.0,0.8391,0.8391
Chronopotentiometry,0.02,1800,10,1149.0,0.8391,0.8391
Chronopotentiometry,0.02,1800,10,1149.0,0.8391,0.8391
Chronopotentiometry,0.02,1800,10,1149.0,0.8391,0.8391
Chronopotentiometry,0.02,1800,10,1149.0,0.8391,0.8391
Chronopotentiometry,0.02,1800,10,1149.0,0.8391,0.8391
Chronopotentiometry,0.02,1800,10,1149.0,0.8391,0.8391
Chronopotentiometry,0.02,1800,10,1149.0,0.8391,0.8391
Chronopotentiometry,0.02,1800,10,1150.0,0.8391,0.8391
Chronopotentiometry,0.02,1800,10,1150.0,0.8391,0.8391
Chronopotentiometry,0.02,1800,10,1150.0,0.8391,0.8391
Chronopotentiometry,0.02,1800,10,1150.0,0.8393,0.8393
Chronopotentiometry,0.02,1800,10,1150.0,0.8392,0.8392
Chronopotentiometry,0.02,1800,10,1150.0,0.839,0.839
Chronopotentiometry,0.02,1800,10,1150.0,0.839,0.839
Chronopotentiometry,0.02,1800,10,1150.0,0.8391,0.8391
Chronopotentiometry,0.02,1800,10,1150.0,0.8392,0.8392
Chronopotentiometry,0.02,1800,10,1150.0,0.8391,0.8391
Chronopotentiometry,0.02,1800,10,1151.0,0.839,0.839
Chronopotentiometry,0.02,1800,10,1151.0,0.8391,0.8391
Chronopotentiometry,0.02,1800,10,1151.0,0.8391,0.8391
Chronopotentiometry,0.02,1800,10,1151.0,0.8391,0.8391
Chronopotentiometry,0.02,1800,10,1151.0,0.8391,0.8391
Chronopotentiometry,0.02,1800,10,1151.0,0.8391,0.8391
Chronopotentiometry,0.02,1800,10,1151.0,0.8391,0.8391
Chronopotentiometry,0.02,1800,10,1151.0,0.8392,0.8392
Chronopotentiometry,0.02,1800,10,1151.0,0.8392,0.8392
Chronopotentiometry,0.02,1800,10,1151.0,0.8391,0.8391
Chronopotentiometry,0.02,1800,10,1152.0,0.8391,0.8391
Chronopotentiometry,0.02,1800,10,1152.0,0.8391,0.8391
Chronopotentiometry,0.02,1800,10,1152.0,0.8392,0.8392
Chronopotentiometry,0.02,1800,10,1152.0,0.8392,0.8392
Chronopotentiometry,0.02,1800,10,1152.0,0.8392,0.8392
Chronopotentiometry,0.02,1800,10,1152.0,0.8392,0.8392
Chronopotentiometry,0.02,1800,10,1152.0,0.8392,0.8392
Chronopotentiometry,0.02,1800,10,1152.0,0.8392,0.8392
Chronopotentiometry,0.02,1800,10,1152.0,0.8392,0.8392
Chronopotentiometry,0.02,1800,10,1152.0,0.8391,0.8391
Chronopotentiometry,0.02,1800,10,1153.0,0.8391,0.8391
Chronopotentiometry,0.02,1800,10,1153.0,0.8392,0.8392
Chronopotentiometry,0.02,1800,10,1153.0,0.8392,0.8392
Chronopotentiometry,0.02,1800,10,1153.0,0.8391,0.8391
Chronopotentiometry,0.02,1800,10,1153.0,0.8391,0.8391
Chronopotentiometry,0.02,1800,10,1153.0,0.8391,0.8391
Chronopotentiometry,0.02,1800,10,1153.0,0.8391,0.8391
Chronopotentiometry,0.02,1800,10,1153.0,0.8392,0.8392
Chronopotentiometry,0.02,1800,10,1153.0,0.8391,0.8391
Chronopotentiometry,0.02,1800,10,1153.0,0.8391,0.8391
Chronopotentiometry,0.02,1800,10,1154.0,0.8392,0.8392
Chronopotentiometry,0.02,1800,10,1154.0,0.8392,0.8392
Chronopotentiometry,0.02,1800,10,1154.0,0.8392,0.8392
Chronopotentiometry,0.02,1800,10,1154.0,0.8392,0.8392
Chronopotentiometry,0.02,1800,10,1154.0,0.8392,0.8392
Chronopotentiometry,0.02,1800,10,1154.0,0.8391,0.8391
Chronopotentiometry,0.02,1800,10,1154.0,0.8391,0.8391
Chronopotentiometry,0.02,1800,10,1154.0,0.8391,0.8391
Chronopotentiometry,0.02,1800,10,1154.0,0.839,0.839
Chronopotentiometry,0.02,1800,10,1154.0,0.8391,0.8391
Chronopotentiometry,0.02,1800,10,1155.0,0.8391,0.8391
Chronopotentiometry,0.02,1800,10,1155.0,0.8391,0.8391
Chronopotentiometry,0.02,1800,10,1155.0,0.8392,0.8392
Chronopotentiometry,0.02,1800,10,1155.0,0.8391,0.8391
Chronopotentiometry,0.02,1800,10,1155.0,0.8392,0.8392
Chronopotentiometry,0.02,1800,10,1155.0,0.8392,0.8392
Chronopotentiometry,0.02,1800,10,1155.0,0.8391,0.8391
Chronopotentiometry,0.02,1800,10,1155.0,0.8392,0.8392
Chronopotentiometry,0.02,1800,10,1155.0,0.8392,0.8392
Chronopotentiometry,0.02,1800,10,1155.0,0.8391,0.8391
Chronopotentiometry,0.02,1800,10,1156.0,0.8392,0.8392
Chronopotentiometry,0.02,1800,10,1156.0,0.8393,0.8393
Chronopotentiometry,0.02,1800,10,1156.0,0.8392,0.8392
Chronopotentiometry,0.02,1800,10,1156.0,0.8393,0.8393
Chronopotentiometry,0.02,1800,10,1156.0,0.8392,0.8392
Chronopotentiometry,0.02,1800,10,1156.0,0.8392,0.8392
Chronopotentiometry,0.02,1800,10,1156.0,0.8393,0.8393
Chronopotentiometry,0.02,1800,10,1156.0,0.8392,0.8392
Chronopotentiometry,0.02,1800,10,1156.0,0.8392,0.8392
Chronopotentiometry,0.02,1800,10,1156.0,0.8391,0.8391
Chronopotentiometry,0.02,1800,10,1157.0,0.8391,0.8391
Chronopotentiometry,0.02,1800,10,1157.0,0.839,0.839
Chronopotentiometry,0.02,1800,10,1157.0,0.8391,0.8391
Chronopotentiometry,0.02,1800,10,1157.0,0.8391,0.8391
Chronopotentiometry,0.02,1800,10,1157.0,0.8392,0.8392
Chronopotentiometry,0.02,1800,10,1157.0,0.8392,0.8392
Chronopotentiometry,0.02,1800,10,1157.0,0.8392,0.8392
Chronopotentiometry,0.02,1800,10,1157.0,0.8392,0.8392
Chronopotentiometry,0.02,1800,10,1157.0,0.8391,0.8391
Chronopotentiometry,0.02,1800,10,1157.0,0.8391,0.8391
Chronopotentiometry,0.02,1800,10,1158.0,0.8392,0.8392
Chronopotentiometry,0.02,1800,10,1158.0,0.8392,0.8392
Chronopotentiometry,0.02,1800,10,1158.0,0.8391,0.8391
Chronopotentiometry,0.02,1800,10,1158.0,0.839,0.839
Chronopotentiometry,0.02,1800,10,1158.0,0.8391,0.8391
Chronopotentiometry,0.02,1800,10,1158.0,0.8391,0.8391
Chronopotentiometry,0.02,1800,10,1158.0,0.8391,0.8391
Chronopotentiometry,0.02,1800,10,1158.0,0.8392,0.8392
Chronopotentiometry,0.02,1800,10,1158.0,0.8391,0.8391
Chronopotentiometry,0.02,1800,10,1158.0,0.8392,0.8392
Chronopotentiometry,0.02,1800,10,1159.0,0.8391,0.8391
Chronopotentiometry,0.02,1800,10,1159.0,0.8393,0.8393
Chronopotentiometry,0.02,1800,10,1159.0,0.8392,0.8392
Chronopotentiometry,0.02,1800,10,1159.0,0.8392,0.8392
Chronopotentiometry,0.02,1800,10,1159.0,0.8391,0.8391
Chronopotentiometry,0.02,1800,10,1159.0,0.8391,0.8391
Chronopotentiometry,0.02,1800,10,1159.0,0.8391,0.8391
Chronopotentiometry,0.02,1800,10,1159.0,0.8391,0.8391
Chronopotentiometry,0.02,1800,10,1159.0,0.8391,0.8391
Chronopotentiometry,0.02,1800,10,1159.0,0.8391,0.8391
Chronopotentiometry,0.02,1800,10,1160.0,0.8392,0.8392
Chronopotentiometry,0.02,1800,10,1160.0,0.8392,0.8392
Chronopotentiometry,0.02,1800,10,1160.0,0.8392,0.8392
Chronopotentiometry,0.02,1800,10,1160.0,0.8391,0.8391
Chronopotentiometry,0.02,1800,10,1160.0,0.8392,0.8392
Chronopotentiometry,0.02,1800,10,1160.0,0.8392,0.8392
Chronopotentiometry,0.02,1800,10,1160.0,0.8393,0.8393
Chronopotentiometry,0.02,1800,10,1160.0,0.8392,0.8392
Chronopotentiometry,0.02,1800,10,1160.0,0.8392,0.8392
Chronopotentiometry,0.02,1800,10,1160.0,0.8392,0.8392
Chronopotentiometry,0.02,1800,10,1161.0,0.8393,0.8393
Chronopotentiometry,0.02,1800,10,1161.0,0.8393,0.8393
Chronopotentiometry,0.02,1800,10,1161.0,0.8392,0.8392
Chronopotentiometry,0.02,1800,10,1161.0,0.8392,0.8392
Chronopotentiometry,0.02,1800,10,1161.0,0.8392,0.8392
Chronopotentiometry,0.02,1800,10,1161.0,0.8392,0.8392
Chronopotentiometry,0.02,1800,10,1161.0,0.8392,0.8392
Chronopotentiometry,0.02,1800,10,1161.0,0.8393,0.8393
Chronopotentiometry,0.02,1800,10,1161.0,0.8393,0.8393
Chronopotentiometry,0.02,1800,10,1161.0,0.8393,0.8393
Chronopotentiometry,0.02,1800,10,1162.0,0.8392,0.8392
Chronopotentiometry,0.02,1800,10,1162.0,0.8392,0.8392
Chronopotentiometry,0.02,1800,10,1162.0,0.8393,0.8393
Chronopotentiometry,0.02,1800,10,1162.0,0.8393,0.8393
Chronopotentiometry,0.02,1800,10,1162.0,0.8393,0.8393
Chronopotentiometry,0.02,1800,10,1162.0,0.8392,0.8392
Chronopotentiometry,0.02,1800,10,1162.0,0.8392,0.8392
Chronopotentiometry,0.02,1800,10,1162.0,0.8393,0.8393
Chronopotentiometry,0.02,1800,10,1162.0,0.8392,0.8392
Chronopotentiometry,0.02,1800,10,1162.0,0.8393,0.8393
Chronopotentiometry,0.02,1800,10,1163.0,0.8392,0.8392
Chronopotentiometry,0.02,1800,10,1163.0,0.8392,0.8392
Chronopotentiometry,0.02,1800,10,1163.0,0.8392,0.8392
Chronopotentiometry,0.02,1800,10,1163.0,0.8392,0.8392
Chronopotentiometry,0.02,1800,10,1163.0,0.8392,0.8392
Chronopotentiometry,0.02,1800,10,1163.0,0.8392,0.8392
Chronopotentiometry,0.02,1800,10,1163.0,0.8393,0.8393
Chronopotentiometry,0.02,1800,10,1163.0,0.8392,0.8392
Chronopotentiometry,0.02,1800,10,1163.0,0.8393,0.8393
Chronopotentiometry,0.02,1800,10,1163.0,0.8393,0.8393
Chronopotentiometry,0.02,1800,10,1164.0,0.8393,0.8393
Chronopotentiometry,0.02,1800,10,1164.0,0.8393,0.8393
Chronopotentiometry,0.02,1800,10,1164.0,0.8394,0.8394
Chronopotentiometry,0.02,1800,10,1164.0,0.8394,0.8394
Chronopotentiometry,0.02,1800,10,1164.0,0.8393,0.8393
Chronopotentiometry,0.02,1800,10,1164.0,0.8394,0.8394
Chronopotentiometry,0.02,1800,10,1164.0,0.8393,0.8393
Chronopotentiometry,0.02,1800,10,1164.0,0.8393,0.8393
Chronopotentiometry,0.02,1800,10,1164.0,0.8393,0.8393
Chronopotentiometry,0.02,1800,10,1164.0,0.8393,0.8393
Chronopotentiometry,0.02,1800,10,1165.0,0.8393,0.8393
Chronopotentiometry,0.02,1800,10,1165.0,0.8393,0.8393
Chronopotentiometry,0.02,1800,10,1165.0,0.8393,0.8393
Chronopotentiometry,0.02,1800,10,1165.0,0.8393,0.8393
Chronopotentiometry,0.02,1800,10,1165.0,0.8393,0.8393
Chronopotentiometry,0.02,1800,10,1165.0,0.8393,0.8393
Chronopotentiometry,0.02,1800,10,1165.0,0.8393,0.8393
Chronopotentiometry,0.02,1800,10,1165.0,0.8393,0.8393
Chronopotentiometry,0.02,1800,10,1165.0,0.8393,0.8393
Chronopotentiometry,0.02,1800,10,1165.0,0.8392,0.8392
Chronopotentiometry,0.02,1800,10,1166.0,0.8392,0.8392
Chronopotentiometry,0.02,1800,10,1166.0,0.8392,0.8392
Chronopotentiometry,0.02,1800,10,1166.0,0.8393,0.8393
Chronopotentiometry,0.02,1800,10,1166.0,0.8393,0.8393
Chronopotentiometry,0.02,1800,10,1166.0,0.8393,0.8393
Chronopotentiometry,0.02,1800,10,1166.0,0.8394,0.8394
Chronopotentiometry,0.02,1800,10,1166.0,0.8393,0.8393
Chronopotentiometry,0.02,1800,10,1166.0,0.8393,0.8393
Chronopotentiometry,0.02,1800,10,1166.0,0.8394,0.8394
Chronopotentiometry,0.02,1800,10,1166.0,0.8393,0.8393
Chronopotentiometry,0.02,1800,10,1167.0,0.8392,0.8392
Chronopotentiometry,0.02,1800,10,1167.0,0.8392,0.8392
Chronopotentiometry,0.02,1800,10,1167.0,0.8393,0.8393
Chronopotentiometry,0.02,1800,10,1167.0,0.8393,0.8393
Chronopotentiometry,0.02,1800,10,1167.0,0.8394,0.8394
Chronopotentiometry,0.02,1800,10,1167.0,0.8394,0.8394
Chronopotentiometry,0.02,1800,10,1167.0,0.8393,0.8393
Chronopotentiometry,0.02,1800,10,1167.0,0.8394,0.8394
Chronopotentiometry,0.02,1800,10,1167.0,0.8394,0.8394
Chronopotentiometry,0.02,1800,10,1167.0,0.8393,0.8393
Chronopotentiometry,0.02,1800,10,1168.0,0.8394,0.8394
Chronopotentiometry,0.02,1800,10,1168.0,0.8394,0.8394
Chronopotentiometry,0.02,1800,10,1168.0,0.8394,0.8394
Chronopotentiometry,0.02,1800,10,1168.0,0.8394,0.8394
Chronopotentiometry,0.02,1800,10,1168.0,0.8394,0.8394
Chronopotentiometry,0.02,1800,10,1168.0,0.8394,0.8394
Chronopotentiometry,0.02,1800,10,1168.0,0.8394,0.8394
Chronopotentiometry,0.02,1800,10,1168.0,0.8394,0.8394
Chronopotentiometry,0.02,1800,10,1168.0,0.8395,0.8395
Chronopotentiometry,0.02,1800,10,1168.0,0.8394,0.8394
Chronopotentiometry,0.02,1800,10,1169.0,0.8394,0.8394
Chronopotentiometry,0.02,1800,10,1169.0,0.8394,0.8394
Chronopotentiometry,0.02,1800,10,1169.0,0.8395,0.8395
Chronopotentiometry,0.02,1800,10,1169.0,0.8395,0.8395
Chronopotentiometry,0.02,1800,10,1169.0,0.8394,0.8394
Chronopotentiometry,0.02,1800,10,1169.0,0.8394,0.8394
Chronopotentiometry,0.02,1800,10,1169.0,0.8393,0.8393
Chronopotentiometry,0.02,1800,10,1169.0,0.8393,0.8393
Chronopotentiometry,0.02,1800,10,1169.0,0.8393,0.8393
Chronopotentiometry,0.02,1800,10,1169.0,0.8393,0.8393
Chronopotentiometry,0.02,1800,10,1170.0,0.8393,0.8393
Chronopotentiometry,0.02,1800,10,1170.0,0.8393,0.8393
Chronopotentiometry,0.02,1800,10,1170.0,0.8394,0.8394
Chronopotentiometry,0.02,1800,10,1170.0,0.8394,0.8394
Chronopotentiometry,0.02,1800,10,1170.0,0.8394,0.8394
Chronopotentiometry,0.02,1800,10,1170.0,0.8394,0.8394
Chronopotentiometry,0.02,1800,10,1170.0,0.8394,0.8394
Chronopotentiometry,0.02,1800,10,1170.0,0.8394,0.8394
Chronopotentiometry,0.02,1800,10,1170.0,0.8395,0.8395
Chronopotentiometry,0.02,1800,10,1170.0,0.8395,0.8395
Chronopotentiometry,0.02,1800,10,1171.0,0.8394,0.8394
Chronopotentiometry,0.02,1800,10,1171.0,0.8395,0.8395
Chronopotentiometry,0.02,1800,10,1171.0,0.8394,0.8394
Chronopotentiometry,0.02,1800,10,1171.0,0.8394,0.8394
Chronopotentiometry,0.02,1800,10,1171.0,0.8394,0.8394
Chronopotentiometry,0.02,1800,10,1171.0,0.8394,0.8394
Chronopotentiometry,0.02,1800,10,1171.0,0.8394,0.8394
Chronopotentiometry,0.02,1800,10,1171.0,0.8394,0.8394
Chronopotentiometry,0.02,1800,10,1171.0,0.8395,0.8395
Chronopotentiometry,0.02,1800,10,1171.0,0.8395,0.8395
Chronopotentiometry,0.02,1800,10,1172.0,0.8394,0.8394
Chronopotentiometry,0.02,1800,10,1172.0,0.8394,0.8394
Chronopotentiometry,0.02,1800,10,1172.0,0.8394,0.8394
Chronopotentiometry,0.02,1800,10,1172.0,0.8394,0.8394
Chronopotentiometry,0.02,1800,10,1172.0,0.8395,0.8395
Chronopotentiometry,0.02,1800,10,1172.0,0.8395,0.8395
Chronopotentiometry,0.02,1800,10,1172.0,0.8393,0.8393
Chronopotentiometry,0.02,1800,10,1172.0,0.8393,0.8393
Chronopotentiometry,0.02,1800,10,1172.0,0.8394,0.8394
Chronopotentiometry,0.02,1800,10,1172.0,0.8393,0.8393
Chronopotentiometry,0.02,1800,10,1173.0,0.8394,0.8394
Chronopotentiometry,0.02,1800,10,1173.0,0.8394,0.8394
Chronopotentiometry,0.02,1800,10,1173.0,0.8394,0.8394
Chronopotentiometry,0.02,1800,10,1173.0,0.8394,0.8394
Chronopotentiometry,0.02,1800,10,1173.0,0.8394,0.8394
Chronopotentiometry,0.02,1800,10,1173.0,0.8394,0.8394
Chronopotentiometry,0.02,1800,10,1173.0,0.8394,0.8394
Chronopotentiometry,0.02,1800,10,1173.0,0.8395,0.8395
Chronopotentiometry,0.02,1800,10,1173.0,0.8395,0.8395
Chronopotentiometry,0.02,1800,10,1173.0,0.8395,0.8395
Chronopotentiometry,0.02,1800,10,1174.0,0.8394,0.8394
Chronopotentiometry,0.02,1800,10,1174.0,0.8395,0.8395
Chronopotentiometry,0.02,1800,10,1174.0,0.8394,0.8394
Chronopotentiometry,0.02,1800,10,1174.0,0.8395,0.8395
Chronopotentiometry,0.02,1800,10,1174.0,0.8395,0.8395
Chronopotentiometry,0.02,1800,10,1174.0,0.8395,0.8395
Chronopotentiometry,0.02,1800,10,1174.0,0.8394,0.8394
Chronopotentiometry,0.02,1800,10,1174.0,0.8395,0.8395
Chronopotentiometry,0.02,1800,10,1174.0,0.8395,0.8395
Chronopotentiometry,0.02,1800,10,1174.0,0.8394,0.8394
Chronopotentiometry,0.02,1800,10,1175.0,0.8394,0.8394
Chronopotentiometry,0.02,1800,10,1175.0,0.8395,0.8395
Chronopotentiometry,0.02,1800,10,1175.0,0.8395,0.8395
Chronopotentiometry,0.02,1800,10,1175.0,0.8395,0.8395
Chronopotentiometry,0.02,1800,10,1175.0,0.8396,0.8396
Chronopotentiometry,0.02,1800,10,1175.0,0.8396,0.8396
Chronopotentiometry,0.02,1800,10,1175.0,0.8395,0.8395
Chronopotentiometry,0.02,1800,10,1175.0,0.8395,0.8395
Chronopotentiometry,0.02,1800,10,1175.0,0.8394,0.8394
Chronopotentiometry,0.02,1800,10,1175.0,0.8394,0.8394
Chronopotentiometry,0.02,1800,10,1176.0,0.8394,0.8394
Chronopotentiometry,0.02,1800,10,1176.0,0.8395,0.8395
Chronopotentiometry,0.02,1800,10,1176.0,0.8395,0.8395
Chronopotentiometry,0.02,1800,10,1176.0,0.8395,0.8395
Chronopotentiometry,0.02,1800,10,1176.0,0.8395,0.8395
Chronopotentiometry,0.02,1800,10,1176.0,0.8395,0.8395
Chronopotentiometry,0.02,1800,10,1176.0,0.8395,0.8395
Chronopotentiometry,0.02,1800,10,1176.0,0.8395,0.8395
Chronopotentiometry,0.02,1800,10,1176.0,0.8395,0.8395
Chronopotentiometry,0.02,1800,10,1176.0,0.8395,0.8395
Chronopotentiometry,0.02,1800,10,1177.0,0.8395,0.8395
Chronopotentiometry,0.02,1800,10,1177.0,0.8395,0.8395
Chronopotentiometry,0.02,1800,10,1177.0,0.8395,0.8395
Chronopotentiometry,0.02,1800,10,1177.0,0.8395,0.8395
Chronopotentiometry,0.02,1800,10,1177.0,0.8395,0.8395
Chronopotentiometry,0.02,1800,10,1177.0,0.8395,0.8395
Chronopotentiometry,0.02,1800,10,1177.0,0.8396,0.8396
Chronopotentiometry,0.02,1800,10,1177.0,0.8396,0.8396
Chronopotentiometry,0.02,1800,10,1177.0,0.8396,0.8396
Chronopotentiometry,0.02,1800,10,1177.0,0.8395,0.8395
Chronopotentiometry,0.02,1800,10,1178.0,0.8395,0.8395
Chronopotentiometry,0.02,1800,10,1178.0,0.8395,0.8395
Chronopotentiometry,0.02,1800,10,1178.0,0.8396,0.8396
Chronopotentiometry,0.02,1800,10,1178.0,0.8395,0.8395
Chronopotentiometry,0.02,1800,10,1178.0,0.8395,0.8395
Chronopotentiometry,0.02,1800,10,1178.0,0.8396,0.8396
Chronopotentiometry,0.02,1800,10,1178.0,0.8396,0.8396
Chronopotentiometry,0.02,1800,10,1178.0,0.8396,0.8396
Chronopotentiometry,0.02,1800,10,1178.0,0.8396,0.8396
Chronopotentiometry,0.02,1800,10,1178.0,0.8396,0.8396
Chronopotentiometry,0.02,1800,10,1179.0,0.8395,0.8395
Chronopotentiometry,0.02,1800,10,1179.0,0.8394,0.8394
Chronopotentiometry,0.02,1800,10,1179.0,0.8394,0.8394
Chronopotentiometry,0.02,1800,10,1179.0,0.8395,0.8395
Chronopotentiometry,0.02,1800,10,1179.0,0.8395,0.8395
Chronopotentiometry,0.02,1800,10,1179.0,0.8395,0.8395
Chronopotentiometry,0.02,1800,10,1179.0,0.8395,0.8395
Chronopotentiometry,0.02,1800,10,1179.0,0.8395,0.8395
Chronopotentiometry,0.02,1800,10,1179.0,0.8395,0.8395
Chronopotentiometry,0.02,1800,10,1179.0,0.8395,0.8395
Chronopotentiometry,0.02,1800,10,1180.0,0.8395,0.8395
Chronopotentiometry,0.02,1800,10,1180.0,0.8396,0.8396
Chronopotentiometry,0.02,1800,10,1180.0,0.8396,0.8396
Chronopotentiometry,0.02,1800,10,1180.0,0.8396,0.8396
Chronopotentiometry,0.02,1800,10,1180.0,0.8396,0.8396
Chronopotentiometry,0.02,1800,10,1180.0,0.8396,0.8396
Chronopotentiometry,0.02,1800,10,1180.0,0.8396,0.8396
Chronopotentiometry,0.02,1800,10,1180.0,0.8395,0.8395
Chronopotentiometry,0.02,1800,10,1180.0,0.8394,0.8394
Chronopotentiometry,0.02,1800,10,1180.0,0.8395,0.8395
Chronopotentiometry,0.02,1800,10,1181.0,0.8397,0.8397
Chronopotentiometry,0.02,1800,10,1181.0,0.8397,0.8397
Chronopotentiometry,0.02,1800,10,1181.0,0.8397,0.8397
Chronopotentiometry,0.02,1800,10,1181.0,0.8397,0.8397
Chronopotentiometry,0.02,1800,10,1181.0,0.8396,0.8396
Chronopotentiometry,0.02,1800,10,1181.0,0.8395,0.8395
Chronopotentiometry,0.02,1800,10,1181.0,0.8395,0.8395
Chronopotentiometry,0.02,1800,10,1181.0,0.8396,0.8396
Chronopotentiometry,0.02,1800,10,1181.0,0.8396,0.8396
Chronopotentiometry,0.02,1800,10,1181.0,0.8396,0.8396
Chronopotentiometry,0.02,1800,10,1182.0,0.8396,0.8396
Chronopotentiometry,0.02,1800,10,1182.0,0.8397,0.8397
Chronopotentiometry,0.02,1800,10,1182.0,0.8397,0.8397
Chronopotentiometry,0.02,1800,10,1182.0,0.8398,0.8398
Chronopotentiometry,0.02,1800,10,1182.0,0.8398,0.8398
Chronopotentiometry,0.02,1800,10,1182.0,0.8398,0.8398
Chronopotentiometry,0.02,1800,10,1182.0,0.8396,0.8396
Chronopotentiometry,0.02,1800,10,1182.0,0.8396,0.8396
Chronopotentiometry,0.02,1800,10,1182.0,0.8397,0.8397
Chronopotentiometry,0.02,1800,10,1182.0,0.8397,0.8397
Chronopotentiometry,0.02,1800,10,1183.0,0.8396,0.8396
Chronopotentiometry,0.02,1800,10,1183.0,0.8397,0.8397
Chronopotentiometry,0.02,1800,10,1183.0,0.8397,0.8397
Chronopotentiometry,0.02,1800,10,1183.0,0.8397,0.8397
Chronopotentiometry,0.02,1800,10,1183.0,0.8397,0.8397
Chronopotentiometry,0.02,1800,10,1183.0,0.8396,0.8396
Chronopotentiometry,0.02,1800,10,1183.0,0.8396,0.8396
Chronopotentiometry,0.02,1800,10,1183.0,0.8396,0.8396
Chronopotentiometry,0.02,1800,10,1183.0,0.8397,0.8397
Chronopotentiometry,0.02,1800,10,1183.0,0.8397,0.8397
Chronopotentiometry,0.02,1800,10,1184.0,0.8397,0.8397
Chronopotentiometry,0.02,1800,10,1184.0,0.8397,0.8397
Chronopotentiometry,0.02,1800,10,1184.0,0.8397,0.8397
Chronopotentiometry,0.02,1800,10,1184.0,0.8397,0.8397
Chronopotentiometry,0.02,1800,10,1184.0,0.8398,0.8398
Chronopotentiometry,0.02,1800,10,1184.0,0.8397,0.8397
Chronopotentiometry,0.02,1800,10,1184.0,0.8397,0.8397
Chronopotentiometry,0.02,1800,10,1184.0,0.8397,0.8397
Chronopotentiometry,0.02,1800,10,1184.0,0.8396,0.8396
Chronopotentiometry,0.02,1800,10,1184.0,0.8396,0.8396
Chronopotentiometry,0.02,1800,10,1185.0,0.8396,0.8396
Chronopotentiometry,0.02,1800,10,1185.0,0.8397,0.8397
Chronopotentiometry,0.02,1800,10,1185.0,0.8397,0.8397
Chronopotentiometry,0.02,1800,10,1185.0,0.8397,0.8397
Chronopotentiometry,0.02,1800,10,1185.0,0.8397,0.8397
Chronopotentiometry,0.02,1800,10,1185.0,0.8397,0.8397
Chronopotentiometry,0.02,1800,10,1185.0,0.8397,0.8397
Chronopotentiometry,0.02,1800,10,1185.0,0.8397,0.8397
Chronopotentiometry,0.02,1800,10,1185.0,0.8397,0.8397
Chronopotentiometry,0.02,1800,10,1185.0,0.8396,0.8396
Chronopotentiometry,0.02,1800,10,1186.0,0.8396,0.8396
Chronopotentiometry,0.02,1800,10,1186.0,0.8397,0.8397
Chronopotentiometry,0.02,1800,10,1186.0,0.8397,0.8397
Chronopotentiometry,0.02,1800,10,1186.0,0.8397,0.8397
Chronopotentiometry,0.02,1800,10,1186.0,0.8397,0.8397
Chronopotentiometry,0.02,1800,10,1186.0,0.8397,0.8397
Chronopotentiometry,0.02,1800,10,1186.0,0.8396,0.8396
Chronopotentiometry,0.02,1800,10,1186.0,0.8396,0.8396
Chronopotentiometry,0.02,1800,10,1186.0,0.8397,0.8397
Chronopotentiometry,0.02,1800,10,1186.0,0.8397,0.8397
Chronopotentiometry,0.02,1800,10,1187.0,0.8397,0.8397
Chronopotentiometry,0.02,1800,10,1187.0,0.8397,0.8397
Chronopotentiometry,0.02,1800,10,1187.0,0.8397,0.8397
Chronopotentiometry,0.02,1800,10,1187.0,0.8397,0.8397
Chronopotentiometry,0.02,1800,10,1187.0,0.8397,0.8397
Chronopotentiometry,0.02,1800,10,1187.0,0.8396,0.8396
Chronopotentiometry,0.02,1800,10,1187.0,0.8397,0.8397
Chronopotentiometry,0.02,1800,10,1187.0,0.8398,0.8398
Chronopotentiometry,0.02,1800,10,1187.0,0.8397,0.8397
Chronopotentiometry,0.02,1800,10,1187.0,0.8397,0.8397
Chronopotentiometry,0.02,1800,10,1188.0,0.8397,0.8397
Chronopotentiometry,0.02,1800,10,1188.0,0.8397,0.8397
Chronopotentiometry,0.02,1800,10,1188.0,0.8398,0.8398
Chronopotentiometry,0.02,1800,10,1188.0,0.8397,0.8397
Chronopotentiometry,0.02,1800,10,1188.0,0.8397,0.8397
Chronopotentiometry,0.02,1800,10,1188.0,0.8397,0.8397
Chronopotentiometry,0.02,1800,10,1188.0,0.8397,0.8397
Chronopotentiometry,0.02,1800,10,1188.0,0.8397,0.8397
Chronopotentiometry,0.02,1800,10,1188.0,0.8397,0.8397
Chronopotentiometry,0.02,1800,10,1188.0,0.8397,0.8397
Chronopotentiometry,0.02,1800,10,1189.0,0.8398,0.8398
Chronopotentiometry,0.02,1800,10,1189.0,0.8398,0.8398
Chronopotentiometry,0.02,1800,10,1189.0,0.8398,0.8398
Chronopotentiometry,0.02,1800,10,1189.0,0.8398,0.8398
Chronopotentiometry,0.02,1800,10,1189.0,0.8398,0.8398
Chronopotentiometry,0.02,1800,10,1189.0,0.8398,0.8398
Chronopotentiometry,0.02,1800,10,1189.0,0.8398,0.8398
Chronopotentiometry,0.02,1800,10,1189.0,0.8398,0.8398
Chronopotentiometry,0.02,1800,10,1189.0,0.8398,0.8398
Chronopotentiometry,0.02,1800,10,1189.0,0.8398,0.8398
Chronopotentiometry,0.02,1800,10,1190.0,0.8398,0.8398
Chronopotentiometry,0.02,1800,10,1190.0,0.8399,0.8399
Chronopotentiometry,0.02,1800,10,1190.0,0.8399,0.8399
Chronopotentiometry,0.02,1800,10,1190.0,0.8399,0.8399
Chronopotentiometry,0.02,1800,10,1190.0,0.8398,0.8398
Chronopotentiometry,0.02,1800,10,1190.0,0.8397,0.8397
Chronopotentiometry,0.02,1800,10,1190.0,0.8398,0.8398
Chronopotentiometry,0.02,1800,10,1190.0,0.8398,0.8398
Chronopotentiometry,0.02,1800,10,1190.0,0.8397,0.8397
Chronopotentiometry,0.02,1800,10,1190.0,0.8397,0.8397
Chronopotentiometry,0.02,1800,10,1191.0,0.8397,0.8397
Chronopotentiometry,0.02,1800,10,1191.0,0.8397,0.8397
Chronopotentiometry,0.02,1800,10,1191.0,0.8397,0.8397
Chronopotentiometry,0.02,1800,10,1191.0,0.8397,0.8397
Chronopotentiometry,0.02,1800,10,1191.0,0.8398,0.8398
Chronopotentiometry,0.02,1800,10,1191.0,0.8398,0.8398
Chronopotentiometry,0.02,1800,10,1191.0,0.8398,0.8398
Chronopotentiometry,0.02,1800,10,1191.0,0.8398,0.8398
Chronopotentiometry,0.02,1800,10,1191.0,0.8398,0.8398
Chronopotentiometry,0.02,1800,10,1191.0,0.8398,0.8398
Chronopotentiometry,0.02,1800,10,1192.0,0.8398,0.8398
Chronopotentiometry,0.02,1800,10,1192.0,0.8397,0.8397
Chronopotentiometry,0.02,1800,10,1192.0,0.8398,0.8398
Chronopotentiometry,0.02,1800,10,1192.0,0.8398,0.8398
Chronopotentiometry,0.02,1800,10,1192.0,0.8398,0.8398
Chronopotentiometry,0.02,1800,10,1192.0,0.8398,0.8398
Chronopotentiometry,0.02,1800,10,1192.0,0.8398,0.8398
Chronopotentiometry,0.02,1800,10,1192.0,0.8398,0.8398
Chronopotentiometry,0.02,1800,10,1192.0,0.8398,0.8398
Chronopotentiometry,0.02,1800,10,1192.0,0.8397,0.8397
Chronopotentiometry,0.02,1800,10,1193.0,0.8397,0.8397
Chronopotentiometry,0.02,1800,10,1193.0,0.8397,0.8397
Chronopotentiometry,0.02,1800,10,1193.0,0.8397,0.8397
Chronopotentiometry,0.02,1800,10,1193.0,0.8397,0.8397
Chronopotentiometry,0.02,1800,10,1193.0,0.8397,0.8397
Chronopotentiometry,0.02,1800,10,1193.0,0.8398,0.8398
Chronopotentiometry,0.02,1800,10,1193.0,0.8398,0.8398
Chronopotentiometry,0.02,1800,10,1193.0,0.8398,0.8398
Chronopotentiometry,0.02,1800,10,1193.0,0.8398,0.8398
Chronopotentiometry,0.02,1800,10,1193.0,0.8398,0.8398
Chronopotentiometry,0.02,1800,10,1194.0,0.8398,0.8398
Chronopotentiometry,0.02,1800,10,1194.0,0.8398,0.8398
Chronopotentiometry,0.02,1800,10,1194.0,0.8398,0.8398
Chronopotentiometry,0.02,1800,10,1194.0,0.8399,0.8399
Chronopotentiometry,0.02,1800,10,1194.0,0.8399,0.8399
Chronopotentiometry,0.02,1800,10,1194.0,0.8398,0.8398
Chronopotentiometry,0.02,1800,10,1194.0,0.8398,0.8398
Chronopotentiometry,0.02,1800,10,1194.0,0.8399,0.8399
Chronopotentiometry,0.02,1800,10,1194.0,0.8399,0.8399
Chronopotentiometry,0.02,1800,10,1194.0,0.8399,0.8399
Chronopotentiometry,0.02,1800,10,1195.0,0.8399,0.8399
Chronopotentiometry,0.02,1800,10,1195.0,0.8398,0.8398
Chronopotentiometry,0.02,1800,10,1195.0,0.8399,0.8399
Chronopotentiometry,0.02,1800,10,1195.0,0.8399,0.8399
Chronopotentiometry,0.02,1800,10,1195.0,0.8399,0.8399
Chronopotentiometry,0.02,1800,10,1195.0,0.8399,0.8399
Chronopotentiometry,0.02,1800,10,1195.0,0.84,0.84
Chronopotentiometry,0.02,1800,10,1195.0,0.84,0.84
Chronopotentiometry,0.02,1800,10,1195.0,0.8399,0.8399
Chronopotentiometry,0.02,1800,10,1195.0,0.8398,0.8398
Chronopotentiometry,0.02,1800,10,1196.0,0.8398,0.8398
Chronopotentiometry,0.02,1800,10,1196.0,0.8398,0.8398
Chronopotentiometry,0.02,1800,10,1196.0,0.8398,0.8398
Chronopotentiometry,0.02,1800,10,1196.0,0.8399,0.8399
Chronopotentiometry,0.02,1800,10,1196.0,0.8399,0.8399
Chronopotentiometry,0.02,1800,10,1196.0,0.8399,0.8399
Chronopotentiometry,0.02,1800,10,1196.0,0.8399,0.8399
Chronopotentiometry,0.02,1800,10,1196.0,0.8399,0.8399
Chronopotentiometry,0.02,1800,10,1196.0,0.8399,0.8399
Chronopotentiometry,0.02,1800,10,1196.0,0.8399,0.8399
Chronopotentiometry,0.02,1800,10,1197.0,0.8399,0.8399
Chronopotentiometry,0.02,1800,10,1197.0,0.84,0.84
Chronopotentiometry,0.02,1800,10,1197.0,0.8399,0.8399
Chronopotentiometry,0.02,1800,10,1197.0,0.8399,0.8399
Chronopotentiometry,0.02,1800,10,1197.0,0.8399,0.8399
Chronopotentiometry,0.02,1800,10,1197.0,0.8399,0.8399
Chronopotentiometry,0.02,1800,10,1197.0,0.8399,0.8399
Chronopotentiometry,0.02,1800,10,1197.0,0.84,0.84
Chronopotentiometry,0.02,1800,10,1197.0,0.8399,0.8399
Chronopotentiometry,0.02,1800,10,1197.0,0.8399,0.8399
Chronopotentiometry,0.02,1800,10,1198.0,0.8399,0.8399
Chronopotentiometry,0.02,1800,10,1198.0,0.8399,0.8399
Chronopotentiometry,0.02,1800,10,1198.0,0.84,0.84
Chronopotentiometry,0.02,1800,10,1198.0,0.8399,0.8399
Chronopotentiometry,0.02,1800,10,1198.0,0.84,0.84
Chronopotentiometry,0.02,1800,10,1198.0,0.84,0.84
Chronopotentiometry,0.02,1800,10,1198.0,0.8399,0.8399
Chronopotentiometry,0.02,1800,10,1198.0,0.84,0.84
Chronopotentiometry,0.02,1800,10,1198.0,0.84,0.84
Chronopotentiometry,0.02,1800,10,1198.0,0.8399,0.8399
Chronopotentiometry,0.02,1800,10,1199.0,0.8398,0.8398
Chronopotentiometry,0.02,1800,10,1199.0,0.8398,0.8398
Chronopotentiometry,0.02,1800,10,1199.0,0.8399,0.8399
Chronopotentiometry,0.02,1800,10,1199.0,0.8399,0.8399
Chronopotentiometry,0.02,1800,10,1199.0,0.8398,0.8398
Chronopotentiometry,0.02,1800,10,1199.0,0.8399,0.8399
Chronopotentiometry,0.02,1800,10,1199.0,0.8399,0.8399
Chronopotentiometry,0.02,1800,10,1199.0,0.84,0.84
Chronopotentiometry,0.02,1800,10,1199.0,0.84,0.84
Chronopotentiometry,0.02,1800,10,1199.0,0.8399,0.8399
Chronopotentiometry,0.02,1800,10,1200.0,0.8399,0.8399
Chronopotentiometry,0.02,1800,10,1200.0,0.8399,0.8399
Chronopotentiometry,0.02,1800,10,1200.0,0.84,0.84
Chronopotentiometry,0.02,1800,10,1200.0,0.84,0.84
Chronopotentiometry,0.02,1800,10,1200.0,0.84,0.84
Chronopotentiometry,0.02,1800,10,1200.0,0.8401,0.8401
Chronopotentiometry,0.02,1800,10,1200.0,0.8401,0.8401
Chronopotentiometry,0.02,1800,10,1200.0,0.84,0.84
Chronopotentiometry,0.02,1800,10,1200.0,0.84,0.84
Chronopotentiometry,0.02,1800,10,1200.0,0.8401,0.8401
Chronopotentiometry,0.02,1800,10,1201.0,0.84,0.84
Chronopotentiometry,0.02,1800,10,1201.0,0.8399,0.8399
Chronopotentiometry,0.02,1800,10,1201.0,0.8399,0.8399
Chronopotentiometry,0.02,1800,10,1201.0,0.84,0.84
Chronopotentiometry,0.02,1800,10,1201.0,0.84,0.84
Chronopotentiometry,0.02,1800,10,1201.0,0.84,0.84
Chronopotentiometry,0.02,1800,10,1201.0,0.84,0.84
Chronopotentiometry,0.02,1800,10,1201.0,0.84,0.84
Chronopotentiometry,0.02,1800,10,1201.0,0.84,0.84
Chronopotentiometry,0.02,1800,10,1201.0,0.84,0.84
Chronopotentiometry,0.02,1800,10,1202.0,0.84,0.84
Chronopotentiometry,0.02,1800,10,1202.0,0.8401,0.8401
Chronopotentiometry,0.02,1800,10,1202.0,0.8402,0.8402
Chronopotentiometry,0.02,1800,10,1202.0,0.8401,0.8401
Chronopotentiometry,0.02,1800,10,1202.0,0.84,0.84
Chronopotentiometry,0.02,1800,10,1202.0,0.8401,0.8401
Chronopotentiometry,0.02,1800,10,1202.0,0.8401,0.8401
Chronopotentiometry,0.02,1800,10,1202.0,0.84,0.84
Chronopotentiometry,0.02,1800,10,1202.0,0.84,0.84
Chronopotentiometry,0.02,1800,10,1202.0,0.8399,0.8399
Chronopotentiometry,0.02,1800,10,1203.0,0.84,0.84
Chronopotentiometry,0.02,1800,10,1203.0,0.84,0.84
Chronopotentiometry,0.02,1800,10,1203.0,0.84,0.84
Chronopotentiometry,0.02,1800,10,1203.0,0.84,0.84
Chronopotentiometry,0.02,1800,10,1203.0,0.84,0.84
Chronopotentiometry,0.02,1800,10,1203.0,0.8399,0.8399
Chronopotentiometry,0.02,1800,10,1203.0,0.84,0.84
Chronopotentiometry,0.02,1800,10,1203.0,0.8401,0.8401
Chronopotentiometry,0.02,1800,10,1203.0,0.84,0.84
Chronopotentiometry,0.02,1800,10,1203.0,0.84,0.84
Chronopotentiometry,0.02,1800,10,1204.0,0.84,0.84
Chronopotentiometry,0.02,1800,10,1204.0,0.84,0.84
Chronopotentiometry,0.02,1800,10,1204.0,0.84,0.84
Chronopotentiometry,0.02,1800,10,1204.0,0.84,0.84
Chronopotentiometry,0.02,1800,10,1204.0,0.8399,0.8399
Chronopotentiometry,0.02,1800,10,1204.0,0.8401,0.8401
Chronopotentiometry,0.02,1800,10,1204.0,0.8401,0.8401
Chronopotentiometry,0.02,1800,10,1204.0,0.8401,0.8401
Chronopotentiometry,0.02,1800,10,1204.0,0.84,0.84
Chronopotentiometry,0.02,1800,10,1204.0,0.84,0.84
Chronopotentiometry,0.02,1800,10,1205.0,0.84,0.84
Chronopotentiometry,0.02,1800,10,1205.0,0.8401,0.8401
Chronopotentiometry,0.02,1800,10,1205.0,0.84,0.84
Chronopotentiometry,0.02,1800,10,1205.0,0.8401,0.8401
Chronopotentiometry,0.02,1800,10,1205.0,0.8401,0.8401
Chronopotentiometry,0.02,1800,10,1205.0,0.8401,0.8401
Chronopotentiometry,0.02,1800,10,1205.0,0.8401,0.8401
Chronopotentiometry,0.02,1800,10,1205.0,0.84,0.84
Chronopotentiometry,0.02,1800,10,1205.0,0.8401,0.8401
Chronopotentiometry,0.02,1800,10,1205.0,0.8401,0.8401
Chronopotentiometry,0.02,1800,10,1206.0,0.8402,0.8402
Chronopotentiometry,0.02,1800,10,1206.0,0.8401,0.8401
Chronopotentiometry,0.02,1800,10,1206.0,0.8401,0.8401
Chronopotentiometry,0.02,1800,10,1206.0,0.84,0.84
Chronopotentiometry,0.02,1800,10,1206.0,0.84,0.84
Chronopotentiometry,0.02,1800,10,1206.0,0.84,0.84
Chronopotentiometry,0.02,1800,10,1206.0,0.8401,0.8401
Chronopotentiometry,0.02,1800,10,1206.0,0.84,0.84
Chronopotentiometry,0.02,1800,10,1206.0,0.8401,0.8401
Chronopotentiometry,0.02,1800,10,1206.0,0.84,0.84
Chronopotentiometry,0.02,1800,10,1207.0,0.8399,0.8399
Chronopotentiometry,0.02,1800,10,1207.0,0.8399,0.8399
Chronopotentiometry,0.02,1800,10,1207.0,0.84,0.84
Chronopotentiometry,0.02,1800,10,1207.0,0.8399,0.8399
Chronopotentiometry,0.02,1800,10,1207.0,0.8399,0.8399
Chronopotentiometry,0.02,1800,10,1207.0,0.8399,0.8399
Chronopotentiometry,0.02,1800,10,1207.0,0.84,0.84
Chronopotentiometry,0.02,1800,10,1207.0,0.8401,0.8401
Chronopotentiometry,0.02,1800,10,1207.0,0.84,0.84
Chronopotentiometry,0.02,1800,10,1207.0,0.8399,0.8399
Chronopotentiometry,0.02,1800,10,1208.0,0.8399,0.8399
Chronopotentiometry,0.02,1800,10,1208.0,0.84,0.84
Chronopotentiometry,0.02,1800,10,1208.0,0.84,0.84
Chronopotentiometry,0.02,1800,10,1208.0,0.84,0.84
Chronopotentiometry,0.02,1800,10,1208.0,0.84,0.84
Chronopotentiometry,0.02,1800,10,1208.0,0.84,0.84
Chronopotentiometry,0.02,1800,10,1208.0,0.84,0.84
Chronopotentiometry,0.02,1800,10,1208.0,0.8399,0.8399
Chronopotentiometry,0.02,1800,10,1208.0,0.8399,0.8399
Chronopotentiometry,0.02,1800,10,1208.0,0.84,0.84
Chronopotentiometry,0.02,1800,10,1209.0,0.8399,0.8399
Chronopotentiometry,0.02,1800,10,1209.0,0.8399,0.8399
Chronopotentiometry,0.02,1800,10,1209.0,0.8399,0.8399
Chronopotentiometry,0.02,1800,10,1209.0,0.84,0.84
Chronopotentiometry,0.02,1800,10,1209.0,0.8401,0.8401
Chronopotentiometry,0.02,1800,10,1209.0,0.8401,0.8401
Chronopotentiometry,0.02,1800,10,1209.0,0.84,0.84
Chronopotentiometry,0.02,1800,10,1209.0,0.84,0.84
Chronopotentiometry,0.02,1800,10,1209.0,0.8401,0.8401
Chronopotentiometry,0.02,1800,10,1209.0,0.8401,0.8401
Chronopotentiometry,0.02,1800,10,1210.0,0.84,0.84
Chronopotentiometry,0.02,1800,10,1210.0,0.84,0.84
Chronopotentiometry,0.02,1800,10,1210.0,0.84,0.84
Chronopotentiometry,0.02,1800,10,1210.0,0.8399,0.8399
Chronopotentiometry,0.02,1800,10,1210.0,0.8398,0.8398
Chronopotentiometry,0.02,1800,10,1210.0,0.8399,0.8399
Chronopotentiometry,0.02,1800,10,1210.0,0.8399,0.8399
Chronopotentiometry,0.02,1800,10,1210.0,0.8399,0.8399
Chronopotentiometry,0.02,1800,10,1210.0,0.8399,0.8399
Chronopotentiometry,0.02,1800,10,1210.0,0.8399,0.8399
Chronopotentiometry,0.02,1800,10,1211.0,0.8399,0.8399
Chronopotentiometry,0.02,1800,10,1211.0,0.8399,0.8399
Chronopotentiometry,0.02,1800,10,1211.0,0.8399,0.8399
Chronopotentiometry,0.02,1800,10,1211.0,0.8399,0.8399
Chronopotentiometry,0.02,1800,10,1211.0,0.8399,0.8399
Chronopotentiometry,0.02,1800,10,1211.0,0.84,0.84
Chronopotentiometry,0.02,1800,10,1211.0,0.84,0.84
Chronopotentiometry,0.02,1800,10,1211.0,0.8399,0.8399
Chronopotentiometry,0.02,1800,10,1211.0,0.8399,0.8399
Chronopotentiometry,0.02,1800,10,1211.0,0.8399,0.8399
Chronopotentiometry,0.02,1800,10,1212.0,0.8399,0.8399
Chronopotentiometry,0.02,1800,10,1212.0,0.84,0.84
Chronopotentiometry,0.02,1800,10,1212.0,0.84,0.84
Chronopotentiometry,0.02,1800,10,1212.0,0.84,0.84
Chronopotentiometry,0.02,1800,10,1212.0,0.84,0.84
Chronopotentiometry,0.02,1800,10,1212.0,0.84,0.84
Chronopotentiometry,0.02,1800,10,1212.0,0.84,0.84
Chronopotentiometry,0.02,1800,10,1212.0,0.8401,0.8401
Chronopotentiometry,0.02,1800,10,1212.0,0.8401,0.8401
Chronopotentiometry,0.02,1800,10,1212.0,0.8401,0.8401
Chronopotentiometry,0.02,1800,10,1213.0,0.8401,0.8401
Chronopotentiometry,0.02,1800,10,1213.0,0.84,0.84
Chronopotentiometry,0.02,1800,10,1213.0,0.84,0.84
Chronopotentiometry,0.02,1800,10,1213.0,0.8401,0.8401
Chronopotentiometry,0.02,1800,10,1213.0,0.8401,0.8401
Chronopotentiometry,0.02,1800,10,1213.0,0.84,0.84
Chronopotentiometry,0.02,1800,10,1213.0,0.8399,0.8399
Chronopotentiometry,0.02,1800,10,1213.0,0.84,0.84
Chronopotentiometry,0.02,1800,10,1213.0,0.8399,0.8399
Chronopotentiometry,0.02,1800,10,1213.0,0.84,0.84
Chronopotentiometry,0.02,1800,10,1214.0,0.84,0.84
Chronopotentiometry,0.02,1800,10,1214.0,0.8399,0.8399
Chronopotentiometry,0.02,1800,10,1214.0,0.8399,0.8399
Chronopotentiometry,0.02,1800,10,1214.0,0.8399,0.8399
Chronopotentiometry,0.02,1800,10,1214.0,0.84,0.84
Chronopotentiometry,0.02,1800,10,1214.0,0.8399,0.8399
Chronopotentiometry,0.02,1800,10,1214.0,0.84,0.84
Chronopotentiometry,0.02,1800,10,1214.0,0.84,0.84
Chronopotentiometry,0.02,1800,10,1214.0,0.84,0.84
Chronopotentiometry,0.02,1800,10,1214.0,0.84,0.84
Chronopotentiometry,0.02,1800,10,1215.0,0.84,0.84
Chronopotentiometry,0.02,1800,10,1215.0,0.84,0.84
Chronopotentiometry,0.02,1800,10,1215.0,0.8401,0.8401
Chronopotentiometry,0.02,1800,10,1215.0,0.8401,0.8401
Chronopotentiometry,0.02,1800,10,1215.0,0.84,0.84
Chronopotentiometry,0.02,1800,10,1215.0,0.84,0.84
Chronopotentiometry,0.02,1800,10,1215.0,0.84,0.84
Chronopotentiometry,0.02,1800,10,1215.0,0.8401,0.8401
Chronopotentiometry,0.02,1800,10,1215.0,0.84,0.84
Chronopotentiometry,0.02,1800,10,1215.0,0.84,0.84
Chronopotentiometry,0.02,1800,10,1216.0,0.84,0.84
Chronopotentiometry,0.02,1800,10,1216.0,0.8401,0.8401
Chronopotentiometry,0.02,1800,10,1216.0,0.8401,0.8401
Chronopotentiometry,0.02,1800,10,1216.0,0.84,0.84
Chronopotentiometry,0.02,1800,10,1216.0,0.8401,0.8401
Chronopotentiometry,0.02,1800,10,1216.0,0.8399,0.8399
Chronopotentiometry,0.02,1800,10,1216.0,0.8399,0.8399
Chronopotentiometry,0.02,1800,10,1216.0,0.8399,0.8399
Chronopotentiometry,0.02,1800,10,1216.0,0.8399,0.8399
Chronopotentiometry,0.02,1800,10,1216.0,0.8399,0.8399
Chronopotentiometry,0.02,1800,10,1217.0,0.8399,0.8399
Chronopotentiometry,0.02,1800,10,1217.0,0.84,0.84
Chronopotentiometry,0.02,1800,10,1217.0,0.84,0.84
Chronopotentiometry,0.02,1800,10,1217.0,0.84,0.84
Chronopotentiometry,0.02,1800,10,1217.0,0.84,0.84
Chronopotentiometry,0.02,1800,10,1217.0,0.84,0.84
Chronopotentiometry,0.02,1800,10,1217.0,0.84,0.84
Chronopotentiometry,0.02,1800,10,1217.0,0.8402,0.8402
Chronopotentiometry,0.02,1800,10,1217.0,0.8401,0.8401
Chronopotentiometry,0.02,1800,10,1217.0,0.84,0.84
Chronopotentiometry,0.02,1800,10,1218.0,0.8401,0.8401
Chronopotentiometry,0.02,1800,10,1218.0,0.8401,0.8401
Chronopotentiometry,0.02,1800,10,1218.0,0.8401,0.8401
Chronopotentiometry,0.02,1800,10,1218.0,0.8401,0.8401
Chronopotentiometry,0.02,1800,10,1218.0,0.8401,0.8401
Chronopotentiometry,0.02,1800,10,1218.0,0.8401,0.8401
Chronopotentiometry,0.02,1800,10,1218.0,0.8401,0.8401
Chronopotentiometry,0.02,1800,10,1218.0,0.8401,0.8401
Chronopotentiometry,0.02,1800,10,1218.0,0.8402,0.8402
Chronopotentiometry,0.02,1800,10,1218.0,0.84,0.84
Chronopotentiometry,0.02,1800,10,1219.0,0.8401,0.8401
Chronopotentiometry,0.02,1800,10,1219.0,0.8401,0.8401
Chronopotentiometry,0.02,1800,10,1219.0,0.8402,0.8402
Chronopotentiometry,0.02,1800,10,1219.0,0.8402,0.8402
Chronopotentiometry,0.02,1800,10,1219.0,0.8402,0.8402
Chronopotentiometry,0.02,1800,10,1219.0,0.8402,0.8402
Chronopotentiometry,0.02,1800,10,1219.0,0.8401,0.8401
Chronopotentiometry,0.02,1800,10,1219.0,0.8402,0.8402
Chronopotentiometry,0.02,1800,10,1219.0,0.8402,0.8402
Chronopotentiometry,0.02,1800,10,1219.0,0.8402,0.8402
Chronopotentiometry,0.02,1800,10,1220.0,0.8402,0.8402
Chronopotentiometry,0.02,1800,10,1220.0,0.8402,0.8402
Chronopotentiometry,0.02,1800,10,1220.0,0.8401,0.8401
Chronopotentiometry,0.02,1800,10,1220.0,0.8402,0.8402
Chronopotentiometry,0.02,1800,10,1220.0,0.8403,0.8403
Chronopotentiometry,0.02,1800,10,1220.0,0.8402,0.8402
Chronopotentiometry,0.02,1800,10,1220.0,0.8403,0.8403
Chronopotentiometry,0.02,1800,10,1220.0,0.8402,0.8402
Chronopotentiometry,0.02,1800,10,1220.0,0.8402,0.8402
Chronopotentiometry,0.02,1800,10,1220.0,0.8402,0.8402
Chronopotentiometry,0.02,1800,10,1221.0,0.8402,0.8402
Chronopotentiometry,0.02,1800,10,1221.0,0.8402,0.8402
Chronopotentiometry,0.02,1800,10,1221.0,0.8402,0.8402
Chronopotentiometry,0.02,1800,10,1221.0,0.8402,0.8402
Chronopotentiometry,0.02,1800,10,1221.0,0.8402,0.8402
Chronopotentiometry,0.02,1800,10,1221.0,0.8402,0.8402
Chronopotentiometry,0.02,1800,10,1221.0,0.8401,0.8401
Chronopotentiometry,0.02,1800,10,1221.0,0.8401,0.8401
Chronopotentiometry,0.02,1800,10,1221.0,0.8401,0.8401
Chronopotentiometry,0.02,1800,10,1221.0,0.84,0.84
Chronopotentiometry,0.02,1800,10,1222.0,0.84,0.84
Chronopotentiometry,0.02,1800,10,1222.0,0.84,0.84
Chronopotentiometry,0.02,1800,10,1222.0,0.8401,0.8401
Chronopotentiometry,0.02,1800,10,1222.0,0.8401,0.8401
Chronopotentiometry,0.02,1800,10,1222.0,0.8402,0.8402
Chronopotentiometry,0.02,1800,10,1222.0,0.8401,0.8401
Chronopotentiometry,0.02,1800,10,1222.0,0.8401,0.8401
Chronopotentiometry,0.02,1800,10,1222.0,0.8401,0.8401
Chronopotentiometry,0.02,1800,10,1222.0,0.8401,0.8401
Chronopotentiometry,0.02,1800,10,1222.0,0.8402,0.8402
Chronopotentiometry,0.02,1800,10,1223.0,0.8402,0.8402
Chronopotentiometry,0.02,1800,10,1223.0,0.8403,0.8403
Chronopotentiometry,0.02,1800,10,1223.0,0.8402,0.8402
Chronopotentiometry,0.02,1800,10,1223.0,0.8401,0.8401
Chronopotentiometry,0.02,1800,10,1223.0,0.8401,0.8401
Chronopotentiometry,0.02,1800,10,1223.0,0.8402,0.8402
Chronopotentiometry,0.02,1800,10,1223.0,0.8403,0.8403
Chronopotentiometry,0.02,1800,10,1223.0,0.8403,0.8403
Chronopotentiometry,0.02,1800,10,1223.0,0.8402,0.8402
Chronopotentiometry,0.02,1800,10,1223.0,0.8402,0.8402
Chronopotentiometry,0.02,1800,10,1224.0,0.8402,0.8402
Chronopotentiometry,0.02,1800,10,1224.0,0.8402,0.8402
Chronopotentiometry,0.02,1800,10,1224.0,0.8402,0.8402
Chronopotentiometry,0.02,1800,10,1224.0,0.8401,0.8401
Chronopotentiometry,0.02,1800,10,1224.0,0.8402,0.8402
Chronopotentiometry,0.02,1800,10,1224.0,0.8402,0.8402
Chronopotentiometry,0.02,1800,10,1224.0,0.8402,0.8402
Chronopotentiometry,0.02,1800,10,1224.0,0.8402,0.8402
Chronopotentiometry,0.02,1800,10,1224.0,0.8402,0.8402
Chronopotentiometry,0.02,1800,10,1224.0,0.8402,0.8402
Chronopotentiometry,0.02,1800,10,1225.0,0.8401,0.8401
Chronopotentiometry,0.02,1800,10,1225.0,0.84,0.84
Chronopotentiometry,0.02,1800,10,1225.0,0.8399,0.8399
Chronopotentiometry,0.02,1800,10,1225.0,0.84,0.84
Chronopotentiometry,0.02,1800,10,1225.0,0.8401,0.8401
Chronopotentiometry,0.02,1800,10,1225.0,0.8401,0.8401
Chronopotentiometry,0.02,1800,10,1225.0,0.8401,0.8401
Chronopotentiometry,0.02,1800,10,1225.0,0.8401,0.8401
Chronopotentiometry,0.02,1800,10,1225.0,0.8399,0.8399
Chronopotentiometry,0.02,1800,10,1225.0,0.8399,0.8399
Chronopotentiometry,0.02,1800,10,1226.0,0.8399,0.8399
Chronopotentiometry,0.02,1800,10,1226.0,0.84,0.84
Chronopotentiometry,0.02,1800,10,1226.0,0.8401,0.8401
Chronopotentiometry,0.02,1800,10,1226.0,0.84,0.84
Chronopotentiometry,0.02,1800,10,1226.0,0.84,0.84
Chronopotentiometry,0.02,1800,10,1226.0,0.8399,0.8399
Chronopotentiometry,0.02,1800,10,1226.0,0.8401,0.8401
Chronopotentiometry,0.02,1800,10,1226.0,0.8401,0.8401
Chronopotentiometry,0.02,1800,10,1226.0,0.8401,0.8401
Chronopotentiometry,0.02,1800,10,1226.0,0.8402,0.8402
Chronopotentiometry,0.02,1800,10,1227.0,0.8401,0.8401
Chronopotentiometry,0.02,1800,10,1227.0,0.8401,0.8401
Chronopotentiometry,0.02,1800,10,1227.0,0.8402,0.8402
Chronopotentiometry,0.02,1800,10,1227.0,0.8402,0.8402
Chronopotentiometry,0.02,1800,10,1227.0,0.8401,0.8401
Chronopotentiometry,0.02,1800,10,1227.0,0.8401,0.8401
Chronopotentiometry,0.02,1800,10,1227.0,0.8401,0.8401
Chronopotentiometry,0.02,1800,10,1227.0,0.8401,0.8401
Chronopotentiometry,0.02,1800,10,1227.0,0.8401,0.8401
Chronopotentiometry,0.02,1800,10,1227.0,0.8401,0.8401
Chronopotentiometry,0.02,1800,10,1228.0,0.8402,0.8402
Chronopotentiometry,0.02,1800,10,1228.0,0.8402,0.8402
Chronopotentiometry,0.02,1800,10,1228.0,0.84,0.84
Chronopotentiometry,0.02,1800,10,1228.0,0.84,0.84
Chronopotentiometry,0.02,1800,10,1228.0,0.84,0.84
Chronopotentiometry,0.02,1800,10,1228.0,0.8401,0.8401
Chronopotentiometry,0.02,1800,10,1228.0,0.84,0.84
Chronopotentiometry,0.02,1800,10,1228.0,0.8401,0.8401
Chronopotentiometry,0.02,1800,10,1228.0,0.8401,0.8401
Chronopotentiometry,0.02,1800,10,1228.0,0.8401,0.8401
Chronopotentiometry,0.02,1800,10,1229.0,0.8401,0.8401
Chronopotentiometry,0.02,1800,10,1229.0,0.84,0.84
Chronopotentiometry,0.02,1800,10,1229.0,0.8401,0.8401
Chronopotentiometry,0.02,1800,10,1229.0,0.8401,0.8401
Chronopotentiometry,0.02,1800,10,1229.0,0.8402,0.8402
Chronopotentiometry,0.02,1800,10,1229.0,0.8402,0.8402
Chronopotentiometry,0.02,1800,10,1229.0,0.8402,0.8402
Chronopotentiometry,0.02,1800,10,1229.0,0.8402,0.8402
Chronopotentiometry,0.02,1800,10,1229.0,0.8402,0.8402
Chronopotentiometry,0.02,1800,10,1229.0,0.8402,0.8402
Chronopotentiometry,0.02,1800,10,1230.0,0.8402,0.8402
Chronopotentiometry,0.02,1800,10,1230.0,0.8403,0.8403
Chronopotentiometry,0.02,1800,10,1230.0,0.8401,0.8401
Chronopotentiometry,0.02,1800,10,1230.0,0.8401,0.8401
Chronopotentiometry,0.02,1800,10,1230.0,0.8401,0.8401
Chronopotentiometry,0.02,1800,10,1230.0,0.8401,0.8401
Chronopotentiometry,0.02,1800,10,1230.0,0.84,0.84
Chronopotentiometry,0.02,1800,10,1230.0,0.8401,0.8401
Chronopotentiometry,0.02,1800,10,1230.0,0.8401,0.8401
Chronopotentiometry,0.02,1800,10,1230.0,0.84,0.84
Chronopotentiometry,0.02,1800,10,1231.0,0.84,0.84
Chronopotentiometry,0.02,1800,10,1231.0,0.84,0.84
Chronopotentiometry,0.02,1800,10,1231.0,0.8401,0.8401
Chronopotentiometry,0.02,1800,10,1231.0,0.8401,0.8401
Chronopotentiometry,0.02,1800,10,1231.0,0.8401,0.8401
Chronopotentiometry,0.02,1800,10,1231.0,0.8401,0.8401
Chronopotentiometry,0.02,1800,10,1231.0,0.8402,0.8402
Chronopotentiometry,0.02,1800,10,1231.0,0.8402,0.8402
Chronopotentiometry,0.02,1800,10,1231.0,0.8402,0.8402
Chronopotentiometry,0.02,1800,10,1231.0,0.8403,0.8403
Chronopotentiometry,0.02,1800,10,1232.0,0.8402,0.8402
Chronopotentiometry,0.02,1800,10,1232.0,0.8401,0.8401
Chronopotentiometry,0.02,1800,10,1232.0,0.8401,0.8401
Chronopotentiometry,0.02,1800,10,1232.0,0.8401,0.8401
Chronopotentiometry,0.02,1800,10,1232.0,0.8402,0.8402
Chronopotentiometry,0.02,1800,10,1232.0,0.8403,0.8403
Chronopotentiometry,0.02,1800,10,1232.0,0.8401,0.8401
Chronopotentiometry,0.02,1800,10,1232.0,0.84,0.84
Chronopotentiometry,0.02,1800,10,1232.0,0.8401,0.8401
Chronopotentiometry,0.02,1800,10,1232.0,0.84,0.84
Chronopotentiometry,0.02,1800,10,1233.0,0.84,0.84
Chronopotentiometry,0.02,1800,10,1233.0,0.8402,0.8402
Chronopotentiometry,0.02,1800,10,1233.0,0.8401,0.8401
Chronopotentiometry,0.02,1800,10,1233.0,0.8401,0.8401
Chronopotentiometry,0.02,1800,10,1233.0,0.8402,0.8402
Chronopotentiometry,0.02,1800,10,1233.0,0.8403,0.8403
Chronopotentiometry,0.02,1800,10,1233.0,0.8402,0.8402
Chronopotentiometry,0.02,1800,10,1233.0,0.8402,0.8402
Chronopotentiometry,0.02,1800,10,1233.0,0.8402,0.8402
Chronopotentiometry,0.02,1800,10,1233.0,0.8403,0.8403
Chronopotentiometry,0.02,1800,10,1234.0,0.8402,0.8402
Chronopotentiometry,0.02,1800,10,1234.0,0.8401,0.8401
Chronopotentiometry,0.02,1800,10,1234.0,0.8401,0.8401
Chronopotentiometry,0.02,1800,10,1234.0,0.8401,0.8401
Chronopotentiometry,0.02,1800,10,1234.0,0.8402,0.8402
Chronopotentiometry,0.02,1800,10,1234.0,0.8402,0.8402
Chronopotentiometry,0.02,1800,10,1234.0,0.8402,0.8402
Chronopotentiometry,0.02,1800,10,1234.0,0.8402,0.8402
Chronopotentiometry,0.02,1800,10,1234.0,0.8403,0.8403
Chronopotentiometry,0.02,1800,10,1234.0,0.8403,0.8403
Chronopotentiometry,0.02,1800,10,1235.0,0.8402,0.8402
Chronopotentiometry,0.02,1800,10,1235.0,0.8402,0.8402
Chronopotentiometry,0.02,1800,10,1235.0,0.8401,0.8401
Chronopotentiometry,0.02,1800,10,1235.0,0.8402,0.8402
Chronopotentiometry,0.02,1800,10,1235.0,0.8401,0.8401
Chronopotentiometry,0.02,1800,10,1235.0,0.8401,0.8401
Chronopotentiometry,0.02,1800,10,1235.0,0.8402,0.8402
Chronopotentiometry,0.02,1800,10,1235.0,0.8402,0.8402
Chronopotentiometry,0.02,1800,10,1235.0,0.8402,0.8402
Chronopotentiometry,0.02,1800,10,1235.0,0.8402,0.8402
Chronopotentiometry,0.02,1800,10,1236.0,0.8402,0.8402
Chronopotentiometry,0.02,1800,10,1236.0,0.8401,0.8401
Chronopotentiometry,0.02,1800,10,1236.0,0.8401,0.8401
Chronopotentiometry,0.02,1800,10,1236.0,0.8402,0.8402
Chronopotentiometry,0.02,1800,10,1236.0,0.8402,0.8402
Chronopotentiometry,0.02,1800,10,1236.0,0.8402,0.8402
Chronopotentiometry,0.02,1800,10,1236.0,0.8401,0.8401
Chronopotentiometry,0.02,1800,10,1236.0,0.8402,0.8402
Chronopotentiometry,0.02,1800,10,1236.0,0.8404,0.8404
Chronopotentiometry,0.02,1800,10,1236.0,0.8403,0.8403
Chronopotentiometry,0.02,1800,10,1237.0,0.8403,0.8403
Chronopotentiometry,0.02,1800,10,1237.0,0.8402,0.8402
Chronopotentiometry,0.02,1800,10,1237.0,0.8401,0.8401
Chronopotentiometry,0.02,1800,10,1237.0,0.8402,0.8402
Chronopotentiometry,0.02,1800,10,1237.0,0.8403,0.8403
Chronopotentiometry,0.02,1800,10,1237.0,0.8402,0.8402
Chronopotentiometry,0.02,1800,10,1237.0,0.8402,0.8402
Chronopotentiometry,0.02,1800,10,1237.0,0.8402,0.8402
Chronopotentiometry,0.02,1800,10,1237.0,0.8402,0.8402
Chronopotentiometry,0.02,1800,10,1237.0,0.8401,0.8401
Chronopotentiometry,0.02,1800,10,1238.0,0.8401,0.8401
Chronopotentiometry,0.02,1800,10,1238.0,0.8401,0.8401
Chronopotentiometry,0.02,1800,10,1238.0,0.84,0.84
Chronopotentiometry,0.02,1800,10,1238.0,0.8401,0.8401
Chronopotentiometry,0.02,1800,10,1238.0,0.8401,0.8401
Chronopotentiometry,0.02,1800,10,1238.0,0.8401,0.8401
Chronopotentiometry,0.02,1800,10,1238.0,0.8401,0.8401
Chronopotentiometry,0.02,1800,10,1238.0,0.8401,0.8401
Chronopotentiometry,0.02,1800,10,1238.0,0.8403,0.8403
Chronopotentiometry,0.02,1800,10,1238.0,0.8402,0.8402
Chronopotentiometry,0.02,1800,10,1239.0,0.8403,0.8403
Chronopotentiometry,0.02,1800,10,1239.0,0.8403,0.8403
Chronopotentiometry,0.02,1800,10,1239.0,0.8403,0.8403
Chronopotentiometry,0.02,1800,10,1239.0,0.8402,0.8402
Chronopotentiometry,0.02,1800,10,1239.0,0.8403,0.8403
Chronopotentiometry,0.02,1800,10,1239.0,0.8403,0.8403
Chronopotentiometry,0.02,1800,10,1239.0,0.8402,0.8402
Chronopotentiometry,0.02,1800,10,1239.0,0.8401,0.8401
Chronopotentiometry,0.02,1800,10,1239.0,0.8401,0.8401
Chronopotentiometry,0.02,1800,10,1239.0,0.8402,0.8402
Chronopotentiometry,0.02,1800,10,1240.0,0.8401,0.8401
Chronopotentiometry,0.02,1800,10,1240.0,0.8402,0.8402
Chronopotentiometry,0.02,1800,10,1240.0,0.8402,0.8402
Chronopotentiometry,0.02,1800,10,1240.0,0.8402,0.8402
Chronopotentiometry,0.02,1800,10,1240.0,0.8403,0.8403
Chronopotentiometry,0.02,1800,10,1240.0,0.8402,0.8402
Chronopotentiometry,0.02,1800,10,1240.0,0.8403,0.8403
Chronopotentiometry,0.02,1800,10,1240.0,0.8403,0.8403
Chronopotentiometry,0.02,1800,10,1240.0,0.8402,0.8402
Chronopotentiometry,0.02,1800,10,1240.0,0.8402,0.8402
Chronopotentiometry,0.02,1800,10,1241.0,0.8402,0.8402
Chronopotentiometry,0.02,1800,10,1241.0,0.8402,0.8402
Chronopotentiometry,0.02,1800,10,1241.0,0.8402,0.8402
Chronopotentiometry,0.02,1800,10,1241.0,0.8402,0.8402
Chronopotentiometry,0.02,1800,10,1241.0,0.8403,0.8403
Chronopotentiometry,0.02,1800,10,1241.0,0.8403,0.8403
Chronopotentiometry,0.02,1800,10,1241.0,0.8403,0.8403
Chronopotentiometry,0.02,1800,10,1241.0,0.8403,0.8403
Chronopotentiometry,0.02,1800,10,1241.0,0.8402,0.8402
Chronopotentiometry,0.02,1800,10,1241.0,0.8403,0.8403
Chronopotentiometry,0.02,1800,10,1242.0,0.8402,0.8402
Chronopotentiometry,0.02,1800,10,1242.0,0.8402,0.8402
Chronopotentiometry,0.02,1800,10,1242.0,0.8403,0.8403
Chronopotentiometry,0.02,1800,10,1242.0,0.8403,0.8403
Chronopotentiometry,0.02,1800,10,1242.0,0.8404,0.8404
Chronopotentiometry,0.02,1800,10,1242.0,0.8403,0.8403
Chronopotentiometry,0.02,1800,10,1242.0,0.8403,0.8403
Chronopotentiometry,0.02,1800,10,1242.0,0.8402,0.8402
Chronopotentiometry,0.02,1800,10,1242.0,0.8403,0.8403
Chronopotentiometry,0.02,1800,10,1242.0,0.8403,0.8403
Chronopotentiometry,0.02,1800,10,1243.0,0.8402,0.8402
Chronopotentiometry,0.02,1800,10,1243.0,0.8403,0.8403
Chronopotentiometry,0.02,1800,10,1243.0,0.8403,0.8403
Chronopotentiometry,0.02,1800,10,1243.0,0.8402,0.8402
Chronopotentiometry,0.02,1800,10,1243.0,0.8401,0.8401
Chronopotentiometry,0.02,1800,10,1243.0,0.8401,0.8401
Chronopotentiometry,0.02,1800,10,1243.0,0.8401,0.8401
Chronopotentiometry,0.02,1800,10,1243.0,0.8402,0.8402
Chronopotentiometry,0.02,1800,10,1243.0,0.8403,0.8403
Chronopotentiometry,0.02,1800,10,1243.0,0.8403,0.8403
Chronopotentiometry,0.02,1800,10,1244.0,0.8403,0.8403
Chronopotentiometry,0.02,1800,10,1244.0,0.8404,0.8404
Chronopotentiometry,0.02,1800,10,1244.0,0.8404,0.8404
Chronopotentiometry,0.02,1800,10,1244.0,0.8404,0.8404
Chronopotentiometry,0.02,1800,10,1244.0,0.8404,0.8404
Chronopotentiometry,0.02,1800,10,1244.0,0.8404,0.8404
Chronopotentiometry,0.02,1800,10,1244.0,0.8404,0.8404
Chronopotentiometry,0.02,1800,10,1244.0,0.8404,0.8404
Chronopotentiometry,0.02,1800,10,1244.0,0.8403,0.8403
Chronopotentiometry,0.02,1800,10,1244.0,0.8403,0.8403
Chronopotentiometry,0.02,1800,10,1245.0,0.8403,0.8403
Chronopotentiometry,0.02,1800,10,1245.0,0.8403,0.8403
Chronopotentiometry,0.02,1800,10,1245.0,0.8403,0.8403
Chronopotentiometry,0.02,1800,10,1245.0,0.8403,0.8403
Chronopotentiometry,0.02,1800,10,1245.0,0.8402,0.8402
Chronopotentiometry,0.02,1800,10,1245.0,0.8402,0.8402
Chronopotentiometry,0.02,1800,10,1245.0,0.8403,0.8403
Chronopotentiometry,0.02,1800,10,1245.0,0.8403,0.8403
Chronopotentiometry,0.02,1800,10,1245.0,0.8403,0.8403
Chronopotentiometry,0.02,1800,10,1245.0,0.8403,0.8403
Chronopotentiometry,0.02,1800,10,1246.0,0.8403,0.8403
Chronopotentiometry,0.02,1800,10,1246.0,0.8404,0.8404
Chronopotentiometry,0.02,1800,10,1246.0,0.8405,0.8405
Chronopotentiometry,0.02,1800,10,1246.0,0.8404,0.8404
Chronopotentiometry,0.02,1800,10,1246.0,0.8404,0.8404
Chronopotentiometry,0.02,1800,10,1246.0,0.8403,0.8403
Chronopotentiometry,0.02,1800,10,1246.0,0.8403,0.8403
Chronopotentiometry,0.02,1800,10,1246.0,0.8402,0.8402
Chronopotentiometry,0.02,1800,10,1246.0,0.8402,0.8402
Chronopotentiometry,0.02,1800,10,1246.0,0.8402,0.8402
Chronopotentiometry,0.02,1800,10,1247.0,0.8403,0.8403
Chronopotentiometry,0.02,1800,10,1247.0,0.8403,0.8403
Chronopotentiometry,0.02,1800,10,1247.0,0.8403,0.8403
Chronopotentiometry,0.02,1800,10,1247.0,0.8404,0.8404
Chronopotentiometry,0.02,1800,10,1247.0,0.8404,0.8404
Chronopotentiometry,0.02,1800,10,1247.0,0.8404,0.8404
Chronopotentiometry,0.02,1800,10,1247.0,0.8405,0.8405
Chronopotentiometry,0.02,1800,10,1247.0,0.8405,0.8405
Chronopotentiometry,0.02,1800,10,1247.0,0.8404,0.8404
Chronopotentiometry,0.02,1800,10,1247.0,0.8406,0.8406
Chronopotentiometry,0.02,1800,10,1248.0,0.8405,0.8405
Chronopotentiometry,0.02,1800,10,1248.0,0.8404,0.8404
Chronopotentiometry,0.02,1800,10,1248.0,0.8404,0.8404
Chronopotentiometry,0.02,1800,10,1248.0,0.8403,0.8403
Chronopotentiometry,0.02,1800,10,1248.0,0.8402,0.8402
Chronopotentiometry,0.02,1800,10,1248.0,0.8404,0.8404
Chronopotentiometry,0.02,1800,10,1248.0,0.8403,0.8403
Chronopotentiometry,0.02,1800,10,1248.0,0.8403,0.8403
Chronopotentiometry,0.02,1800,10,1248.0,0.8404,0.8404
Chronopotentiometry,0.02,1800,10,1248.0,0.8405,0.8405
Chronopotentiometry,0.02,1800,10,1249.0,0.8405,0.8405
Chronopotentiometry,0.02,1800,10,1249.0,0.8405,0.8405
Chronopotentiometry,0.02,1800,10,1249.0,0.8405,0.8405
Chronopotentiometry,0.02,1800,10,1249.0,0.8404,0.8404
Chronopotentiometry,0.02,1800,10,1249.0,0.8405,0.8405
Chronopotentiometry,0.02,1800,10,1249.0,0.8403,0.8403
Chronopotentiometry,0.02,1800,10,1249.0,0.8403,0.8403
Chronopotentiometry,0.02,1800,10,1249.0,0.8404,0.8404
Chronopotentiometry,0.02,1800,10,1249.0,0.8404,0.8404
Chronopotentiometry,0.02,1800,10,1249.0,0.8404,0.8404
Chronopotentiometry,0.02,1800,10,1250.0,0.8404,0.8404
Chronopotentiometry,0.02,1800,10,1250.0,0.8403,0.8403
Chronopotentiometry,0.02,1800,10,1250.0,0.8404,0.8404
Chronopotentiometry,0.02,1800,10,1250.0,0.8403,0.8403
Chronopotentiometry,0.02,1800,10,1250.0,0.8403,0.8403
Chronopotentiometry,0.02,1800,10,1250.0,0.8403,0.8403
Chronopotentiometry,0.02,1800,10,1250.0,0.8403,0.8403
Chronopotentiometry,0.02,1800,10,1250.0,0.8404,0.8404
Chronopotentiometry,0.02,1800,10,1250.0,0.8403,0.8403
Chronopotentiometry,0.02,1800,10,1250.0,0.8404,0.8404
Chronopotentiometry,0.02,1800,10,1251.0,0.8405,0.8405
Chronopotentiometry,0.02,1800,10,1251.0,0.8404,0.8404
Chronopotentiometry,0.02,1800,10,1251.0,0.8405,0.8405
Chronopotentiometry,0.02,1800,10,1251.0,0.8404,0.8404
Chronopotentiometry,0.02,1800,10,1251.0,0.8404,0.8404
Chronopotentiometry,0.02,1800,10,1251.0,0.8404,0.8404
Chronopotentiometry,0.02,1800,10,1251.0,0.8404,0.8404
Chronopotentiometry,0.02,1800,10,1251.0,0.8406,0.8406
Chronopotentiometry,0.02,1800,10,1251.0,0.8406,0.8406
Chronopotentiometry,0.02,1800,10,1251.0,0.8405,0.8405
Chronopotentiometry,0.02,1800,10,1252.0,0.8406,0.8406
Chronopotentiometry,0.02,1800,10,1252.0,0.8406,0.8406
Chronopotentiometry,0.02,1800,10,1252.0,0.8405,0.8405
Chronopotentiometry,0.02,1800,10,1252.0,0.8405,0.8405
Chronopotentiometry,0.02,1800,10,1252.0,0.8405,0.8405
Chronopotentiometry,0.02,1800,10,1252.0,0.8404,0.8404
Chronopotentiometry,0.02,1800,10,1252.0,0.8404,0.8404
Chronopotentiometry,0.02,1800,10,1252.0,0.8404,0.8404
Chronopotentiometry,0.02,1800,10,1252.0,0.8405,0.8405
Chronopotentiometry,0.02,1800,10,1252.0,0.8404,0.8404
Chronopotentiometry,0.02,1800,10,1253.0,0.8404,0.8404
Chronopotentiometry,0.02,1800,10,1253.0,0.8405,0.8405
Chronopotentiometry,0.02,1800,10,1253.0,0.8404,0.8404
Chronopotentiometry,0.02,1800,10,1253.0,0.8405,0.8405
Chronopotentiometry,0.02,1800,10,1253.0,0.8405,0.8405
Chronopotentiometry,0.02,1800,10,1253.0,0.8404,0.8404
Chronopotentiometry,0.02,1800,10,1253.0,0.8404,0.8404
Chronopotentiometry,0.02,1800,10,1253.0,0.8404,0.8404
Chronopotentiometry,0.02,1800,10,1253.0,0.8404,0.8404
Chronopotentiometry,0.02,1800,10,1253.0,0.8404,0.8404
Chronopotentiometry,0.02,1800,10,1254.0,0.8405,0.8405
Chronopotentiometry,0.02,1800,10,1254.0,0.8405,0.8405
Chronopotentiometry,0.02,1800,10,1254.0,0.8405,0.8405
Chronopotentiometry,0.02,1800,10,1254.0,0.8404,0.8404
Chronopotentiometry,0.02,1800,10,1254.0,0.8405,0.8405
Chronopotentiometry,0.02,1800,10,1254.0,0.8405,0.8405
Chronopotentiometry,0.02,1800,10,1254.0,0.8405,0.8405
Chronopotentiometry,0.02,1800,10,1254.0,0.8405,0.8405
Chronopotentiometry,0.02,1800,10,1254.0,0.8405,0.8405
Chronopotentiometry,0.02,1800,10,1254.0,0.8406,0.8406
Chronopotentiometry,0.02,1800,10,1255.0,0.8405,0.8405
Chronopotentiometry,0.02,1800,10,1255.0,0.8406,0.8406
Chronopotentiometry,0.02,1800,10,1255.0,0.8405,0.8405
Chronopotentiometry,0.02,1800,10,1255.0,0.8405,0.8405
Chronopotentiometry,0.02,1800,10,1255.0,0.8405,0.8405
Chronopotentiometry,0.02,1800,10,1255.0,0.8405,0.8405
Chronopotentiometry,0.02,1800,10,1255.0,0.8403,0.8403
Chronopotentiometry,0.02,1800,10,1255.0,0.8404,0.8404
Chronopotentiometry,0.02,1800,10,1255.0,0.8404,0.8404
Chronopotentiometry,0.02,1800,10,1255.0,0.8404,0.8404
Chronopotentiometry,0.02,1800,10,1256.0,0.8404,0.8404
Chronopotentiometry,0.02,1800,10,1256.0,0.8404,0.8404
Chronopotentiometry,0.02,1800,10,1256.0,0.8405,0.8405
Chronopotentiometry,0.02,1800,10,1256.0,0.8405,0.8405
Chronopotentiometry,0.02,1800,10,1256.0,0.8405,0.8405
Chronopotentiometry,0.02,1800,10,1256.0,0.8404,0.8404
Chronopotentiometry,0.02,1800,10,1256.0,0.8405,0.8405
Chronopotentiometry,0.02,1800,10,1256.0,0.8404,0.8404
Chronopotentiometry,0.02,1800,10,1256.0,0.8404,0.8404
Chronopotentiometry,0.02,1800,10,1256.0,0.8405,0.8405
Chronopotentiometry,0.02,1800,10,1257.0,0.8405,0.8405
Chronopotentiometry,0.02,1800,10,1257.0,0.8405,0.8405
Chronopotentiometry,0.02,1800,10,1257.0,0.8406,0.8406
Chronopotentiometry,0.02,1800,10,1257.0,0.8406,0.8406
Chronopotentiometry,0.02,1800,10,1257.0,0.8406,0.8406
Chronopotentiometry,0.02,1800,10,1257.0,0.8405,0.8405
Chronopotentiometry,0.02,1800,10,1257.0,0.8404,0.8404
Chronopotentiometry,0.02,1800,10,1257.0,0.8404,0.8404
Chronopotentiometry,0.02,1800,10,1257.0,0.8404,0.8404
Chronopotentiometry,0.02,1800,10,1257.0,0.8405,0.8405
Chronopotentiometry,0.02,1800,10,1258.0,0.8404,0.8404
Chronopotentiometry,0.02,1800,10,1258.0,0.8405,0.8405
Chronopotentiometry,0.02,1800,10,1258.0,0.8405,0.8405
Chronopotentiometry,0.02,1800,10,1258.0,0.8406,0.8406
Chronopotentiometry,0.02,1800,10,1258.0,0.8405,0.8405
Chronopotentiometry,0.02,1800,10,1258.0,0.8405,0.8405
Chronopotentiometry,0.02,1800,10,1258.0,0.8405,0.8405
Chronopotentiometry,0.02,1800,10,1258.0,0.8406,0.8406
Chronopotentiometry,0.02,1800,10,1258.0,0.8405,0.8405
Chronopotentiometry,0.02,1800,10,1258.0,0.8406,0.8406
Chronopotentiometry,0.02,1800,10,1259.0,0.8406,0.8406
Chronopotentiometry,0.02,1800,10,1259.0,0.8406,0.8406
Chronopotentiometry,0.02,1800,10,1259.0,0.8406,0.8406
Chronopotentiometry,0.02,1800,10,1259.0,0.8406,0.8406
Chronopotentiometry,0.02,1800,10,1259.0,0.8405,0.8405
Chronopotentiometry,0.02,1800,10,1259.0,0.8405,0.8405
Chronopotentiometry,0.02,1800,10,1259.0,0.8406,0.8406
Chronopotentiometry,0.02,1800,10,1259.0,0.8406,0.8406
Chronopotentiometry,0.02,1800,10,1259.0,0.8405,0.8405
Chronopotentiometry,0.02,1800,10,1259.0,0.8404,0.8404
Chronopotentiometry,0.02,1800,10,1260.0,0.8406,0.8406
Chronopotentiometry,0.02,1800,10,1260.0,0.8405,0.8405
Chronopotentiometry,0.02,1800,10,1260.0,0.8406,0.8406
Chronopotentiometry,0.02,1800,10,1260.0,0.8405,0.8405
Chronopotentiometry,0.02,1800,10,1260.0,0.8404,0.8404
Chronopotentiometry,0.02,1800,10,1260.0,0.8405,0.8405
Chronopotentiometry,0.02,1800,10,1260.0,0.8406,0.8406
Chronopotentiometry,0.02,1800,10,1260.0,0.8406,0.8406
Chronopotentiometry,0.02,1800,10,1260.0,0.8407,0.8407
Chronopotentiometry,0.02,1800,10,1260.0,0.8406,0.8406
Chronopotentiometry,0.02,1800,10,1261.0,0.8406,0.8406
Chronopotentiometry,0.02,1800,10,1261.0,0.8406,0.8406
Chronopotentiometry,0.02,1800,10,1261.0,0.8407,0.8407
Chronopotentiometry,0.02,1800,10,1261.0,0.8406,0.8406
Chronopotentiometry,0.02,1800,10,1261.0,0.8406,0.8406
Chronopotentiometry,0.02,1800,10,1261.0,0.8406,0.8406
Chronopotentiometry,0.02,1800,10,1261.0,0.8406,0.8406
Chronopotentiometry,0.02,1800,10,1261.0,0.8406,0.8406
Chronopotentiometry,0.02,1800,10,1261.0,0.8407,0.8407
Chronopotentiometry,0.02,1800,10,1261.0,0.8407,0.8407
Chronopotentiometry,0.02,1800,10,1262.0,0.8407,0.8407
Chronopotentiometry,0.02,1800,10,1262.0,0.8407,0.8407
Chronopotentiometry,0.02,1800,10,1262.0,0.8406,0.8406
Chronopotentiometry,0.02,1800,10,1262.0,0.8406,0.8406
Chronopotentiometry,0.02,1800,10,1262.0,0.8405,0.8405
Chronopotentiometry,0.02,1800,10,1262.0,0.8406,0.8406
Chronopotentiometry,0.02,1800,10,1262.0,0.8406,0.8406
Chronopotentiometry,0.02,1800,10,1262.0,0.8406,0.8406
Chronopotentiometry,0.02,1800,10,1262.0,0.8407,0.8407
Chronopotentiometry,0.02,1800,10,1262.0,0.8406,0.8406
Chronopotentiometry,0.02,1800,10,1263.0,0.8406,0.8406
Chronopotentiometry,0.02,1800,10,1263.0,0.8407,0.8407
Chronopotentiometry,0.02,1800,10,1263.0,0.8407,0.8407
Chronopotentiometry,0.02,1800,10,1263.0,0.8406,0.8406
Chronopotentiometry,0.02,1800,10,1263.0,0.8405,0.8405
Chronopotentiometry,0.02,1800,10,1263.0,0.8404,0.8404
Chronopotentiometry,0.02,1800,10,1263.0,0.8405,0.8405
Chronopotentiometry,0.02,1800,10,1263.0,0.8406,0.8406
Chronopotentiometry,0.02,1800,10,1263.0,0.8407,0.8407
Chronopotentiometry,0.02,1800,10,1263.0,0.8407,0.8407
Chronopotentiometry,0.02,1800,10,1264.0,0.8406,0.8406
Chronopotentiometry,0.02,1800,10,1264.0,0.8406,0.8406
Chronopotentiometry,0.02,1800,10,1264.0,0.8407,0.8407
Chronopotentiometry,0.02,1800,10,1264.0,0.8407,0.8407
Chronopotentiometry,0.02,1800,10,1264.0,0.8407,0.8407
Chronopotentiometry,0.02,1800,10,1264.0,0.8406,0.8406
Chronopotentiometry,0.02,1800,10,1264.0,0.8406,0.8406
Chronopotentiometry,0.02,1800,10,1264.0,0.8406,0.8406
Chronopotentiometry,0.02,1800,10,1264.0,0.8406,0.8406
Chronopotentiometry,0.02,1800,10,1264.0,0.8406,0.8406
Chronopotentiometry,0.02,1800,10,1265.0,0.8406,0.8406
Chronopotentiometry,0.02,1800,10,1265.0,0.8407,0.8407
Chronopotentiometry,0.02,1800,10,1265.0,0.8407,0.8407
Chronopotentiometry,0.02,1800,10,1265.0,0.8406,0.8406
Chronopotentiometry,0.02,1800,10,1265.0,0.8406,0.8406
Chronopotentiometry,0.02,1800,10,1265.0,0.8405,0.8405
Chronopotentiometry,0.02,1800,10,1265.0,0.8405,0.8405
Chronopotentiometry,0.02,1800,10,1265.0,0.8404,0.8404
Chronopotentiometry,0.02,1800,10,1265.0,0.8405,0.8405
Chronopotentiometry,0.02,1800,10,1265.0,0.8405,0.8405
Chronopotentiometry,0.02,1800,10,1266.0,0.8405,0.8405
Chronopotentiometry,0.02,1800,10,1266.0,0.8405,0.8405
Chronopotentiometry,0.02,1800,10,1266.0,0.8406,0.8406
Chronopotentiometry,0.02,1800,10,1266.0,0.8405,0.8405
Chronopotentiometry,0.02,1800,10,1266.0,0.8406,0.8406
Chronopotentiometry,0.02,1800,10,1266.0,0.8406,0.8406
Chronopotentiometry,0.02,1800,10,1266.0,0.8406,0.8406
Chronopotentiometry,0.02,1800,10,1266.0,0.8406,0.8406
Chronopotentiometry,0.02,1800,10,1266.0,0.8407,0.8407
Chronopotentiometry,0.02,1800,10,1266.0,0.8407,0.8407
Chronopotentiometry,0.02,1800,10,1267.0,0.8407,0.8407
Chronopotentiometry,0.02,1800,10,1267.0,0.8407,0.8407
Chronopotentiometry,0.02,1800,10,1267.0,0.8406,0.8406
Chronopotentiometry,0.02,1800,10,1267.0,0.8406,0.8406
Chronopotentiometry,0.02,1800,10,1267.0,0.8406,0.8406
Chronopotentiometry,0.02,1800,10,1267.0,0.8407,0.8407
Chronopotentiometry,0.02,1800,10,1267.0,0.8407,0.8407
Chronopotentiometry,0.02,1800,10,1267.0,0.8407,0.8407
Chronopotentiometry,0.02,1800,10,1267.0,0.8407,0.8407
Chronopotentiometry,0.02,1800,10,1267.0,0.8408,0.8408
Chronopotentiometry,0.02,1800,10,1268.0,0.8407,0.8407
Chronopotentiometry,0.02,1800,10,1268.0,0.8407,0.8407
Chronopotentiometry,0.02,1800,10,1268.0,0.8408,0.8408
Chronopotentiometry,0.02,1800,10,1268.0,0.8407,0.8407
Chronopotentiometry,0.02,1800,10,1268.0,0.8405,0.8405
Chronopotentiometry,0.02,1800,10,1268.0,0.8406,0.8406
Chronopotentiometry,0.02,1800,10,1268.0,0.8406,0.8406
Chronopotentiometry,0.02,1800,10,1268.0,0.8407,0.8407
Chronopotentiometry,0.02,1800,10,1268.0,0.8407,0.8407
Chronopotentiometry,0.02,1800,10,1268.0,0.8408,0.8408
Chronopotentiometry,0.02,1800,10,1269.0,0.8408,0.8408
Chronopotentiometry,0.02,1800,10,1269.0,0.8408,0.8408
Chronopotentiometry,0.02,1800,10,1269.0,0.8408,0.8408
Chronopotentiometry,0.02,1800,10,1269.0,0.8407,0.8407
Chronopotentiometry,0.02,1800,10,1269.0,0.8407,0.8407
Chronopotentiometry,0.02,1800,10,1269.0,0.8408,0.8408
Chronopotentiometry,0.02,1800,10,1269.0,0.8408,0.8408
Chronopotentiometry,0.02,1800,10,1269.0,0.8407,0.8407
Chronopotentiometry,0.02,1800,10,1269.0,0.8408,0.8408
Chronopotentiometry,0.02,1800,10,1269.0,0.8409,0.8409
Chronopotentiometry,0.02,1800,10,1270.0,0.8409,0.8409
Chronopotentiometry,0.02,1800,10,1270.0,0.8409,0.8409
Chronopotentiometry,0.02,1800,10,1270.0,0.8408,0.8408
Chronopotentiometry,0.02,1800,10,1270.0,0.8407,0.8407
Chronopotentiometry,0.02,1800,10,1270.0,0.8406,0.8406
Chronopotentiometry,0.02,1800,10,1270.0,0.8407,0.8407
Chronopotentiometry,0.02,1800,10,1270.0,0.8408,0.8408
Chronopotentiometry,0.02,1800,10,1270.0,0.8407,0.8407
Chronopotentiometry,0.02,1800,10,1270.0,0.8407,0.8407
Chronopotentiometry,0.02,1800,10,1270.0,0.8408,0.8408
Chronopotentiometry,0.02,1800,10,1271.0,0.8407,0.8407
Chronopotentiometry,0.02,1800,10,1271.0,0.8407,0.8407
Chronopotentiometry,0.02,1800,10,1271.0,0.8407,0.8407
Chronopotentiometry,0.02,1800,10,1271.0,0.8406,0.8406
Chronopotentiometry,0.02,1800,10,1271.0,0.8406,0.8406
Chronopotentiometry,0.02,1800,10,1271.0,0.8406,0.8406
Chronopotentiometry,0.02,1800,10,1271.0,0.8406,0.8406
Chronopotentiometry,0.02,1800,10,1271.0,0.8407,0.8407
Chronopotentiometry,0.02,1800,10,1271.0,0.8407,0.8407
Chronopotentiometry,0.02,1800,10,1271.0,0.8406,0.8406
Chronopotentiometry,0.02,1800,10,1272.0,0.8407,0.8407
Chronopotentiometry,0.02,1800,10,1272.0,0.8407,0.8407
Chronopotentiometry,0.02,1800,10,1272.0,0.8407,0.8407
Chronopotentiometry,0.02,1800,10,1272.0,0.8407,0.8407
Chronopotentiometry,0.02,1800,10,1272.0,0.8408,0.8408
Chronopotentiometry,0.02,1800,10,1272.0,0.8408,0.8408
Chronopotentiometry,0.02,1800,10,1272.0,0.8407,0.8407
Chronopotentiometry,0.02,1800,10,1272.0,0.8408,0.8408
Chronopotentiometry,0.02,1800,10,1272.0,0.8407,0.8407
Chronopotentiometry,0.02,1800,10,1272.0,0.8406,0.8406
Chronopotentiometry,0.02,1800,10,1273.0,0.8406,0.8406
Chronopotentiometry,0.02,1800,10,1273.0,0.8406,0.8406
Chronopotentiometry,0.02,1800,10,1273.0,0.8407,0.8407
Chronopotentiometry,0.02,1800,10,1273.0,0.8406,0.8406
Chronopotentiometry,0.02,1800,10,1273.0,0.8407,0.8407
Chronopotentiometry,0.02,1800,10,1273.0,0.8408,0.8408
Chronopotentiometry,0.02,1800,10,1273.0,0.8407,0.8407
Chronopotentiometry,0.02,1800,10,1273.0,0.8408,0.8408
Chronopotentiometry,0.02,1800,10,1273.0,0.8407,0.8407
Chronopotentiometry,0.02,1800,10,1273.0,0.8407,0.8407
Chronopotentiometry,0.02,1800,10,1274.0,0.8407,0.8407
Chronopotentiometry,0.02,1800,10,1274.0,0.8406,0.8406
Chronopotentiometry,0.02,1800,10,1274.0,0.8407,0.8407
Chronopotentiometry,0.02,1800,10,1274.0,0.8407,0.8407
Chronopotentiometry,0.02,1800,10,1274.0,0.8407,0.8407
Chronopotentiometry,0.02,1800,10,1274.0,0.8408,0.8408
Chronopotentiometry,0.02,1800,10,1274.0,0.8408,0.8408
Chronopotentiometry,0.02,1800,10,1274.0,0.8407,0.8407
Chronopotentiometry,0.02,1800,10,1274.0,0.8408,0.8408
Chronopotentiometry,0.02,1800,10,1274.0,0.8408,0.8408
Chronopotentiometry,0.02,1800,10,1275.0,0.8409,0.8409
Chronopotentiometry,0.02,1800,10,1275.0,0.8409,0.8409
Chronopotentiometry,0.02,1800,10,1275.0,0.8408,0.8408
Chronopotentiometry,0.02,1800,10,1275.0,0.8408,0.8408
Chronopotentiometry,0.02,1800,10,1275.0,0.8408,0.8408
Chronopotentiometry,0.02,1800,10,1275.0,0.8408,0.8408
Chronopotentiometry,0.02,1800,10,1275.0,0.8408,0.8408
Chronopotentiometry,0.02,1800,10,1275.0,0.8407,0.8407
Chronopotentiometry,0.02,1800,10,1275.0,0.8407,0.8407
Chronopotentiometry,0.02,1800,10,1275.0,0.8407,0.8407
Chronopotentiometry,0.02,1800,10,1276.0,0.8407,0.8407
Chronopotentiometry,0.02,1800,10,1276.0,0.8408,0.8408
Chronopotentiometry,0.02,1800,10,1276.0,0.8409,0.8409
Chronopotentiometry,0.02,1800,10,1276.0,0.8409,0.8409
Chronopotentiometry,0.02,1800,10,1276.0,0.8408,0.8408
Chronopotentiometry,0.02,1800,10,1276.0,0.8407,0.8407
Chronopotentiometry,0.02,1800,10,1276.0,0.8407,0.8407
Chronopotentiometry,0.02,1800,10,1276.0,0.8408,0.8408
Chronopotentiometry,0.02,1800,10,1276.0,0.8408,0.8408
Chronopotentiometry,0.02,1800,10,1276.0,0.8407,0.8407
Chronopotentiometry,0.02,1800,10,1277.0,0.8408,0.8408
Chronopotentiometry,0.02,1800,10,1277.0,0.8409,0.8409
Chronopotentiometry,0.02,1800,10,1277.0,0.8408,0.8408
Chronopotentiometry,0.02,1800,10,1277.0,0.8407,0.8407
Chronopotentiometry,0.02,1800,10,1277.0,0.8408,0.8408
Chronopotentiometry,0.02,1800,10,1277.0,0.8408,0.8408
Chronopotentiometry,0.02,1800,10,1277.0,0.8408,0.8408
Chronopotentiometry,0.02,1800,10,1277.0,0.8407,0.8407
Chronopotentiometry,0.02,1800,10,1277.0,0.8409,0.8409
Chronopotentiometry,0.02,1800,10,1277.0,0.8408,0.8408
Chronopotentiometry,0.02,1800,10,1278.0,0.8408,0.8408
Chronopotentiometry,0.02,1800,10,1278.0,0.8408,0.8408
Chronopotentiometry,0.02,1800,10,1278.0,0.8408,0.8408
Chronopotentiometry,0.02,1800,10,1278.0,0.8407,0.8407
Chronopotentiometry,0.02,1800,10,1278.0,0.8406,0.8406
Chronopotentiometry,0.02,1800,10,1278.0,0.8407,0.8407
Chronopotentiometry,0.02,1800,10,1278.0,0.8407,0.8407
Chronopotentiometry,0.02,1800,10,1278.0,0.8408,0.8408
Chronopotentiometry,0.02,1800,10,1278.0,0.8406,0.8406
Chronopotentiometry,0.02,1800,10,1278.0,0.8407,0.8407
Chronopotentiometry,0.02,1800,10,1279.0,0.8406,0.8406
Chronopotentiometry,0.02,1800,10,1279.0,0.8406,0.8406
Chronopotentiometry,0.02,1800,10,1279.0,0.8406,0.8406
Chronopotentiometry,0.02,1800,10,1279.0,0.8406,0.8406
Chronopotentiometry,0.02,1800,10,1279.0,0.8406,0.8406
Chronopotentiometry,0.02,1800,10,1279.0,0.8406,0.8406
Chronopotentiometry,0.02,1800,10,1279.0,0.8407,0.8407
Chronopotentiometry,0.02,1800,10,1279.0,0.8407,0.8407
Chronopotentiometry,0.02,1800,10,1279.0,0.8407,0.8407
Chronopotentiometry,0.02,1800,10,1279.0,0.8406,0.8406
Chronopotentiometry,0.02,1800,10,1280.0,0.8406,0.8406
Chronopotentiometry,0.02,1800,10,1280.0,0.8406,0.8406
Chronopotentiometry,0.02,1800,10,1280.0,0.8407,0.8407
Chronopotentiometry,0.02,1800,10,1280.0,0.8407,0.8407
Chronopotentiometry,0.02,1800,10,1280.0,0.8406,0.8406
Chronopotentiometry,0.02,1800,10,1280.0,0.8408,0.8408
Chronopotentiometry,0.02,1800,10,1280.0,0.8408,0.8408
Chronopotentiometry,0.02,1800,10,1280.0,0.8408,0.8408
Chronopotentiometry,0.02,1800,10,1280.0,0.8408,0.8408
Chronopotentiometry,0.02,1800,10,1280.0,0.8408,0.8408
Chronopotentiometry,0.02,1800,10,1281.0,0.8408,0.8408
Chronopotentiometry,0.02,1800,10,1281.0,0.8409,0.8409
Chronopotentiometry,0.02,1800,10,1281.0,0.8407,0.8407
Chronopotentiometry,0.02,1800,10,1281.0,0.8406,0.8406
Chronopotentiometry,0.02,1800,10,1281.0,0.8406,0.8406
Chronopotentiometry,0.02,1800,10,1281.0,0.8407,0.8407
Chronopotentiometry,0.02,1800,10,1281.0,0.8407,0.8407
Chronopotentiometry,0.02,1800,10,1281.0,0.8407,0.8407
Chronopotentiometry,0.02,1800,10,1281.0,0.8407,0.8407
Chronopotentiometry,0.02,1800,10,1281.0,0.8407,0.8407
Chronopotentiometry,0.02,1800,10,1282.0,0.8407,0.8407
Chronopotentiometry,0.02,1800,10,1282.0,0.8406,0.8406
Chronopotentiometry,0.02,1800,10,1282.0,0.8407,0.8407
Chronopotentiometry,0.02,1800,10,1282.0,0.8406,0.8406
Chronopotentiometry,0.02,1800,10,1282.0,0.8406,0.8406
Chronopotentiometry,0.02,1800,10,1282.0,0.8407,0.8407
Chronopotentiometry,0.02,1800,10,1282.0,0.8408,0.8408
Chronopotentiometry,0.02,1800,10,1282.0,0.8407,0.8407
Chronopotentiometry,0.02,1800,10,1282.0,0.8408,0.8408
Chronopotentiometry,0.02,1800,10,1282.0,0.8407,0.8407
Chronopotentiometry,0.02,1800,10,1283.0,0.8407,0.8407
Chronopotentiometry,0.02,1800,10,1283.0,0.8408,0.8408
Chronopotentiometry,0.02,1800,10,1283.0,0.8407,0.8407
Chronopotentiometry,0.02,1800,10,1283.0,0.8406,0.8406
Chronopotentiometry,0.02,1800,10,1283.0,0.8407,0.8407
Chronopotentiometry,0.02,1800,10,1283.0,0.8406,0.8406
Chronopotentiometry,0.02,1800,10,1283.0,0.8408,0.8408
Chronopotentiometry,0.02,1800,10,1283.0,0.8408,0.8408
Chronopotentiometry,0.02,1800,10,1283.0,0.8407,0.8407
Chronopotentiometry,0.02,1800,10,1283.0,0.8408,0.8408
Chronopotentiometry,0.02,1800,10,1284.0,0.8408,0.8408
Chronopotentiometry,0.02,1800,10,1284.0,0.8408,0.8408
Chronopotentiometry,0.02,1800,10,1284.0,0.8409,0.8409
Chronopotentiometry,0.02,1800,10,1284.0,0.8409,0.8409
Chronopotentiometry,0.02,1800,10,1284.0,0.8408,0.8408
Chronopotentiometry,0.02,1800,10,1284.0,0.8408,0.8408
Chronopotentiometry,0.02,1800,10,1284.0,0.8407,0.8407
Chronopotentiometry,0.02,1800,10,1284.0,0.8408,0.8408
Chronopotentiometry,0.02,1800,10,1284.0,0.8409,0.8409
Chronopotentiometry,0.02,1800,10,1284.0,0.8409,0.8409
Chronopotentiometry,0.02,1800,10,1285.0,0.8409,0.8409
Chronopotentiometry,0.02,1800,10,1285.0,0.8407,0.8407
Chronopotentiometry,0.02,1800,10,1285.0,0.8407,0.8407
Chronopotentiometry,0.02,1800,10,1285.0,0.8407,0.8407
Chronopotentiometry,0.02,1800,10,1285.0,0.8408,0.8408
Chronopotentiometry,0.02,1800,10,1285.0,0.8407,0.8407
Chronopotentiometry,0.02,1800,10,1285.0,0.8407,0.8407
Chronopotentiometry,0.02,1800,10,1285.0,0.8408,0.8408
Chronopotentiometry,0.02,1800,10,1285.0,0.8408,0.8408
Chronopotentiometry,0.02,1800,10,1285.0,0.8408,0.8408
Chronopotentiometry,0.02,1800,10,1286.0,0.8408,0.8408
Chronopotentiometry,0.02,1800,10,1286.0,0.8408,0.8408
Chronopotentiometry,0.02,1800,10,1286.0,0.8408,0.8408
Chronopotentiometry,0.02,1800,10,1286.0,0.8407,0.8407
Chronopotentiometry,0.02,1800,10,1286.0,0.8409,0.8409
Chronopotentiometry,0.02,1800,10,1286.0,0.841,0.841
Chronopotentiometry,0.02,1800,10,1286.0,0.841,0.841
Chronopotentiometry,0.02,1800,10,1286.0,0.8409,0.8409
Chronopotentiometry,0.02,1800,10,1286.0,0.8408,0.8408
Chronopotentiometry,0.02,1800,10,1286.0,0.8408,0.8408
Chronopotentiometry,0.02,1800,10,1287.0,0.8409,0.8409
Chronopotentiometry,0.02,1800,10,1287.0,0.8409,0.8409
Chronopotentiometry,0.02,1800,10,1287.0,0.8408,0.8408
Chronopotentiometry,0.02,1800,10,1287.0,0.8409,0.8409
Chronopotentiometry,0.02,1800,10,1287.0,0.841,0.841
Chronopotentiometry,0.02,1800,10,1287.0,0.8411,0.8411
Chronopotentiometry,0.02,1800,10,1287.0,0.8411,0.8411
Chronopotentiometry,0.02,1800,10,1287.0,0.8409,0.8409
Chronopotentiometry,0.02,1800,10,1287.0,0.8409,0.8409
Chronopotentiometry,0.02,1800,10,1287.0,0.8408,0.8408
Chronopotentiometry,0.02,1800,10,1288.0,0.8409,0.8409
Chronopotentiometry,0.02,1800,10,1288.0,0.8408,0.8408
Chronopotentiometry,0.02,1800,10,1288.0,0.8408,0.8408
Chronopotentiometry,0.02,1800,10,1288.0,0.8409,0.8409
Chronopotentiometry,0.02,1800,10,1288.0,0.841,0.841
Chronopotentiometry,0.02,1800,10,1288.0,0.8409,0.8409
Chronopotentiometry,0.02,1800,10,1288.0,0.8409,0.8409
Chronopotentiometry,0.02,1800,10,1288.0,0.841,0.841
Chronopotentiometry,0.02,1800,10,1288.0,0.841,0.841
Chronopotentiometry,0.02,1800,10,1288.0,0.8409,0.8409
Chronopotentiometry,0.02,1800,10,1289.0,0.841,0.841
Chronopotentiometry,0.02,1800,10,1289.0,0.841,0.841
Chronopotentiometry,0.02,1800,10,1289.0,0.8408,0.8408
Chronopotentiometry,0.02,1800,10,1289.0,0.8409,0.8409
Chronopotentiometry,0.02,1800,10,1289.0,0.8409,0.8409
Chronopotentiometry,0.02,1800,10,1289.0,0.841,0.841
Chronopotentiometry,0.02,1800,10,1289.0,0.8409,0.8409
Chronopotentiometry,0.02,1800,10,1289.0,0.8409,0.8409
Chronopotentiometry,0.02,1800,10,1289.0,0.8409,0.8409
Chronopotentiometry,0.02,1800,10,1289.0,0.8409,0.8409
Chronopotentiometry,0.02,1800,10,1290.0,0.841,0.841
Chronopotentiometry,0.02,1800,10,1290.0,0.841,0.841
Chronopotentiometry,0.02,1800,10,1290.0,0.8411,0.8411
Chronopotentiometry,0.02,1800,10,1290.0,0.8411,0.8411
Chronopotentiometry,0.02,1800,10,1290.0,0.841,0.841
Chronopotentiometry,0.02,1800,10,1290.0,0.841,0.841
Chronopotentiometry,0.02,1800,10,1290.0,0.8411,0.8411
Chronopotentiometry,0.02,1800,10,1290.0,0.841,0.841
Chronopotentiometry,0.02,1800,10,1290.0,0.841,0.841
Chronopotentiometry,0.02,1800,10,1290.0,0.841,0.841
Chronopotentiometry,0.02,1800,10,1291.0,0.8409,0.8409
Chronopotentiometry,0.02,1800,10,1291.0,0.8409,0.8409
Chronopotentiometry,0.02,1800,10,1291.0,0.8409,0.8409
Chronopotentiometry,0.02,1800,10,1291.0,0.8409,0.8409
Chronopotentiometry,0.02,1800,10,1291.0,0.8409,0.8409
Chronopotentiometry,0.02,1800,10,1291.0,0.8409,0.8409
Chronopotentiometry,0.02,1800,10,1291.0,0.841,0.841
Chronopotentiometry,0.02,1800,10,1291.0,0.841,0.841
Chronopotentiometry,0.02,1800,10,1291.0,0.841,0.841
Chronopotentiometry,0.02,1800,10,1291.0,0.8409,0.8409
Chronopotentiometry,0.02,1800,10,1292.0,0.8409,0.8409
Chronopotentiometry,0.02,1800,10,1292.0,0.841,0.841
Chronopotentiometry,0.02,1800,10,1292.0,0.841,0.841
Chronopotentiometry,0.02,1800,10,1292.0,0.8409,0.8409
Chronopotentiometry,0.02,1800,10,1292.0,0.8409,0.8409
Chronopotentiometry,0.02,1800,10,1292.0,0.8409,0.8409
Chronopotentiometry,0.02,1800,10,1292.0,0.8409,0.8409
Chronopotentiometry,0.02,1800,10,1292.0,0.841,0.841
Chronopotentiometry,0.02,1800,10,1292.0,0.841,0.841
Chronopotentiometry,0.02,1800,10,1292.0,0.841,0.841
Chronopotentiometry,0.02,1800,10,1293.0,0.8411,0.8411
Chronopotentiometry,0.02,1800,10,1293.0,0.8409,0.8409
Chronopotentiometry,0.02,1800,10,1293.0,0.8409,0.8409
Chronopotentiometry,0.02,1800,10,1293.0,0.841,0.841
Chronopotentiometry,0.02,1800,10,1293.0,0.841,0.841
Chronopotentiometry,0.02,1800,10,1293.0,0.8411,0.8411
Chronopotentiometry,0.02,1800,10,1293.0,0.8411,0.8411
Chronopotentiometry,0.02,1800,10,1293.0,0.841,0.841
Chronopotentiometry,0.02,1800,10,1293.0,0.841,0.841
Chronopotentiometry,0.02,1800,10,1293.0,0.8411,0.8411
Chronopotentiometry,0.02,1800,10,1294.0,0.8411,0.8411
Chronopotentiometry,0.02,1800,10,1294.0,0.841,0.841
Chronopotentiometry,0.02,1800,10,1294.0,0.8408,0.8408
Chronopotentiometry,0.02,1800,10,1294.0,0.8409,0.8409
Chronopotentiometry,0.02,1800,10,1294.0,0.8409,0.8409
Chronopotentiometry,0.02,1800,10,1294.0,0.8408,0.8408
Chronopotentiometry,0.02,1800,10,1294.0,0.8409,0.8409
Chronopotentiometry,0.02,1800,10,1294.0,0.841,0.841
Chronopotentiometry,0.02,1800,10,1294.0,0.8411,0.8411
Chronopotentiometry,0.02,1800,10,1294.0,0.8411,0.8411
Chronopotentiometry,0.02,1800,10,1295.0,0.841,0.841
Chronopotentiometry,0.02,1800,10,1295.0,0.841,0.841
Chronopotentiometry,0.02,1800,10,1295.0,0.841,0.841
Chronopotentiometry,0.02,1800,10,1295.0,0.841,0.841
Chronopotentiometry,0.02,1800,10,1295.0,0.8411,0.8411
Chronopotentiometry,0.02,1800,10,1295.0,0.8409,0.8409
Chronopotentiometry,0.02,1800,10,1295.0,0.8409,0.8409
Chronopotentiometry,0.02,1800,10,1295.0,0.841,0.841
Chronopotentiometry,0.02,1800,10,1295.0,0.841,0.841
Chronopotentiometry,0.02,1800,10,1295.0,0.841,0.841
Chronopotentiometry,0.02,1800,10,1296.0,0.8411,0.8411
Chronopotentiometry,0.02,1800,10,1296.0,0.8411,0.8411
Chronopotentiometry,0.02,1800,10,1296.0,0.8411,0.8411
Chronopotentiometry,0.02,1800,10,1296.0,0.8411,0.8411
Chronopotentiometry,0.02,1800,10,1296.0,0.8411,0.8411
Chronopotentiometry,0.02,1800,10,1296.0,0.841,0.841
Chronopotentiometry,0.02,1800,10,1296.0,0.8411,0.8411
Chronopotentiometry,0.02,1800,10,1296.0,0.841,0.841
Chronopotentiometry,0.02,1800,10,1296.0,0.8409,0.8409
Chronopotentiometry,0.02,1800,10,1296.0,0.8409,0.8409
Chronopotentiometry,0.02,1800,10,1297.0,0.841,0.841
Chronopotentiometry,0.02,1800,10,1297.0,0.8409,0.8409
Chronopotentiometry,0.02,1800,10,1297.0,0.8408,0.8408
Chronopotentiometry,0.02,1800,10,1297.0,0.8409,0.8409
Chronopotentiometry,0.02,1800,10,1297.0,0.8408,0.8408
Chronopotentiometry,0.02,1800,10,1297.0,0.8409,0.8409
Chronopotentiometry,0.02,1800,10,1297.0,0.8408,0.8408
Chronopotentiometry,0.02,1800,10,1297.0,0.8408,0.8408
Chronopotentiometry,0.02,1800,10,1297.0,0.841,0.841
Chronopotentiometry,0.02,1800,10,1297.0,0.8409,0.8409
Chronopotentiometry,0.02,1800,10,1298.0,0.8408,0.8408
Chronopotentiometry,0.02,1800,10,1298.0,0.8409,0.8409
Chronopotentiometry,0.02,1800,10,1298.0,0.8409,0.8409
Chronopotentiometry,0.02,1800,10,1298.0,0.841,0.841
Chronopotentiometry,0.02,1800,10,1298.0,0.8409,0.8409
Chronopotentiometry,0.02,1800,10,1298.0,0.841,0.841
Chronopotentiometry,0.02,1800,10,1298.0,0.8409,0.8409
Chronopotentiometry,0.02,1800,10,1298.0,0.841,0.841
Chronopotentiometry,0.02,1800,10,1298.0,0.841,0.841
Chronopotentiometry,0.02,1800,10,1298.0,0.8409,0.8409
Chronopotentiometry,0.02,1800,10,1299.0,0.8409,0.8409
Chronopotentiometry,0.02,1800,10,1299.0,0.8409,0.8409
Chronopotentiometry,0.02,1800,10,1299.0,0.8409,0.8409
Chronopotentiometry,0.02,1800,10,1299.0,0.841,0.841
Chronopotentiometry,0.02,1800,10,1299.0,0.8409,0.8409
Chronopotentiometry,0.02,1800,10,1299.0,0.8409,0.8409
Chronopotentiometry,0.02,1800,10,1299.0,0.841,0.841
Chronopotentiometry,0.02,1800,10,1299.0,0.841,0.841
Chronopotentiometry,0.02,1800,10,1299.0,0.8411,0.8411
Chronopotentiometry,0.02,1800,10,1299.0,0.8411,0.8411
Chronopotentiometry,0.02,1800,10,1300.0,0.8411,0.8411
Chronopotentiometry,0.02,1800,10,1300.0,0.8409,0.8409
Chronopotentiometry,0.02,1800,10,1300.0,0.8409,0.8409
Chronopotentiometry,0.02,1800,10,1300.0,0.8408,0.8408
Chronopotentiometry,0.02,1800,10,1300.0,0.8408,0.8408
Chronopotentiometry,0.02,1800,10,1300.0,0.8409,0.8409
Chronopotentiometry,0.02,1800,10,1300.0,0.8408,0.8408
Chronopotentiometry,0.02,1800,10,1300.0,0.841,0.841
Chronopotentiometry,0.02,1800,10,1300.0,0.8409,0.8409
Chronopotentiometry,0.02,1800,10,1300.0,0.841,0.841
Chronopotentiometry,0.02,1800,10,1301.0,0.841,0.841
Chronopotentiometry,0.02,1800,10,1301.0,0.8409,0.8409
Chronopotentiometry,0.02,1800,10,1301.0,0.8411,0.8411
Chronopotentiometry,0.02,1800,10,1301.0,0.8411,0.8411
Chronopotentiometry,0.02,1800,10,1301.0,0.8411,0.8411
Chronopotentiometry,0.02,1800,10,1301.0,0.841,0.841
Chronopotentiometry,0.02,1800,10,1301.0,0.8411,0.8411
Chronopotentiometry,0.02,1800,10,1301.0,0.841,0.841
Chronopotentiometry,0.02,1800,10,1301.0,0.841,0.841
Chronopotentiometry,0.02,1800,10,1301.0,0.8411,0.8411
Chronopotentiometry,0.02,1800,10,1302.0,0.8411,0.8411
Chronopotentiometry,0.02,1800,10,1302.0,0.8411,0.8411
Chronopotentiometry,0.02,1800,10,1302.0,0.8411,0.8411
Chronopotentiometry,0.02,1800,10,1302.0,0.8412,0.8412
Chronopotentiometry,0.02,1800,10,1302.0,0.8411,0.8411
Chronopotentiometry,0.02,1800,10,1302.0,0.8412,0.8412
Chronopotentiometry,0.02,1800,10,1302.0,0.8411,0.8411
Chronopotentiometry,0.02,1800,10,1302.0,0.8412,0.8412
Chronopotentiometry,0.02,1800,10,1302.0,0.8411,0.8411
Chronopotentiometry,0.02,1800,10,1302.0,0.841,0.841
Chronopotentiometry,0.02,1800,10,1303.0,0.8411,0.8411
Chronopotentiometry,0.02,1800,10,1303.0,0.8411,0.8411
Chronopotentiometry,0.02,1800,10,1303.0,0.8411,0.8411
Chronopotentiometry,0.02,1800,10,1303.0,0.841,0.841
Chronopotentiometry,0.02,1800,10,1303.0,0.8411,0.8411
Chronopotentiometry,0.02,1800,10,1303.0,0.8411,0.8411
Chronopotentiometry,0.02,1800,10,1303.0,0.8411,0.8411
Chronopotentiometry,0.02,1800,10,1303.0,0.841,0.841
Chronopotentiometry,0.02,1800,10,1303.0,0.841,0.841
Chronopotentiometry,0.02,1800,10,1303.0,0.841,0.841
Chronopotentiometry,0.02,1800,10,1304.0,0.841,0.841
Chronopotentiometry,0.02,1800,10,1304.0,0.841,0.841
Chronopotentiometry,0.02,1800,10,1304.0,0.841,0.841
Chronopotentiometry,0.02,1800,10,1304.0,0.8411,0.8411
Chronopotentiometry,0.02,1800,10,1304.0,0.8411,0.8411
Chronopotentiometry,0.02,1800,10,1304.0,0.8411,0.8411
Chronopotentiometry,0.02,1800,10,1304.0,0.8411,0.8411
Chronopotentiometry,0.02,1800,10,1304.0,0.8411,0.8411
Chronopotentiometry,0.02,1800,10,1304.0,0.8412,0.8412
Chronopotentiometry,0.02,1800,10,1304.0,0.8411,0.8411
Chronopotentiometry,0.02,1800,10,1305.0,0.8411,0.8411
Chronopotentiometry,0.02,1800,10,1305.0,0.8412,0.8412
Chronopotentiometry,0.02,1800,10,1305.0,0.8412,0.8412
Chronopotentiometry,0.02,1800,10,1305.0,0.8412,0.8412
Chronopotentiometry,0.02,1800,10,1305.0,0.8412,0.8412
Chronopotentiometry,0.02,1800,10,1305.0,0.8412,0.8412
Chronopotentiometry,0.02,1800,10,1305.0,0.8411,0.8411
Chronopotentiometry,0.02,1800,10,1305.0,0.8412,0.8412
Chronopotentiometry,0.02,1800,10,1305.0,0.8412,0.8412
Chronopotentiometry,0.02,1800,10,1305.0,0.8412,0.8412
Chronopotentiometry,0.02,1800,10,1306.0,0.8412,0.8412
Chronopotentiometry,0.02,1800,10,1306.0,0.8412,0.8412
Chronopotentiometry,0.02,1800,10,1306.0,0.8411,0.8411
Chronopotentiometry,0.02,1800,10,1306.0,0.8412,0.8412
Chronopotentiometry,0.02,1800,10,1306.0,0.8412,0.8412
Chronopotentiometry,0.02,1800,10,1306.0,0.8411,0.8411
Chronopotentiometry,0.02,1800,10,1306.0,0.8412,0.8412
Chronopotentiometry,0.02,1800,10,1306.0,0.8412,0.8412
Chronopotentiometry,0.02,1800,10,1306.0,0.8411,0.8411
Chronopotentiometry,0.02,1800,10,1306.0,0.8411,0.8411
Chronopotentiometry,0.02,1800,10,1307.0,0.8411,0.8411
Chronopotentiometry,0.02,1800,10,1307.0,0.8411,0.8411
Chronopotentiometry,0.02,1800,10,1307.0,0.8412,0.8412
Chronopotentiometry,0.02,1800,10,1307.0,0.8412,0.8412
Chronopotentiometry,0.02,1800,10,1307.0,0.8412,0.8412
Chronopotentiometry,0.02,1800,10,1307.0,0.8412,0.8412
Chronopotentiometry,0.02,1800,10,1307.0,0.8412,0.8412
Chronopotentiometry,0.02,1800,10,1307.0,0.8412,0.8412
Chronopotentiometry,0.02,1800,10,1307.0,0.8412,0.8412
Chronopotentiometry,0.02,1800,10,1307.0,0.8411,0.8411
Chronopotentiometry,0.02,1800,10,1308.0,0.8411,0.8411
Chronopotentiometry,0.02,1800,10,1308.0,0.8412,0.8412
Chronopotentiometry,0.02,1800,10,1308.0,0.8412,0.8412
Chronopotentiometry,0.02,1800,10,1308.0,0.8411,0.8411
Chronopotentiometry,0.02,1800,10,1308.0,0.8412,0.8412
Chronopotentiometry,0.02,1800,10,1308.0,0.8413,0.8413
Chronopotentiometry,0.02,1800,10,1308.0,0.8413,0.8413
Chronopotentiometry,0.02,1800,10,1308.0,0.8413,0.8413
Chronopotentiometry,0.02,1800,10,1308.0,0.8413,0.8413
Chronopotentiometry,0.02,1800,10,1308.0,0.8412,0.8412
Chronopotentiometry,0.02,1800,10,1309.0,0.8413,0.8413
Chronopotentiometry,0.02,1800,10,1309.0,0.8413,0.8413
Chronopotentiometry,0.02,1800,10,1309.0,0.8413,0.8413
Chronopotentiometry,0.02,1800,10,1309.0,0.8413,0.8413
Chronopotentiometry,0.02,1800,10,1309.0,0.8413,0.8413
Chronopotentiometry,0.02,1800,10,1309.0,0.8413,0.8413
Chronopotentiometry,0.02,1800,10,1309.0,0.8412,0.8412
Chronopotentiometry,0.02,1800,10,1309.0,0.8411,0.8411
Chronopotentiometry,0.02,1800,10,1309.0,0.8412,0.8412
Chronopotentiometry,0.02,1800,10,1309.0,0.8413,0.8413
Chronopotentiometry,0.02,1800,10,1310.0,0.8411,0.8411
Chronopotentiometry,0.02,1800,10,1310.0,0.8412,0.8412
Chronopotentiometry,0.02,1800,10,1310.0,0.8413,0.8413
Chronopotentiometry,0.02,1800,10,1310.0,0.8412,0.8412
Chronopotentiometry,0.02,1800,10,1310.0,0.8411,0.8411
Chronopotentiometry,0.02,1800,10,1310.0,0.8412,0.8412
Chronopotentiometry,0.02,1800,10,1310.0,0.8413,0.8413
Chronopotentiometry,0.02,1800,10,1310.0,0.8413,0.8413
Chronopotentiometry,0.02,1800,10,1310.0,0.8412,0.8412
Chronopotentiometry,0.02,1800,10,1310.0,0.8412,0.8412
Chronopotentiometry,0.02,1800,10,1311.0,0.8412,0.8412
Chronopotentiometry,0.02,1800,10,1311.0,0.8413,0.8413
Chronopotentiometry,0.02,1800,10,1311.0,0.8412,0.8412
Chronopotentiometry,0.02,1800,10,1311.0,0.8411,0.8411
Chronopotentiometry,0.02,1800,10,1311.0,0.8411,0.8411
Chronopotentiometry,0.02,1800,10,1311.0,0.8413,0.8413
Chronopotentiometry,0.02,1800,10,1311.0,0.8413,0.8413
Chronopotentiometry,0.02,1800,10,1311.0,0.8413,0.8413
Chronopotentiometry,0.02,1800,10,1311.0,0.8412,0.8412
Chronopotentiometry,0.02,1800,10,1311.0,0.8411,0.8411
Chronopotentiometry,0.02,1800,10,1312.0,0.8412,0.8412
Chronopotentiometry,0.02,1800,10,1312.0,0.8412,0.8412
Chronopotentiometry,0.02,1800,10,1312.0,0.8412,0.8412
Chronopotentiometry,0.02,1800,10,1312.0,0.8413,0.8413
Chronopotentiometry,0.02,1800,10,1312.0,0.8413,0.8413
Chronopotentiometry,0.02,1800,10,1312.0,0.8414,0.8414
Chronopotentiometry,0.02,1800,10,1312.0,0.8414,0.8414
Chronopotentiometry,0.02,1800,10,1312.0,0.8413,0.8413
Chronopotentiometry,0.02,1800,10,1312.0,0.8411,0.8411
Chronopotentiometry,0.02,1800,10,1312.0,0.8411,0.8411
Chronopotentiometry,0.02,1800,10,1313.0,0.8412,0.8412
Chronopotentiometry,0.02,1800,10,1313.0,0.8412,0.8412
Chronopotentiometry,0.02,1800,10,1313.0,0.8413,0.8413
Chronopotentiometry,0.02,1800,10,1313.0,0.8412,0.8412
Chronopotentiometry,0.02,1800,10,1313.0,0.8412,0.8412
Chronopotentiometry,0.02,1800,10,1313.0,0.8414,0.8414
Chronopotentiometry,0.02,1800,10,1313.0,0.8415,0.8415
Chronopotentiometry,0.02,1800,10,1313.0,0.8414,0.8414
Chronopotentiometry,0.02,1800,10,1313.0,0.8413,0.8413
Chronopotentiometry,0.02,1800,10,1313.0,0.8412,0.8412
Chronopotentiometry,0.02,1800,10,1314.0,0.8413,0.8413
Chronopotentiometry,0.02,1800,10,1314.0,0.8413,0.8413
Chronopotentiometry,0.02,1800,10,1314.0,0.8413,0.8413
Chronopotentiometry,0.02,1800,10,1314.0,0.8414,0.8414
Chronopotentiometry,0.02,1800,10,1314.0,0.8413,0.8413
Chronopotentiometry,0.02,1800,10,1314.0,0.8413,0.8413
Chronopotentiometry,0.02,1800,10,1314.0,0.8414,0.8414
Chronopotentiometry,0.02,1800,10,1314.0,0.8414,0.8414
Chronopotentiometry,0.02,1800,10,1314.0,0.8414,0.8414
Chronopotentiometry,0.02,1800,10,1314.0,0.8413,0.8413
Chronopotentiometry,0.02,1800,10,1315.0,0.8413,0.8413
Chronopotentiometry,0.02,1800,10,1315.0,0.8413,0.8413
Chronopotentiometry,0.02,1800,10,1315.0,0.8414,0.8414
Chronopotentiometry,0.02,1800,10,1315.0,0.8413,0.8413
Chronopotentiometry,0.02,1800,10,1315.0,0.8414,0.8414
Chronopotentiometry,0.02,1800,10,1315.0,0.8414,0.8414
Chronopotentiometry,0.02,1800,10,1315.0,0.8414,0.8414
Chronopotentiometry,0.02,1800,10,1315.0,0.8413,0.8413
Chronopotentiometry,0.02,1800,10,1315.0,0.8414,0.8414
Chronopotentiometry,0.02,1800,10,1315.0,0.8413,0.8413
Chronopotentiometry,0.02,1800,10,1316.0,0.8413,0.8413
Chronopotentiometry,0.02,1800,10,1316.0,0.8412,0.8412
Chronopotentiometry,0.02,1800,10,1316.0,0.8412,0.8412
Chronopotentiometry,0.02,1800,10,1316.0,0.8413,0.8413
Chronopotentiometry,0.02,1800,10,1316.0,0.8413,0.8413
Chronopotentiometry,0.02,1800,10,1316.0,0.8413,0.8413
Chronopotentiometry,0.02,1800,10,1316.0,0.8413,0.8413
Chronopotentiometry,0.02,1800,10,1316.0,0.8413,0.8413
Chronopotentiometry,0.02,1800,10,1316.0,0.8413,0.8413
Chronopotentiometry,0.02,1800,10,1316.0,0.8414,0.8414
Chronopotentiometry,0.02,1800,10,1317.0,0.8413,0.8413
Chronopotentiometry,0.02,1800,10,1317.0,0.8412,0.8412
Chronopotentiometry,0.02,1800,10,1317.0,0.8412,0.8412
Chronopotentiometry,0.02,1800,10,1317.0,0.8413,0.8413
Chronopotentiometry,0.02,1800,10,1317.0,0.8413,0.8413
Chronopotentiometry,0.02,1800,10,1317.0,0.8413,0.8413
Chronopotentiometry,0.02,1800,10,1317.0,0.8414,0.8414
Chronopotentiometry,0.02,1800,10,1317.0,0.8413,0.8413
Chronopotentiometry,0.02,1800,10,1317.0,0.8413,0.8413
Chronopotentiometry,0.02,1800,10,1317.0,0.8413,0.8413
Chronopotentiometry,0.02,1800,10,1318.0,0.8413,0.8413
Chronopotentiometry,0.02,1800,10,1318.0,0.8413,0.8413
Chronopotentiometry,0.02,1800,10,1318.0,0.8413,0.8413
Chronopotentiometry,0.02,1800,10,1318.0,0.8413,0.8413
Chronopotentiometry,0.02,1800,10,1318.0,0.8414,0.8414
Chronopotentiometry,0.02,1800,10,1318.0,0.8413,0.8413
Chronopotentiometry,0.02,1800,10,1318.0,0.8413,0.8413
Chronopotentiometry,0.02,1800,10,1318.0,0.8413,0.8413
Chronopotentiometry,0.02,1800,10,1318.0,0.8413,0.8413
Chronopotentiometry,0.02,1800,10,1318.0,0.8412,0.8412
Chronopotentiometry,0.02,1800,10,1319.0,0.8412,0.8412
Chronopotentiometry,0.02,1800,10,1319.0,0.8412,0.8412
Chronopotentiometry,0.02,1800,10,1319.0,0.8413,0.8413
Chronopotentiometry,0.02,1800,10,1319.0,0.8413,0.8413
Chronopotentiometry,0.02,1800,10,1319.0,0.8412,0.8412
Chronopotentiometry,0.02,1800,10,1319.0,0.8412,0.8412
Chronopotentiometry,0.02,1800,10,1319.0,0.8412,0.8412
Chronopotentiometry,0.02,1800,10,1319.0,0.8413,0.8413
Chronopotentiometry,0.02,1800,10,1319.0,0.8413,0.8413
Chronopotentiometry,0.02,1800,10,1319.0,0.8414,0.8414
Chronopotentiometry,0.02,1800,10,1320.0,0.8414,0.8414
Chronopotentiometry,0.02,1800,10,1320.0,0.8413,0.8413
Chronopotentiometry,0.02,1800,10,1320.0,0.8413,0.8413
Chronopotentiometry,0.02,1800,10,1320.0,0.8413,0.8413
Chronopotentiometry,0.02,1800,10,1320.0,0.8412,0.8412
Chronopotentiometry,0.02,1800,10,1320.0,0.8413,0.8413
Chronopotentiometry,0.02,1800,10,1320.0,0.8413,0.8413
Chronopotentiometry,0.02,1800,10,1320.0,0.8413,0.8413
Chronopotentiometry,0.02,1800,10,1320.0,0.8413,0.8413
Chronopotentiometry,0.02,1800,10,1320.0,0.8414,0.8414
Chronopotentiometry,0.02,1800,10,1321.0,0.8413,0.8413
Chronopotentiometry,0.02,1800,10,1321.0,0.8413,0.8413
Chronopotentiometry,0.02,1800,10,1321.0,0.8413,0.8413
Chronopotentiometry,0.02,1800,10,1321.0,0.8414,0.8414
Chronopotentiometry,0.02,1800,10,1321.0,0.8414,0.8414
Chronopotentiometry,0.02,1800,10,1321.0,0.8415,0.8415
Chronopotentiometry,0.02,1800,10,1321.0,0.8415,0.8415
Chronopotentiometry,0.02,1800,10,1321.0,0.8415,0.8415
Chronopotentiometry,0.02,1800,10,1321.0,0.8414,0.8414
Chronopotentiometry,0.02,1800,10,1321.0,0.8414,0.8414
Chronopotentiometry,0.02,1800,10,1322.0,0.8413,0.8413
Chronopotentiometry,0.02,1800,10,1322.0,0.8413,0.8413
Chronopotentiometry,0.02,1800,10,1322.0,0.8413,0.8413
Chronopotentiometry,0.02,1800,10,1322.0,0.8413,0.8413
Chronopotentiometry,0.02,1800,10,1322.0,0.8412,0.8412
Chronopotentiometry,0.02,1800,10,1322.0,0.8413,0.8413
Chronopotentiometry,0.02,1800,10,1322.0,0.8413,0.8413
Chronopotentiometry,0.02,1800,10,1322.0,0.8414,0.8414
Chronopotentiometry,0.02,1800,10,1322.0,0.8415,0.8415
Chronopotentiometry,0.02,1800,10,1322.0,0.8414,0.8414
Chronopotentiometry,0.02,1800,10,1323.0,0.8414,0.8414
Chronopotentiometry,0.02,1800,10,1323.0,0.8413,0.8413
Chronopotentiometry,0.02,1800,10,1323.0,0.8413,0.8413
Chronopotentiometry,0.02,1800,10,1323.0,0.8415,0.8415
Chronopotentiometry,0.02,1800,10,1323.0,0.8413,0.8413
Chronopotentiometry,0.02,1800,10,1323.0,0.8414,0.8414
Chronopotentiometry,0.02,1800,10,1323.0,0.8414,0.8414
Chronopotentiometry,0.02,1800,10,1323.0,0.8414,0.8414
Chronopotentiometry,0.02,1800,10,1323.0,0.8414,0.8414
Chronopotentiometry,0.02,1800,10,1323.0,0.8414,0.8414
Chronopotentiometry,0.02,1800,10,1324.0,0.8414,0.8414
Chronopotentiometry,0.02,1800,10,1324.0,0.8414,0.8414
Chronopotentiometry,0.02,1800,10,1324.0,0.8414,0.8414
Chronopotentiometry,0.02,1800,10,1324.0,0.8414,0.8414
Chronopotentiometry,0.02,1800,10,1324.0,0.8414,0.8414
Chronopotentiometry,0.02,1800,10,1324.0,0.8414,0.8414
Chronopotentiometry,0.02,1800,10,1324.0,0.8414,0.8414
Chronopotentiometry,0.02,1800,10,1324.0,0.8415,0.8415
Chronopotentiometry,0.02,1800,10,1324.0,0.8415,0.8415
Chronopotentiometry,0.02,1800,10,1324.0,0.8414,0.8414
Chronopotentiometry,0.02,1800,10,1325.0,0.8415,0.8415
Chronopotentiometry,0.02,1800,10,1325.0,0.8414,0.8414
Chronopotentiometry,0.02,1800,10,1325.0,0.8415,0.8415
Chronopotentiometry,0.02,1800,10,1325.0,0.8415,0.8415
Chronopotentiometry,0.02,1800,10,1325.0,0.8415,0.8415
Chronopotentiometry,0.02,1800,10,1325.0,0.8416,0.8416
Chronopotentiometry,0.02,1800,10,1325.0,0.8415,0.8415
Chronopotentiometry,0.02,1800,10,1325.0,0.8414,0.8414
Chronopotentiometry,0.02,1800,10,1325.0,0.8414,0.8414
Chronopotentiometry,0.02,1800,10,1325.0,0.8414,0.8414
Chronopotentiometry,0.02,1800,10,1326.0,0.8415,0.8415
Chronopotentiometry,0.02,1800,10,1326.0,0.8415,0.8415
Chronopotentiometry,0.02,1800,10,1326.0,0.8415,0.8415
Chronopotentiometry,0.02,1800,10,1326.0,0.8415,0.8415
Chronopotentiometry,0.02,1800,10,1326.0,0.8416,0.8416
Chronopotentiometry,0.02,1800,10,1326.0,0.8415,0.8415
Chronopotentiometry,0.02,1800,10,1326.0,0.8415,0.8415
Chronopotentiometry,0.02,1800,10,1326.0,0.8415,0.8415
Chronopotentiometry,0.02,1800,10,1326.0,0.8415,0.8415
Chronopotentiometry,0.02,1800,10,1326.0,0.8415,0.8415
Chronopotentiometry,0.02,1800,10,1327.0,0.8416,0.8416
Chronopotentiometry,0.02,1800,10,1327.0,0.8416,0.8416
Chronopotentiometry,0.02,1800,10,1327.0,0.8415,0.8415
Chronopotentiometry,0.02,1800,10,1327.0,0.8416,0.8416
Chronopotentiometry,0.02,1800,10,1327.0,0.8417,0.8417
Chronopotentiometry,0.02,1800,10,1327.0,0.8415,0.8415
Chronopotentiometry,0.02,1800,10,1327.0,0.8415,0.8415
Chronopotentiometry,0.02,1800,10,1327.0,0.8414,0.8414
Chronopotentiometry,0.02,1800,10,1327.0,0.8415,0.8415
Chronopotentiometry,0.02,1800,10,1327.0,0.8415,0.8415
Chronopotentiometry,0.02,1800,10,1328.0,0.8416,0.8416
Chronopotentiometry,0.02,1800,10,1328.0,0.8416,0.8416
Chronopotentiometry,0.02,1800,10,1328.0,0.8416,0.8416
Chronopotentiometry,0.02,1800,10,1328.0,0.8416,0.8416
Chronopotentiometry,0.02,1800,10,1328.0,0.8415,0.8415
Chronopotentiometry,0.02,1800,10,1328.0,0.8415,0.8415
Chronopotentiometry,0.02,1800,10,1328.0,0.8416,0.8416
Chronopotentiometry,0.02,1800,10,1328.0,0.8416,0.8416
Chronopotentiometry,0.02,1800,10,1328.0,0.8416,0.8416
Chronopotentiometry,0.02,1800,10,1328.0,0.8415,0.8415
Chronopotentiometry,0.02,1800,10,1329.0,0.8416,0.8416
Chronopotentiometry,0.02,1800,10,1329.0,0.8415,0.8415
Chronopotentiometry,0.02,1800,10,1329.0,0.8415,0.8415
Chronopotentiometry,0.02,1800,10,1329.0,0.8416,0.8416
Chronopotentiometry,0.02,1800,10,1329.0,0.8416,0.8416
Chronopotentiometry,0.02,1800,10,1329.0,0.8415,0.8415
Chronopotentiometry,0.02,1800,10,1329.0,0.8415,0.8415
Chronopotentiometry,0.02,1800,10,1329.0,0.8416,0.8416
Chronopotentiometry,0.02,1800,10,1329.0,0.8416,0.8416
Chronopotentiometry,0.02,1800,10,1329.0,0.8416,0.8416
Chronopotentiometry,0.02,1800,10,1330.0,0.8416,0.8416
Chronopotentiometry,0.02,1800,10,1330.0,0.8416,0.8416
Chronopotentiometry,0.02,1800,10,1330.0,0.8416,0.8416
Chronopotentiometry,0.02,1800,10,1330.0,0.8416,0.8416
Chronopotentiometry,0.02,1800,10,1330.0,0.8416,0.8416
Chronopotentiometry,0.02,1800,10,1330.0,0.8416,0.8416
Chronopotentiometry,0.02,1800,10,1330.0,0.8416,0.8416
Chronopotentiometry,0.02,1800,10,1330.0,0.8416,0.8416
Chronopotentiometry,0.02,1800,10,1330.0,0.8416,0.8416
Chronopotentiometry,0.02,1800,10,1330.0,0.8416,0.8416
Chronopotentiometry,0.02,1800,10,1331.0,0.8415,0.8415
Chronopotentiometry,0.02,1800,10,1331.0,0.8415,0.8415
Chronopotentiometry,0.02,1800,10,1331.0,0.8414,0.8414
Chronopotentiometry,0.02,1800,10,1331.0,0.8414,0.8414
Chronopotentiometry,0.02,1800,10,1331.0,0.8414,0.8414
Chronopotentiometry,0.02,1800,10,1331.0,0.8414,0.8414
Chronopotentiometry,0.02,1800,10,1331.0,0.8414,0.8414
Chronopotentiometry,0.02,1800,10,1331.0,0.8414,0.8414
Chronopotentiometry,0.02,1800,10,1331.0,0.8415,0.8415
Chronopotentiometry,0.02,1800,10,1331.0,0.8414,0.8414
Chronopotentiometry,0.02,1800,10,1332.0,0.8414,0.8414
Chronopotentiometry,0.02,1800,10,1332.0,0.8415,0.8415
Chronopotentiometry,0.02,1800,10,1332.0,0.8415,0.8415
Chronopotentiometry,0.02,1800,10,1332.0,0.8415,0.8415
Chronopotentiometry,0.02,1800,10,1332.0,0.8414,0.8414
Chronopotentiometry,0.02,1800,10,1332.0,0.8414,0.8414
Chronopotentiometry,0.02,1800,10,1332.0,0.8415,0.8415
Chronopotentiometry,0.02,1800,10,1332.0,0.8415,0.8415
Chronopotentiometry,0.02,1800,10,1332.0,0.8415,0.8415
Chronopotentiometry,0.02,1800,10,1332.0,0.8415,0.8415
Chronopotentiometry,0.02,1800,10,1333.0,0.8415,0.8415
Chronopotentiometry,0.02,1800,10,1333.0,0.8415,0.8415
Chronopotentiometry,0.02,1800,10,1333.0,0.8415,0.8415
Chronopotentiometry,0.02,1800,10,1333.0,0.8415,0.8415
Chronopotentiometry,0.02,1800,10,1333.0,0.8415,0.8415
Chronopotentiometry,0.02,1800,10,1333.0,0.8416,0.8416
Chronopotentiometry,0.02,1800,10,1333.0,0.8415,0.8415
Chronopotentiometry,0.02,1800,10,1333.0,0.8416,0.8416
Chronopotentiometry,0.02,1800,10,1333.0,0.8416,0.8416
Chronopotentiometry,0.02,1800,10,1333.0,0.8416,0.8416
Chronopotentiometry,0.02,1800,10,1334.0,0.8417,0.8417
Chronopotentiometry,0.02,1800,10,1334.0,0.8417,0.8417
Chronopotentiometry,0.02,1800,10,1334.0,0.8417,0.8417
Chronopotentiometry,0.02,1800,10,1334.0,0.8415,0.8415
Chronopotentiometry,0.02,1800,10,1334.0,0.8416,0.8416
Chronopotentiometry,0.02,1800,10,1334.0,0.8415,0.8415
Chronopotentiometry,0.02,1800,10,1334.0,0.8415,0.8415
Chronopotentiometry,0.02,1800,10,1334.0,0.8415,0.8415
Chronopotentiometry,0.02,1800,10,1334.0,0.8416,0.8416
Chronopotentiometry,0.02,1800,10,1334.0,0.8415,0.8415
Chronopotentiometry,0.02,1800,10,1335.0,0.8415,0.8415
Chronopotentiometry,0.02,1800,10,1335.0,0.8415,0.8415
Chronopotentiometry,0.02,1800,10,1335.0,0.8416,0.8416
Chronopotentiometry,0.02,1800,10,1335.0,0.8416,0.8416
Chronopotentiometry,0.02,1800,10,1335.0,0.8416,0.8416
Chronopotentiometry,0.02,1800,10,1335.0,0.8416,0.8416
Chronopotentiometry,0.02,1800,10,1335.0,0.8416,0.8416
Chronopotentiometry,0.02,1800,10,1335.0,0.8416,0.8416
Chronopotentiometry,0.02,1800,10,1335.0,0.8416,0.8416
Chronopotentiometry,0.02,1800,10,1335.0,0.8416,0.8416
Chronopotentiometry,0.02,1800,10,1336.0,0.8416,0.8416
Chronopotentiometry,0.02,1800,10,1336.0,0.8415,0.8415
Chronopotentiometry,0.02,1800,10,1336.0,0.8416,0.8416
Chronopotentiometry,0.02,1800,10,1336.0,0.8416,0.8416
Chronopotentiometry,0.02,1800,10,1336.0,0.8416,0.8416
Chronopotentiometry,0.02,1800,10,1336.0,0.8416,0.8416
Chronopotentiometry,0.02,1800,10,1336.0,0.8415,0.8415
Chronopotentiometry,0.02,1800,10,1336.0,0.8415,0.8415
Chronopotentiometry,0.02,1800,10,1336.0,0.8416,0.8416
Chronopotentiometry,0.02,1800,10,1336.0,0.8415,0.8415
Chronopotentiometry,0.02,1800,10,1337.0,0.8415,0.8415
Chronopotentiometry,0.02,1800,10,1337.0,0.8416,0.8416
Chronopotentiometry,0.02,1800,10,1337.0,0.8416,0.8416
Chronopotentiometry,0.02,1800,10,1337.0,0.8416,0.8416
Chronopotentiometry,0.02,1800,10,1337.0,0.8415,0.8415
Chronopotentiometry,0.02,1800,10,1337.0,0.8415,0.8415
Chronopotentiometry,0.02,1800,10,1337.0,0.8415,0.8415
Chronopotentiometry,0.02,1800,10,1337.0,0.8415,0.8415
Chronopotentiometry,0.02,1800,10,1337.0,0.8415,0.8415
Chronopotentiometry,0.02,1800,10,1337.0,0.8416,0.8416
Chronopotentiometry,0.02,1800,10,1338.0,0.8416,0.8416
Chronopotentiometry,0.02,1800,10,1338.0,0.8417,0.8417
Chronopotentiometry,0.02,1800,10,1338.0,0.8417,0.8417
Chronopotentiometry,0.02,1800,10,1338.0,0.8415,0.8415
Chronopotentiometry,0.02,1800,10,1338.0,0.8415,0.8415
Chronopotentiometry,0.02,1800,10,1338.0,0.8415,0.8415
Chronopotentiometry,0.02,1800,10,1338.0,0.8415,0.8415
Chronopotentiometry,0.02,1800,10,1338.0,0.8415,0.8415
Chronopotentiometry,0.02,1800,10,1338.0,0.8416,0.8416
Chronopotentiometry,0.02,1800,10,1338.0,0.8416,0.8416
Chronopotentiometry,0.02,1800,10,1339.0,0.8415,0.8415
Chronopotentiometry,0.02,1800,10,1339.0,0.8415,0.8415
Chronopotentiometry,0.02,1800,10,1339.0,0.8415,0.8415
Chronopotentiometry,0.02,1800,10,1339.0,0.8416,0.8416
Chronopotentiometry,0.02,1800,10,1339.0,0.8416,0.8416
Chronopotentiometry,0.02,1800,10,1339.0,0.8417,0.8417
Chronopotentiometry,0.02,1800,10,1339.0,0.8416,0.8416
Chronopotentiometry,0.02,1800,10,1339.0,0.8417,0.8417
Chronopotentiometry,0.02,1800,10,1339.0,0.8417,0.8417
Chronopotentiometry,0.02,1800,10,1339.0,0.8416,0.8416
Chronopotentiometry,0.02,1800,10,1340.0,0.8416,0.8416
Chronopotentiometry,0.02,1800,10,1340.0,0.8415,0.8415
Chronopotentiometry,0.02,1800,10,1340.0,0.8415,0.8415
Chronopotentiometry,0.02,1800,10,1340.0,0.8416,0.8416
Chronopotentiometry,0.02,1800,10,1340.0,0.8416,0.8416
Chronopotentiometry,0.02,1800,10,1340.0,0.8417,0.8417
Chronopotentiometry,0.02,1800,10,1340.0,0.8418,0.8418
Chronopotentiometry,0.02,1800,10,1340.0,0.8417,0.8417
Chronopotentiometry,0.02,1800,10,1340.0,0.8417,0.8417
Chronopotentiometry,0.02,1800,10,1340.0,0.8417,0.8417
Chronopotentiometry,0.02,1800,10,1341.0,0.8417,0.8417
Chronopotentiometry,0.02,1800,10,1341.0,0.8417,0.8417
Chronopotentiometry,0.02,1800,10,1341.0,0.8416,0.8416
Chronopotentiometry,0.02,1800,10,1341.0,0.8416,0.8416
Chronopotentiometry,0.02,1800,10,1341.0,0.8416,0.8416
Chronopotentiometry,0.02,1800,10,1341.0,0.8416,0.8416
Chronopotentiometry,0.02,1800,10,1341.0,0.8416,0.8416
Chronopotentiometry,0.02,1800,10,1341.0,0.8417,0.8417
Chronopotentiometry,0.02,1800,10,1341.0,0.8417,0.8417
Chronopotentiometry,0.02,1800,10,1341.0,0.8416,0.8416
Chronopotentiometry,0.02,1800,10,1342.0,0.8417,0.8417
Chronopotentiometry,0.02,1800,10,1342.0,0.8417,0.8417
Chronopotentiometry,0.02,1800,10,1342.0,0.8416,0.8416
Chronopotentiometry,0.02,1800,10,1342.0,0.8415,0.8415
Chronopotentiometry,0.02,1800,10,1342.0,0.8415,0.8415
Chronopotentiometry,0.02,1800,10,1342.0,0.8415,0.8415
Chronopotentiometry,0.02,1800,10,1342.0,0.8415,0.8415
Chronopotentiometry,0.02,1800,10,1342.0,0.8416,0.8416
Chronopotentiometry,0.02,1800,10,1342.0,0.8417,0.8417
Chronopotentiometry,0.02,1800,10,1342.0,0.8417,0.8417
Chronopotentiometry,0.02,1800,10,1343.0,0.8417,0.8417
Chronopotentiometry,0.02,1800,10,1343.0,0.8417,0.8417
Chronopotentiometry,0.02,1800,10,1343.0,0.8416,0.8416
Chronopotentiometry,0.02,1800,10,1343.0,0.8416,0.8416
Chronopotentiometry,0.02,1800,10,1343.0,0.8417,0.8417
Chronopotentiometry,0.02,1800,10,1343.0,0.8417,0.8417
Chronopotentiometry,0.02,1800,10,1343.0,0.8417,0.8417
Chronopotentiometry,0.02,1800,10,1343.0,0.8418,0.8418
Chronopotentiometry,0.02,1800,10,1343.0,0.8417,0.8417
Chronopotentiometry,0.02,1800,10,1343.0,0.8417,0.8417
Chronopotentiometry,0.02,1800,10,1344.0,0.8417,0.8417
Chronopotentiometry,0.02,1800,10,1344.0,0.8417,0.8417
Chronopotentiometry,0.02,1800,10,1344.0,0.8418,0.8418
Chronopotentiometry,0.02,1800,10,1344.0,0.8417,0.8417
Chronopotentiometry,0.02,1800,10,1344.0,0.8417,0.8417
Chronopotentiometry,0.02,1800,10,1344.0,0.8418,0.8418
Chronopotentiometry,0.02,1800,10,1344.0,0.8418,0.8418
Chronopotentiometry,0.02,1800,10,1344.0,0.8418,0.8418
Chronopotentiometry,0.02,1800,10,1344.0,0.8418,0.8418
Chronopotentiometry,0.02,1800,10,1344.0,0.8416,0.8416
Chronopotentiometry,0.02,1800,10,1345.0,0.8416,0.8416
Chronopotentiometry,0.02,1800,10,1345.0,0.8416,0.8416
Chronopotentiometry,0.02,1800,10,1345.0,0.8417,0.8417
Chronopotentiometry,0.02,1800,10,1345.0,0.8417,0.8417
Chronopotentiometry,0.02,1800,10,1345.0,0.8417,0.8417
Chronopotentiometry,0.02,1800,10,1345.0,0.8417,0.8417
Chronopotentiometry,0.02,1800,10,1345.0,0.8417,0.8417
Chronopotentiometry,0.02,1800,10,1345.0,0.8417,0.8417
Chronopotentiometry,0.02,1800,10,1345.0,0.8417,0.8417
Chronopotentiometry,0.02,1800,10,1345.0,0.8417,0.8417
Chronopotentiometry,0.02,1800,10,1346.0,0.8416,0.8416
Chronopotentiometry,0.02,1800,10,1346.0,0.8416,0.8416
Chronopotentiometry,0.02,1800,10,1346.0,0.8417,0.8417
Chronopotentiometry,0.02,1800,10,1346.0,0.8417,0.8417
Chronopotentiometry,0.02,1800,10,1346.0,0.8416,0.8416
Chronopotentiometry,0.02,1800,10,1346.0,0.8417,0.8417
Chronopotentiometry,0.02,1800,10,1346.0,0.8417,0.8417
Chronopotentiometry,0.02,1800,10,1346.0,0.8417,0.8417
Chronopotentiometry,0.02,1800,10,1346.0,0.8418,0.8418
Chronopotentiometry,0.02,1800,10,1346.0,0.8418,0.8418
Chronopotentiometry,0.02,1800,10,1347.0,0.8418,0.8418
Chronopotentiometry,0.02,1800,10,1347.0,0.8418,0.8418
Chronopotentiometry,0.02,1800,10,1347.0,0.8417,0.8417
Chronopotentiometry,0.02,1800,10,1347.0,0.8418,0.8418
Chronopotentiometry,0.02,1800,10,1347.0,0.8418,0.8418
Chronopotentiometry,0.02,1800,10,1347.0,0.8418,0.8418
Chronopotentiometry,0.02,1800,10,1347.0,0.8418,0.8418
Chronopotentiometry,0.02,1800,10,1347.0,0.8418,0.8418
Chronopotentiometry,0.02,1800,10,1347.0,0.8418,0.8418
Chronopotentiometry,0.02,1800,10,1347.0,0.8419,0.8419
Chronopotentiometry,0.02,1800,10,1348.0,0.8418,0.8418
Chronopotentiometry,0.02,1800,10,1348.0,0.8418,0.8418
Chronopotentiometry,0.02,1800,10,1348.0,0.8418,0.8418
Chronopotentiometry,0.02,1800,10,1348.0,0.8419,0.8419
Chronopotentiometry,0.02,1800,10,1348.0,0.8418,0.8418
Chronopotentiometry,0.02,1800,10,1348.0,0.8417,0.8417
Chronopotentiometry,0.02,1800,10,1348.0,0.8417,0.8417
Chronopotentiometry,0.02,1800,10,1348.0,0.8416,0.8416
Chronopotentiometry,0.02,1800,10,1348.0,0.8416,0.8416
Chronopotentiometry,0.02,1800,10,1348.0,0.8417,0.8417
Chronopotentiometry,0.02,1800,10,1349.0,0.8417,0.8417
Chronopotentiometry,0.02,1800,10,1349.0,0.8417,0.8417
Chronopotentiometry,0.02,1800,10,1349.0,0.8417,0.8417
Chronopotentiometry,0.02,1800,10,1349.0,0.8417,0.8417
Chronopotentiometry,0.02,1800,10,1349.0,0.8417,0.8417
Chronopotentiometry,0.02,1800,10,1349.0,0.8417,0.8417
Chronopotentiometry,0.02,1800,10,1349.0,0.8417,0.8417
Chronopotentiometry,0.02,1800,10,1349.0,0.8417,0.8417
Chronopotentiometry,0.02,1800,10,1349.0,0.8417,0.8417
Chronopotentiometry,0.02,1800,10,1349.0,0.8417,0.8417
Chronopotentiometry,0.02,1800,10,1350.0,0.8418,0.8418
Chronopotentiometry,0.02,1800,10,1350.0,0.8418,0.8418
Chronopotentiometry,0.02,1800,10,1350.0,0.8418,0.8418
Chronopotentiometry,0.02,1800,10,1350.0,0.8417,0.8417
Chronopotentiometry,0.02,1800,10,1350.0,0.8417,0.8417
Chronopotentiometry,0.02,1800,10,1350.0,0.8417,0.8417
Chronopotentiometry,0.02,1800,10,1350.0,0.8417,0.8417
Chronopotentiometry,0.02,1800,10,1350.0,0.8417,0.8417
Chronopotentiometry,0.02,1800,10,1350.0,0.8417,0.8417
Chronopotentiometry,0.02,1800,10,1350.0,0.8418,0.8418
Chronopotentiometry,0.02,1800,10,1351.0,0.8418,0.8418
Chronopotentiometry,0.02,1800,10,1351.0,0.8418,0.8418
Chronopotentiometry,0.02,1800,10,1351.0,0.8417,0.8417
Chronopotentiometry,0.02,1800,10,1351.0,0.8417,0.8417
Chronopotentiometry,0.02,1800,10,1351.0,0.8418,0.8418
Chronopotentiometry,0.02,1800,10,1351.0,0.8418,0.8418
Chronopotentiometry,0.02,1800,10,1351.0,0.8419,0.8419
Chronopotentiometry,0.02,1800,10,1351.0,0.8417,0.8417
Chronopotentiometry,0.02,1800,10,1351.0,0.8418,0.8418
Chronopotentiometry,0.02,1800,10,1351.0,0.8418,0.8418
Chronopotentiometry,0.02,1800,10,1352.0,0.8419,0.8419
Chronopotentiometry,0.02,1800,10,1352.0,0.842,0.842
Chronopotentiometry,0.02,1800,10,1352.0,0.8418,0.8418
Chronopotentiometry,0.02,1800,10,1352.0,0.8418,0.8418
Chronopotentiometry,0.02,1800,10,1352.0,0.8418,0.8418
Chronopotentiometry,0.02,1800,10,1352.0,0.8418,0.8418
Chronopotentiometry,0.02,1800,10,1352.0,0.8418,0.8418
Chronopotentiometry,0.02,1800,10,1352.0,0.8418,0.8418
Chronopotentiometry,0.02,1800,10,1352.0,0.8417,0.8417
Chronopotentiometry,0.02,1800,10,1352.0,0.8417,0.8417
Chronopotentiometry,0.02,1800,10,1353.0,0.8417,0.8417
Chronopotentiometry,0.02,1800,10,1353.0,0.8418,0.8418
Chronopotentiometry,0.02,1800,10,1353.0,0.8418,0.8418
Chronopotentiometry,0.02,1800,10,1353.0,0.8418,0.8418
Chronopotentiometry,0.02,1800,10,1353.0,0.8419,0.8419
Chronopotentiometry,0.02,1800,10,1353.0,0.8418,0.8418
Chronopotentiometry,0.02,1800,10,1353.0,0.8418,0.8418
Chronopotentiometry,0.02,1800,10,1353.0,0.8419,0.8419
Chronopotentiometry,0.02,1800,10,1353.0,0.8419,0.8419
Chronopotentiometry,0.02,1800,10,1353.0,0.8419,0.8419
Chronopotentiometry,0.02,1800,10,1354.0,0.8419,0.8419
Chronopotentiometry,0.02,1800,10,1354.0,0.8418,0.8418
Chronopotentiometry,0.02,1800,10,1354.0,0.8418,0.8418
Chronopotentiometry,0.02,1800,10,1354.0,0.8418,0.8418
Chronopotentiometry,0.02,1800,10,1354.0,0.8418,0.8418
Chronopotentiometry,0.02,1800,10,1354.0,0.8418,0.8418
Chronopotentiometry,0.02,1800,10,1354.0,0.8419,0.8419
Chronopotentiometry,0.02,1800,10,1354.0,0.8418,0.8418
Chronopotentiometry,0.02,1800,10,1354.0,0.8419,0.8419
Chronopotentiometry,0.02,1800,10,1354.0,0.8419,0.8419
Chronopotentiometry,0.02,1800,10,1355.0,0.8418,0.8418
Chronopotentiometry,0.02,1800,10,1355.0,0.8418,0.8418
Chronopotentiometry,0.02,1800,10,1355.0,0.8417,0.8417
Chronopotentiometry,0.02,1800,10,1355.0,0.8417,0.8417
Chronopotentiometry,0.02,1800,10,1355.0,0.8418,0.8418
Chronopotentiometry,0.02,1800,10,1355.0,0.8418,0.8418
Chronopotentiometry,0.02,1800,10,1355.0,0.8418,0.8418
Chronopotentiometry,0.02,1800,10,1355.0,0.8418,0.8418
Chronopotentiometry,0.02,1800,10,1355.0,0.8418,0.8418
Chronopotentiometry,0.02,1800,10,1355.0,0.8418,0.8418
Chronopotentiometry,0.02,1800,10,1356.0,0.8418,0.8418
Chronopotentiometry,0.02,1800,10,1356.0,0.8419,0.8419
Chronopotentiometry,0.02,1800,10,1356.0,0.8419,0.8419
Chronopotentiometry,0.02,1800,10,1356.0,0.8418,0.8418
Chronopotentiometry,0.02,1800,10,1356.0,0.8417,0.8417
Chronopotentiometry,0.02,1800,10,1356.0,0.8418,0.8418
Chronopotentiometry,0.02,1800,10,1356.0,0.842,0.842
Chronopotentiometry,0.02,1800,10,1356.0,0.842,0.842
Chronopotentiometry,0.02,1800,10,1356.0,0.8418,0.8418
Chronopotentiometry,0.02,1800,10,1356.0,0.8418,0.8418
Chronopotentiometry,0.02,1800,10,1357.0,0.8419,0.8419
Chronopotentiometry,0.02,1800,10,1357.0,0.842,0.842
Chronopotentiometry,0.02,1800,10,1357.0,0.8418,0.8418
Chronopotentiometry,0.02,1800,10,1357.0,0.8419,0.8419
Chronopotentiometry,0.02,1800,10,1357.0,0.8419,0.8419
Chronopotentiometry,0.02,1800,10,1357.0,0.8419,0.8419
Chronopotentiometry,0.02,1800,10,1357.0,0.8419,0.8419
Chronopotentiometry,0.02,1800,10,1357.0,0.842,0.842
Chronopotentiometry,0.02,1800,10,1357.0,0.8419,0.8419
Chronopotentiometry,0.02,1800,10,1357.0,0.8419,0.8419
Chronopotentiometry,0.02,1800,10,1358.0,0.842,0.842
Chronopotentiometry,0.02,1800,10,1358.0,0.8419,0.8419
Chronopotentiometry,0.02,1800,10,1358.0,0.8418,0.8418
Chronopotentiometry,0.02,1800,10,1358.0,0.8419,0.8419
Chronopotentiometry,0.02,1800,10,1358.0,0.8419,0.8419
Chronopotentiometry,0.02,1800,10,1358.0,0.842,0.842
Chronopotentiometry,0.02,1800,10,1358.0,0.842,0.842
Chronopotentiometry,0.02,1800,10,1358.0,0.8419,0.8419
Chronopotentiometry,0.02,1800,10,1358.0,0.8419,0.8419
Chronopotentiometry,0.02,1800,10,1358.0,0.8419,0.8419
Chronopotentiometry,0.02,1800,10,1359.0,0.8419,0.8419
Chronopotentiometry,0.02,1800,10,1359.0,0.8419,0.8419
Chronopotentiometry,0.02,1800,10,1359.0,0.8419,0.8419
Chronopotentiometry,0.02,1800,10,1359.0,0.8418,0.8418
Chronopotentiometry,0.02,1800,10,1359.0,0.8418,0.8418
Chronopotentiometry,0.02,1800,10,1359.0,0.8419,0.8419
Chronopotentiometry,0.02,1800,10,1359.0,0.842,0.842
Chronopotentiometry,0.02,1800,10,1359.0,0.842,0.842
Chronopotentiometry,0.02,1800,10,1359.0,0.842,0.842
Chronopotentiometry,0.02,1800,10,1359.0,0.842,0.842
Chronopotentiometry,0.02,1800,10,1360.0,0.842,0.842
Chronopotentiometry,0.02,1800,10,1360.0,0.8419,0.8419
Chronopotentiometry,0.02,1800,10,1360.0,0.842,0.842
Chronopotentiometry,0.02,1800,10,1360.0,0.8419,0.8419
Chronopotentiometry,0.02,1800,10,1360.0,0.8419,0.8419
Chronopotentiometry,0.02,1800,10,1360.0,0.842,0.842
Chronopotentiometry,0.02,1800,10,1360.0,0.8421,0.8421
Chronopotentiometry,0.02,1800,10,1360.0,0.8421,0.8421
Chronopotentiometry,0.02,1800,10,1360.0,0.842,0.842
Chronopotentiometry,0.02,1800,10,1360.0,0.842,0.842
Chronopotentiometry,0.02,1800,10,1361.0,0.8419,0.8419
Chronopotentiometry,0.02,1800,10,1361.0,0.8418,0.8418
Chronopotentiometry,0.02,1800,10,1361.0,0.8419,0.8419
Chronopotentiometry,0.02,1800,10,1361.0,0.842,0.842
Chronopotentiometry,0.02,1800,10,1361.0,0.842,0.842
Chronopotentiometry,0.02,1800,10,1361.0,0.842,0.842
Chronopotentiometry,0.02,1800,10,1361.0,0.842,0.842
Chronopotentiometry,0.02,1800,10,1361.0,0.8419,0.8419
Chronopotentiometry,0.02,1800,10,1361.0,0.842,0.842
Chronopotentiometry,0.02,1800,10,1361.0,0.842,0.842
Chronopotentiometry,0.02,1800,10,1362.0,0.8419,0.8419
Chronopotentiometry,0.02,1800,10,1362.0,0.8419,0.8419
Chronopotentiometry,0.02,1800,10,1362.0,0.8419,0.8419
Chronopotentiometry,0.02,1800,10,1362.0,0.8419,0.8419
Chronopotentiometry,0.02,1800,10,1362.0,0.8419,0.8419
Chronopotentiometry,0.02,1800,10,1362.0,0.8419,0.8419
Chronopotentiometry,0.02,1800,10,1362.0,0.842,0.842
Chronopotentiometry,0.02,1800,10,1362.0,0.842,0.842
Chronopotentiometry,0.02,1800,10,1362.0,0.842,0.842
Chronopotentiometry,0.02,1800,10,1362.0,0.8419,0.8419
Chronopotentiometry,0.02,1800,10,1363.0,0.842,0.842
Chronopotentiometry,0.02,1800,10,1363.0,0.8419,0.8419
Chronopotentiometry,0.02,1800,10,1363.0,0.8419,0.8419
Chronopotentiometry,0.02,1800,10,1363.0,0.842,0.842
Chronopotentiometry,0.02,1800,10,1363.0,0.842,0.842
Chronopotentiometry,0.02,1800,10,1363.0,0.842,0.842
Chronopotentiometry,0.02,1800,10,1363.0,0.842,0.842
Chronopotentiometry,0.02,1800,10,1363.0,0.842,0.842
Chronopotentiometry,0.02,1800,10,1363.0,0.842,0.842
Chronopotentiometry,0.02,1800,10,1363.0,0.842,0.842
Chronopotentiometry,0.02,1800,10,1364.0,0.842,0.842
Chronopotentiometry,0.02,1800,10,1364.0,0.8421,0.8421
Chronopotentiometry,0.02,1800,10,1364.0,0.842,0.842
Chronopotentiometry,0.02,1800,10,1364.0,0.8419,0.8419
Chronopotentiometry,0.02,1800,10,1364.0,0.842,0.842
Chronopotentiometry,0.02,1800,10,1364.0,0.842,0.842
Chronopotentiometry,0.02,1800,10,1364.0,0.8421,0.8421
Chronopotentiometry,0.02,1800,10,1364.0,0.8421,0.8421
Chronopotentiometry,0.02,1800,10,1364.0,0.842,0.842
Chronopotentiometry,0.02,1800,10,1364.0,0.842,0.842
Chronopotentiometry,0.02,1800,10,1365.0,0.842,0.842
Chronopotentiometry,0.02,1800,10,1365.0,0.842,0.842
Chronopotentiometry,0.02,1800,10,1365.0,0.842,0.842
Chronopotentiometry,0.02,1800,10,1365.0,0.8419,0.8419
Chronopotentiometry,0.02,1800,10,1365.0,0.8419,0.8419
Chronopotentiometry,0.02,1800,10,1365.0,0.8418,0.8418
Chronopotentiometry,0.02,1800,10,1365.0,0.8419,0.8419
Chronopotentiometry,0.02,1800,10,1365.0,0.8419,0.8419
Chronopotentiometry,0.02,1800,10,1365.0,0.8419,0.8419
Chronopotentiometry,0.02,1800,10,1365.0,0.8419,0.8419
Chronopotentiometry,0.02,1800,10,1366.0,0.8419,0.8419
Chronopotentiometry,0.02,1800,10,1366.0,0.8419,0.8419
Chronopotentiometry,0.02,1800,10,1366.0,0.8419,0.8419
Chronopotentiometry,0.02,1800,10,1366.0,0.8419,0.8419
Chronopotentiometry,0.02,1800,10,1366.0,0.8419,0.8419
Chronopotentiometry,0.02,1800,10,1366.0,0.8419,0.8419
Chronopotentiometry,0.02,1800,10,1366.0,0.8419,0.8419
Chronopotentiometry,0.02,1800,10,1366.0,0.8419,0.8419
Chronopotentiometry,0.02,1800,10,1366.0,0.8419,0.8419
Chronopotentiometry,0.02,1800,10,1366.0,0.8419,0.8419
Chronopotentiometry,0.02,1800,10,1367.0,0.8419,0.8419
Chronopotentiometry,0.02,1800,10,1367.0,0.842,0.842
Chronopotentiometry,0.02,1800,10,1367.0,0.842,0.842
Chronopotentiometry,0.02,1800,10,1367.0,0.8419,0.8419
Chronopotentiometry,0.02,1800,10,1367.0,0.8419,0.8419
Chronopotentiometry,0.02,1800,10,1367.0,0.8418,0.8418
Chronopotentiometry,0.02,1800,10,1367.0,0.8419,0.8419
Chronopotentiometry,0.02,1800,10,1367.0,0.8419,0.8419
Chronopotentiometry,0.02,1800,10,1367.0,0.8418,0.8418
Chronopotentiometry,0.02,1800,10,1367.0,0.8418,0.8418
Chronopotentiometry,0.02,1800,10,1368.0,0.8418,0.8418
Chronopotentiometry,0.02,1800,10,1368.0,0.8419,0.8419
Chronopotentiometry,0.02,1800,10,1368.0,0.842,0.842
Chronopotentiometry,0.02,1800,10,1368.0,0.842,0.842
Chronopotentiometry,0.02,1800,10,1368.0,0.8419,0.8419
Chronopotentiometry,0.02,1800,10,1368.0,0.8418,0.8418
Chronopotentiometry,0.02,1800,10,1368.0,0.842,0.842
Chronopotentiometry,0.02,1800,10,1368.0,0.842,0.842
Chronopotentiometry,0.02,1800,10,1368.0,0.842,0.842
Chronopotentiometry,0.02,1800,10,1368.0,0.8421,0.8421
Chronopotentiometry,0.02,1800,10,1369.0,0.842,0.842
Chronopotentiometry,0.02,1800,10,1369.0,0.842,0.842
Chronopotentiometry,0.02,1800,10,1369.0,0.842,0.842
Chronopotentiometry,0.02,1800,10,1369.0,0.8419,0.8419
Chronopotentiometry,0.02,1800,10,1369.0,0.842,0.842
Chronopotentiometry,0.02,1800,10,1369.0,0.842,0.842
Chronopotentiometry,0.02,1800,10,1369.0,0.842,0.842
Chronopotentiometry,0.02,1800,10,1369.0,0.8421,0.8421
Chronopotentiometry,0.02,1800,10,1369.0,0.8421,0.8421
Chronopotentiometry,0.02,1800,10,1369.0,0.8421,0.8421
Chronopotentiometry,0.02,1800,10,1370.0,0.8421,0.8421
Chronopotentiometry,0.02,1800,10,1370.0,0.842,0.842
Chronopotentiometry,0.02,1800,10,1370.0,0.8421,0.8421
Chronopotentiometry,0.02,1800,10,1370.0,0.8421,0.8421
Chronopotentiometry,0.02,1800,10,1370.0,0.8421,0.8421
Chronopotentiometry,0.02,1800,10,1370.0,0.8421,0.8421
Chronopotentiometry,0.02,1800,10,1370.0,0.842,0.842
Chronopotentiometry,0.02,1800,10,1370.0,0.842,0.842
Chronopotentiometry,0.02,1800,10,1370.0,0.842,0.842
Chronopotentiometry,0.02,1800,10,1370.0,0.842,0.842
Chronopotentiometry,0.02,1800,10,1371.0,0.8419,0.8419
Chronopotentiometry,0.02,1800,10,1371.0,0.842,0.842
Chronopotentiometry,0.02,1800,10,1371.0,0.8419,0.8419
Chronopotentiometry,0.02,1800,10,1371.0,0.8419,0.8419
Chronopotentiometry,0.02,1800,10,1371.0,0.8419,0.8419
Chronopotentiometry,0.02,1800,10,1371.0,0.842,0.842
Chronopotentiometry,0.02,1800,10,1371.0,0.842,0.842
Chronopotentiometry,0.02,1800,10,1371.0,0.8419,0.8419
Chronopotentiometry,0.02,1800,10,1371.0,0.842,0.842
Chronopotentiometry,0.02,1800,10,1371.0,0.8421,0.8421
Chronopotentiometry,0.02,1800,10,1372.0,0.8421,0.8421
Chronopotentiometry,0.02,1800,10,1372.0,0.8421,0.8421
Chronopotentiometry,0.02,1800,10,1372.0,0.842,0.842
Chronopotentiometry,0.02,1800,10,1372.0,0.8421,0.8421
Chronopotentiometry,0.02,1800,10,1372.0,0.8422,0.8422
Chronopotentiometry,0.02,1800,10,1372.0,0.842,0.842
Chronopotentiometry,0.02,1800,10,1372.0,0.842,0.842
Chronopotentiometry,0.02,1800,10,1372.0,0.842,0.842
Chronopotentiometry,0.02,1800,10,1372.0,0.8421,0.8421
Chronopotentiometry,0.02,1800,10,1372.0,0.842,0.842
Chronopotentiometry,0.02,1800,10,1373.0,0.8421,0.8421
Chronopotentiometry,0.02,1800,10,1373.0,0.8421,0.8421
Chronopotentiometry,0.02,1800,10,1373.0,0.8421,0.8421
Chronopotentiometry,0.02,1800,10,1373.0,0.8422,0.8422
Chronopotentiometry,0.02,1800,10,1373.0,0.8422,0.8422
Chronopotentiometry,0.02,1800,10,1373.0,0.8422,0.8422
Chronopotentiometry,0.02,1800,10,1373.0,0.8421,0.8421
Chronopotentiometry,0.02,1800,10,1373.0,0.842,0.842
Chronopotentiometry,0.02,1800,10,1373.0,0.842,0.842
Chronopotentiometry,0.02,1800,10,1373.0,0.8421,0.8421
Chronopotentiometry,0.02,1800,10,1374.0,0.8421,0.8421
Chronopotentiometry,0.02,1800,10,1374.0,0.8421,0.8421
Chronopotentiometry,0.02,1800,10,1374.0,0.8421,0.8421
Chronopotentiometry,0.02,1800,10,1374.0,0.8421,0.8421
Chronopotentiometry,0.02,1800,10,1374.0,0.8421,0.8421
Chronopotentiometry,0.02,1800,10,1374.0,0.842,0.842
Chronopotentiometry,0.02,1800,10,1374.0,0.842,0.842
Chronopotentiometry,0.02,1800,10,1374.0,0.8421,0.8421
Chronopotentiometry,0.02,1800,10,1374.0,0.8421,0.8421
Chronopotentiometry,0.02,1800,10,1374.0,0.8422,0.8422
Chronopotentiometry,0.02,1800,10,1375.0,0.8421,0.8421
Chronopotentiometry,0.02,1800,10,1375.0,0.8422,0.8422
Chronopotentiometry,0.02,1800,10,1375.0,0.8422,0.8422
Chronopotentiometry,0.02,1800,10,1375.0,0.8422,0.8422
Chronopotentiometry,0.02,1800,10,1375.0,0.8421,0.8421
Chronopotentiometry,0.02,1800,10,1375.0,0.8421,0.8421
Chronopotentiometry,0.02,1800,10,1375.0,0.8421,0.8421
Chronopotentiometry,0.02,1800,10,1375.0,0.8421,0.8421
Chronopotentiometry,0.02,1800,10,1375.0,0.8421,0.8421
Chronopotentiometry,0.02,1800,10,1375.0,0.8421,0.8421
Chronopotentiometry,0.02,1800,10,1376.0,0.8421,0.8421
Chronopotentiometry,0.02,1800,10,1376.0,0.8421,0.8421
Chronopotentiometry,0.02,1800,10,1376.0,0.8422,0.8422
Chronopotentiometry,0.02,1800,10,1376.0,0.8422,0.8422
Chronopotentiometry,0.02,1800,10,1376.0,0.8422,0.8422
Chronopotentiometry,0.02,1800,10,1376.0,0.8422,0.8422
Chronopotentiometry,0.02,1800,10,1376.0,0.8422,0.8422
Chronopotentiometry,0.02,1800,10,1376.0,0.8421,0.8421
Chronopotentiometry,0.02,1800,10,1376.0,0.8421,0.8421
Chronopotentiometry,0.02,1800,10,1376.0,0.8422,0.8422
Chronopotentiometry,0.02,1800,10,1377.0,0.8422,0.8422
Chronopotentiometry,0.02,1800,10,1377.0,0.8422,0.8422
Chronopotentiometry,0.02,1800,10,1377.0,0.8421,0.8421
Chronopotentiometry,0.02,1800,10,1377.0,0.8421,0.8421
Chronopotentiometry,0.02,1800,10,1377.0,0.8422,0.8422
Chronopotentiometry,0.02,1800,10,1377.0,0.8423,0.8423
Chronopotentiometry,0.02,1800,10,1377.0,0.8424,0.8424
Chronopotentiometry,0.02,1800,10,1377.0,0.8423,0.8423
Chronopotentiometry,0.02,1800,10,1377.0,0.8423,0.8423
Chronopotentiometry,0.02,1800,10,1377.0,0.8423,0.8423
Chronopotentiometry,0.02,1800,10,1378.0,0.8422,0.8422
Chronopotentiometry,0.02,1800,10,1378.0,0.8423,0.8423
Chronopotentiometry,0.02,1800,10,1378.0,0.8423,0.8423
Chronopotentiometry,0.02,1800,10,1378.0,0.8421,0.8421
Chronopotentiometry,0.02,1800,10,1378.0,0.842,0.842
Chronopotentiometry,0.02,1800,10,1378.0,0.8421,0.8421
Chronopotentiometry,0.02,1800,10,1378.0,0.8421,0.8421
Chronopotentiometry,0.02,1800,10,1378.0,0.8421,0.8421
Chronopotentiometry,0.02,1800,10,1378.0,0.8421,0.8421
Chronopotentiometry,0.02,1800,10,1378.0,0.8422,0.8422
Chronopotentiometry,0.02,1800,10,1379.0,0.8422,0.8422
Chronopotentiometry,0.02,1800,10,1379.0,0.8421,0.8421
Chronopotentiometry,0.02,1800,10,1379.0,0.8423,0.8423
Chronopotentiometry,0.02,1800,10,1379.0,0.8423,0.8423
Chronopotentiometry,0.02,1800,10,1379.0,0.8424,0.8424
Chronopotentiometry,0.02,1800,10,1379.0,0.8423,0.8423
Chronopotentiometry,0.02,1800,10,1379.0,0.8423,0.8423
Chronopotentiometry,0.02,1800,10,1379.0,0.8423,0.8423
Chronopotentiometry,0.02,1800,10,1379.0,0.8423,0.8423
Chronopotentiometry,0.02,1800,10,1379.0,0.8423,0.8423
Chronopotentiometry,0.02,1800,10,1380.0,0.8424,0.8424
Chronopotentiometry,0.02,1800,10,1380.0,0.8423,0.8423
Chronopotentiometry,0.02,1800,10,1380.0,0.8423,0.8423
Chronopotentiometry,0.02,1800,10,1380.0,0.8423,0.8423
Chronopotentiometry,0.02,1800,10,1380.0,0.8423,0.8423
Chronopotentiometry,0.02,1800,10,1380.0,0.8421,0.8421
Chronopotentiometry,0.02,1800,10,1380.0,0.8422,0.8422
Chronopotentiometry,0.02,1800,10,1380.0,0.8422,0.8422
Chronopotentiometry,0.02,1800,10,1380.0,0.8422,0.8422
Chronopotentiometry,0.02,1800,10,1380.0,0.8422,0.8422
Chronopotentiometry,0.02,1800,10,1381.0,0.8423,0.8423
Chronopotentiometry,0.02,1800,10,1381.0,0.8423,0.8423
Chronopotentiometry,0.02,1800,10,1381.0,0.8424,0.8424
Chronopotentiometry,0.02,1800,10,1381.0,0.8424,0.8424
Chronopotentiometry,0.02,1800,10,1381.0,0.8423,0.8423
Chronopotentiometry,0.02,1800,10,1381.0,0.8423,0.8423
Chronopotentiometry,0.02,1800,10,1381.0,0.8422,0.8422
Chronopotentiometry,0.02,1800,10,1381.0,0.8421,0.8421
Chronopotentiometry,0.02,1800,10,1381.0,0.8422,0.8422
Chronopotentiometry,0.02,1800,10,1381.0,0.8422,0.8422
Chronopotentiometry,0.02,1800,10,1382.0,0.8422,0.8422
Chronopotentiometry,0.02,1800,10,1382.0,0.8422,0.8422
Chronopotentiometry,0.02,1800,10,1382.0,0.8423,0.8423
Chronopotentiometry,0.02,1800,10,1382.0,0.8423,0.8423
Chronopotentiometry,0.02,1800,10,1382.0,0.8422,0.8422
Chronopotentiometry,0.02,1800,10,1382.0,0.8421,0.8421
Chronopotentiometry,0.02,1800,10,1382.0,0.8423,0.8423
Chronopotentiometry,0.02,1800,10,1382.0,0.8422,0.8422
Chronopotentiometry,0.02,1800,10,1382.0,0.8422,0.8422
Chronopotentiometry,0.02,1800,10,1382.0,0.8423,0.8423
Chronopotentiometry,0.02,1800,10,1383.0,0.8423,0.8423
Chronopotentiometry,0.02,1800,10,1383.0,0.8424,0.8424
Chronopotentiometry,0.02,1800,10,1383.0,0.8423,0.8423
Chronopotentiometry,0.02,1800,10,1383.0,0.8423,0.8423
Chronopotentiometry,0.02,1800,10,1383.0,0.8423,0.8423
Chronopotentiometry,0.02,1800,10,1383.0,0.8423,0.8423
Chronopotentiometry,0.02,1800,10,1383.0,0.8422,0.8422
Chronopotentiometry,0.02,1800,10,1383.0,0.8423,0.8423
Chronopotentiometry,0.02,1800,10,1383.0,0.8423,0.8423
Chronopotentiometry,0.02,1800,10,1383.0,0.8422,0.8422
Chronopotentiometry,0.02,1800,10,1384.0,0.8423,0.8423
Chronopotentiometry,0.02,1800,10,1384.0,0.8422,0.8422
Chronopotentiometry,0.02,1800,10,1384.0,0.8421,0.8421
Chronopotentiometry,0.02,1800,10,1384.0,0.8421,0.8421
Chronopotentiometry,0.02,1800,10,1384.0,0.8421,0.8421
Chronopotentiometry,0.02,1800,10,1384.0,0.8422,0.8422
Chronopotentiometry,0.02,1800,10,1384.0,0.8421,0.8421
Chronopotentiometry,0.02,1800,10,1384.0,0.8421,0.8421
Chronopotentiometry,0.02,1800,10,1384.0,0.8423,0.8423
Chronopotentiometry,0.02,1800,10,1384.0,0.8422,0.8422
Chronopotentiometry,0.02,1800,10,1385.0,0.8421,0.8421
Chronopotentiometry,0.02,1800,10,1385.0,0.8421,0.8421
Chronopotentiometry,0.02,1800,10,1385.0,0.8421,0.8421
Chronopotentiometry,0.02,1800,10,1385.0,0.8422,0.8422
Chronopotentiometry,0.02,1800,10,1385.0,0.8421,0.8421
Chronopotentiometry,0.02,1800,10,1385.0,0.8422,0.8422
Chronopotentiometry,0.02,1800,10,1385.0,0.8422,0.8422
Chronopotentiometry,0.02,1800,10,1385.0,0.8422,0.8422
Chronopotentiometry,0.02,1800,10,1385.0,0.8423,0.8423
Chronopotentiometry,0.02,1800,10,1385.0,0.8423,0.8423
Chronopotentiometry,0.02,1800,10,1386.0,0.8421,0.8421
Chronopotentiometry,0.02,1800,10,1386.0,0.8422,0.8422
Chronopotentiometry,0.02,1800,10,1386.0,0.8423,0.8423
Chronopotentiometry,0.02,1800,10,1386.0,0.8424,0.8424
Chronopotentiometry,0.02,1800,10,1386.0,0.8423,0.8423
Chronopotentiometry,0.02,1800,10,1386.0,0.8423,0.8423
Chronopotentiometry,0.02,1800,10,1386.0,0.8424,0.8424
Chronopotentiometry,0.02,1800,10,1386.0,0.8424,0.8424
Chronopotentiometry,0.02,1800,10,1386.0,0.8424,0.8424
Chronopotentiometry,0.02,1800,10,1386.0,0.8424,0.8424
Chronopotentiometry,0.02,1800,10,1387.0,0.8423,0.8423
Chronopotentiometry,0.02,1800,10,1387.0,0.8423,0.8423
Chronopotentiometry,0.02,1800,10,1387.0,0.8423,0.8423
Chronopotentiometry,0.02,1800,10,1387.0,0.8422,0.8422
Chronopotentiometry,0.02,1800,10,1387.0,0.8422,0.8422
Chronopotentiometry,0.02,1800,10,1387.0,0.8423,0.8423
Chronopotentiometry,0.02,1800,10,1387.0,0.8423,0.8423
Chronopotentiometry,0.02,1800,10,1387.0,0.8423,0.8423
Chronopotentiometry,0.02,1800,10,1387.0,0.8423,0.8423
Chronopotentiometry,0.02,1800,10,1387.0,0.8423,0.8423
Chronopotentiometry,0.02,1800,10,1388.0,0.8423,0.8423
Chronopotentiometry,0.02,1800,10,1388.0,0.8422,0.8422
Chronopotentiometry,0.02,1800,10,1388.0,0.8423,0.8423
Chronopotentiometry,0.02,1800,10,1388.0,0.8423,0.8423
Chronopotentiometry,0.02,1800,10,1388.0,0.8423,0.8423
Chronopotentiometry,0.02,1800,10,1388.0,0.8423,0.8423
Chronopotentiometry,0.02,1800,10,1388.0,0.8423,0.8423
Chronopotentiometry,0.02,1800,10,1388.0,0.8423,0.8423
Chronopotentiometry,0.02,1800,10,1388.0,0.8423,0.8423
Chronopotentiometry,0.02,1800,10,1388.0,0.8424,0.8424
Chronopotentiometry,0.02,1800,10,1389.0,0.8424,0.8424
Chronopotentiometry,0.02,1800,10,1389.0,0.8423,0.8423
Chronopotentiometry,0.02,1800,10,1389.0,0.8424,0.8424
Chronopotentiometry,0.02,1800,10,1389.0,0.8424,0.8424
Chronopotentiometry,0.02,1800,10,1389.0,0.8424,0.8424
Chronopotentiometry,0.02,1800,10,1389.0,0.8424,0.8424
Chronopotentiometry,0.02,1800,10,1389.0,0.8424,0.8424
Chronopotentiometry,0.02,1800,10,1389.0,0.8423,0.8423
Chronopotentiometry,0.02,1800,10,1389.0,0.8423,0.8423
Chronopotentiometry,0.02,1800,10,1389.0,0.8424,0.8424
Chronopotentiometry,0.02,1800,10,1390.0,0.8425,0.8425
Chronopotentiometry,0.02,1800,10,1390.0,0.8425,0.8425
Chronopotentiometry,0.02,1800,10,1390.0,0.8425,0.8425
Chronopotentiometry,0.02,1800,10,1390.0,0.8423,0.8423
Chronopotentiometry,0.02,1800,10,1390.0,0.8423,0.8423
Chronopotentiometry,0.02,1800,10,1390.0,0.8423,0.8423
Chronopotentiometry,0.02,1800,10,1390.0,0.8423,0.8423
Chronopotentiometry,0.02,1800,10,1390.0,0.8423,0.8423
Chronopotentiometry,0.02,1800,10,1390.0,0.8422,0.8422
Chronopotentiometry,0.02,1800,10,1390.0,0.8422,0.8422
Chronopotentiometry,0.02,1800,10,1391.0,0.8422,0.8422
Chronopotentiometry,0.02,1800,10,1391.0,0.8422,0.8422
Chronopotentiometry,0.02,1800,10,1391.0,0.8422,0.8422
Chronopotentiometry,0.02,1800,10,1391.0,0.8422,0.8422
Chronopotentiometry,0.02,1800,10,1391.0,0.8423,0.8423
Chronopotentiometry,0.02,1800,10,1391.0,0.8423,0.8423
Chronopotentiometry,0.02,1800,10,1391.0,0.8423,0.8423
Chronopotentiometry,0.02,1800,10,1391.0,0.8423,0.8423
Chronopotentiometry,0.02,1800,10,1391.0,0.8423,0.8423
Chronopotentiometry,0.02,1800,10,1391.0,0.8424,0.8424
Chronopotentiometry,0.02,1800,10,1392.0,0.8424,0.8424
Chronopotentiometry,0.02,1800,10,1392.0,0.8425,0.8425
Chronopotentiometry,0.02,1800,10,1392.0,0.8424,0.8424
Chronopotentiometry,0.02,1800,10,1392.0,0.8423,0.8423
Chronopotentiometry,0.02,1800,10,1392.0,0.8424,0.8424
Chronopotentiometry,0.02,1800,10,1392.0,0.8423,0.8423
Chronopotentiometry,0.02,1800,10,1392.0,0.8424,0.8424
Chronopotentiometry,0.02,1800,10,1392.0,0.8423,0.8423
Chronopotentiometry,0.02,1800,10,1392.0,0.8423,0.8423
Chronopotentiometry,0.02,1800,10,1392.0,0.8424,0.8424
Chronopotentiometry,0.02,1800,10,1393.0,0.8423,0.8423
Chronopotentiometry,0.02,1800,10,1393.0,0.8423,0.8423
Chronopotentiometry,0.02,1800,10,1393.0,0.8424,0.8424
Chronopotentiometry,0.02,1800,10,1393.0,0.8424,0.8424
Chronopotentiometry,0.02,1800,10,1393.0,0.8424,0.8424
Chronopotentiometry,0.02,1800,10,1393.0,0.8423,0.8423
Chronopotentiometry,0.02,1800,10,1393.0,0.8424,0.8424
Chronopotentiometry,0.02,1800,10,1393.0,0.8423,0.8423
Chronopotentiometry,0.02,1800,10,1393.0,0.8422,0.8422
Chronopotentiometry,0.02,1800,10,1393.0,0.8423,0.8423
Chronopotentiometry,0.02,1800,10,1394.0,0.8423,0.8423
Chronopotentiometry,0.02,1800,10,1394.0,0.8424,0.8424
Chronopotentiometry,0.02,1800,10,1394.0,0.8424,0.8424
Chronopotentiometry,0.02,1800,10,1394.0,0.8424,0.8424
Chronopotentiometry,0.02,1800,10,1394.0,0.8423,0.8423
Chronopotentiometry,0.02,1800,10,1394.0,0.8423,0.8423
Chronopotentiometry,0.02,1800,10,1394.0,0.8423,0.8423
Chronopotentiometry,0.02,1800,10,1394.0,0.8423,0.8423
Chronopotentiometry,0.02,1800,10,1394.0,0.8423,0.8423
Chronopotentiometry,0.02,1800,10,1394.0,0.8423,0.8423
Chronopotentiometry,0.02,1800,10,1395.0,0.8424,0.8424
Chronopotentiometry,0.02,1800,10,1395.0,0.8425,0.8425
Chronopotentiometry,0.02,1800,10,1395.0,0.8424,0.8424
Chronopotentiometry,0.02,1800,10,1395.0,0.8424,0.8424
Chronopotentiometry,0.02,1800,10,1395.0,0.8424,0.8424
Chronopotentiometry,0.02,1800,10,1395.0,0.8423,0.8423
Chronopotentiometry,0.02,1800,10,1395.0,0.8424,0.8424
Chronopotentiometry,0.02,1800,10,1395.0,0.8424,0.8424
Chronopotentiometry,0.02,1800,10,1395.0,0.8424,0.8424
Chronopotentiometry,0.02,1800,10,1395.0,0.8425,0.8425
Chronopotentiometry,0.02,1800,10,1396.0,0.8423,0.8423
Chronopotentiometry,0.02,1800,10,1396.0,0.8423,0.8423
Chronopotentiometry,0.02,1800,10,1396.0,0.8423,0.8423
Chronopotentiometry,0.02,1800,10,1396.0,0.8424,0.8424
Chronopotentiometry,0.02,1800,10,1396.0,0.8423,0.8423
Chronopotentiometry,0.02,1800,10,1396.0,0.8422,0.8422
Chronopotentiometry,0.02,1800,10,1396.0,0.8423,0.8423
Chronopotentiometry,0.02,1800,10,1396.0,0.8423,0.8423
Chronopotentiometry,0.02,1800,10,1396.0,0.8423,0.8423
Chronopotentiometry,0.02,1800,10,1396.0,0.8424,0.8424
Chronopotentiometry,0.02,1800,10,1397.0,0.8423,0.8423
Chronopotentiometry,0.02,1800,10,1397.0,0.8423,0.8423
Chronopotentiometry,0.02,1800,10,1397.0,0.8424,0.8424
Chronopotentiometry,0.02,1800,10,1397.0,0.8424,0.8424
Chronopotentiometry,0.02,1800,10,1397.0,0.8423,0.8423
Chronopotentiometry,0.02,1800,10,1397.0,0.8424,0.8424
Chronopotentiometry,0.02,1800,10,1397.0,0.8425,0.8425
Chronopotentiometry,0.02,1800,10,1397.0,0.8425,0.8425
Chronopotentiometry,0.02,1800,10,1397.0,0.8425,0.8425
Chronopotentiometry,0.02,1800,10,1397.0,0.8425,0.8425
Chronopotentiometry,0.02,1800,10,1398.0,0.8424,0.8424
Chronopotentiometry,0.02,1800,10,1398.0,0.8424,0.8424
Chronopotentiometry,0.02,1800,10,1398.0,0.8423,0.8423
Chronopotentiometry,0.02,1800,10,1398.0,0.8423,0.8423
Chronopotentiometry,0.02,1800,10,1398.0,0.8423,0.8423
Chronopotentiometry,0.02,1800,10,1398.0,0.8423,0.8423
Chronopotentiometry,0.02,1800,10,1398.0,0.8424,0.8424
Chronopotentiometry,0.02,1800,10,1398.0,0.8424,0.8424
Chronopotentiometry,0.02,1800,10,1398.0,0.8422,0.8422
Chronopotentiometry,0.02,1800,10,1398.0,0.8424,0.8424
Chronopotentiometry,0.02,1800,10,1399.0,0.8424,0.8424
Chronopotentiometry,0.02,1800,10,1399.0,0.8424,0.8424
Chronopotentiometry,0.02,1800,10,1399.0,0.8424,0.8424
Chronopotentiometry,0.02,1800,10,1399.0,0.8424,0.8424
Chronopotentiometry,0.02,1800,10,1399.0,0.8424,0.8424
Chronopotentiometry,0.02,1800,10,1399.0,0.8424,0.8424
Chronopotentiometry,0.02,1800,10,1399.0,0.8422,0.8422
Chronopotentiometry,0.02,1800,10,1399.0,0.8422,0.8422
Chronopotentiometry,0.02,1800,10,1399.0,0.8422,0.8422
Chronopotentiometry,0.02,1800,10,1399.0,0.8422,0.8422
Chronopotentiometry,0.02,1800,10,1400.0,0.8423,0.8423
Chronopotentiometry,0.02,1800,10,1400.0,0.8423,0.8423
Chronopotentiometry,0.02,1800,10,1400.0,0.8423,0.8423
Chronopotentiometry,0.02,1800,10,1400.0,0.8422,0.8422
Chronopotentiometry,0.02,1800,10,1400.0,0.8422,0.8422
Chronopotentiometry,0.02,1800,10,1400.0,0.8422,0.8422
Chronopotentiometry,0.02,1800,10,1400.0,0.8422,0.8422
Chronopotentiometry,0.02,1800,10,1400.0,0.8422,0.8422
Chronopotentiometry,0.02,1800,10,1400.0,0.8422,0.8422
Chronopotentiometry,0.02,1800,10,1400.0,0.8423,0.8423
Chronopotentiometry,0.02,1800,10,1401.0,0.8423,0.8423
Chronopotentiometry,0.02,1800,10,1401.0,0.8422,0.8422
Chronopotentiometry,0.02,1800,10,1401.0,0.8422,0.8422
Chronopotentiometry,0.02,1800,10,1401.0,0.8423,0.8423
Chronopotentiometry,0.02,1800,10,1401.0,0.8422,0.8422
Chronopotentiometry,0.02,1800,10,1401.0,0.8422,0.8422
Chronopotentiometry,0.02,1800,10,1401.0,0.8423,0.8423
Chronopotentiometry,0.02,1800,10,1401.0,0.8423,0.8423
Chronopotentiometry,0.02,1800,10,1401.0,0.8424,0.8424
Chronopotentiometry,0.02,1800,10,1401.0,0.8423,0.8423
Chronopotentiometry,0.02,1800,10,1402.0,0.8423,0.8423
Chronopotentiometry,0.02,1800,10,1402.0,0.8423,0.8423
Chronopotentiometry,0.02,1800,10,1402.0,0.8424,0.8424
Chronopotentiometry,0.02,1800,10,1402.0,0.8422,0.8422
Chronopotentiometry,0.02,1800,10,1402.0,0.8423,0.8423
Chronopotentiometry,0.02,1800,10,1402.0,0.8424,0.8424
Chronopotentiometry,0.02,1800,10,1402.0,0.8424,0.8424
Chronopotentiometry,0.02,1800,10,1402.0,0.8422,0.8422
Chronopotentiometry,0.02,1800,10,1402.0,0.8422,0.8422
Chronopotentiometry,0.02,1800,10,1402.0,0.8422,0.8422
Chronopotentiometry,0.02,1800,10,1403.0,0.8422,0.8422
Chronopotentiometry,0.02,1800,10,1403.0,0.8423,0.8423
Chronopotentiometry,0.02,1800,10,1403.0,0.8422,0.8422
Chronopotentiometry,0.02,1800,10,1403.0,0.8422,0.8422
Chronopotentiometry,0.02,1800,10,1403.0,0.8423,0.8423
Chronopotentiometry,0.02,1800,10,1403.0,0.8424,0.8424
Chronopotentiometry,0.02,1800,10,1403.0,0.8423,0.8423
Chronopotentiometry,0.02,1800,10,1403.0,0.8423,0.8423
Chronopotentiometry,0.02,1800,10,1403.0,0.8424,0.8424
Chronopotentiometry,0.02,1800,10,1403.0,0.8424,0.8424
Chronopotentiometry,0.02,1800,10,1404.0,0.8424,0.8424
Chronopotentiometry,0.02,1800,10,1404.0,0.8424,0.8424
Chronopotentiometry,0.02,1800,10,1404.0,0.8422,0.8422
Chronopotentiometry,0.02,1800,10,1404.0,0.8423,0.8423
Chronopotentiometry,0.02,1800,10,1404.0,0.8423,0.8423
Chronopotentiometry,0.02,1800,10,1404.0,0.8422,0.8422
Chronopotentiometry,0.02,1800,10,1404.0,0.8422,0.8422
Chronopotentiometry,0.02,1800,10,1404.0,0.8423,0.8423
Chronopotentiometry,0.02,1800,10,1404.0,0.8422,0.8422
Chronopotentiometry,0.02,1800,10,1404.0,0.8423,0.8423
Chronopotentiometry,0.02,1800,10,1405.0,0.8423,0.8423
Chronopotentiometry,0.02,1800,10,1405.0,0.8423,0.8423
Chronopotentiometry,0.02,1800,10,1405.0,0.8424,0.8424
Chronopotentiometry,0.02,1800,10,1405.0,0.8424,0.8424
Chronopotentiometry,0.02,1800,10,1405.0,0.8424,0.8424
Chronopotentiometry,0.02,1800,10,1405.0,0.8423,0.8423
Chronopotentiometry,0.02,1800,10,1405.0,0.8423,0.8423
Chronopotentiometry,0.02,1800,10,1405.0,0.8423,0.8423
Chronopotentiometry,0.02,1800,10,1405.0,0.8423,0.8423
Chronopotentiometry,0.02,1800,10,1405.0,0.8424,0.8424
Chronopotentiometry,0.02,1800,10,1406.0,0.8423,0.8423
Chronopotentiometry,0.02,1800,10,1406.0,0.8423,0.8423
Chronopotentiometry,0.02,1800,10,1406.0,0.8423,0.8423
Chronopotentiometry,0.02,1800,10,1406.0,0.8423,0.8423
Chronopotentiometry,0.02,1800,10,1406.0,0.8423,0.8423
Chronopotentiometry,0.02,1800,10,1406.0,0.8423,0.8423
Chronopotentiometry,0.02,1800,10,1406.0,0.8423,0.8423
Chronopotentiometry,0.02,1800,10,1406.0,0.8424,0.8424
Chronopotentiometry,0.02,1800,10,1406.0,0.8423,0.8423
Chronopotentiometry,0.02,1800,10,1406.0,0.8423,0.8423
Chronopotentiometry,0.02,1800,10,1407.0,0.8424,0.8424
Chronopotentiometry,0.02,1800,10,1407.0,0.8424,0.8424
Chronopotentiometry,0.02,1800,10,1407.0,0.8424,0.8424
Chronopotentiometry,0.02,1800,10,1407.0,0.8424,0.8424
Chronopotentiometry,0.02,1800,10,1407.0,0.8425,0.8425
Chronopotentiometry,0.02,1800,10,1407.0,0.8425,0.8425
Chronopotentiometry,0.02,1800,10,1407.0,0.8424,0.8424
Chronopotentiometry,0.02,1800,10,1407.0,0.8424,0.8424
Chronopotentiometry,0.02,1800,10,1407.0,0.8423,0.8423
Chronopotentiometry,0.02,1800,10,1407.0,0.8423,0.8423
Chronopotentiometry,0.02,1800,10,1408.0,0.8423,0.8423
Chronopotentiometry,0.02,1800,10,1408.0,0.8423,0.8423
Chronopotentiometry,0.02,1800,10,1408.0,0.8424,0.8424
Chronopotentiometry,0.02,1800,10,1408.0,0.8423,0.8423
Chronopotentiometry,0.02,1800,10,1408.0,0.8425,0.8425
Chronopotentiometry,0.02,1800,10,1408.0,0.8424,0.8424
Chronopotentiometry,0.02,1800,10,1408.0,0.8424,0.8424
Chronopotentiometry,0.02,1800,10,1408.0,0.8425,0.8425
Chronopotentiometry,0.02,1800,10,1408.0,0.8424,0.8424
Chronopotentiometry,0.02,1800,10,1408.0,0.8424,0.8424
Chronopotentiometry,0.02,1800,10,1409.0,0.8423,0.8423
Chronopotentiometry,0.02,1800,10,1409.0,0.8424,0.8424
Chronopotentiometry,0.02,1800,10,1409.0,0.8425,0.8425
Chronopotentiometry,0.02,1800,10,1409.0,0.8425,0.8425
Chronopotentiometry,0.02,1800,10,1409.0,0.8425,0.8425
Chronopotentiometry,0.02,1800,10,1409.0,0.8424,0.8424
Chronopotentiometry,0.02,1800,10,1409.0,0.8424,0.8424
Chronopotentiometry,0.02,1800,10,1409.0,0.8424,0.8424
Chronopotentiometry,0.02,1800,10,1409.0,0.8424,0.8424
Chronopotentiometry,0.02,1800,10,1409.0,0.8424,0.8424
Chronopotentiometry,0.02,1800,10,1410.0,0.8424,0.8424
Chronopotentiometry,0.02,1800,10,1410.0,0.8424,0.8424
Chronopotentiometry,0.02,1800,10,1410.0,0.8425,0.8425
Chronopotentiometry,0.02,1800,10,1410.0,0.8424,0.8424
Chronopotentiometry,0.02,1800,10,1410.0,0.8425,0.8425
Chronopotentiometry,0.02,1800,10,1410.0,0.8425,0.8425
Chronopotentiometry,0.02,1800,10,1410.0,0.8426,0.8426
Chronopotentiometry,0.02,1800,10,1410.0,0.8425,0.8425
Chronopotentiometry,0.02,1800,10,1410.0,0.8424,0.8424
Chronopotentiometry,0.02,1800,10,1410.0,0.8423,0.8423
Chronopotentiometry,0.02,1800,10,1411.0,0.8423,0.8423
Chronopotentiometry,0.02,1800,10,1411.0,0.8424,0.8424
Chronopotentiometry,0.02,1800,10,1411.0,0.8424,0.8424
Chronopotentiometry,0.02,1800,10,1411.0,0.8424,0.8424
Chronopotentiometry,0.02,1800,10,1411.0,0.8423,0.8423
Chronopotentiometry,0.02,1800,10,1411.0,0.8424,0.8424
Chronopotentiometry,0.02,1800,10,1411.0,0.8424,0.8424
Chronopotentiometry,0.02,1800,10,1411.0,0.8424,0.8424
Chronopotentiometry,0.02,1800,10,1411.0,0.8424,0.8424
Chronopotentiometry,0.02,1800,10,1411.0,0.8424,0.8424
Chronopotentiometry,0.02,1800,10,1412.0,0.8424,0.8424
Chronopotentiometry,0.02,1800,10,1412.0,0.8424,0.8424
Chronopotentiometry,0.02,1800,10,1412.0,0.8424,0.8424
Chronopotentiometry,0.02,1800,10,1412.0,0.8424,0.8424
Chronopotentiometry,0.02,1800,10,1412.0,0.8423,0.8423
Chronopotentiometry,0.02,1800,10,1412.0,0.8424,0.8424
Chronopotentiometry,0.02,1800,10,1412.0,0.8424,0.8424
Chronopotentiometry,0.02,1800,10,1412.0,0.8423,0.8423
Chronopotentiometry,0.02,1800,10,1412.0,0.8423,0.8423
Chronopotentiometry,0.02,1800,10,1412.0,0.8422,0.8422
Chronopotentiometry,0.02,1800,10,1413.0,0.8423,0.8423
Chronopotentiometry,0.02,1800,10,1413.0,0.8424,0.8424
Chronopotentiometry,0.02,1800,10,1413.0,0.8424,0.8424
Chronopotentiometry,0.02,1800,10,1413.0,0.8424,0.8424
Chronopotentiometry,0.02,1800,10,1413.0,0.8424,0.8424
Chronopotentiometry,0.02,1800,10,1413.0,0.8424,0.8424
Chronopotentiometry,0.02,1800,10,1413.0,0.8424,0.8424
Chronopotentiometry,0.02,1800,10,1413.0,0.8424,0.8424
Chronopotentiometry,0.02,1800,10,1413.0,0.8425,0.8425
Chronopotentiometry,0.02,1800,10,1413.0,0.8424,0.8424
Chronopotentiometry,0.02,1800,10,1414.0,0.8424,0.8424
Chronopotentiometry,0.02,1800,10,1414.0,0.8425,0.8425
Chronopotentiometry,0.02,1800,10,1414.0,0.8425,0.8425
Chronopotentiometry,0.02,1800,10,1414.0,0.8425,0.8425
Chronopotentiometry,0.02,1800,10,1414.0,0.8424,0.8424
Chronopotentiometry,0.02,1800,10,1414.0,0.8423,0.8423
Chronopotentiometry,0.02,1800,10,1414.0,0.8423,0.8423
Chronopotentiometry,0.02,1800,10,1414.0,0.8424,0.8424
Chronopotentiometry,0.02,1800,10,1414.0,0.8424,0.8424
Chronopotentiometry,0.02,1800,10,1414.0,0.8424,0.8424
Chronopotentiometry,0.02,1800,10,1415.0,0.8423,0.8423
Chronopotentiometry,0.02,1800,10,1415.0,0.8424,0.8424
Chronopotentiometry,0.02,1800,10,1415.0,0.8423,0.8423
Chronopotentiometry,0.02,1800,10,1415.0,0.8424,0.8424
Chronopotentiometry,0.02,1800,10,1415.0,0.8425,0.8425
Chronopotentiometry,0.02,1800,10,1415.0,0.8424,0.8424
Chronopotentiometry,0.02,1800,10,1415.0,0.8424,0.8424
Chronopotentiometry,0.02,1800,10,1415.0,0.8425,0.8425
Chronopotentiometry,0.02,1800,10,1415.0,0.8424,0.8424
Chronopotentiometry,0.02,1800,10,1415.0,0.8425,0.8425
Chronopotentiometry,0.02,1800,10,1416.0,0.8425,0.8425
Chronopotentiometry,0.02,1800,10,1416.0,0.8425,0.8425
Chronopotentiometry,0.02,1800,10,1416.0,0.8425,0.8425
Chronopotentiometry,0.02,1800,10,1416.0,0.8425,0.8425
Chronopotentiometry,0.02,1800,10,1416.0,0.8424,0.8424
Chronopotentiometry,0.02,1800,10,1416.0,0.8424,0.8424
Chronopotentiometry,0.02,1800,10,1416.0,0.8424,0.8424
Chronopotentiometry,0.02,1800,10,1416.0,0.8424,0.8424
Chronopotentiometry,0.02,1800,10,1416.0,0.8425,0.8425
Chronopotentiometry,0.02,1800,10,1416.0,0.8425,0.8425
Chronopotentiometry,0.02,1800,10,1417.0,0.8425,0.8425
Chronopotentiometry,0.02,1800,10,1417.0,0.8425,0.8425
Chronopotentiometry,0.02,1800,10,1417.0,0.8426,0.8426
Chronopotentiometry,0.02,1800,10,1417.0,0.8425,0.8425
Chronopotentiometry,0.02,1800,10,1417.0,0.8424,0.8424
Chronopotentiometry,0.02,1800,10,1417.0,0.8424,0.8424
Chronopotentiometry,0.02,1800,10,1417.0,0.8424,0.8424
Chronopotentiometry,0.02,1800,10,1417.0,0.8425,0.8425
Chronopotentiometry,0.02,1800,10,1417.0,0.8424,0.8424
Chronopotentiometry,0.02,1800,10,1417.0,0.8424,0.8424
Chronopotentiometry,0.02,1800,10,1418.0,0.8424,0.8424
Chronopotentiometry,0.02,1800,10,1418.0,0.8425,0.8425
Chronopotentiometry,0.02,1800,10,1418.0,0.8425,0.8425
Chronopotentiometry,0.02,1800,10,1418.0,0.8426,0.8426
Chronopotentiometry,0.02,1800,10,1418.0,0.8424,0.8424
Chronopotentiometry,0.02,1800,10,1418.0,0.8424,0.8424
Chronopotentiometry,0.02,1800,10,1418.0,0.8424,0.8424
Chronopotentiometry,0.02,1800,10,1418.0,0.8424,0.8424
Chronopotentiometry,0.02,1800,10,1418.0,0.8424,0.8424
Chronopotentiometry,0.02,1800,10,1418.0,0.8424,0.8424
Chronopotentiometry,0.02,1800,10,1419.0,0.8424,0.8424
Chronopotentiometry,0.02,1800,10,1419.0,0.8425,0.8425
Chronopotentiometry,0.02,1800,10,1419.0,0.8425,0.8425
Chronopotentiometry,0.02,1800,10,1419.0,0.8425,0.8425
Chronopotentiometry,0.02,1800,10,1419.0,0.8424,0.8424
Chronopotentiometry,0.02,1800,10,1419.0,0.8425,0.8425
Chronopotentiometry,0.02,1800,10,1419.0,0.8425,0.8425
Chronopotentiometry,0.02,1800,10,1419.0,0.8426,0.8426
Chronopotentiometry,0.02,1800,10,1419.0,0.8426,0.8426
Chronopotentiometry,0.02,1800,10,1419.0,0.8424,0.8424
Chronopotentiometry,0.02,1800,10,1420.0,0.8424,0.8424
Chronopotentiometry,0.02,1800,10,1420.0,0.8425,0.8425
Chronopotentiometry,0.02,1800,10,1420.0,0.8425,0.8425
Chronopotentiometry,0.02,1800,10,1420.0,0.8425,0.8425
Chronopotentiometry,0.02,1800,10,1420.0,0.8425,0.8425
Chronopotentiometry,0.02,1800,10,1420.0,0.8426,0.8426
Chronopotentiometry,0.02,1800,10,1420.0,0.8426,0.8426
Chronopotentiometry,0.02,1800,10,1420.0,0.8425,0.8425
Chronopotentiometry,0.02,1800,10,1420.0,0.8425,0.8425
Chronopotentiometry,0.02,1800,10,1420.0,0.8425,0.8425
Chronopotentiometry,0.02,1800,10,1421.0,0.8424,0.8424
Chronopotentiometry,0.02,1800,10,1421.0,0.8425,0.8425
Chronopotentiometry,0.02,1800,10,1421.0,0.8425,0.8425
Chronopotentiometry,0.02,1800,10,1421.0,0.8424,0.8424
Chronopotentiometry,0.02,1800,10,1421.0,0.8425,0.8425
Chronopotentiometry,0.02,1800,10,1421.0,0.8426,0.8426
Chronopotentiometry,0.02,1800,10,1421.0,0.8427,0.8427
Chronopotentiometry,0.02,1800,10,1421.0,0.8425,0.8425
Chronopotentiometry,0.02,1800,10,1421.0,0.8424,0.8424
Chronopotentiometry,0.02,1800,10,1421.0,0.8424,0.8424
Chronopotentiometry,0.02,1800,10,1422.0,0.8424,0.8424
Chronopotentiometry,0.02,1800,10,1422.0,0.8424,0.8424
Chronopotentiometry,0.02,1800,10,1422.0,0.8425,0.8425
Chronopotentiometry,0.02,1800,10,1422.0,0.8424,0.8424
Chronopotentiometry,0.02,1800,10,1422.0,0.8425,0.8425
Chronopotentiometry,0.02,1800,10,1422.0,0.8425,0.8425
Chronopotentiometry,0.02,1800,10,1422.0,0.8425,0.8425
Chronopotentiometry,0.02,1800,10,1422.0,0.8425,0.8425
Chronopotentiometry,0.02,1800,10,1422.0,0.8424,0.8424
Chronopotentiometry,0.02,1800,10,1422.0,0.8425,0.8425
Chronopotentiometry,0.02,1800,10,1423.0,0.8424,0.8424
Chronopotentiometry,0.02,1800,10,1423.0,0.8424,0.8424
Chronopotentiometry,0.02,1800,10,1423.0,0.8424,0.8424
Chronopotentiometry,0.02,1800,10,1423.0,0.8424,0.8424
Chronopotentiometry,0.02,1800,10,1423.0,0.8425,0.8425
Chronopotentiometry,0.02,1800,10,1423.0,0.8425,0.8425
Chronopotentiometry,0.02,1800,10,1423.0,0.8425,0.8425
Chronopotentiometry,0.02,1800,10,1423.0,0.8424,0.8424
Chronopotentiometry,0.02,1800,10,1423.0,0.8424,0.8424
Chronopotentiometry,0.02,1800,10,1423.0,0.8425,0.8425
Chronopotentiometry,0.02,1800,10,1424.0,0.8425,0.8425
Chronopotentiometry,0.02,1800,10,1424.0,0.8425,0.8425
Chronopotentiometry,0.02,1800,10,1424.0,0.8425,0.8425
Chronopotentiometry,0.02,1800,10,1424.0,0.8425,0.8425
Chronopotentiometry,0.02,1800,10,1424.0,0.8426,0.8426
Chronopotentiometry,0.02,1800,10,1424.0,0.8425,0.8425
Chronopotentiometry,0.02,1800,10,1424.0,0.8425,0.8425
Chronopotentiometry,0.02,1800,10,1424.0,0.8425,0.8425
Chronopotentiometry,0.02,1800,10,1424.0,0.8424,0.8424
Chronopotentiometry,0.02,1800,10,1424.0,0.8425,0.8425
Chronopotentiometry,0.02,1800,10,1425.0,0.8425,0.8425
Chronopotentiometry,0.02,1800,10,1425.0,0.8425,0.8425
Chronopotentiometry,0.02,1800,10,1425.0,0.8424,0.8424
Chronopotentiometry,0.02,1800,10,1425.0,0.8424,0.8424
Chronopotentiometry,0.02,1800,10,1425.0,0.8425,0.8425
Chronopotentiometry,0.02,1800,10,1425.0,0.8425,0.8425
Chronopotentiometry,0.02,1800,10,1425.0,0.8425,0.8425
Chronopotentiometry,0.02,1800,10,1425.0,0.8425,0.8425
Chronopotentiometry,0.02,1800,10,1425.0,0.8424,0.8424
Chronopotentiometry,0.02,1800,10,1425.0,0.8424,0.8424
Chronopotentiometry,0.02,1800,10,1426.0,0.8425,0.8425
Chronopotentiometry,0.02,1800,10,1426.0,0.8425,0.8425
Chronopotentiometry,0.02,1800,10,1426.0,0.8425,0.8425
Chronopotentiometry,0.02,1800,10,1426.0,0.8424,0.8424
Chronopotentiometry,0.02,1800,10,1426.0,0.8425,0.8425
Chronopotentiometry,0.02,1800,10,1426.0,0.8426,0.8426
Chronopotentiometry,0.02,1800,10,1426.0,0.8427,0.8427
Chronopotentiometry,0.02,1800,10,1426.0,0.8427,0.8427
Chronopotentiometry,0.02,1800,10,1426.0,0.8425,0.8425
Chronopotentiometry,0.02,1800,10,1426.0,0.8425,0.8425
Chronopotentiometry,0.02,1800,10,1427.0,0.8426,0.8426
Chronopotentiometry,0.02,1800,10,1427.0,0.8426,0.8426
Chronopotentiometry,0.02,1800,10,1427.0,0.8426,0.8426
Chronopotentiometry,0.02,1800,10,1427.0,0.8426,0.8426
Chronopotentiometry,0.02,1800,10,1427.0,0.8425,0.8425
Chronopotentiometry,0.02,1800,10,1427.0,0.8424,0.8424
Chronopotentiometry,0.02,1800,10,1427.0,0.8425,0.8425
Chronopotentiometry,0.02,1800,10,1427.0,0.8425,0.8425
Chronopotentiometry,0.02,1800,10,1427.0,0.8425,0.8425
Chronopotentiometry,0.02,1800,10,1427.0,0.8425,0.8425
Chronopotentiometry,0.02,1800,10,1428.0,0.8425,0.8425
Chronopotentiometry,0.02,1800,10,1428.0,0.8424,0.8424
Chronopotentiometry,0.02,1800,10,1428.0,0.8425,0.8425
Chronopotentiometry,0.02,1800,10,1428.0,0.8426,0.8426
Chronopotentiometry,0.02,1800,10,1428.0,0.8425,0.8425
Chronopotentiometry,0.02,1800,10,1428.0,0.8426,0.8426
Chronopotentiometry,0.02,1800,10,1428.0,0.8426,0.8426
Chronopotentiometry,0.02,1800,10,1428.0,0.8426,0.8426
Chronopotentiometry,0.02,1800,10,1428.0,0.8425,0.8425
Chronopotentiometry,0.02,1800,10,1428.0,0.8425,0.8425
Chronopotentiometry,0.02,1800,10,1429.0,0.8426,0.8426
Chronopotentiometry,0.02,1800,10,1429.0,0.8426,0.8426
Chronopotentiometry,0.02,1800,10,1429.0,0.8426,0.8426
Chronopotentiometry,0.02,1800,10,1429.0,0.8426,0.8426
Chronopotentiometry,0.02,1800,10,1429.0,0.8426,0.8426
Chronopotentiometry,0.02,1800,10,1429.0,0.8426,0.8426
Chronopotentiometry,0.02,1800,10,1429.0,0.8426,0.8426
Chronopotentiometry,0.02,1800,10,1429.0,0.8426,0.8426
Chronopotentiometry,0.02,1800,10,1429.0,0.8426,0.8426
Chronopotentiometry,0.02,1800,10,1429.0,0.8426,0.8426
Chronopotentiometry,0.02,1800,10,1430.0,0.8427,0.8427
Chronopotentiometry,0.02,1800,10,1430.0,0.8426,0.8426
Chronopotentiometry,0.02,1800,10,1430.0,0.8425,0.8425
Chronopotentiometry,0.02,1800,10,1430.0,0.8424,0.8424
Chronopotentiometry,0.02,1800,10,1430.0,0.8425,0.8425
Chronopotentiometry,0.02,1800,10,1430.0,0.8426,0.8426
Chronopotentiometry,0.02,1800,10,1430.0,0.8426,0.8426
Chronopotentiometry,0.02,1800,10,1430.0,0.8425,0.8425
Chronopotentiometry,0.02,1800,10,1430.0,0.8425,0.8425
Chronopotentiometry,0.02,1800,10,1430.0,0.8425,0.8425
Chronopotentiometry,0.02,1800,10,1431.0,0.8426,0.8426
Chronopotentiometry,0.02,1800,10,1431.0,0.8426,0.8426
Chronopotentiometry,0.02,1800,10,1431.0,0.8426,0.8426
Chronopotentiometry,0.02,1800,10,1431.0,0.8426,0.8426
Chronopotentiometry,0.02,1800,10,1431.0,0.8426,0.8426
Chronopotentiometry,0.02,1800,10,1431.0,0.8425,0.8425
Chronopotentiometry,0.02,1800,10,1431.0,0.8425,0.8425
Chronopotentiometry,0.02,1800,10,1431.0,0.8426,0.8426
Chronopotentiometry,0.02,1800,10,1431.0,0.8426,0.8426
Chronopotentiometry,0.02,1800,10,1431.0,0.8426,0.8426
Chronopotentiometry,0.02,1800,10,1432.0,0.8425,0.8425
Chronopotentiometry,0.02,1800,10,1432.0,0.8425,0.8425
Chronopotentiometry,0.02,1800,10,1432.0,0.8426,0.8426
Chronopotentiometry,0.02,1800,10,1432.0,0.8426,0.8426
Chronopotentiometry,0.02,1800,10,1432.0,0.8425,0.8425
Chronopotentiometry,0.02,1800,10,1432.0,0.8425,0.8425
Chronopotentiometry,0.02,1800,10,1432.0,0.8425,0.8425
Chronopotentiometry,0.02,1800,10,1432.0,0.8425,0.8425
Chronopotentiometry,0.02,1800,10,1432.0,0.8425,0.8425
Chronopotentiometry,0.02,1800,10,1432.0,0.8427,0.8427
Chronopotentiometry,0.02,1800,10,1433.0,0.8426,0.8426
Chronopotentiometry,0.02,1800,10,1433.0,0.8426,0.8426
Chronopotentiometry,0.02,1800,10,1433.0,0.8426,0.8426
Chronopotentiometry,0.02,1800,10,1433.0,0.8426,0.8426
Chronopotentiometry,0.02,1800,10,1433.0,0.8426,0.8426
Chronopotentiometry,0.02,1800,10,1433.0,0.8427,0.8427
Chronopotentiometry,0.02,1800,10,1433.0,0.8425,0.8425
Chronopotentiometry,0.02,1800,10,1433.0,0.8426,0.8426
Chronopotentiometry,0.02,1800,10,1433.0,0.8425,0.8425
Chronopotentiometry,0.02,1800,10,1433.0,0.8426,0.8426
Chronopotentiometry,0.02,1800,10,1434.0,0.8426,0.8426
Chronopotentiometry,0.02,1800,10,1434.0,0.8427,0.8427
Chronopotentiometry,0.02,1800,10,1434.0,0.8426,0.8426
Chronopotentiometry,0.02,1800,10,1434.0,0.8426,0.8426
Chronopotentiometry,0.02,1800,10,1434.0,0.8425,0.8425
Chronopotentiometry,0.02,1800,10,1434.0,0.8426,0.8426
Chronopotentiometry,0.02,1800,10,1434.0,0.8426,0.8426
Chronopotentiometry,0.02,1800,10,1434.0,0.8426,0.8426
Chronopotentiometry,0.02,1800,10,1434.0,0.8426,0.8426
Chronopotentiometry,0.02,1800,10,1434.0,0.8425,0.8425
Chronopotentiometry,0.02,1800,10,1435.0,0.8427,0.8427
Chronopotentiometry,0.02,1800,10,1435.0,0.8427,0.8427
Chronopotentiometry,0.02,1800,10,1435.0,0.8427,0.8427
Chronopotentiometry,0.02,1800,10,1435.0,0.8426,0.8426
Chronopotentiometry,0.02,1800,10,1435.0,0.8426,0.8426
Chronopotentiometry,0.02,1800,10,1435.0,0.8427,0.8427
Chronopotentiometry,0.02,1800,10,1435.0,0.8427,0.8427
Chronopotentiometry,0.02,1800,10,1435.0,0.8427,0.8427
Chronopotentiometry,0.02,1800,10,1435.0,0.8427,0.8427
Chronopotentiometry,0.02,1800,10,1435.0,0.8426,0.8426
Chronopotentiometry,0.02,1800,10,1436.0,0.8426,0.8426
Chronopotentiometry,0.02,1800,10,1436.0,0.8426,0.8426
Chronopotentiometry,0.02,1800,10,1436.0,0.8426,0.8426
Chronopotentiometry,0.02,1800,10,1436.0,0.8425,0.8425
Chronopotentiometry,0.02,1800,10,1436.0,0.8426,0.8426
Chronopotentiometry,0.02,1800,10,1436.0,0.8426,0.8426
Chronopotentiometry,0.02,1800,10,1436.0,0.8427,0.8427
Chronopotentiometry,0.02,1800,10,1436.0,0.8426,0.8426
Chronopotentiometry,0.02,1800,10,1436.0,0.8426,0.8426
Chronopotentiometry,0.02,1800,10,1436.0,0.8426,0.8426
Chronopotentiometry,0.02,1800,10,1437.0,0.8426,0.8426
Chronopotentiometry,0.02,1800,10,1437.0,0.8427,0.8427
Chronopotentiometry,0.02,1800,10,1437.0,0.8427,0.8427
Chronopotentiometry,0.02,1800,10,1437.0,0.8427,0.8427
Chronopotentiometry,0.02,1800,10,1437.0,0.8427,0.8427
Chronopotentiometry,0.02,1800,10,1437.0,0.8427,0.8427
Chronopotentiometry,0.02,1800,10,1437.0,0.8427,0.8427
Chronopotentiometry,0.02,1800,10,1437.0,0.8427,0.8427
Chronopotentiometry,0.02,1800,10,1437.0,0.8427,0.8427
Chronopotentiometry,0.02,1800,10,1437.0,0.8428,0.8428
Chronopotentiometry,0.02,1800,10,1438.0,0.8427,0.8427
Chronopotentiometry,0.02,1800,10,1438.0,0.8427,0.8427
Chronopotentiometry,0.02,1800,10,1438.0,0.8427,0.8427
Chronopotentiometry,0.02,1800,10,1438.0,0.8426,0.8426
Chronopotentiometry,0.02,1800,10,1438.0,0.8426,0.8426
Chronopotentiometry,0.02,1800,10,1438.0,0.8427,0.8427
Chronopotentiometry,0.02,1800,10,1438.0,0.8427,0.8427
Chronopotentiometry,0.02,1800,10,1438.0,0.8426,0.8426
Chronopotentiometry,0.02,1800,10,1438.0,0.8427,0.8427
Chronopotentiometry,0.02,1800,10,1438.0,0.8427,0.8427
Chronopotentiometry,0.02,1800,10,1439.0,0.8426,0.8426
Chronopotentiometry,0.02,1800,10,1439.0,0.8427,0.8427
Chronopotentiometry,0.02,1800,10,1439.0,0.8426,0.8426
Chronopotentiometry,0.02,1800,10,1439.0,0.8427,0.8427
Chronopotentiometry,0.02,1800,10,1439.0,0.8427,0.8427
Chronopotentiometry,0.02,1800,10,1439.0,0.8427,0.8427
Chronopotentiometry,0.02,1800,10,1439.0,0.8427,0.8427
Chronopotentiometry,0.02,1800,10,1439.0,0.8428,0.8428
Chronopotentiometry,0.02,1800,10,1439.0,0.8428,0.8428
Chronopotentiometry,0.02,1800,10,1439.0,0.8428,0.8428
Chronopotentiometry,0.02,1800,10,1440.0,0.8428,0.8428
Chronopotentiometry,0.02,1800,10,1440.0,0.8428,0.8428
Chronopotentiometry,0.02,1800,10,1440.0,0.8427,0.8427
Chronopotentiometry,0.02,1800,10,1440.0,0.8428,0.8428
Chronopotentiometry,0.02,1800,10,1440.0,0.8427,0.8427
Chronopotentiometry,0.02,1800,10,1440.0,0.8427,0.8427
Chronopotentiometry,0.02,1800,10,1440.0,0.8426,0.8426
Chronopotentiometry,0.02,1800,10,1440.0,0.8427,0.8427
Chronopotentiometry,0.02,1800,10,1440.0,0.8427,0.8427
Chronopotentiometry,0.02,1800,10,1440.0,0.8427,0.8427
Chronopotentiometry,0.02,1800,10,1441.0,0.8427,0.8427
Chronopotentiometry,0.02,1800,10,1441.0,0.8427,0.8427
Chronopotentiometry,0.02,1800,10,1441.0,0.8427,0.8427
Chronopotentiometry,0.02,1800,10,1441.0,0.8426,0.8426
Chronopotentiometry,0.02,1800,10,1441.0,0.8426,0.8426
Chronopotentiometry,0.02,1800,10,1441.0,0.8426,0.8426
Chronopotentiometry,0.02,1800,10,1441.0,0.8426,0.8426
Chronopotentiometry,0.02,1800,10,1441.0,0.8427,0.8427
Chronopotentiometry,0.02,1800,10,1441.0,0.8427,0.8427
Chronopotentiometry,0.02,1800,10,1441.0,0.8427,0.8427
Chronopotentiometry,0.02,1800,10,1442.0,0.8427,0.8427
Chronopotentiometry,0.02,1800,10,1442.0,0.8426,0.8426
Chronopotentiometry,0.02,1800,10,1442.0,0.8427,0.8427
Chronopotentiometry,0.02,1800,10,1442.0,0.8427,0.8427
Chronopotentiometry,0.02,1800,10,1442.0,0.8427,0.8427
Chronopotentiometry,0.02,1800,10,1442.0,0.8428,0.8428
Chronopotentiometry,0.02,1800,10,1442.0,0.8427,0.8427
Chronopotentiometry,0.02,1800,10,1442.0,0.8427,0.8427
Chronopotentiometry,0.02,1800,10,1442.0,0.8428,0.8428
Chronopotentiometry,0.02,1800,10,1442.0,0.8428,0.8428
Chronopotentiometry,0.02,1800,10,1443.0,0.8427,0.8427
Chronopotentiometry,0.02,1800,10,1443.0,0.8427,0.8427
Chronopotentiometry,0.02,1800,10,1443.0,0.8427,0.8427
Chronopotentiometry,0.02,1800,10,1443.0,0.8427,0.8427
Chronopotentiometry,0.02,1800,10,1443.0,0.8426,0.8426
Chronopotentiometry,0.02,1800,10,1443.0,0.8426,0.8426
Chronopotentiometry,0.02,1800,10,1443.0,0.8428,0.8428
Chronopotentiometry,0.02,1800,10,1443.0,0.8428,0.8428
Chronopotentiometry,0.02,1800,10,1443.0,0.8426,0.8426
Chronopotentiometry,0.02,1800,10,1443.0,0.8427,0.8427
Chronopotentiometry,0.02,1800,10,1444.0,0.8427,0.8427
Chronopotentiometry,0.02,1800,10,1444.0,0.8427,0.8427
Chronopotentiometry,0.02,1800,10,1444.0,0.8427,0.8427
Chronopotentiometry,0.02,1800,10,1444.0,0.8428,0.8428
Chronopotentiometry,0.02,1800,10,1444.0,0.8428,0.8428
Chronopotentiometry,0.02,1800,10,1444.0,0.8427,0.8427
Chronopotentiometry,0.02,1800,10,1444.0,0.8427,0.8427
Chronopotentiometry,0.02,1800,10,1444.0,0.8426,0.8426
Chronopotentiometry,0.02,1800,10,1444.0,0.8427,0.8427
Chronopotentiometry,0.02,1800,10,1444.0,0.8427,0.8427
Chronopotentiometry,0.02,1800,10,1445.0,0.8427,0.8427
Chronopotentiometry,0.02,1800,10,1445.0,0.8426,0.8426
Chronopotentiometry,0.02,1800,10,1445.0,0.8427,0.8427
Chronopotentiometry,0.02,1800,10,1445.0,0.8427,0.8427
Chronopotentiometry,0.02,1800,10,1445.0,0.8427,0.8427
Chronopotentiometry,0.02,1800,10,1445.0,0.8427,0.8427
Chronopotentiometry,0.02,1800,10,1445.0,0.8427,0.8427
Chronopotentiometry,0.02,1800,10,1445.0,0.8427,0.8427
Chronopotentiometry,0.02,1800,10,1445.0,0.8427,0.8427
Chronopotentiometry,0.02,1800,10,1445.0,0.8427,0.8427
Chronopotentiometry,0.02,1800,10,1446.0,0.8427,0.8427
Chronopotentiometry,0.02,1800,10,1446.0,0.8428,0.8428
Chronopotentiometry,0.02,1800,10,1446.0,0.8427,0.8427
Chronopotentiometry,0.02,1800,10,1446.0,0.8427,0.8427
Chronopotentiometry,0.02,1800,10,1446.0,0.8428,0.8428
Chronopotentiometry,0.02,1800,10,1446.0,0.8428,0.8428
Chronopotentiometry,0.02,1800,10,1446.0,0.8428,0.8428
Chronopotentiometry,0.02,1800,10,1446.0,0.8427,0.8427
Chronopotentiometry,0.02,1800,10,1446.0,0.8427,0.8427
Chronopotentiometry,0.02,1800,10,1446.0,0.8428,0.8428
Chronopotentiometry,0.02,1800,10,1447.0,0.8428,0.8428
Chronopotentiometry,0.02,1800,10,1447.0,0.8428,0.8428
Chronopotentiometry,0.02,1800,10,1447.0,0.8427,0.8427
Chronopotentiometry,0.02,1800,10,1447.0,0.8428,0.8428
Chronopotentiometry,0.02,1800,10,1447.0,0.8429,0.8429
Chronopotentiometry,0.02,1800,10,1447.0,0.8428,0.8428
Chronopotentiometry,0.02,1800,10,1447.0,0.8428,0.8428
Chronopotentiometry,0.02,1800,10,1447.0,0.8428,0.8428
Chronopotentiometry,0.02,1800,10,1447.0,0.8428,0.8428
Chronopotentiometry,0.02,1800,10,1447.0,0.8428,0.8428
Chronopotentiometry,0.02,1800,10,1448.0,0.8429,0.8429
Chronopotentiometry,0.02,1800,10,1448.0,0.8428,0.8428
Chronopotentiometry,0.02,1800,10,1448.0,0.8428,0.8428
Chronopotentiometry,0.02,1800,10,1448.0,0.8428,0.8428
Chronopotentiometry,0.02,1800,10,1448.0,0.8429,0.8429
Chronopotentiometry,0.02,1800,10,1448.0,0.8428,0.8428
Chronopotentiometry,0.02,1800,10,1448.0,0.8428,0.8428
Chronopotentiometry,0.02,1800,10,1448.0,0.8428,0.8428
Chronopotentiometry,0.02,1800,10,1448.0,0.8429,0.8429
Chronopotentiometry,0.02,1800,10,1448.0,0.8428,0.8428
Chronopotentiometry,0.02,1800,10,1449.0,0.8429,0.8429
Chronopotentiometry,0.02,1800,10,1449.0,0.8429,0.8429
Chronopotentiometry,0.02,1800,10,1449.0,0.8428,0.8428
Chronopotentiometry,0.02,1800,10,1449.0,0.8428,0.8428
Chronopotentiometry,0.02,1800,10,1449.0,0.8428,0.8428
Chronopotentiometry,0.02,1800,10,1449.0,0.8428,0.8428
Chronopotentiometry,0.02,1800,10,1449.0,0.8428,0.8428
Chronopotentiometry,0.02,1800,10,1449.0,0.8428,0.8428
Chronopotentiometry,0.02,1800,10,1449.0,0.8428,0.8428
Chronopotentiometry,0.02,1800,10,1449.0,0.8428,0.8428
Chronopotentiometry,0.02,1800,10,1450.0,0.8428,0.8428
Chronopotentiometry,0.02,1800,10,1450.0,0.8428,0.8428
Chronopotentiometry,0.02,1800,10,1450.0,0.8428,0.8428
Chronopotentiometry,0.02,1800,10,1450.0,0.8428,0.8428
Chronopotentiometry,0.02,1800,10,1450.0,0.8428,0.8428
Chronopotentiometry,0.02,1800,10,1450.0,0.8428,0.8428
Chronopotentiometry,0.02,1800,10,1450.0,0.8428,0.8428
Chronopotentiometry,0.02,1800,10,1450.0,0.8429,0.8429
Chronopotentiometry,0.02,1800,10,1450.0,0.8428,0.8428
Chronopotentiometry,0.02,1800,10,1450.0,0.8428,0.8428
Chronopotentiometry,0.02,1800,10,1451.0,0.8428,0.8428
Chronopotentiometry,0.02,1800,10,1451.0,0.8428,0.8428
Chronopotentiometry,0.02,1800,10,1451.0,0.8429,0.8429
Chronopotentiometry,0.02,1800,10,1451.0,0.8429,0.8429
Chronopotentiometry,0.02,1800,10,1451.0,0.8429,0.8429
Chronopotentiometry,0.02,1800,10,1451.0,0.843,0.843
Chronopotentiometry,0.02,1800,10,1451.0,0.843,0.843
Chronopotentiometry,0.02,1800,10,1451.0,0.8428,0.8428
Chronopotentiometry,0.02,1800,10,1451.0,0.8428,0.8428
Chronopotentiometry,0.02,1800,10,1451.0,0.8427,0.8427
Chronopotentiometry,0.02,1800,10,1452.0,0.8428,0.8428
Chronopotentiometry,0.02,1800,10,1452.0,0.8428,0.8428
Chronopotentiometry,0.02,1800,10,1452.0,0.8428,0.8428
Chronopotentiometry,0.02,1800,10,1452.0,0.8427,0.8427
Chronopotentiometry,0.02,1800,10,1452.0,0.8428,0.8428
Chronopotentiometry,0.02,1800,10,1452.0,0.8428,0.8428
Chronopotentiometry,0.02,1800,10,1452.0,0.8429,0.8429
Chronopotentiometry,0.02,1800,10,1452.0,0.8429,0.8429
Chronopotentiometry,0.02,1800,10,1452.0,0.8429,0.8429
Chronopotentiometry,0.02,1800,10,1452.0,0.8429,0.8429
Chronopotentiometry,0.02,1800,10,1453.0,0.8428,0.8428
Chronopotentiometry,0.02,1800,10,1453.0,0.8429,0.8429
Chronopotentiometry,0.02,1800,10,1453.0,0.8429,0.8429
Chronopotentiometry,0.02,1800,10,1453.0,0.8428,0.8428
Chronopotentiometry,0.02,1800,10,1453.0,0.8427,0.8427
Chronopotentiometry,0.02,1800,10,1453.0,0.8428,0.8428
Chronopotentiometry,0.02,1800,10,1453.0,0.8428,0.8428
Chronopotentiometry,0.02,1800,10,1453.0,0.8428,0.8428
Chronopotentiometry,0.02,1800,10,1453.0,0.8429,0.8429
Chronopotentiometry,0.02,1800,10,1453.0,0.8429,0.8429
Chronopotentiometry,0.02,1800,10,1454.0,0.843,0.843
Chronopotentiometry,0.02,1800,10,1454.0,0.8428,0.8428
Chronopotentiometry,0.02,1800,10,1454.0,0.8429,0.8429
Chronopotentiometry,0.02,1800,10,1454.0,0.843,0.843
Chronopotentiometry,0.02,1800,10,1454.0,0.843,0.843
Chronopotentiometry,0.02,1800,10,1454.0,0.843,0.843
Chronopotentiometry,0.02,1800,10,1454.0,0.8429,0.8429
Chronopotentiometry,0.02,1800,10,1454.0,0.8429,0.8429
Chronopotentiometry,0.02,1800,10,1454.0,0.8428,0.8428
Chronopotentiometry,0.02,1800,10,1454.0,0.8428,0.8428
Chronopotentiometry,0.02,1800,10,1455.0,0.8429,0.8429
Chronopotentiometry,0.02,1800,10,1455.0,0.8428,0.8428
Chronopotentiometry,0.02,1800,10,1455.0,0.8428,0.8428
Chronopotentiometry,0.02,1800,10,1455.0,0.8428,0.8428
Chronopotentiometry,0.02,1800,10,1455.0,0.843,0.843
Chronopotentiometry,0.02,1800,10,1455.0,0.843,0.843
Chronopotentiometry,0.02,1800,10,1455.0,0.8429,0.8429
Chronopotentiometry,0.02,1800,10,1455.0,0.8429,0.8429
Chronopotentiometry,0.02,1800,10,1455.0,0.843,0.843
Chronopotentiometry,0.02,1800,10,1455.0,0.843,0.843
Chronopotentiometry,0.02,1800,10,1456.0,0.8431,0.8431
Chronopotentiometry,0.02,1800,10,1456.0,0.8431,0.8431
Chronopotentiometry,0.02,1800,10,1456.0,0.8431,0.8431
Chronopotentiometry,0.02,1800,10,1456.0,0.8429,0.8429
Chronopotentiometry,0.02,1800,10,1456.0,0.843,0.843
Chronopotentiometry,0.02,1800,10,1456.0,0.8429,0.8429
Chronopotentiometry,0.02,1800,10,1456.0,0.8429,0.8429
Chronopotentiometry,0.02,1800,10,1456.0,0.8428,0.8428
Chronopotentiometry,0.02,1800,10,1456.0,0.8428,0.8428
Chronopotentiometry,0.02,1800,10,1456.0,0.8429,0.8429
Chronopotentiometry,0.02,1800,10,1457.0,0.8429,0.8429
Chronopotentiometry,0.02,1800,10,1457.0,0.8429,0.8429
Chronopotentiometry,0.02,1800,10,1457.0,0.843,0.843
Chronopotentiometry,0.02,1800,10,1457.0,0.843,0.843
Chronopotentiometry,0.02,1800,10,1457.0,0.8429,0.8429
Chronopotentiometry,0.02,1800,10,1457.0,0.8429,0.8429
Chronopotentiometry,0.02,1800,10,1457.0,0.8429,0.8429
Chronopotentiometry,0.02,1800,10,1457.0,0.843,0.843
Chronopotentiometry,0.02,1800,10,1457.0,0.8429,0.8429
Chronopotentiometry,0.02,1800,10,1457.0,0.8429,0.8429
Chronopotentiometry,0.02,1800,10,1458.0,0.8429,0.8429
Chronopotentiometry,0.02,1800,10,1458.0,0.843,0.843
Chronopotentiometry,0.02,1800,10,1458.0,0.8429,0.8429
Chronopotentiometry,0.02,1800,10,1458.0,0.8429,0.8429
Chronopotentiometry,0.02,1800,10,1458.0,0.8429,0.8429
Chronopotentiometry,0.02,1800,10,1458.0,0.8429,0.8429
Chronopotentiometry,0.02,1800,10,1458.0,0.8429,0.8429
Chronopotentiometry,0.02,1800,10,1458.0,0.8429,0.8429
Chronopotentiometry,0.02,1800,10,1458.0,0.8429,0.8429
Chronopotentiometry,0.02,1800,10,1458.0,0.843,0.843
Chronopotentiometry,0.02,1800,10,1459.0,0.843,0.843
Chronopotentiometry,0.02,1800,10,1459.0,0.843,0.843
Chronopotentiometry,0.02,1800,10,1459.0,0.8429,0.8429
Chronopotentiometry,0.02,1800,10,1459.0,0.8429,0.8429
Chronopotentiometry,0.02,1800,10,1459.0,0.8429,0.8429
Chronopotentiometry,0.02,1800,10,1459.0,0.843,0.843
Chronopotentiometry,0.02,1800,10,1459.0,0.8431,0.8431
Chronopotentiometry,0.02,1800,10,1459.0,0.843,0.843
Chronopotentiometry,0.02,1800,10,1459.0,0.843,0.843
Chronopotentiometry,0.02,1800,10,1459.0,0.8431,0.8431
Chronopotentiometry,0.02,1800,10,1460.0,0.8431,0.8431
Chronopotentiometry,0.02,1800,10,1460.0,0.8431,0.8431
Chronopotentiometry,0.02,1800,10,1460.0,0.8431,0.8431
Chronopotentiometry,0.02,1800,10,1460.0,0.8432,0.8432
Chronopotentiometry,0.02,1800,10,1460.0,0.8431,0.8431
Chronopotentiometry,0.02,1800,10,1460.0,0.8431,0.8431
Chronopotentiometry,0.02,1800,10,1460.0,0.843,0.843
Chronopotentiometry,0.02,1800,10,1460.0,0.8429,0.8429
Chronopotentiometry,0.02,1800,10,1460.0,0.8429,0.8429
Chronopotentiometry,0.02,1800,10,1460.0,0.8429,0.8429
Chronopotentiometry,0.02,1800,10,1461.0,0.8429,0.8429
Chronopotentiometry,0.02,1800,10,1461.0,0.843,0.843
Chronopotentiometry,0.02,1800,10,1461.0,0.843,0.843
Chronopotentiometry,0.02,1800,10,1461.0,0.8429,0.8429
Chronopotentiometry,0.02,1800,10,1461.0,0.843,0.843
Chronopotentiometry,0.02,1800,10,1461.0,0.8429,0.8429
Chronopotentiometry,0.02,1800,10,1461.0,0.843,0.843
Chronopotentiometry,0.02,1800,10,1461.0,0.8429,0.8429
Chronopotentiometry,0.02,1800,10,1461.0,0.8429,0.8429
Chronopotentiometry,0.02,1800,10,1461.0,0.843,0.843
Chronopotentiometry,0.02,1800,10,1462.0,0.843,0.843
Chronopotentiometry,0.02,1800,10,1462.0,0.8429,0.8429
Chronopotentiometry,0.02,1800,10,1462.0,0.8431,0.8431
Chronopotentiometry,0.02,1800,10,1462.0,0.8431,0.8431
Chronopotentiometry,0.02,1800,10,1462.0,0.8431,0.8431
Chronopotentiometry,0.02,1800,10,1462.0,0.843,0.843
Chronopotentiometry,0.02,1800,10,1462.0,0.843,0.843
Chronopotentiometry,0.02,1800,10,1462.0,0.843,0.843
Chronopotentiometry,0.02,1800,10,1462.0,0.843,0.843
Chronopotentiometry,0.02,1800,10,1462.0,0.843,0.843
Chronopotentiometry,0.02,1800,10,1463.0,0.8431,0.8431
Chronopotentiometry,0.02,1800,10,1463.0,0.843,0.843
Chronopotentiometry,0.02,1800,10,1463.0,0.843,0.843
Chronopotentiometry,0.02,1800,10,1463.0,0.8431,0.8431
Chronopotentiometry,0.02,1800,10,1463.0,0.8431,0.8431
Chronopotentiometry,0.02,1800,10,1463.0,0.843,0.843
Chronopotentiometry,0.02,1800,10,1463.0,0.843,0.843
Chronopotentiometry,0.02,1800,10,1463.0,0.8431,0.8431
Chronopotentiometry,0.02,1800,10,1463.0,0.8431,0.8431
Chronopotentiometry,0.02,1800,10,1463.0,0.843,0.843
Chronopotentiometry,0.02,1800,10,1464.0,0.843,0.843
Chronopotentiometry,0.02,1800,10,1464.0,0.8431,0.8431
Chronopotentiometry,0.02,1800,10,1464.0,0.8431,0.8431
Chronopotentiometry,0.02,1800,10,1464.0,0.843,0.843
Chronopotentiometry,0.02,1800,10,1464.0,0.8429,0.8429
Chronopotentiometry,0.02,1800,10,1464.0,0.8429,0.8429
Chronopotentiometry,0.02,1800,10,1464.0,0.843,0.843
Chronopotentiometry,0.02,1800,10,1464.0,0.8429,0.8429
Chronopotentiometry,0.02,1800,10,1464.0,0.8431,0.8431
Chronopotentiometry,0.02,1800,10,1464.0,0.843,0.843
Chronopotentiometry,0.02,1800,10,1465.0,0.8429,0.8429
Chronopotentiometry,0.02,1800,10,1465.0,0.8429,0.8429
Chronopotentiometry,0.02,1800,10,1465.0,0.843,0.843
Chronopotentiometry,0.02,1800,10,1465.0,0.843,0.843
Chronopotentiometry,0.02,1800,10,1465.0,0.843,0.843
Chronopotentiometry,0.02,1800,10,1465.0,0.843,0.843
Chronopotentiometry,0.02,1800,10,1465.0,0.8429,0.8429
Chronopotentiometry,0.02,1800,10,1465.0,0.843,0.843
Chronopotentiometry,0.02,1800,10,1465.0,0.8431,0.8431
Chronopotentiometry,0.02,1800,10,1465.0,0.843,0.843
Chronopotentiometry,0.02,1800,10,1466.0,0.8431,0.8431
Chronopotentiometry,0.02,1800,10,1466.0,0.843,0.843
Chronopotentiometry,0.02,1800,10,1466.0,0.843,0.843
Chronopotentiometry,0.02,1800,10,1466.0,0.843,0.843
Chronopotentiometry,0.02,1800,10,1466.0,0.843,0.843
Chronopotentiometry,0.02,1800,10,1466.0,0.843,0.843
Chronopotentiometry,0.02,1800,10,1466.0,0.843,0.843
Chronopotentiometry,0.02,1800,10,1466.0,0.8431,0.8431
Chronopotentiometry,0.02,1800,10,1466.0,0.8431,0.8431
Chronopotentiometry,0.02,1800,10,1466.0,0.8432,0.8432
Chronopotentiometry,0.02,1800,10,1467.0,0.8433,0.8433
Chronopotentiometry,0.02,1800,10,1467.0,0.8433,0.8433
Chronopotentiometry,0.02,1800,10,1467.0,0.8431,0.8431
Chronopotentiometry,0.02,1800,10,1467.0,0.8431,0.8431
Chronopotentiometry,0.02,1800,10,1467.0,0.843,0.843
Chronopotentiometry,0.02,1800,10,1467.0,0.843,0.843
Chronopotentiometry,0.02,1800,10,1467.0,0.843,0.843
Chronopotentiometry,0.02,1800,10,1467.0,0.8431,0.8431
Chronopotentiometry,0.02,1800,10,1467.0,0.8432,0.8432
Chronopotentiometry,0.02,1800,10,1467.0,0.8431,0.8431
Chronopotentiometry,0.02,1800,10,1468.0,0.8432,0.8432
Chronopotentiometry,0.02,1800,10,1468.0,0.8431,0.8431
Chronopotentiometry,0.02,1800,10,1468.0,0.8431,0.8431
Chronopotentiometry,0.02,1800,10,1468.0,0.8431,0.8431
Chronopotentiometry,0.02,1800,10,1468.0,0.8431,0.8431
Chronopotentiometry,0.02,1800,10,1468.0,0.8431,0.8431
Chronopotentiometry,0.02,1800,10,1468.0,0.843,0.843
Chronopotentiometry,0.02,1800,10,1468.0,0.8431,0.8431
Chronopotentiometry,0.02,1800,10,1468.0,0.8431,0.8431
Chronopotentiometry,0.02,1800,10,1468.0,0.8431,0.8431
Chronopotentiometry,0.02,1800,10,1469.0,0.8431,0.8431
Chronopotentiometry,0.02,1800,10,1469.0,0.8431,0.8431
Chronopotentiometry,0.02,1800,10,1469.0,0.8432,0.8432
Chronopotentiometry,0.02,1800,10,1469.0,0.8432,0.8432
Chronopotentiometry,0.02,1800,10,1469.0,0.8431,0.8431
Chronopotentiometry,0.02,1800,10,1469.0,0.8431,0.8431
Chronopotentiometry,0.02,1800,10,1469.0,0.8431,0.8431
Chronopotentiometry,0.02,1800,10,1469.0,0.8431,0.8431
Chronopotentiometry,0.02,1800,10,1469.0,0.8432,0.8432
Chronopotentiometry,0.02,1800,10,1469.0,0.8431,0.8431
Chronopotentiometry,0.02,1800,10,1470.0,0.8431,0.8431
Chronopotentiometry,0.02,1800,10,1470.0,0.843,0.843
Chronopotentiometry,0.02,1800,10,1470.0,0.8431,0.8431
Chronopotentiometry,0.02,1800,10,1470.0,0.843,0.843
Chronopotentiometry,0.02,1800,10,1470.0,0.8431,0.8431
Chronopotentiometry,0.02,1800,10,1470.0,0.8432,0.8432
Chronopotentiometry,0.02,1800,10,1470.0,0.8432,0.8432
Chronopotentiometry,0.02,1800,10,1470.0,0.8432,0.8432
Chronopotentiometry,0.02,1800,10,1470.0,0.8431,0.8431
Chronopotentiometry,0.02,1800,10,1470.0,0.8431,0.8431
Chronopotentiometry,0.02,1800,10,1471.0,0.8431,0.8431
Chronopotentiometry,0.02,1800,10,1471.0,0.8431,0.8431
Chronopotentiometry,0.02,1800,10,1471.0,0.8431,0.8431
Chronopotentiometry,0.02,1800,10,1471.0,0.8431,0.8431
Chronopotentiometry,0.02,1800,10,1471.0,0.8431,0.8431
Chronopotentiometry,0.02,1800,10,1471.0,0.8431,0.8431
Chronopotentiometry,0.02,1800,10,1471.0,0.8431,0.8431
Chronopotentiometry,0.02,1800,10,1471.0,0.8431,0.8431
Chronopotentiometry,0.02,1800,10,1471.0,0.8432,0.8432
Chronopotentiometry,0.02,1800,10,1471.0,0.8432,0.8432
Chronopotentiometry,0.02,1800,10,1472.0,0.8431,0.8431
Chronopotentiometry,0.02,1800,10,1472.0,0.8431,0.8431
Chronopotentiometry,0.02,1800,10,1472.0,0.8432,0.8432
Chronopotentiometry,0.02,1800,10,1472.0,0.8431,0.8431
Chronopotentiometry,0.02,1800,10,1472.0,0.8431,0.8431
Chronopotentiometry,0.02,1800,10,1472.0,0.8431,0.8431
Chronopotentiometry,0.02,1800,10,1472.0,0.8432,0.8432
Chronopotentiometry,0.02,1800,10,1472.0,0.8431,0.8431
Chronopotentiometry,0.02,1800,10,1472.0,0.8432,0.8432
Chronopotentiometry,0.02,1800,10,1472.0,0.8431,0.8431
Chronopotentiometry,0.02,1800,10,1473.0,0.8431,0.8431
Chronopotentiometry,0.02,1800,10,1473.0,0.843,0.843
Chronopotentiometry,0.02,1800,10,1473.0,0.8431,0.8431
Chronopotentiometry,0.02,1800,10,1473.0,0.8431,0.8431
Chronopotentiometry,0.02,1800,10,1473.0,0.8431,0.8431
Chronopotentiometry,0.02,1800,10,1473.0,0.8431,0.8431
Chronopotentiometry,0.02,1800,10,1473.0,0.8431,0.8431
Chronopotentiometry,0.02,1800,10,1473.0,0.8431,0.8431
Chronopotentiometry,0.02,1800,10,1473.0,0.8431,0.8431
Chronopotentiometry,0.02,1800,10,1473.0,0.8431,0.8431
Chronopotentiometry,0.02,1800,10,1474.0,0.8431,0.8431
Chronopotentiometry,0.02,1800,10,1474.0,0.8432,0.8432
Chronopotentiometry,0.02,1800,10,1474.0,0.8432,0.8432
Chronopotentiometry,0.02,1800,10,1474.0,0.8432,0.8432
Chronopotentiometry,0.02,1800,10,1474.0,0.8432,0.8432
Chronopotentiometry,0.02,1800,10,1474.0,0.8432,0.8432
Chronopotentiometry,0.02,1800,10,1474.0,0.8432,0.8432
Chronopotentiometry,0.02,1800,10,1474.0,0.8432,0.8432
Chronopotentiometry,0.02,1800,10,1474.0,0.8432,0.8432
Chronopotentiometry,0.02,1800,10,1474.0,0.8432,0.8432
Chronopotentiometry,0.02,1800,10,1475.0,0.8431,0.8431
Chronopotentiometry,0.02,1800,10,1475.0,0.8431,0.8431
Chronopotentiometry,0.02,1800,10,1475.0,0.8432,0.8432
Chronopotentiometry,0.02,1800,10,1475.0,0.8433,0.8433
Chronopotentiometry,0.02,1800,10,1475.0,0.8433,0.8433
Chronopotentiometry,0.02,1800,10,1475.0,0.8433,0.8433
Chronopotentiometry,0.02,1800,10,1475.0,0.8433,0.8433
Chronopotentiometry,0.02,1800,10,1475.0,0.8433,0.8433
Chronopotentiometry,0.02,1800,10,1475.0,0.8432,0.8432
Chronopotentiometry,0.02,1800,10,1475.0,0.8433,0.8433
Chronopotentiometry,0.02,1800,10,1476.0,0.8433,0.8433
Chronopotentiometry,0.02,1800,10,1476.0,0.8433,0.8433
Chronopotentiometry,0.02,1800,10,1476.0,0.8433,0.8433
Chronopotentiometry,0.02,1800,10,1476.0,0.8434,0.8434
Chronopotentiometry,0.02,1800,10,1476.0,0.8433,0.8433
Chronopotentiometry,0.02,1800,10,1476.0,0.8432,0.8432
Chronopotentiometry,0.02,1800,10,1476.0,0.8432,0.8432
Chronopotentiometry,0.02,1800,10,1476.0,0.8432,0.8432
Chronopotentiometry,0.02,1800,10,1476.0,0.8432,0.8432
Chronopotentiometry,0.02,1800,10,1476.0,0.8432,0.8432
Chronopotentiometry,0.02,1800,10,1477.0,0.8432,0.8432
Chronopotentiometry,0.02,1800,10,1477.0,0.8433,0.8433
Chronopotentiometry,0.02,1800,10,1477.0,0.8432,0.8432
Chronopotentiometry,0.02,1800,10,1477.0,0.8433,0.8433
Chronopotentiometry,0.02,1800,10,1477.0,0.8433,0.8433
Chronopotentiometry,0.02,1800,10,1477.0,0.8432,0.8432
Chronopotentiometry,0.02,1800,10,1477.0,0.8433,0.8433
Chronopotentiometry,0.02,1800,10,1477.0,0.8433,0.8433
Chronopotentiometry,0.02,1800,10,1477.0,0.8432,0.8432
Chronopotentiometry,0.02,1800,10,1477.0,0.8432,0.8432
Chronopotentiometry,0.02,1800,10,1478.0,0.8432,0.8432
Chronopotentiometry,0.02,1800,10,1478.0,0.8432,0.8432
Chronopotentiometry,0.02,1800,10,1478.0,0.8433,0.8433
Chronopotentiometry,0.02,1800,10,1478.0,0.8431,0.8431
Chronopotentiometry,0.02,1800,10,1478.0,0.843,0.843
Chronopotentiometry,0.02,1800,10,1478.0,0.8431,0.8431
Chronopotentiometry,0.02,1800,10,1478.0,0.843,0.843
Chronopotentiometry,0.02,1800,10,1478.0,0.8431,0.8431
Chronopotentiometry,0.02,1800,10,1478.0,0.8431,0.8431
Chronopotentiometry,0.02,1800,10,1478.0,0.8432,0.8432
Chronopotentiometry,0.02,1800,10,1479.0,0.8432,0.8432
Chronopotentiometry,0.02,1800,10,1479.0,0.8431,0.8431
Chronopotentiometry,0.02,1800,10,1479.0,0.8431,0.8431
Chronopotentiometry,0.02,1800,10,1479.0,0.8431,0.8431
Chronopotentiometry,0.02,1800,10,1479.0,0.8431,0.8431
Chronopotentiometry,0.02,1800,10,1479.0,0.8431,0.8431
Chronopotentiometry,0.02,1800,10,1479.0,0.843,0.843
Chronopotentiometry,0.02,1800,10,1479.0,0.843,0.843
Chronopotentiometry,0.02,1800,10,1479.0,0.8431,0.8431
Chronopotentiometry,0.02,1800,10,1479.0,0.8432,0.8432
Chronopotentiometry,0.02,1800,10,1480.0,0.8431,0.8431
Chronopotentiometry,0.02,1800,10,1480.0,0.8431,0.8431
Chronopotentiometry,0.02,1800,10,1480.0,0.8431,0.8431
Chronopotentiometry,0.02,1800,10,1480.0,0.8432,0.8432
Chronopotentiometry,0.02,1800,10,1480.0,0.8432,0.8432
Chronopotentiometry,0.02,1800,10,1480.0,0.8431,0.8431
Chronopotentiometry,0.02,1800,10,1480.0,0.8432,0.8432
Chronopotentiometry,0.02,1800,10,1480.0,0.8432,0.8432
Chronopotentiometry,0.02,1800,10,1480.0,0.8432,0.8432
Chronopotentiometry,0.02,1800,10,1480.0,0.8431,0.8431
Chronopotentiometry,0.02,1800,10,1481.0,0.8431,0.8431
Chronopotentiometry,0.02,1800,10,1481.0,0.8431,0.8431
Chronopotentiometry,0.02,1800,10,1481.0,0.8431,0.8431
Chronopotentiometry,0.02,1800,10,1481.0,0.843,0.843
Chronopotentiometry,0.02,1800,10,1481.0,0.8431,0.8431
Chronopotentiometry,0.02,1800,10,1481.0,0.8431,0.8431
Chronopotentiometry,0.02,1800,10,1481.0,0.8431,0.8431
Chronopotentiometry,0.02,1800,10,1481.0,0.8431,0.8431
Chronopotentiometry,0.02,1800,10,1481.0,0.8431,0.8431
Chronopotentiometry,0.02,1800,10,1481.0,0.8431,0.8431
Chronopotentiometry,0.02,1800,10,1482.0,0.8431,0.8431
Chronopotentiometry,0.02,1800,10,1482.0,0.8432,0.8432
Chronopotentiometry,0.02,1800,10,1482.0,0.8431,0.8431
Chronopotentiometry,0.02,1800,10,1482.0,0.8432,0.8432
Chronopotentiometry,0.02,1800,10,1482.0,0.8432,0.8432
Chronopotentiometry,0.02,1800,10,1482.0,0.8431,0.8431
Chronopotentiometry,0.02,1800,10,1482.0,0.8432,0.8432
Chronopotentiometry,0.02,1800,10,1482.0,0.8432,0.8432
Chronopotentiometry,0.02,1800,10,1482.0,0.8433,0.8433
Chronopotentiometry,0.02,1800,10,1482.0,0.8431,0.8431
Chronopotentiometry,0.02,1800,10,1483.0,0.8432,0.8432
Chronopotentiometry,0.02,1800,10,1483.0,0.8432,0.8432
Chronopotentiometry,0.02,1800,10,1483.0,0.8431,0.8431
Chronopotentiometry,0.02,1800,10,1483.0,0.8432,0.8432
Chronopotentiometry,0.02,1800,10,1483.0,0.8432,0.8432
Chronopotentiometry,0.02,1800,10,1483.0,0.8431,0.8431
Chronopotentiometry,0.02,1800,10,1483.0,0.8432,0.8432
Chronopotentiometry,0.02,1800,10,1483.0,0.8432,0.8432
Chronopotentiometry,0.02,1800,10,1483.0,0.8431,0.8431
Chronopotentiometry,0.02,1800,10,1483.0,0.843,0.843
Chronopotentiometry,0.02,1800,10,1484.0,0.843,0.843
Chronopotentiometry,0.02,1800,10,1484.0,0.8431,0.8431
Chronopotentiometry,0.02,1800,10,1484.0,0.8431,0.8431
Chronopotentiometry,0.02,1800,10,1484.0,0.8432,0.8432
Chronopotentiometry,0.02,1800,10,1484.0,0.8431,0.8431
Chronopotentiometry,0.02,1800,10,1484.0,0.8431,0.8431
Chronopotentiometry,0.02,1800,10,1484.0,0.8431,0.8431
Chronopotentiometry,0.02,1800,10,1484.0,0.8432,0.8432
Chronopotentiometry,0.02,1800,10,1484.0,0.8432,0.8432
Chronopotentiometry,0.02,1800,10,1484.0,0.8432,0.8432
Chronopotentiometry,0.02,1800,10,1485.0,0.8432,0.8432
Chronopotentiometry,0.02,1800,10,1485.0,0.8431,0.8431
Chronopotentiometry,0.02,1800,10,1485.0,0.8432,0.8432
Chronopotentiometry,0.02,1800,10,1485.0,0.8432,0.8432
Chronopotentiometry,0.02,1800,10,1485.0,0.8433,0.8433
Chronopotentiometry,0.02,1800,10,1485.0,0.8433,0.8433
Chronopotentiometry,0.02,1800,10,1485.0,0.8432,0.8432
Chronopotentiometry,0.02,1800,10,1485.0,0.8433,0.8433
Chronopotentiometry,0.02,1800,10,1485.0,0.8432,0.8432
Chronopotentiometry,0.02,1800,10,1485.0,0.8432,0.8432
Chronopotentiometry,0.02,1800,10,1486.0,0.8432,0.8432
Chronopotentiometry,0.02,1800,10,1486.0,0.8432,0.8432
Chronopotentiometry,0.02,1800,10,1486.0,0.8433,0.8433
Chronopotentiometry,0.02,1800,10,1486.0,0.8433,0.8433
Chronopotentiometry,0.02,1800,10,1486.0,0.8433,0.8433
Chronopotentiometry,0.02,1800,10,1486.0,0.8433,0.8433
Chronopotentiometry,0.02,1800,10,1486.0,0.8433,0.8433
Chronopotentiometry,0.02,1800,10,1486.0,0.8433,0.8433
Chronopotentiometry,0.02,1800,10,1486.0,0.8432,0.8432
Chronopotentiometry,0.02,1800,10,1486.0,0.8431,0.8431
Chronopotentiometry,0.02,1800,10,1487.0,0.8432,0.8432
Chronopotentiometry,0.02,1800,10,1487.0,0.8431,0.8431
Chronopotentiometry,0.02,1800,10,1487.0,0.8431,0.8431
Chronopotentiometry,0.02,1800,10,1487.0,0.8431,0.8431
Chronopotentiometry,0.02,1800,10,1487.0,0.8432,0.8432
Chronopotentiometry,0.02,1800,10,1487.0,0.8433,0.8433
Chronopotentiometry,0.02,1800,10,1487.0,0.8432,0.8432
Chronopotentiometry,0.02,1800,10,1487.0,0.8432,0.8432
Chronopotentiometry,0.02,1800,10,1487.0,0.8433,0.8433
Chronopotentiometry,0.02,1800,10,1487.0,0.8433,0.8433
Chronopotentiometry,0.02,1800,10,1488.0,0.8433,0.8433
Chronopotentiometry,0.02,1800,10,1488.0,0.8432,0.8432
Chronopotentiometry,0.02,1800,10,1488.0,0.8432,0.8432
Chronopotentiometry,0.02,1800,10,1488.0,0.8432,0.8432
Chronopotentiometry,0.02,1800,10,1488.0,0.8431,0.8431
Chronopotentiometry,0.02,1800,10,1488.0,0.8432,0.8432
Chronopotentiometry,0.02,1800,10,1488.0,0.8431,0.8431
Chronopotentiometry,0.02,1800,10,1488.0,0.8432,0.8432
Chronopotentiometry,0.02,1800,10,1488.0,0.8433,0.8433
Chronopotentiometry,0.02,1800,10,1488.0,0.8433,0.8433
Chronopotentiometry,0.02,1800,10,1489.0,0.8432,0.8432
Chronopotentiometry,0.02,1800,10,1489.0,0.8432,0.8432
Chronopotentiometry,0.02,1800,10,1489.0,0.8431,0.8431
Chronopotentiometry,0.02,1800,10,1489.0,0.8432,0.8432
Chronopotentiometry,0.02,1800,10,1489.0,0.8432,0.8432
Chronopotentiometry,0.02,1800,10,1489.0,0.8433,0.8433
Chronopotentiometry,0.02,1800,10,1489.0,0.8433,0.8433
Chronopotentiometry,0.02,1800,10,1489.0,0.8433,0.8433
Chronopotentiometry,0.02,1800,10,1489.0,0.8433,0.8433
Chronopotentiometry,0.02,1800,10,1489.0,0.8433,0.8433
Chronopotentiometry,0.02,1800,10,1490.0,0.8433,0.8433
Chronopotentiometry,0.02,1800,10,1490.0,0.8432,0.8432
Chronopotentiometry,0.02,1800,10,1490.0,0.8432,0.8432
Chronopotentiometry,0.02,1800,10,1490.0,0.8433,0.8433
Chronopotentiometry,0.02,1800,10,1490.0,0.8432,0.8432
Chronopotentiometry,0.02,1800,10,1490.0,0.8431,0.8431
Chronopotentiometry,0.02,1800,10,1490.0,0.8432,0.8432
Chronopotentiometry,0.02,1800,10,1490.0,0.8432,0.8432
Chronopotentiometry,0.02,1800,10,1490.0,0.8433,0.8433
Chronopotentiometry,0.02,1800,10,1490.0,0.8433,0.8433
Chronopotentiometry,0.02,1800,10,1491.0,0.8432,0.8432
Chronopotentiometry,0.02,1800,10,1491.0,0.8433,0.8433
Chronopotentiometry,0.02,1800,10,1491.0,0.8433,0.8433
Chronopotentiometry,0.02,1800,10,1491.0,0.8433,0.8433
Chronopotentiometry,0.02,1800,10,1491.0,0.8433,0.8433
Chronopotentiometry,0.02,1800,10,1491.0,0.8433,0.8433
Chronopotentiometry,0.02,1800,10,1491.0,0.8433,0.8433
Chronopotentiometry,0.02,1800,10,1491.0,0.8434,0.8434
Chronopotentiometry,0.02,1800,10,1491.0,0.8434,0.8434
Chronopotentiometry,0.02,1800,10,1491.0,0.8434,0.8434
Chronopotentiometry,0.02,1800,10,1492.0,0.8434,0.8434
Chronopotentiometry,0.02,1800,10,1492.0,0.8434,0.8434
Chronopotentiometry,0.02,1800,10,1492.0,0.8433,0.8433
Chronopotentiometry,0.02,1800,10,1492.0,0.8433,0.8433
Chronopotentiometry,0.02,1800,10,1492.0,0.8434,0.8434
Chronopotentiometry,0.02,1800,10,1492.0,0.8434,0.8434
Chronopotentiometry,0.02,1800,10,1492.0,0.8435,0.8435
Chronopotentiometry,0.02,1800,10,1492.0,0.8435,0.8435
Chronopotentiometry,0.02,1800,10,1492.0,0.8434,0.8434
Chronopotentiometry,0.02,1800,10,1492.0,0.8434,0.8434
Chronopotentiometry,0.02,1800,10,1493.0,0.8434,0.8434
Chronopotentiometry,0.02,1800,10,1493.0,0.8435,0.8435
Chronopotentiometry,0.02,1800,10,1493.0,0.8433,0.8433
Chronopotentiometry,0.02,1800,10,1493.0,0.8433,0.8433
Chronopotentiometry,0.02,1800,10,1493.0,0.8434,0.8434
Chronopotentiometry,0.02,1800,10,1493.0,0.8434,0.8434
Chronopotentiometry,0.02,1800,10,1493.0,0.8433,0.8433
Chronopotentiometry,0.02,1800,10,1493.0,0.8434,0.8434
Chronopotentiometry,0.02,1800,10,1493.0,0.8433,0.8433
Chronopotentiometry,0.02,1800,10,1493.0,0.8433,0.8433
Chronopotentiometry,0.02,1800,10,1494.0,0.8433,0.8433
Chronopotentiometry,0.02,1800,10,1494.0,0.8433,0.8433
Chronopotentiometry,0.02,1800,10,1494.0,0.8433,0.8433
Chronopotentiometry,0.02,1800,10,1494.0,0.8433,0.8433
Chronopotentiometry,0.02,1800,10,1494.0,0.8432,0.8432
Chronopotentiometry,0.02,1800,10,1494.0,0.8433,0.8433
Chronopotentiometry,0.02,1800,10,1494.0,0.8434,0.8434
Chronopotentiometry,0.02,1800,10,1494.0,0.8433,0.8433
Chronopotentiometry,0.02,1800,10,1494.0,0.8432,0.8432
Chronopotentiometry,0.02,1800,10,1494.0,0.8433,0.8433
Chronopotentiometry,0.02,1800,10,1495.0,0.8433,0.8433
Chronopotentiometry,0.02,1800,10,1495.0,0.8433,0.8433
Chronopotentiometry,0.02,1800,10,1495.0,0.8433,0.8433
Chronopotentiometry,0.02,1800,10,1495.0,0.8432,0.8432
Chronopotentiometry,0.02,1800,10,1495.0,0.8432,0.8432
Chronopotentiometry,0.02,1800,10,1495.0,0.8433,0.8433
Chronopotentiometry,0.02,1800,10,1495.0,0.8434,0.8434
Chronopotentiometry,0.02,1800,10,1495.0,0.8434,0.8434
Chronopotentiometry,0.02,1800,10,1495.0,0.8434,0.8434
Chronopotentiometry,0.02,1800,10,1495.0,0.8434,0.8434
Chronopotentiometry,0.02,1800,10,1496.0,0.8434,0.8434
Chronopotentiometry,0.02,1800,10,1496.0,0.8434,0.8434
Chronopotentiometry,0.02,1800,10,1496.0,0.8434,0.8434
Chronopotentiometry,0.02,1800,10,1496.0,0.8434,0.8434
Chronopotentiometry,0.02,1800,10,1496.0,0.8434,0.8434
Chronopotentiometry,0.02,1800,10,1496.0,0.8434,0.8434
Chronopotentiometry,0.02,1800,10,1496.0,0.8434,0.8434
Chronopotentiometry,0.02,1800,10,1496.0,0.8434,0.8434
Chronopotentiometry,0.02,1800,10,1496.0,0.8434,0.8434
Chronopotentiometry,0.02,1800,10,1496.0,0.8434,0.8434
Chronopotentiometry,0.02,1800,10,1497.0,0.8434,0.8434
Chronopotentiometry,0.02,1800,10,1497.0,0.8434,0.8434
Chronopotentiometry,0.02,1800,10,1497.0,0.8434,0.8434
Chronopotentiometry,0.02,1800,10,1497.0,0.8434,0.8434
Chronopotentiometry,0.02,1800,10,1497.0,0.8433,0.8433
Chronopotentiometry,0.02,1800,10,1497.0,0.8434,0.8434
Chronopotentiometry,0.02,1800,10,1497.0,0.8433,0.8433
Chronopotentiometry,0.02,1800,10,1497.0,0.8434,0.8434
Chronopotentiometry,0.02,1800,10,1497.0,0.8434,0.8434
Chronopotentiometry,0.02,1800,10,1497.0,0.8434,0.8434
Chronopotentiometry,0.02,1800,10,1498.0,0.8434,0.8434
Chronopotentiometry,0.02,1800,10,1498.0,0.8434,0.8434
Chronopotentiometry,0.02,1800,10,1498.0,0.8433,0.8433
Chronopotentiometry,0.02,1800,10,1498.0,0.8434,0.8434
Chronopotentiometry,0.02,1800,10,1498.0,0.8434,0.8434
Chronopotentiometry,0.02,1800,10,1498.0,0.8434,0.8434
Chronopotentiometry,0.02,1800,10,1498.0,0.8434,0.8434
Chronopotentiometry,0.02,1800,10,1498.0,0.8434,0.8434
Chronopotentiometry,0.02,1800,10,1498.0,0.8434,0.8434
Chronopotentiometry,0.02,1800,10,1498.0,0.8433,0.8433
Chronopotentiometry,0.02,1800,10,1499.0,0.8434,0.8434
Chronopotentiometry,0.02,1800,10,1499.0,0.8434,0.8434
Chronopotentiometry,0.02,1800,10,1499.0,0.8434,0.8434
Chronopotentiometry,0.02,1800,10,1499.0,0.8434,0.8434
Chronopotentiometry,0.02,1800,10,1499.0,0.8434,0.8434
Chronopotentiometry,0.02,1800,10,1499.0,0.8434,0.8434
Chronopotentiometry,0.02,1800,10,1499.0,0.8434,0.8434
Chronopotentiometry,0.02,1800,10,1499.0,0.8433,0.8433
Chronopotentiometry,0.02,1800,10,1499.0,0.8434,0.8434
Chronopotentiometry,0.02,1800,10,1499.0,0.8435,0.8435
Chronopotentiometry,0.02,1800,10,1500.0,0.8435,0.8435
Chronopotentiometry,0.02,1800,10,1500.0,0.8435,0.8435
Chronopotentiometry,0.02,1800,10,1500.0,0.8434,0.8434
Chronopotentiometry,0.02,1800,10,1500.0,0.8435,0.8435
Chronopotentiometry,0.02,1800,10,1500.0,0.8435,0.8435
Chronopotentiometry,0.02,1800,10,1500.0,0.8435,0.8435
Chronopotentiometry,0.02,1800,10,1500.0,0.8434,0.8434
Chronopotentiometry,0.02,1800,10,1500.0,0.8434,0.8434
Chronopotentiometry,0.02,1800,10,1500.0,0.8435,0.8435
Chronopotentiometry,0.02,1800,10,1500.0,0.8434,0.8434
Chronopotentiometry,0.02,1800,10,1501.0,0.8435,0.8435
Chronopotentiometry,0.02,1800,10,1501.0,0.8435,0.8435
Chronopotentiometry,0.02,1800,10,1501.0,0.8435,0.8435
Chronopotentiometry,0.02,1800,10,1501.0,0.8436,0.8436
Chronopotentiometry,0.02,1800,10,1501.0,0.8435,0.8435
Chronopotentiometry,0.02,1800,10,1501.0,0.8434,0.8434
Chronopotentiometry,0.02,1800,10,1501.0,0.8434,0.8434
Chronopotentiometry,0.02,1800,10,1501.0,0.8435,0.8435
Chronopotentiometry,0.02,1800,10,1501.0,0.8435,0.8435
Chronopotentiometry,0.02,1800,10,1501.0,0.8434,0.8434
Chronopotentiometry,0.02,1800,10,1502.0,0.8435,0.8435
Chronopotentiometry,0.02,1800,10,1502.0,0.8434,0.8434
Chronopotentiometry,0.02,1800,10,1502.0,0.8434,0.8434
Chronopotentiometry,0.02,1800,10,1502.0,0.8434,0.8434
Chronopotentiometry,0.02,1800,10,1502.0,0.8434,0.8434
Chronopotentiometry,0.02,1800,10,1502.0,0.8435,0.8435
Chronopotentiometry,0.02,1800,10,1502.0,0.8434,0.8434
Chronopotentiometry,0.02,1800,10,1502.0,0.8434,0.8434
Chronopotentiometry,0.02,1800,10,1502.0,0.8434,0.8434
Chronopotentiometry,0.02,1800,10,1502.0,0.8434,0.8434
Chronopotentiometry,0.02,1800,10,1503.0,0.8435,0.8435
Chronopotentiometry,0.02,1800,10,1503.0,0.8434,0.8434
Chronopotentiometry,0.02,1800,10,1503.0,0.8435,0.8435
Chronopotentiometry,0.02,1800,10,1503.0,0.8434,0.8434
Chronopotentiometry,0.02,1800,10,1503.0,0.8435,0.8435
Chronopotentiometry,0.02,1800,10,1503.0,0.8435,0.8435
Chronopotentiometry,0.02,1800,10,1503.0,0.8434,0.8434
Chronopotentiometry,0.02,1800,10,1503.0,0.8433,0.8433
Chronopotentiometry,0.02,1800,10,1503.0,0.8435,0.8435
Chronopotentiometry,0.02,1800,10,1503.0,0.8435,0.8435
Chronopotentiometry,0.02,1800,10,1504.0,0.8435,0.8435
Chronopotentiometry,0.02,1800,10,1504.0,0.8434,0.8434
Chronopotentiometry,0.02,1800,10,1504.0,0.8435,0.8435
Chronopotentiometry,0.02,1800,10,1504.0,0.8434,0.8434
Chronopotentiometry,0.02,1800,10,1504.0,0.8434,0.8434
Chronopotentiometry,0.02,1800,10,1504.0,0.8434,0.8434
Chronopotentiometry,0.02,1800,10,1504.0,0.8434,0.8434
Chronopotentiometry,0.02,1800,10,1504.0,0.8435,0.8435
Chronopotentiometry,0.02,1800,10,1504.0,0.8436,0.8436
Chronopotentiometry,0.02,1800,10,1504.0,0.8435,0.8435
Chronopotentiometry,0.02,1800,10,1505.0,0.8435,0.8435
Chronopotentiometry,0.02,1800,10,1505.0,0.8435,0.8435
Chronopotentiometry,0.02,1800,10,1505.0,0.8435,0.8435
Chronopotentiometry,0.02,1800,10,1505.0,0.8434,0.8434
Chronopotentiometry,0.02,1800,10,1505.0,0.8434,0.8434
Chronopotentiometry,0.02,1800,10,1505.0,0.8435,0.8435
Chronopotentiometry,0.02,1800,10,1505.0,0.8436,0.8436
Chronopotentiometry,0.02,1800,10,1505.0,0.8436,0.8436
Chronopotentiometry,0.02,1800,10,1505.0,0.8434,0.8434
Chronopotentiometry,0.02,1800,10,1505.0,0.8434,0.8434
Chronopotentiometry,0.02,1800,10,1506.0,0.8435,0.8435
Chronopotentiometry,0.02,1800,10,1506.0,0.8435,0.8435
Chronopotentiometry,0.02,1800,10,1506.0,0.8435,0.8435
Chronopotentiometry,0.02,1800,10,1506.0,0.8435,0.8435
Chronopotentiometry,0.02,1800,10,1506.0,0.8435,0.8435
Chronopotentiometry,0.02,1800,10,1506.0,0.8434,0.8434
Chronopotentiometry,0.02,1800,10,1506.0,0.8434,0.8434
Chronopotentiometry,0.02,1800,10,1506.0,0.8435,0.8435
Chronopotentiometry,0.02,1800,10,1506.0,0.8435,0.8435
Chronopotentiometry,0.02,1800,10,1506.0,0.8435,0.8435
Chronopotentiometry,0.02,1800,10,1507.0,0.8434,0.8434
Chronopotentiometry,0.02,1800,10,1507.0,0.8434,0.8434
Chronopotentiometry,0.02,1800,10,1507.0,0.8435,0.8435
Chronopotentiometry,0.02,1800,10,1507.0,0.8435,0.8435
Chronopotentiometry,0.02,1800,10,1507.0,0.8435,0.8435
Chronopotentiometry,0.02,1800,10,1507.0,0.8435,0.8435
Chronopotentiometry,0.02,1800,10,1507.0,0.8434,0.8434
Chronopotentiometry,0.02,1800,10,1507.0,0.8434,0.8434
Chronopotentiometry,0.02,1800,10,1507.0,0.8435,0.8435
Chronopotentiometry,0.02,1800,10,1507.0,0.8434,0.8434
Chronopotentiometry,0.02,1800,10,1508.0,0.8434,0.8434
Chronopotentiometry,0.02,1800,10,1508.0,0.8435,0.8435
Chronopotentiometry,0.02,1800,10,1508.0,0.8435,0.8435
Chronopotentiometry,0.02,1800,10,1508.0,0.8436,0.8436
Chronopotentiometry,0.02,1800,10,1508.0,0.8436,0.8436
Chronopotentiometry,0.02,1800,10,1508.0,0.8435,0.8435
Chronopotentiometry,0.02,1800,10,1508.0,0.8435,0.8435
Chronopotentiometry,0.02,1800,10,1508.0,0.8436,0.8436
Chronopotentiometry,0.02,1800,10,1508.0,0.8436,0.8436
Chronopotentiometry,0.02,1800,10,1508.0,0.8435,0.8435
Chronopotentiometry,0.02,1800,10,1509.0,0.8434,0.8434
Chronopotentiometry,0.02,1800,10,1509.0,0.8434,0.8434
Chronopotentiometry,0.02,1800,10,1509.0,0.8434,0.8434
Chronopotentiometry,0.02,1800,10,1509.0,0.8435,0.8435
Chronopotentiometry,0.02,1800,10,1509.0,0.8435,0.8435
Chronopotentiometry,0.02,1800,10,1509.0,0.8436,0.8436
Chronopotentiometry,0.02,1800,10,1509.0,0.8435,0.8435
Chronopotentiometry,0.02,1800,10,1509.0,0.8434,0.8434
Chronopotentiometry,0.02,1800,10,1509.0,0.8435,0.8435
Chronopotentiometry,0.02,1800,10,1509.0,0.8435,0.8435
Chronopotentiometry,0.02,1800,10,1510.0,0.8435,0.8435
Chronopotentiometry,0.02,1800,10,1510.0,0.8435,0.8435
Chronopotentiometry,0.02,1800,10,1510.0,0.8435,0.8435
Chronopotentiometry,0.02,1800,10,1510.0,0.8435,0.8435
Chronopotentiometry,0.02,1800,10,1510.0,0.8435,0.8435
Chronopotentiometry,0.02,1800,10,1510.0,0.8435,0.8435
Chronopotentiometry,0.02,1800,10,1510.0,0.8435,0.8435
Chronopotentiometry,0.02,1800,10,1510.0,0.8436,0.8436
Chronopotentiometry,0.02,1800,10,1510.0,0.8436,0.8436
Chronopotentiometry,0.02,1800,10,1510.0,0.8435,0.8435
Chronopotentiometry,0.02,1800,10,1511.0,0.8436,0.8436
Chronopotentiometry,0.02,1800,10,1511.0,0.8437,0.8437
Chronopotentiometry,0.02,1800,10,1511.0,0.8436,0.8436
Chronopotentiometry,0.02,1800,10,1511.0,0.8437,0.8437
Chronopotentiometry,0.02,1800,10,1511.0,0.8436,0.8436
Chronopotentiometry,0.02,1800,10,1511.0,0.8436,0.8436
Chronopotentiometry,0.02,1800,10,1511.0,0.8436,0.8436
Chronopotentiometry,0.02,1800,10,1511.0,0.8437,0.8437
Chronopotentiometry,0.02,1800,10,1511.0,0.8436,0.8436
Chronopotentiometry,0.02,1800,10,1511.0,0.8436,0.8436
Chronopotentiometry,0.02,1800,10,1512.0,0.8436,0.8436
Chronopotentiometry,0.02,1800,10,1512.0,0.8435,0.8435
Chronopotentiometry,0.02,1800,10,1512.0,0.8435,0.8435
Chronopotentiometry,0.02,1800,10,1512.0,0.8436,0.8436
Chronopotentiometry,0.02,1800,10,1512.0,0.8436,0.8436
Chronopotentiometry,0.02,1800,10,1512.0,0.8437,0.8437
Chronopotentiometry,0.02,1800,10,1512.0,0.8436,0.8436
Chronopotentiometry,0.02,1800,10,1512.0,0.8436,0.8436
Chronopotentiometry,0.02,1800,10,1512.0,0.8435,0.8435
Chronopotentiometry,0.02,1800,10,1512.0,0.8436,0.8436
Chronopotentiometry,0.02,1800,10,1513.0,0.8437,0.8437
Chronopotentiometry,0.02,1800,10,1513.0,0.8435,0.8435
Chronopotentiometry,0.02,1800,10,1513.0,0.8435,0.8435
Chronopotentiometry,0.02,1800,10,1513.0,0.8436,0.8436
Chronopotentiometry,0.02,1800,10,1513.0,0.8436,0.8436
Chronopotentiometry,0.02,1800,10,1513.0,0.8436,0.8436
Chronopotentiometry,0.02,1800,10,1513.0,0.8436,0.8436
Chronopotentiometry,0.02,1800,10,1513.0,0.8435,0.8435
Chronopotentiometry,0.02,1800,10,1513.0,0.8436,0.8436
Chronopotentiometry,0.02,1800,10,1513.0,0.8437,0.8437
Chronopotentiometry,0.02,1800,10,1514.0,0.8437,0.8437
Chronopotentiometry,0.02,1800,10,1514.0,0.8436,0.8436
Chronopotentiometry,0.02,1800,10,1514.0,0.8436,0.8436
Chronopotentiometry,0.02,1800,10,1514.0,0.8437,0.8437
Chronopotentiometry,0.02,1800,10,1514.0,0.8436,0.8436
Chronopotentiometry,0.02,1800,10,1514.0,0.8437,0.8437
Chronopotentiometry,0.02,1800,10,1514.0,0.8435,0.8435
Chronopotentiometry,0.02,1800,10,1514.0,0.8436,0.8436
Chronopotentiometry,0.02,1800,10,1514.0,0.8436,0.8436
Chronopotentiometry,0.02,1800,10,1514.0,0.8435,0.8435
Chronopotentiometry,0.02,1800,10,1515.0,0.8435,0.8435
Chronopotentiometry,0.02,1800,10,1515.0,0.8436,0.8436
Chronopotentiometry,0.02,1800,10,1515.0,0.8436,0.8436
Chronopotentiometry,0.02,1800,10,1515.0,0.8435,0.8435
Chronopotentiometry,0.02,1800,10,1515.0,0.8436,0.8436
Chronopotentiometry,0.02,1800,10,1515.0,0.8437,0.8437
Chronopotentiometry,0.02,1800,10,1515.0,0.8437,0.8437
Chronopotentiometry,0.02,1800,10,1515.0,0.8438,0.8438
Chronopotentiometry,0.02,1800,10,1515.0,0.8436,0.8436
Chronopotentiometry,0.02,1800,10,1515.0,0.8436,0.8436
Chronopotentiometry,0.02,1800,10,1516.0,0.8437,0.8437
Chronopotentiometry,0.02,1800,10,1516.0,0.8437,0.8437
Chronopotentiometry,0.02,1800,10,1516.0,0.8435,0.8435
Chronopotentiometry,0.02,1800,10,1516.0,0.8435,0.8435
Chronopotentiometry,0.02,1800,10,1516.0,0.8437,0.8437
Chronopotentiometry,0.02,1800,10,1516.0,0.8437,0.8437
Chronopotentiometry,0.02,1800,10,1516.0,0.8436,0.8436
Chronopotentiometry,0.02,1800,10,1516.0,0.8436,0.8436
Chronopotentiometry,0.02,1800,10,1516.0,0.8436,0.8436
Chronopotentiometry,0.02,1800,10,1516.0,0.8437,0.8437
Chronopotentiometry,0.02,1800,10,1517.0,0.8437,0.8437
Chronopotentiometry,0.02,1800,10,1517.0,0.8437,0.8437
Chronopotentiometry,0.02,1800,10,1517.0,0.8436,0.8436
Chronopotentiometry,0.02,1800,10,1517.0,0.8437,0.8437
Chronopotentiometry,0.02,1800,10,1517.0,0.8438,0.8438
Chronopotentiometry,0.02,1800,10,1517.0,0.8437,0.8437
Chronopotentiometry,0.02,1800,10,1517.0,0.8437,0.8437
Chronopotentiometry,0.02,1800,10,1517.0,0.8436,0.8436
Chronopotentiometry,0.02,1800,10,1517.0,0.8436,0.8436
Chronopotentiometry,0.02,1800,10,1517.0,0.8437,0.8437
Chronopotentiometry,0.02,1800,10,1518.0,0.8436,0.8436
Chronopotentiometry,0.02,1800,10,1518.0,0.8436,0.8436
Chronopotentiometry,0.02,1800,10,1518.0,0.8437,0.8437
Chronopotentiometry,0.02,1800,10,1518.0,0.8436,0.8436
Chronopotentiometry,0.02,1800,10,1518.0,0.8437,0.8437
Chronopotentiometry,0.02,1800,10,1518.0,0.8436,0.8436
Chronopotentiometry,0.02,1800,10,1518.0,0.8436,0.8436
Chronopotentiometry,0.02,1800,10,1518.0,0.8436,0.8436
Chronopotentiometry,0.02,1800,10,1518.0,0.8436,0.8436
Chronopotentiometry,0.02,1800,10,1518.0,0.8437,0.8437
Chronopotentiometry,0.02,1800,10,1519.0,0.8437,0.8437
Chronopotentiometry,0.02,1800,10,1519.0,0.8436,0.8436
Chronopotentiometry,0.02,1800,10,1519.0,0.8436,0.8436
Chronopotentiometry,0.02,1800,10,1519.0,0.8436,0.8436
Chronopotentiometry,0.02,1800,10,1519.0,0.8436,0.8436
Chronopotentiometry,0.02,1800,10,1519.0,0.8436,0.8436
Chronopotentiometry,0.02,1800,10,1519.0,0.8436,0.8436
Chronopotentiometry,0.02,1800,10,1519.0,0.8437,0.8437
Chronopotentiometry,0.02,1800,10,1519.0,0.8437,0.8437
Chronopotentiometry,0.02,1800,10,1519.0,0.8436,0.8436
Chronopotentiometry,0.02,1800,10,1520.0,0.8437,0.8437
Chronopotentiometry,0.02,1800,10,1520.0,0.8437,0.8437
Chronopotentiometry,0.02,1800,10,1520.0,0.8437,0.8437
Chronopotentiometry,0.02,1800,10,1520.0,0.8436,0.8436
Chronopotentiometry,0.02,1800,10,1520.0,0.8436,0.8436
Chronopotentiometry,0.02,1800,10,1520.0,0.8436,0.8436
Chronopotentiometry,0.02,1800,10,1520.0,0.8437,0.8437
Chronopotentiometry,0.02,1800,10,1520.0,0.8437,0.8437
Chronopotentiometry,0.02,1800,10,1520.0,0.8437,0.8437
Chronopotentiometry,0.02,1800,10,1520.0,0.8438,0.8438
Chronopotentiometry,0.02,1800,10,1521.0,0.8437,0.8437
Chronopotentiometry,0.02,1800,10,1521.0,0.8437,0.8437
Chronopotentiometry,0.02,1800,10,1521.0,0.8438,0.8438
Chronopotentiometry,0.02,1800,10,1521.0,0.8439,0.8439
Chronopotentiometry,0.02,1800,10,1521.0,0.8439,0.8439
Chronopotentiometry,0.02,1800,10,1521.0,0.8438,0.8438
Chronopotentiometry,0.02,1800,10,1521.0,0.8438,0.8438
Chronopotentiometry,0.02,1800,10,1521.0,0.8437,0.8437
Chronopotentiometry,0.02,1800,10,1521.0,0.8436,0.8436
Chronopotentiometry,0.02,1800,10,1521.0,0.8436,0.8436
Chronopotentiometry,0.02,1800,10,1522.0,0.8436,0.8436
Chronopotentiometry,0.02,1800,10,1522.0,0.8435,0.8435
Chronopotentiometry,0.02,1800,10,1522.0,0.8435,0.8435
Chronopotentiometry,0.02,1800,10,1522.0,0.8436,0.8436
Chronopotentiometry,0.02,1800,10,1522.0,0.8437,0.8437
Chronopotentiometry,0.02,1800,10,1522.0,0.8438,0.8438
Chronopotentiometry,0.02,1800,10,1522.0,0.8437,0.8437
Chronopotentiometry,0.02,1800,10,1522.0,0.8437,0.8437
Chronopotentiometry,0.02,1800,10,1522.0,0.8438,0.8438
Chronopotentiometry,0.02,1800,10,1522.0,0.8437,0.8437
Chronopotentiometry,0.02,1800,10,1523.0,0.8437,0.8437
Chronopotentiometry,0.02,1800,10,1523.0,0.8437,0.8437
Chronopotentiometry,0.02,1800,10,1523.0,0.8437,0.8437
Chronopotentiometry,0.02,1800,10,1523.0,0.8437,0.8437
Chronopotentiometry,0.02,1800,10,1523.0,0.8436,0.8436
Chronopotentiometry,0.02,1800,10,1523.0,0.8437,0.8437
Chronopotentiometry,0.02,1800,10,1523.0,0.8437,0.8437
Chronopotentiometry,0.02,1800,10,1523.0,0.8436,0.8436
Chronopotentiometry,0.02,1800,10,1523.0,0.8437,0.8437
Chronopotentiometry,0.02,1800,10,1523.0,0.8437,0.8437
Chronopotentiometry,0.02,1800,10,1524.0,0.8436,0.8436
Chronopotentiometry,0.02,1800,10,1524.0,0.8438,0.8438
Chronopotentiometry,0.02,1800,10,1524.0,0.8438,0.8438
Chronopotentiometry,0.02,1800,10,1524.0,0.8438,0.8438
Chronopotentiometry,0.02,1800,10,1524.0,0.8437,0.8437
Chronopotentiometry,0.02,1800,10,1524.0,0.8438,0.8438
Chronopotentiometry,0.02,1800,10,1524.0,0.8439,0.8439
Chronopotentiometry,0.02,1800,10,1524.0,0.8439,0.8439
Chronopotentiometry,0.02,1800,10,1524.0,0.8438,0.8438
Chronopotentiometry,0.02,1800,10,1524.0,0.8437,0.8437
Chronopotentiometry,0.02,1800,10,1525.0,0.8438,0.8438
Chronopotentiometry,0.02,1800,10,1525.0,0.8437,0.8437
Chronopotentiometry,0.02,1800,10,1525.0,0.8437,0.8437
Chronopotentiometry,0.02,1800,10,1525.0,0.8437,0.8437
Chronopotentiometry,0.02,1800,10,1525.0,0.8438,0.8438
Chronopotentiometry,0.02,1800,10,1525.0,0.8438,0.8438
Chronopotentiometry,0.02,1800,10,1525.0,0.8438,0.8438
Chronopotentiometry,0.02,1800,10,1525.0,0.8438,0.8438
Chronopotentiometry,0.02,1800,10,1525.0,0.8439,0.8439
Chronopotentiometry,0.02,1800,10,1525.0,0.8439,0.8439
Chronopotentiometry,0.02,1800,10,1526.0,0.8438,0.8438
Chronopotentiometry,0.02,1800,10,1526.0,0.8439,0.8439
Chronopotentiometry,0.02,1800,10,1526.0,0.8438,0.8438
Chronopotentiometry,0.02,1800,10,1526.0,0.8439,0.8439
Chronopotentiometry,0.02,1800,10,1526.0,0.8439,0.8439
Chronopotentiometry,0.02,1800,10,1526.0,0.8438,0.8438
Chronopotentiometry,0.02,1800,10,1526.0,0.8439,0.8439
Chronopotentiometry,0.02,1800,10,1526.0,0.8437,0.8437
Chronopotentiometry,0.02,1800,10,1526.0,0.8438,0.8438
Chronopotentiometry,0.02,1800,10,1526.0,0.8438,0.8438
Chronopotentiometry,0.02,1800,10,1527.0,0.8439,0.8439
Chronopotentiometry,0.02,1800,10,1527.0,0.8439,0.8439
Chronopotentiometry,0.02,1800,10,1527.0,0.8439,0.8439
Chronopotentiometry,0.02,1800,10,1527.0,0.8438,0.8438
Chronopotentiometry,0.02,1800,10,1527.0,0.8438,0.8438
Chronopotentiometry,0.02,1800,10,1527.0,0.8438,0.8438
Chronopotentiometry,0.02,1800,10,1527.0,0.8438,0.8438
Chronopotentiometry,0.02,1800,10,1527.0,0.8438,0.8438
Chronopotentiometry,0.02,1800,10,1527.0,0.8438,0.8438
Chronopotentiometry,0.02,1800,10,1527.0,0.8438,0.8438
Chronopotentiometry,0.02,1800,10,1528.0,0.8439,0.8439
Chronopotentiometry,0.02,1800,10,1528.0,0.8439,0.8439
Chronopotentiometry,0.02,1800,10,1528.0,0.8439,0.8439
Chronopotentiometry,0.02,1800,10,1528.0,0.8439,0.8439
Chronopotentiometry,0.02,1800,10,1528.0,0.8438,0.8438
Chronopotentiometry,0.02,1800,10,1528.0,0.8438,0.8438
Chronopotentiometry,0.02,1800,10,1528.0,0.8439,0.8439
Chronopotentiometry,0.02,1800,10,1528.0,0.8439,0.8439
Chronopotentiometry,0.02,1800,10,1528.0,0.8439,0.8439
Chronopotentiometry,0.02,1800,10,1528.0,0.844,0.844
Chronopotentiometry,0.02,1800,10,1529.0,0.8439,0.8439
Chronopotentiometry,0.02,1800,10,1529.0,0.844,0.844
Chronopotentiometry,0.02,1800,10,1529.0,0.8439,0.8439
Chronopotentiometry,0.02,1800,10,1529.0,0.8439,0.8439
Chronopotentiometry,0.02,1800,10,1529.0,0.8439,0.8439
Chronopotentiometry,0.02,1800,10,1529.0,0.8439,0.8439
Chronopotentiometry,0.02,1800,10,1529.0,0.8439,0.8439
Chronopotentiometry,0.02,1800,10,1529.0,0.8439,0.8439
Chronopotentiometry,0.02,1800,10,1529.0,0.844,0.844
Chronopotentiometry,0.02,1800,10,1529.0,0.8439,0.8439
Chronopotentiometry,0.02,1800,10,1530.0,0.844,0.844
Chronopotentiometry,0.02,1800,10,1530.0,0.8441,0.8441
Chronopotentiometry,0.02,1800,10,1530.0,0.844,0.844
Chronopotentiometry,0.02,1800,10,1530.0,0.8438,0.8438
Chronopotentiometry,0.02,1800,10,1530.0,0.8438,0.8438
Chronopotentiometry,0.02,1800,10,1530.0,0.8438,0.8438
Chronopotentiometry,0.02,1800,10,1530.0,0.8439,0.8439
Chronopotentiometry,0.02,1800,10,1530.0,0.8439,0.8439
Chronopotentiometry,0.02,1800,10,1530.0,0.8439,0.8439
Chronopotentiometry,0.02,1800,10,1530.0,0.8439,0.8439
Chronopotentiometry,0.02,1800,10,1531.0,0.844,0.844
Chronopotentiometry,0.02,1800,10,1531.0,0.8439,0.8439
Chronopotentiometry,0.02,1800,10,1531.0,0.8439,0.8439
Chronopotentiometry,0.02,1800,10,1531.0,0.8439,0.8439
Chronopotentiometry,0.02,1800,10,1531.0,0.8438,0.8438
Chronopotentiometry,0.02,1800,10,1531.0,0.8438,0.8438
Chronopotentiometry,0.02,1800,10,1531.0,0.8439,0.8439
Chronopotentiometry,0.02,1800,10,1531.0,0.844,0.844
Chronopotentiometry,0.02,1800,10,1531.0,0.8438,0.8438
Chronopotentiometry,0.02,1800,10,1531.0,0.8438,0.8438
Chronopotentiometry,0.02,1800,10,1532.0,0.8438,0.8438
Chronopotentiometry,0.02,1800,10,1532.0,0.8439,0.8439
Chronopotentiometry,0.02,1800,10,1532.0,0.8439,0.8439
Chronopotentiometry,0.02,1800,10,1532.0,0.8439,0.8439
Chronopotentiometry,0.02,1800,10,1532.0,0.8439,0.8439
Chronopotentiometry,0.02,1800,10,1532.0,0.844,0.844
Chronopotentiometry,0.02,1800,10,1532.0,0.8439,0.8439
Chronopotentiometry,0.02,1800,10,1532.0,0.8438,0.8438
Chronopotentiometry,0.02,1800,10,1532.0,0.8438,0.8438
Chronopotentiometry,0.02,1800,10,1532.0,0.8438,0.8438
Chronopotentiometry,0.02,1800,10,1533.0,0.8439,0.8439
Chronopotentiometry,0.02,1800,10,1533.0,0.8438,0.8438
Chronopotentiometry,0.02,1800,10,1533.0,0.8438,0.8438
Chronopotentiometry,0.02,1800,10,1533.0,0.8438,0.8438
Chronopotentiometry,0.02,1800,10,1533.0,0.8439,0.8439
Chronopotentiometry,0.02,1800,10,1533.0,0.8438,0.8438
Chronopotentiometry,0.02,1800,10,1533.0,0.8439,0.8439
Chronopotentiometry,0.02,1800,10,1533.0,0.844,0.844
Chronopotentiometry,0.02,1800,10,1533.0,0.844,0.844
Chronopotentiometry,0.02,1800,10,1533.0,0.8439,0.8439
Chronopotentiometry,0.02,1800,10,1534.0,0.8439,0.8439
Chronopotentiometry,0.02,1800,10,1534.0,0.8439,0.8439
Chronopotentiometry,0.02,1800,10,1534.0,0.8439,0.8439
Chronopotentiometry,0.02,1800,10,1534.0,0.844,0.844
Chronopotentiometry,0.02,1800,10,1534.0,0.8439,0.8439
Chronopotentiometry,0.02,1800,10,1534.0,0.8439,0.8439
Chronopotentiometry,0.02,1800,10,1534.0,0.8439,0.8439
Chronopotentiometry,0.02,1800,10,1534.0,0.8439,0.8439
Chronopotentiometry,0.02,1800,10,1534.0,0.8439,0.8439
Chronopotentiometry,0.02,1800,10,1534.0,0.8439,0.8439
Chronopotentiometry,0.02,1800,10,1535.0,0.844,0.844
Chronopotentiometry,0.02,1800,10,1535.0,0.8439,0.8439
Chronopotentiometry,0.02,1800,10,1535.0,0.844,0.844
Chronopotentiometry,0.02,1800,10,1535.0,0.844,0.844
Chronopotentiometry,0.02,1800,10,1535.0,0.844,0.844
Chronopotentiometry,0.02,1800,10,1535.0,0.8439,0.8439
Chronopotentiometry,0.02,1800,10,1535.0,0.8439,0.8439
Chronopotentiometry,0.02,1800,10,1535.0,0.844,0.844
Chronopotentiometry,0.02,1800,10,1535.0,0.844,0.844
Chronopotentiometry,0.02,1800,10,1535.0,0.844,0.844
Chronopotentiometry,0.02,1800,10,1536.0,0.844,0.844
Chronopotentiometry,0.02,1800,10,1536.0,0.8441,0.8441
Chronopotentiometry,0.02,1800,10,1536.0,0.844,0.844
Chronopotentiometry,0.02,1800,10,1536.0,0.8438,0.8438
Chronopotentiometry,0.02,1800,10,1536.0,0.8438,0.8438
Chronopotentiometry,0.02,1800,10,1536.0,0.8438,0.8438
Chronopotentiometry,0.02,1800,10,1536.0,0.8438,0.8438
Chronopotentiometry,0.02,1800,10,1536.0,0.8439,0.8439
Chronopotentiometry,0.02,1800,10,1536.0,0.8439,0.8439
Chronopotentiometry,0.02,1800,10,1536.0,0.8439,0.8439
Chronopotentiometry,0.02,1800,10,1537.0,0.844,0.844
Chronopotentiometry,0.02,1800,10,1537.0,0.844,0.844
Chronopotentiometry,0.02,1800,10,1537.0,0.8439,0.8439
Chronopotentiometry,0.02,1800,10,1537.0,0.844,0.844
Chronopotentiometry,0.02,1800,10,1537.0,0.844,0.844
Chronopotentiometry,0.02,1800,10,1537.0,0.8441,0.8441
Chronopotentiometry,0.02,1800,10,1537.0,0.844,0.844
Chronopotentiometry,0.02,1800,10,1537.0,0.8439,0.8439
Chronopotentiometry,0.02,1800,10,1537.0,0.8439,0.8439
Chronopotentiometry,0.02,1800,10,1537.0,0.844,0.844
Chronopotentiometry,0.02,1800,10,1538.0,0.844,0.844
Chronopotentiometry,0.02,1800,10,1538.0,0.844,0.844
Chronopotentiometry,0.02,1800,10,1538.0,0.8439,0.8439
Chronopotentiometry,0.02,1800,10,1538.0,0.844,0.844
Chronopotentiometry,0.02,1800,10,1538.0,0.8439,0.8439
Chronopotentiometry,0.02,1800,10,1538.0,0.844,0.844
Chronopotentiometry,0.02,1800,10,1538.0,0.844,0.844
Chronopotentiometry,0.02,1800,10,1538.0,0.8441,0.8441
Chronopotentiometry,0.02,1800,10,1538.0,0.8441,0.8441
Chronopotentiometry,0.02,1800,10,1538.0,0.844,0.844
Chronopotentiometry,0.02,1800,10,1539.0,0.844,0.844
Chronopotentiometry,0.02,1800,10,1539.0,0.8441,0.8441
Chronopotentiometry,0.02,1800,10,1539.0,0.844,0.844
Chronopotentiometry,0.02,1800,10,1539.0,0.8441,0.8441
Chronopotentiometry,0.02,1800,10,1539.0,0.844,0.844
Chronopotentiometry,0.02,1800,10,1539.0,0.844,0.844
Chronopotentiometry,0.02,1800,10,1539.0,0.8441,0.8441
Chronopotentiometry,0.02,1800,10,1539.0,0.844,0.844
Chronopotentiometry,0.02,1800,10,1539.0,0.8439,0.8439
Chronopotentiometry,0.02,1800,10,1539.0,0.8439,0.8439
Chronopotentiometry,0.02,1800,10,1540.0,0.8439,0.8439
Chronopotentiometry,0.02,1800,10,1540.0,0.8439,0.8439
Chronopotentiometry,0.02,1800,10,1540.0,0.8439,0.8439
Chronopotentiometry,0.02,1800,10,1540.0,0.8439,0.8439
Chronopotentiometry,0.02,1800,10,1540.0,0.844,0.844
Chronopotentiometry,0.02,1800,10,1540.0,0.844,0.844
Chronopotentiometry,0.02,1800,10,1540.0,0.8439,0.8439
Chronopotentiometry,0.02,1800,10,1540.0,0.844,0.844
Chronopotentiometry,0.02,1800,10,1540.0,0.844,0.844
Chronopotentiometry,0.02,1800,10,1540.0,0.8439,0.8439
Chronopotentiometry,0.02,1800,10,1541.0,0.8439,0.8439
Chronopotentiometry,0.02,1800,10,1541.0,0.8439,0.8439
Chronopotentiometry,0.02,1800,10,1541.0,0.8439,0.8439
Chronopotentiometry,0.02,1800,10,1541.0,0.8438,0.8438
Chronopotentiometry,0.02,1800,10,1541.0,0.8438,0.8438
Chronopotentiometry,0.02,1800,10,1541.0,0.8439,0.8439
Chronopotentiometry,0.02,1800,10,1541.0,0.8439,0.8439
Chronopotentiometry,0.02,1800,10,1541.0,0.8439,0.8439
Chronopotentiometry,0.02,1800,10,1541.0,0.8439,0.8439
Chronopotentiometry,0.02,1800,10,1541.0,0.8439,0.8439
Chronopotentiometry,0.02,1800,10,1542.0,0.844,0.844
Chronopotentiometry,0.02,1800,10,1542.0,0.844,0.844
Chronopotentiometry,0.02,1800,10,1542.0,0.844,0.844
Chronopotentiometry,0.02,1800,10,1542.0,0.844,0.844
Chronopotentiometry,0.02,1800,10,1542.0,0.844,0.844
Chronopotentiometry,0.02,1800,10,1542.0,0.844,0.844
Chronopotentiometry,0.02,1800,10,1542.0,0.8439,0.8439
Chronopotentiometry,0.02,1800,10,1542.0,0.8439,0.8439
Chronopotentiometry,0.02,1800,10,1542.0,0.8438,0.8438
Chronopotentiometry,0.02,1800,10,1542.0,0.8438,0.8438
Chronopotentiometry,0.02,1800,10,1543.0,0.8439,0.8439
Chronopotentiometry,0.02,1800,10,1543.0,0.8439,0.8439
Chronopotentiometry,0.02,1800,10,1543.0,0.8439,0.8439
Chronopotentiometry,0.02,1800,10,1543.0,0.844,0.844
Chronopotentiometry,0.02,1800,10,1543.0,0.8441,0.8441
Chronopotentiometry,0.02,1800,10,1543.0,0.8441,0.8441
Chronopotentiometry,0.02,1800,10,1543.0,0.844,0.844
Chronopotentiometry,0.02,1800,10,1543.0,0.844,0.844
Chronopotentiometry,0.02,1800,10,1543.0,0.844,0.844
Chronopotentiometry,0.02,1800,10,1543.0,0.8439,0.8439
Chronopotentiometry,0.02,1800,10,1544.0,0.8439,0.8439
Chronopotentiometry,0.02,1800,10,1544.0,0.8439,0.8439
Chronopotentiometry,0.02,1800,10,1544.0,0.844,0.844
Chronopotentiometry,0.02,1800,10,1544.0,0.844,0.844
Chronopotentiometry,0.02,1800,10,1544.0,0.8438,0.8438
Chronopotentiometry,0.02,1800,10,1544.0,0.8439,0.8439
Chronopotentiometry,0.02,1800,10,1544.0,0.8441,0.8441
Chronopotentiometry,0.02,1800,10,1544.0,0.844,0.844
Chronopotentiometry,0.02,1800,10,1544.0,0.844,0.844
Chronopotentiometry,0.02,1800,10,1544.0,0.8439,0.8439
Chronopotentiometry,0.02,1800,10,1545.0,0.844,0.844
Chronopotentiometry,0.02,1800,10,1545.0,0.844,0.844
Chronopotentiometry,0.02,1800,10,1545.0,0.844,0.844
Chronopotentiometry,0.02,1800,10,1545.0,0.844,0.844
Chronopotentiometry,0.02,1800,10,1545.0,0.844,0.844
Chronopotentiometry,0.02,1800,10,1545.0,0.844,0.844
Chronopotentiometry,0.02,1800,10,1545.0,0.844,0.844
Chronopotentiometry,0.02,1800,10,1545.0,0.8439,0.8439
Chronopotentiometry,0.02,1800,10,1545.0,0.844,0.844
Chronopotentiometry,0.02,1800,10,1545.0,0.844,0.844
Chronopotentiometry,0.02,1800,10,1546.0,0.8441,0.8441
Chronopotentiometry,0.02,1800,10,1546.0,0.8441,0.8441
Chronopotentiometry,0.02,1800,10,1546.0,0.844,0.844
Chronopotentiometry,0.02,1800,10,1546.0,0.844,0.844
Chronopotentiometry,0.02,1800,10,1546.0,0.844,0.844
Chronopotentiometry,0.02,1800,10,1546.0,0.8441,0.8441
Chronopotentiometry,0.02,1800,10,1546.0,0.8441,0.8441
Chronopotentiometry,0.02,1800,10,1546.0,0.844,0.844
Chronopotentiometry,0.02,1800,10,1546.0,0.8441,0.8441
Chronopotentiometry,0.02,1800,10,1546.0,0.8441,0.8441
Chronopotentiometry,0.02,1800,10,1547.0,0.8441,0.8441
Chronopotentiometry,0.02,1800,10,1547.0,0.8441,0.8441
Chronopotentiometry,0.02,1800,10,1547.0,0.8441,0.8441
Chronopotentiometry,0.02,1800,10,1547.0,0.844,0.844
Chronopotentiometry,0.02,1800,10,1547.0,0.844,0.844
Chronopotentiometry,0.02,1800,10,1547.0,0.844,0.844
Chronopotentiometry,0.02,1800,10,1547.0,0.844,0.844
Chronopotentiometry,0.02,1800,10,1547.0,0.8441,0.8441
Chronopotentiometry,0.02,1800,10,1547.0,0.8441,0.8441
Chronopotentiometry,0.02,1800,10,1547.0,0.8441,0.8441
Chronopotentiometry,0.02,1800,10,1548.0,0.8441,0.8441
Chronopotentiometry,0.02,1800,10,1548.0,0.8441,0.8441
Chronopotentiometry,0.02,1800,10,1548.0,0.8442,0.8442
Chronopotentiometry,0.02,1800,10,1548.0,0.8441,0.8441
Chronopotentiometry,0.02,1800,10,1548.0,0.844,0.844
Chronopotentiometry,0.02,1800,10,1548.0,0.8441,0.8441
Chronopotentiometry,0.02,1800,10,1548.0,0.8441,0.8441
Chronopotentiometry,0.02,1800,10,1548.0,0.8441,0.8441
Chronopotentiometry,0.02,1800,10,1548.0,0.844,0.844
Chronopotentiometry,0.02,1800,10,1548.0,0.8441,0.8441
Chronopotentiometry,0.02,1800,10,1549.0,0.8441,0.8441
Chronopotentiometry,0.02,1800,10,1549.0,0.8442,0.8442
Chronopotentiometry,0.02,1800,10,1549.0,0.8441,0.8441
Chronopotentiometry,0.02,1800,10,1549.0,0.844,0.844
Chronopotentiometry,0.02,1800,10,1549.0,0.844,0.844
Chronopotentiometry,0.02,1800,10,1549.0,0.8441,0.8441
Chronopotentiometry,0.02,1800,10,1549.0,0.8441,0.8441
Chronopotentiometry,0.02,1800,10,1549.0,0.8441,0.8441
Chronopotentiometry,0.02,1800,10,1549.0,0.8442,0.8442
Chronopotentiometry,0.02,1800,10,1549.0,0.8441,0.8441
Chronopotentiometry,0.02,1800,10,1550.0,0.8441,0.8441
Chronopotentiometry,0.02,1800,10,1550.0,0.8441,0.8441
Chronopotentiometry,0.02,1800,10,1550.0,0.844,0.844
Chronopotentiometry,0.02,1800,10,1550.0,0.844,0.844
Chronopotentiometry,0.02,1800,10,1550.0,0.8439,0.8439
Chronopotentiometry,0.02,1800,10,1550.0,0.844,0.844
Chronopotentiometry,0.02,1800,10,1550.0,0.8439,0.8439
Chronopotentiometry,0.02,1800,10,1550.0,0.844,0.844
Chronopotentiometry,0.02,1800,10,1550.0,0.844,0.844
Chronopotentiometry,0.02,1800,10,1550.0,0.8441,0.8441
Chronopotentiometry,0.02,1800,10,1551.0,0.844,0.844
Chronopotentiometry,0.02,1800,10,1551.0,0.844,0.844
Chronopotentiometry,0.02,1800,10,1551.0,0.844,0.844
Chronopotentiometry,0.02,1800,10,1551.0,0.844,0.844
Chronopotentiometry,0.02,1800,10,1551.0,0.844,0.844
Chronopotentiometry,0.02,1800,10,1551.0,0.8441,0.8441
Chronopotentiometry,0.02,1800,10,1551.0,0.8442,0.8442
Chronopotentiometry,0.02,1800,10,1551.0,0.8441,0.8441
Chronopotentiometry,0.02,1800,10,1551.0,0.8441,0.8441
Chronopotentiometry,0.02,1800,10,1551.0,0.844,0.844
Chronopotentiometry,0.02,1800,10,1552.0,0.844,0.844
Chronopotentiometry,0.02,1800,10,1552.0,0.8441,0.8441
Chronopotentiometry,0.02,1800,10,1552.0,0.8441,0.8441
Chronopotentiometry,0.02,1800,10,1552.0,0.8441,0.8441
Chronopotentiometry,0.02,1800,10,1552.0,0.8441,0.8441
Chronopotentiometry,0.02,1800,10,1552.0,0.844,0.844
Chronopotentiometry,0.02,1800,10,1552.0,0.8441,0.8441
Chronopotentiometry,0.02,1800,10,1552.0,0.844,0.844
Chronopotentiometry,0.02,1800,10,1552.0,0.844,0.844
Chronopotentiometry,0.02,1800,10,1552.0,0.844,0.844
Chronopotentiometry,0.02,1800,10,1553.0,0.8441,0.8441
Chronopotentiometry,0.02,1800,10,1553.0,0.844,0.844
Chronopotentiometry,0.02,1800,10,1553.0,0.844,0.844
Chronopotentiometry,0.02,1800,10,1553.0,0.844,0.844
Chronopotentiometry,0.02,1800,10,1553.0,0.8439,0.8439
Chronopotentiometry,0.02,1800,10,1553.0,0.844,0.844
Chronopotentiometry,0.02,1800,10,1553.0,0.8439,0.8439
Chronopotentiometry,0.02,1800,10,1553.0,0.8438,0.8438
Chronopotentiometry,0.02,1800,10,1553.0,0.844,0.844
Chronopotentiometry,0.02,1800,10,1553.0,0.8439,0.8439
Chronopotentiometry,0.02,1800,10,1554.0,0.8439,0.8439
Chronopotentiometry,0.02,1800,10,1554.0,0.8439,0.8439
Chronopotentiometry,0.02,1800,10,1554.0,0.8439,0.8439
Chronopotentiometry,0.02,1800,10,1554.0,0.844,0.844
Chronopotentiometry,0.02,1800,10,1554.0,0.844,0.844
Chronopotentiometry,0.02,1800,10,1554.0,0.8439,0.8439
Chronopotentiometry,0.02,1800,10,1554.0,0.844,0.844
Chronopotentiometry,0.02,1800,10,1554.0,0.844,0.844
Chronopotentiometry,0.02,1800,10,1554.0,0.844,0.844
Chronopotentiometry,0.02,1800,10,1554.0,0.844,0.844
Chronopotentiometry,0.02,1800,10,1555.0,0.8441,0.8441
Chronopotentiometry,0.02,1800,10,1555.0,0.844,0.844
Chronopotentiometry,0.02,1800,10,1555.0,0.844,0.844
Chronopotentiometry,0.02,1800,10,1555.0,0.844,0.844
Chronopotentiometry,0.02,1800,10,1555.0,0.844,0.844
Chronopotentiometry,0.02,1800,10,1555.0,0.8439,0.8439
Chronopotentiometry,0.02,1800,10,1555.0,0.8439,0.8439
Chronopotentiometry,0.02,1800,10,1555.0,0.844,0.844
Chronopotentiometry,0.02,1800,10,1555.0,0.8441,0.8441
Chronopotentiometry,0.02,1800,10,1555.0,0.8441,0.8441
Chronopotentiometry,0.02,1800,10,1556.0,0.8441,0.8441
Chronopotentiometry,0.02,1800,10,1556.0,0.844,0.844
Chronopotentiometry,0.02,1800,10,1556.0,0.8441,0.8441
Chronopotentiometry,0.02,1800,10,1556.0,0.8441,0.8441
Chronopotentiometry,0.02,1800,10,1556.0,0.8441,0.8441
Chronopotentiometry,0.02,1800,10,1556.0,0.844,0.844
Chronopotentiometry,0.02,1800,10,1556.0,0.844,0.844
Chronopotentiometry,0.02,1800,10,1556.0,0.844,0.844
Chronopotentiometry,0.02,1800,10,1556.0,0.8441,0.8441
Chronopotentiometry,0.02,1800,10,1556.0,0.8439,0.8439
Chronopotentiometry,0.02,1800,10,1557.0,0.844,0.844
Chronopotentiometry,0.02,1800,10,1557.0,0.844,0.844
Chronopotentiometry,0.02,1800,10,1557.0,0.844,0.844
Chronopotentiometry,0.02,1800,10,1557.0,0.8441,0.8441
Chronopotentiometry,0.02,1800,10,1557.0,0.844,0.844
Chronopotentiometry,0.02,1800,10,1557.0,0.8441,0.8441
Chronopotentiometry,0.02,1800,10,1557.0,0.844,0.844
Chronopotentiometry,0.02,1800,10,1557.0,0.844,0.844
Chronopotentiometry,0.02,1800,10,1557.0,0.844,0.844
Chronopotentiometry,0.02,1800,10,1557.0,0.844,0.844
Chronopotentiometry,0.02,1800,10,1558.0,0.844,0.844
Chronopotentiometry,0.02,1800,10,1558.0,0.8441,0.8441
Chronopotentiometry,0.02,1800,10,1558.0,0.844,0.844
Chronopotentiometry,0.02,1800,10,1558.0,0.844,0.844
Chronopotentiometry,0.02,1800,10,1558.0,0.844,0.844
Chronopotentiometry,0.02,1800,10,1558.0,0.8441,0.8441
Chronopotentiometry,0.02,1800,10,1558.0,0.8441,0.8441
Chronopotentiometry,0.02,1800,10,1558.0,0.8441,0.8441
Chronopotentiometry,0.02,1800,10,1558.0,0.8441,0.8441
Chronopotentiometry,0.02,1800,10,1558.0,0.8441,0.8441
Chronopotentiometry,0.02,1800,10,1559.0,0.8442,0.8442
Chronopotentiometry,0.02,1800,10,1559.0,0.8441,0.8441
Chronopotentiometry,0.02,1800,10,1559.0,0.8441,0.8441
Chronopotentiometry,0.02,1800,10,1559.0,0.8441,0.8441
Chronopotentiometry,0.02,1800,10,1559.0,0.844,0.844
Chronopotentiometry,0.02,1800,10,1559.0,0.844,0.844
Chronopotentiometry,0.02,1800,10,1559.0,0.8441,0.8441
Chronopotentiometry,0.02,1800,10,1559.0,0.8441,0.8441
Chronopotentiometry,0.02,1800,10,1559.0,0.8441,0.8441
Chronopotentiometry,0.02,1800,10,1559.0,0.8441,0.8441
Chronopotentiometry,0.02,1800,10,1560.0,0.8441,0.8441
Chronopotentiometry,0.02,1800,10,1560.0,0.8442,0.8442
Chronopotentiometry,0.02,1800,10,1560.0,0.8442,0.8442
Chronopotentiometry,0.02,1800,10,1560.0,0.844,0.844
Chronopotentiometry,0.02,1800,10,1560.0,0.8441,0.8441
Chronopotentiometry,0.02,1800,10,1560.0,0.8441,0.8441
Chronopotentiometry,0.02,1800,10,1560.0,0.844,0.844
Chronopotentiometry,0.02,1800,10,1560.0,0.8441,0.8441
Chronopotentiometry,0.02,1800,10,1560.0,0.8441,0.8441
Chronopotentiometry,0.02,1800,10,1560.0,0.8441,0.8441
Chronopotentiometry,0.02,1800,10,1561.0,0.8441,0.8441
Chronopotentiometry,0.02,1800,10,1561.0,0.8442,0.8442
Chronopotentiometry,0.02,1800,10,1561.0,0.8441,0.8441
Chronopotentiometry,0.02,1800,10,1561.0,0.8441,0.8441
Chronopotentiometry,0.02,1800,10,1561.0,0.8441,0.8441
Chronopotentiometry,0.02,1800,10,1561.0,0.8442,0.8442
Chronopotentiometry,0.02,1800,10,1561.0,0.8442,0.8442
Chronopotentiometry,0.02,1800,10,1561.0,0.8442,0.8442
Chronopotentiometry,0.02,1800,10,1561.0,0.8442,0.8442
Chronopotentiometry,0.02,1800,10,1561.0,0.8441,0.8441
Chronopotentiometry,0.02,1800,10,1562.0,0.8441,0.8441
Chronopotentiometry,0.02,1800,10,1562.0,0.8442,0.8442
Chronopotentiometry,0.02,1800,10,1562.0,0.8442,0.8442
Chronopotentiometry,0.02,1800,10,1562.0,0.8442,0.8442
Chronopotentiometry,0.02,1800,10,1562.0,0.8442,0.8442
Chronopotentiometry,0.02,1800,10,1562.0,0.8442,0.8442
Chronopotentiometry,0.02,1800,10,1562.0,0.8442,0.8442
Chronopotentiometry,0.02,1800,10,1562.0,0.8442,0.8442
Chronopotentiometry,0.02,1800,10,1562.0,0.8442,0.8442
Chronopotentiometry,0.02,1800,10,1562.0,0.8442,0.8442
Chronopotentiometry,0.02,1800,10,1563.0,0.8442,0.8442
Chronopotentiometry,0.02,1800,10,1563.0,0.8442,0.8442
Chronopotentiometry,0.02,1800,10,1563.0,0.8443,0.8443
Chronopotentiometry,0.02,1800,10,1563.0,0.8443,0.8443
Chronopotentiometry,0.02,1800,10,1563.0,0.8442,0.8442
Chronopotentiometry,0.02,1800,10,1563.0,0.8443,0.8443
Chronopotentiometry,0.02,1800,10,1563.0,0.8442,0.8442
Chronopotentiometry,0.02,1800,10,1563.0,0.8442,0.8442
Chronopotentiometry,0.02,1800,10,1563.0,0.8443,0.8443
Chronopotentiometry,0.02,1800,10,1563.0,0.8443,0.8443
Chronopotentiometry,0.02,1800,10,1564.0,0.8442,0.8442
Chronopotentiometry,0.02,1800,10,1564.0,0.8442,0.8442
Chronopotentiometry,0.02,1800,10,1564.0,0.8442,0.8442
Chronopotentiometry,0.02,1800,10,1564.0,0.8443,0.8443
Chronopotentiometry,0.02,1800,10,1564.0,0.8443,0.8443
Chronopotentiometry,0.02,1800,10,1564.0,0.8442,0.8442
Chronopotentiometry,0.02,1800,10,1564.0,0.8442,0.8442
Chronopotentiometry,0.02,1800,10,1564.0,0.8443,0.8443
Chronopotentiometry,0.02,1800,10,1564.0,0.8443,0.8443
Chronopotentiometry,0.02,1800,10,1564.0,0.8443,0.8443
Chronopotentiometry,0.02,1800,10,1565.0,0.8442,0.8442
Chronopotentiometry,0.02,1800,10,1565.0,0.8441,0.8441
Chronopotentiometry,0.02,1800,10,1565.0,0.8442,0.8442
Chronopotentiometry,0.02,1800,10,1565.0,0.8442,0.8442
Chronopotentiometry,0.02,1800,10,1565.0,0.8441,0.8441
Chronopotentiometry,0.02,1800,10,1565.0,0.8442,0.8442
Chronopotentiometry,0.02,1800,10,1565.0,0.8443,0.8443
Chronopotentiometry,0.02,1800,10,1565.0,0.8442,0.8442
Chronopotentiometry,0.02,1800,10,1565.0,0.8442,0.8442
Chronopotentiometry,0.02,1800,10,1565.0,0.8442,0.8442
Chronopotentiometry,0.02,1800,10,1566.0,0.8442,0.8442
Chronopotentiometry,0.02,1800,10,1566.0,0.8441,0.8441
Chronopotentiometry,0.02,1800,10,1566.0,0.8442,0.8442
Chronopotentiometry,0.02,1800,10,1566.0,0.8443,0.8443
Chronopotentiometry,0.02,1800,10,1566.0,0.8443,0.8443
Chronopotentiometry,0.02,1800,10,1566.0,0.8443,0.8443
Chronopotentiometry,0.02,1800,10,1566.0,0.8443,0.8443
Chronopotentiometry,0.02,1800,10,1566.0,0.8444,0.8444
Chronopotentiometry,0.02,1800,10,1566.0,0.8443,0.8443
Chronopotentiometry,0.02,1800,10,1566.0,0.8443,0.8443
Chronopotentiometry,0.02,1800,10,1567.0,0.8442,0.8442
Chronopotentiometry,0.02,1800,10,1567.0,0.8443,0.8443
Chronopotentiometry,0.02,1800,10,1567.0,0.8443,0.8443
Chronopotentiometry,0.02,1800,10,1567.0,0.8443,0.8443
Chronopotentiometry,0.02,1800,10,1567.0,0.8443,0.8443
Chronopotentiometry,0.02,1800,10,1567.0,0.8443,0.8443
Chronopotentiometry,0.02,1800,10,1567.0,0.8441,0.8441
Chronopotentiometry,0.02,1800,10,1567.0,0.8443,0.8443
Chronopotentiometry,0.02,1800,10,1567.0,0.8443,0.8443
Chronopotentiometry,0.02,1800,10,1567.0,0.8442,0.8442
Chronopotentiometry,0.02,1800,10,1568.0,0.8442,0.8442
Chronopotentiometry,0.02,1800,10,1568.0,0.8442,0.8442
Chronopotentiometry,0.02,1800,10,1568.0,0.8442,0.8442
Chronopotentiometry,0.02,1800,10,1568.0,0.8442,0.8442
Chronopotentiometry,0.02,1800,10,1568.0,0.8442,0.8442
Chronopotentiometry,0.02,1800,10,1568.0,0.8442,0.8442
Chronopotentiometry,0.02,1800,10,1568.0,0.8442,0.8442
Chronopotentiometry,0.02,1800,10,1568.0,0.8443,0.8443
Chronopotentiometry,0.02,1800,10,1568.0,0.8443,0.8443
Chronopotentiometry,0.02,1800,10,1568.0,0.8443,0.8443
Chronopotentiometry,0.02,1800,10,1569.0,0.8443,0.8443
Chronopotentiometry,0.02,1800,10,1569.0,0.8443,0.8443
Chronopotentiometry,0.02,1800,10,1569.0,0.8443,0.8443
Chronopotentiometry,0.02,1800,10,1569.0,0.8443,0.8443
Chronopotentiometry,0.02,1800,10,1569.0,0.8444,0.8444
Chronopotentiometry,0.02,1800,10,1569.0,0.8443,0.8443
Chronopotentiometry,0.02,1800,10,1569.0,0.8443,0.8443
Chronopotentiometry,0.02,1800,10,1569.0,0.8443,0.8443
Chronopotentiometry,0.02,1800,10,1569.0,0.8443,0.8443
Chronopotentiometry,0.02,1800,10,1569.0,0.8443,0.8443
Chronopotentiometry,0.02,1800,10,1570.0,0.8443,0.8443
Chronopotentiometry,0.02,1800,10,1570.0,0.8443,0.8443
Chronopotentiometry,0.02,1800,10,1570.0,0.8443,0.8443
Chronopotentiometry,0.02,1800,10,1570.0,0.8444,0.8444
Chronopotentiometry,0.02,1800,10,1570.0,0.8444,0.8444
Chronopotentiometry,0.02,1800,10,1570.0,0.8444,0.8444
Chronopotentiometry,0.02,1800,10,1570.0,0.8444,0.8444
Chronopotentiometry,0.02,1800,10,1570.0,0.8444,0.8444
Chronopotentiometry,0.02,1800,10,1570.0,0.8443,0.8443
Chronopotentiometry,0.02,1800,10,1570.0,0.8443,0.8443
Chronopotentiometry,0.02,1800,10,1571.0,0.8443,0.8443
Chronopotentiometry,0.02,1800,10,1571.0,0.8443,0.8443
Chronopotentiometry,0.02,1800,10,1571.0,0.8443,0.8443
Chronopotentiometry,0.02,1800,10,1571.0,0.8444,0.8444
Chronopotentiometry,0.02,1800,10,1571.0,0.8445,0.8445
Chronopotentiometry,0.02,1800,10,1571.0,0.8443,0.8443
Chronopotentiometry,0.02,1800,10,1571.0,0.8442,0.8442
Chronopotentiometry,0.02,1800,10,1571.0,0.8443,0.8443
Chronopotentiometry,0.02,1800,10,1571.0,0.8442,0.8442
Chronopotentiometry,0.02,1800,10,1571.0,0.8442,0.8442
Chronopotentiometry,0.02,1800,10,1572.0,0.8442,0.8442
Chronopotentiometry,0.02,1800,10,1572.0,0.8442,0.8442
Chronopotentiometry,0.02,1800,10,1572.0,0.8443,0.8443
Chronopotentiometry,0.02,1800,10,1572.0,0.8443,0.8443
Chronopotentiometry,0.02,1800,10,1572.0,0.8442,0.8442
Chronopotentiometry,0.02,1800,10,1572.0,0.8443,0.8443
Chronopotentiometry,0.02,1800,10,1572.0,0.8443,0.8443
Chronopotentiometry,0.02,1800,10,1572.0,0.8443,0.8443
Chronopotentiometry,0.02,1800,10,1572.0,0.8443,0.8443
Chronopotentiometry,0.02,1800,10,1572.0,0.8443,0.8443
Chronopotentiometry,0.02,1800,10,1573.0,0.8443,0.8443
Chronopotentiometry,0.02,1800,10,1573.0,0.8444,0.8444
Chronopotentiometry,0.02,1800,10,1573.0,0.8444,0.8444
Chronopotentiometry,0.02,1800,10,1573.0,0.8443,0.8443
Chronopotentiometry,0.02,1800,10,1573.0,0.8442,0.8442
Chronopotentiometry,0.02,1800,10,1573.0,0.8443,0.8443
Chronopotentiometry,0.02,1800,10,1573.0,0.8443,0.8443
Chronopotentiometry,0.02,1800,10,1573.0,0.8444,0.8444
Chronopotentiometry,0.02,1800,10,1573.0,0.8444,0.8444
Chronopotentiometry,0.02,1800,10,1573.0,0.8443,0.8443
Chronopotentiometry,0.02,1800,10,1574.0,0.8443,0.8443
Chronopotentiometry,0.02,1800,10,1574.0,0.8443,0.8443
Chronopotentiometry,0.02,1800,10,1574.0,0.8444,0.8444
Chronopotentiometry,0.02,1800,10,1574.0,0.8443,0.8443
Chronopotentiometry,0.02,1800,10,1574.0,0.8443,0.8443
Chronopotentiometry,0.02,1800,10,1574.0,0.8444,0.8444
Chronopotentiometry,0.02,1800,10,1574.0,0.8444,0.8444
Chronopotentiometry,0.02,1800,10,1574.0,0.8442,0.8442
Chronopotentiometry,0.02,1800,10,1574.0,0.8443,0.8443
Chronopotentiometry,0.02,1800,10,1574.0,0.8443,0.8443
Chronopotentiometry,0.02,1800,10,1575.0,0.8442,0.8442
Chronopotentiometry,0.02,1800,10,1575.0,0.8442,0.8442
Chronopotentiometry,0.02,1800,10,1575.0,0.8442,0.8442
Chronopotentiometry,0.02,1800,10,1575.0,0.8442,0.8442
Chronopotentiometry,0.02,1800,10,1575.0,0.8443,0.8443
Chronopotentiometry,0.02,1800,10,1575.0,0.8443,0.8443
Chronopotentiometry,0.02,1800,10,1575.0,0.8442,0.8442
Chronopotentiometry,0.02,1800,10,1575.0,0.8443,0.8443
Chronopotentiometry,0.02,1800,10,1575.0,0.8443,0.8443
Chronopotentiometry,0.02,1800,10,1575.0,0.8444,0.8444
Chronopotentiometry,0.02,1800,10,1576.0,0.8443,0.8443
Chronopotentiometry,0.02,1800,10,1576.0,0.8442,0.8442
Chronopotentiometry,0.02,1800,10,1576.0,0.8443,0.8443
Chronopotentiometry,0.02,1800,10,1576.0,0.8443,0.8443
Chronopotentiometry,0.02,1800,10,1576.0,0.8444,0.8444
Chronopotentiometry,0.02,1800,10,1576.0,0.8443,0.8443
Chronopotentiometry,0.02,1800,10,1576.0,0.8444,0.8444
Chronopotentiometry,0.02,1800,10,1576.0,0.8444,0.8444
Chronopotentiometry,0.02,1800,10,1576.0,0.8443,0.8443
Chronopotentiometry,0.02,1800,10,1576.0,0.8443,0.8443
Chronopotentiometry,0.02,1800,10,1577.0,0.8444,0.8444
Chronopotentiometry,0.02,1800,10,1577.0,0.8444,0.8444
Chronopotentiometry,0.02,1800,10,1577.0,0.8444,0.8444
Chronopotentiometry,0.02,1800,10,1577.0,0.8444,0.8444
Chronopotentiometry,0.02,1800,10,1577.0,0.8443,0.8443
Chronopotentiometry,0.02,1800,10,1577.0,0.8443,0.8443
Chronopotentiometry,0.02,1800,10,1577.0,0.8444,0.8444
Chronopotentiometry,0.02,1800,10,1577.0,0.8444,0.8444
Chronopotentiometry,0.02,1800,10,1577.0,0.8443,0.8443
Chronopotentiometry,0.02,1800,10,1577.0,0.8442,0.8442
Chronopotentiometry,0.02,1800,10,1578.0,0.8442,0.8442
Chronopotentiometry,0.02,1800,10,1578.0,0.8442,0.8442
Chronopotentiometry,0.02,1800,10,1578.0,0.8443,0.8443
Chronopotentiometry,0.02,1800,10,1578.0,0.8443,0.8443
Chronopotentiometry,0.02,1800,10,1578.0,0.8443,0.8443
Chronopotentiometry,0.02,1800,10,1578.0,0.8444,0.8444
Chronopotentiometry,0.02,1800,10,1578.0,0.8443,0.8443
Chronopotentiometry,0.02,1800,10,1578.0,0.8444,0.8444
Chronopotentiometry,0.02,1800,10,1578.0,0.8443,0.8443
Chronopotentiometry,0.02,1800,10,1578.0,0.8443,0.8443
Chronopotentiometry,0.02,1800,10,1579.0,0.8443,0.8443
Chronopotentiometry,0.02,1800,10,1579.0,0.8444,0.8444
Chronopotentiometry,0.02,1800,10,1579.0,0.8444,0.8444
Chronopotentiometry,0.02,1800,10,1579.0,0.8444,0.8444
Chronopotentiometry,0.02,1800,10,1579.0,0.8443,0.8443
Chronopotentiometry,0.02,1800,10,1579.0,0.8443,0.8443
Chronopotentiometry,0.02,1800,10,1579.0,0.8443,0.8443
Chronopotentiometry,0.02,1800,10,1579.0,0.8443,0.8443
Chronopotentiometry,0.02,1800,10,1579.0,0.8443,0.8443
Chronopotentiometry,0.02,1800,10,1579.0,0.8443,0.8443
Chronopotentiometry,0.02,1800,10,1580.0,0.8443,0.8443
Chronopotentiometry,0.02,1800,10,1580.0,0.8443,0.8443
Chronopotentiometry,0.02,1800,10,1580.0,0.8444,0.8444
Chronopotentiometry,0.02,1800,10,1580.0,0.8445,0.8445
Chronopotentiometry,0.02,1800,10,1580.0,0.8444,0.8444
Chronopotentiometry,0.02,1800,10,1580.0,0.8443,0.8443
Chronopotentiometry,0.02,1800,10,1580.0,0.8443,0.8443
Chronopotentiometry,0.02,1800,10,1580.0,0.8444,0.8444
Chronopotentiometry,0.02,1800,10,1580.0,0.8443,0.8443
Chronopotentiometry,0.02,1800,10,1580.0,0.8444,0.8444
Chronopotentiometry,0.02,1800,10,1581.0,0.8443,0.8443
Chronopotentiometry,0.02,1800,10,1581.0,0.8443,0.8443
Chronopotentiometry,0.02,1800,10,1581.0,0.8444,0.8444
Chronopotentiometry,0.02,1800,10,1581.0,0.8444,0.8444
Chronopotentiometry,0.02,1800,10,1581.0,0.8444,0.8444
Chronopotentiometry,0.02,1800,10,1581.0,0.8445,0.8445
Chronopotentiometry,0.02,1800,10,1581.0,0.8444,0.8444
Chronopotentiometry,0.02,1800,10,1581.0,0.8444,0.8444
Chronopotentiometry,0.02,1800,10,1581.0,0.8444,0.8444
Chronopotentiometry,0.02,1800,10,1581.0,0.8444,0.8444
Chronopotentiometry,0.02,1800,10,1582.0,0.8445,0.8445
Chronopotentiometry,0.02,1800,10,1582.0,0.8444,0.8444
Chronopotentiometry,0.02,1800,10,1582.0,0.8444,0.8444
Chronopotentiometry,0.02,1800,10,1582.0,0.8443,0.8443
Chronopotentiometry,0.02,1800,10,1582.0,0.8443,0.8443
Chronopotentiometry,0.02,1800,10,1582.0,0.8443,0.8443
Chronopotentiometry,0.02,1800,10,1582.0,0.8444,0.8444
Chronopotentiometry,0.02,1800,10,1582.0,0.8445,0.8445
Chronopotentiometry,0.02,1800,10,1582.0,0.8444,0.8444
Chronopotentiometry,0.02,1800,10,1582.0,0.8444,0.8444
Chronopotentiometry,0.02,1800,10,1583.0,0.8444,0.8444
Chronopotentiometry,0.02,1800,10,1583.0,0.8444,0.8444
Chronopotentiometry,0.02,1800,10,1583.0,0.8443,0.8443
Chronopotentiometry,0.02,1800,10,1583.0,0.8444,0.8444
Chronopotentiometry,0.02,1800,10,1583.0,0.8444,0.8444
Chronopotentiometry,0.02,1800,10,1583.0,0.8444,0.8444
Chronopotentiometry,0.02,1800,10,1583.0,0.8444,0.8444
Chronopotentiometry,0.02,1800,10,1583.0,0.8444,0.8444
Chronopotentiometry,0.02,1800,10,1583.0,0.8444,0.8444
Chronopotentiometry,0.02,1800,10,1583.0,0.8444,0.8444
Chronopotentiometry,0.02,1800,10,1584.0,0.8445,0.8445
Chronopotentiometry,0.02,1800,10,1584.0,0.8444,0.8444
Chronopotentiometry,0.02,1800,10,1584.0,0.8444,0.8444
Chronopotentiometry,0.02,1800,10,1584.0,0.8443,0.8443
Chronopotentiometry,0.02,1800,10,1584.0,0.8444,0.8444
Chronopotentiometry,0.02,1800,10,1584.0,0.8444,0.8444
Chronopotentiometry,0.02,1800,10,1584.0,0.8443,0.8443
Chronopotentiometry,0.02,1800,10,1584.0,0.8443,0.8443
Chronopotentiometry,0.02,1800,10,1584.0,0.8444,0.8444
Chronopotentiometry,0.02,1800,10,1584.0,0.8444,0.8444
Chronopotentiometry,0.02,1800,10,1585.0,0.8445,0.8445
Chronopotentiometry,0.02,1800,10,1585.0,0.8444,0.8444
Chronopotentiometry,0.02,1800,10,1585.0,0.8444,0.8444
Chronopotentiometry,0.02,1800,10,1585.0,0.8446,0.8446
Chronopotentiometry,0.02,1800,10,1585.0,0.8446,0.8446
Chronopotentiometry,0.02,1800,10,1585.0,0.8445,0.8445
Chronopotentiometry,0.02,1800,10,1585.0,0.8444,0.8444
Chronopotentiometry,0.02,1800,10,1585.0,0.8445,0.8445
Chronopotentiometry,0.02,1800,10,1585.0,0.8445,0.8445
Chronopotentiometry,0.02,1800,10,1585.0,0.8444,0.8444
Chronopotentiometry,0.02,1800,10,1586.0,0.8443,0.8443
Chronopotentiometry,0.02,1800,10,1586.0,0.8444,0.8444
Chronopotentiometry,0.02,1800,10,1586.0,0.8444,0.8444
Chronopotentiometry,0.02,1800,10,1586.0,0.8444,0.8444
Chronopotentiometry,0.02,1800,10,1586.0,0.8444,0.8444
Chronopotentiometry,0.02,1800,10,1586.0,0.8443,0.8443
Chronopotentiometry,0.02,1800,10,1586.0,0.8443,0.8443
Chronopotentiometry,0.02,1800,10,1586.0,0.8443,0.8443
Chronopotentiometry,0.02,1800,10,1586.0,0.8444,0.8444
Chronopotentiometry,0.02,1800,10,1586.0,0.8444,0.8444
Chronopotentiometry,0.02,1800,10,1587.0,0.8445,0.8445
Chronopotentiometry,0.02,1800,10,1587.0,0.8444,0.8444
Chronopotentiometry,0.02,1800,10,1587.0,0.8444,0.8444
Chronopotentiometry,0.02,1800,10,1587.0,0.8445,0.8445
Chronopotentiometry,0.02,1800,10,1587.0,0.8444,0.8444
Chronopotentiometry,0.02,1800,10,1587.0,0.8445,0.8445
Chronopotentiometry,0.02,1800,10,1587.0,0.8445,0.8445
Chronopotentiometry,0.02,1800,10,1587.0,0.8444,0.8444
Chronopotentiometry,0.02,1800,10,1587.0,0.8444,0.8444
Chronopotentiometry,0.02,1800,10,1587.0,0.8445,0.8445
Chronopotentiometry,0.02,1800,10,1588.0,0.8446,0.8446
Chronopotentiometry,0.02,1800,10,1588.0,0.8446,0.8446
Chronopotentiometry,0.02,1800,10,1588.0,0.8445,0.8445
Chronopotentiometry,0.02,1800,10,1588.0,0.8444,0.8444
Chronopotentiometry,0.02,1800,10,1588.0,0.8444,0.8444
Chronopotentiometry,0.02,1800,10,1588.0,0.8444,0.8444
Chronopotentiometry,0.02,1800,10,1588.0,0.8445,0.8445
Chronopotentiometry,0.02,1800,10,1588.0,0.8444,0.8444
Chronopotentiometry,0.02,1800,10,1588.0,0.8444,0.8444
Chronopotentiometry,0.02,1800,10,1588.0,0.8444,0.8444
Chronopotentiometry,0.02,1800,10,1589.0,0.8444,0.8444
Chronopotentiometry,0.02,1800,10,1589.0,0.8444,0.8444
Chronopotentiometry,0.02,1800,10,1589.0,0.8445,0.8445
Chronopotentiometry,0.02,1800,10,1589.0,0.8445,0.8445
Chronopotentiometry,0.02,1800,10,1589.0,0.8444,0.8444
Chronopotentiometry,0.02,1800,10,1589.0,0.8444,0.8444
Chronopotentiometry,0.02,1800,10,1589.0,0.8445,0.8445
Chronopotentiometry,0.02,1800,10,1589.0,0.8445,0.8445
Chronopotentiometry,0.02,1800,10,1589.0,0.8445,0.8445
Chronopotentiometry,0.02,1800,10,1589.0,0.8445,0.8445
Chronopotentiometry,0.02,1800,10,1590.0,0.8445,0.8445
Chronopotentiometry,0.02,1800,10,1590.0,0.8445,0.8445
Chronopotentiometry,0.02,1800,10,1590.0,0.8445,0.8445
Chronopotentiometry,0.02,1800,10,1590.0,0.8444,0.8444
Chronopotentiometry,0.02,1800,10,1590.0,0.8445,0.8445
Chronopotentiometry,0.02,1800,10,1590.0,0.8445,0.8445
Chronopotentiometry,0.02,1800,10,1590.0,0.8445,0.8445
Chronopotentiometry,0.02,1800,10,1590.0,0.8445,0.8445
Chronopotentiometry,0.02,1800,10,1590.0,0.8445,0.8445
Chronopotentiometry,0.02,1800,10,1590.0,0.8445,0.8445
Chronopotentiometry,0.02,1800,10,1591.0,0.8445,0.8445
Chronopotentiometry,0.02,1800,10,1591.0,0.8445,0.8445
Chronopotentiometry,0.02,1800,10,1591.0,0.8445,0.8445
Chronopotentiometry,0.02,1800,10,1591.0,0.8445,0.8445
Chronopotentiometry,0.02,1800,10,1591.0,0.8446,0.8446
Chronopotentiometry,0.02,1800,10,1591.0,0.8446,0.8446
Chronopotentiometry,0.02,1800,10,1591.0,0.8446,0.8446
Chronopotentiometry,0.02,1800,10,1591.0,0.8445,0.8445
Chronopotentiometry,0.02,1800,10,1591.0,0.8445,0.8445
Chronopotentiometry,0.02,1800,10,1591.0,0.8445,0.8445
Chronopotentiometry,0.02,1800,10,1592.0,0.8445,0.8445
Chronopotentiometry,0.02,1800,10,1592.0,0.8445,0.8445
Chronopotentiometry,0.02,1800,10,1592.0,0.8446,0.8446
Chronopotentiometry,0.02,1800,10,1592.0,0.8446,0.8446
Chronopotentiometry,0.02,1800,10,1592.0,0.8446,0.8446
Chronopotentiometry,0.02,1800,10,1592.0,0.8445,0.8445
Chronopotentiometry,0.02,1800,10,1592.0,0.8445,0.8445
Chronopotentiometry,0.02,1800,10,1592.0,0.8445,0.8445
Chronopotentiometry,0.02,1800,10,1592.0,0.8446,0.8446
Chronopotentiometry,0.02,1800,10,1592.0,0.8447,0.8447
Chronopotentiometry,0.02,1800,10,1593.0,0.8447,0.8447
Chronopotentiometry,0.02,1800,10,1593.0,0.8446,0.8446
Chronopotentiometry,0.02,1800,10,1593.0,0.8446,0.8446
Chronopotentiometry,0.02,1800,10,1593.0,0.8446,0.8446
Chronopotentiometry,0.02,1800,10,1593.0,0.8446,0.8446
Chronopotentiometry,0.02,1800,10,1593.0,0.8446,0.8446
Chronopotentiometry,0.02,1800,10,1593.0,0.8446,0.8446
Chronopotentiometry,0.02,1800,10,1593.0,0.8447,0.8447
Chronopotentiometry,0.02,1800,10,1593.0,0.8447,0.8447
Chronopotentiometry,0.02,1800,10,1593.0,0.8446,0.8446
Chronopotentiometry,0.02,1800,10,1594.0,0.8446,0.8446
Chronopotentiometry,0.02,1800,10,1594.0,0.8447,0.8447
Chronopotentiometry,0.02,1800,10,1594.0,0.8446,0.8446
Chronopotentiometry,0.02,1800,10,1594.0,0.8446,0.8446
Chronopotentiometry,0.02,1800,10,1594.0,0.8445,0.8445
Chronopotentiometry,0.02,1800,10,1594.0,0.8446,0.8446
Chronopotentiometry,0.02,1800,10,1594.0,0.8445,0.8445
Chronopotentiometry,0.02,1800,10,1594.0,0.8446,0.8446
Chronopotentiometry,0.02,1800,10,1594.0,0.8445,0.8445
Chronopotentiometry,0.02,1800,10,1594.0,0.8445,0.8445
Chronopotentiometry,0.02,1800,10,1595.0,0.8445,0.8445
Chronopotentiometry,0.02,1800,10,1595.0,0.8445,0.8445
Chronopotentiometry,0.02,1800,10,1595.0,0.8446,0.8446
Chronopotentiometry,0.02,1800,10,1595.0,0.8445,0.8445
Chronopotentiometry,0.02,1800,10,1595.0,0.8446,0.8446
Chronopotentiometry,0.02,1800,10,1595.0,0.8446,0.8446
Chronopotentiometry,0.02,1800,10,1595.0,0.8446,0.8446
Chronopotentiometry,0.02,1800,10,1595.0,0.8446,0.8446
Chronopotentiometry,0.02,1800,10,1595.0,0.8446,0.8446
Chronopotentiometry,0.02,1800,10,1595.0,0.8446,0.8446
Chronopotentiometry,0.02,1800,10,1596.0,0.8445,0.8445
Chronopotentiometry,0.02,1800,10,1596.0,0.8446,0.8446
Chronopotentiometry,0.02,1800,10,1596.0,0.8446,0.8446
Chronopotentiometry,0.02,1800,10,1596.0,0.8446,0.8446
Chronopotentiometry,0.02,1800,10,1596.0,0.8447,0.8447
Chronopotentiometry,0.02,1800,10,1596.0,0.8446,0.8446
Chronopotentiometry,0.02,1800,10,1596.0,0.8446,0.8446
Chronopotentiometry,0.02,1800,10,1596.0,0.8445,0.8445
Chronopotentiometry,0.02,1800,10,1596.0,0.8445,0.8445
Chronopotentiometry,0.02,1800,10,1596.0,0.8446,0.8446
Chronopotentiometry,0.02,1800,10,1597.0,0.8446,0.8446
Chronopotentiometry,0.02,1800,10,1597.0,0.8446,0.8446
Chronopotentiometry,0.02,1800,10,1597.0,0.8445,0.8445
Chronopotentiometry,0.02,1800,10,1597.0,0.8445,0.8445
Chronopotentiometry,0.02,1800,10,1597.0,0.8445,0.8445
Chronopotentiometry,0.02,1800,10,1597.0,0.8446,0.8446
Chronopotentiometry,0.02,1800,10,1597.0,0.8446,0.8446
Chronopotentiometry,0.02,1800,10,1597.0,0.8445,0.8445
Chronopotentiometry,0.02,1800,10,1597.0,0.8446,0.8446
Chronopotentiometry,0.02,1800,10,1597.0,0.8446,0.8446
Chronopotentiometry,0.02,1800,10,1598.0,0.8446,0.8446
Chronopotentiometry,0.02,1800,10,1598.0,0.8446,0.8446
Chronopotentiometry,0.02,1800,10,1598.0,0.8446,0.8446
Chronopotentiometry,0.02,1800,10,1598.0,0.8446,0.8446
Chronopotentiometry,0.02,1800,10,1598.0,0.8446,0.8446
Chronopotentiometry,0.02,1800,10,1598.0,0.8445,0.8445
Chronopotentiometry,0.02,1800,10,1598.0,0.8445,0.8445
Chronopotentiometry,0.02,1800,10,1598.0,0.8446,0.8446
Chronopotentiometry,0.02,1800,10,1598.0,0.8446,0.8446
Chronopotentiometry,0.02,1800,10,1598.0,0.8447,0.8447
Chronopotentiometry,0.02,1800,10,1599.0,0.8446,0.8446
Chronopotentiometry,0.02,1800,10,1599.0,0.8446,0.8446
Chronopotentiometry,0.02,1800,10,1599.0,0.8445,0.8445
Chronopotentiometry,0.02,1800,10,1599.0,0.8445,0.8445
Chronopotentiometry,0.02,1800,10,1599.0,0.8445,0.8445
Chronopotentiometry,0.02,1800,10,1599.0,0.8446,0.8446
Chronopotentiometry,0.02,1800,10,1599.0,0.8446,0.8446
Chronopotentiometry,0.02,1800,10,1599.0,0.8445,0.8445
Chronopotentiometry,0.02,1800,10,1599.0,0.8445,0.8445
Chronopotentiometry,0.02,1800,10,1599.0,0.8446,0.8446
Chronopotentiometry,0.02,1800,10,1600.0,0.8445,0.8445
Chronopotentiometry,0.02,1800,10,1600.0,0.8445,0.8445
Chronopotentiometry,0.02,1800,10,1600.0,0.8445,0.8445
Chronopotentiometry,0.02,1800,10,1600.0,0.8445,0.8445
Chronopotentiometry,0.02,1800,10,1600.0,0.8446,0.8446
Chronopotentiometry,0.02,1800,10,1600.0,0.8445,0.8445
Chronopotentiometry,0.02,1800,10,1600.0,0.8445,0.8445
Chronopotentiometry,0.02,1800,10,1600.0,0.8446,0.8446
Chronopotentiometry,0.02,1800,10,1600.0,0.8446,0.8446
Chronopotentiometry,0.02,1800,10,1600.0,0.8445,0.8445
Chronopotentiometry,0.02,1800,10,1601.0,0.8446,0.8446
Chronopotentiometry,0.02,1800,10,1601.0,0.8446,0.8446
Chronopotentiometry,0.02,1800,10,1601.0,0.8446,0.8446
Chronopotentiometry,0.02,1800,10,1601.0,0.8447,0.8447
Chronopotentiometry,0.02,1800,10,1601.0,0.8447,0.8447
Chronopotentiometry,0.02,1800,10,1601.0,0.8446,0.8446
Chronopotentiometry,0.02,1800,10,1601.0,0.8446,0.8446
Chronopotentiometry,0.02,1800,10,1601.0,0.8445,0.8445
Chronopotentiometry,0.02,1800,10,1601.0,0.8446,0.8446
Chronopotentiometry,0.02,1800,10,1601.0,0.8447,0.8447
Chronopotentiometry,0.02,1800,10,1602.0,0.8445,0.8445
Chronopotentiometry,0.02,1800,10,1602.0,0.8445,0.8445
Chronopotentiometry,0.02,1800,10,1602.0,0.8444,0.8444
Chronopotentiometry,0.02,1800,10,1602.0,0.8444,0.8444
Chronopotentiometry,0.02,1800,10,1602.0,0.8445,0.8445
Chronopotentiometry,0.02,1800,10,1602.0,0.8445,0.8445
Chronopotentiometry,0.02,1800,10,1602.0,0.8445,0.8445
Chronopotentiometry,0.02,1800,10,1602.0,0.8445,0.8445
Chronopotentiometry,0.02,1800,10,1602.0,0.8446,0.8446
Chronopotentiometry,0.02,1800,10,1602.0,0.8445,0.8445
Chronopotentiometry,0.02,1800,10,1603.0,0.8445,0.8445
Chronopotentiometry,0.02,1800,10,1603.0,0.8445,0.8445
Chronopotentiometry,0.02,1800,10,1603.0,0.8446,0.8446
Chronopotentiometry,0.02,1800,10,1603.0,0.8446,0.8446
Chronopotentiometry,0.02,1800,10,1603.0,0.8446,0.8446
Chronopotentiometry,0.02,1800,10,1603.0,0.8446,0.8446
Chronopotentiometry,0.02,1800,10,1603.0,0.8447,0.8447
Chronopotentiometry,0.02,1800,10,1603.0,0.8447,0.8447
Chronopotentiometry,0.02,1800,10,1603.0,0.8446,0.8446
Chronopotentiometry,0.02,1800,10,1603.0,0.8446,0.8446
Chronopotentiometry,0.02,1800,10,1604.0,0.8445,0.8445
Chronopotentiometry,0.02,1800,10,1604.0,0.8446,0.8446
Chronopotentiometry,0.02,1800,10,1604.0,0.8446,0.8446
Chronopotentiometry,0.02,1800,10,1604.0,0.8446,0.8446
Chronopotentiometry,0.02,1800,10,1604.0,0.8446,0.8446
Chronopotentiometry,0.02,1800,10,1604.0,0.8446,0.8446
Chronopotentiometry,0.02,1800,10,1604.0,0.8445,0.8445
Chronopotentiometry,0.02,1800,10,1604.0,0.8446,0.8446
Chronopotentiometry,0.02,1800,10,1604.0,0.8445,0.8445
Chronopotentiometry,0.02,1800,10,1604.0,0.8444,0.8444
Chronopotentiometry,0.02,1800,10,1605.0,0.8446,0.8446
Chronopotentiometry,0.02,1800,10,1605.0,0.8445,0.8445
Chronopotentiometry,0.02,1800,10,1605.0,0.8445,0.8445
Chronopotentiometry,0.02,1800,10,1605.0,0.8445,0.8445
Chronopotentiometry,0.02,1800,10,1605.0,0.8444,0.8444
Chronopotentiometry,0.02,1800,10,1605.0,0.8445,0.8445
Chronopotentiometry,0.02,1800,10,1605.0,0.8445,0.8445
Chronopotentiometry,0.02,1800,10,1605.0,0.8445,0.8445
Chronopotentiometry,0.02,1800,10,1605.0,0.8444,0.8444
Chronopotentiometry,0.02,1800,10,1605.0,0.8445,0.8445
Chronopotentiometry,0.02,1800,10,1606.0,0.8445,0.8445
Chronopotentiometry,0.02,1800,10,1606.0,0.8444,0.8444
Chronopotentiometry,0.02,1800,10,1606.0,0.8445,0.8445
Chronopotentiometry,0.02,1800,10,1606.0,0.8445,0.8445
Chronopotentiometry,0.02,1800,10,1606.0,0.8446,0.8446
Chronopotentiometry,0.02,1800,10,1606.0,0.8446,0.8446
Chronopotentiometry,0.02,1800,10,1606.0,0.8445,0.8445
Chronopotentiometry,0.02,1800,10,1606.0,0.8445,0.8445
Chronopotentiometry,0.02,1800,10,1606.0,0.8444,0.8444
Chronopotentiometry,0.02,1800,10,1606.0,0.8445,0.8445
Chronopotentiometry,0.02,1800,10,1607.0,0.8445,0.8445
Chronopotentiometry,0.02,1800,10,1607.0,0.8446,0.8446
Chronopotentiometry,0.02,1800,10,1607.0,0.8444,0.8444
Chronopotentiometry,0.02,1800,10,1607.0,0.8445,0.8445
Chronopotentiometry,0.02,1800,10,1607.0,0.8446,0.8446
Chronopotentiometry,0.02,1800,10,1607.0,0.8446,0.8446
Chronopotentiometry,0.02,1800,10,1607.0,0.8445,0.8445
Chronopotentiometry,0.02,1800,10,1607.0,0.8445,0.8445
Chronopotentiometry,0.02,1800,10,1607.0,0.8445,0.8445
Chronopotentiometry,0.02,1800,10,1607.0,0.8446,0.8446
Chronopotentiometry,0.02,1800,10,1608.0,0.8445,0.8445
Chronopotentiometry,0.02,1800,10,1608.0,0.8444,0.8444
Chronopotentiometry,0.02,1800,10,1608.0,0.8444,0.8444
Chronopotentiometry,0.02,1800,10,1608.0,0.8444,0.8444
Chronopotentiometry,0.02,1800,10,1608.0,0.8445,0.8445
Chronopotentiometry,0.02,1800,10,1608.0,0.8446,0.8446
Chronopotentiometry,0.02,1800,10,1608.0,0.8446,0.8446
Chronopotentiometry,0.02,1800,10,1608.0,0.8445,0.8445
Chronopotentiometry,0.02,1800,10,1608.0,0.8446,0.8446
Chronopotentiometry,0.02,1800,10,1608.0,0.8446,0.8446
Chronopotentiometry,0.02,1800,10,1609.0,0.8445,0.8445
Chronopotentiometry,0.02,1800,10,1609.0,0.8446,0.8446
Chronopotentiometry,0.02,1800,10,1609.0,0.8446,0.8446
Chronopotentiometry,0.02,1800,10,1609.0,0.8446,0.8446
Chronopotentiometry,0.02,1800,10,1609.0,0.8445,0.8445
Chronopotentiometry,0.02,1800,10,1609.0,0.8445,0.8445
Chronopotentiometry,0.02,1800,10,1609.0,0.8446,0.8446
Chronopotentiometry,0.02,1800,10,1609.0,0.8446,0.8446
Chronopotentiometry,0.02,1800,10,1609.0,0.8445,0.8445
Chronopotentiometry,0.02,1800,10,1609.0,0.8446,0.8446
Chronopotentiometry,0.02,1800,10,1610.0,0.8446,0.8446
Chronopotentiometry,0.02,1800,10,1610.0,0.8447,0.8447
Chronopotentiometry,0.02,1800,10,1610.0,0.8446,0.8446
Chronopotentiometry,0.02,1800,10,1610.0,0.8446,0.8446
Chronopotentiometry,0.02,1800,10,1610.0,0.8446,0.8446
Chronopotentiometry,0.02,1800,10,1610.0,0.8447,0.8447
Chronopotentiometry,0.02,1800,10,1610.0,0.8447,0.8447
Chronopotentiometry,0.02,1800,10,1610.0,0.8446,0.8446
Chronopotentiometry,0.02,1800,10,1610.0,0.8447,0.8447
Chronopotentiometry,0.02,1800,10,1610.0,0.8447,0.8447
Chronopotentiometry,0.02,1800,10,1611.0,0.8447,0.8447
Chronopotentiometry,0.02,1800,10,1611.0,0.8447,0.8447
Chronopotentiometry,0.02,1800,10,1611.0,0.8446,0.8446
Chronopotentiometry,0.02,1800,10,1611.0,0.8446,0.8446
Chronopotentiometry,0.02,1800,10,1611.0,0.8447,0.8447
Chronopotentiometry,0.02,1800,10,1611.0,0.8446,0.8446
Chronopotentiometry,0.02,1800,10,1611.0,0.8445,0.8445
Chronopotentiometry,0.02,1800,10,1611.0,0.8446,0.8446
Chronopotentiometry,0.02,1800,10,1611.0,0.8447,0.8447
Chronopotentiometry,0.02,1800,10,1611.0,0.8447,0.8447
Chronopotentiometry,0.02,1800,10,1612.0,0.8447,0.8447
Chronopotentiometry,0.02,1800,10,1612.0,0.8447,0.8447
Chronopotentiometry,0.02,1800,10,1612.0,0.8446,0.8446
Chronopotentiometry,0.02,1800,10,1612.0,0.8446,0.8446
Chronopotentiometry,0.02,1800,10,1612.0,0.8446,0.8446
Chronopotentiometry,0.02,1800,10,1612.0,0.8446,0.8446
Chronopotentiometry,0.02,1800,10,1612.0,0.8446,0.8446
Chronopotentiometry,0.02,1800,10,1612.0,0.8446,0.8446
Chronopotentiometry,0.02,1800,10,1612.0,0.8446,0.8446
Chronopotentiometry,0.02,1800,10,1612.0,0.8447,0.8447
Chronopotentiometry,0.02,1800,10,1613.0,0.8447,0.8447
Chronopotentiometry,0.02,1800,10,1613.0,0.8445,0.8445
Chronopotentiometry,0.02,1800,10,1613.0,0.8445,0.8445
Chronopotentiometry,0.02,1800,10,1613.0,0.8446,0.8446
Chronopotentiometry,0.02,1800,10,1613.0,0.8445,0.8445
Chronopotentiometry,0.02,1800,10,1613.0,0.8446,0.8446
Chronopotentiometry,0.02,1800,10,1613.0,0.8446,0.8446
Chronopotentiometry,0.02,1800,10,1613.0,0.8446,0.8446
Chronopotentiometry,0.02,1800,10,1613.0,0.8446,0.8446
Chronopotentiometry,0.02,1800,10,1613.0,0.8446,0.8446
Chronopotentiometry,0.02,1800,10,1614.0,0.8446,0.8446
Chronopotentiometry,0.02,1800,10,1614.0,0.8446,0.8446
Chronopotentiometry,0.02,1800,10,1614.0,0.8446,0.8446
Chronopotentiometry,0.02,1800,10,1614.0,0.8446,0.8446
Chronopotentiometry,0.02,1800,10,1614.0,0.8446,0.8446
Chronopotentiometry,0.02,1800,10,1614.0,0.8446,0.8446
Chronopotentiometry,0.02,1800,10,1614.0,0.8447,0.8447
Chronopotentiometry,0.02,1800,10,1614.0,0.8447,0.8447
Chronopotentiometry,0.02,1800,10,1614.0,0.8447,0.8447
Chronopotentiometry,0.02,1800,10,1614.0,0.8446,0.8446
Chronopotentiometry,0.02,1800,10,1615.0,0.8446,0.8446
Chronopotentiometry,0.02,1800,10,1615.0,0.8447,0.8447
Chronopotentiometry,0.02,1800,10,1615.0,0.8447,0.8447
Chronopotentiometry,0.02,1800,10,1615.0,0.8446,0.8446
Chronopotentiometry,0.02,1800,10,1615.0,0.8446,0.8446
Chronopotentiometry,0.02,1800,10,1615.0,0.8445,0.8445
Chronopotentiometry,0.02,1800,10,1615.0,0.8447,0.8447
Chronopotentiometry,0.02,1800,10,1615.0,0.8446,0.8446
Chronopotentiometry,0.02,1800,10,1615.0,0.8446,0.8446
Chronopotentiometry,0.02,1800,10,1615.0,0.8446,0.8446
Chronopotentiometry,0.02,1800,10,1616.0,0.8446,0.8446
Chronopotentiometry,0.02,1800,10,1616.0,0.8447,0.8447
Chronopotentiometry,0.02,1800,10,1616.0,0.8446,0.8446
Chronopotentiometry,0.02,1800,10,1616.0,0.8446,0.8446
Chronopotentiometry,0.02,1800,10,1616.0,0.8446,0.8446
Chronopotentiometry,0.02,1800,10,1616.0,0.8446,0.8446
Chronopotentiometry,0.02,1800,10,1616.0,0.8446,0.8446
Chronopotentiometry,0.02,1800,10,1616.0,0.8447,0.8447
Chronopotentiometry,0.02,1800,10,1616.0,0.8446,0.8446
Chronopotentiometry,0.02,1800,10,1616.0,0.8446,0.8446
Chronopotentiometry,0.02,1800,10,1617.0,0.8446,0.8446
Chronopotentiometry,0.02,1800,10,1617.0,0.8446,0.8446
Chronopotentiometry,0.02,1800,10,1617.0,0.8447,0.8447
Chronopotentiometry,0.02,1800,10,1617.0,0.8447,0.8447
Chronopotentiometry,0.02,1800,10,1617.0,0.8447,0.8447
Chronopotentiometry,0.02,1800,10,1617.0,0.8447,0.8447
Chronopotentiometry,0.02,1800,10,1617.0,0.8446,0.8446
Chronopotentiometry,0.02,1800,10,1617.0,0.8447,0.8447
Chronopotentiometry,0.02,1800,10,1617.0,0.8446,0.8446
Chronopotentiometry,0.02,1800,10,1617.0,0.8447,0.8447
Chronopotentiometry,0.02,1800,10,1618.0,0.8447,0.8447
Chronopotentiometry,0.02,1800,10,1618.0,0.8447,0.8447
Chronopotentiometry,0.02,1800,10,1618.0,0.8446,0.8446
Chronopotentiometry,0.02,1800,10,1618.0,0.8445,0.8445
Chronopotentiometry,0.02,1800,10,1618.0,0.8446,0.8446
Chronopotentiometry,0.02,1800,10,1618.0,0.8446,0.8446
Chronopotentiometry,0.02,1800,10,1618.0,0.8445,0.8445
Chronopotentiometry,0.02,1800,10,1618.0,0.8446,0.8446
Chronopotentiometry,0.02,1800,10,1618.0,0.8446,0.8446
Chronopotentiometry,0.02,1800,10,1618.0,0.8446,0.8446
Chronopotentiometry,0.02,1800,10,1619.0,0.8447,0.8447
Chronopotentiometry,0.02,1800,10,1619.0,0.8447,0.8447
Chronopotentiometry,0.02,1800,10,1619.0,0.8447,0.8447
Chronopotentiometry,0.02,1800,10,1619.0,0.8447,0.8447
Chronopotentiometry,0.02,1800,10,1619.0,0.8447,0.8447
Chronopotentiometry,0.02,1800,10,1619.0,0.8447,0.8447
Chronopotentiometry,0.02,1800,10,1619.0,0.8447,0.8447
Chronopotentiometry,0.02,1800,10,1619.0,0.8447,0.8447
Chronopotentiometry,0.02,1800,10,1619.0,0.8447,0.8447
Chronopotentiometry,0.02,1800,10,1619.0,0.8446,0.8446
Chronopotentiometry,0.02,1800,10,1620.0,0.8447,0.8447
Chronopotentiometry,0.02,1800,10,1620.0,0.8447,0.8447
Chronopotentiometry,0.02,1800,10,1620.0,0.8447,0.8447
Chronopotentiometry,0.02,1800,10,1620.0,0.8447,0.8447
Chronopotentiometry,0.02,1800,10,1620.0,0.8447,0.8447
Chronopotentiometry,0.02,1800,10,1620.0,0.8447,0.8447
Chronopotentiometry,0.02,1800,10,1620.0,0.8447,0.8447
Chronopotentiometry,0.02,1800,10,1620.0,0.8447,0.8447
Chronopotentiometry,0.02,1800,10,1620.0,0.8447,0.8447
Chronopotentiometry,0.02,1800,10,1620.0,0.8448,0.8448
Chronopotentiometry,0.02,1800,10,1621.0,0.8447,0.8447
Chronopotentiometry,0.02,1800,10,1621.0,0.8448,0.8448
Chronopotentiometry,0.02,1800,10,1621.0,0.8447,0.8447
Chronopotentiometry,0.02,1800,10,1621.0,0.8446,0.8446
Chronopotentiometry,0.02,1800,10,1621.0,0.8447,0.8447
Chronopotentiometry,0.02,1800,10,1621.0,0.8448,0.8448
Chronopotentiometry,0.02,1800,10,1621.0,0.8447,0.8447
Chronopotentiometry,0.02,1800,10,1621.0,0.8448,0.8448
Chronopotentiometry,0.02,1800,10,1621.0,0.8447,0.8447
Chronopotentiometry,0.02,1800,10,1621.0,0.8446,0.8446
Chronopotentiometry,0.02,1800,10,1622.0,0.8447,0.8447
Chronopotentiometry,0.02,1800,10,1622.0,0.8447,0.8447
Chronopotentiometry,0.02,1800,10,1622.0,0.8447,0.8447
Chronopotentiometry,0.02,1800,10,1622.0,0.8447,0.8447
Chronopotentiometry,0.02,1800,10,1622.0,0.8447,0.8447
Chronopotentiometry,0.02,1800,10,1622.0,0.8447,0.8447
Chronopotentiometry,0.02,1800,10,1622.0,0.8447,0.8447
Chronopotentiometry,0.02,1800,10,1622.0,0.8447,0.8447
Chronopotentiometry,0.02,1800,10,1622.0,0.8447,0.8447
Chronopotentiometry,0.02,1800,10,1622.0,0.8447,0.8447
Chronopotentiometry,0.02,1800,10,1623.0,0.8446,0.8446
Chronopotentiometry,0.02,1800,10,1623.0,0.8446,0.8446
Chronopotentiometry,0.02,1800,10,1623.0,0.8446,0.8446
Chronopotentiometry,0.02,1800,10,1623.0,0.8446,0.8446
Chronopotentiometry,0.02,1800,10,1623.0,0.8446,0.8446
Chronopotentiometry,0.02,1800,10,1623.0,0.8447,0.8447
Chronopotentiometry,0.02,1800,10,1623.0,0.8447,0.8447
Chronopotentiometry,0.02,1800,10,1623.0,0.8448,0.8448
Chronopotentiometry,0.02,1800,10,1623.0,0.8448,0.8448
Chronopotentiometry,0.02,1800,10,1623.0,0.8447,0.8447
Chronopotentiometry,0.02,1800,10,1624.0,0.8448,0.8448
Chronopotentiometry,0.02,1800,10,1624.0,0.8448,0.8448
Chronopotentiometry,0.02,1800,10,1624.0,0.8446,0.8446
Chronopotentiometry,0.02,1800,10,1624.0,0.8446,0.8446
Chronopotentiometry,0.02,1800,10,1624.0,0.8447,0.8447
Chronopotentiometry,0.02,1800,10,1624.0,0.8447,0.8447
Chronopotentiometry,0.02,1800,10,1624.0,0.8447,0.8447
Chronopotentiometry,0.02,1800,10,1624.0,0.8447,0.8447
Chronopotentiometry,0.02,1800,10,1624.0,0.8448,0.8448
Chronopotentiometry,0.02,1800,10,1624.0,0.8447,0.8447
Chronopotentiometry,0.02,1800,10,1625.0,0.8447,0.8447
Chronopotentiometry,0.02,1800,10,1625.0,0.8447,0.8447
Chronopotentiometry,0.02,1800,10,1625.0,0.8447,0.8447
Chronopotentiometry,0.02,1800,10,1625.0,0.8446,0.8446
Chronopotentiometry,0.02,1800,10,1625.0,0.8446,0.8446
Chronopotentiometry,0.02,1800,10,1625.0,0.8446,0.8446
Chronopotentiometry,0.02,1800,10,1625.0,0.8448,0.8448
Chronopotentiometry,0.02,1800,10,1625.0,0.8448,0.8448
Chronopotentiometry,0.02,1800,10,1625.0,0.8446,0.8446
Chronopotentiometry,0.02,1800,10,1625.0,0.8446,0.8446
Chronopotentiometry,0.02,1800,10,1626.0,0.8446,0.8446
Chronopotentiometry,0.02,1800,10,1626.0,0.8447,0.8447
Chronopotentiometry,0.02,1800,10,1626.0,0.8448,0.8448
Chronopotentiometry,0.02,1800,10,1626.0,0.8447,0.8447
Chronopotentiometry,0.02,1800,10,1626.0,0.8447,0.8447
Chronopotentiometry,0.02,1800,10,1626.0,0.8447,0.8447
Chronopotentiometry,0.02,1800,10,1626.0,0.8447,0.8447
Chronopotentiometry,0.02,1800,10,1626.0,0.8448,0.8448
Chronopotentiometry,0.02,1800,10,1626.0,0.8448,0.8448
Chronopotentiometry,0.02,1800,10,1626.0,0.8448,0.8448
Chronopotentiometry,0.02,1800,10,1627.0,0.8448,0.8448
Chronopotentiometry,0.02,1800,10,1627.0,0.8448,0.8448
Chronopotentiometry,0.02,1800,10,1627.0,0.8448,0.8448
Chronopotentiometry,0.02,1800,10,1627.0,0.8448,0.8448
Chronopotentiometry,0.02,1800,10,1627.0,0.8448,0.8448
Chronopotentiometry,0.02,1800,10,1627.0,0.8447,0.8447
Chronopotentiometry,0.02,1800,10,1627.0,0.8447,0.8447
Chronopotentiometry,0.02,1800,10,1627.0,0.8447,0.8447
Chronopotentiometry,0.02,1800,10,1627.0,0.8447,0.8447
Chronopotentiometry,0.02,1800,10,1627.0,0.8447,0.8447
Chronopotentiometry,0.02,1800,10,1628.0,0.8448,0.8448
Chronopotentiometry,0.02,1800,10,1628.0,0.8447,0.8447
Chronopotentiometry,0.02,1800,10,1628.0,0.8448,0.8448
Chronopotentiometry,0.02,1800,10,1628.0,0.8449,0.8449
Chronopotentiometry,0.02,1800,10,1628.0,0.8448,0.8448
Chronopotentiometry,0.02,1800,10,1628.0,0.8447,0.8447
Chronopotentiometry,0.02,1800,10,1628.0,0.8447,0.8447
Chronopotentiometry,0.02,1800,10,1628.0,0.8447,0.8447
Chronopotentiometry,0.02,1800,10,1628.0,0.8447,0.8447
Chronopotentiometry,0.02,1800,10,1628.0,0.8447,0.8447
Chronopotentiometry,0.02,1800,10,1629.0,0.8447,0.8447
Chronopotentiometry,0.02,1800,10,1629.0,0.8447,0.8447
Chronopotentiometry,0.02,1800,10,1629.0,0.8447,0.8447
Chronopotentiometry,0.02,1800,10,1629.0,0.8447,0.8447
Chronopotentiometry,0.02,1800,10,1629.0,0.8447,0.8447
Chronopotentiometry,0.02,1800,10,1629.0,0.8447,0.8447
Chronopotentiometry,0.02,1800,10,1629.0,0.8447,0.8447
Chronopotentiometry,0.02,1800,10,1629.0,0.8447,0.8447
Chronopotentiometry,0.02,1800,10,1629.0,0.8447,0.8447
Chronopotentiometry,0.02,1800,10,1629.0,0.8447,0.8447
Chronopotentiometry,0.02,1800,10,1630.0,0.8448,0.8448
Chronopotentiometry,0.02,1800,10,1630.0,0.8447,0.8447
Chronopotentiometry,0.02,1800,10,1630.0,0.8447,0.8447
Chronopotentiometry,0.02,1800,10,1630.0,0.8448,0.8448
Chronopotentiometry,0.02,1800,10,1630.0,0.8449,0.8449
Chronopotentiometry,0.02,1800,10,1630.0,0.8448,0.8448
Chronopotentiometry,0.02,1800,10,1630.0,0.8447,0.8447
Chronopotentiometry,0.02,1800,10,1630.0,0.8447,0.8447
Chronopotentiometry,0.02,1800,10,1630.0,0.8448,0.8448
Chronopotentiometry,0.02,1800,10,1630.0,0.8448,0.8448
Chronopotentiometry,0.02,1800,10,1631.0,0.8448,0.8448
Chronopotentiometry,0.02,1800,10,1631.0,0.8448,0.8448
Chronopotentiometry,0.02,1800,10,1631.0,0.8448,0.8448
Chronopotentiometry,0.02,1800,10,1631.0,0.8448,0.8448
Chronopotentiometry,0.02,1800,10,1631.0,0.8448,0.8448
Chronopotentiometry,0.02,1800,10,1631.0,0.8448,0.8448
Chronopotentiometry,0.02,1800,10,1631.0,0.8448,0.8448
Chronopotentiometry,0.02,1800,10,1631.0,0.8448,0.8448
Chronopotentiometry,0.02,1800,10,1631.0,0.8448,0.8448
Chronopotentiometry,0.02,1800,10,1631.0,0.8448,0.8448
Chronopotentiometry,0.02,1800,10,1632.0,0.8448,0.8448
Chronopotentiometry,0.02,1800,10,1632.0,0.8448,0.8448
Chronopotentiometry,0.02,1800,10,1632.0,0.8447,0.8447
Chronopotentiometry,0.02,1800,10,1632.0,0.8448,0.8448
Chronopotentiometry,0.02,1800,10,1632.0,0.8447,0.8447
Chronopotentiometry,0.02,1800,10,1632.0,0.8448,0.8448
Chronopotentiometry,0.02,1800,10,1632.0,0.8448,0.8448
Chronopotentiometry,0.02,1800,10,1632.0,0.8448,0.8448
Chronopotentiometry,0.02,1800,10,1632.0,0.8448,0.8448
Chronopotentiometry,0.02,1800,10,1632.0,0.8448,0.8448
Chronopotentiometry,0.02,1800,10,1633.0,0.8448,0.8448
Chronopotentiometry,0.02,1800,10,1633.0,0.8449,0.8449
Chronopotentiometry,0.02,1800,10,1633.0,0.8448,0.8448
Chronopotentiometry,0.02,1800,10,1633.0,0.8448,0.8448
Chronopotentiometry,0.02,1800,10,1633.0,0.8447,0.8447
Chronopotentiometry,0.02,1800,10,1633.0,0.8447,0.8447
Chronopotentiometry,0.02,1800,10,1633.0,0.8447,0.8447
Chronopotentiometry,0.02,1800,10,1633.0,0.8447,0.8447
Chronopotentiometry,0.02,1800,10,1633.0,0.8448,0.8448
Chronopotentiometry,0.02,1800,10,1633.0,0.8447,0.8447
Chronopotentiometry,0.02,1800,10,1634.0,0.8447,0.8447
Chronopotentiometry,0.02,1800,10,1634.0,0.8448,0.8448
Chronopotentiometry,0.02,1800,10,1634.0,0.8448,0.8448
Chronopotentiometry,0.02,1800,10,1634.0,0.8448,0.8448
Chronopotentiometry,0.02,1800,10,1634.0,0.8447,0.8447
Chronopotentiometry,0.02,1800,10,1634.0,0.8448,0.8448
Chronopotentiometry,0.02,1800,10,1634.0,0.8448,0.8448
Chronopotentiometry,0.02,1800,10,1634.0,0.8448,0.8448
Chronopotentiometry,0.02,1800,10,1634.0,0.8449,0.8449
Chronopotentiometry,0.02,1800,10,1634.0,0.8449,0.8449
Chronopotentiometry,0.02,1800,10,1635.0,0.8449,0.8449
Chronopotentiometry,0.02,1800,10,1635.0,0.8448,0.8448
Chronopotentiometry,0.02,1800,10,1635.0,0.8449,0.8449
Chronopotentiometry,0.02,1800,10,1635.0,0.8449,0.8449
Chronopotentiometry,0.02,1800,10,1635.0,0.8448,0.8448
Chronopotentiometry,0.02,1800,10,1635.0,0.8449,0.8449
Chronopotentiometry,0.02,1800,10,1635.0,0.8449,0.8449
Chronopotentiometry,0.02,1800,10,1635.0,0.8449,0.8449
Chronopotentiometry,0.02,1800,10,1635.0,0.8449,0.8449
Chronopotentiometry,0.02,1800,10,1635.0,0.8448,0.8448
Chronopotentiometry,0.02,1800,10,1636.0,0.8449,0.8449
Chronopotentiometry,0.02,1800,10,1636.0,0.8449,0.8449
Chronopotentiometry,0.02,1800,10,1636.0,0.8449,0.8449
Chronopotentiometry,0.02,1800,10,1636.0,0.8449,0.8449
Chronopotentiometry,0.02,1800,10,1636.0,0.8448,0.8448
Chronopotentiometry,0.02,1800,10,1636.0,0.8448,0.8448
Chronopotentiometry,0.02,1800,10,1636.0,0.8448,0.8448
Chronopotentiometry,0.02,1800,10,1636.0,0.8448,0.8448
Chronopotentiometry,0.02,1800,10,1636.0,0.8448,0.8448
Chronopotentiometry,0.02,1800,10,1636.0,0.8448,0.8448
Chronopotentiometry,0.02,1800,10,1637.0,0.8448,0.8448
Chronopotentiometry,0.02,1800,10,1637.0,0.8449,0.8449
Chronopotentiometry,0.02,1800,10,1637.0,0.8449,0.8449
Chronopotentiometry,0.02,1800,10,1637.0,0.8449,0.8449
Chronopotentiometry,0.02,1800,10,1637.0,0.845,0.845
Chronopotentiometry,0.02,1800,10,1637.0,0.8449,0.8449
Chronopotentiometry,0.02,1800,10,1637.0,0.8448,0.8448
Chronopotentiometry,0.02,1800,10,1637.0,0.8449,0.8449
Chronopotentiometry,0.02,1800,10,1637.0,0.8449,0.8449
Chronopotentiometry,0.02,1800,10,1637.0,0.8449,0.8449
Chronopotentiometry,0.02,1800,10,1638.0,0.8449,0.8449
Chronopotentiometry,0.02,1800,10,1638.0,0.8448,0.8448
Chronopotentiometry,0.02,1800,10,1638.0,0.8449,0.8449
Chronopotentiometry,0.02,1800,10,1638.0,0.8449,0.8449
Chronopotentiometry,0.02,1800,10,1638.0,0.8449,0.8449
Chronopotentiometry,0.02,1800,10,1638.0,0.8449,0.8449
Chronopotentiometry,0.02,1800,10,1638.0,0.8449,0.8449
Chronopotentiometry,0.02,1800,10,1638.0,0.845,0.845
Chronopotentiometry,0.02,1800,10,1638.0,0.8449,0.8449
Chronopotentiometry,0.02,1800,10,1638.0,0.8449,0.8449
Chronopotentiometry,0.02,1800,10,1639.0,0.8449,0.8449
Chronopotentiometry,0.02,1800,10,1639.0,0.8449,0.8449
Chronopotentiometry,0.02,1800,10,1639.0,0.8449,0.8449
Chronopotentiometry,0.02,1800,10,1639.0,0.8449,0.8449
Chronopotentiometry,0.02,1800,10,1639.0,0.8448,0.8448
Chronopotentiometry,0.02,1800,10,1639.0,0.8449,0.8449
Chronopotentiometry,0.02,1800,10,1639.0,0.8449,0.8449
Chronopotentiometry,0.02,1800,10,1639.0,0.8449,0.8449
Chronopotentiometry,0.02,1800,10,1639.0,0.8449,0.8449
Chronopotentiometry,0.02,1800,10,1639.0,0.8449,0.8449
Chronopotentiometry,0.02,1800,10,1640.0,0.8449,0.8449
Chronopotentiometry,0.02,1800,10,1640.0,0.8449,0.8449
Chronopotentiometry,0.02,1800,10,1640.0,0.8449,0.8449
Chronopotentiometry,0.02,1800,10,1640.0,0.8449,0.8449
Chronopotentiometry,0.02,1800,10,1640.0,0.845,0.845
Chronopotentiometry,0.02,1800,10,1640.0,0.8449,0.8449
Chronopotentiometry,0.02,1800,10,1640.0,0.8449,0.8449
Chronopotentiometry,0.02,1800,10,1640.0,0.8449,0.8449
Chronopotentiometry,0.02,1800,10,1640.0,0.8449,0.8449
Chronopotentiometry,0.02,1800,10,1640.0,0.8449,0.8449
Chronopotentiometry,0.02,1800,10,1641.0,0.845,0.845
Chronopotentiometry,0.02,1800,10,1641.0,0.8449,0.8449
Chronopotentiometry,0.02,1800,10,1641.0,0.8448,0.8448
Chronopotentiometry,0.02,1800,10,1641.0,0.8449,0.8449
Chronopotentiometry,0.02,1800,10,1641.0,0.8449,0.8449
Chronopotentiometry,0.02,1800,10,1641.0,0.8448,0.8448
Chronopotentiometry,0.02,1800,10,1641.0,0.8449,0.8449
Chronopotentiometry,0.02,1800,10,1641.0,0.8449,0.8449
Chronopotentiometry,0.02,1800,10,1641.0,0.8449,0.8449
Chronopotentiometry,0.02,1800,10,1641.0,0.8448,0.8448
Chronopotentiometry,0.02,1800,10,1642.0,0.8448,0.8448
Chronopotentiometry,0.02,1800,10,1642.0,0.8449,0.8449
Chronopotentiometry,0.02,1800,10,1642.0,0.8449,0.8449
Chronopotentiometry,0.02,1800,10,1642.0,0.8447,0.8447
Chronopotentiometry,0.02,1800,10,1642.0,0.8447,0.8447
Chronopotentiometry,0.02,1800,10,1642.0,0.8448,0.8448
Chronopotentiometry,0.02,1800,10,1642.0,0.8448,0.8448
Chronopotentiometry,0.02,1800,10,1642.0,0.8448,0.8448
Chronopotentiometry,0.02,1800,10,1642.0,0.8448,0.8448
Chronopotentiometry,0.02,1800,10,1642.0,0.8448,0.8448
Chronopotentiometry,0.02,1800,10,1643.0,0.8448,0.8448
Chronopotentiometry,0.02,1800,10,1643.0,0.8449,0.8449
Chronopotentiometry,0.02,1800,10,1643.0,0.8448,0.8448
Chronopotentiometry,0.02,1800,10,1643.0,0.8448,0.8448
Chronopotentiometry,0.02,1800,10,1643.0,0.8449,0.8449
Chronopotentiometry,0.02,1800,10,1643.0,0.8448,0.8448
Chronopotentiometry,0.02,1800,10,1643.0,0.8449,0.8449
Chronopotentiometry,0.02,1800,10,1643.0,0.8448,0.8448
Chronopotentiometry,0.02,1800,10,1643.0,0.8449,0.8449
Chronopotentiometry,0.02,1800,10,1643.0,0.8449,0.8449
Chronopotentiometry,0.02,1800,10,1644.0,0.845,0.845
Chronopotentiometry,0.02,1800,10,1644.0,0.8449,0.8449
Chronopotentiometry,0.02,1800,10,1644.0,0.8449,0.8449
Chronopotentiometry,0.02,1800,10,1644.0,0.8448,0.8448
Chronopotentiometry,0.02,1800,10,1644.0,0.8449,0.8449
Chronopotentiometry,0.02,1800,10,1644.0,0.8449,0.8449
Chronopotentiometry,0.02,1800,10,1644.0,0.8449,0.8449
Chronopotentiometry,0.02,1800,10,1644.0,0.8449,0.8449
Chronopotentiometry,0.02,1800,10,1644.0,0.8449,0.8449
Chronopotentiometry,0.02,1800,10,1644.0,0.8449,0.8449
Chronopotentiometry,0.02,1800,10,1645.0,0.845,0.845
Chronopotentiometry,0.02,1800,10,1645.0,0.845,0.845
Chronopotentiometry,0.02,1800,10,1645.0,0.8449,0.8449
Chronopotentiometry,0.02,1800,10,1645.0,0.8447,0.8447
Chronopotentiometry,0.02,1800,10,1645.0,0.8447,0.8447
Chronopotentiometry,0.02,1800,10,1645.0,0.8449,0.8449
Chronopotentiometry,0.02,1800,10,1645.0,0.8448,0.8448
Chronopotentiometry,0.02,1800,10,1645.0,0.8448,0.8448
Chronopotentiometry,0.02,1800,10,1645.0,0.8449,0.8449
Chronopotentiometry,0.02,1800,10,1645.0,0.8449,0.8449
Chronopotentiometry,0.02,1800,10,1646.0,0.8449,0.8449
Chronopotentiometry,0.02,1800,10,1646.0,0.8449,0.8449
Chronopotentiometry,0.02,1800,10,1646.0,0.8448,0.8448
Chronopotentiometry,0.02,1800,10,1646.0,0.8449,0.8449
Chronopotentiometry,0.02,1800,10,1646.0,0.8449,0.8449
Chronopotentiometry,0.02,1800,10,1646.0,0.8449,0.8449
Chronopotentiometry,0.02,1800,10,1646.0,0.845,0.845
Chronopotentiometry,0.02,1800,10,1646.0,0.845,0.845
Chronopotentiometry,0.02,1800,10,1646.0,0.8449,0.8449
Chronopotentiometry,0.02,1800,10,1646.0,0.8449,0.8449
Chronopotentiometry,0.02,1800,10,1647.0,0.8449,0.8449
Chronopotentiometry,0.02,1800,10,1647.0,0.8449,0.8449
Chronopotentiometry,0.02,1800,10,1647.0,0.8449,0.8449
Chronopotentiometry,0.02,1800,10,1647.0,0.8449,0.8449
Chronopotentiometry,0.02,1800,10,1647.0,0.845,0.845
Chronopotentiometry,0.02,1800,10,1647.0,0.845,0.845
Chronopotentiometry,0.02,1800,10,1647.0,0.8449,0.8449
Chronopotentiometry,0.02,1800,10,1647.0,0.845,0.845
Chronopotentiometry,0.02,1800,10,1647.0,0.845,0.845
Chronopotentiometry,0.02,1800,10,1647.0,0.845,0.845
Chronopotentiometry,0.02,1800,10,1648.0,0.8449,0.8449
Chronopotentiometry,0.02,1800,10,1648.0,0.845,0.845
Chronopotentiometry,0.02,1800,10,1648.0,0.845,0.845
Chronopotentiometry,0.02,1800,10,1648.0,0.845,0.845
Chronopotentiometry,0.02,1800,10,1648.0,0.845,0.845
Chronopotentiometry,0.02,1800,10,1648.0,0.845,0.845
Chronopotentiometry,0.02,1800,10,1648.0,0.845,0.845
Chronopotentiometry,0.02,1800,10,1648.0,0.8451,0.8451
Chronopotentiometry,0.02,1800,10,1648.0,0.845,0.845
Chronopotentiometry,0.02,1800,10,1648.0,0.845,0.845
Chronopotentiometry,0.02,1800,10,1649.0,0.8449,0.8449
Chronopotentiometry,0.02,1800,10,1649.0,0.8449,0.8449
Chronopotentiometry,0.02,1800,10,1649.0,0.8449,0.8449
Chronopotentiometry,0.02,1800,10,1649.0,0.845,0.845
Chronopotentiometry,0.02,1800,10,1649.0,0.8449,0.8449
Chronopotentiometry,0.02,1800,10,1649.0,0.8449,0.8449
Chronopotentiometry,0.02,1800,10,1649.0,0.845,0.845
Chronopotentiometry,0.02,1800,10,1649.0,0.845,0.845
Chronopotentiometry,0.02,1800,10,1649.0,0.845,0.845
Chronopotentiometry,0.02,1800,10,1649.0,0.8449,0.8449
Chronopotentiometry,0.02,1800,10,1650.0,0.8449,0.8449
Chronopotentiometry,0.02,1800,10,1650.0,0.8449,0.8449
Chronopotentiometry,0.02,1800,10,1650.0,0.845,0.845
Chronopotentiometry,0.02,1800,10,1650.0,0.845,0.845
Chronopotentiometry,0.02,1800,10,1650.0,0.845,0.845
Chronopotentiometry,0.02,1800,10,1650.0,0.8449,0.8449
Chronopotentiometry,0.02,1800,10,1650.0,0.845,0.845
Chronopotentiometry,0.02,1800,10,1650.0,0.8449,0.8449
Chronopotentiometry,0.02,1800,10,1650.0,0.845,0.845
Chronopotentiometry,0.02,1800,10,1650.0,0.845,0.845
Chronopotentiometry,0.02,1800,10,1651.0,0.8449,0.8449
Chronopotentiometry,0.02,1800,10,1651.0,0.8449,0.8449
Chronopotentiometry,0.02,1800,10,1651.0,0.845,0.845
Chronopotentiometry,0.02,1800,10,1651.0,0.845,0.845
Chronopotentiometry,0.02,1800,10,1651.0,0.8449,0.8449
Chronopotentiometry,0.02,1800,10,1651.0,0.845,0.845
Chronopotentiometry,0.02,1800,10,1651.0,0.8451,0.8451
Chronopotentiometry,0.02,1800,10,1651.0,0.8451,0.8451
Chronopotentiometry,0.02,1800,10,1651.0,0.8451,0.8451
Chronopotentiometry,0.02,1800,10,1651.0,0.8451,0.8451
Chronopotentiometry,0.02,1800,10,1652.0,0.845,0.845
Chronopotentiometry,0.02,1800,10,1652.0,0.845,0.845
Chronopotentiometry,0.02,1800,10,1652.0,0.845,0.845
Chronopotentiometry,0.02,1800,10,1652.0,0.845,0.845
Chronopotentiometry,0.02,1800,10,1652.0,0.845,0.845
Chronopotentiometry,0.02,1800,10,1652.0,0.8449,0.8449
Chronopotentiometry,0.02,1800,10,1652.0,0.8451,0.8451
Chronopotentiometry,0.02,1800,10,1652.0,0.8451,0.8451
Chronopotentiometry,0.02,1800,10,1652.0,0.845,0.845
Chronopotentiometry,0.02,1800,10,1652.0,0.8451,0.8451
Chronopotentiometry,0.02,1800,10,1653.0,0.8452,0.8452
Chronopotentiometry,0.02,1800,10,1653.0,0.8451,0.8451
Chronopotentiometry,0.02,1800,10,1653.0,0.8449,0.8449
Chronopotentiometry,0.02,1800,10,1653.0,0.845,0.845
Chronopotentiometry,0.02,1800,10,1653.0,0.845,0.845
Chronopotentiometry,0.02,1800,10,1653.0,0.845,0.845
Chronopotentiometry,0.02,1800,10,1653.0,0.845,0.845
Chronopotentiometry,0.02,1800,10,1653.0,0.845,0.845
Chronopotentiometry,0.02,1800,10,1653.0,0.845,0.845
Chronopotentiometry,0.02,1800,10,1653.0,0.8451,0.8451
Chronopotentiometry,0.02,1800,10,1654.0,0.845,0.845
Chronopotentiometry,0.02,1800,10,1654.0,0.845,0.845
Chronopotentiometry,0.02,1800,10,1654.0,0.8451,0.8451
Chronopotentiometry,0.02,1800,10,1654.0,0.8451,0.8451
Chronopotentiometry,0.02,1800,10,1654.0,0.845,0.845
Chronopotentiometry,0.02,1800,10,1654.0,0.8451,0.8451
Chronopotentiometry,0.02,1800,10,1654.0,0.8451,0.8451
Chronopotentiometry,0.02,1800,10,1654.0,0.845,0.845
Chronopotentiometry,0.02,1800,10,1654.0,0.845,0.845
Chronopotentiometry,0.02,1800,10,1654.0,0.845,0.845
Chronopotentiometry,0.02,1800,10,1655.0,0.845,0.845
Chronopotentiometry,0.02,1800,10,1655.0,0.845,0.845
Chronopotentiometry,0.02,1800,10,1655.0,0.845,0.845
Chronopotentiometry,0.02,1800,10,1655.0,0.845,0.845
Chronopotentiometry,0.02,1800,10,1655.0,0.8451,0.8451
Chronopotentiometry,0.02,1800,10,1655.0,0.8451,0.8451
Chronopotentiometry,0.02,1800,10,1655.0,0.845,0.845
Chronopotentiometry,0.02,1800,10,1655.0,0.8451,0.8451
Chronopotentiometry,0.02,1800,10,1655.0,0.845,0.845
Chronopotentiometry,0.02,1800,10,1655.0,0.845,0.845
Chronopotentiometry,0.02,1800,10,1656.0,0.845,0.845
Chronopotentiometry,0.02,1800,10,1656.0,0.8451,0.8451
Chronopotentiometry,0.02,1800,10,1656.0,0.8451,0.8451
Chronopotentiometry,0.02,1800,10,1656.0,0.8451,0.8451
Chronopotentiometry,0.02,1800,10,1656.0,0.8452,0.8452
Chronopotentiometry,0.02,1800,10,1656.0,0.8452,0.8452
Chronopotentiometry,0.02,1800,10,1656.0,0.8452,0.8452
Chronopotentiometry,0.02,1800,10,1656.0,0.8452,0.8452
Chronopotentiometry,0.02,1800,10,1656.0,0.8451,0.8451
Chronopotentiometry,0.02,1800,10,1656.0,0.8451,0.8451
Chronopotentiometry,0.02,1800,10,1657.0,0.8452,0.8452
Chronopotentiometry,0.02,1800,10,1657.0,0.8451,0.8451
Chronopotentiometry,0.02,1800,10,1657.0,0.8451,0.8451
Chronopotentiometry,0.02,1800,10,1657.0,0.8451,0.8451
Chronopotentiometry,0.02,1800,10,1657.0,0.8452,0.8452
Chronopotentiometry,0.02,1800,10,1657.0,0.8452,0.8452
Chronopotentiometry,0.02,1800,10,1657.0,0.8452,0.8452
Chronopotentiometry,0.02,1800,10,1657.0,0.8452,0.8452
Chronopotentiometry,0.02,1800,10,1657.0,0.8452,0.8452
Chronopotentiometry,0.02,1800,10,1657.0,0.8452,0.8452
Chronopotentiometry,0.02,1800,10,1658.0,0.8452,0.8452
Chronopotentiometry,0.02,1800,10,1658.0,0.8451,0.8451
Chronopotentiometry,0.02,1800,10,1658.0,0.845,0.845
Chronopotentiometry,0.02,1800,10,1658.0,0.845,0.845
Chronopotentiometry,0.02,1800,10,1658.0,0.8451,0.8451
Chronopotentiometry,0.02,1800,10,1658.0,0.8451,0.8451
Chronopotentiometry,0.02,1800,10,1658.0,0.845,0.845
Chronopotentiometry,0.02,1800,10,1658.0,0.8451,0.8451
Chronopotentiometry,0.02,1800,10,1658.0,0.8451,0.8451
Chronopotentiometry,0.02,1800,10,1658.0,0.8451,0.8451
Chronopotentiometry,0.02,1800,10,1659.0,0.8451,0.8451
Chronopotentiometry,0.02,1800,10,1659.0,0.8452,0.8452
Chronopotentiometry,0.02,1800,10,1659.0,0.8451,0.8451
Chronopotentiometry,0.02,1800,10,1659.0,0.845,0.845
Chronopotentiometry,0.02,1800,10,1659.0,0.8451,0.8451
Chronopotentiometry,0.02,1800,10,1659.0,0.8452,0.8452
Chronopotentiometry,0.02,1800,10,1659.0,0.8451,0.8451
Chronopotentiometry,0.02,1800,10,1659.0,0.8452,0.8452
Chronopotentiometry,0.02,1800,10,1659.0,0.8453,0.8453
Chronopotentiometry,0.02,1800,10,1659.0,0.8452,0.8452
Chronopotentiometry,0.02,1800,10,1660.0,0.8452,0.8452
Chronopotentiometry,0.02,1800,10,1660.0,0.845,0.845
Chronopotentiometry,0.02,1800,10,1660.0,0.8451,0.8451
Chronopotentiometry,0.02,1800,10,1660.0,0.8452,0.8452
Chronopotentiometry,0.02,1800,10,1660.0,0.8452,0.8452
Chronopotentiometry,0.02,1800,10,1660.0,0.8451,0.8451
Chronopotentiometry,0.02,1800,10,1660.0,0.8451,0.8451
Chronopotentiometry,0.02,1800,10,1660.0,0.8452,0.8452
Chronopotentiometry,0.02,1800,10,1660.0,0.8453,0.8453
Chronopotentiometry,0.02,1800,10,1660.0,0.8452,0.8452
Chronopotentiometry,0.02,1800,10,1661.0,0.8452,0.8452
Chronopotentiometry,0.02,1800,10,1661.0,0.8451,0.8451
Chronopotentiometry,0.02,1800,10,1661.0,0.8451,0.8451
Chronopotentiometry,0.02,1800,10,1661.0,0.8451,0.8451
Chronopotentiometry,0.02,1800,10,1661.0,0.8451,0.8451
Chronopotentiometry,0.02,1800,10,1661.0,0.8451,0.8451
Chronopotentiometry,0.02,1800,10,1661.0,0.8451,0.8451
Chronopotentiometry,0.02,1800,10,1661.0,0.8451,0.8451
Chronopotentiometry,0.02,1800,10,1661.0,0.8452,0.8452
Chronopotentiometry,0.02,1800,10,1661.0,0.8452,0.8452
Chronopotentiometry,0.02,1800,10,1662.0,0.8452,0.8452
Chronopotentiometry,0.02,1800,10,1662.0,0.8452,0.8452
Chronopotentiometry,0.02,1800,10,1662.0,0.8451,0.8451
Chronopotentiometry,0.02,1800,10,1662.0,0.8452,0.8452
Chronopotentiometry,0.02,1800,10,1662.0,0.8451,0.8451
Chronopotentiometry,0.02,1800,10,1662.0,0.8452,0.8452
Chronopotentiometry,0.02,1800,10,1662.0,0.8452,0.8452
Chronopotentiometry,0.02,1800,10,1662.0,0.8452,0.8452
Chronopotentiometry,0.02,1800,10,1662.0,0.8452,0.8452
Chronopotentiometry,0.02,1800,10,1662.0,0.8453,0.8453
Chronopotentiometry,0.02,1800,10,1663.0,0.8453,0.8453
Chronopotentiometry,0.02,1800,10,1663.0,0.8452,0.8452
Chronopotentiometry,0.02,1800,10,1663.0,0.8451,0.8451
Chronopotentiometry,0.02,1800,10,1663.0,0.8452,0.8452
Chronopotentiometry,0.02,1800,10,1663.0,0.8452,0.8452
Chronopotentiometry,0.02,1800,10,1663.0,0.8452,0.8452
Chronopotentiometry,0.02,1800,10,1663.0,0.8452,0.8452
Chronopotentiometry,0.02,1800,10,1663.0,0.8452,0.8452
Chronopotentiometry,0.02,1800,10,1663.0,0.8451,0.8451
Chronopotentiometry,0.02,1800,10,1663.0,0.845,0.845
Chronopotentiometry,0.02,1800,10,1664.0,0.8451,0.8451
Chronopotentiometry,0.02,1800,10,1664.0,0.8451,0.8451
Chronopotentiometry,0.02,1800,10,1664.0,0.845,0.845
Chronopotentiometry,0.02,1800,10,1664.0,0.8451,0.8451
Chronopotentiometry,0.02,1800,10,1664.0,0.8451,0.8451
Chronopotentiometry,0.02,1800,10,1664.0,0.8451,0.8451
Chronopotentiometry,0.02,1800,10,1664.0,0.8451,0.8451
Chronopotentiometry,0.02,1800,10,1664.0,0.8451,0.8451
Chronopotentiometry,0.02,1800,10,1664.0,0.8452,0.8452
Chronopotentiometry,0.02,1800,10,1664.0,0.8452,0.8452
Chronopotentiometry,0.02,1800,10,1665.0,0.8452,0.8452
Chronopotentiometry,0.02,1800,10,1665.0,0.8452,0.8452
Chronopotentiometry,0.02,1800,10,1665.0,0.8452,0.8452
Chronopotentiometry,0.02,1800,10,1665.0,0.8452,0.8452
Chronopotentiometry,0.02,1800,10,1665.0,0.8452,0.8452
Chronopotentiometry,0.02,1800,10,1665.0,0.8452,0.8452
Chronopotentiometry,0.02,1800,10,1665.0,0.8452,0.8452
Chronopotentiometry,0.02,1800,10,1665.0,0.8451,0.8451
Chronopotentiometry,0.02,1800,10,1665.0,0.8451,0.8451
Chronopotentiometry,0.02,1800,10,1665.0,0.8451,0.8451
Chronopotentiometry,0.02,1800,10,1666.0,0.8451,0.8451
Chronopotentiometry,0.02,1800,10,1666.0,0.8451,0.8451
Chronopotentiometry,0.02,1800,10,1666.0,0.8452,0.8452
Chronopotentiometry,0.02,1800,10,1666.0,0.8452,0.8452
Chronopotentiometry,0.02,1800,10,1666.0,0.8451,0.8451
Chronopotentiometry,0.02,1800,10,1666.0,0.8452,0.8452
Chronopotentiometry,0.02,1800,10,1666.0,0.8451,0.8451
Chronopotentiometry,0.02,1800,10,1666.0,0.8451,0.8451
Chronopotentiometry,0.02,1800,10,1666.0,0.8451,0.8451
Chronopotentiometry,0.02,1800,10,1666.0,0.8451,0.8451
Chronopotentiometry,0.02,1800,10,1667.0,0.8451,0.8451
Chronopotentiometry,0.02,1800,10,1667.0,0.8451,0.8451
Chronopotentiometry,0.02,1800,10,1667.0,0.8451,0.8451
Chronopotentiometry,0.02,1800,10,1667.0,0.8451,0.8451
Chronopotentiometry,0.02,1800,10,1667.0,0.8452,0.8452
Chronopotentiometry,0.02,1800,10,1667.0,0.8452,0.8452
Chronopotentiometry,0.02,1800,10,1667.0,0.8451,0.8451
Chronopotentiometry,0.02,1800,10,1667.0,0.8452,0.8452
Chronopotentiometry,0.02,1800,10,1667.0,0.8451,0.8451
Chronopotentiometry,0.02,1800,10,1667.0,0.8451,0.8451
Chronopotentiometry,0.02,1800,10,1668.0,0.8452,0.8452
Chronopotentiometry,0.02,1800,10,1668.0,0.8452,0.8452
Chronopotentiometry,0.02,1800,10,1668.0,0.8453,0.8453
Chronopotentiometry,0.02,1800,10,1668.0,0.8452,0.8452
Chronopotentiometry,0.02,1800,10,1668.0,0.8451,0.8451
Chronopotentiometry,0.02,1800,10,1668.0,0.8451,0.8451
Chronopotentiometry,0.02,1800,10,1668.0,0.8451,0.8451
Chronopotentiometry,0.02,1800,10,1668.0,0.8451,0.8451
Chronopotentiometry,0.02,1800,10,1668.0,0.8452,0.8452
Chronopotentiometry,0.02,1800,10,1668.0,0.8452,0.8452
Chronopotentiometry,0.02,1800,10,1669.0,0.8452,0.8452
Chronopotentiometry,0.02,1800,10,1669.0,0.8452,0.8452
Chronopotentiometry,0.02,1800,10,1669.0,0.8452,0.8452
Chronopotentiometry,0.02,1800,10,1669.0,0.8452,0.8452
Chronopotentiometry,0.02,1800,10,1669.0,0.8451,0.8451
Chronopotentiometry,0.02,1800,10,1669.0,0.8451,0.8451
Chronopotentiometry,0.02,1800,10,1669.0,0.8452,0.8452
Chronopotentiometry,0.02,1800,10,1669.0,0.8452,0.8452
Chronopotentiometry,0.02,1800,10,1669.0,0.8451,0.8451
Chronopotentiometry,0.02,1800,10,1669.0,0.845,0.845
Chronopotentiometry,0.02,1800,10,1670.0,0.845,0.845
Chronopotentiometry,0.02,1800,10,1670.0,0.8451,0.8451
Chronopotentiometry,0.02,1800,10,1670.0,0.8451,0.8451
Chronopotentiometry,0.02,1800,10,1670.0,0.8451,0.8451
Chronopotentiometry,0.02,1800,10,1670.0,0.8451,0.8451
Chronopotentiometry,0.02,1800,10,1670.0,0.8451,0.8451
Chronopotentiometry,0.02,1800,10,1670.0,0.8451,0.8451
Chronopotentiometry,0.02,1800,10,1670.0,0.8451,0.8451
Chronopotentiometry,0.02,1800,10,1670.0,0.845,0.845
Chronopotentiometry,0.02,1800,10,1670.0,0.8451,0.8451
Chronopotentiometry,0.02,1800,10,1671.0,0.8452,0.8452
Chronopotentiometry,0.02,1800,10,1671.0,0.8451,0.8451
Chronopotentiometry,0.02,1800,10,1671.0,0.8451,0.8451
Chronopotentiometry,0.02,1800,10,1671.0,0.8452,0.8452
Chronopotentiometry,0.02,1800,10,1671.0,0.8452,0.8452
Chronopotentiometry,0.02,1800,10,1671.0,0.8451,0.8451
Chronopotentiometry,0.02,1800,10,1671.0,0.8452,0.8452
Chronopotentiometry,0.02,1800,10,1671.0,0.8451,0.8451
Chronopotentiometry,0.02,1800,10,1671.0,0.8452,0.8452
Chronopotentiometry,0.02,1800,10,1671.0,0.8451,0.8451
Chronopotentiometry,0.02,1800,10,1672.0,0.8452,0.8452
Chronopotentiometry,0.02,1800,10,1672.0,0.8452,0.8452
Chronopotentiometry,0.02,1800,10,1672.0,0.8452,0.8452
Chronopotentiometry,0.02,1800,10,1672.0,0.8452,0.8452
Chronopotentiometry,0.02,1800,10,1672.0,0.8452,0.8452
Chronopotentiometry,0.02,1800,10,1672.0,0.8451,0.8451
Chronopotentiometry,0.02,1800,10,1672.0,0.8452,0.8452
Chronopotentiometry,0.02,1800,10,1672.0,0.8452,0.8452
Chronopotentiometry,0.02,1800,10,1672.0,0.8452,0.8452
Chronopotentiometry,0.02,1800,10,1672.0,0.8451,0.8451
Chronopotentiometry,0.02,1800,10,1673.0,0.8451,0.8451
Chronopotentiometry,0.02,1800,10,1673.0,0.8451,0.8451
Chronopotentiometry,0.02,1800,10,1673.0,0.8452,0.8452
Chronopotentiometry,0.02,1800,10,1673.0,0.8452,0.8452
Chronopotentiometry,0.02,1800,10,1673.0,0.8452,0.8452
Chronopotentiometry,0.02,1800,10,1673.0,0.8452,0.8452
Chronopotentiometry,0.02,1800,10,1673.0,0.8452,0.8452
Chronopotentiometry,0.02,1800,10,1673.0,0.8452,0.8452
Chronopotentiometry,0.02,1800,10,1673.0,0.8452,0.8452
Chronopotentiometry,0.02,1800,10,1673.0,0.8453,0.8453
Chronopotentiometry,0.02,1800,10,1674.0,0.8452,0.8452
Chronopotentiometry,0.02,1800,10,1674.0,0.8453,0.8453
Chronopotentiometry,0.02,1800,10,1674.0,0.8451,0.8451
Chronopotentiometry,0.02,1800,10,1674.0,0.8451,0.8451
Chronopotentiometry,0.02,1800,10,1674.0,0.8451,0.8451
Chronopotentiometry,0.02,1800,10,1674.0,0.8452,0.8452
Chronopotentiometry,0.02,1800,10,1674.0,0.8452,0.8452
Chronopotentiometry,0.02,1800,10,1674.0,0.8452,0.8452
Chronopotentiometry,0.02,1800,10,1674.0,0.8451,0.8451
Chronopotentiometry,0.02,1800,10,1674.0,0.8451,0.8451
Chronopotentiometry,0.02,1800,10,1675.0,0.8452,0.8452
Chronopotentiometry,0.02,1800,10,1675.0,0.8452,0.8452
Chronopotentiometry,0.02,1800,10,1675.0,0.8452,0.8452
Chronopotentiometry,0.02,1800,10,1675.0,0.8453,0.8453
Chronopotentiometry,0.02,1800,10,1675.0,0.8453,0.8453
Chronopotentiometry,0.02,1800,10,1675.0,0.8452,0.8452
Chronopotentiometry,0.02,1800,10,1675.0,0.8452,0.8452
Chronopotentiometry,0.02,1800,10,1675.0,0.8452,0.8452
Chronopotentiometry,0.02,1800,10,1675.0,0.8452,0.8452
Chronopotentiometry,0.02,1800,10,1675.0,0.8451,0.8451
Chronopotentiometry,0.02,1800,10,1676.0,0.8451,0.8451
Chronopotentiometry,0.02,1800,10,1676.0,0.8452,0.8452
Chronopotentiometry,0.02,1800,10,1676.0,0.8452,0.8452
Chronopotentiometry,0.02,1800,10,1676.0,0.8452,0.8452
Chronopotentiometry,0.02,1800,10,1676.0,0.8452,0.8452
Chronopotentiometry,0.02,1800,10,1676.0,0.8451,0.8451
Chronopotentiometry,0.02,1800,10,1676.0,0.8452,0.8452
Chronopotentiometry,0.02,1800,10,1676.0,0.8453,0.8453
Chronopotentiometry,0.02,1800,10,1676.0,0.8453,0.8453
Chronopotentiometry,0.02,1800,10,1676.0,0.8452,0.8452
Chronopotentiometry,0.02,1800,10,1677.0,0.8451,0.8451
Chronopotentiometry,0.02,1800,10,1677.0,0.8452,0.8452
Chronopotentiometry,0.02,1800,10,1677.0,0.8452,0.8452
Chronopotentiometry,0.02,1800,10,1677.0,0.8452,0.8452
Chronopotentiometry,0.02,1800,10,1677.0,0.8452,0.8452
Chronopotentiometry,0.02,1800,10,1677.0,0.8452,0.8452
Chronopotentiometry,0.02,1800,10,1677.0,0.8452,0.8452
Chronopotentiometry,0.02,1800,10,1677.0,0.8452,0.8452
Chronopotentiometry,0.02,1800,10,1677.0,0.8452,0.8452
Chronopotentiometry,0.02,1800,10,1677.0,0.8452,0.8452
Chronopotentiometry,0.02,1800,10,1678.0,0.8452,0.8452
Chronopotentiometry,0.02,1800,10,1678.0,0.8452,0.8452
Chronopotentiometry,0.02,1800,10,1678.0,0.8452,0.8452
Chronopotentiometry,0.02,1800,10,1678.0,0.8452,0.8452
Chronopotentiometry,0.02,1800,10,1678.0,0.8452,0.8452
Chronopotentiometry,0.02,1800,10,1678.0,0.8452,0.8452
Chronopotentiometry,0.02,1800,10,1678.0,0.8452,0.8452
Chronopotentiometry,0.02,1800,10,1678.0,0.8452,0.8452
Chronopotentiometry,0.02,1800,10,1678.0,0.8453,0.8453
Chronopotentiometry,0.02,1800,10,1678.0,0.8453,0.8453
Chronopotentiometry,0.02,1800,10,1679.0,0.8453,0.8453
Chronopotentiometry,0.02,1800,10,1679.0,0.8453,0.8453
Chronopotentiometry,0.02,1800,10,1679.0,0.8453,0.8453
Chronopotentiometry,0.02,1800,10,1679.0,0.8453,0.8453
Chronopotentiometry,0.02,1800,10,1679.0,0.8453,0.8453
Chronopotentiometry,0.02,1800,10,1679.0,0.8453,0.8453
Chronopotentiometry,0.02,1800,10,1679.0,0.8452,0.8452
Chronopotentiometry,0.02,1800,10,1679.0,0.8453,0.8453
Chronopotentiometry,0.02,1800,10,1679.0,0.8453,0.8453
Chronopotentiometry,0.02,1800,10,1679.0,0.8453,0.8453
Chronopotentiometry,0.02,1800,10,1680.0,0.8453,0.8453
Chronopotentiometry,0.02,1800,10,1680.0,0.8453,0.8453
Chronopotentiometry,0.02,1800,10,1680.0,0.8453,0.8453
Chronopotentiometry,0.02,1800,10,1680.0,0.8452,0.8452
Chronopotentiometry,0.02,1800,10,1680.0,0.8452,0.8452
Chronopotentiometry,0.02,1800,10,1680.0,0.8453,0.8453
Chronopotentiometry,0.02,1800,10,1680.0,0.8453,0.8453
Chronopotentiometry,0.02,1800,10,1680.0,0.8452,0.8452
Chronopotentiometry,0.02,1800,10,1680.0,0.8452,0.8452
Chronopotentiometry,0.02,1800,10,1680.0,0.8452,0.8452
Chronopotentiometry,0.02,1800,10,1681.0,0.8453,0.8453
Chronopotentiometry,0.02,1800,10,1681.0,0.8453,0.8453
Chronopotentiometry,0.02,1800,10,1681.0,0.8453,0.8453
Chronopotentiometry,0.02,1800,10,1681.0,0.8453,0.8453
Chronopotentiometry,0.02,1800,10,1681.0,0.8453,0.8453
Chronopotentiometry,0.02,1800,10,1681.0,0.8453,0.8453
Chronopotentiometry,0.02,1800,10,1681.0,0.8453,0.8453
Chronopotentiometry,0.02,1800,10,1681.0,0.8453,0.8453
Chronopotentiometry,0.02,1800,10,1681.0,0.8453,0.8453
Chronopotentiometry,0.02,1800,10,1681.0,0.8453,0.8453
Chronopotentiometry,0.02,1800,10,1682.0,0.8453,0.8453
Chronopotentiometry,0.02,1800,10,1682.0,0.8453,0.8453
Chronopotentiometry,0.02,1800,10,1682.0,0.8453,0.8453
Chronopotentiometry,0.02,1800,10,1682.0,0.8454,0.8454
Chronopotentiometry,0.02,1800,10,1682.0,0.8453,0.8453
Chronopotentiometry,0.02,1800,10,1682.0,0.8453,0.8453
Chronopotentiometry,0.02,1800,10,1682.0,0.8453,0.8453
Chronopotentiometry,0.02,1800,10,1682.0,0.8453,0.8453
Chronopotentiometry,0.02,1800,10,1682.0,0.8454,0.8454
Chronopotentiometry,0.02,1800,10,1682.0,0.8454,0.8454
Chronopotentiometry,0.02,1800,10,1683.0,0.8454,0.8454
Chronopotentiometry,0.02,1800,10,1683.0,0.8453,0.8453
Chronopotentiometry,0.02,1800,10,1683.0,0.8454,0.8454
Chronopotentiometry,0.02,1800,10,1683.0,0.8453,0.8453
Chronopotentiometry,0.02,1800,10,1683.0,0.8454,0.8454
Chronopotentiometry,0.02,1800,10,1683.0,0.8454,0.8454
Chronopotentiometry,0.02,1800,10,1683.0,0.8454,0.8454
Chronopotentiometry,0.02,1800,10,1683.0,0.8453,0.8453
Chronopotentiometry,0.02,1800,10,1683.0,0.8452,0.8452
Chronopotentiometry,0.02,1800,10,1683.0,0.8453,0.8453
Chronopotentiometry,0.02,1800,10,1684.0,0.8453,0.8453
Chronopotentiometry,0.02,1800,10,1684.0,0.8453,0.8453
Chronopotentiometry,0.02,1800,10,1684.0,0.8453,0.8453
Chronopotentiometry,0.02,1800,10,1684.0,0.8453,0.8453
Chronopotentiometry,0.02,1800,10,1684.0,0.8453,0.8453
Chronopotentiometry,0.02,1800,10,1684.0,0.8453,0.8453
Chronopotentiometry,0.02,1800,10,1684.0,0.8453,0.8453
Chronopotentiometry,0.02,1800,10,1684.0,0.8452,0.8452
Chronopotentiometry,0.02,1800,10,1684.0,0.8453,0.8453
Chronopotentiometry,0.02,1800,10,1684.0,0.8453,0.8453
Chronopotentiometry,0.02,1800,10,1685.0,0.8453,0.8453
Chronopotentiometry,0.02,1800,10,1685.0,0.8453,0.8453
Chronopotentiometry,0.02,1800,10,1685.0,0.8453,0.8453
Chronopotentiometry,0.02,1800,10,1685.0,0.8454,0.8454
Chronopotentiometry,0.02,1800,10,1685.0,0.8454,0.8454
Chronopotentiometry,0.02,1800,10,1685.0,0.8454,0.8454
Chronopotentiometry,0.02,1800,10,1685.0,0.8454,0.8454
Chronopotentiometry,0.02,1800,10,1685.0,0.8455,0.8455
Chronopotentiometry,0.02,1800,10,1685.0,0.8455,0.8455
Chronopotentiometry,0.02,1800,10,1685.0,0.8454,0.8454
Chronopotentiometry,0.02,1800,10,1686.0,0.8454,0.8454
Chronopotentiometry,0.02,1800,10,1686.0,0.8454,0.8454
Chronopotentiometry,0.02,1800,10,1686.0,0.8454,0.8454
Chronopotentiometry,0.02,1800,10,1686.0,0.8453,0.8453
Chronopotentiometry,0.02,1800,10,1686.0,0.8454,0.8454
Chronopotentiometry,0.02,1800,10,1686.0,0.8455,0.8455
Chronopotentiometry,0.02,1800,10,1686.0,0.8454,0.8454
Chronopotentiometry,0.02,1800,10,1686.0,0.8453,0.8453
Chronopotentiometry,0.02,1800,10,1686.0,0.8453,0.8453
Chronopotentiometry,0.02,1800,10,1686.0,0.8452,0.8452
Chronopotentiometry,0.02,1800,10,1687.0,0.8453,0.8453
Chronopotentiometry,0.02,1800,10,1687.0,0.8454,0.8454
Chronopotentiometry,0.02,1800,10,1687.0,0.8453,0.8453
Chronopotentiometry,0.02,1800,10,1687.0,0.8452,0.8452
Chronopotentiometry,0.02,1800,10,1687.0,0.8452,0.8452
Chronopotentiometry,0.02,1800,10,1687.0,0.8452,0.8452
Chronopotentiometry,0.02,1800,10,1687.0,0.8452,0.8452
Chronopotentiometry,0.02,1800,10,1687.0,0.8453,0.8453
Chronopotentiometry,0.02,1800,10,1687.0,0.8453,0.8453
Chronopotentiometry,0.02,1800,10,1687.0,0.8454,0.8454
Chronopotentiometry,0.02,1800,10,1688.0,0.8454,0.8454
Chronopotentiometry,0.02,1800,10,1688.0,0.8454,0.8454
Chronopotentiometry,0.02,1800,10,1688.0,0.8454,0.8454
Chronopotentiometry,0.02,1800,10,1688.0,0.8454,0.8454
Chronopotentiometry,0.02,1800,10,1688.0,0.8454,0.8454
Chronopotentiometry,0.02,1800,10,1688.0,0.8454,0.8454
Chronopotentiometry,0.02,1800,10,1688.0,0.8454,0.8454
Chronopotentiometry,0.02,1800,10,1688.0,0.8453,0.8453
Chronopotentiometry,0.02,1800,10,1688.0,0.8453,0.8453
Chronopotentiometry,0.02,1800,10,1688.0,0.8453,0.8453
Chronopotentiometry,0.02,1800,10,1689.0,0.8455,0.8455
Chronopotentiometry,0.02,1800,10,1689.0,0.8454,0.8454
Chronopotentiometry,0.02,1800,10,1689.0,0.8454,0.8454
Chronopotentiometry,0.02,1800,10,1689.0,0.8454,0.8454
Chronopotentiometry,0.02,1800,10,1689.0,0.8454,0.8454
Chronopotentiometry,0.02,1800,10,1689.0,0.8454,0.8454
Chronopotentiometry,0.02,1800,10,1689.0,0.8453,0.8453
Chronopotentiometry,0.02,1800,10,1689.0,0.8453,0.8453
Chronopotentiometry,0.02,1800,10,1689.0,0.8453,0.8453
Chronopotentiometry,0.02,1800,10,1689.0,0.8453,0.8453
Chronopotentiometry,0.02,1800,10,1690.0,0.8453,0.8453
Chronopotentiometry,0.02,1800,10,1690.0,0.8452,0.8452
Chronopotentiometry,0.02,1800,10,1690.0,0.8452,0.8452
Chronopotentiometry,0.02,1800,10,1690.0,0.8453,0.8453
Chronopotentiometry,0.02,1800,10,1690.0,0.8453,0.8453
Chronopotentiometry,0.02,1800,10,1690.0,0.8453,0.8453
Chronopotentiometry,0.02,1800,10,1690.0,0.8454,0.8454
Chronopotentiometry,0.02,1800,10,1690.0,0.8453,0.8453
Chronopotentiometry,0.02,1800,10,1690.0,0.8454,0.8454
Chronopotentiometry,0.02,1800,10,1690.0,0.8454,0.8454
Chronopotentiometry,0.02,1800,10,1691.0,0.8454,0.8454
Chronopotentiometry,0.02,1800,10,1691.0,0.8454,0.8454
Chronopotentiometry,0.02,1800,10,1691.0,0.8453,0.8453
Chronopotentiometry,0.02,1800,10,1691.0,0.8453,0.8453
Chronopotentiometry,0.02,1800,10,1691.0,0.8453,0.8453
Chronopotentiometry,0.02,1800,10,1691.0,0.8454,0.8454
Chronopotentiometry,0.02,1800,10,1691.0,0.8453,0.8453
Chronopotentiometry,0.02,1800,10,1691.0,0.8454,0.8454
Chronopotentiometry,0.02,1800,10,1691.0,0.8453,0.8453
Chronopotentiometry,0.02,1800,10,1691.0,0.8453,0.8453
Chronopotentiometry,0.02,1800,10,1692.0,0.8453,0.8453
Chronopotentiometry,0.02,1800,10,1692.0,0.8453,0.8453
Chronopotentiometry,0.02,1800,10,1692.0,0.8453,0.8453
Chronopotentiometry,0.02,1800,10,1692.0,0.8453,0.8453
Chronopotentiometry,0.02,1800,10,1692.0,0.8453,0.8453
Chronopotentiometry,0.02,1800,10,1692.0,0.8452,0.8452
Chronopotentiometry,0.02,1800,10,1692.0,0.8452,0.8452
Chronopotentiometry,0.02,1800,10,1692.0,0.8452,0.8452
Chronopotentiometry,0.02,1800,10,1692.0,0.8453,0.8453
Chronopotentiometry,0.02,1800,10,1692.0,0.8453,0.8453
Chronopotentiometry,0.02,1800,10,1693.0,0.8453,0.8453
Chronopotentiometry,0.02,1800,10,1693.0,0.8453,0.8453
Chronopotentiometry,0.02,1800,10,1693.0,0.8453,0.8453
Chronopotentiometry,0.02,1800,10,1693.0,0.8453,0.8453
Chronopotentiometry,0.02,1800,10,1693.0,0.8453,0.8453
Chronopotentiometry,0.02,1800,10,1693.0,0.8453,0.8453
Chronopotentiometry,0.02,1800,10,1693.0,0.8453,0.8453
Chronopotentiometry,0.02,1800,10,1693.0,0.8453,0.8453
Chronopotentiometry,0.02,1800,10,1693.0,0.8453,0.8453
Chronopotentiometry,0.02,1800,10,1693.0,0.8453,0.8453
Chronopotentiometry,0.02,1800,10,1694.0,0.8452,0.8452
Chronopotentiometry,0.02,1800,10,1694.0,0.8452,0.8452
Chronopotentiometry,0.02,1800,10,1694.0,0.8453,0.8453
Chronopotentiometry,0.02,1800,10,1694.0,0.8453,0.8453
Chronopotentiometry,0.02,1800,10,1694.0,0.8454,0.8454
Chronopotentiometry,0.02,1800,10,1694.0,0.8453,0.8453
Chronopotentiometry,0.02,1800,10,1694.0,0.8452,0.8452
Chronopotentiometry,0.02,1800,10,1694.0,0.8453,0.8453
Chronopotentiometry,0.02,1800,10,1694.0,0.8452,0.8452
Chronopotentiometry,0.02,1800,10,1694.0,0.8453,0.8453
Chronopotentiometry,0.02,1800,10,1695.0,0.8454,0.8454
Chronopotentiometry,0.02,1800,10,1695.0,0.8453,0.8453
Chronopotentiometry,0.02,1800,10,1695.0,0.8454,0.8454
Chronopotentiometry,0.02,1800,10,1695.0,0.8454,0.8454
Chronopotentiometry,0.02,1800,10,1695.0,0.8454,0.8454
Chronopotentiometry,0.02,1800,10,1695.0,0.8454,0.8454
Chronopotentiometry,0.02,1800,10,1695.0,0.8453,0.8453
Chronopotentiometry,0.02,1800,10,1695.0,0.8453,0.8453
Chronopotentiometry,0.02,1800,10,1695.0,0.8453,0.8453
Chronopotentiometry,0.02,1800,10,1695.0,0.8453,0.8453
Chronopotentiometry,0.02,1800,10,1696.0,0.8452,0.8452
Chronopotentiometry,0.02,1800,10,1696.0,0.8453,0.8453
Chronopotentiometry,0.02,1800,10,1696.0,0.8453,0.8453
Chronopotentiometry,0.02,1800,10,1696.0,0.8453,0.8453
Chronopotentiometry,0.02,1800,10,1696.0,0.8454,0.8454
Chronopotentiometry,0.02,1800,10,1696.0,0.8454,0.8454
Chronopotentiometry,0.02,1800,10,1696.0,0.8454,0.8454
Chronopotentiometry,0.02,1800,10,1696.0,0.8454,0.8454
Chronopotentiometry,0.02,1800,10,1696.0,0.8454,0.8454
Chronopotentiometry,0.02,1800,10,1696.0,0.8455,0.8455
Chronopotentiometry,0.02,1800,10,1697.0,0.8455,0.8455
Chronopotentiometry,0.02,1800,10,1697.0,0.8454,0.8454
Chronopotentiometry,0.02,1800,10,1697.0,0.8453,0.8453
Chronopotentiometry,0.02,1800,10,1697.0,0.8453,0.8453
Chronopotentiometry,0.02,1800,10,1697.0,0.8454,0.8454
Chronopotentiometry,0.02,1800,10,1697.0,0.8455,0.8455
Chronopotentiometry,0.02,1800,10,1697.0,0.8455,0.8455
Chronopotentiometry,0.02,1800,10,1697.0,0.8454,0.8454
Chronopotentiometry,0.02,1800,10,1697.0,0.8454,0.8454
Chronopotentiometry,0.02,1800,10,1697.0,0.8454,0.8454
Chronopotentiometry,0.02,1800,10,1698.0,0.8454,0.8454
Chronopotentiometry,0.02,1800,10,1698.0,0.8454,0.8454
Chronopotentiometry,0.02,1800,10,1698.0,0.8454,0.8454
Chronopotentiometry,0.02,1800,10,1698.0,0.8455,0.8455
Chronopotentiometry,0.02,1800,10,1698.0,0.8455,0.8455
Chronopotentiometry,0.02,1800,10,1698.0,0.8455,0.8455
Chronopotentiometry,0.02,1800,10,1698.0,0.8455,0.8455
Chronopotentiometry,0.02,1800,10,1698.0,0.8455,0.8455
Chronopotentiometry,0.02,1800,10,1698.0,0.8456,0.8456
Chronopotentiometry,0.02,1800,10,1698.0,0.8455,0.8455
Chronopotentiometry,0.02,1800,10,1699.0,0.8455,0.8455
Chronopotentiometry,0.02,1800,10,1699.0,0.8455,0.8455
Chronopotentiometry,0.02,1800,10,1699.0,0.8455,0.8455
Chronopotentiometry,0.02,1800,10,1699.0,0.8453,0.8453
Chronopotentiometry,0.02,1800,10,1699.0,0.8454,0.8454
Chronopotentiometry,0.02,1800,10,1699.0,0.8454,0.8454
Chronopotentiometry,0.02,1800,10,1699.0,0.8454,0.8454
Chronopotentiometry,0.02,1800,10,1699.0,0.8454,0.8454
Chronopotentiometry,0.02,1800,10,1699.0,0.8455,0.8455
Chronopotentiometry,0.02,1800,10,1699.0,0.8454,0.8454
Chronopotentiometry,0.02,1800,10,1700.0,0.8454,0.8454
Chronopotentiometry,0.02,1800,10,1700.0,0.8454,0.8454
Chronopotentiometry,0.02,1800,10,1700.0,0.8454,0.8454
Chronopotentiometry,0.02,1800,10,1700.0,0.8454,0.8454
Chronopotentiometry,0.02,1800,10,1700.0,0.8454,0.8454
Chronopotentiometry,0.02,1800,10,1700.0,0.8455,0.8455
Chronopotentiometry,0.02,1800,10,1700.0,0.8455,0.8455
Chronopotentiometry,0.02,1800,10,1700.0,0.8454,0.8454
Chronopotentiometry,0.02,1800,10,1700.0,0.8453,0.8453
Chronopotentiometry,0.02,1800,10,1700.0,0.8453,0.8453
Chronopotentiometry,0.02,1800,10,1701.0,0.8453,0.8453
Chronopotentiometry,0.02,1800,10,1701.0,0.8453,0.8453
Chronopotentiometry,0.02,1800,10,1701.0,0.8453,0.8453
Chronopotentiometry,0.02,1800,10,1701.0,0.8453,0.8453
Chronopotentiometry,0.02,1800,10,1701.0,0.8453,0.8453
Chronopotentiometry,0.02,1800,10,1701.0,0.8454,0.8454
Chronopotentiometry,0.02,1800,10,1701.0,0.8454,0.8454
Chronopotentiometry,0.02,1800,10,1701.0,0.8454,0.8454
Chronopotentiometry,0.02,1800,10,1701.0,0.8454,0.8454
Chronopotentiometry,0.02,1800,10,1701.0,0.8454,0.8454
Chronopotentiometry,0.02,1800,10,1702.0,0.8454,0.8454
Chronopotentiometry,0.02,1800,10,1702.0,0.8455,0.8455
Chronopotentiometry,0.02,1800,10,1702.0,0.8455,0.8455
Chronopotentiometry,0.02,1800,10,1702.0,0.8454,0.8454
Chronopotentiometry,0.02,1800,10,1702.0,0.8454,0.8454
Chronopotentiometry,0.02,1800,10,1702.0,0.8455,0.8455
Chronopotentiometry,0.02,1800,10,1702.0,0.8455,0.8455
Chronopotentiometry,0.02,1800,10,1702.0,0.8454,0.8454
Chronopotentiometry,0.02,1800,10,1702.0,0.8455,0.8455
Chronopotentiometry,0.02,1800,10,1702.0,0.8454,0.8454
Chronopotentiometry,0.02,1800,10,1703.0,0.8455,0.8455
Chronopotentiometry,0.02,1800,10,1703.0,0.8455,0.8455
Chronopotentiometry,0.02,1800,10,1703.0,0.8455,0.8455
Chronopotentiometry,0.02,1800,10,1703.0,0.8454,0.8454
Chronopotentiometry,0.02,1800,10,1703.0,0.8456,0.8456
Chronopotentiometry,0.02,1800,10,1703.0,0.8456,0.8456
Chronopotentiometry,0.02,1800,10,1703.0,0.8455,0.8455
Chronopotentiometry,0.02,1800,10,1703.0,0.8454,0.8454
Chronopotentiometry,0.02,1800,10,1703.0,0.8454,0.8454
Chronopotentiometry,0.02,1800,10,1703.0,0.8454,0.8454
Chronopotentiometry,0.02,1800,10,1704.0,0.8454,0.8454
Chronopotentiometry,0.02,1800,10,1704.0,0.8454,0.8454
Chronopotentiometry,0.02,1800,10,1704.0,0.8454,0.8454
Chronopotentiometry,0.02,1800,10,1704.0,0.8453,0.8453
Chronopotentiometry,0.02,1800,10,1704.0,0.8454,0.8454
Chronopotentiometry,0.02,1800,10,1704.0,0.8454,0.8454
Chronopotentiometry,0.02,1800,10,1704.0,0.8454,0.8454
Chronopotentiometry,0.02,1800,10,1704.0,0.8454,0.8454
Chronopotentiometry,0.02,1800,10,1704.0,0.8453,0.8453
Chronopotentiometry,0.02,1800,10,1704.0,0.8454,0.8454
Chronopotentiometry,0.02,1800,10,1705.0,0.8453,0.8453
Chronopotentiometry,0.02,1800,10,1705.0,0.8453,0.8453
Chronopotentiometry,0.02,1800,10,1705.0,0.8454,0.8454
Chronopotentiometry,0.02,1800,10,1705.0,0.8454,0.8454
Chronopotentiometry,0.02,1800,10,1705.0,0.8455,0.8455
Chronopotentiometry,0.02,1800,10,1705.0,0.8454,0.8454
Chronopotentiometry,0.02,1800,10,1705.0,0.8453,0.8453
Chronopotentiometry,0.02,1800,10,1705.0,0.8454,0.8454
Chronopotentiometry,0.02,1800,10,1705.0,0.8454,0.8454
Chronopotentiometry,0.02,1800,10,1705.0,0.8454,0.8454
Chronopotentiometry,0.02,1800,10,1706.0,0.8454,0.8454
Chronopotentiometry,0.02,1800,10,1706.0,0.8455,0.8455
Chronopotentiometry,0.02,1800,10,1706.0,0.8455,0.8455
Chronopotentiometry,0.02,1800,10,1706.0,0.8454,0.8454
Chronopotentiometry,0.02,1800,10,1706.0,0.8454,0.8454
Chronopotentiometry,0.02,1800,10,1706.0,0.8455,0.8455
Chronopotentiometry,0.02,1800,10,1706.0,0.8455,0.8455
Chronopotentiometry,0.02,1800,10,1706.0,0.8455,0.8455
Chronopotentiometry,0.02,1800,10,1706.0,0.8455,0.8455
Chronopotentiometry,0.02,1800,10,1706.0,0.8455,0.8455
Chronopotentiometry,0.02,1800,10,1707.0,0.8455,0.8455
Chronopotentiometry,0.02,1800,10,1707.0,0.8455,0.8455
Chronopotentiometry,0.02,1800,10,1707.0,0.8455,0.8455
Chronopotentiometry,0.02,1800,10,1707.0,0.8454,0.8454
Chronopotentiometry,0.02,1800,10,1707.0,0.8454,0.8454
Chronopotentiometry,0.02,1800,10,1707.0,0.8454,0.8454
Chronopotentiometry,0.02,1800,10,1707.0,0.8455,0.8455
Chronopotentiometry,0.02,1800,10,1707.0,0.8455,0.8455
Chronopotentiometry,0.02,1800,10,1707.0,0.8455,0.8455
Chronopotentiometry,0.02,1800,10,1707.0,0.8455,0.8455
Chronopotentiometry,0.02,1800,10,1708.0,0.8455,0.8455
Chronopotentiometry,0.02,1800,10,1708.0,0.8455,0.8455
Chronopotentiometry,0.02,1800,10,1708.0,0.8455,0.8455
Chronopotentiometry,0.02,1800,10,1708.0,0.8454,0.8454
Chronopotentiometry,0.02,1800,10,1708.0,0.8455,0.8455
Chronopotentiometry,0.02,1800,10,1708.0,0.8456,0.8456
Chronopotentiometry,0.02,1800,10,1708.0,0.8456,0.8456
Chronopotentiometry,0.02,1800,10,1708.0,0.8456,0.8456
Chronopotentiometry,0.02,1800,10,1708.0,0.8454,0.8454
Chronopotentiometry,0.02,1800,10,1708.0,0.8455,0.8455
Chronopotentiometry,0.02,1800,10,1709.0,0.8455,0.8455
Chronopotentiometry,0.02,1800,10,1709.0,0.8454,0.8454
Chronopotentiometry,0.02,1800,10,1709.0,0.8455,0.8455
Chronopotentiometry,0.02,1800,10,1709.0,0.8455,0.8455
Chronopotentiometry,0.02,1800,10,1709.0,0.8455,0.8455
Chronopotentiometry,0.02,1800,10,1709.0,0.8456,0.8456
Chronopotentiometry,0.02,1800,10,1709.0,0.8455,0.8455
Chronopotentiometry,0.02,1800,10,1709.0,0.8455,0.8455
Chronopotentiometry,0.02,1800,10,1709.0,0.8457,0.8457
Chronopotentiometry,0.02,1800,10,1709.0,0.8455,0.8455
Chronopotentiometry,0.02,1800,10,1710.0,0.8455,0.8455
Chronopotentiometry,0.02,1800,10,1710.0,0.8455,0.8455
Chronopotentiometry,0.02,1800,10,1710.0,0.8455,0.8455
Chronopotentiometry,0.02,1800,10,1710.0,0.8455,0.8455
Chronopotentiometry,0.02,1800,10,1710.0,0.8455,0.8455
Chronopotentiometry,0.02,1800,10,1710.0,0.8455,0.8455
Chronopotentiometry,0.02,1800,10,1710.0,0.8455,0.8455
Chronopotentiometry,0.02,1800,10,1710.0,0.8456,0.8456
Chronopotentiometry,0.02,1800,10,1710.0,0.8455,0.8455
Chronopotentiometry,0.02,1800,10,1710.0,0.8455,0.8455
Chronopotentiometry,0.02,1800,10,1711.0,0.8455,0.8455
Chronopotentiometry,0.02,1800,10,1711.0,0.8454,0.8454
Chronopotentiometry,0.02,1800,10,1711.0,0.8455,0.8455
Chronopotentiometry,0.02,1800,10,1711.0,0.8455,0.8455
Chronopotentiometry,0.02,1800,10,1711.0,0.8455,0.8455
Chronopotentiometry,0.02,1800,10,1711.0,0.8455,0.8455
Chronopotentiometry,0.02,1800,10,1711.0,0.8454,0.8454
Chronopotentiometry,0.02,1800,10,1711.0,0.8455,0.8455
Chronopotentiometry,0.02,1800,10,1711.0,0.8455,0.8455
Chronopotentiometry,0.02,1800,10,1711.0,0.8455,0.8455
Chronopotentiometry,0.02,1800,10,1712.0,0.8455,0.8455
Chronopotentiometry,0.02,1800,10,1712.0,0.8455,0.8455
Chronopotentiometry,0.02,1800,10,1712.0,0.8454,0.8454
Chronopotentiometry,0.02,1800,10,1712.0,0.8455,0.8455
Chronopotentiometry,0.02,1800,10,1712.0,0.8455,0.8455
Chronopotentiometry,0.02,1800,10,1712.0,0.8455,0.8455
Chronopotentiometry,0.02,1800,10,1712.0,0.8455,0.8455
Chronopotentiometry,0.02,1800,10,1712.0,0.8455,0.8455
Chronopotentiometry,0.02,1800,10,1712.0,0.8455,0.8455
Chronopotentiometry,0.02,1800,10,1712.0,0.8455,0.8455
Chronopotentiometry,0.02,1800,10,1713.0,0.8456,0.8456
Chronopotentiometry,0.02,1800,10,1713.0,0.8456,0.8456
Chronopotentiometry,0.02,1800,10,1713.0,0.8455,0.8455
Chronopotentiometry,0.02,1800,10,1713.0,0.8456,0.8456
Chronopotentiometry,0.02,1800,10,1713.0,0.8456,0.8456
Chronopotentiometry,0.02,1800,10,1713.0,0.8455,0.8455
Chronopotentiometry,0.02,1800,10,1713.0,0.8455,0.8455
Chronopotentiometry,0.02,1800,10,1713.0,0.8454,0.8454
Chronopotentiometry,0.02,1800,10,1713.0,0.8454,0.8454
Chronopotentiometry,0.02,1800,10,1713.0,0.8455,0.8455
Chronopotentiometry,0.02,1800,10,1714.0,0.8456,0.8456
Chronopotentiometry,0.02,1800,10,1714.0,0.8457,0.8457
Chronopotentiometry,0.02,1800,10,1714.0,0.8457,0.8457
Chronopotentiometry,0.02,1800,10,1714.0,0.8456,0.8456
Chronopotentiometry,0.02,1800,10,1714.0,0.8455,0.8455
Chronopotentiometry,0.02,1800,10,1714.0,0.8454,0.8454
Chronopotentiometry,0.02,1800,10,1714.0,0.8455,0.8455
Chronopotentiometry,0.02,1800,10,1714.0,0.8455,0.8455
Chronopotentiometry,0.02,1800,10,1714.0,0.8455,0.8455
Chronopotentiometry,0.02,1800,10,1714.0,0.8456,0.8456
Chronopotentiometry,0.02,1800,10,1715.0,0.8455,0.8455
Chronopotentiometry,0.02,1800,10,1715.0,0.8455,0.8455
Chronopotentiometry,0.02,1800,10,1715.0,0.8455,0.8455
Chronopotentiometry,0.02,1800,10,1715.0,0.8455,0.8455
Chronopotentiometry,0.02,1800,10,1715.0,0.8456,0.8456
Chronopotentiometry,0.02,1800,10,1715.0,0.8455,0.8455
Chronopotentiometry,0.02,1800,10,1715.0,0.8456,0.8456
Chronopotentiometry,0.02,1800,10,1715.0,0.8456,0.8456
Chronopotentiometry,0.02,1800,10,1715.0,0.8455,0.8455
Chronopotentiometry,0.02,1800,10,1715.0,0.8455,0.8455
Chronopotentiometry,0.02,1800,10,1716.0,0.8456,0.8456
Chronopotentiometry,0.02,1800,10,1716.0,0.8454,0.8454
Chronopotentiometry,0.02,1800,10,1716.0,0.8454,0.8454
Chronopotentiometry,0.02,1800,10,1716.0,0.8454,0.8454
Chronopotentiometry,0.02,1800,10,1716.0,0.8454,0.8454
Chronopotentiometry,0.02,1800,10,1716.0,0.8455,0.8455
Chronopotentiometry,0.02,1800,10,1716.0,0.8456,0.8456
Chronopotentiometry,0.02,1800,10,1716.0,0.8455,0.8455
Chronopotentiometry,0.02,1800,10,1716.0,0.8456,0.8456
Chronopotentiometry,0.02,1800,10,1716.0,0.8455,0.8455
Chronopotentiometry,0.02,1800,10,1717.0,0.8455,0.8455
Chronopotentiometry,0.02,1800,10,1717.0,0.8455,0.8455
Chronopotentiometry,0.02,1800,10,1717.0,0.8456,0.8456
Chronopotentiometry,0.02,1800,10,1717.0,0.8456,0.8456
Chronopotentiometry,0.02,1800,10,1717.0,0.8455,0.8455
Chronopotentiometry,0.02,1800,10,1717.0,0.8456,0.8456
Chronopotentiometry,0.02,1800,10,1717.0,0.8457,0.8457
Chronopotentiometry,0.02,1800,10,1717.0,0.8456,0.8456
Chronopotentiometry,0.02,1800,10,1717.0,0.8455,0.8455
Chronopotentiometry,0.02,1800,10,1717.0,0.8455,0.8455
Chronopotentiometry,0.02,1800,10,1718.0,0.8456,0.8456
Chronopotentiometry,0.02,1800,10,1718.0,0.8455,0.8455
Chronopotentiometry,0.02,1800,10,1718.0,0.8456,0.8456
Chronopotentiometry,0.02,1800,10,1718.0,0.8456,0.8456
Chronopotentiometry,0.02,1800,10,1718.0,0.8456,0.8456
Chronopotentiometry,0.02,1800,10,1718.0,0.8456,0.8456
Chronopotentiometry,0.02,1800,10,1718.0,0.8456,0.8456
Chronopotentiometry,0.02,1800,10,1718.0,0.8455,0.8455
Chronopotentiometry,0.02,1800,10,1718.0,0.8455,0.8455
Chronopotentiometry,0.02,1800,10,1718.0,0.8456,0.8456
Chronopotentiometry,0.02,1800,10,1719.0,0.8456,0.8456
Chronopotentiometry,0.02,1800,10,1719.0,0.8455,0.8455
Chronopotentiometry,0.02,1800,10,1719.0,0.8455,0.8455
Chronopotentiometry,0.02,1800,10,1719.0,0.8455,0.8455
Chronopotentiometry,0.02,1800,10,1719.0,0.8455,0.8455
Chronopotentiometry,0.02,1800,10,1719.0,0.8455,0.8455
Chronopotentiometry,0.02,1800,10,1719.0,0.8456,0.8456
Chronopotentiometry,0.02,1800,10,1719.0,0.8455,0.8455
Chronopotentiometry,0.02,1800,10,1719.0,0.8456,0.8456
Chronopotentiometry,0.02,1800,10,1719.0,0.8455,0.8455
Chronopotentiometry,0.02,1800,10,1720.0,0.8455,0.8455
Chronopotentiometry,0.02,1800,10,1720.0,0.8455,0.8455
Chronopotentiometry,0.02,1800,10,1720.0,0.8456,0.8456
Chronopotentiometry,0.02,1800,10,1720.0,0.8457,0.8457
Chronopotentiometry,0.02,1800,10,1720.0,0.8457,0.8457
Chronopotentiometry,0.02,1800,10,1720.0,0.8457,0.8457
Chronopotentiometry,0.02,1800,10,1720.0,0.8457,0.8457
Chronopotentiometry,0.02,1800,10,1720.0,0.8456,0.8456
Chronopotentiometry,0.02,1800,10,1720.0,0.8456,0.8456
Chronopotentiometry,0.02,1800,10,1720.0,0.8456,0.8456
Chronopotentiometry,0.02,1800,10,1721.0,0.8456,0.8456
Chronopotentiometry,0.02,1800,10,1721.0,0.8456,0.8456
Chronopotentiometry,0.02,1800,10,1721.0,0.8456,0.8456
Chronopotentiometry,0.02,1800,10,1721.0,0.8456,0.8456
Chronopotentiometry,0.02,1800,10,1721.0,0.8456,0.8456
Chronopotentiometry,0.02,1800,10,1721.0,0.8456,0.8456
Chronopotentiometry,0.02,1800,10,1721.0,0.8456,0.8456
Chronopotentiometry,0.02,1800,10,1721.0,0.8456,0.8456
Chronopotentiometry,0.02,1800,10,1721.0,0.8457,0.8457
Chronopotentiometry,0.02,1800,10,1721.0,0.8458,0.8458
Chronopotentiometry,0.02,1800,10,1722.0,0.8456,0.8456
Chronopotentiometry,0.02,1800,10,1722.0,0.8456,0.8456
Chronopotentiometry,0.02,1800,10,1722.0,0.8455,0.8455
Chronopotentiometry,0.02,1800,10,1722.0,0.8455,0.8455
Chronopotentiometry,0.02,1800,10,1722.0,0.8456,0.8456
Chronopotentiometry,0.02,1800,10,1722.0,0.8456,0.8456
Chronopotentiometry,0.02,1800,10,1722.0,0.8455,0.8455
Chronopotentiometry,0.02,1800,10,1722.0,0.8456,0.8456
Chronopotentiometry,0.02,1800,10,1722.0,0.8456,0.8456
Chronopotentiometry,0.02,1800,10,1722.0,0.8457,0.8457
Chronopotentiometry,0.02,1800,10,1723.0,0.8457,0.8457
Chronopotentiometry,0.02,1800,10,1723.0,0.8457,0.8457
Chronopotentiometry,0.02,1800,10,1723.0,0.8456,0.8456
Chronopotentiometry,0.02,1800,10,1723.0,0.8456,0.8456
Chronopotentiometry,0.02,1800,10,1723.0,0.8457,0.8457
Chronopotentiometry,0.02,1800,10,1723.0,0.8458,0.8458
Chronopotentiometry,0.02,1800,10,1723.0,0.8457,0.8457
Chronopotentiometry,0.02,1800,10,1723.0,0.8456,0.8456
Chronopotentiometry,0.02,1800,10,1723.0,0.8457,0.8457
Chronopotentiometry,0.02,1800,10,1723.0,0.8456,0.8456
Chronopotentiometry,0.02,1800,10,1724.0,0.8456,0.8456
Chronopotentiometry,0.02,1800,10,1724.0,0.8456,0.8456
Chronopotentiometry,0.02,1800,10,1724.0,0.8457,0.8457
Chronopotentiometry,0.02,1800,10,1724.0,0.8456,0.8456
Chronopotentiometry,0.02,1800,10,1724.0,0.8456,0.8456
Chronopotentiometry,0.02,1800,10,1724.0,0.8458,0.8458
Chronopotentiometry,0.02,1800,10,1724.0,0.8457,0.8457
Chronopotentiometry,0.02,1800,10,1724.0,0.8455,0.8455
Chronopotentiometry,0.02,1800,10,1724.0,0.8456,0.8456
Chronopotentiometry,0.02,1800,10,1724.0,0.8457,0.8457
Chronopotentiometry,0.02,1800,10,1725.0,0.8457,0.8457
Chronopotentiometry,0.02,1800,10,1725.0,0.8457,0.8457
Chronopotentiometry,0.02,1800,10,1725.0,0.8456,0.8456
Chronopotentiometry,0.02,1800,10,1725.0,0.8456,0.8456
Chronopotentiometry,0.02,1800,10,1725.0,0.8457,0.8457
Chronopotentiometry,0.02,1800,10,1725.0,0.8457,0.8457
Chronopotentiometry,0.02,1800,10,1725.0,0.8457,0.8457
Chronopotentiometry,0.02,1800,10,1725.0,0.8456,0.8456
Chronopotentiometry,0.02,1800,10,1725.0,0.8456,0.8456
Chronopotentiometry,0.02,1800,10,1725.0,0.8456,0.8456
Chronopotentiometry,0.02,1800,10,1726.0,0.8456,0.8456
Chronopotentiometry,0.02,1800,10,1726.0,0.8456,0.8456
Chronopotentiometry,0.02,1800,10,1726.0,0.8456,0.8456
Chronopotentiometry,0.02,1800,10,1726.0,0.8456,0.8456
Chronopotentiometry,0.02,1800,10,1726.0,0.8456,0.8456
Chronopotentiometry,0.02,1800,10,1726.0,0.8456,0.8456
Chronopotentiometry,0.02,1800,10,1726.0,0.8457,0.8457
Chronopotentiometry,0.02,1800,10,1726.0,0.8457,0.8457
Chronopotentiometry,0.02,1800,10,1726.0,0.8456,0.8456
Chronopotentiometry,0.02,1800,10,1726.0,0.8456,0.8456
Chronopotentiometry,0.02,1800,10,1727.0,0.8456,0.8456
Chronopotentiometry,0.02,1800,10,1727.0,0.8456,0.8456
Chronopotentiometry,0.02,1800,10,1727.0,0.8457,0.8457
Chronopotentiometry,0.02,1800,10,1727.0,0.8457,0.8457
Chronopotentiometry,0.02,1800,10,1727.0,0.8457,0.8457
Chronopotentiometry,0.02,1800,10,1727.0,0.8457,0.8457
Chronopotentiometry,0.02,1800,10,1727.0,0.8458,0.8458
Chronopotentiometry,0.02,1800,10,1727.0,0.8457,0.8457
Chronopotentiometry,0.02,1800,10,1727.0,0.8457,0.8457
Chronopotentiometry,0.02,1800,10,1727.0,0.8456,0.8456
Chronopotentiometry,0.02,1800,10,1728.0,0.8456,0.8456
Chronopotentiometry,0.02,1800,10,1728.0,0.8456,0.8456
Chronopotentiometry,0.02,1800,10,1728.0,0.8456,0.8456
Chronopotentiometry,0.02,1800,10,1728.0,0.8456,0.8456
Chronopotentiometry,0.02,1800,10,1728.0,0.8457,0.8457
Chronopotentiometry,0.02,1800,10,1728.0,0.8457,0.8457
Chronopotentiometry,0.02,1800,10,1728.0,0.8457,0.8457
Chronopotentiometry,0.02,1800,10,1728.0,0.8457,0.8457
Chronopotentiometry,0.02,1800,10,1728.0,0.8458,0.8458
Chronopotentiometry,0.02,1800,10,1728.0,0.8456,0.8456
Chronopotentiometry,0.02,1800,10,1729.0,0.8456,0.8456
Chronopotentiometry,0.02,1800,10,1729.0,0.8455,0.8455
Chronopotentiometry,0.02,1800,10,1729.0,0.8455,0.8455
Chronopotentiometry,0.02,1800,10,1729.0,0.8456,0.8456
Chronopotentiometry,0.02,1800,10,1729.0,0.8455,0.8455
Chronopotentiometry,0.02,1800,10,1729.0,0.8455,0.8455
Chronopotentiometry,0.02,1800,10,1729.0,0.8455,0.8455
Chronopotentiometry,0.02,1800,10,1729.0,0.8455,0.8455
Chronopotentiometry,0.02,1800,10,1729.0,0.8456,0.8456
Chronopotentiometry,0.02,1800,10,1729.0,0.8456,0.8456
Chronopotentiometry,0.02,1800,10,1730.0,0.8456,0.8456
Chronopotentiometry,0.02,1800,10,1730.0,0.8456,0.8456
Chronopotentiometry,0.02,1800,10,1730.0,0.8456,0.8456
Chronopotentiometry,0.02,1800,10,1730.0,0.8456,0.8456
Chronopotentiometry,0.02,1800,10,1730.0,0.8457,0.8457
Chronopotentiometry,0.02,1800,10,1730.0,0.8457,0.8457
Chronopotentiometry,0.02,1800,10,1730.0,0.8456,0.8456
Chronopotentiometry,0.02,1800,10,1730.0,0.8457,0.8457
Chronopotentiometry,0.02,1800,10,1730.0,0.8456,0.8456
Chronopotentiometry,0.02,1800,10,1730.0,0.8456,0.8456
Chronopotentiometry,0.02,1800,10,1731.0,0.8456,0.8456
Chronopotentiometry,0.02,1800,10,1731.0,0.8456,0.8456
Chronopotentiometry,0.02,1800,10,1731.0,0.8456,0.8456
Chronopotentiometry,0.02,1800,10,1731.0,0.8456,0.8456
Chronopotentiometry,0.02,1800,10,1731.0,0.8456,0.8456
Chronopotentiometry,0.02,1800,10,1731.0,0.8457,0.8457
Chronopotentiometry,0.02,1800,10,1731.0,0.8456,0.8456
Chronopotentiometry,0.02,1800,10,1731.0,0.8456,0.8456
Chronopotentiometry,0.02,1800,10,1731.0,0.8456,0.8456
Chronopotentiometry,0.02,1800,10,1731.0,0.8457,0.8457
Chronopotentiometry,0.02,1800,10,1732.0,0.8456,0.8456
Chronopotentiometry,0.02,1800,10,1732.0,0.8456,0.8456
Chronopotentiometry,0.02,1800,10,1732.0,0.8456,0.8456
Chronopotentiometry,0.02,1800,10,1732.0,0.8456,0.8456
Chronopotentiometry,0.02,1800,10,1732.0,0.8455,0.8455
Chronopotentiometry,0.02,1800,10,1732.0,0.8455,0.8455
Chronopotentiometry,0.02,1800,10,1732.0,0.8456,0.8456
Chronopotentiometry,0.02,1800,10,1732.0,0.8456,0.8456
Chronopotentiometry,0.02,1800,10,1732.0,0.8457,0.8457
Chronopotentiometry,0.02,1800,10,1732.0,0.8457,0.8457
Chronopotentiometry,0.02,1800,10,1733.0,0.8456,0.8456
Chronopotentiometry,0.02,1800,10,1733.0,0.8457,0.8457
Chronopotentiometry,0.02,1800,10,1733.0,0.8457,0.8457
Chronopotentiometry,0.02,1800,10,1733.0,0.8457,0.8457
Chronopotentiometry,0.02,1800,10,1733.0,0.8457,0.8457
Chronopotentiometry,0.02,1800,10,1733.0,0.8457,0.8457
Chronopotentiometry,0.02,1800,10,1733.0,0.8456,0.8456
Chronopotentiometry,0.02,1800,10,1733.0,0.8457,0.8457
Chronopotentiometry,0.02,1800,10,1733.0,0.8457,0.8457
Chronopotentiometry,0.02,1800,10,1733.0,0.8457,0.8457
Chronopotentiometry,0.02,1800,10,1734.0,0.8457,0.8457
Chronopotentiometry,0.02,1800,10,1734.0,0.8457,0.8457
Chronopotentiometry,0.02,1800,10,1734.0,0.8457,0.8457
Chronopotentiometry,0.02,1800,10,1734.0,0.8458,0.8458
Chronopotentiometry,0.02,1800,10,1734.0,0.8457,0.8457
Chronopotentiometry,0.02,1800,10,1734.0,0.8458,0.8458
Chronopotentiometry,0.02,1800,10,1734.0,0.8458,0.8458
Chronopotentiometry,0.02,1800,10,1734.0,0.8457,0.8457
Chronopotentiometry,0.02,1800,10,1734.0,0.8457,0.8457
Chronopotentiometry,0.02,1800,10,1734.0,0.8457,0.8457
Chronopotentiometry,0.02,1800,10,1735.0,0.8457,0.8457
Chronopotentiometry,0.02,1800,10,1735.0,0.8457,0.8457
Chronopotentiometry,0.02,1800,10,1735.0,0.8457,0.8457
Chronopotentiometry,0.02,1800,10,1735.0,0.8458,0.8458
Chronopotentiometry,0.02,1800,10,1735.0,0.8458,0.8458
Chronopotentiometry,0.02,1800,10,1735.0,0.8458,0.8458
Chronopotentiometry,0.02,1800,10,1735.0,0.8457,0.8457
Chronopotentiometry,0.02,1800,10,1735.0,0.8457,0.8457
Chronopotentiometry,0.02,1800,10,1735.0,0.8457,0.8457
Chronopotentiometry,0.02,1800,10,1735.0,0.8457,0.8457
Chronopotentiometry,0.02,1800,10,1736.0,0.8457,0.8457
Chronopotentiometry,0.02,1800,10,1736.0,0.8456,0.8456
Chronopotentiometry,0.02,1800,10,1736.0,0.8457,0.8457
Chronopotentiometry,0.02,1800,10,1736.0,0.8457,0.8457
Chronopotentiometry,0.02,1800,10,1736.0,0.8456,0.8456
Chronopotentiometry,0.02,1800,10,1736.0,0.8457,0.8457
Chronopotentiometry,0.02,1800,10,1736.0,0.8457,0.8457
Chronopotentiometry,0.02,1800,10,1736.0,0.8457,0.8457
Chronopotentiometry,0.02,1800,10,1736.0,0.8456,0.8456
Chronopotentiometry,0.02,1800,10,1736.0,0.8456,0.8456
Chronopotentiometry,0.02,1800,10,1737.0,0.8456,0.8456
Chronopotentiometry,0.02,1800,10,1737.0,0.8456,0.8456
Chronopotentiometry,0.02,1800,10,1737.0,0.8456,0.8456
Chronopotentiometry,0.02,1800,10,1737.0,0.8457,0.8457
Chronopotentiometry,0.02,1800,10,1737.0,0.8456,0.8456
Chronopotentiometry,0.02,1800,10,1737.0,0.8456,0.8456
Chronopotentiometry,0.02,1800,10,1737.0,0.8455,0.8455
Chronopotentiometry,0.02,1800,10,1737.0,0.8456,0.8456
Chronopotentiometry,0.02,1800,10,1737.0,0.8457,0.8457
Chronopotentiometry,0.02,1800,10,1737.0,0.8457,0.8457
Chronopotentiometry,0.02,1800,10,1738.0,0.8458,0.8458
Chronopotentiometry,0.02,1800,10,1738.0,0.8458,0.8458
Chronopotentiometry,0.02,1800,10,1738.0,0.8457,0.8457
Chronopotentiometry,0.02,1800,10,1738.0,0.8457,0.8457
Chronopotentiometry,0.02,1800,10,1738.0,0.8457,0.8457
Chronopotentiometry,0.02,1800,10,1738.0,0.8456,0.8456
Chronopotentiometry,0.02,1800,10,1738.0,0.8456,0.8456
Chronopotentiometry,0.02,1800,10,1738.0,0.8456,0.8456
Chronopotentiometry,0.02,1800,10,1738.0,0.8456,0.8456
Chronopotentiometry,0.02,1800,10,1738.0,0.8456,0.8456
Chronopotentiometry,0.02,1800,10,1739.0,0.8457,0.8457
Chronopotentiometry,0.02,1800,10,1739.0,0.8457,0.8457
Chronopotentiometry,0.02,1800,10,1739.0,0.8457,0.8457
Chronopotentiometry,0.02,1800,10,1739.0,0.8457,0.8457
Chronopotentiometry,0.02,1800,10,1739.0,0.8456,0.8456
Chronopotentiometry,0.02,1800,10,1739.0,0.8456,0.8456
Chronopotentiometry,0.02,1800,10,1739.0,0.8456,0.8456
Chronopotentiometry,0.02,1800,10,1739.0,0.8456,0.8456
Chronopotentiometry,0.02,1800,10,1739.0,0.8456,0.8456
Chronopotentiometry,0.02,1800,10,1739.0,0.8456,0.8456
Chronopotentiometry,0.02,1800,10,1740.0,0.8456,0.8456
Chronopotentiometry,0.02,1800,10,1740.0,0.8455,0.8455
Chronopotentiometry,0.02,1800,10,1740.0,0.8456,0.8456
Chronopotentiometry,0.02,1800,10,1740.0,0.8456,0.8456
Chronopotentiometry,0.02,1800,10,1740.0,0.8457,0.8457
Chronopotentiometry,0.02,1800,10,1740.0,0.8456,0.8456
Chronopotentiometry,0.02,1800,10,1740.0,0.8456,0.8456
Chronopotentiometry,0.02,1800,10,1740.0,0.8456,0.8456
Chronopotentiometry,0.02,1800,10,1740.0,0.8457,0.8457
Chronopotentiometry,0.02,1800,10,1740.0,0.8457,0.8457
Chronopotentiometry,0.02,1800,10,1741.0,0.8457,0.8457
Chronopotentiometry,0.02,1800,10,1741.0,0.8457,0.8457
Chronopotentiometry,0.02,1800,10,1741.0,0.8457,0.8457
Chronopotentiometry,0.02,1800,10,1741.0,0.8457,0.8457
Chronopotentiometry,0.02,1800,10,1741.0,0.8457,0.8457
Chronopotentiometry,0.02,1800,10,1741.0,0.8458,0.8458
Chronopotentiometry,0.02,1800,10,1741.0,0.8458,0.8458
Chronopotentiometry,0.02,1800,10,1741.0,0.8457,0.8457
Chronopotentiometry,0.02,1800,10,1741.0,0.8458,0.8458
Chronopotentiometry,0.02,1800,10,1741.0,0.8457,0.8457
Chronopotentiometry,0.02,1800,10,1742.0,0.8457,0.8457
Chronopotentiometry,0.02,1800,10,1742.0,0.8457,0.8457
Chronopotentiometry,0.02,1800,10,1742.0,0.8457,0.8457
Chronopotentiometry,0.02,1800,10,1742.0,0.8457,0.8457
Chronopotentiometry,0.02,1800,10,1742.0,0.8457,0.8457
Chronopotentiometry,0.02,1800,10,1742.0,0.8458,0.8458
Chronopotentiometry,0.02,1800,10,1742.0,0.8457,0.8457
Chronopotentiometry,0.02,1800,10,1742.0,0.8458,0.8458
Chronopotentiometry,0.02,1800,10,1742.0,0.8458,0.8458
Chronopotentiometry,0.02,1800,10,1742.0,0.8458,0.8458
Chronopotentiometry,0.02,1800,10,1743.0,0.8458,0.8458
Chronopotentiometry,0.02,1800,10,1743.0,0.8457,0.8457
Chronopotentiometry,0.02,1800,10,1743.0,0.8457,0.8457
Chronopotentiometry,0.02,1800,10,1743.0,0.8458,0.8458
Chronopotentiometry,0.02,1800,10,1743.0,0.8458,0.8458
Chronopotentiometry,0.02,1800,10,1743.0,0.8458,0.8458
Chronopotentiometry,0.02,1800,10,1743.0,0.8458,0.8458
Chronopotentiometry,0.02,1800,10,1743.0,0.8459,0.8459
Chronopotentiometry,0.02,1800,10,1743.0,0.8459,0.8459
Chronopotentiometry,0.02,1800,10,1743.0,0.8458,0.8458
Chronopotentiometry,0.02,1800,10,1744.0,0.8458,0.8458
Chronopotentiometry,0.02,1800,10,1744.0,0.8458,0.8458
Chronopotentiometry,0.02,1800,10,1744.0,0.8458,0.8458
Chronopotentiometry,0.02,1800,10,1744.0,0.8458,0.8458
Chronopotentiometry,0.02,1800,10,1744.0,0.8458,0.8458
Chronopotentiometry,0.02,1800,10,1744.0,0.8458,0.8458
Chronopotentiometry,0.02,1800,10,1744.0,0.8459,0.8459
Chronopotentiometry,0.02,1800,10,1744.0,0.8459,0.8459
Chronopotentiometry,0.02,1800,10,1744.0,0.8458,0.8458
Chronopotentiometry,0.02,1800,10,1744.0,0.8458,0.8458
Chronopotentiometry,0.02,1800,10,1745.0,0.8458,0.8458
Chronopotentiometry,0.02,1800,10,1745.0,0.8457,0.8457
Chronopotentiometry,0.02,1800,10,1745.0,0.8458,0.8458
Chronopotentiometry,0.02,1800,10,1745.0,0.8458,0.8458
Chronopotentiometry,0.02,1800,10,1745.0,0.8458,0.8458
Chronopotentiometry,0.02,1800,10,1745.0,0.8458,0.8458
Chronopotentiometry,0.02,1800,10,1745.0,0.8458,0.8458
Chronopotentiometry,0.02,1800,10,1745.0,0.8458,0.8458
Chronopotentiometry,0.02,1800,10,1745.0,0.8458,0.8458
Chronopotentiometry,0.02,1800,10,1745.0,0.8458,0.8458
Chronopotentiometry,0.02,1800,10,1746.0,0.8457,0.8457
Chronopotentiometry,0.02,1800,10,1746.0,0.8458,0.8458
Chronopotentiometry,0.02,1800,10,1746.0,0.8458,0.8458
Chronopotentiometry,0.02,1800,10,1746.0,0.8459,0.8459
Chronopotentiometry,0.02,1800,10,1746.0,0.8458,0.8458
Chronopotentiometry,0.02,1800,10,1746.0,0.8458,0.8458
Chronopotentiometry,0.02,1800,10,1746.0,0.8458,0.8458
Chronopotentiometry,0.02,1800,10,1746.0,0.8457,0.8457
Chronopotentiometry,0.02,1800,10,1746.0,0.8457,0.8457
Chronopotentiometry,0.02,1800,10,1746.0,0.8458,0.8458
Chronopotentiometry,0.02,1800,10,1747.0,0.8458,0.8458
Chronopotentiometry,0.02,1800,10,1747.0,0.8458,0.8458
Chronopotentiometry,0.02,1800,10,1747.0,0.8458,0.8458
Chronopotentiometry,0.02,1800,10,1747.0,0.8458,0.8458
Chronopotentiometry,0.02,1800,10,1747.0,0.8457,0.8457
Chronopotentiometry,0.02,1800,10,1747.0,0.8458,0.8458
Chronopotentiometry,0.02,1800,10,1747.0,0.8458,0.8458
Chronopotentiometry,0.02,1800,10,1747.0,0.8458,0.8458
Chronopotentiometry,0.02,1800,10,1747.0,0.8459,0.8459
Chronopotentiometry,0.02,1800,10,1747.0,0.8459,0.8459
Chronopotentiometry,0.02,1800,10,1748.0,0.8459,0.8459
Chronopotentiometry,0.02,1800,10,1748.0,0.8458,0.8458
Chronopotentiometry,0.02,1800,10,1748.0,0.8458,0.8458
Chronopotentiometry,0.02,1800,10,1748.0,0.8458,0.8458
Chronopotentiometry,0.02,1800,10,1748.0,0.8458,0.8458
Chronopotentiometry,0.02,1800,10,1748.0,0.8458,0.8458
Chronopotentiometry,0.02,1800,10,1748.0,0.8458,0.8458
Chronopotentiometry,0.02,1800,10,1748.0,0.8459,0.8459
Chronopotentiometry,0.02,1800,10,1748.0,0.8458,0.8458
Chronopotentiometry,0.02,1800,10,1748.0,0.8457,0.8457
Chronopotentiometry,0.02,1800,10,1749.0,0.8457,0.8457
Chronopotentiometry,0.02,1800,10,1749.0,0.8457,0.8457
Chronopotentiometry,0.02,1800,10,1749.0,0.8457,0.8457
Chronopotentiometry,0.02,1800,10,1749.0,0.8457,0.8457
Chronopotentiometry,0.02,1800,10,1749.0,0.8458,0.8458
Chronopotentiometry,0.02,1800,10,1749.0,0.8457,0.8457
Chronopotentiometry,0.02,1800,10,1749.0,0.8458,0.8458
Chronopotentiometry,0.02,1800,10,1749.0,0.8457,0.8457
Chronopotentiometry,0.02,1800,10,1749.0,0.8458,0.8458
Chronopotentiometry,0.02,1800,10,1749.0,0.8459,0.8459
Chronopotentiometry,0.02,1800,10,1750.0,0.8458,0.8458
Chronopotentiometry,0.02,1800,10,1750.0,0.8458,0.8458
Chronopotentiometry,0.02,1800,10,1750.0,0.8458,0.8458
Chronopotentiometry,0.02,1800,10,1750.0,0.8458,0.8458
Chronopotentiometry,0.02,1800,10,1750.0,0.8458,0.8458
Chronopotentiometry,0.02,1800,10,1750.0,0.8458,0.8458
Chronopotentiometry,0.02,1800,10,1750.0,0.8457,0.8457
Chronopotentiometry,0.02,1800,10,1750.0,0.8457,0.8457
Chronopotentiometry,0.02,1800,10,1750.0,0.8457,0.8457
Chronopotentiometry,0.02,1800,10,1750.0,0.8457,0.8457
Chronopotentiometry,0.02,1800,10,1751.0,0.8458,0.8458
Chronopotentiometry,0.02,1800,10,1751.0,0.8458,0.8458
Chronopotentiometry,0.02,1800,10,1751.0,0.8457,0.8457
Chronopotentiometry,0.02,1800,10,1751.0,0.8457,0.8457
Chronopotentiometry,0.02,1800,10,1751.0,0.8458,0.8458
Chronopotentiometry,0.02,1800,10,1751.0,0.8457,0.8457
Chronopotentiometry,0.02,1800,10,1751.0,0.8457,0.8457
Chronopotentiometry,0.02,1800,10,1751.0,0.8456,0.8456
Chronopotentiometry,0.02,1800,10,1751.0,0.8458,0.8458
Chronopotentiometry,0.02,1800,10,1751.0,0.8457,0.8457
Chronopotentiometry,0.02,1800,10,1752.0,0.8457,0.8457
Chronopotentiometry,0.02,1800,10,1752.0,0.8457,0.8457
Chronopotentiometry,0.02,1800,10,1752.0,0.8457,0.8457
Chronopotentiometry,0.02,1800,10,1752.0,0.8458,0.8458
Chronopotentiometry,0.02,1800,10,1752.0,0.8458,0.8458
Chronopotentiometry,0.02,1800,10,1752.0,0.8457,0.8457
Chronopotentiometry,0.02,1800,10,1752.0,0.8457,0.8457
Chronopotentiometry,0.02,1800,10,1752.0,0.8458,0.8458
Chronopotentiometry,0.02,1800,10,1752.0,0.8458,0.8458
Chronopotentiometry,0.02,1800,10,1752.0,0.8458,0.8458
Chronopotentiometry,0.02,1800,10,1753.0,0.8457,0.8457
Chronopotentiometry,0.02,1800,10,1753.0,0.8458,0.8458
Chronopotentiometry,0.02,1800,10,1753.0,0.8457,0.8457
Chronopotentiometry,0.02,1800,10,1753.0,0.8458,0.8458
Chronopotentiometry,0.02,1800,10,1753.0,0.8458,0.8458
Chronopotentiometry,0.02,1800,10,1753.0,0.8458,0.8458
Chronopotentiometry,0.02,1800,10,1753.0,0.8458,0.8458
Chronopotentiometry,0.02,1800,10,1753.0,0.8458,0.8458
Chronopotentiometry,0.02,1800,10,1753.0,0.8458,0.8458
Chronopotentiometry,0.02,1800,10,1753.0,0.8458,0.8458
Chronopotentiometry,0.02,1800,10,1754.0,0.8458,0.8458
Chronopotentiometry,0.02,1800,10,1754.0,0.8458,0.8458
Chronopotentiometry,0.02,1800,10,1754.0,0.8458,0.8458
Chronopotentiometry,0.02,1800,10,1754.0,0.8456,0.8456
Chronopotentiometry,0.02,1800,10,1754.0,0.8457,0.8457
Chronopotentiometry,0.02,1800,10,1754.0,0.8458,0.8458
Chronopotentiometry,0.02,1800,10,1754.0,0.8458,0.8458
Chronopotentiometry,0.02,1800,10,1754.0,0.8458,0.8458
Chronopotentiometry,0.02,1800,10,1754.0,0.8458,0.8458
Chronopotentiometry,0.02,1800,10,1754.0,0.8458,0.8458
Chronopotentiometry,0.02,1800,10,1755.0,0.8457,0.8457
Chronopotentiometry,0.02,1800,10,1755.0,0.8458,0.8458
Chronopotentiometry,0.02,1800,10,1755.0,0.8459,0.8459
Chronopotentiometry,0.02,1800,10,1755.0,0.8459,0.8459
Chronopotentiometry,0.02,1800,10,1755.0,0.8458,0.8458
Chronopotentiometry,0.02,1800,10,1755.0,0.8457,0.8457
Chronopotentiometry,0.02,1800,10,1755.0,0.8458,0.8458
Chronopotentiometry,0.02,1800,10,1755.0,0.8459,0.8459
Chronopotentiometry,0.02,1800,10,1755.0,0.8459,0.8459
Chronopotentiometry,0.02,1800,10,1755.0,0.8458,0.8458
Chronopotentiometry,0.02,1800,10,1756.0,0.8458,0.8458
Chronopotentiometry,0.02,1800,10,1756.0,0.8459,0.8459
Chronopotentiometry,0.02,1800,10,1756.0,0.8459,0.8459
Chronopotentiometry,0.02,1800,10,1756.0,0.8459,0.8459
Chronopotentiometry,0.02,1800,10,1756.0,0.8459,0.8459
Chronopotentiometry,0.02,1800,10,1756.0,0.8458,0.8458
Chronopotentiometry,0.02,1800,10,1756.0,0.8458,0.8458
Chronopotentiometry,0.02,1800,10,1756.0,0.8458,0.8458
Chronopotentiometry,0.02,1800,10,1756.0,0.8459,0.8459
Chronopotentiometry,0.02,1800,10,1756.0,0.8459,0.8459
Chronopotentiometry,0.02,1800,10,1757.0,0.8459,0.8459
Chronopotentiometry,0.02,1800,10,1757.0,0.8458,0.8458
Chronopotentiometry,0.02,1800,10,1757.0,0.8459,0.8459
Chronopotentiometry,0.02,1800,10,1757.0,0.8459,0.8459
Chronopotentiometry,0.02,1800,10,1757.0,0.8459,0.8459
Chronopotentiometry,0.02,1800,10,1757.0,0.8459,0.8459
Chronopotentiometry,0.02,1800,10,1757.0,0.8458,0.8458
Chronopotentiometry,0.02,1800,10,1757.0,0.8457,0.8457
Chronopotentiometry,0.02,1800,10,1757.0,0.8458,0.8458
Chronopotentiometry,0.02,1800,10,1757.0,0.8459,0.8459
Chronopotentiometry,0.02,1800,10,1758.0,0.8458,0.8458
Chronopotentiometry,0.02,1800,10,1758.0,0.8458,0.8458
Chronopotentiometry,0.02,1800,10,1758.0,0.8457,0.8457
Chronopotentiometry,0.02,1800,10,1758.0,0.8458,0.8458
Chronopotentiometry,0.02,1800,10,1758.0,0.8458,0.8458
Chronopotentiometry,0.02,1800,10,1758.0,0.8459,0.8459
Chronopotentiometry,0.02,1800,10,1758.0,0.8459,0.8459
Chronopotentiometry,0.02,1800,10,1758.0,0.8458,0.8458
Chronopotentiometry,0.02,1800,10,1758.0,0.8458,0.8458
Chronopotentiometry,0.02,1800,10,1758.0,0.8458,0.8458
Chronopotentiometry,0.02,1800,10,1759.0,0.8458,0.8458
Chronopotentiometry,0.02,1800,10,1759.0,0.8459,0.8459
Chronopotentiometry,0.02,1800,10,1759.0,0.8458,0.8458
Chronopotentiometry,0.02,1800,10,1759.0,0.8458,0.8458
Chronopotentiometry,0.02,1800,10,1759.0,0.8459,0.8459
Chronopotentiometry,0.02,1800,10,1759.0,0.8458,0.8458
Chronopotentiometry,0.02,1800,10,1759.0,0.8459,0.8459
Chronopotentiometry,0.02,1800,10,1759.0,0.8459,0.8459
Chronopotentiometry,0.02,1800,10,1759.0,0.8457,0.8457
Chronopotentiometry,0.02,1800,10,1759.0,0.8459,0.8459
Chronopotentiometry,0.02,1800,10,1760.0,0.8458,0.8458
Chronopotentiometry,0.02,1800,10,1760.0,0.8459,0.8459
Chronopotentiometry,0.02,1800,10,1760.0,0.846,0.846
Chronopotentiometry,0.02,1800,10,1760.0,0.8459,0.8459
Chronopotentiometry,0.02,1800,10,1760.0,0.8458,0.8458
Chronopotentiometry,0.02,1800,10,1760.0,0.8458,0.8458
Chronopotentiometry,0.02,1800,10,1760.0,0.8458,0.8458
Chronopotentiometry,0.02,1800,10,1760.0,0.8459,0.8459
Chronopotentiometry,0.02,1800,10,1760.0,0.8459,0.8459
Chronopotentiometry,0.02,1800,10,1760.0,0.8459,0.8459
Chronopotentiometry,0.02,1800,10,1761.0,0.846,0.846
Chronopotentiometry,0.02,1800,10,1761.0,0.8459,0.8459
Chronopotentiometry,0.02,1800,10,1761.0,0.8459,0.8459
Chronopotentiometry,0.02,1800,10,1761.0,0.8459,0.8459
Chronopotentiometry,0.02,1800,10,1761.0,0.846,0.846
Chronopotentiometry,0.02,1800,10,1761.0,0.8459,0.8459
Chronopotentiometry,0.02,1800,10,1761.0,0.8458,0.8458
Chronopotentiometry,0.02,1800,10,1761.0,0.8459,0.8459
Chronopotentiometry,0.02,1800,10,1761.0,0.8459,0.8459
Chronopotentiometry,0.02,1800,10,1761.0,0.8459,0.8459
Chronopotentiometry,0.02,1800,10,1762.0,0.8459,0.8459
Chronopotentiometry,0.02,1800,10,1762.0,0.846,0.846
Chronopotentiometry,0.02,1800,10,1762.0,0.846,0.846
Chronopotentiometry,0.02,1800,10,1762.0,0.846,0.846
Chronopotentiometry,0.02,1800,10,1762.0,0.8459,0.8459
Chronopotentiometry,0.02,1800,10,1762.0,0.8459,0.8459
Chronopotentiometry,0.02,1800,10,1762.0,0.846,0.846
Chronopotentiometry,0.02,1800,10,1762.0,0.8459,0.8459
Chronopotentiometry,0.02,1800,10,1762.0,0.846,0.846
Chronopotentiometry,0.02,1800,10,1762.0,0.846,0.846
Chronopotentiometry,0.02,1800,10,1763.0,0.846,0.846
Chronopotentiometry,0.02,1800,10,1763.0,0.846,0.846
Chronopotentiometry,0.02,1800,10,1763.0,0.8459,0.8459
Chronopotentiometry,0.02,1800,10,1763.0,0.846,0.846
Chronopotentiometry,0.02,1800,10,1763.0,0.846,0.846
Chronopotentiometry,0.02,1800,10,1763.0,0.8459,0.8459
Chronopotentiometry,0.02,1800,10,1763.0,0.8459,0.8459
Chronopotentiometry,0.02,1800,10,1763.0,0.846,0.846
Chronopotentiometry,0.02,1800,10,1763.0,0.846,0.846
Chronopotentiometry,0.02,1800,10,1763.0,0.8459,0.8459
Chronopotentiometry,0.02,1800,10,1764.0,0.8459,0.8459
Chronopotentiometry,0.02,1800,10,1764.0,0.8459,0.8459
Chronopotentiometry,0.02,1800,10,1764.0,0.8459,0.8459
Chronopotentiometry,0.02,1800,10,1764.0,0.8459,0.8459
Chronopotentiometry,0.02,1800,10,1764.0,0.8459,0.8459
Chronopotentiometry,0.02,1800,10,1764.0,0.846,0.846
Chronopotentiometry,0.02,1800,10,1764.0,0.8459,0.8459
Chronopotentiometry,0.02,1800,10,1764.0,0.8459,0.8459
Chronopotentiometry,0.02,1800,10,1764.0,0.846,0.846
Chronopotentiometry,0.02,1800,10,1764.0,0.846,0.846
Chronopotentiometry,0.02,1800,10,1765.0,0.8459,0.8459
Chronopotentiometry,0.02,1800,10,1765.0,0.8458,0.8458
Chronopotentiometry,0.02,1800,10,1765.0,0.8458,0.8458
Chronopotentiometry,0.02,1800,10,1765.0,0.8458,0.8458
Chronopotentiometry,0.02,1800,10,1765.0,0.8458,0.8458
Chronopotentiometry,0.02,1800,10,1765.0,0.8458,0.8458
Chronopotentiometry,0.02,1800,10,1765.0,0.8458,0.8458
Chronopotentiometry,0.02,1800,10,1765.0,0.8459,0.8459
Chronopotentiometry,0.02,1800,10,1765.0,0.8459,0.8459
Chronopotentiometry,0.02,1800,10,1765.0,0.8458,0.8458
Chronopotentiometry,0.02,1800,10,1766.0,0.8459,0.8459
Chronopotentiometry,0.02,1800,10,1766.0,0.8458,0.8458
Chronopotentiometry,0.02,1800,10,1766.0,0.8459,0.8459
Chronopotentiometry,0.02,1800,10,1766.0,0.8459,0.8459
Chronopotentiometry,0.02,1800,10,1766.0,0.846,0.846
Chronopotentiometry,0.02,1800,10,1766.0,0.846,0.846
Chronopotentiometry,0.02,1800,10,1766.0,0.8459,0.8459
Chronopotentiometry,0.02,1800,10,1766.0,0.8459,0.8459
Chronopotentiometry,0.02,1800,10,1766.0,0.8459,0.8459
Chronopotentiometry,0.02,1800,10,1766.0,0.846,0.846
Chronopotentiometry,0.02,1800,10,1767.0,0.8459,0.8459
Chronopotentiometry,0.02,1800,10,1767.0,0.8459,0.8459
Chronopotentiometry,0.02,1800,10,1767.0,0.8459,0.8459
Chronopotentiometry,0.02,1800,10,1767.0,0.8459,0.8459
Chronopotentiometry,0.02,1800,10,1767.0,0.846,0.846
Chronopotentiometry,0.02,1800,10,1767.0,0.846,0.846
Chronopotentiometry,0.02,1800,10,1767.0,0.846,0.846
Chronopotentiometry,0.02,1800,10,1767.0,0.846,0.846
Chronopotentiometry,0.02,1800,10,1767.0,0.846,0.846
Chronopotentiometry,0.02,1800,10,1767.0,0.8461,0.8461
Chronopotentiometry,0.02,1800,10,1768.0,0.846,0.846
Chronopotentiometry,0.02,1800,10,1768.0,0.8459,0.8459
Chronopotentiometry,0.02,1800,10,1768.0,0.8459,0.8459
Chronopotentiometry,0.02,1800,10,1768.0,0.8459,0.8459
Chronopotentiometry,0.02,1800,10,1768.0,0.8459,0.8459
Chronopotentiometry,0.02,1800,10,1768.0,0.846,0.846
Chronopotentiometry,0.02,1800,10,1768.0,0.846,0.846
Chronopotentiometry,0.02,1800,10,1768.0,0.8459,0.8459
Chronopotentiometry,0.02,1800,10,1768.0,0.846,0.846
Chronopotentiometry,0.02,1800,10,1768.0,0.8459,0.8459
Chronopotentiometry,0.02,1800,10,1769.0,0.8459,0.8459
Chronopotentiometry,0.02,1800,10,1769.0,0.8461,0.8461
Chronopotentiometry,0.02,1800,10,1769.0,0.8459,0.8459
Chronopotentiometry,0.02,1800,10,1769.0,0.846,0.846
Chronopotentiometry,0.02,1800,10,1769.0,0.8461,0.8461
Chronopotentiometry,0.02,1800,10,1769.0,0.8461,0.8461
Chronopotentiometry,0.02,1800,10,1769.0,0.846,0.846
Chronopotentiometry,0.02,1800,10,1769.0,0.8459,0.8459
Chronopotentiometry,0.02,1800,10,1769.0,0.846,0.846
Chronopotentiometry,0.02,1800,10,1769.0,0.846,0.846
Chronopotentiometry,0.02,1800,10,1770.0,0.8459,0.8459
Chronopotentiometry,0.02,1800,10,1770.0,0.8459,0.8459
Chronopotentiometry,0.02,1800,10,1770.0,0.8459,0.8459
Chronopotentiometry,0.02,1800,10,1770.0,0.846,0.846
Chronopotentiometry,0.02,1800,10,1770.0,0.846,0.846
Chronopotentiometry,0.02,1800,10,1770.0,0.8461,0.8461
Chronopotentiometry,0.02,1800,10,1770.0,0.8461,0.8461
Chronopotentiometry,0.02,1800,10,1770.0,0.846,0.846
Chronopotentiometry,0.02,1800,10,1770.0,0.846,0.846
Chronopotentiometry,0.02,1800,10,1770.0,0.8461,0.8461
Chronopotentiometry,0.02,1800,10,1771.0,0.846,0.846
Chronopotentiometry,0.02,1800,10,1771.0,0.846,0.846
Chronopotentiometry,0.02,1800,10,1771.0,0.8459,0.8459
Chronopotentiometry,0.02,1800,10,1771.0,0.846,0.846
Chronopotentiometry,0.02,1800,10,1771.0,0.8459,0.8459
Chronopotentiometry,0.02,1800,10,1771.0,0.8459,0.8459
Chronopotentiometry,0.02,1800,10,1771.0,0.8459,0.8459
Chronopotentiometry,0.02,1800,10,1771.0,0.846,0.846
Chronopotentiometry,0.02,1800,10,1771.0,0.846,0.846
Chronopotentiometry,0.02,1800,10,1771.0,0.846,0.846
Chronopotentiometry,0.02,1800,10,1772.0,0.846,0.846
Chronopotentiometry,0.02,1800,10,1772.0,0.846,0.846
Chronopotentiometry,0.02,1800,10,1772.0,0.8459,0.8459
Chronopotentiometry,0.02,1800,10,1772.0,0.8459,0.8459
Chronopotentiometry,0.02,1800,10,1772.0,0.8459,0.8459
Chronopotentiometry,0.02,1800,10,1772.0,0.8459,0.8459
Chronopotentiometry,0.02,1800,10,1772.0,0.8461,0.8461
Chronopotentiometry,0.02,1800,10,1772.0,0.846,0.846
Chronopotentiometry,0.02,1800,10,1772.0,0.846,0.846
Chronopotentiometry,0.02,1800,10,1772.0,0.846,0.846
Chronopotentiometry,0.02,1800,10,1773.0,0.846,0.846
Chronopotentiometry,0.02,1800,10,1773.0,0.846,0.846
Chronopotentiometry,0.02,1800,10,1773.0,0.8461,0.8461
Chronopotentiometry,0.02,1800,10,1773.0,0.846,0.846
Chronopotentiometry,0.02,1800,10,1773.0,0.846,0.846
Chronopotentiometry,0.02,1800,10,1773.0,0.846,0.846
Chronopotentiometry,0.02,1800,10,1773.0,0.8462,0.8462
Chronopotentiometry,0.02,1800,10,1773.0,0.8461,0.8461
Chronopotentiometry,0.02,1800,10,1773.0,0.8461,0.8461
Chronopotentiometry,0.02,1800,10,1773.0,0.8461,0.8461
Chronopotentiometry,0.02,1800,10,1774.0,0.8461,0.8461
Chronopotentiometry,0.02,1800,10,1774.0,0.8461,0.8461
Chronopotentiometry,0.02,1800,10,1774.0,0.8459,0.8459
Chronopotentiometry,0.02,1800,10,1774.0,0.8459,0.8459
Chronopotentiometry,0.02,1800,10,1774.0,0.8459,0.8459
Chronopotentiometry,0.02,1800,10,1774.0,0.8459,0.8459
Chronopotentiometry,0.02,1800,10,1774.0,0.8459,0.8459
Chronopotentiometry,0.02,1800,10,1774.0,0.846,0.846
Chronopotentiometry,0.02,1800,10,1774.0,0.8461,0.8461
Chronopotentiometry,0.02,1800,10,1774.0,0.8461,0.8461
Chronopotentiometry,0.02,1800,10,1775.0,0.846,0.846
Chronopotentiometry,0.02,1800,10,1775.0,0.846,0.846
Chronopotentiometry,0.02,1800,10,1775.0,0.8459,0.8459
Chronopotentiometry,0.02,1800,10,1775.0,0.846,0.846
Chronopotentiometry,0.02,1800,10,1775.0,0.846,0.846
Chronopotentiometry,0.02,1800,10,1775.0,0.846,0.846
Chronopotentiometry,0.02,1800,10,1775.0,0.8461,0.8461
Chronopotentiometry,0.02,1800,10,1775.0,0.8461,0.8461
Chronopotentiometry,0.02,1800,10,1775.0,0.846,0.846
Chronopotentiometry,0.02,1800,10,1775.0,0.846,0.846
Chronopotentiometry,0.02,1800,10,1776.0,0.846,0.846
Chronopotentiometry,0.02,1800,10,1776.0,0.846,0.846
Chronopotentiometry,0.02,1800,10,1776.0,0.846,0.846
Chronopotentiometry,0.02,1800,10,1776.0,0.8461,0.8461
Chronopotentiometry,0.02,1800,10,1776.0,0.8461,0.8461
Chronopotentiometry,0.02,1800,10,1776.0,0.846,0.846
Chronopotentiometry,0.02,1800,10,1776.0,0.846,0.846
Chronopotentiometry,0.02,1800,10,1776.0,0.8458,0.8458
Chronopotentiometry,0.02,1800,10,1776.0,0.846,0.846
Chronopotentiometry,0.02,1800,10,1776.0,0.846,0.846
Chronopotentiometry,0.02,1800,10,1777.0,0.8459,0.8459
Chronopotentiometry,0.02,1800,10,1777.0,0.8459,0.8459
Chronopotentiometry,0.02,1800,10,1777.0,0.846,0.846
Chronopotentiometry,0.02,1800,10,1777.0,0.846,0.846
Chronopotentiometry,0.02,1800,10,1777.0,0.846,0.846
Chronopotentiometry,0.02,1800,10,1777.0,0.846,0.846
Chronopotentiometry,0.02,1800,10,1777.0,0.846,0.846
Chronopotentiometry,0.02,1800,10,1777.0,0.846,0.846
Chronopotentiometry,0.02,1800,10,1777.0,0.846,0.846
Chronopotentiometry,0.02,1800,10,1777.0,0.8461,0.8461
Chronopotentiometry,0.02,1800,10,1778.0,0.8461,0.8461
Chronopotentiometry,0.02,1800,10,1778.0,0.8461,0.8461
Chronopotentiometry,0.02,1800,10,1778.0,0.8461,0.8461
Chronopotentiometry,0.02,1800,10,1778.0,0.846,0.846
Chronopotentiometry,0.02,1800,10,1778.0,0.8461,0.8461
Chronopotentiometry,0.02,1800,10,1778.0,0.846,0.846
Chronopotentiometry,0.02,1800,10,1778.0,0.8461,0.8461
Chronopotentiometry,0.02,1800,10,1778.0,0.8462,0.8462
Chronopotentiometry,0.02,1800,10,1778.0,0.8462,0.8462
Chronopotentiometry,0.02,1800,10,1778.0,0.8461,0.8461
Chronopotentiometry,0.02,1800,10,1779.0,0.8461,0.8461
Chronopotentiometry,0.02,1800,10,1779.0,0.846,0.846
Chronopotentiometry,0.02,1800,10,1779.0,0.8461,0.8461
Chronopotentiometry,0.02,1800,10,1779.0,0.8461,0.8461
Chronopotentiometry,0.02,1800,10,1779.0,0.846,0.846
Chronopotentiometry,0.02,1800,10,1779.0,0.8462,0.8462
Chronopotentiometry,0.02,1800,10,1779.0,0.8461,0.8461
Chronopotentiometry,0.02,1800,10,1779.0,0.8459,0.8459
Chronopotentiometry,0.02,1800,10,1779.0,0.846,0.846
Chronopotentiometry,0.02,1800,10,1779.0,0.846,0.846
Chronopotentiometry,0.02,1800,10,1780.0,0.846,0.846
Chronopotentiometry,0.02,1800,10,1780.0,0.846,0.846
Chronopotentiometry,0.02,1800,10,1780.0,0.846,0.846
Chronopotentiometry,0.02,1800,10,1780.0,0.8461,0.8461
Chronopotentiometry,0.02,1800,10,1780.0,0.846,0.846
Chronopotentiometry,0.02,1800,10,1780.0,0.846,0.846
Chronopotentiometry,0.02,1800,10,1780.0,0.8461,0.8461
Chronopotentiometry,0.02,1800,10,1780.0,0.846,0.846
Chronopotentiometry,0.02,1800,10,1780.0,0.8461,0.8461
Chronopotentiometry,0.02,1800,10,1780.0,0.8461,0.8461
Chronopotentiometry,0.02,1800,10,1781.0,0.8461,0.8461
Chronopotentiometry,0.02,1800,10,1781.0,0.8461,0.8461
Chronopotentiometry,0.02,1800,10,1781.0,0.846,0.846
Chronopotentiometry,0.02,1800,10,1781.0,0.8461,0.8461
Chronopotentiometry,0.02,1800,10,1781.0,0.8461,0.8461
Chronopotentiometry,0.02,1800,10,1781.0,0.8461,0.8461
Chronopotentiometry,0.02,1800,10,1781.0,0.8461,0.8461
Chronopotentiometry,0.02,1800,10,1781.0,0.8461,0.8461
Chronopotentiometry,0.02,1800,10,1781.0,0.846,0.846
Chronopotentiometry,0.02,1800,10,1781.0,0.8461,0.8461
Chronopotentiometry,0.02,1800,10,1782.0,0.8461,0.8461
Chronopotentiometry,0.02,1800,10,1782.0,0.8462,0.8462
Chronopotentiometry,0.02,1800,10,1782.0,0.8461,0.8461
Chronopotentiometry,0.02,1800,10,1782.0,0.8462,0.8462
Chronopotentiometry,0.02,1800,10,1782.0,0.8461,0.8461
Chronopotentiometry,0.02,1800,10,1782.0,0.8462,0.8462
Chronopotentiometry,0.02,1800,10,1782.0,0.8462,0.8462
Chronopotentiometry,0.02,1800,10,1782.0,0.8461,0.8461
Chronopotentiometry,0.02,1800,10,1782.0,0.8461,0.8461
Chronopotentiometry,0.02,1800,10,1782.0,0.8462,0.8462
Chronopotentiometry,0.02,1800,10,1783.0,0.8463,0.8463
Chronopotentiometry,0.02,1800,10,1783.0,0.8462,0.8462
Chronopotentiometry,0.02,1800,10,1783.0,0.8461,0.8461
Chronopotentiometry,0.02,1800,10,1783.0,0.846,0.846
Chronopotentiometry,0.02,1800,10,1783.0,0.8461,0.8461
Chronopotentiometry,0.02,1800,10,1783.0,0.8462,0.8462
Chronopotentiometry,0.02,1800,10,1783.0,0.8461,0.8461
Chronopotentiometry,0.02,1800,10,1783.0,0.8461,0.8461
Chronopotentiometry,0.02,1800,10,1783.0,0.8462,0.8462
Chronopotentiometry,0.02,1800,10,1783.0,0.8461,0.8461
Chronopotentiometry,0.02,1800,10,1784.0,0.8461,0.8461
Chronopotentiometry,0.02,1800,10,1784.0,0.8461,0.8461
Chronopotentiometry,0.02,1800,10,1784.0,0.8461,0.8461
Chronopotentiometry,0.02,1800,10,1784.0,0.846,0.846
Chronopotentiometry,0.02,1800,10,1784.0,0.8461,0.8461
Chronopotentiometry,0.02,1800,10,1784.0,0.846,0.846
Chronopotentiometry,0.02,1800,10,1784.0,0.8462,0.8462
Chronopotentiometry,0.02,1800,10,1784.0,0.8461,0.8461
Chronopotentiometry,0.02,1800,10,1784.0,0.846,0.846
Chronopotentiometry,0.02,1800,10,1784.0,0.8459,0.8459
Chronopotentiometry,0.02,1800,10,1785.0,0.8459,0.8459
Chronopotentiometry,0.02,1800,10,1785.0,0.846,0.846
Chronopotentiometry,0.02,1800,10,1785.0,0.846,0.846
Chronopotentiometry,0.02,1800,10,1785.0,0.846,0.846
Chronopotentiometry,0.02,1800,10,1785.0,0.846,0.846
Chronopotentiometry,0.02,1800,10,1785.0,0.846,0.846
Chronopotentiometry,0.02,1800,10,1785.0,0.8461,0.8461
Chronopotentiometry,0.02,1800,10,1785.0,0.8461,0.8461
Chronopotentiometry,0.02,1800,10,1785.0,0.8461,0.8461
Chronopotentiometry,0.02,1800,10,1785.0,0.8461,0.8461
Chronopotentiometry,0.02,1800,10,1786.0,0.8461,0.8461
Chronopotentiometry,0.02,1800,10,1786.0,0.8461,0.8461
Chronopotentiometry,0.02,1800,10,1786.0,0.8461,0.8461
Chronopotentiometry,0.02,1800,10,1786.0,0.8461,0.8461
Chronopotentiometry,0.02,1800,10,1786.0,0.8461,0.8461
Chronopotentiometry,0.02,1800,10,1786.0,0.8462,0.8462
Chronopotentiometry,0.02,1800,10,1786.0,0.8461,0.8461
Chronopotentiometry,0.02,1800,10,1786.0,0.8461,0.8461
Chronopotentiometry,0.02,1800,10,1786.0,0.8462,0.8462
Chronopotentiometry,0.02,1800,10,1786.0,0.8462,0.8462
Chronopotentiometry,0.02,1800,10,1787.0,0.8461,0.8461
Chronopotentiometry,0.02,1800,10,1787.0,0.8462,0.8462
Chronopotentiometry,0.02,1800,10,1787.0,0.8461,0.8461
Chronopotentiometry,0.02,1800,10,1787.0,0.8461,0.8461
Chronopotentiometry,0.02,1800,10,1787.0,0.8461,0.8461
Chronopotentiometry,0.02,1800,10,1787.0,0.8462,0.8462
Chronopotentiometry,0.02,1800,10,1787.0,0.8462,0.8462
Chronopotentiometry,0.02,1800,10,1787.0,0.846,0.846
Chronopotentiometry,0.02,1800,10,1787.0,0.8461,0.8461
Chronopotentiometry,0.02,1800,10,1787.0,0.8461,0.8461
Chronopotentiometry,0.02,1800,10,1788.0,0.8461,0.8461
Chronopotentiometry,0.02,1800,10,1788.0,0.8461,0.8461
Chronopotentiometry,0.02,1800,10,1788.0,0.8461,0.8461
Chronopotentiometry,0.02,1800,10,1788.0,0.8461,0.8461
Chronopotentiometry,0.02,1800,10,1788.0,0.8461,0.8461
Chronopotentiometry,0.02,1800,10,1788.0,0.8461,0.8461
Chronopotentiometry,0.02,1800,10,1788.0,0.8462,0.8462
Chronopotentiometry,0.02,1800,10,1788.0,0.8462,0.8462
Chronopotentiometry,0.02,1800,10,1788.0,0.8462,0.8462
Chronopotentiometry,0.02,1800,10,1788.0,0.8461,0.8461
Chronopotentiometry,0.02,1800,10,1789.0,0.8461,0.8461
Chronopotentiometry,0.02,1800,10,1789.0,0.8461,0.8461
Chronopotentiometry,0.02,1800,10,1789.0,0.8462,0.8462
Chronopotentiometry,0.02,1800,10,1789.0,0.8462,0.8462
Chronopotentiometry,0.02,1800,10,1789.0,0.8461,0.8461
Chronopotentiometry,0.02,1800,10,1789.0,0.8462,0.8462
Chronopotentiometry,0.02,1800,10,1789.0,0.8462,0.8462
Chronopotentiometry,0.02,1800,10,1789.0,0.8462,0.8462
Chronopotentiometry,0.02,1800,10,1789.0,0.8462,0.8462
Chronopotentiometry,0.02,1800,10,1789.0,0.8462,0.8462
Chronopotentiometry,0.02,1800,10,1790.0,0.8462,0.8462
Chronopotentiometry,0.02,1800,10,1790.0,0.8462,0.8462
Chronopotentiometry,0.02,1800,10,1790.0,0.8462,0.8462
Chronopotentiometry,0.02,1800,10,1790.0,0.8462,0.8462
Chronopotentiometry,0.02,1800,10,1790.0,0.846,0.846
Chronopotentiometry,0.02,1800,10,1790.0,0.846,0.846
Chronopotentiometry,0.02,1800,10,1790.0,0.8461,0.8461
Chronopotentiometry,0.02,1800,10,1790.0,0.8461,0.8461
Chronopotentiometry,0.02,1800,10,1790.0,0.8462,0.8462
Chronopotentiometry,0.02,1800,10,1790.0,0.8461,0.8461
Chronopotentiometry,0.02,1800,10,1791.0,0.8461,0.8461
Chronopotentiometry,0.02,1800,10,1791.0,0.8462,0.8462
Chronopotentiometry,0.02,1800,10,1791.0,0.8462,0.8462
Chronopotentiometry,0.02,1800,10,1791.0,0.8462,0.8462
Chronopotentiometry,0.02,1800,10,1791.0,0.8461,0.8461
Chronopotentiometry,0.02,1800,10,1791.0,0.8462,0.8462
Chronopotentiometry,0.02,1800,10,1791.0,0.8462,0.8462
Chronopotentiometry,0.02,1800,10,1791.0,0.8462,0.8462
Chronopotentiometry,0.02,1800,10,1791.0,0.8462,0.8462
Chronopotentiometry,0.02,1800,10,1791.0,0.8462,0.8462
Chronopotentiometry,0.02,1800,10,1792.0,0.8463,0.8463
Chronopotentiometry,0.02,1800,10,1792.0,0.8462,0.8462
Chronopotentiometry,0.02,1800,10,1792.0,0.8462,0.8462
Chronopotentiometry,0.02,1800,10,1792.0,0.8461,0.8461
Chronopotentiometry,0.02,1800,10,1792.0,0.8462,0.8462
Chronopotentiometry,0.02,1800,10,1792.0,0.8462,0.8462
Chronopotentiometry,0.02,1800,10,1792.0,0.8462,0.8462
Chronopotentiometry,0.02,1800,10,1792.0,0.8462,0.8462
Chronopotentiometry,0.02,1800,10,1792.0,0.8462,0.8462
Chronopotentiometry,0.02,1800,10,1792.0,0.8463,0.8463
Chronopotentiometry,0.02,1800,10,1793.0,0.8463,0.8463
Chronopotentiometry,0.02,1800,10,1793.0,0.8462,0.8462
Chronopotentiometry,0.02,1800,10,1793.0,0.8463,0.8463
Chronopotentiometry,0.02,1800,10,1793.0,0.8462,0.8462
Chronopotentiometry,0.02,1800,10,1793.0,0.8462,0.8462
Chronopotentiometry,0.02,1800,10,1793.0,0.8461,0.8461
Chronopotentiometry,0.02,1800,10,1793.0,0.8461,0.8461
Chronopotentiometry,0.02,1800,10,1793.0,0.8461,0.8461
Chronopotentiometry,0.02,1800,10,1793.0,0.8461,0.8461
Chronopotentiometry,0.02,1800,10,1793.0,0.8462,0.8462
Chronopotentiometry,0.02,1800,10,1794.0,0.8462,0.8462
Chronopotentiometry,0.02,1800,10,1794.0,0.8462,0.8462
Chronopotentiometry,0.02,1800,10,1794.0,0.8462,0.8462
Chronopotentiometry,0.02,1800,10,1794.0,0.8462,0.8462
Chronopotentiometry,0.02,1800,10,1794.0,0.8462,0.8462
Chronopotentiometry,0.02,1800,10,1794.0,0.8461,0.8461
Chronopotentiometry,0.02,1800,10,1794.0,0.8462,0.8462
Chronopotentiometry,0.02,1800,10,1794.0,0.8462,0.8462
Chronopotentiometry,0.02,1800,10,1794.0,0.8461,0.8461
Chronopotentiometry,0.02,1800,10,1794.0,0.8461,0.8461
Chronopotentiometry,0.02,1800,10,1795.0,0.8462,0.8462
Chronopotentiometry,0.02,1800,10,1795.0,0.8463,0.8463
Chronopotentiometry,0.02,1800,10,1795.0,0.8462,0.8462
Chronopotentiometry,0.02,1800,10,1795.0,0.8462,0.8462
Chronopotentiometry,0.02,1800,10,1795.0,0.8462,0.8462
Chronopotentiometry,0.02,1800,10,1795.0,0.8462,0.8462
Chronopotentiometry,0.02,1800,10,1795.0,0.8463,0.8463
Chronopotentiometry,0.02,1800,10,1795.0,0.8463,0.8463
Chronopotentiometry,0.02,1800,10,1795.0,0.8462,0.8462
Chronopotentiometry,0.02,1800,10,1795.0,0.8462,0.8462
Chronopotentiometry,0.02,1800,10,1796.0,0.8462,0.8462
Chronopotentiometry,0.02,1800,10,1796.0,0.8462,0.8462
Chronopotentiometry,0.02,1800,10,1796.0,0.8462,0.8462
Chronopotentiometry,0.02,1800,10,1796.0,0.8462,0.8462
Chronopotentiometry,0.02,1800,10,1796.0,0.8462,0.8462
Chronopotentiometry,0.02,1800,10,1796.0,0.8461,0.8461
Chronopotentiometry,0.02,1800,10,1796.0,0.8461,0.8461
Chronopotentiometry,0.02,1800,10,1796.0,0.8462,0.8462
Chronopotentiometry,0.02,1800,10,1796.0,0.8463,0.8463
Chronopotentiometry,0.02,1800,10,1796.0,0.8462,0.8462
Chronopotentiometry,0.02,1800,10,1797.0,0.8462,0.8462
Chronopotentiometry,0.02,1800,10,1797.0,0.8461,0.8461
Chronopotentiometry,0.02,1800,10,1797.0,0.8461,0.8461
Chronopotentiometry,0.02,1800,10,1797.0,0.8461,0.8461
Chronopotentiometry,0.02,1800,10,1797.0,0.8461,0.8461
Chronopotentiometry,0.02,1800,10,1797.0,0.8462,0.8462
Chronopotentiometry,0.02,1800,10,1797.0,0.8462,0.8462
Chronopotentiometry,0.02,1800,10,1797.0,0.8461,0.8461
Chronopotentiometry,0.02,1800,10,1797.0,0.8462,0.8462
Chronopotentiometry,0.02,1800,10,1797.0,0.8462,0.8462
Chronopotentiometry,0.02,1800,10,1798.0,0.8462,0.8462
Chronopotentiometry,0.02,1800,10,1798.0,0.8462,0.8462
Chronopotentiometry,0.02,1800,10,1798.0,0.8462,0.8462
Chronopotentiometry,0.02,1800,10,1798.0,0.8462,0.8462
Chronopotentiometry,0.02,1800,10,1798.0,0.8462,0.8462
Chronopotentiometry,0.02,1800,10,1798.0,0.8462,0.8462
Chronopotentiometry,0.02,1800,10,1798.0,0.8462,0.8462
Chronopotentiometry,0.02,1800,10,1798.0,0.8462,0.8462
Chronopotentiometry,0.02,1800,10,1798.0,0.8461,0.8461
Chronopotentiometry,0.02,1800,10,1798.0,0.8462,0.8462
Chronopotentiometry,0.02,1800,10,1799.0,0.8463,0.8463
Chronopotentiometry,0.02,1800,10,1799.0,0.8463,0.8463
Chronopotentiometry,0.02,1800,10,1799.0,0.8463,0.8463
Chronopotentiometry,0.02,1800,10,1799.0,0.8463,0.8463
Chronopotentiometry,0.02,1800,10,1799.0,0.8462,0.8462
Chronopotentiometry,0.02,1800,10,1799.0,0.8461,0.8461
Chronopotentiometry,0.02,1800,10,1799.0,0.8462,0.8462
Chronopotentiometry,0.02,1800,10,1799.0,0.8463,0.8463
Chronopotentiometry,0.02,1800,10,1799.0,0.8462,0.8462
Chronopotentiometry,0.02,1800,10,1799.0,0.8463,0.8463
Chronopotentiometry,0.02,1800,10,1800.0,0.8463,0.8463
Chronopotentiometry,0.02,1800,10,1800.0,0.8463,0.8463
Chronopotentiometry,0.02,1800,10,1800.0,0.8462,0.8462
Chronopotentiometry,0.02,1800,10,1800.0,0.8461,0.8461
Chronopotentiometry,0.02,1800,10,1800.0,0.8462,0.8462
Chronopotentiometry,0.02,1800,10,1800.0,0.8462,0.8462
