,R2 threshold,Overpotential Fit Width / V,Tafel slope / mV Decade-1,Exchange Current / A,Optimal Residual,Starting Fit Potential / V,Tafel R2,LSV R2,Ending Fit Potential
0,0.9,0.01,13.379586345528399,4.394074368307124e-06,0.0033386169143680374,0.0028484,0.9688432182344582,0.9787760118647355,0.0128484
1,0.9,0.011,11.0806767893636,3.123947489125026e-06,0.003270754092909272,0.0019883,0.9027296286690589,0.9780942741383083,0.0129883
2,0.9,0.011999999999999999,11.58118355955447,3.293376818872997e-06,0.003330597836667498,0.0019883,0.9033327906771372,0.9808069213152326,0.013988299999999999
3,0.9,0.012999999999999998,15.022082581895585,5.012110393756075e-06,0.0034189981506227464,0.0028484,0.955492053297844,0.9797517170062728,0.0158484
4,0.9,0.013999999999999997,15.87406390865404,5.341693519598116e-06,0.0036228176760949335,0.0028484,0.9551778894357867,0.9782165256530232,0.016848399999999996
5,0.9,0.014999999999999996,16.356203748576533,5.529657900997321e-06,0.0036560041641895066,0.0028484,0.9527475617787137,0.9806548133259199,0.017848399999999997
6,0.9,0.015999999999999993,14.118219976357066,4.179285951882097e-06,0.003611415114043655,0.0019883,0.9001297280098411,0.9790893910213299,0.017988299999999992
7,0.9,0.016999999999999994,17.09798512138215,5.825328144391394e-06,0.00386889284907065,0.0028484,0.953471132385366,0.9768541712556255,0.019848399999999995
8,0.9,0.017999999999999995,15.39488121263942,4.643645122647045e-06,0.0038505014629285766,0.0019883,0.90277246212732,0.9770850480920056,0.019988299999999994
9,0.9,0.018999999999999993,15.838102786979512,4.8099926400806275e-06,0.003922312765742149,0.0019883,0.9027495332693056,0.9776117064185194,0.020988299999999994
10,0.9,0.01999999999999999,16.250360371285915,4.966996434610908e-06,0.0040254596896842285,0.0019883,0.9037347211907613,0.9757850735249907,0.02198829999999999
11,0.9,0.02099999999999999,16.648273587542544,5.119814578933892e-06,0.004120100045915413,0.0019883,0.9046099131447423,0.9747210502853193,0.02298829999999999
12,0.9,0.021999999999999992,17.01426519679762,5.262088661929396e-06,0.004238490419082089,0.0019883,0.906123137623889,0.9716825084974192,0.02398829999999999
13,0.9,0.02299999999999999,17.708510783010055,5.5376457497310834e-06,0.004494807101972966,0.0019883,0.9094389429033206,0.964666517980632,0.02498829999999999
14,0.9,0.023999999999999987,18.074003490542047,5.686021276478326e-06,0.004603649312200827,0.0019883,0.9102238376043852,0.9639254928141149,0.025988299999999985
15,0.9,0.024999999999999988,18.387918597096412,5.815171180306475e-06,0.004755297059695356,0.0019883,0.9121639517273534,0.9593801233906969,0.026988299999999986
16,0.9,0.02599999999999999,18.690287433352246,5.941335662917026e-06,0.004913271714519628,0.0019883,0.9140958384453689,0.9549644227787578,0.027988299999999987
17,0.9,0.02699999999999999,19.309773550661294,6.205356321979953e-06,0.005203283743310185,0.0019883,0.9168296354938297,0.9504967942602078,0.028988299999999988
18,0.9,0.027999999999999983,19.618375827582877,6.33982201464898e-06,0.005351315374764654,0.0019883,0.9180061267286443,0.948552675573357,0.02998829999999998
19,0.9,0.028999999999999984,19.906869089081376,6.467332739494671e-06,0.005525043185006137,0.0019883,0.9194918052941558,0.9446317107330254,0.030988299999999983
20,0.9,0.029999999999999985,20.176267038854707,6.588004311673316e-06,0.005714171010433237,0.0019883,0.9211807428768867,0.9398868311662588,0.03198829999999998
21,0.9,0.030999999999999986,20.725264433568537,6.838663955519549e-06,0.00605442976782703,0.0019883,0.9236652113344532,0.9357340052915558,0.032988299999999984
22,0.9,0.03199999999999998,21.01421979292787,6.973550800903466e-06,0.006217749556489457,0.0019883,0.9244340741263116,0.9347584305692485,0.03398829999999998
23,0.9,0.03299999999999998,21.309875128339847,7.113632350734235e-06,0.006376705904519262,0.0019883,0.9250047088845921,0.9343429548520116,0.03498829999999998
24,0.9,0.03399999999999998,21.84855736821711,7.3733985708665275e-06,0.006748053014371404,0.0019883,0.9268456575743865,0.9299049866919942,0.03598829999999998
25,0.9,0.03499999999999998,22.1275010223494,7.510052125408214e-06,0.0069052833025557035,0.0019883,0.9272967771213304,0.9300054966878464,0.03698829999999998
26,0.9,0.035999999999999976,22.393965233034237,7.642606282148606e-06,0.0070895191595421545,0.0019883,0.9279995428874632,0.9284143721834519,0.037988299999999975
27,0.9,0.03699999999999998,22.67278101537243,7.78324789956886e-06,0.007263561025272336,0.0019883,0.9284010471634565,0.9278401064956839,0.038988299999999976
28,0.9,0.03799999999999998,23.209350265089878,8.059630031952855e-06,0.007659730939620384,0.0019883,0.929502373733261,0.9242022389091308,0.03998829999999998
29,0.9,0.03899999999999998,23.482359503452386,8.203445230004495e-06,0.007873771000933505,0.0019883,0.9299774692137809,0.9219801712218698,0.04098829999999998
30,0.9,0.03999999999999997,23.75218192008751,8.347509735955417e-06,0.008099152725351453,0.0019883,0.9304840203380538,0.9194527591963985,0.04198829999999997
31,0.9,0.040999999999999974,24.012220580817054,8.487927674370535e-06,0.008334520134642713,0.0019883,0.9310882634995713,0.9166465990697454,0.04298829999999997
32,0.9,0.041999999999999975,24.312044084101398,8.651076864578756e-06,0.00848863201098388,0.0019883,0.930747828286128,0.9186468757351772,0.04398829999999997
33,0.9,0.042999999999999976,24.812405016287624,8.928082672341535e-06,0.008948638731366327,0.0019883,0.9318402320215241,0.9143050026346601,0.044988299999999974
34,0.9,0.04399999999999998,25.073543553334968,9.075166231383165e-06,0.009163141728424092,0.0019883,0.9321029464465801,0.9135884344871258,0.045988299999999975
35,0.9,0.04499999999999997,25.334367640249408,9.223086370668755e-06,0.009354966268635483,0.0019883,0.9322264667501415,0.9140020647239916,0.04698829999999997
36,0.9,0.04599999999999997,25.792502900509085,9.486358432797815e-06,0.009809177946539396,0.0019883,0.9332717566337175,0.9107951723775937,0.04798829999999997
37,0.9,0.04699999999999997,26.03311084665443,9.627313794914425e-06,0.010031033074580835,0.0019883,0.9335742398002976,0.9099997147148332,0.04898829999999997
38,0.9,0.047999999999999966,26.513106503767755,9.912837251790087e-06,0.010463363358037759,0.0019883,0.9340100763981545,0.9092500204697531,0.049988299999999965
39,0.9,0.04899999999999997,26.747760474660648,1.0054964238087584e-05,0.010702623463010982,0.0019883,0.9343009859759219,0.9079051513134466,0.050988299999999966
40,0.901,0.01,13.379586345528399,4.394074368307124e-06,0.0033386169143680374,0.0028484,0.9688432182344582,0.9787760118647355,0.0128484
41,0.901,0.011,11.0806767893636,3.123947489125026e-06,0.003270754092909272,0.0019883,0.9027296286690589,0.9780942741383083,0.0129883
42,0.901,0.011999999999999999,11.58118355955447,3.293376818872997e-06,0.003330597836667498,0.0019883,0.9033327906771372,0.9808069213152326,0.013988299999999999
43,0.901,0.012999999999999998,15.022082581895585,5.012110393756075e-06,0.0034189981506227464,0.0028484,0.955492053297844,0.9797517170062728,0.0158484
44,0.901,0.013999999999999997,15.87406390865404,5.341693519598116e-06,0.0036228176760949335,0.0028484,0.9551778894357867,0.9782165256530232,0.016848399999999996
45,0.901,0.014999999999999996,16.356203748576533,5.529657900997321e-06,0.0036560041641895066,0.0028484,0.9527475617787137,0.9806548133259199,0.017848399999999997
46,0.901,0.015999999999999993,16.701955651370376,5.6662268721872935e-06,0.00377678885276301,0.0028484,0.9537739239910008,0.9772853748376463,0.018848399999999994
47,0.901,0.016999999999999994,17.09798512138215,5.825328144391394e-06,0.00386889284907065,0.0028484,0.953471132385366,0.9768541712556255,0.019848399999999995
48,0.901,0.017999999999999995,15.39488121263942,4.643645122647045e-06,0.0038505014629285766,0.0019883,0.90277246212732,0.9770850480920056,0.019988299999999994
49,0.901,0.018999999999999993,15.838102786979512,4.8099926400806275e-06,0.003922312765742149,0.0019883,0.9027495332693056,0.9776117064185194,0.020988299999999994
50,0.901,0.01999999999999999,16.250360371285915,4.966996434610908e-06,0.0040254596896842285,0.0019883,0.9037347211907613,0.9757850735249907,0.02198829999999999
51,0.901,0.02099999999999999,16.648273587542544,5.119814578933892e-06,0.004120100045915413,0.0019883,0.9046099131447423,0.9747210502853193,0.02298829999999999
52,0.901,0.021999999999999992,17.01426519679762,5.262088661929396e-06,0.004238490419082089,0.0019883,0.906123137623889,0.9716825084974192,0.02398829999999999
53,0.901,0.02299999999999999,17.708510783010055,5.5376457497310834e-06,0.004494807101972966,0.0019883,0.9094389429033206,0.964666517980632,0.02498829999999999
54,0.901,0.023999999999999987,18.074003490542047,5.686021276478326e-06,0.004603649312200827,0.0019883,0.9102238376043852,0.9639254928141149,0.025988299999999985
55,0.901,0.024999999999999988,18.387918597096412,5.815171180306475e-06,0.004755297059695356,0.0019883,0.9121639517273534,0.9593801233906969,0.026988299999999986
56,0.901,0.02599999999999999,18.690287433352246,5.941335662917026e-06,0.004913271714519628,0.0019883,0.9140958384453689,0.9549644227787578,0.027988299999999987
57,0.901,0.02699999999999999,19.309773550661294,6.205356321979953e-06,0.005203283743310185,0.0019883,0.9168296354938297,0.9504967942602078,0.028988299999999988
58,0.901,0.027999999999999983,19.618375827582877,6.33982201464898e-06,0.005351315374764654,0.0019883,0.9180061267286443,0.948552675573357,0.02998829999999998
59,0.901,0.028999999999999984,19.906869089081376,6.467332739494671e-06,0.005525043185006137,0.0019883,0.9194918052941558,0.9446317107330254,0.030988299999999983
60,0.901,0.029999999999999985,20.176267038854707,6.588004311673316e-06,0.005714171010433237,0.0019883,0.9211807428768867,0.9398868311662588,0.03198829999999998
61,0.901,0.030999999999999986,20.725264433568537,6.838663955519549e-06,0.00605442976782703,0.0019883,0.9236652113344532,0.9357340052915558,0.032988299999999984
62,0.901,0.03199999999999998,21.01421979292787,6.973550800903466e-06,0.006217749556489457,0.0019883,0.9244340741263116,0.9347584305692485,0.03398829999999998
63,0.901,0.03299999999999998,21.309875128339847,7.113632350734235e-06,0.006376705904519262,0.0019883,0.9250047088845921,0.9343429548520116,0.03498829999999998
64,0.901,0.03399999999999998,21.84855736821711,7.3733985708665275e-06,0.006748053014371404,0.0019883,0.9268456575743865,0.9299049866919942,0.03598829999999998
65,0.901,0.03499999999999998,22.1275010223494,7.510052125408214e-06,0.0069052833025557035,0.0019883,0.9272967771213304,0.9300054966878464,0.03698829999999998
66,0.901,0.035999999999999976,22.393965233034237,7.642606282148606e-06,0.0070895191595421545,0.0019883,0.9279995428874632,0.9284143721834519,0.037988299999999975
67,0.901,0.03699999999999998,22.67278101537243,7.78324789956886e-06,0.007263561025272336,0.0019883,0.9284010471634565,0.9278401064956839,0.038988299999999976
68,0.901,0.03799999999999998,23.209350265089878,8.059630031952855e-06,0.007659730939620384,0.0019883,0.929502373733261,0.9242022389091308,0.03998829999999998
69,0.901,0.03899999999999998,23.482359503452386,8.203445230004495e-06,0.007873771000933505,0.0019883,0.9299774692137809,0.9219801712218698,0.04098829999999998
70,0.901,0.03999999999999997,23.75218192008751,8.347509735955417e-06,0.008099152725351453,0.0019883,0.9304840203380538,0.9194527591963985,0.04198829999999997
71,0.901,0.040999999999999974,24.012220580817054,8.487927674370535e-06,0.008334520134642713,0.0019883,0.9310882634995713,0.9166465990697454,0.04298829999999997
72,0.901,0.041999999999999975,24.312044084101398,8.651076864578756e-06,0.00848863201098388,0.0019883,0.930747828286128,0.9186468757351772,0.04398829999999997
73,0.901,0.042999999999999976,24.812405016287624,8.928082672341535e-06,0.008948638731366327,0.0019883,0.9318402320215241,0.9143050026346601,0.044988299999999974
74,0.901,0.04399999999999998,25.073543553334968,9.075166231383165e-06,0.009163141728424092,0.0019883,0.9321029464465801,0.9135884344871258,0.045988299999999975
75,0.901,0.04499999999999997,25.334367640249408,9.223086370668755e-06,0.009354966268635483,0.0019883,0.9322264667501415,0.9140020647239916,0.04698829999999997
76,0.901,0.04599999999999997,25.792502900509085,9.486358432797815e-06,0.009809177946539396,0.0019883,0.9332717566337175,0.9107951723775937,0.04798829999999997
77,0.901,0.04699999999999997,26.03311084665443,9.627313794914425e-06,0.010031033074580835,0.0019883,0.9335742398002976,0.9099997147148332,0.04898829999999997
78,0.901,0.047999999999999966,26.513106503767755,9.912837251790087e-06,0.010463363358037759,0.0019883,0.9340100763981545,0.9092500204697531,0.049988299999999965
79,0.901,0.04899999999999997,26.747760474660648,1.0054964238087584e-05,0.010702623463010982,0.0019883,0.9343009859759219,0.9079051513134466,0.050988299999999966
80,0.902,0.01,13.379586345528399,4.394074368307124e-06,0.0033386169143680374,0.0028484,0.9688432182344582,0.9787760118647355,0.0128484
81,0.902,0.011,11.0806767893636,3.123947489125026e-06,0.003270754092909272,0.0019883,0.9027296286690589,0.9780942741383083,0.0129883
82,0.902,0.011999999999999999,11.58118355955447,3.293376818872997e-06,0.003330597836667498,0.0019883,0.9033327906771372,0.9808069213152326,0.013988299999999999
83,0.902,0.012999999999999998,15.022082581895585,5.012110393756075e-06,0.0034189981506227464,0.0028484,0.955492053297844,0.9797517170062728,0.0158484
84,0.902,0.013999999999999997,15.87406390865404,5.341693519598116e-06,0.0036228176760949335,0.0028484,0.9551778894357867,0.9782165256530232,0.016848399999999996
85,0.902,0.014999999999999996,16.356203748576533,5.529657900997321e-06,0.0036560041641895066,0.0028484,0.9527475617787137,0.9806548133259199,0.017848399999999997
86,0.902,0.015999999999999993,16.701955651370376,5.6662268721872935e-06,0.00377678885276301,0.0028484,0.9537739239910008,0.9772853748376463,0.018848399999999994
87,0.902,0.016999999999999994,17.09798512138215,5.825328144391394e-06,0.00386889284907065,0.0028484,0.953471132385366,0.9768541712556255,0.019848399999999995
88,0.902,0.017999999999999995,15.39488121263942,4.643645122647045e-06,0.0038505014629285766,0.0019883,0.90277246212732,0.9770850480920056,0.019988299999999994
89,0.902,0.018999999999999993,15.838102786979512,4.8099926400806275e-06,0.003922312765742149,0.0019883,0.9027495332693056,0.9776117064185194,0.020988299999999994
90,0.902,0.01999999999999999,16.250360371285915,4.966996434610908e-06,0.0040254596896842285,0.0019883,0.9037347211907613,0.9757850735249907,0.02198829999999999
91,0.902,0.02099999999999999,16.648273587542544,5.119814578933892e-06,0.004120100045915413,0.0019883,0.9046099131447423,0.9747210502853193,0.02298829999999999
92,0.902,0.021999999999999992,17.01426519679762,5.262088661929396e-06,0.004238490419082089,0.0019883,0.906123137623889,0.9716825084974192,0.02398829999999999
93,0.902,0.02299999999999999,17.708510783010055,5.5376457497310834e-06,0.004494807101972966,0.0019883,0.9094389429033206,0.964666517980632,0.02498829999999999
94,0.902,0.023999999999999987,18.074003490542047,5.686021276478326e-06,0.004603649312200827,0.0019883,0.9102238376043852,0.9639254928141149,0.025988299999999985
95,0.902,0.024999999999999988,18.387918597096412,5.815171180306475e-06,0.004755297059695356,0.0019883,0.9121639517273534,0.9593801233906969,0.026988299999999986
96,0.902,0.02599999999999999,18.690287433352246,5.941335662917026e-06,0.004913271714519628,0.0019883,0.9140958384453689,0.9549644227787578,0.027988299999999987
97,0.902,0.02699999999999999,19.309773550661294,6.205356321979953e-06,0.005203283743310185,0.0019883,0.9168296354938297,0.9504967942602078,0.028988299999999988
98,0.902,0.027999999999999983,19.618375827582877,6.33982201464898e-06,0.005351315374764654,0.0019883,0.9180061267286443,0.948552675573357,0.02998829999999998
99,0.902,0.028999999999999984,19.906869089081376,6.467332739494671e-06,0.005525043185006137,0.0019883,0.9194918052941558,0.9446317107330254,0.030988299999999983
100,0.902,0.029999999999999985,20.176267038854707,6.588004311673316e-06,0.005714171010433237,0.0019883,0.9211807428768867,0.9398868311662588,0.03198829999999998
101,0.902,0.030999999999999986,20.725264433568537,6.838663955519549e-06,0.00605442976782703,0.0019883,0.9236652113344532,0.9357340052915558,0.032988299999999984
102,0.902,0.03199999999999998,21.01421979292787,6.973550800903466e-06,0.006217749556489457,0.0019883,0.9244340741263116,0.9347584305692485,0.03398829999999998
103,0.902,0.03299999999999998,21.309875128339847,7.113632350734235e-06,0.006376705904519262,0.0019883,0.9250047088845921,0.9343429548520116,0.03498829999999998
104,0.902,0.03399999999999998,21.84855736821711,7.3733985708665275e-06,0.006748053014371404,0.0019883,0.9268456575743865,0.9299049866919942,0.03598829999999998
105,0.902,0.03499999999999998,22.1275010223494,7.510052125408214e-06,0.0069052833025557035,0.0019883,0.9272967771213304,0.9300054966878464,0.03698829999999998
106,0.902,0.035999999999999976,22.393965233034237,7.642606282148606e-06,0.0070895191595421545,0.0019883,0.9279995428874632,0.9284143721834519,0.037988299999999975
107,0.902,0.03699999999999998,22.67278101537243,7.78324789956886e-06,0.007263561025272336,0.0019883,0.9284010471634565,0.9278401064956839,0.038988299999999976
108,0.902,0.03799999999999998,23.209350265089878,8.059630031952855e-06,0.007659730939620384,0.0019883,0.929502373733261,0.9242022389091308,0.03998829999999998
109,0.902,0.03899999999999998,23.482359503452386,8.203445230004495e-06,0.007873771000933505,0.0019883,0.9299774692137809,0.9219801712218698,0.04098829999999998
110,0.902,0.03999999999999997,23.75218192008751,8.347509735955417e-06,0.008099152725351453,0.0019883,0.9304840203380538,0.9194527591963985,0.04198829999999997
111,0.902,0.040999999999999974,24.012220580817054,8.487927674370535e-06,0.008334520134642713,0.0019883,0.9310882634995713,0.9166465990697454,0.04298829999999997
112,0.902,0.041999999999999975,24.312044084101398,8.651076864578756e-06,0.00848863201098388,0.0019883,0.930747828286128,0.9186468757351772,0.04398829999999997
113,0.902,0.042999999999999976,24.812405016287624,8.928082672341535e-06,0.008948638731366327,0.0019883,0.9318402320215241,0.9143050026346601,0.044988299999999974
114,0.902,0.04399999999999998,25.073543553334968,9.075166231383165e-06,0.009163141728424092,0.0019883,0.9321029464465801,0.9135884344871258,0.045988299999999975
115,0.902,0.04499999999999997,25.334367640249408,9.223086370668755e-06,0.009354966268635483,0.0019883,0.9322264667501415,0.9140020647239916,0.04698829999999997
116,0.902,0.04599999999999997,25.792502900509085,9.486358432797815e-06,0.009809177946539396,0.0019883,0.9332717566337175,0.9107951723775937,0.04798829999999997
117,0.902,0.04699999999999997,26.03311084665443,9.627313794914425e-06,0.010031033074580835,0.0019883,0.9335742398002976,0.9099997147148332,0.04898829999999997
118,0.902,0.047999999999999966,26.513106503767755,9.912837251790087e-06,0.010463363358037759,0.0019883,0.9340100763981545,0.9092500204697531,0.049988299999999965
119,0.902,0.04899999999999997,26.747760474660648,1.0054964238087584e-05,0.010702623463010982,0.0019883,0.9343009859759219,0.9079051513134466,0.050988299999999966
120,0.903,0.01,13.379586345528399,4.394074368307124e-06,0.0033386169143680374,0.0028484,0.9688432182344582,0.9787760118647355,0.0128484
121,0.903,0.011,14.031818883476717,4.636762944573607e-06,0.003298267841772142,0.0028484,0.9609279096296571,0.9817069032379813,0.0138484
122,0.903,0.011999999999999999,11.58118355955447,3.293376818872997e-06,0.003330597836667498,0.0019883,0.9033327906771372,0.9808069213152326,0.013988299999999999
123,0.903,0.012999999999999998,15.022082581895585,5.012110393756075e-06,0.0034189981506227464,0.0028484,0.955492053297844,0.9797517170062728,0.0158484
124,0.903,0.013999999999999997,15.87406390865404,5.341693519598116e-06,0.0036228176760949335,0.0028484,0.9551778894357867,0.9782165256530232,0.016848399999999996
125,0.903,0.014999999999999996,16.356203748576533,5.529657900997321e-06,0.0036560041641895066,0.0028484,0.9527475617787137,0.9806548133259199,0.017848399999999997
126,0.903,0.015999999999999993,16.701955651370376,5.6662268721872935e-06,0.00377678885276301,0.0028484,0.9537739239910008,0.9772853748376463,0.018848399999999994
127,0.903,0.016999999999999994,17.09798512138215,5.825328144391394e-06,0.00386889284907065,0.0028484,0.953471132385366,0.9768541712556255,0.019848399999999995
128,0.903,0.017999999999999995,17.925167211302654,6.1646575638765935e-06,0.00404798851281294,0.0028484,0.9519826953447572,0.9759568875469974,0.020848399999999996
129,0.903,0.018999999999999993,18.306202333695403,6.323429216427377e-06,0.004144970784022706,0.0028484,0.9517066201456694,0.975056876911583,0.021848399999999994
130,0.903,0.01999999999999999,16.250360371285915,4.966996434610908e-06,0.0040254596896842285,0.0019883,0.9037347211907613,0.9757850735249907,0.02198829999999999
131,0.903,0.02099999999999999,16.648273587542544,5.119814578933892e-06,0.004120100045915413,0.0019883,0.9046099131447423,0.9747210502853193,0.02298829999999999
132,0.903,0.021999999999999992,17.01426519679762,5.262088661929396e-06,0.004238490419082089,0.0019883,0.906123137623889,0.9716825084974192,0.02398829999999999
133,0.903,0.02299999999999999,17.708510783010055,5.5376457497310834e-06,0.004494807101972966,0.0019883,0.9094389429033206,0.964666517980632,0.02498829999999999
134,0.903,0.023999999999999987,18.074003490542047,5.686021276478326e-06,0.004603649312200827,0.0019883,0.9102238376043852,0.9639254928141149,0.025988299999999985
135,0.903,0.024999999999999988,18.387918597096412,5.815171180306475e-06,0.004755297059695356,0.0019883,0.9121639517273534,0.9593801233906969,0.026988299999999986
136,0.903,0.02599999999999999,18.690287433352246,5.941335662917026e-06,0.004913271714519628,0.0019883,0.9140958384453689,0.9549644227787578,0.027988299999999987
137,0.903,0.02699999999999999,19.309773550661294,6.205356321979953e-06,0.005203283743310185,0.0019883,0.9168296354938297,0.9504967942602078,0.028988299999999988
138,0.903,0.027999999999999983,19.618375827582877,6.33982201464898e-06,0.005351315374764654,0.0019883,0.9180061267286443,0.948552675573357,0.02998829999999998
139,0.903,0.028999999999999984,19.906869089081376,6.467332739494671e-06,0.005525043185006137,0.0019883,0.9194918052941558,0.9446317107330254,0.030988299999999983
140,0.903,0.029999999999999985,20.176267038854707,6.588004311673316e-06,0.005714171010433237,0.0019883,0.9211807428768867,0.9398868311662588,0.03198829999999998
141,0.903,0.030999999999999986,20.725264433568537,6.838663955519549e-06,0.00605442976782703,0.0019883,0.9236652113344532,0.9357340052915558,0.032988299999999984
142,0.903,0.03199999999999998,21.01421979292787,6.973550800903466e-06,0.006217749556489457,0.0019883,0.9244340741263116,0.9347584305692485,0.03398829999999998
143,0.903,0.03299999999999998,21.309875128339847,7.113632350734235e-06,0.006376705904519262,0.0019883,0.9250047088845921,0.9343429548520116,0.03498829999999998
144,0.903,0.03399999999999998,21.84855736821711,7.3733985708665275e-06,0.006748053014371404,0.0019883,0.9268456575743865,0.9299049866919942,0.03598829999999998
145,0.903,0.03499999999999998,22.1275010223494,7.510052125408214e-06,0.0069052833025557035,0.0019883,0.9272967771213304,0.9300054966878464,0.03698829999999998
146,0.903,0.035999999999999976,22.393965233034237,7.642606282148606e-06,0.0070895191595421545,0.0019883,0.9279995428874632,0.9284143721834519,0.037988299999999975
147,0.903,0.03699999999999998,22.67278101537243,7.78324789956886e-06,0.007263561025272336,0.0019883,0.9284010471634565,0.9278401064956839,0.038988299999999976
148,0.903,0.03799999999999998,23.209350265089878,8.059630031952855e-06,0.007659730939620384,0.0019883,0.929502373733261,0.9242022389091308,0.03998829999999998
149,0.903,0.03899999999999998,23.482359503452386,8.203445230004495e-06,0.007873771000933505,0.0019883,0.9299774692137809,0.9219801712218698,0.04098829999999998
150,0.903,0.03999999999999997,23.75218192008751,8.347509735955417e-06,0.008099152725351453,0.0019883,0.9304840203380538,0.9194527591963985,0.04198829999999997
151,0.903,0.040999999999999974,24.012220580817054,8.487927674370535e-06,0.008334520134642713,0.0019883,0.9310882634995713,0.9166465990697454,0.04298829999999997
152,0.903,0.041999999999999975,24.312044084101398,8.651076864578756e-06,0.00848863201098388,0.0019883,0.930747828286128,0.9186468757351772,0.04398829999999997
153,0.903,0.042999999999999976,24.812405016287624,8.928082672341535e-06,0.008948638731366327,0.0019883,0.9318402320215241,0.9143050026346601,0.044988299999999974
154,0.903,0.04399999999999998,25.073543553334968,9.075166231383165e-06,0.009163141728424092,0.0019883,0.9321029464465801,0.9135884344871258,0.045988299999999975
155,0.903,0.04499999999999997,25.334367640249408,9.223086370668755e-06,0.009354966268635483,0.0019883,0.9322264667501415,0.9140020647239916,0.04698829999999997
156,0.903,0.04599999999999997,25.792502900509085,9.486358432797815e-06,0.009809177946539396,0.0019883,0.9332717566337175,0.9107951723775937,0.04798829999999997
157,0.903,0.04699999999999997,26.03311084665443,9.627313794914425e-06,0.010031033074580835,0.0019883,0.9335742398002976,0.9099997147148332,0.04898829999999997
158,0.903,0.047999999999999966,26.513106503767755,9.912837251790087e-06,0.010463363358037759,0.0019883,0.9340100763981545,0.9092500204697531,0.049988299999999965
159,0.903,0.04899999999999997,26.747760474660648,1.0054964238087584e-05,0.010702623463010982,0.0019883,0.9343009859759219,0.9079051513134466,0.050988299999999966
160,0.904,0.01,13.379586345528399,4.394074368307124e-06,0.0033386169143680374,0.0028484,0.9688432182344582,0.9787760118647355,0.0128484
161,0.904,0.011,14.031818883476717,4.636762944573607e-06,0.003298267841772142,0.0028484,0.9609279096296571,0.9817069032379813,0.0138484
162,0.904,0.011999999999999999,14.379112320461317,4.767438155065803e-06,0.003451648393704613,0.0028484,0.9626301123274507,0.9766359141457521,0.014848399999999998
163,0.904,0.012999999999999998,15.022082581895585,5.012110393756075e-06,0.0034189981506227464,0.0028484,0.955492053297844,0.9797517170062728,0.0158484
164,0.904,0.013999999999999997,15.87406390865404,5.341693519598116e-06,0.0036228176760949335,0.0028484,0.9551778894357867,0.9782165256530232,0.016848399999999996
165,0.904,0.014999999999999996,16.356203748576533,5.529657900997321e-06,0.0036560041641895066,0.0028484,0.9527475617787137,0.9806548133259199,0.017848399999999997
166,0.904,0.015999999999999993,16.701955651370376,5.6662268721872935e-06,0.00377678885276301,0.0028484,0.9537739239910008,0.9772853748376463,0.018848399999999994
167,0.904,0.016999999999999994,17.09798512138215,5.825328144391394e-06,0.00386889284907065,0.0028484,0.953471132385366,0.9768541712556255,0.019848399999999995
168,0.904,0.017999999999999995,17.925167211302654,6.1646575638765935e-06,0.00404798851281294,0.0028484,0.9519826953447572,0.9759568875469974,0.020848399999999996
169,0.904,0.018999999999999993,18.306202333695403,6.323429216427377e-06,0.004144970784022706,0.0028484,0.9517066201456694,0.975056876911583,0.021848399999999994
170,0.904,0.01999999999999999,18.649477249703036,6.468187635887073e-06,0.004267340819757298,0.0028484,0.9520761254837007,0.9721116927171721,0.02284839999999999
171,0.904,0.02099999999999999,16.648273587542544,5.119814578933892e-06,0.004120100045915413,0.0019883,0.9046099131447423,0.9747210502853193,0.02298829999999999
172,0.904,0.021999999999999992,17.01426519679762,5.262088661929396e-06,0.004238490419082089,0.0019883,0.906123137623889,0.9716825084974192,0.02398829999999999
173,0.904,0.02299999999999999,17.708510783010055,5.5376457497310834e-06,0.004494807101972966,0.0019883,0.9094389429033206,0.964666517980632,0.02498829999999999
174,0.904,0.023999999999999987,18.074003490542047,5.686021276478326e-06,0.004603649312200827,0.0019883,0.9102238376043852,0.9639254928141149,0.025988299999999985
175,0.904,0.024999999999999988,18.387918597096412,5.815171180306475e-06,0.004755297059695356,0.0019883,0.9121639517273534,0.9593801233906969,0.026988299999999986
176,0.904,0.02599999999999999,18.690287433352246,5.941335662917026e-06,0.004913271714519628,0.0019883,0.9140958384453689,0.9549644227787578,0.027988299999999987
177,0.904,0.02699999999999999,19.309773550661294,6.205356321979953e-06,0.005203283743310185,0.0019883,0.9168296354938297,0.9504967942602078,0.028988299999999988
178,0.904,0.027999999999999983,19.618375827582877,6.33982201464898e-06,0.005351315374764654,0.0019883,0.9180061267286443,0.948552675573357,0.02998829999999998
179,0.904,0.028999999999999984,19.906869089081376,6.467332739494671e-06,0.005525043185006137,0.0019883,0.9194918052941558,0.9446317107330254,0.030988299999999983
180,0.904,0.029999999999999985,20.176267038854707,6.588004311673316e-06,0.005714171010433237,0.0019883,0.9211807428768867,0.9398868311662588,0.03198829999999998
181,0.904,0.030999999999999986,20.725264433568537,6.838663955519549e-06,0.00605442976782703,0.0019883,0.9236652113344532,0.9357340052915558,0.032988299999999984
182,0.904,0.03199999999999998,21.01421979292787,6.973550800903466e-06,0.006217749556489457,0.0019883,0.9244340741263116,0.9347584305692485,0.03398829999999998
183,0.904,0.03299999999999998,21.309875128339847,7.113632350734235e-06,0.006376705904519262,0.0019883,0.9250047088845921,0.9343429548520116,0.03498829999999998
184,0.904,0.03399999999999998,21.84855736821711,7.3733985708665275e-06,0.006748053014371404,0.0019883,0.9268456575743865,0.9299049866919942,0.03598829999999998
185,0.904,0.03499999999999998,22.1275010223494,7.510052125408214e-06,0.0069052833025557035,0.0019883,0.9272967771213304,0.9300054966878464,0.03698829999999998
186,0.904,0.035999999999999976,22.393965233034237,7.642606282148606e-06,0.0070895191595421545,0.0019883,0.9279995428874632,0.9284143721834519,0.037988299999999975
187,0.904,0.03699999999999998,22.67278101537243,7.78324789956886e-06,0.007263561025272336,0.0019883,0.9284010471634565,0.9278401064956839,0.038988299999999976
188,0.904,0.03799999999999998,23.209350265089878,8.059630031952855e-06,0.007659730939620384,0.0019883,0.929502373733261,0.9242022389091308,0.03998829999999998
189,0.904,0.03899999999999998,23.482359503452386,8.203445230004495e-06,0.007873771000933505,0.0019883,0.9299774692137809,0.9219801712218698,0.04098829999999998
190,0.904,0.03999999999999997,23.75218192008751,8.347509735955417e-06,0.008099152725351453,0.0019883,0.9304840203380538,0.9194527591963985,0.04198829999999997
191,0.904,0.040999999999999974,24.012220580817054,8.487927674370535e-06,0.008334520134642713,0.0019883,0.9310882634995713,0.9166465990697454,0.04298829999999997
192,0.904,0.041999999999999975,24.312044084101398,8.651076864578756e-06,0.00848863201098388,0.0019883,0.930747828286128,0.9186468757351772,0.04398829999999997
193,0.904,0.042999999999999976,24.812405016287624,8.928082672341535e-06,0.008948638731366327,0.0019883,0.9318402320215241,0.9143050026346601,0.044988299999999974
194,0.904,0.04399999999999998,25.073543553334968,9.075166231383165e-06,0.009163141728424092,0.0019883,0.9321029464465801,0.9135884344871258,0.045988299999999975
195,0.904,0.04499999999999997,25.334367640249408,9.223086370668755e-06,0.009354966268635483,0.0019883,0.9322264667501415,0.9140020647239916,0.04698829999999997
196,0.904,0.04599999999999997,25.792502900509085,9.486358432797815e-06,0.009809177946539396,0.0019883,0.9332717566337175,0.9107951723775937,0.04798829999999997
197,0.904,0.04699999999999997,26.03311084665443,9.627313794914425e-06,0.010031033074580835,0.0019883,0.9335742398002976,0.9099997147148332,0.04898829999999997
198,0.904,0.047999999999999966,26.513106503767755,9.912837251790087e-06,0.010463363358037759,0.0019883,0.9340100763981545,0.9092500204697531,0.049988299999999965
199,0.904,0.04899999999999997,26.747760474660648,1.0054964238087584e-05,0.010702623463010982,0.0019883,0.9343009859759219,0.9079051513134466,0.050988299999999966
200,0.905,0.01,13.379586345528399,4.394074368307124e-06,0.0033386169143680374,0.0028484,0.9688432182344582,0.9787760118647355,0.0128484
201,0.905,0.011,14.031818883476717,4.636762944573607e-06,0.003298267841772142,0.0028484,0.9609279096296571,0.9817069032379813,0.0138484
202,0.905,0.011999999999999999,14.379112320461317,4.767438155065803e-06,0.003451648393704613,0.0028484,0.9626301123274507,0.9766359141457521,0.014848399999999998
203,0.905,0.012999999999999998,15.022082581895585,5.012110393756075e-06,0.0034189981506227464,0.0028484,0.955492053297844,0.9797517170062728,0.0158484
204,0.905,0.013999999999999997,15.87406390865404,5.341693519598116e-06,0.0036228176760949335,0.0028484,0.9551778894357867,0.9782165256530232,0.016848399999999996
205,0.905,0.014999999999999996,16.356203748576533,5.529657900997321e-06,0.0036560041641895066,0.0028484,0.9527475617787137,0.9806548133259199,0.017848399999999997
206,0.905,0.015999999999999993,16.701955651370376,5.6662268721872935e-06,0.00377678885276301,0.0028484,0.9537739239910008,0.9772853748376463,0.018848399999999994
207,0.905,0.016999999999999994,17.09798512138215,5.825328144391394e-06,0.00386889284907065,0.0028484,0.953471132385366,0.9768541712556255,0.019848399999999995
208,0.905,0.017999999999999995,17.925167211302654,6.1646575638765935e-06,0.00404798851281294,0.0028484,0.9519826953447572,0.9759568875469974,0.020848399999999996
209,0.905,0.018999999999999993,18.306202333695403,6.323429216427377e-06,0.004144970784022706,0.0028484,0.9517066201456694,0.975056876911583,0.021848399999999994
210,0.905,0.01999999999999999,18.649477249703036,6.468187635887073e-06,0.004267340819757298,0.0028484,0.9520761254837007,0.9721116927171721,0.02284839999999999
211,0.905,0.02099999999999999,19.006466400432934,6.62084149827756e-06,0.00437627112274364,0.0028484,0.952010925679813,0.97074000784211,0.023848399999999992
212,0.905,0.021999999999999992,17.01426519679762,5.262088661929396e-06,0.004238490419082089,0.0019883,0.906123137623889,0.9716825084974192,0.02398829999999999
213,0.905,0.02299999999999999,17.708510783010055,5.5376457497310834e-06,0.004494807101972966,0.0019883,0.9094389429033206,0.964666517980632,0.02498829999999999
214,0.905,0.023999999999999987,18.074003490542047,5.686021276478326e-06,0.004603649312200827,0.0019883,0.9102238376043852,0.9639254928141149,0.025988299999999985
215,0.905,0.024999999999999988,18.387918597096412,5.815171180306475e-06,0.004755297059695356,0.0019883,0.9121639517273534,0.9593801233906969,0.026988299999999986
216,0.905,0.02599999999999999,18.690287433352246,5.941335662917026e-06,0.004913271714519628,0.0019883,0.9140958384453689,0.9549644227787578,0.027988299999999987
217,0.905,0.02699999999999999,19.309773550661294,6.205356321979953e-06,0.005203283743310185,0.0019883,0.9168296354938297,0.9504967942602078,0.028988299999999988
218,0.905,0.027999999999999983,19.618375827582877,6.33982201464898e-06,0.005351315374764654,0.0019883,0.9180061267286443,0.948552675573357,0.02998829999999998
219,0.905,0.028999999999999984,19.906869089081376,6.467332739494671e-06,0.005525043185006137,0.0019883,0.9194918052941558,0.9446317107330254,0.030988299999999983
220,0.905,0.029999999999999985,20.176267038854707,6.588004311673316e-06,0.005714171010433237,0.0019883,0.9211807428768867,0.9398868311662588,0.03198829999999998
221,0.905,0.030999999999999986,20.725264433568537,6.838663955519549e-06,0.00605442976782703,0.0019883,0.9236652113344532,0.9357340052915558,0.032988299999999984
222,0.905,0.03199999999999998,21.01421979292787,6.973550800903466e-06,0.006217749556489457,0.0019883,0.9244340741263116,0.9347584305692485,0.03398829999999998
223,0.905,0.03299999999999998,21.309875128339847,7.113632350734235e-06,0.006376705904519262,0.0019883,0.9250047088845921,0.9343429548520116,0.03498829999999998
224,0.905,0.03399999999999998,21.84855736821711,7.3733985708665275e-06,0.006748053014371404,0.0019883,0.9268456575743865,0.9299049866919942,0.03598829999999998
225,0.905,0.03499999999999998,22.1275010223494,7.510052125408214e-06,0.0069052833025557035,0.0019883,0.9272967771213304,0.9300054966878464,0.03698829999999998
226,0.905,0.035999999999999976,22.393965233034237,7.642606282148606e-06,0.0070895191595421545,0.0019883,0.9279995428874632,0.9284143721834519,0.037988299999999975
227,0.905,0.03699999999999998,22.67278101537243,7.78324789956886e-06,0.007263561025272336,0.0019883,0.9284010471634565,0.9278401064956839,0.038988299999999976
228,0.905,0.03799999999999998,23.209350265089878,8.059630031952855e-06,0.007659730939620384,0.0019883,0.929502373733261,0.9242022389091308,0.03998829999999998
229,0.905,0.03899999999999998,23.482359503452386,8.203445230004495e-06,0.007873771000933505,0.0019883,0.9299774692137809,0.9219801712218698,0.04098829999999998
230,0.905,0.03999999999999997,23.75218192008751,8.347509735955417e-06,0.008099152725351453,0.0019883,0.9304840203380538,0.9194527591963985,0.04198829999999997
231,0.905,0.040999999999999974,24.012220580817054,8.487927674370535e-06,0.008334520134642713,0.0019883,0.9310882634995713,0.9166465990697454,0.04298829999999997
232,0.905,0.041999999999999975,24.312044084101398,8.651076864578756e-06,0.00848863201098388,0.0019883,0.930747828286128,0.9186468757351772,0.04398829999999997
233,0.905,0.042999999999999976,24.812405016287624,8.928082672341535e-06,0.008948638731366327,0.0019883,0.9318402320215241,0.9143050026346601,0.044988299999999974
234,0.905,0.04399999999999998,25.073543553334968,9.075166231383165e-06,0.009163141728424092,0.0019883,0.9321029464465801,0.9135884344871258,0.045988299999999975
235,0.905,0.04499999999999997,25.334367640249408,9.223086370668755e-06,0.009354966268635483,0.0019883,0.9322264667501415,0.9140020647239916,0.04698829999999997
236,0.905,0.04599999999999997,25.792502900509085,9.486358432797815e-06,0.009809177946539396,0.0019883,0.9332717566337175,0.9107951723775937,0.04798829999999997
237,0.905,0.04699999999999997,26.03311084665443,9.627313794914425e-06,0.010031033074580835,0.0019883,0.9335742398002976,0.9099997147148332,0.04898829999999997
238,0.905,0.047999999999999966,26.513106503767755,9.912837251790087e-06,0.010463363358037759,0.0019883,0.9340100763981545,0.9092500204697531,0.049988299999999965
239,0.905,0.04899999999999997,26.747760474660648,1.0054964238087584e-05,0.010702623463010982,0.0019883,0.9343009859759219,0.9079051513134466,0.050988299999999966
240,0.906,0.01,13.379586345528399,4.394074368307124e-06,0.0033386169143680374,0.0028484,0.9688432182344582,0.9787760118647355,0.0128484
241,0.906,0.011,14.031818883476717,4.636762944573607e-06,0.003298267841772142,0.0028484,0.9609279096296571,0.9817069032379813,0.0138484
242,0.906,0.011999999999999999,14.379112320461317,4.767438155065803e-06,0.003451648393704613,0.0028484,0.9626301123274507,0.9766359141457521,0.014848399999999998
243,0.906,0.012999999999999998,15.022082581895585,5.012110393756075e-06,0.0034189981506227464,0.0028484,0.955492053297844,0.9797517170062728,0.0158484
244,0.906,0.013999999999999997,15.87406390865404,5.341693519598116e-06,0.0036228176760949335,0.0028484,0.9551778894357867,0.9782165256530232,0.016848399999999996
245,0.906,0.014999999999999996,16.356203748576533,5.529657900997321e-06,0.0036560041641895066,0.0028484,0.9527475617787137,0.9806548133259199,0.017848399999999997
246,0.906,0.015999999999999993,16.701955651370376,5.6662268721872935e-06,0.00377678885276301,0.0028484,0.9537739239910008,0.9772853748376463,0.018848399999999994
247,0.906,0.016999999999999994,17.09798512138215,5.825328144391394e-06,0.00386889284907065,0.0028484,0.953471132385366,0.9768541712556255,0.019848399999999995
248,0.906,0.017999999999999995,17.925167211302654,6.1646575638765935e-06,0.00404798851281294,0.0028484,0.9519826953447572,0.9759568875469974,0.020848399999999996
249,0.906,0.018999999999999993,18.306202333695403,6.323429216427377e-06,0.004144970784022706,0.0028484,0.9517066201456694,0.975056876911583,0.021848399999999994
250,0.906,0.01999999999999999,18.649477249703036,6.468187635887073e-06,0.004267340819757298,0.0028484,0.9520761254837007,0.9721116927171721,0.02284839999999999
251,0.906,0.02099999999999999,19.006466400432934,6.62084149827756e-06,0.00437627112274364,0.0028484,0.952010925679813,0.97074000784211,0.023848399999999992
252,0.906,0.021999999999999992,17.01426519679762,5.262088661929396e-06,0.004238490419082089,0.0019883,0.906123137623889,0.9716825084974192,0.02398829999999999
253,0.906,0.02299999999999999,17.708510783010055,5.5376457497310834e-06,0.004494807101972966,0.0019883,0.9094389429033206,0.964666517980632,0.02498829999999999
254,0.906,0.023999999999999987,18.074003490542047,5.686021276478326e-06,0.004603649312200827,0.0019883,0.9102238376043852,0.9639254928141149,0.025988299999999985
255,0.906,0.024999999999999988,18.387918597096412,5.815171180306475e-06,0.004755297059695356,0.0019883,0.9121639517273534,0.9593801233906969,0.026988299999999986
256,0.906,0.02599999999999999,18.690287433352246,5.941335662917026e-06,0.004913271714519628,0.0019883,0.9140958384453689,0.9549644227787578,0.027988299999999987
257,0.906,0.02699999999999999,19.309773550661294,6.205356321979953e-06,0.005203283743310185,0.0019883,0.9168296354938297,0.9504967942602078,0.028988299999999988
258,0.906,0.027999999999999983,19.618375827582877,6.33982201464898e-06,0.005351315374764654,0.0019883,0.9180061267286443,0.948552675573357,0.02998829999999998
259,0.906,0.028999999999999984,19.906869089081376,6.467332739494671e-06,0.005525043185006137,0.0019883,0.9194918052941558,0.9446317107330254,0.030988299999999983
260,0.906,0.029999999999999985,20.176267038854707,6.588004311673316e-06,0.005714171010433237,0.0019883,0.9211807428768867,0.9398868311662588,0.03198829999999998
261,0.906,0.030999999999999986,20.725264433568537,6.838663955519549e-06,0.00605442976782703,0.0019883,0.9236652113344532,0.9357340052915558,0.032988299999999984
262,0.906,0.03199999999999998,21.01421979292787,6.973550800903466e-06,0.006217749556489457,0.0019883,0.9244340741263116,0.9347584305692485,0.03398829999999998
263,0.906,0.03299999999999998,21.309875128339847,7.113632350734235e-06,0.006376705904519262,0.0019883,0.9250047088845921,0.9343429548520116,0.03498829999999998
264,0.906,0.03399999999999998,21.84855736821711,7.3733985708665275e-06,0.006748053014371404,0.0019883,0.9268456575743865,0.9299049866919942,0.03598829999999998
265,0.906,0.03499999999999998,22.1275010223494,7.510052125408214e-06,0.0069052833025557035,0.0019883,0.9272967771213304,0.9300054966878464,0.03698829999999998
266,0.906,0.035999999999999976,22.393965233034237,7.642606282148606e-06,0.0070895191595421545,0.0019883,0.9279995428874632,0.9284143721834519,0.037988299999999975
267,0.906,0.03699999999999998,22.67278101537243,7.78324789956886e-06,0.007263561025272336,0.0019883,0.9284010471634565,0.9278401064956839,0.038988299999999976
268,0.906,0.03799999999999998,23.209350265089878,8.059630031952855e-06,0.007659730939620384,0.0019883,0.929502373733261,0.9242022389091308,0.03998829999999998
269,0.906,0.03899999999999998,23.482359503452386,8.203445230004495e-06,0.007873771000933505,0.0019883,0.9299774692137809,0.9219801712218698,0.04098829999999998
270,0.906,0.03999999999999997,23.75218192008751,8.347509735955417e-06,0.008099152725351453,0.0019883,0.9304840203380538,0.9194527591963985,0.04198829999999997
271,0.906,0.040999999999999974,24.012220580817054,8.487927674370535e-06,0.008334520134642713,0.0019883,0.9310882634995713,0.9166465990697454,0.04298829999999997
272,0.906,0.041999999999999975,24.312044084101398,8.651076864578756e-06,0.00848863201098388,0.0019883,0.930747828286128,0.9186468757351772,0.04398829999999997
273,0.906,0.042999999999999976,24.812405016287624,8.928082672341535e-06,0.008948638731366327,0.0019883,0.9318402320215241,0.9143050026346601,0.044988299999999974
274,0.906,0.04399999999999998,25.073543553334968,9.075166231383165e-06,0.009163141728424092,0.0019883,0.9321029464465801,0.9135884344871258,0.045988299999999975
275,0.906,0.04499999999999997,25.334367640249408,9.223086370668755e-06,0.009354966268635483,0.0019883,0.9322264667501415,0.9140020647239916,0.04698829999999997
276,0.906,0.04599999999999997,25.792502900509085,9.486358432797815e-06,0.009809177946539396,0.0019883,0.9332717566337175,0.9107951723775937,0.04798829999999997
277,0.906,0.04699999999999997,26.03311084665443,9.627313794914425e-06,0.010031033074580835,0.0019883,0.9335742398002976,0.9099997147148332,0.04898829999999997
278,0.906,0.047999999999999966,26.513106503767755,9.912837251790087e-06,0.010463363358037759,0.0019883,0.9340100763981545,0.9092500204697531,0.049988299999999965
279,0.906,0.04899999999999997,26.747760474660648,1.0054964238087584e-05,0.010702623463010982,0.0019883,0.9343009859759219,0.9079051513134466,0.050988299999999966
280,0.907,0.01,13.379586345528399,4.394074368307124e-06,0.0033386169143680374,0.0028484,0.9688432182344582,0.9787760118647355,0.0128484
281,0.907,0.011,14.031818883476717,4.636762944573607e-06,0.003298267841772142,0.0028484,0.9609279096296571,0.9817069032379813,0.0138484
282,0.907,0.011999999999999999,14.379112320461317,4.767438155065803e-06,0.003451648393704613,0.0028484,0.9626301123274507,0.9766359141457521,0.014848399999999998
283,0.907,0.012999999999999998,15.022082581895585,5.012110393756075e-06,0.0034189981506227464,0.0028484,0.955492053297844,0.9797517170062728,0.0158484
284,0.907,0.013999999999999997,15.87406390865404,5.341693519598116e-06,0.0036228176760949335,0.0028484,0.9551778894357867,0.9782165256530232,0.016848399999999996
285,0.907,0.014999999999999996,16.356203748576533,5.529657900997321e-06,0.0036560041641895066,0.0028484,0.9527475617787137,0.9806548133259199,0.017848399999999997
286,0.907,0.015999999999999993,16.701955651370376,5.6662268721872935e-06,0.00377678885276301,0.0028484,0.9537739239910008,0.9772853748376463,0.018848399999999994
287,0.907,0.016999999999999994,17.09798512138215,5.825328144391394e-06,0.00386889284907065,0.0028484,0.953471132385366,0.9768541712556255,0.019848399999999995
288,0.907,0.017999999999999995,17.925167211302654,6.1646575638765935e-06,0.00404798851281294,0.0028484,0.9519826953447572,0.9759568875469974,0.020848399999999996
289,0.907,0.018999999999999993,18.306202333695403,6.323429216427377e-06,0.004144970784022706,0.0028484,0.9517066201456694,0.975056876911583,0.021848399999999994
290,0.907,0.01999999999999999,18.649477249703036,6.468187635887073e-06,0.004267340819757298,0.0028484,0.9520761254837007,0.9721116927171721,0.02284839999999999
291,0.907,0.02099999999999999,19.006466400432934,6.62084149827756e-06,0.00437627112274364,0.0028484,0.952010925679813,0.97074000784211,0.023848399999999992
292,0.907,0.021999999999999992,19.64457101042961,6.899856633026041e-06,0.0046428365299773225,0.0028484,0.9529691484105928,0.9647027778843534,0.024848399999999993
293,0.907,0.02299999999999999,17.708510783010055,5.5376457497310834e-06,0.004494807101972966,0.0019883,0.9094389429033206,0.964666517980632,0.02498829999999999
294,0.907,0.023999999999999987,18.074003490542047,5.686021276478326e-06,0.004603649312200827,0.0019883,0.9102238376043852,0.9639254928141149,0.025988299999999985
295,0.907,0.024999999999999988,18.387918597096412,5.815171180306475e-06,0.004755297059695356,0.0019883,0.9121639517273534,0.9593801233906969,0.026988299999999986
296,0.907,0.02599999999999999,18.690287433352246,5.941335662917026e-06,0.004913271714519628,0.0019883,0.9140958384453689,0.9549644227787578,0.027988299999999987
297,0.907,0.02699999999999999,19.309773550661294,6.205356321979953e-06,0.005203283743310185,0.0019883,0.9168296354938297,0.9504967942602078,0.028988299999999988
298,0.907,0.027999999999999983,19.618375827582877,6.33982201464898e-06,0.005351315374764654,0.0019883,0.9180061267286443,0.948552675573357,0.02998829999999998
299,0.907,0.028999999999999984,19.906869089081376,6.467332739494671e-06,0.005525043185006137,0.0019883,0.9194918052941558,0.9446317107330254,0.030988299999999983
300,0.907,0.029999999999999985,20.176267038854707,6.588004311673316e-06,0.005714171010433237,0.0019883,0.9211807428768867,0.9398868311662588,0.03198829999999998
301,0.907,0.030999999999999986,20.725264433568537,6.838663955519549e-06,0.00605442976782703,0.0019883,0.9236652113344532,0.9357340052915558,0.032988299999999984
302,0.907,0.03199999999999998,21.01421979292787,6.973550800903466e-06,0.006217749556489457,0.0019883,0.9244340741263116,0.9347584305692485,0.03398829999999998
303,0.907,0.03299999999999998,21.309875128339847,7.113632350734235e-06,0.006376705904519262,0.0019883,0.9250047088845921,0.9343429548520116,0.03498829999999998
304,0.907,0.03399999999999998,21.84855736821711,7.3733985708665275e-06,0.006748053014371404,0.0019883,0.9268456575743865,0.9299049866919942,0.03598829999999998
305,0.907,0.03499999999999998,22.1275010223494,7.510052125408214e-06,0.0069052833025557035,0.0019883,0.9272967771213304,0.9300054966878464,0.03698829999999998
306,0.907,0.035999999999999976,22.393965233034237,7.642606282148606e-06,0.0070895191595421545,0.0019883,0.9279995428874632,0.9284143721834519,0.037988299999999975
307,0.907,0.03699999999999998,22.67278101537243,7.78324789956886e-06,0.007263561025272336,0.0019883,0.9284010471634565,0.9278401064956839,0.038988299999999976
308,0.907,0.03799999999999998,23.209350265089878,8.059630031952855e-06,0.007659730939620384,0.0019883,0.929502373733261,0.9242022389091308,0.03998829999999998
309,0.907,0.03899999999999998,23.482359503452386,8.203445230004495e-06,0.007873771000933505,0.0019883,0.9299774692137809,0.9219801712218698,0.04098829999999998
310,0.907,0.03999999999999997,23.75218192008751,8.347509735955417e-06,0.008099152725351453,0.0019883,0.9304840203380538,0.9194527591963985,0.04198829999999997
311,0.907,0.040999999999999974,24.012220580817054,8.487927674370535e-06,0.008334520134642713,0.0019883,0.9310882634995713,0.9166465990697454,0.04298829999999997
312,0.907,0.041999999999999975,24.312044084101398,8.651076864578756e-06,0.00848863201098388,0.0019883,0.930747828286128,0.9186468757351772,0.04398829999999997
313,0.907,0.042999999999999976,24.812405016287624,8.928082672341535e-06,0.008948638731366327,0.0019883,0.9318402320215241,0.9143050026346601,0.044988299999999974
314,0.907,0.04399999999999998,25.073543553334968,9.075166231383165e-06,0.009163141728424092,0.0019883,0.9321029464465801,0.9135884344871258,0.045988299999999975
315,0.907,0.04499999999999997,25.334367640249408,9.223086370668755e-06,0.009354966268635483,0.0019883,0.9322264667501415,0.9140020647239916,0.04698829999999997
316,0.907,0.04599999999999997,25.792502900509085,9.486358432797815e-06,0.009809177946539396,0.0019883,0.9332717566337175,0.9107951723775937,0.04798829999999997
317,0.907,0.04699999999999997,26.03311084665443,9.627313794914425e-06,0.010031033074580835,0.0019883,0.9335742398002976,0.9099997147148332,0.04898829999999997
318,0.907,0.047999999999999966,26.513106503767755,9.912837251790087e-06,0.010463363358037759,0.0019883,0.9340100763981545,0.9092500204697531,0.049988299999999965
319,0.907,0.04899999999999997,26.747760474660648,1.0054964238087584e-05,0.010702623463010982,0.0019883,0.9343009859759219,0.9079051513134466,0.050988299999999966
320,0.908,0.01,13.379586345528399,4.394074368307124e-06,0.0033386169143680374,0.0028484,0.9688432182344582,0.9787760118647355,0.0128484
321,0.908,0.011,14.031818883476717,4.636762944573607e-06,0.003298267841772142,0.0028484,0.9609279096296571,0.9817069032379813,0.0138484
322,0.908,0.011999999999999999,14.379112320461317,4.767438155065803e-06,0.003451648393704613,0.0028484,0.9626301123274507,0.9766359141457521,0.014848399999999998
323,0.908,0.012999999999999998,15.022082581895585,5.012110393756075e-06,0.0034189981506227464,0.0028484,0.955492053297844,0.9797517170062728,0.0158484
324,0.908,0.013999999999999997,15.87406390865404,5.341693519598116e-06,0.0036228176760949335,0.0028484,0.9551778894357867,0.9782165256530232,0.016848399999999996
325,0.908,0.014999999999999996,16.356203748576533,5.529657900997321e-06,0.0036560041641895066,0.0028484,0.9527475617787137,0.9806548133259199,0.017848399999999997
326,0.908,0.015999999999999993,16.701955651370376,5.6662268721872935e-06,0.00377678885276301,0.0028484,0.9537739239910008,0.9772853748376463,0.018848399999999994
327,0.908,0.016999999999999994,17.09798512138215,5.825328144391394e-06,0.00386889284907065,0.0028484,0.953471132385366,0.9768541712556255,0.019848399999999995
328,0.908,0.017999999999999995,17.925167211302654,6.1646575638765935e-06,0.00404798851281294,0.0028484,0.9519826953447572,0.9759568875469974,0.020848399999999996
329,0.908,0.018999999999999993,18.306202333695403,6.323429216427377e-06,0.004144970784022706,0.0028484,0.9517066201456694,0.975056876911583,0.021848399999999994
330,0.908,0.01999999999999999,18.649477249703036,6.468187635887073e-06,0.004267340819757298,0.0028484,0.9520761254837007,0.9721116927171721,0.02284839999999999
331,0.908,0.02099999999999999,19.006466400432934,6.62084149827756e-06,0.00437627112274364,0.0028484,0.952010925679813,0.97074000784211,0.023848399999999992
332,0.908,0.021999999999999992,19.64457101042961,6.899856633026041e-06,0.0046428365299773225,0.0028484,0.9529691484105928,0.9647027778843534,0.024848399999999993
333,0.908,0.02299999999999999,17.708510783010055,5.5376457497310834e-06,0.004494807101972966,0.0019883,0.9094389429033206,0.964666517980632,0.02498829999999999
334,0.908,0.023999999999999987,18.074003490542047,5.686021276478326e-06,0.004603649312200827,0.0019883,0.9102238376043852,0.9639254928141149,0.025988299999999985
335,0.908,0.024999999999999988,18.387918597096412,5.815171180306475e-06,0.004755297059695356,0.0019883,0.9121639517273534,0.9593801233906969,0.026988299999999986
336,0.908,0.02599999999999999,18.690287433352246,5.941335662917026e-06,0.004913271714519628,0.0019883,0.9140958384453689,0.9549644227787578,0.027988299999999987
337,0.908,0.02699999999999999,19.309773550661294,6.205356321979953e-06,0.005203283743310185,0.0019883,0.9168296354938297,0.9504967942602078,0.028988299999999988
338,0.908,0.027999999999999983,19.618375827582877,6.33982201464898e-06,0.005351315374764654,0.0019883,0.9180061267286443,0.948552675573357,0.02998829999999998
339,0.908,0.028999999999999984,19.906869089081376,6.467332739494671e-06,0.005525043185006137,0.0019883,0.9194918052941558,0.9446317107330254,0.030988299999999983
340,0.908,0.029999999999999985,20.176267038854707,6.588004311673316e-06,0.005714171010433237,0.0019883,0.9211807428768867,0.9398868311662588,0.03198829999999998
341,0.908,0.030999999999999986,20.725264433568537,6.838663955519549e-06,0.00605442976782703,0.0019883,0.9236652113344532,0.9357340052915558,0.032988299999999984
342,0.908,0.03199999999999998,21.01421979292787,6.973550800903466e-06,0.006217749556489457,0.0019883,0.9244340741263116,0.9347584305692485,0.03398829999999998
343,0.908,0.03299999999999998,21.309875128339847,7.113632350734235e-06,0.006376705904519262,0.0019883,0.9250047088845921,0.9343429548520116,0.03498829999999998
344,0.908,0.03399999999999998,21.84855736821711,7.3733985708665275e-06,0.006748053014371404,0.0019883,0.9268456575743865,0.9299049866919942,0.03598829999999998
345,0.908,0.03499999999999998,22.1275010223494,7.510052125408214e-06,0.0069052833025557035,0.0019883,0.9272967771213304,0.9300054966878464,0.03698829999999998
346,0.908,0.035999999999999976,22.393965233034237,7.642606282148606e-06,0.0070895191595421545,0.0019883,0.9279995428874632,0.9284143721834519,0.037988299999999975
347,0.908,0.03699999999999998,22.67278101537243,7.78324789956886e-06,0.007263561025272336,0.0019883,0.9284010471634565,0.9278401064956839,0.038988299999999976
348,0.908,0.03799999999999998,23.209350265089878,8.059630031952855e-06,0.007659730939620384,0.0019883,0.929502373733261,0.9242022389091308,0.03998829999999998
349,0.908,0.03899999999999998,23.482359503452386,8.203445230004495e-06,0.007873771000933505,0.0019883,0.9299774692137809,0.9219801712218698,0.04098829999999998
350,0.908,0.03999999999999997,23.75218192008751,8.347509735955417e-06,0.008099152725351453,0.0019883,0.9304840203380538,0.9194527591963985,0.04198829999999997
351,0.908,0.040999999999999974,24.012220580817054,8.487927674370535e-06,0.008334520134642713,0.0019883,0.9310882634995713,0.9166465990697454,0.04298829999999997
352,0.908,0.041999999999999975,24.312044084101398,8.651076864578756e-06,0.00848863201098388,0.0019883,0.930747828286128,0.9186468757351772,0.04398829999999997
353,0.908,0.042999999999999976,24.812405016287624,8.928082672341535e-06,0.008948638731366327,0.0019883,0.9318402320215241,0.9143050026346601,0.044988299999999974
354,0.908,0.04399999999999998,25.073543553334968,9.075166231383165e-06,0.009163141728424092,0.0019883,0.9321029464465801,0.9135884344871258,0.045988299999999975
355,0.908,0.04499999999999997,25.334367640249408,9.223086370668755e-06,0.009354966268635483,0.0019883,0.9322264667501415,0.9140020647239916,0.04698829999999997
356,0.908,0.04599999999999997,25.792502900509085,9.486358432797815e-06,0.009809177946539396,0.0019883,0.9332717566337175,0.9107951723775937,0.04798829999999997
357,0.908,0.04699999999999997,26.03311084665443,9.627313794914425e-06,0.010031033074580835,0.0019883,0.9335742398002976,0.9099997147148332,0.04898829999999997
358,0.908,0.047999999999999966,26.513106503767755,9.912837251790087e-06,0.010463363358037759,0.0019883,0.9340100763981545,0.9092500204697531,0.049988299999999965
359,0.908,0.04899999999999997,30.254748882922815,1.3735142258375628e-05,0.012734771266479261,0.0043148,0.96668853916239,0.9084609986484304,0.05331479999999997
360,0.909,0.01,13.379586345528399,4.394074368307124e-06,0.0033386169143680374,0.0028484,0.9688432182344582,0.9787760118647355,0.0128484
361,0.909,0.011,14.031818883476717,4.636762944573607e-06,0.003298267841772142,0.0028484,0.9609279096296571,0.9817069032379813,0.0138484
362,0.909,0.011999999999999999,14.379112320461317,4.767438155065803e-06,0.003451648393704613,0.0028484,0.9626301123274507,0.9766359141457521,0.014848399999999998
363,0.909,0.012999999999999998,15.022082581895585,5.012110393756075e-06,0.0034189981506227464,0.0028484,0.955492053297844,0.9797517170062728,0.0158484
364,0.909,0.013999999999999997,15.87406390865404,5.341693519598116e-06,0.0036228176760949335,0.0028484,0.9551778894357867,0.9782165256530232,0.016848399999999996
365,0.909,0.014999999999999996,16.356203748576533,5.529657900997321e-06,0.0036560041641895066,0.0028484,0.9527475617787137,0.9806548133259199,0.017848399999999997
366,0.909,0.015999999999999993,16.701955651370376,5.6662268721872935e-06,0.00377678885276301,0.0028484,0.9537739239910008,0.9772853748376463,0.018848399999999994
367,0.909,0.016999999999999994,17.09798512138215,5.825328144391394e-06,0.00386889284907065,0.0028484,0.953471132385366,0.9768541712556255,0.019848399999999995
368,0.909,0.017999999999999995,17.925167211302654,6.1646575638765935e-06,0.00404798851281294,0.0028484,0.9519826953447572,0.9759568875469974,0.020848399999999996
369,0.909,0.018999999999999993,18.306202333695403,6.323429216427377e-06,0.004144970784022706,0.0028484,0.9517066201456694,0.975056876911583,0.021848399999999994
370,0.909,0.01999999999999999,18.649477249703036,6.468187635887073e-06,0.004267340819757298,0.0028484,0.9520761254837007,0.9721116927171721,0.02284839999999999
371,0.909,0.02099999999999999,19.006466400432934,6.62084149827756e-06,0.00437627112274364,0.0028484,0.952010925679813,0.97074000784211,0.023848399999999992
372,0.909,0.021999999999999992,19.64457101042961,6.899856633026041e-06,0.0046428365299773225,0.0028484,0.9529691484105928,0.9647027778843534,0.024848399999999993
373,0.909,0.02299999999999999,17.708510783010055,5.5376457497310834e-06,0.004494807101972966,0.0019883,0.9094389429033206,0.964666517980632,0.02498829999999999
374,0.909,0.023999999999999987,18.074003490542047,5.686021276478326e-06,0.004603649312200827,0.0019883,0.9102238376043852,0.9639254928141149,0.025988299999999985
375,0.909,0.024999999999999988,18.387918597096412,5.815171180306475e-06,0.004755297059695356,0.0019883,0.9121639517273534,0.9593801233906969,0.026988299999999986
376,0.909,0.02599999999999999,18.690287433352246,5.941335662917026e-06,0.004913271714519628,0.0019883,0.9140958384453689,0.9549644227787578,0.027988299999999987
377,0.909,0.02699999999999999,19.309773550661294,6.205356321979953e-06,0.005203283743310185,0.0019883,0.9168296354938297,0.9504967942602078,0.028988299999999988
378,0.909,0.027999999999999983,19.618375827582877,6.33982201464898e-06,0.005351315374764654,0.0019883,0.9180061267286443,0.948552675573357,0.02998829999999998
379,0.909,0.028999999999999984,19.906869089081376,6.467332739494671e-06,0.005525043185006137,0.0019883,0.9194918052941558,0.9446317107330254,0.030988299999999983
380,0.909,0.029999999999999985,20.176267038854707,6.588004311673316e-06,0.005714171010433237,0.0019883,0.9211807428768867,0.9398868311662588,0.03198829999999998
381,0.909,0.030999999999999986,20.725264433568537,6.838663955519549e-06,0.00605442976782703,0.0019883,0.9236652113344532,0.9357340052915558,0.032988299999999984
382,0.909,0.03199999999999998,21.01421979292787,6.973550800903466e-06,0.006217749556489457,0.0019883,0.9244340741263116,0.9347584305692485,0.03398829999999998
383,0.909,0.03299999999999998,21.309875128339847,7.113632350734235e-06,0.006376705904519262,0.0019883,0.9250047088845921,0.9343429548520116,0.03498829999999998
384,0.909,0.03399999999999998,21.84855736821711,7.3733985708665275e-06,0.006748053014371404,0.0019883,0.9268456575743865,0.9299049866919942,0.03598829999999998
385,0.909,0.03499999999999998,22.1275010223494,7.510052125408214e-06,0.0069052833025557035,0.0019883,0.9272967771213304,0.9300054966878464,0.03698829999999998
386,0.909,0.035999999999999976,22.393965233034237,7.642606282148606e-06,0.0070895191595421545,0.0019883,0.9279995428874632,0.9284143721834519,0.037988299999999975
387,0.909,0.03699999999999998,22.67278101537243,7.78324789956886e-06,0.007263561025272336,0.0019883,0.9284010471634565,0.9278401064956839,0.038988299999999976
388,0.909,0.03799999999999998,23.209350265089878,8.059630031952855e-06,0.007659730939620384,0.0019883,0.929502373733261,0.9242022389091308,0.03998829999999998
389,0.909,0.03899999999999998,23.482359503452386,8.203445230004495e-06,0.007873771000933505,0.0019883,0.9299774692137809,0.9219801712218698,0.04098829999999998
390,0.909,0.03999999999999997,23.75218192008751,8.347509735955417e-06,0.008099152725351453,0.0019883,0.9304840203380538,0.9194527591963985,0.04198829999999997
391,0.909,0.040999999999999974,24.012220580817054,8.487927674370535e-06,0.008334520134642713,0.0019883,0.9310882634995713,0.9166465990697454,0.04298829999999997
392,0.909,0.041999999999999975,24.312044084101398,8.651076864578756e-06,0.00848863201098388,0.0019883,0.930747828286128,0.9186468757351772,0.04398829999999997
393,0.909,0.042999999999999976,24.812405016287624,8.928082672341535e-06,0.008948638731366327,0.0019883,0.9318402320215241,0.9143050026346601,0.044988299999999974
394,0.909,0.04399999999999998,25.073543553334968,9.075166231383165e-06,0.009163141728424092,0.0019883,0.9321029464465801,0.9135884344871258,0.045988299999999975
395,0.909,0.04499999999999997,25.334367640249408,9.223086370668755e-06,0.009354966268635483,0.0019883,0.9322264667501415,0.9140020647239916,0.04698829999999997
396,0.909,0.04599999999999997,25.792502900509085,9.486358432797815e-06,0.009809177946539396,0.0019883,0.9332717566337175,0.9107951723775937,0.04798829999999997
397,0.909,0.04699999999999997,26.03311084665443,9.627313794914425e-06,0.010031033074580835,0.0019883,0.9335742398002976,0.9099997147148332,0.04898829999999997
398,0.909,0.047999999999999966,26.513106503767755,9.912837251790087e-06,0.010463363358037759,0.0019883,0.9340100763981545,0.9092500204697531,0.049988299999999965
399,0.909,0.04899999999999997,31.3291021178478,1.4977276696781326e-05,0.013415466747367735,0.0051536,0.9723479945518345,0.9111817952174364,0.05415359999999997
400,0.91,0.01,13.379586345528399,4.394074368307124e-06,0.0033386169143680374,0.0028484,0.9688432182344582,0.9787760118647355,0.0128484
401,0.91,0.011,14.031818883476717,4.636762944573607e-06,0.003298267841772142,0.0028484,0.9609279096296571,0.9817069032379813,0.0138484
402,0.91,0.011999999999999999,14.379112320461317,4.767438155065803e-06,0.003451648393704613,0.0028484,0.9626301123274507,0.9766359141457521,0.014848399999999998
403,0.91,0.012999999999999998,15.022082581895585,5.012110393756075e-06,0.0034189981506227464,0.0028484,0.955492053297844,0.9797517170062728,0.0158484
404,0.91,0.013999999999999997,15.87406390865404,5.341693519598116e-06,0.0036228176760949335,0.0028484,0.9551778894357867,0.9782165256530232,0.016848399999999996
405,0.91,0.014999999999999996,16.356203748576533,5.529657900997321e-06,0.0036560041641895066,0.0028484,0.9527475617787137,0.9806548133259199,0.017848399999999997
406,0.91,0.015999999999999993,16.701955651370376,5.6662268721872935e-06,0.00377678885276301,0.0028484,0.9537739239910008,0.9772853748376463,0.018848399999999994
407,0.91,0.016999999999999994,17.09798512138215,5.825328144391394e-06,0.00386889284907065,0.0028484,0.953471132385366,0.9768541712556255,0.019848399999999995
408,0.91,0.017999999999999995,17.925167211302654,6.1646575638765935e-06,0.00404798851281294,0.0028484,0.9519826953447572,0.9759568875469974,0.020848399999999996
409,0.91,0.018999999999999993,18.306202333695403,6.323429216427377e-06,0.004144970784022706,0.0028484,0.9517066201456694,0.975056876911583,0.021848399999999994
410,0.91,0.01999999999999999,18.649477249703036,6.468187635887073e-06,0.004267340819757298,0.0028484,0.9520761254837007,0.9721116927171721,0.02284839999999999
411,0.91,0.02099999999999999,19.006466400432934,6.62084149827756e-06,0.00437627112274364,0.0028484,0.952010925679813,0.97074000784211,0.023848399999999992
412,0.91,0.021999999999999992,19.64457101042961,6.899856633026041e-06,0.0046428365299773225,0.0028484,0.9529691484105928,0.9647027778843534,0.024848399999999993
413,0.91,0.02299999999999999,19.931610216544467,7.027872122720588e-06,0.00479937454123027,0.0028484,0.9538608273147939,0.9602358014805049,0.02584839999999999
414,0.91,0.023999999999999987,18.074003490542047,5.686021276478326e-06,0.004603649312200827,0.0019883,0.9102238376043852,0.9639254928141149,0.025988299999999985
415,0.91,0.024999999999999988,18.387918597096412,5.815171180306475e-06,0.004755297059695356,0.0019883,0.9121639517273534,0.9593801233906969,0.026988299999999986
416,0.91,0.02599999999999999,18.690287433352246,5.941335662917026e-06,0.004913271714519628,0.0019883,0.9140958384453689,0.9549644227787578,0.027988299999999987
417,0.91,0.02699999999999999,19.309773550661294,6.205356321979953e-06,0.005203283743310185,0.0019883,0.9168296354938297,0.9504967942602078,0.028988299999999988
418,0.91,0.027999999999999983,19.618375827582877,6.33982201464898e-06,0.005351315374764654,0.0019883,0.9180061267286443,0.948552675573357,0.02998829999999998
419,0.91,0.028999999999999984,19.906869089081376,6.467332739494671e-06,0.005525043185006137,0.0019883,0.9194918052941558,0.9446317107330254,0.030988299999999983
420,0.91,0.029999999999999985,20.176267038854707,6.588004311673316e-06,0.005714171010433237,0.0019883,0.9211807428768867,0.9398868311662588,0.03198829999999998
421,0.91,0.030999999999999986,20.725264433568537,6.838663955519549e-06,0.00605442976782703,0.0019883,0.9236652113344532,0.9357340052915558,0.032988299999999984
422,0.91,0.03199999999999998,21.01421979292787,6.973550800903466e-06,0.006217749556489457,0.0019883,0.9244340741263116,0.9347584305692485,0.03398829999999998
423,0.91,0.03299999999999998,21.309875128339847,7.113632350734235e-06,0.006376705904519262,0.0019883,0.9250047088845921,0.9343429548520116,0.03498829999999998
424,0.91,0.03399999999999998,21.84855736821711,7.3733985708665275e-06,0.006748053014371404,0.0019883,0.9268456575743865,0.9299049866919942,0.03598829999999998
425,0.91,0.03499999999999998,22.1275010223494,7.510052125408214e-06,0.0069052833025557035,0.0019883,0.9272967771213304,0.9300054966878464,0.03698829999999998
426,0.91,0.035999999999999976,22.393965233034237,7.642606282148606e-06,0.0070895191595421545,0.0019883,0.9279995428874632,0.9284143721834519,0.037988299999999975
427,0.91,0.03699999999999998,22.67278101537243,7.78324789956886e-06,0.007263561025272336,0.0019883,0.9284010471634565,0.9278401064956839,0.038988299999999976
428,0.91,0.03799999999999998,23.209350265089878,8.059630031952855e-06,0.007659730939620384,0.0019883,0.929502373733261,0.9242022389091308,0.03998829999999998
429,0.91,0.03899999999999998,23.482359503452386,8.203445230004495e-06,0.007873771000933505,0.0019883,0.9299774692137809,0.9219801712218698,0.04098829999999998
430,0.91,0.03999999999999997,23.75218192008751,8.347509735955417e-06,0.008099152725351453,0.0019883,0.9304840203380538,0.9194527591963985,0.04198829999999997
431,0.91,0.040999999999999974,24.012220580817054,8.487927674370535e-06,0.008334520134642713,0.0019883,0.9310882634995713,0.9166465990697454,0.04298829999999997
432,0.91,0.041999999999999975,24.312044084101398,8.651076864578756e-06,0.00848863201098388,0.0019883,0.930747828286128,0.9186468757351772,0.04398829999999997
433,0.91,0.042999999999999976,24.812405016287624,8.928082672341535e-06,0.008948638731366327,0.0019883,0.9318402320215241,0.9143050026346601,0.044988299999999974
434,0.91,0.04399999999999998,25.073543553334968,9.075166231383165e-06,0.009163141728424092,0.0019883,0.9321029464465801,0.9135884344871258,0.045988299999999975
435,0.91,0.04499999999999997,25.334367640249408,9.223086370668755e-06,0.009354966268635483,0.0019883,0.9322264667501415,0.9140020647239916,0.04698829999999997
436,0.91,0.04599999999999997,25.792502900509085,9.486358432797815e-06,0.009809177946539396,0.0019883,0.9332717566337175,0.9107951723775937,0.04798829999999997
437,0.91,0.04699999999999997,27.63497792934717,1.1227931385766595e-05,0.010592441904942915,0.0028484,0.9573198479341224,0.9122895184422741,0.04984839999999997
438,0.91,0.047999999999999966,29.867938220443396,1.3445229319892017e-05,0.012210086864558595,0.0043148,0.9665661490474338,0.9110528725237245,0.05231479999999997
439,0.91,0.04899999999999997,31.3291021178478,1.4977276696781326e-05,0.013415466747367735,0.0051536,0.9723479945518345,0.9111817952174364,0.05415359999999997
440,0.911,0.01,13.379586345528399,4.394074368307124e-06,0.0033386169143680374,0.0028484,0.9688432182344582,0.9787760118647355,0.0128484
441,0.911,0.011,14.031818883476717,4.636762944573607e-06,0.003298267841772142,0.0028484,0.9609279096296571,0.9817069032379813,0.0138484
442,0.911,0.011999999999999999,14.379112320461317,4.767438155065803e-06,0.003451648393704613,0.0028484,0.9626301123274507,0.9766359141457521,0.014848399999999998
443,0.911,0.012999999999999998,15.022082581895585,5.012110393756075e-06,0.0034189981506227464,0.0028484,0.955492053297844,0.9797517170062728,0.0158484
444,0.911,0.013999999999999997,15.87406390865404,5.341693519598116e-06,0.0036228176760949335,0.0028484,0.9551778894357867,0.9782165256530232,0.016848399999999996
445,0.911,0.014999999999999996,16.356203748576533,5.529657900997321e-06,0.0036560041641895066,0.0028484,0.9527475617787137,0.9806548133259199,0.017848399999999997
446,0.911,0.015999999999999993,16.701955651370376,5.6662268721872935e-06,0.00377678885276301,0.0028484,0.9537739239910008,0.9772853748376463,0.018848399999999994
447,0.911,0.016999999999999994,17.09798512138215,5.825328144391394e-06,0.00386889284907065,0.0028484,0.953471132385366,0.9768541712556255,0.019848399999999995
448,0.911,0.017999999999999995,17.925167211302654,6.1646575638765935e-06,0.00404798851281294,0.0028484,0.9519826953447572,0.9759568875469974,0.020848399999999996
449,0.911,0.018999999999999993,18.306202333695403,6.323429216427377e-06,0.004144970784022706,0.0028484,0.9517066201456694,0.975056876911583,0.021848399999999994
450,0.911,0.01999999999999999,18.649477249703036,6.468187635887073e-06,0.004267340819757298,0.0028484,0.9520761254837007,0.9721116927171721,0.02284839999999999
451,0.911,0.02099999999999999,19.006466400432934,6.62084149827756e-06,0.00437627112274364,0.0028484,0.952010925679813,0.97074000784211,0.023848399999999992
452,0.911,0.021999999999999992,19.64457101042961,6.899856633026041e-06,0.0046428365299773225,0.0028484,0.9529691484105928,0.9647027778843534,0.024848399999999993
453,0.911,0.02299999999999999,19.931610216544467,7.027872122720588e-06,0.00479937454123027,0.0028484,0.9538608273147939,0.9602358014805049,0.02584839999999999
454,0.911,0.023999999999999987,20.207230256046852,7.1525394623814544e-06,0.004962240568742237,0.0028484,0.9547658479376947,0.9559168306082733,0.026848399999999988
455,0.911,0.024999999999999988,18.387918597096412,5.815171180306475e-06,0.004755297059695356,0.0019883,0.9121639517273534,0.9593801233906969,0.026988299999999986
456,0.911,0.02599999999999999,18.690287433352246,5.941335662917026e-06,0.004913271714519628,0.0019883,0.9140958384453689,0.9549644227787578,0.027988299999999987
457,0.911,0.02699999999999999,19.309773550661294,6.205356321979953e-06,0.005203283743310185,0.0019883,0.9168296354938297,0.9504967942602078,0.028988299999999988
458,0.911,0.027999999999999983,19.618375827582877,6.33982201464898e-06,0.005351315374764654,0.0019883,0.9180061267286443,0.948552675573357,0.02998829999999998
459,0.911,0.028999999999999984,19.906869089081376,6.467332739494671e-06,0.005525043185006137,0.0019883,0.9194918052941558,0.9446317107330254,0.030988299999999983
460,0.911,0.029999999999999985,20.176267038854707,6.588004311673316e-06,0.005714171010433237,0.0019883,0.9211807428768867,0.9398868311662588,0.03198829999999998
461,0.911,0.030999999999999986,20.725264433568537,6.838663955519549e-06,0.00605442976782703,0.0019883,0.9236652113344532,0.9357340052915558,0.032988299999999984
462,0.911,0.03199999999999998,21.01421979292787,6.973550800903466e-06,0.006217749556489457,0.0019883,0.9244340741263116,0.9347584305692485,0.03398829999999998
463,0.911,0.03299999999999998,21.309875128339847,7.113632350734235e-06,0.006376705904519262,0.0019883,0.9250047088845921,0.9343429548520116,0.03498829999999998
464,0.911,0.03399999999999998,21.84855736821711,7.3733985708665275e-06,0.006748053014371404,0.0019883,0.9268456575743865,0.9299049866919942,0.03598829999999998
465,0.911,0.03499999999999998,22.1275010223494,7.510052125408214e-06,0.0069052833025557035,0.0019883,0.9272967771213304,0.9300054966878464,0.03698829999999998
466,0.911,0.035999999999999976,22.393965233034237,7.642606282148606e-06,0.0070895191595421545,0.0019883,0.9279995428874632,0.9284143721834519,0.037988299999999975
467,0.911,0.03699999999999998,22.67278101537243,7.78324789956886e-06,0.007263561025272336,0.0019883,0.9284010471634565,0.9278401064956839,0.038988299999999976
468,0.911,0.03799999999999998,23.209350265089878,8.059630031952855e-06,0.007659730939620384,0.0019883,0.929502373733261,0.9242022389091308,0.03998829999999998
469,0.911,0.03899999999999998,23.482359503452386,8.203445230004495e-06,0.007873771000933505,0.0019883,0.9299774692137809,0.9219801712218698,0.04098829999999998
470,0.911,0.03999999999999997,23.75218192008751,8.347509735955417e-06,0.008099152725351453,0.0019883,0.9304840203380538,0.9194527591963985,0.04198829999999997
471,0.911,0.040999999999999974,24.012220580817054,8.487927674370535e-06,0.008334520134642713,0.0019883,0.9310882634995713,0.9166465990697454,0.04298829999999997
472,0.911,0.041999999999999975,24.312044084101398,8.651076864578756e-06,0.00848863201098388,0.0019883,0.930747828286128,0.9186468757351772,0.04398829999999997
473,0.911,0.042999999999999976,24.812405016287624,8.928082672341535e-06,0.008948638731366327,0.0019883,0.9318402320215241,0.9143050026346601,0.044988299999999974
474,0.911,0.04399999999999998,25.073543553334968,9.075166231383165e-06,0.009163141728424092,0.0019883,0.9321029464465801,0.9135884344871258,0.045988299999999975
475,0.911,0.04499999999999997,25.334367640249408,9.223086370668755e-06,0.009354966268635483,0.0019883,0.9322264667501415,0.9140020647239916,0.04698829999999997
476,0.911,0.04599999999999997,27.394960156358955,1.1073633066330265e-05,0.010382246477536099,0.0028484,0.9575634561704635,0.9121774300624871,0.04884839999999997
477,0.911,0.04699999999999997,27.63497792934717,1.1227931385766595e-05,0.010592441904942915,0.0028484,0.9573198479341224,0.9122895184422741,0.04984839999999997
478,0.911,0.047999999999999966,29.867938220443396,1.3445229319892017e-05,0.012210086864558595,0.0043148,0.9665661490474338,0.9110528725237245,0.05231479999999997
479,0.911,0.04899999999999997,31.3291021178478,1.4977276696781326e-05,0.013415466747367735,0.0051536,0.9723479945518345,0.9111817952174364,0.05415359999999997
480,0.912,0.01,13.379586345528399,4.394074368307124e-06,0.0033386169143680374,0.0028484,0.9688432182344582,0.9787760118647355,0.0128484
481,0.912,0.011,14.031818883476717,4.636762944573607e-06,0.003298267841772142,0.0028484,0.9609279096296571,0.9817069032379813,0.0138484
482,0.912,0.011999999999999999,14.379112320461317,4.767438155065803e-06,0.003451648393704613,0.0028484,0.9626301123274507,0.9766359141457521,0.014848399999999998
483,0.912,0.012999999999999998,15.022082581895585,5.012110393756075e-06,0.0034189981506227464,0.0028484,0.955492053297844,0.9797517170062728,0.0158484
484,0.912,0.013999999999999997,15.87406390865404,5.341693519598116e-06,0.0036228176760949335,0.0028484,0.9551778894357867,0.9782165256530232,0.016848399999999996
485,0.912,0.014999999999999996,16.356203748576533,5.529657900997321e-06,0.0036560041641895066,0.0028484,0.9527475617787137,0.9806548133259199,0.017848399999999997
486,0.912,0.015999999999999993,16.701955651370376,5.6662268721872935e-06,0.00377678885276301,0.0028484,0.9537739239910008,0.9772853748376463,0.018848399999999994
487,0.912,0.016999999999999994,17.09798512138215,5.825328144391394e-06,0.00386889284907065,0.0028484,0.953471132385366,0.9768541712556255,0.019848399999999995
488,0.912,0.017999999999999995,17.925167211302654,6.1646575638765935e-06,0.00404798851281294,0.0028484,0.9519826953447572,0.9759568875469974,0.020848399999999996
489,0.912,0.018999999999999993,18.306202333695403,6.323429216427377e-06,0.004144970784022706,0.0028484,0.9517066201456694,0.975056876911583,0.021848399999999994
490,0.912,0.01999999999999999,18.649477249703036,6.468187635887073e-06,0.004267340819757298,0.0028484,0.9520761254837007,0.9721116927171721,0.02284839999999999
491,0.912,0.02099999999999999,19.006466400432934,6.62084149827756e-06,0.00437627112274364,0.0028484,0.952010925679813,0.97074000784211,0.023848399999999992
492,0.912,0.021999999999999992,19.64457101042961,6.899856633026041e-06,0.0046428365299773225,0.0028484,0.9529691484105928,0.9647027778843534,0.024848399999999993
493,0.912,0.02299999999999999,19.931610216544467,7.027872122720588e-06,0.00479937454123027,0.0028484,0.9538608273147939,0.9602358014805049,0.02584839999999999
494,0.912,0.023999999999999987,20.207230256046852,7.1525394623814544e-06,0.004962240568742237,0.0028484,0.9547658479376947,0.9559168306082733,0.026848399999999988
495,0.912,0.024999999999999988,18.387918597096412,5.815171180306475e-06,0.004755297059695356,0.0019883,0.9121639517273534,0.9593801233906969,0.026988299999999986
496,0.912,0.02599999999999999,18.690287433352246,5.941335662917026e-06,0.004913271714519628,0.0019883,0.9140958384453689,0.9549644227787578,0.027988299999999987
497,0.912,0.02699999999999999,19.309773550661294,6.205356321979953e-06,0.005203283743310185,0.0019883,0.9168296354938297,0.9504967942602078,0.028988299999999988
498,0.912,0.027999999999999983,19.618375827582877,6.33982201464898e-06,0.005351315374764654,0.0019883,0.9180061267286443,0.948552675573357,0.02998829999999998
499,0.912,0.028999999999999984,19.906869089081376,6.467332739494671e-06,0.005525043185006137,0.0019883,0.9194918052941558,0.9446317107330254,0.030988299999999983
500,0.912,0.029999999999999985,20.176267038854707,6.588004311673316e-06,0.005714171010433237,0.0019883,0.9211807428768867,0.9398868311662588,0.03198829999999998
501,0.912,0.030999999999999986,20.725264433568537,6.838663955519549e-06,0.00605442976782703,0.0019883,0.9236652113344532,0.9357340052915558,0.032988299999999984
502,0.912,0.03199999999999998,21.01421979292787,6.973550800903466e-06,0.006217749556489457,0.0019883,0.9244340741263116,0.9347584305692485,0.03398829999999998
503,0.912,0.03299999999999998,21.309875128339847,7.113632350734235e-06,0.006376705904519262,0.0019883,0.9250047088845921,0.9343429548520116,0.03498829999999998
504,0.912,0.03399999999999998,21.84855736821711,7.3733985708665275e-06,0.006748053014371404,0.0019883,0.9268456575743865,0.9299049866919942,0.03598829999999998
505,0.912,0.03499999999999998,22.1275010223494,7.510052125408214e-06,0.0069052833025557035,0.0019883,0.9272967771213304,0.9300054966878464,0.03698829999999998
506,0.912,0.035999999999999976,22.393965233034237,7.642606282148606e-06,0.0070895191595421545,0.0019883,0.9279995428874632,0.9284143721834519,0.037988299999999975
507,0.912,0.03699999999999998,22.67278101537243,7.78324789956886e-06,0.007263561025272336,0.0019883,0.9284010471634565,0.9278401064956839,0.038988299999999976
508,0.912,0.03799999999999998,23.209350265089878,8.059630031952855e-06,0.007659730939620384,0.0019883,0.929502373733261,0.9242022389091308,0.03998829999999998
509,0.912,0.03899999999999998,23.482359503452386,8.203445230004495e-06,0.007873771000933505,0.0019883,0.9299774692137809,0.9219801712218698,0.04098829999999998
510,0.912,0.03999999999999997,23.75218192008751,8.347509735955417e-06,0.008099152725351453,0.0019883,0.9304840203380538,0.9194527591963985,0.04198829999999997
511,0.912,0.040999999999999974,24.012220580817054,8.487927674370535e-06,0.008334520134642713,0.0019883,0.9310882634995713,0.9166465990697454,0.04298829999999997
512,0.912,0.041999999999999975,24.312044084101398,8.651076864578756e-06,0.00848863201098388,0.0019883,0.930747828286128,0.9186468757351772,0.04398829999999997
513,0.912,0.042999999999999976,24.812405016287624,8.928082672341535e-06,0.008948638731366327,0.0019883,0.9318402320215241,0.9143050026346601,0.044988299999999974
514,0.912,0.04399999999999998,25.073543553334968,9.075166231383165e-06,0.009163141728424092,0.0019883,0.9321029464465801,0.9135884344871258,0.045988299999999975
515,0.912,0.04499999999999997,25.334367640249408,9.223086370668755e-06,0.009354966268635483,0.0019883,0.9322264667501415,0.9140020647239916,0.04698829999999997
516,0.912,0.04599999999999997,27.394960156358955,1.1073633066330265e-05,0.010382246477536099,0.0028484,0.9575634561704635,0.9121774300624871,0.04884839999999997
517,0.912,0.04699999999999997,27.63497792934717,1.1227931385766595e-05,0.010592441904942915,0.0028484,0.9573198479341224,0.9122895184422741,0.04984839999999997
518,0.912,0.047999999999999966,32.04785320963678,1.5888944179449846e-05,0.01386584449020395,0.0060919,0.9750184909017391,0.9143707242743352,0.054091899999999964
519,0.912,0.04899999999999997,32.47347809187128,1.6255002088896228e-05,0.014394812824250494,0.0060919,0.9744646104460997,0.9133327399883295,0.055091899999999965
520,0.913,0.01,13.379586345528399,4.394074368307124e-06,0.0033386169143680374,0.0028484,0.9688432182344582,0.9787760118647355,0.0128484
521,0.913,0.011,14.031818883476717,4.636762944573607e-06,0.003298267841772142,0.0028484,0.9609279096296571,0.9817069032379813,0.0138484
522,0.913,0.011999999999999999,14.379112320461317,4.767438155065803e-06,0.003451648393704613,0.0028484,0.9626301123274507,0.9766359141457521,0.014848399999999998
523,0.913,0.012999999999999998,15.022082581895585,5.012110393756075e-06,0.0034189981506227464,0.0028484,0.955492053297844,0.9797517170062728,0.0158484
524,0.913,0.013999999999999997,15.87406390865404,5.341693519598116e-06,0.0036228176760949335,0.0028484,0.9551778894357867,0.9782165256530232,0.016848399999999996
525,0.913,0.014999999999999996,16.356203748576533,5.529657900997321e-06,0.0036560041641895066,0.0028484,0.9527475617787137,0.9806548133259199,0.017848399999999997
526,0.913,0.015999999999999993,16.701955651370376,5.6662268721872935e-06,0.00377678885276301,0.0028484,0.9537739239910008,0.9772853748376463,0.018848399999999994
527,0.913,0.016999999999999994,17.09798512138215,5.825328144391394e-06,0.00386889284907065,0.0028484,0.953471132385366,0.9768541712556255,0.019848399999999995
528,0.913,0.017999999999999995,17.925167211302654,6.1646575638765935e-06,0.00404798851281294,0.0028484,0.9519826953447572,0.9759568875469974,0.020848399999999996
529,0.913,0.018999999999999993,18.306202333695403,6.323429216427377e-06,0.004144970784022706,0.0028484,0.9517066201456694,0.975056876911583,0.021848399999999994
530,0.913,0.01999999999999999,18.649477249703036,6.468187635887073e-06,0.004267340819757298,0.0028484,0.9520761254837007,0.9721116927171721,0.02284839999999999
531,0.913,0.02099999999999999,19.006466400432934,6.62084149827756e-06,0.00437627112274364,0.0028484,0.952010925679813,0.97074000784211,0.023848399999999992
532,0.913,0.021999999999999992,19.64457101042961,6.899856633026041e-06,0.0046428365299773225,0.0028484,0.9529691484105928,0.9647027778843534,0.024848399999999993
533,0.913,0.02299999999999999,19.931610216544467,7.027872122720588e-06,0.00479937454123027,0.0028484,0.9538608273147939,0.9602358014805049,0.02584839999999999
534,0.913,0.023999999999999987,20.207230256046852,7.1525394623814544e-06,0.004962240568742237,0.0028484,0.9547658479376947,0.9559168306082733,0.026848399999999988
535,0.913,0.024999999999999988,20.48586131013944,7.280422820602975e-06,0.005121461978428,0.0028484,0.9554593815947091,0.9527100426228062,0.02784839999999999
536,0.913,0.02599999999999999,18.690287433352246,5.941335662917026e-06,0.004913271714519628,0.0019883,0.9140958384453689,0.9549644227787578,0.027988299999999987
537,0.913,0.02699999999999999,19.309773550661294,6.205356321979953e-06,0.005203283743310185,0.0019883,0.9168296354938297,0.9504967942602078,0.028988299999999988
538,0.913,0.027999999999999983,19.618375827582877,6.33982201464898e-06,0.005351315374764654,0.0019883,0.9180061267286443,0.948552675573357,0.02998829999999998
539,0.913,0.028999999999999984,19.906869089081376,6.467332739494671e-06,0.005525043185006137,0.0019883,0.9194918052941558,0.9446317107330254,0.030988299999999983
540,0.913,0.029999999999999985,20.176267038854707,6.588004311673316e-06,0.005714171010433237,0.0019883,0.9211807428768867,0.9398868311662588,0.03198829999999998
541,0.913,0.030999999999999986,20.725264433568537,6.838663955519549e-06,0.00605442976782703,0.0019883,0.9236652113344532,0.9357340052915558,0.032988299999999984
542,0.913,0.03199999999999998,21.01421979292787,6.973550800903466e-06,0.006217749556489457,0.0019883,0.9244340741263116,0.9347584305692485,0.03398829999999998
543,0.913,0.03299999999999998,21.309875128339847,7.113632350734235e-06,0.006376705904519262,0.0019883,0.9250047088845921,0.9343429548520116,0.03498829999999998
544,0.913,0.03399999999999998,21.84855736821711,7.3733985708665275e-06,0.006748053014371404,0.0019883,0.9268456575743865,0.9299049866919942,0.03598829999999998
545,0.913,0.03499999999999998,22.1275010223494,7.510052125408214e-06,0.0069052833025557035,0.0019883,0.9272967771213304,0.9300054966878464,0.03698829999999998
546,0.913,0.035999999999999976,22.393965233034237,7.642606282148606e-06,0.0070895191595421545,0.0019883,0.9279995428874632,0.9284143721834519,0.037988299999999975
547,0.913,0.03699999999999998,22.67278101537243,7.78324789956886e-06,0.007263561025272336,0.0019883,0.9284010471634565,0.9278401064956839,0.038988299999999976
548,0.913,0.03799999999999998,23.209350265089878,8.059630031952855e-06,0.007659730939620384,0.0019883,0.929502373733261,0.9242022389091308,0.03998829999999998
549,0.913,0.03899999999999998,23.482359503452386,8.203445230004495e-06,0.007873771000933505,0.0019883,0.9299774692137809,0.9219801712218698,0.04098829999999998
550,0.913,0.03999999999999997,23.75218192008751,8.347509735955417e-06,0.008099152725351453,0.0019883,0.9304840203380538,0.9194527591963985,0.04198829999999997
551,0.913,0.040999999999999974,24.012220580817054,8.487927674370535e-06,0.008334520134642713,0.0019883,0.9310882634995713,0.9166465990697454,0.04298829999999997
552,0.913,0.041999999999999975,24.312044084101398,8.651076864578756e-06,0.00848863201098388,0.0019883,0.930747828286128,0.9186468757351772,0.04398829999999997
553,0.913,0.042999999999999976,24.812405016287624,8.928082672341535e-06,0.008948638731366327,0.0019883,0.9318402320215241,0.9143050026346601,0.044988299999999974
554,0.913,0.04399999999999998,25.073543553334968,9.075166231383165e-06,0.009163141728424092,0.0019883,0.9321029464465801,0.9135884344871258,0.045988299999999975
555,0.913,0.04499999999999997,25.334367640249408,9.223086370668755e-06,0.009354966268635483,0.0019883,0.9322264667501415,0.9140020647239916,0.04698829999999997
556,0.913,0.04599999999999997,28.551016114253745,1.222564316575375e-05,0.010990121603947472,0.0036086,0.9643792901044058,0.9141262080533993,0.049608599999999975
557,0.913,0.04699999999999997,31.833238239065544,1.5707087795399447e-05,0.013616060292878557,0.0060919,0.9753154370681596,0.9144956434994026,0.05309189999999997
558,0.913,0.047999999999999966,32.04785320963678,1.5888944179449846e-05,0.01386584449020395,0.0060919,0.9750184909017391,0.9143707242743352,0.054091899999999964
559,0.913,0.04899999999999997,32.47347809187128,1.6255002088896228e-05,0.014394812824250494,0.0060919,0.9744646104460997,0.9133327399883295,0.055091899999999965
560,0.914,0.01,13.379586345528399,4.394074368307124e-06,0.0033386169143680374,0.0028484,0.9688432182344582,0.9787760118647355,0.0128484
561,0.914,0.011,14.031818883476717,4.636762944573607e-06,0.003298267841772142,0.0028484,0.9609279096296571,0.9817069032379813,0.0138484
562,0.914,0.011999999999999999,14.379112320461317,4.767438155065803e-06,0.003451648393704613,0.0028484,0.9626301123274507,0.9766359141457521,0.014848399999999998
563,0.914,0.012999999999999998,15.022082581895585,5.012110393756075e-06,0.0034189981506227464,0.0028484,0.955492053297844,0.9797517170062728,0.0158484
564,0.914,0.013999999999999997,15.87406390865404,5.341693519598116e-06,0.0036228176760949335,0.0028484,0.9551778894357867,0.9782165256530232,0.016848399999999996
565,0.914,0.014999999999999996,16.356203748576533,5.529657900997321e-06,0.0036560041641895066,0.0028484,0.9527475617787137,0.9806548133259199,0.017848399999999997
566,0.914,0.015999999999999993,16.701955651370376,5.6662268721872935e-06,0.00377678885276301,0.0028484,0.9537739239910008,0.9772853748376463,0.018848399999999994
567,0.914,0.016999999999999994,17.09798512138215,5.825328144391394e-06,0.00386889284907065,0.0028484,0.953471132385366,0.9768541712556255,0.019848399999999995
568,0.914,0.017999999999999995,17.925167211302654,6.1646575638765935e-06,0.00404798851281294,0.0028484,0.9519826953447572,0.9759568875469974,0.020848399999999996
569,0.914,0.018999999999999993,18.306202333695403,6.323429216427377e-06,0.004144970784022706,0.0028484,0.9517066201456694,0.975056876911583,0.021848399999999994
570,0.914,0.01999999999999999,18.649477249703036,6.468187635887073e-06,0.004267340819757298,0.0028484,0.9520761254837007,0.9721116927171721,0.02284839999999999
571,0.914,0.02099999999999999,19.006466400432934,6.62084149827756e-06,0.00437627112274364,0.0028484,0.952010925679813,0.97074000784211,0.023848399999999992
572,0.914,0.021999999999999992,19.64457101042961,6.899856633026041e-06,0.0046428365299773225,0.0028484,0.9529691484105928,0.9647027778843534,0.024848399999999993
573,0.914,0.02299999999999999,19.931610216544467,7.027872122720588e-06,0.00479937454123027,0.0028484,0.9538608273147939,0.9602358014805049,0.02584839999999999
574,0.914,0.023999999999999987,20.207230256046852,7.1525394623814544e-06,0.004962240568742237,0.0028484,0.9547658479376947,0.9559168306082733,0.026848399999999988
575,0.914,0.024999999999999988,20.48586131013944,7.280422820602975e-06,0.005121461978428,0.0028484,0.9554593815947091,0.9527100426228062,0.02784839999999999
576,0.914,0.02599999999999999,18.690287433352246,5.941335662917026e-06,0.004913271714519628,0.0019883,0.9140958384453689,0.9549644227787578,0.027988299999999987
577,0.914,0.02699999999999999,19.309773550661294,6.205356321979953e-06,0.005203283743310185,0.0019883,0.9168296354938297,0.9504967942602078,0.028988299999999988
578,0.914,0.027999999999999983,19.618375827582877,6.33982201464898e-06,0.005351315374764654,0.0019883,0.9180061267286443,0.948552675573357,0.02998829999999998
579,0.914,0.028999999999999984,19.906869089081376,6.467332739494671e-06,0.005525043185006137,0.0019883,0.9194918052941558,0.9446317107330254,0.030988299999999983
580,0.914,0.029999999999999985,20.176267038854707,6.588004311673316e-06,0.005714171010433237,0.0019883,0.9211807428768867,0.9398868311662588,0.03198829999999998
581,0.914,0.030999999999999986,20.725264433568537,6.838663955519549e-06,0.00605442976782703,0.0019883,0.9236652113344532,0.9357340052915558,0.032988299999999984
582,0.914,0.03199999999999998,21.01421979292787,6.973550800903466e-06,0.006217749556489457,0.0019883,0.9244340741263116,0.9347584305692485,0.03398829999999998
583,0.914,0.03299999999999998,21.309875128339847,7.113632350734235e-06,0.006376705904519262,0.0019883,0.9250047088845921,0.9343429548520116,0.03498829999999998
584,0.914,0.03399999999999998,21.84855736821711,7.3733985708665275e-06,0.006748053014371404,0.0019883,0.9268456575743865,0.9299049866919942,0.03598829999999998
585,0.914,0.03499999999999998,22.1275010223494,7.510052125408214e-06,0.0069052833025557035,0.0019883,0.9272967771213304,0.9300054966878464,0.03698829999999998
586,0.914,0.035999999999999976,22.393965233034237,7.642606282148606e-06,0.0070895191595421545,0.0019883,0.9279995428874632,0.9284143721834519,0.037988299999999975
587,0.914,0.03699999999999998,22.67278101537243,7.78324789956886e-06,0.007263561025272336,0.0019883,0.9284010471634565,0.9278401064956839,0.038988299999999976
588,0.914,0.03799999999999998,23.209350265089878,8.059630031952855e-06,0.007659730939620384,0.0019883,0.929502373733261,0.9242022389091308,0.03998829999999998
589,0.914,0.03899999999999998,23.482359503452386,8.203445230004495e-06,0.007873771000933505,0.0019883,0.9299774692137809,0.9219801712218698,0.04098829999999998
590,0.914,0.03999999999999997,23.75218192008751,8.347509735955417e-06,0.008099152725351453,0.0019883,0.9304840203380538,0.9194527591963985,0.04198829999999997
591,0.914,0.040999999999999974,24.012220580817054,8.487927674370535e-06,0.008334520134642713,0.0019883,0.9310882634995713,0.9166465990697454,0.04298829999999997
592,0.914,0.041999999999999975,24.312044084101398,8.651076864578756e-06,0.00848863201098388,0.0019883,0.930747828286128,0.9186468757351772,0.04398829999999997
593,0.914,0.042999999999999976,24.812405016287624,8.928082672341535e-06,0.008948638731366327,0.0019883,0.9318402320215241,0.9143050026346601,0.044988299999999974
594,0.914,0.04399999999999998,27.867725823657906,1.1763006990190034e-05,0.010307001602164788,0.0036086,0.9648589726736435,0.9161708338955222,0.04760859999999997
595,0.914,0.04499999999999997,25.334367640249408,9.223086370668755e-06,0.009354966268635483,0.0019883,0.9322264667501415,0.9140020647239916,0.04698829999999997
596,0.914,0.04599999999999997,28.551016114253745,1.222564316575375e-05,0.010990121603947472,0.0036086,0.9643792901044058,0.9141262080533993,0.049608599999999975
597,0.914,0.04699999999999997,31.833238239065544,1.5707087795399447e-05,0.013616060292878557,0.0060919,0.9753154370681596,0.9144956434994026,0.05309189999999997
598,0.914,0.047999999999999966,32.04785320963678,1.5888944179449846e-05,0.01386584449020395,0.0060919,0.9750184909017391,0.9143707242743352,0.054091899999999964
599,0.914,0.04899999999999997,34.35388371975955,1.8670412553339973e-05,0.01599767085192954,0.0079662,0.9802203707571449,0.9146580737963267,0.05696619999999997
600,0.915,0.01,13.379586345528399,4.394074368307124e-06,0.0033386169143680374,0.0028484,0.9688432182344582,0.9787760118647355,0.0128484
601,0.915,0.011,14.031818883476717,4.636762944573607e-06,0.003298267841772142,0.0028484,0.9609279096296571,0.9817069032379813,0.0138484
602,0.915,0.011999999999999999,14.379112320461317,4.767438155065803e-06,0.003451648393704613,0.0028484,0.9626301123274507,0.9766359141457521,0.014848399999999998
603,0.915,0.012999999999999998,15.022082581895585,5.012110393756075e-06,0.0034189981506227464,0.0028484,0.955492053297844,0.9797517170062728,0.0158484
604,0.915,0.013999999999999997,15.87406390865404,5.341693519598116e-06,0.0036228176760949335,0.0028484,0.9551778894357867,0.9782165256530232,0.016848399999999996
605,0.915,0.014999999999999996,16.356203748576533,5.529657900997321e-06,0.0036560041641895066,0.0028484,0.9527475617787137,0.9806548133259199,0.017848399999999997
606,0.915,0.015999999999999993,16.701955651370376,5.6662268721872935e-06,0.00377678885276301,0.0028484,0.9537739239910008,0.9772853748376463,0.018848399999999994
607,0.915,0.016999999999999994,17.09798512138215,5.825328144391394e-06,0.00386889284907065,0.0028484,0.953471132385366,0.9768541712556255,0.019848399999999995
608,0.915,0.017999999999999995,17.925167211302654,6.1646575638765935e-06,0.00404798851281294,0.0028484,0.9519826953447572,0.9759568875469974,0.020848399999999996
609,0.915,0.018999999999999993,18.306202333695403,6.323429216427377e-06,0.004144970784022706,0.0028484,0.9517066201456694,0.975056876911583,0.021848399999999994
610,0.915,0.01999999999999999,18.649477249703036,6.468187635887073e-06,0.004267340819757298,0.0028484,0.9520761254837007,0.9721116927171721,0.02284839999999999
611,0.915,0.02099999999999999,19.006466400432934,6.62084149827756e-06,0.00437627112274364,0.0028484,0.952010925679813,0.97074000784211,0.023848399999999992
612,0.915,0.021999999999999992,19.64457101042961,6.899856633026041e-06,0.0046428365299773225,0.0028484,0.9529691484105928,0.9647027778843534,0.024848399999999993
613,0.915,0.02299999999999999,19.931610216544467,7.027872122720588e-06,0.00479937454123027,0.0028484,0.9538608273147939,0.9602358014805049,0.02584839999999999
614,0.915,0.023999999999999987,20.207230256046852,7.1525394623814544e-06,0.004962240568742237,0.0028484,0.9547658479376947,0.9559168306082733,0.026848399999999988
615,0.915,0.024999999999999988,20.48586131013944,7.280422820602975e-06,0.005121461978428,0.0028484,0.9554593815947091,0.9527100426228062,0.02784839999999999
616,0.915,0.02599999999999999,21.07339821742293,7.555600586705634e-06,0.0054103461818444136,0.0028484,0.9559264940172283,0.949937856925359,0.02884839999999999
617,0.915,0.02699999999999999,19.309773550661294,6.205356321979953e-06,0.005203283743310185,0.0019883,0.9168296354938297,0.9504967942602078,0.028988299999999988
618,0.915,0.027999999999999983,19.618375827582877,6.33982201464898e-06,0.005351315374764654,0.0019883,0.9180061267286443,0.948552675573357,0.02998829999999998
619,0.915,0.028999999999999984,19.906869089081376,6.467332739494671e-06,0.005525043185006137,0.0019883,0.9194918052941558,0.9446317107330254,0.030988299999999983
620,0.915,0.029999999999999985,20.176267038854707,6.588004311673316e-06,0.005714171010433237,0.0019883,0.9211807428768867,0.9398868311662588,0.03198829999999998
621,0.915,0.030999999999999986,20.725264433568537,6.838663955519549e-06,0.00605442976782703,0.0019883,0.9236652113344532,0.9357340052915558,0.032988299999999984
622,0.915,0.03199999999999998,21.01421979292787,6.973550800903466e-06,0.006217749556489457,0.0019883,0.9244340741263116,0.9347584305692485,0.03398829999999998
623,0.915,0.03299999999999998,21.309875128339847,7.113632350734235e-06,0.006376705904519262,0.0019883,0.9250047088845921,0.9343429548520116,0.03498829999999998
624,0.915,0.03399999999999998,21.84855736821711,7.3733985708665275e-06,0.006748053014371404,0.0019883,0.9268456575743865,0.9299049866919942,0.03598829999999998
625,0.915,0.03499999999999998,22.1275010223494,7.510052125408214e-06,0.0069052833025557035,0.0019883,0.9272967771213304,0.9300054966878464,0.03698829999999998
626,0.915,0.035999999999999976,22.393965233034237,7.642606282148606e-06,0.0070895191595421545,0.0019883,0.9279995428874632,0.9284143721834519,0.037988299999999975
627,0.915,0.03699999999999998,22.67278101537243,7.78324789956886e-06,0.007263561025272336,0.0019883,0.9284010471634565,0.9278401064956839,0.038988299999999976
628,0.915,0.03799999999999998,23.209350265089878,8.059630031952855e-06,0.007659730939620384,0.0019883,0.929502373733261,0.9242022389091308,0.03998829999999998
629,0.915,0.03899999999999998,23.482359503452386,8.203445230004495e-06,0.007873771000933505,0.0019883,0.9299774692137809,0.9219801712218698,0.04098829999999998
630,0.915,0.03999999999999997,23.75218192008751,8.347509735955417e-06,0.008099152725351453,0.0019883,0.9304840203380538,0.9194527591963985,0.04198829999999997
631,0.915,0.040999999999999974,24.012220580817054,8.487927674370535e-06,0.008334520134642713,0.0019883,0.9310882634995713,0.9166465990697454,0.04298829999999997
632,0.915,0.041999999999999975,24.312044084101398,8.651076864578756e-06,0.00848863201098388,0.0019883,0.930747828286128,0.9186468757351772,0.04398829999999997
633,0.915,0.042999999999999976,26.49987086361221,1.0513864903301974e-05,0.009473236087957035,0.0028484,0.9574078526691149,0.9169688615655461,0.04584839999999998
634,0.915,0.04399999999999998,27.867725823657906,1.1763006990190034e-05,0.010307001602164788,0.0036086,0.9648589726736435,0.9161708338955222,0.04760859999999997
635,0.915,0.04499999999999997,28.327419472911707,1.2072510399809897e-05,0.010746167879179593,0.0036086,0.9644823643628246,0.9154614857749955,0.048608599999999974
636,0.915,0.04599999999999997,32.345328277759315,1.6465354400659815e-05,0.013815793798131012,0.006967,0.9784896717570754,0.9176366533157735,0.05296699999999997
637,0.915,0.04699999999999997,32.76284604443268,1.6834859240812122e-05,0.014346440177970527,0.006967,0.9779620619014289,0.9164520045561199,0.05396699999999997
638,0.915,0.047999999999999966,33.20027558107836,1.722915536747358e-05,0.014857085713483209,0.006967,0.9772264999294407,0.9163292941598887,0.05496699999999997
639,0.915,0.04899999999999997,35.19602370689276,1.9779885915721555e-05,0.016826097902161826,0.0089581,0.9809579671017538,0.9162682407359989,0.05795809999999997
640,0.916,0.01,13.379586345528399,4.394074368307124e-06,0.0033386169143680374,0.0028484,0.9688432182344582,0.9787760118647355,0.0128484
641,0.916,0.011,14.031818883476717,4.636762944573607e-06,0.003298267841772142,0.0028484,0.9609279096296571,0.9817069032379813,0.0138484
642,0.916,0.011999999999999999,14.379112320461317,4.767438155065803e-06,0.003451648393704613,0.0028484,0.9626301123274507,0.9766359141457521,0.014848399999999998
643,0.916,0.012999999999999998,15.022082581895585,5.012110393756075e-06,0.0034189981506227464,0.0028484,0.955492053297844,0.9797517170062728,0.0158484
644,0.916,0.013999999999999997,15.87406390865404,5.341693519598116e-06,0.0036228176760949335,0.0028484,0.9551778894357867,0.9782165256530232,0.016848399999999996
645,0.916,0.014999999999999996,16.356203748576533,5.529657900997321e-06,0.0036560041641895066,0.0028484,0.9527475617787137,0.9806548133259199,0.017848399999999997
646,0.916,0.015999999999999993,16.701955651370376,5.6662268721872935e-06,0.00377678885276301,0.0028484,0.9537739239910008,0.9772853748376463,0.018848399999999994
647,0.916,0.016999999999999994,17.09798512138215,5.825328144391394e-06,0.00386889284907065,0.0028484,0.953471132385366,0.9768541712556255,0.019848399999999995
648,0.916,0.017999999999999995,17.925167211302654,6.1646575638765935e-06,0.00404798851281294,0.0028484,0.9519826953447572,0.9759568875469974,0.020848399999999996
649,0.916,0.018999999999999993,18.306202333695403,6.323429216427377e-06,0.004144970784022706,0.0028484,0.9517066201456694,0.975056876911583,0.021848399999999994
650,0.916,0.01999999999999999,18.649477249703036,6.468187635887073e-06,0.004267340819757298,0.0028484,0.9520761254837007,0.9721116927171721,0.02284839999999999
651,0.916,0.02099999999999999,19.006466400432934,6.62084149827756e-06,0.00437627112274364,0.0028484,0.952010925679813,0.97074000784211,0.023848399999999992
652,0.916,0.021999999999999992,19.64457101042961,6.899856633026041e-06,0.0046428365299773225,0.0028484,0.9529691484105928,0.9647027778843534,0.024848399999999993
653,0.916,0.02299999999999999,19.931610216544467,7.027872122720588e-06,0.00479937454123027,0.0028484,0.9538608273147939,0.9602358014805049,0.02584839999999999
654,0.916,0.023999999999999987,20.207230256046852,7.1525394623814544e-06,0.004962240568742237,0.0028484,0.9547658479376947,0.9559168306082733,0.026848399999999988
655,0.916,0.024999999999999988,20.48586131013944,7.280422820602975e-06,0.005121461978428,0.0028484,0.9554593815947091,0.9527100426228062,0.02784839999999999
656,0.916,0.02599999999999999,21.07339821742293,7.555600586705634e-06,0.0054103461818444136,0.0028484,0.9559264940172283,0.949937856925359,0.02884839999999999
657,0.916,0.02699999999999999,19.309773550661294,6.205356321979953e-06,0.005203283743310185,0.0019883,0.9168296354938297,0.9504967942602078,0.028988299999999988
658,0.916,0.027999999999999983,19.618375827582877,6.33982201464898e-06,0.005351315374764654,0.0019883,0.9180061267286443,0.948552675573357,0.02998829999999998
659,0.916,0.028999999999999984,19.906869089081376,6.467332739494671e-06,0.005525043185006137,0.0019883,0.9194918052941558,0.9446317107330254,0.030988299999999983
660,0.916,0.029999999999999985,20.176267038854707,6.588004311673316e-06,0.005714171010433237,0.0019883,0.9211807428768867,0.9398868311662588,0.03198829999999998
661,0.916,0.030999999999999986,20.725264433568537,6.838663955519549e-06,0.00605442976782703,0.0019883,0.9236652113344532,0.9357340052915558,0.032988299999999984
662,0.916,0.03199999999999998,21.01421979292787,6.973550800903466e-06,0.006217749556489457,0.0019883,0.9244340741263116,0.9347584305692485,0.03398829999999998
663,0.916,0.03299999999999998,21.309875128339847,7.113632350734235e-06,0.006376705904519262,0.0019883,0.9250047088845921,0.9343429548520116,0.03498829999999998
664,0.916,0.03399999999999998,21.84855736821711,7.3733985708665275e-06,0.006748053014371404,0.0019883,0.9268456575743865,0.9299049866919942,0.03598829999999998
665,0.916,0.03499999999999998,22.1275010223494,7.510052125408214e-06,0.0069052833025557035,0.0019883,0.9272967771213304,0.9300054966878464,0.03698829999999998
666,0.916,0.035999999999999976,22.393965233034237,7.642606282148606e-06,0.0070895191595421545,0.0019883,0.9279995428874632,0.9284143721834519,0.037988299999999975
667,0.916,0.03699999999999998,22.67278101537243,7.78324789956886e-06,0.007263561025272336,0.0019883,0.9284010471634565,0.9278401064956839,0.038988299999999976
668,0.916,0.03799999999999998,23.209350265089878,8.059630031952855e-06,0.007659730939620384,0.0019883,0.929502373733261,0.9242022389091308,0.03998829999999998
669,0.916,0.03899999999999998,23.482359503452386,8.203445230004495e-06,0.007873771000933505,0.0019883,0.9299774692137809,0.9219801712218698,0.04098829999999998
670,0.916,0.03999999999999997,23.75218192008751,8.347509735955417e-06,0.008099152725351453,0.0019883,0.9304840203380538,0.9194527591963985,0.04198829999999997
671,0.916,0.040999999999999974,24.012220580817054,8.487927674370535e-06,0.008334520134642713,0.0019883,0.9310882634995713,0.9166465990697454,0.04298829999999997
672,0.916,0.041999999999999975,24.312044084101398,8.651076864578756e-06,0.00848863201098388,0.0019883,0.930747828286128,0.9186468757351772,0.04398829999999997
673,0.916,0.042999999999999976,26.49987086361221,1.0513864903301974e-05,0.009473236087957035,0.0028484,0.9574078526691149,0.9169688615655461,0.04584839999999998
674,0.916,0.04399999999999998,27.867725823657906,1.1763006990190034e-05,0.010307001602164788,0.0036086,0.9648589726736435,0.9161708338955222,0.04760859999999997
675,0.916,0.04499999999999997,32.130143309043625,1.6277517263662577e-05,0.013570425047740194,0.006967,0.9788159874441343,0.9175741980156051,0.05196699999999997
676,0.916,0.04599999999999997,32.345328277759315,1.6465354400659815e-05,0.013815793798131012,0.006967,0.9784896717570754,0.9176366533157735,0.05296699999999997
677,0.916,0.04699999999999997,32.76284604443268,1.6834859240812122e-05,0.014346440177970527,0.006967,0.9779620619014289,0.9164520045561199,0.05396699999999997
678,0.916,0.047999999999999966,33.20027558107836,1.722915536747358e-05,0.014857085713483209,0.006967,0.9772264999294407,0.9163292941598887,0.05496699999999997
679,0.916,0.04899999999999997,35.19602370689276,1.9779885915721555e-05,0.016826097902161826,0.0089581,0.9809579671017538,0.9162682407359989,0.05795809999999997
680,0.917,0.01,13.379586345528399,4.394074368307124e-06,0.0033386169143680374,0.0028484,0.9688432182344582,0.9787760118647355,0.0128484
681,0.917,0.011,14.031818883476717,4.636762944573607e-06,0.003298267841772142,0.0028484,0.9609279096296571,0.9817069032379813,0.0138484
682,0.917,0.011999999999999999,14.379112320461317,4.767438155065803e-06,0.003451648393704613,0.0028484,0.9626301123274507,0.9766359141457521,0.014848399999999998
683,0.917,0.012999999999999998,15.022082581895585,5.012110393756075e-06,0.0034189981506227464,0.0028484,0.955492053297844,0.9797517170062728,0.0158484
684,0.917,0.013999999999999997,15.87406390865404,5.341693519598116e-06,0.0036228176760949335,0.0028484,0.9551778894357867,0.9782165256530232,0.016848399999999996
685,0.917,0.014999999999999996,16.356203748576533,5.529657900997321e-06,0.0036560041641895066,0.0028484,0.9527475617787137,0.9806548133259199,0.017848399999999997
686,0.917,0.015999999999999993,16.701955651370376,5.6662268721872935e-06,0.00377678885276301,0.0028484,0.9537739239910008,0.9772853748376463,0.018848399999999994
687,0.917,0.016999999999999994,17.09798512138215,5.825328144391394e-06,0.00386889284907065,0.0028484,0.953471132385366,0.9768541712556255,0.019848399999999995
688,0.917,0.017999999999999995,17.925167211302654,6.1646575638765935e-06,0.00404798851281294,0.0028484,0.9519826953447572,0.9759568875469974,0.020848399999999996
689,0.917,0.018999999999999993,18.306202333695403,6.323429216427377e-06,0.004144970784022706,0.0028484,0.9517066201456694,0.975056876911583,0.021848399999999994
690,0.917,0.01999999999999999,18.649477249703036,6.468187635887073e-06,0.004267340819757298,0.0028484,0.9520761254837007,0.9721116927171721,0.02284839999999999
691,0.917,0.02099999999999999,19.006466400432934,6.62084149827756e-06,0.00437627112274364,0.0028484,0.952010925679813,0.97074000784211,0.023848399999999992
692,0.917,0.021999999999999992,19.64457101042961,6.899856633026041e-06,0.0046428365299773225,0.0028484,0.9529691484105928,0.9647027778843534,0.024848399999999993
693,0.917,0.02299999999999999,19.931610216544467,7.027872122720588e-06,0.00479937454123027,0.0028484,0.9538608273147939,0.9602358014805049,0.02584839999999999
694,0.917,0.023999999999999987,20.207230256046852,7.1525394623814544e-06,0.004962240568742237,0.0028484,0.9547658479376947,0.9559168306082733,0.026848399999999988
695,0.917,0.024999999999999988,20.48586131013944,7.280422820602975e-06,0.005121461978428,0.0028484,0.9554593815947091,0.9527100426228062,0.02784839999999999
696,0.917,0.02599999999999999,21.07339821742293,7.555600586705634e-06,0.0054103461818444136,0.0028484,0.9559264940172283,0.949937856925359,0.02884839999999999
697,0.917,0.02699999999999999,21.339622424751017,7.683049130585667e-06,0.005588503726547698,0.0028484,0.9565320829080005,0.9461218573796907,0.02984839999999999
698,0.917,0.027999999999999983,19.618375827582877,6.33982201464898e-06,0.005351315374764654,0.0019883,0.9180061267286443,0.948552675573357,0.02998829999999998
699,0.917,0.028999999999999984,19.906869089081376,6.467332739494671e-06,0.005525043185006137,0.0019883,0.9194918052941558,0.9446317107330254,0.030988299999999983
700,0.917,0.029999999999999985,20.176267038854707,6.588004311673316e-06,0.005714171010433237,0.0019883,0.9211807428768867,0.9398868311662588,0.03198829999999998
701,0.917,0.030999999999999986,20.725264433568537,6.838663955519549e-06,0.00605442976782703,0.0019883,0.9236652113344532,0.9357340052915558,0.032988299999999984
702,0.917,0.03199999999999998,21.01421979292787,6.973550800903466e-06,0.006217749556489457,0.0019883,0.9244340741263116,0.9347584305692485,0.03398829999999998
703,0.917,0.03299999999999998,21.309875128339847,7.113632350734235e-06,0.006376705904519262,0.0019883,0.9250047088845921,0.9343429548520116,0.03498829999999998
704,0.917,0.03399999999999998,21.84855736821711,7.3733985708665275e-06,0.006748053014371404,0.0019883,0.9268456575743865,0.9299049866919942,0.03598829999999998
705,0.917,0.03499999999999998,22.1275010223494,7.510052125408214e-06,0.0069052833025557035,0.0019883,0.9272967771213304,0.9300054966878464,0.03698829999999998
706,0.917,0.035999999999999976,22.393965233034237,7.642606282148606e-06,0.0070895191595421545,0.0019883,0.9279995428874632,0.9284143721834519,0.037988299999999975
707,0.917,0.03699999999999998,22.67278101537243,7.78324789956886e-06,0.007263561025272336,0.0019883,0.9284010471634565,0.9278401064956839,0.038988299999999976
708,0.917,0.03799999999999998,23.209350265089878,8.059630031952855e-06,0.007659730939620384,0.0019883,0.929502373733261,0.9242022389091308,0.03998829999999998
709,0.917,0.03899999999999998,23.482359503452386,8.203445230004495e-06,0.007873771000933505,0.0019883,0.9299774692137809,0.9219801712218698,0.04098829999999998
710,0.917,0.03999999999999997,23.75218192008751,8.347509735955417e-06,0.008099152725351453,0.0019883,0.9304840203380538,0.9194527591963985,0.04198829999999997
711,0.917,0.040999999999999974,25.744980879419128,1.005689923296787e-05,0.00884359800393429,0.0028484,0.9579214111852886,0.9182312244110485,0.043848399999999975
712,0.917,0.041999999999999975,24.312044084101398,8.651076864578756e-06,0.00848863201098388,0.0019883,0.930747828286128,0.9186468757351772,0.04398829999999997
713,0.917,0.042999999999999976,28.56834524228372,1.2504118929357459e-05,0.010706416044805767,0.0043148,0.9668609041577465,0.9187805533073377,0.047314799999999976
714,0.917,0.04399999999999998,28.807332011680764,1.2673085908727291e-05,0.010918980196643283,0.0043148,0.9665892948438708,0.9188944645270908,0.04831479999999998
715,0.917,0.04499999999999997,32.130143309043625,1.6277517263662577e-05,0.013570425047740194,0.006967,0.9788159874441343,0.9175741980156051,0.05196699999999997
716,0.917,0.04599999999999997,32.345328277759315,1.6465354400659815e-05,0.013815793798131012,0.006967,0.9784896717570754,0.9176366533157735,0.05296699999999997
717,0.917,0.04699999999999997,34.750001046213384,1.9327751927219497e-05,0.01622142385037403,0.0089581,0.9817868676620481,0.917616984606208,0.05595809999999997
718,0.917,0.047999999999999966,34.984110046775655,1.956430956311672e-05,0.01650775999548734,0.0089581,0.9812738739447592,0.9174536508808903,0.05695809999999997
719,0.917,0.04899999999999997,39.64737716494723,2.6453397338053412e-05,0.02261620151481203,0.0138858,0.9834336496524828,0.9193785331862587,0.06288579999999996
720,0.918,0.01,13.379586345528399,4.394074368307124e-06,0.0033386169143680374,0.0028484,0.9688432182344582,0.9787760118647355,0.0128484
721,0.918,0.011,14.031818883476717,4.636762944573607e-06,0.003298267841772142,0.0028484,0.9609279096296571,0.9817069032379813,0.0138484
722,0.918,0.011999999999999999,14.379112320461317,4.767438155065803e-06,0.003451648393704613,0.0028484,0.9626301123274507,0.9766359141457521,0.014848399999999998
723,0.918,0.012999999999999998,15.022082581895585,5.012110393756075e-06,0.0034189981506227464,0.0028484,0.955492053297844,0.9797517170062728,0.0158484
724,0.918,0.013999999999999997,15.87406390865404,5.341693519598116e-06,0.0036228176760949335,0.0028484,0.9551778894357867,0.9782165256530232,0.016848399999999996
725,0.918,0.014999999999999996,16.356203748576533,5.529657900997321e-06,0.0036560041641895066,0.0028484,0.9527475617787137,0.9806548133259199,0.017848399999999997
726,0.918,0.015999999999999993,16.701955651370376,5.6662268721872935e-06,0.00377678885276301,0.0028484,0.9537739239910008,0.9772853748376463,0.018848399999999994
727,0.918,0.016999999999999994,17.09798512138215,5.825328144391394e-06,0.00386889284907065,0.0028484,0.953471132385366,0.9768541712556255,0.019848399999999995
728,0.918,0.017999999999999995,17.925167211302654,6.1646575638765935e-06,0.00404798851281294,0.0028484,0.9519826953447572,0.9759568875469974,0.020848399999999996
729,0.918,0.018999999999999993,18.306202333695403,6.323429216427377e-06,0.004144970784022706,0.0028484,0.9517066201456694,0.975056876911583,0.021848399999999994
730,0.918,0.01999999999999999,18.649477249703036,6.468187635887073e-06,0.004267340819757298,0.0028484,0.9520761254837007,0.9721116927171721,0.02284839999999999
731,0.918,0.02099999999999999,19.006466400432934,6.62084149827756e-06,0.00437627112274364,0.0028484,0.952010925679813,0.97074000784211,0.023848399999999992
732,0.918,0.021999999999999992,19.64457101042961,6.899856633026041e-06,0.0046428365299773225,0.0028484,0.9529691484105928,0.9647027778843534,0.024848399999999993
733,0.918,0.02299999999999999,19.931610216544467,7.027872122720588e-06,0.00479937454123027,0.0028484,0.9538608273147939,0.9602358014805049,0.02584839999999999
734,0.918,0.023999999999999987,20.207230256046852,7.1525394623814544e-06,0.004962240568742237,0.0028484,0.9547658479376947,0.9559168306082733,0.026848399999999988
735,0.918,0.024999999999999988,20.48586131013944,7.280422820602975e-06,0.005121461978428,0.0028484,0.9554593815947091,0.9527100426228062,0.02784839999999999
736,0.918,0.02599999999999999,21.07339821742293,7.555600586705634e-06,0.0054103461818444136,0.0028484,0.9559264940172283,0.949937856925359,0.02884839999999999
737,0.918,0.02699999999999999,21.339622424751017,7.683049130585667e-06,0.005588503726547698,0.0028484,0.9565320829080005,0.9461218573796907,0.02984839999999999
738,0.918,0.027999999999999983,19.618375827582877,6.33982201464898e-06,0.005351315374764654,0.0019883,0.9180061267286443,0.948552675573357,0.02998829999999998
739,0.918,0.028999999999999984,19.906869089081376,6.467332739494671e-06,0.005525043185006137,0.0019883,0.9194918052941558,0.9446317107330254,0.030988299999999983
740,0.918,0.029999999999999985,20.176267038854707,6.588004311673316e-06,0.005714171010433237,0.0019883,0.9211807428768867,0.9398868311662588,0.03198829999999998
741,0.918,0.030999999999999986,20.725264433568537,6.838663955519549e-06,0.00605442976782703,0.0019883,0.9236652113344532,0.9357340052915558,0.032988299999999984
742,0.918,0.03199999999999998,21.01421979292787,6.973550800903466e-06,0.006217749556489457,0.0019883,0.9244340741263116,0.9347584305692485,0.03398829999999998
743,0.918,0.03299999999999998,21.309875128339847,7.113632350734235e-06,0.006376705904519262,0.0019883,0.9250047088845921,0.9343429548520116,0.03498829999999998
744,0.918,0.03399999999999998,21.84855736821711,7.3733985708665275e-06,0.006748053014371404,0.0019883,0.9268456575743865,0.9299049866919942,0.03598829999999998
745,0.918,0.03499999999999998,22.1275010223494,7.510052125408214e-06,0.0069052833025557035,0.0019883,0.9272967771213304,0.9300054966878464,0.03698829999999998
746,0.918,0.035999999999999976,22.393965233034237,7.642606282148606e-06,0.0070895191595421545,0.0019883,0.9279995428874632,0.9284143721834519,0.037988299999999975
747,0.918,0.03699999999999998,22.67278101537243,7.78324789956886e-06,0.007263561025272336,0.0019883,0.9284010471634565,0.9278401064956839,0.038988299999999976
748,0.918,0.03799999999999998,23.209350265089878,8.059630031952855e-06,0.007659730939620384,0.0019883,0.929502373733261,0.9242022389091308,0.03998829999999998
749,0.918,0.03899999999999998,23.482359503452386,8.203445230004495e-06,0.007873771000933505,0.0019883,0.9299774692137809,0.9219801712218698,0.04098829999999998
750,0.918,0.03999999999999997,23.75218192008751,8.347509735955417e-06,0.008099152725351453,0.0019883,0.9304840203380538,0.9194527591963985,0.04198829999999997
751,0.918,0.040999999999999974,25.744980879419128,1.005689923296787e-05,0.00884359800393429,0.0028484,0.9579214111852886,0.9182312244110485,0.043848399999999975
752,0.918,0.041999999999999975,24.312044084101398,8.651076864578756e-06,0.00848863201098388,0.0019883,0.930747828286128,0.9186468757351772,0.04398829999999997
753,0.918,0.042999999999999976,28.56834524228372,1.2504118929357459e-05,0.010706416044805767,0.0043148,0.9668609041577465,0.9187805533073377,0.047314799999999976
754,0.918,0.04399999999999998,28.807332011680764,1.2673085908727291e-05,0.010918980196643283,0.0043148,0.9665892948438708,0.9188944645270908,0.04831479999999998
755,0.918,0.04499999999999997,33.10558590317305,1.7489462221713444e-05,0.014266578005111318,0.0079662,0.9820534078341305,0.920493850647264,0.05296619999999997
756,0.918,0.04599999999999997,33.52512290947943,1.7878953821386634e-05,0.014802713014677662,0.0079662,0.981391428703282,0.9194424816114265,0.05396619999999997
757,0.918,0.04699999999999997,35.61074946447484,2.049530678519961e-05,0.017048911022048023,0.0098116,0.9828006144743864,0.9189906659394861,0.056811599999999976
758,0.918,0.047999999999999966,37.290130689795284,2.2814257311769448e-05,0.01924080344490707,0.0113062,0.983092892778836,0.9180614117129968,0.05930619999999997
759,0.918,0.04899999999999997,39.64737716494723,2.6453397338053412e-05,0.02261620151481203,0.0138858,0.9834336496524828,0.9193785331862587,0.06288579999999996
760,0.919,0.01,13.379586345528399,4.394074368307124e-06,0.0033386169143680374,0.0028484,0.9688432182344582,0.9787760118647355,0.0128484
761,0.919,0.011,14.031818883476717,4.636762944573607e-06,0.003298267841772142,0.0028484,0.9609279096296571,0.9817069032379813,0.0138484
762,0.919,0.011999999999999999,14.379112320461317,4.767438155065803e-06,0.003451648393704613,0.0028484,0.9626301123274507,0.9766359141457521,0.014848399999999998
763,0.919,0.012999999999999998,15.022082581895585,5.012110393756075e-06,0.0034189981506227464,0.0028484,0.955492053297844,0.9797517170062728,0.0158484
764,0.919,0.013999999999999997,15.87406390865404,5.341693519598116e-06,0.0036228176760949335,0.0028484,0.9551778894357867,0.9782165256530232,0.016848399999999996
765,0.919,0.014999999999999996,16.356203748576533,5.529657900997321e-06,0.0036560041641895066,0.0028484,0.9527475617787137,0.9806548133259199,0.017848399999999997
766,0.919,0.015999999999999993,16.701955651370376,5.6662268721872935e-06,0.00377678885276301,0.0028484,0.9537739239910008,0.9772853748376463,0.018848399999999994
767,0.919,0.016999999999999994,17.09798512138215,5.825328144391394e-06,0.00386889284907065,0.0028484,0.953471132385366,0.9768541712556255,0.019848399999999995
768,0.919,0.017999999999999995,17.925167211302654,6.1646575638765935e-06,0.00404798851281294,0.0028484,0.9519826953447572,0.9759568875469974,0.020848399999999996
769,0.919,0.018999999999999993,18.306202333695403,6.323429216427377e-06,0.004144970784022706,0.0028484,0.9517066201456694,0.975056876911583,0.021848399999999994
770,0.919,0.01999999999999999,18.649477249703036,6.468187635887073e-06,0.004267340819757298,0.0028484,0.9520761254837007,0.9721116927171721,0.02284839999999999
771,0.919,0.02099999999999999,19.006466400432934,6.62084149827756e-06,0.00437627112274364,0.0028484,0.952010925679813,0.97074000784211,0.023848399999999992
772,0.919,0.021999999999999992,19.64457101042961,6.899856633026041e-06,0.0046428365299773225,0.0028484,0.9529691484105928,0.9647027778843534,0.024848399999999993
773,0.919,0.02299999999999999,19.931610216544467,7.027872122720588e-06,0.00479937454123027,0.0028484,0.9538608273147939,0.9602358014805049,0.02584839999999999
774,0.919,0.023999999999999987,20.207230256046852,7.1525394623814544e-06,0.004962240568742237,0.0028484,0.9547658479376947,0.9559168306082733,0.026848399999999988
775,0.919,0.024999999999999988,20.48586131013944,7.280422820602975e-06,0.005121461978428,0.0028484,0.9554593815947091,0.9527100426228062,0.02784839999999999
776,0.919,0.02599999999999999,21.07339821742293,7.555600586705634e-06,0.0054103461818444136,0.0028484,0.9559264940172283,0.949937856925359,0.02884839999999999
777,0.919,0.02699999999999999,21.339622424751017,7.683049130585667e-06,0.005588503726547698,0.0028484,0.9565320829080005,0.9461218573796907,0.02984839999999999
778,0.919,0.027999999999999983,21.584982843443264,7.802075295484162e-06,0.005782644062942411,0.0028484,0.9573405341261437,0.9414699503934609,0.030848399999999984
779,0.919,0.028999999999999984,19.906869089081376,6.467332739494671e-06,0.005525043185006137,0.0019883,0.9194918052941558,0.9446317107330254,0.030988299999999983
780,0.919,0.029999999999999985,20.176267038854707,6.588004311673316e-06,0.005714171010433237,0.0019883,0.9211807428768867,0.9398868311662588,0.03198829999999998
781,0.919,0.030999999999999986,20.725264433568537,6.838663955519549e-06,0.00605442976782703,0.0019883,0.9236652113344532,0.9357340052915558,0.032988299999999984
782,0.919,0.03199999999999998,21.01421979292787,6.973550800903466e-06,0.006217749556489457,0.0019883,0.9244340741263116,0.9347584305692485,0.03398829999999998
783,0.919,0.03299999999999998,21.309875128339847,7.113632350734235e-06,0.006376705904519262,0.0019883,0.9250047088845921,0.9343429548520116,0.03498829999999998
784,0.919,0.03399999999999998,21.84855736821711,7.3733985708665275e-06,0.006748053014371404,0.0019883,0.9268456575743865,0.9299049866919942,0.03598829999999998
785,0.919,0.03499999999999998,22.1275010223494,7.510052125408214e-06,0.0069052833025557035,0.0019883,0.9272967771213304,0.9300054966878464,0.03698829999999998
786,0.919,0.035999999999999976,22.393965233034237,7.642606282148606e-06,0.0070895191595421545,0.0019883,0.9279995428874632,0.9284143721834519,0.037988299999999975
787,0.919,0.03699999999999998,22.67278101537243,7.78324789956886e-06,0.007263561025272336,0.0019883,0.9284010471634565,0.9278401064956839,0.038988299999999976
788,0.919,0.03799999999999998,23.209350265089878,8.059630031952855e-06,0.007659730939620384,0.0019883,0.929502373733261,0.9242022389091308,0.03998829999999998
789,0.919,0.03899999999999998,23.482359503452386,8.203445230004495e-06,0.007873771000933505,0.0019883,0.9299774692137809,0.9219801712218698,0.04098829999999998
790,0.919,0.03999999999999997,23.75218192008751,8.347509735955417e-06,0.008099152725351453,0.0019883,0.9304840203380538,0.9194527591963985,0.04198829999999997
791,0.919,0.040999999999999974,26.95819022710441,1.116966534170985e-05,0.009422596638779392,0.0036086,0.9651970647779728,0.9196504193813381,0.04460859999999997
792,0.919,0.041999999999999975,28.11776671789534,1.2190547767654196e-05,0.010249167174136977,0.0043148,0.9669997414671117,0.9203883346970188,0.046314799999999975
793,0.919,0.042999999999999976,29.710886026367625,1.37143621086535e-05,0.01133207832251088,0.0051536,0.9730138712362737,0.9207728271960899,0.04815359999999998
794,0.919,0.04399999999999998,32.893880826803745,1.7295730897072062e-05,0.014013865792932723,0.0079662,0.9824075089898314,0.9206213987758043,0.051966199999999976
795,0.919,0.04499999999999997,33.10558590317305,1.7489462221713444e-05,0.014266578005111318,0.0079662,0.9820534078341305,0.920493850647264,0.05296619999999997
796,0.919,0.04599999999999997,33.52512290947943,1.7878953821386634e-05,0.014802713014677662,0.0079662,0.981391428703282,0.9194424816114265,0.05396619999999997
797,0.919,0.04699999999999997,37.09961033661395,2.2594423682079106e-05,0.018867631467996467,0.0113062,0.9832415423570484,0.9200279439597181,0.058306199999999975
798,0.919,0.047999999999999966,39.428075956574446,2.6164773909723265e-05,0.0222741367287889,0.0138858,0.9837904901569964,0.919410864426997,0.06188579999999996
799,0.919,0.04899999999999997,39.64737716494723,2.6453397338053412e-05,0.02261620151481203,0.0138858,0.9834336496524828,0.9193785331862587,0.06288579999999996
800,0.92,0.01,13.379586345528399,4.394074368307124e-06,0.0033386169143680374,0.0028484,0.9688432182344582,0.9787760118647355,0.0128484
801,0.92,0.011,14.031818883476717,4.636762944573607e-06,0.003298267841772142,0.0028484,0.9609279096296571,0.9817069032379813,0.0138484
802,0.92,0.011999999999999999,14.379112320461317,4.767438155065803e-06,0.003451648393704613,0.0028484,0.9626301123274507,0.9766359141457521,0.014848399999999998
803,0.92,0.012999999999999998,15.022082581895585,5.012110393756075e-06,0.0034189981506227464,0.0028484,0.955492053297844,0.9797517170062728,0.0158484
804,0.92,0.013999999999999997,15.87406390865404,5.341693519598116e-06,0.0036228176760949335,0.0028484,0.9551778894357867,0.9782165256530232,0.016848399999999996
805,0.92,0.014999999999999996,16.356203748576533,5.529657900997321e-06,0.0036560041641895066,0.0028484,0.9527475617787137,0.9806548133259199,0.017848399999999997
806,0.92,0.015999999999999993,16.701955651370376,5.6662268721872935e-06,0.00377678885276301,0.0028484,0.9537739239910008,0.9772853748376463,0.018848399999999994
807,0.92,0.016999999999999994,17.09798512138215,5.825328144391394e-06,0.00386889284907065,0.0028484,0.953471132385366,0.9768541712556255,0.019848399999999995
808,0.92,0.017999999999999995,17.925167211302654,6.1646575638765935e-06,0.00404798851281294,0.0028484,0.9519826953447572,0.9759568875469974,0.020848399999999996
809,0.92,0.018999999999999993,18.306202333695403,6.323429216427377e-06,0.004144970784022706,0.0028484,0.9517066201456694,0.975056876911583,0.021848399999999994
810,0.92,0.01999999999999999,18.649477249703036,6.468187635887073e-06,0.004267340819757298,0.0028484,0.9520761254837007,0.9721116927171721,0.02284839999999999
811,0.92,0.02099999999999999,19.006466400432934,6.62084149827756e-06,0.00437627112274364,0.0028484,0.952010925679813,0.97074000784211,0.023848399999999992
812,0.92,0.021999999999999992,19.64457101042961,6.899856633026041e-06,0.0046428365299773225,0.0028484,0.9529691484105928,0.9647027778843534,0.024848399999999993
813,0.92,0.02299999999999999,19.931610216544467,7.027872122720588e-06,0.00479937454123027,0.0028484,0.9538608273147939,0.9602358014805049,0.02584839999999999
814,0.92,0.023999999999999987,20.207230256046852,7.1525394623814544e-06,0.004962240568742237,0.0028484,0.9547658479376947,0.9559168306082733,0.026848399999999988
815,0.92,0.024999999999999988,20.48586131013944,7.280422820602975e-06,0.005121461978428,0.0028484,0.9554593815947091,0.9527100426228062,0.02784839999999999
816,0.92,0.02599999999999999,21.07339821742293,7.555600586705634e-06,0.0054103461818444136,0.0028484,0.9559264940172283,0.949937856925359,0.02884839999999999
817,0.92,0.02699999999999999,21.339622424751017,7.683049130585667e-06,0.005588503726547698,0.0028484,0.9565320829080005,0.9461218573796907,0.02984839999999999
818,0.92,0.027999999999999983,21.584982843443264,7.802075295484162e-06,0.005782644062942411,0.0028484,0.9573405341261437,0.9414699503934609,0.030848399999999984
819,0.92,0.028999999999999984,21.837519460352382,7.926099961783354e-06,0.005959547436324696,0.0028484,0.9578760915962018,0.9390739736846963,0.031848399999999985
820,0.92,0.029999999999999985,20.176267038854707,6.588004311673316e-06,0.005714171010433237,0.0019883,0.9211807428768867,0.9398868311662588,0.03198829999999998
821,0.92,0.030999999999999986,20.725264433568537,6.838663955519549e-06,0.00605442976782703,0.0019883,0.9236652113344532,0.9357340052915558,0.032988299999999984
822,0.92,0.03199999999999998,21.01421979292787,6.973550800903466e-06,0.006217749556489457,0.0019883,0.9244340741263116,0.9347584305692485,0.03398829999999998
823,0.92,0.03299999999999998,21.309875128339847,7.113632350734235e-06,0.006376705904519262,0.0019883,0.9250047088845921,0.9343429548520116,0.03498829999999998
824,0.92,0.03399999999999998,21.84855736821711,7.3733985708665275e-06,0.006748053014371404,0.0019883,0.9268456575743865,0.9299049866919942,0.03598829999999998
825,0.92,0.03499999999999998,22.1275010223494,7.510052125408214e-06,0.0069052833025557035,0.0019883,0.9272967771213304,0.9300054966878464,0.03698829999999998
826,0.92,0.035999999999999976,22.393965233034237,7.642606282148606e-06,0.0070895191595421545,0.0019883,0.9279995428874632,0.9284143721834519,0.037988299999999975
827,0.92,0.03699999999999998,22.67278101537243,7.78324789956886e-06,0.007263561025272336,0.0019883,0.9284010471634565,0.9278401064956839,0.038988299999999976
828,0.92,0.03799999999999998,23.209350265089878,8.059630031952855e-06,0.007659730939620384,0.0019883,0.929502373733261,0.9242022389091308,0.03998829999999998
829,0.92,0.03899999999999998,23.482359503452386,8.203445230004495e-06,0.007873771000933505,0.0019883,0.9299774692137809,0.9219801712218698,0.04098829999999998
830,0.92,0.03999999999999997,25.51686427916362,9.921800867788768e-06,0.008597390716565272,0.0028484,0.9576633826437833,0.9214816577674048,0.042848399999999974
831,0.92,0.040999999999999974,27.887238225254094,1.2032816619369619e-05,0.01003966773930831,0.0043148,0.9671238371372446,0.9204577714284389,0.045314799999999975
832,0.92,0.041999999999999975,28.11776671789534,1.2190547767654196e-05,0.010249167174136977,0.0043148,0.9669997414671117,0.9203883346970188,0.046314799999999975
833,0.92,0.042999999999999976,29.710886026367625,1.37143621086535e-05,0.01133207832251088,0.0051536,0.9730138712362737,0.9207728271960899,0.04815359999999998
834,0.92,0.04399999999999998,32.893880826803745,1.7295730897072062e-05,0.014013865792932723,0.0079662,0.9824075089898314,0.9206213987758043,0.051966199999999976
835,0.92,0.04499999999999997,33.10558590317305,1.7489462221713444e-05,0.014266578005111318,0.0079662,0.9820534078341305,0.920493850647264,0.05296619999999997
836,0.92,0.04599999999999997,35.399140342916965,2.027315905016541e-05,0.016728117459443772,0.0098116,0.9831237874091959,0.9201778978739773,0.055811599999999975
837,0.92,0.04699999999999997,37.09961033661395,2.2594423682079106e-05,0.018867631467996467,0.0113062,0.9832415423570484,0.9200279439597181,0.058306199999999975
838,0.92,0.047999999999999966,40.10102200249075,2.7254059761235555e-05,0.023281760334843325,0.0147003,0.983247883501734,0.9213928117737534,0.06270029999999996
839,0.92,0.04899999999999997,40.30410824510063,2.7531372104119454e-05,0.023663800740466544,0.0147003,0.9830336239468324,0.9205874304992724,0.06370029999999996
840,0.921,0.01,13.379586345528399,4.394074368307124e-06,0.0033386169143680374,0.0028484,0.9688432182344582,0.9787760118647355,0.0128484
841,0.921,0.011,14.031818883476717,4.636762944573607e-06,0.003298267841772142,0.0028484,0.9609279096296571,0.9817069032379813,0.0138484
842,0.921,0.011999999999999999,14.379112320461317,4.767438155065803e-06,0.003451648393704613,0.0028484,0.9626301123274507,0.9766359141457521,0.014848399999999998
843,0.921,0.012999999999999998,15.022082581895585,5.012110393756075e-06,0.0034189981506227464,0.0028484,0.955492053297844,0.9797517170062728,0.0158484
844,0.921,0.013999999999999997,15.87406390865404,5.341693519598116e-06,0.0036228176760949335,0.0028484,0.9551778894357867,0.9782165256530232,0.016848399999999996
845,0.921,0.014999999999999996,16.356203748576533,5.529657900997321e-06,0.0036560041641895066,0.0028484,0.9527475617787137,0.9806548133259199,0.017848399999999997
846,0.921,0.015999999999999993,16.701955651370376,5.6662268721872935e-06,0.00377678885276301,0.0028484,0.9537739239910008,0.9772853748376463,0.018848399999999994
847,0.921,0.016999999999999994,17.09798512138215,5.825328144391394e-06,0.00386889284907065,0.0028484,0.953471132385366,0.9768541712556255,0.019848399999999995
848,0.921,0.017999999999999995,17.925167211302654,6.1646575638765935e-06,0.00404798851281294,0.0028484,0.9519826953447572,0.9759568875469974,0.020848399999999996
849,0.921,0.018999999999999993,18.306202333695403,6.323429216427377e-06,0.004144970784022706,0.0028484,0.9517066201456694,0.975056876911583,0.021848399999999994
850,0.921,0.01999999999999999,18.649477249703036,6.468187635887073e-06,0.004267340819757298,0.0028484,0.9520761254837007,0.9721116927171721,0.02284839999999999
851,0.921,0.02099999999999999,19.006466400432934,6.62084149827756e-06,0.00437627112274364,0.0028484,0.952010925679813,0.97074000784211,0.023848399999999992
852,0.921,0.021999999999999992,19.64457101042961,6.899856633026041e-06,0.0046428365299773225,0.0028484,0.9529691484105928,0.9647027778843534,0.024848399999999993
853,0.921,0.02299999999999999,19.931610216544467,7.027872122720588e-06,0.00479937454123027,0.0028484,0.9538608273147939,0.9602358014805049,0.02584839999999999
854,0.921,0.023999999999999987,20.207230256046852,7.1525394623814544e-06,0.004962240568742237,0.0028484,0.9547658479376947,0.9559168306082733,0.026848399999999988
855,0.921,0.024999999999999988,20.48586131013944,7.280422820602975e-06,0.005121461978428,0.0028484,0.9554593815947091,0.9527100426228062,0.02784839999999999
856,0.921,0.02599999999999999,21.07339821742293,7.555600586705634e-06,0.0054103461818444136,0.0028484,0.9559264940172283,0.949937856925359,0.02884839999999999
857,0.921,0.02699999999999999,21.339622424751017,7.683049130585667e-06,0.005588503726547698,0.0028484,0.9565320829080005,0.9461218573796907,0.02984839999999999
858,0.921,0.027999999999999983,21.584982843443264,7.802075295484162e-06,0.005782644062942411,0.0028484,0.9573405341261437,0.9414699503934609,0.030848399999999984
859,0.921,0.028999999999999984,21.837519460352382,7.926099961783354e-06,0.005959547436324696,0.0028484,0.9578760915962018,0.9390739736846963,0.031848399999999985
860,0.921,0.029999999999999985,20.176267038854707,6.588004311673316e-06,0.005714171010433237,0.0019883,0.9211807428768867,0.9398868311662588,0.03198829999999998
861,0.921,0.030999999999999986,20.725264433568537,6.838663955519549e-06,0.00605442976782703,0.0019883,0.9236652113344532,0.9357340052915558,0.032988299999999984
862,0.921,0.03199999999999998,21.01421979292787,6.973550800903466e-06,0.006217749556489457,0.0019883,0.9244340741263116,0.9347584305692485,0.03398829999999998
863,0.921,0.03299999999999998,21.309875128339847,7.113632350734235e-06,0.006376705904519262,0.0019883,0.9250047088845921,0.9343429548520116,0.03498829999999998
864,0.921,0.03399999999999998,21.84855736821711,7.3733985708665275e-06,0.006748053014371404,0.0019883,0.9268456575743865,0.9299049866919942,0.03598829999999998
865,0.921,0.03499999999999998,22.1275010223494,7.510052125408214e-06,0.0069052833025557035,0.0019883,0.9272967771213304,0.9300054966878464,0.03698829999999998
866,0.921,0.035999999999999976,22.393965233034237,7.642606282148606e-06,0.0070895191595421545,0.0019883,0.9279995428874632,0.9284143721834519,0.037988299999999975
867,0.921,0.03699999999999998,22.67278101537243,7.78324789956886e-06,0.007263561025272336,0.0019883,0.9284010471634565,0.9278401064956839,0.038988299999999976
868,0.921,0.03799999999999998,23.209350265089878,8.059630031952855e-06,0.007659730939620384,0.0019883,0.929502373733261,0.9242022389091308,0.03998829999999998
869,0.921,0.03899999999999998,23.482359503452386,8.203445230004495e-06,0.007873771000933505,0.0019883,0.9299774692137809,0.9219801712218698,0.04098829999999998
870,0.921,0.03999999999999997,25.51686427916362,9.921800867788768e-06,0.008597390716565272,0.0028484,0.9576633826437833,0.9214816577674048,0.042848399999999974
871,0.921,0.040999999999999974,29.03842467566245,1.3215714471177853e-05,0.010638237262400176,0.0051536,0.9736088099816081,0.9228227765353734,0.046153599999999975
872,0.921,0.041999999999999975,29.491560809282948,1.3549933078617659e-05,0.011083589830212964,0.0051536,0.9731536357390465,0.9221159668502151,0.047153599999999976
873,0.921,0.042999999999999976,33.50166148414762,1.810789718813333e-05,0.01447784132829566,0.0089581,0.9836297333740276,0.923496945206098,0.05195809999999998
874,0.921,0.04399999999999998,33.702634425559765,1.8299786853976638e-05,0.014761765955357333,0.0089581,0.9833771109901747,0.9224320989756296,0.05295809999999998
875,0.921,0.04499999999999997,34.13849257794312,1.8721350825352055e-05,0.015277569768352572,0.0089581,0.9825645949100097,0.9222966230733378,0.05395809999999997
876,0.921,0.04599999999999997,39.67140274132445,2.667379286675485e-05,0.022567095357686286,0.0147003,0.9838445310673931,0.9220875047337708,0.06070029999999997
877,0.921,0.04699999999999997,39.893171017645656,2.6972363222994994e-05,0.022910371211082265,0.0147003,0.9834964445854234,0.9220480478822346,0.06170029999999997
878,0.921,0.047999999999999966,40.10102200249075,2.7254059761235555e-05,0.023281760334843325,0.0147003,0.983247883501734,0.9213928117737534,0.06270029999999996
879,0.921,0.04899999999999997,42.54709501462107,3.1542091374149645e-05,0.027386097057877413,0.0172468,0.9835663428525162,0.9214349707438695,0.06624679999999997
880,0.922,0.01,13.379586345528399,4.394074368307124e-06,0.0033386169143680374,0.0028484,0.9688432182344582,0.9787760118647355,0.0128484
881,0.922,0.011,14.031818883476717,4.636762944573607e-06,0.003298267841772142,0.0028484,0.9609279096296571,0.9817069032379813,0.0138484
882,0.922,0.011999999999999999,14.379112320461317,4.767438155065803e-06,0.003451648393704613,0.0028484,0.9626301123274507,0.9766359141457521,0.014848399999999998
883,0.922,0.012999999999999998,15.022082581895585,5.012110393756075e-06,0.0034189981506227464,0.0028484,0.955492053297844,0.9797517170062728,0.0158484
884,0.922,0.013999999999999997,15.87406390865404,5.341693519598116e-06,0.0036228176760949335,0.0028484,0.9551778894357867,0.9782165256530232,0.016848399999999996
885,0.922,0.014999999999999996,16.356203748576533,5.529657900997321e-06,0.0036560041641895066,0.0028484,0.9527475617787137,0.9806548133259199,0.017848399999999997
886,0.922,0.015999999999999993,16.701955651370376,5.6662268721872935e-06,0.00377678885276301,0.0028484,0.9537739239910008,0.9772853748376463,0.018848399999999994
887,0.922,0.016999999999999994,17.09798512138215,5.825328144391394e-06,0.00386889284907065,0.0028484,0.953471132385366,0.9768541712556255,0.019848399999999995
888,0.922,0.017999999999999995,17.925167211302654,6.1646575638765935e-06,0.00404798851281294,0.0028484,0.9519826953447572,0.9759568875469974,0.020848399999999996
889,0.922,0.018999999999999993,18.306202333695403,6.323429216427377e-06,0.004144970784022706,0.0028484,0.9517066201456694,0.975056876911583,0.021848399999999994
890,0.922,0.01999999999999999,18.649477249703036,6.468187635887073e-06,0.004267340819757298,0.0028484,0.9520761254837007,0.9721116927171721,0.02284839999999999
891,0.922,0.02099999999999999,19.006466400432934,6.62084149827756e-06,0.00437627112274364,0.0028484,0.952010925679813,0.97074000784211,0.023848399999999992
892,0.922,0.021999999999999992,19.64457101042961,6.899856633026041e-06,0.0046428365299773225,0.0028484,0.9529691484105928,0.9647027778843534,0.024848399999999993
893,0.922,0.02299999999999999,19.931610216544467,7.027872122720588e-06,0.00479937454123027,0.0028484,0.9538608273147939,0.9602358014805049,0.02584839999999999
894,0.922,0.023999999999999987,20.207230256046852,7.1525394623814544e-06,0.004962240568742237,0.0028484,0.9547658479376947,0.9559168306082733,0.026848399999999988
895,0.922,0.024999999999999988,20.48586131013944,7.280422820602975e-06,0.005121461978428,0.0028484,0.9554593815947091,0.9527100426228062,0.02784839999999999
896,0.922,0.02599999999999999,21.07339821742293,7.555600586705634e-06,0.0054103461818444136,0.0028484,0.9559264940172283,0.949937856925359,0.02884839999999999
897,0.922,0.02699999999999999,21.339622424751017,7.683049130585667e-06,0.005588503726547698,0.0028484,0.9565320829080005,0.9461218573796907,0.02984839999999999
898,0.922,0.027999999999999983,21.584982843443264,7.802075295484162e-06,0.005782644062942411,0.0028484,0.9573405341261437,0.9414699503934609,0.030848399999999984
899,0.922,0.028999999999999984,21.837519460352382,7.926099961783354e-06,0.005959547436324696,0.0028484,0.9578760915962018,0.9390739736846963,0.031848399999999985
900,0.922,0.029999999999999985,22.36860314686933,8.192445452158962e-06,0.006295749469897978,0.0028484,0.9582672595255455,0.9367223994349599,0.032848399999999986
901,0.922,0.030999999999999986,20.725264433568537,6.838663955519549e-06,0.00605442976782703,0.0019883,0.9236652113344532,0.9357340052915558,0.032988299999999984
902,0.922,0.03199999999999998,21.01421979292787,6.973550800903466e-06,0.006217749556489457,0.0019883,0.9244340741263116,0.9347584305692485,0.03398829999999998
903,0.922,0.03299999999999998,21.309875128339847,7.113632350734235e-06,0.006376705904519262,0.0019883,0.9250047088845921,0.9343429548520116,0.03498829999999998
904,0.922,0.03399999999999998,21.84855736821711,7.3733985708665275e-06,0.006748053014371404,0.0019883,0.9268456575743865,0.9299049866919942,0.03598829999999998
905,0.922,0.03499999999999998,22.1275010223494,7.510052125408214e-06,0.0069052833025557035,0.0019883,0.9272967771213304,0.9300054966878464,0.03698829999999998
906,0.922,0.035999999999999976,22.393965233034237,7.642606282148606e-06,0.0070895191595421545,0.0019883,0.9279995428874632,0.9284143721834519,0.037988299999999975
907,0.922,0.03699999999999998,22.67278101537243,7.78324789956886e-06,0.007263561025272336,0.0019883,0.9284010471634565,0.9278401064956839,0.038988299999999976
908,0.922,0.03799999999999998,23.209350265089878,8.059630031952855e-06,0.007659730939620384,0.0019883,0.929502373733261,0.9242022389091308,0.03998829999999998
909,0.922,0.03899999999999998,27.187987963240193,1.156278557971779e-05,0.009364957244610724,0.0043148,0.9672689643244801,0.9237661286783252,0.04331479999999998
910,0.922,0.03999999999999997,27.69035425543117,1.1899515530459014e-05,0.009780268983420574,0.0043148,0.966802656928937,0.9235831045311303,0.044314799999999974
911,0.922,0.040999999999999974,29.03842467566245,1.3215714471177853e-05,0.010638237262400176,0.0051536,0.9736088099816081,0.9228227765353734,0.046153599999999975
912,0.922,0.041999999999999975,29.491560809282948,1.3549933078617659e-05,0.011083589830212964,0.0051536,0.9731536357390465,0.9221159668502151,0.047153599999999976
913,0.922,0.042999999999999976,33.50166148414762,1.810789718813333e-05,0.01447784132829566,0.0089581,0.9836297333740276,0.923496945206098,0.05195809999999998
914,0.922,0.04399999999999998,33.702634425559765,1.8299786853976638e-05,0.014761765955357333,0.0089581,0.9833771109901747,0.9224320989756296,0.05295809999999998
915,0.922,0.04499999999999997,34.13849257794312,1.8721350825352055e-05,0.015277569768352572,0.0089581,0.9825645949100097,0.9222966230733378,0.05395809999999997
916,0.922,0.04599999999999997,39.67140274132445,2.667379286675485e-05,0.022567095357686286,0.0147003,0.9838445310673931,0.9220875047337708,0.06070029999999997
917,0.922,0.04699999999999997,39.893171017645656,2.6972363222994994e-05,0.022910371211082265,0.0147003,0.9834964445854234,0.9220480478822346,0.06170029999999997
918,0.922,0.047999999999999966,40.80812140021181,2.846672616844672e-05,0.024328354205717162,0.0155334,0.9831611427337161,0.922677127823402,0.06353339999999996
919,0.922,0.04899999999999997,43.33517790449893,3.310532314153389e-05,0.02843022116277536,0.0181463,0.9841882991828215,0.9236441276158761,0.06714629999999996
920,0.923,0.01,13.379586345528399,4.394074368307124e-06,0.0033386169143680374,0.0028484,0.9688432182344582,0.9787760118647355,0.0128484
921,0.923,0.011,14.031818883476717,4.636762944573607e-06,0.003298267841772142,0.0028484,0.9609279096296571,0.9817069032379813,0.0138484
922,0.923,0.011999999999999999,14.379112320461317,4.767438155065803e-06,0.003451648393704613,0.0028484,0.9626301123274507,0.9766359141457521,0.014848399999999998
923,0.923,0.012999999999999998,15.022082581895585,5.012110393756075e-06,0.0034189981506227464,0.0028484,0.955492053297844,0.9797517170062728,0.0158484
924,0.923,0.013999999999999997,15.87406390865404,5.341693519598116e-06,0.0036228176760949335,0.0028484,0.9551778894357867,0.9782165256530232,0.016848399999999996
925,0.923,0.014999999999999996,16.356203748576533,5.529657900997321e-06,0.0036560041641895066,0.0028484,0.9527475617787137,0.9806548133259199,0.017848399999999997
926,0.923,0.015999999999999993,16.701955651370376,5.6662268721872935e-06,0.00377678885276301,0.0028484,0.9537739239910008,0.9772853748376463,0.018848399999999994
927,0.923,0.016999999999999994,17.09798512138215,5.825328144391394e-06,0.00386889284907065,0.0028484,0.953471132385366,0.9768541712556255,0.019848399999999995
928,0.923,0.017999999999999995,17.925167211302654,6.1646575638765935e-06,0.00404798851281294,0.0028484,0.9519826953447572,0.9759568875469974,0.020848399999999996
929,0.923,0.018999999999999993,18.306202333695403,6.323429216427377e-06,0.004144970784022706,0.0028484,0.9517066201456694,0.975056876911583,0.021848399999999994
930,0.923,0.01999999999999999,18.649477249703036,6.468187635887073e-06,0.004267340819757298,0.0028484,0.9520761254837007,0.9721116927171721,0.02284839999999999
931,0.923,0.02099999999999999,19.006466400432934,6.62084149827756e-06,0.00437627112274364,0.0028484,0.952010925679813,0.97074000784211,0.023848399999999992
932,0.923,0.021999999999999992,19.64457101042961,6.899856633026041e-06,0.0046428365299773225,0.0028484,0.9529691484105928,0.9647027778843534,0.024848399999999993
933,0.923,0.02299999999999999,19.931610216544467,7.027872122720588e-06,0.00479937454123027,0.0028484,0.9538608273147939,0.9602358014805049,0.02584839999999999
934,0.923,0.023999999999999987,20.207230256046852,7.1525394623814544e-06,0.004962240568742237,0.0028484,0.9547658479376947,0.9559168306082733,0.026848399999999988
935,0.923,0.024999999999999988,20.48586131013944,7.280422820602975e-06,0.005121461978428,0.0028484,0.9554593815947091,0.9527100426228062,0.02784839999999999
936,0.923,0.02599999999999999,21.07339821742293,7.555600586705634e-06,0.0054103461818444136,0.0028484,0.9559264940172283,0.949937856925359,0.02884839999999999
937,0.923,0.02699999999999999,21.339622424751017,7.683049130585667e-06,0.005588503726547698,0.0028484,0.9565320829080005,0.9461218573796907,0.02984839999999999
938,0.923,0.027999999999999983,21.584982843443264,7.802075295484162e-06,0.005782644062942411,0.0028484,0.9573405341261437,0.9414699503934609,0.030848399999999984
939,0.923,0.028999999999999984,21.837519460352382,7.926099961783354e-06,0.005959547436324696,0.0028484,0.9578760915962018,0.9390739736846963,0.031848399999999985
940,0.923,0.029999999999999985,22.36860314686933,8.192445452158962e-06,0.006295749469897978,0.0028484,0.9582672595255455,0.9367223994349599,0.032848399999999986
941,0.923,0.030999999999999986,20.725264433568537,6.838663955519549e-06,0.00605442976782703,0.0019883,0.9236652113344532,0.9357340052915558,0.032988299999999984
942,0.923,0.03199999999999998,21.01421979292787,6.973550800903466e-06,0.006217749556489457,0.0019883,0.9244340741263116,0.9347584305692485,0.03398829999999998
943,0.923,0.03299999999999998,21.309875128339847,7.113632350734235e-06,0.006376705904519262,0.0019883,0.9250047088845921,0.9343429548520116,0.03498829999999998
944,0.923,0.03399999999999998,21.84855736821711,7.3733985708665275e-06,0.006748053014371404,0.0019883,0.9268456575743865,0.9299049866919942,0.03598829999999998
945,0.923,0.03499999999999998,22.1275010223494,7.510052125408214e-06,0.0069052833025557035,0.0019883,0.9272967771213304,0.9300054966878464,0.03698829999999998
946,0.923,0.035999999999999976,22.393965233034237,7.642606282148606e-06,0.0070895191595421545,0.0019883,0.9279995428874632,0.9284143721834519,0.037988299999999975
947,0.923,0.03699999999999998,22.67278101537243,7.78324789956886e-06,0.007263561025272336,0.0019883,0.9284010471634565,0.9278401064956839,0.038988299999999976
948,0.923,0.03799999999999998,23.209350265089878,8.059630031952855e-06,0.007659730939620384,0.0019883,0.929502373733261,0.9242022389091308,0.03998829999999998
949,0.923,0.03899999999999998,27.187987963240193,1.156278557971779e-05,0.009364957244610724,0.0043148,0.9672689643244801,0.9237661286783252,0.04331479999999998
950,0.923,0.03999999999999997,27.69035425543117,1.1899515530459014e-05,0.009780268983420574,0.0043148,0.966802656928937,0.9235831045311303,0.044314799999999974
951,0.923,0.040999999999999974,30.013150411832072,1.423479332807513e-05,0.011263729715224137,0.0060919,0.9761841801142794,0.9255173625632944,0.04709189999999997
952,0.923,0.041999999999999975,33.289694571643935,1.7907458344951402e-05,0.014223808750976421,0.0089581,0.983987325598796,0.9236285266789019,0.05095809999999998
953,0.923,0.042999999999999976,33.50166148414762,1.810789718813333e-05,0.01447784132829566,0.0089581,0.9836297333740276,0.923496945206098,0.05195809999999998
954,0.923,0.04399999999999998,35.49489238314708,2.0596599197537495e-05,0.016670150565802015,0.0106093,0.984510292777823,0.9231181043890482,0.05460929999999998
955,0.923,0.04499999999999997,36.47339630253476,2.18820688961698e-05,0.017858567200943407,0.0113062,0.9840635274455863,0.9231527354235268,0.05630619999999997
956,0.923,0.04599999999999997,40.39335299084037,2.788480141440367e-05,0.023574564179088583,0.0155334,0.9836235201226784,0.9239246488229425,0.061533399999999974
957,0.923,0.04699999999999997,40.59750793308254,2.8170228410708726e-05,0.02395883709660277,0.0155334,0.9834188159588787,0.9231132776497484,0.06253339999999998
958,0.923,0.047999999999999966,43.12242368678347,3.276636628516062e-05,0.028079537549055286,0.0181463,0.9845048678922337,0.9232981082689325,0.06614629999999996
959,0.923,0.04899999999999997,43.33517790449893,3.310532314153389e-05,0.02843022116277536,0.0181463,0.9841882991828215,0.9236441276158761,0.06714629999999996
960,0.924,0.01,13.379586345528399,4.394074368307124e-06,0.0033386169143680374,0.0028484,0.9688432182344582,0.9787760118647355,0.0128484
961,0.924,0.011,14.031818883476717,4.636762944573607e-06,0.003298267841772142,0.0028484,0.9609279096296571,0.9817069032379813,0.0138484
962,0.924,0.011999999999999999,14.379112320461317,4.767438155065803e-06,0.003451648393704613,0.0028484,0.9626301123274507,0.9766359141457521,0.014848399999999998
963,0.924,0.012999999999999998,15.022082581895585,5.012110393756075e-06,0.0034189981506227464,0.0028484,0.955492053297844,0.9797517170062728,0.0158484
964,0.924,0.013999999999999997,15.87406390865404,5.341693519598116e-06,0.0036228176760949335,0.0028484,0.9551778894357867,0.9782165256530232,0.016848399999999996
965,0.924,0.014999999999999996,16.356203748576533,5.529657900997321e-06,0.0036560041641895066,0.0028484,0.9527475617787137,0.9806548133259199,0.017848399999999997
966,0.924,0.015999999999999993,16.701955651370376,5.6662268721872935e-06,0.00377678885276301,0.0028484,0.9537739239910008,0.9772853748376463,0.018848399999999994
967,0.924,0.016999999999999994,17.09798512138215,5.825328144391394e-06,0.00386889284907065,0.0028484,0.953471132385366,0.9768541712556255,0.019848399999999995
968,0.924,0.017999999999999995,17.925167211302654,6.1646575638765935e-06,0.00404798851281294,0.0028484,0.9519826953447572,0.9759568875469974,0.020848399999999996
969,0.924,0.018999999999999993,18.306202333695403,6.323429216427377e-06,0.004144970784022706,0.0028484,0.9517066201456694,0.975056876911583,0.021848399999999994
970,0.924,0.01999999999999999,18.649477249703036,6.468187635887073e-06,0.004267340819757298,0.0028484,0.9520761254837007,0.9721116927171721,0.02284839999999999
971,0.924,0.02099999999999999,19.006466400432934,6.62084149827756e-06,0.00437627112274364,0.0028484,0.952010925679813,0.97074000784211,0.023848399999999992
972,0.924,0.021999999999999992,19.64457101042961,6.899856633026041e-06,0.0046428365299773225,0.0028484,0.9529691484105928,0.9647027778843534,0.024848399999999993
973,0.924,0.02299999999999999,19.931610216544467,7.027872122720588e-06,0.00479937454123027,0.0028484,0.9538608273147939,0.9602358014805049,0.02584839999999999
974,0.924,0.023999999999999987,20.207230256046852,7.1525394623814544e-06,0.004962240568742237,0.0028484,0.9547658479376947,0.9559168306082733,0.026848399999999988
975,0.924,0.024999999999999988,20.48586131013944,7.280422820602975e-06,0.005121461978428,0.0028484,0.9554593815947091,0.9527100426228062,0.02784839999999999
976,0.924,0.02599999999999999,21.07339821742293,7.555600586705634e-06,0.0054103461818444136,0.0028484,0.9559264940172283,0.949937856925359,0.02884839999999999
977,0.924,0.02699999999999999,21.339622424751017,7.683049130585667e-06,0.005588503726547698,0.0028484,0.9565320829080005,0.9461218573796907,0.02984839999999999
978,0.924,0.027999999999999983,21.584982843443264,7.802075295484162e-06,0.005782644062942411,0.0028484,0.9573405341261437,0.9414699503934609,0.030848399999999984
979,0.924,0.028999999999999984,21.837519460352382,7.926099961783354e-06,0.005959547436324696,0.0028484,0.9578760915962018,0.9390739736846963,0.031848399999999985
980,0.924,0.029999999999999985,22.36860314686933,8.192445452158962e-06,0.006295749469897978,0.0028484,0.9582672595255455,0.9367223994349599,0.032848399999999986
981,0.924,0.030999999999999986,22.65062768589949,8.336991175065637e-06,0.006456829837472199,0.0028484,0.9581496492913111,0.9364274322223192,0.03384839999999999
982,0.924,0.03199999999999998,21.01421979292787,6.973550800903466e-06,0.006217749556489457,0.0019883,0.9244340741263116,0.9347584305692485,0.03398829999999998
983,0.924,0.03299999999999998,21.309875128339847,7.113632350734235e-06,0.006376705904519262,0.0019883,0.9250047088845921,0.9343429548520116,0.03498829999999998
984,0.924,0.03399999999999998,21.84855736821711,7.3733985708665275e-06,0.006748053014371404,0.0019883,0.9268456575743865,0.9299049866919942,0.03598829999999998
985,0.924,0.03499999999999998,22.1275010223494,7.510052125408214e-06,0.0069052833025557035,0.0019883,0.9272967771213304,0.9300054966878464,0.03698829999999998
986,0.924,0.035999999999999976,22.393965233034237,7.642606282148606e-06,0.0070895191595421545,0.0019883,0.9279995428874632,0.9284143721834519,0.037988299999999975
987,0.924,0.03699999999999998,22.67278101537243,7.78324789956886e-06,0.007263561025272336,0.0019883,0.9284010471634565,0.9278401064956839,0.038988299999999976
988,0.924,0.03799999999999998,23.209350265089878,8.059630031952855e-06,0.007659730939620384,0.0019883,0.929502373733261,0.9242022389091308,0.03998829999999998
989,0.924,0.03899999999999998,29.562534197444492,1.3888385170454787e-05,0.010815494644001689,0.0060919,0.9766498764404196,0.926229825082787,0.045091899999999976
990,0.924,0.03999999999999997,29.77755285805758,1.405271660906668e-05,0.011048928827150457,0.0060919,0.976527697450257,0.925397414876254,0.04609189999999997
991,0.924,0.040999999999999974,30.013150411832072,1.423479332807513e-05,0.011263729715224137,0.0060919,0.9761841801142794,0.9255173625632944,0.04709189999999997
992,0.924,0.041999999999999975,34.119200079784584,1.8969302751502017e-05,0.014969838109095728,0.0098116,0.9852864886076771,0.9251572847016829,0.05181159999999997
993,0.924,0.042999999999999976,34.3381342834798,1.9187059536585234e-05,0.015226633130114227,0.0098116,0.9848597523052353,0.925161889751624,0.05281159999999997
994,0.924,0.04399999999999998,36.26135168234077,2.1644658524160987e-05,0.01752156853476064,0.0113062,0.984358091152318,0.9245270538720137,0.05530619999999998
995,0.924,0.04499999999999997,40.184215088588815,2.759458342730753e-05,0.023201144062789406,0.0155334,0.9838630276522212,0.9245852411151915,0.06053339999999997
996,0.924,0.04599999999999997,41.17982979055581,2.929521199494128e-05,0.024615850128823297,0.0163911,0.9842381126606823,0.9250070739567281,0.06239109999999997
997,0.924,0.04699999999999997,42.74980689895452,3.21784949481513e-05,0.027256129755778118,0.0181463,0.9847735497692329,0.9248289710548753,0.06514629999999998
998,0.924,0.047999999999999966,43.81207221029212,3.411750966125748e-05,0.029133403244799447,0.018928,0.9841960752682174,0.925758120927217,0.06692799999999996
999,0.924,0.04899999999999997,44.05173078713924,3.4513656065871124e-05,0.029455763890165576,0.018928,0.9837206107150857,0.926552894179202,0.06792799999999996
1000,0.925,0.01,13.379586345528399,4.394074368307124e-06,0.0033386169143680374,0.0028484,0.9688432182344582,0.9787760118647355,0.0128484
1001,0.925,0.011,14.031818883476717,4.636762944573607e-06,0.003298267841772142,0.0028484,0.9609279096296571,0.9817069032379813,0.0138484
1002,0.925,0.011999999999999999,14.379112320461317,4.767438155065803e-06,0.003451648393704613,0.0028484,0.9626301123274507,0.9766359141457521,0.014848399999999998
1003,0.925,0.012999999999999998,15.022082581895585,5.012110393756075e-06,0.0034189981506227464,0.0028484,0.955492053297844,0.9797517170062728,0.0158484
1004,0.925,0.013999999999999997,15.87406390865404,5.341693519598116e-06,0.0036228176760949335,0.0028484,0.9551778894357867,0.9782165256530232,0.016848399999999996
1005,0.925,0.014999999999999996,16.356203748576533,5.529657900997321e-06,0.0036560041641895066,0.0028484,0.9527475617787137,0.9806548133259199,0.017848399999999997
1006,0.925,0.015999999999999993,16.701955651370376,5.6662268721872935e-06,0.00377678885276301,0.0028484,0.9537739239910008,0.9772853748376463,0.018848399999999994
1007,0.925,0.016999999999999994,17.09798512138215,5.825328144391394e-06,0.00386889284907065,0.0028484,0.953471132385366,0.9768541712556255,0.019848399999999995
1008,0.925,0.017999999999999995,17.925167211302654,6.1646575638765935e-06,0.00404798851281294,0.0028484,0.9519826953447572,0.9759568875469974,0.020848399999999996
1009,0.925,0.018999999999999993,18.306202333695403,6.323429216427377e-06,0.004144970784022706,0.0028484,0.9517066201456694,0.975056876911583,0.021848399999999994
1010,0.925,0.01999999999999999,18.649477249703036,6.468187635887073e-06,0.004267340819757298,0.0028484,0.9520761254837007,0.9721116927171721,0.02284839999999999
1011,0.925,0.02099999999999999,19.006466400432934,6.62084149827756e-06,0.00437627112274364,0.0028484,0.952010925679813,0.97074000784211,0.023848399999999992
1012,0.925,0.021999999999999992,19.64457101042961,6.899856633026041e-06,0.0046428365299773225,0.0028484,0.9529691484105928,0.9647027778843534,0.024848399999999993
1013,0.925,0.02299999999999999,19.931610216544467,7.027872122720588e-06,0.00479937454123027,0.0028484,0.9538608273147939,0.9602358014805049,0.02584839999999999
1014,0.925,0.023999999999999987,20.207230256046852,7.1525394623814544e-06,0.004962240568742237,0.0028484,0.9547658479376947,0.9559168306082733,0.026848399999999988
1015,0.925,0.024999999999999988,20.48586131013944,7.280422820602975e-06,0.005121461978428,0.0028484,0.9554593815947091,0.9527100426228062,0.02784839999999999
1016,0.925,0.02599999999999999,21.07339821742293,7.555600586705634e-06,0.0054103461818444136,0.0028484,0.9559264940172283,0.949937856925359,0.02884839999999999
1017,0.925,0.02699999999999999,21.339622424751017,7.683049130585667e-06,0.005588503726547698,0.0028484,0.9565320829080005,0.9461218573796907,0.02984839999999999
1018,0.925,0.027999999999999983,21.584982843443264,7.802075295484162e-06,0.005782644062942411,0.0028484,0.9573405341261437,0.9414699503934609,0.030848399999999984
1019,0.925,0.028999999999999984,21.837519460352382,7.926099961783354e-06,0.005959547436324696,0.0028484,0.9578760915962018,0.9390739736846963,0.031848399999999985
1020,0.925,0.029999999999999985,22.36860314686933,8.192445452158962e-06,0.006295749469897978,0.0028484,0.9582672595255455,0.9367223994349599,0.032848399999999986
1021,0.925,0.030999999999999986,22.65062768589949,8.336991175065637e-06,0.006456829837472199,0.0028484,0.9581496492913111,0.9364274322223192,0.03384839999999999
1022,0.925,0.03199999999999998,22.908020475392874,8.470558134882878e-06,0.00664685327046752,0.0028484,0.9583887321291275,0.9341110631605543,0.03484839999999998
1023,0.925,0.03299999999999998,21.309875128339847,7.113632350734235e-06,0.006376705904519262,0.0019883,0.9250047088845921,0.9343429548520116,0.03498829999999998
1024,0.925,0.03399999999999998,21.84855736821711,7.3733985708665275e-06,0.006748053014371404,0.0019883,0.9268456575743865,0.9299049866919942,0.03598829999999998
1025,0.925,0.03499999999999998,22.1275010223494,7.510052125408214e-06,0.0069052833025557035,0.0019883,0.9272967771213304,0.9300054966878464,0.03698829999999998
1026,0.925,0.035999999999999976,22.393965233034237,7.642606282148606e-06,0.0070895191595421545,0.0019883,0.9279995428874632,0.9284143721834519,0.037988299999999975
1027,0.925,0.03699999999999998,22.67278101537243,7.78324789956886e-06,0.007263561025272336,0.0019883,0.9284010471634565,0.9278401064956839,0.038988299999999976
1028,0.925,0.03799999999999998,28.148529016053864,1.2579007789197399e-05,0.009738476869264621,0.0051536,0.9741052017177556,0.9262820807669224,0.04315359999999998
1029,0.925,0.03899999999999998,29.562534197444492,1.3888385170454787e-05,0.010815494644001689,0.0060919,0.9766498764404196,0.926229825082787,0.045091899999999976
1030,0.925,0.03999999999999997,29.77755285805758,1.405271660906668e-05,0.011048928827150457,0.0060919,0.976527697450257,0.925397414876254,0.04609189999999997
1031,0.925,0.040999999999999974,30.013150411832072,1.423479332807513e-05,0.011263729715224137,0.0060919,0.9761841801142794,0.9255173625632944,0.04709189999999997
1032,0.925,0.041999999999999975,34.119200079784584,1.8969302751502017e-05,0.014969838109095728,0.0098116,0.9852864886076771,0.9251572847016829,0.05181159999999997
1033,0.925,0.042999999999999976,34.3381342834798,1.9187059536585234e-05,0.015226633130114227,0.0098116,0.9848597523052353,0.925161889751624,0.05281159999999997
1034,0.925,0.04399999999999998,37.70386164017298,2.373641944285754e-05,0.019390417875690638,0.0129824,0.9842260565852875,0.9256771430719327,0.056982399999999975
1035,0.925,0.04499999999999997,40.969040346721386,2.899084504306278e-05,0.02424441098916926,0.0163911,0.9844955626438244,0.9254427273422694,0.06139109999999997
1036,0.925,0.04599999999999997,41.17982979055581,2.929521199494128e-05,0.024615850128823297,0.0163911,0.9842381126606823,0.9250070739567281,0.06239109999999997
1037,0.925,0.04699999999999997,43.39219815857393,3.343209408154417e-05,0.02840281665771695,0.018928,0.984755099850118,0.925525404237541,0.06592799999999997
1038,0.925,0.047999999999999966,43.81207221029212,3.411750966125748e-05,0.029133403244799447,0.018928,0.9841960752682174,0.925758120927217,0.06692799999999996
1039,0.925,0.04899999999999997,44.05173078713924,3.4513656065871124e-05,0.029455763890165576,0.018928,0.9837206107150857,0.926552894179202,0.06792799999999996
1040,0.926,0.01,13.379586345528399,4.394074368307124e-06,0.0033386169143680374,0.0028484,0.9688432182344582,0.9787760118647355,0.0128484
1041,0.926,0.011,14.031818883476717,4.636762944573607e-06,0.003298267841772142,0.0028484,0.9609279096296571,0.9817069032379813,0.0138484
1042,0.926,0.011999999999999999,14.379112320461317,4.767438155065803e-06,0.003451648393704613,0.0028484,0.9626301123274507,0.9766359141457521,0.014848399999999998
1043,0.926,0.012999999999999998,15.022082581895585,5.012110393756075e-06,0.0034189981506227464,0.0028484,0.955492053297844,0.9797517170062728,0.0158484
1044,0.926,0.013999999999999997,15.87406390865404,5.341693519598116e-06,0.0036228176760949335,0.0028484,0.9551778894357867,0.9782165256530232,0.016848399999999996
1045,0.926,0.014999999999999996,16.356203748576533,5.529657900997321e-06,0.0036560041641895066,0.0028484,0.9527475617787137,0.9806548133259199,0.017848399999999997
1046,0.926,0.015999999999999993,16.701955651370376,5.6662268721872935e-06,0.00377678885276301,0.0028484,0.9537739239910008,0.9772853748376463,0.018848399999999994
1047,0.926,0.016999999999999994,17.09798512138215,5.825328144391394e-06,0.00386889284907065,0.0028484,0.953471132385366,0.9768541712556255,0.019848399999999995
1048,0.926,0.017999999999999995,17.925167211302654,6.1646575638765935e-06,0.00404798851281294,0.0028484,0.9519826953447572,0.9759568875469974,0.020848399999999996
1049,0.926,0.018999999999999993,18.306202333695403,6.323429216427377e-06,0.004144970784022706,0.0028484,0.9517066201456694,0.975056876911583,0.021848399999999994
1050,0.926,0.01999999999999999,18.649477249703036,6.468187635887073e-06,0.004267340819757298,0.0028484,0.9520761254837007,0.9721116927171721,0.02284839999999999
1051,0.926,0.02099999999999999,19.006466400432934,6.62084149827756e-06,0.00437627112274364,0.0028484,0.952010925679813,0.97074000784211,0.023848399999999992
1052,0.926,0.021999999999999992,19.64457101042961,6.899856633026041e-06,0.0046428365299773225,0.0028484,0.9529691484105928,0.9647027778843534,0.024848399999999993
1053,0.926,0.02299999999999999,19.931610216544467,7.027872122720588e-06,0.00479937454123027,0.0028484,0.9538608273147939,0.9602358014805049,0.02584839999999999
1054,0.926,0.023999999999999987,20.207230256046852,7.1525394623814544e-06,0.004962240568742237,0.0028484,0.9547658479376947,0.9559168306082733,0.026848399999999988
1055,0.926,0.024999999999999988,20.48586131013944,7.280422820602975e-06,0.005121461978428,0.0028484,0.9554593815947091,0.9527100426228062,0.02784839999999999
1056,0.926,0.02599999999999999,21.07339821742293,7.555600586705634e-06,0.0054103461818444136,0.0028484,0.9559264940172283,0.949937856925359,0.02884839999999999
1057,0.926,0.02699999999999999,21.339622424751017,7.683049130585667e-06,0.005588503726547698,0.0028484,0.9565320829080005,0.9461218573796907,0.02984839999999999
1058,0.926,0.027999999999999983,21.584982843443264,7.802075295484162e-06,0.005782644062942411,0.0028484,0.9573405341261437,0.9414699503934609,0.030848399999999984
1059,0.926,0.028999999999999984,21.837519460352382,7.926099961783354e-06,0.005959547436324696,0.0028484,0.9578760915962018,0.9390739736846963,0.031848399999999985
1060,0.926,0.029999999999999985,22.36860314686933,8.192445452158962e-06,0.006295749469897978,0.0028484,0.9582672595255455,0.9367223994349599,0.032848399999999986
1061,0.926,0.030999999999999986,22.65062768589949,8.336991175065637e-06,0.006456829837472199,0.0028484,0.9581496492913111,0.9364274322223192,0.03384839999999999
1062,0.926,0.03199999999999998,22.908020475392874,8.470558134882878e-06,0.00664685327046752,0.0028484,0.9583887321291275,0.9341110631605543,0.03484839999999998
1063,0.926,0.03299999999999998,23.156963752064456,8.601004092790363e-06,0.006834743392021607,0.0028484,0.9586329676382896,0.9321692863140182,0.03584839999999998
1064,0.926,0.03399999999999998,21.84855736821711,7.3733985708665275e-06,0.006748053014371404,0.0019883,0.9268456575743865,0.9299049866919942,0.03598829999999998
1065,0.926,0.03499999999999998,22.1275010223494,7.510052125408214e-06,0.0069052833025557035,0.0019883,0.9272967771213304,0.9300054966878464,0.03698829999999998
1066,0.926,0.035999999999999976,22.393965233034237,7.642606282148606e-06,0.0070895191595421545,0.0019883,0.9279995428874632,0.9284143721834519,0.037988299999999975
1067,0.926,0.03699999999999998,22.67278101537243,7.78324789956886e-06,0.007263561025272336,0.0019883,0.9284010471634565,0.9278401064956839,0.038988299999999976
1068,0.926,0.03799999999999998,28.148529016053864,1.2579007789197399e-05,0.009738476869264621,0.0051536,0.9741052017177556,0.9262820807669224,0.04315359999999998
1069,0.926,0.03899999999999998,29.562534197444492,1.3888385170454787e-05,0.010815494644001689,0.0060919,0.9766498764404196,0.926229825082787,0.045091899999999976
1070,0.926,0.03999999999999997,30.763573169650897,1.5128372773374314e-05,0.01169533140082783,0.006967,0.9793752857350995,0.9273454851711408,0.046966999999999974
1071,0.926,0.040999999999999974,33.91921939789078,1.8772109674040502e-05,0.014683617136652291,0.0098116,0.9855505356763846,0.926221734964467,0.05081159999999997
1072,0.926,0.041999999999999975,34.88427823993601,1.995335156053428e-05,0.01571015517166192,0.0106093,0.9852984044602002,0.9278263782735372,0.05260929999999998
1073,0.926,0.042999999999999976,36.740173836822954,2.23678619187124e-05,0.01811469323140131,0.0120824,0.984270498784784,0.9260701959063625,0.055082399999999976
1074,0.926,0.04399999999999998,40.76506681324396,2.8698333887180594e-05,0.023857722853087966,0.0163911,0.9846994491577704,0.9262538108895759,0.060391099999999975
1075,0.926,0.04499999999999997,43.01799568204644,3.282918030041634e-05,0.0275747561046391,0.018928,0.9850063549585399,0.9270657013657564,0.06392799999999997
1076,0.926,0.04599999999999997,43.916367012655705,3.456124181938874e-05,0.02907510313131755,0.019568,0.9849575281525749,0.9279930631459818,0.06556799999999997
1077,0.926,0.04699999999999997,44.1226480100483,3.490659243813139e-05,0.0294557203031968,0.019568,0.9847142011576798,0.927881558230852,0.06656799999999997
1078,0.926,0.047999999999999966,44.58920008677392,3.569786776068053e-05,0.03016672557754125,0.019568,0.9839074797757252,0.9285374156226663,0.06756799999999996
1079,0.926,0.04899999999999997,44.05173078713924,3.4513656065871124e-05,0.029455763890165576,0.018928,0.9837206107150857,0.926552894179202,0.06792799999999996
1080,0.927,0.01,13.379586345528399,4.394074368307124e-06,0.0033386169143680374,0.0028484,0.9688432182344582,0.9787760118647355,0.0128484
1081,0.927,0.011,14.031818883476717,4.636762944573607e-06,0.003298267841772142,0.0028484,0.9609279096296571,0.9817069032379813,0.0138484
1082,0.927,0.011999999999999999,14.379112320461317,4.767438155065803e-06,0.003451648393704613,0.0028484,0.9626301123274507,0.9766359141457521,0.014848399999999998
1083,0.927,0.012999999999999998,15.022082581895585,5.012110393756075e-06,0.0034189981506227464,0.0028484,0.955492053297844,0.9797517170062728,0.0158484
1084,0.927,0.013999999999999997,15.87406390865404,5.341693519598116e-06,0.0036228176760949335,0.0028484,0.9551778894357867,0.9782165256530232,0.016848399999999996
1085,0.927,0.014999999999999996,16.356203748576533,5.529657900997321e-06,0.0036560041641895066,0.0028484,0.9527475617787137,0.9806548133259199,0.017848399999999997
1086,0.927,0.015999999999999993,16.701955651370376,5.6662268721872935e-06,0.00377678885276301,0.0028484,0.9537739239910008,0.9772853748376463,0.018848399999999994
1087,0.927,0.016999999999999994,17.09798512138215,5.825328144391394e-06,0.00386889284907065,0.0028484,0.953471132385366,0.9768541712556255,0.019848399999999995
1088,0.927,0.017999999999999995,17.925167211302654,6.1646575638765935e-06,0.00404798851281294,0.0028484,0.9519826953447572,0.9759568875469974,0.020848399999999996
1089,0.927,0.018999999999999993,18.306202333695403,6.323429216427377e-06,0.004144970784022706,0.0028484,0.9517066201456694,0.975056876911583,0.021848399999999994
1090,0.927,0.01999999999999999,18.649477249703036,6.468187635887073e-06,0.004267340819757298,0.0028484,0.9520761254837007,0.9721116927171721,0.02284839999999999
1091,0.927,0.02099999999999999,19.006466400432934,6.62084149827756e-06,0.00437627112274364,0.0028484,0.952010925679813,0.97074000784211,0.023848399999999992
1092,0.927,0.021999999999999992,19.64457101042961,6.899856633026041e-06,0.0046428365299773225,0.0028484,0.9529691484105928,0.9647027778843534,0.024848399999999993
1093,0.927,0.02299999999999999,19.931610216544467,7.027872122720588e-06,0.00479937454123027,0.0028484,0.9538608273147939,0.9602358014805049,0.02584839999999999
1094,0.927,0.023999999999999987,20.207230256046852,7.1525394623814544e-06,0.004962240568742237,0.0028484,0.9547658479376947,0.9559168306082733,0.026848399999999988
1095,0.927,0.024999999999999988,20.48586131013944,7.280422820602975e-06,0.005121461978428,0.0028484,0.9554593815947091,0.9527100426228062,0.02784839999999999
1096,0.927,0.02599999999999999,21.07339821742293,7.555600586705634e-06,0.0054103461818444136,0.0028484,0.9559264940172283,0.949937856925359,0.02884839999999999
1097,0.927,0.02699999999999999,21.339622424751017,7.683049130585667e-06,0.005588503726547698,0.0028484,0.9565320829080005,0.9461218573796907,0.02984839999999999
1098,0.927,0.027999999999999983,21.584982843443264,7.802075295484162e-06,0.005782644062942411,0.0028484,0.9573405341261437,0.9414699503934609,0.030848399999999984
1099,0.927,0.028999999999999984,21.837519460352382,7.926099961783354e-06,0.005959547436324696,0.0028484,0.9578760915962018,0.9390739736846963,0.031848399999999985
1100,0.927,0.029999999999999985,22.36860314686933,8.192445452158962e-06,0.006295749469897978,0.0028484,0.9582672595255455,0.9367223994349599,0.032848399999999986
1101,0.927,0.030999999999999986,22.65062768589949,8.336991175065637e-06,0.006456829837472199,0.0028484,0.9581496492913111,0.9364274322223192,0.03384839999999999
1102,0.927,0.03199999999999998,22.908020475392874,8.470558134882878e-06,0.00664685327046752,0.0028484,0.9583887321291275,0.9341110631605543,0.03484839999999998
1103,0.927,0.03299999999999998,23.156963752064456,8.601004092790363e-06,0.006834743392021607,0.0028484,0.9586329676382896,0.9321692863140182,0.03584839999999998
1104,0.927,0.03399999999999998,23.676909964354962,8.878326830820178e-06,0.007180569340960099,0.0028484,0.9585718360410408,0.9308414585967252,0.03684839999999998
1105,0.927,0.03499999999999998,22.1275010223494,7.510052125408214e-06,0.0069052833025557035,0.0019883,0.9272967771213304,0.9300054966878464,0.03698829999999998
1106,0.927,0.035999999999999976,22.393965233034237,7.642606282148606e-06,0.0070895191595421545,0.0019883,0.9279995428874632,0.9284143721834519,0.037988299999999975
1107,0.927,0.03699999999999998,22.67278101537243,7.78324789956886e-06,0.007263561025272336,0.0019883,0.9284010471634565,0.9278401064956839,0.038988299999999976
1108,0.927,0.03799999999999998,29.11448645510472,1.3550777045399031e-05,0.010371660062663747,0.0060919,0.9770202552034372,0.9270437843434461,0.044091899999999976
1109,0.927,0.03899999999999998,30.548631146766255,1.4953654835316486e-05,0.011442285836932882,0.006967,0.9795389808937695,0.928696275088192,0.04596699999999998
1110,0.927,0.03999999999999997,30.763573169650897,1.5128372773374314e-05,0.01169533140082783,0.006967,0.9793752857350995,0.9273454851711408,0.046966999999999974
1111,0.927,0.040999999999999974,34.66577042528055,1.9727801063879905e-05,0.015447402127958029,0.0106093,0.9857052070066338,0.9279673456483973,0.051609299999999976
1112,0.927,0.041999999999999975,34.88427823993601,1.995335156053428e-05,0.01571015517166192,0.0106093,0.9852984044602002,0.9278263782735372,0.05260929999999998
1113,0.927,0.042999999999999976,41.00635522028978,2.923360111085481e-05,0.024162962054285468,0.0172468,0.9847243820045574,0.928758463009161,0.060246799999999975
1114,0.927,0.04399999999999998,41.42494448165304,2.984900265171109e-05,0.024924841795996844,0.0172468,0.9842850671651799,0.927497501772808,0.061246799999999976
1115,0.927,0.04499999999999997,43.01799568204644,3.282918030041634e-05,0.0275747561046391,0.018928,0.9850063549585399,0.9270657013657564,0.06392799999999997
1116,0.927,0.04599999999999997,43.916367012655705,3.456124181938874e-05,0.02907510313131755,0.019568,0.9849575281525749,0.9279930631459818,0.06556799999999997
1117,0.927,0.04699999999999997,44.1226480100483,3.490659243813139e-05,0.0294557203031968,0.019568,0.9847142011576798,0.927881558230852,0.06656799999999997
1118,0.927,0.047999999999999966,44.58920008677392,3.569786776068053e-05,0.03016672557754125,0.019568,0.9839074797757252,0.9285374156226663,0.06756799999999996
1119,0.927,0.04899999999999997,44.821922378305054,3.6097639995785355e-05,0.03056162312406295,0.019568,0.9835369403531375,0.9283925146263493,0.06856799999999996
1120,0.928,0.01,13.379586345528399,4.394074368307124e-06,0.0033386169143680374,0.0028484,0.9688432182344582,0.9787760118647355,0.0128484
1121,0.928,0.011,14.031818883476717,4.636762944573607e-06,0.003298267841772142,0.0028484,0.9609279096296571,0.9817069032379813,0.0138484
1122,0.928,0.011999999999999999,14.379112320461317,4.767438155065803e-06,0.003451648393704613,0.0028484,0.9626301123274507,0.9766359141457521,0.014848399999999998
1123,0.928,0.012999999999999998,15.022082581895585,5.012110393756075e-06,0.0034189981506227464,0.0028484,0.955492053297844,0.9797517170062728,0.0158484
1124,0.928,0.013999999999999997,15.87406390865404,5.341693519598116e-06,0.0036228176760949335,0.0028484,0.9551778894357867,0.9782165256530232,0.016848399999999996
1125,0.928,0.014999999999999996,16.356203748576533,5.529657900997321e-06,0.0036560041641895066,0.0028484,0.9527475617787137,0.9806548133259199,0.017848399999999997
1126,0.928,0.015999999999999993,16.701955651370376,5.6662268721872935e-06,0.00377678885276301,0.0028484,0.9537739239910008,0.9772853748376463,0.018848399999999994
1127,0.928,0.016999999999999994,17.09798512138215,5.825328144391394e-06,0.00386889284907065,0.0028484,0.953471132385366,0.9768541712556255,0.019848399999999995
1128,0.928,0.017999999999999995,17.925167211302654,6.1646575638765935e-06,0.00404798851281294,0.0028484,0.9519826953447572,0.9759568875469974,0.020848399999999996
1129,0.928,0.018999999999999993,18.306202333695403,6.323429216427377e-06,0.004144970784022706,0.0028484,0.9517066201456694,0.975056876911583,0.021848399999999994
1130,0.928,0.01999999999999999,18.649477249703036,6.468187635887073e-06,0.004267340819757298,0.0028484,0.9520761254837007,0.9721116927171721,0.02284839999999999
1131,0.928,0.02099999999999999,19.006466400432934,6.62084149827756e-06,0.00437627112274364,0.0028484,0.952010925679813,0.97074000784211,0.023848399999999992
1132,0.928,0.021999999999999992,19.64457101042961,6.899856633026041e-06,0.0046428365299773225,0.0028484,0.9529691484105928,0.9647027778843534,0.024848399999999993
1133,0.928,0.02299999999999999,19.931610216544467,7.027872122720588e-06,0.00479937454123027,0.0028484,0.9538608273147939,0.9602358014805049,0.02584839999999999
1134,0.928,0.023999999999999987,20.207230256046852,7.1525394623814544e-06,0.004962240568742237,0.0028484,0.9547658479376947,0.9559168306082733,0.026848399999999988
1135,0.928,0.024999999999999988,20.48586131013944,7.280422820602975e-06,0.005121461978428,0.0028484,0.9554593815947091,0.9527100426228062,0.02784839999999999
1136,0.928,0.02599999999999999,21.07339821742293,7.555600586705634e-06,0.0054103461818444136,0.0028484,0.9559264940172283,0.949937856925359,0.02884839999999999
1137,0.928,0.02699999999999999,21.339622424751017,7.683049130585667e-06,0.005588503726547698,0.0028484,0.9565320829080005,0.9461218573796907,0.02984839999999999
1138,0.928,0.027999999999999983,21.584982843443264,7.802075295484162e-06,0.005782644062942411,0.0028484,0.9573405341261437,0.9414699503934609,0.030848399999999984
1139,0.928,0.028999999999999984,21.837519460352382,7.926099961783354e-06,0.005959547436324696,0.0028484,0.9578760915962018,0.9390739736846963,0.031848399999999985
1140,0.928,0.029999999999999985,22.36860314686933,8.192445452158962e-06,0.006295749469897978,0.0028484,0.9582672595255455,0.9367223994349599,0.032848399999999986
1141,0.928,0.030999999999999986,22.65062768589949,8.336991175065637e-06,0.006456829837472199,0.0028484,0.9581496492913111,0.9364274322223192,0.03384839999999999
1142,0.928,0.03199999999999998,22.908020475392874,8.470558134882878e-06,0.00664685327046752,0.0028484,0.9583887321291275,0.9341110631605543,0.03484839999999998
1143,0.928,0.03299999999999998,23.156963752064456,8.601004092790363e-06,0.006834743392021607,0.0028484,0.9586329676382896,0.9321692863140182,0.03584839999999998
1144,0.928,0.03399999999999998,23.676909964354962,8.878326830820178e-06,0.007180569340960099,0.0028484,0.9585718360410408,0.9308414585967252,0.03684839999999998
1145,0.928,0.03499999999999998,23.944417187415212,9.024046800042784e-06,0.0073566224412015225,0.0028484,0.9584051749914715,0.9303425833093691,0.03784839999999998
1146,0.928,0.035999999999999976,28.68107933835954,1.3230717037908822e-05,0.009908380278829435,0.0060919,0.9771609240194645,0.9296951040884887,0.042091899999999974
1147,0.928,0.03699999999999998,28.929852494926568,1.341390651857225e-05,0.010104967512855707,0.0060919,0.9767886429759354,0.9301872013054684,0.043091899999999975
1148,0.928,0.03799999999999998,30.314290818531887,1.476515833609186e-05,0.011226441702930471,0.006967,0.9799035405146808,0.9285712868304012,0.04496699999999998
1149,0.928,0.03899999999999998,30.548631146766255,1.4953654835316486e-05,0.011442285836932882,0.006967,0.9795389808937695,0.928696275088192,0.04596699999999998
1150,0.928,0.03999999999999997,34.24482547980074,1.9298576600971244e-05,0.014901165283083193,0.0106093,0.9863897293825029,0.9290349163740181,0.050609299999999975
1151,0.928,0.040999999999999974,35.19567213685247,2.0480001243985072e-05,0.015937752247881517,0.0113062,0.9859529993439448,0.9306173602380248,0.052306199999999976
1152,0.928,0.041999999999999975,36.31042838903246,2.1876323737238265e-05,0.01744761069867016,0.0120824,0.9848510503354604,0.9286670065205439,0.054082399999999975
1153,0.928,0.042999999999999976,41.00635522028978,2.923360111085481e-05,0.024162962054285468,0.0172468,0.9847243820045574,0.928758463009161,0.060246799999999975
1154,0.928,0.04399999999999998,43.32587599508051,3.3585376192442165e-05,0.027890151075151956,0.019568,0.9855052168008801,0.9291941925941156,0.06356799999999997
1155,0.928,0.04499999999999997,44.48087735609039,3.582832626376883e-05,0.02977955899070698,0.0203723,0.9855945243528086,0.9299791280510853,0.06537229999999997
1156,0.928,0.04599999999999997,44.72440754589199,3.624920708438314e-05,0.03010129341981929,0.0203723,0.9851167735653737,0.9307723570790266,0.06637229999999997
1157,0.928,0.04699999999999997,44.94998035941176,3.664226698980757e-05,0.030491501706940746,0.0203723,0.9847850925730478,0.9306352248077961,0.06737229999999997
1158,0.928,0.047999999999999966,44.58920008677392,3.569786776068053e-05,0.03016672557754125,0.019568,0.9839074797757252,0.9285374156226663,0.06756799999999996
1159,0.928,0.04899999999999997,44.821922378305054,3.6097639995785355e-05,0.03056162312406295,0.019568,0.9835369403531375,0.9283925146263493,0.06856799999999996
1160,0.929,0.01,13.379586345528399,4.394074368307124e-06,0.0033386169143680374,0.0028484,0.9688432182344582,0.9787760118647355,0.0128484
1161,0.929,0.011,14.031818883476717,4.636762944573607e-06,0.003298267841772142,0.0028484,0.9609279096296571,0.9817069032379813,0.0138484
1162,0.929,0.011999999999999999,14.379112320461317,4.767438155065803e-06,0.003451648393704613,0.0028484,0.9626301123274507,0.9766359141457521,0.014848399999999998
1163,0.929,0.012999999999999998,15.022082581895585,5.012110393756075e-06,0.0034189981506227464,0.0028484,0.955492053297844,0.9797517170062728,0.0158484
1164,0.929,0.013999999999999997,15.87406390865404,5.341693519598116e-06,0.0036228176760949335,0.0028484,0.9551778894357867,0.9782165256530232,0.016848399999999996
1165,0.929,0.014999999999999996,16.356203748576533,5.529657900997321e-06,0.0036560041641895066,0.0028484,0.9527475617787137,0.9806548133259199,0.017848399999999997
1166,0.929,0.015999999999999993,16.701955651370376,5.6662268721872935e-06,0.00377678885276301,0.0028484,0.9537739239910008,0.9772853748376463,0.018848399999999994
1167,0.929,0.016999999999999994,17.09798512138215,5.825328144391394e-06,0.00386889284907065,0.0028484,0.953471132385366,0.9768541712556255,0.019848399999999995
1168,0.929,0.017999999999999995,17.925167211302654,6.1646575638765935e-06,0.00404798851281294,0.0028484,0.9519826953447572,0.9759568875469974,0.020848399999999996
1169,0.929,0.018999999999999993,18.306202333695403,6.323429216427377e-06,0.004144970784022706,0.0028484,0.9517066201456694,0.975056876911583,0.021848399999999994
1170,0.929,0.01999999999999999,18.649477249703036,6.468187635887073e-06,0.004267340819757298,0.0028484,0.9520761254837007,0.9721116927171721,0.02284839999999999
1171,0.929,0.02099999999999999,19.006466400432934,6.62084149827756e-06,0.00437627112274364,0.0028484,0.952010925679813,0.97074000784211,0.023848399999999992
1172,0.929,0.021999999999999992,19.64457101042961,6.899856633026041e-06,0.0046428365299773225,0.0028484,0.9529691484105928,0.9647027778843534,0.024848399999999993
1173,0.929,0.02299999999999999,19.931610216544467,7.027872122720588e-06,0.00479937454123027,0.0028484,0.9538608273147939,0.9602358014805049,0.02584839999999999
1174,0.929,0.023999999999999987,20.207230256046852,7.1525394623814544e-06,0.004962240568742237,0.0028484,0.9547658479376947,0.9559168306082733,0.026848399999999988
1175,0.929,0.024999999999999988,20.48586131013944,7.280422820602975e-06,0.005121461978428,0.0028484,0.9554593815947091,0.9527100426228062,0.02784839999999999
1176,0.929,0.02599999999999999,21.07339821742293,7.555600586705634e-06,0.0054103461818444136,0.0028484,0.9559264940172283,0.949937856925359,0.02884839999999999
1177,0.929,0.02699999999999999,21.339622424751017,7.683049130585667e-06,0.005588503726547698,0.0028484,0.9565320829080005,0.9461218573796907,0.02984839999999999
1178,0.929,0.027999999999999983,21.584982843443264,7.802075295484162e-06,0.005782644062942411,0.0028484,0.9573405341261437,0.9414699503934609,0.030848399999999984
1179,0.929,0.028999999999999984,21.837519460352382,7.926099961783354e-06,0.005959547436324696,0.0028484,0.9578760915962018,0.9390739736846963,0.031848399999999985
1180,0.929,0.029999999999999985,22.36860314686933,8.192445452158962e-06,0.006295749469897978,0.0028484,0.9582672595255455,0.9367223994349599,0.032848399999999986
1181,0.929,0.030999999999999986,22.65062768589949,8.336991175065637e-06,0.006456829837472199,0.0028484,0.9581496492913111,0.9364274322223192,0.03384839999999999
1182,0.929,0.03199999999999998,22.908020475392874,8.470558134882878e-06,0.00664685327046752,0.0028484,0.9583887321291275,0.9341110631605543,0.03484839999999998
1183,0.929,0.03299999999999998,23.156963752064456,8.601004092790363e-06,0.006834743392021607,0.0028484,0.9586329676382896,0.9321692863140182,0.03584839999999998
1184,0.929,0.03399999999999998,23.676909964354962,8.878326830820178e-06,0.007180569340960099,0.0028484,0.9585718360410408,0.9308414585967252,0.03684839999999998
1185,0.929,0.03499999999999998,23.944417187415212,9.024046800042784e-06,0.0073566224412015225,0.0028484,0.9584051749914715,0.9303425833093691,0.03784839999999998
1186,0.929,0.035999999999999976,28.68107933835954,1.3230717037908822e-05,0.009908380278829435,0.0060919,0.9771609240194645,0.9296951040884887,0.042091899999999974
1187,0.929,0.03699999999999998,28.929852494926568,1.341390651857225e-05,0.010104967512855707,0.0060919,0.9767886429759354,0.9301872013054684,0.043091899999999975
1188,0.929,0.03799999999999998,31.34337411170943,1.593300930038682e-05,0.01187357360899173,0.0079662,0.9836836652950729,0.9303178117791596,0.04596619999999998
1189,0.929,0.03899999999999998,34.03200458081886,1.9084575349074243e-05,0.014644495308389294,0.0106093,0.9867580830894275,0.9291647789859673,0.04960929999999998
1190,0.929,0.03999999999999997,34.24482547980074,1.9298576600971244e-05,0.014901165283083193,0.0106093,0.9863897293825029,0.9290349163740181,0.050609299999999975
1191,0.929,0.040999999999999974,35.19567213685247,2.0480001243985072e-05,0.015937752247881517,0.0113062,0.9859529993439448,0.9306173602380248,0.052306199999999976
1192,0.929,0.041999999999999975,40.79515460503471,2.89264595714077e-05,0.023785428201932347,0.0172468,0.9849523883552253,0.9294246996771311,0.059246799999999974
1193,0.929,0.042999999999999976,43.12270293919377,3.3254348298790515e-05,0.027517869703454975,0.019568,0.9857168031047067,0.9292640779856601,0.06256799999999997
1194,0.929,0.04399999999999998,43.32587599508051,3.3585376192442165e-05,0.027890151075151956,0.019568,0.9855052168008801,0.9291941925941156,0.06356799999999997
1195,0.929,0.04499999999999997,44.48087735609039,3.582832626376883e-05,0.02977955899070698,0.0203723,0.9855945243528086,0.9299791280510853,0.06537229999999997
1196,0.929,0.04599999999999997,44.72440754589199,3.624920708438314e-05,0.03010129341981929,0.0203723,0.9851167735653737,0.9307723570790266,0.06637229999999997
1197,0.929,0.04699999999999997,44.94998035941176,3.664226698980757e-05,0.030491501706940746,0.0203723,0.9847850925730478,0.9306352248077961,0.06737229999999997
1198,0.929,0.047999999999999966,45.4080886859432,3.744976639434074e-05,0.031305706220327946,0.0203723,0.9841069461364398,0.9300097358851065,0.06837229999999997
1199,0.929,0.04899999999999997,45.61434590044958,3.781652643946921e-05,0.03175563174880951,0.0203723,0.9839081385647418,0.929013344237952,0.06937229999999997
1200,0.93,0.01,13.379586345528399,4.394074368307124e-06,0.0033386169143680374,0.0028484,0.9688432182344582,0.9787760118647355,0.0128484
1201,0.93,0.011,14.031818883476717,4.636762944573607e-06,0.003298267841772142,0.0028484,0.9609279096296571,0.9817069032379813,0.0138484
1202,0.93,0.011999999999999999,14.379112320461317,4.767438155065803e-06,0.003451648393704613,0.0028484,0.9626301123274507,0.9766359141457521,0.014848399999999998
1203,0.93,0.012999999999999998,15.022082581895585,5.012110393756075e-06,0.0034189981506227464,0.0028484,0.955492053297844,0.9797517170062728,0.0158484
1204,0.93,0.013999999999999997,15.87406390865404,5.341693519598116e-06,0.0036228176760949335,0.0028484,0.9551778894357867,0.9782165256530232,0.016848399999999996
1205,0.93,0.014999999999999996,16.356203748576533,5.529657900997321e-06,0.0036560041641895066,0.0028484,0.9527475617787137,0.9806548133259199,0.017848399999999997
1206,0.93,0.015999999999999993,16.701955651370376,5.6662268721872935e-06,0.00377678885276301,0.0028484,0.9537739239910008,0.9772853748376463,0.018848399999999994
1207,0.93,0.016999999999999994,17.09798512138215,5.825328144391394e-06,0.00386889284907065,0.0028484,0.953471132385366,0.9768541712556255,0.019848399999999995
1208,0.93,0.017999999999999995,17.925167211302654,6.1646575638765935e-06,0.00404798851281294,0.0028484,0.9519826953447572,0.9759568875469974,0.020848399999999996
1209,0.93,0.018999999999999993,18.306202333695403,6.323429216427377e-06,0.004144970784022706,0.0028484,0.9517066201456694,0.975056876911583,0.021848399999999994
1210,0.93,0.01999999999999999,18.649477249703036,6.468187635887073e-06,0.004267340819757298,0.0028484,0.9520761254837007,0.9721116927171721,0.02284839999999999
1211,0.93,0.02099999999999999,19.006466400432934,6.62084149827756e-06,0.00437627112274364,0.0028484,0.952010925679813,0.97074000784211,0.023848399999999992
1212,0.93,0.021999999999999992,19.64457101042961,6.899856633026041e-06,0.0046428365299773225,0.0028484,0.9529691484105928,0.9647027778843534,0.024848399999999993
1213,0.93,0.02299999999999999,19.931610216544467,7.027872122720588e-06,0.00479937454123027,0.0028484,0.9538608273147939,0.9602358014805049,0.02584839999999999
1214,0.93,0.023999999999999987,20.207230256046852,7.1525394623814544e-06,0.004962240568742237,0.0028484,0.9547658479376947,0.9559168306082733,0.026848399999999988
1215,0.93,0.024999999999999988,20.48586131013944,7.280422820602975e-06,0.005121461978428,0.0028484,0.9554593815947091,0.9527100426228062,0.02784839999999999
1216,0.93,0.02599999999999999,21.07339821742293,7.555600586705634e-06,0.0054103461818444136,0.0028484,0.9559264940172283,0.949937856925359,0.02884839999999999
1217,0.93,0.02699999999999999,21.339622424751017,7.683049130585667e-06,0.005588503726547698,0.0028484,0.9565320829080005,0.9461218573796907,0.02984839999999999
1218,0.93,0.027999999999999983,21.584982843443264,7.802075295484162e-06,0.005782644062942411,0.0028484,0.9573405341261437,0.9414699503934609,0.030848399999999984
1219,0.93,0.028999999999999984,21.837519460352382,7.926099961783354e-06,0.005959547436324696,0.0028484,0.9578760915962018,0.9390739736846963,0.031848399999999985
1220,0.93,0.029999999999999985,22.36860314686933,8.192445452158962e-06,0.006295749469897978,0.0028484,0.9582672595255455,0.9367223994349599,0.032848399999999986
1221,0.93,0.030999999999999986,22.65062768589949,8.336991175065637e-06,0.006456829837472199,0.0028484,0.9581496492913111,0.9364274322223192,0.03384839999999999
1222,0.93,0.03199999999999998,22.908020475392874,8.470558134882878e-06,0.00664685327046752,0.0028484,0.9583887321291275,0.9341110631605543,0.03484839999999998
1223,0.93,0.03299999999999998,23.156963752064456,8.601004092790363e-06,0.006834743392021607,0.0028484,0.9586329676382896,0.9321692863140182,0.03584839999999998
1224,0.93,0.03399999999999998,23.676909964354962,8.878326830820178e-06,0.007180569340960099,0.0028484,0.9585718360410408,0.9308414585967252,0.03684839999999998
1225,0.93,0.03499999999999998,23.944417187415212,9.024046800042784e-06,0.0073566224412015225,0.0028484,0.9584051749914715,0.9303425833093691,0.03784839999999998
1226,0.93,0.035999999999999976,29.65910893673169,1.4248766098744076e-05,0.010543989974630014,0.006967,0.9804621363478996,0.9301955319648803,0.04296699999999998
1227,0.93,0.03699999999999998,28.929852494926568,1.341390651857225e-05,0.010104967512855707,0.0060919,0.9767886429759354,0.9301872013054684,0.043091899999999975
1228,0.93,0.03799999999999998,31.34337411170943,1.593300930038682e-05,0.01187357360899173,0.0079662,0.9836836652950729,0.9303178117791596,0.04596619999999998
1229,0.93,0.03899999999999998,34.75313231100982,2.0012203475413833e-05,0.015415067628005543,0.0113062,0.9867774206002331,0.930764175098652,0.05030619999999998
1230,0.93,0.03999999999999997,34.97542817265098,2.0246238202377357e-05,0.0156739046278383,0.0113062,0.9863557638592865,0.9307630766348582,0.051306199999999975
1231,0.93,0.040999999999999974,35.19567213685247,2.0480001243985072e-05,0.015937752247881517,0.0113062,0.9859529993439448,0.9306173602380248,0.052306199999999976
1232,0.93,0.041999999999999975,41.59535446987264,3.0404787091233443e-05,0.024837017189571958,0.0181463,0.9856883594601918,0.9300810110349311,0.06014629999999997
1233,0.93,0.042999999999999976,43.858302470352726,3.476882683231007e-05,0.02865021065220724,0.0203723,0.9863398130968213,0.9300282587284051,0.06337229999999998
1234,0.93,0.04399999999999998,45.01550548186757,3.701458639036297e-05,0.030440926940019604,0.0212312,0.985454377070152,0.9329539321322712,0.06523119999999998
1235,0.93,0.04499999999999997,45.24285293933789,3.7418976288872966e-05,0.030832213726462273,0.0212312,0.9851273794905642,0.9328136822176961,0.06623119999999996
1236,0.93,0.04599999999999997,44.72440754589199,3.624920708438314e-05,0.03010129341981929,0.0203723,0.9851167735653737,0.9307723570790266,0.06637229999999997
1237,0.93,0.04699999999999997,44.94998035941176,3.664226698980757e-05,0.030491501706940746,0.0203723,0.9847850925730478,0.9306352248077961,0.06737229999999997
1238,0.93,0.047999999999999966,45.4080886859432,3.744976639434074e-05,0.031305706220327946,0.0203723,0.9841069461364398,0.9300097358851065,0.06837229999999997
1239,0.93,0.04899999999999997,48.53095061580589,4.463191138368289e-05,0.03683988639044756,0.0236753,0.9847480971534937,0.9302473282585969,0.07267529999999997
1240,0.931,0.01,13.379586345528399,4.394074368307124e-06,0.0033386169143680374,0.0028484,0.9688432182344582,0.9787760118647355,0.0128484
1241,0.931,0.011,14.031818883476717,4.636762944573607e-06,0.003298267841772142,0.0028484,0.9609279096296571,0.9817069032379813,0.0138484
1242,0.931,0.011999999999999999,14.379112320461317,4.767438155065803e-06,0.003451648393704613,0.0028484,0.9626301123274507,0.9766359141457521,0.014848399999999998
1243,0.931,0.012999999999999998,15.022082581895585,5.012110393756075e-06,0.0034189981506227464,0.0028484,0.955492053297844,0.9797517170062728,0.0158484
1244,0.931,0.013999999999999997,15.87406390865404,5.341693519598116e-06,0.0036228176760949335,0.0028484,0.9551778894357867,0.9782165256530232,0.016848399999999996
1245,0.931,0.014999999999999996,16.356203748576533,5.529657900997321e-06,0.0036560041641895066,0.0028484,0.9527475617787137,0.9806548133259199,0.017848399999999997
1246,0.931,0.015999999999999993,16.701955651370376,5.6662268721872935e-06,0.00377678885276301,0.0028484,0.9537739239910008,0.9772853748376463,0.018848399999999994
1247,0.931,0.016999999999999994,17.09798512138215,5.825328144391394e-06,0.00386889284907065,0.0028484,0.953471132385366,0.9768541712556255,0.019848399999999995
1248,0.931,0.017999999999999995,17.925167211302654,6.1646575638765935e-06,0.00404798851281294,0.0028484,0.9519826953447572,0.9759568875469974,0.020848399999999996
1249,0.931,0.018999999999999993,18.306202333695403,6.323429216427377e-06,0.004144970784022706,0.0028484,0.9517066201456694,0.975056876911583,0.021848399999999994
1250,0.931,0.01999999999999999,18.649477249703036,6.468187635887073e-06,0.004267340819757298,0.0028484,0.9520761254837007,0.9721116927171721,0.02284839999999999
1251,0.931,0.02099999999999999,19.006466400432934,6.62084149827756e-06,0.00437627112274364,0.0028484,0.952010925679813,0.97074000784211,0.023848399999999992
1252,0.931,0.021999999999999992,19.64457101042961,6.899856633026041e-06,0.0046428365299773225,0.0028484,0.9529691484105928,0.9647027778843534,0.024848399999999993
1253,0.931,0.02299999999999999,19.931610216544467,7.027872122720588e-06,0.00479937454123027,0.0028484,0.9538608273147939,0.9602358014805049,0.02584839999999999
1254,0.931,0.023999999999999987,20.207230256046852,7.1525394623814544e-06,0.004962240568742237,0.0028484,0.9547658479376947,0.9559168306082733,0.026848399999999988
1255,0.931,0.024999999999999988,20.48586131013944,7.280422820602975e-06,0.005121461978428,0.0028484,0.9554593815947091,0.9527100426228062,0.02784839999999999
1256,0.931,0.02599999999999999,21.07339821742293,7.555600586705634e-06,0.0054103461818444136,0.0028484,0.9559264940172283,0.949937856925359,0.02884839999999999
1257,0.931,0.02699999999999999,21.339622424751017,7.683049130585667e-06,0.005588503726547698,0.0028484,0.9565320829080005,0.9461218573796907,0.02984839999999999
1258,0.931,0.027999999999999983,21.584982843443264,7.802075295484162e-06,0.005782644062942411,0.0028484,0.9573405341261437,0.9414699503934609,0.030848399999999984
1259,0.931,0.028999999999999984,21.837519460352382,7.926099961783354e-06,0.005959547436324696,0.0028484,0.9578760915962018,0.9390739736846963,0.031848399999999985
1260,0.931,0.029999999999999985,22.36860314686933,8.192445452158962e-06,0.006295749469897978,0.0028484,0.9582672595255455,0.9367223994349599,0.032848399999999986
1261,0.931,0.030999999999999986,22.65062768589949,8.336991175065637e-06,0.006456829837472199,0.0028484,0.9581496492913111,0.9364274322223192,0.03384839999999999
1262,0.931,0.03199999999999998,22.908020475392874,8.470558134882878e-06,0.00664685327046752,0.0028484,0.9583887321291275,0.9341110631605543,0.03484839999999998
1263,0.931,0.03299999999999998,23.156963752064456,8.601004092790363e-06,0.006834743392021607,0.0028484,0.9586329676382896,0.9321692863140182,0.03584839999999998
1264,0.931,0.03399999999999998,25.926955355217615,1.0745810254142451e-05,0.0082539820335727,0.0043148,0.9678111010775611,0.9310275098507628,0.03831479999999998
1265,0.931,0.03499999999999998,27.449610956459562,1.209358321604336e-05,0.00903242840245551,0.0051536,0.97436903264094,0.9310764314821275,0.040153599999999984
1266,0.931,0.035999999999999976,30.693438235390456,1.5389090428540078e-05,0.011163605675759726,0.0079662,0.9845277452281577,0.932338862443037,0.043966199999999976
1267,0.931,0.03699999999999998,31.132624155573986,1.5754798051860895e-05,0.011618056310559623,0.0079662,0.9839026190631632,0.9316613039767235,0.04496619999999998
1268,0.931,0.03799999999999998,34.55181631587403,1.9802049046992716e-05,0.015124560324262484,0.0113062,0.9870299279109988,0.9318394416954899,0.04930619999999998
1269,0.931,0.03899999999999998,35.44950467060422,2.0914668418540877e-05,0.01618077561424685,0.0120824,0.9860868632447161,0.9336098832146318,0.05108239999999998
1270,0.931,0.03999999999999997,35.63093503137276,2.111406716359171e-05,0.016525739723914416,0.0120824,0.9860132468249578,0.9310030757690217,0.05208239999999997
1271,0.931,0.040999999999999974,42.072082891676814,3.1339604318742474e-05,0.025518153980577444,0.018928,0.9856245806514908,0.9319056611999964,0.059927999999999974
1272,0.931,0.041999999999999975,43.68420201183263,3.447659582801905e-05,0.028206855103539916,0.0203723,0.9863841770927371,0.9312891365920758,0.06237229999999998
1273,0.931,0.042999999999999976,44.56149392405203,3.621684204848563e-05,0.029736599581524355,0.0212312,0.9861688190378196,0.9322788132211844,0.06423119999999997
1274,0.931,0.04399999999999998,45.01550548186757,3.701458639036297e-05,0.030440926940019604,0.0212312,0.985454377070152,0.9329539321322712,0.06523119999999998
1275,0.931,0.04499999999999997,45.24285293933789,3.7418976288872966e-05,0.030832213726462273,0.0212312,0.9851273794905642,0.9328136822176961,0.06623119999999996
1276,0.931,0.04599999999999997,45.47862595360728,3.784189440958283e-05,0.03122942022957316,0.0212312,0.9847611242426045,0.9326663574187564,0.06723119999999996
1277,0.931,0.04699999999999997,45.9117631935896,3.862579699184579e-05,0.03210140228068475,0.0212312,0.9842673623589263,0.9311785817320806,0.06823119999999996
1278,0.931,0.047999999999999966,47.62894546635232,4.250732881916501e-05,0.035056473580550924,0.0229781,0.9845264107563705,0.9311619933085814,0.07097809999999996
1279,0.931,0.04899999999999997,50.19423040272832,4.88248065827317e-05,0.03980564657947031,0.0252499,0.9851181889629962,0.9321807537242333,0.07424989999999997
1280,0.932,0.01,13.379586345528399,4.394074368307124e-06,0.0033386169143680374,0.0028484,0.9688432182344582,0.9787760118647355,0.0128484
1281,0.932,0.011,14.031818883476717,4.636762944573607e-06,0.003298267841772142,0.0028484,0.9609279096296571,0.9817069032379813,0.0138484
1282,0.932,0.011999999999999999,14.379112320461317,4.767438155065803e-06,0.003451648393704613,0.0028484,0.9626301123274507,0.9766359141457521,0.014848399999999998
1283,0.932,0.012999999999999998,15.022082581895585,5.012110393756075e-06,0.0034189981506227464,0.0028484,0.955492053297844,0.9797517170062728,0.0158484
1284,0.932,0.013999999999999997,15.87406390865404,5.341693519598116e-06,0.0036228176760949335,0.0028484,0.9551778894357867,0.9782165256530232,0.016848399999999996
1285,0.932,0.014999999999999996,16.356203748576533,5.529657900997321e-06,0.0036560041641895066,0.0028484,0.9527475617787137,0.9806548133259199,0.017848399999999997
1286,0.932,0.015999999999999993,16.701955651370376,5.6662268721872935e-06,0.00377678885276301,0.0028484,0.9537739239910008,0.9772853748376463,0.018848399999999994
1287,0.932,0.016999999999999994,17.09798512138215,5.825328144391394e-06,0.00386889284907065,0.0028484,0.953471132385366,0.9768541712556255,0.019848399999999995
1288,0.932,0.017999999999999995,17.925167211302654,6.1646575638765935e-06,0.00404798851281294,0.0028484,0.9519826953447572,0.9759568875469974,0.020848399999999996
1289,0.932,0.018999999999999993,18.306202333695403,6.323429216427377e-06,0.004144970784022706,0.0028484,0.9517066201456694,0.975056876911583,0.021848399999999994
1290,0.932,0.01999999999999999,18.649477249703036,6.468187635887073e-06,0.004267340819757298,0.0028484,0.9520761254837007,0.9721116927171721,0.02284839999999999
1291,0.932,0.02099999999999999,19.006466400432934,6.62084149827756e-06,0.00437627112274364,0.0028484,0.952010925679813,0.97074000784211,0.023848399999999992
1292,0.932,0.021999999999999992,19.64457101042961,6.899856633026041e-06,0.0046428365299773225,0.0028484,0.9529691484105928,0.9647027778843534,0.024848399999999993
1293,0.932,0.02299999999999999,19.931610216544467,7.027872122720588e-06,0.00479937454123027,0.0028484,0.9538608273147939,0.9602358014805049,0.02584839999999999
1294,0.932,0.023999999999999987,20.207230256046852,7.1525394623814544e-06,0.004962240568742237,0.0028484,0.9547658479376947,0.9559168306082733,0.026848399999999988
1295,0.932,0.024999999999999988,20.48586131013944,7.280422820602975e-06,0.005121461978428,0.0028484,0.9554593815947091,0.9527100426228062,0.02784839999999999
1296,0.932,0.02599999999999999,21.07339821742293,7.555600586705634e-06,0.0054103461818444136,0.0028484,0.9559264940172283,0.949937856925359,0.02884839999999999
1297,0.932,0.02699999999999999,21.339622424751017,7.683049130585667e-06,0.005588503726547698,0.0028484,0.9565320829080005,0.9461218573796907,0.02984839999999999
1298,0.932,0.027999999999999983,21.584982843443264,7.802075295484162e-06,0.005782644062942411,0.0028484,0.9573405341261437,0.9414699503934609,0.030848399999999984
1299,0.932,0.028999999999999984,21.837519460352382,7.926099961783354e-06,0.005959547436324696,0.0028484,0.9578760915962018,0.9390739736846963,0.031848399999999985
1300,0.932,0.029999999999999985,22.36860314686933,8.192445452158962e-06,0.006295749469897978,0.0028484,0.9582672595255455,0.9367223994349599,0.032848399999999986
1301,0.932,0.030999999999999986,22.65062768589949,8.336991175065637e-06,0.006456829837472199,0.0028484,0.9581496492913111,0.9364274322223192,0.03384839999999999
1302,0.932,0.03199999999999998,22.908020475392874,8.470558134882878e-06,0.00664685327046752,0.0028484,0.9583887321291275,0.9341110631605543,0.03484839999999998
1303,0.932,0.03299999999999998,23.156963752064456,8.601004092790363e-06,0.006834743392021607,0.0028484,0.9586329676382896,0.9321692863140182,0.03584839999999998
1304,0.932,0.03399999999999998,29.233074919438952,1.3921080316204182e-05,0.010076212854601306,0.006967,0.980651837514504,0.9328381293092651,0.04096699999999998
1305,0.932,0.03499999999999998,29.48040422842608,1.4110786653733206e-05,0.010273511298978692,0.006967,0.980257105897877,0.9333466888974821,0.041966999999999983
1306,0.932,0.035999999999999976,30.693438235390456,1.5389090428540078e-05,0.011163605675759726,0.0079662,0.9845277452281577,0.932338862443037,0.043966199999999976
1307,0.932,0.03699999999999998,34.797648711013714,2.021017836730782e-05,0.015364098971866344,0.0120824,0.987132543191309,0.9348708932120349,0.04908239999999998
1308,0.932,0.03799999999999998,35.226377429550595,2.0671608821076526e-05,0.015916080839839173,0.0120824,0.9864804759181836,0.933768440358027,0.05008239999999998
1309,0.932,0.03899999999999998,35.44950467060422,2.0914668418540877e-05,0.01618077561424685,0.0120824,0.9860868632447161,0.9336098832146318,0.05108239999999998
1310,0.932,0.03999999999999997,41.85766380982088,3.1008437724937967e-05,0.025141410214555553,0.018928,0.9858650480929647,0.932345207043166,0.05892799999999997
1311,0.932,0.040999999999999974,44.14284902770452,3.549187189658014e-05,0.028987236377022815,0.0212312,0.9866602026787439,0.9322208834564949,0.06223119999999997
1312,0.932,0.041999999999999975,45.08467411016347,3.741261295739965e-05,0.03045552818886893,0.022098,0.9864477870939953,0.9342257157784143,0.06409799999999997
1313,0.932,0.042999999999999976,44.56149392405203,3.621684204848563e-05,0.029736599581524355,0.0212312,0.9861688190378196,0.9322788132211844,0.06423119999999997
1314,0.932,0.04399999999999998,45.01550548186757,3.701458639036297e-05,0.030440926940019604,0.0212312,0.985454377070152,0.9329539321322712,0.06523119999999998
1315,0.932,0.04499999999999997,45.24285293933789,3.7418976288872966e-05,0.030832213726462273,0.0212312,0.9851273794905642,0.9328136822176961,0.06623119999999996
1316,0.932,0.04599999999999997,45.47862595360728,3.784189440958283e-05,0.03122942022957316,0.0212312,0.9847611242426045,0.9326663574187564,0.06723119999999996
1317,0.932,0.04699999999999997,46.667499750338386,4.032548866539153e-05,0.03331387043837633,0.022098,0.9843032960714235,0.9320109980798982,0.06909799999999997
1318,0.932,0.047999999999999966,49.09186672401959,4.613327068832049e-05,0.037591893101597725,0.0244388,0.9851432863031538,0.9323986278838561,0.07243879999999997
1319,0.932,0.04899999999999997,50.19423040272832,4.88248065827317e-05,0.03980564657947031,0.0252499,0.9851181889629962,0.9321807537242333,0.07424989999999997
1320,0.933,0.01,13.379586345528399,4.394074368307124e-06,0.0033386169143680374,0.0028484,0.9688432182344582,0.9787760118647355,0.0128484
1321,0.933,0.011,14.031818883476717,4.636762944573607e-06,0.003298267841772142,0.0028484,0.9609279096296571,0.9817069032379813,0.0138484
1322,0.933,0.011999999999999999,14.379112320461317,4.767438155065803e-06,0.003451648393704613,0.0028484,0.9626301123274507,0.9766359141457521,0.014848399999999998
1323,0.933,0.012999999999999998,15.022082581895585,5.012110393756075e-06,0.0034189981506227464,0.0028484,0.955492053297844,0.9797517170062728,0.0158484
1324,0.933,0.013999999999999997,15.87406390865404,5.341693519598116e-06,0.0036228176760949335,0.0028484,0.9551778894357867,0.9782165256530232,0.016848399999999996
1325,0.933,0.014999999999999996,16.356203748576533,5.529657900997321e-06,0.0036560041641895066,0.0028484,0.9527475617787137,0.9806548133259199,0.017848399999999997
1326,0.933,0.015999999999999993,16.701955651370376,5.6662268721872935e-06,0.00377678885276301,0.0028484,0.9537739239910008,0.9772853748376463,0.018848399999999994
1327,0.933,0.016999999999999994,17.09798512138215,5.825328144391394e-06,0.00386889284907065,0.0028484,0.953471132385366,0.9768541712556255,0.019848399999999995
1328,0.933,0.017999999999999995,17.925167211302654,6.1646575638765935e-06,0.00404798851281294,0.0028484,0.9519826953447572,0.9759568875469974,0.020848399999999996
1329,0.933,0.018999999999999993,18.306202333695403,6.323429216427377e-06,0.004144970784022706,0.0028484,0.9517066201456694,0.975056876911583,0.021848399999999994
1330,0.933,0.01999999999999999,18.649477249703036,6.468187635887073e-06,0.004267340819757298,0.0028484,0.9520761254837007,0.9721116927171721,0.02284839999999999
1331,0.933,0.02099999999999999,19.006466400432934,6.62084149827756e-06,0.00437627112274364,0.0028484,0.952010925679813,0.97074000784211,0.023848399999999992
1332,0.933,0.021999999999999992,19.64457101042961,6.899856633026041e-06,0.0046428365299773225,0.0028484,0.9529691484105928,0.9647027778843534,0.024848399999999993
1333,0.933,0.02299999999999999,19.931610216544467,7.027872122720588e-06,0.00479937454123027,0.0028484,0.9538608273147939,0.9602358014805049,0.02584839999999999
1334,0.933,0.023999999999999987,20.207230256046852,7.1525394623814544e-06,0.004962240568742237,0.0028484,0.9547658479376947,0.9559168306082733,0.026848399999999988
1335,0.933,0.024999999999999988,20.48586131013944,7.280422820602975e-06,0.005121461978428,0.0028484,0.9554593815947091,0.9527100426228062,0.02784839999999999
1336,0.933,0.02599999999999999,21.07339821742293,7.555600586705634e-06,0.0054103461818444136,0.0028484,0.9559264940172283,0.949937856925359,0.02884839999999999
1337,0.933,0.02699999999999999,21.339622424751017,7.683049130585667e-06,0.005588503726547698,0.0028484,0.9565320829080005,0.9461218573796907,0.02984839999999999
1338,0.933,0.027999999999999983,21.584982843443264,7.802075295484162e-06,0.005782644062942411,0.0028484,0.9573405341261437,0.9414699503934609,0.030848399999999984
1339,0.933,0.028999999999999984,21.837519460352382,7.926099961783354e-06,0.005959547436324696,0.0028484,0.9578760915962018,0.9390739736846963,0.031848399999999985
1340,0.933,0.029999999999999985,22.36860314686933,8.192445452158962e-06,0.006295749469897978,0.0028484,0.9582672595255455,0.9367223994349599,0.032848399999999986
1341,0.933,0.030999999999999986,22.65062768589949,8.336991175065637e-06,0.006456829837472199,0.0028484,0.9581496492913111,0.9364274322223192,0.03384839999999999
1342,0.933,0.03199999999999998,22.908020475392874,8.470558134882878e-06,0.00664685327046752,0.0028484,0.9583887321291275,0.9341110631605543,0.03484839999999998
1343,0.933,0.03299999999999998,24.42799818684303,9.629939391996649e-06,0.007298871941438998,0.0036086,0.9667272795523623,0.9336013679613369,0.03660859999999998
1344,0.933,0.03399999999999998,30.259170984234014,1.5034434691533408e-05,0.010713058718731629,0.0079662,0.9850704688473838,0.9330961017537297,0.04196619999999998
1345,0.933,0.03499999999999998,29.48040422842608,1.4110786653733206e-05,0.010273511298978692,0.006967,0.980257105897877,0.9333466888974821,0.041966999999999983
1346,0.933,0.035999999999999976,31.748714290943788,1.6507184590552106e-05,0.012065122667788981,0.0089581,0.985280112689678,0.9333721045946294,0.04495809999999997
1347,0.933,0.03699999999999998,34.797648711013714,2.021017836730782e-05,0.015364098971866344,0.0120824,0.987132543191309,0.9348708932120349,0.04908239999999998
1348,0.933,0.03799999999999998,35.226377429550595,2.0671608821076526e-05,0.015916080839839173,0.0120824,0.9864804759181836,0.933768440358027,0.05008239999999998
1349,0.933,0.03899999999999998,35.44950467060422,2.0914668418540877e-05,0.01618077561424685,0.0120824,0.9860868632447161,0.9336098832146318,0.05108239999999998
1350,0.933,0.03999999999999997,43.96875701653354,3.5193542125487256e-05,0.028540799601930247,0.0212312,0.9866955367568505,0.9334871525458347,0.06123119999999997
1351,0.933,0.040999999999999974,44.875899711748254,3.7039771586263126e-05,0.030071066844543345,0.022098,0.9866819667182812,0.9343403760618368,0.06309799999999997
1352,0.933,0.041999999999999975,45.08467411016347,3.741261295739965e-05,0.03045552818886893,0.022098,0.9864477870939953,0.9342257157784143,0.06409799999999997
1353,0.933,0.042999999999999976,45.33307950085371,3.786016183098655e-05,0.030776028034559682,0.022098,0.9859707829842257,0.9350144810275659,0.06509799999999998
1354,0.933,0.04399999999999998,45.79924255529314,3.871053882061532e-05,0.03156675445337707,0.022098,0.9852834178880172,0.934726529993363,0.06609799999999998
1355,0.933,0.04499999999999997,46.02640765076147,3.912924453720184e-05,0.031988059236425705,0.022098,0.9849852391908832,0.9342399039273178,0.06709799999999996
1356,0.933,0.04599999999999997,46.23421353109892,3.951439525706263e-05,0.03244290383064528,0.022098,0.98479890344197,0.9332334335685042,0.06809799999999996
1357,0.933,0.04699999999999997,49.59638780045919,4.753501599707151e-05,0.0384728001698764,0.0252499,0.9856766345539206,0.9330393887543432,0.07224989999999998
1358,0.933,0.047999999999999966,50.54139112883968,4.995434071702458e-05,0.04018315514420303,0.0260497,0.9858171345347081,0.9339768618224121,0.07404969999999997
1359,0.933,0.04899999999999997,50.97800501357755,5.092856027326116e-05,0.04094342460517025,0.0260497,0.9852088228203916,0.934695580986163,0.07504969999999997
1360,0.934,0.01,13.379586345528399,4.394074368307124e-06,0.0033386169143680374,0.0028484,0.9688432182344582,0.9787760118647355,0.0128484
1361,0.934,0.011,14.031818883476717,4.636762944573607e-06,0.003298267841772142,0.0028484,0.9609279096296571,0.9817069032379813,0.0138484
1362,0.934,0.011999999999999999,14.379112320461317,4.767438155065803e-06,0.003451648393704613,0.0028484,0.9626301123274507,0.9766359141457521,0.014848399999999998
1363,0.934,0.012999999999999998,15.022082581895585,5.012110393756075e-06,0.0034189981506227464,0.0028484,0.955492053297844,0.9797517170062728,0.0158484
1364,0.934,0.013999999999999997,15.87406390865404,5.341693519598116e-06,0.0036228176760949335,0.0028484,0.9551778894357867,0.9782165256530232,0.016848399999999996
1365,0.934,0.014999999999999996,16.356203748576533,5.529657900997321e-06,0.0036560041641895066,0.0028484,0.9527475617787137,0.9806548133259199,0.017848399999999997
1366,0.934,0.015999999999999993,16.701955651370376,5.6662268721872935e-06,0.00377678885276301,0.0028484,0.9537739239910008,0.9772853748376463,0.018848399999999994
1367,0.934,0.016999999999999994,17.09798512138215,5.825328144391394e-06,0.00386889284907065,0.0028484,0.953471132385366,0.9768541712556255,0.019848399999999995
1368,0.934,0.017999999999999995,17.925167211302654,6.1646575638765935e-06,0.00404798851281294,0.0028484,0.9519826953447572,0.9759568875469974,0.020848399999999996
1369,0.934,0.018999999999999993,18.306202333695403,6.323429216427377e-06,0.004144970784022706,0.0028484,0.9517066201456694,0.975056876911583,0.021848399999999994
1370,0.934,0.01999999999999999,18.649477249703036,6.468187635887073e-06,0.004267340819757298,0.0028484,0.9520761254837007,0.9721116927171721,0.02284839999999999
1371,0.934,0.02099999999999999,19.006466400432934,6.62084149827756e-06,0.00437627112274364,0.0028484,0.952010925679813,0.97074000784211,0.023848399999999992
1372,0.934,0.021999999999999992,19.64457101042961,6.899856633026041e-06,0.0046428365299773225,0.0028484,0.9529691484105928,0.9647027778843534,0.024848399999999993
1373,0.934,0.02299999999999999,19.931610216544467,7.027872122720588e-06,0.00479937454123027,0.0028484,0.9538608273147939,0.9602358014805049,0.02584839999999999
1374,0.934,0.023999999999999987,20.207230256046852,7.1525394623814544e-06,0.004962240568742237,0.0028484,0.9547658479376947,0.9559168306082733,0.026848399999999988
1375,0.934,0.024999999999999988,20.48586131013944,7.280422820602975e-06,0.005121461978428,0.0028484,0.9554593815947091,0.9527100426228062,0.02784839999999999
1376,0.934,0.02599999999999999,21.07339821742293,7.555600586705634e-06,0.0054103461818444136,0.0028484,0.9559264940172283,0.949937856925359,0.02884839999999999
1377,0.934,0.02699999999999999,21.339622424751017,7.683049130585667e-06,0.005588503726547698,0.0028484,0.9565320829080005,0.9461218573796907,0.02984839999999999
1378,0.934,0.027999999999999983,21.584982843443264,7.802075295484162e-06,0.005782644062942411,0.0028484,0.9573405341261437,0.9414699503934609,0.030848399999999984
1379,0.934,0.028999999999999984,21.837519460352382,7.926099961783354e-06,0.005959547436324696,0.0028484,0.9578760915962018,0.9390739736846963,0.031848399999999985
1380,0.934,0.029999999999999985,22.36860314686933,8.192445452158962e-06,0.006295749469897978,0.0028484,0.9582672595255455,0.9367223994349599,0.032848399999999986
1381,0.934,0.030999999999999986,22.65062768589949,8.336991175065637e-06,0.006456829837472199,0.0028484,0.9581496492913111,0.9364274322223192,0.03384839999999999
1382,0.934,0.03199999999999998,22.908020475392874,8.470558134882878e-06,0.00664685327046752,0.0028484,0.9583887321291275,0.9341110631605543,0.03484839999999998
1383,0.934,0.03299999999999998,27.990326527195037,1.2730152772316917e-05,0.009194726938734982,0.0060919,0.9774179513556869,0.9344543909041693,0.03909189999999998
1384,0.934,0.03399999999999998,31.10043159591421,1.5945943504836834e-05,0.011350253933241905,0.0089581,0.9861310858104019,0.9353930163998883,0.042958099999999985
1385,0.934,0.03499999999999998,31.306904105357532,1.612281922524741e-05,0.01158956968331851,0.0089581,0.9859243004133941,0.9345776995502404,0.043958099999999986
1386,0.934,0.035999999999999976,34.58046682898726,1.997961726156225e-05,0.01510540485288061,0.0120824,0.987486536432853,0.935015509537654,0.04808239999999998
1387,0.934,0.03699999999999998,34.797648711013714,2.021017836730782e-05,0.015364098971866344,0.0120824,0.987132543191309,0.9348708932120349,0.04908239999999998
1388,0.934,0.03799999999999998,36.734715752149704,2.280438619458586e-05,0.01764898687955211,0.0138858,0.9869000757758505,0.9342679837159258,0.05188579999999998
1389,0.934,0.03899999999999998,36.981351957205014,2.3098883011452048e-05,0.017942703143304834,0.0138858,0.9863926121120932,0.9341003779590876,0.05288579999999998
1390,0.934,0.03999999999999997,45.4289575892334,3.8333489429638074e-05,0.03078533078191443,0.0229781,0.9871837281987248,0.9361511403932127,0.06297809999999998
1391,0.934,0.040999999999999974,44.875899711748254,3.7039771586263126e-05,0.030071066844543345,0.022098,0.9866819667182812,0.9343403760618368,0.06309799999999997
1392,0.934,0.041999999999999975,45.08467411016347,3.741261295739965e-05,0.03045552818886893,0.022098,0.9864477870939953,0.9342257157784143,0.06409799999999997
1393,0.934,0.042999999999999976,45.33307950085371,3.786016183098655e-05,0.030776028034559682,0.022098,0.9859707829842257,0.9350144810275659,0.06509799999999998
1394,0.934,0.04399999999999998,45.79924255529314,3.871053882061532e-05,0.03156675445337707,0.022098,0.9852834178880172,0.934726529993363,0.06609799999999998
1395,0.934,0.04499999999999997,46.02640765076147,3.912924453720184e-05,0.031988059236425705,0.022098,0.9849852391908832,0.9342399039273178,0.06709799999999996
1396,0.934,0.04599999999999997,49.42250178702941,4.7164299613792284e-05,0.03796327546623199,0.0252499,0.9857213908066971,0.9342739083455773,0.07124989999999998
1397,0.934,0.04699999999999997,50.34550497203605,4.9520816588881e-05,0.0397301849186629,0.0260497,0.985985900683002,0.9343442111110823,0.07304969999999997
1398,0.934,0.047999999999999966,51.49256837653647,5.242650503032834e-05,0.041739329398998236,0.0268659,0.9853371685046327,0.9366183076987536,0.07486589999999997
1399,0.934,0.04899999999999997,50.97800501357755,5.092856027326116e-05,0.04094342460517025,0.0260497,0.9852088228203916,0.934695580986163,0.07504969999999997
1400,0.935,0.01,13.379586345528399,4.394074368307124e-06,0.0033386169143680374,0.0028484,0.9688432182344582,0.9787760118647355,0.0128484
1401,0.935,0.011,14.031818883476717,4.636762944573607e-06,0.003298267841772142,0.0028484,0.9609279096296571,0.9817069032379813,0.0138484
1402,0.935,0.011999999999999999,14.379112320461317,4.767438155065803e-06,0.003451648393704613,0.0028484,0.9626301123274507,0.9766359141457521,0.014848399999999998
1403,0.935,0.012999999999999998,15.022082581895585,5.012110393756075e-06,0.0034189981506227464,0.0028484,0.955492053297844,0.9797517170062728,0.0158484
1404,0.935,0.013999999999999997,15.87406390865404,5.341693519598116e-06,0.0036228176760949335,0.0028484,0.9551778894357867,0.9782165256530232,0.016848399999999996
1405,0.935,0.014999999999999996,16.356203748576533,5.529657900997321e-06,0.0036560041641895066,0.0028484,0.9527475617787137,0.9806548133259199,0.017848399999999997
1406,0.935,0.015999999999999993,16.701955651370376,5.6662268721872935e-06,0.00377678885276301,0.0028484,0.9537739239910008,0.9772853748376463,0.018848399999999994
1407,0.935,0.016999999999999994,17.09798512138215,5.825328144391394e-06,0.00386889284907065,0.0028484,0.953471132385366,0.9768541712556255,0.019848399999999995
1408,0.935,0.017999999999999995,17.925167211302654,6.1646575638765935e-06,0.00404798851281294,0.0028484,0.9519826953447572,0.9759568875469974,0.020848399999999996
1409,0.935,0.018999999999999993,18.306202333695403,6.323429216427377e-06,0.004144970784022706,0.0028484,0.9517066201456694,0.975056876911583,0.021848399999999994
1410,0.935,0.01999999999999999,18.649477249703036,6.468187635887073e-06,0.004267340819757298,0.0028484,0.9520761254837007,0.9721116927171721,0.02284839999999999
1411,0.935,0.02099999999999999,19.006466400432934,6.62084149827756e-06,0.00437627112274364,0.0028484,0.952010925679813,0.97074000784211,0.023848399999999992
1412,0.935,0.021999999999999992,19.64457101042961,6.899856633026041e-06,0.0046428365299773225,0.0028484,0.9529691484105928,0.9647027778843534,0.024848399999999993
1413,0.935,0.02299999999999999,19.931610216544467,7.027872122720588e-06,0.00479937454123027,0.0028484,0.9538608273147939,0.9602358014805049,0.02584839999999999
1414,0.935,0.023999999999999987,20.207230256046852,7.1525394623814544e-06,0.004962240568742237,0.0028484,0.9547658479376947,0.9559168306082733,0.026848399999999988
1415,0.935,0.024999999999999988,20.48586131013944,7.280422820602975e-06,0.005121461978428,0.0028484,0.9554593815947091,0.9527100426228062,0.02784839999999999
1416,0.935,0.02599999999999999,21.07339821742293,7.555600586705634e-06,0.0054103461818444136,0.0028484,0.9559264940172283,0.949937856925359,0.02884839999999999
1417,0.935,0.02699999999999999,21.339622424751017,7.683049130585667e-06,0.005588503726547698,0.0028484,0.9565320829080005,0.9461218573796907,0.02984839999999999
1418,0.935,0.027999999999999983,21.584982843443264,7.802075295484162e-06,0.005782644062942411,0.0028484,0.9573405341261437,0.9414699503934609,0.030848399999999984
1419,0.935,0.028999999999999984,21.837519460352382,7.926099961783354e-06,0.005959547436324696,0.0028484,0.9578760915962018,0.9390739736846963,0.031848399999999985
1420,0.935,0.029999999999999985,22.36860314686933,8.192445452158962e-06,0.006295749469897978,0.0028484,0.9582672595255455,0.9367223994349599,0.032848399999999986
1421,0.935,0.030999999999999986,22.65062768589949,8.336991175065637e-06,0.006456829837472199,0.0028484,0.9581496492913111,0.9364274322223192,0.03384839999999999
1422,0.935,0.03199999999999998,24.18076012439595,9.489396809022781e-06,0.00710938433634206,0.0036086,0.9667014036462345,0.9350630606618007,0.035608599999999976
1423,0.935,0.03299999999999998,30.088819980720178,1.4897492339533729e-05,0.010438505686752012,0.0079662,0.9849450237820647,0.9362454154725425,0.04096619999999998
1424,0.935,0.03399999999999998,31.10043159591421,1.5945943504836834e-05,0.011350253933241905,0.0089581,0.9861310858104019,0.9353930163998883,0.042958099999999985
1425,0.935,0.03499999999999998,33.57585217050612,1.8809936179168196e-05,0.013782460459566786,0.0113062,0.9881745351673861,0.9351575046598563,0.046306199999999985
1426,0.935,0.035999999999999976,34.58046682898726,1.997961726156225e-05,0.01510540485288061,0.0120824,0.987486536432853,0.935015509537654,0.04808239999999998
1427,0.935,0.03699999999999998,35.77361702293349,2.1476930595199843e-05,0.016420137249649837,0.0129824,0.9867621004190624,0.9364296303692667,0.049982399999999975
1428,0.935,0.03799999999999998,37.41998395817982,2.3775974844124256e-05,0.018541420248496508,0.0147003,0.9860073110649449,0.9356778534632025,0.05270029999999998
1429,0.935,0.03899999999999998,45.21977475260564,3.79518092652567e-05,0.03039952424026034,0.0229781,0.9874172946509211,0.9362626860982792,0.06197809999999998
1430,0.935,0.03999999999999997,45.4289575892334,3.8333489429638074e-05,0.03078533078191443,0.0229781,0.9871837281987248,0.9361511403932127,0.06297809999999998
1431,0.935,0.040999999999999974,45.679283817031234,3.8794265996098996e-05,0.031105225627863355,0.0229781,0.9867040335795679,0.9369424274366728,0.06397809999999998
1432,0.935,0.041999999999999975,45.9090325908117,3.922060891824049e-05,0.03149885414818469,0.0229781,0.9863805682073342,0.9368047654076491,0.06497809999999998
1433,0.935,0.042999999999999976,45.33307950085371,3.786016183098655e-05,0.030776028034559682,0.022098,0.9859707829842257,0.9350144810275659,0.06509799999999998
1434,0.935,0.04399999999999998,46.58359057826637,4.0490104281336164e-05,0.032778859395616096,0.0229781,0.9855368926160583,0.9351675179576032,0.06697809999999998
1435,0.935,0.04499999999999997,49.02531057364125,4.632428131283205e-05,0.03705835629729665,0.0252499,0.9860654857562655,0.9353445185802728,0.07024989999999998
1436,0.935,0.04599999999999997,50.84159034686584,5.094279491071623e-05,0.04057405890523256,0.0268659,0.986193141988688,0.9358092740642618,0.07286589999999997
1437,0.935,0.04699999999999997,51.0727851590965,5.1466720934439694e-05,0.04092018730903217,0.0268659,0.9858220950192749,0.9365052123051508,0.07386589999999997
1438,0.935,0.047999999999999966,51.49256837653647,5.242650503032834e-05,0.041739329398998236,0.0268659,0.9853371685046327,0.9366183076987536,0.07486589999999997
1439,0.935,0.04899999999999997,51.68467558963811,5.287013353810986e-05,0.04222603901545849,0.0268659,0.9852011162302451,0.9358564779919966,0.07586589999999997
1440,0.936,0.01,13.379586345528399,4.394074368307124e-06,0.0033386169143680374,0.0028484,0.9688432182344582,0.9787760118647355,0.0128484
1441,0.936,0.011,14.031818883476717,4.636762944573607e-06,0.003298267841772142,0.0028484,0.9609279096296571,0.9817069032379813,0.0138484
1442,0.936,0.011999999999999999,14.379112320461317,4.767438155065803e-06,0.003451648393704613,0.0028484,0.9626301123274507,0.9766359141457521,0.014848399999999998
1443,0.936,0.012999999999999998,15.022082581895585,5.012110393756075e-06,0.0034189981506227464,0.0028484,0.955492053297844,0.9797517170062728,0.0158484
1444,0.936,0.013999999999999997,15.87406390865404,5.341693519598116e-06,0.0036228176760949335,0.0028484,0.9551778894357867,0.9782165256530232,0.016848399999999996
1445,0.936,0.014999999999999996,16.356203748576533,5.529657900997321e-06,0.0036560041641895066,0.0028484,0.9527475617787137,0.9806548133259199,0.017848399999999997
1446,0.936,0.015999999999999993,16.701955651370376,5.6662268721872935e-06,0.00377678885276301,0.0028484,0.9537739239910008,0.9772853748376463,0.018848399999999994
1447,0.936,0.016999999999999994,17.09798512138215,5.825328144391394e-06,0.00386889284907065,0.0028484,0.953471132385366,0.9768541712556255,0.019848399999999995
1448,0.936,0.017999999999999995,17.925167211302654,6.1646575638765935e-06,0.00404798851281294,0.0028484,0.9519826953447572,0.9759568875469974,0.020848399999999996
1449,0.936,0.018999999999999993,18.306202333695403,6.323429216427377e-06,0.004144970784022706,0.0028484,0.9517066201456694,0.975056876911583,0.021848399999999994
1450,0.936,0.01999999999999999,18.649477249703036,6.468187635887073e-06,0.004267340819757298,0.0028484,0.9520761254837007,0.9721116927171721,0.02284839999999999
1451,0.936,0.02099999999999999,19.006466400432934,6.62084149827756e-06,0.00437627112274364,0.0028484,0.952010925679813,0.97074000784211,0.023848399999999992
1452,0.936,0.021999999999999992,19.64457101042961,6.899856633026041e-06,0.0046428365299773225,0.0028484,0.9529691484105928,0.9647027778843534,0.024848399999999993
1453,0.936,0.02299999999999999,19.931610216544467,7.027872122720588e-06,0.00479937454123027,0.0028484,0.9538608273147939,0.9602358014805049,0.02584839999999999
1454,0.936,0.023999999999999987,20.207230256046852,7.1525394623814544e-06,0.004962240568742237,0.0028484,0.9547658479376947,0.9559168306082733,0.026848399999999988
1455,0.936,0.024999999999999988,20.48586131013944,7.280422820602975e-06,0.005121461978428,0.0028484,0.9554593815947091,0.9527100426228062,0.02784839999999999
1456,0.936,0.02599999999999999,21.07339821742293,7.555600586705634e-06,0.0054103461818444136,0.0028484,0.9559264940172283,0.949937856925359,0.02884839999999999
1457,0.936,0.02699999999999999,21.339622424751017,7.683049130585667e-06,0.005588503726547698,0.0028484,0.9565320829080005,0.9461218573796907,0.02984839999999999
1458,0.936,0.027999999999999983,21.584982843443264,7.802075295484162e-06,0.005782644062942411,0.0028484,0.9573405341261437,0.9414699503934609,0.030848399999999984
1459,0.936,0.028999999999999984,21.837519460352382,7.926099961783354e-06,0.005959547436324696,0.0028484,0.9578760915962018,0.9390739736846963,0.031848399999999985
1460,0.936,0.029999999999999985,22.36860314686933,8.192445452158962e-06,0.006295749469897978,0.0028484,0.9582672595255455,0.9367223994349599,0.032848399999999986
1461,0.936,0.030999999999999986,22.65062768589949,8.336991175065637e-06,0.006456829837472199,0.0028484,0.9581496492913111,0.9364274322223192,0.03384839999999999
1462,0.936,0.03199999999999998,25.166419267126063,1.0274577748821681e-05,0.00761954489838417,0.0043148,0.9678383918714559,0.9365173968799748,0.03631479999999998
1463,0.936,0.03299999999999998,30.088819980720178,1.4897492339533729e-05,0.010438505686752012,0.0079662,0.9849450237820647,0.9362454154725425,0.04096619999999998
1464,0.936,0.03399999999999998,31.975232934348753,1.6945907067401717e-05,0.011989680474041078,0.0098116,0.9875721135641833,0.9374051724090637,0.04381159999999998
1465,0.936,0.03499999999999998,35.1176139225539,2.0748220263135922e-05,0.015599655031937124,0.0129824,0.9877922499459638,0.9377073780427442,0.04798239999999998
1466,0.936,0.035999999999999976,35.32163820675386,2.0972932511805904e-05,0.015894173911017034,0.0129824,0.9875607574059772,0.9366109910551033,0.048982399999999975
1467,0.936,0.03699999999999998,35.77361702293349,2.1476930595199843e-05,0.016420137249649837,0.0129824,0.9867621004190624,0.9364296303692667,0.049982399999999975
1468,0.936,0.03799999999999998,42.7409681780841,3.292269908478433e-05,0.026123286643533028,0.0203723,0.9869640187816908,0.936133982153118,0.058372299999999974
1469,0.936,0.03899999999999998,45.21977475260564,3.79518092652567e-05,0.03039952424026034,0.0229781,0.9874172946509211,0.9362626860982792,0.06197809999999998
1470,0.936,0.03999999999999997,45.4289575892334,3.8333489429638074e-05,0.03078533078191443,0.0229781,0.9871837281987248,0.9361511403932127,0.06297809999999998
1471,0.936,0.040999999999999974,45.679283817031234,3.8794265996098996e-05,0.031105225627863355,0.0229781,0.9867040335795679,0.9369424274366728,0.06397809999999998
1472,0.936,0.041999999999999975,45.9090325908117,3.922060891824049e-05,0.03149885414818469,0.0229781,0.9863805682073342,0.9368047654076491,0.06497809999999998
1473,0.936,0.042999999999999976,46.147653766381545,3.9667116530439606e-05,0.03189833514267599,0.0229781,0.9860174611913152,0.9366603299308836,0.06597809999999998
1474,0.936,0.04399999999999998,50.240694424566286,4.959606867070508e-05,0.03923228088953373,0.0268659,0.9867380406276105,0.936678874226447,0.07086589999999998
1475,0.936,0.04499999999999997,50.43987617310185,5.003991398858723e-05,0.039685331501107805,0.0268659,0.9865656091275583,0.9363157221530023,0.07186589999999997
1476,0.936,0.04599999999999997,51.634497194721554,5.3136704245293084e-05,0.04171458720925301,0.0276471,0.986299893616738,0.9382275896372364,0.07364709999999997
1477,0.936,0.04699999999999997,51.0727851590965,5.1466720934439694e-05,0.04092018730903217,0.0268659,0.9858220950192749,0.9365052123051508,0.07386589999999997
1478,0.936,0.047999999999999966,51.49256837653647,5.242650503032834e-05,0.041739329398998236,0.0268659,0.9853371685046327,0.9366183076987536,0.07486589999999997
1479,0.936,0.04899999999999997,52.48826558147015,5.515379571848123e-05,0.043442370681424806,0.0276471,0.9852953313693305,0.9377256685817229,0.07664709999999997
1480,0.937,0.01,13.379586345528399,4.394074368307124e-06,0.0033386169143680374,0.0028484,0.9688432182344582,0.9787760118647355,0.0128484
1481,0.937,0.011,14.031818883476717,4.636762944573607e-06,0.003298267841772142,0.0028484,0.9609279096296571,0.9817069032379813,0.0138484
1482,0.937,0.011999999999999999,14.379112320461317,4.767438155065803e-06,0.003451648393704613,0.0028484,0.9626301123274507,0.9766359141457521,0.014848399999999998
1483,0.937,0.012999999999999998,15.022082581895585,5.012110393756075e-06,0.0034189981506227464,0.0028484,0.955492053297844,0.9797517170062728,0.0158484
1484,0.937,0.013999999999999997,15.87406390865404,5.341693519598116e-06,0.0036228176760949335,0.0028484,0.9551778894357867,0.9782165256530232,0.016848399999999996
1485,0.937,0.014999999999999996,16.356203748576533,5.529657900997321e-06,0.0036560041641895066,0.0028484,0.9527475617787137,0.9806548133259199,0.017848399999999997
1486,0.937,0.015999999999999993,16.701955651370376,5.6662268721872935e-06,0.00377678885276301,0.0028484,0.9537739239910008,0.9772853748376463,0.018848399999999994
1487,0.937,0.016999999999999994,17.09798512138215,5.825328144391394e-06,0.00386889284907065,0.0028484,0.953471132385366,0.9768541712556255,0.019848399999999995
1488,0.937,0.017999999999999995,17.925167211302654,6.1646575638765935e-06,0.00404798851281294,0.0028484,0.9519826953447572,0.9759568875469974,0.020848399999999996
1489,0.937,0.018999999999999993,18.306202333695403,6.323429216427377e-06,0.004144970784022706,0.0028484,0.9517066201456694,0.975056876911583,0.021848399999999994
1490,0.937,0.01999999999999999,18.649477249703036,6.468187635887073e-06,0.004267340819757298,0.0028484,0.9520761254837007,0.9721116927171721,0.02284839999999999
1491,0.937,0.02099999999999999,19.006466400432934,6.62084149827756e-06,0.00437627112274364,0.0028484,0.952010925679813,0.97074000784211,0.023848399999999992
1492,0.937,0.021999999999999992,19.64457101042961,6.899856633026041e-06,0.0046428365299773225,0.0028484,0.9529691484105928,0.9647027778843534,0.024848399999999993
1493,0.937,0.02299999999999999,19.931610216544467,7.027872122720588e-06,0.00479937454123027,0.0028484,0.9538608273147939,0.9602358014805049,0.02584839999999999
1494,0.937,0.023999999999999987,20.207230256046852,7.1525394623814544e-06,0.004962240568742237,0.0028484,0.9547658479376947,0.9559168306082733,0.026848399999999988
1495,0.937,0.024999999999999988,20.48586131013944,7.280422820602975e-06,0.005121461978428,0.0028484,0.9554593815947091,0.9527100426228062,0.02784839999999999
1496,0.937,0.02599999999999999,21.07339821742293,7.555600586705634e-06,0.0054103461818444136,0.0028484,0.9559264940172283,0.949937856925359,0.02884839999999999
1497,0.937,0.02699999999999999,21.339622424751017,7.683049130585667e-06,0.005588503726547698,0.0028484,0.9565320829080005,0.9461218573796907,0.02984839999999999
1498,0.937,0.027999999999999983,21.584982843443264,7.802075295484162e-06,0.005782644062942411,0.0028484,0.9573405341261437,0.9414699503934609,0.030848399999999984
1499,0.937,0.028999999999999984,21.837519460352382,7.926099961783354e-06,0.005959547436324696,0.0028484,0.9578760915962018,0.9390739736846963,0.031848399999999985
1500,0.937,0.029999999999999985,24.653060990762302,9.966671159484655e-06,0.007248782271707531,0.0043148,0.9678763196348953,0.9383682314920995,0.034314799999999986
1501,0.937,0.030999999999999986,27.21556233112528,1.2184310879000303e-05,0.008548982542028256,0.0060919,0.97838044812106,0.9372913786296315,0.03709189999999998
1502,0.937,0.03199999999999998,28.554444581392612,1.3408675296574227e-05,0.009354501678584284,0.006967,0.9809766858540477,0.9375309512244759,0.03896699999999998
1503,0.937,0.03299999999999998,31.743747221420474,1.6738699784813685e-05,0.011770920612687143,0.0098116,0.988015901975552,0.9372493583688033,0.04281159999999998
1504,0.937,0.03399999999999998,31.975232934348753,1.6945907067401717e-05,0.011989680474041078,0.0098116,0.9875721135641833,0.9374051724090637,0.04381159999999998
1505,0.937,0.03499999999999998,35.1176139225539,2.0748220263135922e-05,0.015599655031937124,0.0129824,0.9877922499459638,0.9377073780427442,0.04798239999999998
1506,0.937,0.035999999999999976,36.113896295442885,2.207602742445543e-05,0.016657443827842646,0.0138858,0.9875868604342531,0.9390792776402973,0.04988579999999998
1507,0.937,0.03699999999999998,44.626088440982535,3.688218865130146e-05,0.029192599491065434,0.0229781,0.9879277409773753,0.9374599602030921,0.05997809999999998
1508,0.937,0.03799999999999998,45.53895599910636,3.880961847479129e-05,0.030731848832464822,0.0236753,0.9879746546305123,0.9381393040450857,0.061675299999999975
1509,0.937,0.03899999999999998,45.748850078505775,3.920051827575312e-05,0.03111894564532901,0.0236753,0.9877431801875172,0.9380310376241353,0.06267529999999998
1510,0.937,0.03999999999999997,46.00141830858542,3.967501876089349e-05,0.031438118106166583,0.0236753,0.9872617071094338,0.9388249720051175,0.06367529999999998
1511,0.937,0.040999999999999974,46.472593062431166,4.0571178955227564e-05,0.03223349141675622,0.0236753,0.9865783453294487,0.9385490836106883,0.06467529999999998
1512,0.937,0.041999999999999975,46.70170338933325,4.101143711075163e-05,0.032658257064506147,0.0236753,0.9862841376730266,0.938065429248334,0.06567529999999998
1513,0.937,0.042999999999999976,46.91003785398183,4.141398446600858e-05,0.03311834067826127,0.0236753,0.9861044594331596,0.9370568480411311,0.06667529999999998
1514,0.937,0.04399999999999998,50.996477303391856,5.1662172260976006e-05,0.040498406954713975,0.0276471,0.9870723257935371,0.9378891099280454,0.07164709999999998
1515,0.937,0.04499999999999997,51.19304950096593,5.2113918712190085e-05,0.0409546572545299,0.0276471,0.9869076616647571,0.9375184446535675,0.07264709999999996
1516,0.937,0.04599999999999997,51.634497194721554,5.3136704245293084e-05,0.04171458720925301,0.0276471,0.986299893616738,0.9382275896372364,0.07364709999999997
1517,0.937,0.04699999999999997,51.84649968806531,5.3632339436273045e-05,0.042120367882973554,0.0276471,0.986048512349633,0.9383242197959608,0.07464709999999997
1518,0.937,0.047999999999999966,52.260639866331424,5.461100222824109e-05,0.043035474780445095,0.0276471,0.9856203330198816,0.9375553909042814,0.07564709999999997
1519,0.937,0.04899999999999997,52.48826558147015,5.515379571848123e-05,0.043442370681424806,0.0276471,0.9852953313693305,0.9377256685817229,0.07664709999999997
1520,0.9380000000000001,0.01,13.379586345528399,4.394074368307124e-06,0.0033386169143680374,0.0028484,0.9688432182344582,0.9787760118647355,0.0128484
1521,0.9380000000000001,0.011,14.031818883476717,4.636762944573607e-06,0.003298267841772142,0.0028484,0.9609279096296571,0.9817069032379813,0.0138484
1522,0.9380000000000001,0.011999999999999999,14.379112320461317,4.767438155065803e-06,0.003451648393704613,0.0028484,0.9626301123274507,0.9766359141457521,0.014848399999999998
1523,0.9380000000000001,0.012999999999999998,15.022082581895585,5.012110393756075e-06,0.0034189981506227464,0.0028484,0.955492053297844,0.9797517170062728,0.0158484
1524,0.9380000000000001,0.013999999999999997,15.87406390865404,5.341693519598116e-06,0.0036228176760949335,0.0028484,0.9551778894357867,0.9782165256530232,0.016848399999999996
1525,0.9380000000000001,0.014999999999999996,16.356203748576533,5.529657900997321e-06,0.0036560041641895066,0.0028484,0.9527475617787137,0.9806548133259199,0.017848399999999997
1526,0.9380000000000001,0.015999999999999993,16.701955651370376,5.6662268721872935e-06,0.00377678885276301,0.0028484,0.9537739239910008,0.9772853748376463,0.018848399999999994
1527,0.9380000000000001,0.016999999999999994,17.09798512138215,5.825328144391394e-06,0.00386889284907065,0.0028484,0.953471132385366,0.9768541712556255,0.019848399999999995
1528,0.9380000000000001,0.017999999999999995,17.925167211302654,6.1646575638765935e-06,0.00404798851281294,0.0028484,0.9519826953447572,0.9759568875469974,0.020848399999999996
1529,0.9380000000000001,0.018999999999999993,18.306202333695403,6.323429216427377e-06,0.004144970784022706,0.0028484,0.9517066201456694,0.975056876911583,0.021848399999999994
1530,0.9380000000000001,0.01999999999999999,18.649477249703036,6.468187635887073e-06,0.004267340819757298,0.0028484,0.9520761254837007,0.9721116927171721,0.02284839999999999
1531,0.9380000000000001,0.02099999999999999,19.006466400432934,6.62084149827756e-06,0.00437627112274364,0.0028484,0.952010925679813,0.97074000784211,0.023848399999999992
1532,0.9380000000000001,0.021999999999999992,19.64457101042961,6.899856633026041e-06,0.0046428365299773225,0.0028484,0.9529691484105928,0.9647027778843534,0.024848399999999993
1533,0.9380000000000001,0.02299999999999999,19.931610216544467,7.027872122720588e-06,0.00479937454123027,0.0028484,0.9538608273147939,0.9602358014805049,0.02584839999999999
1534,0.9380000000000001,0.023999999999999987,20.207230256046852,7.1525394623814544e-06,0.004962240568742237,0.0028484,0.9547658479376947,0.9559168306082733,0.026848399999999988
1535,0.9380000000000001,0.024999999999999988,20.48586131013944,7.280422820602975e-06,0.005121461978428,0.0028484,0.9554593815947091,0.9527100426228062,0.02784839999999999
1536,0.9380000000000001,0.02599999999999999,21.07339821742293,7.555600586705634e-06,0.0054103461818444136,0.0028484,0.9559264940172283,0.949937856925359,0.02884839999999999
1537,0.9380000000000001,0.02699999999999999,21.339622424751017,7.683049130585667e-06,0.005588503726547698,0.0028484,0.9565320829080005,0.9461218573796907,0.02984839999999999
1538,0.9380000000000001,0.027999999999999983,21.584982843443264,7.802075295484162e-06,0.005782644062942411,0.0028484,0.9573405341261437,0.9414699503934609,0.030848399999999984
1539,0.9380000000000001,0.028999999999999984,21.837519460352382,7.926099961783354e-06,0.005959547436324696,0.0028484,0.9578760915962018,0.9390739736846963,0.031848399999999985
1540,0.9380000000000001,0.029999999999999985,24.653060990762302,9.966671159484655e-06,0.007248782271707531,0.0043148,0.9678763196348953,0.9383682314920995,0.034314799999999986
1541,0.9380000000000001,0.030999999999999986,30.501385471902328,1.5441851996134122e-05,0.01061845182497217,0.0089581,0.986555168179742,0.9393009363881606,0.03995809999999998
1542,0.9380000000000001,0.03199999999999998,31.539557384032474,1.655782529129213e-05,0.011529589317447271,0.0098116,0.9882422705355789,0.9380512888239344,0.04181159999999998
1543,0.9380000000000001,0.03299999999999998,32.50870182362153,1.761123816564965e-05,0.012447964655485902,0.0106093,0.9881254579572755,0.9389191002982284,0.04360929999999998
1544,0.9380000000000001,0.03399999999999998,35.659123572987895,2.1554938422720313e-05,0.016129711082038145,0.0138858,0.9883833644712021,0.9392613876748633,0.04788579999999998
1545,0.9380000000000001,0.03499999999999998,35.88774144989323,2.1815858785079417e-05,0.016390864268125426,0.0138858,0.9879746628009596,0.9392450039996202,0.04888579999999998
1546,0.9380000000000001,0.035999999999999976,36.113896295442885,2.207602742445543e-05,0.016657443827842646,0.0138858,0.9875868604342531,0.9390792776402973,0.04988579999999998
1547,0.9380000000000001,0.03699999999999998,46.08575669626279,4.012472508492015e-05,0.03145663477452644,0.0244388,0.9884082999146346,0.9398916689257294,0.061438799999999974
1548,0.9380000000000001,0.03799999999999998,45.53895599910636,3.880961847479129e-05,0.030731848832464822,0.0236753,0.9879746546305123,0.9381393040450857,0.061675299999999975
1549,0.9380000000000001,0.03899999999999998,45.748850078505775,3.920051827575312e-05,0.03111894564532901,0.0236753,0.9877431801875172,0.9380310376241353,0.06267529999999998
1550,0.9380000000000001,0.03999999999999997,46.00141830858542,3.967501876089349e-05,0.031438118106166583,0.0236753,0.9872617071094338,0.9388249720051175,0.06367529999999998
1551,0.9380000000000001,0.040999999999999974,46.472593062431166,4.0571178955227564e-05,0.03223349141675622,0.0236753,0.9865783453294487,0.9385490836106883,0.06467529999999998
1552,0.9380000000000001,0.041999999999999975,46.70170338933325,4.101143711075163e-05,0.032658257064506147,0.0236753,0.9862841376730266,0.938065429248334,0.06567529999999998
1553,0.9380000000000001,0.042999999999999976,50.79105862412353,5.1192729343556395e-05,0.04006297260636106,0.0276471,0.987280161888684,0.9380243269079148,0.07064709999999998
1554,0.9380000000000001,0.04399999999999998,51.7331389996365,5.369593976789397e-05,0.04169415947170341,0.0284199,0.9869410657542738,0.9399685430776422,0.07241989999999998
1555,0.9380000000000001,0.04499999999999997,52.15622663954052,5.4700043843975645e-05,0.0425155453564463,0.0284199,0.9864594330066326,0.9400738408552777,0.07341989999999997
1556,0.9380000000000001,0.04599999999999997,51.634497194721554,5.3136704245293084e-05,0.04171458720925301,0.0276471,0.986299893616738,0.9382275896372364,0.07364709999999997
1557,0.9380000000000001,0.04699999999999997,51.84649968806531,5.3632339436273045e-05,0.042120367882973554,0.0276471,0.986048512349633,0.9383242197959608,0.07464709999999997
1558,0.9380000000000001,0.047999999999999966,53.00664323561192,5.675724901917993e-05,0.044281536217222535,0.0284199,0.9855057200939239,0.9392193168834035,0.07641989999999997
1559,0.9380000000000001,0.04899999999999997,53.00664323561192,5.675724901917993e-05,0.044281536217222535,0.0284199,0.9855057200939239,0.9392193168834035,0.07741989999999997
1560,0.9390000000000001,0.01,13.379586345528399,4.394074368307124e-06,0.0033386169143680374,0.0028484,0.9688432182344582,0.9787760118647355,0.0128484
1561,0.9390000000000001,0.011,14.031818883476717,4.636762944573607e-06,0.003298267841772142,0.0028484,0.9609279096296571,0.9817069032379813,0.0138484
1562,0.9390000000000001,0.011999999999999999,14.379112320461317,4.767438155065803e-06,0.003451648393704613,0.0028484,0.9626301123274507,0.9766359141457521,0.014848399999999998
1563,0.9390000000000001,0.012999999999999998,15.022082581895585,5.012110393756075e-06,0.0034189981506227464,0.0028484,0.955492053297844,0.9797517170062728,0.0158484
1564,0.9390000000000001,0.013999999999999997,15.87406390865404,5.341693519598116e-06,0.0036228176760949335,0.0028484,0.9551778894357867,0.9782165256530232,0.016848399999999996
1565,0.9390000000000001,0.014999999999999996,16.356203748576533,5.529657900997321e-06,0.0036560041641895066,0.0028484,0.9527475617787137,0.9806548133259199,0.017848399999999997
1566,0.9390000000000001,0.015999999999999993,16.701955651370376,5.6662268721872935e-06,0.00377678885276301,0.0028484,0.9537739239910008,0.9772853748376463,0.018848399999999994
1567,0.9390000000000001,0.016999999999999994,17.09798512138215,5.825328144391394e-06,0.00386889284907065,0.0028484,0.953471132385366,0.9768541712556255,0.019848399999999995
1568,0.9390000000000001,0.017999999999999995,17.925167211302654,6.1646575638765935e-06,0.00404798851281294,0.0028484,0.9519826953447572,0.9759568875469974,0.020848399999999996
1569,0.9390000000000001,0.018999999999999993,18.306202333695403,6.323429216427377e-06,0.004144970784022706,0.0028484,0.9517066201456694,0.975056876911583,0.021848399999999994
1570,0.9390000000000001,0.01999999999999999,18.649477249703036,6.468187635887073e-06,0.004267340819757298,0.0028484,0.9520761254837007,0.9721116927171721,0.02284839999999999
1571,0.9390000000000001,0.02099999999999999,19.006466400432934,6.62084149827756e-06,0.00437627112274364,0.0028484,0.952010925679813,0.97074000784211,0.023848399999999992
1572,0.9390000000000001,0.021999999999999992,19.64457101042961,6.899856633026041e-06,0.0046428365299773225,0.0028484,0.9529691484105928,0.9647027778843534,0.024848399999999993
1573,0.9390000000000001,0.02299999999999999,19.931610216544467,7.027872122720588e-06,0.00479937454123027,0.0028484,0.9538608273147939,0.9602358014805049,0.02584839999999999
1574,0.9390000000000001,0.023999999999999987,20.207230256046852,7.1525394623814544e-06,0.004962240568742237,0.0028484,0.9547658479376947,0.9559168306082733,0.026848399999999988
1575,0.9390000000000001,0.024999999999999988,20.48586131013944,7.280422820602975e-06,0.005121461978428,0.0028484,0.9554593815947091,0.9527100426228062,0.02784839999999999
1576,0.9390000000000001,0.02599999999999999,21.07339821742293,7.555600586705634e-06,0.0054103461818444136,0.0028484,0.9559264940172283,0.949937856925359,0.02884839999999999
1577,0.9390000000000001,0.02699999999999999,21.339622424751017,7.683049130585667e-06,0.005588503726547698,0.0028484,0.9565320829080005,0.9461218573796907,0.02984839999999999
1578,0.9390000000000001,0.027999999999999983,21.584982843443264,7.802075295484162e-06,0.005782644062942411,0.0028484,0.9573405341261437,0.9414699503934609,0.030848399999999984
1579,0.9390000000000001,0.028999999999999984,21.837519460352382,7.926099961783354e-06,0.005959547436324696,0.0028484,0.9578760915962018,0.9390739736846963,0.031848399999999985
1580,0.9390000000000001,0.029999999999999985,25.671476339055562,1.0921051555343412e-05,0.007568035623006904,0.0051536,0.9759210591472434,0.9396555595430732,0.035153599999999986
1581,0.9390000000000001,0.030999999999999986,30.501385471902328,1.5441851996134122e-05,0.01061845182497217,0.0089581,0.986555168179742,0.9393009363881606,0.03995809999999998
1582,0.9390000000000001,0.03199999999999998,32.300653564869044,1.741743279189738e-05,0.01218558093971928,0.0106093,0.9883545660800492,0.9402599517854975,0.04260929999999998
1583,0.9390000000000001,0.03299999999999998,35.23524661015929,2.1077422725427076e-05,0.015572328929567471,0.0138858,0.9889589124920134,0.9405067315048046,0.04688579999999998
1584,0.9390000000000001,0.03399999999999998,35.659123572987895,2.1554938422720313e-05,0.016129711082038145,0.0138858,0.9883833644712021,0.9392613876748633,0.04788579999999998
1585,0.9390000000000001,0.03499999999999998,35.88774144989323,2.1815858785079417e-05,0.016390864268125426,0.0138858,0.9879746628009596,0.9392450039996202,0.04888579999999998
1586,0.9390000000000001,0.035999999999999976,36.113896295442885,2.207602742445543e-05,0.016657443827842646,0.0138858,0.9875868604342531,0.9390792776402973,0.04988579999999998
1587,0.9390000000000001,0.03699999999999998,46.08575669626279,4.012472508492015e-05,0.03145663477452644,0.0244388,0.9884082999146346,0.9398916689257294,0.061438799999999974
1588,0.9390000000000001,0.03799999999999998,46.3404165457361,4.0613137171612054e-05,0.03177496554636201,0.0244388,0.987923796850271,0.9406890052024351,0.062438799999999975
1589,0.9390000000000001,0.03899999999999998,46.57252058490065,4.1061884099605244e-05,0.03217086977689449,0.0244388,0.9876024364333273,0.9405583005040453,0.06343879999999998
1590,0.9390000000000001,0.03999999999999997,46.813975336862335,4.153257253913686e-05,0.0325725453356985,0.0244388,0.987241079988769,0.9404210096384674,0.06443879999999998
1591,0.9390000000000001,0.040999999999999974,48.01843362024617,4.423563932603531e-05,0.03470017807786359,0.0252499,0.9868446150104839,0.9396012036184057,0.06624989999999997
1592,0.9390000000000001,0.041999999999999975,51.301606447567046,5.26832821487691e-05,0.04089214472443249,0.0284199,0.9874763165794384,0.9396491711414324,0.07041989999999998
1593,0.9390000000000001,0.042999999999999976,51.49874116574472,5.314454373990797e-05,0.04134995864010221,0.0284199,0.9873148032711876,0.9392765256838288,0.07141989999999998
1594,0.9390000000000001,0.04399999999999998,51.7331389996365,5.369593976789397e-05,0.04169415947170341,0.0284199,0.9869410657542738,0.9399685430776422,0.07241989999999998
1595,0.9390000000000001,0.04499999999999997,52.15622663954052,5.4700043843975645e-05,0.0425155453564463,0.0284199,0.9864594330066326,0.9400738408552777,0.07341989999999997
1596,0.9390000000000001,0.04599999999999997,52.34858193171513,5.516108904478052e-05,0.04300671956844021,0.0284199,0.9863281106738228,0.9393050617081776,0.07441989999999997
1597,0.9390000000000001,0.04699999999999997,52.57210116592225,5.570058663411704e-05,0.043433388012437915,0.0284199,0.9860366786962428,0.9392984967490347,0.07541989999999997
1598,0.9390000000000001,0.047999999999999966,53.00664323561192,5.675724901917993e-05,0.044281536217222535,0.0284199,0.9855057200939239,0.9392193168834035,0.07641989999999997
1599,0.9390000000000001,0.04899999999999997,53.00664323561192,5.675724901917993e-05,0.044281536217222535,0.0284199,0.9855057200939239,0.9392193168834035,0.07741989999999997
1600,0.9400000000000001,0.01,13.379586345528399,4.394074368307124e-06,0.0033386169143680374,0.0028484,0.9688432182344582,0.9787760118647355,0.0128484
1601,0.9400000000000001,0.011,14.031818883476717,4.636762944573607e-06,0.003298267841772142,0.0028484,0.9609279096296571,0.9817069032379813,0.0138484
1602,0.9400000000000001,0.011999999999999999,14.379112320461317,4.767438155065803e-06,0.003451648393704613,0.0028484,0.9626301123274507,0.9766359141457521,0.014848399999999998
1603,0.9400000000000001,0.012999999999999998,15.022082581895585,5.012110393756075e-06,0.0034189981506227464,0.0028484,0.955492053297844,0.9797517170062728,0.0158484
1604,0.9400000000000001,0.013999999999999997,15.87406390865404,5.341693519598116e-06,0.0036228176760949335,0.0028484,0.9551778894357867,0.9782165256530232,0.016848399999999996
1605,0.9400000000000001,0.014999999999999996,16.356203748576533,5.529657900997321e-06,0.0036560041641895066,0.0028484,0.9527475617787137,0.9806548133259199,0.017848399999999997
1606,0.9400000000000001,0.015999999999999993,16.701955651370376,5.6662268721872935e-06,0.00377678885276301,0.0028484,0.9537739239910008,0.9772853748376463,0.018848399999999994
1607,0.9400000000000001,0.016999999999999994,17.09798512138215,5.825328144391394e-06,0.00386889284907065,0.0028484,0.953471132385366,0.9768541712556255,0.019848399999999995
1608,0.9400000000000001,0.017999999999999995,17.925167211302654,6.1646575638765935e-06,0.00404798851281294,0.0028484,0.9519826953447572,0.9759568875469974,0.020848399999999996
1609,0.9400000000000001,0.018999999999999993,18.306202333695403,6.323429216427377e-06,0.004144970784022706,0.0028484,0.9517066201456694,0.975056876911583,0.021848399999999994
1610,0.9400000000000001,0.01999999999999999,18.649477249703036,6.468187635887073e-06,0.004267340819757298,0.0028484,0.9520761254837007,0.9721116927171721,0.02284839999999999
1611,0.9400000000000001,0.02099999999999999,19.006466400432934,6.62084149827756e-06,0.00437627112274364,0.0028484,0.952010925679813,0.97074000784211,0.023848399999999992
1612,0.9400000000000001,0.021999999999999992,19.64457101042961,6.899856633026041e-06,0.0046428365299773225,0.0028484,0.9529691484105928,0.9647027778843534,0.024848399999999993
1613,0.9400000000000001,0.02299999999999999,19.931610216544467,7.027872122720588e-06,0.00479937454123027,0.0028484,0.9538608273147939,0.9602358014805049,0.02584839999999999
1614,0.9400000000000001,0.023999999999999987,20.207230256046852,7.1525394623814544e-06,0.004962240568742237,0.0028484,0.9547658479376947,0.9559168306082733,0.026848399999999988
1615,0.9400000000000001,0.024999999999999988,20.48586131013944,7.280422820602975e-06,0.005121461978428,0.0028484,0.9554593815947091,0.9527100426228062,0.02784839999999999
1616,0.9400000000000001,0.02599999999999999,21.07339821742293,7.555600586705634e-06,0.0054103461818444136,0.0028484,0.9559264940172283,0.949937856925359,0.02884839999999999
1617,0.9400000000000001,0.02699999999999999,21.339622424751017,7.683049130585667e-06,0.005588503726547698,0.0028484,0.9565320829080005,0.9461218573796907,0.02984839999999999
1618,0.9400000000000001,0.027999999999999983,21.584982843443264,7.802075295484162e-06,0.005782644062942411,0.0028484,0.9573405341261437,0.9414699503934609,0.030848399999999984
1619,0.9400000000000001,0.028999999999999984,25.432245549503566,1.0771004485639229e-05,0.007373669220162153,0.0051536,0.9759144701801583,0.9410230222077272,0.034153599999999985
1620,0.9400000000000001,0.029999999999999985,29.186363843620082,1.4184809980740938e-05,0.009509893871807642,0.0079662,0.9859782901537765,0.9402944484302167,0.037966199999999985
1621,0.9400000000000001,0.030999999999999986,31.862995742660942,1.7015697520284606e-05,0.011723099944095523,0.0106093,0.9890155287896686,0.9409016463911015,0.04160929999999999
1622,0.9400000000000001,0.03199999999999998,32.300653564869044,1.741743279189738e-05,0.01218558093971928,0.0106093,0.9883545660800492,0.9402599517854975,0.04260929999999998
1623,0.9400000000000001,0.03299999999999998,35.23524661015929,2.1077422725427076e-05,0.015572328929567471,0.0138858,0.9889589124920134,0.9405067315048046,0.04688579999999998
1624,0.9400000000000001,0.03399999999999998,36.31969938083679,2.2443172445944082e-05,0.01691370986591006,0.0147003,0.9874217132650296,0.9419441134648613,0.04870029999999998
1625,0.9400000000000001,0.03499999999999998,38.073411840572234,2.502875098453125e-05,0.019051172128651886,0.0163911,0.9873009840385074,0.9405673268131842,0.05139109999999998
1626,0.9400000000000001,0.035999999999999976,46.66364396547098,4.151863904493883e-05,0.03212066050171586,0.0252499,0.9884659947691695,0.942577458152183,0.061249899999999975
1627,0.9400000000000001,0.03699999999999998,46.89705461677192,4.197900824535492e-05,0.032517561987815406,0.0252499,0.9881459297987144,0.9424495280329882,0.062249899999999976
1628,0.9400000000000001,0.03799999999999998,46.3404165457361,4.0613137171612054e-05,0.03177496554636201,0.0244388,0.987923796850271,0.9406890052024351,0.062438799999999975
1629,0.9400000000000001,0.03899999999999998,46.57252058490065,4.1061884099605244e-05,0.03217086977689449,0.0244388,0.9876024364333273,0.9405583005040453,0.06343879999999998
1630,0.9400000000000001,0.03999999999999997,46.813975336862335,4.153257253913686e-05,0.0325725453356985,0.0244388,0.987241079988769,0.9404210096384674,0.06443879999999998
1631,0.9400000000000001,0.040999999999999974,50.895519537544594,5.1741087316622524e-05,0.039999265344049455,0.0284199,0.9878507642656421,0.9401491004485429,0.06941989999999998
1632,0.9400000000000001,0.041999999999999975,52.03261949907307,5.472442402765191e-05,0.042094512967690956,0.029212,0.9872902924155601,0.941717100400108,0.07121199999999997
1633,0.9400000000000001,0.042999999999999976,52.24371012954739,5.523276482296206e-05,0.04251026908770601,0.029212,0.9870606452803818,0.9417258366269068,0.07221199999999997
1634,0.9400000000000001,0.04399999999999998,52.45809230016087,5.575209524132924e-05,0.042916686124344565,0.029212,0.9868135037359859,0.9418164361539343,0.07321199999999997
1635,0.9400000000000001,0.04499999999999997,52.15622663954052,5.4700043843975645e-05,0.0425155453564463,0.0284199,0.9864594330066326,0.9400738408552777,0.07341989999999997
1636,0.9400000000000001,0.04599999999999997,53.106711131304316,5.734531591168229e-05,0.04424418287298607,0.029212,0.9860746087101463,0.9411989907825757,0.07521199999999997
1637,0.9400000000000001,0.04699999999999997,53.313051363312226,5.7856880638776735e-05,0.04468630567233511,0.029212,0.9858705144995878,0.9409479518590075,0.07621199999999997
1638,0.9400000000000001,0.047999999999999966,53.313051363312226,5.7856880638776735e-05,0.04468630567233511,0.029212,0.9858705144995878,0.9409479518590075,0.07721199999999996
1639,0.9400000000000001,0.04899999999999997,53.313051363312226,5.7856880638776735e-05,0.04468630567233511,0.029212,0.9858705144995878,0.9409479518590075,0.07821199999999996
1640,0.9410000000000001,0.01,13.379586345528399,4.394074368307124e-06,0.0033386169143680374,0.0028484,0.9688432182344582,0.9787760118647355,0.0128484
1641,0.9410000000000001,0.011,14.031818883476717,4.636762944573607e-06,0.003298267841772142,0.0028484,0.9609279096296571,0.9817069032379813,0.0138484
1642,0.9410000000000001,0.011999999999999999,14.379112320461317,4.767438155065803e-06,0.003451648393704613,0.0028484,0.9626301123274507,0.9766359141457521,0.014848399999999998
1643,0.9410000000000001,0.012999999999999998,15.022082581895585,5.012110393756075e-06,0.0034189981506227464,0.0028484,0.955492053297844,0.9797517170062728,0.0158484
1644,0.9410000000000001,0.013999999999999997,15.87406390865404,5.341693519598116e-06,0.0036228176760949335,0.0028484,0.9551778894357867,0.9782165256530232,0.016848399999999996
1645,0.9410000000000001,0.014999999999999996,16.356203748576533,5.529657900997321e-06,0.0036560041641895066,0.0028484,0.9527475617787137,0.9806548133259199,0.017848399999999997
1646,0.9410000000000001,0.015999999999999993,16.701955651370376,5.6662268721872935e-06,0.00377678885276301,0.0028484,0.9537739239910008,0.9772853748376463,0.018848399999999994
1647,0.9410000000000001,0.016999999999999994,17.09798512138215,5.825328144391394e-06,0.00386889284907065,0.0028484,0.953471132385366,0.9768541712556255,0.019848399999999995
1648,0.9410000000000001,0.017999999999999995,17.925167211302654,6.1646575638765935e-06,0.00404798851281294,0.0028484,0.9519826953447572,0.9759568875469974,0.020848399999999996
1649,0.9410000000000001,0.018999999999999993,18.306202333695403,6.323429216427377e-06,0.004144970784022706,0.0028484,0.9517066201456694,0.975056876911583,0.021848399999999994
1650,0.9410000000000001,0.01999999999999999,18.649477249703036,6.468187635887073e-06,0.004267340819757298,0.0028484,0.9520761254837007,0.9721116927171721,0.02284839999999999
1651,0.9410000000000001,0.02099999999999999,19.006466400432934,6.62084149827756e-06,0.00437627112274364,0.0028484,0.952010925679813,0.97074000784211,0.023848399999999992
1652,0.9410000000000001,0.021999999999999992,19.64457101042961,6.899856633026041e-06,0.0046428365299773225,0.0028484,0.9529691484105928,0.9647027778843534,0.024848399999999993
1653,0.9410000000000001,0.02299999999999999,19.931610216544467,7.027872122720588e-06,0.00479937454123027,0.0028484,0.9538608273147939,0.9602358014805049,0.02584839999999999
1654,0.9410000000000001,0.023999999999999987,20.207230256046852,7.1525394623814544e-06,0.004962240568742237,0.0028484,0.9547658479376947,0.9559168306082733,0.026848399999999988
1655,0.9410000000000001,0.024999999999999988,20.48586131013944,7.280422820602975e-06,0.005121461978428,0.0028484,0.9554593815947091,0.9527100426228062,0.02784839999999999
1656,0.9410000000000001,0.02599999999999999,21.07339821742293,7.555600586705634e-06,0.0054103461818444136,0.0028484,0.9559264940172283,0.949937856925359,0.02884839999999999
1657,0.9410000000000001,0.02699999999999999,21.339622424751017,7.683049130585667e-06,0.005588503726547698,0.0028484,0.9565320829080005,0.9461218573796907,0.02984839999999999
1658,0.9410000000000001,0.027999999999999983,21.584982843443264,7.802075295484162e-06,0.005782644062942411,0.0028484,0.9573405341261437,0.9414699503934609,0.030848399999999984
1659,0.9410000000000001,0.028999999999999984,25.432245549503566,1.0771004485639229e-05,0.007373669220162153,0.0051536,0.9759144701801583,0.9410230222077272,0.034153599999999985
1660,0.9410000000000001,0.029999999999999985,30.950157838606223,1.604482151855647e-05,0.010790405273574548,0.0098116,0.9887352301316382,0.94191982733834,0.03981159999999999
1661,0.9410000000000001,0.030999999999999986,32.603802219568806,1.7862763291686536e-05,0.012387690941980984,0.0113062,0.9889078472457526,0.9431167673205002,0.04230619999999999
1662,0.9410000000000001,0.03199999999999998,32.81259439978838,1.8062933586103882e-05,0.012652223941314798,0.0113062,0.9886897298455082,0.9417716876456089,0.04330619999999998
1663,0.9410000000000001,0.03299999999999998,36.089585392550376,2.2172233016251965e-05,0.01664659386337744,0.0147003,0.9878001506538274,0.9421243374442848,0.04770029999999998
1664,0.9410000000000001,0.03399999999999998,36.31969938083679,2.2443172445944082e-05,0.01691370986591006,0.0147003,0.9874217132650296,0.9419441134648613,0.04870029999999998
1665,0.9410000000000001,0.03499999999999998,46.19558557029671,4.0606383638996605e-05,0.03141385800238908,0.0252499,0.9891822051674019,0.9418790238542757,0.06024989999999998
1666,0.9410000000000001,0.035999999999999976,46.66364396547098,4.151863904493883e-05,0.03212066050171586,0.0252499,0.9884659947691695,0.942577458152183,0.061249899999999975
1667,0.9410000000000001,0.03699999999999998,46.89705461677192,4.197900824535492e-05,0.032517561987815406,0.0252499,0.9881459297987144,0.9424495280329882,0.062249899999999976
1668,0.9410000000000001,0.03799999999999998,47.14006547349378,4.246226085010123e-05,0.03292018975770649,0.0252499,0.9877856591840055,0.9423151119804001,0.06324989999999997
1669,0.9410000000000001,0.03899999999999998,47.37117717182544,4.292470111829303e-05,0.033348277201562,0.0252499,0.987495098492119,0.941835083187863,0.06424989999999997
1670,0.9410000000000001,0.03999999999999997,50.723990676980115,5.134664534716654e-05,0.0394766221182224,0.0284199,0.9878818357540278,0.9414002677977086,0.06841989999999998
1671,0.9410000000000001,0.040999999999999974,51.598418587150306,5.368742047194419e-05,0.04129220616858134,0.029212,0.9878220176712522,0.9414030949182738,0.07021199999999997
1672,0.9410000000000001,0.041999999999999975,52.03261949907307,5.472442402765191e-05,0.042094512967690956,0.029212,0.9872902924155601,0.941717100400108,0.07121199999999997
1673,0.9410000000000001,0.042999999999999976,52.24371012954739,5.523276482296206e-05,0.04251026908770601,0.029212,0.9870606452803818,0.9417258366269068,0.07221199999999997
1674,0.9410000000000001,0.04399999999999998,52.45809230016087,5.575209524132924e-05,0.042916686124344565,0.029212,0.9868135037359859,0.9418164361539343,0.07321199999999997
1675,0.9410000000000001,0.04499999999999997,52.875893866340036,5.677506392871491e-05,0.04383716280130575,0.029212,0.9863969650610424,0.9410342190777716,0.07421199999999997
1676,0.9410000000000001,0.04599999999999997,53.106711131304316,5.734531591168229e-05,0.04424418287298607,0.029212,0.9860746087101463,0.9411989907825757,0.07521199999999997
1677,0.9410000000000001,0.04699999999999997,53.62211251968195,5.897820389046189e-05,0.045093148674101184,0.0299559,0.9862421594878154,0.9426434711288397,0.07695589999999997
1678,0.9410000000000001,0.047999999999999966,53.62211251968195,5.897820389046189e-05,0.045093148674101184,0.0299559,0.9862421594878154,0.9426434711288397,0.07795589999999997
1679,0.9410000000000001,0.04899999999999997,53.62211251968195,5.897820389046189e-05,0.045093148674101184,0.0299559,0.9862421594878154,0.9426434711288397,0.07895589999999997
1680,0.9420000000000001,0.01,13.379586345528399,4.394074368307124e-06,0.0033386169143680374,0.0028484,0.9688432182344582,0.9787760118647355,0.0128484
1681,0.9420000000000001,0.011,14.031818883476717,4.636762944573607e-06,0.003298267841772142,0.0028484,0.9609279096296571,0.9817069032379813,0.0138484
1682,0.9420000000000001,0.011999999999999999,14.379112320461317,4.767438155065803e-06,0.003451648393704613,0.0028484,0.9626301123274507,0.9766359141457521,0.014848399999999998
1683,0.9420000000000001,0.012999999999999998,15.022082581895585,5.012110393756075e-06,0.0034189981506227464,0.0028484,0.955492053297844,0.9797517170062728,0.0158484
1684,0.9420000000000001,0.013999999999999997,15.87406390865404,5.341693519598116e-06,0.0036228176760949335,0.0028484,0.9551778894357867,0.9782165256530232,0.016848399999999996
1685,0.9420000000000001,0.014999999999999996,16.356203748576533,5.529657900997321e-06,0.0036560041641895066,0.0028484,0.9527475617787137,0.9806548133259199,0.017848399999999997
1686,0.9420000000000001,0.015999999999999993,16.701955651370376,5.6662268721872935e-06,0.00377678885276301,0.0028484,0.9537739239910008,0.9772853748376463,0.018848399999999994
1687,0.9420000000000001,0.016999999999999994,17.09798512138215,5.825328144391394e-06,0.00386889284907065,0.0028484,0.953471132385366,0.9768541712556255,0.019848399999999995
1688,0.9420000000000001,0.017999999999999995,17.925167211302654,6.1646575638765935e-06,0.00404798851281294,0.0028484,0.9519826953447572,0.9759568875469974,0.020848399999999996
1689,0.9420000000000001,0.018999999999999993,18.306202333695403,6.323429216427377e-06,0.004144970784022706,0.0028484,0.9517066201456694,0.975056876911583,0.021848399999999994
1690,0.9420000000000001,0.01999999999999999,18.649477249703036,6.468187635887073e-06,0.004267340819757298,0.0028484,0.9520761254837007,0.9721116927171721,0.02284839999999999
1691,0.9420000000000001,0.02099999999999999,19.006466400432934,6.62084149827756e-06,0.00437627112274364,0.0028484,0.952010925679813,0.97074000784211,0.023848399999999992
1692,0.9420000000000001,0.021999999999999992,19.64457101042961,6.899856633026041e-06,0.0046428365299773225,0.0028484,0.9529691484105928,0.9647027778843534,0.024848399999999993
1693,0.9420000000000001,0.02299999999999999,19.931610216544467,7.027872122720588e-06,0.00479937454123027,0.0028484,0.9538608273147939,0.9602358014805049,0.02584839999999999
1694,0.9420000000000001,0.023999999999999987,20.207230256046852,7.1525394623814544e-06,0.004962240568742237,0.0028484,0.9547658479376947,0.9559168306082733,0.026848399999999988
1695,0.9420000000000001,0.024999999999999988,20.48586131013944,7.280422820602975e-06,0.005121461978428,0.0028484,0.9554593815947091,0.9527100426228062,0.02784839999999999
1696,0.9420000000000001,0.02599999999999999,21.07339821742293,7.555600586705634e-06,0.0054103461818444136,0.0028484,0.9559264940172283,0.949937856925359,0.02884839999999999
1697,0.9420000000000001,0.02699999999999999,21.339622424751017,7.683049130585667e-06,0.005588503726547698,0.0028484,0.9565320829080005,0.9461218573796907,0.02984839999999999
1698,0.9420000000000001,0.027999999999999983,23.894540363671886,9.52526341249103e-06,0.006698567787119583,0.0043148,0.9674480147086845,0.9421290043700026,0.032314799999999984
1699,0.9420000000000001,0.028999999999999984,26.485018824526442,1.1686926266427892e-05,0.007897741578315052,0.0060919,0.978670225370274,0.9425209349691389,0.03509189999999998
1700,0.9420000000000001,0.029999999999999985,32.36818799776219,1.7639084598919136e-05,0.012167781260046582,0.0113062,0.9893440671071171,0.9429564603844276,0.04130619999999999
1701,0.9420000000000001,0.030999999999999986,32.603802219568806,1.7862763291686536e-05,0.012387690941980984,0.0113062,0.9889078472457526,0.9431167673205002,0.04230619999999999
1702,0.9420000000000001,0.03199999999999998,35.6494490887016,2.166009813447311e-05,0.01608662365977536,0.0147003,0.9884130633716335,0.9432691567850923,0.04670029999999998
1703,0.9420000000000001,0.03299999999999998,36.089585392550376,2.2172233016251965e-05,0.01664659386337744,0.0147003,0.9878001506538274,0.9421243374442848,0.04770029999999998
1704,0.9420000000000001,0.03399999999999998,46.748485477121484,4.197691516861866e-05,0.032147379981281136,0.0260497,0.9896404019325279,0.9435647973754113,0.060049699999999984
1705,0.9420000000000001,0.03499999999999998,47.00762422886245,4.249430634720297e-05,0.032463563422735535,0.0260497,0.9891491628001141,0.9443687462999962,0.061049699999999985
1706,0.9420000000000001,0.035999999999999976,46.66364396547098,4.151863904493883e-05,0.03212066050171586,0.0252499,0.9884659947691695,0.942577458152183,0.061249899999999975
1707,0.9420000000000001,0.03699999999999998,46.89705461677192,4.197900824535492e-05,0.032517561987815406,0.0252499,0.9881459297987144,0.9424495280329882,0.062249899999999976
1708,0.9420000000000001,0.03799999999999998,47.14006547349378,4.246226085010123e-05,0.03292018975770649,0.0252499,0.9877856591840055,0.9423151119804001,0.06324989999999997
1709,0.9420000000000001,0.03899999999999998,48.863488148495065,4.659572217951865e-05,0.03591725749214029,0.0268659,0.9877181892360201,0.9421087858371495,0.06586589999999998
1710,0.9420000000000001,0.03999999999999997,52.09648059023104,5.519296529718454e-05,0.04215546039460515,0.0299559,0.9880212475685286,0.9427436870574842,0.06995589999999997
1711,0.9420000000000001,0.040999999999999974,52.334901636508135,5.577382727242622e-05,0.04249711751575675,0.0299559,0.9876471278682276,0.9434297878183004,0.07095589999999997
1712,0.9420000000000001,0.041999999999999975,52.76271321576018,5.6825335106002e-05,0.043319995107007195,0.0299559,0.9871749171938233,0.9435241365387845,0.07195589999999998
1713,0.9420000000000001,0.042999999999999976,52.955934146120285,5.7304935642446427e-05,0.04381549741713783,0.0299559,0.9870519680263975,0.9427469203812435,0.07295589999999998
1714,0.9420000000000001,0.04399999999999998,53.182373864112286,5.787090489515777e-05,0.044243084838292396,0.0299559,0.9867643461858835,0.942735955782476,0.07395589999999998
1715,0.9420000000000001,0.04499999999999997,53.62211251968195,5.897820389046189e-05,0.045093148674101184,0.0299559,0.9862421594878154,0.9426434711288397,0.07495589999999996
1716,0.9420000000000001,0.04599999999999997,53.62211251968195,5.897820389046189e-05,0.045093148674101184,0.0299559,0.9862421594878154,0.9426434711288397,0.07595589999999997
1717,0.9420000000000001,0.04699999999999997,53.62211251968195,5.897820389046189e-05,0.045093148674101184,0.0299559,0.9862421594878154,0.9426434711288397,0.07695589999999997
1718,0.9420000000000001,0.047999999999999966,53.62211251968195,5.897820389046189e-05,0.045093148674101184,0.0299559,0.9862421594878154,0.9426434711288397,0.07795589999999997
1719,0.9420000000000001,0.04899999999999997,53.62211251968195,5.897820389046189e-05,0.045093148674101184,0.0299559,0.9862421594878154,0.9426434711288397,0.07895589999999997
1720,0.9430000000000001,0.01,13.379586345528399,4.394074368307124e-06,0.0033386169143680374,0.0028484,0.9688432182344582,0.9787760118647355,0.0128484
1721,0.9430000000000001,0.011,14.031818883476717,4.636762944573607e-06,0.003298267841772142,0.0028484,0.9609279096296571,0.9817069032379813,0.0138484
1722,0.9430000000000001,0.011999999999999999,14.379112320461317,4.767438155065803e-06,0.003451648393704613,0.0028484,0.9626301123274507,0.9766359141457521,0.014848399999999998
1723,0.9430000000000001,0.012999999999999998,15.022082581895585,5.012110393756075e-06,0.0034189981506227464,0.0028484,0.955492053297844,0.9797517170062728,0.0158484
1724,0.9430000000000001,0.013999999999999997,15.87406390865404,5.341693519598116e-06,0.0036228176760949335,0.0028484,0.9551778894357867,0.9782165256530232,0.016848399999999996
1725,0.9430000000000001,0.014999999999999996,16.356203748576533,5.529657900997321e-06,0.0036560041641895066,0.0028484,0.9527475617787137,0.9806548133259199,0.017848399999999997
1726,0.9430000000000001,0.015999999999999993,16.701955651370376,5.6662268721872935e-06,0.00377678885276301,0.0028484,0.9537739239910008,0.9772853748376463,0.018848399999999994
1727,0.9430000000000001,0.016999999999999994,17.09798512138215,5.825328144391394e-06,0.00386889284907065,0.0028484,0.953471132385366,0.9768541712556255,0.019848399999999995
1728,0.9430000000000001,0.017999999999999995,17.925167211302654,6.1646575638765935e-06,0.00404798851281294,0.0028484,0.9519826953447572,0.9759568875469974,0.020848399999999996
1729,0.9430000000000001,0.018999999999999993,18.306202333695403,6.323429216427377e-06,0.004144970784022706,0.0028484,0.9517066201456694,0.975056876911583,0.021848399999999994
1730,0.9430000000000001,0.01999999999999999,18.649477249703036,6.468187635887073e-06,0.004267340819757298,0.0028484,0.9520761254837007,0.9721116927171721,0.02284839999999999
1731,0.9430000000000001,0.02099999999999999,19.006466400432934,6.62084149827756e-06,0.00437627112274364,0.0028484,0.952010925679813,0.97074000784211,0.023848399999999992
1732,0.9430000000000001,0.021999999999999992,19.64457101042961,6.899856633026041e-06,0.0046428365299773225,0.0028484,0.9529691484105928,0.9647027778843534,0.024848399999999993
1733,0.9430000000000001,0.02299999999999999,19.931610216544467,7.027872122720588e-06,0.00479937454123027,0.0028484,0.9538608273147939,0.9602358014805049,0.02584839999999999
1734,0.9430000000000001,0.023999999999999987,20.207230256046852,7.1525394623814544e-06,0.004962240568742237,0.0028484,0.9547658479376947,0.9559168306082733,0.026848399999999988
1735,0.9430000000000001,0.024999999999999988,20.48586131013944,7.280422820602975e-06,0.005121461978428,0.0028484,0.9554593815947091,0.9527100426228062,0.02784839999999999
1736,0.9430000000000001,0.02599999999999999,21.07339821742293,7.555600586705634e-06,0.0054103461818444136,0.0028484,0.9559264940172283,0.949937856925359,0.02884839999999999
1737,0.9430000000000001,0.02699999999999999,21.339622424751017,7.683049130585667e-06,0.005588503726547698,0.0028484,0.9565320829080005,0.9461218573796907,0.02984839999999999
1738,0.9430000000000001,0.027999999999999983,29.60414106554773,1.4708259117327945e-05,0.009681756026793225,0.0089581,0.9875953515088021,0.9432880065749797,0.03695809999999998
1739,0.9430000000000001,0.028999999999999984,32.16309680873289,1.7446360392370327e-05,0.011923050459277667,0.0113062,0.9895531265961398,0.9437578516654268,0.040306199999999986
1740,0.9430000000000001,0.029999999999999985,33.0412277783023,1.8406753920093143e-05,0.01287494575819758,0.0120824,0.988640091409678,0.9449571747005254,0.042082399999999985
1741,0.9430000000000001,0.030999999999999986,32.603802219568806,1.7862763291686536e-05,0.012387690941980984,0.0113062,0.9889078472457526,0.9431167673205002,0.04230619999999999
1742,0.9430000000000001,0.03199999999999998,35.6494490887016,2.166009813447311e-05,0.01608662365977536,0.0147003,0.9884130633716335,0.9432691567850923,0.04670029999999998
1743,0.9430000000000001,0.03299999999999998,38.28652703576268,2.5445152354213092e-05,0.019326673923610916,0.0172468,0.9871464801362653,0.9431755259099585,0.05024679999999998
1744,0.9430000000000001,0.03399999999999998,46.748485477121484,4.197691516861866e-05,0.032147379981281136,0.0260497,0.9896404019325279,0.9435647973754113,0.060049699999999984
1745,0.9430000000000001,0.03499999999999998,47.00762422886245,4.249430634720297e-05,0.032463563422735535,0.0260497,0.9891491628001141,0.9443687462999962,0.061049699999999985
1746,0.9430000000000001,0.035999999999999976,47.4862612111834,4.346162587415919e-05,0.03326513815205683,0.0260497,0.9884672920810373,0.9441169097771429,0.06204969999999997
1747,0.9430000000000001,0.03699999999999998,47.718151821502,4.3935055880972096e-05,0.03369490830174158,0.0260497,0.9881770774693082,0.9436404127086448,0.06304969999999997
1748,0.9430000000000001,0.03799999999999998,48.65977851511427,4.6161420074230494e-05,0.035421665750894324,0.0268659,0.9878545085215548,0.9432771359621281,0.06486589999999998
1749,0.9430000000000001,0.03899999999999998,51.89806948569391,5.471215999712112e-05,0.04169462623490176,0.0299559,0.9881756538701993,0.9431201494076589,0.06895589999999999
1750,0.9430000000000001,0.03999999999999997,52.87949936876571,5.74690946890765e-05,0.043314298433609254,0.0308168,0.9879411995946192,0.9450903028673756,0.07081679999999997
1751,0.9430000000000001,0.040999999999999974,52.334901636508135,5.577382727242622e-05,0.04249711751575675,0.0299559,0.9876471278682276,0.9434297878183004,0.07095589999999997
1752,0.9430000000000001,0.041999999999999975,52.76271321576018,5.6825335106002e-05,0.043319995107007195,0.0299559,0.9871749171938233,0.9435241365387845,0.07195589999999998
1753,0.9430000000000001,0.042999999999999976,53.750620112915456,5.967824039151735e-05,0.04505392804585349,0.0308168,0.9869682843984026,0.9445464916194624,0.07381679999999997
1754,0.9430000000000001,0.04399999999999998,53.95850380784144,6.0212150227339465e-05,0.04549801004547666,0.0308168,0.9867686408034674,0.9442889327374816,0.07481679999999997
1755,0.9430000000000001,0.04499999999999997,53.95850380784144,6.0212150227339465e-05,0.04549801004547666,0.0308168,0.9867686408034674,0.9442889327374816,0.07581679999999996
1756,0.9430000000000001,0.04599999999999997,53.95850380784144,6.0212150227339465e-05,0.04549801004547666,0.0308168,0.9867686408034674,0.9442889327374816,0.07681679999999996
1757,0.9430000000000001,0.04699999999999997,53.95850380784144,6.0212150227339465e-05,0.04549801004547666,0.0308168,0.9867686408034674,0.9442889327374816,0.07781679999999996
1758,0.9430000000000001,0.047999999999999966,53.95850380784144,6.0212150227339465e-05,0.04549801004547666,0.0308168,0.9867686408034674,0.9442889327374816,0.07881679999999996
1759,0.9430000000000001,0.04899999999999997,53.95850380784144,6.0212150227339465e-05,0.04549801004547666,0.0308168,0.9867686408034674,0.9442889327374816,0.07981679999999997
1760,0.9440000000000001,0.01,13.379586345528399,4.394074368307124e-06,0.0033386169143680374,0.0028484,0.9688432182344582,0.9787760118647355,0.0128484
1761,0.9440000000000001,0.011,14.031818883476717,4.636762944573607e-06,0.003298267841772142,0.0028484,0.9609279096296571,0.9817069032379813,0.0138484
1762,0.9440000000000001,0.011999999999999999,14.379112320461317,4.767438155065803e-06,0.003451648393704613,0.0028484,0.9626301123274507,0.9766359141457521,0.014848399999999998
1763,0.9440000000000001,0.012999999999999998,15.022082581895585,5.012110393756075e-06,0.0034189981506227464,0.0028484,0.955492053297844,0.9797517170062728,0.0158484
1764,0.9440000000000001,0.013999999999999997,15.87406390865404,5.341693519598116e-06,0.0036228176760949335,0.0028484,0.9551778894357867,0.9782165256530232,0.016848399999999996
1765,0.9440000000000001,0.014999999999999996,16.356203748576533,5.529657900997321e-06,0.0036560041641895066,0.0028484,0.9527475617787137,0.9806548133259199,0.017848399999999997
1766,0.9440000000000001,0.015999999999999993,16.701955651370376,5.6662268721872935e-06,0.00377678885276301,0.0028484,0.9537739239910008,0.9772853748376463,0.018848399999999994
1767,0.9440000000000001,0.016999999999999994,17.09798512138215,5.825328144391394e-06,0.00386889284907065,0.0028484,0.953471132385366,0.9768541712556255,0.019848399999999995
1768,0.9440000000000001,0.017999999999999995,17.925167211302654,6.1646575638765935e-06,0.00404798851281294,0.0028484,0.9519826953447572,0.9759568875469974,0.020848399999999996
1769,0.9440000000000001,0.018999999999999993,18.306202333695403,6.323429216427377e-06,0.004144970784022706,0.0028484,0.9517066201456694,0.975056876911583,0.021848399999999994
1770,0.9440000000000001,0.01999999999999999,18.649477249703036,6.468187635887073e-06,0.004267340819757298,0.0028484,0.9520761254837007,0.9721116927171721,0.02284839999999999
1771,0.9440000000000001,0.02099999999999999,19.006466400432934,6.62084149827756e-06,0.00437627112274364,0.0028484,0.952010925679813,0.97074000784211,0.023848399999999992
1772,0.9440000000000001,0.021999999999999992,19.64457101042961,6.899856633026041e-06,0.0046428365299773225,0.0028484,0.9529691484105928,0.9647027778843534,0.024848399999999993
1773,0.9440000000000001,0.02299999999999999,19.931610216544467,7.027872122720588e-06,0.00479937454123027,0.0028484,0.9538608273147939,0.9602358014805049,0.02584839999999999
1774,0.9440000000000001,0.023999999999999987,20.207230256046852,7.1525394623814544e-06,0.004962240568742237,0.0028484,0.9547658479376947,0.9559168306082733,0.026848399999999988
1775,0.9440000000000001,0.024999999999999988,20.48586131013944,7.280422820602975e-06,0.005121461978428,0.0028484,0.9554593815947091,0.9527100426228062,0.02784839999999999
1776,0.9440000000000001,0.02599999999999999,21.07339821742293,7.555600586705634e-06,0.0054103461818444136,0.0028484,0.9559264940172283,0.949937856925359,0.02884839999999999
1777,0.9440000000000001,0.02699999999999999,21.339622424751017,7.683049130585667e-06,0.005588503726547698,0.0028484,0.9565320829080005,0.9461218573796907,0.02984839999999999
1778,0.9440000000000001,0.027999999999999983,31.2749539637548,1.6488114275119304e-05,0.010977392627439403,0.0106093,0.9894858475180832,0.9447729100170735,0.038609299999999985
1779,0.9440000000000001,0.028999999999999984,32.82966085400501,1.819842206890913e-05,0.012608605226550496,0.0120824,0.9888379714302711,0.9463226242566377,0.041082399999999984
1780,0.9440000000000001,0.029999999999999985,33.0412277783023,1.8406753920093143e-05,0.01287494575819758,0.0120824,0.988640091409678,0.9449571747005254,0.042082399999999985
1781,0.9440000000000001,0.030999999999999986,36.11698847932465,2.236016093543694e-05,0.016634364052795534,0.0155334,0.988347838243922,0.9447976743758443,0.04653339999999999
1782,0.9440000000000001,0.03199999999999998,36.352918468465084,2.2642549348024425e-05,0.016896362481930324,0.0155334,0.9879560789215354,0.9447633615840999,0.047533399999999976
1783,0.9440000000000001,0.03299999999999998,47.2922025399692,4.3311012098637677e-05,0.032822707362600435,0.0268659,0.9894502015482537,0.9462349736524029,0.059865899999999986
1784,0.9440000000000001,0.03399999999999998,47.52849302800075,4.37954305342596e-05,0.03322144441806469,0.0268659,0.9891321818424854,0.9461143212008453,0.06086589999999999
1785,0.9440000000000001,0.03499999999999998,47.00762422886245,4.249430634720297e-05,0.032463563422735535,0.0260497,0.9891491628001141,0.9443687462999962,0.061049699999999985
1786,0.9440000000000001,0.035999999999999976,47.4862612111834,4.346162587415919e-05,0.03326513815205683,0.0260497,0.9884672920810373,0.9441169097771429,0.06204969999999997
1787,0.9440000000000001,0.03699999999999998,50.61860671478524,5.1393032511581366e-05,0.03894767162034844,0.029212,0.9885356481331722,0.9442531140673343,0.06621199999999998
1788,0.9440000000000001,0.03799999999999998,52.22778940564776,5.5852055958058716e-05,0.04209487719085075,0.0308168,0.9886960547901389,0.9447767182685629,0.06881679999999998
1789,0.9440000000000001,0.03899999999999998,52.66653461113605,5.693774371160542e-05,0.04289756985459277,0.0308168,0.9881675721107408,0.945084886626123,0.06981679999999998
1790,0.9440000000000001,0.03999999999999997,52.87949936876571,5.74690946890765e-05,0.043314298433609254,0.0308168,0.9879411995946192,0.9450903028673756,0.07081679999999997
1791,0.9440000000000001,0.040999999999999974,53.09598970780532,5.801243245643034e-05,0.043721188166439266,0.0308168,0.9876969172530332,0.9451769505088197,0.07181679999999997
1792,0.9440000000000001,0.041999999999999975,53.5167975231304,5.9079820528978396e-05,0.044646995043327864,0.0308168,0.9872892455813813,0.9443853044841939,0.07281679999999997
1793,0.9440000000000001,0.042999999999999976,53.750620112915456,5.967824039151735e-05,0.04505392804585349,0.0308168,0.9869682843984026,0.9445464916194624,0.07381679999999997
1794,0.9440000000000001,0.04399999999999998,53.95850380784144,6.0212150227339465e-05,0.04549801004547666,0.0308168,0.9867686408034674,0.9442889327374816,0.07481679999999997
1795,0.9440000000000001,0.04499999999999997,53.95850380784144,6.0212150227339465e-05,0.04549801004547666,0.0308168,0.9867686408034674,0.9442889327374816,0.07581679999999996
1796,0.9440000000000001,0.04599999999999997,53.95850380784144,6.0212150227339465e-05,0.04549801004547666,0.0308168,0.9867686408034674,0.9442889327374816,0.07681679999999996
1797,0.9440000000000001,0.04699999999999997,53.95850380784144,6.0212150227339465e-05,0.04549801004547666,0.0308168,0.9867686408034674,0.9442889327374816,0.07781679999999996
1798,0.9440000000000001,0.047999999999999966,53.95850380784144,6.0212150227339465e-05,0.04549801004547666,0.0308168,0.9867686408034674,0.9442889327374816,0.07881679999999996
1799,0.9440000000000001,0.04899999999999997,53.95850380784144,6.0212150227339465e-05,0.04549801004547666,0.0308168,0.9867686408034674,0.9442889327374816,0.07981679999999997
1800,0.9450000000000001,0.01,13.379586345528399,4.394074368307124e-06,0.0033386169143680374,0.0028484,0.9688432182344582,0.9787760118647355,0.0128484
1801,0.9450000000000001,0.011,14.031818883476717,4.636762944573607e-06,0.003298267841772142,0.0028484,0.9609279096296571,0.9817069032379813,0.0138484
1802,0.9450000000000001,0.011999999999999999,14.379112320461317,4.767438155065803e-06,0.003451648393704613,0.0028484,0.9626301123274507,0.9766359141457521,0.014848399999999998
1803,0.9450000000000001,0.012999999999999998,15.022082581895585,5.012110393756075e-06,0.0034189981506227464,0.0028484,0.955492053297844,0.9797517170062728,0.0158484
1804,0.9450000000000001,0.013999999999999997,15.87406390865404,5.341693519598116e-06,0.0036228176760949335,0.0028484,0.9551778894357867,0.9782165256530232,0.016848399999999996
1805,0.9450000000000001,0.014999999999999996,16.356203748576533,5.529657900997321e-06,0.0036560041641895066,0.0028484,0.9527475617787137,0.9806548133259199,0.017848399999999997
1806,0.9450000000000001,0.015999999999999993,16.701955651370376,5.6662268721872935e-06,0.00377678885276301,0.0028484,0.9537739239910008,0.9772853748376463,0.018848399999999994
1807,0.9450000000000001,0.016999999999999994,17.09798512138215,5.825328144391394e-06,0.00386889284907065,0.0028484,0.953471132385366,0.9768541712556255,0.019848399999999995
1808,0.9450000000000001,0.017999999999999995,17.925167211302654,6.1646575638765935e-06,0.00404798851281294,0.0028484,0.9519826953447572,0.9759568875469974,0.020848399999999996
1809,0.9450000000000001,0.018999999999999993,18.306202333695403,6.323429216427377e-06,0.004144970784022706,0.0028484,0.9517066201456694,0.975056876911583,0.021848399999999994
1810,0.9450000000000001,0.01999999999999999,18.649477249703036,6.468187635887073e-06,0.004267340819757298,0.0028484,0.9520761254837007,0.9721116927171721,0.02284839999999999
1811,0.9450000000000001,0.02099999999999999,19.006466400432934,6.62084149827756e-06,0.00437627112274364,0.0028484,0.952010925679813,0.97074000784211,0.023848399999999992
1812,0.9450000000000001,0.021999999999999992,19.64457101042961,6.899856633026041e-06,0.0046428365299773225,0.0028484,0.9529691484105928,0.9647027778843534,0.024848399999999993
1813,0.9450000000000001,0.02299999999999999,19.931610216544467,7.027872122720588e-06,0.00479937454123027,0.0028484,0.9538608273147939,0.9602358014805049,0.02584839999999999
1814,0.9450000000000001,0.023999999999999987,20.207230256046852,7.1525394623814544e-06,0.004962240568742237,0.0028484,0.9547658479376947,0.9559168306082733,0.026848399999999988
1815,0.9450000000000001,0.024999999999999988,20.48586131013944,7.280422820602975e-06,0.005121461978428,0.0028484,0.9554593815947091,0.9527100426228062,0.02784839999999999
1816,0.9450000000000001,0.02599999999999999,21.07339821742293,7.555600586705634e-06,0.0054103461818444136,0.0028484,0.9559264940172283,0.949937856925359,0.02884839999999999
1817,0.9450000000000001,0.02699999999999999,21.339622424751017,7.683049130585667e-06,0.005588503726547698,0.0028484,0.9565320829080005,0.9461218573796907,0.02984839999999999
1818,0.9450000000000001,0.027999999999999983,32.58958592657026,1.796430488559902e-05,0.012388677673623238,0.0120824,0.9892626221042479,0.946178983107038,0.04008239999999998
1819,0.9450000000000001,0.028999999999999984,32.82966085400501,1.819842206890913e-05,0.012608605226550496,0.0120824,0.9888379714302711,0.9463226242566377,0.041082399999999984
1820,0.9450000000000001,0.029999999999999985,35.68122149270818,2.1845272976777316e-05,0.016072044704068297,0.0155334,0.9888735569250025,0.9460859711829057,0.04553339999999999
1821,0.9450000000000001,0.030999999999999986,36.96378340720313,2.3614962846278955e-05,0.017399702548400637,0.0163911,0.9886557998677027,0.9468320799832376,0.047391099999999985
1822,0.9450000000000001,0.03199999999999998,47.030019784586585,4.2777775719341105e-05,0.0325079630289563,0.0268659,0.9899431930258034,0.9454300570540157,0.058865899999999985
1823,0.9450000000000001,0.03299999999999998,47.2922025399692,4.3311012098637677e-05,0.032822707362600435,0.0268659,0.9894502015482537,0.9462349736524029,0.059865899999999986
1824,0.9450000000000001,0.03399999999999998,47.52849302800075,4.37954305342596e-05,0.03322144441806469,0.0268659,0.9891321818424854,0.9461143212008453,0.06086589999999999
1825,0.9450000000000001,0.03499999999999998,47.77490191765476,4.430472125679019e-05,0.03362580711438912,0.0268659,0.9887735016145899,0.9459873269749685,0.06186589999999999
1826,0.9450000000000001,0.035999999999999976,48.00845572293149,4.4790427194374035e-05,0.034057037162935636,0.0268659,0.9884871599657059,0.9455114339418742,0.06286589999999997
1827,0.9450000000000001,0.03699999999999998,52.74301306429208,5.745759826705382e-05,0.04296153717049182,0.0316222,0.9889879513731852,0.9460115259512302,0.06862219999999998
1828,0.9450000000000001,0.03799999999999998,53.19890679257951,5.861148119781652e-05,0.0437175166229504,0.0316222,0.9883857218541172,0.9467001334737489,0.06962219999999998
1829,0.9450000000000001,0.03899999999999998,52.66653461113605,5.693774371160542e-05,0.04289756985459277,0.0308168,0.9881675721107408,0.945084886626123,0.06981679999999998
1830,0.9450000000000001,0.03999999999999997,52.87949936876571,5.74690946890765e-05,0.043314298433609254,0.0308168,0.9879411995946192,0.9450903028673756,0.07081679999999997
1831,0.9450000000000001,0.040999999999999974,53.09598970780532,5.801243245643034e-05,0.043721188166439266,0.0308168,0.9876969172530332,0.9451769505088197,0.07181679999999997
1832,0.9450000000000001,0.041999999999999975,54.282564100337176,6.141463806293207e-05,0.045904962612845386,0.0316222,0.9872202931452525,0.9458918679527342,0.07362219999999997
1833,0.9450000000000001,0.042999999999999976,54.282564100337176,6.141463806293207e-05,0.045904962612845386,0.0316222,0.9872202931452525,0.9458918679527342,0.07462219999999997
1834,0.9450000000000001,0.04399999999999998,54.282564100337176,6.141463806293207e-05,0.045904962612845386,0.0316222,0.9872202931452525,0.9458918679527342,0.07562219999999997
1835,0.9450000000000001,0.04499999999999997,54.282564100337176,6.141463806293207e-05,0.045904962612845386,0.0316222,0.9872202931452525,0.9458918679527342,0.07662219999999997
1836,0.9450000000000001,0.04599999999999997,54.282564100337176,6.141463806293207e-05,0.045904962612845386,0.0316222,0.9872202931452525,0.9458918679527342,0.07762219999999997
1837,0.9450000000000001,0.04699999999999997,54.282564100337176,6.141463806293207e-05,0.045904962612845386,0.0316222,0.9872202931452525,0.9458918679527342,0.07862219999999998
1838,0.9450000000000001,0.047999999999999966,54.282564100337176,6.141463806293207e-05,0.045904962612845386,0.0316222,0.9872202931452525,0.9458918679527342,0.07962219999999998
1839,0.9450000000000001,0.04899999999999997,54.282564100337176,6.141463806293207e-05,0.045904962612845386,0.0316222,0.9872202931452525,0.9458918679527342,0.08062219999999998
1840,0.9460000000000001,0.01,13.379586345528399,4.394074368307124e-06,0.0033386169143680374,0.0028484,0.9688432182344582,0.9787760118647355,0.0128484
1841,0.9460000000000001,0.011,14.031818883476717,4.636762944573607e-06,0.003298267841772142,0.0028484,0.9609279096296571,0.9817069032379813,0.0138484
1842,0.9460000000000001,0.011999999999999999,14.379112320461317,4.767438155065803e-06,0.003451648393704613,0.0028484,0.9626301123274507,0.9766359141457521,0.014848399999999998
1843,0.9460000000000001,0.012999999999999998,15.022082581895585,5.012110393756075e-06,0.0034189981506227464,0.0028484,0.955492053297844,0.9797517170062728,0.0158484
1844,0.9460000000000001,0.013999999999999997,15.87406390865404,5.341693519598116e-06,0.0036228176760949335,0.0028484,0.9551778894357867,0.9782165256530232,0.016848399999999996
1845,0.9460000000000001,0.014999999999999996,16.356203748576533,5.529657900997321e-06,0.0036560041641895066,0.0028484,0.9527475617787137,0.9806548133259199,0.017848399999999997
1846,0.9460000000000001,0.015999999999999993,16.701955651370376,5.6662268721872935e-06,0.00377678885276301,0.0028484,0.9537739239910008,0.9772853748376463,0.018848399999999994
1847,0.9460000000000001,0.016999999999999994,17.09798512138215,5.825328144391394e-06,0.00386889284907065,0.0028484,0.953471132385366,0.9768541712556255,0.019848399999999995
1848,0.9460000000000001,0.017999999999999995,17.925167211302654,6.1646575638765935e-06,0.00404798851281294,0.0028484,0.9519826953447572,0.9759568875469974,0.020848399999999996
1849,0.9460000000000001,0.018999999999999993,18.306202333695403,6.323429216427377e-06,0.004144970784022706,0.0028484,0.9517066201456694,0.975056876911583,0.021848399999999994
1850,0.9460000000000001,0.01999999999999999,18.649477249703036,6.468187635887073e-06,0.004267340819757298,0.0028484,0.9520761254837007,0.9721116927171721,0.02284839999999999
1851,0.9460000000000001,0.02099999999999999,19.006466400432934,6.62084149827756e-06,0.00437627112274364,0.0028484,0.952010925679813,0.97074000784211,0.023848399999999992
1852,0.9460000000000001,0.021999999999999992,19.64457101042961,6.899856633026041e-06,0.0046428365299773225,0.0028484,0.9529691484105928,0.9647027778843534,0.024848399999999993
1853,0.9460000000000001,0.02299999999999999,19.931610216544467,7.027872122720588e-06,0.00479937454123027,0.0028484,0.9538608273147939,0.9602358014805049,0.02584839999999999
1854,0.9460000000000001,0.023999999999999987,20.207230256046852,7.1525394623814544e-06,0.004962240568742237,0.0028484,0.9547658479376947,0.9559168306082733,0.026848399999999988
1855,0.9460000000000001,0.024999999999999988,20.48586131013944,7.280422820602975e-06,0.005121461978428,0.0028484,0.9554593815947091,0.9527100426228062,0.02784839999999999
1856,0.9460000000000001,0.02599999999999999,21.07339821742293,7.555600586705634e-06,0.0054103461818444136,0.0028484,0.9559264940172283,0.949937856925359,0.02884839999999999
1857,0.9460000000000001,0.02699999999999999,21.339622424751017,7.683049130585667e-06,0.005588503726547698,0.0028484,0.9565320829080005,0.9461218573796907,0.02984839999999999
1858,0.9460000000000001,0.027999999999999983,32.58958592657026,1.796430488559902e-05,0.012388677673623238,0.0120824,0.9892626221042479,0.946178983107038,0.04008239999999998
1859,0.9460000000000001,0.028999999999999984,32.82966085400501,1.819842206890913e-05,0.012608605226550496,0.0120824,0.9888379714302711,0.9463226242566377,0.041082399999999984
1860,0.9460000000000001,0.029999999999999985,35.68122149270818,2.1845272976777316e-05,0.016072044704068297,0.0155334,0.9888735569250025,0.9460859711829057,0.04553339999999999
1861,0.9460000000000001,0.030999999999999986,36.96378340720313,2.3614962846278955e-05,0.017399702548400637,0.0163911,0.9886557998677027,0.9468320799832376,0.047391099999999985
1862,0.9460000000000001,0.03199999999999998,47.88046843855063,4.482654451986101e-05,0.033567684098273945,0.0276471,0.989845856550686,0.9477969551101513,0.05964709999999998
1863,0.9460000000000001,0.03299999999999998,47.2922025399692,4.3311012098637677e-05,0.032822707362600435,0.0268659,0.9894502015482537,0.9462349736524029,0.059865899999999986
1864,0.9460000000000001,0.03399999999999998,47.52849302800075,4.37954305342596e-05,0.03322144441806469,0.0268659,0.9891321818424854,0.9461143212008453,0.06086589999999999
1865,0.9460000000000001,0.03499999999999998,48.571474889714054,4.6291458169402247e-05,0.03487936437729609,0.0276471,0.9890329494777573,0.9461984197612069,0.06264709999999998
1866,0.9460000000000001,0.035999999999999976,52.544081921099135,5.69581462103351e-05,0.042497566231075166,0.0316222,0.9891385074506714,0.9463878714667909,0.06762219999999998
1867,0.9460000000000001,0.03699999999999998,52.74301306429208,5.745759826705382e-05,0.04296153717049182,0.0316222,0.9889879513731852,0.9460115259512302,0.06862219999999998
1868,0.9460000000000001,0.03799999999999998,53.19890679257951,5.861148119781652e-05,0.0437175166229504,0.0316222,0.9883857218541172,0.9467001334737489,0.06962219999999998
1869,0.9460000000000001,0.03899999999999998,53.416420956399726,5.9166973945672906e-05,0.04412459687660184,0.0316222,0.9881425190422557,0.9467858394873063,0.07062219999999998
1870,0.9460000000000001,0.03999999999999997,53.60977318625448,5.9664149297599514e-05,0.04462463589761724,0.0316222,0.9880249183144402,0.9460034056054966,0.07162219999999997
1871,0.9460000000000001,0.040999999999999974,54.58213254553442,6.253826053925094e-05,0.04632152226355103,0.0323821,0.98752801676621,0.9475112657322018,0.07338209999999998
1872,0.9460000000000001,0.041999999999999975,54.58213254553442,6.253826053925094e-05,0.04632152226355103,0.0323821,0.98752801676621,0.9475112657322018,0.07438209999999998
1873,0.9460000000000001,0.042999999999999976,54.58213254553442,6.253826053925094e-05,0.04632152226355103,0.0323821,0.98752801676621,0.9475112657322018,0.07538209999999998
1874,0.9460000000000001,0.04399999999999998,54.58213254553442,6.253826053925094e-05,0.04632152226355103,0.0323821,0.98752801676621,0.9475112657322018,0.07638209999999998
1875,0.9460000000000001,0.04499999999999997,54.58213254553442,6.253826053925094e-05,0.04632152226355103,0.0323821,0.98752801676621,0.9475112657322018,0.07738209999999997
1876,0.9460000000000001,0.04599999999999997,54.58213254553442,6.253826053925094e-05,0.04632152226355103,0.0323821,0.98752801676621,0.9475112657322018,0.07838209999999997
1877,0.9460000000000001,0.04699999999999997,54.58213254553442,6.253826053925094e-05,0.04632152226355103,0.0323821,0.98752801676621,0.9475112657322018,0.07938209999999997
1878,0.9460000000000001,0.047999999999999966,54.58213254553442,6.253826053925094e-05,0.04632152226355103,0.0323821,0.98752801676621,0.9475112657322018,0.08038209999999996
1879,0.9460000000000001,0.04899999999999997,54.58213254553442,6.253826053925094e-05,0.04632152226355103,0.0323821,0.98752801676621,0.9475112657322018,0.08138209999999996
1880,0.9470000000000001,0.01,13.379586345528399,4.394074368307124e-06,0.0033386169143680374,0.0028484,0.9688432182344582,0.9787760118647355,0.0128484
1881,0.9470000000000001,0.011,14.031818883476717,4.636762944573607e-06,0.003298267841772142,0.0028484,0.9609279096296571,0.9817069032379813,0.0138484
1882,0.9470000000000001,0.011999999999999999,14.379112320461317,4.767438155065803e-06,0.003451648393704613,0.0028484,0.9626301123274507,0.9766359141457521,0.014848399999999998
1883,0.9470000000000001,0.012999999999999998,15.022082581895585,5.012110393756075e-06,0.0034189981506227464,0.0028484,0.955492053297844,0.9797517170062728,0.0158484
1884,0.9470000000000001,0.013999999999999997,15.87406390865404,5.341693519598116e-06,0.0036228176760949335,0.0028484,0.9551778894357867,0.9782165256530232,0.016848399999999996
1885,0.9470000000000001,0.014999999999999996,16.356203748576533,5.529657900997321e-06,0.0036560041641895066,0.0028484,0.9527475617787137,0.9806548133259199,0.017848399999999997
1886,0.9470000000000001,0.015999999999999993,16.701955651370376,5.6662268721872935e-06,0.00377678885276301,0.0028484,0.9537739239910008,0.9772853748376463,0.018848399999999994
1887,0.9470000000000001,0.016999999999999994,17.09798512138215,5.825328144391394e-06,0.00386889284907065,0.0028484,0.953471132385366,0.9768541712556255,0.019848399999999995
1888,0.9470000000000001,0.017999999999999995,17.925167211302654,6.1646575638765935e-06,0.00404798851281294,0.0028484,0.9519826953447572,0.9759568875469974,0.020848399999999996
1889,0.9470000000000001,0.018999999999999993,18.306202333695403,6.323429216427377e-06,0.004144970784022706,0.0028484,0.9517066201456694,0.975056876911583,0.021848399999999994
1890,0.9470000000000001,0.01999999999999999,18.649477249703036,6.468187635887073e-06,0.004267340819757298,0.0028484,0.9520761254837007,0.9721116927171721,0.02284839999999999
1891,0.9470000000000001,0.02099999999999999,19.006466400432934,6.62084149827756e-06,0.00437627112274364,0.0028484,0.952010925679813,0.97074000784211,0.023848399999999992
1892,0.9470000000000001,0.021999999999999992,19.64457101042961,6.899856633026041e-06,0.0046428365299773225,0.0028484,0.9529691484105928,0.9647027778843534,0.024848399999999993
1893,0.9470000000000001,0.02299999999999999,19.931610216544467,7.027872122720588e-06,0.00479937454123027,0.0028484,0.9538608273147939,0.9602358014805049,0.02584839999999999
1894,0.9470000000000001,0.023999999999999987,20.207230256046852,7.1525394623814544e-06,0.004962240568742237,0.0028484,0.9547658479376947,0.9559168306082733,0.026848399999999988
1895,0.9470000000000001,0.024999999999999988,20.48586131013944,7.280422820602975e-06,0.005121461978428,0.0028484,0.9554593815947091,0.9527100426228062,0.02784839999999999
1896,0.9470000000000001,0.02599999999999999,21.07339821742293,7.555600586705634e-06,0.0054103461818444136,0.0028484,0.9559264940172283,0.949937856925359,0.02884839999999999
1897,0.9470000000000001,0.02699999999999999,33.14862226969707,1.8678289999915493e-05,0.012823349442874677,0.0129824,0.9894014485726952,0.9492291704662634,0.03998239999999999
1898,0.9470000000000001,0.027999999999999983,33.36065592461729,1.889306587371501e-05,0.01309177235267173,0.0129824,0.989216405260095,0.9478565712219557,0.04098239999999998
1899,0.9470000000000001,0.028999999999999984,36.28498730599378,2.2780389468854372e-05,0.01656529236964732,0.0163911,0.9896231954283524,0.9481456574534641,0.04539109999999998
1900,0.9470000000000001,0.029999999999999985,36.49335959059553,2.303444313863061e-05,0.01686812794131854,0.0163911,0.9894234624348771,0.9470320477912855,0.046391099999999984
1901,0.9470000000000001,0.030999999999999986,47.37905371481317,4.378238808801575e-05,0.03285448952245337,0.0276471,0.9906644534753556,0.9470982407615262,0.05864709999999999
1902,0.9470000000000001,0.03199999999999998,47.88046843855063,4.482654451986101e-05,0.033567684098273945,0.0276471,0.989845856550686,0.9477969551101513,0.05964709999999998
1903,0.9470000000000001,0.03299999999999998,48.12801049563307,4.53483941255662e-05,0.033973003604387264,0.0276471,0.9894851977796171,0.947677488911004,0.06064709999999998
1904,0.9470000000000001,0.03399999999999998,48.36219201433132,4.584512030682953e-05,0.0344059360849056,0.0276471,0.9891980889720119,0.947207229980985,0.06164709999999998
1905,0.9470000000000001,0.03499999999999998,52.833208019637695,5.798006291891788e-05,0.04291109660061307,0.0323821,0.9894283672672148,0.9480251533981711,0.06738209999999997
1906,0.9470000000000001,0.035999999999999976,53.2771147581187,5.911655671749949e-05,0.04371357269980129,0.0323821,0.9889036392329362,0.9483290722562613,0.06838209999999997
1907,0.9470000000000001,0.03699999999999998,53.49222133139319,5.9671821556202976e-05,0.044131044407256584,0.0323821,0.9886809617570887,0.9483320436687208,0.06938209999999997
1908,0.9470000000000001,0.03799999999999998,53.904890919187814,6.0746779866207464e-05,0.04504036644920702,0.0323821,0.9883266213413309,0.9476295458334008,0.07038209999999998
1909,0.9470000000000001,0.03899999999999998,54.13535609503022,6.135343745298166e-05,0.045469061962332434,0.0323821,0.9880420900359658,0.94761610886113,0.07138209999999998
1910,0.9470000000000001,0.03999999999999997,54.37249585593269,6.198127064680528e-05,0.04587561497015043,0.0323821,0.9877227086823873,0.9477745509675118,0.07238209999999998
1911,0.9470000000000001,0.040999999999999974,54.58213254553442,6.253826053925094e-05,0.04632152226355103,0.0323821,0.98752801676621,0.9475112657322018,0.07338209999999998
1912,0.9470000000000001,0.041999999999999975,54.58213254553442,6.253826053925094e-05,0.04632152226355103,0.0323821,0.98752801676621,0.9475112657322018,0.07438209999999998
1913,0.9470000000000001,0.042999999999999976,54.58213254553442,6.253826053925094e-05,0.04632152226355103,0.0323821,0.98752801676621,0.9475112657322018,0.07538209999999998
1914,0.9470000000000001,0.04399999999999998,54.58213254553442,6.253826053925094e-05,0.04632152226355103,0.0323821,0.98752801676621,0.9475112657322018,0.07638209999999998
1915,0.9470000000000001,0.04499999999999997,54.58213254553442,6.253826053925094e-05,0.04632152226355103,0.0323821,0.98752801676621,0.9475112657322018,0.07738209999999997
1916,0.9470000000000001,0.04599999999999997,54.58213254553442,6.253826053925094e-05,0.04632152226355103,0.0323821,0.98752801676621,0.9475112657322018,0.07838209999999997
1917,0.9470000000000001,0.04699999999999997,54.58213254553442,6.253826053925094e-05,0.04632152226355103,0.0323821,0.98752801676621,0.9475112657322018,0.07938209999999997
1918,0.9470000000000001,0.047999999999999966,54.58213254553442,6.253826053925094e-05,0.04632152226355103,0.0323821,0.98752801676621,0.9475112657322018,0.08038209999999996
1919,0.9470000000000001,0.04899999999999997,54.58213254553442,6.253826053925094e-05,0.04632152226355103,0.0323821,0.98752801676621,0.9475112657322018,0.08138209999999996
1920,0.9480000000000001,0.01,13.379586345528399,4.394074368307124e-06,0.0033386169143680374,0.0028484,0.9688432182344582,0.9787760118647355,0.0128484
1921,0.9480000000000001,0.011,14.031818883476717,4.636762944573607e-06,0.003298267841772142,0.0028484,0.9609279096296571,0.9817069032379813,0.0138484
1922,0.9480000000000001,0.011999999999999999,14.379112320461317,4.767438155065803e-06,0.003451648393704613,0.0028484,0.9626301123274507,0.9766359141457521,0.014848399999999998
1923,0.9480000000000001,0.012999999999999998,15.022082581895585,5.012110393756075e-06,0.0034189981506227464,0.0028484,0.955492053297844,0.9797517170062728,0.0158484
1924,0.9480000000000001,0.013999999999999997,15.87406390865404,5.341693519598116e-06,0.0036228176760949335,0.0028484,0.9551778894357867,0.9782165256530232,0.016848399999999996
1925,0.9480000000000001,0.014999999999999996,16.356203748576533,5.529657900997321e-06,0.0036560041641895066,0.0028484,0.9527475617787137,0.9806548133259199,0.017848399999999997
1926,0.9480000000000001,0.015999999999999993,16.701955651370376,5.6662268721872935e-06,0.00377678885276301,0.0028484,0.9537739239910008,0.9772853748376463,0.018848399999999994
1927,0.9480000000000001,0.016999999999999994,17.09798512138215,5.825328144391394e-06,0.00386889284907065,0.0028484,0.953471132385366,0.9768541712556255,0.019848399999999995
1928,0.9480000000000001,0.017999999999999995,17.925167211302654,6.1646575638765935e-06,0.00404798851281294,0.0028484,0.9519826953447572,0.9759568875469974,0.020848399999999996
1929,0.9480000000000001,0.018999999999999993,18.306202333695403,6.323429216427377e-06,0.004144970784022706,0.0028484,0.9517066201456694,0.975056876911583,0.021848399999999994
1930,0.9480000000000001,0.01999999999999999,18.649477249703036,6.468187635887073e-06,0.004267340819757298,0.0028484,0.9520761254837007,0.9721116927171721,0.02284839999999999
1931,0.9480000000000001,0.02099999999999999,19.006466400432934,6.62084149827756e-06,0.00437627112274364,0.0028484,0.952010925679813,0.97074000784211,0.023848399999999992
1932,0.9480000000000001,0.021999999999999992,19.64457101042961,6.899856633026041e-06,0.0046428365299773225,0.0028484,0.9529691484105928,0.9647027778843534,0.024848399999999993
1933,0.9480000000000001,0.02299999999999999,19.931610216544467,7.027872122720588e-06,0.00479937454123027,0.0028484,0.9538608273147939,0.9602358014805049,0.02584839999999999
1934,0.9480000000000001,0.023999999999999987,20.207230256046852,7.1525394623814544e-06,0.004962240568742237,0.0028484,0.9547658479376947,0.9559168306082733,0.026848399999999988
1935,0.9480000000000001,0.024999999999999988,20.48586131013944,7.280422820602975e-06,0.005121461978428,0.0028484,0.9554593815947091,0.9527100426228062,0.02784839999999999
1936,0.9480000000000001,0.02599999999999999,21.07339821742293,7.555600586705634e-06,0.0054103461818444136,0.0028484,0.9559264940172283,0.949937856925359,0.02884839999999999
1937,0.9480000000000001,0.02699999999999999,33.14862226969707,1.8678289999915493e-05,0.012823349442874677,0.0129824,0.9894014485726952,0.9492291704662634,0.03998239999999999
1938,0.9480000000000001,0.027999999999999983,36.05817949844673,2.2506317237429835e-05,0.01630231849963743,0.0163911,0.9899543025814675,0.9482984520269571,0.04439109999999998
1939,0.9480000000000001,0.028999999999999984,36.28498730599378,2.2780389468854372e-05,0.01656529236964732,0.0163911,0.9896231954283524,0.9481456574534641,0.04539109999999998
1940,0.9480000000000001,0.029999999999999985,47.93603378910025,4.519053687886332e-05,0.03353119178019254,0.0284199,0.9905137483641446,0.9496784591928528,0.05841989999999998
1941,0.9480000000000001,0.030999999999999986,48.17496531655214,4.5699341253424015e-05,0.03393165792334513,0.0284199,0.9901954362531803,0.9495692948646771,0.059419899999999984
1942,0.9480000000000001,0.03199999999999998,48.66029682309034,4.674435079910129e-05,0.03477200288183399,0.0284199,0.9895518624302777,0.94898581634945,0.060419899999999985
1943,0.9480000000000001,0.03299999999999998,49.606006214950625,4.9086125860381176e-05,0.0365286213326616,0.029212,0.9892321097265904,0.9485372631030446,0.062211999999999976
1944,0.9480000000000001,0.03399999999999998,51.96389897435644,5.551729679741268e-05,0.041058105158930644,0.0316222,0.9895070467907198,0.9481538939761665,0.06562219999999999
1945,0.9480000000000001,0.03499999999999998,52.833208019637695,5.798006291891788e-05,0.04291109660061307,0.0323821,0.9894283672672148,0.9480251533981711,0.06738209999999997
1946,0.9480000000000001,0.035999999999999976,53.2771147581187,5.911655671749949e-05,0.04371357269980129,0.0323821,0.9889036392329362,0.9483290722562613,0.06838209999999997
1947,0.9480000000000001,0.03699999999999998,53.49222133139319,5.9671821556202976e-05,0.044131044407256584,0.0323821,0.9886809617570887,0.9483320436687208,0.06938209999999997
1948,0.9480000000000001,0.03799999999999998,54.6475613517176,6.301581085482173e-05,0.046302691345427936,0.0331029,0.9878974329712399,0.9494244142281353,0.07110289999999997
1949,0.9480000000000001,0.03899999999999998,54.85853601612995,6.358531792296692e-05,0.04674931382663048,0.0331029,0.9877067408775991,0.9491566604470696,0.07210289999999997
1950,0.9480000000000001,0.03999999999999997,54.85853601612995,6.358531792296692e-05,0.04674931382663048,0.0331029,0.9877067408775991,0.9491566604470696,0.07310289999999997
1951,0.9480000000000001,0.040999999999999974,54.85853601612995,6.358531792296692e-05,0.04674931382663048,0.0331029,0.9877067408775991,0.9491566604470696,0.07410289999999997
1952,0.9480000000000001,0.041999999999999975,54.85853601612995,6.358531792296692e-05,0.04674931382663048,0.0331029,0.9877067408775991,0.9491566604470696,0.07510289999999997
1953,0.9480000000000001,0.042999999999999976,54.85853601612995,6.358531792296692e-05,0.04674931382663048,0.0331029,0.9877067408775991,0.9491566604470696,0.07610289999999997
1954,0.9480000000000001,0.04399999999999998,54.85853601612995,6.358531792296692e-05,0.04674931382663048,0.0331029,0.9877067408775991,0.9491566604470696,0.07710289999999997
1955,0.9480000000000001,0.04499999999999997,54.85853601612995,6.358531792296692e-05,0.04674931382663048,0.0331029,0.9877067408775991,0.9491566604470696,0.07810289999999998
1956,0.9480000000000001,0.04599999999999997,54.85853601612995,6.358531792296692e-05,0.04674931382663048,0.0331029,0.9877067408775991,0.9491566604470696,0.07910289999999998
1957,0.9480000000000001,0.04699999999999997,54.85853601612995,6.358531792296692e-05,0.04674931382663048,0.0331029,0.9877067408775991,0.9491566604470696,0.08010289999999998
1958,0.9480000000000001,0.047999999999999966,54.85853601612995,6.358531792296692e-05,0.04674931382663048,0.0331029,0.9877067408775991,0.9491566604470696,0.08110289999999996
1959,0.9480000000000001,0.04899999999999997,54.85853601612995,6.358531792296692e-05,0.04674931382663048,0.0331029,0.9877067408775991,0.9491566604470696,0.08210289999999996
1960,0.9490000000000001,0.01,13.379586345528399,4.394074368307124e-06,0.0033386169143680374,0.0028484,0.9688432182344582,0.9787760118647355,0.0128484
1961,0.9490000000000001,0.011,14.031818883476717,4.636762944573607e-06,0.003298267841772142,0.0028484,0.9609279096296571,0.9817069032379813,0.0138484
1962,0.9490000000000001,0.011999999999999999,14.379112320461317,4.767438155065803e-06,0.003451648393704613,0.0028484,0.9626301123274507,0.9766359141457521,0.014848399999999998
1963,0.9490000000000001,0.012999999999999998,15.022082581895585,5.012110393756075e-06,0.0034189981506227464,0.0028484,0.955492053297844,0.9797517170062728,0.0158484
1964,0.9490000000000001,0.013999999999999997,15.87406390865404,5.341693519598116e-06,0.0036228176760949335,0.0028484,0.9551778894357867,0.9782165256530232,0.016848399999999996
1965,0.9490000000000001,0.014999999999999996,16.356203748576533,5.529657900997321e-06,0.0036560041641895066,0.0028484,0.9527475617787137,0.9806548133259199,0.017848399999999997
1966,0.9490000000000001,0.015999999999999993,16.701955651370376,5.6662268721872935e-06,0.00377678885276301,0.0028484,0.9537739239910008,0.9772853748376463,0.018848399999999994
1967,0.9490000000000001,0.016999999999999994,17.09798512138215,5.825328144391394e-06,0.00386889284907065,0.0028484,0.953471132385366,0.9768541712556255,0.019848399999999995
1968,0.9490000000000001,0.017999999999999995,17.925167211302654,6.1646575638765935e-06,0.00404798851281294,0.0028484,0.9519826953447572,0.9759568875469974,0.020848399999999996
1969,0.9490000000000001,0.018999999999999993,18.306202333695403,6.323429216427377e-06,0.004144970784022706,0.0028484,0.9517066201456694,0.975056876911583,0.021848399999999994
1970,0.9490000000000001,0.01999999999999999,18.649477249703036,6.468187635887073e-06,0.004267340819757298,0.0028484,0.9520761254837007,0.9721116927171721,0.02284839999999999
1971,0.9490000000000001,0.02099999999999999,19.006466400432934,6.62084149827756e-06,0.00437627112274364,0.0028484,0.952010925679813,0.97074000784211,0.023848399999999992
1972,0.9490000000000001,0.021999999999999992,19.64457101042961,6.899856633026041e-06,0.0046428365299773225,0.0028484,0.9529691484105928,0.9647027778843534,0.024848399999999993
1973,0.9490000000000001,0.02299999999999999,19.931610216544467,7.027872122720588e-06,0.00479937454123027,0.0028484,0.9538608273147939,0.9602358014805049,0.02584839999999999
1974,0.9490000000000001,0.023999999999999987,20.207230256046852,7.1525394623814544e-06,0.004962240568742237,0.0028484,0.9547658479376947,0.9559168306082733,0.026848399999999988
1975,0.9490000000000001,0.024999999999999988,20.48586131013944,7.280422820602975e-06,0.005121461978428,0.0028484,0.9554593815947091,0.9527100426228062,0.02784839999999999
1976,0.9490000000000001,0.02599999999999999,21.07339821742293,7.555600586705634e-06,0.0054103461818444136,0.0028484,0.9559264940172283,0.949937856925359,0.02884839999999999
1977,0.9490000000000001,0.02699999999999999,33.14862226969707,1.8678289999915493e-05,0.012823349442874677,0.0129824,0.9894014485726952,0.9492291704662634,0.03998239999999999
1978,0.9490000000000001,0.027999999999999983,36.680044220761594,2.3373188901272887e-05,0.017133400268009996,0.0172468,0.9891814393711982,0.9497203736946417,0.04524679999999998
1979,0.9490000000000001,0.028999999999999984,36.921555073723354,2.367657085677818e-05,0.01739627890599164,0.0172468,0.9887940431657313,0.9496863497500672,0.046246799999999984
1980,0.9490000000000001,0.029999999999999985,47.93603378910025,4.519053687886332e-05,0.03353119178019254,0.0284199,0.9905137483641446,0.9496784591928528,0.05841989999999998
1981,0.9490000000000001,0.030999999999999986,48.17496531655214,4.5699341253424015e-05,0.03393165792334513,0.0284199,0.9901954362531803,0.9495692948646771,0.059419899999999984
1982,0.9490000000000001,0.03199999999999998,50.105423802087216,5.048738700379196e-05,0.037417519368508526,0.0299559,0.9894242946651076,0.9490993378251583,0.06195589999999998
1983,0.9490000000000001,0.03299999999999998,53.09631371448682,5.891911528350803e-05,0.04333725249431626,0.0331029,0.9895817151998134,0.9496988563867643,0.06610289999999998
1984,0.9490000000000001,0.03399999999999998,53.29701021353844,5.943960613972256e-05,0.04380391152152019,0.0331029,0.9894395743648133,0.9493188883403736,0.06710289999999998
1985,0.9490000000000001,0.03499999999999998,53.54394820311354,6.008345848234186e-05,0.044139016031746754,0.0331029,0.9890617831755306,0.9499962551039836,0.06810289999999998
1986,0.9490000000000001,0.035999999999999976,53.981259523036364,6.123375775967524e-05,0.0449635421110041,0.0331029,0.9886045352363672,0.9500760738488119,0.06910289999999997
1987,0.9490000000000001,0.03699999999999998,54.175837011963246,6.175056692045363e-05,0.045467828963762315,0.0331029,0.9884968149473146,0.9492851983452657,0.07010289999999997
1988,0.9490000000000001,0.03799999999999998,54.6475613517176,6.301581085482173e-05,0.046302691345427936,0.0331029,0.9878974329712399,0.9494244142281353,0.07110289999999997
1989,0.9490000000000001,0.03899999999999998,54.85853601612995,6.358531792296692e-05,0.04674931382663048,0.0331029,0.9877067408775991,0.9491566604470696,0.07210289999999997
1990,0.9490000000000001,0.03999999999999997,54.85853601612995,6.358531792296692e-05,0.04674931382663048,0.0331029,0.9877067408775991,0.9491566604470696,0.07310289999999997
1991,0.9490000000000001,0.040999999999999974,54.85853601612995,6.358531792296692e-05,0.04674931382663048,0.0331029,0.9877067408775991,0.9491566604470696,0.07410289999999997
1992,0.9490000000000001,0.041999999999999975,54.85853601612995,6.358531792296692e-05,0.04674931382663048,0.0331029,0.9877067408775991,0.9491566604470696,0.07510289999999997
1993,0.9490000000000001,0.042999999999999976,54.85853601612995,6.358531792296692e-05,0.04674931382663048,0.0331029,0.9877067408775991,0.9491566604470696,0.07610289999999997
1994,0.9490000000000001,0.04399999999999998,54.85853601612995,6.358531792296692e-05,0.04674931382663048,0.0331029,0.9877067408775991,0.9491566604470696,0.07710289999999997
1995,0.9490000000000001,0.04499999999999997,54.85853601612995,6.358531792296692e-05,0.04674931382663048,0.0331029,0.9877067408775991,0.9491566604470696,0.07810289999999998
1996,0.9490000000000001,0.04599999999999997,54.85853601612995,6.358531792296692e-05,0.04674931382663048,0.0331029,0.9877067408775991,0.9491566604470696,0.07910289999999998
1997,0.9490000000000001,0.04699999999999997,54.85853601612995,6.358531792296692e-05,0.04674931382663048,0.0331029,0.9877067408775991,0.9491566604470696,0.08010289999999998
1998,0.9490000000000001,0.047999999999999966,54.85853601612995,6.358531792296692e-05,0.04674931382663048,0.0331029,0.9877067408775991,0.9491566604470696,0.08110289999999996
1999,0.9490000000000001,0.04899999999999997,54.85853601612995,6.358531792296692e-05,0.04674931382663048,0.0331029,0.9877067408775991,0.9491566604470696,0.08210289999999996
2000,0.9500000000000001,0.01,13.379586345528399,4.394074368307124e-06,0.0033386169143680374,0.0028484,0.9688432182344582,0.9787760118647355,0.0128484
2001,0.9500000000000001,0.011,14.031818883476717,4.636762944573607e-06,0.003298267841772142,0.0028484,0.9609279096296571,0.9817069032379813,0.0138484
2002,0.9500000000000001,0.011999999999999999,14.379112320461317,4.767438155065803e-06,0.003451648393704613,0.0028484,0.9626301123274507,0.9766359141457521,0.014848399999999998
2003,0.9500000000000001,0.012999999999999998,15.022082581895585,5.012110393756075e-06,0.0034189981506227464,0.0028484,0.955492053297844,0.9797517170062728,0.0158484
2004,0.9500000000000001,0.013999999999999997,15.87406390865404,5.341693519598116e-06,0.0036228176760949335,0.0028484,0.9551778894357867,0.9782165256530232,0.016848399999999996
2005,0.9500000000000001,0.014999999999999996,16.356203748576533,5.529657900997321e-06,0.0036560041641895066,0.0028484,0.9527475617787137,0.9806548133259199,0.017848399999999997
2006,0.9500000000000001,0.015999999999999993,16.701955651370376,5.6662268721872935e-06,0.00377678885276301,0.0028484,0.9537739239910008,0.9772853748376463,0.018848399999999994
2007,0.9500000000000001,0.016999999999999994,17.09798512138215,5.825328144391394e-06,0.00386889284907065,0.0028484,0.953471132385366,0.9768541712556255,0.019848399999999995
2008,0.9500000000000001,0.017999999999999995,17.925167211302654,6.1646575638765935e-06,0.00404798851281294,0.0028484,0.9519826953447572,0.9759568875469974,0.020848399999999996
2009,0.9500000000000001,0.018999999999999993,18.306202333695403,6.323429216427377e-06,0.004144970784022706,0.0028484,0.9517066201456694,0.975056876911583,0.021848399999999994
2010,0.9500000000000001,0.01999999999999999,18.649477249703036,6.468187635887073e-06,0.004267340819757298,0.0028484,0.9520761254837007,0.9721116927171721,0.02284839999999999
2011,0.9500000000000001,0.02099999999999999,19.006466400432934,6.62084149827756e-06,0.00437627112274364,0.0028484,0.952010925679813,0.97074000784211,0.023848399999999992
2012,0.9500000000000001,0.021999999999999992,19.64457101042961,6.899856633026041e-06,0.0046428365299773225,0.0028484,0.9529691484105928,0.9647027778843534,0.024848399999999993
2013,0.9500000000000001,0.02299999999999999,19.931610216544467,7.027872122720588e-06,0.00479937454123027,0.0028484,0.9538608273147939,0.9602358014805049,0.02584839999999999
2014,0.9500000000000001,0.023999999999999987,20.207230256046852,7.1525394623814544e-06,0.004962240568742237,0.0028484,0.9547658479376947,0.9559168306082733,0.026848399999999988
2015,0.9500000000000001,0.024999999999999988,20.48586131013944,7.280422820602975e-06,0.005121461978428,0.0028484,0.9554593815947091,0.9527100426228062,0.02784839999999999
2016,0.9500000000000001,0.02599999999999999,33.70323799691438,1.9422189431862488e-05,0.013305370725128347,0.0138858,0.9899932149595394,0.9505198457544055,0.039885799999999985
2017,0.9500000000000001,0.02699999999999999,36.468113675045046,2.3109128176940733e-05,0.016828877204612527,0.0172468,0.9893652871400606,0.9508485927738558,0.04424679999999999
2018,0.9500000000000001,0.027999999999999983,37.558149414693084,2.472614598024226e-05,0.017897439231260706,0.0181463,0.9896403379021935,0.9514586148212264,0.04614629999999999
2019,0.9500000000000001,0.028999999999999984,48.459068202640346,4.655033554249943e-05,0.034302783396750205,0.029212,0.9904780915703579,0.9513414203058701,0.058211999999999986
2020,0.9500000000000001,0.029999999999999985,48.71098749720639,4.710081446725466e-05,0.03470927053595695,0.029212,0.9901205317652209,0.9512293059066244,0.05921199999999999
2021,0.9500000000000001,0.030999999999999986,48.94843936244386,4.7622878670979135e-05,0.0351449877271737,0.029212,0.9898396955874197,0.9507630808307077,0.06021199999999999
2022,0.9500000000000001,0.03199999999999998,52.680717121962736,5.785024854527951e-05,0.04243003185390621,0.0331029,0.9899212766254547,0.9502029392327632,0.06510289999999998
2023,0.9500000000000001,0.03299999999999998,53.82487389299871,6.111104660527742e-05,0.044566814609835595,0.0338632,0.989270310471601,0.9516311042870002,0.06686319999999998
2024,0.9500000000000001,0.03399999999999998,54.04306660155192,6.16925384439581e-05,0.04498446514116065,0.0338632,0.989054249430202,0.9516283671644497,0.06786319999999998
2025,0.9500000000000001,0.03499999999999998,54.26525327848473,6.228816157248037e-05,0.045391199610049185,0.0338632,0.9888191648398027,0.9517056197469981,0.06886319999999999
2026,0.9500000000000001,0.035999999999999976,53.981259523036364,6.123375775967524e-05,0.0449635421110041,0.0331029,0.9886045352363672,0.9500760738488119,0.06910289999999997
2027,0.9500000000000001,0.03699999999999998,54.9360688354341,6.411129164291251e-05,0.046731965849442086,0.0338632,0.9881215957887238,0.9510452325171959,0.07086319999999999
2028,0.9500000000000001,0.03799999999999998,55.14824870995895,6.469331605784141e-05,0.047179291479928456,0.0338632,0.9879347096478348,0.9507735892938092,0.07186319999999999
2029,0.9500000000000001,0.03899999999999998,55.14824870995895,6.469331605784141e-05,0.047179291479928456,0.0338632,0.9879347096478348,0.9507735892938092,0.07286319999999999
2030,0.9500000000000001,0.03999999999999997,55.14824870995895,6.469331605784141e-05,0.047179291479928456,0.0338632,0.9879347096478348,0.9507735892938092,0.07386319999999998
2031,0.9500000000000001,0.040999999999999974,55.14824870995895,6.469331605784141e-05,0.047179291479928456,0.0338632,0.9879347096478348,0.9507735892938092,0.07486319999999998
2032,0.9500000000000001,0.041999999999999975,55.14824870995895,6.469331605784141e-05,0.047179291479928456,0.0338632,0.9879347096478348,0.9507735892938092,0.07586319999999998
2033,0.9500000000000001,0.042999999999999976,55.14824870995895,6.469331605784141e-05,0.047179291479928456,0.0338632,0.9879347096478348,0.9507735892938092,0.07686319999999998
2034,0.9500000000000001,0.04399999999999998,55.14824870995895,6.469331605784141e-05,0.047179291479928456,0.0338632,0.9879347096478348,0.9507735892938092,0.07786319999999998
2035,0.9500000000000001,0.04499999999999997,55.14824870995895,6.469331605784141e-05,0.047179291479928456,0.0338632,0.9879347096478348,0.9507735892938092,0.07886319999999997
2036,0.9500000000000001,0.04599999999999997,55.14824870995895,6.469331605784141e-05,0.047179291479928456,0.0338632,0.9879347096478348,0.9507735892938092,0.07986319999999997
2037,0.9500000000000001,0.04699999999999997,55.14824870995895,6.469331605784141e-05,0.047179291479928456,0.0338632,0.9879347096478348,0.9507735892938092,0.08086319999999997
2038,0.9500000000000001,0.047999999999999966,55.14824870995895,6.469331605784141e-05,0.047179291479928456,0.0338632,0.9879347096478348,0.9507735892938092,0.08186319999999997
2039,0.9500000000000001,0.04899999999999997,55.14824870995895,6.469331605784141e-05,0.047179291479928456,0.0338632,0.9879347096478348,0.9507735892938092,0.08286319999999997
2040,0.9510000000000001,0.01,13.379586345528399,4.394074368307124e-06,0.0033386169143680374,0.0028484,0.9688432182344582,0.9787760118647355,0.0128484
2041,0.9510000000000001,0.011,14.031818883476717,4.636762944573607e-06,0.003298267841772142,0.0028484,0.9609279096296571,0.9817069032379813,0.0138484
2042,0.9510000000000001,0.011999999999999999,14.379112320461317,4.767438155065803e-06,0.003451648393704613,0.0028484,0.9626301123274507,0.9766359141457521,0.014848399999999998
2043,0.9510000000000001,0.012999999999999998,15.022082581895585,5.012110393756075e-06,0.0034189981506227464,0.0028484,0.955492053297844,0.9797517170062728,0.0158484
2044,0.9510000000000001,0.013999999999999997,15.87406390865404,5.341693519598116e-06,0.0036228176760949335,0.0028484,0.9551778894357867,0.9782165256530232,0.016848399999999996
2045,0.9510000000000001,0.014999999999999996,16.356203748576533,5.529657900997321e-06,0.0036560041641895066,0.0028484,0.9527475617787137,0.9806548133259199,0.017848399999999997
2046,0.9510000000000001,0.015999999999999993,16.701955651370376,5.6662268721872935e-06,0.00377678885276301,0.0028484,0.9537739239910008,0.9772853748376463,0.018848399999999994
2047,0.9510000000000001,0.016999999999999994,17.09798512138215,5.825328144391394e-06,0.00386889284907065,0.0028484,0.953471132385366,0.9768541712556255,0.019848399999999995
2048,0.9510000000000001,0.017999999999999995,17.925167211302654,6.1646575638765935e-06,0.00404798851281294,0.0028484,0.9519826953447572,0.9759568875469974,0.020848399999999996
2049,0.9510000000000001,0.018999999999999993,18.306202333695403,6.323429216427377e-06,0.004144970784022706,0.0028484,0.9517066201456694,0.975056876911583,0.021848399999999994
2050,0.9510000000000001,0.01999999999999999,18.649477249703036,6.468187635887073e-06,0.004267340819757298,0.0028484,0.9520761254837007,0.9721116927171721,0.02284839999999999
2051,0.9510000000000001,0.02099999999999999,19.006466400432934,6.62084149827756e-06,0.00437627112274364,0.0028484,0.952010925679813,0.97074000784211,0.023848399999999992
2052,0.9510000000000001,0.021999999999999992,19.64457101042961,6.899856633026041e-06,0.0046428365299773225,0.0028484,0.9529691484105928,0.9647027778843534,0.024848399999999993
2053,0.9510000000000001,0.02299999999999999,19.931610216544467,7.027872122720588e-06,0.00479937454123027,0.0028484,0.9538608273147939,0.9602358014805049,0.02584839999999999
2054,0.9510000000000001,0.023999999999999987,20.207230256046852,7.1525394623814544e-06,0.004962240568742237,0.0028484,0.9547658479376947,0.9559168306082733,0.026848399999999988
2055,0.9510000000000001,0.024999999999999988,20.48586131013944,7.280422820602975e-06,0.005121461978428,0.0028484,0.9554593815947091,0.9527100426228062,0.02784839999999999
2056,0.9510000000000001,0.02599999999999999,34.07202412391051,1.989992141458892e-05,0.013837970388852976,0.0147003,0.9895481643250958,0.9517036160931521,0.04070029999999999
2057,0.9510000000000001,0.02699999999999999,37.31974416996652,2.4416335870864634e-05,0.017627341330245815,0.0181463,0.990010028347454,0.9516312820748887,0.045146299999999986
2058,0.9510000000000001,0.027999999999999983,37.558149414693084,2.472614598024226e-05,0.017897439231260706,0.0181463,0.9896403379021935,0.9514586148212264,0.04614629999999999
2059,0.9510000000000001,0.028999999999999984,48.459068202640346,4.655033554249943e-05,0.034302783396750205,0.029212,0.9904780915703579,0.9513414203058701,0.058211999999999986
2060,0.9510000000000001,0.029999999999999985,48.71098749720639,4.710081446725466e-05,0.03470927053595695,0.029212,0.9901205317652209,0.9512293059066244,0.05921199999999999
2061,0.9510000000000001,0.030999999999999986,52.512200470309566,5.74206332646935e-05,0.04188678081950197,0.0331029,0.9899218496694359,0.9514787731706967,0.06410289999999999
2062,0.9510000000000001,0.03199999999999998,53.373768791838856,5.991868938257572e-05,0.043765888365360245,0.0338632,0.9897858739773577,0.9513387717627444,0.06586319999999998
2063,0.9510000000000001,0.03299999999999998,53.82487389299871,6.111104660527742e-05,0.044566814609835595,0.0338632,0.989270310471601,0.9516311042870002,0.06686319999999998
2064,0.9510000000000001,0.03399999999999998,54.04306660155192,6.16925384439581e-05,0.04498446514116065,0.0338632,0.989054249430202,0.9516283671644497,0.06786319999999998
2065,0.9510000000000001,0.03499999999999998,54.26525327848473,6.228816157248037e-05,0.045391199610049185,0.0338632,0.9888191648398027,0.9517056197469981,0.06886319999999999
2066,0.9510000000000001,0.035999999999999976,55.44647597860809,6.584518526592077e-05,0.04761132855681684,0.0347226,0.9881926399135507,0.9523612085465719,0.07072259999999997
2067,0.9510000000000001,0.03699999999999998,54.9360688354341,6.411129164291251e-05,0.046731965849442086,0.0338632,0.9881215957887238,0.9510452325171959,0.07086319999999999
2068,0.9510000000000001,0.03799999999999998,55.44647597860809,6.584518526592077e-05,0.04761132855681684,0.0347226,0.9881926399135507,0.9523612085465719,0.07272259999999997
2069,0.9510000000000001,0.03899999999999998,55.44647597860809,6.584518526592077e-05,0.04761132855681684,0.0347226,0.9881926399135507,0.9523612085465719,0.07372259999999997
2070,0.9510000000000001,0.03999999999999997,55.44647597860809,6.584518526592077e-05,0.04761132855681684,0.0347226,0.9881926399135507,0.9523612085465719,0.07472259999999997
2071,0.9510000000000001,0.040999999999999974,55.44647597860809,6.584518526592077e-05,0.04761132855681684,0.0347226,0.9881926399135507,0.9523612085465719,0.07572259999999997
2072,0.9510000000000001,0.041999999999999975,55.44647597860809,6.584518526592077e-05,0.04761132855681684,0.0347226,0.9881926399135507,0.9523612085465719,0.07672259999999997
2073,0.9510000000000001,0.042999999999999976,55.44647597860809,6.584518526592077e-05,0.04761132855681684,0.0347226,0.9881926399135507,0.9523612085465719,0.07772259999999998
2074,0.9510000000000001,0.04399999999999998,55.44647597860809,6.584518526592077e-05,0.04761132855681684,0.0347226,0.9881926399135507,0.9523612085465719,0.07872259999999998
2075,0.9510000000000001,0.04499999999999997,55.44647597860809,6.584518526592077e-05,0.04761132855681684,0.0347226,0.9881926399135507,0.9523612085465719,0.07972259999999998
2076,0.9510000000000001,0.04599999999999997,55.44647597860809,6.584518526592077e-05,0.04761132855681684,0.0347226,0.9881926399135507,0.9523612085465719,0.08072259999999998
2077,0.9510000000000001,0.04699999999999997,55.44647597860809,6.584518526592077e-05,0.04761132855681684,0.0347226,0.9881926399135507,0.9523612085465719,0.08172259999999998
2078,0.9510000000000001,0.047999999999999966,55.44647597860809,6.584518526592077e-05,0.04761132855681684,0.0347226,0.9881926399135507,0.9523612085465719,0.08272259999999997
2079,0.9510000000000001,0.04899999999999997,55.44647597860809,6.584518526592077e-05,0.04761132855681684,0.0347226,0.9881926399135507,0.9523612085465719,0.08372259999999997
2080,0.9520000000000001,0.01,13.379586345528399,4.394074368307124e-06,0.0033386169143680374,0.0028484,0.9688432182344582,0.9787760118647355,0.0128484
2081,0.9520000000000001,0.011,14.031818883476717,4.636762944573607e-06,0.003298267841772142,0.0028484,0.9609279096296571,0.9817069032379813,0.0138484
2082,0.9520000000000001,0.011999999999999999,14.379112320461317,4.767438155065803e-06,0.003451648393704613,0.0028484,0.9626301123274507,0.9766359141457521,0.014848399999999998
2083,0.9520000000000001,0.012999999999999998,15.022082581895585,5.012110393756075e-06,0.0034189981506227464,0.0028484,0.955492053297844,0.9797517170062728,0.0158484
2084,0.9520000000000001,0.013999999999999997,15.87406390865404,5.341693519598116e-06,0.0036228176760949335,0.0028484,0.9551778894357867,0.9782165256530232,0.016848399999999996
2085,0.9520000000000001,0.014999999999999996,16.356203748576533,5.529657900997321e-06,0.0036560041641895066,0.0028484,0.9527475617787137,0.9806548133259199,0.017848399999999997
2086,0.9520000000000001,0.015999999999999993,16.701955651370376,5.6662268721872935e-06,0.00377678885276301,0.0028484,0.9537739239910008,0.9772853748376463,0.018848399999999994
2087,0.9520000000000001,0.016999999999999994,17.09798512138215,5.825328144391394e-06,0.00386889284907065,0.0028484,0.953471132385366,0.9768541712556255,0.019848399999999995
2088,0.9520000000000001,0.017999999999999995,19.204761995915163,6.99464327964956e-06,0.0042046996688309725,0.0036086,0.9604300152275799,0.9762233868896468,0.021608599999999995
2089,0.9520000000000001,0.018999999999999993,19.89470489333974,7.306186942795754e-06,0.004441146795817778,0.0036086,0.9608835904275482,0.9720778408611764,0.022608599999999993
2090,0.9520000000000001,0.01999999999999999,18.649477249703036,6.468187635887073e-06,0.004267340819757298,0.0028484,0.9520761254837007,0.9721116927171721,0.02284839999999999
2091,0.9520000000000001,0.02099999999999999,19.006466400432934,6.62084149827756e-06,0.00437627112274364,0.0028484,0.952010925679813,0.97074000784211,0.023848399999999992
2092,0.9520000000000001,0.021999999999999992,19.64457101042961,6.899856633026041e-06,0.0046428365299773225,0.0028484,0.9529691484105928,0.9647027778843534,0.024848399999999993
2093,0.9520000000000001,0.02299999999999999,19.931610216544467,7.027872122720588e-06,0.00479937454123027,0.0028484,0.9538608273147939,0.9602358014805049,0.02584839999999999
2094,0.9520000000000001,0.023999999999999987,20.207230256046852,7.1525394623814544e-06,0.004962240568742237,0.0028484,0.9547658479376947,0.9559168306082733,0.026848399999999988
2095,0.9520000000000001,0.024999999999999988,20.48586131013944,7.280422820602975e-06,0.005121461978428,0.0028484,0.9554593815947091,0.9527100426228062,0.02784839999999999
2096,0.9520000000000001,0.02599999999999999,37.78358118419025,2.5155162241962543e-05,0.018156690316331024,0.018928,0.9895857616906892,0.9537506998539356,0.04492799999999999
2097,0.9520000000000001,0.02699999999999999,48.50394736267669,4.688567512597328e-05,0.03427458989914441,0.0299559,0.9910850291868393,0.9531692477526121,0.05695589999999999
2098,0.9520000000000001,0.027999999999999983,48.74691679817856,4.742169732273011e-05,0.034676155013658165,0.0299559,0.9907708203199909,0.9530675618558777,0.057955899999999984
2099,0.9520000000000001,0.028999999999999984,49.24028851613578,4.852220642062543e-05,0.03552013961284432,0.0299559,0.9901373178014525,0.9524958958231396,0.058955899999999985
2100,0.9520000000000001,0.029999999999999985,53.66040939715982,6.096142974725126e-05,0.044196975841041625,0.0347226,0.9900213440928313,0.9529457315850971,0.06472259999999999
2101,0.9520000000000001,0.030999999999999986,53.86276702303877,6.150336855441126e-05,0.044666182500272385,0.0347226,0.9898881815135548,0.9525628608976259,0.06572259999999999
2102,0.9520000000000001,0.03199999999999998,54.1148260357394,6.218204632794996e-05,0.04499691232749939,0.0347226,0.989509760078507,0.9532339663939029,0.06672259999999998
2103,0.9520000000000001,0.03299999999999998,54.558104699849004,6.338614977374566e-05,0.04582104187120294,0.0347226,0.98906439211251,0.9533041377862166,0.06772259999999998
2104,0.9520000000000001,0.03399999999999998,54.75374794829956,6.392275253557991e-05,0.04632959129537821,0.0347226,0.9889671289584997,0.9525052678289697,0.06872259999999998
2105,0.9520000000000001,0.03499999999999998,55.23318096302385,6.525061217084502e-05,0.0471633221591241,0.0347226,0.988375874398214,0.9526363339468897,0.06972259999999998
2106,0.9520000000000001,0.035999999999999976,55.44647597860809,6.584518526592077e-05,0.04761132855681684,0.0347226,0.9881926399135507,0.9523612085465719,0.07072259999999997
2107,0.9520000000000001,0.03699999999999998,55.44647597860809,6.584518526592077e-05,0.04761132855681684,0.0347226,0.9881926399135507,0.9523612085465719,0.07172259999999997
2108,0.9520000000000001,0.03799999999999998,55.44647597860809,6.584518526592077e-05,0.04761132855681684,0.0347226,0.9881926399135507,0.9523612085465719,0.07272259999999997
2109,0.9520000000000001,0.03899999999999998,55.44647597860809,6.584518526592077e-05,0.04761132855681684,0.0347226,0.9881926399135507,0.9523612085465719,0.07372259999999997
2110,0.9520000000000001,0.03999999999999997,55.44647597860809,6.584518526592077e-05,0.04761132855681684,0.0347226,0.9881926399135507,0.9523612085465719,0.07472259999999997
2111,0.9520000000000001,0.040999999999999974,55.44647597860809,6.584518526592077e-05,0.04761132855681684,0.0347226,0.9881926399135507,0.9523612085465719,0.07572259999999997
2112,0.9520000000000001,0.041999999999999975,55.44647597860809,6.584518526592077e-05,0.04761132855681684,0.0347226,0.9881926399135507,0.9523612085465719,0.07672259999999997
2113,0.9520000000000001,0.042999999999999976,55.44647597860809,6.584518526592077e-05,0.04761132855681684,0.0347226,0.9881926399135507,0.9523612085465719,0.07772259999999998
2114,0.9520000000000001,0.04399999999999998,55.44647597860809,6.584518526592077e-05,0.04761132855681684,0.0347226,0.9881926399135507,0.9523612085465719,0.07872259999999998
2115,0.9520000000000001,0.04499999999999997,55.44647597860809,6.584518526592077e-05,0.04761132855681684,0.0347226,0.9881926399135507,0.9523612085465719,0.07972259999999998
2116,0.9520000000000001,0.04599999999999997,55.44647597860809,6.584518526592077e-05,0.04761132855681684,0.0347226,0.9881926399135507,0.9523612085465719,0.08072259999999998
2117,0.9520000000000001,0.04699999999999997,55.44647597860809,6.584518526592077e-05,0.04761132855681684,0.0347226,0.9881926399135507,0.9523612085465719,0.08172259999999998
2118,0.9520000000000001,0.047999999999999966,55.44647597860809,6.584518526592077e-05,0.04761132855681684,0.0347226,0.9881926399135507,0.9523612085465719,0.08272259999999997
2119,0.9520000000000001,0.04899999999999997,55.44647597860809,6.584518526592077e-05,0.04761132855681684,0.0347226,0.9881926399135507,0.9523612085465719,0.08372259999999997
2120,0.9530000000000001,0.01,13.379586345528399,4.394074368307124e-06,0.0033386169143680374,0.0028484,0.9688432182344582,0.9787760118647355,0.0128484
2121,0.9530000000000001,0.011,14.031818883476717,4.636762944573607e-06,0.003298267841772142,0.0028484,0.9609279096296571,0.9817069032379813,0.0138484
2122,0.9530000000000001,0.011999999999999999,14.379112320461317,4.767438155065803e-06,0.003451648393704613,0.0028484,0.9626301123274507,0.9766359141457521,0.014848399999999998
2123,0.9530000000000001,0.012999999999999998,15.022082581895585,5.012110393756075e-06,0.0034189981506227464,0.0028484,0.955492053297844,0.9797517170062728,0.0158484
2124,0.9530000000000001,0.013999999999999997,15.87406390865404,5.341693519598116e-06,0.0036228176760949335,0.0028484,0.9551778894357867,0.9782165256530232,0.016848399999999996
2125,0.9530000000000001,0.014999999999999996,17.993273051349025,6.463119720055447e-06,0.00392553060495631,0.0036086,0.9618398678419227,0.977588134566129,0.018608599999999996
2126,0.9530000000000001,0.015999999999999993,16.701955651370376,5.6662268721872935e-06,0.00377678885276301,0.0028484,0.9537739239910008,0.9772853748376463,0.018848399999999994
2127,0.9530000000000001,0.016999999999999994,17.09798512138215,5.825328144391394e-06,0.00386889284907065,0.0028484,0.953471132385366,0.9768541712556255,0.019848399999999995
2128,0.9530000000000001,0.017999999999999995,19.204761995915163,6.99464327964956e-06,0.0042046996688309725,0.0036086,0.9604300152275799,0.9762233868896468,0.021608599999999995
2129,0.9530000000000001,0.018999999999999993,19.89470489333974,7.306186942795754e-06,0.004441146795817778,0.0036086,0.9608835904275482,0.9720778408611764,0.022608599999999993
2130,0.9530000000000001,0.01999999999999999,20.168998943541766,7.4326081512028545e-06,0.00460199230422102,0.0036086,0.9620902282882375,0.9666094457738258,0.02360859999999999
2131,0.9530000000000001,0.02099999999999999,20.51558991737543,7.594650120302926e-06,0.004714283842112327,0.0036086,0.9619036741629159,0.9661808746881517,0.02460859999999999
2132,0.9530000000000001,0.021999999999999992,20.790552614377376,7.724867115713536e-06,0.004875300658826026,0.0036086,0.9628026341375148,0.9617655275876816,0.025608599999999992
2133,0.9530000000000001,0.02299999999999999,19.931610216544467,7.027872122720588e-06,0.00479937454123027,0.0028484,0.9538608273147939,0.9602358014805049,0.02584839999999999
2134,0.9530000000000001,0.023999999999999987,20.207230256046852,7.1525394623814544e-06,0.004962240568742237,0.0028484,0.9547658479376947,0.9559168306082733,0.026848399999999988
2135,0.9530000000000001,0.024999999999999988,33.868753380055956,1.9681097728524302e-05,0.013544140949486623,0.0147003,0.9896260658205797,0.95362620846059,0.03970029999999999
2136,0.9530000000000001,0.02599999999999999,37.78358118419025,2.5155162241962543e-05,0.018156690316331024,0.018928,0.9895857616906892,0.9537506998539356,0.04492799999999999
2137,0.9530000000000001,0.02699999999999999,48.50394736267669,4.688567512597328e-05,0.03427458989914441,0.0299559,0.9910850291868393,0.9531692477526121,0.05695589999999999
2138,0.9530000000000001,0.027999999999999983,48.74691679817856,4.742169732273011e-05,0.034676155013658165,0.0299559,0.9907708203199909,0.9530675618558777,0.057955899999999984
2139,0.9530000000000001,0.028999999999999984,53.24050954803126,5.984620940130616e-05,0.04328602472043488,0.0347226,0.9903443669032624,0.9534521743795423,0.06372259999999999
2140,0.9530000000000001,0.029999999999999985,54.42225360741055,6.332945787589854e-05,0.04542130324602459,0.0355847,0.9898314895584992,0.9547516920401403,0.06558469999999998
2141,0.9530000000000001,0.030999999999999986,54.64296653783905,6.393703590545041e-05,0.04583902856475012,0.0355847,0.9896207332573198,0.9547464040275425,0.06658469999999998
2142,0.9530000000000001,0.03199999999999998,54.1148260357394,6.218204632794996e-05,0.04499691232749939,0.0347226,0.989509760078507,0.9532339663939029,0.06672259999999998
2143,0.9530000000000001,0.03299999999999998,54.558104699849004,6.338614977374566e-05,0.04582104187120294,0.0347226,0.98906439211251,0.9533041377862166,0.06772259999999998
2144,0.9530000000000001,0.03399999999999998,55.76075299963196,6.707181316824011e-05,0.04803792665277861,0.0355847,0.9885283400686622,0.9538717266893604,0.06958469999999997
2145,0.9530000000000001,0.03499999999999998,55.76075299963196,6.707181316824011e-05,0.04803792665277861,0.0355847,0.9885283400686622,0.9538717266893604,0.07058469999999997
2146,0.9530000000000001,0.035999999999999976,55.76075299963196,6.707181316824011e-05,0.04803792665277861,0.0355847,0.9885283400686622,0.9538717266893604,0.07158469999999997
2147,0.9530000000000001,0.03699999999999998,55.76075299963196,6.707181316824011e-05,0.04803792665277861,0.0355847,0.9885283400686622,0.9538717266893604,0.07258469999999997
2148,0.9530000000000001,0.03799999999999998,55.76075299963196,6.707181316824011e-05,0.04803792665277861,0.0355847,0.9885283400686622,0.9538717266893604,0.07358469999999998
2149,0.9530000000000001,0.03899999999999998,55.76075299963196,6.707181316824011e-05,0.04803792665277861,0.0355847,0.9885283400686622,0.9538717266893604,0.07458469999999998
2150,0.9530000000000001,0.03999999999999997,55.76075299963196,6.707181316824011e-05,0.04803792665277861,0.0355847,0.9885283400686622,0.9538717266893604,0.07558469999999998
2151,0.9530000000000001,0.040999999999999974,55.76075299963196,6.707181316824011e-05,0.04803792665277861,0.0355847,0.9885283400686622,0.9538717266893604,0.07658469999999998
2152,0.9530000000000001,0.041999999999999975,55.76075299963196,6.707181316824011e-05,0.04803792665277861,0.0355847,0.9885283400686622,0.9538717266893604,0.07758469999999998
2153,0.9530000000000001,0.042999999999999976,55.76075299963196,6.707181316824011e-05,0.04803792665277861,0.0355847,0.9885283400686622,0.9538717266893604,0.07858469999999998
2154,0.9530000000000001,0.04399999999999998,55.76075299963196,6.707181316824011e-05,0.04803792665277861,0.0355847,0.9885283400686622,0.9538717266893604,0.07958469999999998
2155,0.9530000000000001,0.04499999999999997,55.76075299963196,6.707181316824011e-05,0.04803792665277861,0.0355847,0.9885283400686622,0.9538717266893604,0.08058469999999997
2156,0.9530000000000001,0.04599999999999997,55.76075299963196,6.707181316824011e-05,0.04803792665277861,0.0355847,0.9885283400686622,0.9538717266893604,0.08158469999999997
2157,0.9530000000000001,0.04699999999999997,55.76075299963196,6.707181316824011e-05,0.04803792665277861,0.0355847,0.9885283400686622,0.9538717266893604,0.08258469999999997
2158,0.9530000000000001,0.047999999999999966,55.76075299963196,6.707181316824011e-05,0.04803792665277861,0.0355847,0.9885283400686622,0.9538717266893604,0.08358469999999996
2159,0.9530000000000001,0.04899999999999997,55.76075299963196,6.707181316824011e-05,0.04803792665277861,0.0355847,0.9885283400686622,0.9538717266893604,0.08458469999999996
2160,0.9540000000000001,0.01,13.379586345528399,4.394074368307124e-06,0.0033386169143680374,0.0028484,0.9688432182344582,0.9787760118647355,0.0128484
2161,0.9540000000000001,0.011,14.031818883476717,4.636762944573607e-06,0.003298267841772142,0.0028484,0.9609279096296571,0.9817069032379813,0.0138484
2162,0.9540000000000001,0.011999999999999999,14.379112320461317,4.767438155065803e-06,0.003451648393704613,0.0028484,0.9626301123274507,0.9766359141457521,0.014848399999999998
2163,0.9540000000000001,0.012999999999999998,15.022082581895585,5.012110393756075e-06,0.0034189981506227464,0.0028484,0.955492053297844,0.9797517170062728,0.0158484
2164,0.9540000000000001,0.013999999999999997,15.87406390865404,5.341693519598116e-06,0.0036228176760949335,0.0028484,0.9551778894357867,0.9782165256530232,0.016848399999999996
2165,0.9540000000000001,0.014999999999999996,17.993273051349025,6.463119720055447e-06,0.00392553060495631,0.0036086,0.9618398678419227,0.977588134566129,0.018608599999999996
2166,0.9540000000000001,0.015999999999999993,18.43384836347555,6.654311802269166e-06,0.003997590757291714,0.0036086,0.9606864083936619,0.9785472985729893,0.019608599999999993
2167,0.9540000000000001,0.016999999999999994,18.82510456403364,6.826353981233807e-06,0.004106341465922988,0.0036086,0.9606051931403516,0.9770006229263166,0.020608599999999994
2168,0.9540000000000001,0.017999999999999995,19.204761995915163,6.99464327964956e-06,0.0042046996688309725,0.0036086,0.9604300152275799,0.9762233868896468,0.021608599999999995
2169,0.9540000000000001,0.018999999999999993,19.89470489333974,7.306186942795754e-06,0.004441146795817778,0.0036086,0.9608835904275482,0.9720778408611764,0.022608599999999993
2170,0.9540000000000001,0.01999999999999999,20.168998943541766,7.4326081512028545e-06,0.00460199230422102,0.0036086,0.9620902282882375,0.9666094457738258,0.02360859999999999
2171,0.9540000000000001,0.02099999999999999,20.51558991737543,7.594650120302926e-06,0.004714283842112327,0.0036086,0.9619036741629159,0.9661808746881517,0.02460859999999999
2172,0.9540000000000001,0.021999999999999992,20.790552614377376,7.724867115713536e-06,0.004875300658826026,0.0036086,0.9628026341375148,0.9617655275876816,0.025608599999999992
2173,0.9540000000000001,0.02299999999999999,21.32180664313236,7.98184046660589e-06,0.005205755536893595,0.0036086,0.9643590724632065,0.9544135052974366,0.02660859999999999
2174,0.9540000000000001,0.023999999999999987,20.207230256046852,7.1525394623814544e-06,0.004962240568742237,0.0028484,0.9547658479376947,0.9559168306082733,0.026848399999999988
2175,0.9540000000000001,0.024999999999999988,38.07235822258426,2.571100320409733e-05,0.018407809517119955,0.019568,0.9898677492186391,0.9557921844065334,0.04456799999999998
2176,0.9540000000000001,0.02599999999999999,49.07326384325022,4.842023121410514e-05,0.03504560557644552,0.0308168,0.9912635675822213,0.9547027164223594,0.05681679999999999
2177,0.9540000000000001,0.02699999999999999,49.32917954572434,4.8999881847779176e-05,0.035453075539530074,0.0308168,0.9909071757205135,0.9546018037967966,0.05781679999999999
2178,0.9540000000000001,0.027999999999999983,52.37959400193058,5.734171468985741e-05,0.041366864873755696,0.0338632,0.990389212406659,0.9542383363106319,0.061863199999999986
2179,0.9540000000000001,0.028999999999999984,54.167841255440614,6.26331916838142e-05,0.04509287565388636,0.0355847,0.9902109924759576,0.9540819739442881,0.06458469999999998
2180,0.9540000000000001,0.029999999999999985,54.42225360741055,6.332945787589854e-05,0.04542130324602459,0.0355847,0.9898314895584992,0.9547516920401403,0.06558469999999998
2181,0.9540000000000001,0.030999999999999986,54.64296653783905,6.393703590545041e-05,0.04583902856475012,0.0355847,0.9896207332573198,0.9547464040275425,0.06658469999999998
2182,0.9540000000000001,0.03199999999999998,55.06375842231839,6.510587135275946e-05,0.04675604888339429,0.0355847,0.9892973198679926,0.9540189840127355,0.06758469999999997
2183,0.9540000000000001,0.03299999999999998,56.083824403004066,6.834630622197933e-05,0.04845873889854596,0.0363698,0.9889087875211353,0.9552942961748353,0.06936979999999998
2184,0.9540000000000001,0.03399999999999998,56.083824403004066,6.834630622197933e-05,0.04845873889854596,0.0363698,0.9889087875211353,0.9552942961748353,0.07036979999999998
2185,0.9540000000000001,0.03499999999999998,56.083824403004066,6.834630622197933e-05,0.04845873889854596,0.0363698,0.9889087875211353,0.9552942961748353,0.07136979999999998
2186,0.9540000000000001,0.035999999999999976,56.083824403004066,6.834630622197933e-05,0.04845873889854596,0.0363698,0.9889087875211353,0.9552942961748353,0.07236979999999998
2187,0.9540000000000001,0.03699999999999998,56.083824403004066,6.834630622197933e-05,0.04845873889854596,0.0363698,0.9889087875211353,0.9552942961748353,0.07336979999999999
2188,0.9540000000000001,0.03799999999999998,56.083824403004066,6.834630622197933e-05,0.04845873889854596,0.0363698,0.9889087875211353,0.9552942961748353,0.07436979999999999
2189,0.9540000000000001,0.03899999999999998,56.083824403004066,6.834630622197933e-05,0.04845873889854596,0.0363698,0.9889087875211353,0.9552942961748353,0.07536979999999999
2190,0.9540000000000001,0.03999999999999997,56.083824403004066,6.834630622197933e-05,0.04845873889854596,0.0363698,0.9889087875211353,0.9552942961748353,0.07636979999999997
2191,0.9540000000000001,0.040999999999999974,56.083824403004066,6.834630622197933e-05,0.04845873889854596,0.0363698,0.9889087875211353,0.9552942961748353,0.07736979999999997
2192,0.9540000000000001,0.041999999999999975,56.083824403004066,6.834630622197933e-05,0.04845873889854596,0.0363698,0.9889087875211353,0.9552942961748353,0.07836979999999998
2193,0.9540000000000001,0.042999999999999976,56.083824403004066,6.834630622197933e-05,0.04845873889854596,0.0363698,0.9889087875211353,0.9552942961748353,0.07936979999999998
2194,0.9540000000000001,0.04399999999999998,56.083824403004066,6.834630622197933e-05,0.04845873889854596,0.0363698,0.9889087875211353,0.9552942961748353,0.08036979999999998
2195,0.9540000000000001,0.04499999999999997,56.083824403004066,6.834630622197933e-05,0.04845873889854596,0.0363698,0.9889087875211353,0.9552942961748353,0.08136979999999996
2196,0.9540000000000001,0.04599999999999997,56.083824403004066,6.834630622197933e-05,0.04845873889854596,0.0363698,0.9889087875211353,0.9552942961748353,0.08236979999999997
2197,0.9540000000000001,0.04699999999999997,56.083824403004066,6.834630622197933e-05,0.04845873889854596,0.0363698,0.9889087875211353,0.9552942961748353,0.08336979999999997
2198,0.9540000000000001,0.047999999999999966,56.083824403004066,6.834630622197933e-05,0.04845873889854596,0.0363698,0.9889087875211353,0.9552942961748353,0.08436979999999997
2199,0.9540000000000001,0.04899999999999997,56.083824403004066,6.834630622197933e-05,0.04845873889854596,0.0363698,0.9889087875211353,0.9552942961748353,0.08536979999999997
2200,0.9550000000000001,0.01,13.379586345528399,4.394074368307124e-06,0.0033386169143680374,0.0028484,0.9688432182344582,0.9787760118647355,0.0128484
2201,0.9550000000000001,0.011,14.031818883476717,4.636762944573607e-06,0.003298267841772142,0.0028484,0.9609279096296571,0.9817069032379813,0.0138484
2202,0.9550000000000001,0.011999999999999999,14.379112320461317,4.767438155065803e-06,0.003451648393704613,0.0028484,0.9626301123274507,0.9766359141457521,0.014848399999999998
2203,0.9550000000000001,0.012999999999999998,15.022082581895585,5.012110393756075e-06,0.0034189981506227464,0.0028484,0.955492053297844,0.9797517170062728,0.0158484
2204,0.9550000000000001,0.013999999999999997,15.87406390865404,5.341693519598116e-06,0.0036228176760949335,0.0028484,0.9551778894357867,0.9782165256530232,0.016848399999999996
2205,0.9550000000000001,0.014999999999999996,17.993273051349025,6.463119720055447e-06,0.00392553060495631,0.0036086,0.9618398678419227,0.977588134566129,0.018608599999999996
2206,0.9550000000000001,0.015999999999999993,18.43384836347555,6.654311802269166e-06,0.003997590757291714,0.0036086,0.9606864083936619,0.9785472985729893,0.019608599999999993
2207,0.9550000000000001,0.016999999999999994,18.82510456403364,6.826353981233807e-06,0.004106341465922988,0.0036086,0.9606051931403516,0.9770006229263166,0.020608599999999994
2208,0.9550000000000001,0.017999999999999995,19.204761995915163,6.99464327964956e-06,0.0042046996688309725,0.0036086,0.9604300152275799,0.9762233868896468,0.021608599999999995
2209,0.9550000000000001,0.018999999999999993,19.89470489333974,7.306186942795754e-06,0.004441146795817778,0.0036086,0.9608835904275482,0.9720778408611764,0.022608599999999993
2210,0.9550000000000001,0.01999999999999999,20.168998943541766,7.4326081512028545e-06,0.00460199230422102,0.0036086,0.9620902282882375,0.9666094457738258,0.02360859999999999
2211,0.9550000000000001,0.02099999999999999,20.51558991737543,7.594650120302926e-06,0.004714283842112327,0.0036086,0.9619036741629159,0.9661808746881517,0.02460859999999999
2212,0.9550000000000001,0.021999999999999992,20.790552614377376,7.724867115713536e-06,0.004875300658826026,0.0036086,0.9628026341375148,0.9617655275876816,0.025608599999999992
2213,0.9550000000000001,0.02299999999999999,34.11292061747024,2.0067231873853932e-05,0.013774204958036095,0.0155334,0.9895931048321116,0.9563674745673558,0.03853339999999999
2214,0.9550000000000001,0.023999999999999987,33.652494212223075,1.945043653892059e-05,0.013272000432520139,0.0147003,0.9897819628457524,0.9550284049840063,0.038700299999999986
2215,0.9550000000000001,0.024999999999999988,38.07235822258426,2.571100320409733e-05,0.018407809517119955,0.019568,0.9898677492186391,0.9557921844065334,0.04456799999999998
2216,0.9550000000000001,0.02599999999999999,49.88293948169807,5.053519114895296e-05,0.036265486762310374,0.0316222,0.9910380102662342,0.9557410202281905,0.05762219999999999
2217,0.9550000000000001,0.02699999999999999,50.83031980964691,5.302004069412199e-05,0.03806064374081624,0.0323821,0.9907031053677228,0.9551828337094479,0.059382099999999986
2218,0.9550000000000001,0.027999999999999983,54.48271330528452,6.38117511995167e-05,0.045513376327039244,0.0363698,0.9905829115521169,0.9555011812906852,0.06436979999999998
2219,0.9550000000000001,0.028999999999999984,54.96106401659591,6.514599695864926e-05,0.04625733647976053,0.0363698,0.989992549192037,0.9561674511863058,0.06536979999999998
2220,0.9550000000000001,0.029999999999999985,55.187169728754405,6.578235400253886e-05,0.04666336132339015,0.0363698,0.9897635285146192,0.9562423017434563,0.06636979999999998
2221,0.9550000000000001,0.030999999999999986,55.38295697605406,6.633709960881433e-05,0.0471765549274492,0.0363698,0.9896739854154497,0.95543989143828,0.06736979999999998
2222,0.9550000000000001,0.03199999999999998,55.86890628146164,6.772742528132568e-05,0.04800918496491385,0.0363698,0.9890867862312877,0.9555724421506536,0.06836979999999998
2223,0.9550000000000001,0.03299999999999998,56.083824403004066,6.834630622197933e-05,0.04845873889854596,0.0363698,0.9889087875211353,0.9552942961748353,0.06936979999999998
2224,0.9550000000000001,0.03399999999999998,56.083824403004066,6.834630622197933e-05,0.04845873889854596,0.0363698,0.9889087875211353,0.9552942961748353,0.07036979999999998
2225,0.9550000000000001,0.03499999999999998,56.083824403004066,6.834630622197933e-05,0.04845873889854596,0.0363698,0.9889087875211353,0.9552942961748353,0.07136979999999998
2226,0.9550000000000001,0.035999999999999976,56.083824403004066,6.834630622197933e-05,0.04845873889854596,0.0363698,0.9889087875211353,0.9552942961748353,0.07236979999999998
2227,0.9550000000000001,0.03699999999999998,56.083824403004066,6.834630622197933e-05,0.04845873889854596,0.0363698,0.9889087875211353,0.9552942961748353,0.07336979999999999
2228,0.9550000000000001,0.03799999999999998,56.083824403004066,6.834630622197933e-05,0.04845873889854596,0.0363698,0.9889087875211353,0.9552942961748353,0.07436979999999999
2229,0.9550000000000001,0.03899999999999998,56.083824403004066,6.834630622197933e-05,0.04845873889854596,0.0363698,0.9889087875211353,0.9552942961748353,0.07536979999999999
2230,0.9550000000000001,0.03999999999999997,56.083824403004066,6.834630622197933e-05,0.04845873889854596,0.0363698,0.9889087875211353,0.9552942961748353,0.07636979999999997
2231,0.9550000000000001,0.040999999999999974,56.083824403004066,6.834630622197933e-05,0.04845873889854596,0.0363698,0.9889087875211353,0.9552942961748353,0.07736979999999997
2232,0.9550000000000001,0.041999999999999975,56.083824403004066,6.834630622197933e-05,0.04845873889854596,0.0363698,0.9889087875211353,0.9552942961748353,0.07836979999999998
2233,0.9550000000000001,0.042999999999999976,56.083824403004066,6.834630622197933e-05,0.04845873889854596,0.0363698,0.9889087875211353,0.9552942961748353,0.07936979999999998
2234,0.9550000000000001,0.04399999999999998,56.083824403004066,6.834630622197933e-05,0.04845873889854596,0.0363698,0.9889087875211353,0.9552942961748353,0.08036979999999998
2235,0.9550000000000001,0.04499999999999997,56.083824403004066,6.834630622197933e-05,0.04845873889854596,0.0363698,0.9889087875211353,0.9552942961748353,0.08136979999999996
2236,0.9550000000000001,0.04599999999999997,56.083824403004066,6.834630622197933e-05,0.04845873889854596,0.0363698,0.9889087875211353,0.9552942961748353,0.08236979999999997
2237,0.9550000000000001,0.04699999999999997,56.083824403004066,6.834630622197933e-05,0.04845873889854596,0.0363698,0.9889087875211353,0.9552942961748353,0.08336979999999997
2238,0.9550000000000001,0.047999999999999966,56.083824403004066,6.834630622197933e-05,0.04845873889854596,0.0363698,0.9889087875211353,0.9552942961748353,0.08436979999999997
2239,0.9550000000000001,0.04899999999999997,56.083824403004066,6.834630622197933e-05,0.04845873889854596,0.0363698,0.9889087875211353,0.9552942961748353,0.08536979999999997
2240,0.9560000000000001,0.01,13.379586345528399,4.394074368307124e-06,0.0033386169143680374,0.0028484,0.9688432182344582,0.9787760118647355,0.0128484
2241,0.9560000000000001,0.011,14.031818883476717,4.636762944573607e-06,0.003298267841772142,0.0028484,0.9609279096296571,0.9817069032379813,0.0138484
2242,0.9560000000000001,0.011999999999999999,14.379112320461317,4.767438155065803e-06,0.003451648393704613,0.0028484,0.9626301123274507,0.9766359141457521,0.014848399999999998
2243,0.9560000000000001,0.012999999999999998,16.76484242755351,5.9455204891817895e-06,0.003677185948910299,0.0036086,0.9630571705360427,0.9784669549241354,0.016608599999999998
2244,0.9560000000000001,0.013999999999999997,17.264528601876034,6.153411012499225e-06,0.003706260131510837,0.0036086,0.9607089046107771,0.9811090043108016,0.017608599999999995
2245,0.9560000000000001,0.014999999999999996,17.993273051349025,6.463119720055447e-06,0.00392553060495631,0.0036086,0.9618398678419227,0.977588134566129,0.018608599999999996
2246,0.9560000000000001,0.015999999999999993,18.43384836347555,6.654311802269166e-06,0.003997590757291714,0.0036086,0.9606864083936619,0.9785472985729893,0.019608599999999993
2247,0.9560000000000001,0.016999999999999994,18.82510456403364,6.826353981233807e-06,0.004106341465922988,0.0036086,0.9606051931403516,0.9770006229263166,0.020608599999999994
2248,0.9560000000000001,0.017999999999999995,19.204761995915163,6.99464327964956e-06,0.0042046996688309725,0.0036086,0.9604300152275799,0.9762233868896468,0.021608599999999995
2249,0.9560000000000001,0.018999999999999993,19.89470489333974,7.306186942795754e-06,0.004441146795817778,0.0036086,0.9608835904275482,0.9720778408611764,0.022608599999999993
2250,0.9560000000000001,0.01999999999999999,20.168998943541766,7.4326081512028545e-06,0.00460199230422102,0.0036086,0.9620902282882375,0.9666094457738258,0.02360859999999999
2251,0.9560000000000001,0.02099999999999999,20.51558991737543,7.594650120302926e-06,0.004714283842112327,0.0036086,0.9619036741629159,0.9661808746881517,0.02460859999999999
2252,0.9560000000000001,0.021999999999999992,20.790552614377376,7.724867115713536e-06,0.004875300658826026,0.0036086,0.9628026341375148,0.9617655275876816,0.025608599999999992
2253,0.9560000000000001,0.02299999999999999,34.11292061747024,2.0067231873853932e-05,0.013774204958036095,0.0155334,0.9895931048321116,0.9563674745673558,0.03853339999999999
2254,0.9560000000000001,0.023999999999999987,49.383506483762915,4.9380389755965564e-05,0.03541770577682467,0.0316222,0.9916692325270543,0.9562877116048932,0.05562219999999999
2255,0.9560000000000001,0.024999999999999988,49.641392858123915,4.997491182969866e-05,0.03582561763973037,0.0316222,0.9913128159514322,0.9561941959007375,0.05662219999999999
2256,0.9560000000000001,0.02599999999999999,53.377006810642314,6.0497606280235e-05,0.04315524651296431,0.0355847,0.9906389313198455,0.9562569579090493,0.061584699999999985
2257,0.9560000000000001,0.02699999999999999,55.01906862607619,6.559129997339759e-05,0.04627358356087857,0.0370297,0.9903881404610468,0.9576461601531783,0.0640297
2258,0.9560000000000001,0.027999999999999983,55.242290384680445,6.622550065664788e-05,0.0466912805786225,0.0370297,0.990182094342556,0.9576412731580463,0.06502969999999998
2259,0.9560000000000001,0.028999999999999984,54.96106401659591,6.514599695864926e-05,0.04625733647976053,0.0363698,0.989992549192037,0.9561674511863058,0.06536979999999998
2260,0.9560000000000001,0.029999999999999985,55.187169728754405,6.578235400253886e-05,0.04666336132339015,0.0363698,0.9897635285146192,0.9562423017434563,0.06636979999999998
2261,0.9560000000000001,0.030999999999999986,56.15647336645848,6.88650055589569e-05,0.048443827702360186,0.0370297,0.9892882985159206,0.9570406888612748,0.06802969999999998
2262,0.9560000000000001,0.03199999999999998,56.37260543103887,6.949697604938976e-05,0.04889398503269438,0.0370297,0.98911409441797,0.9567600566497186,0.06902969999999997
2263,0.9560000000000001,0.03299999999999998,56.37260543103887,6.949697604938976e-05,0.04889398503269438,0.0370297,0.98911409441797,0.9567600566497186,0.07002969999999997
2264,0.9560000000000001,0.03399999999999998,56.37260543103887,6.949697604938976e-05,0.04889398503269438,0.0370297,0.98911409441797,0.9567600566497186,0.07102969999999997
2265,0.9560000000000001,0.03499999999999998,56.37260543103887,6.949697604938976e-05,0.04889398503269438,0.0370297,0.98911409441797,0.9567600566497186,0.07202969999999997
2266,0.9560000000000001,0.035999999999999976,56.37260543103887,6.949697604938976e-05,0.04889398503269438,0.0370297,0.98911409441797,0.9567600566497186,0.07302969999999998
2267,0.9560000000000001,0.03699999999999998,56.37260543103887,6.949697604938976e-05,0.04889398503269438,0.0370297,0.98911409441797,0.9567600566497186,0.07402969999999998
2268,0.9560000000000001,0.03799999999999998,56.37260543103887,6.949697604938976e-05,0.04889398503269438,0.0370297,0.98911409441797,0.9567600566497186,0.07502969999999998
2269,0.9560000000000001,0.03899999999999998,56.37260543103887,6.949697604938976e-05,0.04889398503269438,0.0370297,0.98911409441797,0.9567600566497186,0.07602969999999998
2270,0.9560000000000001,0.03999999999999997,56.37260543103887,6.949697604938976e-05,0.04889398503269438,0.0370297,0.98911409441797,0.9567600566497186,0.07702969999999998
2271,0.9560000000000001,0.040999999999999974,56.37260543103887,6.949697604938976e-05,0.04889398503269438,0.0370297,0.98911409441797,0.9567600566497186,0.07802969999999998
2272,0.9560000000000001,0.041999999999999975,56.37260543103887,6.949697604938976e-05,0.04889398503269438,0.0370297,0.98911409441797,0.9567600566497186,0.07902969999999998
2273,0.9560000000000001,0.042999999999999976,56.37260543103887,6.949697604938976e-05,0.04889398503269438,0.0370297,0.98911409441797,0.9567600566497186,0.08002969999999998
2274,0.9560000000000001,0.04399999999999998,56.37260543103887,6.949697604938976e-05,0.04889398503269438,0.0370297,0.98911409441797,0.9567600566497186,0.08102969999999998
2275,0.9560000000000001,0.04499999999999997,56.37260543103887,6.949697604938976e-05,0.04889398503269438,0.0370297,0.98911409441797,0.9567600566497186,0.08202969999999997
2276,0.9560000000000001,0.04599999999999997,56.37260543103887,6.949697604938976e-05,0.04889398503269438,0.0370297,0.98911409441797,0.9567600566497186,0.08302969999999997
2277,0.9560000000000001,0.04699999999999997,56.37260543103887,6.949697604938976e-05,0.04889398503269438,0.0370297,0.98911409441797,0.9567600566497186,0.08402969999999997
2278,0.9560000000000001,0.047999999999999966,56.37260543103887,6.949697604938976e-05,0.04889398503269438,0.0370297,0.98911409441797,0.9567600566497186,0.08502969999999996
2279,0.9560000000000001,0.04899999999999997,56.37260543103887,6.949697604938976e-05,0.04889398503269438,0.0370297,0.98911409441797,0.9567600566497186,0.08602969999999996
2280,0.9570000000000001,0.01,13.379586345528399,4.394074368307124e-06,0.0033386169143680374,0.0028484,0.9688432182344582,0.9787760118647355,0.0128484
2281,0.9570000000000001,0.011,14.031818883476717,4.636762944573607e-06,0.003298267841772142,0.0028484,0.9609279096296571,0.9817069032379813,0.0138484
2282,0.9570000000000001,0.011999999999999999,14.379112320461317,4.767438155065803e-06,0.003451648393704613,0.0028484,0.9626301123274507,0.9766359141457521,0.014848399999999998
2283,0.9570000000000001,0.012999999999999998,16.76484242755351,5.9455204891817895e-06,0.003677185948910299,0.0036086,0.9630571705360427,0.9784669549241354,0.016608599999999998
2284,0.9570000000000001,0.013999999999999997,17.264528601876034,6.153411012499225e-06,0.003706260131510837,0.0036086,0.9607089046107771,0.9811090043108016,0.017608599999999995
2285,0.9570000000000001,0.014999999999999996,17.993273051349025,6.463119720055447e-06,0.00392553060495631,0.0036086,0.9618398678419227,0.977588134566129,0.018608599999999996
2286,0.9570000000000001,0.015999999999999993,18.43384836347555,6.654311802269166e-06,0.003997590757291714,0.0036086,0.9606864083936619,0.9785472985729893,0.019608599999999993
2287,0.9570000000000001,0.016999999999999994,18.82510456403364,6.826353981233807e-06,0.004106341465922988,0.0036086,0.9606051931403516,0.9770006229263166,0.020608599999999994
2288,0.9570000000000001,0.017999999999999995,19.204761995915163,6.99464327964956e-06,0.0042046996688309725,0.0036086,0.9604300152275799,0.9762233868896468,0.021608599999999995
2289,0.9570000000000001,0.018999999999999993,19.89470489333974,7.306186942795754e-06,0.004441146795817778,0.0036086,0.9608835904275482,0.9720778408611764,0.022608599999999993
2290,0.9570000000000001,0.01999999999999999,20.168998943541766,7.4326081512028545e-06,0.00460199230422102,0.0036086,0.9620902282882375,0.9666094457738258,0.02360859999999999
2291,0.9570000000000001,0.02099999999999999,20.51558991737543,7.594650120302926e-06,0.004714283842112327,0.0036086,0.9619036741629159,0.9661808746881517,0.02460859999999999
2292,0.9570000000000001,0.021999999999999992,20.790552614377376,7.724867115713536e-06,0.004875300658826026,0.0036086,0.9628026341375148,0.9617655275876816,0.025608599999999992
2293,0.9570000000000001,0.02299999999999999,37.36385763856829,2.47560346169225e-05,0.017561051719850968,0.019568,0.9907683565069404,0.9570684069344331,0.04256799999999999
2294,0.9570000000000001,0.023999999999999987,50.16322071077609,5.1427629732161485e-05,0.036652375506403684,0.0323821,0.9912702076985159,0.9573903311322632,0.056382099999999984
2295,0.9570000000000001,0.024999999999999988,54.55565303398203,6.428544417191351e-05,0.04547691163435924,0.0370297,0.9908926067755565,0.957358145192055,0.062029699999999986
2296,0.9570000000000001,0.02599999999999999,55.30065165376266,6.667369906809149e-05,0.04671889671811369,0.037722,0.9905644173489458,0.959153823972647,0.06372199999999999
2297,0.9570000000000001,0.02699999999999999,55.01906862607619,6.559129997339759e-05,0.04627358356087857,0.0370297,0.9903881404610468,0.9576461601531783,0.0640297
2298,0.9570000000000001,0.027999999999999983,55.242290384680445,6.622550065664788e-05,0.0466912805786225,0.0370297,0.990182094342556,0.9576412731580463,0.06502969999999998
2299,0.9570000000000001,0.028999999999999984,56.19476358711769,6.927773577989902e-05,0.048486935194684576,0.037722,0.9897901904752584,0.9583896912201928,0.06672199999999998
2300,0.9570000000000001,0.029999999999999985,56.663543516294325,7.06667759611777e-05,0.0493394888399757,0.037722,0.989310727137595,0.9582539045042052,0.06772199999999998
2301,0.9570000000000001,0.030999999999999986,56.15647336645848,6.88650055589569e-05,0.048443827702360186,0.0370297,0.9892882985159206,0.9570406888612748,0.06802969999999998
2302,0.9570000000000001,0.03199999999999998,56.663543516294325,7.06667759611777e-05,0.0493394888399757,0.037722,0.989310727137595,0.9582539045042052,0.06972199999999998
2303,0.9570000000000001,0.03299999999999998,56.663543516294325,7.06667759611777e-05,0.0493394888399757,0.037722,0.989310727137595,0.9582539045042052,0.07072199999999998
2304,0.9570000000000001,0.03399999999999998,56.663543516294325,7.06667759611777e-05,0.0493394888399757,0.037722,0.989310727137595,0.9582539045042052,0.07172199999999998
2305,0.9570000000000001,0.03499999999999998,56.663543516294325,7.06667759611777e-05,0.0493394888399757,0.037722,0.989310727137595,0.9582539045042052,0.07272199999999998
2306,0.9570000000000001,0.035999999999999976,56.663543516294325,7.06667759611777e-05,0.0493394888399757,0.037722,0.989310727137595,0.9582539045042052,0.07372199999999998
2307,0.9570000000000001,0.03699999999999998,56.663543516294325,7.06667759611777e-05,0.0493394888399757,0.037722,0.989310727137595,0.9582539045042052,0.07472199999999998
2308,0.9570000000000001,0.03799999999999998,56.663543516294325,7.06667759611777e-05,0.0493394888399757,0.037722,0.989310727137595,0.9582539045042052,0.07572199999999998
2309,0.9570000000000001,0.03899999999999998,56.663543516294325,7.06667759611777e-05,0.0493394888399757,0.037722,0.989310727137595,0.9582539045042052,0.07672199999999998
2310,0.9570000000000001,0.03999999999999997,56.663543516294325,7.06667759611777e-05,0.0493394888399757,0.037722,0.989310727137595,0.9582539045042052,0.07772199999999997
2311,0.9570000000000001,0.040999999999999974,56.663543516294325,7.06667759611777e-05,0.0493394888399757,0.037722,0.989310727137595,0.9582539045042052,0.07872199999999997
2312,0.9570000000000001,0.041999999999999975,56.663543516294325,7.06667759611777e-05,0.0493394888399757,0.037722,0.989310727137595,0.9582539045042052,0.07972199999999997
2313,0.9570000000000001,0.042999999999999976,56.663543516294325,7.06667759611777e-05,0.0493394888399757,0.037722,0.989310727137595,0.9582539045042052,0.08072199999999997
2314,0.9570000000000001,0.04399999999999998,56.663543516294325,7.06667759611777e-05,0.0493394888399757,0.037722,0.989310727137595,0.9582539045042052,0.08172199999999998
2315,0.9570000000000001,0.04499999999999997,56.663543516294325,7.06667759611777e-05,0.0493394888399757,0.037722,0.989310727137595,0.9582539045042052,0.08272199999999996
2316,0.9570000000000001,0.04599999999999997,56.663543516294325,7.06667759611777e-05,0.0493394888399757,0.037722,0.989310727137595,0.9582539045042052,0.08372199999999996
2317,0.9570000000000001,0.04699999999999997,56.663543516294325,7.06667759611777e-05,0.0493394888399757,0.037722,0.989310727137595,0.9582539045042052,0.08472199999999996
2318,0.9570000000000001,0.047999999999999966,56.663543516294325,7.06667759611777e-05,0.0493394888399757,0.037722,0.989310727137595,0.9582539045042052,0.08572199999999996
2319,0.9570000000000001,0.04899999999999997,56.663543516294325,7.06667759611777e-05,0.0493394888399757,0.037722,0.989310727137595,0.9582539045042052,0.08672199999999997
2320,0.9580000000000001,0.01,13.379586345528399,4.394074368307124e-06,0.0033386169143680374,0.0028484,0.9688432182344582,0.9787760118647355,0.0128484
2321,0.9580000000000001,0.011,14.031818883476717,4.636762944573607e-06,0.003298267841772142,0.0028484,0.9609279096296571,0.9817069032379813,0.0138484
2322,0.9580000000000001,0.011999999999999999,14.379112320461317,4.767438155065803e-06,0.003451648393704613,0.0028484,0.9626301123274507,0.9766359141457521,0.014848399999999998
2323,0.9580000000000001,0.012999999999999998,16.76484242755351,5.9455204891817895e-06,0.003677185948910299,0.0036086,0.9630571705360427,0.9784669549241354,0.016608599999999998
2324,0.9580000000000001,0.013999999999999997,17.264528601876034,6.153411012499225e-06,0.003706260131510837,0.0036086,0.9607089046107771,0.9811090043108016,0.017608599999999995
2325,0.9580000000000001,0.014999999999999996,17.993273051349025,6.463119720055447e-06,0.00392553060495631,0.0036086,0.9618398678419227,0.977588134566129,0.018608599999999996
2326,0.9580000000000001,0.015999999999999993,18.43384836347555,6.654311802269166e-06,0.003997590757291714,0.0036086,0.9606864083936619,0.9785472985729893,0.019608599999999993
2327,0.9580000000000001,0.016999999999999994,18.82510456403364,6.826353981233807e-06,0.004106341465922988,0.0036086,0.9606051931403516,0.9770006229263166,0.020608599999999994
2328,0.9580000000000001,0.017999999999999995,19.204761995915163,6.99464327964956e-06,0.0042046996688309725,0.0036086,0.9604300152275799,0.9762233868896468,0.021608599999999995
2329,0.9580000000000001,0.018999999999999993,19.89470489333974,7.306186942795754e-06,0.004441146795817778,0.0036086,0.9608835904275482,0.9720778408611764,0.022608599999999993
2330,0.9580000000000001,0.01999999999999999,20.168998943541766,7.4326081512028545e-06,0.00460199230422102,0.0036086,0.9620902282882375,0.9666094457738258,0.02360859999999999
2331,0.9580000000000001,0.02099999999999999,20.51558991737543,7.594650120302926e-06,0.004714283842112327,0.0036086,0.9619036741629159,0.9661808746881517,0.02460859999999999
2332,0.9580000000000001,0.021999999999999992,20.790552614377376,7.724867115713536e-06,0.004875300658826026,0.0036086,0.9628026341375148,0.9617655275876816,0.025608599999999992
2333,0.9580000000000001,0.02299999999999999,50.41086658349138,5.222368344277216e-05,0.037054258490317085,0.0331029,0.9913460445638917,0.9591028497010745,0.05610289999999998
2334,0.9580000000000001,0.023999999999999987,50.62458500430324,5.273858373761714e-05,0.03754609366786978,0.0331029,0.9912159751466624,0.9580928579398382,0.057102899999999984
2335,0.9580000000000001,0.024999999999999988,55.03819468195309,6.592099005455083e-05,0.04639848754537654,0.037722,0.9909471330537334,0.9584885653942334,0.06272199999999999
2336,0.9580000000000001,0.02599999999999999,55.30065165376266,6.667369906809149e-05,0.04671889671811369,0.037722,0.9905644173489458,0.959153823972647,0.06372199999999999
2337,0.9580000000000001,0.02699999999999999,55.7549626100008,6.798817462012347e-05,0.047541151125776185,0.037722,0.9901384905569718,0.9592186857237975,0.06472199999999999
2338,0.9580000000000001,0.027999999999999983,55.951737504828635,6.856299669787915e-05,0.048058695432761374,0.037722,0.9900601152603481,0.9584096654237808,0.06572199999999997
2339,0.9580000000000001,0.028999999999999984,56.19476358711769,6.927773577989902e-05,0.048486935194684576,0.037722,0.9897901904752584,0.9583896912201928,0.06672199999999998
2340,0.9580000000000001,0.029999999999999985,56.663543516294325,7.06667759611777e-05,0.0493394888399757,0.037722,0.989310727137595,0.9582539045042052,0.06772199999999998
2341,0.9580000000000001,0.030999999999999986,56.663543516294325,7.06667759611777e-05,0.0493394888399757,0.037722,0.989310727137595,0.9582539045042052,0.06872199999999998
2342,0.9580000000000001,0.03199999999999998,56.663543516294325,7.06667759611777e-05,0.0493394888399757,0.037722,0.989310727137595,0.9582539045042052,0.06972199999999998
2343,0.9580000000000001,0.03299999999999998,56.663543516294325,7.06667759611777e-05,0.0493394888399757,0.037722,0.989310727137595,0.9582539045042052,0.07072199999999998
2344,0.9580000000000001,0.03399999999999998,56.663543516294325,7.06667759611777e-05,0.0493394888399757,0.037722,0.989310727137595,0.9582539045042052,0.07172199999999998
2345,0.9580000000000001,0.03499999999999998,56.663543516294325,7.06667759611777e-05,0.0493394888399757,0.037722,0.989310727137595,0.9582539045042052,0.07272199999999998
2346,0.9580000000000001,0.035999999999999976,56.663543516294325,7.06667759611777e-05,0.0493394888399757,0.037722,0.989310727137595,0.9582539045042052,0.07372199999999998
2347,0.9580000000000001,0.03699999999999998,56.663543516294325,7.06667759611777e-05,0.0493394888399757,0.037722,0.989310727137595,0.9582539045042052,0.07472199999999998
2348,0.9580000000000001,0.03799999999999998,56.663543516294325,7.06667759611777e-05,0.0493394888399757,0.037722,0.989310727137595,0.9582539045042052,0.07572199999999998
2349,0.9580000000000001,0.03899999999999998,56.663543516294325,7.06667759611777e-05,0.0493394888399757,0.037722,0.989310727137595,0.9582539045042052,0.07672199999999998
2350,0.9580000000000001,0.03999999999999997,56.663543516294325,7.06667759611777e-05,0.0493394888399757,0.037722,0.989310727137595,0.9582539045042052,0.07772199999999997
2351,0.9580000000000001,0.040999999999999974,56.663543516294325,7.06667759611777e-05,0.0493394888399757,0.037722,0.989310727137595,0.9582539045042052,0.07872199999999997
2352,0.9580000000000001,0.041999999999999975,56.663543516294325,7.06667759611777e-05,0.0493394888399757,0.037722,0.989310727137595,0.9582539045042052,0.07972199999999997
2353,0.9580000000000001,0.042999999999999976,56.663543516294325,7.06667759611777e-05,0.0493394888399757,0.037722,0.989310727137595,0.9582539045042052,0.08072199999999997
2354,0.9580000000000001,0.04399999999999998,56.663543516294325,7.06667759611777e-05,0.0493394888399757,0.037722,0.989310727137595,0.9582539045042052,0.08172199999999998
2355,0.9580000000000001,0.04499999999999997,56.663543516294325,7.06667759611777e-05,0.0493394888399757,0.037722,0.989310727137595,0.9582539045042052,0.08272199999999996
2356,0.9580000000000001,0.04599999999999997,56.663543516294325,7.06667759611777e-05,0.0493394888399757,0.037722,0.989310727137595,0.9582539045042052,0.08372199999999996
2357,0.9580000000000001,0.04699999999999997,56.663543516294325,7.06667759611777e-05,0.0493394888399757,0.037722,0.989310727137595,0.9582539045042052,0.08472199999999996
2358,0.9580000000000001,0.047999999999999966,56.663543516294325,7.06667759611777e-05,0.0493394888399757,0.037722,0.989310727137595,0.9582539045042052,0.08572199999999996
2359,0.9580000000000001,0.04899999999999997,56.663543516294325,7.06667759611777e-05,0.0493394888399757,0.037722,0.989310727137595,0.9582539045042052,0.08672199999999997
2360,0.9590000000000001,0.01,13.379586345528399,4.394074368307124e-06,0.0033386169143680374,0.0028484,0.9688432182344582,0.9787760118647355,0.0128484
2361,0.9590000000000001,0.011,14.031818883476717,4.636762944573607e-06,0.003298267841772142,0.0028484,0.9609279096296571,0.9817069032379813,0.0138484
2362,0.9590000000000001,0.011999999999999999,14.379112320461317,4.767438155065803e-06,0.003451648393704613,0.0028484,0.9626301123274507,0.9766359141457521,0.014848399999999998
2363,0.9590000000000001,0.012999999999999998,16.76484242755351,5.9455204891817895e-06,0.003677185948910299,0.0036086,0.9630571705360427,0.9784669549241354,0.016608599999999998
2364,0.9590000000000001,0.013999999999999997,17.264528601876034,6.153411012499225e-06,0.003706260131510837,0.0036086,0.9607089046107771,0.9811090043108016,0.017608599999999995
2365,0.9590000000000001,0.014999999999999996,17.993273051349025,6.463119720055447e-06,0.00392553060495631,0.0036086,0.9618398678419227,0.977588134566129,0.018608599999999996
2366,0.9590000000000001,0.015999999999999993,18.43384836347555,6.654311802269166e-06,0.003997590757291714,0.0036086,0.9606864083936619,0.9785472985729893,0.019608599999999993
2367,0.9590000000000001,0.016999999999999994,18.82510456403364,6.826353981233807e-06,0.004106341465922988,0.0036086,0.9606051931403516,0.9770006229263166,0.020608599999999994
2368,0.9590000000000001,0.017999999999999995,19.204761995915163,6.99464327964956e-06,0.0042046996688309725,0.0036086,0.9604300152275799,0.9762233868896468,0.021608599999999995
2369,0.9590000000000001,0.018999999999999993,19.89470489333974,7.306186942795754e-06,0.004441146795817778,0.0036086,0.9608835904275482,0.9720778408611764,0.022608599999999993
2370,0.9590000000000001,0.01999999999999999,20.168998943541766,7.4326081512028545e-06,0.00460199230422102,0.0036086,0.9620902282882375,0.9666094457738258,0.02360859999999999
2371,0.9590000000000001,0.02099999999999999,20.51558991737543,7.594650120302926e-06,0.004714283842112327,0.0036086,0.9619036741629159,0.9661808746881517,0.02460859999999999
2372,0.9590000000000001,0.021999999999999992,20.790552614377376,7.724867115713536e-06,0.004875300658826026,0.0036086,0.9628026341375148,0.9617655275876816,0.025608599999999992
2373,0.9590000000000001,0.02299999999999999,50.41086658349138,5.222368344277216e-05,0.037054258490317085,0.0331029,0.9913460445638917,0.9591028497010745,0.05610289999999998
2374,0.9590000000000001,0.023999999999999987,55.6349530019819,6.797106966101673e-05,0.04715566049759301,0.0386047,0.990968790035811,0.9605696791800641,0.06260469999999999
2375,0.9590000000000001,0.024999999999999988,55.86059305627161,6.863266926412927e-05,0.04757281552635125,0.0386047,0.9907674698174113,0.9605638950438384,0.06360469999999999
2376,0.9590000000000001,0.02599999999999999,55.30065165376266,6.667369906809149e-05,0.04671889671811369,0.037722,0.9905644173489458,0.959153823972647,0.06372199999999999
2377,0.9590000000000001,0.02699999999999999,55.7549626100008,6.798817462012347e-05,0.047541151125776185,0.037722,0.9901384905569718,0.9592186857237975,0.06472199999999999
2378,0.9590000000000001,0.027999999999999983,56.785022798206356,7.138709366610601e-05,0.049325989625581636,0.0386047,0.9898919349616786,0.9599549982084982,0.06660469999999999
2379,0.9590000000000001,0.028999999999999984,57.00296470143263,7.204471562175371e-05,0.04977724448307529,0.0386047,0.9897239238962889,0.959670018353021,0.06760469999999999
2380,0.9590000000000001,0.029999999999999985,57.00296470143263,7.204471562175371e-05,0.04977724448307529,0.0386047,0.9897239238962889,0.959670018353021,0.06860469999999999
2381,0.9590000000000001,0.030999999999999986,57.00296470143263,7.204471562175371e-05,0.04977724448307529,0.0386047,0.9897239238962889,0.959670018353021,0.06960469999999999
2382,0.9590000000000001,0.03199999999999998,57.00296470143263,7.204471562175371e-05,0.04977724448307529,0.0386047,0.9897239238962889,0.959670018353021,0.07060469999999998
2383,0.9590000000000001,0.03299999999999998,57.00296470143263,7.204471562175371e-05,0.04977724448307529,0.0386047,0.9897239238962889,0.959670018353021,0.07160469999999998
2384,0.9590000000000001,0.03399999999999998,57.00296470143263,7.204471562175371e-05,0.04977724448307529,0.0386047,0.9897239238962889,0.959670018353021,0.07260469999999998
2385,0.9590000000000001,0.03499999999999998,57.00296470143263,7.204471562175371e-05,0.04977724448307529,0.0386047,0.9897239238962889,0.959670018353021,0.07360469999999998
2386,0.9590000000000001,0.035999999999999976,57.00296470143263,7.204471562175371e-05,0.04977724448307529,0.0386047,0.9897239238962889,0.959670018353021,0.07460469999999997
2387,0.9590000000000001,0.03699999999999998,57.00296470143263,7.204471562175371e-05,0.04977724448307529,0.0386047,0.9897239238962889,0.959670018353021,0.07560469999999997
2388,0.9590000000000001,0.03799999999999998,57.00296470143263,7.204471562175371e-05,0.04977724448307529,0.0386047,0.9897239238962889,0.959670018353021,0.07660469999999997
2389,0.9590000000000001,0.03899999999999998,57.00296470143263,7.204471562175371e-05,0.04977724448307529,0.0386047,0.9897239238962889,0.959670018353021,0.07760469999999997
2390,0.9590000000000001,0.03999999999999997,57.00296470143263,7.204471562175371e-05,0.04977724448307529,0.0386047,0.9897239238962889,0.959670018353021,0.07860469999999997
2391,0.9590000000000001,0.040999999999999974,57.00296470143263,7.204471562175371e-05,0.04977724448307529,0.0386047,0.9897239238962889,0.959670018353021,0.07960469999999997
2392,0.9590000000000001,0.041999999999999975,57.00296470143263,7.204471562175371e-05,0.04977724448307529,0.0386047,0.9897239238962889,0.959670018353021,0.08060469999999997
2393,0.9590000000000001,0.042999999999999976,57.00296470143263,7.204471562175371e-05,0.04977724448307529,0.0386047,0.9897239238962889,0.959670018353021,0.08160469999999997
2394,0.9590000000000001,0.04399999999999998,57.00296470143263,7.204471562175371e-05,0.04977724448307529,0.0386047,0.9897239238962889,0.959670018353021,0.08260469999999998
2395,0.9590000000000001,0.04499999999999997,57.00296470143263,7.204471562175371e-05,0.04977724448307529,0.0386047,0.9897239238962889,0.959670018353021,0.08360469999999998
2396,0.9590000000000001,0.04599999999999997,57.00296470143263,7.204471562175371e-05,0.04977724448307529,0.0386047,0.9897239238962889,0.959670018353021,0.08460469999999998
2397,0.9590000000000001,0.04699999999999997,57.00296470143263,7.204471562175371e-05,0.04977724448307529,0.0386047,0.9897239238962889,0.959670018353021,0.08560469999999998
2398,0.9590000000000001,0.047999999999999966,57.00296470143263,7.204471562175371e-05,0.04977724448307529,0.0386047,0.9897239238962889,0.959670018353021,0.08660469999999997
2399,0.9590000000000001,0.04899999999999997,57.00296470143263,7.204471562175371e-05,0.04977724448307529,0.0386047,0.9897239238962889,0.959670018353021,0.08760469999999997
2400,0.9600000000000001,0.01,13.379586345528399,4.394074368307124e-06,0.0033386169143680374,0.0028484,0.9688432182344582,0.9787760118647355,0.0128484
2401,0.9600000000000001,0.011,14.031818883476717,4.636762944573607e-06,0.003298267841772142,0.0028484,0.9609279096296571,0.9817069032379813,0.0138484
2402,0.9600000000000001,0.011999999999999999,14.379112320461317,4.767438155065803e-06,0.003451648393704613,0.0028484,0.9626301123274507,0.9766359141457521,0.014848399999999998
2403,0.9600000000000001,0.012999999999999998,16.76484242755351,5.9455204891817895e-06,0.003677185948910299,0.0036086,0.9630571705360427,0.9784669549241354,0.016608599999999998
2404,0.9600000000000001,0.013999999999999997,17.264528601876034,6.153411012499225e-06,0.003706260131510837,0.0036086,0.9607089046107771,0.9811090043108016,0.017608599999999995
2405,0.9600000000000001,0.014999999999999996,17.993273051349025,6.463119720055447e-06,0.00392553060495631,0.0036086,0.9618398678419227,0.977588134566129,0.018608599999999996
2406,0.9600000000000001,0.015999999999999993,18.43384836347555,6.654311802269166e-06,0.003997590757291714,0.0036086,0.9606864083936619,0.9785472985729893,0.019608599999999993
2407,0.9600000000000001,0.016999999999999994,18.82510456403364,6.826353981233807e-06,0.004106341465922988,0.0036086,0.9606051931403516,0.9770006229263166,0.020608599999999994
2408,0.9600000000000001,0.017999999999999995,19.204761995915163,6.99464327964956e-06,0.0042046996688309725,0.0036086,0.9604300152275799,0.9762233868896468,0.021608599999999995
2409,0.9600000000000001,0.018999999999999993,19.89470489333974,7.306186942795754e-06,0.004441146795817778,0.0036086,0.9608835904275482,0.9720778408611764,0.022608599999999993
2410,0.9600000000000001,0.01999999999999999,20.168998943541766,7.4326081512028545e-06,0.00460199230422102,0.0036086,0.9620902282882375,0.9666094457738258,0.02360859999999999
2411,0.9600000000000001,0.02099999999999999,20.51558991737543,7.594650120302926e-06,0.004714283842112327,0.0036086,0.9619036741629159,0.9661808746881517,0.02460859999999999
2412,0.9600000000000001,0.021999999999999992,20.790552614377376,7.724867115713536e-06,0.004875300658826026,0.0036086,0.9628026341375148,0.9617655275876816,0.025608599999999992
2413,0.9600000000000001,0.02299999999999999,56.15705750827588,6.980401250791858e-05,0.048019570578096527,0.0394469,0.9909945629054464,0.9619890054888474,0.062446899999999986
2414,0.9600000000000001,0.023999999999999987,55.6349530019819,6.797106966101673e-05,0.04715566049759301,0.0386047,0.990968790035811,0.9605696791800641,0.06260469999999999
2415,0.9600000000000001,0.024999999999999988,55.86059305627161,6.863266926412927e-05,0.04757281552635125,0.0386047,0.9907674698174113,0.9605638950438384,0.06360469999999999
2416,0.9600000000000001,0.02599999999999999,57.087375713938265,7.261843344906612e-05,0.049772488443702786,0.0394469,0.9901299561474767,0.9613753933611701,0.06544689999999999
2417,0.9600000000000001,0.02699999999999999,57.30637881831447,7.328937709014394e-05,0.05022419296862833,0.0394469,0.9899655432832957,0.9610881494319589,0.06644689999999999
2418,0.9600000000000001,0.027999999999999983,57.30637881831447,7.328937709014394e-05,0.05022419296862833,0.0394469,0.9899655432832957,0.9610881494319589,0.06744689999999998
2419,0.9600000000000001,0.028999999999999984,57.30637881831447,7.328937709014394e-05,0.05022419296862833,0.0394469,0.9899655432832957,0.9610881494319589,0.06844689999999998
2420,0.9600000000000001,0.029999999999999985,57.30637881831447,7.328937709014394e-05,0.05022419296862833,0.0394469,0.9899655432832957,0.9610881494319589,0.06944689999999998
2421,0.9600000000000001,0.030999999999999986,57.30637881831447,7.328937709014394e-05,0.05022419296862833,0.0394469,0.9899655432832957,0.9610881494319589,0.07044689999999998
2422,0.9600000000000001,0.03199999999999998,57.30637881831447,7.328937709014394e-05,0.05022419296862833,0.0394469,0.9899655432832957,0.9610881494319589,0.07144689999999998
2423,0.9600000000000001,0.03299999999999998,57.30637881831447,7.328937709014394e-05,0.05022419296862833,0.0394469,0.9899655432832957,0.9610881494319589,0.07244689999999998
2424,0.9600000000000001,0.03399999999999998,57.30637881831447,7.328937709014394e-05,0.05022419296862833,0.0394469,0.9899655432832957,0.9610881494319589,0.07344689999999998
2425,0.9600000000000001,0.03499999999999998,57.30637881831447,7.328937709014394e-05,0.05022419296862833,0.0394469,0.9899655432832957,0.9610881494319589,0.07444689999999998
2426,0.9600000000000001,0.035999999999999976,57.30637881831447,7.328937709014394e-05,0.05022419296862833,0.0394469,0.9899655432832957,0.9610881494319589,0.07544689999999998
2427,0.9600000000000001,0.03699999999999998,57.30637881831447,7.328937709014394e-05,0.05022419296862833,0.0394469,0.9899655432832957,0.9610881494319589,0.07644689999999998
2428,0.9600000000000001,0.03799999999999998,57.30637881831447,7.328937709014394e-05,0.05022419296862833,0.0394469,0.9899655432832957,0.9610881494319589,0.07744689999999999
2429,0.9600000000000001,0.03899999999999998,57.30637881831447,7.328937709014394e-05,0.05022419296862833,0.0394469,0.9899655432832957,0.9610881494319589,0.07844689999999999
2430,0.9600000000000001,0.03999999999999997,57.30637881831447,7.328937709014394e-05,0.05022419296862833,0.0394469,0.9899655432832957,0.9610881494319589,0.07944689999999997
2431,0.9600000000000001,0.040999999999999974,57.30637881831447,7.328937709014394e-05,0.05022419296862833,0.0394469,0.9899655432832957,0.9610881494319589,0.08044689999999997
2432,0.9600000000000001,0.041999999999999975,57.30637881831447,7.328937709014394e-05,0.05022419296862833,0.0394469,0.9899655432832957,0.9610881494319589,0.08144689999999997
2433,0.9600000000000001,0.042999999999999976,57.30637881831447,7.328937709014394e-05,0.05022419296862833,0.0394469,0.9899655432832957,0.9610881494319589,0.08244689999999998
2434,0.9600000000000001,0.04399999999999998,57.30637881831447,7.328937709014394e-05,0.05022419296862833,0.0394469,0.9899655432832957,0.9610881494319589,0.08344689999999998
2435,0.9600000000000001,0.04499999999999997,57.30637881831447,7.328937709014394e-05,0.05022419296862833,0.0394469,0.9899655432832957,0.9610881494319589,0.08444689999999996
2436,0.9600000000000001,0.04599999999999997,57.30637881831447,7.328937709014394e-05,0.05022419296862833,0.0394469,0.9899655432832957,0.9610881494319589,0.08544689999999996
2437,0.9600000000000001,0.04699999999999997,57.30637881831447,7.328937709014394e-05,0.05022419296862833,0.0394469,0.9899655432832957,0.9610881494319589,0.08644689999999997
2438,0.9600000000000001,0.047999999999999966,57.30637881831447,7.328937709014394e-05,0.05022419296862833,0.0394469,0.9899655432832957,0.9610881494319589,0.08744689999999997
2439,0.9600000000000001,0.04899999999999997,57.30637881831447,7.328937709014394e-05,0.05022419296862833,0.0394469,0.9899655432832957,0.9610881494319589,0.08844689999999997
2440,0.9610000000000001,0.01,13.379586345528399,4.394074368307124e-06,0.0033386169143680374,0.0028484,0.9688432182344582,0.9787760118647355,0.0128484
2441,0.9610000000000001,0.011,15.917924104004005,5.595592294520877e-06,0.0034671726006334524,0.0036086,0.9627002168353577,0.9793631170643745,0.0146086
2442,0.9610000000000001,0.011999999999999999,14.379112320461317,4.767438155065803e-06,0.003451648393704613,0.0028484,0.9626301123274507,0.9766359141457521,0.014848399999999998
2443,0.9610000000000001,0.012999999999999998,16.76484242755351,5.9455204891817895e-06,0.003677185948910299,0.0036086,0.9630571705360427,0.9784669549241354,0.016608599999999998
2444,0.9610000000000001,0.013999999999999997,20.29467537935133,7.9366932516654e-06,0.0042552430967006845,0.0051536,0.9667704677158289,0.9800611953001389,0.019153599999999996
2445,0.9610000000000001,0.014999999999999996,17.993273051349025,6.463119720055447e-06,0.00392553060495631,0.0036086,0.9618398678419227,0.977588134566129,0.018608599999999996
2446,0.9610000000000001,0.015999999999999993,21.35998504207877,8.469792196862913e-06,0.004602117587472351,0.0051536,0.9684537188396188,0.9755820018699872,0.021153599999999995
2447,0.9610000000000001,0.016999999999999994,21.60764154040758,8.59691065660262e-06,0.00477447827169305,0.0051536,0.9700402700663007,0.9700683079112558,0.022153599999999996
2448,0.9610000000000001,0.017999999999999995,21.953960875215465,8.77709479503778e-06,0.00488884069862062,0.0051536,0.9701221730136681,0.9698930092276167,0.023153599999999996
2449,0.9610000000000001,0.018999999999999993,22.44831996908631,9.039168949087447e-06,0.005236582649402465,0.0051536,0.9723796215850662,0.961426834704119,0.024153599999999994
2450,0.9610000000000001,0.01999999999999999,20.168998943541766,7.4326081512028545e-06,0.00460199230422102,0.0036086,0.9620902282882375,0.9666094457738258,0.02360859999999999
2451,0.9610000000000001,0.02099999999999999,20.51558991737543,7.594650120302926e-06,0.004714283842112327,0.0036086,0.9619036741629159,0.9661808746881517,0.02460859999999999
2452,0.9610000000000001,0.021999999999999992,20.790552614377376,7.724867115713536e-06,0.004875300658826026,0.0036086,0.9628026341375148,0.9617655275876816,0.025608599999999992
2453,0.9610000000000001,0.02299999999999999,56.15705750827588,6.980401250791858e-05,0.048019570578096527,0.0394469,0.9909945629054464,0.9619890054888474,0.062446899999999986
2454,0.9610000000000001,0.023999999999999987,56.389154790681275,7.04990219078315e-05,0.04842311613387737,0.0394469,0.9907749207519997,0.9620598899952459,0.06344689999999999
2455,0.9610000000000001,0.024999999999999988,56.585793896296224,7.109178136210257e-05,0.04894530222779173,0.0394469,0.9907050056051114,0.9612466620999514,0.06444689999999999
2456,0.9610000000000001,0.02599999999999999,57.087375713938265,7.261843344906612e-05,0.049772488443702786,0.0394469,0.9901299561474767,0.9613753933611701,0.06544689999999999
2457,0.9610000000000001,0.02699999999999999,57.30637881831447,7.328937709014394e-05,0.05022419296862833,0.0394469,0.9899655432832957,0.9610881494319589,0.06644689999999999
2458,0.9610000000000001,0.027999999999999983,57.30637881831447,7.328937709014394e-05,0.05022419296862833,0.0394469,0.9899655432832957,0.9610881494319589,0.06744689999999998
2459,0.9610000000000001,0.028999999999999984,57.30637881831447,7.328937709014394e-05,0.05022419296862833,0.0394469,0.9899655432832957,0.9610881494319589,0.06844689999999998
2460,0.9610000000000001,0.029999999999999985,57.30637881831447,7.328937709014394e-05,0.05022419296862833,0.0394469,0.9899655432832957,0.9610881494319589,0.06944689999999998
2461,0.9610000000000001,0.030999999999999986,57.30637881831447,7.328937709014394e-05,0.05022419296862833,0.0394469,0.9899655432832957,0.9610881494319589,0.07044689999999998
2462,0.9610000000000001,0.03199999999999998,57.30637881831447,7.328937709014394e-05,0.05022419296862833,0.0394469,0.9899655432832957,0.9610881494319589,0.07144689999999998
2463,0.9610000000000001,0.03299999999999998,57.30637881831447,7.328937709014394e-05,0.05022419296862833,0.0394469,0.9899655432832957,0.9610881494319589,0.07244689999999998
2464,0.9610000000000001,0.03399999999999998,57.30637881831447,7.328937709014394e-05,0.05022419296862833,0.0394469,0.9899655432832957,0.9610881494319589,0.07344689999999998
2465,0.9610000000000001,0.03499999999999998,57.30637881831447,7.328937709014394e-05,0.05022419296862833,0.0394469,0.9899655432832957,0.9610881494319589,0.07444689999999998
2466,0.9610000000000001,0.035999999999999976,57.30637881831447,7.328937709014394e-05,0.05022419296862833,0.0394469,0.9899655432832957,0.9610881494319589,0.07544689999999998
2467,0.9610000000000001,0.03699999999999998,57.30637881831447,7.328937709014394e-05,0.05022419296862833,0.0394469,0.9899655432832957,0.9610881494319589,0.07644689999999998
2468,0.9610000000000001,0.03799999999999998,57.30637881831447,7.328937709014394e-05,0.05022419296862833,0.0394469,0.9899655432832957,0.9610881494319589,0.07744689999999999
2469,0.9610000000000001,0.03899999999999998,57.30637881831447,7.328937709014394e-05,0.05022419296862833,0.0394469,0.9899655432832957,0.9610881494319589,0.07844689999999999
2470,0.9610000000000001,0.03999999999999997,57.30637881831447,7.328937709014394e-05,0.05022419296862833,0.0394469,0.9899655432832957,0.9610881494319589,0.07944689999999997
2471,0.9610000000000001,0.040999999999999974,57.30637881831447,7.328937709014394e-05,0.05022419296862833,0.0394469,0.9899655432832957,0.9610881494319589,0.08044689999999997
2472,0.9610000000000001,0.041999999999999975,57.30637881831447,7.328937709014394e-05,0.05022419296862833,0.0394469,0.9899655432832957,0.9610881494319589,0.08144689999999997
2473,0.9610000000000001,0.042999999999999976,57.30637881831447,7.328937709014394e-05,0.05022419296862833,0.0394469,0.9899655432832957,0.9610881494319589,0.08244689999999998
2474,0.9610000000000001,0.04399999999999998,57.30637881831447,7.328937709014394e-05,0.05022419296862833,0.0394469,0.9899655432832957,0.9610881494319589,0.08344689999999998
2475,0.9610000000000001,0.04499999999999997,57.30637881831447,7.328937709014394e-05,0.05022419296862833,0.0394469,0.9899655432832957,0.9610881494319589,0.08444689999999996
2476,0.9610000000000001,0.04599999999999997,57.30637881831447,7.328937709014394e-05,0.05022419296862833,0.0394469,0.9899655432832957,0.9610881494319589,0.08544689999999996
2477,0.9610000000000001,0.04699999999999997,57.30637881831447,7.328937709014394e-05,0.05022419296862833,0.0394469,0.9899655432832957,0.9610881494319589,0.08644689999999997
2478,0.9610000000000001,0.047999999999999966,57.30637881831447,7.328937709014394e-05,0.05022419296862833,0.0394469,0.9899655432832957,0.9610881494319589,0.08744689999999997
2479,0.9610000000000001,0.04899999999999997,57.30637881831447,7.328937709014394e-05,0.05022419296862833,0.0394469,0.9899655432832957,0.9610881494319589,0.08844689999999997
2480,0.9620000000000001,0.01,13.379586345528399,4.394074368307124e-06,0.0033386169143680374,0.0028484,0.9688432182344582,0.9787760118647355,0.0128484
2481,0.9620000000000001,0.011,15.917924104004005,5.595592294520877e-06,0.0034671726006334524,0.0036086,0.9627002168353577,0.9793631170643745,0.0146086
2482,0.9620000000000001,0.011999999999999999,14.379112320461317,4.767438155065803e-06,0.003451648393704613,0.0028484,0.9626301123274507,0.9766359141457521,0.014848399999999998
2483,0.9620000000000001,0.012999999999999998,16.76484242755351,5.9455204891817895e-06,0.003677185948910299,0.0036086,0.9630571705360427,0.9784669549241354,0.016608599999999998
2484,0.9620000000000001,0.013999999999999997,20.29467537935133,7.9366932516654e-06,0.0042552430967006845,0.0051536,0.9667704677158289,0.9800611953001389,0.019153599999999996
2485,0.9620000000000001,0.014999999999999996,21.0074593584787,8.291219435435274e-06,0.004488030435598574,0.0051536,0.9680631534736978,0.9766660100430535,0.020153599999999997
2486,0.9620000000000001,0.015999999999999993,21.35998504207877,8.469792196862913e-06,0.004602117587472351,0.0051536,0.9684537188396188,0.9755820018699872,0.021153599999999995
2487,0.9620000000000001,0.016999999999999994,21.60764154040758,8.59691065660262e-06,0.00477447827169305,0.0051536,0.9700402700663007,0.9700683079112558,0.022153599999999996
2488,0.9620000000000001,0.017999999999999995,21.953960875215465,8.77709479503778e-06,0.00488884069862062,0.0051536,0.9701221730136681,0.9698930092276167,0.023153599999999996
2489,0.9620000000000001,0.018999999999999993,34.4354486003266,2.0688004966246628e-05,0.013954612652806916,0.0172468,0.9903580407103021,0.9628217280815471,0.036246799999999996
2490,0.9620000000000001,0.01999999999999999,20.168998943541766,7.4326081512028545e-06,0.00460199230422102,0.0036086,0.9620902282882375,0.9666094457738258,0.02360859999999999
2491,0.9620000000000001,0.02099999999999999,56.482611001510676,7.110328014371805e-05,0.04845453212173396,0.0402647,0.9913497634676841,0.9632984746392743,0.06126469999999999
2492,0.9620000000000001,0.021999999999999992,56.71583437811514,7.181266194426051e-05,0.048857419477949755,0.0402647,0.9911313147390322,0.9633707942333967,0.06226469999999999
2493,0.9620000000000001,0.02299999999999999,56.912137878756326,7.241371509441786e-05,0.04938209989835036,0.0402647,0.9910649151247868,0.962556884036905,0.0632647
2494,0.9620000000000001,0.023999999999999987,56.389154790681275,7.04990219078315e-05,0.04842311613387737,0.0394469,0.9907749207519997,0.9620598899952459,0.06344689999999999
2495,0.9620000000000001,0.024999999999999988,57.636669531942594,7.465802965387575e-05,0.05066011659918903,0.0402647,0.9903287314128937,0.9624017908747032,0.06526469999999998
2496,0.9620000000000001,0.02599999999999999,57.636669531942594,7.465802965387575e-05,0.05066011659918903,0.0402647,0.9903287314128937,0.9624017908747032,0.06626469999999998
2497,0.9620000000000001,0.02699999999999999,57.636669531942594,7.465802965387575e-05,0.05066011659918903,0.0402647,0.9903287314128937,0.9624017908747032,0.06726469999999998
2498,0.9620000000000001,0.027999999999999983,57.636669531942594,7.465802965387575e-05,0.05066011659918903,0.0402647,0.9903287314128937,0.9624017908747032,0.06826469999999998
2499,0.9620000000000001,0.028999999999999984,57.636669531942594,7.465802965387575e-05,0.05066011659918903,0.0402647,0.9903287314128937,0.9624017908747032,0.06926469999999998
2500,0.9620000000000001,0.029999999999999985,57.636669531942594,7.465802965387575e-05,0.05066011659918903,0.0402647,0.9903287314128937,0.9624017908747032,0.07026469999999999
2501,0.9620000000000001,0.030999999999999986,57.636669531942594,7.465802965387575e-05,0.05066011659918903,0.0402647,0.9903287314128937,0.9624017908747032,0.07126469999999999
2502,0.9620000000000001,0.03199999999999998,57.636669531942594,7.465802965387575e-05,0.05066011659918903,0.0402647,0.9903287314128937,0.9624017908747032,0.07226469999999999
2503,0.9620000000000001,0.03299999999999998,57.636669531942594,7.465802965387575e-05,0.05066011659918903,0.0402647,0.9903287314128937,0.9624017908747032,0.07326469999999999
2504,0.9620000000000001,0.03399999999999998,57.636669531942594,7.465802965387575e-05,0.05066011659918903,0.0402647,0.9903287314128937,0.9624017908747032,0.07426469999999999
2505,0.9620000000000001,0.03499999999999998,57.636669531942594,7.465802965387575e-05,0.05066011659918903,0.0402647,0.9903287314128937,0.9624017908747032,0.07526469999999999
2506,0.9620000000000001,0.035999999999999976,57.636669531942594,7.465802965387575e-05,0.05066011659918903,0.0402647,0.9903287314128937,0.9624017908747032,0.07626469999999998
2507,0.9620000000000001,0.03699999999999998,57.636669531942594,7.465802965387575e-05,0.05066011659918903,0.0402647,0.9903287314128937,0.9624017908747032,0.07726469999999998
2508,0.9620000000000001,0.03799999999999998,57.636669531942594,7.465802965387575e-05,0.05066011659918903,0.0402647,0.9903287314128937,0.9624017908747032,0.07826469999999998
2509,0.9620000000000001,0.03899999999999998,57.636669531942594,7.465802965387575e-05,0.05066011659918903,0.0402647,0.9903287314128937,0.9624017908747032,0.07926469999999998
2510,0.9620000000000001,0.03999999999999997,57.636669531942594,7.465802965387575e-05,0.05066011659918903,0.0402647,0.9903287314128937,0.9624017908747032,0.08026469999999997
2511,0.9620000000000001,0.040999999999999974,57.636669531942594,7.465802965387575e-05,0.05066011659918903,0.0402647,0.9903287314128937,0.9624017908747032,0.08126469999999997
2512,0.9620000000000001,0.041999999999999975,57.636669531942594,7.465802965387575e-05,0.05066011659918903,0.0402647,0.9903287314128937,0.9624017908747032,0.08226469999999997
2513,0.9620000000000001,0.042999999999999976,57.636669531942594,7.465802965387575e-05,0.05066011659918903,0.0402647,0.9903287314128937,0.9624017908747032,0.08326469999999997
2514,0.9620000000000001,0.04399999999999998,57.636669531942594,7.465802965387575e-05,0.05066011659918903,0.0402647,0.9903287314128937,0.9624017908747032,0.08426469999999997
2515,0.9620000000000001,0.04499999999999997,57.636669531942594,7.465802965387575e-05,0.05066011659918903,0.0402647,0.9903287314128937,0.9624017908747032,0.08526469999999997
2516,0.9620000000000001,0.04599999999999997,57.636669531942594,7.465802965387575e-05,0.05066011659918903,0.0402647,0.9903287314128937,0.9624017908747032,0.08626469999999997
2517,0.9620000000000001,0.04699999999999997,57.636669531942594,7.465802965387575e-05,0.05066011659918903,0.0402647,0.9903287314128937,0.9624017908747032,0.08726469999999997
2518,0.9620000000000001,0.047999999999999966,57.636669531942594,7.465802965387575e-05,0.05066011659918903,0.0402647,0.9903287314128937,0.9624017908747032,0.08826469999999997
2519,0.9620000000000001,0.04899999999999997,57.636669531942594,7.465802965387575e-05,0.05066011659918903,0.0402647,0.9903287314128937,0.9624017908747032,0.08926469999999997
2520,0.9630000000000001,0.01,13.379586345528399,4.394074368307124e-06,0.0033386169143680374,0.0028484,0.9688432182344582,0.9787760118647355,0.0128484
2521,0.9630000000000001,0.011,19.025070093062503,7.319976839519989e-06,0.003978267785353878,0.0051536,0.9662294820562176,0.9800412940557398,0.0161536
2522,0.9630000000000001,0.011999999999999999,16.29981191729645,5.752487755104176e-06,0.0036034423242024423,0.0036086,0.9640343538902126,0.976699436564061,0.015608599999999999
2523,0.9630000000000001,0.012999999999999998,16.76484242755351,5.9455204891817895e-06,0.003677185948910299,0.0036086,0.9630571705360427,0.9784669549241354,0.016608599999999998
2524,0.9630000000000001,0.013999999999999997,20.29467537935133,7.9366932516654e-06,0.0042552430967006845,0.0051536,0.9667704677158289,0.9800611953001389,0.019153599999999996
2525,0.9630000000000001,0.014999999999999996,21.0074593584787,8.291219435435274e-06,0.004488030435598574,0.0051536,0.9680631534736978,0.9766660100430535,0.020153599999999997
2526,0.9630000000000001,0.015999999999999993,21.35998504207877,8.469792196862913e-06,0.004602117587472351,0.0051536,0.9684537188396188,0.9755820018699872,0.021153599999999995
2527,0.9630000000000001,0.016999999999999994,21.60764154040758,8.59691065660262e-06,0.00477447827169305,0.0051536,0.9700402700663007,0.9700683079112558,0.022153599999999996
2528,0.9630000000000001,0.017999999999999995,21.953960875215465,8.77709479503778e-06,0.00488884069862062,0.0051536,0.9701221730136681,0.9698930092276167,0.023153599999999996
2529,0.9630000000000001,0.018999999999999993,52.25155548060103,5.780467252233815e-05,0.04008803915877303,0.0363698,0.9917351637376568,0.963093058462667,0.0553698
2530,0.9630000000000001,0.01999999999999999,56.98629725249166,7.291073056885702e-05,0.049313833612204594,0.0411718,0.9912450708439136,0.9647657665708839,0.06117179999999999
2531,0.9630000000000001,0.02099999999999999,56.482611001510676,7.110328014371805e-05,0.04845453212173396,0.0402647,0.9913497634676841,0.9632984746392743,0.06126469999999999
2532,0.9630000000000001,0.021999999999999992,56.71583437811514,7.181266194426051e-05,0.048857419477949755,0.0402647,0.9911313147390322,0.9633707942333967,0.06226469999999999
2533,0.9630000000000001,0.02299999999999999,57.69308956758885,7.512121664546134e-05,0.050664014926209845,0.0411718,0.9906149879244708,0.9640777747931704,0.06417179999999999
2534,0.9630000000000001,0.023999999999999987,57.91416102393087,7.58190348019593e-05,0.051116581284069,0.0411718,0.9904572442064901,0.963787262409025,0.06517179999999999
2535,0.9630000000000001,0.024999999999999988,57.91416102393087,7.58190348019593e-05,0.051116581284069,0.0411718,0.9904572442064901,0.963787262409025,0.06617179999999999
2536,0.9630000000000001,0.02599999999999999,57.91416102393087,7.58190348019593e-05,0.051116581284069,0.0411718,0.9904572442064901,0.963787262409025,0.06717179999999999
2537,0.9630000000000001,0.02699999999999999,57.91416102393087,7.58190348019593e-05,0.051116581284069,0.0411718,0.9904572442064901,0.963787262409025,0.06817179999999999
2538,0.9630000000000001,0.027999999999999983,57.91416102393087,7.58190348019593e-05,0.051116581284069,0.0411718,0.9904572442064901,0.963787262409025,0.06917179999999998
2539,0.9630000000000001,0.028999999999999984,57.91416102393087,7.58190348019593e-05,0.051116581284069,0.0411718,0.9904572442064901,0.963787262409025,0.07017179999999998
2540,0.9630000000000001,0.029999999999999985,57.91416102393087,7.58190348019593e-05,0.051116581284069,0.0411718,0.9904572442064901,0.963787262409025,0.07117179999999998
2541,0.9630000000000001,0.030999999999999986,57.91416102393087,7.58190348019593e-05,0.051116581284069,0.0411718,0.9904572442064901,0.963787262409025,0.07217179999999998
2542,0.9630000000000001,0.03199999999999998,57.91416102393087,7.58190348019593e-05,0.051116581284069,0.0411718,0.9904572442064901,0.963787262409025,0.07317179999999998
2543,0.9630000000000001,0.03299999999999998,57.91416102393087,7.58190348019593e-05,0.051116581284069,0.0411718,0.9904572442064901,0.963787262409025,0.07417179999999998
2544,0.9630000000000001,0.03399999999999998,57.91416102393087,7.58190348019593e-05,0.051116581284069,0.0411718,0.9904572442064901,0.963787262409025,0.07517179999999998
2545,0.9630000000000001,0.03499999999999998,57.91416102393087,7.58190348019593e-05,0.051116581284069,0.0411718,0.9904572442064901,0.963787262409025,0.07617179999999998
2546,0.9630000000000001,0.035999999999999976,57.91416102393087,7.58190348019593e-05,0.051116581284069,0.0411718,0.9904572442064901,0.963787262409025,0.07717179999999998
2547,0.9630000000000001,0.03699999999999998,57.91416102393087,7.58190348019593e-05,0.051116581284069,0.0411718,0.9904572442064901,0.963787262409025,0.07817179999999999
2548,0.9630000000000001,0.03799999999999998,57.91416102393087,7.58190348019593e-05,0.051116581284069,0.0411718,0.9904572442064901,0.963787262409025,0.07917179999999999
2549,0.9630000000000001,0.03899999999999998,57.91416102393087,7.58190348019593e-05,0.051116581284069,0.0411718,0.9904572442064901,0.963787262409025,0.08017179999999999
2550,0.9630000000000001,0.03999999999999997,57.91416102393087,7.58190348019593e-05,0.051116581284069,0.0411718,0.9904572442064901,0.963787262409025,0.08117179999999997
2551,0.9630000000000001,0.040999999999999974,57.91416102393087,7.58190348019593e-05,0.051116581284069,0.0411718,0.9904572442064901,0.963787262409025,0.08217179999999998
2552,0.9630000000000001,0.041999999999999975,57.91416102393087,7.58190348019593e-05,0.051116581284069,0.0411718,0.9904572442064901,0.963787262409025,0.08317179999999998
2553,0.9630000000000001,0.042999999999999976,57.91416102393087,7.58190348019593e-05,0.051116581284069,0.0411718,0.9904572442064901,0.963787262409025,0.08417179999999998
2554,0.9630000000000001,0.04399999999999998,57.91416102393087,7.58190348019593e-05,0.051116581284069,0.0411718,0.9904572442064901,0.963787262409025,0.08517179999999998
2555,0.9630000000000001,0.04499999999999997,57.91416102393087,7.58190348019593e-05,0.051116581284069,0.0411718,0.9904572442064901,0.963787262409025,0.08617179999999997
2556,0.9630000000000001,0.04599999999999997,57.91416102393087,7.58190348019593e-05,0.051116581284069,0.0411718,0.9904572442064901,0.963787262409025,0.08717179999999997
2557,0.9630000000000001,0.04699999999999997,57.91416102393087,7.58190348019593e-05,0.051116581284069,0.0411718,0.9904572442064901,0.963787262409025,0.08817179999999997
2558,0.9630000000000001,0.047999999999999966,57.91416102393087,7.58190348019593e-05,0.051116581284069,0.0411718,0.9904572442064901,0.963787262409025,0.08917179999999997
2559,0.9630000000000001,0.04899999999999997,57.91416102393087,7.58190348019593e-05,0.051116581284069,0.0411718,0.9904572442064901,0.963787262409025,0.09017179999999997
2560,0.9640000000000001,0.01,13.379586345528399,4.394074368307124e-06,0.0033386169143680374,0.0028484,0.9688432182344582,0.9787760118647355,0.0128484
2561,0.9640000000000001,0.011,19.025070093062503,7.319976839519989e-06,0.003978267785353878,0.0051536,0.9662294820562176,0.9800412940557398,0.0161536
2562,0.9640000000000001,0.011999999999999999,16.29981191729645,5.752487755104176e-06,0.0036034423242024423,0.0036086,0.9640343538902126,0.976699436564061,0.015608599999999999
2563,0.9640000000000001,0.012999999999999998,19.898615261352262,7.742084471976563e-06,0.0041423342083122695,0.0051536,0.9662080174207528,0.9814202107962469,0.0181536
2564,0.9640000000000001,0.013999999999999997,20.29467537935133,7.9366932516654e-06,0.0042552430967006845,0.0051536,0.9667704677158289,0.9800611953001389,0.019153599999999996
2565,0.9640000000000001,0.014999999999999996,21.0074593584787,8.291219435435274e-06,0.004488030435598574,0.0051536,0.9680631534736978,0.9766660100430535,0.020153599999999997
2566,0.9640000000000001,0.015999999999999993,21.35998504207877,8.469792196862913e-06,0.004602117587472351,0.0051536,0.9684537188396188,0.9755820018699872,0.021153599999999995
2567,0.9640000000000001,0.016999999999999994,21.60764154040758,8.59691065660262e-06,0.00477447827169305,0.0051536,0.9700402700663007,0.9700683079112558,0.022153599999999996
2568,0.9640000000000001,0.017999999999999995,21.953960875215465,8.77709479503778e-06,0.00488884069862062,0.0051536,0.9701221730136681,0.9698930092276167,0.023153599999999996
2569,0.9640000000000001,0.018999999999999993,56.52117928799008,7.147980925685312e-05,0.04849638188232966,0.0411718,0.9916538397991935,0.9647015789744235,0.0601718
2570,0.9640000000000001,0.01999999999999999,56.98629725249166,7.291073056885702e-05,0.049313833612204594,0.0411718,0.9912450708439136,0.9647657665708839,0.06117179999999999
2571,0.9640000000000001,0.02099999999999999,58.014475384510405,7.64693505019962e-05,0.05109523296720134,0.0421294,0.9909295854337287,0.9652809367951698,0.06312939999999999
2572,0.9640000000000001,0.021999999999999992,58.23625094220947,7.717998379560279e-05,0.051548425677387585,0.0421294,0.9907743887093107,0.9649912111848273,0.06412939999999999
2573,0.9640000000000001,0.02299999999999999,57.69308956758885,7.512121664546134e-05,0.050664014926209845,0.0411718,0.9906149879244708,0.9640777747931704,0.06417179999999999
2574,0.9640000000000001,0.023999999999999987,58.23625094220947,7.717998379560279e-05,0.051548425677387585,0.0421294,0.9907743887093107,0.9649912111848273,0.06612939999999998
2575,0.9640000000000001,0.024999999999999988,58.23625094220947,7.717998379560279e-05,0.051548425677387585,0.0421294,0.9907743887093107,0.9649912111848273,0.06712939999999998
2576,0.9640000000000001,0.02599999999999999,58.23625094220947,7.717998379560279e-05,0.051548425677387585,0.0421294,0.9907743887093107,0.9649912111848273,0.06812939999999998
2577,0.9640000000000001,0.02699999999999999,58.23625094220947,7.717998379560279e-05,0.051548425677387585,0.0421294,0.9907743887093107,0.9649912111848273,0.06912939999999998
2578,0.9640000000000001,0.027999999999999983,58.23625094220947,7.717998379560279e-05,0.051548425677387585,0.0421294,0.9907743887093107,0.9649912111848273,0.07012939999999998
2579,0.9640000000000001,0.028999999999999984,58.23625094220947,7.717998379560279e-05,0.051548425677387585,0.0421294,0.9907743887093107,0.9649912111848273,0.07112939999999998
2580,0.9640000000000001,0.029999999999999985,58.23625094220947,7.717998379560279e-05,0.051548425677387585,0.0421294,0.9907743887093107,0.9649912111848273,0.07212939999999998
2581,0.9640000000000001,0.030999999999999986,58.23625094220947,7.717998379560279e-05,0.051548425677387585,0.0421294,0.9907743887093107,0.9649912111848273,0.07312939999999998
2582,0.9640000000000001,0.03199999999999998,58.23625094220947,7.717998379560279e-05,0.051548425677387585,0.0421294,0.9907743887093107,0.9649912111848273,0.07412939999999998
2583,0.9640000000000001,0.03299999999999998,58.23625094220947,7.717998379560279e-05,0.051548425677387585,0.0421294,0.9907743887093107,0.9649912111848273,0.07512939999999999
2584,0.9640000000000001,0.03399999999999998,58.23625094220947,7.717998379560279e-05,0.051548425677387585,0.0421294,0.9907743887093107,0.9649912111848273,0.07612939999999999
2585,0.9640000000000001,0.03499999999999998,58.23625094220947,7.717998379560279e-05,0.051548425677387585,0.0421294,0.9907743887093107,0.9649912111848273,0.07712939999999999
2586,0.9640000000000001,0.035999999999999976,58.23625094220947,7.717998379560279e-05,0.051548425677387585,0.0421294,0.9907743887093107,0.9649912111848273,0.07812939999999997
2587,0.9640000000000001,0.03699999999999998,58.23625094220947,7.717998379560279e-05,0.051548425677387585,0.0421294,0.9907743887093107,0.9649912111848273,0.07912939999999997
2588,0.9640000000000001,0.03799999999999998,58.23625094220947,7.717998379560279e-05,0.051548425677387585,0.0421294,0.9907743887093107,0.9649912111848273,0.08012939999999998
2589,0.9640000000000001,0.03899999999999998,58.23625094220947,7.717998379560279e-05,0.051548425677387585,0.0421294,0.9907743887093107,0.9649912111848273,0.08112939999999998
2590,0.9640000000000001,0.03999999999999997,58.23625094220947,7.717998379560279e-05,0.051548425677387585,0.0421294,0.9907743887093107,0.9649912111848273,0.08212939999999996
2591,0.9640000000000001,0.040999999999999974,58.23625094220947,7.717998379560279e-05,0.051548425677387585,0.0421294,0.9907743887093107,0.9649912111848273,0.08312939999999996
2592,0.9640000000000001,0.041999999999999975,58.23625094220947,7.717998379560279e-05,0.051548425677387585,0.0421294,0.9907743887093107,0.9649912111848273,0.08412939999999997
2593,0.9640000000000001,0.042999999999999976,58.23625094220947,7.717998379560279e-05,0.051548425677387585,0.0421294,0.9907743887093107,0.9649912111848273,0.08512939999999997
2594,0.9640000000000001,0.04399999999999998,58.23625094220947,7.717998379560279e-05,0.051548425677387585,0.0421294,0.9907743887093107,0.9649912111848273,0.08612939999999997
2595,0.9640000000000001,0.04499999999999997,58.23625094220947,7.717998379560279e-05,0.051548425677387585,0.0421294,0.9907743887093107,0.9649912111848273,0.08712939999999997
2596,0.9640000000000001,0.04599999999999997,58.23625094220947,7.717998379560279e-05,0.051548425677387585,0.0421294,0.9907743887093107,0.9649912111848273,0.08812939999999997
2597,0.9640000000000001,0.04699999999999997,58.23625094220947,7.717998379560279e-05,0.051548425677387585,0.0421294,0.9907743887093107,0.9649912111848273,0.08912939999999997
2598,0.9640000000000001,0.047999999999999966,58.23625094220947,7.717998379560279e-05,0.051548425677387585,0.0421294,0.9907743887093107,0.9649912111848273,0.09012939999999997
2599,0.9640000000000001,0.04899999999999997,58.23625094220947,7.717998379560279e-05,0.051548425677387585,0.0421294,0.9907743887093107,0.9649912111848273,0.09112939999999997
2600,0.9650000000000001,0.01,13.379586345528399,4.394074368307124e-06,0.0033386169143680374,0.0028484,0.9688432182344582,0.9787760118647355,0.0128484
2601,0.9650000000000001,0.011,19.025070093062503,7.319976839519989e-06,0.003978267785353878,0.0051536,0.9662294820562176,0.9800412940557398,0.0161536
2602,0.9650000000000001,0.011999999999999999,19.430860509228083,7.514852281176409e-06,0.004073666305743799,0.0051536,0.9668322900435139,0.9801593007485387,0.017153599999999998
2603,0.9650000000000001,0.012999999999999998,19.898615261352262,7.742084471976563e-06,0.0041423342083122695,0.0051536,0.9662080174207528,0.9814202107962469,0.0181536
2604,0.9650000000000001,0.013999999999999997,20.29467537935133,7.9366932516654e-06,0.0042552430967006845,0.0051536,0.9667704677158289,0.9800611953001389,0.019153599999999996
2605,0.9650000000000001,0.014999999999999996,21.0074593584787,8.291219435435274e-06,0.004488030435598574,0.0051536,0.9680631534736978,0.9766660100430535,0.020153599999999997
2606,0.9650000000000001,0.015999999999999993,21.35998504207877,8.469792196862913e-06,0.004602117587472351,0.0051536,0.9684537188396188,0.9755820018699872,0.021153599999999995
2607,0.9650000000000001,0.016999999999999994,21.60764154040758,8.59691065660262e-06,0.00477447827169305,0.0051536,0.9700402700663007,0.9700683079112558,0.022153599999999996
2608,0.9650000000000001,0.017999999999999995,21.953960875215465,8.77709479503778e-06,0.00488884069862062,0.0051536,0.9701221730136681,0.9698930092276167,0.023153599999999996
2609,0.9650000000000001,0.018999999999999993,57.50095398952158,7.483467019452749e-05,0.05027353766595614,0.0421294,0.9914984267471824,0.9651452113580367,0.061129399999999987
2610,0.9650000000000001,0.01999999999999999,57.75271842827604,7.563374345619334e-05,0.050699377838500544,0.0421294,0.9912354468028045,0.9651307897684213,0.06212939999999999
2611,0.9650000000000001,0.02099999999999999,58.014475384510405,7.64693505019962e-05,0.05109523296720134,0.0421294,0.9909295854337287,0.9652809367951698,0.06312939999999999
2612,0.9650000000000001,0.021999999999999992,58.52257435340083,7.84021054347181e-05,0.051983038348780576,0.043016,0.9909460118787256,0.9661612774206821,0.06501599999999999
2613,0.9650000000000001,0.02299999999999999,58.52257435340083,7.84021054347181e-05,0.051983038348780576,0.043016,0.9909460118787256,0.9661612774206821,0.06601599999999999
2614,0.9650000000000001,0.023999999999999987,58.52257435340083,7.84021054347181e-05,0.051983038348780576,0.043016,0.9909460118787256,0.9661612774206821,0.06701599999999999
2615,0.9650000000000001,0.024999999999999988,58.52257435340083,7.84021054347181e-05,0.051983038348780576,0.043016,0.9909460118787256,0.9661612774206821,0.068016
2616,0.9650000000000001,0.02599999999999999,58.52257435340083,7.84021054347181e-05,0.051983038348780576,0.043016,0.9909460118787256,0.9661612774206821,0.069016
2617,0.9650000000000001,0.02699999999999999,58.52257435340083,7.84021054347181e-05,0.051983038348780576,0.043016,0.9909460118787256,0.9661612774206821,0.070016
2618,0.9650000000000001,0.027999999999999983,58.52257435340083,7.84021054347181e-05,0.051983038348780576,0.043016,0.9909460118787256,0.9661612774206821,0.07101599999999998
2619,0.9650000000000001,0.028999999999999984,58.52257435340083,7.84021054347181e-05,0.051983038348780576,0.043016,0.9909460118787256,0.9661612774206821,0.07201599999999998
2620,0.9650000000000001,0.029999999999999985,58.52257435340083,7.84021054347181e-05,0.051983038348780576,0.043016,0.9909460118787256,0.9661612774206821,0.07301599999999998
2621,0.9650000000000001,0.030999999999999986,58.52257435340083,7.84021054347181e-05,0.051983038348780576,0.043016,0.9909460118787256,0.9661612774206821,0.07401599999999998
2622,0.9650000000000001,0.03199999999999998,58.52257435340083,7.84021054347181e-05,0.051983038348780576,0.043016,0.9909460118787256,0.9661612774206821,0.07501599999999997
2623,0.9650000000000001,0.03299999999999998,58.52257435340083,7.84021054347181e-05,0.051983038348780576,0.043016,0.9909460118787256,0.9661612774206821,0.07601599999999997
2624,0.9650000000000001,0.03399999999999998,58.52257435340083,7.84021054347181e-05,0.051983038348780576,0.043016,0.9909460118787256,0.9661612774206821,0.07701599999999997
2625,0.9650000000000001,0.03499999999999998,58.52257435340083,7.84021054347181e-05,0.051983038348780576,0.043016,0.9909460118787256,0.9661612774206821,0.07801599999999997
2626,0.9650000000000001,0.035999999999999976,58.52257435340083,7.84021054347181e-05,0.051983038348780576,0.043016,0.9909460118787256,0.9661612774206821,0.07901599999999998
2627,0.9650000000000001,0.03699999999999998,58.52257435340083,7.84021054347181e-05,0.051983038348780576,0.043016,0.9909460118787256,0.9661612774206821,0.08001599999999998
2628,0.9650000000000001,0.03799999999999998,58.52257435340083,7.84021054347181e-05,0.051983038348780576,0.043016,0.9909460118787256,0.9661612774206821,0.08101599999999998
2629,0.9650000000000001,0.03899999999999998,58.52257435340083,7.84021054347181e-05,0.051983038348780576,0.043016,0.9909460118787256,0.9661612774206821,0.08201599999999998
2630,0.9650000000000001,0.03999999999999997,58.52257435340083,7.84021054347181e-05,0.051983038348780576,0.043016,0.9909460118787256,0.9661612774206821,0.08301599999999998
2631,0.9650000000000001,0.040999999999999974,58.52257435340083,7.84021054347181e-05,0.051983038348780576,0.043016,0.9909460118787256,0.9661612774206821,0.08401599999999998
2632,0.9650000000000001,0.041999999999999975,58.52257435340083,7.84021054347181e-05,0.051983038348780576,0.043016,0.9909460118787256,0.9661612774206821,0.08501599999999998
2633,0.9650000000000001,0.042999999999999976,58.52257435340083,7.84021054347181e-05,0.051983038348780576,0.043016,0.9909460118787256,0.9661612774206821,0.08601599999999998
2634,0.9650000000000001,0.04399999999999998,58.52257435340083,7.84021054347181e-05,0.051983038348780576,0.043016,0.9909460118787256,0.9661612774206821,0.08701599999999998
2635,0.9650000000000001,0.04499999999999997,58.52257435340083,7.84021054347181e-05,0.051983038348780576,0.043016,0.9909460118787256,0.9661612774206821,0.08801599999999997
2636,0.9650000000000001,0.04599999999999997,58.52257435340083,7.84021054347181e-05,0.051983038348780576,0.043016,0.9909460118787256,0.9661612774206821,0.08901599999999997
2637,0.9650000000000001,0.04699999999999997,58.52257435340083,7.84021054347181e-05,0.051983038348780576,0.043016,0.9909460118787256,0.9661612774206821,0.09001599999999997
2638,0.9650000000000001,0.047999999999999966,58.52257435340083,7.84021054347181e-05,0.051983038348780576,0.043016,0.9909460118787256,0.9661612774206821,0.09101599999999996
2639,0.9650000000000001,0.04899999999999997,58.52257435340083,7.84021054347181e-05,0.051983038348780576,0.043016,0.9909460118787256,0.9661612774206821,0.09201599999999996
2640,0.9660000000000001,0.01,13.379586345528399,4.394074368307124e-06,0.0033386169143680374,0.0028484,0.9688432182344582,0.9787760118647355,0.0128484
2641,0.9660000000000001,0.011,19.025070093062503,7.319976839519989e-06,0.003978267785353878,0.0051536,0.9662294820562176,0.9800412940557398,0.0161536
2642,0.9660000000000001,0.011999999999999999,19.430860509228083,7.514852281176409e-06,0.004073666305743799,0.0051536,0.9668322900435139,0.9801593007485387,0.017153599999999998
2643,0.9660000000000001,0.012999999999999998,19.898615261352262,7.742084471976563e-06,0.0041423342083122695,0.0051536,0.9662080174207528,0.9814202107962469,0.0181536
2644,0.9660000000000001,0.013999999999999997,20.29467537935133,7.9366932516654e-06,0.0042552430967006845,0.0051536,0.9667704677158289,0.9800611953001389,0.019153599999999996
2645,0.9660000000000001,0.014999999999999996,21.0074593584787,8.291219435435274e-06,0.004488030435598574,0.0051536,0.9680631534736978,0.9766660100430535,0.020153599999999997
2646,0.9660000000000001,0.015999999999999993,21.35998504207877,8.469792196862913e-06,0.004602117587472351,0.0051536,0.9684537188396188,0.9755820018699872,0.021153599999999995
2647,0.9660000000000001,0.016999999999999994,21.60764154040758,8.59691065660262e-06,0.00477447827169305,0.0051536,0.9700402700663007,0.9700683079112558,0.022153599999999996
2648,0.9660000000000001,0.017999999999999995,21.953960875215465,8.77709479503778e-06,0.00488884069862062,0.0051536,0.9701221730136681,0.9698930092276167,0.023153599999999996
2649,0.9660000000000001,0.018999999999999993,58.29959657137849,7.767752236590832e-05,0.05152932506144432,0.043016,0.9910974938066386,0.9664507679397095,0.06201599999999999
2650,0.9660000000000001,0.01999999999999999,58.52257435340083,7.84021054347181e-05,0.051983038348780576,0.043016,0.9909460118787256,0.9661612774206821,0.06301599999999999
2651,0.9660000000000001,0.02099999999999999,58.52257435340083,7.84021054347181e-05,0.051983038348780576,0.043016,0.9909460118787256,0.9661612774206821,0.06401599999999999
2652,0.9660000000000001,0.021999999999999992,58.52257435340083,7.84021054347181e-05,0.051983038348780576,0.043016,0.9909460118787256,0.9661612774206821,0.06501599999999999
2653,0.9660000000000001,0.02299999999999999,58.52257435340083,7.84021054347181e-05,0.051983038348780576,0.043016,0.9909460118787256,0.9661612774206821,0.06601599999999999
2654,0.9660000000000001,0.023999999999999987,58.52257435340083,7.84021054347181e-05,0.051983038348780576,0.043016,0.9909460118787256,0.9661612774206821,0.06701599999999999
2655,0.9660000000000001,0.024999999999999988,58.52257435340083,7.84021054347181e-05,0.051983038348780576,0.043016,0.9909460118787256,0.9661612774206821,0.068016
2656,0.9660000000000001,0.02599999999999999,58.52257435340083,7.84021054347181e-05,0.051983038348780576,0.043016,0.9909460118787256,0.9661612774206821,0.069016
2657,0.9660000000000001,0.02699999999999999,58.52257435340083,7.84021054347181e-05,0.051983038348780576,0.043016,0.9909460118787256,0.9661612774206821,0.070016
2658,0.9660000000000001,0.027999999999999983,58.52257435340083,7.84021054347181e-05,0.051983038348780576,0.043016,0.9909460118787256,0.9661612774206821,0.07101599999999998
2659,0.9660000000000001,0.028999999999999984,58.52257435340083,7.84021054347181e-05,0.051983038348780576,0.043016,0.9909460118787256,0.9661612774206821,0.07201599999999998
2660,0.9660000000000001,0.029999999999999985,58.52257435340083,7.84021054347181e-05,0.051983038348780576,0.043016,0.9909460118787256,0.9661612774206821,0.07301599999999998
2661,0.9660000000000001,0.030999999999999986,58.52257435340083,7.84021054347181e-05,0.051983038348780576,0.043016,0.9909460118787256,0.9661612774206821,0.07401599999999998
2662,0.9660000000000001,0.03199999999999998,58.52257435340083,7.84021054347181e-05,0.051983038348780576,0.043016,0.9909460118787256,0.9661612774206821,0.07501599999999997
2663,0.9660000000000001,0.03299999999999998,58.52257435340083,7.84021054347181e-05,0.051983038348780576,0.043016,0.9909460118787256,0.9661612774206821,0.07601599999999997
2664,0.9660000000000001,0.03399999999999998,58.52257435340083,7.84021054347181e-05,0.051983038348780576,0.043016,0.9909460118787256,0.9661612774206821,0.07701599999999997
2665,0.9660000000000001,0.03499999999999998,58.52257435340083,7.84021054347181e-05,0.051983038348780576,0.043016,0.9909460118787256,0.9661612774206821,0.07801599999999997
2666,0.9660000000000001,0.035999999999999976,58.52257435340083,7.84021054347181e-05,0.051983038348780576,0.043016,0.9909460118787256,0.9661612774206821,0.07901599999999998
2667,0.9660000000000001,0.03699999999999998,58.52257435340083,7.84021054347181e-05,0.051983038348780576,0.043016,0.9909460118787256,0.9661612774206821,0.08001599999999998
2668,0.9660000000000001,0.03799999999999998,58.52257435340083,7.84021054347181e-05,0.051983038348780576,0.043016,0.9909460118787256,0.9661612774206821,0.08101599999999998
2669,0.9660000000000001,0.03899999999999998,58.52257435340083,7.84021054347181e-05,0.051983038348780576,0.043016,0.9909460118787256,0.9661612774206821,0.08201599999999998
2670,0.9660000000000001,0.03999999999999997,58.52257435340083,7.84021054347181e-05,0.051983038348780576,0.043016,0.9909460118787256,0.9661612774206821,0.08301599999999998
2671,0.9660000000000001,0.040999999999999974,58.52257435340083,7.84021054347181e-05,0.051983038348780576,0.043016,0.9909460118787256,0.9661612774206821,0.08401599999999998
2672,0.9660000000000001,0.041999999999999975,58.52257435340083,7.84021054347181e-05,0.051983038348780576,0.043016,0.9909460118787256,0.9661612774206821,0.08501599999999998
2673,0.9660000000000001,0.042999999999999976,58.52257435340083,7.84021054347181e-05,0.051983038348780576,0.043016,0.9909460118787256,0.9661612774206821,0.08601599999999998
2674,0.9660000000000001,0.04399999999999998,58.52257435340083,7.84021054347181e-05,0.051983038348780576,0.043016,0.9909460118787256,0.9661612774206821,0.08701599999999998
2675,0.9660000000000001,0.04499999999999997,58.52257435340083,7.84021054347181e-05,0.051983038348780576,0.043016,0.9909460118787256,0.9661612774206821,0.08801599999999997
2676,0.9660000000000001,0.04599999999999997,58.52257435340083,7.84021054347181e-05,0.051983038348780576,0.043016,0.9909460118787256,0.9661612774206821,0.08901599999999997
2677,0.9660000000000001,0.04699999999999997,58.52257435340083,7.84021054347181e-05,0.051983038348780576,0.043016,0.9909460118787256,0.9661612774206821,0.09001599999999997
2678,0.9660000000000001,0.047999999999999966,58.52257435340083,7.84021054347181e-05,0.051983038348780576,0.043016,0.9909460118787256,0.9661612774206821,0.09101599999999996
2679,0.9660000000000001,0.04899999999999997,58.52257435340083,7.84021054347181e-05,0.051983038348780576,0.043016,0.9909460118787256,0.9661612774206821,0.09201599999999996
2680,0.9670000000000001,0.01,13.379586345528399,4.394074368307124e-06,0.0033386169143680374,0.0028484,0.9688432182344582,0.9787760118647355,0.0128484
2681,0.9670000000000001,0.011,22.202309442416887,9.327690319920815e-06,0.004508008012792792,0.006967,0.9700343671808921,0.9814349855471759,0.017967
2682,0.9670000000000001,0.011999999999999999,22.505570083553557,9.494411188378171e-06,0.004650090578141015,0.006967,0.971782522512536,0.9788171848680532,0.018966999999999998
2683,0.9670000000000001,0.012999999999999998,21.363099745141934,8.661860929248638e-06,0.00444167684479947,0.0060919,0.9674672537696729,0.9810586486855153,0.0190919
2684,0.9670000000000001,0.013999999999999997,22.0368610314636,9.01824857738829e-06,0.0046935823156565625,0.0060919,0.9696033814359702,0.9773448970769303,0.020091899999999996
2685,0.9670000000000001,0.014999999999999996,21.0074593584787,8.291219435435274e-06,0.004488030435598574,0.0051536,0.9680631534736978,0.9766660100430535,0.020153599999999997
2686,0.9670000000000001,0.015999999999999993,21.35998504207877,8.469792196862913e-06,0.004602117587472351,0.0051536,0.9684537188396188,0.9755820018699872,0.021153599999999995
2687,0.9670000000000001,0.016999999999999994,21.60764154040758,8.59691065660262e-06,0.00477447827169305,0.0051536,0.9700402700663007,0.9700683079112558,0.022153599999999996
2688,0.9670000000000001,0.017999999999999995,21.953960875215465,8.77709479503778e-06,0.00488884069862062,0.0051536,0.9701221730136681,0.9698930092276167,0.023153599999999996
2689,0.9670000000000001,0.018999999999999993,58.79081999557521,7.9557709538583e-05,0.052416948992455956,0.0438025,0.9910475075864614,0.9672812454339281,0.0628025
2690,0.9670000000000001,0.01999999999999999,58.79081999557521,7.9557709538583e-05,0.052416948992455956,0.0438025,0.9910475075864614,0.9672812454339281,0.06380249999999998
2691,0.9670000000000001,0.02099999999999999,58.79081999557521,7.9557709538583e-05,0.052416948992455956,0.0438025,0.9910475075864614,0.9672812454339281,0.06480249999999999
2692,0.9670000000000001,0.021999999999999992,58.79081999557521,7.9557709538583e-05,0.052416948992455956,0.0438025,0.9910475075864614,0.9672812454339281,0.06580249999999999
2693,0.9670000000000001,0.02299999999999999,58.79081999557521,7.9557709538583e-05,0.052416948992455956,0.0438025,0.9910475075864614,0.9672812454339281,0.06680249999999999
2694,0.9670000000000001,0.023999999999999987,58.79081999557521,7.9557709538583e-05,0.052416948992455956,0.0438025,0.9910475075864614,0.9672812454339281,0.06780249999999999
2695,0.9670000000000001,0.024999999999999988,58.79081999557521,7.9557709538583e-05,0.052416948992455956,0.0438025,0.9910475075864614,0.9672812454339281,0.06880249999999999
2696,0.9670000000000001,0.02599999999999999,58.79081999557521,7.9557709538583e-05,0.052416948992455956,0.0438025,0.9910475075864614,0.9672812454339281,0.06980249999999999
2697,0.9670000000000001,0.02699999999999999,58.79081999557521,7.9557709538583e-05,0.052416948992455956,0.0438025,0.9910475075864614,0.9672812454339281,0.07080249999999999
2698,0.9670000000000001,0.027999999999999983,58.79081999557521,7.9557709538583e-05,0.052416948992455956,0.0438025,0.9910475075864614,0.9672812454339281,0.07180249999999999
2699,0.9670000000000001,0.028999999999999984,58.79081999557521,7.9557709538583e-05,0.052416948992455956,0.0438025,0.9910475075864614,0.9672812454339281,0.07280249999999999
2700,0.9670000000000001,0.029999999999999985,58.79081999557521,7.9557709538583e-05,0.052416948992455956,0.0438025,0.9910475075864614,0.9672812454339281,0.0738025
2701,0.9670000000000001,0.030999999999999986,58.79081999557521,7.9557709538583e-05,0.052416948992455956,0.0438025,0.9910475075864614,0.9672812454339281,0.0748025
2702,0.9670000000000001,0.03199999999999998,58.79081999557521,7.9557709538583e-05,0.052416948992455956,0.0438025,0.9910475075864614,0.9672812454339281,0.07580249999999998
2703,0.9670000000000001,0.03299999999999998,58.79081999557521,7.9557709538583e-05,0.052416948992455956,0.0438025,0.9910475075864614,0.9672812454339281,0.07680249999999998
2704,0.9670000000000001,0.03399999999999998,58.79081999557521,7.9557709538583e-05,0.052416948992455956,0.0438025,0.9910475075864614,0.9672812454339281,0.07780249999999998
2705,0.9670000000000001,0.03499999999999998,58.79081999557521,7.9557709538583e-05,0.052416948992455956,0.0438025,0.9910475075864614,0.9672812454339281,0.07880249999999998
2706,0.9670000000000001,0.035999999999999976,58.79081999557521,7.9557709538583e-05,0.052416948992455956,0.0438025,0.9910475075864614,0.9672812454339281,0.07980249999999997
2707,0.9670000000000001,0.03699999999999998,58.79081999557521,7.9557709538583e-05,0.052416948992455956,0.0438025,0.9910475075864614,0.9672812454339281,0.08080249999999997
2708,0.9670000000000001,0.03799999999999998,58.79081999557521,7.9557709538583e-05,0.052416948992455956,0.0438025,0.9910475075864614,0.9672812454339281,0.08180249999999997
2709,0.9670000000000001,0.03899999999999998,58.79081999557521,7.9557709538583e-05,0.052416948992455956,0.0438025,0.9910475075864614,0.9672812454339281,0.08280249999999997
2710,0.9670000000000001,0.03999999999999997,58.79081999557521,7.9557709538583e-05,0.052416948992455956,0.0438025,0.9910475075864614,0.9672812454339281,0.08380249999999997
2711,0.9670000000000001,0.040999999999999974,58.79081999557521,7.9557709538583e-05,0.052416948992455956,0.0438025,0.9910475075864614,0.9672812454339281,0.08480249999999998
2712,0.9670000000000001,0.041999999999999975,58.79081999557521,7.9557709538583e-05,0.052416948992455956,0.0438025,0.9910475075864614,0.9672812454339281,0.08580249999999998
2713,0.9670000000000001,0.042999999999999976,58.79081999557521,7.9557709538583e-05,0.052416948992455956,0.0438025,0.9910475075864614,0.9672812454339281,0.08680249999999998
2714,0.9670000000000001,0.04399999999999998,58.79081999557521,7.9557709538583e-05,0.052416948992455956,0.0438025,0.9910475075864614,0.9672812454339281,0.08780249999999998
2715,0.9670000000000001,0.04499999999999997,58.79081999557521,7.9557709538583e-05,0.052416948992455956,0.0438025,0.9910475075864614,0.9672812454339281,0.08880249999999998
2716,0.9670000000000001,0.04599999999999997,58.79081999557521,7.9557709538583e-05,0.052416948992455956,0.0438025,0.9910475075864614,0.9672812454339281,0.08980249999999998
2717,0.9670000000000001,0.04699999999999997,58.79081999557521,7.9557709538583e-05,0.052416948992455956,0.0438025,0.9910475075864614,0.9672812454339281,0.09080249999999998
2718,0.9670000000000001,0.047999999999999966,58.79081999557521,7.9557709538583e-05,0.052416948992455956,0.0438025,0.9910475075864614,0.9672812454339281,0.09180249999999997
2719,0.9670000000000001,0.04899999999999997,58.79081999557521,7.9557709538583e-05,0.052416948992455956,0.0438025,0.9910475075864614,0.9672812454339281,0.09280249999999997
2720,0.9680000000000001,0.01,13.379586345528399,4.394074368307124e-06,0.0033386169143680374,0.0028484,0.9688432182344582,0.9787760118647355,0.0128484
2721,0.9680000000000001,0.011,22.202309442416887,9.327690319920815e-06,0.004508008012792792,0.006967,0.9700343671808921,0.9814349855471759,0.017967
2722,0.9680000000000001,0.011999999999999999,22.505570083553557,9.494411188378171e-06,0.004650090578141015,0.006967,0.971782522512536,0.9788171848680532,0.018966999999999998
2723,0.9680000000000001,0.012999999999999998,22.84578750295724,9.683708870667867e-06,0.004768748938919309,0.006967,0.9728083209009303,0.9780474316759566,0.019967
2724,0.9680000000000001,0.013999999999999997,22.0368610314636,9.01824857738829e-06,0.0046935823156565625,0.0060919,0.9696033814359702,0.9773448970769303,0.020091899999999996
2725,0.9680000000000001,0.014999999999999996,21.0074593584787,8.291219435435274e-06,0.004488030435598574,0.0051536,0.9680631534736978,0.9766660100430535,0.020153599999999997
2726,0.9680000000000001,0.015999999999999993,21.35998504207877,8.469792196862913e-06,0.004602117587472351,0.0051536,0.9684537188396188,0.9755820018699872,0.021153599999999995
2727,0.9680000000000001,0.016999999999999994,21.60764154040758,8.59691065660262e-06,0.00477447827169305,0.0051536,0.9700402700663007,0.9700683079112558,0.022153599999999996
2728,0.9680000000000001,0.017999999999999995,21.953960875215465,8.77709479503778e-06,0.00488884069862062,0.0051536,0.9701221730136681,0.9698930092276167,0.023153599999999996
2729,0.9680000000000001,0.018999999999999993,59.034983807450836,8.061842812940665e-05,0.05285925297504379,0.0444279,0.9910569673051182,0.968401740700717,0.0634279
2730,0.9680000000000001,0.01999999999999999,59.034983807450836,8.061842812940665e-05,0.05285925297504379,0.0444279,0.9910569673051182,0.968401740700717,0.06442789999999998
2731,0.9680000000000001,0.02099999999999999,59.034983807450836,8.061842812940665e-05,0.05285925297504379,0.0444279,0.9910569673051182,0.968401740700717,0.06542789999999998
2732,0.9680000000000001,0.021999999999999992,59.034983807450836,8.061842812940665e-05,0.05285925297504379,0.0444279,0.9910569673051182,0.968401740700717,0.06642789999999998
2733,0.9680000000000001,0.02299999999999999,59.034983807450836,8.061842812940665e-05,0.05285925297504379,0.0444279,0.9910569673051182,0.968401740700717,0.06742789999999999
2734,0.9680000000000001,0.023999999999999987,59.034983807450836,8.061842812940665e-05,0.05285925297504379,0.0444279,0.9910569673051182,0.968401740700717,0.06842789999999999
2735,0.9680000000000001,0.024999999999999988,59.034983807450836,8.061842812940665e-05,0.05285925297504379,0.0444279,0.9910569673051182,0.968401740700717,0.06942789999999999
2736,0.9680000000000001,0.02599999999999999,59.034983807450836,8.061842812940665e-05,0.05285925297504379,0.0444279,0.9910569673051182,0.968401740700717,0.07042789999999999
2737,0.9680000000000001,0.02699999999999999,59.034983807450836,8.061842812940665e-05,0.05285925297504379,0.0444279,0.9910569673051182,0.968401740700717,0.07142789999999999
2738,0.9680000000000001,0.027999999999999983,59.034983807450836,8.061842812940665e-05,0.05285925297504379,0.0444279,0.9910569673051182,0.968401740700717,0.07242789999999999
2739,0.9680000000000001,0.028999999999999984,59.034983807450836,8.061842812940665e-05,0.05285925297504379,0.0444279,0.9910569673051182,0.968401740700717,0.07342789999999999
2740,0.9680000000000001,0.029999999999999985,59.034983807450836,8.061842812940665e-05,0.05285925297504379,0.0444279,0.9910569673051182,0.968401740700717,0.07442789999999999
2741,0.9680000000000001,0.030999999999999986,59.034983807450836,8.061842812940665e-05,0.05285925297504379,0.0444279,0.9910569673051182,0.968401740700717,0.07542789999999999
2742,0.9680000000000001,0.03199999999999998,59.034983807450836,8.061842812940665e-05,0.05285925297504379,0.0444279,0.9910569673051182,0.968401740700717,0.07642789999999998
2743,0.9680000000000001,0.03299999999999998,59.034983807450836,8.061842812940665e-05,0.05285925297504379,0.0444279,0.9910569673051182,0.968401740700717,0.07742789999999998
2744,0.9680000000000001,0.03399999999999998,59.034983807450836,8.061842812940665e-05,0.05285925297504379,0.0444279,0.9910569673051182,0.968401740700717,0.07842789999999998
2745,0.9680000000000001,0.03499999999999998,59.034983807450836,8.061842812940665e-05,0.05285925297504379,0.0444279,0.9910569673051182,0.968401740700717,0.07942789999999998
2746,0.9680000000000001,0.035999999999999976,59.034983807450836,8.061842812940665e-05,0.05285925297504379,0.0444279,0.9910569673051182,0.968401740700717,0.08042789999999997
2747,0.9680000000000001,0.03699999999999998,59.034983807450836,8.061842812940665e-05,0.05285925297504379,0.0444279,0.9910569673051182,0.968401740700717,0.08142789999999997
2748,0.9680000000000001,0.03799999999999998,59.034983807450836,8.061842812940665e-05,0.05285925297504379,0.0444279,0.9910569673051182,0.968401740700717,0.08242789999999997
2749,0.9680000000000001,0.03899999999999998,59.034983807450836,8.061842812940665e-05,0.05285925297504379,0.0444279,0.9910569673051182,0.968401740700717,0.08342789999999997
2750,0.9680000000000001,0.03999999999999997,59.034983807450836,8.061842812940665e-05,0.05285925297504379,0.0444279,0.9910569673051182,0.968401740700717,0.08442789999999997
2751,0.9680000000000001,0.040999999999999974,59.034983807450836,8.061842812940665e-05,0.05285925297504379,0.0444279,0.9910569673051182,0.968401740700717,0.08542789999999997
2752,0.9680000000000001,0.041999999999999975,59.034983807450836,8.061842812940665e-05,0.05285925297504379,0.0444279,0.9910569673051182,0.968401740700717,0.08642789999999997
2753,0.9680000000000001,0.042999999999999976,59.034983807450836,8.061842812940665e-05,0.05285925297504379,0.0444279,0.9910569673051182,0.968401740700717,0.08742789999999998
2754,0.9680000000000001,0.04399999999999998,59.034983807450836,8.061842812940665e-05,0.05285925297504379,0.0444279,0.9910569673051182,0.968401740700717,0.08842789999999998
2755,0.9680000000000001,0.04499999999999997,59.034983807450836,8.061842812940665e-05,0.05285925297504379,0.0444279,0.9910569673051182,0.968401740700717,0.08942789999999998
2756,0.9680000000000001,0.04599999999999997,59.034983807450836,8.061842812940665e-05,0.05285925297504379,0.0444279,0.9910569673051182,0.968401740700717,0.09042789999999998
2757,0.9680000000000001,0.04699999999999997,59.034983807450836,8.061842812940665e-05,0.05285925297504379,0.0444279,0.9910569673051182,0.968401740700717,0.09142789999999998
2758,0.9680000000000001,0.047999999999999966,59.034983807450836,8.061842812940665e-05,0.05285925297504379,0.0444279,0.9910569673051182,0.968401740700717,0.09242789999999997
2759,0.9680000000000001,0.04899999999999997,59.034983807450836,8.061842812940665e-05,0.05285925297504379,0.0444279,0.9910569673051182,0.968401740700717,0.09342789999999997
2760,0.9690000000000001,0.01,15.222002335831208,5.312273824964716e-06,0.003513501432187629,0.0036086,0.970186643334105,0.9763802758757573,0.0136086
2761,0.9690000000000001,0.011,22.202309442416887,9.327690319920815e-06,0.004508008012792792,0.006967,0.9700343671808921,0.9814349855471759,0.017967
2762,0.9690000000000001,0.011999999999999999,22.505570083553557,9.494411188378171e-06,0.004650090578141015,0.006967,0.971782522512536,0.9788171848680532,0.018966999999999998
2763,0.9690000000000001,0.012999999999999998,22.84578750295724,9.683708870667867e-06,0.004768748938919309,0.006967,0.9728083209009303,0.9780474316759566,0.019967
2764,0.9690000000000001,0.013999999999999997,22.0368610314636,9.01824857738829e-06,0.0046935823156565625,0.0060919,0.9696033814359702,0.9773448970769303,0.020091899999999996
2765,0.9690000000000001,0.014999999999999996,22.26793398939194,9.142777564563284e-06,0.004872567942337733,0.0060919,0.9715228160822217,0.9718227341684237,0.021091899999999997
2766,0.9690000000000001,0.015999999999999993,22.61409901987064,9.331815168570465e-06,0.004987674721306032,0.0060919,0.971851062738397,0.971796649537024,0.022091899999999994
2767,0.9690000000000001,0.016999999999999994,21.60764154040758,8.59691065660262e-06,0.00477447827169305,0.0051536,0.9700402700663007,0.9700683079112558,0.022153599999999996
2768,0.9690000000000001,0.017999999999999995,21.953960875215465,8.77709479503778e-06,0.00488884069862062,0.0051536,0.9701221730136681,0.9698930092276167,0.023153599999999996
2769,0.9690000000000001,0.018999999999999993,59.444568852364235,8.24140437833675e-05,0.053241738159512206,0.045181,0.9917714792116565,0.9692012502921094,0.06418099999999999
2770,0.9690000000000001,0.01999999999999999,59.444568852364235,8.24140437833675e-05,0.053241738159512206,0.045181,0.9917714792116565,0.9692012502921094,0.06518099999999999
2771,0.9690000000000001,0.02099999999999999,59.444568852364235,8.24140437833675e-05,0.053241738159512206,0.045181,0.9917714792116565,0.9692012502921094,0.06618099999999999
2772,0.9690000000000001,0.021999999999999992,59.444568852364235,8.24140437833675e-05,0.053241738159512206,0.045181,0.9917714792116565,0.9692012502921094,0.06718099999999999
2773,0.9690000000000001,0.02299999999999999,59.444568852364235,8.24140437833675e-05,0.053241738159512206,0.045181,0.9917714792116565,0.9692012502921094,0.06818099999999999
2774,0.9690000000000001,0.023999999999999987,59.444568852364235,8.24140437833675e-05,0.053241738159512206,0.045181,0.9917714792116565,0.9692012502921094,0.06918099999999999
2775,0.9690000000000001,0.024999999999999988,59.444568852364235,8.24140437833675e-05,0.053241738159512206,0.045181,0.9917714792116565,0.9692012502921094,0.070181
2776,0.9690000000000001,0.02599999999999999,59.444568852364235,8.24140437833675e-05,0.053241738159512206,0.045181,0.9917714792116565,0.9692012502921094,0.071181
2777,0.9690000000000001,0.02699999999999999,59.444568852364235,8.24140437833675e-05,0.053241738159512206,0.045181,0.9917714792116565,0.9692012502921094,0.072181
2778,0.9690000000000001,0.027999999999999983,59.444568852364235,8.24140437833675e-05,0.053241738159512206,0.045181,0.9917714792116565,0.9692012502921094,0.07318099999999998
2779,0.9690000000000001,0.028999999999999984,59.444568852364235,8.24140437833675e-05,0.053241738159512206,0.045181,0.9917714792116565,0.9692012502921094,0.07418099999999998
2780,0.9690000000000001,0.029999999999999985,59.444568852364235,8.24140437833675e-05,0.053241738159512206,0.045181,0.9917714792116565,0.9692012502921094,0.07518099999999998
2781,0.9690000000000001,0.030999999999999986,59.444568852364235,8.24140437833675e-05,0.053241738159512206,0.045181,0.9917714792116565,0.9692012502921094,0.07618099999999998
2782,0.9690000000000001,0.03199999999999998,59.444568852364235,8.24140437833675e-05,0.053241738159512206,0.045181,0.9917714792116565,0.9692012502921094,0.07718099999999997
2783,0.9690000000000001,0.03299999999999998,59.444568852364235,8.24140437833675e-05,0.053241738159512206,0.045181,0.9917714792116565,0.9692012502921094,0.07818099999999997
2784,0.9690000000000001,0.03399999999999998,59.444568852364235,8.24140437833675e-05,0.053241738159512206,0.045181,0.9917714792116565,0.9692012502921094,0.07918099999999997
2785,0.9690000000000001,0.03499999999999998,59.444568852364235,8.24140437833675e-05,0.053241738159512206,0.045181,0.9917714792116565,0.9692012502921094,0.08018099999999997
2786,0.9690000000000001,0.035999999999999976,59.444568852364235,8.24140437833675e-05,0.053241738159512206,0.045181,0.9917714792116565,0.9692012502921094,0.08118099999999998
2787,0.9690000000000001,0.03699999999999998,59.444568852364235,8.24140437833675e-05,0.053241738159512206,0.045181,0.9917714792116565,0.9692012502921094,0.08218099999999998
2788,0.9690000000000001,0.03799999999999998,59.444568852364235,8.24140437833675e-05,0.053241738159512206,0.045181,0.9917714792116565,0.9692012502921094,0.08318099999999998
2789,0.9690000000000001,0.03899999999999998,59.444568852364235,8.24140437833675e-05,0.053241738159512206,0.045181,0.9917714792116565,0.9692012502921094,0.08418099999999998
2790,0.9690000000000001,0.03999999999999997,59.444568852364235,8.24140437833675e-05,0.053241738159512206,0.045181,0.9917714792116565,0.9692012502921094,0.08518099999999998
2791,0.9690000000000001,0.040999999999999974,59.444568852364235,8.24140437833675e-05,0.053241738159512206,0.045181,0.9917714792116565,0.9692012502921094,0.08618099999999998
2792,0.9690000000000001,0.041999999999999975,59.444568852364235,8.24140437833675e-05,0.053241738159512206,0.045181,0.9917714792116565,0.9692012502921094,0.08718099999999998
2793,0.9690000000000001,0.042999999999999976,59.444568852364235,8.24140437833675e-05,0.053241738159512206,0.045181,0.9917714792116565,0.9692012502921094,0.08818099999999998
2794,0.9690000000000001,0.04399999999999998,59.444568852364235,8.24140437833675e-05,0.053241738159512206,0.045181,0.9917714792116565,0.9692012502921094,0.08918099999999998
2795,0.9690000000000001,0.04499999999999997,59.444568852364235,8.24140437833675e-05,0.053241738159512206,0.045181,0.9917714792116565,0.9692012502921094,0.09018099999999997
2796,0.9690000000000001,0.04599999999999997,59.444568852364235,8.24140437833675e-05,0.053241738159512206,0.045181,0.9917714792116565,0.9692012502921094,0.09118099999999997
2797,0.9690000000000001,0.04699999999999997,59.444568852364235,8.24140437833675e-05,0.053241738159512206,0.045181,0.9917714792116565,0.9692012502921094,0.09218099999999997
2798,0.9690000000000001,0.047999999999999966,59.444568852364235,8.24140437833675e-05,0.053241738159512206,0.045181,0.9917714792116565,0.9692012502921094,0.09318099999999996
2799,0.9690000000000001,0.04899999999999997,59.444568852364235,8.24140437833675e-05,0.053241738159512206,0.045181,0.9917714792116565,0.9692012502921094,0.09418099999999996
2800,0.9700000000000001,0.01,15.222002335831208,5.312273824964716e-06,0.003513501432187629,0.0036086,0.970186643334105,0.9763802758757573,0.0136086
2801,0.9700000000000001,0.011,22.202309442416887,9.327690319920815e-06,0.004508008012792792,0.006967,0.9700343671808921,0.9814349855471759,0.017967
2802,0.9700000000000001,0.011999999999999999,22.505570083553557,9.494411188378171e-06,0.004650090578141015,0.006967,0.971782522512536,0.9788171848680532,0.018966999999999998
2803,0.9700000000000001,0.012999999999999998,22.84578750295724,9.683708870667867e-06,0.004768748938919309,0.006967,0.9728083209009303,0.9780474316759566,0.019967
2804,0.9700000000000001,0.013999999999999997,23.384958883630713,9.990143480467309e-06,0.0050731732841792524,0.006967,0.9754214348245941,0.9727526905230108,0.020966999999999996
2805,0.9700000000000001,0.014999999999999996,22.26793398939194,9.142777564563284e-06,0.004872567942337733,0.0060919,0.9715228160822217,0.9718227341684237,0.021091899999999997
2806,0.9700000000000001,0.015999999999999993,22.61409901987064,9.331815168570465e-06,0.004987674721306032,0.0060919,0.971851062738397,0.971796649537024,0.022091899999999994
2807,0.9700000000000001,0.016999999999999994,21.60764154040758,8.59691065660262e-06,0.00477447827169305,0.0051536,0.9700402700663007,0.9700683079112558,0.022153599999999996
2808,0.9700000000000001,0.017999999999999995,59.67908381616946,8.345186604375524e-05,0.053701702416489736,0.0460306,0.9917515039200294,0.9703362913040751,0.0640306
2809,0.9700000000000001,0.018999999999999993,59.67908381616946,8.345186604375524e-05,0.053701702416489736,0.0460306,0.9917515039200294,0.9703362913040751,0.0650306
2810,0.9700000000000001,0.01999999999999999,59.67908381616946,8.345186604375524e-05,0.053701702416489736,0.0460306,0.9917515039200294,0.9703362913040751,0.0660306
2811,0.9700000000000001,0.02099999999999999,59.67908381616946,8.345186604375524e-05,0.053701702416489736,0.0460306,0.9917515039200294,0.9703362913040751,0.0670306
2812,0.9700000000000001,0.021999999999999992,59.67908381616946,8.345186604375524e-05,0.053701702416489736,0.0460306,0.9917515039200294,0.9703362913040751,0.0680306
2813,0.9700000000000001,0.02299999999999999,59.67908381616946,8.345186604375524e-05,0.053701702416489736,0.0460306,0.9917515039200294,0.9703362913040751,0.06903059999999998
2814,0.9700000000000001,0.023999999999999987,59.67908381616946,8.345186604375524e-05,0.053701702416489736,0.0460306,0.9917515039200294,0.9703362913040751,0.07003059999999998
2815,0.9700000000000001,0.024999999999999988,59.67908381616946,8.345186604375524e-05,0.053701702416489736,0.0460306,0.9917515039200294,0.9703362913040751,0.07103059999999999
2816,0.9700000000000001,0.02599999999999999,59.67908381616946,8.345186604375524e-05,0.053701702416489736,0.0460306,0.9917515039200294,0.9703362913040751,0.07203059999999999
2817,0.9700000000000001,0.02699999999999999,59.67908381616946,8.345186604375524e-05,0.053701702416489736,0.0460306,0.9917515039200294,0.9703362913040751,0.07303059999999999
2818,0.9700000000000001,0.027999999999999983,59.67908381616946,8.345186604375524e-05,0.053701702416489736,0.0460306,0.9917515039200294,0.9703362913040751,0.07403059999999997
2819,0.9700000000000001,0.028999999999999984,59.67908381616946,8.345186604375524e-05,0.053701702416489736,0.0460306,0.9917515039200294,0.9703362913040751,0.07503059999999998
2820,0.9700000000000001,0.029999999999999985,59.67908381616946,8.345186604375524e-05,0.053701702416489736,0.0460306,0.9917515039200294,0.9703362913040751,0.07603059999999998
2821,0.9700000000000001,0.030999999999999986,59.67908381616946,8.345186604375524e-05,0.053701702416489736,0.0460306,0.9917515039200294,0.9703362913040751,0.07703059999999998
2822,0.9700000000000001,0.03199999999999998,59.67908381616946,8.345186604375524e-05,0.053701702416489736,0.0460306,0.9917515039200294,0.9703362913040751,0.07803059999999998
2823,0.9700000000000001,0.03299999999999998,59.67908381616946,8.345186604375524e-05,0.053701702416489736,0.0460306,0.9917515039200294,0.9703362913040751,0.07903059999999998
2824,0.9700000000000001,0.03399999999999998,59.67908381616946,8.345186604375524e-05,0.053701702416489736,0.0460306,0.9917515039200294,0.9703362913040751,0.08003059999999998
2825,0.9700000000000001,0.03499999999999998,59.67908381616946,8.345186604375524e-05,0.053701702416489736,0.0460306,0.9917515039200294,0.9703362913040751,0.08103059999999998
2826,0.9700000000000001,0.035999999999999976,59.67908381616946,8.345186604375524e-05,0.053701702416489736,0.0460306,0.9917515039200294,0.9703362913040751,0.08203059999999998
2827,0.9700000000000001,0.03699999999999998,59.67908381616946,8.345186604375524e-05,0.053701702416489736,0.0460306,0.9917515039200294,0.9703362913040751,0.08303059999999998
2828,0.9700000000000001,0.03799999999999998,59.67908381616946,8.345186604375524e-05,0.053701702416489736,0.0460306,0.9917515039200294,0.9703362913040751,0.08403059999999998
2829,0.9700000000000001,0.03899999999999998,59.67908381616946,8.345186604375524e-05,0.053701702416489736,0.0460306,0.9917515039200294,0.9703362913040751,0.08503059999999998
2830,0.9700000000000001,0.03999999999999997,59.67908381616946,8.345186604375524e-05,0.053701702416489736,0.0460306,0.9917515039200294,0.9703362913040751,0.08603059999999997
2831,0.9700000000000001,0.040999999999999974,59.67908381616946,8.345186604375524e-05,0.053701702416489736,0.0460306,0.9917515039200294,0.9703362913040751,0.08703059999999997
2832,0.9700000000000001,0.041999999999999975,59.67908381616946,8.345186604375524e-05,0.053701702416489736,0.0460306,0.9917515039200294,0.9703362913040751,0.08803059999999997
2833,0.9700000000000001,0.042999999999999976,59.67908381616946,8.345186604375524e-05,0.053701702416489736,0.0460306,0.9917515039200294,0.9703362913040751,0.08903059999999997
2834,0.9700000000000001,0.04399999999999998,59.67908381616946,8.345186604375524e-05,0.053701702416489736,0.0460306,0.9917515039200294,0.9703362913040751,0.09003059999999997
2835,0.9700000000000001,0.04499999999999997,59.67908381616946,8.345186604375524e-05,0.053701702416489736,0.0460306,0.9917515039200294,0.9703362913040751,0.09103059999999996
2836,0.9700000000000001,0.04599999999999997,59.67908381616946,8.345186604375524e-05,0.053701702416489736,0.0460306,0.9917515039200294,0.9703362913040751,0.09203059999999996
2837,0.9700000000000001,0.04699999999999997,59.67908381616946,8.345186604375524e-05,0.053701702416489736,0.0460306,0.9917515039200294,0.9703362913040751,0.09303059999999996
2838,0.9700000000000001,0.047999999999999966,59.67908381616946,8.345186604375524e-05,0.053701702416489736,0.0460306,0.9917515039200294,0.9703362913040751,0.09403059999999996
2839,0.9700000000000001,0.04899999999999997,59.67908381616946,8.345186604375524e-05,0.053701702416489736,0.0460306,0.9917515039200294,0.9703362913040751,0.09503059999999997
2840,0.9710000000000001,0.01,23.65581515866026,1.0434844500392915e-05,0.004690303657517831,0.0079662,0.9820240215245917,0.9778190348708149,0.0179662
2841,0.9710000000000001,0.011,23.958307173270043,1.0609955205382173e-05,0.004814955490569311,0.0079662,0.982785954775028,0.9773613299046949,0.0189662
2842,0.9710000000000001,0.011999999999999999,22.505570083553557,9.494411188378171e-06,0.004650090578141015,0.006967,0.971782522512536,0.9788171848680532,0.018966999999999998
2843,0.9710000000000001,0.012999999999999998,22.84578750295724,9.683708870667867e-06,0.004768748938919309,0.006967,0.9728083209009303,0.9780474316759566,0.019967
2844,0.9710000000000001,0.013999999999999997,23.384958883630713,9.990143480467309e-06,0.0050731732841792524,0.006967,0.9754214348245941,0.9727526905230108,0.020966999999999996
2845,0.9710000000000001,0.014999999999999996,22.26793398939194,9.142777564563284e-06,0.004872567942337733,0.0060919,0.9715228160822217,0.9718227341684237,0.021091899999999997
2846,0.9710000000000001,0.015999999999999993,22.61409901987064,9.331815168570465e-06,0.004987674721306032,0.0060919,0.971851062738397,0.971796649537024,0.022091899999999994
2847,0.9710000000000001,0.016999999999999994,59.96786456786693,8.474079704996381e-05,0.05413021661067531,0.0468112,0.9919040497971298,0.9712750357145664,0.06381119999999998
2848,0.9710000000000001,0.017999999999999995,59.96786456786693,8.474079704996381e-05,0.05413021661067531,0.0468112,0.9919040497971298,0.9712750357145664,0.06481119999999999
2849,0.9710000000000001,0.018999999999999993,59.96786456786693,8.474079704996381e-05,0.05413021661067531,0.0468112,0.9919040497971298,0.9712750357145664,0.06581119999999999
2850,0.9710000000000001,0.01999999999999999,59.96786456786693,8.474079704996381e-05,0.05413021661067531,0.0468112,0.9919040497971298,0.9712750357145664,0.06681119999999999
2851,0.9710000000000001,0.02099999999999999,59.96786456786693,8.474079704996381e-05,0.05413021661067531,0.0468112,0.9919040497971298,0.9712750357145664,0.06781119999999999
2852,0.9710000000000001,0.021999999999999992,59.96786456786693,8.474079704996381e-05,0.05413021661067531,0.0468112,0.9919040497971298,0.9712750357145664,0.06881119999999999
2853,0.9710000000000001,0.02299999999999999,59.96786456786693,8.474079704996381e-05,0.05413021661067531,0.0468112,0.9919040497971298,0.9712750357145664,0.06981119999999999
2854,0.9710000000000001,0.023999999999999987,59.96786456786693,8.474079704996381e-05,0.05413021661067531,0.0468112,0.9919040497971298,0.9712750357145664,0.07081119999999999
2855,0.9710000000000001,0.024999999999999988,59.96786456786693,8.474079704996381e-05,0.05413021661067531,0.0468112,0.9919040497971298,0.9712750357145664,0.07181119999999999
2856,0.9710000000000001,0.02599999999999999,59.96786456786693,8.474079704996381e-05,0.05413021661067531,0.0468112,0.9919040497971298,0.9712750357145664,0.07281119999999999
2857,0.9710000000000001,0.02699999999999999,59.96786456786693,8.474079704996381e-05,0.05413021661067531,0.0468112,0.9919040497971298,0.9712750357145664,0.0738112
2858,0.9710000000000001,0.027999999999999983,59.96786456786693,8.474079704996381e-05,0.05413021661067531,0.0468112,0.9919040497971298,0.9712750357145664,0.07481119999999998
2859,0.9710000000000001,0.028999999999999984,59.96786456786693,8.474079704996381e-05,0.05413021661067531,0.0468112,0.9919040497971298,0.9712750357145664,0.07581119999999998
2860,0.9710000000000001,0.029999999999999985,59.96786456786693,8.474079704996381e-05,0.05413021661067531,0.0468112,0.9919040497971298,0.9712750357145664,0.07681119999999998
2861,0.9710000000000001,0.030999999999999986,59.96786456786693,8.474079704996381e-05,0.05413021661067531,0.0468112,0.9919040497971298,0.9712750357145664,0.07781119999999998
2862,0.9710000000000001,0.03199999999999998,59.96786456786693,8.474079704996381e-05,0.05413021661067531,0.0468112,0.9919040497971298,0.9712750357145664,0.07881119999999997
2863,0.9710000000000001,0.03299999999999998,59.96786456786693,8.474079704996381e-05,0.05413021661067531,0.0468112,0.9919040497971298,0.9712750357145664,0.07981119999999997
2864,0.9710000000000001,0.03399999999999998,59.96786456786693,8.474079704996381e-05,0.05413021661067531,0.0468112,0.9919040497971298,0.9712750357145664,0.08081119999999997
2865,0.9710000000000001,0.03499999999999998,59.96786456786693,8.474079704996381e-05,0.05413021661067531,0.0468112,0.9919040497971298,0.9712750357145664,0.08181119999999997
2866,0.9710000000000001,0.035999999999999976,59.96786456786693,8.474079704996381e-05,0.05413021661067531,0.0468112,0.9919040497971298,0.9712750357145664,0.08281119999999997
2867,0.9710000000000001,0.03699999999999998,59.96786456786693,8.474079704996381e-05,0.05413021661067531,0.0468112,0.9919040497971298,0.9712750357145664,0.08381119999999997
2868,0.9710000000000001,0.03799999999999998,59.96786456786693,8.474079704996381e-05,0.05413021661067531,0.0468112,0.9919040497971298,0.9712750357145664,0.08481119999999998
2869,0.9710000000000001,0.03899999999999998,59.96786456786693,8.474079704996381e-05,0.05413021661067531,0.0468112,0.9919040497971298,0.9712750357145664,0.08581119999999998
2870,0.9710000000000001,0.03999999999999997,59.96786456786693,8.474079704996381e-05,0.05413021661067531,0.0468112,0.9919040497971298,0.9712750357145664,0.08681119999999998
2871,0.9710000000000001,0.040999999999999974,59.96786456786693,8.474079704996381e-05,0.05413021661067531,0.0468112,0.9919040497971298,0.9712750357145664,0.08781119999999998
2872,0.9710000000000001,0.041999999999999975,59.96786456786693,8.474079704996381e-05,0.05413021661067531,0.0468112,0.9919040497971298,0.9712750357145664,0.08881119999999998
2873,0.9710000000000001,0.042999999999999976,59.96786456786693,8.474079704996381e-05,0.05413021661067531,0.0468112,0.9919040497971298,0.9712750357145664,0.08981119999999998
2874,0.9710000000000001,0.04399999999999998,59.96786456786693,8.474079704996381e-05,0.05413021661067531,0.0468112,0.9919040497971298,0.9712750357145664,0.09081119999999998
2875,0.9710000000000001,0.04499999999999997,59.96786456786693,8.474079704996381e-05,0.05413021661067531,0.0468112,0.9919040497971298,0.9712750357145664,0.09181119999999997
2876,0.9710000000000001,0.04599999999999997,59.96786456786693,8.474079704996381e-05,0.05413021661067531,0.0468112,0.9919040497971298,0.9712750357145664,0.09281119999999997
2877,0.9710000000000001,0.04699999999999997,59.96786456786693,8.474079704996381e-05,0.05413021661067531,0.0468112,0.9919040497971298,0.9712750357145664,0.09381119999999997
2878,0.9710000000000001,0.047999999999999966,59.96786456786693,8.474079704996381e-05,0.05413021661067531,0.0468112,0.9919040497971298,0.9712750357145664,0.09481119999999996
2879,0.9710000000000001,0.04899999999999997,59.96786456786693,8.474079704996381e-05,0.05413021661067531,0.0468112,0.9919040497971298,0.9712750357145664,0.09581119999999996
2880,0.9720000000000001,0.01,23.65581515866026,1.0434844500392915e-05,0.004690303657517831,0.0079662,0.9820240215245917,0.9778190348708149,0.0179662
2881,0.9720000000000001,0.011,23.958307173270043,1.0609955205382173e-05,0.004814955490569311,0.0079662,0.982785954775028,0.9773613299046949,0.0189662
2882,0.9720000000000001,0.011999999999999999,60.27277506241278,8.611390738932372e-05,0.05455025377028365,0.0473805,0.9921100489326048,0.9721389722955884,0.059380499999999996
2883,0.9720000000000001,0.012999999999999998,22.84578750295724,9.683708870667867e-06,0.004768748938919309,0.006967,0.9728083209009303,0.9780474316759566,0.019967
2884,0.9720000000000001,0.013999999999999997,23.384958883630713,9.990143480467309e-06,0.0050731732841792524,0.006967,0.9754214348245941,0.9727526905230108,0.020966999999999996
2885,0.9720000000000001,0.014999999999999996,60.27277506241278,8.611390738932372e-05,0.05455025377028365,0.0473805,0.9921100489326048,0.9721389722955884,0.06238049999999999
2886,0.9720000000000001,0.015999999999999993,60.27277506241278,8.611390738932372e-05,0.05455025377028365,0.0473805,0.9921100489326048,0.9721389722955884,0.06338049999999999
2887,0.9720000000000001,0.016999999999999994,60.27277506241278,8.611390738932372e-05,0.05455025377028365,0.0473805,0.9921100489326048,0.9721389722955884,0.0643805
2888,0.9720000000000001,0.017999999999999995,60.27277506241278,8.611390738932372e-05,0.05455025377028365,0.0473805,0.9921100489326048,0.9721389722955884,0.0653805
2889,0.9720000000000001,0.018999999999999993,60.27277506241278,8.611390738932372e-05,0.05455025377028365,0.0473805,0.9921100489326048,0.9721389722955884,0.0663805
2890,0.9720000000000001,0.01999999999999999,60.27277506241278,8.611390738932372e-05,0.05455025377028365,0.0473805,0.9921100489326048,0.9721389722955884,0.06738049999999998
2891,0.9720000000000001,0.02099999999999999,60.27277506241278,8.611390738932372e-05,0.05455025377028365,0.0473805,0.9921100489326048,0.9721389722955884,0.06838049999999998
2892,0.9720000000000001,0.021999999999999992,60.27277506241278,8.611390738932372e-05,0.05455025377028365,0.0473805,0.9921100489326048,0.9721389722955884,0.06938049999999998
2893,0.9720000000000001,0.02299999999999999,60.27277506241278,8.611390738932372e-05,0.05455025377028365,0.0473805,0.9921100489326048,0.9721389722955884,0.07038049999999998
2894,0.9720000000000001,0.023999999999999987,60.27277506241278,8.611390738932372e-05,0.05455025377028365,0.0473805,0.9921100489326048,0.9721389722955884,0.07138049999999999
2895,0.9720000000000001,0.024999999999999988,60.27277506241278,8.611390738932372e-05,0.05455025377028365,0.0473805,0.9921100489326048,0.9721389722955884,0.07238049999999999
2896,0.9720000000000001,0.02599999999999999,60.27277506241278,8.611390738932372e-05,0.05455025377028365,0.0473805,0.9921100489326048,0.9721389722955884,0.07338049999999999
2897,0.9720000000000001,0.02699999999999999,60.27277506241278,8.611390738932372e-05,0.05455025377028365,0.0473805,0.9921100489326048,0.9721389722955884,0.07438049999999999
2898,0.9720000000000001,0.027999999999999983,60.27277506241278,8.611390738932372e-05,0.05455025377028365,0.0473805,0.9921100489326048,0.9721389722955884,0.07538049999999999
2899,0.9720000000000001,0.028999999999999984,60.27277506241278,8.611390738932372e-05,0.05455025377028365,0.0473805,0.9921100489326048,0.9721389722955884,0.07638049999999999
2900,0.9720000000000001,0.029999999999999985,60.27277506241278,8.611390738932372e-05,0.05455025377028365,0.0473805,0.9921100489326048,0.9721389722955884,0.07738049999999999
2901,0.9720000000000001,0.030999999999999986,60.27277506241278,8.611390738932372e-05,0.05455025377028365,0.0473805,0.9921100489326048,0.9721389722955884,0.07838049999999999
2902,0.9720000000000001,0.03199999999999998,60.27277506241278,8.611390738932372e-05,0.05455025377028365,0.0473805,0.9921100489326048,0.9721389722955884,0.07938049999999998
2903,0.9720000000000001,0.03299999999999998,60.27277506241278,8.611390738932372e-05,0.05455025377028365,0.0473805,0.9921100489326048,0.9721389722955884,0.08038049999999998
2904,0.9720000000000001,0.03399999999999998,60.27277506241278,8.611390738932372e-05,0.05455025377028365,0.0473805,0.9921100489326048,0.9721389722955884,0.08138049999999998
2905,0.9720000000000001,0.03499999999999998,60.27277506241278,8.611390738932372e-05,0.05455025377028365,0.0473805,0.9921100489326048,0.9721389722955884,0.08238049999999998
2906,0.9720000000000001,0.035999999999999976,60.27277506241278,8.611390738932372e-05,0.05455025377028365,0.0473805,0.9921100489326048,0.9721389722955884,0.08338049999999997
2907,0.9720000000000001,0.03699999999999998,60.27277506241278,8.611390738932372e-05,0.05455025377028365,0.0473805,0.9921100489326048,0.9721389722955884,0.08438049999999997
2908,0.9720000000000001,0.03799999999999998,60.27277506241278,8.611390738932372e-05,0.05455025377028365,0.0473805,0.9921100489326048,0.9721389722955884,0.08538049999999997
2909,0.9720000000000001,0.03899999999999998,60.27277506241278,8.611390738932372e-05,0.05455025377028365,0.0473805,0.9921100489326048,0.9721389722955884,0.08638049999999997
2910,0.9720000000000001,0.03999999999999997,60.27277506241278,8.611390738932372e-05,0.05455025377028365,0.0473805,0.9921100489326048,0.9721389722955884,0.08738049999999997
2911,0.9720000000000001,0.040999999999999974,60.27277506241278,8.611390738932372e-05,0.05455025377028365,0.0473805,0.9921100489326048,0.9721389722955884,0.08838049999999997
2912,0.9720000000000001,0.041999999999999975,60.27277506241278,8.611390738932372e-05,0.05455025377028365,0.0473805,0.9921100489326048,0.9721389722955884,0.08938049999999997
2913,0.9720000000000001,0.042999999999999976,60.27277506241278,8.611390738932372e-05,0.05455025377028365,0.0473805,0.9921100489326048,0.9721389722955884,0.09038049999999997
2914,0.9720000000000001,0.04399999999999998,60.27277506241278,8.611390738932372e-05,0.05455025377028365,0.0473805,0.9921100489326048,0.9721389722955884,0.09138049999999998
2915,0.9720000000000001,0.04499999999999997,60.27277506241278,8.611390738932372e-05,0.05455025377028365,0.0473805,0.9921100489326048,0.9721389722955884,0.09238049999999998
2916,0.9720000000000001,0.04599999999999997,60.27277506241278,8.611390738932372e-05,0.05455025377028365,0.0473805,0.9921100489326048,0.9721389722955884,0.09338049999999998
2917,0.9720000000000001,0.04699999999999997,60.27277506241278,8.611390738932372e-05,0.05455025377028365,0.0473805,0.9921100489326048,0.9721389722955884,0.09438049999999998
2918,0.9720000000000001,0.047999999999999966,60.27277506241278,8.611390738932372e-05,0.05455025377028365,0.0473805,0.9921100489326048,0.9721389722955884,0.09538049999999997
2919,0.9720000000000001,0.04899999999999997,60.27277506241278,8.611390738932372e-05,0.05455025377028365,0.0473805,0.9921100489326048,0.9721389722955884,0.09638049999999997
2920,0.9730000000000001,0.01,23.65581515866026,1.0434844500392915e-05,0.004690303657517831,0.0079662,0.9820240215245917,0.9778190348708149,0.0179662
2921,0.9730000000000001,0.011,23.958307173270043,1.0609955205382173e-05,0.004814955490569311,0.0079662,0.982785954775028,0.9773613299046949,0.0189662
2922,0.9730000000000001,0.011999999999999999,60.848808379443646,8.87381602707551e-05,0.05545827331565634,0.0486912,0.9924196453922978,0.9740949575604535,0.060691199999999994
2923,0.9730000000000001,0.012999999999999998,60.848808379443646,8.87381602707551e-05,0.05545827331565634,0.0486912,0.9924196453922978,0.9740949575604535,0.061691199999999995
2924,0.9730000000000001,0.013999999999999997,60.848808379443646,8.87381602707551e-05,0.05545827331565634,0.0486912,0.9924196453922978,0.9740949575604535,0.06269119999999999
2925,0.9730000000000001,0.014999999999999996,60.848808379443646,8.87381602707551e-05,0.05545827331565634,0.0486912,0.9924196453922978,0.9740949575604535,0.06369119999999999
2926,0.9730000000000001,0.015999999999999993,60.848808379443646,8.87381602707551e-05,0.05545827331565634,0.0486912,0.9924196453922978,0.9740949575604535,0.06469119999999999
2927,0.9730000000000001,0.016999999999999994,60.848808379443646,8.87381602707551e-05,0.05545827331565634,0.0486912,0.9924196453922978,0.9740949575604535,0.06569119999999999
2928,0.9730000000000001,0.017999999999999995,60.848808379443646,8.87381602707551e-05,0.05545827331565634,0.0486912,0.9924196453922978,0.9740949575604535,0.06669119999999999
2929,0.9730000000000001,0.018999999999999993,60.848808379443646,8.87381602707551e-05,0.05545827331565634,0.0486912,0.9924196453922978,0.9740949575604535,0.06769119999999999
2930,0.9730000000000001,0.01999999999999999,60.848808379443646,8.87381602707551e-05,0.05545827331565634,0.0486912,0.9924196453922978,0.9740949575604535,0.06869119999999998
2931,0.9730000000000001,0.02099999999999999,60.848808379443646,8.87381602707551e-05,0.05545827331565634,0.0486912,0.9924196453922978,0.9740949575604535,0.06969119999999998
2932,0.9730000000000001,0.021999999999999992,60.848808379443646,8.87381602707551e-05,0.05545827331565634,0.0486912,0.9924196453922978,0.9740949575604535,0.07069119999999998
2933,0.9730000000000001,0.02299999999999999,60.848808379443646,8.87381602707551e-05,0.05545827331565634,0.0486912,0.9924196453922978,0.9740949575604535,0.07169119999999998
2934,0.9730000000000001,0.023999999999999987,60.848808379443646,8.87381602707551e-05,0.05545827331565634,0.0486912,0.9924196453922978,0.9740949575604535,0.07269119999999998
2935,0.9730000000000001,0.024999999999999988,60.848808379443646,8.87381602707551e-05,0.05545827331565634,0.0486912,0.9924196453922978,0.9740949575604535,0.07369119999999998
2936,0.9730000000000001,0.02599999999999999,60.848808379443646,8.87381602707551e-05,0.05545827331565634,0.0486912,0.9924196453922978,0.9740949575604535,0.07469119999999999
2937,0.9730000000000001,0.02699999999999999,60.848808379443646,8.87381602707551e-05,0.05545827331565634,0.0486912,0.9924196453922978,0.9740949575604535,0.07569119999999999
2938,0.9730000000000001,0.027999999999999983,60.848808379443646,8.87381602707551e-05,0.05545827331565634,0.0486912,0.9924196453922978,0.9740949575604535,0.07669119999999999
2939,0.9730000000000001,0.028999999999999984,60.848808379443646,8.87381602707551e-05,0.05545827331565634,0.0486912,0.9924196453922978,0.9740949575604535,0.07769119999999999
2940,0.9730000000000001,0.029999999999999985,60.848808379443646,8.87381602707551e-05,0.05545827331565634,0.0486912,0.9924196453922978,0.9740949575604535,0.07869119999999999
2941,0.9730000000000001,0.030999999999999986,60.848808379443646,8.87381602707551e-05,0.05545827331565634,0.0486912,0.9924196453922978,0.9740949575604535,0.07969119999999999
2942,0.9730000000000001,0.03199999999999998,60.848808379443646,8.87381602707551e-05,0.05545827331565634,0.0486912,0.9924196453922978,0.9740949575604535,0.08069119999999998
2943,0.9730000000000001,0.03299999999999998,60.848808379443646,8.87381602707551e-05,0.05545827331565634,0.0486912,0.9924196453922978,0.9740949575604535,0.08169119999999998
2944,0.9730000000000001,0.03399999999999998,60.848808379443646,8.87381602707551e-05,0.05545827331565634,0.0486912,0.9924196453922978,0.9740949575604535,0.08269119999999998
2945,0.9730000000000001,0.03499999999999998,60.848808379443646,8.87381602707551e-05,0.05545827331565634,0.0486912,0.9924196453922978,0.9740949575604535,0.08369119999999998
2946,0.9730000000000001,0.035999999999999976,60.848808379443646,8.87381602707551e-05,0.05545827331565634,0.0486912,0.9924196453922978,0.9740949575604535,0.08469119999999997
2947,0.9730000000000001,0.03699999999999998,60.848808379443646,8.87381602707551e-05,0.05545827331565634,0.0486912,0.9924196453922978,0.9740949575604535,0.08569119999999997
2948,0.9730000000000001,0.03799999999999998,60.848808379443646,8.87381602707551e-05,0.05545827331565634,0.0486912,0.9924196453922978,0.9740949575604535,0.08669119999999997
2949,0.9730000000000001,0.03899999999999998,60.848808379443646,8.87381602707551e-05,0.05545827331565634,0.0486912,0.9924196453922978,0.9740949575604535,0.08769119999999997
2950,0.9730000000000001,0.03999999999999997,60.848808379443646,8.87381602707551e-05,0.05545827331565634,0.0486912,0.9924196453922978,0.9740949575604535,0.08869119999999997
2951,0.9730000000000001,0.040999999999999974,60.848808379443646,8.87381602707551e-05,0.05545827331565634,0.0486912,0.9924196453922978,0.9740949575604535,0.08969119999999997
2952,0.9730000000000001,0.041999999999999975,60.848808379443646,8.87381602707551e-05,0.05545827331565634,0.0486912,0.9924196453922978,0.9740949575604535,0.09069119999999997
2953,0.9730000000000001,0.042999999999999976,60.848808379443646,8.87381602707551e-05,0.05545827331565634,0.0486912,0.9924196453922978,0.9740949575604535,0.09169119999999997
2954,0.9730000000000001,0.04399999999999998,60.848808379443646,8.87381602707551e-05,0.05545827331565634,0.0486912,0.9924196453922978,0.9740949575604535,0.09269119999999997
2955,0.9730000000000001,0.04499999999999997,60.848808379443646,8.87381602707551e-05,0.05545827331565634,0.0486912,0.9924196453922978,0.9740949575604535,0.09369119999999997
2956,0.9730000000000001,0.04599999999999997,60.848808379443646,8.87381602707551e-05,0.05545827331565634,0.0486912,0.9924196453922978,0.9740949575604535,0.09469119999999998
2957,0.9730000000000001,0.04699999999999997,60.848808379443646,8.87381602707551e-05,0.05545827331565634,0.0486912,0.9924196453922978,0.9740949575604535,0.09569119999999998
2958,0.9730000000000001,0.047999999999999966,60.848808379443646,8.87381602707551e-05,0.05545827331565634,0.0486912,0.9924196453922978,0.9740949575604535,0.09669119999999996
2959,0.9730000000000001,0.04899999999999997,60.848808379443646,8.87381602707551e-05,0.05545827331565634,0.0486912,0.9924196453922978,0.9740949575604535,0.09769119999999996
2960,0.9740000000000001,0.01,23.65581515866026,1.0434844500392915e-05,0.004690303657517831,0.0079662,0.9820240215245917,0.9778190348708149,0.0179662
2961,0.9740000000000001,0.011,23.958307173270043,1.0609955205382173e-05,0.004814955490569311,0.0079662,0.982785954775028,0.9773613299046949,0.0189662
2962,0.9740000000000001,0.011999999999999999,60.848808379443646,8.87381602707551e-05,0.05545827331565634,0.0486912,0.9924196453922978,0.9740949575604535,0.060691199999999994
2963,0.9740000000000001,0.012999999999999998,60.848808379443646,8.87381602707551e-05,0.05545827331565634,0.0486912,0.9924196453922978,0.9740949575604535,0.061691199999999995
2964,0.9740000000000001,0.013999999999999997,60.848808379443646,8.87381602707551e-05,0.05545827331565634,0.0486912,0.9924196453922978,0.9740949575604535,0.06269119999999999
2965,0.9740000000000001,0.014999999999999996,60.848808379443646,8.87381602707551e-05,0.05545827331565634,0.0486912,0.9924196453922978,0.9740949575604535,0.06369119999999999
2966,0.9740000000000001,0.015999999999999993,60.848808379443646,8.87381602707551e-05,0.05545827331565634,0.0486912,0.9924196453922978,0.9740949575604535,0.06469119999999999
2967,0.9740000000000001,0.016999999999999994,60.848808379443646,8.87381602707551e-05,0.05545827331565634,0.0486912,0.9924196453922978,0.9740949575604535,0.06569119999999999
2968,0.9740000000000001,0.017999999999999995,60.848808379443646,8.87381602707551e-05,0.05545827331565634,0.0486912,0.9924196453922978,0.9740949575604535,0.06669119999999999
2969,0.9740000000000001,0.018999999999999993,60.848808379443646,8.87381602707551e-05,0.05545827331565634,0.0486912,0.9924196453922978,0.9740949575604535,0.06769119999999999
2970,0.9740000000000001,0.01999999999999999,60.848808379443646,8.87381602707551e-05,0.05545827331565634,0.0486912,0.9924196453922978,0.9740949575604535,0.06869119999999998
2971,0.9740000000000001,0.02099999999999999,60.848808379443646,8.87381602707551e-05,0.05545827331565634,0.0486912,0.9924196453922978,0.9740949575604535,0.06969119999999998
2972,0.9740000000000001,0.021999999999999992,60.848808379443646,8.87381602707551e-05,0.05545827331565634,0.0486912,0.9924196453922978,0.9740949575604535,0.07069119999999998
2973,0.9740000000000001,0.02299999999999999,60.848808379443646,8.87381602707551e-05,0.05545827331565634,0.0486912,0.9924196453922978,0.9740949575604535,0.07169119999999998
2974,0.9740000000000001,0.023999999999999987,60.848808379443646,8.87381602707551e-05,0.05545827331565634,0.0486912,0.9924196453922978,0.9740949575604535,0.07269119999999998
2975,0.9740000000000001,0.024999999999999988,60.848808379443646,8.87381602707551e-05,0.05545827331565634,0.0486912,0.9924196453922978,0.9740949575604535,0.07369119999999998
2976,0.9740000000000001,0.02599999999999999,60.848808379443646,8.87381602707551e-05,0.05545827331565634,0.0486912,0.9924196453922978,0.9740949575604535,0.07469119999999999
2977,0.9740000000000001,0.02699999999999999,60.848808379443646,8.87381602707551e-05,0.05545827331565634,0.0486912,0.9924196453922978,0.9740949575604535,0.07569119999999999
2978,0.9740000000000001,0.027999999999999983,60.848808379443646,8.87381602707551e-05,0.05545827331565634,0.0486912,0.9924196453922978,0.9740949575604535,0.07669119999999999
2979,0.9740000000000001,0.028999999999999984,60.848808379443646,8.87381602707551e-05,0.05545827331565634,0.0486912,0.9924196453922978,0.9740949575604535,0.07769119999999999
2980,0.9740000000000001,0.029999999999999985,60.848808379443646,8.87381602707551e-05,0.05545827331565634,0.0486912,0.9924196453922978,0.9740949575604535,0.07869119999999999
2981,0.9740000000000001,0.030999999999999986,60.848808379443646,8.87381602707551e-05,0.05545827331565634,0.0486912,0.9924196453922978,0.9740949575604535,0.07969119999999999
2982,0.9740000000000001,0.03199999999999998,60.848808379443646,8.87381602707551e-05,0.05545827331565634,0.0486912,0.9924196453922978,0.9740949575604535,0.08069119999999998
2983,0.9740000000000001,0.03299999999999998,60.848808379443646,8.87381602707551e-05,0.05545827331565634,0.0486912,0.9924196453922978,0.9740949575604535,0.08169119999999998
2984,0.9740000000000001,0.03399999999999998,60.848808379443646,8.87381602707551e-05,0.05545827331565634,0.0486912,0.9924196453922978,0.9740949575604535,0.08269119999999998
2985,0.9740000000000001,0.03499999999999998,60.848808379443646,8.87381602707551e-05,0.05545827331565634,0.0486912,0.9924196453922978,0.9740949575604535,0.08369119999999998
2986,0.9740000000000001,0.035999999999999976,60.848808379443646,8.87381602707551e-05,0.05545827331565634,0.0486912,0.9924196453922978,0.9740949575604535,0.08469119999999997
2987,0.9740000000000001,0.03699999999999998,60.848808379443646,8.87381602707551e-05,0.05545827331565634,0.0486912,0.9924196453922978,0.9740949575604535,0.08569119999999997
2988,0.9740000000000001,0.03799999999999998,60.848808379443646,8.87381602707551e-05,0.05545827331565634,0.0486912,0.9924196453922978,0.9740949575604535,0.08669119999999997
2989,0.9740000000000001,0.03899999999999998,60.848808379443646,8.87381602707551e-05,0.05545827331565634,0.0486912,0.9924196453922978,0.9740949575604535,0.08769119999999997
2990,0.9740000000000001,0.03999999999999997,60.848808379443646,8.87381602707551e-05,0.05545827331565634,0.0486912,0.9924196453922978,0.9740949575604535,0.08869119999999997
2991,0.9740000000000001,0.040999999999999974,60.848808379443646,8.87381602707551e-05,0.05545827331565634,0.0486912,0.9924196453922978,0.9740949575604535,0.08969119999999997
2992,0.9740000000000001,0.041999999999999975,60.848808379443646,8.87381602707551e-05,0.05545827331565634,0.0486912,0.9924196453922978,0.9740949575604535,0.09069119999999997
2993,0.9740000000000001,0.042999999999999976,60.848808379443646,8.87381602707551e-05,0.05545827331565634,0.0486912,0.9924196453922978,0.9740949575604535,0.09169119999999997
2994,0.9740000000000001,0.04399999999999998,60.848808379443646,8.87381602707551e-05,0.05545827331565634,0.0486912,0.9924196453922978,0.9740949575604535,0.09269119999999997
2995,0.9740000000000001,0.04499999999999997,60.848808379443646,8.87381602707551e-05,0.05545827331565634,0.0486912,0.9924196453922978,0.9740949575604535,0.09369119999999997
2996,0.9740000000000001,0.04599999999999997,60.848808379443646,8.87381602707551e-05,0.05545827331565634,0.0486912,0.9924196453922978,0.9740949575604535,0.09469119999999998
2997,0.9740000000000001,0.04699999999999997,60.848808379443646,8.87381602707551e-05,0.05545827331565634,0.0486912,0.9924196453922978,0.9740949575604535,0.09569119999999998
2998,0.9740000000000001,0.047999999999999966,60.848808379443646,8.87381602707551e-05,0.05545827331565634,0.0486912,0.9924196453922978,0.9740949575604535,0.09669119999999996
2999,0.9740000000000001,0.04899999999999997,60.848808379443646,8.87381602707551e-05,0.05545827331565634,0.0486912,0.9924196453922978,0.9740949575604535,0.09769119999999996
3000,0.9750000000000001,0.01,23.65581515866026,1.0434844500392915e-05,0.004690303657517831,0.0079662,0.9820240215245917,0.9778190348708149,0.0179662
3001,0.9750000000000001,0.011,23.958307173270043,1.0609955205382173e-05,0.004814955490569311,0.0079662,0.982785954775028,0.9773613299046949,0.0189662
3002,0.9750000000000001,0.011999999999999999,61.489206413559245,9.170688351589596e-05,0.056348108934657276,0.0502429,0.9928378589458474,0.9758305793377292,0.0622429
3003,0.9750000000000001,0.012999999999999998,61.489206413559245,9.170688351589596e-05,0.056348108934657276,0.0502429,0.9928378589458474,0.9758305793377292,0.06324289999999999
3004,0.9750000000000001,0.013999999999999997,61.489206413559245,9.170688351589596e-05,0.056348108934657276,0.0502429,0.9928378589458474,0.9758305793377292,0.06424289999999999
3005,0.9750000000000001,0.014999999999999996,61.489206413559245,9.170688351589596e-05,0.056348108934657276,0.0502429,0.9928378589458474,0.9758305793377292,0.06524289999999999
3006,0.9750000000000001,0.015999999999999993,61.489206413559245,9.170688351589596e-05,0.056348108934657276,0.0502429,0.9928378589458474,0.9758305793377292,0.0662429
3007,0.9750000000000001,0.016999999999999994,61.489206413559245,9.170688351589596e-05,0.056348108934657276,0.0502429,0.9928378589458474,0.9758305793377292,0.0672429
3008,0.9750000000000001,0.017999999999999995,61.489206413559245,9.170688351589596e-05,0.056348108934657276,0.0502429,0.9928378589458474,0.9758305793377292,0.0682429
3009,0.9750000000000001,0.018999999999999993,61.489206413559245,9.170688351589596e-05,0.056348108934657276,0.0502429,0.9928378589458474,0.9758305793377292,0.0692429
3010,0.9750000000000001,0.01999999999999999,61.489206413559245,9.170688351589596e-05,0.056348108934657276,0.0502429,0.9928378589458474,0.9758305793377292,0.0702429
3011,0.9750000000000001,0.02099999999999999,61.489206413559245,9.170688351589596e-05,0.056348108934657276,0.0502429,0.9928378589458474,0.9758305793377292,0.0712429
3012,0.9750000000000001,0.021999999999999992,61.489206413559245,9.170688351589596e-05,0.056348108934657276,0.0502429,0.9928378589458474,0.9758305793377292,0.0722429
3013,0.9750000000000001,0.02299999999999999,61.489206413559245,9.170688351589596e-05,0.056348108934657276,0.0502429,0.9928378589458474,0.9758305793377292,0.07324289999999999
3014,0.9750000000000001,0.023999999999999987,61.489206413559245,9.170688351589596e-05,0.056348108934657276,0.0502429,0.9928378589458474,0.9758305793377292,0.07424289999999999
3015,0.9750000000000001,0.024999999999999988,61.489206413559245,9.170688351589596e-05,0.056348108934657276,0.0502429,0.9928378589458474,0.9758305793377292,0.07524289999999999
3016,0.9750000000000001,0.02599999999999999,61.489206413559245,9.170688351589596e-05,0.056348108934657276,0.0502429,0.9928378589458474,0.9758305793377292,0.07624289999999999
3017,0.9750000000000001,0.02699999999999999,61.489206413559245,9.170688351589596e-05,0.056348108934657276,0.0502429,0.9928378589458474,0.9758305793377292,0.07724289999999999
3018,0.9750000000000001,0.027999999999999983,61.489206413559245,9.170688351589596e-05,0.056348108934657276,0.0502429,0.9928378589458474,0.9758305793377292,0.07824289999999998
3019,0.9750000000000001,0.028999999999999984,61.489206413559245,9.170688351589596e-05,0.056348108934657276,0.0502429,0.9928378589458474,0.9758305793377292,0.07924289999999998
3020,0.9750000000000001,0.029999999999999985,61.489206413559245,9.170688351589596e-05,0.056348108934657276,0.0502429,0.9928378589458474,0.9758305793377292,0.08024289999999998
3021,0.9750000000000001,0.030999999999999986,61.489206413559245,9.170688351589596e-05,0.056348108934657276,0.0502429,0.9928378589458474,0.9758305793377292,0.08124289999999998
3022,0.9750000000000001,0.03199999999999998,61.489206413559245,9.170688351589596e-05,0.056348108934657276,0.0502429,0.9928378589458474,0.9758305793377292,0.08224289999999998
3023,0.9750000000000001,0.03299999999999998,61.489206413559245,9.170688351589596e-05,0.056348108934657276,0.0502429,0.9928378589458474,0.9758305793377292,0.08324289999999998
3024,0.9750000000000001,0.03399999999999998,61.489206413559245,9.170688351589596e-05,0.056348108934657276,0.0502429,0.9928378589458474,0.9758305793377292,0.08424289999999998
3025,0.9750000000000001,0.03499999999999998,61.489206413559245,9.170688351589596e-05,0.056348108934657276,0.0502429,0.9928378589458474,0.9758305793377292,0.08524289999999998
3026,0.9750000000000001,0.035999999999999976,61.489206413559245,9.170688351589596e-05,0.056348108934657276,0.0502429,0.9928378589458474,0.9758305793377292,0.08624289999999998
3027,0.9750000000000001,0.03699999999999998,61.489206413559245,9.170688351589596e-05,0.056348108934657276,0.0502429,0.9928378589458474,0.9758305793377292,0.08724289999999998
3028,0.9750000000000001,0.03799999999999998,61.489206413559245,9.170688351589596e-05,0.056348108934657276,0.0502429,0.9928378589458474,0.9758305793377292,0.08824289999999999
3029,0.9750000000000001,0.03899999999999998,61.489206413559245,9.170688351589596e-05,0.056348108934657276,0.0502429,0.9928378589458474,0.9758305793377292,0.08924289999999999
3030,0.9750000000000001,0.03999999999999997,61.489206413559245,9.170688351589596e-05,0.056348108934657276,0.0502429,0.9928378589458474,0.9758305793377292,0.09024289999999997
3031,0.9750000000000001,0.040999999999999974,61.489206413559245,9.170688351589596e-05,0.056348108934657276,0.0502429,0.9928378589458474,0.9758305793377292,0.09124289999999997
3032,0.9750000000000001,0.041999999999999975,61.489206413559245,9.170688351589596e-05,0.056348108934657276,0.0502429,0.9928378589458474,0.9758305793377292,0.09224289999999997
3033,0.9750000000000001,0.042999999999999976,61.489206413559245,9.170688351589596e-05,0.056348108934657276,0.0502429,0.9928378589458474,0.9758305793377292,0.09324289999999998
3034,0.9750000000000001,0.04399999999999998,61.489206413559245,9.170688351589596e-05,0.056348108934657276,0.0502429,0.9928378589458474,0.9758305793377292,0.09424289999999998
3035,0.9750000000000001,0.04499999999999997,61.489206413559245,9.170688351589596e-05,0.056348108934657276,0.0502429,0.9928378589458474,0.9758305793377292,0.09524289999999996
3036,0.9750000000000001,0.04599999999999997,61.489206413559245,9.170688351589596e-05,0.056348108934657276,0.0502429,0.9928378589458474,0.9758305793377292,0.09624289999999996
3037,0.9750000000000001,0.04699999999999997,61.489206413559245,9.170688351589596e-05,0.056348108934657276,0.0502429,0.9928378589458474,0.9758305793377292,0.09724289999999997
3038,0.9750000000000001,0.047999999999999966,61.489206413559245,9.170688351589596e-05,0.056348108934657276,0.0502429,0.9928378589458474,0.9758305793377292,0.09824289999999997
3039,0.9750000000000001,0.04899999999999997,61.489206413559245,9.170688351589596e-05,0.056348108934657276,0.0502429,0.9928378589458474,0.9758305793377292,0.09924289999999997
3040,0.9760000000000001,0.01,23.65581515866026,1.0434844500392915e-05,0.004690303657517831,0.0079662,0.9820240215245917,0.9778190348708149,0.0179662
3041,0.9760000000000001,0.011,23.958307173270043,1.0609955205382173e-05,0.004814955490569311,0.0079662,0.982785954775028,0.9773613299046949,0.0189662
3042,0.9760000000000001,0.011999999999999999,61.79598922118338,9.314775809755117e-05,0.05680541527648702,0.0510875,0.9929843137304638,0.9766999284652211,0.0630875
3043,0.9760000000000001,0.012999999999999998,61.79598922118338,9.314775809755117e-05,0.05680541527648702,0.0510875,0.9929843137304638,0.9766999284652211,0.06408749999999999
3044,0.9760000000000001,0.013999999999999997,61.79598922118338,9.314775809755117e-05,0.05680541527648702,0.0510875,0.9929843137304638,0.9766999284652211,0.06508749999999999
3045,0.9760000000000001,0.014999999999999996,61.79598922118338,9.314775809755117e-05,0.05680541527648702,0.0510875,0.9929843137304638,0.9766999284652211,0.0660875
3046,0.9760000000000001,0.015999999999999993,61.79598922118338,9.314775809755117e-05,0.05680541527648702,0.0510875,0.9929843137304638,0.9766999284652211,0.0670875
3047,0.9760000000000001,0.016999999999999994,61.79598922118338,9.314775809755117e-05,0.05680541527648702,0.0510875,0.9929843137304638,0.9766999284652211,0.0680875
3048,0.9760000000000001,0.017999999999999995,61.79598922118338,9.314775809755117e-05,0.05680541527648702,0.0510875,0.9929843137304638,0.9766999284652211,0.0690875
3049,0.9760000000000001,0.018999999999999993,61.79598922118338,9.314775809755117e-05,0.05680541527648702,0.0510875,0.9929843137304638,0.9766999284652211,0.0700875
3050,0.9760000000000001,0.01999999999999999,61.79598922118338,9.314775809755117e-05,0.05680541527648702,0.0510875,0.9929843137304638,0.9766999284652211,0.0710875
3051,0.9760000000000001,0.02099999999999999,61.79598922118338,9.314775809755117e-05,0.05680541527648702,0.0510875,0.9929843137304638,0.9766999284652211,0.0720875
3052,0.9760000000000001,0.021999999999999992,61.79598922118338,9.314775809755117e-05,0.05680541527648702,0.0510875,0.9929843137304638,0.9766999284652211,0.0730875
3053,0.9760000000000001,0.02299999999999999,61.79598922118338,9.314775809755117e-05,0.05680541527648702,0.0510875,0.9929843137304638,0.9766999284652211,0.07408749999999999
3054,0.9760000000000001,0.023999999999999987,61.79598922118338,9.314775809755117e-05,0.05680541527648702,0.0510875,0.9929843137304638,0.9766999284652211,0.07508749999999999
3055,0.9760000000000001,0.024999999999999988,61.79598922118338,9.314775809755117e-05,0.05680541527648702,0.0510875,0.9929843137304638,0.9766999284652211,0.07608749999999999
3056,0.9760000000000001,0.02599999999999999,61.79598922118338,9.314775809755117e-05,0.05680541527648702,0.0510875,0.9929843137304638,0.9766999284652211,0.07708749999999999
3057,0.9760000000000001,0.02699999999999999,61.79598922118338,9.314775809755117e-05,0.05680541527648702,0.0510875,0.9929843137304638,0.9766999284652211,0.07808749999999999
3058,0.9760000000000001,0.027999999999999983,61.79598922118338,9.314775809755117e-05,0.05680541527648702,0.0510875,0.9929843137304638,0.9766999284652211,0.07908749999999998
3059,0.9760000000000001,0.028999999999999984,61.79598922118338,9.314775809755117e-05,0.05680541527648702,0.0510875,0.9929843137304638,0.9766999284652211,0.08008749999999998
3060,0.9760000000000001,0.029999999999999985,61.79598922118338,9.314775809755117e-05,0.05680541527648702,0.0510875,0.9929843137304638,0.9766999284652211,0.08108749999999998
3061,0.9760000000000001,0.030999999999999986,61.79598922118338,9.314775809755117e-05,0.05680541527648702,0.0510875,0.9929843137304638,0.9766999284652211,0.08208749999999998
3062,0.9760000000000001,0.03199999999999998,61.79598922118338,9.314775809755117e-05,0.05680541527648702,0.0510875,0.9929843137304638,0.9766999284652211,0.08308749999999998
3063,0.9760000000000001,0.03299999999999998,61.79598922118338,9.314775809755117e-05,0.05680541527648702,0.0510875,0.9929843137304638,0.9766999284652211,0.08408749999999998
3064,0.9760000000000001,0.03399999999999998,61.79598922118338,9.314775809755117e-05,0.05680541527648702,0.0510875,0.9929843137304638,0.9766999284652211,0.08508749999999998
3065,0.9760000000000001,0.03499999999999998,61.79598922118338,9.314775809755117e-05,0.05680541527648702,0.0510875,0.9929843137304638,0.9766999284652211,0.08608749999999998
3066,0.9760000000000001,0.035999999999999976,61.79598922118338,9.314775809755117e-05,0.05680541527648702,0.0510875,0.9929843137304638,0.9766999284652211,0.08708749999999998
3067,0.9760000000000001,0.03699999999999998,61.79598922118338,9.314775809755117e-05,0.05680541527648702,0.0510875,0.9929843137304638,0.9766999284652211,0.08808749999999999
3068,0.9760000000000001,0.03799999999999998,61.79598922118338,9.314775809755117e-05,0.05680541527648702,0.0510875,0.9929843137304638,0.9766999284652211,0.08908749999999999
3069,0.9760000000000001,0.03899999999999998,61.79598922118338,9.314775809755117e-05,0.05680541527648702,0.0510875,0.9929843137304638,0.9766999284652211,0.09008749999999999
3070,0.9760000000000001,0.03999999999999997,61.79598922118338,9.314775809755117e-05,0.05680541527648702,0.0510875,0.9929843137304638,0.9766999284652211,0.09108749999999997
3071,0.9760000000000001,0.040999999999999974,61.79598922118338,9.314775809755117e-05,0.05680541527648702,0.0510875,0.9929843137304638,0.9766999284652211,0.09208749999999997
3072,0.9760000000000001,0.041999999999999975,61.79598922118338,9.314775809755117e-05,0.05680541527648702,0.0510875,0.9929843137304638,0.9766999284652211,0.09308749999999998
3073,0.9760000000000001,0.042999999999999976,61.79598922118338,9.314775809755117e-05,0.05680541527648702,0.0510875,0.9929843137304638,0.9766999284652211,0.09408749999999998
3074,0.9760000000000001,0.04399999999999998,61.79598922118338,9.314775809755117e-05,0.05680541527648702,0.0510875,0.9929843137304638,0.9766999284652211,0.09508749999999998
3075,0.9760000000000001,0.04499999999999997,61.79598922118338,9.314775809755117e-05,0.05680541527648702,0.0510875,0.9929843137304638,0.9766999284652211,0.09608749999999996
3076,0.9760000000000001,0.04599999999999997,61.79598922118338,9.314775809755117e-05,0.05680541527648702,0.0510875,0.9929843137304638,0.9766999284652211,0.09708749999999997
3077,0.9760000000000001,0.04699999999999997,61.79598922118338,9.314775809755117e-05,0.05680541527648702,0.0510875,0.9929843137304638,0.9766999284652211,0.09808749999999997
3078,0.9760000000000001,0.047999999999999966,61.79598922118338,9.314775809755117e-05,0.05680541527648702,0.0510875,0.9929843137304638,0.9766999284652211,0.09908749999999997
3079,0.9770000000000001,0.01,23.65581515866026,1.0434844500392915e-05,0.004690303657517831,0.0079662,0.9820240215245917,0.9778190348708149,0.0179662
3080,0.9770000000000001,0.011,23.958307173270043,1.0609955205382173e-05,0.004814955490569311,0.0079662,0.982785954775028,0.9773613299046949,0.0189662
3081,0.9770000000000001,0.011999999999999999,62.16678353219495,9.490577206301961e-05,0.05722305434111871,0.0519169,0.9933618439753579,0.9773706559150266,0.0639169
3082,0.9770000000000001,0.012999999999999998,62.16678353219495,9.490577206301961e-05,0.05722305434111871,0.0519169,0.9933618439753579,0.9773706559150266,0.0649169
3083,0.9770000000000001,0.013999999999999997,62.16678353219495,9.490577206301961e-05,0.05722305434111871,0.0519169,0.9933618439753579,0.9773706559150266,0.0659169
3084,0.9770000000000001,0.014999999999999996,62.16678353219495,9.490577206301961e-05,0.05722305434111871,0.0519169,0.9933618439753579,0.9773706559150266,0.0669169
3085,0.9770000000000001,0.015999999999999993,62.16678353219495,9.490577206301961e-05,0.05722305434111871,0.0519169,0.9933618439753579,0.9773706559150266,0.0679169
3086,0.9770000000000001,0.016999999999999994,62.16678353219495,9.490577206301961e-05,0.05722305434111871,0.0519169,0.9933618439753579,0.9773706559150266,0.0689169
3087,0.9770000000000001,0.017999999999999995,62.16678353219495,9.490577206301961e-05,0.05722305434111871,0.0519169,0.9933618439753579,0.9773706559150266,0.0699169
3088,0.9770000000000001,0.018999999999999993,62.16678353219495,9.490577206301961e-05,0.05722305434111871,0.0519169,0.9933618439753579,0.9773706559150266,0.07091689999999999
3089,0.9770000000000001,0.01999999999999999,62.16678353219495,9.490577206301961e-05,0.05722305434111871,0.0519169,0.9933618439753579,0.9773706559150266,0.07191689999999999
3090,0.9770000000000001,0.02099999999999999,62.16678353219495,9.490577206301961e-05,0.05722305434111871,0.0519169,0.9933618439753579,0.9773706559150266,0.07291689999999999
3091,0.9770000000000001,0.021999999999999992,62.16678353219495,9.490577206301961e-05,0.05722305434111871,0.0519169,0.9933618439753579,0.9773706559150266,0.0739169
3092,0.9770000000000001,0.02299999999999999,62.16678353219495,9.490577206301961e-05,0.05722305434111871,0.0519169,0.9933618439753579,0.9773706559150266,0.0749169
3093,0.9770000000000001,0.023999999999999987,62.16678353219495,9.490577206301961e-05,0.05722305434111871,0.0519169,0.9933618439753579,0.9773706559150266,0.07591689999999998
3094,0.9770000000000001,0.024999999999999988,62.16678353219495,9.490577206301961e-05,0.05722305434111871,0.0519169,0.9933618439753579,0.9773706559150266,0.07691689999999998
3095,0.9770000000000001,0.02599999999999999,62.16678353219495,9.490577206301961e-05,0.05722305434111871,0.0519169,0.9933618439753579,0.9773706559150266,0.07791689999999998
3096,0.9770000000000001,0.02699999999999999,62.16678353219495,9.490577206301961e-05,0.05722305434111871,0.0519169,0.9933618439753579,0.9773706559150266,0.07891689999999998
3097,0.9770000000000001,0.027999999999999983,62.16678353219495,9.490577206301961e-05,0.05722305434111871,0.0519169,0.9933618439753579,0.9773706559150266,0.07991689999999999
3098,0.9770000000000001,0.028999999999999984,62.16678353219495,9.490577206301961e-05,0.05722305434111871,0.0519169,0.9933618439753579,0.9773706559150266,0.08091689999999999
3099,0.9770000000000001,0.029999999999999985,62.16678353219495,9.490577206301961e-05,0.05722305434111871,0.0519169,0.9933618439753579,0.9773706559150266,0.08191689999999999
3100,0.9770000000000001,0.030999999999999986,62.16678353219495,9.490577206301961e-05,0.05722305434111871,0.0519169,0.9933618439753579,0.9773706559150266,0.08291689999999999
3101,0.9770000000000001,0.03199999999999998,62.16678353219495,9.490577206301961e-05,0.05722305434111871,0.0519169,0.9933618439753579,0.9773706559150266,0.08391689999999999
3102,0.9770000000000001,0.03299999999999998,62.16678353219495,9.490577206301961e-05,0.05722305434111871,0.0519169,0.9933618439753579,0.9773706559150266,0.08491689999999999
3103,0.9770000000000001,0.03399999999999998,62.16678353219495,9.490577206301961e-05,0.05722305434111871,0.0519169,0.9933618439753579,0.9773706559150266,0.08591689999999999
3104,0.9770000000000001,0.03499999999999998,62.16678353219495,9.490577206301961e-05,0.05722305434111871,0.0519169,0.9933618439753579,0.9773706559150266,0.08691689999999999
3105,0.9770000000000001,0.035999999999999976,62.16678353219495,9.490577206301961e-05,0.05722305434111871,0.0519169,0.9933618439753579,0.9773706559150266,0.08791689999999998
3106,0.9770000000000001,0.03699999999999998,62.16678353219495,9.490577206301961e-05,0.05722305434111871,0.0519169,0.9933618439753579,0.9773706559150266,0.08891689999999998
3107,0.9770000000000001,0.03799999999999998,62.16678353219495,9.490577206301961e-05,0.05722305434111871,0.0519169,0.9933618439753579,0.9773706559150266,0.08991689999999998
3108,0.9770000000000001,0.03899999999999998,62.16678353219495,9.490577206301961e-05,0.05722305434111871,0.0519169,0.9933618439753579,0.9773706559150266,0.09091689999999998
3109,0.9770000000000001,0.03999999999999997,62.16678353219495,9.490577206301961e-05,0.05722305434111871,0.0519169,0.9933618439753579,0.9773706559150266,0.09191689999999997
3110,0.9770000000000001,0.040999999999999974,62.16678353219495,9.490577206301961e-05,0.05722305434111871,0.0519169,0.9933618439753579,0.9773706559150266,0.09291689999999997
3111,0.9770000000000001,0.041999999999999975,62.16678353219495,9.490577206301961e-05,0.05722305434111871,0.0519169,0.9933618439753579,0.9773706559150266,0.09391689999999997
3112,0.9770000000000001,0.042999999999999976,62.16678353219495,9.490577206301961e-05,0.05722305434111871,0.0519169,0.9933618439753579,0.9773706559150266,0.09491689999999997
3113,0.9770000000000001,0.04399999999999998,62.16678353219495,9.490577206301961e-05,0.05722305434111871,0.0519169,0.9933618439753579,0.9773706559150266,0.09591689999999997
3114,0.9770000000000001,0.04499999999999997,62.16678353219495,9.490577206301961e-05,0.05722305434111871,0.0519169,0.9933618439753579,0.9773706559150266,0.09691689999999997
3115,0.9770000000000001,0.04599999999999997,62.16678353219495,9.490577206301961e-05,0.05722305434111871,0.0519169,0.9933618439753579,0.9773706559150266,0.09791689999999997
3116,0.9770000000000001,0.04699999999999997,62.16678353219495,9.490577206301961e-05,0.05722305434111871,0.0519169,0.9933618439753579,0.9773706559150266,0.09891689999999997
3117,0.9780000000000001,0.01,62.47223272883758,9.636749092399096e-05,0.05766911666688072,0.0527293,0.9935085155481923,0.9781215800612578,0.0627293
3118,0.9780000000000001,0.011,62.47223272883758,9.636749092399096e-05,0.05766911666688072,0.0527293,0.9935085155481923,0.9781215800612578,0.0637293
3119,0.9780000000000001,0.011999999999999999,62.47223272883758,9.636749092399096e-05,0.05766911666688072,0.0527293,0.9935085155481923,0.9781215800612578,0.0647293
3120,0.9780000000000001,0.012999999999999998,62.47223272883758,9.636749092399096e-05,0.05766911666688072,0.0527293,0.9935085155481923,0.9781215800612578,0.06572929999999999
3121,0.9780000000000001,0.013999999999999997,62.47223272883758,9.636749092399096e-05,0.05766911666688072,0.0527293,0.9935085155481923,0.9781215800612578,0.06672929999999999
3122,0.9780000000000001,0.014999999999999996,62.47223272883758,9.636749092399096e-05,0.05766911666688072,0.0527293,0.9935085155481923,0.9781215800612578,0.06772929999999999
3123,0.9780000000000001,0.015999999999999993,62.47223272883758,9.636749092399096e-05,0.05766911666688072,0.0527293,0.9935085155481923,0.9781215800612578,0.0687293
3124,0.9780000000000001,0.016999999999999994,62.47223272883758,9.636749092399096e-05,0.05766911666688072,0.0527293,0.9935085155481923,0.9781215800612578,0.0697293
3125,0.9780000000000001,0.017999999999999995,62.47223272883758,9.636749092399096e-05,0.05766911666688072,0.0527293,0.9935085155481923,0.9781215800612578,0.0707293
3126,0.9780000000000001,0.018999999999999993,62.47223272883758,9.636749092399096e-05,0.05766911666688072,0.0527293,0.9935085155481923,0.9781215800612578,0.0717293
3127,0.9780000000000001,0.01999999999999999,62.47223272883758,9.636749092399096e-05,0.05766911666688072,0.0527293,0.9935085155481923,0.9781215800612578,0.0727293
3128,0.9780000000000001,0.02099999999999999,62.47223272883758,9.636749092399096e-05,0.05766911666688072,0.0527293,0.9935085155481923,0.9781215800612578,0.0737293
3129,0.9780000000000001,0.021999999999999992,62.47223272883758,9.636749092399096e-05,0.05766911666688072,0.0527293,0.9935085155481923,0.9781215800612578,0.0747293
3130,0.9780000000000001,0.02299999999999999,62.47223272883758,9.636749092399096e-05,0.05766911666688072,0.0527293,0.9935085155481923,0.9781215800612578,0.07572929999999999
3131,0.9780000000000001,0.023999999999999987,62.47223272883758,9.636749092399096e-05,0.05766911666688072,0.0527293,0.9935085155481923,0.9781215800612578,0.07672929999999999
3132,0.9780000000000001,0.024999999999999988,62.47223272883758,9.636749092399096e-05,0.05766911666688072,0.0527293,0.9935085155481923,0.9781215800612578,0.07772929999999999
3133,0.9780000000000001,0.02599999999999999,62.47223272883758,9.636749092399096e-05,0.05766911666688072,0.0527293,0.9935085155481923,0.9781215800612578,0.07872929999999999
3134,0.9780000000000001,0.02699999999999999,62.47223272883758,9.636749092399096e-05,0.05766911666688072,0.0527293,0.9935085155481923,0.9781215800612578,0.07972929999999999
3135,0.9780000000000001,0.027999999999999983,62.47223272883758,9.636749092399096e-05,0.05766911666688072,0.0527293,0.9935085155481923,0.9781215800612578,0.08072929999999998
3136,0.9780000000000001,0.028999999999999984,62.47223272883758,9.636749092399096e-05,0.05766911666688072,0.0527293,0.9935085155481923,0.9781215800612578,0.08172929999999998
3137,0.9780000000000001,0.029999999999999985,62.47223272883758,9.636749092399096e-05,0.05766911666688072,0.0527293,0.9935085155481923,0.9781215800612578,0.08272929999999998
3138,0.9780000000000001,0.030999999999999986,62.47223272883758,9.636749092399096e-05,0.05766911666688072,0.0527293,0.9935085155481923,0.9781215800612578,0.08372929999999998
3139,0.9780000000000001,0.03199999999999998,62.47223272883758,9.636749092399096e-05,0.05766911666688072,0.0527293,0.9935085155481923,0.9781215800612578,0.08472929999999998
3140,0.9780000000000001,0.03299999999999998,62.47223272883758,9.636749092399096e-05,0.05766911666688072,0.0527293,0.9935085155481923,0.9781215800612578,0.08572929999999998
3141,0.9780000000000001,0.03399999999999998,62.47223272883758,9.636749092399096e-05,0.05766911666688072,0.0527293,0.9935085155481923,0.9781215800612578,0.08672929999999998
3142,0.9780000000000001,0.03499999999999998,62.47223272883758,9.636749092399096e-05,0.05766911666688072,0.0527293,0.9935085155481923,0.9781215800612578,0.08772929999999998
3143,0.9780000000000001,0.035999999999999976,62.47223272883758,9.636749092399096e-05,0.05766911666688072,0.0527293,0.9935085155481923,0.9781215800612578,0.08872929999999998
3144,0.9780000000000001,0.03699999999999998,62.47223272883758,9.636749092399096e-05,0.05766911666688072,0.0527293,0.9935085155481923,0.9781215800612578,0.08972929999999998
3145,0.9780000000000001,0.03799999999999998,62.47223272883758,9.636749092399096e-05,0.05766911666688072,0.0527293,0.9935085155481923,0.9781215800612578,0.09072929999999998
3146,0.9780000000000001,0.03899999999999998,62.47223272883758,9.636749092399096e-05,0.05766911666688072,0.0527293,0.9935085155481923,0.9781215800612578,0.09172929999999999
3147,0.9780000000000001,0.03999999999999997,62.47223272883758,9.636749092399096e-05,0.05766911666688072,0.0527293,0.9935085155481923,0.9781215800612578,0.09272929999999997
3148,0.9780000000000001,0.040999999999999974,62.47223272883758,9.636749092399096e-05,0.05766911666688072,0.0527293,0.9935085155481923,0.9781215800612578,0.09372929999999997
3149,0.9780000000000001,0.041999999999999975,62.47223272883758,9.636749092399096e-05,0.05766911666688072,0.0527293,0.9935085155481923,0.9781215800612578,0.09472929999999997
3150,0.9780000000000001,0.042999999999999976,62.47223272883758,9.636749092399096e-05,0.05766911666688072,0.0527293,0.9935085155481923,0.9781215800612578,0.09572929999999998
3151,0.9780000000000001,0.04399999999999998,62.47223272883758,9.636749092399096e-05,0.05766911666688072,0.0527293,0.9935085155481923,0.9781215800612578,0.09672929999999998
3152,0.9780000000000001,0.04499999999999997,62.47223272883758,9.636749092399096e-05,0.05766911666688072,0.0527293,0.9935085155481923,0.9781215800612578,0.09772929999999996
3153,0.9780000000000001,0.04599999999999997,62.47223272883758,9.636749092399096e-05,0.05766911666688072,0.0527293,0.9935085155481923,0.9781215800612578,0.09872929999999996
3154,0.9790000000000001,0.01,63.028621026540264,9.906209250214034e-05,0.05859571632966511,0.054081,0.9936054556192052,0.9796559657437671,0.064081
3155,0.9790000000000001,0.011,63.028621026540264,9.906209250214034e-05,0.05859571632966511,0.054081,0.9936054556192052,0.9796559657437671,0.065081
3156,0.9790000000000001,0.011999999999999999,63.028621026540264,9.906209250214034e-05,0.05859571632966511,0.054081,0.9936054556192052,0.9796559657437671,0.066081
3157,0.9790000000000001,0.012999999999999998,63.028621026540264,9.906209250214034e-05,0.05859571632966511,0.054081,0.9936054556192052,0.9796559657437671,0.067081
3158,0.9790000000000001,0.013999999999999997,63.028621026540264,9.906209250214034e-05,0.05859571632966511,0.054081,0.9936054556192052,0.9796559657437671,0.06808099999999999
3159,0.9790000000000001,0.014999999999999996,63.028621026540264,9.906209250214034e-05,0.05859571632966511,0.054081,0.9936054556192052,0.9796559657437671,0.06908099999999999
3160,0.9790000000000001,0.015999999999999993,63.028621026540264,9.906209250214034e-05,0.05859571632966511,0.054081,0.9936054556192052,0.9796559657437671,0.07008099999999999
3161,0.9790000000000001,0.016999999999999994,63.028621026540264,9.906209250214034e-05,0.05859571632966511,0.054081,0.9936054556192052,0.9796559657437671,0.07108099999999999
3162,0.9790000000000001,0.017999999999999995,63.028621026540264,9.906209250214034e-05,0.05859571632966511,0.054081,0.9936054556192052,0.9796559657437671,0.07208099999999999
3163,0.9790000000000001,0.018999999999999993,63.028621026540264,9.906209250214034e-05,0.05859571632966511,0.054081,0.9936054556192052,0.9796559657437671,0.073081
3164,0.9790000000000001,0.01999999999999999,63.028621026540264,9.906209250214034e-05,0.05859571632966511,0.054081,0.9936054556192052,0.9796559657437671,0.07408099999999998
3165,0.9790000000000001,0.02099999999999999,63.028621026540264,9.906209250214034e-05,0.05859571632966511,0.054081,0.9936054556192052,0.9796559657437671,0.07508099999999998
3166,0.9790000000000001,0.021999999999999992,63.028621026540264,9.906209250214034e-05,0.05859571632966511,0.054081,0.9936054556192052,0.9796559657437671,0.07608099999999998
3167,0.9790000000000001,0.02299999999999999,63.028621026540264,9.906209250214034e-05,0.05859571632966511,0.054081,0.9936054556192052,0.9796559657437671,0.07708099999999998
3168,0.9790000000000001,0.023999999999999987,63.028621026540264,9.906209250214034e-05,0.05859571632966511,0.054081,0.9936054556192052,0.9796559657437671,0.07808099999999998
3169,0.9790000000000001,0.024999999999999988,63.028621026540264,9.906209250214034e-05,0.05859571632966511,0.054081,0.9936054556192052,0.9796559657437671,0.07908099999999998
3170,0.9790000000000001,0.02599999999999999,63.028621026540264,9.906209250214034e-05,0.05859571632966511,0.054081,0.9936054556192052,0.9796559657437671,0.08008099999999999
3171,0.9790000000000001,0.02699999999999999,63.028621026540264,9.906209250214034e-05,0.05859571632966511,0.054081,0.9936054556192052,0.9796559657437671,0.08108099999999999
3172,0.9790000000000001,0.027999999999999983,63.028621026540264,9.906209250214034e-05,0.05859571632966511,0.054081,0.9936054556192052,0.9796559657437671,0.08208099999999999
3173,0.9790000000000001,0.028999999999999984,63.028621026540264,9.906209250214034e-05,0.05859571632966511,0.054081,0.9936054556192052,0.9796559657437671,0.08308099999999999
3174,0.9790000000000001,0.029999999999999985,63.028621026540264,9.906209250214034e-05,0.05859571632966511,0.054081,0.9936054556192052,0.9796559657437671,0.08408099999999999
3175,0.9790000000000001,0.030999999999999986,63.028621026540264,9.906209250214034e-05,0.05859571632966511,0.054081,0.9936054556192052,0.9796559657437671,0.08508099999999999
3176,0.9790000000000001,0.03199999999999998,63.028621026540264,9.906209250214034e-05,0.05859571632966511,0.054081,0.9936054556192052,0.9796559657437671,0.08608099999999998
3177,0.9790000000000001,0.03299999999999998,63.028621026540264,9.906209250214034e-05,0.05859571632966511,0.054081,0.9936054556192052,0.9796559657437671,0.08708099999999998
3178,0.9790000000000001,0.03399999999999998,63.028621026540264,9.906209250214034e-05,0.05859571632966511,0.054081,0.9936054556192052,0.9796559657437671,0.08808099999999998
3179,0.9790000000000001,0.03499999999999998,63.028621026540264,9.906209250214034e-05,0.05859571632966511,0.054081,0.9936054556192052,0.9796559657437671,0.08908099999999998
3180,0.9790000000000001,0.035999999999999976,63.028621026540264,9.906209250214034e-05,0.05859571632966511,0.054081,0.9936054556192052,0.9796559657437671,0.09008099999999997
3181,0.9790000000000001,0.03699999999999998,63.028621026540264,9.906209250214034e-05,0.05859571632966511,0.054081,0.9936054556192052,0.9796559657437671,0.09108099999999997
3182,0.9790000000000001,0.03799999999999998,63.028621026540264,9.906209250214034e-05,0.05859571632966511,0.054081,0.9936054556192052,0.9796559657437671,0.09208099999999997
3183,0.9790000000000001,0.03899999999999998,63.028621026540264,9.906209250214034e-05,0.05859571632966511,0.054081,0.9936054556192052,0.9796559657437671,0.09308099999999997
3184,0.9790000000000001,0.03999999999999997,63.028621026540264,9.906209250214034e-05,0.05859571632966511,0.054081,0.9936054556192052,0.9796559657437671,0.09408099999999997
3185,0.9790000000000001,0.040999999999999974,63.028621026540264,9.906209250214034e-05,0.05859571632966511,0.054081,0.9936054556192052,0.9796559657437671,0.09508099999999997
3186,0.9790000000000001,0.041999999999999975,63.028621026540264,9.906209250214034e-05,0.05859571632966511,0.054081,0.9936054556192052,0.9796559657437671,0.09608099999999997
3187,0.9790000000000001,0.042999999999999976,63.028621026540264,9.906209250214034e-05,0.05859571632966511,0.054081,0.9936054556192052,0.9796559657437671,0.09708099999999997
3188,0.9790000000000001,0.04399999999999998,63.028621026540264,9.906209250214034e-05,0.05859571632966511,0.054081,0.9936054556192052,0.9796559657437671,0.09808099999999997
3189,0.9790000000000001,0.04499999999999997,63.028621026540264,9.906209250214034e-05,0.05859571632966511,0.054081,0.9936054556192052,0.9796559657437671,0.09908099999999997
3190,0.9800000000000001,0.01,63.22803535761059,0.00010003820082564816,0.0591139958841558,0.0546617,0.9934525182978275,0.9805970264156225,0.0646617
3191,0.9800000000000001,0.011,63.22803535761059,0.00010003820082564816,0.0591139958841558,0.0546617,0.9934525182978275,0.9805970264156225,0.0656617
3192,0.9800000000000001,0.011999999999999999,63.22803535761059,0.00010003820082564816,0.0591139958841558,0.0546617,0.9934525182978275,0.9805970264156225,0.0666617
3193,0.9800000000000001,0.012999999999999998,63.22803535761059,0.00010003820082564816,0.0591139958841558,0.0546617,0.9934525182978275,0.9805970264156225,0.06766169999999999
3194,0.9800000000000001,0.013999999999999997,63.22803535761059,0.00010003820082564816,0.0591139958841558,0.0546617,0.9934525182978275,0.9805970264156225,0.06866169999999999
3195,0.9800000000000001,0.014999999999999996,63.22803535761059,0.00010003820082564816,0.0591139958841558,0.0546617,0.9934525182978275,0.9805970264156225,0.0696617
3196,0.9800000000000001,0.015999999999999993,63.22803535761059,0.00010003820082564816,0.0591139958841558,0.0546617,0.9934525182978275,0.9805970264156225,0.0706617
3197,0.9800000000000001,0.016999999999999994,63.22803535761059,0.00010003820082564816,0.0591139958841558,0.0546617,0.9934525182978275,0.9805970264156225,0.0716617
3198,0.9800000000000001,0.017999999999999995,63.22803535761059,0.00010003820082564816,0.0591139958841558,0.0546617,0.9934525182978275,0.9805970264156225,0.0726617
3199,0.9800000000000001,0.018999999999999993,63.22803535761059,0.00010003820082564816,0.0591139958841558,0.0546617,0.9934525182978275,0.9805970264156225,0.0736617
3200,0.9800000000000001,0.01999999999999999,63.22803535761059,0.00010003820082564816,0.0591139958841558,0.0546617,0.9934525182978275,0.9805970264156225,0.0746617
3201,0.9800000000000001,0.02099999999999999,63.22803535761059,0.00010003820082564816,0.0591139958841558,0.0546617,0.9934525182978275,0.9805970264156225,0.0756617
3202,0.9800000000000001,0.021999999999999992,63.22803535761059,0.00010003820082564816,0.0591139958841558,0.0546617,0.9934525182978275,0.9805970264156225,0.0766617
3203,0.9800000000000001,0.02299999999999999,63.22803535761059,0.00010003820082564816,0.0591139958841558,0.0546617,0.9934525182978275,0.9805970264156225,0.07766169999999999
3204,0.9800000000000001,0.023999999999999987,63.22803535761059,0.00010003820082564816,0.0591139958841558,0.0546617,0.9934525182978275,0.9805970264156225,0.07866169999999999
3205,0.9800000000000001,0.024999999999999988,63.22803535761059,0.00010003820082564816,0.0591139958841558,0.0546617,0.9934525182978275,0.9805970264156225,0.07966169999999999
3206,0.9800000000000001,0.02599999999999999,63.22803535761059,0.00010003820082564816,0.0591139958841558,0.0546617,0.9934525182978275,0.9805970264156225,0.08066169999999999
3207,0.9800000000000001,0.02699999999999999,63.22803535761059,0.00010003820082564816,0.0591139958841558,0.0546617,0.9934525182978275,0.9805970264156225,0.08166169999999999
3208,0.9800000000000001,0.027999999999999983,63.22803535761059,0.00010003820082564816,0.0591139958841558,0.0546617,0.9934525182978275,0.9805970264156225,0.08266169999999998
3209,0.9800000000000001,0.028999999999999984,63.22803535761059,0.00010003820082564816,0.0591139958841558,0.0546617,0.9934525182978275,0.9805970264156225,0.08366169999999998
3210,0.9800000000000001,0.029999999999999985,63.22803535761059,0.00010003820082564816,0.0591139958841558,0.0546617,0.9934525182978275,0.9805970264156225,0.08466169999999998
3211,0.9800000000000001,0.030999999999999986,63.22803535761059,0.00010003820082564816,0.0591139958841558,0.0546617,0.9934525182978275,0.9805970264156225,0.08566169999999998
3212,0.9800000000000001,0.03199999999999998,63.22803535761059,0.00010003820082564816,0.0591139958841558,0.0546617,0.9934525182978275,0.9805970264156225,0.08666169999999998
3213,0.9800000000000001,0.03299999999999998,63.22803535761059,0.00010003820082564816,0.0591139958841558,0.0546617,0.9934525182978275,0.9805970264156225,0.08766169999999998
3214,0.9800000000000001,0.03399999999999998,63.22803535761059,0.00010003820082564816,0.0591139958841558,0.0546617,0.9934525182978275,0.9805970264156225,0.08866169999999998
3215,0.9800000000000001,0.03499999999999998,63.22803535761059,0.00010003820082564816,0.0591139958841558,0.0546617,0.9934525182978275,0.9805970264156225,0.08966169999999998
3216,0.9800000000000001,0.035999999999999976,63.22803535761059,0.00010003820082564816,0.0591139958841558,0.0546617,0.9934525182978275,0.9805970264156225,0.09066169999999998
3217,0.9800000000000001,0.03699999999999998,63.22803535761059,0.00010003820082564816,0.0591139958841558,0.0546617,0.9934525182978275,0.9805970264156225,0.09166169999999998
3218,0.9800000000000001,0.03799999999999998,63.22803535761059,0.00010003820082564816,0.0591139958841558,0.0546617,0.9934525182978275,0.9805970264156225,0.09266169999999999
3219,0.9800000000000001,0.03899999999999998,63.22803535761059,0.00010003820082564816,0.0591139958841558,0.0546617,0.9934525182978275,0.9805970264156225,0.09366169999999999
3220,0.9800000000000001,0.03999999999999997,63.22803535761059,0.00010003820082564816,0.0591139958841558,0.0546617,0.9934525182978275,0.9805970264156225,0.09466169999999997
3221,0.9800000000000001,0.040999999999999974,63.22803535761059,0.00010003820082564816,0.0591139958841558,0.0546617,0.9934525182978275,0.9805970264156225,0.09566169999999997
3222,0.9800000000000001,0.041999999999999975,63.22803535761059,0.00010003820082564816,0.0591139958841558,0.0546617,0.9934525182978275,0.9805970264156225,0.09666169999999998
3223,0.9800000000000001,0.042999999999999976,63.22803535761059,0.00010003820082564816,0.0591139958841558,0.0546617,0.9934525182978275,0.9805970264156225,0.09766169999999998
3224,0.9800000000000001,0.04399999999999998,63.22803535761059,0.00010003820082564816,0.0591139958841558,0.0546617,0.9934525182978275,0.9805970264156225,0.09866169999999998
3225,0.9810000000000001,0.01,63.53387153643565,0.0001015451148388731,0.05959148561043311,0.0552679,0.9935196298192531,0.9813452486562243,0.0652679
3226,0.9810000000000001,0.011,63.53387153643565,0.0001015451148388731,0.05959148561043311,0.0552679,0.9935196298192531,0.9813452486562243,0.0662679
3227,0.9810000000000001,0.011999999999999999,63.53387153643565,0.0001015451148388731,0.05959148561043311,0.0552679,0.9935196298192531,0.9813452486562243,0.0672679
3228,0.9810000000000001,0.012999999999999998,63.53387153643565,0.0001015451148388731,0.05959148561043311,0.0552679,0.9935196298192531,0.9813452486562243,0.06826789999999999
3229,0.9810000000000001,0.013999999999999997,63.53387153643565,0.0001015451148388731,0.05959148561043311,0.0552679,0.9935196298192531,0.9813452486562243,0.0692679
3230,0.9810000000000001,0.014999999999999996,63.53387153643565,0.0001015451148388731,0.05959148561043311,0.0552679,0.9935196298192531,0.9813452486562243,0.0702679
3231,0.9810000000000001,0.015999999999999993,63.53387153643565,0.0001015451148388731,0.05959148561043311,0.0552679,0.9935196298192531,0.9813452486562243,0.0712679
3232,0.9810000000000001,0.016999999999999994,63.53387153643565,0.0001015451148388731,0.05959148561043311,0.0552679,0.9935196298192531,0.9813452486562243,0.0722679
3233,0.9810000000000001,0.017999999999999995,63.53387153643565,0.0001015451148388731,0.05959148561043311,0.0552679,0.9935196298192531,0.9813452486562243,0.0732679
3234,0.9810000000000001,0.018999999999999993,63.53387153643565,0.0001015451148388731,0.05959148561043311,0.0552679,0.9935196298192531,0.9813452486562243,0.0742679
3235,0.9810000000000001,0.01999999999999999,63.53387153643565,0.0001015451148388731,0.05959148561043311,0.0552679,0.9935196298192531,0.9813452486562243,0.0752679
3236,0.9810000000000001,0.02099999999999999,63.53387153643565,0.0001015451148388731,0.05959148561043311,0.0552679,0.9935196298192531,0.9813452486562243,0.0762679
3237,0.9810000000000001,0.021999999999999992,63.53387153643565,0.0001015451148388731,0.05959148561043311,0.0552679,0.9935196298192531,0.9813452486562243,0.0772679
3238,0.9810000000000001,0.02299999999999999,63.53387153643565,0.0001015451148388731,0.05959148561043311,0.0552679,0.9935196298192531,0.9813452486562243,0.07826789999999999
3239,0.9810000000000001,0.023999999999999987,63.53387153643565,0.0001015451148388731,0.05959148561043311,0.0552679,0.9935196298192531,0.9813452486562243,0.07926789999999999
3240,0.9810000000000001,0.024999999999999988,63.53387153643565,0.0001015451148388731,0.05959148561043311,0.0552679,0.9935196298192531,0.9813452486562243,0.08026789999999999
3241,0.9810000000000001,0.02599999999999999,63.53387153643565,0.0001015451148388731,0.05959148561043311,0.0552679,0.9935196298192531,0.9813452486562243,0.08126789999999999
3242,0.9810000000000001,0.02699999999999999,63.53387153643565,0.0001015451148388731,0.05959148561043311,0.0552679,0.9935196298192531,0.9813452486562243,0.08226789999999999
3243,0.9810000000000001,0.027999999999999983,63.53387153643565,0.0001015451148388731,0.05959148561043311,0.0552679,0.9935196298192531,0.9813452486562243,0.08326789999999998
3244,0.9810000000000001,0.028999999999999984,63.53387153643565,0.0001015451148388731,0.05959148561043311,0.0552679,0.9935196298192531,0.9813452486562243,0.08426789999999998
3245,0.9810000000000001,0.029999999999999985,63.53387153643565,0.0001015451148388731,0.05959148561043311,0.0552679,0.9935196298192531,0.9813452486562243,0.08526789999999998
3246,0.9810000000000001,0.030999999999999986,63.53387153643565,0.0001015451148388731,0.05959148561043311,0.0552679,0.9935196298192531,0.9813452486562243,0.08626789999999998
3247,0.9810000000000001,0.03199999999999998,63.53387153643565,0.0001015451148388731,0.05959148561043311,0.0552679,0.9935196298192531,0.9813452486562243,0.08726789999999998
3248,0.9810000000000001,0.03299999999999998,63.53387153643565,0.0001015451148388731,0.05959148561043311,0.0552679,0.9935196298192531,0.9813452486562243,0.08826789999999998
3249,0.9810000000000001,0.03399999999999998,63.53387153643565,0.0001015451148388731,0.05959148561043311,0.0552679,0.9935196298192531,0.9813452486562243,0.08926789999999998
3250,0.9810000000000001,0.03499999999999998,63.53387153643565,0.0001015451148388731,0.05959148561043311,0.0552679,0.9935196298192531,0.9813452486562243,0.09026789999999998
3251,0.9810000000000001,0.035999999999999976,63.53387153643565,0.0001015451148388731,0.05959148561043311,0.0552679,0.9935196298192531,0.9813452486562243,0.09126789999999999
3252,0.9810000000000001,0.03699999999999998,63.53387153643565,0.0001015451148388731,0.05959148561043311,0.0552679,0.9935196298192531,0.9813452486562243,0.09226789999999999
3253,0.9810000000000001,0.03799999999999998,63.53387153643565,0.0001015451148388731,0.05959148561043311,0.0552679,0.9935196298192531,0.9813452486562243,0.09326789999999999
3254,0.9810000000000001,0.03899999999999998,63.53387153643565,0.0001015451148388731,0.05959148561043311,0.0552679,0.9935196298192531,0.9813452486562243,0.09426789999999999
3255,0.9810000000000001,0.03999999999999997,63.53387153643565,0.0001015451148388731,0.05959148561043311,0.0552679,0.9935196298192531,0.9813452486562243,0.09526789999999997
3256,0.9810000000000001,0.040999999999999974,63.53387153643565,0.0001015451148388731,0.05959148561043311,0.0552679,0.9935196298192531,0.9813452486562243,0.09626789999999998
3257,0.9810000000000001,0.041999999999999975,63.53387153643565,0.0001015451148388731,0.05959148561043311,0.0552679,0.9935196298192531,0.9813452486562243,0.09726789999999998
3258,0.9810000000000001,0.042999999999999976,63.53387153643565,0.0001015451148388731,0.05959148561043311,0.0552679,0.9935196298192531,0.9813452486562243,0.09826789999999998
3259,0.9810000000000001,0.04399999999999998,63.53387153643565,0.0001015451148388731,0.05959148561043311,0.0552679,0.9935196298192531,0.9813452486562243,0.09926789999999998
3260,0.9820000000000001,0.01,63.73899468353336,0.00010256253365440736,0.06015092027223233,0.0558804,0.9933352356760337,0.9823857692225536,0.06588039999999999
3261,0.9820000000000001,0.011,63.73899468353336,0.00010256253365440736,0.06015092027223233,0.0558804,0.9933352356760337,0.9823857692225536,0.06688039999999999
3262,0.9820000000000001,0.011999999999999999,63.73899468353336,0.00010256253365440736,0.06015092027223233,0.0558804,0.9933352356760337,0.9823857692225536,0.0678804
3263,0.9820000000000001,0.012999999999999998,63.73899468353336,0.00010256253365440736,0.06015092027223233,0.0558804,0.9933352356760337,0.9823857692225536,0.0688804
3264,0.9820000000000001,0.013999999999999997,63.73899468353336,0.00010256253365440736,0.06015092027223233,0.0558804,0.9933352356760337,0.9823857692225536,0.0698804
3265,0.9820000000000001,0.014999999999999996,63.73899468353336,0.00010256253365440736,0.06015092027223233,0.0558804,0.9933352356760337,0.9823857692225536,0.0708804
3266,0.9820000000000001,0.015999999999999993,63.73899468353336,0.00010256253365440736,0.06015092027223233,0.0558804,0.9933352356760337,0.9823857692225536,0.07188039999999998
3267,0.9820000000000001,0.016999999999999994,63.73899468353336,0.00010256253365440736,0.06015092027223233,0.0558804,0.9933352356760337,0.9823857692225536,0.07288039999999998
3268,0.9820000000000001,0.017999999999999995,63.73899468353336,0.00010256253365440736,0.06015092027223233,0.0558804,0.9933352356760337,0.9823857692225536,0.07388039999999998
3269,0.9820000000000001,0.018999999999999993,63.73899468353336,0.00010256253365440736,0.06015092027223233,0.0558804,0.9933352356760337,0.9823857692225536,0.07488039999999999
3270,0.9820000000000001,0.01999999999999999,63.73899468353336,0.00010256253365440736,0.06015092027223233,0.0558804,0.9933352356760337,0.9823857692225536,0.07588039999999999
3271,0.9820000000000001,0.02099999999999999,63.73899468353336,0.00010256253365440736,0.06015092027223233,0.0558804,0.9933352356760337,0.9823857692225536,0.07688039999999999
3272,0.9820000000000001,0.021999999999999992,63.73899468353336,0.00010256253365440736,0.06015092027223233,0.0558804,0.9933352356760337,0.9823857692225536,0.07788039999999999
3273,0.9820000000000001,0.02299999999999999,63.73899468353336,0.00010256253365440736,0.06015092027223233,0.0558804,0.9933352356760337,0.9823857692225536,0.07888039999999999
3274,0.9820000000000001,0.023999999999999987,63.73899468353336,0.00010256253365440736,0.06015092027223233,0.0558804,0.9933352356760337,0.9823857692225536,0.07988039999999999
3275,0.9820000000000001,0.024999999999999988,63.73899468353336,0.00010256253365440736,0.06015092027223233,0.0558804,0.9933352356760337,0.9823857692225536,0.08088039999999999
3276,0.9820000000000001,0.02599999999999999,63.73899468353336,0.00010256253365440736,0.06015092027223233,0.0558804,0.9933352356760337,0.9823857692225536,0.08188039999999999
3277,0.9820000000000001,0.02699999999999999,63.73899468353336,0.00010256253365440736,0.06015092027223233,0.0558804,0.9933352356760337,0.9823857692225536,0.08288039999999999
3278,0.9820000000000001,0.027999999999999983,63.73899468353336,0.00010256253365440736,0.06015092027223233,0.0558804,0.9933352356760337,0.9823857692225536,0.08388039999999998
3279,0.9820000000000001,0.028999999999999984,63.73899468353336,0.00010256253365440736,0.06015092027223233,0.0558804,0.9933352356760337,0.9823857692225536,0.08488039999999998
3280,0.9820000000000001,0.029999999999999985,63.73899468353336,0.00010256253365440736,0.06015092027223233,0.0558804,0.9933352356760337,0.9823857692225536,0.08588039999999998
3281,0.9820000000000001,0.030999999999999986,63.73899468353336,0.00010256253365440736,0.06015092027223233,0.0558804,0.9933352356760337,0.9823857692225536,0.08688039999999998
3282,0.9820000000000001,0.03199999999999998,63.73899468353336,0.00010256253365440736,0.06015092027223233,0.0558804,0.9933352356760337,0.9823857692225536,0.08788039999999997
3283,0.9820000000000001,0.03299999999999998,63.73899468353336,0.00010256253365440736,0.06015092027223233,0.0558804,0.9933352356760337,0.9823857692225536,0.08888039999999997
3284,0.9820000000000001,0.03399999999999998,63.73899468353336,0.00010256253365440736,0.06015092027223233,0.0558804,0.9933352356760337,0.9823857692225536,0.08988039999999997
3285,0.9820000000000001,0.03499999999999998,63.73899468353336,0.00010256253365440736,0.06015092027223233,0.0558804,0.9933352356760337,0.9823857692225536,0.09088039999999997
3286,0.9820000000000001,0.035999999999999976,63.73899468353336,0.00010256253365440736,0.06015092027223233,0.0558804,0.9933352356760337,0.9823857692225536,0.09188039999999997
3287,0.9820000000000001,0.03699999999999998,63.73899468353336,0.00010256253365440736,0.06015092027223233,0.0558804,0.9933352356760337,0.9823857692225536,0.09288039999999997
3288,0.9820000000000001,0.03799999999999998,63.73899468353336,0.00010256253365440736,0.06015092027223233,0.0558804,0.9933352356760337,0.9823857692225536,0.09388039999999997
3289,0.9820000000000001,0.03899999999999998,63.73899468353336,0.00010256253365440736,0.06015092027223233,0.0558804,0.9933352356760337,0.9823857692225536,0.09488039999999998
3290,0.9820000000000001,0.03999999999999997,63.73899468353336,0.00010256253365440736,0.06015092027223233,0.0558804,0.9933352356760337,0.9823857692225536,0.09588039999999998
3291,0.9820000000000001,0.040999999999999974,63.73899468353336,0.00010256253365440736,0.06015092027223233,0.0558804,0.9933352356760337,0.9823857692225536,0.09688039999999998
3292,0.9820000000000001,0.041999999999999975,63.73899468353336,0.00010256253365440736,0.06015092027223233,0.0558804,0.9933352356760337,0.9823857692225536,0.09788039999999998
3293,0.9820000000000001,0.042999999999999976,63.73899468353336,0.00010256253365440736,0.06015092027223233,0.0558804,0.9933352356760337,0.9823857692225536,0.09888039999999998
3294,0.9830000000000001,0.01,64.02128425873774,0.00010397167745630012,0.06068677368353139,0.0567935,0.9932782540068603,0.983302798401874,0.06679349999999999
3295,0.9830000000000001,0.011,64.02128425873774,0.00010397167745630012,0.06068677368353139,0.0567935,0.9932782540068603,0.983302798401874,0.06779349999999999
3296,0.9830000000000001,0.011999999999999999,64.02128425873774,0.00010397167745630012,0.06068677368353139,0.0567935,0.9932782540068603,0.983302798401874,0.0687935
3297,0.9830000000000001,0.012999999999999998,64.02128425873774,0.00010397167745630012,0.06068677368353139,0.0567935,0.9932782540068603,0.983302798401874,0.0697935
3298,0.9830000000000001,0.013999999999999997,64.02128425873774,0.00010397167745630012,0.06068677368353139,0.0567935,0.9932782540068603,0.983302798401874,0.0707935
3299,0.9830000000000001,0.014999999999999996,64.02128425873774,0.00010397167745630012,0.06068677368353139,0.0567935,0.9932782540068603,0.983302798401874,0.0717935
3300,0.9830000000000001,0.015999999999999993,64.02128425873774,0.00010397167745630012,0.06068677368353139,0.0567935,0.9932782540068603,0.983302798401874,0.07279349999999998
3301,0.9830000000000001,0.016999999999999994,64.02128425873774,0.00010397167745630012,0.06068677368353139,0.0567935,0.9932782540068603,0.983302798401874,0.07379349999999998
3302,0.9830000000000001,0.017999999999999995,64.02128425873774,0.00010397167745630012,0.06068677368353139,0.0567935,0.9932782540068603,0.983302798401874,0.07479349999999998
3303,0.9830000000000001,0.018999999999999993,64.02128425873774,0.00010397167745630012,0.06068677368353139,0.0567935,0.9932782540068603,0.983302798401874,0.07579349999999999
3304,0.9830000000000001,0.01999999999999999,64.02128425873774,0.00010397167745630012,0.06068677368353139,0.0567935,0.9932782540068603,0.983302798401874,0.07679349999999999
3305,0.9830000000000001,0.02099999999999999,64.02128425873774,0.00010397167745630012,0.06068677368353139,0.0567935,0.9932782540068603,0.983302798401874,0.07779349999999999
3306,0.9830000000000001,0.021999999999999992,64.02128425873774,0.00010397167745630012,0.06068677368353139,0.0567935,0.9932782540068603,0.983302798401874,0.07879349999999999
3307,0.9830000000000001,0.02299999999999999,64.02128425873774,0.00010397167745630012,0.06068677368353139,0.0567935,0.9932782540068603,0.983302798401874,0.07979349999999999
3308,0.9830000000000001,0.023999999999999987,64.02128425873774,0.00010397167745630012,0.06068677368353139,0.0567935,0.9932782540068603,0.983302798401874,0.08079349999999999
3309,0.9830000000000001,0.024999999999999988,64.02128425873774,0.00010397167745630012,0.06068677368353139,0.0567935,0.9932782540068603,0.983302798401874,0.08179349999999999
3310,0.9830000000000001,0.02599999999999999,64.02128425873774,0.00010397167745630012,0.06068677368353139,0.0567935,0.9932782540068603,0.983302798401874,0.08279349999999999
3311,0.9830000000000001,0.02699999999999999,64.02128425873774,0.00010397167745630012,0.06068677368353139,0.0567935,0.9932782540068603,0.983302798401874,0.08379349999999999
3312,0.9830000000000001,0.027999999999999983,64.02128425873774,0.00010397167745630012,0.06068677368353139,0.0567935,0.9932782540068603,0.983302798401874,0.08479349999999998
3313,0.9830000000000001,0.028999999999999984,64.02128425873774,0.00010397167745630012,0.06068677368353139,0.0567935,0.9932782540068603,0.983302798401874,0.08579349999999998
3314,0.9830000000000001,0.029999999999999985,64.02128425873774,0.00010397167745630012,0.06068677368353139,0.0567935,0.9932782540068603,0.983302798401874,0.08679349999999998
3315,0.9830000000000001,0.030999999999999986,64.02128425873774,0.00010397167745630012,0.06068677368353139,0.0567935,0.9932782540068603,0.983302798401874,0.08779349999999998
3316,0.9830000000000001,0.03199999999999998,64.02128425873774,0.00010397167745630012,0.06068677368353139,0.0567935,0.9932782540068603,0.983302798401874,0.08879349999999997
3317,0.9830000000000001,0.03299999999999998,64.02128425873774,0.00010397167745630012,0.06068677368353139,0.0567935,0.9932782540068603,0.983302798401874,0.08979349999999997
3318,0.9830000000000001,0.03399999999999998,64.02128425873774,0.00010397167745630012,0.06068677368353139,0.0567935,0.9932782540068603,0.983302798401874,0.09079349999999997
3319,0.9830000000000001,0.03499999999999998,64.02128425873774,0.00010397167745630012,0.06068677368353139,0.0567935,0.9932782540068603,0.983302798401874,0.09179349999999997
3320,0.9830000000000001,0.035999999999999976,64.02128425873774,0.00010397167745630012,0.06068677368353139,0.0567935,0.9932782540068603,0.983302798401874,0.09279349999999997
3321,0.9830000000000001,0.03699999999999998,64.02128425873774,0.00010397167745630012,0.06068677368353139,0.0567935,0.9932782540068603,0.983302798401874,0.09379349999999997
3322,0.9830000000000001,0.03799999999999998,64.02128425873774,0.00010397167745630012,0.06068677368353139,0.0567935,0.9932782540068603,0.983302798401874,0.09479349999999998
3323,0.9830000000000001,0.03899999999999998,64.02128425873774,0.00010397167745630012,0.06068677368353139,0.0567935,0.9932782540068603,0.983302798401874,0.09579349999999998
3324,0.9830000000000001,0.03999999999999997,64.02128425873774,0.00010397167745630012,0.06068677368353139,0.0567935,0.9932782540068603,0.983302798401874,0.09679349999999998
3325,0.9830000000000001,0.040999999999999974,64.02128425873774,0.00010397167745630012,0.06068677368353139,0.0567935,0.9932782540068603,0.983302798401874,0.09779349999999998
3326,0.9830000000000001,0.041999999999999975,64.02128425873774,0.00010397167745630012,0.06068677368353139,0.0567935,0.9932782540068603,0.983302798401874,0.09879349999999998
3327,0.9840000000000001,0.01,64.32142122669285,0.00010548229892746907,0.06120015720757984,0.0576294,0.9932537903823091,0.9841081417758166,0.06762939999999999
3328,0.9840000000000001,0.011,64.32142122669285,0.00010548229892746907,0.06120015720757984,0.0576294,0.9932537903823091,0.9841081417758166,0.0686294
3329,0.9840000000000001,0.011999999999999999,64.32142122669285,0.00010548229892746907,0.06120015720757984,0.0576294,0.9932537903823091,0.9841081417758166,0.0696294
3330,0.9840000000000001,0.012999999999999998,64.32142122669285,0.00010548229892746907,0.06120015720757984,0.0576294,0.9932537903823091,0.9841081417758166,0.0706294
3331,0.9840000000000001,0.013999999999999997,64.32142122669285,0.00010548229892746907,0.06120015720757984,0.0576294,0.9932537903823091,0.9841081417758166,0.0716294
3332,0.9840000000000001,0.014999999999999996,64.32142122669285,0.00010548229892746907,0.06120015720757984,0.0576294,0.9932537903823091,0.9841081417758166,0.0726294
3333,0.9840000000000001,0.015999999999999993,64.32142122669285,0.00010548229892746907,0.06120015720757984,0.0576294,0.9932537903823091,0.9841081417758166,0.07362939999999998
3334,0.9840000000000001,0.016999999999999994,64.32142122669285,0.00010548229892746907,0.06120015720757984,0.0576294,0.9932537903823091,0.9841081417758166,0.07462939999999998
3335,0.9840000000000001,0.017999999999999995,64.32142122669285,0.00010548229892746907,0.06120015720757984,0.0576294,0.9932537903823091,0.9841081417758166,0.07562939999999999
3336,0.9840000000000001,0.018999999999999993,64.32142122669285,0.00010548229892746907,0.06120015720757984,0.0576294,0.9932537903823091,0.9841081417758166,0.07662939999999999
3337,0.9840000000000001,0.01999999999999999,64.32142122669285,0.00010548229892746907,0.06120015720757984,0.0576294,0.9932537903823091,0.9841081417758166,0.07762939999999999
3338,0.9840000000000001,0.02099999999999999,64.32142122669285,0.00010548229892746907,0.06120015720757984,0.0576294,0.9932537903823091,0.9841081417758166,0.07862939999999999
3339,0.9840000000000001,0.021999999999999992,64.32142122669285,0.00010548229892746907,0.06120015720757984,0.0576294,0.9932537903823091,0.9841081417758166,0.07962939999999999
3340,0.9840000000000001,0.02299999999999999,64.32142122669285,0.00010548229892746907,0.06120015720757984,0.0576294,0.9932537903823091,0.9841081417758166,0.08062939999999999
3341,0.9840000000000001,0.023999999999999987,64.32142122669285,0.00010548229892746907,0.06120015720757984,0.0576294,0.9932537903823091,0.9841081417758166,0.08162939999999999
3342,0.9840000000000001,0.024999999999999988,64.32142122669285,0.00010548229892746907,0.06120015720757984,0.0576294,0.9932537903823091,0.9841081417758166,0.08262939999999999
3343,0.9840000000000001,0.02599999999999999,64.32142122669285,0.00010548229892746907,0.06120015720757984,0.0576294,0.9932537903823091,0.9841081417758166,0.08362939999999999
3344,0.9840000000000001,0.02699999999999999,64.32142122669285,0.00010548229892746907,0.06120015720757984,0.0576294,0.9932537903823091,0.9841081417758166,0.0846294
3345,0.9840000000000001,0.027999999999999983,64.32142122669285,0.00010548229892746907,0.06120015720757984,0.0576294,0.9932537903823091,0.9841081417758166,0.08562939999999998
3346,0.9840000000000001,0.028999999999999984,64.32142122669285,0.00010548229892746907,0.06120015720757984,0.0576294,0.9932537903823091,0.9841081417758166,0.08662939999999998
3347,0.9840000000000001,0.029999999999999985,64.32142122669285,0.00010548229892746907,0.06120015720757984,0.0576294,0.9932537903823091,0.9841081417758166,0.08762939999999998
3348,0.9840000000000001,0.030999999999999986,64.32142122669285,0.00010548229892746907,0.06120015720757984,0.0576294,0.9932537903823091,0.9841081417758166,0.08862939999999998
3349,0.9840000000000001,0.03199999999999998,64.32142122669285,0.00010548229892746907,0.06120015720757984,0.0576294,0.9932537903823091,0.9841081417758166,0.08962939999999997
3350,0.9840000000000001,0.03299999999999998,64.32142122669285,0.00010548229892746907,0.06120015720757984,0.0576294,0.9932537903823091,0.9841081417758166,0.09062939999999997
3351,0.9840000000000001,0.03399999999999998,64.32142122669285,0.00010548229892746907,0.06120015720757984,0.0576294,0.9932537903823091,0.9841081417758166,0.09162939999999997
3352,0.9840000000000001,0.03499999999999998,64.32142122669285,0.00010548229892746907,0.06120015720757984,0.0576294,0.9932537903823091,0.9841081417758166,0.09262939999999997
3353,0.9840000000000001,0.035999999999999976,64.32142122669285,0.00010548229892746907,0.06120015720757984,0.0576294,0.9932537903823091,0.9841081417758166,0.09362939999999997
3354,0.9840000000000001,0.03699999999999998,64.32142122669285,0.00010548229892746907,0.06120015720757984,0.0576294,0.9932537903823091,0.9841081417758166,0.09462939999999997
3355,0.9840000000000001,0.03799999999999998,64.32142122669285,0.00010548229892746907,0.06120015720757984,0.0576294,0.9932537903823091,0.9841081417758166,0.09562939999999998
3356,0.9840000000000001,0.03899999999999998,64.32142122669285,0.00010548229892746907,0.06120015720757984,0.0576294,0.9932537903823091,0.9841081417758166,0.09662939999999998
3357,0.9840000000000001,0.03999999999999997,64.32142122669285,0.00010548229892746907,0.06120015720757984,0.0576294,0.9932537903823091,0.9841081417758166,0.09762939999999998
3358,0.9840000000000001,0.040999999999999974,64.32142122669285,0.00010548229892746907,0.06120015720757984,0.0576294,0.9932537903823091,0.9841081417758166,0.09862939999999998
3359,0.9850000000000001,0.01,65.06934410451605,0.00010929650266391964,0.062130553602763566,0.059182,0.9935712309373937,0.9852981615620151,0.069182
3360,0.9850000000000001,0.011,65.06934410451605,0.00010929650266391964,0.062130553602763566,0.059182,0.9935712309373937,0.9852981615620151,0.070182
3361,0.9850000000000001,0.011999999999999999,65.06934410451605,0.00010929650266391964,0.062130553602763566,0.059182,0.9935712309373937,0.9852981615620151,0.071182
3362,0.9850000000000001,0.012999999999999998,65.06934410451605,0.00010929650266391964,0.062130553602763566,0.059182,0.9935712309373937,0.9852981615620151,0.072182
3363,0.9850000000000001,0.013999999999999997,65.06934410451605,0.00010929650266391964,0.062130553602763566,0.059182,0.9935712309373937,0.9852981615620151,0.073182
3364,0.9850000000000001,0.014999999999999996,65.06934410451605,0.00010929650266391964,0.062130553602763566,0.059182,0.9935712309373937,0.9852981615620151,0.074182
3365,0.9850000000000001,0.015999999999999993,65.06934410451605,0.00010929650266391964,0.062130553602763566,0.059182,0.9935712309373937,0.9852981615620151,0.075182
3366,0.9850000000000001,0.016999999999999994,65.06934410451605,0.00010929650266391964,0.062130553602763566,0.059182,0.9935712309373937,0.9852981615620151,0.076182
3367,0.9850000000000001,0.017999999999999995,65.06934410451605,0.00010929650266391964,0.062130553602763566,0.059182,0.9935712309373937,0.9852981615620151,0.077182
3368,0.9850000000000001,0.018999999999999993,65.06934410451605,0.00010929650266391964,0.062130553602763566,0.059182,0.9935712309373937,0.9852981615620151,0.07818199999999999
3369,0.9850000000000001,0.01999999999999999,65.06934410451605,0.00010929650266391964,0.062130553602763566,0.059182,0.9935712309373937,0.9852981615620151,0.07918199999999999
3370,0.9850000000000001,0.02099999999999999,65.06934410451605,0.00010929650266391964,0.062130553602763566,0.059182,0.9935712309373937,0.9852981615620151,0.08018199999999999
3371,0.9850000000000001,0.021999999999999992,65.06934410451605,0.00010929650266391964,0.062130553602763566,0.059182,0.9935712309373937,0.9852981615620151,0.08118199999999999
3372,0.9850000000000001,0.02299999999999999,65.06934410451605,0.00010929650266391964,0.062130553602763566,0.059182,0.9935712309373937,0.9852981615620151,0.08218199999999999
3373,0.9850000000000001,0.023999999999999987,65.06934410451605,0.00010929650266391964,0.062130553602763566,0.059182,0.9935712309373937,0.9852981615620151,0.08318199999999998
3374,0.9850000000000001,0.024999999999999988,65.06934410451605,0.00010929650266391964,0.062130553602763566,0.059182,0.9935712309373937,0.9852981615620151,0.08418199999999998
3375,0.9850000000000001,0.02599999999999999,65.06934410451605,0.00010929650266391964,0.062130553602763566,0.059182,0.9935712309373937,0.9852981615620151,0.08518199999999998
3376,0.9850000000000001,0.02699999999999999,65.06934410451605,0.00010929650266391964,0.062130553602763566,0.059182,0.9935712309373937,0.9852981615620151,0.08618199999999998
3377,0.9850000000000001,0.027999999999999983,65.06934410451605,0.00010929650266391964,0.062130553602763566,0.059182,0.9935712309373937,0.9852981615620151,0.08718199999999998
3378,0.9850000000000001,0.028999999999999984,65.06934410451605,0.00010929650266391964,0.062130553602763566,0.059182,0.9935712309373937,0.9852981615620151,0.08818199999999998
3379,0.9850000000000001,0.029999999999999985,65.06934410451605,0.00010929650266391964,0.062130553602763566,0.059182,0.9935712309373937,0.9852981615620151,0.08918199999999998
3380,0.9850000000000001,0.030999999999999986,65.06934410451605,0.00010929650266391964,0.062130553602763566,0.059182,0.9935712309373937,0.9852981615620151,0.09018199999999998
3381,0.9850000000000001,0.03199999999999998,65.06934410451605,0.00010929650266391964,0.062130553602763566,0.059182,0.9935712309373937,0.9852981615620151,0.09118199999999999
3382,0.9850000000000001,0.03299999999999998,65.06934410451605,0.00010929650266391964,0.062130553602763566,0.059182,0.9935712309373937,0.9852981615620151,0.09218199999999999
3383,0.9850000000000001,0.03399999999999998,65.06934410451605,0.00010929650266391964,0.062130553602763566,0.059182,0.9935712309373937,0.9852981615620151,0.09318199999999999
3384,0.9850000000000001,0.03499999999999998,65.06934410451605,0.00010929650266391964,0.062130553602763566,0.059182,0.9935712309373937,0.9852981615620151,0.09418199999999999
3385,0.9850000000000001,0.035999999999999976,65.06934410451605,0.00010929650266391964,0.062130553602763566,0.059182,0.9935712309373937,0.9852981615620151,0.09518199999999997
3386,0.9850000000000001,0.03699999999999998,65.06934410451605,0.00010929650266391964,0.062130553602763566,0.059182,0.9935712309373937,0.9852981615620151,0.09618199999999998
3387,0.9850000000000001,0.03799999999999998,65.06934410451605,0.00010929650266391964,0.062130553602763566,0.059182,0.9935712309373937,0.9852981615620151,0.09718199999999998
3388,0.9850000000000001,0.03899999999999998,65.06934410451605,0.00010929650266391964,0.062130553602763566,0.059182,0.9935712309373937,0.9852981615620151,0.09818199999999998
3389,0.9850000000000001,0.03999999999999997,65.06934410451605,0.00010929650266391964,0.062130553602763566,0.059182,0.9935712309373937,0.9852981615620151,0.09918199999999996
3390,0.9860000000000001,0.01,65.81101090588561,0.00011314751100482871,0.0630712801905711,0.0606707,0.9938327312032978,0.9864297965356384,0.0706707
3391,0.9860000000000001,0.011,65.81101090588561,0.00011314751100482871,0.0630712801905711,0.0606707,0.9938327312032978,0.9864297965356384,0.0716707
3392,0.9860000000000001,0.011999999999999999,65.81101090588561,0.00011314751100482871,0.0630712801905711,0.0606707,0.9938327312032978,0.9864297965356384,0.0726707
3393,0.9860000000000001,0.012999999999999998,65.81101090588561,0.00011314751100482871,0.0630712801905711,0.0606707,0.9938327312032978,0.9864297965356384,0.0736707
3394,0.9860000000000001,0.013999999999999997,65.81101090588561,0.00011314751100482871,0.0630712801905711,0.0606707,0.9938327312032978,0.9864297965356384,0.07467069999999999
3395,0.9860000000000001,0.014999999999999996,65.81101090588561,0.00011314751100482871,0.0630712801905711,0.0606707,0.9938327312032978,0.9864297965356384,0.0756707
3396,0.9860000000000001,0.015999999999999993,65.81101090588561,0.00011314751100482871,0.0630712801905711,0.0606707,0.9938327312032978,0.9864297965356384,0.0766707
3397,0.9860000000000001,0.016999999999999994,65.81101090588561,0.00011314751100482871,0.0630712801905711,0.0606707,0.9938327312032978,0.9864297965356384,0.0776707
3398,0.9860000000000001,0.017999999999999995,65.81101090588561,0.00011314751100482871,0.0630712801905711,0.0606707,0.9938327312032978,0.9864297965356384,0.0786707
3399,0.9860000000000001,0.018999999999999993,65.81101090588561,0.00011314751100482871,0.0630712801905711,0.0606707,0.9938327312032978,0.9864297965356384,0.0796707
3400,0.9860000000000001,0.01999999999999999,65.81101090588561,0.00011314751100482871,0.0630712801905711,0.0606707,0.9938327312032978,0.9864297965356384,0.08067069999999998
3401,0.9860000000000001,0.02099999999999999,65.81101090588561,0.00011314751100482871,0.0630712801905711,0.0606707,0.9938327312032978,0.9864297965356384,0.08167069999999998
3402,0.9860000000000001,0.021999999999999992,65.81101090588561,0.00011314751100482871,0.0630712801905711,0.0606707,0.9938327312032978,0.9864297965356384,0.08267069999999999
3403,0.9860000000000001,0.02299999999999999,65.81101090588561,0.00011314751100482871,0.0630712801905711,0.0606707,0.9938327312032978,0.9864297965356384,0.08367069999999999
3404,0.9860000000000001,0.023999999999999987,65.81101090588561,0.00011314751100482871,0.0630712801905711,0.0606707,0.9938327312032978,0.9864297965356384,0.08467069999999999
3405,0.9860000000000001,0.024999999999999988,65.81101090588561,0.00011314751100482871,0.0630712801905711,0.0606707,0.9938327312032978,0.9864297965356384,0.08567069999999999
3406,0.9860000000000001,0.02599999999999999,65.81101090588561,0.00011314751100482871,0.0630712801905711,0.0606707,0.9938327312032978,0.9864297965356384,0.08667069999999999
3407,0.9860000000000001,0.02699999999999999,65.81101090588561,0.00011314751100482871,0.0630712801905711,0.0606707,0.9938327312032978,0.9864297965356384,0.08767069999999999
3408,0.9860000000000001,0.027999999999999983,65.81101090588561,0.00011314751100482871,0.0630712801905711,0.0606707,0.9938327312032978,0.9864297965356384,0.08867069999999999
3409,0.9860000000000001,0.028999999999999984,65.81101090588561,0.00011314751100482871,0.0630712801905711,0.0606707,0.9938327312032978,0.9864297965356384,0.08967069999999999
3410,0.9860000000000001,0.029999999999999985,65.81101090588561,0.00011314751100482871,0.0630712801905711,0.0606707,0.9938327312032978,0.9864297965356384,0.09067069999999999
3411,0.9860000000000001,0.030999999999999986,65.81101090588561,0.00011314751100482871,0.0630712801905711,0.0606707,0.9938327312032978,0.9864297965356384,0.0916707
3412,0.9860000000000001,0.03199999999999998,65.81101090588561,0.00011314751100482871,0.0630712801905711,0.0606707,0.9938327312032978,0.9864297965356384,0.09267069999999998
3413,0.9860000000000001,0.03299999999999998,65.81101090588561,0.00011314751100482871,0.0630712801905711,0.0606707,0.9938327312032978,0.9864297965356384,0.09367069999999998
3414,0.9860000000000001,0.03399999999999998,65.81101090588561,0.00011314751100482871,0.0630712801905711,0.0606707,0.9938327312032978,0.9864297965356384,0.09467069999999998
3415,0.9860000000000001,0.03499999999999998,65.81101090588561,0.00011314751100482871,0.0630712801905711,0.0606707,0.9938327312032978,0.9864297965356384,0.09567069999999998
3416,0.9860000000000001,0.035999999999999976,65.81101090588561,0.00011314751100482871,0.0630712801905711,0.0606707,0.9938327312032978,0.9864297965356384,0.09667069999999997
3417,0.9860000000000001,0.03699999999999998,65.81101090588561,0.00011314751100482871,0.0630712801905711,0.0606707,0.9938327312032978,0.9864297965356384,0.09767069999999997
3418,0.9860000000000001,0.03799999999999998,65.81101090588561,0.00011314751100482871,0.0630712801905711,0.0606707,0.9938327312032978,0.9864297965356384,0.09867069999999997
3419,0.9870000000000001,0.01,66.47261169854588,0.00011663759370143628,0.06408989566870107,0.0624229,0.9939451489598233,0.9876976425601339,0.0724229
3420,0.9870000000000001,0.011,66.47261169854588,0.00011663759370143628,0.06408989566870107,0.0624229,0.9939451489598233,0.9876976425601339,0.0734229
3421,0.9870000000000001,0.011999999999999999,66.47261169854588,0.00011663759370143628,0.06408989566870107,0.0624229,0.9939451489598233,0.9876976425601339,0.0744229
3422,0.9870000000000001,0.012999999999999998,66.47261169854588,0.00011663759370143628,0.06408989566870107,0.0624229,0.9939451489598233,0.9876976425601339,0.0754229
3423,0.9870000000000001,0.013999999999999997,66.47261169854588,0.00011663759370143628,0.06408989566870107,0.0624229,0.9939451489598233,0.9876976425601339,0.0764229
3424,0.9870000000000001,0.014999999999999996,66.47261169854588,0.00011663759370143628,0.06408989566870107,0.0624229,0.9939451489598233,0.9876976425601339,0.0774229
3425,0.9870000000000001,0.015999999999999993,66.47261169854588,0.00011663759370143628,0.06408989566870107,0.0624229,0.9939451489598233,0.9876976425601339,0.07842289999999999
3426,0.9870000000000001,0.016999999999999994,66.47261169854588,0.00011663759370143628,0.06408989566870107,0.0624229,0.9939451489598233,0.9876976425601339,0.07942289999999999
3427,0.9870000000000001,0.017999999999999995,66.47261169854588,0.00011663759370143628,0.06408989566870107,0.0624229,0.9939451489598233,0.9876976425601339,0.08042289999999999
3428,0.9870000000000001,0.018999999999999993,66.47261169854588,0.00011663759370143628,0.06408989566870107,0.0624229,0.9939451489598233,0.9876976425601339,0.08142289999999999
3429,0.9870000000000001,0.01999999999999999,66.47261169854588,0.00011663759370143628,0.06408989566870107,0.0624229,0.9939451489598233,0.9876976425601339,0.0824229
3430,0.9870000000000001,0.02099999999999999,66.47261169854588,0.00011663759370143628,0.06408989566870107,0.0624229,0.9939451489598233,0.9876976425601339,0.0834229
3431,0.9870000000000001,0.021999999999999992,66.47261169854588,0.00011663759370143628,0.06408989566870107,0.0624229,0.9939451489598233,0.9876976425601339,0.0844229
3432,0.9870000000000001,0.02299999999999999,66.47261169854588,0.00011663759370143628,0.06408989566870107,0.0624229,0.9939451489598233,0.9876976425601339,0.0854229
3433,0.9870000000000001,0.023999999999999987,66.47261169854588,0.00011663759370143628,0.06408989566870107,0.0624229,0.9939451489598233,0.9876976425601339,0.0864229
3434,0.9870000000000001,0.024999999999999988,66.47261169854588,0.00011663759370143628,0.06408989566870107,0.0624229,0.9939451489598233,0.9876976425601339,0.0874229
3435,0.9870000000000001,0.02599999999999999,66.47261169854588,0.00011663759370143628,0.06408989566870107,0.0624229,0.9939451489598233,0.9876976425601339,0.0884229
3436,0.9870000000000001,0.02699999999999999,66.47261169854588,0.00011663759370143628,0.06408989566870107,0.0624229,0.9939451489598233,0.9876976425601339,0.0894229
3437,0.9870000000000001,0.027999999999999983,66.47261169854588,0.00011663759370143628,0.06408989566870107,0.0624229,0.9939451489598233,0.9876976425601339,0.09042289999999999
3438,0.9870000000000001,0.028999999999999984,66.47261169854588,0.00011663759370143628,0.06408989566870107,0.0624229,0.9939451489598233,0.9876976425601339,0.09142289999999999
3439,0.9870000000000001,0.029999999999999985,66.47261169854588,0.00011663759370143628,0.06408989566870107,0.0624229,0.9939451489598233,0.9876976425601339,0.09242289999999999
3440,0.9870000000000001,0.030999999999999986,66.47261169854588,0.00011663759370143628,0.06408989566870107,0.0624229,0.9939451489598233,0.9876976425601339,0.09342289999999999
3441,0.9870000000000001,0.03199999999999998,66.47261169854588,0.00011663759370143628,0.06408989566870107,0.0624229,0.9939451489598233,0.9876976425601339,0.09442289999999998
3442,0.9870000000000001,0.03299999999999998,66.47261169854588,0.00011663759370143628,0.06408989566870107,0.0624229,0.9939451489598233,0.9876976425601339,0.09542289999999998
3443,0.9870000000000001,0.03399999999999998,66.47261169854588,0.00011663759370143628,0.06408989566870107,0.0624229,0.9939451489598233,0.9876976425601339,0.09642289999999998
3444,0.9870000000000001,0.03499999999999998,66.47261169854588,0.00011663759370143628,0.06408989566870107,0.0624229,0.9939451489598233,0.9876976425601339,0.09742289999999998
3445,0.9870000000000001,0.035999999999999976,66.47261169854588,0.00011663759370143628,0.06408989566870107,0.0624229,0.9939451489598233,0.9876976425601339,0.09842289999999998
3446,0.9870000000000001,0.03699999999999998,66.47261169854588,0.00011663759370143628,0.06408989566870107,0.0624229,0.9939451489598233,0.9876976425601339,0.09942289999999998
3447,0.9880000000000001,0.01,66.86307714641593,0.00011872542503865495,0.06453132664365603,0.0633697,0.9940799082205549,0.9880954583232584,0.0733697
3448,0.9880000000000001,0.011,66.86307714641593,0.00011872542503865495,0.06453132664365603,0.0633697,0.9940799082205549,0.9880954583232584,0.0743697
3449,0.9880000000000001,0.011999999999999999,66.86307714641593,0.00011872542503865495,0.06453132664365603,0.0633697,0.9940799082205549,0.9880954583232584,0.0753697
3450,0.9880000000000001,0.012999999999999998,66.86307714641593,0.00011872542503865495,0.06453132664365603,0.0633697,0.9940799082205549,0.9880954583232584,0.0763697
3451,0.9880000000000001,0.013999999999999997,66.86307714641593,0.00011872542503865495,0.06453132664365603,0.0633697,0.9940799082205549,0.9880954583232584,0.0773697
3452,0.9880000000000001,0.014999999999999996,66.86307714641593,0.00011872542503865495,0.06453132664365603,0.0633697,0.9940799082205549,0.9880954583232584,0.0783697
3453,0.9880000000000001,0.015999999999999993,66.86307714641593,0.00011872542503865495,0.06453132664365603,0.0633697,0.9940799082205549,0.9880954583232584,0.07936969999999999
3454,0.9880000000000001,0.016999999999999994,66.86307714641593,0.00011872542503865495,0.06453132664365603,0.0633697,0.9940799082205549,0.9880954583232584,0.08036969999999999
3455,0.9880000000000001,0.017999999999999995,66.86307714641593,0.00011872542503865495,0.06453132664365603,0.0633697,0.9940799082205549,0.9880954583232584,0.08136969999999999
3456,0.9880000000000001,0.018999999999999993,66.86307714641593,0.00011872542503865495,0.06453132664365603,0.0633697,0.9940799082205549,0.9880954583232584,0.08236969999999999
3457,0.9880000000000001,0.01999999999999999,66.86307714641593,0.00011872542503865495,0.06453132664365603,0.0633697,0.9940799082205549,0.9880954583232584,0.08336969999999999
3458,0.9880000000000001,0.02099999999999999,66.86307714641593,0.00011872542503865495,0.06453132664365603,0.0633697,0.9940799082205549,0.9880954583232584,0.08436969999999999
3459,0.9880000000000001,0.021999999999999992,66.86307714641593,0.00011872542503865495,0.06453132664365603,0.0633697,0.9940799082205549,0.9880954583232584,0.08536969999999999
3460,0.9880000000000001,0.02299999999999999,66.86307714641593,0.00011872542503865495,0.06453132664365603,0.0633697,0.9940799082205549,0.9880954583232584,0.0863697
3461,0.9880000000000001,0.023999999999999987,66.86307714641593,0.00011872542503865495,0.06453132664365603,0.0633697,0.9940799082205549,0.9880954583232584,0.0873697
3462,0.9880000000000001,0.024999999999999988,66.86307714641593,0.00011872542503865495,0.06453132664365603,0.0633697,0.9940799082205549,0.9880954583232584,0.0883697
3463,0.9880000000000001,0.02599999999999999,66.86307714641593,0.00011872542503865495,0.06453132664365603,0.0633697,0.9940799082205549,0.9880954583232584,0.0893697
3464,0.9880000000000001,0.02699999999999999,66.86307714641593,0.00011872542503865495,0.06453132664365603,0.0633697,0.9940799082205549,0.9880954583232584,0.0903697
3465,0.9880000000000001,0.027999999999999983,66.86307714641593,0.00011872542503865495,0.06453132664365603,0.0633697,0.9940799082205549,0.9880954583232584,0.09136969999999998
3466,0.9880000000000001,0.028999999999999984,66.86307714641593,0.00011872542503865495,0.06453132664365603,0.0633697,0.9940799082205549,0.9880954583232584,0.09236969999999999
3467,0.9880000000000001,0.029999999999999985,66.86307714641593,0.00011872542503865495,0.06453132664365603,0.0633697,0.9940799082205549,0.9880954583232584,0.09336969999999999
3468,0.9880000000000001,0.030999999999999986,66.86307714641593,0.00011872542503865495,0.06453132664365603,0.0633697,0.9940799082205549,0.9880954583232584,0.09436969999999999
3469,0.9880000000000001,0.03199999999999998,66.86307714641593,0.00011872542503865495,0.06453132664365603,0.0633697,0.9940799082205549,0.9880954583232584,0.09536969999999997
3470,0.9880000000000001,0.03299999999999998,66.86307714641593,0.00011872542503865495,0.06453132664365603,0.0633697,0.9940799082205549,0.9880954583232584,0.09636969999999997
3471,0.9880000000000001,0.03399999999999998,66.86307714641593,0.00011872542503865495,0.06453132664365603,0.0633697,0.9940799082205549,0.9880954583232584,0.09736969999999998
3472,0.9880000000000001,0.03499999999999998,66.86307714641593,0.00011872542503865495,0.06453132664365603,0.0633697,0.9940799082205549,0.9880954583232584,0.09836969999999998
3473,0.9880000000000001,0.035999999999999976,66.86307714641593,0.00011872542503865495,0.06453132664365603,0.0633697,0.9940799082205549,0.9880954583232584,0.09936969999999998
3474,0.9890000000000001,0.01,68.49679183711328,0.00012766352184754367,0.06614106256037297,0.0664349,0.9948499638248789,0.9890426089651788,0.0764349
3475,0.9890000000000001,0.011,68.49679183711328,0.00012766352184754367,0.06614106256037297,0.0664349,0.9948499638248789,0.9890426089651788,0.0774349
3476,0.9890000000000001,0.011999999999999999,68.49679183711328,0.00012766352184754367,0.06614106256037297,0.0664349,0.9948499638248789,0.9890426089651788,0.0784349
3477,0.9890000000000001,0.012999999999999998,68.49679183711328,0.00012766352184754367,0.06614106256037297,0.0664349,0.9948499638248789,0.9890426089651788,0.0794349
3478,0.9890000000000001,0.013999999999999997,68.49679183711328,0.00012766352184754367,0.06614106256037297,0.0664349,0.9948499638248789,0.9890426089651788,0.0804349
3479,0.9890000000000001,0.014999999999999996,68.49679183711328,0.00012766352184754367,0.06614106256037297,0.0664349,0.9948499638248789,0.9890426089651788,0.0814349
3480,0.9890000000000001,0.015999999999999993,68.49679183711328,0.00012766352184754367,0.06614106256037297,0.0664349,0.9948499638248789,0.9890426089651788,0.0824349
3481,0.9890000000000001,0.016999999999999994,68.49679183711328,0.00012766352184754367,0.06614106256037297,0.0664349,0.9948499638248789,0.9890426089651788,0.0834349
3482,0.9890000000000001,0.017999999999999995,68.49679183711328,0.00012766352184754367,0.06614106256037297,0.0664349,0.9948499638248789,0.9890426089651788,0.08443490000000001
3483,0.9890000000000001,0.018999999999999993,68.49679183711328,0.00012766352184754367,0.06614106256037297,0.0664349,0.9948499638248789,0.9890426089651788,0.0854349
3484,0.9890000000000001,0.01999999999999999,68.49679183711328,0.00012766352184754367,0.06614106256037297,0.0664349,0.9948499638248789,0.9890426089651788,0.0864349
3485,0.9890000000000001,0.02099999999999999,68.49679183711328,0.00012766352184754367,0.06614106256037297,0.0664349,0.9948499638248789,0.9890426089651788,0.0874349
3486,0.9890000000000001,0.021999999999999992,68.49679183711328,0.00012766352184754367,0.06614106256037297,0.0664349,0.9948499638248789,0.9890426089651788,0.0884349
3487,0.9890000000000001,0.02299999999999999,68.49679183711328,0.00012766352184754367,0.06614106256037297,0.0664349,0.9948499638248789,0.9890426089651788,0.0894349
3488,0.9890000000000001,0.023999999999999987,68.49679183711328,0.00012766352184754367,0.06614106256037297,0.0664349,0.9948499638248789,0.9890426089651788,0.09043489999999998
3489,0.9890000000000001,0.024999999999999988,68.49679183711328,0.00012766352184754367,0.06614106256037297,0.0664349,0.9948499638248789,0.9890426089651788,0.09143489999999999
3490,0.9890000000000001,0.02599999999999999,68.49679183711328,0.00012766352184754367,0.06614106256037297,0.0664349,0.9948499638248789,0.9890426089651788,0.09243489999999999
3491,0.9890000000000001,0.02699999999999999,68.49679183711328,0.00012766352184754367,0.06614106256037297,0.0664349,0.9948499638248789,0.9890426089651788,0.09343489999999999
3492,0.9890000000000001,0.027999999999999983,68.49679183711328,0.00012766352184754367,0.06614106256037297,0.0664349,0.9948499638248789,0.9890426089651788,0.09443489999999999
3493,0.9890000000000001,0.028999999999999984,68.49679183711328,0.00012766352184754367,0.06614106256037297,0.0664349,0.9948499638248789,0.9890426089651788,0.09543489999999999
3494,0.9890000000000001,0.029999999999999985,68.49679183711328,0.00012766352184754367,0.06614106256037297,0.0664349,0.9948499638248789,0.9890426089651788,0.09643489999999999
3495,0.9890000000000001,0.030999999999999986,68.49679183711328,0.00012766352184754367,0.06614106256037297,0.0664349,0.9948499638248789,0.9890426089651788,0.09743489999999999
3496,0.9890000000000001,0.03199999999999998,68.49679183711328,0.00012766352184754367,0.06614106256037297,0.0664349,0.9948499638248789,0.9890426089651788,0.09843489999999999
3497,0.9890000000000001,0.03299999999999998,68.49679183711328,0.00012766352184754367,0.06614106256037297,0.0664349,0.9948499638248789,0.9890426089651788,0.09943489999999999
3498,0.9900000000000001,0.01,70.10315677356219,0.00013676517431396028,0.06838682424035829,0.0699151,0.9945742337811296,0.9900120788797074,0.07991509999999999
3499,0.9900000000000001,0.011,70.10315677356219,0.00013676517431396028,0.06838682424035829,0.0699151,0.9945742337811296,0.9900120788797074,0.08091509999999999
3500,0.9900000000000001,0.011999999999999999,70.10315677356219,0.00013676517431396028,0.06838682424035829,0.0699151,0.9945742337811296,0.9900120788797074,0.08191509999999999
3501,0.9900000000000001,0.012999999999999998,70.10315677356219,0.00013676517431396028,0.06838682424035829,0.0699151,0.9945742337811296,0.9900120788797074,0.08291509999999999
3502,0.9900000000000001,0.013999999999999997,70.10315677356219,0.00013676517431396028,0.06838682424035829,0.0699151,0.9945742337811296,0.9900120788797074,0.08391509999999999
3503,0.9900000000000001,0.014999999999999996,70.10315677356219,0.00013676517431396028,0.06838682424035829,0.0699151,0.9945742337811296,0.9900120788797074,0.0849151
3504,0.9900000000000001,0.015999999999999993,70.10315677356219,0.00013676517431396028,0.06838682424035829,0.0699151,0.9945742337811296,0.9900120788797074,0.0859151
3505,0.9900000000000001,0.016999999999999994,70.10315677356219,0.00013676517431396028,0.06838682424035829,0.0699151,0.9945742337811296,0.9900120788797074,0.0869151
3506,0.9900000000000001,0.017999999999999995,70.10315677356219,0.00013676517431396028,0.06838682424035829,0.0699151,0.9945742337811296,0.9900120788797074,0.0879151
3507,0.9900000000000001,0.018999999999999993,70.10315677356219,0.00013676517431396028,0.06838682424035829,0.0699151,0.9945742337811296,0.9900120788797074,0.08891509999999998
3508,0.9900000000000001,0.01999999999999999,70.10315677356219,0.00013676517431396028,0.06838682424035829,0.0699151,0.9945742337811296,0.9900120788797074,0.08991509999999998
3509,0.9900000000000001,0.02099999999999999,70.10315677356219,0.00013676517431396028,0.06838682424035829,0.0699151,0.9945742337811296,0.9900120788797074,0.09091509999999998
3510,0.9900000000000001,0.021999999999999992,70.10315677356219,0.00013676517431396028,0.06838682424035829,0.0699151,0.9945742337811296,0.9900120788797074,0.09191509999999999
3511,0.9900000000000001,0.02299999999999999,70.10315677356219,0.00013676517431396028,0.06838682424035829,0.0699151,0.9945742337811296,0.9900120788797074,0.09291509999999999
3512,0.9900000000000001,0.023999999999999987,70.10315677356219,0.00013676517431396028,0.06838682424035829,0.0699151,0.9945742337811296,0.9900120788797074,0.09391509999999997
3513,0.9900000000000001,0.024999999999999988,70.10315677356219,0.00013676517431396028,0.06838682424035829,0.0699151,0.9945742337811296,0.9900120788797074,0.09491509999999997
3514,0.9900000000000001,0.02599999999999999,70.10315677356219,0.00013676517431396028,0.06838682424035829,0.0699151,0.9945742337811296,0.9900120788797074,0.09591509999999998
3515,0.9900000000000001,0.02699999999999999,70.10315677356219,0.00013676517431396028,0.06838682424035829,0.0699151,0.9945742337811296,0.9900120788797074,0.09691509999999998
3516,0.9900000000000001,0.027999999999999983,70.10315677356219,0.00013676517431396028,0.06838682424035829,0.0699151,0.9945742337811296,0.9900120788797074,0.09791509999999998
3517,0.9900000000000001,0.028999999999999984,70.10315677356219,0.00013676517431396028,0.06838682424035829,0.0699151,0.9945742337811296,0.9900120788797074,0.09891509999999998
3518,0.9910000000000001,0.01,70.29924837120144,0.00013789887496515964,0.06972815935181151,0.0714467,0.993819122539255,0.9912650514749113,0.0814467
3519,0.9910000000000001,0.011,70.29924837120144,0.00013789887496515964,0.06972815935181151,0.0714467,0.993819122539255,0.9912650514749113,0.0824467
3520,0.9910000000000001,0.011999999999999999,70.29924837120144,0.00013789887496515964,0.06972815935181151,0.0714467,0.993819122539255,0.9912650514749113,0.0834467
3521,0.9910000000000001,0.012999999999999998,70.29924837120144,0.00013789887496515964,0.06972815935181151,0.0714467,0.993819122539255,0.9912650514749113,0.0844467
3522,0.9910000000000001,0.013999999999999997,70.29924837120144,0.00013789887496515964,0.06972815935181151,0.0714467,0.993819122539255,0.9912650514749113,0.0854467
3523,0.9910000000000001,0.014999999999999996,70.29924837120144,0.00013789887496515964,0.06972815935181151,0.0714467,0.993819122539255,0.9912650514749113,0.0864467
3524,0.9910000000000001,0.015999999999999993,70.29924837120144,0.00013789887496515964,0.06972815935181151,0.0714467,0.993819122539255,0.9912650514749113,0.08744669999999999
3525,0.9910000000000001,0.016999999999999994,70.29924837120144,0.00013789887496515964,0.06972815935181151,0.0714467,0.993819122539255,0.9912650514749113,0.08844669999999999
3526,0.9910000000000001,0.017999999999999995,70.29924837120144,0.00013789887496515964,0.06972815935181151,0.0714467,0.993819122539255,0.9912650514749113,0.08944669999999999
3527,0.9910000000000001,0.018999999999999993,70.29924837120144,0.00013789887496515964,0.06972815935181151,0.0714467,0.993819122539255,0.9912650514749113,0.09044669999999999
3528,0.9910000000000001,0.01999999999999999,70.29924837120144,0.00013789887496515964,0.06972815935181151,0.0714467,0.993819122539255,0.9912650514749113,0.09144669999999999
3529,0.9910000000000001,0.02099999999999999,70.29924837120144,0.00013789887496515964,0.06972815935181151,0.0714467,0.993819122539255,0.9912650514749113,0.09244669999999999
3530,0.9910000000000001,0.021999999999999992,70.29924837120144,0.00013789887496515964,0.06972815935181151,0.0714467,0.993819122539255,0.9912650514749113,0.0934467
3531,0.9910000000000001,0.02299999999999999,70.29924837120144,0.00013789887496515964,0.06972815935181151,0.0714467,0.993819122539255,0.9912650514749113,0.0944467
3532,0.9910000000000001,0.023999999999999987,70.29924837120144,0.00013789887496515964,0.06972815935181151,0.0714467,0.993819122539255,0.9912650514749113,0.0954467
3533,0.9910000000000001,0.024999999999999988,70.29924837120144,0.00013789887496515964,0.06972815935181151,0.0714467,0.993819122539255,0.9912650514749113,0.0964467
3534,0.9910000000000001,0.02599999999999999,70.29924837120144,0.00013789887496515964,0.06972815935181151,0.0714467,0.993819122539255,0.9912650514749113,0.0974467
3535,0.9910000000000001,0.02699999999999999,70.29924837120144,0.00013789887496515964,0.06972815935181151,0.0714467,0.993819122539255,0.9912650514749113,0.0984467
