Mode,Chronopotentiometry,,
Applied current (A),0.02,,
Applied potential (V),,,
Time (s),1800,,
Reference electrode potential (V vs. RHE),0.929,,
Working area (cm^2),2,,
Applied current density (mA/cm^2),10,,
Solution resistance (ohm),2.3,Compensation level (%),0
,,,
Time,Original Potential,Potential,
sec,V,"V vs. RHE, iR-corrected",
0.1,0.5983,1.5273,
0.2,0.7553,1.6843,
0.3,0.7628,1.6918,
0.4,0.7645,1.6935,
0.5,0.7655,1.6945,
0.6,0.7662,1.6952,
0.7,0.7666,1.6956,
0.8,0.767,1.696,
0.9,0.7673,1.6963,
1,0.7676,1.6966,
1.1,0.7678,1.6968,
1.2,0.7681,1.6971,
1.3,0.7683,1.6973,
1.4,0.7685,1.6975,
1.5,0.7687,1.6977,
1.6,0.7689,1.6979,
1.7,0.7691,1.6981,
1.8,0.7692,1.6982,
1.9,0.7693,1.6983,
2,0.7695,1.6985,
2.1,0.7697,1.6987,
2.2,0.7699,1.6989,
2.3,0.77,1.699,
2.4,0.7701,1.6991,
2.5,0.7703,1.6993,
2.6,0.7705,1.6995,
2.7,0.7707,1.6997,
2.8,0.7708,1.6998,
2.9,0.7709,1.6999,
3,0.7709,1.6999,
3.1,0.771,1.7,
3.2,0.7711,1.7001,
3.3,0.7712,1.7002,
3.4,0.7712,1.7002,
3.5,0.7713,1.7003,
3.6,0.7714,1.7004,
3.7,0.7714,1.7004,
3.8,0.7716,1.7006,
3.9,0.7716,1.7006,
4,0.7717,1.7007,
4.1,0.7717,1.7007,
4.2,0.7718,1.7008,
4.3,0.7719,1.7009,
4.4,0.772,1.701,
4.5,0.7721,1.7011,
4.6,0.7721,1.7011,
4.7,0.7721,1.7011,
4.8,0.7723,1.7013,
4.9,0.7723,1.7013,
5,0.7724,1.7014,
5.1,0.7725,1.7015,
5.2,0.7726,1.7016,
5.3,0.7726,1.7016,
5.4,0.7726,1.7016,
5.5,0.7728,1.7018,
5.6,0.7729,1.7019,
5.7,0.7729,1.7019,
5.8,0.7729,1.7019,
5.9,0.773,1.702,
6,0.7731,1.7021,
6.1,0.7732,1.7022,
6.2,0.7733,1.7023,
6.3,0.7733,1.7023,
6.4,0.7733,1.7023,
6.5,0.7733,1.7023,
6.6,0.7733,1.7023,
6.7,0.7735,1.7025,
6.8,0.7735,1.7025,
6.9,0.7735,1.7025,
7,0.7736,1.7026,
7.1,0.7737,1.7027,
7.2,0.7737,1.7027,
7.3,0.7737,1.7027,
7.4,0.7738,1.7028,
7.5,0.7739,1.7029,
7.6,0.774,1.703,
7.7,0.774,1.703,
7.8,0.774,1.703,
7.9,0.774,1.703,
8,0.774,1.703,
8.1,0.7741,1.7031,
8.2,0.7742,1.7032,
8.3,0.7743,1.7033,
8.4,0.7743,1.7033,
8.5,0.7743,1.7033,
8.6,0.7744,1.7034,
8.7,0.7744,1.7034,
8.8,0.7745,1.7035,
8.9,0.7745,1.7035,
9,0.7745,1.7035,
9.1,0.7746,1.7036,
9.2,0.7747,1.7037,
9.3,0.7747,1.7037,
9.4,0.7747,1.7037,
9.5,0.7747,1.7037,
9.6,0.7748,1.7038,
9.7,0.7749,1.7039,
9.8,0.7749,1.7039,
9.9,0.775,1.704,
10,0.7749,1.7039,
10.1,0.775,1.704,
10.2,0.7751,1.7041,
10.3,0.7751,1.7041,
10.4,0.7752,1.7042,
10.5,0.7752,1.7042,
10.6,0.7751,1.7041,
10.7,0.7752,1.7042,
10.8,0.7753,1.7043,
10.9,0.7753,1.7043,
11,0.7753,1.7043,
11.1,0.7754,1.7044,
11.2,0.7754,1.7044,
11.3,0.7756,1.7046,
11.4,0.7755,1.7045,
11.5,0.7755,1.7045,
11.6,0.7756,1.7046,
11.7,0.7757,1.7047,
11.8,0.7757,1.7047,
11.9,0.7757,1.7047,
12,0.7758,1.7048,
12.1,0.7757,1.7047,
12.2,0.7758,1.7048,
12.3,0.7758,1.7048,
12.4,0.7759,1.7049,
12.5,0.7759,1.7049,
12.6,0.7759,1.7049,
12.7,0.776,1.705,
12.8,0.776,1.705,
12.9,0.776,1.705,
13,0.776,1.705,
13.1,0.776,1.705,
13.2,0.776,1.705,
13.3,0.7761,1.7051,
13.4,0.7761,1.7051,
13.5,0.7762,1.7052,
13.6,0.7763,1.7053,
13.7,0.7762,1.7052,
13.8,0.7762,1.7052,
13.9,0.7762,1.7052,
14,0.7763,1.7053,
14.1,0.7763,1.7053,
14.2,0.7764,1.7054,
14.3,0.7765,1.7055,
14.4,0.7764,1.7054,
14.5,0.7765,1.7055,
14.6,0.7765,1.7055,
14.7,0.7765,1.7055,
14.8,0.7765,1.7055,
14.9,0.7765,1.7055,
15,0.7766,1.7056,
15.1,0.7766,1.7056,
15.2,0.7767,1.7057,
15.3,0.7767,1.7057,
15.4,0.7768,1.7058,
15.5,0.7768,1.7058,
15.6,0.7769,1.7059,
15.7,0.7769,1.7059,
15.8,0.7768,1.7058,
15.9,0.7768,1.7058,
16,0.7768,1.7058,
16.1,0.7769,1.7059,
16.2,0.7769,1.7059,
16.3,0.7771,1.7061,
16.4,0.777,1.706,
16.5,0.777,1.706,
16.6,0.777,1.706,
16.7,0.7771,1.7061,
16.8,0.7772,1.7062,
16.9,0.7771,1.7061,
17,0.7772,1.7062,
17.1,0.7772,1.7062,
17.2,0.7773,1.7063,
17.3,0.7773,1.7063,
17.4,0.7774,1.7064,
17.5,0.7773,1.7063,
17.6,0.7774,1.7064,
17.7,0.7775,1.7065,
17.8,0.7774,1.7064,
17.9,0.7775,1.7065,
18,0.7775,1.7065,
18.1,0.7776,1.7066,
18.2,0.7777,1.7067,
18.3,0.7776,1.7066,
18.4,0.7776,1.7066,
18.5,0.7776,1.7066,
18.6,0.7777,1.7067,
18.7,0.7777,1.7067,
18.8,0.7778,1.7068,
18.9,0.7777,1.7067,
19,0.7779,1.7069,
19.1,0.7778,1.7068,
19.2,0.7779,1.7069,
19.3,0.7778,1.7068,
19.4,0.7778,1.7068,
19.5,0.7779,1.7069,
19.6,0.7779,1.7069,
19.7,0.7779,1.7069,
19.8,0.778,1.707,
19.9,0.7779,1.7069,
20,0.778,1.707,
20.1,0.778,1.707,
20.2,0.778,1.707,
20.3,0.7781,1.7071,
20.4,0.7781,1.7071,
20.5,0.7781,1.7071,
20.6,0.7781,1.7071,
20.7,0.7781,1.7071,
20.8,0.7781,1.7071,
20.9,0.7781,1.7071,
21,0.7782,1.7072,
21.1,0.7782,1.7072,
21.2,0.7782,1.7072,
21.3,0.7782,1.7072,
21.4,0.7783,1.7073,
21.5,0.7783,1.7073,
21.6,0.7783,1.7073,
21.7,0.7783,1.7073,
21.8,0.7785,1.7075,
21.9,0.7785,1.7075,
22,0.7784,1.7074,
22.1,0.7785,1.7075,
22.2,0.7786,1.7076,
22.3,0.7785,1.7075,
22.4,0.7786,1.7076,
22.5,0.7786,1.7076,
22.6,0.7786,1.7076,
22.7,0.7786,1.7076,
22.8,0.7786,1.7076,
22.9,0.7787,1.7077,
23,0.7787,1.7077,
23.1,0.7787,1.7077,
23.2,0.7788,1.7078,
23.3,0.7788,1.7078,
23.4,0.7788,1.7078,
23.5,0.7789,1.7079,
23.6,0.7787,1.7077,
23.7,0.7787,1.7077,
23.8,0.7787,1.7077,
23.9,0.7788,1.7078,
24,0.7787,1.7077,
24.1,0.7787,1.7077,
24.2,0.7788,1.7078,
24.3,0.7788,1.7078,
24.4,0.7789,1.7079,
24.5,0.779,1.708,
24.6,0.7789,1.7079,
24.7,0.779,1.708,
24.8,0.779,1.708,
24.9,0.779,1.708,
25,0.779,1.708,
25.1,0.779,1.708,
25.2,0.7791,1.7081,
25.3,0.7791,1.7081,
25.4,0.7792,1.7082,
25.5,0.7792,1.7082,
25.6,0.7792,1.7082,
25.7,0.7791,1.7081,
25.8,0.7792,1.7082,
25.9,0.7792,1.7082,
26,0.7792,1.7082,
26.1,0.7793,1.7083,
26.2,0.7793,1.7083,
26.3,0.7794,1.7084,
26.4,0.7794,1.7084,
26.5,0.7794,1.7084,
26.6,0.7794,1.7084,
26.7,0.7794,1.7084,
26.8,0.7794,1.7084,
26.9,0.7794,1.7084,
27,0.7794,1.7084,
27.1,0.7795,1.7085,
27.2,0.7795,1.7085,
27.3,0.7795,1.7085,
27.4,0.7794,1.7084,
27.5,0.7795,1.7085,
27.6,0.7795,1.7085,
27.7,0.7795,1.7085,
27.8,0.7796,1.7086,
27.9,0.7796,1.7086,
28,0.7796,1.7086,
28.1,0.7796,1.7086,
28.2,0.7797,1.7087,
28.3,0.7797,1.7087,
28.4,0.7797,1.7087,
28.5,0.7799,1.7089,
28.6,0.7799,1.7089,
28.7,0.7798,1.7088,
28.8,0.7799,1.7089,
28.9,0.7799,1.7089,
29,0.7799,1.7089,
29.1,0.7799,1.7089,
29.2,0.7799,1.7089,
29.3,0.78,1.709,
29.4,0.78,1.709,
29.5,0.7799,1.7089,
29.6,0.78,1.709,
29.7,0.7801,1.7091,
29.8,0.7801,1.7091,
29.9,0.7801,1.7091,
30,0.78,1.709,
30.1,0.7799,1.7089,
30.2,0.7799,1.7089,
30.3,0.7799,1.7089,
30.4,0.78,1.709,
30.5,0.7801,1.7091,
30.6,0.7801,1.7091,
30.7,0.7801,1.7091,
30.8,0.7801,1.7091,
30.9,0.7801,1.7091,
31,0.7802,1.7092,
31.1,0.7803,1.7093,
31.2,0.7803,1.7093,
31.3,0.7802,1.7092,
31.4,0.7804,1.7094,
31.5,0.7803,1.7093,
31.6,0.7804,1.7094,
31.7,0.7804,1.7094,
31.8,0.7804,1.7094,
31.9,0.7804,1.7094,
32,0.7804,1.7094,
32.1,0.7804,1.7094,
32.2,0.7804,1.7094,
32.3,0.7805,1.7095,
32.4,0.7805,1.7095,
32.5,0.7805,1.7095,
32.6,0.7805,1.7095,
32.7,0.7806,1.7096,
32.8,0.7806,1.7096,
32.9,0.7806,1.7096,
33,0.7807,1.7097,
33.1,0.7807,1.7097,
33.2,0.7806,1.7096,
33.3,0.7807,1.7097,
33.4,0.7807,1.7097,
33.5,0.7807,1.7097,
33.6,0.7807,1.7097,
33.7,0.7807,1.7097,
33.8,0.7807,1.7097,
33.9,0.7807,1.7097,
34,0.7807,1.7097,
34.1,0.7808,1.7098,
34.2,0.7809,1.7099,
34.3,0.7809,1.7099,
34.4,0.7809,1.7099,
34.5,0.7809,1.7099,
34.6,0.7809,1.7099,
34.7,0.7809,1.7099,
34.8,0.7809,1.7099,
34.9,0.7809,1.7099,
35,0.7809,1.7099,
35.1,0.7809,1.7099,
35.2,0.7809,1.7099,
35.3,0.781,1.71,
35.4,0.781,1.71,
35.5,0.781,1.71,
35.6,0.7811,1.7101,
35.7,0.7811,1.7101,
35.8,0.781,1.71,
35.9,0.781,1.71,
36,0.7811,1.7101,
36.1,0.7812,1.7102,
36.2,0.7812,1.7102,
36.3,0.7813,1.7103,
36.4,0.7812,1.7102,
36.5,0.7812,1.7102,
36.6,0.7812,1.7102,
36.7,0.7812,1.7102,
36.8,0.7812,1.7102,
36.9,0.7813,1.7103,
37,0.7813,1.7103,
37.1,0.7813,1.7103,
37.2,0.7813,1.7103,
37.3,0.7814,1.7104,
37.4,0.7814,1.7104,
37.5,0.7814,1.7104,
37.6,0.7815,1.7105,
37.7,0.7814,1.7104,
37.8,0.7813,1.7103,
37.9,0.7814,1.7104,
38,0.7815,1.7105,
38.1,0.7814,1.7104,
38.2,0.7815,1.7105,
38.3,0.7815,1.7105,
38.4,0.7816,1.7106,
38.5,0.7815,1.7105,
38.6,0.7816,1.7106,
38.7,0.7816,1.7106,
38.8,0.7816,1.7106,
38.9,0.7816,1.7106,
39,0.7816,1.7106,
39.1,0.7816,1.7106,
39.2,0.7817,1.7107,
39.3,0.7817,1.7107,
39.4,0.7817,1.7107,
39.5,0.7817,1.7107,
39.6,0.7817,1.7107,
39.7,0.7818,1.7108,
39.8,0.7818,1.7108,
39.9,0.7819,1.7109,
40,0.7819,1.7109,
40.1,0.7819,1.7109,
40.2,0.7819,1.7109,
40.3,0.7819,1.7109,
40.4,0.7819,1.7109,
40.5,0.782,1.711,
40.6,0.782,1.711,
40.7,0.7819,1.7109,
40.8,0.782,1.711,
40.9,0.782,1.711,
41,0.782,1.711,
41.1,0.782,1.711,
41.2,0.782,1.711,
41.3,0.782,1.711,
41.4,0.7821,1.7111,
41.5,0.7821,1.7111,
41.6,0.7822,1.7112,
41.7,0.7822,1.7112,
41.8,0.7821,1.7111,
41.9,0.7822,1.7112,
42,0.7823,1.7113,
42.1,0.7822,1.7112,
42.2,0.7822,1.7112,
42.3,0.7822,1.7112,
42.4,0.7822,1.7112,
42.5,0.7823,1.7113,
42.6,0.7824,1.7114,
42.7,0.7823,1.7113,
42.8,0.7824,1.7114,
42.9,0.7825,1.7115,
43,0.7825,1.7115,
43.1,0.7824,1.7114,
43.2,0.7824,1.7114,
43.3,0.7824,1.7114,
43.4,0.7824,1.7114,
43.5,0.7824,1.7114,
43.6,0.7824,1.7114,
43.7,0.7824,1.7114,
43.8,0.7825,1.7115,
43.9,0.7824,1.7114,
44,0.7824,1.7114,
44.1,0.7825,1.7115,
44.2,0.7824,1.7114,
44.3,0.7825,1.7115,
44.4,0.7825,1.7115,
44.5,0.7826,1.7116,
44.6,0.7826,1.7116,
44.7,0.7825,1.7115,
44.8,0.7826,1.7116,
44.9,0.7827,1.7117,
45,0.7827,1.7117,
45.1,0.7827,1.7117,
45.2,0.7827,1.7117,
45.3,0.7827,1.7117,
45.4,0.7828,1.7118,
45.5,0.7828,1.7118,
45.6,0.7828,1.7118,
45.7,0.7828,1.7118,
45.8,0.7829,1.7119,
45.9,0.7829,1.7119,
46,0.7829,1.7119,
46.1,0.7828,1.7118,
46.2,0.7828,1.7118,
46.3,0.7829,1.7119,
46.4,0.7829,1.7119,
46.5,0.783,1.712,
46.6,0.7829,1.7119,
46.7,0.7829,1.7119,
46.8,0.783,1.712,
46.9,0.7829,1.7119,
47,0.7829,1.7119,
47.1,0.783,1.712,
47.2,0.783,1.712,
47.3,0.783,1.712,
47.4,0.7831,1.7121,
47.5,0.783,1.712,
47.6,0.7831,1.7121,
47.7,0.7831,1.7121,
47.8,0.7831,1.7121,
47.9,0.7831,1.7121,
48,0.7831,1.7121,
48.1,0.7831,1.7121,
48.2,0.7832,1.7122,
48.3,0.7831,1.7121,
48.4,0.7831,1.7121,
48.5,0.7831,1.7121,
48.6,0.7832,1.7122,
48.7,0.7832,1.7122,
48.8,0.7833,1.7123,
48.9,0.7832,1.7122,
49,0.7832,1.7122,
49.1,0.7833,1.7123,
49.2,0.7833,1.7123,
49.3,0.7833,1.7123,
49.4,0.7834,1.7124,
49.5,0.7834,1.7124,
49.6,0.7834,1.7124,
49.7,0.7834,1.7124,
49.8,0.7834,1.7124,
49.9,0.7833,1.7123,
50,0.7832,1.7122,
50.1,0.7833,1.7123,
50.2,0.7834,1.7124,
50.3,0.7834,1.7124,
50.4,0.7834,1.7124,
50.5,0.7834,1.7124,
50.6,0.7834,1.7124,
50.7,0.7834,1.7124,
50.8,0.7835,1.7125,
50.9,0.7836,1.7126,
51,0.7835,1.7125,
51.1,0.7834,1.7124,
51.2,0.7836,1.7126,
51.3,0.7836,1.7126,
51.4,0.7836,1.7126,
51.5,0.7836,1.7126,
51.6,0.7836,1.7126,
51.7,0.7836,1.7126,
51.8,0.7836,1.7126,
51.9,0.7837,1.7127,
52,0.7837,1.7127,
52.1,0.7837,1.7127,
52.2,0.7837,1.7127,
52.3,0.7837,1.7127,
52.4,0.7837,1.7127,
52.5,0.7837,1.7127,
52.6,0.7838,1.7128,
52.7,0.7838,1.7128,
52.8,0.7838,1.7128,
52.9,0.7838,1.7128,
53,0.7838,1.7128,
53.1,0.7839,1.7129,
53.2,0.7839,1.7129,
53.3,0.7839,1.7129,
53.4,0.7837,1.7127,
53.5,0.7839,1.7129,
53.6,0.7839,1.7129,
53.7,0.7839,1.7129,
53.8,0.7839,1.7129,
53.9,0.7839,1.7129,
54,0.7839,1.7129,
54.1,0.784,1.713,
54.2,0.784,1.713,
54.3,0.7839,1.7129,
54.4,0.784,1.713,
54.5,0.7841,1.7131,
54.6,0.7841,1.7131,
54.7,0.7841,1.7131,
54.8,0.784,1.713,
54.9,0.7841,1.7131,
55,0.7841,1.7131,
55.1,0.7842,1.7132,
55.2,0.7842,1.7132,
55.3,0.7842,1.7132,
55.4,0.7842,1.7132,
55.5,0.7842,1.7132,
55.6,0.7843,1.7133,
55.7,0.7842,1.7132,
55.8,0.7843,1.7133,
55.9,0.7843,1.7133,
56,0.7843,1.7133,
56.1,0.7844,1.7134,
56.2,0.7843,1.7133,
56.3,0.7844,1.7134,
56.4,0.7843,1.7133,
56.5,0.7843,1.7133,
56.6,0.7844,1.7134,
56.7,0.7843,1.7133,
56.8,0.7843,1.7133,
56.9,0.7844,1.7134,
57,0.7844,1.7134,
57.1,0.7842,1.7132,
57.2,0.7843,1.7133,
57.3,0.7843,1.7133,
57.4,0.7844,1.7134,
57.5,0.7844,1.7134,
57.6,0.7844,1.7134,
57.7,0.7844,1.7134,
57.8,0.7845,1.7135,
57.9,0.7845,1.7135,
58,0.7844,1.7134,
58.1,0.7845,1.7135,
58.2,0.7845,1.7135,
58.3,0.7845,1.7135,
58.4,0.7845,1.7135,
58.5,0.7846,1.7136,
58.6,0.7846,1.7136,
58.7,0.7846,1.7136,
58.8,0.7846,1.7136,
58.9,0.7846,1.7136,
59,0.7846,1.7136,
59.1,0.7847,1.7137,
59.2,0.7847,1.7137,
59.3,0.7848,1.7138,
59.4,0.7847,1.7137,
59.5,0.7847,1.7137,
59.6,0.7847,1.7137,
59.7,0.7848,1.7138,
59.8,0.7847,1.7137,
59.9,0.7847,1.7137,
60,0.7847,1.7137,
60.1,0.7848,1.7138,
60.2,0.7848,1.7138,
60.3,0.7848,1.7138,
60.4,0.7848,1.7138,
60.5,0.7849,1.7139,
60.6,0.7849,1.7139,
60.7,0.7849,1.7139,
60.8,0.7848,1.7138,
60.9,0.7849,1.7139,
61,0.7849,1.7139,
61.1,0.785,1.714,
61.2,0.785,1.714,
61.3,0.785,1.714,
61.4,0.7851,1.7141,
61.5,0.785,1.714,
61.6,0.7849,1.7139,
61.7,0.785,1.714,
61.8,0.785,1.714,
61.9,0.7851,1.7141,
62,0.7851,1.7141,
62.1,0.7851,1.7141,
62.2,0.7851,1.7141,
62.3,0.7851,1.7141,
62.4,0.7852,1.7142,
62.5,0.7851,1.7141,
62.6,0.785,1.714,
62.7,0.7851,1.7141,
62.8,0.7851,1.7141,
62.9,0.7852,1.7142,
63,0.7852,1.7142,
63.1,0.7853,1.7143,
63.2,0.7853,1.7143,
63.3,0.7852,1.7142,
63.4,0.7853,1.7143,
63.5,0.7853,1.7143,
63.6,0.7853,1.7143,
63.7,0.7853,1.7143,
63.8,0.7854,1.7144,
63.9,0.7854,1.7144,
64,0.7853,1.7143,
64.1,0.7854,1.7144,
64.2,0.7853,1.7143,
64.3,0.7854,1.7144,
64.4,0.7854,1.7144,
64.5,0.7855,1.7145,
64.6,0.7855,1.7145,
64.7,0.7855,1.7145,
64.8,0.7855,1.7145,
64.9,0.7855,1.7145,
65,0.7855,1.7145,
65.1,0.7855,1.7145,
65.2,0.7855,1.7145,
65.3,0.7855,1.7145,
65.4,0.7855,1.7145,
65.5,0.7855,1.7145,
65.6,0.7856,1.7146,
65.7,0.7855,1.7145,
65.8,0.7855,1.7145,
65.9,0.7855,1.7145,
66,0.7856,1.7146,
66.1,0.7856,1.7146,
66.2,0.7857,1.7147,
66.3,0.7857,1.7147,
66.4,0.7856,1.7146,
66.5,0.7857,1.7147,
66.6,0.7857,1.7147,
66.7,0.7857,1.7147,
66.8,0.7857,1.7147,
66.9,0.7858,1.7148,
67,0.7857,1.7147,
67.1,0.7857,1.7147,
67.2,0.7858,1.7148,
67.3,0.7858,1.7148,
67.4,0.7858,1.7148,
67.5,0.7858,1.7148,
67.6,0.7858,1.7148,
67.7,0.7858,1.7148,
67.8,0.7858,1.7148,
67.9,0.7858,1.7148,
68,0.7858,1.7148,
68.1,0.7859,1.7149,
68.2,0.7858,1.7148,
68.3,0.7859,1.7149,
68.4,0.7859,1.7149,
68.5,0.786,1.715,
68.6,0.786,1.715,
68.7,0.7859,1.7149,
68.8,0.7859,1.7149,
68.9,0.7859,1.7149,
69,0.7859,1.7149,
69.1,0.7859,1.7149,
69.2,0.786,1.715,
69.3,0.786,1.715,
69.4,0.786,1.715,
69.5,0.7861,1.7151,
69.6,0.7861,1.7151,
69.7,0.7861,1.7151,
69.8,0.7861,1.7151,
69.9,0.7861,1.7151,
70,0.7861,1.7151,
70.1,0.7862,1.7152,
70.2,0.7862,1.7152,
70.3,0.7861,1.7151,
70.4,0.7862,1.7152,
70.5,0.7862,1.7152,
70.6,0.7861,1.7151,
70.7,0.7861,1.7151,
70.8,0.7862,1.7152,
70.9,0.7863,1.7153,
71,0.7863,1.7153,
71.1,0.7863,1.7153,
71.2,0.7863,1.7153,
71.3,0.7863,1.7153,
71.4,0.7863,1.7153,
71.5,0.7863,1.7153,
71.6,0.7863,1.7153,
71.7,0.7864,1.7154,
71.8,0.7864,1.7154,
71.9,0.7864,1.7154,
72,0.7864,1.7154,
72.1,0.7864,1.7154,
72.2,0.7864,1.7154,
72.3,0.7864,1.7154,
72.4,0.7864,1.7154,
72.5,0.7865,1.7155,
72.6,0.7865,1.7155,
72.7,0.7865,1.7155,
72.8,0.7864,1.7154,
72.9,0.7865,1.7155,
73,0.7865,1.7155,
73.1,0.7866,1.7156,
73.2,0.7866,1.7156,
73.3,0.7865,1.7155,
73.4,0.7866,1.7156,
73.5,0.7866,1.7156,
73.6,0.7866,1.7156,
73.7,0.7866,1.7156,
73.8,0.7866,1.7156,
73.9,0.7866,1.7156,
74,0.7866,1.7156,
74.1,0.7867,1.7157,
74.2,0.7868,1.7158,
74.3,0.7868,1.7158,
74.4,0.7867,1.7157,
74.5,0.7867,1.7157,
74.6,0.7867,1.7157,
74.7,0.7868,1.7158,
74.8,0.7868,1.7158,
74.9,0.7868,1.7158,
75,0.7869,1.7159,
75.1,0.7869,1.7159,
75.2,0.7868,1.7158,
75.3,0.7869,1.7159,
75.4,0.7868,1.7158,
75.5,0.7868,1.7158,
75.6,0.7867,1.7157,
75.7,0.7868,1.7158,
75.8,0.7869,1.7159,
75.9,0.7868,1.7158,
76,0.7869,1.7159,
76.1,0.7869,1.7159,
76.2,0.7868,1.7158,
76.3,0.7868,1.7158,
76.4,0.7869,1.7159,
76.5,0.7869,1.7159,
76.6,0.7869,1.7159,
76.7,0.7869,1.7159,
76.8,0.7869,1.7159,
76.9,0.787,1.716,
77,0.787,1.716,
77.1,0.787,1.716,
77.2,0.7869,1.7159,
77.3,0.787,1.716,
77.4,0.787,1.716,
77.5,0.787,1.716,
77.6,0.787,1.716,
77.7,0.7871,1.7161,
77.8,0.787,1.716,
77.9,0.7871,1.7161,
78,0.7871,1.7161,
78.1,0.7871,1.7161,
78.2,0.787,1.716,
78.3,0.7871,1.7161,
78.4,0.7872,1.7162,
78.5,0.7872,1.7162,
78.6,0.7872,1.7162,
78.7,0.7871,1.7161,
78.8,0.7871,1.7161,
78.9,0.7871,1.7161,
79,0.7872,1.7162,
79.1,0.7872,1.7162,
79.2,0.7873,1.7163,
79.3,0.7872,1.7162,
79.4,0.7873,1.7163,
79.5,0.7873,1.7163,
79.6,0.7873,1.7163,
79.7,0.7874,1.7164,
79.8,0.7874,1.7164,
79.9,0.7873,1.7163,
80,0.7873,1.7163,
80.1,0.7874,1.7164,
80.2,0.7875,1.7165,
80.3,0.7875,1.7165,
80.4,0.7875,1.7165,
80.5,0.7875,1.7165,
80.6,0.7876,1.7166,
80.7,0.7876,1.7166,
80.8,0.7876,1.7166,
80.9,0.7875,1.7165,
81,0.7875,1.7165,
81.1,0.7875,1.7165,
81.2,0.7875,1.7165,
81.3,0.7875,1.7165,
81.4,0.7875,1.7165,
81.5,0.7876,1.7166,
81.6,0.7875,1.7165,
81.7,0.7875,1.7165,
81.8,0.7876,1.7166,
81.9,0.7876,1.7166,
82,0.7876,1.7166,
82.1,0.7876,1.7166,
82.2,0.7876,1.7166,
82.3,0.7877,1.7167,
82.4,0.7877,1.7167,
82.5,0.7877,1.7167,
82.6,0.7877,1.7167,
82.7,0.7877,1.7167,
82.8,0.7877,1.7167,
82.9,0.7877,1.7167,
83,0.7877,1.7167,
83.1,0.7878,1.7168,
83.2,0.7878,1.7168,
83.3,0.7878,1.7168,
83.4,0.7879,1.7169,
83.5,0.7878,1.7168,
83.6,0.7877,1.7167,
83.7,0.7878,1.7168,
83.8,0.7878,1.7168,
83.9,0.7879,1.7169,
84,0.7879,1.7169,
84.1,0.7879,1.7169,
84.2,0.7879,1.7169,
84.3,0.7879,1.7169,
84.4,0.7878,1.7168,
84.5,0.7879,1.7169,
84.6,0.788,1.717,
84.7,0.788,1.717,
84.8,0.7879,1.7169,
84.9,0.7879,1.7169,
85,0.7879,1.7169,
85.1,0.7879,1.7169,
85.2,0.7879,1.7169,
85.3,0.7879,1.7169,
85.4,0.7879,1.7169,
85.5,0.788,1.717,
85.6,0.7879,1.7169,
85.7,0.7879,1.7169,
85.8,0.788,1.717,
85.9,0.788,1.717,
86,0.788,1.717,
86.1,0.7879,1.7169,
86.2,0.788,1.717,
86.3,0.788,1.717,
86.4,0.788,1.717,
86.5,0.788,1.717,
86.6,0.788,1.717,
86.7,0.7881,1.7171,
86.8,0.7881,1.7171,
86.9,0.7881,1.7171,
87,0.7881,1.7171,
87.1,0.7882,1.7172,
87.2,0.7882,1.7172,
87.3,0.7882,1.7172,
87.4,0.7881,1.7171,
87.5,0.7881,1.7171,
87.6,0.7882,1.7172,
87.7,0.7881,1.7171,
87.8,0.7881,1.7171,
87.9,0.7882,1.7172,
88,0.7882,1.7172,
88.1,0.7883,1.7173,
88.2,0.7882,1.7172,
88.3,0.7882,1.7172,
88.4,0.7882,1.7172,
88.5,0.7882,1.7172,
88.6,0.7883,1.7173,
88.7,0.7883,1.7173,
88.8,0.7883,1.7173,
88.9,0.7883,1.7173,
89,0.7883,1.7173,
89.1,0.7884,1.7174,
89.2,0.7883,1.7173,
89.3,0.7884,1.7174,
89.4,0.7884,1.7174,
89.5,0.7884,1.7174,
89.6,0.7884,1.7174,
89.7,0.7884,1.7174,
89.8,0.7885,1.7175,
89.9,0.7884,1.7174,
90,0.7885,1.7175,
90.1,0.7885,1.7175,
90.2,0.7885,1.7175,
90.3,0.7885,1.7175,
90.4,0.7884,1.7174,
90.5,0.7885,1.7175,
90.6,0.7885,1.7175,
90.7,0.7886,1.7176,
90.8,0.7885,1.7175,
90.9,0.7886,1.7176,
91,0.7885,1.7175,
91.1,0.7885,1.7175,
91.2,0.7886,1.7176,
91.3,0.7886,1.7176,
91.4,0.7887,1.7177,
91.5,0.7887,1.7177,
91.6,0.7888,1.7178,
91.7,0.7887,1.7177,
91.8,0.7887,1.7177,
91.9,0.7887,1.7177,
92,0.7888,1.7178,
92.1,0.7888,1.7178,
92.2,0.7888,1.7178,
92.3,0.7888,1.7178,
92.4,0.7889,1.7179,
92.5,0.7888,1.7178,
92.6,0.7888,1.7178,
92.7,0.7888,1.7178,
92.8,0.7889,1.7179,
92.9,0.7889,1.7179,
93,0.7889,1.7179,
93.1,0.7889,1.7179,
93.2,0.7889,1.7179,
93.3,0.7889,1.7179,
93.4,0.789,1.718,
93.5,0.789,1.718,
93.6,0.789,1.718,
93.7,0.789,1.718,
93.8,0.7889,1.7179,
93.9,0.7889,1.7179,
94,0.7889,1.7179,
94.1,0.7889,1.7179,
94.2,0.789,1.718,
94.3,0.789,1.718,
94.4,0.789,1.718,
94.5,0.7891,1.7181,
94.6,0.7891,1.7181,
94.7,0.789,1.718,
94.8,0.7891,1.7181,
94.9,0.789,1.718,
95,0.7891,1.7181,
95.1,0.7891,1.7181,
95.2,0.7891,1.7181,
95.3,0.7892,1.7182,
95.4,0.7892,1.7182,
95.5,0.7892,1.7182,
95.6,0.7892,1.7182,
95.7,0.7892,1.7182,
95.8,0.7892,1.7182,
95.9,0.7892,1.7182,
96,0.7892,1.7182,
96.1,0.7892,1.7182,
96.2,0.7893,1.7183,
96.3,0.7892,1.7182,
96.4,0.7893,1.7183,
96.5,0.7893,1.7183,
96.6,0.7892,1.7182,
96.7,0.7893,1.7183,
96.8,0.7893,1.7183,
96.9,0.7893,1.7183,
97,0.7893,1.7183,
97.1,0.7894,1.7184,
97.2,0.7894,1.7184,
97.3,0.7894,1.7184,
97.4,0.7894,1.7184,
97.5,0.7895,1.7185,
97.6,0.7894,1.7184,
97.7,0.7894,1.7184,
97.8,0.7894,1.7184,
97.9,0.7894,1.7184,
98,0.7895,1.7185,
98.1,0.7894,1.7184,
98.2,0.7894,1.7184,
98.3,0.7894,1.7184,
98.4,0.7895,1.7185,
98.5,0.7894,1.7184,
98.6,0.7895,1.7185,
98.7,0.7895,1.7185,
98.8,0.7895,1.7185,
98.9,0.7896,1.7186,
99,0.7895,1.7185,
99.1,0.7895,1.7185,
99.2,0.7895,1.7185,
99.3,0.7896,1.7186,
99.4,0.7896,1.7186,
99.5,0.7896,1.7186,
99.6,0.7896,1.7186,
99.7,0.7896,1.7186,
99.8,0.7897,1.7187,
99.9,0.7896,1.7186,
100,0.7897,1.7187,
100.1,0.7897,1.7187,
100.2,0.7897,1.7187,
100.3,0.7897,1.7187,
100.4,0.7898,1.7188,
100.5,0.7897,1.7187,
100.6,0.7898,1.7188,
100.7,0.7898,1.7188,
100.8,0.7899,1.7189,
100.9,0.79,1.719,
101,0.7898,1.7188,
101.1,0.7898,1.7188,
101.2,0.7898,1.7188,
101.3,0.7898,1.7188,
101.4,0.7898,1.7188,
101.5,0.7898,1.7188,
101.6,0.7899,1.7189,
101.7,0.7898,1.7188,
101.8,0.7899,1.7189,
101.9,0.7898,1.7188,
102,0.7898,1.7188,
102.1,0.7898,1.7188,
102.2,0.7899,1.7189,
102.3,0.7899,1.7189,
102.4,0.79,1.719,
102.5,0.7899,1.7189,
102.6,0.7899,1.7189,
102.7,0.7899,1.7189,
102.8,0.79,1.719,
102.9,0.79,1.719,
103,0.7901,1.7191,
103.1,0.79,1.719,
103.2,0.79,1.719,
103.3,0.79,1.719,
103.4,0.7901,1.7191,
103.5,0.79,1.719,
103.6,0.79,1.719,
103.7,0.7901,1.7191,
103.8,0.7902,1.7192,
103.9,0.7902,1.7192,
104,0.7901,1.7191,
104.1,0.7902,1.7192,
104.2,0.7901,1.7191,
104.3,0.7901,1.7191,
104.4,0.7902,1.7192,
104.5,0.7901,1.7191,
104.6,0.7902,1.7192,
104.7,0.7902,1.7192,
104.8,0.7903,1.7193,
104.9,0.7903,1.7193,
105,0.7903,1.7193,
105.1,0.7902,1.7192,
105.2,0.7902,1.7192,
105.3,0.7902,1.7192,
105.4,0.7903,1.7193,
105.5,0.7903,1.7193,
105.6,0.7903,1.7193,
105.7,0.7903,1.7193,
105.8,0.7904,1.7194,
105.9,0.7904,1.7194,
106,0.7904,1.7194,
106.1,0.7904,1.7194,
106.2,0.7904,1.7194,
106.3,0.7904,1.7194,
106.4,0.7903,1.7193,
106.5,0.7904,1.7194,
106.6,0.7904,1.7194,
106.7,0.7905,1.7195,
106.8,0.7904,1.7194,
106.9,0.7904,1.7194,
107,0.7904,1.7194,
107.1,0.7904,1.7194,
107.2,0.7904,1.7194,
107.3,0.7905,1.7195,
107.4,0.7904,1.7194,
107.5,0.7905,1.7195,
107.6,0.7905,1.7195,
107.7,0.7905,1.7195,
107.8,0.7905,1.7195,
107.9,0.7905,1.7195,
108,0.7906,1.7196,
108.1,0.7905,1.7195,
108.2,0.7905,1.7195,
108.3,0.7905,1.7195,
108.4,0.7906,1.7196,
108.5,0.7906,1.7196,
108.6,0.7905,1.7195,
108.7,0.7905,1.7195,
108.8,0.7905,1.7195,
108.9,0.7905,1.7195,
109,0.7906,1.7196,
109.1,0.7906,1.7196,
109.2,0.7906,1.7196,
109.3,0.7906,1.7196,
109.4,0.7906,1.7196,
109.5,0.7907,1.7197,
109.6,0.7907,1.7197,
109.7,0.7907,1.7197,
109.8,0.7907,1.7197,
109.9,0.7907,1.7197,
110,0.7907,1.7197,
110.1,0.7907,1.7197,
110.2,0.7907,1.7197,
110.3,0.7907,1.7197,
110.4,0.7907,1.7197,
110.5,0.7907,1.7197,
110.6,0.7908,1.7198,
110.7,0.7908,1.7198,
110.8,0.7909,1.7199,
110.9,0.791,1.72,
111,0.7909,1.7199,
111.1,0.7909,1.7199,
111.2,0.7909,1.7199,
111.3,0.791,1.72,
111.4,0.791,1.72,
111.5,0.791,1.72,
111.6,0.7909,1.7199,
111.7,0.791,1.72,
111.8,0.7908,1.7198,
111.9,0.7908,1.7198,
112,0.7909,1.7199,
112.1,0.7909,1.7199,
112.2,0.7909,1.7199,
112.3,0.7909,1.7199,
112.4,0.791,1.72,
112.5,0.791,1.72,
112.6,0.791,1.72,
112.7,0.791,1.72,
112.8,0.791,1.72,
112.9,0.791,1.72,
113,0.791,1.72,
113.1,0.7911,1.7201,
113.2,0.791,1.72,
113.3,0.791,1.72,
113.4,0.7911,1.7201,
113.5,0.791,1.72,
113.6,0.791,1.72,
113.7,0.791,1.72,
113.8,0.791,1.72,
113.9,0.7911,1.7201,
114,0.7911,1.7201,
114.1,0.7911,1.7201,
114.2,0.7911,1.7201,
114.3,0.7911,1.7201,
114.4,0.7912,1.7202,
114.5,0.7912,1.7202,
114.6,0.7911,1.7201,
114.7,0.7912,1.7202,
114.8,0.7912,1.7202,
114.9,0.7912,1.7202,
115,0.7912,1.7202,
115.1,0.7912,1.7202,
115.2,0.7912,1.7202,
115.3,0.7912,1.7202,
115.4,0.7913,1.7203,
115.5,0.7912,1.7202,
115.6,0.7913,1.7203,
115.7,0.7913,1.7203,
115.8,0.7913,1.7203,
115.9,0.7913,1.7203,
116,0.7913,1.7203,
116.1,0.7913,1.7203,
116.2,0.7913,1.7203,
116.3,0.7913,1.7203,
116.4,0.7913,1.7203,
116.5,0.7913,1.7203,
116.6,0.7913,1.7203,
116.7,0.7913,1.7203,
116.8,0.7913,1.7203,
116.9,0.7913,1.7203,
117,0.7914,1.7204,
117.1,0.7914,1.7204,
117.2,0.7914,1.7204,
117.3,0.7914,1.7204,
117.4,0.7914,1.7204,
117.5,0.7914,1.7204,
117.6,0.7914,1.7204,
117.7,0.7915,1.7205,
117.8,0.7915,1.7205,
117.9,0.7914,1.7204,
118,0.7913,1.7203,
118.1,0.7913,1.7203,
118.2,0.7914,1.7204,
118.3,0.7914,1.7204,
118.4,0.7914,1.7204,
118.5,0.7913,1.7203,
118.6,0.7914,1.7204,
118.7,0.7915,1.7205,
118.8,0.7915,1.7205,
118.9,0.7915,1.7205,
119,0.7915,1.7205,
119.1,0.7915,1.7205,
119.2,0.7916,1.7206,
119.3,0.7915,1.7205,
119.4,0.7915,1.7205,
119.5,0.7915,1.7205,
119.6,0.7916,1.7206,
119.7,0.7916,1.7206,
119.8,0.7916,1.7206,
119.9,0.7915,1.7205,
120,0.7916,1.7206,
120.1,0.7915,1.7205,
120.2,0.7915,1.7205,
120.3,0.7915,1.7205,
120.4,0.7915,1.7205,
120.5,0.7916,1.7206,
120.6,0.7916,1.7206,
120.7,0.7916,1.7206,
120.8,0.7916,1.7206,
120.9,0.7916,1.7206,
121,0.7916,1.7206,
121.1,0.7916,1.7206,
121.2,0.7916,1.7206,
121.3,0.7917,1.7207,
121.4,0.7917,1.7207,
121.5,0.7917,1.7207,
121.6,0.7917,1.7207,
121.7,0.7917,1.7207,
121.8,0.7917,1.7207,
121.9,0.7918,1.7208,
122,0.7917,1.7207,
122.1,0.7918,1.7208,
122.2,0.7918,1.7208,
122.3,0.7918,1.7208,
122.4,0.7918,1.7208,
122.5,0.7919,1.7209,
122.6,0.7918,1.7208,
122.7,0.7918,1.7208,
122.8,0.7918,1.7208,
122.9,0.7918,1.7208,
123,0.7918,1.7208,
123.1,0.7919,1.7209,
123.2,0.7919,1.7209,
123.3,0.7919,1.7209,
123.4,0.7918,1.7208,
123.5,0.7919,1.7209,
123.6,0.7919,1.7209,
123.7,0.7919,1.7209,
123.8,0.7919,1.7209,
123.9,0.7919,1.7209,
124,0.7919,1.7209,
124.1,0.7919,1.7209,
124.2,0.792,1.721,
124.3,0.792,1.721,
124.4,0.792,1.721,
124.5,0.7919,1.7209,
124.6,0.792,1.721,
124.7,0.792,1.721,
124.8,0.792,1.721,
124.9,0.792,1.721,
125,0.792,1.721,
125.1,0.792,1.721,
125.2,0.792,1.721,
125.3,0.7921,1.7211,
125.4,0.7921,1.7211,
125.5,0.7921,1.7211,
125.6,0.7921,1.7211,
125.7,0.7921,1.7211,
125.8,0.7921,1.7211,
125.9,0.7922,1.7212,
126,0.7921,1.7211,
126.1,0.7921,1.7211,
126.2,0.7922,1.7212,
126.3,0.7921,1.7211,
126.4,0.7922,1.7212,
126.5,0.7922,1.7212,
126.6,0.7922,1.7212,
126.7,0.7923,1.7213,
126.8,0.7922,1.7212,
126.9,0.7922,1.7212,
127,0.7923,1.7213,
127.1,0.7923,1.7213,
127.2,0.7924,1.7214,
127.3,0.7923,1.7213,
127.4,0.7924,1.7214,
127.5,0.7924,1.7214,
127.6,0.7924,1.7214,
127.7,0.7924,1.7214,
127.8,0.7924,1.7214,
127.9,0.7924,1.7214,
128,0.7923,1.7213,
128.1,0.7924,1.7214,
128.2,0.7924,1.7214,
128.3,0.7924,1.7214,
128.4,0.7925,1.7215,
128.5,0.7924,1.7214,
128.6,0.7924,1.7214,
128.7,0.7925,1.7215,
128.8,0.7925,1.7215,
128.9,0.7924,1.7214,
129,0.7924,1.7214,
129.1,0.7924,1.7214,
129.2,0.7924,1.7214,
129.3,0.7925,1.7215,
129.4,0.7925,1.7215,
129.5,0.7925,1.7215,
129.6,0.7925,1.7215,
129.7,0.7925,1.7215,
129.8,0.7925,1.7215,
129.9,0.7926,1.7216,
130,0.7926,1.7216,
130.1,0.7927,1.7217,
130.2,0.7926,1.7216,
130.3,0.7926,1.7216,
130.4,0.7926,1.7216,
130.5,0.7927,1.7217,
130.6,0.7927,1.7217,
130.7,0.7927,1.7217,
130.8,0.7926,1.7216,
130.9,0.7926,1.7216,
131,0.7926,1.7216,
131.1,0.7926,1.7216,
131.2,0.7927,1.7217,
131.3,0.7927,1.7217,
131.4,0.7927,1.7217,
131.5,0.7927,1.7217,
131.6,0.7927,1.7217,
131.7,0.7927,1.7217,
131.8,0.7927,1.7217,
131.9,0.7928,1.7218,
132,0.7927,1.7217,
132.1,0.7927,1.7217,
132.2,0.7927,1.7217,
132.3,0.7927,1.7217,
132.4,0.7928,1.7218,
132.5,0.7928,1.7218,
132.6,0.7928,1.7218,
132.7,0.7927,1.7217,
132.8,0.7927,1.7217,
132.9,0.7928,1.7218,
133,0.7929,1.7219,
133.1,0.7929,1.7219,
133.2,0.7928,1.7218,
133.3,0.7929,1.7219,
133.4,0.7929,1.7219,
133.5,0.7929,1.7219,
133.6,0.793,1.722,
133.7,0.7929,1.7219,
133.8,0.7929,1.7219,
133.9,0.7929,1.7219,
134,0.7929,1.7219,
134.1,0.793,1.722,
134.2,0.793,1.722,
134.3,0.793,1.722,
134.4,0.7929,1.7219,
134.5,0.7929,1.7219,
134.6,0.793,1.722,
134.7,0.7929,1.7219,
134.8,0.793,1.722,
134.9,0.7931,1.7221,
135,0.793,1.722,
135.1,0.793,1.722,
135.2,0.793,1.722,
135.3,0.7929,1.7219,
135.4,0.793,1.722,
135.5,0.793,1.722,
135.6,0.793,1.722,
135.7,0.793,1.722,
135.8,0.793,1.722,
135.9,0.7931,1.7221,
136,0.7931,1.7221,
136.1,0.793,1.722,
136.2,0.7931,1.7221,
136.3,0.7931,1.7221,
136.4,0.7931,1.7221,
136.5,0.7932,1.7222,
136.6,0.7932,1.7222,
136.7,0.7931,1.7221,
136.8,0.7932,1.7222,
136.9,0.7932,1.7222,
137,0.7932,1.7222,
137.1,0.7932,1.7222,
137.2,0.7933,1.7223,
137.3,0.7932,1.7222,
137.4,0.7932,1.7222,
137.5,0.7932,1.7222,
137.6,0.7932,1.7222,
137.7,0.7932,1.7222,
137.8,0.7933,1.7223,
137.9,0.7933,1.7223,
138,0.7932,1.7222,
138.1,0.7933,1.7223,
138.2,0.7934,1.7224,
138.3,0.7934,1.7224,
138.4,0.7934,1.7224,
138.5,0.7933,1.7223,
138.6,0.7934,1.7224,
138.7,0.7933,1.7223,
138.8,0.7934,1.7224,
138.9,0.7934,1.7224,
139,0.7934,1.7224,
139.1,0.7934,1.7224,
139.2,0.7934,1.7224,
139.3,0.7934,1.7224,
139.4,0.7934,1.7224,
139.5,0.7934,1.7224,
139.6,0.7934,1.7224,
139.7,0.7934,1.7224,
139.8,0.7934,1.7224,
139.9,0.7934,1.7224,
140,0.7934,1.7224,
140.1,0.7933,1.7223,
140.2,0.7934,1.7224,
140.3,0.7934,1.7224,
140.4,0.7934,1.7224,
140.5,0.7934,1.7224,
140.6,0.7934,1.7224,
140.7,0.7934,1.7224,
140.8,0.7934,1.7224,
140.9,0.7935,1.7225,
141,0.7935,1.7225,
141.1,0.7935,1.7225,
141.2,0.7936,1.7226,
141.3,0.7936,1.7226,
141.4,0.7936,1.7226,
141.5,0.7936,1.7226,
141.6,0.7936,1.7226,
141.7,0.7936,1.7226,
141.8,0.7935,1.7225,
141.9,0.7936,1.7226,
142,0.7936,1.7226,
142.1,0.7935,1.7225,
142.2,0.7935,1.7225,
142.3,0.7936,1.7226,
142.4,0.7936,1.7226,
142.5,0.7936,1.7226,
142.6,0.7936,1.7226,
142.7,0.7937,1.7227,
142.8,0.7937,1.7227,
142.9,0.7937,1.7227,
143,0.7936,1.7226,
143.1,0.7936,1.7226,
143.2,0.7936,1.7226,
143.3,0.7936,1.7226,
143.4,0.7935,1.7225,
143.5,0.7936,1.7226,
143.6,0.7936,1.7226,
143.7,0.7936,1.7226,
143.8,0.7937,1.7227,
143.9,0.7937,1.7227,
144,0.7937,1.7227,
144.1,0.7938,1.7228,
144.2,0.7937,1.7227,
144.3,0.7938,1.7228,
144.4,0.7937,1.7227,
144.5,0.7937,1.7227,
144.6,0.7938,1.7228,
144.7,0.7938,1.7228,
144.8,0.7938,1.7228,
144.9,0.7938,1.7228,
145,0.7939,1.7229,
145.1,0.7939,1.7229,
145.2,0.7939,1.7229,
145.3,0.7939,1.7229,
145.4,0.7939,1.7229,
145.5,0.7938,1.7228,
145.6,0.7938,1.7228,
145.7,0.7939,1.7229,
145.8,0.7939,1.7229,
145.9,0.7939,1.7229,
146,0.7939,1.7229,
146.1,0.794,1.723,
146.2,0.794,1.723,
146.3,0.794,1.723,
146.4,0.794,1.723,
146.5,0.794,1.723,
146.6,0.794,1.723,
146.7,0.794,1.723,
146.8,0.794,1.723,
146.9,0.794,1.723,
147,0.794,1.723,
147.1,0.7941,1.7231,
147.2,0.7941,1.7231,
147.3,0.7941,1.7231,
147.4,0.794,1.723,
147.5,0.794,1.723,
147.6,0.794,1.723,
147.7,0.794,1.723,
147.8,0.7941,1.7231,
147.9,0.7941,1.7231,
148,0.7941,1.7231,
148.1,0.7941,1.7231,
148.2,0.7941,1.7231,
148.3,0.7941,1.7231,
148.4,0.7941,1.7231,
148.5,0.7941,1.7231,
148.6,0.7941,1.7231,
148.7,0.7942,1.7232,
148.8,0.7942,1.7232,
148.9,0.7942,1.7232,
149,0.7942,1.7232,
149.1,0.7942,1.7232,
149.2,0.7942,1.7232,
149.3,0.7943,1.7233,
149.4,0.7942,1.7232,
149.5,0.7943,1.7233,
149.6,0.7944,1.7234,
149.7,0.7943,1.7233,
149.8,0.7943,1.7233,
149.9,0.7942,1.7232,
150,0.7942,1.7232,
150.1,0.7942,1.7232,
150.2,0.7942,1.7232,
150.3,0.7942,1.7232,
150.4,0.7943,1.7233,
150.5,0.7943,1.7233,
150.6,0.7943,1.7233,
150.7,0.7943,1.7233,
150.8,0.7943,1.7233,
150.9,0.7944,1.7234,
151,0.7944,1.7234,
151.1,0.7944,1.7234,
151.2,0.7944,1.7234,
151.3,0.7945,1.7235,
151.4,0.7944,1.7234,
151.5,0.7944,1.7234,
151.6,0.7944,1.7234,
151.7,0.7944,1.7234,
151.8,0.7944,1.7234,
151.9,0.7945,1.7235,
152,0.7945,1.7235,
152.1,0.7946,1.7236,
152.2,0.7945,1.7235,
152.3,0.7945,1.7235,
152.4,0.7946,1.7236,
152.5,0.7946,1.7236,
152.6,0.7944,1.7234,
152.7,0.7945,1.7235,
152.8,0.7945,1.7235,
152.9,0.7945,1.7235,
153,0.7945,1.7235,
153.1,0.7946,1.7236,
153.2,0.7946,1.7236,
153.3,0.7947,1.7237,
153.4,0.7947,1.7237,
153.5,0.7946,1.7236,
153.6,0.7945,1.7235,
153.7,0.7946,1.7236,
153.8,0.7945,1.7235,
153.9,0.7945,1.7235,
154,0.7946,1.7236,
154.1,0.7946,1.7236,
154.2,0.7946,1.7236,
154.3,0.7946,1.7236,
154.4,0.7946,1.7236,
154.5,0.7947,1.7237,
154.6,0.7947,1.7237,
154.7,0.7947,1.7237,
154.8,0.7947,1.7237,
154.9,0.7947,1.7237,
155,0.7948,1.7238,
155.1,0.7948,1.7238,
155.2,0.7948,1.7238,
155.3,0.7949,1.7239,
155.4,0.7948,1.7238,
155.5,0.7947,1.7237,
155.6,0.7947,1.7237,
155.7,0.7948,1.7238,
155.8,0.7948,1.7238,
155.9,0.7948,1.7238,
156,0.7948,1.7238,
156.1,0.7949,1.7239,
156.2,0.7949,1.7239,
156.3,0.7949,1.7239,
156.4,0.7949,1.7239,
156.5,0.7949,1.7239,
156.6,0.7948,1.7238,
156.7,0.7947,1.7237,
156.8,0.7948,1.7238,
156.9,0.7948,1.7238,
157,0.7948,1.7238,
157.1,0.7948,1.7238,
157.2,0.7949,1.7239,
157.3,0.7949,1.7239,
157.4,0.7948,1.7238,
157.5,0.7949,1.7239,
157.6,0.7949,1.7239,
157.7,0.7948,1.7238,
157.8,0.795,1.724,
157.9,0.795,1.724,
158,0.795,1.724,
158.1,0.7949,1.7239,
158.2,0.795,1.724,
158.3,0.795,1.724,
158.4,0.795,1.724,
158.5,0.795,1.724,
158.6,0.795,1.724,
158.7,0.795,1.724,
158.8,0.795,1.724,
158.9,0.795,1.724,
159,0.7951,1.7241,
159.1,0.7951,1.7241,
159.2,0.795,1.724,
159.3,0.7951,1.7241,
159.4,0.7951,1.7241,
159.5,0.7951,1.7241,
159.6,0.7951,1.7241,
159.7,0.7951,1.7241,
159.8,0.7951,1.7241,
159.9,0.795,1.724,
160,0.795,1.724,
160.1,0.795,1.724,
160.2,0.7951,1.7241,
160.3,0.795,1.724,
160.4,0.7951,1.7241,
160.5,0.7951,1.7241,
160.6,0.7951,1.7241,
160.7,0.7951,1.7241,
160.8,0.7951,1.7241,
160.9,0.7952,1.7242,
161,0.7952,1.7242,
161.1,0.7952,1.7242,
161.2,0.7952,1.7242,
161.3,0.7952,1.7242,
161.4,0.7953,1.7243,
161.5,0.7953,1.7243,
161.6,0.7952,1.7242,
161.7,0.7952,1.7242,
161.8,0.7952,1.7242,
161.9,0.7952,1.7242,
162,0.7953,1.7243,
162.1,0.7954,1.7244,
162.2,0.7954,1.7244,
162.3,0.7953,1.7243,
162.4,0.7953,1.7243,
162.5,0.7953,1.7243,
162.6,0.7954,1.7244,
162.7,0.7954,1.7244,
162.8,0.7954,1.7244,
162.9,0.7954,1.7244,
163,0.7954,1.7244,
163.1,0.7954,1.7244,
163.2,0.7954,1.7244,
163.3,0.7954,1.7244,
163.4,0.7955,1.7245,
163.5,0.7954,1.7244,
163.6,0.7955,1.7245,
163.7,0.7954,1.7244,
163.8,0.7955,1.7245,
163.9,0.7953,1.7243,
164,0.7954,1.7244,
164.1,0.7955,1.7245,
164.2,0.7955,1.7245,
164.3,0.7954,1.7244,
164.4,0.7954,1.7244,
164.5,0.7954,1.7244,
164.6,0.7954,1.7244,
164.7,0.7955,1.7245,
164.8,0.7955,1.7245,
164.9,0.7955,1.7245,
165,0.7955,1.7245,
165.1,0.7955,1.7245,
165.2,0.7955,1.7245,
165.3,0.7956,1.7246,
165.4,0.7956,1.7246,
165.5,0.7956,1.7246,
165.6,0.7956,1.7246,
165.7,0.7955,1.7245,
165.8,0.7955,1.7245,
165.9,0.7956,1.7246,
166,0.7956,1.7246,
166.1,0.7956,1.7246,
166.2,0.7956,1.7246,
166.3,0.7956,1.7246,
166.4,0.7956,1.7246,
166.5,0.7956,1.7246,
166.6,0.7956,1.7246,
166.7,0.7956,1.7246,
166.8,0.7956,1.7246,
166.9,0.7956,1.7246,
167,0.7956,1.7246,
167.1,0.7956,1.7246,
167.2,0.7957,1.7247,
167.3,0.7957,1.7247,
167.4,0.7957,1.7247,
167.5,0.7956,1.7246,
167.6,0.7956,1.7246,
167.7,0.7957,1.7247,
167.8,0.7957,1.7247,
167.9,0.7958,1.7248,
168,0.7957,1.7247,
168.1,0.7957,1.7247,
168.2,0.7957,1.7247,
168.3,0.7957,1.7247,
168.4,0.7957,1.7247,
168.5,0.7957,1.7247,
168.6,0.7957,1.7247,
168.7,0.7957,1.7247,
168.8,0.7958,1.7248,
168.9,0.7958,1.7248,
169,0.7958,1.7248,
169.1,0.7957,1.7247,
169.2,0.7958,1.7248,
169.3,0.7958,1.7248,
169.4,0.7958,1.7248,
169.5,0.7958,1.7248,
169.6,0.7958,1.7248,
169.7,0.7958,1.7248,
169.8,0.7958,1.7248,
169.9,0.7959,1.7249,
170,0.7959,1.7249,
170.1,0.7959,1.7249,
170.2,0.7959,1.7249,
170.3,0.7958,1.7248,
170.4,0.7959,1.7249,
170.5,0.796,1.725,
170.6,0.796,1.725,
170.7,0.7959,1.7249,
170.8,0.7959,1.7249,
170.9,0.7959,1.7249,
171,0.796,1.725,
171.1,0.796,1.725,
171.2,0.796,1.725,
171.3,0.796,1.725,
171.4,0.7959,1.7249,
171.5,0.7959,1.7249,
171.6,0.7959,1.7249,
171.7,0.796,1.725,
171.8,0.7961,1.7251,
171.9,0.796,1.725,
172,0.796,1.725,
172.1,0.796,1.725,
172.2,0.7961,1.7251,
172.3,0.7961,1.7251,
172.4,0.796,1.725,
172.5,0.7961,1.7251,
172.6,0.7961,1.7251,
172.7,0.7961,1.7251,
172.8,0.7961,1.7251,
172.9,0.7961,1.7251,
173,0.7961,1.7251,
173.1,0.7961,1.7251,
173.2,0.7962,1.7252,
173.3,0.7961,1.7251,
173.4,0.7961,1.7251,
173.5,0.7961,1.7251,
173.6,0.7962,1.7252,
173.7,0.7962,1.7252,
173.8,0.7962,1.7252,
173.9,0.7961,1.7251,
174,0.7962,1.7252,
174.1,0.7961,1.7251,
174.2,0.7962,1.7252,
174.3,0.7963,1.7253,
174.4,0.7962,1.7252,
174.5,0.7962,1.7252,
174.6,0.7962,1.7252,
174.7,0.7963,1.7253,
174.8,0.7963,1.7253,
174.9,0.7963,1.7253,
175,0.7962,1.7252,
175.1,0.7962,1.7252,
175.2,0.7962,1.7252,
175.3,0.7963,1.7253,
175.4,0.7963,1.7253,
175.5,0.7963,1.7253,
175.6,0.7963,1.7253,
175.7,0.7963,1.7253,
175.8,0.7963,1.7253,
175.9,0.7963,1.7253,
176,0.7963,1.7253,
176.1,0.7963,1.7253,
176.2,0.7964,1.7254,
176.3,0.7964,1.7254,
176.4,0.7964,1.7254,
176.5,0.7964,1.7254,
176.6,0.7964,1.7254,
176.7,0.7964,1.7254,
176.8,0.7965,1.7255,
176.9,0.7965,1.7255,
177,0.7965,1.7255,
177.1,0.7964,1.7254,
177.2,0.7964,1.7254,
177.3,0.7964,1.7254,
177.4,0.7965,1.7255,
177.5,0.7965,1.7255,
177.6,0.7964,1.7254,
177.7,0.7964,1.7254,
177.8,0.7964,1.7254,
177.9,0.7965,1.7255,
178,0.7965,1.7255,
178.1,0.7965,1.7255,
178.2,0.7965,1.7255,
178.3,0.7965,1.7255,
178.4,0.7965,1.7255,
178.5,0.7965,1.7255,
178.6,0.7965,1.7255,
178.7,0.7965,1.7255,
178.8,0.7966,1.7256,
178.9,0.7966,1.7256,
179,0.7966,1.7256,
179.1,0.7965,1.7255,
179.2,0.7966,1.7256,
179.3,0.7966,1.7256,
179.4,0.7966,1.7256,
179.5,0.7966,1.7256,
179.6,0.7966,1.7256,
179.7,0.7966,1.7256,
179.8,0.7966,1.7256,
179.9,0.7966,1.7256,
180,0.7966,1.7256,
180.1,0.7966,1.7256,
180.2,0.7966,1.7256,
180.3,0.7967,1.7257,
180.4,0.7967,1.7257,
180.5,0.7967,1.7257,
180.6,0.7967,1.7257,
180.7,0.7967,1.7257,
180.8,0.7967,1.7257,
180.9,0.7967,1.7257,
181,0.7967,1.7257,
181.1,0.7967,1.7257,
181.2,0.7966,1.7256,
181.3,0.7967,1.7257,
181.4,0.7967,1.7257,
181.5,0.7967,1.7257,
181.6,0.7967,1.7257,
181.7,0.7967,1.7257,
181.8,0.7967,1.7257,
181.9,0.7967,1.7257,
182,0.7967,1.7257,
182.1,0.7967,1.7257,
182.2,0.7968,1.7258,
182.3,0.7967,1.7257,
182.4,0.7967,1.7257,
182.5,0.7967,1.7257,
182.6,0.7968,1.7258,
182.7,0.7969,1.7259,
182.8,0.7968,1.7258,
182.9,0.7968,1.7258,
183,0.7967,1.7257,
183.1,0.7968,1.7258,
183.2,0.7968,1.7258,
183.3,0.7968,1.7258,
183.4,0.7969,1.7259,
183.5,0.7968,1.7258,
183.6,0.7969,1.7259,
183.7,0.7969,1.7259,
183.8,0.7969,1.7259,
183.9,0.7969,1.7259,
184,0.797,1.726,
184.1,0.797,1.726,
184.2,0.7969,1.7259,
184.3,0.7969,1.7259,
184.4,0.7969,1.7259,
184.5,0.797,1.726,
184.6,0.7969,1.7259,
184.7,0.7969,1.7259,
184.8,0.797,1.726,
184.9,0.797,1.726,
185,0.7969,1.7259,
185.1,0.7969,1.7259,
185.2,0.797,1.726,
185.3,0.797,1.726,
185.4,0.797,1.726,
185.5,0.797,1.726,
185.6,0.7971,1.7261,
185.7,0.7971,1.7261,
185.8,0.797,1.726,
185.9,0.7971,1.7261,
186,0.7971,1.7261,
186.1,0.7971,1.7261,
186.2,0.7971,1.7261,
186.3,0.7972,1.7262,
186.4,0.7972,1.7262,
186.5,0.7971,1.7261,
186.6,0.7971,1.7261,
186.7,0.7971,1.7261,
186.8,0.7971,1.7261,
186.9,0.7971,1.7261,
187,0.7971,1.7261,
187.1,0.7971,1.7261,
187.2,0.7972,1.7262,
187.3,0.7971,1.7261,
187.4,0.7972,1.7262,
187.5,0.7972,1.7262,
187.6,0.7972,1.7262,
187.7,0.7972,1.7262,
187.8,0.7971,1.7261,
187.9,0.7971,1.7261,
188,0.7972,1.7262,
188.1,0.7971,1.7261,
188.2,0.7971,1.7261,
188.3,0.7971,1.7261,
188.4,0.7971,1.7261,
188.5,0.7971,1.7261,
188.6,0.7972,1.7262,
188.7,0.7972,1.7262,
188.8,0.7972,1.7262,
188.9,0.7972,1.7262,
189,0.7972,1.7262,
189.1,0.7972,1.7262,
189.2,0.7972,1.7262,
189.3,0.7972,1.7262,
189.4,0.7972,1.7262,
189.5,0.7973,1.7263,
189.6,0.7972,1.7262,
189.7,0.7973,1.7263,
189.8,0.7974,1.7264,
189.9,0.7973,1.7263,
190,0.7973,1.7263,
190.1,0.7973,1.7263,
190.2,0.7973,1.7263,
190.3,0.7973,1.7263,
190.4,0.7974,1.7264,
190.5,0.7974,1.7264,
190.6,0.7974,1.7264,
190.7,0.7974,1.7264,
190.8,0.7974,1.7264,
190.9,0.7974,1.7264,
191,0.7975,1.7265,
191.1,0.7974,1.7264,
191.2,0.7973,1.7263,
191.3,0.7974,1.7264,
191.4,0.7974,1.7264,
191.5,0.7974,1.7264,
191.6,0.7974,1.7264,
191.7,0.7975,1.7265,
191.8,0.7975,1.7265,
191.9,0.7974,1.7264,
192,0.7975,1.7265,
192.1,0.7975,1.7265,
192.2,0.7976,1.7266,
192.3,0.7976,1.7266,
192.4,0.7975,1.7265,
192.5,0.7975,1.7265,
192.6,0.7975,1.7265,
192.7,0.7975,1.7265,
192.8,0.7976,1.7266,
192.9,0.7976,1.7266,
193,0.7976,1.7266,
193.1,0.7976,1.7266,
193.2,0.7976,1.7266,
193.3,0.7977,1.7267,
193.4,0.7976,1.7266,
193.5,0.7976,1.7266,
193.6,0.7976,1.7266,
193.7,0.7976,1.7266,
193.8,0.7976,1.7266,
193.9,0.7976,1.7266,
194,0.7976,1.7266,
194.1,0.7976,1.7266,
194.2,0.7976,1.7266,
194.3,0.7977,1.7267,
194.4,0.7977,1.7267,
194.5,0.7977,1.7267,
194.6,0.7976,1.7266,
194.7,0.7976,1.7266,
194.8,0.7977,1.7267,
194.9,0.7977,1.7267,
195,0.7977,1.7267,
195.1,0.7977,1.7267,
195.2,0.7977,1.7267,
195.3,0.7977,1.7267,
195.4,0.7977,1.7267,
195.5,0.7978,1.7268,
195.6,0.7977,1.7267,
195.7,0.7977,1.7267,
195.8,0.7977,1.7267,
195.9,0.7978,1.7268,
196,0.7978,1.7268,
196.1,0.7978,1.7268,
196.2,0.7978,1.7268,
196.3,0.7978,1.7268,
196.4,0.7977,1.7267,
196.5,0.7977,1.7267,
196.6,0.7978,1.7268,
196.7,0.7978,1.7268,
196.8,0.7978,1.7268,
196.9,0.7978,1.7268,
197,0.7978,1.7268,
197.1,0.7979,1.7269,
197.2,0.7979,1.7269,
197.3,0.7979,1.7269,
197.4,0.7978,1.7268,
197.5,0.7978,1.7268,
197.6,0.7979,1.7269,
197.7,0.7979,1.7269,
197.8,0.7979,1.7269,
197.9,0.798,1.727,
198,0.798,1.727,
198.1,0.7979,1.7269,
198.2,0.7979,1.7269,
198.3,0.7979,1.7269,
198.4,0.798,1.727,
198.5,0.798,1.727,
198.6,0.798,1.727,
198.7,0.798,1.727,
198.8,0.798,1.727,
198.9,0.798,1.727,
199,0.798,1.727,
199.1,0.798,1.727,
199.2,0.7981,1.7271,
199.3,0.7981,1.7271,
199.4,0.798,1.727,
199.5,0.798,1.727,
199.6,0.798,1.727,
199.7,0.798,1.727,
199.8,0.798,1.727,
199.9,0.798,1.727,
200,0.798,1.727,
200.1,0.798,1.727,
200.2,0.798,1.727,
200.3,0.798,1.727,
200.4,0.7981,1.7271,
200.5,0.7981,1.7271,
200.6,0.7981,1.7271,
200.7,0.798,1.727,
200.8,0.798,1.727,
200.9,0.7981,1.7271,
201,0.7981,1.7271,
201.1,0.7981,1.7271,
201.2,0.7981,1.7271,
201.3,0.7982,1.7272,
201.4,0.7981,1.7271,
201.5,0.7981,1.7271,
201.6,0.7981,1.7271,
201.7,0.7982,1.7272,
201.8,0.7982,1.7272,
201.9,0.7982,1.7272,
202,0.7981,1.7271,
202.1,0.7981,1.7271,
202.2,0.7982,1.7272,
202.3,0.7982,1.7272,
202.4,0.7982,1.7272,
202.5,0.7982,1.7272,
202.6,0.7982,1.7272,
202.7,0.7982,1.7272,
202.8,0.7982,1.7272,
202.9,0.7982,1.7272,
203,0.7982,1.7272,
203.1,0.7983,1.7273,
203.2,0.7983,1.7273,
203.3,0.7982,1.7272,
203.4,0.7983,1.7273,
203.5,0.7983,1.7273,
203.6,0.7983,1.7273,
203.7,0.7983,1.7273,
203.8,0.7983,1.7273,
203.9,0.7983,1.7273,
204,0.7983,1.7273,
204.1,0.7983,1.7273,
204.2,0.7983,1.7273,
204.3,0.7983,1.7273,
204.4,0.7984,1.7274,
204.5,0.7983,1.7273,
204.6,0.7983,1.7273,
204.7,0.7983,1.7273,
204.8,0.7984,1.7274,
204.9,0.7984,1.7274,
205,0.7983,1.7273,
205.1,0.7984,1.7274,
205.2,0.7985,1.7275,
205.3,0.7984,1.7274,
205.4,0.7985,1.7275,
205.5,0.7985,1.7275,
205.6,0.7985,1.7275,
205.7,0.7986,1.7276,
205.8,0.7986,1.7276,
205.9,0.7985,1.7275,
206,0.7985,1.7275,
206.1,0.7985,1.7275,
206.2,0.7985,1.7275,
206.3,0.7985,1.7275,
206.4,0.7986,1.7276,
206.5,0.7985,1.7275,
206.6,0.7986,1.7276,
206.7,0.7985,1.7275,
206.8,0.7985,1.7275,
206.9,0.7985,1.7275,
207,0.7984,1.7274,
207.1,0.7985,1.7275,
207.2,0.7985,1.7275,
207.3,0.7985,1.7275,
207.4,0.7986,1.7276,
207.5,0.7985,1.7275,
207.6,0.7986,1.7276,
207.7,0.7986,1.7276,
207.8,0.7985,1.7275,
207.9,0.7986,1.7276,
208,0.7986,1.7276,
208.1,0.7986,1.7276,
208.2,0.7986,1.7276,
208.3,0.7986,1.7276,
208.4,0.7986,1.7276,
208.5,0.7987,1.7277,
208.6,0.7986,1.7276,
208.7,0.7986,1.7276,
208.8,0.7986,1.7276,
208.9,0.7987,1.7277,
209,0.7986,1.7276,
209.1,0.7987,1.7277,
209.2,0.7987,1.7277,
209.3,0.7987,1.7277,
209.4,0.7988,1.7278,
209.5,0.7987,1.7277,
209.6,0.7987,1.7277,
209.7,0.7987,1.7277,
209.8,0.7987,1.7277,
209.9,0.7987,1.7277,
210,0.7988,1.7278,
210.1,0.7988,1.7278,
210.2,0.7988,1.7278,
210.3,0.7988,1.7278,
210.4,0.7988,1.7278,
210.5,0.7988,1.7278,
210.6,0.7988,1.7278,
210.7,0.7988,1.7278,
210.8,0.7988,1.7278,
210.9,0.7989,1.7279,
211,0.7988,1.7278,
211.1,0.7989,1.7279,
211.2,0.7988,1.7278,
211.3,0.7988,1.7278,
211.4,0.7988,1.7278,
211.5,0.7987,1.7277,
211.6,0.7988,1.7278,
211.7,0.7988,1.7278,
211.8,0.7988,1.7278,
211.9,0.7989,1.7279,
212,0.7989,1.7279,
212.1,0.7988,1.7278,
212.2,0.7988,1.7278,
212.3,0.7988,1.7278,
212.4,0.7989,1.7279,
212.5,0.7989,1.7279,
212.6,0.7989,1.7279,
212.7,0.7988,1.7278,
212.8,0.7988,1.7278,
212.9,0.7989,1.7279,
213,0.799,1.728,
213.1,0.799,1.728,
213.2,0.7989,1.7279,
213.3,0.799,1.728,
213.4,0.799,1.728,
213.5,0.799,1.728,
213.6,0.799,1.728,
213.7,0.799,1.728,
213.8,0.799,1.728,
213.9,0.799,1.728,
214,0.799,1.728,
214.1,0.7989,1.7279,
214.2,0.7989,1.7279,
214.3,0.7989,1.7279,
214.4,0.799,1.728,
214.5,0.799,1.728,
214.6,0.7989,1.7279,
214.7,0.7989,1.7279,
214.8,0.799,1.728,
214.9,0.7989,1.7279,
215,0.7989,1.7279,
215.1,0.799,1.728,
215.2,0.799,1.728,
215.3,0.799,1.728,
215.4,0.799,1.728,
215.5,0.7991,1.7281,
215.6,0.7991,1.7281,
215.7,0.7991,1.7281,
215.8,0.7991,1.7281,
215.9,0.7991,1.7281,
216,0.7991,1.7281,
216.1,0.799,1.728,
216.2,0.7991,1.7281,
216.3,0.7991,1.7281,
216.4,0.7991,1.7281,
216.5,0.7991,1.7281,
216.6,0.7991,1.7281,
216.7,0.7991,1.7281,
216.8,0.7991,1.7281,
216.9,0.7991,1.7281,
217,0.7991,1.7281,
217.1,0.7991,1.7281,
217.2,0.7991,1.7281,
217.3,0.7991,1.7281,
217.4,0.7991,1.7281,
217.5,0.7992,1.7282,
217.6,0.7991,1.7281,
217.7,0.7991,1.7281,
217.8,0.7992,1.7282,
217.9,0.7993,1.7283,
218,0.7992,1.7282,
218.1,0.7992,1.7282,
218.2,0.7993,1.7283,
218.3,0.7993,1.7283,
218.4,0.7993,1.7283,
218.5,0.7993,1.7283,
218.6,0.7993,1.7283,
218.7,0.7993,1.7283,
218.8,0.7993,1.7283,
218.9,0.7993,1.7283,
219,0.7993,1.7283,
219.1,0.7994,1.7284,
219.2,0.7993,1.7283,
219.3,0.7993,1.7283,
219.4,0.7993,1.7283,
219.5,0.7993,1.7283,
219.6,0.7994,1.7284,
219.7,0.7993,1.7283,
219.8,0.7994,1.7284,
219.9,0.7995,1.7285,
220,0.7994,1.7284,
220.1,0.7994,1.7284,
220.2,0.7994,1.7284,
220.3,0.7993,1.7283,
220.4,0.7994,1.7284,
220.5,0.7994,1.7284,
220.6,0.7995,1.7285,
220.7,0.7995,1.7285,
220.8,0.7994,1.7284,
220.9,0.7995,1.7285,
221,0.7994,1.7284,
221.1,0.7994,1.7284,
221.2,0.7995,1.7285,
221.3,0.7995,1.7285,
221.4,0.7995,1.7285,
221.5,0.7994,1.7284,
221.6,0.7994,1.7284,
221.7,0.7995,1.7285,
221.8,0.7995,1.7285,
221.9,0.7995,1.7285,
222,0.7995,1.7285,
222.1,0.7995,1.7285,
222.2,0.7995,1.7285,
222.3,0.7995,1.7285,
222.4,0.7995,1.7285,
222.5,0.7995,1.7285,
222.6,0.7995,1.7285,
222.7,0.7995,1.7285,
222.8,0.7995,1.7285,
222.9,0.7995,1.7285,
223,0.7995,1.7285,
223.1,0.7996,1.7286,
223.2,0.7996,1.7286,
223.3,0.7996,1.7286,
223.4,0.7996,1.7286,
223.5,0.7996,1.7286,
223.6,0.7996,1.7286,
223.7,0.7997,1.7287,
223.8,0.7998,1.7288,
223.9,0.7997,1.7287,
224,0.7997,1.7287,
224.1,0.7997,1.7287,
224.2,0.7997,1.7287,
224.3,0.7998,1.7288,
224.4,0.7997,1.7287,
224.5,0.7997,1.7287,
224.6,0.7997,1.7287,
224.7,0.7997,1.7287,
224.8,0.7997,1.7287,
224.9,0.7996,1.7286,
225,0.7997,1.7287,
225.1,0.7997,1.7287,
225.2,0.7997,1.7287,
225.3,0.7997,1.7287,
225.4,0.7997,1.7287,
225.5,0.7997,1.7287,
225.6,0.7998,1.7288,
225.7,0.7998,1.7288,
225.8,0.7998,1.7288,
225.9,0.7998,1.7288,
226,0.7998,1.7288,
226.1,0.7998,1.7288,
226.2,0.7999,1.7289,
226.3,0.7998,1.7288,
226.4,0.7999,1.7289,
226.5,0.7999,1.7289,
226.6,0.7999,1.7289,
226.7,0.7999,1.7289,
226.8,0.7999,1.7289,
226.9,0.8,1.729,
227,0.8,1.729,
227.1,0.8,1.729,
227.2,0.8,1.729,
227.3,0.8,1.729,
227.4,0.8,1.729,
227.5,0.8,1.729,
227.6,0.7999,1.7289,
227.7,0.7999,1.7289,
227.8,0.8,1.729,
227.9,0.8,1.729,
228,0.8,1.729,
228.1,0.8,1.729,
228.2,0.8,1.729,
228.3,0.8,1.729,
228.4,0.8,1.729,
228.5,0.8,1.729,
228.6,0.7999,1.7289,
228.7,0.8,1.729,
228.8,0.8,1.729,
228.9,0.8,1.729,
229,0.8,1.729,
229.1,0.8,1.729,
229.2,0.8001,1.7291,
229.3,0.8001,1.7291,
229.4,0.8,1.729,
229.5,0.8,1.729,
229.6,0.8001,1.7291,
229.7,0.8002,1.7292,
229.8,0.8001,1.7291,
229.9,0.8001,1.7291,
230,0.8001,1.7291,
230.1,0.8001,1.7291,
230.2,0.8001,1.7291,
230.3,0.8001,1.7291,
230.4,0.8001,1.7291,
230.5,0.8001,1.7291,
230.6,0.8001,1.7291,
230.7,0.8001,1.7291,
230.8,0.8001,1.7291,
230.9,0.8001,1.7291,
231,0.8002,1.7292,
231.1,0.8001,1.7291,
231.2,0.8002,1.7292,
231.3,0.8001,1.7291,
231.4,0.8001,1.7291,
231.5,0.8002,1.7292,
231.6,0.8002,1.7292,
231.7,0.8001,1.7291,
231.8,0.8001,1.7291,
231.9,0.8001,1.7291,
232,0.8001,1.7291,
232.1,0.8001,1.7291,
232.2,0.8002,1.7292,
232.3,0.8002,1.7292,
232.4,0.8002,1.7292,
232.5,0.8002,1.7292,
232.6,0.8001,1.7291,
232.7,0.8002,1.7292,
232.8,0.8002,1.7292,
232.9,0.8002,1.7292,
233,0.8002,1.7292,
233.1,0.8003,1.7293,
233.2,0.8003,1.7293,
233.3,0.8002,1.7292,
233.4,0.8002,1.7292,
233.5,0.8002,1.7292,
233.6,0.8002,1.7292,
233.7,0.8002,1.7292,
233.8,0.8002,1.7292,
233.9,0.8002,1.7292,
234,0.8003,1.7293,
234.1,0.8004,1.7294,
234.2,0.8003,1.7293,
234.3,0.8003,1.7293,
234.4,0.8003,1.7293,
234.5,0.8003,1.7293,
234.6,0.8003,1.7293,
234.7,0.8003,1.7293,
234.8,0.8003,1.7293,
234.9,0.8004,1.7294,
235,0.8004,1.7294,
235.1,0.8004,1.7294,
235.2,0.8004,1.7294,
235.3,0.8004,1.7294,
235.4,0.8004,1.7294,
235.5,0.8004,1.7294,
235.6,0.8004,1.7294,
235.7,0.8005,1.7295,
235.8,0.8005,1.7295,
235.9,0.8004,1.7294,
236,0.8004,1.7294,
236.1,0.8005,1.7295,
236.2,0.8005,1.7295,
236.3,0.8005,1.7295,
236.4,0.8005,1.7295,
236.5,0.8004,1.7294,
236.6,0.8005,1.7295,
236.7,0.8005,1.7295,
236.8,0.8004,1.7294,
236.9,0.8005,1.7295,
237,0.8005,1.7295,
237.1,0.8005,1.7295,
237.2,0.8005,1.7295,
237.3,0.8005,1.7295,
237.4,0.8005,1.7295,
237.5,0.8005,1.7295,
237.6,0.8005,1.7295,
237.7,0.8005,1.7295,
237.8,0.8005,1.7295,
237.9,0.8006,1.7296,
238,0.8006,1.7296,
238.1,0.8006,1.7296,
238.2,0.8005,1.7295,
238.3,0.8005,1.7295,
238.4,0.8006,1.7296,
238.5,0.8007,1.7297,
238.6,0.8007,1.7297,
238.7,0.8007,1.7297,
238.8,0.8007,1.7297,
238.9,0.8007,1.7297,
239,0.8006,1.7296,
239.1,0.8007,1.7297,
239.2,0.8007,1.7297,
239.3,0.8007,1.7297,
239.4,0.8008,1.7298,
239.5,0.8007,1.7297,
239.6,0.8006,1.7296,
239.7,0.8007,1.7297,
239.8,0.8007,1.7297,
239.9,0.8007,1.7297,
240,0.8007,1.7297,
240.1,0.8007,1.7297,
240.2,0.8007,1.7297,
240.3,0.8007,1.7297,
240.4,0.8007,1.7297,
240.5,0.8007,1.7297,
240.6,0.8007,1.7297,
240.7,0.8008,1.7298,
240.8,0.8007,1.7297,
240.9,0.8008,1.7298,
241,0.8007,1.7297,
241.1,0.8007,1.7297,
241.2,0.8008,1.7298,
241.3,0.8008,1.7298,
241.4,0.8008,1.7298,
241.5,0.8008,1.7298,
241.6,0.8008,1.7298,
241.7,0.8008,1.7298,
241.8,0.8009,1.7299,
241.9,0.8009,1.7299,
242,0.8008,1.7298,
242.1,0.8008,1.7298,
242.2,0.8008,1.7298,
242.3,0.8009,1.7299,
242.4,0.8008,1.7298,
242.5,0.8008,1.7298,
242.6,0.8008,1.7298,
242.7,0.8008,1.7298,
242.8,0.8009,1.7299,
242.9,0.8009,1.7299,
243,0.8009,1.7299,
243.1,0.8008,1.7298,
243.2,0.8008,1.7298,
243.3,0.8009,1.7299,
243.4,0.8009,1.7299,
243.5,0.8008,1.7298,
243.6,0.8007,1.7297,
243.7,0.8008,1.7298,
243.8,0.8008,1.7298,
243.9,0.8009,1.7299,
244,0.8009,1.7299,
244.1,0.8009,1.7299,
244.2,0.8009,1.7299,
244.3,0.8009,1.7299,
244.4,0.8009,1.7299,
244.5,0.8009,1.7299,
244.6,0.801,1.73,
244.7,0.8009,1.7299,
244.8,0.8009,1.7299,
244.9,0.801,1.73,
245,0.801,1.73,
245.1,0.801,1.73,
245.2,0.8009,1.7299,
245.3,0.801,1.73,
245.4,0.801,1.73,
245.5,0.8011,1.7301,
245.6,0.801,1.73,
245.7,0.801,1.73,
245.8,0.8011,1.7301,
245.9,0.8011,1.7301,
246,0.8011,1.7301,
246.1,0.8011,1.7301,
246.2,0.8011,1.7301,
246.3,0.8011,1.7301,
246.4,0.8011,1.7301,
246.5,0.801,1.73,
246.6,0.801,1.73,
246.7,0.8011,1.7301,
246.8,0.8011,1.7301,
246.9,0.8011,1.7301,
247,0.801,1.73,
247.1,0.801,1.73,
247.2,0.801,1.73,
247.3,0.8011,1.7301,
247.4,0.801,1.73,
247.5,0.801,1.73,
247.6,0.801,1.73,
247.7,0.8011,1.7301,
247.8,0.8011,1.7301,
247.9,0.801,1.73,
248,0.8011,1.7301,
248.1,0.8012,1.7302,
248.2,0.8011,1.7301,
248.3,0.8012,1.7302,
248.4,0.8012,1.7302,
248.5,0.8012,1.7302,
248.6,0.8012,1.7302,
248.7,0.8012,1.7302,
248.8,0.8011,1.7301,
248.9,0.8012,1.7302,
249,0.8012,1.7302,
249.1,0.8012,1.7302,
249.2,0.8012,1.7302,
249.3,0.8012,1.7302,
249.4,0.8013,1.7303,
249.5,0.8012,1.7302,
249.6,0.8012,1.7302,
249.7,0.8012,1.7302,
249.8,0.8011,1.7301,
249.9,0.8012,1.7302,
250,0.8013,1.7303,
250.1,0.8013,1.7303,
250.2,0.8012,1.7302,
250.3,0.8012,1.7302,
250.4,0.8012,1.7302,
250.5,0.8013,1.7303,
250.6,0.8012,1.7302,
250.7,0.8013,1.7303,
250.8,0.8013,1.7303,
250.9,0.8012,1.7302,
251,0.8013,1.7303,
251.1,0.8013,1.7303,
251.2,0.8013,1.7303,
251.3,0.8013,1.7303,
251.4,0.8013,1.7303,
251.5,0.8013,1.7303,
251.6,0.8014,1.7304,
251.7,0.8014,1.7304,
251.8,0.8014,1.7304,
251.9,0.8013,1.7303,
252,0.8015,1.7305,
252.1,0.8015,1.7305,
252.2,0.8014,1.7304,
252.3,0.8014,1.7304,
252.4,0.8015,1.7305,
252.5,0.8015,1.7305,
252.6,0.8015,1.7305,
252.7,0.8015,1.7305,
252.8,0.8015,1.7305,
252.9,0.8015,1.7305,
253,0.8014,1.7304,
253.1,0.8015,1.7305,
253.2,0.8015,1.7305,
253.3,0.8015,1.7305,
253.4,0.8015,1.7305,
253.5,0.8015,1.7305,
253.6,0.8015,1.7305,
253.7,0.8015,1.7305,
253.8,0.8015,1.7305,
253.9,0.8015,1.7305,
254,0.8015,1.7305,
254.1,0.8015,1.7305,
254.2,0.8016,1.7306,
254.3,0.8016,1.7306,
254.4,0.8015,1.7305,
254.5,0.8015,1.7305,
254.6,0.8016,1.7306,
254.7,0.8016,1.7306,
254.8,0.8017,1.7307,
254.9,0.8016,1.7306,
255,0.8016,1.7306,
255.1,0.8017,1.7307,
255.2,0.8017,1.7307,
255.3,0.8016,1.7306,
255.4,0.8016,1.7306,
255.5,0.8016,1.7306,
255.6,0.8017,1.7307,
255.7,0.8016,1.7306,
255.8,0.8016,1.7306,
255.9,0.8017,1.7307,
256,0.8017,1.7307,
256.1,0.8017,1.7307,
256.2,0.8017,1.7307,
256.3,0.8017,1.7307,
256.4,0.8018,1.7308,
256.5,0.8018,1.7308,
256.6,0.8018,1.7308,
256.7,0.8018,1.7308,
256.8,0.8018,1.7308,
256.9,0.8018,1.7308,
257,0.8018,1.7308,
257.1,0.8018,1.7308,
257.2,0.8019,1.7309,
257.3,0.8019,1.7309,
257.4,0.8019,1.7309,
257.5,0.8019,1.7309,
257.6,0.8019,1.7309,
257.7,0.8018,1.7308,
257.8,0.8019,1.7309,
257.9,0.8019,1.7309,
258,0.8019,1.7309,
258.1,0.8019,1.7309,
258.2,0.8019,1.7309,
258.3,0.8019,1.7309,
258.4,0.8018,1.7308,
258.5,0.8017,1.7307,
258.6,0.8018,1.7308,
258.7,0.8018,1.7308,
258.8,0.8019,1.7309,
258.9,0.8019,1.7309,
259,0.8019,1.7309,
259.1,0.8019,1.7309,
259.2,0.8018,1.7308,
259.3,0.8018,1.7308,
259.4,0.8018,1.7308,
259.5,0.8018,1.7308,
259.6,0.8018,1.7308,
259.7,0.8019,1.7309,
259.8,0.8019,1.7309,
259.9,0.8019,1.7309,
260,0.8019,1.7309,
260.1,0.802,1.731,
260.2,0.802,1.731,
260.3,0.802,1.731,
260.4,0.802,1.731,
260.5,0.802,1.731,
260.6,0.8021,1.7311,
260.7,0.8021,1.7311,
260.8,0.8021,1.7311,
260.9,0.8021,1.7311,
261,0.8021,1.7311,
261.1,0.802,1.731,
261.2,0.802,1.731,
261.3,0.8021,1.7311,
261.4,0.8021,1.7311,
261.5,0.802,1.731,
261.6,0.8021,1.7311,
261.7,0.8022,1.7312,
261.8,0.8022,1.7312,
261.9,0.8022,1.7312,
262,0.8021,1.7311,
262.1,0.8021,1.7311,
262.2,0.8022,1.7312,
262.3,0.8022,1.7312,
262.4,0.8022,1.7312,
262.5,0.8021,1.7311,
262.6,0.8022,1.7312,
262.7,0.8023,1.7313,
262.8,0.8023,1.7313,
262.9,0.8022,1.7312,
263,0.8022,1.7312,
263.1,0.8022,1.7312,
263.2,0.8022,1.7312,
263.3,0.8023,1.7313,
263.4,0.8023,1.7313,
263.5,0.8023,1.7313,
263.6,0.8023,1.7313,
263.7,0.8023,1.7313,
263.8,0.8023,1.7313,
263.9,0.8023,1.7313,
264,0.8023,1.7313,
264.1,0.8023,1.7313,
264.2,0.8023,1.7313,
264.3,0.8022,1.7312,
264.4,0.8022,1.7312,
264.5,0.8022,1.7312,
264.6,0.8022,1.7312,
264.7,0.8022,1.7312,
264.8,0.8023,1.7313,
264.9,0.8023,1.7313,
265,0.8023,1.7313,
265.1,0.8023,1.7313,
265.2,0.8023,1.7313,
265.3,0.8024,1.7314,
265.4,0.8024,1.7314,
265.5,0.8024,1.7314,
265.6,0.8023,1.7313,
265.7,0.8023,1.7313,
265.8,0.8024,1.7314,
265.9,0.8024,1.7314,
266,0.8024,1.7314,
266.1,0.8024,1.7314,
266.2,0.8023,1.7313,
266.3,0.8023,1.7313,
266.4,0.8023,1.7313,
266.5,0.8023,1.7313,
266.6,0.8023,1.7313,
266.7,0.8024,1.7314,
266.8,0.8024,1.7314,
266.9,0.8025,1.7315,
267,0.8024,1.7314,
267.1,0.8024,1.7314,
267.2,0.8024,1.7314,
267.3,0.8024,1.7314,
267.4,0.8025,1.7315,
267.5,0.8025,1.7315,
267.6,0.8025,1.7315,
267.7,0.8025,1.7315,
267.8,0.8026,1.7316,
267.9,0.8025,1.7315,
268,0.8025,1.7315,
268.1,0.8024,1.7314,
268.2,0.8025,1.7315,
268.3,0.8025,1.7315,
268.4,0.8025,1.7315,
268.5,0.8025,1.7315,
268.6,0.8025,1.7315,
268.7,0.8026,1.7316,
268.8,0.8026,1.7316,
268.9,0.8026,1.7316,
269,0.8026,1.7316,
269.1,0.8026,1.7316,
269.2,0.8027,1.7317,
269.3,0.8026,1.7316,
269.4,0.8026,1.7316,
269.5,0.8026,1.7316,
269.6,0.8026,1.7316,
269.7,0.8026,1.7316,
269.8,0.8027,1.7317,
269.9,0.8027,1.7317,
270,0.8026,1.7316,
270.1,0.8026,1.7316,
270.2,0.8026,1.7316,
270.3,0.8025,1.7315,
270.4,0.8026,1.7316,
270.5,0.8026,1.7316,
270.6,0.8027,1.7317,
270.7,0.8027,1.7317,
270.8,0.8026,1.7316,
270.9,0.8026,1.7316,
271,0.8026,1.7316,
271.1,0.8027,1.7317,
271.2,0.8028,1.7318,
271.3,0.8027,1.7317,
271.4,0.8027,1.7317,
271.5,0.8027,1.7317,
271.6,0.8027,1.7317,
271.7,0.8027,1.7317,
271.8,0.8028,1.7318,
271.9,0.8027,1.7317,
272,0.8027,1.7317,
272.1,0.8027,1.7317,
272.2,0.8027,1.7317,
272.3,0.8028,1.7318,
272.4,0.8028,1.7318,
272.5,0.8027,1.7317,
272.6,0.8027,1.7317,
272.7,0.8028,1.7318,
272.8,0.8028,1.7318,
272.9,0.8028,1.7318,
273,0.8028,1.7318,
273.1,0.8028,1.7318,
273.2,0.8028,1.7318,
273.3,0.8028,1.7318,
273.4,0.8028,1.7318,
273.5,0.8028,1.7318,
273.6,0.8029,1.7319,
273.7,0.8028,1.7318,
273.8,0.8029,1.7319,
273.9,0.8029,1.7319,
274,0.8029,1.7319,
274.1,0.8029,1.7319,
274.2,0.8028,1.7318,
274.3,0.8028,1.7318,
274.4,0.8028,1.7318,
274.5,0.8028,1.7318,
274.6,0.8028,1.7318,
274.7,0.8028,1.7318,
274.8,0.8028,1.7318,
274.9,0.8029,1.7319,
275,0.8029,1.7319,
275.1,0.8029,1.7319,
275.2,0.8029,1.7319,
275.3,0.8029,1.7319,
275.4,0.8029,1.7319,
275.5,0.8029,1.7319,
275.6,0.803,1.732,
275.7,0.803,1.732,
275.8,0.803,1.732,
275.9,0.8029,1.7319,
276,0.803,1.732,
276.1,0.803,1.732,
276.2,0.803,1.732,
276.3,0.8031,1.7321,
276.4,0.803,1.732,
276.5,0.803,1.732,
276.6,0.8029,1.7319,
276.7,0.803,1.732,
276.8,0.8029,1.7319,
276.9,0.8029,1.7319,
277,0.803,1.732,
277.1,0.803,1.732,
277.2,0.803,1.732,
277.3,0.803,1.732,
277.4,0.803,1.732,
277.5,0.803,1.732,
277.6,0.803,1.732,
277.7,0.803,1.732,
277.8,0.8029,1.7319,
277.9,0.803,1.732,
278,0.8029,1.7319,
278.1,0.803,1.732,
278.2,0.803,1.732,
278.3,0.803,1.732,
278.4,0.803,1.732,
278.5,0.803,1.732,
278.6,0.803,1.732,
278.7,0.803,1.732,
278.8,0.803,1.732,
278.9,0.803,1.732,
279,0.803,1.732,
279.1,0.8031,1.7321,
279.2,0.8031,1.7321,
279.3,0.8031,1.7321,
279.4,0.8031,1.7321,
279.5,0.803,1.732,
279.6,0.8031,1.7321,
279.7,0.8031,1.7321,
279.8,0.8031,1.7321,
279.9,0.8031,1.7321,
280,0.8032,1.7322,
280.1,0.8031,1.7321,
280.2,0.8032,1.7322,
280.3,0.8032,1.7322,
280.4,0.8032,1.7322,
280.5,0.8032,1.7322,
280.6,0.8032,1.7322,
280.7,0.8033,1.7323,
280.8,0.8032,1.7322,
280.9,0.8033,1.7323,
281,0.8033,1.7323,
281.1,0.8033,1.7323,
281.2,0.8032,1.7322,
281.3,0.8031,1.7321,
281.4,0.8032,1.7322,
281.5,0.8032,1.7322,
281.6,0.8032,1.7322,
281.7,0.8032,1.7322,
281.8,0.8033,1.7323,
281.9,0.8033,1.7323,
282,0.8033,1.7323,
282.1,0.8033,1.7323,
282.2,0.8033,1.7323,
282.3,0.8034,1.7324,
282.4,0.8033,1.7323,
282.5,0.8033,1.7323,
282.6,0.8033,1.7323,
282.7,0.8034,1.7324,
282.8,0.8033,1.7323,
282.9,0.8033,1.7323,
283,0.8032,1.7322,
283.1,0.8033,1.7323,
283.2,0.8033,1.7323,
283.3,0.8034,1.7324,
283.4,0.8034,1.7324,
283.5,0.8034,1.7324,
283.6,0.8033,1.7323,
283.7,0.8033,1.7323,
283.8,0.8034,1.7324,
283.9,0.8034,1.7324,
284,0.8035,1.7325,
284.1,0.8034,1.7324,
284.2,0.8034,1.7324,
284.3,0.8034,1.7324,
284.4,0.8035,1.7325,
284.5,0.8034,1.7324,
284.6,0.8034,1.7324,
284.7,0.8034,1.7324,
284.8,0.8034,1.7324,
284.9,0.8035,1.7325,
285,0.8034,1.7324,
285.1,0.8035,1.7325,
285.2,0.8035,1.7325,
285.3,0.8036,1.7326,
285.4,0.8036,1.7326,
285.5,0.8035,1.7325,
285.6,0.8036,1.7326,
285.7,0.8036,1.7326,
285.8,0.8036,1.7326,
285.9,0.8036,1.7326,
286,0.8036,1.7326,
286.1,0.8036,1.7326,
286.2,0.8036,1.7326,
286.3,0.8037,1.7327,
286.4,0.8036,1.7326,
286.5,0.8037,1.7327,
286.6,0.8037,1.7327,
286.7,0.8037,1.7327,
286.8,0.8037,1.7327,
286.9,0.8038,1.7328,
287,0.8037,1.7327,
287.1,0.8037,1.7327,
287.2,0.8037,1.7327,
287.3,0.8038,1.7328,
287.4,0.8039,1.7329,
287.5,0.8038,1.7328,
287.6,0.8036,1.7326,
287.7,0.8037,1.7327,
287.8,0.8037,1.7327,
287.9,0.8038,1.7328,
288,0.8038,1.7328,
288.1,0.8038,1.7328,
288.2,0.8038,1.7328,
288.3,0.8038,1.7328,
288.4,0.8038,1.7328,
288.5,0.8038,1.7328,
288.6,0.8039,1.7329,
288.7,0.8039,1.7329,
288.8,0.8039,1.7329,
288.9,0.8039,1.7329,
289,0.8039,1.7329,
289.1,0.8039,1.7329,
289.2,0.804,1.733,
289.3,0.8039,1.7329,
289.4,0.8039,1.7329,
289.5,0.804,1.733,
289.6,0.8039,1.7329,
289.7,0.8039,1.7329,
289.8,0.8039,1.7329,
289.9,0.804,1.733,
290,0.8039,1.7329,
290.1,0.8039,1.7329,
290.2,0.8039,1.7329,
290.3,0.8039,1.7329,
290.4,0.8039,1.7329,
290.5,0.804,1.733,
290.6,0.8039,1.7329,
290.7,0.804,1.733,
290.8,0.804,1.733,
290.9,0.804,1.733,
291,0.8039,1.7329,
291.1,0.8039,1.7329,
291.2,0.8039,1.7329,
291.3,0.804,1.733,
291.4,0.804,1.733,
291.5,0.804,1.733,
291.6,0.804,1.733,
291.7,0.804,1.733,
291.8,0.804,1.733,
291.9,0.804,1.733,
292,0.8041,1.7331,
292.1,0.804,1.733,
292.2,0.804,1.733,
292.3,0.8041,1.7331,
292.4,0.8041,1.7331,
292.5,0.8041,1.7331,
292.6,0.8041,1.7331,
292.7,0.8041,1.7331,
292.8,0.8041,1.7331,
292.9,0.804,1.733,
293,0.8041,1.7331,
293.1,0.8041,1.7331,
293.2,0.8042,1.7332,
293.3,0.8041,1.7331,
293.4,0.8041,1.7331,
293.5,0.8042,1.7332,
293.6,0.8041,1.7331,
293.7,0.8042,1.7332,
293.8,0.8041,1.7331,
293.9,0.804,1.733,
294,0.8041,1.7331,
294.1,0.8042,1.7332,
294.2,0.8041,1.7331,
294.3,0.8041,1.7331,
294.4,0.8042,1.7332,
294.5,0.8042,1.7332,
294.6,0.8042,1.7332,
294.7,0.8042,1.7332,
294.8,0.8042,1.7332,
294.9,0.8041,1.7331,
295,0.8041,1.7331,
295.1,0.8042,1.7332,
295.2,0.8042,1.7332,
295.3,0.8042,1.7332,
295.4,0.8043,1.7333,
295.5,0.8042,1.7332,
295.6,0.8042,1.7332,
295.7,0.8041,1.7331,
295.8,0.8042,1.7332,
295.9,0.8043,1.7333,
296,0.8043,1.7333,
296.1,0.8043,1.7333,
296.2,0.8043,1.7333,
296.3,0.8043,1.7333,
296.4,0.8042,1.7332,
296.5,0.8043,1.7333,
296.6,0.8043,1.7333,
296.7,0.8043,1.7333,
296.8,0.8043,1.7333,
296.9,0.8043,1.7333,
297,0.8043,1.7333,
297.1,0.8043,1.7333,
297.2,0.8043,1.7333,
297.3,0.8043,1.7333,
297.4,0.8043,1.7333,
297.5,0.8043,1.7333,
297.6,0.8043,1.7333,
297.7,0.8043,1.7333,
297.8,0.8043,1.7333,
297.9,0.8043,1.7333,
298,0.8044,1.7334,
298.1,0.8044,1.7334,
298.2,0.8044,1.7334,
298.3,0.8043,1.7333,
298.4,0.8043,1.7333,
298.5,0.8044,1.7334,
298.6,0.8044,1.7334,
298.7,0.8044,1.7334,
298.8,0.8044,1.7334,
298.9,0.8044,1.7334,
299,0.8044,1.7334,
299.1,0.8044,1.7334,
299.2,0.8044,1.7334,
299.3,0.8045,1.7335,
299.4,0.8046,1.7336,
299.5,0.8045,1.7335,
299.6,0.8045,1.7335,
299.7,0.8046,1.7336,
299.8,0.8045,1.7335,
299.9,0.8045,1.7335,
300,0.8045,1.7335,
300.1,0.8045,1.7335,
300.2,0.8045,1.7335,
300.3,0.8045,1.7335,
300.4,0.8045,1.7335,
300.5,0.8045,1.7335,
300.6,0.8046,1.7336,
300.7,0.8046,1.7336,
300.8,0.8045,1.7335,
300.9,0.8046,1.7336,
301,0.8046,1.7336,
301.1,0.8046,1.7336,
301.2,0.8046,1.7336,
301.3,0.8046,1.7336,
301.4,0.8046,1.7336,
301.5,0.8047,1.7337,
301.6,0.8047,1.7337,
301.7,0.8047,1.7337,
301.8,0.8047,1.7337,
301.9,0.8046,1.7336,
302,0.8046,1.7336,
302.1,0.8047,1.7337,
302.2,0.8047,1.7337,
302.3,0.8047,1.7337,
302.4,0.8046,1.7336,
302.5,0.8046,1.7336,
302.6,0.8047,1.7337,
302.7,0.8046,1.7336,
302.8,0.8047,1.7337,
302.9,0.8048,1.7338,
303,0.8048,1.7338,
303.1,0.8048,1.7338,
303.2,0.8047,1.7337,
303.3,0.8047,1.7337,
303.4,0.8047,1.7337,
303.5,0.8047,1.7337,
303.6,0.8048,1.7338,
303.7,0.8047,1.7337,
303.8,0.8048,1.7338,
303.9,0.8048,1.7338,
304,0.8048,1.7338,
304.1,0.8048,1.7338,
304.2,0.8048,1.7338,
304.3,0.8048,1.7338,
304.4,0.8048,1.7338,
304.5,0.8048,1.7338,
304.6,0.8048,1.7338,
304.7,0.8049,1.7339,
304.8,0.8049,1.7339,
304.9,0.8048,1.7338,
305,0.8048,1.7338,
305.1,0.8049,1.7339,
305.2,0.8048,1.7338,
305.3,0.8048,1.7338,
305.4,0.8048,1.7338,
305.5,0.8049,1.7339,
305.6,0.8048,1.7338,
305.7,0.8048,1.7338,
305.8,0.8048,1.7338,
305.9,0.8049,1.7339,
306,0.8048,1.7338,
306.1,0.8049,1.7339,
306.2,0.8049,1.7339,
306.3,0.8048,1.7338,
306.4,0.8048,1.7338,
306.5,0.8049,1.7339,
306.6,0.8049,1.7339,
306.7,0.8049,1.7339,
306.8,0.805,1.734,
306.9,0.805,1.734,
307,0.8049,1.7339,
307.1,0.8049,1.7339,
307.2,0.805,1.734,
307.3,0.8049,1.7339,
307.4,0.8049,1.7339,
307.5,0.805,1.734,
307.6,0.805,1.734,
307.7,0.805,1.734,
307.8,0.805,1.734,
307.9,0.805,1.734,
308,0.805,1.734,
308.1,0.8049,1.7339,
308.2,0.805,1.734,
308.3,0.8051,1.7341,
308.4,0.8051,1.7341,
308.5,0.8051,1.7341,
308.6,0.805,1.734,
308.7,0.8051,1.7341,
308.8,0.805,1.734,
308.9,0.805,1.734,
309,0.805,1.734,
309.1,0.805,1.734,
309.2,0.805,1.734,
309.3,0.8051,1.7341,
309.4,0.805,1.734,
309.5,0.805,1.734,
309.6,0.8051,1.7341,
309.7,0.805,1.734,
309.8,0.805,1.734,
309.9,0.8051,1.7341,
310,0.8051,1.7341,
310.1,0.8051,1.7341,
310.2,0.8052,1.7342,
310.3,0.8052,1.7342,
310.4,0.8051,1.7341,
310.5,0.8051,1.7341,
310.6,0.8051,1.7341,
310.7,0.8051,1.7341,
310.8,0.8051,1.7341,
310.9,0.8051,1.7341,
311,0.8052,1.7342,
311.1,0.8052,1.7342,
311.2,0.8052,1.7342,
311.3,0.8052,1.7342,
311.4,0.8052,1.7342,
311.5,0.8051,1.7341,
311.6,0.8051,1.7341,
311.7,0.8052,1.7342,
311.8,0.8052,1.7342,
311.9,0.8052,1.7342,
312,0.8052,1.7342,
312.1,0.8051,1.7341,
312.2,0.8052,1.7342,
312.3,0.8052,1.7342,
312.4,0.8052,1.7342,
312.5,0.8052,1.7342,
312.6,0.8052,1.7342,
312.7,0.8053,1.7343,
312.8,0.8053,1.7343,
312.9,0.8053,1.7343,
313,0.8052,1.7342,
313.1,0.8052,1.7342,
313.2,0.8053,1.7343,
313.3,0.8052,1.7342,
313.4,0.8052,1.7342,
313.5,0.8052,1.7342,
313.6,0.8052,1.7342,
313.7,0.8053,1.7343,
313.8,0.8052,1.7342,
313.9,0.8052,1.7342,
314,0.8052,1.7342,
314.1,0.8053,1.7343,
314.2,0.8052,1.7342,
314.3,0.8053,1.7343,
314.4,0.8054,1.7344,
314.5,0.8053,1.7343,
314.6,0.8053,1.7343,
314.7,0.8053,1.7343,
314.8,0.8053,1.7343,
314.9,0.8054,1.7344,
315,0.8053,1.7343,
315.1,0.8053,1.7343,
315.2,0.8053,1.7343,
315.3,0.8053,1.7343,
315.4,0.8054,1.7344,
315.5,0.8054,1.7344,
315.6,0.8055,1.7345,
315.7,0.8054,1.7344,
315.8,0.8053,1.7343,
315.9,0.8054,1.7344,
316,0.8053,1.7343,
316.1,0.8055,1.7345,
316.2,0.8055,1.7345,
316.3,0.8055,1.7345,
316.4,0.8055,1.7345,
316.5,0.8054,1.7344,
316.6,0.8054,1.7344,
316.7,0.8054,1.7344,
316.8,0.8054,1.7344,
316.9,0.8054,1.7344,
317,0.8055,1.7345,
317.1,0.8055,1.7345,
317.2,0.8054,1.7344,
317.3,0.8055,1.7345,
317.4,0.8056,1.7346,
317.5,0.8056,1.7346,
317.6,0.8055,1.7345,
317.7,0.8055,1.7345,
317.8,0.8055,1.7345,
317.9,0.8054,1.7344,
318,0.8055,1.7345,
318.1,0.8055,1.7345,
318.2,0.8055,1.7345,
318.3,0.8055,1.7345,
318.4,0.8055,1.7345,
318.5,0.8056,1.7346,
318.6,0.8056,1.7346,
318.7,0.8056,1.7346,
318.8,0.8055,1.7345,
318.9,0.8055,1.7345,
319,0.8056,1.7346,
319.1,0.8056,1.7346,
319.2,0.8056,1.7346,
319.3,0.8056,1.7346,
319.4,0.8056,1.7346,
319.5,0.8056,1.7346,
319.6,0.8055,1.7345,
319.7,0.8055,1.7345,
319.8,0.8056,1.7346,
319.9,0.8056,1.7346,
320,0.8056,1.7346,
320.1,0.8056,1.7346,
320.2,0.8055,1.7345,
320.3,0.8055,1.7345,
320.4,0.8056,1.7346,
320.5,0.8056,1.7346,
320.6,0.8055,1.7345,
320.7,0.8056,1.7346,
320.8,0.8056,1.7346,
320.9,0.8056,1.7346,
321,0.8056,1.7346,
321.1,0.8056,1.7346,
321.2,0.8056,1.7346,
321.3,0.8056,1.7346,
321.4,0.8057,1.7347,
321.5,0.8056,1.7346,
321.6,0.8057,1.7347,
321.7,0.8056,1.7346,
321.8,0.8057,1.7347,
321.9,0.8056,1.7346,
322,0.8057,1.7347,
322.1,0.8057,1.7347,
322.2,0.8058,1.7348,
322.3,0.8057,1.7347,
322.4,0.8058,1.7348,
322.5,0.8058,1.7348,
322.6,0.8058,1.7348,
322.7,0.8057,1.7347,
322.8,0.8057,1.7347,
322.9,0.8058,1.7348,
323,0.8058,1.7348,
323.1,0.8058,1.7348,
323.2,0.8058,1.7348,
323.3,0.8058,1.7348,
323.4,0.8058,1.7348,
323.5,0.8058,1.7348,
323.6,0.8059,1.7349,
323.7,0.8058,1.7348,
323.8,0.8058,1.7348,
323.9,0.8058,1.7348,
324,0.8058,1.7348,
324.1,0.8059,1.7349,
324.2,0.8058,1.7348,
324.3,0.8058,1.7348,
324.4,0.8059,1.7349,
324.5,0.8059,1.7349,
324.6,0.8059,1.7349,
324.7,0.8059,1.7349,
324.8,0.8059,1.7349,
324.9,0.8059,1.7349,
325,0.8059,1.7349,
325.1,0.8059,1.7349,
325.2,0.8059,1.7349,
325.3,0.806,1.735,
325.4,0.806,1.735,
325.5,0.8059,1.7349,
325.6,0.806,1.735,
325.7,0.806,1.735,
325.8,0.8059,1.7349,
325.9,0.8059,1.7349,
326,0.8059,1.7349,
326.1,0.8059,1.7349,
326.2,0.8059,1.7349,
326.3,0.806,1.735,
326.4,0.806,1.735,
326.5,0.806,1.735,
326.6,0.806,1.735,
326.7,0.806,1.735,
326.8,0.806,1.735,
326.9,0.8061,1.7351,
327,0.8061,1.7351,
327.1,0.8061,1.7351,
327.2,0.8061,1.7351,
327.3,0.806,1.735,
327.4,0.8061,1.7351,
327.5,0.806,1.735,
327.6,0.8061,1.7351,
327.7,0.8061,1.7351,
327.8,0.8061,1.7351,
327.9,0.8061,1.7351,
328,0.8061,1.7351,
328.1,0.8061,1.7351,
328.2,0.8062,1.7352,
328.3,0.8062,1.7352,
328.4,0.8061,1.7351,
328.5,0.8062,1.7352,
328.6,0.8062,1.7352,
328.7,0.8061,1.7351,
328.8,0.8062,1.7352,
328.9,0.8062,1.7352,
329,0.8062,1.7352,
329.1,0.8062,1.7352,
329.2,0.8061,1.7351,
329.3,0.8062,1.7352,
329.4,0.8062,1.7352,
329.5,0.8062,1.7352,
329.6,0.8062,1.7352,
329.7,0.8062,1.7352,
329.8,0.8062,1.7352,
329.9,0.8062,1.7352,
330,0.8063,1.7353,
330.1,0.8063,1.7353,
330.2,0.8062,1.7352,
330.3,0.8062,1.7352,
330.4,0.8063,1.7353,
330.5,0.8063,1.7353,
330.6,0.8062,1.7352,
330.7,0.8063,1.7353,
330.8,0.8063,1.7353,
330.9,0.8063,1.7353,
331,0.8063,1.7353,
331.1,0.8063,1.7353,
331.2,0.8064,1.7354,
331.3,0.8064,1.7354,
331.4,0.8064,1.7354,
331.5,0.8063,1.7353,
331.6,0.8064,1.7354,
331.7,0.8064,1.7354,
331.8,0.8064,1.7354,
331.9,0.8064,1.7354,
332,0.8065,1.7355,
332.1,0.8064,1.7354,
332.2,0.8064,1.7354,
332.3,0.8063,1.7353,
332.4,0.8063,1.7353,
332.5,0.8063,1.7353,
332.6,0.8064,1.7354,
332.7,0.8064,1.7354,
332.8,0.8065,1.7355,
332.9,0.8065,1.7355,
333,0.8065,1.7355,
333.1,0.8065,1.7355,
333.2,0.8065,1.7355,
333.3,0.8064,1.7354,
333.4,0.8065,1.7355,
333.5,0.8065,1.7355,
333.6,0.8064,1.7354,
333.7,0.8064,1.7354,
333.8,0.8065,1.7355,
333.9,0.8065,1.7355,
334,0.8064,1.7354,
334.1,0.8065,1.7355,
334.2,0.8065,1.7355,
334.3,0.8065,1.7355,
334.4,0.8065,1.7355,
334.5,0.8065,1.7355,
334.6,0.8065,1.7355,
334.7,0.8065,1.7355,
334.8,0.8065,1.7355,
334.9,0.8066,1.7356,
335,0.8066,1.7356,
335.1,0.8066,1.7356,
335.2,0.8066,1.7356,
335.3,0.8067,1.7357,
335.4,0.8067,1.7357,
335.5,0.8065,1.7355,
335.6,0.8065,1.7355,
335.7,0.8065,1.7355,
335.8,0.8066,1.7356,
335.9,0.8066,1.7356,
336,0.8066,1.7356,
336.1,0.8066,1.7356,
336.2,0.8067,1.7357,
336.3,0.8067,1.7357,
336.4,0.8067,1.7357,
336.5,0.8066,1.7356,
336.6,0.8067,1.7357,
336.7,0.8066,1.7356,
336.8,0.8066,1.7356,
336.9,0.8066,1.7356,
337,0.8067,1.7357,
337.1,0.8067,1.7357,
337.2,0.8067,1.7357,
337.3,0.8067,1.7357,
337.4,0.8067,1.7357,
337.5,0.8067,1.7357,
337.6,0.8067,1.7357,
337.7,0.8067,1.7357,
337.8,0.8067,1.7357,
337.9,0.8067,1.7357,
338,0.8067,1.7357,
338.1,0.8068,1.7358,
338.2,0.8067,1.7357,
338.3,0.8068,1.7358,
338.4,0.8067,1.7357,
338.5,0.8068,1.7358,
338.6,0.8068,1.7358,
338.7,0.8068,1.7358,
338.8,0.8068,1.7358,
338.9,0.8068,1.7358,
339,0.8067,1.7357,
339.1,0.8067,1.7357,
339.2,0.8068,1.7358,
339.3,0.8068,1.7358,
339.4,0.8067,1.7357,
339.5,0.8067,1.7357,
339.6,0.8066,1.7356,
339.7,0.8067,1.7357,
339.8,0.8068,1.7358,
339.9,0.8067,1.7357,
340,0.8066,1.7356,
340.1,0.8067,1.7357,
340.2,0.8068,1.7358,
340.3,0.8068,1.7358,
340.4,0.8067,1.7357,
340.5,0.8068,1.7358,
340.6,0.8068,1.7358,
340.7,0.8069,1.7359,
340.8,0.8068,1.7358,
340.9,0.8068,1.7358,
341,0.8069,1.7359,
341.1,0.8069,1.7359,
341.2,0.8069,1.7359,
341.3,0.8068,1.7358,
341.4,0.8069,1.7359,
341.5,0.8069,1.7359,
341.6,0.807,1.736,
341.7,0.807,1.736,
341.8,0.8068,1.7358,
341.9,0.8069,1.7359,
342,0.8068,1.7358,
342.1,0.8069,1.7359,
342.2,0.8069,1.7359,
342.3,0.8069,1.7359,
342.4,0.8069,1.7359,
342.5,0.8069,1.7359,
342.6,0.807,1.736,
342.7,0.807,1.736,
342.8,0.807,1.736,
342.9,0.807,1.736,
343,0.807,1.736,
343.1,0.807,1.736,
343.2,0.8071,1.7361,
343.3,0.807,1.736,
343.4,0.807,1.736,
343.5,0.807,1.736,
343.6,0.807,1.736,
343.7,0.807,1.736,
343.8,0.807,1.736,
343.9,0.807,1.736,
344,0.807,1.736,
344.1,0.8071,1.7361,
344.2,0.8071,1.7361,
344.3,0.8071,1.7361,
344.4,0.8071,1.7361,
344.5,0.8071,1.7361,
344.6,0.8071,1.7361,
344.7,0.8071,1.7361,
344.8,0.8071,1.7361,
344.9,0.8071,1.7361,
345,0.8072,1.7362,
345.1,0.8072,1.7362,
345.2,0.8071,1.7361,
345.3,0.8072,1.7362,
345.4,0.8072,1.7362,
345.5,0.8072,1.7362,
345.6,0.8072,1.7362,
345.7,0.8071,1.7361,
345.8,0.8072,1.7362,
345.9,0.8072,1.7362,
346,0.8072,1.7362,
346.1,0.8072,1.7362,
346.2,0.8072,1.7362,
346.3,0.8072,1.7362,
346.4,0.8072,1.7362,
346.5,0.8072,1.7362,
346.6,0.8073,1.7363,
346.7,0.8073,1.7363,
346.8,0.8073,1.7363,
346.9,0.8073,1.7363,
347,0.8072,1.7362,
347.1,0.8073,1.7363,
347.2,0.8073,1.7363,
347.3,0.8072,1.7362,
347.4,0.8072,1.7362,
347.5,0.8073,1.7363,
347.6,0.8073,1.7363,
347.7,0.8073,1.7363,
347.8,0.8073,1.7363,
347.9,0.8073,1.7363,
348,0.8073,1.7363,
348.1,0.8073,1.7363,
348.2,0.8074,1.7364,
348.3,0.8074,1.7364,
348.4,0.8074,1.7364,
348.5,0.8074,1.7364,
348.6,0.8073,1.7363,
348.7,0.8073,1.7363,
348.8,0.8074,1.7364,
348.9,0.8074,1.7364,
349,0.8074,1.7364,
349.1,0.8075,1.7365,
349.2,0.8075,1.7365,
349.3,0.8074,1.7364,
349.4,0.8074,1.7364,
349.5,0.8074,1.7364,
349.6,0.8074,1.7364,
349.7,0.8075,1.7365,
349.8,0.8074,1.7364,
349.9,0.8074,1.7364,
350,0.8074,1.7364,
350.1,0.8074,1.7364,
350.2,0.8074,1.7364,
350.3,0.8074,1.7364,
350.4,0.8074,1.7364,
350.5,0.8075,1.7365,
350.6,0.8075,1.7365,
350.7,0.8075,1.7365,
350.8,0.8074,1.7364,
350.9,0.8075,1.7365,
351,0.8076,1.7366,
351.1,0.8076,1.7366,
351.2,0.8076,1.7366,
351.3,0.8075,1.7365,
351.4,0.8075,1.7365,
351.5,0.8076,1.7366,
351.6,0.8076,1.7366,
351.7,0.8076,1.7366,
351.8,0.8076,1.7366,
351.9,0.8077,1.7367,
352,0.8077,1.7367,
352.1,0.8077,1.7367,
352.2,0.8076,1.7366,
352.3,0.8076,1.7366,
352.4,0.8077,1.7367,
352.5,0.8077,1.7367,
352.6,0.8077,1.7367,
352.7,0.8077,1.7367,
352.8,0.8077,1.7367,
352.9,0.8077,1.7367,
353,0.8077,1.7367,
353.1,0.8077,1.7367,
353.2,0.8076,1.7366,
353.3,0.8076,1.7366,
353.4,0.8077,1.7367,
353.5,0.8077,1.7367,
353.6,0.8077,1.7367,
353.7,0.8077,1.7367,
353.8,0.8078,1.7368,
353.9,0.8077,1.7367,
354,0.8077,1.7367,
354.1,0.8077,1.7367,
354.2,0.8077,1.7367,
354.3,0.8077,1.7367,
354.4,0.8077,1.7367,
354.5,0.8077,1.7367,
354.6,0.8077,1.7367,
354.7,0.8077,1.7367,
354.8,0.8077,1.7367,
354.9,0.8077,1.7367,
355,0.8078,1.7368,
355.1,0.8078,1.7368,
355.2,0.8078,1.7368,
355.3,0.8078,1.7368,
355.4,0.8078,1.7368,
355.5,0.8078,1.7368,
355.6,0.8079,1.7369,
355.7,0.8078,1.7368,
355.8,0.8078,1.7368,
355.9,0.8078,1.7368,
356,0.8078,1.7368,
356.1,0.8078,1.7368,
356.2,0.8078,1.7368,
356.3,0.8078,1.7368,
356.4,0.8079,1.7369,
356.5,0.8079,1.7369,
356.6,0.8079,1.7369,
356.7,0.8078,1.7368,
356.8,0.8078,1.7368,
356.9,0.8079,1.7369,
357,0.808,1.737,
357.1,0.8079,1.7369,
357.2,0.8078,1.7368,
357.3,0.808,1.737,
357.4,0.8079,1.7369,
357.5,0.808,1.737,
357.6,0.808,1.737,
357.7,0.8079,1.7369,
357.8,0.8079,1.7369,
357.9,0.808,1.737,
358,0.8079,1.7369,
358.1,0.808,1.737,
358.2,0.8079,1.7369,
358.3,0.808,1.737,
358.4,0.8081,1.7371,
358.5,0.808,1.737,
358.6,0.808,1.737,
358.7,0.808,1.737,
358.8,0.808,1.737,
358.9,0.808,1.737,
359,0.808,1.737,
359.1,0.8079,1.7369,
359.2,0.808,1.737,
359.3,0.808,1.737,
359.4,0.8079,1.7369,
359.5,0.808,1.737,
359.6,0.808,1.737,
359.7,0.808,1.737,
359.8,0.8081,1.7371,
359.9,0.808,1.737,
360,0.808,1.737,
360.1,0.808,1.737,
360.2,0.8081,1.7371,
360.3,0.8081,1.7371,
360.4,0.8081,1.7371,
360.5,0.8081,1.7371,
360.6,0.8081,1.7371,
360.7,0.8082,1.7372,
360.8,0.8082,1.7372,
360.9,0.8081,1.7371,
361,0.8082,1.7372,
361.1,0.8081,1.7371,
361.2,0.8082,1.7372,
361.3,0.8082,1.7372,
361.4,0.8082,1.7372,
361.5,0.8082,1.7372,
361.6,0.8082,1.7372,
361.7,0.8081,1.7371,
361.8,0.8082,1.7372,
361.9,0.8082,1.7372,
362,0.8082,1.7372,
362.1,0.8081,1.7371,
362.2,0.8081,1.7371,
362.3,0.8081,1.7371,
362.4,0.8082,1.7372,
362.5,0.8083,1.7373,
362.6,0.8082,1.7372,
362.7,0.8082,1.7372,
362.8,0.8082,1.7372,
362.9,0.8082,1.7372,
363,0.8082,1.7372,
363.1,0.8082,1.7372,
363.2,0.8082,1.7372,
363.3,0.8082,1.7372,
363.4,0.8082,1.7372,
363.5,0.8082,1.7372,
363.6,0.8082,1.7372,
363.7,0.8083,1.7373,
363.8,0.8083,1.7373,
363.9,0.8082,1.7372,
364,0.8082,1.7372,
364.1,0.8082,1.7372,
364.2,0.8082,1.7372,
364.3,0.8083,1.7373,
364.4,0.8083,1.7373,
364.5,0.8083,1.7373,
364.6,0.8083,1.7373,
364.7,0.8084,1.7374,
364.8,0.8083,1.7373,
364.9,0.8083,1.7373,
365,0.8083,1.7373,
365.1,0.8083,1.7373,
365.2,0.8083,1.7373,
365.3,0.8083,1.7373,
365.4,0.8084,1.7374,
365.5,0.8083,1.7373,
365.6,0.8084,1.7374,
365.7,0.8084,1.7374,
365.8,0.8083,1.7373,
365.9,0.8084,1.7374,
366,0.8084,1.7374,
366.1,0.8083,1.7373,
366.2,0.8083,1.7373,
366.3,0.8083,1.7373,
366.4,0.8084,1.7374,
366.5,0.8084,1.7374,
366.6,0.8084,1.7374,
366.7,0.8084,1.7374,
366.8,0.8084,1.7374,
366.9,0.8084,1.7374,
367,0.8084,1.7374,
367.1,0.8084,1.7374,
367.2,0.8085,1.7375,
367.3,0.8085,1.7375,
367.4,0.8084,1.7374,
367.5,0.8084,1.7374,
367.6,0.8085,1.7375,
367.7,0.8084,1.7374,
367.8,0.8084,1.7374,
367.9,0.8084,1.7374,
368,0.8084,1.7374,
368.1,0.8084,1.7374,
368.2,0.8084,1.7374,
368.3,0.8085,1.7375,
368.4,0.8085,1.7375,
368.5,0.8084,1.7374,
368.6,0.8085,1.7375,
368.7,0.8084,1.7374,
368.8,0.8084,1.7374,
368.9,0.8084,1.7374,
369,0.8084,1.7374,
369.1,0.8085,1.7375,
369.2,0.8085,1.7375,
369.3,0.8086,1.7376,
369.4,0.8086,1.7376,
369.5,0.8085,1.7375,
369.6,0.8085,1.7375,
369.7,0.8085,1.7375,
369.8,0.8085,1.7375,
369.9,0.8083,1.7373,
370,0.8084,1.7374,
370.1,0.8084,1.7374,
370.2,0.8084,1.7374,
370.3,0.8084,1.7374,
370.4,0.8084,1.7374,
370.5,0.8084,1.7374,
370.6,0.8084,1.7374,
370.7,0.8084,1.7374,
370.8,0.8084,1.7374,
370.9,0.8084,1.7374,
371,0.8085,1.7375,
371.1,0.8085,1.7375,
371.2,0.8085,1.7375,
371.3,0.8085,1.7375,
371.4,0.8085,1.7375,
371.5,0.8085,1.7375,
371.6,0.8085,1.7375,
371.7,0.8085,1.7375,
371.8,0.8085,1.7375,
371.9,0.8085,1.7375,
372,0.8086,1.7376,
372.1,0.8084,1.7374,
372.2,0.8085,1.7375,
372.3,0.8085,1.7375,
372.4,0.8085,1.7375,
372.5,0.8086,1.7376,
372.6,0.8086,1.7376,
372.7,0.8086,1.7376,
372.8,0.8086,1.7376,
372.9,0.8086,1.7376,
373,0.8087,1.7377,
373.1,0.8086,1.7376,
373.2,0.8086,1.7376,
373.3,0.8086,1.7376,
373.4,0.8086,1.7376,
373.5,0.8086,1.7376,
373.6,0.8086,1.7376,
373.7,0.8086,1.7376,
373.8,0.8087,1.7377,
373.9,0.8086,1.7376,
374,0.8087,1.7377,
374.1,0.8087,1.7377,
374.2,0.8087,1.7377,
374.3,0.8087,1.7377,
374.4,0.8087,1.7377,
374.5,0.8087,1.7377,
374.6,0.8087,1.7377,
374.7,0.8088,1.7378,
374.8,0.8087,1.7377,
374.9,0.8087,1.7377,
375,0.8087,1.7377,
375.1,0.8088,1.7378,
375.2,0.8088,1.7378,
375.3,0.8088,1.7378,
375.4,0.8088,1.7378,
375.5,0.8087,1.7377,
375.6,0.8087,1.7377,
375.7,0.8088,1.7378,
375.8,0.8088,1.7378,
375.9,0.8088,1.7378,
376,0.8088,1.7378,
376.1,0.8088,1.7378,
376.2,0.8088,1.7378,
376.3,0.8088,1.7378,
376.4,0.8088,1.7378,
376.5,0.8089,1.7379,
376.6,0.8089,1.7379,
376.7,0.8089,1.7379,
376.8,0.8089,1.7379,
376.9,0.8088,1.7378,
377,0.8088,1.7378,
377.1,0.8088,1.7378,
377.2,0.8088,1.7378,
377.3,0.8089,1.7379,
377.4,0.8089,1.7379,
377.5,0.8089,1.7379,
377.6,0.8089,1.7379,
377.7,0.8089,1.7379,
377.8,0.809,1.738,
377.9,0.809,1.738,
378,0.809,1.738,
378.1,0.809,1.738,
378.2,0.809,1.738,
378.3,0.8089,1.7379,
378.4,0.8089,1.7379,
378.5,0.809,1.738,
378.6,0.809,1.738,
378.7,0.809,1.738,
378.8,0.809,1.738,
378.9,0.809,1.738,
379,0.809,1.738,
379.1,0.809,1.738,
379.2,0.809,1.738,
379.3,0.8091,1.7381,
379.4,0.809,1.738,
379.5,0.809,1.738,
379.6,0.809,1.738,
379.7,0.8091,1.7381,
379.8,0.8092,1.7382,
379.9,0.809,1.738,
380,0.8091,1.7381,
380.1,0.8091,1.7381,
380.2,0.8091,1.7381,
380.3,0.8091,1.7381,
380.4,0.8092,1.7382,
380.5,0.8092,1.7382,
380.6,0.8091,1.7381,
380.7,0.8091,1.7381,
380.8,0.8092,1.7382,
380.9,0.8092,1.7382,
381,0.8092,1.7382,
381.1,0.8092,1.7382,
381.2,0.8092,1.7382,
381.3,0.8092,1.7382,
381.4,0.8092,1.7382,
381.5,0.8092,1.7382,
381.6,0.8092,1.7382,
381.7,0.8092,1.7382,
381.8,0.8093,1.7383,
381.9,0.8093,1.7383,
382,0.8093,1.7383,
382.1,0.8093,1.7383,
382.2,0.8093,1.7383,
382.3,0.8092,1.7382,
382.4,0.8092,1.7382,
382.5,0.8092,1.7382,
382.6,0.8092,1.7382,
382.7,0.8092,1.7382,
382.8,0.8092,1.7382,
382.9,0.8092,1.7382,
383,0.8091,1.7381,
383.1,0.8091,1.7381,
383.2,0.8092,1.7382,
383.3,0.8092,1.7382,
383.4,0.8092,1.7382,
383.5,0.8092,1.7382,
383.6,0.8092,1.7382,
383.7,0.8092,1.7382,
383.8,0.8092,1.7382,
383.9,0.8093,1.7383,
384,0.8092,1.7382,
384.1,0.8092,1.7382,
384.2,0.8093,1.7383,
384.3,0.8093,1.7383,
384.4,0.8093,1.7383,
384.5,0.8093,1.7383,
384.6,0.8093,1.7383,
384.7,0.8093,1.7383,
384.8,0.8093,1.7383,
384.9,0.8093,1.7383,
385,0.8093,1.7383,
385.1,0.8093,1.7383,
385.2,0.8093,1.7383,
385.3,0.8093,1.7383,
385.4,0.8093,1.7383,
385.5,0.8093,1.7383,
385.6,0.8093,1.7383,
385.7,0.8093,1.7383,
385.8,0.8093,1.7383,
385.9,0.8094,1.7384,
386,0.8094,1.7384,
386.1,0.8094,1.7384,
386.2,0.8093,1.7383,
386.3,0.8093,1.7383,
386.4,0.8093,1.7383,
386.5,0.8093,1.7383,
386.6,0.8092,1.7382,
386.7,0.8092,1.7382,
386.8,0.8093,1.7383,
386.9,0.8093,1.7383,
387,0.8094,1.7384,
387.1,0.8094,1.7384,
387.2,0.8094,1.7384,
387.3,0.8094,1.7384,
387.4,0.8093,1.7383,
387.5,0.8093,1.7383,
387.6,0.8094,1.7384,
387.7,0.8094,1.7384,
387.8,0.8094,1.7384,
387.9,0.8094,1.7384,
388,0.8094,1.7384,
388.1,0.8095,1.7385,
388.2,0.8095,1.7385,
388.3,0.8094,1.7384,
388.4,0.8095,1.7385,
388.5,0.8095,1.7385,
388.6,0.8095,1.7385,
388.7,0.8095,1.7385,
388.8,0.8095,1.7385,
388.9,0.8095,1.7385,
389,0.8095,1.7385,
389.1,0.8095,1.7385,
389.2,0.8095,1.7385,
389.3,0.8096,1.7386,
389.4,0.8095,1.7385,
389.5,0.8095,1.7385,
389.6,0.8095,1.7385,
389.7,0.8095,1.7385,
389.8,0.8095,1.7385,
389.9,0.8095,1.7385,
390,0.8096,1.7386,
390.1,0.8096,1.7386,
390.2,0.8096,1.7386,
390.3,0.8096,1.7386,
390.4,0.8096,1.7386,
390.5,0.8096,1.7386,
390.6,0.8096,1.7386,
390.7,0.8096,1.7386,
390.8,0.8097,1.7387,
390.9,0.8097,1.7387,
391,0.8097,1.7387,
391.1,0.8097,1.7387,
391.2,0.8098,1.7388,
391.3,0.8098,1.7388,
391.4,0.8098,1.7388,
391.5,0.8098,1.7388,
391.6,0.8098,1.7388,
391.7,0.8099,1.7389,
391.8,0.8099,1.7389,
391.9,0.8098,1.7388,
392,0.8098,1.7388,
392.1,0.8098,1.7388,
392.2,0.8098,1.7388,
392.3,0.8099,1.7389,
392.4,0.8099,1.7389,
392.5,0.8099,1.7389,
392.6,0.8099,1.7389,
392.7,0.8099,1.7389,
392.8,0.8099,1.7389,
392.9,0.8099,1.7389,
393,0.8099,1.7389,
393.1,0.8098,1.7388,
393.2,0.8099,1.7389,
393.3,0.8098,1.7388,
393.4,0.8099,1.7389,
393.5,0.8099,1.7389,
393.6,0.8099,1.7389,
393.7,0.8099,1.7389,
393.8,0.81,1.739,
393.9,0.81,1.739,
394,0.81,1.739,
394.1,0.8099,1.7389,
394.2,0.81,1.739,
394.3,0.8099,1.7389,
394.4,0.8099,1.7389,
394.5,0.81,1.739,
394.6,0.81,1.739,
394.7,0.81,1.739,
394.8,0.8101,1.7391,
394.9,0.8101,1.7391,
395,0.81,1.739,
395.1,0.81,1.739,
395.2,0.81,1.739,
395.3,0.81,1.739,
395.4,0.8101,1.7391,
395.5,0.81,1.739,
395.6,0.81,1.739,
395.7,0.81,1.739,
395.8,0.8101,1.7391,
395.9,0.8101,1.7391,
396,0.8101,1.7391,
396.1,0.8101,1.7391,
396.2,0.8102,1.7392,
396.3,0.8102,1.7392,
396.4,0.8101,1.7391,
396.5,0.8101,1.7391,
396.6,0.81,1.739,
396.7,0.81,1.739,
396.8,0.81,1.739,
396.9,0.8101,1.7391,
397,0.8101,1.7391,
397.1,0.8101,1.7391,
397.2,0.8101,1.7391,
397.3,0.8101,1.7391,
397.4,0.8101,1.7391,
397.5,0.8101,1.7391,
397.6,0.8101,1.7391,
397.7,0.8101,1.7391,
397.8,0.8101,1.7391,
397.9,0.8101,1.7391,
398,0.8101,1.7391,
398.1,0.8101,1.7391,
398.2,0.8101,1.7391,
398.3,0.8101,1.7391,
398.4,0.8102,1.7392,
398.5,0.8102,1.7392,
398.6,0.8103,1.7393,
398.7,0.8103,1.7393,
398.8,0.8103,1.7393,
398.9,0.8103,1.7393,
399,0.8102,1.7392,
399.1,0.8102,1.7392,
399.2,0.8103,1.7393,
399.3,0.8102,1.7392,
399.4,0.8102,1.7392,
399.5,0.8102,1.7392,
399.6,0.8102,1.7392,
399.7,0.8103,1.7393,
399.8,0.8103,1.7393,
399.9,0.8103,1.7393,
400,0.8104,1.7394,
400.1,0.8103,1.7393,
400.2,0.8103,1.7393,
400.3,0.8103,1.7393,
400.4,0.8103,1.7393,
400.5,0.8102,1.7392,
400.6,0.8103,1.7393,
400.7,0.8103,1.7393,
400.8,0.8104,1.7394,
400.9,0.8103,1.7393,
401,0.8104,1.7394,
401.1,0.8103,1.7393,
401.2,0.8103,1.7393,
401.3,0.8103,1.7393,
401.4,0.8103,1.7393,
401.5,0.8103,1.7393,
401.6,0.8103,1.7393,
401.7,0.8103,1.7393,
401.8,0.8104,1.7394,
401.9,0.8104,1.7394,
402,0.8104,1.7394,
402.1,0.8103,1.7393,
402.2,0.8103,1.7393,
402.3,0.8103,1.7393,
402.4,0.8103,1.7393,
402.5,0.8104,1.7394,
402.6,0.8103,1.7393,
402.7,0.8104,1.7394,
402.8,0.8104,1.7394,
402.9,0.8104,1.7394,
403,0.8104,1.7394,
403.1,0.8104,1.7394,
403.2,0.8104,1.7394,
403.3,0.8104,1.7394,
403.4,0.8104,1.7394,
403.5,0.8104,1.7394,
403.6,0.8104,1.7394,
403.7,0.8104,1.7394,
403.8,0.8104,1.7394,
403.9,0.8103,1.7393,
404,0.8103,1.7393,
404.1,0.8104,1.7394,
404.2,0.8104,1.7394,
404.3,0.8104,1.7394,
404.4,0.8104,1.7394,
404.5,0.8105,1.7395,
404.6,0.8105,1.7395,
404.7,0.8105,1.7395,
404.8,0.8105,1.7395,
404.9,0.8105,1.7395,
405,0.8106,1.7396,
405.1,0.8106,1.7396,
405.2,0.8105,1.7395,
405.3,0.8106,1.7396,
405.4,0.8106,1.7396,
405.5,0.8105,1.7395,
405.6,0.8106,1.7396,
405.7,0.8106,1.7396,
405.8,0.8106,1.7396,
405.9,0.8105,1.7395,
406,0.8105,1.7395,
406.1,0.8106,1.7396,
406.2,0.8106,1.7396,
406.3,0.8106,1.7396,
406.4,0.8106,1.7396,
406.5,0.8106,1.7396,
406.6,0.8106,1.7396,
406.7,0.8106,1.7396,
406.8,0.8107,1.7397,
406.9,0.8107,1.7397,
407,0.8107,1.7397,
407.1,0.8106,1.7396,
407.2,0.8107,1.7397,
407.3,0.8106,1.7396,
407.4,0.8106,1.7396,
407.5,0.8107,1.7397,
407.6,0.8107,1.7397,
407.7,0.8107,1.7397,
407.8,0.8107,1.7397,
407.9,0.8107,1.7397,
408,0.8107,1.7397,
408.1,0.8107,1.7397,
408.2,0.8107,1.7397,
408.3,0.8107,1.7397,
408.4,0.8107,1.7397,
408.5,0.8108,1.7398,
408.6,0.8108,1.7398,
408.7,0.8107,1.7397,
408.8,0.8108,1.7398,
408.9,0.8108,1.7398,
409,0.8107,1.7397,
409.1,0.8107,1.7397,
409.2,0.8107,1.7397,
409.3,0.8108,1.7398,
409.4,0.8107,1.7397,
409.5,0.8108,1.7398,
409.6,0.8108,1.7398,
409.7,0.8108,1.7398,
409.8,0.8108,1.7398,
409.9,0.8108,1.7398,
410,0.8108,1.7398,
410.1,0.8108,1.7398,
410.2,0.8109,1.7399,
410.3,0.8109,1.7399,
410.4,0.8108,1.7398,
410.5,0.8109,1.7399,
410.6,0.8108,1.7398,
410.7,0.8109,1.7399,
410.8,0.8109,1.7399,
410.9,0.8109,1.7399,
411,0.8108,1.7398,
411.1,0.8109,1.7399,
411.2,0.8109,1.7399,
411.3,0.8109,1.7399,
411.4,0.811,1.74,
411.5,0.8109,1.7399,
411.6,0.8109,1.7399,
411.7,0.8109,1.7399,
411.8,0.8109,1.7399,
411.9,0.8109,1.7399,
412,0.811,1.74,
412.1,0.811,1.74,
412.2,0.8109,1.7399,
412.3,0.811,1.74,
412.4,0.8109,1.7399,
412.5,0.8109,1.7399,
412.6,0.8109,1.7399,
412.7,0.811,1.74,
412.8,0.811,1.74,
412.9,0.811,1.74,
413,0.8109,1.7399,
413.1,0.8109,1.7399,
413.2,0.811,1.74,
413.3,0.811,1.74,
413.4,0.8109,1.7399,
413.5,0.8109,1.7399,
413.6,0.811,1.74,
413.7,0.811,1.74,
413.8,0.811,1.74,
413.9,0.811,1.74,
414,0.811,1.74,
414.1,0.8111,1.7401,
414.2,0.8111,1.7401,
414.3,0.811,1.74,
414.4,0.811,1.74,
414.5,0.8109,1.7399,
414.6,0.811,1.74,
414.7,0.811,1.74,
414.8,0.811,1.74,
414.9,0.811,1.74,
415,0.811,1.74,
415.1,0.8111,1.7401,
415.2,0.8111,1.7401,
415.3,0.811,1.74,
415.4,0.811,1.74,
415.5,0.8111,1.7401,
415.6,0.8111,1.7401,
415.7,0.811,1.74,
415.8,0.8111,1.7401,
415.9,0.8111,1.7401,
416,0.8111,1.7401,
416.1,0.8111,1.7401,
416.2,0.8111,1.7401,
416.3,0.8111,1.7401,
416.4,0.8111,1.7401,
416.5,0.8112,1.7402,
416.6,0.8111,1.7401,
416.7,0.8111,1.7401,
416.8,0.8111,1.7401,
416.9,0.8112,1.7402,
417,0.8111,1.7401,
417.1,0.8111,1.7401,
417.2,0.8112,1.7402,
417.3,0.8112,1.7402,
417.4,0.8112,1.7402,
417.5,0.8111,1.7401,
417.6,0.8112,1.7402,
417.7,0.8112,1.7402,
417.8,0.8112,1.7402,
417.9,0.8112,1.7402,
418,0.8112,1.7402,
418.1,0.8112,1.7402,
418.2,0.8113,1.7403,
418.3,0.8113,1.7403,
418.4,0.8112,1.7402,
418.5,0.8112,1.7402,
418.6,0.8112,1.7402,
418.7,0.8113,1.7403,
418.8,0.8113,1.7403,
418.9,0.8112,1.7402,
419,0.8113,1.7403,
419.1,0.8113,1.7403,
419.2,0.8112,1.7402,
419.3,0.8113,1.7403,
419.4,0.8114,1.7404,
419.5,0.8113,1.7403,
419.6,0.8113,1.7403,
419.7,0.8112,1.7402,
419.8,0.8112,1.7402,
419.9,0.8113,1.7403,
420,0.8113,1.7403,
420.1,0.8113,1.7403,
420.2,0.8113,1.7403,
420.3,0.8113,1.7403,
420.4,0.8113,1.7403,
420.5,0.8113,1.7403,
420.6,0.8114,1.7404,
420.7,0.8113,1.7403,
420.8,0.8114,1.7404,
420.9,0.8114,1.7404,
421,0.8114,1.7404,
421.1,0.8115,1.7405,
421.2,0.8113,1.7403,
421.3,0.8114,1.7404,
421.4,0.8114,1.7404,
421.5,0.8114,1.7404,
421.6,0.8113,1.7403,
421.7,0.8114,1.7404,
421.8,0.8114,1.7404,
421.9,0.8114,1.7404,
422,0.8114,1.7404,
422.1,0.8115,1.7405,
422.2,0.8115,1.7405,
422.3,0.8115,1.7405,
422.4,0.8114,1.7404,
422.5,0.8114,1.7404,
422.6,0.8114,1.7404,
422.7,0.8114,1.7404,
422.8,0.8114,1.7404,
422.9,0.8114,1.7404,
423,0.8114,1.7404,
423.1,0.8115,1.7405,
423.2,0.8115,1.7405,
423.3,0.8114,1.7404,
423.4,0.8114,1.7404,
423.5,0.8114,1.7404,
423.6,0.8114,1.7404,
423.7,0.8115,1.7405,
423.8,0.8115,1.7405,
423.9,0.8115,1.7405,
424,0.8114,1.7404,
424.1,0.8115,1.7405,
424.2,0.8114,1.7404,
424.3,0.8115,1.7405,
424.4,0.8116,1.7406,
424.5,0.8115,1.7405,
424.6,0.8115,1.7405,
424.7,0.8115,1.7405,
424.8,0.8115,1.7405,
424.9,0.8116,1.7406,
425,0.8116,1.7406,
425.1,0.8116,1.7406,
425.2,0.8116,1.7406,
425.3,0.8116,1.7406,
425.4,0.8117,1.7407,
425.5,0.8116,1.7406,
425.6,0.8117,1.7407,
425.7,0.8117,1.7407,
425.8,0.8117,1.7407,
425.9,0.8116,1.7406,
426,0.8116,1.7406,
426.1,0.8117,1.7407,
426.2,0.8117,1.7407,
426.3,0.8117,1.7407,
426.4,0.8117,1.7407,
426.5,0.8115,1.7405,
426.6,0.8116,1.7406,
426.7,0.8116,1.7406,
426.8,0.8116,1.7406,
426.9,0.8116,1.7406,
427,0.8117,1.7407,
427.1,0.8117,1.7407,
427.2,0.8117,1.7407,
427.3,0.8118,1.7408,
427.4,0.8117,1.7407,
427.5,0.8117,1.7407,
427.6,0.8117,1.7407,
427.7,0.8117,1.7407,
427.8,0.8118,1.7408,
427.9,0.8118,1.7408,
428,0.8117,1.7407,
428.1,0.8118,1.7408,
428.2,0.8118,1.7408,
428.3,0.8118,1.7408,
428.4,0.8118,1.7408,
428.5,0.8118,1.7408,
428.6,0.8118,1.7408,
428.7,0.8118,1.7408,
428.8,0.8118,1.7408,
428.9,0.8119,1.7409,
429,0.8119,1.7409,
429.1,0.812,1.741,
429.2,0.8119,1.7409,
429.3,0.8118,1.7408,
429.4,0.8119,1.7409,
429.5,0.8119,1.7409,
429.6,0.812,1.741,
429.7,0.8119,1.7409,
429.8,0.8118,1.7408,
429.9,0.8118,1.7408,
430,0.8118,1.7408,
430.1,0.8118,1.7408,
430.2,0.8118,1.7408,
430.3,0.8118,1.7408,
430.4,0.8119,1.7409,
430.5,0.8119,1.7409,
430.6,0.8119,1.7409,
430.7,0.8119,1.7409,
430.8,0.8119,1.7409,
430.9,0.812,1.741,
431,0.8119,1.7409,
431.1,0.8119,1.7409,
431.2,0.8118,1.7408,
431.3,0.8119,1.7409,
431.4,0.8119,1.7409,
431.5,0.8119,1.7409,
431.6,0.812,1.741,
431.7,0.812,1.741,
431.8,0.8119,1.7409,
431.9,0.8119,1.7409,
432,0.812,1.741,
432.1,0.812,1.741,
432.2,0.812,1.741,
432.3,0.8119,1.7409,
432.4,0.8119,1.7409,
432.5,0.812,1.741,
432.6,0.812,1.741,
432.7,0.812,1.741,
432.8,0.812,1.741,
432.9,0.812,1.741,
433,0.812,1.741,
433.1,0.812,1.741,
433.2,0.812,1.741,
433.3,0.8119,1.7409,
433.4,0.812,1.741,
433.5,0.812,1.741,
433.6,0.812,1.741,
433.7,0.812,1.741,
433.8,0.812,1.741,
433.9,0.812,1.741,
434,0.8121,1.7411,
434.1,0.8121,1.7411,
434.2,0.812,1.741,
434.3,0.812,1.741,
434.4,0.812,1.741,
434.5,0.812,1.741,
434.6,0.8121,1.7411,
434.7,0.8121,1.7411,
434.8,0.8121,1.7411,
434.9,0.812,1.741,
435,0.812,1.741,
435.1,0.8121,1.7411,
435.2,0.8121,1.7411,
435.3,0.8121,1.7411,
435.4,0.8121,1.7411,
435.5,0.8121,1.7411,
435.6,0.8122,1.7412,
435.7,0.8122,1.7412,
435.8,0.8122,1.7412,
435.9,0.8121,1.7411,
436,0.8122,1.7412,
436.1,0.8122,1.7412,
436.2,0.8122,1.7412,
436.3,0.8122,1.7412,
436.4,0.8122,1.7412,
436.5,0.8122,1.7412,
436.6,0.8122,1.7412,
436.7,0.8122,1.7412,
436.8,0.8121,1.7411,
436.9,0.8122,1.7412,
437,0.8123,1.7413,
437.1,0.8122,1.7412,
437.2,0.8122,1.7412,
437.3,0.8122,1.7412,
437.4,0.8122,1.7412,
437.5,0.8122,1.7412,
437.6,0.8122,1.7412,
437.7,0.8122,1.7412,
437.8,0.8122,1.7412,
437.9,0.8122,1.7412,
438,0.8122,1.7412,
438.1,0.8122,1.7412,
438.2,0.8122,1.7412,
438.3,0.8122,1.7412,
438.4,0.8122,1.7412,
438.5,0.8123,1.7413,
438.6,0.8123,1.7413,
438.7,0.8123,1.7413,
438.8,0.8122,1.7412,
438.9,0.8122,1.7412,
439,0.8123,1.7413,
439.1,0.8123,1.7413,
439.2,0.8123,1.7413,
439.3,0.8123,1.7413,
439.4,0.8123,1.7413,
439.5,0.8123,1.7413,
439.6,0.8124,1.7414,
439.7,0.8123,1.7413,
439.8,0.8124,1.7414,
439.9,0.8123,1.7413,
440,0.8123,1.7413,
440.1,0.8123,1.7413,
440.2,0.8123,1.7413,
440.3,0.8123,1.7413,
440.4,0.8124,1.7414,
440.5,0.8124,1.7414,
440.6,0.8124,1.7414,
440.7,0.8123,1.7413,
440.8,0.8124,1.7414,
440.9,0.8123,1.7413,
441,0.8123,1.7413,
441.1,0.8124,1.7414,
441.2,0.8123,1.7413,
441.3,0.8124,1.7414,
441.4,0.8124,1.7414,
441.5,0.8124,1.7414,
441.6,0.8124,1.7414,
441.7,0.8124,1.7414,
441.8,0.8125,1.7415,
441.9,0.8124,1.7414,
442,0.8125,1.7415,
442.1,0.8125,1.7415,
442.2,0.8125,1.7415,
442.3,0.8125,1.7415,
442.4,0.8126,1.7416,
442.5,0.8125,1.7415,
442.6,0.8125,1.7415,
442.7,0.8124,1.7414,
442.8,0.8125,1.7415,
442.9,0.8125,1.7415,
443,0.8125,1.7415,
443.1,0.8125,1.7415,
443.2,0.8126,1.7416,
443.3,0.8127,1.7417,
443.4,0.8126,1.7416,
443.5,0.8125,1.7415,
443.6,0.8125,1.7415,
443.7,0.8125,1.7415,
443.8,0.8125,1.7415,
443.9,0.8125,1.7415,
444,0.8125,1.7415,
444.1,0.8125,1.7415,
444.2,0.8125,1.7415,
444.3,0.8125,1.7415,
444.4,0.8124,1.7414,
444.5,0.8125,1.7415,
444.6,0.8124,1.7414,
444.7,0.8125,1.7415,
444.8,0.8125,1.7415,
444.9,0.8124,1.7414,
445,0.8124,1.7414,
445.1,0.8124,1.7414,
445.2,0.8124,1.7414,
445.3,0.8124,1.7414,
445.4,0.8125,1.7415,
445.5,0.8124,1.7414,
445.6,0.8124,1.7414,
445.7,0.8125,1.7415,
445.8,0.8125,1.7415,
445.9,0.8126,1.7416,
446,0.8126,1.7416,
446.1,0.8126,1.7416,
446.2,0.8125,1.7415,
446.3,0.8126,1.7416,
446.4,0.8126,1.7416,
446.5,0.8125,1.7415,
446.6,0.8126,1.7416,
446.7,0.8126,1.7416,
446.8,0.8126,1.7416,
446.9,0.8126,1.7416,
447,0.8126,1.7416,
447.1,0.8127,1.7417,
447.2,0.8127,1.7417,
447.3,0.8126,1.7416,
447.4,0.8126,1.7416,
447.5,0.8125,1.7415,
447.6,0.8126,1.7416,
447.7,0.8126,1.7416,
447.8,0.8126,1.7416,
447.9,0.8126,1.7416,
448,0.8127,1.7417,
448.1,0.8128,1.7418,
448.2,0.8128,1.7418,
448.3,0.8127,1.7417,
448.4,0.8127,1.7417,
448.5,0.8127,1.7417,
448.6,0.8127,1.7417,
448.7,0.8127,1.7417,
448.8,0.8127,1.7417,
448.9,0.8128,1.7418,
449,0.8128,1.7418,
449.1,0.8127,1.7417,
449.2,0.8128,1.7418,
449.3,0.8127,1.7417,
449.4,0.8127,1.7417,
449.5,0.8127,1.7417,
449.6,0.8128,1.7418,
449.7,0.8128,1.7418,
449.8,0.8127,1.7417,
449.9,0.8128,1.7418,
450,0.8128,1.7418,
450.1,0.8128,1.7418,
450.2,0.8128,1.7418,
450.3,0.8128,1.7418,
450.4,0.8128,1.7418,
450.5,0.8129,1.7419,
450.6,0.8129,1.7419,
450.7,0.8128,1.7418,
450.8,0.8127,1.7417,
450.9,0.8128,1.7418,
451,0.8127,1.7417,
451.1,0.8128,1.7418,
451.2,0.8127,1.7417,
451.3,0.8128,1.7418,
451.4,0.8128,1.7418,
451.5,0.8128,1.7418,
451.6,0.8129,1.7419,
451.7,0.8128,1.7418,
451.8,0.8129,1.7419,
451.9,0.8128,1.7418,
452,0.8128,1.7418,
452.1,0.8129,1.7419,
452.2,0.8129,1.7419,
452.3,0.8128,1.7418,
452.4,0.8128,1.7418,
452.5,0.8129,1.7419,
452.6,0.8129,1.7419,
452.7,0.8129,1.7419,
452.8,0.8129,1.7419,
452.9,0.813,1.742,
453,0.813,1.742,
453.1,0.8129,1.7419,
453.2,0.813,1.742,
453.3,0.813,1.742,
453.4,0.813,1.742,
453.5,0.8131,1.7421,
453.6,0.813,1.742,
453.7,0.813,1.742,
453.8,0.813,1.742,
453.9,0.813,1.742,
454,0.813,1.742,
454.1,0.813,1.742,
454.2,0.813,1.742,
454.3,0.813,1.742,
454.4,0.813,1.742,
454.5,0.8131,1.7421,
454.6,0.8131,1.7421,
454.7,0.8131,1.7421,
454.8,0.813,1.742,
454.9,0.8131,1.7421,
455,0.8131,1.7421,
455.1,0.8131,1.7421,
455.2,0.8131,1.7421,
455.3,0.8131,1.7421,
455.4,0.8131,1.7421,
455.5,0.8131,1.7421,
455.6,0.8132,1.7422,
455.7,0.8132,1.7422,
455.8,0.8133,1.7423,
455.9,0.8132,1.7422,
456,0.8131,1.7421,
456.1,0.8132,1.7422,
456.2,0.8132,1.7422,
456.3,0.8132,1.7422,
456.4,0.8132,1.7422,
456.5,0.8133,1.7423,
456.6,0.8133,1.7423,
456.7,0.8133,1.7423,
456.8,0.8133,1.7423,
456.9,0.8133,1.7423,
457,0.8132,1.7422,
457.1,0.8133,1.7423,
457.2,0.8133,1.7423,
457.3,0.8133,1.7423,
457.4,0.8133,1.7423,
457.5,0.8133,1.7423,
457.6,0.8132,1.7422,
457.7,0.8131,1.7421,
457.8,0.8132,1.7422,
457.9,0.8133,1.7423,
458,0.8133,1.7423,
458.1,0.8133,1.7423,
458.2,0.8133,1.7423,
458.3,0.8133,1.7423,
458.4,0.8133,1.7423,
458.5,0.8133,1.7423,
458.6,0.8133,1.7423,
458.7,0.8133,1.7423,
458.8,0.8133,1.7423,
458.9,0.8134,1.7424,
459,0.8134,1.7424,
459.1,0.8134,1.7424,
459.2,0.8134,1.7424,
459.3,0.8134,1.7424,
459.4,0.8134,1.7424,
459.5,0.8134,1.7424,
459.6,0.8134,1.7424,
459.7,0.8133,1.7423,
459.8,0.8134,1.7424,
459.9,0.8135,1.7425,
460,0.8135,1.7425,
460.1,0.8135,1.7425,
460.2,0.8135,1.7425,
460.3,0.8135,1.7425,
460.4,0.8135,1.7425,
460.5,0.8135,1.7425,
460.6,0.8135,1.7425,
460.7,0.8135,1.7425,
460.8,0.8135,1.7425,
460.9,0.8135,1.7425,
461,0.8135,1.7425,
461.1,0.8136,1.7426,
461.2,0.8135,1.7425,
461.3,0.8135,1.7425,
461.4,0.8135,1.7425,
461.5,0.8134,1.7424,
461.6,0.8135,1.7425,
461.7,0.8135,1.7425,
461.8,0.8135,1.7425,
461.9,0.8135,1.7425,
462,0.8135,1.7425,
462.1,0.8135,1.7425,
462.2,0.8135,1.7425,
462.3,0.8135,1.7425,
462.4,0.8136,1.7426,
462.5,0.8135,1.7425,
462.6,0.8136,1.7426,
462.7,0.8136,1.7426,
462.8,0.8136,1.7426,
462.9,0.8136,1.7426,
463,0.8136,1.7426,
463.1,0.8136,1.7426,
463.2,0.8136,1.7426,
463.3,0.8136,1.7426,
463.4,0.8136,1.7426,
463.5,0.8137,1.7427,
463.6,0.8137,1.7427,
463.7,0.8137,1.7427,
463.8,0.8137,1.7427,
463.9,0.8136,1.7426,
464,0.8136,1.7426,
464.1,0.8137,1.7427,
464.2,0.8137,1.7427,
464.3,0.8138,1.7428,
464.4,0.8137,1.7427,
464.5,0.8137,1.7427,
464.6,0.8137,1.7427,
464.7,0.8138,1.7428,
464.8,0.8137,1.7427,
464.9,0.8137,1.7427,
465,0.8136,1.7426,
465.1,0.8137,1.7427,
465.2,0.8137,1.7427,
465.3,0.8136,1.7426,
465.4,0.8137,1.7427,
465.5,0.8137,1.7427,
465.6,0.8137,1.7427,
465.7,0.8137,1.7427,
465.8,0.8137,1.7427,
465.9,0.8137,1.7427,
466,0.8138,1.7428,
466.1,0.8137,1.7427,
466.2,0.8137,1.7427,
466.3,0.8138,1.7428,
466.4,0.8137,1.7427,
466.5,0.8137,1.7427,
466.6,0.8138,1.7428,
466.7,0.8138,1.7428,
466.8,0.8138,1.7428,
466.9,0.8138,1.7428,
467,0.8139,1.7429,
467.1,0.8138,1.7428,
467.2,0.8139,1.7429,
467.3,0.8139,1.7429,
467.4,0.8138,1.7428,
467.5,0.8139,1.7429,
467.6,0.8139,1.7429,
467.7,0.8139,1.7429,
467.8,0.8139,1.7429,
467.9,0.8139,1.7429,
468,0.8139,1.7429,
468.1,0.8139,1.7429,
468.2,0.8139,1.7429,
468.3,0.8139,1.7429,
468.4,0.8139,1.7429,
468.5,0.8139,1.7429,
468.6,0.8139,1.7429,
468.7,0.8139,1.7429,
468.8,0.8139,1.7429,
468.9,0.8139,1.7429,
469,0.8139,1.7429,
469.1,0.8139,1.7429,
469.2,0.8139,1.7429,
469.3,0.8139,1.7429,
469.4,0.8139,1.7429,
469.5,0.8139,1.7429,
469.6,0.8139,1.7429,
469.7,0.8139,1.7429,
469.8,0.8139,1.7429,
469.9,0.8139,1.7429,
470,0.8139,1.7429,
470.1,0.814,1.743,
470.2,0.8139,1.7429,
470.3,0.814,1.743,
470.4,0.814,1.743,
470.5,0.8139,1.7429,
470.6,0.814,1.743,
470.7,0.814,1.743,
470.8,0.814,1.743,
470.9,0.8141,1.7431,
471,0.8141,1.7431,
471.1,0.8141,1.7431,
471.2,0.8141,1.7431,
471.3,0.8141,1.7431,
471.4,0.8141,1.7431,
471.5,0.8141,1.7431,
471.6,0.8141,1.7431,
471.7,0.8141,1.7431,
471.8,0.8141,1.7431,
471.9,0.8141,1.7431,
472,0.8141,1.7431,
472.1,0.814,1.743,
472.2,0.814,1.743,
472.3,0.8141,1.7431,
472.4,0.814,1.743,
472.5,0.8141,1.7431,
472.6,0.8141,1.7431,
472.7,0.8141,1.7431,
472.8,0.8141,1.7431,
472.9,0.8142,1.7432,
473,0.8142,1.7432,
473.1,0.8142,1.7432,
473.2,0.8142,1.7432,
473.3,0.8142,1.7432,
473.4,0.8141,1.7431,
473.5,0.8142,1.7432,
473.6,0.8142,1.7432,
473.7,0.8142,1.7432,
473.8,0.8142,1.7432,
473.9,0.8142,1.7432,
474,0.8142,1.7432,
474.1,0.8142,1.7432,
474.2,0.8143,1.7433,
474.3,0.8143,1.7433,
474.4,0.8143,1.7433,
474.5,0.8143,1.7433,
474.6,0.8143,1.7433,
474.7,0.8144,1.7434,
474.8,0.8143,1.7433,
474.9,0.8143,1.7433,
475,0.8143,1.7433,
475.1,0.8144,1.7434,
475.2,0.8144,1.7434,
475.3,0.8144,1.7434,
475.4,0.8144,1.7434,
475.5,0.8143,1.7433,
475.6,0.8142,1.7432,
475.7,0.8142,1.7432,
475.8,0.8143,1.7433,
475.9,0.8143,1.7433,
476,0.8143,1.7433,
476.1,0.8143,1.7433,
476.2,0.8143,1.7433,
476.3,0.8142,1.7432,
476.4,0.8143,1.7433,
476.5,0.8142,1.7432,
476.6,0.8143,1.7433,
476.7,0.8143,1.7433,
476.8,0.8143,1.7433,
476.9,0.8143,1.7433,
477,0.8143,1.7433,
477.1,0.8142,1.7432,
477.2,0.8143,1.7433,
477.3,0.8143,1.7433,
477.4,0.8143,1.7433,
477.5,0.8143,1.7433,
477.6,0.8143,1.7433,
477.7,0.8144,1.7434,
477.8,0.8144,1.7434,
477.9,0.8144,1.7434,
478,0.8144,1.7434,
478.1,0.8144,1.7434,
478.2,0.8144,1.7434,
478.3,0.8143,1.7433,
478.4,0.8144,1.7434,
478.5,0.8144,1.7434,
478.6,0.8144,1.7434,
478.7,0.8144,1.7434,
478.8,0.8144,1.7434,
478.9,0.8144,1.7434,
479,0.8144,1.7434,
479.1,0.8144,1.7434,
479.2,0.8144,1.7434,
479.3,0.8143,1.7433,
479.4,0.8143,1.7433,
479.5,0.8143,1.7433,
479.6,0.8143,1.7433,
479.7,0.8144,1.7434,
479.8,0.8144,1.7434,
479.9,0.8144,1.7434,
480,0.8144,1.7434,
480.1,0.8144,1.7434,
480.2,0.8144,1.7434,
480.3,0.8144,1.7434,
480.4,0.8145,1.7435,
480.5,0.8145,1.7435,
480.6,0.8145,1.7435,
480.7,0.8145,1.7435,
480.8,0.8145,1.7435,
480.9,0.8145,1.7435,
481,0.8145,1.7435,
481.1,0.8145,1.7435,
481.2,0.8145,1.7435,
481.3,0.8145,1.7435,
481.4,0.8145,1.7435,
481.5,0.8145,1.7435,
481.6,0.8146,1.7436,
481.7,0.8146,1.7436,
481.8,0.8146,1.7436,
481.9,0.8146,1.7436,
482,0.8146,1.7436,
482.1,0.8146,1.7436,
482.2,0.8145,1.7435,
482.3,0.8146,1.7436,
482.4,0.8147,1.7437,
482.5,0.8146,1.7436,
482.6,0.8147,1.7437,
482.7,0.8147,1.7437,
482.8,0.8147,1.7437,
482.9,0.8147,1.7437,
483,0.8147,1.7437,
483.1,0.8147,1.7437,
483.2,0.8147,1.7437,
483.3,0.8147,1.7437,
483.4,0.8147,1.7437,
483.5,0.8147,1.7437,
483.6,0.8147,1.7437,
483.7,0.8147,1.7437,
483.8,0.8147,1.7437,
483.9,0.8147,1.7437,
484,0.8147,1.7437,
484.1,0.8148,1.7438,
484.2,0.8147,1.7437,
484.3,0.8148,1.7438,
484.4,0.8147,1.7437,
484.5,0.8147,1.7437,
484.6,0.8148,1.7438,
484.7,0.8148,1.7438,
484.8,0.8148,1.7438,
484.9,0.8148,1.7438,
485,0.8148,1.7438,
485.1,0.8148,1.7438,
485.2,0.8148,1.7438,
485.3,0.8148,1.7438,
485.4,0.8148,1.7438,
485.5,0.8149,1.7439,
485.6,0.8149,1.7439,
485.7,0.8149,1.7439,
485.8,0.8149,1.7439,
485.9,0.8148,1.7438,
486,0.8148,1.7438,
486.1,0.8148,1.7438,
486.2,0.8149,1.7439,
486.3,0.8149,1.7439,
486.4,0.8149,1.7439,
486.5,0.8148,1.7438,
486.6,0.8148,1.7438,
486.7,0.8149,1.7439,
486.8,0.8149,1.7439,
486.9,0.8149,1.7439,
487,0.8149,1.7439,
487.1,0.8149,1.7439,
487.2,0.8149,1.7439,
487.3,0.8149,1.7439,
487.4,0.8149,1.7439,
487.5,0.8149,1.7439,
487.6,0.815,1.744,
487.7,0.815,1.744,
487.8,0.815,1.744,
487.9,0.815,1.744,
488,0.815,1.744,
488.1,0.815,1.744,
488.2,0.815,1.744,
488.3,0.815,1.744,
488.4,0.815,1.744,
488.5,0.8149,1.7439,
488.6,0.815,1.744,
488.7,0.815,1.744,
488.8,0.815,1.744,
488.9,0.815,1.744,
489,0.815,1.744,
489.1,0.815,1.744,
489.2,0.815,1.744,
489.3,0.815,1.744,
489.4,0.815,1.744,
489.5,0.815,1.744,
489.6,0.815,1.744,
489.7,0.8151,1.7441,
489.8,0.8151,1.7441,
489.9,0.815,1.744,
490,0.8151,1.7441,
490.1,0.8151,1.7441,
490.2,0.8151,1.7441,
490.3,0.8152,1.7442,
490.4,0.8152,1.7442,
490.5,0.8152,1.7442,
490.6,0.8153,1.7443,
490.7,0.8152,1.7442,
490.8,0.8152,1.7442,
490.9,0.8152,1.7442,
491,0.8151,1.7441,
491.1,0.8152,1.7442,
491.2,0.8152,1.7442,
491.3,0.8152,1.7442,
491.4,0.8153,1.7443,
491.5,0.8152,1.7442,
491.6,0.8152,1.7442,
491.7,0.8152,1.7442,
491.8,0.8151,1.7441,
491.9,0.8151,1.7441,
492,0.8151,1.7441,
492.1,0.8152,1.7442,
492.2,0.8152,1.7442,
492.3,0.8151,1.7441,
492.4,0.8152,1.7442,
492.5,0.8152,1.7442,
492.6,0.8152,1.7442,
492.7,0.8152,1.7442,
492.8,0.8152,1.7442,
492.9,0.8152,1.7442,
493,0.8152,1.7442,
493.1,0.8153,1.7443,
493.2,0.8152,1.7442,
493.3,0.8151,1.7441,
493.4,0.8152,1.7442,
493.5,0.8153,1.7443,
493.6,0.8153,1.7443,
493.7,0.8152,1.7442,
493.8,0.8152,1.7442,
493.9,0.8152,1.7442,
494,0.8152,1.7442,
494.1,0.8152,1.7442,
494.2,0.8152,1.7442,
494.3,0.8152,1.7442,
494.4,0.8153,1.7443,
494.5,0.8153,1.7443,
494.6,0.8153,1.7443,
494.7,0.8153,1.7443,
494.8,0.8154,1.7444,
494.9,0.8153,1.7443,
495,0.8153,1.7443,
495.1,0.8153,1.7443,
495.2,0.8153,1.7443,
495.3,0.8153,1.7443,
495.4,0.8153,1.7443,
495.5,0.8153,1.7443,
495.6,0.8154,1.7444,
495.7,0.8153,1.7443,
495.8,0.8153,1.7443,
495.9,0.8153,1.7443,
496,0.8153,1.7443,
496.1,0.8154,1.7444,
496.2,0.8153,1.7443,
496.3,0.8153,1.7443,
496.4,0.8154,1.7444,
496.5,0.8154,1.7444,
496.6,0.8154,1.7444,
496.7,0.8154,1.7444,
496.8,0.8154,1.7444,
496.9,0.8154,1.7444,
497,0.8154,1.7444,
497.1,0.8154,1.7444,
497.2,0.8154,1.7444,
497.3,0.8155,1.7445,
497.4,0.8155,1.7445,
497.5,0.8155,1.7445,
497.6,0.8155,1.7445,
497.7,0.8155,1.7445,
497.8,0.8154,1.7444,
497.9,0.8155,1.7445,
498,0.8155,1.7445,
498.1,0.8155,1.7445,
498.2,0.8155,1.7445,
498.3,0.8155,1.7445,
498.4,0.8155,1.7445,
498.5,0.8154,1.7444,
498.6,0.8154,1.7444,
498.7,0.8154,1.7444,
498.8,0.8154,1.7444,
498.9,0.8154,1.7444,
499,0.8155,1.7445,
499.1,0.8155,1.7445,
499.2,0.8155,1.7445,
499.3,0.8155,1.7445,
499.4,0.8156,1.7446,
499.5,0.8156,1.7446,
499.6,0.8155,1.7445,
499.7,0.8155,1.7445,
499.8,0.8155,1.7445,
499.9,0.8154,1.7444,
500,0.8155,1.7445,
500.1,0.8155,1.7445,
500.2,0.8155,1.7445,
500.3,0.8155,1.7445,
500.4,0.8155,1.7445,
500.5,0.8155,1.7445,
500.6,0.8155,1.7445,
500.7,0.8155,1.7445,
500.8,0.8155,1.7445,
500.9,0.8155,1.7445,
501,0.8155,1.7445,
501.1,0.8156,1.7446,
501.2,0.8155,1.7445,
501.3,0.8156,1.7446,
501.4,0.8157,1.7447,
501.5,0.8156,1.7446,
501.6,0.8156,1.7446,
501.7,0.8157,1.7447,
501.8,0.8156,1.7446,
501.9,0.8155,1.7445,
502,0.8156,1.7446,
502.1,0.8156,1.7446,
502.2,0.8156,1.7446,
502.3,0.8156,1.7446,
502.4,0.8156,1.7446,
502.5,0.8155,1.7445,
502.6,0.8155,1.7445,
502.7,0.8155,1.7445,
502.8,0.8155,1.7445,
502.9,0.8155,1.7445,
503,0.8155,1.7445,
503.1,0.8155,1.7445,
503.2,0.8156,1.7446,
503.3,0.8156,1.7446,
503.4,0.8156,1.7446,
503.5,0.8156,1.7446,
503.6,0.8157,1.7447,
503.7,0.8157,1.7447,
503.8,0.8157,1.7447,
503.9,0.8157,1.7447,
504,0.8157,1.7447,
504.1,0.8157,1.7447,
504.2,0.8157,1.7447,
504.3,0.8157,1.7447,
504.4,0.8157,1.7447,
504.5,0.8157,1.7447,
504.6,0.8157,1.7447,
504.7,0.8157,1.7447,
504.8,0.8158,1.7448,
504.9,0.8158,1.7448,
505,0.8158,1.7448,
505.1,0.8158,1.7448,
505.2,0.8157,1.7447,
505.3,0.8157,1.7447,
505.4,0.8158,1.7448,
505.5,0.8158,1.7448,
505.6,0.8158,1.7448,
505.7,0.8158,1.7448,
505.8,0.8158,1.7448,
505.9,0.8158,1.7448,
506,0.8158,1.7448,
506.1,0.8158,1.7448,
506.2,0.8157,1.7447,
506.3,0.8157,1.7447,
506.4,0.8158,1.7448,
506.5,0.8158,1.7448,
506.6,0.8158,1.7448,
506.7,0.8158,1.7448,
506.8,0.8158,1.7448,
506.9,0.8158,1.7448,
507,0.8158,1.7448,
507.1,0.8158,1.7448,
507.2,0.8157,1.7447,
507.3,0.8158,1.7448,
507.4,0.8158,1.7448,
507.5,0.8158,1.7448,
507.6,0.8158,1.7448,
507.7,0.8159,1.7449,
507.8,0.8158,1.7448,
507.9,0.8159,1.7449,
508,0.8159,1.7449,
508.1,0.8159,1.7449,
508.2,0.8159,1.7449,
508.3,0.8159,1.7449,
508.4,0.8158,1.7448,
508.5,0.8159,1.7449,
508.6,0.8159,1.7449,
508.7,0.816,1.745,
508.8,0.816,1.745,
508.9,0.816,1.745,
509,0.8159,1.7449,
509.1,0.8159,1.7449,
509.2,0.8159,1.7449,
509.3,0.8159,1.7449,
509.4,0.8159,1.7449,
509.5,0.816,1.745,
509.6,0.8159,1.7449,
509.7,0.8159,1.7449,
509.8,0.8159,1.7449,
509.9,0.8159,1.7449,
510,0.816,1.745,
510.1,0.816,1.745,
510.2,0.8159,1.7449,
510.3,0.816,1.745,
510.4,0.816,1.745,
510.5,0.816,1.745,
510.6,0.8161,1.7451,
510.7,0.816,1.745,
510.8,0.816,1.745,
510.9,0.816,1.745,
511,0.816,1.745,
511.1,0.816,1.745,
511.2,0.8161,1.7451,
511.3,0.8161,1.7451,
511.4,0.8161,1.7451,
511.5,0.8161,1.7451,
511.6,0.8162,1.7452,
511.7,0.8162,1.7452,
511.8,0.8162,1.7452,
511.9,0.8161,1.7451,
512,0.8162,1.7452,
512.1,0.8162,1.7452,
512.2,0.8162,1.7452,
512.3,0.8162,1.7452,
512.4,0.8162,1.7452,
512.5,0.8162,1.7452,
512.6,0.8161,1.7451,
512.7,0.8162,1.7452,
512.8,0.8162,1.7452,
512.9,0.8161,1.7451,
513,0.8162,1.7452,
513.1,0.8162,1.7452,
513.2,0.8162,1.7452,
513.3,0.8161,1.7451,
513.4,0.8161,1.7451,
513.5,0.8162,1.7452,
513.6,0.8162,1.7452,
513.7,0.8162,1.7452,
513.8,0.8161,1.7451,
513.9,0.8162,1.7452,
514,0.8162,1.7452,
514.1,0.8162,1.7452,
514.2,0.8161,1.7451,
514.3,0.8161,1.7451,
514.4,0.8162,1.7452,
514.5,0.8162,1.7452,
514.6,0.8162,1.7452,
514.7,0.8162,1.7452,
514.8,0.8162,1.7452,
514.9,0.8162,1.7452,
515,0.8163,1.7453,
515.1,0.8163,1.7453,
515.2,0.8162,1.7452,
515.3,0.8163,1.7453,
515.4,0.8164,1.7454,
515.5,0.8163,1.7453,
515.6,0.8163,1.7453,
515.7,0.8163,1.7453,
515.8,0.8163,1.7453,
515.9,0.8163,1.7453,
516,0.8164,1.7454,
516.1,0.8164,1.7454,
516.2,0.8163,1.7453,
516.3,0.8164,1.7454,
516.4,0.8164,1.7454,
516.5,0.8164,1.7454,
516.6,0.8163,1.7453,
516.7,0.8163,1.7453,
516.8,0.8164,1.7454,
516.9,0.8163,1.7453,
517,0.8162,1.7452,
517.1,0.8162,1.7452,
517.2,0.8163,1.7453,
517.3,0.8164,1.7454,
517.4,0.8163,1.7453,
517.5,0.8163,1.7453,
517.6,0.8163,1.7453,
517.7,0.8164,1.7454,
517.8,0.8164,1.7454,
517.9,0.8164,1.7454,
518,0.8164,1.7454,
518.1,0.8165,1.7455,
518.2,0.8165,1.7455,
518.3,0.8164,1.7454,
518.4,0.8164,1.7454,
518.5,0.8164,1.7454,
518.6,0.8164,1.7454,
518.7,0.8164,1.7454,
518.8,0.8164,1.7454,
518.9,0.8165,1.7455,
519,0.8165,1.7455,
519.1,0.8165,1.7455,
519.2,0.8165,1.7455,
519.3,0.8165,1.7455,
519.4,0.8165,1.7455,
519.5,0.8164,1.7454,
519.6,0.8165,1.7455,
519.7,0.8165,1.7455,
519.8,0.8165,1.7455,
519.9,0.8166,1.7456,
520,0.8165,1.7455,
520.1,0.8165,1.7455,
520.2,0.8165,1.7455,
520.3,0.8165,1.7455,
520.4,0.8165,1.7455,
520.5,0.8165,1.7455,
520.6,0.8165,1.7455,
520.7,0.8165,1.7455,
520.8,0.8165,1.7455,
520.9,0.8166,1.7456,
521,0.8166,1.7456,
521.1,0.8165,1.7455,
521.2,0.8165,1.7455,
521.3,0.8165,1.7455,
521.4,0.8166,1.7456,
521.5,0.8166,1.7456,
521.6,0.8166,1.7456,
521.7,0.8166,1.7456,
521.8,0.8166,1.7456,
521.9,0.8166,1.7456,
522,0.8167,1.7457,
522.1,0.8167,1.7457,
522.2,0.8166,1.7456,
522.3,0.8167,1.7457,
522.4,0.8167,1.7457,
522.5,0.8167,1.7457,
522.6,0.8167,1.7457,
522.7,0.8167,1.7457,
522.8,0.8166,1.7456,
522.9,0.8167,1.7457,
523,0.8167,1.7457,
523.1,0.8167,1.7457,
523.2,0.8167,1.7457,
523.3,0.8166,1.7456,
523.4,0.8168,1.7458,
523.5,0.8168,1.7458,
523.6,0.8168,1.7458,
523.7,0.8167,1.7457,
523.8,0.8167,1.7457,
523.9,0.8167,1.7457,
524,0.8167,1.7457,
524.1,0.8167,1.7457,
524.2,0.8167,1.7457,
524.3,0.8168,1.7458,
524.4,0.8168,1.7458,
524.5,0.8168,1.7458,
524.6,0.8168,1.7458,
524.7,0.8168,1.7458,
524.8,0.8168,1.7458,
524.9,0.8169,1.7459,
525,0.8169,1.7459,
525.1,0.8169,1.7459,
525.2,0.8168,1.7458,
525.3,0.8169,1.7459,
525.4,0.8168,1.7458,
525.5,0.8169,1.7459,
525.6,0.8168,1.7458,
525.7,0.8169,1.7459,
525.8,0.8169,1.7459,
525.9,0.8169,1.7459,
526,0.8169,1.7459,
526.1,0.817,1.746,
526.2,0.8169,1.7459,
526.3,0.8169,1.7459,
526.4,0.8169,1.7459,
526.5,0.8169,1.7459,
526.6,0.817,1.746,
526.7,0.8169,1.7459,
526.8,0.8169,1.7459,
526.9,0.8169,1.7459,
527,0.8169,1.7459,
527.1,0.8169,1.7459,
527.2,0.8169,1.7459,
527.3,0.817,1.746,
527.4,0.817,1.746,
527.5,0.817,1.746,
527.6,0.817,1.746,
527.7,0.817,1.746,
527.8,0.8171,1.7461,
527.9,0.8171,1.7461,
528,0.8171,1.7461,
528.1,0.8171,1.7461,
528.2,0.817,1.746,
528.3,0.817,1.746,
528.4,0.8171,1.7461,
528.5,0.8171,1.7461,
528.6,0.817,1.746,
528.7,0.8171,1.7461,
528.8,0.8171,1.7461,
528.9,0.817,1.746,
529,0.8171,1.7461,
529.1,0.8171,1.7461,
529.2,0.8171,1.7461,
529.3,0.8171,1.7461,
529.4,0.8172,1.7462,
529.5,0.8172,1.7462,
529.6,0.8172,1.7462,
529.7,0.8172,1.7462,
529.8,0.8172,1.7462,
529.9,0.8172,1.7462,
530,0.8171,1.7461,
530.1,0.8171,1.7461,
530.2,0.8172,1.7462,
530.3,0.8172,1.7462,
530.4,0.8172,1.7462,
530.5,0.8172,1.7462,
530.6,0.8172,1.7462,
530.7,0.8172,1.7462,
530.8,0.8172,1.7462,
530.9,0.8172,1.7462,
531,0.8172,1.7462,
531.1,0.8172,1.7462,
531.2,0.8173,1.7463,
531.3,0.8172,1.7462,
531.4,0.8172,1.7462,
531.5,0.8172,1.7462,
531.6,0.8172,1.7462,
531.7,0.8173,1.7463,
531.8,0.8173,1.7463,
531.9,0.8173,1.7463,
532,0.8172,1.7462,
532.1,0.8173,1.7463,
532.2,0.8173,1.7463,
532.3,0.8173,1.7463,
532.4,0.8172,1.7462,
532.5,0.8172,1.7462,
532.6,0.8173,1.7463,
532.7,0.8173,1.7463,
532.8,0.8173,1.7463,
532.9,0.8174,1.7464,
533,0.8173,1.7463,
533.1,0.8172,1.7462,
533.2,0.8174,1.7464,
533.3,0.8173,1.7463,
533.4,0.8174,1.7464,
533.5,0.8173,1.7463,
533.6,0.8173,1.7463,
533.7,0.8172,1.7462,
533.8,0.8173,1.7463,
533.9,0.8173,1.7463,
534,0.8173,1.7463,
534.1,0.8172,1.7462,
534.2,0.8173,1.7463,
534.3,0.8173,1.7463,
534.4,0.8173,1.7463,
534.5,0.8173,1.7463,
534.6,0.8174,1.7464,
534.7,0.8174,1.7464,
534.8,0.8174,1.7464,
534.9,0.8174,1.7464,
535,0.8173,1.7463,
535.1,0.8174,1.7464,
535.2,0.8174,1.7464,
535.3,0.8175,1.7465,
535.4,0.8174,1.7464,
535.5,0.8174,1.7464,
535.6,0.8174,1.7464,
535.7,0.8174,1.7464,
535.8,0.8174,1.7464,
535.9,0.8174,1.7464,
536,0.8174,1.7464,
536.1,0.8174,1.7464,
536.2,0.8176,1.7466,
536.3,0.8175,1.7465,
536.4,0.8175,1.7465,
536.5,0.8174,1.7464,
536.6,0.8175,1.7465,
536.7,0.8175,1.7465,
536.8,0.8175,1.7465,
536.9,0.8175,1.7465,
537,0.8175,1.7465,
537.1,0.8175,1.7465,
537.2,0.8175,1.7465,
537.3,0.8176,1.7466,
537.4,0.8175,1.7465,
537.5,0.8176,1.7466,
537.6,0.8176,1.7466,
537.7,0.8176,1.7466,
537.8,0.8176,1.7466,
537.9,0.8175,1.7465,
538,0.8175,1.7465,
538.1,0.8175,1.7465,
538.2,0.8175,1.7465,
538.3,0.8176,1.7466,
538.4,0.8176,1.7466,
538.5,0.8175,1.7465,
538.6,0.8176,1.7466,
538.7,0.8176,1.7466,
538.8,0.8176,1.7466,
538.9,0.8177,1.7467,
539,0.8177,1.7467,
539.1,0.8176,1.7466,
539.2,0.8176,1.7466,
539.3,0.8176,1.7466,
539.4,0.8176,1.7466,
539.5,0.8176,1.7466,
539.6,0.8177,1.7467,
539.7,0.8177,1.7467,
539.8,0.8177,1.7467,
539.9,0.8176,1.7466,
540,0.8177,1.7467,
540.1,0.8177,1.7467,
540.2,0.8178,1.7468,
540.3,0.8178,1.7468,
540.4,0.8178,1.7468,
540.5,0.8178,1.7468,
540.6,0.8178,1.7468,
540.7,0.8178,1.7468,
540.8,0.8178,1.7468,
540.9,0.8178,1.7468,
541,0.8178,1.7468,
541.1,0.8177,1.7467,
541.2,0.8177,1.7467,
541.3,0.8178,1.7468,
541.4,0.8177,1.7467,
541.5,0.8177,1.7467,
541.6,0.8178,1.7468,
541.7,0.8178,1.7468,
541.8,0.8178,1.7468,
541.9,0.8177,1.7467,
542,0.8177,1.7467,
542.1,0.8177,1.7467,
542.2,0.8178,1.7468,
542.3,0.8178,1.7468,
542.4,0.8178,1.7468,
542.5,0.8179,1.7469,
542.6,0.818,1.747,
542.7,0.8179,1.7469,
542.8,0.8178,1.7468,
542.9,0.8178,1.7468,
543,0.8178,1.7468,
543.1,0.8179,1.7469,
543.2,0.8179,1.7469,
543.3,0.8179,1.7469,
543.4,0.8179,1.7469,
543.5,0.8179,1.7469,
543.6,0.8178,1.7468,
543.7,0.8179,1.7469,
543.8,0.8179,1.7469,
543.9,0.8179,1.7469,
544,0.818,1.747,
544.1,0.8179,1.7469,
544.2,0.8179,1.7469,
544.3,0.8179,1.7469,
544.4,0.8179,1.7469,
544.5,0.8179,1.7469,
544.6,0.818,1.747,
544.7,0.8179,1.7469,
544.8,0.8179,1.7469,
544.9,0.8178,1.7468,
545,0.8179,1.7469,
545.1,0.8179,1.7469,
545.2,0.8179,1.7469,
545.3,0.8179,1.7469,
545.4,0.818,1.747,
545.5,0.818,1.747,
545.6,0.818,1.747,
545.7,0.8179,1.7469,
545.8,0.818,1.747,
545.9,0.818,1.747,
546,0.818,1.747,
546.1,0.818,1.747,
546.2,0.818,1.747,
546.3,0.818,1.747,
546.4,0.8181,1.7471,
546.5,0.818,1.747,
546.6,0.8181,1.7471,
546.7,0.8181,1.7471,
546.8,0.8181,1.7471,
546.9,0.8181,1.7471,
547,0.818,1.747,
547.1,0.818,1.747,
547.2,0.8181,1.7471,
547.3,0.8181,1.7471,
547.4,0.8181,1.7471,
547.5,0.8181,1.7471,
547.6,0.8181,1.7471,
547.7,0.8181,1.7471,
547.8,0.8181,1.7471,
547.9,0.8181,1.7471,
548,0.8181,1.7471,
548.1,0.8181,1.7471,
548.2,0.8181,1.7471,
548.3,0.8181,1.7471,
548.4,0.8182,1.7472,
548.5,0.8182,1.7472,
548.6,0.8182,1.7472,
548.7,0.8181,1.7471,
548.8,0.8182,1.7472,
548.9,0.8181,1.7471,
549,0.8182,1.7472,
549.1,0.8182,1.7472,
549.2,0.8183,1.7473,
549.3,0.8182,1.7472,
549.4,0.8182,1.7472,
549.5,0.8182,1.7472,
549.6,0.8183,1.7473,
549.7,0.8183,1.7473,
549.8,0.8182,1.7472,
549.9,0.8183,1.7473,
550,0.8183,1.7473,
550.1,0.8183,1.7473,
550.2,0.8183,1.7473,
550.3,0.8183,1.7473,
550.4,0.8183,1.7473,
550.5,0.8183,1.7473,
550.6,0.8183,1.7473,
550.7,0.8183,1.7473,
550.8,0.8183,1.7473,
550.9,0.8183,1.7473,
551,0.8184,1.7474,
551.1,0.8184,1.7474,
551.2,0.8183,1.7473,
551.3,0.8183,1.7473,
551.4,0.8183,1.7473,
551.5,0.8183,1.7473,
551.6,0.8183,1.7473,
551.7,0.8183,1.7473,
551.8,0.8183,1.7473,
551.9,0.8183,1.7473,
552,0.8183,1.7473,
552.1,0.8183,1.7473,
552.2,0.8183,1.7473,
552.3,0.8183,1.7473,
552.4,0.8184,1.7474,
552.5,0.8184,1.7474,
552.6,0.8184,1.7474,
552.7,0.8183,1.7473,
552.8,0.8184,1.7474,
552.9,0.8184,1.7474,
553,0.8184,1.7474,
553.1,0.8184,1.7474,
553.2,0.8184,1.7474,
553.3,0.8184,1.7474,
553.4,0.8184,1.7474,
553.5,0.8184,1.7474,
553.6,0.8184,1.7474,
553.7,0.8184,1.7474,
553.8,0.8184,1.7474,
553.9,0.8185,1.7475,
554,0.8184,1.7474,
554.1,0.8184,1.7474,
554.2,0.8184,1.7474,
554.3,0.8184,1.7474,
554.4,0.8184,1.7474,
554.5,0.8185,1.7475,
554.6,0.8185,1.7475,
554.7,0.8185,1.7475,
554.8,0.8185,1.7475,
554.9,0.8185,1.7475,
555,0.8185,1.7475,
555.1,0.8184,1.7474,
555.2,0.8184,1.7474,
555.3,0.8185,1.7475,
555.4,0.8184,1.7474,
555.5,0.8185,1.7475,
555.6,0.8185,1.7475,
555.7,0.8186,1.7476,
555.8,0.8186,1.7476,
555.9,0.8185,1.7475,
556,0.8186,1.7476,
556.1,0.8185,1.7475,
556.2,0.8186,1.7476,
556.3,0.8185,1.7475,
556.4,0.8185,1.7475,
556.5,0.8185,1.7475,
556.6,0.8186,1.7476,
556.7,0.8186,1.7476,
556.8,0.8186,1.7476,
556.9,0.8186,1.7476,
557,0.8185,1.7475,
557.1,0.8185,1.7475,
557.2,0.8185,1.7475,
557.3,0.8185,1.7475,
557.4,0.8186,1.7476,
557.5,0.8186,1.7476,
557.6,0.8186,1.7476,
557.7,0.8186,1.7476,
557.8,0.8186,1.7476,
557.9,0.8186,1.7476,
558,0.8187,1.7477,
558.1,0.8186,1.7476,
558.2,0.8186,1.7476,
558.3,0.8187,1.7477,
558.4,0.8187,1.7477,
558.5,0.8186,1.7476,
558.6,0.8186,1.7476,
558.7,0.8186,1.7476,
558.8,0.8187,1.7477,
558.9,0.8187,1.7477,
559,0.8187,1.7477,
559.1,0.8187,1.7477,
559.2,0.8188,1.7478,
559.3,0.8187,1.7477,
559.4,0.8187,1.7477,
559.5,0.8187,1.7477,
559.6,0.8186,1.7476,
559.7,0.8186,1.7476,
559.8,0.8187,1.7477,
559.9,0.8187,1.7477,
560,0.8187,1.7477,
560.1,0.8187,1.7477,
560.2,0.8188,1.7478,
560.3,0.8187,1.7477,
560.4,0.8188,1.7478,
560.5,0.8188,1.7478,
560.6,0.8187,1.7477,
560.7,0.8187,1.7477,
560.8,0.8187,1.7477,
560.9,0.8188,1.7478,
561,0.8188,1.7478,
561.1,0.8187,1.7477,
561.2,0.8188,1.7478,
561.3,0.8188,1.7478,
561.4,0.8188,1.7478,
561.5,0.8189,1.7479,
561.6,0.8188,1.7478,
561.7,0.8189,1.7479,
561.8,0.819,1.748,
561.9,0.8189,1.7479,
562,0.8188,1.7478,
562.1,0.8189,1.7479,
562.2,0.8189,1.7479,
562.3,0.8189,1.7479,
562.4,0.8189,1.7479,
562.5,0.8189,1.7479,
562.6,0.8189,1.7479,
562.7,0.8189,1.7479,
562.8,0.8189,1.7479,
562.9,0.8188,1.7478,
563,0.8189,1.7479,
563.1,0.8189,1.7479,
563.2,0.819,1.748,
563.3,0.8189,1.7479,
563.4,0.8189,1.7479,
563.5,0.8189,1.7479,
563.6,0.8188,1.7478,
563.7,0.819,1.748,
563.8,0.819,1.748,
563.9,0.819,1.748,
564,0.819,1.748,
564.1,0.819,1.748,
564.2,0.8189,1.7479,
564.3,0.819,1.748,
564.4,0.8191,1.7481,
564.5,0.819,1.748,
564.6,0.819,1.748,
564.7,0.819,1.748,
564.8,0.8191,1.7481,
564.9,0.8191,1.7481,
565,0.8191,1.7481,
565.1,0.819,1.748,
565.2,0.8191,1.7481,
565.3,0.8191,1.7481,
565.4,0.819,1.748,
565.5,0.8191,1.7481,
565.6,0.8191,1.7481,
565.7,0.8192,1.7482,
565.8,0.8192,1.7482,
565.9,0.8191,1.7481,
566,0.8191,1.7481,
566.1,0.8192,1.7482,
566.2,0.8191,1.7481,
566.3,0.8191,1.7481,
566.4,0.8191,1.7481,
566.5,0.8192,1.7482,
566.6,0.8191,1.7481,
566.7,0.8191,1.7481,
566.8,0.8191,1.7481,
566.9,0.8192,1.7482,
567,0.8193,1.7483,
567.1,0.8191,1.7481,
567.2,0.8192,1.7482,
567.3,0.8193,1.7483,
567.4,0.8193,1.7483,
567.5,0.8193,1.7483,
567.6,0.8192,1.7482,
567.7,0.8193,1.7483,
567.8,0.8193,1.7483,
567.9,0.8192,1.7482,
568,0.8192,1.7482,
568.1,0.8192,1.7482,
568.2,0.8193,1.7483,
568.3,0.8193,1.7483,
568.4,0.8193,1.7483,
568.5,0.8193,1.7483,
568.6,0.8193,1.7483,
568.7,0.8193,1.7483,
568.8,0.8194,1.7484,
568.9,0.8195,1.7485,
569,0.8193,1.7483,
569.1,0.8192,1.7482,
569.2,0.8192,1.7482,
569.3,0.8192,1.7482,
569.4,0.8192,1.7482,
569.5,0.8192,1.7482,
569.6,0.8193,1.7483,
569.7,0.8193,1.7483,
569.8,0.8193,1.7483,
569.9,0.8193,1.7483,
570,0.8193,1.7483,
570.1,0.8193,1.7483,
570.2,0.8194,1.7484,
570.3,0.8193,1.7483,
570.4,0.8193,1.7483,
570.5,0.8193,1.7483,
570.6,0.8193,1.7483,
570.7,0.8193,1.7483,
570.8,0.8194,1.7484,
570.9,0.8193,1.7483,
571,0.8194,1.7484,
571.1,0.8194,1.7484,
571.2,0.8194,1.7484,
571.3,0.8193,1.7483,
571.4,0.8193,1.7483,
571.5,0.8193,1.7483,
571.6,0.8193,1.7483,
571.7,0.8193,1.7483,
571.8,0.8193,1.7483,
571.9,0.8194,1.7484,
572,0.8194,1.7484,
572.1,0.8194,1.7484,
572.2,0.8194,1.7484,
572.3,0.8194,1.7484,
572.4,0.8194,1.7484,
572.5,0.8195,1.7485,
572.6,0.8195,1.7485,
572.7,0.8195,1.7485,
572.8,0.8195,1.7485,
572.9,0.8194,1.7484,
573,0.8194,1.7484,
573.1,0.8195,1.7485,
573.2,0.8195,1.7485,
573.3,0.8195,1.7485,
573.4,0.8195,1.7485,
573.5,0.8195,1.7485,
573.6,0.8196,1.7486,
573.7,0.8195,1.7485,
573.8,0.8195,1.7485,
573.9,0.8196,1.7486,
574,0.8196,1.7486,
574.1,0.8196,1.7486,
574.2,0.8196,1.7486,
574.3,0.8196,1.7486,
574.4,0.8196,1.7486,
574.5,0.8196,1.7486,
574.6,0.8196,1.7486,
574.7,0.8196,1.7486,
574.8,0.8196,1.7486,
574.9,0.8196,1.7486,
575,0.8194,1.7484,
575.1,0.8195,1.7485,
575.2,0.8196,1.7486,
575.3,0.8196,1.7486,
575.4,0.8195,1.7485,
575.5,0.8195,1.7485,
575.6,0.8196,1.7486,
575.7,0.8196,1.7486,
575.8,0.8196,1.7486,
575.9,0.8196,1.7486,
576,0.8195,1.7485,
576.1,0.8196,1.7486,
576.2,0.8196,1.7486,
576.3,0.8196,1.7486,
576.4,0.8197,1.7487,
576.5,0.8197,1.7487,
576.6,0.8196,1.7486,
576.7,0.8197,1.7487,
576.8,0.8197,1.7487,
576.9,0.8197,1.7487,
577,0.8198,1.7488,
577.1,0.8197,1.7487,
577.2,0.8197,1.7487,
577.3,0.8198,1.7488,
577.4,0.8198,1.7488,
577.5,0.8197,1.7487,
577.6,0.8197,1.7487,
577.7,0.8198,1.7488,
577.8,0.8197,1.7487,
577.9,0.8196,1.7486,
578,0.8197,1.7487,
578.1,0.8197,1.7487,
578.2,0.8196,1.7486,
578.3,0.8197,1.7487,
578.4,0.8197,1.7487,
578.5,0.8197,1.7487,
578.6,0.8197,1.7487,
578.7,0.8198,1.7488,
578.8,0.8198,1.7488,
578.9,0.8197,1.7487,
579,0.8196,1.7486,
579.1,0.8196,1.7486,
579.2,0.8196,1.7486,
579.3,0.8197,1.7487,
579.4,0.8197,1.7487,
579.5,0.8197,1.7487,
579.6,0.8196,1.7486,
579.7,0.8197,1.7487,
579.8,0.8197,1.7487,
579.9,0.8197,1.7487,
580,0.8198,1.7488,
580.1,0.8197,1.7487,
580.2,0.8198,1.7488,
580.3,0.8198,1.7488,
580.4,0.8197,1.7487,
580.5,0.8198,1.7488,
580.6,0.8198,1.7488,
580.7,0.8198,1.7488,
580.8,0.8197,1.7487,
580.9,0.8198,1.7488,
581,0.8198,1.7488,
581.1,0.8198,1.7488,
581.2,0.8198,1.7488,
581.3,0.8197,1.7487,
581.4,0.8197,1.7487,
581.5,0.8198,1.7488,
581.6,0.8198,1.7488,
581.7,0.8198,1.7488,
581.8,0.8198,1.7488,
581.9,0.8198,1.7488,
582,0.8199,1.7489,
582.1,0.8198,1.7488,
582.2,0.8196,1.7486,
582.3,0.8196,1.7486,
582.4,0.8196,1.7486,
582.5,0.8196,1.7486,
582.6,0.8197,1.7487,
582.7,0.8196,1.7486,
582.8,0.8196,1.7486,
582.9,0.8196,1.7486,
583,0.8197,1.7487,
583.1,0.8196,1.7486,
583.2,0.8197,1.7487,
583.3,0.8198,1.7488,
583.4,0.8198,1.7488,
583.5,0.8197,1.7487,
583.6,0.8197,1.7487,
583.7,0.8198,1.7488,
583.8,0.8198,1.7488,
583.9,0.8198,1.7488,
584,0.8199,1.7489,
584.1,0.8198,1.7488,
584.2,0.8197,1.7487,
584.3,0.8197,1.7487,
584.4,0.8198,1.7488,
584.5,0.8198,1.7488,
584.6,0.8198,1.7488,
584.7,0.8197,1.7487,
584.8,0.8198,1.7488,
584.9,0.8197,1.7487,
585,0.8198,1.7488,
585.1,0.8198,1.7488,
585.2,0.8198,1.7488,
585.3,0.8198,1.7488,
585.4,0.8198,1.7488,
585.5,0.8198,1.7488,
585.6,0.8198,1.7488,
585.7,0.8199,1.7489,
585.8,0.8199,1.7489,
585.9,0.8199,1.7489,
586,0.8199,1.7489,
586.1,0.8199,1.7489,
586.2,0.8199,1.7489,
586.3,0.8199,1.7489,
586.4,0.82,1.749,
586.5,0.8199,1.7489,
586.6,0.8199,1.7489,
586.7,0.82,1.749,
586.8,0.82,1.749,
586.9,0.82,1.749,
587,0.82,1.749,
587.1,0.8199,1.7489,
587.2,0.82,1.749,
587.3,0.82,1.749,
587.4,0.82,1.749,
587.5,0.8201,1.7491,
587.6,0.82,1.749,
587.7,0.82,1.749,
587.8,0.82,1.749,
587.9,0.82,1.749,
588,0.8201,1.7491,
588.1,0.8201,1.7491,
588.2,0.8201,1.7491,
588.3,0.8201,1.7491,
588.4,0.8201,1.7491,
588.5,0.82,1.749,
588.6,0.82,1.749,
588.7,0.82,1.749,
588.8,0.8201,1.7491,
588.9,0.82,1.749,
589,0.82,1.749,
589.1,0.82,1.749,
589.2,0.82,1.749,
589.3,0.8201,1.7491,
589.4,0.8201,1.7491,
589.5,0.82,1.749,
589.6,0.8201,1.7491,
589.7,0.82,1.749,
589.8,0.82,1.749,
589.9,0.8199,1.7489,
590,0.82,1.749,
590.1,0.82,1.749,
590.2,0.8201,1.7491,
590.3,0.8201,1.7491,
590.4,0.8201,1.7491,
590.5,0.82,1.749,
590.6,0.82,1.749,
590.7,0.82,1.749,
590.8,0.82,1.749,
590.9,0.8201,1.7491,
591,0.8201,1.7491,
591.1,0.8201,1.7491,
591.2,0.8201,1.7491,
591.3,0.8201,1.7491,
591.4,0.8201,1.7491,
591.5,0.8201,1.7491,
591.6,0.8201,1.7491,
591.7,0.8201,1.7491,
591.8,0.8201,1.7491,
591.9,0.8201,1.7491,
592,0.8202,1.7492,
592.1,0.8201,1.7491,
592.2,0.8201,1.7491,
592.3,0.8201,1.7491,
592.4,0.8202,1.7492,
592.5,0.8203,1.7493,
592.6,0.8202,1.7492,
592.7,0.8202,1.7492,
592.8,0.8202,1.7492,
592.9,0.8201,1.7491,
593,0.8201,1.7491,
593.1,0.8201,1.7491,
593.2,0.8201,1.7491,
593.3,0.8201,1.7491,
593.4,0.8201,1.7491,
593.5,0.8201,1.7491,
593.6,0.8202,1.7492,
593.7,0.8202,1.7492,
593.8,0.8202,1.7492,
593.9,0.8203,1.7493,
594,0.8202,1.7492,
594.1,0.8203,1.7493,
594.2,0.8202,1.7492,
594.3,0.8203,1.7493,
594.4,0.8203,1.7493,
594.5,0.8203,1.7493,
594.6,0.8204,1.7494,
594.7,0.8204,1.7494,
594.8,0.8203,1.7493,
594.9,0.8202,1.7492,
595,0.8203,1.7493,
595.1,0.8203,1.7493,
595.2,0.8203,1.7493,
595.3,0.8203,1.7493,
595.4,0.8202,1.7492,
595.5,0.8203,1.7493,
595.6,0.8202,1.7492,
595.7,0.8202,1.7492,
595.8,0.8203,1.7493,
595.9,0.8203,1.7493,
596,0.8203,1.7493,
596.1,0.8203,1.7493,
596.2,0.8203,1.7493,
596.3,0.8203,1.7493,
596.4,0.8203,1.7493,
596.5,0.8204,1.7494,
596.6,0.8203,1.7493,
596.7,0.8203,1.7493,
596.8,0.8203,1.7493,
596.9,0.8204,1.7494,
597,0.8204,1.7494,
597.1,0.8204,1.7494,
597.2,0.8204,1.7494,
597.3,0.8204,1.7494,
597.4,0.8204,1.7494,
597.5,0.8204,1.7494,
597.6,0.8204,1.7494,
597.7,0.8204,1.7494,
597.8,0.8204,1.7494,
597.9,0.8204,1.7494,
598,0.8205,1.7495,
598.1,0.8204,1.7494,
598.2,0.8204,1.7494,
598.3,0.8204,1.7494,
598.4,0.8205,1.7495,
598.5,0.8205,1.7495,
598.6,0.8205,1.7495,
598.7,0.8205,1.7495,
598.8,0.8205,1.7495,
598.9,0.8205,1.7495,
599,0.8205,1.7495,
599.1,0.8205,1.7495,
599.2,0.8204,1.7494,
599.3,0.8204,1.7494,
599.4,0.8205,1.7495,
599.5,0.8205,1.7495,
599.6,0.8205,1.7495,
599.7,0.8205,1.7495,
599.8,0.8206,1.7496,
599.9,0.8206,1.7496,
600,0.8206,1.7496,
600.1,0.8206,1.7496,
600.2,0.8205,1.7495,
600.3,0.8206,1.7496,
600.4,0.8206,1.7496,
600.5,0.8206,1.7496,
600.6,0.8205,1.7495,
600.7,0.8206,1.7496,
600.8,0.8206,1.7496,
600.9,0.8205,1.7495,
601,0.8205,1.7495,
601.1,0.8205,1.7495,
601.2,0.8205,1.7495,
601.3,0.8205,1.7495,
601.4,0.8206,1.7496,
601.5,0.8206,1.7496,
601.6,0.8205,1.7495,
601.7,0.8206,1.7496,
601.8,0.8206,1.7496,
601.9,0.8206,1.7496,
602,0.8206,1.7496,
602.1,0.8206,1.7496,
602.2,0.8206,1.7496,
602.3,0.8206,1.7496,
602.4,0.8206,1.7496,
602.5,0.8205,1.7495,
602.6,0.8205,1.7495,
602.7,0.8205,1.7495,
602.8,0.8205,1.7495,
602.9,0.8205,1.7495,
603,0.8205,1.7495,
603.1,0.8205,1.7495,
603.2,0.8206,1.7496,
603.3,0.8206,1.7496,
603.4,0.8206,1.7496,
603.5,0.8206,1.7496,
603.6,0.8207,1.7497,
603.7,0.8206,1.7496,
603.8,0.8206,1.7496,
603.9,0.8206,1.7496,
604,0.8207,1.7497,
604.1,0.8207,1.7497,
604.2,0.8207,1.7497,
604.3,0.8207,1.7497,
604.4,0.8206,1.7496,
604.5,0.8206,1.7496,
604.6,0.8206,1.7496,
604.7,0.8206,1.7496,
604.8,0.8207,1.7497,
604.9,0.8207,1.7497,
605,0.8207,1.7497,
605.1,0.8207,1.7497,
605.2,0.8208,1.7498,
605.3,0.8208,1.7498,
605.4,0.8208,1.7498,
605.5,0.8207,1.7497,
605.6,0.8208,1.7498,
605.7,0.8208,1.7498,
605.8,0.8208,1.7498,
605.9,0.8209,1.7499,
606,0.8209,1.7499,
606.1,0.8208,1.7498,
606.2,0.8208,1.7498,
606.3,0.8208,1.7498,
606.4,0.8209,1.7499,
606.5,0.8208,1.7498,
606.6,0.8208,1.7498,
606.7,0.8209,1.7499,
606.8,0.8209,1.7499,
606.9,0.8209,1.7499,
607,0.8209,1.7499,
607.1,0.8209,1.7499,
607.2,0.8209,1.7499,
607.3,0.8209,1.7499,
607.4,0.821,1.75,
607.5,0.8208,1.7498,
607.6,0.8208,1.7498,
607.7,0.8209,1.7499,
607.8,0.8209,1.7499,
607.9,0.8209,1.7499,
608,0.821,1.75,
608.1,0.8209,1.7499,
608.2,0.8208,1.7498,
608.3,0.8209,1.7499,
608.4,0.821,1.75,
608.5,0.821,1.75,
608.6,0.821,1.75,
608.7,0.8209,1.7499,
608.8,0.8209,1.7499,
608.9,0.8209,1.7499,
609,0.821,1.75,
609.1,0.8209,1.7499,
609.2,0.821,1.75,
609.3,0.821,1.75,
609.4,0.821,1.75,
609.5,0.821,1.75,
609.6,0.821,1.75,
609.7,0.8211,1.7501,
609.8,0.821,1.75,
609.9,0.821,1.75,
610,0.821,1.75,
610.1,0.8211,1.7501,
610.2,0.8212,1.7502,
610.3,0.8211,1.7501,
610.4,0.8212,1.7502,
610.5,0.8212,1.7502,
610.6,0.8212,1.7502,
610.7,0.8211,1.7501,
610.8,0.8212,1.7502,
610.9,0.821,1.75,
611,0.8211,1.7501,
611.1,0.8211,1.7501,
611.2,0.8212,1.7502,
611.3,0.8212,1.7502,
611.4,0.8212,1.7502,
611.5,0.8212,1.7502,
611.6,0.8212,1.7502,
611.7,0.8212,1.7502,
611.8,0.8212,1.7502,
611.9,0.8212,1.7502,
612,0.8212,1.7502,
612.1,0.8212,1.7502,
612.2,0.8213,1.7503,
612.3,0.8213,1.7503,
612.4,0.8213,1.7503,
612.5,0.8213,1.7503,
612.6,0.8213,1.7503,
612.7,0.8213,1.7503,
612.8,0.8213,1.7503,
612.9,0.8212,1.7502,
613,0.8212,1.7502,
613.1,0.8213,1.7503,
613.2,0.8213,1.7503,
613.3,0.8213,1.7503,
613.4,0.8213,1.7503,
613.5,0.8213,1.7503,
613.6,0.8213,1.7503,
613.7,0.8213,1.7503,
613.8,0.8213,1.7503,
613.9,0.8213,1.7503,
614,0.8213,1.7503,
614.1,0.8213,1.7503,
614.2,0.8214,1.7504,
614.3,0.8214,1.7504,
614.4,0.8214,1.7504,
614.5,0.8214,1.7504,
614.6,0.8213,1.7503,
614.7,0.8214,1.7504,
614.8,0.8214,1.7504,
614.9,0.8215,1.7505,
615,0.8215,1.7505,
615.1,0.8214,1.7504,
615.2,0.8214,1.7504,
615.3,0.8214,1.7504,
615.4,0.8215,1.7505,
615.5,0.8215,1.7505,
615.6,0.8214,1.7504,
615.7,0.8215,1.7505,
615.8,0.8215,1.7505,
615.9,0.8215,1.7505,
616,0.8215,1.7505,
616.1,0.8215,1.7505,
616.2,0.8215,1.7505,
616.3,0.8215,1.7505,
616.4,0.8215,1.7505,
616.5,0.8214,1.7504,
616.6,0.8214,1.7504,
616.7,0.8214,1.7504,
616.8,0.8214,1.7504,
616.9,0.8214,1.7504,
617,0.8214,1.7504,
617.1,0.8214,1.7504,
617.2,0.8214,1.7504,
617.3,0.8213,1.7503,
617.4,0.8214,1.7504,
617.5,0.8214,1.7504,
617.6,0.8215,1.7505,
617.7,0.8214,1.7504,
617.8,0.8215,1.7505,
617.9,0.8214,1.7504,
618,0.8214,1.7504,
618.1,0.8214,1.7504,
618.2,0.8214,1.7504,
618.3,0.8215,1.7505,
618.4,0.8215,1.7505,
618.5,0.8214,1.7504,
618.6,0.8215,1.7505,
618.7,0.8215,1.7505,
618.8,0.8215,1.7505,
618.9,0.8215,1.7505,
619,0.8215,1.7505,
619.1,0.8215,1.7505,
619.2,0.8214,1.7504,
619.3,0.8215,1.7505,
619.4,0.8215,1.7505,
619.5,0.8215,1.7505,
619.6,0.8214,1.7504,
619.7,0.8214,1.7504,
619.8,0.8215,1.7505,
619.9,0.8214,1.7504,
620,0.8215,1.7505,
620.1,0.8215,1.7505,
620.2,0.8215,1.7505,
620.3,0.8215,1.7505,
620.4,0.8216,1.7506,
620.5,0.8216,1.7506,
620.6,0.8215,1.7505,
620.7,0.8216,1.7506,
620.8,0.8216,1.7506,
620.9,0.8216,1.7506,
621,0.8216,1.7506,
621.1,0.8215,1.7505,
621.2,0.8216,1.7506,
621.3,0.8217,1.7507,
621.4,0.8216,1.7506,
621.5,0.8216,1.7506,
621.6,0.8217,1.7507,
621.7,0.8217,1.7507,
621.8,0.8217,1.7507,
621.9,0.8217,1.7507,
622,0.8218,1.7508,
622.1,0.8217,1.7507,
622.2,0.8217,1.7507,
622.3,0.8218,1.7508,
622.4,0.8218,1.7508,
622.5,0.8217,1.7507,
622.6,0.8218,1.7508,
622.7,0.8218,1.7508,
622.8,0.8218,1.7508,
622.9,0.8218,1.7508,
623,0.8218,1.7508,
623.1,0.8218,1.7508,
623.2,0.8218,1.7508,
623.3,0.8217,1.7507,
623.4,0.8217,1.7507,
623.5,0.8217,1.7507,
623.6,0.8217,1.7507,
623.7,0.8218,1.7508,
623.8,0.8218,1.7508,
623.9,0.8218,1.7508,
624,0.8218,1.7508,
624.1,0.8217,1.7507,
624.2,0.8218,1.7508,
624.3,0.8218,1.7508,
624.4,0.8218,1.7508,
624.5,0.8218,1.7508,
624.6,0.8218,1.7508,
624.7,0.8218,1.7508,
624.8,0.8218,1.7508,
624.9,0.8219,1.7509,
625,0.8219,1.7509,
625.1,0.8219,1.7509,
625.2,0.8219,1.7509,
625.3,0.8219,1.7509,
625.4,0.8219,1.7509,
625.5,0.8219,1.7509,
625.6,0.822,1.751,
625.7,0.8219,1.7509,
625.8,0.8219,1.7509,
625.9,0.8219,1.7509,
626,0.8219,1.7509,
626.1,0.8219,1.7509,
626.2,0.8219,1.7509,
626.3,0.8219,1.7509,
626.4,0.8219,1.7509,
626.5,0.822,1.751,
626.6,0.822,1.751,
626.7,0.8219,1.7509,
626.8,0.8218,1.7508,
626.9,0.8218,1.7508,
627,0.8219,1.7509,
627.1,0.8219,1.7509,
627.2,0.8219,1.7509,
627.3,0.8218,1.7508,
627.4,0.8219,1.7509,
627.5,0.8219,1.7509,
627.6,0.822,1.751,
627.7,0.822,1.751,
627.8,0.822,1.751,
627.9,0.822,1.751,
628,0.8221,1.7511,
628.1,0.8221,1.7511,
628.2,0.8221,1.7511,
628.3,0.8221,1.7511,
628.4,0.822,1.751,
628.5,0.822,1.751,
628.6,0.8221,1.7511,
628.7,0.8221,1.7511,
628.8,0.8221,1.7511,
628.9,0.8221,1.7511,
629,0.8222,1.7512,
629.1,0.8221,1.7511,
629.2,0.8221,1.7511,
629.3,0.8222,1.7512,
629.4,0.8222,1.7512,
629.5,0.8222,1.7512,
629.6,0.8221,1.7511,
629.7,0.8222,1.7512,
629.8,0.8222,1.7512,
629.9,0.8221,1.7511,
630,0.8221,1.7511,
630.1,0.8222,1.7512,
630.2,0.8222,1.7512,
630.3,0.8221,1.7511,
630.4,0.822,1.751,
630.5,0.822,1.751,
630.6,0.8221,1.7511,
630.7,0.8222,1.7512,
630.8,0.8222,1.7512,
630.9,0.8222,1.7512,
631,0.8222,1.7512,
631.1,0.8223,1.7513,
631.2,0.8222,1.7512,
631.3,0.8222,1.7512,
631.4,0.8222,1.7512,
631.5,0.8222,1.7512,
631.6,0.8223,1.7513,
631.7,0.8223,1.7513,
631.8,0.8223,1.7513,
631.9,0.8222,1.7512,
632,0.8223,1.7513,
632.1,0.8223,1.7513,
632.2,0.8224,1.7514,
632.3,0.8223,1.7513,
632.4,0.8223,1.7513,
632.5,0.8223,1.7513,
632.6,0.8223,1.7513,
632.7,0.8224,1.7514,
632.8,0.8224,1.7514,
632.9,0.8223,1.7513,
633,0.8224,1.7514,
633.1,0.8224,1.7514,
633.2,0.8224,1.7514,
633.3,0.8224,1.7514,
633.4,0.8224,1.7514,
633.5,0.8224,1.7514,
633.6,0.8224,1.7514,
633.7,0.8223,1.7513,
633.8,0.8223,1.7513,
633.9,0.8222,1.7512,
634,0.8223,1.7513,
634.1,0.8223,1.7513,
634.2,0.8223,1.7513,
634.3,0.8224,1.7514,
634.4,0.8224,1.7514,
634.5,0.8223,1.7513,
634.6,0.8224,1.7514,
634.7,0.8224,1.7514,
634.8,0.8224,1.7514,
634.9,0.8224,1.7514,
635,0.8224,1.7514,
635.1,0.8224,1.7514,
635.2,0.8224,1.7514,
635.3,0.8224,1.7514,
635.4,0.8225,1.7515,
635.5,0.8224,1.7514,
635.6,0.8224,1.7514,
635.7,0.8224,1.7514,
635.8,0.8224,1.7514,
635.9,0.8224,1.7514,
636,0.8223,1.7513,
636.1,0.8224,1.7514,
636.2,0.8224,1.7514,
636.3,0.8224,1.7514,
636.4,0.8223,1.7513,
636.5,0.8223,1.7513,
636.6,0.8224,1.7514,
636.7,0.8224,1.7514,
636.8,0.8224,1.7514,
636.9,0.8224,1.7514,
637,0.8223,1.7513,
637.1,0.8223,1.7513,
637.2,0.8224,1.7514,
637.3,0.8224,1.7514,
637.4,0.8224,1.7514,
637.5,0.8224,1.7514,
637.6,0.8224,1.7514,
637.7,0.8224,1.7514,
637.8,0.8225,1.7515,
637.9,0.8225,1.7515,
638,0.8224,1.7514,
638.1,0.8222,1.7512,
638.2,0.8223,1.7513,
638.3,0.8223,1.7513,
638.4,0.8223,1.7513,
638.5,0.8223,1.7513,
638.6,0.8224,1.7514,
638.7,0.8224,1.7514,
638.8,0.8224,1.7514,
638.9,0.8223,1.7513,
639,0.8223,1.7513,
639.1,0.8223,1.7513,
639.2,0.8224,1.7514,
639.3,0.8225,1.7515,
639.4,0.8224,1.7514,
639.5,0.8224,1.7514,
639.6,0.8224,1.7514,
639.7,0.8224,1.7514,
639.8,0.8224,1.7514,
639.9,0.8225,1.7515,
640,0.8224,1.7514,
640.1,0.8224,1.7514,
640.2,0.8223,1.7513,
640.3,0.8224,1.7514,
640.4,0.8224,1.7514,
640.5,0.8225,1.7515,
640.6,0.8224,1.7514,
640.7,0.8225,1.7515,
640.8,0.8224,1.7514,
640.9,0.8225,1.7515,
641,0.8224,1.7514,
641.1,0.8224,1.7514,
641.2,0.8224,1.7514,
641.3,0.8225,1.7515,
641.4,0.8225,1.7515,
641.5,0.8226,1.7516,
641.6,0.8225,1.7515,
641.7,0.8225,1.7515,
641.8,0.8225,1.7515,
641.9,0.8224,1.7514,
642,0.8224,1.7514,
642.1,0.8224,1.7514,
642.2,0.8225,1.7515,
642.3,0.8225,1.7515,
642.4,0.8225,1.7515,
642.5,0.8225,1.7515,
642.6,0.8226,1.7516,
642.7,0.8226,1.7516,
642.8,0.8225,1.7515,
642.9,0.8225,1.7515,
643,0.8226,1.7516,
643.1,0.8226,1.7516,
643.2,0.8226,1.7516,
643.3,0.8226,1.7516,
643.4,0.8225,1.7515,
643.5,0.8226,1.7516,
643.6,0.8226,1.7516,
643.7,0.8226,1.7516,
643.8,0.8226,1.7516,
643.9,0.8226,1.7516,
644,0.8225,1.7515,
644.1,0.8225,1.7515,
644.2,0.8225,1.7515,
644.3,0.8225,1.7515,
644.4,0.8226,1.7516,
644.5,0.8226,1.7516,
644.6,0.8226,1.7516,
644.7,0.8227,1.7517,
644.8,0.8226,1.7516,
644.9,0.8226,1.7516,
645,0.8227,1.7517,
645.1,0.8226,1.7516,
645.2,0.8227,1.7517,
645.3,0.8227,1.7517,
645.4,0.8227,1.7517,
645.5,0.8227,1.7517,
645.6,0.8227,1.7517,
645.7,0.8228,1.7518,
645.8,0.8228,1.7518,
645.9,0.8228,1.7518,
646,0.8228,1.7518,
646.1,0.8228,1.7518,
646.2,0.8228,1.7518,
646.3,0.8227,1.7517,
646.4,0.8228,1.7518,
646.5,0.8228,1.7518,
646.6,0.8227,1.7517,
646.7,0.8228,1.7518,
646.8,0.8228,1.7518,
646.9,0.8228,1.7518,
647,0.8228,1.7518,
647.1,0.8229,1.7519,
647.2,0.8227,1.7517,
647.3,0.8227,1.7517,
647.4,0.8228,1.7518,
647.5,0.8228,1.7518,
647.6,0.8227,1.7517,
647.7,0.8227,1.7517,
647.8,0.8228,1.7518,
647.9,0.8228,1.7518,
648,0.8228,1.7518,
648.1,0.8229,1.7519,
648.2,0.8229,1.7519,
648.3,0.8229,1.7519,
648.4,0.8229,1.7519,
648.5,0.8229,1.7519,
648.6,0.8229,1.7519,
648.7,0.8229,1.7519,
648.8,0.8229,1.7519,
648.9,0.8229,1.7519,
649,0.823,1.752,
649.1,0.823,1.752,
649.2,0.8229,1.7519,
649.3,0.8229,1.7519,
649.4,0.823,1.752,
649.5,0.823,1.752,
649.6,0.8229,1.7519,
649.7,0.8229,1.7519,
649.8,0.8229,1.7519,
649.9,0.823,1.752,
650,0.823,1.752,
650.1,0.823,1.752,
650.2,0.823,1.752,
650.3,0.8229,1.7519,
650.4,0.8229,1.7519,
650.5,0.8229,1.7519,
650.6,0.8229,1.7519,
650.7,0.8229,1.7519,
650.8,0.8229,1.7519,
650.9,0.823,1.752,
651,0.8229,1.7519,
651.1,0.8229,1.7519,
651.2,0.823,1.752,
651.3,0.823,1.752,
651.4,0.823,1.752,
651.5,0.823,1.752,
651.6,0.823,1.752,
651.7,0.823,1.752,
651.8,0.823,1.752,
651.9,0.823,1.752,
652,0.823,1.752,
652.1,0.8231,1.7521,
652.2,0.823,1.752,
652.3,0.823,1.752,
652.4,0.823,1.752,
652.5,0.8231,1.7521,
652.6,0.823,1.752,
652.7,0.823,1.752,
652.8,0.8231,1.7521,
652.9,0.823,1.752,
653,0.8231,1.7521,
653.1,0.8231,1.7521,
653.2,0.8231,1.7521,
653.3,0.8232,1.7522,
653.4,0.8231,1.7521,
653.5,0.823,1.752,
653.6,0.8231,1.7521,
653.7,0.8231,1.7521,
653.8,0.8231,1.7521,
653.9,0.8231,1.7521,
654,0.8231,1.7521,
654.1,0.8231,1.7521,
654.2,0.8231,1.7521,
654.3,0.8231,1.7521,
654.4,0.8232,1.7522,
654.5,0.8231,1.7521,
654.6,0.8231,1.7521,
654.7,0.8232,1.7522,
654.8,0.8231,1.7521,
654.9,0.8231,1.7521,
655,0.8231,1.7521,
655.1,0.8231,1.7521,
655.2,0.8232,1.7522,
655.3,0.8231,1.7521,
655.4,0.8231,1.7521,
655.5,0.8231,1.7521,
655.6,0.8231,1.7521,
655.7,0.823,1.752,
655.8,0.823,1.752,
655.9,0.8231,1.7521,
656,0.8231,1.7521,
656.1,0.823,1.752,
656.2,0.823,1.752,
656.3,0.8231,1.7521,
656.4,0.8231,1.7521,
656.5,0.8232,1.7522,
656.6,0.8231,1.7521,
656.7,0.8231,1.7521,
656.8,0.8232,1.7522,
656.9,0.8231,1.7521,
657,0.8231,1.7521,
657.1,0.8232,1.7522,
657.2,0.8232,1.7522,
657.3,0.8231,1.7521,
657.4,0.8231,1.7521,
657.5,0.8232,1.7522,
657.6,0.8232,1.7522,
657.7,0.8233,1.7523,
657.8,0.8233,1.7523,
657.9,0.8232,1.7522,
658,0.8232,1.7522,
658.1,0.8232,1.7522,
658.2,0.8233,1.7523,
658.3,0.8233,1.7523,
658.4,0.8233,1.7523,
658.5,0.8232,1.7522,
658.6,0.8233,1.7523,
658.7,0.8234,1.7524,
658.8,0.8234,1.7524,
658.9,0.8233,1.7523,
659,0.8233,1.7523,
659.1,0.8233,1.7523,
659.2,0.8233,1.7523,
659.3,0.8233,1.7523,
659.4,0.8234,1.7524,
659.5,0.8234,1.7524,
659.6,0.8234,1.7524,
659.7,0.8234,1.7524,
659.8,0.8235,1.7525,
659.9,0.8235,1.7525,
660,0.8234,1.7524,
660.1,0.8234,1.7524,
660.2,0.8234,1.7524,
660.3,0.8234,1.7524,
660.4,0.8233,1.7523,
660.5,0.8234,1.7524,
660.6,0.8234,1.7524,
660.7,0.8233,1.7523,
660.8,0.8233,1.7523,
660.9,0.8233,1.7523,
661,0.8234,1.7524,
661.1,0.8233,1.7523,
661.2,0.8234,1.7524,
661.3,0.8234,1.7524,
661.4,0.8234,1.7524,
661.5,0.8234,1.7524,
661.6,0.8234,1.7524,
661.7,0.8235,1.7525,
661.8,0.8236,1.7526,
661.9,0.8236,1.7526,
662,0.8234,1.7524,
662.1,0.8234,1.7524,
662.2,0.8234,1.7524,
662.3,0.8234,1.7524,
662.4,0.8235,1.7525,
662.5,0.8235,1.7525,
662.6,0.8235,1.7525,
662.7,0.8236,1.7526,
662.8,0.8236,1.7526,
662.9,0.8236,1.7526,
663,0.8235,1.7525,
663.1,0.8235,1.7525,
663.2,0.8235,1.7525,
663.3,0.8236,1.7526,
663.4,0.8235,1.7525,
663.5,0.8235,1.7525,
663.6,0.8235,1.7525,
663.7,0.8235,1.7525,
663.8,0.8235,1.7525,
663.9,0.8235,1.7525,
664,0.8234,1.7524,
664.1,0.8234,1.7524,
664.2,0.8235,1.7525,
664.3,0.8235,1.7525,
664.4,0.8235,1.7525,
664.5,0.8235,1.7525,
664.6,0.8235,1.7525,
664.7,0.8235,1.7525,
664.8,0.8236,1.7526,
664.9,0.8236,1.7526,
665,0.8235,1.7525,
665.1,0.8235,1.7525,
665.2,0.8235,1.7525,
665.3,0.8236,1.7526,
665.4,0.8236,1.7526,
665.5,0.8235,1.7525,
665.6,0.8235,1.7525,
665.7,0.8235,1.7525,
665.8,0.8236,1.7526,
665.9,0.8237,1.7527,
666,0.8237,1.7527,
666.1,0.8237,1.7527,
666.2,0.8236,1.7526,
666.3,0.8236,1.7526,
666.4,0.8236,1.7526,
666.5,0.8237,1.7527,
666.6,0.8237,1.7527,
666.7,0.8236,1.7526,
666.8,0.8236,1.7526,
666.9,0.8236,1.7526,
667,0.8237,1.7527,
667.1,0.8237,1.7527,
667.2,0.8237,1.7527,
667.3,0.8237,1.7527,
667.4,0.8237,1.7527,
667.5,0.8237,1.7527,
667.6,0.8238,1.7528,
667.7,0.8237,1.7527,
667.8,0.8238,1.7528,
667.9,0.8237,1.7527,
668,0.8237,1.7527,
668.1,0.8237,1.7527,
668.2,0.8237,1.7527,
668.3,0.8238,1.7528,
668.4,0.8238,1.7528,
668.5,0.8237,1.7527,
668.6,0.8237,1.7527,
668.7,0.8236,1.7526,
668.8,0.8237,1.7527,
668.9,0.8237,1.7527,
669,0.8238,1.7528,
669.1,0.8238,1.7528,
669.2,0.8238,1.7528,
669.3,0.8238,1.7528,
669.4,0.8238,1.7528,
669.5,0.8238,1.7528,
669.6,0.8238,1.7528,
669.7,0.8237,1.7527,
669.8,0.8238,1.7528,
669.9,0.8238,1.7528,
670,0.8239,1.7529,
670.1,0.8239,1.7529,
670.2,0.8239,1.7529,
670.3,0.8239,1.7529,
670.4,0.8239,1.7529,
670.5,0.8238,1.7528,
670.6,0.8238,1.7528,
670.7,0.8239,1.7529,
670.8,0.8239,1.7529,
670.9,0.8239,1.7529,
671,0.8239,1.7529,
671.1,0.8239,1.7529,
671.2,0.8239,1.7529,
671.3,0.8239,1.7529,
671.4,0.8239,1.7529,
671.5,0.8239,1.7529,
671.6,0.8238,1.7528,
671.7,0.8238,1.7528,
671.8,0.8239,1.7529,
671.9,0.8239,1.7529,
672,0.8238,1.7528,
672.1,0.8239,1.7529,
672.2,0.8239,1.7529,
672.3,0.8239,1.7529,
672.4,0.8239,1.7529,
672.5,0.824,1.753,
672.6,0.824,1.753,
672.7,0.824,1.753,
672.8,0.824,1.753,
672.9,0.824,1.753,
673,0.824,1.753,
673.1,0.824,1.753,
673.2,0.824,1.753,
673.3,0.824,1.753,
673.4,0.824,1.753,
673.5,0.824,1.753,
673.6,0.824,1.753,
673.7,0.8241,1.7531,
673.8,0.8241,1.7531,
673.9,0.824,1.753,
674,0.824,1.753,
674.1,0.8241,1.7531,
674.2,0.8241,1.7531,
674.3,0.8241,1.7531,
674.4,0.8241,1.7531,
674.5,0.8241,1.7531,
674.6,0.8241,1.7531,
674.7,0.824,1.753,
674.8,0.8241,1.7531,
674.9,0.824,1.753,
675,0.8239,1.7529,
675.1,0.824,1.753,
675.2,0.824,1.753,
675.3,0.824,1.753,
675.4,0.8241,1.7531,
675.5,0.8241,1.7531,
675.6,0.8241,1.7531,
675.7,0.8241,1.7531,
675.8,0.8242,1.7532,
675.9,0.8242,1.7532,
676,0.8242,1.7532,
676.1,0.8241,1.7531,
676.2,0.8242,1.7532,
676.3,0.8242,1.7532,
676.4,0.8242,1.7532,
676.5,0.8242,1.7532,
676.6,0.8242,1.7532,
676.7,0.8243,1.7533,
676.8,0.8242,1.7532,
676.9,0.8242,1.7532,
677,0.8241,1.7531,
677.1,0.8242,1.7532,
677.2,0.8242,1.7532,
677.3,0.8242,1.7532,
677.4,0.8242,1.7532,
677.5,0.8241,1.7531,
677.6,0.8242,1.7532,
677.7,0.8243,1.7533,
677.8,0.8243,1.7533,
677.9,0.8243,1.7533,
678,0.8243,1.7533,
678.1,0.8243,1.7533,
678.2,0.8242,1.7532,
678.3,0.8242,1.7532,
678.4,0.8241,1.7531,
678.5,0.8242,1.7532,
678.6,0.8242,1.7532,
678.7,0.8242,1.7532,
678.8,0.8243,1.7533,
678.9,0.8242,1.7532,
679,0.8242,1.7532,
679.1,0.8242,1.7532,
679.2,0.8242,1.7532,
679.3,0.8243,1.7533,
679.4,0.8243,1.7533,
679.5,0.8243,1.7533,
679.6,0.8243,1.7533,
679.7,0.8242,1.7532,
679.8,0.8242,1.7532,
679.9,0.8243,1.7533,
680,0.8243,1.7533,
680.1,0.8244,1.7534,
680.2,0.8244,1.7534,
680.3,0.8244,1.7534,
680.4,0.8244,1.7534,
680.5,0.8243,1.7533,
680.6,0.8243,1.7533,
680.7,0.8243,1.7533,
680.8,0.8242,1.7532,
680.9,0.8242,1.7532,
681,0.8242,1.7532,
681.1,0.8242,1.7532,
681.2,0.8242,1.7532,
681.3,0.8242,1.7532,
681.4,0.8243,1.7533,
681.5,0.8242,1.7532,
681.6,0.8241,1.7531,
681.7,0.8242,1.7532,
681.8,0.8241,1.7531,
681.9,0.8242,1.7532,
682,0.8242,1.7532,
682.1,0.8241,1.7531,
682.2,0.8241,1.7531,
682.3,0.8242,1.7532,
682.4,0.8242,1.7532,
682.5,0.8242,1.7532,
682.6,0.8242,1.7532,
682.7,0.8242,1.7532,
682.8,0.8243,1.7533,
682.9,0.8243,1.7533,
683,0.8242,1.7532,
683.1,0.8243,1.7533,
683.2,0.8243,1.7533,
683.3,0.8243,1.7533,
683.4,0.8243,1.7533,
683.5,0.8243,1.7533,
683.6,0.8243,1.7533,
683.7,0.8243,1.7533,
683.8,0.8243,1.7533,
683.9,0.8242,1.7532,
684,0.8243,1.7533,
684.1,0.8243,1.7533,
684.2,0.8244,1.7534,
684.3,0.8244,1.7534,
684.4,0.8244,1.7534,
684.5,0.8244,1.7534,
684.6,0.8244,1.7534,
684.7,0.8243,1.7533,
684.8,0.8243,1.7533,
684.9,0.8243,1.7533,
685,0.8243,1.7533,
685.1,0.8243,1.7533,
685.2,0.8244,1.7534,
685.3,0.8244,1.7534,
685.4,0.8244,1.7534,
685.5,0.8245,1.7535,
685.6,0.8244,1.7534,
685.7,0.8243,1.7533,
685.8,0.8244,1.7534,
685.9,0.8244,1.7534,
686,0.8244,1.7534,
686.1,0.8244,1.7534,
686.2,0.8245,1.7535,
686.3,0.8245,1.7535,
686.4,0.8244,1.7534,
686.5,0.8244,1.7534,
686.6,0.8245,1.7535,
686.7,0.8245,1.7535,
686.8,0.8245,1.7535,
686.9,0.8245,1.7535,
687,0.8245,1.7535,
687.1,0.8244,1.7534,
687.2,0.8244,1.7534,
687.3,0.8245,1.7535,
687.4,0.8245,1.7535,
687.5,0.8245,1.7535,
687.6,0.8245,1.7535,
687.7,0.8245,1.7535,
687.8,0.8245,1.7535,
687.9,0.8245,1.7535,
688,0.8245,1.7535,
688.1,0.8245,1.7535,
688.2,0.8245,1.7535,
688.3,0.8246,1.7536,
688.4,0.8246,1.7536,
688.5,0.8246,1.7536,
688.6,0.8246,1.7536,
688.7,0.8245,1.7535,
688.8,0.8246,1.7536,
688.9,0.8246,1.7536,
689,0.8246,1.7536,
689.1,0.8246,1.7536,
689.2,0.8246,1.7536,
689.3,0.8246,1.7536,
689.4,0.8245,1.7535,
689.5,0.8246,1.7536,
689.6,0.8246,1.7536,
689.7,0.8246,1.7536,
689.8,0.8247,1.7537,
689.9,0.8247,1.7537,
690,0.8246,1.7536,
690.1,0.8246,1.7536,
690.2,0.8247,1.7537,
690.3,0.8247,1.7537,
690.4,0.8247,1.7537,
690.5,0.8247,1.7537,
690.6,0.8247,1.7537,
690.7,0.8248,1.7538,
690.8,0.8247,1.7537,
690.9,0.8248,1.7538,
691,0.8248,1.7538,
691.1,0.8248,1.7538,
691.2,0.8248,1.7538,
691.3,0.8247,1.7537,
691.4,0.8248,1.7538,
691.5,0.8248,1.7538,
691.6,0.8249,1.7539,
691.7,0.8247,1.7537,
691.8,0.8248,1.7538,
691.9,0.8249,1.7539,
692,0.8249,1.7539,
692.1,0.8249,1.7539,
692.2,0.8249,1.7539,
692.3,0.8248,1.7538,
692.4,0.8248,1.7538,
692.5,0.8248,1.7538,
692.6,0.8248,1.7538,
692.7,0.8248,1.7538,
692.8,0.8248,1.7538,
692.9,0.8248,1.7538,
693,0.8249,1.7539,
693.1,0.8248,1.7538,
693.2,0.8249,1.7539,
693.3,0.8249,1.7539,
693.4,0.8249,1.7539,
693.5,0.8249,1.7539,
693.6,0.8249,1.7539,
693.7,0.8249,1.7539,
693.8,0.8249,1.7539,
693.9,0.825,1.754,
694,0.8249,1.7539,
694.1,0.8248,1.7538,
694.2,0.8248,1.7538,
694.3,0.8248,1.7538,
694.4,0.8248,1.7538,
694.5,0.8249,1.7539,
694.6,0.8249,1.7539,
694.7,0.8249,1.7539,
694.8,0.8248,1.7538,
694.9,0.8249,1.7539,
695,0.8249,1.7539,
695.1,0.8248,1.7538,
695.2,0.8249,1.7539,
695.3,0.8249,1.7539,
695.4,0.8249,1.7539,
695.5,0.8248,1.7538,
695.6,0.8249,1.7539,
695.7,0.8249,1.7539,
695.8,0.825,1.754,
695.9,0.825,1.754,
696,0.825,1.754,
696.1,0.8249,1.7539,
696.2,0.825,1.754,
696.3,0.8249,1.7539,
696.4,0.8249,1.7539,
696.5,0.8248,1.7538,
696.6,0.8247,1.7537,
696.7,0.8248,1.7538,
696.8,0.8249,1.7539,
696.9,0.8249,1.7539,
697,0.8249,1.7539,
697.1,0.8249,1.7539,
697.2,0.8249,1.7539,
697.3,0.825,1.754,
697.4,0.825,1.754,
697.5,0.825,1.754,
697.6,0.8249,1.7539,
697.7,0.8249,1.7539,
697.8,0.8249,1.7539,
697.9,0.8249,1.7539,
698,0.825,1.754,
698.1,0.825,1.754,
698.2,0.825,1.754,
698.3,0.825,1.754,
698.4,0.825,1.754,
698.5,0.8251,1.7541,
698.6,0.8251,1.7541,
698.7,0.8251,1.7541,
698.8,0.8251,1.7541,
698.9,0.825,1.754,
699,0.825,1.754,
699.1,0.8251,1.7541,
699.2,0.8251,1.7541,
699.3,0.825,1.754,
699.4,0.8251,1.7541,
699.5,0.8251,1.7541,
699.6,0.8251,1.7541,
699.7,0.8251,1.7541,
699.8,0.8251,1.7541,
699.9,0.8251,1.7541,
700,0.8251,1.7541,
700.1,0.8251,1.7541,
700.2,0.8252,1.7542,
700.3,0.8251,1.7541,
700.4,0.8251,1.7541,
700.5,0.8252,1.7542,
700.6,0.8251,1.7541,
700.7,0.8251,1.7541,
700.8,0.825,1.754,
700.9,0.825,1.754,
701,0.8251,1.7541,
701.1,0.8251,1.7541,
701.2,0.8252,1.7542,
701.3,0.8251,1.7541,
701.4,0.8251,1.7541,
701.5,0.8251,1.7541,
701.6,0.8251,1.7541,
701.7,0.8252,1.7542,
701.8,0.8251,1.7541,
701.9,0.8252,1.7542,
702,0.8252,1.7542,
702.1,0.8252,1.7542,
702.2,0.8252,1.7542,
702.3,0.8252,1.7542,
702.4,0.8252,1.7542,
702.5,0.8252,1.7542,
702.6,0.8252,1.7542,
702.7,0.8252,1.7542,
702.8,0.8253,1.7543,
702.9,0.8253,1.7543,
703,0.8252,1.7542,
703.1,0.8252,1.7542,
703.2,0.8253,1.7543,
703.3,0.8253,1.7543,
703.4,0.8253,1.7543,
703.5,0.8253,1.7543,
703.6,0.8253,1.7543,
703.7,0.8254,1.7544,
703.8,0.8253,1.7543,
703.9,0.8253,1.7543,
704,0.8253,1.7543,
704.1,0.8254,1.7544,
704.2,0.8254,1.7544,
704.3,0.8253,1.7543,
704.4,0.8254,1.7544,
704.5,0.8254,1.7544,
704.6,0.8254,1.7544,
704.7,0.8254,1.7544,
704.8,0.8254,1.7544,
704.9,0.8254,1.7544,
705,0.8253,1.7543,
705.1,0.8253,1.7543,
705.2,0.8254,1.7544,
705.3,0.8253,1.7543,
705.4,0.8254,1.7544,
705.5,0.8254,1.7544,
705.6,0.8253,1.7543,
705.7,0.8254,1.7544,
705.8,0.8254,1.7544,
705.9,0.8254,1.7544,
706,0.8254,1.7544,
706.1,0.8254,1.7544,
706.2,0.8255,1.7545,
706.3,0.8255,1.7545,
706.4,0.8254,1.7544,
706.5,0.8254,1.7544,
706.6,0.8254,1.7544,
706.7,0.8254,1.7544,
706.8,0.8256,1.7546,
706.9,0.8256,1.7546,
707,0.8256,1.7546,
707.1,0.8257,1.7547,
707.2,0.8256,1.7546,
707.3,0.8255,1.7545,
707.4,0.8256,1.7546,
707.5,0.8255,1.7545,
707.6,0.8255,1.7545,
707.7,0.8255,1.7545,
707.8,0.8255,1.7545,
707.9,0.8255,1.7545,
708,0.8256,1.7546,
708.1,0.8255,1.7545,
708.2,0.8255,1.7545,
708.3,0.8255,1.7545,
708.4,0.8255,1.7545,
708.5,0.8255,1.7545,
708.6,0.8255,1.7545,
708.7,0.8255,1.7545,
708.8,0.8255,1.7545,
708.9,0.8255,1.7545,
709,0.8255,1.7545,
709.1,0.8255,1.7545,
709.2,0.8255,1.7545,
709.3,0.8256,1.7546,
709.4,0.8254,1.7544,
709.5,0.8255,1.7545,
709.6,0.8255,1.7545,
709.7,0.8255,1.7545,
709.8,0.8256,1.7546,
709.9,0.8255,1.7545,
710,0.8255,1.7545,
710.1,0.8256,1.7546,
710.2,0.8256,1.7546,
710.3,0.8256,1.7546,
710.4,0.8256,1.7546,
710.5,0.8256,1.7546,
710.6,0.8256,1.7546,
710.7,0.8257,1.7547,
710.8,0.8256,1.7546,
710.9,0.8257,1.7547,
711,0.8256,1.7546,
711.1,0.8256,1.7546,
711.2,0.8256,1.7546,
711.3,0.8256,1.7546,
711.4,0.8255,1.7545,
711.5,0.8256,1.7546,
711.6,0.8256,1.7546,
711.7,0.8256,1.7546,
711.8,0.8256,1.7546,
711.9,0.8256,1.7546,
712,0.8256,1.7546,
712.1,0.8256,1.7546,
712.2,0.8256,1.7546,
712.3,0.8256,1.7546,
712.4,0.8257,1.7547,
712.5,0.8257,1.7547,
712.6,0.8257,1.7547,
712.7,0.8256,1.7546,
712.8,0.8257,1.7547,
712.9,0.8258,1.7548,
713,0.8257,1.7547,
713.1,0.8257,1.7547,
713.2,0.8257,1.7547,
713.3,0.8257,1.7547,
713.4,0.8256,1.7546,
713.5,0.8257,1.7547,
713.6,0.8257,1.7547,
713.7,0.8258,1.7548,
713.8,0.8257,1.7547,
713.9,0.8258,1.7548,
714,0.8258,1.7548,
714.1,0.8258,1.7548,
714.2,0.8258,1.7548,
714.3,0.8257,1.7547,
714.4,0.8258,1.7548,
714.5,0.8258,1.7548,
714.6,0.8258,1.7548,
714.7,0.8259,1.7549,
714.8,0.8258,1.7548,
714.9,0.8258,1.7548,
715,0.8259,1.7549,
715.1,0.8259,1.7549,
715.2,0.8258,1.7548,
715.3,0.8258,1.7548,
715.4,0.8259,1.7549,
715.5,0.8258,1.7548,
715.6,0.8258,1.7548,
715.7,0.8258,1.7548,
715.8,0.8258,1.7548,
715.9,0.8258,1.7548,
716,0.8258,1.7548,
716.1,0.8258,1.7548,
716.2,0.8258,1.7548,
716.3,0.8257,1.7547,
716.4,0.8258,1.7548,
716.5,0.8258,1.7548,
716.6,0.8258,1.7548,
716.7,0.8258,1.7548,
716.8,0.8258,1.7548,
716.9,0.8257,1.7547,
717,0.8257,1.7547,
717.1,0.8258,1.7548,
717.2,0.8258,1.7548,
717.3,0.8258,1.7548,
717.4,0.8258,1.7548,
717.5,0.8258,1.7548,
717.6,0.8259,1.7549,
717.7,0.8259,1.7549,
717.8,0.8259,1.7549,
717.9,0.8258,1.7548,
718,0.8258,1.7548,
718.1,0.8259,1.7549,
718.2,0.826,1.755,
718.3,0.8259,1.7549,
718.4,0.8258,1.7548,
718.5,0.8259,1.7549,
718.6,0.8259,1.7549,
718.7,0.8259,1.7549,
718.8,0.8258,1.7548,
718.9,0.8259,1.7549,
719,0.8259,1.7549,
719.1,0.8259,1.7549,
719.2,0.8259,1.7549,
719.3,0.826,1.755,
719.4,0.8258,1.7548,
719.5,0.8258,1.7548,
719.6,0.8258,1.7548,
719.7,0.8258,1.7548,
719.8,0.8258,1.7548,
719.9,0.8259,1.7549,
720,0.8259,1.7549,
720.1,0.8258,1.7548,
720.2,0.8259,1.7549,
720.3,0.8259,1.7549,
720.4,0.826,1.755,
720.5,0.826,1.755,
720.6,0.826,1.755,
720.7,0.8259,1.7549,
720.8,0.8259,1.7549,
720.9,0.826,1.755,
721,0.826,1.755,
721.1,0.826,1.755,
721.2,0.826,1.755,
721.3,0.826,1.755,
721.4,0.8261,1.7551,
721.5,0.826,1.755,
721.6,0.8261,1.7551,
721.7,0.826,1.755,
721.8,0.8261,1.7551,
721.9,0.826,1.755,
722,0.8261,1.7551,
722.1,0.8261,1.7551,
722.2,0.8261,1.7551,
722.3,0.8261,1.7551,
722.4,0.8261,1.7551,
722.5,0.8261,1.7551,
722.6,0.8262,1.7552,
722.7,0.826,1.755,
722.8,0.826,1.755,
722.9,0.826,1.755,
723,0.826,1.755,
723.1,0.8261,1.7551,
723.2,0.8261,1.7551,
723.3,0.8261,1.7551,
723.4,0.8262,1.7552,
723.5,0.8261,1.7551,
723.6,0.8261,1.7551,
723.7,0.8261,1.7551,
723.8,0.8261,1.7551,
723.9,0.8261,1.7551,
724,0.8261,1.7551,
724.1,0.8261,1.7551,
724.2,0.8262,1.7552,
724.3,0.8262,1.7552,
724.4,0.8262,1.7552,
724.5,0.8262,1.7552,
724.6,0.8262,1.7552,
724.7,0.8262,1.7552,
724.8,0.8262,1.7552,
724.9,0.8263,1.7553,
725,0.8263,1.7553,
725.1,0.8262,1.7552,
725.2,0.8262,1.7552,
725.3,0.8262,1.7552,
725.4,0.8262,1.7552,
725.5,0.8262,1.7552,
725.6,0.8263,1.7553,
725.7,0.8262,1.7552,
725.8,0.8263,1.7553,
725.9,0.8263,1.7553,
726,0.8263,1.7553,
726.1,0.8263,1.7553,
726.2,0.8264,1.7554,
726.3,0.8264,1.7554,
726.4,0.8264,1.7554,
726.5,0.8264,1.7554,
726.6,0.8264,1.7554,
726.7,0.8264,1.7554,
726.8,0.8263,1.7553,
726.9,0.8263,1.7553,
727,0.8263,1.7553,
727.1,0.8264,1.7554,
727.2,0.8264,1.7554,
727.3,0.8264,1.7554,
727.4,0.8264,1.7554,
727.5,0.8264,1.7554,
727.6,0.8265,1.7555,
727.7,0.8264,1.7554,
727.8,0.8264,1.7554,
727.9,0.8263,1.7553,
728,0.8263,1.7553,
728.1,0.8263,1.7553,
728.2,0.8264,1.7554,
728.3,0.8264,1.7554,
728.4,0.8263,1.7553,
728.5,0.8264,1.7554,
728.6,0.8264,1.7554,
728.7,0.8264,1.7554,
728.8,0.8264,1.7554,
728.9,0.8265,1.7555,
729,0.8265,1.7555,
729.1,0.8265,1.7555,
729.2,0.8265,1.7555,
729.3,0.8265,1.7555,
729.4,0.8265,1.7555,
729.5,0.8265,1.7555,
729.6,0.8265,1.7555,
729.7,0.8265,1.7555,
729.8,0.8265,1.7555,
729.9,0.8265,1.7555,
730,0.8264,1.7554,
730.1,0.8264,1.7554,
730.2,0.8264,1.7554,
730.3,0.8265,1.7555,
730.4,0.8265,1.7555,
730.5,0.8265,1.7555,
730.6,0.8266,1.7556,
730.7,0.8266,1.7556,
730.8,0.8266,1.7556,
730.9,0.8266,1.7556,
731,0.8266,1.7556,
731.1,0.8265,1.7555,
731.2,0.8265,1.7555,
731.3,0.8265,1.7555,
731.4,0.8265,1.7555,
731.5,0.8266,1.7556,
731.6,0.8266,1.7556,
731.7,0.8265,1.7555,
731.8,0.8265,1.7555,
731.9,0.8266,1.7556,
732,0.8267,1.7557,
732.1,0.8267,1.7557,
732.2,0.8267,1.7557,
732.3,0.8266,1.7556,
732.4,0.8266,1.7556,
732.5,0.8266,1.7556,
732.6,0.8267,1.7557,
732.7,0.8267,1.7557,
732.8,0.8267,1.7557,
732.9,0.8267,1.7557,
733,0.8267,1.7557,
733.1,0.8268,1.7558,
733.2,0.8268,1.7558,
733.3,0.8267,1.7557,
733.4,0.8268,1.7558,
733.5,0.8267,1.7557,
733.6,0.8267,1.7557,
733.7,0.8267,1.7557,
733.8,0.8268,1.7558,
733.9,0.8269,1.7559,
734,0.8267,1.7557,
734.1,0.8268,1.7558,
734.2,0.8268,1.7558,
734.3,0.8268,1.7558,
734.4,0.8267,1.7557,
734.5,0.8267,1.7557,
734.6,0.8267,1.7557,
734.7,0.8268,1.7558,
734.8,0.8267,1.7557,
734.9,0.8268,1.7558,
735,0.8268,1.7558,
735.1,0.8268,1.7558,
735.2,0.8268,1.7558,
735.3,0.8268,1.7558,
735.4,0.8268,1.7558,
735.5,0.8268,1.7558,
735.6,0.8269,1.7559,
735.7,0.8269,1.7559,
735.8,0.8269,1.7559,
735.9,0.8269,1.7559,
736,0.8269,1.7559,
736.1,0.8269,1.7559,
736.2,0.8269,1.7559,
736.3,0.8269,1.7559,
736.4,0.8269,1.7559,
736.5,0.8269,1.7559,
736.6,0.827,1.756,
736.7,0.827,1.756,
736.8,0.8269,1.7559,
736.9,0.8269,1.7559,
737,0.8269,1.7559,
737.1,0.827,1.756,
737.2,0.827,1.756,
737.3,0.827,1.756,
737.4,0.827,1.756,
737.5,0.8269,1.7559,
737.6,0.8269,1.7559,
737.7,0.8269,1.7559,
737.8,0.8268,1.7558,
737.9,0.8269,1.7559,
738,0.8269,1.7559,
738.1,0.8269,1.7559,
738.2,0.8269,1.7559,
738.3,0.8268,1.7558,
738.4,0.8268,1.7558,
738.5,0.8268,1.7558,
738.6,0.8269,1.7559,
738.7,0.8269,1.7559,
738.8,0.8269,1.7559,
738.9,0.8269,1.7559,
739,0.8269,1.7559,
739.1,0.8269,1.7559,
739.2,0.8269,1.7559,
739.3,0.8269,1.7559,
739.4,0.827,1.756,
739.5,0.8269,1.7559,
739.6,0.827,1.756,
739.7,0.827,1.756,
739.8,0.827,1.756,
739.9,0.827,1.756,
740,0.827,1.756,
740.1,0.827,1.756,
740.2,0.827,1.756,
740.3,0.827,1.756,
740.4,0.827,1.756,
740.5,0.827,1.756,
740.6,0.827,1.756,
740.7,0.8271,1.7561,
740.8,0.827,1.756,
740.9,0.8269,1.7559,
741,0.8269,1.7559,
741.1,0.8269,1.7559,
741.2,0.827,1.756,
741.3,0.827,1.756,
741.4,0.827,1.756,
741.5,0.827,1.756,
741.6,0.827,1.756,
741.7,0.827,1.756,
741.8,0.827,1.756,
741.9,0.827,1.756,
742,0.8271,1.7561,
742.1,0.8271,1.7561,
742.2,0.8271,1.7561,
742.3,0.827,1.756,
742.4,0.8271,1.7561,
742.5,0.8271,1.7561,
742.6,0.8271,1.7561,
742.7,0.8271,1.7561,
742.8,0.8271,1.7561,
742.9,0.8272,1.7562,
743,0.8272,1.7562,
743.1,0.8271,1.7561,
743.2,0.8272,1.7562,
743.3,0.8271,1.7561,
743.4,0.8271,1.7561,
743.5,0.8271,1.7561,
743.6,0.8271,1.7561,
743.7,0.8271,1.7561,
743.8,0.8271,1.7561,
743.9,0.827,1.756,
744,0.8271,1.7561,
744.1,0.8271,1.7561,
744.2,0.8271,1.7561,
744.3,0.8272,1.7562,
744.4,0.8272,1.7562,
744.5,0.8271,1.7561,
744.6,0.8271,1.7561,
744.7,0.8271,1.7561,
744.8,0.8272,1.7562,
744.9,0.8272,1.7562,
745,0.8271,1.7561,
745.1,0.8271,1.7561,
745.2,0.8271,1.7561,
745.3,0.8271,1.7561,
745.4,0.8271,1.7561,
745.5,0.8272,1.7562,
745.6,0.8271,1.7561,
745.7,0.8271,1.7561,
745.8,0.8272,1.7562,
745.9,0.8273,1.7563,
746,0.8273,1.7563,
746.1,0.8273,1.7563,
746.2,0.8272,1.7562,
746.3,0.8272,1.7562,
746.4,0.8272,1.7562,
746.5,0.8274,1.7564,
746.6,0.8275,1.7565,
746.7,0.8274,1.7564,
746.8,0.8274,1.7564,
746.9,0.8273,1.7563,
747,0.8273,1.7563,
747.1,0.8274,1.7564,
747.2,0.8272,1.7562,
747.3,0.8273,1.7563,
747.4,0.8272,1.7562,
747.5,0.8272,1.7562,
747.6,0.8272,1.7562,
747.7,0.8273,1.7563,
747.8,0.8273,1.7563,
747.9,0.8273,1.7563,
748,0.8273,1.7563,
748.1,0.8272,1.7562,
748.2,0.8273,1.7563,
748.3,0.8273,1.7563,
748.4,0.8273,1.7563,
748.5,0.8272,1.7562,
748.6,0.8272,1.7562,
748.7,0.8272,1.7562,
748.8,0.8273,1.7563,
748.9,0.8273,1.7563,
749,0.8272,1.7562,
749.1,0.8273,1.7563,
749.2,0.8274,1.7564,
749.3,0.8274,1.7564,
749.4,0.8273,1.7563,
749.5,0.8273,1.7563,
749.6,0.8272,1.7562,
749.7,0.8271,1.7561,
749.8,0.8272,1.7562,
749.9,0.8273,1.7563,
750,0.8272,1.7562,
750.1,0.8272,1.7562,
750.2,0.8273,1.7563,
750.3,0.8273,1.7563,
750.4,0.8272,1.7562,
750.5,0.8273,1.7563,
750.6,0.8273,1.7563,
750.7,0.8273,1.7563,
750.8,0.8274,1.7564,
750.9,0.8273,1.7563,
751,0.8274,1.7564,
751.1,0.8273,1.7563,
751.2,0.8274,1.7564,
751.3,0.8274,1.7564,
751.4,0.8273,1.7563,
751.5,0.8273,1.7563,
751.6,0.8273,1.7563,
751.7,0.8273,1.7563,
751.8,0.8272,1.7562,
751.9,0.8273,1.7563,
752,0.8273,1.7563,
752.1,0.8274,1.7564,
752.2,0.8274,1.7564,
752.3,0.8274,1.7564,
752.4,0.8273,1.7563,
752.5,0.8273,1.7563,
752.6,0.8274,1.7564,
752.7,0.8274,1.7564,
752.8,0.8274,1.7564,
752.9,0.8274,1.7564,
753,0.8274,1.7564,
753.1,0.8274,1.7564,
753.2,0.8274,1.7564,
753.3,0.8275,1.7565,
753.4,0.8274,1.7564,
753.5,0.8274,1.7564,
753.6,0.8275,1.7565,
753.7,0.8275,1.7565,
753.8,0.8275,1.7565,
753.9,0.8274,1.7564,
754,0.8274,1.7564,
754.1,0.8275,1.7565,
754.2,0.8276,1.7566,
754.3,0.8276,1.7566,
754.4,0.8275,1.7565,
754.5,0.8275,1.7565,
754.6,0.8274,1.7564,
754.7,0.8275,1.7565,
754.8,0.8275,1.7565,
754.9,0.8275,1.7565,
755,0.8275,1.7565,
755.1,0.8274,1.7564,
755.2,0.8274,1.7564,
755.3,0.8275,1.7565,
755.4,0.8275,1.7565,
755.5,0.8275,1.7565,
755.6,0.8275,1.7565,
755.7,0.8276,1.7566,
755.8,0.8277,1.7567,
755.9,0.8276,1.7566,
756,0.8276,1.7566,
756.1,0.8277,1.7567,
756.2,0.8277,1.7567,
756.3,0.8276,1.7566,
756.4,0.8276,1.7566,
756.5,0.8277,1.7567,
756.6,0.8278,1.7568,
756.7,0.8278,1.7568,
756.8,0.8277,1.7567,
756.9,0.8277,1.7567,
757,0.8276,1.7566,
757.1,0.8277,1.7567,
757.2,0.8278,1.7568,
757.3,0.8276,1.7566,
757.4,0.8277,1.7567,
757.5,0.8277,1.7567,
757.6,0.8278,1.7568,
757.7,0.8277,1.7567,
757.8,0.8277,1.7567,
757.9,0.8276,1.7566,
758,0.8276,1.7566,
758.1,0.8276,1.7566,
758.2,0.8276,1.7566,
758.3,0.8277,1.7567,
758.4,0.8278,1.7568,
758.5,0.8277,1.7567,
758.6,0.8277,1.7567,
758.7,0.8277,1.7567,
758.8,0.8277,1.7567,
758.9,0.8278,1.7568,
759,0.8277,1.7567,
759.1,0.8277,1.7567,
759.2,0.8277,1.7567,
759.3,0.8277,1.7567,
759.4,0.8277,1.7567,
759.5,0.8277,1.7567,
759.6,0.8278,1.7568,
759.7,0.8278,1.7568,
759.8,0.8277,1.7567,
759.9,0.8277,1.7567,
760,0.8277,1.7567,
760.1,0.8277,1.7567,
760.2,0.8277,1.7567,
760.3,0.8277,1.7567,
760.4,0.8278,1.7568,
760.5,0.8278,1.7568,
760.6,0.8277,1.7567,
760.7,0.8278,1.7568,
760.8,0.8278,1.7568,
760.9,0.8278,1.7568,
761,0.8277,1.7567,
761.1,0.8278,1.7568,
761.2,0.8277,1.7567,
761.3,0.8277,1.7567,
761.4,0.8277,1.7567,
761.5,0.8277,1.7567,
761.6,0.8278,1.7568,
761.7,0.8277,1.7567,
761.8,0.8277,1.7567,
761.9,0.8277,1.7567,
762,0.8277,1.7567,
762.1,0.8277,1.7567,
762.2,0.8277,1.7567,
762.3,0.8277,1.7567,
762.4,0.8277,1.7567,
762.5,0.8278,1.7568,
762.6,0.8278,1.7568,
762.7,0.8278,1.7568,
762.8,0.8277,1.7567,
762.9,0.8277,1.7567,
763,0.8278,1.7568,
763.1,0.8278,1.7568,
763.2,0.8279,1.7569,
763.3,0.8278,1.7568,
763.4,0.8278,1.7568,
763.5,0.8279,1.7569,
763.6,0.8279,1.7569,
763.7,0.8279,1.7569,
763.8,0.8279,1.7569,
763.9,0.828,1.757,
764,0.8279,1.7569,
764.1,0.828,1.757,
764.2,0.828,1.757,
764.3,0.8279,1.7569,
764.4,0.8279,1.7569,
764.5,0.8279,1.7569,
764.6,0.8279,1.7569,
764.7,0.8279,1.7569,
764.8,0.8279,1.7569,
764.9,0.8279,1.7569,
765,0.8279,1.7569,
765.1,0.8279,1.7569,
765.2,0.8279,1.7569,
765.3,0.8279,1.7569,
765.4,0.8279,1.7569,
765.5,0.8279,1.7569,
765.6,0.8279,1.7569,
765.7,0.8279,1.7569,
765.8,0.8279,1.7569,
765.9,0.828,1.757,
766,0.828,1.757,
766.1,0.828,1.757,
766.2,0.828,1.757,
766.3,0.828,1.757,
766.4,0.8279,1.7569,
766.5,0.828,1.757,
766.6,0.8279,1.7569,
766.7,0.8279,1.7569,
766.8,0.8279,1.7569,
766.9,0.828,1.757,
767,0.8281,1.7571,
767.1,0.8279,1.7569,
767.2,0.828,1.757,
767.3,0.8281,1.7571,
767.4,0.8281,1.7571,
767.5,0.8281,1.7571,
767.6,0.828,1.757,
767.7,0.8281,1.7571,
767.8,0.828,1.757,
767.9,0.828,1.757,
768,0.828,1.757,
768.1,0.8281,1.7571,
768.2,0.828,1.757,
768.3,0.8281,1.7571,
768.4,0.8281,1.7571,
768.5,0.8281,1.7571,
768.6,0.8282,1.7572,
768.7,0.8281,1.7571,
768.8,0.8282,1.7572,
768.9,0.8281,1.7571,
769,0.8281,1.7571,
769.1,0.828,1.757,
769.2,0.8281,1.7571,
769.3,0.8282,1.7572,
769.4,0.8281,1.7571,
769.5,0.8281,1.7571,
769.6,0.8281,1.7571,
769.7,0.8281,1.7571,
769.8,0.8282,1.7572,
769.9,0.8282,1.7572,
770,0.8283,1.7573,
770.1,0.8282,1.7572,
770.2,0.8283,1.7573,
770.3,0.8282,1.7572,
770.4,0.8282,1.7572,
770.5,0.8282,1.7572,
770.6,0.8282,1.7572,
770.7,0.8282,1.7572,
770.8,0.8282,1.7572,
770.9,0.8282,1.7572,
771,0.8282,1.7572,
771.1,0.8282,1.7572,
771.2,0.8281,1.7571,
771.3,0.8282,1.7572,
771.4,0.8282,1.7572,
771.5,0.8283,1.7573,
771.6,0.8282,1.7572,
771.7,0.8282,1.7572,
771.8,0.8282,1.7572,
771.9,0.8283,1.7573,
772,0.8283,1.7573,
772.1,0.8283,1.7573,
772.2,0.8282,1.7572,
772.3,0.8281,1.7571,
772.4,0.8282,1.7572,
772.5,0.8282,1.7572,
772.6,0.8282,1.7572,
772.7,0.8282,1.7572,
772.8,0.8282,1.7572,
772.9,0.8282,1.7572,
773,0.8283,1.7573,
773.1,0.8282,1.7572,
773.2,0.8283,1.7573,
773.3,0.8283,1.7573,
773.4,0.8283,1.7573,
773.5,0.8283,1.7573,
773.6,0.8282,1.7572,
773.7,0.8282,1.7572,
773.8,0.8282,1.7572,
773.9,0.8283,1.7573,
774,0.8283,1.7573,
774.1,0.8283,1.7573,
774.2,0.8283,1.7573,
774.3,0.8283,1.7573,
774.4,0.8283,1.7573,
774.5,0.8283,1.7573,
774.6,0.8282,1.7572,
774.7,0.8282,1.7572,
774.8,0.8282,1.7572,
774.9,0.8283,1.7573,
775,0.8284,1.7574,
775.1,0.8284,1.7574,
775.2,0.8284,1.7574,
775.3,0.8283,1.7573,
775.4,0.8283,1.7573,
775.5,0.8283,1.7573,
775.6,0.8284,1.7574,
775.7,0.8285,1.7575,
775.8,0.8284,1.7574,
775.9,0.8284,1.7574,
776,0.8284,1.7574,
776.1,0.8284,1.7574,
776.2,0.8284,1.7574,
776.3,0.8283,1.7573,
776.4,0.8282,1.7572,
776.5,0.8283,1.7573,
776.6,0.8283,1.7573,
776.7,0.8282,1.7572,
776.8,0.8282,1.7572,
776.9,0.8283,1.7573,
777,0.8284,1.7574,
777.1,0.8284,1.7574,
777.2,0.8283,1.7573,
777.3,0.8283,1.7573,
777.4,0.8282,1.7572,
777.5,0.8283,1.7573,
777.6,0.8284,1.7574,
777.7,0.8283,1.7573,
777.8,0.8282,1.7572,
777.9,0.8283,1.7573,
778,0.8283,1.7573,
778.1,0.8284,1.7574,
778.2,0.8283,1.7573,
778.3,0.8283,1.7573,
778.4,0.8284,1.7574,
778.5,0.8284,1.7574,
778.6,0.8283,1.7573,
778.7,0.8283,1.7573,
778.8,0.8283,1.7573,
778.9,0.8284,1.7574,
779,0.8284,1.7574,
779.1,0.8283,1.7573,
779.2,0.8283,1.7573,
779.3,0.8283,1.7573,
779.4,0.8284,1.7574,
779.5,0.8284,1.7574,
779.6,0.8284,1.7574,
779.7,0.8284,1.7574,
779.8,0.8284,1.7574,
779.9,0.8285,1.7575,
780,0.8285,1.7575,
780.1,0.8285,1.7575,
780.2,0.8284,1.7574,
780.3,0.8284,1.7574,
780.4,0.8284,1.7574,
780.5,0.8284,1.7574,
780.6,0.8284,1.7574,
780.7,0.8284,1.7574,
780.8,0.8284,1.7574,
780.9,0.8284,1.7574,
781,0.8285,1.7575,
781.1,0.8285,1.7575,
781.2,0.8285,1.7575,
781.3,0.8285,1.7575,
781.4,0.8285,1.7575,
781.5,0.8285,1.7575,
781.6,0.8285,1.7575,
781.7,0.8286,1.7576,
781.8,0.8285,1.7575,
781.9,0.8285,1.7575,
782,0.8285,1.7575,
782.1,0.8285,1.7575,
782.2,0.8285,1.7575,
782.3,0.8285,1.7575,
782.4,0.8286,1.7576,
782.5,0.8285,1.7575,
782.6,0.8286,1.7576,
782.7,0.8285,1.7575,
782.8,0.8286,1.7576,
782.9,0.8286,1.7576,
783,0.8287,1.7577,
783.1,0.8287,1.7577,
783.2,0.8286,1.7576,
783.3,0.8286,1.7576,
783.4,0.8286,1.7576,
783.5,0.8286,1.7576,
783.6,0.8286,1.7576,
783.7,0.8285,1.7575,
783.8,0.8287,1.7577,
783.9,0.8287,1.7577,
784,0.8287,1.7577,
784.1,0.8286,1.7576,
784.2,0.8286,1.7576,
784.3,0.8286,1.7576,
784.4,0.8287,1.7577,
784.5,0.8288,1.7578,
784.6,0.8288,1.7578,
784.7,0.8287,1.7577,
784.8,0.8288,1.7578,
784.9,0.8288,1.7578,
785,0.8287,1.7577,
785.1,0.8287,1.7577,
785.2,0.8287,1.7577,
785.3,0.8287,1.7577,
785.4,0.8288,1.7578,
785.5,0.8288,1.7578,
785.6,0.8288,1.7578,
785.7,0.8287,1.7577,
785.8,0.8287,1.7577,
785.9,0.8288,1.7578,
786,0.8288,1.7578,
786.1,0.8287,1.7577,
786.2,0.8286,1.7576,
786.3,0.8285,1.7575,
786.4,0.8286,1.7576,
786.5,0.8286,1.7576,
786.6,0.8287,1.7577,
786.7,0.8286,1.7576,
786.8,0.8285,1.7575,
786.9,0.8286,1.7576,
787,0.8286,1.7576,
787.1,0.8286,1.7576,
787.2,0.8286,1.7576,
787.3,0.8287,1.7577,
787.4,0.8287,1.7577,
787.5,0.8287,1.7577,
787.6,0.8287,1.7577,
787.7,0.8287,1.7577,
787.8,0.8287,1.7577,
787.9,0.8287,1.7577,
788,0.8287,1.7577,
788.1,0.8287,1.7577,
788.2,0.8287,1.7577,
788.3,0.8287,1.7577,
788.4,0.8287,1.7577,
788.5,0.8288,1.7578,
788.6,0.8288,1.7578,
788.7,0.8287,1.7577,
788.8,0.8288,1.7578,
788.9,0.8288,1.7578,
789,0.8288,1.7578,
789.1,0.8289,1.7579,
789.2,0.8288,1.7578,
789.3,0.8288,1.7578,
789.4,0.8288,1.7578,
789.5,0.8288,1.7578,
789.6,0.8288,1.7578,
789.7,0.8288,1.7578,
789.8,0.8288,1.7578,
789.9,0.8288,1.7578,
790,0.8288,1.7578,
790.1,0.8288,1.7578,
790.2,0.8288,1.7578,
790.3,0.8288,1.7578,
790.4,0.8288,1.7578,
790.5,0.8289,1.7579,
790.6,0.8288,1.7578,
790.7,0.8289,1.7579,
790.8,0.829,1.758,
790.9,0.829,1.758,
791,0.8289,1.7579,
791.1,0.8289,1.7579,
791.2,0.8289,1.7579,
791.3,0.829,1.758,
791.4,0.8289,1.7579,
791.5,0.8289,1.7579,
791.6,0.8289,1.7579,
791.7,0.829,1.758,
791.8,0.8289,1.7579,
791.9,0.8288,1.7578,
792,0.8289,1.7579,
792.1,0.829,1.758,
792.2,0.8289,1.7579,
792.3,0.829,1.758,
792.4,0.8289,1.7579,
792.5,0.8289,1.7579,
792.6,0.8289,1.7579,
792.7,0.8288,1.7578,
792.8,0.8289,1.7579,
792.9,0.8289,1.7579,
793,0.8289,1.7579,
793.1,0.8289,1.7579,
793.2,0.829,1.758,
793.3,0.8289,1.7579,
793.4,0.8289,1.7579,
793.5,0.829,1.758,
793.6,0.8291,1.7581,
793.7,0.8289,1.7579,
793.8,0.829,1.758,
793.9,0.8289,1.7579,
794,0.8289,1.7579,
794.1,0.8289,1.7579,
794.2,0.829,1.758,
794.3,0.829,1.758,
794.4,0.8289,1.7579,
794.5,0.8289,1.7579,
794.6,0.829,1.758,
794.7,0.829,1.758,
794.8,0.829,1.758,
794.9,0.829,1.758,
795,0.8289,1.7579,
795.1,0.8289,1.7579,
795.2,0.8289,1.7579,
795.3,0.8289,1.7579,
795.4,0.829,1.758,
795.5,0.829,1.758,
795.6,0.829,1.758,
795.7,0.8291,1.7581,
795.8,0.829,1.758,
795.9,0.8289,1.7579,
796,0.829,1.758,
796.1,0.829,1.758,
796.2,0.829,1.758,
796.3,0.829,1.758,
796.4,0.829,1.758,
796.5,0.8291,1.7581,
796.6,0.829,1.758,
796.7,0.8291,1.7581,
796.8,0.8291,1.7581,
796.9,0.8291,1.7581,
797,0.8291,1.7581,
797.1,0.8291,1.7581,
797.2,0.8291,1.7581,
797.3,0.829,1.758,
797.4,0.829,1.758,
797.5,0.8291,1.7581,
797.6,0.8291,1.7581,
797.7,0.829,1.758,
797.8,0.8291,1.7581,
797.9,0.8291,1.7581,
798,0.8292,1.7582,
798.1,0.8291,1.7581,
798.2,0.8291,1.7581,
798.3,0.8292,1.7582,
798.4,0.8291,1.7581,
798.5,0.8292,1.7582,
798.6,0.8292,1.7582,
798.7,0.8293,1.7583,
798.8,0.8292,1.7582,
798.9,0.8292,1.7582,
799,0.8292,1.7582,
799.1,0.8292,1.7582,
799.2,0.8292,1.7582,
799.3,0.8291,1.7581,
799.4,0.8291,1.7581,
799.5,0.8292,1.7582,
799.6,0.8291,1.7581,
799.7,0.8292,1.7582,
799.8,0.8292,1.7582,
799.9,0.8292,1.7582,
800,0.8292,1.7582,
800.1,0.8292,1.7582,
800.2,0.8292,1.7582,
800.3,0.8293,1.7583,
800.4,0.8292,1.7582,
800.5,0.8291,1.7581,
800.6,0.8291,1.7581,
800.7,0.8292,1.7582,
800.8,0.8292,1.7582,
800.9,0.8292,1.7582,
801,0.8292,1.7582,
801.1,0.8292,1.7582,
801.2,0.8292,1.7582,
801.3,0.8292,1.7582,
801.4,0.8292,1.7582,
801.5,0.8292,1.7582,
801.6,0.8292,1.7582,
801.7,0.8293,1.7583,
801.8,0.8293,1.7583,
801.9,0.8293,1.7583,
802,0.8294,1.7584,
802.1,0.8293,1.7583,
802.2,0.8293,1.7583,
802.3,0.8293,1.7583,
802.4,0.8293,1.7583,
802.5,0.8294,1.7584,
802.6,0.8293,1.7583,
802.7,0.8294,1.7584,
802.8,0.8294,1.7584,
802.9,0.8294,1.7584,
803,0.8294,1.7584,
803.1,0.8293,1.7583,
803.2,0.8293,1.7583,
803.3,0.8293,1.7583,
803.4,0.8294,1.7584,
803.5,0.8294,1.7584,
803.6,0.8294,1.7584,
803.7,0.8294,1.7584,
803.8,0.8294,1.7584,
803.9,0.8294,1.7584,
804,0.8295,1.7585,
804.1,0.8295,1.7585,
804.2,0.8294,1.7584,
804.3,0.8294,1.7584,
804.4,0.8293,1.7583,
804.5,0.8293,1.7583,
804.6,0.8294,1.7584,
804.7,0.8294,1.7584,
804.8,0.8293,1.7583,
804.9,0.8294,1.7584,
805,0.8294,1.7584,
805.1,0.8294,1.7584,
805.2,0.8294,1.7584,
805.3,0.8294,1.7584,
805.4,0.8294,1.7584,
805.5,0.8295,1.7585,
805.6,0.8295,1.7585,
805.7,0.8295,1.7585,
805.8,0.8295,1.7585,
805.9,0.8295,1.7585,
806,0.8295,1.7585,
806.1,0.8294,1.7584,
806.2,0.8294,1.7584,
806.3,0.8294,1.7584,
806.4,0.8295,1.7585,
806.5,0.8295,1.7585,
806.6,0.8295,1.7585,
806.7,0.8295,1.7585,
806.8,0.8294,1.7584,
806.9,0.8295,1.7585,
807,0.8296,1.7586,
807.1,0.8296,1.7586,
807.2,0.8295,1.7585,
807.3,0.8295,1.7585,
807.4,0.8295,1.7585,
807.5,0.8295,1.7585,
807.6,0.8295,1.7585,
807.7,0.8296,1.7586,
807.8,0.8295,1.7585,
807.9,0.8295,1.7585,
808,0.8295,1.7585,
808.1,0.8294,1.7584,
808.2,0.8294,1.7584,
808.3,0.8294,1.7584,
808.4,0.8295,1.7585,
808.5,0.8294,1.7584,
808.6,0.8294,1.7584,
808.7,0.8295,1.7585,
808.8,0.8295,1.7585,
808.9,0.8295,1.7585,
809,0.8295,1.7585,
809.1,0.8295,1.7585,
809.2,0.8294,1.7584,
809.3,0.8295,1.7585,
809.4,0.8295,1.7585,
809.5,0.8296,1.7586,
809.6,0.8295,1.7585,
809.7,0.8295,1.7585,
809.8,0.8295,1.7585,
809.9,0.8295,1.7585,
810,0.8295,1.7585,
810.1,0.8296,1.7586,
810.2,0.8295,1.7585,
810.3,0.8295,1.7585,
810.4,0.8296,1.7586,
810.5,0.8295,1.7585,
810.6,0.8295,1.7585,
810.7,0.8295,1.7585,
810.8,0.8296,1.7586,
810.9,0.8296,1.7586,
811,0.8296,1.7586,
811.1,0.8295,1.7585,
811.2,0.8295,1.7585,
811.3,0.8295,1.7585,
811.4,0.8295,1.7585,
811.5,0.8296,1.7586,
811.6,0.8296,1.7586,
811.7,0.8295,1.7585,
811.8,0.8296,1.7586,
811.9,0.8296,1.7586,
812,0.8296,1.7586,
812.1,0.8296,1.7586,
812.2,0.8296,1.7586,
812.3,0.8295,1.7585,
812.4,0.8296,1.7586,
812.5,0.8297,1.7587,
812.6,0.8297,1.7587,
812.7,0.8295,1.7585,
812.8,0.8296,1.7586,
812.9,0.8296,1.7586,
813,0.8296,1.7586,
813.1,0.8296,1.7586,
813.2,0.8296,1.7586,
813.3,0.8297,1.7587,
813.4,0.8298,1.7588,
813.5,0.8297,1.7587,
813.6,0.8298,1.7588,
813.7,0.8297,1.7587,
813.8,0.8297,1.7587,
813.9,0.8297,1.7587,
814,0.8297,1.7587,
814.1,0.8296,1.7586,
814.2,0.8296,1.7586,
814.3,0.8297,1.7587,
814.4,0.8297,1.7587,
814.5,0.8297,1.7587,
814.6,0.8297,1.7587,
814.7,0.8298,1.7588,
814.8,0.8298,1.7588,
814.9,0.8299,1.7589,
815,0.8297,1.7587,
815.1,0.8296,1.7586,
815.2,0.8297,1.7587,
815.3,0.8298,1.7588,
815.4,0.8298,1.7588,
815.5,0.8298,1.7588,
815.6,0.8298,1.7588,
815.7,0.8298,1.7588,
815.8,0.8298,1.7588,
815.9,0.8297,1.7587,
816,0.8298,1.7588,
816.1,0.8297,1.7587,
816.2,0.8298,1.7588,
816.3,0.8298,1.7588,
816.4,0.8297,1.7587,
816.5,0.8297,1.7587,
816.6,0.8297,1.7587,
816.7,0.8298,1.7588,
816.8,0.8299,1.7589,
816.9,0.8299,1.7589,
817,0.8298,1.7588,
817.1,0.8298,1.7588,
817.2,0.8298,1.7588,
817.3,0.8299,1.7589,
817.4,0.8299,1.7589,
817.5,0.8299,1.7589,
817.6,0.8299,1.7589,
817.7,0.8298,1.7588,
817.8,0.8299,1.7589,
817.9,0.8299,1.7589,
818,0.8299,1.7589,
818.1,0.83,1.759,
818.2,0.8301,1.7591,
818.3,0.8299,1.7589,
818.4,0.8299,1.7589,
818.5,0.83,1.759,
818.6,0.83,1.759,
818.7,0.83,1.759,
818.8,0.83,1.759,
818.9,0.8299,1.7589,
819,0.83,1.759,
819.1,0.83,1.759,
819.2,0.83,1.759,
819.3,0.8301,1.7591,
819.4,0.83,1.759,
819.5,0.83,1.759,
819.6,0.83,1.759,
819.7,0.83,1.759,
819.8,0.8301,1.7591,
819.9,0.83,1.759,
820,0.8299,1.7589,
820.1,0.83,1.759,
820.2,0.8301,1.7591,
820.3,0.8301,1.7591,
820.4,0.83,1.759,
820.5,0.83,1.759,
820.6,0.8301,1.7591,
820.7,0.8301,1.7591,
820.8,0.83,1.759,
820.9,0.8301,1.7591,
821,0.8301,1.7591,
821.1,0.8302,1.7592,
821.2,0.83,1.759,
821.3,0.83,1.759,
821.4,0.83,1.759,
821.5,0.83,1.759,
821.6,0.8301,1.7591,
821.7,0.8301,1.7591,
821.8,0.8301,1.7591,
821.9,0.8301,1.7591,
822,0.83,1.759,
822.1,0.8299,1.7589,
822.2,0.83,1.759,
822.3,0.83,1.759,
822.4,0.83,1.759,
822.5,0.83,1.759,
822.6,0.83,1.759,
822.7,0.83,1.759,
822.8,0.83,1.759,
822.9,0.8301,1.7591,
823,0.8301,1.7591,
823.1,0.8301,1.7591,
823.2,0.8301,1.7591,
823.3,0.8301,1.7591,
823.4,0.8301,1.7591,
823.5,0.8301,1.7591,
823.6,0.8301,1.7591,
823.7,0.8302,1.7592,
823.8,0.8302,1.7592,
823.9,0.8301,1.7591,
824,0.8302,1.7592,
824.1,0.8302,1.7592,
824.2,0.8302,1.7592,
824.3,0.8302,1.7592,
824.4,0.8302,1.7592,
824.5,0.8302,1.7592,
824.6,0.8302,1.7592,
824.7,0.8301,1.7591,
824.8,0.8301,1.7591,
824.9,0.8301,1.7591,
825,0.8301,1.7591,
825.1,0.8302,1.7592,
825.2,0.8302,1.7592,
825.3,0.8302,1.7592,
825.4,0.8301,1.7591,
825.5,0.8302,1.7592,
825.6,0.8302,1.7592,
825.7,0.8302,1.7592,
825.8,0.8302,1.7592,
825.9,0.8302,1.7592,
826,0.8302,1.7592,
826.1,0.8303,1.7593,
826.2,0.8302,1.7592,
826.3,0.8302,1.7592,
826.4,0.8303,1.7593,
826.5,0.8303,1.7593,
826.6,0.8303,1.7593,
826.7,0.8303,1.7593,
826.8,0.8303,1.7593,
826.9,0.8302,1.7592,
827,0.8303,1.7593,
827.1,0.8303,1.7593,
827.2,0.8304,1.7594,
827.3,0.8303,1.7593,
827.4,0.8303,1.7593,
827.5,0.8304,1.7594,
827.6,0.8304,1.7594,
827.7,0.8304,1.7594,
827.8,0.8303,1.7593,
827.9,0.8304,1.7594,
828,0.8304,1.7594,
828.1,0.8303,1.7593,
828.2,0.8302,1.7592,
828.3,0.8304,1.7594,
828.4,0.8304,1.7594,
828.5,0.8304,1.7594,
828.6,0.8304,1.7594,
828.7,0.8304,1.7594,
828.8,0.8304,1.7594,
828.9,0.8305,1.7595,
829,0.8304,1.7594,
829.1,0.8304,1.7594,
829.2,0.8305,1.7595,
829.3,0.8304,1.7594,
829.4,0.8303,1.7593,
829.5,0.8304,1.7594,
829.6,0.8304,1.7594,
829.7,0.8305,1.7595,
829.8,0.8305,1.7595,
829.9,0.8304,1.7594,
830,0.8305,1.7595,
830.1,0.8305,1.7595,
830.2,0.8304,1.7594,
830.3,0.8304,1.7594,
830.4,0.8305,1.7595,
830.5,0.8305,1.7595,
830.6,0.8305,1.7595,
830.7,0.8305,1.7595,
830.8,0.8305,1.7595,
830.9,0.8305,1.7595,
831,0.8304,1.7594,
831.1,0.8304,1.7594,
831.2,0.8303,1.7593,
831.3,0.8304,1.7594,
831.4,0.8305,1.7595,
831.5,0.8305,1.7595,
831.6,0.8305,1.7595,
831.7,0.8304,1.7594,
831.8,0.8306,1.7596,
831.9,0.8305,1.7595,
832,0.8305,1.7595,
832.1,0.8306,1.7596,
832.2,0.8305,1.7595,
832.3,0.8306,1.7596,
832.4,0.8306,1.7596,
832.5,0.8305,1.7595,
832.6,0.8305,1.7595,
832.7,0.8305,1.7595,
832.8,0.8306,1.7596,
832.9,0.8305,1.7595,
833,0.8306,1.7596,
833.1,0.8306,1.7596,
833.2,0.8306,1.7596,
833.3,0.8306,1.7596,
833.4,0.8307,1.7597,
833.5,0.8306,1.7596,
833.6,0.8304,1.7594,
833.7,0.8304,1.7594,
833.8,0.8304,1.7594,
833.9,0.8305,1.7595,
834,0.8304,1.7594,
834.1,0.8305,1.7595,
834.2,0.8305,1.7595,
834.3,0.8305,1.7595,
834.4,0.8305,1.7595,
834.5,0.8305,1.7595,
834.6,0.8305,1.7595,
834.7,0.8306,1.7596,
834.8,0.8305,1.7595,
834.9,0.8306,1.7596,
835,0.8305,1.7595,
835.1,0.8305,1.7595,
835.2,0.8307,1.7597,
835.3,0.8307,1.7597,
835.4,0.8306,1.7596,
835.5,0.8305,1.7595,
835.6,0.8307,1.7597,
835.7,0.8307,1.7597,
835.8,0.8307,1.7597,
835.9,0.8306,1.7596,
836,0.8306,1.7596,
836.1,0.8306,1.7596,
836.2,0.8306,1.7596,
836.3,0.8307,1.7597,
836.4,0.8306,1.7596,
836.5,0.8307,1.7597,
836.6,0.8307,1.7597,
836.7,0.8306,1.7596,
836.8,0.8306,1.7596,
836.9,0.8306,1.7596,
837,0.8306,1.7596,
837.1,0.8306,1.7596,
837.2,0.8306,1.7596,
837.3,0.8307,1.7597,
837.4,0.8307,1.7597,
837.5,0.8307,1.7597,
837.6,0.8307,1.7597,
837.7,0.8307,1.7597,
837.8,0.8307,1.7597,
837.9,0.8308,1.7598,
838,0.8307,1.7597,
838.1,0.8308,1.7598,
838.2,0.8307,1.7597,
838.3,0.8307,1.7597,
838.4,0.8307,1.7597,
838.5,0.8307,1.7597,
838.6,0.8308,1.7598,
838.7,0.8308,1.7598,
838.8,0.8308,1.7598,
838.9,0.8308,1.7598,
839,0.8308,1.7598,
839.1,0.8308,1.7598,
839.2,0.8308,1.7598,
839.3,0.8308,1.7598,
839.4,0.8308,1.7598,
839.5,0.8309,1.7599,
839.6,0.8309,1.7599,
839.7,0.8308,1.7598,
839.8,0.8307,1.7597,
839.9,0.8308,1.7598,
840,0.8308,1.7598,
840.1,0.8308,1.7598,
840.2,0.8308,1.7598,
840.3,0.8307,1.7597,
840.4,0.8308,1.7598,
840.5,0.8308,1.7598,
840.6,0.8308,1.7598,
840.7,0.8309,1.7599,
840.8,0.8309,1.7599,
840.9,0.8309,1.7599,
841,0.8309,1.7599,
841.1,0.8308,1.7598,
841.2,0.8308,1.7598,
841.3,0.8308,1.7598,
841.4,0.8308,1.7598,
841.5,0.8308,1.7598,
841.6,0.8308,1.7598,
841.7,0.8308,1.7598,
841.8,0.8309,1.7599,
841.9,0.8308,1.7598,
842,0.8309,1.7599,
842.1,0.8308,1.7598,
842.2,0.8308,1.7598,
842.3,0.8308,1.7598,
842.4,0.8309,1.7599,
842.5,0.8309,1.7599,
842.6,0.831,1.76,
842.7,0.831,1.76,
842.8,0.8309,1.7599,
842.9,0.8309,1.7599,
843,0.8309,1.7599,
843.1,0.8309,1.7599,
843.2,0.8311,1.7601,
843.3,0.831,1.76,
843.4,0.8311,1.7601,
843.5,0.831,1.76,
843.6,0.8309,1.7599,
843.7,0.831,1.76,
843.8,0.831,1.76,
843.9,0.831,1.76,
844,0.8311,1.7601,
844.1,0.8311,1.7601,
844.2,0.8311,1.7601,
844.3,0.831,1.76,
844.4,0.831,1.76,
844.5,0.8312,1.7602,
844.6,0.8312,1.7602,
844.7,0.831,1.76,
844.8,0.8309,1.7599,
844.9,0.8309,1.7599,
845,0.8309,1.7599,
845.1,0.8309,1.7599,
845.2,0.831,1.76,
845.3,0.8309,1.7599,
845.4,0.831,1.76,
845.5,0.8311,1.7601,
845.6,0.8311,1.7601,
845.7,0.831,1.76,
845.8,0.8309,1.7599,
845.9,0.8309,1.7599,
846,0.831,1.76,
846.1,0.8311,1.7601,
846.2,0.8311,1.7601,
846.3,0.8311,1.7601,
846.4,0.8311,1.7601,
846.5,0.8311,1.7601,
846.6,0.8312,1.7602,
846.7,0.8312,1.7602,
846.8,0.8312,1.7602,
846.9,0.8312,1.7602,
847,0.8311,1.7601,
847.1,0.8311,1.7601,
847.2,0.8312,1.7602,
847.3,0.8312,1.7602,
847.4,0.8312,1.7602,
847.5,0.8312,1.7602,
847.6,0.8312,1.7602,
847.7,0.8313,1.7603,
847.8,0.8312,1.7602,
847.9,0.8313,1.7603,
848,0.8312,1.7602,
848.1,0.8312,1.7602,
848.2,0.8312,1.7602,
848.3,0.8311,1.7601,
848.4,0.8312,1.7602,
848.5,0.8312,1.7602,
848.6,0.8312,1.7602,
848.7,0.8311,1.7601,
848.8,0.8312,1.7602,
848.9,0.8312,1.7602,
849,0.8312,1.7602,
849.1,0.8313,1.7603,
849.2,0.8311,1.7601,
849.3,0.8312,1.7602,
849.4,0.8312,1.7602,
849.5,0.8311,1.7601,
849.6,0.8312,1.7602,
849.7,0.8313,1.7603,
849.8,0.8313,1.7603,
849.9,0.8312,1.7602,
850,0.8311,1.7601,
850.1,0.8311,1.7601,
850.2,0.8312,1.7602,
850.3,0.8312,1.7602,
850.4,0.8311,1.7601,
850.5,0.8312,1.7602,
850.6,0.8311,1.7601,
850.7,0.8312,1.7602,
850.8,0.8313,1.7603,
850.9,0.8312,1.7602,
851,0.8312,1.7602,
851.1,0.8312,1.7602,
851.2,0.8313,1.7603,
851.3,0.8313,1.7603,
851.4,0.8313,1.7603,
851.5,0.8313,1.7603,
851.6,0.8313,1.7603,
851.7,0.8313,1.7603,
851.8,0.8314,1.7604,
851.9,0.8313,1.7603,
852,0.8313,1.7603,
852.1,0.8313,1.7603,
852.2,0.8314,1.7604,
852.3,0.8313,1.7603,
852.4,0.8313,1.7603,
852.5,0.8313,1.7603,
852.6,0.8313,1.7603,
852.7,0.8313,1.7603,
852.8,0.8314,1.7604,
852.9,0.8314,1.7604,
853,0.8313,1.7603,
853.1,0.8313,1.7603,
853.2,0.8314,1.7604,
853.3,0.8313,1.7603,
853.4,0.8314,1.7604,
853.5,0.8314,1.7604,
853.6,0.8314,1.7604,
853.7,0.8314,1.7604,
853.8,0.8313,1.7603,
853.9,0.8313,1.7603,
854,0.8313,1.7603,
854.1,0.8313,1.7603,
854.2,0.8312,1.7602,
854.3,0.8314,1.7604,
854.4,0.8314,1.7604,
854.5,0.8314,1.7604,
854.6,0.8314,1.7604,
854.7,0.8315,1.7605,
854.8,0.8314,1.7604,
854.9,0.8315,1.7605,
855,0.8315,1.7605,
855.1,0.8315,1.7605,
855.2,0.8314,1.7604,
855.3,0.8314,1.7604,
855.4,0.8314,1.7604,
855.5,0.8313,1.7603,
855.6,0.8315,1.7605,
855.7,0.8315,1.7605,
855.8,0.8315,1.7605,
855.9,0.8316,1.7606,
856,0.8315,1.7605,
856.1,0.8314,1.7604,
856.2,0.8315,1.7605,
856.3,0.8315,1.7605,
856.4,0.8316,1.7606,
856.5,0.8316,1.7606,
856.6,0.8315,1.7605,
856.7,0.8315,1.7605,
856.8,0.8316,1.7606,
856.9,0.8315,1.7605,
857,0.8315,1.7605,
857.1,0.8314,1.7604,
857.2,0.8315,1.7605,
857.3,0.8315,1.7605,
857.4,0.8315,1.7605,
857.5,0.8315,1.7605,
857.6,0.8315,1.7605,
857.7,0.8315,1.7605,
857.8,0.8315,1.7605,
857.9,0.8315,1.7605,
858,0.8315,1.7605,
858.1,0.8315,1.7605,
858.2,0.8316,1.7606,
858.3,0.8316,1.7606,
858.4,0.8316,1.7606,
858.5,0.8316,1.7606,
858.6,0.8315,1.7605,
858.7,0.8315,1.7605,
858.8,0.8316,1.7606,
858.9,0.8316,1.7606,
859,0.8317,1.7607,
859.1,0.8316,1.7606,
859.2,0.8317,1.7607,
859.3,0.8318,1.7608,
859.4,0.8317,1.7607,
859.5,0.8316,1.7606,
859.6,0.8317,1.7607,
859.7,0.8317,1.7607,
859.8,0.8317,1.7607,
859.9,0.8317,1.7607,
860,0.8316,1.7606,
860.1,0.8316,1.7606,
860.2,0.8316,1.7606,
860.3,0.8317,1.7607,
860.4,0.8317,1.7607,
860.5,0.8316,1.7606,
860.6,0.8316,1.7606,
860.7,0.8317,1.7607,
860.8,0.8317,1.7607,
860.9,0.8317,1.7607,
861,0.8316,1.7606,
861.1,0.8317,1.7607,
861.2,0.8317,1.7607,
861.3,0.8317,1.7607,
861.4,0.8317,1.7607,
861.5,0.8317,1.7607,
861.6,0.8318,1.7608,
861.7,0.8318,1.7608,
861.8,0.8317,1.7607,
861.9,0.8317,1.7607,
862,0.8316,1.7606,
862.1,0.8316,1.7606,
862.2,0.8317,1.7607,
862.3,0.8317,1.7607,
862.4,0.8317,1.7607,
862.5,0.8317,1.7607,
862.6,0.8317,1.7607,
862.7,0.8317,1.7607,
862.8,0.8317,1.7607,
862.9,0.8318,1.7608,
863,0.8318,1.7608,
863.1,0.8318,1.7608,
863.2,0.8318,1.7608,
863.3,0.8317,1.7607,
863.4,0.8318,1.7608,
863.5,0.8318,1.7608,
863.6,0.8318,1.7608,
863.7,0.8318,1.7608,
863.8,0.8318,1.7608,
863.9,0.8318,1.7608,
864,0.8318,1.7608,
864.1,0.8319,1.7609,
864.2,0.8318,1.7608,
864.3,0.8318,1.7608,
864.4,0.8318,1.7608,
864.5,0.8318,1.7608,
864.6,0.8318,1.7608,
864.7,0.8317,1.7607,
864.8,0.8317,1.7607,
864.9,0.8318,1.7608,
865,0.8318,1.7608,
865.1,0.8318,1.7608,
865.2,0.8318,1.7608,
865.3,0.8318,1.7608,
865.4,0.8318,1.7608,
865.5,0.8318,1.7608,
865.6,0.8318,1.7608,
865.7,0.8318,1.7608,
865.8,0.8317,1.7607,
865.9,0.8318,1.7608,
866,0.8318,1.7608,
866.1,0.8318,1.7608,
866.2,0.8319,1.7609,
866.3,0.8318,1.7608,
866.4,0.8318,1.7608,
866.5,0.8318,1.7608,
866.6,0.8319,1.7609,
866.7,0.8319,1.7609,
866.8,0.8319,1.7609,
866.9,0.8319,1.7609,
867,0.8319,1.7609,
867.1,0.8319,1.7609,
867.2,0.8319,1.7609,
867.3,0.8319,1.7609,
867.4,0.8319,1.7609,
867.5,0.832,1.761,
867.6,0.832,1.761,
867.7,0.8319,1.7609,
867.8,0.8318,1.7608,
867.9,0.8319,1.7609,
868,0.8319,1.7609,
868.1,0.8319,1.7609,
868.2,0.8319,1.7609,
868.3,0.8319,1.7609,
868.4,0.8319,1.7609,
868.5,0.8319,1.7609,
868.6,0.832,1.761,
868.7,0.832,1.761,
868.8,0.8319,1.7609,
868.9,0.8318,1.7608,
869,0.8318,1.7608,
869.1,0.8318,1.7608,
869.2,0.8317,1.7607,
869.3,0.8318,1.7608,
869.4,0.8318,1.7608,
869.5,0.8318,1.7608,
869.6,0.8318,1.7608,
869.7,0.8318,1.7608,
869.8,0.8318,1.7608,
869.9,0.8317,1.7607,
870,0.8318,1.7608,
870.1,0.8319,1.7609,
870.2,0.8319,1.7609,
870.3,0.8319,1.7609,
870.4,0.8318,1.7608,
870.5,0.8318,1.7608,
870.6,0.8319,1.7609,
870.7,0.8318,1.7608,
870.8,0.8318,1.7608,
870.9,0.8318,1.7608,
871,0.8319,1.7609,
871.1,0.8319,1.7609,
871.2,0.8318,1.7608,
871.3,0.8318,1.7608,
871.4,0.8318,1.7608,
871.5,0.8319,1.7609,
871.6,0.8318,1.7608,
871.7,0.8318,1.7608,
871.8,0.8318,1.7608,
871.9,0.8318,1.7608,
872,0.8318,1.7608,
872.1,0.8319,1.7609,
872.2,0.8319,1.7609,
872.3,0.8319,1.7609,
872.4,0.8318,1.7608,
872.5,0.8319,1.7609,
872.6,0.8319,1.7609,
872.7,0.8319,1.7609,
872.8,0.8319,1.7609,
872.9,0.8319,1.7609,
873,0.832,1.761,
873.1,0.832,1.761,
873.2,0.832,1.761,
873.3,0.832,1.761,
873.4,0.8319,1.7609,
873.5,0.832,1.761,
873.6,0.832,1.761,
873.7,0.832,1.761,
873.8,0.8319,1.7609,
873.9,0.832,1.761,
874,0.8321,1.7611,
874.1,0.832,1.761,
874.2,0.832,1.761,
874.3,0.832,1.761,
874.4,0.832,1.761,
874.5,0.832,1.761,
874.6,0.8319,1.7609,
874.7,0.832,1.761,
874.8,0.832,1.761,
874.9,0.832,1.761,
875,0.832,1.761,
875.1,0.832,1.761,
875.2,0.8321,1.7611,
875.3,0.8321,1.7611,
875.4,0.8321,1.7611,
875.5,0.8321,1.7611,
875.6,0.8321,1.7611,
875.7,0.832,1.761,
875.8,0.8321,1.7611,
875.9,0.8321,1.7611,
876,0.8322,1.7612,
876.1,0.8321,1.7611,
876.2,0.832,1.761,
876.3,0.8321,1.7611,
876.4,0.8321,1.7611,
876.5,0.8321,1.7611,
876.6,0.8322,1.7612,
876.7,0.8322,1.7612,
876.8,0.8322,1.7612,
876.9,0.8322,1.7612,
877,0.8321,1.7611,
877.1,0.8322,1.7612,
877.2,0.8322,1.7612,
877.3,0.8321,1.7611,
877.4,0.8322,1.7612,
877.5,0.8322,1.7612,
877.6,0.8321,1.7611,
877.7,0.8322,1.7612,
877.8,0.8322,1.7612,
877.9,0.8323,1.7613,
878,0.8322,1.7612,
878.1,0.8321,1.7611,
878.2,0.8321,1.7611,
878.3,0.8321,1.7611,
878.4,0.832,1.761,
878.5,0.8321,1.7611,
878.6,0.832,1.761,
878.7,0.832,1.761,
878.8,0.832,1.761,
878.9,0.8321,1.7611,
879,0.8321,1.7611,
879.1,0.8321,1.7611,
879.2,0.8322,1.7612,
879.3,0.8322,1.7612,
879.4,0.8322,1.7612,
879.5,0.8322,1.7612,
879.6,0.8322,1.7612,
879.7,0.8322,1.7612,
879.8,0.8322,1.7612,
879.9,0.8321,1.7611,
880,0.8322,1.7612,
880.1,0.8322,1.7612,
880.2,0.8321,1.7611,
880.3,0.8321,1.7611,
880.4,0.8322,1.7612,
880.5,0.8322,1.7612,
880.6,0.8322,1.7612,
880.7,0.8322,1.7612,
880.8,0.8323,1.7613,
880.9,0.8322,1.7612,
881,0.8322,1.7612,
881.1,0.8322,1.7612,
881.2,0.8321,1.7611,
881.3,0.8321,1.7611,
881.4,0.8321,1.7611,
881.5,0.8322,1.7612,
881.6,0.8321,1.7611,
881.7,0.832,1.761,
881.8,0.8322,1.7612,
881.9,0.8322,1.7612,
882,0.8322,1.7612,
882.1,0.8322,1.7612,
882.2,0.8322,1.7612,
882.3,0.8321,1.7611,
882.4,0.8322,1.7612,
882.5,0.8322,1.7612,
882.6,0.8322,1.7612,
882.7,0.8322,1.7612,
882.8,0.8322,1.7612,
882.9,0.8323,1.7613,
883,0.8323,1.7613,
883.1,0.8323,1.7613,
883.2,0.8323,1.7613,
883.3,0.8323,1.7613,
883.4,0.8322,1.7612,
883.5,0.8323,1.7613,
883.6,0.8323,1.7613,
883.7,0.8323,1.7613,
883.8,0.8323,1.7613,
883.9,0.8323,1.7613,
884,0.8323,1.7613,
884.1,0.8323,1.7613,
884.2,0.8323,1.7613,
884.3,0.8322,1.7612,
884.4,0.8323,1.7613,
884.5,0.8322,1.7612,
884.6,0.8322,1.7612,
884.7,0.8323,1.7613,
884.8,0.8322,1.7612,
884.9,0.8323,1.7613,
885,0.8323,1.7613,
885.1,0.8323,1.7613,
885.2,0.8323,1.7613,
885.3,0.8323,1.7613,
885.4,0.8323,1.7613,
885.5,0.8323,1.7613,
885.6,0.8322,1.7612,
885.7,0.8323,1.7613,
885.8,0.8323,1.7613,
885.9,0.8324,1.7614,
886,0.8323,1.7613,
886.1,0.8324,1.7614,
886.2,0.8323,1.7613,
886.3,0.8324,1.7614,
886.4,0.8325,1.7615,
886.5,0.8325,1.7615,
886.6,0.8324,1.7614,
886.7,0.8322,1.7612,
886.8,0.8322,1.7612,
886.9,0.8323,1.7613,
887,0.8323,1.7613,
887.1,0.8323,1.7613,
887.2,0.8324,1.7614,
887.3,0.8323,1.7613,
887.4,0.8323,1.7613,
887.5,0.8324,1.7614,
887.6,0.8323,1.7613,
887.7,0.8324,1.7614,
887.8,0.8324,1.7614,
887.9,0.8323,1.7613,
888,0.8323,1.7613,
888.1,0.8324,1.7614,
888.2,0.8324,1.7614,
888.3,0.8324,1.7614,
888.4,0.8324,1.7614,
888.5,0.8324,1.7614,
888.6,0.8323,1.7613,
888.7,0.8322,1.7612,
888.8,0.8323,1.7613,
888.9,0.8323,1.7613,
889,0.8323,1.7613,
889.1,0.8323,1.7613,
889.2,0.8325,1.7615,
889.3,0.8324,1.7614,
889.4,0.8324,1.7614,
889.5,0.8324,1.7614,
889.6,0.8324,1.7614,
889.7,0.8324,1.7614,
889.8,0.8324,1.7614,
889.9,0.8324,1.7614,
890,0.8324,1.7614,
890.1,0.8324,1.7614,
890.2,0.8325,1.7615,
890.3,0.8325,1.7615,
890.4,0.8324,1.7614,
890.5,0.8325,1.7615,
890.6,0.8325,1.7615,
890.7,0.8325,1.7615,
890.8,0.8324,1.7614,
890.9,0.8325,1.7615,
891,0.8324,1.7614,
891.1,0.8325,1.7615,
891.2,0.8325,1.7615,
891.3,0.8325,1.7615,
891.4,0.8325,1.7615,
891.5,0.8325,1.7615,
891.6,0.8325,1.7615,
891.7,0.8325,1.7615,
891.8,0.8324,1.7614,
891.9,0.8323,1.7613,
892,0.8324,1.7614,
892.1,0.8324,1.7614,
892.2,0.8325,1.7615,
892.3,0.8325,1.7615,
892.4,0.8324,1.7614,
892.5,0.8325,1.7615,
892.6,0.8325,1.7615,
892.7,0.8325,1.7615,
892.8,0.8326,1.7616,
892.9,0.8325,1.7615,
893,0.8325,1.7615,
893.1,0.8326,1.7616,
893.2,0.8326,1.7616,
893.3,0.8327,1.7617,
893.4,0.8326,1.7616,
893.5,0.8326,1.7616,
893.6,0.8326,1.7616,
893.7,0.8326,1.7616,
893.8,0.8326,1.7616,
893.9,0.8326,1.7616,
894,0.8326,1.7616,
894.1,0.8326,1.7616,
894.2,0.8326,1.7616,
894.3,0.8326,1.7616,
894.4,0.8326,1.7616,
894.5,0.8325,1.7615,
894.6,0.8325,1.7615,
894.7,0.8326,1.7616,
894.8,0.8327,1.7617,
894.9,0.8326,1.7616,
895,0.8327,1.7617,
895.1,0.8326,1.7616,
895.2,0.8326,1.7616,
895.3,0.8327,1.7617,
895.4,0.8326,1.7616,
895.5,0.8327,1.7617,
895.6,0.8327,1.7617,
895.7,0.8326,1.7616,
895.8,0.8326,1.7616,
895.9,0.8326,1.7616,
896,0.8327,1.7617,
896.1,0.8327,1.7617,
896.2,0.8327,1.7617,
896.3,0.8327,1.7617,
896.4,0.8328,1.7618,
896.5,0.8327,1.7617,
896.6,0.8327,1.7617,
896.7,0.8327,1.7617,
896.8,0.8327,1.7617,
896.9,0.8328,1.7618,
897,0.8328,1.7618,
897.1,0.8328,1.7618,
897.2,0.8327,1.7617,
897.3,0.8326,1.7616,
897.4,0.8327,1.7617,
897.5,0.8327,1.7617,
897.6,0.8327,1.7617,
897.7,0.8328,1.7618,
897.8,0.8327,1.7617,
897.9,0.8326,1.7616,
898,0.8327,1.7617,
898.1,0.8327,1.7617,
898.2,0.8327,1.7617,
898.3,0.8327,1.7617,
898.4,0.8327,1.7617,
898.5,0.8328,1.7618,
898.6,0.8327,1.7617,
898.7,0.8327,1.7617,
898.8,0.8328,1.7618,
898.9,0.8328,1.7618,
899,0.8328,1.7618,
899.1,0.8328,1.7618,
899.2,0.8328,1.7618,
899.3,0.8328,1.7618,
899.4,0.8328,1.7618,
899.5,0.8329,1.7619,
899.6,0.8328,1.7618,
899.7,0.8328,1.7618,
899.8,0.8328,1.7618,
899.9,0.8328,1.7618,
900,0.8327,1.7617,
900.1,0.8327,1.7617,
900.2,0.8327,1.7617,
900.3,0.8328,1.7618,
900.4,0.8328,1.7618,
900.5,0.8328,1.7618,
900.6,0.8328,1.7618,
900.7,0.8328,1.7618,
900.8,0.8328,1.7618,
900.9,0.8327,1.7617,
901,0.8328,1.7618,
901.1,0.8328,1.7618,
901.2,0.8328,1.7618,
901.3,0.8328,1.7618,
901.4,0.8328,1.7618,
901.5,0.8328,1.7618,
901.6,0.8328,1.7618,
901.7,0.8328,1.7618,
901.8,0.8329,1.7619,
901.9,0.8329,1.7619,
902,0.8329,1.7619,
902.1,0.833,1.762,
902.2,0.833,1.762,
902.3,0.8329,1.7619,
902.4,0.8329,1.7619,
902.5,0.8329,1.7619,
902.6,0.8329,1.7619,
902.7,0.8329,1.7619,
902.8,0.833,1.762,
902.9,0.833,1.762,
903,0.8329,1.7619,
903.1,0.8328,1.7618,
903.2,0.8329,1.7619,
903.3,0.833,1.762,
903.4,0.8329,1.7619,
903.5,0.8329,1.7619,
903.6,0.833,1.762,
903.7,0.8331,1.7621,
903.8,0.833,1.762,
903.9,0.833,1.762,
904,0.833,1.762,
904.1,0.8329,1.7619,
904.2,0.833,1.762,
904.3,0.833,1.762,
904.4,0.833,1.762,
904.5,0.833,1.762,
904.6,0.833,1.762,
904.7,0.833,1.762,
904.8,0.8331,1.7621,
904.9,0.8332,1.7622,
905,0.833,1.762,
905.1,0.833,1.762,
905.2,0.833,1.762,
905.3,0.8331,1.7621,
905.4,0.833,1.762,
905.5,0.833,1.762,
905.6,0.8331,1.7621,
905.7,0.8331,1.7621,
905.8,0.8331,1.7621,
905.9,0.8331,1.7621,
906,0.8331,1.7621,
906.1,0.8331,1.7621,
906.2,0.833,1.762,
906.3,0.833,1.762,
906.4,0.833,1.762,
906.5,0.833,1.762,
906.6,0.833,1.762,
906.7,0.833,1.762,
906.8,0.8331,1.7621,
906.9,0.8331,1.7621,
907,0.8331,1.7621,
907.1,0.8331,1.7621,
907.2,0.8331,1.7621,
907.3,0.8331,1.7621,
907.4,0.833,1.762,
907.5,0.8331,1.7621,
907.6,0.8332,1.7622,
907.7,0.8331,1.7621,
907.8,0.8331,1.7621,
907.9,0.8331,1.7621,
908,0.8332,1.7622,
908.1,0.8332,1.7622,
908.2,0.8332,1.7622,
908.3,0.8333,1.7623,
908.4,0.8333,1.7623,
908.5,0.8331,1.7621,
908.6,0.8332,1.7622,
908.7,0.8332,1.7622,
908.8,0.8332,1.7622,
908.9,0.8332,1.7622,
909,0.8332,1.7622,
909.1,0.8332,1.7622,
909.2,0.8332,1.7622,
909.3,0.8332,1.7622,
909.4,0.8333,1.7623,
909.5,0.8332,1.7622,
909.6,0.8333,1.7623,
909.7,0.8333,1.7623,
909.8,0.8332,1.7622,
909.9,0.8332,1.7622,
910,0.8331,1.7621,
910.1,0.8331,1.7621,
910.2,0.8332,1.7622,
910.3,0.8332,1.7622,
910.4,0.8332,1.7622,
910.5,0.8332,1.7622,
910.6,0.8333,1.7623,
910.7,0.8332,1.7622,
910.8,0.8332,1.7622,
910.9,0.8333,1.7623,
911,0.8333,1.7623,
911.1,0.8333,1.7623,
911.2,0.8333,1.7623,
911.3,0.8333,1.7623,
911.4,0.8333,1.7623,
911.5,0.8333,1.7623,
911.6,0.8332,1.7622,
911.7,0.8331,1.7621,
911.8,0.8332,1.7622,
911.9,0.8333,1.7623,
912,0.8333,1.7623,
912.1,0.8333,1.7623,
912.2,0.8333,1.7623,
912.3,0.8333,1.7623,
912.4,0.8333,1.7623,
912.5,0.8333,1.7623,
912.6,0.8334,1.7624,
912.7,0.8334,1.7624,
912.8,0.8333,1.7623,
912.9,0.8334,1.7624,
913,0.8334,1.7624,
913.1,0.8335,1.7625,
913.2,0.8334,1.7624,
913.3,0.8334,1.7624,
913.4,0.8333,1.7623,
913.5,0.8334,1.7624,
913.6,0.8333,1.7623,
913.7,0.8334,1.7624,
913.8,0.8334,1.7624,
913.9,0.8334,1.7624,
914,0.8334,1.7624,
914.1,0.8333,1.7623,
914.2,0.8333,1.7623,
914.3,0.8333,1.7623,
914.4,0.8333,1.7623,
914.5,0.8333,1.7623,
914.6,0.8334,1.7624,
914.7,0.8334,1.7624,
914.8,0.8334,1.7624,
914.9,0.8334,1.7624,
915,0.8334,1.7624,
915.1,0.8334,1.7624,
915.2,0.8335,1.7625,
915.3,0.8335,1.7625,
915.4,0.8335,1.7625,
915.5,0.8335,1.7625,
915.6,0.8334,1.7624,
915.7,0.8335,1.7625,
915.8,0.8335,1.7625,
915.9,0.8336,1.7626,
916,0.8335,1.7625,
916.1,0.8334,1.7624,
916.2,0.8334,1.7624,
916.3,0.8334,1.7624,
916.4,0.8334,1.7624,
916.5,0.8335,1.7625,
916.6,0.8335,1.7625,
916.7,0.8334,1.7624,
916.8,0.8334,1.7624,
916.9,0.8333,1.7623,
917,0.8334,1.7624,
917.1,0.8334,1.7624,
917.2,0.8334,1.7624,
917.3,0.8334,1.7624,
917.4,0.8335,1.7625,
917.5,0.8334,1.7624,
917.6,0.8334,1.7624,
917.7,0.8335,1.7625,
917.8,0.8336,1.7626,
917.9,0.8336,1.7626,
918,0.8335,1.7625,
918.1,0.8335,1.7625,
918.2,0.8334,1.7624,
918.3,0.8334,1.7624,
918.4,0.8334,1.7624,
918.5,0.8335,1.7625,
918.6,0.8335,1.7625,
918.7,0.8335,1.7625,
918.8,0.8335,1.7625,
918.9,0.8335,1.7625,
919,0.8336,1.7626,
919.1,0.8336,1.7626,
919.2,0.8336,1.7626,
919.3,0.8336,1.7626,
919.4,0.8336,1.7626,
919.5,0.8337,1.7627,
919.6,0.8337,1.7627,
919.7,0.8336,1.7626,
919.8,0.8334,1.7624,
919.9,0.8334,1.7624,
920,0.8334,1.7624,
920.1,0.8335,1.7625,
920.2,0.8334,1.7624,
920.3,0.8333,1.7623,
920.4,0.8333,1.7623,
920.5,0.8334,1.7624,
920.6,0.8334,1.7624,
920.7,0.8334,1.7624,
920.8,0.8334,1.7624,
920.9,0.8334,1.7624,
921,0.8334,1.7624,
921.1,0.8333,1.7623,
921.2,0.8333,1.7623,
921.3,0.8334,1.7624,
921.4,0.8334,1.7624,
921.5,0.8334,1.7624,
921.6,0.8334,1.7624,
921.7,0.8334,1.7624,
921.8,0.8334,1.7624,
921.9,0.8335,1.7625,
922,0.8335,1.7625,
922.1,0.8335,1.7625,
922.2,0.8335,1.7625,
922.3,0.8336,1.7626,
922.4,0.8335,1.7625,
922.5,0.8335,1.7625,
922.6,0.8335,1.7625,
922.7,0.8336,1.7626,
922.8,0.8336,1.7626,
922.9,0.8335,1.7625,
923,0.8334,1.7624,
923.1,0.8334,1.7624,
923.2,0.8335,1.7625,
923.3,0.8334,1.7624,
923.4,0.8334,1.7624,
923.5,0.8334,1.7624,
923.6,0.8335,1.7625,
923.7,0.8336,1.7626,
923.8,0.8335,1.7625,
923.9,0.8335,1.7625,
924,0.8335,1.7625,
924.1,0.8335,1.7625,
924.2,0.8336,1.7626,
924.3,0.8337,1.7627,
924.4,0.8336,1.7626,
924.5,0.8336,1.7626,
924.6,0.8336,1.7626,
924.7,0.8336,1.7626,
924.8,0.8336,1.7626,
924.9,0.8335,1.7625,
925,0.8336,1.7626,
925.1,0.8337,1.7627,
925.2,0.8337,1.7627,
925.3,0.8337,1.7627,
925.4,0.8336,1.7626,
925.5,0.8336,1.7626,
925.6,0.8336,1.7626,
925.7,0.8337,1.7627,
925.8,0.8336,1.7626,
925.9,0.8336,1.7626,
926,0.8336,1.7626,
926.1,0.8336,1.7626,
926.2,0.8337,1.7627,
926.3,0.8337,1.7627,
926.4,0.8337,1.7627,
926.5,0.8338,1.7628,
926.6,0.8336,1.7626,
926.7,0.8336,1.7626,
926.8,0.8337,1.7627,
926.9,0.8337,1.7627,
927,0.8338,1.7628,
927.1,0.8338,1.7628,
927.2,0.8338,1.7628,
927.3,0.8336,1.7626,
927.4,0.8337,1.7627,
927.5,0.8337,1.7627,
927.6,0.8338,1.7628,
927.7,0.8339,1.7629,
927.8,0.8338,1.7628,
927.9,0.8337,1.7627,
928,0.8337,1.7627,
928.1,0.8338,1.7628,
928.2,0.8338,1.7628,
928.3,0.8338,1.7628,
928.4,0.8337,1.7627,
928.5,0.8337,1.7627,
928.6,0.8337,1.7627,
928.7,0.8337,1.7627,
928.8,0.8338,1.7628,
928.9,0.8337,1.7627,
929,0.8339,1.7629,
929.1,0.8339,1.7629,
929.2,0.8339,1.7629,
929.3,0.8336,1.7626,
929.4,0.8337,1.7627,
929.5,0.8337,1.7627,
929.6,0.8336,1.7626,
929.7,0.8337,1.7627,
929.8,0.8337,1.7627,
929.9,0.8337,1.7627,
930,0.8337,1.7627,
930.1,0.8338,1.7628,
930.2,0.8337,1.7627,
930.3,0.8338,1.7628,
930.4,0.8338,1.7628,
930.5,0.8338,1.7628,
930.6,0.8338,1.7628,
930.7,0.8339,1.7629,
930.8,0.8339,1.7629,
930.9,0.8339,1.7629,
931,0.8339,1.7629,
931.1,0.8338,1.7628,
931.2,0.8338,1.7628,
931.3,0.8338,1.7628,
931.4,0.8338,1.7628,
931.5,0.8339,1.7629,
931.6,0.8339,1.7629,
931.7,0.8338,1.7628,
931.8,0.8339,1.7629,
931.9,0.8339,1.7629,
932,0.8339,1.7629,
932.1,0.8339,1.7629,
932.2,0.8339,1.7629,
932.3,0.8339,1.7629,
932.4,0.8338,1.7628,
932.5,0.8338,1.7628,
932.6,0.8337,1.7627,
932.7,0.8338,1.7628,
932.8,0.8338,1.7628,
932.9,0.8339,1.7629,
933,0.8339,1.7629,
933.1,0.8339,1.7629,
933.2,0.8339,1.7629,
933.3,0.8339,1.7629,
933.4,0.8338,1.7628,
933.5,0.8339,1.7629,
933.6,0.8339,1.7629,
933.7,0.834,1.763,
933.8,0.834,1.763,
933.9,0.8339,1.7629,
934,0.834,1.763,
934.1,0.8339,1.7629,
934.2,0.8339,1.7629,
934.3,0.834,1.763,
934.4,0.8341,1.7631,
934.5,0.834,1.763,
934.6,0.8339,1.7629,
934.7,0.834,1.763,
934.8,0.8339,1.7629,
934.9,0.8339,1.7629,
935,0.834,1.763,
935.1,0.834,1.763,
935.2,0.834,1.763,
935.3,0.834,1.763,
935.4,0.834,1.763,
935.5,0.834,1.763,
935.6,0.834,1.763,
935.7,0.8339,1.7629,
935.8,0.834,1.763,
935.9,0.834,1.763,
936,0.834,1.763,
936.1,0.834,1.763,
936.2,0.834,1.763,
936.3,0.834,1.763,
936.4,0.834,1.763,
936.5,0.8341,1.7631,
936.6,0.834,1.763,
936.7,0.834,1.763,
936.8,0.8339,1.7629,
936.9,0.8339,1.7629,
937,0.834,1.763,
937.1,0.834,1.763,
937.2,0.834,1.763,
937.3,0.8341,1.7631,
937.4,0.8341,1.7631,
937.5,0.834,1.763,
937.6,0.834,1.763,
937.7,0.834,1.763,
937.8,0.8341,1.7631,
937.9,0.8341,1.7631,
938,0.834,1.763,
938.1,0.834,1.763,
938.2,0.8339,1.7629,
938.3,0.8339,1.7629,
938.4,0.834,1.763,
938.5,0.834,1.763,
938.6,0.834,1.763,
938.7,0.8341,1.7631,
938.8,0.8342,1.7632,
938.9,0.8341,1.7631,
939,0.8341,1.7631,
939.1,0.8341,1.7631,
939.2,0.8341,1.7631,
939.3,0.8341,1.7631,
939.4,0.8341,1.7631,
939.5,0.834,1.763,
939.6,0.834,1.763,
939.7,0.834,1.763,
939.8,0.8341,1.7631,
939.9,0.8341,1.7631,
940,0.8341,1.7631,
940.1,0.8341,1.7631,
940.2,0.834,1.763,
940.3,0.834,1.763,
940.4,0.834,1.763,
940.5,0.834,1.763,
940.6,0.8341,1.7631,
940.7,0.8341,1.7631,
940.8,0.8342,1.7632,
940.9,0.834,1.763,
941,0.8341,1.7631,
941.1,0.834,1.763,
941.2,0.834,1.763,
941.3,0.834,1.763,
941.4,0.8341,1.7631,
941.5,0.8342,1.7632,
941.6,0.8342,1.7632,
941.7,0.8341,1.7631,
941.8,0.8341,1.7631,
941.9,0.8341,1.7631,
942,0.8341,1.7631,
942.1,0.8341,1.7631,
942.2,0.8341,1.7631,
942.3,0.8342,1.7632,
942.4,0.8342,1.7632,
942.5,0.8342,1.7632,
942.6,0.8341,1.7631,
942.7,0.8341,1.7631,
942.8,0.8341,1.7631,
942.9,0.8341,1.7631,
943,0.8341,1.7631,
943.1,0.8341,1.7631,
943.2,0.8341,1.7631,
943.3,0.8342,1.7632,
943.4,0.8342,1.7632,
943.5,0.8342,1.7632,
943.6,0.8341,1.7631,
943.7,0.8342,1.7632,
943.8,0.8342,1.7632,
943.9,0.8342,1.7632,
944,0.8341,1.7631,
944.1,0.8341,1.7631,
944.2,0.8342,1.7632,
944.3,0.8342,1.7632,
944.4,0.8341,1.7631,
944.5,0.8341,1.7631,
944.6,0.8342,1.7632,
944.7,0.8341,1.7631,
944.8,0.8341,1.7631,
944.9,0.8342,1.7632,
945,0.8342,1.7632,
945.1,0.8342,1.7632,
945.2,0.8342,1.7632,
945.3,0.8342,1.7632,
945.4,0.8341,1.7631,
945.5,0.8341,1.7631,
945.6,0.8342,1.7632,
945.7,0.8342,1.7632,
945.8,0.8342,1.7632,
945.9,0.8342,1.7632,
946,0.8342,1.7632,
946.1,0.8342,1.7632,
946.2,0.8342,1.7632,
946.3,0.8342,1.7632,
946.4,0.8343,1.7633,
946.5,0.8343,1.7633,
946.6,0.8342,1.7632,
946.7,0.8343,1.7633,
946.8,0.8343,1.7633,
946.9,0.8343,1.7633,
947,0.8343,1.7633,
947.1,0.8342,1.7632,
947.2,0.8343,1.7633,
947.3,0.8343,1.7633,
947.4,0.8343,1.7633,
947.5,0.8342,1.7632,
947.6,0.8342,1.7632,
947.7,0.8342,1.7632,
947.8,0.8343,1.7633,
947.9,0.8343,1.7633,
948,0.8344,1.7634,
948.1,0.8343,1.7633,
948.2,0.8344,1.7634,
948.3,0.8343,1.7633,
948.4,0.8342,1.7632,
948.5,0.8342,1.7632,
948.6,0.8343,1.7633,
948.7,0.8343,1.7633,
948.8,0.8344,1.7634,
948.9,0.8343,1.7633,
949,0.8343,1.7633,
949.1,0.8343,1.7633,
949.2,0.8343,1.7633,
949.3,0.8344,1.7634,
949.4,0.8344,1.7634,
949.5,0.8344,1.7634,
949.6,0.8344,1.7634,
949.7,0.8343,1.7633,
949.8,0.8343,1.7633,
949.9,0.8343,1.7633,
950,0.8344,1.7634,
950.1,0.8344,1.7634,
950.2,0.8345,1.7635,
950.3,0.8344,1.7634,
950.4,0.8344,1.7634,
950.5,0.8345,1.7635,
950.6,0.8344,1.7634,
950.7,0.8345,1.7635,
950.8,0.8345,1.7635,
950.9,0.8344,1.7634,
951,0.8344,1.7634,
951.1,0.8344,1.7634,
951.2,0.8344,1.7634,
951.3,0.8345,1.7635,
951.4,0.8344,1.7634,
951.5,0.8345,1.7635,
951.6,0.8345,1.7635,
951.7,0.8345,1.7635,
951.8,0.8344,1.7634,
951.9,0.8344,1.7634,
952,0.8344,1.7634,
952.1,0.8344,1.7634,
952.2,0.8344,1.7634,
952.3,0.8344,1.7634,
952.4,0.8345,1.7635,
952.5,0.8344,1.7634,
952.6,0.8344,1.7634,
952.7,0.8345,1.7635,
952.8,0.8345,1.7635,
952.9,0.8345,1.7635,
953,0.8345,1.7635,
953.1,0.8346,1.7636,
953.2,0.8344,1.7634,
953.3,0.8345,1.7635,
953.4,0.8345,1.7635,
953.5,0.8345,1.7635,
953.6,0.8346,1.7636,
953.7,0.8346,1.7636,
953.8,0.8346,1.7636,
953.9,0.8345,1.7635,
954,0.8345,1.7635,
954.1,0.8346,1.7636,
954.2,0.8345,1.7635,
954.3,0.8345,1.7635,
954.4,0.8345,1.7635,
954.5,0.8345,1.7635,
954.6,0.8345,1.7635,
954.7,0.8344,1.7634,
954.8,0.8344,1.7634,
954.9,0.8345,1.7635,
955,0.8345,1.7635,
955.1,0.8345,1.7635,
955.2,0.8344,1.7634,
955.3,0.8345,1.7635,
955.4,0.8345,1.7635,
955.5,0.8345,1.7635,
955.6,0.8345,1.7635,
955.7,0.8346,1.7636,
955.8,0.8345,1.7635,
955.9,0.8345,1.7635,
956,0.8346,1.7636,
956.1,0.8345,1.7635,
956.2,0.8345,1.7635,
956.3,0.8345,1.7635,
956.4,0.8345,1.7635,
956.5,0.8345,1.7635,
956.6,0.8345,1.7635,
956.7,0.8346,1.7636,
956.8,0.8346,1.7636,
956.9,0.8345,1.7635,
957,0.8346,1.7636,
957.1,0.8346,1.7636,
957.2,0.8347,1.7637,
957.3,0.8347,1.7637,
957.4,0.8347,1.7637,
957.5,0.8346,1.7636,
957.6,0.8345,1.7635,
957.7,0.8346,1.7636,
957.8,0.8346,1.7636,
957.9,0.8344,1.7634,
958,0.8345,1.7635,
958.1,0.8346,1.7636,
958.2,0.8346,1.7636,
958.3,0.8346,1.7636,
958.4,0.8345,1.7635,
958.5,0.8345,1.7635,
958.6,0.8345,1.7635,
958.7,0.8346,1.7636,
958.8,0.8345,1.7635,
958.9,0.8345,1.7635,
959,0.8346,1.7636,
959.1,0.8345,1.7635,
959.2,0.8346,1.7636,
959.3,0.8346,1.7636,
959.4,0.8346,1.7636,
959.5,0.8346,1.7636,
959.6,0.8347,1.7637,
959.7,0.8347,1.7637,
959.8,0.8347,1.7637,
959.9,0.8347,1.7637,
960,0.8347,1.7637,
960.1,0.8348,1.7638,
960.2,0.8347,1.7637,
960.3,0.8347,1.7637,
960.4,0.8348,1.7638,
960.5,0.8347,1.7637,
960.6,0.8346,1.7636,
960.7,0.8346,1.7636,
960.8,0.8346,1.7636,
960.9,0.8346,1.7636,
961,0.8346,1.7636,
961.1,0.8347,1.7637,
961.2,0.8347,1.7637,
961.3,0.8348,1.7638,
961.4,0.8348,1.7638,
961.5,0.8347,1.7637,
961.6,0.8347,1.7637,
961.7,0.8347,1.7637,
961.8,0.8346,1.7636,
961.9,0.8346,1.7636,
962,0.8346,1.7636,
962.1,0.8346,1.7636,
962.2,0.8346,1.7636,
962.3,0.8346,1.7636,
962.4,0.8347,1.7637,
962.5,0.8348,1.7638,
962.6,0.8348,1.7638,
962.7,0.8348,1.7638,
962.8,0.8348,1.7638,
962.9,0.8348,1.7638,
963,0.8348,1.7638,
963.1,0.8347,1.7637,
963.2,0.8348,1.7638,
963.3,0.8347,1.7637,
963.4,0.8347,1.7637,
963.5,0.8347,1.7637,
963.6,0.8348,1.7638,
963.7,0.8347,1.7637,
963.8,0.8347,1.7637,
963.9,0.8347,1.7637,
964,0.8347,1.7637,
964.1,0.8348,1.7638,
964.2,0.8347,1.7637,
964.3,0.8347,1.7637,
964.4,0.8348,1.7638,
964.5,0.8348,1.7638,
964.6,0.8348,1.7638,
964.7,0.8347,1.7637,
964.8,0.8348,1.7638,
964.9,0.8348,1.7638,
965,0.8349,1.7639,
965.1,0.8348,1.7638,
965.2,0.8347,1.7637,
965.3,0.8347,1.7637,
965.4,0.8347,1.7637,
965.5,0.8348,1.7638,
965.6,0.8348,1.7638,
965.7,0.8348,1.7638,
965.8,0.8347,1.7637,
965.9,0.8347,1.7637,
966,0.8348,1.7638,
966.1,0.8348,1.7638,
966.2,0.8348,1.7638,
966.3,0.8348,1.7638,
966.4,0.8348,1.7638,
966.5,0.8348,1.7638,
966.6,0.8347,1.7637,
966.7,0.8348,1.7638,
966.8,0.8349,1.7639,
966.9,0.8349,1.7639,
967,0.8349,1.7639,
967.1,0.835,1.764,
967.2,0.8349,1.7639,
967.3,0.8349,1.7639,
967.4,0.8349,1.7639,
967.5,0.8349,1.7639,
967.6,0.835,1.764,
967.7,0.8349,1.7639,
967.8,0.8349,1.7639,
967.9,0.835,1.764,
968,0.8349,1.7639,
968.1,0.8349,1.7639,
968.2,0.8349,1.7639,
968.3,0.8349,1.7639,
968.4,0.835,1.764,
968.5,0.835,1.764,
968.6,0.835,1.764,
968.7,0.835,1.764,
968.8,0.8349,1.7639,
968.9,0.835,1.764,
969,0.835,1.764,
969.1,0.835,1.764,
969.2,0.8348,1.7638,
969.3,0.8348,1.7638,
969.4,0.8349,1.7639,
969.5,0.8349,1.7639,
969.6,0.835,1.764,
969.7,0.8349,1.7639,
969.8,0.8348,1.7638,
969.9,0.8349,1.7639,
970,0.8349,1.7639,
970.1,0.8349,1.7639,
970.2,0.835,1.764,
970.3,0.835,1.764,
970.4,0.835,1.764,
970.5,0.835,1.764,
970.6,0.835,1.764,
970.7,0.835,1.764,
970.8,0.8348,1.7638,
970.9,0.8348,1.7638,
971,0.8348,1.7638,
971.1,0.8349,1.7639,
971.2,0.8349,1.7639,
971.3,0.8349,1.7639,
971.4,0.835,1.764,
971.5,0.8349,1.7639,
971.6,0.8349,1.7639,
971.7,0.8349,1.7639,
971.8,0.835,1.764,
971.9,0.8351,1.7641,
972,0.8351,1.7641,
972.1,0.8351,1.7641,
972.2,0.8351,1.7641,
972.3,0.8351,1.7641,
972.4,0.835,1.764,
972.5,0.835,1.764,
972.6,0.835,1.764,
972.7,0.835,1.764,
972.8,0.835,1.764,
972.9,0.8351,1.7641,
973,0.8352,1.7642,
973.1,0.835,1.764,
973.2,0.835,1.764,
973.3,0.835,1.764,
973.4,0.835,1.764,
973.5,0.835,1.764,
973.6,0.835,1.764,
973.7,0.835,1.764,
973.8,0.8351,1.7641,
973.9,0.835,1.764,
974,0.8351,1.7641,
974.1,0.835,1.764,
974.2,0.835,1.764,
974.3,0.8351,1.7641,
974.4,0.8351,1.7641,
974.5,0.8351,1.7641,
974.6,0.835,1.764,
974.7,0.8351,1.7641,
974.8,0.8351,1.7641,
974.9,0.8352,1.7642,
975,0.835,1.764,
975.1,0.835,1.764,
975.2,0.8351,1.7641,
975.3,0.8351,1.7641,
975.4,0.8351,1.7641,
975.5,0.835,1.764,
975.6,0.8351,1.7641,
975.7,0.8351,1.7641,
975.8,0.8351,1.7641,
975.9,0.8351,1.7641,
976,0.8351,1.7641,
976.1,0.8351,1.7641,
976.2,0.835,1.764,
976.3,0.8351,1.7641,
976.4,0.8351,1.7641,
976.5,0.8351,1.7641,
976.6,0.8351,1.7641,
976.7,0.835,1.764,
976.8,0.8351,1.7641,
976.9,0.8351,1.7641,
977,0.8351,1.7641,
977.1,0.8351,1.7641,
977.2,0.8351,1.7641,
977.3,0.8351,1.7641,
977.4,0.8351,1.7641,
977.5,0.8351,1.7641,
977.6,0.8352,1.7642,
977.7,0.8351,1.7641,
977.8,0.8352,1.7642,
977.9,0.8352,1.7642,
978,0.8352,1.7642,
978.1,0.8352,1.7642,
978.2,0.8352,1.7642,
978.3,0.8352,1.7642,
978.4,0.8352,1.7642,
978.5,0.8353,1.7643,
978.6,0.8353,1.7643,
978.7,0.8352,1.7642,
978.8,0.8353,1.7643,
978.9,0.8353,1.7643,
979,0.8353,1.7643,
979.1,0.8352,1.7642,
979.2,0.8352,1.7642,
979.3,0.8352,1.7642,
979.4,0.8353,1.7643,
979.5,0.8352,1.7642,
979.6,0.8352,1.7642,
979.7,0.8352,1.7642,
979.8,0.8352,1.7642,
979.9,0.8353,1.7643,
980,0.8353,1.7643,
980.1,0.8353,1.7643,
980.2,0.8353,1.7643,
980.3,0.8354,1.7644,
980.4,0.8353,1.7643,
980.5,0.8351,1.7641,
980.6,0.8352,1.7642,
980.7,0.8352,1.7642,
980.8,0.8353,1.7643,
980.9,0.8352,1.7642,
981,0.8353,1.7643,
981.1,0.8353,1.7643,
981.2,0.8353,1.7643,
981.3,0.8353,1.7643,
981.4,0.8353,1.7643,
981.5,0.8352,1.7642,
981.6,0.8352,1.7642,
981.7,0.8351,1.7641,
981.8,0.835,1.764,
981.9,0.8352,1.7642,
982,0.8352,1.7642,
982.1,0.8352,1.7642,
982.2,0.8352,1.7642,
982.3,0.8352,1.7642,
982.4,0.8352,1.7642,
982.5,0.8352,1.7642,
982.6,0.8353,1.7643,
982.7,0.8353,1.7643,
982.8,0.8352,1.7642,
982.9,0.8351,1.7641,
983,0.8351,1.7641,
983.1,0.8351,1.7641,
983.2,0.8351,1.7641,
983.3,0.835,1.764,
983.4,0.8351,1.7641,
983.5,0.8351,1.7641,
983.6,0.8351,1.7641,
983.7,0.8351,1.7641,
983.8,0.835,1.764,
983.9,0.8351,1.7641,
984,0.8351,1.7641,
984.1,0.8352,1.7642,
984.2,0.8352,1.7642,
984.3,0.8352,1.7642,
984.4,0.8351,1.7641,
984.5,0.8352,1.7642,
984.6,0.8352,1.7642,
984.7,0.8351,1.7641,
984.8,0.8352,1.7642,
984.9,0.8352,1.7642,
985,0.8352,1.7642,
985.1,0.8352,1.7642,
985.2,0.8353,1.7643,
985.3,0.8353,1.7643,
985.4,0.8353,1.7643,
985.5,0.8352,1.7642,
985.6,0.8352,1.7642,
985.7,0.8352,1.7642,
985.8,0.8353,1.7643,
985.9,0.8353,1.7643,
986,0.8352,1.7642,
986.1,0.8353,1.7643,
986.2,0.8353,1.7643,
986.3,0.8353,1.7643,
986.4,0.8352,1.7642,
986.5,0.8351,1.7641,
986.6,0.8352,1.7642,
986.7,0.8352,1.7642,
986.8,0.8352,1.7642,
986.9,0.8352,1.7642,
987,0.8352,1.7642,
987.1,0.8352,1.7642,
987.2,0.8353,1.7643,
987.3,0.8353,1.7643,
987.4,0.8353,1.7643,
987.5,0.8353,1.7643,
987.6,0.8353,1.7643,
987.7,0.8353,1.7643,
987.8,0.8354,1.7644,
987.9,0.8353,1.7643,
988,0.8353,1.7643,
988.1,0.8353,1.7643,
988.2,0.8353,1.7643,
988.3,0.8353,1.7643,
988.4,0.8354,1.7644,
988.5,0.8353,1.7643,
988.6,0.8352,1.7642,
988.7,0.8353,1.7643,
988.8,0.8354,1.7644,
988.9,0.8354,1.7644,
989,0.8354,1.7644,
989.1,0.8353,1.7643,
989.2,0.8353,1.7643,
989.3,0.8353,1.7643,
989.4,0.8353,1.7643,
989.5,0.8352,1.7642,
989.6,0.8353,1.7643,
989.7,0.8352,1.7642,
989.8,0.8353,1.7643,
989.9,0.8354,1.7644,
990,0.8354,1.7644,
990.1,0.8353,1.7643,
990.2,0.8355,1.7645,
990.3,0.8354,1.7644,
990.4,0.8353,1.7643,
990.5,0.8353,1.7643,
990.6,0.8354,1.7644,
990.7,0.8353,1.7643,
990.8,0.8354,1.7644,
990.9,0.8354,1.7644,
991,0.8354,1.7644,
991.1,0.8354,1.7644,
991.2,0.8353,1.7643,
991.3,0.8354,1.7644,
991.4,0.8354,1.7644,
991.5,0.8354,1.7644,
991.6,0.8354,1.7644,
991.7,0.8353,1.7643,
991.8,0.8353,1.7643,
991.9,0.8354,1.7644,
992,0.8354,1.7644,
992.1,0.8354,1.7644,
992.2,0.8354,1.7644,
992.3,0.8355,1.7645,
992.4,0.8355,1.7645,
992.5,0.8354,1.7644,
992.6,0.8353,1.7643,
992.7,0.8354,1.7644,
992.8,0.8354,1.7644,
992.9,0.8353,1.7643,
993,0.8354,1.7644,
993.1,0.8355,1.7645,
993.2,0.8355,1.7645,
993.3,0.8354,1.7644,
993.4,0.8354,1.7644,
993.5,0.8354,1.7644,
993.6,0.8353,1.7643,
993.7,0.8354,1.7644,
993.8,0.8354,1.7644,
993.9,0.8354,1.7644,
994,0.8354,1.7644,
994.1,0.8354,1.7644,
994.2,0.8354,1.7644,
994.3,0.8354,1.7644,
994.4,0.8354,1.7644,
994.5,0.8353,1.7643,
994.6,0.8353,1.7643,
994.7,0.8354,1.7644,
994.8,0.8354,1.7644,
994.9,0.8354,1.7644,
995,0.8354,1.7644,
995.1,0.8354,1.7644,
995.2,0.8353,1.7643,
995.3,0.8354,1.7644,
995.4,0.8355,1.7645,
995.5,0.8354,1.7644,
995.6,0.8354,1.7644,
995.7,0.8354,1.7644,
995.8,0.8353,1.7643,
995.9,0.8355,1.7645,
996,0.8354,1.7644,
996.1,0.8354,1.7644,
996.2,0.8355,1.7645,
996.3,0.8355,1.7645,
996.4,0.8355,1.7645,
996.5,0.8354,1.7644,
996.6,0.8354,1.7644,
996.7,0.8355,1.7645,
996.8,0.8355,1.7645,
996.9,0.8355,1.7645,
997,0.8355,1.7645,
997.1,0.8354,1.7644,
997.2,0.8355,1.7645,
997.3,0.8355,1.7645,
997.4,0.8355,1.7645,
997.5,0.8355,1.7645,
997.6,0.8354,1.7644,
997.7,0.8354,1.7644,
997.8,0.8355,1.7645,
997.9,0.8354,1.7644,
998,0.8354,1.7644,
998.1,0.8354,1.7644,
998.2,0.8355,1.7645,
998.3,0.8355,1.7645,
998.4,0.8354,1.7644,
998.5,0.8355,1.7645,
998.6,0.8354,1.7644,
998.7,0.8355,1.7645,
998.8,0.8356,1.7646,
998.9,0.8355,1.7645,
999,0.8355,1.7645,
999.1,0.8355,1.7645,
999.2,0.8356,1.7646,
999.3,0.8356,1.7646,
999.4,0.8356,1.7646,
999.5,0.8356,1.7646,
999.6,0.8356,1.7646,
999.7,0.8356,1.7646,
999.8,0.8355,1.7645,
999.9,0.8356,1.7646,
1000,0.8357,1.7647,
1000,0.8357,1.7647,
1000,0.8356,1.7646,
1000,0.8357,1.7647,
1000,0.8356,1.7646,
1001,0.8356,1.7646,
1001,0.8357,1.7647,
1001,0.8356,1.7646,
1001,0.8355,1.7645,
1001,0.8355,1.7645,
1001,0.8356,1.7646,
1001,0.8355,1.7645,
1001,0.8355,1.7645,
1001,0.8356,1.7646,
1001,0.8355,1.7645,
1002,0.8356,1.7646,
1002,0.8356,1.7646,
1002,0.8356,1.7646,
1002,0.8356,1.7646,
1002,0.8356,1.7646,
1002,0.8356,1.7646,
1002,0.8356,1.7646,
1002,0.8357,1.7647,
1002,0.8356,1.7646,
1002,0.8356,1.7646,
1003,0.8356,1.7646,
1003,0.8356,1.7646,
1003,0.8357,1.7647,
1003,0.8357,1.7647,
1003,0.8357,1.7647,
1003,0.8357,1.7647,
1003,0.8357,1.7647,
1003,0.8357,1.7647,
1003,0.8357,1.7647,
1003,0.8357,1.7647,
1004,0.8356,1.7646,
1004,0.8357,1.7647,
1004,0.8357,1.7647,
1004,0.8356,1.7646,
1004,0.8357,1.7647,
1004,0.8357,1.7647,
1004,0.8357,1.7647,
1004,0.8357,1.7647,
1004,0.8357,1.7647,
1004,0.8358,1.7648,
1005,0.8358,1.7648,
1005,0.8358,1.7648,
1005,0.8358,1.7648,
1005,0.8358,1.7648,
1005,0.8358,1.7648,
1005,0.8359,1.7649,
1005,0.8358,1.7648,
1005,0.8358,1.7648,
1005,0.8359,1.7649,
1005,0.8358,1.7648,
1006,0.8358,1.7648,
1006,0.8359,1.7649,
1006,0.8358,1.7648,
1006,0.8358,1.7648,
1006,0.8358,1.7648,
1006,0.8358,1.7648,
1006,0.8358,1.7648,
1006,0.8358,1.7648,
1006,0.8358,1.7648,
1006,0.8357,1.7647,
1007,0.8358,1.7648,
1007,0.8358,1.7648,
1007,0.8358,1.7648,
1007,0.8358,1.7648,
1007,0.8358,1.7648,
1007,0.8358,1.7648,
1007,0.8358,1.7648,
1007,0.8357,1.7647,
1007,0.8358,1.7648,
1007,0.8358,1.7648,
1008,0.8358,1.7648,
1008,0.8358,1.7648,
1008,0.8358,1.7648,
1008,0.8358,1.7648,
1008,0.8358,1.7648,
1008,0.8358,1.7648,
1008,0.8358,1.7648,
1008,0.8359,1.7649,
1008,0.836,1.765,
1008,0.8359,1.7649,
1009,0.8358,1.7648,
1009,0.8359,1.7649,
1009,0.8358,1.7648,
1009,0.8358,1.7648,
1009,0.8358,1.7648,
1009,0.8357,1.7647,
1009,0.8357,1.7647,
1009,0.8358,1.7648,
1009,0.8357,1.7647,
1009,0.8356,1.7646,
1010,0.8357,1.7647,
1010,0.8357,1.7647,
1010,0.8358,1.7648,
1010,0.8359,1.7649,
1010,0.8358,1.7648,
1010,0.8358,1.7648,
1010,0.8358,1.7648,
1010,0.8358,1.7648,
1010,0.8358,1.7648,
1010,0.8359,1.7649,
1011,0.8359,1.7649,
1011,0.8358,1.7648,
1011,0.8358,1.7648,
1011,0.8358,1.7648,
1011,0.8357,1.7647,
1011,0.8358,1.7648,
1011,0.8358,1.7648,
1011,0.8359,1.7649,
1011,0.8359,1.7649,
1011,0.8358,1.7648,
1012,0.8358,1.7648,
1012,0.8358,1.7648,
1012,0.8358,1.7648,
1012,0.8359,1.7649,
1012,0.8359,1.7649,
1012,0.8358,1.7648,
1012,0.8358,1.7648,
1012,0.8358,1.7648,
1012,0.8357,1.7647,
1012,0.8357,1.7647,
1013,0.8358,1.7648,
1013,0.8358,1.7648,
1013,0.8358,1.7648,
1013,0.8358,1.7648,
1013,0.8357,1.7647,
1013,0.8357,1.7647,
1013,0.8357,1.7647,
1013,0.8359,1.7649,
1013,0.8359,1.7649,
1013,0.8358,1.7648,
1014,0.8358,1.7648,
1014,0.8358,1.7648,
1014,0.8358,1.7648,
1014,0.8358,1.7648,
1014,0.8358,1.7648,
1014,0.8359,1.7649,
1014,0.8359,1.7649,
1014,0.8359,1.7649,
1014,0.8359,1.7649,
1014,0.8359,1.7649,
1015,0.8359,1.7649,
1015,0.8359,1.7649,
1015,0.8359,1.7649,
1015,0.8358,1.7648,
1015,0.8359,1.7649,
1015,0.8359,1.7649,
1015,0.836,1.765,
1015,0.836,1.765,
1015,0.8359,1.7649,
1015,0.8359,1.7649,
1016,0.8358,1.7648,
1016,0.8358,1.7648,
1016,0.8358,1.7648,
1016,0.8358,1.7648,
1016,0.8359,1.7649,
1016,0.836,1.765,
1016,0.8358,1.7648,
1016,0.8359,1.7649,
1016,0.8359,1.7649,
1016,0.8359,1.7649,
1017,0.8359,1.7649,
1017,0.8359,1.7649,
1017,0.836,1.765,
1017,0.8359,1.7649,
1017,0.8359,1.7649,
1017,0.836,1.765,
1017,0.836,1.765,
1017,0.8359,1.7649,
1017,0.836,1.765,
1017,0.836,1.765,
1018,0.836,1.765,
1018,0.836,1.765,
1018,0.8359,1.7649,
1018,0.836,1.765,
1018,0.836,1.765,
1018,0.8359,1.7649,
1018,0.836,1.765,
1018,0.8359,1.7649,
1018,0.8359,1.7649,
1018,0.836,1.765,
1019,0.836,1.765,
1019,0.8361,1.7651,
1019,0.8362,1.7652,
1019,0.8359,1.7649,
1019,0.8359,1.7649,
1019,0.8359,1.7649,
1019,0.836,1.765,
1019,0.836,1.765,
1019,0.836,1.765,
1019,0.8361,1.7651,
1020,0.8361,1.7651,
1020,0.8361,1.7651,
1020,0.8361,1.7651,
1020,0.8361,1.7651,
1020,0.836,1.765,
1020,0.836,1.765,
1020,0.836,1.765,
1020,0.8361,1.7651,
1020,0.836,1.765,
1020,0.8361,1.7651,
1021,0.8362,1.7652,
1021,0.8362,1.7652,
1021,0.8362,1.7652,
1021,0.8362,1.7652,
1021,0.8361,1.7651,
1021,0.8361,1.7651,
1021,0.8361,1.7651,
1021,0.8362,1.7652,
1021,0.8361,1.7651,
1021,0.8361,1.7651,
1022,0.8361,1.7651,
1022,0.8361,1.7651,
1022,0.8362,1.7652,
1022,0.8362,1.7652,
1022,0.8362,1.7652,
1022,0.8361,1.7651,
1022,0.8361,1.7651,
1022,0.8361,1.7651,
1022,0.8362,1.7652,
1022,0.8361,1.7651,
1023,0.8361,1.7651,
1023,0.8361,1.7651,
1023,0.8361,1.7651,
1023,0.8361,1.7651,
1023,0.8362,1.7652,
1023,0.8362,1.7652,
1023,0.8361,1.7651,
1023,0.836,1.765,
1023,0.836,1.765,
1023,0.8362,1.7652,
1024,0.8363,1.7653,
1024,0.8362,1.7652,
1024,0.8362,1.7652,
1024,0.8361,1.7651,
1024,0.8361,1.7651,
1024,0.8362,1.7652,
1024,0.8362,1.7652,
1024,0.8362,1.7652,
1024,0.8362,1.7652,
1024,0.8362,1.7652,
1025,0.8363,1.7653,
1025,0.8362,1.7652,
1025,0.8363,1.7653,
1025,0.8363,1.7653,
1025,0.8362,1.7652,
1025,0.8363,1.7653,
1025,0.8363,1.7653,
1025,0.8363,1.7653,
1025,0.8363,1.7653,
1025,0.8364,1.7654,
1026,0.8364,1.7654,
1026,0.8363,1.7653,
1026,0.8364,1.7654,
1026,0.8363,1.7653,
1026,0.8364,1.7654,
1026,0.8363,1.7653,
1026,0.8363,1.7653,
1026,0.8363,1.7653,
1026,0.8363,1.7653,
1026,0.8364,1.7654,
1027,0.8364,1.7654,
1027,0.8363,1.7653,
1027,0.8363,1.7653,
1027,0.8362,1.7652,
1027,0.8363,1.7653,
1027,0.8363,1.7653,
1027,0.8364,1.7654,
1027,0.8363,1.7653,
1027,0.8363,1.7653,
1027,0.8363,1.7653,
1028,0.8363,1.7653,
1028,0.8364,1.7654,
1028,0.8364,1.7654,
1028,0.8364,1.7654,
1028,0.8364,1.7654,
1028,0.8363,1.7653,
1028,0.8364,1.7654,
1028,0.8364,1.7654,
1028,0.8363,1.7653,
1028,0.8362,1.7652,
1029,0.8363,1.7653,
1029,0.8364,1.7654,
1029,0.8364,1.7654,
1029,0.8364,1.7654,
1029,0.8365,1.7655,
1029,0.8364,1.7654,
1029,0.8363,1.7653,
1029,0.8364,1.7654,
1029,0.8364,1.7654,
1029,0.8364,1.7654,
1030,0.8364,1.7654,
1030,0.8364,1.7654,
1030,0.8364,1.7654,
1030,0.8364,1.7654,
1030,0.8365,1.7655,
1030,0.8364,1.7654,
1030,0.8364,1.7654,
1030,0.8365,1.7655,
1030,0.8364,1.7654,
1030,0.8364,1.7654,
1031,0.8365,1.7655,
1031,0.8365,1.7655,
1031,0.8365,1.7655,
1031,0.8365,1.7655,
1031,0.8365,1.7655,
1031,0.8364,1.7654,
1031,0.8363,1.7653,
1031,0.8363,1.7653,
1031,0.8363,1.7653,
1031,0.8364,1.7654,
1032,0.8364,1.7654,
1032,0.8364,1.7654,
1032,0.8364,1.7654,
1032,0.8363,1.7653,
1032,0.8364,1.7654,
1032,0.8364,1.7654,
1032,0.8364,1.7654,
1032,0.8363,1.7653,
1032,0.8363,1.7653,
1032,0.8364,1.7654,
1033,0.8365,1.7655,
1033,0.8365,1.7655,
1033,0.8364,1.7654,
1033,0.8364,1.7654,
1033,0.8364,1.7654,
1033,0.8365,1.7655,
1033,0.8365,1.7655,
1033,0.8365,1.7655,
1033,0.8366,1.7656,
1033,0.8366,1.7656,
1034,0.8366,1.7656,
1034,0.8365,1.7655,
1034,0.8365,1.7655,
1034,0.8364,1.7654,
1034,0.8364,1.7654,
1034,0.8365,1.7655,
1034,0.8365,1.7655,
1034,0.8364,1.7654,
1034,0.8364,1.7654,
1034,0.8365,1.7655,
1035,0.8364,1.7654,
1035,0.8364,1.7654,
1035,0.8364,1.7654,
1035,0.8365,1.7655,
1035,0.8365,1.7655,
1035,0.8365,1.7655,
1035,0.8364,1.7654,
1035,0.8363,1.7653,
1035,0.8364,1.7654,
1035,0.8365,1.7655,
1036,0.8365,1.7655,
1036,0.8366,1.7656,
1036,0.8365,1.7655,
1036,0.8365,1.7655,
1036,0.8364,1.7654,
1036,0.8365,1.7655,
1036,0.8366,1.7656,
1036,0.8365,1.7655,
1036,0.8365,1.7655,
1036,0.8365,1.7655,
1037,0.8365,1.7655,
1037,0.8365,1.7655,
1037,0.8364,1.7654,
1037,0.8365,1.7655,
1037,0.8365,1.7655,
1037,0.8365,1.7655,
1037,0.8365,1.7655,
1037,0.8365,1.7655,
1037,0.8365,1.7655,
1037,0.8366,1.7656,
1038,0.8366,1.7656,
1038,0.8365,1.7655,
1038,0.8366,1.7656,
1038,0.8366,1.7656,
1038,0.8365,1.7655,
1038,0.8364,1.7654,
1038,0.8365,1.7655,
1038,0.8365,1.7655,
1038,0.8366,1.7656,
1038,0.8366,1.7656,
1039,0.8366,1.7656,
1039,0.8366,1.7656,
1039,0.8365,1.7655,
1039,0.8366,1.7656,
1039,0.8366,1.7656,
1039,0.8365,1.7655,
1039,0.8365,1.7655,
1039,0.8366,1.7656,
1039,0.8366,1.7656,
1039,0.8367,1.7657,
1040,0.8366,1.7656,
1040,0.8366,1.7656,
1040,0.8366,1.7656,
1040,0.8365,1.7655,
1040,0.8366,1.7656,
1040,0.8366,1.7656,
1040,0.8365,1.7655,
1040,0.8366,1.7656,
1040,0.8367,1.7657,
1040,0.8367,1.7657,
1041,0.8366,1.7656,
1041,0.8366,1.7656,
1041,0.8367,1.7657,
1041,0.8367,1.7657,
1041,0.8366,1.7656,
1041,0.8367,1.7657,
1041,0.8366,1.7656,
1041,0.8367,1.7657,
1041,0.8367,1.7657,
1041,0.8367,1.7657,
1042,0.8366,1.7656,
1042,0.8367,1.7657,
1042,0.8367,1.7657,
1042,0.8366,1.7656,
1042,0.8367,1.7657,
1042,0.8366,1.7656,
1042,0.8367,1.7657,
1042,0.8367,1.7657,
1042,0.8366,1.7656,
1042,0.8366,1.7656,
1043,0.8366,1.7656,
1043,0.8367,1.7657,
1043,0.8367,1.7657,
1043,0.8366,1.7656,
1043,0.8366,1.7656,
1043,0.8366,1.7656,
1043,0.8366,1.7656,
1043,0.8366,1.7656,
1043,0.8366,1.7656,
1043,0.8367,1.7657,
1044,0.8367,1.7657,
1044,0.8367,1.7657,
1044,0.8367,1.7657,
1044,0.8367,1.7657,
1044,0.8367,1.7657,
1044,0.8367,1.7657,
1044,0.8367,1.7657,
1044,0.8367,1.7657,
1044,0.8368,1.7658,
1044,0.8367,1.7657,
1045,0.8367,1.7657,
1045,0.8367,1.7657,
1045,0.8367,1.7657,
1045,0.8367,1.7657,
1045,0.8367,1.7657,
1045,0.8367,1.7657,
1045,0.8366,1.7656,
1045,0.8366,1.7656,
1045,0.8366,1.7656,
1045,0.8367,1.7657,
1046,0.8366,1.7656,
1046,0.8366,1.7656,
1046,0.8367,1.7657,
1046,0.8367,1.7657,
1046,0.8367,1.7657,
1046,0.8368,1.7658,
1046,0.8367,1.7657,
1046,0.8368,1.7658,
1046,0.8368,1.7658,
1046,0.8368,1.7658,
1047,0.8368,1.7658,
1047,0.8367,1.7657,
1047,0.8368,1.7658,
1047,0.8368,1.7658,
1047,0.8369,1.7659,
1047,0.8368,1.7658,
1047,0.8368,1.7658,
1047,0.8368,1.7658,
1047,0.8367,1.7657,
1047,0.8368,1.7658,
1048,0.8368,1.7658,
1048,0.8368,1.7658,
1048,0.8368,1.7658,
1048,0.8368,1.7658,
1048,0.8368,1.7658,
1048,0.8369,1.7659,
1048,0.8368,1.7658,
1048,0.8369,1.7659,
1048,0.8369,1.7659,
1048,0.8367,1.7657,
1049,0.8368,1.7658,
1049,0.8368,1.7658,
1049,0.8368,1.7658,
1049,0.8368,1.7658,
1049,0.8368,1.7658,
1049,0.8367,1.7657,
1049,0.8368,1.7658,
1049,0.8368,1.7658,
1049,0.8369,1.7659,
1049,0.8368,1.7658,
1050,0.8369,1.7659,
1050,0.8368,1.7658,
1050,0.8368,1.7658,
1050,0.8368,1.7658,
1050,0.8369,1.7659,
1050,0.8369,1.7659,
1050,0.8369,1.7659,
1050,0.8369,1.7659,
1050,0.8369,1.7659,
1050,0.8369,1.7659,
1051,0.8369,1.7659,
1051,0.8369,1.7659,
1051,0.8369,1.7659,
1051,0.8369,1.7659,
1051,0.8369,1.7659,
1051,0.8369,1.7659,
1051,0.8369,1.7659,
1051,0.837,1.766,
1051,0.8369,1.7659,
1051,0.8369,1.7659,
1052,0.8369,1.7659,
1052,0.8368,1.7658,
1052,0.8368,1.7658,
1052,0.8368,1.7658,
1052,0.8368,1.7658,
1052,0.8369,1.7659,
1052,0.8369,1.7659,
1052,0.8368,1.7658,
1052,0.8369,1.7659,
1052,0.8369,1.7659,
1053,0.8369,1.7659,
1053,0.837,1.766,
1053,0.837,1.766,
1053,0.8369,1.7659,
1053,0.8369,1.7659,
1053,0.8369,1.7659,
1053,0.8369,1.7659,
1053,0.8369,1.7659,
1053,0.8369,1.7659,
1053,0.837,1.766,
1054,0.837,1.766,
1054,0.8369,1.7659,
1054,0.837,1.766,
1054,0.837,1.766,
1054,0.8369,1.7659,
1054,0.837,1.766,
1054,0.837,1.766,
1054,0.8371,1.7661,
1054,0.837,1.766,
1054,0.837,1.766,
1055,0.837,1.766,
1055,0.837,1.766,
1055,0.8369,1.7659,
1055,0.8369,1.7659,
1055,0.837,1.766,
1055,0.837,1.766,
1055,0.837,1.766,
1055,0.8369,1.7659,
1055,0.837,1.766,
1055,0.8369,1.7659,
1056,0.8369,1.7659,
1056,0.837,1.766,
1056,0.837,1.766,
1056,0.837,1.766,
1056,0.837,1.766,
1056,0.837,1.766,
1056,0.837,1.766,
1056,0.837,1.766,
1056,0.8371,1.7661,
1056,0.8371,1.7661,
1057,0.837,1.766,
1057,0.837,1.766,
1057,0.8371,1.7661,
1057,0.8371,1.7661,
1057,0.837,1.766,
1057,0.837,1.766,
1057,0.837,1.766,
1057,0.837,1.766,
1057,0.837,1.766,
1057,0.8369,1.7659,
1058,0.8369,1.7659,
1058,0.837,1.766,
1058,0.8369,1.7659,
1058,0.8369,1.7659,
1058,0.8369,1.7659,
1058,0.8369,1.7659,
1058,0.837,1.766,
1058,0.837,1.766,
1058,0.837,1.766,
1058,0.837,1.766,
1059,0.8369,1.7659,
1059,0.837,1.766,
1059,0.837,1.766,
1059,0.837,1.766,
1059,0.837,1.766,
1059,0.837,1.766,
1059,0.8371,1.7661,
1059,0.837,1.766,
1059,0.837,1.766,
1059,0.8369,1.7659,
1060,0.837,1.766,
1060,0.837,1.766,
1060,0.837,1.766,
1060,0.837,1.766,
1060,0.8369,1.7659,
1060,0.837,1.766,
1060,0.8371,1.7661,
1060,0.8371,1.7661,
1060,0.8371,1.7661,
1060,0.8371,1.7661,
1061,0.8371,1.7661,
1061,0.8371,1.7661,
1061,0.837,1.766,
1061,0.837,1.766,
1061,0.8371,1.7661,
1061,0.8371,1.7661,
1061,0.8371,1.7661,
1061,0.8371,1.7661,
1061,0.837,1.766,
1061,0.837,1.766,
1062,0.837,1.766,
1062,0.837,1.766,
1062,0.837,1.766,
1062,0.837,1.766,
1062,0.837,1.766,
1062,0.837,1.766,
1062,0.837,1.766,
1062,0.8371,1.7661,
1062,0.8371,1.7661,
1062,0.837,1.766,
1063,0.837,1.766,
1063,0.837,1.766,
1063,0.837,1.766,
1063,0.837,1.766,
1063,0.8371,1.7661,
1063,0.8372,1.7662,
1063,0.8371,1.7661,
1063,0.837,1.766,
1063,0.837,1.766,
1063,0.837,1.766,
1064,0.8371,1.7661,
1064,0.8371,1.7661,
1064,0.8371,1.7661,
1064,0.8371,1.7661,
1064,0.8371,1.7661,
1064,0.8371,1.7661,
1064,0.8372,1.7662,
1064,0.8372,1.7662,
1064,0.8372,1.7662,
1064,0.8372,1.7662,
1065,0.8372,1.7662,
1065,0.8371,1.7661,
1065,0.8372,1.7662,
1065,0.8371,1.7661,
1065,0.8372,1.7662,
1065,0.8372,1.7662,
1065,0.8373,1.7663,
1065,0.8372,1.7662,
1065,0.8372,1.7662,
1065,0.8373,1.7663,
1066,0.8372,1.7662,
1066,0.8372,1.7662,
1066,0.8372,1.7662,
1066,0.8372,1.7662,
1066,0.8372,1.7662,
1066,0.8372,1.7662,
1066,0.8372,1.7662,
1066,0.8371,1.7661,
1066,0.8372,1.7662,
1066,0.8372,1.7662,
1067,0.8372,1.7662,
1067,0.8372,1.7662,
1067,0.8371,1.7661,
1067,0.8371,1.7661,
1067,0.8372,1.7662,
1067,0.8371,1.7661,
1067,0.8372,1.7662,
1067,0.8371,1.7661,
1067,0.8371,1.7661,
1067,0.8372,1.7662,
1068,0.8372,1.7662,
1068,0.8372,1.7662,
1068,0.8372,1.7662,
1068,0.8371,1.7661,
1068,0.8371,1.7661,
1068,0.8372,1.7662,
1068,0.8373,1.7663,
1068,0.8372,1.7662,
1068,0.8373,1.7663,
1068,0.8373,1.7663,
1069,0.8372,1.7662,
1069,0.8372,1.7662,
1069,0.8372,1.7662,
1069,0.8372,1.7662,
1069,0.8371,1.7661,
1069,0.8371,1.7661,
1069,0.8372,1.7662,
1069,0.8373,1.7663,
1069,0.8373,1.7663,
1069,0.8373,1.7663,
1070,0.8372,1.7662,
1070,0.8372,1.7662,
1070,0.8373,1.7663,
1070,0.8373,1.7663,
1070,0.8373,1.7663,
1070,0.8373,1.7663,
1070,0.8373,1.7663,
1070,0.8373,1.7663,
1070,0.8373,1.7663,
1070,0.8373,1.7663,
1071,0.8373,1.7663,
1071,0.8373,1.7663,
1071,0.8373,1.7663,
1071,0.8374,1.7664,
1071,0.8374,1.7664,
1071,0.8374,1.7664,
1071,0.8375,1.7665,
1071,0.8374,1.7664,
1071,0.8374,1.7664,
1071,0.8374,1.7664,
1072,0.8374,1.7664,
1072,0.8373,1.7663,
1072,0.8374,1.7664,
1072,0.8373,1.7663,
1072,0.8372,1.7662,
1072,0.8373,1.7663,
1072,0.8374,1.7664,
1072,0.8374,1.7664,
1072,0.8374,1.7664,
1072,0.8374,1.7664,
1073,0.8373,1.7663,
1073,0.8373,1.7663,
1073,0.8373,1.7663,
1073,0.8374,1.7664,
1073,0.8374,1.7664,
1073,0.8374,1.7664,
1073,0.8374,1.7664,
1073,0.8375,1.7665,
1073,0.8374,1.7664,
1073,0.8373,1.7663,
1074,0.8374,1.7664,
1074,0.8374,1.7664,
1074,0.8374,1.7664,
1074,0.8374,1.7664,
1074,0.8374,1.7664,
1074,0.8374,1.7664,
1074,0.8373,1.7663,
1074,0.8373,1.7663,
1074,0.8374,1.7664,
1074,0.8374,1.7664,
1075,0.8374,1.7664,
1075,0.8374,1.7664,
1075,0.8374,1.7664,
1075,0.8375,1.7665,
1075,0.8374,1.7664,
1075,0.8375,1.7665,
1075,0.8375,1.7665,
1075,0.8375,1.7665,
1075,0.8375,1.7665,
1075,0.8375,1.7665,
1076,0.8374,1.7664,
1076,0.8375,1.7665,
1076,0.8375,1.7665,
1076,0.8376,1.7666,
1076,0.8375,1.7665,
1076,0.8375,1.7665,
1076,0.8376,1.7666,
1076,0.8376,1.7666,
1076,0.8376,1.7666,
1076,0.8376,1.7666,
1077,0.8375,1.7665,
1077,0.8375,1.7665,
1077,0.8376,1.7666,
1077,0.8375,1.7665,
1077,0.8375,1.7665,
1077,0.8376,1.7666,
1077,0.8375,1.7665,
1077,0.8376,1.7666,
1077,0.8375,1.7665,
1077,0.8374,1.7664,
1078,0.8374,1.7664,
1078,0.8375,1.7665,
1078,0.8376,1.7666,
1078,0.8376,1.7666,
1078,0.8375,1.7665,
1078,0.8375,1.7665,
1078,0.8375,1.7665,
1078,0.8375,1.7665,
1078,0.8375,1.7665,
1078,0.8375,1.7665,
1079,0.8375,1.7665,
1079,0.8375,1.7665,
1079,0.8376,1.7666,
1079,0.8376,1.7666,
1079,0.8376,1.7666,
1079,0.8376,1.7666,
1079,0.8376,1.7666,
1079,0.8376,1.7666,
1079,0.8375,1.7665,
1079,0.8376,1.7666,
1080,0.8375,1.7665,
1080,0.8376,1.7666,
1080,0.8376,1.7666,
1080,0.8377,1.7667,
1080,0.8376,1.7666,
1080,0.8376,1.7666,
1080,0.8376,1.7666,
1080,0.8375,1.7665,
1080,0.8375,1.7665,
1080,0.8376,1.7666,
1081,0.8376,1.7666,
1081,0.8377,1.7667,
1081,0.8377,1.7667,
1081,0.8376,1.7666,
1081,0.8375,1.7665,
1081,0.8376,1.7666,
1081,0.8376,1.7666,
1081,0.8376,1.7666,
1081,0.8376,1.7666,
1081,0.8376,1.7666,
1082,0.8376,1.7666,
1082,0.8375,1.7665,
1082,0.8376,1.7666,
1082,0.8376,1.7666,
1082,0.8376,1.7666,
1082,0.8376,1.7666,
1082,0.8376,1.7666,
1082,0.8377,1.7667,
1082,0.8377,1.7667,
1082,0.8377,1.7667,
1083,0.8376,1.7666,
1083,0.8376,1.7666,
1083,0.8376,1.7666,
1083,0.8376,1.7666,
1083,0.8377,1.7667,
1083,0.8377,1.7667,
1083,0.8377,1.7667,
1083,0.8377,1.7667,
1083,0.8378,1.7668,
1083,0.8377,1.7667,
1084,0.8377,1.7667,
1084,0.8377,1.7667,
1084,0.8378,1.7668,
1084,0.8378,1.7668,
1084,0.8377,1.7667,
1084,0.8376,1.7666,
1084,0.8376,1.7666,
1084,0.8376,1.7666,
1084,0.8376,1.7666,
1084,0.8377,1.7667,
1085,0.8377,1.7667,
1085,0.8377,1.7667,
1085,0.8376,1.7666,
1085,0.8377,1.7667,
1085,0.8377,1.7667,
1085,0.8377,1.7667,
1085,0.8377,1.7667,
1085,0.8377,1.7667,
1085,0.8378,1.7668,
1085,0.8377,1.7667,
1086,0.8377,1.7667,
1086,0.8377,1.7667,
1086,0.8378,1.7668,
1086,0.8378,1.7668,
1086,0.8377,1.7667,
1086,0.8376,1.7666,
1086,0.8376,1.7666,
1086,0.8377,1.7667,
1086,0.8377,1.7667,
1086,0.8376,1.7666,
1087,0.8377,1.7667,
1087,0.8377,1.7667,
1087,0.8377,1.7667,
1087,0.8377,1.7667,
1087,0.8377,1.7667,
1087,0.8377,1.7667,
1087,0.8377,1.7667,
1087,0.8377,1.7667,
1087,0.8377,1.7667,
1087,0.8377,1.7667,
1088,0.8378,1.7668,
1088,0.8378,1.7668,
1088,0.8378,1.7668,
1088,0.8377,1.7667,
1088,0.8377,1.7667,
1088,0.8377,1.7667,
1088,0.8377,1.7667,
1088,0.8377,1.7667,
1088,0.8378,1.7668,
1088,0.8377,1.7667,
1089,0.8378,1.7668,
1089,0.8377,1.7667,
1089,0.8377,1.7667,
1089,0.8377,1.7667,
1089,0.8378,1.7668,
1089,0.8378,1.7668,
1089,0.8377,1.7667,
1089,0.8377,1.7667,
1089,0.8377,1.7667,
1089,0.8377,1.7667,
1090,0.8377,1.7667,
1090,0.8378,1.7668,
1090,0.8379,1.7669,
1090,0.8378,1.7668,
1090,0.8378,1.7668,
1090,0.8378,1.7668,
1090,0.8378,1.7668,
1090,0.8377,1.7667,
1090,0.8377,1.7667,
1090,0.8376,1.7666,
1091,0.8377,1.7667,
1091,0.8376,1.7666,
1091,0.8377,1.7667,
1091,0.8378,1.7668,
1091,0.8378,1.7668,
1091,0.8378,1.7668,
1091,0.8378,1.7668,
1091,0.8378,1.7668,
1091,0.8377,1.7667,
1091,0.8378,1.7668,
1092,0.8378,1.7668,
1092,0.8378,1.7668,
1092,0.8378,1.7668,
1092,0.8378,1.7668,
1092,0.8379,1.7669,
1092,0.838,1.767,
1092,0.8379,1.7669,
1092,0.8379,1.7669,
1092,0.8378,1.7668,
1092,0.8379,1.7669,
1093,0.8379,1.7669,
1093,0.8379,1.7669,
1093,0.838,1.767,
1093,0.8379,1.7669,
1093,0.8379,1.7669,
1093,0.8379,1.7669,
1093,0.8379,1.7669,
1093,0.8378,1.7668,
1093,0.8379,1.7669,
1093,0.838,1.767,
1094,0.838,1.767,
1094,0.8378,1.7668,
1094,0.8379,1.7669,
1094,0.8379,1.7669,
1094,0.8379,1.7669,
1094,0.838,1.767,
1094,0.8379,1.7669,
1094,0.8379,1.7669,
1094,0.8379,1.7669,
1094,0.8379,1.7669,
1095,0.8379,1.7669,
1095,0.8379,1.7669,
1095,0.8379,1.7669,
1095,0.8379,1.7669,
1095,0.8378,1.7668,
1095,0.8379,1.7669,
1095,0.8379,1.7669,
1095,0.838,1.767,
1095,0.8379,1.7669,
1095,0.838,1.767,
1096,0.8379,1.7669,
1096,0.8379,1.7669,
1096,0.8379,1.7669,
1096,0.8379,1.7669,
1096,0.8379,1.7669,
1096,0.838,1.767,
1096,0.8379,1.7669,
1096,0.8379,1.7669,
1096,0.838,1.767,
1096,0.838,1.767,
1097,0.838,1.767,
1097,0.838,1.767,
1097,0.838,1.767,
1097,0.838,1.767,
1097,0.838,1.767,
1097,0.838,1.767,
1097,0.838,1.767,
1097,0.838,1.767,
1097,0.838,1.767,
1097,0.838,1.767,
1098,0.838,1.767,
1098,0.838,1.767,
1098,0.838,1.767,
1098,0.838,1.767,
1098,0.838,1.767,
1098,0.8381,1.7671,
1098,0.8381,1.7671,
1098,0.8381,1.7671,
1098,0.838,1.767,
1098,0.8381,1.7671,
1099,0.8381,1.7671,
1099,0.8382,1.7672,
1099,0.838,1.767,
1099,0.838,1.767,
1099,0.838,1.767,
1099,0.838,1.767,
1099,0.838,1.767,
1099,0.838,1.767,
1099,0.8379,1.7669,
1099,0.838,1.767,
1100,0.8381,1.7671,
1100,0.8381,1.7671,
1100,0.838,1.767,
1100,0.838,1.767,
1100,0.838,1.767,
1100,0.838,1.767,
1100,0.838,1.767,
1100,0.838,1.767,
1100,0.838,1.767,
1100,0.838,1.767,
1101,0.8381,1.7671,
1101,0.8381,1.7671,
1101,0.838,1.767,
1101,0.838,1.767,
1101,0.8381,1.7671,
1101,0.8381,1.7671,
1101,0.8381,1.7671,
1101,0.838,1.767,
1101,0.8381,1.7671,
1101,0.8381,1.7671,
1102,0.8381,1.7671,
1102,0.8381,1.7671,
1102,0.8381,1.7671,
1102,0.8381,1.7671,
1102,0.838,1.767,
1102,0.8381,1.7671,
1102,0.8381,1.7671,
1102,0.8381,1.7671,
1102,0.8381,1.7671,
1102,0.838,1.767,
1103,0.838,1.767,
1103,0.838,1.767,
1103,0.838,1.767,
1103,0.8379,1.7669,
1103,0.8379,1.7669,
1103,0.838,1.767,
1103,0.838,1.767,
1103,0.838,1.767,
1103,0.838,1.767,
1103,0.838,1.767,
1104,0.838,1.767,
1104,0.838,1.767,
1104,0.838,1.767,
1104,0.838,1.767,
1104,0.838,1.767,
1104,0.838,1.767,
1104,0.8379,1.7669,
1104,0.838,1.767,
1104,0.8381,1.7671,
1104,0.8381,1.7671,
1105,0.8381,1.7671,
1105,0.8381,1.7671,
1105,0.838,1.767,
1105,0.8381,1.7671,
1105,0.8381,1.7671,
1105,0.8381,1.7671,
1105,0.838,1.767,
1105,0.8381,1.7671,
1105,0.8381,1.7671,
1105,0.8381,1.7671,
1106,0.838,1.767,
1106,0.838,1.767,
1106,0.838,1.767,
1106,0.8381,1.7671,
1106,0.8381,1.7671,
1106,0.8381,1.7671,
1106,0.8382,1.7672,
1106,0.8383,1.7673,
1106,0.8382,1.7672,
1106,0.838,1.767,
1107,0.8381,1.7671,
1107,0.8381,1.7671,
1107,0.8381,1.7671,
1107,0.8381,1.7671,
1107,0.8381,1.7671,
1107,0.8381,1.7671,
1107,0.8382,1.7672,
1107,0.8382,1.7672,
1107,0.8381,1.7671,
1107,0.8382,1.7672,
1108,0.8381,1.7671,
1108,0.8381,1.7671,
1108,0.8381,1.7671,
1108,0.8381,1.7671,
1108,0.8381,1.7671,
1108,0.8381,1.7671,
1108,0.8381,1.7671,
1108,0.8381,1.7671,
1108,0.8382,1.7672,
1108,0.8381,1.7671,
1109,0.8382,1.7672,
1109,0.8381,1.7671,
1109,0.8382,1.7672,
1109,0.8382,1.7672,
1109,0.8382,1.7672,
1109,0.8382,1.7672,
1109,0.8382,1.7672,
1109,0.8381,1.7671,
1109,0.8381,1.7671,
1109,0.8381,1.7671,
1110,0.8382,1.7672,
1110,0.8382,1.7672,
1110,0.8382,1.7672,
1110,0.8381,1.7671,
1110,0.8381,1.7671,
1110,0.8382,1.7672,
1110,0.8382,1.7672,
1110,0.8382,1.7672,
1110,0.8382,1.7672,
1110,0.8382,1.7672,
1111,0.8382,1.7672,
1111,0.8382,1.7672,
1111,0.8382,1.7672,
1111,0.8381,1.7671,
1111,0.8382,1.7672,
1111,0.8382,1.7672,
1111,0.8382,1.7672,
1111,0.8381,1.7671,
1111,0.8383,1.7673,
1111,0.8382,1.7672,
1112,0.8381,1.7671,
1112,0.8382,1.7672,
1112,0.8381,1.7671,
1112,0.8382,1.7672,
1112,0.8382,1.7672,
1112,0.8382,1.7672,
1112,0.8382,1.7672,
1112,0.8382,1.7672,
1112,0.8382,1.7672,
1112,0.8383,1.7673,
1113,0.8382,1.7672,
1113,0.8381,1.7671,
1113,0.8382,1.7672,
1113,0.8382,1.7672,
1113,0.8381,1.7671,
1113,0.8382,1.7672,
1113,0.8381,1.7671,
1113,0.8381,1.7671,
1113,0.8382,1.7672,
1113,0.8383,1.7673,
1114,0.8382,1.7672,
1114,0.8383,1.7673,
1114,0.8382,1.7672,
1114,0.8382,1.7672,
1114,0.8383,1.7673,
1114,0.8383,1.7673,
1114,0.8383,1.7673,
1114,0.8383,1.7673,
1114,0.8383,1.7673,
1114,0.8384,1.7674,
1115,0.8384,1.7674,
1115,0.8383,1.7673,
1115,0.8383,1.7673,
1115,0.8383,1.7673,
1115,0.8383,1.7673,
1115,0.8383,1.7673,
1115,0.8384,1.7674,
1115,0.8384,1.7674,
1115,0.8383,1.7673,
1115,0.8383,1.7673,
1116,0.8384,1.7674,
1116,0.8383,1.7673,
1116,0.8382,1.7672,
1116,0.8382,1.7672,
1116,0.8383,1.7673,
1116,0.8383,1.7673,
1116,0.8383,1.7673,
1116,0.8383,1.7673,
1116,0.8384,1.7674,
1116,0.8383,1.7673,
1117,0.8383,1.7673,
1117,0.8384,1.7674,
1117,0.8384,1.7674,
1117,0.8383,1.7673,
1117,0.8385,1.7675,
1117,0.8385,1.7675,
1117,0.8384,1.7674,
1117,0.8384,1.7674,
1117,0.8383,1.7673,
1117,0.8384,1.7674,
1118,0.8385,1.7675,
1118,0.8384,1.7674,
1118,0.8384,1.7674,
1118,0.8383,1.7673,
1118,0.8384,1.7674,
1118,0.8384,1.7674,
1118,0.8384,1.7674,
1118,0.8383,1.7673,
1118,0.8383,1.7673,
1118,0.8383,1.7673,
1119,0.8383,1.7673,
1119,0.8384,1.7674,
1119,0.8384,1.7674,
1119,0.8383,1.7673,
1119,0.8384,1.7674,
1119,0.8384,1.7674,
1119,0.8384,1.7674,
1119,0.8384,1.7674,
1119,0.8384,1.7674,
1119,0.8384,1.7674,
1120,0.8384,1.7674,
1120,0.8384,1.7674,
1120,0.8384,1.7674,
1120,0.8383,1.7673,
1120,0.8384,1.7674,
1120,0.8384,1.7674,
1120,0.8383,1.7673,
1120,0.8384,1.7674,
1120,0.8384,1.7674,
1120,0.8384,1.7674,
1121,0.8384,1.7674,
1121,0.8384,1.7674,
1121,0.8384,1.7674,
1121,0.8384,1.7674,
1121,0.8385,1.7675,
1121,0.8385,1.7675,
1121,0.8385,1.7675,
1121,0.8384,1.7674,
1121,0.8384,1.7674,
1121,0.8384,1.7674,
1122,0.8384,1.7674,
1122,0.8384,1.7674,
1122,0.8384,1.7674,
1122,0.8383,1.7673,
1122,0.8384,1.7674,
1122,0.8384,1.7674,
1122,0.8384,1.7674,
1122,0.8385,1.7675,
1122,0.8384,1.7674,
1122,0.8383,1.7673,
1123,0.8384,1.7674,
1123,0.8385,1.7675,
1123,0.8384,1.7674,
1123,0.8384,1.7674,
1123,0.8384,1.7674,
1123,0.8385,1.7675,
1123,0.8385,1.7675,
1123,0.8384,1.7674,
1123,0.8384,1.7674,
1123,0.8385,1.7675,
1124,0.8385,1.7675,
1124,0.8384,1.7674,
1124,0.8384,1.7674,
1124,0.8385,1.7675,
1124,0.8385,1.7675,
1124,0.8384,1.7674,
1124,0.8385,1.7675,
1124,0.8385,1.7675,
1124,0.8385,1.7675,
1124,0.8385,1.7675,
1125,0.8384,1.7674,
1125,0.8385,1.7675,
1125,0.8385,1.7675,
1125,0.8386,1.7676,
1125,0.8386,1.7676,
1125,0.8385,1.7675,
1125,0.8385,1.7675,
1125,0.8386,1.7676,
1125,0.8386,1.7676,
1125,0.8386,1.7676,
1126,0.8386,1.7676,
1126,0.8386,1.7676,
1126,0.8386,1.7676,
1126,0.8386,1.7676,
1126,0.8386,1.7676,
1126,0.8386,1.7676,
1126,0.8384,1.7674,
1126,0.8384,1.7674,
1126,0.8385,1.7675,
1126,0.8386,1.7676,
1127,0.8385,1.7675,
1127,0.8385,1.7675,
1127,0.8384,1.7674,
1127,0.8384,1.7674,
1127,0.8385,1.7675,
1127,0.8385,1.7675,
1127,0.8385,1.7675,
1127,0.8385,1.7675,
1127,0.8386,1.7676,
1127,0.8386,1.7676,
1128,0.8385,1.7675,
1128,0.8385,1.7675,
1128,0.8385,1.7675,
1128,0.8385,1.7675,
1128,0.8384,1.7674,
1128,0.8385,1.7675,
1128,0.8386,1.7676,
1128,0.8386,1.7676,
1128,0.8385,1.7675,
1128,0.8385,1.7675,
1129,0.8385,1.7675,
1129,0.8385,1.7675,
1129,0.8386,1.7676,
1129,0.8386,1.7676,
1129,0.8385,1.7675,
1129,0.8386,1.7676,
1129,0.8386,1.7676,
1129,0.8386,1.7676,
1129,0.8387,1.7677,
1129,0.8386,1.7676,
1130,0.8387,1.7677,
1130,0.8386,1.7676,
1130,0.8386,1.7676,
1130,0.8387,1.7677,
1130,0.8386,1.7676,
1130,0.8386,1.7676,
1130,0.8386,1.7676,
1130,0.8387,1.7677,
1130,0.8387,1.7677,
1130,0.8387,1.7677,
1131,0.8387,1.7677,
1131,0.8386,1.7676,
1131,0.8386,1.7676,
1131,0.8386,1.7676,
1131,0.8387,1.7677,
1131,0.8387,1.7677,
1131,0.8386,1.7676,
1131,0.8387,1.7677,
1131,0.8387,1.7677,
1131,0.8386,1.7676,
1132,0.8386,1.7676,
1132,0.8387,1.7677,
1132,0.8387,1.7677,
1132,0.8386,1.7676,
1132,0.8386,1.7676,
1132,0.8386,1.7676,
1132,0.8387,1.7677,
1132,0.8387,1.7677,
1132,0.8386,1.7676,
1132,0.8387,1.7677,
1133,0.8386,1.7676,
1133,0.8387,1.7677,
1133,0.8386,1.7676,
1133,0.8387,1.7677,
1133,0.8387,1.7677,
1133,0.8387,1.7677,
1133,0.8388,1.7678,
1133,0.8388,1.7678,
1133,0.8387,1.7677,
1133,0.8386,1.7676,
1134,0.8387,1.7677,
1134,0.8388,1.7678,
1134,0.8389,1.7679,
1134,0.8387,1.7677,
1134,0.8386,1.7676,
1134,0.8387,1.7677,
1134,0.8387,1.7677,
1134,0.8387,1.7677,
1134,0.8388,1.7678,
1134,0.8388,1.7678,
1135,0.8388,1.7678,
1135,0.8388,1.7678,
1135,0.8388,1.7678,
1135,0.8388,1.7678,
1135,0.8387,1.7677,
1135,0.8387,1.7677,
1135,0.8387,1.7677,
1135,0.8387,1.7677,
1135,0.8387,1.7677,
1135,0.8388,1.7678,
1136,0.8387,1.7677,
1136,0.8387,1.7677,
1136,0.8387,1.7677,
1136,0.8388,1.7678,
1136,0.8388,1.7678,
1136,0.8387,1.7677,
1136,0.8387,1.7677,
1136,0.8388,1.7678,
1136,0.8388,1.7678,
1136,0.8388,1.7678,
1137,0.8388,1.7678,
1137,0.8389,1.7679,
1137,0.8389,1.7679,
1137,0.8389,1.7679,
1137,0.8387,1.7677,
1137,0.8388,1.7678,
1137,0.8388,1.7678,
1137,0.8387,1.7677,
1137,0.8388,1.7678,
1137,0.8388,1.7678,
1138,0.8387,1.7677,
1138,0.8387,1.7677,
1138,0.8387,1.7677,
1138,0.8387,1.7677,
1138,0.8387,1.7677,
1138,0.8388,1.7678,
1138,0.8387,1.7677,
1138,0.8387,1.7677,
1138,0.8388,1.7678,
1138,0.8389,1.7679,
1139,0.8388,1.7678,
1139,0.8388,1.7678,
1139,0.8389,1.7679,
1139,0.8389,1.7679,
1139,0.8389,1.7679,
1139,0.8389,1.7679,
1139,0.8389,1.7679,
1139,0.8389,1.7679,
1139,0.8388,1.7678,
1139,0.8389,1.7679,
1140,0.8389,1.7679,
1140,0.8389,1.7679,
1140,0.8389,1.7679,
1140,0.8389,1.7679,
1140,0.839,1.768,
1140,0.8388,1.7678,
1140,0.8389,1.7679,
1140,0.8389,1.7679,
1140,0.8389,1.7679,
1140,0.8389,1.7679,
1141,0.8389,1.7679,
1141,0.839,1.768,
1141,0.8389,1.7679,
1141,0.8387,1.7677,
1141,0.8388,1.7678,
1141,0.8389,1.7679,
1141,0.8389,1.7679,
1141,0.8389,1.7679,
1141,0.8389,1.7679,
1141,0.8388,1.7678,
1142,0.8388,1.7678,
1142,0.8388,1.7678,
1142,0.8389,1.7679,
1142,0.8388,1.7678,
1142,0.8389,1.7679,
1142,0.8389,1.7679,
1142,0.8389,1.7679,
1142,0.8389,1.7679,
1142,0.8389,1.7679,
1142,0.8389,1.7679,
1143,0.839,1.768,
1143,0.839,1.768,
1143,0.8389,1.7679,
1143,0.8389,1.7679,
1143,0.839,1.768,
1143,0.839,1.768,
1143,0.839,1.768,
1143,0.8389,1.7679,
1143,0.839,1.768,
1143,0.8389,1.7679,
1144,0.8389,1.7679,
1144,0.8389,1.7679,
1144,0.8389,1.7679,
1144,0.8389,1.7679,
1144,0.8389,1.7679,
1144,0.8388,1.7678,
1144,0.8389,1.7679,
1144,0.8389,1.7679,
1144,0.839,1.768,
1144,0.839,1.768,
1145,0.839,1.768,
1145,0.8389,1.7679,
1145,0.839,1.768,
1145,0.839,1.768,
1145,0.839,1.768,
1145,0.8391,1.7681,
1145,0.839,1.768,
1145,0.839,1.768,
1145,0.839,1.768,
1145,0.839,1.768,
1146,0.8391,1.7681,
1146,0.8389,1.7679,
1146,0.839,1.768,
1146,0.8389,1.7679,
1146,0.839,1.768,
1146,0.839,1.768,
1146,0.8391,1.7681,
1146,0.8391,1.7681,
1146,0.8391,1.7681,
1146,0.839,1.768,
1147,0.839,1.768,
1147,0.839,1.768,
1147,0.839,1.768,
1147,0.839,1.768,
1147,0.839,1.768,
1147,0.8391,1.7681,
1147,0.839,1.768,
1147,0.839,1.768,
1147,0.839,1.768,
1147,0.8391,1.7681,
1148,0.8391,1.7681,
1148,0.8391,1.7681,
1148,0.8391,1.7681,
1148,0.839,1.768,
1148,0.8391,1.7681,
1148,0.8391,1.7681,
1148,0.8391,1.7681,
1148,0.8392,1.7682,
1148,0.8391,1.7681,
1148,0.8391,1.7681,
1149,0.8391,1.7681,
1149,0.8391,1.7681,
1149,0.8391,1.7681,
1149,0.8391,1.7681,
1149,0.8391,1.7681,
1149,0.8391,1.7681,
1149,0.8391,1.7681,
1149,0.8391,1.7681,
1149,0.8391,1.7681,
1149,0.8391,1.7681,
1150,0.8391,1.7681,
1150,0.8391,1.7681,
1150,0.8391,1.7681,
1150,0.8393,1.7683,
1150,0.8392,1.7682,
1150,0.839,1.768,
1150,0.839,1.768,
1150,0.8391,1.7681,
1150,0.8392,1.7682,
1150,0.8391,1.7681,
1151,0.839,1.768,
1151,0.8391,1.7681,
1151,0.8391,1.7681,
1151,0.8391,1.7681,
1151,0.8391,1.7681,
1151,0.8391,1.7681,
1151,0.8391,1.7681,
1151,0.8392,1.7682,
1151,0.8392,1.7682,
1151,0.8391,1.7681,
1152,0.8391,1.7681,
1152,0.8391,1.7681,
1152,0.8392,1.7682,
1152,0.8392,1.7682,
1152,0.8392,1.7682,
1152,0.8392,1.7682,
1152,0.8392,1.7682,
1152,0.8392,1.7682,
1152,0.8392,1.7682,
1152,0.8391,1.7681,
1153,0.8391,1.7681,
1153,0.8392,1.7682,
1153,0.8392,1.7682,
1153,0.8391,1.7681,
1153,0.8391,1.7681,
1153,0.8391,1.7681,
1153,0.8391,1.7681,
1153,0.8392,1.7682,
1153,0.8391,1.7681,
1153,0.8391,1.7681,
1154,0.8392,1.7682,
1154,0.8392,1.7682,
1154,0.8392,1.7682,
1154,0.8392,1.7682,
1154,0.8392,1.7682,
1154,0.8391,1.7681,
1154,0.8391,1.7681,
1154,0.8391,1.7681,
1154,0.839,1.768,
1154,0.8391,1.7681,
1155,0.8391,1.7681,
1155,0.8391,1.7681,
1155,0.8392,1.7682,
1155,0.8391,1.7681,
1155,0.8392,1.7682,
1155,0.8392,1.7682,
1155,0.8391,1.7681,
1155,0.8392,1.7682,
1155,0.8392,1.7682,
1155,0.8391,1.7681,
1156,0.8392,1.7682,
1156,0.8393,1.7683,
1156,0.8392,1.7682,
1156,0.8393,1.7683,
1156,0.8392,1.7682,
1156,0.8392,1.7682,
1156,0.8393,1.7683,
1156,0.8392,1.7682,
1156,0.8392,1.7682,
1156,0.8391,1.7681,
1157,0.8391,1.7681,
1157,0.839,1.768,
1157,0.8391,1.7681,
1157,0.8391,1.7681,
1157,0.8392,1.7682,
1157,0.8392,1.7682,
1157,0.8392,1.7682,
1157,0.8392,1.7682,
1157,0.8391,1.7681,
1157,0.8391,1.7681,
1158,0.8392,1.7682,
1158,0.8392,1.7682,
1158,0.8391,1.7681,
1158,0.839,1.768,
1158,0.8391,1.7681,
1158,0.8391,1.7681,
1158,0.8391,1.7681,
1158,0.8392,1.7682,
1158,0.8391,1.7681,
1158,0.8392,1.7682,
1159,0.8391,1.7681,
1159,0.8393,1.7683,
1159,0.8392,1.7682,
1159,0.8392,1.7682,
1159,0.8391,1.7681,
1159,0.8391,1.7681,
1159,0.8391,1.7681,
1159,0.8391,1.7681,
1159,0.8391,1.7681,
1159,0.8391,1.7681,
1160,0.8392,1.7682,
1160,0.8392,1.7682,
1160,0.8392,1.7682,
1160,0.8391,1.7681,
1160,0.8392,1.7682,
1160,0.8392,1.7682,
1160,0.8393,1.7683,
1160,0.8392,1.7682,
1160,0.8392,1.7682,
1160,0.8392,1.7682,
1161,0.8393,1.7683,
1161,0.8393,1.7683,
1161,0.8392,1.7682,
1161,0.8392,1.7682,
1161,0.8392,1.7682,
1161,0.8392,1.7682,
1161,0.8392,1.7682,
1161,0.8393,1.7683,
1161,0.8393,1.7683,
1161,0.8393,1.7683,
1162,0.8392,1.7682,
1162,0.8392,1.7682,
1162,0.8393,1.7683,
1162,0.8393,1.7683,
1162,0.8393,1.7683,
1162,0.8392,1.7682,
1162,0.8392,1.7682,
1162,0.8393,1.7683,
1162,0.8392,1.7682,
1162,0.8393,1.7683,
1163,0.8392,1.7682,
1163,0.8392,1.7682,
1163,0.8392,1.7682,
1163,0.8392,1.7682,
1163,0.8392,1.7682,
1163,0.8392,1.7682,
1163,0.8393,1.7683,
1163,0.8392,1.7682,
1163,0.8393,1.7683,
1163,0.8393,1.7683,
1164,0.8393,1.7683,
1164,0.8393,1.7683,
1164,0.8394,1.7684,
1164,0.8394,1.7684,
1164,0.8393,1.7683,
1164,0.8394,1.7684,
1164,0.8393,1.7683,
1164,0.8393,1.7683,
1164,0.8393,1.7683,
1164,0.8393,1.7683,
1165,0.8393,1.7683,
1165,0.8393,1.7683,
1165,0.8393,1.7683,
1165,0.8393,1.7683,
1165,0.8393,1.7683,
1165,0.8393,1.7683,
1165,0.8393,1.7683,
1165,0.8393,1.7683,
1165,0.8393,1.7683,
1165,0.8392,1.7682,
1166,0.8392,1.7682,
1166,0.8392,1.7682,
1166,0.8393,1.7683,
1166,0.8393,1.7683,
1166,0.8393,1.7683,
1166,0.8394,1.7684,
1166,0.8393,1.7683,
1166,0.8393,1.7683,
1166,0.8394,1.7684,
1166,0.8393,1.7683,
1167,0.8392,1.7682,
1167,0.8392,1.7682,
1167,0.8393,1.7683,
1167,0.8393,1.7683,
1167,0.8394,1.7684,
1167,0.8394,1.7684,
1167,0.8393,1.7683,
1167,0.8394,1.7684,
1167,0.8394,1.7684,
1167,0.8393,1.7683,
1168,0.8394,1.7684,
1168,0.8394,1.7684,
1168,0.8394,1.7684,
1168,0.8394,1.7684,
1168,0.8394,1.7684,
1168,0.8394,1.7684,
1168,0.8394,1.7684,
1168,0.8394,1.7684,
1168,0.8395,1.7685,
1168,0.8394,1.7684,
1169,0.8394,1.7684,
1169,0.8394,1.7684,
1169,0.8395,1.7685,
1169,0.8395,1.7685,
1169,0.8394,1.7684,
1169,0.8394,1.7684,
1169,0.8393,1.7683,
1169,0.8393,1.7683,
1169,0.8393,1.7683,
1169,0.8393,1.7683,
1170,0.8393,1.7683,
1170,0.8393,1.7683,
1170,0.8394,1.7684,
1170,0.8394,1.7684,
1170,0.8394,1.7684,
1170,0.8394,1.7684,
1170,0.8394,1.7684,
1170,0.8394,1.7684,
1170,0.8395,1.7685,
1170,0.8395,1.7685,
1171,0.8394,1.7684,
1171,0.8395,1.7685,
1171,0.8394,1.7684,
1171,0.8394,1.7684,
1171,0.8394,1.7684,
1171,0.8394,1.7684,
1171,0.8394,1.7684,
1171,0.8394,1.7684,
1171,0.8395,1.7685,
1171,0.8395,1.7685,
1172,0.8394,1.7684,
1172,0.8394,1.7684,
1172,0.8394,1.7684,
1172,0.8394,1.7684,
1172,0.8395,1.7685,
1172,0.8395,1.7685,
1172,0.8393,1.7683,
1172,0.8393,1.7683,
1172,0.8394,1.7684,
1172,0.8393,1.7683,
1173,0.8394,1.7684,
1173,0.8394,1.7684,
1173,0.8394,1.7684,
1173,0.8394,1.7684,
1173,0.8394,1.7684,
1173,0.8394,1.7684,
1173,0.8394,1.7684,
1173,0.8395,1.7685,
1173,0.8395,1.7685,
1173,0.8395,1.7685,
1174,0.8394,1.7684,
1174,0.8395,1.7685,
1174,0.8394,1.7684,
1174,0.8395,1.7685,
1174,0.8395,1.7685,
1174,0.8395,1.7685,
1174,0.8394,1.7684,
1174,0.8395,1.7685,
1174,0.8395,1.7685,
1174,0.8394,1.7684,
1175,0.8394,1.7684,
1175,0.8395,1.7685,
1175,0.8395,1.7685,
1175,0.8395,1.7685,
1175,0.8396,1.7686,
1175,0.8396,1.7686,
1175,0.8395,1.7685,
1175,0.8395,1.7685,
1175,0.8394,1.7684,
1175,0.8394,1.7684,
1176,0.8394,1.7684,
1176,0.8395,1.7685,
1176,0.8395,1.7685,
1176,0.8395,1.7685,
1176,0.8395,1.7685,
1176,0.8395,1.7685,
1176,0.8395,1.7685,
1176,0.8395,1.7685,
1176,0.8395,1.7685,
1176,0.8395,1.7685,
1177,0.8395,1.7685,
1177,0.8395,1.7685,
1177,0.8395,1.7685,
1177,0.8395,1.7685,
1177,0.8395,1.7685,
1177,0.8395,1.7685,
1177,0.8396,1.7686,
1177,0.8396,1.7686,
1177,0.8396,1.7686,
1177,0.8395,1.7685,
1178,0.8395,1.7685,
1178,0.8395,1.7685,
1178,0.8396,1.7686,
1178,0.8395,1.7685,
1178,0.8395,1.7685,
1178,0.8396,1.7686,
1178,0.8396,1.7686,
1178,0.8396,1.7686,
1178,0.8396,1.7686,
1178,0.8396,1.7686,
1179,0.8395,1.7685,
1179,0.8394,1.7684,
1179,0.8394,1.7684,
1179,0.8395,1.7685,
1179,0.8395,1.7685,
1179,0.8395,1.7685,
1179,0.8395,1.7685,
1179,0.8395,1.7685,
1179,0.8395,1.7685,
1179,0.8395,1.7685,
1180,0.8395,1.7685,
1180,0.8396,1.7686,
1180,0.8396,1.7686,
1180,0.8396,1.7686,
1180,0.8396,1.7686,
1180,0.8396,1.7686,
1180,0.8396,1.7686,
1180,0.8395,1.7685,
1180,0.8394,1.7684,
1180,0.8395,1.7685,
1181,0.8397,1.7687,
1181,0.8397,1.7687,
1181,0.8397,1.7687,
1181,0.8397,1.7687,
1181,0.8396,1.7686,
1181,0.8395,1.7685,
1181,0.8395,1.7685,
1181,0.8396,1.7686,
1181,0.8396,1.7686,
1181,0.8396,1.7686,
1182,0.8396,1.7686,
1182,0.8397,1.7687,
1182,0.8397,1.7687,
1182,0.8398,1.7688,
1182,0.8398,1.7688,
1182,0.8398,1.7688,
1182,0.8396,1.7686,
1182,0.8396,1.7686,
1182,0.8397,1.7687,
1182,0.8397,1.7687,
1183,0.8396,1.7686,
1183,0.8397,1.7687,
1183,0.8397,1.7687,
1183,0.8397,1.7687,
1183,0.8397,1.7687,
1183,0.8396,1.7686,
1183,0.8396,1.7686,
1183,0.8396,1.7686,
1183,0.8397,1.7687,
1183,0.8397,1.7687,
1184,0.8397,1.7687,
1184,0.8397,1.7687,
1184,0.8397,1.7687,
1184,0.8397,1.7687,
1184,0.8398,1.7688,
1184,0.8397,1.7687,
1184,0.8397,1.7687,
1184,0.8397,1.7687,
1184,0.8396,1.7686,
1184,0.8396,1.7686,
1185,0.8396,1.7686,
1185,0.8397,1.7687,
1185,0.8397,1.7687,
1185,0.8397,1.7687,
1185,0.8397,1.7687,
1185,0.8397,1.7687,
1185,0.8397,1.7687,
1185,0.8397,1.7687,
1185,0.8397,1.7687,
1185,0.8396,1.7686,
1186,0.8396,1.7686,
1186,0.8397,1.7687,
1186,0.8397,1.7687,
1186,0.8397,1.7687,
1186,0.8397,1.7687,
1186,0.8397,1.7687,
1186,0.8396,1.7686,
1186,0.8396,1.7686,
1186,0.8397,1.7687,
1186,0.8397,1.7687,
1187,0.8397,1.7687,
1187,0.8397,1.7687,
1187,0.8397,1.7687,
1187,0.8397,1.7687,
1187,0.8397,1.7687,
1187,0.8396,1.7686,
1187,0.8397,1.7687,
1187,0.8398,1.7688,
1187,0.8397,1.7687,
1187,0.8397,1.7687,
1188,0.8397,1.7687,
1188,0.8397,1.7687,
1188,0.8398,1.7688,
1188,0.8397,1.7687,
1188,0.8397,1.7687,
1188,0.8397,1.7687,
1188,0.8397,1.7687,
1188,0.8397,1.7687,
1188,0.8397,1.7687,
1188,0.8397,1.7687,
1189,0.8398,1.7688,
1189,0.8398,1.7688,
1189,0.8398,1.7688,
1189,0.8398,1.7688,
1189,0.8398,1.7688,
1189,0.8398,1.7688,
1189,0.8398,1.7688,
1189,0.8398,1.7688,
1189,0.8398,1.7688,
1189,0.8398,1.7688,
1190,0.8398,1.7688,
1190,0.8399,1.7689,
1190,0.8399,1.7689,
1190,0.8399,1.7689,
1190,0.8398,1.7688,
1190,0.8397,1.7687,
1190,0.8398,1.7688,
1190,0.8398,1.7688,
1190,0.8397,1.7687,
1190,0.8397,1.7687,
1191,0.8397,1.7687,
1191,0.8397,1.7687,
1191,0.8397,1.7687,
1191,0.8397,1.7687,
1191,0.8398,1.7688,
1191,0.8398,1.7688,
1191,0.8398,1.7688,
1191,0.8398,1.7688,
1191,0.8398,1.7688,
1191,0.8398,1.7688,
1192,0.8398,1.7688,
1192,0.8397,1.7687,
1192,0.8398,1.7688,
1192,0.8398,1.7688,
1192,0.8398,1.7688,
1192,0.8398,1.7688,
1192,0.8398,1.7688,
1192,0.8398,1.7688,
1192,0.8398,1.7688,
1192,0.8397,1.7687,
1193,0.8397,1.7687,
1193,0.8397,1.7687,
1193,0.8397,1.7687,
1193,0.8397,1.7687,
1193,0.8397,1.7687,
1193,0.8398,1.7688,
1193,0.8398,1.7688,
1193,0.8398,1.7688,
1193,0.8398,1.7688,
1193,0.8398,1.7688,
1194,0.8398,1.7688,
1194,0.8398,1.7688,
1194,0.8398,1.7688,
1194,0.8399,1.7689,
1194,0.8399,1.7689,
1194,0.8398,1.7688,
1194,0.8398,1.7688,
1194,0.8399,1.7689,
1194,0.8399,1.7689,
1194,0.8399,1.7689,
1195,0.8399,1.7689,
1195,0.8398,1.7688,
1195,0.8399,1.7689,
1195,0.8399,1.7689,
1195,0.8399,1.7689,
1195,0.8399,1.7689,
1195,0.84,1.769,
1195,0.84,1.769,
1195,0.8399,1.7689,
1195,0.8398,1.7688,
1196,0.8398,1.7688,
1196,0.8398,1.7688,
1196,0.8398,1.7688,
1196,0.8399,1.7689,
1196,0.8399,1.7689,
1196,0.8399,1.7689,
1196,0.8399,1.7689,
1196,0.8399,1.7689,
1196,0.8399,1.7689,
1196,0.8399,1.7689,
1197,0.8399,1.7689,
1197,0.84,1.769,
1197,0.8399,1.7689,
1197,0.8399,1.7689,
1197,0.8399,1.7689,
1197,0.8399,1.7689,
1197,0.8399,1.7689,
1197,0.84,1.769,
1197,0.8399,1.7689,
1197,0.8399,1.7689,
1198,0.8399,1.7689,
1198,0.8399,1.7689,
1198,0.84,1.769,
1198,0.8399,1.7689,
1198,0.84,1.769,
1198,0.84,1.769,
1198,0.8399,1.7689,
1198,0.84,1.769,
1198,0.84,1.769,
1198,0.8399,1.7689,
1199,0.8398,1.7688,
1199,0.8398,1.7688,
1199,0.8399,1.7689,
1199,0.8399,1.7689,
1199,0.8398,1.7688,
1199,0.8399,1.7689,
1199,0.8399,1.7689,
1199,0.84,1.769,
1199,0.84,1.769,
1199,0.8399,1.7689,
1200,0.8399,1.7689,
1200,0.8399,1.7689,
1200,0.84,1.769,
1200,0.84,1.769,
1200,0.84,1.769,
1200,0.8401,1.7691,
1200,0.8401,1.7691,
1200,0.84,1.769,
1200,0.84,1.769,
1200,0.8401,1.7691,
1201,0.84,1.769,
1201,0.8399,1.7689,
1201,0.8399,1.7689,
1201,0.84,1.769,
1201,0.84,1.769,
1201,0.84,1.769,
1201,0.84,1.769,
1201,0.84,1.769,
1201,0.84,1.769,
1201,0.84,1.769,
1202,0.84,1.769,
1202,0.8401,1.7691,
1202,0.8402,1.7692,
1202,0.8401,1.7691,
1202,0.84,1.769,
1202,0.8401,1.7691,
1202,0.8401,1.7691,
1202,0.84,1.769,
1202,0.84,1.769,
1202,0.8399,1.7689,
1203,0.84,1.769,
1203,0.84,1.769,
1203,0.84,1.769,
1203,0.84,1.769,
1203,0.84,1.769,
1203,0.8399,1.7689,
1203,0.84,1.769,
1203,0.8401,1.7691,
1203,0.84,1.769,
1203,0.84,1.769,
1204,0.84,1.769,
1204,0.84,1.769,
1204,0.84,1.769,
1204,0.84,1.769,
1204,0.8399,1.7689,
1204,0.8401,1.7691,
1204,0.8401,1.7691,
1204,0.8401,1.7691,
1204,0.84,1.769,
1204,0.84,1.769,
1205,0.84,1.769,
1205,0.8401,1.7691,
1205,0.84,1.769,
1205,0.8401,1.7691,
1205,0.8401,1.7691,
1205,0.8401,1.7691,
1205,0.8401,1.7691,
1205,0.84,1.769,
1205,0.8401,1.7691,
1205,0.8401,1.7691,
1206,0.8402,1.7692,
1206,0.8401,1.7691,
1206,0.8401,1.7691,
1206,0.84,1.769,
1206,0.84,1.769,
1206,0.84,1.769,
1206,0.8401,1.7691,
1206,0.84,1.769,
1206,0.8401,1.7691,
1206,0.84,1.769,
1207,0.8399,1.7689,
1207,0.8399,1.7689,
1207,0.84,1.769,
1207,0.8399,1.7689,
1207,0.8399,1.7689,
1207,0.8399,1.7689,
1207,0.84,1.769,
1207,0.8401,1.7691,
1207,0.84,1.769,
1207,0.8399,1.7689,
1208,0.8399,1.7689,
1208,0.84,1.769,
1208,0.84,1.769,
1208,0.84,1.769,
1208,0.84,1.769,
1208,0.84,1.769,
1208,0.84,1.769,
1208,0.8399,1.7689,
1208,0.8399,1.7689,
1208,0.84,1.769,
1209,0.8399,1.7689,
1209,0.8399,1.7689,
1209,0.8399,1.7689,
1209,0.84,1.769,
1209,0.8401,1.7691,
1209,0.8401,1.7691,
1209,0.84,1.769,
1209,0.84,1.769,
1209,0.8401,1.7691,
1209,0.8401,1.7691,
1210,0.84,1.769,
1210,0.84,1.769,
1210,0.84,1.769,
1210,0.8399,1.7689,
1210,0.8398,1.7688,
1210,0.8399,1.7689,
1210,0.8399,1.7689,
1210,0.8399,1.7689,
1210,0.8399,1.7689,
1210,0.8399,1.7689,
1211,0.8399,1.7689,
1211,0.8399,1.7689,
1211,0.8399,1.7689,
1211,0.8399,1.7689,
1211,0.8399,1.7689,
1211,0.84,1.769,
1211,0.84,1.769,
1211,0.8399,1.7689,
1211,0.8399,1.7689,
1211,0.8399,1.7689,
1212,0.8399,1.7689,
1212,0.84,1.769,
1212,0.84,1.769,
1212,0.84,1.769,
1212,0.84,1.769,
1212,0.84,1.769,
1212,0.84,1.769,
1212,0.8401,1.7691,
1212,0.8401,1.7691,
1212,0.8401,1.7691,
1213,0.8401,1.7691,
1213,0.84,1.769,
1213,0.84,1.769,
1213,0.8401,1.7691,
1213,0.8401,1.7691,
1213,0.84,1.769,
1213,0.8399,1.7689,
1213,0.84,1.769,
1213,0.8399,1.7689,
1213,0.84,1.769,
1214,0.84,1.769,
1214,0.8399,1.7689,
1214,0.8399,1.7689,
1214,0.8399,1.7689,
1214,0.84,1.769,
1214,0.8399,1.7689,
1214,0.84,1.769,
1214,0.84,1.769,
1214,0.84,1.769,
1214,0.84,1.769,
1215,0.84,1.769,
1215,0.84,1.769,
1215,0.8401,1.7691,
1215,0.8401,1.7691,
1215,0.84,1.769,
1215,0.84,1.769,
1215,0.84,1.769,
1215,0.8401,1.7691,
1215,0.84,1.769,
1215,0.84,1.769,
1216,0.84,1.769,
1216,0.8401,1.7691,
1216,0.8401,1.7691,
1216,0.84,1.769,
1216,0.8401,1.7691,
1216,0.8399,1.7689,
1216,0.8399,1.7689,
1216,0.8399,1.7689,
1216,0.8399,1.7689,
1216,0.8399,1.7689,
1217,0.8399,1.7689,
1217,0.84,1.769,
1217,0.84,1.769,
1217,0.84,1.769,
1217,0.84,1.769,
1217,0.84,1.769,
1217,0.84,1.769,
1217,0.8402,1.7692,
1217,0.8401,1.7691,
1217,0.84,1.769,
1218,0.8401,1.7691,
1218,0.8401,1.7691,
1218,0.8401,1.7691,
1218,0.8401,1.7691,
1218,0.8401,1.7691,
1218,0.8401,1.7691,
1218,0.8401,1.7691,
1218,0.8401,1.7691,
1218,0.8402,1.7692,
1218,0.84,1.769,
1219,0.8401,1.7691,
1219,0.8401,1.7691,
1219,0.8402,1.7692,
1219,0.8402,1.7692,
1219,0.8402,1.7692,
1219,0.8402,1.7692,
1219,0.8401,1.7691,
1219,0.8402,1.7692,
1219,0.8402,1.7692,
1219,0.8402,1.7692,
1220,0.8402,1.7692,
1220,0.8402,1.7692,
1220,0.8401,1.7691,
1220,0.8402,1.7692,
1220,0.8403,1.7693,
1220,0.8402,1.7692,
1220,0.8403,1.7693,
1220,0.8402,1.7692,
1220,0.8402,1.7692,
1220,0.8402,1.7692,
1221,0.8402,1.7692,
1221,0.8402,1.7692,
1221,0.8402,1.7692,
1221,0.8402,1.7692,
1221,0.8402,1.7692,
1221,0.8402,1.7692,
1221,0.8401,1.7691,
1221,0.8401,1.7691,
1221,0.8401,1.7691,
1221,0.84,1.769,
1222,0.84,1.769,
1222,0.84,1.769,
1222,0.8401,1.7691,
1222,0.8401,1.7691,
1222,0.8402,1.7692,
1222,0.8401,1.7691,
1222,0.8401,1.7691,
1222,0.8401,1.7691,
1222,0.8401,1.7691,
1222,0.8402,1.7692,
1223,0.8402,1.7692,
1223,0.8403,1.7693,
1223,0.8402,1.7692,
1223,0.8401,1.7691,
1223,0.8401,1.7691,
1223,0.8402,1.7692,
1223,0.8403,1.7693,
1223,0.8403,1.7693,
1223,0.8402,1.7692,
1223,0.8402,1.7692,
1224,0.8402,1.7692,
1224,0.8402,1.7692,
1224,0.8402,1.7692,
1224,0.8401,1.7691,
1224,0.8402,1.7692,
1224,0.8402,1.7692,
1224,0.8402,1.7692,
1224,0.8402,1.7692,
1224,0.8402,1.7692,
1224,0.8402,1.7692,
1225,0.8401,1.7691,
1225,0.84,1.769,
1225,0.8399,1.7689,
1225,0.84,1.769,
1225,0.8401,1.7691,
1225,0.8401,1.7691,
1225,0.8401,1.7691,
1225,0.8401,1.7691,
1225,0.8399,1.7689,
1225,0.8399,1.7689,
1226,0.8399,1.7689,
1226,0.84,1.769,
1226,0.8401,1.7691,
1226,0.84,1.769,
1226,0.84,1.769,
1226,0.8399,1.7689,
1226,0.8401,1.7691,
1226,0.8401,1.7691,
1226,0.8401,1.7691,
1226,0.8402,1.7692,
1227,0.8401,1.7691,
1227,0.8401,1.7691,
1227,0.8402,1.7692,
1227,0.8402,1.7692,
1227,0.8401,1.7691,
1227,0.8401,1.7691,
1227,0.8401,1.7691,
1227,0.8401,1.7691,
1227,0.8401,1.7691,
1227,0.8401,1.7691,
1228,0.8402,1.7692,
1228,0.8402,1.7692,
1228,0.84,1.769,
1228,0.84,1.769,
1228,0.84,1.769,
1228,0.8401,1.7691,
1228,0.84,1.769,
1228,0.8401,1.7691,
1228,0.8401,1.7691,
1228,0.8401,1.7691,
1229,0.8401,1.7691,
1229,0.84,1.769,
1229,0.8401,1.7691,
1229,0.8401,1.7691,
1229,0.8402,1.7692,
1229,0.8402,1.7692,
1229,0.8402,1.7692,
1229,0.8402,1.7692,
1229,0.8402,1.7692,
1229,0.8402,1.7692,
1230,0.8402,1.7692,
1230,0.8403,1.7693,
1230,0.8401,1.7691,
1230,0.8401,1.7691,
1230,0.8401,1.7691,
1230,0.8401,1.7691,
1230,0.84,1.769,
1230,0.8401,1.7691,
1230,0.8401,1.7691,
1230,0.84,1.769,
1231,0.84,1.769,
1231,0.84,1.769,
1231,0.8401,1.7691,
1231,0.8401,1.7691,
1231,0.8401,1.7691,
1231,0.8401,1.7691,
1231,0.8402,1.7692,
1231,0.8402,1.7692,
1231,0.8402,1.7692,
1231,0.8403,1.7693,
1232,0.8402,1.7692,
1232,0.8401,1.7691,
1232,0.8401,1.7691,
1232,0.8401,1.7691,
1232,0.8402,1.7692,
1232,0.8403,1.7693,
1232,0.8401,1.7691,
1232,0.84,1.769,
1232,0.8401,1.7691,
1232,0.84,1.769,
1233,0.84,1.769,
1233,0.8402,1.7692,
1233,0.8401,1.7691,
1233,0.8401,1.7691,
1233,0.8402,1.7692,
1233,0.8403,1.7693,
1233,0.8402,1.7692,
1233,0.8402,1.7692,
1233,0.8402,1.7692,
1233,0.8403,1.7693,
1234,0.8402,1.7692,
1234,0.8401,1.7691,
1234,0.8401,1.7691,
1234,0.8401,1.7691,
1234,0.8402,1.7692,
1234,0.8402,1.7692,
1234,0.8402,1.7692,
1234,0.8402,1.7692,
1234,0.8403,1.7693,
1234,0.8403,1.7693,
1235,0.8402,1.7692,
1235,0.8402,1.7692,
1235,0.8401,1.7691,
1235,0.8402,1.7692,
1235,0.8401,1.7691,
1235,0.8401,1.7691,
1235,0.8402,1.7692,
1235,0.8402,1.7692,
1235,0.8402,1.7692,
1235,0.8402,1.7692,
1236,0.8402,1.7692,
1236,0.8401,1.7691,
1236,0.8401,1.7691,
1236,0.8402,1.7692,
1236,0.8402,1.7692,
1236,0.8402,1.7692,
1236,0.8401,1.7691,
1236,0.8402,1.7692,
1236,0.8404,1.7694,
1236,0.8403,1.7693,
1237,0.8403,1.7693,
1237,0.8402,1.7692,
1237,0.8401,1.7691,
1237,0.8402,1.7692,
1237,0.8403,1.7693,
1237,0.8402,1.7692,
1237,0.8402,1.7692,
1237,0.8402,1.7692,
1237,0.8402,1.7692,
1237,0.8401,1.7691,
1238,0.8401,1.7691,
1238,0.8401,1.7691,
1238,0.84,1.769,
1238,0.8401,1.7691,
1238,0.8401,1.7691,
1238,0.8401,1.7691,
1238,0.8401,1.7691,
1238,0.8401,1.7691,
1238,0.8403,1.7693,
1238,0.8402,1.7692,
1239,0.8403,1.7693,
1239,0.8403,1.7693,
1239,0.8403,1.7693,
1239,0.8402,1.7692,
1239,0.8403,1.7693,
1239,0.8403,1.7693,
1239,0.8402,1.7692,
1239,0.8401,1.7691,
1239,0.8401,1.7691,
1239,0.8402,1.7692,
1240,0.8401,1.7691,
1240,0.8402,1.7692,
1240,0.8402,1.7692,
1240,0.8402,1.7692,
1240,0.8403,1.7693,
1240,0.8402,1.7692,
1240,0.8403,1.7693,
1240,0.8403,1.7693,
1240,0.8402,1.7692,
1240,0.8402,1.7692,
1241,0.8402,1.7692,
1241,0.8402,1.7692,
1241,0.8402,1.7692,
1241,0.8402,1.7692,
1241,0.8403,1.7693,
1241,0.8403,1.7693,
1241,0.8403,1.7693,
1241,0.8403,1.7693,
1241,0.8402,1.7692,
1241,0.8403,1.7693,
1242,0.8402,1.7692,
1242,0.8402,1.7692,
1242,0.8403,1.7693,
1242,0.8403,1.7693,
1242,0.8404,1.7694,
1242,0.8403,1.7693,
1242,0.8403,1.7693,
1242,0.8402,1.7692,
1242,0.8403,1.7693,
1242,0.8403,1.7693,
1243,0.8402,1.7692,
1243,0.8403,1.7693,
1243,0.8403,1.7693,
1243,0.8402,1.7692,
1243,0.8401,1.7691,
1243,0.8401,1.7691,
1243,0.8401,1.7691,
1243,0.8402,1.7692,
1243,0.8403,1.7693,
1243,0.8403,1.7693,
1244,0.8403,1.7693,
1244,0.8404,1.7694,
1244,0.8404,1.7694,
1244,0.8404,1.7694,
1244,0.8404,1.7694,
1244,0.8404,1.7694,
1244,0.8404,1.7694,
1244,0.8404,1.7694,
1244,0.8403,1.7693,
1244,0.8403,1.7693,
1245,0.8403,1.7693,
1245,0.8403,1.7693,
1245,0.8403,1.7693,
1245,0.8403,1.7693,
1245,0.8402,1.7692,
1245,0.8402,1.7692,
1245,0.8403,1.7693,
1245,0.8403,1.7693,
1245,0.8403,1.7693,
1245,0.8403,1.7693,
1246,0.8403,1.7693,
1246,0.8404,1.7694,
1246,0.8405,1.7695,
1246,0.8404,1.7694,
1246,0.8404,1.7694,
1246,0.8403,1.7693,
1246,0.8403,1.7693,
1246,0.8402,1.7692,
1246,0.8402,1.7692,
1246,0.8402,1.7692,
1247,0.8403,1.7693,
1247,0.8403,1.7693,
1247,0.8403,1.7693,
1247,0.8404,1.7694,
1247,0.8404,1.7694,
1247,0.8404,1.7694,
1247,0.8405,1.7695,
1247,0.8405,1.7695,
1247,0.8404,1.7694,
1247,0.8406,1.7696,
1248,0.8405,1.7695,
1248,0.8404,1.7694,
1248,0.8404,1.7694,
1248,0.8403,1.7693,
1248,0.8402,1.7692,
1248,0.8404,1.7694,
1248,0.8403,1.7693,
1248,0.8403,1.7693,
1248,0.8404,1.7694,
1248,0.8405,1.7695,
1249,0.8405,1.7695,
1249,0.8405,1.7695,
1249,0.8405,1.7695,
1249,0.8404,1.7694,
1249,0.8405,1.7695,
1249,0.8403,1.7693,
1249,0.8403,1.7693,
1249,0.8404,1.7694,
1249,0.8404,1.7694,
1249,0.8404,1.7694,
1250,0.8404,1.7694,
1250,0.8403,1.7693,
1250,0.8404,1.7694,
1250,0.8403,1.7693,
1250,0.8403,1.7693,
1250,0.8403,1.7693,
1250,0.8403,1.7693,
1250,0.8404,1.7694,
1250,0.8403,1.7693,
1250,0.8404,1.7694,
1251,0.8405,1.7695,
1251,0.8404,1.7694,
1251,0.8405,1.7695,
1251,0.8404,1.7694,
1251,0.8404,1.7694,
1251,0.8404,1.7694,
1251,0.8404,1.7694,
1251,0.8406,1.7696,
1251,0.8406,1.7696,
1251,0.8405,1.7695,
1252,0.8406,1.7696,
1252,0.8406,1.7696,
1252,0.8405,1.7695,
1252,0.8405,1.7695,
1252,0.8405,1.7695,
1252,0.8404,1.7694,
1252,0.8404,1.7694,
1252,0.8404,1.7694,
1252,0.8405,1.7695,
1252,0.8404,1.7694,
1253,0.8404,1.7694,
1253,0.8405,1.7695,
1253,0.8404,1.7694,
1253,0.8405,1.7695,
1253,0.8405,1.7695,
1253,0.8404,1.7694,
1253,0.8404,1.7694,
1253,0.8404,1.7694,
1253,0.8404,1.7694,
1253,0.8404,1.7694,
1254,0.8405,1.7695,
1254,0.8405,1.7695,
1254,0.8405,1.7695,
1254,0.8404,1.7694,
1254,0.8405,1.7695,
1254,0.8405,1.7695,
1254,0.8405,1.7695,
1254,0.8405,1.7695,
1254,0.8405,1.7695,
1254,0.8406,1.7696,
1255,0.8405,1.7695,
1255,0.8406,1.7696,
1255,0.8405,1.7695,
1255,0.8405,1.7695,
1255,0.8405,1.7695,
1255,0.8405,1.7695,
1255,0.8403,1.7693,
1255,0.8404,1.7694,
1255,0.8404,1.7694,
1255,0.8404,1.7694,
1256,0.8404,1.7694,
1256,0.8404,1.7694,
1256,0.8405,1.7695,
1256,0.8405,1.7695,
1256,0.8405,1.7695,
1256,0.8404,1.7694,
1256,0.8405,1.7695,
1256,0.8404,1.7694,
1256,0.8404,1.7694,
1256,0.8405,1.7695,
1257,0.8405,1.7695,
1257,0.8405,1.7695,
1257,0.8406,1.7696,
1257,0.8406,1.7696,
1257,0.8406,1.7696,
1257,0.8405,1.7695,
1257,0.8404,1.7694,
1257,0.8404,1.7694,
1257,0.8404,1.7694,
1257,0.8405,1.7695,
1258,0.8404,1.7694,
1258,0.8405,1.7695,
1258,0.8405,1.7695,
1258,0.8406,1.7696,
1258,0.8405,1.7695,
1258,0.8405,1.7695,
1258,0.8405,1.7695,
1258,0.8406,1.7696,
1258,0.8405,1.7695,
1258,0.8406,1.7696,
1259,0.8406,1.7696,
1259,0.8406,1.7696,
1259,0.8406,1.7696,
1259,0.8406,1.7696,
1259,0.8405,1.7695,
1259,0.8405,1.7695,
1259,0.8406,1.7696,
1259,0.8406,1.7696,
1259,0.8405,1.7695,
1259,0.8404,1.7694,
1260,0.8406,1.7696,
1260,0.8405,1.7695,
1260,0.8406,1.7696,
1260,0.8405,1.7695,
1260,0.8404,1.7694,
1260,0.8405,1.7695,
1260,0.8406,1.7696,
1260,0.8406,1.7696,
1260,0.8407,1.7697,
1260,0.8406,1.7696,
1261,0.8406,1.7696,
1261,0.8406,1.7696,
1261,0.8407,1.7697,
1261,0.8406,1.7696,
1261,0.8406,1.7696,
1261,0.8406,1.7696,
1261,0.8406,1.7696,
1261,0.8406,1.7696,
1261,0.8407,1.7697,
1261,0.8407,1.7697,
1262,0.8407,1.7697,
1262,0.8407,1.7697,
1262,0.8406,1.7696,
1262,0.8406,1.7696,
1262,0.8405,1.7695,
1262,0.8406,1.7696,
1262,0.8406,1.7696,
1262,0.8406,1.7696,
1262,0.8407,1.7697,
1262,0.8406,1.7696,
1263,0.8406,1.7696,
1263,0.8407,1.7697,
1263,0.8407,1.7697,
1263,0.8406,1.7696,
1263,0.8405,1.7695,
1263,0.8404,1.7694,
1263,0.8405,1.7695,
1263,0.8406,1.7696,
1263,0.8407,1.7697,
1263,0.8407,1.7697,
1264,0.8406,1.7696,
1264,0.8406,1.7696,
1264,0.8407,1.7697,
1264,0.8407,1.7697,
1264,0.8407,1.7697,
1264,0.8406,1.7696,
1264,0.8406,1.7696,
1264,0.8406,1.7696,
1264,0.8406,1.7696,
1264,0.8406,1.7696,
1265,0.8406,1.7696,
1265,0.8407,1.7697,
1265,0.8407,1.7697,
1265,0.8406,1.7696,
1265,0.8406,1.7696,
1265,0.8405,1.7695,
1265,0.8405,1.7695,
1265,0.8404,1.7694,
1265,0.8405,1.7695,
1265,0.8405,1.7695,
1266,0.8405,1.7695,
1266,0.8405,1.7695,
1266,0.8406,1.7696,
1266,0.8405,1.7695,
1266,0.8406,1.7696,
1266,0.8406,1.7696,
1266,0.8406,1.7696,
1266,0.8406,1.7696,
1266,0.8407,1.7697,
1266,0.8407,1.7697,
1267,0.8407,1.7697,
1267,0.8407,1.7697,
1267,0.8406,1.7696,
1267,0.8406,1.7696,
1267,0.8406,1.7696,
1267,0.8407,1.7697,
1267,0.8407,1.7697,
1267,0.8407,1.7697,
1267,0.8407,1.7697,
1267,0.8408,1.7698,
1268,0.8407,1.7697,
1268,0.8407,1.7697,
1268,0.8408,1.7698,
1268,0.8407,1.7697,
1268,0.8405,1.7695,
1268,0.8406,1.7696,
1268,0.8406,1.7696,
1268,0.8407,1.7697,
1268,0.8407,1.7697,
1268,0.8408,1.7698,
1269,0.8408,1.7698,
1269,0.8408,1.7698,
1269,0.8408,1.7698,
1269,0.8407,1.7697,
1269,0.8407,1.7697,
1269,0.8408,1.7698,
1269,0.8408,1.7698,
1269,0.8407,1.7697,
1269,0.8408,1.7698,
1269,0.8409,1.7699,
1270,0.8409,1.7699,
1270,0.8409,1.7699,
1270,0.8408,1.7698,
1270,0.8407,1.7697,
1270,0.8406,1.7696,
1270,0.8407,1.7697,
1270,0.8408,1.7698,
1270,0.8407,1.7697,
1270,0.8407,1.7697,
1270,0.8408,1.7698,
1271,0.8407,1.7697,
1271,0.8407,1.7697,
1271,0.8407,1.7697,
1271,0.8406,1.7696,
1271,0.8406,1.7696,
1271,0.8406,1.7696,
1271,0.8406,1.7696,
1271,0.8407,1.7697,
1271,0.8407,1.7697,
1271,0.8406,1.7696,
1272,0.8407,1.7697,
1272,0.8407,1.7697,
1272,0.8407,1.7697,
1272,0.8407,1.7697,
1272,0.8408,1.7698,
1272,0.8408,1.7698,
1272,0.8407,1.7697,
1272,0.8408,1.7698,
1272,0.8407,1.7697,
1272,0.8406,1.7696,
1273,0.8406,1.7696,
1273,0.8406,1.7696,
1273,0.8407,1.7697,
1273,0.8406,1.7696,
1273,0.8407,1.7697,
1273,0.8408,1.7698,
1273,0.8407,1.7697,
1273,0.8408,1.7698,
1273,0.8407,1.7697,
1273,0.8407,1.7697,
1274,0.8407,1.7697,
1274,0.8406,1.7696,
1274,0.8407,1.7697,
1274,0.8407,1.7697,
1274,0.8407,1.7697,
1274,0.8408,1.7698,
1274,0.8408,1.7698,
1274,0.8407,1.7697,
1274,0.8408,1.7698,
1274,0.8408,1.7698,
1275,0.8409,1.7699,
1275,0.8409,1.7699,
1275,0.8408,1.7698,
1275,0.8408,1.7698,
1275,0.8408,1.7698,
1275,0.8408,1.7698,
1275,0.8408,1.7698,
1275,0.8407,1.7697,
1275,0.8407,1.7697,
1275,0.8407,1.7697,
1276,0.8407,1.7697,
1276,0.8408,1.7698,
1276,0.8409,1.7699,
1276,0.8409,1.7699,
1276,0.8408,1.7698,
1276,0.8407,1.7697,
1276,0.8407,1.7697,
1276,0.8408,1.7698,
1276,0.8408,1.7698,
1276,0.8407,1.7697,
1277,0.8408,1.7698,
1277,0.8409,1.7699,
1277,0.8408,1.7698,
1277,0.8407,1.7697,
1277,0.8408,1.7698,
1277,0.8408,1.7698,
1277,0.8408,1.7698,
1277,0.8407,1.7697,
1277,0.8409,1.7699,
1277,0.8408,1.7698,
1278,0.8408,1.7698,
1278,0.8408,1.7698,
1278,0.8408,1.7698,
1278,0.8407,1.7697,
1278,0.8406,1.7696,
1278,0.8407,1.7697,
1278,0.8407,1.7697,
1278,0.8408,1.7698,
1278,0.8406,1.7696,
1278,0.8407,1.7697,
1279,0.8406,1.7696,
1279,0.8406,1.7696,
1279,0.8406,1.7696,
1279,0.8406,1.7696,
1279,0.8406,1.7696,
1279,0.8406,1.7696,
1279,0.8407,1.7697,
1279,0.8407,1.7697,
1279,0.8407,1.7697,
1279,0.8406,1.7696,
1280,0.8406,1.7696,
1280,0.8406,1.7696,
1280,0.8407,1.7697,
1280,0.8407,1.7697,
1280,0.8406,1.7696,
1280,0.8408,1.7698,
1280,0.8408,1.7698,
1280,0.8408,1.7698,
1280,0.8408,1.7698,
1280,0.8408,1.7698,
1281,0.8408,1.7698,
1281,0.8409,1.7699,
1281,0.8407,1.7697,
1281,0.8406,1.7696,
1281,0.8406,1.7696,
1281,0.8407,1.7697,
1281,0.8407,1.7697,
1281,0.8407,1.7697,
1281,0.8407,1.7697,
1281,0.8407,1.7697,
1282,0.8407,1.7697,
1282,0.8406,1.7696,
1282,0.8407,1.7697,
1282,0.8406,1.7696,
1282,0.8406,1.7696,
1282,0.8407,1.7697,
1282,0.8408,1.7698,
1282,0.8407,1.7697,
1282,0.8408,1.7698,
1282,0.8407,1.7697,
1283,0.8407,1.7697,
1283,0.8408,1.7698,
1283,0.8407,1.7697,
1283,0.8406,1.7696,
1283,0.8407,1.7697,
1283,0.8406,1.7696,
1283,0.8408,1.7698,
1283,0.8408,1.7698,
1283,0.8407,1.7697,
1283,0.8408,1.7698,
1284,0.8408,1.7698,
1284,0.8408,1.7698,
1284,0.8409,1.7699,
1284,0.8409,1.7699,
1284,0.8408,1.7698,
1284,0.8408,1.7698,
1284,0.8407,1.7697,
1284,0.8408,1.7698,
1284,0.8409,1.7699,
1284,0.8409,1.7699,
1285,0.8409,1.7699,
1285,0.8407,1.7697,
1285,0.8407,1.7697,
1285,0.8407,1.7697,
1285,0.8408,1.7698,
1285,0.8407,1.7697,
1285,0.8407,1.7697,
1285,0.8408,1.7698,
1285,0.8408,1.7698,
1285,0.8408,1.7698,
1286,0.8408,1.7698,
1286,0.8408,1.7698,
1286,0.8408,1.7698,
1286,0.8407,1.7697,
1286,0.8409,1.7699,
1286,0.841,1.77,
1286,0.841,1.77,
1286,0.8409,1.7699,
1286,0.8408,1.7698,
1286,0.8408,1.7698,
1287,0.8409,1.7699,
1287,0.8409,1.7699,
1287,0.8408,1.7698,
1287,0.8409,1.7699,
1287,0.841,1.77,
1287,0.8411,1.7701,
1287,0.8411,1.7701,
1287,0.8409,1.7699,
1287,0.8409,1.7699,
1287,0.8408,1.7698,
1288,0.8409,1.7699,
1288,0.8408,1.7698,
1288,0.8408,1.7698,
1288,0.8409,1.7699,
1288,0.841,1.77,
1288,0.8409,1.7699,
1288,0.8409,1.7699,
1288,0.841,1.77,
1288,0.841,1.77,
1288,0.8409,1.7699,
1289,0.841,1.77,
1289,0.841,1.77,
1289,0.8408,1.7698,
1289,0.8409,1.7699,
1289,0.8409,1.7699,
1289,0.841,1.77,
1289,0.8409,1.7699,
1289,0.8409,1.7699,
1289,0.8409,1.7699,
1289,0.8409,1.7699,
1290,0.841,1.77,
1290,0.841,1.77,
1290,0.8411,1.7701,
1290,0.8411,1.7701,
1290,0.841,1.77,
1290,0.841,1.77,
1290,0.8411,1.7701,
1290,0.841,1.77,
1290,0.841,1.77,
1290,0.841,1.77,
1291,0.8409,1.7699,
1291,0.8409,1.7699,
1291,0.8409,1.7699,
1291,0.8409,1.7699,
1291,0.8409,1.7699,
1291,0.8409,1.7699,
1291,0.841,1.77,
1291,0.841,1.77,
1291,0.841,1.77,
1291,0.8409,1.7699,
1292,0.8409,1.7699,
1292,0.841,1.77,
1292,0.841,1.77,
1292,0.8409,1.7699,
1292,0.8409,1.7699,
1292,0.8409,1.7699,
1292,0.8409,1.7699,
1292,0.841,1.77,
1292,0.841,1.77,
1292,0.841,1.77,
1293,0.8411,1.7701,
1293,0.8409,1.7699,
1293,0.8409,1.7699,
1293,0.841,1.77,
1293,0.841,1.77,
1293,0.8411,1.7701,
1293,0.8411,1.7701,
1293,0.841,1.77,
1293,0.841,1.77,
1293,0.8411,1.7701,
1294,0.8411,1.7701,
1294,0.841,1.77,
1294,0.8408,1.7698,
1294,0.8409,1.7699,
1294,0.8409,1.7699,
1294,0.8408,1.7698,
1294,0.8409,1.7699,
1294,0.841,1.77,
1294,0.8411,1.7701,
1294,0.8411,1.7701,
1295,0.841,1.77,
1295,0.841,1.77,
1295,0.841,1.77,
1295,0.841,1.77,
1295,0.8411,1.7701,
1295,0.8409,1.7699,
1295,0.8409,1.7699,
1295,0.841,1.77,
1295,0.841,1.77,
1295,0.841,1.77,
1296,0.8411,1.7701,
1296,0.8411,1.7701,
1296,0.8411,1.7701,
1296,0.8411,1.7701,
1296,0.8411,1.7701,
1296,0.841,1.77,
1296,0.8411,1.7701,
1296,0.841,1.77,
1296,0.8409,1.7699,
1296,0.8409,1.7699,
1297,0.841,1.77,
1297,0.8409,1.7699,
1297,0.8408,1.7698,
1297,0.8409,1.7699,
1297,0.8408,1.7698,
1297,0.8409,1.7699,
1297,0.8408,1.7698,
1297,0.8408,1.7698,
1297,0.841,1.77,
1297,0.8409,1.7699,
1298,0.8408,1.7698,
1298,0.8409,1.7699,
1298,0.8409,1.7699,
1298,0.841,1.77,
1298,0.8409,1.7699,
1298,0.841,1.77,
1298,0.8409,1.7699,
1298,0.841,1.77,
1298,0.841,1.77,
1298,0.8409,1.7699,
1299,0.8409,1.7699,
1299,0.8409,1.7699,
1299,0.8409,1.7699,
1299,0.841,1.77,
1299,0.8409,1.7699,
1299,0.8409,1.7699,
1299,0.841,1.77,
1299,0.841,1.77,
1299,0.8411,1.7701,
1299,0.8411,1.7701,
1300,0.8411,1.7701,
1300,0.8409,1.7699,
1300,0.8409,1.7699,
1300,0.8408,1.7698,
1300,0.8408,1.7698,
1300,0.8409,1.7699,
1300,0.8408,1.7698,
1300,0.841,1.77,
1300,0.8409,1.7699,
1300,0.841,1.77,
1301,0.841,1.77,
1301,0.8409,1.7699,
1301,0.8411,1.7701,
1301,0.8411,1.7701,
1301,0.8411,1.7701,
1301,0.841,1.77,
1301,0.8411,1.7701,
1301,0.841,1.77,
1301,0.841,1.77,
1301,0.8411,1.7701,
1302,0.8411,1.7701,
1302,0.8411,1.7701,
1302,0.8411,1.7701,
1302,0.8412,1.7702,
1302,0.8411,1.7701,
1302,0.8412,1.7702,
1302,0.8411,1.7701,
1302,0.8412,1.7702,
1302,0.8411,1.7701,
1302,0.841,1.77,
1303,0.8411,1.7701,
1303,0.8411,1.7701,
1303,0.8411,1.7701,
1303,0.841,1.77,
1303,0.8411,1.7701,
1303,0.8411,1.7701,
1303,0.8411,1.7701,
1303,0.841,1.77,
1303,0.841,1.77,
1303,0.841,1.77,
1304,0.841,1.77,
1304,0.841,1.77,
1304,0.841,1.77,
1304,0.8411,1.7701,
1304,0.8411,1.7701,
1304,0.8411,1.7701,
1304,0.8411,1.7701,
1304,0.8411,1.7701,
1304,0.8412,1.7702,
1304,0.8411,1.7701,
1305,0.8411,1.7701,
1305,0.8412,1.7702,
1305,0.8412,1.7702,
1305,0.8412,1.7702,
1305,0.8412,1.7702,
1305,0.8412,1.7702,
1305,0.8411,1.7701,
1305,0.8412,1.7702,
1305,0.8412,1.7702,
1305,0.8412,1.7702,
1306,0.8412,1.7702,
1306,0.8412,1.7702,
1306,0.8411,1.7701,
1306,0.8412,1.7702,
1306,0.8412,1.7702,
1306,0.8411,1.7701,
1306,0.8412,1.7702,
1306,0.8412,1.7702,
1306,0.8411,1.7701,
1306,0.8411,1.7701,
1307,0.8411,1.7701,
1307,0.8411,1.7701,
1307,0.8412,1.7702,
1307,0.8412,1.7702,
1307,0.8412,1.7702,
1307,0.8412,1.7702,
1307,0.8412,1.7702,
1307,0.8412,1.7702,
1307,0.8412,1.7702,
1307,0.8411,1.7701,
1308,0.8411,1.7701,
1308,0.8412,1.7702,
1308,0.8412,1.7702,
1308,0.8411,1.7701,
1308,0.8412,1.7702,
1308,0.8413,1.7703,
1308,0.8413,1.7703,
1308,0.8413,1.7703,
1308,0.8413,1.7703,
1308,0.8412,1.7702,
1309,0.8413,1.7703,
1309,0.8413,1.7703,
1309,0.8413,1.7703,
1309,0.8413,1.7703,
1309,0.8413,1.7703,
1309,0.8413,1.7703,
1309,0.8412,1.7702,
1309,0.8411,1.7701,
1309,0.8412,1.7702,
1309,0.8413,1.7703,
1310,0.8411,1.7701,
1310,0.8412,1.7702,
1310,0.8413,1.7703,
1310,0.8412,1.7702,
1310,0.8411,1.7701,
1310,0.8412,1.7702,
1310,0.8413,1.7703,
1310,0.8413,1.7703,
1310,0.8412,1.7702,
1310,0.8412,1.7702,
1311,0.8412,1.7702,
1311,0.8413,1.7703,
1311,0.8412,1.7702,
1311,0.8411,1.7701,
1311,0.8411,1.7701,
1311,0.8413,1.7703,
1311,0.8413,1.7703,
1311,0.8413,1.7703,
1311,0.8412,1.7702,
1311,0.8411,1.7701,
1312,0.8412,1.7702,
1312,0.8412,1.7702,
1312,0.8412,1.7702,
1312,0.8413,1.7703,
1312,0.8413,1.7703,
1312,0.8414,1.7704,
1312,0.8414,1.7704,
1312,0.8413,1.7703,
1312,0.8411,1.7701,
1312,0.8411,1.7701,
1313,0.8412,1.7702,
1313,0.8412,1.7702,
1313,0.8413,1.7703,
1313,0.8412,1.7702,
1313,0.8412,1.7702,
1313,0.8414,1.7704,
1313,0.8415,1.7705,
1313,0.8414,1.7704,
1313,0.8413,1.7703,
1313,0.8412,1.7702,
1314,0.8413,1.7703,
1314,0.8413,1.7703,
1314,0.8413,1.7703,
1314,0.8414,1.7704,
1314,0.8413,1.7703,
1314,0.8413,1.7703,
1314,0.8414,1.7704,
1314,0.8414,1.7704,
1314,0.8414,1.7704,
1314,0.8413,1.7703,
1315,0.8413,1.7703,
1315,0.8413,1.7703,
1315,0.8414,1.7704,
1315,0.8413,1.7703,
1315,0.8414,1.7704,
1315,0.8414,1.7704,
1315,0.8414,1.7704,
1315,0.8413,1.7703,
1315,0.8414,1.7704,
1315,0.8413,1.7703,
1316,0.8413,1.7703,
1316,0.8412,1.7702,
1316,0.8412,1.7702,
1316,0.8413,1.7703,
1316,0.8413,1.7703,
1316,0.8413,1.7703,
1316,0.8413,1.7703,
1316,0.8413,1.7703,
1316,0.8413,1.7703,
1316,0.8414,1.7704,
1317,0.8413,1.7703,
1317,0.8412,1.7702,
1317,0.8412,1.7702,
1317,0.8413,1.7703,
1317,0.8413,1.7703,
1317,0.8413,1.7703,
1317,0.8414,1.7704,
1317,0.8413,1.7703,
1317,0.8413,1.7703,
1317,0.8413,1.7703,
1318,0.8413,1.7703,
1318,0.8413,1.7703,
1318,0.8413,1.7703,
1318,0.8413,1.7703,
1318,0.8414,1.7704,
1318,0.8413,1.7703,
1318,0.8413,1.7703,
1318,0.8413,1.7703,
1318,0.8413,1.7703,
1318,0.8412,1.7702,
1319,0.8412,1.7702,
1319,0.8412,1.7702,
1319,0.8413,1.7703,
1319,0.8413,1.7703,
1319,0.8412,1.7702,
1319,0.8412,1.7702,
1319,0.8412,1.7702,
1319,0.8413,1.7703,
1319,0.8413,1.7703,
1319,0.8414,1.7704,
1320,0.8414,1.7704,
1320,0.8413,1.7703,
1320,0.8413,1.7703,
1320,0.8413,1.7703,
1320,0.8412,1.7702,
1320,0.8413,1.7703,
1320,0.8413,1.7703,
1320,0.8413,1.7703,
1320,0.8413,1.7703,
1320,0.8414,1.7704,
1321,0.8413,1.7703,
1321,0.8413,1.7703,
1321,0.8413,1.7703,
1321,0.8414,1.7704,
1321,0.8414,1.7704,
1321,0.8415,1.7705,
1321,0.8415,1.7705,
1321,0.8415,1.7705,
1321,0.8414,1.7704,
1321,0.8414,1.7704,
1322,0.8413,1.7703,
1322,0.8413,1.7703,
1322,0.8413,1.7703,
1322,0.8413,1.7703,
1322,0.8412,1.7702,
1322,0.8413,1.7703,
1322,0.8413,1.7703,
1322,0.8414,1.7704,
1322,0.8415,1.7705,
1322,0.8414,1.7704,
1323,0.8414,1.7704,
1323,0.8413,1.7703,
1323,0.8413,1.7703,
1323,0.8415,1.7705,
1323,0.8413,1.7703,
1323,0.8414,1.7704,
1323,0.8414,1.7704,
1323,0.8414,1.7704,
1323,0.8414,1.7704,
1323,0.8414,1.7704,
1324,0.8414,1.7704,
1324,0.8414,1.7704,
1324,0.8414,1.7704,
1324,0.8414,1.7704,
1324,0.8414,1.7704,
1324,0.8414,1.7704,
1324,0.8414,1.7704,
1324,0.8415,1.7705,
1324,0.8415,1.7705,
1324,0.8414,1.7704,
1325,0.8415,1.7705,
1325,0.8414,1.7704,
1325,0.8415,1.7705,
1325,0.8415,1.7705,
1325,0.8415,1.7705,
1325,0.8416,1.7706,
1325,0.8415,1.7705,
1325,0.8414,1.7704,
1325,0.8414,1.7704,
1325,0.8414,1.7704,
1326,0.8415,1.7705,
1326,0.8415,1.7705,
1326,0.8415,1.7705,
1326,0.8415,1.7705,
1326,0.8416,1.7706,
1326,0.8415,1.7705,
1326,0.8415,1.7705,
1326,0.8415,1.7705,
1326,0.8415,1.7705,
1326,0.8415,1.7705,
1327,0.8416,1.7706,
1327,0.8416,1.7706,
1327,0.8415,1.7705,
1327,0.8416,1.7706,
1327,0.8417,1.7707,
1327,0.8415,1.7705,
1327,0.8415,1.7705,
1327,0.8414,1.7704,
1327,0.8415,1.7705,
1327,0.8415,1.7705,
1328,0.8416,1.7706,
1328,0.8416,1.7706,
1328,0.8416,1.7706,
1328,0.8416,1.7706,
1328,0.8415,1.7705,
1328,0.8415,1.7705,
1328,0.8416,1.7706,
1328,0.8416,1.7706,
1328,0.8416,1.7706,
1328,0.8415,1.7705,
1329,0.8416,1.7706,
1329,0.8415,1.7705,
1329,0.8415,1.7705,
1329,0.8416,1.7706,
1329,0.8416,1.7706,
1329,0.8415,1.7705,
1329,0.8415,1.7705,
1329,0.8416,1.7706,
1329,0.8416,1.7706,
1329,0.8416,1.7706,
1330,0.8416,1.7706,
1330,0.8416,1.7706,
1330,0.8416,1.7706,
1330,0.8416,1.7706,
1330,0.8416,1.7706,
1330,0.8416,1.7706,
1330,0.8416,1.7706,
1330,0.8416,1.7706,
1330,0.8416,1.7706,
1330,0.8416,1.7706,
1331,0.8415,1.7705,
1331,0.8415,1.7705,
1331,0.8414,1.7704,
1331,0.8414,1.7704,
1331,0.8414,1.7704,
1331,0.8414,1.7704,
1331,0.8414,1.7704,
1331,0.8414,1.7704,
1331,0.8415,1.7705,
1331,0.8414,1.7704,
1332,0.8414,1.7704,
1332,0.8415,1.7705,
1332,0.8415,1.7705,
1332,0.8415,1.7705,
1332,0.8414,1.7704,
1332,0.8414,1.7704,
1332,0.8415,1.7705,
1332,0.8415,1.7705,
1332,0.8415,1.7705,
1332,0.8415,1.7705,
1333,0.8415,1.7705,
1333,0.8415,1.7705,
1333,0.8415,1.7705,
1333,0.8415,1.7705,
1333,0.8415,1.7705,
1333,0.8416,1.7706,
1333,0.8415,1.7705,
1333,0.8416,1.7706,
1333,0.8416,1.7706,
1333,0.8416,1.7706,
1334,0.8417,1.7707,
1334,0.8417,1.7707,
1334,0.8417,1.7707,
1334,0.8415,1.7705,
1334,0.8416,1.7706,
1334,0.8415,1.7705,
1334,0.8415,1.7705,
1334,0.8415,1.7705,
1334,0.8416,1.7706,
1334,0.8415,1.7705,
1335,0.8415,1.7705,
1335,0.8415,1.7705,
1335,0.8416,1.7706,
1335,0.8416,1.7706,
1335,0.8416,1.7706,
1335,0.8416,1.7706,
1335,0.8416,1.7706,
1335,0.8416,1.7706,
1335,0.8416,1.7706,
1335,0.8416,1.7706,
1336,0.8416,1.7706,
1336,0.8415,1.7705,
1336,0.8416,1.7706,
1336,0.8416,1.7706,
1336,0.8416,1.7706,
1336,0.8416,1.7706,
1336,0.8415,1.7705,
1336,0.8415,1.7705,
1336,0.8416,1.7706,
1336,0.8415,1.7705,
1337,0.8415,1.7705,
1337,0.8416,1.7706,
1337,0.8416,1.7706,
1337,0.8416,1.7706,
1337,0.8415,1.7705,
1337,0.8415,1.7705,
1337,0.8415,1.7705,
1337,0.8415,1.7705,
1337,0.8415,1.7705,
1337,0.8416,1.7706,
1338,0.8416,1.7706,
1338,0.8417,1.7707,
1338,0.8417,1.7707,
1338,0.8415,1.7705,
1338,0.8415,1.7705,
1338,0.8415,1.7705,
1338,0.8415,1.7705,
1338,0.8415,1.7705,
1338,0.8416,1.7706,
1338,0.8416,1.7706,
1339,0.8415,1.7705,
1339,0.8415,1.7705,
1339,0.8415,1.7705,
1339,0.8416,1.7706,
1339,0.8416,1.7706,
1339,0.8417,1.7707,
1339,0.8416,1.7706,
1339,0.8417,1.7707,
1339,0.8417,1.7707,
1339,0.8416,1.7706,
1340,0.8416,1.7706,
1340,0.8415,1.7705,
1340,0.8415,1.7705,
1340,0.8416,1.7706,
1340,0.8416,1.7706,
1340,0.8417,1.7707,
1340,0.8418,1.7708,
1340,0.8417,1.7707,
1340,0.8417,1.7707,
1340,0.8417,1.7707,
1341,0.8417,1.7707,
1341,0.8417,1.7707,
1341,0.8416,1.7706,
1341,0.8416,1.7706,
1341,0.8416,1.7706,
1341,0.8416,1.7706,
1341,0.8416,1.7706,
1341,0.8417,1.7707,
1341,0.8417,1.7707,
1341,0.8416,1.7706,
1342,0.8417,1.7707,
1342,0.8417,1.7707,
1342,0.8416,1.7706,
1342,0.8415,1.7705,
1342,0.8415,1.7705,
1342,0.8415,1.7705,
1342,0.8415,1.7705,
1342,0.8416,1.7706,
1342,0.8417,1.7707,
1342,0.8417,1.7707,
1343,0.8417,1.7707,
1343,0.8417,1.7707,
1343,0.8416,1.7706,
1343,0.8416,1.7706,
1343,0.8417,1.7707,
1343,0.8417,1.7707,
1343,0.8417,1.7707,
1343,0.8418,1.7708,
1343,0.8417,1.7707,
1343,0.8417,1.7707,
1344,0.8417,1.7707,
1344,0.8417,1.7707,
1344,0.8418,1.7708,
1344,0.8417,1.7707,
1344,0.8417,1.7707,
1344,0.8418,1.7708,
1344,0.8418,1.7708,
1344,0.8418,1.7708,
1344,0.8418,1.7708,
1344,0.8416,1.7706,
1345,0.8416,1.7706,
1345,0.8416,1.7706,
1345,0.8417,1.7707,
1345,0.8417,1.7707,
1345,0.8417,1.7707,
1345,0.8417,1.7707,
1345,0.8417,1.7707,
1345,0.8417,1.7707,
1345,0.8417,1.7707,
1345,0.8417,1.7707,
1346,0.8416,1.7706,
1346,0.8416,1.7706,
1346,0.8417,1.7707,
1346,0.8417,1.7707,
1346,0.8416,1.7706,
1346,0.8417,1.7707,
1346,0.8417,1.7707,
1346,0.8417,1.7707,
1346,0.8418,1.7708,
1346,0.8418,1.7708,
1347,0.8418,1.7708,
1347,0.8418,1.7708,
1347,0.8417,1.7707,
1347,0.8418,1.7708,
1347,0.8418,1.7708,
1347,0.8418,1.7708,
1347,0.8418,1.7708,
1347,0.8418,1.7708,
1347,0.8418,1.7708,
1347,0.8419,1.7709,
1348,0.8418,1.7708,
1348,0.8418,1.7708,
1348,0.8418,1.7708,
1348,0.8419,1.7709,
1348,0.8418,1.7708,
1348,0.8417,1.7707,
1348,0.8417,1.7707,
1348,0.8416,1.7706,
1348,0.8416,1.7706,
1348,0.8417,1.7707,
1349,0.8417,1.7707,
1349,0.8417,1.7707,
1349,0.8417,1.7707,
1349,0.8417,1.7707,
1349,0.8417,1.7707,
1349,0.8417,1.7707,
1349,0.8417,1.7707,
1349,0.8417,1.7707,
1349,0.8417,1.7707,
1349,0.8417,1.7707,
1350,0.8418,1.7708,
1350,0.8418,1.7708,
1350,0.8418,1.7708,
1350,0.8417,1.7707,
1350,0.8417,1.7707,
1350,0.8417,1.7707,
1350,0.8417,1.7707,
1350,0.8417,1.7707,
1350,0.8417,1.7707,
1350,0.8418,1.7708,
1351,0.8418,1.7708,
1351,0.8418,1.7708,
1351,0.8417,1.7707,
1351,0.8417,1.7707,
1351,0.8418,1.7708,
1351,0.8418,1.7708,
1351,0.8419,1.7709,
1351,0.8417,1.7707,
1351,0.8418,1.7708,
1351,0.8418,1.7708,
1352,0.8419,1.7709,
1352,0.842,1.771,
1352,0.8418,1.7708,
1352,0.8418,1.7708,
1352,0.8418,1.7708,
1352,0.8418,1.7708,
1352,0.8418,1.7708,
1352,0.8418,1.7708,
1352,0.8417,1.7707,
1352,0.8417,1.7707,
1353,0.8417,1.7707,
1353,0.8418,1.7708,
1353,0.8418,1.7708,
1353,0.8418,1.7708,
1353,0.8419,1.7709,
1353,0.8418,1.7708,
1353,0.8418,1.7708,
1353,0.8419,1.7709,
1353,0.8419,1.7709,
1353,0.8419,1.7709,
1354,0.8419,1.7709,
1354,0.8418,1.7708,
1354,0.8418,1.7708,
1354,0.8418,1.7708,
1354,0.8418,1.7708,
1354,0.8418,1.7708,
1354,0.8419,1.7709,
1354,0.8418,1.7708,
1354,0.8419,1.7709,
1354,0.8419,1.7709,
1355,0.8418,1.7708,
1355,0.8418,1.7708,
1355,0.8417,1.7707,
1355,0.8417,1.7707,
1355,0.8418,1.7708,
1355,0.8418,1.7708,
1355,0.8418,1.7708,
1355,0.8418,1.7708,
1355,0.8418,1.7708,
1355,0.8418,1.7708,
1356,0.8418,1.7708,
1356,0.8419,1.7709,
1356,0.8419,1.7709,
1356,0.8418,1.7708,
1356,0.8417,1.7707,
1356,0.8418,1.7708,
1356,0.842,1.771,
1356,0.842,1.771,
1356,0.8418,1.7708,
1356,0.8418,1.7708,
1357,0.8419,1.7709,
1357,0.842,1.771,
1357,0.8418,1.7708,
1357,0.8419,1.7709,
1357,0.8419,1.7709,
1357,0.8419,1.7709,
1357,0.8419,1.7709,
1357,0.842,1.771,
1357,0.8419,1.7709,
1357,0.8419,1.7709,
1358,0.842,1.771,
1358,0.8419,1.7709,
1358,0.8418,1.7708,
1358,0.8419,1.7709,
1358,0.8419,1.7709,
1358,0.842,1.771,
1358,0.842,1.771,
1358,0.8419,1.7709,
1358,0.8419,1.7709,
1358,0.8419,1.7709,
1359,0.8419,1.7709,
1359,0.8419,1.7709,
1359,0.8419,1.7709,
1359,0.8418,1.7708,
1359,0.8418,1.7708,
1359,0.8419,1.7709,
1359,0.842,1.771,
1359,0.842,1.771,
1359,0.842,1.771,
1359,0.842,1.771,
1360,0.842,1.771,
1360,0.8419,1.7709,
1360,0.842,1.771,
1360,0.8419,1.7709,
1360,0.8419,1.7709,
1360,0.842,1.771,
1360,0.8421,1.7711,
1360,0.8421,1.7711,
1360,0.842,1.771,
1360,0.842,1.771,
1361,0.8419,1.7709,
1361,0.8418,1.7708,
1361,0.8419,1.7709,
1361,0.842,1.771,
1361,0.842,1.771,
1361,0.842,1.771,
1361,0.842,1.771,
1361,0.8419,1.7709,
1361,0.842,1.771,
1361,0.842,1.771,
1362,0.8419,1.7709,
1362,0.8419,1.7709,
1362,0.8419,1.7709,
1362,0.8419,1.7709,
1362,0.8419,1.7709,
1362,0.8419,1.7709,
1362,0.842,1.771,
1362,0.842,1.771,
1362,0.842,1.771,
1362,0.8419,1.7709,
1363,0.842,1.771,
1363,0.8419,1.7709,
1363,0.8419,1.7709,
1363,0.842,1.771,
1363,0.842,1.771,
1363,0.842,1.771,
1363,0.842,1.771,
1363,0.842,1.771,
1363,0.842,1.771,
1363,0.842,1.771,
1364,0.842,1.771,
1364,0.8421,1.7711,
1364,0.842,1.771,
1364,0.8419,1.7709,
1364,0.842,1.771,
1364,0.842,1.771,
1364,0.8421,1.7711,
1364,0.8421,1.7711,
1364,0.842,1.771,
1364,0.842,1.771,
1365,0.842,1.771,
1365,0.842,1.771,
1365,0.842,1.771,
1365,0.8419,1.7709,
1365,0.8419,1.7709,
1365,0.8418,1.7708,
1365,0.8419,1.7709,
1365,0.8419,1.7709,
1365,0.8419,1.7709,
1365,0.8419,1.7709,
1366,0.8419,1.7709,
1366,0.8419,1.7709,
1366,0.8419,1.7709,
1366,0.8419,1.7709,
1366,0.8419,1.7709,
1366,0.8419,1.7709,
1366,0.8419,1.7709,
1366,0.8419,1.7709,
1366,0.8419,1.7709,
1366,0.8419,1.7709,
1367,0.8419,1.7709,
1367,0.842,1.771,
1367,0.842,1.771,
1367,0.8419,1.7709,
1367,0.8419,1.7709,
1367,0.8418,1.7708,
1367,0.8419,1.7709,
1367,0.8419,1.7709,
1367,0.8418,1.7708,
1367,0.8418,1.7708,
1368,0.8418,1.7708,
1368,0.8419,1.7709,
1368,0.842,1.771,
1368,0.842,1.771,
1368,0.8419,1.7709,
1368,0.8418,1.7708,
1368,0.842,1.771,
1368,0.842,1.771,
1368,0.842,1.771,
1368,0.8421,1.7711,
1369,0.842,1.771,
1369,0.842,1.771,
1369,0.842,1.771,
1369,0.8419,1.7709,
1369,0.842,1.771,
1369,0.842,1.771,
1369,0.842,1.771,
1369,0.8421,1.7711,
1369,0.8421,1.7711,
1369,0.8421,1.7711,
1370,0.8421,1.7711,
1370,0.842,1.771,
1370,0.8421,1.7711,
1370,0.8421,1.7711,
1370,0.8421,1.7711,
1370,0.8421,1.7711,
1370,0.842,1.771,
1370,0.842,1.771,
1370,0.842,1.771,
1370,0.842,1.771,
1371,0.8419,1.7709,
1371,0.842,1.771,
1371,0.8419,1.7709,
1371,0.8419,1.7709,
1371,0.8419,1.7709,
1371,0.842,1.771,
1371,0.842,1.771,
1371,0.8419,1.7709,
1371,0.842,1.771,
1371,0.8421,1.7711,
1372,0.8421,1.7711,
1372,0.8421,1.7711,
1372,0.842,1.771,
1372,0.8421,1.7711,
1372,0.8422,1.7712,
1372,0.842,1.771,
1372,0.842,1.771,
1372,0.842,1.771,
1372,0.8421,1.7711,
1372,0.842,1.771,
1373,0.8421,1.7711,
1373,0.8421,1.7711,
1373,0.8421,1.7711,
1373,0.8422,1.7712,
1373,0.8422,1.7712,
1373,0.8422,1.7712,
1373,0.8421,1.7711,
1373,0.842,1.771,
1373,0.842,1.771,
1373,0.8421,1.7711,
1374,0.8421,1.7711,
1374,0.8421,1.7711,
1374,0.8421,1.7711,
1374,0.8421,1.7711,
1374,0.8421,1.7711,
1374,0.842,1.771,
1374,0.842,1.771,
1374,0.8421,1.7711,
1374,0.8421,1.7711,
1374,0.8422,1.7712,
1375,0.8421,1.7711,
1375,0.8422,1.7712,
1375,0.8422,1.7712,
1375,0.8422,1.7712,
1375,0.8421,1.7711,
1375,0.8421,1.7711,
1375,0.8421,1.7711,
1375,0.8421,1.7711,
1375,0.8421,1.7711,
1375,0.8421,1.7711,
1376,0.8421,1.7711,
1376,0.8421,1.7711,
1376,0.8422,1.7712,
1376,0.8422,1.7712,
1376,0.8422,1.7712,
1376,0.8422,1.7712,
1376,0.8422,1.7712,
1376,0.8421,1.7711,
1376,0.8421,1.7711,
1376,0.8422,1.7712,
1377,0.8422,1.7712,
1377,0.8422,1.7712,
1377,0.8421,1.7711,
1377,0.8421,1.7711,
1377,0.8422,1.7712,
1377,0.8423,1.7713,
1377,0.8424,1.7714,
1377,0.8423,1.7713,
1377,0.8423,1.7713,
1377,0.8423,1.7713,
1378,0.8422,1.7712,
1378,0.8423,1.7713,
1378,0.8423,1.7713,
1378,0.8421,1.7711,
1378,0.842,1.771,
1378,0.8421,1.7711,
1378,0.8421,1.7711,
1378,0.8421,1.7711,
1378,0.8421,1.7711,
1378,0.8422,1.7712,
1379,0.8422,1.7712,
1379,0.8421,1.7711,
1379,0.8423,1.7713,
1379,0.8423,1.7713,
1379,0.8424,1.7714,
1379,0.8423,1.7713,
1379,0.8423,1.7713,
1379,0.8423,1.7713,
1379,0.8423,1.7713,
1379,0.8423,1.7713,
1380,0.8424,1.7714,
1380,0.8423,1.7713,
1380,0.8423,1.7713,
1380,0.8423,1.7713,
1380,0.8423,1.7713,
1380,0.8421,1.7711,
1380,0.8422,1.7712,
1380,0.8422,1.7712,
1380,0.8422,1.7712,
1380,0.8422,1.7712,
1381,0.8423,1.7713,
1381,0.8423,1.7713,
1381,0.8424,1.7714,
1381,0.8424,1.7714,
1381,0.8423,1.7713,
1381,0.8423,1.7713,
1381,0.8422,1.7712,
1381,0.8421,1.7711,
1381,0.8422,1.7712,
1381,0.8422,1.7712,
1382,0.8422,1.7712,
1382,0.8422,1.7712,
1382,0.8423,1.7713,
1382,0.8423,1.7713,
1382,0.8422,1.7712,
1382,0.8421,1.7711,
1382,0.8423,1.7713,
1382,0.8422,1.7712,
1382,0.8422,1.7712,
1382,0.8423,1.7713,
1383,0.8423,1.7713,
1383,0.8424,1.7714,
1383,0.8423,1.7713,
1383,0.8423,1.7713,
1383,0.8423,1.7713,
1383,0.8423,1.7713,
1383,0.8422,1.7712,
1383,0.8423,1.7713,
1383,0.8423,1.7713,
1383,0.8422,1.7712,
1384,0.8423,1.7713,
1384,0.8422,1.7712,
1384,0.8421,1.7711,
1384,0.8421,1.7711,
1384,0.8421,1.7711,
1384,0.8422,1.7712,
1384,0.8421,1.7711,
1384,0.8421,1.7711,
1384,0.8423,1.7713,
1384,0.8422,1.7712,
1385,0.8421,1.7711,
1385,0.8421,1.7711,
1385,0.8421,1.7711,
1385,0.8422,1.7712,
1385,0.8421,1.7711,
1385,0.8422,1.7712,
1385,0.8422,1.7712,
1385,0.8422,1.7712,
1385,0.8423,1.7713,
1385,0.8423,1.7713,
1386,0.8421,1.7711,
1386,0.8422,1.7712,
1386,0.8423,1.7713,
1386,0.8424,1.7714,
1386,0.8423,1.7713,
1386,0.8423,1.7713,
1386,0.8424,1.7714,
1386,0.8424,1.7714,
1386,0.8424,1.7714,
1386,0.8424,1.7714,
1387,0.8423,1.7713,
1387,0.8423,1.7713,
1387,0.8423,1.7713,
1387,0.8422,1.7712,
1387,0.8422,1.7712,
1387,0.8423,1.7713,
1387,0.8423,1.7713,
1387,0.8423,1.7713,
1387,0.8423,1.7713,
1387,0.8423,1.7713,
1388,0.8423,1.7713,
1388,0.8422,1.7712,
1388,0.8423,1.7713,
1388,0.8423,1.7713,
1388,0.8423,1.7713,
1388,0.8423,1.7713,
1388,0.8423,1.7713,
1388,0.8423,1.7713,
1388,0.8423,1.7713,
1388,0.8424,1.7714,
1389,0.8424,1.7714,
1389,0.8423,1.7713,
1389,0.8424,1.7714,
1389,0.8424,1.7714,
1389,0.8424,1.7714,
1389,0.8424,1.7714,
1389,0.8424,1.7714,
1389,0.8423,1.7713,
1389,0.8423,1.7713,
1389,0.8424,1.7714,
1390,0.8425,1.7715,
1390,0.8425,1.7715,
1390,0.8425,1.7715,
1390,0.8423,1.7713,
1390,0.8423,1.7713,
1390,0.8423,1.7713,
1390,0.8423,1.7713,
1390,0.8423,1.7713,
1390,0.8422,1.7712,
1390,0.8422,1.7712,
1391,0.8422,1.7712,
1391,0.8422,1.7712,
1391,0.8422,1.7712,
1391,0.8422,1.7712,
1391,0.8423,1.7713,
1391,0.8423,1.7713,
1391,0.8423,1.7713,
1391,0.8423,1.7713,
1391,0.8423,1.7713,
1391,0.8424,1.7714,
1392,0.8424,1.7714,
1392,0.8425,1.7715,
1392,0.8424,1.7714,
1392,0.8423,1.7713,
1392,0.8424,1.7714,
1392,0.8423,1.7713,
1392,0.8424,1.7714,
1392,0.8423,1.7713,
1392,0.8423,1.7713,
1392,0.8424,1.7714,
1393,0.8423,1.7713,
1393,0.8423,1.7713,
1393,0.8424,1.7714,
1393,0.8424,1.7714,
1393,0.8424,1.7714,
1393,0.8423,1.7713,
1393,0.8424,1.7714,
1393,0.8423,1.7713,
1393,0.8422,1.7712,
1393,0.8423,1.7713,
1394,0.8423,1.7713,
1394,0.8424,1.7714,
1394,0.8424,1.7714,
1394,0.8424,1.7714,
1394,0.8423,1.7713,
1394,0.8423,1.7713,
1394,0.8423,1.7713,
1394,0.8423,1.7713,
1394,0.8423,1.7713,
1394,0.8423,1.7713,
1395,0.8424,1.7714,
1395,0.8425,1.7715,
1395,0.8424,1.7714,
1395,0.8424,1.7714,
1395,0.8424,1.7714,
1395,0.8423,1.7713,
1395,0.8424,1.7714,
1395,0.8424,1.7714,
1395,0.8424,1.7714,
1395,0.8425,1.7715,
1396,0.8423,1.7713,
1396,0.8423,1.7713,
1396,0.8423,1.7713,
1396,0.8424,1.7714,
1396,0.8423,1.7713,
1396,0.8422,1.7712,
1396,0.8423,1.7713,
1396,0.8423,1.7713,
1396,0.8423,1.7713,
1396,0.8424,1.7714,
1397,0.8423,1.7713,
1397,0.8423,1.7713,
1397,0.8424,1.7714,
1397,0.8424,1.7714,
1397,0.8423,1.7713,
1397,0.8424,1.7714,
1397,0.8425,1.7715,
1397,0.8425,1.7715,
1397,0.8425,1.7715,
1397,0.8425,1.7715,
1398,0.8424,1.7714,
1398,0.8424,1.7714,
1398,0.8423,1.7713,
1398,0.8423,1.7713,
1398,0.8423,1.7713,
1398,0.8423,1.7713,
1398,0.8424,1.7714,
1398,0.8424,1.7714,
1398,0.8422,1.7712,
1398,0.8424,1.7714,
1399,0.8424,1.7714,
1399,0.8424,1.7714,
1399,0.8424,1.7714,
1399,0.8424,1.7714,
1399,0.8424,1.7714,
1399,0.8424,1.7714,
1399,0.8422,1.7712,
1399,0.8422,1.7712,
1399,0.8422,1.7712,
1399,0.8422,1.7712,
1400,0.8423,1.7713,
1400,0.8423,1.7713,
1400,0.8423,1.7713,
1400,0.8422,1.7712,
1400,0.8422,1.7712,
1400,0.8422,1.7712,
1400,0.8422,1.7712,
1400,0.8422,1.7712,
1400,0.8422,1.7712,
1400,0.8423,1.7713,
1401,0.8423,1.7713,
1401,0.8422,1.7712,
1401,0.8422,1.7712,
1401,0.8423,1.7713,
1401,0.8422,1.7712,
1401,0.8422,1.7712,
1401,0.8423,1.7713,
1401,0.8423,1.7713,
1401,0.8424,1.7714,
1401,0.8423,1.7713,
1402,0.8423,1.7713,
1402,0.8423,1.7713,
1402,0.8424,1.7714,
1402,0.8422,1.7712,
1402,0.8423,1.7713,
1402,0.8424,1.7714,
1402,0.8424,1.7714,
1402,0.8422,1.7712,
1402,0.8422,1.7712,
1402,0.8422,1.7712,
1403,0.8422,1.7712,
1403,0.8423,1.7713,
1403,0.8422,1.7712,
1403,0.8422,1.7712,
1403,0.8423,1.7713,
1403,0.8424,1.7714,
1403,0.8423,1.7713,
1403,0.8423,1.7713,
1403,0.8424,1.7714,
1403,0.8424,1.7714,
1404,0.8424,1.7714,
1404,0.8424,1.7714,
1404,0.8422,1.7712,
1404,0.8423,1.7713,
1404,0.8423,1.7713,
1404,0.8422,1.7712,
1404,0.8422,1.7712,
1404,0.8423,1.7713,
1404,0.8422,1.7712,
1404,0.8423,1.7713,
1405,0.8423,1.7713,
1405,0.8423,1.7713,
1405,0.8424,1.7714,
1405,0.8424,1.7714,
1405,0.8424,1.7714,
1405,0.8423,1.7713,
1405,0.8423,1.7713,
1405,0.8423,1.7713,
1405,0.8423,1.7713,
1405,0.8424,1.7714,
1406,0.8423,1.7713,
1406,0.8423,1.7713,
1406,0.8423,1.7713,
1406,0.8423,1.7713,
1406,0.8423,1.7713,
1406,0.8423,1.7713,
1406,0.8423,1.7713,
1406,0.8424,1.7714,
1406,0.8423,1.7713,
1406,0.8423,1.7713,
1407,0.8424,1.7714,
1407,0.8424,1.7714,
1407,0.8424,1.7714,
1407,0.8424,1.7714,
1407,0.8425,1.7715,
1407,0.8425,1.7715,
1407,0.8424,1.7714,
1407,0.8424,1.7714,
1407,0.8423,1.7713,
1407,0.8423,1.7713,
1408,0.8423,1.7713,
1408,0.8423,1.7713,
1408,0.8424,1.7714,
1408,0.8423,1.7713,
1408,0.8425,1.7715,
1408,0.8424,1.7714,
1408,0.8424,1.7714,
1408,0.8425,1.7715,
1408,0.8424,1.7714,
1408,0.8424,1.7714,
1409,0.8423,1.7713,
1409,0.8424,1.7714,
1409,0.8425,1.7715,
1409,0.8425,1.7715,
1409,0.8425,1.7715,
1409,0.8424,1.7714,
1409,0.8424,1.7714,
1409,0.8424,1.7714,
1409,0.8424,1.7714,
1409,0.8424,1.7714,
1410,0.8424,1.7714,
1410,0.8424,1.7714,
1410,0.8425,1.7715,
1410,0.8424,1.7714,
1410,0.8425,1.7715,
1410,0.8425,1.7715,
1410,0.8426,1.7716,
1410,0.8425,1.7715,
1410,0.8424,1.7714,
1410,0.8423,1.7713,
1411,0.8423,1.7713,
1411,0.8424,1.7714,
1411,0.8424,1.7714,
1411,0.8424,1.7714,
1411,0.8423,1.7713,
1411,0.8424,1.7714,
1411,0.8424,1.7714,
1411,0.8424,1.7714,
1411,0.8424,1.7714,
1411,0.8424,1.7714,
1412,0.8424,1.7714,
1412,0.8424,1.7714,
1412,0.8424,1.7714,
1412,0.8424,1.7714,
1412,0.8423,1.7713,
1412,0.8424,1.7714,
1412,0.8424,1.7714,
1412,0.8423,1.7713,
1412,0.8423,1.7713,
1412,0.8422,1.7712,
1413,0.8423,1.7713,
1413,0.8424,1.7714,
1413,0.8424,1.7714,
1413,0.8424,1.7714,
1413,0.8424,1.7714,
1413,0.8424,1.7714,
1413,0.8424,1.7714,
1413,0.8424,1.7714,
1413,0.8425,1.7715,
1413,0.8424,1.7714,
1414,0.8424,1.7714,
1414,0.8425,1.7715,
1414,0.8425,1.7715,
1414,0.8425,1.7715,
1414,0.8424,1.7714,
1414,0.8423,1.7713,
1414,0.8423,1.7713,
1414,0.8424,1.7714,
1414,0.8424,1.7714,
1414,0.8424,1.7714,
1415,0.8423,1.7713,
1415,0.8424,1.7714,
1415,0.8423,1.7713,
1415,0.8424,1.7714,
1415,0.8425,1.7715,
1415,0.8424,1.7714,
1415,0.8424,1.7714,
1415,0.8425,1.7715,
1415,0.8424,1.7714,
1415,0.8425,1.7715,
1416,0.8425,1.7715,
1416,0.8425,1.7715,
1416,0.8425,1.7715,
1416,0.8425,1.7715,
1416,0.8424,1.7714,
1416,0.8424,1.7714,
1416,0.8424,1.7714,
1416,0.8424,1.7714,
1416,0.8425,1.7715,
1416,0.8425,1.7715,
1417,0.8425,1.7715,
1417,0.8425,1.7715,
1417,0.8426,1.7716,
1417,0.8425,1.7715,
1417,0.8424,1.7714,
1417,0.8424,1.7714,
1417,0.8424,1.7714,
1417,0.8425,1.7715,
1417,0.8424,1.7714,
1417,0.8424,1.7714,
1418,0.8424,1.7714,
1418,0.8425,1.7715,
1418,0.8425,1.7715,
1418,0.8426,1.7716,
1418,0.8424,1.7714,
1418,0.8424,1.7714,
1418,0.8424,1.7714,
1418,0.8424,1.7714,
1418,0.8424,1.7714,
1418,0.8424,1.7714,
1419,0.8424,1.7714,
1419,0.8425,1.7715,
1419,0.8425,1.7715,
1419,0.8425,1.7715,
1419,0.8424,1.7714,
1419,0.8425,1.7715,
1419,0.8425,1.7715,
1419,0.8426,1.7716,
1419,0.8426,1.7716,
1419,0.8424,1.7714,
1420,0.8424,1.7714,
1420,0.8425,1.7715,
1420,0.8425,1.7715,
1420,0.8425,1.7715,
1420,0.8425,1.7715,
1420,0.8426,1.7716,
1420,0.8426,1.7716,
1420,0.8425,1.7715,
1420,0.8425,1.7715,
1420,0.8425,1.7715,
1421,0.8424,1.7714,
1421,0.8425,1.7715,
1421,0.8425,1.7715,
1421,0.8424,1.7714,
1421,0.8425,1.7715,
1421,0.8426,1.7716,
1421,0.8427,1.7717,
1421,0.8425,1.7715,
1421,0.8424,1.7714,
1421,0.8424,1.7714,
1422,0.8424,1.7714,
1422,0.8424,1.7714,
1422,0.8425,1.7715,
1422,0.8424,1.7714,
1422,0.8425,1.7715,
1422,0.8425,1.7715,
1422,0.8425,1.7715,
1422,0.8425,1.7715,
1422,0.8424,1.7714,
1422,0.8425,1.7715,
1423,0.8424,1.7714,
1423,0.8424,1.7714,
1423,0.8424,1.7714,
1423,0.8424,1.7714,
1423,0.8425,1.7715,
1423,0.8425,1.7715,
1423,0.8425,1.7715,
1423,0.8424,1.7714,
1423,0.8424,1.7714,
1423,0.8425,1.7715,
1424,0.8425,1.7715,
1424,0.8425,1.7715,
1424,0.8425,1.7715,
1424,0.8425,1.7715,
1424,0.8426,1.7716,
1424,0.8425,1.7715,
1424,0.8425,1.7715,
1424,0.8425,1.7715,
1424,0.8424,1.7714,
1424,0.8425,1.7715,
1425,0.8425,1.7715,
1425,0.8425,1.7715,
1425,0.8424,1.7714,
1425,0.8424,1.7714,
1425,0.8425,1.7715,
1425,0.8425,1.7715,
1425,0.8425,1.7715,
1425,0.8425,1.7715,
1425,0.8424,1.7714,
1425,0.8424,1.7714,
1426,0.8425,1.7715,
1426,0.8425,1.7715,
1426,0.8425,1.7715,
1426,0.8424,1.7714,
1426,0.8425,1.7715,
1426,0.8426,1.7716,
1426,0.8427,1.7717,
1426,0.8427,1.7717,
1426,0.8425,1.7715,
1426,0.8425,1.7715,
1427,0.8426,1.7716,
1427,0.8426,1.7716,
1427,0.8426,1.7716,
1427,0.8426,1.7716,
1427,0.8425,1.7715,
1427,0.8424,1.7714,
1427,0.8425,1.7715,
1427,0.8425,1.7715,
1427,0.8425,1.7715,
1427,0.8425,1.7715,
1428,0.8425,1.7715,
1428,0.8424,1.7714,
1428,0.8425,1.7715,
1428,0.8426,1.7716,
1428,0.8425,1.7715,
1428,0.8426,1.7716,
1428,0.8426,1.7716,
1428,0.8426,1.7716,
1428,0.8425,1.7715,
1428,0.8425,1.7715,
1429,0.8426,1.7716,
1429,0.8426,1.7716,
1429,0.8426,1.7716,
1429,0.8426,1.7716,
1429,0.8426,1.7716,
1429,0.8426,1.7716,
1429,0.8426,1.7716,
1429,0.8426,1.7716,
1429,0.8426,1.7716,
1429,0.8426,1.7716,
1430,0.8427,1.7717,
1430,0.8426,1.7716,
1430,0.8425,1.7715,
1430,0.8424,1.7714,
1430,0.8425,1.7715,
1430,0.8426,1.7716,
1430,0.8426,1.7716,
1430,0.8425,1.7715,
1430,0.8425,1.7715,
1430,0.8425,1.7715,
1431,0.8426,1.7716,
1431,0.8426,1.7716,
1431,0.8426,1.7716,
1431,0.8426,1.7716,
1431,0.8426,1.7716,
1431,0.8425,1.7715,
1431,0.8425,1.7715,
1431,0.8426,1.7716,
1431,0.8426,1.7716,
1431,0.8426,1.7716,
1432,0.8425,1.7715,
1432,0.8425,1.7715,
1432,0.8426,1.7716,
1432,0.8426,1.7716,
1432,0.8425,1.7715,
1432,0.8425,1.7715,
1432,0.8425,1.7715,
1432,0.8425,1.7715,
1432,0.8425,1.7715,
1432,0.8427,1.7717,
1433,0.8426,1.7716,
1433,0.8426,1.7716,
1433,0.8426,1.7716,
1433,0.8426,1.7716,
1433,0.8426,1.7716,
1433,0.8427,1.7717,
1433,0.8425,1.7715,
1433,0.8426,1.7716,
1433,0.8425,1.7715,
1433,0.8426,1.7716,
1434,0.8426,1.7716,
1434,0.8427,1.7717,
1434,0.8426,1.7716,
1434,0.8426,1.7716,
1434,0.8425,1.7715,
1434,0.8426,1.7716,
1434,0.8426,1.7716,
1434,0.8426,1.7716,
1434,0.8426,1.7716,
1434,0.8425,1.7715,
1435,0.8427,1.7717,
1435,0.8427,1.7717,
1435,0.8427,1.7717,
1435,0.8426,1.7716,
1435,0.8426,1.7716,
1435,0.8427,1.7717,
1435,0.8427,1.7717,
1435,0.8427,1.7717,
1435,0.8427,1.7717,
1435,0.8426,1.7716,
1436,0.8426,1.7716,
1436,0.8426,1.7716,
1436,0.8426,1.7716,
1436,0.8425,1.7715,
1436,0.8426,1.7716,
1436,0.8426,1.7716,
1436,0.8427,1.7717,
1436,0.8426,1.7716,
1436,0.8426,1.7716,
1436,0.8426,1.7716,
1437,0.8426,1.7716,
1437,0.8427,1.7717,
1437,0.8427,1.7717,
1437,0.8427,1.7717,
1437,0.8427,1.7717,
1437,0.8427,1.7717,
1437,0.8427,1.7717,
1437,0.8427,1.7717,
1437,0.8427,1.7717,
1437,0.8428,1.7718,
1438,0.8427,1.7717,
1438,0.8427,1.7717,
1438,0.8427,1.7717,
1438,0.8426,1.7716,
1438,0.8426,1.7716,
1438,0.8427,1.7717,
1438,0.8427,1.7717,
1438,0.8426,1.7716,
1438,0.8427,1.7717,
1438,0.8427,1.7717,
1439,0.8426,1.7716,
1439,0.8427,1.7717,
1439,0.8426,1.7716,
1439,0.8427,1.7717,
1439,0.8427,1.7717,
1439,0.8427,1.7717,
1439,0.8427,1.7717,
1439,0.8428,1.7718,
1439,0.8428,1.7718,
1439,0.8428,1.7718,
1440,0.8428,1.7718,
1440,0.8428,1.7718,
1440,0.8427,1.7717,
1440,0.8428,1.7718,
1440,0.8427,1.7717,
1440,0.8427,1.7717,
1440,0.8426,1.7716,
1440,0.8427,1.7717,
1440,0.8427,1.7717,
1440,0.8427,1.7717,
1441,0.8427,1.7717,
1441,0.8427,1.7717,
1441,0.8427,1.7717,
1441,0.8426,1.7716,
1441,0.8426,1.7716,
1441,0.8426,1.7716,
1441,0.8426,1.7716,
1441,0.8427,1.7717,
1441,0.8427,1.7717,
1441,0.8427,1.7717,
1442,0.8427,1.7717,
1442,0.8426,1.7716,
1442,0.8427,1.7717,
1442,0.8427,1.7717,
1442,0.8427,1.7717,
1442,0.8428,1.7718,
1442,0.8427,1.7717,
1442,0.8427,1.7717,
1442,0.8428,1.7718,
1442,0.8428,1.7718,
1443,0.8427,1.7717,
1443,0.8427,1.7717,
1443,0.8427,1.7717,
1443,0.8427,1.7717,
1443,0.8426,1.7716,
1443,0.8426,1.7716,
1443,0.8428,1.7718,
1443,0.8428,1.7718,
1443,0.8426,1.7716,
1443,0.8427,1.7717,
1444,0.8427,1.7717,
1444,0.8427,1.7717,
1444,0.8427,1.7717,
1444,0.8428,1.7718,
1444,0.8428,1.7718,
1444,0.8427,1.7717,
1444,0.8427,1.7717,
1444,0.8426,1.7716,
1444,0.8427,1.7717,
1444,0.8427,1.7717,
1445,0.8427,1.7717,
1445,0.8426,1.7716,
1445,0.8427,1.7717,
1445,0.8427,1.7717,
1445,0.8427,1.7717,
1445,0.8427,1.7717,
1445,0.8427,1.7717,
1445,0.8427,1.7717,
1445,0.8427,1.7717,
1445,0.8427,1.7717,
1446,0.8427,1.7717,
1446,0.8428,1.7718,
1446,0.8427,1.7717,
1446,0.8427,1.7717,
1446,0.8428,1.7718,
1446,0.8428,1.7718,
1446,0.8428,1.7718,
1446,0.8427,1.7717,
1446,0.8427,1.7717,
1446,0.8428,1.7718,
1447,0.8428,1.7718,
1447,0.8428,1.7718,
1447,0.8427,1.7717,
1447,0.8428,1.7718,
1447,0.8429,1.7719,
1447,0.8428,1.7718,
1447,0.8428,1.7718,
1447,0.8428,1.7718,
1447,0.8428,1.7718,
1447,0.8428,1.7718,
1448,0.8429,1.7719,
1448,0.8428,1.7718,
1448,0.8428,1.7718,
1448,0.8428,1.7718,
1448,0.8429,1.7719,
1448,0.8428,1.7718,
1448,0.8428,1.7718,
1448,0.8428,1.7718,
1448,0.8429,1.7719,
1448,0.8428,1.7718,
1449,0.8429,1.7719,
1449,0.8429,1.7719,
1449,0.8428,1.7718,
1449,0.8428,1.7718,
1449,0.8428,1.7718,
1449,0.8428,1.7718,
1449,0.8428,1.7718,
1449,0.8428,1.7718,
1449,0.8428,1.7718,
1449,0.8428,1.7718,
1450,0.8428,1.7718,
1450,0.8428,1.7718,
1450,0.8428,1.7718,
1450,0.8428,1.7718,
1450,0.8428,1.7718,
1450,0.8428,1.7718,
1450,0.8428,1.7718,
1450,0.8429,1.7719,
1450,0.8428,1.7718,
1450,0.8428,1.7718,
1451,0.8428,1.7718,
1451,0.8428,1.7718,
1451,0.8429,1.7719,
1451,0.8429,1.7719,
1451,0.8429,1.7719,
1451,0.843,1.772,
1451,0.843,1.772,
1451,0.8428,1.7718,
1451,0.8428,1.7718,
1451,0.8427,1.7717,
1452,0.8428,1.7718,
1452,0.8428,1.7718,
1452,0.8428,1.7718,
1452,0.8427,1.7717,
1452,0.8428,1.7718,
1452,0.8428,1.7718,
1452,0.8429,1.7719,
1452,0.8429,1.7719,
1452,0.8429,1.7719,
1452,0.8429,1.7719,
1453,0.8428,1.7718,
1453,0.8429,1.7719,
1453,0.8429,1.7719,
1453,0.8428,1.7718,
1453,0.8427,1.7717,
1453,0.8428,1.7718,
1453,0.8428,1.7718,
1453,0.8428,1.7718,
1453,0.8429,1.7719,
1453,0.8429,1.7719,
1454,0.843,1.772,
1454,0.8428,1.7718,
1454,0.8429,1.7719,
1454,0.843,1.772,
1454,0.843,1.772,
1454,0.843,1.772,
1454,0.8429,1.7719,
1454,0.8429,1.7719,
1454,0.8428,1.7718,
1454,0.8428,1.7718,
1455,0.8429,1.7719,
1455,0.8428,1.7718,
1455,0.8428,1.7718,
1455,0.8428,1.7718,
1455,0.843,1.772,
1455,0.843,1.772,
1455,0.8429,1.7719,
1455,0.8429,1.7719,
1455,0.843,1.772,
1455,0.843,1.772,
1456,0.8431,1.7721,
1456,0.8431,1.7721,
1456,0.8431,1.7721,
1456,0.8429,1.7719,
1456,0.843,1.772,
1456,0.8429,1.7719,
1456,0.8429,1.7719,
1456,0.8428,1.7718,
1456,0.8428,1.7718,
1456,0.8429,1.7719,
1457,0.8429,1.7719,
1457,0.8429,1.7719,
1457,0.843,1.772,
1457,0.843,1.772,
1457,0.8429,1.7719,
1457,0.8429,1.7719,
1457,0.8429,1.7719,
1457,0.843,1.772,
1457,0.8429,1.7719,
1457,0.8429,1.7719,
1458,0.8429,1.7719,
1458,0.843,1.772,
1458,0.8429,1.7719,
1458,0.8429,1.7719,
1458,0.8429,1.7719,
1458,0.8429,1.7719,
1458,0.8429,1.7719,
1458,0.8429,1.7719,
1458,0.8429,1.7719,
1458,0.843,1.772,
1459,0.843,1.772,
1459,0.843,1.772,
1459,0.8429,1.7719,
1459,0.8429,1.7719,
1459,0.8429,1.7719,
1459,0.843,1.772,
1459,0.8431,1.7721,
1459,0.843,1.772,
1459,0.843,1.772,
1459,0.8431,1.7721,
1460,0.8431,1.7721,
1460,0.8431,1.7721,
1460,0.8431,1.7721,
1460,0.8432,1.7722,
1460,0.8431,1.7721,
1460,0.8431,1.7721,
1460,0.843,1.772,
1460,0.8429,1.7719,
1460,0.8429,1.7719,
1460,0.8429,1.7719,
1461,0.8429,1.7719,
1461,0.843,1.772,
1461,0.843,1.772,
1461,0.8429,1.7719,
1461,0.843,1.772,
1461,0.8429,1.7719,
1461,0.843,1.772,
1461,0.8429,1.7719,
1461,0.8429,1.7719,
1461,0.843,1.772,
1462,0.843,1.772,
1462,0.8429,1.7719,
1462,0.8431,1.7721,
1462,0.8431,1.7721,
1462,0.8431,1.7721,
1462,0.843,1.772,
1462,0.843,1.772,
1462,0.843,1.772,
1462,0.843,1.772,
1462,0.843,1.772,
1463,0.8431,1.7721,
1463,0.843,1.772,
1463,0.843,1.772,
1463,0.8431,1.7721,
1463,0.8431,1.7721,
1463,0.843,1.772,
1463,0.843,1.772,
1463,0.8431,1.7721,
1463,0.8431,1.7721,
1463,0.843,1.772,
1464,0.843,1.772,
1464,0.8431,1.7721,
1464,0.8431,1.7721,
1464,0.843,1.772,
1464,0.8429,1.7719,
1464,0.8429,1.7719,
1464,0.843,1.772,
1464,0.8429,1.7719,
1464,0.8431,1.7721,
1464,0.843,1.772,
1465,0.8429,1.7719,
1465,0.8429,1.7719,
1465,0.843,1.772,
1465,0.843,1.772,
1465,0.843,1.772,
1465,0.843,1.772,
1465,0.8429,1.7719,
1465,0.843,1.772,
1465,0.8431,1.7721,
1465,0.843,1.772,
1466,0.8431,1.7721,
1466,0.843,1.772,
1466,0.843,1.772,
1466,0.843,1.772,
1466,0.843,1.772,
1466,0.843,1.772,
1466,0.843,1.772,
1466,0.8431,1.7721,
1466,0.8431,1.7721,
1466,0.8432,1.7722,
1467,0.8433,1.7723,
1467,0.8433,1.7723,
1467,0.8431,1.7721,
1467,0.8431,1.7721,
1467,0.843,1.772,
1467,0.843,1.772,
1467,0.843,1.772,
1467,0.8431,1.7721,
1467,0.8432,1.7722,
1467,0.8431,1.7721,
1468,0.8432,1.7722,
1468,0.8431,1.7721,
1468,0.8431,1.7721,
1468,0.8431,1.7721,
1468,0.8431,1.7721,
1468,0.8431,1.7721,
1468,0.843,1.772,
1468,0.8431,1.7721,
1468,0.8431,1.7721,
1468,0.8431,1.7721,
1469,0.8431,1.7721,
1469,0.8431,1.7721,
1469,0.8432,1.7722,
1469,0.8432,1.7722,
1469,0.8431,1.7721,
1469,0.8431,1.7721,
1469,0.8431,1.7721,
1469,0.8431,1.7721,
1469,0.8432,1.7722,
1469,0.8431,1.7721,
1470,0.8431,1.7721,
1470,0.843,1.772,
1470,0.8431,1.7721,
1470,0.843,1.772,
1470,0.8431,1.7721,
1470,0.8432,1.7722,
1470,0.8432,1.7722,
1470,0.8432,1.7722,
1470,0.8431,1.7721,
1470,0.8431,1.7721,
1471,0.8431,1.7721,
1471,0.8431,1.7721,
1471,0.8431,1.7721,
1471,0.8431,1.7721,
1471,0.8431,1.7721,
1471,0.8431,1.7721,
1471,0.8431,1.7721,
1471,0.8431,1.7721,
1471,0.8432,1.7722,
1471,0.8432,1.7722,
1472,0.8431,1.7721,
1472,0.8431,1.7721,
1472,0.8432,1.7722,
1472,0.8431,1.7721,
1472,0.8431,1.7721,
1472,0.8431,1.7721,
1472,0.8432,1.7722,
1472,0.8431,1.7721,
1472,0.8432,1.7722,
1472,0.8431,1.7721,
1473,0.8431,1.7721,
1473,0.843,1.772,
1473,0.8431,1.7721,
1473,0.8431,1.7721,
1473,0.8431,1.7721,
1473,0.8431,1.7721,
1473,0.8431,1.7721,
1473,0.8431,1.7721,
1473,0.8431,1.7721,
1473,0.8431,1.7721,
1474,0.8431,1.7721,
1474,0.8432,1.7722,
1474,0.8432,1.7722,
1474,0.8432,1.7722,
1474,0.8432,1.7722,
1474,0.8432,1.7722,
1474,0.8432,1.7722,
1474,0.8432,1.7722,
1474,0.8432,1.7722,
1474,0.8432,1.7722,
1475,0.8431,1.7721,
1475,0.8431,1.7721,
1475,0.8432,1.7722,
1475,0.8433,1.7723,
1475,0.8433,1.7723,
1475,0.8433,1.7723,
1475,0.8433,1.7723,
1475,0.8433,1.7723,
1475,0.8432,1.7722,
1475,0.8433,1.7723,
1476,0.8433,1.7723,
1476,0.8433,1.7723,
1476,0.8433,1.7723,
1476,0.8434,1.7724,
1476,0.8433,1.7723,
1476,0.8432,1.7722,
1476,0.8432,1.7722,
1476,0.8432,1.7722,
1476,0.8432,1.7722,
1476,0.8432,1.7722,
1477,0.8432,1.7722,
1477,0.8433,1.7723,
1477,0.8432,1.7722,
1477,0.8433,1.7723,
1477,0.8433,1.7723,
1477,0.8432,1.7722,
1477,0.8433,1.7723,
1477,0.8433,1.7723,
1477,0.8432,1.7722,
1477,0.8432,1.7722,
1478,0.8432,1.7722,
1478,0.8432,1.7722,
1478,0.8433,1.7723,
1478,0.8431,1.7721,
1478,0.843,1.772,
1478,0.8431,1.7721,
1478,0.843,1.772,
1478,0.8431,1.7721,
1478,0.8431,1.7721,
1478,0.8432,1.7722,
1479,0.8432,1.7722,
1479,0.8431,1.7721,
1479,0.8431,1.7721,
1479,0.8431,1.7721,
1479,0.8431,1.7721,
1479,0.8431,1.7721,
1479,0.843,1.772,
1479,0.843,1.772,
1479,0.8431,1.7721,
1479,0.8432,1.7722,
1480,0.8431,1.7721,
1480,0.8431,1.7721,
1480,0.8431,1.7721,
1480,0.8432,1.7722,
1480,0.8432,1.7722,
1480,0.8431,1.7721,
1480,0.8432,1.7722,
1480,0.8432,1.7722,
1480,0.8432,1.7722,
1480,0.8431,1.7721,
1481,0.8431,1.7721,
1481,0.8431,1.7721,
1481,0.8431,1.7721,
1481,0.843,1.772,
1481,0.8431,1.7721,
1481,0.8431,1.7721,
1481,0.8431,1.7721,
1481,0.8431,1.7721,
1481,0.8431,1.7721,
1481,0.8431,1.7721,
1482,0.8431,1.7721,
1482,0.8432,1.7722,
1482,0.8431,1.7721,
1482,0.8432,1.7722,
1482,0.8432,1.7722,
1482,0.8431,1.7721,
1482,0.8432,1.7722,
1482,0.8432,1.7722,
1482,0.8433,1.7723,
1482,0.8431,1.7721,
1483,0.8432,1.7722,
1483,0.8432,1.7722,
1483,0.8431,1.7721,
1483,0.8432,1.7722,
1483,0.8432,1.7722,
1483,0.8431,1.7721,
1483,0.8432,1.7722,
1483,0.8432,1.7722,
1483,0.8431,1.7721,
1483,0.843,1.772,
1484,0.843,1.772,
1484,0.8431,1.7721,
1484,0.8431,1.7721,
1484,0.8432,1.7722,
1484,0.8431,1.7721,
1484,0.8431,1.7721,
1484,0.8431,1.7721,
1484,0.8432,1.7722,
1484,0.8432,1.7722,
1484,0.8432,1.7722,
1485,0.8432,1.7722,
1485,0.8431,1.7721,
1485,0.8432,1.7722,
1485,0.8432,1.7722,
1485,0.8433,1.7723,
1485,0.8433,1.7723,
1485,0.8432,1.7722,
1485,0.8433,1.7723,
1485,0.8432,1.7722,
1485,0.8432,1.7722,
1486,0.8432,1.7722,
1486,0.8432,1.7722,
1486,0.8433,1.7723,
1486,0.8433,1.7723,
1486,0.8433,1.7723,
1486,0.8433,1.7723,
1486,0.8433,1.7723,
1486,0.8433,1.7723,
1486,0.8432,1.7722,
1486,0.8431,1.7721,
1487,0.8432,1.7722,
1487,0.8431,1.7721,
1487,0.8431,1.7721,
1487,0.8431,1.7721,
1487,0.8432,1.7722,
1487,0.8433,1.7723,
1487,0.8432,1.7722,
1487,0.8432,1.7722,
1487,0.8433,1.7723,
1487,0.8433,1.7723,
1488,0.8433,1.7723,
1488,0.8432,1.7722,
1488,0.8432,1.7722,
1488,0.8432,1.7722,
1488,0.8431,1.7721,
1488,0.8432,1.7722,
1488,0.8431,1.7721,
1488,0.8432,1.7722,
1488,0.8433,1.7723,
1488,0.8433,1.7723,
1489,0.8432,1.7722,
1489,0.8432,1.7722,
1489,0.8431,1.7721,
1489,0.8432,1.7722,
1489,0.8432,1.7722,
1489,0.8433,1.7723,
1489,0.8433,1.7723,
1489,0.8433,1.7723,
1489,0.8433,1.7723,
1489,0.8433,1.7723,
1490,0.8433,1.7723,
1490,0.8432,1.7722,
1490,0.8432,1.7722,
1490,0.8433,1.7723,
1490,0.8432,1.7722,
1490,0.8431,1.7721,
1490,0.8432,1.7722,
1490,0.8432,1.7722,
1490,0.8433,1.7723,
1490,0.8433,1.7723,
1491,0.8432,1.7722,
1491,0.8433,1.7723,
1491,0.8433,1.7723,
1491,0.8433,1.7723,
1491,0.8433,1.7723,
1491,0.8433,1.7723,
1491,0.8433,1.7723,
1491,0.8434,1.7724,
1491,0.8434,1.7724,
1491,0.8434,1.7724,
1492,0.8434,1.7724,
1492,0.8434,1.7724,
1492,0.8433,1.7723,
1492,0.8433,1.7723,
1492,0.8434,1.7724,
1492,0.8434,1.7724,
1492,0.8435,1.7725,
1492,0.8435,1.7725,
1492,0.8434,1.7724,
1492,0.8434,1.7724,
1493,0.8434,1.7724,
1493,0.8435,1.7725,
1493,0.8433,1.7723,
1493,0.8433,1.7723,
1493,0.8434,1.7724,
1493,0.8434,1.7724,
1493,0.8433,1.7723,
1493,0.8434,1.7724,
1493,0.8433,1.7723,
1493,0.8433,1.7723,
1494,0.8433,1.7723,
1494,0.8433,1.7723,
1494,0.8433,1.7723,
1494,0.8433,1.7723,
1494,0.8432,1.7722,
1494,0.8433,1.7723,
1494,0.8434,1.7724,
1494,0.8433,1.7723,
1494,0.8432,1.7722,
1494,0.8433,1.7723,
1495,0.8433,1.7723,
1495,0.8433,1.7723,
1495,0.8433,1.7723,
1495,0.8432,1.7722,
1495,0.8432,1.7722,
1495,0.8433,1.7723,
1495,0.8434,1.7724,
1495,0.8434,1.7724,
1495,0.8434,1.7724,
1495,0.8434,1.7724,
1496,0.8434,1.7724,
1496,0.8434,1.7724,
1496,0.8434,1.7724,
1496,0.8434,1.7724,
1496,0.8434,1.7724,
1496,0.8434,1.7724,
1496,0.8434,1.7724,
1496,0.8434,1.7724,
1496,0.8434,1.7724,
1496,0.8434,1.7724,
1497,0.8434,1.7724,
1497,0.8434,1.7724,
1497,0.8434,1.7724,
1497,0.8434,1.7724,
1497,0.8433,1.7723,
1497,0.8434,1.7724,
1497,0.8433,1.7723,
1497,0.8434,1.7724,
1497,0.8434,1.7724,
1497,0.8434,1.7724,
1498,0.8434,1.7724,
1498,0.8434,1.7724,
1498,0.8433,1.7723,
1498,0.8434,1.7724,
1498,0.8434,1.7724,
1498,0.8434,1.7724,
1498,0.8434,1.7724,
1498,0.8434,1.7724,
1498,0.8434,1.7724,
1498,0.8433,1.7723,
1499,0.8434,1.7724,
1499,0.8434,1.7724,
1499,0.8434,1.7724,
1499,0.8434,1.7724,
1499,0.8434,1.7724,
1499,0.8434,1.7724,
1499,0.8434,1.7724,
1499,0.8433,1.7723,
1499,0.8434,1.7724,
1499,0.8435,1.7725,
1500,0.8435,1.7725,
1500,0.8435,1.7725,
1500,0.8434,1.7724,
1500,0.8435,1.7725,
1500,0.8435,1.7725,
1500,0.8435,1.7725,
1500,0.8434,1.7724,
1500,0.8434,1.7724,
1500,0.8435,1.7725,
1500,0.8434,1.7724,
1501,0.8435,1.7725,
1501,0.8435,1.7725,
1501,0.8435,1.7725,
1501,0.8436,1.7726,
1501,0.8435,1.7725,
1501,0.8434,1.7724,
1501,0.8434,1.7724,
1501,0.8435,1.7725,
1501,0.8435,1.7725,
1501,0.8434,1.7724,
1502,0.8435,1.7725,
1502,0.8434,1.7724,
1502,0.8434,1.7724,
1502,0.8434,1.7724,
1502,0.8434,1.7724,
1502,0.8435,1.7725,
1502,0.8434,1.7724,
1502,0.8434,1.7724,
1502,0.8434,1.7724,
1502,0.8434,1.7724,
1503,0.8435,1.7725,
1503,0.8434,1.7724,
1503,0.8435,1.7725,
1503,0.8434,1.7724,
1503,0.8435,1.7725,
1503,0.8435,1.7725,
1503,0.8434,1.7724,
1503,0.8433,1.7723,
1503,0.8435,1.7725,
1503,0.8435,1.7725,
1504,0.8435,1.7725,
1504,0.8434,1.7724,
1504,0.8435,1.7725,
1504,0.8434,1.7724,
1504,0.8434,1.7724,
1504,0.8434,1.7724,
1504,0.8434,1.7724,
1504,0.8435,1.7725,
1504,0.8436,1.7726,
1504,0.8435,1.7725,
1505,0.8435,1.7725,
1505,0.8435,1.7725,
1505,0.8435,1.7725,
1505,0.8434,1.7724,
1505,0.8434,1.7724,
1505,0.8435,1.7725,
1505,0.8436,1.7726,
1505,0.8436,1.7726,
1505,0.8434,1.7724,
1505,0.8434,1.7724,
1506,0.8435,1.7725,
1506,0.8435,1.7725,
1506,0.8435,1.7725,
1506,0.8435,1.7725,
1506,0.8435,1.7725,
1506,0.8434,1.7724,
1506,0.8434,1.7724,
1506,0.8435,1.7725,
1506,0.8435,1.7725,
1506,0.8435,1.7725,
1507,0.8434,1.7724,
1507,0.8434,1.7724,
1507,0.8435,1.7725,
1507,0.8435,1.7725,
1507,0.8435,1.7725,
1507,0.8435,1.7725,
1507,0.8434,1.7724,
1507,0.8434,1.7724,
1507,0.8435,1.7725,
1507,0.8434,1.7724,
1508,0.8434,1.7724,
1508,0.8435,1.7725,
1508,0.8435,1.7725,
1508,0.8436,1.7726,
1508,0.8436,1.7726,
1508,0.8435,1.7725,
1508,0.8435,1.7725,
1508,0.8436,1.7726,
1508,0.8436,1.7726,
1508,0.8435,1.7725,
1509,0.8434,1.7724,
1509,0.8434,1.7724,
1509,0.8434,1.7724,
1509,0.8435,1.7725,
1509,0.8435,1.7725,
1509,0.8436,1.7726,
1509,0.8435,1.7725,
1509,0.8434,1.7724,
1509,0.8435,1.7725,
1509,0.8435,1.7725,
1510,0.8435,1.7725,
1510,0.8435,1.7725,
1510,0.8435,1.7725,
1510,0.8435,1.7725,
1510,0.8435,1.7725,
1510,0.8435,1.7725,
1510,0.8435,1.7725,
1510,0.8436,1.7726,
1510,0.8436,1.7726,
1510,0.8435,1.7725,
1511,0.8436,1.7726,
1511,0.8437,1.7727,
1511,0.8436,1.7726,
1511,0.8437,1.7727,
1511,0.8436,1.7726,
1511,0.8436,1.7726,
1511,0.8436,1.7726,
1511,0.8437,1.7727,
1511,0.8436,1.7726,
1511,0.8436,1.7726,
1512,0.8436,1.7726,
1512,0.8435,1.7725,
1512,0.8435,1.7725,
1512,0.8436,1.7726,
1512,0.8436,1.7726,
1512,0.8437,1.7727,
1512,0.8436,1.7726,
1512,0.8436,1.7726,
1512,0.8435,1.7725,
1512,0.8436,1.7726,
1513,0.8437,1.7727,
1513,0.8435,1.7725,
1513,0.8435,1.7725,
1513,0.8436,1.7726,
1513,0.8436,1.7726,
1513,0.8436,1.7726,
1513,0.8436,1.7726,
1513,0.8435,1.7725,
1513,0.8436,1.7726,
1513,0.8437,1.7727,
1514,0.8437,1.7727,
1514,0.8436,1.7726,
1514,0.8436,1.7726,
1514,0.8437,1.7727,
1514,0.8436,1.7726,
1514,0.8437,1.7727,
1514,0.8435,1.7725,
1514,0.8436,1.7726,
1514,0.8436,1.7726,
1514,0.8435,1.7725,
1515,0.8435,1.7725,
1515,0.8436,1.7726,
1515,0.8436,1.7726,
1515,0.8435,1.7725,
1515,0.8436,1.7726,
1515,0.8437,1.7727,
1515,0.8437,1.7727,
1515,0.8438,1.7728,
1515,0.8436,1.7726,
1515,0.8436,1.7726,
1516,0.8437,1.7727,
1516,0.8437,1.7727,
1516,0.8435,1.7725,
1516,0.8435,1.7725,
1516,0.8437,1.7727,
1516,0.8437,1.7727,
1516,0.8436,1.7726,
1516,0.8436,1.7726,
1516,0.8436,1.7726,
1516,0.8437,1.7727,
1517,0.8437,1.7727,
1517,0.8437,1.7727,
1517,0.8436,1.7726,
1517,0.8437,1.7727,
1517,0.8438,1.7728,
1517,0.8437,1.7727,
1517,0.8437,1.7727,
1517,0.8436,1.7726,
1517,0.8436,1.7726,
1517,0.8437,1.7727,
1518,0.8436,1.7726,
1518,0.8436,1.7726,
1518,0.8437,1.7727,
1518,0.8436,1.7726,
1518,0.8437,1.7727,
1518,0.8436,1.7726,
1518,0.8436,1.7726,
1518,0.8436,1.7726,
1518,0.8436,1.7726,
1518,0.8437,1.7727,
1519,0.8437,1.7727,
1519,0.8436,1.7726,
1519,0.8436,1.7726,
1519,0.8436,1.7726,
1519,0.8436,1.7726,
1519,0.8436,1.7726,
1519,0.8436,1.7726,
1519,0.8437,1.7727,
1519,0.8437,1.7727,
1519,0.8436,1.7726,
1520,0.8437,1.7727,
1520,0.8437,1.7727,
1520,0.8437,1.7727,
1520,0.8436,1.7726,
1520,0.8436,1.7726,
1520,0.8436,1.7726,
1520,0.8437,1.7727,
1520,0.8437,1.7727,
1520,0.8437,1.7727,
1520,0.8438,1.7728,
1521,0.8437,1.7727,
1521,0.8437,1.7727,
1521,0.8438,1.7728,
1521,0.8439,1.7729,
1521,0.8439,1.7729,
1521,0.8438,1.7728,
1521,0.8438,1.7728,
1521,0.8437,1.7727,
1521,0.8436,1.7726,
1521,0.8436,1.7726,
1522,0.8436,1.7726,
1522,0.8435,1.7725,
1522,0.8435,1.7725,
1522,0.8436,1.7726,
1522,0.8437,1.7727,
1522,0.8438,1.7728,
1522,0.8437,1.7727,
1522,0.8437,1.7727,
1522,0.8438,1.7728,
1522,0.8437,1.7727,
1523,0.8437,1.7727,
1523,0.8437,1.7727,
1523,0.8437,1.7727,
1523,0.8437,1.7727,
1523,0.8436,1.7726,
1523,0.8437,1.7727,
1523,0.8437,1.7727,
1523,0.8436,1.7726,
1523,0.8437,1.7727,
1523,0.8437,1.7727,
1524,0.8436,1.7726,
1524,0.8438,1.7728,
1524,0.8438,1.7728,
1524,0.8438,1.7728,
1524,0.8437,1.7727,
1524,0.8438,1.7728,
1524,0.8439,1.7729,
1524,0.8439,1.7729,
1524,0.8438,1.7728,
1524,0.8437,1.7727,
1525,0.8438,1.7728,
1525,0.8437,1.7727,
1525,0.8437,1.7727,
1525,0.8437,1.7727,
1525,0.8438,1.7728,
1525,0.8438,1.7728,
1525,0.8438,1.7728,
1525,0.8438,1.7728,
1525,0.8439,1.7729,
1525,0.8439,1.7729,
1526,0.8438,1.7728,
1526,0.8439,1.7729,
1526,0.8438,1.7728,
1526,0.8439,1.7729,
1526,0.8439,1.7729,
1526,0.8438,1.7728,
1526,0.8439,1.7729,
1526,0.8437,1.7727,
1526,0.8438,1.7728,
1526,0.8438,1.7728,
1527,0.8439,1.7729,
1527,0.8439,1.7729,
1527,0.8439,1.7729,
1527,0.8438,1.7728,
1527,0.8438,1.7728,
1527,0.8438,1.7728,
1527,0.8438,1.7728,
1527,0.8438,1.7728,
1527,0.8438,1.7728,
1527,0.8438,1.7728,
1528,0.8439,1.7729,
1528,0.8439,1.7729,
1528,0.8439,1.7729,
1528,0.8439,1.7729,
1528,0.8438,1.7728,
1528,0.8438,1.7728,
1528,0.8439,1.7729,
1528,0.8439,1.7729,
1528,0.8439,1.7729,
1528,0.844,1.773,
1529,0.8439,1.7729,
1529,0.844,1.773,
1529,0.8439,1.7729,
1529,0.8439,1.7729,
1529,0.8439,1.7729,
1529,0.8439,1.7729,
1529,0.8439,1.7729,
1529,0.8439,1.7729,
1529,0.844,1.773,
1529,0.8439,1.7729,
1530,0.844,1.773,
1530,0.8441,1.7731,
1530,0.844,1.773,
1530,0.8438,1.7728,
1530,0.8438,1.7728,
1530,0.8438,1.7728,
1530,0.8439,1.7729,
1530,0.8439,1.7729,
1530,0.8439,1.7729,
1530,0.8439,1.7729,
1531,0.844,1.773,
1531,0.8439,1.7729,
1531,0.8439,1.7729,
1531,0.8439,1.7729,
1531,0.8438,1.7728,
1531,0.8438,1.7728,
1531,0.8439,1.7729,
1531,0.844,1.773,
1531,0.8438,1.7728,
1531,0.8438,1.7728,
1532,0.8438,1.7728,
1532,0.8439,1.7729,
1532,0.8439,1.7729,
1532,0.8439,1.7729,
1532,0.8439,1.7729,
1532,0.844,1.773,
1532,0.8439,1.7729,
1532,0.8438,1.7728,
1532,0.8438,1.7728,
1532,0.8438,1.7728,
1533,0.8439,1.7729,
1533,0.8438,1.7728,
1533,0.8438,1.7728,
1533,0.8438,1.7728,
1533,0.8439,1.7729,
1533,0.8438,1.7728,
1533,0.8439,1.7729,
1533,0.844,1.773,
1533,0.844,1.773,
1533,0.8439,1.7729,
1534,0.8439,1.7729,
1534,0.8439,1.7729,
1534,0.8439,1.7729,
1534,0.844,1.773,
1534,0.8439,1.7729,
1534,0.8439,1.7729,
1534,0.8439,1.7729,
1534,0.8439,1.7729,
1534,0.8439,1.7729,
1534,0.8439,1.7729,
1535,0.844,1.773,
1535,0.8439,1.7729,
1535,0.844,1.773,
1535,0.844,1.773,
1535,0.844,1.773,
1535,0.8439,1.7729,
1535,0.8439,1.7729,
1535,0.844,1.773,
1535,0.844,1.773,
1535,0.844,1.773,
1536,0.844,1.773,
1536,0.8441,1.7731,
1536,0.844,1.773,
1536,0.8438,1.7728,
1536,0.8438,1.7728,
1536,0.8438,1.7728,
1536,0.8438,1.7728,
1536,0.8439,1.7729,
1536,0.8439,1.7729,
1536,0.8439,1.7729,
1537,0.844,1.773,
1537,0.844,1.773,
1537,0.8439,1.7729,
1537,0.844,1.773,
1537,0.844,1.773,
1537,0.8441,1.7731,
1537,0.844,1.773,
1537,0.8439,1.7729,
1537,0.8439,1.7729,
1537,0.844,1.773,
1538,0.844,1.773,
1538,0.844,1.773,
1538,0.8439,1.7729,
1538,0.844,1.773,
1538,0.8439,1.7729,
1538,0.844,1.773,
1538,0.844,1.773,
1538,0.8441,1.7731,
1538,0.8441,1.7731,
1538,0.844,1.773,
1539,0.844,1.773,
1539,0.8441,1.7731,
1539,0.844,1.773,
1539,0.8441,1.7731,
1539,0.844,1.773,
1539,0.844,1.773,
1539,0.8441,1.7731,
1539,0.844,1.773,
1539,0.8439,1.7729,
1539,0.8439,1.7729,
1540,0.8439,1.7729,
1540,0.8439,1.7729,
1540,0.8439,1.7729,
1540,0.8439,1.7729,
1540,0.844,1.773,
1540,0.844,1.773,
1540,0.8439,1.7729,
1540,0.844,1.773,
1540,0.844,1.773,
1540,0.8439,1.7729,
1541,0.8439,1.7729,
1541,0.8439,1.7729,
1541,0.8439,1.7729,
1541,0.8438,1.7728,
1541,0.8438,1.7728,
1541,0.8439,1.7729,
1541,0.8439,1.7729,
1541,0.8439,1.7729,
1541,0.8439,1.7729,
1541,0.8439,1.7729,
1542,0.844,1.773,
1542,0.844,1.773,
1542,0.844,1.773,
1542,0.844,1.773,
1542,0.844,1.773,
1542,0.844,1.773,
1542,0.8439,1.7729,
1542,0.8439,1.7729,
1542,0.8438,1.7728,
1542,0.8438,1.7728,
1543,0.8439,1.7729,
1543,0.8439,1.7729,
1543,0.8439,1.7729,
1543,0.844,1.773,
1543,0.8441,1.7731,
1543,0.8441,1.7731,
1543,0.844,1.773,
1543,0.844,1.773,
1543,0.844,1.773,
1543,0.8439,1.7729,
1544,0.8439,1.7729,
1544,0.8439,1.7729,
1544,0.844,1.773,
1544,0.844,1.773,
1544,0.8438,1.7728,
1544,0.8439,1.7729,
1544,0.8441,1.7731,
1544,0.844,1.773,
1544,0.844,1.773,
1544,0.8439,1.7729,
1545,0.844,1.773,
1545,0.844,1.773,
1545,0.844,1.773,
1545,0.844,1.773,
1545,0.844,1.773,
1545,0.844,1.773,
1545,0.844,1.773,
1545,0.8439,1.7729,
1545,0.844,1.773,
1545,0.844,1.773,
1546,0.8441,1.7731,
1546,0.8441,1.7731,
1546,0.844,1.773,
1546,0.844,1.773,
1546,0.844,1.773,
1546,0.8441,1.7731,
1546,0.8441,1.7731,
1546,0.844,1.773,
1546,0.8441,1.7731,
1546,0.8441,1.7731,
1547,0.8441,1.7731,
1547,0.8441,1.7731,
1547,0.8441,1.7731,
1547,0.844,1.773,
1547,0.844,1.773,
1547,0.844,1.773,
1547,0.844,1.773,
1547,0.8441,1.7731,
1547,0.8441,1.7731,
1547,0.8441,1.7731,
1548,0.8441,1.7731,
1548,0.8441,1.7731,
1548,0.8442,1.7732,
1548,0.8441,1.7731,
1548,0.844,1.773,
1548,0.8441,1.7731,
1548,0.8441,1.7731,
1548,0.8441,1.7731,
1548,0.844,1.773,
1548,0.8441,1.7731,
1549,0.8441,1.7731,
1549,0.8442,1.7732,
1549,0.8441,1.7731,
1549,0.844,1.773,
1549,0.844,1.773,
1549,0.8441,1.7731,
1549,0.8441,1.7731,
1549,0.8441,1.7731,
1549,0.8442,1.7732,
1549,0.8441,1.7731,
1550,0.8441,1.7731,
1550,0.8441,1.7731,
1550,0.844,1.773,
1550,0.844,1.773,
1550,0.8439,1.7729,
1550,0.844,1.773,
1550,0.8439,1.7729,
1550,0.844,1.773,
1550,0.844,1.773,
1550,0.8441,1.7731,
1551,0.844,1.773,
1551,0.844,1.773,
1551,0.844,1.773,
1551,0.844,1.773,
1551,0.844,1.773,
1551,0.8441,1.7731,
1551,0.8442,1.7732,
1551,0.8441,1.7731,
1551,0.8441,1.7731,
1551,0.844,1.773,
1552,0.844,1.773,
1552,0.8441,1.7731,
1552,0.8441,1.7731,
1552,0.8441,1.7731,
1552,0.8441,1.7731,
1552,0.844,1.773,
1552,0.8441,1.7731,
1552,0.844,1.773,
1552,0.844,1.773,
1552,0.844,1.773,
1553,0.8441,1.7731,
1553,0.844,1.773,
1553,0.844,1.773,
1553,0.844,1.773,
1553,0.8439,1.7729,
1553,0.844,1.773,
1553,0.8439,1.7729,
1553,0.8438,1.7728,
1553,0.844,1.773,
1553,0.8439,1.7729,
1554,0.8439,1.7729,
1554,0.8439,1.7729,
1554,0.8439,1.7729,
1554,0.844,1.773,
1554,0.844,1.773,
1554,0.8439,1.7729,
1554,0.844,1.773,
1554,0.844,1.773,
1554,0.844,1.773,
1554,0.844,1.773,
1555,0.8441,1.7731,
1555,0.844,1.773,
1555,0.844,1.773,
1555,0.844,1.773,
1555,0.844,1.773,
1555,0.8439,1.7729,
1555,0.8439,1.7729,
1555,0.844,1.773,
1555,0.8441,1.7731,
1555,0.8441,1.7731,
1556,0.8441,1.7731,
1556,0.844,1.773,
1556,0.8441,1.7731,
1556,0.8441,1.7731,
1556,0.8441,1.7731,
1556,0.844,1.773,
1556,0.844,1.773,
1556,0.844,1.773,
1556,0.8441,1.7731,
1556,0.8439,1.7729,
1557,0.844,1.773,
1557,0.844,1.773,
1557,0.844,1.773,
1557,0.8441,1.7731,
1557,0.844,1.773,
1557,0.8441,1.7731,
1557,0.844,1.773,
1557,0.844,1.773,
1557,0.844,1.773,
1557,0.844,1.773,
1558,0.844,1.773,
1558,0.8441,1.7731,
1558,0.844,1.773,
1558,0.844,1.773,
1558,0.844,1.773,
1558,0.8441,1.7731,
1558,0.8441,1.7731,
1558,0.8441,1.7731,
1558,0.8441,1.7731,
1558,0.8441,1.7731,
1559,0.8442,1.7732,
1559,0.8441,1.7731,
1559,0.8441,1.7731,
1559,0.8441,1.7731,
1559,0.844,1.773,
1559,0.844,1.773,
1559,0.8441,1.7731,
1559,0.8441,1.7731,
1559,0.8441,1.7731,
1559,0.8441,1.7731,
1560,0.8441,1.7731,
1560,0.8442,1.7732,
1560,0.8442,1.7732,
1560,0.844,1.773,
1560,0.8441,1.7731,
1560,0.8441,1.7731,
1560,0.844,1.773,
1560,0.8441,1.7731,
1560,0.8441,1.7731,
1560,0.8441,1.7731,
1561,0.8441,1.7731,
1561,0.8442,1.7732,
1561,0.8441,1.7731,
1561,0.8441,1.7731,
1561,0.8441,1.7731,
1561,0.8442,1.7732,
1561,0.8442,1.7732,
1561,0.8442,1.7732,
1561,0.8442,1.7732,
1561,0.8441,1.7731,
1562,0.8441,1.7731,
1562,0.8442,1.7732,
1562,0.8442,1.7732,
1562,0.8442,1.7732,
1562,0.8442,1.7732,
1562,0.8442,1.7732,
1562,0.8442,1.7732,
1562,0.8442,1.7732,
1562,0.8442,1.7732,
1562,0.8442,1.7732,
1563,0.8442,1.7732,
1563,0.8442,1.7732,
1563,0.8443,1.7733,
1563,0.8443,1.7733,
1563,0.8442,1.7732,
1563,0.8443,1.7733,
1563,0.8442,1.7732,
1563,0.8442,1.7732,
1563,0.8443,1.7733,
1563,0.8443,1.7733,
1564,0.8442,1.7732,
1564,0.8442,1.7732,
1564,0.8442,1.7732,
1564,0.8443,1.7733,
1564,0.8443,1.7733,
1564,0.8442,1.7732,
1564,0.8442,1.7732,
1564,0.8443,1.7733,
1564,0.8443,1.7733,
1564,0.8443,1.7733,
1565,0.8442,1.7732,
1565,0.8441,1.7731,
1565,0.8442,1.7732,
1565,0.8442,1.7732,
1565,0.8441,1.7731,
1565,0.8442,1.7732,
1565,0.8443,1.7733,
1565,0.8442,1.7732,
1565,0.8442,1.7732,
1565,0.8442,1.7732,
1566,0.8442,1.7732,
1566,0.8441,1.7731,
1566,0.8442,1.7732,
1566,0.8443,1.7733,
1566,0.8443,1.7733,
1566,0.8443,1.7733,
1566,0.8443,1.7733,
1566,0.8444,1.7734,
1566,0.8443,1.7733,
1566,0.8443,1.7733,
1567,0.8442,1.7732,
1567,0.8443,1.7733,
1567,0.8443,1.7733,
1567,0.8443,1.7733,
1567,0.8443,1.7733,
1567,0.8443,1.7733,
1567,0.8441,1.7731,
1567,0.8443,1.7733,
1567,0.8443,1.7733,
1567,0.8442,1.7732,
1568,0.8442,1.7732,
1568,0.8442,1.7732,
1568,0.8442,1.7732,
1568,0.8442,1.7732,
1568,0.8442,1.7732,
1568,0.8442,1.7732,
1568,0.8442,1.7732,
1568,0.8443,1.7733,
1568,0.8443,1.7733,
1568,0.8443,1.7733,
1569,0.8443,1.7733,
1569,0.8443,1.7733,
1569,0.8443,1.7733,
1569,0.8443,1.7733,
1569,0.8444,1.7734,
1569,0.8443,1.7733,
1569,0.8443,1.7733,
1569,0.8443,1.7733,
1569,0.8443,1.7733,
1569,0.8443,1.7733,
1570,0.8443,1.7733,
1570,0.8443,1.7733,
1570,0.8443,1.7733,
1570,0.8444,1.7734,
1570,0.8444,1.7734,
1570,0.8444,1.7734,
1570,0.8444,1.7734,
1570,0.8444,1.7734,
1570,0.8443,1.7733,
1570,0.8443,1.7733,
1571,0.8443,1.7733,
1571,0.8443,1.7733,
1571,0.8443,1.7733,
1571,0.8444,1.7734,
1571,0.8445,1.7735,
1571,0.8443,1.7733,
1571,0.8442,1.7732,
1571,0.8443,1.7733,
1571,0.8442,1.7732,
1571,0.8442,1.7732,
1572,0.8442,1.7732,
1572,0.8442,1.7732,
1572,0.8443,1.7733,
1572,0.8443,1.7733,
1572,0.8442,1.7732,
1572,0.8443,1.7733,
1572,0.8443,1.7733,
1572,0.8443,1.7733,
1572,0.8443,1.7733,
1572,0.8443,1.7733,
1573,0.8443,1.7733,
1573,0.8444,1.7734,
1573,0.8444,1.7734,
1573,0.8443,1.7733,
1573,0.8442,1.7732,
1573,0.8443,1.7733,
1573,0.8443,1.7733,
1573,0.8444,1.7734,
1573,0.8444,1.7734,
1573,0.8443,1.7733,
1574,0.8443,1.7733,
1574,0.8443,1.7733,
1574,0.8444,1.7734,
1574,0.8443,1.7733,
1574,0.8443,1.7733,
1574,0.8444,1.7734,
1574,0.8444,1.7734,
1574,0.8442,1.7732,
1574,0.8443,1.7733,
1574,0.8443,1.7733,
1575,0.8442,1.7732,
1575,0.8442,1.7732,
1575,0.8442,1.7732,
1575,0.8442,1.7732,
1575,0.8443,1.7733,
1575,0.8443,1.7733,
1575,0.8442,1.7732,
1575,0.8443,1.7733,
1575,0.8443,1.7733,
1575,0.8444,1.7734,
1576,0.8443,1.7733,
1576,0.8442,1.7732,
1576,0.8443,1.7733,
1576,0.8443,1.7733,
1576,0.8444,1.7734,
1576,0.8443,1.7733,
1576,0.8444,1.7734,
1576,0.8444,1.7734,
1576,0.8443,1.7733,
1576,0.8443,1.7733,
1577,0.8444,1.7734,
1577,0.8444,1.7734,
1577,0.8444,1.7734,
1577,0.8444,1.7734,
1577,0.8443,1.7733,
1577,0.8443,1.7733,
1577,0.8444,1.7734,
1577,0.8444,1.7734,
1577,0.8443,1.7733,
1577,0.8442,1.7732,
1578,0.8442,1.7732,
1578,0.8442,1.7732,
1578,0.8443,1.7733,
1578,0.8443,1.7733,
1578,0.8443,1.7733,
1578,0.8444,1.7734,
1578,0.8443,1.7733,
1578,0.8444,1.7734,
1578,0.8443,1.7733,
1578,0.8443,1.7733,
1579,0.8443,1.7733,
1579,0.8444,1.7734,
1579,0.8444,1.7734,
1579,0.8444,1.7734,
1579,0.8443,1.7733,
1579,0.8443,1.7733,
1579,0.8443,1.7733,
1579,0.8443,1.7733,
1579,0.8443,1.7733,
1579,0.8443,1.7733,
1580,0.8443,1.7733,
1580,0.8443,1.7733,
1580,0.8444,1.7734,
1580,0.8445,1.7735,
1580,0.8444,1.7734,
1580,0.8443,1.7733,
1580,0.8443,1.7733,
1580,0.8444,1.7734,
1580,0.8443,1.7733,
1580,0.8444,1.7734,
1581,0.8443,1.7733,
1581,0.8443,1.7733,
1581,0.8444,1.7734,
1581,0.8444,1.7734,
1581,0.8444,1.7734,
1581,0.8445,1.7735,
1581,0.8444,1.7734,
1581,0.8444,1.7734,
1581,0.8444,1.7734,
1581,0.8444,1.7734,
1582,0.8445,1.7735,
1582,0.8444,1.7734,
1582,0.8444,1.7734,
1582,0.8443,1.7733,
1582,0.8443,1.7733,
1582,0.8443,1.7733,
1582,0.8444,1.7734,
1582,0.8445,1.7735,
1582,0.8444,1.7734,
1582,0.8444,1.7734,
1583,0.8444,1.7734,
1583,0.8444,1.7734,
1583,0.8443,1.7733,
1583,0.8444,1.7734,
1583,0.8444,1.7734,
1583,0.8444,1.7734,
1583,0.8444,1.7734,
1583,0.8444,1.7734,
1583,0.8444,1.7734,
1583,0.8444,1.7734,
1584,0.8445,1.7735,
1584,0.8444,1.7734,
1584,0.8444,1.7734,
1584,0.8443,1.7733,
1584,0.8444,1.7734,
1584,0.8444,1.7734,
1584,0.8443,1.7733,
1584,0.8443,1.7733,
1584,0.8444,1.7734,
1584,0.8444,1.7734,
1585,0.8445,1.7735,
1585,0.8444,1.7734,
1585,0.8444,1.7734,
1585,0.8446,1.7736,
1585,0.8446,1.7736,
1585,0.8445,1.7735,
1585,0.8444,1.7734,
1585,0.8445,1.7735,
1585,0.8445,1.7735,
1585,0.8444,1.7734,
1586,0.8443,1.7733,
1586,0.8444,1.7734,
1586,0.8444,1.7734,
1586,0.8444,1.7734,
1586,0.8444,1.7734,
1586,0.8443,1.7733,
1586,0.8443,1.7733,
1586,0.8443,1.7733,
1586,0.8444,1.7734,
1586,0.8444,1.7734,
1587,0.8445,1.7735,
1587,0.8444,1.7734,
1587,0.8444,1.7734,
1587,0.8445,1.7735,
1587,0.8444,1.7734,
1587,0.8445,1.7735,
1587,0.8445,1.7735,
1587,0.8444,1.7734,
1587,0.8444,1.7734,
1587,0.8445,1.7735,
1588,0.8446,1.7736,
1588,0.8446,1.7736,
1588,0.8445,1.7735,
1588,0.8444,1.7734,
1588,0.8444,1.7734,
1588,0.8444,1.7734,
1588,0.8445,1.7735,
1588,0.8444,1.7734,
1588,0.8444,1.7734,
1588,0.8444,1.7734,
1589,0.8444,1.7734,
1589,0.8444,1.7734,
1589,0.8445,1.7735,
1589,0.8445,1.7735,
1589,0.8444,1.7734,
1589,0.8444,1.7734,
1589,0.8445,1.7735,
1589,0.8445,1.7735,
1589,0.8445,1.7735,
1589,0.8445,1.7735,
1590,0.8445,1.7735,
1590,0.8445,1.7735,
1590,0.8445,1.7735,
1590,0.8444,1.7734,
1590,0.8445,1.7735,
1590,0.8445,1.7735,
1590,0.8445,1.7735,
1590,0.8445,1.7735,
1590,0.8445,1.7735,
1590,0.8445,1.7735,
1591,0.8445,1.7735,
1591,0.8445,1.7735,
1591,0.8445,1.7735,
1591,0.8445,1.7735,
1591,0.8446,1.7736,
1591,0.8446,1.7736,
1591,0.8446,1.7736,
1591,0.8445,1.7735,
1591,0.8445,1.7735,
1591,0.8445,1.7735,
1592,0.8445,1.7735,
1592,0.8445,1.7735,
1592,0.8446,1.7736,
1592,0.8446,1.7736,
1592,0.8446,1.7736,
1592,0.8445,1.7735,
1592,0.8445,1.7735,
1592,0.8445,1.7735,
1592,0.8446,1.7736,
1592,0.8447,1.7737,
1593,0.8447,1.7737,
1593,0.8446,1.7736,
1593,0.8446,1.7736,
1593,0.8446,1.7736,
1593,0.8446,1.7736,
1593,0.8446,1.7736,
1593,0.8446,1.7736,
1593,0.8447,1.7737,
1593,0.8447,1.7737,
1593,0.8446,1.7736,
1594,0.8446,1.7736,
1594,0.8447,1.7737,
1594,0.8446,1.7736,
1594,0.8446,1.7736,
1594,0.8445,1.7735,
1594,0.8446,1.7736,
1594,0.8445,1.7735,
1594,0.8446,1.7736,
1594,0.8445,1.7735,
1594,0.8445,1.7735,
1595,0.8445,1.7735,
1595,0.8445,1.7735,
1595,0.8446,1.7736,
1595,0.8445,1.7735,
1595,0.8446,1.7736,
1595,0.8446,1.7736,
1595,0.8446,1.7736,
1595,0.8446,1.7736,
1595,0.8446,1.7736,
1595,0.8446,1.7736,
1596,0.8445,1.7735,
1596,0.8446,1.7736,
1596,0.8446,1.7736,
1596,0.8446,1.7736,
1596,0.8447,1.7737,
1596,0.8446,1.7736,
1596,0.8446,1.7736,
1596,0.8445,1.7735,
1596,0.8445,1.7735,
1596,0.8446,1.7736,
1597,0.8446,1.7736,
1597,0.8446,1.7736,
1597,0.8445,1.7735,
1597,0.8445,1.7735,
1597,0.8445,1.7735,
1597,0.8446,1.7736,
1597,0.8446,1.7736,
1597,0.8445,1.7735,
1597,0.8446,1.7736,
1597,0.8446,1.7736,
1598,0.8446,1.7736,
1598,0.8446,1.7736,
1598,0.8446,1.7736,
1598,0.8446,1.7736,
1598,0.8446,1.7736,
1598,0.8445,1.7735,
1598,0.8445,1.7735,
1598,0.8446,1.7736,
1598,0.8446,1.7736,
1598,0.8447,1.7737,
1599,0.8446,1.7736,
1599,0.8446,1.7736,
1599,0.8445,1.7735,
1599,0.8445,1.7735,
1599,0.8445,1.7735,
1599,0.8446,1.7736,
1599,0.8446,1.7736,
1599,0.8445,1.7735,
1599,0.8445,1.7735,
1599,0.8446,1.7736,
1600,0.8445,1.7735,
1600,0.8445,1.7735,
1600,0.8445,1.7735,
1600,0.8445,1.7735,
1600,0.8446,1.7736,
1600,0.8445,1.7735,
1600,0.8445,1.7735,
1600,0.8446,1.7736,
1600,0.8446,1.7736,
1600,0.8445,1.7735,
1601,0.8446,1.7736,
1601,0.8446,1.7736,
1601,0.8446,1.7736,
1601,0.8447,1.7737,
1601,0.8447,1.7737,
1601,0.8446,1.7736,
1601,0.8446,1.7736,
1601,0.8445,1.7735,
1601,0.8446,1.7736,
1601,0.8447,1.7737,
1602,0.8445,1.7735,
1602,0.8445,1.7735,
1602,0.8444,1.7734,
1602,0.8444,1.7734,
1602,0.8445,1.7735,
1602,0.8445,1.7735,
1602,0.8445,1.7735,
1602,0.8445,1.7735,
1602,0.8446,1.7736,
1602,0.8445,1.7735,
1603,0.8445,1.7735,
1603,0.8445,1.7735,
1603,0.8446,1.7736,
1603,0.8446,1.7736,
1603,0.8446,1.7736,
1603,0.8446,1.7736,
1603,0.8447,1.7737,
1603,0.8447,1.7737,
1603,0.8446,1.7736,
1603,0.8446,1.7736,
1604,0.8445,1.7735,
1604,0.8446,1.7736,
1604,0.8446,1.7736,
1604,0.8446,1.7736,
1604,0.8446,1.7736,
1604,0.8446,1.7736,
1604,0.8445,1.7735,
1604,0.8446,1.7736,
1604,0.8445,1.7735,
1604,0.8444,1.7734,
1605,0.8446,1.7736,
1605,0.8445,1.7735,
1605,0.8445,1.7735,
1605,0.8445,1.7735,
1605,0.8444,1.7734,
1605,0.8445,1.7735,
1605,0.8445,1.7735,
1605,0.8445,1.7735,
1605,0.8444,1.7734,
1605,0.8445,1.7735,
1606,0.8445,1.7735,
1606,0.8444,1.7734,
1606,0.8445,1.7735,
1606,0.8445,1.7735,
1606,0.8446,1.7736,
1606,0.8446,1.7736,
1606,0.8445,1.7735,
1606,0.8445,1.7735,
1606,0.8444,1.7734,
1606,0.8445,1.7735,
1607,0.8445,1.7735,
1607,0.8446,1.7736,
1607,0.8444,1.7734,
1607,0.8445,1.7735,
1607,0.8446,1.7736,
1607,0.8446,1.7736,
1607,0.8445,1.7735,
1607,0.8445,1.7735,
1607,0.8445,1.7735,
1607,0.8446,1.7736,
1608,0.8445,1.7735,
1608,0.8444,1.7734,
1608,0.8444,1.7734,
1608,0.8444,1.7734,
1608,0.8445,1.7735,
1608,0.8446,1.7736,
1608,0.8446,1.7736,
1608,0.8445,1.7735,
1608,0.8446,1.7736,
1608,0.8446,1.7736,
1609,0.8445,1.7735,
1609,0.8446,1.7736,
1609,0.8446,1.7736,
1609,0.8446,1.7736,
1609,0.8445,1.7735,
1609,0.8445,1.7735,
1609,0.8446,1.7736,
1609,0.8446,1.7736,
1609,0.8445,1.7735,
1609,0.8446,1.7736,
1610,0.8446,1.7736,
1610,0.8447,1.7737,
1610,0.8446,1.7736,
1610,0.8446,1.7736,
1610,0.8446,1.7736,
1610,0.8447,1.7737,
1610,0.8447,1.7737,
1610,0.8446,1.7736,
1610,0.8447,1.7737,
1610,0.8447,1.7737,
1611,0.8447,1.7737,
1611,0.8447,1.7737,
1611,0.8446,1.7736,
1611,0.8446,1.7736,
1611,0.8447,1.7737,
1611,0.8446,1.7736,
1611,0.8445,1.7735,
1611,0.8446,1.7736,
1611,0.8447,1.7737,
1611,0.8447,1.7737,
1612,0.8447,1.7737,
1612,0.8447,1.7737,
1612,0.8446,1.7736,
1612,0.8446,1.7736,
1612,0.8446,1.7736,
1612,0.8446,1.7736,
1612,0.8446,1.7736,
1612,0.8446,1.7736,
1612,0.8446,1.7736,
1612,0.8447,1.7737,
1613,0.8447,1.7737,
1613,0.8445,1.7735,
1613,0.8445,1.7735,
1613,0.8446,1.7736,
1613,0.8445,1.7735,
1613,0.8446,1.7736,
1613,0.8446,1.7736,
1613,0.8446,1.7736,
1613,0.8446,1.7736,
1613,0.8446,1.7736,
1614,0.8446,1.7736,
1614,0.8446,1.7736,
1614,0.8446,1.7736,
1614,0.8446,1.7736,
1614,0.8446,1.7736,
1614,0.8446,1.7736,
1614,0.8447,1.7737,
1614,0.8447,1.7737,
1614,0.8447,1.7737,
1614,0.8446,1.7736,
1615,0.8446,1.7736,
1615,0.8447,1.7737,
1615,0.8447,1.7737,
1615,0.8446,1.7736,
1615,0.8446,1.7736,
1615,0.8445,1.7735,
1615,0.8447,1.7737,
1615,0.8446,1.7736,
1615,0.8446,1.7736,
1615,0.8446,1.7736,
1616,0.8446,1.7736,
1616,0.8447,1.7737,
1616,0.8446,1.7736,
1616,0.8446,1.7736,
1616,0.8446,1.7736,
1616,0.8446,1.7736,
1616,0.8446,1.7736,
1616,0.8447,1.7737,
1616,0.8446,1.7736,
1616,0.8446,1.7736,
1617,0.8446,1.7736,
1617,0.8446,1.7736,
1617,0.8447,1.7737,
1617,0.8447,1.7737,
1617,0.8447,1.7737,
1617,0.8447,1.7737,
1617,0.8446,1.7736,
1617,0.8447,1.7737,
1617,0.8446,1.7736,
1617,0.8447,1.7737,
1618,0.8447,1.7737,
1618,0.8447,1.7737,
1618,0.8446,1.7736,
1618,0.8445,1.7735,
1618,0.8446,1.7736,
1618,0.8446,1.7736,
1618,0.8445,1.7735,
1618,0.8446,1.7736,
1618,0.8446,1.7736,
1618,0.8446,1.7736,
1619,0.8447,1.7737,
1619,0.8447,1.7737,
1619,0.8447,1.7737,
1619,0.8447,1.7737,
1619,0.8447,1.7737,
1619,0.8447,1.7737,
1619,0.8447,1.7737,
1619,0.8447,1.7737,
1619,0.8447,1.7737,
1619,0.8446,1.7736,
1620,0.8447,1.7737,
1620,0.8447,1.7737,
1620,0.8447,1.7737,
1620,0.8447,1.7737,
1620,0.8447,1.7737,
1620,0.8447,1.7737,
1620,0.8447,1.7737,
1620,0.8447,1.7737,
1620,0.8447,1.7737,
1620,0.8448,1.7738,
1621,0.8447,1.7737,
1621,0.8448,1.7738,
1621,0.8447,1.7737,
1621,0.8446,1.7736,
1621,0.8447,1.7737,
1621,0.8448,1.7738,
1621,0.8447,1.7737,
1621,0.8448,1.7738,
1621,0.8447,1.7737,
1621,0.8446,1.7736,
1622,0.8447,1.7737,
1622,0.8447,1.7737,
1622,0.8447,1.7737,
1622,0.8447,1.7737,
1622,0.8447,1.7737,
1622,0.8447,1.7737,
1622,0.8447,1.7737,
1622,0.8447,1.7737,
1622,0.8447,1.7737,
1622,0.8447,1.7737,
1623,0.8446,1.7736,
1623,0.8446,1.7736,
1623,0.8446,1.7736,
1623,0.8446,1.7736,
1623,0.8446,1.7736,
1623,0.8447,1.7737,
1623,0.8447,1.7737,
1623,0.8448,1.7738,
1623,0.8448,1.7738,
1623,0.8447,1.7737,
1624,0.8448,1.7738,
1624,0.8448,1.7738,
1624,0.8446,1.7736,
1624,0.8446,1.7736,
1624,0.8447,1.7737,
1624,0.8447,1.7737,
1624,0.8447,1.7737,
1624,0.8447,1.7737,
1624,0.8448,1.7738,
1624,0.8447,1.7737,
1625,0.8447,1.7737,
1625,0.8447,1.7737,
1625,0.8447,1.7737,
1625,0.8446,1.7736,
1625,0.8446,1.7736,
1625,0.8446,1.7736,
1625,0.8448,1.7738,
1625,0.8448,1.7738,
1625,0.8446,1.7736,
1625,0.8446,1.7736,
1626,0.8446,1.7736,
1626,0.8447,1.7737,
1626,0.8448,1.7738,
1626,0.8447,1.7737,
1626,0.8447,1.7737,
1626,0.8447,1.7737,
1626,0.8447,1.7737,
1626,0.8448,1.7738,
1626,0.8448,1.7738,
1626,0.8448,1.7738,
1627,0.8448,1.7738,
1627,0.8448,1.7738,
1627,0.8448,1.7738,
1627,0.8448,1.7738,
1627,0.8448,1.7738,
1627,0.8447,1.7737,
1627,0.8447,1.7737,
1627,0.8447,1.7737,
1627,0.8447,1.7737,
1627,0.8447,1.7737,
1628,0.8448,1.7738,
1628,0.8447,1.7737,
1628,0.8448,1.7738,
1628,0.8449,1.7739,
1628,0.8448,1.7738,
1628,0.8447,1.7737,
1628,0.8447,1.7737,
1628,0.8447,1.7737,
1628,0.8447,1.7737,
1628,0.8447,1.7737,
1629,0.8447,1.7737,
1629,0.8447,1.7737,
1629,0.8447,1.7737,
1629,0.8447,1.7737,
1629,0.8447,1.7737,
1629,0.8447,1.7737,
1629,0.8447,1.7737,
1629,0.8447,1.7737,
1629,0.8447,1.7737,
1629,0.8447,1.7737,
1630,0.8448,1.7738,
1630,0.8447,1.7737,
1630,0.8447,1.7737,
1630,0.8448,1.7738,
1630,0.8449,1.7739,
1630,0.8448,1.7738,
1630,0.8447,1.7737,
1630,0.8447,1.7737,
1630,0.8448,1.7738,
1630,0.8448,1.7738,
1631,0.8448,1.7738,
1631,0.8448,1.7738,
1631,0.8448,1.7738,
1631,0.8448,1.7738,
1631,0.8448,1.7738,
1631,0.8448,1.7738,
1631,0.8448,1.7738,
1631,0.8448,1.7738,
1631,0.8448,1.7738,
1631,0.8448,1.7738,
1632,0.8448,1.7738,
1632,0.8448,1.7738,
1632,0.8447,1.7737,
1632,0.8448,1.7738,
1632,0.8447,1.7737,
1632,0.8448,1.7738,
1632,0.8448,1.7738,
1632,0.8448,1.7738,
1632,0.8448,1.7738,
1632,0.8448,1.7738,
1633,0.8448,1.7738,
1633,0.8449,1.7739,
1633,0.8448,1.7738,
1633,0.8448,1.7738,
1633,0.8447,1.7737,
1633,0.8447,1.7737,
1633,0.8447,1.7737,
1633,0.8447,1.7737,
1633,0.8448,1.7738,
1633,0.8447,1.7737,
1634,0.8447,1.7737,
1634,0.8448,1.7738,
1634,0.8448,1.7738,
1634,0.8448,1.7738,
1634,0.8447,1.7737,
1634,0.8448,1.7738,
1634,0.8448,1.7738,
1634,0.8448,1.7738,
1634,0.8449,1.7739,
1634,0.8449,1.7739,
1635,0.8449,1.7739,
1635,0.8448,1.7738,
1635,0.8449,1.7739,
1635,0.8449,1.7739,
1635,0.8448,1.7738,
1635,0.8449,1.7739,
1635,0.8449,1.7739,
1635,0.8449,1.7739,
1635,0.8449,1.7739,
1635,0.8448,1.7738,
1636,0.8449,1.7739,
1636,0.8449,1.7739,
1636,0.8449,1.7739,
1636,0.8449,1.7739,
1636,0.8448,1.7738,
1636,0.8448,1.7738,
1636,0.8448,1.7738,
1636,0.8448,1.7738,
1636,0.8448,1.7738,
1636,0.8448,1.7738,
1637,0.8448,1.7738,
1637,0.8449,1.7739,
1637,0.8449,1.7739,
1637,0.8449,1.7739,
1637,0.845,1.774,
1637,0.8449,1.7739,
1637,0.8448,1.7738,
1637,0.8449,1.7739,
1637,0.8449,1.7739,
1637,0.8449,1.7739,
1638,0.8449,1.7739,
1638,0.8448,1.7738,
1638,0.8449,1.7739,
1638,0.8449,1.7739,
1638,0.8449,1.7739,
1638,0.8449,1.7739,
1638,0.8449,1.7739,
1638,0.845,1.774,
1638,0.8449,1.7739,
1638,0.8449,1.7739,
1639,0.8449,1.7739,
1639,0.8449,1.7739,
1639,0.8449,1.7739,
1639,0.8449,1.7739,
1639,0.8448,1.7738,
1639,0.8449,1.7739,
1639,0.8449,1.7739,
1639,0.8449,1.7739,
1639,0.8449,1.7739,
1639,0.8449,1.7739,
1640,0.8449,1.7739,
1640,0.8449,1.7739,
1640,0.8449,1.7739,
1640,0.8449,1.7739,
1640,0.845,1.774,
1640,0.8449,1.7739,
1640,0.8449,1.7739,
1640,0.8449,1.7739,
1640,0.8449,1.7739,
1640,0.8449,1.7739,
1641,0.845,1.774,
1641,0.8449,1.7739,
1641,0.8448,1.7738,
1641,0.8449,1.7739,
1641,0.8449,1.7739,
1641,0.8448,1.7738,
1641,0.8449,1.7739,
1641,0.8449,1.7739,
1641,0.8449,1.7739,
1641,0.8448,1.7738,
1642,0.8448,1.7738,
1642,0.8449,1.7739,
1642,0.8449,1.7739,
1642,0.8447,1.7737,
1642,0.8447,1.7737,
1642,0.8448,1.7738,
1642,0.8448,1.7738,
1642,0.8448,1.7738,
1642,0.8448,1.7738,
1642,0.8448,1.7738,
1643,0.8448,1.7738,
1643,0.8449,1.7739,
1643,0.8448,1.7738,
1643,0.8448,1.7738,
1643,0.8449,1.7739,
1643,0.8448,1.7738,
1643,0.8449,1.7739,
1643,0.8448,1.7738,
1643,0.8449,1.7739,
1643,0.8449,1.7739,
1644,0.845,1.774,
1644,0.8449,1.7739,
1644,0.8449,1.7739,
1644,0.8448,1.7738,
1644,0.8449,1.7739,
1644,0.8449,1.7739,
1644,0.8449,1.7739,
1644,0.8449,1.7739,
1644,0.8449,1.7739,
1644,0.8449,1.7739,
1645,0.845,1.774,
1645,0.845,1.774,
1645,0.8449,1.7739,
1645,0.8447,1.7737,
1645,0.8447,1.7737,
1645,0.8449,1.7739,
1645,0.8448,1.7738,
1645,0.8448,1.7738,
1645,0.8449,1.7739,
1645,0.8449,1.7739,
1646,0.8449,1.7739,
1646,0.8449,1.7739,
1646,0.8448,1.7738,
1646,0.8449,1.7739,
1646,0.8449,1.7739,
1646,0.8449,1.7739,
1646,0.845,1.774,
1646,0.845,1.774,
1646,0.8449,1.7739,
1646,0.8449,1.7739,
1647,0.8449,1.7739,
1647,0.8449,1.7739,
1647,0.8449,1.7739,
1647,0.8449,1.7739,
1647,0.845,1.774,
1647,0.845,1.774,
1647,0.8449,1.7739,
1647,0.845,1.774,
1647,0.845,1.774,
1647,0.845,1.774,
1648,0.8449,1.7739,
1648,0.845,1.774,
1648,0.845,1.774,
1648,0.845,1.774,
1648,0.845,1.774,
1648,0.845,1.774,
1648,0.845,1.774,
1648,0.8451,1.7741,
1648,0.845,1.774,
1648,0.845,1.774,
1649,0.8449,1.7739,
1649,0.8449,1.7739,
1649,0.8449,1.7739,
1649,0.845,1.774,
1649,0.8449,1.7739,
1649,0.8449,1.7739,
1649,0.845,1.774,
1649,0.845,1.774,
1649,0.845,1.774,
1649,0.8449,1.7739,
1650,0.8449,1.7739,
1650,0.8449,1.7739,
1650,0.845,1.774,
1650,0.845,1.774,
1650,0.845,1.774,
1650,0.8449,1.7739,
1650,0.845,1.774,
1650,0.8449,1.7739,
1650,0.845,1.774,
1650,0.845,1.774,
1651,0.8449,1.7739,
1651,0.8449,1.7739,
1651,0.845,1.774,
1651,0.845,1.774,
1651,0.8449,1.7739,
1651,0.845,1.774,
1651,0.8451,1.7741,
1651,0.8451,1.7741,
1651,0.8451,1.7741,
1651,0.8451,1.7741,
1652,0.845,1.774,
1652,0.845,1.774,
1652,0.845,1.774,
1652,0.845,1.774,
1652,0.845,1.774,
1652,0.8449,1.7739,
1652,0.8451,1.7741,
1652,0.8451,1.7741,
1652,0.845,1.774,
1652,0.8451,1.7741,
1653,0.8452,1.7742,
1653,0.8451,1.7741,
1653,0.8449,1.7739,
1653,0.845,1.774,
1653,0.845,1.774,
1653,0.845,1.774,
1653,0.845,1.774,
1653,0.845,1.774,
1653,0.845,1.774,
1653,0.8451,1.7741,
1654,0.845,1.774,
1654,0.845,1.774,
1654,0.8451,1.7741,
1654,0.8451,1.7741,
1654,0.845,1.774,
1654,0.8451,1.7741,
1654,0.8451,1.7741,
1654,0.845,1.774,
1654,0.845,1.774,
1654,0.845,1.774,
1655,0.845,1.774,
1655,0.845,1.774,
1655,0.845,1.774,
1655,0.845,1.774,
1655,0.8451,1.7741,
1655,0.8451,1.7741,
1655,0.845,1.774,
1655,0.8451,1.7741,
1655,0.845,1.774,
1655,0.845,1.774,
1656,0.845,1.774,
1656,0.8451,1.7741,
1656,0.8451,1.7741,
1656,0.8451,1.7741,
1656,0.8452,1.7742,
1656,0.8452,1.7742,
1656,0.8452,1.7742,
1656,0.8452,1.7742,
1656,0.8451,1.7741,
1656,0.8451,1.7741,
1657,0.8452,1.7742,
1657,0.8451,1.7741,
1657,0.8451,1.7741,
1657,0.8451,1.7741,
1657,0.8452,1.7742,
1657,0.8452,1.7742,
1657,0.8452,1.7742,
1657,0.8452,1.7742,
1657,0.8452,1.7742,
1657,0.8452,1.7742,
1658,0.8452,1.7742,
1658,0.8451,1.7741,
1658,0.845,1.774,
1658,0.845,1.774,
1658,0.8451,1.7741,
1658,0.8451,1.7741,
1658,0.845,1.774,
1658,0.8451,1.7741,
1658,0.8451,1.7741,
1658,0.8451,1.7741,
1659,0.8451,1.7741,
1659,0.8452,1.7742,
1659,0.8451,1.7741,
1659,0.845,1.774,
1659,0.8451,1.7741,
1659,0.8452,1.7742,
1659,0.8451,1.7741,
1659,0.8452,1.7742,
1659,0.8453,1.7743,
1659,0.8452,1.7742,
1660,0.8452,1.7742,
1660,0.845,1.774,
1660,0.8451,1.7741,
1660,0.8452,1.7742,
1660,0.8452,1.7742,
1660,0.8451,1.7741,
1660,0.8451,1.7741,
1660,0.8452,1.7742,
1660,0.8453,1.7743,
1660,0.8452,1.7742,
1661,0.8452,1.7742,
1661,0.8451,1.7741,
1661,0.8451,1.7741,
1661,0.8451,1.7741,
1661,0.8451,1.7741,
1661,0.8451,1.7741,
1661,0.8451,1.7741,
1661,0.8451,1.7741,
1661,0.8452,1.7742,
1661,0.8452,1.7742,
1662,0.8452,1.7742,
1662,0.8452,1.7742,
1662,0.8451,1.7741,
1662,0.8452,1.7742,
1662,0.8451,1.7741,
1662,0.8452,1.7742,
1662,0.8452,1.7742,
1662,0.8452,1.7742,
1662,0.8452,1.7742,
1662,0.8453,1.7743,
1663,0.8453,1.7743,
1663,0.8452,1.7742,
1663,0.8451,1.7741,
1663,0.8452,1.7742,
1663,0.8452,1.7742,
1663,0.8452,1.7742,
1663,0.8452,1.7742,
1663,0.8452,1.7742,
1663,0.8451,1.7741,
1663,0.845,1.774,
1664,0.8451,1.7741,
1664,0.8451,1.7741,
1664,0.845,1.774,
1664,0.8451,1.7741,
1664,0.8451,1.7741,
1664,0.8451,1.7741,
1664,0.8451,1.7741,
1664,0.8451,1.7741,
1664,0.8452,1.7742,
1664,0.8452,1.7742,
1665,0.8452,1.7742,
1665,0.8452,1.7742,
1665,0.8452,1.7742,
1665,0.8452,1.7742,
1665,0.8452,1.7742,
1665,0.8452,1.7742,
1665,0.8452,1.7742,
1665,0.8451,1.7741,
1665,0.8451,1.7741,
1665,0.8451,1.7741,
1666,0.8451,1.7741,
1666,0.8451,1.7741,
1666,0.8452,1.7742,
1666,0.8452,1.7742,
1666,0.8451,1.7741,
1666,0.8452,1.7742,
1666,0.8451,1.7741,
1666,0.8451,1.7741,
1666,0.8451,1.7741,
1666,0.8451,1.7741,
1667,0.8451,1.7741,
1667,0.8451,1.7741,
1667,0.8451,1.7741,
1667,0.8451,1.7741,
1667,0.8452,1.7742,
1667,0.8452,1.7742,
1667,0.8451,1.7741,
1667,0.8452,1.7742,
1667,0.8451,1.7741,
1667,0.8451,1.7741,
1668,0.8452,1.7742,
1668,0.8452,1.7742,
1668,0.8453,1.7743,
1668,0.8452,1.7742,
1668,0.8451,1.7741,
1668,0.8451,1.7741,
1668,0.8451,1.7741,
1668,0.8451,1.7741,
1668,0.8452,1.7742,
1668,0.8452,1.7742,
1669,0.8452,1.7742,
1669,0.8452,1.7742,
1669,0.8452,1.7742,
1669,0.8452,1.7742,
1669,0.8451,1.7741,
1669,0.8451,1.7741,
1669,0.8452,1.7742,
1669,0.8452,1.7742,
1669,0.8451,1.7741,
1669,0.845,1.774,
1670,0.845,1.774,
1670,0.8451,1.7741,
1670,0.8451,1.7741,
1670,0.8451,1.7741,
1670,0.8451,1.7741,
1670,0.8451,1.7741,
1670,0.8451,1.7741,
1670,0.8451,1.7741,
1670,0.845,1.774,
1670,0.8451,1.7741,
1671,0.8452,1.7742,
1671,0.8451,1.7741,
1671,0.8451,1.7741,
1671,0.8452,1.7742,
1671,0.8452,1.7742,
1671,0.8451,1.7741,
1671,0.8452,1.7742,
1671,0.8451,1.7741,
1671,0.8452,1.7742,
1671,0.8451,1.7741,
1672,0.8452,1.7742,
1672,0.8452,1.7742,
1672,0.8452,1.7742,
1672,0.8452,1.7742,
1672,0.8452,1.7742,
1672,0.8451,1.7741,
1672,0.8452,1.7742,
1672,0.8452,1.7742,
1672,0.8452,1.7742,
1672,0.8451,1.7741,
1673,0.8451,1.7741,
1673,0.8451,1.7741,
1673,0.8452,1.7742,
1673,0.8452,1.7742,
1673,0.8452,1.7742,
1673,0.8452,1.7742,
1673,0.8452,1.7742,
1673,0.8452,1.7742,
1673,0.8452,1.7742,
1673,0.8453,1.7743,
1674,0.8452,1.7742,
1674,0.8453,1.7743,
1674,0.8451,1.7741,
1674,0.8451,1.7741,
1674,0.8451,1.7741,
1674,0.8452,1.7742,
1674,0.8452,1.7742,
1674,0.8452,1.7742,
1674,0.8451,1.7741,
1674,0.8451,1.7741,
1675,0.8452,1.7742,
1675,0.8452,1.7742,
1675,0.8452,1.7742,
1675,0.8453,1.7743,
1675,0.8453,1.7743,
1675,0.8452,1.7742,
1675,0.8452,1.7742,
1675,0.8452,1.7742,
1675,0.8452,1.7742,
1675,0.8451,1.7741,
1676,0.8451,1.7741,
1676,0.8452,1.7742,
1676,0.8452,1.7742,
1676,0.8452,1.7742,
1676,0.8452,1.7742,
1676,0.8451,1.7741,
1676,0.8452,1.7742,
1676,0.8453,1.7743,
1676,0.8453,1.7743,
1676,0.8452,1.7742,
1677,0.8451,1.7741,
1677,0.8452,1.7742,
1677,0.8452,1.7742,
1677,0.8452,1.7742,
1677,0.8452,1.7742,
1677,0.8452,1.7742,
1677,0.8452,1.7742,
1677,0.8452,1.7742,
1677,0.8452,1.7742,
1677,0.8452,1.7742,
1678,0.8452,1.7742,
1678,0.8452,1.7742,
1678,0.8452,1.7742,
1678,0.8452,1.7742,
1678,0.8452,1.7742,
1678,0.8452,1.7742,
1678,0.8452,1.7742,
1678,0.8452,1.7742,
1678,0.8453,1.7743,
1678,0.8453,1.7743,
1679,0.8453,1.7743,
1679,0.8453,1.7743,
1679,0.8453,1.7743,
1679,0.8453,1.7743,
1679,0.8453,1.7743,
1679,0.8453,1.7743,
1679,0.8452,1.7742,
1679,0.8453,1.7743,
1679,0.8453,1.7743,
1679,0.8453,1.7743,
1680,0.8453,1.7743,
1680,0.8453,1.7743,
1680,0.8453,1.7743,
1680,0.8452,1.7742,
1680,0.8452,1.7742,
1680,0.8453,1.7743,
1680,0.8453,1.7743,
1680,0.8452,1.7742,
1680,0.8452,1.7742,
1680,0.8452,1.7742,
1681,0.8453,1.7743,
1681,0.8453,1.7743,
1681,0.8453,1.7743,
1681,0.8453,1.7743,
1681,0.8453,1.7743,
1681,0.8453,1.7743,
1681,0.8453,1.7743,
1681,0.8453,1.7743,
1681,0.8453,1.7743,
1681,0.8453,1.7743,
1682,0.8453,1.7743,
1682,0.8453,1.7743,
1682,0.8453,1.7743,
1682,0.8454,1.7744,
1682,0.8453,1.7743,
1682,0.8453,1.7743,
1682,0.8453,1.7743,
1682,0.8453,1.7743,
1682,0.8454,1.7744,
1682,0.8454,1.7744,
1683,0.8454,1.7744,
1683,0.8453,1.7743,
1683,0.8454,1.7744,
1683,0.8453,1.7743,
1683,0.8454,1.7744,
1683,0.8454,1.7744,
1683,0.8454,1.7744,
1683,0.8453,1.7743,
1683,0.8452,1.7742,
1683,0.8453,1.7743,
1684,0.8453,1.7743,
1684,0.8453,1.7743,
1684,0.8453,1.7743,
1684,0.8453,1.7743,
1684,0.8453,1.7743,
1684,0.8453,1.7743,
1684,0.8453,1.7743,
1684,0.8452,1.7742,
1684,0.8453,1.7743,
1684,0.8453,1.7743,
1685,0.8453,1.7743,
1685,0.8453,1.7743,
1685,0.8453,1.7743,
1685,0.8454,1.7744,
1685,0.8454,1.7744,
1685,0.8454,1.7744,
1685,0.8454,1.7744,
1685,0.8455,1.7745,
1685,0.8455,1.7745,
1685,0.8454,1.7744,
1686,0.8454,1.7744,
1686,0.8454,1.7744,
1686,0.8454,1.7744,
1686,0.8453,1.7743,
1686,0.8454,1.7744,
1686,0.8455,1.7745,
1686,0.8454,1.7744,
1686,0.8453,1.7743,
1686,0.8453,1.7743,
1686,0.8452,1.7742,
1687,0.8453,1.7743,
1687,0.8454,1.7744,
1687,0.8453,1.7743,
1687,0.8452,1.7742,
1687,0.8452,1.7742,
1687,0.8452,1.7742,
1687,0.8452,1.7742,
1687,0.8453,1.7743,
1687,0.8453,1.7743,
1687,0.8454,1.7744,
1688,0.8454,1.7744,
1688,0.8454,1.7744,
1688,0.8454,1.7744,
1688,0.8454,1.7744,
1688,0.8454,1.7744,
1688,0.8454,1.7744,
1688,0.8454,1.7744,
1688,0.8453,1.7743,
1688,0.8453,1.7743,
1688,0.8453,1.7743,
1689,0.8455,1.7745,
1689,0.8454,1.7744,
1689,0.8454,1.7744,
1689,0.8454,1.7744,
1689,0.8454,1.7744,
1689,0.8454,1.7744,
1689,0.8453,1.7743,
1689,0.8453,1.7743,
1689,0.8453,1.7743,
1689,0.8453,1.7743,
1690,0.8453,1.7743,
1690,0.8452,1.7742,
1690,0.8452,1.7742,
1690,0.8453,1.7743,
1690,0.8453,1.7743,
1690,0.8453,1.7743,
1690,0.8454,1.7744,
1690,0.8453,1.7743,
1690,0.8454,1.7744,
1690,0.8454,1.7744,
1691,0.8454,1.7744,
1691,0.8454,1.7744,
1691,0.8453,1.7743,
1691,0.8453,1.7743,
1691,0.8453,1.7743,
1691,0.8454,1.7744,
1691,0.8453,1.7743,
1691,0.8454,1.7744,
1691,0.8453,1.7743,
1691,0.8453,1.7743,
1692,0.8453,1.7743,
1692,0.8453,1.7743,
1692,0.8453,1.7743,
1692,0.8453,1.7743,
1692,0.8453,1.7743,
1692,0.8452,1.7742,
1692,0.8452,1.7742,
1692,0.8452,1.7742,
1692,0.8453,1.7743,
1692,0.8453,1.7743,
1693,0.8453,1.7743,
1693,0.8453,1.7743,
1693,0.8453,1.7743,
1693,0.8453,1.7743,
1693,0.8453,1.7743,
1693,0.8453,1.7743,
1693,0.8453,1.7743,
1693,0.8453,1.7743,
1693,0.8453,1.7743,
1693,0.8453,1.7743,
1694,0.8452,1.7742,
1694,0.8452,1.7742,
1694,0.8453,1.7743,
1694,0.8453,1.7743,
1694,0.8454,1.7744,
1694,0.8453,1.7743,
1694,0.8452,1.7742,
1694,0.8453,1.7743,
1694,0.8452,1.7742,
1694,0.8453,1.7743,
1695,0.8454,1.7744,
1695,0.8453,1.7743,
1695,0.8454,1.7744,
1695,0.8454,1.7744,
1695,0.8454,1.7744,
1695,0.8454,1.7744,
1695,0.8453,1.7743,
1695,0.8453,1.7743,
1695,0.8453,1.7743,
1695,0.8453,1.7743,
1696,0.8452,1.7742,
1696,0.8453,1.7743,
1696,0.8453,1.7743,
1696,0.8453,1.7743,
1696,0.8454,1.7744,
1696,0.8454,1.7744,
1696,0.8454,1.7744,
1696,0.8454,1.7744,
1696,0.8454,1.7744,
1696,0.8455,1.7745,
1697,0.8455,1.7745,
1697,0.8454,1.7744,
1697,0.8453,1.7743,
1697,0.8453,1.7743,
1697,0.8454,1.7744,
1697,0.8455,1.7745,
1697,0.8455,1.7745,
1697,0.8454,1.7744,
1697,0.8454,1.7744,
1697,0.8454,1.7744,
1698,0.8454,1.7744,
1698,0.8454,1.7744,
1698,0.8454,1.7744,
1698,0.8455,1.7745,
1698,0.8455,1.7745,
1698,0.8455,1.7745,
1698,0.8455,1.7745,
1698,0.8455,1.7745,
1698,0.8456,1.7746,
1698,0.8455,1.7745,
1699,0.8455,1.7745,
1699,0.8455,1.7745,
1699,0.8455,1.7745,
1699,0.8453,1.7743,
1699,0.8454,1.7744,
1699,0.8454,1.7744,
1699,0.8454,1.7744,
1699,0.8454,1.7744,
1699,0.8455,1.7745,
1699,0.8454,1.7744,
1700,0.8454,1.7744,
1700,0.8454,1.7744,
1700,0.8454,1.7744,
1700,0.8454,1.7744,
1700,0.8454,1.7744,
1700,0.8455,1.7745,
1700,0.8455,1.7745,
1700,0.8454,1.7744,
1700,0.8453,1.7743,
1700,0.8453,1.7743,
1701,0.8453,1.7743,
1701,0.8453,1.7743,
1701,0.8453,1.7743,
1701,0.8453,1.7743,
1701,0.8453,1.7743,
1701,0.8454,1.7744,
1701,0.8454,1.7744,
1701,0.8454,1.7744,
1701,0.8454,1.7744,
1701,0.8454,1.7744,
1702,0.8454,1.7744,
1702,0.8455,1.7745,
1702,0.8455,1.7745,
1702,0.8454,1.7744,
1702,0.8454,1.7744,
1702,0.8455,1.7745,
1702,0.8455,1.7745,
1702,0.8454,1.7744,
1702,0.8455,1.7745,
1702,0.8454,1.7744,
1703,0.8455,1.7745,
1703,0.8455,1.7745,
1703,0.8455,1.7745,
1703,0.8454,1.7744,
1703,0.8456,1.7746,
1703,0.8456,1.7746,
1703,0.8455,1.7745,
1703,0.8454,1.7744,
1703,0.8454,1.7744,
1703,0.8454,1.7744,
1704,0.8454,1.7744,
1704,0.8454,1.7744,
1704,0.8454,1.7744,
1704,0.8453,1.7743,
1704,0.8454,1.7744,
1704,0.8454,1.7744,
1704,0.8454,1.7744,
1704,0.8454,1.7744,
1704,0.8453,1.7743,
1704,0.8454,1.7744,
1705,0.8453,1.7743,
1705,0.8453,1.7743,
1705,0.8454,1.7744,
1705,0.8454,1.7744,
1705,0.8455,1.7745,
1705,0.8454,1.7744,
1705,0.8453,1.7743,
1705,0.8454,1.7744,
1705,0.8454,1.7744,
1705,0.8454,1.7744,
1706,0.8454,1.7744,
1706,0.8455,1.7745,
1706,0.8455,1.7745,
1706,0.8454,1.7744,
1706,0.8454,1.7744,
1706,0.8455,1.7745,
1706,0.8455,1.7745,
1706,0.8455,1.7745,
1706,0.8455,1.7745,
1706,0.8455,1.7745,
1707,0.8455,1.7745,
1707,0.8455,1.7745,
1707,0.8455,1.7745,
1707,0.8454,1.7744,
1707,0.8454,1.7744,
1707,0.8454,1.7744,
1707,0.8455,1.7745,
1707,0.8455,1.7745,
1707,0.8455,1.7745,
1707,0.8455,1.7745,
1708,0.8455,1.7745,
1708,0.8455,1.7745,
1708,0.8455,1.7745,
1708,0.8454,1.7744,
1708,0.8455,1.7745,
1708,0.8456,1.7746,
1708,0.8456,1.7746,
1708,0.8456,1.7746,
1708,0.8454,1.7744,
1708,0.8455,1.7745,
1709,0.8455,1.7745,
1709,0.8454,1.7744,
1709,0.8455,1.7745,
1709,0.8455,1.7745,
1709,0.8455,1.7745,
1709,0.8456,1.7746,
1709,0.8455,1.7745,
1709,0.8455,1.7745,
1709,0.8457,1.7747,
1709,0.8455,1.7745,
1710,0.8455,1.7745,
1710,0.8455,1.7745,
1710,0.8455,1.7745,
1710,0.8455,1.7745,
1710,0.8455,1.7745,
1710,0.8455,1.7745,
1710,0.8455,1.7745,
1710,0.8456,1.7746,
1710,0.8455,1.7745,
1710,0.8455,1.7745,
1711,0.8455,1.7745,
1711,0.8454,1.7744,
1711,0.8455,1.7745,
1711,0.8455,1.7745,
1711,0.8455,1.7745,
1711,0.8455,1.7745,
1711,0.8454,1.7744,
1711,0.8455,1.7745,
1711,0.8455,1.7745,
1711,0.8455,1.7745,
1712,0.8455,1.7745,
1712,0.8455,1.7745,
1712,0.8454,1.7744,
1712,0.8455,1.7745,
1712,0.8455,1.7745,
1712,0.8455,1.7745,
1712,0.8455,1.7745,
1712,0.8455,1.7745,
1712,0.8455,1.7745,
1712,0.8455,1.7745,
1713,0.8456,1.7746,
1713,0.8456,1.7746,
1713,0.8455,1.7745,
1713,0.8456,1.7746,
1713,0.8456,1.7746,
1713,0.8455,1.7745,
1713,0.8455,1.7745,
1713,0.8454,1.7744,
1713,0.8454,1.7744,
1713,0.8455,1.7745,
1714,0.8456,1.7746,
1714,0.8457,1.7747,
1714,0.8457,1.7747,
1714,0.8456,1.7746,
1714,0.8455,1.7745,
1714,0.8454,1.7744,
1714,0.8455,1.7745,
1714,0.8455,1.7745,
1714,0.8455,1.7745,
1714,0.8456,1.7746,
1715,0.8455,1.7745,
1715,0.8455,1.7745,
1715,0.8455,1.7745,
1715,0.8455,1.7745,
1715,0.8456,1.7746,
1715,0.8455,1.7745,
1715,0.8456,1.7746,
1715,0.8456,1.7746,
1715,0.8455,1.7745,
1715,0.8455,1.7745,
1716,0.8456,1.7746,
1716,0.8454,1.7744,
1716,0.8454,1.7744,
1716,0.8454,1.7744,
1716,0.8454,1.7744,
1716,0.8455,1.7745,
1716,0.8456,1.7746,
1716,0.8455,1.7745,
1716,0.8456,1.7746,
1716,0.8455,1.7745,
1717,0.8455,1.7745,
1717,0.8455,1.7745,
1717,0.8456,1.7746,
1717,0.8456,1.7746,
1717,0.8455,1.7745,
1717,0.8456,1.7746,
1717,0.8457,1.7747,
1717,0.8456,1.7746,
1717,0.8455,1.7745,
1717,0.8455,1.7745,
1718,0.8456,1.7746,
1718,0.8455,1.7745,
1718,0.8456,1.7746,
1718,0.8456,1.7746,
1718,0.8456,1.7746,
1718,0.8456,1.7746,
1718,0.8456,1.7746,
1718,0.8455,1.7745,
1718,0.8455,1.7745,
1718,0.8456,1.7746,
1719,0.8456,1.7746,
1719,0.8455,1.7745,
1719,0.8455,1.7745,
1719,0.8455,1.7745,
1719,0.8455,1.7745,
1719,0.8455,1.7745,
1719,0.8456,1.7746,
1719,0.8455,1.7745,
1719,0.8456,1.7746,
1719,0.8455,1.7745,
1720,0.8455,1.7745,
1720,0.8455,1.7745,
1720,0.8456,1.7746,
1720,0.8457,1.7747,
1720,0.8457,1.7747,
1720,0.8457,1.7747,
1720,0.8457,1.7747,
1720,0.8456,1.7746,
1720,0.8456,1.7746,
1720,0.8456,1.7746,
1721,0.8456,1.7746,
1721,0.8456,1.7746,
1721,0.8456,1.7746,
1721,0.8456,1.7746,
1721,0.8456,1.7746,
1721,0.8456,1.7746,
1721,0.8456,1.7746,
1721,0.8456,1.7746,
1721,0.8457,1.7747,
1721,0.8458,1.7748,
1722,0.8456,1.7746,
1722,0.8456,1.7746,
1722,0.8455,1.7745,
1722,0.8455,1.7745,
1722,0.8456,1.7746,
1722,0.8456,1.7746,
1722,0.8455,1.7745,
1722,0.8456,1.7746,
1722,0.8456,1.7746,
1722,0.8457,1.7747,
1723,0.8457,1.7747,
1723,0.8457,1.7747,
1723,0.8456,1.7746,
1723,0.8456,1.7746,
1723,0.8457,1.7747,
1723,0.8458,1.7748,
1723,0.8457,1.7747,
1723,0.8456,1.7746,
1723,0.8457,1.7747,
1723,0.8456,1.7746,
1724,0.8456,1.7746,
1724,0.8456,1.7746,
1724,0.8457,1.7747,
1724,0.8456,1.7746,
1724,0.8456,1.7746,
1724,0.8458,1.7748,
1724,0.8457,1.7747,
1724,0.8455,1.7745,
1724,0.8456,1.7746,
1724,0.8457,1.7747,
1725,0.8457,1.7747,
1725,0.8457,1.7747,
1725,0.8456,1.7746,
1725,0.8456,1.7746,
1725,0.8457,1.7747,
1725,0.8457,1.7747,
1725,0.8457,1.7747,
1725,0.8456,1.7746,
1725,0.8456,1.7746,
1725,0.8456,1.7746,
1726,0.8456,1.7746,
1726,0.8456,1.7746,
1726,0.8456,1.7746,
1726,0.8456,1.7746,
1726,0.8456,1.7746,
1726,0.8456,1.7746,
1726,0.8457,1.7747,
1726,0.8457,1.7747,
1726,0.8456,1.7746,
1726,0.8456,1.7746,
1727,0.8456,1.7746,
1727,0.8456,1.7746,
1727,0.8457,1.7747,
1727,0.8457,1.7747,
1727,0.8457,1.7747,
1727,0.8457,1.7747,
1727,0.8458,1.7748,
1727,0.8457,1.7747,
1727,0.8457,1.7747,
1727,0.8456,1.7746,
1728,0.8456,1.7746,
1728,0.8456,1.7746,
1728,0.8456,1.7746,
1728,0.8456,1.7746,
1728,0.8457,1.7747,
1728,0.8457,1.7747,
1728,0.8457,1.7747,
1728,0.8457,1.7747,
1728,0.8458,1.7748,
1728,0.8456,1.7746,
1729,0.8456,1.7746,
1729,0.8455,1.7745,
1729,0.8455,1.7745,
1729,0.8456,1.7746,
1729,0.8455,1.7745,
1729,0.8455,1.7745,
1729,0.8455,1.7745,
1729,0.8455,1.7745,
1729,0.8456,1.7746,
1729,0.8456,1.7746,
1730,0.8456,1.7746,
1730,0.8456,1.7746,
1730,0.8456,1.7746,
1730,0.8456,1.7746,
1730,0.8457,1.7747,
1730,0.8457,1.7747,
1730,0.8456,1.7746,
1730,0.8457,1.7747,
1730,0.8456,1.7746,
1730,0.8456,1.7746,
1731,0.8456,1.7746,
1731,0.8456,1.7746,
1731,0.8456,1.7746,
1731,0.8456,1.7746,
1731,0.8456,1.7746,
1731,0.8457,1.7747,
1731,0.8456,1.7746,
1731,0.8456,1.7746,
1731,0.8456,1.7746,
1731,0.8457,1.7747,
1732,0.8456,1.7746,
1732,0.8456,1.7746,
1732,0.8456,1.7746,
1732,0.8456,1.7746,
1732,0.8455,1.7745,
1732,0.8455,1.7745,
1732,0.8456,1.7746,
1732,0.8456,1.7746,
1732,0.8457,1.7747,
1732,0.8457,1.7747,
1733,0.8456,1.7746,
1733,0.8457,1.7747,
1733,0.8457,1.7747,
1733,0.8457,1.7747,
1733,0.8457,1.7747,
1733,0.8457,1.7747,
1733,0.8456,1.7746,
1733,0.8457,1.7747,
1733,0.8457,1.7747,
1733,0.8457,1.7747,
1734,0.8457,1.7747,
1734,0.8457,1.7747,
1734,0.8457,1.7747,
1734,0.8458,1.7748,
1734,0.8457,1.7747,
1734,0.8458,1.7748,
1734,0.8458,1.7748,
1734,0.8457,1.7747,
1734,0.8457,1.7747,
1734,0.8457,1.7747,
1735,0.8457,1.7747,
1735,0.8457,1.7747,
1735,0.8457,1.7747,
1735,0.8458,1.7748,
1735,0.8458,1.7748,
1735,0.8458,1.7748,
1735,0.8457,1.7747,
1735,0.8457,1.7747,
1735,0.8457,1.7747,
1735,0.8457,1.7747,
1736,0.8457,1.7747,
1736,0.8456,1.7746,
1736,0.8457,1.7747,
1736,0.8457,1.7747,
1736,0.8456,1.7746,
1736,0.8457,1.7747,
1736,0.8457,1.7747,
1736,0.8457,1.7747,
1736,0.8456,1.7746,
1736,0.8456,1.7746,
1737,0.8456,1.7746,
1737,0.8456,1.7746,
1737,0.8456,1.7746,
1737,0.8457,1.7747,
1737,0.8456,1.7746,
1737,0.8456,1.7746,
1737,0.8455,1.7745,
1737,0.8456,1.7746,
1737,0.8457,1.7747,
1737,0.8457,1.7747,
1738,0.8458,1.7748,
1738,0.8458,1.7748,
1738,0.8457,1.7747,
1738,0.8457,1.7747,
1738,0.8457,1.7747,
1738,0.8456,1.7746,
1738,0.8456,1.7746,
1738,0.8456,1.7746,
1738,0.8456,1.7746,
1738,0.8456,1.7746,
1739,0.8457,1.7747,
1739,0.8457,1.7747,
1739,0.8457,1.7747,
1739,0.8457,1.7747,
1739,0.8456,1.7746,
1739,0.8456,1.7746,
1739,0.8456,1.7746,
1739,0.8456,1.7746,
1739,0.8456,1.7746,
1739,0.8456,1.7746,
1740,0.8456,1.7746,
1740,0.8455,1.7745,
1740,0.8456,1.7746,
1740,0.8456,1.7746,
1740,0.8457,1.7747,
1740,0.8456,1.7746,
1740,0.8456,1.7746,
1740,0.8456,1.7746,
1740,0.8457,1.7747,
1740,0.8457,1.7747,
1741,0.8457,1.7747,
1741,0.8457,1.7747,
1741,0.8457,1.7747,
1741,0.8457,1.7747,
1741,0.8457,1.7747,
1741,0.8458,1.7748,
1741,0.8458,1.7748,
1741,0.8457,1.7747,
1741,0.8458,1.7748,
1741,0.8457,1.7747,
1742,0.8457,1.7747,
1742,0.8457,1.7747,
1742,0.8457,1.7747,
1742,0.8457,1.7747,
1742,0.8457,1.7747,
1742,0.8458,1.7748,
1742,0.8457,1.7747,
1742,0.8458,1.7748,
1742,0.8458,1.7748,
1742,0.8458,1.7748,
1743,0.8458,1.7748,
1743,0.8457,1.7747,
1743,0.8457,1.7747,
1743,0.8458,1.7748,
1743,0.8458,1.7748,
1743,0.8458,1.7748,
1743,0.8458,1.7748,
1743,0.8459,1.7749,
1743,0.8459,1.7749,
1743,0.8458,1.7748,
1744,0.8458,1.7748,
1744,0.8458,1.7748,
1744,0.8458,1.7748,
1744,0.8458,1.7748,
1744,0.8458,1.7748,
1744,0.8458,1.7748,
1744,0.8459,1.7749,
1744,0.8459,1.7749,
1744,0.8458,1.7748,
1744,0.8458,1.7748,
1745,0.8458,1.7748,
1745,0.8457,1.7747,
1745,0.8458,1.7748,
1745,0.8458,1.7748,
1745,0.8458,1.7748,
1745,0.8458,1.7748,
1745,0.8458,1.7748,
1745,0.8458,1.7748,
1745,0.8458,1.7748,
1745,0.8458,1.7748,
1746,0.8457,1.7747,
1746,0.8458,1.7748,
1746,0.8458,1.7748,
1746,0.8459,1.7749,
1746,0.8458,1.7748,
1746,0.8458,1.7748,
1746,0.8458,1.7748,
1746,0.8457,1.7747,
1746,0.8457,1.7747,
1746,0.8458,1.7748,
1747,0.8458,1.7748,
1747,0.8458,1.7748,
1747,0.8458,1.7748,
1747,0.8458,1.7748,
1747,0.8457,1.7747,
1747,0.8458,1.7748,
1747,0.8458,1.7748,
1747,0.8458,1.7748,
1747,0.8459,1.7749,
1747,0.8459,1.7749,
1748,0.8459,1.7749,
1748,0.8458,1.7748,
1748,0.8458,1.7748,
1748,0.8458,1.7748,
1748,0.8458,1.7748,
1748,0.8458,1.7748,
1748,0.8458,1.7748,
1748,0.8459,1.7749,
1748,0.8458,1.7748,
1748,0.8457,1.7747,
1749,0.8457,1.7747,
1749,0.8457,1.7747,
1749,0.8457,1.7747,
1749,0.8457,1.7747,
1749,0.8458,1.7748,
1749,0.8457,1.7747,
1749,0.8458,1.7748,
1749,0.8457,1.7747,
1749,0.8458,1.7748,
1749,0.8459,1.7749,
1750,0.8458,1.7748,
1750,0.8458,1.7748,
1750,0.8458,1.7748,
1750,0.8458,1.7748,
1750,0.8458,1.7748,
1750,0.8458,1.7748,
1750,0.8457,1.7747,
1750,0.8457,1.7747,
1750,0.8457,1.7747,
1750,0.8457,1.7747,
1751,0.8458,1.7748,
1751,0.8458,1.7748,
1751,0.8457,1.7747,
1751,0.8457,1.7747,
1751,0.8458,1.7748,
1751,0.8457,1.7747,
1751,0.8457,1.7747,
1751,0.8456,1.7746,
1751,0.8458,1.7748,
1751,0.8457,1.7747,
1752,0.8457,1.7747,
1752,0.8457,1.7747,
1752,0.8457,1.7747,
1752,0.8458,1.7748,
1752,0.8458,1.7748,
1752,0.8457,1.7747,
1752,0.8457,1.7747,
1752,0.8458,1.7748,
1752,0.8458,1.7748,
1752,0.8458,1.7748,
1753,0.8457,1.7747,
1753,0.8458,1.7748,
1753,0.8457,1.7747,
1753,0.8458,1.7748,
1753,0.8458,1.7748,
1753,0.8458,1.7748,
1753,0.8458,1.7748,
1753,0.8458,1.7748,
1753,0.8458,1.7748,
1753,0.8458,1.7748,
1754,0.8458,1.7748,
1754,0.8458,1.7748,
1754,0.8458,1.7748,
1754,0.8456,1.7746,
1754,0.8457,1.7747,
1754,0.8458,1.7748,
1754,0.8458,1.7748,
1754,0.8458,1.7748,
1754,0.8458,1.7748,
1754,0.8458,1.7748,
1755,0.8457,1.7747,
1755,0.8458,1.7748,
1755,0.8459,1.7749,
1755,0.8459,1.7749,
1755,0.8458,1.7748,
1755,0.8457,1.7747,
1755,0.8458,1.7748,
1755,0.8459,1.7749,
1755,0.8459,1.7749,
1755,0.8458,1.7748,
1756,0.8458,1.7748,
1756,0.8459,1.7749,
1756,0.8459,1.7749,
1756,0.8459,1.7749,
1756,0.8459,1.7749,
1756,0.8458,1.7748,
1756,0.8458,1.7748,
1756,0.8458,1.7748,
1756,0.8459,1.7749,
1756,0.8459,1.7749,
1757,0.8459,1.7749,
1757,0.8458,1.7748,
1757,0.8459,1.7749,
1757,0.8459,1.7749,
1757,0.8459,1.7749,
1757,0.8459,1.7749,
1757,0.8458,1.7748,
1757,0.8457,1.7747,
1757,0.8458,1.7748,
1757,0.8459,1.7749,
1758,0.8458,1.7748,
1758,0.8458,1.7748,
1758,0.8457,1.7747,
1758,0.8458,1.7748,
1758,0.8458,1.7748,
1758,0.8459,1.7749,
1758,0.8459,1.7749,
1758,0.8458,1.7748,
1758,0.8458,1.7748,
1758,0.8458,1.7748,
1759,0.8458,1.7748,
1759,0.8459,1.7749,
1759,0.8458,1.7748,
1759,0.8458,1.7748,
1759,0.8459,1.7749,
1759,0.8458,1.7748,
1759,0.8459,1.7749,
1759,0.8459,1.7749,
1759,0.8457,1.7747,
1759,0.8459,1.7749,
1760,0.8458,1.7748,
1760,0.8459,1.7749,
1760,0.846,1.775,
1760,0.8459,1.7749,
1760,0.8458,1.7748,
1760,0.8458,1.7748,
1760,0.8458,1.7748,
1760,0.8459,1.7749,
1760,0.8459,1.7749,
1760,0.8459,1.7749,
1761,0.846,1.775,
1761,0.8459,1.7749,
1761,0.8459,1.7749,
1761,0.8459,1.7749,
1761,0.846,1.775,
1761,0.8459,1.7749,
1761,0.8458,1.7748,
1761,0.8459,1.7749,
1761,0.8459,1.7749,
1761,0.8459,1.7749,
1762,0.8459,1.7749,
1762,0.846,1.775,
1762,0.846,1.775,
1762,0.846,1.775,
1762,0.8459,1.7749,
1762,0.8459,1.7749,
1762,0.846,1.775,
1762,0.8459,1.7749,
1762,0.846,1.775,
1762,0.846,1.775,
1763,0.846,1.775,
1763,0.846,1.775,
1763,0.8459,1.7749,
1763,0.846,1.775,
1763,0.846,1.775,
1763,0.8459,1.7749,
1763,0.8459,1.7749,
1763,0.846,1.775,
1763,0.846,1.775,
1763,0.8459,1.7749,
1764,0.8459,1.7749,
1764,0.8459,1.7749,
1764,0.8459,1.7749,
1764,0.8459,1.7749,
1764,0.8459,1.7749,
1764,0.846,1.775,
1764,0.8459,1.7749,
1764,0.8459,1.7749,
1764,0.846,1.775,
1764,0.846,1.775,
1765,0.8459,1.7749,
1765,0.8458,1.7748,
1765,0.8458,1.7748,
1765,0.8458,1.7748,
1765,0.8458,1.7748,
1765,0.8458,1.7748,
1765,0.8458,1.7748,
1765,0.8459,1.7749,
1765,0.8459,1.7749,
1765,0.8458,1.7748,
1766,0.8459,1.7749,
1766,0.8458,1.7748,
1766,0.8459,1.7749,
1766,0.8459,1.7749,
1766,0.846,1.775,
1766,0.846,1.775,
1766,0.8459,1.7749,
1766,0.8459,1.7749,
1766,0.8459,1.7749,
1766,0.846,1.775,
1767,0.8459,1.7749,
1767,0.8459,1.7749,
1767,0.8459,1.7749,
1767,0.8459,1.7749,
1767,0.846,1.775,
1767,0.846,1.775,
1767,0.846,1.775,
1767,0.846,1.775,
1767,0.846,1.775,
1767,0.8461,1.7751,
1768,0.846,1.775,
1768,0.8459,1.7749,
1768,0.8459,1.7749,
1768,0.8459,1.7749,
1768,0.8459,1.7749,
1768,0.846,1.775,
1768,0.846,1.775,
1768,0.8459,1.7749,
1768,0.846,1.775,
1768,0.8459,1.7749,
1769,0.8459,1.7749,
1769,0.8461,1.7751,
1769,0.8459,1.7749,
1769,0.846,1.775,
1769,0.8461,1.7751,
1769,0.8461,1.7751,
1769,0.846,1.775,
1769,0.8459,1.7749,
1769,0.846,1.775,
1769,0.846,1.775,
1770,0.8459,1.7749,
1770,0.8459,1.7749,
1770,0.8459,1.7749,
1770,0.846,1.775,
1770,0.846,1.775,
1770,0.8461,1.7751,
1770,0.8461,1.7751,
1770,0.846,1.775,
1770,0.846,1.775,
1770,0.8461,1.7751,
1771,0.846,1.775,
1771,0.846,1.775,
1771,0.8459,1.7749,
1771,0.846,1.775,
1771,0.8459,1.7749,
1771,0.8459,1.7749,
1771,0.8459,1.7749,
1771,0.846,1.775,
1771,0.846,1.775,
1771,0.846,1.775,
1772,0.846,1.775,
1772,0.846,1.775,
1772,0.8459,1.7749,
1772,0.8459,1.7749,
1772,0.8459,1.7749,
1772,0.8459,1.7749,
1772,0.8461,1.7751,
1772,0.846,1.775,
1772,0.846,1.775,
1772,0.846,1.775,
1773,0.846,1.775,
1773,0.846,1.775,
1773,0.8461,1.7751,
1773,0.846,1.775,
1773,0.846,1.775,
1773,0.846,1.775,
1773,0.8462,1.7752,
1773,0.8461,1.7751,
1773,0.8461,1.7751,
1773,0.8461,1.7751,
1774,0.8461,1.7751,
1774,0.8461,1.7751,
1774,0.8459,1.7749,
1774,0.8459,1.7749,
1774,0.8459,1.7749,
1774,0.8459,1.7749,
1774,0.8459,1.7749,
1774,0.846,1.775,
1774,0.8461,1.7751,
1774,0.8461,1.7751,
1775,0.846,1.775,
1775,0.846,1.775,
1775,0.8459,1.7749,
1775,0.846,1.775,
1775,0.846,1.775,
1775,0.846,1.775,
1775,0.8461,1.7751,
1775,0.8461,1.7751,
1775,0.846,1.775,
1775,0.846,1.775,
1776,0.846,1.775,
1776,0.846,1.775,
1776,0.846,1.775,
1776,0.8461,1.7751,
1776,0.8461,1.7751,
1776,0.846,1.775,
1776,0.846,1.775,
1776,0.8458,1.7748,
1776,0.846,1.775,
1776,0.846,1.775,
1777,0.8459,1.7749,
1777,0.8459,1.7749,
1777,0.846,1.775,
1777,0.846,1.775,
1777,0.846,1.775,
1777,0.846,1.775,
1777,0.846,1.775,
1777,0.846,1.775,
1777,0.846,1.775,
1777,0.8461,1.7751,
1778,0.8461,1.7751,
1778,0.8461,1.7751,
1778,0.8461,1.7751,
1778,0.846,1.775,
1778,0.8461,1.7751,
1778,0.846,1.775,
1778,0.8461,1.7751,
1778,0.8462,1.7752,
1778,0.8462,1.7752,
1778,0.8461,1.7751,
1779,0.8461,1.7751,
1779,0.846,1.775,
1779,0.8461,1.7751,
1779,0.8461,1.7751,
1779,0.846,1.775,
1779,0.8462,1.7752,
1779,0.8461,1.7751,
1779,0.8459,1.7749,
1779,0.846,1.775,
1779,0.846,1.775,
1780,0.846,1.775,
1780,0.846,1.775,
1780,0.846,1.775,
1780,0.8461,1.7751,
1780,0.846,1.775,
1780,0.846,1.775,
1780,0.8461,1.7751,
1780,0.846,1.775,
1780,0.8461,1.7751,
1780,0.8461,1.7751,
1781,0.8461,1.7751,
1781,0.8461,1.7751,
1781,0.846,1.775,
1781,0.8461,1.7751,
1781,0.8461,1.7751,
1781,0.8461,1.7751,
1781,0.8461,1.7751,
1781,0.8461,1.7751,
1781,0.846,1.775,
1781,0.8461,1.7751,
1782,0.8461,1.7751,
1782,0.8462,1.7752,
1782,0.8461,1.7751,
1782,0.8462,1.7752,
1782,0.8461,1.7751,
1782,0.8462,1.7752,
1782,0.8462,1.7752,
1782,0.8461,1.7751,
1782,0.8461,1.7751,
1782,0.8462,1.7752,
1783,0.8463,1.7753,
1783,0.8462,1.7752,
1783,0.8461,1.7751,
1783,0.846,1.775,
1783,0.8461,1.7751,
1783,0.8462,1.7752,
1783,0.8461,1.7751,
1783,0.8461,1.7751,
1783,0.8462,1.7752,
1783,0.8461,1.7751,
1784,0.8461,1.7751,
1784,0.8461,1.7751,
1784,0.8461,1.7751,
1784,0.846,1.775,
1784,0.8461,1.7751,
1784,0.846,1.775,
1784,0.8462,1.7752,
1784,0.8461,1.7751,
1784,0.846,1.775,
1784,0.8459,1.7749,
1785,0.8459,1.7749,
1785,0.846,1.775,
1785,0.846,1.775,
1785,0.846,1.775,
1785,0.846,1.775,
1785,0.846,1.775,
1785,0.8461,1.7751,
1785,0.8461,1.7751,
1785,0.8461,1.7751,
1785,0.8461,1.7751,
1786,0.8461,1.7751,
1786,0.8461,1.7751,
1786,0.8461,1.7751,
1786,0.8461,1.7751,
1786,0.8461,1.7751,
1786,0.8462,1.7752,
1786,0.8461,1.7751,
1786,0.8461,1.7751,
1786,0.8462,1.7752,
1786,0.8462,1.7752,
1787,0.8461,1.7751,
1787,0.8462,1.7752,
1787,0.8461,1.7751,
1787,0.8461,1.7751,
1787,0.8461,1.7751,
1787,0.8462,1.7752,
1787,0.8462,1.7752,
1787,0.846,1.775,
1787,0.8461,1.7751,
1787,0.8461,1.7751,
1788,0.8461,1.7751,
1788,0.8461,1.7751,
1788,0.8461,1.7751,
1788,0.8461,1.7751,
1788,0.8461,1.7751,
1788,0.8461,1.7751,
1788,0.8462,1.7752,
1788,0.8462,1.7752,
1788,0.8462,1.7752,
1788,0.8461,1.7751,
1789,0.8461,1.7751,
1789,0.8461,1.7751,
1789,0.8462,1.7752,
1789,0.8462,1.7752,
1789,0.8461,1.7751,
1789,0.8462,1.7752,
1789,0.8462,1.7752,
1789,0.8462,1.7752,
1789,0.8462,1.7752,
1789,0.8462,1.7752,
1790,0.8462,1.7752,
1790,0.8462,1.7752,
1790,0.8462,1.7752,
1790,0.8462,1.7752,
1790,0.846,1.775,
1790,0.846,1.775,
1790,0.8461,1.7751,
1790,0.8461,1.7751,
1790,0.8462,1.7752,
1790,0.8461,1.7751,
1791,0.8461,1.7751,
1791,0.8462,1.7752,
1791,0.8462,1.7752,
1791,0.8462,1.7752,
1791,0.8461,1.7751,
1791,0.8462,1.7752,
1791,0.8462,1.7752,
1791,0.8462,1.7752,
1791,0.8462,1.7752,
1791,0.8462,1.7752,
1792,0.8463,1.7753,
1792,0.8462,1.7752,
1792,0.8462,1.7752,
1792,0.8461,1.7751,
1792,0.8462,1.7752,
1792,0.8462,1.7752,
1792,0.8462,1.7752,
1792,0.8462,1.7752,
1792,0.8462,1.7752,
1792,0.8463,1.7753,
1793,0.8463,1.7753,
1793,0.8462,1.7752,
1793,0.8463,1.7753,
1793,0.8462,1.7752,
1793,0.8462,1.7752,
1793,0.8461,1.7751,
1793,0.8461,1.7751,
1793,0.8461,1.7751,
1793,0.8461,1.7751,
1793,0.8462,1.7752,
1794,0.8462,1.7752,
1794,0.8462,1.7752,
1794,0.8462,1.7752,
1794,0.8462,1.7752,
1794,0.8462,1.7752,
1794,0.8461,1.7751,
1794,0.8462,1.7752,
1794,0.8462,1.7752,
1794,0.8461,1.7751,
1794,0.8461,1.7751,
1795,0.8462,1.7752,
1795,0.8463,1.7753,
1795,0.8462,1.7752,
1795,0.8462,1.7752,
1795,0.8462,1.7752,
1795,0.8462,1.7752,
1795,0.8463,1.7753,
1795,0.8463,1.7753,
1795,0.8462,1.7752,
1795,0.8462,1.7752,
1796,0.8462,1.7752,
1796,0.8462,1.7752,
1796,0.8462,1.7752,
1796,0.8462,1.7752,
1796,0.8462,1.7752,
1796,0.8461,1.7751,
1796,0.8461,1.7751,
1796,0.8462,1.7752,
1796,0.8463,1.7753,
1796,0.8462,1.7752,
1797,0.8462,1.7752,
1797,0.8461,1.7751,
1797,0.8461,1.7751,
1797,0.8461,1.7751,
1797,0.8461,1.7751,
1797,0.8462,1.7752,
1797,0.8462,1.7752,
1797,0.8461,1.7751,
1797,0.8462,1.7752,
1797,0.8462,1.7752,
1798,0.8462,1.7752,
1798,0.8462,1.7752,
1798,0.8462,1.7752,
1798,0.8462,1.7752,
1798,0.8462,1.7752,
1798,0.8462,1.7752,
1798,0.8462,1.7752,
1798,0.8462,1.7752,
1798,0.8461,1.7751,
1798,0.8462,1.7752,
1799,0.8463,1.7753,
1799,0.8463,1.7753,
1799,0.8463,1.7753,
1799,0.8463,1.7753,
1799,0.8462,1.7752,
1799,0.8461,1.7751,
1799,0.8462,1.7752,
1799,0.8463,1.7753,
1799,0.8462,1.7752,
1799,0.8463,1.7753,
1800,0.8463,1.7753,
1800,0.8463,1.7753,
1800,0.8462,1.7752,
1800,0.8461,1.7751,
1800,0.8462,1.7752,
1800,0.8462,1.7752,
