Mode,Amperometric i-t Curve,
Applied current (A),,
Applied potential (V),0.768,
Time (s),1800,
Reference electrode potential (V vs. RHE),,
Working area (cm^2),2,
Applied current density (mA/cm^2),,
Solution resistance (ohm),,Compensation level (%)
,,
Time,Original Current,Current density
sec,A,mA/cm²
0.1,0.01438,7.19
0.2,0.01435,7.175
0.3,0.01432,7.16
0.4,0.01429,7.145
0.5,0.01427,7.135
0.6,0.01423,7.115
0.7,0.01421,7.105
0.8,0.0142,7.1
0.9,0.01417,7.085
1,0.01414,7.07
1.1,0.01412,7.06
1.2,0.01409,7.045
1.3,0.01407,7.035
1.4,0.01406,7.03
1.5,0.01404,7.02
1.6,0.01402,7.01
1.7,0.01399,6.995
1.8,0.01397,6.985
1.9,0.01396,6.98
2,0.01395,6.975
2.1,0.01393,6.965
2.2,0.0139,6.95
2.3,0.01389,6.945
2.4,0.01388,6.94
2.5,0.01386,6.93
2.6,0.01384,6.92
2.7,0.01383,6.915
2.8,0.01382,6.91
2.9,0.0138,6.9
3,0.01378,6.89
3.1,0.01378,6.89
3.2,0.01376,6.88
3.3,0.01374,6.87
3.4,0.01373,6.865
3.5,0.01372,6.86
3.6,0.0137,6.85
3.7,0.01369,6.845
3.8,0.01368,6.84
3.9,0.01366,6.83
4,0.01365,6.825
4.1,0.01363,6.815
4.2,0.01363,6.815
4.3,0.01363,6.815
4.4,0.0136,6.8
4.5,0.01359,6.795
4.6,0.01358,6.79
4.7,0.01357,6.785
4.8,0.01356,6.78
4.9,0.01355,6.775
5,0.01354,6.77
5.1,0.01353,6.765
5.2,0.01351,6.755
5.3,0.0135,6.75
5.4,0.01349,6.745
5.5,0.01349,6.745
5.6,0.01347,6.735
5.7,0.01346,6.73
5.8,0.01346,6.73
5.9,0.01346,6.73
6,0.01344,6.72
6.1,0.01344,6.72
6.2,0.01342,6.71
6.3,0.0134,6.7
6.4,0.0134,6.7
6.5,0.01339,6.695
6.6,0.01338,6.69
6.7,0.01337,6.685
6.8,0.01336,6.68
6.9,0.01336,6.68
7,0.01335,6.675
7.1,0.01335,6.675
7.2,0.01334,6.67
7.3,0.01332,6.66
7.4,0.0133,6.65
7.5,0.0133,6.65
7.6,0.01331,6.655
7.7,0.0133,6.65
7.8,0.01329,6.645
7.9,0.01326,6.63
8,0.01327,6.635
8.1,0.01325,6.625
8.2,0.01324,6.62
8.3,0.01324,6.62
8.4,0.01324,6.62
8.5,0.01322,6.61
8.6,0.01322,6.61
8.7,0.01321,6.605
8.8,0.01321,6.605
8.9,0.0132,6.6
9,0.01319,6.595
9.1,0.01318,6.59
9.2,0.01319,6.595
9.3,0.01317,6.585
9.4,0.01317,6.585
9.5,0.01316,6.58
9.6,0.01316,6.58
9.7,0.01315,6.575
9.8,0.01315,6.575
9.9,0.01314,6.57
10,0.01313,6.565
10.1,0.01312,6.56
10.2,0.01311,6.555
10.3,0.0131,6.55
10.4,0.0131,6.55
10.5,0.0131,6.55
10.6,0.01309,6.545
10.7,0.01309,6.545
10.8,0.01308,6.54
10.9,0.01308,6.54
11,0.01307,6.535
11.1,0.01307,6.535
11.2,0.01305,6.525
11.3,0.01305,6.525
11.4,0.01304,6.52
11.5,0.01303,6.515
11.6,0.01303,6.515
11.7,0.01303,6.515
11.8,0.01302,6.51
11.9,0.01301,6.505
12,0.013,6.5
12.1,0.013,6.5
12.2,0.01299,6.495
12.3,0.01299,6.495
12.4,0.01299,6.495
12.5,0.01298,6.49
12.6,0.01297,6.485
12.7,0.01297,6.485
12.8,0.01296,6.48
12.9,0.01296,6.48
13,0.01295,6.475
13.1,0.01295,6.475
13.2,0.01294,6.47
13.3,0.01293,6.465
13.4,0.01293,6.465
13.5,0.01293,6.465
13.6,0.01293,6.465
13.7,0.01292,6.46
13.8,0.01291,6.455
13.9,0.01292,6.46
14,0.01292,6.46
14.1,0.0129,6.45
14.2,0.01289,6.445
14.3,0.01289,6.445
14.4,0.01288,6.44
14.5,0.01288,6.44
14.6,0.01287,6.435
14.7,0.01287,6.435
14.8,0.01287,6.435
14.9,0.01288,6.44
15,0.01286,6.43
15.1,0.01286,6.43
15.2,0.01286,6.43
15.3,0.01285,6.425
15.4,0.01285,6.425
15.5,0.01284,6.42
15.6,0.01283,6.415
15.7,0.01283,6.415
15.8,0.01283,6.415
15.9,0.01282,6.41
16,0.01283,6.415
16.1,0.01282,6.41
16.2,0.01281,6.405
16.3,0.0128,6.4
16.4,0.0128,6.4
16.5,0.01281,6.405
16.6,0.01281,6.405
16.7,0.01279,6.395
16.8,0.01278,6.39
16.9,0.01278,6.39
17,0.01278,6.39
17.1,0.01278,6.39
17.2,0.01277,6.385
17.3,0.01277,6.385
17.4,0.01277,6.385
17.5,0.01276,6.38
17.6,0.01275,6.375
17.7,0.01276,6.38
17.8,0.01275,6.375
17.9,0.01276,6.38
18,0.01275,6.375
18.1,0.01274,6.37
18.2,0.01273,6.365
18.3,0.01272,6.36
18.4,0.01272,6.36
18.5,0.01272,6.36
18.6,0.01272,6.36
18.7,0.01271,6.355
18.8,0.01271,6.355
18.9,0.01271,6.355
19,0.0127,6.35
19.1,0.01269,6.345
19.2,0.01269,6.345
19.3,0.01269,6.345
19.4,0.01268,6.34
19.5,0.01269,6.345
19.6,0.01268,6.34
19.7,0.01269,6.345
19.8,0.01267,6.335
19.9,0.01267,6.335
20,0.01267,6.335
20.1,0.01267,6.335
20.2,0.01267,6.335
20.3,0.01266,6.33
20.4,0.01265,6.325
20.5,0.01265,6.325
20.6,0.01265,6.325
20.7,0.01265,6.325
20.8,0.01264,6.32
20.9,0.01264,6.32
21,0.01263,6.315
21.1,0.01262,6.31
21.2,0.01263,6.315
21.3,0.01262,6.31
21.4,0.01263,6.315
21.5,0.01262,6.31
21.6,0.01262,6.31
21.7,0.01261,6.305
21.8,0.01262,6.31
21.9,0.01261,6.305
22,0.0126,6.3
22.1,0.0126,6.3
22.2,0.01259,6.295
22.3,0.01259,6.295
22.4,0.01259,6.295
22.5,0.0126,6.3
22.6,0.01258,6.29
22.7,0.01258,6.29
22.8,0.01258,6.29
22.9,0.01257,6.285
23,0.01257,6.285
23.1,0.01258,6.29
23.2,0.01257,6.285
23.3,0.01258,6.29
23.4,0.01258,6.29
23.5,0.01257,6.285
23.6,0.01255,6.275
23.7,0.01254,6.27
23.8,0.01254,6.27
23.9,0.01255,6.275
24,0.01254,6.27
24.1,0.01253,6.265
24.2,0.01254,6.27
24.3,0.01253,6.265
24.4,0.01254,6.27
24.5,0.01253,6.265
24.6,0.01253,6.265
24.7,0.01253,6.265
24.8,0.01252,6.26
24.9,0.01252,6.26
25,0.01252,6.26
25.1,0.01251,6.255
25.2,0.01252,6.26
25.3,0.01251,6.255
25.4,0.01252,6.26
25.5,0.01251,6.255
25.6,0.01251,6.255
25.7,0.01251,6.255
25.8,0.0125,6.25
25.9,0.0125,6.25
26,0.01251,6.255
26.1,0.0125,6.25
26.2,0.01249,6.245
26.3,0.01249,6.245
26.4,0.01249,6.245
26.5,0.01249,6.245
26.6,0.01249,6.245
26.7,0.01248,6.24
26.8,0.01247,6.235
26.9,0.01247,6.235
27,0.01247,6.235
27.1,0.01247,6.235
27.2,0.01246,6.23
27.3,0.01246,6.23
27.4,0.01246,6.23
27.5,0.01246,6.23
27.6,0.01246,6.23
27.7,0.01246,6.23
27.8,0.01245,6.225
27.9,0.01246,6.23
28,0.01245,6.225
28.1,0.01244,6.22
28.2,0.01243,6.215
28.3,0.01244,6.22
28.4,0.01244,6.22
28.5,0.01243,6.215
28.6,0.01243,6.215
28.7,0.01242,6.21
28.8,0.01242,6.21
28.9,0.01243,6.215
29,0.01243,6.215
29.1,0.01242,6.21
29.2,0.01242,6.21
29.3,0.0124,6.2
29.4,0.0124,6.2
29.5,0.0124,6.2
29.6,0.01239,6.195
29.7,0.01239,6.195
29.8,0.01239,6.195
29.9,0.01239,6.195
30,0.01238,6.19
30.1,0.01238,6.19
30.2,0.01239,6.195
30.3,0.01238,6.19
30.4,0.01238,6.19
30.5,0.01239,6.195
30.6,0.01239,6.195
30.7,0.01239,6.195
30.8,0.01238,6.19
30.9,0.01238,6.19
31,0.01237,6.185
31.1,0.01237,6.185
31.2,0.01236,6.18
31.3,0.01235,6.175
31.4,0.01236,6.18
31.5,0.01236,6.18
31.6,0.01236,6.18
31.7,0.01236,6.18
31.8,0.01236,6.18
31.9,0.01235,6.175
32,0.01234,6.17
32.1,0.01234,6.17
32.2,0.01234,6.17
32.3,0.01234,6.17
32.4,0.01235,6.175
32.5,0.01235,6.175
32.6,0.01234,6.17
32.7,0.01234,6.17
32.8,0.01234,6.17
32.9,0.01232,6.16
33,0.01233,6.165
33.1,0.01233,6.165
33.2,0.01232,6.16
33.3,0.01231,6.155
33.4,0.01231,6.155
33.5,0.01232,6.16
33.6,0.01231,6.155
33.7,0.01231,6.155
33.8,0.01231,6.155
33.9,0.01231,6.155
34,0.01231,6.155
34.1,0.01231,6.155
34.2,0.01231,6.155
34.3,0.0123,6.15
34.4,0.01229,6.145
34.5,0.01229,6.145
34.6,0.0123,6.15
34.7,0.0123,6.15
34.8,0.01229,6.145
34.9,0.01229,6.145
35,0.0123,6.15
35.1,0.01229,6.145
35.2,0.0123,6.15
35.3,0.01229,6.145
35.4,0.01229,6.145
35.5,0.0123,6.15
35.6,0.01229,6.145
35.7,0.01228,6.14
35.8,0.01228,6.14
35.9,0.01227,6.135
36,0.01227,6.135
36.1,0.01227,6.135
36.2,0.01227,6.135
36.3,0.01227,6.135
36.4,0.01227,6.135
36.5,0.01226,6.13
36.6,0.01227,6.135
36.7,0.01226,6.13
36.8,0.01226,6.13
36.9,0.01224,6.12
37,0.01225,6.125
37.1,0.01225,6.125
37.2,0.01225,6.125
37.3,0.01226,6.13
37.4,0.01225,6.125
37.5,0.01225,6.125
37.6,0.01225,6.125
37.7,0.01224,6.12
37.8,0.01223,6.115
37.9,0.01224,6.12
38,0.01224,6.12
38.1,0.01224,6.12
38.2,0.01223,6.115
38.3,0.01222,6.11
38.4,0.01223,6.115
38.5,0.01222,6.11
38.6,0.01221,6.105
38.7,0.01223,6.115
38.8,0.01222,6.11
38.9,0.01222,6.11
39,0.01221,6.105
39.1,0.01221,6.105
39.2,0.0122,6.1
39.3,0.0122,6.1
39.4,0.0122,6.1
39.5,0.01221,6.105
39.6,0.01221,6.105
39.7,0.01221,6.105
39.8,0.0122,6.1
39.9,0.0122,6.1
40,0.01219,6.095
40.1,0.01219,6.095
40.2,0.0122,6.1
40.3,0.0122,6.1
40.4,0.01219,6.095
40.5,0.01219,6.095
40.6,0.0122,6.1
40.7,0.01219,6.095
40.8,0.0122,6.1
40.9,0.01219,6.095
41,0.01218,6.09
41.1,0.01218,6.09
41.2,0.01218,6.09
41.3,0.01218,6.09
41.4,0.01218,6.09
41.5,0.01218,6.09
41.6,0.01217,6.085
41.7,0.01217,6.085
41.8,0.01218,6.09
41.9,0.01217,6.085
42,0.01216,6.08
42.1,0.01215,6.075
42.2,0.01216,6.08
42.3,0.01215,6.075
42.4,0.01215,6.075
42.5,0.01213,6.065
42.6,0.01214,6.07
42.7,0.01214,6.07
42.8,0.01215,6.075
42.9,0.01215,6.075
43,0.01213,6.065
43.1,0.01213,6.065
43.2,0.01213,6.065
43.3,0.01213,6.065
43.4,0.01213,6.065
43.5,0.01213,6.065
43.6,0.01213,6.065
43.7,0.01213,6.065
43.8,0.01214,6.07
43.9,0.01214,6.07
44,0.01213,6.065
44.1,0.01213,6.065
44.2,0.01213,6.065
44.3,0.01213,6.065
44.4,0.01213,6.065
44.5,0.01212,6.06
44.6,0.01213,6.065
44.7,0.01213,6.065
44.8,0.01213,6.065
44.9,0.01212,6.06
45,0.01212,6.06
45.1,0.01212,6.06
45.2,0.01211,6.055
45.3,0.01211,6.055
45.4,0.01211,6.055
45.5,0.01211,6.055
45.6,0.01211,6.055
45.7,0.01211,6.055
45.8,0.0121,6.05
45.9,0.0121,6.05
46,0.0121,6.05
46.1,0.0121,6.05
46.2,0.01209,6.045
46.3,0.0121,6.05
46.4,0.0121,6.05
46.5,0.01209,6.045
46.6,0.01209,6.045
46.7,0.01209,6.045
46.8,0.01209,6.045
46.9,0.01209,6.045
47,0.01208,6.04
47.1,0.01208,6.04
47.2,0.01207,6.035
47.3,0.01208,6.04
47.4,0.01209,6.045
47.5,0.01208,6.04
47.6,0.01207,6.035
47.7,0.01207,6.035
47.8,0.01208,6.04
47.9,0.01207,6.035
48,0.01206,6.03
48.1,0.01207,6.035
48.2,0.01207,6.035
48.3,0.01207,6.035
48.4,0.01207,6.035
48.5,0.01206,6.03
48.6,0.01207,6.035
48.7,0.01207,6.035
48.8,0.01206,6.03
48.9,0.01205,6.025
49,0.01205,6.025
49.1,0.01206,6.03
49.2,0.01205,6.025
49.3,0.01206,6.03
49.4,0.01206,6.03
49.5,0.01205,6.025
49.6,0.01204,6.02
49.7,0.01204,6.02
49.8,0.01205,6.025
49.9,0.01204,6.02
50,0.01204,6.02
50.1,0.01204,6.02
50.2,0.01204,6.02
50.3,0.01204,6.02
50.4,0.01204,6.02
50.5,0.01203,6.015
50.6,0.01203,6.015
50.7,0.01203,6.015
50.8,0.01202,6.01
50.9,0.01203,6.015
51,0.01203,6.015
51.1,0.01202,6.01
51.2,0.01202,6.01
51.3,0.01203,6.015
51.4,0.01203,6.015
51.5,0.01202,6.01
51.6,0.01201,6.005
51.7,0.01201,6.005
51.8,0.01202,6.01
51.9,0.01202,6.01
52,0.01201,6.005
52.1,0.012,6
52.2,0.01201,6.005
52.3,0.01201,6.005
52.4,0.01201,6.005
52.5,0.012,6
52.6,0.012,6
52.7,0.012,6
52.8,0.01199,5.995
52.9,0.01199,5.995
53,0.012,6
53.1,0.01199,5.995
53.2,0.012,6
53.3,0.01199,5.995
53.4,0.01199,5.995
53.5,0.01198,5.99
53.6,0.01198,5.99
53.7,0.01199,5.995
53.8,0.01199,5.995
53.9,0.01198,5.99
54,0.01199,5.995
54.1,0.01198,5.99
54.2,0.01199,5.995
54.3,0.01198,5.99
54.4,0.01197,5.985
54.5,0.01198,5.99
54.6,0.01198,5.99
54.7,0.01197,5.985
54.8,0.01197,5.985
54.9,0.01196,5.98
55,0.01196,5.98
55.1,0.01197,5.985
55.2,0.01196,5.98
55.3,0.01196,5.98
55.4,0.01196,5.98
55.5,0.01196,5.98
55.6,0.01196,5.98
55.7,0.01196,5.98
55.8,0.01196,5.98
55.9,0.01195,5.975
56,0.01196,5.98
56.1,0.01196,5.98
56.2,0.01195,5.975
56.3,0.01195,5.975
56.4,0.01195,5.975
56.5,0.01195,5.975
56.6,0.01195,5.975
56.7,0.01195,5.975
56.8,0.01195,5.975
56.9,0.01194,5.97
57,0.01193,5.965
57.1,0.01193,5.965
57.2,0.01193,5.965
57.3,0.01194,5.97
57.4,0.01194,5.97
57.5,0.01194,5.97
57.6,0.01194,5.97
57.7,0.01195,5.975
57.8,0.01194,5.97
57.9,0.01193,5.965
58,0.01193,5.965
58.1,0.01193,5.965
58.2,0.01192,5.96
58.3,0.01193,5.965
58.4,0.01193,5.965
58.5,0.01193,5.965
58.6,0.01193,5.965
58.7,0.01193,5.965
58.8,0.01194,5.97
58.9,0.01193,5.965
59,0.01193,5.965
59.1,0.01193,5.965
59.2,0.01193,5.965
59.3,0.01192,5.96
59.4,0.01192,5.96
59.5,0.01193,5.965
59.6,0.01193,5.965
59.7,0.01192,5.96
59.8,0.01193,5.965
59.9,0.01192,5.96
60,0.01191,5.955
60.1,0.01191,5.955
60.2,0.01191,5.955
60.3,0.0119,5.95
60.4,0.01189,5.945
60.5,0.0119,5.95
60.6,0.0119,5.95
60.7,0.0119,5.95
60.8,0.01189,5.945
60.9,0.01189,5.945
61,0.0119,5.95
61.1,0.01189,5.945
61.2,0.01189,5.945
61.3,0.01189,5.945
61.4,0.01189,5.945
61.5,0.01189,5.945
61.6,0.01188,5.94
61.7,0.01188,5.94
61.8,0.01189,5.945
61.9,0.01189,5.945
62,0.01189,5.945
62.1,0.01189,5.945
62.2,0.01189,5.945
62.3,0.01188,5.94
62.4,0.01188,5.94
62.5,0.01189,5.945
62.6,0.01189,5.945
62.7,0.01188,5.94
62.8,0.01188,5.94
62.9,0.01187,5.935
63,0.01188,5.94
63.1,0.01187,5.935
63.2,0.01187,5.935
63.3,0.01187,5.935
63.4,0.01187,5.935
63.5,0.01187,5.935
63.6,0.01186,5.93
63.7,0.01186,5.93
63.8,0.01186,5.93
63.9,0.01187,5.935
64,0.01186,5.93
64.1,0.01186,5.93
64.2,0.01185,5.925
64.3,0.01185,5.925
64.4,0.01186,5.93
64.5,0.01186,5.93
64.6,0.01186,5.93
64.7,0.01186,5.93
64.8,0.01185,5.925
64.9,0.01185,5.925
65,0.01185,5.925
65.1,0.01185,5.925
65.2,0.01184,5.92
65.3,0.01184,5.92
65.4,0.01185,5.925
65.5,0.01185,5.925
65.6,0.01185,5.925
65.7,0.01184,5.92
65.8,0.01184,5.92
65.9,0.01184,5.92
66,0.01184,5.92
66.1,0.01183,5.915
66.2,0.01184,5.92
66.3,0.01184,5.92
66.4,0.01184,5.92
66.5,0.01185,5.925
66.6,0.01184,5.92
66.7,0.01184,5.92
66.8,0.01183,5.915
66.9,0.01183,5.915
67,0.01183,5.915
67.1,0.01183,5.915
67.2,0.01182,5.91
67.3,0.01183,5.915
67.4,0.01183,5.915
67.5,0.01184,5.92
67.6,0.01185,5.925
67.7,0.01184,5.92
67.8,0.01183,5.915
67.9,0.01183,5.915
68,0.01183,5.915
68.1,0.01183,5.915
68.2,0.01183,5.915
68.3,0.01183,5.915
68.4,0.01182,5.91
68.5,0.01181,5.905
68.6,0.01181,5.905
68.7,0.01183,5.915
68.8,0.01183,5.915
68.9,0.01183,5.915
69,0.01182,5.91
69.1,0.01182,5.91
69.2,0.01183,5.915
69.3,0.01182,5.91
69.4,0.01182,5.91
69.5,0.01181,5.905
69.6,0.01182,5.91
69.7,0.01181,5.905
69.8,0.01182,5.91
69.9,0.01181,5.905
70,0.0118,5.9
70.1,0.0118,5.9
70.2,0.01181,5.905
70.3,0.01181,5.905
70.4,0.0118,5.9
70.5,0.01181,5.905
70.6,0.0118,5.9
70.7,0.01179,5.895
70.8,0.0118,5.9
70.9,0.01179,5.895
71,0.01179,5.895
71.1,0.01179,5.895
71.2,0.0118,5.9
71.3,0.01179,5.895
71.4,0.01179,5.895
71.5,0.0118,5.9
71.6,0.0118,5.9
71.7,0.01179,5.895
71.8,0.01178,5.89
71.9,0.01179,5.895
72,0.01179,5.895
72.1,0.01178,5.89
72.2,0.01179,5.895
72.3,0.01179,5.895
72.4,0.01179,5.895
72.5,0.01179,5.895
72.6,0.01177,5.885
72.7,0.01177,5.885
72.8,0.01177,5.885
72.9,0.01178,5.89
73,0.01178,5.89
73.1,0.01177,5.885
73.2,0.01177,5.885
73.3,0.01176,5.88
73.4,0.01176,5.88
73.5,0.01177,5.885
73.6,0.01178,5.89
73.7,0.01177,5.885
73.8,0.01177,5.885
73.9,0.01176,5.88
74,0.01177,5.885
74.1,0.01176,5.88
74.2,0.01176,5.88
74.3,0.01176,5.88
74.4,0.01177,5.885
74.5,0.01177,5.885
74.6,0.01176,5.88
74.7,0.01176,5.88
74.8,0.01176,5.88
74.9,0.01175,5.875
75,0.01174,5.87
75.1,0.01176,5.88
75.2,0.01175,5.875
75.3,0.01174,5.87
75.4,0.01175,5.875
75.5,0.01175,5.875
75.6,0.01175,5.875
75.7,0.01175,5.875
75.8,0.01176,5.88
75.9,0.01175,5.875
76,0.01174,5.87
76.1,0.01175,5.875
76.2,0.01174,5.87
76.3,0.01175,5.875
76.4,0.01175,5.875
76.5,0.01175,5.875
76.6,0.01174,5.87
76.7,0.01174,5.87
76.8,0.01174,5.87
76.9,0.01174,5.87
77,0.01174,5.87
77.1,0.01175,5.875
77.2,0.01174,5.87
77.3,0.01174,5.87
77.4,0.01174,5.87
77.5,0.01174,5.87
77.6,0.01174,5.87
77.7,0.01174,5.87
77.8,0.01174,5.87
77.9,0.01174,5.87
78,0.01174,5.87
78.1,0.01174,5.87
78.2,0.01174,5.87
78.3,0.01174,5.87
78.4,0.01173,5.865
78.5,0.01173,5.865
78.6,0.01173,5.865
78.7,0.01173,5.865
78.8,0.01173,5.865
78.9,0.01172,5.86
79,0.01171,5.855
79.1,0.01172,5.86
79.2,0.01172,5.86
79.3,0.01171,5.855
79.4,0.01172,5.86
79.5,0.01172,5.86
79.6,0.01171,5.855
79.7,0.01171,5.855
79.8,0.01171,5.855
79.9,0.01171,5.855
80,0.01171,5.855
80.1,0.01171,5.855
80.2,0.01171,5.855
80.3,0.01171,5.855
80.4,0.01171,5.855
80.5,0.01171,5.855
80.6,0.01171,5.855
80.7,0.01171,5.855
80.8,0.0117,5.85
80.9,0.01171,5.855
81,0.01171,5.855
81.1,0.01171,5.855
81.2,0.01171,5.855
81.3,0.01171,5.855
81.4,0.01171,5.855
81.5,0.0117,5.85
81.6,0.0117,5.85
81.7,0.0117,5.85
81.8,0.01169,5.845
81.9,0.01169,5.845
82,0.0117,5.85
82.1,0.01169,5.845
82.2,0.01169,5.845
82.3,0.01169,5.845
82.4,0.0117,5.85
82.5,0.01169,5.845
82.6,0.01169,5.845
82.7,0.01168,5.84
82.8,0.01169,5.845
82.9,0.01169,5.845
83,0.01169,5.845
83.1,0.01168,5.84
83.2,0.01168,5.84
83.3,0.01168,5.84
83.4,0.01169,5.845
83.5,0.01169,5.845
83.6,0.01169,5.845
83.7,0.01168,5.84
83.8,0.01168,5.84
83.9,0.01169,5.845
84,0.0117,5.85
84.1,0.0117,5.85
84.2,0.0117,5.85
84.3,0.01169,5.845
84.4,0.01169,5.845
84.5,0.01169,5.845
84.6,0.01169,5.845
84.7,0.01169,5.845
84.8,0.01169,5.845
84.9,0.01168,5.84
85,0.01168,5.84
85.1,0.01169,5.845
85.2,0.01168,5.84
85.3,0.01168,5.84
85.4,0.01168,5.84
85.5,0.01168,5.84
85.6,0.01168,5.84
85.7,0.01167,5.835
85.8,0.01167,5.835
85.9,0.01167,5.835
86,0.01167,5.835
86.1,0.01168,5.84
86.2,0.01167,5.835
86.3,0.01167,5.835
86.4,0.01167,5.835
86.5,0.01167,5.835
86.6,0.01168,5.84
86.7,0.01167,5.835
86.8,0.01168,5.84
86.9,0.01167,5.835
87,0.01166,5.83
87.1,0.01166,5.83
87.2,0.01166,5.83
87.3,0.01166,5.83
87.4,0.01166,5.83
87.5,0.01166,5.83
87.6,0.01166,5.83
87.7,0.01166,5.83
87.8,0.01166,5.83
87.9,0.01166,5.83
88,0.01166,5.83
88.1,0.01165,5.825
88.2,0.01165,5.825
88.3,0.01166,5.83
88.4,0.01165,5.825
88.5,0.01165,5.825
88.6,0.01165,5.825
88.7,0.01165,5.825
88.8,0.01165,5.825
88.9,0.01165,5.825
89,0.01165,5.825
89.1,0.01166,5.83
89.2,0.01165,5.825
89.3,0.01165,5.825
89.4,0.01165,5.825
89.5,0.01165,5.825
89.6,0.01165,5.825
89.7,0.01165,5.825
89.8,0.01165,5.825
89.9,0.01165,5.825
90,0.01166,5.83
90.1,0.01165,5.825
90.2,0.01165,5.825
90.3,0.01164,5.82
90.4,0.01164,5.82
90.5,0.01164,5.82
90.6,0.01164,5.82
90.7,0.01164,5.82
90.8,0.01163,5.815
90.9,0.01163,5.815
91,0.01163,5.815
91.1,0.01163,5.815
91.2,0.01164,5.82
91.3,0.01165,5.825
91.4,0.01164,5.82
91.5,0.01163,5.815
91.6,0.01163,5.815
91.7,0.01162,5.81
91.8,0.01163,5.815
91.9,0.01164,5.82
92,0.01163,5.815
92.1,0.01162,5.81
92.2,0.01162,5.81
92.3,0.01163,5.815
92.4,0.01163,5.815
92.5,0.01163,5.815
92.6,0.01162,5.81
92.7,0.01161,5.805
92.8,0.01161,5.805
92.9,0.01162,5.81
93,0.01161,5.805
93.1,0.01161,5.805
93.2,0.01161,5.805
93.3,0.01161,5.805
93.4,0.01162,5.81
93.5,0.01161,5.805
93.6,0.01161,5.805
93.7,0.01162,5.81
93.8,0.01163,5.815
93.9,0.01162,5.81
94,0.01162,5.81
94.1,0.01161,5.805
94.2,0.01161,5.805
94.3,0.01161,5.805
94.4,0.01162,5.81
94.5,0.01162,5.81
94.6,0.01161,5.805
94.7,0.01161,5.805
94.8,0.01161,5.805
94.9,0.0116,5.8
95,0.0116,5.8
95.1,0.01161,5.805
95.2,0.01161,5.805
95.3,0.01161,5.805
95.4,0.01161,5.805
95.5,0.01162,5.81
95.6,0.01161,5.805
95.7,0.0116,5.8
95.8,0.0116,5.8
95.9,0.0116,5.8
96,0.0116,5.8
96.1,0.0116,5.8
96.2,0.0116,5.8
96.3,0.0116,5.8
96.4,0.0116,5.8
96.5,0.0116,5.8
96.6,0.01161,5.805
96.7,0.01161,5.805
96.8,0.0116,5.8
96.9,0.0116,5.8
97,0.01159,5.795
97.1,0.01158,5.79
97.2,0.01159,5.795
97.3,0.0116,5.8
97.4,0.0116,5.8
97.5,0.0116,5.8
97.6,0.01159,5.795
97.7,0.01158,5.79
97.8,0.01158,5.79
97.9,0.01159,5.795
98,0.01159,5.795
98.1,0.01159,5.795
98.2,0.01158,5.79
98.3,0.01158,5.79
98.4,0.01158,5.79
98.5,0.01158,5.79
98.6,0.01158,5.79
98.7,0.01158,5.79
98.8,0.01158,5.79
98.9,0.01157,5.785
99,0.01157,5.785
99.1,0.01157,5.785
99.2,0.01157,5.785
99.3,0.01157,5.785
99.4,0.01158,5.79
99.5,0.01158,5.79
99.6,0.01157,5.785
99.7,0.01158,5.79
99.8,0.01157,5.785
99.9,0.01158,5.79
100,0.01158,5.79
100.1,0.01157,5.785
100.2,0.01157,5.785
100.3,0.01157,5.785
100.4,0.01157,5.785
100.5,0.01156,5.78
100.6,0.01156,5.78
100.7,0.01157,5.785
100.8,0.01156,5.78
100.9,0.01156,5.78
101,0.01156,5.78
101.1,0.01155,5.775
101.2,0.01156,5.78
101.3,0.01155,5.775
101.4,0.01156,5.78
101.5,0.01155,5.775
101.6,0.01155,5.775
101.7,0.01155,5.775
101.8,0.01156,5.78
101.9,0.01156,5.78
102,0.01155,5.775
102.1,0.01156,5.78
102.2,0.01156,5.78
102.3,0.01155,5.775
102.4,0.01155,5.775
102.5,0.01155,5.775
102.6,0.01155,5.775
102.7,0.01155,5.775
102.8,0.01154,5.77
102.9,0.01154,5.77
103,0.01154,5.77
103.1,0.01154,5.77
103.2,0.01154,5.77
103.3,0.01154,5.77
103.4,0.01154,5.77
103.5,0.01154,5.77
103.6,0.01153,5.765
103.7,0.01153,5.765
103.8,0.01153,5.765
103.9,0.01154,5.77
104,0.01154,5.77
104.1,0.01154,5.77
104.2,0.01153,5.765
104.3,0.01153,5.765
104.4,0.01153,5.765
104.5,0.01153,5.765
104.6,0.01153,5.765
104.7,0.01154,5.77
104.8,0.01154,5.77
104.9,0.01154,5.77
105,0.01153,5.765
105.1,0.01154,5.77
105.2,0.01154,5.77
105.3,0.01154,5.77
105.4,0.01154,5.77
105.5,0.01153,5.765
105.6,0.01153,5.765
105.7,0.01153,5.765
105.8,0.01152,5.76
105.9,0.01152,5.76
106,0.01152,5.76
106.1,0.01153,5.765
106.2,0.01153,5.765
106.3,0.01153,5.765
106.4,0.01152,5.76
106.5,0.01153,5.765
106.6,0.01152,5.76
106.7,0.01152,5.76
106.8,0.01152,5.76
106.9,0.01152,5.76
107,0.01152,5.76
107.1,0.01152,5.76
107.2,0.01153,5.765
107.3,0.01153,5.765
107.4,0.01152,5.76
107.5,0.01152,5.76
107.6,0.01152,5.76
107.7,0.01152,5.76
107.8,0.01151,5.755
107.9,0.01152,5.76
108,0.01152,5.76
108.1,0.01151,5.755
108.2,0.01151,5.755
108.3,0.01151,5.755
108.4,0.01151,5.755
108.5,0.01151,5.755
108.6,0.01151,5.755
108.7,0.01151,5.755
108.8,0.01151,5.755
108.9,0.01151,5.755
109,0.01151,5.755
109.1,0.01151,5.755
109.2,0.01152,5.76
109.3,0.01151,5.755
109.4,0.0115,5.75
109.5,0.0115,5.75
109.6,0.01151,5.755
109.7,0.01151,5.755
109.8,0.0115,5.75
109.9,0.0115,5.75
110,0.0115,5.75
110.1,0.01151,5.755
110.2,0.0115,5.75
110.3,0.0115,5.75
110.4,0.01149,5.745
110.5,0.0115,5.75
110.6,0.0115,5.75
110.7,0.0115,5.75
110.8,0.01149,5.745
110.9,0.01149,5.745
111,0.01149,5.745
111.1,0.0115,5.75
111.2,0.0115,5.75
111.3,0.01151,5.755
111.4,0.01151,5.755
111.5,0.0115,5.75
111.6,0.0115,5.75
111.7,0.0115,5.75
111.8,0.01151,5.755
111.9,0.0115,5.75
112,0.0115,5.75
112.1,0.0115,5.75
112.2,0.0115,5.75
112.3,0.01151,5.755
112.4,0.0115,5.75
112.5,0.01149,5.745
112.6,0.01149,5.745
112.7,0.0115,5.75
112.8,0.0115,5.75
112.9,0.01149,5.745
113,0.01149,5.745
113.1,0.01148,5.74
113.2,0.01148,5.74
113.3,0.01148,5.74
113.4,0.01149,5.745
113.5,0.01149,5.745
113.6,0.01148,5.74
113.7,0.01147,5.735
113.8,0.01148,5.74
113.9,0.01148,5.74
114,0.01148,5.74
114.1,0.01148,5.74
114.2,0.01149,5.745
114.3,0.01148,5.74
114.4,0.01148,5.74
114.5,0.01147,5.735
114.6,0.01147,5.735
114.7,0.01147,5.735
114.8,0.01148,5.74
114.9,0.01148,5.74
115,0.01149,5.745
115.1,0.01149,5.745
115.2,0.01149,5.745
115.3,0.01148,5.74
115.4,0.01148,5.74
115.5,0.01148,5.74
115.6,0.01148,5.74
115.7,0.01148,5.74
115.8,0.01148,5.74
115.9,0.01148,5.74
116,0.01148,5.74
116.1,0.01148,5.74
116.2,0.01148,5.74
116.3,0.01148,5.74
116.4,0.01147,5.735
116.5,0.01148,5.74
116.6,0.01148,5.74
116.7,0.01147,5.735
116.8,0.01147,5.735
116.9,0.01147,5.735
117,0.01147,5.735
117.1,0.01146,5.73
117.2,0.01147,5.735
117.3,0.01147,5.735
117.4,0.01146,5.73
117.5,0.01146,5.73
117.6,0.01146,5.73
117.7,0.01146,5.73
117.8,0.01145,5.725
117.9,0.01146,5.73
118,0.01146,5.73
118.1,0.01146,5.73
118.2,0.01146,5.73
118.3,0.01146,5.73
118.4,0.01145,5.725
118.5,0.01145,5.725
118.6,0.01145,5.725
118.7,0.01145,5.725
118.8,0.01145,5.725
118.9,0.01146,5.73
119,0.01147,5.735
119.1,0.01147,5.735
119.2,0.01147,5.735
119.3,0.01147,5.735
119.4,0.01146,5.73
119.5,0.01147,5.735
119.6,0.01146,5.73
119.7,0.01145,5.725
119.8,0.01146,5.73
119.9,0.01145,5.725
120,0.01145,5.725
120.1,0.01145,5.725
120.2,0.01145,5.725
120.3,0.01146,5.73
120.4,0.01146,5.73
120.5,0.01145,5.725
120.6,0.01145,5.725
120.7,0.01145,5.725
120.8,0.01145,5.725
120.9,0.01144,5.72
121,0.01144,5.72
121.1,0.01145,5.725
121.2,0.01145,5.725
121.3,0.01145,5.725
121.4,0.01145,5.725
121.5,0.01145,5.725
121.6,0.01145,5.725
121.7,0.01145,5.725
121.8,0.01145,5.725
121.9,0.01144,5.72
122,0.01144,5.72
122.1,0.01145,5.725
122.2,0.01145,5.725
122.3,0.01143,5.715
122.4,0.01144,5.72
122.5,0.01144,5.72
122.6,0.01144,5.72
122.7,0.01144,5.72
122.8,0.01143,5.715
122.9,0.01143,5.715
123,0.01143,5.715
123.1,0.01143,5.715
123.2,0.01144,5.72
123.3,0.01145,5.725
123.4,0.01144,5.72
123.5,0.01144,5.72
123.6,0.01144,5.72
123.7,0.01143,5.715
123.8,0.01142,5.71
123.9,0.01142,5.71
124,0.01143,5.715
124.1,0.01143,5.715
124.2,0.01143,5.715
124.3,0.01143,5.715
124.4,0.01143,5.715
124.5,0.01144,5.72
124.6,0.01144,5.72
124.7,0.01143,5.715
124.8,0.01143,5.715
124.9,0.01143,5.715
125,0.01142,5.71
125.1,0.01143,5.715
125.2,0.01143,5.715
125.3,0.01142,5.71
125.4,0.01142,5.71
125.5,0.01142,5.71
125.6,0.01143,5.715
125.7,0.01143,5.715
125.8,0.01143,5.715
125.9,0.01143,5.715
126,0.01143,5.715
126.1,0.01143,5.715
126.2,0.01142,5.71
126.3,0.01142,5.71
126.4,0.01142,5.71
126.5,0.01142,5.71
126.6,0.01142,5.71
126.7,0.01141,5.705
126.8,0.01142,5.71
126.9,0.01142,5.71
127,0.01142,5.71
127.1,0.01142,5.71
127.2,0.01141,5.705
127.3,0.01142,5.71
127.4,0.01141,5.705
127.5,0.01141,5.705
127.6,0.01143,5.715
127.7,0.01142,5.71
127.8,0.01141,5.705
127.9,0.01141,5.705
128,0.01142,5.71
128.1,0.01141,5.705
128.2,0.01141,5.705
128.3,0.01141,5.705
128.4,0.01141,5.705
128.5,0.01141,5.705
128.6,0.01141,5.705
128.7,0.01141,5.705
128.8,0.0114,5.7
128.9,0.0114,5.7
129,0.0114,5.7
129.1,0.01139,5.695
129.2,0.01141,5.705
129.3,0.0114,5.7
129.4,0.0114,5.7
129.5,0.01141,5.705
129.6,0.0114,5.7
129.7,0.0114,5.7
129.8,0.0114,5.7
129.9,0.0114,5.7
130,0.01139,5.695
130.1,0.0114,5.7
130.2,0.0114,5.7
130.3,0.0114,5.7
130.4,0.01139,5.695
130.5,0.01139,5.695
130.6,0.0114,5.7
130.7,0.01139,5.695
130.8,0.01139,5.695
130.9,0.01139,5.695
131,0.0114,5.7
131.1,0.0114,5.7
131.2,0.0114,5.7
131.3,0.01139,5.695
131.4,0.0114,5.7
131.5,0.01139,5.695
131.6,0.0114,5.7
131.7,0.01139,5.695
131.8,0.01139,5.695
131.9,0.01139,5.695
132,0.01139,5.695
132.1,0.01139,5.695
132.2,0.01139,5.695
132.3,0.01139,5.695
132.4,0.0114,5.7
132.5,0.01139,5.695
132.6,0.01139,5.695
132.7,0.01138,5.69
132.8,0.01138,5.69
132.9,0.01138,5.69
133,0.01139,5.695
133.1,0.01139,5.695
133.2,0.01139,5.695
133.3,0.01138,5.69
133.4,0.01138,5.69
133.5,0.01138,5.69
133.6,0.01138,5.69
133.7,0.01139,5.695
133.8,0.01137,5.685
133.9,0.01137,5.685
134,0.01137,5.685
134.1,0.01139,5.695
134.2,0.01139,5.695
134.3,0.01138,5.69
134.4,0.01138,5.69
134.5,0.01138,5.69
134.6,0.01138,5.69
134.7,0.01138,5.69
134.8,0.01138,5.69
134.9,0.01138,5.69
135,0.01138,5.69
135.1,0.01138,5.69
135.2,0.01138,5.69
135.3,0.01138,5.69
135.4,0.01138,5.69
135.5,0.01138,5.69
135.6,0.01137,5.685
135.7,0.01137,5.685
135.8,0.01136,5.68
135.9,0.01137,5.685
136,0.01137,5.685
136.1,0.01137,5.685
136.2,0.01137,5.685
136.3,0.01138,5.69
136.4,0.01138,5.69
136.5,0.01137,5.685
136.6,0.01137,5.685
136.7,0.01137,5.685
136.8,0.01137,5.685
136.9,0.01137,5.685
137,0.01136,5.68
137.1,0.01136,5.68
137.2,0.01136,5.68
137.3,0.01137,5.685
137.4,0.01136,5.68
137.5,0.01137,5.685
137.6,0.01137,5.685
137.7,0.01136,5.68
137.8,0.01136,5.68
137.9,0.01136,5.68
138,0.01136,5.68
138.1,0.01136,5.68
138.2,0.01136,5.68
138.3,0.01136,5.68
138.4,0.01136,5.68
138.5,0.01136,5.68
138.6,0.01137,5.685
138.7,0.01136,5.68
138.8,0.01135,5.675
138.9,0.01135,5.675
139,0.01134,5.67
139.1,0.01135,5.675
139.2,0.01136,5.68
139.3,0.01136,5.68
139.4,0.01136,5.68
139.5,0.01136,5.68
139.6,0.01136,5.68
139.7,0.01136,5.68
139.8,0.01136,5.68
139.9,0.01136,5.68
140,0.01136,5.68
140.1,0.01136,5.68
140.2,0.01136,5.68
140.3,0.01136,5.68
140.4,0.01136,5.68
140.5,0.01137,5.685
140.6,0.01137,5.685
140.7,0.01137,5.685
140.8,0.01136,5.68
140.9,0.01136,5.68
141,0.01135,5.675
141.1,0.01135,5.675
141.2,0.01136,5.68
141.3,0.01136,5.68
141.4,0.01135,5.675
141.5,0.01135,5.675
141.6,0.01135,5.675
141.7,0.01135,5.675
141.8,0.01135,5.675
141.9,0.01135,5.675
142,0.01135,5.675
142.1,0.01136,5.68
142.2,0.01136,5.68
142.3,0.01135,5.675
142.4,0.01135,5.675
142.5,0.01135,5.675
142.6,0.01134,5.67
142.7,0.01134,5.67
142.8,0.01135,5.675
142.9,0.01135,5.675
143,0.01136,5.68
143.1,0.01136,5.68
143.2,0.01136,5.68
143.3,0.01135,5.675
143.4,0.01134,5.67
143.5,0.01136,5.68
143.6,0.01135,5.675
143.7,0.01135,5.675
143.8,0.01135,5.675
143.9,0.01135,5.675
144,0.01134,5.67
144.1,0.01135,5.675
144.2,0.01135,5.675
144.3,0.01134,5.67
144.4,0.01133,5.665
144.5,0.01134,5.67
144.6,0.01134,5.67
144.7,0.01133,5.665
144.8,0.01133,5.665
144.9,0.01134,5.67
145,0.01133,5.665
145.1,0.01133,5.665
145.2,0.01135,5.675
145.3,0.01134,5.67
145.4,0.01133,5.665
145.5,0.01133,5.665
145.6,0.01133,5.665
145.7,0.01134,5.67
145.8,0.01134,5.67
145.9,0.01134,5.67
146,0.01133,5.665
146.1,0.01133,5.665
146.2,0.01134,5.67
146.3,0.01133,5.665
146.4,0.01133,5.665
146.5,0.01133,5.665
146.6,0.01133,5.665
146.7,0.01133,5.665
146.8,0.01133,5.665
146.9,0.01133,5.665
147,0.01133,5.665
147.1,0.01133,5.665
147.2,0.01132,5.66
147.3,0.01132,5.66
147.4,0.01132,5.66
147.5,0.01133,5.665
147.6,0.01133,5.665
147.7,0.01134,5.67
147.8,0.01134,5.67
147.9,0.01134,5.67
148,0.01134,5.67
148.1,0.01133,5.665
148.2,0.01133,5.665
148.3,0.01133,5.665
148.4,0.01133,5.665
148.5,0.01132,5.66
148.6,0.01132,5.66
148.7,0.01132,5.66
148.8,0.01132,5.66
148.9,0.01132,5.66
149,0.01131,5.655
149.1,0.01131,5.655
149.2,0.01131,5.655
149.3,0.01131,5.655
149.4,0.01131,5.655
149.5,0.01131,5.655
149.6,0.01131,5.655
149.7,0.01131,5.655
149.8,0.01131,5.655
149.9,0.01131,5.655
150,0.01132,5.66
150.1,0.01132,5.66
150.2,0.01132,5.66
150.3,0.01131,5.655
150.4,0.01133,5.665
150.5,0.01132,5.66
150.6,0.01132,5.66
150.7,0.01133,5.665
150.8,0.01133,5.665
150.9,0.01132,5.66
151,0.01132,5.66
151.1,0.01133,5.665
151.2,0.01132,5.66
151.3,0.01131,5.655
151.4,0.01131,5.655
151.5,0.01131,5.655
151.6,0.01132,5.66
151.7,0.01132,5.66
151.8,0.01132,5.66
151.9,0.01132,5.66
152,0.01132,5.66
152.1,0.01132,5.66
152.2,0.01131,5.655
152.3,0.01131,5.655
152.4,0.01132,5.66
152.5,0.01132,5.66
152.6,0.01132,5.66
152.7,0.01132,5.66
152.8,0.01131,5.655
152.9,0.01131,5.655
153,0.01131,5.655
153.1,0.01131,5.655
153.2,0.01131,5.655
153.3,0.01131,5.655
153.4,0.0113,5.65
153.5,0.0113,5.65
153.6,0.0113,5.65
153.7,0.01131,5.655
153.8,0.01131,5.655
153.9,0.0113,5.65
154,0.01131,5.655
154.1,0.0113,5.65
154.2,0.0113,5.65
154.3,0.01131,5.655
154.4,0.0113,5.65
154.5,0.0113,5.65
154.6,0.01131,5.655
154.7,0.0113,5.65
154.8,0.0113,5.65
154.9,0.0113,5.65
155,0.0113,5.65
155.1,0.01129,5.645
155.2,0.0113,5.65
155.3,0.01129,5.645
155.4,0.01129,5.645
155.5,0.01129,5.645
155.6,0.0113,5.65
155.7,0.0113,5.65
155.8,0.0113,5.65
155.9,0.0113,5.65
156,0.01129,5.645
156.1,0.0113,5.65
156.2,0.0113,5.65
156.3,0.0113,5.65
156.4,0.0113,5.65
156.5,0.01132,5.66
156.6,0.01131,5.655
156.7,0.01131,5.655
156.8,0.01131,5.655
156.9,0.01131,5.655
157,0.01131,5.655
157.1,0.01131,5.655
157.2,0.0113,5.65
157.3,0.0113,5.65
157.4,0.0113,5.65
157.5,0.0113,5.65
157.6,0.0113,5.65
157.7,0.01129,5.645
157.8,0.0113,5.65
157.9,0.0113,5.65
158,0.01129,5.645
158.1,0.01129,5.645
158.2,0.01129,5.645
158.3,0.0113,5.65
158.4,0.01129,5.645
158.5,0.0113,5.65
158.6,0.0113,5.65
158.7,0.0113,5.65
158.8,0.0113,5.65
158.9,0.01129,5.645
159,0.01129,5.645
159.1,0.0113,5.65
159.2,0.0113,5.65
159.3,0.01129,5.645
159.4,0.0113,5.65
159.5,0.0113,5.65
159.6,0.01129,5.645
159.7,0.0113,5.65
159.8,0.0113,5.65
159.9,0.0113,5.65
160,0.0113,5.65
160.1,0.01129,5.645
160.2,0.01129,5.645
160.3,0.01128,5.64
160.4,0.01129,5.645
160.5,0.0113,5.65
160.6,0.01129,5.645
160.7,0.01129,5.645
160.8,0.01129,5.645
160.9,0.01129,5.645
161,0.01129,5.645
161.1,0.01128,5.64
161.2,0.01128,5.64
161.3,0.01127,5.635
161.4,0.01128,5.64
161.5,0.01128,5.64
161.6,0.01128,5.64
161.7,0.01128,5.64
161.8,0.01128,5.64
161.9,0.01128,5.64
162,0.01128,5.64
162.1,0.01128,5.64
162.2,0.01129,5.645
162.3,0.01129,5.645
162.4,0.01129,5.645
162.5,0.01129,5.645
162.6,0.01129,5.645
162.7,0.01128,5.64
162.8,0.01128,5.64
162.9,0.01127,5.635
163,0.01127,5.635
163.1,0.01127,5.635
163.2,0.01127,5.635
163.3,0.01128,5.64
163.4,0.01128,5.64
163.5,0.01128,5.64
163.6,0.01127,5.635
163.7,0.01127,5.635
163.8,0.01127,5.635
163.9,0.01127,5.635
164,0.01127,5.635
164.1,0.01127,5.635
164.2,0.01128,5.64
164.3,0.01127,5.635
164.4,0.01126,5.63
164.5,0.01127,5.635
164.6,0.01127,5.635
164.7,0.01127,5.635
164.8,0.01127,5.635
164.9,0.01128,5.64
165,0.01128,5.64
165.1,0.01128,5.64
165.2,0.01127,5.635
165.3,0.01127,5.635
165.4,0.01127,5.635
165.5,0.01127,5.635
165.6,0.01127,5.635
165.7,0.01127,5.635
165.8,0.01127,5.635
165.9,0.01127,5.635
166,0.01127,5.635
166.1,0.01126,5.63
166.2,0.01127,5.635
166.3,0.01127,5.635
166.4,0.01127,5.635
166.5,0.01127,5.635
166.6,0.01126,5.63
166.7,0.01127,5.635
166.8,0.01126,5.63
166.9,0.01126,5.63
167,0.01126,5.63
167.1,0.01126,5.63
167.2,0.01126,5.63
167.3,0.01126,5.63
167.4,0.01126,5.63
167.5,0.01127,5.635
167.6,0.01127,5.635
167.7,0.01127,5.635
167.8,0.01126,5.63
167.9,0.01126,5.63
168,0.01126,5.63
168.1,0.01127,5.635
168.2,0.01127,5.635
168.3,0.01126,5.63
168.4,0.01126,5.63
168.5,0.01126,5.63
168.6,0.01126,5.63
168.7,0.01126,5.63
168.8,0.01125,5.625
168.9,0.01126,5.63
169,0.01126,5.63
169.1,0.01126,5.63
169.2,0.01127,5.635
169.3,0.01127,5.635
169.4,0.01126,5.63
169.5,0.01126,5.63
169.6,0.01126,5.63
169.7,0.01126,5.63
169.8,0.01125,5.625
169.9,0.01126,5.63
170,0.01126,5.63
170.1,0.01125,5.625
170.2,0.01126,5.63
170.3,0.01126,5.63
170.4,0.01125,5.625
170.5,0.01125,5.625
170.6,0.01125,5.625
170.7,0.01126,5.63
170.8,0.01125,5.625
170.9,0.01125,5.625
171,0.01126,5.63
171.1,0.01126,5.63
171.2,0.01125,5.625
171.3,0.01125,5.625
171.4,0.01125,5.625
171.5,0.01125,5.625
171.6,0.01125,5.625
171.7,0.01125,5.625
171.8,0.01125,5.625
171.9,0.01124,5.62
172,0.01125,5.625
172.1,0.01125,5.625
172.2,0.01124,5.62
172.3,0.01124,5.62
172.4,0.01124,5.62
172.5,0.01124,5.62
172.6,0.01124,5.62
172.7,0.01124,5.62
172.8,0.01123,5.615
172.9,0.01124,5.62
173,0.01124,5.62
173.1,0.01124,5.62
173.2,0.01124,5.62
173.3,0.01124,5.62
173.4,0.01124,5.62
173.5,0.01124,5.62
173.6,0.01124,5.62
173.7,0.01124,5.62
173.8,0.01125,5.625
173.9,0.01125,5.625
174,0.01125,5.625
174.1,0.01125,5.625
174.2,0.01124,5.62
174.3,0.01123,5.615
174.4,0.01124,5.62
174.5,0.01124,5.62
174.6,0.01124,5.62
174.7,0.01125,5.625
174.8,0.01125,5.625
174.9,0.01125,5.625
175,0.01124,5.62
175.1,0.01124,5.62
175.2,0.01124,5.62
175.3,0.01124,5.62
175.4,0.01123,5.615
175.5,0.01123,5.615
175.6,0.01124,5.62
175.7,0.01124,5.62
175.8,0.01124,5.62
175.9,0.01124,5.62
176,0.01124,5.62
176.1,0.01124,5.62
176.2,0.01124,5.62
176.3,0.01124,5.62
176.4,0.01123,5.615
176.5,0.01123,5.615
176.6,0.01124,5.62
176.7,0.01124,5.62
176.8,0.01124,5.62
176.9,0.01124,5.62
177,0.01124,5.62
177.1,0.01124,5.62
177.2,0.01124,5.62
177.3,0.01124,5.62
177.4,0.01124,5.62
177.5,0.01124,5.62
177.6,0.01124,5.62
177.7,0.01124,5.62
177.8,0.01123,5.615
177.9,0.01123,5.615
178,0.01123,5.615
178.1,0.01124,5.62
178.2,0.01124,5.62
178.3,0.01123,5.615
178.4,0.01123,5.615
178.5,0.01122,5.61
178.6,0.01122,5.61
178.7,0.01123,5.615
178.8,0.01123,5.615
178.9,0.01123,5.615
179,0.01123,5.615
179.1,0.01123,5.615
179.2,0.01122,5.61
179.3,0.01123,5.615
179.4,0.01124,5.62
179.5,0.01124,5.62
179.6,0.01124,5.62
179.7,0.01123,5.615
179.8,0.01123,5.615
179.9,0.01123,5.615
180,0.01123,5.615
180.1,0.01123,5.615
180.2,0.01123,5.615
180.3,0.01123,5.615
180.4,0.01123,5.615
180.5,0.01123,5.615
180.6,0.01123,5.615
180.7,0.01122,5.61
180.8,0.01123,5.615
180.9,0.01122,5.61
181,0.01122,5.61
181.1,0.01123,5.615
181.2,0.01123,5.615
181.3,0.01123,5.615
181.4,0.01123,5.615
181.5,0.01123,5.615
181.6,0.01123,5.615
181.7,0.01122,5.61
181.8,0.01123,5.615
181.9,0.01123,5.615
182,0.01123,5.615
182.1,0.01122,5.61
182.2,0.01122,5.61
182.3,0.01123,5.615
182.4,0.01123,5.615
182.5,0.01123,5.615
182.6,0.01123,5.615
182.7,0.01122,5.61
182.8,0.01122,5.61
182.9,0.01122,5.61
183,0.01123,5.615
183.1,0.01123,5.615
183.2,0.01122,5.61
183.3,0.01122,5.61
183.4,0.01121,5.605
183.5,0.01122,5.61
183.6,0.01122,5.61
183.7,0.01123,5.615
183.8,0.01123,5.615
183.9,0.01123,5.615
184,0.01122,5.61
184.1,0.01122,5.61
184.2,0.01122,5.61
184.3,0.01122,5.61
184.4,0.01121,5.605
184.5,0.01121,5.605
184.6,0.01122,5.61
184.7,0.01122,5.61
184.8,0.01122,5.61
184.9,0.01122,5.61
185,0.01121,5.605
185.1,0.01121,5.605
185.2,0.01122,5.61
185.3,0.01123,5.615
185.4,0.01122,5.61
185.5,0.01122,5.61
185.6,0.01122,5.61
185.7,0.01122,5.61
185.8,0.01121,5.605
185.9,0.01121,5.605
186,0.01121,5.605
186.1,0.01122,5.61
186.2,0.01121,5.605
186.3,0.01121,5.605
186.4,0.0112,5.6
186.5,0.01121,5.605
186.6,0.01122,5.61
186.7,0.01121,5.605
186.8,0.01121,5.605
186.9,0.0112,5.6
187,0.01121,5.605
187.1,0.01121,5.605
187.2,0.0112,5.6
187.3,0.0112,5.6
187.4,0.01121,5.605
187.5,0.0112,5.6
187.6,0.01121,5.605
187.7,0.01121,5.605
187.8,0.01121,5.605
187.9,0.01121,5.605
188,0.0112,5.6
188.1,0.0112,5.6
188.2,0.0112,5.6
188.3,0.0112,5.6
188.4,0.0112,5.6
188.5,0.0112,5.6
188.6,0.01121,5.605
188.7,0.01121,5.605
188.8,0.01121,5.605
188.9,0.01121,5.605
189,0.0112,5.6
189.1,0.01121,5.605
189.2,0.0112,5.6
189.3,0.0112,5.6
189.4,0.01121,5.605
189.5,0.01121,5.605
189.6,0.01121,5.605
189.7,0.01121,5.605
189.8,0.01121,5.605
189.9,0.0112,5.6
190,0.0112,5.6
190.1,0.0112,5.6
190.2,0.0112,5.6
190.3,0.0112,5.6
190.4,0.01119,5.595
190.5,0.01119,5.595
190.6,0.0112,5.6
190.7,0.0112,5.6
190.8,0.0112,5.6
190.9,0.0112,5.6
191,0.01121,5.605
191.1,0.0112,5.6
191.2,0.01119,5.595
191.3,0.0112,5.6
191.4,0.0112,5.6
191.5,0.0112,5.6
191.6,0.0112,5.6
191.7,0.0112,5.6
191.8,0.0112,5.6
191.9,0.01119,5.595
192,0.01119,5.595
192.1,0.0112,5.6
192.2,0.0112,5.6
192.3,0.01121,5.605
192.4,0.01121,5.605
192.5,0.0112,5.6
192.6,0.0112,5.6
192.7,0.0112,5.6
192.8,0.01119,5.595
192.9,0.01119,5.595
193,0.0112,5.6
193.1,0.0112,5.6
193.2,0.0112,5.6
193.3,0.0112,5.6
193.4,0.01119,5.595
193.5,0.01119,5.595
193.6,0.0112,5.6
193.7,0.01119,5.595
193.8,0.01119,5.595
193.9,0.01118,5.59
194,0.01118,5.59
194.1,0.01118,5.59
194.2,0.01119,5.595
194.3,0.01118,5.59
194.4,0.01118,5.59
194.5,0.01118,5.59
194.6,0.01119,5.595
194.7,0.01119,5.595
194.8,0.0112,5.6
194.9,0.01119,5.595
195,0.01119,5.595
195.1,0.01119,5.595
195.2,0.01119,5.595
195.3,0.01119,5.595
195.4,0.01119,5.595
195.5,0.01119,5.595
195.6,0.01119,5.595
195.7,0.01119,5.595
195.8,0.01118,5.59
195.9,0.01119,5.595
196,0.01119,5.595
196.1,0.01119,5.595
196.2,0.01119,5.595
196.3,0.01119,5.595
196.4,0.01119,5.595
196.5,0.01119,5.595
196.6,0.01119,5.595
196.7,0.01119,5.595
196.8,0.01119,5.595
196.9,0.01118,5.59
197,0.01118,5.59
197.1,0.01119,5.595
197.2,0.01118,5.59
197.3,0.01119,5.595
197.4,0.01118,5.59
197.5,0.01119,5.595
197.6,0.01119,5.595
197.7,0.01117,5.585
197.8,0.01117,5.585
197.9,0.01117,5.585
198,0.01118,5.59
198.1,0.01118,5.59
198.2,0.01118,5.59
198.3,0.01117,5.585
198.4,0.01117,5.585
198.5,0.01117,5.585
198.6,0.01117,5.585
198.7,0.01118,5.59
198.8,0.01118,5.59
198.9,0.01118,5.59
199,0.01117,5.585
199.1,0.01118,5.59
199.2,0.01117,5.585
199.3,0.01117,5.585
199.4,0.01117,5.585
199.5,0.01117,5.585
199.6,0.01117,5.585
199.7,0.01117,5.585
199.8,0.01117,5.585
199.9,0.01117,5.585
200,0.01116,5.58
200.1,0.01117,5.585
200.2,0.01116,5.58
200.3,0.01116,5.58
200.4,0.01117,5.585
200.5,0.01117,5.585
200.6,0.01117,5.585
200.7,0.01117,5.585
200.8,0.01118,5.59
200.9,0.01117,5.585
201,0.01117,5.585
201.1,0.01117,5.585
201.2,0.01117,5.585
201.3,0.01117,5.585
201.4,0.01117,5.585
201.5,0.01117,5.585
201.6,0.01117,5.585
201.7,0.01117,5.585
201.8,0.01117,5.585
201.9,0.01117,5.585
202,0.01117,5.585
202.1,0.01117,5.585
202.2,0.01117,5.585
202.3,0.01116,5.58
202.4,0.01117,5.585
202.5,0.01118,5.59
202.6,0.01116,5.58
202.7,0.01115,5.575
202.8,0.01116,5.58
202.9,0.01117,5.585
203,0.01117,5.585
203.1,0.01117,5.585
203.2,0.01117,5.585
203.3,0.01116,5.58
203.4,0.01116,5.58
203.5,0.01116,5.58
203.6,0.01116,5.58
203.7,0.01117,5.585
203.8,0.01117,5.585
203.9,0.01118,5.59
204,0.01117,5.585
204.1,0.01117,5.585
204.2,0.01116,5.58
204.3,0.01117,5.585
204.4,0.01117,5.585
204.5,0.01117,5.585
204.6,0.01117,5.585
204.7,0.01117,5.585
204.8,0.01117,5.585
204.9,0.01117,5.585
205,0.01116,5.58
205.1,0.01116,5.58
205.2,0.01116,5.58
205.3,0.01116,5.58
205.4,0.01117,5.585
205.5,0.01116,5.58
205.6,0.01117,5.585
205.7,0.01117,5.585
205.8,0.01116,5.58
205.9,0.01116,5.58
206,0.01117,5.585
206.1,0.01117,5.585
206.2,0.01116,5.58
206.3,0.01116,5.58
206.4,0.01117,5.585
206.5,0.01116,5.58
206.6,0.01116,5.58
206.7,0.01117,5.585
206.8,0.01117,5.585
206.9,0.01117,5.585
207,0.01117,5.585
207.1,0.01117,5.585
207.2,0.01118,5.59
207.3,0.01118,5.59
207.4,0.01117,5.585
207.5,0.01117,5.585
207.6,0.01117,5.585
207.7,0.01116,5.58
207.8,0.01117,5.585
207.9,0.01117,5.585
208,0.01117,5.585
208.1,0.01117,5.585
208.2,0.01116,5.58
208.3,0.01116,5.58
208.4,0.01116,5.58
208.5,0.01116,5.58
208.6,0.01115,5.575
208.7,0.01116,5.58
208.8,0.01117,5.585
208.9,0.01116,5.58
209,0.01115,5.575
209.1,0.01115,5.575
209.2,0.01115,5.575
209.3,0.01115,5.575
209.4,0.01116,5.58
209.5,0.01116,5.58
209.6,0.01116,5.58
209.7,0.01115,5.575
209.8,0.01115,5.575
209.9,0.01115,5.575
210,0.01116,5.58
210.1,0.01116,5.58
210.2,0.01115,5.575
210.3,0.01115,5.575
210.4,0.01115,5.575
210.5,0.01115,5.575
210.6,0.01115,5.575
210.7,0.01115,5.575
210.8,0.01115,5.575
210.9,0.01115,5.575
211,0.01115,5.575
211.1,0.01115,5.575
211.2,0.01115,5.575
211.3,0.01115,5.575
211.4,0.01114,5.57
211.5,0.01114,5.57
211.6,0.01114,5.57
211.7,0.01114,5.57
211.8,0.01114,5.57
211.9,0.01114,5.57
212,0.01114,5.57
212.1,0.01114,5.57
212.2,0.01113,5.565
212.3,0.01113,5.565
212.4,0.01115,5.575
212.5,0.01115,5.575
212.6,0.01115,5.575
212.7,0.01115,5.575
212.8,0.01115,5.575
212.9,0.01115,5.575
213,0.01115,5.575
213.1,0.01115,5.575
213.2,0.01115,5.575
213.3,0.01115,5.575
213.4,0.01115,5.575
213.5,0.01115,5.575
213.6,0.01114,5.57
213.7,0.01114,5.57
213.8,0.01114,5.57
213.9,0.01113,5.565
214,0.01113,5.565
214.1,0.01114,5.57
214.2,0.01114,5.57
214.3,0.01114,5.57
214.4,0.01114,5.57
214.5,0.01114,5.57
214.6,0.01114,5.57
214.7,0.01114,5.57
214.8,0.01114,5.57
214.9,0.01114,5.57
215,0.01114,5.57
215.1,0.01114,5.57
215.2,0.01114,5.57
215.3,0.01115,5.575
215.4,0.01115,5.575
215.5,0.01114,5.57
215.6,0.01114,5.57
215.7,0.01114,5.57
215.8,0.01114,5.57
215.9,0.01114,5.57
216,0.01114,5.57
216.1,0.01114,5.57
216.2,0.01114,5.57
216.3,0.01115,5.575
216.4,0.01115,5.575
216.5,0.01114,5.57
216.6,0.01113,5.565
216.7,0.01113,5.565
216.8,0.01114,5.57
216.9,0.01114,5.57
217,0.01114,5.57
217.1,0.01114,5.57
217.2,0.01114,5.57
217.3,0.01113,5.565
217.4,0.01114,5.57
217.5,0.01114,5.57
217.6,0.01114,5.57
217.7,0.01114,5.57
217.8,0.01114,5.57
217.9,0.01114,5.57
218,0.01114,5.57
218.1,0.01114,5.57
218.2,0.01113,5.565
218.3,0.01113,5.565
218.4,0.01113,5.565
218.5,0.01114,5.57
218.6,0.01114,5.57
218.7,0.01114,5.57
218.8,0.01114,5.57
218.9,0.01114,5.57
219,0.01114,5.57
219.1,0.01114,5.57
219.2,0.01114,5.57
219.3,0.01114,5.57
219.4,0.01114,5.57
219.5,0.01113,5.565
219.6,0.01113,5.565
219.7,0.01114,5.57
219.8,0.01113,5.565
219.9,0.01113,5.565
220,0.01113,5.565
220.1,0.01114,5.57
220.2,0.01114,5.57
220.3,0.01113,5.565
220.4,0.01113,5.565
220.5,0.01113,5.565
220.6,0.01113,5.565
220.7,0.01113,5.565
220.8,0.01114,5.57
220.9,0.01114,5.57
221,0.01113,5.565
221.1,0.01114,5.57
221.2,0.01114,5.57
221.3,0.01114,5.57
221.4,0.01114,5.57
221.5,0.01114,5.57
221.6,0.01114,5.57
221.7,0.01113,5.565
221.8,0.01113,5.565
221.9,0.01113,5.565
222,0.01113,5.565
222.1,0.01113,5.565
222.2,0.01113,5.565
222.3,0.01113,5.565
222.4,0.01113,5.565
222.5,0.01113,5.565
222.6,0.01114,5.57
222.7,0.01113,5.565
222.8,0.01113,5.565
222.9,0.01113,5.565
223,0.01113,5.565
223.1,0.01113,5.565
223.2,0.01113,5.565
223.3,0.01112,5.56
223.4,0.01113,5.565
223.5,0.01113,5.565
223.6,0.01112,5.56
223.7,0.01112,5.56
223.8,0.01112,5.56
223.9,0.01112,5.56
224,0.01112,5.56
224.1,0.01111,5.555
224.2,0.01112,5.56
224.3,0.01112,5.56
224.4,0.01112,5.56
224.5,0.01112,5.56
224.6,0.01112,5.56
224.7,0.01112,5.56
224.8,0.01112,5.56
224.9,0.01111,5.555
225,0.01112,5.56
225.1,0.01112,5.56
225.2,0.01112,5.56
225.3,0.01112,5.56
225.4,0.01112,5.56
225.5,0.01112,5.56
225.6,0.01111,5.555
225.7,0.01112,5.56
225.8,0.01113,5.565
225.9,0.01113,5.565
226,0.01112,5.56
226.1,0.01113,5.565
226.2,0.01112,5.56
226.3,0.01112,5.56
226.4,0.01111,5.555
226.5,0.01112,5.56
226.6,0.01111,5.555
226.7,0.01112,5.56
226.8,0.01112,5.56
226.9,0.01112,5.56
227,0.01112,5.56
227.1,0.01112,5.56
227.2,0.01111,5.555
227.3,0.01111,5.555
227.4,0.0111,5.55
227.5,0.0111,5.55
227.6,0.0111,5.55
227.7,0.01111,5.555
227.8,0.01111,5.555
227.9,0.01111,5.555
228,0.01111,5.555
228.1,0.0111,5.55
228.2,0.0111,5.55
228.3,0.01111,5.555
228.4,0.01111,5.555
228.5,0.01111,5.555
228.6,0.01112,5.56
228.7,0.01111,5.555
228.8,0.01111,5.555
228.9,0.01111,5.555
229,0.01111,5.555
229.1,0.01111,5.555
229.2,0.01111,5.555
229.3,0.01111,5.555
229.4,0.01112,5.56
229.5,0.01112,5.56
229.6,0.01112,5.56
229.7,0.01112,5.56
229.8,0.01111,5.555
229.9,0.0111,5.55
230,0.01112,5.56
230.1,0.01112,5.56
230.2,0.01111,5.555
230.3,0.01111,5.555
230.4,0.01111,5.555
230.5,0.01111,5.555
230.6,0.01111,5.555
230.7,0.01112,5.56
230.8,0.01111,5.555
230.9,0.01111,5.555
231,0.01111,5.555
231.1,0.01112,5.56
231.2,0.01111,5.555
231.3,0.01111,5.555
231.4,0.0111,5.55
231.5,0.01112,5.56
231.6,0.01112,5.56
231.7,0.01111,5.555
231.8,0.01111,5.555
231.9,0.01111,5.555
232,0.01111,5.555
232.1,0.01111,5.555
232.2,0.01111,5.555
232.3,0.01111,5.555
232.4,0.0111,5.55
232.5,0.0111,5.55
232.6,0.0111,5.55
232.7,0.01111,5.555
232.8,0.01111,5.555
232.9,0.0111,5.55
233,0.0111,5.55
233.1,0.0111,5.55
233.2,0.0111,5.55
233.3,0.0111,5.55
233.4,0.01111,5.555
233.5,0.01111,5.555
233.6,0.01111,5.555
233.7,0.0111,5.55
233.8,0.0111,5.55
233.9,0.0111,5.55
234,0.0111,5.55
234.1,0.0111,5.55
234.2,0.0111,5.55
234.3,0.0111,5.55
234.4,0.0111,5.55
234.5,0.0111,5.55
234.6,0.01111,5.555
234.7,0.01111,5.555
234.8,0.0111,5.55
234.9,0.0111,5.55
235,0.01111,5.555
235.1,0.01111,5.555
235.2,0.01111,5.555
235.3,0.01111,5.555
235.4,0.01111,5.555
235.5,0.01111,5.555
235.6,0.0111,5.55
235.7,0.01111,5.555
235.8,0.01111,5.555
235.9,0.01111,5.555
236,0.01111,5.555
236.1,0.01111,5.555
236.2,0.0111,5.55
236.3,0.0111,5.55
236.4,0.01111,5.555
236.5,0.01111,5.555
236.6,0.0111,5.55
236.7,0.0111,5.55
236.8,0.0111,5.55
236.9,0.01111,5.555
237,0.0111,5.55
237.1,0.0111,5.55
237.2,0.0111,5.55
237.3,0.0111,5.55
237.4,0.01111,5.555
237.5,0.0111,5.55
237.6,0.0111,5.55
237.7,0.01111,5.555
237.8,0.01112,5.56
237.9,0.01111,5.555
238,0.0111,5.55
238.1,0.0111,5.55
238.2,0.01111,5.555
238.3,0.01111,5.555
238.4,0.0111,5.55
238.5,0.01111,5.555
238.6,0.01111,5.555
238.7,0.0111,5.55
238.8,0.0111,5.55
238.9,0.0111,5.55
239,0.0111,5.55
239.1,0.01111,5.555
239.2,0.01111,5.555
239.3,0.01111,5.555
239.4,0.0111,5.55
239.5,0.0111,5.55
239.6,0.01111,5.555
239.7,0.0111,5.55
239.8,0.0111,5.55
239.9,0.01109,5.545
240,0.0111,5.55
240.1,0.0111,5.55
240.2,0.0111,5.55
240.3,0.0111,5.55
240.4,0.0111,5.55
240.5,0.0111,5.55
240.6,0.0111,5.55
240.7,0.0111,5.55
240.8,0.01109,5.545
240.9,0.01109,5.545
241,0.01109,5.545
241.1,0.01109,5.545
241.2,0.0111,5.55
241.3,0.01109,5.545
241.4,0.01109,5.545
241.5,0.01109,5.545
241.6,0.01109,5.545
241.7,0.0111,5.55
241.8,0.01109,5.545
241.9,0.01109,5.545
242,0.01109,5.545
242.1,0.01109,5.545
242.2,0.01109,5.545
242.3,0.0111,5.55
242.4,0.0111,5.55
242.5,0.0111,5.55
242.6,0.01109,5.545
242.7,0.0111,5.55
242.8,0.01109,5.545
242.9,0.01109,5.545
243,0.01109,5.545
243.1,0.01109,5.545
243.2,0.0111,5.55
243.3,0.0111,5.55
243.4,0.0111,5.55
243.5,0.0111,5.55
243.6,0.01109,5.545
243.7,0.01108,5.54
243.8,0.01108,5.54
243.9,0.01108,5.54
244,0.01108,5.54
244.1,0.01108,5.54
244.2,0.01108,5.54
244.3,0.01108,5.54
244.4,0.01108,5.54
244.5,0.01108,5.54
244.6,0.01109,5.545
244.7,0.01108,5.54
244.8,0.01107,5.535
244.9,0.01109,5.545
245,0.01109,5.545
245.1,0.01108,5.54
245.2,0.01109,5.545
245.3,0.01108,5.54
245.4,0.01108,5.54
245.5,0.01108,5.54
245.6,0.01108,5.54
245.7,0.01108,5.54
245.8,0.01108,5.54
245.9,0.01108,5.54
246,0.01109,5.545
246.1,0.01109,5.545
246.2,0.01109,5.545
246.3,0.01109,5.545
246.4,0.01108,5.54
246.5,0.01108,5.54
246.6,0.01108,5.54
246.7,0.01108,5.54
246.8,0.01108,5.54
246.9,0.01107,5.535
247,0.01107,5.535
247.1,0.01106,5.53
247.2,0.01107,5.535
247.3,0.01108,5.54
247.4,0.01109,5.545
247.5,0.01108,5.54
247.6,0.01107,5.535
247.7,0.01107,5.535
247.8,0.01107,5.535
247.9,0.01107,5.535
248,0.01107,5.535
248.1,0.01107,5.535
248.2,0.01108,5.54
248.3,0.01107,5.535
248.4,0.01107,5.535
248.5,0.01107,5.535
248.6,0.01107,5.535
248.7,0.01107,5.535
248.8,0.01106,5.53
248.9,0.01106,5.53
249,0.01106,5.53
249.1,0.01106,5.53
249.2,0.01107,5.535
249.3,0.01107,5.535
249.4,0.01107,5.535
249.5,0.01107,5.535
249.6,0.01107,5.535
249.7,0.01106,5.53
249.8,0.01106,5.53
249.9,0.01106,5.53
250,0.01107,5.535
250.1,0.01106,5.53
250.2,0.01106,5.53
250.3,0.01106,5.53
250.4,0.01106,5.53
250.5,0.01107,5.535
250.6,0.01106,5.53
250.7,0.01106,5.53
250.8,0.01105,5.525
250.9,0.01105,5.525
251,0.01107,5.535
251.1,0.01108,5.54
251.2,0.01107,5.535
251.3,0.01107,5.535
251.4,0.01107,5.535
251.5,0.01106,5.53
251.6,0.01106,5.53
251.7,0.01106,5.53
251.8,0.01106,5.53
251.9,0.01107,5.535
252,0.01108,5.54
252.1,0.01107,5.535
252.2,0.01106,5.53
252.3,0.01106,5.53
252.4,0.01106,5.53
252.5,0.01106,5.53
252.6,0.01106,5.53
252.7,0.01108,5.54
252.8,0.01107,5.535
252.9,0.01107,5.535
253,0.01106,5.53
253.1,0.01106,5.53
253.2,0.01106,5.53
253.3,0.01106,5.53
253.4,0.01107,5.535
253.5,0.01107,5.535
253.6,0.01106,5.53
253.7,0.01106,5.53
253.8,0.01107,5.535
253.9,0.01107,5.535
254,0.01106,5.53
254.1,0.01107,5.535
254.2,0.01107,5.535
254.3,0.01106,5.53
254.4,0.01106,5.53
254.5,0.01106,5.53
254.6,0.01106,5.53
254.7,0.01106,5.53
254.8,0.01107,5.535
254.9,0.01106,5.53
255,0.01106,5.53
255.1,0.01105,5.525
255.2,0.01106,5.53
255.3,0.01105,5.525
255.4,0.01106,5.53
255.5,0.01105,5.525
255.6,0.01104,5.52
255.7,0.01105,5.525
255.8,0.01105,5.525
255.9,0.01104,5.52
256,0.01105,5.525
256.1,0.01105,5.525
256.2,0.01105,5.525
256.3,0.01105,5.525
256.4,0.01105,5.525
256.5,0.01105,5.525
256.6,0.01106,5.53
256.7,0.01106,5.53
256.8,0.01105,5.525
256.9,0.01105,5.525
257,0.01105,5.525
257.1,0.01104,5.52
257.2,0.01104,5.52
257.3,0.01105,5.525
257.4,0.01105,5.525
257.5,0.01105,5.525
257.6,0.01105,5.525
257.7,0.01105,5.525
257.8,0.01105,5.525
257.9,0.01105,5.525
258,0.01106,5.53
258.1,0.01106,5.53
258.2,0.01105,5.525
258.3,0.01106,5.53
258.4,0.01106,5.53
258.5,0.01105,5.525
258.6,0.01105,5.525
258.7,0.01105,5.525
258.8,0.01105,5.525
258.9,0.01105,5.525
259,0.01105,5.525
259.1,0.01105,5.525
259.2,0.01105,5.525
259.3,0.01105,5.525
259.4,0.01105,5.525
259.5,0.01105,5.525
259.6,0.01104,5.52
259.7,0.01105,5.525
259.8,0.01105,5.525
259.9,0.01105,5.525
260,0.01104,5.52
260.1,0.01104,5.52
260.2,0.01105,5.525
260.3,0.01104,5.52
260.4,0.01104,5.52
260.5,0.01104,5.52
260.6,0.01104,5.52
260.7,0.01105,5.525
260.8,0.01105,5.525
260.9,0.01105,5.525
261,0.01104,5.52
261.1,0.01104,5.52
261.2,0.01104,5.52
261.3,0.01105,5.525
261.4,0.01106,5.53
261.5,0.01106,5.53
261.6,0.01106,5.53
261.7,0.01105,5.525
261.8,0.01105,5.525
261.9,0.01104,5.52
262,0.01104,5.52
262.1,0.01105,5.525
262.2,0.01106,5.53
262.3,0.01105,5.525
262.4,0.01105,5.525
262.5,0.01106,5.53
262.6,0.01105,5.525
262.7,0.01105,5.525
262.8,0.01105,5.525
262.9,0.01105,5.525
263,0.01104,5.52
263.1,0.01104,5.52
263.2,0.01105,5.525
263.3,0.01106,5.53
263.4,0.01107,5.535
263.5,0.01106,5.53
263.6,0.01106,5.53
263.7,0.01105,5.525
263.8,0.01105,5.525
263.9,0.01105,5.525
264,0.01105,5.525
264.1,0.01105,5.525
264.2,0.01106,5.53
264.3,0.01105,5.525
264.4,0.01105,5.525
264.5,0.01104,5.52
264.6,0.01105,5.525
264.7,0.01105,5.525
264.8,0.01105,5.525
264.9,0.01104,5.52
265,0.01104,5.52
265.1,0.01105,5.525
265.2,0.01105,5.525
265.3,0.01105,5.525
265.4,0.01105,5.525
265.5,0.01104,5.52
265.6,0.01104,5.52
265.7,0.01105,5.525
265.8,0.01105,5.525
265.9,0.01104,5.52
266,0.01105,5.525
266.1,0.01105,5.525
266.2,0.01104,5.52
266.3,0.01104,5.52
266.4,0.01104,5.52
266.5,0.01105,5.525
266.6,0.01105,5.525
266.7,0.01105,5.525
266.8,0.01104,5.52
266.9,0.01104,5.52
267,0.01104,5.52
267.1,0.01104,5.52
267.2,0.01104,5.52
267.3,0.01104,5.52
267.4,0.01105,5.525
267.5,0.01105,5.525
267.6,0.01104,5.52
267.7,0.01104,5.52
267.8,0.01104,5.52
267.9,0.01104,5.52
268,0.01105,5.525
268.1,0.01105,5.525
268.2,0.01105,5.525
268.3,0.01105,5.525
268.4,0.01104,5.52
268.5,0.01104,5.52
268.6,0.01105,5.525
268.7,0.01104,5.52
268.8,0.01104,5.52
268.9,0.01104,5.52
269,0.01105,5.525
269.1,0.01105,5.525
269.2,0.01105,5.525
269.3,0.01105,5.525
269.4,0.01105,5.525
269.5,0.01104,5.52
269.6,0.01104,5.52
269.7,0.01104,5.52
269.8,0.01104,5.52
269.9,0.01104,5.52
270,0.01104,5.52
270.1,0.01104,5.52
270.2,0.01104,5.52
270.3,0.01104,5.52
270.4,0.01104,5.52
270.5,0.01103,5.515
270.6,0.01104,5.52
270.7,0.01104,5.52
270.8,0.01104,5.52
270.9,0.01104,5.52
271,0.01104,5.52
271.1,0.01104,5.52
271.2,0.01105,5.525
271.3,0.01104,5.52
271.4,0.01104,5.52
271.5,0.01104,5.52
271.6,0.01105,5.525
271.7,0.01105,5.525
271.8,0.01104,5.52
271.9,0.01104,5.52
272,0.01104,5.52
272.1,0.01105,5.525
272.2,0.01104,5.52
272.3,0.01104,5.52
272.4,0.01105,5.525
272.5,0.01105,5.525
272.6,0.01104,5.52
272.7,0.01104,5.52
272.8,0.01104,5.52
272.9,0.01104,5.52
273,0.01104,5.52
273.1,0.01104,5.52
273.2,0.01104,5.52
273.3,0.01104,5.52
273.4,0.01104,5.52
273.5,0.01104,5.52
273.6,0.01104,5.52
273.7,0.01104,5.52
273.8,0.01105,5.525
273.9,0.01104,5.52
274,0.01103,5.515
274.1,0.01104,5.52
274.2,0.01104,5.52
274.3,0.01104,5.52
274.4,0.01104,5.52
274.5,0.01104,5.52
274.6,0.01104,5.52
274.7,0.01104,5.52
274.8,0.01104,5.52
274.9,0.01104,5.52
275,0.01105,5.525
275.1,0.01105,5.525
275.2,0.01104,5.52
275.3,0.01104,5.52
275.4,0.01104,5.52
275.5,0.01104,5.52
275.6,0.01104,5.52
275.7,0.01104,5.52
275.8,0.01104,5.52
275.9,0.01104,5.52
276,0.01104,5.52
276.1,0.01103,5.515
276.2,0.01103,5.515
276.3,0.01103,5.515
276.4,0.01103,5.515
276.5,0.01103,5.515
276.6,0.01103,5.515
276.7,0.01103,5.515
276.8,0.01103,5.515
276.9,0.01103,5.515
277,0.01103,5.515
277.1,0.01103,5.515
277.2,0.01103,5.515
277.3,0.01103,5.515
277.4,0.01103,5.515
277.5,0.01103,5.515
277.6,0.01103,5.515
277.7,0.01102,5.51
277.8,0.01103,5.515
277.9,0.01103,5.515
278,0.01102,5.51
278.1,0.01102,5.51
278.2,0.01103,5.515
278.3,0.01103,5.515
278.4,0.01103,5.515
278.5,0.01102,5.51
278.6,0.01103,5.515
278.7,0.01103,5.515
278.8,0.01102,5.51
278.9,0.01102,5.51
279,0.01103,5.515
279.1,0.01103,5.515
279.2,0.01103,5.515
279.3,0.01103,5.515
279.4,0.01103,5.515
279.5,0.01104,5.52
279.6,0.01104,5.52
279.7,0.01103,5.515
279.8,0.01103,5.515
279.9,0.01103,5.515
280,0.01103,5.515
280.1,0.01103,5.515
280.2,0.01103,5.515
280.3,0.01103,5.515
280.4,0.01103,5.515
280.5,0.01102,5.51
280.6,0.01102,5.51
280.7,0.01103,5.515
280.8,0.01102,5.51
280.9,0.01102,5.51
281,0.01103,5.515
281.1,0.01103,5.515
281.2,0.01103,5.515
281.3,0.01103,5.515
281.4,0.01103,5.515
281.5,0.01102,5.51
281.6,0.01102,5.51
281.7,0.01102,5.51
281.8,0.01102,5.51
281.9,0.01103,5.515
282,0.01104,5.52
282.1,0.01103,5.515
282.2,0.01103,5.515
282.3,0.01103,5.515
282.4,0.01103,5.515
282.5,0.01102,5.51
282.6,0.01103,5.515
282.7,0.01103,5.515
282.8,0.01103,5.515
282.9,0.01103,5.515
283,0.01102,5.51
283.1,0.01102,5.51
283.2,0.01103,5.515
283.3,0.01103,5.515
283.4,0.01102,5.51
283.5,0.01102,5.51
283.6,0.01102,5.51
283.7,0.01103,5.515
283.8,0.01102,5.51
283.9,0.01102,5.51
284,0.01103,5.515
284.1,0.01103,5.515
284.2,0.01103,5.515
284.3,0.01103,5.515
284.4,0.01103,5.515
284.5,0.01103,5.515
284.6,0.01103,5.515
284.7,0.01103,5.515
284.8,0.01103,5.515
284.9,0.01103,5.515
285,0.01103,5.515
285.1,0.01103,5.515
285.2,0.01103,5.515
285.3,0.01102,5.51
285.4,0.01102,5.51
285.5,0.01102,5.51
285.6,0.01102,5.51
285.7,0.01103,5.515
285.8,0.01103,5.515
285.9,0.01102,5.51
286,0.01101,5.505
286.1,0.01102,5.51
286.2,0.01103,5.515
286.3,0.01103,5.515
286.4,0.01102,5.51
286.5,0.01102,5.51
286.6,0.01102,5.51
286.7,0.01101,5.505
286.8,0.01102,5.51
286.9,0.01102,5.51
287,0.01103,5.515
287.1,0.01102,5.51
287.2,0.01102,5.51
287.3,0.01102,5.51
287.4,0.01103,5.515
287.5,0.01102,5.51
287.6,0.01103,5.515
287.7,0.01102,5.51
287.8,0.01103,5.515
287.9,0.01103,5.515
288,0.01102,5.51
288.1,0.01102,5.51
288.2,0.01102,5.51
288.3,0.01102,5.51
288.4,0.01102,5.51
288.5,0.01102,5.51
288.6,0.01102,5.51
288.7,0.01102,5.51
288.8,0.01102,5.51
288.9,0.01102,5.51
289,0.01102,5.51
289.1,0.01102,5.51
289.2,0.01102,5.51
289.3,0.01101,5.505
289.4,0.01102,5.51
289.5,0.01102,5.51
289.6,0.01102,5.51
289.7,0.01102,5.51
289.8,0.01102,5.51
289.9,0.01102,5.51
290,0.01102,5.51
290.1,0.01101,5.505
290.2,0.01101,5.505
290.3,0.01103,5.515
290.4,0.01102,5.51
290.5,0.01102,5.51
290.6,0.01102,5.51
290.7,0.01102,5.51
290.8,0.01102,5.51
290.9,0.01102,5.51
291,0.01101,5.505
291.1,0.01101,5.505
291.2,0.01101,5.505
291.3,0.01101,5.505
291.4,0.01102,5.51
291.5,0.01101,5.505
291.6,0.01101,5.505
291.7,0.01101,5.505
291.8,0.01101,5.505
291.9,0.01101,5.505
292,0.01102,5.51
292.1,0.01102,5.51
292.2,0.01102,5.51
292.3,0.01102,5.51
292.4,0.01102,5.51
292.5,0.01102,5.51
292.6,0.01101,5.505
292.7,0.01102,5.51
292.8,0.01102,5.51
292.9,0.01102,5.51
293,0.01102,5.51
293.1,0.01102,5.51
293.2,0.01102,5.51
293.3,0.01101,5.505
293.4,0.01101,5.505
293.5,0.01101,5.505
293.6,0.01101,5.505
293.7,0.01101,5.505
293.8,0.01101,5.505
293.9,0.01101,5.505
294,0.01101,5.505
294.1,0.01101,5.505
294.2,0.01101,5.505
294.3,0.011,5.5
294.4,0.01101,5.505
294.5,0.01102,5.51
294.6,0.01102,5.51
294.7,0.01101,5.505
294.8,0.01101,5.505
294.9,0.01101,5.505
295,0.01102,5.51
295.1,0.01101,5.505
295.2,0.01101,5.505
295.3,0.01101,5.505
295.4,0.011,5.5
295.5,0.011,5.5
295.6,0.011,5.5
295.7,0.011,5.5
295.8,0.01099,5.495
295.9,0.011,5.5
296,0.011,5.5
296.1,0.011,5.5
296.2,0.01101,5.505
296.3,0.01101,5.505
296.4,0.011,5.5
296.5,0.011,5.5
296.6,0.011,5.5
296.7,0.011,5.5
296.8,0.011,5.5
296.9,0.011,5.5
297,0.011,5.5
297.1,0.01099,5.495
297.2,0.011,5.5
297.3,0.011,5.5
297.4,0.011,5.5
297.5,0.011,5.5
297.6,0.011,5.5
297.7,0.011,5.5
297.8,0.011,5.5
297.9,0.011,5.5
298,0.01101,5.505
298.1,0.01101,5.505
298.2,0.01101,5.505
298.3,0.01101,5.505
298.4,0.011,5.5
298.5,0.011,5.5
298.6,0.01099,5.495
298.7,0.01099,5.495
298.8,0.011,5.5
298.9,0.01101,5.505
299,0.011,5.5
299.1,0.011,5.5
299.2,0.011,5.5
299.3,0.011,5.5
299.4,0.011,5.5
299.5,0.011,5.5
299.6,0.01101,5.505
299.7,0.011,5.5
299.8,0.011,5.5
299.9,0.011,5.5
300,0.011,5.5
300.1,0.011,5.5
300.2,0.011,5.5
300.3,0.011,5.5
300.4,0.011,5.5
300.5,0.011,5.5
300.6,0.011,5.5
300.7,0.011,5.5
300.8,0.011,5.5
300.9,0.01099,5.495
301,0.01099,5.495
301.1,0.011,5.5
301.2,0.011,5.5
301.3,0.011,5.5
301.4,0.011,5.5
301.5,0.011,5.5
301.6,0.011,5.5
301.7,0.011,5.5
301.8,0.011,5.5
301.9,0.011,5.5
302,0.01099,5.495
302.1,0.01099,5.495
302.2,0.011,5.5
302.3,0.011,5.5
302.4,0.01099,5.495
302.5,0.01099,5.495
302.6,0.011,5.5
302.7,0.011,5.5
302.8,0.011,5.5
302.9,0.011,5.5
303,0.011,5.5
303.1,0.01099,5.495
303.2,0.011,5.5
303.3,0.011,5.5
303.4,0.011,5.5
303.5,0.011,5.5
303.6,0.011,5.5
303.7,0.011,5.5
303.8,0.011,5.5
303.9,0.01099,5.495
304,0.01099,5.495
304.1,0.011,5.5
304.2,0.01101,5.505
304.3,0.011,5.5
304.4,0.011,5.5
304.5,0.011,5.5
304.6,0.01099,5.495
304.7,0.01099,5.495
304.8,0.01099,5.495
304.9,0.01099,5.495
305,0.01099,5.495
305.1,0.01099,5.495
305.2,0.01099,5.495
305.3,0.01099,5.495
305.4,0.011,5.5
305.5,0.011,5.5
305.6,0.01099,5.495
305.7,0.01099,5.495
305.8,0.011,5.5
305.9,0.011,5.5
306,0.011,5.5
306.1,0.011,5.5
306.2,0.011,5.5
306.3,0.01099,5.495
306.4,0.011,5.5
306.5,0.011,5.5
306.6,0.01099,5.495
306.7,0.01099,5.495
306.8,0.011,5.5
306.9,0.01099,5.495
307,0.01099,5.495
307.1,0.01099,5.495
307.2,0.01099,5.495
307.3,0.01099,5.495
307.4,0.01099,5.495
307.5,0.01099,5.495
307.6,0.01098,5.49
307.7,0.01098,5.49
307.8,0.01098,5.49
307.9,0.01099,5.495
308,0.01099,5.495
308.1,0.01099,5.495
308.2,0.01099,5.495
308.3,0.01099,5.495
308.4,0.011,5.5
308.5,0.011,5.5
308.6,0.011,5.5
308.7,0.011,5.5
308.8,0.011,5.5
308.9,0.011,5.5
309,0.011,5.5
309.1,0.011,5.5
309.2,0.011,5.5
309.3,0.011,5.5
309.4,0.01099,5.495
309.5,0.011,5.5
309.6,0.01099,5.495
309.7,0.01099,5.495
309.8,0.01098,5.49
309.9,0.01099,5.495
310,0.01099,5.495
310.1,0.01099,5.495
310.2,0.01098,5.49
310.3,0.01099,5.495
310.4,0.01099,5.495
310.5,0.01099,5.495
310.6,0.01099,5.495
310.7,0.01099,5.495
310.8,0.01099,5.495
310.9,0.01099,5.495
311,0.01099,5.495
311.1,0.01099,5.495
311.2,0.01099,5.495
311.3,0.011,5.5
311.4,0.011,5.5
311.5,0.01099,5.495
311.6,0.01099,5.495
311.7,0.01099,5.495
311.8,0.01099,5.495
311.9,0.01099,5.495
312,0.01099,5.495
312.1,0.01098,5.49
312.2,0.01099,5.495
312.3,0.01099,5.495
312.4,0.01099,5.495
312.5,0.01098,5.49
312.6,0.01099,5.495
312.7,0.01099,5.495
312.8,0.01099,5.495
312.9,0.01098,5.49
313,0.01098,5.49
313.1,0.01098,5.49
313.2,0.01098,5.49
313.3,0.01098,5.49
313.4,0.01098,5.49
313.5,0.01098,5.49
313.6,0.01098,5.49
313.7,0.01098,5.49
313.8,0.01098,5.49
313.9,0.01099,5.495
314,0.01099,5.495
314.1,0.01099,5.495
314.2,0.01098,5.49
314.3,0.01097,5.485
314.4,0.01098,5.49
314.5,0.01099,5.495
314.6,0.01099,5.495
314.7,0.01099,5.495
314.8,0.01098,5.49
314.9,0.01099,5.495
315,0.01098,5.49
315.1,0.01098,5.49
315.2,0.01098,5.49
315.3,0.01099,5.495
315.4,0.01099,5.495
315.5,0.01098,5.49
315.6,0.01099,5.495
315.7,0.01099,5.495
315.8,0.01099,5.495
315.9,0.01098,5.49
316,0.01098,5.49
316.1,0.01098,5.49
316.2,0.01098,5.49
316.3,0.01098,5.49
316.4,0.01098,5.49
316.5,0.01097,5.485
316.6,0.01097,5.485
316.7,0.01097,5.485
316.8,0.01097,5.485
316.9,0.01098,5.49
317,0.01098,5.49
317.1,0.01097,5.485
317.2,0.01097,5.485
317.3,0.01097,5.485
317.4,0.01098,5.49
317.5,0.01098,5.49
317.6,0.01098,5.49
317.7,0.01099,5.495
317.8,0.01099,5.495
317.9,0.01097,5.485
318,0.01097,5.485
318.1,0.01098,5.49
318.2,0.01098,5.49
318.3,0.01098,5.49
318.4,0.01099,5.495
318.5,0.01099,5.495
318.6,0.01098,5.49
318.7,0.01098,5.49
318.8,0.01098,5.49
318.9,0.01098,5.49
319,0.01098,5.49
319.1,0.01098,5.49
319.2,0.01098,5.49
319.3,0.01098,5.49
319.4,0.01098,5.49
319.5,0.01098,5.49
319.6,0.01098,5.49
319.7,0.01097,5.485
319.8,0.01098,5.49
319.9,0.01098,5.49
320,0.01098,5.49
320.1,0.01099,5.495
320.2,0.01099,5.495
320.3,0.01098,5.49
320.4,0.01098,5.49
320.5,0.01098,5.49
320.6,0.01098,5.49
320.7,0.01099,5.495
320.8,0.01099,5.495
320.9,0.01098,5.49
321,0.01098,5.49
321.1,0.01098,5.49
321.2,0.01097,5.485
321.3,0.01098,5.49
321.4,0.01098,5.49
321.5,0.01099,5.495
321.6,0.01099,5.495
321.7,0.01098,5.49
321.8,0.01098,5.49
321.9,0.01098,5.49
322,0.01098,5.49
322.1,0.01098,5.49
322.2,0.01098,5.49
322.3,0.01098,5.49
322.4,0.01098,5.49
322.5,0.01098,5.49
322.6,0.01098,5.49
322.7,0.01098,5.49
322.8,0.01099,5.495
322.9,0.01099,5.495
323,0.01099,5.495
323.1,0.01098,5.49
323.2,0.01099,5.495
323.3,0.01098,5.49
323.4,0.01098,5.49
323.5,0.01098,5.49
323.6,0.01099,5.495
323.7,0.01098,5.49
323.8,0.01098,5.49
323.9,0.01097,5.485
324,0.01097,5.485
324.1,0.01097,5.485
324.2,0.01098,5.49
324.3,0.01098,5.49
324.4,0.01097,5.485
324.5,0.01098,5.49
324.6,0.01098,5.49
324.7,0.01097,5.485
324.8,0.01097,5.485
324.9,0.01098,5.49
325,0.01098,5.49
325.1,0.01097,5.485
325.2,0.01097,5.485
325.3,0.01097,5.485
325.4,0.01098,5.49
325.5,0.01097,5.485
325.6,0.01097,5.485
325.7,0.01097,5.485
325.8,0.01097,5.485
325.9,0.01097,5.485
326,0.01097,5.485
326.1,0.01097,5.485
326.2,0.01097,5.485
326.3,0.01097,5.485
326.4,0.01097,5.485
326.5,0.01097,5.485
326.6,0.01096,5.48
326.7,0.01097,5.485
326.8,0.01097,5.485
326.9,0.01097,5.485
327,0.01097,5.485
327.1,0.01097,5.485
327.2,0.01097,5.485
327.3,0.01097,5.485
327.4,0.01098,5.49
327.5,0.01097,5.485
327.6,0.01097,5.485
327.7,0.01097,5.485
327.8,0.01097,5.485
327.9,0.01096,5.48
328,0.01096,5.48
328.1,0.01096,5.48
328.2,0.01097,5.485
328.3,0.01097,5.485
328.4,0.01097,5.485
328.5,0.01097,5.485
328.6,0.01096,5.48
328.7,0.01097,5.485
328.8,0.01097,5.485
328.9,0.01097,5.485
329,0.01097,5.485
329.1,0.01096,5.48
329.2,0.01096,5.48
329.3,0.01096,5.48
329.4,0.01096,5.48
329.5,0.01097,5.485
329.6,0.01097,5.485
329.7,0.01097,5.485
329.8,0.01097,5.485
329.9,0.01097,5.485
330,0.01096,5.48
330.1,0.01096,5.48
330.2,0.01096,5.48
330.3,0.01097,5.485
330.4,0.01097,5.485
330.5,0.01096,5.48
330.6,0.01096,5.48
330.7,0.01096,5.48
330.8,0.01095,5.475
330.9,0.01096,5.48
331,0.01096,5.48
331.1,0.01096,5.48
331.2,0.01095,5.475
331.3,0.01095,5.475
331.4,0.01096,5.48
331.5,0.01095,5.475
331.6,0.01095,5.475
331.7,0.01096,5.48
331.8,0.01097,5.485
331.9,0.01097,5.485
332,0.01097,5.485
332.1,0.01097,5.485
332.2,0.01097,5.485
332.3,0.01097,5.485
332.4,0.01097,5.485
332.5,0.01097,5.485
332.6,0.01096,5.48
332.7,0.01096,5.48
332.8,0.01096,5.48
332.9,0.01096,5.48
333,0.01096,5.48
333.1,0.01096,5.48
333.2,0.01096,5.48
333.3,0.01096,5.48
333.4,0.01095,5.475
333.5,0.01095,5.475
333.6,0.01096,5.48
333.7,0.01096,5.48
333.8,0.01096,5.48
333.9,0.01095,5.475
334,0.01095,5.475
334.1,0.01095,5.475
334.2,0.01095,5.475
334.3,0.01095,5.475
334.4,0.01096,5.48
334.5,0.01096,5.48
334.6,0.01095,5.475
334.7,0.01095,5.475
334.8,0.01095,5.475
334.9,0.01096,5.48
335,0.01095,5.475
335.1,0.01096,5.48
335.2,0.01096,5.48
335.3,0.01095,5.475
335.4,0.01095,5.475
335.5,0.01095,5.475
335.6,0.01095,5.475
335.7,0.01096,5.48
335.8,0.01096,5.48
335.9,0.01095,5.475
336,0.01095,5.475
336.1,0.01096,5.48
336.2,0.01096,5.48
336.3,0.01096,5.48
336.4,0.01096,5.48
336.5,0.01095,5.475
336.6,0.01095,5.475
336.7,0.01095,5.475
336.8,0.01095,5.475
336.9,0.01095,5.475
337,0.01096,5.48
337.1,0.01096,5.48
337.2,0.01096,5.48
337.3,0.01096,5.48
337.4,0.01095,5.475
337.5,0.01094,5.47
337.6,0.01096,5.48
337.7,0.01096,5.48
337.8,0.01095,5.475
337.9,0.01095,5.475
338,0.01095,5.475
338.1,0.01095,5.475
338.2,0.01095,5.475
338.3,0.01095,5.475
338.4,0.01095,5.475
338.5,0.01094,5.47
338.6,0.01094,5.47
338.7,0.01095,5.475
338.8,0.01094,5.47
338.9,0.01094,5.47
339,0.01094,5.47
339.1,0.01094,5.47
339.2,0.01095,5.475
339.3,0.01094,5.47
339.4,0.01094,5.47
339.5,0.01094,5.47
339.6,0.01094,5.47
339.7,0.01095,5.475
339.8,0.01096,5.48
339.9,0.01095,5.475
340,0.01095,5.475
340.1,0.01095,5.475
340.2,0.01096,5.48
340.3,0.01095,5.475
340.4,0.01095,5.475
340.5,0.01096,5.48
340.6,0.01095,5.475
340.7,0.01095,5.475
340.8,0.01095,5.475
340.9,0.01095,5.475
341,0.01095,5.475
341.1,0.01096,5.48
341.2,0.01095,5.475
341.3,0.01095,5.475
341.4,0.01095,5.475
341.5,0.01095,5.475
341.6,0.01096,5.48
341.7,0.01095,5.475
341.8,0.01095,5.475
341.9,0.01094,5.47
342,0.01094,5.47
342.1,0.01095,5.475
342.2,0.01094,5.47
342.3,0.01095,5.475
342.4,0.01094,5.47
342.5,0.01094,5.47
342.6,0.01094,5.47
342.7,0.01094,5.47
342.8,0.01095,5.475
342.9,0.01095,5.475
343,0.01095,5.475
343.1,0.01095,5.475
343.2,0.01094,5.47
343.3,0.01095,5.475
343.4,0.01095,5.475
343.5,0.01094,5.47
343.6,0.01094,5.47
343.7,0.01094,5.47
343.8,0.01095,5.475
343.9,0.01096,5.48
344,0.01095,5.475
344.1,0.01094,5.47
344.2,0.01094,5.47
344.3,0.01094,5.47
344.4,0.01094,5.47
344.5,0.01094,5.47
344.6,0.01094,5.47
344.7,0.01094,5.47
344.8,0.01094,5.47
344.9,0.01095,5.475
345,0.01095,5.475
345.1,0.01095,5.475
345.2,0.01095,5.475
345.3,0.01094,5.47
345.4,0.01094,5.47
345.5,0.01094,5.47
345.6,0.01095,5.475
345.7,0.01094,5.47
345.8,0.01094,5.47
345.9,0.01093,5.465
346,0.01094,5.47
346.1,0.01094,5.47
346.2,0.01094,5.47
346.3,0.01094,5.47
346.4,0.01095,5.475
346.5,0.01095,5.475
346.6,0.01094,5.47
346.7,0.01095,5.475
346.8,0.01095,5.475
346.9,0.01094,5.47
347,0.01094,5.47
347.1,0.01095,5.475
347.2,0.01095,5.475
347.3,0.01094,5.47
347.4,0.01094,5.47
347.5,0.01094,5.47
347.6,0.01094,5.47
347.7,0.01095,5.475
347.8,0.01095,5.475
347.9,0.01095,5.475
348,0.01094,5.47
348.1,0.01094,5.47
348.2,0.01094,5.47
348.3,0.01094,5.47
348.4,0.01094,5.47
348.5,0.01094,5.47
348.6,0.01094,5.47
348.7,0.01094,5.47
348.8,0.01094,5.47
348.9,0.01094,5.47
349,0.01095,5.475
349.1,0.01095,5.475
349.2,0.01095,5.475
349.3,0.01094,5.47
349.4,0.01094,5.47
349.5,0.01094,5.47
349.6,0.01093,5.465
349.7,0.01093,5.465
349.8,0.01093,5.465
349.9,0.01095,5.475
350,0.01094,5.47
350.1,0.01093,5.465
350.2,0.01093,5.465
350.3,0.01094,5.47
350.4,0.01094,5.47
350.5,0.01094,5.47
350.6,0.01094,5.47
350.7,0.01093,5.465
350.8,0.01093,5.465
350.9,0.01094,5.47
351,0.01094,5.47
351.1,0.01094,5.47
351.2,0.01094,5.47
351.3,0.01094,5.47
351.4,0.01095,5.475
351.5,0.01095,5.475
351.6,0.01094,5.47
351.7,0.01095,5.475
351.8,0.01095,5.475
351.9,0.01094,5.47
352,0.01094,5.47
352.1,0.01094,5.47
352.2,0.01093,5.465
352.3,0.01094,5.47
352.4,0.01094,5.47
352.5,0.01094,5.47
352.6,0.01094,5.47
352.7,0.01094,5.47
352.8,0.01094,5.47
352.9,0.01094,5.47
353,0.01094,5.47
353.1,0.01094,5.47
353.2,0.01094,5.47
353.3,0.01095,5.475
353.4,0.01095,5.475
353.5,0.01094,5.47
353.6,0.01094,5.47
353.7,0.01094,5.47
353.8,0.01094,5.47
353.9,0.01094,5.47
354,0.01094,5.47
354.1,0.01093,5.465
354.2,0.01094,5.47
354.3,0.01094,5.47
354.4,0.01094,5.47
354.5,0.01094,5.47
354.6,0.01094,5.47
354.7,0.01094,5.47
354.8,0.01095,5.475
354.9,0.01095,5.475
355,0.01094,5.47
355.1,0.01094,5.47
355.2,0.01094,5.47
355.3,0.01094,5.47
355.4,0.01094,5.47
355.5,0.01094,5.47
355.6,0.01093,5.465
355.7,0.01094,5.47
355.8,0.01094,5.47
355.9,0.01093,5.465
356,0.01093,5.465
356.1,0.01093,5.465
356.2,0.01093,5.465
356.3,0.01094,5.47
356.4,0.01094,5.47
356.5,0.01094,5.47
356.6,0.01094,5.47
356.7,0.01094,5.47
356.8,0.01094,5.47
356.9,0.01095,5.475
357,0.01095,5.475
357.1,0.01095,5.475
357.2,0.01094,5.47
357.3,0.01094,5.47
357.4,0.01094,5.47
357.5,0.01094,5.47
357.6,0.01093,5.465
357.7,0.01093,5.465
357.8,0.01093,5.465
357.9,0.01093,5.465
358,0.01093,5.465
358.1,0.01093,5.465
358.2,0.01093,5.465
358.3,0.01093,5.465
358.4,0.01093,5.465
358.5,0.01094,5.47
358.6,0.01094,5.47
358.7,0.01094,5.47
358.8,0.01093,5.465
358.9,0.01094,5.47
359,0.01093,5.465
359.1,0.01093,5.465
359.2,0.01093,5.465
359.3,0.01093,5.465
359.4,0.01093,5.465
359.5,0.01093,5.465
359.6,0.01093,5.465
359.7,0.01093,5.465
359.8,0.01093,5.465
359.9,0.01093,5.465
360,0.01093,5.465
360.1,0.01093,5.465
360.2,0.01092,5.46
360.3,0.01093,5.465
360.4,0.01093,5.465
360.5,0.01093,5.465
360.6,0.01094,5.47
360.7,0.01094,5.47
360.8,0.01093,5.465
360.9,0.01094,5.47
361,0.01094,5.47
361.1,0.01093,5.465
361.2,0.01093,5.465
361.3,0.01093,5.465
361.4,0.01094,5.47
361.5,0.01093,5.465
361.6,0.01093,5.465
361.7,0.01094,5.47
361.8,0.01094,5.47
361.9,0.01093,5.465
362,0.01093,5.465
362.1,0.01094,5.47
362.2,0.01093,5.465
362.3,0.01093,5.465
362.4,0.01093,5.465
362.5,0.01093,5.465
362.6,0.01092,5.46
362.7,0.01092,5.46
362.8,0.01093,5.465
362.9,0.01094,5.47
363,0.01093,5.465
363.1,0.01092,5.46
363.2,0.01093,5.465
363.3,0.01092,5.46
363.4,0.01091,5.455
363.5,0.01092,5.46
363.6,0.01093,5.465
363.7,0.01093,5.465
363.8,0.01093,5.465
363.9,0.01093,5.465
364,0.01092,5.46
364.1,0.01093,5.465
364.2,0.01093,5.465
364.3,0.01093,5.465
364.4,0.01093,5.465
364.5,0.01093,5.465
364.6,0.01093,5.465
364.7,0.01093,5.465
364.8,0.01093,5.465
364.9,0.01092,5.46
365,0.01094,5.47
365.1,0.01094,5.47
365.2,0.01094,5.47
365.3,0.01093,5.465
365.4,0.01093,5.465
365.5,0.01093,5.465
365.6,0.01093,5.465
365.7,0.01093,5.465
365.8,0.01094,5.47
365.9,0.01093,5.465
366,0.01093,5.465
366.1,0.01093,5.465
366.2,0.01093,5.465
366.3,0.01093,5.465
366.4,0.01094,5.47
366.5,0.01094,5.47
366.6,0.01094,5.47
366.7,0.01094,5.47
366.8,0.01093,5.465
366.9,0.01093,5.465
367,0.01093,5.465
367.1,0.01094,5.47
367.2,0.01094,5.47
367.3,0.01093,5.465
367.4,0.01093,5.465
367.5,0.01092,5.46
367.6,0.01093,5.465
367.7,0.01093,5.465
367.8,0.01092,5.46
367.9,0.01093,5.465
368,0.01093,5.465
368.1,0.01093,5.465
368.2,0.01093,5.465
368.3,0.01093,5.465
368.4,0.01093,5.465
368.5,0.01093,5.465
368.6,0.01093,5.465
368.7,0.01093,5.465
368.8,0.01092,5.46
368.9,0.01092,5.46
369,0.01092,5.46
369.1,0.01092,5.46
369.2,0.01092,5.46
369.3,0.01092,5.46
369.4,0.01092,5.46
369.5,0.01093,5.465
369.6,0.01092,5.46
369.7,0.01092,5.46
369.8,0.01092,5.46
369.9,0.01093,5.465
370,0.01093,5.465
370.1,0.01093,5.465
370.2,0.01093,5.465
370.3,0.01093,5.465
370.4,0.01093,5.465
370.5,0.01093,5.465
370.6,0.01093,5.465
370.7,0.01093,5.465
370.8,0.01093,5.465
370.9,0.01093,5.465
371,0.01092,5.46
371.1,0.01092,5.46
371.2,0.01092,5.46
371.3,0.01092,5.46
371.4,0.01092,5.46
371.5,0.01092,5.46
371.6,0.01091,5.455
371.7,0.01092,5.46
371.8,0.01092,5.46
371.9,0.01092,5.46
372,0.01092,5.46
372.1,0.01092,5.46
372.2,0.01092,5.46
372.3,0.01092,5.46
372.4,0.01092,5.46
372.5,0.01092,5.46
372.6,0.01093,5.465
372.7,0.01092,5.46
372.8,0.01092,5.46
372.9,0.01092,5.46
373,0.01092,5.46
373.1,0.01092,5.46
373.2,0.01093,5.465
373.3,0.01092,5.46
373.4,0.01092,5.46
373.5,0.01092,5.46
373.6,0.01092,5.46
373.7,0.01092,5.46
373.8,0.01092,5.46
373.9,0.01092,5.46
374,0.01093,5.465
374.1,0.01092,5.46
374.2,0.01092,5.46
374.3,0.01091,5.455
374.4,0.01092,5.46
374.5,0.01092,5.46
374.6,0.01093,5.465
374.7,0.01093,5.465
374.8,0.01092,5.46
374.9,0.01092,5.46
375,0.01093,5.465
375.1,0.01093,5.465
375.2,0.01092,5.46
375.3,0.01092,5.46
375.4,0.01093,5.465
375.5,0.01093,5.465
375.6,0.01093,5.465
375.7,0.01092,5.46
375.8,0.01092,5.46
375.9,0.01092,5.46
376,0.01092,5.46
376.1,0.01092,5.46
376.2,0.01092,5.46
376.3,0.01092,5.46
376.4,0.01091,5.455
376.5,0.01092,5.46
376.6,0.01092,5.46
376.7,0.01092,5.46
376.8,0.01092,5.46
376.9,0.01092,5.46
377,0.01092,5.46
377.1,0.01092,5.46
377.2,0.01092,5.46
377.3,0.01092,5.46
377.4,0.01092,5.46
377.5,0.01092,5.46
377.6,0.01093,5.465
377.7,0.01092,5.46
377.8,0.01092,5.46
377.9,0.01092,5.46
378,0.01092,5.46
378.1,0.01092,5.46
378.2,0.01092,5.46
378.3,0.01092,5.46
378.4,0.01092,5.46
378.5,0.01093,5.465
378.6,0.01092,5.46
378.7,0.01092,5.46
378.8,0.01092,5.46
378.9,0.01092,5.46
379,0.01092,5.46
379.1,0.01092,5.46
379.2,0.01092,5.46
379.3,0.01091,5.455
379.4,0.01092,5.46
379.5,0.01092,5.46
379.6,0.01092,5.46
379.7,0.01092,5.46
379.8,0.01092,5.46
379.9,0.01092,5.46
380,0.01091,5.455
380.1,0.01092,5.46
380.2,0.01092,5.46
380.3,0.01092,5.46
380.4,0.01092,5.46
380.5,0.01092,5.46
380.6,0.01091,5.455
380.7,0.01092,5.46
380.8,0.01092,5.46
380.9,0.01092,5.46
381,0.01091,5.455
381.1,0.01092,5.46
381.2,0.01092,5.46
381.3,0.01092,5.46
381.4,0.01092,5.46
381.5,0.01092,5.46
381.6,0.01092,5.46
381.7,0.01093,5.465
381.8,0.01093,5.465
381.9,0.01092,5.46
382,0.01092,5.46
382.1,0.01092,5.46
382.2,0.01092,5.46
382.3,0.01092,5.46
382.4,0.01092,5.46
382.5,0.01091,5.455
382.6,0.01091,5.455
382.7,0.01091,5.455
382.8,0.01091,5.455
382.9,0.01091,5.455
383,0.01091,5.455
383.1,0.01091,5.455
383.2,0.01091,5.455
383.3,0.01091,5.455
383.4,0.01092,5.46
383.5,0.01092,5.46
383.6,0.01092,5.46
383.7,0.01092,5.46
383.8,0.01092,5.46
383.9,0.01092,5.46
384,0.01091,5.455
384.1,0.01091,5.455
384.2,0.01092,5.46
384.3,0.01091,5.455
384.4,0.01091,5.455
384.5,0.01091,5.455
384.6,0.01092,5.46
384.7,0.01092,5.46
384.8,0.01091,5.455
384.9,0.01091,5.455
385,0.01092,5.46
385.1,0.01092,5.46
385.2,0.01092,5.46
385.3,0.01092,5.46
385.4,0.01092,5.46
385.5,0.01091,5.455
385.6,0.01091,5.455
385.7,0.01091,5.455
385.8,0.01091,5.455
385.9,0.01091,5.455
386,0.01091,5.455
386.1,0.01091,5.455
386.2,0.01091,5.455
386.3,0.01092,5.46
386.4,0.01092,5.46
386.5,0.01091,5.455
386.6,0.01091,5.455
386.7,0.01092,5.46
386.8,0.01092,5.46
386.9,0.01092,5.46
387,0.01091,5.455
387.1,0.01091,5.455
387.2,0.01091,5.455
387.3,0.01091,5.455
387.4,0.01091,5.455
387.5,0.01091,5.455
387.6,0.01091,5.455
387.7,0.01091,5.455
387.8,0.01091,5.455
387.9,0.01091,5.455
388,0.01091,5.455
388.1,0.01091,5.455
388.2,0.01091,5.455
388.3,0.01091,5.455
388.4,0.0109,5.45
388.5,0.01091,5.455
388.6,0.01092,5.46
388.7,0.01091,5.455
388.8,0.01091,5.455
388.9,0.01091,5.455
389,0.01091,5.455
389.1,0.01091,5.455
389.2,0.01092,5.46
389.3,0.01091,5.455
389.4,0.01091,5.455
389.5,0.01091,5.455
389.6,0.0109,5.45
389.7,0.01091,5.455
389.8,0.01091,5.455
389.9,0.0109,5.45
390,0.0109,5.45
390.1,0.01091,5.455
390.2,0.01091,5.455
390.3,0.01091,5.455
390.4,0.01091,5.455
390.5,0.0109,5.45
390.6,0.01091,5.455
390.7,0.01091,5.455
390.8,0.01091,5.455
390.9,0.01091,5.455
391,0.01091,5.455
391.1,0.01091,5.455
391.2,0.0109,5.45
391.3,0.0109,5.45
391.4,0.0109,5.45
391.5,0.01091,5.455
391.6,0.01091,5.455
391.7,0.01091,5.455
391.8,0.01091,5.455
391.9,0.01091,5.455
392,0.01091,5.455
392.1,0.01091,5.455
392.2,0.01091,5.455
392.3,0.01091,5.455
392.4,0.01091,5.455
392.5,0.01091,5.455
392.6,0.01091,5.455
392.7,0.0109,5.45
392.8,0.0109,5.45
392.9,0.0109,5.45
393,0.0109,5.45
393.1,0.01091,5.455
393.2,0.01091,5.455
393.3,0.01091,5.455
393.4,0.01091,5.455
393.5,0.01091,5.455
393.6,0.0109,5.45
393.7,0.0109,5.45
393.8,0.0109,5.45
393.9,0.01091,5.455
394,0.01091,5.455
394.1,0.01091,5.455
394.2,0.0109,5.45
394.3,0.01091,5.455
394.4,0.01091,5.455
394.5,0.0109,5.45
394.6,0.0109,5.45
394.7,0.0109,5.45
394.8,0.0109,5.45
394.9,0.0109,5.45
395,0.0109,5.45
395.1,0.0109,5.45
395.2,0.0109,5.45
395.3,0.0109,5.45
395.4,0.01089,5.445
395.5,0.01089,5.445
395.6,0.0109,5.45
395.7,0.0109,5.45
395.8,0.0109,5.45
395.9,0.0109,5.45
396,0.01091,5.455
396.1,0.01091,5.455
396.2,0.01091,5.455
396.3,0.01091,5.455
396.4,0.0109,5.45
396.5,0.0109,5.45
396.6,0.0109,5.45
396.7,0.0109,5.45
396.8,0.0109,5.45
396.9,0.0109,5.45
397,0.0109,5.45
397.1,0.0109,5.45
397.2,0.01091,5.455
397.3,0.0109,5.45
397.4,0.0109,5.45
397.5,0.01091,5.455
397.6,0.0109,5.45
397.7,0.0109,5.45
397.8,0.0109,5.45
397.9,0.0109,5.45
398,0.0109,5.45
398.1,0.0109,5.45
398.2,0.0109,5.45
398.3,0.0109,5.45
398.4,0.0109,5.45
398.5,0.01089,5.445
398.6,0.01089,5.445
398.7,0.0109,5.45
398.8,0.0109,5.45
398.9,0.0109,5.45
399,0.0109,5.45
399.1,0.0109,5.45
399.2,0.0109,5.45
399.3,0.0109,5.45
399.4,0.0109,5.45
399.5,0.0109,5.45
399.6,0.0109,5.45
399.7,0.01091,5.455
399.8,0.0109,5.45
399.9,0.0109,5.45
400,0.0109,5.45
400.1,0.0109,5.45
400.2,0.0109,5.45
400.3,0.0109,5.45
400.4,0.0109,5.45
400.5,0.01091,5.455
400.6,0.01092,5.46
400.7,0.01091,5.455
400.8,0.01091,5.455
400.9,0.01091,5.455
401,0.0109,5.45
401.1,0.01091,5.455
401.2,0.01092,5.46
401.3,0.01091,5.455
401.4,0.01091,5.455
401.5,0.01092,5.46
401.6,0.01091,5.455
401.7,0.01091,5.455
401.8,0.0109,5.45
401.9,0.01091,5.455
402,0.01091,5.455
402.1,0.0109,5.45
402.2,0.01091,5.455
402.3,0.01091,5.455
402.4,0.01091,5.455
402.5,0.01091,5.455
402.6,0.0109,5.45
402.7,0.0109,5.45
402.8,0.0109,5.45
402.9,0.0109,5.45
403,0.0109,5.45
403.1,0.01091,5.455
403.2,0.0109,5.45
403.3,0.0109,5.45
403.4,0.0109,5.45
403.5,0.0109,5.45
403.6,0.0109,5.45
403.7,0.0109,5.45
403.8,0.0109,5.45
403.9,0.0109,5.45
404,0.01091,5.455
404.1,0.01091,5.455
404.2,0.0109,5.45
404.3,0.0109,5.45
404.4,0.0109,5.45
404.5,0.0109,5.45
404.6,0.0109,5.45
404.7,0.01091,5.455
404.8,0.01091,5.455
404.9,0.01091,5.455
405,0.0109,5.45
405.1,0.0109,5.45
405.2,0.0109,5.45
405.3,0.0109,5.45
405.4,0.01091,5.455
405.5,0.01091,5.455
405.6,0.0109,5.45
405.7,0.0109,5.45
405.8,0.01091,5.455
405.9,0.0109,5.45
406,0.0109,5.45
406.1,0.01091,5.455
406.2,0.0109,5.45
406.3,0.0109,5.45
406.4,0.0109,5.45
406.5,0.01091,5.455
406.6,0.01091,5.455
406.7,0.01091,5.455
406.8,0.0109,5.45
406.9,0.0109,5.45
407,0.01091,5.455
407.1,0.01091,5.455
407.2,0.0109,5.45
407.3,0.0109,5.45
407.4,0.0109,5.45
407.5,0.0109,5.45
407.6,0.0109,5.45
407.7,0.0109,5.45
407.8,0.0109,5.45
407.9,0.0109,5.45
408,0.0109,5.45
408.1,0.0109,5.45
408.2,0.01091,5.455
408.3,0.01091,5.455
408.4,0.0109,5.45
408.5,0.01089,5.445
408.6,0.0109,5.45
408.7,0.0109,5.45
408.8,0.0109,5.45
408.9,0.01091,5.455
409,0.01091,5.455
409.1,0.01091,5.455
409.2,0.01091,5.455
409.3,0.01091,5.455
409.4,0.01092,5.46
409.5,0.01091,5.455
409.6,0.01091,5.455
409.7,0.01091,5.455
409.8,0.01091,5.455
409.9,0.0109,5.45
410,0.0109,5.45
410.1,0.01091,5.455
410.2,0.01091,5.455
410.3,0.01091,5.455
410.4,0.01091,5.455
410.5,0.0109,5.45
410.6,0.0109,5.45
410.7,0.0109,5.45
410.8,0.01091,5.455
410.9,0.01091,5.455
411,0.01091,5.455
411.1,0.0109,5.45
411.2,0.0109,5.45
411.3,0.0109,5.45
411.4,0.01089,5.445
411.5,0.0109,5.45
411.6,0.01091,5.455
411.7,0.01091,5.455
411.8,0.01091,5.455
411.9,0.0109,5.45
412,0.0109,5.45
412.1,0.0109,5.45
412.2,0.01091,5.455
412.3,0.0109,5.45
412.4,0.01091,5.455
412.5,0.01091,5.455
412.6,0.01091,5.455
412.7,0.01091,5.455
412.8,0.01091,5.455
412.9,0.01091,5.455
413,0.0109,5.45
413.1,0.01091,5.455
413.2,0.01091,5.455
413.3,0.01092,5.46
413.4,0.01092,5.46
413.5,0.01091,5.455
413.6,0.01091,5.455
413.7,0.01091,5.455
413.8,0.0109,5.45
413.9,0.01091,5.455
414,0.01091,5.455
414.1,0.01091,5.455
414.2,0.01091,5.455
414.3,0.01091,5.455
414.4,0.0109,5.45
414.5,0.0109,5.45
414.6,0.0109,5.45
414.7,0.0109,5.45
414.8,0.01091,5.455
414.9,0.01091,5.455
415,0.0109,5.45
415.1,0.01091,5.455
415.2,0.01091,5.455
415.3,0.0109,5.45
415.4,0.01091,5.455
415.5,0.01091,5.455
415.6,0.0109,5.45
415.7,0.0109,5.45
415.8,0.01091,5.455
415.9,0.01091,5.455
416,0.01091,5.455
416.1,0.01091,5.455
416.2,0.0109,5.45
416.3,0.0109,5.45
416.4,0.0109,5.45
416.5,0.0109,5.45
416.6,0.01091,5.455
416.7,0.01091,5.455
416.8,0.0109,5.45
416.9,0.0109,5.45
417,0.0109,5.45
417.1,0.01091,5.455
417.2,0.0109,5.45
417.3,0.01091,5.455
417.4,0.0109,5.45
417.5,0.0109,5.45
417.6,0.01089,5.445
417.7,0.0109,5.45
417.8,0.01091,5.455
417.9,0.01091,5.455
418,0.0109,5.45
418.1,0.0109,5.45
418.2,0.0109,5.45
418.3,0.0109,5.45
418.4,0.01091,5.455
418.5,0.01092,5.46
418.6,0.01092,5.46
418.7,0.01092,5.46
418.8,0.01091,5.455
418.9,0.01091,5.455
419,0.01091,5.455
419.1,0.01091,5.455
419.2,0.0109,5.45
419.3,0.0109,5.45
419.4,0.0109,5.45
419.5,0.0109,5.45
419.6,0.0109,5.45
419.7,0.01089,5.445
419.8,0.01091,5.455
419.9,0.01091,5.455
420,0.0109,5.45
420.1,0.0109,5.45
420.2,0.01091,5.455
420.3,0.01091,5.455
420.4,0.0109,5.45
420.5,0.01091,5.455
420.6,0.01091,5.455
420.7,0.0109,5.45
420.8,0.0109,5.45
420.9,0.01091,5.455
421,0.01091,5.455
421.1,0.01091,5.455
421.2,0.01091,5.455
421.3,0.01091,5.455
421.4,0.01091,5.455
421.5,0.01091,5.455
421.6,0.0109,5.45
421.7,0.0109,5.45
421.8,0.0109,5.45
421.9,0.0109,5.45
422,0.0109,5.45
422.1,0.0109,5.45
422.2,0.0109,5.45
422.3,0.0109,5.45
422.4,0.01089,5.445
422.5,0.0109,5.45
422.6,0.0109,5.45
422.7,0.0109,5.45
422.8,0.0109,5.45
422.9,0.0109,5.45
423,0.01091,5.455
423.1,0.0109,5.45
423.2,0.01091,5.455
423.3,0.01091,5.455
423.4,0.0109,5.45
423.5,0.0109,5.45
423.6,0.0109,5.45
423.7,0.0109,5.45
423.8,0.0109,5.45
423.9,0.01091,5.455
424,0.01091,5.455
424.1,0.0109,5.45
424.2,0.0109,5.45
424.3,0.0109,5.45
424.4,0.0109,5.45
424.5,0.0109,5.45
424.6,0.0109,5.45
424.7,0.01089,5.445
424.8,0.01089,5.445
424.9,0.0109,5.45
425,0.0109,5.45
425.1,0.0109,5.45
425.2,0.0109,5.45
425.3,0.0109,5.45
425.4,0.01091,5.455
425.5,0.0109,5.45
425.6,0.0109,5.45
425.7,0.0109,5.45
425.8,0.0109,5.45
425.9,0.0109,5.45
426,0.0109,5.45
426.1,0.0109,5.45
426.2,0.0109,5.45
426.3,0.0109,5.45
426.4,0.0109,5.45
426.5,0.01089,5.445
426.6,0.0109,5.45
426.7,0.0109,5.45
426.8,0.0109,5.45
426.9,0.0109,5.45
427,0.0109,5.45
427.1,0.01089,5.445
427.2,0.01089,5.445
427.3,0.0109,5.45
427.4,0.01089,5.445
427.5,0.0109,5.45
427.6,0.0109,5.45
427.7,0.0109,5.45
427.8,0.0109,5.45
427.9,0.0109,5.45
428,0.0109,5.45
428.1,0.01089,5.445
428.2,0.01089,5.445
428.3,0.0109,5.45
428.4,0.0109,5.45
428.5,0.01089,5.445
428.6,0.0109,5.45
428.7,0.0109,5.45
428.8,0.01089,5.445
428.9,0.01089,5.445
429,0.01089,5.445
429.1,0.01089,5.445
429.2,0.01089,5.445
429.3,0.01089,5.445
429.4,0.01089,5.445
429.5,0.01089,5.445
429.6,0.01089,5.445
429.7,0.01089,5.445
429.8,0.01089,5.445
429.9,0.01089,5.445
430,0.01089,5.445
430.1,0.01089,5.445
430.2,0.01089,5.445
430.3,0.01089,5.445
430.4,0.01089,5.445
430.5,0.01089,5.445
430.6,0.01089,5.445
430.7,0.01089,5.445
430.8,0.01089,5.445
430.9,0.01089,5.445
431,0.01089,5.445
431.1,0.01089,5.445
431.2,0.01089,5.445
431.3,0.01088,5.44
431.4,0.01088,5.44
431.5,0.01089,5.445
431.6,0.01089,5.445
431.7,0.01089,5.445
431.8,0.01089,5.445
431.9,0.01089,5.445
432,0.01089,5.445
432.1,0.0109,5.45
432.2,0.01089,5.445
432.3,0.01089,5.445
432.4,0.01089,5.445
432.5,0.01089,5.445
432.6,0.0109,5.45
432.7,0.0109,5.45
432.8,0.01089,5.445
432.9,0.01089,5.445
433,0.01089,5.445
433.1,0.01089,5.445
433.2,0.01089,5.445
433.3,0.01089,5.445
433.4,0.0109,5.45
433.5,0.01089,5.445
433.6,0.01089,5.445
433.7,0.01089,5.445
433.8,0.0109,5.45
433.9,0.0109,5.45
434,0.01089,5.445
434.1,0.01089,5.445
434.2,0.01089,5.445
434.3,0.01089,5.445
434.4,0.01089,5.445
434.5,0.01089,5.445
434.6,0.01089,5.445
434.7,0.01089,5.445
434.8,0.01089,5.445
434.9,0.0109,5.45
435,0.0109,5.45
435.1,0.0109,5.45
435.2,0.01089,5.445
435.3,0.01089,5.445
435.4,0.01089,5.445
435.5,0.01089,5.445
435.6,0.01089,5.445
435.7,0.01089,5.445
435.8,0.01089,5.445
435.9,0.0109,5.45
436,0.0109,5.45
436.1,0.01089,5.445
436.2,0.01089,5.445
436.3,0.01089,5.445
436.4,0.01089,5.445
436.5,0.01089,5.445
436.6,0.01089,5.445
436.7,0.01088,5.44
436.8,0.01088,5.44
436.9,0.01089,5.445
437,0.0109,5.45
437.1,0.0109,5.45
437.2,0.01089,5.445
437.3,0.01089,5.445
437.4,0.01089,5.445
437.5,0.01089,5.445
437.6,0.01089,5.445
437.7,0.0109,5.45
437.8,0.01089,5.445
437.9,0.01089,5.445
438,0.0109,5.45
438.1,0.01089,5.445
438.2,0.0109,5.45
438.3,0.01089,5.445
438.4,0.01089,5.445
438.5,0.0109,5.45
438.6,0.01089,5.445
438.7,0.01089,5.445
438.8,0.01089,5.445
438.9,0.01089,5.445
439,0.01088,5.44
439.1,0.01088,5.44
439.2,0.01089,5.445
439.3,0.01089,5.445
439.4,0.01089,5.445
439.5,0.01088,5.44
439.6,0.01089,5.445
439.7,0.01088,5.44
439.8,0.01088,5.44
439.9,0.01088,5.44
440,0.01089,5.445
440.1,0.0109,5.45
440.2,0.01089,5.445
440.3,0.0109,5.45
440.4,0.0109,5.45
440.5,0.0109,5.45
440.6,0.0109,5.45
440.7,0.0109,5.45
440.8,0.01089,5.445
440.9,0.0109,5.45
441,0.01089,5.445
441.1,0.01089,5.445
441.2,0.01089,5.445
441.3,0.01089,5.445
441.4,0.01089,5.445
441.5,0.01089,5.445
441.6,0.0109,5.45
441.7,0.01089,5.445
441.8,0.01089,5.445
441.9,0.01088,5.44
442,0.01088,5.44
442.1,0.01088,5.44
442.2,0.01089,5.445
442.3,0.01089,5.445
442.4,0.01089,5.445
442.5,0.01088,5.44
442.6,0.01089,5.445
442.7,0.01089,5.445
442.8,0.01088,5.44
442.9,0.01088,5.44
443,0.01089,5.445
443.1,0.01089,5.445
443.2,0.01088,5.44
443.3,0.01088,5.44
443.4,0.01088,5.44
443.5,0.01088,5.44
443.6,0.01088,5.44
443.7,0.01088,5.44
443.8,0.01088,5.44
443.9,0.01088,5.44
444,0.01088,5.44
444.1,0.01089,5.445
444.2,0.01088,5.44
444.3,0.01089,5.445
444.4,0.01089,5.445
444.5,0.01089,5.445
444.6,0.01089,5.445
444.7,0.01089,5.445
444.8,0.01088,5.44
444.9,0.01088,5.44
445,0.01089,5.445
445.1,0.01089,5.445
445.2,0.01089,5.445
445.3,0.01089,5.445
445.4,0.01089,5.445
445.5,0.01089,5.445
445.6,0.01089,5.445
445.7,0.01088,5.44
445.8,0.01088,5.44
445.9,0.01088,5.44
446,0.01088,5.44
446.1,0.01089,5.445
446.2,0.01088,5.44
446.3,0.01088,5.44
446.4,0.01088,5.44
446.5,0.01088,5.44
446.6,0.01088,5.44
446.7,0.01088,5.44
446.8,0.01088,5.44
446.9,0.01088,5.44
447,0.01088,5.44
447.1,0.01087,5.435
447.2,0.01088,5.44
447.3,0.01087,5.435
447.4,0.01089,5.445
447.5,0.01089,5.445
447.6,0.01088,5.44
447.7,0.01089,5.445
447.8,0.01088,5.44
447.9,0.01088,5.44
448,0.01087,5.435
448.1,0.01089,5.445
448.2,0.01089,5.445
448.3,0.01089,5.445
448.4,0.01089,5.445
448.5,0.01089,5.445
448.6,0.01088,5.44
448.7,0.01087,5.435
448.8,0.01088,5.44
448.9,0.01088,5.44
449,0.01088,5.44
449.1,0.01087,5.435
449.2,0.01087,5.435
449.3,0.01088,5.44
449.4,0.01089,5.445
449.5,0.01089,5.445
449.6,0.01088,5.44
449.7,0.01088,5.44
449.8,0.01088,5.44
449.9,0.01088,5.44
450,0.01088,5.44
450.1,0.01088,5.44
450.2,0.01088,5.44
450.3,0.01088,5.44
450.4,0.01088,5.44
450.5,0.01088,5.44
450.6,0.01088,5.44
450.7,0.01087,5.435
450.8,0.01088,5.44
450.9,0.01088,5.44
451,0.01089,5.445
451.1,0.01088,5.44
451.2,0.01088,5.44
451.3,0.01088,5.44
451.4,0.01088,5.44
451.5,0.01088,5.44
451.6,0.01088,5.44
451.7,0.01088,5.44
451.8,0.01087,5.435
451.9,0.01087,5.435
452,0.01088,5.44
452.1,0.01089,5.445
452.2,0.01088,5.44
452.3,0.01088,5.44
452.4,0.01089,5.445
452.5,0.01088,5.44
452.6,0.01089,5.445
452.7,0.01088,5.44
452.8,0.01088,5.44
452.9,0.01089,5.445
453,0.01089,5.445
453.1,0.01089,5.445
453.2,0.01089,5.445
453.3,0.01089,5.445
453.4,0.01089,5.445
453.5,0.01089,5.445
453.6,0.01089,5.445
453.7,0.01088,5.44
453.8,0.01089,5.445
453.9,0.01088,5.44
454,0.01088,5.44
454.1,0.01088,5.44
454.2,0.01088,5.44
454.3,0.01088,5.44
454.4,0.01089,5.445
454.5,0.01089,5.445
454.6,0.01089,5.445
454.7,0.01089,5.445
454.8,0.01089,5.445
454.9,0.01089,5.445
455,0.01089,5.445
455.1,0.01089,5.445
455.2,0.01089,5.445
455.3,0.01089,5.445
455.4,0.01088,5.44
455.5,0.01089,5.445
455.6,0.01089,5.445
455.7,0.01089,5.445
455.8,0.01089,5.445
455.9,0.01088,5.44
456,0.01089,5.445
456.1,0.01089,5.445
456.2,0.01088,5.44
456.3,0.01089,5.445
456.4,0.0109,5.45
456.5,0.01089,5.445
456.6,0.01089,5.445
456.7,0.0109,5.45
456.8,0.01089,5.445
456.9,0.01088,5.44
457,0.01088,5.44
457.1,0.01089,5.445
457.2,0.01089,5.445
457.3,0.01088,5.44
457.4,0.01088,5.44
457.5,0.01089,5.445
457.6,0.01088,5.44
457.7,0.01089,5.445
457.8,0.01089,5.445
457.9,0.01088,5.44
458,0.01089,5.445
458.1,0.01089,5.445
458.2,0.01089,5.445
458.3,0.01089,5.445
458.4,0.0109,5.45
458.5,0.01089,5.445
458.6,0.01089,5.445
458.7,0.01088,5.44
458.8,0.01089,5.445
458.9,0.01089,5.445
459,0.01089,5.445
459.1,0.01089,5.445
459.2,0.01089,5.445
459.3,0.01089,5.445
459.4,0.01089,5.445
459.5,0.01088,5.44
459.6,0.01088,5.44
459.7,0.01088,5.44
459.8,0.01089,5.445
459.9,0.01089,5.445
460,0.01089,5.445
460.1,0.01089,5.445
460.2,0.01089,5.445
460.3,0.01089,5.445
460.4,0.01089,5.445
460.5,0.01089,5.445
460.6,0.01088,5.44
460.7,0.01088,5.44
460.8,0.01088,5.44
460.9,0.01088,5.44
461,0.01088,5.44
461.1,0.01088,5.44
461.2,0.01089,5.445
461.3,0.01088,5.44
461.4,0.01088,5.44
461.5,0.01088,5.44
461.6,0.01089,5.445
461.7,0.01088,5.44
461.8,0.01088,5.44
461.9,0.01088,5.44
462,0.01088,5.44
462.1,0.01088,5.44
462.2,0.01088,5.44
462.3,0.01088,5.44
462.4,0.01088,5.44
462.5,0.01089,5.445
462.6,0.01089,5.445
462.7,0.01088,5.44
462.8,0.01089,5.445
462.9,0.01089,5.445
463,0.01089,5.445
463.1,0.01089,5.445
463.2,0.01088,5.44
463.3,0.01088,5.44
463.4,0.01089,5.445
463.5,0.01088,5.44
463.6,0.01088,5.44
463.7,0.01088,5.44
463.8,0.01089,5.445
463.9,0.01089,5.445
464,0.01089,5.445
464.1,0.01089,5.445
464.2,0.01089,5.445
464.3,0.01089,5.445
464.4,0.01088,5.44
464.5,0.01089,5.445
464.6,0.01088,5.44
464.7,0.01089,5.445
464.8,0.01089,5.445
464.9,0.01089,5.445
465,0.01088,5.44
465.1,0.01088,5.44
465.2,0.01088,5.44
465.3,0.01089,5.445
465.4,0.01089,5.445
465.5,0.01089,5.445
465.6,0.01089,5.445
465.7,0.01089,5.445
465.8,0.01089,5.445
465.9,0.01088,5.44
466,0.01088,5.44
466.1,0.01088,5.44
466.2,0.01088,5.44
466.3,0.01088,5.44
466.4,0.01088,5.44
466.5,0.01088,5.44
466.6,0.01088,5.44
466.7,0.01088,5.44
466.8,0.01088,5.44
466.9,0.01088,5.44
467,0.01088,5.44
467.1,0.01088,5.44
467.2,0.01088,5.44
467.3,0.01088,5.44
467.4,0.01089,5.445
467.5,0.01089,5.445
467.6,0.01089,5.445
467.7,0.01088,5.44
467.8,0.01088,5.44
467.9,0.01088,5.44
468,0.01088,5.44
468.1,0.01088,5.44
468.2,0.01088,5.44
468.3,0.01088,5.44
468.4,0.01088,5.44
468.5,0.01088,5.44
468.6,0.01088,5.44
468.7,0.01089,5.445
468.8,0.01088,5.44
468.9,0.01088,5.44
469,0.01088,5.44
469.1,0.01088,5.44
469.2,0.01088,5.44
469.3,0.01088,5.44
469.4,0.01088,5.44
469.5,0.01087,5.435
469.6,0.01087,5.435
469.7,0.01088,5.44
469.8,0.01088,5.44
469.9,0.01088,5.44
470,0.01088,5.44
470.1,0.01088,5.44
470.2,0.01087,5.435
470.3,0.01088,5.44
470.4,0.01087,5.435
470.5,0.01088,5.44
470.6,0.01088,5.44
470.7,0.01088,5.44
470.8,0.01088,5.44
470.9,0.01087,5.435
471,0.01088,5.44
471.1,0.01089,5.445
471.2,0.01088,5.44
471.3,0.01088,5.44
471.4,0.01088,5.44
471.5,0.01088,5.44
471.6,0.01088,5.44
471.7,0.01088,5.44
471.8,0.01088,5.44
471.9,0.01088,5.44
472,0.01089,5.445
472.1,0.01088,5.44
472.2,0.01087,5.435
472.3,0.01087,5.435
472.4,0.01087,5.435
472.5,0.01087,5.435
472.6,0.01089,5.445
472.7,0.01088,5.44
472.8,0.01087,5.435
472.9,0.01087,5.435
473,0.01087,5.435
473.1,0.01088,5.44
473.2,0.01089,5.445
473.3,0.01088,5.44
473.4,0.01088,5.44
473.5,0.01088,5.44
473.6,0.01087,5.435
473.7,0.01087,5.435
473.8,0.01087,5.435
473.9,0.01088,5.44
474,0.01087,5.435
474.1,0.01087,5.435
474.2,0.01087,5.435
474.3,0.01087,5.435
474.4,0.01088,5.44
474.5,0.01087,5.435
474.6,0.01088,5.44
474.7,0.01088,5.44
474.8,0.01088,5.44
474.9,0.01088,5.44
475,0.01087,5.435
475.1,0.01087,5.435
475.2,0.01088,5.44
475.3,0.01088,5.44
475.4,0.01087,5.435
475.5,0.01088,5.44
475.6,0.01088,5.44
475.7,0.01088,5.44
475.8,0.01088,5.44
475.9,0.01088,5.44
476,0.01088,5.44
476.1,0.01088,5.44
476.2,0.01088,5.44
476.3,0.01088,5.44
476.4,0.01087,5.435
476.5,0.01087,5.435
476.6,0.01088,5.44
476.7,0.01088,5.44
476.8,0.01089,5.445
476.9,0.01088,5.44
477,0.01088,5.44
477.1,0.01088,5.44
477.2,0.01088,5.44
477.3,0.01088,5.44
477.4,0.01089,5.445
477.5,0.01088,5.44
477.6,0.01088,5.44
477.7,0.01087,5.435
477.8,0.01087,5.435
477.9,0.01087,5.435
478,0.01087,5.435
478.1,0.01088,5.44
478.2,0.01088,5.44
478.3,0.01088,5.44
478.4,0.01087,5.435
478.5,0.01087,5.435
478.6,0.01087,5.435
478.7,0.01087,5.435
478.8,0.01088,5.44
478.9,0.01087,5.435
479,0.01087,5.435
479.1,0.01086,5.43
479.2,0.01086,5.43
479.3,0.01087,5.435
479.4,0.01087,5.435
479.5,0.01087,5.435
479.6,0.01087,5.435
479.7,0.01087,5.435
479.8,0.01087,5.435
479.9,0.01087,5.435
480,0.01087,5.435
480.1,0.01087,5.435
480.2,0.01088,5.44
480.3,0.01088,5.44
480.4,0.01087,5.435
480.5,0.01087,5.435
480.6,0.01088,5.44
480.7,0.01088,5.44
480.8,0.01087,5.435
480.9,0.01086,5.43
481,0.01087,5.435
481.1,0.01087,5.435
481.2,0.01087,5.435
481.3,0.01087,5.435
481.4,0.01088,5.44
481.5,0.01087,5.435
481.6,0.01087,5.435
481.7,0.01087,5.435
481.8,0.01087,5.435
481.9,0.01086,5.43
482,0.01087,5.435
482.1,0.01088,5.44
482.2,0.01088,5.44
482.3,0.01087,5.435
482.4,0.01087,5.435
482.5,0.01087,5.435
482.6,0.01087,5.435
482.7,0.01087,5.435
482.8,0.01087,5.435
482.9,0.01088,5.44
483,0.01087,5.435
483.1,0.01087,5.435
483.2,0.01087,5.435
483.3,0.01088,5.44
483.4,0.01088,5.44
483.5,0.01087,5.435
483.6,0.01087,5.435
483.7,0.01087,5.435
483.8,0.01087,5.435
483.9,0.01087,5.435
484,0.01087,5.435
484.1,0.01087,5.435
484.2,0.01087,5.435
484.3,0.01088,5.44
484.4,0.01088,5.44
484.5,0.01088,5.44
484.6,0.01088,5.44
484.7,0.01087,5.435
484.8,0.01087,5.435
484.9,0.01087,5.435
485,0.01087,5.435
485.1,0.01088,5.44
485.2,0.01088,5.44
485.3,0.01087,5.435
485.4,0.01088,5.44
485.5,0.01088,5.44
485.6,0.01088,5.44
485.7,0.01087,5.435
485.8,0.01087,5.435
485.9,0.01088,5.44
486,0.01087,5.435
486.1,0.01087,5.435
486.2,0.01088,5.44
486.3,0.01087,5.435
486.4,0.01088,5.44
486.5,0.01087,5.435
486.6,0.01087,5.435
486.7,0.01087,5.435
486.8,0.01086,5.43
486.9,0.01086,5.43
487,0.01087,5.435
487.1,0.01087,5.435
487.2,0.01087,5.435
487.3,0.01087,5.435
487.4,0.01088,5.44
487.5,0.01087,5.435
487.6,0.01087,5.435
487.7,0.01086,5.43
487.8,0.01087,5.435
487.9,0.01087,5.435
488,0.01087,5.435
488.1,0.01087,5.435
488.2,0.01087,5.435
488.3,0.01087,5.435
488.4,0.01088,5.44
488.5,0.01088,5.44
488.6,0.01087,5.435
488.7,0.01087,5.435
488.8,0.01087,5.435
488.9,0.01087,5.435
489,0.01087,5.435
489.1,0.01087,5.435
489.2,0.01088,5.44
489.3,0.01087,5.435
489.4,0.01087,5.435
489.5,0.01088,5.44
489.6,0.01088,5.44
489.7,0.01088,5.44
489.8,0.01088,5.44
489.9,0.01088,5.44
490,0.01088,5.44
490.1,0.01087,5.435
490.2,0.01088,5.44
490.3,0.01088,5.44
490.4,0.01088,5.44
490.5,0.01088,5.44
490.6,0.01088,5.44
490.7,0.01088,5.44
490.8,0.01088,5.44
490.9,0.01088,5.44
491,0.01088,5.44
491.1,0.01088,5.44
491.2,0.01088,5.44
491.3,0.01087,5.435
491.4,0.01088,5.44
491.5,0.01088,5.44
491.6,0.01088,5.44
491.7,0.01088,5.44
491.8,0.01088,5.44
491.9,0.01088,5.44
492,0.01088,5.44
492.1,0.01089,5.445
492.2,0.01088,5.44
492.3,0.01087,5.435
492.4,0.01087,5.435
492.5,0.01087,5.435
492.6,0.01086,5.43
492.7,0.01087,5.435
492.8,0.01088,5.44
492.9,0.01088,5.44
493,0.01088,5.44
493.1,0.01087,5.435
493.2,0.01088,5.44
493.3,0.01088,5.44
493.4,0.01087,5.435
493.5,0.01087,5.435
493.6,0.01087,5.435
493.7,0.01087,5.435
493.8,0.01088,5.44
493.9,0.01089,5.445
494,0.01089,5.445
494.1,0.01088,5.44
494.2,0.01088,5.44
494.3,0.01088,5.44
494.4,0.01088,5.44
494.5,0.01088,5.44
494.6,0.01087,5.435
494.7,0.01087,5.435
494.8,0.01088,5.44
494.9,0.01087,5.435
495,0.01087,5.435
495.1,0.01088,5.44
495.2,0.01089,5.445
495.3,0.01088,5.44
495.4,0.01088,5.44
495.5,0.01088,5.44
495.6,0.01088,5.44
495.7,0.01088,5.44
495.8,0.01088,5.44
495.9,0.01088,5.44
496,0.01088,5.44
496.1,0.01088,5.44
496.2,0.01087,5.435
496.3,0.01087,5.435
496.4,0.01088,5.44
496.5,0.01087,5.435
496.6,0.01087,5.435
496.7,0.01087,5.435
496.8,0.01087,5.435
496.9,0.01087,5.435
497,0.01087,5.435
497.1,0.01087,5.435
497.2,0.01088,5.44
497.3,0.01088,5.44
497.4,0.01087,5.435
497.5,0.01087,5.435
497.6,0.01087,5.435
497.7,0.01087,5.435
497.8,0.01087,5.435
497.9,0.01087,5.435
498,0.01087,5.435
498.1,0.01087,5.435
498.2,0.01087,5.435
498.3,0.01087,5.435
498.4,0.01088,5.44
498.5,0.01088,5.44
498.6,0.01087,5.435
498.7,0.01087,5.435
498.8,0.01088,5.44
498.9,0.01087,5.435
499,0.01087,5.435
499.1,0.01088,5.44
499.2,0.01087,5.435
499.3,0.01087,5.435
499.4,0.01088,5.44
499.5,0.01088,5.44
499.6,0.01088,5.44
499.7,0.01087,5.435
499.8,0.01087,5.435
499.9,0.01087,5.435
500,0.01087,5.435
500.1,0.01087,5.435
500.2,0.01086,5.43
500.3,0.01086,5.43
500.4,0.01087,5.435
500.5,0.01087,5.435
500.6,0.01087,5.435
500.7,0.01088,5.44
500.8,0.01087,5.435
500.9,0.01087,5.435
501,0.01087,5.435
501.1,0.01088,5.44
501.2,0.01088,5.44
501.3,0.01088,5.44
501.4,0.01087,5.435
501.5,0.01088,5.44
501.6,0.01087,5.435
501.7,0.01088,5.44
501.8,0.01087,5.435
501.9,0.01087,5.435
502,0.01087,5.435
502.1,0.01087,5.435
502.2,0.01088,5.44
502.3,0.01088,5.44
502.4,0.01087,5.435
502.5,0.01087,5.435
502.6,0.01087,5.435
502.7,0.01087,5.435
502.8,0.01087,5.435
502.9,0.01087,5.435
503,0.01087,5.435
503.1,0.01087,5.435
503.2,0.01086,5.43
503.3,0.01086,5.43
503.4,0.01086,5.43
503.5,0.01086,5.43
503.6,0.01087,5.435
503.7,0.01087,5.435
503.8,0.01088,5.44
503.9,0.01087,5.435
504,0.01087,5.435
504.1,0.01087,5.435
504.2,0.01087,5.435
504.3,0.01087,5.435
504.4,0.01087,5.435
504.5,0.01086,5.43
504.6,0.01086,5.43
504.7,0.01087,5.435
504.8,0.01086,5.43
504.9,0.01086,5.43
505,0.01087,5.435
505.1,0.01086,5.43
505.2,0.01086,5.43
505.3,0.01086,5.43
505.4,0.01086,5.43
505.5,0.01086,5.43
505.6,0.01085,5.425
505.7,0.01087,5.435
505.8,0.01087,5.435
505.9,0.01087,5.435
506,0.01087,5.435
506.1,0.01087,5.435
506.2,0.01088,5.44
506.3,0.01088,5.44
506.4,0.01087,5.435
506.5,0.01088,5.44
506.6,0.01088,5.44
506.7,0.01088,5.44
506.8,0.01087,5.435
506.9,0.01087,5.435
507,0.01087,5.435
507.1,0.01087,5.435
507.2,0.01088,5.44
507.3,0.01088,5.44
507.4,0.01087,5.435
507.5,0.01087,5.435
507.6,0.01087,5.435
507.7,0.01087,5.435
507.8,0.01087,5.435
507.9,0.01087,5.435
508,0.01087,5.435
508.1,0.01087,5.435
508.2,0.01087,5.435
508.3,0.01087,5.435
508.4,0.01088,5.44
508.5,0.01088,5.44
508.6,0.01087,5.435
508.7,0.01088,5.44
508.8,0.01087,5.435
508.9,0.01088,5.44
509,0.01087,5.435
509.1,0.01087,5.435
509.2,0.01087,5.435
509.3,0.01087,5.435
509.4,0.01087,5.435
509.5,0.01087,5.435
509.6,0.01088,5.44
509.7,0.01087,5.435
509.8,0.01087,5.435
509.9,0.01088,5.44
510,0.01088,5.44
510.1,0.01087,5.435
510.2,0.01087,5.435
510.3,0.01087,5.435
510.4,0.01087,5.435
510.5,0.01087,5.435
510.6,0.01086,5.43
510.7,0.01087,5.435
510.8,0.01087,5.435
510.9,0.01087,5.435
511,0.01087,5.435
511.1,0.01087,5.435
511.2,0.01087,5.435
511.3,0.01087,5.435
511.4,0.01087,5.435
511.5,0.01087,5.435
511.6,0.01087,5.435
511.7,0.01087,5.435
511.8,0.01086,5.43
511.9,0.01086,5.43
512,0.01086,5.43
512.1,0.01086,5.43
512.2,0.01087,5.435
512.3,0.01087,5.435
512.4,0.01087,5.435
512.5,0.01087,5.435
512.6,0.01086,5.43
512.7,0.01086,5.43
512.8,0.01086,5.43
512.9,0.01087,5.435
513,0.01086,5.43
513.1,0.01085,5.425
513.2,0.01086,5.43
513.3,0.01086,5.43
513.4,0.01086,5.43
513.5,0.01086,5.43
513.6,0.01086,5.43
513.7,0.01086,5.43
513.8,0.01087,5.435
513.9,0.01087,5.435
514,0.01086,5.43
514.1,0.01088,5.44
514.2,0.01088,5.44
514.3,0.01087,5.435
514.4,0.01086,5.43
514.5,0.01087,5.435
514.6,0.01087,5.435
514.7,0.01087,5.435
514.8,0.01087,5.435
514.9,0.01087,5.435
515,0.01087,5.435
515.1,0.01087,5.435
515.2,0.01087,5.435
515.3,0.01086,5.43
515.4,0.01086,5.43
515.5,0.01086,5.43
515.6,0.01087,5.435
515.7,0.01087,5.435
515.8,0.01087,5.435
515.9,0.01086,5.43
516,0.01087,5.435
516.1,0.01088,5.44
516.2,0.01087,5.435
516.3,0.01086,5.43
516.4,0.01087,5.435
516.5,0.01087,5.435
516.6,0.01087,5.435
516.7,0.01086,5.43
516.8,0.01086,5.43
516.9,0.01087,5.435
517,0.01088,5.44
517.1,0.01088,5.44
517.2,0.01087,5.435
517.3,0.01087,5.435
517.4,0.01087,5.435
517.5,0.01087,5.435
517.6,0.01086,5.43
517.7,0.01086,5.43
517.8,0.01087,5.435
517.9,0.01088,5.44
518,0.01088,5.44
518.1,0.01087,5.435
518.2,0.01087,5.435
518.3,0.01087,5.435
518.4,0.01086,5.43
518.5,0.01086,5.43
518.6,0.01086,5.43
518.7,0.01087,5.435
518.8,0.01087,5.435
518.9,0.01087,5.435
519,0.01087,5.435
519.1,0.01086,5.43
519.2,0.01086,5.43
519.3,0.01086,5.43
519.4,0.01086,5.43
519.5,0.01086,5.43
519.6,0.01086,5.43
519.7,0.01086,5.43
519.8,0.01086,5.43
519.9,0.01087,5.435
520,0.01087,5.435
520.1,0.01087,5.435
520.2,0.01087,5.435
520.3,0.01086,5.43
520.4,0.01087,5.435
520.5,0.01086,5.43
520.6,0.01086,5.43
520.7,0.01087,5.435
520.8,0.01087,5.435
520.9,0.01087,5.435
521,0.01087,5.435
521.1,0.01087,5.435
521.2,0.01087,5.435
521.3,0.01087,5.435
521.4,0.01087,5.435
521.5,0.01086,5.43
521.6,0.01086,5.43
521.7,0.01086,5.43
521.8,0.01086,5.43
521.9,0.01086,5.43
522,0.01086,5.43
522.1,0.01086,5.43
522.2,0.01087,5.435
522.3,0.01087,5.435
522.4,0.01086,5.43
522.5,0.01086,5.43
522.6,0.01086,5.43
522.7,0.01086,5.43
522.8,0.01087,5.435
522.9,0.01087,5.435
523,0.01087,5.435
523.1,0.01087,5.435
523.2,0.01087,5.435
523.3,0.01087,5.435
523.4,0.01087,5.435
523.5,0.01087,5.435
523.6,0.01087,5.435
523.7,0.01088,5.44
523.8,0.01087,5.435
523.9,0.01087,5.435
524,0.01087,5.435
524.1,0.01087,5.435
524.2,0.01087,5.435
524.3,0.01087,5.435
524.4,0.01087,5.435
524.5,0.01087,5.435
524.6,0.01087,5.435
524.7,0.01088,5.44
524.8,0.01088,5.44
524.9,0.01087,5.435
525,0.01087,5.435
525.1,0.01086,5.43
525.2,0.01086,5.43
525.3,0.01087,5.435
525.4,0.01087,5.435
525.5,0.01086,5.43
525.6,0.01087,5.435
525.7,0.01087,5.435
525.8,0.01086,5.43
525.9,0.01087,5.435
526,0.01087,5.435
526.1,0.01086,5.43
526.2,0.01086,5.43
526.3,0.01087,5.435
526.4,0.01087,5.435
526.5,0.01087,5.435
526.6,0.01087,5.435
526.7,0.01087,5.435
526.8,0.01086,5.43
526.9,0.01086,5.43
527,0.01086,5.43
527.1,0.01086,5.43
527.2,0.01086,5.43
527.3,0.01086,5.43
527.4,0.01086,5.43
527.5,0.01086,5.43
527.6,0.01087,5.435
527.7,0.01086,5.43
527.8,0.01087,5.435
527.9,0.01086,5.43
528,0.01086,5.43
528.1,0.01086,5.43
528.2,0.01086,5.43
528.3,0.01086,5.43
528.4,0.01087,5.435
528.5,0.01086,5.43
528.6,0.01086,5.43
528.7,0.01086,5.43
528.8,0.01087,5.435
528.9,0.01086,5.43
529,0.01086,5.43
529.1,0.01086,5.43
529.2,0.01086,5.43
529.3,0.01086,5.43
529.4,0.01086,5.43
529.5,0.01086,5.43
529.6,0.01086,5.43
529.7,0.01086,5.43
529.8,0.01087,5.435
529.9,0.01087,5.435
530,0.01086,5.43
530.1,0.01087,5.435
530.2,0.01086,5.43
530.3,0.01087,5.435
530.4,0.01086,5.43
530.5,0.01087,5.435
530.6,0.01087,5.435
530.7,0.01087,5.435
530.8,0.01086,5.43
530.9,0.01086,5.43
531,0.01086,5.43
531.1,0.01087,5.435
531.2,0.01087,5.435
531.3,0.01087,5.435
531.4,0.01087,5.435
531.5,0.01087,5.435
531.6,0.01087,5.435
531.7,0.01086,5.43
531.8,0.01086,5.43
531.9,0.01086,5.43
532,0.01087,5.435
532.1,0.01087,5.435
532.2,0.01087,5.435
532.3,0.01087,5.435
532.4,0.01086,5.43
532.5,0.01086,5.43
532.6,0.01086,5.43
532.7,0.01086,5.43
532.8,0.01086,5.43
532.9,0.01087,5.435
533,0.01086,5.43
533.1,0.01086,5.43
533.2,0.01086,5.43
533.3,0.01086,5.43
533.4,0.01086,5.43
533.5,0.01086,5.43
533.6,0.01086,5.43
533.7,0.01086,5.43
533.8,0.01086,5.43
533.9,0.01086,5.43
534,0.01086,5.43
534.1,0.01087,5.435
534.2,0.01087,5.435
534.3,0.01086,5.43
534.4,0.01086,5.43
534.5,0.01086,5.43
534.6,0.01086,5.43
534.7,0.01086,5.43
534.8,0.01087,5.435
534.9,0.01087,5.435
535,0.01087,5.435
535.1,0.01086,5.43
535.2,0.01086,5.43
535.3,0.01086,5.43
535.4,0.01087,5.435
535.5,0.01087,5.435
535.6,0.01086,5.43
535.7,0.01086,5.43
535.8,0.01086,5.43
535.9,0.01086,5.43
536,0.01087,5.435
536.1,0.01087,5.435
536.2,0.01086,5.43
536.3,0.01086,5.43
536.4,0.01086,5.43
536.5,0.01086,5.43
536.6,0.01086,5.43
536.7,0.01086,5.43
536.8,0.01086,5.43
536.9,0.01087,5.435
537,0.01086,5.43
537.1,0.01086,5.43
537.2,0.01086,5.43
537.3,0.01086,5.43
537.4,0.01086,5.43
537.5,0.01085,5.425
537.6,0.01085,5.425
537.7,0.01085,5.425
537.8,0.01085,5.425
537.9,0.01085,5.425
538,0.01086,5.43
538.1,0.01086,5.43
538.2,0.01086,5.43
538.3,0.01086,5.43
538.4,0.01086,5.43
538.5,0.01086,5.43
538.6,0.01086,5.43
538.7,0.01086,5.43
538.8,0.01086,5.43
538.9,0.01086,5.43
539,0.01085,5.425
539.1,0.01085,5.425
539.2,0.01086,5.43
539.3,0.01086,5.43
539.4,0.01085,5.425
539.5,0.01086,5.43
539.6,0.01087,5.435
539.7,0.01086,5.43
539.8,0.01086,5.43
539.9,0.01087,5.435
540,0.01086,5.43
540.1,0.01086,5.43
540.2,0.01085,5.425
540.3,0.01086,5.43
540.4,0.01086,5.43
540.5,0.01086,5.43
540.6,0.01085,5.425
540.7,0.01085,5.425
540.8,0.01085,5.425
540.9,0.01085,5.425
541,0.01086,5.43
541.1,0.01087,5.435
541.2,0.01086,5.43
541.3,0.01086,5.43
541.4,0.01086,5.43
541.5,0.01086,5.43
541.6,0.01085,5.425
541.7,0.01085,5.425
541.8,0.01086,5.43
541.9,0.01086,5.43
542,0.01087,5.435
542.1,0.01086,5.43
542.2,0.01087,5.435
542.3,0.01087,5.435
542.4,0.01087,5.435
542.5,0.01087,5.435
542.6,0.01087,5.435
542.7,0.01087,5.435
542.8,0.01086,5.43
542.9,0.01086,5.43
543,0.01086,5.43
543.1,0.01086,5.43
543.2,0.01087,5.435
543.3,0.01086,5.43
543.4,0.01086,5.43
543.5,0.01086,5.43
543.6,0.01086,5.43
543.7,0.01086,5.43
543.8,0.01086,5.43
543.9,0.01086,5.43
544,0.01086,5.43
544.1,0.01086,5.43
544.2,0.01085,5.425
544.3,0.01086,5.43
544.4,0.01085,5.425
544.5,0.01086,5.43
544.6,0.01087,5.435
544.7,0.01087,5.435
544.8,0.01087,5.435
544.9,0.01086,5.43
545,0.01086,5.43
545.1,0.01086,5.43
545.2,0.01087,5.435
545.3,0.01087,5.435
545.4,0.01087,5.435
545.5,0.01086,5.43
545.6,0.01086,5.43
545.7,0.01086,5.43
545.8,0.01087,5.435
545.9,0.01087,5.435
546,0.01086,5.43
546.1,0.01086,5.43
546.2,0.01087,5.435
546.3,0.01087,5.435
546.4,0.01087,5.435
546.5,0.01087,5.435
546.6,0.01087,5.435
546.7,0.01086,5.43
546.8,0.01086,5.43
546.9,0.01086,5.43
547,0.01087,5.435
547.1,0.01087,5.435
547.2,0.01087,5.435
547.3,0.01087,5.435
547.4,0.01087,5.435
547.5,0.01087,5.435
547.6,0.01086,5.43
547.7,0.01086,5.43
547.8,0.01086,5.43
547.9,0.01086,5.43
548,0.01086,5.43
548.1,0.01087,5.435
548.2,0.01086,5.43
548.3,0.01086,5.43
548.4,0.01086,5.43
548.5,0.01086,5.43
548.6,0.01087,5.435
548.7,0.01086,5.43
548.8,0.01086,5.43
548.9,0.01087,5.435
549,0.01086,5.43
549.1,0.01086,5.43
549.2,0.01086,5.43
549.3,0.01086,5.43
549.4,0.01086,5.43
549.5,0.01086,5.43
549.6,0.01085,5.425
549.7,0.01086,5.43
549.8,0.01086,5.43
549.9,0.01086,5.43
550,0.01087,5.435
550.1,0.01086,5.43
550.2,0.01086,5.43
550.3,0.01085,5.425
550.4,0.01085,5.425
550.5,0.01085,5.425
550.6,0.01086,5.43
550.7,0.01086,5.43
550.8,0.01086,5.43
550.9,0.01085,5.425
551,0.01086,5.43
551.1,0.01085,5.425
551.2,0.01085,5.425
551.3,0.01086,5.43
551.4,0.01086,5.43
551.5,0.01086,5.43
551.6,0.01086,5.43
551.7,0.01086,5.43
551.8,0.01086,5.43
551.9,0.01087,5.435
552,0.01086,5.43
552.1,0.01087,5.435
552.2,0.01087,5.435
552.3,0.01086,5.43
552.4,0.01087,5.435
552.5,0.01086,5.43
552.6,0.01086,5.43
552.7,0.01086,5.43
552.8,0.01085,5.425
552.9,0.01086,5.43
553,0.01085,5.425
553.1,0.01086,5.43
553.2,0.01087,5.435
553.3,0.01086,5.43
553.4,0.01086,5.43
553.5,0.01086,5.43
553.6,0.01086,5.43
553.7,0.01085,5.425
553.8,0.01086,5.43
553.9,0.01086,5.43
554,0.01086,5.43
554.1,0.01085,5.425
554.2,0.01086,5.43
554.3,0.01086,5.43
554.4,0.01086,5.43
554.5,0.01086,5.43
554.6,0.01087,5.435
554.7,0.01087,5.435
554.8,0.01087,5.435
554.9,0.01087,5.435
555,0.01087,5.435
555.1,0.01087,5.435
555.2,0.01086,5.43
555.3,0.01086,5.43
555.4,0.01086,5.43
555.5,0.01086,5.43
555.6,0.01086,5.43
555.7,0.01086,5.43
555.8,0.01086,5.43
555.9,0.01086,5.43
556,0.01085,5.425
556.1,0.01085,5.425
556.2,0.01087,5.435
556.3,0.01087,5.435
556.4,0.01086,5.43
556.5,0.01085,5.425
556.6,0.01085,5.425
556.7,0.01086,5.43
556.8,0.01086,5.43
556.9,0.01086,5.43
557,0.01086,5.43
557.1,0.01086,5.43
557.2,0.01086,5.43
557.3,0.01085,5.425
557.4,0.01085,5.425
557.5,0.01085,5.425
557.6,0.01086,5.43
557.7,0.01086,5.43
557.8,0.01086,5.43
557.9,0.01086,5.43
558,0.01086,5.43
558.1,0.01086,5.43
558.2,0.01085,5.425
558.3,0.01085,5.425
558.4,0.01085,5.425
558.5,0.01085,5.425
558.6,0.01086,5.43
558.7,0.01086,5.43
558.8,0.01085,5.425
558.9,0.01085,5.425
559,0.01085,5.425
559.1,0.01085,5.425
559.2,0.01085,5.425
559.3,0.01086,5.43
559.4,0.01086,5.43
559.5,0.01086,5.43
559.6,0.01086,5.43
559.7,0.01086,5.43
559.8,0.01085,5.425
559.9,0.01085,5.425
560,0.01085,5.425
560.1,0.01085,5.425
560.2,0.01085,5.425
560.3,0.01085,5.425
560.4,0.01085,5.425
560.5,0.01084,5.42
560.6,0.01084,5.42
560.7,0.01084,5.42
560.8,0.01084,5.42
560.9,0.01085,5.425
561,0.01085,5.425
561.1,0.01085,5.425
561.2,0.01085,5.425
561.3,0.01085,5.425
561.4,0.01085,5.425
561.5,0.01085,5.425
561.6,0.01086,5.43
561.7,0.01085,5.425
561.8,0.01085,5.425
561.9,0.01085,5.425
562,0.01085,5.425
562.1,0.01085,5.425
562.2,0.01085,5.425
562.3,0.01085,5.425
562.4,0.01085,5.425
562.5,0.01085,5.425
562.6,0.01086,5.43
562.7,0.01085,5.425
562.8,0.01085,5.425
562.9,0.01085,5.425
563,0.01085,5.425
563.1,0.01085,5.425
563.2,0.01084,5.42
563.3,0.01084,5.42
563.4,0.01084,5.42
563.5,0.01085,5.425
563.6,0.01086,5.43
563.7,0.01085,5.425
563.8,0.01084,5.42
563.9,0.01084,5.42
564,0.01084,5.42
564.1,0.01083,5.415
564.2,0.01085,5.425
564.3,0.01085,5.425
564.4,0.01084,5.42
564.5,0.01084,5.42
564.6,0.01085,5.425
564.7,0.01085,5.425
564.8,0.01085,5.425
564.9,0.01085,5.425
565,0.01085,5.425
565.1,0.01085,5.425
565.2,0.01085,5.425
565.3,0.01086,5.43
565.4,0.01086,5.43
565.5,0.01085,5.425
565.6,0.01085,5.425
565.7,0.01085,5.425
565.8,0.01085,5.425
565.9,0.01085,5.425
566,0.01085,5.425
566.1,0.01085,5.425
566.2,0.01085,5.425
566.3,0.01085,5.425
566.4,0.01085,5.425
566.5,0.01085,5.425
566.6,0.01085,5.425
566.7,0.01085,5.425
566.8,0.01085,5.425
566.9,0.01085,5.425
567,0.01085,5.425
567.1,0.01084,5.42
567.2,0.01084,5.42
567.3,0.01084,5.42
567.4,0.01085,5.425
567.5,0.01085,5.425
567.6,0.01085,5.425
567.7,0.01085,5.425
567.8,0.01084,5.42
567.9,0.01085,5.425
568,0.01084,5.42
568.1,0.01085,5.425
568.2,0.01084,5.42
568.3,0.01085,5.425
568.4,0.01085,5.425
568.5,0.01085,5.425
568.6,0.01085,5.425
568.7,0.01085,5.425
568.8,0.01084,5.42
568.9,0.01084,5.42
569,0.01084,5.42
569.1,0.01084,5.42
569.2,0.01085,5.425
569.3,0.01085,5.425
569.4,0.01085,5.425
569.5,0.01085,5.425
569.6,0.01085,5.425
569.7,0.01085,5.425
569.8,0.01086,5.43
569.9,0.01085,5.425
570,0.01085,5.425
570.1,0.01085,5.425
570.2,0.01085,5.425
570.3,0.01085,5.425
570.4,0.01085,5.425
570.5,0.01085,5.425
570.6,0.01084,5.42
570.7,0.01084,5.42
570.8,0.01084,5.42
570.9,0.01084,5.42
571,0.01084,5.42
571.1,0.01084,5.42
571.2,0.01085,5.425
571.3,0.01085,5.425
571.4,0.01085,5.425
571.5,0.01085,5.425
571.6,0.01085,5.425
571.7,0.01085,5.425
571.8,0.01085,5.425
571.9,0.01085,5.425
572,0.01085,5.425
572.1,0.01085,5.425
572.2,0.01085,5.425
572.3,0.01085,5.425
572.4,0.01085,5.425
572.5,0.01085,5.425
572.6,0.01085,5.425
572.7,0.01085,5.425
572.8,0.01084,5.42
572.9,0.01084,5.42
573,0.01085,5.425
573.1,0.01086,5.43
573.2,0.01086,5.43
573.3,0.01085,5.425
573.4,0.01085,5.425
573.5,0.01085,5.425
573.6,0.01085,5.425
573.7,0.01085,5.425
573.8,0.01084,5.42
573.9,0.01085,5.425
574,0.01085,5.425
574.1,0.01085,5.425
574.2,0.01085,5.425
574.3,0.01086,5.43
574.4,0.01085,5.425
574.5,0.01085,5.425
574.6,0.01085,5.425
574.7,0.01085,5.425
574.8,0.01085,5.425
574.9,0.01085,5.425
575,0.01084,5.42
575.1,0.01085,5.425
575.2,0.01084,5.42
575.3,0.01084,5.42
575.4,0.01084,5.42
575.5,0.01084,5.42
575.6,0.01084,5.42
575.7,0.01085,5.425
575.8,0.01084,5.42
575.9,0.01085,5.425
576,0.01086,5.43
576.1,0.01085,5.425
576.2,0.01086,5.43
576.3,0.01086,5.43
576.4,0.01085,5.425
576.5,0.01085,5.425
576.6,0.01085,5.425
576.7,0.01085,5.425
576.8,0.01085,5.425
576.9,0.01085,5.425
577,0.01085,5.425
577.1,0.01085,5.425
577.2,0.01085,5.425
577.3,0.01085,5.425
577.4,0.01086,5.43
577.5,0.01086,5.43
577.6,0.01086,5.43
577.7,0.01086,5.43
577.8,0.01086,5.43
577.9,0.01085,5.425
578,0.01085,5.425
578.1,0.01086,5.43
578.2,0.01085,5.425
578.3,0.01084,5.42
578.4,0.01085,5.425
578.5,0.01085,5.425
578.6,0.01085,5.425
578.7,0.01085,5.425
578.8,0.01086,5.43
578.9,0.01085,5.425
579,0.01085,5.425
579.1,0.01085,5.425
579.2,0.01085,5.425
579.3,0.01085,5.425
579.4,0.01084,5.42
579.5,0.01084,5.42
579.6,0.01084,5.42
579.7,0.01084,5.42
579.8,0.01085,5.425
579.9,0.01085,5.425
580,0.01085,5.425
580.1,0.01086,5.43
580.2,0.01086,5.43
580.3,0.01085,5.425
580.4,0.01085,5.425
580.5,0.01085,5.425
580.6,0.01085,5.425
580.7,0.01085,5.425
580.8,0.01085,5.425
580.9,0.01085,5.425
581,0.01085,5.425
581.1,0.01085,5.425
581.2,0.01085,5.425
581.3,0.01085,5.425
581.4,0.01085,5.425
581.5,0.01085,5.425
581.6,0.01085,5.425
581.7,0.01084,5.42
581.8,0.01085,5.425
581.9,0.01085,5.425
582,0.01085,5.425
582.1,0.01085,5.425
582.2,0.01084,5.42
582.3,0.01085,5.425
582.4,0.01085,5.425
582.5,0.01085,5.425
582.6,0.01085,5.425
582.7,0.01085,5.425
582.8,0.01084,5.42
582.9,0.01085,5.425
583,0.01084,5.42
583.1,0.01085,5.425
583.2,0.01085,5.425
583.3,0.01085,5.425
583.4,0.01085,5.425
583.5,0.01086,5.43
583.6,0.01085,5.425
583.7,0.01084,5.42
583.8,0.01085,5.425
583.9,0.01085,5.425
584,0.01085,5.425
584.1,0.01085,5.425
584.2,0.01085,5.425
584.3,0.01085,5.425
584.4,0.01085,5.425
584.5,0.01084,5.42
584.6,0.01085,5.425
584.7,0.01086,5.43
584.8,0.01085,5.425
584.9,0.01085,5.425
585,0.01086,5.43
585.1,0.01086,5.43
585.2,0.01085,5.425
585.3,0.01085,5.425
585.4,0.01085,5.425
585.5,0.01085,5.425
585.6,0.01085,5.425
585.7,0.01084,5.42
585.8,0.01085,5.425
585.9,0.01085,5.425
586,0.01085,5.425
586.1,0.01084,5.42
586.2,0.01085,5.425
586.3,0.01086,5.43
586.4,0.01086,5.43
586.5,0.01086,5.43
586.6,0.01086,5.43
586.7,0.01086,5.43
586.8,0.01086,5.43
586.9,0.01085,5.425
587,0.01085,5.425
587.1,0.01085,5.425
587.2,0.01085,5.425
587.3,0.01086,5.43
587.4,0.01085,5.425
587.5,0.01085,5.425
587.6,0.01084,5.42
587.7,0.01085,5.425
587.8,0.01085,5.425
587.9,0.01085,5.425
588,0.01085,5.425
588.1,0.01085,5.425
588.2,0.01085,5.425
588.3,0.01085,5.425
588.4,0.01085,5.425
588.5,0.01085,5.425
588.6,0.01084,5.42
588.7,0.01084,5.42
588.8,0.01084,5.42
588.9,0.01085,5.425
589,0.01085,5.425
589.1,0.01085,5.425
589.2,0.01085,5.425
589.3,0.01085,5.425
589.4,0.01085,5.425
589.5,0.01085,5.425
589.6,0.01085,5.425
589.7,0.01085,5.425
589.8,0.01085,5.425
589.9,0.01086,5.43
590,0.01086,5.43
590.1,0.01085,5.425
590.2,0.01085,5.425
590.3,0.01085,5.425
590.4,0.01085,5.425
590.5,0.01085,5.425
590.6,0.01086,5.43
590.7,0.01086,5.43
590.8,0.01085,5.425
590.9,0.01085,5.425
591,0.01085,5.425
591.1,0.01085,5.425
591.2,0.01086,5.43
591.3,0.01085,5.425
591.4,0.01085,5.425
591.5,0.01085,5.425
591.6,0.01085,5.425
591.7,0.01086,5.43
591.8,0.01085,5.425
591.9,0.01085,5.425
592,0.01085,5.425
592.1,0.01084,5.42
592.2,0.01085,5.425
592.3,0.01085,5.425
592.4,0.01085,5.425
592.5,0.01085,5.425
592.6,0.01085,5.425
592.7,0.01085,5.425
592.8,0.01085,5.425
592.9,0.01084,5.42
593,0.01085,5.425
593.1,0.01086,5.43
593.2,0.01086,5.43
593.3,0.01085,5.425
593.4,0.01085,5.425
593.5,0.01084,5.42
593.6,0.01085,5.425
593.7,0.01085,5.425
593.8,0.01085,5.425
593.9,0.01085,5.425
594,0.01085,5.425
594.1,0.01086,5.43
594.2,0.01086,5.43
594.3,0.01084,5.42
594.4,0.01084,5.42
594.5,0.01085,5.425
594.6,0.01084,5.42
594.7,0.01085,5.425
594.8,0.01084,5.42
594.9,0.01084,5.42
595,0.01084,5.42
595.1,0.01084,5.42
595.2,0.01084,5.42
595.3,0.01084,5.42
595.4,0.01085,5.425
595.5,0.01085,5.425
595.6,0.01084,5.42
595.7,0.01085,5.425
595.8,0.01084,5.42
595.9,0.01085,5.425
596,0.01086,5.43
596.1,0.01086,5.43
596.2,0.01086,5.43
596.3,0.01085,5.425
596.4,0.01085,5.425
596.5,0.01085,5.425
596.6,0.01085,5.425
596.7,0.01085,5.425
596.8,0.01085,5.425
596.9,0.01085,5.425
597,0.01085,5.425
597.1,0.01085,5.425
597.2,0.01085,5.425
597.3,0.01085,5.425
597.4,0.01085,5.425
597.5,0.01084,5.42
597.6,0.01085,5.425
597.7,0.01085,5.425
597.8,0.01085,5.425
597.9,0.01084,5.42
598,0.01085,5.425
598.1,0.01085,5.425
598.2,0.01084,5.42
598.3,0.01084,5.42
598.4,0.01084,5.42
598.5,0.01084,5.42
598.6,0.01084,5.42
598.7,0.01084,5.42
598.8,0.01084,5.42
598.9,0.01084,5.42
599,0.01085,5.425
599.1,0.01085,5.425
599.2,0.01084,5.42
599.3,0.01084,5.42
599.4,0.01084,5.42
599.5,0.01084,5.42
599.6,0.01084,5.42
599.7,0.01085,5.425
599.8,0.01085,5.425
599.9,0.01084,5.42
600,0.01085,5.425
600.1,0.01084,5.42
600.2,0.01085,5.425
600.3,0.01084,5.42
600.4,0.01084,5.42
600.5,0.01085,5.425
600.6,0.01085,5.425
600.7,0.01084,5.42
600.8,0.01084,5.42
600.9,0.01084,5.42
601,0.01084,5.42
601.1,0.01084,5.42
601.2,0.01085,5.425
601.3,0.01085,5.425
601.4,0.01085,5.425
601.5,0.01084,5.42
601.6,0.01085,5.425
601.7,0.01084,5.42
601.8,0.01084,5.42
601.9,0.01084,5.42
602,0.01085,5.425
602.1,0.01085,5.425
602.2,0.01084,5.42
602.3,0.01084,5.42
602.4,0.01084,5.42
602.5,0.01084,5.42
602.6,0.01085,5.425
602.7,0.01085,5.425
602.8,0.01084,5.42
602.9,0.01085,5.425
603,0.01084,5.42
603.1,0.01084,5.42
603.2,0.01084,5.42
603.3,0.01084,5.42
603.4,0.01085,5.425
603.5,0.01084,5.42
603.6,0.01085,5.425
603.7,0.01085,5.425
603.8,0.01085,5.425
603.9,0.01085,5.425
604,0.01085,5.425
604.1,0.01085,5.425
604.2,0.01084,5.42
604.3,0.01084,5.42
604.4,0.01085,5.425
604.5,0.01085,5.425
604.6,0.01084,5.42
604.7,0.01085,5.425
604.8,0.01085,5.425
604.9,0.01085,5.425
605,0.01084,5.42
605.1,0.01084,5.42
605.2,0.01084,5.42
605.3,0.01085,5.425
605.4,0.01085,5.425
605.5,0.01085,5.425
605.6,0.01085,5.425
605.7,0.01085,5.425
605.8,0.01085,5.425
605.9,0.01085,5.425
606,0.01085,5.425
606.1,0.01085,5.425
606.2,0.01085,5.425
606.3,0.01085,5.425
606.4,0.01084,5.42
606.5,0.01085,5.425
606.6,0.01085,5.425
606.7,0.01085,5.425
606.8,0.01084,5.42
606.9,0.01084,5.42
607,0.01084,5.42
607.1,0.01084,5.42
607.2,0.01085,5.425
607.3,0.01085,5.425
607.4,0.01085,5.425
607.5,0.01084,5.42
607.6,0.01084,5.42
607.7,0.01084,5.42
607.8,0.01085,5.425
607.9,0.01085,5.425
608,0.01085,5.425
608.1,0.01084,5.42
608.2,0.01084,5.42
608.3,0.01084,5.42
608.4,0.01084,5.42
608.5,0.01084,5.42
608.6,0.01084,5.42
608.7,0.01085,5.425
608.8,0.01085,5.425
608.9,0.01085,5.425
609,0.01085,5.425
609.1,0.01085,5.425
609.2,0.01085,5.425
609.3,0.01084,5.42
609.4,0.01084,5.42
609.5,0.01084,5.42
609.6,0.01085,5.425
609.7,0.01085,5.425
609.8,0.01085,5.425
609.9,0.01085,5.425
610,0.01085,5.425
610.1,0.01085,5.425
610.2,0.01085,5.425
610.3,0.01084,5.42
610.4,0.01084,5.42
610.5,0.01085,5.425
610.6,0.01085,5.425
610.7,0.01084,5.42
610.8,0.01084,5.42
610.9,0.01085,5.425
611,0.01085,5.425
611.1,0.01084,5.42
611.2,0.01084,5.42
611.3,0.01085,5.425
611.4,0.01085,5.425
611.5,0.01085,5.425
611.6,0.01085,5.425
611.7,0.01085,5.425
611.8,0.01085,5.425
611.9,0.01085,5.425
612,0.01085,5.425
612.1,0.01085,5.425
612.2,0.01085,5.425
612.3,0.01085,5.425
612.4,0.01085,5.425
612.5,0.01085,5.425
612.6,0.01085,5.425
612.7,0.01085,5.425
612.8,0.01085,5.425
612.9,0.01085,5.425
613,0.01085,5.425
613.1,0.01085,5.425
613.2,0.01086,5.43
613.3,0.01085,5.425
613.4,0.01085,5.425
613.5,0.01085,5.425
613.6,0.01085,5.425
613.7,0.01085,5.425
613.8,0.01084,5.42
613.9,0.01084,5.42
614,0.01085,5.425
614.1,0.01085,5.425
614.2,0.01085,5.425
614.3,0.01085,5.425
614.4,0.01085,5.425
614.5,0.01085,5.425
614.6,0.01085,5.425
614.7,0.01084,5.42
614.8,0.01085,5.425
614.9,0.01084,5.42
615,0.01085,5.425
615.1,0.01085,5.425
615.2,0.01085,5.425
615.3,0.01085,5.425
615.4,0.01084,5.42
615.5,0.01084,5.42
615.6,0.01084,5.42
615.7,0.01084,5.42
615.8,0.01084,5.42
615.9,0.01084,5.42
616,0.01084,5.42
616.1,0.01085,5.425
616.2,0.01084,5.42
616.3,0.01084,5.42
616.4,0.01084,5.42
616.5,0.01084,5.42
616.6,0.01084,5.42
616.7,0.01084,5.42
616.8,0.01084,5.42
616.9,0.01084,5.42
617,0.01084,5.42
617.1,0.01084,5.42
617.2,0.01084,5.42
617.3,0.01084,5.42
617.4,0.01084,5.42
617.5,0.01084,5.42
617.6,0.01083,5.415
617.7,0.01084,5.42
617.8,0.01084,5.42
617.9,0.01084,5.42
618,0.01084,5.42
618.1,0.01085,5.425
618.2,0.01084,5.42
618.3,0.01084,5.42
618.4,0.01084,5.42
618.5,0.01084,5.42
618.6,0.01084,5.42
618.7,0.01084,5.42
618.8,0.01084,5.42
618.9,0.01084,5.42
619,0.01085,5.425
619.1,0.01084,5.42
619.2,0.01084,5.42
619.3,0.01084,5.42
619.4,0.01084,5.42
619.5,0.01083,5.415
619.6,0.01083,5.415
619.7,0.01084,5.42
619.8,0.01084,5.42
619.9,0.01084,5.42
620,0.01085,5.425
620.1,0.01084,5.42
620.2,0.01084,5.42
620.3,0.01084,5.42
620.4,0.01084,5.42
620.5,0.01084,5.42
620.6,0.01085,5.425
620.7,0.01085,5.425
620.8,0.01085,5.425
620.9,0.01084,5.42
621,0.01084,5.42
621.1,0.01084,5.42
621.2,0.01085,5.425
621.3,0.01085,5.425
621.4,0.01086,5.43
621.5,0.01086,5.43
621.6,0.01085,5.425
621.7,0.01085,5.425
621.8,0.01085,5.425
621.9,0.01085,5.425
622,0.01085,5.425
622.1,0.01085,5.425
622.2,0.01084,5.42
622.3,0.01084,5.42
622.4,0.01084,5.42
622.5,0.01084,5.42
622.6,0.01085,5.425
622.7,0.01085,5.425
622.8,0.01085,5.425
622.9,0.01085,5.425
623,0.01085,5.425
623.1,0.01084,5.42
623.2,0.01085,5.425
623.3,0.01085,5.425
623.4,0.01085,5.425
623.5,0.01085,5.425
623.6,0.01085,5.425
623.7,0.01085,5.425
623.8,0.01085,5.425
623.9,0.01085,5.425
624,0.01085,5.425
624.1,0.01085,5.425
624.2,0.01085,5.425
624.3,0.01085,5.425
624.4,0.01085,5.425
624.5,0.01084,5.42
624.6,0.01085,5.425
624.7,0.01085,5.425
624.8,0.01084,5.42
624.9,0.01085,5.425
625,0.01085,5.425
625.1,0.01085,5.425
625.2,0.01085,5.425
625.3,0.01085,5.425
625.4,0.01084,5.42
625.5,0.01085,5.425
625.6,0.01084,5.42
625.7,0.01085,5.425
625.8,0.01084,5.42
625.9,0.01084,5.42
626,0.01084,5.42
626.1,0.01085,5.425
626.2,0.01085,5.425
626.3,0.01085,5.425
626.4,0.01085,5.425
626.5,0.01084,5.42
626.6,0.01084,5.42
626.7,0.01084,5.42
626.8,0.01085,5.425
626.9,0.01085,5.425
627,0.01084,5.42
627.1,0.01085,5.425
627.2,0.01085,5.425
627.3,0.01084,5.42
627.4,0.01085,5.425
627.5,0.01084,5.42
627.6,0.01084,5.42
627.7,0.01084,5.42
627.8,0.01084,5.42
627.9,0.01084,5.42
628,0.01083,5.415
628.1,0.01084,5.42
628.2,0.01084,5.42
628.3,0.01084,5.42
628.4,0.01085,5.425
628.5,0.01085,5.425
628.6,0.01086,5.43
628.7,0.01085,5.425
628.8,0.01085,5.425
628.9,0.01085,5.425
629,0.01085,5.425
629.1,0.01085,5.425
629.2,0.01085,5.425
629.3,0.01085,5.425
629.4,0.01085,5.425
629.5,0.01085,5.425
629.6,0.01085,5.425
629.7,0.01085,5.425
629.8,0.01086,5.43
629.9,0.01085,5.425
630,0.01085,5.425
630.1,0.01085,5.425
630.2,0.01085,5.425
630.3,0.01084,5.42
630.4,0.01085,5.425
630.5,0.01085,5.425
630.6,0.01085,5.425
630.7,0.01085,5.425
630.8,0.01085,5.425
630.9,0.01084,5.42
631,0.01085,5.425
631.1,0.01085,5.425
631.2,0.01085,5.425
631.3,0.01084,5.42
631.4,0.01084,5.42
631.5,0.01085,5.425
631.6,0.01085,5.425
631.7,0.01084,5.42
631.8,0.01084,5.42
631.9,0.01084,5.42
632,0.01084,5.42
632.1,0.01084,5.42
632.2,0.01084,5.42
632.3,0.01084,5.42
632.4,0.01085,5.425
632.5,0.01084,5.42
632.6,0.01085,5.425
632.7,0.01085,5.425
632.8,0.01084,5.42
632.9,0.01084,5.42
633,0.01085,5.425
633.1,0.01086,5.43
633.2,0.01086,5.43
633.3,0.01086,5.43
633.4,0.01086,5.43
633.5,0.01085,5.425
633.6,0.01085,5.425
633.7,0.01085,5.425
633.8,0.01085,5.425
633.9,0.01085,5.425
634,0.01085,5.425
634.1,0.01085,5.425
634.2,0.01085,5.425
634.3,0.01085,5.425
634.4,0.01085,5.425
634.5,0.01085,5.425
634.6,0.01085,5.425
634.7,0.01085,5.425
634.8,0.01085,5.425
634.9,0.01086,5.43
635,0.01085,5.425
635.1,0.01085,5.425
635.2,0.01085,5.425
635.3,0.01085,5.425
635.4,0.01085,5.425
635.5,0.01085,5.425
635.6,0.01085,5.425
635.7,0.01085,5.425
635.8,0.01085,5.425
635.9,0.01084,5.42
636,0.01084,5.42
636.1,0.01085,5.425
636.2,0.01085,5.425
636.3,0.01085,5.425
636.4,0.01085,5.425
636.5,0.01085,5.425
636.6,0.01085,5.425
636.7,0.01085,5.425
636.8,0.01085,5.425
636.9,0.01085,5.425
637,0.01084,5.42
637.1,0.01085,5.425
637.2,0.01084,5.42
637.3,0.01084,5.42
637.4,0.01084,5.42
637.5,0.01085,5.425
637.6,0.01084,5.42
637.7,0.01085,5.425
637.8,0.01085,5.425
637.9,0.01084,5.42
638,0.01085,5.425
638.1,0.01085,5.425
638.2,0.01085,5.425
638.3,0.01084,5.42
638.4,0.01084,5.42
638.5,0.01085,5.425
638.6,0.01085,5.425
638.7,0.01085,5.425
638.8,0.01086,5.43
638.9,0.01085,5.425
639,0.01084,5.42
639.1,0.01085,5.425
639.2,0.01085,5.425
639.3,0.01085,5.425
639.4,0.01084,5.42
639.5,0.01085,5.425
639.6,0.01085,5.425
639.7,0.01085,5.425
639.8,0.01085,5.425
639.9,0.01085,5.425
640,0.01085,5.425
640.1,0.01085,5.425
640.2,0.01085,5.425
640.3,0.01084,5.42
640.4,0.01084,5.42
640.5,0.01084,5.42
640.6,0.01085,5.425
640.7,0.01086,5.43
640.8,0.01085,5.425
640.9,0.01085,5.425
641,0.01085,5.425
641.1,0.01085,5.425
641.2,0.01085,5.425
641.3,0.01085,5.425
641.4,0.01084,5.42
641.5,0.01085,5.425
641.6,0.01085,5.425
641.7,0.01085,5.425
641.8,0.01085,5.425
641.9,0.01085,5.425
642,0.01085,5.425
642.1,0.01085,5.425
642.2,0.01085,5.425
642.3,0.01085,5.425
642.4,0.01084,5.42
642.5,0.01084,5.42
642.6,0.01084,5.42
642.7,0.01084,5.42
642.8,0.01085,5.425
642.9,0.01085,5.425
643,0.01085,5.425
643.1,0.01085,5.425
643.2,0.01085,5.425
643.3,0.01085,5.425
643.4,0.01085,5.425
643.5,0.01085,5.425
643.6,0.01085,5.425
643.7,0.01085,5.425
643.8,0.01085,5.425
643.9,0.01085,5.425
644,0.01085,5.425
644.1,0.01085,5.425
644.2,0.01085,5.425
644.3,0.01084,5.42
644.4,0.01084,5.42
644.5,0.01084,5.42
644.6,0.01085,5.425
644.7,0.01085,5.425
644.8,0.01085,5.425
644.9,0.01085,5.425
645,0.01085,5.425
645.1,0.01084,5.42
645.2,0.01084,5.42
645.3,0.01085,5.425
645.4,0.01085,5.425
645.5,0.01085,5.425
645.6,0.01086,5.43
645.7,0.01085,5.425
645.8,0.01085,5.425
645.9,0.01084,5.42
646,0.01084,5.42
646.1,0.01085,5.425
646.2,0.01085,5.425
646.3,0.01084,5.42
646.4,0.01086,5.43
646.5,0.01085,5.425
646.6,0.01085,5.425
646.7,0.01085,5.425
646.8,0.01085,5.425
646.9,0.01085,5.425
647,0.01085,5.425
647.1,0.01085,5.425
647.2,0.01085,5.425
647.3,0.01085,5.425
647.4,0.01085,5.425
647.5,0.01085,5.425
647.6,0.01086,5.43
647.7,0.01085,5.425
647.8,0.01085,5.425
647.9,0.01085,5.425
648,0.01086,5.43
648.1,0.01086,5.43
648.2,0.01085,5.425
648.3,0.01085,5.425
648.4,0.01085,5.425
648.5,0.01085,5.425
648.6,0.01085,5.425
648.7,0.01085,5.425
648.8,0.01086,5.43
648.9,0.01085,5.425
649,0.01085,5.425
649.1,0.01086,5.43
649.2,0.01085,5.425
649.3,0.01085,5.425
649.4,0.01085,5.425
649.5,0.01085,5.425
649.6,0.01084,5.42
649.7,0.01085,5.425
649.8,0.01084,5.42
649.9,0.01084,5.42
650,0.01084,5.42
650.1,0.01084,5.42
650.2,0.01084,5.42
650.3,0.01085,5.425
650.4,0.01084,5.42
650.5,0.01085,5.425
650.6,0.01085,5.425
650.7,0.01085,5.425
650.8,0.01084,5.42
650.9,0.01085,5.425
651,0.01085,5.425
651.1,0.01085,5.425
651.2,0.01084,5.42
651.3,0.01084,5.42
651.4,0.01084,5.42
651.5,0.01084,5.42
651.6,0.01085,5.425
651.7,0.01086,5.43
651.8,0.01085,5.425
651.9,0.01085,5.425
652,0.01085,5.425
652.1,0.01084,5.42
652.2,0.01085,5.425
652.3,0.01085,5.425
652.4,0.01085,5.425
652.5,0.01085,5.425
652.6,0.01085,5.425
652.7,0.01085,5.425
652.8,0.01085,5.425
652.9,0.01084,5.42
653,0.01085,5.425
653.1,0.01085,5.425
653.2,0.01085,5.425
653.3,0.01085,5.425
653.4,0.01085,5.425
653.5,0.01084,5.42
653.6,0.01084,5.42
653.7,0.01084,5.42
653.8,0.01085,5.425
653.9,0.01085,5.425
654,0.01085,5.425
654.1,0.01084,5.42
654.2,0.01084,5.42
654.3,0.01084,5.42
654.4,0.01084,5.42
654.5,0.01084,5.42
654.6,0.01084,5.42
654.7,0.01084,5.42
654.8,0.01084,5.42
654.9,0.01084,5.42
655,0.01084,5.42
655.1,0.01084,5.42
655.2,0.01084,5.42
655.3,0.01084,5.42
655.4,0.01084,5.42
655.5,0.01084,5.42
655.6,0.01085,5.425
655.7,0.01085,5.425
655.8,0.01085,5.425
655.9,0.01084,5.42
656,0.01084,5.42
656.1,0.01085,5.425
656.2,0.01085,5.425
656.3,0.01085,5.425
656.4,0.01085,5.425
656.5,0.01084,5.42
656.6,0.01084,5.42
656.7,0.01084,5.42
656.8,0.01085,5.425
656.9,0.01085,5.425
657,0.01085,5.425
657.1,0.01085,5.425
657.2,0.01084,5.42
657.3,0.01084,5.42
657.4,0.01085,5.425
657.5,0.01085,5.425
657.6,0.01085,5.425
657.7,0.01085,5.425
657.8,0.01085,5.425
657.9,0.01084,5.42
658,0.01083,5.415
658.1,0.01083,5.415
658.2,0.01083,5.415
658.3,0.01083,5.415
658.4,0.01084,5.42
658.5,0.01083,5.415
658.6,0.01083,5.415
658.7,0.01084,5.42
658.8,0.01084,5.42
658.9,0.01084,5.42
659,0.01084,5.42
659.1,0.01083,5.415
659.2,0.01084,5.42
659.3,0.01083,5.415
659.4,0.01084,5.42
659.5,0.01084,5.42
659.6,0.01085,5.425
659.7,0.01084,5.42
659.8,0.01084,5.42
659.9,0.01084,5.42
660,0.01084,5.42
660.1,0.01084,5.42
660.2,0.01084,5.42
660.3,0.01084,5.42
660.4,0.01084,5.42
660.5,0.01084,5.42
660.6,0.01085,5.425
660.7,0.01084,5.42
660.8,0.01084,5.42
660.9,0.01084,5.42
661,0.01085,5.425
661.1,0.01085,5.425
661.2,0.01085,5.425
661.3,0.01085,5.425
661.4,0.01085,5.425
661.5,0.01084,5.42
661.6,0.01084,5.42
661.7,0.01084,5.42
661.8,0.01084,5.42
661.9,0.01084,5.42
662,0.01084,5.42
662.1,0.01084,5.42
662.2,0.01084,5.42
662.3,0.01084,5.42
662.4,0.01085,5.425
662.5,0.01085,5.425
662.6,0.01085,5.425
662.7,0.01084,5.42
662.8,0.01085,5.425
662.9,0.01085,5.425
663,0.01084,5.42
663.1,0.01084,5.42
663.2,0.01084,5.42
663.3,0.01084,5.42
663.4,0.01084,5.42
663.5,0.01084,5.42
663.6,0.01084,5.42
663.7,0.01084,5.42
663.8,0.01085,5.425
663.9,0.01084,5.42
664,0.01084,5.42
664.1,0.01084,5.42
664.2,0.01084,5.42
664.3,0.01084,5.42
664.4,0.01083,5.415
664.5,0.01083,5.415
664.6,0.01084,5.42
664.7,0.01084,5.42
664.8,0.01084,5.42
664.9,0.01084,5.42
665,0.01083,5.415
665.1,0.01084,5.42
665.2,0.01083,5.415
665.3,0.01084,5.42
665.4,0.01083,5.415
665.5,0.01083,5.415
665.6,0.01084,5.42
665.7,0.01083,5.415
665.8,0.01083,5.415
665.9,0.01084,5.42
666,0.01084,5.42
666.1,0.01085,5.425
666.2,0.01084,5.42
666.3,0.01084,5.42
666.4,0.01084,5.42
666.5,0.01084,5.42
666.6,0.01085,5.425
666.7,0.01085,5.425
666.8,0.01085,5.425
666.9,0.01084,5.42
667,0.01085,5.425
667.1,0.01084,5.42
667.2,0.01084,5.42
667.3,0.01084,5.42
667.4,0.01084,5.42
667.5,0.01085,5.425
667.6,0.01085,5.425
667.7,0.01084,5.42
667.8,0.01084,5.42
667.9,0.01084,5.42
668,0.01084,5.42
668.1,0.01084,5.42
668.2,0.01085,5.425
668.3,0.01084,5.42
668.4,0.01084,5.42
668.5,0.01083,5.415
668.6,0.01084,5.42
668.7,0.01084,5.42
668.8,0.01083,5.415
668.9,0.01084,5.42
669,0.01084,5.42
669.1,0.01084,5.42
669.2,0.01084,5.42
669.3,0.01084,5.42
669.4,0.01083,5.415
669.5,0.01084,5.42
669.6,0.01084,5.42
669.7,0.01083,5.415
669.8,0.01083,5.415
669.9,0.01083,5.415
670,0.01083,5.415
670.1,0.01084,5.42
670.2,0.01084,5.42
670.3,0.01083,5.415
670.4,0.01083,5.415
670.5,0.01083,5.415
670.6,0.01083,5.415
670.7,0.01083,5.415
670.8,0.01084,5.42
670.9,0.01084,5.42
671,0.01083,5.415
671.1,0.01084,5.42
671.2,0.01083,5.415
671.3,0.01083,5.415
671.4,0.01084,5.42
671.5,0.01085,5.425
671.6,0.01084,5.42
671.7,0.01084,5.42
671.8,0.01084,5.42
671.9,0.01084,5.42
672,0.01084,5.42
672.1,0.01084,5.42
672.2,0.01084,5.42
672.3,0.01083,5.415
672.4,0.01084,5.42
672.5,0.01084,5.42
672.6,0.01084,5.42
672.7,0.01085,5.425
672.8,0.01084,5.42
672.9,0.01084,5.42
673,0.01085,5.425
673.1,0.01085,5.425
673.2,0.01084,5.42
673.3,0.01084,5.42
673.4,0.01084,5.42
673.5,0.01083,5.415
673.6,0.01084,5.42
673.7,0.01084,5.42
673.8,0.01084,5.42
673.9,0.01084,5.42
674,0.01084,5.42
674.1,0.01084,5.42
674.2,0.01084,5.42
674.3,0.01085,5.425
674.4,0.01085,5.425
674.5,0.01084,5.42
674.6,0.01084,5.42
674.7,0.01084,5.42
674.8,0.01084,5.42
674.9,0.01084,5.42
675,0.01084,5.42
675.1,0.01084,5.42
675.2,0.01084,5.42
675.3,0.01084,5.42
675.4,0.01083,5.415
675.5,0.01083,5.415
675.6,0.01083,5.415
675.7,0.01083,5.415
675.8,0.01083,5.415
675.9,0.01084,5.42
676,0.01084,5.42
676.1,0.01084,5.42
676.2,0.01084,5.42
676.3,0.01083,5.415
676.4,0.01083,5.415
676.5,0.01083,5.415
676.6,0.01084,5.42
676.7,0.01085,5.425
676.8,0.01084,5.42
676.9,0.01084,5.42
677,0.01084,5.42
677.1,0.01084,5.42
677.2,0.01083,5.415
677.3,0.01083,5.415
677.4,0.01084,5.42
677.5,0.01084,5.42
677.6,0.01085,5.425
677.7,0.01084,5.42
677.8,0.01084,5.42
677.9,0.01084,5.42
678,0.01084,5.42
678.1,0.01084,5.42
678.2,0.01084,5.42
678.3,0.01084,5.42
678.4,0.01084,5.42
678.5,0.01084,5.42
678.6,0.01084,5.42
678.7,0.01083,5.415
678.8,0.01083,5.415
678.9,0.01084,5.42
679,0.01084,5.42
679.1,0.01083,5.415
679.2,0.01083,5.415
679.3,0.01084,5.42
679.4,0.01083,5.415
679.5,0.01082,5.41
679.6,0.01082,5.41
679.7,0.01082,5.41
679.8,0.01083,5.415
679.9,0.01083,5.415
680,0.01083,5.415
680.1,0.01083,5.415
680.2,0.01083,5.415
680.3,0.01083,5.415
680.4,0.01083,5.415
680.5,0.01083,5.415
680.6,0.01083,5.415
680.7,0.01084,5.42
680.8,0.01083,5.415
680.9,0.01083,5.415
681,0.01084,5.42
681.1,0.01083,5.415
681.2,0.01083,5.415
681.3,0.01083,5.415
681.4,0.01082,5.41
681.5,0.01083,5.415
681.6,0.01083,5.415
681.7,0.01084,5.42
681.8,0.01084,5.42
681.9,0.01083,5.415
682,0.01083,5.415
682.1,0.01084,5.42
682.2,0.01084,5.42
682.3,0.01083,5.415
682.4,0.01083,5.415
682.5,0.01083,5.415
682.6,0.01084,5.42
682.7,0.01084,5.42
682.8,0.01083,5.415
682.9,0.01082,5.41
683,0.01084,5.42
683.1,0.01084,5.42
683.2,0.01083,5.415
683.3,0.01083,5.415
683.4,0.01083,5.415
683.5,0.01083,5.415
683.6,0.01083,5.415
683.7,0.01083,5.415
683.8,0.01083,5.415
683.9,0.01084,5.42
684,0.01084,5.42
684.1,0.01084,5.42
684.2,0.01083,5.415
684.3,0.01083,5.415
684.4,0.01084,5.42
684.5,0.01083,5.415
684.6,0.01084,5.42
684.7,0.01084,5.42
684.8,0.01083,5.415
684.9,0.01083,5.415
685,0.01084,5.42
685.1,0.01084,5.42
685.2,0.01084,5.42
685.3,0.01084,5.42
685.4,0.01084,5.42
685.5,0.01084,5.42
685.6,0.01083,5.415
685.7,0.01083,5.415
685.8,0.01083,5.415
685.9,0.01083,5.415
686,0.01083,5.415
686.1,0.01084,5.42
686.2,0.01084,5.42
686.3,0.01083,5.415
686.4,0.01082,5.41
686.5,0.01083,5.415
686.6,0.01084,5.42
686.7,0.01084,5.42
686.8,0.01084,5.42
686.9,0.01084,5.42
687,0.01084,5.42
687.1,0.01084,5.42
687.2,0.01084,5.42
687.3,0.01084,5.42
687.4,0.01084,5.42
687.5,0.01083,5.415
687.6,0.01084,5.42
687.7,0.01083,5.415
687.8,0.01084,5.42
687.9,0.01084,5.42
688,0.01084,5.42
688.1,0.01084,5.42
688.2,0.01084,5.42
688.3,0.01083,5.415
688.4,0.01083,5.415
688.5,0.01083,5.415
688.6,0.01084,5.42
688.7,0.01083,5.415
688.8,0.01084,5.42
688.9,0.01084,5.42
689,0.01085,5.425
689.1,0.01085,5.425
689.2,0.01085,5.425
689.3,0.01085,5.425
689.4,0.01084,5.42
689.5,0.01085,5.425
689.6,0.01085,5.425
689.7,0.01085,5.425
689.8,0.01084,5.42
689.9,0.01084,5.42
690,0.01084,5.42
690.1,0.01084,5.42
690.2,0.01084,5.42
690.3,0.01084,5.42
690.4,0.01083,5.415
690.5,0.01083,5.415
690.6,0.01084,5.42
690.7,0.01084,5.42
690.8,0.01084,5.42
690.9,0.01084,5.42
691,0.01083,5.415
691.1,0.01083,5.415
691.2,0.01083,5.415
691.3,0.01083,5.415
691.4,0.01084,5.42
691.5,0.01084,5.42
691.6,0.01083,5.415
691.7,0.01084,5.42
691.8,0.01084,5.42
691.9,0.01083,5.415
692,0.01084,5.42
692.1,0.01084,5.42
692.2,0.01084,5.42
692.3,0.01084,5.42
692.4,0.01084,5.42
692.5,0.01084,5.42
692.6,0.01084,5.42
692.7,0.01085,5.425
692.8,0.01085,5.425
692.9,0.01085,5.425
693,0.01084,5.42
693.1,0.01084,5.42
693.2,0.01084,5.42
693.3,0.01084,5.42
693.4,0.01085,5.425
693.5,0.01085,5.425
693.6,0.01085,5.425
693.7,0.01085,5.425
693.8,0.01085,5.425
693.9,0.01084,5.42
694,0.01084,5.42
694.1,0.01084,5.42
694.2,0.01084,5.42
694.3,0.01084,5.42
694.4,0.01083,5.415
694.5,0.01083,5.415
694.6,0.01084,5.42
694.7,0.01084,5.42
694.8,0.01083,5.415
694.9,0.01084,5.42
695,0.01084,5.42
695.1,0.01084,5.42
695.2,0.01084,5.42
695.3,0.01084,5.42
695.4,0.01083,5.415
695.5,0.01083,5.415
695.6,0.01083,5.415
695.7,0.01083,5.415
695.8,0.01084,5.42
695.9,0.01084,5.42
696,0.01084,5.42
696.1,0.01084,5.42
696.2,0.01083,5.415
696.3,0.01083,5.415
696.4,0.01084,5.42
696.5,0.01084,5.42
696.6,0.01084,5.42
696.7,0.01083,5.415
696.8,0.01083,5.415
696.9,0.01083,5.415
697,0.01083,5.415
697.1,0.01083,5.415
697.2,0.01084,5.42
697.3,0.01084,5.42
697.4,0.01084,5.42
697.5,0.01083,5.415
697.6,0.01083,5.415
697.7,0.01083,5.415
697.8,0.01084,5.42
697.9,0.01084,5.42
698,0.01084,5.42
698.1,0.01084,5.42
698.2,0.01084,5.42
698.3,0.01083,5.415
698.4,0.01083,5.415
698.5,0.01083,5.415
698.6,0.01083,5.415
698.7,0.01083,5.415
698.8,0.01083,5.415
698.9,0.01084,5.42
699,0.01084,5.42
699.1,0.01084,5.42
699.2,0.01084,5.42
699.3,0.01084,5.42
699.4,0.01083,5.415
699.5,0.01083,5.415
699.6,0.01084,5.42
699.7,0.01084,5.42
699.8,0.01084,5.42
699.9,0.01084,5.42
700,0.01083,5.415
700.1,0.01084,5.42
700.2,0.01084,5.42
700.3,0.01083,5.415
700.4,0.01083,5.415
700.5,0.01084,5.42
700.6,0.01084,5.42
700.7,0.01084,5.42
700.8,0.01084,5.42
700.9,0.01084,5.42
701,0.01084,5.42
701.1,0.01083,5.415
701.2,0.01084,5.42
701.3,0.01084,5.42
701.4,0.01084,5.42
701.5,0.01084,5.42
701.6,0.01083,5.415
701.7,0.01083,5.415
701.8,0.01083,5.415
701.9,0.01083,5.415
702,0.01083,5.415
702.1,0.01083,5.415
702.2,0.01083,5.415
702.3,0.01083,5.415
702.4,0.01082,5.41
702.5,0.01083,5.415
702.6,0.01083,5.415
702.7,0.01083,5.415
702.8,0.01083,5.415
702.9,0.01083,5.415
703,0.01083,5.415
703.1,0.01083,5.415
703.2,0.01083,5.415
703.3,0.01083,5.415
703.4,0.01083,5.415
703.5,0.01082,5.41
703.6,0.01082,5.41
703.7,0.01083,5.415
703.8,0.01084,5.42
703.9,0.01084,5.42
704,0.01084,5.42
704.1,0.01084,5.42
704.2,0.01083,5.415
704.3,0.01083,5.415
704.4,0.01084,5.42
704.5,0.01084,5.42
704.6,0.01084,5.42
704.7,0.01084,5.42
704.8,0.01083,5.415
704.9,0.01083,5.415
705,0.01084,5.42
705.1,0.01084,5.42
705.2,0.01084,5.42
705.3,0.01084,5.42
705.4,0.01084,5.42
705.5,0.01084,5.42
705.6,0.01084,5.42
705.7,0.01083,5.415
705.8,0.01082,5.41
705.9,0.01083,5.415
706,0.01083,5.415
706.1,0.01083,5.415
706.2,0.01083,5.415
706.3,0.01083,5.415
706.4,0.01082,5.41
706.5,0.01083,5.415
706.6,0.01082,5.41
706.7,0.01083,5.415
706.8,0.01084,5.42
706.9,0.01084,5.42
707,0.01083,5.415
707.1,0.01083,5.415
707.2,0.01083,5.415
707.3,0.01084,5.42
707.4,0.01084,5.42
707.5,0.01084,5.42
707.6,0.01084,5.42
707.7,0.01084,5.42
707.8,0.01083,5.415
707.9,0.01083,5.415
708,0.01083,5.415
708.1,0.01084,5.42
708.2,0.01084,5.42
708.3,0.01083,5.415
708.4,0.01083,5.415
708.5,0.01084,5.42
708.6,0.01084,5.42
708.7,0.01083,5.415
708.8,0.01084,5.42
708.9,0.01083,5.415
709,0.01083,5.415
709.1,0.01083,5.415
709.2,0.01084,5.42
709.3,0.01084,5.42
709.4,0.01084,5.42
709.5,0.01084,5.42
709.6,0.01084,5.42
709.7,0.01084,5.42
709.8,0.01084,5.42
709.9,0.01084,5.42
710,0.01085,5.425
710.1,0.01085,5.425
710.2,0.01085,5.425
710.3,0.01085,5.425
710.4,0.01085,5.425
710.5,0.01084,5.42
710.6,0.01084,5.42
710.7,0.01084,5.42
710.8,0.01084,5.42
710.9,0.01084,5.42
711,0.01084,5.42
711.1,0.01084,5.42
711.2,0.01084,5.42
711.3,0.01084,5.42
711.4,0.01084,5.42
711.5,0.01084,5.42
711.6,0.01085,5.425
711.7,0.01085,5.425
711.8,0.01085,5.425
711.9,0.01084,5.42
712,0.01084,5.42
712.1,0.01084,5.42
712.2,0.01084,5.42
712.3,0.01084,5.42
712.4,0.01084,5.42
712.5,0.01084,5.42
712.6,0.01084,5.42
712.7,0.01084,5.42
712.8,0.01084,5.42
712.9,0.01084,5.42
713,0.01083,5.415
713.1,0.01083,5.415
713.2,0.01083,5.415
713.3,0.01084,5.42
713.4,0.01084,5.42
713.5,0.01083,5.415
713.6,0.01084,5.42
713.7,0.01084,5.42
713.8,0.01084,5.42
713.9,0.01084,5.42
714,0.01083,5.415
714.1,0.01083,5.415
714.2,0.01082,5.41
714.3,0.01083,5.415
714.4,0.01084,5.42
714.5,0.01084,5.42
714.6,0.01084,5.42
714.7,0.01083,5.415
714.8,0.01083,5.415
714.9,0.01082,5.41
715,0.01083,5.415
715.1,0.01084,5.42
715.2,0.01083,5.415
715.3,0.01084,5.42
715.4,0.01084,5.42
715.5,0.01083,5.415
715.6,0.01083,5.415
715.7,0.01083,5.415
715.8,0.01084,5.42
715.9,0.01084,5.42
716,0.01084,5.42
716.1,0.01083,5.415
716.2,0.01083,5.415
716.3,0.01083,5.415
716.4,0.01082,5.41
716.5,0.01083,5.415
716.6,0.01083,5.415
716.7,0.01083,5.415
716.8,0.01083,5.415
716.9,0.01083,5.415
717,0.01083,5.415
717.1,0.01083,5.415
717.2,0.01083,5.415
717.3,0.01083,5.415
717.4,0.01083,5.415
717.5,0.01082,5.41
717.6,0.01082,5.41
717.7,0.01083,5.415
717.8,0.01083,5.415
717.9,0.01083,5.415
718,0.01082,5.41
718.1,0.01083,5.415
718.2,0.01083,5.415
718.3,0.01083,5.415
718.4,0.01083,5.415
718.5,0.01084,5.42
718.6,0.01084,5.42
718.7,0.01083,5.415
718.8,0.01083,5.415
718.9,0.01083,5.415
719,0.01083,5.415
719.1,0.01083,5.415
719.2,0.01083,5.415
719.3,0.01083,5.415
719.4,0.01083,5.415
719.5,0.01083,5.415
719.6,0.01083,5.415
719.7,0.01084,5.42
719.8,0.01084,5.42
719.9,0.01084,5.42
720,0.01084,5.42
720.1,0.01083,5.415
720.2,0.01083,5.415
720.3,0.01083,5.415
720.4,0.01084,5.42
720.5,0.01083,5.415
720.6,0.01083,5.415
720.7,0.01083,5.415
720.8,0.01083,5.415
720.9,0.01083,5.415
721,0.01083,5.415
721.1,0.01083,5.415
721.2,0.01084,5.42
721.3,0.01083,5.415
721.4,0.01083,5.415
721.5,0.01083,5.415
721.6,0.01083,5.415
721.7,0.01083,5.415
721.8,0.01084,5.42
721.9,0.01084,5.42
722,0.01085,5.425
722.1,0.01084,5.42
722.2,0.01084,5.42
722.3,0.01083,5.415
722.4,0.01084,5.42
722.5,0.01084,5.42
722.6,0.01084,5.42
722.7,0.01084,5.42
722.8,0.01084,5.42
722.9,0.01084,5.42
723,0.01084,5.42
723.1,0.01084,5.42
723.2,0.01084,5.42
723.3,0.01083,5.415
723.4,0.01083,5.415
723.5,0.01082,5.41
723.6,0.01083,5.415
723.7,0.01084,5.42
723.8,0.01084,5.42
723.9,0.01085,5.425
724,0.01085,5.425
724.1,0.01084,5.42
724.2,0.01083,5.415
724.3,0.01083,5.415
724.4,0.01084,5.42
724.5,0.01084,5.42
724.6,0.01084,5.42
724.7,0.01084,5.42
724.8,0.01084,5.42
724.9,0.01084,5.42
725,0.01084,5.42
725.1,0.01084,5.42
725.2,0.01083,5.415
725.3,0.01084,5.42
725.4,0.01084,5.42
725.5,0.01084,5.42
725.6,0.01084,5.42
725.7,0.01084,5.42
725.8,0.01084,5.42
725.9,0.01083,5.415
726,0.01083,5.415
726.1,0.01084,5.42
726.2,0.01084,5.42
726.3,0.01084,5.42
726.4,0.01084,5.42
726.5,0.01083,5.415
726.6,0.01084,5.42
726.7,0.01084,5.42
726.8,0.01084,5.42
726.9,0.01083,5.415
727,0.01083,5.415
727.1,0.01083,5.415
727.2,0.01084,5.42
727.3,0.01084,5.42
727.4,0.01084,5.42
727.5,0.01084,5.42
727.6,0.01084,5.42
727.7,0.01084,5.42
727.8,0.01083,5.415
727.9,0.01084,5.42
728,0.01084,5.42
728.1,0.01083,5.415
728.2,0.01083,5.415
728.3,0.01084,5.42
728.4,0.01084,5.42
728.5,0.01084,5.42
728.6,0.01084,5.42
728.7,0.01083,5.415
728.8,0.01083,5.415
728.9,0.01083,5.415
729,0.01083,5.415
729.1,0.01083,5.415
729.2,0.01083,5.415
729.3,0.01084,5.42
729.4,0.01083,5.415
729.5,0.01083,5.415
729.6,0.01083,5.415
729.7,0.01083,5.415
729.8,0.01083,5.415
729.9,0.01083,5.415
730,0.01083,5.415
730.1,0.01084,5.42
730.2,0.01083,5.415
730.3,0.01083,5.415
730.4,0.01083,5.415
730.5,0.01084,5.42
730.6,0.01083,5.415
730.7,0.01084,5.42
730.8,0.01083,5.415
730.9,0.01083,5.415
731,0.01084,5.42
731.1,0.01083,5.415
731.2,0.01083,5.415
731.3,0.01083,5.415
731.4,0.01083,5.415
731.5,0.01083,5.415
731.6,0.01084,5.42
731.7,0.01084,5.42
731.8,0.01084,5.42
731.9,0.01084,5.42
732,0.01083,5.415
732.1,0.01083,5.415
732.2,0.01083,5.415
732.3,0.01083,5.415
732.4,0.01084,5.42
732.5,0.01084,5.42
732.6,0.01084,5.42
732.7,0.01083,5.415
732.8,0.01084,5.42
732.9,0.01084,5.42
733,0.01083,5.415
733.1,0.01083,5.415
733.2,0.01084,5.42
733.3,0.01084,5.42
733.4,0.01084,5.42
733.5,0.01085,5.425
733.6,0.01084,5.42
733.7,0.01083,5.415
733.8,0.01083,5.415
733.9,0.01083,5.415
734,0.01083,5.415
734.1,0.01083,5.415
734.2,0.01082,5.41
734.3,0.01083,5.415
734.4,0.01084,5.42
734.5,0.01084,5.42
734.6,0.01084,5.42
734.7,0.01084,5.42
734.8,0.01084,5.42
734.9,0.01083,5.415
735,0.01083,5.415
735.1,0.01083,5.415
735.2,0.01084,5.42
735.3,0.01084,5.42
735.4,0.01084,5.42
735.5,0.01084,5.42
735.6,0.01084,5.42
735.7,0.01084,5.42
735.8,0.01084,5.42
735.9,0.01083,5.415
736,0.01083,5.415
736.1,0.01083,5.415
736.2,0.01083,5.415
736.3,0.01084,5.42
736.4,0.01083,5.415
736.5,0.01083,5.415
736.6,0.01083,5.415
736.7,0.01083,5.415
736.8,0.01083,5.415
736.9,0.01084,5.42
737,0.01084,5.42
737.1,0.01083,5.415
737.2,0.01083,5.415
737.3,0.01083,5.415
737.4,0.01083,5.415
737.5,0.01084,5.42
737.6,0.01084,5.42
737.7,0.01084,5.42
737.8,0.01084,5.42
737.9,0.01084,5.42
738,0.01083,5.415
738.1,0.01083,5.415
738.2,0.01084,5.42
738.3,0.01084,5.42
738.4,0.01084,5.42
738.5,0.01084,5.42
738.6,0.01083,5.415
738.7,0.01083,5.415
738.8,0.01083,5.415
738.9,0.01083,5.415
739,0.01084,5.42
739.1,0.01084,5.42
739.2,0.01083,5.415
739.3,0.01083,5.415
739.4,0.01083,5.415
739.5,0.01083,5.415
739.6,0.01083,5.415
739.7,0.01083,5.415
739.8,0.01083,5.415
739.9,0.01083,5.415
740,0.01083,5.415
740.1,0.01083,5.415
740.2,0.01083,5.415
740.3,0.01084,5.42
740.4,0.01084,5.42
740.5,0.01083,5.415
740.6,0.01083,5.415
740.7,0.01083,5.415
740.8,0.01083,5.415
740.9,0.01083,5.415
741,0.01083,5.415
741.1,0.01083,5.415
741.2,0.01083,5.415
741.3,0.01082,5.41
741.4,0.01082,5.41
741.5,0.01083,5.415
741.6,0.01083,5.415
741.7,0.01083,5.415
741.8,0.01083,5.415
741.9,0.01082,5.41
742,0.01082,5.41
742.1,0.01084,5.42
742.2,0.01084,5.42
742.3,0.01085,5.425
742.4,0.01085,5.425
742.5,0.01084,5.42
742.6,0.01084,5.42
742.7,0.01084,5.42
742.8,0.01083,5.415
742.9,0.01084,5.42
743,0.01083,5.415
743.1,0.01084,5.42
743.2,0.01084,5.42
743.3,0.01083,5.415
743.4,0.01083,5.415
743.5,0.01083,5.415
743.6,0.01084,5.42
743.7,0.01084,5.42
743.8,0.01084,5.42
743.9,0.01084,5.42
744,0.01084,5.42
744.1,0.01083,5.415
744.2,0.01083,5.415
744.3,0.01083,5.415
744.4,0.01083,5.415
744.5,0.01083,5.415
744.6,0.01084,5.42
744.7,0.01083,5.415
744.8,0.01083,5.415
744.9,0.01082,5.41
745,0.01082,5.41
745.1,0.01082,5.41
745.2,0.01082,5.41
745.3,0.01083,5.415
745.4,0.01083,5.415
745.5,0.01083,5.415
745.6,0.01083,5.415
745.7,0.01083,5.415
745.8,0.01083,5.415
745.9,0.01082,5.41
746,0.01082,5.41
746.1,0.01082,5.41
746.2,0.01083,5.415
746.3,0.01083,5.415
746.4,0.01083,5.415
746.5,0.01083,5.415
746.6,0.01082,5.41
746.7,0.01082,5.41
746.8,0.01082,5.41
746.9,0.01083,5.415
747,0.01083,5.415
747.1,0.01083,5.415
747.2,0.01084,5.42
747.3,0.01084,5.42
747.4,0.01084,5.42
747.5,0.01083,5.415
747.6,0.01084,5.42
747.7,0.01084,5.42
747.8,0.01083,5.415
747.9,0.01083,5.415
748,0.01083,5.415
748.1,0.01083,5.415
748.2,0.01083,5.415
748.3,0.01083,5.415
748.4,0.01083,5.415
748.5,0.01083,5.415
748.6,0.01083,5.415
748.7,0.01083,5.415
748.8,0.01083,5.415
748.9,0.01082,5.41
749,0.01083,5.415
749.1,0.01083,5.415
749.2,0.01083,5.415
749.3,0.01082,5.41
749.4,0.01082,5.41
749.5,0.01082,5.41
749.6,0.01082,5.41
749.7,0.01082,5.41
749.8,0.01081,5.405
749.9,0.01081,5.405
750,0.01082,5.41
750.1,0.01083,5.415
750.2,0.01083,5.415
750.3,0.01083,5.415
750.4,0.01082,5.41
750.5,0.01082,5.41
750.6,0.01082,5.41
750.7,0.01082,5.41
750.8,0.01082,5.41
750.9,0.01083,5.415
751,0.01083,5.415
751.1,0.01083,5.415
751.2,0.01083,5.415
751.3,0.01083,5.415
751.4,0.01082,5.41
751.5,0.01083,5.415
751.6,0.01083,5.415
751.7,0.01083,5.415
751.8,0.01083,5.415
751.9,0.01084,5.42
752,0.01084,5.42
752.1,0.01083,5.415
752.2,0.01083,5.415
752.3,0.01083,5.415
752.4,0.01083,5.415
752.5,0.01083,5.415
752.6,0.01083,5.415
752.7,0.01083,5.415
752.8,0.01083,5.415
752.9,0.01083,5.415
753,0.01082,5.41
753.1,0.01083,5.415
753.2,0.01083,5.415
753.3,0.01083,5.415
753.4,0.01083,5.415
753.5,0.01083,5.415
753.6,0.01083,5.415
753.7,0.01083,5.415
753.8,0.01083,5.415
753.9,0.01083,5.415
754,0.01083,5.415
754.1,0.01084,5.42
754.2,0.01084,5.42
754.3,0.01084,5.42
754.4,0.01084,5.42
754.5,0.01084,5.42
754.6,0.01083,5.415
754.7,0.01083,5.415
754.8,0.01084,5.42
754.9,0.01084,5.42
755,0.01084,5.42
755.1,0.01084,5.42
755.2,0.01084,5.42
755.3,0.01084,5.42
755.4,0.01083,5.415
755.5,0.01084,5.42
755.6,0.01083,5.415
755.7,0.01083,5.415
755.8,0.01084,5.42
755.9,0.01084,5.42
756,0.01084,5.42
756.1,0.01084,5.42
756.2,0.01083,5.415
756.3,0.01083,5.415
756.4,0.01083,5.415
756.5,0.01083,5.415
756.6,0.01083,5.415
756.7,0.01083,5.415
756.8,0.01083,5.415
756.9,0.01083,5.415
757,0.01083,5.415
757.1,0.01083,5.415
757.2,0.01083,5.415
757.3,0.01083,5.415
757.4,0.01083,5.415
757.5,0.01083,5.415
757.6,0.01083,5.415
757.7,0.01083,5.415
757.8,0.01083,5.415
757.9,0.01082,5.41
758,0.01082,5.41
758.1,0.01083,5.415
758.2,0.01084,5.42
758.3,0.01084,5.42
758.4,0.01084,5.42
758.5,0.01084,5.42
758.6,0.01084,5.42
758.7,0.01083,5.415
758.8,0.01082,5.41
758.9,0.01083,5.415
759,0.01083,5.415
759.1,0.01084,5.42
759.2,0.01084,5.42
759.3,0.01084,5.42
759.4,0.01083,5.415
759.5,0.01084,5.42
759.6,0.01084,5.42
759.7,0.01084,5.42
759.8,0.01084,5.42
759.9,0.01083,5.415
760,0.01083,5.415
760.1,0.01083,5.415
760.2,0.01083,5.415
760.3,0.01083,5.415
760.4,0.01083,5.415
760.5,0.01084,5.42
760.6,0.01083,5.415
760.7,0.01083,5.415
760.8,0.01083,5.415
760.9,0.01082,5.41
761,0.01084,5.42
761.1,0.01084,5.42
761.2,0.01084,5.42
761.3,0.01083,5.415
761.4,0.01083,5.415
761.5,0.01082,5.41
761.6,0.01082,5.41
761.7,0.01082,5.41
761.8,0.01082,5.41
761.9,0.01083,5.415
762,0.01084,5.42
762.1,0.01084,5.42
762.2,0.01084,5.42
762.3,0.01083,5.415
762.4,0.01083,5.415
762.5,0.01082,5.41
762.6,0.01083,5.415
762.7,0.01083,5.415
762.8,0.01083,5.415
762.9,0.01083,5.415
763,0.01083,5.415
763.1,0.01083,5.415
763.2,0.01083,5.415
763.3,0.01083,5.415
763.4,0.01083,5.415
763.5,0.01083,5.415
763.6,0.01083,5.415
763.7,0.01083,5.415
763.8,0.01083,5.415
763.9,0.01083,5.415
764,0.01083,5.415
764.1,0.01083,5.415
764.2,0.01084,5.42
764.3,0.01083,5.415
764.4,0.01083,5.415
764.5,0.01083,5.415
764.6,0.01083,5.415
764.7,0.01083,5.415
764.8,0.01083,5.415
764.9,0.01083,5.415
765,0.01084,5.42
765.1,0.01083,5.415
765.2,0.01082,5.41
765.3,0.01082,5.41
765.4,0.01082,5.41
765.5,0.01082,5.41
765.6,0.01083,5.415
765.7,0.01083,5.415
765.8,0.01083,5.415
765.9,0.01083,5.415
766,0.01083,5.415
766.1,0.01084,5.42
766.2,0.01083,5.415
766.3,0.01082,5.41
766.4,0.01083,5.415
766.5,0.01083,5.415
766.6,0.01083,5.415
766.7,0.01083,5.415
766.8,0.01083,5.415
766.9,0.01083,5.415
767,0.01084,5.42
767.1,0.01083,5.415
767.2,0.01083,5.415
767.3,0.01083,5.415
767.4,0.01083,5.415
767.5,0.01083,5.415
767.6,0.01083,5.415
767.7,0.01082,5.41
767.8,0.01083,5.415
767.9,0.01083,5.415
768,0.01082,5.41
768.1,0.01082,5.41
768.2,0.01082,5.41
768.3,0.01081,5.405
768.4,0.01081,5.405
768.5,0.01081,5.405
768.6,0.01081,5.405
768.7,0.01082,5.41
768.8,0.01082,5.41
768.9,0.01082,5.41
769,0.01082,5.41
769.1,0.01082,5.41
769.2,0.01083,5.415
769.3,0.01082,5.41
769.4,0.01082,5.41
769.5,0.01082,5.41
769.6,0.01082,5.41
769.7,0.01082,5.41
769.8,0.01083,5.415
769.9,0.01083,5.415
770,0.01083,5.415
770.1,0.01083,5.415
770.2,0.01083,5.415
770.3,0.01083,5.415
770.4,0.01083,5.415
770.5,0.01083,5.415
770.6,0.01083,5.415
770.7,0.01083,5.415
770.8,0.01082,5.41
770.9,0.01082,5.41
771,0.01082,5.41
771.1,0.01082,5.41
771.2,0.01082,5.41
771.3,0.01082,5.41
771.4,0.01082,5.41
771.5,0.01082,5.41
771.6,0.01082,5.41
771.7,0.01081,5.405
771.8,0.01082,5.41
771.9,0.01082,5.41
772,0.01082,5.41
772.1,0.01083,5.415
772.2,0.01083,5.415
772.3,0.01082,5.41
772.4,0.01082,5.41
772.5,0.01082,5.41
772.6,0.01081,5.405
772.7,0.01082,5.41
772.8,0.01082,5.41
772.9,0.01082,5.41
773,0.01082,5.41
773.1,0.01082,5.41
773.2,0.01082,5.41
773.3,0.01082,5.41
773.4,0.01082,5.41
773.5,0.01082,5.41
773.6,0.01082,5.41
773.7,0.01081,5.405
773.8,0.01082,5.41
773.9,0.01081,5.405
774,0.01082,5.41
774.1,0.01082,5.41
774.2,0.01082,5.41
774.3,0.01082,5.41
774.4,0.01082,5.41
774.5,0.01081,5.405
774.6,0.01082,5.41
774.7,0.01082,5.41
774.8,0.01082,5.41
774.9,0.01081,5.405
775,0.01082,5.41
775.1,0.01083,5.415
775.2,0.01083,5.415
775.3,0.01082,5.41
775.4,0.01082,5.41
775.5,0.01082,5.41
775.6,0.01082,5.41
775.7,0.01082,5.41
775.8,0.01083,5.415
775.9,0.01082,5.41
776,0.01082,5.41
776.1,0.01083,5.415
776.2,0.01082,5.41
776.3,0.01083,5.415
776.4,0.01083,5.415
776.5,0.01083,5.415
776.6,0.01082,5.41
776.7,0.01082,5.41
776.8,0.01083,5.415
776.9,0.01083,5.415
777,0.01083,5.415
777.1,0.01083,5.415
777.2,0.01083,5.415
777.3,0.01082,5.41
777.4,0.01082,5.41
777.5,0.01082,5.41
777.6,0.01083,5.415
777.7,0.01083,5.415
777.8,0.01082,5.41
777.9,0.01082,5.41
778,0.01083,5.415
778.1,0.01083,5.415
778.2,0.01083,5.415
778.3,0.01083,5.415
778.4,0.01082,5.41
778.5,0.01081,5.405
778.6,0.01082,5.41
778.7,0.01083,5.415
778.8,0.01083,5.415
778.9,0.01083,5.415
779,0.01082,5.41
779.1,0.01082,5.41
779.2,0.01082,5.41
779.3,0.01082,5.41
779.4,0.01082,5.41
779.5,0.01082,5.41
779.6,0.01082,5.41
779.7,0.01082,5.41
779.8,0.01082,5.41
779.9,0.01082,5.41
780,0.01083,5.415
780.1,0.01083,5.415
780.2,0.01083,5.415
780.3,0.01083,5.415
780.4,0.01083,5.415
780.5,0.01083,5.415
780.6,0.01082,5.41
780.7,0.01083,5.415
780.8,0.01082,5.41
780.9,0.01082,5.41
781,0.01082,5.41
781.1,0.01083,5.415
781.2,0.01083,5.415
781.3,0.01083,5.415
781.4,0.01082,5.41
781.5,0.01083,5.415
781.6,0.01082,5.41
781.7,0.01082,5.41
781.8,0.01083,5.415
781.9,0.01083,5.415
782,0.01082,5.41
782.1,0.01083,5.415
782.2,0.01082,5.41
782.3,0.01082,5.41
782.4,0.01083,5.415
782.5,0.01083,5.415
782.6,0.01082,5.41
782.7,0.01082,5.41
782.8,0.01083,5.415
782.9,0.01082,5.41
783,0.01083,5.415
783.1,0.01083,5.415
783.2,0.01082,5.41
783.3,0.01082,5.41
783.4,0.01083,5.415
783.5,0.01083,5.415
783.6,0.01082,5.41
783.7,0.01082,5.41
783.8,0.01083,5.415
783.9,0.01083,5.415
784,0.01082,5.41
784.1,0.01082,5.41
784.2,0.01082,5.41
784.3,0.01082,5.41
784.4,0.01082,5.41
784.5,0.01082,5.41
784.6,0.01082,5.41
784.7,0.01082,5.41
784.8,0.01083,5.415
784.9,0.01083,5.415
785,0.01083,5.415
785.1,0.01082,5.41
785.2,0.01083,5.415
785.3,0.01083,5.415
785.4,0.01083,5.415
785.5,0.01083,5.415
785.6,0.01083,5.415
785.7,0.01084,5.42
785.8,0.01085,5.425
785.9,0.01084,5.42
786,0.01084,5.42
786.1,0.01084,5.42
786.2,0.01084,5.42
786.3,0.01084,5.42
786.4,0.01083,5.415
786.5,0.01083,5.415
786.6,0.01084,5.42
786.7,0.01084,5.42
786.8,0.01084,5.42
786.9,0.01083,5.415
787,0.01083,5.415
787.1,0.01083,5.415
787.2,0.01083,5.415
787.3,0.01083,5.415
787.4,0.01083,5.415
787.5,0.01083,5.415
787.6,0.01083,5.415
787.7,0.01083,5.415
787.8,0.01083,5.415
787.9,0.01083,5.415
788,0.01083,5.415
788.1,0.01083,5.415
788.2,0.01084,5.42
788.3,0.01083,5.415
788.4,0.01083,5.415
788.5,0.01083,5.415
788.6,0.01083,5.415
788.7,0.01084,5.42
788.8,0.01084,5.42
788.9,0.01084,5.42
789,0.01083,5.415
789.1,0.01084,5.42
789.2,0.01084,5.42
789.3,0.01084,5.42
789.4,0.01084,5.42
789.5,0.01084,5.42
789.6,0.01084,5.42
789.7,0.01084,5.42
789.8,0.01083,5.415
789.9,0.01083,5.415
790,0.01083,5.415
790.1,0.01083,5.415
790.2,0.01083,5.415
790.3,0.01083,5.415
790.4,0.01083,5.415
790.5,0.01082,5.41
790.6,0.01083,5.415
790.7,0.01084,5.42
790.8,0.01084,5.42
790.9,0.01084,5.42
791,0.01084,5.42
791.1,0.01083,5.415
791.2,0.01083,5.415
791.3,0.01084,5.42
791.4,0.01084,5.42
791.5,0.01084,5.42
791.6,0.01084,5.42
791.7,0.01083,5.415
791.8,0.01083,5.415
791.9,0.01083,5.415
792,0.01083,5.415
792.1,0.01084,5.42
792.2,0.01083,5.415
792.3,0.01083,5.415
792.4,0.01083,5.415
792.5,0.01083,5.415
792.6,0.01083,5.415
792.7,0.01083,5.415
792.8,0.01083,5.415
792.9,0.01083,5.415
793,0.01083,5.415
793.1,0.01083,5.415
793.2,0.01083,5.415
793.3,0.01083,5.415
793.4,0.01083,5.415
793.5,0.01083,5.415
793.6,0.01083,5.415
793.7,0.01083,5.415
793.8,0.01083,5.415
793.9,0.01083,5.415
794,0.01084,5.42
794.1,0.01083,5.415
794.2,0.01083,5.415
794.3,0.01083,5.415
794.4,0.01083,5.415
794.5,0.01084,5.42
794.6,0.01083,5.415
794.7,0.01083,5.415
794.8,0.01083,5.415
794.9,0.01082,5.41
795,0.01083,5.415
795.1,0.01083,5.415
795.2,0.01083,5.415
795.3,0.01083,5.415
795.4,0.01083,5.415
795.5,0.01083,5.415
795.6,0.01083,5.415
795.7,0.01083,5.415
795.8,0.01082,5.41
795.9,0.01082,5.41
796,0.01083,5.415
796.1,0.01083,5.415
796.2,0.01083,5.415
796.3,0.01083,5.415
796.4,0.01082,5.41
796.5,0.01083,5.415
796.6,0.01083,5.415
796.7,0.01083,5.415
796.8,0.01084,5.42
796.9,0.01083,5.415
797,0.01083,5.415
797.1,0.01084,5.42
797.2,0.01084,5.42
797.3,0.01084,5.42
797.4,0.01084,5.42
797.5,0.01084,5.42
797.6,0.01084,5.42
797.7,0.01083,5.415
797.8,0.01083,5.415
797.9,0.01083,5.415
798,0.01083,5.415
798.1,0.01083,5.415
798.2,0.01083,5.415
798.3,0.01084,5.42
798.4,0.01084,5.42
798.5,0.01084,5.42
798.6,0.01084,5.42
798.7,0.01083,5.415
798.8,0.01083,5.415
798.9,0.01083,5.415
799,0.01083,5.415
799.1,0.01083,5.415
799.2,0.01083,5.415
799.3,0.01084,5.42
799.4,0.01083,5.415
799.5,0.01083,5.415
799.6,0.01083,5.415
799.7,0.01083,5.415
799.8,0.01083,5.415
799.9,0.01083,5.415
800,0.01083,5.415
800.1,0.01083,5.415
800.2,0.01083,5.415
800.3,0.01083,5.415
800.4,0.01083,5.415
800.5,0.01083,5.415
800.6,0.01083,5.415
800.7,0.01083,5.415
800.8,0.01082,5.41
800.9,0.01083,5.415
801,0.01083,5.415
801.1,0.01083,5.415
801.2,0.01083,5.415
801.3,0.01083,5.415
801.4,0.01084,5.42
801.5,0.01083,5.415
801.6,0.01083,5.415
801.7,0.01084,5.42
801.8,0.01083,5.415
801.9,0.01084,5.42
802,0.01084,5.42
802.1,0.01084,5.42
802.2,0.01083,5.415
802.3,0.01083,5.415
802.4,0.01083,5.415
802.5,0.01083,5.415
802.6,0.01083,5.415
802.7,0.01083,5.415
802.8,0.01084,5.42
802.9,0.01084,5.42
803,0.01083,5.415
803.1,0.01083,5.415
803.2,0.01083,5.415
803.3,0.01082,5.41
803.4,0.01082,5.41
803.5,0.01083,5.415
803.6,0.01083,5.415
803.7,0.01083,5.415
803.8,0.01083,5.415
803.9,0.01083,5.415
804,0.01084,5.42
804.1,0.01083,5.415
804.2,0.01084,5.42
804.3,0.01083,5.415
804.4,0.01083,5.415
804.5,0.01083,5.415
804.6,0.01083,5.415
804.7,0.01083,5.415
804.8,0.01083,5.415
804.9,0.01083,5.415
805,0.01083,5.415
805.1,0.01083,5.415
805.2,0.01083,5.415
805.3,0.01083,5.415
805.4,0.01083,5.415
805.5,0.01083,5.415
805.6,0.01083,5.415
805.7,0.01083,5.415
805.8,0.01083,5.415
805.9,0.01083,5.415
806,0.01082,5.41
806.1,0.01082,5.41
806.2,0.01082,5.41
806.3,0.01082,5.41
806.4,0.01083,5.415
806.5,0.01082,5.41
806.6,0.01083,5.415
806.7,0.01083,5.415
806.8,0.01083,5.415
806.9,0.01083,5.415
807,0.01083,5.415
807,0.01083,5.415
807.1,0.01083,5.415
807.2,0.01083,5.415
807.3,0.01083,5.415
807.4,0.01083,5.415
807.5,0.01083,5.415
807.6,0.01083,5.415
807.7,0.01083,5.415
807.8,0.01083,5.415
807.9,0.01083,5.415
808,0.01083,5.415
808.1,0.01082,5.41
808.2,0.01082,5.41
808.3,0.01082,5.41
808.4,0.01082,5.41
808.5,0.01083,5.415
808.6,0.01083,5.415
808.7,0.01083,5.415
808.8,0.01083,5.415
808.9,0.01083,5.415
809,0.01082,5.41
809.1,0.01083,5.415
809.2,0.01083,5.415
809.3,0.01083,5.415
809.4,0.01083,5.415
809.5,0.01083,5.415
809.6,0.01083,5.415
809.7,0.01083,5.415
809.8,0.01083,5.415
809.9,0.01084,5.42
810,0.01083,5.415
810.1,0.01083,5.415
810.2,0.01084,5.42
810.3,0.01083,5.415
810.4,0.01083,5.415
810.5,0.01083,5.415
810.6,0.01084,5.42
810.7,0.01083,5.415
810.8,0.01083,5.415
810.9,0.01083,5.415
811,0.01083,5.415
811.1,0.01084,5.42
811.2,0.01084,5.42
811.3,0.01083,5.415
811.4,0.01084,5.42
811.5,0.01083,5.415
811.6,0.01083,5.415
811.7,0.01083,5.415
811.8,0.01083,5.415
811.9,0.01084,5.42
812,0.01084,5.42
812.1,0.01083,5.415
812.2,0.01083,5.415
812.3,0.01083,5.415
812.4,0.01083,5.415
812.5,0.01083,5.415
812.6,0.01083,5.415
812.7,0.01083,5.415
812.8,0.01083,5.415
812.9,0.01083,5.415
813,0.01083,5.415
813.1,0.01083,5.415
813.2,0.01083,5.415
813.3,0.01083,5.415
813.4,0.01083,5.415
813.5,0.01083,5.415
813.6,0.01083,5.415
813.7,0.01083,5.415
813.8,0.01084,5.42
813.9,0.01083,5.415
814,0.01083,5.415
814.1,0.01084,5.42
814.2,0.01084,5.42
814.3,0.01084,5.42
814.4,0.01084,5.42
814.5,0.01083,5.415
814.6,0.01084,5.42
814.7,0.01084,5.42
814.8,0.01084,5.42
814.9,0.01084,5.42
815,0.01083,5.415
815.1,0.01084,5.42
815.2,0.01084,5.42
815.3,0.01083,5.415
815.4,0.01083,5.415
815.5,0.01083,5.415
815.6,0.01083,5.415
815.7,0.01084,5.42
815.8,0.01083,5.415
815.9,0.01083,5.415
816,0.01083,5.415
816.1,0.01084,5.42
816.2,0.01084,5.42
816.3,0.01084,5.42
816.4,0.01083,5.415
816.5,0.01083,5.415
816.6,0.01083,5.415
816.7,0.01083,5.415
816.8,0.01084,5.42
816.9,0.01084,5.42
817,0.01084,5.42
817.1,0.01083,5.415
817.2,0.01083,5.415
817.3,0.01083,5.415
817.4,0.01083,5.415
817.5,0.01082,5.41
817.6,0.01084,5.42
817.7,0.01084,5.42
817.8,0.01083,5.415
817.9,0.01083,5.415
818,0.01083,5.415
818.1,0.01083,5.415
818.2,0.01082,5.41
818.3,0.01082,5.41
818.4,0.01082,5.41
818.5,0.01082,5.41
818.6,0.01083,5.415
818.7,0.01082,5.41
818.8,0.01082,5.41
818.9,0.01083,5.415
819,0.01083,5.415
819.1,0.01083,5.415
819.2,0.01083,5.415
819.3,0.01083,5.415
819.4,0.01083,5.415
819.5,0.01083,5.415
819.6,0.01083,5.415
819.7,0.01083,5.415
819.8,0.01083,5.415
819.9,0.01083,5.415
820,0.01083,5.415
820.1,0.01083,5.415
820.2,0.01083,5.415
820.3,0.01082,5.41
820.4,0.01082,5.41
820.5,0.01082,5.41
820.6,0.01082,5.41
820.7,0.01082,5.41
820.8,0.01083,5.415
820.9,0.01083,5.415
821,0.01083,5.415
821.1,0.01083,5.415
821.2,0.01083,5.415
821.3,0.01083,5.415
821.4,0.01083,5.415
821.5,0.01083,5.415
821.6,0.01083,5.415
821.7,0.01083,5.415
821.8,0.01082,5.41
821.9,0.01082,5.41
822,0.01083,5.415
822.1,0.01083,5.415
822.2,0.01083,5.415
822.3,0.01082,5.41
822.4,0.01082,5.41
822.5,0.01083,5.415
822.6,0.01082,5.41
822.7,0.01082,5.41
822.8,0.01083,5.415
822.9,0.01082,5.41
823,0.01083,5.415
823.1,0.01082,5.41
823.2,0.01082,5.41
823.3,0.01082,5.41
823.4,0.01082,5.41
823.5,0.01082,5.41
823.6,0.01082,5.41
823.7,0.01082,5.41
823.8,0.01082,5.41
823.9,0.01082,5.41
824,0.01081,5.405
824.1,0.01083,5.415
824.2,0.01083,5.415
824.3,0.01083,5.415
824.4,0.01083,5.415
824.5,0.01083,5.415
824.6,0.01083,5.415
824.7,0.01083,5.415
824.8,0.01083,5.415
824.9,0.01083,5.415
825,0.01083,5.415
825.1,0.01082,5.41
825.2,0.01082,5.41
825.3,0.01083,5.415
825.4,0.01083,5.415
825.5,0.01083,5.415
825.6,0.01083,5.415
825.7,0.01083,5.415
825.8,0.01082,5.41
825.9,0.01082,5.41
826,0.01082,5.41
826.1,0.01082,5.41
826.2,0.01082,5.41
826.3,0.01083,5.415
826.4,0.01083,5.415
826.5,0.01083,5.415
826.6,0.01083,5.415
826.7,0.01082,5.41
826.8,0.01083,5.415
826.9,0.01083,5.415
827,0.01083,5.415
827.1,0.01083,5.415
827.2,0.01083,5.415
827.3,0.01083,5.415
827.4,0.01083,5.415
827.5,0.01082,5.41
827.6,0.01082,5.41
827.7,0.01082,5.41
827.8,0.01082,5.41
827.9,0.01083,5.415
828,0.01083,5.415
828.1,0.01082,5.41
828.2,0.01083,5.415
828.3,0.01082,5.41
828.4,0.01082,5.41
828.5,0.01082,5.41
828.6,0.01083,5.415
828.7,0.01083,5.415
828.8,0.01083,5.415
828.9,0.01083,5.415
829,0.01084,5.42
829.1,0.01083,5.415
829.2,0.01084,5.42
829.3,0.01083,5.415
829.4,0.01083,5.415
829.5,0.01083,5.415
829.6,0.01083,5.415
829.7,0.01083,5.415
829.8,0.01083,5.415
829.9,0.01083,5.415
830,0.01083,5.415
830.1,0.01083,5.415
830.2,0.01083,5.415
830.3,0.01083,5.415
830.4,0.01083,5.415
830.5,0.01083,5.415
830.6,0.01083,5.415
830.7,0.01083,5.415
830.8,0.01083,5.415
830.9,0.01083,5.415
831,0.01084,5.42
831.1,0.01084,5.42
831.2,0.01083,5.415
831.3,0.01083,5.415
831.4,0.01083,5.415
831.5,0.01084,5.42
831.6,0.01084,5.42
831.7,0.01084,5.42
831.8,0.01084,5.42
831.9,0.01083,5.415
832,0.01083,5.415
832.1,0.01083,5.415
832.2,0.01083,5.415
832.3,0.01083,5.415
832.4,0.01084,5.42
832.5,0.01085,5.425
832.6,0.01084,5.42
832.7,0.01083,5.415
832.8,0.01083,5.415
832.9,0.01084,5.42
833,0.01084,5.42
833.1,0.01084,5.42
833.2,0.01084,5.42
833.3,0.01084,5.42
833.4,0.01083,5.415
833.5,0.01083,5.415
833.6,0.01084,5.42
833.7,0.01084,5.42
833.8,0.01084,5.42
833.9,0.01084,5.42
834,0.01083,5.415
834.1,0.01083,5.415
834.2,0.01083,5.415
834.3,0.01084,5.42
834.4,0.01084,5.42
834.5,0.01084,5.42
834.6,0.01084,5.42
834.7,0.01084,5.42
834.8,0.01084,5.42
834.9,0.01084,5.42
835,0.01084,5.42
835.1,0.01084,5.42
835.2,0.01083,5.415
835.3,0.01083,5.415
835.4,0.01084,5.42
835.5,0.01084,5.42
835.6,0.01083,5.415
835.7,0.01085,5.425
835.8,0.01084,5.42
835.9,0.01084,5.42
836,0.01084,5.42
836.1,0.01083,5.415
836.2,0.01083,5.415
836.3,0.01083,5.415
836.4,0.01083,5.415
836.5,0.01083,5.415
836.6,0.01083,5.415
836.7,0.01084,5.42
836.8,0.01085,5.425
836.9,0.01084,5.42
837,0.01084,5.42
837.1,0.01084,5.42
837.2,0.01084,5.42
837.3,0.01084,5.42
837.4,0.01084,5.42
837.5,0.01084,5.42
837.6,0.01083,5.415
837.7,0.01084,5.42
837.8,0.01084,5.42
837.9,0.01084,5.42
838,0.01084,5.42
838.1,0.01084,5.42
838.2,0.01083,5.415
838.3,0.01082,5.41
838.4,0.01083,5.415
838.5,0.01084,5.42
838.6,0.01084,5.42
838.7,0.01084,5.42
838.8,0.01084,5.42
838.9,0.01083,5.415
839,0.01083,5.415
839.1,0.01083,5.415
839.2,0.01084,5.42
839.3,0.01084,5.42
839.4,0.01084,5.42
839.5,0.01084,5.42
839.6,0.01083,5.415
839.7,0.01083,5.415
839.8,0.01084,5.42
839.9,0.01084,5.42
840,0.01084,5.42
840.1,0.01083,5.415
840.2,0.01083,5.415
840.3,0.01084,5.42
840.4,0.01084,5.42
840.5,0.01084,5.42
840.6,0.01084,5.42
840.7,0.01084,5.42
840.8,0.01084,5.42
840.9,0.01084,5.42
841,0.01084,5.42
841.1,0.01084,5.42
841.2,0.01084,5.42
841.3,0.01084,5.42
841.4,0.01084,5.42
841.5,0.01084,5.42
841.6,0.01083,5.415
841.7,0.01083,5.415
841.8,0.01084,5.42
841.9,0.01084,5.42
842,0.01084,5.42
842.1,0.01085,5.425
842.2,0.01084,5.42
842.3,0.01084,5.42
842.4,0.01084,5.42
842.5,0.01084,5.42
842.6,0.01084,5.42
842.7,0.01084,5.42
842.8,0.01084,5.42
842.9,0.01083,5.415
843,0.01084,5.42
843.1,0.01084,5.42
843.2,0.01084,5.42
843.3,0.01084,5.42
843.4,0.01084,5.42
843.5,0.01084,5.42
843.6,0.01084,5.42
843.7,0.01084,5.42
843.8,0.01084,5.42
843.9,0.01083,5.415
844,0.01083,5.415
844.1,0.01084,5.42
844.2,0.01084,5.42
844.3,0.01083,5.415
844.4,0.01084,5.42
844.5,0.01083,5.415
844.6,0.01083,5.415
844.7,0.01083,5.415
844.8,0.01084,5.42
844.9,0.01084,5.42
845,0.01083,5.415
845.1,0.01083,5.415
845.2,0.01083,5.415
845.3,0.01083,5.415
845.4,0.01083,5.415
845.5,0.01084,5.42
845.6,0.01084,5.42
845.7,0.01084,5.42
845.8,0.01084,5.42
845.9,0.01084,5.42
846,0.01084,5.42
846.1,0.01084,5.42
846.2,0.01084,5.42
846.3,0.01084,5.42
846.4,0.01084,5.42
846.5,0.01084,5.42
846.6,0.01084,5.42
846.7,0.01084,5.42
846.8,0.01083,5.415
846.9,0.01083,5.415
847,0.01084,5.42
847.1,0.01084,5.42
847.2,0.01084,5.42
847.3,0.01084,5.42
847.4,0.01084,5.42
847.5,0.01084,5.42
847.6,0.01084,5.42
847.7,0.01084,5.42
847.8,0.01084,5.42
847.9,0.01084,5.42
848,0.01084,5.42
848.1,0.01084,5.42
848.2,0.01084,5.42
848.3,0.01084,5.42
848.4,0.01084,5.42
848.5,0.01083,5.415
848.6,0.01083,5.415
848.7,0.01083,5.415
848.8,0.01084,5.42
848.9,0.01084,5.42
849,0.01083,5.415
849.1,0.01083,5.415
849.2,0.01083,5.415
849.3,0.01084,5.42
849.4,0.01083,5.415
849.5,0.01084,5.42
849.6,0.01083,5.415
849.7,0.01083,5.415
849.8,0.01083,5.415
849.9,0.01083,5.415
850,0.01083,5.415
850.1,0.01083,5.415
850.2,0.01083,5.415
850.3,0.01083,5.415
850.4,0.01084,5.42
850.5,0.01084,5.42
850.6,0.01084,5.42
850.7,0.01085,5.425
850.8,0.01084,5.42
850.9,0.01084,5.42
851,0.01084,5.42
851.1,0.01084,5.42
851.2,0.01084,5.42
851.3,0.01084,5.42
851.4,0.01084,5.42
851.5,0.01083,5.415
851.6,0.01084,5.42
851.7,0.01083,5.415
851.8,0.01083,5.415
851.9,0.01083,5.415
852,0.01083,5.415
852.1,0.01083,5.415
852.2,0.01083,5.415
852.3,0.01084,5.42
852.4,0.01084,5.42
852.5,0.01084,5.42
852.6,0.01083,5.415
852.7,0.01083,5.415
852.8,0.01083,5.415
852.9,0.01083,5.415
853,0.01083,5.415
853.1,0.01083,5.415
853.2,0.01083,5.415
853.3,0.01084,5.42
853.4,0.01084,5.42
853.5,0.01083,5.415
853.6,0.01084,5.42
853.7,0.01084,5.42
853.8,0.01084,5.42
853.9,0.01084,5.42
854,0.01084,5.42
854.1,0.01083,5.415
854.2,0.01083,5.415
854.3,0.01083,5.415
854.4,0.01082,5.41
854.5,0.01083,5.415
854.6,0.01083,5.415
854.7,0.01084,5.42
854.8,0.01084,5.42
854.9,0.01084,5.42
855,0.01084,5.42
855.1,0.01084,5.42
855.2,0.01084,5.42
855.3,0.01084,5.42
855.4,0.01084,5.42
855.5,0.01084,5.42
855.6,0.01084,5.42
855.7,0.01084,5.42
855.8,0.01084,5.42
855.9,0.01084,5.42
856,0.01083,5.415
856.1,0.01083,5.415
856.2,0.01083,5.415
856.3,0.01083,5.415
856.4,0.01083,5.415
856.5,0.01083,5.415
856.6,0.01083,5.415
856.7,0.01083,5.415
856.8,0.01083,5.415
856.9,0.01083,5.415
857,0.01083,5.415
857.1,0.01083,5.415
857.2,0.01083,5.415
857.3,0.01083,5.415
857.4,0.01083,5.415
857.5,0.01083,5.415
857.6,0.01083,5.415
857.7,0.01083,5.415
857.8,0.01083,5.415
857.9,0.01084,5.42
858,0.01084,5.42
858.1,0.01083,5.415
858.2,0.01083,5.415
858.3,0.01083,5.415
858.4,0.01083,5.415
858.5,0.01083,5.415
858.6,0.01083,5.415
858.7,0.01083,5.415
858.8,0.01083,5.415
858.9,0.01084,5.42
859,0.01084,5.42
859.1,0.01082,5.41
859.2,0.01083,5.415
859.3,0.01083,5.415
859.4,0.01083,5.415
859.5,0.01084,5.42
859.6,0.01084,5.42
859.7,0.01083,5.415
859.8,0.01085,5.425
859.9,0.01084,5.42
860,0.01084,5.42
860.1,0.01084,5.42
860.2,0.01084,5.42
860.3,0.01083,5.415
860.4,0.01083,5.415
860.5,0.01084,5.42
860.6,0.01084,5.42
860.7,0.01084,5.42
860.8,0.01083,5.415
860.9,0.01083,5.415
861,0.01083,5.415
861.1,0.01083,5.415
861.2,0.01084,5.42
861.3,0.01084,5.42
861.4,0.01084,5.42
861.5,0.01083,5.415
861.6,0.01083,5.415
861.7,0.01083,5.415
861.8,0.01083,5.415
861.9,0.01083,5.415
862,0.01083,5.415
862.1,0.01083,5.415
862.2,0.01083,5.415
862.3,0.01083,5.415
862.4,0.01083,5.415
862.5,0.01083,5.415
862.6,0.01083,5.415
862.7,0.01084,5.42
862.8,0.01083,5.415
862.9,0.01083,5.415
863,0.01082,5.41
863.1,0.01082,5.41
863.2,0.01083,5.415
863.3,0.01084,5.42
863.4,0.01083,5.415
863.5,0.01083,5.415
863.6,0.01083,5.415
863.7,0.01083,5.415
863.8,0.01083,5.415
863.9,0.01084,5.42
864,0.01083,5.415
864.1,0.01083,5.415
864.2,0.01083,5.415
864.3,0.01083,5.415
864.4,0.01083,5.415
864.5,0.01083,5.415
864.6,0.01083,5.415
864.7,0.01083,5.415
864.8,0.01083,5.415
864.9,0.01083,5.415
865,0.01083,5.415
865.1,0.01084,5.42
865.2,0.01084,5.42
865.3,0.01083,5.415
865.4,0.01083,5.415
865.5,0.01083,5.415
865.6,0.01083,5.415
865.7,0.01083,5.415
865.8,0.01083,5.415
865.9,0.01084,5.42
866,0.01084,5.42
866.1,0.01084,5.42
866.2,0.01084,5.42
866.3,0.01084,5.42
866.4,0.01083,5.415
866.5,0.01084,5.42
866.6,0.01084,5.42
866.7,0.01083,5.415
866.8,0.01084,5.42
866.9,0.01083,5.415
867,0.01083,5.415
867.1,0.01084,5.42
867.2,0.01084,5.42
867.3,0.01083,5.415
867.4,0.01083,5.415
867.5,0.01083,5.415
867.6,0.01083,5.415
867.7,0.01083,5.415
867.8,0.01084,5.42
867.9,0.01084,5.42
868,0.01084,5.42
868.1,0.01083,5.415
868.2,0.01083,5.415
868.3,0.01082,5.41
868.4,0.01082,5.41
868.5,0.01083,5.415
868.6,0.01083,5.415
868.7,0.01083,5.415
868.8,0.01083,5.415
868.9,0.01083,5.415
869,0.01082,5.41
869.1,0.01082,5.41
869.2,0.01083,5.415
869.3,0.01083,5.415
869.4,0.01083,5.415
869.5,0.01083,5.415
869.6,0.01083,5.415
869.7,0.01082,5.41
869.8,0.01082,5.41
869.9,0.01082,5.41
870,0.01083,5.415
870.1,0.01083,5.415
870.2,0.01083,5.415
870.3,0.01083,5.415
870.4,0.01082,5.41
870.5,0.01082,5.41
870.6,0.01083,5.415
870.7,0.01083,5.415
870.8,0.01084,5.42
870.9,0.01083,5.415
871,0.01084,5.42
871.1,0.01084,5.42
871.2,0.01083,5.415
871.3,0.01083,5.415
871.4,0.01083,5.415
871.5,0.01083,5.415
871.6,0.01083,5.415
871.7,0.01083,5.415
871.8,0.01083,5.415
871.9,0.01083,5.415
872,0.01083,5.415
872.1,0.01083,5.415
872.2,0.01082,5.41
872.3,0.01083,5.415
872.4,0.01083,5.415
872.5,0.01083,5.415
872.6,0.01082,5.41
872.7,0.01083,5.415
872.8,0.01084,5.42
872.9,0.01083,5.415
873,0.01082,5.41
873.1,0.01082,5.41
873.2,0.01082,5.41
873.3,0.01083,5.415
873.4,0.01083,5.415
873.5,0.01083,5.415
873.6,0.01083,5.415
873.7,0.01083,5.415
873.8,0.01083,5.415
873.9,0.01083,5.415
874,0.01083,5.415
874.1,0.01083,5.415
874.2,0.01083,5.415
874.3,0.01083,5.415
874.4,0.01083,5.415
874.5,0.01082,5.41
874.6,0.01083,5.415
874.7,0.01082,5.41
874.8,0.01083,5.415
874.9,0.01083,5.415
875,0.01083,5.415
875.1,0.01083,5.415
875.2,0.01083,5.415
875.3,0.01082,5.41
875.4,0.01083,5.415
875.5,0.01083,5.415
875.6,0.01083,5.415
875.7,0.01083,5.415
875.8,0.01083,5.415
875.9,0.01083,5.415
876,0.01082,5.41
876.1,0.01083,5.415
876.2,0.01083,5.415
876.3,0.01083,5.415
876.4,0.01083,5.415
876.5,0.01084,5.42
876.6,0.01083,5.415
876.7,0.01083,5.415
876.8,0.01083,5.415
876.9,0.01083,5.415
877,0.01083,5.415
877.1,0.01083,5.415
877.2,0.01082,5.41
877.3,0.01082,5.41
877.4,0.01082,5.41
877.5,0.01083,5.415
877.6,0.01083,5.415
877.7,0.01084,5.42
877.8,0.01083,5.415
877.9,0.01083,5.415
878,0.01083,5.415
878.1,0.01082,5.41
878.2,0.01082,5.41
878.3,0.01082,5.41
878.4,0.01083,5.415
878.5,0.01083,5.415
878.6,0.01083,5.415
878.7,0.01082,5.41
878.8,0.01082,5.41
878.9,0.01082,5.41
879,0.01083,5.415
879.1,0.01083,5.415
879.2,0.01082,5.41
879.3,0.01082,5.41
879.4,0.01082,5.41
879.5,0.01082,5.41
879.6,0.01083,5.415
879.7,0.01083,5.415
879.8,0.01083,5.415
879.9,0.01083,5.415
880,0.01083,5.415
880.1,0.01082,5.41
880.2,0.01083,5.415
880.3,0.01083,5.415
880.4,0.01083,5.415
880.5,0.01082,5.41
880.6,0.01083,5.415
880.7,0.01083,5.415
880.8,0.01082,5.41
880.9,0.01082,5.41
881,0.01082,5.41
881.1,0.01083,5.415
881.2,0.01082,5.41
881.3,0.01082,5.41
881.4,0.01082,5.41
881.5,0.01083,5.415
881.6,0.01083,5.415
881.7,0.01082,5.41
881.8,0.01083,5.415
881.9,0.01083,5.415
882,0.01083,5.415
882.1,0.01082,5.41
882.2,0.01083,5.415
882.3,0.01083,5.415
882.4,0.01083,5.415
882.5,0.01082,5.41
882.6,0.01082,5.41
882.7,0.01082,5.41
882.8,0.01083,5.415
882.9,0.01084,5.42
883,0.01084,5.42
883.1,0.01083,5.415
883.2,0.01083,5.415
883.3,0.01083,5.415
883.4,0.01083,5.415
883.5,0.01082,5.41
883.6,0.01082,5.41
883.7,0.01082,5.41
883.8,0.01082,5.41
883.9,0.01083,5.415
884,0.01083,5.415
884.1,0.01083,5.415
884.2,0.01083,5.415
884.3,0.01082,5.41
884.4,0.01082,5.41
884.5,0.01082,5.41
884.6,0.01082,5.41
884.7,0.01083,5.415
884.8,0.01083,5.415
884.9,0.01082,5.41
885,0.01082,5.41
885.1,0.01083,5.415
885.2,0.01083,5.415
885.3,0.01082,5.41
885.4,0.01082,5.41
885.5,0.01082,5.41
885.6,0.01082,5.41
885.7,0.01083,5.415
885.8,0.01083,5.415
885.9,0.01083,5.415
886,0.01083,5.415
886.1,0.01083,5.415
886.2,0.01083,5.415
886.3,0.01083,5.415
886.4,0.01083,5.415
886.5,0.01084,5.42
886.6,0.01084,5.42
886.7,0.01084,5.42
886.8,0.01083,5.415
886.9,0.01083,5.415
887,0.01084,5.42
887.1,0.01084,5.42
887.2,0.01084,5.42
887.3,0.01084,5.42
887.4,0.01083,5.415
887.5,0.01084,5.42
887.6,0.01083,5.415
887.7,0.01083,5.415
887.8,0.01083,5.415
887.9,0.01083,5.415
888,0.01083,5.415
888.1,0.01083,5.415
888.2,0.01084,5.42
888.3,0.01083,5.415
888.4,0.01083,5.415
888.5,0.01083,5.415
888.6,0.01083,5.415
888.7,0.01084,5.42
888.8,0.01084,5.42
888.9,0.01084,5.42
889,0.01083,5.415
889.1,0.01083,5.415
889.2,0.01083,5.415
889.3,0.01083,5.415
889.4,0.01083,5.415
889.5,0.01083,5.415
889.6,0.01083,5.415
889.7,0.01083,5.415
889.8,0.01083,5.415
889.9,0.01083,5.415
890,0.01083,5.415
890.1,0.01083,5.415
890.2,0.01083,5.415
890.3,0.01083,5.415
890.4,0.01083,5.415
890.5,0.01084,5.42
890.6,0.01083,5.415
890.7,0.01084,5.42
890.8,0.01083,5.415
890.9,0.01083,5.415
891,0.01083,5.415
891.1,0.01083,5.415
891.2,0.01083,5.415
891.3,0.01082,5.41
891.4,0.01083,5.415
891.5,0.01083,5.415
891.6,0.01083,5.415
891.7,0.01083,5.415
891.8,0.01083,5.415
891.9,0.01083,5.415
892,0.01083,5.415
892.1,0.01084,5.42
892.2,0.01083,5.415
892.3,0.01083,5.415
892.4,0.01083,5.415
892.5,0.01083,5.415
892.6,0.01082,5.41
892.7,0.01082,5.41
892.8,0.01083,5.415
892.9,0.01083,5.415
893,0.01083,5.415
893.1,0.01083,5.415
893.2,0.01083,5.415
893.3,0.01083,5.415
893.4,0.01083,5.415
893.5,0.01084,5.42
893.6,0.01084,5.42
893.7,0.01084,5.42
893.8,0.01084,5.42
893.9,0.01083,5.415
894,0.01083,5.415
894.1,0.01084,5.42
894.2,0.01084,5.42
894.3,0.01083,5.415
894.4,0.01084,5.42
894.5,0.01084,5.42
894.6,0.01083,5.415
894.7,0.01082,5.41
894.8,0.01083,5.415
894.9,0.01084,5.42
895,0.01084,5.42
895.1,0.01083,5.415
895.2,0.01083,5.415
895.3,0.01082,5.41
895.4,0.01083,5.415
895.5,0.01083,5.415
895.6,0.01084,5.42
895.7,0.01084,5.42
895.8,0.01084,5.42
895.9,0.01083,5.415
896,0.01083,5.415
896.1,0.01084,5.42
896.2,0.01084,5.42
896.3,0.01084,5.42
896.4,0.01084,5.42
896.5,0.01084,5.42
896.6,0.01084,5.42
896.7,0.01083,5.415
896.8,0.01083,5.415
896.9,0.01084,5.42
897,0.01084,5.42
897.1,0.01084,5.42
897.2,0.01083,5.415
897.3,0.01084,5.42
897.4,0.01084,5.42
897.5,0.01084,5.42
897.6,0.01083,5.415
897.7,0.01084,5.42
897.8,0.01084,5.42
897.9,0.01084,5.42
898,0.01084,5.42
898.1,0.01083,5.415
898.2,0.01084,5.42
898.3,0.01083,5.415
898.4,0.01084,5.42
898.5,0.01084,5.42
898.6,0.01084,5.42
898.7,0.01084,5.42
898.8,0.01085,5.425
898.9,0.01084,5.42
899,0.01084,5.42
899.1,0.01084,5.42
899.2,0.01084,5.42
899.3,0.01084,5.42
899.4,0.01084,5.42
899.5,0.01084,5.42
899.6,0.01084,5.42
899.7,0.01084,5.42
899.8,0.01084,5.42
899.9,0.01084,5.42
900,0.01084,5.42
900.1,0.01083,5.415
900.2,0.01083,5.415
900.3,0.01084,5.42
900.4,0.01085,5.425
900.5,0.01084,5.42
900.6,0.01084,5.42
900.7,0.01085,5.425
900.8,0.01084,5.42
900.9,0.01084,5.42
901,0.01083,5.415
901.1,0.01083,5.415
901.2,0.01083,5.415
901.3,0.01083,5.415
901.4,0.01084,5.42
901.5,0.01084,5.42
901.6,0.01084,5.42
901.7,0.01084,5.42
901.8,0.01084,5.42
901.9,0.01084,5.42
902,0.01085,5.425
902.1,0.01084,5.42
902.2,0.01084,5.42
902.3,0.01085,5.425
902.4,0.01084,5.42
902.5,0.01084,5.42
902.6,0.01083,5.415
902.7,0.01083,5.415
902.8,0.01083,5.415
902.9,0.01084,5.42
903,0.01085,5.425
903.1,0.01084,5.42
903.2,0.01083,5.415
903.3,0.01083,5.415
903.4,0.01083,5.415
903.5,0.01083,5.415
903.6,0.01084,5.42
903.7,0.01084,5.42
903.8,0.01084,5.42
903.9,0.01084,5.42
904,0.01084,5.42
904.1,0.01084,5.42
904.2,0.01084,5.42
904.3,0.01084,5.42
904.4,0.01083,5.415
904.5,0.01084,5.42
904.6,0.01084,5.42
904.7,0.01084,5.42
904.8,0.01084,5.42
904.9,0.01084,5.42
905,0.01084,5.42
905.1,0.01084,5.42
905.2,0.01084,5.42
905.3,0.01084,5.42
905.4,0.01084,5.42
905.5,0.01083,5.415
905.6,0.01084,5.42
905.7,0.01084,5.42
905.8,0.01083,5.415
905.9,0.01083,5.415
906,0.01084,5.42
906.1,0.01084,5.42
906.2,0.01084,5.42
906.3,0.01084,5.42
906.4,0.01084,5.42
906.5,0.01084,5.42
906.6,0.01084,5.42
906.7,0.01083,5.415
906.8,0.01083,5.415
906.9,0.01084,5.42
907,0.01083,5.415
907.1,0.01084,5.42
907.2,0.01083,5.415
907.3,0.01083,5.415
907.4,0.01083,5.415
907.5,0.01083,5.415
907.6,0.01082,5.41
907.7,0.01082,5.41
907.8,0.01083,5.415
907.9,0.01083,5.415
908,0.01083,5.415
908.1,0.01083,5.415
908.2,0.01083,5.415
908.3,0.01083,5.415
908.4,0.01083,5.415
908.5,0.01084,5.42
908.6,0.01084,5.42
908.7,0.01083,5.415
908.8,0.01083,5.415
908.9,0.01082,5.41
909,0.01082,5.41
909.1,0.01083,5.415
909.2,0.01083,5.415
909.3,0.01084,5.42
909.4,0.01083,5.415
909.5,0.01083,5.415
909.6,0.01084,5.42
909.7,0.01083,5.415
909.8,0.01083,5.415
909.9,0.01083,5.415
910,0.01082,5.41
910.1,0.01083,5.415
910.2,0.01083,5.415
910.3,0.01083,5.415
910.4,0.01083,5.415
910.5,0.01083,5.415
910.6,0.01083,5.415
910.7,0.01083,5.415
910.8,0.01083,5.415
910.9,0.01083,5.415
911,0.01083,5.415
911.1,0.01083,5.415
911.2,0.01084,5.42
911.3,0.01084,5.42
911.4,0.01084,5.42
911.5,0.01083,5.415
911.6,0.01083,5.415
911.7,0.01083,5.415
911.8,0.01083,5.415
911.9,0.01083,5.415
912,0.01083,5.415
912.1,0.01083,5.415
912.2,0.01083,5.415
912.3,0.01083,5.415
912.4,0.01083,5.415
912.5,0.01083,5.415
912.6,0.01082,5.41
912.7,0.01082,5.41
912.8,0.01083,5.415
912.9,0.01083,5.415
913,0.01083,5.415
913.1,0.01083,5.415
913.2,0.01083,5.415
913.3,0.01083,5.415
913.4,0.01083,5.415
913.5,0.01083,5.415
913.6,0.01083,5.415
913.7,0.01083,5.415
913.8,0.01083,5.415
913.9,0.01083,5.415
914,0.01083,5.415
914.1,0.01083,5.415
914.2,0.01083,5.415
914.3,0.01083,5.415
914.4,0.01082,5.41
914.5,0.01082,5.41
914.6,0.01082,5.41
914.7,0.01083,5.415
914.8,0.01083,5.415
914.9,0.01083,5.415
915,0.01082,5.41
915.1,0.01082,5.41
915.2,0.01082,5.41
915.3,0.01082,5.41
915.4,0.01082,5.41
915.5,0.01083,5.415
915.6,0.01082,5.41
915.7,0.01084,5.42
915.8,0.01083,5.415
915.9,0.01083,5.415
916,0.01083,5.415
916.1,0.01083,5.415
916.2,0.01082,5.41
916.3,0.01082,5.41
916.4,0.01083,5.415
916.5,0.01084,5.42
916.6,0.01083,5.415
916.7,0.01083,5.415
916.8,0.01083,5.415
916.9,0.01083,5.415
917,0.01083,5.415
917.1,0.01083,5.415
917.2,0.01083,5.415
917.3,0.01084,5.42
917.4,0.01083,5.415
917.5,0.01083,5.415
917.6,0.01083,5.415
917.7,0.01083,5.415
917.8,0.01083,5.415
917.9,0.01084,5.42
918,0.01084,5.42
918.1,0.01084,5.42
918.2,0.01084,5.42
918.3,0.01084,5.42
918.4,0.01083,5.415
918.5,0.01083,5.415
918.6,0.01083,5.415
918.7,0.01083,5.415
918.8,0.01084,5.42
918.9,0.01084,5.42
919,0.01084,5.42
919.1,0.01084,5.42
919.2,0.01084,5.42
919.3,0.01083,5.415
919.4,0.01083,5.415
919.5,0.01083,5.415
919.6,0.01083,5.415
919.7,0.01084,5.42
919.8,0.01084,5.42
919.9,0.01083,5.415
920,0.01083,5.415
920.1,0.01084,5.42
920.2,0.01083,5.415
920.3,0.01083,5.415
920.4,0.01083,5.415
920.5,0.01083,5.415
920.6,0.01083,5.415
920.7,0.01082,5.41
920.8,0.01082,5.41
920.9,0.01082,5.41
921,0.01082,5.41
921.1,0.01083,5.415
921.2,0.01084,5.42
921.3,0.01083,5.415
921.4,0.01083,5.415
921.5,0.01083,5.415
921.6,0.01082,5.41
921.7,0.01083,5.415
921.8,0.01084,5.42
921.9,0.01084,5.42
922,0.01083,5.415
922.1,0.01083,5.415
922.2,0.01083,5.415
922.3,0.01084,5.42
922.4,0.01084,5.42
922.5,0.01084,5.42
922.6,0.01084,5.42
922.7,0.01083,5.415
922.8,0.01083,5.415
922.9,0.01084,5.42
923,0.01084,5.42
923.1,0.01084,5.42
923.2,0.01083,5.415
923.3,0.01084,5.42
923.4,0.01084,5.42
923.5,0.01084,5.42
923.6,0.01084,5.42
923.7,0.01083,5.415
923.8,0.01084,5.42
923.9,0.01083,5.415
924,0.01083,5.415
924.1,0.01082,5.41
924.2,0.01083,5.415
924.3,0.01084,5.42
924.4,0.01084,5.42
924.5,0.01084,5.42
924.6,0.01084,5.42
924.7,0.01084,5.42
924.8,0.01083,5.415
924.9,0.01084,5.42
925,0.01083,5.415
925.1,0.01084,5.42
925.2,0.01084,5.42
925.3,0.01083,5.415
925.4,0.01083,5.415
925.5,0.01082,5.41
925.6,0.01083,5.415
925.7,0.01083,5.415
925.8,0.01083,5.415
925.9,0.01083,5.415
926,0.01083,5.415
926.1,0.01083,5.415
926.2,0.01083,5.415
926.3,0.01083,5.415
926.4,0.01083,5.415
926.5,0.01084,5.42
926.6,0.01083,5.415
926.7,0.01084,5.42
926.8,0.01084,5.42
926.9,0.01083,5.415
927,0.01084,5.42
927.1,0.01084,5.42
927.2,0.01084,5.42
927.3,0.01084,5.42
927.4,0.01083,5.415
927.5,0.01083,5.415
927.6,0.01083,5.415
927.7,0.01083,5.415
927.8,0.01083,5.415
927.9,0.01083,5.415
928,0.01083,5.415
928.1,0.01083,5.415
928.2,0.01083,5.415
928.3,0.01084,5.42
928.4,0.01084,5.42
928.5,0.01084,5.42
928.6,0.01084,5.42
928.7,0.01085,5.425
928.8,0.01084,5.42
928.9,0.01084,5.42
929,0.01084,5.42
929.1,0.01084,5.42
929.2,0.01084,5.42
929.3,0.01084,5.42
929.4,0.01084,5.42
929.5,0.01084,5.42
929.6,0.01084,5.42
929.7,0.01084,5.42
929.8,0.01084,5.42
929.9,0.01085,5.425
930,0.01085,5.425
930.1,0.01085,5.425
930.2,0.01085,5.425
930.3,0.01085,5.425
930.4,0.01085,5.425
930.5,0.01085,5.425
930.6,0.01085,5.425
930.7,0.01085,5.425
930.8,0.01085,5.425
930.9,0.01085,5.425
931,0.01084,5.42
931.1,0.01084,5.42
931.2,0.01084,5.42
931.3,0.01085,5.425
931.4,0.01085,5.425
931.5,0.01084,5.42
931.6,0.01084,5.42
931.7,0.01084,5.42
931.8,0.01084,5.42
931.9,0.01085,5.425
932,0.01085,5.425
932.1,0.01085,5.425
932.2,0.01085,5.425
932.3,0.01085,5.425
932.4,0.01085,5.425
932.5,0.01085,5.425
932.6,0.01085,5.425
932.7,0.01084,5.42
932.8,0.01085,5.425
932.9,0.01084,5.42
933,0.01084,5.42
933.1,0.01084,5.42
933.2,0.01085,5.425
933.3,0.01084,5.42
933.4,0.01084,5.42
933.5,0.01084,5.42
933.6,0.01085,5.425
933.7,0.01084,5.42
933.8,0.01084,5.42
933.9,0.01084,5.42
934,0.01084,5.42
934.1,0.01084,5.42
934.2,0.01085,5.425
934.3,0.01084,5.42
934.4,0.01084,5.42
934.5,0.01083,5.415
934.6,0.01084,5.42
934.7,0.01084,5.42
934.8,0.01084,5.42
934.9,0.01084,5.42
935,0.01083,5.415
935.1,0.01084,5.42
935.2,0.01083,5.415
935.3,0.01084,5.42
935.4,0.01084,5.42
935.5,0.01084,5.42
935.6,0.01084,5.42
935.7,0.01084,5.42
935.8,0.01084,5.42
935.9,0.01084,5.42
936,0.01084,5.42
936.1,0.01084,5.42
936.2,0.01084,5.42
936.3,0.01084,5.42
936.4,0.01084,5.42
936.5,0.01083,5.415
936.6,0.01083,5.415
936.7,0.01083,5.415
936.8,0.01084,5.42
936.9,0.01084,5.42
937,0.01084,5.42
937.1,0.01084,5.42
937.2,0.01084,5.42
937.3,0.01085,5.425
937.4,0.01084,5.42
937.5,0.01084,5.42
937.6,0.01084,5.42
937.7,0.01084,5.42
937.8,0.01084,5.42
937.9,0.01084,5.42
938,0.01084,5.42
938.1,0.01083,5.415
938.2,0.01084,5.42
938.3,0.01084,5.42
938.4,0.01084,5.42
938.5,0.01084,5.42
938.6,0.01085,5.425
938.7,0.01085,5.425
938.8,0.01084,5.42
938.9,0.01084,5.42
939,0.01084,5.42
939.1,0.01084,5.42
939.2,0.01083,5.415
939.3,0.01083,5.415
939.4,0.01084,5.42
939.5,0.01084,5.42
939.6,0.01084,5.42
939.7,0.01084,5.42
939.8,0.01083,5.415
939.9,0.01084,5.42
940,0.01084,5.42
940.1,0.01084,5.42
940.2,0.01084,5.42
940.3,0.01084,5.42
940.4,0.01084,5.42
940.5,0.01084,5.42
940.6,0.01085,5.425
940.7,0.01084,5.42
940.8,0.01084,5.42
940.9,0.01085,5.425
941,0.01084,5.42
941.1,0.01084,5.42
941.2,0.01083,5.415
941.3,0.01084,5.42
941.4,0.01084,5.42
941.5,0.01084,5.42
941.6,0.01084,5.42
941.7,0.01084,5.42
941.8,0.01085,5.425
941.9,0.01084,5.42
942,0.01084,5.42
942.1,0.01084,5.42
942.2,0.01084,5.42
942.3,0.01084,5.42
942.4,0.01084,5.42
942.5,0.01084,5.42
942.6,0.01084,5.42
942.7,0.01084,5.42
942.8,0.01084,5.42
942.9,0.01084,5.42
943,0.01084,5.42
943.1,0.01084,5.42
943.2,0.01083,5.415
943.3,0.01084,5.42
943.4,0.01084,5.42
943.5,0.01084,5.42
943.6,0.01084,5.42
943.7,0.01084,5.42
943.8,0.01084,5.42
943.9,0.01083,5.415
944,0.01083,5.415
944.1,0.01083,5.415
944.2,0.01084,5.42
944.3,0.01084,5.42
944.4,0.01083,5.415
944.5,0.01084,5.42
944.6,0.01083,5.415
944.7,0.01084,5.42
944.8,0.01084,5.42
944.9,0.01084,5.42
945,0.01084,5.42
945.1,0.01084,5.42
945.2,0.01084,5.42
945.3,0.01084,5.42
945.4,0.01084,5.42
945.5,0.01084,5.42
945.6,0.01083,5.415
945.7,0.01083,5.415
945.8,0.01084,5.42
945.9,0.01084,5.42
946,0.01084,5.42
946.1,0.01084,5.42
946.2,0.01084,5.42
946.3,0.01084,5.42
946.4,0.01084,5.42
946.5,0.01085,5.425
946.6,0.01084,5.42
946.7,0.01084,5.42
946.8,0.01084,5.42
946.9,0.01083,5.415
947,0.01084,5.42
947.1,0.01084,5.42
947.2,0.01084,5.42
947.3,0.01084,5.42
947.4,0.01084,5.42
947.5,0.01084,5.42
947.6,0.01083,5.415
947.7,0.01083,5.415
947.8,0.01084,5.42
947.9,0.01084,5.42
948,0.01084,5.42
948.1,0.01084,5.42
948.2,0.01084,5.42
948.3,0.01084,5.42
948.4,0.01084,5.42
948.5,0.01084,5.42
948.6,0.01085,5.425
948.7,0.01085,5.425
948.8,0.01084,5.42
948.9,0.01084,5.42
949,0.01084,5.42
949.1,0.01085,5.425
949.2,0.01084,5.42
949.3,0.01084,5.42
949.4,0.01084,5.42
949.5,0.01084,5.42
949.6,0.01083,5.415
949.7,0.01083,5.415
949.8,0.01083,5.415
949.9,0.01084,5.42
950,0.01084,5.42
950.1,0.01083,5.415
950.2,0.01083,5.415
950.3,0.01083,5.415
950.4,0.01083,5.415
950.5,0.01083,5.415
950.6,0.01083,5.415
950.7,0.01083,5.415
950.8,0.01083,5.415
950.9,0.01083,5.415
951,0.01083,5.415
951.1,0.01083,5.415
951.2,0.01084,5.42
951.3,0.01084,5.42
951.4,0.01084,5.42
951.5,0.01083,5.415
951.6,0.01083,5.415
951.7,0.01083,5.415
951.8,0.01084,5.42
951.9,0.01084,5.42
952,0.01084,5.42
952.1,0.01085,5.425
952.2,0.01084,5.42
952.3,0.01083,5.415
952.4,0.01083,5.415
952.5,0.01084,5.42
952.6,0.01083,5.415
952.7,0.01083,5.415
952.8,0.01083,5.415
952.9,0.01083,5.415
953,0.01084,5.42
953.1,0.01083,5.415
953.2,0.01083,5.415
953.3,0.01083,5.415
953.4,0.01083,5.415
953.5,0.01083,5.415
953.6,0.01083,5.415
953.7,0.01082,5.41
953.8,0.01083,5.415
953.9,0.01084,5.42
954,0.01084,5.42
954.1,0.01083,5.415
954.2,0.01083,5.415
954.3,0.01083,5.415
954.4,0.01084,5.42
954.5,0.01084,5.42
954.6,0.01084,5.42
954.7,0.01083,5.415
954.8,0.01083,5.415
954.9,0.01083,5.415
955,0.01082,5.41
955.1,0.01083,5.415
955.2,0.01084,5.42
955.3,0.01084,5.42
955.4,0.01083,5.415
955.5,0.01083,5.415
955.6,0.01083,5.415
955.7,0.01083,5.415
955.8,0.01083,5.415
955.9,0.01083,5.415
956,0.01083,5.415
956.1,0.01082,5.41
956.2,0.01082,5.41
956.3,0.01082,5.41
956.4,0.01083,5.415
956.5,0.01084,5.42
956.6,0.01084,5.42
956.7,0.01084,5.42
956.8,0.01083,5.415
956.9,0.01084,5.42
957,0.01084,5.42
957.1,0.01084,5.42
957.2,0.01084,5.42
957.3,0.01083,5.415
957.4,0.01083,5.415
957.5,0.01083,5.415
957.6,0.01083,5.415
957.7,0.01083,5.415
957.8,0.01083,5.415
957.9,0.01084,5.42
958,0.01083,5.415
958.1,0.01083,5.415
958.2,0.01083,5.415
958.3,0.01082,5.41
958.4,0.01083,5.415
958.5,0.01083,5.415
958.6,0.01084,5.42
958.7,0.01084,5.42
958.8,0.01083,5.415
958.9,0.01083,5.415
959,0.01083,5.415
959.1,0.01083,5.415
959.2,0.01083,5.415
959.3,0.01083,5.415
959.4,0.01083,5.415
959.5,0.01084,5.42
959.6,0.01084,5.42
959.7,0.01085,5.425
959.8,0.01084,5.42
959.9,0.01084,5.42
960,0.01084,5.42
960.1,0.01084,5.42
960.2,0.01084,5.42
960.3,0.01084,5.42
960.4,0.01084,5.42
960.5,0.01084,5.42
960.6,0.01084,5.42
960.7,0.01085,5.425
960.8,0.01084,5.42
960.9,0.01084,5.42
961,0.01084,5.42
961.1,0.01084,5.42
961.2,0.01084,5.42
961.3,0.01084,5.42
961.4,0.01084,5.42
961.5,0.01084,5.42
961.6,0.01084,5.42
961.7,0.01084,5.42
961.8,0.01084,5.42
961.9,0.01083,5.415
962,0.01083,5.415
962.1,0.01083,5.415
962.2,0.01083,5.415
962.3,0.01084,5.42
962.4,0.01084,5.42
962.5,0.01083,5.415
962.6,0.01084,5.42
962.7,0.01084,5.42
962.8,0.01083,5.415
962.9,0.01084,5.42
963,0.01084,5.42
963.1,0.01084,5.42
963.2,0.01084,5.42
963.3,0.01084,5.42
963.4,0.01084,5.42
963.5,0.01084,5.42
963.6,0.01084,5.42
963.7,0.01084,5.42
963.8,0.01084,5.42
963.9,0.01083,5.415
964,0.01084,5.42
964.1,0.01084,5.42
964.2,0.01083,5.415
964.3,0.01084,5.42
964.4,0.01084,5.42
964.5,0.01084,5.42
964.6,0.01084,5.42
964.7,0.01084,5.42
964.8,0.01083,5.415
964.9,0.01083,5.415
965,0.01084,5.42
965.1,0.01084,5.42
965.2,0.01084,5.42
965.3,0.01084,5.42
965.4,0.01083,5.415
965.5,0.01083,5.415
965.6,0.01083,5.415
965.7,0.01084,5.42
965.8,0.01085,5.425
965.9,0.01084,5.42
966,0.01084,5.42
966.1,0.01084,5.42
966.2,0.01084,5.42
966.3,0.01084,5.42
966.4,0.01084,5.42
966.5,0.01083,5.415
966.6,0.01083,5.415
966.7,0.01083,5.415
966.8,0.01083,5.415
966.9,0.01083,5.415
967,0.01084,5.42
967.1,0.01084,5.42
967.2,0.01084,5.42
967.3,0.01084,5.42
967.4,0.01084,5.42
967.5,0.01084,5.42
967.6,0.01084,5.42
967.7,0.01084,5.42
967.8,0.01084,5.42
967.9,0.01084,5.42
968,0.01084,5.42
968.1,0.01084,5.42
968.2,0.01084,5.42
968.3,0.01083,5.415
968.4,0.01083,5.415
968.5,0.01083,5.415
968.6,0.01083,5.415
968.7,0.01083,5.415
968.8,0.01084,5.42
968.9,0.01084,5.42
969,0.01084,5.42
969.1,0.01083,5.415
969.2,0.01083,5.415
969.3,0.01083,5.415
969.4,0.01083,5.415
969.5,0.01084,5.42
969.6,0.01083,5.415
969.7,0.01083,5.415
969.8,0.01083,5.415
969.9,0.01083,5.415
970,0.01084,5.42
970.1,0.01083,5.415
970.2,0.01083,5.415
970.3,0.01083,5.415
970.4,0.01082,5.41
970.5,0.01082,5.41
970.6,0.01082,5.41
970.7,0.01083,5.415
970.8,0.01083,5.415
970.9,0.01082,5.41
971,0.01082,5.41
971.1,0.01083,5.415
971.2,0.01084,5.42
971.3,0.01083,5.415
971.4,0.01084,5.42
971.5,0.01084,5.42
971.6,0.01083,5.415
971.7,0.01083,5.415
971.8,0.01083,5.415
971.9,0.01083,5.415
972,0.01083,5.415
972.1,0.01084,5.42
972.2,0.01084,5.42
972.3,0.01084,5.42
972.4,0.01084,5.42
972.5,0.01084,5.42
972.6,0.01084,5.42
972.7,0.01084,5.42
972.8,0.01084,5.42
972.9,0.01083,5.415
973,0.01084,5.42
973.1,0.01084,5.42
973.2,0.01084,5.42
973.3,0.01084,5.42
973.4,0.01085,5.425
973.5,0.01084,5.42
973.6,0.01084,5.42
973.7,0.01084,5.42
973.8,0.01084,5.42
973.9,0.01084,5.42
974,0.01084,5.42
974.1,0.01084,5.42
974.2,0.01084,5.42
974.3,0.01084,5.42
974.4,0.01084,5.42
974.5,0.01084,5.42
974.6,0.01084,5.42
974.7,0.01083,5.415
974.8,0.01083,5.415
974.9,0.01083,5.415
975,0.01083,5.415
975.1,0.01083,5.415
975.2,0.01083,5.415
975.3,0.01084,5.42
975.4,0.01084,5.42
975.5,0.01084,5.42
975.6,0.01084,5.42
975.7,0.01083,5.415
975.8,0.01083,5.415
975.9,0.01084,5.42
976,0.01083,5.415
976.1,0.01084,5.42
976.2,0.01084,5.42
976.3,0.01084,5.42
976.4,0.01084,5.42
976.5,0.01084,5.42
976.6,0.01084,5.42
976.7,0.01083,5.415
976.8,0.01084,5.42
976.9,0.01083,5.415
977,0.01084,5.42
977.1,0.01084,5.42
977.2,0.01083,5.415
977.3,0.01085,5.425
977.4,0.01084,5.42
977.5,0.01084,5.42
977.6,0.01084,5.42
977.7,0.01084,5.42
977.8,0.01083,5.415
977.9,0.01083,5.415
978,0.01083,5.415
978.1,0.01083,5.415
978.2,0.01083,5.415
978.3,0.01084,5.42
978.4,0.01084,5.42
978.5,0.01083,5.415
978.6,0.01084,5.42
978.7,0.01083,5.415
978.8,0.01083,5.415
978.9,0.01084,5.42
979,0.01084,5.42
979.1,0.01084,5.42
979.2,0.01084,5.42
979.3,0.01083,5.415
979.4,0.01083,5.415
979.5,0.01084,5.42
979.6,0.01084,5.42
979.7,0.01084,5.42
979.8,0.01085,5.425
979.9,0.01084,5.42
980,0.01084,5.42
980.1,0.01084,5.42
980.2,0.01084,5.42
980.3,0.01084,5.42
980.4,0.01084,5.42
980.5,0.01084,5.42
980.6,0.01084,5.42
980.7,0.01084,5.42
980.8,0.01084,5.42
980.9,0.01083,5.415
981,0.01083,5.415
981.1,0.01083,5.415
981.2,0.01083,5.415
981.3,0.01084,5.42
981.4,0.01084,5.42
981.5,0.01083,5.415
981.6,0.01083,5.415
981.7,0.01082,5.41
981.8,0.01083,5.415
981.9,0.01084,5.42
982,0.01084,5.42
982.1,0.01084,5.42
982.2,0.01084,5.42
982.3,0.01084,5.42
982.4,0.01084,5.42
982.5,0.01085,5.425
982.6,0.01084,5.42
982.7,0.01084,5.42
982.8,0.01084,5.42
982.9,0.01083,5.415
983,0.01083,5.415
983.1,0.01083,5.415
983.2,0.01083,5.415
983.3,0.01084,5.42
983.4,0.01084,5.42
983.5,0.01084,5.42
983.6,0.01085,5.425
983.7,0.01085,5.425
983.8,0.01085,5.425
983.9,0.01084,5.42
984,0.01083,5.415
984.1,0.01084,5.42
984.2,0.01084,5.42
984.3,0.01084,5.42
984.4,0.01084,5.42
984.5,0.01084,5.42
984.6,0.01084,5.42
984.7,0.01084,5.42
984.8,0.01084,5.42
984.9,0.01085,5.425
985,0.01085,5.425
985.1,0.01085,5.425
985.2,0.01084,5.42
985.3,0.01084,5.42
985.4,0.01083,5.415
985.5,0.01084,5.42
985.6,0.01084,5.42
985.7,0.01085,5.425
985.8,0.01085,5.425
985.9,0.01084,5.42
986,0.01084,5.42
986.1,0.01084,5.42
986.2,0.01084,5.42
986.3,0.01084,5.42
986.4,0.01084,5.42
986.5,0.01083,5.415
986.6,0.01084,5.42
986.7,0.01084,5.42
986.8,0.01084,5.42
986.9,0.01083,5.415
987,0.01084,5.42
987.1,0.01083,5.415
987.2,0.01083,5.415
987.3,0.01083,5.415
987.4,0.01083,5.415
987.5,0.01083,5.415
987.6,0.01084,5.42
987.7,0.01084,5.42
987.8,0.01084,5.42
987.9,0.01084,5.42
988,0.01085,5.425
988.1,0.01085,5.425
988.2,0.01085,5.425
988.3,0.01085,5.425
988.4,0.01084,5.42
988.5,0.01084,5.42
988.6,0.01084,5.42
988.7,0.01084,5.42
988.8,0.01084,5.42
988.9,0.01084,5.42
989,0.01084,5.42
989.1,0.01084,5.42
989.2,0.01084,5.42
989.3,0.01084,5.42
989.4,0.01085,5.425
989.5,0.01084,5.42
989.6,0.01084,5.42
989.7,0.01084,5.42
989.8,0.01084,5.42
989.9,0.01083,5.415
990,0.01084,5.42
990.1,0.01084,5.42
990.2,0.01085,5.425
990.3,0.01084,5.42
990.4,0.01084,5.42
990.5,0.01084,5.42
990.6,0.01084,5.42
990.7,0.01084,5.42
990.8,0.01084,5.42
990.9,0.01084,5.42
991,0.01084,5.42
991.1,0.01084,5.42
991.2,0.01084,5.42
991.3,0.01083,5.415
991.4,0.01084,5.42
991.5,0.01084,5.42
991.6,0.01084,5.42
991.7,0.01084,5.42
991.8,0.01084,5.42
991.9,0.01084,5.42
992,0.01084,5.42
992.1,0.01084,5.42
992.2,0.01084,5.42
992.3,0.01084,5.42
992.4,0.01083,5.415
992.5,0.01083,5.415
992.6,0.01083,5.415
992.7,0.01083,5.415
992.8,0.01084,5.42
992.9,0.01084,5.42
993,0.01083,5.415
993.1,0.01084,5.42
993.2,0.01084,5.42
993.3,0.01084,5.42
993.4,0.01084,5.42
993.5,0.01084,5.42
993.6,0.01084,5.42
993.7,0.01083,5.415
993.8,0.01083,5.415
993.9,0.01083,5.415
994,0.01084,5.42
994.1,0.01084,5.42
994.2,0.01084,5.42
994.3,0.01084,5.42
994.4,0.01084,5.42
994.5,0.01083,5.415
994.6,0.01084,5.42
994.7,0.01085,5.425
994.8,0.01084,5.42
994.9,0.01084,5.42
995,0.01085,5.425
995.1,0.01084,5.42
995.2,0.01084,5.42
995.3,0.01085,5.425
995.4,0.01085,5.425
995.5,0.01085,5.425
995.6,0.01084,5.42
995.7,0.01084,5.42
995.8,0.01085,5.425
995.9,0.01085,5.425
996,0.01085,5.425
996.1,0.01084,5.42
996.2,0.01084,5.42
996.3,0.01084,5.42
996.4,0.01084,5.42
996.5,0.01084,5.42
996.6,0.01084,5.42
996.7,0.01084,5.42
996.8,0.01084,5.42
996.9,0.01085,5.425
997,0.01084,5.42
997.1,0.01084,5.42
997.2,0.01083,5.415
997.3,0.01083,5.415
997.4,0.01084,5.42
997.5,0.01084,5.42
997.6,0.01085,5.425
997.7,0.01084,5.42
997.8,0.01084,5.42
997.9,0.01084,5.42
998,0.01084,5.42
998.1,0.01084,5.42
998.2,0.01085,5.425
998.3,0.01085,5.425
998.4,0.01084,5.42
998.5,0.01084,5.42
998.6,0.01084,5.42
998.7,0.01085,5.425
998.8,0.01084,5.42
998.9,0.01085,5.425
999,0.01085,5.425
999.1,0.01085,5.425
999.2,0.01084,5.42
999.3,0.01083,5.415
999.4,0.01084,5.42
999.5,0.01084,5.42
999.6,0.01085,5.425
999.7,0.01084,5.42
999.8,0.01085,5.425
999.9,0.01084,5.42
1000,0.01084,5.42
1000,0.01084,5.42
1000,0.01084,5.42
1000,0.01084,5.42
1000,0.01085,5.425
1001,0.01085,5.425
1001,0.01084,5.42
1001,0.01085,5.425
1001,0.01084,5.42
1001,0.01085,5.425
1001,0.01085,5.425
1001,0.01085,5.425
1001,0.01085,5.425
1001,0.01084,5.42
1001,0.01084,5.42
1002,0.01085,5.425
1002,0.01084,5.42
1002,0.01084,5.42
1002,0.01084,5.42
1002,0.01084,5.42
1002,0.01085,5.425
1002,0.01085,5.425
1002,0.01084,5.42
1002,0.01084,5.42
1002,0.01084,5.42
1003,0.01084,5.42
1003,0.01084,5.42
1003,0.01085,5.425
1003,0.01084,5.42
1003,0.01084,5.42
1003,0.01084,5.42
1003,0.01084,5.42
1003,0.01084,5.42
1003,0.01085,5.425
1003,0.01084,5.42
1004,0.01085,5.425
1004,0.01084,5.42
1004,0.01084,5.42
1004,0.01084,5.42
1004,0.01084,5.42
1004,0.01085,5.425
1004,0.01085,5.425
1004,0.01084,5.42
1004,0.01084,5.42
1004,0.01083,5.415
1005,0.01083,5.415
1005,0.01085,5.425
1005,0.01085,5.425
1005,0.01085,5.425
1005,0.01085,5.425
1005,0.01084,5.42
1005,0.01084,5.42
1005,0.01084,5.42
1005,0.01084,5.42
1005,0.01085,5.425
1006,0.01084,5.42
1006,0.01083,5.415
1006,0.01083,5.415
1006,0.01083,5.415
1006,0.01085,5.425
1006,0.01085,5.425
1006,0.01084,5.42
1006,0.01084,5.42
1006,0.01084,5.42
1006,0.01084,5.42
1007,0.01085,5.425
1007,0.01085,5.425
1007,0.01084,5.42
1007,0.01085,5.425
1007,0.01084,5.42
1007,0.01084,5.42
1007,0.01084,5.42
1007,0.01084,5.42
1007,0.01084,5.42
1007,0.01085,5.425
1008,0.01084,5.42
1008,0.01083,5.415
1008,0.01084,5.42
1008,0.01084,5.42
1008,0.01085,5.425
1008,0.01084,5.42
1008,0.01085,5.425
1008,0.01085,5.425
1008,0.01085,5.425
1008,0.01084,5.42
1009,0.01085,5.425
1009,0.01084,5.42
1009,0.01085,5.425
1009,0.01085,5.425
1009,0.01085,5.425
1009,0.01085,5.425
1009,0.01084,5.42
1009,0.01085,5.425
1009,0.01085,5.425
1009,0.01085,5.425
1010,0.01085,5.425
1010,0.01085,5.425
1010,0.01085,5.425
1010,0.01084,5.42
1010,0.01084,5.42
1010,0.01084,5.42
1010,0.01084,5.42
1010,0.01085,5.425
1010,0.01084,5.42
1010,0.01085,5.425
1011,0.01085,5.425
1011,0.01085,5.425
1011,0.01085,5.425
1011,0.01085,5.425
1011,0.01085,5.425
1011,0.01084,5.42
1011,0.01084,5.42
1011,0.01084,5.42
1011,0.01085,5.425
1011,0.01085,5.425
1012,0.01085,5.425
1012,0.01084,5.42
1012,0.01084,5.42
1012,0.01083,5.415
1012,0.01083,5.415
1012,0.01084,5.42
1012,0.01084,5.42
1012,0.01084,5.42
1012,0.01085,5.425
1012,0.01085,5.425
1012,0.01084,5.42
1013,0.01084,5.42
1013,0.01084,5.42
1013,0.01084,5.42
1013,0.01084,5.42
1013,0.01084,5.42
1013,0.01084,5.42
1013,0.01084,5.42
1013,0.01085,5.425
1013,0.01084,5.42
1013,0.01084,5.42
1014,0.01083,5.415
1014,0.01083,5.415
1014,0.01085,5.425
1014,0.01084,5.42
1014,0.01084,5.42
1014,0.01084,5.42
1014,0.01084,5.42
1014,0.01084,5.42
1014,0.01084,5.42
1014,0.01084,5.42
1015,0.01084,5.42
1015,0.01084,5.42
1015,0.01084,5.42
1015,0.01084,5.42
1015,0.01084,5.42
1015,0.01083,5.415
1015,0.01083,5.415
1015,0.01084,5.42
1015,0.01084,5.42
1015,0.01084,5.42
1016,0.01084,5.42
1016,0.01084,5.42
1016,0.01084,5.42
1016,0.01083,5.415
1016,0.01084,5.42
1016,0.01084,5.42
1016,0.01084,5.42
1016,0.01083,5.415
1016,0.01085,5.425
1016,0.01084,5.42
1017,0.01084,5.42
1017,0.01083,5.415
1017,0.01083,5.415
1017,0.01083,5.415
1017,0.01083,5.415
1017,0.01083,5.415
1017,0.01084,5.42
1017,0.01085,5.425
1017,0.01085,5.425
1017,0.01085,5.425
1018,0.01085,5.425
1018,0.01085,5.425
1018,0.01085,5.425
1018,0.01085,5.425
1018,0.01085,5.425
1018,0.01084,5.42
1018,0.01084,5.42
1018,0.01084,5.42
1018,0.01084,5.42
1018,0.01085,5.425
1019,0.01084,5.42
1019,0.01084,5.42
1019,0.01085,5.425
1019,0.01084,5.42
1019,0.01083,5.415
1019,0.01083,5.415
1019,0.01084,5.42
1019,0.01084,5.42
1019,0.01085,5.425
1019,0.01085,5.425
1020,0.01084,5.42
1020,0.01083,5.415
1020,0.01084,5.42
1020,0.01084,5.42
1020,0.01084,5.42
1020,0.01084,5.42
1020,0.01084,5.42
1020,0.01084,5.42
1020,0.01084,5.42
1020,0.01084,5.42
1021,0.01083,5.415
1021,0.01084,5.42
1021,0.01083,5.415
1021,0.01083,5.415
1021,0.01084,5.42
1021,0.01084,5.42
1021,0.01084,5.42
1021,0.01084,5.42
1021,0.01083,5.415
1021,0.01083,5.415
1022,0.01084,5.42
1022,0.01085,5.425
1022,0.01084,5.42
1022,0.01084,5.42
1022,0.01084,5.42
1022,0.01084,5.42
1022,0.01084,5.42
1022,0.01084,5.42
1022,0.01084,5.42
1022,0.01084,5.42
1023,0.01084,5.42
1023,0.01084,5.42
1023,0.01084,5.42
1023,0.01084,5.42
1023,0.01084,5.42
1023,0.01085,5.425
1023,0.01085,5.425
1023,0.01085,5.425
1023,0.01085,5.425
1023,0.01084,5.42
1024,0.01084,5.42
1024,0.01083,5.415
1024,0.01084,5.42
1024,0.01085,5.425
1024,0.01084,5.42
1024,0.01084,5.42
1024,0.01084,5.42
1024,0.01084,5.42
1024,0.01084,5.42
1024,0.01084,5.42
1025,0.01085,5.425
1025,0.01085,5.425
1025,0.01084,5.42
1025,0.01085,5.425
1025,0.01084,5.42
1025,0.01084,5.42
1025,0.01084,5.42
1025,0.01085,5.425
1025,0.01084,5.42
1025,0.01084,5.42
1026,0.01084,5.42
1026,0.01084,5.42
1026,0.01084,5.42
1026,0.01084,5.42
1026,0.01084,5.42
1026,0.01084,5.42
1026,0.01084,5.42
1026,0.01084,5.42
1026,0.01084,5.42
1026,0.01084,5.42
1027,0.01084,5.42
1027,0.01084,5.42
1027,0.01084,5.42
1027,0.01085,5.425
1027,0.01084,5.42
1027,0.01084,5.42
1027,0.01084,5.42
1027,0.01083,5.415
1027,0.01084,5.42
1027,0.01085,5.425
1028,0.01084,5.42
1028,0.01084,5.42
1028,0.01084,5.42
1028,0.01084,5.42
1028,0.01084,5.42
1028,0.01084,5.42
1028,0.01084,5.42
1028,0.01084,5.42
1028,0.01084,5.42
1028,0.01084,5.42
1029,0.01084,5.42
1029,0.01084,5.42
1029,0.01083,5.415
1029,0.01084,5.42
1029,0.01084,5.42
1029,0.01084,5.42
1029,0.01085,5.425
1029,0.01084,5.42
1029,0.01084,5.42
1029,0.01084,5.42
1030,0.01084,5.42
1030,0.01084,5.42
1030,0.01084,5.42
1030,0.01084,5.42
1030,0.01084,5.42
1030,0.01084,5.42
1030,0.01083,5.415
1030,0.01084,5.42
1030,0.01084,5.42
1030,0.01084,5.42
1031,0.01084,5.42
1031,0.01083,5.415
1031,0.01083,5.415
1031,0.01084,5.42
1031,0.01083,5.415
1031,0.01083,5.415
1031,0.01083,5.415
1031,0.01084,5.42
1031,0.01084,5.42
1031,0.01084,5.42
1032,0.01084,5.42
1032,0.01083,5.415
1032,0.01084,5.42
1032,0.01083,5.415
1032,0.01083,5.415
1032,0.01084,5.42
1032,0.01084,5.42
1032,0.01084,5.42
1032,0.01083,5.415
1032,0.01083,5.415
1033,0.01083,5.415
1033,0.01082,5.41
1033,0.01082,5.41
1033,0.01083,5.415
1033,0.01083,5.415
1033,0.01083,5.415
1033,0.01084,5.42
1033,0.01084,5.42
1033,0.01083,5.415
1033,0.01083,5.415
1034,0.01084,5.42
1034,0.01084,5.42
1034,0.01084,5.42
1034,0.01084,5.42
1034,0.01084,5.42
1034,0.01083,5.415
1034,0.01083,5.415
1034,0.01083,5.415
1034,0.01083,5.415
1034,0.01083,5.415
1035,0.01084,5.42
1035,0.01083,5.415
1035,0.01083,5.415
1035,0.01083,5.415
1035,0.01084,5.42
1035,0.01084,5.42
1035,0.01083,5.415
1035,0.01083,5.415
1035,0.01083,5.415
1035,0.01083,5.415
1036,0.01084,5.42
1036,0.01084,5.42
1036,0.01083,5.415
1036,0.01083,5.415
1036,0.01083,5.415
1036,0.01083,5.415
1036,0.01083,5.415
1036,0.01084,5.42
1036,0.01084,5.42
1036,0.01084,5.42
1037,0.01083,5.415
1037,0.01083,5.415
1037,0.01083,5.415
1037,0.01083,5.415
1037,0.01083,5.415
1037,0.01085,5.425
1037,0.01085,5.425
1037,0.01084,5.42
1037,0.01084,5.42
1037,0.01084,5.42
1038,0.01084,5.42
1038,0.01084,5.42
1038,0.01084,5.42
1038,0.01084,5.42
1038,0.01084,5.42
1038,0.01084,5.42
1038,0.01084,5.42
1038,0.01084,5.42
1038,0.01084,5.42
1038,0.01084,5.42
1039,0.01084,5.42
1039,0.01085,5.425
1039,0.01085,5.425
1039,0.01084,5.42
1039,0.01084,5.42
1039,0.01084,5.42
1039,0.01084,5.42
1039,0.01084,5.42
1039,0.01084,5.42
1039,0.01084,5.42
1040,0.01084,5.42
1040,0.01083,5.415
1040,0.01083,5.415
1040,0.01084,5.42
1040,0.01084,5.42
1040,0.01084,5.42
1040,0.01084,5.42
1040,0.01084,5.42
1040,0.01084,5.42
1040,0.01084,5.42
1041,0.01084,5.42
1041,0.01084,5.42
1041,0.01084,5.42
1041,0.01084,5.42
1041,0.01083,5.415
1041,0.01084,5.42
1041,0.01083,5.415
1041,0.01084,5.42
1041,0.01083,5.415
1041,0.01083,5.415
1042,0.01083,5.415
1042,0.01083,5.415
1042,0.01084,5.42
1042,0.01084,5.42
1042,0.01085,5.425
1042,0.01084,5.42
1042,0.01084,5.42
1042,0.01084,5.42
1042,0.01084,5.42
1042,0.01084,5.42
1043,0.01084,5.42
1043,0.01084,5.42
1043,0.01084,5.42
1043,0.01084,5.42
1043,0.01085,5.425
1043,0.01084,5.42
1043,0.01085,5.425
1043,0.01084,5.42
1043,0.01085,5.425
1043,0.01084,5.42
1044,0.01084,5.42
1044,0.01085,5.425
1044,0.01085,5.425
1044,0.01084,5.42
1044,0.01085,5.425
1044,0.01085,5.425
1044,0.01085,5.425
1044,0.01084,5.42
1044,0.01084,5.42
1044,0.01084,5.42
1045,0.01084,5.42
1045,0.01084,5.42
1045,0.01085,5.425
1045,0.01084,5.42
1045,0.01084,5.42
1045,0.01084,5.42
1045,0.01084,5.42
1045,0.01084,5.42
1045,0.01084,5.42
1045,0.01085,5.425
1046,0.01084,5.42
1046,0.01084,5.42
1046,0.01084,5.42
1046,0.01085,5.425
1046,0.01085,5.425
1046,0.01085,5.425
1046,0.01084,5.42
1046,0.01084,5.42
1046,0.01084,5.42
1046,0.01084,5.42
1047,0.01084,5.42
1047,0.01084,5.42
1047,0.01084,5.42
1047,0.01085,5.425
1047,0.01084,5.42
1047,0.01084,5.42
1047,0.01084,5.42
1047,0.01084,5.42
1047,0.01083,5.415
1047,0.01084,5.42
1048,0.01084,5.42
1048,0.01085,5.425
1048,0.01084,5.42
1048,0.01084,5.42
1048,0.01084,5.42
1048,0.01084,5.42
1048,0.01084,5.42
1048,0.01084,5.42
1048,0.01084,5.42
1048,0.01084,5.42
1049,0.01083,5.415
1049,0.01084,5.42
1049,0.01084,5.42
1049,0.01084,5.42
1049,0.01085,5.425
1049,0.01084,5.42
1049,0.01084,5.42
1049,0.01084,5.42
1049,0.01084,5.42
1049,0.01084,5.42
1050,0.01085,5.425
1050,0.01085,5.425
1050,0.01084,5.42
1050,0.01084,5.42
1050,0.01085,5.425
1050,0.01085,5.425
1050,0.01084,5.42
1050,0.01084,5.42
1050,0.01085,5.425
1050,0.01085,5.425
1051,0.01085,5.425
1051,0.01085,5.425
1051,0.01085,5.425
1051,0.01084,5.42
1051,0.01084,5.42
1051,0.01084,5.42
1051,0.01084,5.42
1051,0.01084,5.42
1051,0.01085,5.425
1051,0.01085,5.425
1052,0.01085,5.425
1052,0.01084,5.42
1052,0.01084,5.42
1052,0.01085,5.425
1052,0.01085,5.425
1052,0.01085,5.425
1052,0.01084,5.42
1052,0.01084,5.42
1052,0.01084,5.42
1052,0.01084,5.42
1053,0.01084,5.42
1053,0.01084,5.42
1053,0.01085,5.425
1053,0.01084,5.42
1053,0.01084,5.42
1053,0.01084,5.42
1053,0.01084,5.42
1053,0.01084,5.42
1053,0.01085,5.425
1053,0.01084,5.42
1054,0.01084,5.42
1054,0.01084,5.42
1054,0.01083,5.415
1054,0.01083,5.415
1054,0.01084,5.42
1054,0.01084,5.42
1054,0.01083,5.415
1054,0.01083,5.415
1054,0.01083,5.415
1054,0.01084,5.42
1055,0.01084,5.42
1055,0.01084,5.42
1055,0.01083,5.415
1055,0.01084,5.42
1055,0.01084,5.42
1055,0.01084,5.42
1055,0.01084,5.42
1055,0.01084,5.42
1055,0.01083,5.415
1055,0.01084,5.42
1056,0.01084,5.42
1056,0.01084,5.42
1056,0.01084,5.42
1056,0.01084,5.42
1056,0.01083,5.415
1056,0.01083,5.415
1056,0.01083,5.415
1056,0.01083,5.415
1056,0.01083,5.415
1056,0.01083,5.415
1057,0.01083,5.415
1057,0.01083,5.415
1057,0.01084,5.42
1057,0.01084,5.42
1057,0.01084,5.42
1057,0.01084,5.42
1057,0.01084,5.42
1057,0.01083,5.415
1057,0.01084,5.42
1057,0.01084,5.42
1058,0.01084,5.42
1058,0.01084,5.42
1058,0.01084,5.42
1058,0.01084,5.42
1058,0.01084,5.42
1058,0.01084,5.42
1058,0.01084,5.42
1058,0.01083,5.415
1058,0.01084,5.42
1058,0.01084,5.42
1059,0.01084,5.42
1059,0.01084,5.42
1059,0.01084,5.42
1059,0.01084,5.42
1059,0.01084,5.42
1059,0.01083,5.415
1059,0.01084,5.42
1059,0.01084,5.42
1059,0.01084,5.42
1059,0.01084,5.42
1060,0.01084,5.42
1060,0.01084,5.42
1060,0.01084,5.42
1060,0.01083,5.415
1060,0.01083,5.415
1060,0.01083,5.415
1060,0.01083,5.415
1060,0.01084,5.42
1060,0.01083,5.415
1060,0.01084,5.42
1061,0.01083,5.415
1061,0.01083,5.415
1061,0.01083,5.415
1061,0.01084,5.42
1061,0.01084,5.42
1061,0.01084,5.42
1061,0.01084,5.42
1061,0.01084,5.42
1061,0.01083,5.415
1061,0.01083,5.415
1062,0.01084,5.42
1062,0.01084,5.42
1062,0.01084,5.42
1062,0.01084,5.42
1062,0.01083,5.415
1062,0.01083,5.415
1062,0.01083,5.415
1062,0.01084,5.42
1062,0.01084,5.42
1062,0.01083,5.415
1063,0.01084,5.42
1063,0.01083,5.415
1063,0.01084,5.42
1063,0.01084,5.42
1063,0.01084,5.42
1063,0.01083,5.415
1063,0.01084,5.42
1063,0.01084,5.42
1063,0.01084,5.42
1063,0.01083,5.415
1064,0.01084,5.42
1064,0.01085,5.425
1064,0.01085,5.425
1064,0.01085,5.425
1064,0.01085,5.425
1064,0.01085,5.425
1064,0.01085,5.425
1064,0.01085,5.425
1064,0.01085,5.425
1064,0.01085,5.425
1065,0.01085,5.425
1065,0.01084,5.42
1065,0.01084,5.42
1065,0.01084,5.42
1065,0.01085,5.425
1065,0.01086,5.43
1065,0.01085,5.425
1065,0.01085,5.425
1065,0.01085,5.425
1065,0.01085,5.425
1066,0.01085,5.425
1066,0.01085,5.425
1066,0.01085,5.425
1066,0.01085,5.425
1066,0.01084,5.42
1066,0.01084,5.42
1066,0.01085,5.425
1066,0.01085,5.425
1066,0.01085,5.425
1066,0.01085,5.425
1067,0.01086,5.43
1067,0.01085,5.425
1067,0.01085,5.425
1067,0.01085,5.425
1067,0.01085,5.425
1067,0.01085,5.425
1067,0.01085,5.425
1067,0.01085,5.425
1067,0.01085,5.425
1067,0.01085,5.425
1068,0.01085,5.425
1068,0.01085,5.425
1068,0.01086,5.43
1068,0.01085,5.425
1068,0.01085,5.425
1068,0.01085,5.425
1068,0.01085,5.425
1068,0.01085,5.425
1068,0.01085,5.425
1068,0.01085,5.425
1069,0.01085,5.425
1069,0.01085,5.425
1069,0.01085,5.425
1069,0.01085,5.425
1069,0.01085,5.425
1069,0.01086,5.43
1069,0.01085,5.425
1069,0.01085,5.425
1069,0.01085,5.425
1069,0.01085,5.425
1070,0.01085,5.425
1070,0.01086,5.43
1070,0.01085,5.425
1070,0.01085,5.425
1070,0.01085,5.425
1070,0.01086,5.43
1070,0.01086,5.43
1070,0.01085,5.425
1070,0.01085,5.425
1070,0.01085,5.425
1071,0.01085,5.425
1071,0.01085,5.425
1071,0.01085,5.425
1071,0.01085,5.425
1071,0.01086,5.43
1071,0.01085,5.425
1071,0.01085,5.425
1071,0.01085,5.425
1071,0.01085,5.425
1071,0.01085,5.425
1072,0.01085,5.425
1072,0.01084,5.42
1072,0.01085,5.425
1072,0.01085,5.425
1072,0.01085,5.425
1072,0.01085,5.425
1072,0.01085,5.425
1072,0.01085,5.425
1072,0.01086,5.43
1072,0.01085,5.425
1073,0.01085,5.425
1073,0.01085,5.425
1073,0.01086,5.43
1073,0.01085,5.425
1073,0.01086,5.43
1073,0.01085,5.425
1073,0.01085,5.425
1073,0.01085,5.425
1073,0.01085,5.425
1073,0.01085,5.425
1074,0.01085,5.425
1074,0.01085,5.425
1074,0.01085,5.425
1074,0.01085,5.425
1074,0.01086,5.43
1074,0.01085,5.425
1074,0.01085,5.425
1074,0.01085,5.425
1074,0.01085,5.425
1074,0.01085,5.425
1075,0.01086,5.43
1075,0.01086,5.43
1075,0.01086,5.43
1075,0.01086,5.43
1075,0.01086,5.43
1075,0.01086,5.43
1075,0.01085,5.425
1075,0.01085,5.425
1075,0.01085,5.425
1075,0.01085,5.425
1076,0.01085,5.425
1076,0.01086,5.43
1076,0.01085,5.425
1076,0.01085,5.425
1076,0.01085,5.425
1076,0.01085,5.425
1076,0.01085,5.425
1076,0.01085,5.425
1076,0.01086,5.43
1076,0.01085,5.425
1077,0.01085,5.425
1077,0.01085,5.425
1077,0.01085,5.425
1077,0.01085,5.425
1077,0.01085,5.425
1077,0.01085,5.425
1077,0.01085,5.425
1077,0.01085,5.425
1077,0.01085,5.425
1077,0.01084,5.42
1078,0.01084,5.42
1078,0.01085,5.425
1078,0.01085,5.425
1078,0.01085,5.425
1078,0.01085,5.425
1078,0.01084,5.42
1078,0.01084,5.42
1078,0.01085,5.425
1078,0.01085,5.425
1078,0.01085,5.425
1079,0.01084,5.42
1079,0.01085,5.425
1079,0.01085,5.425
1079,0.01085,5.425
1079,0.01085,5.425
1079,0.01085,5.425
1079,0.01084,5.42
1079,0.01084,5.42
1079,0.01084,5.42
1079,0.01085,5.425
1080,0.01085,5.425
1080,0.01085,5.425
1080,0.01085,5.425
1080,0.01085,5.425
1080,0.01085,5.425
1080,0.01085,5.425
1080,0.01084,5.42
1080,0.01085,5.425
1080,0.01084,5.42
1080,0.01085,5.425
1081,0.01085,5.425
1081,0.01085,5.425
1081,0.01085,5.425
1081,0.01086,5.43
1081,0.01085,5.425
1081,0.01085,5.425
1081,0.01085,5.425
1081,0.01085,5.425
1081,0.01085,5.425
1081,0.01084,5.42
1082,0.01085,5.425
1082,0.01086,5.43
1082,0.01085,5.425
1082,0.01086,5.43
1082,0.01086,5.43
1082,0.01085,5.425
1082,0.01085,5.425
1082,0.01085,5.425
1082,0.01085,5.425
1082,0.01085,5.425
1083,0.01085,5.425
1083,0.01085,5.425
1083,0.01085,5.425
1083,0.01085,5.425
1083,0.01084,5.42
1083,0.01086,5.43
1083,0.01085,5.425
1083,0.01085,5.425
1083,0.01085,5.425
1083,0.01085,5.425
1084,0.01085,5.425
1084,0.01085,5.425
1084,0.01085,5.425
1084,0.01085,5.425
1084,0.01085,5.425
1084,0.01085,5.425
1084,0.01084,5.42
1084,0.01085,5.425
1084,0.01085,5.425
1084,0.01085,5.425
1085,0.01085,5.425
1085,0.01085,5.425
1085,0.01085,5.425
1085,0.01085,5.425
1085,0.01085,5.425
1085,0.01085,5.425
1085,0.01085,5.425
1085,0.01085,5.425
1085,0.01085,5.425
1085,0.01084,5.42
1086,0.01084,5.42
1086,0.01084,5.42
1086,0.01085,5.425
1086,0.01085,5.425
1086,0.01084,5.42
1086,0.01084,5.42
1086,0.01085,5.425
1086,0.01085,5.425
1086,0.01085,5.425
1086,0.01085,5.425
1087,0.01085,5.425
1087,0.01085,5.425
1087,0.01085,5.425
1087,0.01085,5.425
1087,0.01085,5.425
1087,0.01085,5.425
1087,0.01085,5.425
1087,0.01085,5.425
1087,0.01084,5.42
1087,0.01085,5.425
1088,0.01085,5.425
1088,0.01085,5.425
1088,0.01085,5.425
1088,0.01084,5.42
1088,0.01084,5.42
1088,0.01084,5.42
1088,0.01085,5.425
1088,0.01085,5.425
1088,0.01085,5.425
1088,0.01085,5.425
1089,0.01085,5.425
1089,0.01085,5.425
1089,0.01085,5.425
1089,0.01085,5.425
1089,0.01085,5.425
1089,0.01085,5.425
1089,0.01085,5.425
1089,0.01084,5.42
1089,0.01085,5.425
1089,0.01085,5.425
1090,0.01086,5.43
1090,0.01085,5.425
1090,0.01085,5.425
1090,0.01085,5.425
1090,0.01085,5.425
1090,0.01084,5.42
1090,0.01085,5.425
1090,0.01085,5.425
1090,0.01085,5.425
1090,0.01085,5.425
1091,0.01085,5.425
1091,0.01084,5.42
1091,0.01084,5.42
1091,0.01085,5.425
1091,0.01085,5.425
1091,0.01085,5.425
1091,0.01085,5.425
1091,0.01085,5.425
1091,0.01084,5.42
1091,0.01085,5.425
1092,0.01084,5.42
1092,0.01084,5.42
1092,0.01085,5.425
1092,0.01085,5.425
1092,0.01085,5.425
1092,0.01085,5.425
1092,0.01085,5.425
1092,0.01085,5.425
1092,0.01084,5.42
1092,0.01085,5.425
1093,0.01085,5.425
1093,0.01084,5.42
1093,0.01084,5.42
1093,0.01085,5.425
1093,0.01085,5.425
1093,0.01085,5.425
1093,0.01085,5.425
1093,0.01085,5.425
1093,0.01084,5.42
1093,0.01084,5.42
1094,0.01085,5.425
1094,0.01085,5.425
1094,0.01085,5.425
1094,0.01085,5.425
1094,0.01085,5.425
1094,0.01085,5.425
1094,0.01085,5.425
1094,0.01085,5.425
1094,0.01085,5.425
1094,0.01085,5.425
1095,0.01085,5.425
1095,0.01085,5.425
1095,0.01085,5.425
1095,0.01085,5.425
1095,0.01086,5.43
1095,0.01086,5.43
1095,0.01085,5.425
1095,0.01086,5.43
1095,0.01086,5.43
1095,0.01085,5.425
1096,0.01085,5.425
1096,0.01086,5.43
1096,0.01086,5.43
1096,0.01086,5.43
1096,0.01085,5.425
1096,0.01085,5.425
1096,0.01085,5.425
1096,0.01085,5.425
1096,0.01085,5.425
1096,0.01084,5.42
1097,0.01085,5.425
1097,0.01086,5.43
1097,0.01085,5.425
1097,0.01085,5.425
1097,0.01086,5.43
1097,0.01086,5.43
1097,0.01085,5.425
1097,0.01084,5.42
1097,0.01085,5.425
1097,0.01086,5.43
1098,0.01085,5.425
1098,0.01085,5.425
1098,0.01085,5.425
1098,0.01085,5.425
1098,0.01085,5.425
1098,0.01085,5.425
1098,0.01085,5.425
1098,0.01084,5.42
1098,0.01085,5.425
1098,0.01086,5.43
1099,0.01085,5.425
1099,0.01085,5.425
1099,0.01085,5.425
1099,0.01085,5.425
1099,0.01085,5.425
1099,0.01085,5.425
1099,0.01085,5.425
1099,0.01085,5.425
1099,0.01085,5.425
1099,0.01085,5.425
1100,0.01085,5.425
1100,0.01085,5.425
1100,0.01085,5.425
1100,0.01085,5.425
1100,0.01085,5.425
1100,0.01084,5.42
1100,0.01085,5.425
1100,0.01085,5.425
1100,0.01085,5.425
1100,0.01085,5.425
1101,0.01085,5.425
1101,0.01085,5.425
1101,0.01085,5.425
1101,0.01085,5.425
1101,0.01085,5.425
1101,0.01085,5.425
1101,0.01085,5.425
1101,0.01085,5.425
1101,0.01084,5.42
1101,0.01084,5.42
1102,0.01085,5.425
1102,0.01085,5.425
1102,0.01085,5.425
1102,0.01085,5.425
1102,0.01085,5.425
1102,0.01085,5.425
1102,0.01085,5.425
1102,0.01085,5.425
1102,0.01084,5.42
1102,0.01084,5.42
1103,0.01085,5.425
1103,0.01085,5.425
1103,0.01085,5.425
1103,0.01084,5.42
1103,0.01084,5.42
1103,0.01085,5.425
1103,0.01085,5.425
1103,0.01084,5.42
1103,0.01084,5.42
1103,0.01084,5.42
1104,0.01085,5.425
1104,0.01085,5.425
1104,0.01086,5.43
1104,0.01086,5.43
1104,0.01086,5.43
1104,0.01086,5.43
1104,0.01085,5.425
1104,0.01085,5.425
1104,0.01086,5.43
1104,0.01085,5.425
1105,0.01085,5.425
1105,0.01085,5.425
1105,0.01084,5.42
1105,0.01084,5.42
1105,0.01085,5.425
1105,0.01084,5.42
1105,0.01085,5.425
1105,0.01085,5.425
1105,0.01085,5.425
1105,0.01084,5.42
1106,0.01085,5.425
1106,0.01085,5.425
1106,0.01085,5.425
1106,0.01085,5.425
1106,0.01085,5.425
1106,0.01084,5.42
1106,0.01084,5.42
1106,0.01084,5.42
1106,0.01084,5.42
1106,0.01084,5.42
1107,0.01085,5.425
1107,0.01085,5.425
1107,0.01085,5.425
1107,0.01085,5.425
1107,0.01084,5.42
1107,0.01084,5.42
1107,0.01084,5.42
1107,0.01084,5.42
1107,0.01085,5.425
1107,0.01085,5.425
1108,0.01085,5.425
1108,0.01085,5.425
1108,0.01085,5.425
1108,0.01085,5.425
1108,0.01084,5.42
1108,0.01085,5.425
1108,0.01085,5.425
1108,0.01085,5.425
1108,0.01085,5.425
1108,0.01085,5.425
1109,0.01084,5.42
1109,0.01085,5.425
1109,0.01085,5.425
1109,0.01085,5.425
1109,0.01085,5.425
1109,0.01085,5.425
1109,0.01085,5.425
1109,0.01084,5.42
1109,0.01085,5.425
1109,0.01085,5.425
1110,0.01085,5.425
1110,0.01084,5.42
1110,0.01084,5.42
1110,0.01085,5.425
1110,0.01084,5.42
1110,0.01085,5.425
1110,0.01085,5.425
1110,0.01085,5.425
1110,0.01085,5.425
1110,0.01085,5.425
1111,0.01085,5.425
1111,0.01085,5.425
1111,0.01085,5.425
1111,0.01085,5.425
1111,0.01084,5.42
1111,0.01084,5.42
1111,0.01084,5.42
1111,0.01085,5.425
1111,0.01085,5.425
1111,0.01085,5.425
1112,0.01085,5.425
1112,0.01085,5.425
1112,0.01084,5.42
1112,0.01084,5.42
1112,0.01085,5.425
1112,0.01084,5.42
1112,0.01085,5.425
1112,0.01085,5.425
1112,0.01084,5.42
1112,0.01084,5.42
1113,0.01084,5.42
1113,0.01084,5.42
1113,0.01084,5.42
1113,0.01085,5.425
1113,0.01085,5.425
1113,0.01085,5.425
1113,0.01085,5.425
1113,0.01085,5.425
1113,0.01085,5.425
1113,0.01085,5.425
1114,0.01085,5.425
1114,0.01085,5.425
1114,0.01084,5.42
1114,0.01084,5.42
1114,0.01085,5.425
1114,0.01085,5.425
1114,0.01085,5.425
1114,0.01085,5.425
1114,0.01085,5.425
1114,0.01084,5.42
1115,0.01084,5.42
1115,0.01083,5.415
1115,0.01083,5.415
1115,0.01084,5.42
1115,0.01085,5.425
1115,0.01085,5.425
1115,0.01085,5.425
1115,0.01085,5.425
1115,0.01085,5.425
1115,0.01085,5.425
1116,0.01085,5.425
1116,0.01085,5.425
1116,0.01085,5.425
1116,0.01085,5.425
1116,0.01085,5.425
1116,0.01086,5.43
1116,0.01085,5.425
1116,0.01085,5.425
1116,0.01085,5.425
1116,0.01085,5.425
1117,0.01084,5.42
1117,0.01085,5.425
1117,0.01084,5.42
1117,0.01084,5.42
1117,0.01084,5.42
1117,0.01085,5.425
1117,0.01084,5.42
1117,0.01085,5.425
1117,0.01085,5.425
1117,0.01084,5.42
1118,0.01085,5.425
1118,0.01085,5.425
1118,0.01085,5.425
1118,0.01085,5.425
1118,0.01085,5.425
1118,0.01085,5.425
1118,0.01085,5.425
1118,0.01084,5.42
1118,0.01084,5.42
1118,0.01084,5.42
1119,0.01084,5.42
1119,0.01084,5.42
1119,0.01084,5.42
1119,0.01084,5.42
1119,0.01084,5.42
1119,0.01084,5.42
1119,0.01084,5.42
1119,0.01083,5.415
1119,0.01083,5.415
1119,0.01083,5.415
1120,0.01084,5.42
1120,0.01084,5.42
1120,0.01083,5.415
1120,0.01084,5.42
1120,0.01084,5.42
1120,0.01085,5.425
1120,0.01085,5.425
1120,0.01085,5.425
1120,0.01085,5.425
1120,0.01085,5.425
1121,0.01085,5.425
1121,0.01085,5.425
1121,0.01085,5.425
1121,0.01085,5.425
1121,0.01085,5.425
1121,0.01085,5.425
1121,0.01085,5.425
1121,0.01084,5.42
1121,0.01084,5.42
1121,0.01085,5.425
1122,0.01085,5.425
1122,0.01085,5.425
1122,0.01085,5.425
1122,0.01085,5.425
1122,0.01085,5.425
1122,0.01085,5.425
1122,0.01085,5.425
1122,0.01084,5.42
1122,0.01084,5.42
1122,0.01084,5.42
1123,0.01084,5.42
1123,0.01084,5.42
1123,0.01083,5.415
1123,0.01084,5.42
1123,0.01084,5.42
1123,0.01084,5.42
1123,0.01084,5.42
1123,0.01085,5.425
1123,0.01084,5.42
1123,0.01084,5.42
1124,0.01083,5.415
1124,0.01083,5.415
1124,0.01084,5.42
1124,0.01084,5.42
1124,0.01084,5.42
1124,0.01084,5.42
1124,0.01084,5.42
1124,0.01084,5.42
1124,0.01085,5.425
1124,0.01085,5.425
1125,0.01084,5.42
1125,0.01085,5.425
1125,0.01085,5.425
1125,0.01086,5.43
1125,0.01086,5.43
1125,0.01086,5.43
1125,0.01086,5.43
1125,0.01086,5.43
1125,0.01086,5.43
1125,0.01086,5.43
1126,0.01086,5.43
1126,0.01085,5.425
1126,0.01086,5.43
1126,0.01085,5.425
1126,0.01085,5.425
1126,0.01086,5.43
1126,0.01086,5.43
1126,0.01086,5.43
1126,0.01086,5.43
1126,0.01085,5.425
1127,0.01085,5.425
1127,0.01086,5.43
1127,0.01085,5.425
1127,0.01085,5.425
1127,0.01086,5.43
1127,0.01086,5.43
1127,0.01085,5.425
1127,0.01085,5.425
1127,0.01085,5.425
1127,0.01085,5.425
1128,0.01085,5.425
1128,0.01084,5.42
1128,0.01084,5.42
1128,0.01085,5.425
1128,0.01085,5.425
1128,0.01085,5.425
1128,0.01085,5.425
1128,0.01085,5.425
1128,0.01085,5.425
1128,0.01085,5.425
1129,0.01085,5.425
1129,0.01084,5.42
1129,0.01085,5.425
1129,0.01086,5.43
1129,0.01086,5.43
1129,0.01086,5.43
1129,0.01085,5.425
1129,0.01086,5.43
1129,0.01086,5.43
1129,0.01086,5.43
1130,0.01086,5.43
1130,0.01085,5.425
1130,0.01085,5.425
1130,0.01085,5.425
1130,0.01086,5.43
1130,0.01086,5.43
1130,0.01085,5.425
1130,0.01085,5.425
1130,0.01085,5.425
1130,0.01085,5.425
1131,0.01085,5.425
1131,0.01085,5.425
1131,0.01085,5.425
1131,0.01084,5.42
1131,0.01085,5.425
1131,0.01085,5.425
1131,0.01085,5.425
1131,0.01085,5.425
1131,0.01085,5.425
1131,0.01085,5.425
1132,0.01085,5.425
1132,0.01084,5.42
1132,0.01085,5.425
1132,0.01085,5.425
1132,0.01084,5.42
1132,0.01085,5.425
1132,0.01085,5.425
1132,0.01085,5.425
1132,0.01085,5.425
1132,0.01085,5.425
1133,0.01085,5.425
1133,0.01086,5.43
1133,0.01086,5.43
1133,0.01086,5.43
1133,0.01086,5.43
1133,0.01085,5.425
1133,0.01086,5.43
1133,0.01085,5.425
1133,0.01085,5.425
1133,0.01085,5.425
1134,0.01085,5.425
1134,0.01085,5.425
1134,0.01085,5.425
1134,0.01085,5.425
1134,0.01085,5.425
1134,0.01086,5.43
1134,0.01086,5.43
1134,0.01085,5.425
1134,0.01085,5.425
1134,0.01085,5.425
1135,0.01086,5.43
1135,0.01086,5.43
1135,0.01085,5.425
1135,0.01086,5.43
1135,0.01086,5.43
1135,0.01086,5.43
1135,0.01086,5.43
1135,0.01085,5.425
1135,0.01085,5.425
1135,0.01086,5.43
1136,0.01086,5.43
1136,0.01085,5.425
1136,0.01086,5.43
1136,0.01086,5.43
1136,0.01085,5.425
1136,0.01085,5.425
1136,0.01086,5.43
1136,0.01086,5.43
1136,0.01086,5.43
1136,0.01086,5.43
1137,0.01086,5.43
1137,0.01086,5.43
1137,0.01087,5.435
1137,0.01086,5.43
1137,0.01087,5.435
1137,0.01086,5.43
1137,0.01086,5.43
1137,0.01086,5.43
1137,0.01087,5.435
1137,0.01086,5.43
1138,0.01086,5.43
1138,0.01086,5.43
1138,0.01086,5.43
1138,0.01086,5.43
1138,0.01086,5.43
1138,0.01086,5.43
1138,0.01085,5.425
1138,0.01086,5.43
1138,0.01086,5.43
1138,0.01086,5.43
1139,0.01085,5.425
1139,0.01085,5.425
1139,0.01085,5.425
1139,0.01085,5.425
1139,0.01086,5.43
1139,0.01087,5.435
1139,0.01086,5.43
1139,0.01086,5.43
1139,0.01086,5.43
1139,0.01086,5.43
1140,0.01086,5.43
1140,0.01086,5.43
1140,0.01086,5.43
1140,0.01086,5.43
1140,0.01087,5.435
1140,0.01087,5.435
1140,0.01086,5.43
1140,0.01085,5.425
1140,0.01085,5.425
1140,0.01085,5.425
1141,0.01085,5.425
1141,0.01086,5.43
1141,0.01085,5.425
1141,0.01085,5.425
1141,0.01085,5.425
1141,0.01085,5.425
1141,0.01086,5.43
1141,0.01086,5.43
1141,0.01086,5.43
1141,0.01086,5.43
1142,0.01085,5.425
1142,0.01085,5.425
1142,0.01086,5.43
1142,0.01085,5.425
1142,0.01086,5.43
1142,0.01086,5.43
1142,0.01086,5.43
1142,0.01085,5.425
1142,0.01086,5.43
1142,0.01086,5.43
1143,0.01086,5.43
1143,0.01085,5.425
1143,0.01085,5.425
1143,0.01086,5.43
1143,0.01086,5.43
1143,0.01086,5.43
1143,0.01085,5.425
1143,0.01086,5.43
1143,0.01086,5.43
1143,0.01085,5.425
1144,0.01086,5.43
1144,0.01085,5.425
1144,0.01085,5.425
1144,0.01085,5.425
1144,0.01086,5.43
1144,0.01085,5.425
1144,0.01086,5.43
1144,0.01086,5.43
1144,0.01086,5.43
1144,0.01086,5.43
1145,0.01086,5.43
1145,0.01086,5.43
1145,0.01085,5.425
1145,0.01086,5.43
1145,0.01085,5.425
1145,0.01085,5.425
1145,0.01085,5.425
1145,0.01086,5.43
1145,0.01086,5.43
1145,0.01086,5.43
1146,0.01086,5.43
1146,0.01085,5.425
1146,0.01085,5.425
1146,0.01085,5.425
1146,0.01085,5.425
1146,0.01085,5.425
1146,0.01085,5.425
1146,0.01086,5.43
1146,0.01086,5.43
1146,0.01085,5.425
1147,0.01085,5.425
1147,0.01085,5.425
1147,0.01085,5.425
1147,0.01085,5.425
1147,0.01086,5.43
1147,0.01086,5.43
1147,0.01086,5.43
1147,0.01086,5.43
1147,0.01085,5.425
1147,0.01085,5.425
1148,0.01085,5.425
1148,0.01085,5.425
1148,0.01086,5.43
1148,0.01086,5.43
1148,0.01086,5.43
1148,0.01086,5.43
1148,0.01085,5.425
1148,0.01085,5.425
1148,0.01085,5.425
1148,0.01085,5.425
1149,0.01086,5.43
1149,0.01086,5.43
1149,0.01086,5.43
1149,0.01085,5.425
1149,0.01085,5.425
1149,0.01086,5.43
1149,0.01086,5.43
1149,0.01085,5.425
1149,0.01085,5.425
1149,0.01086,5.43
1150,0.01085,5.425
1150,0.01085,5.425
1150,0.01085,5.425
1150,0.01085,5.425
1150,0.01084,5.42
1150,0.01085,5.425
1150,0.01086,5.43
1150,0.01086,5.43
1150,0.01086,5.43
1150,0.01085,5.425
1151,0.01085,5.425
1151,0.01085,5.425
1151,0.01086,5.43
1151,0.01086,5.43
1151,0.01086,5.43
1151,0.01086,5.43
1151,0.01086,5.43
1151,0.01086,5.43
1151,0.01086,5.43
1151,0.01086,5.43
1152,0.01086,5.43
1152,0.01086,5.43
1152,0.01086,5.43
1152,0.01086,5.43
1152,0.01086,5.43
1152,0.01087,5.435
1152,0.01086,5.43
1152,0.01086,5.43
1152,0.01085,5.425
1152,0.01086,5.43
1153,0.01086,5.43
1153,0.01086,5.43
1153,0.01085,5.425
1153,0.01086,5.43
1153,0.01086,5.43
1153,0.01085,5.425
1153,0.01085,5.425
1153,0.01085,5.425
1153,0.01086,5.43
1153,0.01085,5.425
1154,0.01086,5.43
1154,0.01086,5.43
1154,0.01086,5.43
1154,0.01086,5.43
1154,0.01086,5.43
1154,0.01086,5.43
1154,0.01086,5.43
1154,0.01086,5.43
1154,0.01085,5.425
1154,0.01086,5.43
1155,0.01086,5.43
1155,0.01086,5.43
1155,0.01085,5.425
1155,0.01085,5.425
1155,0.01086,5.43
1155,0.01086,5.43
1155,0.01086,5.43
1155,0.01086,5.43
1155,0.01085,5.425
1155,0.01086,5.43
1156,0.01085,5.425
1156,0.01086,5.43
1156,0.01087,5.435
1156,0.01086,5.43
1156,0.01086,5.43
1156,0.01086,5.43
1156,0.01085,5.425
1156,0.01085,5.425
1156,0.01085,5.425
1156,0.01086,5.43
1157,0.01086,5.43
1157,0.01086,5.43
1157,0.01086,5.43
1157,0.01085,5.425
1157,0.01086,5.43
1157,0.01086,5.43
1157,0.01086,5.43
1157,0.01086,5.43
1157,0.01086,5.43
1157,0.01085,5.425
1158,0.01086,5.43
1158,0.01086,5.43
1158,0.01085,5.425
1158,0.01085,5.425
1158,0.01085,5.425
1158,0.01085,5.425
1158,0.01085,5.425
1158,0.01085,5.425
1158,0.01085,5.425
1158,0.01085,5.425
1159,0.01085,5.425
1159,0.01085,5.425
1159,0.01085,5.425
1159,0.01085,5.425
1159,0.01085,5.425
1159,0.01086,5.43
1159,0.01085,5.425
1159,0.01085,5.425
1159,0.01085,5.425
1159,0.01085,5.425
1160,0.01084,5.42
1160,0.01085,5.425
1160,0.01086,5.43
1160,0.01085,5.425
1160,0.01085,5.425
1160,0.01086,5.43
1160,0.01086,5.43
1160,0.01085,5.425
1160,0.01085,5.425
1160,0.01086,5.43
1161,0.01086,5.43
1161,0.01086,5.43
1161,0.01086,5.43
1161,0.01086,5.43
1161,0.01086,5.43
1161,0.01086,5.43
1161,0.01086,5.43
1161,0.01087,5.435
1161,0.01086,5.43
1161,0.01086,5.43
1162,0.01086,5.43
1162,0.01086,5.43
1162,0.01086,5.43
1162,0.01086,5.43
1162,0.01086,5.43
1162,0.01085,5.425
1162,0.01086,5.43
1162,0.01086,5.43
1162,0.01085,5.425
1162,0.01085,5.425
1163,0.01085,5.425
1163,0.01085,5.425
1163,0.01085,5.425
1163,0.01085,5.425
1163,0.01085,5.425
1163,0.01085,5.425
1163,0.01085,5.425
1163,0.01086,5.43
1163,0.01086,5.43
1163,0.01086,5.43
1164,0.01085,5.425
1164,0.01085,5.425
1164,0.01085,5.425
1164,0.01085,5.425
1164,0.01085,5.425
1164,0.01086,5.43
1164,0.01085,5.425
1164,0.01084,5.42
1164,0.01084,5.42
1164,0.01085,5.425
1165,0.01086,5.43
1165,0.01086,5.43
1165,0.01085,5.425
1165,0.01085,5.425
1165,0.01085,5.425
1165,0.01085,5.425
1165,0.01085,5.425
1165,0.01085,5.425
1165,0.01085,5.425
1165,0.01085,5.425
1166,0.01085,5.425
1166,0.01085,5.425
1166,0.01086,5.43
1166,0.01086,5.43
1166,0.01085,5.425
1166,0.01085,5.425
1166,0.01086,5.43
1166,0.01086,5.43
1166,0.01086,5.43
1166,0.01086,5.43
1167,0.01086,5.43
1167,0.01085,5.425
1167,0.01085,5.425
1167,0.01086,5.43
1167,0.01086,5.43
1167,0.01086,5.43
1167,0.01085,5.425
1167,0.01086,5.43
1167,0.01086,5.43
1167,0.01086,5.43
1168,0.01086,5.43
1168,0.01086,5.43
1168,0.01086,5.43
1168,0.01085,5.425
1168,0.01085,5.425
1168,0.01085,5.425
1168,0.01086,5.43
1168,0.01086,5.43
1168,0.01086,5.43
1168,0.01086,5.43
1169,0.01085,5.425
1169,0.01086,5.43
1169,0.01086,5.43
1169,0.01086,5.43
1169,0.01086,5.43
1169,0.01086,5.43
1169,0.01085,5.425
1169,0.01085,5.425
1169,0.01085,5.425
1169,0.01085,5.425
1170,0.01086,5.43
1170,0.01085,5.425
1170,0.01085,5.425
1170,0.01085,5.425
1170,0.01085,5.425
1170,0.01086,5.43
1170,0.01085,5.425
1170,0.01085,5.425
1170,0.01086,5.43
1170,0.01085,5.425
1171,0.01085,5.425
1171,0.01085,5.425
1171,0.01085,5.425
1171,0.01086,5.43
1171,0.01086,5.43
1171,0.01085,5.425
1171,0.01085,5.425
1171,0.01085,5.425
1171,0.01085,5.425
1171,0.01085,5.425
1172,0.01085,5.425
1172,0.01085,5.425
1172,0.01085,5.425
1172,0.01085,5.425
1172,0.01085,5.425
1172,0.01085,5.425
1172,0.01086,5.43
1172,0.01086,5.43
1172,0.01086,5.43
1172,0.01085,5.425
1173,0.01085,5.425
1173,0.01085,5.425
1173,0.01085,5.425
1173,0.01086,5.43
1173,0.01086,5.43
1173,0.01085,5.425
1173,0.01085,5.425
1173,0.01086,5.43
1173,0.01085,5.425
1173,0.01085,5.425
1174,0.01086,5.43
1174,0.01086,5.43
1174,0.01086,5.43
1174,0.01086,5.43
1174,0.01086,5.43
1174,0.01085,5.425
1174,0.01085,5.425
1174,0.01085,5.425
1174,0.01085,5.425
1174,0.01085,5.425
1175,0.01085,5.425
1175,0.01086,5.43
1175,0.01086,5.43
1175,0.01086,5.43
1175,0.01086,5.43
1175,0.01086,5.43
1175,0.01086,5.43
1175,0.01086,5.43
1175,0.01086,5.43
1175,0.01086,5.43
1176,0.01086,5.43
1176,0.01085,5.425
1176,0.01086,5.43
1176,0.01085,5.425
1176,0.01085,5.425
1176,0.01086,5.43
1176,0.01086,5.43
1176,0.01086,5.43
1176,0.01086,5.43
1176,0.01085,5.425
1177,0.01085,5.425
1177,0.01085,5.425
1177,0.01086,5.43
1177,0.01086,5.43
1177,0.01086,5.43
1177,0.01085,5.425
1177,0.01085,5.425
1177,0.01085,5.425
1177,0.01085,5.425
1177,0.01085,5.425
1178,0.01085,5.425
1178,0.01085,5.425
1178,0.01085,5.425
1178,0.01085,5.425
1178,0.01085,5.425
1178,0.01085,5.425
1178,0.01085,5.425
1178,0.01086,5.43
1178,0.01085,5.425
1178,0.01085,5.425
1179,0.01085,5.425
1179,0.01085,5.425
1179,0.01085,5.425
1179,0.01085,5.425
1179,0.01085,5.425
1179,0.01086,5.43
1179,0.01085,5.425
1179,0.01085,5.425
1179,0.01085,5.425
1179,0.01085,5.425
1180,0.01086,5.43
1180,0.01086,5.43
1180,0.01086,5.43
1180,0.01086,5.43
1180,0.01086,5.43
1180,0.01085,5.425
1180,0.01086,5.43
1180,0.01086,5.43
1180,0.01086,5.43
1180,0.01086,5.43
1181,0.01085,5.425
1181,0.01086,5.43
1181,0.01085,5.425
1181,0.01085,5.425
1181,0.01086,5.43
1181,0.01085,5.425
1181,0.01085,5.425
1181,0.01085,5.425
1181,0.01086,5.43
1181,0.01086,5.43
1182,0.01086,5.43
1182,0.01086,5.43
1182,0.01086,5.43
1182,0.01085,5.425
1182,0.01085,5.425
1182,0.01085,5.425
1182,0.01085,5.425
1182,0.01086,5.43
1182,0.01086,5.43
1182,0.01085,5.425
1183,0.01086,5.43
1183,0.01085,5.425
1183,0.01085,5.425
1183,0.01085,5.425
1183,0.01085,5.425
1183,0.01085,5.425
1183,0.01085,5.425
1183,0.01085,5.425
1183,0.01085,5.425
1183,0.01086,5.43
1184,0.01085,5.425
1184,0.01085,5.425
1184,0.01085,5.425
1184,0.01084,5.42
1184,0.01085,5.425
1184,0.01085,5.425
1184,0.01085,5.425
1184,0.01085,5.425
1184,0.01085,5.425
1184,0.01085,5.425
1185,0.01085,5.425
1185,0.01085,5.425
1185,0.01084,5.42
1185,0.01085,5.425
1185,0.01086,5.43
1185,0.01086,5.43
1185,0.01086,5.43
1185,0.01085,5.425
1185,0.01085,5.425
1185,0.01085,5.425
1186,0.01086,5.43
1186,0.01085,5.425
1186,0.01085,5.425
1186,0.01086,5.43
1186,0.01085,5.425
1186,0.01085,5.425
1186,0.01085,5.425
1186,0.01085,5.425
1186,0.01086,5.43
1186,0.01086,5.43
1187,0.01086,5.43
1187,0.01086,5.43
1187,0.01085,5.425
1187,0.01085,5.425
1187,0.01085,5.425
1187,0.01085,5.425
1187,0.01086,5.43
1187,0.01085,5.425
1187,0.01086,5.43
1187,0.01085,5.425
1188,0.01085,5.425
1188,0.01085,5.425
1188,0.01085,5.425
1188,0.01085,5.425
1188,0.01085,5.425
1188,0.01085,5.425
1188,0.01085,5.425
1188,0.01085,5.425
1188,0.01085,5.425
1188,0.01084,5.42
1189,0.01084,5.42
1189,0.01085,5.425
1189,0.01084,5.42
1189,0.01085,5.425
1189,0.01085,5.425
1189,0.01085,5.425
1189,0.01085,5.425
1189,0.01085,5.425
1189,0.01084,5.42
1189,0.01084,5.42
1190,0.01085,5.425
1190,0.01085,5.425
1190,0.01085,5.425
1190,0.01085,5.425
1190,0.01086,5.43
1190,0.01086,5.43
1190,0.01085,5.425
1190,0.01086,5.43
1190,0.01086,5.43
1190,0.01086,5.43
1191,0.01086,5.43
1191,0.01086,5.43
1191,0.01086,5.43
1191,0.01087,5.435
1191,0.01086,5.43
1191,0.01087,5.435
1191,0.01087,5.435
1191,0.01087,5.435
1191,0.01087,5.435
1191,0.01086,5.43
1192,0.01087,5.435
1192,0.01086,5.43
1192,0.01086,5.43
1192,0.01086,5.43
1192,0.01086,5.43
1192,0.01086,5.43
1192,0.01086,5.43
1192,0.01086,5.43
1192,0.01086,5.43
1192,0.01086,5.43
1193,0.01086,5.43
1193,0.01086,5.43
1193,0.01086,5.43
1193,0.01086,5.43
1193,0.01086,5.43
1193,0.01086,5.43
1193,0.01085,5.425
1193,0.01086,5.43
1193,0.01086,5.43
1193,0.01085,5.425
1194,0.01086,5.43
1194,0.01086,5.43
1194,0.01085,5.425
1194,0.01086,5.43
1194,0.01086,5.43
1194,0.01086,5.43
1194,0.01086,5.43
1194,0.01085,5.425
1194,0.01085,5.425
1194,0.01085,5.425
1195,0.01085,5.425
1195,0.01085,5.425
1195,0.01085,5.425
1195,0.01086,5.43
1195,0.01086,5.43
1195,0.01085,5.425
1195,0.01085,5.425
1195,0.01086,5.43
1195,0.01086,5.43
1195,0.01086,5.43
1196,0.01085,5.425
1196,0.01085,5.425
1196,0.01085,5.425
1196,0.01086,5.43
1196,0.01086,5.43
1196,0.01086,5.43
1196,0.01086,5.43
1196,0.01086,5.43
1196,0.01086,5.43
1196,0.01086,5.43
1197,0.01086,5.43
1197,0.01086,5.43
1197,0.01086,5.43
1197,0.01085,5.425
1197,0.01085,5.425
1197,0.01086,5.43
1197,0.01086,5.43
1197,0.01086,5.43
1197,0.01086,5.43
1197,0.01086,5.43
1198,0.01086,5.43
1198,0.01086,5.43
1198,0.01085,5.425
1198,0.01085,5.425
1198,0.01086,5.43
1198,0.01085,5.425
1198,0.01085,5.425
1198,0.01086,5.43
1198,0.01086,5.43
1198,0.01086,5.43
1199,0.01086,5.43
1199,0.01086,5.43
1199,0.01085,5.425
1199,0.01085,5.425
1199,0.01085,5.425
1199,0.01085,5.425
1199,0.01086,5.43
1199,0.01086,5.43
1199,0.01086,5.43
1199,0.01086,5.43
1200,0.01086,5.43
1200,0.01086,5.43
1200,0.01086,5.43
1200,0.01086,5.43
1200,0.01085,5.425
1200,0.01086,5.43
1200,0.01086,5.43
1200,0.01086,5.43
1200,0.01086,5.43
1200,0.01085,5.425
1201,0.01085,5.425
1201,0.01086,5.43
1201,0.01086,5.43
1201,0.01085,5.425
1201,0.01085,5.425
1201,0.01086,5.43
1201,0.01086,5.43
1201,0.01085,5.425
1201,0.01086,5.43
1201,0.01086,5.43
1202,0.01087,5.435
1202,0.01087,5.435
1202,0.01087,5.435
1202,0.01086,5.43
1202,0.01086,5.43
1202,0.01086,5.43
1202,0.01086,5.43
1202,0.01087,5.435
1202,0.01086,5.43
1202,0.01086,5.43
1203,0.01086,5.43
1203,0.01087,5.435
1203,0.01087,5.435
1203,0.01086,5.43
1203,0.01086,5.43
1203,0.01085,5.425
1203,0.01086,5.43
1203,0.01087,5.435
1203,0.01087,5.435
1203,0.01086,5.43
1204,0.01086,5.43
1204,0.01086,5.43
1204,0.01086,5.43
1204,0.01086,5.43
1204,0.01086,5.43
1204,0.01086,5.43
1204,0.01086,5.43
1204,0.01086,5.43
1204,0.01085,5.425
1204,0.01086,5.43
1205,0.01086,5.43
1205,0.01086,5.43
1205,0.01086,5.43
1205,0.01086,5.43
1205,0.01086,5.43
1205,0.01086,5.43
1205,0.01086,5.43
1205,0.01086,5.43
1205,0.01086,5.43
1205,0.01085,5.425
1206,0.01085,5.425
1206,0.01085,5.425
1206,0.01086,5.43
1206,0.01086,5.43
1206,0.01085,5.425
1206,0.01086,5.43
1206,0.01086,5.43
1206,0.01087,5.435
1206,0.01087,5.435
1206,0.01086,5.43
1207,0.01086,5.43
1207,0.01086,5.43
1207,0.01087,5.435
1207,0.01087,5.435
1207,0.01087,5.435
1207,0.01086,5.43
1207,0.01086,5.43
1207,0.01086,5.43
1207,0.01086,5.43
1207,0.01086,5.43
1208,0.01087,5.435
1208,0.01086,5.43
1208,0.01086,5.43
1208,0.01086,5.43
1208,0.01086,5.43
1208,0.01085,5.425
1208,0.01086,5.43
1208,0.01086,5.43
1208,0.01086,5.43
1208,0.01086,5.43
1209,0.01086,5.43
1209,0.01086,5.43
1209,0.01086,5.43
1209,0.01086,5.43
1209,0.01086,5.43
1209,0.01086,5.43
1209,0.01086,5.43
1209,0.01086,5.43
1209,0.01086,5.43
1209,0.01085,5.425
1210,0.01085,5.425
1210,0.01086,5.43
1210,0.01086,5.43
1210,0.01086,5.43
1210,0.01086,5.43
1210,0.01086,5.43
1210,0.01086,5.43
1210,0.01086,5.43
1210,0.01086,5.43
1210,0.01087,5.435
1211,0.01086,5.43
1211,0.01086,5.43
1211,0.01085,5.425
1211,0.01086,5.43
1211,0.01086,5.43
1211,0.01086,5.43
1211,0.01086,5.43
1211,0.01086,5.43
1211,0.01085,5.425
1211,0.01085,5.425
1212,0.01085,5.425
1212,0.01085,5.425
1212,0.01085,5.425
1212,0.01085,5.425
1212,0.01085,5.425
1212,0.01085,5.425
1212,0.01086,5.43
1212,0.01086,5.43
1212,0.01086,5.43
1212,0.01086,5.43
1213,0.01086,5.43
1213,0.01085,5.425
1213,0.01085,5.425
1213,0.01085,5.425
1213,0.01085,5.425
1213,0.01085,5.425
1213,0.01086,5.43
1213,0.01085,5.425
1213,0.01086,5.43
1213,0.01086,5.43
1214,0.01085,5.425
1214,0.01085,5.425
1214,0.01085,5.425
1214,0.01086,5.43
1214,0.01086,5.43
1214,0.01086,5.43
1214,0.01086,5.43
1214,0.01086,5.43
1214,0.01086,5.43
1214,0.01086,5.43
1215,0.01087,5.435
1215,0.01086,5.43
1215,0.01086,5.43
1215,0.01085,5.425
1215,0.01086,5.43
1215,0.01086,5.43
1215,0.01086,5.43
1215,0.01086,5.43
1215,0.01086,5.43
1215,0.01085,5.425
1216,0.01086,5.43
1216,0.01086,5.43
1216,0.01086,5.43
1216,0.01086,5.43
1216,0.01086,5.43
1216,0.01087,5.435
1216,0.01086,5.43
1216,0.01086,5.43
1216,0.01086,5.43
1216,0.01087,5.435
1217,0.01086,5.43
1217,0.01086,5.43
1217,0.01086,5.43
1217,0.01086,5.43
1217,0.01086,5.43
1217,0.01085,5.425
1217,0.01086,5.43
1217,0.01086,5.43
1217,0.01086,5.43
1217,0.01086,5.43
1218,0.01086,5.43
1218,0.01086,5.43
1218,0.01086,5.43
1218,0.01086,5.43
1218,0.01085,5.425
1218,0.01086,5.43
1218,0.01086,5.43
1218,0.01086,5.43
1218,0.01086,5.43
1218,0.01086,5.43
1219,0.01085,5.425
1219,0.01086,5.43
1219,0.01085,5.425
1219,0.01086,5.43
1219,0.01086,5.43
1219,0.01085,5.425
1219,0.01085,5.425
1219,0.01086,5.43
1219,0.01086,5.43
1219,0.01086,5.43
1220,0.01086,5.43
1220,0.01086,5.43
1220,0.01086,5.43
1220,0.01085,5.425
1220,0.01085,5.425
1220,0.01085,5.425
1220,0.01086,5.43
1220,0.01086,5.43
1220,0.01086,5.43
1220,0.01086,5.43
1221,0.01086,5.43
1221,0.01085,5.425
1221,0.01085,5.425
1221,0.01085,5.425
1221,0.01086,5.43
1221,0.01086,5.43
1221,0.01086,5.43
1221,0.01086,5.43
1221,0.01086,5.43
1221,0.01086,5.43
1222,0.01086,5.43
1222,0.01086,5.43
1222,0.01086,5.43
1222,0.01085,5.425
1222,0.01085,5.425
1222,0.01085,5.425
1222,0.01085,5.425
1222,0.01086,5.43
1222,0.01086,5.43
1222,0.01086,5.43
1223,0.01085,5.425
1223,0.01085,5.425
1223,0.01085,5.425
1223,0.01085,5.425
1223,0.01086,5.43
1223,0.01085,5.425
1223,0.01086,5.43
1223,0.01086,5.43
1223,0.01086,5.43
1223,0.01086,5.43
1224,0.01086,5.43
1224,0.01086,5.43
1224,0.01086,5.43
1224,0.01086,5.43
1224,0.01086,5.43
1224,0.01085,5.425
1224,0.01085,5.425
1224,0.01085,5.425
1224,0.01086,5.43
1224,0.01086,5.43
1225,0.01085,5.425
1225,0.01085,5.425
1225,0.01085,5.425
1225,0.01085,5.425
1225,0.01086,5.43
1225,0.01086,5.43
1225,0.01085,5.425
1225,0.01085,5.425
1225,0.01086,5.43
1225,0.01086,5.43
1226,0.01085,5.425
1226,0.01085,5.425
1226,0.01085,5.425
1226,0.01086,5.43
1226,0.01086,5.43
1226,0.01085,5.425
1226,0.01085,5.425
1226,0.01085,5.425
1226,0.01085,5.425
1226,0.01084,5.42
1227,0.01085,5.425
1227,0.01085,5.425
1227,0.01085,5.425
1227,0.01085,5.425
1227,0.01085,5.425
1227,0.01085,5.425
1227,0.01085,5.425
1227,0.01085,5.425
1227,0.01085,5.425
1227,0.01085,5.425
1228,0.01085,5.425
1228,0.01085,5.425
1228,0.01085,5.425
1228,0.01085,5.425
1228,0.01085,5.425
1228,0.01086,5.43
1228,0.01086,5.43
1228,0.01085,5.425
1228,0.01085,5.425
1228,0.01085,5.425
1229,0.01085,5.425
1229,0.01086,5.43
1229,0.01086,5.43
1229,0.01086,5.43
1229,0.01086,5.43
1229,0.01086,5.43
1229,0.01086,5.43
1229,0.01086,5.43
1229,0.01087,5.435
1229,0.01087,5.435
1230,0.01086,5.43
1230,0.01086,5.43
1230,0.01086,5.43
1230,0.01086,5.43
1230,0.01086,5.43
1230,0.01086,5.43
1230,0.01086,5.43
1230,0.01085,5.425
1230,0.01085,5.425
1230,0.01085,5.425
1231,0.01085,5.425
1231,0.01085,5.425
1231,0.01085,5.425
1231,0.01086,5.43
1231,0.01086,5.43
1231,0.01085,5.425
1231,0.01085,5.425
1231,0.01085,5.425
1231,0.01085,5.425
1231,0.01085,5.425
1232,0.01085,5.425
1232,0.01086,5.43
1232,0.01085,5.425
1232,0.01085,5.425
1232,0.01086,5.43
1232,0.01085,5.425
1232,0.01085,5.425
1232,0.01085,5.425
1232,0.01085,5.425
1232,0.01085,5.425
1233,0.01085,5.425
1233,0.01085,5.425
1233,0.01086,5.43
1233,0.01086,5.43
1233,0.01085,5.425
1233,0.01085,5.425
1233,0.01085,5.425
1233,0.01086,5.43
1233,0.01086,5.43
1233,0.01086,5.43
1234,0.01085,5.425
1234,0.01085,5.425
1234,0.01085,5.425
1234,0.01086,5.43
1234,0.01085,5.425
1234,0.01085,5.425
1234,0.01086,5.43
1234,0.01086,5.43
1234,0.01086,5.43
1234,0.01085,5.425
1235,0.01085,5.425
1235,0.01085,5.425
1235,0.01085,5.425
1235,0.01085,5.425
1235,0.01086,5.43
1235,0.01086,5.43
1235,0.01086,5.43
1235,0.01086,5.43
1235,0.01085,5.425
1235,0.01085,5.425
1236,0.01086,5.43
1236,0.01086,5.43
1236,0.01085,5.425
1236,0.01086,5.43
1236,0.01086,5.43
1236,0.01086,5.43
1236,0.01086,5.43
1236,0.01086,5.43
1236,0.01086,5.43
1236,0.01086,5.43
1237,0.01086,5.43
1237,0.01086,5.43
1237,0.01086,5.43
1237,0.01085,5.425
1237,0.01085,5.425
1237,0.01086,5.43
1237,0.01086,5.43
1237,0.01086,5.43
1237,0.01085,5.425
1237,0.01085,5.425
1238,0.01084,5.42
1238,0.01085,5.425
1238,0.01085,5.425
1238,0.01085,5.425
1238,0.01085,5.425
1238,0.01085,5.425
1238,0.01085,5.425
1238,0.01085,5.425
1238,0.01085,5.425
1238,0.01085,5.425
1239,0.01085,5.425
1239,0.01085,5.425
1239,0.01085,5.425
1239,0.01085,5.425
1239,0.01085,5.425
1239,0.01085,5.425
1239,0.01085,5.425
1239,0.01085,5.425
1239,0.01085,5.425
1239,0.01085,5.425
1240,0.01085,5.425
1240,0.01085,5.425
1240,0.01085,5.425
1240,0.01085,5.425
1240,0.01085,5.425
1240,0.01085,5.425
1240,0.01085,5.425
1240,0.01085,5.425
1240,0.01085,5.425
1240,0.01085,5.425
1241,0.01085,5.425
1241,0.01085,5.425
1241,0.01085,5.425
1241,0.01085,5.425
1241,0.01085,5.425
1241,0.01085,5.425
1241,0.01086,5.43
1241,0.01085,5.425
1241,0.01085,5.425
1241,0.01085,5.425
1242,0.01085,5.425
1242,0.01085,5.425
1242,0.01085,5.425
1242,0.01085,5.425
1242,0.01085,5.425
1242,0.01085,5.425
1242,0.01085,5.425
1242,0.01084,5.42
1242,0.01084,5.42
1242,0.01084,5.42
1243,0.01084,5.42
1243,0.01085,5.425
1243,0.01085,5.425
1243,0.01084,5.42
1243,0.01085,5.425
1243,0.01085,5.425
1243,0.01084,5.42
1243,0.01084,5.42
1243,0.01084,5.42
1243,0.01085,5.425
1244,0.01085,5.425
1244,0.01085,5.425
1244,0.01084,5.42
1244,0.01085,5.425
1244,0.01085,5.425
1244,0.01085,5.425
1244,0.01085,5.425
1244,0.01085,5.425
1244,0.01085,5.425
1244,0.01085,5.425
1245,0.01085,5.425
1245,0.01084,5.42
1245,0.01085,5.425
1245,0.01085,5.425
1245,0.01084,5.42
1245,0.01085,5.425
1245,0.01085,5.425
1245,0.01084,5.42
1245,0.01084,5.42
1245,0.01084,5.42
1246,0.01085,5.425
1246,0.01085,5.425
1246,0.01085,5.425
1246,0.01085,5.425
1246,0.01085,5.425
1246,0.01086,5.43
1246,0.01085,5.425
1246,0.01085,5.425
1246,0.01086,5.43
1246,0.01085,5.425
1247,0.01085,5.425
1247,0.01085,5.425
1247,0.01085,5.425
1247,0.01085,5.425
1247,0.01085,5.425
1247,0.01084,5.42
1247,0.01084,5.42
1247,0.01085,5.425
1247,0.01085,5.425
1247,0.01086,5.43
1248,0.01085,5.425
1248,0.01085,5.425
1248,0.01085,5.425
1248,0.01086,5.43
1248,0.01086,5.43
1248,0.01085,5.425
1248,0.01086,5.43
1248,0.01086,5.43
1248,0.01085,5.425
1248,0.01085,5.425
1249,0.01086,5.43
1249,0.01086,5.43
1249,0.01085,5.425
1249,0.01085,5.425
1249,0.01085,5.425
1249,0.01085,5.425
1249,0.01085,5.425
1249,0.01085,5.425
1249,0.01085,5.425
1249,0.01085,5.425
1250,0.01086,5.43
1250,0.01085,5.425
1250,0.01085,5.425
1250,0.01085,5.425
1250,0.01085,5.425
1250,0.01085,5.425
1250,0.01085,5.425
1250,0.01086,5.43
1250,0.01086,5.43
1250,0.01086,5.43
1251,0.01086,5.43
1251,0.01085,5.425
1251,0.01085,5.425
1251,0.01086,5.43
1251,0.01086,5.43
1251,0.01086,5.43
1251,0.01085,5.425
1251,0.01086,5.43
1251,0.01085,5.425
1251,0.01085,5.425
1252,0.01085,5.425
1252,0.01085,5.425
1252,0.01086,5.43
1252,0.01086,5.43
1252,0.01085,5.425
1252,0.01085,5.425
1252,0.01085,5.425
1252,0.01085,5.425
1252,0.01086,5.43
1252,0.01086,5.43
1253,0.01086,5.43
1253,0.01086,5.43
1253,0.01086,5.43
1253,0.01085,5.425
1253,0.01085,5.425
1253,0.01086,5.43
1253,0.01085,5.425
1253,0.01085,5.425
1253,0.01086,5.43
1253,0.01086,5.43
1254,0.01086,5.43
1254,0.01086,5.43
1254,0.01086,5.43
1254,0.01085,5.425
1254,0.01086,5.43
1254,0.01086,5.43
1254,0.01085,5.425
1254,0.01086,5.43
1254,0.01086,5.43
1254,0.01085,5.425
1255,0.01086,5.43
1255,0.01086,5.43
1255,0.01086,5.43
1255,0.01086,5.43
1255,0.01085,5.425
1255,0.01086,5.43
1255,0.01086,5.43
1255,0.01085,5.425
1255,0.01085,5.425
1255,0.01085,5.425
1256,0.01085,5.425
1256,0.01086,5.43
1256,0.01086,5.43
1256,0.01086,5.43
1256,0.01086,5.43
1256,0.01085,5.425
1256,0.01085,5.425
1256,0.01086,5.43
1256,0.01085,5.425
1256,0.01086,5.43
1257,0.01086,5.43
1257,0.01086,5.43
1257,0.01086,5.43
1257,0.01085,5.425
1257,0.01085,5.425
1257,0.01086,5.43
1257,0.01085,5.425
1257,0.01085,5.425
1257,0.01086,5.43
1257,0.01086,5.43
1258,0.01086,5.43
1258,0.01086,5.43
1258,0.01086,5.43
1258,0.01086,5.43
1258,0.01086,5.43
1258,0.01086,5.43
1258,0.01086,5.43
1258,0.01085,5.425
1258,0.01085,5.425
1258,0.01085,5.425
1259,0.01085,5.425
1259,0.01084,5.42
1259,0.01084,5.42
1259,0.01085,5.425
1259,0.01086,5.43
1259,0.01087,5.435
1259,0.01086,5.43
1259,0.01086,5.43
1259,0.01086,5.43
1259,0.01086,5.43
1260,0.01085,5.425
1260,0.01086,5.43
1260,0.01086,5.43
1260,0.01086,5.43
1260,0.01086,5.43
1260,0.01086,5.43
1260,0.01086,5.43
1260,0.01086,5.43
1260,0.01086,5.43
1260,0.01086,5.43
1261,0.01085,5.425
1261,0.01086,5.43
1261,0.01086,5.43
1261,0.01086,5.43
1261,0.01086,5.43
1261,0.01086,5.43
1261,0.01086,5.43
1261,0.01086,5.43
1261,0.01086,5.43
1261,0.01086,5.43
1262,0.01086,5.43
1262,0.01086,5.43
1262,0.01086,5.43
1262,0.01086,5.43
1262,0.01085,5.425
1262,0.01085,5.425
1262,0.01086,5.43
1262,0.01086,5.43
1262,0.01086,5.43
1262,0.01086,5.43
1263,0.01086,5.43
1263,0.01085,5.425
1263,0.01086,5.43
1263,0.01086,5.43
1263,0.01086,5.43
1263,0.01086,5.43
1263,0.01086,5.43
1263,0.01085,5.425
1263,0.01086,5.43
1263,0.01086,5.43
1264,0.01085,5.425
1264,0.01085,5.425
1264,0.01085,5.425
1264,0.01086,5.43
1264,0.01085,5.425
1264,0.01086,5.43
1264,0.01086,5.43
1264,0.01086,5.43
1264,0.01086,5.43
1264,0.01086,5.43
1265,0.01085,5.425
1265,0.01086,5.43
1265,0.01086,5.43
1265,0.01086,5.43
1265,0.01086,5.43
1265,0.01086,5.43
1265,0.01086,5.43
1265,0.01086,5.43
1265,0.01086,5.43
1265,0.01086,5.43
1266,0.01086,5.43
1266,0.01086,5.43
1266,0.01085,5.425
1266,0.01085,5.425
1266,0.01085,5.425
1266,0.01085,5.425
1266,0.01085,5.425
1266,0.01085,5.425
1266,0.01085,5.425
1266,0.01085,5.425
1267,0.01086,5.43
1267,0.01086,5.43
1267,0.01086,5.43
1267,0.01085,5.425
1267,0.01086,5.43
1267,0.01086,5.43
1267,0.01085,5.425
1267,0.01086,5.43
1267,0.01086,5.43
1267,0.01086,5.43
1268,0.01085,5.425
1268,0.01085,5.425
1268,0.01086,5.43
1268,0.01086,5.43
1268,0.01086,5.43
1268,0.01086,5.43
1268,0.01086,5.43
1268,0.01086,5.43
1268,0.01086,5.43
1268,0.01086,5.43
1269,0.01085,5.425
1269,0.01086,5.43
1269,0.01085,5.425
1269,0.01086,5.43
1269,0.01085,5.425
1269,0.01086,5.43
1269,0.01086,5.43
1269,0.01086,5.43
1269,0.01086,5.43
1269,0.01086,5.43
1270,0.01086,5.43
1270,0.01086,5.43
1270,0.01086,5.43
1270,0.01086,5.43
1270,0.01085,5.425
1270,0.01086,5.43
1270,0.01087,5.435
1270,0.01086,5.43
1270,0.01086,5.43
1270,0.01086,5.43
1271,0.01086,5.43
1271,0.01086,5.43
1271,0.01086,5.43
1271,0.01087,5.435
1271,0.01087,5.435
1271,0.01086,5.43
1271,0.01085,5.425
1271,0.01085,5.425
1271,0.01086,5.43
1271,0.01086,5.43
1272,0.01086,5.43
1272,0.01086,5.43
1272,0.01086,5.43
1272,0.01086,5.43
1272,0.01086,5.43
1272,0.01087,5.435
1272,0.01086,5.43
1272,0.01087,5.435
1272,0.01086,5.43
1272,0.01086,5.43
1273,0.01087,5.435
1273,0.01086,5.43
1273,0.01086,5.43
1273,0.01086,5.43
1273,0.01086,5.43
1273,0.01086,5.43
1273,0.01086,5.43
1273,0.01086,5.43
1273,0.01085,5.425
1273,0.01085,5.425
1274,0.01086,5.43
1274,0.01086,5.43
1274,0.01086,5.43
1274,0.01086,5.43
1274,0.01086,5.43
1274,0.01086,5.43
1274,0.01086,5.43
1274,0.01085,5.425
1274,0.01085,5.425
1274,0.01086,5.43
1275,0.01085,5.425
1275,0.01086,5.43
1275,0.01086,5.43
1275,0.01086,5.43
1275,0.01085,5.425
1275,0.01085,5.425
1275,0.01085,5.425
1275,0.01085,5.425
1275,0.01085,5.425
1275,0.01086,5.43
1276,0.01086,5.43
1276,0.01086,5.43
1276,0.01085,5.425
1276,0.01086,5.43
1276,0.01086,5.43
1276,0.01086,5.43
1276,0.01086,5.43
1276,0.01086,5.43
1276,0.01086,5.43
1276,0.01085,5.425
1277,0.01086,5.43
1277,0.01087,5.435
1277,0.01087,5.435
1277,0.01086,5.43
1277,0.01086,5.43
1277,0.01086,5.43
1277,0.01086,5.43
1277,0.01086,5.43
1277,0.01087,5.435
1277,0.01086,5.43
1278,0.01086,5.43
1278,0.01086,5.43
1278,0.01086,5.43
1278,0.01086,5.43
1278,0.01087,5.435
1278,0.01086,5.43
1278,0.01086,5.43
1278,0.01086,5.43
1278,0.01085,5.425
1278,0.01085,5.425
1279,0.01086,5.43
1279,0.01086,5.43
1279,0.01086,5.43
1279,0.01085,5.425
1279,0.01086,5.43
1279,0.01085,5.425
1279,0.01085,5.425
1279,0.01086,5.43
1279,0.01086,5.43
1279,0.01086,5.43
1280,0.01085,5.425
1280,0.01085,5.425
1280,0.01085,5.425
1280,0.01085,5.425
1280,0.01086,5.43
1280,0.01086,5.43
1280,0.01085,5.425
1280,0.01086,5.43
1280,0.01085,5.425
1280,0.01085,5.425
1281,0.01085,5.425
1281,0.01085,5.425
1281,0.01085,5.425
1281,0.01085,5.425
1281,0.01085,5.425
1281,0.01085,5.425
1281,0.01085,5.425
1281,0.01085,5.425
1281,0.01085,5.425
1281,0.01085,5.425
1282,0.01085,5.425
1282,0.01086,5.43
1282,0.01086,5.43
1282,0.01086,5.43
1282,0.01085,5.425
1282,0.01085,5.425
1282,0.01086,5.43
1282,0.01085,5.425
1282,0.01085,5.425
1282,0.01085,5.425
1283,0.01085,5.425
1283,0.01085,5.425
1283,0.01085,5.425
1283,0.01085,5.425
1283,0.01086,5.43
1283,0.01085,5.425
1283,0.01085,5.425
1283,0.01086,5.43
1283,0.01085,5.425
1283,0.01085,5.425
1284,0.01085,5.425
1284,0.01086,5.43
1284,0.01086,5.43
1284,0.01086,5.43
1284,0.01086,5.43
1284,0.01086,5.43
1284,0.01086,5.43
1284,0.01086,5.43
1284,0.01086,5.43
1284,0.01086,5.43
1285,0.01086,5.43
1285,0.01086,5.43
1285,0.01086,5.43
1285,0.01086,5.43
1285,0.01086,5.43
1285,0.01086,5.43
1285,0.01086,5.43
1285,0.01086,5.43
1285,0.01086,5.43
1285,0.01086,5.43
1286,0.01086,5.43
1286,0.01086,5.43
1286,0.01087,5.435
1286,0.01087,5.435
1286,0.01086,5.43
1286,0.01087,5.435
1286,0.01087,5.435
1286,0.01087,5.435
1286,0.01086,5.43
1286,0.01087,5.435
1287,0.01086,5.43
1287,0.01086,5.43
1287,0.01086,5.43
1287,0.01086,5.43
1287,0.01086,5.43
1287,0.01087,5.435
1287,0.01087,5.435
1287,0.01087,5.435
1287,0.01086,5.43
1287,0.01087,5.435
1288,0.01088,5.44
1288,0.01087,5.435
1288,0.01087,5.435
1288,0.01088,5.44
1288,0.01088,5.44
1288,0.01087,5.435
1288,0.01088,5.44
1288,0.01088,5.44
1288,0.01088,5.44
1288,0.01087,5.435
1289,0.01087,5.435
1289,0.01087,5.435
1289,0.01087,5.435
1289,0.01087,5.435
1289,0.01086,5.43
1289,0.01087,5.435
1289,0.01087,5.435
1289,0.01087,5.435
1289,0.01087,5.435
1289,0.01087,5.435
1290,0.01087,5.435
1290,0.01087,5.435
1290,0.01086,5.43
1290,0.01088,5.44
1290,0.01087,5.435
1290,0.01087,5.435
1290,0.01088,5.44
1290,0.01088,5.44
1290,0.01087,5.435
1290,0.01087,5.435
1291,0.01088,5.44
1291,0.01088,5.44
1291,0.01088,5.44
1291,0.01088,5.44
1291,0.01088,5.44
1291,0.01088,5.44
1291,0.01088,5.44
1291,0.01088,5.44
1291,0.01088,5.44
1291,0.01087,5.435
1292,0.01087,5.435
1292,0.01088,5.44
1292,0.01088,5.44
1292,0.01088,5.44
1292,0.01087,5.435
1292,0.01087,5.435
1292,0.01088,5.44
1292,0.01087,5.435
1292,0.01087,5.435
1292,0.01088,5.44
1293,0.01088,5.44
1293,0.01088,5.44
1293,0.01088,5.44
1293,0.01088,5.44
1293,0.01088,5.44
1293,0.01088,5.44
1293,0.01087,5.435
1293,0.01088,5.44
1293,0.01088,5.44
1293,0.01088,5.44
1294,0.01087,5.435
1294,0.01087,5.435
1294,0.01087,5.435
1294,0.01087,5.435
1294,0.01088,5.44
1294,0.01087,5.435
1294,0.01087,5.435
1294,0.01086,5.43
1294,0.01087,5.435
1294,0.01087,5.435
1295,0.01087,5.435
1295,0.01087,5.435
1295,0.01088,5.44
1295,0.01088,5.44
1295,0.01087,5.435
1295,0.01087,5.435
1295,0.01087,5.435
1295,0.01087,5.435
1295,0.01087,5.435
1295,0.01087,5.435
1296,0.01087,5.435
1296,0.01087,5.435
1296,0.01087,5.435
1296,0.01087,5.435
1296,0.01086,5.43
1296,0.01087,5.435
1296,0.01087,5.435
1296,0.01087,5.435
1296,0.01087,5.435
1296,0.01088,5.44
1297,0.01088,5.44
1297,0.01088,5.44
1297,0.01088,5.44
1297,0.01088,5.44
1297,0.01088,5.44
1297,0.01087,5.435
1297,0.01087,5.435
1297,0.01087,5.435
1297,0.01087,5.435
1297,0.01087,5.435
1298,0.01087,5.435
1298,0.01087,5.435
1298,0.01087,5.435
1298,0.01087,5.435
1298,0.01087,5.435
1298,0.01087,5.435
1298,0.01087,5.435
1298,0.01087,5.435
1298,0.01087,5.435
1298,0.01086,5.43
1299,0.01087,5.435
1299,0.01087,5.435
1299,0.01087,5.435
1299,0.01087,5.435
1299,0.01087,5.435
1299,0.01086,5.43
1299,0.01086,5.43
1299,0.01086,5.43
1299,0.01087,5.435
1299,0.01087,5.435
1300,0.01087,5.435
1300,0.01087,5.435
1300,0.01087,5.435
1300,0.01087,5.435
1300,0.01087,5.435
1300,0.01087,5.435
1300,0.01087,5.435
1300,0.01087,5.435
1300,0.01087,5.435
1300,0.01088,5.44
1301,0.01088,5.44
1301,0.01087,5.435
1301,0.01087,5.435
1301,0.01087,5.435
1301,0.01087,5.435
1301,0.01087,5.435
1301,0.01087,5.435
1301,0.01087,5.435
1301,0.01087,5.435
1301,0.01087,5.435
1302,0.01087,5.435
1302,0.01087,5.435
1302,0.01087,5.435
1302,0.01087,5.435
1302,0.01086,5.43
1302,0.01087,5.435
1302,0.01088,5.44
1302,0.01087,5.435
1302,0.01088,5.44
1302,0.01087,5.435
1303,0.01087,5.435
1303,0.01087,5.435
1303,0.01088,5.44
1303,0.01088,5.44
1303,0.01088,5.44
1303,0.01087,5.435
1303,0.01087,5.435
1303,0.01087,5.435
1303,0.01087,5.435
1303,0.01087,5.435
1304,0.01087,5.435
1304,0.01088,5.44
1304,0.01088,5.44
1304,0.01087,5.435
1304,0.01087,5.435
1304,0.01088,5.44
1304,0.01088,5.44
1304,0.01088,5.44
1304,0.01088,5.44
1304,0.01088,5.44
1305,0.01088,5.44
1305,0.01088,5.44
1305,0.01087,5.435
1305,0.01087,5.435
1305,0.01087,5.435
1305,0.01087,5.435
1305,0.01087,5.435
1305,0.01086,5.43
1305,0.01087,5.435
1305,0.01087,5.435
1306,0.01087,5.435
1306,0.01087,5.435
1306,0.01087,5.435
1306,0.01087,5.435
1306,0.01087,5.435
1306,0.01087,5.435
1306,0.01087,5.435
1306,0.01088,5.44
1306,0.01087,5.435
1306,0.01087,5.435
1307,0.01087,5.435
1307,0.01087,5.435
1307,0.01087,5.435
1307,0.01088,5.44
1307,0.01088,5.44
1307,0.01087,5.435
1307,0.01087,5.435
1307,0.01087,5.435
1307,0.01087,5.435
1307,0.01087,5.435
1308,0.01087,5.435
1308,0.01087,5.435
1308,0.01087,5.435
1308,0.01086,5.43
1308,0.01086,5.43
1308,0.01086,5.43
1308,0.01087,5.435
1308,0.01087,5.435
1308,0.01086,5.43
1308,0.01087,5.435
1309,0.01087,5.435
1309,0.01087,5.435
1309,0.01086,5.43
1309,0.01086,5.43
1309,0.01086,5.43
1309,0.01086,5.43
1309,0.01086,5.43
1309,0.01087,5.435
1309,0.01088,5.44
1309,0.01087,5.435
1310,0.01088,5.44
1310,0.01088,5.44
1310,0.01088,5.44
1310,0.01088,5.44
1310,0.01088,5.44
1310,0.01087,5.435
1310,0.01087,5.435
1310,0.01087,5.435
1310,0.01087,5.435
1310,0.01088,5.44
1311,0.01088,5.44
1311,0.01087,5.435
1311,0.01088,5.44
1311,0.01088,5.44
1311,0.01087,5.435
1311,0.01087,5.435
1311,0.01087,5.435
1311,0.01087,5.435
1311,0.01087,5.435
1311,0.01087,5.435
1312,0.01087,5.435
1312,0.01087,5.435
1312,0.01087,5.435
1312,0.01088,5.44
1312,0.01088,5.44
1312,0.01087,5.435
1312,0.01087,5.435
1312,0.01087,5.435
1312,0.01087,5.435
1312,0.01087,5.435
1313,0.01087,5.435
1313,0.01088,5.44
1313,0.01087,5.435
1313,0.01087,5.435
1313,0.01087,5.435
1313,0.01086,5.43
1313,0.01086,5.43
1313,0.01087,5.435
1313,0.01087,5.435
1313,0.01087,5.435
1314,0.01087,5.435
1314,0.01087,5.435
1314,0.01087,5.435
1314,0.01088,5.44
1314,0.01087,5.435
1314,0.01087,5.435
1314,0.01088,5.44
1314,0.01087,5.435
1314,0.01087,5.435
1314,0.01088,5.44
1315,0.01087,5.435
1315,0.01087,5.435
1315,0.01088,5.44
1315,0.01088,5.44
1315,0.01087,5.435
1315,0.01088,5.44
1315,0.01088,5.44
1315,0.01088,5.44
1315,0.01088,5.44
1315,0.01088,5.44
1316,0.01087,5.435
1316,0.01087,5.435
1316,0.01087,5.435
1316,0.01087,5.435
1316,0.01087,5.435
1316,0.01087,5.435
1316,0.01087,5.435
1316,0.01087,5.435
1316,0.01087,5.435
1316,0.01086,5.43
1317,0.01086,5.43
1317,0.01087,5.435
1317,0.01087,5.435
1317,0.01087,5.435
1317,0.01087,5.435
1317,0.01086,5.43
1317,0.01087,5.435
1317,0.01087,5.435
1317,0.01087,5.435
1317,0.01087,5.435
1318,0.01087,5.435
1318,0.01087,5.435
1318,0.01087,5.435
1318,0.01087,5.435
1318,0.01087,5.435
1318,0.01087,5.435
1318,0.01087,5.435
1318,0.01087,5.435
1318,0.01087,5.435
1318,0.01087,5.435
1319,0.01086,5.43
1319,0.01087,5.435
1319,0.01087,5.435
1319,0.01087,5.435
1319,0.01087,5.435
1319,0.01087,5.435
1319,0.01087,5.435
1319,0.01086,5.43
1319,0.01087,5.435
1319,0.01087,5.435
1320,0.01088,5.44
1320,0.01087,5.435
1320,0.01087,5.435
1320,0.01088,5.44
1320,0.01087,5.435
1320,0.01087,5.435
1320,0.01088,5.44
1320,0.01088,5.44
1320,0.01087,5.435
1320,0.01087,5.435
1321,0.01087,5.435
1321,0.01087,5.435
1321,0.01087,5.435
1321,0.01088,5.44
1321,0.01088,5.44
1321,0.01088,5.44
1321,0.01088,5.44
1321,0.01088,5.44
1321,0.01088,5.44
1321,0.01087,5.435
1322,0.01087,5.435
1322,0.01087,5.435
1322,0.01087,5.435
1322,0.01087,5.435
1322,0.01087,5.435
1322,0.01087,5.435
1322,0.01088,5.44
1322,0.01088,5.44
1322,0.01088,5.44
1322,0.01088,5.44
1323,0.01087,5.435
1323,0.01087,5.435
1323,0.01087,5.435
1323,0.01087,5.435
1323,0.01087,5.435
1323,0.01087,5.435
1323,0.01087,5.435
1323,0.01087,5.435
1323,0.01088,5.44
1323,0.01088,5.44
1324,0.01087,5.435
1324,0.01087,5.435
1324,0.01087,5.435
1324,0.01087,5.435
1324,0.01087,5.435
1324,0.01088,5.44
1324,0.01087,5.435
1324,0.01088,5.44
1324,0.01088,5.44
1324,0.01088,5.44
1325,0.01089,5.445
1325,0.01088,5.44
1325,0.01088,5.44
1325,0.01088,5.44
1325,0.01088,5.44
1325,0.01088,5.44
1325,0.01088,5.44
1325,0.01088,5.44
1325,0.01088,5.44
1325,0.01088,5.44
1326,0.01088,5.44
1326,0.01088,5.44
1326,0.01088,5.44
1326,0.01088,5.44
1326,0.01088,5.44
1326,0.01088,5.44
1326,0.01088,5.44
1326,0.01088,5.44
1326,0.01088,5.44
1326,0.01088,5.44
1327,0.01088,5.44
1327,0.01088,5.44
1327,0.01088,5.44
1327,0.01088,5.44
1327,0.01088,5.44
1327,0.01088,5.44
1327,0.01087,5.435
1327,0.01088,5.44
1327,0.01088,5.44
1327,0.01088,5.44
1328,0.01088,5.44
1328,0.01088,5.44
1328,0.01087,5.435
1328,0.01087,5.435
1328,0.01088,5.44
1328,0.01089,5.445
1328,0.01088,5.44
1328,0.01088,5.44
1328,0.01088,5.44
1328,0.01088,5.44
1329,0.01088,5.44
1329,0.01088,5.44
1329,0.01088,5.44
1329,0.01088,5.44
1329,0.01088,5.44
1329,0.01088,5.44
1329,0.01088,5.44
1329,0.01087,5.435
1329,0.01087,5.435
1329,0.01088,5.44
1330,0.01088,5.44
1330,0.01088,5.44
1330,0.01088,5.44
1330,0.01087,5.435
1330,0.01088,5.44
1330,0.01088,5.44
1330,0.01088,5.44
1330,0.01088,5.44
1330,0.01088,5.44
1330,0.01087,5.435
1331,0.01087,5.435
1331,0.01088,5.44
1331,0.01088,5.44
1331,0.01088,5.44
1331,0.01088,5.44
1331,0.01088,5.44
1331,0.01088,5.44
1331,0.01089,5.445
1331,0.01088,5.44
1331,0.01088,5.44
1332,0.01088,5.44
1332,0.01088,5.44
1332,0.01088,5.44
1332,0.01088,5.44
1332,0.01088,5.44
1332,0.01088,5.44
1332,0.01088,5.44
1332,0.01088,5.44
1332,0.01088,5.44
1332,0.01089,5.445
1333,0.01088,5.44
1333,0.01088,5.44
1333,0.01087,5.435
1333,0.01087,5.435
1333,0.01088,5.44
1333,0.01088,5.44
1333,0.01088,5.44
1333,0.01088,5.44
1333,0.01088,5.44
1333,0.01088,5.44
1334,0.01088,5.44
1334,0.01087,5.435
1334,0.01087,5.435
1334,0.01088,5.44
1334,0.01088,5.44
1334,0.01088,5.44
1334,0.01088,5.44
1334,0.01088,5.44
1334,0.01088,5.44
1334,0.01088,5.44
1335,0.01088,5.44
1335,0.01088,5.44
1335,0.01087,5.435
1335,0.01087,5.435
1335,0.01087,5.435
1335,0.01088,5.44
1335,0.01088,5.44
1335,0.01088,5.44
1335,0.01087,5.435
1335,0.01087,5.435
1336,0.01087,5.435
1336,0.01088,5.44
1336,0.01088,5.44
1336,0.01087,5.435
1336,0.01087,5.435
1336,0.01087,5.435
1336,0.01088,5.44
1336,0.01088,5.44
1336,0.01088,5.44
1336,0.01088,5.44
1337,0.01088,5.44
1337,0.01088,5.44
1337,0.01088,5.44
1337,0.01088,5.44
1337,0.01087,5.435
1337,0.01088,5.44
1337,0.01088,5.44
1337,0.01088,5.44
1337,0.01088,5.44
1337,0.01088,5.44
1338,0.01088,5.44
1338,0.01088,5.44
1338,0.01088,5.44
1338,0.01087,5.435
1338,0.01088,5.44
1338,0.01087,5.435
1338,0.01088,5.44
1338,0.01088,5.44
1338,0.01087,5.435
1338,0.01088,5.44
1339,0.01088,5.44
1339,0.01087,5.435
1339,0.01087,5.435
1339,0.01087,5.435
1339,0.01087,5.435
1339,0.01088,5.44
1339,0.01087,5.435
1339,0.01087,5.435
1339,0.01087,5.435
1339,0.01087,5.435
1340,0.01087,5.435
1340,0.01087,5.435
1340,0.01087,5.435
1340,0.01087,5.435
1340,0.01087,5.435
1340,0.01088,5.44
1340,0.01087,5.435
1340,0.01088,5.44
1340,0.01088,5.44
1340,0.01088,5.44
1341,0.01088,5.44
1341,0.01087,5.435
1341,0.01087,5.435
1341,0.01087,5.435
1341,0.01088,5.44
1341,0.01088,5.44
1341,0.01088,5.44
1341,0.01088,5.44
1341,0.01088,5.44
1341,0.01088,5.44
1342,0.01088,5.44
1342,0.01088,5.44
1342,0.01088,5.44
1342,0.01088,5.44
1342,0.01088,5.44
1342,0.01088,5.44
1342,0.01088,5.44
1342,0.01088,5.44
1342,0.01088,5.44
1342,0.01088,5.44
1343,0.01088,5.44
1343,0.01088,5.44
1343,0.01088,5.44
1343,0.01088,5.44
1343,0.01088,5.44
1343,0.01088,5.44
1343,0.01088,5.44
1343,0.01088,5.44
1343,0.01089,5.445
1343,0.01088,5.44
1344,0.01088,5.44
1344,0.01088,5.44
1344,0.01088,5.44
1344,0.01088,5.44
1344,0.01088,5.44
1344,0.01088,5.44
1344,0.01088,5.44
1344,0.01088,5.44
1344,0.01088,5.44
1344,0.01087,5.435
1345,0.01088,5.44
1345,0.01088,5.44
1345,0.01087,5.435
1345,0.01088,5.44
1345,0.01087,5.435
1345,0.01088,5.44
1345,0.01088,5.44
1345,0.01088,5.44
1345,0.01088,5.44
1345,0.01088,5.44
1346,0.01088,5.44
1346,0.01087,5.435
1346,0.01088,5.44
1346,0.01087,5.435
1346,0.01087,5.435
1346,0.01088,5.44
1346,0.01088,5.44
1346,0.01087,5.435
1346,0.01087,5.435
1346,0.01088,5.44
1347,0.01087,5.435
1347,0.01088,5.44
1347,0.01088,5.44
1347,0.01088,5.44
1347,0.01088,5.44
1347,0.01088,5.44
1347,0.01088,5.44
1347,0.01088,5.44
1347,0.01088,5.44
1347,0.01089,5.445
1348,0.01088,5.44
1348,0.01089,5.445
1348,0.01088,5.44
1348,0.01088,5.44
1348,0.01087,5.435
1348,0.01088,5.44
1348,0.01088,5.44
1348,0.01087,5.435
1348,0.01087,5.435
1348,0.01088,5.44
1349,0.01087,5.435
1349,0.01087,5.435
1349,0.01087,5.435
1349,0.01087,5.435
1349,0.01087,5.435
1349,0.01088,5.44
1349,0.01087,5.435
1349,0.01087,5.435
1349,0.01087,5.435
1349,0.01088,5.44
1350,0.01087,5.435
1350,0.01087,5.435
1350,0.01087,5.435
1350,0.01088,5.44
1350,0.01088,5.44
1350,0.01088,5.44
1350,0.01088,5.44
1350,0.01088,5.44
1350,0.01088,5.44
1350,0.01088,5.44
1351,0.01088,5.44
1351,0.01088,5.44
1351,0.01088,5.44
1351,0.01088,5.44
1351,0.01087,5.435
1351,0.01088,5.44
1351,0.01088,5.44
1351,0.01088,5.44
1351,0.01088,5.44
1351,0.01088,5.44
1352,0.01088,5.44
1352,0.01088,5.44
1352,0.01088,5.44
1352,0.01088,5.44
1352,0.01088,5.44
1352,0.01087,5.435
1352,0.01088,5.44
1352,0.01088,5.44
1352,0.01088,5.44
1352,0.01088,5.44
1353,0.01087,5.435
1353,0.01087,5.435
1353,0.01087,5.435
1353,0.01087,5.435
1353,0.01087,5.435
1353,0.01087,5.435
1353,0.01087,5.435
1353,0.01088,5.44
1353,0.01087,5.435
1353,0.01087,5.435
1354,0.01087,5.435
1354,0.01087,5.435
1354,0.01088,5.44
1354,0.01088,5.44
1354,0.01088,5.44
1354,0.01088,5.44
1354,0.01088,5.44
1354,0.01088,5.44
1354,0.01087,5.435
1354,0.01088,5.44
1355,0.01088,5.44
1355,0.01088,5.44
1355,0.01088,5.44
1355,0.01087,5.435
1355,0.01087,5.435
1355,0.01087,5.435
1355,0.01087,5.435
1355,0.01087,5.435
1355,0.01087,5.435
1355,0.01087,5.435
1356,0.01088,5.44
1356,0.01088,5.44
1356,0.01088,5.44
1356,0.01088,5.44
1356,0.01087,5.435
1356,0.01087,5.435
1356,0.01087,5.435
1356,0.01087,5.435
1356,0.01088,5.44
1356,0.01088,5.44
1357,0.01088,5.44
1357,0.01087,5.435
1357,0.01088,5.44
1357,0.01088,5.44
1357,0.01088,5.44
1357,0.01087,5.435
1357,0.01087,5.435
1357,0.01088,5.44
1357,0.01088,5.44
1357,0.01088,5.44
1358,0.01088,5.44
1358,0.01088,5.44
1358,0.01087,5.435
1358,0.01087,5.435
1358,0.01087,5.435
1358,0.01088,5.44
1358,0.01088,5.44
1358,0.01088,5.44
1358,0.01088,5.44
1358,0.01087,5.435
1359,0.01087,5.435
1359,0.01087,5.435
1359,0.01088,5.44
1359,0.01088,5.44
1359,0.01088,5.44
1359,0.01088,5.44
1359,0.01088,5.44
1359,0.01088,5.44
1359,0.01089,5.445
1359,0.01088,5.44
1360,0.01088,5.44
1360,0.01088,5.44
1360,0.01088,5.44
1360,0.01088,5.44
1360,0.01088,5.44
1360,0.01088,5.44
1360,0.01088,5.44
1360,0.01088,5.44
1360,0.01088,5.44
1360,0.01088,5.44
1361,0.01088,5.44
1361,0.01088,5.44
1361,0.01088,5.44
1361,0.01088,5.44
1361,0.01088,5.44
1361,0.01088,5.44
1361,0.01089,5.445
1361,0.01089,5.445
1361,0.01088,5.44
1361,0.01088,5.44
1362,0.01088,5.44
1362,0.01088,5.44
1362,0.01087,5.435
1362,0.01087,5.435
1362,0.01088,5.44
1362,0.01088,5.44
1362,0.01088,5.44
1362,0.01088,5.44
1362,0.01088,5.44
1362,0.01088,5.44
1363,0.01088,5.44
1363,0.01088,5.44
1363,0.01088,5.44
1363,0.01089,5.445
1363,0.01089,5.445
1363,0.01088,5.44
1363,0.01088,5.44
1363,0.01088,5.44
1363,0.01088,5.44
1363,0.01088,5.44
1364,0.01088,5.44
1364,0.01088,5.44
1364,0.01088,5.44
1364,0.01088,5.44
1364,0.01089,5.445
1364,0.01088,5.44
1364,0.01088,5.44
1364,0.01088,5.44
1364,0.01087,5.435
1364,0.01087,5.435
1365,0.01088,5.44
1365,0.01088,5.44
1365,0.01088,5.44
1365,0.01088,5.44
1365,0.01088,5.44
1365,0.01088,5.44
1365,0.01088,5.44
1365,0.01088,5.44
1365,0.01088,5.44
1365,0.01088,5.44
1366,0.01088,5.44
1366,0.01088,5.44
1366,0.01088,5.44
1366,0.01089,5.445
1366,0.01088,5.44
1366,0.01088,5.44
1366,0.01088,5.44
1366,0.01088,5.44
1366,0.01088,5.44
1366,0.01088,5.44
1367,0.01089,5.445
1367,0.01089,5.445
1367,0.01088,5.44
1367,0.01088,5.44
1367,0.01089,5.445
1367,0.01088,5.44
1367,0.01088,5.44
1367,0.01088,5.44
1367,0.01088,5.44
1367,0.01088,5.44
1368,0.01088,5.44
1368,0.01088,5.44
1368,0.01088,5.44
1368,0.01088,5.44
1368,0.01087,5.435
1368,0.01087,5.435
1368,0.01088,5.44
1368,0.01088,5.44
1368,0.01088,5.44
1368,0.01088,5.44
1369,0.01088,5.44
1369,0.01087,5.435
1369,0.01087,5.435
1369,0.01088,5.44
1369,0.01087,5.435
1369,0.01088,5.44
1369,0.01087,5.435
1369,0.01088,5.44
1369,0.01088,5.44
1369,0.01088,5.44
1370,0.01087,5.435
1370,0.01087,5.435
1370,0.01087,5.435
1370,0.01088,5.44
1370,0.01087,5.435
1370,0.01088,5.44
1370,0.01088,5.44
1370,0.01088,5.44
1370,0.01088,5.44
1370,0.01087,5.435
1371,0.01087,5.435
1371,0.01088,5.44
1371,0.01088,5.44
1371,0.01088,5.44
1371,0.01089,5.445
1371,0.01089,5.445
1371,0.01088,5.44
1371,0.01088,5.44
1371,0.01088,5.44
1371,0.01088,5.44
1372,0.01088,5.44
1372,0.01087,5.435
1372,0.01088,5.44
1372,0.01088,5.44
1372,0.01088,5.44
1372,0.01088,5.44
1372,0.01089,5.445
1372,0.01088,5.44
1372,0.01088,5.44
1372,0.01088,5.44
1373,0.01088,5.44
1373,0.01088,5.44
1373,0.01088,5.44
1373,0.01088,5.44
1373,0.01088,5.44
1373,0.01088,5.44
1373,0.01088,5.44
1373,0.01088,5.44
1373,0.01087,5.435
1373,0.01087,5.435
1374,0.01088,5.44
1374,0.01088,5.44
1374,0.01088,5.44
1374,0.01088,5.44
1374,0.01088,5.44
1374,0.01088,5.44
1374,0.01088,5.44
1374,0.01088,5.44
1374,0.01089,5.445
1374,0.01088,5.44
1375,0.01088,5.44
1375,0.01088,5.44
1375,0.01089,5.445
1375,0.01088,5.44
1375,0.01089,5.445
1375,0.01089,5.445
1375,0.01088,5.44
1375,0.01088,5.44
1375,0.01088,5.44
1375,0.01088,5.44
1376,0.01088,5.44
1376,0.01088,5.44
1376,0.01088,5.44
1376,0.01088,5.44
1376,0.01088,5.44
1376,0.01088,5.44
1376,0.01088,5.44
1376,0.01088,5.44
1376,0.01088,5.44
1376,0.01089,5.445
1377,0.01088,5.44
1377,0.01088,5.44
1377,0.01088,5.44
1377,0.01088,5.44
1377,0.01088,5.44
1377,0.01088,5.44
1377,0.01088,5.44
1377,0.01088,5.44
1377,0.01088,5.44
1377,0.01088,5.44
1378,0.01088,5.44
1378,0.01088,5.44
1378,0.01087,5.435
1378,0.01087,5.435
1378,0.01087,5.435
1378,0.01087,5.435
1378,0.01087,5.435
1378,0.01088,5.44
1378,0.01089,5.445
1378,0.01088,5.44
1379,0.01088,5.44
1379,0.01087,5.435
1379,0.01087,5.435
1379,0.01088,5.44
1379,0.01087,5.435
1379,0.01088,5.44
1379,0.01088,5.44
1379,0.01088,5.44
1379,0.01088,5.44
1379,0.01087,5.435
1380,0.01088,5.44
1380,0.01088,5.44
1380,0.01088,5.44
1380,0.01088,5.44
1380,0.01088,5.44
1380,0.01087,5.435
1380,0.01088,5.44
1380,0.01088,5.44
1380,0.01088,5.44
1380,0.01088,5.44
1381,0.01087,5.435
1381,0.01087,5.435
1381,0.01088,5.44
1381,0.01087,5.435
1381,0.01088,5.44
1381,0.01087,5.435
1381,0.01088,5.44
1381,0.01088,5.44
1381,0.01088,5.44
1381,0.01087,5.435
1382,0.01088,5.44
1382,0.01088,5.44
1382,0.01088,5.44
1382,0.01088,5.44
1382,0.01088,5.44
1382,0.01088,5.44
1382,0.01088,5.44
1382,0.01088,5.44
1382,0.01088,5.44
1382,0.01088,5.44
1383,0.01088,5.44
1383,0.01088,5.44
1383,0.01088,5.44
1383,0.01089,5.445
1383,0.01089,5.445
1383,0.01088,5.44
1383,0.01088,5.44
1383,0.01088,5.44
1383,0.01088,5.44
1383,0.01088,5.44
1384,0.01088,5.44
1384,0.01088,5.44
1384,0.01089,5.445
1384,0.01088,5.44
1384,0.01088,5.44
1384,0.01087,5.435
1384,0.01088,5.44
1384,0.01088,5.44
1384,0.01088,5.44
1384,0.01088,5.44
1385,0.01088,5.44
1385,0.01088,5.44
1385,0.01088,5.44
1385,0.01088,5.44
1385,0.01087,5.435
1385,0.01087,5.435
1385,0.01087,5.435
1385,0.01088,5.44
1385,0.01088,5.44
1385,0.01088,5.44
1386,0.01088,5.44
1386,0.01088,5.44
1386,0.01087,5.435
1386,0.01087,5.435
1386,0.01087,5.435
1386,0.01088,5.44
1386,0.01088,5.44
1386,0.01088,5.44
1386,0.01087,5.435
1386,0.01087,5.435
1387,0.01088,5.44
1387,0.01088,5.44
1387,0.01088,5.44
1387,0.01087,5.435
1387,0.01087,5.435
1387,0.01088,5.44
1387,0.01088,5.44
1387,0.01088,5.44
1387,0.01088,5.44
1387,0.01088,5.44
1388,0.01087,5.435
1388,0.01088,5.44
1388,0.01088,5.44
1388,0.01088,5.44
1388,0.01088,5.44
1388,0.01088,5.44
1388,0.01088,5.44
1388,0.01088,5.44
1388,0.01088,5.44
1388,0.01088,5.44
1389,0.01088,5.44
1389,0.01087,5.435
1389,0.01088,5.44
1389,0.01088,5.44
1389,0.01087,5.435
1389,0.01087,5.435
1389,0.01088,5.44
1389,0.01088,5.44
1389,0.01088,5.44
1389,0.01088,5.44
1390,0.01088,5.44
1390,0.01088,5.44
1390,0.01087,5.435
1390,0.01088,5.44
1390,0.01088,5.44
1390,0.01088,5.44
1390,0.01087,5.435
1390,0.01087,5.435
1390,0.01087,5.435
1390,0.01087,5.435
1391,0.01087,5.435
1391,0.01087,5.435
1391,0.01088,5.44
1391,0.01088,5.44
1391,0.01088,5.44
1391,0.01088,5.44
1391,0.01088,5.44
1391,0.01088,5.44
1391,0.01088,5.44
1391,0.01088,5.44
1392,0.01088,5.44
1392,0.01089,5.445
1392,0.01088,5.44
1392,0.01088,5.44
1392,0.01088,5.44
1392,0.01088,5.44
1392,0.01087,5.435
1392,0.01088,5.44
1392,0.01088,5.44
1392,0.01088,5.44
1393,0.01088,5.44
1393,0.01088,5.44
1393,0.01088,5.44
1393,0.01088,5.44
1393,0.01088,5.44
1393,0.01088,5.44
1393,0.01089,5.445
1393,0.01089,5.445
1393,0.01088,5.44
1393,0.01088,5.44
1394,0.01088,5.44
1394,0.01088,5.44
1394,0.01088,5.44
1394,0.01088,5.44
1394,0.01089,5.445
1394,0.01088,5.44
1394,0.01088,5.44
1394,0.01088,5.44
1394,0.01088,5.44
1394,0.01088,5.44
1395,0.01088,5.44
1395,0.01088,5.44
1395,0.01088,5.44
1395,0.01087,5.435
1395,0.01088,5.44
1395,0.01088,5.44
1395,0.01088,5.44
1395,0.01088,5.44
1395,0.01088,5.44
1395,0.01088,5.44
1396,0.01088,5.44
1396,0.01088,5.44
1396,0.01087,5.435
1396,0.01088,5.44
1396,0.01088,5.44
1396,0.01088,5.44
1396,0.01088,5.44
1396,0.01088,5.44
1396,0.01088,5.44
1396,0.01088,5.44
1397,0.01087,5.435
1397,0.01088,5.44
1397,0.01088,5.44
1397,0.01088,5.44
1397,0.01088,5.44
1397,0.01087,5.435
1397,0.01087,5.435
1397,0.01088,5.44
1397,0.01088,5.44
1397,0.01088,5.44
1398,0.01088,5.44
1398,0.01087,5.435
1398,0.01088,5.44
1398,0.01087,5.435
1398,0.01087,5.435
1398,0.01088,5.44
1398,0.01088,5.44
1398,0.01088,5.44
1398,0.01088,5.44
1398,0.01088,5.44
1399,0.01087,5.435
1399,0.01088,5.44
1399,0.01088,5.44
1399,0.01088,5.44
1399,0.01087,5.435
1399,0.01088,5.44
1399,0.01087,5.435
1399,0.01088,5.44
1399,0.01088,5.44
1399,0.01088,5.44
1400,0.01089,5.445
1400,0.01088,5.44
1400,0.01088,5.44
1400,0.01088,5.44
1400,0.01088,5.44
1400,0.01088,5.44
1400,0.01088,5.44
1400,0.01088,5.44
1400,0.01088,5.44
1400,0.01088,5.44
1401,0.01088,5.44
1401,0.01088,5.44
1401,0.01088,5.44
1401,0.01088,5.44
1401,0.01088,5.44
1401,0.01088,5.44
1401,0.01088,5.44
1401,0.01088,5.44
1401,0.01088,5.44
1401,0.01088,5.44
1402,0.01088,5.44
1402,0.01087,5.435
1402,0.01088,5.44
1402,0.01089,5.445
1402,0.01089,5.445
1402,0.01088,5.44
1402,0.01088,5.44
1402,0.01088,5.44
1402,0.01088,5.44
1402,0.01088,5.44
1403,0.01088,5.44
1403,0.01088,5.44
1403,0.01088,5.44
1403,0.01088,5.44
1403,0.01088,5.44
1403,0.01088,5.44
1403,0.01088,5.44
1403,0.01088,5.44
1403,0.01088,5.44
1403,0.01088,5.44
1404,0.01088,5.44
1404,0.01087,5.435
1404,0.01087,5.435
1404,0.01087,5.435
1404,0.01088,5.44
1404,0.01088,5.44
1404,0.01088,5.44
1404,0.01088,5.44
1404,0.01088,5.44
1404,0.01088,5.44
1405,0.01088,5.44
1405,0.01088,5.44
1405,0.01088,5.44
1405,0.01088,5.44
1405,0.01087,5.435
1405,0.01087,5.435
1405,0.01087,5.435
1405,0.01087,5.435
1405,0.01088,5.44
1405,0.01087,5.435
1406,0.01088,5.44
1406,0.01088,5.44
1406,0.01088,5.44
1406,0.01088,5.44
1406,0.01088,5.44
1406,0.01088,5.44
1406,0.01087,5.435
1406,0.01087,5.435
1406,0.01088,5.44
1406,0.01088,5.44
1407,0.01088,5.44
1407,0.01088,5.44
1407,0.01087,5.435
1407,0.01088,5.44
1407,0.01088,5.44
1407,0.01088,5.44
1407,0.01088,5.44
1407,0.01088,5.44
1407,0.01088,5.44
1407,0.01088,5.44
1408,0.01088,5.44
1408,0.01088,5.44
1408,0.01088,5.44
1408,0.01088,5.44
1408,0.01088,5.44
1408,0.01088,5.44
1408,0.01087,5.435
1408,0.01088,5.44
1408,0.01088,5.44
1408,0.01088,5.44
1409,0.01088,5.44
1409,0.01088,5.44
1409,0.01088,5.44
1409,0.01087,5.435
1409,0.01087,5.435
1409,0.01089,5.445
1409,0.01088,5.44
1409,0.01088,5.44
1409,0.01088,5.44
1409,0.01088,5.44
1410,0.01088,5.44
1410,0.01088,5.44
1410,0.01088,5.44
1410,0.01088,5.44
1410,0.01088,5.44
1410,0.01089,5.445
1410,0.01088,5.44
1410,0.01088,5.44
1410,0.01089,5.445
1410,0.01088,5.44
1411,0.01088,5.44
1411,0.01088,5.44
1411,0.01089,5.445
1411,0.01089,5.445
1411,0.01088,5.44
1411,0.01088,5.44
1411,0.01088,5.44
1411,0.01088,5.44
1411,0.01088,5.44
1411,0.01088,5.44
1412,0.01088,5.44
1412,0.01088,5.44
1412,0.01088,5.44
1412,0.01088,5.44
1412,0.01088,5.44
1412,0.01088,5.44
1412,0.01088,5.44
1412,0.01089,5.445
1412,0.01089,5.445
1412,0.01089,5.445
1413,0.01089,5.445
1413,0.01089,5.445
1413,0.01088,5.44
1413,0.01088,5.44
1413,0.01088,5.44
1413,0.01087,5.435
1413,0.01087,5.435
1413,0.01088,5.44
1413,0.01088,5.44
1413,0.01088,5.44
1414,0.01088,5.44
1414,0.01088,5.44
1414,0.01088,5.44
1414,0.01088,5.44
1414,0.01088,5.44
1414,0.01088,5.44
1414,0.01089,5.445
1414,0.01088,5.44
1414,0.01088,5.44
1414,0.01088,5.44
1415,0.01088,5.44
1415,0.01087,5.435
1415,0.01087,5.435
1415,0.01088,5.44
1415,0.01088,5.44
1415,0.01088,5.44
1415,0.01088,5.44
1415,0.01088,5.44
1415,0.01089,5.445
1415,0.01088,5.44
1416,0.01088,5.44
1416,0.01088,5.44
1416,0.01087,5.435
1416,0.01087,5.435
1416,0.01088,5.44
1416,0.01088,5.44
1416,0.01088,5.44
1416,0.01089,5.445
1416,0.01089,5.445
1416,0.01089,5.445
1417,0.01088,5.44
1417,0.01088,5.44
1417,0.01089,5.445
1417,0.01089,5.445
1417,0.01088,5.44
1417,0.01088,5.44
1417,0.01088,5.44
1417,0.01088,5.44
1417,0.01088,5.44
1417,0.01088,5.44
1418,0.01088,5.44
1418,0.01088,5.44
1418,0.01088,5.44
1418,0.01088,5.44
1418,0.01088,5.44
1418,0.01088,5.44
1418,0.01089,5.445
1418,0.01089,5.445
1418,0.01089,5.445
1418,0.01089,5.445
1419,0.01088,5.44
1419,0.01089,5.445
1419,0.01089,5.445
1419,0.01089,5.445
1419,0.01089,5.445
1419,0.01089,5.445
1419,0.01089,5.445
1419,0.01089,5.445
1419,0.01089,5.445
1419,0.01089,5.445
1420,0.01089,5.445
1420,0.01088,5.44
1420,0.01089,5.445
1420,0.01089,5.445
1420,0.01089,5.445
1420,0.01089,5.445
1420,0.0109,5.45
1420,0.0109,5.45
1420,0.01089,5.445
1420,0.0109,5.45
1421,0.01089,5.445
1421,0.01089,5.445
1421,0.01089,5.445
1421,0.01089,5.445
1421,0.0109,5.45
1421,0.0109,5.45
1421,0.0109,5.45
1421,0.01089,5.445
1421,0.01089,5.445
1421,0.01089,5.445
1422,0.01089,5.445
1422,0.0109,5.45
1422,0.0109,5.45
1422,0.0109,5.45
1422,0.0109,5.45
1422,0.0109,5.45
1422,0.01089,5.445
1422,0.0109,5.45
1422,0.0109,5.45
1422,0.01089,5.445
1422,0.01089,5.445
1423,0.0109,5.45
1423,0.0109,5.45
1423,0.01089,5.445
1423,0.01089,5.445
1423,0.0109,5.45
1423,0.0109,5.45
1423,0.01089,5.445
1423,0.0109,5.45
1423,0.0109,5.45
1423,0.0109,5.45
1424,0.01089,5.445
1424,0.01089,5.445
1424,0.01089,5.445
1424,0.01089,5.445
1424,0.01089,5.445
1424,0.01089,5.445
1424,0.01089,5.445
1424,0.0109,5.45
1424,0.0109,5.45
1424,0.01089,5.445
1425,0.01089,5.445
1425,0.01089,5.445
1425,0.01089,5.445
1425,0.0109,5.45
1425,0.0109,5.45
1425,0.0109,5.45
1425,0.0109,5.45
1425,0.0109,5.45
1425,0.0109,5.45
1425,0.0109,5.45
1426,0.0109,5.45
1426,0.0109,5.45
1426,0.0109,5.45
1426,0.0109,5.45
1426,0.0109,5.45
1426,0.01089,5.445
1426,0.01089,5.445
1426,0.01089,5.445
1426,0.01089,5.445
1426,0.0109,5.45
1427,0.0109,5.45
1427,0.0109,5.45
1427,0.01089,5.445
1427,0.01089,5.445
1427,0.01089,5.445
1427,0.0109,5.45
1427,0.0109,5.45
1427,0.01089,5.445
1427,0.01089,5.445
1427,0.01089,5.445
1428,0.0109,5.45
1428,0.0109,5.45
1428,0.0109,5.45
1428,0.0109,5.45
1428,0.01089,5.445
1428,0.01089,5.445
1428,0.01089,5.445
1428,0.01089,5.445
1428,0.01089,5.445
1428,0.01089,5.445
1429,0.01089,5.445
1429,0.01089,5.445
1429,0.01089,5.445
1429,0.01089,5.445
1429,0.01089,5.445
1429,0.01089,5.445
1429,0.0109,5.45
1429,0.0109,5.45
1429,0.01089,5.445
1429,0.0109,5.45
1430,0.0109,5.45
1430,0.0109,5.45
1430,0.0109,5.45
1430,0.0109,5.45
1430,0.0109,5.45
1430,0.0109,5.45
1430,0.0109,5.45
1430,0.0109,5.45
1430,0.0109,5.45
1430,0.0109,5.45
1431,0.01089,5.445
1431,0.01089,5.445
1431,0.0109,5.45
1431,0.0109,5.45
1431,0.0109,5.45
1431,0.0109,5.45
1431,0.0109,5.45
1431,0.0109,5.45
1431,0.0109,5.45
1431,0.0109,5.45
1432,0.0109,5.45
1432,0.0109,5.45
1432,0.0109,5.45
1432,0.0109,5.45
1432,0.0109,5.45
1432,0.01089,5.445
1432,0.01089,5.445
1432,0.01089,5.445
1432,0.0109,5.45
1432,0.0109,5.45
1433,0.01089,5.445
1433,0.01089,5.445
1433,0.01089,5.445
1433,0.01088,5.44
1433,0.01089,5.445
1433,0.0109,5.45
1433,0.0109,5.45
1433,0.01089,5.445
1433,0.01089,5.445
1433,0.0109,5.45
1434,0.0109,5.45
1434,0.01089,5.445
1434,0.01089,5.445
1434,0.01089,5.445
1434,0.01089,5.445
1434,0.01089,5.445
1434,0.01088,5.44
1434,0.01089,5.445
1434,0.01089,5.445
1434,0.01089,5.445
1435,0.01089,5.445
1435,0.01089,5.445
1435,0.01088,5.44
1435,0.01089,5.445
1435,0.01089,5.445
1435,0.01089,5.445
1435,0.01089,5.445
1435,0.01089,5.445
1435,0.01089,5.445
1435,0.01089,5.445
1436,0.01089,5.445
1436,0.01089,5.445
1436,0.01089,5.445
1436,0.01089,5.445
1436,0.01089,5.445
1436,0.01089,5.445
1436,0.01089,5.445
1436,0.01089,5.445
1436,0.01089,5.445
1436,0.01089,5.445
1437,0.01089,5.445
1437,0.01089,5.445
1437,0.01089,5.445
1437,0.01089,5.445
1437,0.01088,5.44
1437,0.01089,5.445
1437,0.01089,5.445
1437,0.01089,5.445
1437,0.01088,5.44
1437,0.01089,5.445
1438,0.01089,5.445
1438,0.01089,5.445
1438,0.01089,5.445
1438,0.01089,5.445
1438,0.01089,5.445
1438,0.01089,5.445
1438,0.01089,5.445
1438,0.01089,5.445
1438,0.01089,5.445
1438,0.01089,5.445
1439,0.01089,5.445
1439,0.01089,5.445
1439,0.01089,5.445
1439,0.01089,5.445
1439,0.01089,5.445
1439,0.01089,5.445
1439,0.01089,5.445
1439,0.01089,5.445
1439,0.01089,5.445
1439,0.0109,5.45
1440,0.0109,5.45
1440,0.0109,5.45
1440,0.0109,5.45
1440,0.0109,5.45
1440,0.01089,5.445
1440,0.01089,5.445
1440,0.01089,5.445
1440,0.0109,5.45
1440,0.01089,5.445
1440,0.01089,5.445
1441,0.01088,5.44
1441,0.01088,5.44
1441,0.01089,5.445
1441,0.01089,5.445
1441,0.01089,5.445
1441,0.01089,5.445
1441,0.01089,5.445
1441,0.01089,5.445
1441,0.01089,5.445
1441,0.01089,5.445
1442,0.01089,5.445
1442,0.01089,5.445
1442,0.01089,5.445
1442,0.01089,5.445
1442,0.01089,5.445
1442,0.01088,5.44
1442,0.01088,5.44
1442,0.01088,5.44
1442,0.01088,5.44
1442,0.01089,5.445
1443,0.01089,5.445
1443,0.01089,5.445
1443,0.01088,5.44
1443,0.01088,5.44
1443,0.01088,5.44
1443,0.01088,5.44
1443,0.01088,5.44
1443,0.01089,5.445
1443,0.01089,5.445
1443,0.01089,5.445
1444,0.01089,5.445
1444,0.01089,5.445
1444,0.01088,5.44
1444,0.01089,5.445
1444,0.01088,5.44
1444,0.01088,5.44
1444,0.01088,5.44
1444,0.01089,5.445
1444,0.01089,5.445
1444,0.01088,5.44
1445,0.01088,5.44
1445,0.01088,5.44
1445,0.01088,5.44
1445,0.01088,5.44
1445,0.01088,5.44
1445,0.01088,5.44
1445,0.01089,5.445
1445,0.01089,5.445
1445,0.01089,5.445
1445,0.01089,5.445
1446,0.01089,5.445
1446,0.01088,5.44
1446,0.01089,5.445
1446,0.01089,5.445
1446,0.01089,5.445
1446,0.0109,5.45
1446,0.0109,5.45
1446,0.01089,5.445
1446,0.01089,5.445
1446,0.01089,5.445
1447,0.01089,5.445
1447,0.01089,5.445
1447,0.01089,5.445
1447,0.01089,5.445
1447,0.01089,5.445
1447,0.01089,5.445
1447,0.01089,5.445
1447,0.01089,5.445
1447,0.01089,5.445
1447,0.01089,5.445
1448,0.01089,5.445
1448,0.01089,5.445
1448,0.01089,5.445
1448,0.01089,5.445
1448,0.01089,5.445
1448,0.01089,5.445
1448,0.01089,5.445
1448,0.01089,5.445
1448,0.0109,5.45
1448,0.0109,5.45
1449,0.01089,5.445
1449,0.01089,5.445
1449,0.01089,5.445
1449,0.0109,5.45
1449,0.01089,5.445
1449,0.01089,5.445
1449,0.01089,5.445
1449,0.01089,5.445
1449,0.01089,5.445
1449,0.01089,5.445
1450,0.0109,5.45
1450,0.01089,5.445
1450,0.01089,5.445
1450,0.01089,5.445
1450,0.01089,5.445
1450,0.01089,5.445
1450,0.01089,5.445
1450,0.0109,5.45
1450,0.0109,5.45
1450,0.0109,5.45
1451,0.0109,5.45
1451,0.01089,5.445
1451,0.0109,5.45
1451,0.0109,5.45
1451,0.01089,5.445
1451,0.01089,5.445
1451,0.0109,5.45
1451,0.01089,5.445
1451,0.01089,5.445
1451,0.01089,5.445
1452,0.01089,5.445
1452,0.01089,5.445
1452,0.01089,5.445
1452,0.01089,5.445
1452,0.01089,5.445
1452,0.01089,5.445
1452,0.01089,5.445
1452,0.01089,5.445
1452,0.01089,5.445
1452,0.01089,5.445
1453,0.01089,5.445
1453,0.01089,5.445
1453,0.01089,5.445
1453,0.0109,5.45
1453,0.01089,5.445
1453,0.01089,5.445
1453,0.01089,5.445
1453,0.01089,5.445
1453,0.01088,5.44
1453,0.01088,5.44
1454,0.01088,5.44
1454,0.01088,5.44
1454,0.01089,5.445
1454,0.01089,5.445
1454,0.01088,5.44
1454,0.01088,5.44
1454,0.01089,5.445
1454,0.01089,5.445
1454,0.01089,5.445
1454,0.01089,5.445
1455,0.01089,5.445
1455,0.01088,5.44
1455,0.01088,5.44
1455,0.01088,5.44
1455,0.01088,5.44
1455,0.01088,5.44
1455,0.01089,5.445
1455,0.01089,5.445
1455,0.01088,5.44
1455,0.01088,5.44
1456,0.01089,5.445
1456,0.01088,5.44
1456,0.01089,5.445
1456,0.01089,5.445
1456,0.0109,5.45
1456,0.01089,5.445
1456,0.01089,5.445
1456,0.01089,5.445
1456,0.01089,5.445
1456,0.01089,5.445
1457,0.01089,5.445
1457,0.01089,5.445
1457,0.01089,5.445
1457,0.01088,5.44
1457,0.01088,5.44
1457,0.01089,5.445
1457,0.01089,5.445
1457,0.01089,5.445
1457,0.01089,5.445
1457,0.01089,5.445
1458,0.0109,5.45
1458,0.01089,5.445
1458,0.01089,5.445
1458,0.01089,5.445
1458,0.01089,5.445
1458,0.01089,5.445
1458,0.0109,5.45
1458,0.01089,5.445
1458,0.01089,5.445
1458,0.01089,5.445
1459,0.01089,5.445
1459,0.01089,5.445
1459,0.01089,5.445
1459,0.01089,5.445
1459,0.01089,5.445
1459,0.01089,5.445
1459,0.01089,5.445
1459,0.01089,5.445
1459,0.01089,5.445
1459,0.01089,5.445
1460,0.01089,5.445
1460,0.01089,5.445
1460,0.01089,5.445
1460,0.01089,5.445
1460,0.01089,5.445
1460,0.01088,5.44
1460,0.01088,5.44
1460,0.01089,5.445
1460,0.01089,5.445
1460,0.01088,5.44
1461,0.01088,5.44
1461,0.01088,5.44
1461,0.01088,5.44
1461,0.01088,5.44
1461,0.01089,5.445
1461,0.01089,5.445
1461,0.01089,5.445
1461,0.01089,5.445
1461,0.01089,5.445
1461,0.01088,5.44
1462,0.01088,5.44
1462,0.01089,5.445
1462,0.01089,5.445
1462,0.01089,5.445
1462,0.01089,5.445
1462,0.01089,5.445
1462,0.01089,5.445
1462,0.01089,5.445
1462,0.0109,5.45
1462,0.0109,5.45
1463,0.0109,5.45
1463,0.0109,5.45
1463,0.01089,5.445
1463,0.01089,5.445
1463,0.01089,5.445
1463,0.0109,5.45
1463,0.0109,5.45
1463,0.0109,5.45
1463,0.0109,5.45
1463,0.01089,5.445
1464,0.0109,5.45
1464,0.0109,5.45
1464,0.0109,5.45
1464,0.0109,5.45
1464,0.01089,5.445
1464,0.01089,5.445
1464,0.01089,5.445
1464,0.01089,5.445
1464,0.01089,5.445
1464,0.01089,5.445
1465,0.01089,5.445
1465,0.0109,5.45
1465,0.0109,5.45
1465,0.01089,5.445
1465,0.01089,5.445
1465,0.01089,5.445
1465,0.01089,5.445
1465,0.01089,5.445
1465,0.01089,5.445
1465,0.01089,5.445
1466,0.0109,5.45
1466,0.01089,5.445
1466,0.01089,5.445
1466,0.01089,5.445
1466,0.0109,5.45
1466,0.0109,5.45
1466,0.0109,5.45
1466,0.0109,5.45
1466,0.0109,5.45
1466,0.01091,5.455
1467,0.0109,5.45
1467,0.0109,5.45
1467,0.0109,5.45
1467,0.01089,5.445
1467,0.01089,5.445
1467,0.01089,5.445
1467,0.0109,5.45
1467,0.01089,5.445
1467,0.0109,5.45
1467,0.0109,5.45
1468,0.0109,5.45
1468,0.0109,5.45
1468,0.0109,5.45
1468,0.01089,5.445
1468,0.01089,5.445
1468,0.0109,5.45
1468,0.0109,5.45
1468,0.0109,5.45
1468,0.0109,5.45
1468,0.01089,5.445
1469,0.01089,5.445
1469,0.01089,5.445
1469,0.01089,5.445
1469,0.01089,5.445
1469,0.01089,5.445
1469,0.01089,5.445
1469,0.01089,5.445
1469,0.01089,5.445
1469,0.01089,5.445
1469,0.01089,5.445
1470,0.01089,5.445
1470,0.01089,5.445
1470,0.01089,5.445
1470,0.01089,5.445
1470,0.01089,5.445
1470,0.01089,5.445
1470,0.01089,5.445
1470,0.01089,5.445
1470,0.01089,5.445
1470,0.01089,5.445
1471,0.01089,5.445
1471,0.01089,5.445
1471,0.01089,5.445
1471,0.01089,5.445
1471,0.01088,5.44
1471,0.01089,5.445
1471,0.01089,5.445
1471,0.0109,5.45
1471,0.0109,5.45
1471,0.0109,5.45
1472,0.01089,5.445
1472,0.01089,5.445
1472,0.01089,5.445
1472,0.0109,5.45
1472,0.01089,5.445
1472,0.01089,5.445
1472,0.0109,5.45
1472,0.0109,5.45
1472,0.0109,5.45
1472,0.01089,5.445
1473,0.0109,5.45
1473,0.0109,5.45
1473,0.01089,5.445
1473,0.01089,5.445
1473,0.0109,5.45
1473,0.01089,5.445
1473,0.01089,5.445
1473,0.01089,5.445
1473,0.0109,5.45
1473,0.0109,5.45
1474,0.0109,5.45
1474,0.0109,5.45
1474,0.0109,5.45
1474,0.0109,5.45
1474,0.0109,5.45
1474,0.0109,5.45
1474,0.0109,5.45
1474,0.0109,5.45
1474,0.0109,5.45
1474,0.0109,5.45
1475,0.0109,5.45
1475,0.01089,5.445
1475,0.01089,5.445
1475,0.01089,5.445
1475,0.01089,5.445
1475,0.01089,5.445
1475,0.01089,5.445
1475,0.0109,5.45
1475,0.0109,5.45
1475,0.0109,5.45
1476,0.0109,5.45
1476,0.01089,5.445
1476,0.0109,5.45
1476,0.01089,5.445
1476,0.01089,5.445
1476,0.0109,5.45
1476,0.01089,5.445
1476,0.01089,5.445
1476,0.0109,5.45
1476,0.01089,5.445
1477,0.01089,5.445
1477,0.0109,5.45
1477,0.0109,5.45
1477,0.0109,5.45
1477,0.0109,5.45
1477,0.0109,5.45
1477,0.0109,5.45
1477,0.0109,5.45
1477,0.01089,5.445
1477,0.01089,5.445
1478,0.01089,5.445
1478,0.0109,5.45
1478,0.01089,5.445
1478,0.01089,5.445
1478,0.01089,5.445
1478,0.01089,5.445
1478,0.01089,5.445
1478,0.0109,5.45
1478,0.01089,5.445
1478,0.0109,5.45
1479,0.01089,5.445
1479,0.01089,5.445
1479,0.01089,5.445
1479,0.01089,5.445
1479,0.01089,5.445
1479,0.0109,5.45
1479,0.0109,5.45
1479,0.0109,5.45
1479,0.0109,5.45
1479,0.0109,5.45
1480,0.0109,5.45
1480,0.0109,5.45
1480,0.0109,5.45
1480,0.01089,5.445
1480,0.0109,5.45
1480,0.0109,5.45
1480,0.01089,5.445
1480,0.01089,5.445
1480,0.01089,5.445
1480,0.01089,5.445
1481,0.01089,5.445
1481,0.0109,5.45
1481,0.0109,5.45
1481,0.0109,5.45
1481,0.0109,5.45
1481,0.0109,5.45
1481,0.01089,5.445
1481,0.01089,5.445
1481,0.01089,5.445
1481,0.0109,5.45
1482,0.0109,5.45
1482,0.0109,5.45
1482,0.0109,5.45
1482,0.0109,5.45
1482,0.0109,5.45
1482,0.01089,5.445
1482,0.01089,5.445
1482,0.01089,5.445
1482,0.0109,5.45
1482,0.0109,5.45
1483,0.0109,5.45
1483,0.0109,5.45
1483,0.01089,5.445
1483,0.0109,5.45
1483,0.01089,5.445
1483,0.0109,5.45
1483,0.0109,5.45
1483,0.0109,5.45
1483,0.0109,5.45
1483,0.0109,5.45
1484,0.01089,5.445
1484,0.01089,5.445
1484,0.01089,5.445
1484,0.01088,5.44
1484,0.01089,5.445
1484,0.0109,5.45
1484,0.01089,5.445
1484,0.0109,5.45
1484,0.0109,5.45
1484,0.01089,5.445
1485,0.01089,5.445
1485,0.0109,5.45
1485,0.0109,5.45
1485,0.01091,5.455
1485,0.0109,5.45
1485,0.0109,5.45
1485,0.0109,5.45
1485,0.0109,5.45
1485,0.01089,5.445
1485,0.0109,5.45
1486,0.0109,5.45
1486,0.0109,5.45
1486,0.0109,5.45
1486,0.0109,5.45
1486,0.0109,5.45
1486,0.0109,5.45
1486,0.0109,5.45
1486,0.0109,5.45
1486,0.0109,5.45
1486,0.0109,5.45
1487,0.0109,5.45
1487,0.0109,5.45
1487,0.01089,5.445
1487,0.01089,5.445
1487,0.0109,5.45
1487,0.01091,5.455
1487,0.0109,5.45
1487,0.0109,5.45
1487,0.01089,5.445
1487,0.01089,5.445
1488,0.01089,5.445
1488,0.01089,5.445
1488,0.0109,5.45
1488,0.0109,5.45
1488,0.0109,5.45
1488,0.0109,5.45
1488,0.0109,5.45
1488,0.0109,5.45
1488,0.0109,5.45
1488,0.0109,5.45
1489,0.0109,5.45
1489,0.0109,5.45
1489,0.0109,5.45
1489,0.0109,5.45
1489,0.0109,5.45
1489,0.0109,5.45
1489,0.0109,5.45
1489,0.0109,5.45
1489,0.01089,5.445
1489,0.01089,5.445
1490,0.0109,5.45
1490,0.0109,5.45
1490,0.0109,5.45
1490,0.0109,5.45
1490,0.0109,5.45
1490,0.0109,5.45
1490,0.0109,5.45
1490,0.0109,5.45
1490,0.0109,5.45
1490,0.01089,5.445
1491,0.0109,5.45
1491,0.0109,5.45
1491,0.0109,5.45
1491,0.0109,5.45
1491,0.0109,5.45
1491,0.0109,5.45
1491,0.0109,5.45
1491,0.0109,5.45
1491,0.0109,5.45
1491,0.01089,5.445
1492,0.01089,5.445
1492,0.0109,5.45
1492,0.01089,5.445
1492,0.01089,5.445
1492,0.01089,5.445
1492,0.01089,5.445
1492,0.01089,5.445
1492,0.01089,5.445
1492,0.0109,5.45
1492,0.01089,5.445
1493,0.01089,5.445
1493,0.0109,5.45
1493,0.0109,5.45
1493,0.0109,5.45
1493,0.01089,5.445
1493,0.01089,5.445
1493,0.0109,5.45
1493,0.0109,5.45
1493,0.0109,5.45
1493,0.01089,5.445
1494,0.01089,5.445
1494,0.0109,5.45
1494,0.0109,5.45
1494,0.01089,5.445
1494,0.01089,5.445
1494,0.01089,5.445
1494,0.01089,5.445
1494,0.01089,5.445
1494,0.01089,5.445
1494,0.01089,5.445
1495,0.01089,5.445
1495,0.0109,5.45
1495,0.01089,5.445
1495,0.0109,5.45
1495,0.0109,5.45
1495,0.0109,5.45
1495,0.0109,5.45
1495,0.0109,5.45
1495,0.0109,5.45
1495,0.0109,5.45
1496,0.0109,5.45
1496,0.0109,5.45
1496,0.0109,5.45
1496,0.01091,5.455
1496,0.01091,5.455
1496,0.0109,5.45
1496,0.0109,5.45
1496,0.0109,5.45
1496,0.0109,5.45
1496,0.0109,5.45
1497,0.0109,5.45
1497,0.0109,5.45
1497,0.0109,5.45
1497,0.0109,5.45
1497,0.0109,5.45
1497,0.01089,5.445
1497,0.0109,5.45
1497,0.0109,5.45
1497,0.0109,5.45
1497,0.0109,5.45
1498,0.0109,5.45
1498,0.01089,5.445
1498,0.01089,5.445
1498,0.01089,5.445
1498,0.0109,5.45
1498,0.0109,5.45
1498,0.0109,5.45
1498,0.0109,5.45
1498,0.01089,5.445
1498,0.0109,5.45
1499,0.0109,5.45
1499,0.0109,5.45
1499,0.0109,5.45
1499,0.0109,5.45
1499,0.0109,5.45
1499,0.0109,5.45
1499,0.0109,5.45
1499,0.0109,5.45
1499,0.01091,5.455
1499,0.0109,5.45
1500,0.0109,5.45
1500,0.0109,5.45
1500,0.0109,5.45
1500,0.0109,5.45
1500,0.0109,5.45
1500,0.0109,5.45
1500,0.0109,5.45
1500,0.0109,5.45
1500,0.0109,5.45
1500,0.0109,5.45
1501,0.0109,5.45
1501,0.0109,5.45
1501,0.01091,5.455
1501,0.0109,5.45
1501,0.0109,5.45
1501,0.01089,5.445
1501,0.0109,5.45
1501,0.0109,5.45
1501,0.0109,5.45
1501,0.0109,5.45
1502,0.0109,5.45
1502,0.0109,5.45
1502,0.0109,5.45
1502,0.01091,5.455
1502,0.0109,5.45
1502,0.0109,5.45
1502,0.01091,5.455
1502,0.0109,5.45
1502,0.0109,5.45
1502,0.01091,5.455
1503,0.0109,5.45
1503,0.0109,5.45
1503,0.0109,5.45
1503,0.0109,5.45
1503,0.0109,5.45
1503,0.01089,5.445
1503,0.0109,5.45
1503,0.0109,5.45
1503,0.0109,5.45
1503,0.01089,5.445
1504,0.0109,5.45
1504,0.0109,5.45
1504,0.01091,5.455
1504,0.0109,5.45
1504,0.0109,5.45
1504,0.0109,5.45
1504,0.0109,5.45
1504,0.0109,5.45
1504,0.01089,5.445
1504,0.0109,5.45
1505,0.0109,5.45
1505,0.01089,5.445
1505,0.0109,5.45
1505,0.0109,5.45
1505,0.01091,5.455
1505,0.0109,5.45
1505,0.0109,5.45
1505,0.0109,5.45
1505,0.0109,5.45
1505,0.0109,5.45
1506,0.0109,5.45
1506,0.0109,5.45
1506,0.0109,5.45
1506,0.0109,5.45
1506,0.0109,5.45
1506,0.0109,5.45
1506,0.0109,5.45
1506,0.0109,5.45
1506,0.0109,5.45
1506,0.0109,5.45
1507,0.0109,5.45
1507,0.0109,5.45
1507,0.0109,5.45
1507,0.01091,5.455
1507,0.01091,5.455
1507,0.01091,5.455
1507,0.0109,5.45
1507,0.0109,5.45
1507,0.0109,5.45
1507,0.0109,5.45
1508,0.01091,5.455
1508,0.0109,5.45
1508,0.0109,5.45
1508,0.0109,5.45
1508,0.0109,5.45
1508,0.0109,5.45
1508,0.01091,5.455
1508,0.0109,5.45
1508,0.0109,5.45
1508,0.0109,5.45
1509,0.0109,5.45
1509,0.01091,5.455
1509,0.01091,5.455
1509,0.01091,5.455
1509,0.01091,5.455
1509,0.01091,5.455
1509,0.0109,5.45
1509,0.0109,5.45
1509,0.0109,5.45
1509,0.0109,5.45
1510,0.0109,5.45
1510,0.0109,5.45
1510,0.0109,5.45
1510,0.0109,5.45
1510,0.0109,5.45
1510,0.0109,5.45
1510,0.0109,5.45
1510,0.0109,5.45
1510,0.01091,5.455
1510,0.0109,5.45
1511,0.0109,5.45
1511,0.0109,5.45
1511,0.0109,5.45
1511,0.0109,5.45
1511,0.0109,5.45
1511,0.0109,5.45
1511,0.01089,5.445
1511,0.01089,5.445
1511,0.0109,5.45
1511,0.0109,5.45
1512,0.0109,5.45
1512,0.0109,5.45
1512,0.0109,5.45
1512,0.01089,5.445
1512,0.0109,5.45
1512,0.0109,5.45
1512,0.0109,5.45
1512,0.01089,5.445
1512,0.01089,5.445
1512,0.0109,5.45
1513,0.0109,5.45
1513,0.0109,5.45
1513,0.0109,5.45
1513,0.0109,5.45
1513,0.0109,5.45
1513,0.0109,5.45
1513,0.01089,5.445
1513,0.0109,5.45
1513,0.0109,5.45
1513,0.0109,5.45
1514,0.01091,5.455
1514,0.0109,5.45
1514,0.01091,5.455
1514,0.01091,5.455
1514,0.01091,5.455
1514,0.0109,5.45
1514,0.0109,5.45
1514,0.0109,5.45
1514,0.0109,5.45
1514,0.01091,5.455
1515,0.0109,5.45
1515,0.01091,5.455
1515,0.01091,5.455
1515,0.0109,5.45
1515,0.0109,5.45
1515,0.0109,5.45
1515,0.0109,5.45
1515,0.0109,5.45
1515,0.0109,5.45
1515,0.01089,5.445
1516,0.0109,5.45
1516,0.0109,5.45
1516,0.0109,5.45
1516,0.0109,5.45
1516,0.0109,5.45
1516,0.01089,5.445
1516,0.0109,5.45
1516,0.0109,5.45
1516,0.0109,5.45
1516,0.0109,5.45
1517,0.0109,5.45
1517,0.0109,5.45
1517,0.0109,5.45
1517,0.0109,5.45
1517,0.0109,5.45
1517,0.0109,5.45
1517,0.01091,5.455
1517,0.0109,5.45
1517,0.0109,5.45
1517,0.0109,5.45
1518,0.01089,5.445
1518,0.0109,5.45
1518,0.0109,5.45
1518,0.0109,5.45
1518,0.0109,5.45
1518,0.0109,5.45
1518,0.0109,5.45
1518,0.01089,5.445
1518,0.0109,5.45
1518,0.0109,5.45
1519,0.0109,5.45
1519,0.0109,5.45
1519,0.0109,5.45
1519,0.0109,5.45
1519,0.0109,5.45
1519,0.0109,5.45
1519,0.01089,5.445
1519,0.01089,5.445
1519,0.01089,5.445
1519,0.0109,5.45
1520,0.0109,5.45
1520,0.01089,5.445
1520,0.01089,5.445
1520,0.01089,5.445
1520,0.0109,5.45
1520,0.0109,5.45
1520,0.0109,5.45
1520,0.0109,5.45
1520,0.0109,5.45
1520,0.01089,5.445
1521,0.0109,5.45
1521,0.0109,5.45
1521,0.01089,5.445
1521,0.0109,5.45
1521,0.0109,5.45
1521,0.01089,5.445
1521,0.0109,5.45
1521,0.0109,5.45
1521,0.01089,5.445
1521,0.0109,5.45
1522,0.0109,5.45
1522,0.0109,5.45
1522,0.0109,5.45
1522,0.0109,5.45
1522,0.0109,5.45
1522,0.0109,5.45
1522,0.0109,5.45
1522,0.0109,5.45
1522,0.0109,5.45
1522,0.0109,5.45
1523,0.0109,5.45
1523,0.0109,5.45
1523,0.0109,5.45
1523,0.0109,5.45
1523,0.01089,5.445
1523,0.01089,5.445
1523,0.0109,5.45
1523,0.0109,5.45
1523,0.0109,5.45
1523,0.0109,5.45
1524,0.0109,5.45
1524,0.0109,5.45
1524,0.0109,5.45
1524,0.0109,5.45
1524,0.0109,5.45
1524,0.0109,5.45
1524,0.0109,5.45
1524,0.01091,5.455
1524,0.01091,5.455
1524,0.0109,5.45
1525,0.01091,5.455
1525,0.0109,5.45
1525,0.0109,5.45
1525,0.0109,5.45
1525,0.0109,5.45
1525,0.01091,5.455
1525,0.01091,5.455
1525,0.0109,5.45
1525,0.0109,5.45
1525,0.01091,5.455
1526,0.01091,5.455
1526,0.01091,5.455
1526,0.0109,5.45
1526,0.0109,5.45
1526,0.0109,5.45
1526,0.0109,5.45
1526,0.0109,5.45
1526,0.0109,5.45
1526,0.01091,5.455
1526,0.0109,5.45
1527,0.01091,5.455
1527,0.01091,5.455
1527,0.0109,5.45
1527,0.0109,5.45
1527,0.0109,5.45
1527,0.0109,5.45
1527,0.0109,5.45
1527,0.0109,5.45
1527,0.0109,5.45
1527,0.0109,5.45
1528,0.01091,5.455
1528,0.0109,5.45
1528,0.0109,5.45
1528,0.0109,5.45
1528,0.0109,5.45
1528,0.0109,5.45
1528,0.01091,5.455
1528,0.0109,5.45
1528,0.0109,5.45
1528,0.0109,5.45
1529,0.0109,5.45
1529,0.0109,5.45
1529,0.0109,5.45
1529,0.0109,5.45
1529,0.0109,5.45
1529,0.0109,5.45
1529,0.0109,5.45
1529,0.0109,5.45
1529,0.01091,5.455
1529,0.0109,5.45
1530,0.0109,5.45
1530,0.01089,5.445
1530,0.01089,5.445
1530,0.01089,5.445
1530,0.0109,5.45
1530,0.0109,5.45
1530,0.0109,5.45
1530,0.0109,5.45
1530,0.0109,5.45
1530,0.01089,5.445
1531,0.0109,5.45
1531,0.0109,5.45
1531,0.0109,5.45
1531,0.01089,5.445
1531,0.0109,5.45
1531,0.0109,5.45
1531,0.0109,5.45
1531,0.01089,5.445
1531,0.0109,5.45
1531,0.0109,5.45
1532,0.0109,5.45
1532,0.0109,5.45
1532,0.0109,5.45
1532,0.0109,5.45
1532,0.0109,5.45
1532,0.01089,5.445
1532,0.0109,5.45
1532,0.0109,5.45
1532,0.01089,5.445
1532,0.01089,5.445
1533,0.0109,5.45
1533,0.0109,5.45
1533,0.0109,5.45
1533,0.0109,5.45
1533,0.01089,5.445
1533,0.01089,5.445
1533,0.01089,5.445
1533,0.0109,5.45
1533,0.0109,5.45
1533,0.0109,5.45
1534,0.01091,5.455
1534,0.01091,5.455
1534,0.0109,5.45
1534,0.0109,5.45
1534,0.0109,5.45
1534,0.0109,5.45
1534,0.01089,5.445
1534,0.01089,5.445
1534,0.0109,5.45
1534,0.0109,5.45
1535,0.0109,5.45
1535,0.0109,5.45
1535,0.0109,5.45
1535,0.0109,5.45
1535,0.0109,5.45
1535,0.01089,5.445
1535,0.0109,5.45
1535,0.0109,5.45
1535,0.0109,5.45
1535,0.0109,5.45
1536,0.0109,5.45
1536,0.0109,5.45
1536,0.01089,5.445
1536,0.01089,5.445
1536,0.01089,5.445
1536,0.0109,5.45
1536,0.0109,5.45
1536,0.0109,5.45
1536,0.01089,5.445
1536,0.01089,5.445
1537,0.0109,5.45
1537,0.0109,5.45
1537,0.0109,5.45
1537,0.0109,5.45
1537,0.0109,5.45
1537,0.0109,5.45
1537,0.0109,5.45
1537,0.0109,5.45
1537,0.0109,5.45
1537,0.0109,5.45
1538,0.0109,5.45
1538,0.0109,5.45
1538,0.0109,5.45
1538,0.0109,5.45
1538,0.0109,5.45
1538,0.0109,5.45
1538,0.0109,5.45
1538,0.0109,5.45
1538,0.0109,5.45
1538,0.0109,5.45
1539,0.0109,5.45
1539,0.0109,5.45
1539,0.01089,5.445
1539,0.01089,5.445
1539,0.01089,5.445
1539,0.01089,5.445
1539,0.0109,5.45
1539,0.01089,5.445
1539,0.01089,5.445
1539,0.0109,5.45
1540,0.01089,5.445
1540,0.0109,5.45
1540,0.0109,5.45
1540,0.0109,5.45
1540,0.0109,5.45
1540,0.01089,5.445
1540,0.01089,5.445
1540,0.01089,5.445
1540,0.01089,5.445
1540,0.0109,5.45
1541,0.0109,5.45
1541,0.01089,5.445
1541,0.01089,5.445
1541,0.01089,5.445
1541,0.01089,5.445
1541,0.01089,5.445
1541,0.01089,5.445
1541,0.01089,5.445
1541,0.01089,5.445
1541,0.01089,5.445
1542,0.01089,5.445
1542,0.01089,5.445
1542,0.01089,5.445
1542,0.01089,5.445
1542,0.01089,5.445
1542,0.01089,5.445
1542,0.01089,5.445
1542,0.01089,5.445
1542,0.0109,5.45
1542,0.0109,5.45
1543,0.0109,5.45
1543,0.0109,5.45
1543,0.0109,5.45
1543,0.0109,5.45
1543,0.01091,5.455
1543,0.01091,5.455
1543,0.0109,5.45
1543,0.0109,5.45
1543,0.0109,5.45
1543,0.0109,5.45
1544,0.0109,5.45
1544,0.0109,5.45
1544,0.0109,5.45
1544,0.0109,5.45
1544,0.0109,5.45
1544,0.0109,5.45
1544,0.01091,5.455
1544,0.0109,5.45
1544,0.0109,5.45
1544,0.0109,5.45
1545,0.01089,5.445
1545,0.01089,5.445
1545,0.0109,5.45
1545,0.01089,5.445
1545,0.01089,5.445
1545,0.0109,5.45
1545,0.0109,5.45
1545,0.0109,5.45
1545,0.01089,5.445
1545,0.01089,5.445
1546,0.01089,5.445
1546,0.01089,5.445
1546,0.0109,5.45
1546,0.0109,5.45
1546,0.01089,5.445
1546,0.0109,5.45
1546,0.0109,5.45
1546,0.0109,5.45
1546,0.0109,5.45
1546,0.0109,5.45
1547,0.0109,5.45
1547,0.0109,5.45
1547,0.0109,5.45
1547,0.0109,5.45
1547,0.0109,5.45
1547,0.0109,5.45
1547,0.0109,5.45
1547,0.0109,5.45
1547,0.0109,5.45
1547,0.01089,5.445
1548,0.0109,5.45
1548,0.01091,5.455
1548,0.0109,5.45
1548,0.0109,5.45
1548,0.0109,5.45
1548,0.0109,5.45
1548,0.0109,5.45
1548,0.0109,5.45
1548,0.0109,5.45
1548,0.0109,5.45
1549,0.0109,5.45
1549,0.0109,5.45
1549,0.0109,5.45
1549,0.0109,5.45
1549,0.0109,5.45
1549,0.0109,5.45
1549,0.0109,5.45
1549,0.0109,5.45
1549,0.0109,5.45
1549,0.0109,5.45
1550,0.0109,5.45
1550,0.0109,5.45
1550,0.0109,5.45
1550,0.0109,5.45
1550,0.0109,5.45
1550,0.0109,5.45
1550,0.0109,5.45
1550,0.0109,5.45
1550,0.0109,5.45
1550,0.0109,5.45
1551,0.0109,5.45
1551,0.0109,5.45
1551,0.01091,5.455
1551,0.01091,5.455
1551,0.0109,5.45
1551,0.0109,5.45
1551,0.0109,5.45
1551,0.01091,5.455
1551,0.01091,5.455
1551,0.01091,5.455
1552,0.0109,5.45
1552,0.01091,5.455
1552,0.01091,5.455
1552,0.01091,5.455
1552,0.0109,5.45
1552,0.0109,5.45
1552,0.0109,5.45
1552,0.01091,5.455
1552,0.01091,5.455
1552,0.01091,5.455
1553,0.01091,5.455
1553,0.01091,5.455
1553,0.0109,5.45
1553,0.0109,5.45
1553,0.0109,5.45
1553,0.0109,5.45
1553,0.0109,5.45
1553,0.0109,5.45
1553,0.01089,5.445
1553,0.0109,5.45
1554,0.0109,5.45
1554,0.0109,5.45
1554,0.0109,5.45
1554,0.01089,5.445
1554,0.0109,5.45
1554,0.01091,5.455
1554,0.01091,5.455
1554,0.01091,5.455
1554,0.01091,5.455
1554,0.01091,5.455
1555,0.01091,5.455
1555,0.01091,5.455
1555,0.01091,5.455
1555,0.01091,5.455
1555,0.01091,5.455
1555,0.0109,5.45
1555,0.01091,5.455
1555,0.01091,5.455
1555,0.01091,5.455
1555,0.0109,5.45
1556,0.0109,5.45
1556,0.0109,5.45
1556,0.01091,5.455
1556,0.0109,5.45
1556,0.0109,5.45
1556,0.0109,5.45
1556,0.01091,5.455
1556,0.01091,5.455
1556,0.0109,5.45
1556,0.0109,5.45
1557,0.0109,5.45
1557,0.0109,5.45
1557,0.0109,5.45
1557,0.0109,5.45
1557,0.0109,5.45
1557,0.0109,5.45
1557,0.0109,5.45
1557,0.0109,5.45
1557,0.0109,5.45
1557,0.0109,5.45
1558,0.01091,5.455
1558,0.01091,5.455
1558,0.0109,5.45
1558,0.0109,5.45
1558,0.0109,5.45
1558,0.0109,5.45
1558,0.0109,5.45
1558,0.0109,5.45
1558,0.0109,5.45
1558,0.0109,5.45
1559,0.0109,5.45
1559,0.0109,5.45
1559,0.01091,5.455
1559,0.01091,5.455
1559,0.0109,5.45
1559,0.0109,5.45
1559,0.0109,5.45
1559,0.01091,5.455
1559,0.0109,5.45
1559,0.0109,5.45
1560,0.01091,5.455
1560,0.01091,5.455
1560,0.0109,5.45
1560,0.0109,5.45
1560,0.01091,5.455
1560,0.01091,5.455
1560,0.01091,5.455
1560,0.01091,5.455
1560,0.01091,5.455
1560,0.01091,5.455
1561,0.01091,5.455
1561,0.0109,5.45
1561,0.01091,5.455
1561,0.01091,5.455
1561,0.01091,5.455
1561,0.01091,5.455
1561,0.01091,5.455
1561,0.01091,5.455
1561,0.0109,5.45
1561,0.0109,5.45
1562,0.0109,5.45
1562,0.0109,5.45
1562,0.01091,5.455
1562,0.01091,5.455
1562,0.01091,5.455
1562,0.01091,5.455
1562,0.0109,5.45
1562,0.0109,5.45
1562,0.01091,5.455
1562,0.0109,5.45
1563,0.0109,5.45
1563,0.0109,5.45
1563,0.01091,5.455
1563,0.01091,5.455
1563,0.0109,5.45
1563,0.0109,5.45
1563,0.01091,5.455
1563,0.0109,5.45
1563,0.01091,5.455
1563,0.0109,5.45
1564,0.0109,5.45
1564,0.0109,5.45
1564,0.0109,5.45
1564,0.0109,5.45
1564,0.0109,5.45
1564,0.0109,5.45
1564,0.0109,5.45
1564,0.0109,5.45
1564,0.0109,5.45
1564,0.0109,5.45
1565,0.0109,5.45
1565,0.0109,5.45
1565,0.01091,5.455
1565,0.0109,5.45
1565,0.0109,5.45
1565,0.0109,5.45
1565,0.0109,5.45
1565,0.0109,5.45
1565,0.01091,5.455
1565,0.0109,5.45
1566,0.0109,5.45
1566,0.0109,5.45
1566,0.0109,5.45
1566,0.0109,5.45
1566,0.0109,5.45
1566,0.0109,5.45
1566,0.0109,5.45
1566,0.0109,5.45
1566,0.01091,5.455
1566,0.01091,5.455
1567,0.0109,5.45
1567,0.0109,5.45
1567,0.0109,5.45
1567,0.0109,5.45
1567,0.0109,5.45
1567,0.01091,5.455
1567,0.01091,5.455
1567,0.01091,5.455
1567,0.01091,5.455
1567,0.0109,5.45
1568,0.0109,5.45
1568,0.01091,5.455
1568,0.0109,5.45
1568,0.0109,5.45
1568,0.0109,5.45
1568,0.0109,5.45
1568,0.0109,5.45
1568,0.0109,5.45
1568,0.0109,5.45
1568,0.0109,5.45
1569,0.0109,5.45
1569,0.0109,5.45
1569,0.01091,5.455
1569,0.01091,5.455
1569,0.0109,5.45
1569,0.0109,5.45
1569,0.0109,5.45
1569,0.01091,5.455
1569,0.01091,5.455
1569,0.01091,5.455
1570,0.01091,5.455
1570,0.01091,5.455
1570,0.01091,5.455
1570,0.01091,5.455
1570,0.01091,5.455
1570,0.01091,5.455
1570,0.01091,5.455
1570,0.0109,5.45
1570,0.01091,5.455
1570,0.01091,5.455
1571,0.01091,5.455
1571,0.01091,5.455
1571,0.0109,5.45
1571,0.0109,5.45
1571,0.0109,5.45
1571,0.0109,5.45
1571,0.01091,5.455
1571,0.01091,5.455
1571,0.0109,5.45
1571,0.0109,5.45
1572,0.0109,5.45
1572,0.0109,5.45
1572,0.0109,5.45
1572,0.0109,5.45
1572,0.0109,5.45
1572,0.0109,5.45
1572,0.0109,5.45
1572,0.01091,5.455
1572,0.01091,5.455
1572,0.01091,5.455
1573,0.01091,5.455
1573,0.01091,5.455
1573,0.01091,5.455
1573,0.01091,5.455
1573,0.01091,5.455
1573,0.01091,5.455
1573,0.01091,5.455
1573,0.01091,5.455
1573,0.0109,5.45
1573,0.0109,5.45
1574,0.0109,5.45
1574,0.01091,5.455
1574,0.01091,5.455
1574,0.01091,5.455
1574,0.01091,5.455
1574,0.01091,5.455
1574,0.01091,5.455
1574,0.0109,5.45
1574,0.01091,5.455
1574,0.01091,5.455
1575,0.01091,5.455
1575,0.0109,5.45
1575,0.0109,5.45
1575,0.0109,5.45
1575,0.0109,5.45
1575,0.0109,5.45
1575,0.0109,5.45
1575,0.0109,5.45
1575,0.01091,5.455
1575,0.0109,5.45
1576,0.01091,5.455
1576,0.0109,5.45
1576,0.0109,5.45
1576,0.0109,5.45
1576,0.01091,5.455
1576,0.01091,5.455
1576,0.01091,5.455
1576,0.0109,5.45
1576,0.0109,5.45
1576,0.0109,5.45
1577,0.0109,5.45
1577,0.01091,5.455
1577,0.01091,5.455
1577,0.01091,5.455
1577,0.0109,5.45
1577,0.01091,5.455
1577,0.01091,5.455
1577,0.0109,5.45
1577,0.0109,5.45
1577,0.01091,5.455
1578,0.01091,5.455
1578,0.01091,5.455
1578,0.01091,5.455
1578,0.01091,5.455
1578,0.01091,5.455
1578,0.01091,5.455
1578,0.01091,5.455
1578,0.01091,5.455
1578,0.01091,5.455
1578,0.01091,5.455
1579,0.01091,5.455
1579,0.01091,5.455
1579,0.01091,5.455
1579,0.01091,5.455
1579,0.01091,5.455
1579,0.01091,5.455
1579,0.01091,5.455
1579,0.0109,5.45
1579,0.01091,5.455
1579,0.0109,5.45
1580,0.01091,5.455
1580,0.01091,5.455
1580,0.01091,5.455
1580,0.01091,5.455
1580,0.01091,5.455
1580,0.01091,5.455
1580,0.01091,5.455
1580,0.01091,5.455
1580,0.01091,5.455
1580,0.01091,5.455
1581,0.01091,5.455
1581,0.01091,5.455
1581,0.01091,5.455
1581,0.01091,5.455
1581,0.01091,5.455
1581,0.01091,5.455
1581,0.01091,5.455
1581,0.01091,5.455
1581,0.0109,5.45
1581,0.0109,5.45
1582,0.01091,5.455
1582,0.01091,5.455
1582,0.01091,5.455
1582,0.01091,5.455
1582,0.01091,5.455
1582,0.01091,5.455
1582,0.01091,5.455
1582,0.01091,5.455
1582,0.01091,5.455
1582,0.01091,5.455
1583,0.01091,5.455
1583,0.01091,5.455
1583,0.01091,5.455
1583,0.0109,5.45
1583,0.0109,5.45
1583,0.01091,5.455
1583,0.01091,5.455
1583,0.01091,5.455
1583,0.01092,5.46
1583,0.01091,5.455
1584,0.01091,5.455
1584,0.01091,5.455
1584,0.01091,5.455
1584,0.01091,5.455
1584,0.01091,5.455
1584,0.01091,5.455
1584,0.01091,5.455
1584,0.01091,5.455
1584,0.01091,5.455
1584,0.01091,5.455
1585,0.01091,5.455
1585,0.01091,5.455
1585,0.01091,5.455
1585,0.01091,5.455
1585,0.01091,5.455
1585,0.01091,5.455
1585,0.01091,5.455
1585,0.01091,5.455
1585,0.01091,5.455
1585,0.01091,5.455
1586,0.01091,5.455
1586,0.01091,5.455
1586,0.01091,5.455
1586,0.01091,5.455
1586,0.01091,5.455
1586,0.01091,5.455
1586,0.0109,5.45
1586,0.0109,5.45
1586,0.01091,5.455
1586,0.01091,5.455
1587,0.0109,5.45
1587,0.0109,5.45
1587,0.0109,5.45
1587,0.0109,5.45
1587,0.01091,5.455
1587,0.01091,5.455
1587,0.0109,5.45
1587,0.0109,5.45
1587,0.0109,5.45
1587,0.0109,5.45
1588,0.01091,5.455
1588,0.01091,5.455
1588,0.01091,5.455
1588,0.01091,5.455
1588,0.01091,5.455
1588,0.0109,5.45
1588,0.0109,5.45
1588,0.0109,5.45
1588,0.01091,5.455
1588,0.01091,5.455
1589,0.01091,5.455
1589,0.01091,5.455
1589,0.01091,5.455
1589,0.01091,5.455
1589,0.01091,5.455
1589,0.01091,5.455
1589,0.0109,5.45
1589,0.0109,5.45
1589,0.0109,5.45
1589,0.01091,5.455
1590,0.0109,5.45
1590,0.0109,5.45
1590,0.0109,5.45
1590,0.01091,5.455
1590,0.01091,5.455
1590,0.01091,5.455
1590,0.01091,5.455
1590,0.01091,5.455
1590,0.01091,5.455
1590,0.01091,5.455
1591,0.01091,5.455
1591,0.0109,5.45
1591,0.0109,5.45
1591,0.01091,5.455
1591,0.01091,5.455
1591,0.01091,5.455
1591,0.01091,5.455
1591,0.01091,5.455
1591,0.01091,5.455
1591,0.01091,5.455
1592,0.01091,5.455
1592,0.01091,5.455
1592,0.01091,5.455
1592,0.01091,5.455
1592,0.01091,5.455
1592,0.0109,5.45
1592,0.01091,5.455
1592,0.0109,5.45
1592,0.0109,5.45
1592,0.0109,5.45
1593,0.0109,5.45
1593,0.01091,5.455
1593,0.01091,5.455
1593,0.01091,5.455
1593,0.0109,5.45
1593,0.0109,5.45
1593,0.0109,5.45
1593,0.0109,5.45
1593,0.0109,5.45
1593,0.0109,5.45
1594,0.0109,5.45
1594,0.0109,5.45
1594,0.0109,5.45
1594,0.0109,5.45
1594,0.0109,5.45
1594,0.01091,5.455
1594,0.01091,5.455
1594,0.0109,5.45
1594,0.0109,5.45
1594,0.0109,5.45
1595,0.0109,5.45
1595,0.0109,5.45
1595,0.0109,5.45
1595,0.0109,5.45
1595,0.01091,5.455
1595,0.01091,5.455
1595,0.01091,5.455
1595,0.01091,5.455
1595,0.0109,5.45
1595,0.01091,5.455
1596,0.0109,5.45
1596,0.0109,5.45
1596,0.0109,5.45
1596,0.0109,5.45
1596,0.0109,5.45
1596,0.01091,5.455
1596,0.0109,5.45
1596,0.0109,5.45
1596,0.01091,5.455
1596,0.01091,5.455
1597,0.01091,5.455
1597,0.0109,5.45
1597,0.0109,5.45
1597,0.0109,5.45
1597,0.0109,5.45
1597,0.01091,5.455
1597,0.01091,5.455
1597,0.0109,5.45
1597,0.0109,5.45
1597,0.01091,5.455
1598,0.0109,5.45
1598,0.01091,5.455
1598,0.01091,5.455
1598,0.01091,5.455
1598,0.0109,5.45
1598,0.01091,5.455
1598,0.01091,5.455
1598,0.01091,5.455
1598,0.01091,5.455
1598,0.01091,5.455
1599,0.01091,5.455
1599,0.0109,5.45
1599,0.0109,5.45
1599,0.01091,5.455
1599,0.01091,5.455
1599,0.0109,5.45
1599,0.0109,5.45
1599,0.0109,5.45
1599,0.0109,5.45
1599,0.01091,5.455
1600,0.01091,5.455
1600,0.01091,5.455
1600,0.01091,5.455
1600,0.0109,5.45
1600,0.0109,5.45
1600,0.01091,5.455
1600,0.01091,5.455
1600,0.01091,5.455
1600,0.0109,5.45
1600,0.0109,5.45
1601,0.01091,5.455
1601,0.0109,5.45
1601,0.0109,5.45
1601,0.01091,5.455
1601,0.01091,5.455
1601,0.0109,5.45
1601,0.0109,5.45
1601,0.0109,5.45
1601,0.0109,5.45
1601,0.01091,5.455
1602,0.0109,5.45
1602,0.0109,5.45
1602,0.0109,5.45
1602,0.0109,5.45
1602,0.0109,5.45
1602,0.0109,5.45
1602,0.0109,5.45
1602,0.01091,5.455
1602,0.0109,5.45
1602,0.0109,5.45
1603,0.01091,5.455
1603,0.0109,5.45
1603,0.0109,5.45
1603,0.0109,5.45
1603,0.0109,5.45
1603,0.0109,5.45
1603,0.0109,5.45
1603,0.0109,5.45
1603,0.0109,5.45
1603,0.0109,5.45
1604,0.0109,5.45
1604,0.0109,5.45
1604,0.0109,5.45
1604,0.0109,5.45
1604,0.0109,5.45
1604,0.0109,5.45
1604,0.01089,5.445
1604,0.0109,5.45
1604,0.0109,5.45
1604,0.01091,5.455
1605,0.01091,5.455
1605,0.01091,5.455
1605,0.01091,5.455
1605,0.0109,5.45
1605,0.01091,5.455
1605,0.01091,5.455
1605,0.0109,5.45
1605,0.0109,5.45
1605,0.01091,5.455
1605,0.0109,5.45
1606,0.0109,5.45
1606,0.0109,5.45
1606,0.01091,5.455
1606,0.0109,5.45
1606,0.0109,5.45
1606,0.01091,5.455
1606,0.01091,5.455
1606,0.01091,5.455
1606,0.0109,5.45
1606,0.0109,5.45
1607,0.0109,5.45
1607,0.0109,5.45
1607,0.0109,5.45
1607,0.01091,5.455
1607,0.01091,5.455
1607,0.0109,5.45
1607,0.01091,5.455
1607,0.01091,5.455
1607,0.0109,5.45
1607,0.0109,5.45
1608,0.0109,5.45
1608,0.0109,5.45
1608,0.0109,5.45
1608,0.0109,5.45
1608,0.01091,5.455
1608,0.01091,5.455
1608,0.01091,5.455
1608,0.01091,5.455
1608,0.01091,5.455
1608,0.01091,5.455
1609,0.01091,5.455
1609,0.0109,5.45
1609,0.0109,5.45
1609,0.0109,5.45
1609,0.01091,5.455
1609,0.0109,5.45
1609,0.0109,5.45
1609,0.01091,5.455
1609,0.01091,5.455
1609,0.0109,5.45
1610,0.01091,5.455
1610,0.01091,5.455
1610,0.01091,5.455
1610,0.0109,5.45
1610,0.01091,5.455
1610,0.0109,5.45
1610,0.01091,5.455
1610,0.01091,5.455
1610,0.01091,5.455
1610,0.0109,5.45
1611,0.0109,5.45
1611,0.0109,5.45
1611,0.0109,5.45
1611,0.0109,5.45
1611,0.0109,5.45
1611,0.0109,5.45
1611,0.0109,5.45
1611,0.0109,5.45
1611,0.01091,5.455
1611,0.01091,5.455
1612,0.01091,5.455
1612,0.01091,5.455
1612,0.01091,5.455
1612,0.0109,5.45
1612,0.01091,5.455
1612,0.0109,5.45
1612,0.0109,5.45
1612,0.0109,5.45
1612,0.0109,5.45
1612,0.01091,5.455
1613,0.01091,5.455
1613,0.01091,5.455
1613,0.01091,5.455
1613,0.01091,5.455
1613,0.01091,5.455
1613,0.01091,5.455
1613,0.01091,5.455
1613,0.01091,5.455
1613,0.01091,5.455
1613,0.01091,5.455
1614,0.01091,5.455
1614,0.01091,5.455
1614,0.01092,5.46
1614,0.01091,5.455
1614,0.01091,5.455
1614,0.01092,5.46
1614,0.01091,5.455
1614,0.01091,5.455
1614,0.01091,5.455
1614,0.01092,5.46
1615,0.01092,5.46
1615,0.01092,5.46
1615,0.01091,5.455
1615,0.01091,5.455
1615,0.01091,5.455
1615,0.01091,5.455
1615,0.01092,5.46
1615,0.01092,5.46
1615,0.01091,5.455
1615,0.01091,5.455
1616,0.01091,5.455
1616,0.01091,5.455
1616,0.01092,5.46
1616,0.01091,5.455
1616,0.01091,5.455
1616,0.01091,5.455
1616,0.01091,5.455
1616,0.01091,5.455
1616,0.01091,5.455
1616,0.01091,5.455
1617,0.01091,5.455
1617,0.01091,5.455
1617,0.01092,5.46
1617,0.01091,5.455
1617,0.0109,5.45
1617,0.01091,5.455
1617,0.0109,5.45
1617,0.0109,5.45
1617,0.01091,5.455
1617,0.01091,5.455
1618,0.01091,5.455
1618,0.01091,5.455
1618,0.01091,5.455
1618,0.01091,5.455
1618,0.01091,5.455
1618,0.01092,5.46
1618,0.01091,5.455
1618,0.01091,5.455
1618,0.01091,5.455
1618,0.01091,5.455
1619,0.01091,5.455
1619,0.01091,5.455
1619,0.01091,5.455
1619,0.01091,5.455
1619,0.01091,5.455
1619,0.01091,5.455
1619,0.01091,5.455
1619,0.01091,5.455
1619,0.01091,5.455
1619,0.01091,5.455
1620,0.01091,5.455
1620,0.01091,5.455
1620,0.01092,5.46
1620,0.01091,5.455
1620,0.01091,5.455
1620,0.01091,5.455
1620,0.01091,5.455
1620,0.01091,5.455
1620,0.01091,5.455
1620,0.01091,5.455
1621,0.01092,5.46
1621,0.01092,5.46
1621,0.01091,5.455
1621,0.01091,5.455
1621,0.01091,5.455
1621,0.01091,5.455
1621,0.01092,5.46
1621,0.01092,5.46
1621,0.01091,5.455
1621,0.01091,5.455
1622,0.01091,5.455
1622,0.01091,5.455
1622,0.01091,5.455
1622,0.01091,5.455
1622,0.01091,5.455
1622,0.01091,5.455
1622,0.01091,5.455
1622,0.01091,5.455
1622,0.01091,5.455
1622,0.01091,5.455
1623,0.01091,5.455
1623,0.01091,5.455
1623,0.01091,5.455
1623,0.01092,5.46
1623,0.01092,5.46
1623,0.01091,5.455
1623,0.01091,5.455
1623,0.01091,5.455
1623,0.01091,5.455
1623,0.01091,5.455
1624,0.01091,5.455
1624,0.01091,5.455
1624,0.01091,5.455
1624,0.01091,5.455
1624,0.01092,5.46
1624,0.01091,5.455
1624,0.01091,5.455
1624,0.01091,5.455
1624,0.01091,5.455
1624,0.01092,5.46
1625,0.01091,5.455
1625,0.01091,5.455
1625,0.01091,5.455
1625,0.01092,5.46
1625,0.01091,5.455
1625,0.01091,5.455
1625,0.01091,5.455
1625,0.01091,5.455
1625,0.01091,5.455
1625,0.01091,5.455
1626,0.01091,5.455
1626,0.01092,5.46
1626,0.01091,5.455
1626,0.01091,5.455
1626,0.01091,5.455
1626,0.01092,5.46
1626,0.01091,5.455
1626,0.01091,5.455
1626,0.01091,5.455
1626,0.01091,5.455
1627,0.01091,5.455
1627,0.01092,5.46
1627,0.01092,5.46
1627,0.01091,5.455
1627,0.01092,5.46
1627,0.01092,5.46
1627,0.01092,5.46
1627,0.01092,5.46
1627,0.01092,5.46
1627,0.01092,5.46
1628,0.01092,5.46
1628,0.01092,5.46
1628,0.01091,5.455
1628,0.01091,5.455
1628,0.01092,5.46
1628,0.01091,5.455
1628,0.01091,5.455
1628,0.01091,5.455
1628,0.01092,5.46
1628,0.01092,5.46
1629,0.01091,5.455
1629,0.01091,5.455
1629,0.01091,5.455
1629,0.01091,5.455
1629,0.01091,5.455
1629,0.01091,5.455
1629,0.01091,5.455
1629,0.01091,5.455
1629,0.01091,5.455
1629,0.01091,5.455
1630,0.01091,5.455
1630,0.01091,5.455
1630,0.01091,5.455
1630,0.01091,5.455
1630,0.01091,5.455
1630,0.01091,5.455
1630,0.01091,5.455
1630,0.01092,5.46
1630,0.01091,5.455
1630,0.01091,5.455
1631,0.01091,5.455
1631,0.01091,5.455
1631,0.01091,5.455
1631,0.01091,5.455
1631,0.0109,5.45
1631,0.01091,5.455
1631,0.01091,5.455
1631,0.01091,5.455
1631,0.01091,5.455
1631,0.01091,5.455
1632,0.01091,5.455
1632,0.01091,5.455
1632,0.01091,5.455
1632,0.01091,5.455
1632,0.01092,5.46
1632,0.01092,5.46
1632,0.01092,5.46
1632,0.01092,5.46
1632,0.01092,5.46
1632,0.01092,5.46
1633,0.01091,5.455
1633,0.01092,5.46
1633,0.01092,5.46
1633,0.01091,5.455
1633,0.01091,5.455
1633,0.01091,5.455
1633,0.01091,5.455
1633,0.01091,5.455
1633,0.01092,5.46
1633,0.01091,5.455
1634,0.01091,5.455
1634,0.01091,5.455
1634,0.01091,5.455
1634,0.01092,5.46
1634,0.01091,5.455
1634,0.01091,5.455
1634,0.01091,5.455
1634,0.01091,5.455
1634,0.01091,5.455
1634,0.01092,5.46
1635,0.01092,5.46
1635,0.01091,5.455
1635,0.01091,5.455
1635,0.01091,5.455
1635,0.01091,5.455
1635,0.01091,5.455
1635,0.01091,5.455
1635,0.01091,5.455
1635,0.01091,5.455
1635,0.01091,5.455
1636,0.01091,5.455
1636,0.01091,5.455
1636,0.01092,5.46
1636,0.01091,5.455
1636,0.01091,5.455
1636,0.01092,5.46
1636,0.01092,5.46
1636,0.01092,5.46
1636,0.01092,5.46
1636,0.01091,5.455
1637,0.01092,5.46
1637,0.01092,5.46
1637,0.01091,5.455
1637,0.01091,5.455
1637,0.01091,5.455
1637,0.01091,5.455
1637,0.01091,5.455
1637,0.01092,5.46
1637,0.01091,5.455
1637,0.01091,5.455
1638,0.01092,5.46
1638,0.01092,5.46
1638,0.01091,5.455
1638,0.01091,5.455
1638,0.01091,5.455
1638,0.01091,5.455
1638,0.01091,5.455
1638,0.01091,5.455
1638,0.01091,5.455
1638,0.01091,5.455
1639,0.01091,5.455
1639,0.01091,5.455
1639,0.01091,5.455
1639,0.01091,5.455
1639,0.01091,5.455
1639,0.01091,5.455
1639,0.01091,5.455
1639,0.01091,5.455
1639,0.0109,5.45
1639,0.0109,5.45
1640,0.0109,5.45
1640,0.01091,5.455
1640,0.01091,5.455
1640,0.01091,5.455
1640,0.01092,5.46
1640,0.01092,5.46
1640,0.01091,5.455
1640,0.01091,5.455
1640,0.01091,5.455
1640,0.01091,5.455
1641,0.01091,5.455
1641,0.01091,5.455
1641,0.01091,5.455
1641,0.01092,5.46
1641,0.01091,5.455
1641,0.01092,5.46
1641,0.01091,5.455
1641,0.01092,5.46
1641,0.01091,5.455
1641,0.01091,5.455
1642,0.01091,5.455
1642,0.0109,5.45
1642,0.01091,5.455
1642,0.01091,5.455
1642,0.01091,5.455
1642,0.01091,5.455
1642,0.01091,5.455
1642,0.01091,5.455
1642,0.01091,5.455
1642,0.01092,5.46
1643,0.01091,5.455
1643,0.01092,5.46
1643,0.01091,5.455
1643,0.01091,5.455
1643,0.01091,5.455
1643,0.01091,5.455
1643,0.01092,5.46
1643,0.01092,5.46
1643,0.01092,5.46
1643,0.01092,5.46
1644,0.01092,5.46
1644,0.01092,5.46
1644,0.01091,5.455
1644,0.01092,5.46
1644,0.01092,5.46
1644,0.01092,5.46
1644,0.01092,5.46
1644,0.01092,5.46
1644,0.01092,5.46
1644,0.01091,5.455
1645,0.01092,5.46
1645,0.01092,5.46
1645,0.01092,5.46
1645,0.01092,5.46
1645,0.01092,5.46
1645,0.01092,5.46
1645,0.01091,5.455
1645,0.01091,5.455
1645,0.01091,5.455
1645,0.01091,5.455
1646,0.01092,5.46
1646,0.01091,5.455
1646,0.01091,5.455
1646,0.01091,5.455
1646,0.01091,5.455
1646,0.01091,5.455
1646,0.01091,5.455
1646,0.01091,5.455
1646,0.01091,5.455
1646,0.01091,5.455
1647,0.01091,5.455
1647,0.01091,5.455
1647,0.01091,5.455
1647,0.01091,5.455
1647,0.01091,5.455
1647,0.01091,5.455
1647,0.01091,5.455
1647,0.0109,5.45
1647,0.0109,5.45
1647,0.0109,5.45
1648,0.0109,5.45
1648,0.01091,5.455
1648,0.01092,5.46
1648,0.01091,5.455
1648,0.01091,5.455
1648,0.01091,5.455
1648,0.01091,5.455
1648,0.01091,5.455
1648,0.01091,5.455
1648,0.01091,5.455
1649,0.01091,5.455
1649,0.01091,5.455
1649,0.01091,5.455
1649,0.01091,5.455
1649,0.01091,5.455
1649,0.01091,5.455
1649,0.01091,5.455
1649,0.01091,5.455
1649,0.01092,5.46
1649,0.01092,5.46
1650,0.01092,5.46
1650,0.01091,5.455
1650,0.01091,5.455
1650,0.01091,5.455
1650,0.01091,5.455
1650,0.01091,5.455
1650,0.01091,5.455
1650,0.01091,5.455
1650,0.01091,5.455
1650,0.01092,5.46
1651,0.01092,5.46
1651,0.01092,5.46
1651,0.01091,5.455
1651,0.01091,5.455
1651,0.01092,5.46
1651,0.01091,5.455
1651,0.01092,5.46
1651,0.01092,5.46
1651,0.01092,5.46
1651,0.01091,5.455
1652,0.01091,5.455
1652,0.01091,5.455
1652,0.01091,5.455
1652,0.01092,5.46
1652,0.01092,5.46
1652,0.01092,5.46
1652,0.01092,5.46
1652,0.01092,5.46
1652,0.01091,5.455
1652,0.01092,5.46
1653,0.01092,5.46
1653,0.01092,5.46
1653,0.01092,5.46
1653,0.01092,5.46
1653,0.01092,5.46
1653,0.01092,5.46
1653,0.01092,5.46
1653,0.01092,5.46
1653,0.01092,5.46
1653,0.01092,5.46
1654,0.01092,5.46
1654,0.01092,5.46
1654,0.01092,5.46
1654,0.01092,5.46
1654,0.01092,5.46
1654,0.01093,5.465
1654,0.01093,5.465
1654,0.01092,5.46
1654,0.01092,5.46
1654,0.01092,5.46
1655,0.01092,5.46
1655,0.01092,5.46
1655,0.01092,5.46
1655,0.01092,5.46
1655,0.01092,5.46
1655,0.01092,5.46
1655,0.01092,5.46
1655,0.01092,5.46
1655,0.01092,5.46
1655,0.01091,5.455
1656,0.01091,5.455
1656,0.01091,5.455
1656,0.01091,5.455
1656,0.01092,5.46
1656,0.01092,5.46
1656,0.01091,5.455
1656,0.01091,5.455
1656,0.01092,5.46
1656,0.01092,5.46
1656,0.01092,5.46
1657,0.01092,5.46
1657,0.01092,5.46
1657,0.01091,5.455
1657,0.01092,5.46
1657,0.01092,5.46
1657,0.01092,5.46
1657,0.01091,5.455
1657,0.01092,5.46
1657,0.01091,5.455
1657,0.01092,5.46
1658,0.01092,5.46
1658,0.01092,5.46
1658,0.01091,5.455
1658,0.01091,5.455
1658,0.01091,5.455
1658,0.01092,5.46
1658,0.01092,5.46
1658,0.01091,5.455
1658,0.01091,5.455
1658,0.01092,5.46
1659,0.01092,5.46
1659,0.01091,5.455
1659,0.01091,5.455
1659,0.01092,5.46
1659,0.01092,5.46
1659,0.01091,5.455
1659,0.01091,5.455
1659,0.01091,5.455
1659,0.01091,5.455
1659,0.01091,5.455
1660,0.01091,5.455
1660,0.01092,5.46
1660,0.01092,5.46
1660,0.01091,5.455
1660,0.01091,5.455
1660,0.01091,5.455
1660,0.01091,5.455
1660,0.01091,5.455
1660,0.01091,5.455
1660,0.01091,5.455
1661,0.01092,5.46
1661,0.01092,5.46
1661,0.01092,5.46
1661,0.01092,5.46
1661,0.01092,5.46
1661,0.01092,5.46
1661,0.01091,5.455
1661,0.01092,5.46
1661,0.01092,5.46
1661,0.01092,5.46
1662,0.01092,5.46
1662,0.01092,5.46
1662,0.01092,5.46
1662,0.01091,5.455
1662,0.01092,5.46
1662,0.01092,5.46
1662,0.01092,5.46
1662,0.01092,5.46
1662,0.01092,5.46
1662,0.01092,5.46
1663,0.01091,5.455
1663,0.01091,5.455
1663,0.01092,5.46
1663,0.01092,5.46
1663,0.01092,5.46
1663,0.01093,5.465
1663,0.01093,5.465
1663,0.01092,5.46
1663,0.01092,5.46
1663,0.01092,5.46
1664,0.01092,5.46
1664,0.01092,5.46
1664,0.01092,5.46
1664,0.01092,5.46
1664,0.01091,5.455
1664,0.01092,5.46
1664,0.01092,5.46
1664,0.01091,5.455
1664,0.01091,5.455
1664,0.01092,5.46
1665,0.01092,5.46
1665,0.01091,5.455
1665,0.01092,5.46
1665,0.01092,5.46
1665,0.01092,5.46
1665,0.01092,5.46
1665,0.01092,5.46
1665,0.01092,5.46
1665,0.01091,5.455
1665,0.01092,5.46
1666,0.01092,5.46
1666,0.01092,5.46
1666,0.01092,5.46
1666,0.01091,5.455
1666,0.01092,5.46
1666,0.01091,5.455
1666,0.01092,5.46
1666,0.01091,5.455
1666,0.01091,5.455
1666,0.01092,5.46
1667,0.01092,5.46
1667,0.01092,5.46
1667,0.01092,5.46
1667,0.01091,5.455
1667,0.01091,5.455
1667,0.01092,5.46
1667,0.01092,5.46
1667,0.01092,5.46
1667,0.01092,5.46
1667,0.01092,5.46
1668,0.01092,5.46
1668,0.01092,5.46
1668,0.01092,5.46
1668,0.01091,5.455
1668,0.01092,5.46
1668,0.01091,5.455
1668,0.01092,5.46
1668,0.01091,5.455
1668,0.01091,5.455
1668,0.01091,5.455
1669,0.01091,5.455
1669,0.01091,5.455
1669,0.01091,5.455
1669,0.01092,5.46
1669,0.01091,5.455
1669,0.01091,5.455
1669,0.01091,5.455
1669,0.01092,5.46
1669,0.01091,5.455
1669,0.01091,5.455
1670,0.01091,5.455
1670,0.01091,5.455
1670,0.01092,5.46
1670,0.01091,5.455
1670,0.01091,5.455
1670,0.01092,5.46
1670,0.01091,5.455
1670,0.01092,5.46
1670,0.01091,5.455
1670,0.01091,5.455
1671,0.01091,5.455
1671,0.01091,5.455
1671,0.01091,5.455
1671,0.01091,5.455
1671,0.01091,5.455
1671,0.01092,5.46
1671,0.01092,5.46
1671,0.01092,5.46
1671,0.01092,5.46
1671,0.01092,5.46
1672,0.01091,5.455
1672,0.01092,5.46
1672,0.01091,5.455
1672,0.01092,5.46
1672,0.01092,5.46
1672,0.01091,5.455
1672,0.01091,5.455
1672,0.01092,5.46
1672,0.01093,5.465
1672,0.01092,5.46
1673,0.01092,5.46
1673,0.01092,5.46
1673,0.01092,5.46
1673,0.01092,5.46
1673,0.01092,5.46
1673,0.01092,5.46
1673,0.01092,5.46
1673,0.01092,5.46
1673,0.01092,5.46
1673,0.01091,5.455
1674,0.01091,5.455
1674,0.01092,5.46
1674,0.01092,5.46
1674,0.01092,5.46
1674,0.01092,5.46
1674,0.01092,5.46
1674,0.01092,5.46
1674,0.01091,5.455
1674,0.01091,5.455
1674,0.01091,5.455
1675,0.01091,5.455
1675,0.01091,5.455
1675,0.01092,5.46
1675,0.01092,5.46
1675,0.01092,5.46
1675,0.01092,5.46
1675,0.01092,5.46
1675,0.01091,5.455
1675,0.01092,5.46
1675,0.01092,5.46
1676,0.01092,5.46
1676,0.01092,5.46
1676,0.01092,5.46
1676,0.01092,5.46
1676,0.01091,5.455
1676,0.01092,5.46
1676,0.01092,5.46
1676,0.01092,5.46
1676,0.01091,5.455
1676,0.01092,5.46
1677,0.01092,5.46
1677,0.01092,5.46
1677,0.01092,5.46
1677,0.01092,5.46
1677,0.01092,5.46
1677,0.01092,5.46
1677,0.01092,5.46
1677,0.01092,5.46
1677,0.01092,5.46
1677,0.01091,5.455
1678,0.01092,5.46
1678,0.01092,5.46
1678,0.01092,5.46
1678,0.01092,5.46
1678,0.01092,5.46
1678,0.01092,5.46
1678,0.01092,5.46
1678,0.01092,5.46
1678,0.01092,5.46
1678,0.01092,5.46
1679,0.01092,5.46
1679,0.01092,5.46
1679,0.01091,5.455
1679,0.01092,5.46
1679,0.01092,5.46
1679,0.01092,5.46
1679,0.01092,5.46
1679,0.01091,5.455
1679,0.01091,5.455
1679,0.01091,5.455
1680,0.01091,5.455
1680,0.01092,5.46
1680,0.01092,5.46
1680,0.01092,5.46
1680,0.01091,5.455
1680,0.01092,5.46
1680,0.01091,5.455
1680,0.01092,5.46
1680,0.01092,5.46
1680,0.01092,5.46
1681,0.01091,5.455
1681,0.01092,5.46
1681,0.01092,5.46
1681,0.01091,5.455
1681,0.01091,5.455
1681,0.01091,5.455
1681,0.01092,5.46
1681,0.01092,5.46
1681,0.01091,5.455
1681,0.01091,5.455
1682,0.01092,5.46
1682,0.01091,5.455
1682,0.01091,5.455
1682,0.01091,5.455
1682,0.01091,5.455
1682,0.01091,5.455
1682,0.01092,5.46
1682,0.01092,5.46
1682,0.01091,5.455
1682,0.01092,5.46
1683,0.01091,5.455
1683,0.01091,5.455
1683,0.01091,5.455
1683,0.01091,5.455
1683,0.01091,5.455
1683,0.01091,5.455
1683,0.01092,5.46
1683,0.01092,5.46
1683,0.01091,5.455
1683,0.01092,5.46
1684,0.01092,5.46
1684,0.01092,5.46
1684,0.01091,5.455
1684,0.01091,5.455
1684,0.01092,5.46
1684,0.01091,5.455
1684,0.01091,5.455
1684,0.01091,5.455
1684,0.01091,5.455
1684,0.01091,5.455
1685,0.01091,5.455
1685,0.01092,5.46
1685,0.01092,5.46
1685,0.01091,5.455
1685,0.01092,5.46
1685,0.01091,5.455
1685,0.01091,5.455
1685,0.01092,5.46
1685,0.01092,5.46
1685,0.01092,5.46
1686,0.01092,5.46
1686,0.01092,5.46
1686,0.01091,5.455
1686,0.01092,5.46
1686,0.01092,5.46
1686,0.01092,5.46
1686,0.01092,5.46
1686,0.01092,5.46
1686,0.01092,5.46
1686,0.01092,5.46
1687,0.01092,5.46
1687,0.01092,5.46
1687,0.01092,5.46
1687,0.01093,5.465
1687,0.01093,5.465
1687,0.01092,5.46
1687,0.01092,5.46
1687,0.01091,5.455
1687,0.01092,5.46
1687,0.01092,5.46
1688,0.01092,5.46
1688,0.01092,5.46
1688,0.01092,5.46
1688,0.01092,5.46
1688,0.01092,5.46
1688,0.01092,5.46
1688,0.01091,5.455
1688,0.01091,5.455
1688,0.01091,5.455
1688,0.01091,5.455
1689,0.01092,5.46
1689,0.01092,5.46
1689,0.01092,5.46
1689,0.01092,5.46
1689,0.01092,5.46
1689,0.01091,5.455
1689,0.01092,5.46
1689,0.01092,5.46
1689,0.01092,5.46
1689,0.01092,5.46
1690,0.01092,5.46
1690,0.01091,5.455
1690,0.01092,5.46
1690,0.01092,5.46
1690,0.01092,5.46
1690,0.01092,5.46
1690,0.01092,5.46
1690,0.01092,5.46
1690,0.01092,5.46
1690,0.01092,5.46
1691,0.01091,5.455
1691,0.01092,5.46
1691,0.01091,5.455
1691,0.01092,5.46
1691,0.01092,5.46
1691,0.01093,5.465
1691,0.01092,5.46
1691,0.01092,5.46
1691,0.01092,5.46
1691,0.01092,5.46
1692,0.01092,5.46
1692,0.01092,5.46
1692,0.01092,5.46
1692,0.01092,5.46
1692,0.01092,5.46
1692,0.01092,5.46
1692,0.01092,5.46
1692,0.01091,5.455
1692,0.01092,5.46
1692,0.01092,5.46
1693,0.01091,5.455
1693,0.01092,5.46
1693,0.01092,5.46
1693,0.01092,5.46
1693,0.01092,5.46
1693,0.01092,5.46
1693,0.01092,5.46
1693,0.01092,5.46
1693,0.01092,5.46
1693,0.01092,5.46
1694,0.01092,5.46
1694,0.01091,5.455
1694,0.01092,5.46
1694,0.01091,5.455
1694,0.01091,5.455
1694,0.01091,5.455
1694,0.01092,5.46
1694,0.01092,5.46
1694,0.01092,5.46
1694,0.01092,5.46
1695,0.01091,5.455
1695,0.01091,5.455
1695,0.01091,5.455
1695,0.01091,5.455
1695,0.01092,5.46
1695,0.01092,5.46
1695,0.01091,5.455
1695,0.01091,5.455
1695,0.01092,5.46
1695,0.01092,5.46
1696,0.01092,5.46
1696,0.01093,5.465
1696,0.01093,5.465
1696,0.01093,5.465
1696,0.01092,5.46
1696,0.01093,5.465
1696,0.01093,5.465
1696,0.01092,5.46
1696,0.01093,5.465
1696,0.01093,5.465
1697,0.01092,5.46
1697,0.01092,5.46
1697,0.01093,5.465
1697,0.01092,5.46
1697,0.01092,5.46
1697,0.01092,5.46
1697,0.01092,5.46
1697,0.01092,5.46
1697,0.01091,5.455
1697,0.01092,5.46
1698,0.01092,5.46
1698,0.01092,5.46
1698,0.01092,5.46
1698,0.01092,5.46
1698,0.01092,5.46
1698,0.01092,5.46
1698,0.01092,5.46
1698,0.01092,5.46
1698,0.01092,5.46
1698,0.01092,5.46
1699,0.01092,5.46
1699,0.01092,5.46
1699,0.01092,5.46
1699,0.01092,5.46
1699,0.01092,5.46
1699,0.01092,5.46
1699,0.01092,5.46
1699,0.01092,5.46
1699,0.01092,5.46
1699,0.01092,5.46
1700,0.01092,5.46
1700,0.01092,5.46
1700,0.01092,5.46
1700,0.01092,5.46
1700,0.01092,5.46
1700,0.01092,5.46
1700,0.01092,5.46
1700,0.01092,5.46
1700,0.01092,5.46
1700,0.01092,5.46
1701,0.01093,5.465
1701,0.01092,5.46
1701,0.01092,5.46
1701,0.01092,5.46
1701,0.01092,5.46
1701,0.01092,5.46
1701,0.01092,5.46
1701,0.01092,5.46
1701,0.01092,5.46
1701,0.01092,5.46
1702,0.01092,5.46
1702,0.01092,5.46
1702,0.01091,5.455
1702,0.01092,5.46
1702,0.01092,5.46
1702,0.01092,5.46
1702,0.01092,5.46
1702,0.01092,5.46
1702,0.01092,5.46
1702,0.01091,5.455
1703,0.01092,5.46
1703,0.01092,5.46
1703,0.01092,5.46
1703,0.01092,5.46
1703,0.01092,5.46
1703,0.01092,5.46
1703,0.01091,5.455
1703,0.01091,5.455
1703,0.01092,5.46
1703,0.01092,5.46
1704,0.01092,5.46
1704,0.01092,5.46
1704,0.01092,5.46
1704,0.01092,5.46
1704,0.01092,5.46
1704,0.01092,5.46
1704,0.01092,5.46
1704,0.01093,5.465
1704,0.01092,5.46
1704,0.01092,5.46
1705,0.01093,5.465
1705,0.01092,5.46
1705,0.01092,5.46
1705,0.01093,5.465
1705,0.01092,5.46
1705,0.01092,5.46
1705,0.01091,5.455
1705,0.01092,5.46
1705,0.01093,5.465
1705,0.01093,5.465
1706,0.01092,5.46
1706,0.01092,5.46
1706,0.01093,5.465
1706,0.01092,5.46
1706,0.01093,5.465
1706,0.01093,5.465
1706,0.01092,5.46
1706,0.01092,5.46
1706,0.01093,5.465
1706,0.01093,5.465
1707,0.01092,5.46
1707,0.01092,5.46
1707,0.01091,5.455
1707,0.01092,5.46
1707,0.01092,5.46
1707,0.01092,5.46
1707,0.01093,5.465
1707,0.01092,5.46
1707,0.01092,5.46
1707,0.01092,5.46
1708,0.01092,5.46
1708,0.01092,5.46
1708,0.01092,5.46
1708,0.01092,5.46
1708,0.01092,5.46
1708,0.01092,5.46
1708,0.01092,5.46
1708,0.01092,5.46
1708,0.01092,5.46
1708,0.01092,5.46
1709,0.01091,5.455
1709,0.01092,5.46
1709,0.01092,5.46
1709,0.01091,5.455
1709,0.01092,5.46
1709,0.01092,5.46
1709,0.01091,5.455
1709,0.01091,5.455
1709,0.01092,5.46
1709,0.01092,5.46
1710,0.01092,5.46
1710,0.01092,5.46
1710,0.01092,5.46
1710,0.01091,5.455
1710,0.01092,5.46
1710,0.01093,5.465
1710,0.01093,5.465
1710,0.01093,5.465
1710,0.01093,5.465
1710,0.01093,5.465
1711,0.01092,5.46
1711,0.01093,5.465
1711,0.01093,5.465
1711,0.01092,5.46
1711,0.01092,5.46
1711,0.01093,5.465
1711,0.01093,5.465
1711,0.01093,5.465
1711,0.01093,5.465
1711,0.01093,5.465
1712,0.01093,5.465
1712,0.01093,5.465
1712,0.01093,5.465
1712,0.01093,5.465
1712,0.01093,5.465
1712,0.01092,5.46
1712,0.01092,5.46
1712,0.01092,5.46
1712,0.01092,5.46
1712,0.01092,5.46
1713,0.01092,5.46
1713,0.01093,5.465
1713,0.01093,5.465
1713,0.01092,5.46
1713,0.01092,5.46
1713,0.01092,5.46
1713,0.01092,5.46
1713,0.01092,5.46
1713,0.01092,5.46
1713,0.01092,5.46
1714,0.01093,5.465
1714,0.01093,5.465
1714,0.01093,5.465
1714,0.01092,5.46
1714,0.01093,5.465
1714,0.01093,5.465
1714,0.01093,5.465
1714,0.01092,5.46
1714,0.01093,5.465
1714,0.01093,5.465
1715,0.01092,5.46
1715,0.01092,5.46
1715,0.01092,5.46
1715,0.01092,5.46
1715,0.01092,5.46
1715,0.01092,5.46
1715,0.01093,5.465
1715,0.01092,5.46
1715,0.01093,5.465
1715,0.01092,5.46
1716,0.01092,5.46
1716,0.01092,5.46
1716,0.01092,5.46
1716,0.01092,5.46
1716,0.01092,5.46
1716,0.01092,5.46
1716,0.01093,5.465
1716,0.01092,5.46
1716,0.01092,5.46
1716,0.01092,5.46
1717,0.01092,5.46
1717,0.01093,5.465
1717,0.01093,5.465
1717,0.01092,5.46
1717,0.01093,5.465
1717,0.01092,5.46
1717,0.01092,5.46
1717,0.01092,5.46
1717,0.01092,5.46
1717,0.01092,5.46
1718,0.01092,5.46
1718,0.01092,5.46
1718,0.01092,5.46
1718,0.01092,5.46
1718,0.01092,5.46
1718,0.01092,5.46
1718,0.01092,5.46
1718,0.01092,5.46
1718,0.01092,5.46
1718,0.01092,5.46
1719,0.01092,5.46
1719,0.01092,5.46
1719,0.01092,5.46
1719,0.01092,5.46
1719,0.01092,5.46
1719,0.01092,5.46
1719,0.01092,5.46
1719,0.01092,5.46
1719,0.01092,5.46
1719,0.01092,5.46
1720,0.01093,5.465
1720,0.01093,5.465
1720,0.01092,5.46
1720,0.01092,5.46
1720,0.01092,5.46
1720,0.01092,5.46
1720,0.01093,5.465
1720,0.01093,5.465
1720,0.01093,5.465
1720,0.01092,5.46
1721,0.01092,5.46
1721,0.01092,5.46
1721,0.01092,5.46
1721,0.01092,5.46
1721,0.01092,5.46
1721,0.01093,5.465
1721,0.01092,5.46
1721,0.01093,5.465
1721,0.01093,5.465
1721,0.01093,5.465
1722,0.01092,5.46
1722,0.01093,5.465
1722,0.01092,5.46
1722,0.01093,5.465
1722,0.01093,5.465
1722,0.01092,5.46
1722,0.01092,5.46
1722,0.01092,5.46
1722,0.01092,5.46
1722,0.01092,5.46
1723,0.01092,5.46
1723,0.01092,5.46
1723,0.01092,5.46
1723,0.01092,5.46
1723,0.01092,5.46
1723,0.01092,5.46
1723,0.01092,5.46
1723,0.01093,5.465
1723,0.01093,5.465
1723,0.01093,5.465
1724,0.01092,5.46
1724,0.01092,5.46
1724,0.01092,5.46
1724,0.01092,5.46
1724,0.01092,5.46
1724,0.01092,5.46
1724,0.01092,5.46
1724,0.01092,5.46
1724,0.01092,5.46
1724,0.01092,5.46
1725,0.01092,5.46
1725,0.01092,5.46
1725,0.01092,5.46
1725,0.01092,5.46
1725,0.01092,5.46
1725,0.01092,5.46
1725,0.01092,5.46
1725,0.01092,5.46
1725,0.01092,5.46
1725,0.01093,5.465
1726,0.01093,5.465
1726,0.01092,5.46
1726,0.01092,5.46
1726,0.01092,5.46
1726,0.01092,5.46
1726,0.01092,5.46
1726,0.01092,5.46
1726,0.01092,5.46
1726,0.01092,5.46
1726,0.01092,5.46
1727,0.01092,5.46
1727,0.01092,5.46
1727,0.01093,5.465
1727,0.01092,5.46
1727,0.01092,5.46
1727,0.01093,5.465
1727,0.01092,5.46
1727,0.01092,5.46
1727,0.01092,5.46
1727,0.01093,5.465
1728,0.01093,5.465
1728,0.01093,5.465
1728,0.01093,5.465
1728,0.01093,5.465
1728,0.01092,5.46
1728,0.01092,5.46
1728,0.01092,5.46
1728,0.01093,5.465
1728,0.01092,5.46
1728,0.01093,5.465
1729,0.01092,5.46
1729,0.01092,5.46
1729,0.01092,5.46
1729,0.01093,5.465
1729,0.01092,5.46
1729,0.01092,5.46
1729,0.01092,5.46
1729,0.01091,5.455
1729,0.01091,5.455
1729,0.01092,5.46
1730,0.01092,5.46
1730,0.01092,5.46
1730,0.01092,5.46
1730,0.01093,5.465
1730,0.01093,5.465
1730,0.01092,5.46
1730,0.01092,5.46
1730,0.01092,5.46
1730,0.01092,5.46
1730,0.01091,5.455
1731,0.01092,5.46
1731,0.01092,5.46
1731,0.01092,5.46
1731,0.01092,5.46
1731,0.01092,5.46
1731,0.01092,5.46
1731,0.01092,5.46
1731,0.01092,5.46
1731,0.01091,5.455
1731,0.01092,5.46
1732,0.01091,5.455
1732,0.01092,5.46
1732,0.01092,5.46
1732,0.01092,5.46
1732,0.01091,5.455
1732,0.01091,5.455
1732,0.01092,5.46
1732,0.01092,5.46
1732,0.01092,5.46
1732,0.01093,5.465
1733,0.01093,5.465
1733,0.01093,5.465
1733,0.01092,5.46
1733,0.01092,5.46
1733,0.01092,5.46
1733,0.01092,5.46
1733,0.01092,5.46
1733,0.01093,5.465
1733,0.01093,5.465
1733,0.01093,5.465
1734,0.01093,5.465
1734,0.01092,5.46
1734,0.01092,5.46
1734,0.01092,5.46
1734,0.01092,5.46
1734,0.01092,5.46
1734,0.01092,5.46
1734,0.01092,5.46
1734,0.01092,5.46
1734,0.01093,5.465
1735,0.01092,5.46
1735,0.01092,5.46
1735,0.01092,5.46
1735,0.01092,5.46
1735,0.01092,5.46
1735,0.01091,5.455
1735,0.01092,5.46
1735,0.01092,5.46
1735,0.01092,5.46
1735,0.01092,5.46
1736,0.01092,5.46
1736,0.01092,5.46
1736,0.01092,5.46
1736,0.01092,5.46
1736,0.01092,5.46
1736,0.01092,5.46
1736,0.01091,5.455
1736,0.01091,5.455
1736,0.01092,5.46
1736,0.01092,5.46
1737,0.01093,5.465
1737,0.01092,5.46
1737,0.01092,5.46
1737,0.01093,5.465
1737,0.01092,5.46
1737,0.01092,5.46
1737,0.01092,5.46
1737,0.01092,5.46
1737,0.01092,5.46
1737,0.01092,5.46
1738,0.01092,5.46
1738,0.01092,5.46
1738,0.01092,5.46
1738,0.01091,5.455
1738,0.01091,5.455
1738,0.01092,5.46
1738,0.01092,5.46
1738,0.01092,5.46
1738,0.01092,5.46
1738,0.01092,5.46
1739,0.01092,5.46
1739,0.01093,5.465
1739,0.01092,5.46
1739,0.01092,5.46
1739,0.01093,5.465
1739,0.01092,5.46
1739,0.01092,5.46
1739,0.01092,5.46
1739,0.01092,5.46
1739,0.01092,5.46
1740,0.01092,5.46
1740,0.01092,5.46
1740,0.01092,5.46
1740,0.01092,5.46
1740,0.01092,5.46
1740,0.01092,5.46
1740,0.01092,5.46
1740,0.01091,5.455
1740,0.01092,5.46
1740,0.01092,5.46
1741,0.01092,5.46
1741,0.01092,5.46
1741,0.01092,5.46
1741,0.01091,5.455
1741,0.01092,5.46
1741,0.01092,5.46
1741,0.01092,5.46
1741,0.01092,5.46
1741,0.01092,5.46
1741,0.01091,5.455
1742,0.01092,5.46
1742,0.01092,5.46
1742,0.01093,5.465
1742,0.01093,5.465
1742,0.01093,5.465
1742,0.01093,5.465
1742,0.01092,5.46
1742,0.01092,5.46
1742,0.01092,5.46
1742,0.01093,5.465
1743,0.01093,5.465
1743,0.01093,5.465
1743,0.01093,5.465
1743,0.01093,5.465
1743,0.01093,5.465
1743,0.01093,5.465
1743,0.01092,5.46
1743,0.01092,5.46
1743,0.01093,5.465
1743,0.01092,5.46
1744,0.01093,5.465
1744,0.01093,5.465
1744,0.01093,5.465
1744,0.01092,5.46
1744,0.01092,5.46
1744,0.01092,5.46
1744,0.01092,5.46
1744,0.01093,5.465
1744,0.01093,5.465
1744,0.01093,5.465
1745,0.01092,5.46
1745,0.01093,5.465
1745,0.01093,5.465
1745,0.01093,5.465
1745,0.01093,5.465
1745,0.01093,5.465
1745,0.01093,5.465
1745,0.01093,5.465
1745,0.01094,5.47
1745,0.01094,5.47
1746,0.01094,5.47
1746,0.01093,5.465
1746,0.01092,5.46
1746,0.01092,5.46
1746,0.01093,5.465
1746,0.01093,5.465
1746,0.01093,5.465
1746,0.01093,5.465
1746,0.01093,5.465
1746,0.01093,5.465
1747,0.01093,5.465
1747,0.01093,5.465
1747,0.01093,5.465
1747,0.01093,5.465
1747,0.01093,5.465
1747,0.01093,5.465
1747,0.01093,5.465
1747,0.01093,5.465
1747,0.01093,5.465
1747,0.01093,5.465
1748,0.01093,5.465
1748,0.01093,5.465
1748,0.01093,5.465
1748,0.01093,5.465
1748,0.01093,5.465
1748,0.01093,5.465
1748,0.01092,5.46
1748,0.01093,5.465
1748,0.01092,5.46
1748,0.01093,5.465
1749,0.01093,5.465
1749,0.01093,5.465
1749,0.01092,5.46
1749,0.01092,5.46
1749,0.01092,5.46
1749,0.01092,5.46
1749,0.01092,5.46
1749,0.01093,5.465
1749,0.01093,5.465
1749,0.01093,5.465
1750,0.01093,5.465
1750,0.01093,5.465
1750,0.01093,5.465
1750,0.01093,5.465
1750,0.01093,5.465
1750,0.01093,5.465
1750,0.01093,5.465
1750,0.01093,5.465
1750,0.01092,5.46
1750,0.01093,5.465
1751,0.01093,5.465
1751,0.01093,5.465
1751,0.01093,5.465
1751,0.01093,5.465
1751,0.01093,5.465
1751,0.01093,5.465
1751,0.01092,5.46
1751,0.01092,5.46
1751,0.01093,5.465
1751,0.01093,5.465
1752,0.01093,5.465
1752,0.01093,5.465
1752,0.01093,5.465
1752,0.01093,5.465
1752,0.01093,5.465
1752,0.01093,5.465
1752,0.01093,5.465
1752,0.01093,5.465
1752,0.01093,5.465
1752,0.01093,5.465
1753,0.01093,5.465
1753,0.01093,5.465
1753,0.01093,5.465
1753,0.01093,5.465
1753,0.01093,5.465
1753,0.01093,5.465
1753,0.01092,5.46
1753,0.01092,5.46
1753,0.01093,5.465
1753,0.01092,5.46
1754,0.01092,5.46
1754,0.01092,5.46
1754,0.01092,5.46
1754,0.01092,5.46
1754,0.01092,5.46
1754,0.01092,5.46
1754,0.01092,5.46
1754,0.01092,5.46
1754,0.01092,5.46
1754,0.01092,5.46
1755,0.01092,5.46
1755,0.01092,5.46
1755,0.01093,5.465
1755,0.01093,5.465
1755,0.01093,5.465
1755,0.01092,5.46
1755,0.01092,5.46
1755,0.01092,5.46
1755,0.01092,5.46
1755,0.01092,5.46
1756,0.01092,5.46
1756,0.01093,5.465
1756,0.01092,5.46
1756,0.01092,5.46
1756,0.01092,5.46
1756,0.01092,5.46
1756,0.01093,5.465
1756,0.01092,5.46
1756,0.01092,5.46
1756,0.01092,5.46
1757,0.01092,5.46
1757,0.01092,5.46
1757,0.01092,5.46
1757,0.01092,5.46
1757,0.01092,5.46
1757,0.01092,5.46
1757,0.01092,5.46
1757,0.01092,5.46
1757,0.01093,5.465
1757,0.01092,5.46
1758,0.01092,5.46
1758,0.01092,5.46
1758,0.01092,5.46
1758,0.01093,5.465
1758,0.01092,5.46
1758,0.01092,5.46
1758,0.01093,5.465
1758,0.01093,5.465
1758,0.01093,5.465
1758,0.01092,5.46
1759,0.01092,5.46
1759,0.01093,5.465
1759,0.01093,5.465
1759,0.01093,5.465
1759,0.01093,5.465
1759,0.01093,5.465
1759,0.01092,5.46
1759,0.01092,5.46
1759,0.01092,5.46
1759,0.01093,5.465
1760,0.01093,5.465
1760,0.01093,5.465
1760,0.01093,5.465
1760,0.01093,5.465
1760,0.01093,5.465
1760,0.01092,5.46
1760,0.01093,5.465
1760,0.01093,5.465
1760,0.01093,5.465
1760,0.01093,5.465
1761,0.01093,5.465
1761,0.01093,5.465
1761,0.01093,5.465
1761,0.01093,5.465
1761,0.01093,5.465
1761,0.01093,5.465
1761,0.01092,5.46
1761,0.01092,5.46
1761,0.01092,5.46
1761,0.01092,5.46
1762,0.01093,5.465
1762,0.01092,5.46
1762,0.01092,5.46
1762,0.01093,5.465
1762,0.01093,5.465
1762,0.01093,5.465
1762,0.01092,5.46
1762,0.01093,5.465
1762,0.01093,5.465
1762,0.01093,5.465
1763,0.01092,5.46
1763,0.01092,5.46
1763,0.01092,5.46
1763,0.01092,5.46
1763,0.01093,5.465
1763,0.01093,5.465
1763,0.01093,5.465
1763,0.01093,5.465
1763,0.01093,5.465
1763,0.01092,5.46
1764,0.01092,5.46
1764,0.01093,5.465
1764,0.01093,5.465
1764,0.01093,5.465
1764,0.01093,5.465
1764,0.01093,5.465
1764,0.01092,5.46
1764,0.01092,5.46
1764,0.01092,5.46
1764,0.01093,5.465
1765,0.01093,5.465
1765,0.01093,5.465
1765,0.01093,5.465
1765,0.01093,5.465
1765,0.01093,5.465
1765,0.01093,5.465
1765,0.01093,5.465
1765,0.01092,5.46
1765,0.01093,5.465
1765,0.01093,5.465
1766,0.01092,5.46
1766,0.01093,5.465
1766,0.01093,5.465
1766,0.01093,5.465
1766,0.01092,5.46
1766,0.01093,5.465
1766,0.01093,5.465
1766,0.01092,5.46
1766,0.01092,5.46
1766,0.01092,5.46
1767,0.01092,5.46
1767,0.01093,5.465
1767,0.01093,5.465
1767,0.01093,5.465
1767,0.01093,5.465
1767,0.01092,5.46
1767,0.01092,5.46
1767,0.01092,5.46
1767,0.01093,5.465
1767,0.01093,5.465
1768,0.01093,5.465
1768,0.01093,5.465
1768,0.01093,5.465
1768,0.01093,5.465
1768,0.01093,5.465
1768,0.01092,5.46
1768,0.01093,5.465
1768,0.01094,5.47
1768,0.01093,5.465
1768,0.01093,5.465
1769,0.01093,5.465
1769,0.01093,5.465
1769,0.01093,5.465
1769,0.01092,5.46
1769,0.01093,5.465
1769,0.01093,5.465
1769,0.01092,5.46
1769,0.01093,5.465
1769,0.01093,5.465
1769,0.01093,5.465
1770,0.01093,5.465
1770,0.01093,5.465
1770,0.01093,5.465
1770,0.01093,5.465
1770,0.01093,5.465
1770,0.01093,5.465
1770,0.01093,5.465
1770,0.01092,5.46
1770,0.01093,5.465
1770,0.01093,5.465
1771,0.01093,5.465
1771,0.01093,5.465
1771,0.01093,5.465
1771,0.01094,5.47
1771,0.01094,5.47
1771,0.01094,5.47
1771,0.01093,5.465
1771,0.01093,5.465
1771,0.01093,5.465
1771,0.01094,5.47
1772,0.01093,5.465
1772,0.01093,5.465
1772,0.01093,5.465
1772,0.01093,5.465
1772,0.01094,5.47
1772,0.01094,5.47
1772,0.01093,5.465
1772,0.01094,5.47
1772,0.01094,5.47
1772,0.01093,5.465
1773,0.01094,5.47
1773,0.01093,5.465
1773,0.01094,5.47
1773,0.01094,5.47
1773,0.01094,5.47
1773,0.01094,5.47
1773,0.01093,5.465
1773,0.01094,5.47
1773,0.01093,5.465
1773,0.01094,5.47
1774,0.01094,5.47
1774,0.01094,5.47
1774,0.01094,5.47
1774,0.01094,5.47
1774,0.01093,5.465
1774,0.01093,5.465
1774,0.01093,5.465
1774,0.01093,5.465
1774,0.01094,5.47
1774,0.01094,5.47
1775,0.01094,5.47
1775,0.01094,5.47
1775,0.01093,5.465
1775,0.01093,5.465
1775,0.01093,5.465
1775,0.01093,5.465
1775,0.01093,5.465
1775,0.01093,5.465
1775,0.01093,5.465
1775,0.01093,5.465
1776,0.01093,5.465
1776,0.01093,5.465
1776,0.01093,5.465
1776,0.01093,5.465
1776,0.01093,5.465
1776,0.01093,5.465
1776,0.01093,5.465
1776,0.01093,5.465
1776,0.01093,5.465
1776,0.01093,5.465
1777,0.01094,5.47
1777,0.01094,5.47
1777,0.01094,5.47
1777,0.01094,5.47
1777,0.01094,5.47
1777,0.01094,5.47
1777,0.01094,5.47
1777,0.01093,5.465
1777,0.01093,5.465
1777,0.01093,5.465
1778,0.01094,5.47
1778,0.01094,5.47
1778,0.01094,5.47
1778,0.01094,5.47
1778,0.01094,5.47
1778,0.01093,5.465
1778,0.01093,5.465
1778,0.01093,5.465
1778,0.01094,5.47
1778,0.01094,5.47
1779,0.01093,5.465
1779,0.01093,5.465
1779,0.01094,5.47
1779,0.01094,5.47
1779,0.01094,5.47
1779,0.01093,5.465
1779,0.01093,5.465
1779,0.01093,5.465
1779,0.01094,5.47
1779,0.01093,5.465
1780,0.01093,5.465
1780,0.01094,5.47
1780,0.01093,5.465
1780,0.01093,5.465
1780,0.01093,5.465
1780,0.01093,5.465
1780,0.01093,5.465
1780,0.01093,5.465
1780,0.01093,5.465
1780,0.01093,5.465
1781,0.01092,5.46
1781,0.01092,5.46
1781,0.01093,5.465
1781,0.01093,5.465
1781,0.01094,5.47
1781,0.01094,5.47
1781,0.01094,5.47
1781,0.01094,5.47
1781,0.01094,5.47
1781,0.01094,5.47
1782,0.01094,5.47
1782,0.01094,5.47
1782,0.01094,5.47
1782,0.01093,5.465
1782,0.01093,5.465
1782,0.01093,5.465
1782,0.01094,5.47
1782,0.01093,5.465
1782,0.01094,5.47
1782,0.01094,5.47
1783,0.01094,5.47
1783,0.01094,5.47
1783,0.01094,5.47
1783,0.01093,5.465
1783,0.01094,5.47
1783,0.01094,5.47
1783,0.01094,5.47
1783,0.01093,5.465
1783,0.01094,5.47
1783,0.01094,5.47
1784,0.01093,5.465
1784,0.01093,5.465
1784,0.01093,5.465
1784,0.01093,5.465
1784,0.01094,5.47
1784,0.01094,5.47
1784,0.01094,5.47
1784,0.01094,5.47
1784,0.01093,5.465
1784,0.01094,5.47
1785,0.01094,5.47
1785,0.01093,5.465
1785,0.01093,5.465
1785,0.01094,5.47
1785,0.01094,5.47
1785,0.01094,5.47
1785,0.01093,5.465
1785,0.01094,5.47
1785,0.01094,5.47
1785,0.01094,5.47
1786,0.01094,5.47
1786,0.01094,5.47
1786,0.01093,5.465
1786,0.01093,5.465
1786,0.01093,5.465
1786,0.01094,5.47
1786,0.01094,5.47
1786,0.01094,5.47
1786,0.01093,5.465
1786,0.01093,5.465
1787,0.01093,5.465
1787,0.01093,5.465
1787,0.01094,5.47
1787,0.01094,5.47
1787,0.01094,5.47
1787,0.01094,5.47
1787,0.01093,5.465
1787,0.01093,5.465
1787,0.01094,5.47
1787,0.01094,5.47
1788,0.01094,5.47
1788,0.01094,5.47
1788,0.01093,5.465
1788,0.01094,5.47
1788,0.01094,5.47
1788,0.01094,5.47
1788,0.01093,5.465
1788,0.01093,5.465
1788,0.01093,5.465
1788,0.01093,5.465
1789,0.01093,5.465
1789,0.01093,5.465
1789,0.01093,5.465
1789,0.01093,5.465
1789,0.01093,5.465
1789,0.01093,5.465
1789,0.01093,5.465
1789,0.01093,5.465
1789,0.01093,5.465
1789,0.01093,5.465
1790,0.01094,5.47
1790,0.01094,5.47
1790,0.01094,5.47
1790,0.01094,5.47
1790,0.01093,5.465
1790,0.01093,5.465
1790,0.01093,5.465
1790,0.01093,5.465
1790,0.01093,5.465
1790,0.01093,5.465
1791,0.01093,5.465
1791,0.01093,5.465
1791,0.01093,5.465
1791,0.01093,5.465
1791,0.01093,5.465
1791,0.01093,5.465
1791,0.01094,5.47
1791,0.01093,5.465
1791,0.01094,5.47
1791,0.01094,5.47
1792,0.01093,5.465
1792,0.01093,5.465
1792,0.01093,5.465
1792,0.01093,5.465
1792,0.01094,5.47
1792,0.01094,5.47
1792,0.01093,5.465
1792,0.01094,5.47
1792,0.01094,5.47
1792,0.01094,5.47
1793,0.01094,5.47
1793,0.01094,5.47
1793,0.01093,5.465
1793,0.01093,5.465
1793,0.01093,5.465
1793,0.01093,5.465
1793,0.01093,5.465
1793,0.01093,5.465
1793,0.01093,5.465
1793,0.01093,5.465
1794,0.01093,5.465
1794,0.01093,5.465
1794,0.01094,5.47
1794,0.01093,5.465
1794,0.01094,5.47
1794,0.01093,5.465
1794,0.01093,5.465
1794,0.01093,5.465
1794,0.01093,5.465
1794,0.01093,5.465
1795,0.01093,5.465
1795,0.01093,5.465
1795,0.01093,5.465
1795,0.01093,5.465
1795,0.01094,5.47
1795,0.01094,5.47
1795,0.01093,5.465
1795,0.01093,5.465
1795,0.01094,5.47
1795,0.01094,5.47
1796,0.01093,5.465
1796,0.01093,5.465
1796,0.01093,5.465
1796,0.01094,5.47
1796,0.01094,5.47
1796,0.01094,5.47
1796,0.01094,5.47
1796,0.01093,5.465
1796,0.01093,5.465
1796,0.01093,5.465
1797,0.01093,5.465
1797,0.01093,5.465
1797,0.01093,5.465
1797,0.01094,5.47
1797,0.01093,5.465
1797,0.01093,5.465
1797,0.01094,5.47
1797,0.01094,5.47
1797,0.01094,5.47
1797,0.01094,5.47
1798,0.01094,5.47
1798,0.01094,5.47
1798,0.01094,5.47
1798,0.01094,5.47
1798,0.01095,5.475
1798,0.01095,5.475
1798,0.01094,5.47
1798,0.01094,5.47
1798,0.01094,5.47
1798,0.01094,5.47
1799,0.01094,5.47
1799,0.01094,5.47
1799,0.01094,5.47
1799,0.01094,5.47
1799,0.01094,5.47
1799,0.01094,5.47
1799,0.01094,5.47
1799,0.01094,5.47
1799,0.01094,5.47
1799,0.01094,5.47
1800,0.01094,5.47
1800,0.01094,5.47
1800,0.01094,5.47
1800,0.01094,5.47
1800,0.01094,5.47
1800,0.01093,5.465
